pi_time_s,FR_target_rads,FR_actual_rads,FR_pwm,FL_target_rads,FL_actual_rads,FL_pwm,RR_target_rads,RR_actual_rads,RR_pwm,RL_target_rads,RL_actual_rads,RL_pwm
1788242015.7080,0.0000,0.0000,0.0000,0.0000,-0.0000,0.0000,0.0000,-0.0000,0.0000,0.0000,0.0000,0.0000
1788242015.7577,0.0000,0.0000,0.0000,0.0000,-0.0000,0.0000,0.0000,-0.0000,0.0000,0.0000,0.0000,0.0000
1788242015.8077,0.0000,0.0000,0.0000,0.0000,-0.0000,0.0000,0.0000,-0.0000,0.0000,0.0000,0.0000,0.0000
1788242015.8579,0.0000,0.0000,0.0000,0.0000,-0.0000,0.0000,0.0000,-0.0000,0.0000,0.0000,0.0000,0.0000
1788242015.9077,0.0000,0.0000,0.0000,0.0000,-0.0000,0.0000,0.0000,-0.0000,0.0000,0.0000,0.0000,0.0000
1788242015.9577,0.0000,0.0000,0.0000,0.0000,-0.0000,0.0000,0.0000,-0.0000,0.0000,0.0000,0.0000,0.0000
1788242016.0078,0.0000,0.0000,0.0000,0.0000,-0.0000,0.0000,0.0000,-0.0000,0.0000,0.0000,0.0000,0.0000
1788242016.0577,0.0000,0.0000,0.0000,0.0000,-0.0000,0.0000,0.0000,-0.0000,0.0000,0.0000,0.0000,0.0000
1788242016.1080,0.0000,0.0000,0.0000,0.0000,-0.0000,0.0000,0.0000,-0.0000,0.0000,0.0000,0.0000,0.0000
1788242016.1579,0.0000,0.0000,0.0000,0.0000,-0.0000,0.0000,0.0000,-0.0000,0.0000,0.0000,0.0000,0.0000
1788242016.2080,0.0000,0.0000,0.0000,0.0000,-0.0000,0.0000,0.0000,-0.0000,0.0000,0.0000,0.0000,0.0000
1788242016.2577,0.0000,0.0000,0.0000,0.0000,-0.0000,0.0000,0.0000,-0.0000,0.0000,0.0000,0.0000,0.0000
1788242016.3082,0.0000,0.0000,0.0000,0.0000,-0.0000,0.0000,0.0000,-0.0000,0.0000,0.0000,0.0000,0.0000
1788242016.3580,0.0000,0.0000,0.0000,0.0000,-0.0000,0.0000,0.0000,-0.0000,0.0000,0.0000,0.0000,0.0000
1788242016.4091,0.0000,0.0000,0.0000,0.0000,-0.0000,0.0000,0.0000,-0.0000,0.0000,0.0000,0.0000,0.0000
1788242016.4626,0.0000,0.0000,0.0000,0.0000,-0.0000,0.0000,0.0000,-0.0000,0.0000,0.0000,0.0000,0.0000
1788242016.5085,0.0000,0.0000,0.0000,0.0000,-0.0000,0.0000,0.0000,-0.0000,0.0000,0.0000,0.0000,0.0000
1788242016.5584,0.0000,0.0000,0.0000,0.0000,-0.0000,0.0000,0.0000,-0.0000,0.0000,0.0000,0.0000,0.0000
1788242016.6142,0.0000,0.0000,0.0000,0.0000,-0.0000,0.0000,0.0000,-0.0000,0.0000,0.0000,0.0000,0.0000
1788242016.6577,0.0000,0.0000,0.0000,0.0000,-0.0000,0.0000,0.0000,-0.0000,0.0000,0.0000,0.0000,0.0000
1788242016.7081,0.0000,0.0000,0.0000,0.0000,-0.0000,0.0000,0.0000,-0.0000,0.0000,0.0000,0.0000,0.0000
1788242016.7647,0.0000,0.0000,0.0000,0.0000,-0.0000,0.0000,0.0000,-0.0000,0.0000,0.0000,0.0000,0.0000
1788242016.8079,0.0000,0.0000,0.0000,0.0000,-0.0000,0.0000,0.0000,-0.0000,0.0000,0.0000,0.0000,0.0000
1788242016.8579,0.0000,0.0000,0.0000,0.0000,-0.0000,0.0000,0.0000,-0.0000,0.0000,0.0000,0.0000,0.0000
1788242016.9079,0.0000,0.0000,0.0000,0.0000,-0.0000,0.0000,0.0000,-0.0000,0.0000,0.0000,0.0000,0.0000
1788242016.9578,0.0000,0.0000,0.0000,0.0000,-0.0000,0.0000,0.0000,-0.0000,0.0000,0.0000,0.0000,0.0000
1788242017.0094,0.0000,0.0000,0.0000,0.0000,-0.0000,0.0000,0.0000,-0.0000,0.0000,0.0000,0.0000,0.0000
1788242017.0579,0.0000,0.0000,0.0000,0.0000,-0.0000,0.0000,0.0000,-0.0000,0.0000,0.0000,0.0000,0.0000
1788242017.1080,0.0000,0.0000,0.0000,0.0000,-0.0000,0.0000,0.0000,-0.0000,0.0000,0.0000,0.0000,0.0000
1788242017.1579,0.0000,0.0000,0.0000,0.0000,-0.0000,0.0000,0.0000,-0.0000,0.0000,0.0000,0.0000,0.0000
1788242017.2082,0.0000,0.0000,0.0000,0.0000,-0.0000,0.0000,0.0000,-0.0000,0.0000,0.0000,0.0000,0.0000
1788242017.2580,0.0000,0.0000,0.0000,0.0000,-0.0000,0.0000,0.0000,-0.0000,0.0000,0.0000,0.0000,0.0000
1788242017.3081,0.0000,0.0000,0.0000,0.0000,-0.0000,0.0000,0.0000,-0.0000,0.0000,0.0000,0.0000,0.0000
1788242017.3581,0.0000,0.0000,0.0000,0.0000,-0.0000,0.0000,0.0000,-0.0000,0.0000,0.0000,0.0000,0.0000
1788242017.4082,0.0000,0.0000,0.0000,0.0000,-0.0000,0.0000,0.0000,-0.0000,0.0000,0.0000,0.0000,0.0000
1788242017.4580,0.0000,0.0000,0.0000,0.0000,-0.0000,0.0000,0.0000,-0.0000,0.0000,0.0000,0.0000,0.0000
1788242017.5081,0.0000,0.0000,0.0000,0.0000,-0.0000,0.0000,0.0000,-0.0000,0.0000,0.0000,0.0000,0.0000
1788242017.5581,0.0000,0.0000,0.0000,0.0000,-0.0000,0.0000,0.0000,-0.0000,0.0000,0.0000,0.0000,0.0000
1788242017.6081,0.0000,0.0000,0.0000,0.0000,-0.0000,0.0000,0.0000,-0.0000,0.0000,0.0000,0.0000,0.0000
1788242017.6580,0.0000,0.0000,0.0000,0.0000,-0.0000,0.0000,0.0000,-0.0000,0.0000,0.0000,0.0000,0.0000
1788242017.7080,0.0000,0.0000,0.0000,0.0000,-0.0000,0.0000,0.0000,-0.0000,0.0000,0.0000,0.0000,0.0000
1788242017.7579,0.0000,0.0000,0.0000,0.0000,-0.0000,0.0000,0.0000,-0.0000,0.0000,0.0000,0.0000,0.0000
1788242017.8081,0.0000,0.0000,0.0000,0.0000,-0.0000,0.0000,0.0000,-0.0000,0.0000,0.0000,0.0000,0.0000
1788242017.8580,0.0000,0.0000,0.0000,0.0000,-0.0000,0.0000,0.0000,-0.0000,0.0000,0.0000,0.0000,0.0000
1788242017.9080,0.0000,0.0000,0.0000,0.0000,-0.0000,0.0000,0.0000,-0.0000,0.0000,0.0000,0.0000,0.0000
1788242017.9579,0.0000,0.0000,0.0000,0.0000,-0.0000,0.0000,0.0000,-0.0000,0.0000,0.0000,0.0000,0.0000
1788242018.0080,0.0000,0.0000,0.0000,0.0000,-0.0000,0.0000,0.0000,-0.0000,0.0000,0.0000,0.0000,0.0000
1788242018.0581,0.0000,0.0000,0.0000,0.0000,-0.0000,0.0000,0.0000,-0.0000,0.0000,0.0000,0.0000,0.0000
1788242018.1081,0.0000,0.0000,0.0000,0.0000,-0.0000,0.0000,0.0000,-0.0000,0.0000,0.0000,0.0000,0.0000
1788242018.1581,0.0000,0.0000,0.0000,0.0000,-0.0000,0.0000,0.0000,-0.0000,0.0000,0.0000,0.0000,0.0000
1788242018.2078,0.0000,0.0000,0.0000,0.0000,-0.0000,0.0000,0.0000,-0.0000,0.0000,0.0000,0.0000,0.0000
1788242018.2578,0.0000,0.0000,0.0000,0.0000,-0.0000,0.0000,0.0000,-0.0000,0.0000,0.0000,0.0000,0.0000
1788242018.3079,0.0000,0.0000,0.0000,0.0000,-0.0000,0.0000,0.0000,-0.0000,0.0000,0.0000,0.0000,0.0000
1788242018.3581,0.0000,0.0000,0.0000,0.0000,-0.0000,0.0000,0.0000,-0.0000,0.0000,0.0000,0.0000,0.0000
1788242018.4081,0.0000,0.0000,0.0000,0.0000,-0.0000,0.0000,0.0000,-0.0000,0.0000,0.0000,0.0000,0.0000
1788242018.4581,0.0000,0.0000,0.0000,0.0000,-0.0000,0.0000,0.0000,-0.0000,0.0000,0.0000,0.0000,0.0000
1788242018.5088,0.0000,0.0000,0.0000,0.0000,-0.0000,0.0000,0.0000,-0.0000,0.0000,0.0000,0.0000,0.0000
1788242018.5580,0.0000,0.0000,0.0000,0.0000,-0.0000,0.0000,0.0000,-0.0000,0.0000,0.0000,0.0000,0.0000
1788242018.6081,0.0000,0.0000,0.0000,0.0000,-0.0000,0.0000,0.0000,-0.0000,0.0000,0.0000,0.0000,0.0000
1788242018.6579,0.0000,0.0000,0.0000,0.0000,-0.0000,0.0000,0.0000,-0.0000,0.0000,0.0000,0.0000,0.0000
1788242018.7080,0.0000,0.0000,0.0000,0.0000,-0.0000,0.0000,0.0000,-0.0000,0.0000,0.0000,0.0000,0.0000
1788242018.7579,0.0000,0.0000,0.0000,0.0000,-0.0000,0.0000,0.0000,-0.0000,0.0000,0.0000,0.0000,0.0000
1788242018.8079,0.0000,0.0000,0.0000,0.0000,-0.0000,0.0000,0.0000,-0.0000,0.0000,0.0000,0.0000,0.0000
1788242018.8578,0.0000,0.0000,0.0000,0.0000,-0.0000,0.0000,0.0000,-0.0000,0.0000,0.0000,0.0000,0.0000
1788242018.9079,0.0000,0.0000,0.0000,0.0000,-0.0000,0.0000,0.0000,-0.0000,0.0000,0.0000,0.0000,0.0000
1788242018.9580,0.0000,0.0000,0.0000,0.0000,-0.0000,0.0000,0.0000,-0.0000,0.0000,0.0000,0.0000,0.0000
1788242019.0079,0.0000,0.0000,0.0000,0.0000,-0.0000,0.0000,0.0000,-0.0000,0.0000,0.0000,0.0000,0.0000
1788242019.0580,0.0000,0.0000,0.0000,0.0000,-0.0000,0.0000,0.0000,-0.0000,0.0000,0.0000,0.0000,0.0000
1788242019.1091,0.0000,0.0000,0.0000,0.0000,-0.0000,0.0000,0.0000,-0.0000,0.0000,0.0000,0.0000,0.0000
1788242019.1579,0.0000,0.0000,0.0000,0.0000,-0.0000,0.0000,0.0000,-0.0000,0.0000,0.0000,0.0000,0.0000
1788242019.2080,0.0000,0.0000,0.0000,0.0000,-0.0000,0.0000,0.0000,-0.0000,0.0000,0.0000,0.0000,0.0000
1788242019.2579,0.0000,0.0000,0.0000,0.0000,-0.0000,0.0000,0.0000,-0.0000,0.0000,0.0000,0.0000,0.0000
1788242019.3080,0.0000,0.0000,0.0000,0.0000,-0.0000,0.0000,0.0000,-0.0000,0.0000,0.0000,0.0000,0.0000
1788242019.3579,0.0000,0.0000,0.0000,0.0000,-0.0000,0.0000,0.0000,-0.0000,0.0000,0.0000,0.0000,0.0000
1788242019.4079,0.0000,0.0000,0.0000,0.0000,-0.0000,0.0000,0.0000,-0.0000,0.0000,0.0000,0.0000,0.0000
1788242019.4579,0.0000,0.0000,0.0000,0.0000,-0.0000,0.0000,0.0000,-0.0000,0.0000,0.0000,0.0000,0.0000
1788242019.5080,0.0000,0.0000,0.0000,0.0000,-0.0000,0.0000,0.0000,-0.0000,0.0000,0.0000,0.0000,0.0000
1788242019.5579,0.0000,0.0000,0.0000,0.0000,-0.0000,0.0000,0.0000,-0.0000,0.0000,0.0000,0.0000,0.0000
1788242019.6081,0.0000,0.0000,0.0000,0.0000,-0.0000,0.0000,0.0000,-0.0000,0.0000,0.0000,0.0000,0.0000
1788242019.6579,0.0000,0.0000,0.0000,0.0000,-0.0000,0.0000,0.0000,-0.0000,0.0000,0.0000,0.0000,0.0000
1788242019.7084,0.0000,0.0000,0.0000,0.0000,-0.0000,0.0000,0.0000,-0.0000,0.0000,0.0000,0.0000,0.0000
1788242019.7577,0.0000,0.0000,0.0000,0.0000,-0.0000,0.0000,0.0000,-0.0000,0.0000,0.0000,0.0000,0.0000
1788242019.8080,0.0000,0.0000,0.0000,0.0000,-0.0000,0.0000,0.0000,-0.0000,0.0000,0.0000,0.0000,0.0000
1788242019.8576,0.0000,0.0000,0.0000,0.0000,-0.0000,0.0000,0.0000,-0.0000,0.0000,0.0000,0.0000,0.0000
1788242019.9079,0.0000,0.0000,0.0000,0.0000,-0.0000,0.0000,0.0000,-0.0000,0.0000,0.0000,0.0000,0.0000
1788242019.9577,0.0000,0.0000,0.0000,0.0000,-0.0000,0.0000,0.0000,-0.0000,0.0000,0.0000,0.0000,0.0000
1788242020.0079,0.0000,0.0000,0.0000,0.0000,-0.0000,0.0000,0.0000,-0.0000,0.0000,0.0000,0.0000,0.0000
1788242020.0576,0.0000,0.0000,0.0000,0.0000,-0.0000,0.0000,0.0000,-0.0000,0.0000,0.0000,0.0000,0.0000
1788242020.1086,0.0000,0.0000,0.0000,0.0000,-0.0000,0.0000,0.0000,-0.0000,0.0000,0.0000,0.0000,0.0000
1788242020.1577,0.0000,0.0000,0.0000,0.0000,-0.0000,0.0000,0.0000,-0.0000,0.0000,0.0000,0.0000,0.0000
1788242020.2081,0.0000,0.0000,0.0000,0.0000,-0.0000,0.0000,0.0000,-0.0000,0.0000,0.0000,0.0000,0.0000
1788242020.2580,0.0000,0.0000,0.0000,0.0000,-0.0000,0.0000,0.0000,-0.0000,0.0000,0.0000,0.0000,0.0000
1788242020.3079,0.0000,0.0000,0.0000,0.0000,-0.0000,0.0000,0.0000,-0.0000,0.0000,0.0000,0.0000,0.0000
1788242020.3577,0.0000,0.0000,0.0000,0.0000,-0.0000,0.0000,0.0000,-0.0000,0.0000,0.0000,0.0000,0.0000
1788242020.4083,0.0000,0.0000,0.0000,0.0000,-0.0000,0.0000,0.0000,-0.0000,0.0000,0.0000,0.0000,0.0000
1788242020.4577,0.0000,0.0000,0.0000,0.0000,-0.0000,0.0000,0.0000,-0.0000,0.0000,0.0000,0.0000,0.0000
1788242020.5080,0.0000,0.0000,0.0000,0.0000,-0.0000,0.0000,0.0000,-0.0000,0.0000,0.0000,0.0000,0.0000
1788242020.5579,0.0000,0.0000,0.0000,0.0000,-0.0000,0.0000,0.0000,-0.0000,0.0000,0.0000,0.0000,0.0000
1788242020.6083,0.0000,0.0000,0.0000,0.0000,-0.0000,0.0000,0.0000,-0.0000,0.0000,0.0000,0.0000,0.0000
1788242020.6580,0.0000,0.0000,0.0000,0.0000,-0.0000,0.0000,0.0000,-0.0000,0.0000,0.0000,0.0000,0.0000
1788242020.7079,0.0000,0.0000,0.0000,0.0000,-0.0000,0.0000,0.0000,-0.0000,0.0000,0.0000,0.0000,0.0000
1788242020.7579,0.0000,0.0000,0.0000,0.0000,-0.0000,0.0000,0.0000,-0.0000,0.0000,0.0000,0.0000,0.0000
1788242020.8080,0.0000,0.0000,0.0000,0.0000,-0.0000,0.0000,0.0000,-0.0000,0.0000,0.0000,0.0000,0.0000
1788242020.8580,0.0000,0.0000,0.0000,0.0000,-0.0000,0.0000,0.0000,-0.0000,0.0000,0.0000,0.0000,0.0000
1788242020.9079,0.0000,0.0000,0.0000,0.0000,-0.0000,0.0000,0.0000,-0.0000,0.0000,0.0000,0.0000,0.0000
1788242020.9580,0.0000,0.0000,0.0000,0.0000,-0.0000,0.0000,0.0000,-0.0000,0.0000,0.0000,0.0000,0.0000
1788242021.0080,0.0000,0.0000,0.0000,0.0000,-0.0000,0.0000,0.0000,-0.0000,0.0000,0.0000,0.0000,0.0000
1788242021.0580,0.0000,0.0000,0.0000,0.0000,-0.0000,0.0000,0.0000,-0.0000,0.0000,0.0000,0.0000,0.0000
1788242021.1082,0.0000,0.0000,0.0000,0.0000,-0.0000,0.0000,0.0000,-0.0000,0.0000,0.0000,0.0000,0.0000
1788242021.1580,0.0000,0.0000,0.0000,0.0000,-0.0000,0.0000,0.0000,-0.0000,0.0000,0.0000,0.0000,0.0000
1788242021.2081,0.0000,0.0000,0.0000,0.0000,-0.0000,0.0000,0.0000,-0.0000,0.0000,0.0000,0.0000,0.0000
1788242021.2580,0.0000,0.0000,0.0000,0.0000,-0.0000,0.0000,0.0000,-0.0000,0.0000,0.0000,0.0000,0.0000
1788242021.3080,0.0000,0.0000,0.0000,0.0000,-0.0000,0.0000,0.0000,-0.0000,0.0000,0.0000,0.0000,0.0000
1788242021.3580,0.0000,0.0000,0.0000,0.0000,-0.0000,0.0000,0.0000,-0.0000,0.0000,0.0000,0.0000,0.0000
1788242021.4080,0.0000,0.0000,0.0000,0.0000,-0.0000,0.0000,0.0000,-0.0000,0.0000,0.0000,0.0000,0.0000
1788242021.4581,0.0000,0.0000,0.0000,0.0000,-0.0000,0.0000,0.0000,-0.0000,0.0000,0.0000,0.0000,0.0000
1788242021.5080,0.0000,0.0000,0.0000,0.0000,-0.0000,0.0000,0.0000,-0.0000,0.0000,0.0000,0.0000,0.0000
1788242021.5580,0.0000,0.0000,0.0000,0.0000,-0.0000,0.0000,0.0000,-0.0000,0.0000,0.0000,0.0000,0.0000
1788242021.6081,0.0000,0.0000,0.0000,0.0000,-0.0000,0.0000,0.0000,-0.0000,0.0000,0.0000,0.0000,0.0000
1788242021.6580,0.0000,0.0000,0.0000,0.0000,-0.0000,0.0000,0.0000,-0.0000,0.0000,0.0000,0.0000,0.0000
1788242021.7080,0.0000,0.0000,0.0000,0.0000,-0.0000,0.0000,0.0000,-0.0000,0.0000,0.0000,0.0000,0.0000
1788242021.7580,0.0000,0.0000,0.0000,0.0000,-0.0000,0.0000,0.0000,-0.0000,0.0000,0.0000,0.0000,0.0000
1788242021.8081,0.0000,0.0000,0.0000,0.0000,-0.0000,0.0000,0.0000,-0.0000,0.0000,0.0000,0.0000,0.0000
1788242021.8579,0.0000,0.0000,0.0000,0.0000,-0.0000,0.0000,0.0000,-0.0000,0.0000,0.0000,0.0000,0.0000
1788242021.9081,0.0000,0.0000,0.0000,0.0000,-0.0000,0.0000,0.0000,-0.0000,0.0000,0.0000,0.0000,0.0000
1788242021.9580,0.0000,0.0000,0.0000,0.0000,-0.0000,0.0000,0.0000,-0.0000,0.0000,0.0000,0.0000,0.0000
1788242022.0080,0.0000,0.0000,0.0000,0.0000,-0.0000,0.0000,0.0000,-0.0000,0.0000,0.0000,0.0000,0.0000
1788242022.0580,0.0000,0.0000,0.0000,0.0000,-0.0000,0.0000,0.0000,-0.0000,0.0000,0.0000,0.0000,0.0000
1788242022.1093,0.0000,0.0000,0.0000,0.0000,-0.0000,0.0000,0.0000,-0.0000,0.0000,0.0000,0.0000,0.0000
1788242022.1580,0.0000,0.0000,0.0000,0.0000,-0.0000,0.0000,0.0000,-0.0000,0.0000,0.0000,0.0000,0.0000
1788242022.2080,0.0000,0.0000,0.0000,0.0000,-0.0000,0.0000,0.0000,-0.0000,0.0000,0.0000,0.0000,0.0000
1788242022.2579,0.0000,0.0000,0.0000,0.0000,-0.0000,0.0000,0.0000,-0.0000,0.0000,0.0000,0.0000,0.0000
1788242022.3080,0.0000,0.0000,0.0000,0.0000,-0.0000,0.0000,0.0000,-0.0000,0.0000,0.0000,0.0000,0.0000
1788242022.3580,0.0000,0.0000,0.0000,0.0000,-0.0000,0.0000,0.0000,-0.0000,0.0000,0.0000,0.0000,0.0000
1788242022.4080,0.0000,0.0000,0.0000,0.0000,-0.0000,0.0000,0.0000,-0.0000,0.0000,0.0000,0.0000,0.0000
1788242022.4580,0.0000,0.0000,0.0000,0.0000,-0.0000,0.0000,0.0000,-0.0000,0.0000,0.0000,0.0000,0.0000
1788242022.5082,0.0000,0.0000,0.0000,0.0000,-0.0000,0.0000,0.0000,-0.0000,0.0000,0.0000,0.0000,0.0000
1788242022.5580,0.0000,0.0000,0.0000,0.0000,-0.0000,0.0000,0.0000,-0.0000,0.0000,0.0000,0.0000,0.0000
1788242022.6084,0.0000,0.0000,0.0000,0.0000,-0.0000,0.0000,0.0000,-0.0000,0.0000,0.0000,0.0000,0.0000
1788242022.6580,0.0000,0.0000,0.0000,0.0000,-0.0000,0.0000,0.0000,-0.0000,0.0000,0.0000,0.0000,0.0000
1788242022.7080,0.0000,0.0000,0.0000,0.0000,-0.0000,0.0000,0.0000,-0.0000,0.0000,0.0000,0.0000,0.0000
1788242022.7580,0.0000,0.0000,0.0000,0.0000,-0.0000,0.0000,0.0000,-0.0000,0.0000,0.0000,0.0000,0.0000
1788242022.8080,0.0000,0.0000,0.0000,0.0000,-0.0000,0.0000,0.0000,-0.0000,0.0000,0.0000,0.0000,0.0000
1788242022.8580,0.0000,0.0000,0.0000,0.0000,-0.0000,0.0000,0.0000,-0.0000,0.0000,0.0000,0.0000,0.0000
1788242022.9080,0.0000,0.0000,0.0000,0.0000,-0.0000,0.0000,0.0000,-0.0000,0.0000,0.0000,0.0000,0.0000
1788242022.9580,0.0000,0.0000,0.0000,0.0000,-0.0000,0.0000,0.0000,-0.0000,0.0000,0.0000,0.0000,0.0000
1788242023.0080,0.0000,0.0000,0.0000,0.0000,-0.0000,0.0000,0.0000,-0.0000,0.0000,0.0000,0.0000,0.0000
1788242023.0580,0.0000,0.0000,0.0000,0.0000,-0.0000,0.0000,0.0000,-0.0000,0.0000,0.0000,0.0000,0.0000
1788242023.1083,0.0000,0.0000,0.0000,0.0000,-0.0000,0.0000,0.0000,-0.0000,0.0000,0.0000,0.0000,0.0000
1788242023.1581,0.0000,0.0000,0.0000,0.0000,-0.0000,0.0000,0.0000,-0.0000,0.0000,0.0000,0.0000,0.0000
1788242023.2084,0.0000,0.0000,0.0000,0.0000,-0.0000,0.0000,0.0000,-0.0000,0.0000,0.0000,0.0000,0.0000
1788242023.2580,0.0000,0.0000,0.0000,0.0000,-0.0000,0.0000,0.0000,-0.0000,0.0000,0.0000,0.0000,0.0000
1788242023.3081,0.0000,0.0000,0.0000,0.0000,-0.0000,0.0000,0.0000,-0.0000,0.0000,0.0000,0.0000,0.0000
1788242023.3580,0.0000,0.0000,0.0000,0.0000,-0.0000,0.0000,0.0000,-0.0000,0.0000,0.0000,0.0000,0.0000
1788242023.4081,0.0000,0.0000,0.0000,0.0000,-0.0000,0.0000,0.0000,-0.0000,0.0000,0.0000,0.0000,0.0000
1788242023.4580,0.0000,0.0000,0.0000,0.0000,-0.0000,0.0000,0.0000,-0.0000,0.0000,0.0000,0.0000,0.0000
1788242023.5081,0.0000,0.0000,0.0000,0.0000,-0.0000,0.0000,0.0000,-0.0000,0.0000,0.0000,0.0000,0.0000
1788242023.5581,0.0000,0.0000,0.0000,0.0000,-0.0000,0.0000,0.0000,-0.0000,0.0000,0.0000,0.0000,0.0000
1788242023.6082,0.0000,0.0000,0.0000,0.0000,-0.0000,0.0000,0.0000,-0.0000,0.0000,0.0000,0.0000,0.0000
1788242023.6580,0.0000,0.0000,0.0000,0.0000,-0.0000,0.0000,0.0000,-0.0000,0.0000,0.0000,0.0000,0.0000
1788242023.7080,0.0000,0.0000,0.0000,0.0000,-0.0000,0.0000,0.0000,-0.0000,0.0000,0.0000,0.0000,0.0000
1788242023.7580,0.0000,0.0000,0.0000,0.0000,-0.0000,0.0000,0.0000,-0.0000,0.0000,0.0000,0.0000,0.0000
1788242023.8081,0.0000,0.0000,0.0000,0.0000,-0.0000,0.0000,0.0000,-0.0000,0.0000,0.0000,0.0000,0.0000
1788242023.8580,0.0000,0.0000,0.0000,0.0000,-0.0000,0.0000,0.0000,-0.0000,0.0000,0.0000,0.0000,0.0000
1788242023.9081,0.0000,0.0000,0.0000,0.0000,-0.0000,0.0000,0.0000,-0.0000,0.0000,0.0000,0.0000,0.0000
1788242023.9580,0.0000,0.0000,0.0000,0.0000,-0.0000,0.0000,0.0000,-0.0000,0.0000,0.0000,0.0000,0.0000
1788242024.0080,0.0000,0.0000,0.0000,0.0000,-0.0000,0.0000,0.0000,-0.0000,0.0000,0.0000,0.0000,0.0000
1788242024.0580,0.0000,0.0000,0.0000,0.0000,-0.0000,0.0000,0.0000,-0.0000,0.0000,0.0000,0.0000,0.0000
1788242024.1083,0.0000,0.0000,0.0000,0.0000,-0.0000,0.0000,0.0000,-0.0000,0.0000,0.0000,0.0000,0.0000
1788242024.1580,0.0000,0.0000,0.0000,0.0000,-0.0000,0.0000,0.0000,-0.0000,0.0000,0.0000,0.0000,0.0000
1788242024.2080,0.0000,0.0000,0.0000,0.0000,-0.0000,0.0000,0.0000,-0.0000,0.0000,0.0000,0.0000,0.0000
1788242024.2581,0.2400,0.0080,28.0000,0.2400,0.0120,28.0000,0.3600,0.0730,35.0000,0.3600,0.0480,37.0000
1788242024.3082,0.6560,0.5870,35.0000,0.6560,0.4830,41.0000,0.6560,0.6510,33.0000,0.6560,0.6430,33.0000
1788242024.3581,0.6560,0.6120,37.0000,0.6560,0.5200,44.0000,0.6560,0.6290,37.0000,0.6560,0.6140,38.0000
1788242024.4081,0.6560,0.6670,35.0000,0.6560,0.6070,42.0000,0.6560,0.6840,35.0000,0.6560,0.6940,35.0000
1788242024.4581,0.6560,0.6860,34.0000,0.6560,0.6470,41.0000,0.6560,0.6800,35.0000,0.6560,0.6960,35.0000
1788242024.5081,0.6560,0.6900,34.0000,0.6560,0.7100,37.0000,0.6560,0.6900,34.0000,0.6560,0.7080,34.0000
1788242024.5581,0.6560,0.6830,34.0000,0.6560,0.7090,37.0000,0.6560,0.6800,35.0000,0.6560,0.6960,34.0000
1788242024.6082,0.6560,0.6980,33.0000,0.6560,0.6900,38.0000,0.6560,0.6870,34.0000,0.6560,0.7000,33.0000
1788242024.6582,0.6560,0.6860,33.0000,0.6560,0.6920,37.0000,0.6560,0.6680,35.0000,0.6560,0.6870,33.0000
1788242024.7083,0.6560,0.6870,33.0000,0.6560,0.7240,35.0000,0.7760,0.6840,44.0000,0.5360,0.6870,23.0000
1788242024.7586,1.2560,1.0110,67.0000,0.0560,0.4570,-12.0000,1.2940,1.1370,65.0000,-0.0640,0.2910,-19.0000
1788242024.8082,1.3850,1.2750,68.0000,0.0190,0.0210,4.0000,1.2940,1.3110,60.0000,-0.0720,-0.0230,-8.0000
1788242024.8582,1.3850,1.3160,69.0000,0.0190,0.0030,2.0000,1.2940,1.3140,61.0000,-0.0720,-0.0010,-12.0000
1788242024.9082,1.3850,1.3940,66.0000,0.0190,0.0020,2.0000,1.2940,1.3200,60.0000,-0.0720,0.0180,-14.0000
1788242024.9581,1.3850,1.4710,61.0000,0.0190,-0.0010,2.0000,1.2940,1.3290,60.0000,-0.0720,-0.0120,-13.0000
1788242025.0081,1.3850,1.4400,63.0000,0.0190,0.0000,2.0000,1.2940,1.3150,60.0000,-0.0720,-0.0270,-13.0000
1788242025.0582,1.3850,1.3770,66.0000,0.0190,-0.0010,3.0000,1.2940,1.3000,61.0000,-0.0720,-0.0680,-12.0000
1788242025.1084,1.3850,1.4230,63.0000,0.0190,-0.0000,3.0000,1.2940,1.2960,61.0000,-0.0720,-0.0350,-14.0000
1788242025.1582,1.3850,1.3770,65.0000,0.0190,-0.0000,3.0000,1.2940,1.2750,62.0000,-0.0720,-0.0420,-14.0000
1788242025.2085,1.3850,1.3370,67.0000,0.0190,0.0060,3.0000,1.2940,1.2930,61.0000,-0.0720,-0.0440,-14.0000
1788242025.2582,1.3850,1.3650,66.0000,0.0190,-0.0020,3.0000,1.2940,1.2660,63.0000,-0.0720,-0.0230,-16.0000
1788242025.3090,1.3850,1.3690,66.0000,0.0190,-0.0020,4.0000,1.2940,1.2670,63.0000,-0.0720,-0.0180,-17.0000
1788242025.3582,1.3850,1.3950,65.0000,0.0190,0.0010,4.0000,1.2940,1.3190,60.0000,-0.0720,-0.0370,-16.0000
1788242025.4082,1.3850,1.3740,66.0000,0.0190,0.0000,4.0000,1.2940,1.2900,62.0000,-0.0720,-0.0390,-16.0000
1788242025.4582,1.3850,1.3620,67.0000,0.0190,-0.0010,4.0000,1.2940,1.2920,61.0000,-0.0720,-0.0580,-16.0000
1788242025.5082,1.3850,1.3770,66.0000,0.0190,0.0020,4.0000,1.2940,1.2410,65.0000,-0.0720,-0.0370,-17.0000
1788242025.5583,1.3850,1.3750,66.0000,0.0190,0.0020,5.0000,1.2940,1.2210,66.0000,-0.0720,-0.0680,-16.0000
1788242025.6085,1.3850,1.3700,67.0000,0.0190,-0.0010,5.0000,1.2940,1.2520,65.0000,-0.0720,-0.0610,-16.0000
1788242025.6582,1.3850,1.3640,67.0000,0.0190,-0.0000,5.0000,1.2940,1.2610,65.0000,-0.0720,-0.0830,-15.0000
1788242025.7082,1.3850,1.3730,67.0000,0.0190,-0.0000,5.0000,1.2940,1.2900,64.0000,-0.0720,-0.0600,-17.0000
1788242025.7587,1.3850,1.3880,66.0000,0.0190,-0.0000,6.0000,1.2940,1.2940,64.0000,-0.0720,-0.0730,-16.0000
1788242025.8082,1.3850,1.3960,66.0000,0.0190,-0.0000,6.0000,1.2940,1.2470,67.0000,-0.0720,-0.0830,-15.0000
1788242025.8581,1.3850,1.3970,66.0000,0.0190,-0.0000,6.0000,1.2940,1.2300,68.0000,-0.0720,-0.0500,-17.0000
1788242025.9084,1.3850,1.4170,64.0000,0.0190,-0.0000,6.0000,1.2940,1.2570,67.0000,-0.0720,-0.1010,-14.0000
1788242025.9582,1.3850,1.4110,65.0000,0.0190,0.0010,7.0000,1.2940,1.3310,64.0000,-0.0720,-0.1120,-13.0000
1788242026.0081,1.3850,1.4050,65.0000,0.0190,-0.0000,7.0000,1.2940,1.3320,64.0000,-0.0720,-0.1270,-12.0000
1788242026.0582,1.3850,1.3880,65.0000,0.0190,-0.0000,7.0000,1.2940,1.3310,63.0000,-0.0720,-0.1120,-13.0000
1788242026.1084,1.3850,1.4140,64.0000,0.0190,-0.0000,7.0000,1.2940,1.3240,63.0000,-0.0720,-0.1160,-12.0000
1788242026.1583,1.3850,1.4160,63.0000,0.0190,0.0000,8.0000,1.2940,1.2790,65.0000,-0.0720,-0.0820,-14.0000
1788242026.2082,1.3850,1.4080,64.0000,0.0190,0.0000,8.0000,1.2940,1.2900,65.0000,-0.0720,-0.0720,-14.0000
1788242026.2582,1.3850,1.4010,64.0000,0.0190,0.0000,8.0000,1.2940,1.2910,65.0000,-0.0720,-0.0730,-14.0000
1788242026.3086,1.3850,1.3750,65.0000,0.0190,0.0000,8.0000,1.2940,1.3060,64.0000,-0.0720,-0.0620,-15.0000
1788242026.3581,1.3850,1.3850,64.0000,0.0190,0.0000,9.0000,1.2940,1.3400,62.0000,-0.0720,-0.0950,-13.0000
1788242026.4083,1.3850,1.3820,65.0000,0.0190,0.0010,9.0000,1.2940,1.3080,63.0000,-0.0720,-0.0880,-13.0000
1788242026.4584,1.3850,1.4090,63.0000,0.0190,0.0120,8.0000,1.2940,1.2080,69.0000,-0.0720,-0.0820,-13.0000
1788242026.5082,0.9050,1.2040,33.0000,0.4990,0.3050,42.0000,0.6940,0.9500,30.0000,0.5280,0.1980,34.0000
1788242026.5581,0.6560,0.6840,35.0000,0.6560,0.7270,36.0000,0.6560,0.6300,41.0000,0.6560,0.6190,27.0000
1788242026.6085,0.7760,0.6560,44.0000,0.5360,0.6910,30.0000,0.8960,0.6480,59.0000,0.4160,0.5940,10.0000
1788242026.6582,1.3760,1.0990,72.0000,0.0190,0.2970,-4.0000,1.2940,1.1800,67.0000,-0.0720,0.1130,-16.0000
1788242026.7089,1.3850,1.3630,64.0000,0.0190,0.0920,2.0000,1.2940,1.3540,61.0000,-0.0720,-0.0440,-12.0000
1788242026.7586,1.3850,1.3790,64.0000,0.0190,0.0790,1.0000,1.1740,1.3580,51.0000,0.0480,-0.0290,-3.0000
1788242026.8081,0.7850,1.1340,26.0000,0.6190,0.4070,43.0000,0.6560,0.9900,24.0000,0.6480,0.3070,40.0000
1788242026.8581,0.6560,0.6710,35.0000,0.6560,0.6960,34.0000,0.6560,0.6840,36.0000,0.6560,0.6070,29.0000
1788242026.9082,0.6560,0.6740,32.0000,0.6560,0.7000,35.0000,0.6560,0.6910,33.0000,0.6560,0.6160,31.0000
1788242026.9582,0.6560,0.6410,33.0000,0.6560,0.7000,35.0000,0.6560,0.6690,33.0000,0.6560,0.6340,31.0000
1788242027.0082,0.6560,0.6520,32.0000,0.6560,0.6890,35.0000,0.6560,0.6480,34.0000,0.6560,0.6470,30.0000
1788242027.0582,0.6560,0.6410,33.0000,0.6560,0.6880,35.0000,0.6560,0.6560,34.0000,0.6560,0.6450,31.0000
1788242027.1083,0.6560,0.6460,33.0000,0.6560,0.6790,35.0000,0.6560,0.6650,33.0000,0.6560,0.6510,30.0000
1788242027.1582,0.6560,0.6270,34.0000,0.6560,0.6570,36.0000,0.6560,0.6570,34.0000,0.6560,0.6490,31.0000
1788242027.2085,0.6560,0.6480,33.0000,0.6560,0.6530,36.0000,0.6560,0.6420,34.0000,0.6560,0.6450,31.0000
1788242027.2582,0.6560,0.6500,33.0000,0.6560,0.6640,36.0000,0.6560,0.6400,35.0000,0.6560,0.6560,30.0000
1788242027.3083,0.6560,0.6630,33.0000,0.6560,0.6740,35.0000,0.6560,0.6540,34.0000,0.6560,0.6450,31.0000
1788242027.3582,1.0160,0.7240,61.0000,0.2960,0.5940,8.0000,1.1360,0.8260,67.0000,0.1760,0.5100,-5.0000
1788242027.4083,1.3850,1.2890,65.0000,0.0190,0.0740,1.0000,1.2940,1.2940,59.0000,-0.0720,-0.0330,-9.0000
1788242027.4582,1.3850,1.3490,66.0000,0.0190,0.0210,0.0000,1.2940,1.2790,63.0000,-0.0720,-0.0140,-13.0000
1788242027.5083,1.3850,1.4090,63.0000,0.0190,0.0260,-1.0000,1.2940,1.2330,66.0000,-0.0720,-0.0350,-14.0000
1788242027.5584,1.3850,1.4310,62.0000,0.0190,-0.0010,0.0000,1.2940,1.2970,63.0000,-0.0720,-0.0430,-14.0000
1788242027.6083,1.3850,1.4250,62.0000,0.0190,0.0030,0.0000,1.2940,1.3140,62.0000,-0.0720,-0.0290,-15.0000
1788242027.6583,1.3850,1.4280,62.0000,0.0190,0.0090,0.0000,1.2940,1.3740,58.0000,-0.0720,-0.0480,-14.0000
1788242027.7083,1.3850,1.4160,62.0000,0.0190,0.0380,-2.0000,1.2940,1.3190,61.0000,-0.0720,-0.0670,-14.0000
1788242027.7587,1.3850,1.3770,64.0000,0.0190,0.0060,0.0000,1.2940,1.2970,62.0000,-0.0720,-0.0830,-13.0000
1788242027.8083,1.3850,1.3730,64.0000,0.0190,-0.0000,0.0000,1.2940,1.2530,64.0000,-0.0720,-0.0810,-13.0000
1788242027.8587,1.3850,1.3750,64.0000,0.0190,-0.0000,1.0000,1.2940,1.2830,63.0000,-0.0720,-0.0570,-14.0000
1788242027.9090,1.3850,1.4030,62.0000,0.0190,-0.0000,1.0000,1.2940,1.2750,63.0000,-0.0720,-0.0580,-14.0000
1788242027.9584,1.3850,1.3750,64.0000,0.0190,-0.0060,1.0000,1.2940,1.3090,62.0000,-0.0720,-0.0640,-14.0000
1788242028.0083,1.3850,1.3810,63.0000,0.0190,0.0040,1.0000,1.2940,1.3090,62.0000,-0.0720,-0.0710,-14.0000
1788242028.0583,1.3850,1.3860,63.0000,0.0190,0.0000,2.0000,1.2940,1.3010,62.0000,-0.0720,-0.0900,-13.0000
1788242028.1084,1.3850,1.3780,64.0000,0.0190,-0.0000,2.0000,1.2940,1.2570,64.0000,-0.0720,-0.0600,-14.0000
1788242028.1583,1.3850,1.3890,63.0000,0.0190,-0.0000,2.0000,1.2940,1.2450,65.0000,-0.0720,-0.0650,-14.0000
1788242028.2083,1.0250,1.3220,36.0000,0.3790,0.0690,38.0000,0.8140,1.1280,30.0000,0.4080,0.0890,29.0000
1788242028.2583,0.6560,0.7490,32.0000,0.6560,0.6660,33.0000,0.6560,0.6670,38.0000,0.6560,0.6110,26.0000
1788242028.3082,1.0160,0.7560,58.0000,0.2960,0.6070,8.0000,1.1360,0.8170,69.0000,0.1760,0.4370,-4.0000
1788242028.3583,1.3850,1.2770,64.0000,0.0190,0.1130,0.0000,1.2940,1.3040,59.0000,-0.0720,-0.0420,-11.0000
1788242028.4083,1.3850,1.3490,64.0000,0.0190,0.0920,-3.0000,1.2940,1.3300,60.0000,-0.0720,-0.0620,-12.0000
1788242028.4583,1.3850,1.3720,64.0000,0.0190,0.0430,-2.0000,1.2940,1.3120,62.0000,-0.0720,-0.0500,-14.0000
1788242028.5083,1.3850,1.3810,64.0000,0.0190,0.0060,0.0000,1.2940,1.2350,66.0000,-0.0720,-0.0690,-13.0000
1788242028.5583,1.3850,1.4120,62.0000,0.0190,0.0000,0.0000,1.2940,1.2770,64.0000,-0.0720,-0.0420,-15.0000
1788242028.6084,1.3850,1.4110,62.0000,0.0190,0.0010,0.0000,1.2940,1.2870,64.0000,-0.0720,-0.0730,-13.0000
1788242028.6583,1.3850,1.4080,62.0000,0.0190,0.0240,-1.0000,1.2940,1.3180,62.0000,-0.0720,-0.0730,-13.0000
1788242028.7083,1.3850,1.3830,63.0000,0.0190,0.0840,-5.0000,1.2940,1.2920,63.0000,-0.0720,-0.0840,-13.0000
1788242028.7586,1.3850,1.3790,63.0000,0.0190,0.0380,-2.0000,1.2940,1.3240,61.0000,-0.0720,-0.0900,-12.0000
1788242028.8093,1.3850,1.3570,65.0000,0.0190,0.0340,-3.0000,1.2940,1.2810,64.0000,-0.0720,-0.0980,-12.0000
1788242028.8582,1.3850,1.3660,64.0000,0.0190,0.0080,-1.0000,1.2940,1.2680,65.0000,-0.0720,-0.0910,-12.0000
1788242028.9084,1.3850,1.3920,63.0000,0.0190,0.0010,-1.0000,1.2940,1.2520,66.0000,-0.0720,-0.0750,-12.0000
1788242028.9582,1.3850,1.3970,63.0000,0.0190,0.0000,-1.0000,1.2940,1.3240,62.0000,-0.0720,-0.0940,-11.0000
1788242029.0083,1.3850,1.3840,64.0000,0.0190,0.0000,0.0000,1.2940,1.3350,61.0000,-0.0720,-0.1100,-10.0000
1788242029.0581,1.3850,1.3720,65.0000,0.0190,0.0030,0.0000,1.2940,1.3460,60.0000,-0.0720,-0.0840,-11.0000
1788242029.1084,1.3850,1.3710,65.0000,0.0190,0.0000,0.0000,1.2940,1.2900,63.0000,-0.0720,-0.0800,-11.0000
1788242029.1583,1.3850,1.3510,66.0000,0.0190,0.0000,0.0000,1.2940,1.2280,67.0000,-0.0720,-0.0850,-11.0000
1788242029.2090,1.3850,1.3750,65.0000,0.0190,0.0000,0.0000,1.2940,1.2520,66.0000,-0.0720,-0.0780,-11.0000
1788242029.2583,1.3850,1.4180,63.0000,0.0190,0.0000,1.0000,1.2940,1.2770,65.0000,-0.0720,-0.0580,-12.0000
1788242029.3085,0.9050,1.2720,29.0000,0.4990,0.2270,38.0000,0.6940,1.0680,23.0000,0.5280,0.2090,35.0000
1788242029.3583,0.6560,0.7290,33.0000,0.6560,0.6740,32.0000,0.6560,0.6880,36.0000,0.6560,0.6500,27.0000
1788242029.4083,0.6560,0.6550,33.0000,0.6560,0.7460,30.0000,0.6560,0.7120,32.0000,0.6560,0.6470,30.0000
1788242029.4583,0.6560,0.6500,32.0000,0.6560,0.7200,31.0000,0.6560,0.6970,32.0000,0.6560,0.6690,29.0000
1788242029.5085,0.6560,0.6330,33.0000,0.6560,0.6910,32.0000,0.6560,0.6620,33.0000,0.6560,0.6620,30.0000
1788242029.5583,0.6560,0.6330,33.0000,0.6560,0.6600,34.0000,0.6560,0.6600,33.0000,0.6560,0.6460,31.0000
1788242029.6083,0.6560,0.5900,36.0000,0.6560,0.6340,35.0000,0.6560,0.6120,36.0000,0.6560,0.6490,31.0000
1788242029.6583,0.6560,0.6110,35.0000,0.6560,0.6210,36.0000,0.6560,0.5480,40.0000,0.6560,0.6270,32.0000
1788242029.7082,0.6560,0.6180,35.0000,0.6560,0.6230,36.0000,0.6560,0.5770,39.0000,0.6560,0.6430,31.0000
1788242029.7586,0.6560,0.6280,35.0000,0.6560,0.6320,36.0000,0.6560,0.5990,39.0000,0.6560,0.6480,31.0000
1788242029.8084,0.6560,0.6450,35.0000,0.6560,0.6380,36.0000,0.6560,0.6370,37.0000,0.6560,0.6540,31.0000
1788242029.8583,0.6560,0.6420,35.0000,0.6560,0.6360,36.0000,0.6560,0.6510,37.0000,0.6560,0.6470,32.0000
1788242029.9083,0.6560,0.6630,34.0000,0.6560,0.6510,36.0000,0.6560,0.6610,37.0000,0.6560,0.6610,31.0000
1788242029.9583,0.6560,0.6600,34.0000,0.6560,0.6480,36.0000,0.6560,0.6720,36.0000,0.6560,0.6470,32.0000
1788242030.0083,0.6560,0.6660,34.0000,0.6560,0.6570,36.0000,0.6560,0.6820,35.0000,0.6560,0.6710,30.0000
1788242030.0583,0.6560,0.6460,35.0000,0.6560,0.6650,35.0000,0.6560,0.7010,34.0000,0.6560,0.6490,31.0000
1788242030.1084,0.6560,0.6730,33.0000,0.6560,0.6830,34.0000,0.6560,0.7020,33.0000,0.6560,0.6640,31.0000
1788242030.1583,0.6560,0.6550,34.0000,0.6560,0.6860,33.0000,0.6560,0.6910,33.0000,0.6560,0.6540,31.0000
1788242030.2083,0.6560,0.6720,33.0000,0.6560,0.7140,31.0000,0.6560,0.7050,32.0000,0.6560,0.6740,30.0000
1788242030.2584,0.6560,0.6580,34.0000,0.6560,0.6850,33.0000,0.6560,0.6910,32.0000,0.6560,0.6520,31.0000
1788242030.3083,0.6560,0.6630,34.0000,0.6560,0.6550,34.0000,0.6560,0.6790,33.0000,0.6560,0.6530,31.0000
1788242030.3583,0.6560,0.6510,34.0000,0.6560,0.6110,36.0000,0.6560,0.5430,40.0000,0.6560,0.6500,31.0000
1788242030.4083,1.1360,0.8400,66.0000,0.1760,0.4660,1.0000,1.2560,0.8640,76.0000,0.0560,0.3660,-14.0000
1788242030.4583,1.3850,1.3620,63.0000,0.0190,0.0370,0.0000,1.2940,1.2900,61.0000,-0.0720,-0.0890,-6.0000
1788242030.5083,1.3850,1.3900,65.0000,0.0190,0.0030,-1.0000,1.2940,1.2850,64.0000,-0.0720,-0.0650,-10.0000
1788242030.5583,1.3850,1.4090,64.0000,0.0190,0.0100,-1.0000,1.2940,1.3580,60.0000,-0.0720,-0.0500,-11.0000
1788242030.6087,1.3850,1.4000,65.0000,0.0190,0.0010,-1.0000,1.2940,1.3230,62.0000,-0.0720,-0.0630,-11.0000
1788242030.6583,1.3850,1.4160,64.0000,0.0190,0.0000,-1.0000,1.2940,1.3110,62.0000,-0.0720,-0.0850,-10.0000
1788242030.7084,1.3850,1.3630,67.0000,0.0190,0.0000,0.0000,1.2940,1.2460,66.0000,-0.0720,-0.0590,-11.0000
1788242030.7587,1.3850,1.3950,65.0000,0.0190,0.0000,0.0000,1.2940,1.2810,64.0000,-0.0720,-0.0570,-11.0000
1788242030.8084,1.3850,1.4100,64.0000,0.0190,-0.0010,0.0000,1.2940,1.2700,65.0000,-0.0720,-0.0650,-11.0000
1788242030.8583,1.3850,1.3950,65.0000,0.0190,0.0010,0.0000,1.2940,1.3160,63.0000,-0.0720,-0.0750,-11.0000
1788242030.9083,1.3850,1.3900,65.0000,0.0190,0.0000,0.0000,1.2940,1.3200,62.0000,-0.0720,-0.0770,-10.0000
1788242030.9584,1.3850,1.3870,65.0000,0.0190,0.0000,1.0000,1.2940,1.3160,62.0000,-0.0720,-0.0590,-12.0000
1788242031.0084,1.3850,1.3830,65.0000,0.0190,-0.0000,1.0000,1.2940,1.3060,63.0000,-0.0720,-0.0510,-12.0000
1788242031.0584,1.3850,1.4040,64.0000,0.0190,-0.0000,1.0000,1.2940,1.2990,63.0000,-0.0720,-0.0190,-14.0000
1788242031.1084,1.3850,1.4050,64.0000,0.0190,0.0000,1.0000,1.2940,1.2930,63.0000,-0.0720,-0.0430,-13.0000
1788242031.1583,1.3850,1.3760,65.0000,0.0190,0.0000,2.0000,1.2940,1.3250,61.0000,-0.0720,-0.0910,-11.0000
1788242031.2084,1.3850,1.3820,65.0000,0.0190,0.0000,2.0000,1.2940,1.3130,62.0000,-0.0720,-0.0710,-12.0000
1788242031.2584,1.3850,1.3720,65.0000,0.0190,0.0000,2.0000,1.2940,1.3080,62.0000,-0.0720,-0.0780,-11.0000
1788242031.3084,1.3850,1.3730,65.0000,0.0190,0.0000,2.0000,1.2940,1.2400,66.0000,-0.0720,-0.0440,-13.0000
1788242031.3584,1.3850,1.3950,64.0000,0.0190,-0.0000,3.0000,1.2940,1.2320,67.0000,-0.0720,-0.0440,-14.0000
1788242031.4084,1.3850,1.4190,63.0000,0.0190,-0.0000,3.0000,1.2940,1.3120,62.0000,-0.0720,-0.0430,-14.0000
1788242031.4583,1.3850,1.4030,63.0000,0.0190,0.0000,3.0000,1.2940,1.3230,62.0000,-0.0720,-0.0840,-12.0000
1788242031.5084,1.3850,1.3750,65.0000,0.0190,0.0000,3.0000,1.2940,1.3230,62.0000,-0.0720,-0.0940,-11.0000
1788242031.5583,1.3850,1.3550,66.0000,0.0190,0.0000,4.0000,1.2940,1.3050,62.0000,-0.0720,-0.0890,-11.0000
1788242031.6085,1.3850,1.3570,66.0000,0.0190,0.0000,4.0000,1.2940,1.2670,65.0000,-0.0720,-0.0810,-11.0000
1788242031.6584,1.3850,1.3840,65.0000,0.0190,-0.0010,4.0000,1.2940,1.2130,68.0000,-0.0720,-0.0680,-12.0000
1788242031.7084,1.3850,1.4010,64.0000,0.0190,-0.0000,4.0000,1.2940,1.2620,65.0000,-0.0720,-0.0630,-12.0000
1788242031.7587,1.1450,1.3920,43.0000,0.2590,0.0240,32.0000,0.9340,1.2530,35.0000,0.2880,-0.0270,26.0000
1788242031.8084,0.6560,0.9230,24.0000,0.6560,0.6170,36.0000,0.6560,0.7590,34.0000,0.6560,0.5760,29.0000
1788242031.8583,0.6560,0.6380,35.0000,0.6560,0.6560,38.0000,0.6560,0.7130,33.0000,0.6560,0.6020,31.0000
1788242031.9083,0.6560,0.6390,33.0000,0.6560,0.6720,38.0000,0.6560,0.6460,35.0000,0.6560,0.6360,31.0000
1788242031.9583,0.6560,0.6360,33.0000,0.6560,0.6850,37.0000,0.6560,0.6660,34.0000,0.6560,0.6530,31.0000
1788242032.0084,0.6560,0.6290,34.0000,0.6560,0.6720,38.0000,0.6560,0.6880,32.0000,0.6560,0.6480,31.0000
1788242032.0583,0.6560,0.6400,33.0000,0.6560,0.7090,35.0000,0.6560,0.6830,32.0000,0.6560,0.6630,30.0000
1788242032.1084,0.6560,0.6410,33.0000,0.6560,0.6940,36.0000,0.6560,0.6780,32.0000,0.6560,0.6550,31.0000
1788242032.1583,0.6560,0.6560,33.0000,0.6560,0.7100,34.0000,0.6560,0.6820,32.0000,0.6560,0.6750,30.0000
1788242032.2083,0.6560,0.6670,32.0000,0.6560,0.7190,33.0000,0.6560,0.6800,32.0000,0.6560,0.7120,27.0000
1788242032.2584,0.2960,0.6250,3.0000,1.0160,0.7850,60.0000,0.1760,0.5280,-4.0000,1.1360,0.8590,61.0000
1788242032.3083,-0.0720,0.0200,-8.0000,1.2940,1.2960,59.0000,0.0190,0.0290,-1.0000,1.3850,1.4040,56.0000
1788242032.3583,-0.0720,-0.0470,-9.0000,1.2940,1.2640,64.0000,0.0190,0.0050,-3.0000,1.3850,1.3590,62.0000
1788242032.4084,-0.0720,-0.0290,-12.0000,1.2940,1.2930,63.0000,0.0190,0.0000,-3.0000,1.3850,1.4020,60.0000
1788242032.4584,-0.0720,-0.0340,-12.0000,1.2940,1.2090,69.0000,0.0190,0.0030,-3.0000,1.3850,1.3810,62.0000
1788242032.5084,-0.0720,-0.1020,-8.0000,1.2940,1.2660,66.0000,0.0190,0.0000,-3.0000,1.3850,1.3850,61.0000
1788242032.5583,-0.0720,-0.0990,-9.0000,1.2940,1.3130,64.0000,0.0190,0.0000,-3.0000,1.3850,1.3200,65.0000
1788242032.6089,-0.0720,-0.0180,-13.0000,1.2940,1.3560,62.0000,0.0190,0.0000,-2.0000,1.3850,1.3830,62.0000
1788242032.6584,-0.0720,-0.0020,-14.0000,1.2940,1.2960,65.0000,0.0190,0.0230,-3.0000,1.3850,1.4130,61.0000
1788242032.7085,-0.0720,-0.0000,-15.0000,1.2940,1.2800,65.0000,0.1390,0.0030,13.0000,1.2650,1.3920,52.0000
1788242032.7589,0.6480,0.3220,39.0000,0.6560,0.8560,31.0000,0.6560,0.4710,37.0000,0.6650,1.0210,18.0000
1788242032.8083,0.6560,0.6140,28.0000,0.6560,0.6570,39.0000,0.6560,0.6430,32.0000,0.6560,0.6130,35.0000
1788242032.8583,0.6560,0.6090,31.0000,0.6560,0.6420,38.0000,0.6560,0.6550,33.0000,0.6560,0.6430,31.0000
1788242032.9084,0.6560,0.6230,31.0000,0.6560,0.6550,37.0000,0.6560,0.6640,33.0000,0.6560,0.6090,33.0000
1788242032.9583,0.6560,0.6140,33.0000,0.6560,0.6450,37.0000,0.6560,0.6640,33.0000,0.6560,0.6270,32.0000
1788242033.0084,0.6560,0.6250,32.0000,0.6560,0.6720,36.0000,0.6560,0.6410,34.0000,0.6560,0.6150,33.0000
1788242033.0583,0.6560,0.6210,33.0000,0.6560,0.6860,35.0000,0.6560,0.6520,33.0000,0.6560,0.6390,32.0000
1788242033.1084,0.6560,0.6400,32.0000,0.6560,0.6890,34.0000,0.6560,0.6610,33.0000,0.6560,0.6470,32.0000
1788242033.1584,0.6560,0.6190,34.0000,0.6560,0.6610,36.0000,0.6560,0.6490,34.0000,0.6560,0.6440,32.0000
1788242033.2084,0.6560,0.6470,33.0000,0.6560,0.6840,34.0000,0.6560,0.6540,34.0000,0.6560,0.6350,33.0000
1788242033.2584,0.6560,0.6470,33.0000,0.6560,0.6640,35.0000,0.6560,0.6650,33.0000,0.6560,0.6570,32.0000
1788242033.3085,0.6560,0.6530,33.0000,0.6560,0.6550,35.0000,0.6560,0.6580,33.0000,0.6560,0.6430,32.0000
1788242033.3584,0.6560,0.6380,34.0000,0.6560,0.6380,36.0000,0.6560,0.6520,34.0000,0.6560,0.6480,32.0000
1788242033.4083,0.2960,0.5790,6.0000,1.0160,0.7310,63.0000,0.1760,0.5160,-3.0000,1.1360,0.8270,65.0000
1788242033.4584,-0.0720,0.0810,-11.0000,1.2940,1.1470,68.0000,0.0190,0.0590,-2.0000,1.3850,1.3400,62.0000
1788242033.5084,-0.0720,-0.0500,-8.0000,1.2940,1.3000,63.0000,0.0190,0.0480,-4.0000,1.3850,1.3500,65.0000
1788242033.5584,-0.0720,-0.0520,-10.0000,1.2940,1.3480,62.0000,0.0190,0.0390,-5.0000,1.3850,1.4270,62.0000
1788242033.6086,-0.0720,-0.0560,-10.0000,1.2940,1.3380,62.0000,0.0190,0.0330,-5.0000,1.3850,1.4130,63.0000
1788242033.6587,-0.0720,-0.0220,-13.0000,1.2940,1.2790,65.0000,0.0190,-0.0040,-3.0000,1.3850,1.4330,61.0000
1788242033.7085,-0.0720,-0.0520,-11.0000,1.2940,1.2760,65.0000,0.0190,0.0130,-4.0000,1.3850,1.4110,62.0000
1788242033.7586,-0.0720,-0.1010,-9.0000,1.2940,1.2840,65.0000,0.0190,0.0010,-3.0000,1.3850,1.3540,65.0000
1788242033.8085,-0.0720,-0.0100,-14.0000,1.2940,1.2680,66.0000,0.0190,0.0000,-3.0000,1.3850,1.3920,63.0000
1788242033.8586,-0.0720,-0.0080,-15.0000,1.2940,1.3130,63.0000,0.0190,0.0080,-3.0000,1.3850,1.3690,64.0000
1788242033.9085,-0.0720,-0.1020,-10.0000,1.2940,1.3230,63.0000,0.0190,0.0150,-3.0000,1.3850,1.4270,61.0000
1788242033.9585,-0.0720,-0.0320,-14.0000,1.2940,1.2790,65.0000,0.0190,0.0020,-2.0000,1.3850,1.4050,62.0000
1788242034.0085,-0.0720,-0.0460,-14.0000,1.2940,1.2680,66.0000,0.0190,-0.0020,-2.0000,1.3850,1.4130,61.0000
1788242034.0585,-0.0720,-0.0330,-15.0000,1.2940,1.2700,66.0000,0.0190,-0.0000,-2.0000,1.3850,1.3490,64.0000
1788242034.1085,-0.0720,-0.0080,-17.0000,1.2940,1.2570,67.0000,0.0190,0.0000,-2.0000,1.3850,1.3720,63.0000
1788242034.1585,-0.0720,-0.0130,-17.0000,1.2940,1.2970,65.0000,0.0190,0.0080,-2.0000,1.3850,1.3920,62.0000
1788242034.2085,-0.0720,-0.1110,-12.0000,1.2940,1.3350,63.0000,0.1390,0.0020,14.0000,1.2650,1.4210,50.0000
1788242034.2584,0.5280,0.1730,34.0000,0.6940,1.0090,28.0000,0.6560,0.4410,40.0000,0.6650,0.9970,20.0000
1788242034.3084,0.6560,0.5810,28.0000,0.6560,0.7030,36.0000,0.6560,0.6450,33.0000,0.6560,0.6550,32.0000
1788242034.3584,0.6560,0.6040,30.0000,0.6560,0.7000,34.0000,0.6560,0.6500,34.0000,0.6560,0.6720,29.0000
1788242034.4084,0.6560,0.6040,31.0000,0.6560,0.6600,35.0000,0.6560,0.6500,35.0000,0.6560,0.6410,30.0000
1788242034.4583,0.6560,0.6140,32.0000,0.6560,0.6340,36.0000,0.6560,0.6570,35.0000,0.6560,0.6280,31.0000
1788242034.5084,0.6560,0.5940,33.0000,0.6560,0.6170,38.0000,0.6560,0.6540,35.0000,0.6560,0.6330,31.0000
1788242034.5583,0.6560,0.6160,33.0000,0.6560,0.6320,37.0000,0.6560,0.6540,35.0000,0.6560,0.6350,31.0000
1788242034.6085,0.6560,0.6220,33.0000,0.6560,0.6060,39.0000,0.6560,0.6350,36.0000,0.6560,0.6010,34.0000
1788242034.6583,0.6560,0.6390,33.0000,0.6560,0.6320,38.0000,0.6560,0.6450,36.0000,0.6560,0.5980,34.0000
1788242034.7086,0.6560,0.6120,35.0000,0.6560,0.6630,37.0000,0.6560,0.6470,36.0000,0.6560,0.6550,31.0000
1788242034.7586,0.6560,0.6410,33.0000,0.6560,0.6910,35.0000,0.6560,0.6660,35.0000,0.6560,0.6480,32.0000
1788242034.8084,0.6560,0.6380,34.0000,0.6560,0.6770,36.0000,0.6560,0.6610,35.0000,0.6560,0.6800,30.0000
1788242034.8583,0.6560,0.6780,32.0000,0.6560,0.6840,35.0000,0.6560,0.6660,35.0000,0.6560,0.6600,31.0000
1788242034.9084,0.6560,0.6410,34.0000,0.6560,0.6880,34.0000,0.6560,0.6580,35.0000,0.6560,0.6700,31.0000
1788242034.9583,0.6560,0.6800,31.0000,0.6560,0.6730,35.0000,0.6560,0.6690,34.0000,0.6560,0.6560,31.0000
1788242035.0083,0.6560,0.6420,34.0000,0.6560,0.6590,35.0000,0.6560,0.6550,35.0000,0.6560,0.6800,30.0000
1788242035.0584,0.6560,0.6410,34.0000,0.6560,0.6630,35.0000,0.6560,0.6590,35.0000,0.6560,0.6510,32.0000
1788242035.1085,0.6560,0.6250,35.0000,0.6560,0.6230,37.0000,0.6560,0.6510,35.0000,0.6560,0.6540,31.0000
1788242035.1584,0.6560,0.6350,34.0000,0.6560,0.6230,37.0000,0.6560,0.6430,35.0000,0.6560,0.5880,35.0000
1788242035.2083,0.6560,0.6280,35.0000,0.6560,0.6180,38.0000,0.6560,0.6510,35.0000,0.6560,0.6220,34.0000
1788242035.2583,0.6560,0.6480,34.0000,0.6560,0.6430,37.0000,0.6560,0.6520,35.0000,0.6560,0.6340,33.0000
1788242035.3083,0.6560,0.6520,34.0000,0.6560,0.6720,36.0000,0.6560,0.6510,35.0000,0.6560,0.6480,33.0000
1788242035.3583,0.6560,0.6480,34.0000,0.6560,0.6550,37.0000,0.6560,0.6580,35.0000,0.6560,0.6590,32.0000
1788242035.4084,0.6560,0.6520,34.0000,0.6560,0.6720,35.0000,0.6560,0.6660,34.0000,0.6560,0.6880,31.0000
1788242035.4584,0.6560,0.6510,34.0000,0.6560,0.6680,35.0000,0.6560,0.6620,35.0000,0.6560,0.6760,31.0000
1788242035.5083,0.6560,0.6960,32.0000,0.6560,0.6900,34.0000,0.6560,0.6670,34.0000,0.6560,0.6700,31.0000
1788242035.5583,0.6560,0.7000,31.0000,0.6560,0.6610,35.0000,0.6560,0.6800,33.0000,0.6560,0.6750,31.0000
1788242035.6084,0.6560,0.6630,33.0000,0.6560,0.6640,35.0000,0.6560,0.6670,34.0000,0.6560,0.6840,30.0000
1788242035.6584,0.6560,0.6440,34.0000,0.6560,0.6500,36.0000,0.6560,0.6520,35.0000,0.6560,0.6700,31.0000
1788242035.7083,0.6560,0.6520,33.0000,0.6560,0.6670,35.0000,0.6560,0.6520,35.0000,0.6560,0.6590,31.0000
1788242035.7586,0.6560,0.6340,35.0000,0.6560,0.6300,37.0000,0.6560,0.6570,34.0000,0.6560,0.6170,33.0000
1788242035.8084,0.6560,0.6420,34.0000,0.6560,0.6390,36.0000,0.6560,0.6550,34.0000,0.6560,0.6220,33.0000
1788242035.8584,0.6560,0.6430,34.0000,0.6560,0.6390,36.0000,0.6560,0.6470,35.0000,0.6560,0.6310,33.0000
1788242035.9083,0.6560,0.6550,34.0000,0.6560,0.6540,36.0000,0.6560,0.6480,35.0000,0.6560,0.6310,33.0000
1788242035.9583,0.6560,0.6390,35.0000,0.6560,0.6550,36.0000,0.6560,0.6550,35.0000,0.6560,0.6300,34.0000
1788242036.0084,0.6560,0.6550,34.0000,0.6560,0.6760,35.0000,0.6560,0.6590,34.0000,0.6560,0.6590,32.0000
1788242036.0583,0.6560,0.6550,34.0000,0.6560,0.6600,35.0000,0.6560,0.6570,35.0000,0.6560,0.6890,31.0000
1788242036.1085,0.6560,0.6680,33.0000,0.6560,0.6740,34.0000,0.6560,0.6590,34.0000,0.6560,0.6700,32.0000
1788242036.1584,0.6560,0.6430,35.0000,0.6560,0.6650,35.0000,0.6560,0.6580,34.0000,0.6560,0.6770,31.0000
1788242036.2084,0.6560,0.6600,34.0000,0.6560,0.6730,34.0000,0.6560,0.6570,35.0000,0.6560,0.6690,31.0000
1788242036.2583,0.6560,0.6550,34.0000,0.6560,0.6570,35.0000,0.6560,0.6550,35.0000,0.6560,0.6760,31.0000
1788242036.3085,0.6560,0.6650,34.0000,0.6560,0.6590,35.0000,0.5360,0.6610,24.0000,0.7760,0.6470,43.0000
1788242036.3593,-0.0640,0.3180,-20.0000,1.2940,1.0710,70.0000,0.0190,0.3010,-11.0000,1.3760,1.0200,76.0000
1788242036.4085,-0.0720,-0.0270,-6.0000,1.2940,1.2420,64.0000,0.0190,0.0090,0.0000,1.3850,1.3950,61.0000
1788242036.4584,-0.0720,-0.0210,-10.0000,1.2940,1.2840,64.0000,0.0190,0.0040,-1.0000,1.3850,1.3410,66.0000
1788242036.5085,-0.0720,-0.0350,-10.0000,1.2940,1.3400,61.0000,0.0190,0.0230,-2.0000,1.3850,1.3770,65.0000
1788242036.5585,-0.0720,-0.0680,-9.0000,1.2940,1.3400,61.0000,0.0190,0.0040,-1.0000,1.3850,1.3600,66.0000
1788242036.6087,-0.0720,-0.0300,-12.0000,1.2940,1.3190,62.0000,0.0190,-0.0020,-1.0000,1.3850,1.4370,62.0000
1788242036.6586,-0.0720,-0.0060,-14.0000,1.2940,1.2750,64.0000,0.0190,-0.0090,0.0000,1.3850,1.4410,62.0000
1788242036.7087,-0.0720,-0.0190,-13.0000,1.2940,1.2510,65.0000,0.0190,0.0010,-1.0000,1.3850,1.3760,65.0000
1788242036.7586,-0.0720,-0.0820,-10.0000,1.2940,1.2740,64.0000,0.0190,0.0010,0.0000,1.3850,1.3760,65.0000
1788242036.8084,-0.0720,-0.0070,-15.0000,1.2940,1.2950,63.0000,0.0190,0.0030,0.0000,1.3850,1.4020,63.0000
1788242036.8585,-0.0720,-0.0250,-15.0000,1.2940,1.3220,62.0000,0.0190,0.0020,0.0000,1.3850,1.4080,63.0000
1788242036.9092,-0.0720,-0.0620,-13.0000,1.2940,1.3370,61.0000,0.0190,0.0000,0.0000,1.3850,1.4220,62.0000
1788242036.9586,-0.0720,-0.0330,-15.0000,1.2940,1.2880,63.0000,0.0190,-0.0020,1.0000,1.3850,1.4240,61.0000
1788242037.0086,-0.0720,-0.0500,-14.0000,1.2940,1.2700,64.0000,0.0190,-0.0020,1.0000,1.3850,1.3440,65.0000
1788242037.0585,0.0480,-0.0680,-2.0000,1.1740,1.2880,53.0000,0.2590,0.0090,30.0000,1.1450,1.2960,47.0000
1788242037.1085,0.6480,0.3200,38.0000,0.6560,0.9030,27.0000,0.6560,0.5970,34.0000,0.6560,0.8480,27.0000
1788242037.1585,0.6560,0.5810,30.0000,0.6560,0.6700,36.0000,0.6560,0.6570,35.0000,0.6560,0.6790,32.0000
1788242037.2088,0.6560,0.6020,31.0000,0.6560,0.6600,34.0000,0.6560,0.6610,36.0000,0.6560,0.6540,32.0000
1788242037.2585,0.6560,0.6320,31.0000,0.6560,0.6710,33.0000,0.6560,0.6710,35.0000,0.6560,0.6580,32.0000
1788242037.3087,0.6560,0.6160,32.0000,0.6560,0.6520,34.0000,0.6560,0.6780,35.0000,0.6560,0.6740,30.0000
1788242037.3585,0.6560,0.6250,32.0000,0.6560,0.6510,34.0000,0.6560,0.6740,35.0000,0.6560,0.6670,31.0000
1788242037.4086,0.6560,0.6470,31.0000,0.6560,0.6540,34.0000,0.6560,0.6740,35.0000,0.6560,0.6620,31.0000
1788242037.4585,0.6560,0.6770,30.0000,0.6560,0.6750,33.0000,0.6560,0.6920,33.0000,0.6560,0.6800,30.0000
1788242037.5086,0.6560,0.6430,32.0000,0.6560,0.6460,34.0000,0.6560,0.6700,34.0000,0.6560,0.6620,31.0000
1788242037.5584,0.6560,0.6210,33.0000,0.6560,0.6500,34.0000,0.6560,0.6560,35.0000,0.6560,0.6570,31.0000
1788242037.6086,0.6560,0.6150,34.0000,0.6560,0.6440,35.0000,0.6560,0.6470,35.0000,0.6560,0.5580,36.0000
1788242037.6585,0.6560,0.6150,34.0000,0.6560,0.6450,35.0000,0.6560,0.6460,36.0000,0.6560,0.5750,36.0000
1788242037.7085,0.6560,0.6070,35.0000,0.6560,0.6350,35.0000,0.6560,0.6470,36.0000,0.6560,0.6370,33.0000
1788242037.7586,0.6560,0.6460,33.0000,0.6560,0.6540,34.0000,0.6560,0.6470,36.0000,0.6560,0.6440,33.0000
1788242037.8085,0.6560,0.6240,35.0000,0.6560,0.6440,35.0000,0.6560,0.6510,36.0000,0.6560,0.6480,33.0000
1788242037.8585,0.6560,0.6440,34.0000,0.6560,0.6650,34.0000,0.6560,0.6610,35.0000,0.6560,0.6650,33.0000
1788242037.9085,0.6560,0.6440,34.0000,0.6560,0.6550,34.0000,0.6560,0.6590,35.0000,0.6560,0.7020,30.0000
1788242037.9586,0.6560,0.6660,33.0000,0.6560,0.6660,34.0000,0.6560,0.6610,35.0000,0.6560,0.6760,32.0000
1788242038.0085,0.6560,0.6390,35.0000,0.6560,0.6570,34.0000,0.6560,0.6570,35.0000,0.6560,0.6770,31.0000
1788242038.0584,0.6560,0.6650,33.0000,0.6560,0.6660,34.0000,0.6560,0.6640,35.0000,0.6560,0.6760,31.0000
1788242038.1087,0.6560,0.6630,34.0000,0.6560,0.6600,34.0000,0.6560,0.6570,35.0000,0.6560,0.6920,30.0000
1788242038.1585,0.6560,0.6690,33.0000,0.6560,0.6640,34.0000,0.6560,0.6620,35.0000,0.6560,0.6630,31.0000
1788242038.2084,0.6560,0.6390,35.0000,0.6560,0.6510,34.0000,0.6560,0.6570,35.0000,0.6560,0.6670,31.0000
1788242038.2585,0.6560,0.6520,34.0000,0.6560,0.6650,33.0000,0.6560,0.6630,35.0000,0.6560,0.6520,31.0000
1788242038.3085,0.6560,0.6510,34.0000,0.6560,0.6550,34.0000,0.6560,0.6490,35.0000,0.6560,0.6150,34.0000
1788242038.3585,0.6560,0.6560,34.0000,0.6560,0.6530,34.0000,0.6560,0.6310,36.0000,0.6560,0.6230,33.0000
1788242038.4085,0.6560,0.6440,35.0000,0.6560,0.6470,35.0000,0.6560,0.6520,35.0000,0.6560,0.6530,32.0000
1788242038.4585,0.6560,0.6590,34.0000,0.6560,0.6670,33.0000,0.6560,0.6600,35.0000,0.6560,0.6680,31.0000
1788242038.5085,0.6560,0.6550,34.0000,0.6560,0.6690,33.0000,0.6560,0.6570,35.0000,0.6560,0.6880,30.0000
1788242038.5585,0.6560,0.6620,34.0000,0.6560,0.6650,34.0000,0.6560,0.6660,35.0000,0.6560,0.6620,32.0000
1788242038.6086,0.6560,0.6580,34.0000,0.6560,0.6640,34.0000,0.6560,0.6660,34.0000,0.6560,0.6820,30.0000
1788242038.6585,0.6560,0.6870,32.0000,0.6560,0.6890,32.0000,0.6560,0.6810,33.0000,0.6560,0.6700,31.0000
1788242038.7085,0.6560,0.7050,31.0000,0.6560,0.6920,31.0000,0.6560,0.6870,33.0000,0.6560,0.6860,29.0000
1788242038.7586,0.6560,0.6530,34.0000,0.6560,0.6490,34.0000,0.6560,0.6450,35.0000,0.6560,0.6540,31.0000
1788242038.8089,0.6560,0.6440,34.0000,0.6560,0.6460,34.0000,0.6560,0.6500,35.0000,0.6560,0.6580,31.0000
1788242038.8585,0.6560,0.6250,35.0000,0.6560,0.6240,35.0000,0.6560,0.6220,36.0000,0.6560,0.6260,33.0000
1788242038.9085,0.6560,0.6190,36.0000,0.6560,0.5840,38.0000,0.6560,0.6040,38.0000,0.6560,0.6070,34.0000
1788242038.9585,0.6560,0.6390,35.0000,0.6560,0.6140,37.0000,0.6560,0.6440,36.0000,0.6560,0.6380,32.0000
1788242039.0084,0.6560,0.6550,34.0000,0.6560,0.6520,35.0000,0.6560,0.6610,35.0000,0.6560,0.6510,32.0000
1788242039.0585,0.6560,0.6640,34.0000,0.6560,0.6550,35.0000,0.6560,0.6630,35.0000,0.6560,0.6510,32.0000
1788242039.1086,0.6560,0.6530,34.0000,0.6560,0.6540,35.0000,0.6560,0.6530,36.0000,0.6560,0.6640,32.0000
1788242039.1585,0.6560,0.6550,34.0000,0.6560,0.6640,35.0000,0.6560,0.6730,34.0000,0.6560,0.6690,31.0000
1788242039.2085,0.2960,0.6180,5.0000,1.0160,0.7550,61.0000,0.1760,0.5560,-3.0000,1.1360,0.8650,62.0000
1788242039.2586,-0.0720,0.0330,-8.0000,1.2940,1.2860,59.0000,0.0190,0.1260,-4.0000,1.3850,1.3390,62.0000
1788242039.3085,-0.0720,0.0120,-11.0000,1.2940,1.2720,63.0000,0.0190,0.0330,-2.0000,1.3850,1.4050,62.0000
1788242039.3586,-0.0720,-0.0050,-12.0000,1.2940,1.2230,67.0000,0.0190,0.0220,-3.0000,1.3850,1.3860,63.0000
1788242039.4087,-0.0720,-0.0960,-8.0000,1.2940,1.1980,69.0000,0.0190,0.0020,-2.0000,1.3850,1.3670,64.0000
1788242039.4585,-0.0720,-0.0980,-8.0000,1.2940,1.2820,65.0000,0.0190,0.0380,-4.0000,1.3850,1.4060,62.0000
1788242039.5086,-0.0720,-0.0160,-13.0000,1.2940,1.2980,65.0000,0.0190,0.0060,-3.0000,1.3850,1.4090,62.0000
1788242039.5586,-0.0720,-0.0670,-10.0000,1.2940,1.3310,63.0000,0.0190,0.0000,-2.0000,1.3850,1.4440,60.0000
1788242039.6087,-0.0720,-0.0290,-13.0000,1.2940,1.3150,64.0000,0.0190,0.0000,-2.0000,1.3850,1.4090,61.0000
1788242039.6586,-0.0720,0.0010,-15.0000,1.2940,1.2270,69.0000,0.0190,-0.0020,-2.0000,1.3850,1.4300,60.0000
1788242039.7087,-0.0720,-0.0800,-11.0000,1.2940,1.2380,68.0000,0.0190,0.0000,-2.0000,1.3850,1.3380,65.0000
1788242039.7587,-0.0720,-0.0600,-12.0000,1.2940,1.2520,68.0000,0.0190,0.0000,-1.0000,1.3850,1.3870,62.0000
1788242039.8086,-0.0720,-0.1070,-10.0000,1.2940,1.2690,68.0000,0.0190,0.0000,-1.0000,1.3850,1.4070,61.0000
1788242039.8585,-0.0720,-0.0590,-12.0000,1.2940,1.3270,65.0000,0.0190,-0.0270,1.0000,1.3850,1.4350,59.0000
1788242039.9087,-0.0720,-0.0430,-13.0000,1.2940,1.3450,63.0000,0.0190,-0.0020,0.0000,1.3850,1.4090,60.0000
1788242039.9597,-0.0720,-0.0040,-16.0000,1.2940,1.2590,68.0000,0.0190,0.0090,-1.0000,1.3850,1.4070,60.0000
1788242040.0086,-0.0720,-0.0310,-15.0000,1.2940,1.2660,68.0000,0.0190,0.0180,-1.0000,1.3850,1.3570,63.0000
1788242040.0587,-0.0720,-0.1250,-10.0000,1.2940,1.3120,65.0000,0.0190,0.0030,0.0000,1.3850,1.3350,64.0000
1788242040.1087,-0.0720,-0.1000,-11.0000,1.2940,1.3190,65.0000,0.0190,0.0000,0.0000,1.3850,1.3690,63.0000
1788242040.1598,-0.0720,-0.1190,-9.0000,1.2940,1.2930,66.0000,0.0190,0.0000,1.0000,1.3850,1.4110,60.0000
1788242040.2085,-0.0720,-0.0750,-12.0000,1.2940,1.3460,63.0000,0.0190,0.0000,1.0000,1.3850,1.4000,61.0000
1788242040.2586,-0.0720,-0.1000,-10.0000,1.2940,1.2980,66.0000,0.0190,0.0000,1.0000,1.3850,1.3700,62.0000
1788242040.3086,-0.0720,-0.0500,-12.0000,1.2940,1.2410,69.0000,0.0190,0.0000,1.0000,1.3850,1.4000,61.0000
1788242040.3586,-0.0720,-0.0930,-10.0000,1.2940,1.3090,65.0000,0.0190,0.0040,1.0000,1.3850,1.3600,63.0000
1788242040.4086,-0.0720,-0.0860,-10.0000,1.2940,1.2910,66.0000,0.0190,0.0010,2.0000,1.3850,1.3730,62.0000
1788242040.4588,-0.0720,-0.0740,-11.0000,1.2940,1.2800,67.0000,0.0190,0.0000,2.0000,1.3850,1.4050,61.0000
1788242040.5085,0.0480,-0.0560,-1.0000,1.1740,1.3300,54.0000,0.2590,0.0160,30.0000,1.1450,1.3700,42.0000
1788242040.5585,0.6480,0.3000,41.0000,0.6560,0.9460,28.0000,0.6560,0.5850,36.0000,0.6560,0.8250,26.0000
1788242040.6086,0.6560,0.6150,30.0000,0.6560,0.6630,38.0000,0.6560,0.6690,35.0000,0.6560,0.6390,32.0000
1788242040.6585,0.6560,0.6050,33.0000,0.6560,0.6630,37.0000,0.6560,0.6760,36.0000,0.6560,0.6280,31.0000
1788242040.7086,0.6560,0.6060,34.0000,0.6560,0.6490,37.0000,0.6560,0.6720,36.0000,0.6560,0.6040,33.0000
1788242040.7585,0.6560,0.6230,34.0000,0.6560,0.6350,38.0000,0.6560,0.6620,36.0000,0.6560,0.6250,32.0000
1788242040.8087,0.6560,0.6310,34.0000,0.6560,0.6470,37.0000,0.6560,0.6740,36.0000,0.6560,0.6470,31.0000
1788242040.8585,0.6560,0.6470,33.0000,0.6560,0.6740,35.0000,0.6560,0.6780,35.0000,0.6560,0.6530,31.0000
1788242040.9086,0.6560,0.6240,35.0000,0.6560,0.6790,35.0000,0.6560,0.6730,35.0000,0.6560,0.6550,31.0000
1788242040.9585,0.6560,0.6480,34.0000,0.6560,0.6490,37.0000,0.6560,0.6610,36.0000,0.6560,0.6520,31.0000
1788242041.0086,0.6560,0.6440,34.0000,0.6560,0.6430,37.0000,0.6560,0.6640,35.0000,0.6560,0.6380,32.0000
1788242041.0586,0.6560,0.6590,33.0000,0.6560,0.6510,36.0000,0.6560,0.6710,35.0000,0.6560,0.6560,31.0000
1788242041.1094,0.6560,0.6380,35.0000,0.6560,0.6790,35.0000,0.6560,0.6680,35.0000,0.6560,0.6510,31.0000
1788242041.1592,0.6560,0.6600,34.0000,0.6560,0.6630,36.0000,0.6560,0.6610,35.0000,0.6560,0.6730,30.0000
1788242041.2087,0.6560,0.6510,34.0000,0.6560,0.6440,37.0000,0.6560,0.6660,35.0000,0.6560,0.6530,31.0000
1788242041.2586,0.6560,0.6550,34.0000,0.6560,0.6440,37.0000,0.6560,0.6620,35.0000,0.6560,0.6140,34.0000
1788242041.3090,0.6560,0.6430,35.0000,0.6560,0.6380,37.0000,0.6560,0.6640,35.0000,0.6560,0.6010,35.0000
1788242041.3586,0.6560,0.6510,34.0000,0.6560,0.6520,36.0000,0.6560,0.6540,35.0000,0.6560,0.6540,32.0000
1788242041.4085,0.6560,0.6460,35.0000,0.6560,0.6820,35.0000,0.6560,0.6540,35.0000,0.6560,0.6640,32.0000
1788242041.4585,0.6560,0.6560,34.0000,0.6560,0.6690,35.0000,0.6560,0.6590,35.0000,0.6560,0.6650,32.0000
1788242041.5087,0.6560,0.6570,34.0000,0.6560,0.6740,35.0000,0.6560,0.6600,35.0000,0.6560,0.6580,32.0000
1788242041.5600,0.6560,0.6670,34.0000,0.6560,0.6810,34.0000,0.6560,0.6520,35.0000,0.6560,0.6870,30.0000
1788242041.6087,0.6560,0.6810,33.0000,0.6560,0.6830,34.0000,0.6560,0.6840,34.0000,0.6560,0.6660,31.0000
1788242041.6586,0.6560,0.7010,31.0000,0.6560,0.6690,35.0000,0.6560,0.6760,34.0000,0.6560,0.6740,30.0000
1788242041.7086,0.6560,0.6470,34.0000,0.6560,0.6610,35.0000,0.6560,0.6710,34.0000,0.6560,0.6610,31.0000
1788242041.7586,0.6560,0.6360,34.0000,0.6560,0.6670,34.0000,0.6560,0.6440,35.0000,0.6560,0.6720,30.0000
1788242041.8086,0.6560,0.6070,36.0000,0.6560,0.6760,34.0000,0.6560,0.6450,35.0000,0.6560,0.6540,31.0000
1788242041.8586,0.6560,0.6000,37.0000,0.6560,0.6430,35.0000,0.6560,0.6470,35.0000,0.6560,0.6440,32.0000
1788242041.9086,0.6560,0.6360,35.0000,0.6560,0.6340,36.0000,0.6560,0.6500,35.0000,0.6560,0.5460,38.0000
1788242041.9586,0.6560,0.6150,37.0000,0.6560,0.6370,36.0000,0.6560,0.6410,36.0000,0.6560,0.5540,38.0000
1788242042.0086,0.6560,0.6390,36.0000,0.6560,0.6530,35.0000,0.6560,0.6490,35.0000,0.6560,0.6000,37.0000
1788242042.0586,0.6560,0.6480,36.0000,0.6560,0.6530,36.0000,0.6560,0.6490,36.0000,0.6560,0.6380,35.0000
1788242042.1086,0.6560,0.6600,35.0000,0.6560,0.6600,35.0000,0.6560,0.6630,35.0000,0.6560,0.6470,35.0000
1788242042.1586,0.6560,0.6470,36.0000,0.6560,0.6780,34.0000,0.6560,0.6570,35.0000,0.6560,0.6530,35.0000
1788242042.2087,0.6560,0.6520,36.0000,0.6560,0.6620,35.0000,0.6560,0.6520,35.0000,0.6560,0.6540,35.0000
1788242042.2585,0.6560,0.6770,35.0000,0.6560,0.6620,35.0000,0.6560,0.6490,36.0000,0.6560,0.6490,35.0000
1788242042.3086,0.6560,0.6640,35.0000,0.6560,0.6660,35.0000,0.6560,0.6630,35.0000,0.6560,0.6540,35.0000
1788242042.3586,0.6560,0.6540,36.0000,0.6560,0.6810,34.0000,0.6560,0.6600,35.0000,0.6560,0.6720,34.0000
1788242042.4086,0.6560,0.6750,35.0000,0.6560,0.6610,34.0000,0.6560,0.6500,35.0000,0.6560,0.7100,32.0000
1788242042.4587,0.6560,0.6710,35.0000,0.6560,0.6610,34.0000,0.6560,0.6570,35.0000,0.6560,0.6770,33.0000
1788242042.5086,0.6560,0.6830,34.0000,0.6560,0.6590,34.0000,0.6560,0.6690,34.0000,0.6560,0.6390,35.0000
1788242042.5586,0.6560,0.6470,36.0000,0.6560,0.6580,34.0000,0.6560,0.6600,35.0000,0.6560,0.6060,37.0000
1788242042.6087,0.6560,0.6280,37.0000,0.6560,0.6440,35.0000,0.6560,0.6480,35.0000,0.6560,0.6340,36.0000
1788242042.6586,0.6560,0.6510,36.0000,0.6560,0.6470,35.0000,0.6560,0.6560,35.0000,0.6560,0.6520,35.0000
1788242042.7086,0.6560,0.6620,35.0000,0.6560,0.6540,35.0000,0.6560,0.6660,34.0000,0.6560,0.6560,35.0000
1788242042.7586,0.6560,0.6610,35.0000,0.6560,0.6690,34.0000,0.6560,0.6620,35.0000,0.6560,0.6730,34.0000
1788242042.8086,0.6560,0.6640,35.0000,0.6560,0.6620,34.0000,0.6560,0.6570,35.0000,0.6560,0.7040,32.0000
1788242042.8586,0.6560,0.6610,35.0000,0.6560,0.6570,34.0000,0.6560,0.6640,34.0000,0.6560,0.6780,33.0000
1788242042.9086,0.6560,0.6670,35.0000,0.6560,0.6450,35.0000,0.6560,0.6680,34.0000,0.6560,0.6850,32.0000
1788242042.9587,0.6560,0.6580,35.0000,0.6560,0.6650,34.0000,0.6560,0.6630,34.0000,0.6560,0.6450,34.0000
1788242043.0087,0.1760,0.5400,-2.0000,1.1360,0.8570,65.0000,0.0560,0.4480,-15.0000,1.2560,0.9150,72.0000
1788242043.0586,-0.0720,0.0330,-8.0000,1.2940,1.2940,59.0000,0.0190,0.0090,1.0000,1.3850,1.3380,65.0000
1788242043.1088,-0.0720,-0.0060,-10.0000,1.2940,1.2780,62.0000,0.0190,0.0010,-1.0000,1.3850,1.3110,70.0000
1788242043.1587,-0.0720,-0.0330,-10.0000,1.2940,1.2860,63.0000,0.0190,0.0000,-1.0000,1.3850,1.3950,66.0000
1788242043.2087,-0.0720,-0.0160,-12.0000,1.2940,1.3040,62.0000,0.0190,0.0180,-2.0000,1.3850,1.4290,65.0000
1788242043.2587,-0.0720,-0.0230,-12.0000,1.2940,1.3020,62.0000,0.0190,0.0060,-1.0000,1.3850,1.4360,64.0000
1788242043.3087,-0.0720,-0.0380,-12.0000,1.2940,1.2970,62.0000,0.0190,0.0020,-1.0000,1.3850,1.4690,62.0000
1788242043.3588,-0.0720,-0.0670,-11.0000,1.2940,1.2770,63.0000,0.0190,-0.0000,-1.0000,1.3850,1.3960,65.0000
1788242043.4086,0.2880,0.0200,25.0000,0.9340,1.2070,36.0000,0.4990,0.1640,41.0000,0.9050,1.2180,33.0000
1788242043.4586,0.6560,0.5470,31.0000,0.6560,0.7050,35.0000,0.6560,0.6980,29.0000,0.6560,0.6690,37.0000
1788242043.5086,0.6560,0.5900,33.0000,0.6560,0.6690,34.0000,0.6560,0.6550,34.0000,0.6560,0.6480,35.0000
1788242043.5587,0.6560,0.6240,32.0000,0.6560,0.6480,34.0000,0.6560,0.6840,33.0000,0.6560,0.6370,35.0000
1788242043.6088,0.6560,0.6120,34.0000,0.6560,0.6520,34.0000,0.6560,0.6670,34.0000,0.6560,0.6680,33.0000
1788242043.6586,0.6560,0.6270,34.0000,0.6560,0.6580,34.0000,0.6560,0.6780,33.0000,0.6560,0.6620,33.0000
1788242043.7087,0.6560,0.6290,34.0000,0.6560,0.6480,34.0000,0.6560,0.6750,33.0000,0.6560,0.6570,33.0000
1788242043.7586,0.6560,0.6440,33.0000,0.6560,0.6510,34.0000,0.6560,0.6760,33.0000,0.6560,0.6690,33.0000
1788242043.8085,0.6560,0.6390,34.0000,0.6560,0.6650,34.0000,0.6560,0.6550,34.0000,0.6560,0.6850,31.0000
1788242043.8586,0.6560,0.6350,34.0000,0.6560,0.6600,34.0000,0.6560,0.6760,32.0000,0.6560,0.6760,32.0000
1788242043.9086,0.6560,0.6440,34.0000,0.6560,0.6520,34.0000,0.6560,0.6620,33.0000,0.6560,0.6710,32.0000
1788242043.9586,0.6560,0.6470,34.0000,0.6560,0.6490,34.0000,0.6560,0.6690,33.0000,0.6560,0.6400,33.0000
1788242044.0086,0.6560,0.6510,34.0000,0.6560,0.6630,34.0000,0.6560,0.6500,34.0000,0.6560,0.6160,35.0000
1788242044.0586,0.6560,0.6340,35.0000,0.6560,0.6370,35.0000,0.6560,0.6660,33.0000,0.6560,0.6140,35.0000
1788242044.1094,0.6560,0.6430,35.0000,0.6560,0.6320,36.0000,0.6560,0.6580,33.0000,0.6560,0.6340,35.0000
1788242044.1586,0.6560,0.6490,35.0000,0.6560,0.6440,35.0000,0.6560,0.6620,33.0000,0.6560,0.6560,34.0000
1788242044.2099,0.6560,0.6670,33.0000,0.6560,0.6710,34.0000,0.6560,0.6490,33.0000,0.6560,0.6730,33.0000
1788242044.2592,0.6560,0.6380,35.0000,0.6560,0.6590,34.0000,0.6560,0.6570,33.0000,0.6560,0.6810,32.0000
1788242044.3086,0.6560,0.6550,34.0000,0.6560,0.6530,35.0000,0.6560,0.6610,33.0000,0.6560,0.6800,32.0000
1788242044.3586,0.6560,0.6610,34.0000,0.6560,0.6570,34.0000,0.6560,0.6670,32.0000,0.6560,0.6800,32.0000
1788242044.4087,0.6560,0.6790,33.0000,0.6560,0.6660,34.0000,0.6560,0.6560,33.0000,0.6560,0.6880,31.0000
1788242044.4586,0.6560,0.6490,35.0000,0.6560,0.6530,35.0000,0.6560,0.6570,33.0000,0.6560,0.6670,32.0000
1788242044.5087,0.6560,0.6610,34.0000,0.6560,0.6570,34.0000,0.6560,0.6600,33.0000,0.6560,0.6770,31.0000
1788242044.5599,0.5360,0.6620,24.0000,0.7760,0.6480,45.0000,0.4160,0.6630,12.0000,0.8960,0.6780,51.0000
1788242044.6088,-0.0640,0.3350,-21.0000,1.2940,1.1230,66.0000,0.0190,0.1880,-8.0000,1.3850,1.0930,74.0000
1788242044.6592,-0.0720,0.0240,-11.0000,1.2940,1.2530,63.0000,0.0190,0.0200,-3.0000,1.3850,1.3770,63.0000
1788242044.7087,-0.0720,0.0040,-13.0000,1.2940,1.2630,64.0000,0.0190,0.0070,-4.0000,1.3850,1.4460,61.0000
1788242044.7593,-0.0720,-0.0300,-12.0000,1.2940,1.2540,65.0000,0.0190,0.0040,-4.0000,1.3850,1.3860,64.0000
1788242044.8090,-0.0720,-0.0590,-11.0000,1.2940,1.2490,66.0000,0.0190,0.0000,-3.0000,1.3850,1.4290,62.0000
1788242044.8587,-0.0720,-0.0110,-14.0000,1.2940,1.2960,64.0000,0.0190,0.0000,-3.0000,1.3850,1.4270,62.0000
1788242044.9088,-0.0720,-0.0070,-15.0000,1.2940,1.2970,64.0000,0.0190,0.0080,-3.0000,1.3850,1.3500,66.0000
1788242044.9587,-0.0720,-0.0040,-16.0000,1.2940,1.3180,63.0000,0.0190,0.0080,-3.0000,1.3850,1.3760,64.0000
1788242045.0088,-0.0720,-0.0000,-17.0000,1.2940,1.2980,64.0000,0.0190,0.0010,-3.0000,1.3850,1.3980,63.0000
1788242045.0586,-0.0720,-0.0010,-18.0000,1.2940,1.2770,65.0000,0.0190,0.0030,-3.0000,1.3850,1.4280,61.0000
1788242045.1088,-0.0720,-0.0700,-15.0000,1.2940,1.2620,66.0000,0.1390,0.0060,12.0000,1.2650,1.3920,52.0000
1788242045.1587,0.5280,0.1620,34.0000,0.6940,0.9750,29.0000,0.6560,0.4120,40.0000,0.6650,1.0040,20.0000
1788242045.2086,0.6560,0.6140,25.0000,0.6560,0.6660,38.0000,0.6560,0.6390,33.0000,0.6560,0.6680,32.0000
1788242045.2587,0.6560,0.5680,31.0000,0.6560,0.6640,37.0000,0.6560,0.6300,35.0000,0.6560,0.6460,31.0000
1788242045.3087,0.6560,0.5790,32.0000,0.6560,0.6890,35.0000,0.6560,0.6450,35.0000,0.6560,0.6280,32.0000
1788242045.3586,0.6560,0.6000,32.0000,0.6560,0.6540,36.0000,0.6560,0.6450,35.0000,0.6560,0.6010,33.0000
1788242045.4087,0.6560,0.6210,31.0000,0.6560,0.6490,36.0000,0.6560,0.6530,35.0000,0.6560,0.6350,32.0000
1788242045.4586,0.6560,0.5980,33.0000,0.6560,0.6570,36.0000,0.6560,0.6410,35.0000,0.6560,0.6420,32.0000
1788242045.5088,0.6560,0.6150,33.0000,0.6560,0.6530,36.0000,0.6560,0.6540,35.0000,0.6560,0.6560,31.0000
1788242045.5586,0.6560,0.6220,33.0000,0.6560,0.6580,36.0000,0.6560,0.6540,35.0000,0.6560,0.6590,31.0000
1788242045.6087,0.5360,0.6390,22.0000,0.7760,0.6830,45.0000,0.4160,0.6440,14.0000,0.8960,0.6830,50.0000
1788242045.6587,-0.0640,0.3170,-22.0000,1.2940,1.0770,70.0000,0.0190,0.1870,-6.0000,1.3850,1.1830,68.0000
1788242045.7088,-0.0720,0.0070,-11.0000,1.2940,1.2820,63.0000,0.0190,0.0830,-5.0000,1.3850,1.3820,62.0000
1788242045.7590,-0.0720,-0.0100,-13.0000,1.2940,1.3200,62.0000,0.0190,0.0390,-4.0000,1.3850,1.3190,67.0000
1788242045.8087,-0.0720,-0.0800,-10.0000,1.2940,1.3150,62.0000,0.0190,0.0080,-3.0000,1.3850,1.3360,67.0000
1788242045.8588,-0.0720,-0.0380,-13.0000,1.2940,1.3000,63.0000,0.0190,0.0010,-3.0000,1.3850,1.3930,64.0000
1788242045.9088,-0.0720,-0.0260,-14.0000,1.2940,1.2800,64.0000,0.0190,0.0000,-3.0000,1.3850,1.4430,61.0000
1788242045.9587,-0.0720,-0.0850,-11.0000,1.2940,1.2730,65.0000,0.0190,0.0000,-2.0000,1.3850,1.3810,65.0000
1788242046.0087,-0.0720,-0.0900,-11.0000,1.2940,1.2850,64.0000,0.1390,0.0000,13.0000,1.2650,1.4190,52.0000
1788242046.0587,0.5280,0.1970,35.0000,0.6940,1.0080,26.0000,0.6560,0.4180,40.0000,0.6650,0.9500,24.0000
1788242046.1088,0.6560,0.5970,29.0000,0.6560,0.6720,37.0000,0.6560,0.6420,33.0000,0.6560,0.6360,35.0000
1788242046.1587,0.6560,0.5860,32.0000,0.6560,0.6790,34.0000,0.6560,0.6310,35.0000,0.6560,0.6280,34.0000
1788242046.2088,0.6560,0.6230,32.0000,0.6560,0.6630,34.0000,0.6560,0.6580,34.0000,0.6560,0.6730,31.0000
1788242046.2587,0.6560,0.6690,30.0000,0.6560,0.6620,34.0000,0.6560,0.6750,33.0000,0.6560,0.6650,32.0000
1788242046.3087,0.6560,0.6790,29.0000,0.6560,0.6470,35.0000,0.6560,0.6630,34.0000,0.6560,0.6730,31.0000
1788242046.3586,0.6560,0.6300,32.0000,0.6560,0.6350,36.0000,0.5360,0.6480,24.0000,0.7760,0.6350,43.0000
1788242046.4087,0.9190,0.8570,43.0000,0.0560,0.3730,-11.0000,0.0000,0.3510,0.0000,0.9190,0.8590,45.0000
1788242046.4586,0.9190,0.8690,45.0000,0.0000,0.0260,0.0000,0.0000,0.1610,0.0000,0.9190,0.9120,44.0000
1788242046.5086,0.9190,0.8650,46.0000,0.0000,0.0020,0.0000,0.0000,0.0830,0.0000,0.9190,0.8670,47.0000
1788242046.5587,0.9190,0.8810,46.0000,0.0000,0.0000,0.0000,0.0000,0.0000,0.0000,0.9190,0.8930,46.0000
1788242046.6088,0.9190,0.7790,52.0000,0.0000,0.0000,0.0000,0.0000,0.0540,0.0000,0.9190,0.8290,50.0000
1788242046.6587,0.9190,0.7890,53.0000,0.0000,0.0000,0.0000,0.0000,0.0960,0.0000,0.9190,0.8840,48.0000
1788242046.7087,0.9190,0.8530,50.0000,0.0000,0.0000,0.0000,0.0000,0.1110,0.0000,0.9190,0.8990,47.0000
1788242046.7591,0.9190,0.8980,49.0000,0.0000,0.0000,0.0000,0.0000,0.0390,0.0000,0.9190,0.9320,46.0000
1788242046.8086,0.9190,0.8730,51.0000,0.0000,0.0000,0.0000,0.0000,0.0030,0.0000,0.9190,0.9350,46.0000
1788242046.8586,0.9190,0.8860,50.0000,0.0000,0.0000,0.0000,0.0000,0.0000,0.0000,0.9190,0.9600,44.0000
1788242046.9089,0.9190,0.8970,50.0000,0.0000,0.0000,0.0000,0.0000,0.0000,0.0000,0.9190,0.9160,46.0000
1788242046.9587,0.9190,0.8660,52.0000,0.0000,0.0000,0.0000,0.0000,0.0000,0.0000,0.9190,0.9280,45.0000
1788242047.0087,0.9190,0.8750,52.0000,0.0000,0.0000,0.0000,0.0000,0.0000,0.0000,0.9190,0.9410,44.0000
1788242047.0587,0.9190,0.8880,52.0000,0.0000,0.0000,0.0000,0.0000,0.0000,0.0000,0.9190,0.8960,47.0000
1788242047.1088,0.9190,0.8770,53.0000,0.0000,0.0000,0.0000,0.0000,0.0000,0.0000,0.9190,0.8720,48.0000
1788242047.1586,0.9190,0.8750,54.0000,0.0000,0.0000,0.0000,0.0000,0.0000,0.0000,0.9190,0.9040,47.0000
1788242047.2087,0.9190,0.8940,53.0000,0.0000,0.0000,0.0000,0.0000,0.0000,0.0000,0.9190,0.8900,48.0000
1788242047.2586,0.9190,0.8950,53.0000,0.0000,0.0000,0.0000,0.0000,0.0000,0.0000,0.9190,0.9070,47.0000
1788242047.3087,0.9190,0.9150,52.0000,0.0000,0.0000,0.0000,0.0000,0.0000,0.0000,0.9190,0.9370,46.0000
1788242047.3586,0.9190,0.9290,52.0000,0.0000,0.0000,0.0000,0.0000,0.0010,0.0000,0.9190,0.9470,45.0000
1788242047.4088,0.9190,0.9010,53.0000,0.0000,0.0000,0.0000,0.0000,0.0010,0.0000,0.9190,0.9210,46.0000
1788242047.4587,0.9190,0.8920,54.0000,0.0000,0.0000,0.0000,0.0000,0.0000,0.0000,0.9190,0.9210,46.0000
1788242047.5087,0.9190,0.9100,53.0000,0.0000,0.0000,0.0000,0.0000,0.0000,0.0000,0.9190,0.9110,47.0000
1788242047.5586,0.9190,0.8950,54.0000,0.0000,0.0000,0.0000,0.0000,0.0020,0.0000,0.9190,0.8880,48.0000
1788242047.6089,0.9190,0.8800,55.0000,0.0000,0.0000,0.0000,0.0000,0.0140,0.0000,0.9190,0.8870,48.0000
1788242047.6594,0.9190,0.8950,55.0000,0.0000,0.0000,0.0000,0.0000,0.0560,0.0000,0.9190,0.9030,48.0000
1788242047.7087,0.6560,0.7830,38.0000,0.4800,0.1600,41.0000,0.6000,0.3120,44.0000,0.6560,0.7030,35.0000
1788242047.7591,0.6560,0.7480,37.0000,0.6560,0.6760,32.0000,0.6560,0.6860,32.0000,0.6560,0.6520,36.0000
1788242047.8087,0.6560,0.6840,40.0000,0.6560,0.6580,36.0000,0.6560,0.6490,36.0000,0.6560,0.6500,36.0000
1788242047.8586,0.6560,0.7070,38.0000,0.6560,0.6960,34.0000,0.6560,0.6590,36.0000,0.6560,0.7020,33.0000
1788242047.9088,0.6560,0.7200,36.0000,0.6560,0.6800,35.0000,0.6560,0.6740,35.0000,0.6560,0.7010,32.0000
1788242047.9587,0.6560,0.7070,36.0000,0.6560,0.6830,35.0000,0.6560,0.6800,35.0000,0.6560,0.7080,31.0000
1788242048.0088,0.6560,0.6810,37.0000,0.6560,0.7010,33.0000,0.6560,0.6760,35.0000,0.6560,0.6920,32.0000
1788242048.0587,0.6560,0.6900,36.0000,0.6560,0.6810,34.0000,0.6560,0.6610,35.0000,0.6560,0.6760,32.0000
1788242048.1088,0.6560,0.6360,39.0000,0.6560,0.6610,35.0000,0.6560,0.6620,35.0000,0.6560,0.6560,33.0000
1788242048.1594,0.6560,0.6080,41.0000,0.6560,0.6330,36.0000,0.6560,0.6570,35.0000,0.6560,0.6550,33.0000
1788242048.2087,0.1760,0.4830,5.0000,1.1360,0.8560,66.0000,0.0560,0.4530,-15.0000,1.2560,0.9100,72.0000
1788242048.2587,-0.0720,0.0050,-2.0000,1.2940,1.2930,60.0000,0.0190,0.0340,0.0000,1.3850,1.2640,69.0000
1788242048.3089,-0.0720,-0.0050,-6.0000,1.2940,1.2930,62.0000,0.0190,0.1220,-7.0000,1.3850,1.3790,66.0000
1788242048.3588,-0.0720,0.0020,-8.0000,1.2940,1.3070,62.0000,0.0190,0.0330,-3.0000,1.3850,1.4350,64.0000
1788242048.4088,-0.0720,0.0280,-10.0000,1.2940,1.2980,62.0000,0.0190,-0.0040,-2.0000,1.3850,1.4060,65.0000
1788242048.4587,0.1680,0.0020,18.0000,1.0540,1.2600,44.0000,0.3790,0.0500,35.0000,1.0250,1.3030,39.0000
1788242048.5088,0.6560,0.4990,37.0000,0.6560,0.8240,30.0000,0.6560,0.6150,32.0000,0.6560,0.7740,32.0000
1788242048.5587,0.6560,0.6630,32.0000,0.6560,0.6810,34.0000,0.6560,0.6750,32.0000,0.6560,0.7000,32.0000
1788242048.6087,0.6560,0.6520,34.0000,0.6560,0.6740,33.0000,0.6560,0.6700,33.0000,0.6560,0.6580,33.0000
1788242048.6587,0.6560,0.6530,34.0000,0.6560,0.6320,35.0000,0.6560,0.6470,34.0000,0.6560,0.6630,32.0000
1788242048.7087,0.6560,0.6570,34.0000,0.6560,0.6280,35.0000,0.6560,0.6370,35.0000,0.6560,0.6350,34.0000
1788242048.7590,0.6560,0.6620,33.0000,0.6560,0.6200,36.0000,0.6560,0.6450,34.0000,0.6560,0.6340,34.0000
1788242048.8087,0.1760,0.5160,-2.0000,1.1360,0.8280,67.0000,0.0560,0.4610,-17.0000,1.2560,0.9140,72.0000
1788242048.8587,-0.0720,0.0160,-8.0000,1.2940,1.2240,63.0000,0.0190,0.0430,-2.0000,1.3850,1.4370,59.0000
1788242048.9088,-0.0720,0.0010,-11.0000,1.2940,1.3010,62.0000,0.0190,0.0370,-4.0000,1.3850,1.3880,64.0000
1788242048.9588,-0.0720,-0.0110,-12.0000,1.2940,1.3270,61.0000,0.0190,0.0160,-4.0000,1.3850,1.3900,65.0000
1788242049.0088,-0.0720,-0.0960,-8.0000,1.2940,1.3120,62.0000,0.0190,0.0030,-3.0000,1.3850,1.3830,65.0000
1788242049.0586,-0.0720,-0.0570,-11.0000,1.2940,1.2920,63.0000,0.1390,0.0000,12.0000,1.2650,1.4080,53.0000
1788242049.1089,0.5280,0.2040,36.0000,0.6940,1.0040,26.0000,0.6560,0.4250,39.0000,0.6650,0.9660,24.0000
1788242049.1588,0.6560,0.6190,30.0000,0.6560,0.6820,35.0000,0.6560,0.6270,33.0000,0.6560,0.6400,36.0000
1788242049.2089,0.6560,0.6090,33.0000,0.6560,0.6400,36.0000,0.6560,0.6180,35.0000,0.6560,0.6410,34.0000
1788242049.2587,0.6560,0.6380,33.0000,0.6560,0.6110,37.0000,0.6560,0.6350,35.0000,0.6560,0.6320,34.0000
1788242049.3088,0.6560,0.6270,34.0000,0.6560,0.6220,36.0000,0.6560,0.6360,35.0000,0.6560,0.6380,34.0000
1788242049.3587,0.6560,0.6420,33.0000,0.6560,0.6610,34.0000,0.6560,0.6580,34.0000,0.6560,0.6560,33.0000
1788242049.4088,0.6560,0.6480,33.0000,0.6560,0.6610,34.0000,0.6560,0.6490,35.0000,0.6560,0.6700,32.0000
1788242049.4587,0.6560,0.6550,33.0000,0.6560,0.6730,34.0000,0.6560,0.6600,34.0000,0.6560,0.6730,32.0000
1788242049.5089,0.6560,0.6530,33.0000,0.6560,0.6700,34.0000,0.6560,0.6590,34.0000,0.6560,0.6740,32.0000
1788242049.5587,0.6560,0.6520,33.0000,0.6560,0.6750,33.0000,0.6560,0.6790,33.0000,0.6560,0.6830,31.0000
1788242049.6090,0.6560,0.6540,33.0000,0.6560,0.6630,34.0000,0.6560,0.6710,33.0000,0.6560,0.6760,31.0000
1788242049.6587,0.6560,0.6620,33.0000,0.6560,0.6550,34.0000,0.6560,0.6590,34.0000,0.6560,0.6570,32.0000
1788242049.7090,0.6560,0.6520,33.0000,0.6560,0.6580,34.0000,0.6560,0.6480,34.0000,0.6560,0.6540,32.0000
1788242049.7590,0.6560,0.6520,33.0000,0.6560,0.6720,33.0000,0.6560,0.6570,34.0000,0.6560,0.6610,32.0000
1788242049.8094,0.6560,0.6320,34.0000,0.6560,0.6450,34.0000,0.6560,0.6400,35.0000,0.6560,0.6290,34.0000
1788242049.8588,0.6560,0.6280,35.0000,0.6560,0.6230,35.0000,0.6560,0.6330,35.0000,0.6560,0.6050,35.0000
1788242049.9088,0.6560,0.6350,35.0000,0.6560,0.6410,35.0000,0.6560,0.6340,36.0000,0.6560,0.6350,34.0000
1788242049.9587,0.6560,0.6360,35.0000,0.6560,0.6510,34.0000,0.6560,0.6470,35.0000,0.6560,0.6540,33.0000
1788242050.0088,0.6560,0.6540,34.0000,0.6560,0.6530,34.0000,0.6560,0.6540,35.0000,0.6560,0.6670,32.0000
1788242050.0588,0.6560,0.6520,34.0000,0.6560,0.6700,33.0000,0.6560,0.6540,35.0000,0.6560,0.6600,33.0000
1788242050.1089,0.6560,0.6670,34.0000,0.6560,0.6660,34.0000,0.6560,0.6520,35.0000,0.6560,0.6510,33.0000
1788242050.1588,0.6560,0.6490,35.0000,0.6560,0.6720,33.0000,0.6560,0.6640,34.0000,0.6560,0.6570,33.0000
1788242050.2089,0.6560,0.6560,34.0000,0.6560,0.6490,34.0000,0.6560,0.6560,35.0000,0.6560,0.6610,33.0000
1788242050.2594,0.6560,0.6540,34.0000,0.6560,0.6440,35.0000,0.6560,0.6550,35.0000,0.6560,0.6600,33.0000
1788242050.3089,0.6560,0.6590,34.0000,0.6560,0.6490,34.0000,0.6560,0.6550,35.0000,0.6560,0.6730,32.0000
1788242050.3594,0.6560,0.6450,35.0000,0.6560,0.6720,33.0000,0.6560,0.6640,34.0000,0.6560,0.6560,33.0000
1788242050.4088,0.6560,0.6530,34.0000,0.6560,0.6630,34.0000,0.6560,0.6590,35.0000,0.6560,0.6670,32.0000
1788242050.4593,0.6560,0.6580,34.0000,0.6560,0.6640,34.0000,0.6560,0.6560,35.0000,0.6560,0.6570,33.0000
1788242050.5089,0.6560,0.6650,34.0000,0.6560,0.6540,34.0000,0.6560,0.6530,35.0000,0.6560,0.6640,32.0000
1788242050.5596,0.6560,0.6460,35.0000,0.6560,0.6500,34.0000,0.6560,0.6620,35.0000,0.6560,0.6560,33.0000
1788242050.6089,0.6560,0.6560,34.0000,0.6560,0.6660,33.0000,0.6560,0.6540,35.0000,0.6560,0.6540,33.0000
1788242050.6590,0.6560,0.6600,34.0000,0.6560,0.6590,34.0000,0.6560,0.6490,35.0000,0.6560,0.6410,34.0000
1788242050.7089,0.6560,0.6660,34.0000,0.6560,0.6620,34.0000,0.6560,0.6490,35.0000,0.6560,0.6360,34.0000
1788242050.7589,0.6560,0.6440,35.0000,0.6560,0.6640,33.0000,0.6560,0.6630,35.0000,0.6560,0.6250,35.0000
1788242050.8089,0.6560,0.6430,35.0000,0.6560,0.6570,34.0000,0.6560,0.6570,35.0000,0.6560,0.6580,33.0000
1788242050.8600,0.6560,0.6500,35.0000,0.6560,0.6430,35.0000,0.6560,0.6580,35.0000,0.6560,0.6610,33.0000
1788242050.9095,0.6560,0.6650,34.0000,0.6560,0.6520,34.0000,0.6560,0.6600,35.0000,0.6560,0.6840,32.0000
1788242050.9588,0.6560,0.6490,35.0000,0.6560,0.6550,34.0000,0.6560,0.6680,34.0000,0.6560,0.6770,32.0000
1788242051.0088,0.6560,0.6630,34.0000,0.6560,0.6710,33.0000,0.6560,0.6670,34.0000,0.6560,0.6890,31.0000
1788242051.0588,0.6560,0.6560,35.0000,0.6560,0.6470,34.0000,0.6560,0.6570,35.0000,0.6560,0.6720,32.0000
1788242051.1089,0.6560,0.6670,34.0000,0.6560,0.6580,34.0000,0.6560,0.6580,34.0000,0.6560,0.6620,32.0000
1788242051.1589,0.6560,0.6580,34.0000,0.6560,0.6530,34.0000,0.6560,0.6620,34.0000,0.6560,0.6420,33.0000
1788242051.2089,0.6560,0.6520,35.0000,0.6560,0.6640,33.0000,0.6560,0.6670,34.0000,0.6560,0.6450,33.0000
1788242051.2588,0.6560,0.6520,35.0000,0.6560,0.6430,34.0000,0.6560,0.6490,35.0000,0.6560,0.6600,32.0000
1788242051.3088,0.6560,0.6560,34.0000,0.6560,0.6490,34.0000,0.6560,0.6570,34.0000,0.6560,0.6500,33.0000
1788242051.3588,0.6560,0.6560,34.0000,0.6560,0.6570,34.0000,0.6560,0.6540,35.0000,0.6560,0.6170,35.0000
1788242051.4088,0.6560,0.6450,35.0000,0.6560,0.6660,33.0000,0.6560,0.6580,34.0000,0.6560,0.6440,34.0000
1788242051.4588,0.6560,0.6520,35.0000,0.6560,0.6450,34.0000,0.6560,0.6470,35.0000,0.6560,0.6590,33.0000
1788242051.5089,0.6560,0.6560,35.0000,0.6560,0.6430,34.0000,0.6560,0.6580,34.0000,0.6560,0.6680,32.0000
1788242051.5589,0.6560,0.6680,34.0000,0.6560,0.6560,34.0000,0.6560,0.6570,34.0000,0.6560,0.6810,32.0000
1788242051.6090,0.6560,0.6590,34.0000,0.6560,0.6660,33.0000,0.6560,0.6690,34.0000,0.6560,0.6770,32.0000
1788242051.6588,0.6560,0.6570,34.0000,0.6560,0.6450,34.0000,0.6560,0.6540,35.0000,0.6560,0.6790,31.0000
1788242051.7090,0.6560,0.6590,34.0000,0.6560,0.6580,34.0000,0.6560,0.6630,34.0000,0.6560,0.6580,32.0000
1788242051.7590,0.6560,0.6670,34.0000,0.6560,0.6560,34.0000,0.6560,0.6490,35.0000,0.6560,0.6610,32.0000
1788242051.8089,0.6560,0.6520,35.0000,0.6560,0.6610,33.0000,0.6560,0.6620,34.0000,0.6560,0.6360,33.0000
1788242051.8588,0.6560,0.6390,35.0000,0.6560,0.6430,34.0000,0.6560,0.6440,35.0000,0.6560,0.6330,34.0000
1788242051.9089,0.6560,0.6440,35.0000,0.6560,0.6420,35.0000,0.6560,0.6470,35.0000,0.6560,0.6230,34.0000
1788242051.9588,0.6560,0.6580,34.0000,0.6560,0.6500,34.0000,0.6560,0.6450,35.0000,0.6560,0.6030,36.0000
1788242052.0089,0.6560,0.6190,37.0000,0.6560,0.6510,34.0000,0.6560,0.6580,34.0000,0.6560,0.5690,38.0000
1788242052.0588,0.6560,0.6250,37.0000,0.6560,0.6400,35.0000,0.6560,0.6540,35.0000,0.6560,0.5680,39.0000
1788242052.1090,0.6560,0.6300,37.0000,0.6560,0.6500,35.0000,0.6560,0.6570,35.0000,0.6560,0.5930,39.0000
1788242052.1588,0.6560,0.6340,37.0000,0.6560,0.6320,36.0000,0.6560,0.6500,35.0000,0.6560,0.6400,37.0000
1788242052.2089,0.6560,0.6500,36.0000,0.6560,0.6390,36.0000,0.6560,0.6730,34.0000,0.6560,0.6790,35.0000
1788242052.2589,0.6560,0.6730,35.0000,0.6560,0.6550,35.0000,0.6560,0.6650,34.0000,0.6560,0.7170,33.0000
1788242052.3089,0.6560,0.6740,35.0000,0.6560,0.6660,35.0000,0.6560,0.6550,34.0000,0.6560,0.7060,33.0000
1788242052.3588,0.6560,0.6940,34.0000,0.6560,0.6750,34.0000,0.6560,0.6550,34.0000,0.6560,0.7060,32.0000
1788242052.4090,0.6560,0.6880,34.0000,0.6560,0.6790,34.0000,0.6560,0.6650,34.0000,0.6560,0.6880,33.0000
1788242052.4589,0.6560,0.7300,31.0000,0.6560,0.6810,33.0000,0.6560,0.6610,34.0000,0.6560,0.7140,31.0000
1788242052.5088,0.6560,0.6840,33.0000,0.6560,0.6670,34.0000,0.6560,0.6570,34.0000,0.6560,0.6870,32.0000
1788242052.5588,0.6560,0.6700,33.0000,0.6560,0.6640,34.0000,0.6560,0.6530,34.0000,0.6560,0.6780,32.0000
1788242052.6090,0.6560,0.6420,34.0000,0.6560,0.6680,34.0000,0.6560,0.6640,34.0000,0.6560,0.6590,32.0000
1788242052.6588,0.6560,0.6480,34.0000,0.6560,0.6590,34.0000,0.6560,0.6580,34.0000,0.6560,0.6790,31.0000
1788242052.7089,0.6560,0.6460,34.0000,0.6560,0.6300,36.0000,0.6560,0.6530,34.0000,0.6560,0.6530,32.0000
1788242052.7590,0.6560,0.6580,34.0000,0.6560,0.6300,36.0000,0.6560,0.6510,35.0000,0.6560,0.6660,32.0000
1788242052.8089,0.6560,0.6460,35.0000,0.6560,0.6570,34.0000,0.6560,0.6620,34.0000,0.6560,0.6520,32.0000
1788242052.8589,0.6560,0.6600,34.0000,0.6560,0.6770,33.0000,0.6560,0.6680,34.0000,0.6560,0.6790,31.0000
1788242052.9089,0.6560,0.6820,33.0000,0.6560,0.6600,34.0000,0.6560,0.6690,33.0000,0.6560,0.6630,31.0000
1788242052.9589,0.6560,0.6810,32.0000,0.6560,0.6600,34.0000,0.6560,0.6700,33.0000,0.6560,0.6690,31.0000
1788242053.0089,0.6560,0.6360,35.0000,0.6560,0.6600,34.0000,0.6560,0.6550,34.0000,0.6560,0.6460,32.0000
1788242053.0588,0.6560,0.6430,34.0000,0.6560,0.6040,37.0000,0.6560,0.6530,34.0000,0.6560,0.6590,31.0000
1788242053.1090,0.6560,0.6240,36.0000,0.6560,0.5860,39.0000,0.6560,0.6220,36.0000,0.6560,0.6280,33.0000
1788242053.1588,0.6560,0.6340,35.0000,0.6560,0.5960,39.0000,0.6560,0.6360,35.0000,0.6560,0.6470,32.0000
1788242053.2089,0.6560,0.6440,35.0000,0.6560,0.6270,38.0000,0.6560,0.6350,36.0000,0.6560,0.6200,34.0000
1788242053.2589,0.6560,0.6350,36.0000,0.6560,0.6560,36.0000,0.6560,0.6470,35.0000,0.6560,0.6370,34.0000
1788242053.3088,0.6560,0.6390,36.0000,0.6560,0.6850,35.0000,0.6560,0.6510,35.0000,0.6560,0.6550,33.0000
1788242053.3588,0.6560,0.6530,35.0000,0.6560,0.6950,34.0000,0.6560,0.6660,34.0000,0.6560,0.6640,32.0000
1788242053.4089,0.6560,0.6530,35.0000,0.6560,0.6670,35.0000,0.6560,0.6570,35.0000,0.6560,0.6630,33.0000
1788242053.4589,0.6560,0.6510,35.0000,0.6560,0.6640,35.0000,0.6560,0.6630,35.0000,0.6560,0.6760,32.0000
1788242053.5090,0.6560,0.6560,35.0000,0.6560,0.6480,36.0000,0.6560,0.6570,35.0000,0.6560,0.6850,31.0000
1788242053.5586,0.6560,0.6510,35.0000,0.6560,0.6600,35.0000,0.6560,0.6560,35.0000,0.6560,0.6580,32.0000
1788242053.6089,0.6560,0.6620,35.0000,0.6560,0.6780,34.0000,0.6560,0.6530,35.0000,0.6560,0.6610,32.0000
1788242053.6588,0.6560,0.6480,36.0000,0.6560,0.6740,35.0000,0.6560,0.6610,35.0000,0.6560,0.6710,31.0000
1788242053.7089,0.6560,0.6550,35.0000,0.6560,0.6730,34.0000,0.6560,0.6520,35.0000,0.6560,0.6850,30.0000
1788242053.7590,0.6560,0.6610,35.0000,0.6560,0.6670,35.0000,0.6560,0.6570,35.0000,0.6560,0.6660,31.0000
1788242053.8088,0.6560,0.6570,35.0000,0.6560,0.6520,35.0000,0.6560,0.6420,36.0000,0.6560,0.6630,31.0000
1788242053.8588,0.6560,0.6120,38.0000,0.6560,0.6440,36.0000,0.6560,0.6540,35.0000,0.6560,0.6260,33.0000
1788242053.9096,0.6560,0.6460,36.0000,0.6560,0.6440,36.0000,0.6560,0.6540,35.0000,0.6560,0.6390,33.0000
1788242053.9589,0.6560,0.6620,36.0000,0.6560,0.6520,36.0000,0.6560,0.6630,35.0000,0.6560,0.6550,32.0000
1788242054.0093,0.6560,0.6790,35.0000,0.6560,0.6710,35.0000,0.6560,0.6540,35.0000,0.6560,0.6710,31.0000
1788242054.0601,0.6560,0.6600,36.0000,0.6560,0.6770,34.0000,0.6560,0.6720,34.0000,0.6560,0.6590,32.0000
1788242054.1105,0.6560,0.6690,35.0000,0.6560,0.6870,33.0000,0.6560,0.6640,34.0000,0.6560,0.6790,31.0000
1788242054.1592,0.6560,0.6670,35.0000,0.6560,0.6720,34.0000,0.6560,0.6650,34.0000,0.6560,0.6590,31.0000
1788242054.2105,0.6560,0.6760,34.0000,0.6560,0.6700,34.0000,0.6560,0.6570,34.0000,0.6560,0.6670,31.0000
1788242054.2602,0.6560,0.6540,36.0000,0.6560,0.6670,34.0000,0.6560,0.6640,34.0000,0.6560,0.6530,32.0000
1788242054.3090,0.6560,0.6630,35.0000,0.6560,0.6710,34.0000,0.6560,0.6550,35.0000,0.6560,0.6730,30.0000
1788242054.3590,0.6560,0.6600,35.0000,0.6560,0.6590,34.0000,0.6560,0.6570,34.0000,0.6560,0.6490,32.0000
1788242054.4090,0.8960,0.6800,54.0000,0.4160,0.6280,15.0000,1.0160,0.7330,62.0000,0.2960,0.6010,3.0000
1788242054.4589,1.3850,1.1140,76.0000,0.0190,0.1170,-2.0000,1.2940,1.3050,58.0000,-0.0720,-0.0020,-9.0000
1788242054.5090,1.3850,1.3620,67.0000,0.0190,0.0050,0.0000,1.2940,1.2810,62.0000,-0.0720,-0.0480,-10.0000
1788242054.5590,1.3850,1.3690,69.0000,0.0190,0.0000,-1.0000,1.2940,1.3320,60.0000,-0.0720,-0.0580,-11.0000
1788242054.6091,1.3850,1.4250,66.0000,0.0190,0.0000,-1.0000,1.2940,1.3030,62.0000,-0.0720,-0.0630,-11.0000
1788242054.6590,1.3850,1.3590,70.0000,0.0190,0.0000,0.0000,1.2940,1.3260,60.0000,-0.0720,-0.0450,-12.0000
1788242054.7090,1.3850,1.3240,72.0000,0.0190,0.0000,0.0000,1.2940,1.3150,60.0000,-0.0720,-0.0820,-10.0000
1788242054.7590,1.3850,1.3720,70.0000,0.0190,0.0000,0.0000,1.2940,1.3390,59.0000,-0.0720,-0.0590,-12.0000
1788242054.8090,1.3850,1.3630,70.0000,0.0190,0.0000,0.0000,1.2940,1.3040,60.0000,-0.0720,-0.0740,-11.0000
1788242054.8590,1.3850,1.3610,71.0000,0.0190,0.0000,0.0000,1.2940,1.3290,59.0000,-0.0720,-0.0630,-12.0000
1788242054.9088,1.3850,1.4190,68.0000,0.0190,0.0000,1.0000,1.2940,1.3000,60.0000,-0.0720,-0.0450,-13.0000
1788242054.9588,1.3850,1.3940,69.0000,0.0190,0.0030,1.0000,1.2940,1.3260,58.0000,-0.0720,-0.0630,-12.0000
1788242055.0090,1.3850,1.3700,70.0000,0.0190,0.0090,1.0000,1.2940,1.2900,60.0000,-0.0720,-0.0940,-10.0000
1788242055.0590,1.3850,1.3670,71.0000,0.0190,0.0100,1.0000,1.2940,1.3190,58.0000,-0.0720,-0.0730,-11.0000
1788242055.1091,1.3850,1.3600,71.0000,0.0190,0.0010,1.0000,1.2940,1.2820,60.0000,-0.0720,-0.1090,-9.0000
1788242055.1589,1.3850,1.3530,72.0000,0.0190,-0.0000,2.0000,1.2940,1.3050,59.0000,-0.0720,-0.0530,-12.0000
1788242055.2091,1.3850,1.4130,68.0000,0.0190,-0.0000,2.0000,1.2940,1.2880,60.0000,-0.0720,-0.0510,-12.0000
1788242055.2589,1.3850,1.4110,69.0000,0.0190,-0.0000,2.0000,1.2940,1.2970,59.0000,-0.0720,-0.0430,-13.0000
1788242055.3090,1.3850,1.3740,71.0000,0.0190,0.0010,2.0000,1.2940,1.2870,60.0000,-0.0720,-0.0890,-11.0000
1788242055.3589,1.3850,1.3670,71.0000,0.0190,0.0000,2.0000,1.2940,1.2850,60.0000,-0.0720,-0.0930,-10.0000
1788242055.4100,1.3850,1.3580,72.0000,0.0190,0.0000,3.0000,1.2940,1.2630,61.0000,-0.0720,-0.0660,-12.0000
1788242055.4589,1.3850,1.3660,71.0000,0.0190,0.0000,3.0000,1.2940,1.2460,63.0000,-0.0720,-0.0570,-12.0000
1788242055.5090,1.1450,1.4040,49.0000,0.2590,0.0300,30.0000,0.9340,1.2040,34.0000,0.2880,0.0160,24.0000
1788242055.5589,0.6560,0.9130,31.0000,0.6560,0.6330,34.0000,0.6560,0.7460,31.0000,0.6560,0.5700,29.0000
1788242055.6091,0.6560,0.6770,39.0000,0.6560,0.6780,35.0000,0.6560,0.6350,34.0000,0.6560,0.5970,32.0000
1788242055.6588,0.6560,0.6390,39.0000,0.6560,0.7010,34.0000,0.6560,0.6410,33.0000,0.6560,0.6070,33.0000
1788242055.7089,0.6560,0.5940,41.0000,0.6560,0.6930,35.0000,0.6560,0.6170,34.0000,0.6560,0.6290,32.0000
1788242055.7590,0.4160,0.5650,23.0000,0.8960,0.7150,54.0000,0.9190,0.7030,53.0000,0.2960,0.5680,5.0000
1788242055.8090,0.0000,0.2050,0.0000,0.9190,0.9660,44.0000,0.9190,0.9150,43.0000,0.0000,0.0640,0.0000
1788242055.8589,0.0000,0.0200,0.0000,0.9190,0.9380,46.0000,0.9190,0.8880,46.0000,0.0000,0.0080,0.0000
1788242055.9089,0.1200,0.0020,14.0000,0.7990,0.9520,35.0000,0.6790,0.8070,31.0000,0.2400,0.0260,27.0000
1788242055.9589,0.6560,0.4460,41.0000,0.6560,0.6610,36.0000,0.6560,0.5180,44.0000,0.6560,0.6200,33.0000
1788242056.0089,0.6560,0.6630,34.0000,0.6560,0.6310,36.0000,0.6560,0.5510,42.0000,0.6560,0.6500,35.0000
1788242056.0589,0.6560,0.6700,35.0000,0.6560,0.6550,35.0000,0.6560,0.6230,39.0000,0.6560,0.7100,32.0000
1788242056.1091,0.6560,0.6760,35.0000,0.6560,0.6850,33.0000,0.6560,0.6840,36.0000,0.6560,0.7050,32.0000
1788242056.1590,0.6560,0.6790,34.0000,0.6560,0.6700,34.0000,0.6560,0.6920,35.0000,0.6560,0.7240,31.0000
1788242056.2090,0.6560,0.6920,33.0000,0.6560,0.6820,33.0000,0.6560,0.6980,35.0000,0.6560,0.7290,30.0000
1788242056.2589,0.6560,0.6890,33.0000,0.6560,0.6990,32.0000,0.6560,0.7090,34.0000,0.6560,0.7420,28.0000
1788242056.3089,0.6560,0.7390,30.0000,0.6560,0.6890,32.0000,0.6560,0.6820,35.0000,0.6560,0.6860,31.0000
1788242056.3591,0.6560,0.6430,35.0000,0.6560,0.6450,34.0000,0.6560,0.6770,35.0000,0.6560,0.6580,31.0000
1788242056.4090,0.6560,0.6520,34.0000,0.6560,0.6500,34.0000,0.6560,0.6680,35.0000,0.6560,0.6460,32.0000
1788242056.4588,0.6560,0.6280,35.0000,0.6560,0.6260,35.0000,0.6560,0.6400,36.0000,0.6560,0.6600,31.0000
1788242056.5090,0.6560,0.6240,36.0000,0.6560,0.6400,34.0000,0.6560,0.6330,37.0000,0.6560,0.6420,32.0000
1788242056.5589,0.6560,0.6320,36.0000,0.6560,0.6410,35.0000,0.6560,0.6390,37.0000,0.6560,0.6460,32.0000
1788242056.6091,0.6560,0.6530,35.0000,0.6560,0.6530,34.0000,0.6560,0.6490,36.0000,0.6560,0.6400,33.0000
1788242056.6589,0.6560,0.6610,34.0000,0.6560,0.6180,36.0000,0.6560,0.6670,35.0000,0.6560,0.6470,32.0000
1788242056.7097,0.6560,0.6550,35.0000,0.6560,0.6630,34.0000,0.6560,0.6610,36.0000,0.6560,0.6640,31.0000
1788242056.7590,0.6560,0.6590,35.0000,0.6560,0.6580,35.0000,0.6560,0.6640,35.0000,0.6560,0.6640,31.0000
1788242056.8090,0.6560,0.6610,35.0000,0.6560,0.6730,34.0000,0.6560,0.6640,35.0000,0.6560,0.6590,32.0000
1788242056.8591,0.6560,0.6670,34.0000,0.6560,0.6710,34.0000,0.6560,0.6760,34.0000,0.6560,0.6720,31.0000
1788242056.9090,0.6560,0.6550,35.0000,0.6560,0.6820,33.0000,0.6560,0.6580,35.0000,0.6560,0.6730,31.0000
1788242056.9589,0.6560,0.6770,34.0000,0.6560,0.6830,33.0000,0.6560,0.6770,34.0000,0.6560,0.6690,31.0000
1788242057.0099,0.6560,0.6640,34.0000,0.6560,0.6690,33.0000,0.6560,0.6580,35.0000,0.6560,0.6550,31.0000
1788242057.0597,0.6560,0.6630,34.0000,0.6560,0.6520,34.0000,0.6560,0.6670,34.0000,0.6560,0.6500,31.0000
1788242057.1091,0.6560,0.6150,37.0000,0.6560,0.5490,40.0000,0.6560,0.6130,37.0000,0.6560,0.6380,32.0000
1788242057.1597,0.6560,0.6420,36.0000,0.6560,0.5810,39.0000,0.6560,0.6160,38.0000,0.6560,0.6360,33.0000
1788242057.2091,0.6560,0.6500,35.0000,0.6560,0.6160,38.0000,0.6560,0.6270,37.0000,0.6560,0.6530,32.0000
1788242057.2602,0.6560,0.6570,35.0000,0.6560,0.6300,38.0000,0.6560,0.6520,36.0000,0.6560,0.6580,31.0000
1788242057.3090,0.6560,0.6510,35.0000,0.6560,0.6330,38.0000,0.6560,0.6250,38.0000,0.6560,0.6710,31.0000
1788242057.3602,0.6560,0.6590,35.0000,0.6560,0.6530,37.0000,0.6560,0.6370,38.0000,0.6560,0.6500,32.0000
1788242057.4090,0.6560,0.6550,35.0000,0.6560,0.6710,36.0000,0.6560,0.6620,36.0000,0.6560,0.6570,31.0000
1788242057.4601,0.6560,0.6690,34.0000,0.6560,0.6910,35.0000,0.6560,0.6950,34.0000,0.6560,0.6540,32.0000
1788242057.5090,0.6560,0.6590,35.0000,0.6560,0.6920,34.0000,0.6560,0.6840,35.0000,0.6560,0.6830,30.0000
1788242057.5591,0.6560,0.6760,34.0000,0.6560,0.7010,33.0000,0.6560,0.6800,35.0000,0.6560,0.6630,31.0000
1788242057.6091,0.6560,0.6820,33.0000,0.6560,0.6840,34.0000,0.6560,0.6780,35.0000,0.6560,0.6690,30.0000
1788242057.6590,0.6560,0.6700,34.0000,0.6560,0.6680,35.0000,0.6560,0.6790,34.0000,0.6560,0.6530,31.0000
1788242057.7090,0.6560,0.6550,34.0000,0.6560,0.6700,34.0000,0.6560,0.6560,35.0000,0.6560,0.6600,31.0000
1788242057.7591,0.6560,0.6160,36.0000,0.6560,0.6250,37.0000,0.6560,0.5810,40.0000,0.6560,0.6370,32.0000
1788242057.8090,0.6560,0.6260,36.0000,0.6560,0.5990,38.0000,0.6560,0.5840,40.0000,0.6560,0.6490,31.0000
1788242057.8590,0.6560,0.6540,35.0000,0.6560,0.6340,37.0000,0.6560,0.6520,37.0000,0.6560,0.6490,32.0000
1788242057.9090,0.6560,0.6690,34.0000,0.6560,0.6530,36.0000,0.6560,0.6550,37.0000,0.6560,0.6730,30.0000
1788242057.9590,0.6560,0.6510,35.0000,0.6560,0.6450,37.0000,0.6560,0.6470,38.0000,0.6560,0.6540,31.0000
1788242058.0090,0.6560,0.6540,35.0000,0.6560,0.6580,36.0000,0.6560,0.6730,36.0000,0.6560,0.6640,31.0000
1788242058.0590,0.6560,0.6610,35.0000,0.6560,0.6790,35.0000,0.6560,0.6730,36.0000,0.6560,0.6510,31.0000
1788242058.1091,0.6560,0.6730,34.0000,0.6560,0.6870,34.0000,0.6560,0.6870,35.0000,0.6560,0.6710,30.0000
1788242058.1590,0.6560,0.6560,35.0000,0.6560,0.6870,34.0000,0.6560,0.6730,36.0000,0.6560,0.6580,31.0000
1788242058.2090,0.6560,0.6630,34.0000,0.6560,0.6950,33.0000,0.6560,0.6800,35.0000,0.6560,0.6710,30.0000
1788242058.2591,0.6560,0.6820,33.0000,0.6560,0.6880,33.0000,0.6560,0.6920,34.0000,0.6560,0.6530,31.0000
1788242058.3091,0.6560,0.6670,34.0000,0.6560,0.6580,35.0000,0.6560,0.6740,35.0000,0.6560,0.6690,30.0000
1788242058.3590,0.6560,0.6500,34.0000,0.6560,0.6590,35.0000,0.6560,0.6600,35.0000,0.6560,0.6490,31.0000
1788242058.4090,0.6560,0.6170,36.0000,0.6560,0.6350,36.0000,0.6560,0.6090,38.0000,0.6560,0.6390,32.0000
1788242058.4590,0.6560,0.6280,36.0000,0.6560,0.6100,38.0000,0.6560,0.6020,39.0000,0.6560,0.6400,32.0000
1788242058.5091,0.6560,0.6540,35.0000,0.6560,0.6370,36.0000,0.6560,0.6490,36.0000,0.6560,0.6550,31.0000
1788242058.5590,0.6560,0.6490,35.0000,0.6560,0.6610,35.0000,0.6560,0.6480,37.0000,0.6560,0.6580,31.0000
1788242058.6092,0.6560,0.6450,35.0000,0.6560,0.6350,37.0000,0.6560,0.6290,38.0000,0.6560,0.6530,31.0000
1788242058.6590,0.6560,0.6660,34.0000,0.6560,0.6600,36.0000,0.6560,0.6510,37.0000,0.6560,0.6460,32.0000
1788242058.7091,0.6560,0.6770,34.0000,0.6560,0.6700,35.0000,0.6560,0.6890,35.0000,0.6560,0.6650,31.0000
1788242058.7590,0.6560,0.6590,35.0000,0.6560,0.6800,35.0000,0.6560,0.6760,36.0000,0.6560,0.6630,31.0000
1788242058.8091,0.6560,0.6750,34.0000,0.6560,0.6910,34.0000,0.6560,0.6820,35.0000,0.6560,0.6660,31.0000
1788242058.8590,0.6560,0.6850,33.0000,0.6560,0.6650,35.0000,0.6560,0.6700,35.0000,0.6560,0.6640,31.0000
1788242058.9091,0.6560,0.6900,32.0000,0.6560,0.6590,35.0000,0.6560,0.6830,34.0000,0.6560,0.6500,31.0000
1788242058.9590,0.6560,0.6470,35.0000,0.6560,0.6680,34.0000,0.6560,0.6610,35.0000,0.6560,0.6600,31.0000
1788242059.0090,0.6560,0.6450,35.0000,0.6560,0.6260,37.0000,0.6560,0.6280,37.0000,0.6560,0.6330,32.0000
1788242059.0591,0.6560,0.6190,36.0000,0.6560,0.6040,38.0000,0.6560,0.6010,39.0000,0.6560,0.6370,32.0000
1788242059.1091,0.6560,0.6340,36.0000,0.6560,0.6050,38.0000,0.6560,0.6400,37.0000,0.6560,0.6420,32.0000
1788242059.1590,0.6560,0.6590,35.0000,0.6560,0.6630,35.0000,0.6560,0.6780,35.0000,0.6560,0.6710,31.0000
1788242059.2090,0.6560,0.6630,34.0000,0.6560,0.6580,36.0000,0.6560,0.6710,36.0000,0.6560,0.6410,32.0000
1788242059.2590,0.6560,0.6520,35.0000,0.6560,0.6470,37.0000,0.6560,0.6570,36.0000,0.6560,0.6580,31.0000
1788242059.3091,0.6560,0.6630,34.0000,0.6560,0.6460,37.0000,0.6560,0.6600,36.0000,0.6560,0.6400,32.0000
1788242059.3590,0.6560,0.6440,35.0000,0.6560,0.6530,36.0000,0.6560,0.6590,36.0000,0.6560,0.6690,31.0000
1788242059.4091,0.6560,0.6600,35.0000,0.6560,0.6420,37.0000,0.6560,0.6760,35.0000,0.6560,0.6530,32.0000
1788242059.4590,0.6560,0.6550,35.0000,0.6560,0.6470,37.0000,0.6560,0.6720,35.0000,0.6560,0.6610,31.0000
1788242059.5091,0.6560,0.6800,33.0000,0.6560,0.6590,36.0000,0.6560,0.6850,34.0000,0.6560,0.6750,30.0000
1788242059.5591,0.6560,0.6940,32.0000,0.6560,0.6680,36.0000,0.6560,0.6800,34.0000,0.6560,0.6770,30.0000
1788242059.6090,0.6560,0.6500,35.0000,0.6560,0.6490,37.0000,0.6560,0.6660,35.0000,0.6560,0.6450,32.0000
1788242059.6591,0.6560,0.6390,35.0000,0.6560,0.6410,38.0000,0.6560,0.6540,35.0000,0.6560,0.6500,32.0000
1788242059.7090,0.6560,0.5940,38.0000,0.6560,0.6000,40.0000,0.6560,0.5960,39.0000,0.6560,0.6220,33.0000
1788242059.7591,0.6560,0.6120,37.0000,0.6560,0.6150,40.0000,0.6560,0.5900,40.0000,0.6560,0.6520,32.0000
1788242059.8090,0.6560,0.6480,35.0000,0.6560,0.6420,39.0000,0.6560,0.6400,37.0000,0.6560,0.6490,32.0000
1788242059.8591,0.6560,0.6560,35.0000,0.6560,0.6560,38.0000,0.6560,0.6510,37.0000,0.6560,0.6610,31.0000
1788242059.9089,0.8960,0.6790,55.0000,0.4160,0.6320,19.0000,1.0160,0.7370,64.0000,0.2960,0.5790,5.0000
1788242059.9590,1.3850,1.1370,75.0000,0.0190,0.1800,-2.0000,1.2940,1.2170,66.0000,-0.0720,0.0050,-8.0000
1788242060.0092,1.3850,1.3170,70.0000,0.0190,0.0080,3.0000,1.2940,1.3180,63.0000,-0.0720,-0.0340,-10.0000
1788242060.0590,0.9050,1.1870,37.0000,0.4990,0.2170,41.0000,0.6940,1.1360,21.0000,0.5280,0.2790,33.0000
1788242060.1092,0.6560,0.7740,34.0000,0.6560,0.6790,33.0000,0.6560,0.7020,36.0000,0.6560,0.7530,22.0000
1788242060.1590,0.6560,0.7140,34.0000,0.6560,0.6600,36.0000,0.6560,0.6800,34.0000,0.6560,0.7320,25.0000
1788242060.2089,0.6560,0.6950,34.0000,0.6560,0.6680,36.0000,0.6560,0.6660,34.0000,0.6560,0.6300,30.0000
1788242060.2590,0.6560,0.6640,35.0000,0.6560,0.6540,37.0000,0.6560,0.6470,35.0000,0.6560,0.6230,31.0000
1788242060.3090,0.6560,0.5370,42.0000,0.6560,0.6530,37.0000,0.6560,0.6480,35.0000,0.6560,0.6250,31.0000
1788242060.3590,0.6560,0.5770,40.0000,0.6560,0.6470,37.0000,0.6560,0.6330,36.0000,0.6560,0.6200,31.0000
1788242060.4090,0.1760,0.4630,4.0000,1.1360,0.8390,69.0000,0.0560,0.4240,-14.0000,1.2560,0.9690,65.0000
1788242060.4591,-0.0720,-0.0100,-3.0000,1.2940,1.3040,61.0000,0.0190,0.0360,0.0000,1.3850,1.4070,57.0000
1788242060.5092,-0.0720,-0.0130,-6.0000,1.2940,1.0950,76.0000,0.0190,0.0050,-1.0000,1.3850,1.2670,68.0000
1788242060.5589,0.0480,-0.0310,5.0000,1.1740,1.3480,53.0000,0.2590,0.0170,27.0000,1.1450,1.3190,46.0000
1788242060.6095,0.6480,0.4000,41.0000,0.6560,0.9560,28.0000,0.6560,0.5590,34.0000,0.6560,0.8570,27.0000
1788242060.6589,0.6560,0.6630,32.0000,0.6560,0.6980,37.0000,0.6560,0.6440,34.0000,0.6560,0.6870,32.0000
1788242060.7090,0.6560,0.6710,33.0000,0.6560,0.6950,35.0000,0.6560,0.6530,34.0000,0.6560,0.6990,29.0000
1788242060.7590,0.6560,0.6870,33.0000,0.6560,0.6720,36.0000,0.6560,0.6600,34.0000,0.6560,0.6890,29.0000
1788242060.8091,0.5360,0.6900,22.0000,0.7760,0.7020,44.0000,0.4160,0.6610,13.0000,0.8960,0.6810,50.0000
1788242060.8591,-0.0640,0.3460,-22.0000,1.2940,1.1500,66.0000,0.0190,0.1880,-6.0000,1.3850,1.2190,65.0000
1788242060.9091,-0.0720,-0.0360,-7.0000,1.2940,1.2380,65.0000,0.0190,0.0180,-1.0000,1.3850,1.2350,69.0000
1788242060.9592,-0.0720,-0.0250,-11.0000,1.2940,1.2620,65.0000,0.0190,0.0010,-2.0000,1.3850,1.3630,64.0000
1788242061.0091,-0.0720,-0.0460,-10.0000,1.2940,1.3090,63.0000,0.1390,0.0000,13.0000,1.2650,1.4070,53.0000
1788242061.0602,0.5280,0.2010,37.0000,0.6940,1.0380,25.0000,0.6190,0.4290,43.0000,0.6650,1.0160,20.0000
1788242061.1092,0.6560,0.6290,29.0000,0.6560,0.6880,36.0000,0.6560,0.6520,32.0000,0.6560,0.7030,31.0000
1788242061.1597,0.6560,0.6160,33.0000,0.6560,0.6760,34.0000,0.6560,0.6770,32.0000,0.6560,0.6780,30.0000
1788242061.2098,0.6560,0.6470,32.0000,0.6560,0.6760,33.0000,0.6560,0.6710,33.0000,0.6560,0.6660,30.0000
1788242061.2597,0.6560,0.6380,33.0000,0.6560,0.6540,34.0000,0.6560,0.6550,34.0000,0.6560,0.6490,31.0000
1788242061.3091,0.6560,0.6310,34.0000,0.6560,0.6500,35.0000,0.6560,0.6470,34.0000,0.6560,0.6630,30.0000
1788242061.3602,0.6560,0.6360,34.0000,0.6560,0.6030,37.0000,0.6560,0.6330,35.0000,0.6560,0.5880,34.0000
1788242061.4102,0.6560,0.6370,34.0000,0.6560,0.6250,36.0000,0.6560,0.6500,34.0000,0.6560,0.6250,33.0000
1788242061.4602,0.6560,0.6510,34.0000,0.6560,0.6620,35.0000,0.6560,0.6450,34.0000,0.6560,0.6580,31.0000
1788242061.5103,0.6560,0.6420,34.0000,0.6560,0.6750,34.0000,0.6560,0.6510,34.0000,0.6560,0.6690,31.0000
1788242061.5602,0.6560,0.6510,34.0000,0.6560,0.6530,35.0000,0.6560,0.6430,35.0000,0.6560,0.6640,31.0000
1788242061.6092,0.6560,0.6520,34.0000,0.6560,0.6650,35.0000,0.6560,0.6670,33.0000,0.6560,0.6660,31.0000
1788242061.6592,0.6560,0.6760,33.0000,0.6560,0.6750,34.0000,0.6560,0.7030,31.0000,0.6560,0.6620,31.0000
1788242061.7092,0.6560,0.6870,32.0000,0.6560,0.6820,33.0000,0.6560,0.6820,32.0000,0.6560,0.6770,30.0000
1788242061.7591,0.6560,0.6520,34.0000,0.6560,0.6740,34.0000,0.6560,0.6460,34.0000,0.6560,0.6800,30.0000
1788242061.8091,0.6560,0.6490,34.0000,0.6560,0.6570,34.0000,0.6560,0.6560,33.0000,0.6560,0.6600,31.0000
1788242061.8591,0.6560,0.6580,33.0000,0.6560,0.6620,34.0000,0.6560,0.6420,34.0000,0.6560,0.6530,31.0000
1788242061.9091,0.6560,0.6160,36.0000,0.6560,0.6640,34.0000,0.6560,0.6370,34.0000,0.6560,0.6350,32.0000
1788242061.9591,0.6560,0.6320,35.0000,0.6560,0.6080,37.0000,0.6560,0.6270,35.0000,0.6560,0.5980,34.0000
1788242062.0092,0.6560,0.6370,35.0000,0.6560,0.6180,37.0000,0.6560,0.6350,35.0000,0.6560,0.5890,35.0000
1788242062.0591,0.6560,0.6590,34.0000,0.6560,0.6410,36.0000,0.6560,0.6520,34.0000,0.6560,0.6440,33.0000
1788242062.1092,0.6560,0.6510,35.0000,0.6560,0.6500,36.0000,0.6560,0.6530,34.0000,0.6560,0.6480,33.0000
1788242062.1591,0.6560,0.6320,36.0000,0.6560,0.6540,36.0000,0.6560,0.6510,35.0000,0.6560,0.6720,32.0000
1788242062.2091,0.6560,0.6390,35.0000,0.6560,0.6660,35.0000,0.6560,0.6610,34.0000,0.6560,0.6590,33.0000
1788242062.2591,0.6560,0.6450,35.0000,0.6560,0.6770,34.0000,0.6560,0.6550,34.0000,0.6560,0.6500,33.0000
1788242062.3091,0.6560,0.6690,34.0000,0.6560,0.6640,35.0000,0.6560,0.6550,34.0000,0.6560,0.6590,33.0000
1788242062.3591,0.6560,0.6600,34.0000,0.6560,0.6610,35.0000,0.6560,0.6540,35.0000,0.6560,0.6900,31.0000
1788242062.4091,0.6560,0.6570,35.0000,0.6560,0.6600,35.0000,0.6560,0.6620,34.0000,0.6560,0.6720,32.0000
1788242062.4591,0.6560,0.6680,34.0000,0.6560,0.6760,34.0000,0.6560,0.6660,34.0000,0.6560,0.6840,31.0000
1788242062.5091,0.6560,0.6730,34.0000,0.6560,0.6610,35.0000,0.6560,0.6520,35.0000,0.6560,0.6610,32.0000
1788242062.5591,0.6560,0.6530,34.0000,0.6560,0.6540,35.0000,0.6560,0.6590,34.0000,0.6560,0.6820,30.0000
1788242062.6092,0.6560,0.6510,35.0000,0.6560,0.6270,36.0000,0.6560,0.6570,34.0000,0.6560,0.6170,34.0000
1788242062.6591,0.6560,0.6340,36.0000,0.6560,0.6290,36.0000,0.6560,0.6630,34.0000,0.6560,0.6240,34.0000
1788242062.7092,0.6560,0.6520,35.0000,0.6560,0.6440,36.0000,0.6560,0.6490,35.0000,0.6560,0.6250,34.0000
1788242062.7591,0.6560,0.6480,35.0000,0.6560,0.6470,36.0000,0.6560,0.6580,34.0000,0.6560,0.6640,32.0000
1788242062.8092,0.6560,0.6640,34.0000,0.6560,0.6580,35.0000,0.6560,0.6530,34.0000,0.6560,0.6570,32.0000
1788242062.8591,0.6560,0.6620,34.0000,0.6560,0.6580,35.0000,0.6560,0.6620,34.0000,0.6560,0.6670,32.0000
1788242062.9091,0.6560,0.6710,34.0000,0.6560,0.6620,35.0000,0.6560,0.6500,35.0000,0.6560,0.6630,32.0000
1788242062.9591,0.6560,0.6410,35.0000,0.6560,0.6680,34.0000,0.6560,0.6530,34.0000,0.6560,0.6660,32.0000
1788242063.0091,0.6560,0.6550,35.0000,0.6560,0.6610,35.0000,0.6560,0.6470,35.0000,0.6560,0.6610,32.0000
1788242063.0591,0.6560,0.6600,34.0000,0.6560,0.6660,34.0000,0.6560,0.6600,34.0000,0.6560,0.6610,32.0000
1788242063.1092,0.6560,0.6630,34.0000,0.6560,0.6420,36.0000,0.6560,0.6490,35.0000,0.6560,0.6740,31.0000
1788242063.1591,0.6560,0.6430,35.0000,0.6560,0.6540,35.0000,0.6560,0.6580,34.0000,0.6560,0.6750,31.0000
1788242063.2093,0.6560,0.6420,35.0000,0.6560,0.6540,35.0000,0.6560,0.6420,35.0000,0.6560,0.6410,32.0000
1788242063.2624,0.6560,0.6570,35.0000,0.6560,0.6320,36.0000,0.6560,0.6530,34.0000,0.6560,0.6310,33.0000
1788242063.3095,0.6560,0.6570,35.0000,0.6560,0.6460,36.0000,0.6560,0.6520,35.0000,0.6560,0.6390,33.0000
1788242063.3589,0.6560,0.6370,36.0000,0.6560,0.6590,35.0000,0.6560,0.6610,34.0000,0.6560,0.6610,32.0000
1788242063.4091,0.6560,0.6590,35.0000,0.6560,0.6580,35.0000,0.6560,0.6480,35.0000,0.6560,0.6780,31.0000
1788242063.4589,0.6560,0.6630,35.0000,0.6560,0.6780,34.0000,0.6560,0.6670,34.0000,0.6560,0.6660,31.0000
1788242063.5090,0.6560,0.6740,34.0000,0.6560,0.6760,34.0000,0.6560,0.6630,34.0000,0.6560,0.6730,31.0000
1788242063.5589,0.6560,0.6530,35.0000,0.6560,0.6750,34.0000,0.6560,0.6600,34.0000,0.6560,0.6660,31.0000
1788242063.6091,0.6560,0.6680,34.0000,0.6560,0.6660,34.0000,0.6560,0.6580,34.0000,0.6560,0.6810,30.0000
1788242063.6617,0.6560,0.6740,34.0000,0.6560,0.6630,34.0000,0.6560,0.6790,33.0000,0.6560,0.6770,30.0000
1788242063.7091,0.6560,0.6810,33.0000,0.6560,0.6780,33.0000,0.6560,0.6690,33.0000,0.6560,0.6880,29.0000
1788242063.7589,0.6560,0.6760,33.0000,0.6560,0.6560,35.0000,0.6560,0.6650,33.0000,0.6560,0.6730,30.0000
1788242063.8092,0.6560,0.6550,34.0000,0.6560,0.6430,35.0000,0.6560,0.6490,34.0000,0.6560,0.6630,30.0000
1788242063.8591,0.6560,0.6490,34.0000,0.6560,0.6350,36.0000,0.6560,0.6590,34.0000,0.6560,0.6530,30.0000
1788242063.9100,0.6560,0.6350,35.0000,0.6560,0.6480,35.0000,0.6560,0.6500,34.0000,0.6560,0.6150,33.0000
1788242063.9633,0.6560,0.6360,35.0000,0.6560,0.6370,36.0000,0.6560,0.6370,35.0000,0.6560,0.5470,37.0000
1788242064.0096,0.6560,0.6430,35.0000,0.6560,0.5990,39.0000,0.6560,0.6420,35.0000,0.6560,0.6100,34.0000
1788242064.0591,0.6560,0.6520,35.0000,0.6560,0.6450,36.0000,0.6560,0.6600,34.0000,0.6560,0.6580,32.0000
1788242064.1090,0.6560,0.6630,34.0000,0.6560,0.6660,35.0000,0.6560,0.6620,34.0000,0.6560,0.6830,31.0000
1788242064.1590,0.6560,0.6640,34.0000,0.6560,0.6680,35.0000,0.6560,0.6500,35.0000,0.6560,0.6680,32.0000
1788242064.2093,0.6560,0.6550,35.0000,0.6560,0.6500,36.0000,0.6560,0.6580,34.0000,0.6560,0.6790,31.0000
1788242064.2592,0.6560,0.6460,35.0000,0.6560,0.6450,36.0000,0.6560,0.6560,34.0000,0.6560,0.6600,32.0000
1788242064.3092,0.6560,0.6400,36.0000,0.6560,0.6450,36.0000,0.6560,0.6440,35.0000,0.6560,0.6620,32.0000
1788242064.3591,0.6560,0.6580,35.0000,0.6560,0.6510,36.0000,0.6560,0.6520,35.0000,0.6560,0.6700,31.0000
1788242064.4091,0.6560,0.6470,35.0000,0.6560,0.6550,36.0000,0.6560,0.6600,34.0000,0.6560,0.6890,30.0000
1788242064.4591,0.6560,0.6610,35.0000,0.6560,0.6580,36.0000,0.6560,0.6510,35.0000,0.6560,0.6660,31.0000
1788242064.5092,0.6560,0.6470,35.0000,0.6560,0.6630,35.0000,0.6560,0.6580,34.0000,0.6560,0.6660,31.0000
1788242064.5591,0.6560,0.6480,35.0000,0.6560,0.6230,38.0000,0.6560,0.6460,35.0000,0.6560,0.5810,36.0000
1788242064.6092,0.6560,0.6280,37.0000,0.6560,0.6010,39.0000,0.6560,0.6590,34.0000,0.6560,0.6280,33.0000
1788242064.6591,0.6560,0.6470,36.0000,0.6560,0.6400,37.0000,0.6560,0.6520,35.0000,0.6560,0.6600,32.0000
1788242064.7092,0.6560,0.6670,35.0000,0.6560,0.6730,36.0000,0.6560,0.6640,34.0000,0.6560,0.6620,32.0000
1788242064.7591,0.6560,0.6820,34.0000,0.6560,0.6650,36.0000,0.6560,0.6510,35.0000,0.6560,0.6660,32.0000
1788242064.8092,0.6560,0.6500,36.0000,0.6560,0.6870,35.0000,0.6560,0.6640,34.0000,0.6560,0.6860,30.0000
1788242064.8591,0.6560,0.6650,35.0000,0.6560,0.6690,36.0000,0.6560,0.6520,35.0000,0.6560,0.6740,31.0000
1788242064.9091,0.6560,0.6790,34.0000,0.6560,0.6840,34.0000,0.6560,0.6830,33.0000,0.6560,0.6780,30.0000
1788242064.9592,0.6560,0.7070,32.0000,0.6560,0.6740,35.0000,0.6560,0.6570,34.0000,0.6560,0.6830,30.0000
1788242065.0092,0.6560,0.6840,33.0000,0.6560,0.6800,34.0000,0.6560,0.6550,34.0000,0.6560,0.7040,28.0000
1788242065.0592,0.6560,0.6520,34.0000,0.6560,0.6760,34.0000,0.6560,0.6450,34.0000,0.6560,0.6850,29.0000
1788242065.1093,0.6560,0.6650,33.0000,0.6560,0.6640,35.0000,0.6560,0.6610,34.0000,0.6560,0.6580,30.0000
1788242065.1593,0.6560,0.6620,33.0000,0.6560,0.6640,35.0000,0.6560,0.6470,35.0000,0.6560,0.6450,31.0000
1788242065.2092,0.6560,0.6140,36.0000,0.6560,0.6470,36.0000,0.6560,0.6480,35.0000,0.6560,0.6180,32.0000
1788242065.2591,0.6560,0.6180,36.0000,0.6560,0.6200,37.0000,0.6560,0.6390,35.0000,0.6560,0.5430,37.0000
1788242065.3092,0.7760,0.6370,46.0000,0.5360,0.6280,27.0000,0.4160,0.6470,14.0000,0.8960,0.6340,53.0000
1788242065.3591,0.9190,0.9270,44.0000,0.0000,0.2500,0.0000,0.0000,0.1910,0.0000,0.9190,0.8510,46.0000
1788242065.4093,0.9190,0.8950,47.0000,0.0000,0.0110,0.0000,0.0000,0.0220,0.0000,0.9190,0.9160,44.0000
1788242065.4591,0.9190,0.8910,48.0000,0.0000,0.0010,0.0000,0.1200,0.1900,4.0000,0.7990,0.9640,32.0000
1788242065.5092,0.6560,0.6600,38.0000,0.6000,0.3680,41.0000,0.6560,0.5240,37.0000,0.6560,0.7030,32.0000
1788242065.5592,0.6560,0.6410,38.0000,0.6560,0.7040,31.0000,0.6560,0.6560,33.0000,0.6560,0.7290,29.0000
1788242065.6093,0.6560,0.6350,38.0000,0.6560,0.7000,33.0000,0.6560,0.6330,35.0000,0.6560,0.6750,31.0000
1788242065.6591,0.6560,0.6180,39.0000,0.6560,0.6740,34.0000,0.5360,0.6510,24.0000,0.7760,0.6610,41.0000
1788242065.7092,0.9190,0.7900,53.0000,0.0560,0.4160,-13.0000,0.0000,0.3120,0.0000,0.9190,0.9270,40.0000
1788242065.7602,0.9190,0.8450,53.0000,0.0000,0.0410,0.0000,0.0000,0.0960,0.0000,0.9190,0.8640,45.0000
1788242065.8092,0.6560,0.7160,38.0000,0.4800,0.1330,43.0000,0.6000,0.3370,43.0000,0.6560,0.6450,35.0000
1788242065.8592,0.6560,0.6790,39.0000,0.6560,0.6980,31.0000,0.6560,0.6860,32.0000,0.6560,0.5800,37.0000
1788242065.9093,0.6560,0.6940,37.0000,0.6560,0.6540,36.0000,0.6560,0.6440,36.0000,0.6560,0.6140,35.0000
1788242065.9592,0.6560,0.6600,39.0000,0.6560,0.6770,36.0000,0.6560,0.6770,35.0000,0.6560,0.6800,32.0000
1788242066.0092,0.6560,0.6780,38.0000,0.6560,0.6890,35.0000,0.6560,0.6640,35.0000,0.6560,0.6820,32.0000
1788242066.0592,0.4160,0.6800,17.0000,0.8960,0.6940,55.0000,0.2960,0.6150,6.0000,1.0160,0.7270,61.0000
1788242066.1104,-0.0720,0.1730,-10.0000,1.2940,1.2610,61.0000,0.0190,0.1150,-2.0000,1.3850,1.2210,69.0000
1788242066.1592,-0.0720,0.0050,-6.0000,1.2940,1.2930,63.0000,0.0190,0.1290,-7.0000,1.3850,1.4270,62.0000
1788242066.2092,-0.0720,0.0010,-8.0000,1.2940,1.3170,62.0000,0.0190,0.0450,-4.0000,1.3850,1.4590,61.0000
1788242066.2592,-0.0720,0.0160,-10.0000,1.2940,1.2720,65.0000,0.0190,0.0090,-3.0000,1.3850,1.4280,63.0000
1788242066.3093,-0.0720,-0.0070,-10.0000,1.2940,1.2610,65.0000,0.0190,0.0460,-5.0000,1.3850,1.4470,61.0000
1788242066.3592,-0.0720,-0.0000,-11.0000,1.2940,1.2560,66.0000,0.0190,0.0140,-4.0000,1.3850,1.4230,62.0000
1788242066.4093,-0.0720,-0.0100,-11.0000,1.2940,1.2200,68.0000,0.0190,0.0030,-3.0000,1.3850,1.4170,62.0000
1788242066.4594,-0.0720,-0.0500,-10.0000,1.2940,1.2390,68.0000,0.0190,0.0050,-3.0000,1.3850,1.4120,62.0000
1788242066.5093,0.1680,-0.0240,16.0000,1.0540,1.2390,48.0000,0.3790,0.0880,32.0000,1.0250,1.3360,34.0000
1788242066.5592,0.6560,0.4840,35.0000,0.6560,0.7680,36.0000,0.6560,0.6210,30.0000,0.6560,0.6990,34.0000
1788242066.6093,0.6560,0.6120,32.0000,0.6560,0.7080,36.0000,0.6560,0.6300,33.0000,0.6560,0.6680,31.0000
1788242066.6592,0.6560,0.6320,33.0000,0.6560,0.7110,34.0000,0.6560,0.6580,33.0000,0.6560,0.6750,30.0000
1788242066.7092,0.6560,0.6340,33.0000,0.6560,0.6810,35.0000,0.6560,0.6520,33.0000,0.6560,0.6600,30.0000
1788242066.7592,0.6560,0.6420,33.0000,0.6560,0.6680,36.0000,0.6560,0.6470,34.0000,0.6560,0.6570,30.0000
1788242066.8093,0.6560,0.6370,34.0000,0.6560,0.5860,40.0000,0.6560,0.6480,34.0000,0.6560,0.5990,34.0000
1788242066.8593,0.4160,0.6200,14.0000,0.8960,0.6110,60.0000,0.2960,0.5670,7.0000,1.0160,0.6780,61.0000
1788242066.9093,-0.0720,0.1480,-14.0000,1.2940,1.1190,70.0000,0.0190,0.0490,0.0000,1.3850,1.2740,64.0000
1788242066.9592,-0.0720,-0.0270,-9.0000,1.2940,1.2330,69.0000,0.0190,0.0790,-6.0000,1.3850,1.3750,63.0000
1788242067.0093,0.0480,-0.0360,1.0000,1.1740,1.2700,58.0000,0.2590,0.0730,23.0000,1.1450,1.4120,42.0000
1788242067.0592,0.6480,0.3400,41.0000,0.6560,0.9370,30.0000,0.6560,0.5170,35.0000,0.6560,0.9230,23.0000
1788242067.1093,0.6560,0.6350,30.0000,0.6560,0.7190,37.0000,0.6560,0.6230,33.0000,0.6560,0.6330,34.0000
1788242067.1593,0.6560,0.6370,32.0000,0.6560,0.7200,35.0000,0.6560,0.6650,32.0000,0.6560,0.6580,31.0000
1788242067.2092,0.6560,0.6280,34.0000,0.6560,0.7060,34.0000,0.6560,0.6920,31.0000,0.6560,0.6510,31.0000
1788242067.2592,0.6560,0.6530,33.0000,0.6560,0.6890,35.0000,0.6560,0.7250,29.0000,0.6560,0.6450,31.0000
1788242067.3092,0.6560,0.6660,32.0000,0.6560,0.6830,34.0000,0.6560,0.6540,32.0000,0.6560,0.6600,30.0000
1788242067.3593,0.6560,0.6530,33.0000,0.6560,0.6730,35.0000,0.6560,0.6370,33.0000,0.6560,0.6510,31.0000
1788242067.4093,0.6560,0.6340,34.0000,0.6560,0.5940,39.0000,0.6560,0.6260,34.0000,0.6560,0.6350,32.0000
1788242067.4593,0.6560,0.6340,34.0000,0.6560,0.6000,39.0000,0.6560,0.6370,33.0000,0.6560,0.6360,32.0000
1788242067.5093,0.6560,0.6440,34.0000,0.6560,0.6340,37.0000,0.6560,0.6380,34.0000,0.6560,0.6500,32.0000
1788242067.5589,0.6560,0.6540,33.0000,0.6560,0.6120,39.0000,0.6560,0.6450,33.0000,0.6560,0.6480,32.0000
1788242067.6094,0.6560,0.6440,34.0000,0.6560,0.5970,40.0000,0.6560,0.6140,35.0000,0.6560,0.6380,33.0000
1788242067.6593,0.6560,0.6450,34.0000,0.6560,0.6160,40.0000,0.6560,0.6260,35.0000,0.6560,0.6440,32.0000
1788242067.7093,0.6560,0.6440,34.0000,0.6560,0.6320,39.0000,0.6560,0.6280,35.0000,0.6560,0.6590,32.0000
1788242067.7593,0.6560,0.6550,34.0000,0.6560,0.6900,36.0000,0.6560,0.6450,35.0000,0.6560,0.6480,33.0000
1788242067.8093,0.6560,0.6500,34.0000,0.6560,0.6930,36.0000,0.6560,0.6380,35.0000,0.6560,0.6330,33.0000
1788242067.8592,0.6560,0.6470,34.0000,0.6560,0.6820,36.0000,0.6560,0.6530,35.0000,0.6560,0.6630,32.0000
1788242067.9093,0.6560,0.6480,34.0000,0.6560,0.6660,37.0000,0.6560,0.6620,34.0000,0.6560,0.6520,32.0000
1788242067.9593,0.6560,0.6580,34.0000,0.6560,0.6850,36.0000,0.6560,0.6620,34.0000,0.6560,0.6780,31.0000
1788242068.0093,0.6560,0.6670,33.0000,0.6560,0.6750,36.0000,0.6560,0.6590,34.0000,0.6560,0.6530,32.0000
1788242068.0593,0.6560,0.6460,35.0000,0.6560,0.6690,36.0000,0.6560,0.6540,35.0000,0.6560,0.6560,32.0000
1788242068.1094,0.6560,0.6480,34.0000,0.6560,0.6460,37.0000,0.6560,0.6570,34.0000,0.6560,0.6480,32.0000
1788242068.1593,0.6560,0.6590,34.0000,0.6560,0.6570,37.0000,0.6560,0.6660,34.0000,0.6560,0.6710,31.0000
1788242068.2093,0.2960,0.6130,5.0000,1.0160,0.7550,63.0000,0.1760,0.5400,-3.0000,1.1360,0.8460,63.0000
1788242068.2593,-0.0720,0.0150,-6.0000,1.2940,1.1920,67.0000,0.0190,0.0540,-1.0000,1.3850,1.2860,66.0000
1788242068.3092,-0.0720,-0.0330,-8.0000,1.2940,1.3270,62.0000,0.0190,0.0060,-1.0000,1.3850,1.3740,64.0000
1788242068.3593,-0.0720,-0.0170,-11.0000,1.2940,1.3590,61.0000,0.0190,0.1670,-11.0000,1.3850,1.4370,61.0000
1788242068.4093,0.1680,0.0070,15.0000,1.0540,1.3360,42.0000,0.3790,0.0780,33.0000,1.0250,1.3680,34.0000
1788242068.4593,0.6560,0.4750,36.0000,0.6560,0.8260,32.0000,0.6560,0.6120,30.0000,0.6560,0.7950,29.0000
1788242068.5097,0.6560,0.6270,32.0000,0.6560,0.6620,36.0000,0.6560,0.5910,35.0000,0.6560,0.6860,31.0000
1788242068.5594,0.1760,0.4850,-2.0000,1.1360,0.8300,68.0000,0.0560,0.3870,-14.0000,1.2560,0.9610,67.0000
1788242068.6094,-0.0720,-0.0760,-4.0000,1.2940,1.2110,65.0000,0.0190,-0.0200,2.0000,1.3850,1.2880,65.0000
1788242068.6594,-0.0720,-0.0380,-10.0000,1.2940,1.3060,62.0000,0.0190,0.0180,-2.0000,1.3850,1.3360,65.0000
1788242068.7093,-0.0720,-0.0590,-9.0000,1.2940,1.3500,61.0000,0.0190,0.0370,-4.0000,1.3850,1.4230,61.0000
1788242068.7593,-0.0720,-0.0740,-9.0000,1.2940,1.2780,65.0000,0.0190,0.0010,-2.0000,1.3850,1.4300,61.0000
1788242068.8093,0.1680,-0.0040,15.0000,1.0540,1.2580,45.0000,0.3790,0.0410,36.0000,1.0250,1.3660,33.0000
1788242068.8593,0.6560,0.4700,35.0000,0.6560,0.7910,33.0000,0.6560,0.6210,31.0000,0.6560,0.7960,28.0000
1788242068.9093,0.6560,0.6230,32.0000,0.6560,0.6830,35.0000,0.6560,0.6220,35.0000,0.6560,0.6610,31.0000
1788242068.9593,0.6560,0.6190,33.0000,0.6560,0.6420,36.0000,0.6560,0.6410,35.0000,0.6560,0.6520,30.0000
1788242069.0092,0.6560,0.6310,33.0000,0.6560,0.6300,37.0000,0.6560,0.6380,36.0000,0.6560,0.6370,31.0000
1788242069.0592,0.6560,0.6350,34.0000,0.6560,0.6440,36.0000,0.6560,0.6490,35.0000,0.6560,0.6550,30.0000
1788242069.1094,0.6560,0.6420,34.0000,0.6560,0.6450,36.0000,0.6560,0.6510,35.0000,0.6560,0.6300,31.0000
1788242069.1592,0.6560,0.6520,33.0000,0.6560,0.6600,36.0000,0.6560,0.6530,35.0000,0.6560,0.6480,30.0000
1788242069.2093,0.6560,0.6430,34.0000,0.6560,0.6790,34.0000,0.6560,0.6630,35.0000,0.6560,0.6390,31.0000
1788242069.2593,0.6560,0.6460,34.0000,0.6560,0.6890,34.0000,0.6560,0.6720,34.0000,0.6560,0.6690,29.0000
1788242069.3093,0.6560,0.6540,33.0000,0.6560,0.6820,34.0000,0.6560,0.6630,34.0000,0.6560,0.6560,30.0000
1788242069.3599,0.6560,0.6590,33.0000,0.6560,0.6780,34.0000,0.6560,0.6690,34.0000,0.6560,0.6630,30.0000
1788242069.4100,0.6560,0.6450,34.0000,0.6560,0.6540,35.0000,0.6560,0.6570,35.0000,0.6560,0.6380,31.0000
1788242069.4600,0.6560,0.6460,34.0000,0.6560,0.6070,37.0000,0.6560,0.6640,34.0000,0.6560,0.6640,30.0000
1788242069.5101,0.6560,0.6480,34.0000,0.6560,0.6040,38.0000,0.6560,0.6420,35.0000,0.6560,0.6370,31.0000
1788242069.5603,0.6560,0.6500,34.0000,0.6560,0.5890,39.0000,0.6560,0.6390,36.0000,0.6560,0.6460,31.0000
1788242069.6127,0.6560,0.6310,35.0000,0.6560,0.6170,38.0000,0.6560,0.6380,36.0000,0.6560,0.6390,32.0000
1788242069.6603,0.1760,0.5290,-2.0000,0.9190,0.8340,50.0000,0.9190,0.9080,45.0000,0.0560,0.3610,-14.0000
1788242069.7093,0.0000,0.0840,0.0000,0.9190,0.8670,51.0000,0.9190,0.8990,47.0000,0.0000,0.0240,0.0000
1788242069.7592,0.0000,0.1210,0.0000,0.9190,0.9390,47.0000,0.9190,0.9190,46.0000,0.0000,0.0020,0.0000
1788242069.8092,0.0000,0.0970,0.0000,0.9190,0.9680,46.0000,0.9190,0.9270,46.0000,0.0000,0.0000,0.0000
1788242069.8594,0.0000,0.0350,0.0000,0.9190,0.9480,47.0000,0.9190,0.9160,47.0000,0.0000,0.0380,0.0000
1788242069.9093,0.0000,0.0630,0.0000,0.9190,0.9000,49.0000,0.9190,0.9220,47.0000,0.0000,0.1630,0.0000
1788242069.9592,0.0000,0.0090,0.0000,0.9190,0.8500,52.0000,0.9190,0.8990,48.0000,0.0000,0.1730,0.0000
1788242070.0093,0.0000,-0.0000,0.0000,0.9190,0.8520,53.0000,0.9190,0.8430,51.0000,0.0000,0.1000,0.0000
1788242070.0593,0.0000,0.0020,0.0000,0.9190,0.9020,50.0000,0.7990,0.8830,39.0000,-0.1200,0.0860,-18.0000
1788242070.1096,-0.6000,-0.2240,-48.0000,0.6560,0.6930,38.0000,0.6560,0.6710,38.0000,-0.6560,-0.3440,-48.0000
1788242070.1595,-0.6560,-0.5940,-38.0000,0.6560,0.6660,38.0000,0.6560,0.6560,37.0000,-0.6560,-0.5910,-40.0000
1788242070.2096,-0.6560,-0.6440,-38.0000,0.6560,0.6430,39.0000,0.6560,0.5830,41.0000,-0.6560,-0.6240,-41.0000
1788242070.2595,-0.6560,-0.6870,-36.0000,0.6560,0.6070,41.0000,0.6560,0.6080,40.0000,-0.6560,-0.6790,-38.0000
1788242070.3095,-0.6560,-0.6760,-37.0000,0.6560,0.6710,38.0000,0.6560,0.6620,37.0000,-0.6560,-0.6660,-39.0000
1788242070.3595,-0.6560,-0.6730,-37.0000,0.6560,0.6730,38.0000,0.6560,0.6440,39.0000,-0.6560,-0.6980,-37.0000
1788242070.4095,-0.6560,-0.6760,-36.0000,0.6560,0.6780,37.0000,0.6560,0.6600,38.0000,-0.6560,-0.6810,-38.0000
1788242070.4595,-0.6560,-0.6710,-36.0000,0.6560,0.6540,38.0000,0.6560,0.6360,39.0000,-0.6560,-0.6640,-39.0000
1788242070.5095,-0.6560,-0.6700,-36.0000,0.6560,0.6420,39.0000,0.6560,0.6410,39.0000,-0.6560,-0.6630,-38.0000
1788242070.5594,-0.6560,-0.6660,-36.0000,0.6560,0.6490,39.0000,0.6560,0.6540,39.0000,-0.6560,-0.6700,-38.0000
1788242070.6108,-0.6560,-0.6580,-37.0000,0.6560,0.6630,38.0000,0.6560,0.6310,40.0000,-0.6560,-0.6630,-38.0000
1788242070.6607,-0.6560,-0.6450,-37.0000,0.6560,0.6410,39.0000,0.6560,0.6380,40.0000,-0.6560,-0.6580,-38.0000
1788242070.7107,-0.6560,-0.6480,-37.0000,0.6560,0.6340,40.0000,0.6560,0.6240,41.0000,-0.6560,-0.6650,-38.0000
1788242070.7595,-0.6560,-0.6550,-37.0000,0.6560,0.6370,40.0000,0.6560,0.6280,41.0000,-0.6560,-0.6590,-38.0000
1788242070.8096,-0.6560,-0.6490,-37.0000,0.6560,0.6400,40.0000,0.6560,0.6250,42.0000,-0.6560,-0.6490,-39.0000
1788242070.8594,-0.6560,-0.6430,-38.0000,0.6560,0.6320,41.0000,0.6560,0.6370,41.0000,-0.6560,-0.6480,-39.0000
1788242070.9096,-0.6560,-0.6640,-37.0000,0.6560,0.6310,41.0000,0.6560,0.6440,41.0000,-0.6560,-0.6610,-38.0000
1788242070.9594,-0.6560,-0.6900,-35.0000,0.6560,0.6530,40.0000,0.6560,0.6750,40.0000,-0.6560,-0.6480,-39.0000
1788242071.0093,-0.6560,-0.6680,-36.0000,0.6560,0.6950,38.0000,0.6560,0.6770,39.0000,-0.6560,-0.6900,-37.0000
1788242071.0592,-0.6560,-0.6590,-36.0000,0.6560,0.6850,38.0000,0.6560,0.6630,40.0000,-0.6560,-0.6880,-36.0000
1788242071.1097,-0.6560,-0.6380,-38.0000,0.6560,0.6630,39.0000,0.6560,0.6350,42.0000,-0.6560,-0.6770,-37.0000
1788242071.1592,-0.6560,-0.6470,-37.0000,0.6560,0.6370,40.0000,0.6560,0.6540,40.0000,-0.6560,-0.6390,-39.0000
1788242071.2097,-0.6560,-0.6460,-37.0000,0.6560,0.6510,40.0000,0.6560,0.6540,41.0000,-0.6560,-0.6400,-39.0000
1788242071.2595,-0.6560,-0.6430,-38.0000,0.6560,0.6450,40.0000,0.6560,0.6500,41.0000,-0.6560,-0.6470,-38.0000
1788242071.3100,-0.6560,-0.6540,-37.0000,0.6560,0.6420,40.0000,0.6560,0.6540,41.0000,-0.6560,-0.6760,-37.0000
1788242071.3593,-0.6560,-0.6390,-38.0000,0.6560,0.6480,40.0000,0.6560,0.6390,42.0000,-0.6560,-0.6570,-38.0000
1788242071.4094,-0.6560,-0.6320,-39.0000,0.6560,0.6280,41.0000,0.6560,0.6300,42.0000,-0.6560,-0.6160,-40.0000
1788242071.4594,-0.6560,-0.6490,-38.0000,0.6560,0.6080,43.0000,0.6560,0.6330,42.0000,-0.6560,-0.6220,-40.0000
1788242071.5109,-0.6560,-0.6620,-37.0000,0.6560,0.6310,42.0000,0.6560,0.6460,42.0000,-0.6560,-0.6330,-40.0000
1788242071.5593,-0.6560,-0.6830,-36.0000,0.6560,0.6520,41.0000,0.6560,0.6780,40.0000,-0.6560,-0.6430,-39.0000
1788242071.6095,-0.6560,-0.6520,-38.0000,0.6560,0.6890,39.0000,0.6560,0.7070,39.0000,-0.6560,-0.6910,-37.0000
1788242071.6593,-0.6560,-0.6550,-37.0000,0.6560,0.6810,39.0000,0.6560,0.6910,39.0000,-0.6560,-0.6890,-37.0000
1788242071.7094,-0.6560,-0.6650,-37.0000,0.6560,0.6710,39.0000,0.6560,0.6710,40.0000,-0.6560,-0.6980,-36.0000
1788242071.7591,-0.6560,-0.6610,-37.0000,0.6560,0.6490,40.0000,0.6560,0.6680,39.0000,-0.6560,-0.6640,-37.0000
1788242071.8093,-0.6560,-0.6440,-38.0000,0.6560,0.6340,41.0000,0.6560,0.6640,40.0000,-0.6560,-0.6660,-37.0000
1788242071.8593,-0.6560,-0.6440,-38.0000,0.6560,0.6460,41.0000,0.6560,0.6410,41.0000,-0.6560,-0.6540,-37.0000
1788242071.9094,-0.6560,-0.6310,-39.0000,0.6560,0.6290,42.0000,0.6560,0.6380,41.0000,-0.6560,-0.6460,-38.0000
1788242071.9593,-0.6560,-0.6460,-38.0000,0.6560,0.6360,42.0000,0.6560,0.6240,42.0000,-0.6560,-0.6580,-37.0000
1788242072.0093,-0.6560,-0.6390,-39.0000,0.6560,0.6300,42.0000,0.6560,0.6340,42.0000,-0.6560,-0.6550,-38.0000
1788242072.0593,-0.6560,-0.6590,-38.0000,0.6560,0.6290,43.0000,0.6560,0.6220,43.0000,-0.6560,-0.6360,-39.0000
1788242072.1095,-0.6560,-0.6510,-38.0000,0.6560,0.6500,42.0000,0.6560,0.6370,42.0000,-0.6560,-0.6420,-39.0000
1788242072.1593,-0.6560,-0.6490,-39.0000,0.6560,0.6340,43.0000,0.6560,0.6340,43.0000,-0.6560,-0.6350,-39.0000
1788242072.2098,-0.6560,-0.6570,-38.0000,0.6560,0.6610,42.0000,0.6560,0.6480,42.0000,-0.6560,-0.6420,-39.0000
1788242072.2595,-0.6560,-0.6650,-38.0000,0.6560,0.7100,39.0000,0.6560,0.6750,41.0000,-0.6560,-0.6550,-38.0000
1788242072.3096,-0.6560,-0.6680,-37.0000,0.6560,0.7380,37.0000,0.6560,0.7070,39.0000,-0.6560,-0.6790,-37.0000
1788242072.3595,-0.6560,-0.6470,-39.0000,0.6560,0.7380,36.0000,0.6560,0.6890,39.0000,-0.6560,-0.6800,-37.0000
1788242072.4094,-0.6560,-0.6380,-39.0000,0.6560,0.6560,40.0000,0.6560,0.6800,39.0000,-0.6560,-0.6510,-38.0000
1788242072.4594,-0.6560,-0.6360,-39.0000,0.6560,0.6320,41.0000,0.6560,0.6540,41.0000,-0.6560,-0.6640,-38.0000
1788242072.5095,-0.6560,-0.6360,-40.0000,0.6560,0.6390,41.0000,0.6560,0.6600,40.0000,-0.6560,-0.6740,-37.0000
1788242072.5597,-0.6560,-0.6410,-40.0000,0.6560,0.6410,41.0000,0.6560,0.6670,40.0000,-0.6560,-0.6820,-36.0000
1788242072.6095,-0.6560,-0.6220,-41.0000,0.6560,0.6310,42.0000,0.6560,0.6650,40.0000,-0.6560,-0.6780,-36.0000
1788242072.6592,-0.6560,-0.6330,-41.0000,0.6560,0.6450,41.0000,0.6560,0.6360,41.0000,-0.6560,-0.6320,-39.0000
1788242072.7095,-0.6560,-0.6610,-39.0000,0.6560,0.6240,43.0000,0.6560,0.6090,43.0000,-0.6560,-0.6230,-39.0000
1788242072.7593,-0.6560,-0.6580,-39.0000,0.6560,0.6200,43.0000,0.6560,0.6060,44.0000,-0.6560,-0.6330,-39.0000
1788242072.8094,-0.6560,-0.6620,-39.0000,0.6560,0.6460,42.0000,0.6560,0.6400,42.0000,-0.6560,-0.6380,-39.0000
1788242072.8602,-0.6560,-0.6590,-39.0000,0.6560,0.6860,40.0000,0.6560,0.6710,41.0000,-0.6560,-0.6550,-38.0000
1788242072.9096,-0.6560,-0.6660,-39.0000,0.6560,0.6890,40.0000,0.6560,0.6880,40.0000,-0.6560,-0.6530,-38.0000
1788242072.9601,-0.6560,-0.6580,-39.0000,0.6560,0.7270,37.0000,0.6560,0.6840,40.0000,-0.6560,-0.6970,-36.0000
1788242073.0094,-0.6560,-0.6800,-38.0000,0.6560,0.7300,36.0000,0.6560,0.7100,38.0000,-0.6560,-0.6410,-39.0000
1788242073.0595,-0.6560,-0.6360,-40.0000,0.6560,0.6590,39.0000,0.6560,0.6620,40.0000,-0.6560,-0.6600,-38.0000
1788242073.1096,-0.6560,-0.6670,-39.0000,0.6560,0.6250,41.0000,0.6560,0.6530,40.0000,-0.6560,-0.6670,-37.0000
1788242073.1594,-0.6560,-0.6710,-38.0000,0.6560,0.6130,42.0000,0.6560,0.6610,40.0000,-0.6560,-0.6800,-36.0000
1788242073.2096,-0.6560,-0.6500,-40.0000,0.6560,0.6260,41.0000,0.6560,0.6650,40.0000,-0.6560,-0.6760,-36.0000
1788242073.2607,-0.6560,-0.6630,-39.0000,0.6560,0.6440,40.0000,0.6560,0.6410,41.0000,-0.6560,-0.6830,-36.0000
1788242073.3096,-0.6560,-0.6620,-39.0000,0.6560,0.6220,42.0000,0.6560,0.6030,43.0000,-0.6560,-0.6520,-37.0000
1788242073.3595,-0.6560,-0.6440,-40.0000,0.6560,0.6100,43.0000,0.6560,0.5790,45.0000,-0.6560,-0.6620,-37.0000
1788242073.4096,-0.6560,-0.6720,-38.0000,0.6560,0.6330,42.0000,0.6560,0.5970,45.0000,-0.6560,-0.6330,-38.0000
1788242073.4602,-0.6560,-0.6610,-39.0000,0.6560,0.6620,41.0000,0.6560,0.6210,44.0000,-0.6560,-0.6400,-38.0000
1788242073.5096,-0.6560,-0.6580,-39.0000,0.6560,0.6980,39.0000,0.6560,0.6430,44.0000,-0.6560,-0.6400,-38.0000
1788242073.5594,-0.6560,-0.6420,-40.0000,0.6560,0.7260,37.0000,0.6560,0.6740,42.0000,-0.6560,-0.6650,-37.0000
1788242073.6097,-0.6560,-0.6470,-40.0000,0.6560,0.7370,36.0000,0.6560,0.6890,41.0000,-0.6560,-0.6640,-37.0000
1788242073.6594,-0.6560,-0.6910,-37.0000,0.6560,0.7270,35.0000,0.6560,0.7440,37.0000,-0.6560,-0.6330,-39.0000
1788242073.7099,-0.6560,-0.6370,-40.0000,0.6560,0.7140,35.0000,0.6560,0.7070,39.0000,-0.6560,-0.6620,-37.0000
1788242073.7594,-0.6560,-0.6400,-40.0000,0.6560,0.6520,38.0000,0.6560,0.6300,43.0000,-0.6560,-0.6940,-35.0000
1788242073.8093,-0.6560,-0.6760,-38.0000,0.6560,0.6310,39.0000,0.6560,0.6460,42.0000,-0.6560,-0.6990,-35.0000
1788242073.8595,-0.6560,-0.6260,-41.0000,0.6560,0.6140,40.0000,0.6560,0.6420,42.0000,-0.6560,-0.6700,-36.0000
1788242073.9094,-0.6560,-0.6390,-40.0000,0.6560,0.6270,40.0000,0.6560,0.6030,44.0000,-0.6560,-0.6350,-38.0000
1788242073.9609,-0.6560,-0.6510,-40.0000,0.6560,0.5990,42.0000,0.6560,0.5800,46.0000,-0.6560,-0.6280,-38.0000
1788242074.0094,-0.6560,-0.6550,-40.0000,0.6560,0.6000,42.0000,0.6560,0.5820,47.0000,-0.6560,-0.6310,-38.0000
1788242074.0601,-0.6560,-0.6480,-40.0000,0.6560,0.6230,42.0000,0.6560,0.6260,45.0000,-0.6560,-0.6480,-37.0000
1788242074.1098,-0.6560,-0.6470,-40.0000,0.6560,0.6450,41.0000,0.6560,0.6550,44.0000,-0.6560,-0.6440,-38.0000
1788242074.1596,-0.6560,-0.6400,-41.0000,0.6560,0.6730,40.0000,0.6560,0.7040,41.0000,-0.6560,-0.6520,-37.0000
1788242074.2096,-0.6560,-0.6390,-41.0000,0.6560,0.7010,38.0000,0.6560,0.7060,41.0000,-0.6560,-0.6910,-35.0000
1788242074.2593,-0.6560,-0.6440,-41.0000,0.6560,0.7020,38.0000,0.6560,0.7030,41.0000,-0.6560,-0.6890,-35.0000
1788242074.3096,-0.6560,-0.6430,-41.0000,0.6560,0.6680,39.0000,0.6560,0.6680,42.0000,-0.6560,-0.6870,-35.0000
1788242074.3596,-0.6560,-0.6320,-42.0000,0.6560,0.6370,41.0000,0.6560,0.6620,42.0000,-0.6560,-0.6540,-37.0000
1788242074.4097,-0.6560,-0.6660,-40.0000,0.6560,0.6470,40.0000,0.6560,0.6820,41.0000,-0.6560,-0.6770,-35.0000
1788242074.4593,-0.6560,-0.6730,-40.0000,0.6560,0.6480,40.0000,0.6560,0.6750,41.0000,-0.6560,-0.6830,-35.0000
1788242074.5094,-0.6560,-0.6770,-39.0000,0.6560,0.6450,41.0000,0.6560,0.6190,44.0000,-0.6560,-0.6560,-36.0000
1788242074.5594,-0.6560,-0.6560,-40.0000,0.6560,0.6430,41.0000,0.6560,0.6540,42.0000,-0.6560,-0.6520,-36.0000
1788242074.6111,-0.6560,-0.6440,-41.0000,0.6560,0.6320,42.0000,0.6560,0.6800,41.0000,-0.6560,-0.6600,-36.0000
1788242074.6594,-0.6560,-0.6660,-40.0000,0.6560,0.6440,41.0000,0.6560,0.6490,42.0000,-0.6560,-0.6490,-36.0000
1788242074.7101,-0.6560,-0.6670,-40.0000,0.6560,0.6600,40.0000,0.6560,0.6430,43.0000,-0.6560,-0.6410,-37.0000
1788242074.7592,-0.6560,-0.6690,-39.0000,0.6560,0.6550,41.0000,0.6560,0.6230,44.0000,-0.6560,-0.6330,-37.0000
1788242074.8101,-0.6560,-0.6540,-40.0000,0.6560,0.6930,38.0000,0.6560,0.6230,44.0000,-0.6560,-0.6440,-37.0000
1788242074.8600,-0.6560,-0.6700,-39.0000,0.6560,0.7170,36.0000,0.6560,0.6610,43.0000,-0.6560,-0.6390,-37.0000
1788242074.9101,-0.6560,-0.6390,-41.0000,0.6560,0.6700,39.0000,0.6560,0.7000,40.0000,-0.6560,-0.6430,-37.0000
1788242074.9615,-0.6560,-0.6520,-40.0000,0.6560,0.6480,40.0000,0.6560,0.7030,40.0000,-0.6560,-0.6630,-36.0000
1788242075.0094,-0.6560,-0.6760,-39.0000,0.6560,0.6310,40.0000,0.6560,0.6760,41.0000,-0.6560,-0.7090,-34.0000
1788242075.0593,-0.6560,-0.6600,-40.0000,0.6560,0.6180,41.0000,0.6560,0.6550,42.0000,-0.6560,-0.6850,-35.0000
1788242075.1095,-0.6560,-0.6470,-40.0000,0.6560,0.6320,41.0000,0.6560,0.6730,41.0000,-0.6560,-0.6690,-35.0000
1788242075.1593,-0.6560,-0.6750,-39.0000,0.6560,0.6210,42.0000,0.6560,0.6500,42.0000,-0.6560,-0.6700,-35.0000
1788242075.2093,-0.6560,-0.6740,-39.0000,0.6560,0.6320,42.0000,0.6560,0.6430,42.0000,-0.6560,-0.6750,-34.0000
1788242075.2593,-0.6560,-0.6570,-40.0000,0.6560,0.6490,41.0000,0.6560,0.6300,43.0000,-0.6560,-0.6470,-36.0000
1788242075.3093,-0.6560,-0.6340,-41.0000,0.6560,0.6440,41.0000,0.6560,0.6240,44.0000,-0.6560,-0.6430,-36.0000
1788242075.3593,-0.6560,-0.6570,-40.0000,0.6560,0.6480,41.0000,0.6560,0.6280,44.0000,-0.6560,-0.6100,-38.0000
1788242075.4093,-0.6560,-0.6410,-41.0000,0.6560,0.6720,40.0000,0.6560,0.6440,43.0000,-0.6560,-0.6410,-37.0000
1788242075.4611,-0.6560,-0.6470,-40.0000,0.6560,0.7110,38.0000,0.6560,0.6760,42.0000,-0.6560,-0.6440,-37.0000
1788242075.5094,-0.6560,-0.6530,-40.0000,0.6560,0.7300,36.0000,0.6560,0.7040,40.0000,-0.6560,-0.6670,-36.0000
1788242075.5594,-0.6560,-0.6540,-40.0000,0.6560,0.7100,37.0000,0.6560,0.6880,40.0000,-0.6560,-0.6650,-36.0000
1788242075.6096,-0.6560,-0.6220,-42.0000,0.6560,0.6330,41.0000,0.6560,0.6580,42.0000,-0.6560,-0.6740,-35.0000
1788242075.6594,-0.6560,-0.6510,-41.0000,0.6560,0.6310,41.0000,0.6560,0.6430,42.0000,-0.6560,-0.6730,-35.0000
1788242075.7094,-0.6560,-0.6560,-41.0000,0.6560,0.6390,40.0000,0.6560,0.6550,42.0000,-0.6560,-0.6590,-36.0000
1788242075.7593,-0.6560,-0.6770,-39.0000,0.6560,0.6460,40.0000,0.6560,0.6610,41.0000,-0.6560,-0.6640,-35.0000
1788242075.8095,-0.6560,-0.6640,-40.0000,0.6560,0.6200,42.0000,0.6560,0.6430,42.0000,-0.6560,-0.6530,-36.0000
1788242075.8594,-0.6560,-0.6670,-40.0000,0.6560,0.6380,41.0000,0.6560,0.6230,44.0000,-0.6560,-0.6460,-36.0000
1788242075.9093,-0.6560,-0.6590,-40.0000,0.6560,0.6220,43.0000,0.6560,0.5870,46.0000,-0.6560,-0.6430,-36.0000
1788242075.9594,-0.6560,-0.6580,-40.0000,0.6560,0.6310,42.0000,0.6560,0.5800,47.0000,-0.6560,-0.6190,-38.0000
1788242076.0095,-0.6560,-0.6500,-40.0000,0.6560,0.6540,41.0000,0.6560,0.6230,46.0000,-0.6560,-0.6410,-37.0000
1788242076.0594,-0.6560,-0.6360,-41.0000,0.6560,0.6850,40.0000,0.6560,0.6460,45.0000,-0.6560,-0.6470,-37.0000
1788242076.1096,-0.6560,-0.6450,-41.0000,0.6560,0.7180,38.0000,0.6560,0.6840,43.0000,-0.6560,-0.6430,-37.0000
1788242076.1593,-0.6560,-0.6460,-41.0000,0.6560,0.7380,36.0000,0.6560,0.7040,41.0000,-0.6560,-0.6350,-38.0000
1788242076.2094,-0.6560,-0.6510,-41.0000,0.6560,0.7280,36.0000,0.6560,0.7220,40.0000,-0.6560,-0.6270,-39.0000
1788242076.2594,-0.6560,-0.6020,-44.0000,0.6560,0.6660,38.0000,0.6560,0.6700,42.0000,-0.6560,-0.6950,-35.0000
1788242076.3094,-0.6560,-0.6760,-40.0000,0.6560,0.6280,40.0000,0.6560,0.6730,42.0000,-0.6560,-0.6980,-35.0000
1788242076.3602,-0.6560,-0.6750,-40.0000,0.6560,0.6220,41.0000,0.6560,0.6730,41.0000,-0.6560,-0.6830,-35.0000
1788242076.4095,-0.6560,-0.6830,-39.0000,0.6560,0.6490,39.0000,0.6560,0.6740,41.0000,-0.6560,-0.6730,-35.0000
1788242076.4595,-0.6560,-0.6910,-39.0000,0.6560,0.6570,39.0000,0.6560,0.6190,44.0000,-0.6560,-0.6880,-34.0000
1788242076.5094,-0.6560,-0.6800,-39.0000,0.6560,0.6200,41.0000,0.6560,0.5780,47.0000,-0.6560,-0.6500,-36.0000
1788242076.5594,-0.6560,-0.6590,-40.0000,0.6560,0.6070,42.0000,0.6560,0.5730,48.0000,-0.6560,-0.6260,-37.0000
1788242076.6097,-0.6560,-0.6620,-39.0000,0.6560,0.6030,43.0000,0.6560,0.5760,49.0000,-0.6560,-0.6320,-37.0000
1788242076.6595,-0.6560,-0.6560,-40.0000,0.6560,0.6640,40.0000,0.6560,0.5920,49.0000,-0.6560,-0.6970,-34.0000
1788242076.7095,-0.6560,-0.6570,-40.0000,0.6560,0.7350,36.0000,0.6560,0.6410,47.0000,-0.6560,-0.6800,-35.0000
1788242076.7601,-0.6560,-0.6600,-39.0000,0.6560,0.7330,36.0000,0.6560,0.6910,44.0000,-0.6560,-0.6490,-36.0000
1788242076.8094,-0.6560,-0.6260,-41.0000,0.6560,0.7360,34.0000,0.6560,0.7040,43.0000,-0.6560,-0.6670,-35.0000
1788242076.8614,-0.6560,-0.5780,-44.0000,0.6560,0.7000,36.0000,0.6560,0.6720,45.0000,-0.6560,-0.7170,-32.0000
1788242076.9095,-0.6560,-0.6870,-39.0000,0.6560,0.6000,41.0000,0.6560,0.6740,44.0000,-0.6560,-0.6650,-34.0000
1788242076.9597,-0.6560,-0.7180,-37.0000,0.6560,0.5750,42.0000,0.6560,0.7160,41.0000,-0.6560,-0.6470,-35.0000
1788242077.0098,-0.6560,-0.6700,-39.0000,0.6560,0.6250,40.0000,0.6560,0.7020,42.0000,-0.6560,-0.6830,-33.0000
1788242077.0593,-0.6560,-0.5920,-44.0000,0.6560,0.6600,38.0000,0.6560,0.6920,42.0000,-0.6560,-0.6870,-33.0000
1788242077.1105,-0.6560,-0.6030,-43.0000,0.6560,0.6360,40.0000,0.6560,0.6590,43.0000,-0.6560,-0.6110,-37.0000
1788242077.1592,-0.6560,-0.6260,-43.0000,0.6560,0.6200,41.0000,0.6560,0.6380,44.0000,-0.6560,-0.6310,-36.0000
1788242077.2095,-0.6560,-0.6380,-42.0000,0.6560,0.6450,40.0000,0.6560,0.6130,46.0000,-0.6560,-0.6230,-37.0000
1788242077.2594,-0.6560,-0.6400,-43.0000,0.6560,0.6550,40.0000,0.6560,0.6130,46.0000,-0.6560,-0.6450,-36.0000
1788242077.3094,-0.6560,-0.6530,-42.0000,0.6560,0.6730,38.0000,0.6560,0.6260,46.0000,-0.6560,-0.6160,-38.0000
1788242077.3596,-0.7760,-0.6600,-52.0000,0.5360,0.7090,26.0000,0.4160,0.6580,23.0000,-0.8960,-0.6410,-57.0000
1788242077.4094,-0.9190,-0.9340,-50.0000,0.0000,0.2920,0.0000,0.0000,0.2680,0.0000,-0.9190,-0.8680,-49.0000
1788242077.4593,-0.9190,-0.9290,-52.0000,0.0000,0.0230,0.0000,0.0000,0.0180,0.0000,-0.9190,-0.8990,-49.0000
1788242077.5095,-0.9190,-0.9530,-51.0000,0.0000,0.0020,0.0000,0.0000,0.0000,0.0000,-0.9190,-0.9250,-48.0000
1788242077.5594,-0.9190,-0.9950,-48.0000,0.0000,-0.0010,0.0000,0.0000,0.0000,0.0000,-0.9190,-0.9180,-49.0000
1788242077.6120,-0.9190,-0.9760,-48.0000,0.0000,-0.0000,0.0000,0.0000,-0.0120,0.0000,-0.9190,-0.9340,-48.0000
1788242077.6594,-0.9190,-0.8990,-52.0000,0.0000,-0.0030,0.0000,0.0000,-0.1090,0.0000,-0.9190,-0.9480,-47.0000
1788242077.7094,-0.9190,-0.9180,-51.0000,0.0000,-0.0010,0.0000,0.0000,-0.0240,0.0000,-0.9190,-0.9220,-48.0000
1788242077.7594,-0.6560,-0.7660,-36.0000,0.4800,0.1800,40.0000,0.6000,0.2290,49.0000,-0.6560,-0.7090,-36.0000
1788242077.8094,-0.6560,-0.6330,-41.0000,0.6560,0.6770,32.0000,0.6560,0.5120,43.0000,-0.6560,-0.7320,-32.0000
1788242077.8593,-0.6560,-0.6610,-39.0000,0.6560,0.6330,37.0000,0.6560,0.5740,43.0000,-0.6560,-0.6630,-35.0000
1788242077.9096,-0.6560,-0.6160,-41.0000,0.6560,0.6400,38.0000,0.6560,0.6440,41.0000,-0.6560,-0.6570,-35.0000
1788242077.9594,-0.6560,-0.6440,-40.0000,0.6560,0.6130,40.0000,0.6560,0.6550,41.0000,-0.6560,-0.6730,-34.0000
1788242078.0096,-0.6560,-0.6600,-39.0000,0.6560,0.6160,40.0000,0.6560,0.6550,41.0000,-0.6560,-0.6580,-35.0000
1788242078.0598,-0.6560,-0.6580,-40.0000,0.6560,0.6350,39.0000,0.6560,0.6630,41.0000,-0.6560,-0.6530,-35.0000
1788242078.1097,-0.6560,-0.6480,-40.0000,0.6560,0.6480,39.0000,0.6560,0.6190,43.0000,-0.6560,-0.6490,-35.0000
1788242078.1596,-0.6560,-0.6420,-41.0000,0.6560,0.6300,40.0000,0.6560,0.5750,46.0000,-0.6560,-0.6380,-36.0000
1788242078.2096,-0.6560,-0.6560,-40.0000,0.6560,0.6190,41.0000,0.6560,0.5440,49.0000,-0.6560,-0.6240,-37.0000
1788242078.2597,-0.6560,-0.6670,-39.0000,0.6560,0.6320,41.0000,0.6560,0.5740,48.0000,-0.6560,-0.6070,-38.0000
1788242078.3096,-0.6560,-0.6640,-40.0000,0.6560,0.6420,40.0000,0.6560,0.6020,48.0000,-0.6560,-0.6210,-38.0000
1788242078.3597,-0.6560,-0.6350,-41.0000,0.6560,0.6800,38.0000,0.6560,0.6490,46.0000,-0.6560,-0.6380,-38.0000
1788242078.4095,-0.6560,-0.6330,-41.0000,0.6560,0.6840,38.0000,0.6560,0.6870,44.0000,-0.6560,-0.6220,-39.0000
1788242078.4596,-0.6560,-0.6380,-41.0000,0.6560,0.6740,38.0000,0.6560,0.7040,43.0000,-0.6560,-0.6250,-39.0000
1788242078.5096,-0.6560,-0.6400,-42.0000,0.6560,0.6620,39.0000,0.6560,0.7310,40.0000,-0.6560,-0.6430,-38.0000
1788242078.5596,-0.6560,-0.6600,-41.0000,0.6560,0.6490,39.0000,0.6560,0.7150,41.0000,-0.6560,-0.7190,-34.0000
1788242078.6097,-0.6560,-0.6620,-41.0000,0.6560,0.6440,40.0000,0.6560,0.6860,42.0000,-0.6560,-0.6940,-35.0000
1788242078.6596,-0.6560,-0.6660,-40.0000,0.6560,0.6330,40.0000,0.6560,0.6810,41.0000,-0.6560,-0.6800,-35.0000
1788242078.7096,-0.6560,-0.6530,-41.0000,0.6560,0.6520,39.0000,0.6560,0.6760,41.0000,-0.6560,-0.6520,-37.0000
1788242078.7602,-0.6560,-0.6460,-41.0000,0.6560,0.6490,40.0000,0.6560,0.6750,41.0000,-0.6560,-0.6760,-35.0000
1788242078.8095,-0.6560,-0.6560,-41.0000,0.6560,0.6660,39.0000,0.6560,0.6590,42.0000,-0.6560,-0.6580,-36.0000
1788242078.8597,-0.6560,-0.6480,-41.0000,0.6560,0.6660,39.0000,0.6560,0.6240,43.0000,-0.6560,-0.6580,-36.0000
1788242078.9097,-0.2960,-0.5910,-13.0000,0.9190,0.7530,57.0000,0.9190,0.7880,58.0000,-0.1760,-0.4590,-4.0000
1788242078.9595,0.0000,-0.1060,0.0000,0.9190,0.8720,53.0000,0.9190,0.9030,54.0000,0.0000,-0.0250,0.0000
1788242079.0095,0.0000,-0.0080,0.0000,0.9190,0.9670,48.0000,0.9190,0.9370,53.0000,0.0000,0.0310,0.0000
1788242079.0594,0.0000,0.0680,0.0000,0.9190,0.9440,49.0000,0.9190,0.9750,51.0000,0.0000,0.1780,0.0000
1788242079.1096,0.0000,0.1410,0.0000,0.9190,0.9350,50.0000,0.9190,0.9410,52.0000,0.0000,0.1700,0.0000
1788242079.1594,0.0000,0.0970,0.0000,0.9190,0.9130,51.0000,0.9190,0.9190,53.0000,0.0000,0.1170,0.0000
1788242079.2095,0.0000,0.0130,0.0000,0.9190,0.9420,49.0000,0.9190,0.9320,52.0000,0.0000,0.0280,0.0000
1788242079.2594,0.0000,0.0040,0.0000,0.9190,0.9150,50.0000,0.9190,0.9400,52.0000,0.0000,0.0040,0.0000
1788242079.3097,-0.2400,-0.0120,-28.0000,0.6790,0.8910,31.0000,0.6560,0.8280,35.0000,-0.3600,-0.0390,-37.0000
1788242079.3595,-0.6560,-0.4470,-43.0000,0.6560,0.6840,38.0000,0.6560,0.6400,43.0000,-0.6560,-0.4610,-44.0000
1788242079.4097,-0.6560,-0.5660,-41.0000,0.6560,0.6520,39.0000,0.6560,0.6350,43.0000,-0.6560,-0.6190,-39.0000
1788242079.4596,-0.6560,-0.6160,-41.0000,0.6560,0.6620,38.0000,0.6560,0.6230,43.0000,-0.6560,-0.6730,-38.0000
1788242079.5097,-0.6560,-0.6860,-38.0000,0.6560,0.6350,39.0000,0.6560,0.6740,41.0000,-0.6560,-0.6940,-37.0000
1788242079.5596,-0.6560,-0.6410,-40.0000,0.6560,0.6580,38.0000,0.6560,0.6980,39.0000,-0.6560,-0.6560,-39.0000
1788242079.6098,-0.6560,-0.6640,-39.0000,0.6560,0.6460,39.0000,0.6560,0.6400,42.0000,-0.6560,-0.6970,-37.0000
1788242079.6596,-0.6560,-0.6660,-39.0000,0.6560,0.6560,38.0000,0.6560,0.6910,39.0000,-0.6560,-0.7000,-36.0000
1788242079.7098,-0.6560,-0.6710,-38.0000,0.6560,0.6220,41.0000,0.6560,0.6540,41.0000,-0.6560,-0.6930,-36.0000
1788242079.7596,-0.6560,-0.6640,-39.0000,0.6560,0.6440,39.0000,0.6560,0.6580,40.0000,-0.6560,-0.6600,-38.0000
1788242079.8097,-0.6560,-0.6440,-40.0000,0.6560,0.6610,39.0000,0.6560,0.6600,40.0000,-0.6560,-0.6610,-37.0000
1788242079.8597,-0.6560,-0.6320,-40.0000,0.6560,0.6680,38.0000,0.6560,0.6710,40.0000,-0.6560,-0.6580,-37.0000
1788242079.9097,-0.6560,-0.6490,-39.0000,0.6560,0.6650,38.0000,0.6560,0.6370,41.0000,-0.6560,-0.6630,-37.0000
1788242079.9596,-0.6560,-0.6990,-37.0000,0.6560,0.6610,39.0000,0.6560,0.6650,40.0000,-0.6560,-0.6650,-37.0000
1788242080.0097,-0.6560,-0.6730,-38.0000,0.6560,0.6640,38.0000,0.6560,0.6560,40.0000,-0.6560,-0.6710,-36.0000
1788242080.0597,-0.6560,-0.6620,-38.0000,0.6560,0.6690,38.0000,0.6560,0.6390,41.0000,-0.6560,-0.6680,-37.0000
1788242080.1098,-0.6560,-0.6370,-40.0000,0.6560,0.6670,38.0000,0.6560,0.6410,41.0000,-0.6560,-0.6460,-38.0000
1788242080.1597,-0.6560,-0.6450,-39.0000,0.6560,0.6720,37.0000,0.6560,0.6660,40.0000,-0.6560,-0.6680,-36.0000
1788242080.2097,-0.6560,-0.6560,-39.0000,0.6560,0.6620,38.0000,0.6560,0.6640,40.0000,-0.6560,-0.6750,-36.0000
1788242080.2597,-0.6560,-0.6560,-39.0000,0.6560,0.6360,39.0000,0.6560,0.6690,40.0000,-0.6560,-0.6920,-35.0000
1788242080.3097,-0.6560,-0.6720,-38.0000,0.6560,0.6210,40.0000,0.6560,0.6650,40.0000,-0.6560,-0.6650,-36.0000
1788242080.3598,-0.6560,-0.6660,-38.0000,0.6560,0.6420,39.0000,0.6560,0.6740,39.0000,-0.6560,-0.6500,-37.0000
1788242080.4096,-0.6560,-0.6630,-38.0000,0.6560,0.6580,38.0000,0.6560,0.6590,40.0000,-0.6560,-0.6490,-37.0000
1788242080.4597,-0.6560,-0.6580,-38.0000,0.6560,0.6540,39.0000,0.6560,0.6800,39.0000,-0.6560,-0.6600,-36.0000
1788242080.5098,-0.6560,-0.6550,-39.0000,0.6560,0.6420,39.0000,0.6560,0.6750,39.0000,-0.6560,-0.6440,-37.0000
1788242080.5597,-0.1760,-0.5130,-3.0000,0.9190,0.8470,51.0000,0.9190,0.8490,53.0000,-0.0560,-0.3940,10.0000
1788242080.6096,0.0000,-0.0630,0.0000,0.9190,0.8770,52.0000,0.9190,0.8730,54.0000,0.0000,-0.0270,0.0000
1788242080.6598,-0.3600,-0.0800,-35.0000,0.6560,0.8430,31.0000,0.6560,0.7730,37.0000,-0.4800,-0.2070,-39.0000
1788242080.7098,-0.2400,-0.3550,-13.0000,0.2960,0.6410,9.0000,0.4160,0.5850,23.0000,-0.1200,-0.1860,-9.0000
1788242080.7596,0.3600,0.0900,33.0000,0.6560,0.6560,37.0000,0.6560,0.7080,35.0000,0.4800,0.1840,39.0000
1788242080.8095,0.6560,0.6330,33.0000,0.6560,0.6880,35.0000,0.6560,0.6220,41.0000,0.6560,0.6680,33.0000
1788242080.8596,0.6560,0.6520,35.0000,0.6560,0.6430,38.0000,0.6560,0.6420,40.0000,0.6560,0.6790,35.0000
1788242080.9096,0.6560,0.6840,34.0000,0.6560,0.6540,37.0000,0.6560,0.6940,37.0000,0.6560,0.7000,34.0000
1788242080.9595,0.2960,0.6240,6.0000,1.0160,0.7700,62.0000,0.1760,0.5820,-1.0000,1.1360,0.8940,65.0000
1788242081.0096,-0.0720,0.0550,-7.0000,1.2940,1.2400,64.0000,0.0190,0.0560,3.0000,1.3850,1.4370,60.0000
1788242081.0595,-0.0720,0.0130,-10.0000,1.2940,1.2870,64.0000,0.0190,0.0050,3.0000,1.3850,1.4020,65.0000
1788242081.1097,-0.0720,-0.0040,-11.0000,1.2940,1.2950,65.0000,0.0190,0.0000,2.0000,1.3850,1.4560,62.0000
1788242081.1597,-0.0720,-0.0250,-11.0000,1.2940,1.3350,63.0000,0.0190,0.0000,2.0000,1.3850,1.4070,65.0000
1788242081.2094,-0.0720,-0.0870,-8.0000,1.2940,1.3170,64.0000,0.0190,0.0060,2.0000,1.3850,1.3120,70.0000
1788242081.2596,-0.0720,-0.0220,-12.0000,1.2940,1.3070,64.0000,0.0190,-0.0060,3.0000,1.3850,1.4550,62.0000
1788242081.3097,-0.0720,-0.0160,-12.0000,1.2940,1.2820,65.0000,0.0190,-0.0010,3.0000,1.3850,1.4560,61.0000
1788242081.3596,-0.0720,-0.0580,-10.0000,1.2940,1.2700,66.0000,0.0190,-0.0000,3.0000,1.3850,1.3970,64.0000
1788242081.4097,-0.0720,-0.0190,-13.0000,1.2940,1.2540,67.0000,0.0190,-0.0000,3.0000,1.3850,1.3670,65.0000
1788242081.4596,-0.0720,-0.0370,-13.0000,1.2940,1.2860,65.0000,0.0190,0.0050,3.0000,1.3850,1.3700,65.0000
1788242081.5096,-0.0720,-0.0750,-11.0000,1.2940,1.3420,62.0000,0.0190,0.0030,3.0000,1.3850,1.4020,63.0000
1788242081.5596,-0.0720,-0.0900,-10.0000,1.2940,1.3400,62.0000,0.0190,-0.0020,4.0000,1.3850,1.4290,61.0000
1788242081.6097,-0.0720,-0.0150,-14.0000,1.2940,1.2830,65.0000,0.0190,-0.0020,4.0000,1.3850,1.4240,61.0000
1788242081.6596,-0.0720,-0.0180,-15.0000,1.2940,1.2830,65.0000,0.0190,-0.0010,4.0000,1.3850,1.4230,61.0000
1788242081.7096,-0.0720,-0.0760,-12.0000,1.2940,1.2420,67.0000,0.0190,0.0060,4.0000,1.3850,1.3250,66.0000
1788242081.7597,-0.0720,-0.0830,-12.0000,1.2940,1.2660,66.0000,0.0190,0.0030,5.0000,1.3850,1.3670,64.0000
1788242081.8099,-0.0720,-0.0780,-12.0000,1.2940,1.3220,63.0000,0.0190,0.0050,5.0000,1.3850,1.3830,63.0000
1788242081.8596,-0.0720,-0.1060,-10.0000,1.2940,1.3490,62.0000,0.0190,0.0010,5.0000,1.3850,1.4070,62.0000
1788242081.9098,-0.0720,-0.0860,-11.0000,1.2940,1.3170,63.0000,0.0190,-0.0030,6.0000,1.3850,1.4150,61.0000
1788242081.9596,-0.0720,-0.0350,-14.0000,1.2940,1.2780,65.0000,0.0190,-0.0040,6.0000,1.3850,1.4380,60.0000
1788242082.0097,-0.0720,-0.0200,-15.0000,1.2940,1.2120,69.0000,0.0190,-0.0000,6.0000,1.3850,1.3630,64.0000
1788242082.0597,-0.0720,-0.1050,-11.0000,1.2940,1.2670,66.0000,0.0190,0.0080,6.0000,1.3850,1.3480,65.0000
1788242082.1098,-0.0720,-0.1060,-11.0000,1.2940,1.3000,65.0000,0.0190,0.0040,6.0000,1.3850,1.3750,64.0000
1788242082.1599,-0.0720,-0.1060,-11.0000,1.2940,1.3560,62.0000,0.0190,0.0010,6.0000,1.3850,1.4060,62.0000
1788242082.2096,-0.0720,-0.1100,-10.0000,1.2940,1.3450,62.0000,0.0190,0.0000,7.0000,1.3850,1.4160,61.0000
1788242082.2596,-0.0720,-0.0480,-13.0000,1.2940,1.3190,63.0000,0.0190,0.0000,7.0000,1.3850,1.4380,59.0000
1788242082.3097,-0.0720,-0.0110,-15.0000,1.2940,1.2310,68.0000,0.0190,0.0000,7.0000,1.3850,1.3750,63.0000
1788242082.3603,-0.0720,-0.1040,-10.0000,1.2940,1.2590,67.0000,0.0190,0.0040,7.0000,1.3850,1.3360,65.0000
1788242082.4096,-0.0720,-0.0930,-11.0000,1.2940,1.2950,65.0000,0.0190,0.0070,7.0000,1.3850,1.3750,63.0000
1788242082.4609,-0.0720,-0.0750,-12.0000,1.2940,1.2980,65.0000,0.0190,0.0070,7.0000,1.3850,1.4340,60.0000
1788242082.5104,-0.0720,-0.0490,-13.0000,1.2940,1.3070,64.0000,0.0190,0.0020,8.0000,1.3850,1.4090,61.0000
1788242082.5597,-0.0720,-0.0260,-15.0000,1.2940,1.2840,66.0000,0.0190,0.0000,8.0000,1.3850,1.4330,59.0000
1788242082.6097,-0.0720,-0.0640,-13.0000,1.2940,1.2260,69.0000,0.0190,0.0030,8.0000,1.3850,1.3210,66.0000
1788242082.6596,-0.0720,-0.1120,-10.0000,1.2940,1.2880,66.0000,0.0190,0.0310,7.0000,1.3850,1.3660,63.0000
1788242082.7097,-0.0720,-0.0990,-11.0000,1.2940,1.2970,66.0000,0.0190,0.0640,5.0000,1.3850,1.3810,63.0000
1788242082.7596,-0.0720,-0.0870,-11.0000,1.2940,1.3350,63.0000,0.0190,0.0270,7.0000,1.3850,1.4220,60.0000
1788242082.8096,-0.0720,-0.0650,-12.0000,1.2940,1.3310,63.0000,0.0190,0.0040,8.0000,1.3850,1.4160,61.0000
1788242082.8598,-0.0720,-0.0660,-12.0000,1.2940,1.3100,64.0000,0.0190,0.0060,8.0000,1.3850,1.4200,60.0000
1788242082.9098,-0.0720,-0.0130,-15.0000,1.2940,1.2460,68.0000,0.0190,0.0080,8.0000,1.3850,1.3860,62.0000
1788242082.9597,-0.0720,-0.0470,-14.0000,1.2940,1.2340,68.0000,0.0190,0.0130,7.0000,1.3850,1.3570,63.0000
1788242083.0096,-0.0720,-0.1170,-10.0000,1.2940,1.2790,66.0000,0.0190,0.0270,7.0000,1.3850,1.3720,62.0000
1788242083.0596,-0.0720,-0.0580,-13.0000,1.2940,1.2900,66.0000,0.0190,0.0060,8.0000,1.3850,1.3960,61.0000
1788242083.1098,-0.0720,-0.0920,-11.0000,1.2940,1.2930,66.0000,0.0190,0.0000,8.0000,1.3850,1.4030,61.0000
1788242083.1597,-0.0720,-0.1110,-10.0000,1.2940,1.3670,62.0000,0.0190,0.0070,8.0000,1.3850,1.4090,60.0000
1788242083.2097,0.0480,-0.0290,-3.0000,1.1740,1.2920,56.0000,0.2590,0.0370,35.0000,1.1450,1.3760,41.0000
1788242083.2597,0.6480,0.2950,41.0000,0.6560,0.8270,34.0000,0.6560,0.6660,37.0000,0.6560,0.8610,24.0000
1788242083.3097,0.6560,0.6010,30.0000,0.6560,0.6200,41.0000,0.6560,0.7090,38.0000,0.6560,0.6180,33.0000
1788242083.3596,0.6560,0.5920,33.0000,0.6560,0.6310,40.0000,0.6560,0.7130,38.0000,0.6560,0.5990,33.0000
1788242083.4097,0.6560,0.6200,32.0000,0.6560,0.6140,41.0000,0.6560,0.7060,38.0000,0.6560,0.6350,31.0000
1788242083.4597,0.6560,0.6220,33.0000,0.6560,0.6540,39.0000,0.6560,0.7120,37.0000,0.6560,0.6510,30.0000
1788242083.5097,0.6560,0.6160,34.0000,0.6560,0.6860,37.0000,0.6560,0.7060,37.0000,0.6560,0.6380,31.0000
1788242083.5597,0.6560,0.6300,34.0000,0.6560,0.6940,36.0000,0.6560,0.7140,36.0000,0.6560,0.6520,31.0000
1788242083.6097,0.6560,0.6440,33.0000,0.6560,0.7030,35.0000,0.6560,0.7100,36.0000,0.6560,0.6470,31.0000
1788242083.6597,0.6560,0.6740,32.0000,0.6560,0.6930,35.0000,0.6560,0.7140,35.0000,0.6560,0.6690,30.0000
1788242083.7096,0.6560,0.6480,33.0000,0.6560,0.7270,33.0000,0.6560,0.7050,34.0000,0.6560,0.6460,31.0000
1788242083.7597,0.6560,0.7630,26.0000,0.6560,0.7230,32.0000,0.6560,0.7250,33.0000,0.6560,0.6580,30.0000
1788242083.8096,0.6560,0.6480,32.0000,0.6560,0.6760,34.0000,0.6560,0.6720,35.0000,0.6560,0.6430,31.0000
1788242083.8596,0.4160,0.6230,13.0000,0.8960,0.6800,54.0000,0.2960,0.6290,5.0000,1.0160,0.7430,57.0000
1788242083.9097,-0.0720,0.1290,-14.0000,1.2940,1.1590,65.0000,0.0190,0.0800,-1.0000,1.3850,1.3210,61.0000
1788242083.9597,-0.0720,-0.0620,-8.0000,1.2940,1.2070,67.0000,0.0190,0.0040,0.0000,1.3850,1.3330,64.0000
1788242084.0098,-0.0720,-0.0820,-9.0000,1.2940,1.2570,66.0000,0.0190,0.0000,-1.0000,1.3850,1.3600,65.0000
1788242084.0598,-0.0720,-0.0690,-10.0000,1.2940,1.3270,63.0000,0.0190,0.0040,-1.0000,1.3850,1.3940,63.0000
1788242084.1099,-0.0720,-0.0760,-9.0000,1.2940,1.3590,61.0000,0.0190,0.0000,-1.0000,1.3850,1.4010,63.0000
1788242084.1598,-0.0720,-0.0130,-13.0000,1.2940,1.2860,65.0000,0.0190,0.0110,-1.0000,1.3850,1.4100,62.0000
1788242084.2093,-0.0720,-0.0210,-13.0000,1.2940,1.2800,65.0000,0.0190,0.0010,0.0000,1.3850,1.3740,64.0000
1788242084.2598,-0.0720,-0.0900,-9.0000,1.2940,1.2710,66.0000,0.0190,0.0000,0.0000,1.3850,1.4000,63.0000
1788242084.3098,-0.0720,-0.0380,-12.0000,1.2940,1.2750,66.0000,0.0190,0.0000,0.0000,1.3850,1.3950,63.0000
1788242084.3597,-0.0720,-0.0840,-10.0000,1.2940,1.2950,65.0000,0.0190,0.0000,0.0000,1.3850,1.4200,61.0000
1788242084.4098,-0.0720,-0.0910,-10.0000,1.2940,1.3140,64.0000,0.0190,0.0000,1.0000,1.3850,1.4150,61.0000
1788242084.4597,-0.0720,-0.0590,-11.0000,1.2940,1.3330,63.0000,0.0190,0.0020,1.0000,1.3850,1.3970,62.0000
1788242084.5098,0.2880,-0.0060,26.0000,0.9340,1.1570,41.0000,0.4990,0.2290,38.0000,0.9050,1.2330,29.0000
1788242084.5597,0.6560,0.5530,31.0000,0.6560,0.6820,39.0000,0.6560,0.6730,32.0000,0.6560,0.7000,32.0000
1788242084.6097,0.6560,0.5740,34.0000,0.6560,0.6570,37.0000,0.6560,0.6600,35.0000,0.6560,0.6590,31.0000
1788242084.6597,0.6560,0.6190,33.0000,0.6560,0.6550,37.0000,0.6560,0.6760,35.0000,0.6560,0.6480,31.0000
1788242084.7097,0.6560,0.6310,33.0000,0.6560,0.6620,36.0000,0.6560,0.6830,34.0000,0.6560,0.6420,31.0000
1788242084.7597,0.6560,0.6440,33.0000,0.6560,0.6540,37.0000,0.6560,0.6680,35.0000,0.6560,0.6530,30.0000
1788242084.8096,0.6560,0.6320,34.0000,0.6560,0.6760,35.0000,0.6560,0.6750,34.0000,0.6560,0.6570,30.0000
1788242084.8597,0.6560,0.6640,32.0000,0.6560,0.6710,36.0000,0.6560,0.6710,34.0000,0.6560,0.6520,30.0000
1788242084.9097,0.6560,0.6630,32.0000,0.6560,0.6840,35.0000,0.6560,0.6770,34.0000,0.6560,0.6530,30.0000
1788242084.9597,0.6560,0.6710,32.0000,0.6560,0.6840,35.0000,0.6560,0.6640,34.0000,0.6560,0.6500,31.0000
1788242085.0096,0.6560,0.6500,33.0000,0.6560,0.6860,34.0000,0.6560,0.6640,34.0000,0.6560,0.6640,30.0000
1788242085.0598,0.6560,0.6300,34.0000,0.6560,0.6700,35.0000,0.6560,0.6650,34.0000,0.6560,0.6450,31.0000
1788242085.1098,0.6560,0.6380,34.0000,0.6560,0.6500,36.0000,0.6560,0.6710,33.0000,0.6560,0.6510,31.0000
1788242085.1597,0.6560,0.6380,34.0000,0.6560,0.6040,38.0000,0.6560,0.6430,35.0000,0.6560,0.5960,34.0000
1788242085.2097,0.5360,0.6390,24.0000,0.7760,0.6100,49.0000,0.8960,0.6700,54.0000,0.4160,0.6180,12.0000
1788242085.2596,0.0000,0.2980,0.0000,0.9190,0.8740,49.0000,0.9190,0.9490,43.0000,0.0000,0.0870,0.0000
1788242085.3097,0.0000,0.1780,0.0000,0.9190,0.9140,48.0000,0.9190,0.9090,46.0000,0.0000,0.0050,0.0000
1788242085.3596,0.0000,0.1940,0.0000,0.9190,0.9450,47.0000,0.9190,0.9200,46.0000,0.0000,0.0000,0.0000
1788242085.4097,0.0000,0.1590,0.0000,0.9190,0.9360,48.0000,0.9190,0.9230,45.0000,0.0000,0.0000,0.0000
1788242085.4596,0.0000,0.0840,0.0000,0.9190,0.9360,47.0000,0.9190,0.9170,46.0000,0.0000,0.0800,0.0000
1788242085.5097,0.0000,0.0280,0.0000,0.9190,0.8900,50.0000,0.9190,0.9190,46.0000,0.0000,0.1600,0.0000
1788242085.5597,0.0000,0.0020,0.0000,0.9190,0.8600,52.0000,0.9190,0.8540,50.0000,0.0000,0.1320,0.0000
1788242085.6097,0.0000,0.0000,0.0000,0.9190,0.8830,51.0000,0.9190,0.8900,48.0000,0.0000,0.0630,0.0000
1788242085.6597,0.2400,0.0240,27.0000,0.6790,0.8710,31.0000,0.6560,0.8350,28.0000,0.3600,0.1370,32.0000
1788242085.7097,0.6560,0.5630,36.0000,0.6560,0.6680,39.0000,0.6560,0.6540,36.0000,0.6560,0.6830,30.0000
1788242085.7597,0.6560,0.6310,36.0000,0.6560,0.6410,40.0000,0.6560,0.6090,38.0000,0.6560,0.6500,35.0000
1788242085.8097,0.6560,0.6580,36.0000,0.6560,0.6610,38.0000,0.6560,0.6630,35.0000,0.6560,0.6950,33.0000
1788242085.8597,0.6560,0.6560,36.0000,0.6560,0.6510,39.0000,0.6560,0.6570,35.0000,0.6560,0.6860,33.0000
1788242085.9097,0.6560,0.6560,37.0000,0.6560,0.6540,38.0000,0.6560,0.6520,36.0000,0.6560,0.7010,32.0000
1788242085.9597,0.6560,0.6580,36.0000,0.6560,0.6680,38.0000,0.6560,0.6650,35.0000,0.6560,0.6840,32.0000
1788242086.0097,0.6560,0.6640,36.0000,0.6560,0.6900,36.0000,0.6560,0.6690,35.0000,0.6560,0.6890,32.0000
1788242086.0597,0.6560,0.6650,36.0000,0.6560,0.6860,36.0000,0.5360,0.6780,24.0000,0.7760,0.6850,42.0000
1788242086.1098,0.0560,0.4480,-13.0000,1.2560,0.9900,72.0000,0.0190,0.3090,-11.0000,1.3760,1.1440,70.0000
1788242086.1597,-0.0720,-0.0500,-3.0000,1.2940,1.2320,67.0000,0.0190,0.0200,0.0000,1.3850,1.4220,60.0000
1788242086.2098,-0.0720,0.0110,-10.0000,1.2940,1.3130,64.0000,0.0190,0.0020,-1.0000,1.3850,1.4090,62.0000
1788242086.2598,-0.0720,-0.0060,-10.0000,1.2940,1.3350,63.0000,0.0190,0.0010,-1.0000,1.3850,1.4070,62.0000
1788242086.3098,-0.0720,-0.0050,-11.0000,1.2940,1.3150,64.0000,0.0190,0.0000,-1.0000,1.3850,1.4180,61.0000
1788242086.3598,-0.0720,-0.0130,-12.0000,1.2940,1.2930,65.0000,0.0190,0.0030,-1.0000,1.3850,1.4170,61.0000
1788242086.4097,0.4080,0.0810,34.0000,0.8140,1.1480,31.0000,0.6190,0.3430,42.0000,0.7850,0.9870,32.0000
1788242086.4597,0.6560,0.6170,29.0000,0.6560,0.6950,38.0000,0.6560,0.6810,31.0000,0.6560,0.6520,34.0000
1788242086.5098,0.6560,0.6080,33.0000,0.6560,0.6590,37.0000,0.6560,0.6440,35.0000,0.6560,0.6530,32.0000
1788242086.5596,0.7760,0.6060,45.0000,0.5360,0.6310,27.0000,0.8960,0.6870,54.0000,0.4160,0.6470,11.0000
1788242086.6099,1.3760,1.0740,73.0000,0.0190,0.2550,-8.0000,1.2940,1.2350,61.0000,-0.0720,0.0750,-12.0000
1788242086.6597,1.3850,1.3780,63.0000,0.0190,0.0230,1.0000,1.2940,1.2940,61.0000,-0.0720,-0.0660,-9.0000
1788242086.7098,1.3850,1.2330,73.0000,0.0190,0.0020,1.0000,1.2940,1.3250,60.0000,-0.0720,-0.0690,-10.0000
1788242086.7597,1.3850,1.3510,68.0000,0.0190,0.0000,0.0000,1.2940,1.3090,61.0000,-0.0720,-0.0610,-11.0000
1788242086.8097,1.3850,1.4020,66.0000,0.0190,0.0000,1.0000,1.2940,1.1980,68.0000,-0.0720,-0.0730,-10.0000
1788242086.8598,1.3850,1.4460,63.0000,0.0190,-0.0030,1.0000,1.2940,1.2980,62.0000,-0.0720,-0.0040,-14.0000
1788242086.9099,1.3850,1.4180,65.0000,0.0190,0.0010,1.0000,1.2940,1.2900,63.0000,-0.0720,-0.0000,-15.0000
1788242086.9599,1.3850,1.3830,66.0000,0.0190,0.0010,1.0000,1.2940,1.2830,64.0000,-0.0720,-0.0020,-16.0000
1788242087.0099,1.3850,1.3520,68.0000,0.0190,0.0000,1.0000,1.2940,1.2520,66.0000,-0.0720,-0.0580,-13.0000
1788242087.0597,1.3850,1.3970,66.0000,0.0190,0.0000,2.0000,1.2940,1.3110,62.0000,-0.0720,-0.0370,-15.0000
1788242087.1100,1.3850,1.3900,66.0000,0.0190,-0.0040,2.0000,1.2940,1.2730,65.0000,-0.0720,-0.0420,-15.0000
1788242087.1598,1.3850,1.3910,66.0000,0.0190,-0.0000,2.0000,1.2940,1.3020,63.0000,-0.0720,-0.0700,-14.0000
1788242087.2101,1.3850,1.3780,67.0000,0.0190,0.0010,2.0000,1.2940,1.3170,62.0000,-0.0720,-0.0560,-15.0000
1788242087.2597,1.3850,1.4140,65.0000,0.0190,-0.0010,3.0000,1.2940,1.3100,62.0000,-0.0720,-0.0470,-16.0000
1788242087.3102,1.3850,1.4130,64.0000,0.0190,0.0020,3.0000,1.2940,1.3140,62.0000,-0.0720,-0.0670,-15.0000
1788242087.3598,1.3850,1.3430,68.0000,0.0190,0.0000,3.0000,1.2940,1.3270,61.0000,-0.0720,-0.0810,-14.0000
1788242087.4099,1.3850,1.3600,67.0000,0.0190,0.0000,3.0000,1.2940,1.2720,64.0000,-0.0720,-0.0650,-15.0000
1788242087.4598,1.3850,1.3320,69.0000,0.0190,-0.0000,4.0000,1.2940,1.3010,62.0000,-0.0720,-0.0870,-14.0000
1788242087.5109,1.3850,1.3300,70.0000,0.0190,0.0010,4.0000,1.2940,1.3110,62.0000,-0.0720,-0.0640,-15.0000
1788242087.5598,1.3850,1.3040,72.0000,0.0190,0.0000,4.0000,1.2940,1.3260,61.0000,-0.0720,-0.0680,-15.0000
1788242087.6106,1.3850,1.3360,71.0000,0.0190,0.0000,4.0000,1.2940,1.2900,63.0000,-0.0720,-0.0650,-15.0000
1788242087.6598,1.3850,1.3690,70.0000,0.0190,0.0000,5.0000,1.2940,1.3220,61.0000,-0.0720,-0.0730,-15.0000
1788242087.7099,1.3850,1.3980,68.0000,0.0190,0.0010,5.0000,1.2940,1.3150,61.0000,-0.0720,-0.0560,-16.0000
1788242087.7598,1.3850,1.4030,68.0000,0.0190,0.0000,5.0000,1.2940,1.3230,60.0000,-0.0720,-0.0440,-16.0000
1788242087.8104,1.3850,1.3800,69.0000,0.0190,0.0000,5.0000,1.2940,1.3010,61.0000,-0.0720,-0.0630,-16.0000
1788242087.8605,1.3850,1.3440,72.0000,0.0190,0.0000,6.0000,1.2940,1.3090,60.0000,-0.0720,-0.0220,-18.0000
1788242087.9107,1.3850,1.3290,73.0000,0.0190,0.0000,6.0000,1.2940,1.2870,62.0000,-0.0720,-0.0290,-18.0000
1788242087.9604,1.3850,1.3480,72.0000,0.0190,0.0000,6.0000,1.2940,1.3030,61.0000,-0.0720,-0.0500,-17.0000
1788242088.0101,1.3850,1.4080,69.0000,0.0190,0.0010,6.0000,1.2940,1.2900,61.0000,-0.0720,-0.0220,-20.0000
1788242088.0598,1.3850,1.4110,69.0000,0.0190,0.0000,6.0000,1.2940,1.2950,61.0000,-0.0720,-0.0310,-20.0000
1788242088.1099,1.3850,1.3810,70.0000,0.0190,0.0000,7.0000,1.2940,1.3010,61.0000,-0.0720,-0.0610,-18.0000
1788242088.1610,1.3850,1.3900,70.0000,0.0190,0.0000,7.0000,1.2940,1.3190,60.0000,-0.0720,-0.0280,-21.0000
1788242088.2111,1.0250,1.3390,41.0000,0.3790,0.1170,40.0000,0.8140,1.1830,25.0000,0.4080,0.0720,25.0000
1788242088.2599,0.6560,0.8440,32.0000,0.6560,0.7240,34.0000,0.6560,0.6830,34.0000,0.6560,0.5980,22.0000
1788242088.3098,0.4160,0.6710,17.0000,0.8960,0.7280,57.0000,0.9190,0.7330,51.0000,0.2960,0.5310,-2.0000
1788242088.3597,0.0000,0.1720,0.0000,0.9190,1.0030,46.0000,0.9190,0.8380,47.0000,0.0000,0.1160,0.0000
1788242088.4097,0.0000,0.0140,0.0000,0.9190,0.9730,48.0000,0.9190,0.8240,49.0000,0.0000,0.0340,0.0000
1788242088.4597,0.0000,0.0010,0.0000,0.9190,0.9840,47.0000,0.9190,0.8170,50.0000,0.0000,0.0030,0.0000
1788242088.5097,0.0000,0.0000,0.0000,0.9190,0.9510,48.0000,0.9190,0.8440,50.0000,0.0000,0.0030,0.0000
1788242088.5597,0.0000,0.0520,0.0000,0.9190,0.9010,50.0000,0.9190,0.8580,50.0000,0.0000,0.0920,0.0000
1788242088.6098,0.0000,0.0360,0.0000,0.9190,0.9330,48.0000,0.9190,0.8860,49.0000,0.0000,0.0890,0.0000
1788242088.6597,0.0000,0.0380,0.0000,0.9190,0.9130,50.0000,0.9190,0.8890,50.0000,0.0000,0.0380,0.0000
1788242088.7097,0.0000,0.0050,0.0000,0.9190,0.9080,50.0000,0.9190,0.8910,50.0000,0.0000,0.0420,0.0000
1788242088.7597,0.0000,-0.0010,0.0000,0.9190,0.9130,50.0000,0.9190,0.8700,52.0000,0.0000,0.0540,0.0000
1788242088.8098,0.2400,0.0170,28.0000,0.6790,0.8950,30.0000,0.6560,0.8130,32.0000,0.3600,0.1400,32.0000
1788242088.8597,0.6560,0.5780,35.0000,0.6560,0.6770,38.0000,0.6560,0.6330,40.0000,0.6560,0.6750,31.0000
1788242088.9098,0.6560,0.6480,35.0000,0.6560,0.6730,37.0000,0.6560,0.6410,39.0000,0.6560,0.6840,33.0000
1788242088.9610,0.6560,0.6530,36.0000,0.6560,0.6620,37.0000,0.6560,0.6460,39.0000,0.6560,0.6960,33.0000
1788242089.0098,0.6560,0.6740,35.0000,0.6560,0.6850,36.0000,0.7760,0.6570,49.0000,0.5360,0.6860,23.0000
1788242089.0598,1.2560,0.9840,70.0000,0.0560,0.4240,-11.0000,1.2940,1.0520,74.0000,-0.0640,0.2440,-16.0000
1788242089.1100,1.3850,1.4010,63.0000,0.0190,0.0430,2.0000,1.2940,1.3010,65.0000,-0.0720,-0.0450,-6.0000
1788242089.1598,1.3850,1.3870,66.0000,0.0190,0.0040,2.0000,1.2940,1.3320,65.0000,-0.0720,-0.0690,-7.0000
1788242089.2098,1.3850,1.2910,72.0000,0.0190,0.0000,1.0000,1.2940,1.3440,64.0000,-0.0720,-0.0830,-7.0000
1788242089.2597,1.3850,1.3490,69.0000,0.0190,0.0000,1.0000,1.2940,1.3420,64.0000,-0.0720,-0.0850,-7.0000
1788242089.3099,1.3850,1.3630,69.0000,0.0190,0.0000,1.0000,1.2940,1.3210,64.0000,-0.0720,-0.0840,-7.0000
1788242089.3597,1.3850,1.3960,68.0000,0.0190,0.0000,2.0000,1.2940,1.3150,64.0000,-0.0720,-0.0610,-8.0000
1788242089.4098,1.3850,1.3660,69.0000,0.0190,0.0000,2.0000,1.2940,1.3220,63.0000,-0.0720,-0.0630,-8.0000
1788242089.4598,1.3850,1.4340,65.0000,0.0190,0.0000,2.0000,1.2940,1.3310,62.0000,-0.0720,-0.0610,-8.0000
1788242089.5106,1.3850,1.3900,68.0000,0.0190,0.0000,2.0000,1.2940,1.3190,63.0000,-0.0720,-0.0530,-9.0000
1788242089.5597,1.3850,1.3740,68.0000,0.0190,0.0000,3.0000,1.2940,1.2790,65.0000,-0.0720,-0.0500,-9.0000
1788242089.6099,1.3850,1.3750,68.0000,0.0190,0.0000,3.0000,1.2940,1.2640,65.0000,-0.0720,-0.0530,-9.0000
1788242089.6597,1.3850,1.3950,67.0000,0.0190,0.0000,3.0000,1.2940,1.3160,63.0000,-0.0720,-0.0520,-9.0000
1788242089.7098,1.3850,1.3970,67.0000,0.0190,0.0000,3.0000,1.2940,1.3020,63.0000,-0.0720,-0.0560,-10.0000
1788242089.7597,1.3850,1.3980,67.0000,0.0190,0.0000,4.0000,1.2940,1.3370,61.0000,-0.0720,-0.0740,-9.0000
1788242089.8105,1.3850,1.3890,67.0000,0.0190,0.0000,4.0000,1.2940,1.2800,64.0000,-0.0720,-0.0560,-10.0000
1788242089.8597,1.3850,1.3450,70.0000,0.0190,0.0000,4.0000,1.2940,1.3300,61.0000,-0.0720,-0.0860,-8.0000
1788242089.9101,1.1450,1.3390,50.0000,0.2590,0.0230,32.0000,0.9340,1.2280,35.0000,0.2880,-0.0040,28.0000
1788242089.9598,0.6560,0.9060,29.0000,0.6560,0.6500,34.0000,0.6560,0.7430,34.0000,0.6560,0.6160,29.0000
1788242090.0098,0.6560,0.6560,38.0000,0.6560,0.6620,37.0000,0.6560,0.6660,35.0000,0.6560,0.6140,33.0000
1788242090.0597,0.6560,0.6540,36.0000,0.6560,0.6870,36.0000,0.6560,0.6340,35.0000,0.6560,0.6700,31.0000
1788242090.1099,0.6560,0.6320,37.0000,0.6560,0.6840,37.0000,0.6560,0.6390,35.0000,0.6560,0.6490,33.0000
1788242090.1598,0.6560,0.6640,35.0000,0.6560,0.6730,37.0000,0.6560,0.6610,34.0000,0.6560,0.6790,31.0000
1788242090.2099,0.6560,0.6840,34.0000,0.6560,0.6940,35.0000,0.6560,0.6700,33.0000,0.6560,0.6650,32.0000
1788242090.2598,1.1360,0.8640,66.0000,0.1760,0.5340,0.0000,1.2560,0.9800,69.0000,0.0560,0.3740,-13.0000
1788242090.3099,1.3850,1.2860,68.0000,0.0190,0.0320,3.0000,1.2940,1.2780,61.0000,-0.0720,0.0280,-12.0000
1788242090.3598,1.3850,1.3900,66.0000,0.0190,0.0030,2.0000,1.2940,1.3220,60.0000,-0.0720,0.0010,-13.0000
1788242090.4098,1.3850,1.3530,69.0000,0.0190,0.0000,1.0000,1.2940,1.3340,60.0000,-0.0720,0.0000,-15.0000
1788242090.4597,1.3850,1.3360,71.0000,0.0190,0.0000,1.0000,1.2940,1.3200,60.0000,-0.0720,-0.0330,-14.0000
1788242090.5099,1.3850,1.3510,70.0000,0.0190,0.0000,2.0000,1.2940,1.3360,59.0000,-0.0720,-0.0320,-15.0000
1788242090.5598,1.3850,1.3530,71.0000,0.0190,0.0000,2.0000,1.2940,1.3160,60.0000,-0.0720,-0.0330,-15.0000
1788242090.6106,1.3850,1.3910,69.0000,0.0190,0.0140,1.0000,1.2940,1.3280,59.0000,-0.0720,-0.0970,-12.0000
1788242090.6598,1.3850,1.3230,73.0000,0.0190,-0.0020,2.0000,1.2940,1.3080,59.0000,-0.0720,-0.0940,-12.0000
1788242090.7099,1.3850,1.3280,73.0000,0.0190,-0.0110,3.0000,1.2940,1.2180,64.0000,-0.0720,-0.0920,-12.0000
1788242090.7598,1.3850,1.4020,69.0000,0.0190,-0.0010,3.0000,1.2940,1.2140,65.0000,-0.0720,-0.1020,-11.0000
1788242090.8099,1.3850,1.4050,69.0000,0.0190,-0.0000,3.0000,1.2940,1.2510,64.0000,-0.0720,-0.0770,-12.0000
1788242090.8597,1.3850,1.3760,71.0000,0.0190,-0.0000,3.0000,1.1740,1.3050,51.0000,0.0480,-0.0500,-2.0000
1788242090.9099,0.7850,1.1760,29.0000,0.6190,0.4030,42.0000,0.6940,0.9670,20.0000,0.6480,0.3320,39.0000
1788242090.9600,0.6560,0.7160,38.0000,0.6560,0.7120,32.0000,0.6560,0.6790,34.0000,0.6560,0.6380,27.0000
1788242091.0098,0.6560,0.7180,34.0000,0.6560,0.7420,32.0000,0.6560,0.6890,31.0000,0.6560,0.6430,29.0000
1788242091.0598,0.6560,0.6820,35.0000,0.6560,0.7150,33.0000,0.6560,0.6400,33.0000,0.6560,0.6710,28.0000
1788242091.1100,0.6560,0.6240,38.0000,0.6560,0.6700,35.0000,0.6560,0.6460,33.0000,0.6560,0.6360,30.0000
1788242091.1599,0.6560,0.6160,38.0000,0.6560,0.6600,35.0000,0.6560,0.6430,33.0000,0.6560,0.6500,30.0000
1788242091.2099,0.6560,0.6410,37.0000,0.6560,0.6460,36.0000,0.6560,0.6480,33.0000,0.6560,0.6320,31.0000
1788242091.2598,0.6560,0.6420,37.0000,0.6560,0.6220,37.0000,0.6560,0.6340,34.0000,0.6560,0.6440,30.0000
1788242091.3100,0.6560,0.6590,37.0000,0.6560,0.6450,36.0000,0.6560,0.6510,33.0000,0.6560,0.6390,31.0000
1788242091.3598,0.6560,0.6680,36.0000,0.6560,0.6570,36.0000,0.6560,0.6440,33.0000,0.6560,0.6560,30.0000
1788242091.4099,0.6560,0.6850,35.0000,0.6560,0.6550,36.0000,0.6560,0.6630,32.0000,0.6560,0.6510,30.0000
1788242091.4598,0.6560,0.6790,35.0000,0.6560,0.6520,36.0000,0.6560,0.6380,34.0000,0.6560,0.6540,30.0000
1788242091.5099,0.6560,0.6730,35.0000,0.6560,0.6800,35.0000,0.6560,0.6540,33.0000,0.6560,0.6420,31.0000
1788242091.5598,0.6560,0.6640,36.0000,0.6560,0.6560,36.0000,0.6560,0.6420,34.0000,0.6560,0.6640,30.0000
1788242091.6100,1.1360,0.8380,68.0000,0.1760,0.5230,-1.0000,1.2560,0.9840,68.0000,0.0560,0.3730,-15.0000
1788242091.6600,1.3850,1.2970,68.0000,0.0190,0.0380,2.0000,1.2940,1.2360,62.0000,-0.0720,-0.0410,-10.0000
1788242091.7099,1.3850,1.3070,72.0000,0.0190,0.0030,1.0000,1.2940,1.2870,61.0000,-0.0720,-0.0330,-13.0000
1788242091.7598,1.2650,1.3820,58.0000,0.1390,0.0320,13.0000,1.0540,1.3060,40.0000,0.1680,-0.0080,13.0000
1788242091.8099,0.6650,1.0110,26.0000,0.6560,0.5000,37.0000,0.6560,0.8470,28.0000,0.6560,0.4740,33.0000
1788242091.8599,0.6560,0.6680,39.0000,0.6560,0.6880,31.0000,0.6560,0.6800,33.0000,0.6560,0.6200,29.0000
1788242091.9099,0.6560,0.6560,37.0000,0.6560,0.7010,32.0000,0.6560,0.6520,33.0000,0.6560,0.6500,29.0000
1788242091.9598,0.6560,0.6590,37.0000,0.6560,0.6650,33.0000,0.6560,0.6580,32.0000,0.6560,0.6610,29.0000
1788242092.0100,0.6560,0.6490,37.0000,0.6560,0.6650,33.0000,0.6560,0.6440,33.0000,0.6560,0.6470,30.0000
1788242092.0600,0.6560,0.6350,38.0000,0.6560,0.6550,34.0000,0.6560,0.6580,32.0000,0.6560,0.6500,30.0000
1788242092.1101,0.6560,0.6240,39.0000,0.6560,0.6470,34.0000,0.6560,0.6360,33.0000,0.6560,0.6430,30.0000
1788242092.1599,0.6560,0.6430,38.0000,0.6560,0.6560,34.0000,0.6560,0.6490,33.0000,0.6560,0.6440,30.0000
1788242092.2099,0.6560,0.6130,40.0000,0.6560,0.6540,34.0000,0.6560,0.6360,33.0000,0.6560,0.6520,30.0000
1788242092.2599,0.6560,0.6220,40.0000,0.6560,0.6400,35.0000,0.6560,0.6440,33.0000,0.6560,0.6240,32.0000
1788242092.3100,0.2960,0.5780,11.0000,0.9190,0.7320,53.0000,0.9190,0.7990,48.0000,0.1760,0.4660,-3.0000
1788242092.3598,0.0000,0.1010,0.0000,0.9190,0.9290,44.0000,0.9190,0.7970,51.0000,0.0000,0.0400,0.0000
1788242092.4099,0.0000,0.0080,0.0000,0.9190,0.9170,45.0000,0.9190,0.9110,46.0000,0.0000,0.0750,0.0000
1788242092.4598,0.0000,0.0010,0.0000,0.9190,0.9210,45.0000,0.9190,0.9440,45.0000,0.0000,0.0690,0.0000
1788242092.5099,0.4800,0.3120,32.0000,0.6560,0.7810,29.0000,0.6560,0.7530,31.0000,0.6000,0.3870,39.0000
1788242092.5599,0.6560,0.6670,32.0000,0.6560,0.6770,33.0000,0.6560,0.6640,34.0000,0.6560,0.7120,30.0000
1788242092.6100,0.6560,0.6460,35.0000,0.6560,0.6550,33.0000,0.6560,0.6660,33.0000,0.6560,0.6800,33.0000
1788242092.6599,0.6560,0.6650,34.0000,0.6560,0.6590,33.0000,0.7760,0.6500,44.0000,0.5360,0.6950,22.0000
1788242092.7100,0.0560,0.4360,-13.0000,0.9190,0.9230,42.0000,0.9190,0.9260,43.0000,0.0000,0.2940,0.0000
1788242092.7598,0.0000,0.1690,0.0000,0.9190,0.8790,46.0000,0.9190,0.8240,50.0000,0.0000,0.1340,0.0000
1788242092.8098,0.0000,0.1480,0.0000,0.9190,0.8270,50.0000,0.9190,0.8160,52.0000,0.0000,0.0340,0.0000
1788242092.8610,0.0000,0.0400,0.0000,0.9190,0.8280,51.0000,0.9190,0.8540,51.0000,0.0000,0.0300,0.0000
1788242092.9098,0.4800,0.2140,38.0000,0.6560,0.7450,32.0000,0.6560,0.7410,34.0000,0.6000,0.3720,40.0000
1788242092.9599,0.6560,0.6670,32.0000,0.6560,0.7010,33.0000,0.6560,0.7030,34.0000,0.6560,0.6870,32.0000
1788242093.0099,0.6560,0.6540,35.0000,0.6560,0.6630,35.0000,0.6560,0.6810,35.0000,0.6560,0.6560,35.0000
1788242093.0599,0.6560,0.6780,34.0000,0.6560,0.6820,33.0000,0.6560,0.6840,34.0000,0.6560,0.7060,33.0000
1788242093.1099,0.6560,0.6830,34.0000,0.6560,0.6740,34.0000,0.6560,0.6810,34.0000,0.6560,0.6960,33.0000
1788242093.1599,0.2960,0.6200,6.0000,0.9190,0.7730,51.0000,0.9190,0.8530,47.0000,0.1760,0.5380,-2.0000
1788242093.2099,0.0000,0.2510,0.0000,0.9190,0.8900,46.0000,0.9190,0.9130,46.0000,0.0000,0.0810,0.0000
1788242093.2610,0.0000,0.2010,0.0000,0.9190,0.7760,54.0000,0.9190,0.8520,50.0000,0.0000,0.0610,0.0000
1788242093.3099,0.4800,0.2220,38.0000,0.6560,0.6770,37.0000,0.6560,0.6810,36.0000,0.6000,0.3810,40.0000
1788242093.3599,0.6560,0.6630,32.0000,0.6560,0.6420,38.0000,0.6560,0.6380,37.0000,0.6560,0.6870,32.0000
1788242093.4100,0.6560,0.6450,35.0000,0.6560,0.6370,38.0000,0.6560,0.6420,37.0000,0.6560,0.6700,34.0000
1788242093.4599,0.6560,0.6750,34.0000,0.6560,0.6280,38.0000,0.6560,0.6590,36.0000,0.6560,0.7060,32.0000
1788242093.5099,0.6560,0.6640,35.0000,0.6560,0.6860,35.0000,0.6560,0.6920,34.0000,0.6560,0.6980,32.0000
1788242093.5599,0.6560,0.6740,34.0000,0.6560,0.6820,35.0000,0.6560,0.6740,35.0000,0.6560,0.6980,32.0000
1788242093.6100,0.6560,0.6790,34.0000,0.6560,0.6710,36.0000,0.6560,0.6760,34.0000,0.6560,0.6810,32.0000
1788242093.6599,0.6560,0.6990,32.0000,0.6560,0.6630,36.0000,0.6560,0.6730,34.0000,0.6560,0.7000,31.0000
1788242093.7099,0.6560,0.6910,32.0000,0.6560,0.6440,37.0000,0.6560,0.6910,33.0000,0.6560,0.6890,31.0000
1788242093.7599,0.6560,0.6750,33.0000,0.6560,0.6730,35.0000,0.6560,0.6670,34.0000,0.6560,0.7200,29.0000
1788242093.8098,0.6560,0.6740,32.0000,0.6560,0.6580,36.0000,0.6560,0.6700,33.0000,0.6560,0.6610,32.0000
1788242093.8599,0.6560,0.6550,33.0000,0.6560,0.6960,34.0000,0.6560,0.6520,34.0000,0.6560,0.6820,30.0000
1788242093.9100,0.6560,0.6420,34.0000,0.6560,0.6280,37.0000,0.6560,0.6600,34.0000,0.6560,0.6430,32.0000
1788242093.9599,0.6560,0.6270,35.0000,0.6560,0.5430,42.0000,0.6560,0.6120,36.0000,0.6560,0.6470,32.0000
1788242094.0099,0.6560,0.6380,35.0000,0.6560,0.5560,42.0000,0.6560,0.6020,37.0000,0.6560,0.6370,33.0000
1788242094.0599,0.6560,0.6440,34.0000,0.6560,0.6060,40.0000,0.6560,0.6440,35.0000,0.6560,0.6660,31.0000
1788242094.1101,0.6560,0.6540,34.0000,0.6560,0.6430,39.0000,0.6560,0.6820,34.0000,0.6560,0.6620,31.0000
1788242094.1599,0.6560,0.6570,34.0000,0.6560,0.6900,37.0000,0.6560,0.6610,35.0000,0.6560,0.6630,31.0000
1788242094.2099,0.6560,0.6570,34.0000,0.6560,0.6910,37.0000,0.6560,0.6670,34.0000,0.6560,0.6590,31.0000
1788242094.2599,0.6560,0.6740,33.0000,0.6560,0.6830,37.0000,0.6560,0.6580,35.0000,0.6560,0.6750,30.0000
1788242094.3099,0.6560,0.6600,34.0000,0.6560,0.6710,37.0000,0.6560,0.6750,34.0000,0.6560,0.6630,31.0000
1788242094.3599,0.6560,0.6910,32.0000,0.6560,0.6770,36.0000,0.6560,0.6690,34.0000,0.6560,0.6870,29.0000
1788242094.4099,0.6560,0.6780,32.0000,0.6560,0.6860,36.0000,0.6560,0.6740,33.0000,0.6560,0.6890,29.0000
1788242094.4598,0.6560,0.6850,31.0000,0.6560,0.6710,36.0000,0.6560,0.6610,34.0000,0.6560,0.6890,28.0000
1788242094.5099,0.6560,0.6430,34.0000,0.6560,0.6570,37.0000,0.6560,0.6710,33.0000,0.6560,0.6400,31.0000
1788242094.5599,0.6560,0.6450,34.0000,0.6560,0.6630,36.0000,0.6560,0.6490,34.0000,0.6560,0.6440,31.0000
1788242094.6100,0.6560,0.6220,35.0000,0.6560,0.5970,40.0000,0.6560,0.6280,35.0000,0.6560,0.6310,32.0000
1788242094.6599,0.6560,0.6520,33.0000,0.6560,0.5680,42.0000,0.6560,0.5680,39.0000,0.6560,0.6470,31.0000
1788242094.7100,0.6560,0.6340,35.0000,0.6560,0.6050,41.0000,0.6560,0.6370,36.0000,0.6560,0.6450,31.0000
1788242094.7598,0.6560,0.6560,34.0000,0.6560,0.6640,38.0000,0.6560,0.6760,34.0000,0.6560,0.6510,31.0000
1788242094.8099,0.6560,0.6550,34.0000,0.6560,0.6460,40.0000,0.6560,0.6720,35.0000,0.6560,0.6540,31.0000
1788242094.8600,0.6560,0.6680,33.0000,0.6560,0.7000,37.0000,0.6560,0.6750,34.0000,0.6560,0.6610,30.0000
1788242094.9100,0.6560,0.6670,33.0000,0.6560,0.6960,36.0000,0.6560,0.6810,34.0000,0.6560,0.6680,30.0000
1788242094.9599,0.6560,0.6770,32.0000,0.6560,0.6810,37.0000,0.6560,0.6880,33.0000,0.6560,0.6570,31.0000
1788242095.0100,0.6560,0.6720,32.0000,0.6560,0.7100,35.0000,0.6560,0.6950,32.0000,0.6560,0.6660,30.0000
1788242095.0601,0.6560,0.6770,32.0000,0.6560,0.7060,34.0000,0.6560,0.6790,33.0000,0.6560,0.6630,30.0000
1788242095.1101,0.6560,0.6450,34.0000,0.6560,0.6720,36.0000,0.6560,0.6590,34.0000,0.6560,0.6450,31.0000
1788242095.1598,0.6560,0.6460,34.0000,0.6560,0.6570,36.0000,0.6560,0.6470,34.0000,0.6560,0.6360,32.0000
1788242095.2100,0.6560,0.6330,34.0000,0.6560,0.6230,38.0000,0.6560,0.6160,36.0000,0.6560,0.6320,32.0000
1788242095.2599,0.6560,0.6420,34.0000,0.6560,0.5110,45.0000,0.6560,0.5070,43.0000,0.6560,0.6310,32.0000
1788242095.3100,0.6560,0.6340,35.0000,0.6560,0.5590,43.0000,0.6560,0.5510,42.0000,0.6560,0.6500,32.0000
1788242095.3600,0.6560,0.6510,34.0000,0.6560,0.6470,39.0000,0.6560,0.6540,37.0000,0.6560,0.6490,32.0000
1788242095.4101,0.6560,0.6530,34.0000,0.6560,0.6790,38.0000,0.6560,0.6560,38.0000,0.6560,0.6580,31.0000
1788242095.4599,0.6560,0.6530,34.0000,0.6560,0.6590,39.0000,0.6560,0.6710,37.0000,0.6560,0.6420,32.0000
1788242095.5110,0.6560,0.6570,34.0000,0.6560,0.7000,37.0000,0.6560,0.6890,35.0000,0.6560,0.6720,31.0000
1788242095.5606,0.6560,0.6630,34.0000,0.6560,0.7000,36.0000,0.6560,0.7010,34.0000,0.6560,0.6500,32.0000
1788242095.6102,0.6560,0.6600,34.0000,0.6560,0.6990,36.0000,0.6560,0.6880,35.0000,0.6560,0.6800,30.0000
1788242095.6603,0.6560,0.6990,31.0000,0.6560,0.6870,36.0000,0.6560,0.6920,34.0000,0.6560,0.6810,30.0000
1788242095.7100,0.6560,0.7010,31.0000,0.6560,0.7040,35.0000,0.6560,0.6920,34.0000,0.6560,0.7120,28.0000
1788242095.7608,0.6560,0.6870,31.0000,0.6560,0.6830,35.0000,0.6560,0.7000,33.0000,0.6560,0.6500,31.0000
1788242095.8100,0.6560,0.6430,33.0000,0.6560,0.6650,36.0000,0.6560,0.6600,35.0000,0.6560,0.6470,31.0000
1788242095.8605,0.6560,0.6420,33.0000,0.6560,0.6580,36.0000,0.6560,0.6650,34.0000,0.6560,0.6210,33.0000
1788242095.9100,0.6560,0.6250,35.0000,0.6560,0.6030,39.0000,0.6560,0.6130,37.0000,0.6560,0.6460,31.0000
1788242095.9612,0.6560,0.6300,34.0000,0.6560,0.5890,40.0000,0.6560,0.6020,38.0000,0.6560,0.6360,32.0000
1788242096.0108,0.6560,0.6320,35.0000,0.6560,0.6340,38.0000,0.6560,0.6520,35.0000,0.6560,0.6510,31.0000
1788242096.0611,0.6560,0.6490,34.0000,0.6560,0.6750,36.0000,0.6560,0.6730,34.0000,0.6560,0.6440,32.0000
1788242096.1102,0.6560,0.6710,33.0000,0.6560,0.6920,35.0000,0.6560,0.6580,35.0000,0.6560,0.6640,31.0000
1788242096.1600,0.6560,0.6460,34.0000,0.6560,0.6780,36.0000,0.6560,0.6740,34.0000,0.6560,0.6570,32.0000
1788242096.2100,0.6560,0.6570,34.0000,0.6560,0.6860,35.0000,0.6560,0.6680,35.0000,0.6560,0.6530,32.0000
1788242096.2600,0.6560,0.6560,34.0000,0.6560,0.6770,35.0000,0.6560,0.6750,34.0000,0.6560,0.6490,32.0000
1788242096.3100,0.6560,0.6750,33.0000,0.6560,0.6910,34.0000,0.6560,0.6640,34.0000,0.6560,0.7090,28.0000
1788242096.3600,0.6560,0.6580,33.0000,0.6560,0.6690,35.0000,0.6560,0.6830,33.0000,0.6560,0.6930,29.0000
1788242096.4101,0.6560,0.6700,33.0000,0.6560,0.6690,35.0000,0.6560,0.6650,34.0000,0.6560,0.6580,31.0000
1788242096.4600,0.6560,0.6460,34.0000,0.6560,0.6560,35.0000,0.6560,0.6680,34.0000,0.6560,0.6300,32.0000
1788242096.5100,0.6560,0.6410,34.0000,0.6560,0.6310,37.0000,0.6560,0.5900,38.0000,0.6560,0.6350,32.0000
1788242096.5600,0.6560,0.5870,38.0000,0.6560,0.6000,39.0000,0.6560,0.5850,39.0000,0.6560,0.6430,32.0000
1788242096.6101,0.6560,0.6320,35.0000,0.6560,0.6560,36.0000,0.6560,0.6450,36.0000,0.6560,0.6430,32.0000
1788242096.6600,0.6560,0.6720,34.0000,0.6560,0.6760,35.0000,0.6560,0.6740,35.0000,0.6560,0.6520,32.0000
1788242096.7101,0.6560,0.6800,33.0000,0.6560,0.6890,34.0000,0.6560,0.6830,34.0000,0.6560,0.6540,32.0000
1788242096.7600,0.6560,0.6600,34.0000,0.6560,0.6880,34.0000,0.6560,0.6780,35.0000,0.6560,0.6650,31.0000
1788242096.8100,0.6560,0.6740,33.0000,0.6560,0.6880,34.0000,0.6560,0.6830,34.0000,0.6560,0.6590,31.0000
1788242096.8601,0.6560,0.6750,33.0000,0.6560,0.6800,34.0000,0.6560,0.6720,34.0000,0.6560,0.6750,30.0000
1788242096.9101,0.6560,0.7020,31.0000,0.6560,0.6790,34.0000,0.6560,0.6850,33.0000,0.6560,0.6770,30.0000
1788242096.9600,0.6560,0.6710,33.0000,0.6560,0.6850,33.0000,0.6560,0.6870,33.0000,0.6560,0.7010,28.0000
1788242097.0101,0.6560,0.6880,31.0000,0.6560,0.6820,33.0000,0.6560,0.6820,33.0000,0.6560,0.6650,30.0000
1788242097.0602,0.6560,0.6540,33.0000,0.6560,0.6610,34.0000,0.6560,0.6510,34.0000,0.6560,0.6410,31.0000
1788242097.1101,0.6560,0.6550,33.0000,0.6560,0.6530,34.0000,0.6560,0.6560,34.0000,0.6560,0.6290,32.0000
1788242097.1601,0.6560,0.6110,35.0000,0.6560,0.6420,35.0000,0.6560,0.6470,35.0000,0.6560,0.6350,32.0000
1788242097.2101,0.6560,0.5720,38.0000,0.6560,0.6060,37.0000,0.6560,0.6010,37.0000,0.6560,0.6260,33.0000
1788242097.2600,0.6560,0.6120,36.0000,0.6560,0.6240,37.0000,0.6560,0.6460,35.0000,0.6560,0.6390,32.0000
1788242097.3101,0.6560,0.6620,34.0000,0.6560,0.6610,35.0000,0.6560,0.6610,34.0000,0.6560,0.6380,32.0000
1788242097.3600,0.6560,0.6730,34.0000,0.6560,0.6650,35.0000,0.6560,0.6610,34.0000,0.6560,0.6640,31.0000
1788242097.4102,0.6560,0.6620,34.0000,0.6560,0.6550,36.0000,0.6560,0.6740,34.0000,0.6560,0.6500,32.0000
1788242097.4600,0.6560,0.6710,34.0000,0.6560,0.6710,35.0000,0.6560,0.6690,34.0000,0.6560,0.6740,31.0000
1788242097.5102,0.6560,0.6940,32.0000,0.6560,0.6750,34.0000,0.6560,0.6840,33.0000,0.6560,0.6600,31.0000
1788242097.5600,0.6560,0.6790,33.0000,0.6560,0.6790,34.0000,0.6560,0.6700,33.0000,0.6560,0.6960,29.0000
1788242097.6102,0.6560,0.6860,32.0000,0.6560,0.6640,34.0000,0.6560,0.6750,33.0000,0.6560,0.6700,30.0000
1788242097.6600,0.6560,0.6490,34.0000,0.6560,0.6540,35.0000,0.6560,0.6480,34.0000,0.6560,0.6440,32.0000
1788242097.7100,0.6560,0.6450,34.0000,0.6560,0.6510,35.0000,0.6560,0.6550,34.0000,0.6560,0.6190,33.0000
1788242097.7600,0.6560,0.5490,40.0000,0.6560,0.6030,38.0000,0.6560,0.6190,36.0000,0.6560,0.6350,32.0000
1788242097.8100,0.6560,0.5650,39.0000,0.6560,0.5790,40.0000,0.6560,0.5700,39.0000,0.6560,0.6290,33.0000
1788242097.8601,0.6560,0.6110,38.0000,0.6560,0.6180,38.0000,0.6560,0.6360,36.0000,0.6560,0.6520,32.0000
1788242097.9100,0.6560,0.6740,35.0000,0.6560,0.6430,37.0000,0.6560,0.6690,34.0000,0.6560,0.6400,33.0000
1788242097.9600,0.6560,0.6730,35.0000,0.6560,0.6780,35.0000,0.6560,0.6590,35.0000,0.6560,0.6640,32.0000
1788242098.0100,0.6560,0.6790,34.0000,0.6560,0.6720,36.0000,0.6560,0.6880,33.0000,0.6560,0.6610,32.0000
1788242098.0600,0.6560,0.6810,34.0000,0.6560,0.6840,35.0000,0.6560,0.6730,34.0000,0.6560,0.6600,32.0000
1788242098.1102,0.6560,0.6940,33.0000,0.6560,0.6770,35.0000,0.6560,0.6850,33.0000,0.6560,0.6700,31.0000
1788242098.1601,0.6560,0.7140,31.0000,0.6560,0.6890,34.0000,0.6560,0.6760,33.0000,0.6560,0.6780,31.0000
1788242098.2100,0.6560,0.6970,32.0000,0.6560,0.6810,34.0000,0.6560,0.6780,33.0000,0.6560,0.6950,30.0000
1788242098.2600,0.6560,0.6870,32.0000,0.6560,0.6880,33.0000,0.6560,0.6710,33.0000,0.6560,0.6680,31.0000
1788242098.3100,0.6560,0.6500,34.0000,0.6560,0.6580,35.0000,0.6560,0.6570,34.0000,0.6560,0.6280,33.0000
1788242098.3601,0.6560,0.6530,33.0000,0.6560,0.6620,34.0000,0.6560,0.6480,34.0000,0.6560,0.6230,33.0000
1788242098.4101,0.6560,0.5840,37.0000,0.6560,0.6160,37.0000,0.6560,0.6550,34.0000,0.6560,0.6280,33.0000
1788242098.4601,0.6560,0.5650,39.0000,0.6560,0.6160,37.0000,0.6560,0.6390,35.0000,0.6560,0.6220,34.0000
1788242098.5100,0.6560,0.5890,39.0000,0.6560,0.5690,40.0000,0.6560,0.6330,35.0000,0.6560,0.6420,33.0000
1788242098.5601,0.6560,0.6440,36.0000,0.6560,0.6530,36.0000,0.6560,0.6430,35.0000,0.6560,0.6510,33.0000
1788242098.6101,0.6560,0.6680,35.0000,0.6560,0.6680,36.0000,0.6560,0.6640,34.0000,0.6560,0.6730,32.0000
1788242098.6600,0.6560,0.6950,34.0000,0.6560,0.6730,36.0000,0.6560,0.6650,34.0000,0.6560,0.6520,33.0000
1788242098.7101,0.6560,0.6840,34.0000,0.6560,0.6650,36.0000,0.6560,0.6610,34.0000,0.6560,0.6640,32.0000
1788242098.7600,0.6560,0.6840,34.0000,0.6560,0.6780,35.0000,0.6560,0.6690,33.0000,0.6560,0.6680,32.0000
1788242098.8100,0.6560,0.6800,34.0000,0.6560,0.6820,35.0000,0.6560,0.6690,33.0000,0.6560,0.7080,30.0000
1788242098.8601,0.6560,0.6770,34.0000,0.6560,0.6720,35.0000,0.6560,0.6680,33.0000,0.6560,0.6760,31.0000
1788242098.9100,0.6560,0.6730,34.0000,0.6560,0.6630,35.0000,0.6560,0.6520,34.0000,0.6560,0.6620,31.0000
1788242098.9600,0.6560,0.6740,33.0000,0.6560,0.6610,35.0000,0.6560,0.6640,33.0000,0.6560,0.6280,33.0000
1788242099.0100,0.6560,0.6340,35.0000,0.6560,0.6540,35.0000,0.6560,0.6550,34.0000,0.6560,0.6420,33.0000
1788242099.0600,0.6560,0.5820,39.0000,0.6560,0.6420,36.0000,0.6560,0.6550,34.0000,0.6560,0.6350,33.0000
1788242099.1101,0.6560,0.5940,38.0000,0.6560,0.6310,37.0000,0.6560,0.6390,35.0000,0.6560,0.6200,34.0000
1788242099.1600,0.6560,0.6000,39.0000,0.6560,0.6350,37.0000,0.6560,0.6500,34.0000,0.6560,0.6270,34.0000
1788242099.2101,0.6560,0.6280,38.0000,0.6560,0.6440,37.0000,0.6560,0.6530,34.0000,0.6560,0.6500,33.0000
1788242099.2600,0.6560,0.6450,37.0000,0.6560,0.6540,36.0000,0.6560,0.6630,34.0000,0.6560,0.6450,34.0000
1788242099.3101,0.6560,0.7060,34.0000,0.6560,0.6670,36.0000,0.6560,0.6550,34.0000,0.6560,0.6640,33.0000
1788242099.3601,0.6560,0.6960,34.0000,0.6560,0.6680,35.0000,0.6560,0.6680,33.0000,0.6560,0.6590,33.0000
1788242099.4112,0.6560,0.7120,33.0000,0.6560,0.6770,35.0000,0.6560,0.6590,34.0000,0.6560,0.7090,30.0000
1788242099.4600,0.6560,0.7290,31.0000,0.6560,0.6580,36.0000,0.6560,0.6750,33.0000,0.6560,0.6950,30.0000
1788242099.5101,0.6560,0.7040,32.0000,0.6560,0.6670,35.0000,0.6560,0.6470,34.0000,0.6560,0.6820,31.0000
1788242099.5600,0.6560,0.6780,33.0000,0.6560,0.6530,36.0000,0.6560,0.6600,33.0000,0.6560,0.6380,33.0000
1788242099.6102,0.6560,0.6720,33.0000,0.6560,0.6630,35.0000,0.6560,0.6470,34.0000,0.6560,0.6610,32.0000
1788242099.6601,0.6560,0.6550,33.0000,0.6560,0.6340,37.0000,0.6560,0.6630,33.0000,0.6560,0.6380,33.0000
1788242099.7100,0.6560,0.6420,34.0000,0.6560,0.6220,37.0000,0.6560,0.6440,34.0000,0.6560,0.6460,33.0000
1788242099.7600,0.6560,0.6040,36.0000,0.6560,0.6180,38.0000,0.6560,0.6420,34.0000,0.6560,0.6160,34.0000
1788242099.8100,0.2960,0.5260,10.0000,1.0160,0.7230,64.0000,0.1760,0.5150,-2.0000,1.1360,0.8480,64.0000
1788242099.8601,-0.0720,0.0170,-6.0000,1.2940,1.1790,67.0000,0.0190,0.0380,0.0000,1.3850,1.3940,60.0000
1788242099.9102,-0.0720,-0.0110,-9.0000,1.2940,1.2730,65.0000,0.0190,0.0070,-1.0000,1.3850,1.3780,64.0000
1788242099.9601,-0.0720,-0.0330,-9.0000,1.2940,1.3350,63.0000,0.0190,0.0030,-2.0000,1.3850,1.3200,68.0000
1788242100.0101,-0.0720,0.0440,-14.0000,1.2940,1.3170,64.0000,0.0190,0.0660,-6.0000,1.3850,1.4270,63.0000
1788242100.0601,-0.0720,0.0060,-13.0000,1.2940,1.3680,61.0000,0.0190,0.0130,-3.0000,1.3850,1.4230,63.0000
1788242100.1103,-0.0720,-0.0010,-14.0000,1.2940,1.3060,64.0000,0.0190,0.0040,-2.0000,1.3850,1.4390,62.0000
1788242100.1601,-0.0720,-0.0810,-10.0000,1.2940,1.2370,68.0000,0.0190,0.0080,-2.0000,1.3850,1.2640,71.0000
1788242100.2102,-0.0720,-0.0290,-13.0000,1.2940,1.2670,66.0000,0.0190,0.0050,-2.0000,1.3850,1.4260,63.0000
1788242100.2601,-0.0720,-0.0790,-11.0000,1.2940,1.2920,65.0000,0.0190,0.0330,-4.0000,1.3850,1.4240,63.0000
1788242100.3101,-0.0720,-0.0120,-15.0000,1.2940,1.3410,62.0000,0.0190,0.0200,-3.0000,1.3850,1.4580,60.0000
1788242100.3601,-0.0720,-0.0020,-16.0000,1.2940,1.2770,66.0000,0.0190,-0.0010,-2.0000,1.3850,1.4170,62.0000
1788242100.4103,-0.0720,-0.0000,-17.0000,1.2940,1.2710,66.0000,0.0190,-0.0000,-2.0000,1.3850,1.4360,60.0000
1788242100.4602,-0.0720,-0.0340,-16.0000,1.2940,1.2510,67.0000,0.0190,0.0010,-2.0000,1.3850,1.3070,68.0000
1788242100.5102,0.0480,-0.0580,-4.0000,1.1740,1.2730,56.0000,0.2590,0.0140,27.0000,1.1450,1.3820,43.0000
1788242100.5606,0.6560,0.4170,34.0000,0.6560,0.8150,33.0000,0.6560,0.5770,33.0000,0.6560,0.8870,25.0000
1788242100.6109,0.6560,0.5960,29.0000,0.6560,0.6990,36.0000,0.6560,0.6500,33.0000,0.6560,0.6590,33.0000
1788242100.6596,0.6560,0.5980,30.0000,0.6560,0.6870,35.0000,0.6560,0.6550,34.0000,0.6560,0.6630,31.0000
1788242100.7108,0.6560,0.6050,31.0000,0.6560,0.6740,35.0000,0.6560,0.6480,34.0000,0.6560,0.6470,31.0000
1788242100.7600,0.6560,0.6180,31.0000,0.6560,0.6820,34.0000,0.6560,0.6690,33.0000,0.6560,0.6430,31.0000
1788242100.8100,0.5360,0.6110,22.0000,0.5360,0.6550,25.0000,0.4160,0.6460,14.0000,0.4160,0.6200,12.0000
1788242100.8600,0.0000,0.2660,0.0000,0.0000,0.2670,0.0000,0.0000,0.3540,0.0000,0.0000,0.1220,0.0000
1788242100.9101,0.0000,0.0840,0.0000,0.0000,0.0200,0.0000,0.0000,0.1340,0.0000,0.0000,0.0110,0.0000
1788242100.9604,-0.1200,0.0140,-14.0000,0.1200,-0.0050,14.0000,0.2400,0.0130,28.0000,-0.2400,-0.0180,-28.0000
1788242101.0112,-0.6560,-0.4190,-43.0000,0.6560,0.4570,42.0000,0.6560,0.5680,36.0000,-0.6560,-0.6030,-34.0000
1788242101.0609,-0.6560,-0.6500,-36.0000,0.6560,0.4760,46.0000,0.6560,0.6510,36.0000,-0.6560,-0.6490,-35.0000
1788242101.1104,-0.6560,-0.6970,-34.0000,0.6560,0.5610,43.0000,0.6560,0.6650,36.0000,-0.6560,-0.6870,-34.0000
1788242101.1611,-0.6560,-0.6950,-35.0000,0.6560,0.6280,41.0000,0.6560,0.5480,43.0000,-0.6560,-0.6350,-37.0000
1788242101.2110,-0.6560,-0.5450,-43.0000,0.6560,0.6000,44.0000,0.6560,0.6100,40.0000,-0.6560,-0.5400,-43.0000
1788242101.2607,-0.6560,-0.6280,-38.0000,0.6560,0.5810,45.0000,0.6560,0.6030,42.0000,-0.6560,-0.6110,-40.0000
1788242101.3103,-0.6560,-0.6140,-40.0000,0.6560,0.6410,43.0000,0.6560,0.6830,37.0000,-0.6560,-0.6540,-38.0000
1788242101.3611,-0.6560,-0.6360,-39.0000,0.6560,0.6470,43.0000,0.6560,0.6850,37.0000,-0.6560,-0.6790,-37.0000
1788242101.4103,-0.6560,-0.6260,-40.0000,0.6560,0.6650,42.0000,0.6560,0.6770,38.0000,-0.6560,-0.6290,-39.0000
1788242101.4611,-0.6560,-0.6570,-38.0000,0.6560,0.7010,40.0000,0.6560,0.6780,37.0000,-0.6560,-0.6540,-38.0000
1788242101.5103,-0.6560,-0.6720,-38.0000,0.6560,0.7160,39.0000,0.6560,0.7040,36.0000,-0.6560,-0.6700,-37.0000
1788242101.5614,-0.6560,-0.6710,-38.0000,0.6560,0.7270,37.0000,0.6560,0.6800,37.0000,-0.6560,-0.6640,-37.0000
1788242101.6104,-0.6560,-0.6660,-38.0000,0.6560,0.7230,37.0000,0.6560,0.6560,38.0000,-0.6560,-0.6580,-38.0000
1788242101.6603,-0.6560,-0.6620,-38.0000,0.6560,0.6740,39.0000,0.6560,0.6530,38.0000,-0.6560,-0.6740,-37.0000
1788242101.7120,-0.6560,-0.6820,-37.0000,0.6560,0.6430,40.0000,0.6560,0.6400,38.0000,-0.6560,-0.7110,-34.0000
1788242101.7603,-0.6560,-0.6940,-36.0000,0.6560,0.6280,41.0000,0.6560,0.6190,40.0000,-0.6560,-0.6840,-36.0000
1788242101.8101,-0.6560,-0.6570,-38.0000,0.6560,0.6140,42.0000,0.6560,0.6030,41.0000,-0.6560,-0.6330,-38.0000
1788242101.8603,-0.6560,-0.6020,-41.0000,0.6560,0.6200,42.0000,0.6560,0.6220,41.0000,-0.6560,-0.6060,-40.0000
1788242101.9104,-0.6560,-0.5810,-42.0000,0.6560,0.6340,42.0000,0.6560,0.6540,39.0000,-0.6560,-0.6170,-39.0000
1788242101.9603,-0.6560,-0.6150,-41.0000,0.6560,0.6360,42.0000,0.6560,0.6590,39.0000,-0.6560,-0.6350,-39.0000
1788242102.0103,-0.6560,-0.6450,-40.0000,0.6560,0.6400,42.0000,0.6560,0.6580,39.0000,-0.6560,-0.6420,-39.0000
1788242102.0603,-0.6560,-0.6590,-39.0000,0.6560,0.6520,42.0000,0.6560,0.6630,39.0000,-0.6560,-0.6590,-38.0000
1788242102.1105,-0.6560,-0.6650,-39.0000,0.6560,0.7000,39.0000,0.6560,0.6730,38.0000,-0.6560,-0.6510,-39.0000
1788242102.1603,-0.6560,-0.6830,-38.0000,0.6560,0.6930,39.0000,0.6560,0.6860,37.0000,-0.6560,-0.6550,-39.0000
1788242102.2113,-0.6560,-0.6880,-37.0000,0.6560,0.6680,40.0000,0.6560,0.6490,39.0000,-0.6560,-0.6660,-38.0000
1788242102.2601,-0.6560,-0.6800,-37.0000,0.6560,0.6450,41.0000,0.6560,0.6610,38.0000,-0.6560,-0.6810,-37.0000
1788242102.3103,-0.6560,-0.6790,-37.0000,0.6560,0.6520,40.0000,0.6560,0.6520,39.0000,-0.6560,-0.6900,-36.0000
1788242102.3602,-0.6560,-0.6850,-37.0000,0.6560,0.6620,40.0000,0.6560,0.6290,40.0000,-0.6560,-0.7030,-35.0000
1788242102.4103,-0.6560,-0.6740,-37.0000,0.6560,0.6510,40.0000,0.6560,0.5940,43.0000,-0.6560,-0.6890,-35.0000
1788242102.4604,-0.6560,-0.6670,-37.0000,0.6560,0.6380,41.0000,0.6560,0.5900,43.0000,-0.6560,-0.6660,-36.0000
1788242102.5111,-0.6560,-0.6520,-38.0000,0.6560,0.6330,41.0000,0.6560,0.6070,43.0000,-0.6560,-0.6290,-38.0000
1788242102.5603,-1.1360,-0.8390,-69.0000,1.1360,0.8190,74.0000,0.0560,0.4070,-6.0000,-0.0560,-0.3300,6.0000
1788242102.6103,-1.3850,-1.3900,-64.0000,1.2940,1.3090,65.0000,-0.1010,0.0350,-7.0000,0.1920,0.1460,13.0000
1788242102.6603,-0.7850,-1.1470,-28.0000,0.6940,1.0830,26.0000,-0.6380,-0.3860,-40.0000,0.7280,0.5330,42.0000
1788242102.7103,-0.7280,-0.7870,-39.0000,0.6380,0.7230,36.0000,-0.6380,-0.6060,-33.0000,0.7280,0.7260,36.0000
1788242102.7603,-0.7280,-0.7460,-39.0000,0.6380,0.7150,34.0000,-0.6380,-0.5820,-37.0000,0.7280,0.7460,37.0000
1788242102.8102,-0.7280,-0.6710,-42.0000,0.6380,0.6290,38.0000,-0.6380,-0.6300,-35.0000,0.7280,0.7460,37.0000
1788242102.8603,-0.7280,-0.7700,-37.0000,0.6380,0.5860,40.0000,-0.6380,-0.6290,-35.0000,0.7280,0.7510,37.0000
1788242102.9104,-0.7280,-0.7790,-36.0000,0.6380,0.5600,41.0000,-0.6380,-0.6190,-36.0000,0.7280,0.7370,37.0000
1788242102.9603,-0.7280,-0.7670,-37.0000,0.6380,0.6480,37.0000,-0.6380,-0.6030,-37.0000,0.7280,0.6330,43.0000
1788242103.0103,-0.7280,-0.6440,-44.0000,0.6380,0.6460,37.0000,-0.6380,-0.6180,-37.0000,0.7280,0.6730,41.0000
1788242103.0602,-0.7280,-0.6520,-43.0000,0.6380,0.6450,38.0000,-0.6380,-0.6250,-36.0000,0.7280,0.7270,39.0000
1788242103.1104,-0.7280,-0.6790,-42.0000,0.6380,0.6250,39.0000,-0.6380,-0.6210,-37.0000,0.7280,0.7210,40.0000
1788242103.1604,-0.7280,-0.7220,-41.0000,0.6380,0.6340,38.0000,-0.6380,-0.5920,-39.0000,0.7280,0.7270,39.0000
1788242103.2101,-0.7280,-0.7050,-42.0000,0.6380,0.6750,36.0000,-0.6380,-0.5850,-40.0000,0.7280,0.7370,39.0000
1788242103.2602,-0.7280,-0.7540,-39.0000,0.6380,0.6870,35.0000,-0.6380,-0.6450,-37.0000,0.7280,0.7520,38.0000
1788242103.3105,-0.7280,-0.7860,-37.0000,0.6380,0.6990,34.0000,-0.6380,-0.6140,-39.0000,0.7280,0.7770,36.0000
1788242103.3603,-0.7280,-0.7640,-38.0000,0.6380,0.6840,34.0000,-0.6380,-0.5670,-42.0000,0.7280,0.7610,37.0000
1788242103.4104,-0.7280,-0.6670,-44.0000,0.6380,0.6720,34.0000,-0.6380,-0.5830,-41.0000,0.7280,0.7590,36.0000
1788242103.4603,-0.7280,-0.6610,-44.0000,0.6380,0.6210,36.0000,-0.6380,-0.6550,-38.0000,0.7280,0.7280,38.0000
1788242103.5104,-0.7280,-0.7090,-42.0000,0.6380,0.5740,39.0000,-0.6380,-0.6730,-37.0000,0.7280,0.7030,39.0000
1788242103.5603,-0.7280,-0.7150,-42.0000,0.6380,0.5810,39.0000,-0.6380,-0.6450,-38.0000,0.7280,0.6880,40.0000
1788242103.6104,-0.7280,-0.7110,-43.0000,0.6380,0.6150,38.0000,-0.6380,-0.6110,-40.0000,0.7280,0.6830,41.0000
1788242103.6603,-0.7280,-0.7410,-41.0000,0.6380,0.5810,40.0000,-0.6380,-0.6760,-36.0000,0.7280,0.7030,40.0000
1788242103.7104,-0.7280,-0.7360,-41.0000,0.6380,0.5930,40.0000,-0.5180,-0.6650,-27.0000,0.6080,0.7440,28.0000
1788242103.7602,-0.1280,-0.4770,1.0000,0.0380,0.3340,-7.0000,0.0000,-0.2930,0.0000,0.0080,0.3340,0.0000
1788242103.8102,0.0000,-0.0150,0.0000,0.0000,0.0040,0.0000,0.0000,-0.0040,0.0000,0.0000,-0.0140,0.0000
1788242103.8602,0.0000,-0.0010,0.0000,0.0000,0.0000,0.0000,0.0000,0.0000,0.0000,0.0000,-0.0020,0.0000
1788242103.9601,0.1200,-0.0000,14.0000,0.1200,-0.0000,14.0000,0.2400,0.0140,28.0000,0.2400,0.0110,28.0000
1788242103.9612,0.6560,0.5050,38.0000,0.6560,0.3550,48.0000,0.6560,0.5710,36.0000,0.6560,0.4770,42.0000
1788242104.0101,0.6560,0.6580,34.0000,0.6560,0.5880,40.0000,0.6560,0.6170,38.0000,0.6560,0.6360,37.0000
1788242104.0602,0.6560,0.6680,34.0000,0.6560,0.6560,38.0000,0.6560,0.6640,36.0000,0.6560,0.6810,36.0000
1788242104.1102,0.6560,0.6760,34.0000,0.6560,0.7200,35.0000,0.6560,0.6720,36.0000,0.6560,0.7260,34.0000
1788242104.1602,0.2960,0.6330,5.0000,1.0160,0.8070,62.0000,0.1760,0.5780,-3.0000,1.1360,0.8960,66.0000
1788242104.2102,-0.0720,0.0420,-7.0000,1.2940,1.3210,60.0000,0.0190,0.0680,0.0000,1.3850,1.4350,61.0000
1788242104.2601,-0.0720,0.0390,-12.0000,1.2940,1.3120,64.0000,0.0190,0.0750,-3.0000,1.3850,1.4280,64.0000
1788242104.3103,-0.0720,0.0090,-12.0000,1.2940,1.3180,64.0000,0.0190,0.0220,-2.0000,1.3850,1.4770,61.0000
1788242104.3602,-0.0720,-0.0170,-12.0000,1.2940,1.3100,64.0000,0.0190,0.0030,-1.0000,1.3850,1.3860,66.0000
1788242104.4103,-0.0720,-0.0800,-9.0000,1.2940,1.2780,66.0000,0.0190,0.0000,-1.0000,1.3850,1.4230,64.0000
1788242104.4602,-0.0720,-0.0510,-11.0000,1.2940,1.3270,63.0000,0.0190,0.0490,-4.0000,1.3850,1.4430,62.0000
1788242104.5103,-0.0720,-0.0330,-12.0000,1.2940,1.3450,62.0000,0.0190,0.0540,-4.0000,1.3850,1.4250,63.0000
1788242104.5602,-0.0720,-0.0090,-14.0000,1.2940,1.2900,64.0000,0.0190,0.0280,-3.0000,1.3850,1.4020,64.0000
1788242104.6104,-0.0720,-0.0070,-15.0000,1.2940,1.2790,65.0000,0.0190,0.0030,-2.0000,1.3850,1.3920,64.0000
1788242104.6601,-0.0720,-0.0320,-14.0000,1.2940,1.2750,65.0000,0.0190,0.0130,-2.0000,1.3850,1.3760,65.0000
1788242104.7102,-0.0720,-0.0690,-12.0000,1.2940,1.2840,65.0000,0.0190,0.0130,-2.0000,1.3850,1.4360,61.0000
1788242104.7602,-0.0720,-0.0430,-14.0000,1.2940,1.2950,64.0000,0.0190,0.0010,-1.0000,1.3850,1.4270,61.0000
1788242104.8104,-0.0720,-0.0830,-12.0000,1.2940,1.3460,61.0000,0.0190,0.0120,-2.0000,1.3850,1.4210,61.0000
1788242104.8603,-0.0720,-0.0730,-13.0000,1.2940,1.3420,61.0000,0.0190,0.0160,-2.0000,1.3850,1.3750,63.0000
1788242104.9102,-0.0720,-0.0130,-16.0000,1.2940,1.2630,66.0000,0.0190,0.0010,-1.0000,1.3850,1.3980,62.0000
1788242104.9603,-0.0720,-0.0330,-16.0000,1.2940,1.2810,65.0000,0.0190,0.0000,-1.0000,1.3850,1.3890,62.0000
1788242105.0102,-0.0720,-0.0680,-14.0000,1.2940,1.2750,65.0000,0.0190,0.0000,0.0000,1.3850,1.3930,62.0000
1788242105.0603,-0.0720,-0.0300,-17.0000,1.2940,1.2730,65.0000,0.0190,0.0000,0.0000,1.3850,1.4150,61.0000
1788242105.1103,-0.0720,-0.0210,-17.0000,1.2940,1.3150,63.0000,0.0190,0.0000,0.0000,1.3850,1.4060,61.0000
1788242105.1617,-0.0720,-0.0910,-14.0000,1.2940,1.3120,63.0000,0.0190,0.0120,0.0000,1.3850,1.3760,62.0000
1788242105.2102,-0.0720,-0.0650,-16.0000,1.2940,1.2720,65.0000,0.0190,0.0010,0.0000,1.3850,1.3730,62.0000
1788242105.2621,-0.0720,-0.0730,-15.0000,1.2940,1.2860,65.0000,0.0190,0.0000,1.0000,1.3850,1.3740,62.0000
1788242105.3104,-0.0720,-0.0960,-14.0000,1.2940,1.2950,64.0000,0.0190,0.0000,1.0000,1.3850,1.3800,62.0000
1788242105.3602,0.0000,-0.0240,0.0000,0.9340,1.1990,38.0000,0.0000,0.0000,0.0000,0.9050,1.2430,27.0000
1788242105.4102,0.0000,0.0830,0.0000,0.3340,0.6530,12.0000,0.0000,0.0000,0.0000,0.3050,0.6430,4.0000
1788242105.4601,0.0000,0.0970,0.0000,0.0000,0.1210,0.0000,0.0000,0.0000,0.0000,0.0000,0.0770,0.0000
1788242105.5107,-0.1200,0.0250,-15.0000,0.1200,0.0090,14.0000,0.2400,0.0080,28.0000,-0.2400,-0.0100,-28.0000
1788242105.5604,-0.6560,-0.2950,-50.0000,0.6560,0.4910,40.0000,0.6560,0.5660,36.0000,-0.6560,-0.6140,-33.0000
1788242105.6104,-0.6560,-0.5880,-40.0000,0.6560,0.6590,34.0000,0.6560,0.6540,36.0000,-0.6560,-0.6580,-35.0000
1788242105.6604,-0.6560,-0.6190,-41.0000,0.6560,0.5940,40.0000,0.6560,0.6590,36.0000,-0.6560,-0.6410,-37.0000
1788242105.7105,-0.6560,-0.6630,-39.0000,0.6560,0.5280,44.0000,0.6560,0.6480,37.0000,-0.6560,-0.5280,-44.0000
1788242105.7607,-0.6560,-0.6480,-40.0000,0.6560,0.5470,44.0000,0.6560,0.6230,39.0000,-0.6560,-0.5760,-42.0000
1788242105.8103,-0.7760,-0.6450,-51.0000,0.7760,0.6080,53.0000,0.4160,0.6080,19.0000,-0.4160,-0.6120,-20.0000
1788242105.8603,-1.3760,-1.0880,-80.0000,1.2940,1.1230,72.0000,0.0190,0.1740,-2.0000,0.0720,-0.0920,5.0000
1788242105.9104,-1.1450,-1.4360,-45.0000,1.0540,1.3120,45.0000,-0.3410,-0.0630,-32.0000,0.4320,0.2250,29.0000
1788242105.9605,-0.7280,-0.9540,-34.0000,0.6380,0.7980,35.0000,-0.6380,-0.5920,-34.0000,0.7280,0.7070,33.0000
1788242106.0106,-0.7280,-0.8110,-38.0000,0.6380,0.7370,34.0000,-0.6380,-0.6320,-36.0000,0.7280,0.6880,38.0000
1788242106.0604,-0.7280,-0.6470,-45.0000,0.6380,0.6730,36.0000,-0.5180,-0.6440,-25.0000,0.6080,0.7270,26.0000
1788242106.1103,-1.3280,-0.9730,-80.0000,1.2380,1.0070,69.0000,0.0190,-0.3000,12.0000,0.0720,0.3300,-7.0000
1788242106.1603,-1.3850,-1.3400,-69.0000,1.2940,1.2960,62.0000,0.0190,-0.0110,1.0000,0.0720,0.0370,5.0000
1788242106.2104,-1.3850,-1.3930,-69.0000,1.2940,1.2840,65.0000,0.0190,-0.0010,3.0000,0.0720,0.0300,4.0000
1788242106.2602,-1.3850,-1.4350,-67.0000,1.2940,1.2730,66.0000,0.0190,-0.0000,3.0000,0.0720,0.0260,5.0000
1788242106.3104,-1.3850,-1.4360,-67.0000,1.2940,1.2960,65.0000,0.0190,-0.0000,4.0000,0.0720,0.0050,6.0000
1788242106.3603,-1.3850,-1.4380,-66.0000,1.2940,1.2970,65.0000,0.0190,-0.0000,4.0000,0.0720,0.0050,7.0000
1788242106.4103,-1.3850,-1.4220,-66.0000,1.2940,1.2700,66.0000,0.0190,-0.0000,4.0000,0.0720,0.0220,7.0000
1788242106.4603,-1.3850,-1.4230,-66.0000,1.2940,1.2940,65.0000,0.0190,-0.0000,4.0000,0.0720,0.0630,5.0000
1788242106.5103,-1.3850,-1.3810,-68.0000,1.2940,1.3310,63.0000,0.0190,0.0030,4.0000,0.0720,0.0480,6.0000
1788242106.5603,-1.3850,-1.3740,-68.0000,1.2940,1.2650,66.0000,0.0190,0.0030,5.0000,0.0720,0.1120,3.0000
1788242106.6104,-1.3850,-1.3920,-67.0000,1.2940,1.2660,66.0000,0.0190,-0.0070,5.0000,0.0720,0.0890,4.0000
1788242106.6603,-1.3850,-1.4090,-66.0000,1.2940,1.2690,67.0000,0.0190,-0.0050,6.0000,0.0720,0.0320,7.0000
1788242106.7103,-1.3850,-1.4280,-65.0000,1.2940,1.2810,66.0000,0.0190,-0.0000,6.0000,0.0720,0.1040,3.0000
1788242106.7601,-1.3850,-1.4030,-66.0000,1.2940,1.2800,67.0000,0.0190,0.0020,6.0000,0.0720,0.1250,2.0000
1788242106.8105,-1.3850,-1.3990,-66.0000,1.2940,1.3380,63.0000,0.0190,0.0060,6.0000,0.0720,0.1030,3.0000
1788242106.8603,-1.1450,-1.3760,-46.0000,1.2940,1.3250,64.0000,0.0190,0.0010,6.0000,0.4320,0.1960,35.0000
1788242106.9105,-0.5450,-0.9230,-16.0000,1.2940,1.2820,66.0000,0.0190,-0.0070,7.0000,1.0320,0.7910,58.0000
1788242106.9603,-0.0720,-0.3030,4.0000,1.2940,1.2900,65.0000,0.0190,0.0150,6.0000,1.3850,1.3870,61.0000
1788242107.0103,-0.0720,-0.0230,-6.0000,1.2940,1.2520,68.0000,0.0190,0.0190,6.0000,1.3850,1.4120,64.0000
1788242107.0602,-0.0720,-0.0020,-6.0000,1.2940,1.2450,69.0000,0.0190,0.0260,5.0000,1.3850,1.4510,62.0000
1788242107.1104,-0.0720,-0.0000,-6.0000,1.2940,1.3020,66.0000,0.0190,0.0090,6.0000,1.3850,1.3520,68.0000
1788242107.1602,-0.0720,0.0010,-7.0000,1.2940,1.3620,62.0000,0.0190,0.0100,6.0000,1.3850,1.4240,63.0000
1788242107.2103,-0.0720,0.0170,-8.0000,1.2940,1.3170,65.0000,0.0190,0.0590,4.0000,1.3850,1.4190,63.0000
1788242107.2603,-0.0720,0.0220,-10.0000,1.2940,1.3350,63.0000,0.0190,0.0940,1.0000,1.3850,1.4540,61.0000
1788242107.3103,-0.0720,-0.0070,-9.0000,1.2940,1.2580,67.0000,0.0190,0.0480,3.0000,1.3850,1.3520,66.0000
1788242107.3603,-0.0720,-0.0300,-9.0000,1.2940,1.2850,66.0000,0.0190,0.0220,4.0000,1.3850,1.3820,64.0000
1788242107.4104,-0.0720,-0.0090,-11.0000,1.2940,1.3160,64.0000,0.0190,0.0170,5.0000,1.3850,1.4200,62.0000
1788242107.4603,-0.0720,-0.0360,-10.0000,1.2940,1.3480,62.0000,0.0190,0.0090,5.0000,1.3850,1.4430,61.0000
1788242107.5103,-0.0720,-0.0350,-11.0000,1.2940,1.3080,64.0000,0.0190,0.0080,5.0000,1.3850,1.4210,62.0000
1788242107.5614,-0.0720,-0.0070,-13.0000,1.2940,1.2470,67.0000,0.0190,0.0030,5.0000,1.3850,1.4210,61.0000
1788242107.6105,-0.0720,-0.0280,-12.0000,1.2940,1.2500,67.0000,0.0190,0.0050,6.0000,1.3850,1.3870,63.0000
1788242107.6603,-0.0720,-0.0280,-13.0000,1.2940,1.2560,67.0000,0.0190,0.0650,2.0000,1.3850,1.4230,60.0000
1788242107.7101,-0.0720,-0.0420,-13.0000,1.2940,1.2860,66.0000,0.0190,0.0630,2.0000,1.3850,1.4000,61.0000
1788242107.7603,-0.0720,-0.0330,-14.0000,1.2940,1.3160,64.0000,0.0190,0.0130,4.0000,1.3850,1.4240,60.0000
1788242107.8103,-0.0720,-0.0600,-12.0000,1.2940,1.3660,61.0000,0.0190,0.0330,3.0000,1.3850,1.4040,60.0000
1788242107.8605,-0.0720,-0.0230,-15.0000,1.2940,1.2710,66.0000,0.0190,0.0060,5.0000,1.3850,1.3840,61.0000
1788242107.9104,-0.4320,-0.1640,-45.0000,1.2940,1.2320,69.0000,0.0190,0.0000,5.0000,0.9050,1.2190,28.0000
1788242107.9603,-1.0320,-0.7470,-68.0000,1.2940,1.3240,64.0000,0.0190,0.0000,5.0000,0.3050,0.6370,4.0000
1788242108.0102,-1.3850,-1.2640,-77.0000,1.2940,1.3280,63.0000,0.0190,0.0000,5.0000,0.0720,0.0610,2.0000
1788242108.0602,-1.3850,-1.3950,-75.0000,1.2940,1.3270,63.0000,0.0190,0.0000,6.0000,0.0720,0.0060,1.0000
1788242108.1103,-1.3850,-1.4760,-71.0000,1.2940,1.3510,61.0000,0.0190,-0.0080,6.0000,0.0720,0.0000,1.0000
1788242108.1604,-1.3850,-1.4770,-71.0000,1.2940,1.3480,61.0000,0.0190,-0.0020,6.0000,0.0720,0.0040,2.0000
1788242108.2104,-1.3850,-1.4280,-73.0000,1.2940,1.3150,62.0000,0.0190,-0.0000,6.0000,0.0720,0.0010,3.0000
1788242108.2603,-1.3850,-1.4620,-70.0000,1.2940,1.2930,63.0000,0.0190,-0.0000,7.0000,0.0720,0.0000,4.0000
1788242108.3104,-1.3850,-1.4470,-70.0000,1.2940,1.2790,64.0000,0.0190,-0.0000,7.0000,0.0720,0.0050,4.0000
1788242108.3603,-1.3850,-1.4210,-71.0000,1.2940,1.2530,65.0000,0.0190,-0.0000,7.0000,0.0720,0.0270,4.0000
1788242108.4104,-1.1450,-1.4260,-49.0000,1.2940,1.2850,64.0000,0.0190,-0.0000,7.0000,0.4320,0.1990,33.0000
1788242108.4603,-0.5450,-0.9810,-18.0000,1.2940,1.2860,64.0000,0.0190,-0.0000,8.0000,1.0320,0.7760,57.0000
1788242108.5103,-0.0720,-0.3390,1.0000,1.2940,1.2570,66.0000,0.0190,0.0010,8.0000,1.3850,1.3570,61.0000
1788242108.5602,-0.0720,-0.0820,-7.0000,1.2940,1.2570,66.0000,0.0190,0.0030,8.0000,1.3850,1.3930,64.0000
1788242108.6105,-0.0720,-0.0310,-8.0000,1.2940,1.2660,66.0000,0.0190,0.0040,8.0000,1.3850,1.4380,62.0000
1788242108.6602,-0.0720,-0.0030,-9.0000,1.2940,1.2740,66.0000,0.0190,0.0000,8.0000,1.3850,1.3860,65.0000
1788242108.7104,-0.0720,-0.0000,-10.0000,1.2940,1.3360,63.0000,0.0190,0.0800,4.0000,1.3850,1.4010,64.0000
1788242108.7603,-0.0720,-0.0000,-10.0000,1.2940,1.3600,61.0000,0.0190,0.1820,-3.0000,1.3850,1.4100,63.0000
1788242108.8102,-0.0720,-0.0000,-11.0000,1.2940,1.3260,62.0000,0.0190,0.1420,-2.0000,1.3850,1.4450,61.0000
1788242108.9097,-0.0720,-0.0000,-12.0000,1.2940,1.2550,67.0000,0.0190,0.0190,4.0000,1.3850,1.4290,61.0000
1788242108.9595,-0.0720,-0.0000,-13.0000,1.2940,1.3000,63.0000,0.0190,0.0010,4.0000,1.3850,1.4430,60.0000
1788242109.0104,-0.0720,-0.0000,-14.0000,1.2940,1.2340,68.0000,0.0190,0.0220,3.0000,1.3850,1.3570,64.0000
1788242109.0116,-0.0720,-0.0270,-13.0000,1.2940,1.2620,66.0000,0.0190,0.0030,4.0000,1.3850,1.4020,61.0000
1788242109.0610,-0.0720,-0.0950,-10.0000,1.2940,1.3340,62.0000,0.0190,0.0040,4.0000,1.3850,1.4050,61.0000
1788242109.1106,-0.0720,-0.1040,-9.0000,1.2940,1.3390,62.0000,0.0190,0.0010,5.0000,1.3850,1.4250,60.0000
1788242109.1604,-0.0720,-0.0140,-15.0000,1.2940,1.2840,65.0000,0.0190,0.0000,5.0000,1.3850,1.4060,61.0000
1788242109.2105,-0.0720,-0.0120,-15.0000,1.2940,1.3270,62.0000,0.0190,0.0000,5.0000,1.3850,1.4270,59.0000
1788242109.2608,-0.0720,-0.0590,-13.0000,1.2940,1.2680,66.0000,0.0190,0.0040,5.0000,1.3850,1.2580,69.0000
1788242109.3116,-0.0720,-0.0890,-11.0000,1.2940,1.2900,64.0000,0.0190,0.0020,6.0000,1.3850,1.3900,62.0000
1788242109.3604,-0.0720,-0.0910,-11.0000,1.2940,1.3100,63.0000,0.0190,0.0070,6.0000,1.3850,1.3570,64.0000
1788242109.4103,-0.0720,-0.0780,-12.0000,1.2940,1.3130,63.0000,0.0190,0.0050,6.0000,1.3850,1.4000,62.0000
1788242109.4603,-0.0720,-0.0550,-13.0000,1.2940,1.3050,63.0000,0.0190,0.0000,6.0000,1.3850,1.3940,62.0000
1788242109.5105,-0.0720,-0.0070,-16.0000,1.2940,1.2970,63.0000,0.0190,-0.0020,7.0000,1.3850,1.4300,60.0000
1788242109.5603,-0.0720,-0.0150,-16.0000,1.2940,1.2800,64.0000,0.0190,0.0040,7.0000,1.3850,1.2850,68.0000
1788242109.6105,-0.0720,-0.0970,-12.0000,1.2940,1.2970,63.0000,0.0190,0.0010,7.0000,1.3850,1.3100,67.0000
1788242109.6604,-0.0720,-0.0770,-13.0000,1.2940,1.2940,64.0000,0.0190,0.0050,7.0000,1.3850,1.3870,64.0000
1788242109.7104,-0.0720,-0.0670,-14.0000,1.2940,1.3030,63.0000,0.0190,0.0000,7.0000,1.3850,1.4140,62.0000
1788242109.7603,-0.0720,-0.0310,-16.0000,1.2940,1.3090,63.0000,0.0190,0.0030,7.0000,1.3850,1.3930,63.0000
1788242109.8104,-0.0720,-0.0380,-16.0000,1.2940,1.2830,64.0000,0.0190,0.0000,8.0000,1.3850,1.4050,62.0000
1788242109.8603,-0.0720,-0.0340,-16.0000,1.2940,1.2830,64.0000,0.0190,0.0000,8.0000,1.3850,1.3300,67.0000
1788242109.9104,-0.0720,-0.1090,-12.0000,1.2940,1.2660,65.0000,0.0190,0.0510,5.0000,1.3850,1.2810,70.0000
1788242109.9604,-0.0720,-0.1090,-12.0000,1.2940,1.2950,64.0000,0.0190,0.0780,4.0000,1.3850,1.3710,66.0000
1788242110.0105,-0.0720,-0.0660,-15.0000,1.2940,1.3100,63.0000,0.0190,0.0210,6.0000,1.3850,1.4400,62.0000
1788242110.0603,-0.0720,-0.0740,-14.0000,1.2940,1.3360,61.0000,0.0190,0.0190,6.0000,1.3850,1.3830,65.0000
1788242110.1106,-0.0720,-0.0720,-14.0000,1.2940,1.2820,64.0000,0.0190,0.0060,7.0000,1.3850,1.4100,63.0000
1788242110.1604,-0.0720,-0.0480,-15.0000,1.2940,1.2800,64.0000,0.0190,0.0000,7.0000,1.3850,1.3440,67.0000
1788242110.2104,-0.0720,-0.0950,-13.0000,1.2940,1.2940,63.0000,0.0190,0.0000,8.0000,1.3850,1.3190,69.0000
1788242110.2604,-0.0720,-0.0620,-15.0000,1.2940,1.2790,64.0000,0.0190,0.0010,8.0000,1.3850,1.3620,67.0000
1788242110.3105,-0.0720,-0.0690,-14.0000,1.2940,1.2940,63.0000,0.0190,0.0000,8.0000,1.3850,1.4080,64.0000
1788242110.3604,-0.0720,-0.0820,-14.0000,1.2940,1.3240,61.0000,0.0190,0.0000,8.0000,1.3850,1.4330,63.0000
1788242110.4104,-0.0720,-0.0760,-14.0000,1.2940,1.3170,62.0000,0.0190,0.0030,8.0000,1.3850,1.4110,64.0000
1788242110.4604,-0.0720,-0.0260,-17.0000,1.2940,1.2880,63.0000,0.0190,0.0030,8.0000,1.3850,1.3880,65.0000
1788242110.5105,-0.0720,-0.0410,-16.0000,1.2940,1.2780,64.0000,0.0190,0.0030,9.0000,1.3850,1.3320,68.0000
1788242110.5605,-0.0720,-0.0890,-14.0000,1.2940,1.3040,62.0000,0.0190,0.0060,9.0000,1.3850,1.3690,66.0000
1788242110.6105,-0.0720,-0.0610,-16.0000,1.2940,1.3060,62.0000,0.0190,0.0060,9.0000,1.3850,1.3900,65.0000
1788242110.6604,-0.0720,-0.0310,-17.0000,1.2940,1.2940,63.0000,0.0190,0.0010,9.0000,1.3850,1.4390,62.0000
1788242110.7104,-0.0720,-0.0310,-18.0000,1.2940,1.3090,62.0000,0.0190,0.0070,9.0000,1.3850,1.3960,64.0000
1788242110.7605,-0.0720,-0.0290,-18.0000,1.2940,1.2890,63.0000,0.0190,0.0030,10.0000,1.3850,1.3720,65.0000
1788242110.8103,-0.0720,-0.0320,-19.0000,1.2940,1.2900,63.0000,0.0190,0.0010,10.0000,1.3850,1.3580,66.0000
1788242110.8604,-0.0720,-0.0510,-18.0000,1.2940,1.3020,62.0000,0.0190,0.0090,10.0000,1.3850,1.3880,65.0000
1788242110.9105,-0.0720,-0.0660,-18.0000,1.2940,1.3070,62.0000,0.0190,0.0110,10.0000,1.3850,1.4000,64.0000
1788242110.9605,-0.0720,-0.0450,-19.0000,1.2940,1.2850,63.0000,0.0190,0.0080,10.0000,1.3850,1.4350,62.0000
1788242111.0105,-0.0720,-0.0590,-18.0000,1.2940,1.2960,63.0000,0.0190,0.0120,10.0000,1.3850,1.4130,63.0000
1788242111.0608,-0.0720,-0.0630,-18.0000,1.2940,1.2900,63.0000,0.0190,0.0510,8.0000,1.3850,1.3600,66.0000
1788242111.1106,-0.0720,-0.0160,-21.0000,1.2940,1.2800,64.0000,0.0190,0.0410,8.0000,1.3850,1.3440,67.0000
1788242111.1604,-0.0720,-0.0600,-19.0000,1.2940,1.2910,63.0000,0.0190,0.0330,8.0000,1.3850,1.4110,63.0000
1788242111.2105,-0.0720,-0.0660,-19.0000,1.2940,1.3100,62.0000,0.0190,0.0220,9.0000,1.3850,1.3820,65.0000
1788242111.2609,-0.0720,-0.0700,-19.0000,1.2940,1.2850,63.0000,0.0190,0.0050,10.0000,1.3850,1.4280,62.0000
1788242111.3105,-0.0720,-0.0390,-21.0000,1.2940,1.2780,64.0000,0.0190,0.0080,10.0000,1.3850,1.4090,63.0000
1788242111.3606,-0.0720,-0.0640,-20.0000,1.2940,1.3100,62.0000,0.0190,0.0070,10.0000,1.3850,1.3330,67.0000
1788242111.4105,-0.0720,-0.0450,-21.0000,1.2940,1.2910,63.0000,0.0190,0.0080,10.0000,1.3850,1.2770,71.0000
1788242111.4605,-0.0720,-0.0650,-20.0000,1.2940,1.2790,64.0000,0.0190,0.0070,10.0000,1.3850,1.3970,65.0000
1788242111.5104,-0.0720,-0.0320,-22.0000,1.2940,1.3060,62.0000,0.0190,0.0170,10.0000,1.3850,1.4110,64.0000
1788242111.5605,-0.0720,-0.1010,-18.0000,1.2940,1.3010,62.0000,0.0190,0.0190,10.0000,1.3850,1.4020,65.0000
1788242111.6106,-0.0720,-0.1060,-18.0000,1.2940,1.2900,63.0000,0.0190,0.0280,9.0000,1.3850,1.4100,64.0000
1788242111.6604,-0.0720,-0.0650,-20.0000,1.2940,1.2800,64.0000,0.0190,0.0570,7.0000,1.3850,1.3780,66.0000
1788242111.7105,-0.0720,-0.0420,-21.0000,1.2940,1.3140,62.0000,0.0190,0.0260,9.0000,1.3850,1.2810,71.0000
1788242111.7604,-0.0720,-0.0260,-23.0000,1.2940,1.2870,63.0000,0.0190,0.0210,9.0000,1.3850,1.3970,65.0000
1788242111.8105,-0.0720,-0.0450,-22.0000,1.2940,1.2980,62.0000,0.0190,0.0360,8.0000,1.3850,1.4320,63.0000
1788242111.8604,-0.0720,-0.0460,-22.0000,1.2940,1.2920,63.0000,0.0190,0.0140,9.0000,1.3850,1.4070,65.0000
1788242111.9105,-0.0720,-0.0680,-21.0000,1.2940,1.2720,64.0000,0.0190,0.0050,10.0000,1.3850,1.4070,64.0000
1788242111.9604,-0.0720,-0.0690,-21.0000,1.2940,1.2890,63.0000,0.0190,0.0060,10.0000,1.3850,1.3850,65.0000
1788242112.0104,-0.0720,-0.0560,-22.0000,1.2940,1.2910,63.0000,0.0190,0.0090,10.0000,1.3850,1.2970,70.0000
1788242112.0604,-0.0720,-0.0220,-24.0000,1.2940,1.2830,64.0000,0.0190,0.0070,10.0000,1.3850,1.3880,65.0000
1788242112.1105,-0.0720,-0.0110,-25.0000,1.2940,1.2850,64.0000,0.0190,0.0220,9.0000,1.3850,1.4270,63.0000
1788242112.1605,-0.0720,-0.0950,-21.0000,1.2940,1.2900,64.0000,0.0190,0.0760,6.0000,1.3850,1.4250,63.0000
1788242112.2105,-0.0720,-0.1040,-21.0000,1.2940,1.2610,66.0000,0.0190,0.0270,8.0000,1.3850,1.4390,62.0000
1788242112.2608,-0.0720,-0.0850,-22.0000,1.2940,1.2880,64.0000,0.0190,0.0420,7.0000,1.3850,1.3600,66.0000
1788242112.3106,-0.0720,-0.1020,-20.0000,1.2940,1.2970,64.0000,0.0190,0.0340,7.0000,1.3850,1.3160,69.0000
1788242112.3604,-0.0720,-0.0580,-23.0000,1.2940,1.3410,61.0000,0.0190,0.0210,8.0000,1.3850,1.3510,67.0000
1788242112.4105,-0.0720,-0.0450,-23.0000,1.2940,1.2880,64.0000,0.0190,0.0190,8.0000,1.3850,1.4420,62.0000
1788242112.4604,-0.0720,-0.0670,-22.0000,1.2940,1.2900,64.0000,0.0190,0.0170,8.0000,1.3850,1.4370,62.0000
1788242112.5105,-0.0720,-0.1260,-19.0000,1.2940,1.2520,66.0000,0.0190,0.0510,6.0000,1.3850,1.4050,63.0000
1788242112.5604,-0.0720,-0.0950,-20.0000,1.2940,1.2820,64.0000,0.0190,0.0560,6.0000,1.3850,1.3890,64.0000
1788242112.6105,-0.0720,-0.0980,-20.0000,1.2940,1.2940,64.0000,0.0190,0.0420,6.0000,1.3850,1.3260,68.0000
1788242112.6604,-0.0720,-0.1110,-19.0000,1.2940,1.3380,61.0000,0.0190,0.0290,6.0000,1.3850,1.3350,67.0000
1788242112.7105,-0.0720,-0.0910,-20.0000,1.2940,1.3190,62.0000,0.0190,0.0200,7.0000,1.3850,1.4090,64.0000
1788242112.7605,-0.0720,-0.0470,-22.0000,1.2940,1.2820,64.0000,0.0190,0.0030,8.0000,1.3850,1.4400,62.0000
1788242112.8103,-0.0720,-0.0980,-19.0000,1.2940,1.2520,66.0000,0.0190,0.0000,8.0000,1.3850,1.4440,61.0000
1788242112.8604,-0.0720,-0.1220,-18.0000,1.2940,1.2760,65.0000,0.0190,0.0160,7.0000,1.3850,1.3530,66.0000
1788242112.9106,0.2880,-0.0120,17.0000,0.9340,1.2100,37.0000,0.4990,0.2880,42.0000,0.9050,1.2210,31.0000
1788242112.9603,0.6560,0.4710,26.0000,0.6560,0.7390,35.0000,0.6560,0.7430,34.0000,0.6560,0.6590,36.0000
1788242113.0104,0.6560,0.5840,25.0000,0.6560,0.6960,34.0000,0.6560,0.7180,38.0000,0.6560,0.6670,32.0000
1788242113.0604,0.6560,0.5670,28.0000,0.6560,0.6690,34.0000,0.6560,0.7210,37.0000,0.6560,0.6440,33.0000
1788242113.1105,0.4160,0.5630,9.0000,0.4160,0.6490,14.0000,0.2960,0.6610,8.0000,0.2960,0.6140,3.0000
1788242113.1603,0.0000,0.2290,0.0000,0.0000,0.1800,0.0000,0.0000,0.1970,0.0000,0.0000,0.0780,0.0000
1788242113.2103,0.0000,0.1830,0.0000,0.0000,0.0150,0.0000,0.0000,0.0100,0.0000,0.0000,0.0080,0.0000
1788242113.2603,0.0000,0.0380,0.0000,0.0000,-0.0020,0.0000,0.0000,0.0020,0.0000,0.0000,0.0010,0.0000
1788242113.3104,0.0000,0.0020,0.0000,0.0000,-0.0000,0.0000,0.0000,-0.0020,0.0000,0.0000,0.0000,0.0000
1788242113.3604,0.0000,0.0000,0.0000,0.0000,-0.0000,0.0000,0.0000,-0.0000,0.0000,0.0000,-0.0030,0.0000
1788242113.4103,0.0000,-0.0040,0.0000,0.0000,-0.0000,0.0000,0.0000,-0.0000,0.0000,0.0000,-0.0030,0.0000
1788242113.4604,0.0000,-0.0010,0.0000,0.0000,-0.0030,0.0000,0.0000,-0.0000,0.0000,0.0000,-0.0000,0.0000
1788242113.5104,0.0000,-0.0000,0.0000,0.0000,0.0000,0.0000,0.0000,-0.0000,0.0000,0.0000,-0.0000,0.0000
1788242113.5604,0.0000,-0.0000,0.0000,0.0000,0.0000,0.0000,0.0000,-0.0000,0.0000,0.0000,-0.0000,0.0000
1788242113.6105,0.0000,-0.0000,0.0000,0.0000,0.0000,0.0000,0.0000,-0.0000,0.0000,0.0000,-0.0000,0.0000
1788242113.6604,0.0000,-0.0000,0.0000,0.0000,0.0000,0.0000,0.0000,-0.0000,0.0000,0.0000,-0.0000,0.0000
1788242113.7105,0.0000,-0.0000,0.0000,0.0000,0.0000,0.0000,0.0000,-0.0000,0.0000,0.0000,-0.0000,0.0000
1788242113.7603,0.0000,-0.0000,0.0000,0.0000,0.0000,0.0000,0.0000,-0.0000,0.0000,0.0000,-0.0000,0.0000
1788242113.8103,0.0000,-0.0000,0.0000,0.0000,0.0000,0.0000,0.0000,-0.0000,0.0000,0.0000,-0.0000,0.0000
1788242113.8606,-0.1200,-0.0000,-14.0000,-0.1200,-0.0110,-14.0000,-0.2400,-0.0130,-28.0000,-0.2400,-0.0190,-28.0000
1788242113.9108,-0.6560,-0.4810,-39.0000,-0.6560,-0.4520,-42.0000,-0.6560,-0.5490,-37.0000,-0.6560,-0.6030,-34.0000
1788242113.9607,-0.6560,-0.5170,-42.0000,-0.6560,-0.5640,-41.0000,-0.6560,-0.5770,-40.0000,-0.6560,-0.6740,-34.0000
1788242114.0107,-0.6560,-0.5730,-42.0000,-0.6560,-0.6210,-39.0000,-0.6560,-0.6700,-37.0000,-0.6560,-0.6800,-34.0000
1788242114.0606,-0.6560,-0.6520,-39.0000,-0.6560,-0.6650,-38.0000,-0.6560,-0.6680,-37.0000,-0.6560,-0.7030,-33.0000
1788242114.1108,-0.6560,-0.6500,-40.0000,-0.6560,-0.6690,-38.0000,-0.6560,-0.6260,-40.0000,-0.6560,-0.6820,-34.0000
1788242114.1606,-0.6560,-0.6800,-38.0000,-0.6560,-0.6470,-39.0000,-0.6560,-0.6220,-40.0000,-0.6560,-0.6820,-33.0000
1788242114.2108,-0.6560,-0.6790,-38.0000,-0.6560,-0.6420,-39.0000,-0.6560,-0.6500,-39.0000,-0.6560,-0.6750,-33.0000
1788242114.2606,-0.6560,-0.6790,-38.0000,-0.6560,-0.6650,-38.0000,-0.6560,-0.6750,-38.0000,-0.6560,-0.6980,-32.0000
1788242114.3111,-0.6560,-0.7030,-36.0000,-0.6560,-0.6770,-37.0000,-0.6560,-0.6730,-38.0000,-0.6560,-0.6890,-32.0000
1788242114.3606,-0.6560,-0.6880,-36.0000,-0.6560,-0.6610,-38.0000,-0.6560,-0.6680,-38.0000,-0.6560,-0.6800,-32.0000
1788242114.4107,-0.6560,-0.6830,-36.0000,-0.6560,-0.6560,-38.0000,-0.6560,-0.6880,-36.0000,-0.6560,-0.6620,-33.0000
1788242114.4606,-0.1760,-0.5670,1.0000,-0.9190,-0.8580,-50.0000,-0.9190,-0.8950,-48.0000,-0.0560,-0.3900,13.0000
1788242114.5107,0.0000,-0.0710,0.0000,-0.9190,-0.8990,-50.0000,-0.9190,-0.9030,-50.0000,0.0000,-0.0280,0.0000
1788242114.5606,0.0000,-0.0060,0.0000,-0.9190,-0.9310,-49.0000,-0.9190,-0.9410,-48.0000,0.0000,-0.0020,0.0000
1788242114.6107,0.0000,-0.0100,0.0000,-0.9190,-0.9330,-49.0000,-0.9190,-0.9680,-47.0000,0.0000,-0.0470,0.0000
1788242114.6605,0.0000,-0.1640,0.0000,-0.9190,-0.9450,-48.0000,-0.9190,-0.8880,-51.0000,0.0000,-0.0500,0.0000
1788242114.7108,-0.2400,-0.1210,-23.0000,-0.6790,-0.7820,-37.0000,-0.6560,-0.7290,-37.0000,-0.3600,-0.0890,-34.0000
1788242114.7607,-0.3600,-0.5370,-12.0000,-0.4160,-0.5510,-25.0000,-0.2960,-0.5520,-14.0000,-0.2400,-0.5700,-1.0000
1788242114.8103,0.0000,-0.1300,0.0000,0.0000,-0.0840,0.0000,0.0000,-0.1790,0.0000,0.0000,-0.0590,0.0000
1788242114.8604,0.0000,-0.0100,0.0000,0.0000,0.0010,0.0000,0.0000,-0.0120,0.0000,0.0000,-0.0050,0.0000
1788242114.9105,0.2400,0.0150,28.0000,0.2400,0.0180,28.0000,0.3600,0.0710,36.0000,0.3600,0.0940,34.0000
1788242114.9605,0.6560,0.5180,39.0000,0.6560,0.6040,34.0000,0.6560,0.6680,34.0000,0.6560,0.6600,32.0000
1788242115.0112,0.6560,0.6580,35.0000,0.6560,0.6640,35.0000,0.6560,0.6670,35.0000,0.6560,0.6580,35.0000
1788242115.0604,0.6560,0.6800,35.0000,0.6560,0.6740,35.0000,0.6560,0.6980,34.0000,0.6560,0.6970,33.0000
1788242115.1105,0.6560,0.7100,33.0000,0.6560,0.6810,35.0000,0.5360,0.6940,23.0000,0.5360,0.7110,22.0000
1788242115.1610,0.0560,0.4330,-12.0000,0.0560,0.4450,-13.0000,-0.0640,0.2840,-17.0000,0.1760,0.3220,8.0000
1788242115.2106,-0.5440,-0.2540,-40.0000,0.6380,0.4270,42.0000,-0.6380,-0.3010,-49.0000,0.7280,0.5530,42.0000
1788242115.2617,-0.7280,-0.7250,-37.0000,0.6380,0.6190,33.0000,-0.6380,-0.6120,-38.0000,0.7280,0.7370,35.0000
1788242115.3106,-0.6080,-0.7080,-31.0000,0.5180,0.6060,25.0000,-0.3980,-0.5960,-21.0000,0.4880,0.6510,20.0000
1788242115.3605,-0.0080,-0.3750,0.0000,0.0000,0.1570,0.0000,0.0000,-0.2140,0.0000,0.0000,0.0700,0.0000
1788242115.4104,0.0000,-0.0300,0.0000,0.0000,-0.0550,0.0000,0.0000,-0.0260,0.0000,0.0000,-0.1050,0.0000
1788242115.4604,0.0000,-0.0020,0.0000,0.0000,-0.0070,0.0000,0.0000,0.0000,0.0000,0.0000,-0.0430,0.0000
1788242115.5104,0.0000,-0.0000,0.0000,0.0000,-0.0010,0.0000,0.0000,0.0010,0.0000,0.0000,-0.0030,0.0000
1788242115.5604,0.0000,-0.0000,0.0000,0.0000,-0.0000,0.0000,0.0000,0.0000,0.0000,0.0000,-0.0000,0.0000
1788242115.6106,0.0000,-0.0000,0.0000,0.0000,-0.0000,0.0000,0.0000,0.0000,0.0000,0.0000,-0.0000,0.0000
1788242115.6604,0.0000,-0.0000,0.0000,0.0000,-0.0000,0.0000,0.0000,0.0000,0.0000,0.0000,-0.0000,0.0000
1788242115.7106,0.0000,-0.0000,0.0000,0.0000,-0.0000,0.0000,0.0000,0.0000,0.0000,0.0000,-0.0000,0.0000
1788242115.7604,0.0000,-0.0000,0.0000,0.0000,-0.0000,0.0000,0.0000,0.0000,0.0000,0.0000,-0.0000,0.0000
1788242115.8104,0.0000,-0.0000,0.0000,0.0000,-0.0000,0.0000,0.0000,0.0000,0.0000,0.0000,-0.0000,0.0000
1788242115.8604,0.0000,-0.0000,0.0000,0.0000,-0.0000,0.0000,0.0000,0.0000,0.0000,0.0000,-0.0000,0.0000
1788242115.9105,0.0000,-0.0000,0.0000,0.0000,-0.0000,0.0000,0.0000,0.0000,0.0000,0.0000,-0.0000,0.0000
1788242115.9612,0.0000,-0.0000,0.0000,0.0000,-0.0000,0.0000,0.0000,0.0000,0.0000,0.0000,-0.0000,0.0000
1788242116.0104,0.0000,-0.0000,0.0000,0.0000,-0.0000,0.0000,0.0000,0.0000,0.0000,0.0000,-0.0000,0.0000
1788242116.0605,0.0000,-0.0000,0.0000,0.0000,-0.0000,0.0000,0.0000,0.0000,0.0000,0.0000,-0.0000,0.0000
1788242116.1105,0.0000,-0.0000,0.0000,0.0000,-0.0000,0.0000,0.0000,0.0000,0.0000,0.0000,-0.0000,0.0000
1788242116.1604,0.0000,-0.0000,0.0000,0.0000,-0.0000,0.0000,0.0000,0.0000,0.0000,0.0000,-0.0000,0.0000
1788242116.2105,0.0000,-0.0000,0.0000,0.0000,-0.0000,0.0000,0.0000,0.0000,0.0000,0.0000,-0.0000,0.0000
1788242116.2604,0.0000,-0.0000,0.0000,0.0000,-0.0000,0.0000,0.0000,0.0000,0.0000,0.0000,-0.0000,0.0000
1788242116.3106,0.0000,-0.0000,0.0000,0.0000,-0.0000,0.0000,0.0000,0.0000,0.0000,0.0000,-0.0000,0.0000
1788242116.3604,0.0000,-0.0000,0.0000,0.0000,-0.0000,0.0000,0.0000,0.0000,0.0000,0.0000,-0.0000,0.0000
1788242116.4107,0.3600,0.0960,34.0000,0.0190,-0.0270,3.0000,0.4800,0.1840,40.0000,-0.0720,-0.0560,-5.0000
1788242116.4606,0.9600,0.6980,55.0000,0.0190,-0.0020,2.0000,1.0800,0.8210,61.0000,-0.0720,-0.0350,-6.0000
1788242116.5106,1.3850,1.2710,67.0000,0.0190,-0.0000,2.0000,1.2940,1.3370,58.0000,-0.0720,-0.0370,-7.0000
1788242116.5605,1.3850,1.2910,71.0000,0.0190,-0.0000,2.0000,1.2940,1.2990,63.0000,-0.0720,-0.0710,-5.0000
1788242116.6106,1.3850,1.3890,68.0000,0.0190,-0.0040,3.0000,1.2940,1.2420,67.0000,-0.0720,-0.0360,-8.0000
1788242116.6605,1.3850,1.4350,66.0000,0.0190,0.0020,3.0000,1.2940,1.2620,66.0000,-0.0720,-0.0250,-9.0000
1788242116.7106,1.3850,1.4800,63.0000,0.0190,0.0000,3.0000,1.2940,1.3240,63.0000,-0.0720,-0.0440,-8.0000
1788242116.7606,1.3850,1.4630,63.0000,0.0190,0.0010,3.0000,1.2940,1.3270,63.0000,-0.0720,-0.0400,-9.0000
1788242116.8104,1.3850,1.4550,63.0000,0.0190,0.0100,3.0000,1.2940,1.3280,63.0000,-0.0720,-0.0280,-10.0000
1788242116.8606,1.3850,1.4020,65.0000,0.0190,0.0010,4.0000,1.2940,1.3460,61.0000,-0.0720,-0.0510,-9.0000
1788242116.9105,1.3850,1.4070,64.0000,0.0190,0.0000,4.0000,1.2940,1.3190,62.0000,-0.0720,-0.0510,-9.0000
1788242116.9605,1.3850,1.3540,67.0000,0.0190,-0.0000,4.0000,1.2940,1.2560,66.0000,-0.0720,-0.0480,-10.0000
1788242117.0108,1.3850,1.4080,64.0000,0.0190,-0.0000,5.0000,1.2940,1.2990,63.0000,-0.0720,-0.0450,-10.0000
1788242117.0606,1.3850,1.4320,63.0000,0.0190,0.0010,5.0000,1.2940,1.2830,64.0000,-0.0720,-0.0290,-11.0000
1788242117.1104,1.3850,1.4210,63.0000,0.0190,0.0000,5.0000,1.2940,1.3520,60.0000,-0.0720,-0.0730,-9.0000
1788242117.1605,1.3850,1.3760,65.0000,0.0190,0.0020,5.0000,1.2940,1.3190,62.0000,-0.0720,-0.0750,-9.0000
1788242117.2105,1.3850,1.3830,64.0000,0.0190,0.0000,5.0000,1.2940,1.3330,61.0000,-0.0720,-0.0740,-9.0000
1788242117.2605,1.3850,1.3710,65.0000,0.0190,0.0000,6.0000,1.2940,1.2290,67.0000,-0.0720,-0.0890,-8.0000
1788242117.3106,1.3850,1.3770,65.0000,0.0190,0.0000,6.0000,1.2940,1.2760,64.0000,-0.0720,-0.0710,-9.0000
1788242117.3607,1.3850,1.4330,62.0000,0.0190,0.0000,6.0000,1.2940,1.2850,64.0000,-0.0720,-0.0670,-10.0000
1788242117.4106,1.3850,1.4180,62.0000,0.0190,0.0000,6.0000,1.2940,1.3200,62.0000,-0.0720,-0.0840,-9.0000
1788242117.4606,1.3850,1.4100,62.0000,0.0190,0.0030,6.0000,1.2940,1.3130,62.0000,-0.0720,-0.0640,-10.0000
1788242117.5107,1.3850,1.3620,65.0000,0.0190,0.0100,6.0000,1.2940,1.3270,61.0000,-0.0720,-0.0770,-9.0000
1788242117.5604,1.3850,1.3360,67.0000,0.0190,0.0020,7.0000,1.2940,1.3200,61.0000,-0.0720,-0.0970,-8.0000
1788242117.6107,1.3850,1.3260,68.0000,0.0190,0.0030,7.0000,1.2940,1.3120,61.0000,-0.0720,-0.0880,-8.0000
1788242117.6606,1.3850,1.3760,65.0000,0.0190,0.0000,7.0000,1.2940,1.2700,64.0000,-0.0720,-0.0620,-9.0000
1788242117.7107,1.3850,1.4260,63.0000,0.0190,0.0000,8.0000,1.2940,1.2730,64.0000,-0.0720,-0.0640,-9.0000
1788242117.7605,1.3850,1.3950,64.0000,0.0190,0.0000,8.0000,1.2940,1.2970,62.0000,-0.0720,-0.0840,-8.0000
1788242117.8105,1.3850,1.3740,65.0000,0.0190,0.0000,8.0000,1.2940,1.2990,62.0000,-0.0720,-0.0510,-10.0000
1788242117.8605,1.3850,1.3600,66.0000,0.0190,0.0000,8.0000,1.2940,1.3180,61.0000,-0.0720,-0.0780,-8.0000
1788242117.9106,1.3850,1.3550,66.0000,0.0190,0.0040,8.0000,1.2940,1.3030,62.0000,-0.0720,-0.0260,-12.0000
1788242117.9606,1.3850,1.3550,67.0000,0.0190,0.0200,7.0000,1.2940,1.3000,62.0000,-0.0720,-0.0580,-10.0000
1788242118.0106,1.3850,1.3750,66.0000,0.0190,0.0110,8.0000,1.2940,1.3020,62.0000,-0.0720,-0.0470,-11.0000
1788242118.0605,1.3850,1.4020,64.0000,0.0190,0.0050,9.0000,1.2940,1.2970,62.0000,-0.0720,-0.0830,-9.0000
1788242118.1107,1.3850,1.4170,64.0000,0.0190,0.0010,9.0000,1.2940,1.3180,60.0000,-0.0720,-0.0760,-10.0000
1788242118.1605,1.3850,1.3850,65.0000,0.0190,0.0010,9.0000,1.2940,1.3360,59.0000,-0.0720,-0.0640,-10.0000
1788242118.2106,1.3850,1.4000,64.0000,0.0190,0.0000,9.0000,1.2940,1.2680,63.0000,-0.0720,-0.0500,-11.0000
1788242118.2606,1.3850,1.3900,64.0000,0.0190,0.0030,9.0000,1.2940,1.2950,61.0000,-0.0720,-0.0490,-11.0000
1788242118.3106,1.3850,1.4120,63.0000,0.0190,0.0050,10.0000,1.2940,1.2700,63.0000,-0.0720,-0.0430,-12.0000
1788242118.3604,1.3850,1.3990,64.0000,0.0190,0.0100,9.0000,1.1740,1.3220,50.0000,0.0000,-0.0670,0.0000
1788242118.4107,0.7850,1.1170,26.0000,0.0000,-0.0130,0.0000,0.6940,0.9230,22.0000,0.0000,0.0100,0.0000
1788242118.4605,0.1850,0.5190,1.0000,0.0000,-0.0010,0.0000,0.0940,0.2910,-8.0000,0.0000,0.0090,0.0000
1788242118.5104,0.0000,0.0480,0.0000,0.0000,-0.0000,0.0000,0.0000,0.0190,0.0000,0.0000,0.0010,0.0000
1788242118.5605,0.0000,0.0010,0.0000,0.0000,-0.0000,0.0000,0.0000,0.0020,0.0000,0.0000,0.0000,0.0000
1788242118.6108,-0.1200,-0.0000,-14.0000,-0.1200,-0.0000,-14.0000,-0.2400,-0.0130,-28.0000,-0.2400,-0.0190,-28.0000
1788242118.6607,-0.7200,-0.4770,-45.0000,0.0000,-0.2890,0.0000,0.0000,-0.2560,0.0000,-0.8400,-0.6160,-49.0000
1788242118.7106,-0.9190,-0.9130,-44.0000,0.0000,-0.0400,0.0000,0.0000,-0.0160,0.0000,-0.9190,-0.8910,-47.0000
1788242118.7606,-0.9190,-0.9120,-47.0000,0.0000,-0.0030,0.0000,0.0000,-0.0010,0.0000,-0.9190,-0.8490,-52.0000
1788242118.8106,-0.9190,-0.8780,-50.0000,0.0000,-0.0020,0.0000,0.0000,-0.0510,0.0000,-0.9190,-0.8790,-51.0000
1788242118.8607,-0.9190,-0.9390,-46.0000,0.0000,-0.1050,0.0000,0.0000,-0.1380,0.0000,-0.9190,-0.8320,-55.0000
1788242118.9107,-0.9190,-0.9460,-46.0000,0.0000,-0.1220,0.0000,0.0000,-0.0750,0.0000,-0.9190,-0.9220,-50.0000
1788242118.9606,-0.9190,-0.9080,-49.0000,0.0000,-0.0200,0.0000,0.0000,-0.0230,0.0000,-0.9190,-0.9150,-51.0000
1788242119.0108,-0.9190,-0.8950,-49.0000,0.0000,-0.0020,0.0000,0.0000,-0.0050,0.0000,-0.9190,-0.9430,-49.0000
1788242119.0606,-0.9190,-0.8670,-51.0000,0.0000,-0.0000,0.0000,0.0000,-0.0040,0.0000,-0.9190,-0.9840,-47.0000
1788242119.1108,-0.9190,-0.8700,-52.0000,0.0000,-0.0010,0.0000,0.0000,-0.0000,0.0000,-0.9190,-0.9910,-46.0000
1788242119.1606,-0.9190,-0.9380,-48.0000,0.0000,-0.0070,0.0000,0.0000,-0.0070,0.0000,-0.9190,-0.9740,-46.0000
1788242119.2107,-0.9190,-0.9190,-49.0000,0.0000,-0.0010,0.0000,0.0000,-0.0090,0.0000,-0.9190,-0.9080,-49.0000
1788242119.2607,-0.9190,-0.8950,-51.0000,0.0000,-0.0000,0.0000,0.0000,-0.0010,0.0000,-0.9190,-0.8800,-51.0000
1788242119.3107,-0.9190,-0.8940,-51.0000,0.0000,-0.0000,0.0000,0.0000,-0.0000,0.0000,-0.9190,-0.8620,-52.0000
1788242119.3607,-0.9190,-0.9400,-49.0000,0.0000,-0.0000,0.0000,0.0000,-0.0000,0.0000,-0.9190,-0.8820,-51.0000
1788242119.4106,-0.9190,-0.9640,-47.0000,0.0000,-0.0000,0.0000,0.0000,-0.0000,0.0000,-0.9190,-0.8790,-52.0000
1788242119.4606,-0.6790,-0.9820,-25.0000,0.0000,-0.0010,0.0000,0.0000,-0.0000,0.0000,-0.5590,-0.8450,-23.0000
1788242119.5105,-0.0790,-0.4700,8.0000,0.0000,-0.0000,0.0000,0.0000,-0.0330,0.0000,0.0000,-0.3360,0.0000
1788242119.5605,0.0000,-0.0450,0.0000,0.0000,-0.0000,0.0000,0.0000,-0.0750,0.0000,0.0000,-0.0270,0.0000
1788242119.6107,0.0000,-0.0030,0.0000,0.0000,-0.0040,0.0000,0.0000,-0.0110,0.0000,0.0000,-0.0020,0.0000
1788242119.6603,0.0000,0.0030,0.0000,0.0000,-0.0000,0.0000,0.1200,0.0040,0.0000,0.1200,0.0010,14.0000
1788242119.7106,0.6000,0.3710,40.0000,0.6000,0.2650,47.0000,0.6560,0.4270,43.0000,0.6560,0.4850,40.0000
1788242119.7606,0.6560,0.6630,33.0000,0.6560,0.5320,42.0000,0.6560,0.6250,37.0000,0.6560,0.6610,34.0000
1788242119.8105,0.6560,0.6610,35.0000,0.6560,0.6030,41.0000,0.6560,0.6760,37.0000,0.6560,0.6700,35.0000
1788242119.8606,1.0160,0.7870,59.0000,0.2960,0.5910,11.0000,1.1360,0.8960,66.0000,0.1760,0.5660,-3.0000
1788242119.9106,1.3850,1.3440,64.0000,0.0190,0.0900,4.0000,1.2940,1.2720,63.0000,-0.0720,0.0200,-7.0000
1788242119.9605,1.3850,1.3500,67.0000,0.0190,0.0100,5.0000,1.2940,1.3140,63.0000,-0.0720,0.0220,-11.0000
1788242120.0114,1.3850,1.4300,64.0000,0.0190,0.0000,4.0000,1.2940,1.3750,60.0000,-0.0720,0.0070,-12.0000
1788242120.0606,1.3850,1.4390,63.0000,0.0190,0.0000,4.0000,1.2940,1.3870,59.0000,-0.0720,-0.0010,-13.0000
1788242120.1119,1.3850,1.3890,66.0000,0.0190,0.0000,4.0000,1.2940,1.3620,59.0000,-0.0720,-0.0000,-14.0000
1788242120.1607,1.3850,1.3910,65.0000,0.0190,0.0020,5.0000,1.2940,1.3650,58.0000,-0.0720,-0.0020,-15.0000
1788242120.2107,1.3850,1.4000,65.0000,0.0190,0.0000,5.0000,1.2940,1.3370,59.0000,-0.0720,-0.0000,-16.0000
1788242120.2607,1.3850,1.3270,69.0000,0.0190,0.0130,4.0000,1.2940,1.3450,58.0000,-0.0720,-0.0010,-17.0000
1788242120.3125,1.3850,1.3700,67.0000,0.0190,0.0090,5.0000,1.2940,1.3180,59.0000,-0.0720,-0.0000,-18.0000
1788242120.3605,1.3850,1.3690,67.0000,0.0190,0.0010,5.0000,1.2940,1.3270,58.0000,-0.0720,-0.0000,-19.0000
1788242120.4118,1.3850,1.3950,66.0000,0.0190,0.0000,6.0000,1.2940,1.2600,62.0000,-0.0720,-0.0030,-19.0000
1788242120.4612,1.3850,1.4140,64.0000,0.0190,0.0000,6.0000,1.2940,1.2890,60.0000,-0.0720,-0.0070,-20.0000
1788242120.5108,1.3850,1.3970,65.0000,0.0190,0.0000,6.0000,1.2940,1.3010,59.0000,-0.0720,-0.0010,-21.0000
1788242120.5606,1.3850,1.3550,67.0000,0.0190,0.0000,6.0000,1.2940,1.3070,59.0000,-0.0720,-0.0120,-21.0000
1788242120.6107,1.3850,1.3580,67.0000,0.0190,0.0000,7.0000,1.2940,1.3000,59.0000,-0.0720,-0.0330,-21.0000
1788242120.6605,1.3850,1.3940,66.0000,0.0190,0.0050,7.0000,1.2940,1.3290,57.0000,-0.0720,-0.0340,-21.0000
1788242120.7107,1.3850,1.3870,66.0000,0.0190,0.0090,6.0000,1.2940,1.3050,59.0000,-0.0720,-0.0290,-22.0000
1788242120.7606,1.3850,1.3870,66.0000,0.0190,0.0110,6.0000,1.2940,1.3230,57.0000,-0.0720,-0.0540,-21.0000
1788242120.8107,1.3850,1.3750,67.0000,0.0190,0.0200,6.0000,1.2940,1.2990,58.0000,-0.0720,-0.0640,-21.0000
1788242120.8605,1.3850,1.3850,66.0000,0.0190,0.0290,6.0000,1.2940,1.3160,57.0000,-0.0720,-0.0810,-20.0000
1788242120.9107,1.3850,1.3920,66.0000,0.0190,0.0490,4.0000,1.2940,1.2840,59.0000,-0.0720,-0.0900,-20.0000
1788242120.9606,1.3850,1.3740,67.0000,0.0190,0.0140,6.0000,1.2940,1.3160,57.0000,-0.0720,-0.0880,-20.0000
1788242121.0107,1.3850,1.3940,66.0000,0.0190,0.0100,6.0000,1.2940,1.2860,59.0000,-0.0720,-0.0800,-20.0000
1788242121.0607,1.3850,1.3690,67.0000,0.0190,0.0250,6.0000,1.2940,1.3040,58.0000,-0.0720,-0.0800,-20.0000
1788242121.1108,1.3850,1.3940,66.0000,0.0190,0.0400,5.0000,1.2940,1.2780,59.0000,-0.0720,-0.0890,-19.0000
1788242121.1606,1.3850,1.3870,66.0000,0.0190,0.0200,6.0000,1.2940,1.3040,58.0000,-0.0720,-0.1010,-18.0000
1788242121.2111,1.3850,1.3790,67.0000,0.0190,0.0050,6.0000,1.2940,1.2850,59.0000,-0.0720,-0.1020,-18.0000
1788242121.2607,1.3850,1.4130,65.0000,0.0190,0.0010,7.0000,1.2940,1.2960,58.0000,-0.0720,-0.0590,-20.0000
1788242121.3106,1.3850,1.3910,67.0000,0.0190,0.0000,7.0000,1.2940,1.3000,58.0000,-0.0720,-0.0450,-21.0000
1788242121.3607,1.3850,1.4680,62.0000,0.0190,0.0000,7.0000,1.2940,1.2920,58.0000,-0.0720,-0.0430,-21.0000
1788242121.4107,1.3850,1.4010,65.0000,0.0190,0.0010,7.0000,1.2940,1.2920,58.0000,-0.0720,-0.0400,-21.0000
1788242121.4607,1.3850,1.3730,66.0000,0.0190,0.0010,8.0000,1.2940,1.2940,58.0000,-0.0720,-0.0600,-21.0000
1788242121.5107,1.3850,1.3700,66.0000,0.0190,0.0070,7.0000,1.2940,1.2900,58.0000,-0.0720,-0.0670,-20.0000
1788242121.5607,1.3850,1.3600,67.0000,0.0190,0.0080,8.0000,1.2940,1.2730,59.0000,-0.0720,-0.0610,-21.0000
1788242121.6107,1.3850,1.3710,67.0000,0.0190,0.0010,8.0000,1.2940,1.2840,59.0000,-0.0720,-0.0660,-21.0000
1788242121.6607,1.3850,1.3480,68.0000,0.0190,0.0110,8.0000,1.2940,1.2870,59.0000,-0.0720,-0.0400,-22.0000
1788242121.7106,1.3850,1.3620,68.0000,0.0190,0.0140,8.0000,1.2940,1.3070,58.0000,-0.0720,-0.0460,-22.0000
1788242121.7606,1.3850,1.3540,69.0000,0.0190,0.0200,7.0000,1.2940,1.2870,59.0000,-0.0720,-0.0810,-21.0000
1788242121.8107,1.3850,1.3750,68.0000,0.0190,0.0210,7.0000,1.2940,1.3040,58.0000,-0.0720,-0.0530,-22.0000
1788242121.8606,1.3850,1.4040,66.0000,0.0190,0.0270,7.0000,1.2940,1.2660,60.0000,-0.0720,-0.0650,-22.0000
1788242121.9105,1.3850,1.3890,67.0000,0.0190,0.0080,8.0000,1.2940,1.2920,59.0000,-0.0720,-0.0910,-20.0000
1788242121.9612,1.3850,1.3990,66.0000,0.0190,0.0140,8.0000,1.2940,1.2700,60.0000,-0.0720,-0.0500,-23.0000
1788242122.0106,1.3850,1.3610,69.0000,0.0190,0.0180,8.0000,1.2940,1.3150,58.0000,-0.0720,-0.0720,-22.0000
1788242122.0607,1.3850,1.3390,70.0000,0.0190,0.0120,8.0000,1.2940,1.2930,59.0000,-0.0720,-0.1070,-20.0000
1788242122.1109,1.3850,1.3540,69.0000,0.0190,0.0050,9.0000,1.2940,1.3310,57.0000,-0.0720,-0.1050,-20.0000
1788242122.1608,1.3850,1.3890,68.0000,0.0190,0.0090,8.0000,1.2940,1.2970,59.0000,-0.0720,-0.1060,-19.0000
1788242122.2107,1.3850,1.3800,68.0000,0.0190,0.0100,8.0000,1.2940,1.3070,58.0000,-0.0720,-0.1130,-18.0000
1788242122.2606,1.3850,1.3870,68.0000,0.0190,0.0050,9.0000,1.2940,1.2920,59.0000,-0.0720,-0.0780,-20.0000
1788242122.3106,1.3850,1.3670,69.0000,0.0190,0.0090,9.0000,1.2940,1.3130,57.0000,-0.0720,-0.0810,-19.0000
1788242122.3606,1.3850,1.3470,71.0000,0.0190,0.0220,8.0000,1.2940,1.2810,59.0000,-0.0720,-0.0880,-19.0000
1788242122.4108,1.3850,1.3850,69.0000,0.0190,0.0290,8.0000,1.2940,1.2960,58.0000,-0.0720,-0.1050,-18.0000
1788242122.4607,1.3850,1.4050,67.0000,0.0190,0.0290,8.0000,1.2940,1.2870,59.0000,-0.0720,-0.0760,-19.0000
1788242122.5107,1.3850,1.3980,68.0000,0.0190,0.0600,6.0000,1.2940,1.2850,59.0000,-0.0720,-0.0670,-20.0000
1788242122.5607,1.2650,1.3470,60.0000,-0.1010,0.0350,-6.0000,1.0540,1.2490,40.0000,-0.0720,-0.1060,-18.0000
1788242122.6107,0.6650,0.9580,28.0000,0.0000,0.0020,0.0000,0.5740,0.7910,15.0000,0.0000,0.0340,0.0000
1788242122.6606,0.0650,0.4190,-7.0000,0.0000,0.0020,0.0000,0.0000,0.1280,0.0000,0.0000,0.1640,0.0000
1788242122.7107,0.0000,0.0410,0.0000,0.0000,0.0090,0.0000,0.0000,-0.0170,0.0000,0.0000,0.1030,0.0000
1788242122.7607,0.0000,0.0030,0.0000,0.0000,0.0030,0.0000,0.0000,-0.0010,0.0000,0.0000,0.0120,0.0000
1788242122.8105,0.0000,0.0000,0.0000,0.0000,-0.0010,0.0000,0.0000,-0.0000,0.0000,0.0000,0.0000,0.0000
1788242122.8606,0.0000,-0.0600,0.0000,0.0000,-0.0000,0.0000,0.0000,-0.0000,0.0000,0.0000,0.0000,0.0000
1788242122.9106,0.0000,-0.1110,0.0000,0.0000,-0.0000,0.0000,0.0000,-0.0000,0.0000,0.0000,-0.0010,0.0000
1788242122.9607,-0.1200,-0.0860,-10.0000,0.1200,-0.0000,14.0000,0.0000,0.0110,0.0000,-0.2400,-0.0220,-28.0000
1788242123.0109,-0.7200,-0.4620,-46.0000,0.0000,0.0030,0.0000,0.0000,-0.0060,0.0000,-0.8400,-0.6150,-49.0000
1788242123.0611,-0.9190,-0.8640,-46.0000,0.0000,0.0000,0.0000,0.0000,-0.0020,0.0000,-0.9190,-0.7910,-52.0000
1788242123.1111,-0.9190,-0.8970,-48.0000,0.0000,0.0000,0.0000,0.0000,-0.0160,0.0000,-0.9190,-0.9680,-45.0000
1788242123.1608,-0.9190,-0.9160,-47.0000,0.0000,0.0000,0.0000,0.0000,-0.1780,0.0000,-0.9190,-0.9640,-46.0000
1788242123.2109,-0.9190,-0.9150,-48.0000,0.0000,-0.0040,0.0000,0.0000,-0.1860,0.0000,-0.9190,-0.9090,-49.0000
1788242123.2608,-0.9190,-0.8920,-49.0000,0.0000,-0.0820,0.0000,0.0000,-0.0610,0.0000,-0.9190,-0.8340,-53.0000
1788242123.3109,-0.9190,-0.9280,-48.0000,0.0000,-0.1410,0.0000,0.0000,-0.0040,0.0000,-0.9190,-0.8570,-52.0000
1788242123.3608,-0.9190,-0.9110,-49.0000,0.0000,-0.0610,0.0000,0.0000,-0.0010,0.0000,-0.9190,-0.8880,-51.0000
1788242123.4109,-0.9190,-0.9350,-48.0000,0.0000,-0.0050,0.0000,0.0000,-0.0000,0.0000,-0.9190,-0.9290,-49.0000
1788242123.4608,-0.9190,-0.9390,-47.0000,0.0000,-0.0000,0.0000,0.0000,0.0020,0.0000,-0.9190,-0.9310,-49.0000
1788242123.5108,-0.9190,-0.9290,-48.0000,0.0000,-0.0310,0.0000,0.0000,-0.0030,0.0000,-0.9190,-0.9410,-48.0000
1788242123.5608,-0.9190,-0.9480,-46.0000,0.0000,-0.1410,0.0000,0.0000,-0.0000,0.0000,-0.9190,-0.9740,-46.0000
1788242123.6109,-0.9190,-0.8910,-50.0000,0.0000,-0.0550,0.0000,0.0000,-0.0050,0.0000,-0.9190,-0.9220,-49.0000
1788242123.6608,-0.9190,-0.8560,-52.0000,0.0000,-0.0040,0.0000,0.0000,-0.0010,0.0000,-0.9190,-0.8650,-52.0000
1788242123.7109,-0.9190,-0.8550,-52.0000,0.0000,-0.0000,0.0000,0.0000,-0.0000,0.0000,-0.9190,-0.8790,-51.0000
1788242123.7608,-0.9190,-0.8870,-51.0000,0.0000,-0.0000,0.0000,0.0000,-0.0000,0.0000,-0.9190,-0.8990,-51.0000
1788242123.8108,-0.9190,-0.9160,-50.0000,0.0000,-0.0000,0.0000,0.0000,-0.0000,0.0000,-0.9190,-0.8750,-52.0000
1788242123.8609,-0.9190,-0.9420,-48.0000,0.0000,-0.0000,0.0000,0.0000,-0.0000,0.0000,-0.9190,-0.9110,-51.0000
1788242123.9109,-0.9190,-0.9470,-48.0000,0.0000,-0.0000,0.0000,0.0000,0.0000,0.0000,-0.9190,-0.9260,-50.0000
1788242123.9609,-0.9190,-0.9430,-48.0000,0.0000,-0.0000,0.0000,0.0000,-0.0030,0.0000,-0.9190,-0.9570,-48.0000
1788242124.0109,-0.9190,-0.9330,-48.0000,0.0000,-0.0000,0.0000,0.0000,-0.0000,0.0000,-0.9190,-0.9660,-47.0000
1788242124.0609,-0.9190,-0.8800,-51.0000,0.0000,-0.0000,0.0000,0.0000,-0.0000,0.0000,-0.9190,-0.9160,-50.0000
1788242124.1110,-0.9190,-0.8390,-54.0000,0.0000,-0.0000,0.0000,0.0000,-0.0000,0.0000,-0.9190,-0.8730,-52.0000
1788242124.1609,-0.9190,-0.8550,-53.0000,0.0000,-0.0000,0.0000,0.0000,-0.0000,0.0000,-0.9190,-0.9050,-51.0000
1788242124.2108,-0.9190,-0.8990,-52.0000,0.0000,-0.0000,0.0000,0.0000,-0.0000,0.0000,-0.9190,-0.9090,-51.0000
1788242124.2608,-0.9190,-0.9030,-52.0000,0.0000,-0.0000,0.0000,0.0000,-0.0000,0.0000,-0.9190,-0.8990,-51.0000
1788242124.3108,-0.9190,-0.9510,-49.0000,0.0000,-0.0000,0.0000,0.0000,-0.0000,0.0000,-0.9190,-0.9430,-49.0000
1788242124.3608,-0.9190,-0.9650,-48.0000,0.0000,-0.0000,0.0000,0.0000,-0.0000,0.0000,-0.9190,-0.9300,-50.0000
1788242124.4109,-0.9190,-0.9530,-48.0000,0.0000,-0.0000,0.0000,0.0000,-0.0000,0.0000,-0.9190,-0.9490,-48.0000
1788242124.4608,-0.9190,-0.9200,-50.0000,0.0000,-0.0000,0.0000,0.0000,-0.0000,0.0000,-0.9190,-0.9800,-46.0000
1788242124.5110,-0.9190,-0.8980,-51.0000,0.0000,-0.0000,0.0000,0.0000,-0.0010,0.0000,-0.9190,-0.9230,-49.0000
1788242124.5608,-0.9190,-0.8790,-52.0000,0.0000,-0.0000,0.0000,0.0000,-0.0000,0.0000,-0.9190,-0.8750,-52.0000
1788242124.6110,-0.9190,-0.8820,-52.0000,0.0000,-0.0000,0.0000,0.0000,-0.0000,0.0000,-0.9190,-0.9110,-50.0000
1788242124.6608,-0.9190,-0.9200,-50.0000,0.0000,-0.0000,0.0000,0.0000,-0.0000,0.0000,-0.9190,-0.9020,-50.0000
1788242124.7109,-0.9190,-0.9450,-49.0000,0.0000,-0.0000,0.0000,0.0000,-0.0000,0.0000,-0.9190,-0.8910,-51.0000
1788242124.7608,-0.9190,-0.9530,-48.0000,0.0000,-0.0000,0.0000,0.0000,-0.0000,0.0000,-0.9190,-0.9190,-50.0000
1788242124.8109,-0.9190,-0.9760,-47.0000,0.0000,-0.0000,0.0000,0.0000,-0.0000,0.0000,-0.9190,-0.9130,-50.0000
1788242124.8608,-0.9190,-0.9510,-48.0000,0.0000,-0.0000,0.0000,0.0000,-0.0000,0.0000,-0.9190,-0.9520,-48.0000
1788242124.9109,-0.6560,-0.8340,-31.0000,0.3600,0.0190,39.0000,0.4800,0.1120,44.0000,-0.6560,-0.8200,-32.0000
1788242124.9609,-0.6560,-0.5990,-42.0000,0.6560,0.5980,36.0000,0.6560,0.5980,37.0000,-0.6560,-0.7440,-33.0000
1788242125.0110,-0.2960,-0.4740,-18.0000,0.2960,0.5070,14.0000,0.1760,0.4070,8.0000,-0.1760,-0.5000,-2.0000
1788242125.0607,0.0000,-0.0380,0.0000,0.0000,0.0620,0.0000,0.0000,0.0020,0.0000,-0.0720,-0.0010,-8.0000
1788242125.1109,0.6000,0.3730,39.0000,0.0190,0.0060,2.0000,0.7200,0.4430,48.0000,-0.0720,-0.0230,-7.0000
1788242125.1608,1.2000,0.9310,65.0000,0.0190,0.0000,2.0000,1.2940,1.0140,72.0000,-0.0720,0.0020,-9.0000
1788242125.2109,1.3850,1.3860,63.0000,0.0190,0.0000,2.0000,1.2940,1.3160,62.0000,-0.0720,0.0180,-11.0000
1788242125.2608,1.3850,1.3520,68.0000,0.0190,0.0000,2.0000,1.2940,1.3120,64.0000,-0.0720,0.0030,-11.0000
1788242125.3109,1.3850,1.4020,66.0000,0.0190,0.0000,3.0000,1.2940,1.3380,63.0000,-0.0720,0.0000,-12.0000
1788242125.3608,1.3850,1.2900,73.0000,0.0190,0.0000,3.0000,1.2940,1.3420,62.0000,-0.0720,-0.0050,-12.0000
1788242125.4108,1.3850,1.3910,67.0000,0.0190,0.0000,3.0000,1.2940,1.3890,59.0000,-0.0720,0.0000,-14.0000
1788242125.4608,1.3850,1.3860,68.0000,0.0190,0.0000,3.0000,1.2940,1.3560,60.0000,-0.0720,0.0000,-15.0000
1788242125.5109,1.3850,1.4160,66.0000,0.0190,0.0000,3.0000,1.2940,1.3710,58.0000,-0.0720,0.0000,-15.0000
1788242125.5608,1.3850,1.4020,67.0000,0.0190,0.0730,-1.0000,1.2940,1.3400,59.0000,-0.0720,-0.0000,-16.0000
1788242125.6109,1.3850,1.3540,69.0000,0.0190,0.0740,-1.0000,1.2940,1.3490,57.0000,-0.0720,-0.0060,-17.0000
1788242125.6608,1.3850,1.3590,69.0000,0.0190,0.0780,-2.0000,1.2940,1.3240,58.0000,-0.0720,-0.0250,-17.0000
1788242125.7108,1.3850,1.4000,67.0000,0.0190,0.0110,1.0000,1.2940,1.3320,57.0000,-0.0720,-0.0020,-19.0000
1788242125.7608,1.3850,1.4330,65.0000,0.0190,0.0010,2.0000,1.2940,1.3140,58.0000,-0.0720,-0.0020,-20.0000
1788242125.8108,1.3850,1.3980,67.0000,0.0190,-0.0000,2.0000,1.2940,1.3230,57.0000,-0.0720,-0.0180,-19.0000
1788242125.8609,1.3850,1.3760,68.0000,0.0190,0.0020,2.0000,1.2940,1.3030,58.0000,-0.0720,-0.0300,-19.0000
1788242125.9109,1.3850,1.3770,68.0000,0.0190,0.0010,2.0000,1.2940,1.3110,57.0000,-0.0720,-0.0490,-19.0000
1788242125.9621,1.3850,1.3600,69.0000,0.0190,0.0000,3.0000,1.2940,1.2960,58.0000,-0.0720,-0.0410,-20.0000
1788242126.0109,1.3850,1.3820,68.0000,0.0190,0.0000,3.0000,1.2940,1.2980,58.0000,-0.0720,-0.0360,-20.0000
1788242126.0608,1.3850,1.3910,68.0000,0.0190,0.0000,3.0000,1.2940,1.2970,58.0000,-0.0720,-0.0350,-21.0000
1788242126.1110,1.3850,1.3720,69.0000,0.0190,0.0000,3.0000,1.2940,1.2980,57.0000,-0.0720,-0.0490,-20.0000
1788242126.1608,1.3850,1.3890,68.0000,0.0190,0.0000,4.0000,1.2940,1.3080,57.0000,-0.0720,-0.0630,-20.0000
1788242126.2109,1.3850,1.4290,65.0000,0.0190,0.0000,4.0000,1.2940,1.2930,58.0000,-0.0720,-0.0660,-20.0000
1788242126.2610,1.3850,1.4230,65.0000,0.0190,0.0000,4.0000,1.2940,1.3140,56.0000,-0.0720,-0.0610,-20.0000
1788242126.3109,1.3850,1.3990,66.0000,0.0190,0.0000,4.0000,1.2940,1.2880,58.0000,-0.0720,-0.0820,-19.0000
1788242126.3620,1.3850,1.3930,66.0000,0.0190,0.0000,4.0000,1.2940,1.3080,56.0000,-0.0720,-0.0480,-21.0000
1788242126.4108,1.3850,1.3750,67.0000,0.0190,0.0030,5.0000,1.2940,1.2910,57.0000,-0.0720,-0.0670,-20.0000
1788242126.4608,1.3850,1.3600,68.0000,0.0190,0.0070,4.0000,1.2940,1.3160,56.0000,-0.0720,-0.1010,-19.0000
1788242126.5110,1.3850,1.3630,68.0000,0.0190,0.0120,4.0000,1.2940,1.2810,58.0000,-0.0720,-0.1040,-18.0000
1788242126.5608,1.3850,1.3760,68.0000,0.0190,0.0110,5.0000,1.2940,1.3130,56.0000,-0.0720,-0.0890,-19.0000
1788242126.6110,1.3850,1.3790,68.0000,0.0190,0.0100,5.0000,1.2940,1.2880,57.0000,-0.0720,-0.0900,-18.0000
1788242126.6606,1.3850,1.3470,70.0000,0.0190,0.0070,5.0000,1.1740,1.3220,45.0000,0.0480,-0.0880,-7.0000
1788242126.7108,0.7850,1.1760,26.0000,0.6190,0.4430,42.0000,0.6560,0.8870,22.0000,0.6480,0.2690,36.0000
1788242126.7608,0.6560,0.7080,36.0000,0.6560,0.7080,34.0000,0.6560,0.6340,32.0000,0.6560,0.6390,21.0000
1788242126.8107,0.6560,0.7070,32.0000,0.6560,0.7130,35.0000,0.6560,0.6520,29.0000,0.6560,0.6200,25.0000
1788242126.8608,0.6560,0.6920,32.0000,0.6560,0.7040,35.0000,0.6560,0.6280,30.0000,0.6560,0.5700,29.0000
1788242126.9115,0.6560,0.5890,38.0000,0.6560,0.7070,35.0000,0.6560,0.6240,31.0000,0.6560,0.5870,29.0000
1788242126.9607,0.1760,0.4750,1.0000,0.1760,0.5210,1.0000,0.1760,0.3540,-4.0000,0.0560,0.3370,-17.0000
1788242127.0107,0.0000,0.0470,0.0000,0.0000,0.0410,0.0000,0.0000,0.0120,0.0000,0.0000,0.0680,0.0000
1788242127.0607,0.0000,0.0060,0.0000,0.0000,0.0040,0.0000,0.0000,0.0010,0.0000,0.0000,0.0060,0.0000
1788242127.1111,-0.3600,-0.0890,-34.0000,0.0000,-0.0020,0.0000,0.0000,0.0000,0.0000,-0.4800,-0.2210,-38.0000
1788242127.1610,-0.9190,-0.6610,-54.0000,0.0000,-0.0020,0.0000,0.0000,0.0000,0.0000,-0.9190,-0.7380,-52.0000
1788242127.2111,-0.9190,-0.8670,-49.0000,0.0000,-0.0020,0.0000,0.0000,0.0000,0.0000,-0.9190,-0.8630,-50.0000
1788242127.2610,-0.9190,-0.9170,-48.0000,0.0000,-0.0000,0.0000,0.0000,0.0000,0.0000,-0.9190,-0.8400,-53.0000
1788242127.3109,-0.9190,-0.9240,-48.0000,0.0000,-0.0000,0.0000,0.0000,0.0000,0.0000,-0.9190,-0.9100,-50.0000
1788242127.3609,-0.9190,-0.9180,-48.0000,0.0000,-0.0240,0.0000,0.0000,0.0000,0.0000,-0.9190,-0.9280,-50.0000
1788242127.4110,-0.9190,-0.9360,-47.0000,0.0000,-0.0020,0.0000,0.0000,0.0000,0.0000,-0.9190,-0.9750,-47.0000
1788242127.4610,-0.9190,-0.9350,-47.0000,0.0000,-0.0000,0.0000,0.0000,-0.0030,0.0000,-0.9190,-0.9930,-45.0000
1788242127.5109,-0.9190,-0.9290,-47.0000,0.0000,-0.0000,0.0000,0.0000,-0.0000,0.0000,-0.9190,-0.9700,-46.0000
1788242127.5610,-0.9190,-0.9060,-49.0000,0.0000,-0.0000,0.0000,0.0000,-0.0000,0.0000,-0.9190,-0.9860,-44.0000
1788242127.6131,-0.9190,-0.9460,-46.0000,0.0000,-0.1230,0.0000,0.0000,-0.0000,0.0000,-0.9190,-0.8700,-51.0000
1788242127.6608,-0.9190,-0.9540,-46.0000,0.0000,-0.3350,0.0000,0.0000,-0.0000,0.0000,-0.9190,-0.8020,-55.0000
1788242127.7110,-0.9190,-0.9370,-46.0000,0.0000,-0.2440,0.0000,0.0000,-0.0000,0.0000,-0.9190,-0.8890,-50.0000
1788242127.7610,-0.9190,-0.9280,-46.0000,0.0000,-0.0300,0.0000,0.0000,-0.0040,0.0000,-0.9190,-0.9500,-47.0000
1788242127.8109,-0.9190,-0.9490,-45.0000,0.0000,-0.0000,0.0000,0.0000,-0.0030,0.0000,-0.9190,-0.9540,-47.0000
1788242127.8609,-0.9190,-0.9380,-46.0000,0.0000,-0.0010,0.0000,0.0000,-0.0000,0.0000,-0.9190,-0.9430,-48.0000
1788242127.9109,-0.9190,-0.9110,-47.0000,0.0000,-0.0130,0.0000,0.0000,0.0010,0.0000,-0.9190,-0.8940,-50.0000
1788242127.9608,-0.9190,-0.9120,-47.0000,0.0000,-0.0650,0.0000,0.0000,0.0000,0.0000,-0.9190,-0.8800,-51.0000
1788242128.0109,-0.9190,-0.9440,-45.0000,0.0000,-0.1640,0.0000,0.0000,0.0000,0.0000,-0.9190,-0.9180,-49.0000
1788242128.0609,-0.9190,-0.9260,-46.0000,0.0000,-0.1000,0.0000,0.0000,0.0000,0.0000,-0.9190,-0.9610,-47.0000
1788242128.1110,-0.9190,-0.9290,-46.0000,0.0000,-0.0310,0.0000,0.0000,0.0000,0.0000,-0.9190,-0.9550,-47.0000
1788242128.1610,-0.9190,-0.9290,-46.0000,0.0000,-0.0020,0.0000,0.0000,-0.0100,0.0000,-0.9190,-0.9060,-49.0000
1788242128.2109,-0.9190,-0.9030,-47.0000,0.0000,-0.0000,0.0000,0.0000,-0.0010,0.0000,-0.9190,-0.8620,-52.0000
1788242128.2609,-0.9190,-0.9130,-47.0000,0.0000,-0.0060,0.0000,0.0000,-0.0000,0.0000,-0.9190,-0.8260,-55.0000
1788242128.3110,-0.9190,-0.9230,-46.0000,0.0000,-0.0320,0.0000,0.0000,-0.0000,0.0000,-0.9190,-0.8840,-52.0000
1788242128.3616,-0.9190,-0.8840,-49.0000,0.0000,-0.0060,0.0000,0.0000,-0.0000,0.0000,-0.9190,-0.9150,-51.0000
1788242128.4109,-0.9190,-0.8690,-50.0000,0.0000,-0.0010,0.0000,0.0000,-0.0000,0.0000,-0.9190,-0.9810,-47.0000
1788242128.4616,-0.9190,-0.8950,-49.0000,0.0000,-0.0000,0.0000,0.0000,-0.0000,0.0000,-0.9190,-1.0190,-45.0000
1788242128.5109,-0.9190,-0.9250,-48.0000,0.0000,-0.0080,0.0000,0.0000,-0.0000,0.0000,-0.9190,-0.9930,-45.0000
1788242128.5623,-0.9190,-0.9400,-47.0000,0.0000,-0.0510,0.0000,0.0000,-0.0000,0.0000,-0.9190,-0.9160,-49.0000
1788242128.6119,-0.9190,-0.9190,-48.0000,0.0000,-0.0040,0.0000,0.0000,-0.0040,0.0000,-0.9190,-0.8890,-50.0000
1788242128.6624,-0.9190,-0.9070,-49.0000,0.0000,0.0000,0.0000,0.0000,-0.0030,0.0000,-0.9190,-0.9030,-49.0000
1788242128.7120,-0.9190,-0.9050,-49.0000,0.0000,0.0000,0.0000,0.0000,-0.0000,0.0000,-0.9190,-0.8950,-50.0000
1788242128.7619,-0.9190,-0.8840,-50.0000,0.0000,0.0000,0.0000,0.0000,-0.0000,0.0000,-0.9190,-0.8900,-51.0000
1788242128.8119,-0.9190,-0.8600,-52.0000,0.0000,0.0000,0.0000,0.0000,-0.0000,0.0000,-0.9190,-0.9000,-50.0000
1788242128.8619,-0.9190,-0.8760,-51.0000,0.0000,0.0000,0.0000,0.0000,-0.0000,0.0000,-0.9190,-0.9480,-48.0000
1788242128.9121,-0.7990,-0.9020,-40.0000,-0.1200,0.0000,-14.0000,-0.1200,-0.0000,-14.0000,-0.7990,-0.9830,-36.0000
1788242128.9619,-0.1990,-0.5990,-3.0000,0.0000,-0.2090,0.0000,0.0000,-0.1140,0.0000,-0.1990,-0.5880,-3.0000
1788242129.0118,0.0000,-0.0670,0.0000,0.0000,-0.1410,0.0000,0.0000,-0.0500,0.0000,0.0000,-0.0760,0.0000
1788242129.0618,0.0000,-0.0050,0.0000,0.0000,-0.0690,0.0000,0.0000,-0.0670,0.0000,0.0000,-0.0250,0.0000
1788242129.1119,0.0000,0.0040,0.0000,0.0000,-0.0050,0.0000,0.0000,-0.0090,0.0000,0.0000,-0.0030,0.0000
1788242129.1620,0.3600,0.1060,33.0000,-0.3600,-0.0550,-37.0000,0.3600,0.0670,36.0000,-0.3600,-0.0880,-34.0000
1788242129.2121,0.7280,0.6990,35.0000,-0.6380,-0.6010,-34.0000,0.6380,0.5680,36.0000,-0.7280,-0.6850,-37.0000
1788242129.2620,0.7280,0.7100,39.0000,-0.6380,-0.5920,-38.0000,0.6380,0.5870,38.0000,-0.7280,-0.6400,-43.0000
1788242129.3123,0.7280,0.7220,39.0000,-0.6380,-0.6260,-37.0000,0.6380,0.6590,36.0000,-0.7280,-0.6600,-44.0000
1788242129.3620,0.9680,0.7010,61.0000,-0.3980,-0.6210,-17.0000,0.8780,0.6690,56.0000,-0.4880,-0.6550,-24.0000
1788242129.4119,1.3850,1.2280,71.0000,0.0190,-0.1680,5.0000,1.2940,1.1400,69.0000,-0.0720,-0.2220,-3.0000
1788242129.4619,1.3850,1.4400,64.0000,0.0190,-0.0010,0.0000,1.2940,1.2360,68.0000,-0.0720,-0.0570,-8.0000
1788242129.5126,1.3850,1.4190,66.0000,0.0190,-0.0000,2.0000,1.2940,1.3360,64.0000,-0.0720,0.0390,-13.0000
1788242129.5621,1.3850,1.4300,65.0000,0.0190,-0.0000,2.0000,1.2940,1.3550,63.0000,-0.0720,0.0070,-12.0000
1788242129.6127,1.3850,1.3460,70.0000,0.0190,-0.0000,3.0000,1.2940,1.3380,64.0000,-0.0720,-0.0090,-12.0000
1788242129.6626,1.3850,1.4010,67.0000,0.0190,-0.0000,3.0000,1.2940,1.3660,61.0000,-0.0720,-0.0020,-13.0000
1788242129.7127,1.3850,1.3740,68.0000,0.0190,-0.0000,3.0000,1.2940,1.3440,62.0000,-0.0720,-0.0000,-14.0000
1788242129.7624,1.3850,1.3940,67.0000,0.0190,-0.0000,3.0000,1.2940,1.3620,60.0000,-0.0720,-0.0000,-15.0000
1788242129.8118,1.3850,1.3900,67.0000,0.0190,0.0100,3.0000,1.2940,1.3270,62.0000,-0.0720,-0.0030,-16.0000
1788242129.8618,1.3850,1.3990,67.0000,0.0190,0.0040,4.0000,1.2940,1.3450,60.0000,-0.0720,-0.0510,-14.0000
1788242129.9121,1.3850,1.4080,66.0000,0.0190,0.0000,4.0000,1.2940,1.3060,62.0000,-0.0720,-0.0160,-16.0000
1788242129.9619,1.3850,1.4030,66.0000,0.0190,0.0000,4.0000,1.2940,1.3100,61.0000,-0.0720,-0.0150,-17.0000
1788242130.0122,1.3850,1.3820,67.0000,0.0190,0.0000,4.0000,1.2940,1.2750,63.0000,-0.0720,-0.0040,-18.0000
1788242130.0624,1.3850,1.3550,69.0000,0.0190,0.0070,4.0000,1.2940,1.2990,62.0000,-0.0720,-0.0310,-17.0000
1788242130.1120,1.3850,1.3530,69.0000,0.0190,0.0050,5.0000,1.2940,1.2890,62.0000,-0.0720,-0.0540,-17.0000
1788242130.1629,1.3850,1.3940,67.0000,0.0190,0.0060,5.0000,1.2940,1.3070,61.0000,-0.0720,-0.0550,-17.0000
1788242130.2120,1.3850,1.3780,68.0000,0.0190,0.0010,5.0000,1.2940,1.2880,62.0000,-0.0720,-0.0570,-17.0000
1788242130.2620,1.3850,1.3960,67.0000,0.0190,0.0000,5.0000,1.2940,1.3190,60.0000,-0.0720,-0.0280,-19.0000
1788242130.3120,1.3850,1.3680,69.0000,0.0190,0.0000,6.0000,1.2940,1.2960,62.0000,-0.0720,-0.0620,-17.0000
1788242130.3619,1.3850,1.4130,66.0000,0.0190,0.0000,6.0000,1.2940,1.3040,61.0000,-0.0720,-0.0130,-20.0000
1788242130.4121,1.3850,1.4040,67.0000,0.0190,0.0170,5.0000,1.2940,1.2790,62.0000,-0.0720,-0.0040,-21.0000
1788242130.4618,1.3850,1.4060,66.0000,0.0190,0.0060,6.0000,1.2940,1.2780,63.0000,-0.0720,-0.0290,-21.0000
1788242130.5132,1.3850,1.3730,68.0000,0.0190,0.0010,6.0000,1.2940,1.2750,63.0000,-0.0720,-0.0900,-18.0000
1788242130.5619,1.3850,1.3780,68.0000,0.0190,0.0000,7.0000,1.2940,1.3020,61.0000,-0.0720,-0.0920,-18.0000
1788242130.6121,1.3850,1.3840,68.0000,0.0190,0.0000,7.0000,1.2940,1.2960,62.0000,-0.0720,-0.0140,-22.0000
1788242130.6619,1.3850,1.4010,67.0000,0.0190,0.0000,7.0000,1.2940,1.2770,63.0000,-0.0720,-0.0240,-22.0000
1788242130.7120,1.3850,1.3760,68.0000,0.0190,0.0030,7.0000,1.2940,1.2980,62.0000,-0.0720,-0.1590,-15.0000
1788242130.7619,1.3850,1.4510,63.0000,0.0190,0.0250,6.0000,1.2940,1.3250,60.0000,-0.0720,-0.2150,-11.0000
1788242130.8118,1.3850,1.3660,68.0000,0.0190,0.0440,5.0000,1.2940,1.3180,60.0000,-0.0720,-0.1920,-11.0000
1788242130.8618,1.3850,1.3680,68.0000,0.0190,0.0130,7.0000,1.2940,1.2800,62.0000,-0.0720,-0.1380,-12.0000
1788242130.9120,1.3850,1.4260,64.0000,0.0190,0.0440,5.0000,1.2940,1.3050,61.0000,-0.0720,-0.0460,-17.0000
1788242130.9619,1.3850,1.3710,67.0000,0.0190,0.0210,6.0000,1.2940,1.2970,61.0000,-0.0720,-0.0050,-19.0000
1788242131.0120,1.3850,1.3470,69.0000,0.0190,0.0060,7.0000,1.2940,1.2900,62.0000,-0.0720,-0.0160,-19.0000
1788242131.0619,1.3850,1.3690,68.0000,0.0190,0.0070,7.0000,1.2940,1.2840,62.0000,-0.0720,-0.0570,-17.0000
1788242131.1121,1.3850,1.4210,65.0000,0.0190,0.0130,6.0000,1.2940,1.3010,61.0000,-0.0720,-0.0260,-19.0000
1788242131.1620,1.3850,1.4190,65.0000,0.0190,0.0080,7.0000,1.2940,1.2910,62.0000,-0.0720,-0.0190,-20.0000
1788242131.2120,1.3850,1.3860,66.0000,0.0190,0.0260,6.0000,1.2940,1.3130,60.0000,-0.0720,-0.0370,-20.0000
1788242131.2619,1.3850,1.4360,63.0000,0.0190,0.0120,7.0000,1.2940,1.2970,61.0000,-0.0720,-0.0590,-19.0000
1788242131.3120,1.3850,1.4400,63.0000,0.0190,0.0050,7.0000,1.2940,1.3150,60.0000,-0.0720,-0.0610,-19.0000
1788242131.3619,1.3850,1.3540,67.0000,0.0190,0.0530,4.0000,1.2940,1.2830,62.0000,-0.0720,-0.1000,-17.0000
1788242131.4119,1.3850,1.3610,67.0000,0.0190,0.0120,7.0000,1.2940,1.3020,61.0000,-0.0720,-0.1090,-16.0000
1788242131.4620,1.3850,1.3300,69.0000,0.0190,0.0010,7.0000,1.2940,1.2520,64.0000,-0.0720,-0.0880,-17.0000
1788242131.5119,1.3850,1.3240,70.0000,0.0190,0.0000,7.0000,1.2940,1.3100,60.0000,-0.0720,-0.0640,-19.0000
1788242131.5631,1.3850,1.3260,70.0000,0.0190,0.0050,7.0000,1.2940,1.2950,61.0000,-0.0720,-0.0460,-20.0000
1788242131.6120,1.3850,1.3630,69.0000,0.0190,0.0010,8.0000,1.2940,1.3150,60.0000,-0.0720,-0.0570,-19.0000
1788242131.6621,1.3850,1.3890,68.0000,0.0190,0.0000,8.0000,1.2940,1.2470,64.0000,-0.0720,-0.0760,-18.0000
1788242131.7119,1.3850,1.3880,68.0000,0.0190,0.0000,8.0000,1.2940,1.2900,62.0000,-0.0720,-0.0540,-20.0000
1788242131.7619,1.3850,1.4210,66.0000,0.0190,0.0000,9.0000,1.2940,1.2740,63.0000,-0.0720,-0.0390,-21.0000
1788242131.8119,1.3850,1.3870,68.0000,0.0190,0.0000,9.0000,1.2940,1.2980,62.0000,-0.0720,-0.0550,-20.0000
1788242131.8620,1.3850,1.3350,71.0000,0.0190,0.0010,9.0000,1.2940,1.3010,62.0000,-0.0720,-0.0870,-18.0000
1788242131.9119,1.3850,1.3590,70.0000,0.0190,0.0200,8.0000,1.2940,1.3230,60.0000,-0.0720,-0.1160,-16.0000
1788242131.9630,1.3850,1.3930,68.0000,0.0190,0.0490,6.0000,1.2940,1.3120,61.0000,-0.0720,-0.1170,-16.0000
1788242132.0121,1.3850,1.4100,67.0000,0.0190,0.0370,7.0000,1.2940,1.3110,60.0000,-0.0720,-0.0940,-17.0000
1788242132.0620,1.3850,1.3940,68.0000,0.0190,0.0430,6.0000,1.2940,1.3090,60.0000,-0.0720,-0.0700,-18.0000
1788242132.1121,1.3850,1.3960,68.0000,0.0190,0.0370,6.0000,1.2940,1.3140,60.0000,-0.0720,-0.0710,-18.0000
1788242132.1620,1.3850,1.3990,67.0000,0.0190,0.0280,7.0000,1.2940,1.3110,60.0000,-0.0720,-0.0620,-18.0000
1788242132.2120,1.3850,1.3850,68.0000,0.0190,0.0320,6.0000,1.2940,1.3040,60.0000,-0.0720,-0.0760,-18.0000
1788242132.2620,1.3850,1.3870,68.0000,0.0190,0.0740,4.0000,1.2940,1.3110,59.0000,-0.0720,-0.0860,-17.0000
1788242132.3120,1.3850,1.4040,67.0000,0.0190,0.0250,6.0000,1.2940,1.2990,60.0000,-0.0720,-0.0890,-17.0000
1788242132.3620,1.3850,1.4150,66.0000,0.0190,0.0320,5.0000,1.2940,1.3120,59.0000,-0.0720,-0.0810,-17.0000
1788242132.4119,1.3850,1.3880,67.0000,0.0190,0.0270,6.0000,1.2940,1.2950,60.0000,-0.0720,-0.0680,-17.0000
1788242132.4619,1.3850,1.3760,68.0000,0.0190,0.0160,6.0000,1.2940,1.3130,59.0000,-0.0720,-0.1010,-15.0000
1788242132.5120,1.3850,1.3700,68.0000,0.0190,0.0160,6.0000,1.2940,1.2950,59.0000,-0.0720,-0.0960,-16.0000
1788242132.5620,1.3850,1.4010,67.0000,0.0190,0.0280,5.0000,1.2940,1.3130,58.0000,-0.0720,-0.0960,-15.0000
1788242132.6120,1.3850,1.3630,69.0000,0.0190,0.0320,5.0000,1.2940,1.2850,60.0000,-0.0720,-0.0910,-15.0000
1788242132.6620,1.3850,1.3590,69.0000,0.0190,0.0290,5.0000,1.2940,1.3030,59.0000,-0.0720,-0.0830,-15.0000
1788242132.7121,1.3850,1.3720,68.0000,0.0190,0.0140,6.0000,1.2940,1.2860,60.0000,-0.0720,-0.0580,-17.0000
1788242132.7620,1.3850,1.3900,68.0000,0.0190,0.0260,5.0000,1.2940,1.3130,58.0000,-0.0720,-0.0770,-16.0000
1788242132.8120,1.3850,1.4190,66.0000,0.0190,0.0230,5.0000,1.2940,1.2850,60.0000,-0.0720,-0.0850,-15.0000
1788242132.8626,0.7850,1.1380,28.0000,0.6190,0.4410,43.0000,0.6940,1.0810,18.0000,0.5280,0.1710,33.0000
1788242132.9120,0.1850,0.5580,2.0000,0.0190,0.4050,-13.0000,0.0940,0.4380,-10.0000,0.0000,0.2060,0.0000
1788242132.9618,0.0000,0.0600,0.0000,0.0000,0.0890,0.0000,0.0000,0.0170,0.0000,0.0000,0.0610,0.0000
1788242133.0121,0.4800,0.2480,36.0000,-0.4800,-0.0550,-47.0000,-0.4800,-0.1840,-40.0000,0.4800,0.1840,40.0000
1788242133.0621,0.6560,0.6660,32.0000,-0.6560,-0.4700,-46.0000,-0.6560,-0.6650,-33.0000,0.6560,0.6870,31.0000
1788242133.1121,0.6560,0.5870,39.0000,-0.6560,-0.5960,-43.0000,-0.6560,-0.5780,-41.0000,0.6560,0.6500,36.0000
1788242133.1620,0.6560,0.5150,44.0000,-0.6560,-0.6900,-39.0000,-0.6560,-0.5230,-45.0000,0.6560,0.6890,34.0000
1788242133.2121,0.6560,0.5670,43.0000,-0.6560,-0.6900,-39.0000,-0.6560,-0.5950,-42.0000,0.6560,0.5500,42.0000
1788242133.2620,0.6560,0.6230,41.0000,-0.6560,-0.6680,-40.0000,-0.6560,-0.5930,-44.0000,0.6560,0.6640,36.0000
1788242133.3121,0.6560,0.6900,37.0000,-0.6560,-0.6220,-43.0000,-0.6560,-0.6270,-42.0000,0.6560,0.6610,37.0000
1788242133.3620,0.6560,0.7070,36.0000,-0.6560,-0.6260,-43.0000,-0.6560,-0.6180,-43.0000,0.6560,0.6920,35.0000
1788242133.4122,0.6560,0.6910,37.0000,-0.6560,-0.6370,-42.0000,-0.6560,-0.6350,-43.0000,0.6560,0.6350,38.0000
1788242133.4621,0.6560,0.6880,37.0000,-0.6560,-0.6310,-43.0000,-0.6560,-0.6600,-42.0000,0.6560,0.6450,37.0000
1788242133.5122,0.6560,0.6670,37.0000,-0.6560,-0.6310,-43.0000,-0.6560,-0.6480,-43.0000,0.6560,0.6420,38.0000
1788242133.5616,0.6560,0.6480,38.0000,-0.6560,-0.6300,-44.0000,-0.6560,-0.6370,-43.0000,0.6560,0.6490,37.0000
1788242133.6140,0.6560,0.6700,37.0000,-0.6560,-0.6550,-43.0000,-0.6560,-0.6420,-43.0000,0.6560,0.6350,38.0000
1788242133.6620,0.6560,0.6350,39.0000,-0.6560,-0.6320,-44.0000,-0.6560,-0.6920,-40.0000,0.6560,0.6350,39.0000
1788242133.7122,0.6560,0.6450,39.0000,-0.6560,-0.6240,-45.0000,-0.6560,-0.6890,-40.0000,0.6560,0.6280,39.0000
1788242133.7619,0.6560,0.6500,38.0000,-0.6560,-0.6470,-44.0000,-0.6560,-0.6550,-42.0000,0.6560,0.6220,40.0000
1788242133.8121,0.6560,0.6540,38.0000,-0.6560,-0.6540,-44.0000,-0.6560,-0.6490,-42.0000,0.6560,0.6140,41.0000
1788242133.8620,0.6560,0.6130,41.0000,-0.6560,-0.6640,-43.0000,-0.6560,-0.6650,-42.0000,0.6560,0.6130,41.0000
1788242133.9122,0.6560,0.6240,41.0000,-0.6560,-0.6540,-44.0000,-0.6560,-0.6530,-42.0000,0.6560,0.6280,41.0000
1788242133.9619,0.6560,0.6800,38.0000,-0.6560,-0.6500,-44.0000,-0.6560,-0.6440,-43.0000,0.6560,0.6630,39.0000
1788242134.0122,0.6560,0.6890,37.0000,-0.6560,-0.6500,-44.0000,-0.6560,-0.6220,-44.0000,0.6560,0.6680,39.0000
1788242134.0621,0.6560,0.6850,37.0000,-0.6560,-0.6450,-44.0000,-0.6560,-0.6300,-44.0000,0.6560,0.6630,39.0000
1788242134.1121,0.6560,0.6880,37.0000,-0.6560,-0.6250,-45.0000,-0.6560,-0.6410,-44.0000,0.6560,0.6770,38.0000
1788242134.1620,0.6560,0.6900,36.0000,-0.6560,-0.6580,-44.0000,-0.6560,-0.6560,-43.0000,0.6560,0.6830,38.0000
1788242134.2122,0.6560,0.6520,38.0000,-0.6560,-0.6720,-43.0000,-0.6560,-0.6630,-42.0000,0.6560,0.6990,37.0000
1788242134.2621,0.6560,0.6240,40.0000,-0.6560,-0.6470,-44.0000,-0.6560,-0.6740,-42.0000,0.6560,0.6700,38.0000
1788242134.3122,0.6560,0.6310,39.0000,-0.6560,-0.6230,-46.0000,-0.6560,-0.6810,-41.0000,0.6560,0.6350,40.0000
1788242134.3621,0.6560,0.6460,39.0000,-0.6560,-0.6550,-44.0000,-0.6560,-0.6740,-41.0000,0.6560,0.6090,41.0000
1788242134.4120,0.6560,0.6220,40.0000,-0.6560,-0.6470,-45.0000,-0.6560,-0.6520,-43.0000,0.6560,0.6050,42.0000
1788242134.4639,0.6560,0.6450,39.0000,-0.6560,-0.6500,-45.0000,-0.6560,-0.6700,-41.0000,0.6560,0.6260,41.0000
1788242134.5122,0.6560,0.6220,41.0000,-0.6560,-0.6530,-45.0000,-0.6560,-0.6320,-44.0000,0.6560,0.6560,40.0000
1788242134.5622,0.6560,0.6370,40.0000,-0.6560,-0.6600,-44.0000,-0.6560,-0.6410,-43.0000,0.6560,0.6500,40.0000
1788242134.6129,0.6560,0.6740,39.0000,-0.6560,-0.6730,-43.0000,-0.6560,-0.6660,-42.0000,0.6560,0.7080,37.0000
1788242134.6628,0.6560,0.6760,38.0000,-0.6560,-0.6530,-44.0000,-0.6560,-0.6750,-41.0000,0.6560,0.7050,37.0000
1788242134.7121,0.6560,0.6430,40.0000,-0.6560,-0.6650,-44.0000,-0.6560,-0.6760,-41.0000,0.6560,0.6860,37.0000
1788242134.7632,0.6560,0.6510,40.0000,-0.6560,-0.6790,-43.0000,-0.6560,-0.6780,-41.0000,0.6560,0.6860,37.0000
1788242134.8120,0.6560,0.6660,39.0000,-0.6560,-0.6770,-43.0000,-0.6560,-0.6690,-41.0000,0.6560,0.7000,36.0000
1788242134.8631,0.6560,0.6920,37.0000,-0.6560,-0.6550,-44.0000,-0.6560,-0.6900,-40.0000,0.6560,0.6800,36.0000
1788242134.9121,0.6560,0.6680,38.0000,-0.6560,-0.6780,-42.0000,-0.6560,-0.6820,-40.0000,0.6560,0.6530,38.0000
1788242134.9622,0.6560,0.6950,37.0000,-0.6560,-0.7150,-40.0000,-0.6560,-0.6710,-40.0000,0.6560,0.5960,41.0000
1788242135.0129,0.6560,0.6640,38.0000,-0.6560,-0.6900,-41.0000,-0.6560,-0.6560,-41.0000,0.6560,0.5850,42.0000
1788242135.0622,0.6560,0.6590,38.0000,-0.6560,-0.6320,-44.0000,-0.6560,-0.6480,-41.0000,0.6560,0.5960,42.0000
1788242135.1126,0.6560,0.6360,39.0000,-0.6560,-0.6340,-44.0000,-0.6560,-0.6310,-42.0000,0.6560,0.5950,43.0000
1788242135.1622,0.6560,0.6370,39.0000,-0.6560,-0.6410,-43.0000,-0.6560,-0.6370,-42.0000,0.6560,0.6670,39.0000
1788242135.2121,0.6560,0.6710,38.0000,-0.6560,-0.6730,-42.0000,-0.6560,-0.6190,-43.0000,0.6560,0.7110,37.0000
1788242135.2621,0.6560,0.6940,36.0000,-0.6560,-0.6460,-43.0000,-0.6560,-0.6500,-42.0000,0.6560,0.7410,35.0000
1788242135.3123,0.6560,0.6750,37.0000,-0.6560,-0.6670,-42.0000,-0.6560,-0.6720,-41.0000,0.6560,0.6450,40.0000
1788242135.3620,0.1760,0.5170,2.0000,-0.1760,-0.5350,-5.0000,-0.1760,-0.4770,-8.0000,0.1760,0.3030,16.0000
1788242135.4120,0.0000,0.0510,0.0000,0.0000,-0.0820,0.0000,0.0000,0.0110,0.0000,0.0000,-0.0840,0.0000
1788242135.4620,0.1200,0.0040,14.0000,-0.1200,-0.0060,-14.0000,0.1200,0.0770,10.0000,-0.1200,-0.1320,-8.0000
1788242135.5122,0.7200,0.4790,45.0000,-0.6380,-0.4630,-40.0000,0.6380,0.4660,39.0000,-0.7200,-0.4920,-45.0000
1788242135.5620,1.0880,0.7370,68.0000,-0.2780,-0.4970,-11.0000,0.9980,0.7150,61.0000,-0.3680,-0.7090,-6.0000
1788242135.6121,1.3850,1.2680,70.0000,0.0190,-0.0450,0.0000,1.2940,1.2890,60.0000,-0.0720,-0.0810,-6.0000
1788242135.6622,1.3850,1.3960,68.0000,0.0190,-0.0010,1.0000,1.2940,1.3160,62.0000,-0.0720,-0.0060,-7.0000
1788242135.7121,1.3850,1.4400,66.0000,0.0190,-0.0000,2.0000,1.2940,1.3390,61.0000,-0.0720,-0.0010,-7.0000
1788242135.7621,1.3850,1.4410,66.0000,0.0190,-0.0000,2.0000,1.2940,1.3380,61.0000,-0.0720,-0.0000,-8.0000
1788242135.8119,1.3850,1.3670,70.0000,0.0190,-0.0000,2.0000,1.2940,1.3040,62.0000,-0.0720,-0.0000,-9.0000
1788242135.8621,1.3850,1.4010,68.0000,0.0190,-0.0000,3.0000,1.2940,1.3030,62.0000,-0.0720,-0.0020,-9.0000
1788242135.9121,1.3850,1.4400,65.0000,0.0190,-0.0000,3.0000,1.2940,1.2860,63.0000,-0.0720,-0.0010,-10.0000
1788242135.9621,1.3850,1.4600,64.0000,0.0190,0.0000,3.0000,1.2940,1.3040,62.0000,-0.0720,-0.0030,-11.0000
1788242136.0122,1.3850,1.4460,64.0000,0.0190,0.0000,3.0000,1.2940,1.3100,61.0000,-0.0720,0.0030,-12.0000
1788242136.0620,1.3850,1.4220,64.0000,0.0190,0.0000,4.0000,1.2940,1.3230,61.0000,-0.0720,0.0000,-13.0000
1788242136.1121,1.3850,1.3350,69.0000,0.0190,0.0040,4.0000,1.2940,1.2630,64.0000,-0.0720,-0.0030,-14.0000
1788242136.1619,1.3850,1.3710,67.0000,0.0190,0.0010,4.0000,1.2940,1.2840,63.0000,-0.0720,-0.0000,-15.0000
1788242136.2121,1.3850,1.4030,65.0000,0.0190,0.0000,4.0000,1.2940,1.2690,64.0000,-0.0720,-0.0000,-16.0000
1788242136.2620,1.3850,1.3910,66.0000,0.0190,0.0000,4.0000,1.2940,1.2940,63.0000,-0.0720,-0.0000,-17.0000
1788242136.3121,1.3850,1.3950,66.0000,0.0190,0.0050,4.0000,1.2940,1.2880,63.0000,-0.0720,-0.0000,-18.0000
1788242136.3632,1.3850,1.3820,66.0000,0.0190,0.0030,5.0000,1.2940,1.3230,61.0000,-0.0720,-0.0000,-19.0000
1788242136.4121,1.3850,1.4070,65.0000,0.0190,0.0080,5.0000,1.2940,1.3080,62.0000,-0.0720,-0.0000,-19.0000
1788242136.4620,1.3850,1.3940,66.0000,0.0190,0.0200,4.0000,1.2940,1.3110,61.0000,-0.0720,-0.0090,-20.0000
1788242136.5120,1.3850,1.3930,66.0000,0.0190,0.0060,5.0000,1.2940,1.2820,63.0000,-0.0720,-0.0150,-20.0000
1788242136.5621,1.3850,1.4030,65.0000,0.0190,0.0000,5.0000,1.2940,1.3000,62.0000,-0.0720,-0.0440,-19.0000
1788242136.6123,1.3850,1.3830,66.0000,0.0190,0.0020,5.0000,1.2940,1.2960,62.0000,-0.0720,-0.0470,-20.0000
1788242136.6620,1.3850,1.3640,67.0000,0.0190,0.0010,6.0000,1.2940,1.3300,60.0000,-0.0720,-0.0490,-20.0000
1788242136.7122,1.3850,1.3570,67.0000,0.0190,0.0040,6.0000,1.2940,1.3080,61.0000,-0.0720,-0.0090,-23.0000
1788242136.7621,1.3850,1.3630,67.0000,0.0190,0.0110,6.0000,1.2940,1.3220,60.0000,-0.0720,-0.0620,-20.0000
1788242136.8119,0.7850,1.1410,27.0000,0.6190,0.4250,44.0000,0.6940,1.0800,20.0000,0.5280,0.1680,29.0000
1788242136.8619,0.6560,0.6910,36.0000,0.6560,0.7320,34.0000,0.6560,0.6520,35.0000,0.6560,0.6090,21.0000
1788242136.9120,0.8960,0.6350,56.0000,0.4160,0.7050,16.0000,0.4160,0.6360,13.0000,0.8960,0.6020,45.0000
1788242136.9618,0.9190,0.8310,49.0000,0.0000,0.1950,0.0000,0.0000,0.1670,0.0000,0.9190,0.8290,38.0000
1788242137.0120,0.9190,0.9270,45.0000,0.0000,0.1070,0.0000,0.0000,0.0120,0.0000,0.9190,0.8370,40.0000
1788242137.0622,0.9190,0.9230,46.0000,0.0000,0.1190,0.0000,0.0000,0.0010,0.0000,0.9190,0.8150,43.0000
1788242137.1121,0.9190,0.8570,50.0000,0.0000,0.0230,0.0000,0.0000,0.0000,0.0000,0.9190,0.8390,43.0000
1788242137.1620,0.9190,0.8540,50.0000,0.0000,0.0020,0.0000,0.0000,0.0000,0.0000,0.9190,0.8650,42.0000
1788242137.2120,0.9190,0.8760,50.0000,0.0000,0.0000,0.0000,0.0000,0.0120,0.0000,0.9190,0.8720,43.0000
1788242137.2619,0.9190,0.8830,50.0000,0.0000,-0.0020,0.0000,0.0000,0.0060,0.0000,0.9190,0.8480,45.0000
1788242137.3121,0.9190,0.9170,48.0000,0.0000,0.0030,0.0000,0.0000,0.0030,0.0000,0.9190,0.8270,47.0000
1788242137.3620,0.9190,0.9290,48.0000,0.0000,0.0000,0.0000,0.0000,0.0080,0.0000,0.9190,0.8790,45.0000
1788242137.4120,0.9190,0.9190,48.0000,0.0000,0.0000,0.0000,0.0000,0.0010,0.0000,0.9190,0.9120,44.0000
1788242137.4620,0.9190,0.9480,46.0000,0.0000,-0.0030,0.0000,0.0000,0.0000,0.0000,0.9190,0.9360,42.0000
1788242137.5120,0.9190,0.9400,46.0000,0.0000,0.0010,0.0000,0.0000,0.0000,0.0000,0.9190,0.9350,42.0000
1788242137.5620,0.9190,0.9390,46.0000,0.0000,0.0010,0.0000,0.0000,0.0000,0.0000,0.9190,0.9340,42.0000
1788242137.6135,0.9190,0.9360,46.0000,0.0000,-0.0010,0.0000,0.0000,0.0030,0.0000,0.9190,0.8530,47.0000
1788242137.6631,0.9190,0.9480,45.0000,0.0000,-0.0010,0.0000,0.0000,0.0240,0.0000,0.9190,0.8570,47.0000
1788242137.7130,0.9190,0.9060,47.0000,0.0000,0.0010,0.0000,0.0000,0.0540,0.0000,0.9190,0.8360,49.0000
1788242137.7629,0.9190,0.9040,47.0000,0.0000,0.0020,0.0000,0.0000,0.0090,0.0000,0.9190,0.8930,47.0000
1788242137.8129,0.9190,0.8570,50.0000,0.0000,0.0000,0.0000,0.0000,0.0010,0.0000,0.9190,0.9150,46.0000
1788242137.8630,0.9190,0.8800,49.0000,0.0000,0.0000,0.0000,0.0000,-0.0010,0.0000,0.9190,0.9250,45.0000
1788242137.9131,0.9190,0.8940,49.0000,0.0000,0.0000,0.0000,0.0000,-0.0000,0.0000,0.9190,0.9330,45.0000
1788242137.9634,0.9190,0.8570,52.0000,0.0000,0.0000,0.0000,0.0000,-0.0000,0.0000,0.9190,0.9550,44.0000
1788242138.0131,0.9190,0.8630,52.0000,0.0000,0.0000,0.0000,0.0000,-0.0000,0.0000,0.9190,0.9520,43.0000
1788242138.0631,0.9190,0.8860,51.0000,0.0000,0.0000,0.0000,0.0000,-0.0000,0.0000,0.9190,0.8760,48.0000
1788242138.1130,0.9190,0.8700,53.0000,0.0000,0.0000,0.0000,0.0000,0.0010,0.0000,0.9190,0.7950,52.0000
1788242138.1630,0.9190,0.8690,53.0000,0.0000,0.0010,0.0000,0.0000,0.0200,0.0000,0.9190,0.7800,54.0000
1788242138.2131,0.6790,0.9040,31.0000,0.2400,0.0190,28.0000,0.2400,0.1260,22.0000,0.6790,0.8520,31.0000
1788242138.2631,0.6560,0.7240,37.0000,0.6560,0.6060,34.0000,0.6560,0.5590,37.0000,0.6560,0.7320,34.0000
1788242138.3131,0.6560,0.6810,38.0000,0.6560,0.6660,35.0000,0.6560,0.6540,35.0000,0.6560,0.7130,34.0000
1788242138.3638,0.8960,0.7120,56.0000,0.4160,0.6590,15.0000,0.8960,0.6780,55.0000,0.4160,0.7010,13.0000
1788242138.4139,1.3850,1.2040,73.0000,0.0190,0.1710,-4.0000,1.2940,1.2540,61.0000,-0.0720,0.1390,-11.0000
1788242138.4631,1.3850,1.4760,62.0000,0.0190,0.0550,-2.0000,1.2940,1.3070,62.0000,-0.0720,-0.0220,-8.0000
1788242138.5138,1.3850,1.4410,65.0000,0.0190,0.0690,-4.0000,1.2940,1.3460,60.0000,-0.0720,-0.0300,-9.0000
1788242138.5641,1.3850,1.3790,68.0000,0.0190,0.0100,-1.0000,1.2940,1.3160,62.0000,-0.0720,-0.0330,-10.0000
1788242138.6144,1.3850,1.3630,69.0000,0.0190,-0.0010,-1.0000,1.2940,1.3370,60.0000,-0.0720,-0.0300,-11.0000
1788242138.6643,1.3850,1.4150,66.0000,0.0190,-0.0000,-1.0000,1.2940,1.3070,61.0000,-0.0720,-0.0450,-10.0000
1788242138.7133,1.3850,1.4070,67.0000,0.0190,0.0000,-1.0000,1.2940,1.3260,60.0000,-0.0720,-0.0230,-12.0000
1788242138.7632,1.3850,1.3920,67.0000,0.0190,-0.0010,0.0000,1.2940,1.3050,61.0000,-0.0720,0.0070,-14.0000
1788242138.8134,1.3850,1.3920,67.0000,0.0190,-0.0100,0.0000,1.2940,1.3170,60.0000,-0.0720,0.0010,-15.0000
1788242138.8632,1.3850,1.3770,68.0000,0.0190,-0.0010,0.0000,1.2940,1.2720,63.0000,-0.0720,-0.0000,-16.0000
1788242138.9132,1.3850,1.4020,66.0000,0.0190,0.0070,0.0000,1.2940,1.3040,61.0000,-0.0720,-0.0280,-15.0000
1788242138.9631,1.3850,1.4090,66.0000,0.0190,0.0010,0.0000,1.2940,1.2950,61.0000,-0.0720,-0.0540,-14.0000
1788242139.0136,1.3850,1.4000,66.0000,0.0190,0.0000,1.0000,1.2940,1.2870,62.0000,-0.0720,-0.0260,-16.0000
1788242139.0631,1.3850,1.3880,66.0000,0.0190,0.0000,1.0000,1.2940,1.2830,62.0000,-0.0720,-0.0210,-17.0000
1788242139.1140,1.3850,1.4160,65.0000,0.0190,0.0000,1.0000,1.2940,1.2980,61.0000,-0.0720,-0.0240,-17.0000
1788242139.1632,1.3850,1.3930,66.0000,0.0190,0.0000,1.0000,1.2940,1.2830,62.0000,-0.0720,-0.0480,-16.0000
1788242139.2134,1.3850,1.3960,65.0000,0.0190,0.0000,2.0000,1.2940,1.2950,61.0000,-0.0720,-0.0460,-17.0000
1788242139.2633,1.3850,1.3910,66.0000,0.0190,0.0000,2.0000,1.2940,1.2790,62.0000,-0.0720,-0.0840,-15.0000
1788242139.3132,1.3850,1.3600,67.0000,0.0190,0.0000,2.0000,1.2940,1.2770,63.0000,-0.0720,-0.0730,-16.0000
1788242139.3632,1.3850,1.3850,66.0000,0.0190,-0.0000,2.0000,1.2940,1.2650,64.0000,-0.0720,-0.0610,-16.0000
1788242139.4133,1.3850,1.3680,67.0000,0.0190,-0.0000,3.0000,1.2940,1.2580,64.0000,-0.0720,-0.0660,-16.0000
1788242139.4631,1.3850,1.3530,68.0000,0.0190,0.0020,3.0000,1.2940,1.2750,64.0000,-0.0720,-0.0650,-16.0000
1788242139.5132,1.3850,1.3850,67.0000,0.0190,0.0020,3.0000,1.2940,1.2710,64.0000,-0.0720,-0.0730,-16.0000
1788242139.5631,1.3850,1.4170,65.0000,0.0190,0.0000,3.0000,1.2940,1.3070,62.0000,-0.0720,-0.0560,-17.0000
1788242139.6133,1.3850,1.3930,66.0000,0.0190,0.0000,3.0000,1.2940,1.2880,63.0000,-0.0720,-0.0700,-16.0000
1788242139.6632,1.3850,1.4090,65.0000,0.0190,0.0000,4.0000,1.2940,1.3370,61.0000,-0.0720,-0.0840,-16.0000
1788242139.7131,1.3850,1.3970,65.0000,0.0190,0.0000,4.0000,1.2940,1.2910,63.0000,-0.0720,-0.0560,-17.0000
1788242139.7631,1.3850,1.3950,65.0000,0.0190,0.0000,4.0000,1.2940,1.2670,64.0000,-0.0720,-0.0850,-15.0000
1788242139.8132,1.3850,1.3530,68.0000,0.0190,0.0070,4.0000,1.2940,1.2480,66.0000,-0.0720,-0.1170,-13.0000
1788242139.8631,1.3850,1.4040,65.0000,0.0190,0.0010,5.0000,1.2940,1.2900,64.0000,-0.0720,-0.0940,-15.0000
1788242139.9132,1.2650,1.3840,56.0000,0.1390,0.0010,20.0000,1.1740,1.2920,53.0000,0.0480,-0.0820,-4.0000
1788242139.9631,0.6650,1.0050,23.0000,0.6560,0.5500,39.0000,0.6560,0.9730,24.0000,0.6480,0.3070,37.0000
1788242140.0132,0.6560,0.6680,36.0000,0.6560,0.7110,35.0000,0.6560,0.6830,35.0000,0.6560,0.6670,23.0000
1788242140.0637,0.6560,0.6690,33.0000,0.6560,0.7180,35.0000,0.6560,0.6730,33.0000,0.6560,0.6420,27.0000
1788242140.1133,0.9190,0.8870,44.0000,0.0560,0.4250,-10.0000,0.0560,0.4320,-15.0000,0.9190,0.8460,40.0000
1788242140.1631,0.9190,0.9340,43.0000,0.0000,0.0450,0.0000,0.0000,0.0380,0.0000,0.9190,0.8330,43.0000
1788242140.2132,0.9190,0.9300,44.0000,0.0000,0.0100,0.0000,0.0000,0.0030,0.0000,0.9190,0.8590,43.0000
1788242140.2631,0.9190,0.8570,48.0000,0.0000,-0.0180,0.0000,0.0000,0.0000,0.0000,0.9190,0.8820,42.0000
1788242140.3132,0.9190,0.8520,49.0000,0.0000,-0.0020,0.0000,0.0000,0.0000,0.0000,0.9190,0.8730,43.0000
1788242140.3631,0.9190,0.8510,49.0000,0.0000,-0.0000,0.0000,0.0000,-0.0010,0.0000,0.9190,0.8260,47.0000
1788242140.4131,0.9190,0.8560,50.0000,0.0000,-0.0000,0.0000,0.0000,0.0170,0.0000,0.9190,0.8050,49.0000
1788242140.4633,0.9190,0.8990,48.0000,0.0000,0.0030,0.0000,0.0000,0.0620,0.0000,0.9190,0.9000,45.0000
1788242140.5132,0.9190,0.9140,48.0000,0.0000,0.0020,0.0000,0.0000,0.0670,0.0000,0.9190,0.9240,44.0000
1788242140.5631,0.9190,0.8920,49.0000,0.0000,-0.0000,0.0000,0.0000,0.0340,0.0000,0.9190,0.9080,45.0000
1788242140.6133,0.9190,0.8980,49.0000,0.0000,-0.0000,0.0000,0.0000,0.0110,0.0000,0.9190,0.9160,45.0000
1788242140.6631,0.9190,0.8860,50.0000,0.0000,-0.0000,0.0000,0.0000,0.0020,0.0000,0.9190,0.9020,46.0000
1788242140.7131,0.9190,0.9240,48.0000,0.0000,-0.0000,0.0000,0.0000,0.0000,0.0000,0.9190,0.9120,45.0000
1788242140.7631,0.9190,0.9250,48.0000,0.0000,-0.0020,0.0000,0.0000,0.0030,0.0000,0.9190,0.8770,47.0000
1788242140.8131,0.9190,0.9170,49.0000,0.0000,-0.0020,0.0000,0.0000,0.0110,0.0000,0.9190,0.8620,49.0000
1788242140.8631,0.9190,0.9220,49.0000,0.0000,-0.0000,0.0000,0.0000,0.0140,0.0000,0.9190,0.8690,49.0000
1788242140.9131,0.9190,0.9070,49.0000,0.0000,-0.0000,0.0000,0.0000,0.0040,0.0000,0.9190,0.8950,48.0000
1788242140.9631,0.9190,0.9240,48.0000,0.0000,-0.0000,0.0000,0.0000,0.0030,0.0000,0.9190,0.9370,46.0000
1788242141.0132,0.9190,0.9380,48.0000,0.0000,-0.0000,0.0000,0.0000,0.0020,0.0000,0.9190,0.9420,46.0000
1788242141.0631,0.9190,0.9260,48.0000,0.0000,0.0010,0.0000,0.0000,0.0030,0.0000,0.9190,0.9370,46.0000
1788242141.1132,0.9190,0.9000,50.0000,0.0000,0.0000,0.0000,0.0000,0.0000,0.0000,0.9190,0.9130,47.0000
1788242141.1632,0.9190,0.9050,49.0000,0.0000,0.0000,0.0000,0.0000,0.0020,0.0000,0.9190,0.9240,46.0000
1788242141.2132,0.9190,0.9150,49.0000,0.0000,-0.0010,0.0000,0.0000,0.0000,0.0000,0.9190,0.9000,48.0000
1788242141.2631,0.9190,0.9010,50.0000,0.0000,-0.0000,0.0000,0.0000,0.0110,0.0000,0.9190,0.8640,50.0000
1788242141.3131,0.9190,0.9030,50.0000,0.0000,-0.0000,0.0000,0.0000,0.0310,0.0000,0.9190,0.8950,49.0000
1788242141.3631,0.9190,0.9150,49.0000,0.0000,0.0000,0.0000,0.0000,0.0310,0.0000,0.9190,0.9100,48.0000
1788242141.4133,0.9190,0.9160,49.0000,0.0000,0.0000,0.0000,0.0000,0.0020,0.0000,0.9190,0.9340,47.0000
1788242141.4631,0.9190,0.9160,50.0000,0.0000,0.0000,0.0000,0.0000,0.0000,0.0000,0.9190,0.9490,46.0000
1788242141.5132,0.9190,0.9170,50.0000,0.0000,0.0000,0.0000,0.0000,0.0000,0.0000,0.9190,0.9530,46.0000
1788242141.5631,0.9190,0.9160,50.0000,0.0000,-0.0000,0.0000,0.0000,0.0000,0.0000,0.9190,0.8800,50.0000
1788242141.6136,0.9190,0.8990,51.0000,0.0000,-0.0000,0.0000,0.0000,0.0000,0.0000,0.9190,0.9060,48.0000
1788242141.6630,0.9190,0.9190,50.0000,0.0000,0.0000,0.0000,0.0000,0.0000,0.0000,0.9190,0.9400,47.0000
1788242141.7132,0.9190,0.9370,49.0000,0.0000,0.0000,0.0000,0.0000,0.0000,0.0000,0.9190,0.9360,47.0000
1788242141.7633,0.9190,0.9840,46.0000,0.0000,-0.0010,0.0000,0.0000,-0.0010,0.0000,0.9190,0.9740,44.0000
1788242141.8130,0.9190,0.9420,48.0000,0.0000,-0.0000,0.0000,0.0000,0.0040,0.0000,0.9190,0.9110,48.0000
1788242141.8630,0.9190,0.8830,51.0000,0.0000,-0.0000,0.0000,0.0000,0.0000,0.0000,0.9190,0.8820,49.0000
1788242141.9132,0.9190,0.8950,50.0000,0.0000,-0.0000,0.0000,0.0000,0.0000,0.0000,0.9190,0.9230,47.0000
1788242141.9631,0.9190,0.8950,50.0000,0.0000,0.0030,0.0000,0.0000,0.0000,0.0000,0.9190,0.9350,46.0000
1788242142.0132,0.9190,0.8950,51.0000,0.0000,0.0000,0.0000,0.0000,0.0000,0.0000,0.9190,0.9310,46.0000
1788242142.0630,0.9190,0.9020,51.0000,0.0000,0.0000,0.0000,0.0000,0.0000,0.0000,0.9190,0.9280,46.0000
1788242142.1132,0.9190,0.9220,50.0000,0.0000,0.0000,0.0000,0.0000,0.0000,0.0000,0.9190,0.9230,47.0000
1788242142.1632,0.9190,0.9130,50.0000,0.0000,-0.0010,0.0000,0.0000,0.0000,0.0000,0.9190,0.8940,48.0000
1788242142.2138,0.9190,0.9240,50.0000,0.0000,-0.0010,0.0000,0.0000,0.0000,0.0000,0.9190,0.9000,48.0000
1788242142.2631,0.9190,0.9240,50.0000,0.0000,-0.0000,0.0000,0.0000,0.0010,0.0000,0.9190,0.8910,49.0000
1788242142.3130,0.9190,0.9140,50.0000,0.0000,-0.0000,0.0000,0.0000,0.0000,0.0000,0.9190,0.9140,48.0000
1788242142.3630,0.9190,0.9290,49.0000,0.0000,-0.0000,0.0000,0.0000,0.0000,0.0000,0.9190,0.9560,45.0000
1788242142.4131,0.9190,0.9420,48.0000,0.0000,-0.0000,0.0000,0.0000,0.0000,0.0000,0.9190,0.9370,46.0000
1788242142.4631,0.9190,0.9460,48.0000,0.0000,0.0040,0.0000,0.0000,0.0000,0.0000,0.9190,0.9420,46.0000
1788242142.5142,0.9190,0.9340,48.0000,0.0000,0.0000,0.0000,0.0000,0.0000,0.0000,0.9190,0.9340,46.0000
1788242142.5632,0.9190,0.8980,50.0000,0.0000,0.0000,0.0000,0.0000,0.0000,0.0000,0.9190,0.9170,47.0000
1788242142.6133,0.9190,0.9330,48.0000,0.0000,-0.0020,0.0000,0.0000,0.0000,0.0000,0.9190,0.8920,48.0000
1788242142.6631,0.9190,0.9260,48.0000,0.0000,-0.0000,0.0000,0.0000,0.0000,0.0000,0.9190,0.8820,49.0000
1788242142.7131,0.9190,0.9090,49.0000,0.0000,-0.0000,0.0000,0.0000,0.0000,0.0000,0.9190,0.8830,49.0000
1788242142.7631,0.9190,0.9120,49.0000,0.0000,-0.0000,0.0000,0.0000,0.0000,0.0000,0.9190,0.9050,48.0000
1788242142.8131,0.9190,0.9200,49.0000,0.0000,-0.0000,0.0000,0.0000,0.0000,0.0000,0.9190,0.9580,46.0000
1788242142.8631,0.6790,0.9100,29.0000,0.2400,0.0090,28.0000,0.2400,0.0110,28.0000,0.6790,0.9380,26.0000
1788242142.9132,0.6560,0.7120,35.0000,0.6560,0.5900,35.0000,0.6560,0.5860,35.0000,0.6560,0.6830,35.0000
1788242142.9631,0.6560,0.6840,35.0000,0.6560,0.6300,37.0000,0.6560,0.6630,35.0000,0.6560,0.6710,34.0000
1788242143.0132,0.7760,0.6640,46.0000,0.5360,0.6850,25.0000,0.7760,0.6660,46.0000,0.5360,0.6470,25.0000
1788242143.0632,1.3760,1.0540,78.0000,0.0190,0.2550,-7.0000,1.2940,1.1230,68.0000,-0.0640,0.3020,-19.0000
1788242143.1133,1.3850,1.4410,62.0000,0.0190,0.0160,2.0000,1.2940,1.3290,60.0000,-0.0720,-0.0310,-7.0000
1788242143.1633,1.3850,1.4550,63.0000,0.0190,0.0010,1.0000,1.2940,1.3150,62.0000,-0.0720,-0.0390,-9.0000
1788242143.2132,1.3850,1.4670,62.0000,0.0190,0.0000,1.0000,1.2940,1.3240,62.0000,-0.0720,-0.0440,-9.0000
1788242143.2631,1.3850,1.3370,69.0000,0.0190,0.0000,1.0000,1.2940,1.3250,61.0000,-0.0720,-0.0630,-9.0000
1788242143.3133,1.3850,1.3880,66.0000,0.0190,-0.0000,2.0000,1.2940,1.3390,60.0000,-0.0720,-0.0740,-8.0000
1788242143.3632,1.3850,1.4260,64.0000,0.0190,-0.0000,2.0000,1.2940,1.2530,65.0000,-0.0720,-0.0660,-9.0000
1788242143.4132,1.3850,1.4620,61.0000,0.0190,-0.0050,2.0000,1.2940,1.2460,65.0000,-0.0720,-0.0080,-12.0000
1788242143.4632,1.3850,1.4460,61.0000,0.0190,-0.0090,3.0000,1.2940,1.2770,64.0000,-0.0720,-0.0350,-11.0000
1788242143.5134,1.3850,1.4180,62.0000,0.0190,-0.0010,3.0000,1.2940,1.2990,63.0000,-0.0720,-0.0650,-10.0000
1788242143.5632,1.3850,1.3940,63.0000,0.0190,-0.0000,3.0000,1.2940,1.3180,62.0000,-0.0720,-0.0840,-9.0000
1788242143.6135,1.3850,1.4170,62.0000,0.0190,-0.0000,3.0000,1.2940,1.3190,62.0000,-0.0720,-0.0840,-9.0000
1788242143.6632,1.3850,1.3750,64.0000,0.0190,-0.0000,3.0000,1.2940,1.2790,64.0000,-0.0720,-0.0430,-11.0000
1788242143.7144,1.3850,1.3840,63.0000,0.0190,0.0020,3.0000,1.2940,1.3010,62.0000,-0.0720,-0.0490,-11.0000
1788242143.7632,1.3850,1.3960,62.0000,0.0190,0.0000,4.0000,1.2940,1.2720,64.0000,-0.0720,-0.0810,-10.0000
1788242143.8132,1.3850,1.3780,63.0000,0.0190,0.0000,4.0000,1.2940,1.3140,62.0000,-0.0720,-0.0950,-9.0000
1788242143.8632,1.3850,1.3620,64.0000,0.0190,0.0000,4.0000,1.2940,1.3020,62.0000,-0.0720,-0.0840,-9.0000
1788242143.9145,1.3850,1.3910,63.0000,0.0190,0.0000,5.0000,1.2940,1.3420,60.0000,-0.0720,-0.0760,-10.0000
1788242143.9632,1.3850,1.3640,64.0000,0.0190,0.0000,5.0000,1.2940,1.2810,63.0000,-0.0720,-0.0660,-10.0000
1788242144.0133,1.3850,1.3790,64.0000,0.0190,0.0000,5.0000,1.2940,1.2520,65.0000,-0.0720,-0.0740,-9.0000
1788242144.0632,1.3850,1.4240,61.0000,0.0190,0.0000,5.0000,1.2940,1.2830,63.0000,-0.0720,-0.0490,-11.0000
1788242144.1147,0.9050,1.2620,28.0000,0.4990,0.2120,44.0000,0.8140,1.1570,28.0000,0.4080,0.0980,32.0000
1788242144.1632,0.6560,0.6860,34.0000,0.6560,0.6920,35.0000,0.6560,0.7020,35.0000,0.6560,0.6410,28.0000
1788242144.2144,0.6560,0.6920,30.0000,0.6560,0.6880,37.0000,0.6560,0.6220,37.0000,0.6560,0.6110,33.0000
1788242144.2632,0.6560,0.6510,31.0000,0.6560,0.7020,37.0000,0.6560,0.6370,35.0000,0.6560,0.6350,33.0000
1788242144.3140,0.6560,0.6520,30.0000,0.6560,0.6950,37.0000,0.6560,0.6540,34.0000,0.6560,0.6420,33.0000
1788242144.3640,0.6560,0.6510,30.0000,0.6560,0.6990,36.0000,0.6560,0.6710,33.0000,0.6560,0.6710,31.0000
1788242144.4140,0.6560,0.6590,30.0000,0.6560,0.7070,35.0000,0.6560,0.6540,34.0000,0.6560,0.6490,33.0000
1788242144.4639,0.6560,0.6480,31.0000,0.6560,0.7150,34.0000,0.6560,0.6690,33.0000,0.6560,0.6720,31.0000
1788242144.5132,0.6560,0.6670,30.0000,0.6560,0.6930,35.0000,0.6560,0.6650,34.0000,0.6560,0.7050,29.0000
1788242144.5640,0.6560,0.6610,30.0000,0.6560,0.6930,34.0000,0.6560,0.6720,33.0000,0.6560,0.7350,27.0000
1788242144.6145,0.6560,0.6770,29.0000,0.6560,0.6810,34.0000,0.6560,0.6670,33.0000,0.6560,0.6890,29.0000
1788242144.6633,0.6560,0.6540,30.0000,0.6560,0.6900,33.0000,0.6560,0.6660,33.0000,0.6560,0.6490,31.0000
1788242144.7133,0.9190,0.8370,43.0000,0.1760,0.4970,0.0000,0.1760,0.5240,-3.0000,0.9190,0.8180,44.0000
1788242144.7632,0.9190,0.8830,43.0000,0.0000,0.0630,0.0000,0.0000,0.0540,0.0000,0.9190,0.8960,42.0000
1788242144.8132,0.9190,0.8290,46.0000,0.0000,0.0060,0.0000,0.0000,0.0040,0.0000,0.9190,0.8990,43.0000
1788242144.8632,0.9190,0.8430,47.0000,0.0000,0.0000,0.0000,0.0000,0.0000,0.0000,0.9190,0.9100,43.0000
1788242144.9133,0.9190,0.8700,46.0000,0.0000,0.0000,0.0000,0.0000,0.0000,0.0000,0.9190,0.9040,43.0000
1788242144.9632,0.9190,0.8580,47.0000,0.0000,0.0000,0.0000,0.0000,0.0500,0.0000,0.9190,0.7680,52.0000
1788242145.0133,0.9190,0.9030,45.0000,0.0000,0.0020,0.0000,0.0000,0.1180,0.0000,0.9190,0.8770,46.0000
1788242145.0632,0.9190,0.9530,43.0000,0.0000,0.0250,0.0000,0.0000,0.0970,0.0000,0.9190,0.9160,45.0000
1788242145.1133,0.9190,0.9530,43.0000,0.0000,0.0020,0.0000,0.0000,0.0630,0.0000,0.9190,0.8970,46.0000
1788242145.1633,0.9190,0.9360,43.0000,0.0000,0.0000,0.0000,0.0000,0.0420,0.0000,0.9190,0.9180,45.0000
1788242145.2132,0.9190,0.9130,44.0000,0.0000,0.0010,0.0000,0.0000,0.0120,0.0000,0.9190,0.9200,45.0000
1788242145.2632,0.9190,0.8960,46.0000,0.0000,0.0000,0.0000,0.0000,0.0010,0.0000,0.9190,0.9150,46.0000
1788242145.3132,0.9190,0.9030,45.0000,0.0000,0.0000,0.0000,0.0000,0.0000,0.0000,0.9190,0.9030,46.0000
1788242145.3634,0.9190,0.9100,45.0000,0.0000,0.0000,0.0000,0.0000,0.0000,0.0000,0.9190,0.8500,50.0000
1788242145.4133,0.9190,0.9240,44.0000,0.0000,0.0000,0.0000,0.0000,0.0050,0.0000,0.9190,0.8580,50.0000
1788242145.4632,0.9190,0.9180,45.0000,0.0000,0.0000,0.0000,0.0000,0.0000,0.0000,0.9190,0.8970,48.0000
1788242145.5133,0.9190,0.9240,45.0000,0.0000,0.0000,0.0000,0.0000,0.0000,0.0000,0.9190,0.9350,46.0000
1788242145.5632,0.9190,0.9530,43.0000,0.0000,-0.0010,0.0000,0.0000,0.0000,0.0000,0.9190,0.9300,47.0000
1788242145.6134,0.9190,0.9660,42.0000,0.0000,-0.0000,0.0000,0.0000,0.0010,0.0000,0.9190,0.9530,45.0000
1788242145.6632,0.9190,0.9140,45.0000,0.0000,0.0050,0.0000,0.0000,0.0000,0.0000,0.9190,0.9670,44.0000
1788242145.7134,0.9190,0.8570,48.0000,0.0000,0.0150,0.0000,0.0000,0.0050,0.0000,0.9190,0.8680,49.0000
1788242145.7638,0.9190,0.8870,47.0000,0.0000,0.0030,0.0000,0.0000,0.0000,0.0000,0.9190,0.9070,47.0000
1788242145.8132,0.9190,0.9450,44.0000,0.0000,0.0000,0.0000,0.0000,0.0000,0.0000,0.9190,0.9110,47.0000
1788242145.8633,0.9190,0.9630,43.0000,0.0000,-0.0010,0.0000,0.0000,0.0000,0.0000,0.9190,0.9240,47.0000
1788242145.9132,0.9190,0.9520,43.0000,0.0000,-0.0000,0.0000,0.0000,0.0000,0.0000,0.9190,0.9200,47.0000
1788242145.9632,0.9190,0.8690,47.0000,0.0000,0.0110,0.0000,0.0000,0.0060,0.0000,0.9190,0.8970,48.0000
1788242146.0133,0.9190,0.8830,47.0000,0.0000,-0.0020,0.0000,0.0000,0.0020,0.0000,0.9190,0.9070,48.0000
1788242146.0631,0.9190,0.9020,46.0000,0.0000,0.0040,0.0000,0.0000,0.0000,0.0000,0.9190,0.9410,46.0000
1788242146.1134,0.9190,0.9190,45.0000,0.0000,-0.0000,0.0000,0.0000,0.0000,0.0000,0.9190,0.9350,46.0000
1788242146.1632,0.9190,0.9280,45.0000,0.0000,-0.0000,0.0000,0.0000,0.0000,0.0000,0.9190,0.9210,47.0000
1788242146.2133,0.9190,0.9350,44.0000,0.0000,-0.0000,0.0000,0.0000,0.0000,0.0000,0.9190,0.9380,46.0000
1788242146.2632,0.9190,0.9080,46.0000,0.0000,0.0010,0.0000,0.0000,0.0000,0.0000,0.9190,0.8910,48.0000
1788242146.3145,0.9190,0.8920,47.0000,0.0000,0.0050,0.0000,0.0000,0.0000,0.0000,0.9190,0.8580,51.0000
1788242146.3632,0.9190,0.8490,50.0000,0.0000,0.0020,0.0000,0.0000,0.0000,0.0000,0.9190,0.8570,51.0000
1788242146.4133,0.9190,0.8840,48.0000,0.0000,0.0000,0.0000,0.0000,0.0000,0.0000,0.9190,0.8970,49.0000
1788242146.4632,0.9190,0.8940,48.0000,0.0000,0.0000,0.0000,0.0000,0.0000,0.0000,0.9190,0.9260,48.0000
1788242146.5134,0.9190,0.8990,48.0000,0.0000,0.0000,0.0000,0.0000,0.0000,0.0000,0.9190,0.9530,47.0000
1788242146.5632,0.9190,0.8950,48.0000,0.0000,0.0000,0.0000,0.0000,0.0000,0.0000,0.9190,0.9370,47.0000
1788242146.6134,0.9190,0.9170,47.0000,0.0000,0.0010,0.0000,0.0000,0.0000,0.0000,0.9190,0.9530,46.0000
1788242146.6631,0.9190,0.9490,46.0000,0.0000,0.0000,0.0000,0.0000,0.0000,0.0000,0.9190,0.9620,45.0000
1788242146.7134,0.9190,0.9410,46.0000,0.0000,0.0000,0.0000,0.0000,0.0000,0.0000,0.9190,0.8930,49.0000
1788242146.7632,0.9190,0.8760,49.0000,0.0000,0.0000,0.0000,0.0000,0.0000,0.0000,0.9190,0.8710,50.0000
1788242146.8132,0.9190,0.8620,50.0000,0.0000,0.0000,0.0000,0.0000,0.0000,0.0000,0.9190,0.8810,50.0000
1788242146.8631,0.9190,0.8990,49.0000,0.0000,0.0000,0.0000,0.0000,0.0000,0.0000,0.9190,0.8990,50.0000
1788242146.9134,0.9190,0.8910,50.0000,0.0000,0.0000,0.0000,0.0000,0.0000,0.0000,0.9190,0.9350,48.0000
1788242146.9632,0.9190,0.8960,50.0000,0.0000,0.0000,0.0000,0.0000,0.0000,0.0000,0.9190,0.9370,48.0000
1788242147.0133,0.9190,0.9190,48.0000,0.0000,0.0000,0.0000,0.0000,0.0000,0.0000,0.9190,0.9230,48.0000
1788242147.0631,0.9190,0.9280,48.0000,0.0000,0.0000,0.0000,0.0000,0.0000,0.0000,0.9190,0.9330,47.0000
1788242147.1133,0.9190,0.9290,48.0000,0.0000,0.0000,0.0000,0.0000,0.0000,0.0000,0.9190,0.9480,46.0000
1788242147.1633,0.9190,0.9390,47.0000,0.0000,0.0000,0.0000,0.0000,0.0000,0.0000,0.9190,0.9010,49.0000
1788242147.2132,0.9190,0.9140,48.0000,0.0000,0.0000,0.0000,0.0000,0.0000,0.0000,0.9190,0.8670,51.0000
1788242147.2633,0.9190,0.8870,50.0000,0.0000,0.0000,0.0000,0.0000,0.0000,0.0000,0.9190,0.8950,50.0000
1788242147.3134,0.9190,0.9090,49.0000,0.0000,0.0000,0.0000,0.0000,0.0000,0.0000,0.9190,0.9070,50.0000
1788242147.3632,0.9190,0.9280,48.0000,0.0000,0.0000,0.0000,0.0000,0.0000,0.0000,0.9190,0.9470,47.0000
1788242147.4133,0.9190,0.9440,47.0000,0.0000,0.0000,0.0000,0.0000,0.0000,0.0000,0.9190,0.9790,45.0000
1788242147.4635,0.6560,0.8670,28.0000,-0.3600,-0.0530,-37.0000,-0.3600,-0.0450,-37.0000,0.6560,0.9050,26.0000
1788242147.5135,0.6560,0.6900,35.0000,-0.6560,-0.4870,-43.0000,-0.6560,-0.4980,-42.0000,0.6560,0.6890,35.0000
1788242147.5634,0.6560,0.6720,35.0000,-0.6560,-0.5740,-42.0000,-0.6560,-0.5820,-42.0000,0.6560,0.6890,34.0000
1788242147.6136,0.6560,0.6380,37.0000,-0.6560,-0.6540,-39.0000,-0.6560,-0.6460,-40.0000,0.6560,0.6180,37.0000
1788242147.6634,0.6560,0.6280,37.0000,-0.6560,-0.6240,-42.0000,-0.6560,-0.6560,-40.0000,0.6560,0.6540,35.0000
1788242147.7135,0.6560,0.6220,38.0000,-0.6560,-0.5600,-46.0000,-0.6560,-0.6340,-41.0000,0.6560,0.6300,37.0000
1788242147.7633,0.6560,0.5990,40.0000,-0.6560,-0.5930,-45.0000,-0.6560,-0.6330,-42.0000,0.6560,0.6080,38.0000
1788242147.8133,0.6560,0.6040,40.0000,-0.6560,-0.6010,-46.0000,-0.6560,-0.5960,-44.0000,0.6560,0.6290,37.0000
1788242147.8635,0.6560,0.6150,40.0000,-0.6560,-0.6000,-46.0000,-0.6560,-0.6300,-43.0000,0.6560,0.6270,38.0000
1788242147.9135,0.6560,0.6230,40.0000,-0.6560,-0.6530,-44.0000,-0.6560,-0.6430,-42.0000,0.6560,0.6400,38.0000
1788242147.9634,0.6560,0.6420,39.0000,-0.6560,-0.6630,-44.0000,-0.6560,-0.6550,-42.0000,0.6560,0.6440,38.0000
1788242148.0135,0.6560,0.6480,39.0000,-0.6560,-0.6900,-42.0000,-0.6560,-0.6430,-43.0000,0.6560,0.6550,37.0000
1788242148.0635,0.6560,0.6730,38.0000,-0.6560,-0.6810,-42.0000,-0.6560,-0.6460,-43.0000,0.6560,0.6370,38.0000
1788242148.1134,0.6560,0.6770,38.0000,-0.6560,-0.6910,-41.0000,-0.6560,-0.6600,-42.0000,0.6560,0.6690,37.0000
1788242148.1633,0.6560,0.6570,39.0000,-0.6560,-0.7070,-40.0000,-0.6560,-0.6600,-42.0000,0.6560,0.6810,36.0000
1788242148.2136,0.6560,0.6580,38.0000,-0.6560,-0.6800,-41.0000,-0.6560,-0.6520,-42.0000,0.6560,0.6930,35.0000
1788242148.2634,0.6560,0.6620,38.0000,-0.6560,-0.6540,-42.0000,-0.6560,-0.6800,-41.0000,0.6560,0.6460,37.0000
1788242148.3134,0.6560,0.6580,38.0000,-0.6560,-0.6620,-42.0000,-0.6560,-0.6620,-42.0000,0.6560,0.6410,38.0000
1788242148.3634,0.6560,0.6530,39.0000,-0.6560,-0.6470,-42.0000,-0.6560,-0.6670,-41.0000,0.6560,0.6390,38.0000
1788242148.4135,0.6560,0.6350,40.0000,-0.6560,-0.6500,-42.0000,-0.6560,-0.6360,-43.0000,0.6560,0.6510,37.0000
1788242148.4634,0.6560,0.6340,40.0000,-0.6560,-0.6340,-43.0000,-0.6560,-0.6350,-43.0000,0.6560,0.6120,40.0000
1788242148.5135,0.6560,0.6440,39.0000,-0.6560,-0.6410,-43.0000,-0.6560,-0.6460,-42.0000,0.6560,0.6320,39.0000
1788242148.5645,0.6560,0.6530,39.0000,-0.6560,-0.6650,-42.0000,-0.6560,-0.6620,-42.0000,0.6560,0.6530,38.0000
1788242148.6136,0.4160,0.6440,19.0000,-0.4160,-0.6650,-21.0000,-0.8960,-0.6800,-62.0000,0.8960,0.7040,56.0000
1788242148.6634,-0.0720,0.1360,-7.0000,-0.0190,-0.1750,-3.0000,-1.2940,-1.2380,-68.0000,1.3850,1.2480,71.0000
1788242148.7136,-0.0720,-0.0610,-1.0000,-0.0190,-0.0100,-7.0000,-1.2940,-1.3230,-67.0000,1.3850,1.4610,64.0000
1788242148.7644,-0.0720,-0.0170,-5.0000,-0.0190,-0.0010,-7.0000,-1.2940,-1.3390,-67.0000,1.3850,1.4330,66.0000
1788242148.8133,-0.0720,-0.0250,-6.0000,-0.0190,-0.0010,-7.0000,-1.2940,-1.3190,-68.0000,1.3850,1.4050,67.0000
1788242148.8635,-0.0720,-0.0450,-5.0000,-0.0190,-0.0010,-7.0000,-1.2940,-1.3260,-67.0000,1.3850,1.3620,69.0000
1788242148.9136,-0.0720,-0.0290,-7.0000,-0.0190,0.0030,-7.0000,-1.2940,-1.3110,-67.0000,1.3850,1.3980,67.0000
1788242148.9635,-0.0720,-0.0300,-7.0000,-0.0190,0.0090,-8.0000,-1.2940,-1.3040,-68.0000,1.3850,1.3920,68.0000
1788242149.0135,-0.0720,-0.0600,-6.0000,-0.0190,-0.0000,-8.0000,-1.2940,-1.3190,-66.0000,1.3850,1.4500,64.0000
1788242149.0634,-0.0720,-0.0390,-7.0000,-0.0190,-0.0000,-8.0000,-1.2940,-1.3500,-64.0000,1.3850,1.4220,65.0000
1788242149.1136,-0.0720,-0.0520,-7.0000,-0.0190,-0.0010,-8.0000,-1.2940,-1.3100,-66.0000,1.3850,1.3920,67.0000
1788242149.1634,-0.0720,-0.0530,-7.0000,-0.0190,-0.0000,-8.0000,-1.2940,-1.3200,-65.0000,1.3850,1.3370,70.0000
1788242149.2136,-0.0720,-0.0370,-8.0000,-0.0190,-0.0000,-9.0000,-1.2940,-1.2970,-67.0000,1.3850,1.4190,65.0000
1788242149.2636,-0.0720,-0.0690,-7.0000,-0.0190,-0.0000,-9.0000,-1.2940,-1.3290,-64.0000,1.3850,1.3900,67.0000
1788242149.3135,-0.0720,-0.0340,-9.0000,-0.0190,-0.0000,-9.0000,-1.2940,-1.3460,-63.0000,1.3850,1.4400,64.0000
1788242149.3635,-0.0720,-0.0680,-7.0000,-0.0190,-0.0000,-9.0000,-1.2940,-1.3190,-64.0000,1.3850,1.3980,66.0000
1788242149.4135,-0.0720,-0.0390,-9.0000,-0.0190,-0.0000,-10.0000,-1.2940,-1.3360,-63.0000,1.3850,1.3110,71.0000
1788242149.4648,-0.0720,-0.0580,-8.0000,-0.0190,-0.0000,-10.0000,-1.2940,-1.3480,-62.0000,1.3850,1.2820,73.0000
1788242149.5136,-0.0720,-0.0250,-11.0000,-0.0190,-0.0000,-10.0000,-1.2940,-1.3500,-61.0000,1.3850,1.3660,69.0000
1788242149.5636,-0.0720,-0.0110,-12.0000,-0.0190,-0.0000,-10.0000,-1.2940,-1.2980,-63.0000,1.3850,1.4190,66.0000
1788242149.6137,-0.0720,-0.0340,-11.0000,-0.0190,0.0010,-11.0000,-1.2940,-1.2900,-63.0000,1.3850,1.4230,66.0000
1788242149.6635,-0.0720,-0.0480,-11.0000,-0.0190,0.0010,-11.0000,-1.2940,-1.2820,-64.0000,1.3850,1.4320,65.0000
1788242149.7136,-0.0720,-0.0670,-10.0000,-0.0190,-0.0010,-11.0000,-1.2940,-1.3250,-61.0000,1.3850,1.3420,70.0000
1788242149.7635,-0.0720,-0.0730,-10.0000,-0.0190,-0.0000,-11.0000,-1.2940,-1.2820,-64.0000,1.3850,1.2900,73.0000
1788242149.8134,-0.0720,-0.0830,-9.0000,-0.0190,-0.0000,-11.0000,-1.2940,-1.3100,-62.0000,1.3850,1.3830,68.0000
1788242149.8635,-0.0720,-0.0990,-8.0000,-0.0190,-0.0000,-12.0000,-1.2940,-1.2700,-64.0000,1.3850,1.4030,67.0000
1788242149.9137,-0.0720,-0.1090,-7.0000,-0.0190,-0.0000,-12.0000,-1.2940,-1.3330,-61.0000,1.3850,1.4540,64.0000
1788242149.9639,-0.0720,-0.0630,-10.0000,-0.0190,-0.0000,-12.0000,-1.2940,-1.3220,-61.0000,1.3850,1.4430,64.0000
1788242150.0138,-0.0720,-0.1080,-7.0000,-0.0190,-0.0000,-12.0000,-1.2940,-1.2910,-62.0000,1.3850,1.3430,70.0000
1788242150.0635,-0.0720,-0.0760,-9.0000,-0.0190,-0.0000,-13.0000,-1.2940,-1.2490,-65.0000,1.3850,1.3000,72.0000
1788242150.1137,-0.0720,-0.0450,-10.0000,-0.0190,-0.0000,-13.0000,-1.2940,-1.2770,-63.0000,1.3850,1.3880,67.0000
1788242150.1635,-0.0720,-0.0890,-8.0000,-0.0190,-0.0000,-13.0000,-1.2940,-1.2930,-63.0000,1.3850,1.4260,66.0000
1788242150.2139,-0.0720,-0.0910,-8.0000,-0.0190,-0.0000,-13.0000,-1.2940,-1.3310,-61.0000,1.3850,1.4310,65.0000
1788242150.2636,-0.0720,-0.0770,-8.0000,-0.0190,-0.0010,-14.0000,-1.2940,-1.3350,-60.0000,1.3850,1.4430,64.0000
1788242150.3137,-0.0720,-0.0790,-8.0000,-0.0190,-0.0000,-14.0000,-1.2940,-1.3300,-60.0000,1.3850,1.3150,71.0000
1788242150.3636,-0.0720,-0.0840,-8.0000,-0.0190,-0.0000,-14.0000,-1.2940,-1.2720,-63.0000,1.3850,1.3260,70.0000
1788242150.4136,-0.0720,-0.0670,-9.0000,-0.0190,-0.0000,-14.0000,-1.2940,-1.3060,-61.0000,1.3850,1.3850,67.0000
1788242150.4636,-0.0720,-0.1070,-6.0000,-0.0190,-0.0000,-14.0000,-1.2940,-1.2760,-63.0000,1.3850,1.4140,66.0000
1788242150.5136,-0.0720,-0.0970,-7.0000,-0.0190,-0.0010,-15.0000,-1.2940,-1.3140,-61.0000,1.3850,1.4390,64.0000
1788242150.5638,-0.0720,-0.1040,-6.0000,-0.0190,-0.0000,-15.0000,-1.2940,-1.3160,-61.0000,1.3850,1.4500,63.0000
1788242150.6148,-0.0720,-0.0860,-6.0000,-0.0190,-0.0000,-15.0000,-1.2940,-1.3000,-61.0000,1.3850,1.3250,70.0000
1788242150.6639,-0.0720,-0.1060,-5.0000,-0.0190,-0.0000,-15.0000,-1.2940,-1.2900,-62.0000,1.3850,1.3270,70.0000
1788242150.7144,-0.0720,-0.0620,-7.0000,-0.0190,-0.0000,-16.0000,-1.2940,-1.2960,-62.0000,1.3850,1.3770,67.0000
1788242150.7636,-0.0720,-0.0920,-5.0000,-0.0190,-0.0000,-16.0000,-1.2940,-1.2910,-62.0000,1.3850,1.4320,65.0000
1788242150.8135,-0.0720,-0.0840,-6.0000,-0.0190,-0.0000,-16.0000,-1.2940,-1.2910,-62.0000,1.3850,1.3980,66.0000
1788242150.8636,-0.0720,-0.0870,-5.0000,-0.0190,-0.0000,-16.0000,-1.2940,-1.3110,-61.0000,1.3850,1.4710,62.0000
1788242150.9138,-0.0720,-0.0820,-5.0000,-0.0190,-0.0000,-17.0000,-1.2940,-1.3340,-59.0000,1.3850,1.3450,69.0000
1788242150.9635,-0.0720,-0.0910,-5.0000,-0.0190,-0.0000,-17.0000,-1.2940,-1.2730,-63.0000,1.3850,1.3120,71.0000
1788242151.0137,-0.0720,-0.0450,-7.0000,-0.0190,-0.0000,-17.0000,-1.2940,-1.2690,-63.0000,1.3850,1.3670,68.0000
1788242151.0635,-0.0720,-0.0670,-6.0000,-0.0190,-0.0000,-17.0000,-1.2940,-1.2820,-62.0000,1.3850,1.4290,65.0000
1788242151.1139,-0.0720,-0.0830,-5.0000,-0.0190,-0.0000,-18.0000,-1.2940,-1.2740,-63.0000,1.3850,1.4150,65.0000
1788242151.1643,-0.0720,-0.0620,-6.0000,-0.0190,-0.0130,-17.0000,-1.2940,-1.3130,-61.0000,1.3850,1.4610,62.0000
1788242151.2136,-0.0720,-0.0480,-7.0000,-0.0190,-0.0300,-16.0000,-1.2940,-1.3080,-61.0000,1.3850,1.3710,67.0000
1788242151.2636,-0.0720,-0.0760,-6.0000,-0.0190,-0.0180,-17.0000,-1.2940,-1.3000,-61.0000,1.3850,1.2930,72.0000
1788242151.3136,0.1680,-0.0420,20.0000,-0.2590,-0.0330,-45.0000,-1.0540,-1.2490,-43.0000,1.1450,1.3270,49.0000
1788242151.3637,0.6560,0.4640,39.0000,-0.6560,-0.6050,-50.0000,-0.6560,-0.7760,-31.0000,0.6560,0.8560,31.0000
1788242151.4136,0.6560,0.6490,33.0000,-0.6560,-0.7210,-47.0000,-0.6560,-0.6700,-33.0000,0.6560,0.6480,38.0000
1788242151.4646,0.5360,0.6530,24.0000,-0.7760,-0.7440,-57.0000,-0.7760,-0.6670,-43.0000,0.5360,0.6670,25.0000
1788242151.5137,-0.0640,0.2650,-16.0000,-0.6560,-0.8250,-42.0000,-0.6560,-0.7110,-30.0000,-0.0640,0.2630,-16.0000
1788242151.5637,-0.6560,-0.3440,-47.0000,-0.6560,-0.7600,-44.0000,-0.6560,-0.6590,-33.0000,-0.6560,-0.4240,-42.0000
1788242151.6138,-0.6560,-0.6340,-37.0000,-0.6560,-0.7190,-45.0000,-0.6560,-0.6480,-33.0000,-0.6560,-0.6900,-34.0000
1788242151.6637,-0.6560,-0.6450,-39.0000,-0.6560,-0.6950,-46.0000,-0.6560,-0.6320,-34.0000,-0.6560,-0.7040,-35.0000
1788242151.7137,-0.6560,-0.6810,-37.0000,-0.6560,-0.7010,-45.0000,-0.6560,-0.6320,-35.0000,-0.6560,-0.7080,-34.0000
1788242151.7637,-0.6560,-0.7120,-36.0000,-0.6560,-0.7210,-43.0000,-0.6560,-0.6660,-33.0000,-0.6560,-0.7110,-34.0000
1788242151.8136,-0.6560,-0.7020,-36.0000,-0.6560,-0.7360,-41.0000,-0.6560,-0.6700,-33.0000,-0.6560,-0.7150,-33.0000
1788242151.8637,-0.6560,-0.7060,-35.0000,-0.6560,-0.7330,-40.0000,-0.6560,-0.6690,-33.0000,-0.6560,-0.6990,-33.0000
1788242151.9137,-0.6560,-0.6960,-35.0000,-0.6560,-0.7300,-40.0000,-0.6560,-0.6550,-33.0000,-0.6560,-0.7030,-32.0000
1788242151.9638,-0.6560,-0.6930,-35.0000,-0.6560,-0.7300,-39.0000,-0.6560,-0.6780,-32.0000,-0.6560,-0.6830,-33.0000
1788242152.0137,-0.6560,-0.6840,-35.0000,-0.6560,-0.7250,-38.0000,-0.6560,-0.6630,-33.0000,-0.6560,-0.7090,-31.0000
1788242152.0637,-0.6560,-0.6800,-34.0000,-0.6560,-0.6960,-39.0000,-0.6560,-0.6620,-32.0000,-0.6560,-0.6710,-33.0000
1788242152.1137,-0.6560,-0.6750,-34.0000,-0.6560,-0.6310,-42.0000,-0.6560,-0.6510,-33.0000,-0.6560,-0.6760,-32.0000
1788242152.1636,-0.6560,-0.6500,-36.0000,-0.6560,-0.6310,-42.0000,-0.6560,-0.6690,-32.0000,-0.6560,-0.6540,-33.0000
1788242152.2137,-0.6560,-0.6460,-36.0000,-0.6560,-0.6520,-41.0000,-0.6560,-0.6570,-33.0000,-0.6560,-0.6820,-31.0000
1788242152.2637,-0.6560,-0.6430,-36.0000,-0.6560,-0.6750,-40.0000,-0.6560,-0.6550,-33.0000,-0.6560,-0.6560,-32.0000
1788242152.3138,-0.6560,-0.6480,-36.0000,-0.6560,-0.6430,-41.0000,-0.6560,-0.6430,-33.0000,-0.6560,-0.6530,-32.0000
1788242152.3637,-0.6560,-0.6640,-35.0000,-0.6560,-0.6510,-41.0000,-0.6560,-0.6570,-32.0000,-0.6560,-0.6500,-33.0000
1788242152.4137,-0.6560,-0.6800,-34.0000,-0.6560,-0.6890,-39.0000,-0.6560,-0.6490,-33.0000,-0.6560,-0.6740,-31.0000
1788242152.4636,-0.6560,-0.6750,-34.0000,-0.6560,-0.6770,-39.0000,-0.6560,-0.6580,-32.0000,-0.6560,-0.6580,-32.0000
1788242152.5137,-0.6560,-0.6670,-35.0000,-0.6560,-0.6550,-40.0000,-0.6560,-0.6460,-33.0000,-0.6560,-0.6630,-32.0000
1788242152.5640,-0.6560,-0.6630,-35.0000,-0.6560,-0.6780,-39.0000,-0.6560,-0.6450,-33.0000,-0.6560,-0.6520,-32.0000
1788242152.6138,-0.6560,-0.6670,-34.0000,-0.6560,-0.7020,-37.0000,-0.6560,-0.6230,-35.0000,-0.6560,-0.6800,-31.0000
1788242152.6638,-0.6560,-0.6780,-33.0000,-0.6560,-0.7120,-36.0000,-0.6560,-0.6600,-33.0000,-0.6560,-0.6830,-30.0000
1788242152.7138,-0.6560,-0.6720,-34.0000,-0.6560,-0.6900,-37.0000,-0.6560,-0.6410,-34.0000,-0.6560,-0.6710,-31.0000
1788242152.7637,-0.6560,-0.6640,-34.0000,-0.6560,-0.6430,-39.0000,-0.6560,-0.6480,-34.0000,-0.6560,-0.6450,-32.0000
1788242152.8135,-0.6560,-0.6340,-35.0000,-0.6560,-0.6290,-40.0000,-0.6560,-0.6480,-34.0000,-0.6560,-0.6590,-31.0000
1788242152.8637,-0.1760,-0.5210,1.0000,-0.9190,-0.8330,-52.0000,-0.9190,-0.8000,-49.0000,-0.1760,-0.4920,3.0000
1788242152.9137,0.0000,-0.0720,0.0000,-0.9190,-0.8500,-54.0000,-0.9190,-0.8500,-49.0000,0.0000,-0.0380,0.0000
1788242152.9636,0.0000,-0.0070,0.0000,-0.9190,-0.8810,-53.0000,-0.9190,-0.9160,-46.0000,0.0000,-0.0180,0.0000
1788242153.0137,0.0000,-0.0070,0.0000,-0.9190,-0.8380,-56.0000,-0.9190,-0.9450,-45.0000,0.0000,-0.1270,0.0000
1788242153.0640,0.0000,-0.0570,0.0000,-0.9190,-0.8690,-55.0000,-0.9190,-0.9060,-47.0000,0.0000,-0.1590,0.0000
1788242153.1137,-0.6000,-0.3230,-43.0000,-0.6560,-0.7070,-41.0000,-0.6560,-0.7270,-33.0000,-0.6000,-0.3480,-42.0000
1788242153.1637,-0.6560,-0.6350,-35.0000,-0.6560,-0.7060,-39.0000,-0.6560,-0.6530,-35.0000,-0.6560,-0.6850,-32.0000
1788242153.2137,-0.6560,-0.6350,-37.0000,-0.6560,-0.6600,-41.0000,-0.6560,-0.6010,-38.0000,-0.6560,-0.6670,-34.0000
1788242153.2641,-0.6560,-0.6600,-36.0000,-0.6560,-0.6850,-39.0000,-0.6560,-0.6420,-36.0000,-0.6560,-0.6930,-33.0000
1788242153.3137,-0.6560,-0.6830,-35.0000,-0.6560,-0.7010,-38.0000,-0.6560,-0.6800,-34.0000,-0.6560,-0.6960,-32.0000
1788242153.3637,-0.6560,-0.6850,-35.0000,-0.6560,-0.7140,-36.0000,-0.6560,-0.6760,-34.0000,-0.6560,-0.6830,-33.0000
1788242153.4137,-0.6560,-0.6770,-35.0000,-0.6560,-0.7120,-36.0000,-0.6560,-0.6800,-33.0000,-0.6560,-0.6980,-32.0000
1788242153.4637,-0.6560,-0.6790,-34.0000,-0.6560,-0.6780,-37.0000,-0.6560,-0.6650,-34.0000,-0.6560,-0.6860,-32.0000
1788242153.5136,-0.6560,-0.6750,-34.0000,-0.6560,-0.6590,-38.0000,-0.6560,-0.6780,-33.0000,-0.6560,-0.6750,-32.0000
1788242153.5637,-0.6560,-0.6580,-35.0000,-0.6560,-0.6380,-39.0000,-0.6560,-0.6350,-35.0000,-0.6560,-0.6590,-33.0000
1788242153.6139,-0.6560,-0.6530,-35.0000,-0.6560,-0.6580,-38.0000,-0.6560,-0.6550,-34.0000,-0.6560,-0.6730,-32.0000
1788242153.6636,-0.6560,-0.6730,-34.0000,-0.6560,-0.6580,-38.0000,-0.6560,-0.6370,-35.0000,-0.6560,-0.6690,-32.0000
1788242153.7138,-0.6560,-0.6620,-35.0000,-0.6560,-0.6530,-38.0000,-0.6560,-0.6550,-34.0000,-0.6560,-0.6600,-32.0000
1788242153.7636,-0.6560,-0.6630,-34.0000,-0.6560,-0.6580,-38.0000,-0.6560,-0.6410,-35.0000,-0.6560,-0.6590,-32.0000
1788242153.8135,-0.6560,-0.6490,-35.0000,-0.6560,-0.6680,-37.0000,-0.6560,-0.6650,-34.0000,-0.6560,-0.6640,-32.0000
1788242153.8637,-0.6560,-0.6420,-36.0000,-0.6560,-0.6450,-39.0000,-0.6560,-0.6520,-35.0000,-0.6560,-0.6530,-32.0000
1788242153.9134,-0.6560,-0.6460,-36.0000,-0.6560,-0.6320,-39.0000,-0.6560,-0.6380,-36.0000,-0.6560,-0.6700,-31.0000
1788242153.9637,-0.6560,-0.6590,-35.0000,-0.6560,-0.6600,-38.0000,-0.6560,-0.6410,-36.0000,-0.6560,-0.6590,-32.0000
1788242154.0148,-0.6560,-0.6670,-34.0000,-0.6560,-0.6900,-36.0000,-0.6560,-0.6720,-34.0000,-0.6560,-0.6600,-32.0000
1788242154.0634,-0.6560,-0.6640,-35.0000,-0.6560,-0.6540,-38.0000,-0.6560,-0.6630,-34.0000,-0.6560,-0.6700,-31.0000
1788242154.1137,-0.6560,-0.6460,-35.0000,-0.6560,-0.6180,-40.0000,-0.6560,-0.6640,-34.0000,-0.6560,-0.6590,-32.0000
1788242154.1638,-0.6560,-0.6550,-35.0000,-0.6560,-0.6230,-40.0000,-0.6560,-0.6540,-35.0000,-0.6560,-0.6520,-32.0000
1788242154.2138,-0.1760,-0.5310,1.0000,-0.9190,-0.8220,-53.0000,-0.9190,-0.8040,-50.0000,-0.1760,-0.4830,2.0000
1788242154.2637,0.0000,-0.0650,0.0000,-0.9190,-0.8630,-53.0000,-0.9190,-0.8810,-48.0000,0.0000,-0.0670,0.0000
1788242154.3139,0.0000,-0.0880,0.0000,-0.9190,-0.8620,-54.0000,-0.9190,-0.9680,-44.0000,0.0000,-0.1560,0.0000
1788242154.3637,-0.3600,-0.1200,-33.0000,-0.6560,-0.8530,-32.0000,-0.6560,-0.8490,-27.0000,-0.3600,-0.1880,-30.0000
1788242154.4137,-0.6560,-0.6500,-32.0000,-0.6560,-0.6770,-40.0000,-0.6560,-0.6630,-35.0000,-0.6560,-0.6680,-31.0000
1788242154.4638,-0.6560,-0.6160,-37.0000,-0.6560,-0.6590,-40.0000,-0.6560,-0.6370,-36.0000,-0.6560,-0.6560,-34.0000
1788242154.5139,-0.6560,-0.6580,-36.0000,-0.6560,-0.6710,-39.0000,-0.6560,-0.6600,-34.0000,-0.6560,-0.6780,-34.0000
1788242154.5638,-0.6560,-0.6870,-34.0000,-0.6560,-0.6840,-38.0000,-0.6560,-0.6780,-33.0000,-0.6560,-0.6920,-33.0000
1788242154.6138,-0.6560,-0.6730,-35.0000,-0.6560,-0.6640,-39.0000,-0.6560,-0.6710,-34.0000,-0.6560,-0.6950,-32.0000
1788242154.6639,-0.6560,-0.6550,-36.0000,-0.6560,-0.6200,-42.0000,-0.6560,-0.6650,-34.0000,-0.6560,-0.6800,-33.0000
1788242154.7138,-0.6560,-0.6680,-35.0000,-0.6560,-0.6480,-40.0000,-0.6560,-0.6670,-33.0000,-0.6560,-0.6750,-33.0000
1788242154.7635,-0.6560,-0.6670,-35.0000,-0.6560,-0.6710,-39.0000,-0.6560,-0.6540,-34.0000,-0.6560,-0.6820,-32.0000
1788242154.8135,-0.6560,-0.6770,-34.0000,-0.6560,-0.6550,-40.0000,-0.6560,-0.6520,-34.0000,-0.6560,-0.6790,-32.0000
1788242154.8637,-0.6560,-0.6790,-34.0000,-0.6560,-0.6790,-38.0000,-0.6560,-0.6530,-34.0000,-0.6560,-0.6690,-32.0000
1788242154.9139,-0.6560,-0.6690,-34.0000,-0.6560,-0.6730,-38.0000,-0.6560,-0.6580,-34.0000,-0.6560,-0.6590,-32.0000
1788242154.9637,-0.6560,-0.6620,-34.0000,-0.6560,-0.6810,-38.0000,-0.6560,-0.6720,-33.0000,-0.6560,-0.6800,-31.0000
1788242155.0138,-0.6560,-0.6590,-34.0000,-0.6560,-0.6560,-39.0000,-0.6560,-0.6660,-33.0000,-0.6560,-0.6670,-32.0000
1788242155.0637,-0.6560,-0.6640,-34.0000,-0.6560,-0.6510,-39.0000,-0.6560,-0.6460,-34.0000,-0.6560,-0.6640,-32.0000
1788242155.1140,-0.0560,-0.4080,13.0000,-0.9190,-0.8480,-52.0000,-0.9190,-0.8530,-47.0000,-0.0560,-0.3750,13.0000
1788242155.1635,0.0000,-0.0520,0.0000,-0.9190,-0.9360,-49.0000,-0.9190,-0.8690,-48.0000,0.0000,-0.0800,0.0000
1788242155.2137,0.0000,-0.2160,0.0000,-0.9190,-0.9190,-51.0000,-0.9190,-0.8900,-48.0000,0.0000,-0.1980,0.0000
1788242155.2637,-0.2400,-0.1270,-22.0000,-0.6790,-0.8060,-37.0000,-0.6790,-0.8840,-28.0000,-0.2400,-0.0930,-24.0000
1788242155.3145,-0.6560,-0.5710,-35.0000,-0.6560,-0.6190,-44.0000,-0.6560,-0.6820,-35.0000,-0.6560,-0.5990,-34.0000
1788242155.3636,-0.6560,-0.6490,-34.0000,-0.6560,-0.6390,-43.0000,-0.6560,-0.6970,-33.0000,-0.6560,-0.6810,-33.0000
1788242155.4137,-0.6560,-0.6650,-34.0000,-0.6560,-0.6540,-42.0000,-0.6560,-0.6630,-35.0000,-0.6560,-0.7020,-32.0000
1788242155.4637,-0.6560,-0.6710,-34.0000,-0.6560,-0.6900,-40.0000,-0.6560,-0.6720,-34.0000,-0.6560,-0.6850,-33.0000
1788242155.5138,-0.6560,-0.6840,-33.0000,-0.6560,-0.7120,-39.0000,-0.6560,-0.6760,-33.0000,-0.6560,-0.7020,-32.0000
1788242155.5638,-0.6560,-0.6760,-33.0000,-0.6560,-0.7120,-38.0000,-0.6560,-0.6600,-34.0000,-0.6560,-0.6850,-33.0000
1788242155.6139,-0.6560,-0.6840,-33.0000,-0.6560,-0.7170,-37.0000,-0.6560,-0.6780,-33.0000,-0.6560,-0.6870,-32.0000
1788242155.6637,-0.6560,-0.6790,-33.0000,-0.6560,-0.7080,-37.0000,-0.6560,-0.6820,-32.0000,-0.6560,-0.6680,-33.0000
1788242155.7139,-0.6560,-0.6740,-33.0000,-0.6560,-0.6780,-38.0000,-0.6560,-0.6670,-33.0000,-0.6560,-0.6830,-31.0000
1788242155.7638,-0.6560,-0.6700,-33.0000,-0.6560,-0.6440,-40.0000,-0.6560,-0.6710,-33.0000,-0.6560,-0.6640,-32.0000
1788242155.8136,-0.6560,-0.6570,-33.0000,-0.6560,-0.6110,-41.0000,-0.6560,-0.6440,-34.0000,-0.6560,-0.6710,-32.0000
1788242155.8637,-0.6560,-0.6520,-33.0000,-0.6560,-0.6130,-42.0000,-0.6560,-0.6550,-33.0000,-0.6560,-0.6600,-32.0000
1788242155.9139,-0.6560,-0.6520,-33.0000,-0.6560,-0.6090,-42.0000,-0.6560,-0.6480,-34.0000,-0.6560,-0.6580,-32.0000
1788242155.9638,-0.6560,-0.6530,-33.0000,-0.6560,-0.6530,-40.0000,-0.6560,-0.6490,-34.0000,-0.6560,-0.6520,-33.0000
1788242156.0138,-0.2960,-0.6030,-5.0000,-0.9190,-0.7490,-58.0000,-0.9190,-0.7120,-54.0000,-0.2960,-0.5960,-4.0000
1788242156.0638,0.0000,-0.0870,0.0000,-0.9190,-0.8810,-53.0000,-0.9190,-0.8440,-49.0000,0.0000,-0.0800,0.0000
1788242156.1138,0.0000,-0.1780,0.0000,-0.9190,-0.9380,-51.0000,-0.9190,-0.8280,-51.0000,0.0000,-0.2450,0.0000
1788242156.1637,0.0000,-0.0610,0.0000,-0.9190,-0.9420,-51.0000,-0.9190,-0.8400,-52.0000,0.0000,-0.1530,0.0000
1788242156.2139,-0.4800,-0.1960,-39.0000,-0.6560,-0.8040,-35.0000,-0.6560,-0.7460,-34.0000,-0.4800,-0.2360,-37.0000
1788242156.2639,-0.6560,-0.6720,-32.0000,-0.6560,-0.7370,-36.0000,-0.6560,-0.6290,-39.0000,-0.6560,-0.7140,-29.0000
1788242156.3140,-0.6560,-0.6510,-35.0000,-0.6560,-0.7100,-37.0000,-0.6560,-0.6560,-37.0000,-0.6560,-0.6810,-33.0000
1788242156.3639,-0.6560,-0.6880,-34.0000,-0.6560,-0.6950,-36.0000,-0.6560,-0.6480,-38.0000,-0.6560,-0.6990,-32.0000
1788242156.4139,-0.6560,-0.6930,-33.0000,-0.6560,-0.6710,-37.0000,-0.6560,-0.6700,-36.0000,-0.6560,-0.6710,-34.0000
1788242156.4639,-0.6560,-0.6730,-34.0000,-0.6560,-0.6230,-40.0000,-0.6560,-0.6820,-36.0000,-0.6560,-0.6780,-33.0000
1788242156.5140,-0.6560,-0.6750,-34.0000,-0.6560,-0.6070,-41.0000,-0.6560,-0.6760,-36.0000,-0.6560,-0.6670,-33.0000
1788242156.5639,-0.6560,-0.6880,-33.0000,-0.6560,-0.6690,-38.0000,-0.6560,-0.6910,-35.0000,-0.6560,-0.6700,-33.0000
1788242156.6140,-0.6560,-0.6780,-33.0000,-0.6560,-0.6940,-36.0000,-0.6560,-0.7060,-34.0000,-0.6560,-0.6690,-33.0000
1788242156.6643,-0.6560,-0.6750,-33.0000,-0.6560,-0.6970,-36.0000,-0.6560,-0.6850,-34.0000,-0.6560,-0.6830,-32.0000
1788242156.7139,-0.6560,-0.6690,-33.0000,-0.6560,-0.6810,-36.0000,-0.6560,-0.6700,-35.0000,-0.6560,-0.6800,-32.0000
1788242156.7640,-0.6560,-0.6750,-32.0000,-0.6560,-0.6540,-38.0000,-0.6560,-0.6600,-35.0000,-0.6560,-0.6760,-32.0000
1788242156.8139,-0.6560,-0.6720,-32.0000,-0.6560,-0.6570,-37.0000,-0.6560,-0.6830,-33.0000,-0.6560,-0.6570,-33.0000
1788242156.8639,-0.6560,-0.6600,-33.0000,-0.6560,-0.6620,-37.0000,-0.6560,-0.6650,-34.0000,-0.6560,-0.6660,-32.0000
1788242156.9139,-0.6560,-0.6500,-33.0000,-0.6560,-0.6750,-36.0000,-0.6560,-0.6640,-34.0000,-0.6560,-0.6690,-32.0000
1788242156.9638,-0.6560,-0.6690,-32.0000,-0.6560,-0.6640,-37.0000,-0.6560,-0.6520,-35.0000,-0.6560,-0.6600,-32.0000
1788242157.0140,-0.6560,-0.6700,-32.0000,-0.6560,-0.6750,-36.0000,-0.6560,-0.6790,-33.0000,-0.6560,-0.6610,-32.0000
1788242157.0638,-0.6560,-0.6600,-33.0000,-0.6560,-0.6740,-36.0000,-0.6560,-0.6670,-34.0000,-0.6560,-0.6660,-32.0000
1788242157.1140,-0.6560,-0.6440,-34.0000,-0.6560,-0.5970,-40.0000,-0.6560,-0.6420,-35.0000,-0.6560,-0.6410,-33.0000
1788242157.1639,-0.6560,-0.6490,-33.0000,-0.6560,-0.6040,-40.0000,-0.6560,-0.6120,-37.0000,-0.6560,-0.6330,-33.0000
1788242157.2139,-0.6560,-0.6520,-33.0000,-0.6560,-0.6430,-38.0000,-0.6560,-0.6470,-35.0000,-0.6560,-0.6590,-32.0000
1788242157.2638,-0.6560,-0.6620,-33.0000,-0.6560,-0.6610,-37.0000,-0.6560,-0.6540,-35.0000,-0.6560,-0.6610,-32.0000
1788242157.3139,-0.6560,-0.6540,-33.0000,-0.6560,-0.6600,-38.0000,-0.6560,-0.6540,-35.0000,-0.6560,-0.6530,-33.0000
1788242157.3639,-0.6560,-0.6560,-33.0000,-0.6560,-0.6540,-38.0000,-0.6560,-0.6540,-35.0000,-0.6560,-0.6580,-32.0000
1788242157.4139,-0.6560,-0.6520,-33.0000,-0.6560,-0.6650,-37.0000,-0.6560,-0.6650,-35.0000,-0.6560,-0.6610,-32.0000
1788242157.4640,-0.6560,-0.6570,-33.0000,-0.6560,-0.6620,-37.0000,-0.6560,-0.6560,-35.0000,-0.6560,-0.6640,-32.0000
1788242157.5140,-0.6560,-0.6710,-32.0000,-0.6560,-0.6750,-37.0000,-0.6560,-0.6660,-34.0000,-0.6560,-0.6780,-31.0000
1788242157.5639,-0.6560,-0.6700,-32.0000,-0.6560,-0.6600,-37.0000,-0.6560,-0.6640,-34.0000,-0.6560,-0.6600,-32.0000
1788242157.6140,-0.6560,-0.6650,-32.0000,-0.6560,-0.6820,-36.0000,-0.6560,-0.6730,-34.0000,-0.6560,-0.6660,-31.0000
1788242157.6639,-0.6560,-0.6690,-32.0000,-0.6560,-0.6840,-36.0000,-0.6560,-0.6700,-34.0000,-0.6560,-0.6580,-32.0000
1788242157.7140,-0.6560,-0.6650,-32.0000,-0.6560,-0.6840,-35.0000,-0.6560,-0.6700,-34.0000,-0.6560,-0.6750,-31.0000
1788242157.7639,-0.6560,-0.6570,-32.0000,-0.6560,-0.6390,-38.0000,-0.6560,-0.6580,-34.0000,-0.6560,-0.6570,-32.0000
1788242157.8138,-0.6560,-0.6490,-33.0000,-0.6560,-0.6070,-40.0000,-0.6560,-0.6430,-35.0000,-0.6560,-0.6540,-32.0000
1788242157.8639,-0.6560,-0.6260,-34.0000,-0.6560,-0.6170,-39.0000,-0.6560,-0.6440,-35.0000,-0.6560,-0.6290,-33.0000
1788242157.9139,-0.6560,-0.6480,-33.0000,-0.6560,-0.6520,-38.0000,-0.6560,-0.6550,-34.0000,-0.6560,-0.6670,-31.0000
1788242157.9639,-0.6560,-0.6620,-33.0000,-0.6560,-0.6500,-38.0000,-0.6560,-0.6580,-34.0000,-0.6560,-0.6550,-32.0000
1788242158.0139,-0.6560,-0.6540,-33.0000,-0.6560,-0.6490,-38.0000,-0.6560,-0.6610,-34.0000,-0.6560,-0.6620,-31.0000
1788242158.0639,-0.6560,-0.6550,-33.0000,-0.6560,-0.6600,-37.0000,-0.6560,-0.6640,-34.0000,-0.6560,-0.6350,-33.0000
1788242158.1138,-0.6560,-0.6500,-33.0000,-0.6560,-0.6640,-37.0000,-0.6560,-0.6660,-34.0000,-0.6560,-0.6640,-32.0000
1788242158.1639,-0.6560,-0.6580,-33.0000,-0.6560,-0.6540,-38.0000,-0.6560,-0.6640,-34.0000,-0.6560,-0.6580,-32.0000
1788242158.2139,-0.6560,-0.6670,-32.0000,-0.6560,-0.6650,-37.0000,-0.6560,-0.6620,-34.0000,-0.6560,-0.6650,-31.0000
1788242158.2638,-0.6560,-0.6680,-32.0000,-0.6560,-0.6900,-36.0000,-0.6560,-0.6740,-33.0000,-0.6560,-0.6500,-32.0000
1788242158.3140,-0.6560,-0.6640,-32.0000,-0.6560,-0.6790,-36.0000,-0.6560,-0.6590,-34.0000,-0.6560,-0.6730,-31.0000
1788242158.3638,-0.6560,-0.6600,-32.0000,-0.6560,-0.6220,-39.0000,-0.6560,-0.6600,-33.0000,-0.6560,-0.6530,-32.0000
1788242158.4140,-0.6560,-0.6600,-32.0000,-0.6560,-0.6050,-40.0000,-0.6560,-0.6490,-34.0000,-0.6560,-0.6610,-31.0000
1788242158.4639,-0.6560,-0.6660,-32.0000,-0.6560,-0.6400,-38.0000,-0.6560,-0.6700,-33.0000,-0.6560,-0.6440,-32.0000
1788242158.5139,-0.6560,-0.6700,-32.0000,-0.6560,-0.6670,-37.0000,-0.6560,-0.6580,-34.0000,-0.6560,-0.6640,-31.0000
1788242158.5639,-0.6560,-0.6630,-32.0000,-0.6560,-0.6700,-37.0000,-0.6560,-0.6560,-34.0000,-0.6560,-0.6540,-32.0000
1788242158.6138,-0.6560,-0.6660,-32.0000,-0.6560,-0.6610,-37.0000,-0.6560,-0.6560,-34.0000,-0.6560,-0.6580,-32.0000
1788242158.6640,-0.6560,-0.6590,-32.0000,-0.6560,-0.6600,-37.0000,-0.6560,-0.6720,-33.0000,-0.6560,-0.6530,-32.0000
1788242158.7139,-0.6560,-0.6620,-32.0000,-0.6560,-0.6840,-36.0000,-0.6560,-0.6560,-33.0000,-0.6560,-0.6670,-31.0000
1788242158.7640,-0.6560,-0.6560,-32.0000,-0.6560,-0.6600,-37.0000,-0.6560,-0.6570,-33.0000,-0.6560,-0.6630,-31.0000
1788242158.8138,-0.6560,-0.6410,-33.0000,-0.6560,-0.6690,-36.0000,-0.6560,-0.6500,-34.0000,-0.6560,-0.6610,-31.0000
1788242158.8639,-0.6560,-0.6350,-33.0000,-0.6560,-0.6740,-36.0000,-0.6560,-0.6210,-35.0000,-0.6560,-0.6380,-33.0000
1788242158.9138,-0.6560,-0.6340,-34.0000,-0.6560,-0.6590,-37.0000,-0.6560,-0.5950,-37.0000,-0.6560,-0.6500,-32.0000
1788242158.9638,-0.6560,-0.6100,-35.0000,-0.6560,-0.6320,-38.0000,-0.6560,-0.6020,-37.0000,-0.6560,-0.6360,-33.0000
1788242159.0141,-0.6560,-0.6460,-34.0000,-0.6560,-0.6230,-39.0000,-0.6560,-0.6160,-37.0000,-0.6560,-0.6290,-34.0000
1788242159.0638,-0.6560,-0.6380,-34.0000,-0.6560,-0.6460,-38.0000,-0.6560,-0.6670,-35.0000,-0.6560,-0.6390,-33.0000
1788242159.1142,-0.6560,-0.6490,-34.0000,-0.6560,-0.6580,-37.0000,-0.6560,-0.6560,-36.0000,-0.6560,-0.6500,-33.0000
1788242159.1639,-0.6560,-0.6540,-34.0000,-0.6560,-0.6670,-37.0000,-0.6560,-0.6560,-36.0000,-0.6560,-0.6650,-32.0000
1788242159.2139,-0.6560,-0.6630,-33.0000,-0.6560,-0.6550,-38.0000,-0.6560,-0.6550,-36.0000,-0.6560,-0.6680,-32.0000
1788242159.2639,-0.6560,-0.6610,-33.0000,-0.6560,-0.6630,-37.0000,-0.6560,-0.6800,-34.0000,-0.6560,-0.6710,-32.0000
1788242159.3139,-0.6560,-0.6410,-35.0000,-0.6560,-0.6730,-37.0000,-0.6560,-0.6780,-34.0000,-0.6560,-0.6620,-32.0000
1788242159.3638,-0.6560,-0.6620,-33.0000,-0.6560,-0.6780,-36.0000,-0.6560,-0.6710,-34.0000,-0.6560,-0.6710,-31.0000
1788242159.4140,-0.6560,-0.6660,-33.0000,-0.6560,-0.6720,-36.0000,-0.6560,-0.6640,-34.0000,-0.6560,-0.6660,-31.0000
1788242159.4638,-0.6560,-0.6650,-33.0000,-0.6560,-0.6720,-36.0000,-0.6560,-0.6790,-33.0000,-0.6560,-0.6620,-32.0000
1788242159.5139,-0.6560,-0.6680,-33.0000,-0.6560,-0.6770,-36.0000,-0.6560,-0.6680,-34.0000,-0.6560,-0.6600,-32.0000
1788242159.5638,-0.6560,-0.6690,-33.0000,-0.6560,-0.6760,-35.0000,-0.6560,-0.6650,-34.0000,-0.6560,-0.6770,-30.0000
1788242159.6140,-0.6560,-0.6650,-33.0000,-0.6560,-0.6250,-38.0000,-0.6560,-0.6270,-36.0000,-0.6560,-0.6550,-32.0000
1788242159.6637,-0.6560,-0.6540,-33.0000,-0.6560,-0.6090,-39.0000,-0.6560,-0.6350,-36.0000,-0.6560,-0.6350,-33.0000
1788242159.7140,-0.6560,-0.6570,-33.0000,-0.6560,-0.6420,-38.0000,-0.6560,-0.6440,-35.0000,-0.6560,-0.6330,-33.0000
1788242159.7639,-0.6560,-0.6700,-32.0000,-0.6560,-0.6710,-36.0000,-0.6560,-0.6630,-34.0000,-0.6560,-0.6570,-32.0000
1788242159.8137,-0.6560,-0.6490,-33.0000,-0.6560,-0.6490,-38.0000,-0.6560,-0.6640,-34.0000,-0.6560,-0.6530,-32.0000
1788242159.8639,-0.6560,-0.6440,-34.0000,-0.6560,-0.6450,-38.0000,-0.6560,-0.6520,-35.0000,-0.6560,-0.6500,-32.0000
1788242159.9140,-0.6560,-0.6590,-33.0000,-0.6560,-0.6550,-37.0000,-0.6560,-0.6490,-35.0000,-0.6560,-0.6470,-33.0000
1788242159.9639,-0.6560,-0.6700,-32.0000,-0.6560,-0.6710,-36.0000,-0.6560,-0.6700,-34.0000,-0.6560,-0.6780,-31.0000
1788242160.0139,-0.6560,-0.6630,-33.0000,-0.6560,-0.6680,-37.0000,-0.6560,-0.6660,-34.0000,-0.6560,-0.6590,-32.0000
1788242160.0650,-0.6560,-0.6610,-33.0000,-0.6560,-0.6610,-37.0000,-0.6560,-0.6660,-34.0000,-0.6560,-0.6640,-31.0000
1788242160.1146,-0.6560,-0.6620,-32.0000,-0.6560,-0.6760,-36.0000,-0.6560,-0.6720,-34.0000,-0.6560,-0.6510,-32.0000
1788242160.1639,-0.6560,-0.6620,-32.0000,-0.6560,-0.6820,-35.0000,-0.6560,-0.6710,-34.0000,-0.6560,-0.6790,-30.0000
1788242160.2139,-0.6560,-0.6580,-32.0000,-0.6560,-0.6650,-36.0000,-0.6560,-0.6660,-34.0000,-0.6560,-0.6560,-32.0000
1788242160.2641,-0.6560,-0.6550,-33.0000,-0.6560,-0.6620,-36.0000,-0.6560,-0.6570,-34.0000,-0.6560,-0.6620,-31.0000
1788242160.3140,-0.6560,-0.6180,-35.0000,-0.6560,-0.6390,-37.0000,-0.6560,-0.6450,-35.0000,-0.6560,-0.6410,-32.0000
1788242160.3653,-0.6560,-0.6060,-36.0000,-0.6560,-0.6450,-37.0000,-0.6560,-0.6500,-34.0000,-0.6560,-0.6480,-32.0000
1788242160.4139,-0.6560,-0.6500,-34.0000,-0.6560,-0.6470,-37.0000,-0.6560,-0.6500,-35.0000,-0.6560,-0.6580,-31.0000
1788242160.4648,-0.6560,-0.6710,-33.0000,-0.6560,-0.6610,-36.0000,-0.6560,-0.6420,-35.0000,-0.6560,-0.6560,-32.0000
1788242160.5139,-0.6560,-0.6630,-33.0000,-0.6560,-0.6600,-36.0000,-0.6560,-0.6650,-34.0000,-0.6560,-0.6420,-32.0000
1788242160.5640,-0.6560,-0.6450,-34.0000,-0.6560,-0.6590,-36.0000,-0.6560,-0.6610,-34.0000,-0.6560,-0.6660,-31.0000
1788242160.6141,-0.6560,-0.6550,-34.0000,-0.6560,-0.6520,-37.0000,-0.6560,-0.6610,-34.0000,-0.6560,-0.6580,-31.0000
1788242160.6639,-0.6560,-0.6700,-33.0000,-0.6560,-0.6580,-36.0000,-0.6560,-0.6510,-35.0000,-0.6560,-0.6640,-31.0000
1788242160.7140,-0.6560,-0.6600,-33.0000,-0.6560,-0.6710,-35.0000,-0.6560,-0.6680,-34.0000,-0.6560,-0.6500,-32.0000
1788242160.7640,-0.6560,-0.6660,-33.0000,-0.6560,-0.6760,-35.0000,-0.6560,-0.6690,-33.0000,-0.6560,-0.6640,-31.0000
1788242160.8138,-0.6560,-0.6500,-34.0000,-0.6560,-0.6570,-36.0000,-0.6560,-0.6570,-34.0000,-0.6560,-0.6640,-31.0000
1788242160.8641,-0.6560,-0.6380,-34.0000,-0.6560,-0.6360,-37.0000,-0.6560,-0.6300,-36.0000,-0.6560,-0.6510,-32.0000
1788242160.9139,-0.6560,-0.6190,-36.0000,-0.6560,-0.6510,-36.0000,-0.6560,-0.6240,-36.0000,-0.6560,-0.6380,-32.0000
1788242160.9640,-0.6560,-0.6210,-36.0000,-0.6560,-0.6480,-37.0000,-0.6560,-0.6370,-36.0000,-0.6560,-0.6350,-33.0000
1788242161.0139,-0.6560,-0.6590,-34.0000,-0.6560,-0.6590,-36.0000,-0.6560,-0.6490,-35.0000,-0.6560,-0.6440,-33.0000
1788242161.0640,-0.6560,-0.6560,-34.0000,-0.6560,-0.6610,-36.0000,-0.6560,-0.6440,-36.0000,-0.6560,-0.6580,-32.0000
1788242161.1142,-0.6560,-0.6450,-35.0000,-0.6560,-0.6570,-36.0000,-0.6560,-0.6530,-35.0000,-0.6560,-0.6580,-32.0000
1788242161.1639,-0.6560,-0.6530,-35.0000,-0.6560,-0.6610,-36.0000,-0.6560,-0.6550,-35.0000,-0.6560,-0.6540,-32.0000
1788242161.2140,-0.6560,-0.6720,-34.0000,-0.6560,-0.6700,-35.0000,-0.6560,-0.6540,-35.0000,-0.6560,-0.6650,-32.0000
1788242161.2639,-0.6560,-0.6650,-34.0000,-0.6560,-0.6560,-36.0000,-0.6560,-0.6580,-35.0000,-0.6560,-0.6540,-32.0000
1788242161.3140,-0.6560,-0.6510,-35.0000,-0.6560,-0.6540,-36.0000,-0.6560,-0.6610,-35.0000,-0.6560,-0.6600,-32.0000
1788242161.3641,-0.6560,-0.6510,-35.0000,-0.6560,-0.6590,-36.0000,-0.6560,-0.6590,-35.0000,-0.6560,-0.6460,-33.0000
1788242161.4140,-0.6560,-0.6770,-33.0000,-0.6560,-0.6690,-35.0000,-0.6560,-0.6640,-35.0000,-0.6560,-0.6750,-31.0000
1788242161.4638,-0.6560,-0.6670,-34.0000,-0.6560,-0.6610,-36.0000,-0.6560,-0.6690,-34.0000,-0.6560,-0.6550,-32.0000
1788242161.5140,-0.6560,-0.6560,-34.0000,-0.6560,-0.6400,-37.0000,-0.6560,-0.6650,-34.0000,-0.6560,-0.6590,-32.0000
1788242161.5640,-0.6560,-0.6280,-36.0000,-0.6560,-0.6300,-38.0000,-0.6560,-0.6430,-36.0000,-0.6560,-0.6400,-33.0000
1788242161.6142,-0.6560,-0.6430,-35.0000,-0.6560,-0.6320,-38.0000,-0.6560,-0.6500,-35.0000,-0.6560,-0.6620,-32.0000
1788242161.6640,-0.6560,-0.6560,-34.0000,-0.6560,-0.6500,-37.0000,-0.6560,-0.6490,-35.0000,-0.6560,-0.6540,-32.0000
1788242161.7141,-0.6560,-0.6660,-34.0000,-0.6560,-0.6560,-37.0000,-0.6560,-0.6460,-36.0000,-0.6560,-0.6550,-32.0000
1788242161.7639,-0.6560,-0.6580,-34.0000,-0.6560,-0.6480,-37.0000,-0.6560,-0.6530,-35.0000,-0.6560,-0.6380,-33.0000
1788242161.8138,-0.6560,-0.6560,-34.0000,-0.6560,-0.6530,-37.0000,-0.6560,-0.6530,-35.0000,-0.6560,-0.6680,-31.0000
1788242161.8639,-0.6560,-0.6590,-34.0000,-0.6560,-0.6570,-37.0000,-0.6560,-0.6590,-35.0000,-0.6560,-0.6550,-32.0000
1788242161.9141,-0.6560,-0.6680,-34.0000,-0.6560,-0.6590,-37.0000,-0.6560,-0.6500,-36.0000,-0.6560,-0.6600,-32.0000
1788242161.9640,-0.6560,-0.6710,-33.0000,-0.6560,-0.6690,-36.0000,-0.6560,-0.6630,-35.0000,-0.6560,-0.6510,-32.0000
1788242162.0140,-0.6560,-0.6660,-33.0000,-0.6560,-0.6650,-36.0000,-0.6560,-0.6740,-34.0000,-0.6560,-0.6690,-31.0000
1788242162.0641,-0.6560,-0.6590,-34.0000,-0.6560,-0.6620,-36.0000,-0.6560,-0.6610,-35.0000,-0.6560,-0.6560,-32.0000
1788242162.1141,-0.6560,-0.6590,-34.0000,-0.6560,-0.6530,-37.0000,-0.6560,-0.6460,-36.0000,-0.6560,-0.6580,-32.0000
1788242162.1639,-0.6560,-0.6610,-33.0000,-0.6560,-0.6440,-37.0000,-0.6560,-0.6620,-35.0000,-0.6560,-0.6480,-32.0000
1788242162.2140,-0.6560,-0.6480,-34.0000,-0.6560,-0.6480,-37.0000,-0.6560,-0.6550,-35.0000,-0.6560,-0.6580,-32.0000
1788242162.2640,-0.6560,-0.6400,-35.0000,-0.6560,-0.6270,-38.0000,-0.6560,-0.6650,-34.0000,-0.6560,-0.6510,-32.0000
1788242162.3140,-0.6560,-0.6490,-34.0000,-0.6560,-0.6270,-38.0000,-0.6560,-0.6580,-35.0000,-0.6560,-0.6510,-32.0000
1788242162.3640,-0.6560,-0.6580,-34.0000,-0.6560,-0.6510,-37.0000,-0.6560,-0.6540,-35.0000,-0.6560,-0.6500,-32.0000
1788242162.4142,-0.6560,-0.6570,-34.0000,-0.6560,-0.6660,-37.0000,-0.6560,-0.6550,-35.0000,-0.6560,-0.6600,-32.0000
1788242162.4639,-0.6560,-0.6580,-34.0000,-0.6560,-0.6620,-37.0000,-0.6560,-0.6520,-35.0000,-0.6560,-0.6590,-32.0000
1788242162.5141,-0.6560,-0.6460,-35.0000,-0.6560,-0.6390,-38.0000,-0.6560,-0.6450,-36.0000,-0.6560,-0.6480,-32.0000
1788242162.5640,-0.6560,-0.6530,-34.0000,-0.6560,-0.6500,-37.0000,-0.6560,-0.6540,-35.0000,-0.6560,-0.6480,-32.0000
1788242162.6141,-0.6560,-0.6600,-34.0000,-0.6560,-0.6700,-36.0000,-0.6560,-0.6560,-35.0000,-0.6560,-0.6590,-32.0000
1788242162.6640,-0.6560,-0.6710,-33.0000,-0.6560,-0.6850,-35.0000,-0.6560,-0.6620,-35.0000,-0.6560,-0.6670,-31.0000
1788242162.7140,-0.6560,-0.6680,-33.0000,-0.6560,-0.6780,-36.0000,-0.6560,-0.6590,-35.0000,-0.6560,-0.6520,-32.0000
1788242162.7641,-0.6560,-0.6490,-34.0000,-0.6560,-0.6570,-37.0000,-0.6560,-0.6700,-34.0000,-0.6560,-0.6580,-32.0000
1788242162.8138,-0.6560,-0.6470,-34.0000,-0.6560,-0.6540,-37.0000,-0.6560,-0.6580,-35.0000,-0.6560,-0.6530,-32.0000
1788242162.8640,-0.6560,-0.6490,-34.0000,-0.6560,-0.6370,-38.0000,-0.6560,-0.6480,-35.0000,-0.6560,-0.6670,-31.0000
1788242162.9141,-0.6560,-0.6630,-34.0000,-0.6560,-0.6420,-38.0000,-0.6560,-0.6560,-35.0000,-0.6560,-0.6480,-32.0000
1788242162.9640,-0.6560,-0.6660,-34.0000,-0.6560,-0.6640,-36.0000,-0.6560,-0.6640,-34.0000,-0.6560,-0.6500,-32.0000
1788242163.0140,-0.6560,-0.6560,-34.0000,-0.6560,-0.6620,-37.0000,-0.6560,-0.6610,-34.0000,-0.6560,-0.6490,-33.0000
1788242163.0640,-0.6560,-0.6570,-34.0000,-0.6560,-0.6600,-37.0000,-0.6560,-0.6500,-35.0000,-0.6560,-0.6710,-31.0000
1788242163.1142,-0.6560,-0.6640,-33.0000,-0.6560,-0.6590,-37.0000,-0.6560,-0.6440,-35.0000,-0.6560,-0.6480,-33.0000
1788242163.1639,-0.6560,-0.6630,-34.0000,-0.6560,-0.6600,-36.0000,-0.6560,-0.6610,-35.0000,-0.6560,-0.6630,-32.0000
1788242163.2141,-0.6560,-0.6610,-34.0000,-0.6560,-0.6710,-36.0000,-0.6560,-0.6620,-35.0000,-0.6560,-0.6460,-33.0000
1788242163.2640,-0.6560,-0.6550,-34.0000,-0.6560,-0.6580,-36.0000,-0.6560,-0.6590,-35.0000,-0.6560,-0.6680,-31.0000
1788242163.3141,-0.6560,-0.6520,-34.0000,-0.6560,-0.6650,-36.0000,-0.6560,-0.6540,-35.0000,-0.6560,-0.6490,-32.0000
1788242163.3640,-0.6560,-0.6580,-34.0000,-0.6560,-0.6690,-36.0000,-0.6560,-0.6630,-34.0000,-0.6560,-0.6610,-32.0000
1788242163.4140,-0.6560,-0.6570,-34.0000,-0.6560,-0.6550,-36.0000,-0.6560,-0.6670,-34.0000,-0.6560,-0.6460,-33.0000
1788242163.4640,-0.6560,-0.6530,-34.0000,-0.6560,-0.6320,-38.0000,-0.6560,-0.6550,-35.0000,-0.6560,-0.6710,-31.0000
1788242163.5140,-0.6560,-0.6390,-35.0000,-0.6560,-0.5940,-40.0000,-0.6560,-0.6490,-35.0000,-0.6560,-0.6440,-33.0000
1788242163.5640,-0.6560,-0.6490,-34.0000,-0.6560,-0.6180,-39.0000,-0.6560,-0.6490,-35.0000,-0.6560,-0.6600,-32.0000
1788242163.6142,-0.6560,-0.6680,-33.0000,-0.6560,-0.6570,-37.0000,-0.6560,-0.6480,-35.0000,-0.6560,-0.6470,-33.0000
1788242163.6641,-0.6560,-0.6740,-33.0000,-0.6560,-0.6750,-36.0000,-0.6560,-0.6570,-35.0000,-0.6560,-0.6690,-31.0000
1788242163.7140,-0.6560,-0.6620,-34.0000,-0.6560,-0.6680,-37.0000,-0.6560,-0.6660,-34.0000,-0.6560,-0.6500,-32.0000
1788242163.7640,-0.6560,-0.6520,-34.0000,-0.6560,-0.6530,-38.0000,-0.6560,-0.6520,-35.0000,-0.6560,-0.6580,-32.0000
1788242163.8138,-0.6560,-0.6660,-33.0000,-0.6560,-0.6600,-37.0000,-0.6560,-0.6610,-35.0000,-0.6560,-0.6480,-32.0000
1788242163.8639,-0.6560,-0.6790,-32.0000,-0.6560,-0.6750,-36.0000,-0.6560,-0.6680,-34.0000,-0.6560,-0.6630,-32.0000
1788242163.9141,-0.6560,-0.6650,-33.0000,-0.6560,-0.6750,-36.0000,-0.6560,-0.6690,-34.0000,-0.6560,-0.6530,-32.0000
1788242163.9639,-0.6560,-0.6640,-33.0000,-0.6560,-0.6720,-36.0000,-0.6560,-0.6610,-34.0000,-0.6560,-0.6580,-32.0000
1788242164.0140,-0.6560,-0.6530,-33.0000,-0.6560,-0.6470,-37.0000,-0.6560,-0.6760,-33.0000,-0.6560,-0.6520,-32.0000
1788242164.0639,-0.6560,-0.6520,-33.0000,-0.6560,-0.6250,-38.0000,-0.6560,-0.6500,-35.0000,-0.6560,-0.6670,-31.0000
1788242164.1142,-0.6560,-0.6280,-35.0000,-0.6560,-0.6080,-40.0000,-0.6560,-0.6420,-35.0000,-0.6560,-0.6590,-32.0000
1788242164.1640,-0.6560,-0.6400,-34.0000,-0.6560,-0.6130,-40.0000,-0.6560,-0.6140,-37.0000,-0.6560,-0.6520,-32.0000
1788242164.2141,-0.6560,-0.6440,-34.0000,-0.6560,-0.6340,-39.0000,-0.6560,-0.6320,-36.0000,-0.6560,-0.6480,-32.0000
1788242164.2640,-0.6560,-0.6320,-35.0000,-0.6560,-0.6370,-39.0000,-0.6560,-0.6340,-36.0000,-0.6560,-0.6600,-32.0000
1788242164.3140,-0.6560,-0.6470,-35.0000,-0.6560,-0.6590,-38.0000,-0.6560,-0.6500,-36.0000,-0.6560,-0.6600,-32.0000
1788242164.3639,-0.6560,-0.6700,-33.0000,-0.6560,-0.6620,-38.0000,-0.6560,-0.6440,-36.0000,-0.6560,-0.6570,-32.0000
1788242164.4140,-0.6560,-0.6680,-33.0000,-0.6560,-0.6690,-38.0000,-0.6560,-0.6720,-35.0000,-0.6560,-0.6570,-32.0000
1788242164.4640,-0.6560,-0.6610,-34.0000,-0.6560,-0.6830,-37.0000,-0.6560,-0.6700,-35.0000,-0.6560,-0.6590,-32.0000
1788242164.5142,-0.6560,-0.6600,-34.0000,-0.6560,-0.6810,-37.0000,-0.6560,-0.6640,-35.0000,-0.6560,-0.6640,-31.0000
1788242164.5639,-0.6560,-0.6660,-33.0000,-0.6560,-0.6700,-37.0000,-0.6560,-0.6570,-35.0000,-0.6560,-0.6570,-32.0000
1788242164.6141,-0.6560,-0.6640,-33.0000,-0.6560,-0.6770,-37.0000,-0.6560,-0.6780,-34.0000,-0.6560,-0.6550,-32.0000
1788242164.6640,-0.6560,-0.6620,-33.0000,-0.6560,-0.6770,-36.0000,-0.6560,-0.6690,-34.0000,-0.6560,-0.6480,-32.0000
1788242164.7140,-0.6560,-0.6570,-34.0000,-0.6560,-0.6470,-38.0000,-0.6560,-0.6560,-35.0000,-0.6560,-0.6700,-31.0000
1788242164.7641,-0.6560,-0.6610,-33.0000,-0.6560,-0.6230,-39.0000,-0.6560,-0.6490,-35.0000,-0.6560,-0.6500,-32.0000
1788242164.8138,-0.6560,-0.6590,-33.0000,-0.6560,-0.6200,-40.0000,-0.6560,-0.6750,-34.0000,-0.6560,-0.6550,-32.0000
1788242164.8638,-0.6560,-0.6700,-33.0000,-0.6560,-0.6530,-38.0000,-0.6560,-0.6720,-34.0000,-0.6560,-0.6500,-32.0000
1788242164.9140,-0.6560,-0.6640,-33.0000,-0.6560,-0.6740,-37.0000,-0.6560,-0.6650,-34.0000,-0.6560,-0.6630,-31.0000
1788242164.9640,-0.6560,-0.6540,-33.0000,-0.6560,-0.6680,-38.0000,-0.6560,-0.6540,-34.0000,-0.6560,-0.6420,-33.0000
1788242165.0141,-0.6560,-0.6530,-33.0000,-0.6560,-0.6480,-39.0000,-0.6560,-0.6600,-34.0000,-0.6560,-0.6580,-32.0000
1788242165.0641,-0.6560,-0.6530,-33.0000,-0.6560,-0.6680,-37.0000,-0.6560,-0.6580,-34.0000,-0.6560,-0.6430,-33.0000
1788242165.1143,-0.6560,-0.6710,-32.0000,-0.6560,-0.6850,-36.0000,-0.6560,-0.6680,-33.0000,-0.6560,-0.6690,-31.0000
1788242165.1640,-0.6560,-0.6590,-33.0000,-0.6560,-0.6820,-36.0000,-0.6560,-0.6580,-34.0000,-0.6560,-0.6460,-32.0000
1788242165.2141,-0.6560,-0.6600,-33.0000,-0.6560,-0.6640,-37.0000,-0.6560,-0.6680,-33.0000,-0.6560,-0.6550,-32.0000
1788242165.2640,-0.6560,-0.6610,-33.0000,-0.6560,-0.6540,-37.0000,-0.6560,-0.6690,-33.0000,-0.6560,-0.6400,-33.0000
1788242165.3141,-0.6560,-0.6480,-33.0000,-0.6560,-0.6170,-39.0000,-0.6560,-0.6530,-34.0000,-0.6560,-0.6640,-32.0000
1788242165.3641,-0.6560,-0.6320,-34.0000,-0.6560,-0.5950,-41.0000,-0.6560,-0.6300,-35.0000,-0.6560,-0.6520,-32.0000
1788242165.4141,-0.6560,-0.6340,-34.0000,-0.6560,-0.5840,-42.0000,-0.6560,-0.6530,-34.0000,-0.6560,-0.6600,-32.0000
1788242165.4642,-0.6560,-0.6390,-34.0000,-0.6560,-0.5970,-42.0000,-0.6560,-0.6660,-33.0000,-0.6560,-0.6390,-33.0000
1788242165.5142,-0.6560,-0.6400,-35.0000,-0.6560,-0.6380,-41.0000,-0.6560,-0.6450,-35.0000,-0.6560,-0.6690,-31.0000
1788242165.5640,-0.6560,-0.6560,-34.0000,-0.6560,-0.6730,-39.0000,-0.6560,-0.6500,-34.0000,-0.6560,-0.6470,-33.0000
1788242165.6143,-0.6560,-0.6660,-33.0000,-0.6560,-0.6810,-39.0000,-0.6560,-0.6630,-34.0000,-0.6560,-0.6590,-32.0000
1788242165.6641,-0.6560,-0.6680,-33.0000,-0.6560,-0.6850,-38.0000,-0.6560,-0.6650,-34.0000,-0.6560,-0.6410,-33.0000
1788242165.7141,-0.6560,-0.6650,-33.0000,-0.6560,-0.6870,-38.0000,-0.6560,-0.6650,-34.0000,-0.6560,-0.6640,-32.0000
1788242165.7648,-0.6560,-0.6620,-33.0000,-0.6560,-0.7060,-36.0000,-0.6560,-0.6570,-34.0000,-0.6560,-0.6590,-32.0000
1788242165.8138,-0.6560,-0.6760,-32.0000,-0.6560,-0.6950,-36.0000,-0.6560,-0.6450,-35.0000,-0.6560,-0.6640,-32.0000
1788242165.8647,-0.6560,-0.6710,-33.0000,-0.6560,-0.6930,-36.0000,-0.6560,-0.6710,-33.0000,-0.6560,-0.6520,-32.0000
1788242165.9148,-0.6560,-0.6720,-32.0000,-0.6560,-0.6940,-36.0000,-0.6560,-0.6600,-34.0000,-0.6560,-0.6650,-32.0000
1788242165.9652,-0.6560,-0.6580,-33.0000,-0.6560,-0.6670,-37.0000,-0.6560,-0.6570,-34.0000,-0.6560,-0.6570,-32.0000
1788242166.0142,-0.6560,-0.6650,-32.0000,-0.6560,-0.6180,-39.0000,-0.6560,-0.6450,-34.0000,-0.6560,-0.6520,-32.0000
1788242166.0641,-0.6560,-0.6600,-33.0000,-0.6560,-0.6010,-40.0000,-0.6560,-0.6660,-33.0000,-0.6560,-0.6510,-32.0000
1788242166.1151,-0.6560,-0.6670,-32.0000,-0.6560,-0.6330,-39.0000,-0.6560,-0.6650,-33.0000,-0.6560,-0.6550,-32.0000
1788242166.1641,-0.6560,-0.6510,-33.0000,-0.6560,-0.6890,-36.0000,-0.6560,-0.6850,-32.0000,-0.6560,-0.6620,-32.0000
1788242166.2152,-0.6560,-0.6640,-32.0000,-0.6560,-0.6730,-37.0000,-0.6560,-0.6590,-33.0000,-0.6560,-0.6550,-32.0000
1788242166.2641,-0.6560,-0.6590,-33.0000,-0.6560,-0.6470,-38.0000,-0.6560,-0.6630,-33.0000,-0.6560,-0.6510,-32.0000
1788242166.3141,-0.6560,-0.6590,-32.0000,-0.6560,-0.6590,-38.0000,-0.6560,-0.6570,-33.0000,-0.6560,-0.6580,-32.0000
1788242166.3641,-0.6560,-0.6590,-32.0000,-0.6560,-0.6990,-35.0000,-0.6560,-0.6690,-32.0000,-0.6560,-0.6680,-32.0000
1788242166.4141,-0.6560,-0.6620,-32.0000,-0.6560,-0.6840,-36.0000,-0.6560,-0.6690,-32.0000,-0.6560,-0.6530,-32.0000
1788242166.4636,-0.6560,-0.6640,-32.0000,-0.6560,-0.6870,-35.0000,-0.6560,-0.6800,-32.0000,-0.6560,-0.6620,-32.0000
1788242166.5142,-0.6560,-0.6640,-32.0000,-0.6560,-0.6850,-35.0000,-0.6560,-0.6640,-32.0000,-0.6560,-0.6580,-32.0000
1788242166.5641,-0.6560,-0.6660,-32.0000,-0.6560,-0.6860,-35.0000,-0.6560,-0.6580,-32.0000,-0.6560,-0.6810,-31.0000
1788242166.6142,-0.6560,-0.6660,-32.0000,-0.6560,-0.6680,-36.0000,-0.6560,-0.6380,-34.0000,-0.6560,-0.6580,-32.0000
1788242166.6648,-0.6560,-0.6530,-32.0000,-0.6560,-0.6630,-36.0000,-0.6560,-0.6480,-33.0000,-0.6560,-0.6500,-32.0000
1788242166.7143,-0.6560,-0.6460,-33.0000,-0.6560,-0.5920,-40.0000,-0.6560,-0.6480,-33.0000,-0.6560,-0.6370,-33.0000
1788242166.7641,-0.6560,-0.5680,-37.0000,-0.6560,-0.5810,-41.0000,-0.6560,-0.6350,-34.0000,-0.6560,-0.6480,-32.0000
1788242166.8140,-0.6560,-0.6170,-35.0000,-0.6560,-0.6160,-39.0000,-0.6560,-0.6240,-35.0000,-0.6560,-0.6460,-33.0000
1788242166.8641,-0.6560,-0.6420,-34.0000,-0.6560,-0.6320,-39.0000,-0.6560,-0.6500,-34.0000,-0.6560,-0.6500,-32.0000
1788242166.9141,-0.6560,-0.6430,-34.0000,-0.6560,-0.6530,-38.0000,-0.6560,-0.6560,-33.0000,-0.6560,-0.6320,-34.0000
1788242166.9641,-0.6560,-0.6440,-35.0000,-0.6560,-0.6530,-38.0000,-0.6560,-0.6510,-34.0000,-0.6560,-0.6620,-32.0000
1788242167.0142,-0.6560,-0.6500,-34.0000,-0.6560,-0.6590,-38.0000,-0.6560,-0.6500,-34.0000,-0.6560,-0.6640,-32.0000
1788242167.0641,-0.6560,-0.6540,-34.0000,-0.6560,-0.6500,-39.0000,-0.6560,-0.6550,-34.0000,-0.6560,-0.6650,-32.0000
1788242167.1143,-0.6560,-0.6550,-34.0000,-0.6560,-0.6660,-38.0000,-0.6560,-0.6640,-33.0000,-0.6560,-0.6430,-33.0000
1788242167.1641,-0.6560,-0.6820,-33.0000,-0.6560,-0.6930,-36.0000,-0.6560,-0.6580,-34.0000,-0.6560,-0.6810,-31.0000
1788242167.2142,-0.6560,-0.6740,-33.0000,-0.6560,-0.6860,-36.0000,-0.6560,-0.6470,-34.0000,-0.6560,-0.6550,-32.0000
1788242167.2641,-0.6560,-0.6790,-32.0000,-0.6560,-0.6810,-36.0000,-0.6560,-0.6560,-34.0000,-0.6560,-0.6660,-31.0000
1788242167.3141,-0.6560,-0.6770,-32.0000,-0.6560,-0.6800,-36.0000,-0.6560,-0.6800,-32.0000,-0.6560,-0.6570,-32.0000
1788242167.3641,-0.6560,-0.6820,-32.0000,-0.6560,-0.6840,-35.0000,-0.6560,-0.6680,-33.0000,-0.6560,-0.6800,-30.0000
1788242167.4140,-0.1760,-0.5080,2.0000,-0.9190,-0.8540,-49.0000,-0.9190,-0.8120,-48.0000,-0.1760,-0.4940,3.0000
1788242167.4640,0.0000,-0.0520,0.0000,-0.9190,-0.7980,-54.0000,-0.9190,-0.9170,-44.0000,0.0000,-0.0520,0.0000
1788242167.5140,0.0000,-0.0040,0.0000,-0.9190,-0.8540,-52.0000,-0.9190,-0.8870,-47.0000,0.0000,-0.0040,0.0000
1788242167.5640,-0.3600,-0.0900,-34.0000,-0.6560,-0.7500,-36.0000,-0.6560,-0.8130,-28.0000,-0.3600,-0.1690,-30.0000
1788242167.6142,-0.6560,-0.6740,-31.0000,-0.6560,-0.6670,-39.0000,-0.6560,-0.6580,-35.0000,-0.6560,-0.6680,-31.0000
1788242167.6641,-0.6560,-0.6660,-34.0000,-0.6560,-0.6520,-39.0000,-0.6560,-0.6720,-33.0000,-0.6560,-0.6610,-34.0000
1788242167.7141,-0.2960,-0.6200,-6.0000,-0.9190,-0.7460,-57.0000,-0.9190,-0.7360,-53.0000,-0.2960,-0.6340,-5.0000
1788242167.7639,0.0000,-0.2190,0.0000,-0.9190,-0.8520,-53.0000,-0.9190,-0.8680,-47.0000,0.0000,-0.2470,0.0000
1788242167.8139,0.0000,-0.1290,0.0000,-0.9190,-0.8340,-56.0000,-0.9190,-0.8670,-49.0000,0.0000,-0.0940,0.0000
1788242167.8640,0.0000,-0.0750,0.0000,-0.9190,-0.8370,-57.0000,-0.9190,-0.8910,-48.0000,0.0000,-0.0170,0.0000
1788242167.9142,-0.6000,-0.3430,-42.0000,-0.6560,-0.6370,-45.0000,-0.6560,-0.7010,-35.0000,-0.6000,-0.3410,-42.0000
1788242167.9641,-0.6560,-0.7040,-31.0000,-0.6560,-0.6490,-43.0000,-0.6560,-0.6920,-34.0000,-0.6560,-0.7110,-31.0000
1788242168.0143,-0.6560,-0.6810,-33.0000,-0.6560,-0.6870,-40.0000,-0.6560,-0.6840,-33.0000,-0.6560,-0.6760,-34.0000
1788242168.0641,-0.6560,-0.7040,-32.0000,-0.6560,-0.7150,-38.0000,-0.6560,-0.6770,-33.0000,-0.6560,-0.7200,-32.0000
1788242168.1143,-0.6560,-0.7490,-29.0000,-0.6560,-0.7320,-37.0000,-0.6560,-0.6620,-34.0000,-0.6560,-0.7370,-30.0000
1788242168.1642,-0.6560,-0.6930,-32.0000,-0.6560,-0.7050,-38.0000,-0.6560,-0.6660,-34.0000,-0.6560,-0.6990,-32.0000
1788242168.2142,-0.6560,-0.6870,-31.0000,-0.6560,-0.7110,-37.0000,-0.6560,-0.6710,-33.0000,-0.6560,-0.6860,-32.0000
1788242168.2643,-0.6560,-0.6680,-32.0000,-0.6560,-0.7030,-36.0000,-0.6560,-0.6600,-34.0000,-0.6560,-0.6890,-31.0000
1788242168.3141,-0.2960,-0.5990,-4.0000,-1.0160,-0.7740,-63.0000,-0.2960,-0.6040,-5.0000,-1.0160,-0.7550,-58.0000
1788242168.3640,0.0720,-0.0310,9.0000,-1.2940,-1.1680,-69.0000,-0.0190,-0.0340,-1.0000,-1.3850,-1.3590,-60.0000
1788242168.4140,0.0720,0.0230,11.0000,-1.2940,-1.2280,-70.0000,-0.0190,-0.0010,1.0000,-1.3850,-1.4040,-61.0000
1788242168.4641,0.0720,0.0410,11.0000,-1.2940,-1.2620,-69.0000,-0.0190,-0.0000,1.0000,-1.3850,-1.4140,-62.0000
1788242168.5142,-0.2880,-0.0310,-24.0000,-0.9340,-1.2470,-39.0000,-0.3790,-0.0690,-34.0000,-1.0250,-1.3570,-33.0000
1788242168.5642,-0.6560,-0.5610,-30.0000,-0.6560,-0.7800,-37.0000,-0.6560,-0.6450,-30.0000,-0.6560,-0.7430,-31.0000
1788242168.6142,-0.6560,-0.6140,-31.0000,-0.6560,-0.7470,-35.0000,-0.6560,-0.6730,-32.0000,-0.6560,-0.6880,-30.0000
1788242168.6642,-0.6560,-0.6520,-31.0000,-0.6560,-0.7220,-34.0000,-0.6560,-0.6850,-32.0000,-0.6560,-0.6710,-29.0000
1788242168.7142,-0.6560,-0.6470,-31.0000,-0.6560,-0.6980,-35.0000,-0.6560,-0.6620,-33.0000,-0.6560,-0.6570,-30.0000
1788242168.7641,-0.6560,-0.6480,-31.0000,-0.6560,-0.6700,-35.0000,-0.6560,-0.6540,-33.0000,-0.6560,-0.6280,-31.0000
1788242168.8140,-0.6560,-0.6270,-33.0000,-0.6560,-0.6600,-36.0000,-0.6560,-0.6510,-34.0000,-0.6560,-0.6310,-31.0000
1788242168.8642,-0.6560,-0.6380,-32.0000,-0.6560,-0.5780,-40.0000,-0.6560,-0.6400,-34.0000,-0.6560,-0.6280,-32.0000
1788242168.9142,-0.7760,-0.6310,-43.0000,-0.5360,-0.5710,-31.0000,-0.7760,-0.6370,-45.0000,-0.5360,-0.5940,-24.0000
1788242168.9641,-1.3760,-0.9960,-77.0000,-0.0190,-0.2080,3.0000,-1.2940,-1.1080,-66.0000,0.0640,-0.1860,16.0000
1788242169.0140,-1.3850,-1.2830,-68.0000,-0.0190,0.0310,-7.0000,-1.2940,-1.3080,-59.0000,0.0720,0.0720,7.0000
1788242169.0640,-1.3850,-1.3400,-68.0000,-0.0190,0.0020,-4.0000,-1.2940,-1.2430,-64.0000,0.0720,0.0460,10.0000
1788242169.1141,-1.3850,-1.4360,-63.0000,-0.0190,0.0000,-4.0000,-1.2940,-1.2970,-62.0000,0.0720,0.0700,9.0000
1788242169.1639,-1.3850,-1.3940,-66.0000,-0.0190,0.0000,-4.0000,-1.2940,-1.3190,-61.0000,0.0720,0.0450,11.0000
1788242169.2143,-1.3850,-1.3920,-66.0000,-0.0190,0.0000,-4.0000,-1.2940,-1.3280,-60.0000,0.0720,0.0640,10.0000
1788242169.2641,-1.1450,-1.3560,-47.0000,-0.2590,-0.0230,-32.0000,-1.0540,-1.2700,-42.0000,-0.1680,0.0340,-16.0000
1788242169.3142,-0.6560,-0.8580,-30.0000,-0.6560,-0.6260,-36.0000,-0.6560,-0.8280,-29.0000,-0.6560,-0.4780,-35.0000
1788242169.3641,-0.6560,-0.6510,-37.0000,-0.6560,-0.6820,-36.0000,-0.6560,-0.6580,-34.0000,-0.6560,-0.6270,-31.0000
1788242169.4141,-0.6560,-0.6520,-35.0000,-0.6560,-0.6950,-36.0000,-0.6560,-0.6280,-35.0000,-0.6560,-0.6630,-30.0000
1788242169.4641,-0.6560,-0.6810,-33.0000,-0.6560,-0.6760,-37.0000,-0.6560,-0.6530,-33.0000,-0.6560,-0.6580,-31.0000
1788242169.5141,-0.6560,-0.6910,-32.0000,-0.6560,-0.6840,-36.0000,-0.6560,-0.6540,-33.0000,-0.6560,-0.6580,-31.0000
1788242169.5641,-0.6560,-0.6820,-33.0000,-0.6560,-0.6850,-36.0000,-0.6560,-0.6470,-33.0000,-0.6560,-0.6530,-31.0000
1788242169.6144,-0.6560,-0.6870,-32.0000,-0.6560,-0.6940,-35.0000,-0.6560,-0.6520,-33.0000,-0.6560,-0.6860,-29.0000
1788242169.6640,-0.6560,-0.6860,-32.0000,-0.6560,-0.6810,-35.0000,-0.6560,-0.6540,-33.0000,-0.6560,-0.6970,-29.0000
1788242169.7142,-0.7760,-0.6800,-42.0000,-0.5360,-0.6700,-25.0000,-0.7760,-0.6610,-43.0000,-0.5360,-0.6810,-19.0000
1788242169.7639,-1.3760,-1.0680,-74.0000,-0.0190,-0.3380,12.0000,-1.2940,-1.1140,-65.0000,0.0640,-0.2450,20.0000
1788242169.8139,-1.3850,-1.3320,-65.0000,-0.0190,-0.0230,-1.0000,-1.2940,-1.3180,-58.0000,0.0720,0.0680,9.0000
1788242169.8641,-1.3850,-1.2990,-70.0000,-0.0190,-0.0020,0.0000,-1.2940,-1.2890,-61.0000,0.0720,0.0460,12.0000
1788242169.9150,-0.7850,-1.1040,-29.0000,-0.6190,-0.3430,-42.0000,-0.6940,-1.0710,-20.0000,-0.5280,-0.2090,-35.0000
1788242169.9642,-0.6560,-0.6980,-35.0000,-0.6560,-0.6580,-33.0000,-0.6560,-0.6600,-34.0000,-0.6560,-0.6320,-28.0000
1788242170.0153,-0.6560,-0.6690,-34.0000,-0.6560,-0.6530,-35.0000,-0.6560,-0.6660,-32.0000,-0.6560,-0.6410,-30.0000
1788242170.0641,-0.6560,-0.6550,-34.0000,-0.6560,-0.6450,-36.0000,-0.6560,-0.6330,-33.0000,-0.6560,-0.6410,-31.0000
1788242170.1144,-0.6560,-0.6610,-34.0000,-0.6560,-0.6530,-35.0000,-0.6560,-0.6160,-34.0000,-0.6560,-0.6420,-31.0000
1788242170.1642,-0.6560,-0.6570,-34.0000,-0.6560,-0.6540,-35.0000,-0.6560,-0.6470,-32.0000,-0.6560,-0.6180,-33.0000
1788242170.2142,-0.6560,-0.6570,-34.0000,-0.6560,-0.6570,-35.0000,-0.6560,-0.6530,-32.0000,-0.6560,-0.6520,-31.0000
1788242170.2642,-0.6560,-0.6730,-33.0000,-0.6560,-0.6610,-35.0000,-0.6560,-0.6500,-33.0000,-0.6560,-0.6470,-32.0000
1788242170.3142,-0.6560,-0.6450,-34.0000,-0.6560,-0.6520,-36.0000,-0.6560,-0.6430,-33.0000,-0.6560,-0.6500,-31.0000
1788242170.3643,-0.6560,-0.6540,-34.0000,-0.6560,-0.6570,-35.0000,-0.6560,-0.6600,-32.0000,-0.6560,-0.6480,-32.0000
1788242170.4143,-0.6560,-0.6490,-34.0000,-0.6560,-0.6730,-34.0000,-0.6560,-0.6490,-33.0000,-0.6560,-0.6730,-30.0000
1788242170.4642,-0.6560,-0.6800,-32.0000,-0.6560,-0.6570,-35.0000,-0.6560,-0.6560,-32.0000,-0.6560,-0.6620,-31.0000
1788242170.5143,-0.6560,-0.6750,-32.0000,-0.6560,-0.6580,-35.0000,-0.6560,-0.6380,-34.0000,-0.6560,-0.6630,-31.0000
1788242170.5642,-0.6560,-0.6490,-34.0000,-0.6560,-0.6620,-35.0000,-0.6560,-0.6510,-33.0000,-0.6560,-0.6480,-31.0000
1788242170.6143,-0.6560,-0.6060,-36.0000,-0.6560,-0.6620,-35.0000,-0.6560,-0.6440,-33.0000,-0.6560,-0.6600,-31.0000
1788242170.6642,-0.6560,-0.6090,-36.0000,-0.6560,-0.6510,-35.0000,-0.6560,-0.6410,-34.0000,-0.6560,-0.6520,-31.0000
1788242170.7143,-0.6560,-0.6540,-34.0000,-0.6560,-0.6530,-35.0000,-0.6560,-0.6410,-34.0000,-0.6560,-0.6460,-32.0000
1788242170.7642,-0.6560,-0.6720,-33.0000,-0.6560,-0.6610,-35.0000,-0.6560,-0.6540,-33.0000,-0.6560,-0.6400,-32.0000
1788242170.8141,-0.6560,-0.6680,-34.0000,-0.6560,-0.6680,-34.0000,-0.6560,-0.6520,-33.0000,-0.6560,-0.6600,-31.0000
1788242170.8643,-0.6560,-0.6670,-33.0000,-0.6560,-0.6530,-35.0000,-0.6560,-0.6610,-33.0000,-0.6560,-0.6650,-31.0000
1788242170.9143,-0.6560,-0.6760,-33.0000,-0.6560,-0.6380,-36.0000,-0.6560,-0.6480,-34.0000,-0.6560,-0.6460,-32.0000
1788242170.9642,-0.6560,-0.6880,-32.0000,-0.6560,-0.6550,-35.0000,-0.6560,-0.6680,-33.0000,-0.6560,-0.6530,-31.0000
1788242171.0142,-0.6560,-0.6820,-32.0000,-0.6560,-0.6770,-34.0000,-0.6560,-0.6580,-33.0000,-0.6560,-0.6580,-31.0000
1788242171.0642,-0.6560,-0.6830,-31.0000,-0.6560,-0.6560,-35.0000,-0.6560,-0.6640,-33.0000,-0.6560,-0.6790,-30.0000
1788242171.1143,-0.6560,-0.6830,-31.0000,-0.6560,-0.6620,-35.0000,-0.6560,-0.6520,-33.0000,-0.6560,-0.6830,-30.0000
1788242171.1643,-0.6560,-0.6730,-31.0000,-0.6560,-0.6700,-34.0000,-0.6560,-0.6710,-32.0000,-0.6560,-0.6710,-30.0000
1788242171.2143,-0.6560,-0.6680,-31.0000,-0.6560,-0.6670,-34.0000,-0.6560,-0.6430,-34.0000,-0.6560,-0.6460,-31.0000
1788242171.2642,-0.6560,-0.6650,-31.0000,-0.6560,-0.6440,-35.0000,-0.6560,-0.6470,-33.0000,-0.6560,-0.6560,-31.0000
1788242171.3143,-0.6560,-0.5920,-36.0000,-0.6560,-0.6300,-36.0000,-0.6560,-0.6230,-35.0000,-0.6560,-0.6150,-33.0000
1788242171.3643,-0.6560,-0.5960,-36.0000,-0.6560,-0.5970,-38.0000,-0.6560,-0.6240,-35.0000,-0.6560,-0.6310,-32.0000
1788242171.4142,-0.6560,-0.6650,-32.0000,-0.6560,-0.6520,-36.0000,-0.6560,-0.6600,-33.0000,-0.6560,-0.6410,-32.0000
1788242171.4642,-0.6560,-0.6650,-32.0000,-0.6560,-0.6550,-36.0000,-0.6560,-0.6600,-34.0000,-0.6560,-0.6740,-30.0000
1788242171.5142,-0.6560,-0.6810,-31.0000,-0.6560,-0.6640,-35.0000,-0.6560,-0.6500,-34.0000,-0.6560,-0.6540,-32.0000
1788242171.5643,-0.6560,-0.6650,-32.0000,-0.6560,-0.6650,-35.0000,-0.6560,-0.6540,-34.0000,-0.6560,-0.6620,-31.0000
1788242171.6144,-0.6560,-0.6650,-32.0000,-0.6560,-0.6670,-35.0000,-0.6560,-0.6580,-34.0000,-0.6560,-0.6420,-32.0000
1788242171.6645,-0.6560,-0.6750,-31.0000,-0.6560,-0.6660,-35.0000,-0.6560,-0.6640,-33.0000,-0.6560,-0.6700,-31.0000
1788242171.7142,-0.6560,-0.6740,-31.0000,-0.6560,-0.6610,-35.0000,-0.6560,-0.6580,-34.0000,-0.6560,-0.6530,-32.0000
1788242171.7641,-0.6560,-0.6710,-31.0000,-0.6560,-0.6770,-34.0000,-0.6560,-0.6580,-34.0000,-0.6560,-0.6670,-31.0000
1788242171.8142,-0.6560,-0.6620,-32.0000,-0.6560,-0.6770,-34.0000,-0.6560,-0.6720,-33.0000,-0.6560,-0.6660,-31.0000
1788242171.8643,-0.6560,-0.6560,-32.0000,-0.6560,-0.6570,-35.0000,-0.6560,-0.6610,-33.0000,-0.6560,-0.6660,-31.0000
1788242171.9142,-0.6560,-0.6670,-31.0000,-0.6560,-0.6500,-35.0000,-0.6560,-0.6550,-34.0000,-0.6560,-0.6420,-32.0000
1788242171.9642,-0.6560,-0.5810,-36.0000,-0.6560,-0.6260,-37.0000,-0.6560,-0.6170,-36.0000,-0.6560,-0.6370,-32.0000
1788242172.0143,-0.6560,-0.6080,-35.0000,-0.6560,-0.6080,-38.0000,-0.6560,-0.6220,-36.0000,-0.6560,-0.6290,-33.0000
1788242172.0642,-0.6560,-0.6620,-32.0000,-0.6560,-0.6590,-36.0000,-0.6560,-0.6620,-34.0000,-0.6560,-0.6630,-31.0000
1788242172.1143,-0.6560,-0.6830,-31.0000,-0.6560,-0.6610,-36.0000,-0.6560,-0.6650,-34.0000,-0.6560,-0.6570,-31.0000
1788242172.1643,-0.6560,-0.6600,-33.0000,-0.6560,-0.6660,-35.0000,-0.6560,-0.6540,-34.0000,-0.6560,-0.6560,-31.0000
1788242172.2143,-0.6560,-0.6610,-32.0000,-0.6560,-0.6690,-35.0000,-0.6560,-0.6760,-33.0000,-0.6560,-0.6460,-32.0000
1788242172.2643,-0.6560,-0.6590,-32.0000,-0.6560,-0.6700,-35.0000,-0.6560,-0.6580,-34.0000,-0.6560,-0.6600,-31.0000
1788242172.3143,-0.6560,-0.6640,-32.0000,-0.6560,-0.6540,-36.0000,-0.6560,-0.6500,-34.0000,-0.6560,-0.6610,-31.0000
1788242172.3642,-0.6560,-0.6610,-32.0000,-0.6560,-0.6640,-35.0000,-0.6560,-0.6520,-34.0000,-0.6560,-0.6560,-31.0000
1788242172.4142,-0.6560,-0.6710,-31.0000,-0.6560,-0.6740,-34.0000,-0.6560,-0.6720,-33.0000,-0.6560,-0.6440,-32.0000
1788242172.4641,-0.6560,-0.6660,-32.0000,-0.6560,-0.6740,-34.0000,-0.6560,-0.6580,-34.0000,-0.6560,-0.6570,-31.0000
1788242172.5142,-0.6560,-0.6700,-31.0000,-0.6560,-0.6520,-35.0000,-0.6560,-0.6590,-34.0000,-0.6560,-0.6690,-31.0000
1788242172.5642,-0.6560,-0.6090,-35.0000,-0.6560,-0.6400,-36.0000,-0.6560,-0.6290,-35.0000,-0.6560,-0.6500,-32.0000
1788242172.6144,-0.6560,-0.6130,-35.0000,-0.6560,-0.6090,-38.0000,-0.6560,-0.6440,-35.0000,-0.6560,-0.6540,-32.0000
1788242172.6641,-0.6560,-0.6320,-34.0000,-0.6560,-0.6480,-36.0000,-0.6560,-0.6540,-34.0000,-0.6560,-0.6510,-32.0000
1788242172.7142,-0.6560,-0.6680,-32.0000,-0.6560,-0.6500,-36.0000,-0.6560,-0.6660,-34.0000,-0.6560,-0.6700,-31.0000
1788242172.7641,-0.6560,-0.6670,-32.0000,-0.6560,-0.6530,-36.0000,-0.6560,-0.6380,-35.0000,-0.6560,-0.6500,-32.0000
1788242172.8141,-0.6560,-0.6600,-33.0000,-0.6560,-0.6630,-36.0000,-0.6560,-0.6480,-35.0000,-0.6560,-0.6550,-32.0000
1788242172.8643,-0.6560,-0.6440,-34.0000,-0.6560,-0.6680,-35.0000,-0.6560,-0.6610,-34.0000,-0.6560,-0.6460,-32.0000
1788242172.9141,-1.1360,-0.8120,-66.0000,-0.1760,-0.5240,1.0000,-1.1360,-0.8470,-66.0000,-0.1760,-0.5030,3.0000
1788242172.9640,-1.3850,-1.3040,-65.0000,-0.0190,-0.0590,0.0000,-1.2940,-1.2500,-62.0000,0.0720,0.0880,4.0000
1788242173.0141,-1.3850,-1.3630,-66.0000,-0.0190,-0.0050,0.0000,-1.2940,-1.2580,-64.0000,0.0720,0.0390,10.0000
1788242173.0640,-1.3850,-1.4680,-61.0000,-0.0190,-0.0000,0.0000,-1.2940,-1.3460,-60.0000,0.0720,-0.0820,19.0000
1788242173.1141,-1.3850,-1.4400,-62.0000,-0.0190,-0.0440,3.0000,-1.2940,-1.3780,-58.0000,0.0720,0.0570,12.0000
1788242173.1641,-1.3850,-1.3930,-64.0000,-0.0190,-0.0620,4.0000,-1.2940,-1.3390,-60.0000,0.0720,0.0550,13.0000
1788242173.2142,-1.3850,-1.2990,-70.0000,-0.0190,-0.0070,1.0000,-1.2940,-1.3310,-59.0000,0.0720,0.0390,14.0000
1788242173.2640,-1.3850,-1.2830,-71.0000,-0.0190,0.0030,0.0000,-1.2940,-1.2700,-62.0000,0.0720,0.0150,16.0000
1788242173.3142,-1.3850,-1.3810,-66.0000,-0.0190,-0.0010,1.0000,-1.2940,-1.2850,-62.0000,0.0720,0.0150,16.0000
1788242173.3641,-1.3850,-1.4060,-65.0000,-0.0190,-0.0050,1.0000,-1.2940,-1.2980,-61.0000,0.0720,0.0470,15.0000
1788242173.4142,-1.3850,-1.4110,-65.0000,-0.0190,0.0000,0.0000,-1.2940,-1.2950,-61.0000,0.0720,0.0450,16.0000
1788242173.4641,-1.3850,-1.4030,-65.0000,-0.0190,0.0000,0.0000,-1.2940,-1.3070,-60.0000,0.0720,0.0570,15.0000
1788242173.5141,-1.3850,-1.3800,-67.0000,-0.0190,0.0010,0.0000,-1.2940,-1.3090,-60.0000,0.0720,0.0150,18.0000
1788242173.5641,-1.3850,-1.3820,-66.0000,-0.0190,0.0000,-1.0000,-1.2940,-1.2620,-63.0000,0.0720,0.0140,18.0000
1788242173.6143,-1.3850,-1.3850,-66.0000,-0.0190,0.0000,-1.0000,-1.2940,-1.2800,-62.0000,0.0720,0.0460,17.0000
1788242173.6640,-1.3850,-1.3990,-65.0000,-0.0190,0.0000,-1.0000,-1.2940,-1.2590,-63.0000,0.0720,0.0350,18.0000
1788242173.7142,-1.3850,-1.4230,-64.0000,-0.0190,0.0000,-1.0000,-1.2940,-1.2730,-63.0000,0.0720,0.0390,19.0000
1788242173.7640,-1.3850,-1.4080,-65.0000,-0.0190,0.0010,-2.0000,-1.2940,-1.2810,-63.0000,0.0720,0.0290,20.0000
1788242173.8139,-1.3850,-1.3570,-67.0000,-0.0190,-0.0010,-2.0000,-1.2940,-1.3030,-61.0000,0.0720,0.0310,20.0000
1788242173.8641,-1.3850,-1.3480,-68.0000,-0.0190,-0.0000,-2.0000,-1.2940,-1.2900,-62.0000,0.0720,0.0100,22.0000
1788242173.9143,-1.3850,-1.3660,-67.0000,-0.0190,-0.0000,-2.0000,-1.2940,-1.3020,-62.0000,0.0720,0.0490,20.0000
1788242173.9640,-1.3850,-1.3920,-66.0000,-0.0190,-0.0000,-2.0000,-1.2940,-1.2750,-63.0000,0.0720,0.0730,19.0000
1788242174.0142,-1.3850,-1.4370,-63.0000,-0.0190,-0.0000,-3.0000,-1.2940,-1.2850,-63.0000,0.0720,0.0600,20.0000
1788242174.0641,-1.3850,-1.4200,-64.0000,-0.0190,-0.0000,-3.0000,-1.2940,-1.2780,-63.0000,0.0720,0.0780,19.0000
1788242174.1148,-1.3850,-1.3900,-66.0000,-0.0190,-0.0010,-3.0000,-1.2940,-1.3220,-61.0000,0.0720,0.0790,19.0000
1788242174.1641,-1.3850,-1.3540,-67.0000,-0.0190,-0.0000,-3.0000,-1.2940,-1.3220,-61.0000,0.0720,0.0410,21.0000
1788242174.2143,-1.3850,-1.4080,-64.0000,-0.0190,-0.0000,-4.0000,-1.2940,-1.2750,-63.0000,0.0720,0.0180,23.0000
1788242174.2641,-1.3850,-1.3870,-66.0000,-0.0190,-0.0000,-4.0000,-1.2940,-1.2980,-62.0000,0.0720,0.0550,21.0000
1788242174.3147,-1.3850,-1.3780,-66.0000,-0.0190,0.0000,-4.0000,-1.2940,-1.2670,-64.0000,0.0720,0.0380,22.0000
1788242174.3642,-1.3850,-1.4030,-65.0000,-0.0190,0.0000,-4.0000,-1.2940,-1.2900,-63.0000,0.0720,0.0280,23.0000
1788242174.4151,-1.3850,-1.3760,-66.0000,-0.0190,-0.0030,-4.0000,-1.2940,-1.3000,-62.0000,0.0720,0.0570,22.0000
1788242174.4642,-1.3850,-1.3480,-68.0000,-0.0190,-0.0020,-5.0000,-1.2940,-1.3100,-62.0000,0.0720,0.0450,23.0000
1788242174.5158,-1.3850,-1.3730,-67.0000,-0.0190,-0.0000,-5.0000,-1.2940,-1.2880,-63.0000,0.0720,0.0340,24.0000
1788242174.5648,-1.3850,-1.3970,-65.0000,-0.0190,-0.0000,-5.0000,-1.2940,-1.2960,-62.0000,0.0720,0.0460,24.0000
1788242174.6171,-1.3850,-1.3840,-66.0000,-0.0190,-0.0000,-6.0000,-1.2940,-1.2630,-64.0000,0.0720,0.0740,22.0000
1788242174.6662,-1.3850,-1.4010,-65.0000,-0.0190,-0.0000,-6.0000,-1.2940,-1.3080,-62.0000,0.0720,0.0530,24.0000
1788242174.7146,-1.3850,-1.3950,-65.0000,-0.0190,-0.0000,-6.0000,-1.2940,-1.2850,-63.0000,0.0720,0.0710,23.0000
1788242174.7644,-1.3850,-1.3960,-65.0000,-0.0190,-0.0060,-6.0000,-1.2940,-1.3630,-58.0000,0.0720,0.0440,25.0000
1788242174.8141,-1.3850,-1.3840,-66.0000,-0.0190,-0.0010,-6.0000,-1.2940,-1.3090,-61.0000,0.0720,0.0130,27.0000
1788242174.8641,-1.3850,-1.3920,-65.0000,-0.0190,-0.0000,-7.0000,-1.2940,-1.2990,-61.0000,0.0720,0.0280,26.0000
1788242174.9144,-0.9050,-1.2170,-33.0000,-0.4990,-0.2470,-43.0000,-0.8140,-1.1270,-28.0000,-0.4080,-0.0300,-22.0000
1788242174.9643,-0.6560,-0.7040,-35.0000,-0.6560,-0.7110,-35.0000,-0.6560,-0.6450,-37.0000,-0.6560,-0.5220,-21.0000
1788242175.0143,-0.6560,-0.6830,-33.0000,-0.6560,-0.7090,-37.0000,-0.6560,-0.6220,-36.0000,-0.6560,-0.5210,-25.0000
1788242175.0643,-0.6560,-0.6630,-33.0000,-0.6560,-0.7090,-37.0000,-0.6560,-0.6080,-36.0000,-0.6560,-0.5430,-26.0000
1788242175.1145,-0.6560,-0.6670,-32.0000,-0.6560,-0.6860,-38.0000,-0.6560,-0.6090,-36.0000,-0.6560,-0.5320,-29.0000
1788242175.1644,-0.6560,-0.6580,-33.0000,-0.6560,-0.6910,-37.0000,-0.6560,-0.6120,-37.0000,-0.6560,-0.5460,-29.0000
1788242175.2144,-0.6560,-0.6500,-33.0000,-0.6560,-0.6940,-37.0000,-0.6560,-0.6640,-34.0000,-0.6560,-0.5610,-30.0000
1788242175.2643,-0.6560,-0.6610,-32.0000,-0.6560,-0.6790,-37.0000,-0.6560,-0.6860,-33.0000,-0.6560,-0.5760,-30.0000
1788242175.3144,-0.6560,-0.6700,-32.0000,-0.6560,-0.6770,-37.0000,-0.6560,-0.6830,-33.0000,-0.6560,-0.6150,-29.0000
1788242175.3643,-0.6560,-0.6730,-31.0000,-0.6560,-0.6900,-36.0000,-0.6560,-0.6750,-33.0000,-0.6560,-0.6060,-30.0000
1788242175.4144,-0.6560,-0.6660,-32.0000,-0.6560,-0.6950,-35.0000,-0.6560,-0.6920,-32.0000,-0.6560,-0.6210,-30.0000
1788242175.4643,-0.6560,-0.6670,-31.0000,-0.6560,-0.6680,-37.0000,-0.6560,-0.6690,-33.0000,-0.6560,-0.6180,-31.0000
1788242175.5143,-0.6560,-0.6660,-31.0000,-0.6560,-0.6640,-36.0000,-0.6560,-0.6740,-33.0000,-0.6560,-0.6480,-29.0000
1788242175.5644,-0.6560,-0.6610,-32.0000,-0.6560,-0.6600,-37.0000,-0.6560,-0.6530,-34.0000,-0.6560,-0.6300,-31.0000
1788242175.6144,-0.6560,-0.6590,-32.0000,-0.6560,-0.6740,-36.0000,-0.6560,-0.6770,-32.0000,-0.6560,-0.6380,-31.0000
1788242175.6644,-0.6560,-0.6730,-31.0000,-0.6560,-0.6730,-36.0000,-0.6560,-0.6610,-33.0000,-0.6560,-0.6310,-31.0000
1788242175.7144,-0.6560,-0.6640,-31.0000,-0.6560,-0.6570,-36.0000,-0.6560,-0.6580,-33.0000,-0.6560,-0.6550,-30.0000
1788242175.7643,-0.6560,-0.6440,-32.0000,-0.6560,-0.6200,-38.0000,-0.6560,-0.5910,-37.0000,-0.6560,-0.6500,-31.0000
1788242175.8141,-0.6560,-0.5920,-35.0000,-0.6560,-0.6380,-38.0000,-0.6560,-0.6340,-35.0000,-0.6560,-0.6450,-31.0000
1788242175.8643,-0.6560,-0.6180,-34.0000,-0.6560,-0.6580,-37.0000,-0.6560,-0.6600,-34.0000,-0.6560,-0.6270,-32.0000
1788242175.9144,-0.6560,-0.6400,-33.0000,-0.6560,-0.6540,-37.0000,-0.6560,-0.6460,-35.0000,-0.6560,-0.6380,-32.0000
1788242175.9643,-0.6560,-0.6490,-33.0000,-0.6560,-0.6620,-37.0000,-0.6560,-0.6360,-35.0000,-0.6560,-0.6570,-31.0000
1788242176.0144,-0.6560,-0.6680,-32.0000,-0.6560,-0.6660,-36.0000,-0.6560,-0.6710,-33.0000,-0.6560,-0.6450,-32.0000
1788242176.0643,-0.6560,-0.6730,-32.0000,-0.6560,-0.6800,-36.0000,-0.6560,-0.6660,-34.0000,-0.6560,-0.6530,-31.0000
1788242176.1144,-0.6560,-0.6610,-33.0000,-0.6560,-0.6750,-36.0000,-0.6560,-0.6760,-33.0000,-0.6560,-0.6560,-31.0000
1788242176.1643,-0.6560,-0.6620,-32.0000,-0.6560,-0.6700,-36.0000,-0.6560,-0.6540,-34.0000,-0.6560,-0.6680,-30.0000
1788242176.2144,-0.6560,-0.6580,-33.0000,-0.6560,-0.6730,-35.0000,-0.6560,-0.6670,-33.0000,-0.6560,-0.6550,-31.0000
1788242176.2644,-0.6560,-0.6680,-32.0000,-0.6560,-0.6880,-34.0000,-0.6560,-0.6730,-33.0000,-0.6560,-0.6660,-31.0000
1788242176.3144,-0.6560,-0.6800,-31.0000,-0.6560,-0.6610,-35.0000,-0.6560,-0.6740,-32.0000,-0.6560,-0.6540,-31.0000
1788242176.3643,-0.6560,-0.6730,-31.0000,-0.6560,-0.6660,-35.0000,-0.6560,-0.6630,-33.0000,-0.6560,-0.6780,-30.0000
1788242176.4143,-0.6560,-0.6720,-31.0000,-0.6560,-0.6700,-35.0000,-0.6560,-0.6710,-32.0000,-0.6560,-0.6580,-31.0000
1788242176.4643,-1.0160,-0.7550,-57.0000,-0.2960,-0.6060,-7.0000,-1.0160,-0.7420,-60.0000,-0.2960,-0.5810,-4.0000
1788242176.5143,-1.3850,-1.2230,-67.0000,-0.0190,-0.0500,-1.0000,-1.2940,-1.2070,-62.0000,0.0720,0.0320,7.0000
1788242176.5643,-1.3850,-1.3590,-64.0000,-0.0190,-0.0030,0.0000,-1.2940,-1.2490,-63.0000,0.0720,0.0320,11.0000
1788242176.6145,-1.3850,-1.4040,-63.0000,-0.0190,-0.0000,0.0000,-1.2940,-1.2530,-64.0000,0.0720,0.0830,9.0000
1788242176.6643,-1.3850,-1.3870,-64.0000,-0.0190,-0.0000,0.0000,-1.2940,-1.2640,-64.0000,0.0720,0.0770,10.0000
1788242176.7144,-1.3850,-1.3920,-64.0000,-0.0190,-0.0010,0.0000,-1.2940,-1.2320,-67.0000,0.0720,0.0750,10.0000
1788242176.7642,-1.3850,-1.3850,-64.0000,-0.0190,-0.0000,0.0000,-1.2940,-1.2920,-64.0000,0.0720,0.0980,9.0000
1788242176.8141,-1.3850,-1.3580,-65.0000,-0.0190,-0.0010,0.0000,-1.2940,-1.3390,-61.0000,0.0720,0.0750,10.0000
1788242176.8642,-1.3850,-1.3950,-63.0000,-0.0190,-0.0000,-1.0000,-1.2940,-1.3630,-60.0000,0.0720,0.0480,12.0000
1788242176.9143,-1.3850,-1.3810,-64.0000,-0.0190,-0.0000,-1.0000,-1.2940,-1.3410,-60.0000,0.0720,0.0440,12.0000
1788242176.9644,-1.3850,-1.3740,-65.0000,-0.0190,-0.0000,-1.0000,-1.2940,-1.3060,-62.0000,0.0720,0.0610,11.0000
1788242177.0143,-1.3850,-1.3790,-65.0000,-0.0190,-0.0000,-1.0000,-1.2940,-1.2970,-62.0000,0.0720,0.0610,12.0000
1788242177.0643,-1.3850,-1.3720,-65.0000,-0.0190,-0.0000,-1.0000,-1.2940,-1.3000,-62.0000,0.0720,0.0200,14.0000
1788242177.1144,-1.3850,-1.3420,-67.0000,-0.0190,-0.0000,-2.0000,-1.2940,-1.3200,-60.0000,0.0720,0.0430,13.0000
1788242177.1642,-1.3850,-1.3910,-65.0000,-0.0190,-0.0290,0.0000,-1.2940,-1.3380,-59.0000,0.0720,0.0890,11.0000
1788242177.2143,-1.3850,-1.4100,-64.0000,-0.0190,-0.0890,3.0000,-1.2940,-1.3430,-58.0000,0.0720,0.0200,15.0000
1788242177.2642,-1.3850,-1.3680,-66.0000,-0.0190,-0.0550,2.0000,-1.2940,-1.3120,-60.0000,0.0720,0.0270,15.0000
1788242177.3143,-1.3850,-1.3880,-65.0000,-0.0190,-0.0040,-1.0000,-1.2940,-1.2500,-63.0000,0.0720,0.0710,13.0000
1788242177.3643,-0.7850,-1.1190,-27.0000,-0.6190,-0.3660,-42.0000,-0.6940,-1.0200,-22.0000,-0.5280,-0.1980,-34.0000
1788242177.4144,-0.6560,-0.6940,-34.0000,-0.6560,-0.6650,-33.0000,-0.6560,-0.6740,-34.0000,-0.6560,-0.6540,-25.0000
1788242177.4642,-0.6560,-0.6950,-31.0000,-0.6560,-0.6660,-35.0000,-0.6560,-0.6630,-32.0000,-0.6560,-0.6210,-30.0000
1788242177.5144,-0.6560,-0.6770,-31.0000,-0.6560,-0.6930,-33.0000,-0.6560,-0.6590,-32.0000,-0.6560,-0.6450,-29.0000
1788242177.5643,-0.6560,-0.6640,-32.0000,-0.6560,-0.6880,-33.0000,-0.6560,-0.6490,-32.0000,-0.6560,-0.6320,-30.0000
1788242177.6145,-0.6560,-0.6640,-31.0000,-0.6560,-0.6690,-34.0000,-0.6560,-0.6660,-31.0000,-0.6560,-0.6500,-30.0000
1788242177.6645,-0.6560,-0.6680,-31.0000,-0.6560,-0.6570,-35.0000,-0.6560,-0.6390,-33.0000,-0.6560,-0.6310,-31.0000
1788242177.7143,-0.6560,-0.5940,-35.0000,-0.6560,-0.6520,-35.0000,-0.6560,-0.6470,-32.0000,-0.6560,-0.6440,-30.0000
1788242177.7643,-0.6560,-0.6180,-34.0000,-0.6560,-0.6050,-37.0000,-0.6560,-0.6140,-34.0000,-0.6560,-0.6370,-31.0000
1788242177.8142,-0.6560,-0.6610,-32.0000,-0.6560,-0.6170,-37.0000,-0.6560,-0.5540,-38.0000,-0.6560,-0.6370,-31.0000
1788242177.8644,-0.6560,-0.6590,-32.0000,-0.6560,-0.6290,-37.0000,-0.6560,-0.5760,-38.0000,-0.6560,-0.6340,-32.0000
1788242177.9144,-0.6560,-0.6110,-35.0000,-0.6560,-0.5910,-40.0000,-0.6560,-0.5890,-38.0000,-0.6560,-0.6450,-31.0000
1788242177.9644,-0.6560,-0.5940,-37.0000,-0.6560,-0.5500,-43.0000,-0.6560,-0.6310,-36.0000,-0.6560,-0.6600,-31.0000
1788242178.0144,-0.6560,-0.6280,-35.0000,-0.6560,-0.6110,-40.0000,-0.6560,-0.6220,-38.0000,-0.6560,-0.6510,-31.0000
1788242178.0643,-0.6560,-0.6710,-33.0000,-0.6560,-0.6660,-37.0000,-0.6560,-0.6810,-35.0000,-0.6560,-0.6570,-31.0000
1788242178.1144,-0.6560,-0.6920,-32.0000,-0.6560,-0.6870,-37.0000,-0.6560,-0.6790,-35.0000,-0.6560,-0.6500,-31.0000
1788242178.1644,-0.6560,-0.6980,-31.0000,-0.6560,-0.7150,-35.0000,-0.6560,-0.6930,-34.0000,-0.6560,-0.6760,-30.0000
1788242178.2144,-0.6560,-0.6860,-32.0000,-0.6560,-0.6930,-35.0000,-0.6560,-0.6750,-34.0000,-0.6560,-0.6610,-31.0000
1788242178.2644,-0.6560,-0.7050,-30.0000,-0.6560,-0.7240,-33.0000,-0.6560,-0.7140,-32.0000,-0.6560,-0.6750,-30.0000
1788242178.3144,-0.6560,-0.7000,-30.0000,-0.6560,-0.7060,-34.0000,-0.6560,-0.6880,-33.0000,-0.6560,-0.6730,-30.0000
1788242178.3643,-0.6560,-0.7080,-29.0000,-0.6560,-0.7030,-33.0000,-0.6560,-0.6920,-32.0000,-0.6560,-0.6910,-28.0000
1788242178.4145,-0.6560,-0.6820,-30.0000,-0.6560,-0.6730,-34.0000,-0.6560,-0.6740,-33.0000,-0.6560,-0.6550,-30.0000
1788242178.4644,-0.6560,-0.6650,-30.0000,-0.6560,-0.6560,-35.0000,-0.6560,-0.6810,-32.0000,-0.6560,-0.6430,-31.0000
1788242178.5144,-0.6560,-0.6570,-31.0000,-0.6560,-0.6550,-35.0000,-0.6560,-0.6480,-33.0000,-0.6560,-0.6320,-31.0000
1788242178.5644,-0.6560,-0.6600,-30.0000,-0.6560,-0.6480,-35.0000,-0.6560,-0.6340,-34.0000,-0.6560,-0.6570,-30.0000
1788242178.6145,-0.6560,-0.6430,-31.0000,-0.6560,-0.6230,-37.0000,-0.6560,-0.6210,-35.0000,-0.6560,-0.6350,-32.0000
1788242178.6644,-0.6560,-0.6430,-31.0000,-0.6560,-0.5200,-43.0000,-0.6560,-0.6460,-34.0000,-0.6560,-0.6380,-32.0000
1788242178.7146,-0.6560,-0.5730,-36.0000,-0.6560,-0.5460,-43.0000,-0.6560,-0.5620,-39.0000,-0.6560,-0.6370,-32.0000
1788242178.7643,-0.6560,-0.6420,-32.0000,-0.6560,-0.6340,-39.0000,-0.6560,-0.6420,-35.0000,-0.6560,-0.6640,-30.0000
1788242178.8144,-0.6560,-0.6660,-31.0000,-0.6560,-0.6970,-36.0000,-0.6560,-0.6640,-34.0000,-0.6560,-0.6480,-31.0000
1788242178.8651,-0.6560,-0.6700,-31.0000,-0.6560,-0.6850,-37.0000,-0.6560,-0.6830,-33.0000,-0.6560,-0.6550,-31.0000
1788242178.9144,-0.9190,-0.9170,-41.0000,-0.0560,-0.4620,13.0000,-0.0560,-0.4350,14.0000,-0.9190,-0.9030,-41.0000
1788242178.9643,-0.9190,-0.9140,-42.0000,0.0000,-0.0380,0.0000,0.0000,-0.0400,0.0000,-0.9190,-0.9250,-42.0000
1788242179.0143,-0.9190,-0.8350,-48.0000,0.0000,-0.0030,0.0000,0.0000,-0.0030,0.0000,-0.9190,-0.8960,-44.0000
1788242179.0644,-0.6560,-0.7300,-31.0000,-0.4800,-0.2060,-39.0000,-0.4800,-0.1970,-39.0000,-0.6560,-0.7420,-29.0000
1788242179.1144,-0.6560,-0.6760,-32.0000,-0.6560,-0.6950,-31.0000,-0.6560,-0.7050,-30.0000,-0.6560,-0.6660,-31.0000
1788242179.1644,-0.6560,-0.6400,-34.0000,-0.6560,-0.6520,-36.0000,-0.6560,-0.6540,-36.0000,-0.6560,-0.6350,-33.0000
1788242179.2144,-0.6560,-0.6380,-34.0000,-0.6560,-0.6590,-36.0000,-0.6560,-0.6930,-34.0000,-0.6560,-0.6380,-32.0000
1788242179.2643,-0.6560,-0.6430,-34.0000,-0.6560,-0.6620,-36.0000,-0.6560,-0.6710,-35.0000,-0.6560,-0.6250,-33.0000
1788242179.3145,-0.6560,-0.6150,-35.0000,-0.6560,-0.6670,-35.0000,-0.6560,-0.6660,-35.0000,-0.6560,-0.6630,-31.0000
1788242179.3643,-0.6560,-0.6030,-36.0000,-0.6560,-0.6410,-37.0000,-0.6560,-0.6510,-36.0000,-0.6560,-0.6480,-32.0000
1788242179.4144,-0.6560,-0.6270,-35.0000,-0.6560,-0.6380,-37.0000,-0.6560,-0.6700,-34.0000,-0.6560,-0.6620,-31.0000
1788242179.4644,-0.9190,-0.7640,-51.0000,-0.2960,-0.6160,-7.0000,-0.2960,-0.6100,-6.0000,-0.9190,-0.7380,-50.0000
1788242179.5144,-0.9190,-0.8750,-47.0000,0.0000,-0.0980,0.0000,0.0000,-0.0970,0.0000,-0.9190,-0.8950,-44.0000
1788242179.5642,-0.9190,-0.8690,-49.0000,0.0000,-0.0270,0.0000,0.0000,-0.0780,0.0000,-0.9190,-0.9120,-44.0000
1788242179.6143,-0.9190,-0.9080,-47.0000,0.0000,-0.1790,0.0000,0.0000,-0.2450,0.0000,-0.9190,-0.8970,-45.0000
1788242179.6643,-0.9190,-0.8710,-50.0000,0.0000,-0.0560,0.0000,0.0000,-0.1240,0.0000,-0.9190,-0.8810,-46.0000
1788242179.7143,-0.9190,-0.8840,-49.0000,0.0000,-0.0040,0.0000,0.0000,-0.0120,0.0000,-0.9190,-0.8730,-47.0000
1788242179.7642,-0.9190,-0.8920,-49.0000,0.0000,-0.0080,0.0000,0.0000,-0.0010,0.0000,-0.9190,-0.8860,-47.0000
1788242179.8143,-0.9190,-0.8360,-53.0000,0.0000,-0.0060,0.0000,0.0000,-0.0000,0.0000,-0.9190,-0.9000,-46.0000
1788242179.8650,-0.9190,-0.9090,-49.0000,0.0000,-0.0010,0.0000,0.0000,-0.0000,0.0000,-0.9190,-0.9180,-46.0000
1788242179.9143,-0.9190,-0.9440,-48.0000,0.0000,-0.0010,0.0000,0.0000,-0.0030,0.0000,-0.9190,-0.9150,-46.0000
1788242179.9644,-0.6790,-0.9020,-29.0000,-0.2400,-0.0200,-28.0000,-0.2400,-0.0140,-28.0000,-0.6790,-0.9060,-26.0000
1788242180.0156,-0.6560,-0.7200,-35.0000,-0.6560,-0.5850,-35.0000,-0.6560,-0.5680,-36.0000,-0.6560,-0.6830,-34.0000
1788242180.0644,-0.6560,-0.6800,-36.0000,-0.6560,-0.6330,-37.0000,-0.6560,-0.6620,-35.0000,-0.6560,-0.6650,-34.0000
1788242180.1145,-0.6560,-0.7150,-33.0000,-0.6560,-0.6730,-35.0000,-0.6560,-0.6910,-34.0000,-0.6560,-0.6820,-32.0000
1788242180.1644,-0.6560,-0.7040,-33.0000,-0.6560,-0.6720,-36.0000,-0.6560,-0.6870,-35.0000,-0.6560,-0.6970,-31.0000
1788242180.2145,-0.6560,-0.6990,-33.0000,-0.6560,-0.6880,-34.0000,-0.6560,-0.6840,-34.0000,-0.6560,-0.6780,-32.0000
1788242180.2644,-0.6560,-0.6990,-32.0000,-0.6560,-0.6950,-34.0000,-0.6560,-0.6950,-33.0000,-0.6560,-0.6800,-31.0000
1788242180.3145,-0.6560,-0.6790,-33.0000,-0.6560,-0.6880,-34.0000,-0.6560,-0.6910,-33.0000,-0.6560,-0.6690,-32.0000
1788242180.3644,-1.0160,-0.7740,-58.0000,-0.2960,-0.5950,-7.0000,-1.0160,-0.7540,-61.0000,-0.2960,-0.6120,-3.0000
1788242180.4143,-1.3850,-1.1930,-71.0000,-0.0190,-0.0950,1.0000,-1.2940,-1.2950,-58.0000,0.0720,0.0240,6.0000
1788242180.4643,-1.3850,-1.3730,-65.0000,-0.0190,-0.0080,0.0000,-1.2940,-1.3040,-61.0000,0.0720,0.0480,9.0000
1788242180.5143,-1.3850,-1.4160,-64.0000,-0.0190,0.0020,0.0000,-1.2940,-1.3010,-62.0000,0.0720,0.0760,9.0000
1788242180.5644,-1.1450,-1.4030,-44.0000,-0.2590,-0.0070,-28.0000,-1.0540,-1.2870,-42.0000,-0.1680,0.0420,-17.0000
1788242180.6146,-0.5450,-0.9030,-17.0000,-0.8590,-0.6020,-50.0000,-0.4540,-0.7700,-15.0000,-0.7680,-0.4980,-44.0000
1788242180.6643,0.0550,-0.2730,15.0000,-1.2940,-1.1570,-64.0000,-0.0190,-0.1980,6.0000,-1.3680,-1.0740,-70.0000
1788242180.7145,-0.4080,-0.1490,-33.0000,-0.8140,-1.1110,-29.0000,-0.4990,-0.2040,-38.0000,-0.9050,-1.2250,-27.0000
1788242180.7644,-0.6560,-0.6500,-29.0000,-0.6560,-0.6370,-39.0000,-0.6560,-0.6700,-29.0000,-0.6560,-0.6450,-36.0000
1788242180.8144,-0.6560,-0.6180,-33.0000,-0.6560,-0.6520,-36.0000,-0.6560,-0.5910,-36.0000,-0.6560,-0.6740,-31.0000
1788242180.8644,-0.6560,-0.5440,-38.0000,-0.6560,-0.5910,-39.0000,-0.6560,-0.6170,-35.0000,-0.6560,-0.6280,-33.0000
1788242180.9145,-0.4160,-0.6070,-15.0000,-0.8960,-0.6750,-56.0000,-0.4160,-0.6200,-15.0000,-0.8960,-0.6860,-51.0000
1788242180.9645,0.0720,-0.1080,11.0000,-1.2940,-1.1150,-69.0000,-0.0190,-0.1660,6.0000,-1.3850,-1.2460,-65.0000
1788242181.0142,0.0720,0.0160,9.0000,-1.2940,-1.2520,-66.0000,-0.0190,-0.0190,1.0000,-1.3850,-1.3780,-62.0000
1788242181.0643,0.0720,0.0610,8.0000,-1.2940,-1.2380,-69.0000,-0.0190,-0.0010,2.0000,-1.3850,-1.3440,-65.0000
1788242181.1146,-0.2880,-0.0620,-25.0000,-0.9340,-1.2000,-40.0000,-0.3790,-0.0610,-34.0000,-1.0250,-1.2780,-38.0000
1788242181.1644,-0.6560,-0.6720,-26.0000,-0.6560,-0.7680,-36.0000,-0.6560,-0.6600,-29.0000,-0.6560,-0.7410,-33.0000
1788242181.2145,-0.6560,-0.7170,-27.0000,-0.6560,-0.7150,-35.0000,-0.6560,-0.6790,-31.0000,-0.6560,-0.6900,-31.0000
1788242181.2645,-0.6560,-0.6380,-32.0000,-0.6560,-0.6880,-36.0000,-0.6560,-0.6540,-33.0000,-0.6560,-0.6090,-35.0000
1788242181.3146,-0.0560,-0.4090,16.0000,-1.2560,-1.0060,-70.0000,-0.0560,-0.4500,17.0000,-1.2560,-0.9680,-68.0000
1788242181.3643,0.0720,0.0990,6.0000,-1.2940,-1.2710,-63.0000,-0.0190,-0.0090,1.0000,-1.3850,-1.3830,-61.0000
1788242181.4144,0.0720,0.0480,11.0000,-1.2940,-1.3110,-63.0000,-0.0190,-0.0020,2.0000,-1.3850,-1.3820,-64.0000
1788242181.4643,0.0720,0.0780,10.0000,-1.2940,-1.2970,-64.0000,-0.0190,-0.0040,3.0000,-1.3850,-1.4100,-63.0000
1788242181.5144,0.0720,0.0680,11.0000,-1.2940,-1.2250,-68.0000,-0.0190,-0.0000,3.0000,-1.3850,-1.4010,-63.0000
1788242181.5643,0.0720,0.0760,11.0000,-1.2940,-1.2690,-66.0000,-0.0190,-0.0000,3.0000,-1.3850,-1.3850,-64.0000
1788242181.6144,0.0720,0.0600,12.0000,-1.2940,-1.2750,-66.0000,-0.0190,-0.0000,2.0000,-1.3850,-1.4300,-61.0000
1788242181.6644,0.0720,0.0810,10.0000,-1.2940,-1.3290,-63.0000,-0.0190,-0.0020,2.0000,-1.3850,-1.3910,-63.0000
1788242181.7143,0.0720,0.0820,10.0000,-1.2940,-1.3340,-63.0000,-0.0190,-0.0110,3.0000,-1.3850,-1.4090,-62.0000
1788242181.7643,0.0720,0.0810,10.0000,-1.2940,-1.3400,-62.0000,-0.0190,-0.0040,2.0000,-1.3850,-1.3940,-63.0000
1788242181.8142,0.0720,0.0690,11.0000,-1.2940,-1.2620,-67.0000,-0.0190,-0.0000,2.0000,-1.3850,-1.4020,-62.0000
1788242181.8642,0.0720,0.0600,11.0000,-1.2940,-1.2550,-67.0000,-0.0190,-0.0000,1.0000,-1.3850,-1.3500,-65.0000
1788242181.9143,0.0720,0.0440,12.0000,-1.2940,-1.2710,-66.0000,-0.0190,-0.0000,1.0000,-1.3850,-1.4210,-61.0000
1788242181.9643,0.0720,0.0550,12.0000,-1.2940,-1.3010,-65.0000,-0.0190,-0.0020,1.0000,-1.3850,-1.3770,-64.0000
1788242182.0145,0.0720,0.0850,10.0000,-1.2940,-1.3220,-64.0000,-0.0190,-0.0100,1.0000,-1.3850,-1.4110,-62.0000
1788242182.0643,0.0720,0.1050,9.0000,-1.2940,-1.3350,-63.0000,-0.0190,-0.0110,1.0000,-1.3850,-1.3820,-63.0000
1788242182.1144,0.0720,0.0800,10.0000,-1.2940,-1.3260,-63.0000,-0.0190,-0.0010,0.0000,-1.3850,-1.4180,-61.0000
1788242182.1643,0.0720,0.0670,11.0000,-1.2940,-1.3030,-64.0000,-0.0190,-0.0000,0.0000,-1.3850,-1.3550,-64.0000
1788242182.2144,0.0720,0.0860,10.0000,-1.2940,-1.2500,-67.0000,-0.0190,-0.0000,0.0000,-1.3850,-1.3630,-64.0000
1788242182.2651,0.0720,0.0510,12.0000,-1.2940,-1.2740,-65.0000,-0.0190,0.0060,-1.0000,-1.3850,-1.3690,-64.0000
1788242182.3145,0.0720,0.0390,13.0000,-1.2940,-1.2960,-64.0000,-0.0190,-0.0070,0.0000,-1.3850,-1.4070,-62.0000
1788242182.3645,0.0720,0.0770,11.0000,-1.2940,-1.3220,-63.0000,-0.0190,-0.0030,-1.0000,-1.3850,-1.3930,-63.0000
1788242182.4145,0.0720,0.0390,13.0000,-1.2940,-1.3100,-63.0000,-0.0190,-0.0000,-1.0000,-1.3850,-1.4120,-61.0000
1788242182.4643,0.0720,0.0320,14.0000,-1.2940,-1.2920,-64.0000,-0.0190,-0.0000,-1.0000,-1.3850,-1.3730,-63.0000
1788242182.5145,0.0720,0.0790,11.0000,-1.2940,-1.2360,-67.0000,-0.0190,-0.0000,-1.0000,-1.3850,-1.3390,-65.0000
1788242182.5643,0.0720,0.0540,13.0000,-1.2940,-1.2550,-67.0000,-0.0190,0.0050,-2.0000,-1.3850,-1.3540,-65.0000
1788242182.6146,-0.1680,0.0220,-13.0000,-1.0540,-1.2920,-44.0000,-0.2590,-0.0110,-30.0000,-1.1450,-1.3920,-42.0000
1788242182.6647,-0.6560,-0.4450,-34.0000,-0.6560,-0.8620,-30.0000,-0.6560,-0.5970,-35.0000,-0.6560,-0.8730,-25.0000
1788242182.7146,-0.6560,-0.6500,-27.0000,-0.6560,-0.6900,-35.0000,-0.6560,-0.6790,-35.0000,-0.6560,-0.6780,-31.0000
1788242182.7645,-0.6560,-0.6530,-29.0000,-0.6560,-0.6880,-34.0000,-0.6560,-0.6770,-35.0000,-0.6560,-0.6640,-30.0000
1788242182.8143,-0.6560,-0.6860,-27.0000,-0.6560,-0.6580,-35.0000,-0.6560,-0.6750,-35.0000,-0.6560,-0.6660,-30.0000
1788242182.8645,-0.6560,-0.6190,-31.0000,-0.6560,-0.6510,-35.0000,-0.6560,-0.6910,-34.0000,-0.6560,-0.6330,-32.0000
1788242182.9141,-0.6560,-0.6290,-30.0000,-0.6560,-0.6580,-34.0000,-0.6560,-0.6770,-35.0000,-0.6560,-0.6500,-31.0000
1788242182.9645,-0.6560,-0.6110,-32.0000,-0.6560,-0.6230,-36.0000,-0.6560,-0.6570,-36.0000,-0.6560,-0.6150,-33.0000
1788242183.0145,-0.5360,-0.6070,-22.0000,-0.7760,-0.5360,-52.0000,-0.5360,-0.6510,-25.0000,-0.7760,-0.5720,-46.0000
1788242183.0646,0.0640,-0.2100,17.0000,-1.2940,-0.9850,-75.0000,-0.0190,-0.3030,11.0000,-1.3760,-1.0040,-77.0000
1788242183.1145,0.0720,0.0700,8.0000,-1.2940,-1.3000,-63.0000,-0.0190,-0.0000,-2.0000,-1.3850,-1.3780,-62.0000
1788242183.1657,0.0720,0.0780,9.0000,-1.2940,-1.2860,-66.0000,-0.0190,-0.0020,0.0000,-1.3850,-1.3850,-64.0000
1788242183.2152,0.0720,0.0080,14.0000,-1.2940,-1.3750,-61.0000,-0.0190,-0.0070,0.0000,-1.3850,-1.4480,-61.0000
1788242183.2644,0.0720,0.1030,8.0000,-1.2940,-1.3520,-62.0000,-0.0190,-0.0420,2.0000,-1.3850,-1.4210,-62.0000
1788242183.3145,0.0720,0.0940,9.0000,-1.2940,-1.3570,-61.0000,-0.0190,-0.0940,6.0000,-1.3850,-1.3690,-65.0000
1788242183.3644,0.0720,0.0640,11.0000,-1.2940,-1.2830,-65.0000,-0.0190,-0.0230,2.0000,-1.3850,-1.2640,-71.0000
1788242183.4148,0.0720,0.0390,12.0000,-1.2940,-1.2470,-67.0000,-0.0190,0.0010,1.0000,-1.3850,-1.4020,-64.0000
1788242183.4644,0.0720,0.0380,12.0000,-1.2940,-1.2960,-64.0000,-0.0190,-0.0030,1.0000,-1.3850,-1.3950,-64.0000
1788242183.5154,-0.0480,0.0460,1.0000,-1.1740,-1.3380,-51.0000,-0.1390,-0.0180,-13.0000,-1.2650,-1.4280,-52.0000
1788242183.5645,-0.6480,-0.3220,-40.0000,-0.6560,-0.9610,-25.0000,-0.6560,-0.4490,-40.0000,-0.6650,-1.0140,-21.0000
1788242183.6147,-0.6560,-0.6250,-29.0000,-0.6560,-0.6830,-35.0000,-0.6560,-0.6870,-31.0000,-0.6560,-0.6940,-32.0000
1788242183.6645,-0.6560,-0.6200,-32.0000,-0.6560,-0.6690,-34.0000,-0.6560,-0.6840,-32.0000,-0.6560,-0.6670,-31.0000
1788242183.7146,-0.6560,-0.6350,-32.0000,-0.6560,-0.6620,-34.0000,-0.6560,-0.6440,-35.0000,-0.6560,-0.6270,-33.0000
1788242183.7649,-0.6560,-0.6420,-32.0000,-0.6560,-0.6420,-35.0000,-0.6560,-0.6690,-33.0000,-0.6560,-0.5830,-36.0000
1788242183.8144,-0.6560,-0.6410,-32.0000,-0.6560,-0.6240,-36.0000,-0.6560,-0.6520,-34.0000,-0.6560,-0.5770,-37.0000
1788242183.8645,-0.6560,-0.6340,-33.0000,-0.6560,-0.6150,-37.0000,-0.6560,-0.6430,-35.0000,-0.6560,-0.6080,-35.0000
1788242183.9145,-0.6560,-0.6560,-32.0000,-0.6560,-0.6600,-34.0000,-0.6560,-0.6320,-35.0000,-0.6560,-0.6490,-34.0000
1788242183.9645,-0.1760,-0.4980,3.0000,-1.1360,-0.8420,-67.0000,-0.1760,-0.5400,3.0000,-1.1360,-0.8480,-65.0000
1788242184.0145,0.0720,0.0200,8.0000,-1.2940,-1.2340,-63.0000,-0.0190,-0.0540,1.0000,-1.3850,-1.3820,-62.0000
1788242184.0644,0.0720,0.0010,13.0000,-1.2940,-1.3240,-61.0000,-0.0190,-0.0200,2.0000,-1.3850,-1.4330,-62.0000
1788242184.1148,0.0720,0.0030,14.0000,-1.2940,-1.3390,-61.0000,-0.0190,-0.0480,5.0000,-1.3850,-1.4640,-61.0000
1788242184.1645,0.0720,0.0710,11.0000,-1.2940,-1.2450,-66.0000,-0.0190,-0.0180,3.0000,-1.3850,-1.3520,-67.0000
1788242184.2145,0.0720,0.0620,12.0000,-1.2940,-1.1710,-70.0000,-0.0190,0.0090,2.0000,-1.3850,-1.3890,-64.0000
1788242184.2644,0.0720,0.0610,12.0000,-1.2940,-1.2430,-67.0000,-0.0190,0.0010,2.0000,-1.3850,-1.3930,-64.0000
1788242184.3146,-0.0480,0.0160,4.0000,-1.1740,-1.3350,-53.0000,-0.1390,-0.0050,-13.0000,-1.2650,-1.4280,-52.0000
1788242184.3651,-0.6480,-0.3180,-39.0000,-0.6560,-0.9440,-27.0000,-0.6560,-0.4260,-40.0000,-0.6650,-1.0160,-20.0000
1788242184.4145,-0.6560,-0.6140,-29.0000,-0.6560,-0.6890,-36.0000,-0.6560,-0.6490,-32.0000,-0.6560,-0.6760,-33.0000
1788242184.4646,-0.6560,-0.6270,-30.0000,-0.6560,-0.6810,-35.0000,-0.6560,-0.6380,-34.0000,-0.6560,-0.6590,-31.0000
1788242184.5145,-0.0560,-0.4220,18.0000,-0.9190,-0.9310,-44.0000,-0.9190,-0.9000,-44.0000,-0.0560,-0.3680,14.0000
1788242184.5644,0.0000,-0.1510,0.0000,-0.9190,-0.8870,-48.0000,-0.9190,-0.9050,-46.0000,0.0000,-0.0260,0.0000
1788242184.6146,0.4800,0.1320,42.0000,-0.6560,-0.6460,-39.0000,-0.6560,-0.7890,-29.0000,0.4800,0.2030,39.0000
1788242184.6645,0.6560,0.5280,41.0000,-0.6560,-0.6380,-38.0000,-0.6560,-0.6380,-36.0000,0.6560,0.6980,31.0000
1788242184.7144,0.6560,0.5610,43.0000,-0.6560,-0.5830,-41.0000,-0.6560,-0.6530,-34.0000,0.6560,0.5120,44.0000
1788242184.7644,0.6560,0.6910,37.0000,-0.6560,-0.5250,-45.0000,-0.6560,-0.6440,-35.0000,0.6560,0.6340,38.0000
1788242184.8143,0.6560,0.6990,37.0000,-0.6560,-0.5890,-42.0000,-0.6560,-0.6480,-35.0000,0.6560,0.6560,38.0000
1788242184.8644,0.6560,0.6760,38.0000,-0.6560,-0.6440,-40.0000,-0.6560,-0.6560,-34.0000,0.6560,0.6780,37.0000
1788242184.9145,0.6560,0.6800,38.0000,-0.6560,-0.6640,-39.0000,-0.6560,-0.6300,-36.0000,0.6560,0.6340,39.0000
1788242184.9644,0.5360,0.6760,27.0000,-0.7760,-0.6810,-49.0000,-0.7760,-0.5960,-48.0000,0.5360,0.6130,30.0000
1788242185.0144,0.0000,0.2620,0.0000,-0.9190,-0.8810,-52.0000,-0.9190,-0.8320,-50.0000,0.0000,0.2550,0.0000
1788242185.0647,-0.3600,-0.0760,-34.0000,-0.6560,-0.8820,-30.0000,-0.6560,-0.7820,-32.0000,-0.3600,-0.0870,-34.0000
1788242185.1146,-0.6560,-0.6680,-31.0000,-0.6560,-0.7240,-37.0000,-0.6560,-0.6690,-37.0000,-0.6560,-0.6800,-31.0000
1788242185.1646,-0.6560,-0.6570,-35.0000,-0.6560,-0.7120,-36.0000,-0.6560,-0.6700,-36.0000,-0.6560,-0.6920,-33.0000
1788242185.2146,-0.6560,-0.6900,-34.0000,-0.6560,-0.6900,-36.0000,-0.6560,-0.6460,-37.0000,-0.6560,-0.6960,-33.0000
1788242185.2645,-0.6560,-0.6910,-33.0000,-0.6560,-0.6910,-35.0000,-0.6560,-0.6650,-36.0000,-0.6560,-0.6820,-34.0000
1788242185.3158,-0.6560,-0.6860,-33.0000,-0.6560,-0.6260,-39.0000,-0.6560,-0.6570,-37.0000,-0.6560,-0.6900,-33.0000
1788242185.3646,-0.0560,-0.4100,12.0000,-0.9190,-0.8260,-52.0000,-0.9190,-0.8780,-48.0000,-0.0560,-0.4000,12.0000
1788242185.4145,0.0000,-0.0330,0.0000,-0.9190,-0.9010,-50.0000,-0.9190,-0.9260,-47.0000,0.0000,-0.0450,0.0000
1788242185.4644,0.4800,0.0430,48.0000,-0.6560,-0.7130,-38.0000,-0.6560,-0.8600,-28.0000,0.4800,0.0500,48.0000
1788242185.5145,0.6560,0.5750,38.0000,-0.6560,-0.7350,-35.0000,-0.6560,-0.6430,-38.0000,0.6560,0.5150,43.0000
1788242185.5644,0.6560,0.7120,34.0000,-0.6560,-0.6260,-40.0000,-0.6560,-0.5880,-40.0000,0.6560,0.7230,35.0000
1788242185.6145,0.6560,0.7230,34.0000,-0.6560,-0.6590,-38.0000,-0.6560,-0.5920,-40.0000,0.6560,0.7320,35.0000
1788242185.6644,0.6560,0.6700,37.0000,-0.6560,-0.6890,-36.0000,-0.6560,-0.6340,-38.0000,0.6560,0.6510,40.0000
1788242185.7144,0.1760,0.4970,3.0000,-0.9190,-0.8300,-52.0000,-0.9190,-0.7780,-54.0000,0.1760,0.5070,4.0000
1788242185.7643,0.0000,0.0230,0.0000,-0.9190,-0.8280,-54.0000,-0.9190,-0.8820,-51.0000,0.0000,0.0460,0.0000
1788242185.8143,0.0000,0.0020,0.0000,-0.9190,-0.7730,-59.0000,-0.9190,-0.9150,-50.0000,0.0000,0.0040,0.0000
1788242185.8644,0.0000,-0.0550,0.0000,-0.9190,-0.8540,-56.0000,-0.9190,-0.9460,-49.0000,0.0000,0.0000,0.0000
1788242185.9144,0.0000,-0.1790,0.0000,-0.9190,-0.9330,-52.0000,-0.9190,-0.9270,-50.0000,0.0000,-0.0790,0.0000
1788242185.9644,0.3600,-0.0520,41.0000,-0.6560,-0.8910,-31.0000,-0.6560,-0.9280,-26.0000,0.3600,0.0150,38.0000
1788242186.0145,0.6560,0.5320,40.0000,-0.6560,-0.7470,-37.0000,-0.6560,-0.7090,-36.0000,0.6560,0.4850,43.0000
1788242186.0644,0.6560,0.6670,37.0000,-0.6560,-0.7230,-37.0000,-0.6560,-0.6550,-37.0000,0.6560,0.6050,41.0000
1788242186.1146,0.6560,0.6990,36.0000,-0.6560,-0.6960,-37.0000,-0.6560,-0.5790,-41.0000,0.6560,0.6900,37.0000
1788242186.1645,0.5360,0.7160,25.0000,-0.7760,-0.6930,-47.0000,-0.7760,-0.6320,-49.0000,0.5360,0.6920,27.0000
1788242186.2146,0.0000,0.2550,0.0000,-0.9190,-0.9200,-48.0000,-0.9190,-0.8780,-50.0000,0.0000,0.2940,0.0000
1788242186.2644,0.0000,0.0160,0.0000,-0.9190,-0.8900,-51.0000,-0.9190,-0.9040,-50.0000,0.0000,0.0180,0.0000
1788242186.3144,0.0000,0.0010,0.0000,-0.9190,-0.8480,-54.0000,-0.9190,-0.9170,-50.0000,0.0000,0.0010,0.0000
1788242186.3645,0.0000,-0.0220,0.0000,-0.9190,-0.8430,-55.0000,-0.9190,-0.9480,-49.0000,0.0000,0.0000,0.0000
1788242186.4145,0.0000,-0.1210,0.0000,-0.9190,-0.9020,-52.0000,-0.9190,-0.8730,-53.0000,0.0000,-0.0720,0.0000
1788242186.4644,0.0000,-0.1500,0.0000,-0.9190,-0.9280,-51.0000,-0.9190,-0.9440,-49.0000,0.0000,-0.0980,0.0000
1788242186.5145,0.0000,-0.0810,0.0000,-0.9190,-0.9600,-49.0000,-0.9190,-0.9390,-49.0000,0.0000,-0.0950,0.0000
1788242186.5645,0.0000,-0.0070,0.0000,-0.9190,-0.9410,-50.0000,-0.9190,-0.8960,-51.0000,0.0000,-0.0710,0.0000
1788242186.6146,0.0000,-0.0010,0.0000,-0.9190,-0.9440,-50.0000,-0.9190,-0.8880,-52.0000,0.0000,-0.0170,0.0000
1788242186.6645,0.0000,0.0010,0.0000,-0.9190,-0.9490,-49.0000,-0.9190,-0.9200,-50.0000,0.0000,-0.0010,0.0000
1788242186.7143,0.0000,0.0000,0.0000,-0.9190,-0.9360,-50.0000,-0.9190,-0.9310,-50.0000,0.0000,-0.0000,0.0000
1788242186.7653,0.0000,0.0000,0.0000,-0.9190,-0.9000,-51.0000,-0.9190,-0.9010,-52.0000,0.0000,-0.0000,0.0000
1788242186.8143,0.0000,-0.0010,0.0000,-0.9190,-0.8730,-53.0000,-0.9190,-0.8890,-53.0000,0.0000,-0.0000,0.0000
1788242186.8655,0.0000,-0.0040,0.0000,-0.9190,-0.8930,-52.0000,-0.9190,-0.8880,-53.0000,0.0000,-0.0000,0.0000
1788242186.9144,0.0000,-0.0040,0.0000,-0.9190,-0.9270,-51.0000,-0.9190,-0.9260,-51.0000,0.0000,-0.0000,0.0000
1788242186.9649,0.0000,-0.0000,0.0000,-0.9190,-0.9260,-51.0000,-0.9190,-0.9170,-52.0000,0.0000,-0.0000,0.0000
1788242187.0144,0.0000,-0.0000,0.0000,-0.9190,-0.9310,-50.0000,-0.9190,-0.9080,-52.0000,0.0000,-0.0000,0.0000
1788242187.0645,0.0000,-0.0000,0.0000,-0.9190,-0.9470,-49.0000,-0.9190,-0.9350,-51.0000,0.0000,-0.0000,0.0000
1788242187.1146,0.0000,-0.0000,0.0000,-0.9190,-0.9350,-50.0000,-0.9190,-0.9330,-51.0000,0.0000,-0.0000,0.0000
1788242187.1647,0.6000,0.3100,43.0000,-0.6560,-0.7170,-38.0000,-0.6560,-0.7320,-38.0000,0.6000,0.2330,48.0000
1788242187.2145,0.6560,0.5730,39.0000,-0.6560,-0.6730,-38.0000,-0.6560,-0.6510,-40.0000,0.6560,0.5660,40.0000
1788242187.2645,0.6560,0.6470,37.0000,-0.6560,-0.6500,-39.0000,-0.6560,-0.6340,-41.0000,0.6560,0.6760,37.0000
1788242187.3145,0.6560,0.6950,35.0000,-0.6560,-0.5930,-42.0000,-0.6560,-0.6280,-41.0000,0.6560,0.7220,35.0000
1788242187.3643,0.6560,0.6430,38.0000,-0.6560,-0.6370,-40.0000,-0.6560,-0.6460,-40.0000,0.6560,0.6810,37.0000
1788242187.4146,0.6560,0.6530,37.0000,-0.6560,-0.6050,-42.0000,-0.6560,-0.6350,-41.0000,0.6560,0.6880,36.0000
1788242187.4644,0.6560,0.6510,38.0000,-0.6560,-0.6500,-40.0000,-0.6560,-0.6800,-39.0000,0.6560,0.6710,36.0000
1788242187.5145,0.6560,0.6500,38.0000,-0.6560,-0.6650,-39.0000,-0.6560,-0.6700,-39.0000,0.6560,0.6480,38.0000
1788242187.5643,0.6560,0.6770,36.0000,-0.6560,-0.6410,-40.0000,-0.6560,-0.6350,-41.0000,0.6560,0.6650,36.0000
1788242187.6145,0.6560,0.6750,36.0000,-0.6560,-0.6600,-39.0000,-0.6560,-0.5960,-44.0000,0.6560,0.6630,37.0000
1788242187.6644,0.6560,0.6820,36.0000,-0.6560,-0.6650,-39.0000,-0.6560,-0.6300,-42.0000,0.6560,0.6490,37.0000
1788242187.7145,0.6560,0.6650,36.0000,-0.6560,-0.6740,-39.0000,-0.6560,-0.6370,-42.0000,0.6560,0.6130,39.0000
1788242187.7646,0.6560,0.6740,36.0000,-0.6560,-0.6540,-40.0000,-0.6560,-0.6360,-43.0000,0.6560,0.6420,38.0000
1788242187.8142,0.6560,0.6660,36.0000,-0.6560,-0.6280,-41.0000,-0.6560,-0.6190,-44.0000,0.6560,0.6510,38.0000
1788242187.8643,0.6560,0.6530,37.0000,-0.6560,-0.6100,-42.0000,-0.6560,-0.6230,-44.0000,0.6560,0.6910,36.0000
1788242187.9145,0.6560,0.6370,37.0000,-0.6560,-0.5630,-46.0000,-0.6560,-0.6120,-45.0000,0.6560,0.6870,36.0000
1788242187.9644,0.6560,0.6230,38.0000,-0.6560,-0.5620,-47.0000,-0.6560,-0.6250,-45.0000,0.6560,0.7000,35.0000
1788242188.0146,0.6560,0.6260,39.0000,-0.6560,-0.6190,-44.0000,-0.6560,-0.6620,-43.0000,0.6560,0.6550,37.0000
1788242188.0644,0.6560,0.6100,40.0000,-0.6560,-0.6280,-45.0000,-0.6560,-0.6890,-42.0000,0.6560,0.6560,36.0000
1788242188.1146,0.4160,0.5990,20.0000,-0.8960,-0.7080,-61.0000,-0.8960,-0.7320,-60.0000,0.4160,0.6480,16.0000
1788242188.1644,0.0000,0.1300,0.0000,-0.9190,-0.9240,-53.0000,-0.9190,-0.9230,-53.0000,0.0000,0.1470,0.0000
1788242188.2145,0.0000,0.0090,0.0000,-0.9190,-0.9690,-52.0000,-0.9190,-0.9730,-50.0000,0.0000,0.0100,0.0000
1788242188.2645,0.0000,-0.0030,0.0000,-0.9190,-1.0270,-48.0000,-0.9190,-0.9950,-49.0000,0.0000,-0.0200,0.0000
1788242188.3145,0.0000,-0.1270,0.0000,-0.9190,-0.9700,-51.0000,-0.9190,-0.9560,-50.0000,0.0000,-0.0880,0.0000
1788242188.3644,0.0000,-0.0790,0.0000,-0.9190,-0.9220,-53.0000,-0.9190,-0.9390,-51.0000,0.0000,-0.0240,0.0000
1788242188.4153,0.0000,-0.0210,0.0000,-0.9190,-0.9180,-53.0000,-0.9190,-0.9510,-50.0000,0.0000,0.0040,0.0000
1788242188.4646,0.0000,-0.0030,0.0000,-0.9190,-0.8950,-54.0000,-0.9190,-0.9210,-51.0000,0.0000,-0.0010,0.0000
1788242188.5145,0.0000,-0.0510,0.0000,-0.9190,-0.8600,-56.0000,-0.9190,-0.9250,-51.0000,0.0000,-0.0030,0.0000
1788242188.5645,0.0000,-0.0800,0.0000,-0.9190,-0.9170,-53.0000,-0.9190,-0.9560,-49.0000,0.0000,-0.0000,0.0000
1788242188.6146,0.0000,-0.0560,0.0000,-0.9190,-0.9470,-52.0000,-0.9190,-0.9320,-50.0000,0.0000,-0.0020,0.0000
1788242188.6645,0.0000,-0.0110,0.0000,-0.9190,-0.9660,-50.0000,-0.9190,-0.9270,-50.0000,0.0000,-0.0010,0.0000
1788242188.7145,0.0000,0.0000,0.0000,-0.9190,-0.9910,-48.0000,-0.9190,-0.9140,-51.0000,0.0000,-0.0000,0.0000
1788242188.7646,0.0000,0.0000,0.0000,-0.9190,-0.9550,-50.0000,-0.9190,-0.9240,-50.0000,0.0000,-0.0000,0.0000
1788242188.8143,0.0000,0.0000,0.0000,-0.9190,-0.9700,-49.0000,-0.9190,-0.9320,-49.0000,0.0000,-0.0010,0.0000
1788242188.8659,0.0000,0.0000,0.0000,-0.9190,-0.8870,-53.0000,-0.9190,-0.9190,-50.0000,0.0000,-0.0000,0.0000
1788242188.9154,0.0000,0.0000,0.0000,-0.9190,-0.8510,-55.0000,-0.9190,-0.8990,-51.0000,0.0000,0.0010,0.0000
1788242188.9674,0.0000,-0.0020,0.0000,-0.9190,-0.8680,-54.0000,-0.9190,-0.9390,-49.0000,0.0000,0.0000,0.0000
1788242189.0155,0.0000,-0.0040,0.0000,-0.9190,-0.9250,-52.0000,-0.9190,-0.9280,-49.0000,0.0000,0.0000,0.0000
1788242189.0669,0.0000,-0.0010,0.0000,-0.9190,-0.9450,-51.0000,-0.9190,-0.9080,-51.0000,0.0000,-0.0010,0.0000
1788242189.1168,0.0000,-0.0000,0.0000,-0.9190,-0.9650,-50.0000,-0.9190,-0.9240,-50.0000,0.0000,-0.0000,0.0000
1788242189.1679,0.0000,0.0010,0.0000,-0.9190,-0.9630,-49.0000,-0.9190,-0.9250,-50.0000,0.0000,-0.0000,0.0000
1788242189.2178,0.0000,0.0000,0.0000,-0.9190,-0.9440,-50.0000,-0.9190,-0.9050,-51.0000,0.0000,-0.0000,0.0000
1788242189.2682,0.0000,0.0000,0.0000,-0.9190,-0.9640,-48.0000,-0.9190,-0.9430,-48.0000,0.0000,-0.0000,0.0000
1788242189.3176,0.0000,0.0000,0.0000,-0.9190,-0.9490,-49.0000,-0.9190,-0.9190,-50.0000,0.0000,-0.0000,0.0000
1788242189.3683,0.0000,-0.0000,0.0000,-0.9190,-0.8830,-52.0000,-0.9190,-0.9000,-51.0000,0.0000,-0.0000,0.0000
1788242189.4178,0.0000,-0.0000,0.0000,-0.9190,-0.9010,-51.0000,-0.9190,-0.9420,-48.0000,0.0000,-0.0000,0.0000
1788242189.4682,0.0000,-0.0000,0.0000,-0.9190,-0.9080,-51.0000,-0.9190,-0.9550,-48.0000,0.0000,-0.0000,0.0000
1788242189.5177,0.0000,-0.0060,0.0000,-0.9190,-0.9410,-49.0000,-0.9190,-0.9190,-49.0000,0.0000,-0.0000,0.0000
1788242189.5677,0.0000,-0.0010,0.0000,-0.9190,-0.9480,-48.0000,-0.9190,-0.9110,-50.0000,0.0000,-0.0000,0.0000
1788242189.6176,0.0000,-0.0000,0.0000,-0.9190,-0.9160,-50.0000,-0.9190,-0.9260,-49.0000,0.0000,-0.0000,0.0000
1788242189.6676,0.4800,0.1550,41.0000,-0.6560,-0.7890,-33.0000,-0.6560,-0.7890,-33.0000,0.4800,0.1520,42.0000
1788242189.7175,0.6560,0.5660,38.0000,-0.6560,-0.7090,-35.0000,-0.6560,-0.6560,-38.0000,0.6560,0.5730,38.0000
1788242189.7689,0.6560,0.6850,35.0000,-0.6560,-0.6500,-38.0000,-0.6560,-0.6310,-39.0000,0.6560,0.6730,36.0000
1788242189.8176,0.6560,0.6820,36.0000,-0.6560,-0.5890,-41.0000,-0.6560,-0.6210,-39.0000,0.6560,0.6960,35.0000
1788242189.8676,0.6560,0.6600,37.0000,-0.6560,-0.6040,-40.0000,-0.6560,-0.6080,-40.0000,0.6560,0.6420,39.0000
1788242189.9175,0.6560,0.6250,39.0000,-0.6560,-0.5780,-43.0000,-0.6560,-0.6050,-41.0000,0.6560,0.6530,38.0000
1788242189.9675,0.6560,0.6650,37.0000,-0.6560,-0.6240,-41.0000,-0.6560,-0.6210,-41.0000,0.6560,0.6780,36.0000
1788242190.0176,0.6560,0.6240,39.0000,-0.6560,-0.6380,-40.0000,-0.6560,-0.6750,-38.0000,0.6560,0.6710,37.0000
1788242190.0675,0.6560,0.6180,40.0000,-0.6560,-0.6370,-41.0000,-0.6560,-0.6550,-39.0000,0.6560,0.6580,37.0000
1788242190.1177,0.6560,0.6200,40.0000,-0.6560,-0.6740,-39.0000,-0.6560,-0.6720,-38.0000,0.6560,0.6690,37.0000
1788242190.1676,0.6560,0.6600,38.0000,-0.6560,-0.6880,-38.0000,-0.6560,-0.6590,-39.0000,0.6560,0.6680,36.0000
1788242190.2175,0.6560,0.6690,38.0000,-0.6560,-0.6760,-39.0000,-0.6560,-0.6490,-39.0000,0.6560,0.6640,37.0000
1788242190.2676,0.6560,0.6660,38.0000,-0.6560,-0.6530,-40.0000,-0.6560,-0.6510,-39.0000,0.6560,0.6620,37.0000
1788242190.3175,0.6560,0.6750,37.0000,-0.6560,-0.6690,-39.0000,-0.6560,-0.6710,-38.0000,0.6560,0.6820,35.0000
1788242190.3675,0.6560,0.6920,36.0000,-0.6560,-0.6940,-37.0000,-0.6560,-0.6870,-37.0000,0.6560,0.6600,36.0000
1788242190.4175,0.6560,0.6960,36.0000,-0.6560,-0.6650,-38.0000,-0.6560,-0.6600,-39.0000,0.6560,0.6650,36.0000
1788242190.4677,0.6560,0.6600,37.0000,-0.6560,-0.6060,-42.0000,-0.6560,-0.6250,-41.0000,0.6560,0.6440,37.0000
1788242190.5176,0.6560,0.6380,38.0000,-0.6560,-0.5900,-43.0000,-0.6560,-0.6230,-41.0000,0.6560,0.6430,37.0000
1788242190.5676,0.6560,0.6150,40.0000,-0.6560,-0.6040,-43.0000,-0.6560,-0.6320,-41.0000,0.6560,0.6260,38.0000
1788242190.6174,0.6560,0.6320,39.0000,-0.6560,-0.6200,-42.0000,-0.6560,-0.6400,-40.0000,0.6560,0.6500,37.0000
1788242190.6677,0.6560,0.6320,40.0000,-0.6560,-0.6420,-42.0000,-0.6560,-0.6470,-40.0000,0.6560,0.6620,37.0000
1788242190.7175,0.6560,0.6330,40.0000,-0.6560,-0.6690,-40.0000,-0.6560,-0.6700,-39.0000,0.6560,0.6780,36.0000
1788242190.7676,0.6560,0.6400,40.0000,-0.6560,-0.6840,-40.0000,-0.6560,-0.6700,-39.0000,0.6560,0.6530,37.0000
1788242190.8173,0.6560,0.6780,38.0000,-0.6560,-0.6930,-39.0000,-0.6560,-0.6530,-40.0000,0.6560,0.6460,37.0000
1788242190.8675,0.6560,0.6790,38.0000,-0.6560,-0.6800,-39.0000,-0.6560,-0.6400,-41.0000,0.6560,0.6430,38.0000
1788242190.9176,0.6560,0.6840,37.0000,-0.6560,-0.6810,-39.0000,-0.6560,-0.6370,-41.0000,0.6560,0.6700,36.0000
1788242190.9676,0.6560,0.6670,38.0000,-0.6560,-0.6830,-38.0000,-0.6560,-0.6540,-40.0000,0.6560,0.6520,37.0000
1788242191.0176,0.6560,0.6800,37.0000,-0.6560,-0.6840,-38.0000,-0.6560,-0.6690,-40.0000,0.6560,0.6440,37.0000
1788242191.0675,0.6560,0.6590,38.0000,-0.6560,-0.6680,-39.0000,-0.6560,-0.6650,-40.0000,0.6560,0.6540,37.0000
1788242191.1175,0.6560,0.6580,38.0000,-0.6560,-0.6400,-40.0000,-0.6560,-0.6460,-41.0000,0.6560,0.6590,37.0000
1788242191.1677,0.6560,0.6420,38.0000,-0.6560,-0.6330,-40.0000,-0.6560,-0.6370,-41.0000,0.6560,0.6600,37.0000
1788242191.2176,0.6560,0.6340,39.0000,-0.6560,-0.6150,-42.0000,-0.6560,-0.6280,-42.0000,0.6560,0.6580,37.0000
1788242191.2676,0.6560,0.6170,40.0000,-0.6560,-0.6070,-43.0000,-0.6560,-0.6590,-40.0000,0.6560,0.6680,36.0000
1788242191.3176,0.6560,0.6110,41.0000,-0.6560,-0.6200,-42.0000,-0.6560,-0.6520,-41.0000,0.6560,0.6550,37.0000
1788242191.3676,0.6560,0.6270,40.0000,-0.6560,-0.6570,-41.0000,-0.6560,-0.6580,-41.0000,0.6560,0.6420,37.0000
1788242191.4176,0.6560,0.6640,39.0000,-0.6560,-0.6790,-40.0000,-0.6560,-0.6080,-44.0000,0.6560,0.6250,39.0000
1788242191.4676,0.6560,0.6420,40.0000,-0.6560,-0.6540,-41.0000,-0.6560,-0.6190,-43.0000,0.6560,0.6320,38.0000
1788242191.5185,0.6560,0.6740,38.0000,-0.6560,-0.6710,-40.0000,-0.6560,-0.6310,-43.0000,0.6560,0.6570,37.0000
1788242191.5676,0.6560,0.6840,38.0000,-0.6560,-0.6840,-39.0000,-0.6560,-0.6620,-42.0000,0.6560,0.6690,37.0000
1788242191.6176,0.6560,0.6910,37.0000,-0.6560,-0.7070,-37.0000,-0.6560,-0.6820,-40.0000,0.6560,0.6670,37.0000
1788242191.6676,0.6560,0.6860,37.0000,-0.6560,-0.6880,-38.0000,-0.6560,-0.6660,-41.0000,0.6560,0.6740,36.0000
1788242191.7176,0.6560,0.6820,37.0000,-0.6560,-0.6590,-39.0000,-0.6560,-0.6340,-43.0000,0.6560,0.6720,36.0000
1788242191.7677,0.6560,0.6590,38.0000,-0.6560,-0.6390,-40.0000,-0.6560,-0.6570,-42.0000,0.6560,0.6710,36.0000
1788242191.8175,0.6560,0.6530,38.0000,-0.6560,-0.6150,-42.0000,-0.6560,-0.6700,-41.0000,0.6560,0.6630,36.0000
1788242191.8676,0.7760,0.6180,50.0000,-0.7760,-0.5880,-54.0000,-0.5360,-0.6490,-32.0000,0.5360,0.6590,26.0000
1788242191.9176,1.3760,1.1290,75.0000,-1.2940,-1.0250,-77.0000,-0.0190,-0.2810,3.0000,-0.0640,0.2300,-13.0000
1788242191.9676,1.3850,1.4280,65.0000,-1.2940,-1.3270,-65.0000,-0.0190,-0.0200,-7.0000,-0.0720,-0.0840,-2.0000
1788242192.0176,1.1450,1.3900,48.0000,-1.0540,-1.2930,-48.0000,-0.2590,-0.0190,-34.0000,0.1680,-0.0500,23.0000
1788242192.0676,0.6560,0.8280,34.0000,-0.6560,-0.8640,-34.0000,-0.6560,-0.5280,-43.0000,0.6560,0.4570,41.0000
1788242192.1178,0.6560,0.6520,39.0000,-0.6560,-0.7340,-37.0000,-0.6560,-0.7010,-37.0000,0.6560,0.6230,37.0000
1788242192.1676,0.8960,0.6720,57.0000,-0.8960,-0.7220,-56.0000,-0.4160,-0.6820,-19.0000,0.4160,0.6300,17.0000
1788242192.2176,1.3850,1.2320,71.0000,-1.2940,-1.1650,-69.0000,-0.0190,-0.1380,-3.0000,-0.0720,0.1210,-8.0000
1788242192.2676,1.3850,1.3830,67.0000,-1.2940,-1.1820,-72.0000,-0.0190,-0.0010,-7.0000,-0.0720,-0.0540,-3.0000
1788242192.3176,1.2650,1.4080,57.0000,-1.1740,-1.2340,-60.0000,-0.1390,-0.0000,-21.0000,0.0480,-0.0740,8.0000
1788242192.3677,0.6650,0.9650,28.0000,-0.6560,-0.9120,-32.0000,-0.6560,-0.4150,-48.0000,0.6480,0.3520,45.0000
1788242192.4174,0.6560,0.6370,40.0000,-0.6560,-0.6770,-41.0000,-0.6560,-0.6500,-39.0000,0.6560,0.6140,37.0000
1788242192.4687,0.6560,0.6620,37.0000,-0.6560,-0.6950,-38.0000,-0.6560,-0.6410,-42.0000,0.6560,0.6330,38.0000
1788242192.5176,0.6560,0.6690,36.0000,-0.6560,-0.6670,-39.0000,-0.6560,-0.6650,-41.0000,0.6560,0.6780,36.0000
1788242192.5676,0.7760,0.6710,46.0000,-0.7760,-0.6830,-48.0000,-0.5360,-0.7020,-29.0000,0.5360,0.6830,26.0000
1788242192.6173,1.3760,1.1190,75.0000,-1.2940,-1.1000,-72.0000,-0.0190,-0.3280,6.0000,-0.0640,0.2720,-15.0000
1788242192.6676,1.3850,1.4430,62.0000,-1.2940,-1.2830,-66.0000,-0.0190,-0.0210,-6.0000,-0.0720,-0.0750,-2.0000
1788242192.7176,1.3850,1.4360,64.0000,-1.2940,-1.1820,-73.0000,-0.0190,-0.0020,-5.0000,-0.0720,-0.0330,-6.0000
1788242192.7682,1.3850,1.3890,66.0000,-1.2940,-1.2110,-73.0000,-0.0190,0.0060,-5.0000,-0.0720,-0.0500,-6.0000
1788242192.8175,0.7850,1.0670,31.0000,-0.6940,-1.0410,-29.0000,-0.6190,-0.2420,-53.0000,0.5280,0.2300,40.0000
1788242192.8676,0.6560,0.6210,40.0000,-0.6560,-0.7380,-38.0000,-0.6560,-0.6420,-39.0000,0.6560,0.6300,34.0000
1788242192.9176,0.6560,0.6430,37.0000,-0.6560,-0.7360,-36.0000,-0.6560,-0.6680,-40.0000,0.6560,0.6180,37.0000
1788242192.9675,0.6560,0.6470,36.0000,-0.6560,-0.7310,-34.0000,-0.6560,-0.6770,-40.0000,0.6560,0.6260,38.0000
1788242193.0175,0.6560,0.6450,36.0000,-0.6560,-0.6970,-35.0000,-0.6560,-0.6390,-42.0000,0.6560,0.6280,39.0000
1788242193.0676,0.6560,0.6330,37.0000,-0.6560,-0.6950,-35.0000,-0.6560,-0.6790,-40.0000,0.6560,0.6250,39.0000
1788242193.1175,0.6560,0.6360,37.0000,-0.6560,-0.6900,-35.0000,-0.6560,-0.6610,-41.0000,0.6560,0.6760,36.0000
1788242193.1678,0.6560,0.6170,38.0000,-0.6560,-0.6010,-39.0000,-0.6560,-0.6090,-44.0000,0.6560,0.6910,36.0000
1788242193.2179,0.6560,0.6260,38.0000,-0.6560,-0.5710,-41.0000,-0.6560,-0.6270,-43.0000,0.6560,0.6970,35.0000
1788242193.2676,0.6560,0.6340,38.0000,-0.6560,-0.5550,-43.0000,-0.6560,-0.6450,-42.0000,0.6560,0.6760,36.0000
1788242193.3176,0.6560,0.6560,37.0000,-0.6560,-0.5960,-42.0000,-0.6560,-0.6580,-42.0000,0.6560,0.6730,36.0000
1788242193.3676,0.6560,0.6510,37.0000,-0.6560,-0.6300,-41.0000,-0.6560,-0.6520,-42.0000,0.6560,0.6510,37.0000
1788242193.4176,0.6560,0.6460,38.0000,-0.6560,-0.6630,-39.0000,-0.6560,-0.6580,-42.0000,0.6560,0.6440,37.0000
1788242193.4676,0.6560,0.6570,37.0000,-0.6560,-0.6790,-38.0000,-0.6560,-0.6570,-42.0000,0.6560,0.6510,37.0000
1788242193.5176,0.6560,0.6540,37.0000,-0.6560,-0.7000,-37.0000,-0.6560,-0.6420,-43.0000,0.6560,0.6590,36.0000
1788242193.5676,0.6560,0.6440,38.0000,-0.6560,-0.7240,-35.0000,-0.6560,-0.6450,-43.0000,0.6560,0.6580,36.0000
1788242193.6176,0.6560,0.6570,37.0000,-0.6560,-0.7090,-35.0000,-0.6560,-0.6750,-41.0000,0.6560,0.6040,40.0000
1788242193.6677,0.6560,0.6630,37.0000,-0.6560,-0.6960,-35.0000,-0.6560,-0.6930,-40.0000,0.6560,0.6280,38.0000
1788242193.7176,0.6560,0.6440,38.0000,-0.6560,-0.6850,-35.0000,-0.6560,-0.7050,-39.0000,0.6560,0.6720,36.0000
1788242193.7675,0.6560,0.5950,41.0000,-0.6560,-0.6360,-38.0000,-0.6560,-0.6890,-39.0000,0.6560,0.7230,33.0000
1788242193.8174,0.4160,0.5950,21.0000,-0.8960,-0.5980,-61.0000,-0.8960,-0.6830,-60.0000,0.4160,0.6760,15.0000
1788242193.8678,0.0000,0.1140,0.0000,-0.9190,-0.7290,-59.0000,-0.9190,-0.8890,-53.0000,0.0000,0.1650,0.0000
1788242193.9176,0.0000,-0.0090,0.0000,-0.9190,-0.8320,-55.0000,-0.9190,-0.9370,-51.0000,0.0000,0.0150,0.0000
1788242193.9676,0.0000,-0.0180,0.0000,-0.9190,-0.9460,-50.0000,-0.9190,-0.9300,-51.0000,0.0000,0.0010,0.0000
1788242194.0175,0.0000,-0.1030,0.0000,-0.9190,-0.9760,-49.0000,-0.9190,-0.9050,-53.0000,0.0000,-0.0380,0.0000
1788242194.0677,0.0000,-0.1370,0.0000,-0.9190,-0.9770,-48.0000,-0.9190,-0.9160,-52.0000,0.0000,-0.0900,0.0000
1788242194.1177,0.0000,-0.0730,0.0000,-0.9190,-0.9640,-48.0000,-0.9190,-0.9120,-53.0000,0.0000,-0.1020,0.0000
1788242194.1676,0.0000,-0.0070,0.0000,-0.9190,-0.9740,-47.0000,-0.9190,-0.9530,-50.0000,0.0000,-0.0130,0.0000
1788242194.2176,0.0000,-0.0120,0.0000,-0.9190,-0.9730,-47.0000,-0.9190,-0.9700,-49.0000,0.0000,-0.0020,0.0000
1788242194.2684,0.0000,-0.0010,0.0000,-0.9190,-0.8750,-52.0000,-0.9190,-0.9120,-52.0000,0.0000,-0.0000,0.0000
1788242194.3175,0.0000,-0.0090,0.0000,-0.9190,-0.8340,-54.0000,-0.9190,-0.8890,-53.0000,0.0000,-0.0000,0.0000
1788242194.3677,0.0000,-0.0210,0.0000,-0.9190,-0.8720,-53.0000,-0.9190,-0.8680,-55.0000,0.0000,-0.0000,0.0000
1788242194.4177,0.0000,-0.0350,0.0000,-0.9190,-0.8760,-53.0000,-0.9190,-0.8740,-55.0000,0.0000,-0.0000,0.0000
1788242194.4677,0.0000,-0.0470,0.0000,-0.9190,-0.9240,-51.0000,-0.9190,-0.9570,-50.0000,0.0000,-0.0000,0.0000
1788242194.5176,0.0000,-0.0380,0.0000,-0.9190,-0.9630,-49.0000,-0.9190,-0.9490,-51.0000,0.0000,-0.0000,0.0000
1788242194.5685,0.1200,-0.0610,17.0000,-0.7990,-0.9550,-39.0000,-0.7990,-0.9090,-42.0000,0.1200,-0.0000,14.0000
1788242194.6183,0.6560,0.3680,46.0000,-0.6560,-0.7430,-36.0000,-0.6560,-0.7230,-38.0000,0.6560,0.3170,50.0000
1788242194.6680,0.6560,0.5920,39.0000,-0.6560,-0.7150,-35.0000,-0.6560,-0.7020,-37.0000,0.6560,0.6030,39.0000
1788242194.7176,0.6560,0.6570,38.0000,-0.6560,-0.6630,-37.0000,-0.6560,-0.6870,-37.0000,0.6560,0.7040,35.0000
1788242194.7678,0.6560,0.6750,37.0000,-0.6560,-0.6570,-37.0000,-0.6560,-0.6790,-37.0000,0.6560,0.7310,34.0000
1788242194.8180,0.6560,0.6290,40.0000,-0.6560,-0.5970,-41.0000,-0.6560,-0.6560,-38.0000,0.6560,0.7260,34.0000
1788242194.8685,0.6560,0.6580,38.0000,-0.6560,-0.5600,-43.0000,-0.6560,-0.5950,-42.0000,0.6560,0.6940,35.0000
1788242194.9178,0.6560,0.6720,38.0000,-0.6560,-0.6050,-41.0000,-0.6560,-0.6290,-40.0000,0.6560,0.6940,34.0000
1788242194.9677,0.6560,0.6590,38.0000,-0.6560,-0.6110,-42.0000,-0.6560,-0.6080,-42.0000,0.6560,0.6480,36.0000
1788242195.0177,0.6560,0.6520,39.0000,-0.6560,-0.6180,-42.0000,-0.6560,-0.5980,-43.0000,0.6560,0.6260,37.0000
1788242195.0682,0.6560,0.6390,39.0000,-0.6560,-0.6690,-39.0000,-0.6560,-0.6270,-42.0000,0.6560,0.6270,38.0000
1788242195.1174,0.6560,0.6700,38.0000,-0.6560,-0.6710,-39.0000,-0.6560,-0.6080,-44.0000,0.6560,0.6510,36.0000
1788242195.1677,0.6560,0.6740,38.0000,-0.6560,-0.6860,-38.0000,-0.6560,-0.6220,-43.0000,0.6560,0.6490,37.0000
1788242195.2177,0.6560,0.6580,38.0000,-0.6560,-0.6920,-38.0000,-0.6560,-0.6540,-42.0000,0.6560,0.6670,36.0000
1788242195.2677,0.6560,0.6630,38.0000,-0.6560,-0.6870,-38.0000,-0.6560,-0.6920,-40.0000,0.6560,0.6630,36.0000
1788242195.3177,0.6560,0.6730,37.0000,-0.6560,-0.6930,-37.0000,-0.6560,-0.6990,-39.0000,0.6560,0.6810,35.0000
1788242195.3677,0.6560,0.6810,37.0000,-0.6560,-0.6730,-38.0000,-0.6560,-0.7220,-37.0000,0.6560,0.6830,35.0000
1788242195.4177,0.6560,0.6470,39.0000,-0.6560,-0.6420,-39.0000,-0.6560,-0.7130,-37.0000,0.6560,0.6770,35.0000
1788242195.4678,0.6560,0.6530,38.0000,-0.6560,-0.6240,-40.0000,-0.6560,-0.6980,-37.0000,0.6560,0.6590,35.0000
1788242195.5178,0.6560,0.6470,39.0000,-0.6560,-0.6030,-42.0000,-0.6560,-0.6170,-42.0000,0.6560,0.6740,34.0000
1788242195.5677,0.6560,0.6550,38.0000,-0.6560,-0.5980,-42.0000,-0.6560,-0.6070,-42.0000,0.6560,0.6740,34.0000
1788242195.6174,0.6560,0.6520,39.0000,-0.6560,-0.6150,-42.0000,-0.6560,-0.6310,-41.0000,0.6560,0.6490,36.0000
1788242195.6677,0.6560,0.6630,38.0000,-0.6560,-0.6590,-40.0000,-0.6560,-0.6450,-41.0000,0.6560,0.6320,37.0000
1788242195.7176,0.6560,0.6610,38.0000,-0.6560,-0.6900,-38.0000,-0.6560,-0.6220,-43.0000,0.6560,0.6180,38.0000
1788242195.7677,0.6560,0.6790,37.0000,-0.6560,-0.7010,-38.0000,-0.6560,-0.6490,-41.0000,0.6560,0.6270,38.0000
1788242195.8175,0.6560,0.6740,37.0000,-0.6560,-0.6820,-38.0000,-0.6560,-0.6320,-42.0000,0.6560,0.6520,37.0000
1788242195.8678,0.6560,0.6900,36.0000,-0.6560,-0.7060,-36.0000,-0.6560,-0.6440,-42.0000,0.6560,0.6810,35.0000
1788242195.9177,0.6560,0.6710,37.0000,-0.6560,-0.7130,-36.0000,-0.6560,-0.6920,-39.0000,0.6560,0.6760,35.0000
1788242195.9678,0.6560,0.6690,37.0000,-0.6560,-0.6560,-38.0000,-0.6560,-0.7020,-39.0000,0.6560,0.6880,34.0000
1788242196.0177,0.6560,0.6460,38.0000,-0.6560,-0.6090,-41.0000,-0.6560,-0.6710,-40.0000,0.6560,0.7000,33.0000
1788242196.0677,0.6560,0.6370,38.0000,-0.6560,-0.5490,-45.0000,-0.6560,-0.6180,-43.0000,0.6560,0.6830,34.0000
1788242196.1177,0.6560,0.6450,38.0000,-0.6560,-0.5230,-47.0000,-0.6560,-0.6180,-43.0000,0.6560,0.6750,34.0000
1788242196.1679,0.6560,0.6690,37.0000,-0.6560,-0.5780,-45.0000,-0.6560,-0.6580,-41.0000,0.6560,0.6600,34.0000
1788242196.2177,0.6560,0.6330,39.0000,-0.6560,-0.5960,-45.0000,-0.6560,-0.6480,-42.0000,0.6560,0.6520,35.0000
1788242196.2681,0.6560,0.6420,38.0000,-0.6560,-0.6430,-44.0000,-0.6560,-0.6330,-43.0000,0.6560,0.6470,35.0000
1788242196.3177,0.6560,0.6410,38.0000,-0.6560,-0.6910,-41.0000,-0.6560,-0.6930,-40.0000,0.6560,0.6080,37.0000
1788242196.3678,0.6560,0.6360,39.0000,-0.6560,-0.7330,-39.0000,-0.6560,-0.6680,-41.0000,0.6560,0.6210,37.0000
1788242196.4177,0.6560,0.6470,38.0000,-0.6560,-0.7090,-39.0000,-0.6560,-0.6410,-42.0000,0.6560,0.6310,37.0000
1788242196.4677,0.6560,0.6430,39.0000,-0.6560,-0.7300,-37.0000,-0.6560,-0.6580,-41.0000,0.6560,0.6530,36.0000
1788242196.5177,0.6560,0.6710,37.0000,-0.6560,-0.7290,-37.0000,-0.6560,-0.7160,-38.0000,0.6560,0.6310,37.0000
1788242196.5686,0.6560,0.6540,38.0000,-0.6560,-0.7330,-35.0000,-0.6560,-0.7130,-38.0000,0.6560,0.6530,36.0000
1788242196.6175,0.6560,0.6460,39.0000,-0.6560,-0.6960,-37.0000,-0.6560,-0.6810,-39.0000,0.6560,0.6750,35.0000
1788242196.6678,0.6560,0.6210,40.0000,-0.6560,-0.6110,-41.0000,-0.6560,-0.6370,-41.0000,0.6560,0.6800,35.0000
1788242196.7176,0.6560,0.6140,41.0000,-0.6560,-0.5740,-43.0000,-0.6560,-0.6220,-42.0000,0.6560,0.6560,36.0000
1788242196.7677,0.6560,0.6350,40.0000,-0.6560,-0.5810,-43.0000,-0.6560,-0.6280,-42.0000,0.6560,0.6660,35.0000
1788242196.8175,0.6560,0.6600,39.0000,-0.6560,-0.6010,-43.0000,-0.6560,-0.6330,-42.0000,0.6560,0.6710,35.0000
1788242196.8678,0.6560,0.6550,40.0000,-0.6560,-0.6060,-44.0000,-0.6560,-0.6150,-43.0000,0.6560,0.6570,35.0000
1788242196.9177,0.6560,0.6750,38.0000,-0.6560,-0.6660,-41.0000,-0.6560,-0.6460,-42.0000,0.6560,0.6210,37.0000
1788242196.9676,0.4160,0.6450,19.0000,-0.8960,-0.7120,-59.0000,-0.8960,-0.6740,-61.0000,0.4160,0.6120,17.0000
1788242197.0176,0.0000,0.1540,0.0000,-0.9190,-0.9270,-51.0000,-0.9190,-0.8630,-55.0000,0.0000,0.1400,0.0000
1788242197.0676,0.0000,0.0120,0.0000,-0.9190,-0.9660,-50.0000,-0.9190,-0.9180,-53.0000,0.0000,0.0110,0.0000
1788242197.1175,0.0000,-0.0200,0.0000,-0.9190,-1.0070,-47.0000,-0.9190,-0.9850,-50.0000,0.0000,-0.0550,0.0000
1788242197.1678,0.0000,-0.0950,0.0000,-0.9190,-0.9900,-47.0000,-0.9190,-1.0160,-48.0000,0.0000,-0.1610,0.0000
1788242197.2176,0.0000,-0.0870,0.0000,-0.9190,-0.9600,-48.0000,-0.9190,-0.9620,-50.0000,0.0000,-0.1100,0.0000
1788242197.2677,0.0000,-0.1080,0.0000,-0.9190,-0.9110,-51.0000,-0.9190,-0.9250,-51.0000,0.0000,-0.0460,0.0000
1788242197.3177,0.0000,-0.0750,0.0000,-0.9190,-0.8760,-52.0000,-0.9190,-0.9120,-52.0000,0.0000,-0.0260,0.0000
1788242197.3677,0.0000,-0.0660,0.0000,-0.9190,-0.8980,-52.0000,-0.9190,-0.8980,-53.0000,0.0000,-0.0380,0.0000
1788242197.4176,0.0000,-0.0540,0.0000,-0.9190,-0.9460,-49.0000,-0.9190,-0.9360,-51.0000,0.0000,-0.0070,0.0000
1788242197.4677,0.0000,-0.0390,0.0000,-0.9190,-0.9490,-49.0000,-0.9190,-0.9440,-50.0000,0.0000,-0.0010,0.0000
1788242197.5176,0.0000,-0.0180,0.0000,-0.9190,-0.9750,-47.0000,-0.9190,-0.9440,-50.0000,0.0000,-0.0020,0.0000
1788242197.5676,0.0000,-0.0030,0.0000,-0.9190,-0.9730,-47.0000,-0.9190,-0.9550,-49.0000,0.0000,-0.0070,0.0000
1788242197.6178,0.0000,-0.0010,0.0000,-0.9190,-0.9550,-47.0000,-0.9190,-0.9480,-49.0000,0.0000,-0.0040,0.0000
1788242197.6676,0.0000,-0.0040,0.0000,-0.9190,-0.9400,-47.0000,-0.9190,-0.9790,-47.0000,0.0000,-0.0250,0.0000
1788242197.7176,0.0000,-0.0170,0.0000,-0.9190,-0.9190,-48.0000,-0.9190,-0.9020,-51.0000,0.0000,-0.0810,0.0000
1788242197.7676,0.0000,-0.0520,0.0000,-0.9190,-0.8850,-50.0000,-0.9190,-0.8570,-53.0000,0.0000,-0.0750,0.0000
1788242197.8176,0.0000,-0.0450,0.0000,-0.9190,-0.8910,-50.0000,-0.9190,-0.8860,-52.0000,0.0000,-0.0530,0.0000
1788242197.8682,0.0000,-0.0540,0.0000,-0.9190,-0.9200,-49.0000,-0.9190,-0.9200,-51.0000,0.0000,-0.0820,0.0000
1788242197.9176,0.0000,-0.0540,0.0000,-0.9190,-0.9240,-49.0000,-0.9190,-0.9100,-51.0000,0.0000,-0.0760,0.0000
1788242197.9678,0.0000,-0.0140,0.0000,-0.9190,-0.9340,-48.0000,-0.9190,-0.9280,-51.0000,0.0000,-0.0370,0.0000
1788242198.0176,0.0000,-0.0170,0.0000,-0.9190,-0.9310,-48.0000,-0.9190,-0.9380,-50.0000,0.0000,-0.0130,0.0000
1788242198.0678,0.0000,-0.0040,0.0000,-0.9190,-0.9240,-48.0000,-0.9190,-0.9400,-50.0000,0.0000,-0.0010,0.0000
1788242198.1176,0.0000,-0.0090,0.0000,-0.9190,-0.9210,-48.0000,-0.9190,-0.9640,-48.0000,0.0000,-0.0010,0.0000
1788242198.1678,0.0000,-0.0130,0.0000,-0.9190,-0.8700,-51.0000,-0.9190,-0.9310,-50.0000,0.0000,-0.0010,0.0000
1788242198.2177,0.0000,-0.0080,0.0000,-0.9190,-0.8520,-53.0000,-0.9190,-0.8820,-52.0000,0.0000,-0.0000,0.0000
1788242198.2684,0.0000,-0.0090,0.0000,-0.9190,-0.8790,-52.0000,-0.9190,-0.8670,-53.0000,0.0000,-0.0000,0.0000
1788242198.3176,0.0000,-0.0010,0.0000,-0.9190,-0.9120,-50.0000,-0.9190,-0.9020,-52.0000,0.0000,-0.0000,0.0000
1788242198.3677,0.0000,-0.0000,0.0000,-0.9190,-0.9400,-49.0000,-0.9190,-0.9160,-51.0000,0.0000,-0.0000,0.0000
1788242198.4176,0.3600,0.0370,37.0000,-0.6560,-0.8770,-29.0000,-0.6560,-0.8410,-32.0000,0.3600,0.0400,37.0000
1788242198.4678,0.6560,0.5250,40.0000,-0.6560,-0.7080,-36.0000,-0.6560,-0.6990,-38.0000,0.6560,0.4150,47.0000
1788242198.5178,0.6560,0.6500,37.0000,-0.6560,-0.6940,-35.0000,-0.6560,-0.6540,-39.0000,0.6560,0.6050,40.0000
1788242198.5678,0.6560,0.6910,36.0000,-0.6560,-0.6850,-35.0000,-0.6560,-0.6540,-39.0000,0.6560,0.6820,38.0000
1788242198.6175,0.6560,0.6700,37.0000,-0.6560,-0.6580,-36.0000,-0.6560,-0.6720,-38.0000,0.6560,0.6900,38.0000
1788242198.6679,0.6560,0.6340,39.0000,-0.6560,-0.6410,-37.0000,-0.6560,-0.6640,-38.0000,0.6560,0.6860,38.0000
1788242198.7177,0.6560,0.6590,37.0000,-0.6560,-0.5760,-41.0000,-0.6560,-0.6040,-42.0000,0.6560,0.7240,36.0000
1788242198.7678,0.6560,0.6550,38.0000,-0.6560,-0.5860,-41.0000,-0.6560,-0.6290,-40.0000,0.6560,0.7100,36.0000
1788242198.8175,0.6560,0.6510,38.0000,-0.6560,-0.5810,-42.0000,-0.6560,-0.6240,-41.0000,0.6560,0.6970,36.0000
1788242198.8689,0.6560,0.6410,39.0000,-0.6560,-0.6310,-40.0000,-0.6560,-0.6480,-40.0000,0.6560,0.6840,36.0000
1788242198.9178,0.6560,0.6420,39.0000,-0.6560,-0.6400,-40.0000,-0.6560,-0.6400,-41.0000,0.6560,0.6960,35.0000
1788242198.9674,0.6560,0.6440,39.0000,-0.6560,-0.6370,-41.0000,-0.6560,-0.6310,-42.0000,0.6560,0.6620,36.0000
1788242199.0179,0.6560,0.6530,38.0000,-0.6560,-0.6690,-39.0000,-0.6560,-0.6570,-40.0000,0.6560,0.6400,37.0000
1788242199.0687,0.6560,0.6600,38.0000,-0.6560,-0.7000,-37.0000,-0.6560,-0.6490,-41.0000,0.6560,0.6170,39.0000
1788242199.1177,0.0560,0.3710,-6.0000,-0.9190,-0.9070,-49.0000,-0.9190,-0.8690,-53.0000,0.0560,0.3630,-8.0000
1788242199.1680,-0.3600,-0.0730,-34.0000,-0.6560,-0.8870,-29.0000,-0.6560,-0.8430,-33.0000,-0.3600,-0.0890,-34.0000
1788242199.2180,-0.6560,-0.6510,-32.0000,-0.6560,-0.7200,-36.0000,-0.6560,-0.7490,-36.0000,-0.6560,-0.6750,-31.0000
1788242199.2680,-0.6560,-0.6810,-34.0000,-0.6560,-0.7210,-34.0000,-0.6560,-0.7480,-35.0000,-0.6560,-0.6750,-34.0000
1788242199.3179,-0.6560,-0.7040,-33.0000,-0.6560,-0.7020,-35.0000,-0.6560,-0.7320,-35.0000,-0.6560,-0.7060,-33.0000
1788242199.3680,-0.6560,-0.7020,-33.0000,-0.6560,-0.7030,-34.0000,-0.6560,-0.7330,-34.0000,-0.6560,-0.7110,-32.0000
1788242199.4179,-0.6560,-0.6910,-33.0000,-0.6560,-0.6840,-34.0000,-0.6560,-0.7060,-34.0000,-0.6560,-0.6970,-32.0000
1788242199.4680,-0.6560,-0.6840,-33.0000,-0.6560,-0.6730,-35.0000,-0.6560,-0.6330,-38.0000,-0.6560,-0.6800,-33.0000
1788242199.5180,-0.6560,-0.6780,-33.0000,-0.6560,-0.6660,-35.0000,-0.6560,-0.6250,-38.0000,-0.6560,-0.6850,-32.0000
1788242199.5680,-0.6560,-0.6540,-34.0000,-0.6560,-0.6650,-34.0000,-0.6560,-0.6560,-36.0000,-0.6560,-0.6700,-33.0000
1788242199.6178,-0.6560,-0.6730,-32.0000,-0.6560,-0.6760,-34.0000,-0.6560,-0.6710,-36.0000,-0.6560,-0.6840,-32.0000
1788242199.6680,-0.6560,-0.6730,-32.0000,-0.6560,-0.6650,-34.0000,-0.6560,-0.6670,-36.0000,-0.6560,-0.6660,-32.0000
1788242199.7179,-0.6560,-0.6710,-32.0000,-0.6560,-0.6620,-34.0000,-0.6560,-0.6790,-35.0000,-0.6560,-0.6770,-32.0000
1788242199.7687,-0.6560,-0.6500,-33.0000,-0.6560,-0.6690,-34.0000,-0.6560,-0.7030,-33.0000,-0.6560,-0.6730,-32.0000
1788242199.8179,-0.6560,-0.6590,-33.0000,-0.6560,-0.6750,-33.0000,-0.6560,-0.6940,-33.0000,-0.6560,-0.6700,-32.0000
1788242199.8680,-0.6560,-0.6960,-31.0000,-0.6560,-0.6870,-32.0000,-0.6560,-0.6870,-33.0000,-0.6560,-0.6840,-31.0000
1788242199.9179,-0.6560,-0.6830,-31.0000,-0.6560,-0.6590,-34.0000,-0.6560,-0.6730,-34.0000,-0.6560,-0.6820,-30.0000
1788242199.9681,-0.6560,-0.6510,-33.0000,-0.6560,-0.6600,-33.0000,-0.6560,-0.6840,-33.0000,-0.6560,-0.6640,-31.0000
1788242200.0179,-0.6560,-0.6430,-33.0000,-0.6560,-0.6550,-34.0000,-0.6560,-0.6170,-36.0000,-0.6560,-0.6530,-32.0000
1788242200.0680,-0.6560,-0.6210,-34.0000,-0.6560,-0.5970,-37.0000,-0.6560,-0.5930,-38.0000,-0.6560,-0.6320,-33.0000
1788242200.1179,-0.6560,-0.6360,-34.0000,-0.6560,-0.5940,-38.0000,-0.6560,-0.6190,-37.0000,-0.6560,-0.6500,-32.0000
1788242200.1691,-0.6560,-0.6470,-33.0000,-0.6560,-0.6550,-35.0000,-0.6560,-0.6700,-34.0000,-0.6560,-0.6670,-31.0000
1788242200.2179,-0.6560,-0.6660,-32.0000,-0.6560,-0.6730,-34.0000,-0.6560,-0.6950,-33.0000,-0.6560,-0.6640,-31.0000
1788242200.2687,-0.6560,-0.6710,-32.0000,-0.6560,-0.6740,-34.0000,-0.6560,-0.6790,-33.0000,-0.6560,-0.6570,-32.0000
1788242200.3180,-0.6560,-0.6690,-32.0000,-0.6560,-0.6630,-34.0000,-0.6560,-0.6760,-33.0000,-0.6560,-0.6670,-31.0000
1788242200.3681,-0.6560,-0.6790,-31.0000,-0.6560,-0.6760,-33.0000,-0.6560,-0.6830,-33.0000,-0.6560,-0.6750,-30.0000
1788242200.4180,-0.6560,-0.6890,-31.0000,-0.6560,-0.6790,-33.0000,-0.6560,-0.6850,-32.0000,-0.6560,-0.6600,-31.0000
1788242200.4682,-0.6560,-0.6830,-31.0000,-0.6560,-0.6890,-32.0000,-0.6560,-0.6940,-31.0000,-0.6560,-0.6630,-31.0000
1788242200.5180,-0.6560,-0.6620,-32.0000,-0.6560,-0.6560,-34.0000,-0.6560,-0.6620,-33.0000,-0.6560,-0.6500,-32.0000
1788242200.5679,-0.6560,-0.6450,-32.0000,-0.6560,-0.6560,-34.0000,-0.6560,-0.6690,-32.0000,-0.6560,-0.6660,-31.0000
1788242200.6178,-0.6560,-0.6540,-32.0000,-0.6560,-0.4900,-44.0000,-0.6560,-0.5480,-39.0000,-0.6560,-0.6320,-33.0000
1788242200.6682,-0.6560,-0.6480,-32.0000,-0.6560,-0.5290,-42.0000,-0.6560,-0.5510,-40.0000,-0.6560,-0.6440,-32.0000
1788242200.7180,-0.6560,-0.6510,-32.0000,-0.6560,-0.5910,-40.0000,-0.6560,-0.5850,-39.0000,-0.6560,-0.6400,-32.0000
1788242200.7680,-0.6560,-0.6530,-32.0000,-0.6560,-0.6520,-37.0000,-0.6560,-0.6660,-35.0000,-0.6560,-0.6770,-30.0000
1788242200.8177,-0.6560,-0.6590,-32.0000,-0.6560,-0.6740,-37.0000,-0.6560,-0.6630,-36.0000,-0.6560,-0.6540,-32.0000
1788242200.8688,-0.6560,-0.6610,-32.0000,-0.6560,-0.6940,-35.0000,-0.6560,-0.6860,-34.0000,-0.6560,-0.6540,-32.0000
1788242200.9180,-0.6560,-0.6650,-31.0000,-0.6560,-0.6850,-36.0000,-0.6560,-0.6790,-34.0000,-0.6560,-0.6490,-32.0000
1788242200.9680,-0.6560,-0.6610,-32.0000,-0.6560,-0.6810,-35.0000,-0.6560,-0.6490,-36.0000,-0.6560,-0.6740,-31.0000
1788242201.0180,-0.6560,-0.6690,-31.0000,-0.6560,-0.6890,-35.0000,-0.6560,-0.7040,-33.0000,-0.6560,-0.6570,-31.0000
1788242201.0680,-0.6560,-0.6770,-31.0000,-0.6560,-0.6940,-34.0000,-0.6560,-0.6840,-33.0000,-0.6560,-0.6600,-31.0000
1788242201.1176,-0.6560,-0.6770,-30.0000,-0.6560,-0.6860,-34.0000,-0.6560,-0.6830,-33.0000,-0.6560,-0.6490,-32.0000
1788242201.1680,-0.6560,-0.6670,-31.0000,-0.6560,-0.6710,-35.0000,-0.6560,-0.6790,-33.0000,-0.6560,-0.6830,-30.0000
1788242201.2182,-0.6560,-0.6550,-31.0000,-0.6560,-0.6700,-34.0000,-0.6560,-0.6860,-32.0000,-0.6560,-0.6480,-32.0000
1788242201.2680,-0.6560,-0.6380,-32.0000,-0.6560,-0.6590,-35.0000,-0.6560,-0.6710,-33.0000,-0.6560,-0.6530,-31.0000
1788242201.3181,-0.6560,-0.6330,-33.0000,-0.6560,-0.5280,-42.0000,-0.6560,-0.5520,-40.0000,-0.6560,-0.6190,-33.0000
1788242201.3682,-0.6560,-0.6370,-33.0000,-0.6560,-0.5580,-42.0000,-0.6560,-0.5840,-38.0000,-0.6560,-0.6670,-31.0000
1788242201.4180,-0.6560,-0.6490,-32.0000,-0.6560,-0.6450,-38.0000,-0.6560,-0.6530,-35.0000,-0.6560,-0.6560,-32.0000
1788242201.4681,-0.6560,-0.6600,-32.0000,-0.6560,-0.6790,-36.0000,-0.6560,-0.6800,-34.0000,-0.6560,-0.6590,-31.0000
1788242201.5180,-0.6560,-0.6510,-32.0000,-0.6560,-0.6940,-35.0000,-0.6560,-0.6820,-33.0000,-0.6560,-0.6450,-32.0000
1788242201.5681,-0.6560,-0.6540,-32.0000,-0.6560,-0.6920,-35.0000,-0.6560,-0.6710,-34.0000,-0.6560,-0.6700,-31.0000
1788242201.6180,-0.6560,-0.6700,-31.0000,-0.6560,-0.6930,-35.0000,-0.6560,-0.6980,-32.0000,-0.6560,-0.6560,-32.0000
1788242201.6680,-0.6560,-0.6780,-31.0000,-0.6560,-0.7180,-33.0000,-0.6560,-0.6940,-32.0000,-0.6560,-0.6680,-31.0000
1788242201.7184,-0.6560,-0.6950,-29.0000,-0.6560,-0.7180,-32.0000,-0.6560,-0.6890,-32.0000,-0.6560,-0.6680,-31.0000
1788242201.7679,-0.6560,-0.7470,-26.0000,-0.6560,-0.6910,-33.0000,-0.6560,-0.6860,-31.0000,-0.6560,-0.7030,-28.0000
1788242201.8185,-0.6560,-0.6590,-30.0000,-0.6560,-0.6690,-34.0000,-0.6560,-0.6760,-31.0000,-0.6560,-0.6480,-31.0000
1788242201.8681,-0.6560,-0.6240,-32.0000,-0.6560,-0.6590,-34.0000,-0.6560,-0.6530,-33.0000,-0.6560,-0.6440,-31.0000
1788242201.9179,-0.6560,-0.6120,-33.0000,-0.6560,-0.6480,-34.0000,-0.6560,-0.6270,-34.0000,-0.6560,-0.6000,-34.0000
1788242201.9683,-0.6560,-0.6040,-33.0000,-0.6560,-0.6330,-35.0000,-0.6560,-0.6110,-35.0000,-0.6560,-0.6350,-32.0000
1788242202.0180,-0.6560,-0.6200,-33.0000,-0.6560,-0.5560,-40.0000,-0.6560,-0.6200,-35.0000,-0.6560,-0.6340,-33.0000
1788242202.0681,-0.6560,-0.6440,-32.0000,-0.6560,-0.6330,-36.0000,-0.6560,-0.6260,-35.0000,-0.6560,-0.6520,-32.0000
1788242202.1181,-0.6560,-0.6480,-32.0000,-0.6560,-0.6570,-36.0000,-0.6560,-0.6440,-35.0000,-0.6560,-0.6610,-32.0000
1788242202.1681,-0.6560,-0.6540,-32.0000,-0.6560,-0.6820,-34.0000,-0.6560,-0.6750,-33.0000,-0.6560,-0.6650,-31.0000
1788242202.2180,-0.6560,-0.6460,-33.0000,-0.6560,-0.6750,-35.0000,-0.6560,-0.6770,-33.0000,-0.6560,-0.6740,-31.0000
1788242202.2680,-0.6560,-0.6600,-32.0000,-0.6560,-0.6770,-34.0000,-0.6560,-0.6780,-32.0000,-0.6560,-0.6600,-32.0000
1788242202.3191,-0.6560,-0.6490,-32.0000,-0.6560,-0.6830,-34.0000,-0.6560,-0.6730,-33.0000,-0.6560,-0.6620,-31.0000
1788242202.3680,-0.6560,-0.6760,-31.0000,-0.6560,-0.6690,-34.0000,-0.6560,-0.6640,-33.0000,-0.6560,-0.6540,-32.0000
1788242202.4180,-0.6560,-0.6980,-29.0000,-0.6560,-0.6710,-34.0000,-0.6560,-0.6770,-32.0000,-0.6560,-0.6910,-30.0000
1788242202.4680,-0.6560,-0.6770,-30.0000,-0.6560,-0.6710,-34.0000,-0.6560,-0.6700,-32.0000,-0.6560,-0.6830,-30.0000
1788242202.5181,-0.6560,-0.6520,-31.0000,-0.6560,-0.6690,-34.0000,-0.6560,-0.6590,-33.0000,-0.6560,-0.6480,-32.0000
1788242202.5680,-0.6560,-0.6420,-32.0000,-0.6560,-0.6600,-34.0000,-0.6560,-0.6550,-33.0000,-0.6560,-0.6540,-31.0000
1788242202.6177,-0.6560,-0.6260,-33.0000,-0.6560,-0.6370,-35.0000,-0.6560,-0.6390,-34.0000,-0.6560,-0.6450,-32.0000
1788242202.6681,-0.6560,-0.6220,-34.0000,-0.6560,-0.6000,-37.0000,-0.6560,-0.5800,-37.0000,-0.6560,-0.6160,-33.0000
1788242202.7180,-0.6560,-0.6200,-34.0000,-0.6560,-0.6320,-36.0000,-0.6560,-0.6150,-36.0000,-0.6560,-0.6350,-33.0000
1788242202.7680,-0.6560,-0.6520,-33.0000,-0.6560,-0.6620,-35.0000,-0.6560,-0.6650,-33.0000,-0.6560,-0.6460,-32.0000
1788242202.8178,-0.6560,-0.6490,-33.0000,-0.6560,-0.6600,-35.0000,-0.6560,-0.6500,-35.0000,-0.6560,-0.6770,-31.0000
1788242202.8681,-0.6560,-0.6520,-33.0000,-0.6560,-0.6620,-35.0000,-0.6560,-0.6610,-34.0000,-0.6560,-0.6560,-32.0000
1788242202.9178,-0.6560,-0.6440,-33.0000,-0.6560,-0.6680,-34.0000,-0.6560,-0.6750,-33.0000,-0.6560,-0.6620,-31.0000
1788242202.9680,-0.6560,-0.6530,-33.0000,-0.6560,-0.6620,-34.0000,-0.6560,-0.6760,-33.0000,-0.6560,-0.6500,-32.0000
1788242203.0180,-0.6560,-0.6610,-33.0000,-0.6560,-0.6570,-35.0000,-0.6560,-0.6680,-33.0000,-0.6560,-0.6770,-30.0000
1788242203.0680,-0.6560,-0.6660,-32.0000,-0.6560,-0.6690,-34.0000,-0.6560,-0.6900,-32.0000,-0.6560,-0.6750,-30.0000
1788242203.1179,-0.6560,-0.7070,-30.0000,-0.6560,-0.6700,-34.0000,-0.6560,-0.6710,-33.0000,-0.6560,-0.6940,-29.0000
1788242203.1680,-0.6560,-0.6540,-32.0000,-0.6560,-0.6560,-34.0000,-0.6560,-0.6670,-33.0000,-0.6560,-0.6450,-32.0000
1788242203.2180,-0.6560,-0.6580,-32.0000,-0.6560,-0.6550,-34.0000,-0.6560,-0.6550,-33.0000,-0.6560,-0.6620,-31.0000
1788242203.2681,-0.6560,-0.6360,-33.0000,-0.6560,-0.6480,-35.0000,-0.6560,-0.6680,-32.0000,-0.6560,-0.6400,-32.0000
1788242203.3179,-0.6560,-0.6400,-33.0000,-0.6560,-0.6300,-36.0000,-0.6560,-0.6370,-34.0000,-0.6560,-0.6540,-31.0000
1788242203.3683,-0.6560,-0.6460,-33.0000,-0.6560,-0.6210,-37.0000,-0.6560,-0.6330,-34.0000,-0.6560,-0.6330,-32.0000
1788242203.4179,-0.6560,-0.6630,-32.0000,-0.6560,-0.6360,-36.0000,-0.6560,-0.6420,-34.0000,-0.6560,-0.6620,-31.0000
1788242203.4681,-0.6560,-0.6390,-34.0000,-0.6560,-0.6530,-35.0000,-0.6560,-0.6800,-32.0000,-0.6560,-0.6560,-31.0000
1788242203.5181,-0.6560,-0.6560,-33.0000,-0.6560,-0.6670,-35.0000,-0.6560,-0.6580,-33.0000,-0.6560,-0.6570,-31.0000
1788242203.5681,-0.6560,-0.6600,-33.0000,-0.6560,-0.6630,-35.0000,-0.6560,-0.6650,-33.0000,-0.6560,-0.6430,-32.0000
1788242203.6180,-0.6560,-0.6650,-32.0000,-0.6560,-0.6660,-35.0000,-0.6560,-0.6590,-33.0000,-0.6560,-0.6700,-30.0000
1788242203.6681,-0.6560,-0.6690,-32.0000,-0.6560,-0.6710,-34.0000,-0.6560,-0.6760,-32.0000,-0.6560,-0.6630,-31.0000
1788242203.7180,-0.6560,-0.7280,-28.0000,-0.6560,-0.6740,-34.0000,-0.6560,-0.6630,-33.0000,-0.6560,-0.6850,-29.0000
1788242203.7683,-0.6560,-0.7020,-29.0000,-0.6560,-0.6710,-34.0000,-0.6560,-0.6660,-32.0000,-0.6560,-0.6740,-30.0000
1788242203.8177,-0.6560,-0.6650,-31.0000,-0.6560,-0.6610,-34.0000,-0.6560,-0.6480,-33.0000,-0.6560,-0.6590,-30.0000
1788242203.8686,-0.6560,-0.6390,-32.0000,-0.6560,-0.6620,-34.0000,-0.6560,-0.6710,-32.0000,-0.6560,-0.6520,-31.0000
1788242203.9180,-0.6560,-0.6390,-32.0000,-0.6560,-0.6600,-34.0000,-0.6560,-0.6610,-32.0000,-0.6560,-0.6480,-31.0000
1788242203.9681,-0.6560,-0.6360,-32.0000,-0.6560,-0.6710,-33.0000,-0.6560,-0.6580,-32.0000,-0.6560,-0.6450,-31.0000
1788242204.0179,-0.6560,-0.6640,-31.0000,-0.6560,-0.6570,-34.0000,-0.6560,-0.6490,-33.0000,-0.6560,-0.6580,-31.0000
1788242204.0681,-0.6560,-0.6550,-32.0000,-0.6560,-0.6590,-34.0000,-0.6560,-0.6690,-32.0000,-0.6560,-0.6690,-30.0000
1788242204.1191,-0.6560,-0.6490,-32.0000,-0.6560,-0.6610,-34.0000,-0.6560,-0.6560,-32.0000,-0.6560,-0.6500,-31.0000
1788242204.1703,-0.6560,-0.6350,-33.0000,-0.6560,-0.6630,-34.0000,-0.6560,-0.6620,-32.0000,-0.6560,-0.6490,-31.0000
1788242204.2190,-0.6560,-0.6500,-32.0000,-0.6560,-0.6500,-34.0000,-0.6560,-0.6530,-32.0000,-0.6560,-0.6510,-31.0000
1788242204.2707,-0.6560,-0.6460,-32.0000,-0.6560,-0.6580,-34.0000,-0.6560,-0.6690,-31.0000,-0.6560,-0.6650,-30.0000
1788242204.3201,-0.6560,-0.6960,-30.0000,-0.6560,-0.6640,-34.0000,-0.6560,-0.6600,-32.0000,-0.6560,-0.6640,-30.0000
1788242204.3706,-0.6560,-0.6890,-30.0000,-0.6560,-0.6730,-33.0000,-0.6560,-0.6680,-31.0000,-0.6560,-0.6870,-29.0000
1788242204.4200,-0.6560,-0.6530,-32.0000,-0.6560,-0.6550,-34.0000,-0.6560,-0.6520,-32.0000,-0.6560,-0.6640,-30.0000
1788242204.4702,-0.6560,-0.6260,-33.0000,-0.6560,-0.6600,-34.0000,-0.6560,-0.6640,-31.0000,-0.6560,-0.6530,-31.0000
1788242204.5210,-0.6560,-0.6340,-33.0000,-0.6560,-0.6410,-35.0000,-0.6560,-0.6480,-32.0000,-0.6560,-0.6210,-32.0000
1788242204.5701,-0.6560,-0.6240,-34.0000,-0.6560,-0.5740,-39.0000,-0.6560,-0.5930,-36.0000,-0.6560,-0.6220,-33.0000
1788242204.6202,-0.6560,-0.6340,-33.0000,-0.6560,-0.5910,-38.0000,-0.6560,-0.5790,-37.0000,-0.6560,-0.6270,-33.0000
1788242204.6709,-0.6560,-0.6530,-33.0000,-0.6560,-0.6410,-36.0000,-0.6560,-0.6520,-33.0000,-0.6560,-0.6570,-31.0000
1788242204.7201,-0.6560,-0.6440,-33.0000,-0.6560,-0.6560,-36.0000,-0.6560,-0.6770,-32.0000,-0.6560,-0.6530,-32.0000
1788242204.7700,-0.6560,-0.6490,-33.0000,-0.6560,-0.6600,-36.0000,-0.6560,-0.6500,-34.0000,-0.6560,-0.6560,-32.0000
1788242204.8201,-0.6560,-0.6560,-33.0000,-0.6560,-0.6400,-37.0000,-0.6560,-0.6620,-33.0000,-0.6560,-0.6500,-32.0000
1788242204.8707,-0.6560,-0.6510,-33.0000,-0.6560,-0.6500,-36.0000,-0.6560,-0.6610,-33.0000,-0.6560,-0.6760,-30.0000
1788242204.9204,-0.6560,-0.6530,-33.0000,-0.6560,-0.6760,-35.0000,-0.6560,-0.6840,-32.0000,-0.6560,-0.6580,-31.0000
1788242204.9701,-0.6560,-0.6670,-32.0000,-0.6560,-0.6840,-34.0000,-0.6560,-0.6670,-33.0000,-0.6560,-0.6640,-31.0000
1788242205.0214,-0.6560,-0.6680,-32.0000,-0.6560,-0.6680,-35.0000,-0.6560,-0.6730,-32.0000,-0.6560,-0.6510,-32.0000
1788242205.0704,-0.6560,-0.6740,-32.0000,-0.6560,-0.6420,-36.0000,-0.6560,-0.6620,-33.0000,-0.6560,-0.6710,-30.0000
1788242205.1201,-0.6560,-0.6690,-32.0000,-0.6560,-0.5910,-39.0000,-0.6560,-0.6730,-32.0000,-0.6560,-0.6500,-32.0000
1788242205.1703,-0.6560,-0.6570,-32.0000,-0.6560,-0.5880,-40.0000,-0.6560,-0.6160,-35.0000,-0.6560,-0.6510,-31.0000
1788242205.2201,-0.6560,-0.6550,-32.0000,-0.6560,-0.6180,-39.0000,-0.6560,-0.6510,-33.0000,-0.6560,-0.6430,-32.0000
1788242205.2700,-0.6560,-0.6450,-33.0000,-0.6560,-0.6590,-37.0000,-0.6560,-0.6490,-33.0000,-0.6560,-0.6720,-30.0000
1788242205.3202,-0.6560,-0.6500,-33.0000,-0.6560,-0.6580,-37.0000,-0.6560,-0.6800,-32.0000,-0.6560,-0.6560,-31.0000
1788242205.3701,-0.6560,-0.6650,-32.0000,-0.6560,-0.6750,-36.0000,-0.6560,-0.6680,-32.0000,-0.6560,-0.6590,-31.0000
1788242205.4208,-0.6560,-0.6540,-32.0000,-0.6560,-0.7040,-35.0000,-0.6560,-0.6710,-32.0000,-0.6560,-0.6550,-31.0000
1788242205.4701,-0.6560,-0.6710,-31.0000,-0.6560,-0.6830,-35.0000,-0.6560,-0.6580,-33.0000,-0.6560,-0.6650,-31.0000
1788242205.5201,-0.6560,-0.6540,-32.0000,-0.6560,-0.6900,-35.0000,-0.6560,-0.6820,-31.0000,-0.6560,-0.6700,-30.0000
1788242205.5704,-0.6560,-0.6890,-30.0000,-0.6560,-0.6840,-34.0000,-0.6560,-0.6730,-32.0000,-0.6560,-0.6700,-30.0000
1788242205.6199,-0.6560,-0.6670,-31.0000,-0.6560,-0.6900,-34.0000,-0.6560,-0.6880,-30.0000,-0.6560,-0.6560,-31.0000
1788242205.6704,-0.6560,-0.6590,-31.0000,-0.6560,-0.6680,-35.0000,-0.6560,-0.6520,-32.0000,-0.6560,-0.6640,-30.0000
1788242205.7202,-0.8960,-0.6480,-53.0000,-0.4160,-0.6440,-15.0000,-0.4160,-0.6510,-11.0000,-0.8960,-0.6720,-50.0000
1788242205.7699,-0.9190,-0.9390,-40.0000,0.0000,-0.1270,0.0000,0.0000,-0.1250,0.0000,-0.9190,-0.9240,-40.0000
1788242205.8200,-0.9190,-0.8430,-47.0000,0.0000,-0.0090,0.0000,0.0000,-0.0080,0.0000,-0.9190,-0.8940,-43.0000
1788242205.8700,-0.9190,-0.7490,-54.0000,0.0000,0.0780,0.0000,0.0000,-0.0120,0.0000,-0.9190,-0.9080,-43.0000
1788242205.9199,-0.9190,-0.7570,-55.0000,0.0000,0.0660,0.0000,0.0000,-0.0020,0.0000,-0.9190,-0.7770,-51.0000
1788242205.9701,-0.9190,-0.9130,-48.0000,0.0000,0.0050,0.0000,0.0000,-0.0000,0.0000,-0.9190,-0.8750,-46.0000
1788242206.0200,-0.9190,-0.9200,-48.0000,0.0000,0.0000,0.0000,0.0000,-0.0000,0.0000,-0.9190,-0.9310,-44.0000
1788242206.0701,-0.9190,-0.9260,-48.0000,0.0000,0.0000,0.0000,0.0000,-0.0000,0.0000,-0.9190,-0.8990,-46.0000
1788242206.1200,-0.6790,-0.9220,-27.0000,-0.2400,-0.0160,-28.0000,-0.2400,-0.0160,-28.0000,-0.6790,-0.8640,-27.0000
1788242206.1704,-0.6560,-0.7110,-35.0000,-0.6560,-0.5820,-36.0000,-0.6560,-0.6020,-34.0000,-0.6560,-0.6990,-33.0000
1788242206.2201,-0.6560,-0.6480,-37.0000,-0.6560,-0.5820,-40.0000,-0.6560,-0.6550,-35.0000,-0.6560,-0.6920,-32.0000
1788242206.2704,-0.6560,-0.6570,-36.0000,-0.6560,-0.6380,-38.0000,-0.6560,-0.6760,-35.0000,-0.6560,-0.6810,-32.0000
1788242206.3200,-0.6560,-0.6900,-34.0000,-0.6560,-0.6780,-37.0000,-0.6560,-0.7160,-33.0000,-0.6560,-0.6740,-32.0000
1788242206.3704,-0.6560,-0.6890,-33.0000,-0.6560,-0.6950,-36.0000,-0.6560,-0.6950,-33.0000,-0.6560,-0.6900,-30.0000
1788242206.4200,-0.6560,-0.6910,-33.0000,-0.6560,-0.6960,-35.0000,-0.6560,-0.6930,-33.0000,-0.6560,-0.6710,-31.0000
1788242206.4704,-0.6560,-0.6880,-33.0000,-0.6560,-0.6800,-36.0000,-0.6560,-0.6770,-34.0000,-0.6560,-0.6750,-31.0000
1788242206.5200,-0.6560,-0.6810,-33.0000,-0.6560,-0.6820,-35.0000,-0.6560,-0.6940,-32.0000,-0.6560,-0.6610,-31.0000
1788242206.5704,-0.6560,-0.6760,-33.0000,-0.6560,-0.6800,-35.0000,-0.6560,-0.6850,-32.0000,-0.6560,-0.6860,-30.0000
1788242206.6198,-0.6560,-0.6990,-31.0000,-0.6560,-0.7180,-32.0000,-0.6560,-0.7040,-31.0000,-0.6560,-0.6690,-30.0000
1788242206.6701,-0.6560,-0.6870,-31.0000,-0.6560,-0.6750,-34.0000,-0.6560,-0.6820,-32.0000,-0.6560,-0.6610,-31.0000
1788242206.7208,-0.6560,-0.6610,-32.0000,-0.6560,-0.6680,-34.0000,-0.6560,-0.6750,-32.0000,-0.6560,-0.6460,-31.0000
1788242206.7702,-0.9190,-0.9080,-42.0000,-0.0560,-0.3920,12.0000,-0.0560,-0.3860,14.0000,-0.9190,-0.9250,-40.0000
1788242206.8197,-0.9190,-0.8110,-50.0000,0.0000,-0.0310,0.0000,0.0000,-0.0380,0.0000,-0.9190,-0.8380,-47.0000
1788242206.8701,-0.9190,-0.8530,-48.0000,0.0000,-0.0020,0.0000,0.0000,-0.0030,0.0000,-0.9190,-0.8270,-48.0000
1788242206.9199,-0.9190,-0.8740,-48.0000,0.0000,-0.0000,0.0000,0.0000,-0.0000,0.0000,-0.9190,-0.8930,-45.0000
1788242206.9700,-0.9190,-0.8820,-48.0000,0.0000,-0.0070,0.0000,0.0000,-0.0000,0.0000,-0.9190,-0.9070,-45.0000
1788242207.0200,-0.9190,-0.8860,-48.0000,0.0000,-0.0020,0.0000,0.0000,-0.0000,0.0000,-0.9190,-0.8610,-48.0000
1788242207.0706,-0.6790,-0.8660,-29.0000,-0.2400,-0.0160,-28.0000,-0.2400,-0.0130,-28.0000,-0.6790,-0.8690,-27.0000
1788242207.1200,-0.6560,-0.7020,-35.0000,-0.6560,-0.5940,-35.0000,-0.6560,-0.6010,-34.0000,-0.6560,-0.6760,-34.0000
1788242207.1712,-0.6560,-0.6310,-38.0000,-0.6560,-0.6060,-38.0000,-0.6560,-0.6420,-36.0000,-0.6560,-0.6780,-33.0000
1788242207.2202,-0.6560,-0.6350,-37.0000,-0.6560,-0.6640,-36.0000,-0.6560,-0.6840,-35.0000,-0.6560,-0.6590,-34.0000
1788242207.2709,-0.6560,-0.7040,-33.0000,-0.6560,-0.6930,-35.0000,-0.6560,-0.6960,-34.0000,-0.6560,-0.7050,-31.0000
1788242207.3201,-0.6560,-0.7060,-33.0000,-0.6560,-0.6900,-35.0000,-0.6560,-0.6990,-33.0000,-0.6560,-0.6820,-31.0000
1788242207.3706,-0.6560,-0.7000,-33.0000,-0.6560,-0.6780,-35.0000,-0.6560,-0.6850,-34.0000,-0.6560,-0.6880,-31.0000
1788242207.4201,-0.6560,-0.7090,-31.0000,-0.6560,-0.7230,-32.0000,-0.6560,-0.7180,-31.0000,-0.6560,-0.6760,-31.0000
1788242207.4705,-0.6560,-0.7020,-31.0000,-0.6560,-0.7310,-31.0000,-0.6560,-0.7000,-32.0000,-0.6560,-0.7060,-29.0000
1788242207.5201,-0.6560,-0.6980,-31.0000,-0.6560,-0.6930,-32.0000,-0.6560,-0.7020,-31.0000,-0.6560,-0.6980,-29.0000
1788242207.5704,-0.6560,-0.6750,-32.0000,-0.6560,-0.6520,-34.0000,-0.6560,-0.6610,-33.0000,-0.6560,-0.6620,-31.0000
1788242207.6201,-0.6560,-0.6690,-32.0000,-0.6560,-0.6520,-34.0000,-0.6560,-0.6770,-32.0000,-0.6560,-0.6500,-31.0000
1788242207.6704,-0.6560,-0.6450,-33.0000,-0.6560,-0.6390,-35.0000,-0.6560,-0.6520,-33.0000,-0.6560,-0.6360,-32.0000
1788242207.7201,-0.6560,-0.6430,-33.0000,-0.6560,-0.6440,-35.0000,-0.6560,-0.6510,-33.0000,-0.6560,-0.6180,-33.0000
1788242207.7703,-0.6560,-0.5780,-37.0000,-0.6560,-0.6270,-36.0000,-0.6560,-0.6390,-34.0000,-0.6560,-0.6220,-33.0000
1788242207.8202,-0.6560,-0.6030,-36.0000,-0.6560,-0.6390,-35.0000,-0.6560,-0.6590,-33.0000,-0.6560,-0.6230,-34.0000
1788242207.8705,-0.6560,-0.6500,-34.0000,-0.6560,-0.6640,-34.0000,-0.6560,-0.6540,-33.0000,-0.6560,-0.6660,-31.0000
1788242207.9202,-0.6560,-0.6760,-33.0000,-0.6560,-0.6650,-34.0000,-0.6560,-0.6680,-32.0000,-0.6560,-0.6660,-32.0000
1788242207.9704,-0.6560,-0.6780,-33.0000,-0.6560,-0.6620,-34.0000,-0.6560,-0.6510,-33.0000,-0.6560,-0.6770,-31.0000
1788242208.0201,-0.6560,-0.6640,-33.0000,-0.6560,-0.6660,-34.0000,-0.6560,-0.6720,-32.0000,-0.6560,-0.6650,-31.0000
1788242208.0706,-0.6560,-0.6730,-33.0000,-0.6560,-0.6970,-32.0000,-0.6560,-0.6680,-32.0000,-0.6560,-0.6900,-30.0000
1788242208.1200,-0.6560,-0.6790,-32.0000,-0.6560,-0.6820,-33.0000,-0.6560,-0.6710,-31.0000,-0.6560,-0.6820,-30.0000
1788242208.1705,-0.6560,-0.6780,-32.0000,-0.6560,-0.6630,-33.0000,-0.6560,-0.6520,-32.0000,-0.6560,-0.6760,-30.0000
1788242208.2201,-0.6560,-0.6510,-33.0000,-0.6560,-0.6450,-34.0000,-0.6560,-0.6670,-31.0000,-0.6560,-0.6420,-32.0000
1788242208.2704,-0.6560,-0.6440,-34.0000,-0.6560,-0.6440,-34.0000,-0.6560,-0.6440,-33.0000,-0.6560,-0.6240,-33.0000
1788242208.3202,-0.6560,-0.5650,-38.0000,-0.6560,-0.6420,-35.0000,-0.6560,-0.6510,-32.0000,-0.6560,-0.6040,-34.0000
1788242208.3706,-0.6560,-0.5800,-38.0000,-0.6560,-0.5880,-38.0000,-0.6560,-0.6410,-33.0000,-0.6560,-0.5950,-35.0000
1788242208.4202,-0.6560,-0.6490,-35.0000,-0.6560,-0.6400,-35.0000,-0.6560,-0.6590,-32.0000,-0.6560,-0.6440,-33.0000
1788242208.4706,-0.6560,-0.6780,-34.0000,-0.6560,-0.6600,-35.0000,-0.6560,-0.6670,-32.0000,-0.6560,-0.6540,-32.0000
1788242208.5199,-0.6560,-0.6700,-34.0000,-0.6560,-0.6610,-35.0000,-0.6560,-0.6590,-32.0000,-0.6560,-0.6730,-31.0000
1788242208.5704,-0.6560,-0.6780,-34.0000,-0.6560,-0.6700,-34.0000,-0.6560,-0.6590,-32.0000,-0.6560,-0.6800,-31.0000
1788242208.6200,-0.6560,-0.6740,-34.0000,-0.6560,-0.6620,-34.0000,-0.6560,-0.6550,-32.0000,-0.6560,-0.6680,-31.0000
1788242208.6704,-0.6560,-0.6900,-32.0000,-0.6560,-0.6620,-34.0000,-0.6560,-0.6670,-31.0000,-0.6560,-0.6800,-30.0000
1788242208.7202,-0.6560,-0.6850,-32.0000,-0.6560,-0.6830,-33.0000,-0.6560,-0.6660,-31.0000,-0.6560,-0.6920,-30.0000
1788242208.7706,-0.6560,-0.7180,-30.0000,-0.6560,-0.6880,-32.0000,-0.6560,-0.6660,-31.0000,-0.6560,-0.6860,-29.0000
1788242208.8200,-0.6560,-0.7030,-30.0000,-0.6560,-0.6640,-34.0000,-0.6560,-0.6690,-31.0000,-0.6560,-0.6830,-29.0000
1788242208.8704,-0.6560,-0.6720,-32.0000,-0.6560,-0.6570,-34.0000,-0.6560,-0.6650,-31.0000,-0.6560,-0.6610,-30.0000
1788242208.9201,-0.6560,-0.6590,-32.0000,-0.6560,-0.6500,-34.0000,-0.6560,-0.6470,-32.0000,-0.6560,-0.6630,-30.0000
1788242208.9705,-0.6560,-0.6510,-32.0000,-0.6560,-0.6460,-34.0000,-0.6560,-0.6350,-33.0000,-0.6560,-0.6270,-32.0000
1788242209.0202,-0.6560,-0.5300,-40.0000,-0.6560,-0.5750,-39.0000,-0.6560,-0.6320,-33.0000,-0.6560,-0.5720,-35.0000
1788242209.0705,-0.6560,-0.6030,-36.0000,-0.6560,-0.6270,-36.0000,-0.6560,-0.6560,-32.0000,-0.6560,-0.6260,-33.0000
1788242209.1200,-0.6560,-0.6490,-35.0000,-0.6560,-0.6580,-35.0000,-0.6560,-0.6530,-32.0000,-0.6560,-0.6750,-31.0000
1788242209.1705,-0.6560,-0.6700,-34.0000,-0.6560,-0.6670,-34.0000,-0.6560,-0.6600,-32.0000,-0.6560,-0.6640,-31.0000
1788242209.2203,-0.6560,-0.6780,-33.0000,-0.6560,-0.6600,-35.0000,-0.6560,-0.6510,-33.0000,-0.6560,-0.6700,-31.0000
1788242209.2704,-0.6560,-0.6750,-33.0000,-0.6560,-0.6680,-34.0000,-0.6560,-0.6730,-31.0000,-0.6560,-0.6600,-31.0000
1788242209.3202,-0.6560,-0.6780,-33.0000,-0.6560,-0.6750,-34.0000,-0.6560,-0.6620,-32.0000,-0.6560,-0.6890,-29.0000
1788242209.3704,-0.6560,-0.7020,-31.0000,-0.6560,-0.6980,-32.0000,-0.6560,-0.6730,-31.0000,-0.6560,-0.6870,-29.0000
1788242209.4202,-0.6560,-0.7130,-30.0000,-0.6560,-0.6840,-33.0000,-0.6560,-0.6650,-31.0000,-0.6560,-0.6810,-29.0000
1788242209.4706,-0.6560,-0.6820,-31.0000,-0.6560,-0.6680,-33.0000,-0.6560,-0.6790,-30.0000,-0.6560,-0.6590,-30.0000
1788242209.5202,-0.6560,-0.6620,-32.0000,-0.6560,-0.6590,-34.0000,-0.6560,-0.6470,-32.0000,-0.6560,-0.6640,-30.0000
1788242209.5705,-0.6560,-0.6660,-31.0000,-0.6560,-0.6590,-34.0000,-0.6560,-0.6540,-32.0000,-0.6560,-0.6470,-31.0000
1788242209.6200,-0.6560,-0.6540,-32.0000,-0.6560,-0.6390,-35.0000,-0.6560,-0.6440,-32.0000,-0.6560,-0.6480,-31.0000
1788242209.6705,-0.6560,-0.6370,-33.0000,-0.6560,-0.6360,-35.0000,-0.6560,-0.6400,-33.0000,-0.6560,-0.6110,-33.0000
1788242209.7202,-0.6560,-0.6230,-34.0000,-0.6560,-0.6240,-36.0000,-0.6560,-0.6290,-33.0000,-0.6560,-0.6130,-33.0000
1788242209.7704,-0.6560,-0.6370,-33.0000,-0.6560,-0.6430,-35.0000,-0.6560,-0.6520,-32.0000,-0.6560,-0.6340,-32.0000
1788242209.8200,-0.6560,-0.6460,-33.0000,-0.6560,-0.6600,-34.0000,-0.6560,-0.6490,-33.0000,-0.6560,-0.6670,-31.0000
1788242209.8705,-0.6560,-0.6780,-31.0000,-0.6560,-0.6610,-34.0000,-0.6560,-0.6690,-32.0000,-0.6560,-0.6520,-32.0000
1788242209.9201,-0.6560,-0.6740,-31.0000,-0.6560,-0.6710,-34.0000,-0.6560,-0.6590,-32.0000,-0.6560,-0.6780,-30.0000
1788242209.9704,-0.6560,-0.6750,-31.0000,-0.6560,-0.6810,-33.0000,-0.6560,-0.6730,-31.0000,-0.6560,-0.6760,-30.0000
1788242210.0202,-0.6560,-0.6690,-31.0000,-0.6560,-0.6830,-33.0000,-0.6560,-0.6640,-32.0000,-0.6560,-0.6770,-30.0000
1788242210.0705,-0.6560,-0.6670,-31.0000,-0.6560,-0.6610,-34.0000,-0.6560,-0.6640,-31.0000,-0.6560,-0.6480,-31.0000
1788242210.1202,-0.6560,-0.6520,-32.0000,-0.6560,-0.6590,-34.0000,-0.6560,-0.6550,-32.0000,-0.6560,-0.6660,-30.0000
1788242210.1704,-0.6560,-0.5580,-38.0000,-0.6560,-0.6450,-34.0000,-0.6560,-0.6440,-32.0000,-0.6560,-0.5940,-34.0000
1788242210.2202,-0.6560,-0.5750,-37.0000,-0.6560,-0.6430,-35.0000,-0.6560,-0.6360,-33.0000,-0.6560,-0.5910,-35.0000
1788242210.2704,-0.6560,-0.6250,-35.0000,-0.6560,-0.6300,-35.0000,-0.6560,-0.6520,-32.0000,-0.6560,-0.6140,-34.0000
1788242210.3202,-0.6560,-0.6610,-34.0000,-0.6560,-0.6540,-34.0000,-0.6560,-0.6610,-32.0000,-0.6560,-0.6650,-32.0000
1788242210.3703,-0.6560,-0.6420,-35.0000,-0.6560,-0.6550,-34.0000,-0.6560,-0.6500,-32.0000,-0.6560,-0.6590,-32.0000
1788242210.4202,-0.6560,-0.6570,-34.0000,-0.6560,-0.6670,-34.0000,-0.6560,-0.6510,-32.0000,-0.6560,-0.6690,-32.0000
1788242210.4704,-0.6560,-0.6680,-34.0000,-0.6560,-0.6500,-35.0000,-0.6560,-0.6540,-32.0000,-0.6560,-0.6610,-32.0000
1788242210.5203,-0.6560,-0.6600,-34.0000,-0.6560,-0.6610,-34.0000,-0.6560,-0.6680,-31.0000,-0.6560,-0.6740,-31.0000
1788242210.5705,-0.6560,-0.6640,-34.0000,-0.6560,-0.6640,-34.0000,-0.6560,-0.6560,-32.0000,-0.6560,-0.6870,-30.0000
1788242210.6201,-0.6560,-0.6990,-32.0000,-0.6560,-0.6710,-33.0000,-0.6560,-0.6640,-32.0000,-0.6560,-0.6770,-31.0000
1788242210.6704,-0.6560,-0.6860,-32.0000,-0.6560,-0.6650,-33.0000,-0.6560,-0.6630,-32.0000,-0.6560,-0.6920,-30.0000
1788242210.7202,-0.6560,-0.6780,-32.0000,-0.6560,-0.6590,-34.0000,-0.6560,-0.6700,-31.0000,-0.6560,-0.6660,-31.0000
1788242210.7703,-0.6560,-0.6670,-32.0000,-0.6560,-0.6530,-34.0000,-0.6560,-0.6500,-32.0000,-0.6560,-0.6680,-30.0000
1788242210.8199,-0.6560,-0.6230,-35.0000,-0.6560,-0.6570,-34.0000,-0.6560,-0.6470,-32.0000,-0.6560,-0.6110,-34.0000
1788242210.8705,-0.6560,-0.5960,-37.0000,-0.6560,-0.6030,-37.0000,-0.6560,-0.6360,-33.0000,-0.6560,-0.5740,-36.0000
1788242210.9202,-0.6560,-0.6340,-35.0000,-0.6560,-0.6250,-36.0000,-0.6560,-0.6610,-32.0000,-0.6560,-0.6360,-33.0000
1788242210.9705,-0.6560,-0.6690,-33.0000,-0.6560,-0.6530,-35.0000,-0.6560,-0.6500,-33.0000,-0.6560,-0.6630,-32.0000
1788242211.0202,-0.6560,-0.6560,-34.0000,-0.6560,-0.6540,-35.0000,-0.6560,-0.6570,-32.0000,-0.6560,-0.6520,-33.0000
1788242211.0705,-0.6560,-0.6780,-33.0000,-0.6560,-0.6590,-35.0000,-0.6560,-0.6470,-33.0000,-0.6560,-0.6660,-32.0000
1788242211.1200,-0.6560,-0.6820,-33.0000,-0.6560,-0.6660,-34.0000,-0.6560,-0.6710,-31.0000,-0.6560,-0.6710,-32.0000
1788242211.1704,-0.6560,-0.6850,-32.0000,-0.6560,-0.6670,-34.0000,-0.6560,-0.6510,-33.0000,-0.6560,-0.6860,-31.0000
1788242211.2202,-0.6560,-0.6880,-32.0000,-0.6560,-0.6670,-34.0000,-0.6560,-0.6540,-32.0000,-0.6560,-0.6720,-31.0000
1788242211.2705,-0.6560,-0.6870,-31.0000,-0.6560,-0.6660,-34.0000,-0.6560,-0.6550,-32.0000,-0.6560,-0.6920,-30.0000
1788242211.3202,-0.6560,-0.7060,-30.0000,-0.6560,-0.6740,-33.0000,-0.6560,-0.6780,-31.0000,-0.6560,-0.6720,-31.0000
1788242211.3705,-0.6560,-0.6760,-31.0000,-0.6560,-0.6690,-33.0000,-0.6560,-0.6610,-32.0000,-0.6560,-0.6790,-30.0000
1788242211.4203,-0.6560,-0.6680,-31.0000,-0.6560,-0.6650,-33.0000,-0.6560,-0.6520,-32.0000,-0.6560,-0.6550,-31.0000
1788242211.4707,-0.6560,-0.6560,-32.0000,-0.6560,-0.6510,-34.0000,-0.6560,-0.6380,-33.0000,-0.6560,-0.6340,-32.0000
1788242211.5204,-0.6560,-0.5940,-35.0000,-0.6560,-0.6270,-36.0000,-0.6560,-0.6550,-32.0000,-0.6560,-0.5560,-37.0000
1788242211.5704,-0.6560,-0.6060,-35.0000,-0.6560,-0.6250,-36.0000,-0.6560,-0.6430,-33.0000,-0.6560,-0.6100,-34.0000
1788242211.6200,-0.6560,-0.6640,-32.0000,-0.6560,-0.6670,-34.0000,-0.6560,-0.6540,-32.0000,-0.6560,-0.6600,-32.0000
1788242211.6705,-0.6560,-0.6720,-32.0000,-0.6560,-0.6570,-35.0000,-0.6560,-0.6430,-33.0000,-0.6560,-0.6730,-32.0000
1788242211.7202,-0.6560,-0.6350,-34.0000,-0.6560,-0.6500,-35.0000,-0.6560,-0.6600,-32.0000,-0.6560,-0.6400,-34.0000
1788242211.7703,-0.6560,-0.6620,-32.0000,-0.6560,-0.6620,-34.0000,-0.6560,-0.6600,-32.0000,-0.6560,-0.6810,-31.0000
1788242211.8202,-0.6560,-0.6620,-32.0000,-0.6560,-0.6680,-34.0000,-0.6560,-0.6580,-32.0000,-0.6560,-0.6850,-31.0000
1788242211.8705,-0.6560,-0.6700,-32.0000,-0.6560,-0.6700,-34.0000,-0.6560,-0.6480,-33.0000,-0.6560,-0.6760,-31.0000
1788242211.9202,-0.6560,-0.6750,-31.0000,-0.6560,-0.6640,-34.0000,-0.6560,-0.6760,-31.0000,-0.6560,-0.6690,-31.0000
1788242211.9704,-0.6560,-0.6870,-30.0000,-0.6560,-0.6830,-33.0000,-0.6560,-0.6720,-31.0000,-0.6560,-0.7020,-29.0000
1788242212.0202,-0.6560,-0.6600,-32.0000,-0.6560,-0.6710,-33.0000,-0.6560,-0.6620,-32.0000,-0.6560,-0.6630,-31.0000
1788242212.0704,-0.6560,-0.6510,-32.0000,-0.6560,-0.6590,-34.0000,-0.6560,-0.6400,-33.0000,-0.6560,-0.6650,-30.0000
1788242212.1200,-0.6560,-0.6370,-33.0000,-0.6560,-0.6370,-35.0000,-0.6560,-0.6450,-33.0000,-0.6560,-0.6340,-32.0000
1788242212.1705,-0.6560,-0.6150,-34.0000,-0.6560,-0.6260,-36.0000,-0.6560,-0.6460,-33.0000,-0.6560,-0.5920,-35.0000
1788242212.2203,-0.6560,-0.5970,-36.0000,-0.6560,-0.6100,-37.0000,-0.6560,-0.6440,-33.0000,-0.6560,-0.6080,-34.0000
1788242212.2705,-0.6560,-0.6500,-33.0000,-0.6560,-0.6540,-35.0000,-0.6560,-0.6560,-33.0000,-0.6560,-0.6600,-32.0000
1788242212.3203,-0.6560,-0.6620,-33.0000,-0.6560,-0.6550,-35.0000,-0.6560,-0.6530,-33.0000,-0.6560,-0.6570,-32.0000
1788242212.3705,-0.6560,-0.6680,-33.0000,-0.6560,-0.6600,-34.0000,-0.6560,-0.6690,-32.0000,-0.6560,-0.6720,-32.0000
1788242212.4202,-0.6560,-0.6610,-33.0000,-0.6560,-0.6610,-34.0000,-0.6560,-0.6510,-33.0000,-0.6560,-0.6940,-30.0000
1788242212.4705,-0.6560,-0.6650,-33.0000,-0.6560,-0.6730,-34.0000,-0.6560,-0.6590,-32.0000,-0.6560,-0.6780,-31.0000
1788242212.5203,-0.6560,-0.6650,-33.0000,-0.6560,-0.6540,-35.0000,-0.6560,-0.6500,-33.0000,-0.6560,-0.6700,-31.0000
1788242212.5710,-0.6560,-0.6690,-32.0000,-0.6560,-0.6700,-34.0000,-0.6560,-0.6800,-31.0000,-0.6560,-0.6740,-30.0000
1788242212.6201,-0.6560,-0.6590,-33.0000,-0.6560,-0.6550,-34.0000,-0.6560,-0.6560,-33.0000,-0.6560,-0.6790,-30.0000
1788242212.6706,-0.6560,-0.6280,-34.0000,-0.6560,-0.6510,-34.0000,-0.6560,-0.6530,-33.0000,-0.6560,-0.6610,-31.0000
1788242212.7202,-0.6560,-0.5940,-37.0000,-0.6560,-0.6000,-37.0000,-0.6560,-0.6440,-33.0000,-0.6560,-0.5630,-36.0000
1788242212.7714,-0.6560,-0.6130,-36.0000,-0.6560,-0.6120,-37.0000,-0.6560,-0.6720,-32.0000,-0.6560,-0.6090,-34.0000
1788242212.8200,-0.6560,-0.6430,-35.0000,-0.6560,-0.6410,-36.0000,-0.6560,-0.6530,-33.0000,-0.6560,-0.6570,-32.0000
1788242212.8711,-0.6560,-0.6750,-33.0000,-0.6560,-0.6650,-35.0000,-0.6560,-0.6570,-32.0000,-0.6560,-0.6700,-32.0000
1788242212.9210,-0.6560,-0.6740,-33.0000,-0.6560,-0.6420,-36.0000,-0.6560,-0.6450,-33.0000,-0.6560,-0.6640,-32.0000
1788242212.9708,-0.6560,-0.6730,-33.0000,-0.6560,-0.6710,-35.0000,-0.6560,-0.6720,-31.0000,-0.6560,-0.6680,-32.0000
1788242213.0204,-0.6560,-0.6600,-34.0000,-0.6560,-0.6720,-35.0000,-0.6560,-0.6550,-32.0000,-0.6560,-0.6700,-31.0000
1788242213.0710,-0.6560,-0.6640,-33.0000,-0.6560,-0.6760,-34.0000,-0.6560,-0.6640,-32.0000,-0.6560,-0.6730,-31.0000
1788242213.1209,-0.6560,-0.6760,-33.0000,-0.6560,-0.6670,-35.0000,-0.6560,-0.6450,-33.0000,-0.6560,-0.6820,-30.0000
1788242213.1709,-0.6560,-0.6860,-32.0000,-0.6560,-0.6820,-34.0000,-0.6560,-0.6690,-32.0000,-0.6560,-0.6850,-30.0000
1788242213.2209,-0.6560,-0.7250,-29.0000,-0.6560,-0.6760,-34.0000,-0.6560,-0.6530,-32.0000,-0.6560,-0.7090,-28.0000
1788242213.2706,-0.6560,-0.6780,-31.0000,-0.6560,-0.6760,-33.0000,-0.6560,-0.6580,-32.0000,-0.6560,-0.6610,-30.0000
1788242213.3211,-0.6560,-0.6590,-32.0000,-0.6560,-0.6650,-34.0000,-0.6560,-0.6410,-33.0000,-0.6560,-0.6570,-30.0000
1788242213.3704,-0.6560,-0.6540,-32.0000,-0.6560,-0.6520,-34.0000,-0.6560,-0.6650,-32.0000,-0.6560,-0.6350,-32.0000
1788242213.4215,-0.6560,-0.5830,-36.0000,-0.6560,-0.6400,-35.0000,-0.6560,-0.6480,-33.0000,-0.6560,-0.6320,-32.0000
1788242213.4704,-0.6560,-0.5700,-37.0000,-0.6560,-0.6010,-38.0000,-0.6560,-0.6510,-33.0000,-0.6560,-0.6110,-33.0000
1788242213.5204,-0.6560,-0.6420,-34.0000,-0.6560,-0.6310,-36.0000,-0.6560,-0.6470,-33.0000,-0.6560,-0.6560,-31.0000
1788242213.5706,-0.6560,-0.6670,-33.0000,-0.6560,-0.6500,-36.0000,-0.6560,-0.6680,-32.0000,-0.6560,-0.6490,-32.0000
1788242213.6203,-0.6560,-0.6700,-33.0000,-0.6560,-0.6600,-35.0000,-0.6560,-0.6570,-32.0000,-0.6560,-0.6620,-31.0000
1788242213.6704,-0.6560,-0.6680,-33.0000,-0.6560,-0.6580,-35.0000,-0.6560,-0.6510,-33.0000,-0.6560,-0.6600,-31.0000
1788242213.7203,-0.6560,-0.6730,-32.0000,-0.6560,-0.6790,-34.0000,-0.6560,-0.6460,-33.0000,-0.6560,-0.6620,-31.0000
1788242213.7703,-0.6560,-0.6760,-32.0000,-0.6560,-0.6640,-35.0000,-0.6560,-0.6600,-32.0000,-0.6560,-0.6550,-31.0000
1788242213.8204,-0.6560,-0.6820,-32.0000,-0.6560,-0.6700,-34.0000,-0.6560,-0.6630,-32.0000,-0.6560,-0.7000,-29.0000
1788242213.8705,-0.6560,-0.6900,-31.0000,-0.6560,-0.6800,-33.0000,-0.6560,-0.6550,-32.0000,-0.6560,-0.6880,-29.0000
1788242213.9204,-0.6560,-0.6740,-31.0000,-0.6560,-0.6730,-34.0000,-0.6560,-0.6460,-33.0000,-0.6560,-0.6610,-30.0000
1788242213.9704,-0.6560,-0.6610,-32.0000,-0.6560,-0.6500,-35.0000,-0.6560,-0.6500,-33.0000,-0.6560,-0.6380,-31.0000
1788242214.0204,-0.6560,-0.6290,-34.0000,-0.6560,-0.6520,-35.0000,-0.6560,-0.6650,-32.0000,-0.6560,-0.6380,-31.0000
1788242214.0705,-0.6560,-0.5570,-38.0000,-0.6560,-0.6250,-36.0000,-0.6560,-0.6570,-32.0000,-0.6560,-0.6150,-33.0000
1788242214.1203,-0.6560,-0.5990,-36.0000,-0.6560,-0.6100,-37.0000,-0.6560,-0.6530,-33.0000,-0.6560,-0.6160,-33.0000
1788242214.1704,-0.6560,-0.6620,-34.0000,-0.6560,-0.6360,-36.0000,-0.6560,-0.6500,-33.0000,-0.6560,-0.6360,-33.0000
1788242214.2204,-0.6560,-0.6670,-34.0000,-0.6560,-0.6470,-36.0000,-0.6560,-0.6710,-32.0000,-0.6560,-0.6550,-32.0000
1788242214.2705,-0.6560,-0.6640,-34.0000,-0.6560,-0.6680,-35.0000,-0.6560,-0.6520,-33.0000,-0.6560,-0.6690,-31.0000
1788242214.3204,-0.6560,-0.6730,-33.0000,-0.6560,-0.6770,-34.0000,-0.6560,-0.6560,-32.0000,-0.6560,-0.6650,-31.0000
1788242214.3707,-0.6560,-0.6910,-32.0000,-0.6560,-0.6590,-35.0000,-0.6560,-0.6480,-33.0000,-0.6560,-0.6650,-31.0000
1788242214.4204,-0.6560,-0.6930,-31.0000,-0.6560,-0.6710,-34.0000,-0.6560,-0.6700,-32.0000,-0.6560,-0.6750,-30.0000
1788242214.4704,-0.6560,-0.6720,-32.0000,-0.6560,-0.6700,-34.0000,-0.6560,-0.6570,-32.0000,-0.6560,-0.6970,-29.0000
1788242214.5207,-0.6560,-0.6980,-31.0000,-0.6560,-0.6810,-33.0000,-0.6560,-0.6600,-32.0000,-0.6560,-0.6900,-29.0000
1788242214.5704,-0.6560,-0.6930,-30.0000,-0.6560,-0.6630,-34.0000,-0.6560,-0.6500,-33.0000,-0.6560,-0.6880,-29.0000
1788242214.6202,-0.6560,-0.6770,-31.0000,-0.6560,-0.6620,-34.0000,-0.6560,-0.6690,-32.0000,-0.6560,-0.6450,-31.0000
1788242214.6706,-0.6560,-0.6530,-32.0000,-0.6560,-0.6620,-34.0000,-0.6560,-0.6530,-33.0000,-0.6560,-0.6580,-30.0000
1788242214.7204,-0.6560,-0.6570,-32.0000,-0.6560,-0.6610,-34.0000,-0.6560,-0.6530,-32.0000,-0.6560,-0.6440,-31.0000
1788242214.7705,-0.6560,-0.5890,-36.0000,-0.6560,-0.6350,-36.0000,-0.6560,-0.6420,-33.0000,-0.6560,-0.6120,-33.0000
1788242214.8202,-0.6560,-0.6110,-35.0000,-0.6560,-0.6370,-36.0000,-0.6560,-0.6630,-32.0000,-0.6560,-0.6270,-32.0000
1788242214.8706,-0.6560,-0.6500,-33.0000,-0.6560,-0.6430,-35.0000,-0.6560,-0.6530,-33.0000,-0.6560,-0.6670,-30.0000
1788242214.9204,-0.6560,-0.6600,-33.0000,-0.6560,-0.6610,-35.0000,-0.6560,-0.6580,-32.0000,-0.6560,-0.6490,-32.0000
1788242214.9704,-0.6560,-0.6760,-32.0000,-0.6560,-0.6600,-35.0000,-0.6560,-0.6420,-33.0000,-0.6560,-0.6640,-31.0000
1788242215.0203,-0.6560,-0.6810,-31.0000,-0.6560,-0.6660,-34.0000,-0.6560,-0.6610,-32.0000,-0.6560,-0.6460,-32.0000
1788242215.0705,-0.6560,-0.6640,-32.0000,-0.6560,-0.6690,-34.0000,-0.6560,-0.6590,-32.0000,-0.6560,-0.6840,-30.0000
1788242215.1201,-0.6560,-0.6920,-30.0000,-0.6560,-0.6830,-33.0000,-0.6560,-0.6650,-32.0000,-0.6560,-0.6800,-30.0000
1788242215.1704,-0.6560,-0.6830,-31.0000,-0.6560,-0.6820,-33.0000,-0.6560,-0.6610,-32.0000,-0.6560,-0.6810,-29.0000
1788242215.2203,-0.6560,-0.6610,-31.0000,-0.6560,-0.6540,-34.0000,-0.6560,-0.6570,-32.0000,-0.6560,-0.6350,-32.0000
1788242215.2705,-0.6560,-0.6490,-32.0000,-0.6560,-0.6550,-34.0000,-0.6560,-0.6500,-33.0000,-0.6560,-0.6650,-30.0000
1788242215.3203,-0.6560,-0.5270,-39.0000,-0.6560,-0.6160,-37.0000,-0.6560,-0.6380,-33.0000,-0.6560,-0.6060,-33.0000
1788242215.3704,-0.6560,-0.5680,-38.0000,-0.6560,-0.5710,-39.0000,-0.6560,-0.6350,-34.0000,-0.6560,-0.6250,-33.0000
1788242215.4204,-0.6560,-0.6360,-35.0000,-0.6560,-0.6160,-38.0000,-0.6560,-0.6630,-32.0000,-0.6560,-0.6440,-32.0000
1788242215.4704,-0.6560,-0.6760,-33.0000,-0.6560,-0.6510,-36.0000,-0.6560,-0.6650,-32.0000,-0.6560,-0.6720,-30.0000
1788242215.5203,-0.6560,-0.6600,-34.0000,-0.6560,-0.6670,-36.0000,-0.6560,-0.6600,-33.0000,-0.6560,-0.6600,-31.0000
1788242215.5707,-0.6560,-0.6800,-33.0000,-0.6560,-0.6830,-35.0000,-0.6560,-0.6530,-33.0000,-0.6560,-0.6620,-31.0000
1788242215.6203,-0.6560,-0.6780,-33.0000,-0.6560,-0.6700,-35.0000,-0.6560,-0.6520,-33.0000,-0.6560,-0.6480,-32.0000
1788242215.6703,-0.6560,-0.6820,-32.0000,-0.6560,-0.6770,-35.0000,-0.6560,-0.6680,-32.0000,-0.6560,-0.6770,-30.0000
1788242215.7199,-0.6560,-0.6750,-32.0000,-0.6560,-0.6780,-34.0000,-0.6560,-0.6650,-32.0000,-0.6560,-0.6740,-30.0000
1788242215.7703,-0.6560,-0.6960,-31.0000,-0.6560,-0.7030,-32.0000,-0.6560,-0.6700,-32.0000,-0.6560,-0.6810,-29.0000
1788242215.8205,-0.6560,-0.6940,-30.0000,-0.6560,-0.6800,-33.0000,-0.6560,-0.6780,-31.0000,-0.6560,-0.6630,-30.0000
1788242215.8705,-0.6560,-0.6750,-31.0000,-0.6560,-0.6630,-34.0000,-0.6560,-0.6680,-31.0000,-0.6560,-0.6560,-30.0000
1788242215.9204,-0.6560,-0.6630,-31.0000,-0.6560,-0.6630,-34.0000,-0.6560,-0.6500,-32.0000,-0.6560,-0.6460,-31.0000
1788242215.9704,-0.6560,-0.6460,-32.0000,-0.6560,-0.6480,-35.0000,-0.6560,-0.6390,-33.0000,-0.6560,-0.6340,-32.0000
1788242216.0204,-0.6560,-0.5310,-39.0000,-0.6560,-0.5670,-40.0000,-0.6560,-0.6260,-34.0000,-0.6560,-0.6180,-33.0000
1788242216.0705,-0.6560,-0.5760,-37.0000,-0.6560,-0.5890,-39.0000,-0.6560,-0.6520,-33.0000,-0.6560,-0.6350,-32.0000
1788242216.1204,-0.6560,-0.6530,-34.0000,-0.6560,-0.6420,-36.0000,-0.6560,-0.6480,-33.0000,-0.6560,-0.6670,-31.0000
1788242216.1705,-0.6560,-0.6560,-34.0000,-0.6560,-0.6590,-36.0000,-0.6560,-0.6590,-33.0000,-0.6560,-0.6620,-31.0000
1788242216.2203,-0.6560,-0.6660,-34.0000,-0.6560,-0.6500,-37.0000,-0.6560,-0.6510,-33.0000,-0.6560,-0.6610,-31.0000
1788242216.2705,-0.6560,-0.6920,-32.0000,-0.6560,-0.6790,-35.0000,-0.6560,-0.6730,-32.0000,-0.6560,-0.6610,-31.0000
1788242216.3203,-0.6560,-0.6810,-33.0000,-0.6560,-0.6850,-34.0000,-0.6560,-0.6580,-33.0000,-0.6560,-0.6800,-30.0000
1788242216.3706,-0.6560,-0.6900,-32.0000,-0.6560,-0.6820,-34.0000,-0.6560,-0.6590,-32.0000,-0.6560,-0.6750,-30.0000
1788242216.4203,-0.6560,-0.6850,-32.0000,-0.6560,-0.6730,-35.0000,-0.6560,-0.6600,-32.0000,-0.6560,-0.6800,-29.0000
1788242216.4705,-0.6560,-0.7130,-30.0000,-0.6560,-0.6960,-33.0000,-0.6560,-0.6990,-30.0000,-0.6560,-0.6710,-30.0000
1788242216.5203,-0.6560,-0.6780,-31.0000,-0.6560,-0.6940,-33.0000,-0.6560,-0.6720,-31.0000,-0.6560,-0.6870,-29.0000
1788242216.5705,-0.6560,-0.6690,-31.0000,-0.6560,-0.6640,-34.0000,-0.6560,-0.6490,-32.0000,-0.6560,-0.6440,-31.0000
1788242216.6203,-0.6560,-0.6580,-31.0000,-0.6560,-0.6560,-34.0000,-0.6560,-0.6380,-33.0000,-0.6560,-0.6460,-31.0000
1788242216.6705,-0.6560,-0.6510,-32.0000,-0.6560,-0.6360,-35.0000,-0.6560,-0.6590,-32.0000,-0.6560,-0.6270,-32.0000
1788242216.7203,-0.6560,-0.6140,-34.0000,-0.6560,-0.5770,-39.0000,-0.6560,-0.6240,-34.0000,-0.6560,-0.6320,-32.0000
1788242216.7703,-0.6560,-0.6160,-34.0000,-0.6560,-0.6210,-37.0000,-0.6560,-0.6370,-33.0000,-0.6560,-0.6350,-32.0000
1788242216.8202,-0.6560,-0.6600,-32.0000,-0.6560,-0.6490,-36.0000,-0.6560,-0.6370,-34.0000,-0.6560,-0.6570,-31.0000
1788242216.8706,-0.6560,-0.6690,-32.0000,-0.6560,-0.6700,-35.0000,-0.6560,-0.6620,-32.0000,-0.6560,-0.6480,-32.0000
1788242216.9204,-0.6560,-0.6640,-32.0000,-0.6560,-0.6810,-34.0000,-0.6560,-0.6570,-33.0000,-0.6560,-0.6760,-30.0000
1788242216.9705,-0.6560,-0.6730,-31.0000,-0.6560,-0.6820,-34.0000,-0.6560,-0.6700,-32.0000,-0.6560,-0.6610,-31.0000
1788242217.0205,-0.6560,-0.6880,-30.0000,-0.6560,-0.6960,-33.0000,-0.6560,-0.6670,-32.0000,-0.6560,-0.6840,-29.0000
1788242217.0715,-0.6560,-0.6800,-31.0000,-0.6560,-0.6980,-33.0000,-0.6560,-0.6780,-31.0000,-0.6560,-0.6700,-30.0000
1788242217.1204,-0.6560,-0.6510,-32.0000,-0.6560,-0.6760,-33.0000,-0.6560,-0.6610,-32.0000,-0.6560,-0.6700,-30.0000
1788242217.1711,-0.6560,-0.6530,-32.0000,-0.6560,-0.6580,-34.0000,-0.6560,-0.6470,-32.0000,-0.6560,-0.6460,-31.0000
1788242217.2205,-0.6560,-0.6440,-32.0000,-0.6560,-0.6530,-34.0000,-0.6560,-0.6370,-33.0000,-0.6560,-0.6440,-31.0000
1788242217.2705,-0.6560,-0.6260,-33.0000,-0.6560,-0.6290,-36.0000,-0.6560,-0.6460,-33.0000,-0.6560,-0.5900,-34.0000
1788242217.3204,-0.6560,-0.6250,-34.0000,-0.6560,-0.6050,-37.0000,-0.6560,-0.6520,-32.0000,-0.6560,-0.6320,-32.0000
1788242217.3704,-0.6560,-0.6260,-34.0000,-0.6560,-0.6380,-36.0000,-0.6560,-0.6410,-33.0000,-0.6560,-0.6240,-33.0000
1788242217.4204,-0.6560,-0.6400,-34.0000,-0.6560,-0.6500,-35.0000,-0.6560,-0.6480,-33.0000,-0.6560,-0.6530,-32.0000
1788242217.4705,-0.6560,-0.6610,-33.0000,-0.6560,-0.6620,-35.0000,-0.6560,-0.6510,-33.0000,-0.6560,-0.6530,-32.0000
1788242217.5205,-0.6560,-0.6710,-32.0000,-0.6560,-0.6640,-35.0000,-0.6560,-0.6630,-32.0000,-0.6560,-0.6740,-31.0000
1788242217.5707,-0.6560,-0.6630,-32.0000,-0.6560,-0.6720,-34.0000,-0.6560,-0.6540,-33.0000,-0.6560,-0.6790,-31.0000
1788242217.6203,-0.6560,-0.6690,-32.0000,-0.6560,-0.6750,-34.0000,-0.6560,-0.6590,-32.0000,-0.6560,-0.6860,-30.0000
1788242217.6705,-0.6560,-0.6740,-32.0000,-0.6560,-0.6690,-34.0000,-0.6560,-0.6640,-32.0000,-0.6560,-0.6900,-30.0000
1788242217.7204,-0.6560,-0.6830,-31.0000,-0.6560,-0.6820,-33.0000,-0.6560,-0.6740,-32.0000,-0.6560,-0.6810,-30.0000
1788242217.7704,-0.6560,-0.6520,-32.0000,-0.6560,-0.6640,-34.0000,-0.6560,-0.6570,-32.0000,-0.6560,-0.6610,-31.0000
1788242217.8204,-0.6560,-0.6540,-32.0000,-0.6560,-0.6600,-34.0000,-0.6560,-0.6500,-33.0000,-0.6560,-0.6530,-31.0000
1788242217.8704,-0.6560,-0.5830,-36.0000,-0.6560,-0.6180,-36.0000,-0.6560,-0.6370,-34.0000,-0.6560,-0.5870,-35.0000
1788242217.9204,-0.6560,-0.5610,-38.0000,-0.6560,-0.6020,-38.0000,-0.6560,-0.6590,-32.0000,-0.6560,-0.6150,-33.0000
1788242217.9707,-0.6560,-0.6120,-36.0000,-0.6560,-0.6360,-36.0000,-0.6560,-0.6460,-33.0000,-0.6560,-0.6440,-32.0000
1788242218.0203,-0.6560,-0.6490,-35.0000,-0.6560,-0.6600,-35.0000,-0.6560,-0.6580,-33.0000,-0.6560,-0.6500,-32.0000
1788242218.0704,-0.6560,-0.6440,-35.0000,-0.6560,-0.6450,-36.0000,-0.6560,-0.6440,-33.0000,-0.6560,-0.6570,-32.0000
1788242218.1204,-0.6560,-0.6690,-34.0000,-0.6560,-0.6660,-35.0000,-0.6560,-0.6700,-32.0000,-0.6560,-0.6600,-32.0000
1788242218.1704,-0.6560,-0.6680,-34.0000,-0.6560,-0.6740,-34.0000,-0.6560,-0.6550,-33.0000,-0.6560,-0.6860,-30.0000
1788242218.2204,-0.6560,-0.6900,-33.0000,-0.6560,-0.6730,-34.0000,-0.6560,-0.6650,-32.0000,-0.6560,-0.6700,-31.0000
1788242218.2706,-0.6560,-0.6870,-33.0000,-0.6560,-0.6690,-34.0000,-0.6560,-0.6600,-32.0000,-0.6560,-0.6780,-30.0000
1788242218.3204,-0.6560,-0.6950,-32.0000,-0.6560,-0.6970,-33.0000,-0.6560,-0.6790,-31.0000,-0.6560,-0.6790,-30.0000
1788242218.3705,-0.6560,-0.7160,-30.0000,-0.6560,-0.6890,-33.0000,-0.6560,-0.6790,-31.0000,-0.6560,-0.7070,-28.0000
1788242218.4204,-0.6560,-0.6790,-32.0000,-0.6560,-0.6790,-33.0000,-0.6560,-0.6630,-32.0000,-0.6560,-0.6660,-30.0000
1788242218.4704,-0.6560,-0.6720,-31.0000,-0.6560,-0.6490,-34.0000,-0.6560,-0.6410,-33.0000,-0.6560,-0.6510,-31.0000
1788242218.5204,-0.6560,-0.6500,-33.0000,-0.6560,-0.6440,-35.0000,-0.6560,-0.6580,-32.0000,-0.6560,-0.6320,-32.0000
1788242218.5704,-0.6560,-0.5570,-38.0000,-0.6560,-0.6170,-36.0000,-0.6560,-0.6260,-34.0000,-0.6560,-0.6350,-32.0000
1788242218.6202,-0.6560,-0.5340,-40.0000,-0.6560,-0.5650,-40.0000,-0.6560,-0.6420,-33.0000,-0.6560,-0.6330,-32.0000
1788242218.6704,-0.6560,-0.6310,-35.0000,-0.6560,-0.6290,-37.0000,-0.6560,-0.6460,-33.0000,-0.6560,-0.6530,-31.0000
1788242218.7204,-0.6560,-0.6640,-34.0000,-0.6560,-0.6660,-35.0000,-0.6560,-0.6660,-32.0000,-0.6560,-0.6470,-32.0000
1788242218.7704,-0.6560,-0.6720,-34.0000,-0.6560,-0.6770,-35.0000,-0.6560,-0.6570,-33.0000,-0.6560,-0.6690,-30.0000
1788242218.8204,-0.6560,-0.6780,-34.0000,-0.6560,-0.6840,-34.0000,-0.6560,-0.6590,-32.0000,-0.6560,-0.6570,-31.0000
1788242218.8705,-0.6560,-0.6960,-32.0000,-0.6560,-0.6770,-34.0000,-0.6560,-0.6460,-33.0000,-0.6560,-0.6700,-30.0000
1788242218.9204,-0.6560,-0.6910,-32.0000,-0.6560,-0.6770,-34.0000,-0.6560,-0.6810,-31.0000,-0.6560,-0.6580,-31.0000
1788242218.9706,-0.6560,-0.7020,-31.0000,-0.6560,-0.7020,-32.0000,-0.6560,-0.6740,-31.0000,-0.6560,-0.6900,-29.0000
1788242219.0204,-0.6560,-0.7020,-31.0000,-0.6560,-0.6980,-32.0000,-0.6560,-0.6740,-31.0000,-0.6560,-0.6780,-29.0000
1788242219.0705,-0.6560,-0.6760,-32.0000,-0.6560,-0.6630,-34.0000,-0.6560,-0.6460,-32.0000,-0.6560,-0.6570,-30.0000
1788242219.1201,-0.6560,-0.6680,-32.0000,-0.6560,-0.6510,-34.0000,-0.6560,-0.6540,-32.0000,-0.6560,-0.6320,-32.0000
1788242219.1707,-0.6560,-0.6480,-33.0000,-0.6560,-0.6510,-34.0000,-0.6560,-0.6510,-32.0000,-0.6560,-0.6540,-30.0000
1788242219.2204,-0.6560,-0.6350,-33.0000,-0.6560,-0.6400,-35.0000,-0.6560,-0.6380,-33.0000,-0.6560,-0.6260,-32.0000
1788242219.2705,-0.6560,-0.6430,-33.0000,-0.6560,-0.6230,-36.0000,-0.6560,-0.6100,-35.0000,-0.6560,-0.6290,-32.0000
1788242219.3205,-0.6560,-0.6090,-35.0000,-0.6560,-0.6060,-37.0000,-0.6560,-0.6330,-34.0000,-0.6560,-0.6240,-33.0000
1788242219.3705,-0.6560,-0.6330,-34.0000,-0.6560,-0.6250,-37.0000,-0.6560,-0.6600,-33.0000,-0.6560,-0.6540,-31.0000
1788242219.4204,-0.6560,-0.6540,-33.0000,-0.6560,-0.6720,-34.0000,-0.6560,-0.6550,-33.0000,-0.6560,-0.6630,-31.0000
1788242219.4704,-0.6560,-0.6790,-32.0000,-0.6560,-0.6760,-34.0000,-0.6560,-0.6590,-33.0000,-0.6560,-0.6580,-31.0000
1788242219.5203,-0.6560,-0.6770,-32.0000,-0.6560,-0.6660,-35.0000,-0.6560,-0.6550,-33.0000,-0.6560,-0.6620,-31.0000
1788242219.5704,-0.6560,-0.6790,-32.0000,-0.6560,-0.6760,-34.0000,-0.6560,-0.6920,-31.0000,-0.6560,-0.6700,-30.0000
1788242219.6201,-0.6560,-0.6660,-32.0000,-0.6560,-0.6930,-33.0000,-0.6560,-0.6750,-32.0000,-0.6560,-0.6840,-30.0000
1788242219.6705,-0.6560,-0.6770,-31.0000,-0.6560,-0.6770,-33.0000,-0.6560,-0.6550,-32.0000,-0.6560,-0.6550,-31.0000
1788242219.7204,-0.6560,-0.6600,-32.0000,-0.6560,-0.6500,-35.0000,-0.6560,-0.6500,-33.0000,-0.6560,-0.6470,-31.0000
1788242219.7703,-0.6560,-0.5750,-37.0000,-0.6560,-0.6350,-35.0000,-0.6560,-0.6480,-33.0000,-0.6560,-0.6140,-33.0000
1788242219.8204,-0.6560,-0.5880,-37.0000,-0.6560,-0.6150,-37.0000,-0.6560,-0.6330,-34.0000,-0.6560,-0.6190,-33.0000
1788242219.8706,-0.6560,-0.6240,-36.0000,-0.6560,-0.6290,-36.0000,-0.6560,-0.6440,-33.0000,-0.6560,-0.6460,-32.0000
1788242219.9205,-0.6560,-0.6500,-35.0000,-0.6560,-0.6480,-35.0000,-0.6560,-0.6500,-33.0000,-0.6560,-0.6530,-32.0000
1788242219.9705,-0.6560,-0.6340,-36.0000,-0.6560,-0.6500,-36.0000,-0.6560,-0.6680,-32.0000,-0.6560,-0.6310,-33.0000
1788242220.0204,-0.6560,-0.6620,-34.0000,-0.6560,-0.6650,-35.0000,-0.6560,-0.6530,-33.0000,-0.6560,-0.6780,-31.0000
1788242220.0705,-0.6560,-0.6670,-34.0000,-0.6560,-0.6690,-34.0000,-0.6560,-0.6650,-32.0000,-0.6560,-0.6670,-31.0000
1788242220.1203,-0.6560,-0.6680,-34.0000,-0.6560,-0.6670,-34.0000,-0.6560,-0.6530,-33.0000,-0.6560,-0.6730,-31.0000
1788242220.1707,-0.6560,-0.6850,-33.0000,-0.6560,-0.6700,-34.0000,-0.6560,-0.6710,-32.0000,-0.6560,-0.6630,-31.0000
1788242220.2204,-0.6560,-0.6770,-33.0000,-0.6560,-0.6710,-34.0000,-0.6560,-0.6620,-33.0000,-0.6560,-0.7060,-29.0000
1788242220.2707,-0.6560,-0.6820,-33.0000,-0.6560,-0.6810,-33.0000,-0.6560,-0.6790,-31.0000,-0.6560,-0.6890,-29.0000
1788242220.3204,-0.6560,-0.6750,-33.0000,-0.6560,-0.6550,-35.0000,-0.6560,-0.6500,-33.0000,-0.6560,-0.6570,-31.0000
1788242220.3705,-0.6560,-0.6610,-33.0000,-0.6560,-0.6610,-34.0000,-0.6560,-0.6640,-32.0000,-0.6560,-0.6390,-32.0000
1788242220.4204,-0.6560,-0.5490,-40.0000,-0.6560,-0.5900,-38.0000,-0.6560,-0.6290,-34.0000,-0.6560,-0.6140,-33.0000
1788242220.4705,-0.6560,-0.5980,-38.0000,-0.6560,-0.6210,-37.0000,-0.6560,-0.6450,-33.0000,-0.6560,-0.6220,-33.0000
1788242220.5204,-0.6560,-0.6550,-35.0000,-0.6560,-0.6210,-37.0000,-0.6560,-0.6390,-34.0000,-0.6560,-0.6520,-32.0000
1788242220.5704,-0.6560,-0.6590,-35.0000,-0.6560,-0.6450,-36.0000,-0.6560,-0.6620,-33.0000,-0.6560,-0.6370,-33.0000
1788242220.6203,-0.6560,-0.6490,-36.0000,-0.6560,-0.6480,-36.0000,-0.6560,-0.6510,-33.0000,-0.6560,-0.6610,-32.0000
1788242220.6705,-0.6560,-0.6780,-34.0000,-0.6560,-0.6760,-35.0000,-0.6560,-0.6560,-33.0000,-0.6560,-0.6640,-31.0000
1788242220.7204,-0.6560,-0.6880,-33.0000,-0.6560,-0.6840,-34.0000,-0.6560,-0.6520,-33.0000,-0.6560,-0.6700,-31.0000
1788242220.7704,-0.6560,-0.6840,-33.0000,-0.6560,-0.6720,-35.0000,-0.6560,-0.6670,-32.0000,-0.6560,-0.6550,-32.0000
1788242220.8203,-0.1760,-0.5350,2.0000,-0.1760,-0.5530,3.0000,-0.1760,-0.5280,4.0000,-0.1760,-0.5120,4.0000
1788242220.8704,0.0000,-0.0600,0.0000,0.0000,-0.0700,0.0000,0.0000,-0.0390,0.0000,0.0000,-0.0630,0.0000
1788242220.9204,-0.1200,-0.0050,-14.0000,-0.1200,-0.0050,-14.0000,-0.1200,-0.0280,-13.0000,-0.1200,-0.0160,-13.0000
1788242220.9712,-0.6560,-0.4860,-39.0000,-0.6560,-0.4890,-40.0000,-0.6560,-0.5090,-38.0000,-0.6560,-0.5160,-38.0000
1788242221.0205,-0.6560,-0.6610,-34.0000,-0.6560,-0.6560,-35.0000,-0.6560,-0.6740,-33.0000,-0.6560,-0.6550,-34.0000
1788242221.0706,-0.6560,-0.6700,-34.0000,-0.6560,-0.6530,-36.0000,-0.6560,-0.6500,-36.0000,-0.6560,-0.6720,-34.0000
1788242221.1211,-0.6560,-0.6730,-35.0000,-0.6560,-0.6550,-36.0000,-0.6560,-0.6820,-34.0000,-0.6560,-0.6700,-35.0000
1788242221.1712,-0.6560,-0.6710,-35.0000,-0.6560,-0.6630,-36.0000,-0.6560,-0.6660,-35.0000,-0.6560,-0.6850,-34.0000
1788242221.2205,-0.6560,-0.6830,-34.0000,-0.6560,-0.6720,-36.0000,-0.6560,-0.6670,-35.0000,-0.6560,-0.6700,-34.0000
1788242221.2705,-0.6560,-0.6690,-34.0000,-0.6560,-0.6060,-39.0000,-0.6560,-0.6630,-35.0000,-0.6560,-0.6350,-36.0000
1788242221.3206,-0.6560,-0.6240,-37.0000,-0.6560,-0.6200,-39.0000,-0.6560,-0.6780,-34.0000,-0.6560,-0.6510,-35.0000
1788242221.3705,-0.6560,-0.6870,-33.0000,-0.6560,-0.6810,-36.0000,-0.6560,-0.6690,-34.0000,-0.6560,-0.7000,-33.0000
1788242221.4214,-0.6560,-0.6900,-33.0000,-0.6560,-0.6860,-35.0000,-0.6560,-0.6830,-33.0000,-0.6560,-0.6890,-33.0000
1788242221.4705,-0.6560,-0.6800,-33.0000,-0.6560,-0.6750,-36.0000,-0.6560,-0.6730,-34.0000,-0.6560,-0.6850,-33.0000
1788242221.5212,-0.6560,-0.6900,-32.0000,-0.6560,-0.6910,-34.0000,-0.6560,-0.6910,-32.0000,-0.6560,-0.6980,-32.0000
1788242221.5705,-0.6560,-0.6770,-33.0000,-0.6560,-0.6890,-34.0000,-0.6560,-0.6670,-33.0000,-0.6560,-0.7030,-31.0000
1788242221.6210,-0.6560,-0.6930,-31.0000,-0.6560,-0.6940,-34.0000,-0.6560,-0.6890,-32.0000,-0.6560,-0.6890,-31.0000
1788242221.6707,-0.6560,-0.6980,-31.0000,-0.6560,-0.6960,-33.0000,-0.6560,-0.6930,-31.0000,-0.6560,-0.7000,-30.0000
1788242221.7216,-0.6560,-0.6710,-32.0000,-0.6560,-0.6670,-34.0000,-0.6560,-0.6770,-32.0000,-0.6560,-0.6720,-31.0000
1788242221.7704,-0.6560,-0.6540,-32.0000,-0.6560,-0.6640,-34.0000,-0.6560,-0.6510,-33.0000,-0.6560,-0.6740,-31.0000
1788242221.8204,-0.6560,-0.6580,-32.0000,-0.6560,-0.6600,-34.0000,-0.6560,-0.6580,-33.0000,-0.6560,-0.6520,-32.0000
1788242221.8705,-0.6560,-0.6370,-33.0000,-0.6560,-0.6290,-36.0000,-0.6560,-0.6310,-34.0000,-0.6560,-0.6020,-35.0000
1788242221.9205,-0.6560,-0.5900,-36.0000,-0.6560,-0.6060,-37.0000,-0.6560,-0.6570,-33.0000,-0.6560,-0.6060,-35.0000
1788242221.9712,-0.6560,-0.6470,-34.0000,-0.6560,-0.6530,-35.0000,-0.6560,-0.6520,-33.0000,-0.6560,-0.6570,-32.0000
1788242222.0206,-0.9190,-0.8400,-47.0000,-0.0560,-0.4050,12.0000,-0.0560,-0.4170,15.0000,-0.9190,-0.8760,-44.0000
1788242222.0704,-0.9190,-0.8880,-47.0000,0.0000,-0.0350,0.0000,0.0000,-0.0380,0.0000,-0.9190,-0.8970,-45.0000
1788242222.1202,-0.9190,-0.9130,-46.0000,0.0000,-0.0030,0.0000,0.0000,-0.0060,0.0000,-0.9190,-0.9590,-42.0000
1788242222.1704,-0.9190,-0.8370,-51.0000,0.0000,-0.0870,0.0000,0.0000,-0.3260,0.0000,-0.9190,-0.9620,-42.0000
1788242222.2204,-0.9190,-0.9310,-46.0000,0.0000,-0.1670,0.0000,0.0000,-0.3340,0.0000,-0.9190,-0.9330,-43.0000
1788242222.2704,-0.9190,-0.9010,-48.0000,0.0000,-0.0630,0.0000,0.0000,-0.2540,0.0000,-0.9190,-0.8650,-47.0000
1788242222.3204,-0.9190,-0.9340,-46.0000,0.0000,-0.0080,0.0000,0.0000,-0.0880,0.0000,-0.9190,-0.8480,-48.0000
1788242222.3704,-0.9190,-0.9250,-47.0000,0.0000,-0.0280,0.0000,0.0000,-0.0580,0.0000,-0.9190,-0.8600,-48.0000
1788242222.4204,-0.9190,-0.9270,-46.0000,0.0000,-0.0060,0.0000,0.0000,-0.1220,0.0000,-0.9190,-0.8910,-47.0000
1788242222.4704,-0.9190,-0.9280,-46.0000,0.0000,-0.0000,0.0000,0.0000,-0.0260,0.0000,-0.9190,-0.8770,-49.0000
1788242222.5204,-0.9190,-0.9320,-46.0000,0.0000,-0.0010,0.0000,0.0000,-0.0080,0.0000,-0.9190,-0.8910,-48.0000
1788242222.5710,-0.9190,-0.9320,-46.0000,0.0000,-0.0000,0.0000,0.0000,-0.0010,0.0000,-0.9190,-0.9460,-45.0000
1788242222.6203,-0.9190,-0.9370,-45.0000,0.0000,-0.0000,0.0000,0.0000,-0.0110,0.0000,-0.9190,-0.9540,-45.0000
1788242222.6706,-0.9190,-0.9380,-45.0000,0.0000,-0.0000,0.0000,0.0000,-0.0570,0.0000,-0.9190,-0.9020,-48.0000
1788242222.7204,-0.9190,-0.9280,-45.0000,0.0000,-0.0030,0.0000,0.0000,-0.1320,0.0000,-0.9190,-0.8840,-49.0000
1788242222.7705,-0.9190,-0.9300,-45.0000,0.0000,-0.0010,0.0000,0.0000,-0.0800,0.0000,-0.9190,-0.8990,-48.0000
1788242222.8205,-0.9190,-0.9090,-46.0000,0.0000,-0.0000,0.0000,0.0000,-0.1150,0.0000,-0.9190,-0.8650,-50.0000
1788242222.8705,-0.9190,-0.9030,-47.0000,0.0000,-0.0170,0.0000,0.0000,-0.0640,0.0000,-0.9190,-0.9020,-49.0000
1788242222.9204,-0.9190,-0.9290,-45.0000,0.0000,-0.0630,0.0000,0.0000,-0.0130,0.0000,-0.9190,-0.9260,-47.0000
1788242222.9705,-0.9190,-0.9110,-46.0000,0.0000,-0.0570,0.0000,0.0000,-0.0080,0.0000,-0.9190,-0.9030,-49.0000
1788242223.0204,-0.9190,-0.9220,-46.0000,0.0000,-0.0450,0.0000,0.0000,-0.0130,0.0000,-0.9190,-0.9580,-46.0000
1788242223.0705,-0.9190,-0.9240,-46.0000,0.0000,-0.0180,0.0000,0.0000,-0.1130,0.0000,-0.9190,-0.9510,-46.0000
1788242223.1203,-0.9190,-0.9160,-46.0000,0.0000,-0.0030,0.0000,0.0000,-0.1160,0.0000,-0.9190,-0.8850,-50.0000
1788242223.1706,-0.9190,-0.9130,-46.0000,0.0000,-0.0220,0.0000,0.0000,-0.1410,0.0000,-0.9190,-0.8740,-50.0000
1788242223.2204,-0.9190,-0.8980,-47.0000,0.0000,-0.0810,0.0000,0.0000,-0.0860,0.0000,-0.9190,-0.8820,-50.0000
1788242223.2706,-0.9190,-0.8930,-48.0000,0.0000,-0.0970,0.0000,0.0000,-0.0990,0.0000,-0.9190,-0.8970,-50.0000
1788242223.3207,-0.6790,-0.9010,-27.0000,-0.2400,-0.0750,-25.0000,-0.2400,-0.0850,-25.0000,-0.6790,-0.9240,-28.0000
1788242223.3705,-0.6560,-0.6990,-34.0000,-0.6560,-0.5920,-35.0000,-0.6560,-0.5740,-36.0000,-0.6560,-0.6910,-37.0000
1788242223.4206,-0.6560,-0.6440,-36.0000,-0.6560,-0.6490,-35.0000,-0.6560,-0.6550,-35.0000,-0.6560,-0.6990,-35.0000
1788242223.4705,-0.6560,-0.6780,-33.0000,-0.6560,-0.6700,-35.0000,-0.6560,-0.6900,-34.0000,-0.6560,-0.7030,-34.0000
1788242223.5206,-0.6560,-0.6830,-33.0000,-0.6560,-0.6740,-35.0000,-0.6560,-0.6810,-34.0000,-0.6560,-0.7120,-33.0000
1788242223.5705,-0.8960,-0.7060,-52.0000,-0.4160,-0.6480,-15.0000,-0.8960,-0.7020,-54.0000,-0.4160,-0.6840,-13.0000
1788242223.6202,-1.3850,-1.1850,-70.0000,-0.0190,-0.1640,4.0000,-1.2940,-1.2360,-61.0000,0.0720,-0.1170,11.0000
1788242223.6706,-1.3850,-1.3640,-64.0000,-0.0190,-0.0110,-1.0000,-1.2940,-1.3130,-60.0000,0.0720,0.0190,9.0000
1788242223.7204,-1.3850,-1.3620,-66.0000,-0.0190,-0.0010,0.0000,-1.2940,-1.3360,-60.0000,0.0720,0.0290,10.0000
1788242223.7702,-1.3850,-1.4040,-64.0000,-0.0190,0.0000,0.0000,-1.2940,-1.3270,-60.0000,0.0720,0.0640,8.0000
1788242223.8205,-1.3850,-1.4180,-64.0000,-0.0190,0.0000,0.0000,-1.2940,-1.2510,-64.0000,0.0720,0.0400,10.0000
1788242223.8706,-1.3850,-1.4340,-62.0000,-0.0190,0.0000,0.0000,-1.2940,-1.2580,-64.0000,0.0720,0.0690,9.0000
1788242223.9204,-1.3850,-1.4020,-64.0000,-0.0190,0.0000,0.0000,-1.2940,-1.2250,-66.0000,0.0720,0.0060,13.0000
1788242223.9705,-1.3850,-1.3630,-66.0000,-0.0190,-0.0010,-1.0000,-1.2940,-1.2960,-63.0000,0.0720,0.0000,14.0000
1788242224.0205,-1.3850,-1.3720,-65.0000,-0.0190,-0.0000,-1.0000,-1.2940,-1.2690,-65.0000,0.0720,0.0710,10.0000
1788242224.0705,-1.3850,-1.3910,-64.0000,-0.0190,-0.0000,-1.0000,-1.2940,-1.3020,-63.0000,0.0720,0.0920,10.0000
1788242224.1206,-1.3850,-1.4180,-63.0000,-0.0190,-0.0000,-1.0000,-1.2940,-1.2750,-65.0000,0.0720,0.0840,10.0000
1788242224.1706,-0.9050,-1.2520,-30.0000,-0.4990,-0.1900,-41.0000,-0.8140,-1.1600,-29.0000,-0.4080,-0.0830,-32.0000
1788242224.2206,-0.6560,-0.7100,-34.0000,-0.6560,-0.6630,-33.0000,-0.6560,-0.7130,-35.0000,-0.6560,-0.6260,-28.0000
1788242224.2705,-0.6560,-0.6900,-31.0000,-0.6560,-0.6520,-36.0000,-0.6560,-0.7000,-33.0000,-0.6560,-0.5960,-33.0000
1788242224.3206,-0.6560,-0.6580,-32.0000,-0.6560,-0.6560,-37.0000,-0.6560,-0.6890,-32.0000,-0.6560,-0.6450,-32.0000
1788242224.3707,-0.6560,-0.5930,-35.0000,-0.6560,-0.6560,-37.0000,-0.6560,-0.6030,-37.0000,-0.6560,-0.6430,-33.0000
1788242224.4206,-0.4160,-0.5960,-15.0000,-0.8960,-0.6750,-57.0000,-0.4160,-0.6070,-15.0000,-0.8960,-0.6700,-52.0000
1788242224.4706,0.0720,-0.0810,10.0000,-1.2940,-1.2500,-62.0000,-0.0190,-0.1450,4.0000,-1.3850,-1.2580,-65.0000
1788242224.5204,0.0720,0.0410,8.0000,-1.2940,-1.1830,-70.0000,-0.0190,-0.0330,2.0000,-1.3850,-1.3970,-61.0000
1788242224.5705,0.0720,0.0660,8.0000,-1.2940,-1.2960,-65.0000,-0.0190,-0.0030,2.0000,-1.3850,-1.4120,-61.0000
1788242224.6204,0.0720,0.0550,9.0000,-1.2940,-1.3300,-64.0000,-0.0190,-0.0000,2.0000,-1.3850,-1.4070,-62.0000
1788242224.6705,0.0720,0.0220,12.0000,-1.2940,-1.3700,-61.0000,-0.0190,-0.0000,2.0000,-1.3850,-1.4330,-60.0000
1788242224.7204,0.0720,0.0180,12.0000,-1.2940,-1.2780,-66.0000,-0.0190,-0.0000,1.0000,-1.3850,-1.3370,-65.0000
1788242224.7704,0.0720,0.0250,12.0000,-1.2940,-1.3110,-64.0000,-0.0190,-0.0000,1.0000,-1.3850,-1.3440,-65.0000
1788242224.8202,0.0720,0.0230,13.0000,-1.2940,-1.2720,-66.0000,-0.0190,-0.0000,1.0000,-1.3850,-1.3730,-64.0000
1788242224.8705,0.0720,0.0640,11.0000,-1.2940,-1.3160,-63.0000,-0.0190,-0.0000,1.0000,-1.3850,-1.3990,-63.0000
1788242224.9205,0.0720,0.0420,13.0000,-1.2940,-1.3330,-62.0000,-0.0190,-0.0070,1.0000,-1.3850,-1.3730,-64.0000
1788242224.9704,0.0720,0.0640,12.0000,-1.2940,-1.3310,-62.0000,-0.0190,-0.0130,1.0000,-1.3850,-1.4340,-60.0000
1788242225.0204,0.0720,0.0520,13.0000,-1.2940,-1.2960,-64.0000,-0.0190,-0.0370,2.0000,-1.3850,-1.3600,-65.0000
1788242225.0708,0.0720,0.1040,10.0000,-1.2940,-1.2180,-68.0000,-0.0190,-0.0180,1.0000,-1.3850,-1.3510,-65.0000
1788242225.1204,0.0720,0.0880,11.0000,-1.2940,-1.2430,-67.0000,-0.0190,-0.0010,0.0000,-1.3850,-1.3880,-63.0000
1788242225.1706,0.0720,0.0510,13.0000,-1.2940,-1.2980,-65.0000,-0.0190,-0.0000,0.0000,-1.3850,-1.3980,-63.0000
1788242225.2217,0.0720,0.0860,11.0000,-1.2940,-1.3300,-63.0000,-0.0190,-0.0000,0.0000,-1.3850,-1.4060,-62.0000
1788242225.2704,0.0720,0.0960,10.0000,-1.2940,-1.3190,-63.0000,-0.0190,-0.0000,0.0000,-1.3850,-1.4190,-61.0000
1788242225.3217,0.0720,0.1010,10.0000,-1.2940,-1.3060,-64.0000,-0.0190,-0.0130,0.0000,-1.3850,-1.3810,-63.0000
1788242225.3706,0.0720,0.0980,10.0000,-1.2940,-1.2620,-66.0000,-0.0190,-0.0040,0.0000,-1.3850,-1.3670,-64.0000
1788242225.4216,0.0720,0.0570,12.0000,-1.2940,-1.2560,-67.0000,-0.0190,0.0000,-1.0000,-1.3850,-1.3670,-64.0000
1788242225.4704,0.0720,0.0330,13.0000,-1.2940,-1.2950,-65.0000,-0.0190,0.0000,-1.0000,-1.3850,-1.4010,-63.0000
1788242225.5216,0.0720,0.0530,12.0000,-1.2940,-1.3090,-64.0000,-0.0190,0.0000,-1.0000,-1.3850,-1.3930,-63.0000
1788242225.5705,0.0720,0.0540,13.0000,-1.2940,-1.2930,-65.0000,-0.0190,0.0000,-1.0000,-1.3850,-1.4420,-60.0000
1788242225.6210,0.0720,0.0710,12.0000,-1.2940,-1.2980,-65.0000,-0.0190,-0.0020,-2.0000,-1.3850,-1.3780,-63.0000
1788242225.6705,0.0720,0.0810,12.0000,-1.2940,-1.2060,-70.0000,-0.0190,-0.0040,-2.0000,-1.3850,-1.3650,-64.0000
1788242225.7204,0.0720,0.0690,12.0000,-1.2940,-1.2260,-69.0000,-0.0190,-0.0000,-2.0000,-1.3850,-1.3480,-65.0000
1788242225.7703,0.0720,0.0690,12.0000,-1.2940,-1.2730,-67.0000,-0.0190,0.0010,-2.0000,-1.3850,-1.3910,-63.0000
1788242225.8205,0.0720,0.0250,15.0000,-1.2940,-1.3300,-65.0000,-0.0190,-0.0040,-2.0000,-1.3850,-1.4190,-61.0000
1788242225.8706,0.0720,0.1100,10.0000,-1.2940,-1.3260,-65.0000,-0.0190,-0.0000,-3.0000,-1.3850,-1.4340,-60.0000
1788242225.9206,-0.2880,0.0160,-25.0000,-0.9340,-1.2830,-35.0000,-0.3790,-0.1160,-36.0000,-1.0250,-1.3110,-35.0000
1788242225.9705,-0.6560,-0.5600,-29.0000,-0.6560,-0.7570,-36.0000,-0.6560,-0.6810,-32.0000,-0.6560,-0.7140,-32.0000
1788242226.0207,-0.6560,-0.6020,-31.0000,-0.6560,-0.6970,-35.0000,-0.6560,-0.6950,-34.0000,-0.6560,-0.6360,-32.0000
1788242226.0706,-0.6560,-0.6410,-30.0000,-0.6560,-0.6570,-36.0000,-0.6560,-0.7060,-34.0000,-0.6560,-0.6180,-33.0000
1788242226.1204,-0.6560,-0.6330,-31.0000,-0.6560,-0.6560,-35.0000,-0.6560,-0.7020,-34.0000,-0.6560,-0.6130,-33.0000
1788242226.1704,-0.6560,-0.6480,-31.0000,-0.6560,-0.6330,-37.0000,-0.6560,-0.6860,-34.0000,-0.6560,-0.6370,-32.0000
1788242226.2205,-0.6560,-0.6430,-31.0000,-0.6560,-0.6380,-36.0000,-0.6560,-0.6980,-33.0000,-0.6560,-0.6460,-32.0000
1788242226.2705,-0.6560,-0.6480,-31.0000,-0.6560,-0.6400,-37.0000,-0.6560,-0.6840,-33.0000,-0.6560,-0.6390,-32.0000
1788242226.3205,-0.6560,-0.6530,-31.0000,-0.6560,-0.6670,-35.0000,-0.6560,-0.6740,-34.0000,-0.6560,-0.6490,-32.0000
1788242226.3706,-0.6560,-0.6460,-31.0000,-0.6560,-0.6740,-35.0000,-0.6560,-0.6820,-33.0000,-0.6560,-0.6810,-30.0000
1788242226.4207,-0.6560,-0.6640,-30.0000,-0.6560,-0.6670,-35.0000,-0.6560,-0.6840,-32.0000,-0.6560,-0.6690,-31.0000
1788242226.4705,-0.6560,-0.6740,-30.0000,-0.6560,-0.6810,-34.0000,-0.6560,-0.6760,-33.0000,-0.6560,-0.6840,-30.0000
1788242226.5205,-0.6560,-0.6460,-31.0000,-0.6560,-0.6770,-34.0000,-0.6560,-0.6680,-33.0000,-0.6560,-0.6500,-31.0000
1788242226.5706,-0.6560,-0.6400,-32.0000,-0.6560,-0.6570,-35.0000,-0.6560,-0.6700,-32.0000,-0.6560,-0.6710,-30.0000
1788242226.6206,-0.6560,-0.6360,-32.0000,-0.6560,-0.6400,-36.0000,-0.6560,-0.6700,-32.0000,-0.6560,-0.6410,-32.0000
1788242226.6706,-0.6560,-0.6310,-33.0000,-0.6560,-0.5860,-39.0000,-0.6560,-0.6650,-32.0000,-0.6560,-0.6040,-34.0000
1788242226.7205,-0.6560,-0.6370,-32.0000,-0.6560,-0.6180,-37.0000,-0.6560,-0.6540,-33.0000,-0.6560,-0.5690,-37.0000
1788242226.7705,-0.6560,-0.6500,-32.0000,-0.6560,-0.6330,-37.0000,-0.6560,-0.6640,-32.0000,-0.6560,-0.6450,-33.0000
1788242226.8206,-0.6560,-0.6600,-32.0000,-0.6560,-0.6570,-36.0000,-0.6560,-0.6670,-32.0000,-0.6560,-0.6650,-32.0000
1788242226.8706,-0.6560,-0.6510,-32.0000,-0.6560,-0.6650,-36.0000,-0.6560,-0.6540,-33.0000,-0.6560,-0.6660,-32.0000
1788242226.9207,-0.6560,-0.6590,-32.0000,-0.6560,-0.6670,-36.0000,-0.6560,-0.6610,-32.0000,-0.6560,-0.6680,-32.0000
1788242226.9707,-0.6560,-0.6460,-32.0000,-0.6560,-0.6650,-36.0000,-0.6560,-0.6580,-32.0000,-0.6560,-0.6790,-31.0000
1788242227.0206,-0.5360,-0.6630,-21.0000,-0.7760,-0.6840,-45.0000,-0.5360,-0.6740,-21.0000,-0.7760,-0.6830,-41.0000
1788242227.0707,0.0640,-0.2590,19.0000,-1.2940,-1.1290,-67.0000,-0.0190,-0.2470,10.0000,-1.3760,-1.1410,-69.0000
1788242227.1202,0.0720,0.0030,11.0000,-1.2940,-1.3130,-61.0000,-0.0190,-0.0480,4.0000,-1.3850,-1.3950,-61.0000
1788242227.1713,0.0720,0.0170,13.0000,-1.2940,-1.3310,-61.0000,-0.0190,-0.0080,3.0000,-1.3850,-1.2930,-69.0000
1788242227.2205,0.0720,0.0430,12.0000,-1.2940,-1.3290,-61.0000,-0.0190,0.0000,3.0000,-1.3850,-1.3000,-69.0000
1788242227.2706,0.0720,0.0540,12.0000,-1.2940,-1.2860,-63.0000,-0.0190,0.0000,3.0000,-1.3850,-1.3130,-70.0000
1788242227.3205,0.0720,0.0430,13.0000,-1.2940,-1.3080,-62.0000,-0.0190,0.0050,3.0000,-1.3850,-1.4230,-64.0000
1788242227.3708,0.0720,0.0230,15.0000,-1.2940,-1.2790,-63.0000,-0.0190,0.0000,3.0000,-1.3850,-1.4570,-62.0000
1788242227.4206,-0.2880,-0.0450,-21.0000,-0.9340,-1.2470,-34.0000,-0.3790,-0.0590,-34.0000,-1.0250,-1.3650,-36.0000
1788242227.4705,-0.1680,-0.3980,7.0000,-0.3340,-0.6940,-8.0000,-0.2590,-0.5710,2.0000,-0.4250,-0.7120,-16.0000
1788242227.5204,0.0000,-0.1050,0.0000,0.0000,-0.1290,0.0000,0.0000,-0.0870,0.0000,0.0000,-0.1500,0.0000
1788242227.5703,0.0000,-0.0100,0.0000,0.0000,-0.0100,0.0000,0.0000,-0.0390,0.0000,0.0000,-0.0140,0.0000
1788242227.6201,0.0000,0.0040,0.0000,0.0000,-0.0010,0.0000,0.0000,0.0010,0.0000,0.0000,-0.0000,0.0000
1788242227.6706,0.0000,0.0030,0.0000,0.0000,0.0030,0.0000,0.0000,0.0090,0.0000,0.0000,0.0280,0.0000
1788242227.7207,-0.6000,-0.3130,-43.0000,0.6000,0.3550,41.0000,0.6000,0.3230,43.0000,-0.6000,-0.2210,-49.0000
1788242227.7704,-0.6560,-0.6430,-35.0000,0.6560,0.6750,33.0000,0.6560,0.6330,36.0000,-0.6560,-0.5430,-42.0000
1788242227.8216,-0.6560,-0.6290,-38.0000,0.6560,0.6770,35.0000,0.6560,0.6160,39.0000,-0.6560,-0.6030,-42.0000
1788242227.8719,-0.6560,-0.6700,-36.0000,0.6560,0.5620,42.0000,0.6560,0.5890,41.0000,-0.6560,-0.6330,-41.0000
1788242227.9207,-0.6560,-0.5680,-42.0000,0.6560,0.5900,41.0000,0.6560,0.6180,40.0000,-0.6560,-0.6280,-42.0000
1788242227.9705,-0.6560,-0.6520,-38.0000,0.6560,0.5850,42.0000,0.6560,0.6920,36.0000,-0.6560,-0.6080,-44.0000
1788242228.0206,-0.6560,-0.6260,-40.0000,0.6560,0.6520,39.0000,0.6560,0.6650,38.0000,-0.6560,-0.6620,-41.0000
1788242228.0705,-0.6560,-0.6730,-37.0000,0.6560,0.6750,38.0000,0.6560,0.6470,39.0000,-0.6560,-0.7430,-36.0000
1788242228.1204,-0.6560,-0.6870,-36.0000,0.6560,0.6440,39.0000,0.6560,0.6420,39.0000,-0.6560,-0.7550,-35.0000
1788242228.1708,-0.6560,-0.6970,-36.0000,0.6560,0.6170,41.0000,0.6560,0.6140,41.0000,-0.6560,-0.7300,-35.0000
1788242228.2205,-0.6560,-0.6770,-36.0000,0.6560,0.6150,42.0000,0.6560,0.6050,42.0000,-0.6560,-0.6930,-36.0000
1788242228.2707,-0.6560,-0.6870,-35.0000,0.6560,0.6730,39.0000,0.6560,0.6550,40.0000,-0.6560,-0.6530,-38.0000
1788242228.3204,-0.6560,-0.6680,-36.0000,0.6560,0.6860,38.0000,0.6560,0.6630,40.0000,-0.6560,-0.6380,-39.0000
1788242228.3705,-0.6560,-0.6490,-37.0000,0.6560,0.6940,37.0000,0.6560,0.6650,39.0000,-0.6560,-0.6270,-40.0000
1788242228.4205,-0.6560,-0.6320,-38.0000,0.6560,0.6860,38.0000,0.6560,0.6660,39.0000,-0.6560,-0.6550,-38.0000
1788242228.4707,-0.6560,-0.6590,-37.0000,0.6560,0.6630,39.0000,0.6560,0.6700,39.0000,-0.6560,-0.6500,-39.0000
1788242228.5205,-0.6560,-0.6580,-37.0000,0.6560,0.6370,40.0000,0.6560,0.6640,39.0000,-0.6560,-0.6240,-40.0000
1788242228.5706,-0.6560,-0.6560,-37.0000,0.6560,0.6440,40.0000,0.6560,0.6800,38.0000,-0.6560,-0.6290,-40.0000
1788242228.6203,-0.6560,-0.6300,-38.0000,0.6560,0.6570,39.0000,0.6560,0.6480,40.0000,-0.6560,-0.6750,-38.0000
1788242228.6704,-0.6560,-0.6200,-39.0000,0.6560,0.6600,39.0000,0.6560,0.6420,40.0000,-0.6560,-0.7120,-36.0000
1788242228.7205,-0.6560,-0.6480,-38.0000,0.6560,0.6240,41.0000,0.6560,0.6260,41.0000,-0.6560,-0.6750,-38.0000
1788242228.7704,-0.6560,-0.6600,-37.0000,0.6560,0.6180,42.0000,0.6560,0.6010,43.0000,-0.6560,-0.6820,-37.0000
1788242228.8205,-0.6560,-0.6810,-36.0000,0.6560,0.6290,41.0000,0.6560,0.6150,42.0000,-0.6560,-0.6930,-36.0000
1788242228.8706,-0.6560,-0.6740,-36.0000,0.6560,0.6450,41.0000,0.6560,0.6590,40.0000,-0.6560,-0.6610,-37.0000
1788242228.9206,-0.6560,-0.6430,-38.0000,0.6560,0.6620,40.0000,0.6560,0.6610,40.0000,-0.6560,-0.6230,-39.0000
1788242228.9705,-0.6560,-0.6600,-37.0000,0.6560,0.6680,40.0000,0.6560,0.6740,40.0000,-0.6560,-0.6230,-39.0000
1788242229.0208,-0.6560,-0.6520,-37.0000,0.6560,0.7020,37.0000,0.6560,0.6990,38.0000,-0.6560,-0.6550,-38.0000
1788242229.0705,-0.5360,-0.6410,-28.0000,0.5360,0.7170,26.0000,0.5360,0.6650,29.0000,-0.5360,-0.6800,-26.0000
1788242229.1201,0.0000,-0.2870,0.0000,0.0000,0.2910,0.0000,0.0000,0.3240,0.0000,0.0000,-0.2320,0.0000
1788242229.1705,0.0000,-0.0320,0.0000,0.0000,0.0210,0.0000,0.0000,0.0150,0.0000,0.0000,-0.0130,0.0000
1788242229.2204,0.0000,-0.0030,0.0000,0.0000,0.0020,0.0000,0.0000,0.0010,0.0000,0.0000,-0.0010,0.0000
1788242229.2704,0.0000,0.0010,0.0000,0.0000,0.0000,0.0000,0.0000,0.0000,0.0000,0.0000,-0.0000,0.0000
1788242229.3203,0.0000,0.0000,0.0000,0.0000,0.0000,0.0000,0.0000,0.0000,0.0000,0.0000,-0.0000,0.0000
1788242229.3707,-0.4800,-0.1920,-39.0000,-0.4800,-0.2010,-39.0000,-0.4800,-0.1940,-39.0000,-0.4800,-0.1750,-40.0000
1788242229.4210,-0.1200,-0.3550,1.0000,-1.0800,-0.8130,-62.0000,-0.1200,-0.5200,11.0000,-1.0800,-0.7050,-68.0000
1788242229.4706,0.0720,0.0480,4.0000,-1.2940,-1.2980,-60.0000,-0.0190,-0.0060,-3.0000,-1.3850,-1.2590,-71.0000
1788242229.5206,0.0720,0.0010,9.0000,-1.2940,-1.3050,-63.0000,-0.0190,-0.0020,-1.0000,-1.3850,-1.4080,-68.0000
1788242229.5706,0.0720,0.0020,10.0000,-1.2940,-1.2260,-69.0000,-0.0190,-0.0000,-1.0000,-1.3850,-1.5190,-63.0000
1788242229.6203,0.0720,0.0020,11.0000,-1.2940,-1.2190,-69.0000,-0.0190,-0.0000,-1.0000,-1.3850,-1.5090,-62.0000
1788242229.6706,0.0720,-0.0610,15.0000,-1.2940,-1.3170,-64.0000,-0.0190,-0.0000,-1.0000,-1.3850,-1.5400,-59.0000
1788242229.7206,0.0720,-0.0060,13.0000,-1.2940,-1.3550,-63.0000,-0.0190,-0.0050,-1.0000,-1.3850,-1.4560,-62.0000
1788242229.7706,0.0720,0.0030,14.0000,-1.2940,-1.2830,-66.0000,-0.0190,-0.0000,-2.0000,-1.3850,-1.3860,-65.0000
1788242229.8207,0.0720,0.0300,13.0000,-1.2940,-1.3340,-63.0000,-0.0190,-0.0000,-2.0000,-1.3850,-1.3780,-65.0000
1788242229.8707,0.0720,0.0060,15.0000,-1.2940,-1.3160,-64.0000,-0.0190,-0.0000,-2.0000,-1.3850,-1.3920,-64.0000
1788242229.9206,0.0720,0.0010,16.0000,-1.2940,-1.3190,-63.0000,-0.0190,-0.0000,-3.0000,-1.3850,-1.3940,-64.0000
1788242229.9706,0.0720,0.0020,17.0000,-1.2940,-1.2980,-64.0000,-0.0190,-0.0000,-3.0000,-1.3850,-1.4010,-64.0000
1788242230.0218,0.0720,0.0630,14.0000,-1.2940,-1.3050,-64.0000,-0.0190,-0.0010,-3.0000,-1.3850,-1.3370,-67.0000
1788242230.0705,0.0720,0.0510,16.0000,-1.2940,-1.3370,-62.0000,-0.0190,-0.0060,-3.0000,-1.3850,-1.3910,-64.0000
1788242230.1206,0.0720,0.0090,18.0000,-1.2940,-1.3200,-62.0000,-0.0190,-0.0020,-3.0000,-1.3850,-1.4210,-63.0000
1788242230.1706,0.0720,0.0240,18.0000,-1.2940,-1.2590,-65.0000,-0.0190,-0.0000,-4.0000,-1.3850,-1.3950,-64.0000
1788242230.2208,0.0720,0.0120,19.0000,-1.2940,-1.2680,-65.0000,-0.0190,-0.0000,-4.0000,-1.3850,-1.3760,-65.0000
1788242230.2710,0.0720,0.0020,21.0000,-1.2940,-1.2800,-65.0000,-0.0190,-0.0000,-4.0000,-1.3850,-1.4290,-62.0000
1788242230.3206,0.0720,0.0780,17.0000,-1.2940,-1.3000,-64.0000,-0.0190,-0.0000,-4.0000,-1.3850,-1.3810,-64.0000
1788242230.3705,0.0720,0.0570,19.0000,-1.2940,-1.3250,-62.0000,-0.0190,-0.0100,-4.0000,-1.3850,-1.3950,-63.0000
1788242230.4207,0.0720,0.0710,18.0000,-1.2940,-1.3040,-63.0000,-0.0190,-0.0040,-5.0000,-1.3850,-1.4240,-61.0000
1788242230.4706,0.0720,0.0320,20.0000,-1.2940,-1.2450,-66.0000,-0.0190,-0.0020,-5.0000,-1.3850,-1.4120,-62.0000
1788242230.5207,0.0720,0.0820,18.0000,-1.2940,-1.2380,-67.0000,-0.0190,-0.0090,-5.0000,-1.3850,-1.3660,-64.0000
1788242230.5707,0.0720,0.0570,19.0000,-1.2940,-1.2720,-66.0000,-0.0190,-0.0010,-5.0000,-1.3850,-1.4060,-62.0000
1788242230.6204,0.0720,0.0870,18.0000,-1.2940,-1.2710,-66.0000,-0.0190,-0.0000,-5.0000,-1.3850,-1.4050,-62.0000
1788242230.6706,0.0720,0.0980,17.0000,-1.2940,-1.3390,-62.0000,-0.0190,-0.0120,-5.0000,-1.3850,-1.3830,-63.0000
1788242230.7208,0.0720,0.1140,16.0000,-1.2940,-1.3390,-62.0000,-0.0190,-0.0140,-5.0000,-1.3850,-1.4180,-60.0000
1788242230.7706,0.0720,0.0950,17.0000,-1.2940,-1.3310,-62.0000,-0.0190,-0.0010,-6.0000,-1.3850,-1.4100,-61.0000
1788242230.8204,0.0720,0.0710,18.0000,-1.2940,-1.2440,-67.0000,-0.0190,-0.0170,-5.0000,-1.3850,-1.3790,-62.0000
1788242230.8706,0.0720,0.0750,17.0000,-1.2940,-1.2310,-68.0000,-0.0190,-0.0020,-6.0000,-1.3850,-1.3600,-63.0000
1788242230.9207,-0.0480,0.0710,6.0000,-1.1740,-1.2530,-57.0000,-0.1390,-0.0000,-21.0000,-1.2650,-1.4140,-50.0000
1788242230.9707,-0.6480,-0.2680,-37.0000,-0.6560,-0.9340,-28.0000,-0.6560,-0.5600,-40.0000,-0.6650,-0.9830,-20.0000
1788242231.0207,-0.6560,-0.6080,-24.0000,-0.6560,-0.7150,-35.0000,-0.6560,-0.7340,-35.0000,-0.6560,-0.6490,-33.0000
1788242231.0715,-0.6560,-0.6000,-27.0000,-0.6560,-0.6900,-35.0000,-0.6560,-0.7160,-36.0000,-0.6560,-0.6770,-29.0000
1788242231.1205,-0.6560,-0.6220,-27.0000,-0.6560,-0.6790,-35.0000,-0.6560,-0.7410,-34.0000,-0.6560,-0.6490,-30.0000
1788242231.1707,-0.6560,-0.6060,-29.0000,-0.6560,-0.6950,-33.0000,-0.6560,-0.7170,-35.0000,-0.6560,-0.6580,-29.0000
1788242231.2208,-0.6560,-0.6480,-27.0000,-0.6560,-0.6820,-33.0000,-0.6560,-0.7090,-34.0000,-0.6560,-0.6380,-30.0000
1788242231.2707,-0.6560,-0.5990,-30.0000,-0.6560,-0.6550,-35.0000,-0.6560,-0.6910,-35.0000,-0.6560,-0.6550,-29.0000
1788242231.3207,-0.2960,-0.5390,-3.0000,-1.0160,-0.7300,-62.0000,-0.2960,-0.6080,-7.0000,-1.0160,-0.7000,-59.0000
1788242231.3707,0.0720,0.0740,7.0000,-1.2940,-1.1400,-67.0000,-0.0190,-0.0500,-2.0000,-1.3850,-1.2160,-66.0000
1788242231.4207,0.0720,0.0930,10.0000,-1.2940,-1.2540,-65.0000,-0.0190,-0.0000,-1.0000,-1.3850,-1.3690,-62.0000
1788242231.4708,0.0720,0.0370,14.0000,-1.2940,-1.3210,-63.0000,-0.0190,-0.0010,-1.0000,-1.3850,-1.3980,-62.0000
1788242231.5206,0.0720,0.0570,13.0000,-1.2940,-1.3360,-62.0000,-0.0190,-0.0000,-1.0000,-1.3850,-1.4310,-60.0000
1788242231.5707,0.0720,0.0810,11.0000,-1.2940,-1.3160,-63.0000,-0.0190,-0.0000,-1.0000,-1.3850,-1.3930,-62.0000
1788242231.6205,0.0720,0.0510,13.0000,-1.2940,-1.2700,-65.0000,-0.0190,-0.0060,-1.0000,-1.3850,-1.3690,-64.0000
1788242231.6706,0.0720,0.0840,11.0000,-1.2940,-1.2500,-67.0000,-0.0190,-0.0010,-1.0000,-1.3850,-1.3150,-67.0000
1788242231.7207,0.0720,0.0340,15.0000,-1.2940,-1.2690,-66.0000,-0.0190,-0.0010,-1.0000,-1.3850,-1.4020,-62.0000
1788242231.7707,0.0720,0.0210,16.0000,-1.2940,-1.2900,-65.0000,-0.0190,0.0010,-2.0000,-1.3850,-1.3740,-64.0000
1788242231.8204,0.0720,0.0430,15.0000,-1.2940,-1.2940,-65.0000,-0.0190,0.0000,-2.0000,-1.3850,-1.4520,-59.0000
1788242231.8707,0.0720,0.0380,16.0000,-1.2940,-1.3070,-64.0000,-0.0190,-0.0020,-2.0000,-1.3850,-1.3950,-62.0000
1788242231.9207,0.0720,0.0760,14.0000,-1.2940,-1.3030,-64.0000,-0.0190,-0.0000,-2.0000,-1.3850,-1.3990,-62.0000
1788242231.9707,0.0720,0.0620,15.0000,-1.2940,-1.2050,-70.0000,-0.0190,-0.0000,-3.0000,-1.3850,-1.3580,-64.0000
1788242232.0207,0.0720,0.0700,14.0000,-1.2940,-1.2430,-68.0000,-0.0190,0.0010,-3.0000,-1.3850,-1.3940,-62.0000
1788242232.0705,0.0720,0.0370,16.0000,-1.2940,-1.2690,-67.0000,-0.0190,0.0000,-3.0000,-1.3850,-1.3970,-62.0000
1788242232.1205,0.0720,0.0640,15.0000,-1.2940,-1.3270,-64.0000,-0.0190,0.0000,-3.0000,-1.3850,-1.4270,-60.0000
1788242232.1706,0.0720,0.0620,15.0000,-1.2940,-1.3580,-63.0000,-0.0190,-0.0070,-3.0000,-1.3850,-1.3910,-61.0000
1788242232.2205,0.0720,0.1040,13.0000,-1.2940,-1.3500,-62.0000,-0.0190,-0.0010,-4.0000,-1.3850,-1.3860,-61.0000
1788242232.2708,0.0720,0.0900,14.0000,-1.2940,-1.2970,-65.0000,-0.0190,-0.0000,-4.0000,-1.3850,-1.3620,-63.0000
1788242232.3206,0.0720,0.0650,15.0000,-1.2940,-1.2390,-68.0000,-0.0190,0.0010,-4.0000,-1.3850,-1.3610,-63.0000
1788242232.3707,0.0720,0.0600,15.0000,-1.2940,-1.2810,-66.0000,-0.0190,0.0000,-5.0000,-1.3850,-1.3630,-63.0000
1788242232.4207,0.0720,0.0470,16.0000,-1.2940,-1.2970,-65.0000,-0.0190,0.0000,-5.0000,-1.3850,-1.4250,-60.0000
1788242232.4706,0.0720,0.0720,14.0000,-1.2940,-1.3380,-63.0000,-0.0190,-0.0170,-4.0000,-1.3850,-1.4140,-60.0000
1788242232.5206,0.0720,0.0950,13.0000,-1.2940,-1.3710,-61.0000,-0.0190,-0.0230,-4.0000,-1.3850,-1.3860,-62.0000
1788242232.5707,0.0720,0.0920,13.0000,-1.2940,-1.3050,-64.0000,-0.0190,-0.0100,-5.0000,-1.3850,-1.3400,-64.0000
1788242232.6205,0.0720,0.0780,14.0000,-1.2940,-1.2370,-68.0000,-0.0190,-0.0030,-5.0000,-1.3850,-1.3410,-64.0000
1788242232.6708,-0.2880,0.0000,-23.0000,-0.9340,-1.1640,-41.0000,-0.3790,-0.1110,-39.0000,-1.0250,-1.2790,-37.0000
1788242232.7209,-0.6560,-0.5370,-29.0000,-0.6560,-0.7340,-37.0000,-0.6560,-0.6990,-34.0000,-0.6560,-0.7510,-31.0000
1788242232.7707,-0.6560,-0.5860,-30.0000,-0.6560,-0.6790,-36.0000,-0.6560,-0.6740,-38.0000,-0.6560,-0.6910,-30.0000
1788242232.8207,-0.6560,-0.6190,-30.0000,-0.6560,-0.6910,-35.0000,-0.6560,-0.7120,-36.0000,-0.6560,-0.6490,-31.0000
1788242232.8708,-0.6560,-0.6140,-31.0000,-0.6560,-0.6830,-34.0000,-0.6560,-0.7100,-36.0000,-0.6560,-0.6710,-29.0000
1788242232.9207,-0.6560,-0.6340,-31.0000,-0.6560,-0.6830,-34.0000,-0.6560,-0.7050,-35.0000,-0.6560,-0.6610,-30.0000
1788242232.9708,-0.6560,-0.6430,-31.0000,-0.6560,-0.6840,-34.0000,-0.6560,-0.6850,-36.0000,-0.6560,-0.6640,-29.0000
1788242233.0207,-0.6560,-0.6450,-31.0000,-0.6560,-0.6670,-34.0000,-0.6560,-0.7090,-34.0000,-0.6560,-0.6320,-31.0000
1788242233.0712,-0.6560,-0.6370,-31.0000,-0.6560,-0.6690,-34.0000,-0.6560,-0.6880,-35.0000,-0.6560,-0.6610,-30.0000
1788242233.1207,-0.6560,-0.6270,-32.0000,-0.6560,-0.6700,-34.0000,-0.6560,-0.6880,-34.0000,-0.6560,-0.6420,-31.0000
1788242233.1711,-0.6560,-0.6340,-32.0000,-0.6560,-0.6570,-34.0000,-0.6560,-0.6630,-35.0000,-0.6560,-0.6460,-31.0000
1788242233.2204,-0.6560,-0.6280,-33.0000,-0.6560,-0.5570,-40.0000,-0.6560,-0.6740,-34.0000,-0.6560,-0.6290,-32.0000
1788242233.2708,-0.6560,-0.6350,-32.0000,-0.6560,-0.5840,-39.0000,-0.6560,-0.6510,-35.0000,-0.6560,-0.6400,-31.0000
1788242233.3208,-0.6560,-0.6300,-33.0000,-0.6560,-0.6270,-37.0000,-0.6560,-0.6690,-34.0000,-0.6560,-0.6500,-31.0000
1788242233.3707,-0.6560,-0.6470,-32.0000,-0.6560,-0.6640,-36.0000,-0.6560,-0.6540,-35.0000,-0.6560,-0.6610,-30.0000
1788242233.4209,-0.6560,-0.6470,-33.0000,-0.6560,-0.6860,-35.0000,-0.6560,-0.6870,-33.0000,-0.6560,-0.6500,-31.0000
1788242233.4708,-0.6560,-0.6530,-32.0000,-0.6560,-0.6870,-35.0000,-0.6560,-0.6760,-34.0000,-0.6560,-0.6610,-30.0000
1788242233.5208,-0.6560,-0.6710,-31.0000,-0.6560,-0.6860,-34.0000,-0.6560,-0.6820,-33.0000,-0.6560,-0.6640,-30.0000
1788242233.5711,-0.6560,-0.7050,-29.0000,-0.6560,-0.6820,-34.0000,-0.6560,-0.6650,-34.0000,-0.6560,-0.6660,-30.0000
1788242233.6207,-0.6560,-0.6880,-30.0000,-0.6560,-0.6790,-34.0000,-0.6560,-0.6850,-32.0000,-0.6560,-0.6540,-31.0000
1788242233.6708,-0.6560,-0.6530,-32.0000,-0.6560,-0.6710,-34.0000,-0.6560,-0.6630,-33.0000,-0.6560,-0.6570,-30.0000
1788242233.7208,-0.4160,-0.6200,-13.0000,-0.8960,-0.6850,-54.0000,-0.4160,-0.6550,-13.0000,-0.8960,-0.6770,-50.0000
1788242233.7714,0.0720,-0.1340,14.0000,-1.2940,-1.1270,-67.0000,-0.0190,-0.1370,4.0000,-1.3850,-1.2160,-65.0000
1788242233.8207,0.0720,0.0730,8.0000,-1.2940,-1.2480,-65.0000,-0.0190,-0.0140,2.0000,-1.3850,-1.3150,-65.0000
1788242233.8707,0.0720,0.0450,11.0000,-1.2940,-1.3060,-63.0000,-0.0190,-0.0010,2.0000,-1.3850,-1.3140,-67.0000
1788242233.9207,0.0720,0.0570,11.0000,-1.2940,-1.3440,-61.0000,-0.0190,-0.0090,3.0000,-1.3850,-1.4050,-63.0000
1788242233.9707,0.0720,0.0640,11.0000,-1.2940,-1.3150,-63.0000,-0.0190,-0.0060,2.0000,-1.3850,-1.3860,-64.0000
1788242234.0207,0.0720,0.0960,9.0000,-1.2940,-1.3370,-61.0000,-0.0190,-0.0150,3.0000,-1.3850,-1.4030,-63.0000
1788242234.0707,0.0720,0.1060,8.0000,-1.2940,-1.3350,-61.0000,-0.0190,-0.0030,2.0000,-1.3850,-1.3530,-66.0000
1788242234.1208,-0.1680,0.0730,-18.0000,-1.0540,-1.2320,-46.0000,-0.2590,-0.0160,-26.0000,-1.1450,-1.3730,-44.0000
1788242234.1708,-0.6560,-0.4520,-36.0000,-0.6560,-0.7490,-35.0000,-0.6560,-0.5610,-34.0000,-0.6560,-0.8330,-29.0000
1788242234.2209,-0.6560,-0.6130,-32.0000,-0.6560,-0.6360,-37.0000,-0.6560,-0.6590,-32.0000,-0.6560,-0.6630,-34.0000
1788242234.2708,-0.6560,-0.6190,-34.0000,-0.6560,-0.6180,-37.0000,-0.6560,-0.6310,-35.0000,-0.6560,-0.6730,-32.0000
1788242234.3208,-0.6560,-0.6390,-33.0000,-0.6560,-0.6510,-35.0000,-0.6560,-0.6550,-34.0000,-0.6560,-0.6660,-32.0000
1788242234.3709,-0.6560,-0.6520,-33.0000,-0.6560,-0.6580,-35.0000,-0.6560,-0.6330,-36.0000,-0.6560,-0.6670,-31.0000
1788242234.4209,-0.6560,-0.6490,-33.0000,-0.6560,-0.6790,-34.0000,-0.6560,-0.6810,-33.0000,-0.6560,-0.6720,-31.0000
1788242234.4708,-0.6560,-0.6490,-34.0000,-0.6560,-0.6740,-34.0000,-0.6560,-0.6700,-33.0000,-0.6560,-0.6710,-31.0000
1788242234.5208,-0.6560,-0.6500,-34.0000,-0.6560,-0.6660,-34.0000,-0.6560,-0.6620,-34.0000,-0.6560,-0.6530,-32.0000
1788242234.5710,-0.6560,-0.6440,-34.0000,-0.6560,-0.6460,-36.0000,-0.6560,-0.6390,-35.0000,-0.6560,-0.6600,-31.0000
1788242234.6206,-0.6560,-0.6530,-33.0000,-0.6560,-0.6310,-36.0000,-0.6560,-0.6680,-33.0000,-0.6560,-0.6330,-33.0000
1788242234.6709,-0.6560,-0.6440,-34.0000,-0.6560,-0.6060,-38.0000,-0.6560,-0.6530,-34.0000,-0.6560,-0.6320,-33.0000
1788242234.7208,-0.6560,-0.6290,-35.0000,-0.6560,-0.5880,-40.0000,-0.6560,-0.6550,-34.0000,-0.6560,-0.6340,-33.0000
1788242234.7708,-0.6560,-0.6350,-35.0000,-0.6560,-0.6060,-39.0000,-0.6560,-0.6480,-34.0000,-0.6560,-0.6420,-33.0000
1788242234.8206,-0.6560,-0.6620,-34.0000,-0.6560,-0.6570,-37.0000,-0.6560,-0.6760,-33.0000,-0.6560,-0.6600,-32.0000
1788242234.8708,-0.6560,-0.6600,-34.0000,-0.6560,-0.6810,-36.0000,-0.6560,-0.6680,-33.0000,-0.6560,-0.6540,-33.0000
1788242234.9209,-0.6560,-0.6650,-33.0000,-0.6560,-0.6800,-36.0000,-0.6560,-0.6640,-33.0000,-0.6560,-0.6930,-30.0000
1788242234.9708,-0.6560,-0.6660,-33.0000,-0.6560,-0.6770,-36.0000,-0.6560,-0.6640,-33.0000,-0.6560,-0.6720,-31.0000
1788242235.0208,-0.6560,-0.6610,-33.0000,-0.6560,-0.6920,-35.0000,-0.6560,-0.6670,-33.0000,-0.6560,-0.6730,-31.0000
1788242235.0708,-0.6560,-0.6730,-33.0000,-0.6560,-0.6910,-34.0000,-0.6560,-0.6660,-33.0000,-0.6560,-0.6620,-31.0000
1788242235.1208,-0.6560,-0.6760,-32.0000,-0.6560,-0.6820,-34.0000,-0.6560,-0.6760,-32.0000,-0.6560,-0.6830,-30.0000
1788242235.1708,-0.0560,-0.4150,14.0000,-1.2560,-1.0040,-69.0000,-0.0560,-0.4130,15.0000,-1.2560,-0.9940,-65.0000
1788242235.2207,0.0720,-0.0130,10.0000,-1.2940,-1.2780,-62.0000,-0.0190,0.0050,0.0000,-1.3850,-1.3450,-62.0000
1788242235.2708,0.0720,0.0460,10.0000,-1.2940,-1.2400,-66.0000,-0.0190,-0.0110,3.0000,-1.3850,-1.3330,-66.0000
1788242235.3208,0.0720,0.0540,10.0000,-1.2940,-1.2700,-65.0000,-0.0190,-0.0010,3.0000,-1.3850,-1.3530,-65.0000
1788242235.3708,-0.1680,-0.0050,-14.0000,-1.0540,-1.2490,-46.0000,-0.2590,-0.0090,-26.0000,-1.1450,-1.4220,-41.0000
1788242235.4209,-0.6560,-0.4450,-36.0000,-0.6560,-0.8160,-32.0000,-0.6560,-0.5490,-34.0000,-0.6560,-0.8640,-27.0000
1788242235.4708,-0.6560,-0.6350,-30.0000,-0.6560,-0.7160,-34.0000,-0.6560,-0.6570,-32.0000,-0.6560,-0.7070,-30.0000
1788242235.5208,-0.6560,-0.6200,-33.0000,-0.6560,-0.6870,-34.0000,-0.6560,-0.6530,-33.0000,-0.6560,-0.6660,-31.0000
1788242235.5708,-0.6560,-0.6800,-30.0000,-0.6560,-0.6820,-33.0000,-0.6560,-0.6740,-32.0000,-0.6560,-0.6700,-30.0000
1788242235.6206,-0.6560,-0.6550,-31.0000,-0.6560,-0.6710,-34.0000,-0.6560,-0.6620,-33.0000,-0.6560,-0.6460,-31.0000
1788242235.6708,-0.6560,-0.6450,-32.0000,-0.6560,-0.6660,-34.0000,-0.6560,-0.6770,-32.0000,-0.6560,-0.6660,-30.0000
1788242235.7209,-0.6560,-0.6350,-32.0000,-0.6560,-0.6520,-34.0000,-0.6560,-0.6540,-33.0000,-0.6560,-0.6480,-31.0000
1788242235.7708,-0.6560,-0.6320,-33.0000,-0.6560,-0.6100,-37.0000,-0.6560,-0.6530,-33.0000,-0.6560,-0.6370,-31.0000
1788242235.8206,-0.6560,-0.6260,-34.0000,-0.6560,-0.5630,-40.0000,-0.6560,-0.6190,-35.0000,-0.6560,-0.5800,-35.0000
1788242235.8708,-0.6560,-0.6360,-33.0000,-0.6560,-0.5960,-39.0000,-0.6560,-0.6500,-33.0000,-0.6560,-0.6240,-33.0000
1788242235.9208,-0.6560,-0.6590,-32.0000,-0.6560,-0.6350,-37.0000,-0.6560,-0.6640,-33.0000,-0.6560,-0.6550,-32.0000
1788242235.9709,-0.6560,-0.6470,-33.0000,-0.6560,-0.6670,-36.0000,-0.6560,-0.6690,-32.0000,-0.6560,-0.6670,-31.0000
1788242236.0208,-0.6560,-0.6640,-32.0000,-0.6560,-0.6830,-35.0000,-0.6560,-0.6580,-33.0000,-0.6560,-0.6520,-32.0000
1788242236.0708,-0.6560,-0.6500,-33.0000,-0.6560,-0.6950,-34.0000,-0.6560,-0.6730,-32.0000,-0.6560,-0.6750,-30.0000
1788242236.1207,-0.6560,-0.6760,-31.0000,-0.6560,-0.6750,-35.0000,-0.6560,-0.6690,-32.0000,-0.6560,-0.6660,-31.0000
1788242236.1708,-0.6560,-0.6730,-32.0000,-0.6560,-0.6760,-34.0000,-0.6560,-0.6650,-32.0000,-0.6560,-0.6680,-31.0000
1788242236.2207,-1.1360,-0.8660,-62.0000,-0.1760,-0.5270,1.0000,-1.1360,-0.8340,-65.0000,-0.1760,-0.4890,3.0000
1788242236.2707,-1.3850,-1.3540,-61.0000,-0.0190,-0.0650,1.0000,-1.2940,-1.3280,-55.0000,0.0720,0.0810,5.0000
1788242236.3207,-1.3850,-1.3540,-64.0000,-0.0190,-0.0050,0.0000,-1.2940,-1.2610,-62.0000,0.0720,0.0660,9.0000
1788242236.3708,-1.3850,-1.3250,-67.0000,-0.0190,-0.0000,1.0000,-1.2940,-1.3200,-59.0000,0.0720,0.0550,11.0000
1788242236.4207,-1.3850,-1.3510,-66.0000,-0.0190,-0.0010,1.0000,-1.2940,-1.2950,-60.0000,0.0720,0.0210,13.0000
1788242236.4708,-1.3850,-1.3550,-67.0000,-0.0190,0.0000,1.0000,-1.2940,-1.3220,-59.0000,0.0720,0.0050,14.0000
1788242236.5207,-1.3850,-1.3730,-66.0000,-0.0190,0.0010,0.0000,-1.2940,-1.3000,-60.0000,0.0720,0.0000,15.0000
1788242236.5707,-1.3850,-1.3460,-68.0000,-0.0190,0.0000,0.0000,-1.2940,-1.2850,-61.0000,0.0720,0.0020,16.0000
1788242236.6205,-1.3850,-1.3990,-65.0000,-0.0190,0.0000,0.0000,-1.2940,-1.2790,-61.0000,0.0720,0.0020,17.0000
1788242236.6707,-1.3850,-1.3830,-67.0000,-0.0190,0.0000,0.0000,-1.2940,-1.3180,-59.0000,0.0720,0.0000,18.0000
1788242236.7212,-1.3850,-1.4080,-65.0000,-0.0190,0.0000,-1.0000,-1.2940,-1.2910,-60.0000,0.0720,0.0000,19.0000
1788242236.7707,-1.3850,-1.4010,-65.0000,-0.0190,0.0000,-1.0000,-1.2940,-1.2720,-62.0000,0.0720,0.0000,20.0000
1788242236.8209,-1.3850,-1.3810,-66.0000,-0.0190,0.0000,-1.0000,-1.2940,-1.2690,-62.0000,0.0720,0.0450,18.0000
1788242236.8707,-1.3850,-1.4060,-65.0000,-0.0190,0.0000,-1.0000,-1.2940,-1.2930,-61.0000,0.0720,0.1110,15.0000
1788242236.9213,-1.3850,-1.3980,-65.0000,-0.0190,0.0000,-2.0000,-1.2940,-1.2920,-61.0000,0.0720,0.0810,16.0000
1788242236.9708,-1.3850,-1.4020,-65.0000,-0.0190,0.0000,-2.0000,-1.2940,-1.2930,-61.0000,0.0720,0.1140,14.0000
1788242237.0214,-1.3850,-1.3830,-66.0000,-0.0190,-0.0010,-2.0000,-1.2940,-1.2950,-61.0000,0.0720,0.0990,15.0000
1788242237.0708,-1.3850,-1.3740,-66.0000,-0.0190,-0.0000,-2.0000,-1.2940,-1.2680,-62.0000,0.0720,0.0250,19.0000
1788242237.1209,-1.3850,-1.3960,-65.0000,-0.0190,-0.0000,-2.0000,-1.2940,-1.3130,-60.0000,0.0720,0.1110,14.0000
1788242237.1707,-1.3850,-1.3870,-65.0000,-0.0190,-0.0000,-3.0000,-1.2940,-1.2920,-61.0000,0.0720,0.1080,14.0000
1788242237.2207,-1.3850,-1.3850,-65.0000,-0.0190,-0.0000,-3.0000,-1.2940,-1.3120,-60.0000,0.0720,0.1100,14.0000
1788242237.2708,-1.3850,-1.3830,-65.0000,-0.0190,-0.0000,-3.0000,-1.2940,-1.2900,-61.0000,0.0720,0.1030,14.0000
1788242237.3208,-1.3850,-1.3570,-67.0000,-0.0190,-0.0000,-3.0000,-1.2940,-1.2780,-62.0000,0.0720,0.0170,18.0000
1788242237.3708,-1.3850,-1.3950,-65.0000,-0.0190,-0.0000,-4.0000,-1.2940,-1.2690,-62.0000,0.0720,0.0920,14.0000
1788242237.4208,-1.3850,-1.3670,-67.0000,-0.0190,-0.0000,-4.0000,-1.2940,-1.3210,-59.0000,0.0720,0.1130,13.0000
1788242237.4711,-1.3850,-1.3950,-65.0000,-0.0190,-0.0000,-4.0000,-1.2940,-1.2870,-61.0000,0.0720,0.0890,14.0000
1788242237.5224,-1.3850,-1.3940,-65.0000,-0.0190,-0.0000,-4.0000,-1.2940,-1.3190,-59.0000,0.0720,0.0950,13.0000
1788242237.5716,-1.3850,-1.3730,-66.0000,-0.0190,-0.0000,-5.0000,-1.2940,-1.2920,-61.0000,0.0720,0.0310,17.0000
1788242237.6206,-1.3850,-1.3490,-68.0000,-0.0190,-0.0040,-5.0000,-1.2940,-1.2720,-62.0000,0.0720,0.0040,18.0000
1788242237.6711,-1.3850,-1.3820,-66.0000,-0.0190,-0.0030,-5.0000,-1.2940,-1.2810,-62.0000,0.0720,0.0560,16.0000
1788242237.7220,-1.3850,-1.3990,-65.0000,-0.0190,-0.0000,-5.0000,-1.2940,-1.3070,-60.0000,0.0720,0.1120,13.0000
1788242237.7711,-1.3850,-1.3890,-66.0000,-0.0190,-0.0000,-5.0000,-1.2940,-1.2890,-61.0000,0.0720,0.0860,15.0000
1788242237.8208,-1.3850,-1.3790,-66.0000,-0.0190,-0.0020,-6.0000,-1.2940,-1.3040,-60.0000,0.0720,0.0930,14.0000
1788242237.8709,-1.3850,-1.3720,-67.0000,-0.0190,-0.0130,-5.0000,-1.2940,-1.2650,-63.0000,0.0720,0.1310,12.0000
1788242237.9209,-1.3850,-1.3450,-68.0000,-0.0190,-0.0220,-5.0000,-1.2940,-1.3030,-61.0000,0.0720,0.1120,12.0000
1788242237.9707,-1.3850,-1.3890,-66.0000,-0.0190,-0.0170,-5.0000,-1.2940,-1.3100,-60.0000,0.0720,0.1050,12.0000
1788242238.0208,-1.3850,-1.3960,-66.0000,-0.0190,-0.0070,-6.0000,-1.2940,-1.3260,-59.0000,0.0720,0.1300,10.0000
1788242238.0708,-1.3850,-1.4240,-64.0000,-0.0190,-0.0010,-6.0000,-1.2940,-1.2820,-62.0000,0.0720,0.0860,12.0000
1788242238.1207,-1.3850,-1.4000,-65.0000,-0.0190,-0.0000,-6.0000,-1.2940,-1.2800,-62.0000,0.0720,0.0820,12.0000
1788242238.1711,-1.3850,-1.3700,-67.0000,-0.0190,-0.0010,-7.0000,-1.2940,-1.2990,-61.0000,0.0720,0.0950,11.0000
1788242238.2209,-1.3850,-1.3680,-67.0000,-0.0190,-0.0010,-7.0000,-1.2940,-1.2590,-63.0000,0.0720,0.0750,12.0000
1788242238.2709,-1.3850,-1.3660,-67.0000,-0.0190,-0.0270,-6.0000,-1.2940,-1.3120,-60.0000,0.0720,0.0780,12.0000
1788242238.3208,-1.3850,-1.3960,-65.0000,-0.0190,-0.0060,-7.0000,-1.2940,-1.3070,-60.0000,0.0720,0.0720,12.0000
1788242238.3709,-1.3850,-1.4050,-65.0000,-0.0190,-0.0010,-7.0000,-1.2940,-1.3140,-60.0000,0.0720,0.0590,13.0000
1788242238.4208,-1.3850,-1.4150,-64.0000,-0.0190,-0.0000,-7.0000,-1.2940,-1.2930,-61.0000,0.0720,0.0210,15.0000
1788242238.4708,-1.3850,-1.3820,-66.0000,-0.0190,-0.0250,-6.0000,-1.2940,-1.2730,-62.0000,0.0720,0.0380,15.0000
1788242238.5209,-1.3850,-1.3550,-67.0000,-0.0190,-0.0390,-5.0000,-1.2940,-1.2520,-63.0000,0.0720,0.0990,11.0000
1788242238.5711,-1.3850,-1.3940,-65.0000,-0.0190,-0.0450,-5.0000,-1.2940,-1.3150,-60.0000,0.0720,0.0860,12.0000
1788242238.6206,-1.3850,-1.3990,-65.0000,-0.0190,-0.0370,-5.0000,-1.2940,-1.3170,-60.0000,0.0720,0.0720,13.0000
1788242238.6707,-1.3850,-1.4310,-63.0000,-0.0190,-0.0110,-6.0000,-1.2940,-1.3330,-59.0000,0.0720,0.0740,13.0000
1788242238.7208,-1.3850,-1.3940,-65.0000,-0.0190,-0.0070,-7.0000,-1.2940,-1.2570,-63.0000,0.0720,0.0280,16.0000
1788242238.7715,-1.3850,-1.3560,-67.0000,-0.0190,-0.0190,-6.0000,-1.2940,-1.3140,-59.0000,0.0720,0.0800,13.0000
1788242238.8209,-1.3850,-1.3330,-68.0000,-0.0190,-0.0170,-6.0000,-1.2940,-1.2790,-61.0000,0.0720,0.0760,13.0000
1788242238.8709,-1.3850,-1.3810,-66.0000,-0.0190,-0.0100,-7.0000,-1.2940,-1.3050,-60.0000,0.0720,0.0670,14.0000
1788242238.9209,-1.3850,-1.3780,-66.0000,-0.0190,-0.0050,-7.0000,-1.2940,-1.2660,-62.0000,0.0720,0.0630,14.0000
1788242238.9708,-1.3850,-1.3640,-67.0000,-0.0190,-0.0010,-7.0000,-1.2940,-1.3130,-60.0000,0.0720,0.0350,16.0000
1788242239.0208,-1.3850,-1.3780,-67.0000,-0.0190,-0.0010,-7.0000,-1.2940,-1.2840,-61.0000,0.0720,0.1130,11.0000
1788242239.0709,-1.3850,-1.3720,-67.0000,-0.0190,-0.0020,-8.0000,-1.2940,-1.3110,-60.0000,0.0720,0.0980,12.0000
1788242239.1207,-1.3850,-1.3860,-67.0000,-0.0190,-0.0080,-7.0000,-1.2940,-1.3100,-60.0000,0.0720,0.0940,12.0000
1788242239.1709,-1.3850,-1.3540,-68.0000,-0.0190,-0.0260,-7.0000,-1.2940,-1.3180,-59.0000,0.0720,0.1090,11.0000
1788242239.2208,-1.3850,-1.3710,-68.0000,-0.0190,-0.0520,-5.0000,-1.2940,-1.2970,-60.0000,0.0720,0.0770,13.0000
1788242239.2708,-1.3850,-1.3760,-68.0000,-0.0190,-0.0210,-7.0000,-1.2940,-1.3170,-59.0000,0.0720,0.1000,11.0000
1788242239.3209,-1.3850,-1.3760,-68.0000,-0.0190,-0.0080,-7.0000,-1.2940,-1.3120,-59.0000,0.0720,0.0560,13.0000
1788242239.3708,-1.3850,-1.3750,-68.0000,-0.0190,-0.0030,-8.0000,-1.2940,-1.2910,-60.0000,0.0720,0.0140,16.0000
1788242239.4209,-1.3850,-1.4290,-65.0000,-0.0190,-0.0080,-7.0000,-1.2940,-1.3040,-59.0000,0.0720,0.0620,13.0000
1788242239.4708,-1.3850,-1.4170,-65.0000,-0.0190,-0.0180,-7.0000,-1.2940,-1.2850,-60.0000,0.0720,0.0740,13.0000
1788242239.5216,-1.3850,-1.3620,-68.0000,-0.0190,-0.0120,-7.0000,-1.2940,-1.2680,-61.0000,0.0720,0.0730,13.0000
1788242239.5709,-1.3850,-1.3590,-68.0000,-0.0190,-0.0140,-7.0000,-1.2940,-1.2930,-60.0000,0.0720,0.0490,15.0000
1788242239.6206,-1.3850,-1.3730,-67.0000,-0.0190,-0.0120,-8.0000,-1.2940,-1.3010,-60.0000,0.0720,0.0870,12.0000
1788242239.6709,-1.3850,-1.3850,-67.0000,-0.0190,-0.0130,-8.0000,-1.2940,-1.2980,-60.0000,0.0720,0.0230,16.0000
1788242239.7216,-1.3850,-1.4310,-64.0000,-0.0190,-0.0100,-8.0000,-1.2940,-1.2750,-61.0000,0.0720,0.0250,16.0000
1788242239.7708,-1.3850,-1.3900,-66.0000,-0.0190,-0.0250,-7.0000,-1.2940,-1.3000,-60.0000,0.0720,0.0610,15.0000
1788242239.8209,-1.3850,-1.4420,-63.0000,-0.0190,-0.0450,-6.0000,-1.2940,-1.2840,-61.0000,0.0720,0.0360,17.0000
1788242239.8710,-1.3850,-1.4160,-64.0000,-0.0190,-0.0420,-6.0000,-1.2940,-1.2860,-61.0000,0.0720,0.0060,19.0000
1788242239.9209,-1.3850,-1.3870,-65.0000,-0.0190,-0.0280,-6.0000,-1.2940,-1.3020,-60.0000,0.0720,0.0030,20.0000
1788242239.9709,-1.3850,-1.3730,-66.0000,-0.0190,-0.0270,-6.0000,-1.2940,-1.2310,-64.0000,0.0720,0.0020,21.0000
1788242240.0209,-1.3850,-1.3520,-67.0000,-0.0190,-0.0280,-6.0000,-1.2940,-1.2770,-62.0000,0.0720,0.0250,20.0000
1788242240.0709,-1.3850,-1.3660,-67.0000,-0.0190,-0.0310,-6.0000,-1.2940,-1.2890,-61.0000,0.0720,0.0960,17.0000
1788242240.1207,-1.3850,-1.3840,-66.0000,-0.0190,-0.0070,-7.0000,-1.2940,-1.3120,-60.0000,0.0720,0.1380,14.0000
1788242240.1709,-1.3850,-1.4030,-65.0000,-0.0190,-0.0010,-7.0000,-1.2940,-1.2690,-63.0000,0.0720,0.1200,15.0000
1788242240.2220,-1.3850,-1.4110,-64.0000,-0.0190,-0.0000,-8.0000,-1.2940,-1.3040,-61.0000,0.0720,0.0870,16.0000
1788242240.2708,-1.2650,-1.3900,-55.0000,-0.1390,-0.0000,-23.0000,-1.1740,-1.3120,-50.0000,-0.0480,0.0980,4.0000
1788242240.3210,-0.6650,-0.9940,-23.0000,-0.6560,-0.5730,-41.0000,-0.6560,-0.9150,-25.0000,-0.6480,-0.3010,-37.0000
1788242240.3710,-0.6560,-0.6420,-37.0000,-0.6560,-0.6970,-38.0000,-0.6560,-0.6330,-36.0000,-0.6560,-0.5900,-27.0000
1788242240.4210,-0.6560,-0.6310,-36.0000,-0.6560,-0.7090,-38.0000,-0.6560,-0.6300,-34.0000,-0.6560,-0.5970,-29.0000
1788242240.4710,-0.6560,-0.6500,-34.0000,-0.6560,-0.7120,-38.0000,-0.6560,-0.6280,-34.0000,-0.6560,-0.6150,-29.0000
1788242240.5209,-0.6560,-0.6550,-34.0000,-0.6560,-0.6950,-38.0000,-0.6560,-0.6470,-33.0000,-0.6560,-0.6180,-30.0000
1788242240.5709,-0.6560,-0.6520,-34.0000,-0.6560,-0.6850,-38.0000,-0.6560,-0.6620,-33.0000,-0.6560,-0.6360,-29.0000
1788242240.6207,-0.6560,-0.6400,-35.0000,-0.6560,-0.6890,-37.0000,-0.6560,-0.6530,-33.0000,-0.6560,-0.6520,-29.0000
1788242240.6710,-0.6560,-0.6610,-34.0000,-0.6560,-0.7010,-36.0000,-0.6560,-0.6510,-33.0000,-0.6560,-0.6440,-29.0000
1788242240.7210,-0.6560,-0.6790,-33.0000,-0.6560,-0.6880,-37.0000,-0.6560,-0.6570,-33.0000,-0.6560,-0.6330,-30.0000
1788242240.7709,-0.6560,-0.6790,-33.0000,-0.6560,-0.6810,-37.0000,-0.6560,-0.6750,-32.0000,-0.6560,-0.6390,-30.0000
1788242240.8210,-0.6560,-0.6740,-33.0000,-0.6560,-0.6880,-36.0000,-0.6560,-0.6580,-33.0000,-0.6560,-0.6890,-27.0000
1788242240.8709,-0.6560,-0.6720,-32.0000,-0.6560,-0.6920,-35.0000,-0.6560,-0.6650,-33.0000,-0.6560,-0.6730,-28.0000
1788242240.9211,-0.6560,-0.6500,-33.0000,-0.6560,-0.6810,-35.0000,-0.6560,-0.6450,-34.0000,-0.6560,-0.6380,-30.0000
1788242240.9710,-0.6560,-0.6410,-34.0000,-0.6560,-0.6680,-36.0000,-0.6560,-0.6520,-33.0000,-0.6560,-0.6320,-30.0000
1788242241.0210,-0.8960,-0.6630,-53.0000,-0.4160,-0.6500,-16.0000,-0.8960,-0.6640,-54.0000,-0.4160,-0.6320,-10.0000
1788242241.0710,-1.3850,-1.1190,-74.0000,-0.0190,-0.1190,0.0000,-1.2940,-1.1530,-64.0000,0.0720,-0.1120,16.0000
1788242241.1208,-1.3850,-1.3620,-65.0000,-0.0190,-0.0030,-2.0000,-1.2940,-1.3380,-58.0000,0.0720,0.0660,10.0000
1788242241.1711,-1.3850,-1.3570,-67.0000,-0.0190,-0.0000,-1.0000,-1.2940,-1.3200,-60.0000,0.0720,0.0390,14.0000
1788242241.2210,-1.3850,-1.3950,-66.0000,-0.0190,-0.0010,-1.0000,-1.2940,-1.3540,-58.0000,0.0720,0.0500,14.0000
1788242241.2708,-1.3850,-1.3840,-66.0000,-0.0190,-0.0000,-1.0000,-1.2940,-1.3190,-59.0000,0.0720,0.0510,14.0000
1788242241.3210,-1.3850,-1.4010,-66.0000,-0.0190,-0.0000,-1.0000,-1.2940,-1.3420,-58.0000,0.0720,0.0510,14.0000
1788242241.3711,-1.3850,-1.3300,-70.0000,-0.0190,0.0000,-2.0000,-1.2940,-1.2520,-62.0000,0.0720,0.0420,15.0000
1788242241.4209,-1.3850,-1.3600,-68.0000,-0.0190,0.0000,-2.0000,-1.2940,-1.2880,-60.0000,0.0720,0.0610,14.0000
1788242241.4709,-1.3850,-1.3890,-67.0000,-0.0190,-0.0010,-2.0000,-1.2940,-1.2680,-62.0000,0.0720,0.0510,15.0000
1788242241.5210,-1.3850,-1.4160,-65.0000,-0.0190,-0.0000,-2.0000,-1.2940,-1.3080,-60.0000,0.0720,0.0620,14.0000
1788242241.5708,-1.3850,-1.3750,-67.0000,-0.0190,-0.0000,-3.0000,-1.2940,-1.2890,-61.0000,0.0720,0.0550,15.0000
1788242241.6208,-1.0250,-1.3550,-37.0000,-0.3790,-0.0910,-37.0000,-0.9340,-1.2290,-33.0000,-0.2880,-0.0220,-21.0000
1788242241.6710,-0.6560,-0.7570,-34.0000,-0.6560,-0.6770,-32.0000,-0.6560,-0.6870,-35.0000,-0.6560,-0.5470,-28.0000
1788242241.7210,-0.6560,-0.6440,-36.0000,-0.6560,-0.6640,-36.0000,-0.6560,-0.6280,-35.0000,-0.6560,-0.5850,-30.0000
1788242241.7710,-0.6560,-0.6480,-35.0000,-0.6560,-0.6940,-35.0000,-0.6560,-0.6370,-34.0000,-0.6560,-0.6250,-29.0000
1788242241.8210,-0.6560,-0.6530,-34.0000,-0.6560,-0.6810,-35.0000,-0.6560,-0.6430,-33.0000,-0.6560,-0.6440,-29.0000
1788242241.8710,-0.6560,-0.6630,-34.0000,-0.6560,-0.6760,-35.0000,-0.6560,-0.6410,-34.0000,-0.6560,-0.6610,-28.0000
1788242241.9210,-0.6560,-0.6570,-34.0000,-0.6560,-0.6760,-35.0000,-0.6560,-0.6610,-33.0000,-0.6560,-0.6460,-29.0000
1788242241.9711,-0.6560,-0.6530,-34.0000,-0.6560,-0.6710,-35.0000,-0.6560,-0.6480,-33.0000,-0.6560,-0.6640,-28.0000
1788242242.0210,-0.6560,-0.6490,-35.0000,-0.6560,-0.6710,-35.0000,-0.6560,-0.6590,-33.0000,-0.6560,-0.6420,-29.0000
1788242242.0710,-0.6560,-0.6620,-34.0000,-0.6560,-0.6620,-35.0000,-0.6560,-0.6450,-34.0000,-0.6560,-0.6440,-29.0000
1788242242.1212,-0.6560,-0.6720,-33.0000,-0.6560,-0.6640,-35.0000,-0.6560,-0.6590,-33.0000,-0.6560,-0.6310,-30.0000
1788242242.1710,-0.6560,-0.6660,-34.0000,-0.6560,-0.6710,-35.0000,-0.6560,-0.6570,-33.0000,-0.6560,-0.6380,-30.0000
1788242242.2212,-0.6560,-0.6720,-33.0000,-0.6560,-0.6720,-34.0000,-0.6560,-0.6640,-32.0000,-0.6560,-0.6390,-30.0000
1788242242.2711,-0.6560,-0.6800,-32.0000,-0.6560,-0.6670,-35.0000,-0.6560,-0.6630,-33.0000,-0.6560,-0.6760,-28.0000
1788242242.3209,-0.6560,-0.6760,-32.0000,-0.6560,-0.6680,-34.0000,-0.6560,-0.6620,-32.0000,-0.6560,-0.6580,-29.0000
1788242242.3711,-0.6560,-0.6570,-33.0000,-0.6560,-0.6630,-34.0000,-0.6560,-0.6500,-33.0000,-0.6560,-0.6490,-30.0000
1788242242.4210,-0.6560,-0.6370,-34.0000,-0.6560,-0.6670,-34.0000,-0.6560,-0.6500,-33.0000,-0.6560,-0.6320,-31.0000
1788242242.4711,-0.6560,-0.6550,-33.0000,-0.6560,-0.6570,-35.0000,-0.6560,-0.6470,-33.0000,-0.6560,-0.6540,-30.0000
1788242242.5211,-0.6560,-0.6610,-33.0000,-0.6560,-0.6630,-34.0000,-0.6560,-0.6600,-33.0000,-0.6560,-0.6620,-29.0000
1788242242.5718,-0.6560,-0.6670,-33.0000,-0.6560,-0.6620,-34.0000,-0.6560,-0.6490,-33.0000,-0.6560,-0.6610,-29.0000
1788242242.6208,-0.6560,-0.6650,-33.0000,-0.6560,-0.6630,-34.0000,-0.6560,-0.6540,-33.0000,-0.6560,-0.6490,-30.0000
1788242242.6711,-0.6560,-0.6650,-33.0000,-0.6560,-0.6680,-34.0000,-0.6560,-0.6630,-33.0000,-0.6560,-0.6520,-30.0000
1788242242.7211,-0.6560,-0.6480,-34.0000,-0.6560,-0.6440,-35.0000,-0.6560,-0.6620,-32.0000,-0.6560,-0.6600,-30.0000
1788242242.7713,-0.6560,-0.6410,-34.0000,-0.6560,-0.6390,-35.0000,-0.6560,-0.6550,-33.0000,-0.6560,-0.6410,-31.0000
1788242242.8210,-0.6560,-0.6650,-33.0000,-0.6560,-0.6570,-34.0000,-0.6560,-0.6520,-33.0000,-0.6560,-0.6450,-31.0000
1788242242.8711,-0.6560,-0.6780,-32.0000,-0.6560,-0.6690,-34.0000,-0.6560,-0.6740,-32.0000,-0.6560,-0.6510,-30.0000
1788242242.9212,-0.6560,-0.6630,-33.0000,-0.6560,-0.6570,-34.0000,-0.6560,-0.6590,-33.0000,-0.6560,-0.6660,-30.0000
1788242242.9712,-0.6560,-0.6520,-33.0000,-0.6560,-0.6530,-35.0000,-0.6560,-0.6540,-33.0000,-0.6560,-0.6570,-30.0000
1788242243.0211,-0.6560,-0.6440,-34.0000,-0.6560,-0.6590,-34.0000,-0.6560,-0.6390,-34.0000,-0.6560,-0.6440,-31.0000
1788242243.0712,-0.6560,-0.6650,-32.0000,-0.6560,-0.6620,-34.0000,-0.6560,-0.6600,-33.0000,-0.6560,-0.6450,-31.0000
1788242243.1208,-0.6560,-0.6630,-33.0000,-0.6560,-0.6590,-34.0000,-0.6560,-0.6620,-32.0000,-0.6560,-0.6660,-30.0000
1788242243.1713,-0.6560,-0.6620,-33.0000,-0.6560,-0.6580,-34.0000,-0.6560,-0.6590,-33.0000,-0.6560,-0.6550,-30.0000
1788242243.2222,-0.6560,-0.6610,-33.0000,-0.6560,-0.6610,-34.0000,-0.6560,-0.6480,-33.0000,-0.6560,-0.6660,-30.0000
1788242243.2712,-0.6560,-0.6670,-32.0000,-0.6560,-0.6660,-34.0000,-0.6560,-0.6730,-32.0000,-0.6560,-0.6530,-30.0000
1788242243.3222,-0.6560,-0.6540,-33.0000,-0.6560,-0.6450,-35.0000,-0.6560,-0.6570,-33.0000,-0.6560,-0.6590,-30.0000
1788242243.3711,-0.6560,-0.6380,-34.0000,-0.6560,-0.6320,-36.0000,-0.6560,-0.6610,-32.0000,-0.6560,-0.6400,-31.0000
1788242243.4223,-0.6560,-0.6400,-34.0000,-0.6560,-0.6440,-35.0000,-0.6560,-0.6470,-33.0000,-0.6560,-0.6540,-30.0000
1788242243.4711,-0.6560,-0.6380,-34.0000,-0.6560,-0.6570,-34.0000,-0.6560,-0.6510,-33.0000,-0.6560,-0.6370,-31.0000
1788242243.5213,-0.6560,-0.6520,-33.0000,-0.6560,-0.6470,-35.0000,-0.6560,-0.6440,-33.0000,-0.6560,-0.6690,-30.0000
1788242243.5711,-0.6560,-0.6700,-32.0000,-0.6560,-0.6560,-35.0000,-0.6560,-0.6520,-33.0000,-0.6560,-0.6490,-31.0000
1788242243.6209,-0.6560,-0.6640,-33.0000,-0.6560,-0.6690,-34.0000,-0.6560,-0.6490,-33.0000,-0.6560,-0.6490,-31.0000
1788242243.6712,-0.6560,-0.6510,-33.0000,-0.6560,-0.6660,-34.0000,-0.6560,-0.6660,-32.0000,-0.6560,-0.6390,-31.0000
1788242243.7211,-0.6560,-0.6540,-33.0000,-0.6560,-0.6520,-35.0000,-0.6560,-0.6460,-34.0000,-0.6560,-0.6650,-30.0000
1788242243.7710,-0.6560,-0.6650,-33.0000,-0.6560,-0.6610,-34.0000,-0.6560,-0.6600,-33.0000,-0.6560,-0.6590,-30.0000
1788242243.8211,-0.6560,-0.6550,-33.0000,-0.6560,-0.6600,-34.0000,-0.6560,-0.6480,-33.0000,-0.6560,-0.6680,-30.0000
1788242243.8710,-0.6560,-0.6500,-33.0000,-0.6560,-0.6690,-34.0000,-0.6560,-0.6710,-32.0000,-0.6560,-0.6530,-31.0000
1788242243.9211,-0.6560,-0.6540,-33.0000,-0.6560,-0.6550,-34.0000,-0.6560,-0.6650,-32.0000,-0.6560,-0.6680,-30.0000
1788242243.9717,-0.6560,-0.6350,-34.0000,-0.6560,-0.6510,-34.0000,-0.6560,-0.6470,-33.0000,-0.6560,-0.6580,-30.0000
1788242244.0210,-0.9190,-0.8290,-47.0000,-0.0560,-0.4160,14.0000,-0.0560,-0.3870,13.0000,-0.9190,-0.9050,-40.0000
1788242244.0709,-0.9190,-0.8630,-48.0000,0.0000,-0.0360,0.0000,0.0000,-0.0400,0.0000,-0.9190,-0.8920,-43.0000
1788242244.1207,-0.9190,-0.8430,-50.0000,0.0000,-0.0030,0.0000,0.0000,-0.0030,0.0000,-0.9190,-0.9340,-41.0000
1788242244.1710,-0.9190,-0.8590,-50.0000,0.0000,-0.0000,0.0000,0.0000,-0.0010,0.0000,-0.9190,-0.9140,-42.0000
1788242244.2209,-0.9190,-0.8890,-49.0000,0.0000,-0.0000,0.0000,0.0000,-0.0000,0.0000,-0.9190,-0.9100,-42.0000
1788242244.2710,-0.9190,-0.8690,-51.0000,0.0000,-0.0000,0.0000,0.0000,-0.0010,0.0000,-0.9190,-0.8930,-43.0000
1788242244.3210,-0.9190,-0.8690,-52.0000,0.0000,-0.0000,0.0000,0.0000,-0.0030,0.0000,-0.9190,-0.8230,-48.0000
1788242244.3709,-0.9190,-0.8980,-51.0000,0.0000,-0.0000,0.0000,0.0000,-0.0050,0.0000,-0.9190,-0.8600,-47.0000
1788242244.4210,-0.9190,-0.9090,-50.0000,0.0000,-0.0000,0.0000,0.0000,-0.0000,0.0000,-0.9190,-0.9000,-45.0000
1788242244.4709,-0.9190,-0.9000,-51.0000,0.0000,-0.0000,0.0000,0.0000,-0.0000,0.0000,-0.9190,-0.8730,-47.0000
1788242244.5209,-0.9190,-0.9090,-51.0000,0.0000,-0.0000,0.0000,0.0000,-0.0000,0.0000,-0.9190,-0.8780,-47.0000
1788242244.5710,-0.9190,-0.9160,-51.0000,0.0000,-0.0000,0.0000,0.0000,-0.0000,0.0000,-0.9190,-0.9150,-45.0000
1788242244.6210,-0.9190,-0.9310,-50.0000,0.0000,-0.0000,0.0000,0.0000,-0.0000,0.0000,-0.9190,-0.9050,-46.0000
1788242244.6708,-0.9190,-0.9160,-51.0000,0.0000,-0.0000,0.0000,0.0000,0.0010,0.0000,-0.9190,-0.8980,-47.0000
1788242244.7209,-0.9190,-0.9160,-51.0000,0.0000,-0.0000,0.0000,0.0000,0.0000,0.0000,-0.9190,-0.9450,-44.0000
1788242244.7708,-0.9190,-0.9190,-50.0000,0.0000,-0.0000,0.0000,0.0000,0.0000,0.0000,-0.9190,-0.9360,-45.0000
1788242244.8208,-0.9190,-0.9040,-51.0000,0.0000,-0.0000,0.0000,0.0000,-0.0010,0.0000,-0.9190,-0.8780,-48.0000
1788242244.8709,-0.9190,-0.9200,-50.0000,0.0000,-0.0000,0.0000,0.0000,-0.0000,0.0000,-0.9190,-0.8990,-47.0000
1788242244.9211,-0.9190,-0.9350,-50.0000,0.0000,-0.0000,0.0000,0.0000,0.0000,0.0000,-0.9190,-0.8870,-48.0000
1788242244.9710,-0.9190,-0.9280,-50.0000,0.0000,-0.0000,0.0000,0.0000,0.0000,0.0000,-0.9190,-0.9010,-47.0000
1788242245.0211,-0.9190,-0.8880,-52.0000,0.0000,-0.0000,0.0000,0.0000,-0.0010,0.0000,-0.9190,-0.9240,-46.0000
1788242245.0710,-0.9190,-0.8950,-52.0000,0.0000,-0.0000,0.0000,0.0000,-0.0000,0.0000,-0.9190,-0.9190,-47.0000
1788242245.1208,-0.9190,-0.9030,-52.0000,0.0000,-0.0000,0.0000,0.0000,-0.0000,0.0000,-0.9190,-0.9410,-45.0000
1788242245.1716,-0.9190,-0.9060,-52.0000,0.0000,-0.0000,0.0000,0.0000,-0.0000,0.0000,-0.9190,-0.9630,-44.0000
1788242245.2208,-0.9190,-0.9230,-51.0000,0.0000,-0.0000,0.0000,0.0000,-0.0030,0.0000,-0.9190,-0.9490,-44.0000
1788242245.2715,-0.9190,-0.9300,-51.0000,0.0000,-0.0000,0.0000,0.0000,-0.0010,0.0000,-0.9190,-0.9100,-46.0000
1788242245.3209,-0.9190,-0.9170,-52.0000,0.0000,-0.0000,0.0000,0.0000,-0.0000,0.0000,-0.9190,-0.9030,-46.0000
1788242245.3709,-0.9190,-0.8960,-53.0000,0.0000,-0.0000,0.0000,0.0000,-0.0010,0.0000,-0.9190,-0.8980,-47.0000
1788242245.4221,-0.9190,-0.9460,-50.0000,0.0000,-0.0000,0.0000,0.0000,-0.0000,0.0000,-0.9190,-0.9140,-46.0000
1788242245.4710,-0.6560,-0.7920,-35.0000,-0.4800,-0.1910,-40.0000,-0.4800,-0.1780,-40.0000,-0.6560,-0.7390,-33.0000
1788242245.5211,-0.6560,-0.6700,-40.0000,-0.6560,-0.6780,-32.0000,-0.6560,-0.6820,-32.0000,-0.6560,-0.6700,-34.0000
1788242245.5710,-0.6560,-0.6580,-39.0000,-0.6560,-0.6560,-36.0000,-0.6560,-0.6570,-36.0000,-0.6560,-0.6120,-37.0000
1788242245.6210,-0.6560,-0.6470,-40.0000,-0.6560,-0.6720,-36.0000,-0.6560,-0.6760,-35.0000,-0.6560,-0.6430,-36.0000
1788242245.6711,-0.6560,-0.7160,-36.0000,-0.6560,-0.6790,-35.0000,-0.6560,-0.6830,-35.0000,-0.6560,-0.7020,-32.0000
1788242245.7210,-0.6560,-0.7130,-35.0000,-0.6560,-0.6860,-35.0000,-0.6560,-0.6990,-34.0000,-0.6560,-0.7060,-32.0000
1788242245.7711,-0.6560,-0.7090,-35.0000,-0.6560,-0.6770,-35.0000,-0.6560,-0.6930,-34.0000,-0.6560,-0.6900,-32.0000
1788242245.8209,-0.6560,-0.7060,-34.0000,-0.6560,-0.6800,-34.0000,-0.6560,-0.6850,-34.0000,-0.6560,-0.7020,-31.0000
1788242245.8710,-0.6560,-0.6830,-35.0000,-0.6560,-0.6720,-34.0000,-0.6560,-0.6670,-34.0000,-0.6560,-0.6900,-31.0000
1788242245.9210,-0.6560,-0.6740,-35.0000,-0.6560,-0.6720,-34.0000,-0.6560,-0.6810,-33.0000,-0.6560,-0.6870,-31.0000
1788242245.9711,-0.6560,-0.6770,-35.0000,-0.6560,-0.6670,-34.0000,-0.6560,-0.6740,-33.0000,-0.6560,-0.6580,-32.0000
1788242246.0210,-0.6560,-0.6750,-35.0000,-0.6560,-0.6680,-34.0000,-0.6560,-0.6680,-33.0000,-0.6560,-0.6900,-30.0000
1788242246.0711,-0.6560,-0.6770,-34.0000,-0.6560,-0.6710,-34.0000,-0.6560,-0.6550,-34.0000,-0.6560,-0.6570,-32.0000
1788242246.1210,-0.6560,-0.6660,-35.0000,-0.6560,-0.6710,-34.0000,-0.6560,-0.6730,-33.0000,-0.6560,-0.6550,-32.0000
1788242246.1711,-0.6560,-0.6470,-36.0000,-0.6560,-0.6620,-34.0000,-0.6560,-0.6660,-33.0000,-0.6560,-0.6300,-33.0000
1788242246.2220,-0.6560,-0.6540,-35.0000,-0.6560,-0.6620,-34.0000,-0.6560,-0.6530,-34.0000,-0.6560,-0.6490,-32.0000
1788242246.2711,-0.0560,-0.4140,12.0000,-0.0560,-0.4350,15.0000,-0.0560,-0.4170,14.0000,-0.0560,-0.3780,13.0000
1788242246.3209,0.0000,-0.0360,0.0000,0.0000,-0.0400,0.0000,0.0000,-0.0400,0.0000,0.0000,-0.0200,0.0000
1788242246.3708,0.0000,-0.0030,0.0000,0.0000,-0.0030,0.0000,0.0000,-0.0850,0.0000,0.0000,-0.0020,0.0000
1788242246.4209,0.0000,-0.0000,0.0000,0.0000,-0.0630,0.0000,0.0000,-0.0720,0.0000,0.0000,-0.0010,0.0000
1788242246.4708,0.0000,-0.0000,0.0000,0.0000,-0.0420,0.0000,0.0000,-0.0140,0.0000,0.0000,-0.0000,0.0000
1788242246.5208,0.0000,0.0010,0.0000,0.0000,-0.0020,0.0000,0.0000,0.0260,0.0000,0.0000,0.0010,0.0000
1788242246.5709,0.0000,0.0000,0.0000,0.0000,0.0040,0.0000,0.0000,0.0180,0.0000,0.0000,0.0000,0.0000
1788242246.6205,0.1200,0.0000,14.0000,0.1200,0.0000,14.0000,0.1200,0.0010,14.0000,0.1200,0.0000,14.0000
1788242246.6709,0.6560,0.5040,38.0000,0.6560,0.4320,43.0000,0.6560,0.3720,47.0000,0.6560,0.4830,40.0000
1788242246.7208,0.5360,0.6570,24.0000,0.5360,0.5680,30.0000,0.5360,0.5360,32.0000,0.5360,0.6370,25.0000
1788242246.7708,0.0000,0.2480,0.0000,0.0000,0.2470,0.0000,0.0000,0.3140,0.0000,0.0000,0.2930,0.0000
1788242246.8206,0.0000,0.0160,0.0000,0.0000,0.0160,0.0000,0.0000,0.0190,0.0000,0.0000,0.0210,0.0000
1788242246.8708,0.0000,0.0030,0.0000,0.0000,0.0010,0.0000,0.0000,0.0010,0.0000,0.0000,0.0020,0.0000
1788242246.9207,0.0000,0.0010,0.0000,0.0000,0.0000,0.0000,0.0000,0.0000,0.0000,0.0000,0.0000,0.0000
1788242246.9708,0.0000,0.0680,0.0000,0.0000,0.0000,0.0000,0.0000,0.0000,0.0000,0.0000,0.0000,0.0000
1788242247.0208,0.0000,0.0420,0.0000,0.0000,0.0000,0.0000,0.0000,0.0000,0.0000,0.0000,0.0000,0.0000
1788242247.0708,0.0000,0.0210,0.0000,0.0000,0.0000,0.0000,0.0000,0.0000,0.0000,0.0000,0.0000,0.0000
1788242247.1206,0.0000,-0.0060,0.0000,0.0000,0.0000,0.0000,0.0000,0.0000,0.0000,0.0000,0.0000,0.0000
1788242247.1708,0.0000,-0.0000,0.0000,0.0000,0.0000,0.0000,0.0000,0.0000,0.0000,0.0000,0.0000,0.0000
1788242247.2208,0.0000,-0.0000,0.0000,0.0000,0.0000,0.0000,0.0000,0.0000,0.0000,0.0000,0.0000,0.0000
1788242247.2708,0.0000,0.0050,0.0000,0.0000,0.0000,0.0000,0.0000,0.0000,0.0000,0.0000,0.0000,0.0000
1788242247.3208,0.0000,0.0010,0.0000,0.0000,0.0000,0.0000,0.0000,0.0000,0.0000,0.0000,0.0000,0.0000
1788242247.3708,0.0000,-0.0050,0.0000,0.0000,0.0000,0.0000,0.0000,0.0000,0.0000,0.0000,0.0000,0.0000
1788242247.4207,0.0000,0.0020,0.0000,0.0000,0.0000,0.0000,0.0000,0.0000,0.0000,0.0000,0.0000,0.0000
1788242247.4707,0.0000,0.0000,0.0000,0.0000,0.0000,0.0000,0.0000,0.0000,0.0000,0.0000,0.0000,0.0000
1788242247.5207,0.0000,0.0000,0.0000,0.0000,0.0000,0.0000,0.0000,0.0000,0.0000,0.0000,0.0000,0.0000
1788242247.5708,0.0000,0.0000,0.0000,0.0000,0.0000,0.0000,0.0000,0.0000,0.0000,0.0000,0.0000,0.0000
1788242247.6206,0.0000,0.0000,0.0000,0.0000,0.0000,0.0000,0.0000,0.0000,0.0000,0.0000,0.0000,0.0000
1788242247.6708,0.0000,0.0000,0.0000,0.0000,0.0000,0.0000,0.0000,0.0000,0.0000,0.0000,0.0000,0.0000
1788242247.7208,0.0000,0.0000,0.0000,0.0000,0.0000,0.0000,0.0000,0.0000,0.0000,0.0000,0.0000,0.0000
1788242247.7707,0.0000,0.0000,0.0000,0.0000,0.0000,0.0000,0.0000,0.0000,0.0000,0.0000,0.0000,0.0000
1788242247.8208,0.0000,0.0000,0.0000,0.0000,0.0000,0.0000,0.0000,0.0000,0.0000,0.0000,0.0000,0.0000
1788242247.8708,0.0000,0.0000,0.0000,0.0000,0.0000,0.0000,0.0000,0.0000,0.0000,0.0000,0.0000,0.0000
1788242247.9208,0.0000,0.0000,0.0000,0.0000,0.0000,0.0000,0.0000,0.0000,0.0000,0.0000,0.0000,0.0000
1788242247.9709,0.0000,0.0000,0.0000,0.0000,0.0000,0.0000,0.0000,0.0000,0.0000,0.0000,0.0000,0.0000
1788242248.0208,0.0000,0.0000,0.0000,0.0000,0.0000,0.0000,0.0000,0.0000,0.0000,0.0000,0.0000,0.0000
1788242248.0708,0.0000,0.0000,0.0000,0.0000,0.0000,0.0000,0.0000,0.0000,0.0000,0.0000,0.0000,0.0000
1788242248.1208,0.0000,0.0000,0.0000,0.0000,0.0000,0.0000,0.0000,0.0000,0.0000,0.0000,0.0000,0.0000
1788242248.1708,0.0000,0.0000,0.0000,0.0000,0.0000,0.0000,0.0000,0.0000,0.0000,0.0000,0.0000,0.0000
1788242248.2208,0.0000,0.0000,0.0000,0.0000,0.0000,0.0000,0.0000,0.0000,0.0000,0.0000,0.0000,0.0000
1788242248.2708,0.0000,0.0000,0.0000,0.0000,0.0000,0.0000,0.0000,0.0000,0.0000,0.0000,0.0000,0.0000
1788242248.3208,0.0000,0.0000,0.0000,0.0000,0.0000,0.0000,0.0000,0.0000,0.0000,0.0000,0.0000,0.0000
1788242248.3708,0.0000,0.0000,0.0000,0.0000,0.0000,0.0000,0.0000,0.0000,0.0000,0.0000,0.0000,0.0000
1788242248.4208,0.0000,0.0000,0.0000,0.0000,0.0000,0.0000,0.0000,0.0000,0.0000,0.0000,0.0000,0.0000
1788242248.4709,0.0000,0.0000,0.0000,0.0000,0.0000,0.0000,0.0000,0.0000,0.0000,0.0000,0.0000,0.0000
1788242248.5208,0.0000,0.0000,0.0000,0.0000,0.0000,0.0000,0.0000,0.0000,0.0000,0.0000,0.0000,0.0000
1788242248.5708,0.0000,0.0000,0.0000,0.0000,0.0000,0.0000,0.0000,0.0000,0.0000,0.0000,0.0000,0.0000
1788242248.6205,0.0000,0.0000,0.0000,0.0000,0.0000,0.0000,0.0000,0.0000,0.0000,0.0000,0.0000,0.0000
1788242248.6709,0.0000,0.0000,0.0000,0.0000,0.0000,0.0000,0.0000,0.0000,0.0000,0.0000,0.0000,0.0000
1788242248.7209,0.0000,0.0000,0.0000,0.0000,0.0000,0.0000,0.0000,0.0000,0.0000,0.0000,0.0000,0.0000
1788242248.7708,0.0000,0.0000,0.0000,0.0000,0.0000,0.0000,0.0000,0.0000,0.0000,0.0000,0.0000,0.0000
1788242248.8206,0.0000,0.0000,0.0000,0.0000,0.0000,0.0000,0.0000,0.0000,0.0000,0.0000,0.0000,0.0000
1788242248.8708,0.0000,0.0000,0.0000,0.0000,0.0000,0.0000,0.0000,0.0000,0.0000,0.0000,0.0000,0.0000
1788242248.9208,0.0000,0.0000,0.0000,0.0000,0.0000,0.0000,0.0000,0.0000,0.0000,0.0000,0.0000,0.0000
1788242248.9708,0.0000,0.0000,0.0000,0.0000,0.0000,0.0000,0.0000,0.0000,0.0000,0.0000,0.0000,0.0000
1788242249.0208,0.0000,0.0000,0.0000,0.0000,0.0000,0.0000,0.0000,0.0000,0.0000,0.0000,0.0000,0.0000
1788242249.0709,0.0000,0.0000,0.0000,0.0000,0.0000,0.0000,0.0000,0.0000,0.0000,0.0000,0.0000,0.0000
1788242249.1207,0.0000,0.0000,0.0000,0.0000,0.0000,0.0000,0.0000,0.0000,0.0000,0.0000,0.0000,0.0000
1788242249.1709,0.0000,0.0000,0.0000,0.0000,0.0000,0.0000,0.0000,0.0000,0.0000,0.0000,0.0000,0.0000
1788242249.2209,0.0000,0.0000,0.0000,0.0000,0.0000,0.0000,0.0000,0.0000,0.0000,0.0000,0.0000,0.0000
1788242249.2708,0.0000,0.0000,0.0000,0.0000,0.0000,0.0000,0.0000,0.0000,0.0000,0.0000,0.0000,0.0000
1788242249.3207,0.0000,0.0000,0.0000,0.0000,0.0000,0.0000,0.0000,0.0000,0.0000,0.0000,0.0000,0.0000
1788242249.3706,0.0000,0.0000,0.0000,0.0000,0.0000,0.0000,0.0000,0.0000,0.0000,0.0000,0.0000,0.0000
1788242249.4206,0.0000,0.0000,0.0000,0.0000,0.0000,0.0000,0.0000,0.0000,0.0000,0.0000,0.0000,0.0000
1788242249.4706,0.0000,0.0000,0.0000,0.0000,0.0000,0.0000,0.0000,0.0000,0.0000,0.0000,0.0000,0.0000
1788242249.5205,0.0000,0.0000,0.0000,0.0000,0.0000,0.0000,0.0000,0.0000,0.0000,0.0000,0.0000,0.0000
1788242249.5707,0.0000,0.0000,0.0000,0.0000,0.0000,0.0000,0.0000,0.0000,0.0000,0.0000,0.0000,0.0000
1788242249.6227,0.0000,0.0000,0.0000,0.0000,0.0000,0.0000,0.0000,0.0000,0.0000,0.0000,0.0000,0.0000
1788242249.6708,0.0000,0.0000,0.0000,0.0000,0.0000,0.0000,0.0000,0.0000,0.0000,0.0000,0.0000,0.0000
1788242249.7208,0.0000,0.0000,0.0000,0.0000,0.0000,0.0000,0.0000,0.0000,0.0000,0.0000,0.0000,0.0000
1788242249.7760,0.0000,0.0000,0.0000,0.0000,0.0000,0.0000,0.0000,0.0000,0.0000,0.0000,0.0000,0.0000
1788242249.8208,0.0000,0.0000,0.0000,0.0000,0.0000,0.0000,0.0000,0.0000,0.0000,0.0000,0.0000,0.0000
1788242249.8708,0.0000,0.0000,0.0000,0.0000,0.0000,0.0000,0.0000,0.0000,0.0000,0.0000,0.0000,0.0000
1788242249.9209,0.0000,0.0000,0.0000,0.0000,0.0000,0.0000,0.0000,0.0000,0.0000,0.0000,0.0000,0.0000
1788242249.9736,0.0000,0.0000,0.0000,0.0000,0.0000,0.0000,0.0000,0.0000,0.0000,0.0000,0.0000,0.0000
1788242250.0208,0.0000,0.0000,0.0000,0.0000,0.0000,0.0000,0.0000,0.0000,0.0000,0.0000,0.0000,0.0000
1788242250.0765,0.0000,0.0000,0.0000,0.0000,0.0000,0.0000,0.0000,0.0000,0.0000,0.0000,0.0000,0.0000
1788242250.1268,0.0000,0.0000,0.0000,0.0000,0.0000,0.0000,0.0000,0.0000,0.0000,0.0000,0.0000,0.0000
1788242250.1732,0.0000,0.0000,0.0000,0.0000,0.0000,0.0000,0.0000,0.0000,0.0000,0.0000,0.0000,0.0000
1788242250.2225,0.0000,0.0000,0.0000,0.0000,0.0000,0.0000,0.0000,0.0000,0.0000,0.0000,0.0000,0.0000
1788242250.2718,0.0000,0.0000,0.0000,0.0000,0.0000,0.0000,0.0000,0.0000,0.0000,0.0000,0.0000,0.0000
1788242250.3212,0.0000,0.0000,0.0000,0.0000,0.0000,0.0000,0.0000,0.0000,0.0000,0.0000,0.0000,0.0000
1788242250.3724,0.0000,0.0000,0.0000,0.0000,0.0000,0.0000,0.0000,0.0000,0.0000,0.0000,0.0000,0.0000
1788242250.4230,0.0000,0.0000,0.0000,0.0000,0.0000,0.0000,0.0000,0.0000,0.0000,0.0000,0.0000,0.0000
1788242250.4711,0.0000,0.0000,0.0000,0.0000,0.0000,0.0000,0.0000,0.0000,0.0000,0.0000,0.0000,0.0000
1788242250.5209,0.0000,0.0000,0.0000,0.0000,0.0000,0.0000,0.0000,0.0000,0.0000,0.0000,0.0000,0.0000
1788242250.5709,0.0000,0.0000,0.0000,0.0000,0.0000,0.0000,0.0000,0.0000,0.0000,0.0000,0.0000,0.0000
1788242250.6209,0.0000,0.0000,0.0000,0.0000,0.0000,0.0000,0.0000,0.0000,0.0000,0.0000,0.0000,0.0000
1788242250.6710,0.0000,0.0000,0.0000,0.0000,0.0000,0.0000,0.0000,0.0000,0.0000,0.0000,0.0000,0.0000
1788242250.7209,0.0000,0.0000,0.0000,0.0000,0.0000,0.0000,0.0000,0.0000,0.0000,0.0000,0.0000,0.0000
1788242250.7708,0.0000,0.0000,0.0000,0.0000,0.0000,0.0000,0.0000,0.0000,0.0000,0.0000,0.0000,0.0000
1788242250.8209,0.0000,0.0000,0.0000,0.0000,0.0000,0.0000,0.0000,0.0000,0.0000,0.0000,0.0000,0.0000
1788242250.8709,0.0000,0.0000,0.0000,0.0000,0.0000,0.0000,0.0000,0.0000,0.0000,0.0000,0.0000,0.0000
1788242250.9209,0.0000,0.0000,0.0000,0.0000,0.0000,0.0000,0.0000,0.0000,0.0000,0.0000,0.0000,0.0000
1788242250.9722,0.0000,0.0000,0.0000,0.0000,0.0000,0.0000,0.0000,0.0000,0.0000,0.0000,0.0000,0.0000
1788242251.0211,0.0000,0.0000,0.0000,0.0000,0.0000,0.0000,0.0000,0.0000,0.0000,0.0000,0.0000,0.0000
1788242251.0711,0.0000,0.0000,0.0000,0.0000,0.0000,0.0000,0.0000,0.0000,0.0000,0.0000,0.0000,0.0000
1788242251.1208,0.0000,0.0000,0.0000,0.0000,0.0000,0.0000,0.0000,0.0000,0.0000,0.0000,0.0000,0.0000
1788242251.1735,0.0000,0.0000,0.0000,0.0000,0.0000,0.0000,0.0000,0.0000,0.0000,0.0000,0.0000,0.0000
1788242251.2211,0.0000,0.0000,0.0000,0.0000,0.0000,0.0000,0.0000,0.0000,0.0000,0.0000,0.0000,0.0000
1788242251.2709,0.0000,0.0000,0.0000,0.0000,0.0000,0.0000,0.0000,0.0000,0.0000,0.0000,0.0000,0.0000
1788242251.3210,0.0000,0.0000,0.0000,0.0000,0.0000,0.0000,0.0000,0.0000,0.0000,0.0000,0.0000,0.0000
