epoch_s,map_x,map_y,map_yaw_deg,odom_x,odom_y,odom_yaw_deg,corr_x,corr_y,corr_yaw_deg
1788242015.769,,,,0.0000,0.0000,0.00,0.0000,0.0000,0.00
1788242015.869,,,,0.0000,0.0000,0.00,0.0000,0.0000,0.00
1788242015.969,,,,0.0000,0.0000,0.00,0.0000,0.0000,0.00
1788242016.069,,,,0.0000,0.0000,0.00,0.0000,0.0000,0.00
1788242016.169,,,,0.0000,0.0000,0.00,0.0000,0.0000,0.00
1788242016.269,,,,0.0000,0.0000,0.00,0.0000,0.0000,0.00
1788242016.370,,,,0.0000,0.0000,0.00,0.0000,0.0000,0.00
1788242016.471,,,,0.0000,0.0000,0.00,0.0000,0.0000,0.00
1788242016.570,,,,0.0000,0.0000,0.00,0.0000,0.0000,0.00
1788242016.669,,,,0.0000,0.0000,0.00,0.0000,0.0000,0.00
1788242016.774,,,,0.0000,0.0000,0.00,0.0000,0.0000,0.00
1788242016.870,,,,0.0000,0.0000,0.00,0.0000,0.0000,0.00
1788242016.969,,,,0.0000,0.0000,0.00,0.0000,0.0000,0.00
1788242017.074,,,,0.0000,0.0000,0.00,0.0000,0.0000,0.00
1788242017.169,,,,0.0000,0.0000,0.00,0.0000,0.0000,0.00
1788242017.269,,,,0.0000,0.0000,0.00,0.0000,0.0000,0.00
1788242017.369,,,,0.0000,0.0000,0.00,0.0000,0.0000,0.00
1788242017.469,,,,0.0000,0.0000,0.00,0.0000,0.0000,0.00
1788242017.569,,,,0.0000,0.0000,0.00,0.0000,0.0000,0.00
1788242017.669,,,,0.0000,0.0000,0.00,0.0000,0.0000,0.00
1788242017.769,,,,0.0000,0.0000,0.00,0.0000,0.0000,0.00
1788242017.869,,,,0.0000,0.0000,0.00,0.0000,0.0000,0.00
1788242017.969,,,,0.0000,0.0000,0.00,0.0000,0.0000,0.00
1788242018.069,,,,0.0000,0.0000,0.00,0.0000,0.0000,0.00
1788242018.169,,,,0.0000,0.0000,0.00,0.0000,0.0000,0.00
1788242018.269,,,,0.0000,0.0000,0.00,0.0000,0.0000,0.00
1788242018.369,,,,0.0000,0.0000,0.00,0.0000,0.0000,0.00
1788242018.469,,,,0.0000,0.0000,0.00,0.0000,0.0000,0.00
1788242018.569,,,,0.0000,0.0000,0.00,0.0000,0.0000,0.00
1788242018.669,0.0000,0.0000,0.00,0.0000,0.0000,0.00,0.0000,0.0000,0.00
1788242018.769,0.0000,0.0000,0.00,0.0000,0.0000,0.00,0.0000,0.0000,0.00
1788242018.869,0.0000,0.0000,0.00,0.0000,0.0000,0.00,0.0000,0.0000,0.00
1788242018.969,0.0000,0.0000,0.00,0.0000,0.0000,0.00,0.0000,0.0000,0.00
1788242019.069,0.0000,0.0000,0.00,0.0000,0.0000,0.00,0.0000,0.0000,0.00
1788242019.169,0.0000,0.0000,0.00,0.0000,0.0000,0.00,0.0000,0.0000,0.00
1788242019.269,0.0000,0.0000,0.00,0.0000,0.0000,0.00,0.0000,0.0000,0.00
1788242019.369,0.0000,0.0000,0.00,0.0000,0.0000,0.00,0.0000,0.0000,0.00
1788242019.469,0.0000,0.0000,0.00,0.0000,0.0000,0.00,0.0000,0.0000,0.00
1788242019.569,0.0000,0.0000,0.00,0.0000,0.0000,0.00,0.0000,0.0000,0.00
1788242019.669,0.0000,0.0000,0.00,0.0000,0.0000,0.00,0.0000,0.0000,0.00
1788242019.769,0.0000,0.0000,0.00,0.0000,0.0000,0.00,0.0000,0.0000,0.00
1788242019.869,0.0000,0.0000,0.00,0.0000,0.0000,0.00,0.0000,0.0000,0.00
1788242019.969,0.0000,0.0000,0.00,0.0000,0.0000,0.00,0.0000,0.0000,0.00
1788242020.069,0.0000,0.0000,0.00,0.0000,0.0000,0.00,0.0000,0.0000,0.00
1788242020.175,0.0000,0.0000,0.00,0.0000,0.0000,0.00,0.0000,0.0000,0.00
1788242020.269,0.0000,0.0000,0.00,0.0000,0.0000,0.00,0.0000,0.0000,0.00
1788242020.369,0.0000,0.0000,0.00,0.0000,0.0000,0.00,0.0000,0.0000,0.00
1788242020.469,0.0000,0.0000,0.00,0.0000,0.0000,0.00,0.0000,0.0000,0.00
1788242020.569,0.0000,0.0000,0.00,0.0000,0.0000,0.00,0.0000,0.0000,0.00
1788242020.669,0.0000,0.0000,0.00,0.0000,0.0000,0.00,0.0000,0.0000,0.00
1788242020.769,0.0000,0.0000,0.00,0.0000,0.0000,0.00,0.0000,0.0000,0.00
1788242020.869,0.0000,0.0000,0.00,0.0000,0.0000,0.00,0.0000,0.0000,0.00
1788242020.969,0.0000,0.0000,0.00,0.0000,0.0000,0.00,0.0000,0.0000,0.00
1788242021.069,0.0000,0.0000,0.00,0.0000,0.0000,0.00,0.0000,0.0000,0.00
1788242021.169,0.0000,0.0000,0.00,0.0000,0.0000,0.00,0.0000,0.0000,0.00
1788242021.269,0.0000,0.0000,0.00,0.0000,0.0000,0.00,0.0000,0.0000,0.00
1788242021.369,0.0000,0.0000,0.00,0.0000,0.0000,0.00,0.0000,0.0000,0.00
1788242021.469,0.0000,0.0000,0.00,0.0000,0.0000,0.00,0.0000,0.0000,0.00
1788242021.569,0.0000,0.0000,0.00,0.0000,0.0000,0.00,0.0000,0.0000,0.00
1788242021.669,0.0000,0.0000,0.00,0.0000,0.0000,0.00,0.0000,0.0000,0.00
1788242021.769,0.0000,0.0000,0.00,0.0000,0.0000,0.00,0.0000,0.0000,0.00
1788242021.869,0.0000,0.0000,0.00,0.0000,0.0000,0.00,0.0000,0.0000,0.00
1788242021.969,0.0000,0.0000,0.00,0.0000,0.0000,0.00,0.0000,0.0000,0.00
1788242022.069,0.0000,0.0000,0.00,0.0000,0.0000,0.00,0.0000,0.0000,0.00
1788242022.169,0.0000,0.0000,0.00,0.0000,0.0000,0.00,0.0000,0.0000,0.00
1788242022.269,0.0000,0.0000,0.00,0.0000,0.0000,0.00,0.0000,0.0000,0.00
1788242022.369,0.0000,0.0000,0.00,0.0000,0.0000,0.00,0.0000,0.0000,0.00
1788242022.469,0.0000,0.0000,0.00,0.0000,0.0000,0.00,0.0000,0.0000,0.00
1788242022.569,0.0000,0.0000,0.00,0.0000,0.0000,0.00,0.0000,0.0000,0.00
1788242022.669,0.0000,0.0000,0.00,0.0000,0.0000,0.00,0.0000,0.0000,0.00
1788242022.769,0.0000,0.0000,0.00,0.0000,0.0000,0.00,0.0000,0.0000,0.00
1788242022.869,0.0000,0.0000,0.00,0.0000,0.0000,0.00,0.0000,0.0000,0.00
1788242022.969,0.0000,0.0000,0.00,0.0000,0.0000,0.00,0.0000,0.0000,0.00
1788242023.069,0.0000,0.0000,0.00,0.0000,0.0000,0.00,0.0000,0.0000,0.00
1788242023.169,0.0000,0.0000,0.00,0.0000,0.0000,0.00,0.0000,0.0000,0.00
1788242023.269,0.0000,0.0000,0.00,0.0000,0.0000,0.00,0.0000,0.0000,0.00
1788242023.369,0.0000,0.0000,0.00,0.0000,0.0000,0.00,0.0000,0.0000,0.00
1788242023.469,0.0000,0.0000,0.00,0.0000,0.0000,0.00,0.0000,0.0000,0.00
1788242023.569,0.0000,0.0000,0.00,0.0000,0.0000,0.00,0.0000,0.0000,0.00
1788242023.669,0.0000,0.0000,0.00,0.0000,0.0000,0.00,0.0000,0.0000,0.00
1788242023.769,0.0000,0.0000,0.00,0.0000,0.0000,0.00,0.0000,0.0000,0.00
1788242023.869,0.0000,0.0000,0.00,0.0000,0.0000,0.00,0.0000,0.0000,0.00
1788242023.969,0.0000,0.0000,0.00,0.0000,0.0000,0.00,0.0000,0.0000,0.00
1788242024.069,0.0000,0.0000,0.00,0.0000,0.0000,0.00,0.0000,0.0000,0.00
1788242024.169,0.0000,0.0000,0.00,0.0000,0.0000,0.00,0.0000,0.0000,0.00
1788242024.269,0.0000,0.0001,0.00,0.0000,0.0001,0.00,0.0000,0.0000,0.00
1788242024.369,-0.0001,0.0047,0.03,-0.0001,0.0047,0.03,0.0000,0.0000,0.00
1788242024.469,-0.0002,0.0098,0.04,-0.0002,0.0098,0.04,0.0000,0.0000,0.00
1788242024.569,-0.0002,0.0151,0.03,-0.0002,0.0151,0.03,0.0000,0.0000,0.00
1788242024.669,-0.0003,0.0203,0.02,-0.0003,0.0203,0.02,0.0000,0.0000,0.00
1788242024.769,0.0000,0.0257,0.17,0.0000,0.0257,0.17,0.0000,0.0000,0.00
1788242024.869,0.0000,0.0307,0.71,0.0000,0.0307,0.71,0.0000,0.0000,0.00
1788242024.969,-0.0002,0.0359,1.28,-0.0002,0.0359,1.28,0.0000,0.0000,0.00
1788242025.069,-0.0005,0.0410,1.86,-0.0005,0.0410,1.86,0.0000,0.0000,0.00
1788242025.169,-0.0008,0.0461,2.42,-0.0008,0.0461,2.42,0.0000,0.0000,0.00
1788242025.269,-0.0011,0.0510,2.98,-0.0011,0.0510,2.98,0.0000,0.0000,0.00
1788242025.369,-0.0015,0.0560,3.54,-0.0015,0.0560,3.54,0.0000,0.0000,0.00
1788242025.469,-0.0019,0.0610,4.10,-0.0019,0.0610,4.10,0.0000,0.0000,0.00
1788242025.569,-0.0024,0.0658,4.65,-0.0024,0.0658,4.65,0.0000,0.0000,0.00
1788242025.669,-0.0029,0.0707,5.21,-0.0029,0.0707,5.21,0.0000,0.0000,0.00
1788242025.769,-0.0034,0.0756,5.78,-0.0034,0.0756,5.78,0.0000,0.0000,0.00
1788242025.869,-0.0041,0.0804,6.34,-0.0041,0.0804,6.34,0.0000,0.0000,0.00
1788242025.969,-0.0047,0.0854,6.93,-0.0047,0.0854,6.93,0.0000,0.0000,0.00
1788242026.069,-0.0052,0.0903,7.52,-0.0052,0.0903,7.52,0.0000,0.0000,0.00
1788242026.169,-0.0059,0.0953,8.10,-0.0059,0.0953,8.10,0.0000,0.0000,0.00
1788242026.269,-0.0067,0.1002,8.68,-0.0067,0.1002,8.68,0.0000,0.0000,0.00
1788242026.369,-0.0074,0.1051,9.25,-0.0074,0.1051,9.25,0.0000,0.0000,0.00
1788242026.469,-0.0083,0.1099,9.82,-0.0083,0.1099,9.82,0.0000,0.0000,0.00
1788242026.569,-0.0093,0.1149,9.99,-0.0093,0.1149,9.99,0.0000,0.0000,0.00
1788242026.669,-0.0099,0.1199,10.18,-0.0099,0.1199,10.18,0.0000,0.0000,0.00
1788242026.769,-0.0106,0.1252,10.74,-0.0106,0.1252,10.74,0.0000,0.0000,0.00
1788242026.869,-0.0116,0.1303,10.89,-0.0116,0.1303,10.89,0.0000,0.0000,0.00
1788242026.969,-0.0124,0.1353,10.89,-0.0124,0.1353,10.89,0.0000,0.0000,0.00
1788242027.069,-0.0132,0.1403,10.88,-0.0132,0.1403,10.88,0.0000,0.0000,0.00
1788242027.169,-0.0141,0.1452,10.88,-0.0141,0.1452,10.88,0.0000,0.0000,0.00
1788242027.269,-0.0150,0.1500,10.87,-0.0150,0.1500,10.87,0.0000,0.0000,0.00
1788242027.369,-0.0158,0.1550,10.92,-0.0158,0.1550,10.92,0.0000,0.0000,0.00
1788242027.469,-0.0167,0.1599,11.46,-0.0167,0.1599,11.46,0.0000,0.0000,0.00
1788242027.569,-0.0179,0.1649,12.02,-0.0179,0.1649,12.02,0.0000,0.0000,0.00
1788242027.669,-0.0191,0.1700,12.60,-0.0191,0.1700,12.60,0.0000,0.0000,0.00
1788242027.769,-0.0202,0.1749,13.18,-0.0202,0.1749,13.18,0.0000,0.0000,0.00
1788242027.869,-0.0214,0.1797,13.74,-0.0214,0.1797,13.74,0.0000,0.0000,0.00
1788242027.969,-0.0227,0.1845,14.31,-0.0227,0.1845,14.31,0.0705,-0.1179,1.37
1788242028.069,0.0421,0.0708,16.25,-0.0239,0.1893,14.88,0.0705,-0.1179,1.37
1788242028.169,0.0406,0.0754,16.81,-0.0253,0.1940,15.44,0.0705,-0.1179,1.37
1788242028.269,0.0389,0.0802,17.07,-0.0269,0.1988,15.69,0.0705,-0.1179,1.37
1788242028.369,0.0377,0.0851,17.38,-0.0279,0.2037,16.01,0.0705,-0.1179,1.37
1788242028.469,0.0363,0.0900,17.94,-0.0292,0.2087,16.56,0.0705,-0.1179,1.37
1788242028.569,0.0346,0.0947,18.50,-0.0308,0.2134,17.13,0.0705,-0.1179,1.37
1788242028.669,0.0330,0.0995,19.07,-0.0323,0.2182,17.70,0.0705,-0.1179,1.37
1788242028.769,0.0314,0.1043,19.64,-0.0338,0.2230,18.26,0.0705,-0.1179,1.37
1788242028.869,0.0298,0.1089,20.20,-0.0353,0.2277,18.83,0.0705,-0.1179,1.37
1788242028.969,0.0280,0.1135,20.77,-0.0369,0.2323,19.40,0.0705,-0.1179,1.37
1788242029.069,0.0263,0.1182,21.36,-0.0385,0.2371,19.99,0.0705,-0.1179,1.37
1788242029.169,0.0245,0.1227,21.92,-0.0402,0.2416,20.55,0.0705,-0.1179,1.37
1788242029.269,0.0226,0.1272,22.48,-0.0421,0.2462,21.11,0.0705,-0.1179,1.37
1788242029.369,0.0204,0.1321,22.69,-0.0442,0.2510,21.32,0.0705,-0.1179,1.37
1788242029.469,0.0186,0.1369,22.68,-0.0458,0.2560,21.31,0.0705,-0.1179,1.37
1788242029.569,0.0167,0.1416,22.68,-0.0476,0.2607,21.31,0.0705,-0.1179,1.37
1788242029.669,0.0149,0.1459,22.66,-0.0493,0.2650,21.29,0.0705,-0.1179,1.37
1788242029.769,0.0130,0.1502,22.65,-0.0511,0.2694,21.27,0.0705,-0.1179,1.37
1788242029.869,0.0110,0.1547,22.65,-0.0529,0.2739,21.28,0.0705,-0.1179,1.37
1788242029.969,0.0091,0.1593,22.65,-0.0547,0.2786,21.28,0.0705,-0.1179,1.37
1788242030.069,0.0072,0.1641,22.66,-0.0565,0.2833,21.29,0.0705,-0.1179,1.37
1788242030.169,0.0053,0.1688,22.66,-0.0583,0.2882,21.29,0.0705,-0.1179,1.37
1788242030.269,0.0034,0.1737,22.66,-0.0601,0.2931,21.29,0.0705,-0.1179,1.37
1788242030.369,0.0015,0.1781,22.66,-0.0620,0.2976,21.29,0.0705,-0.1179,1.37
1788242030.469,-0.0003,0.1827,23.03,-0.0636,0.3022,21.66,0.0705,-0.1179,1.37
1788242030.569,-0.0023,0.1874,23.60,-0.0655,0.3069,22.23,0.0705,-0.1179,1.37
1788242030.669,-0.0044,0.1920,24.19,-0.0675,0.3115,22.82,0.0705,-0.1179,1.37
1788242030.769,-0.0065,0.1964,24.75,-0.0695,0.3160,23.38,0.0705,-0.1179,1.37
1788242030.869,-0.0087,0.2009,25.32,-0.0716,0.3206,23.95,0.0705,-0.1179,1.37
1788242030.969,-0.0109,0.2054,25.90,-0.0736,0.3252,24.53,0.0705,-0.1179,1.37
1788242031.069,-0.0132,0.2099,26.47,-0.0759,0.3297,25.09,0.0705,-0.1179,1.37
1788242031.169,-0.0155,0.2144,27.04,-0.0780,0.3342,25.67,0.0705,-0.1179,1.37
1788242031.269,-0.0178,0.2188,27.62,-0.0802,0.3387,26.24,0.0705,-0.1179,1.37
1788242031.369,-0.0202,0.2231,28.17,-0.0826,0.3430,26.80,0.0705,-0.1179,1.37
1788242031.469,-0.0227,0.2275,28.75,-0.0849,0.3475,27.38,0.0705,-0.1179,1.37
1788242031.569,-0.0250,0.2319,29.32,-0.0871,0.3519,27.95,0.0705,-0.1179,1.37
1788242031.669,0.0554,0.1519,32.30,-0.0895,0.3561,28.51,0.1904,-0.2155,4.34
1788242031.769,0.0713,0.1370,33.41,-0.0920,0.3604,29.07,0.1904,-0.2155,4.34
1788242031.869,0.0685,0.1413,33.47,-0.0946,0.3650,29.13,0.1904,-0.2155,4.34
1788242031.969,0.0658,0.1455,33.46,-0.0969,0.3694,29.12,0.1904,-0.2155,4.34
1788242032.069,0.0631,0.1498,33.46,-0.0993,0.3739,29.12,0.1904,-0.2155,4.34
1788242032.169,0.0604,0.1542,33.45,-0.1017,0.3785,29.11,0.1904,-0.2155,4.34
1788242032.269,0.0574,0.1586,33.39,-0.1044,0.3830,29.05,0.1904,-0.2155,4.34
1788242032.369,0.0545,0.1627,32.84,-0.1069,0.3874,28.50,0.1904,-0.2155,4.34
1788242032.469,0.0516,0.1668,32.28,-0.1094,0.3917,27.94,0.1904,-0.2155,4.34
1788242032.569,0.0491,0.1710,31.71,-0.1116,0.3960,27.37,0.1904,-0.2155,4.34
1788242032.669,0.0463,0.1754,31.15,-0.1141,0.4006,26.80,0.1904,-0.2155,4.34
1788242032.769,0.0436,0.1797,30.76,-0.1164,0.4052,26.41,0.1904,-0.2155,4.34
1788242032.869,0.0413,0.1839,30.75,-0.1185,0.4095,26.41,0.1904,-0.2155,4.34
1788242032.969,0.0389,0.1881,30.76,-0.1205,0.4139,26.41,0.1904,-0.2155,4.34
1788242033.069,0.0365,0.1924,30.75,-0.1226,0.4184,26.41,0.1904,-0.2155,4.34
1788242033.169,0.0340,0.1967,30.74,-0.1247,0.4229,26.40,0.1904,-0.2155,4.34
1788242033.269,0.0315,0.2011,30.74,-0.1269,0.4274,26.40,0.1904,-0.2155,4.34
1788242033.369,0.0290,0.2053,30.74,-0.1291,0.4318,26.40,0.1904,-0.2155,4.34
1788242033.469,0.0262,0.2095,30.45,-0.1316,0.4362,26.10,0.1904,-0.2155,4.34
1788242033.569,0.0236,0.2140,29.88,-0.1338,0.4408,25.54,0.1904,-0.2155,4.34
1788242033.669,0.0210,0.2184,29.30,-0.1361,0.4455,24.96,0.1904,-0.2155,4.34
1788242033.769,0.0186,0.2227,28.74,-0.1382,0.4499,24.40,0.1904,-0.2155,4.34
1788242033.869,0.0160,0.2271,28.18,-0.1404,0.4545,23.84,0.1904,-0.2155,4.34
1788242033.969,0.0136,0.2315,27.61,-0.1425,0.4591,23.27,0.1904,-0.2155,4.34
1788242034.069,0.0112,0.2359,27.05,-0.1445,0.4636,22.71,0.1904,-0.2155,4.34
1788242034.169,0.0088,0.2403,26.50,-0.1466,0.4683,22.15,0.1904,-0.2155,4.34
1788242034.269,0.0068,0.2449,26.06,-0.1482,0.4730,21.71,0.1904,-0.2155,4.34
1788242034.369,0.0048,0.2495,26.03,-0.1499,0.4777,21.69,0.1904,-0.2155,4.34
1788242034.469,0.0027,0.2539,26.03,-0.1516,0.4822,21.68,0.1904,-0.2155,4.34
1788242034.569,0.0007,0.2582,26.03,-0.1533,0.4867,21.69,0.1904,-0.2155,4.34
1788242034.669,-0.0013,0.2625,26.04,-0.1550,0.4911,21.70,0.1904,-0.2155,4.34
1788242034.769,-0.0034,0.2670,26.03,-0.1567,0.4958,21.69,0.1904,-0.2155,4.34
1788242034.869,-0.0056,0.2716,26.02,-0.1586,0.5005,21.68,0.1904,-0.2155,4.34
1788242034.969,-0.0078,0.2762,26.02,-0.1604,0.5053,21.68,0.1904,-0.2155,4.34
1788242035.069,-0.0100,0.2807,26.01,-0.1623,0.5099,21.67,0.1904,-0.2155,4.34
1788242035.169,-0.0121,0.2850,26.02,-0.1640,0.5144,21.68,0.1904,-0.2155,4.34
1788242035.269,-0.0142,0.2894,26.03,-0.1658,0.5189,21.68,0.1904,-0.2155,4.34
1788242035.369,-0.0164,0.2939,26.02,-0.1676,0.5236,21.68,0.1904,-0.2155,4.34
1788242035.469,-0.0186,0.2985,26.02,-0.1695,0.5283,21.67,0.1904,-0.2155,4.34
1788242035.569,-0.0209,0.3031,26.02,-0.1714,0.5331,21.68,0.1904,-0.2155,4.34
1788242035.669,-0.0231,0.3076,26.02,-0.1733,0.5378,21.67,0.1904,-0.2155,4.34
1788242035.769,-0.0253,0.3121,26.02,-0.1751,0.5423,21.68,0.1904,-0.2155,4.34
1788242035.869,-0.0274,0.3165,26.02,-0.1769,0.5469,21.68,0.1904,-0.2155,4.34
1788242035.969,-0.0295,0.3209,26.03,-0.1786,0.5515,21.69,0.1904,-0.2155,4.34
1788242036.069,-0.0317,0.3254,26.02,-0.1805,0.5562,21.68,0.1904,-0.2155,4.34
1788242036.169,-0.0339,0.3300,26.02,-0.1824,0.5609,21.67,0.1904,-0.2155,4.34
1788242036.269,-0.0361,0.3345,26.01,-0.1843,0.5656,21.67,0.1904,-0.2155,4.34
1788242036.369,-0.0384,0.3392,25.86,-0.1861,0.5704,21.51,0.1904,-0.2155,4.34
1788242036.469,-0.0406,0.3435,25.31,-0.1880,0.5749,20.97,0.1904,-0.2155,4.34
1788242036.569,-0.0427,0.3482,24.74,-0.1898,0.5797,20.40,0.1904,-0.2155,4.34
1788242036.669,-0.0451,0.3528,24.16,-0.1918,0.5845,19.82,0.1904,-0.2155,4.34
1788242036.769,-0.0471,0.3573,23.61,-0.1935,0.5891,19.26,0.1904,-0.2155,4.34
1788242036.869,-0.0493,0.3619,23.04,-0.1953,0.5939,18.70,0.1904,-0.2155,4.34
1788242036.969,-0.0514,0.3666,22.46,-0.1970,0.5987,18.12,0.1904,-0.2155,4.34
1788242037.069,-0.0532,0.3711,21.91,-0.1985,0.6034,17.57,0.1904,-0.2155,4.34
1788242037.169,-0.0547,0.3759,21.81,-0.1997,0.6082,17.47,0.1904,-0.2155,4.34
1788242037.269,-0.0565,0.3805,21.80,-0.2010,0.6130,17.46,0.1904,-0.2155,4.34
1788242037.369,-0.0583,0.3852,21.80,-0.2025,0.6178,17.46,0.1904,-0.2155,4.34
1788242037.469,-0.0601,0.3899,21.80,-0.2040,0.6226,17.46,0.1904,-0.2155,4.34
1788242037.569,-0.0619,0.3946,21.80,-0.2054,0.6274,17.46,0.1904,-0.2155,4.34
1788242037.669,-0.0635,0.3990,21.81,-0.2067,0.6319,17.47,0.1904,-0.2155,4.34
1788242037.769,-0.0653,0.4035,21.81,-0.2081,0.6366,17.47,0.1904,-0.2155,4.34
1788242037.869,-0.0671,0.4082,21.80,-0.2096,0.6413,17.46,0.1904,-0.2155,4.34
1788242037.969,-0.0690,0.4129,21.80,-0.2111,0.6462,17.46,0.1904,-0.2155,4.34
1788242038.069,-0.0709,0.4175,21.79,-0.2126,0.6510,17.45,0.1904,-0.2155,4.34
1788242038.169,-0.0728,0.4222,21.79,-0.2142,0.6558,17.45,0.1904,-0.2155,4.34
1788242038.269,-0.0747,0.4269,21.79,-0.2157,0.6606,17.45,0.1904,-0.2155,4.34
1788242038.369,-0.0764,0.4314,21.79,-0.2171,0.6653,17.45,0.1904,-0.2155,4.34
1788242038.469,-0.0783,0.4361,21.79,-0.2186,0.6700,17.45,0.1904,-0.2155,4.34
1788242038.569,-0.0802,0.4408,21.78,-0.2201,0.6749,17.44,0.1904,-0.2155,4.34
1788242038.669,-0.0821,0.4456,21.78,-0.2217,0.6798,17.44,0.1904,-0.2155,4.34
1788242038.769,-0.0840,0.4503,21.78,-0.2232,0.6847,17.44,0.1904,-0.2155,4.34
1788242038.869,-0.0974,0.4592,21.93,-0.2247,0.6893,17.44,0.1663,-0.2030,4.71
1788242038.969,-0.1161,0.4698,22.16,-0.2261,0.6938,17.45,0.1663,-0.2030,4.71
1788242039.069,-0.1179,0.4744,22.16,-0.2276,0.6985,17.45,0.1663,-0.2030,4.71
1788242039.169,-0.1198,0.4791,22.16,-0.2291,0.7033,17.45,0.1663,-0.2030,4.71
1788242039.269,-0.1219,0.4840,21.86,-0.2308,0.7084,17.15,0.1663,-0.2030,4.71
1788242039.369,-0.1240,0.4886,21.32,-0.2325,0.7132,16.60,0.1663,-0.2030,4.71
1788242039.469,-0.1258,0.4931,20.76,-0.2339,0.7178,16.04,0.1663,-0.2030,4.71
1788242039.569,-0.1277,0.4979,20.18,-0.2355,0.7228,15.47,0.1663,-0.2030,4.71
1788242039.669,-0.1297,0.5026,19.62,-0.2370,0.7276,14.90,0.1663,-0.2030,4.71
1788242039.769,-0.1314,0.5072,19.06,-0.2383,0.7323,14.35,0.1663,-0.2030,4.71
1788242039.869,-0.1331,0.5119,18.48,-0.2396,0.7371,13.76,0.1663,-0.2030,4.71
1788242039.969,-0.1348,0.5168,17.90,-0.2410,0.7421,13.19,0.1663,-0.2030,4.71
1788242040.069,-0.1362,0.5214,17.35,-0.2420,0.7468,12.63,0.1663,-0.2030,4.71
1788242040.169,-0.1376,0.5262,16.76,-0.2430,0.7517,12.05,0.1663,-0.2030,4.71
1788242040.269,-0.1390,0.5309,16.19,-0.2440,0.7565,11.47,0.1663,-0.2030,4.71
1788242040.369,-0.1404,0.5356,15.62,-0.2450,0.7614,10.91,0.1663,-0.2030,4.71
1788242040.469,-0.1417,0.5404,15.05,-0.2459,0.7662,10.33,0.1663,-0.2030,4.71
1788242040.569,-0.1427,0.5454,14.67,-0.2465,0.7713,9.96,0.1663,-0.2030,4.71
1788242040.669,-0.1438,0.5502,14.67,-0.2471,0.7761,9.96,0.1663,-0.2030,4.71
1788242040.769,-0.1448,0.5549,14.68,-0.2478,0.7809,9.96,0.1663,-0.2030,4.71
1788242040.869,-0.1460,0.5597,14.68,-0.2486,0.7859,9.96,0.1663,-0.2030,4.71
1788242040.969,-0.1472,0.5646,14.67,-0.2494,0.7908,9.96,0.1663,-0.2030,4.71
1788242041.069,-0.1485,0.5694,14.68,-0.2503,0.7957,9.97,0.1663,-0.2030,4.71
1788242041.169,-0.1497,0.5743,14.68,-0.2511,0.8007,9.96,0.1663,-0.2030,4.71
1788242041.269,-0.1509,0.5791,14.68,-0.2519,0.8055,9.97,0.1663,-0.2030,4.71
1788242041.369,-0.1521,0.5838,14.69,-0.2527,0.8104,9.98,0.1663,-0.2030,4.71
1788242041.469,-0.1534,0.5887,14.68,-0.2535,0.8154,9.97,0.1663,-0.2030,4.71
1788242041.569,-0.1547,0.5937,14.68,-0.2544,0.8204,9.96,0.1663,-0.2030,4.71
1788242041.669,-0.1560,0.5987,14.68,-0.2553,0.8255,9.97,0.1663,-0.2030,4.71
1788242041.769,-0.1572,0.6035,14.68,-0.2562,0.8304,9.96,0.1663,-0.2030,4.71
1788242041.869,-0.1584,0.6082,14.66,-0.2569,0.8352,9.95,0.1663,-0.2030,4.71
1788242041.969,-0.1594,0.6128,14.68,-0.2576,0.8399,9.97,0.1663,-0.2030,4.71
1788242042.069,-0.1605,0.6176,14.68,-0.2583,0.8447,9.97,0.1663,-0.2030,4.71
1788242042.169,-0.1618,0.6224,14.68,-0.2592,0.8496,9.97,0.1663,-0.2030,4.71
1788242042.269,-0.1630,0.6273,14.68,-0.2600,0.8546,9.97,0.1663,-0.2030,4.71
1788242042.369,-0.1643,0.6322,14.68,-0.2609,0.8595,9.97,0.1663,-0.2030,4.71
1788242042.469,-0.1657,0.6371,14.67,-0.2619,0.8646,9.96,0.1663,-0.2030,4.71
1788242042.569,-0.1669,0.6419,14.68,-0.2627,0.8695,9.97,0.1663,-0.2030,4.71
1788242042.669,-0.1681,0.6467,14.68,-0.2635,0.8743,9.97,0.1663,-0.2030,4.71
1788242042.769,-0.1694,0.6516,14.68,-0.2644,0.8793,9.97,0.1663,-0.2030,4.71
1788242042.869,-0.1707,0.6565,14.68,-0.2653,0.8843,9.97,0.1663,-0.2030,4.71
1788242042.969,-0.1720,0.6613,14.68,-0.2662,0.8893,9.97,0.1663,-0.2030,4.71
1788242043.069,-0.1735,0.6663,14.33,-0.2673,0.8943,9.62,0.1663,-0.2030,4.71
1788242043.169,-0.1748,0.6711,13.78,-0.2681,0.8992,9.06,0.1663,-0.2030,4.71
1788242043.269,-0.1762,0.6761,13.21,-0.2691,0.9043,8.49,0.1663,-0.2030,4.71
1788242043.369,-0.1775,0.6811,12.63,-0.2700,0.9094,7.92,0.1663,-0.2030,4.71
1788242043.469,-0.1783,0.6860,12.39,-0.2704,0.9143,7.67,0.1663,-0.2030,4.71
1788242043.569,-0.1792,0.6908,12.38,-0.2709,0.9192,7.67,0.1663,-0.2030,4.71
1788242043.669,-0.1802,0.6957,12.38,-0.2715,0.9241,7.66,0.1663,-0.2030,4.71
1788242043.769,-0.1812,0.7006,12.38,-0.2721,0.9291,7.66,0.1663,-0.2030,4.71
1788242043.869,-0.1823,0.7055,12.37,-0.2728,0.9341,7.66,0.1663,-0.2030,4.71
1788242043.969,-0.1833,0.7104,12.37,-0.2734,0.9390,7.66,0.1663,-0.2030,4.71
1788242044.069,-0.1843,0.7152,12.38,-0.2740,0.9439,7.67,0.1663,-0.2030,4.71
1788242044.169,-0.1853,0.7200,12.38,-0.2746,0.9488,7.67,0.1663,-0.2030,4.71
1788242044.269,-0.1864,0.7249,12.38,-0.2753,0.9538,7.66,0.1663,-0.2030,4.71
1788242044.369,-0.1875,0.7298,12.37,-0.2760,0.9588,7.66,0.1663,-0.2030,4.71
1788242044.469,-0.1887,0.7348,12.37,-0.2767,0.9638,7.66,0.1663,-0.2030,4.71
1788242044.569,-0.1898,0.7398,12.37,-0.2775,0.9689,7.66,0.1663,-0.2030,4.71
1788242044.669,-0.1911,0.7447,11.92,-0.2783,0.9739,7.21,0.1663,-0.2030,4.71
1788242044.769,-0.1924,0.7496,11.37,-0.2792,0.9789,6.66,0.1663,-0.2030,4.71
1788242044.869,-0.1935,0.7546,10.80,-0.2800,0.9839,6.09,0.1663,-0.2030,4.71
1788242044.969,-0.1945,0.7596,10.25,-0.2806,0.9890,5.53,0.1663,-0.2030,4.71
1788242045.069,-0.1956,0.7646,9.69,-0.2812,0.9941,4.97,0.1663,-0.2030,4.71
1788242045.169,-0.1963,0.7695,9.26,-0.2815,0.9990,4.55,0.1663,-0.2030,4.71
1788242045.269,-0.1970,0.7743,9.24,-0.2818,1.0038,4.53,0.1663,-0.2030,4.71
1788242045.369,-0.1976,0.7790,9.23,-0.2820,1.0086,4.52,0.1663,-0.2030,4.71
1788242045.469,-0.1983,0.7838,9.22,-0.2823,1.0135,4.51,0.1663,-0.2030,4.71
1788242045.569,-0.1990,0.7887,9.21,-0.2826,1.0184,4.50,0.1663,-0.2030,4.71
1788242045.670,-0.2000,0.7938,9.02,-0.2832,1.0235,4.31,0.1663,-0.2030,4.71
1788242045.769,-0.2008,0.7989,8.48,-0.2835,1.0287,3.77,0.1663,-0.2030,4.71
1788242045.869,-0.2015,0.8038,7.91,-0.2838,1.0337,3.20,0.1663,-0.2030,4.71
1788242045.969,-0.2023,0.8088,7.35,-0.2842,1.0387,2.63,0.1663,-0.2030,4.71
1788242046.069,-0.2027,0.8137,6.92,-0.2842,1.0436,2.20,-0.0128,-0.2202,2.08
1788242046.169,-0.3350,0.8172,4.27,-0.2843,1.0484,2.19,-0.0128,-0.2202,2.08
1788242046.269,-0.3353,0.8222,4.27,-0.2844,1.0535,2.18,-0.0128,-0.2202,2.08
1788242046.369,-0.3357,0.8272,4.27,-0.2846,1.0584,2.19,-0.0128,-0.2202,2.08
1788242046.469,-0.3383,0.8312,4.28,-0.2871,1.0625,2.20,-0.0128,-0.2202,2.08
1788242046.569,-0.3415,0.8344,4.29,-0.2902,1.0658,2.20,-0.0128,-0.2202,2.08
1788242046.669,-0.3445,0.8374,4.29,-0.2930,1.0690,2.21,-0.0128,-0.2202,2.08
1788242046.769,-0.3478,0.8408,4.30,-0.2962,1.0724,2.21,-0.0128,-0.2202,2.08
1788242046.869,-0.3512,0.8440,4.29,-0.2995,1.0758,2.20,-0.0128,-0.2202,2.08
1788242046.969,-0.3546,0.8472,4.28,-0.3028,1.0791,2.19,-0.0128,-0.2202,2.08
1788242047.069,-0.3580,0.8504,4.27,-0.3061,1.0824,2.19,-0.0128,-0.2202,2.08
1788242047.169,-0.3614,0.8535,4.27,-0.3093,1.0857,2.18,-0.0128,-0.2202,2.08
1788242047.269,-0.3648,0.8567,4.27,-0.3126,1.0890,2.18,-0.0128,-0.2202,2.08
1788242047.369,-0.3683,0.8600,4.26,-0.3160,1.0924,2.18,-0.0128,-0.2202,2.08
1788242047.469,-0.3717,0.8632,4.26,-0.3193,1.0957,2.18,-0.0128,-0.2202,2.08
1788242047.569,-0.3751,0.8664,4.26,-0.3226,1.0990,2.18,-0.0128,-0.2202,2.08
1788242047.669,-0.3785,0.8696,4.27,-0.3258,1.1024,2.18,-0.0128,-0.2202,2.08
1788242047.769,-0.3797,0.8740,4.30,-0.3269,1.1068,2.22,-0.0128,-0.2202,2.08
1788242047.869,-0.3801,0.8791,4.30,-0.3272,1.1120,2.22,-0.0128,-0.2202,2.08
1788242047.969,-0.3806,0.8844,4.30,-0.3275,1.1172,2.22,-0.0128,-0.2202,2.08
1788242048.069,-0.3811,0.8896,4.30,-0.3277,1.1224,2.21,-0.0128,-0.2202,2.08
1788242048.169,-0.3814,0.8945,4.29,-0.3278,1.1274,2.21,-0.0128,-0.2202,2.08
1788242048.269,-0.3818,0.8995,3.94,-0.3280,1.1324,1.86,-0.0128,-0.2202,2.08
1788242048.369,-0.3821,0.9048,3.40,-0.3282,1.1377,1.31,-0.0128,-0.2202,2.08
1788242048.469,-0.3825,0.9099,2.86,-0.3284,1.1428,0.77,-0.0128,-0.2202,2.08
1788242048.569,-0.3827,0.9151,2.80,-0.3284,1.1480,0.72,-0.0128,-0.2202,2.08
1788242048.669,-0.3829,0.9201,2.80,-0.3284,1.1530,0.72,-0.0128,-0.2202,2.08
1788242048.769,-0.3832,0.9249,2.81,-0.3285,1.1578,0.73,-0.0128,-0.2202,2.08
1788242048.869,-0.3837,0.9301,2.46,-0.3289,1.1630,0.38,-0.0128,-0.2202,2.08
1788242048.969,-0.3840,0.9353,1.91,-0.3290,1.1682,-0.18,-0.0128,-0.2202,2.08
1788242049.069,-0.3842,0.9403,1.33,-0.3289,1.1732,-0.75,-0.0128,-0.2202,2.08
1788242049.169,-0.3840,0.9452,1.18,-0.3286,1.1781,-0.90,-0.0128,-0.2202,2.08
1788242049.269,-0.3841,0.9500,1.18,-0.3285,1.1829,-0.90,-0.0128,-0.2202,2.08
1788242049.369,-0.3842,0.9549,1.18,-0.3284,1.1878,-0.91,-0.0128,-0.2202,2.08
1788242049.469,-0.3843,0.9599,1.17,-0.3284,1.1928,-0.91,-0.0128,-0.2202,2.08
1788242049.569,-0.3844,0.9650,1.17,-0.3283,1.1979,-0.92,-0.0128,-0.2202,2.08
1788242049.669,-0.3845,0.9700,1.17,-0.3282,1.2030,-0.92,-0.0128,-0.2202,2.08
1788242049.769,-0.3846,0.9751,1.16,-0.3281,1.2080,-0.92,-0.0128,-0.2202,2.08
1788242049.869,-0.3846,0.9798,1.17,-0.3280,1.2128,-0.92,-0.0128,-0.2202,2.08
1788242049.969,-0.3847,0.9847,1.16,-0.3279,1.2177,-0.92,-0.0128,-0.2202,2.08
1788242050.069,-0.3848,0.9897,1.16,-0.3278,1.2227,-0.93,-0.0128,-0.2202,2.08
1788242050.169,-0.3849,0.9948,1.16,-0.3277,1.2277,-0.93,-0.0128,-0.2202,2.08
1788242050.269,-0.3850,0.9998,1.16,-0.3276,1.2328,-0.93,-0.0128,-0.2202,2.08
1788242050.369,-0.3851,1.0048,1.16,-0.3276,1.2377,-0.93,-0.0128,-0.2202,2.08
1788242050.469,-0.3852,1.0098,1.15,-0.3275,1.2428,-0.93,-0.0128,-0.2202,2.08
1788242050.569,-0.3853,1.0148,1.15,-0.3274,1.2478,-0.93,-0.0128,-0.2202,2.08
1788242050.669,-0.3854,1.0198,1.15,-0.3273,1.2527,-0.93,-0.0128,-0.2202,2.08
1788242050.769,-0.3855,1.0248,1.16,-0.3272,1.2577,-0.93,-0.0128,-0.2202,2.08
1788242050.869,-0.3856,1.0298,1.16,-0.3271,1.2627,-0.93,-0.0128,-0.2202,2.08
1788242050.969,-0.3857,1.0348,1.15,-0.3270,1.2677,-0.93,-0.0128,-0.2202,2.08
1788242051.069,-0.3858,1.0399,1.15,-0.3270,1.2728,-0.93,-0.0128,-0.2202,2.08
1788242051.169,-0.3859,1.0449,1.15,-0.3269,1.2778,-0.93,-0.0128,-0.2202,2.08
1788242051.269,-0.3860,1.0499,1.15,-0.3268,1.2828,-0.93,-0.0128,-0.2202,2.08
1788242051.369,-0.3861,1.0548,1.16,-0.3267,1.2877,-0.93,-0.0128,-0.2202,2.08
1788242051.469,-0.3862,1.0598,1.16,-0.3266,1.2927,-0.93,-0.0128,-0.2202,2.08
1788242051.569,-0.3863,1.0648,1.16,-0.3266,1.2977,-0.93,-0.0128,-0.2202,2.08
1788242051.669,-0.3865,1.0699,1.15,-0.3265,1.3028,-0.93,-0.0128,-0.2202,2.08
1788242051.769,-0.3866,1.0749,1.15,-0.3265,1.3078,-0.93,-0.0128,-0.2202,2.08
1788242051.869,-0.3866,1.0798,1.16,-0.3263,1.3127,-0.93,-0.0128,-0.2202,2.08
1788242051.969,-0.3867,1.0847,1.16,-0.3262,1.3176,-0.92,-0.0128,-0.2202,2.08
1788242052.069,-0.3866,1.0894,1.18,-0.3259,1.3223,-0.91,-0.0128,-0.2202,2.08
1788242052.169,-0.3866,1.0943,1.18,-0.3258,1.3272,-0.90,-0.0128,-0.2202,2.08
1788242052.269,-0.3868,1.0994,1.18,-0.3258,1.3323,-0.90,-0.0128,-0.2202,2.08
1788242052.369,-0.3870,1.1045,1.17,-0.3258,1.3375,-0.91,-0.0128,-0.2202,2.08
1788242052.469,-0.3872,1.1098,1.17,-0.3258,1.3427,-0.91,-0.0128,-0.2202,2.08
1788242052.569,-0.3874,1.1149,1.17,-0.3258,1.3478,-0.92,-0.0128,-0.2202,2.08
1788242052.669,-0.3875,1.1199,1.16,-0.3257,1.3528,-0.92,-0.0128,-0.2202,2.08
1788242052.769,-0.3876,1.1248,1.17,-0.3257,1.3578,-0.92,-0.0128,-0.2202,2.08
1788242052.869,-0.3877,1.1299,1.16,-0.3256,1.3628,-0.92,-0.0128,-0.2202,2.08
1788242052.969,-0.3879,1.1350,1.17,-0.3255,1.3679,-0.92,-0.0128,-0.2202,2.08
1788242053.069,-0.3880,1.1399,1.17,-0.3255,1.3728,-0.91,-0.0128,-0.2202,2.08
1788242053.169,-0.3881,1.1446,1.18,-0.3255,1.3776,-0.91,-0.0128,-0.2202,2.08
1788242053.269,-0.3882,1.1495,1.18,-0.3254,1.3824,-0.91,-0.0128,-0.2202,2.08
1788242053.369,-0.3882,1.1545,1.17,-0.3252,1.3875,-0.92,-0.0128,-0.2202,2.08
1788242053.469,-0.3883,1.1596,1.17,-0.3251,1.3925,-0.92,-0.0128,-0.2202,2.08
1788242053.569,-0.3885,1.1646,1.16,-0.3251,1.3975,-0.92,-0.0436,-0.2604,2.06
1788242053.669,-0.4187,1.1297,1.13,-0.3250,1.4026,-0.93,-0.0436,-0.2604,2.06
1788242053.769,-0.4188,1.1347,1.12,-0.3249,1.4077,-0.94,-0.0436,-0.2604,2.06
1788242053.869,-0.4189,1.1396,1.12,-0.3248,1.4126,-0.94,-0.0436,-0.2604,2.06
1788242053.969,-0.4189,1.1446,1.12,-0.3247,1.4175,-0.93,-0.0436,-0.2604,2.06
1788242054.069,-0.4190,1.1497,1.12,-0.3246,1.4227,-0.94,-0.0436,-0.2604,2.06
1788242054.169,-0.4191,1.1548,1.12,-0.3245,1.4277,-0.94,-0.0436,-0.2604,2.06
1788242054.269,-0.4192,1.1599,1.12,-0.3244,1.4328,-0.94,-0.0436,-0.2604,2.06
1788242054.369,-0.4193,1.1649,1.11,-0.3244,1.4378,-0.94,-0.0436,-0.2604,2.06
1788242054.469,-0.4191,1.1698,1.37,-0.3239,1.4427,-0.68,-0.0436,-0.2604,2.06
1788242054.569,-0.4192,1.1748,1.94,-0.3239,1.4477,-0.12,-0.0436,-0.2604,2.06
1788242054.669,-0.4195,1.1799,2.51,-0.3240,1.4528,0.46,-0.0436,-0.2604,2.06
1788242054.769,-0.4196,1.1848,3.09,-0.3239,1.4578,1.03,-0.0436,-0.2604,2.06
1788242054.869,-0.4199,1.1898,3.66,-0.3240,1.4627,1.60,-0.0436,-0.2604,2.06
1788242054.969,-0.4203,1.1948,4.23,-0.3243,1.4678,2.18,-0.0436,-0.2604,2.06
1788242055.069,-0.4206,1.1998,4.80,-0.3244,1.4727,2.75,-0.0436,-0.2604,2.06
1788242055.169,-0.4210,1.2047,5.37,-0.3246,1.4776,3.31,-0.0436,-0.2604,2.06
1788242055.269,-0.4217,1.2097,5.94,-0.3251,1.4827,3.89,-0.0436,-0.2604,2.06
1788242055.369,-0.4222,1.2145,6.51,-0.3254,1.4876,4.46,-0.0436,-0.2604,2.06
1788242055.469,-0.4228,1.2194,7.07,-0.3259,1.4924,5.01,-0.0436,-0.2604,2.06
1788242055.569,-0.4238,1.2245,7.38,-0.3266,1.4976,5.32,-0.0436,-0.2604,2.06
1788242055.669,-0.4243,1.2294,7.38,-0.3270,1.5025,5.32,-0.0436,-0.2604,2.06
1788242055.769,-0.4246,1.2343,7.37,-0.3271,1.5074,5.31,-0.0436,-0.2604,2.06
1788242055.869,-0.4221,1.2385,7.37,-0.3245,1.5115,5.31,-0.0436,-0.2604,2.06
1788242055.969,-0.4210,1.2425,7.32,-0.3232,1.5154,5.26,-0.0436,-0.2604,2.06
1788242056.069,-0.4218,1.2473,7.30,-0.3239,1.5203,5.25,-0.0436,-0.2604,2.06
1788242056.169,-0.4225,1.2525,7.30,-0.3244,1.5255,5.24,-0.0436,-0.2604,2.06
1788242056.269,-0.4233,1.2578,7.29,-0.3250,1.5309,5.24,-0.0436,-0.2604,2.06
1788242056.369,-0.4239,1.2630,7.30,-0.3255,1.5360,5.24,-0.0436,-0.2604,2.06
1788242056.469,-0.4246,1.2678,7.30,-0.3259,1.5409,5.24,-0.0436,-0.2604,2.06
1788242056.569,-0.4252,1.2727,7.30,-0.3263,1.5457,5.24,-0.0436,-0.2604,2.06
1788242056.669,-0.4258,1.2776,7.30,-0.3268,1.5507,5.25,-0.0436,-0.2604,2.06
1788242056.769,-0.4265,1.2826,7.30,-0.3273,1.5557,5.25,-0.0436,-0.2604,2.06
1788242056.869,-0.4271,1.2876,7.30,-0.3277,1.5608,5.25,-0.0436,-0.2604,2.06
1788242056.969,-0.4277,1.2927,7.30,-0.3282,1.5658,5.24,-0.0436,-0.2604,2.06
1788242057.069,-0.4283,1.2977,7.30,-0.3286,1.5709,5.24,-0.0436,-0.2604,2.06
1788242057.169,-0.4291,1.3023,7.31,-0.3292,1.5755,5.25,-0.0436,-0.2604,2.06
1788242057.269,-0.4298,1.3072,7.31,-0.3297,1.5804,5.26,-0.0436,-0.2604,2.06
1788242057.369,-0.4305,1.3121,7.31,-0.3302,1.5853,5.25,-0.0436,-0.2604,2.06
1788242057.469,-0.4311,1.3171,7.31,-0.3306,1.5904,5.25,-0.0436,-0.2604,2.06
1788242057.569,-0.4316,1.3222,7.31,-0.3310,1.5955,5.25,-0.0436,-0.2604,2.06
1788242057.669,-0.4323,1.3273,7.31,-0.3315,1.6006,5.25,-0.0436,-0.2604,2.06
1788242057.769,-0.4329,1.3321,7.30,-0.3319,1.6055,5.24,-0.0436,-0.2604,2.06
1788242057.869,-0.4336,1.3369,7.30,-0.3325,1.6102,5.24,-0.0436,-0.2604,2.06
1788242057.969,-0.4343,1.3418,7.30,-0.3330,1.6152,5.24,-0.0436,-0.2604,2.06
1788242058.069,-0.4349,1.3469,7.30,-0.3334,1.6203,5.24,-0.0436,-0.2604,2.06
1788242058.169,-0.4355,1.3520,7.30,-0.3338,1.6254,5.24,-0.0436,-0.2604,2.06
1788242058.269,-0.4361,1.3571,7.30,-0.3342,1.6305,5.24,-0.0436,-0.2604,2.06
1788242058.369,-0.4367,1.3621,7.30,-0.3346,1.6355,5.25,-0.0436,-0.2604,2.06
1788242058.469,-0.4374,1.3668,7.29,-0.3351,1.6403,5.24,-0.0436,-0.2604,2.06
1788242058.569,-0.4380,1.3717,7.29,-0.3356,1.6452,5.24,-0.0436,-0.2604,2.06
1788242058.669,-0.4387,1.3766,7.29,-0.3361,1.6501,5.24,-0.0436,-0.2604,2.06
1788242058.769,-0.4393,1.3817,7.30,-0.3365,1.6552,5.24,-0.0436,-0.2604,2.06
1788242058.869,-0.4399,1.3868,7.30,-0.3370,1.6603,5.24,-0.0436,-0.2604,2.06
1788242058.969,-0.4405,1.3918,7.30,-0.3374,1.6654,5.25,-0.0436,-0.2604,2.06
1788242059.069,-0.4412,1.3965,7.30,-0.3379,1.6701,5.25,-0.0436,-0.2604,2.06
1788242059.169,-0.4418,1.4014,7.31,-0.3384,1.6750,5.25,-0.0436,-0.2604,2.06
1788242059.269,-0.4425,1.4064,7.31,-0.3388,1.6800,5.25,-0.0436,-0.2604,2.06
1788242059.369,-0.4431,1.4113,7.31,-0.3393,1.6850,5.26,-0.0436,-0.2604,2.06
1788242059.469,-0.4437,1.4163,7.32,-0.3397,1.6900,5.26,-0.0436,-0.2604,2.06
1788242059.569,-0.4444,1.4214,7.32,-0.3402,1.6951,5.27,-0.0436,-0.2604,2.06
1788242059.669,-0.4450,1.4264,7.33,-0.3407,1.7000,5.27,-0.0436,-0.2604,2.06
1788242059.769,-0.4457,1.4310,7.32,-0.3412,1.7047,5.26,-0.0436,-0.2604,2.06
1788242059.869,-0.4463,1.4359,7.32,-0.3416,1.7096,5.26,-0.0436,-0.2604,2.06
1788242059.969,-0.4466,1.4408,7.56,-0.3418,1.7145,5.51,-0.0436,-0.2604,2.06
1788242060.069,-0.4474,1.4459,8.03,-0.3423,1.7197,5.97,-0.0436,-0.2604,2.06
1788242060.169,-0.4484,1.4512,8.04,-0.3431,1.7250,5.98,-0.0436,-0.2604,2.06
1788242060.269,-0.4491,1.4562,8.05,-0.3436,1.7300,5.99,-0.0436,-0.2604,2.06
1788242060.369,-0.4495,1.4609,8.03,-0.3439,1.7347,5.97,-0.0436,-0.2604,2.06
1788242060.469,-0.4504,1.4660,7.66,-0.3447,1.7398,5.60,-0.0436,-0.2604,2.06
1788242060.569,-0.4511,1.4707,7.13,-0.3452,1.7446,5.08,-0.0436,-0.2604,2.06
1788242060.669,-0.4515,1.4759,7.03,-0.3454,1.7498,4.98,-0.0436,-0.2604,2.06
1788242060.769,-0.4522,1.4810,7.02,-0.3459,1.7549,4.97,-0.0436,-0.2604,2.06
1788242060.869,-0.4643,1.4742,7.05,-0.3466,1.7603,4.77,-0.0506,-0.2775,2.43
1788242060.969,-0.4720,1.4713,6.66,-0.3470,1.7651,4.24,-0.0506,-0.2775,2.43
1788242061.069,-0.4724,1.4765,6.23,-0.3471,1.7702,3.80,-0.0506,-0.2775,2.43
1788242061.169,-0.4729,1.4815,6.21,-0.3474,1.7753,3.78,-0.0506,-0.2775,2.43
1788242061.269,-0.4734,1.4865,6.21,-0.3477,1.7803,3.78,-0.0506,-0.2775,2.43
1788242061.369,-0.4739,1.4913,6.21,-0.3480,1.7851,3.78,-0.0506,-0.2775,2.43
1788242061.469,-0.4744,1.4961,6.21,-0.3483,1.7900,3.78,-0.0506,-0.2775,2.43
1788242061.569,-0.4750,1.5011,6.20,-0.3486,1.7950,3.78,-0.0506,-0.2775,2.43
1788242061.669,-0.4755,1.5061,6.21,-0.3489,1.8000,3.78,-0.0506,-0.2775,2.43
1788242061.769,-0.4760,1.5112,6.20,-0.3493,1.8051,3.78,-0.0506,-0.2775,2.43
1788242061.869,-0.4766,1.5162,6.20,-0.3496,1.8101,3.77,-0.0506,-0.2775,2.43
1788242061.969,-0.4770,1.5209,6.20,-0.3499,1.8149,3.77,-0.0506,-0.2775,2.43
1788242062.069,-0.4775,1.5258,6.21,-0.3502,1.8197,3.78,-0.0506,-0.2775,2.43
1788242062.169,-0.4781,1.5307,6.21,-0.3505,1.8247,3.78,-0.0506,-0.2775,2.43
1788242062.269,-0.4786,1.5357,6.20,-0.3508,1.8296,3.77,-0.0506,-0.2775,2.43
1788242062.369,-0.4791,1.5407,6.20,-0.3511,1.8347,3.77,-0.0506,-0.2775,2.43
1788242062.469,-0.4797,1.5458,6.19,-0.3515,1.8398,3.77,-0.0506,-0.2775,2.43
1788242062.569,-0.4803,1.5508,6.19,-0.3519,1.8448,3.76,-0.0506,-0.2775,2.43
1788242062.669,-0.4808,1.5556,6.20,-0.3521,1.8497,3.77,-0.0506,-0.2775,2.43
1788242062.769,-0.4813,1.5605,6.21,-0.3525,1.8546,3.78,-0.0506,-0.2775,2.43
1788242062.869,-0.4818,1.5655,6.21,-0.3528,1.8596,3.78,-0.0506,-0.2775,2.43
1788242062.969,-0.4824,1.5705,6.20,-0.3531,1.8646,3.77,-0.0506,-0.2775,2.43
1788242063.069,-0.4829,1.5755,6.20,-0.3535,1.8696,3.77,-0.0506,-0.2775,2.43
1788242063.169,-0.4835,1.5805,6.19,-0.3539,1.8746,3.77,-0.0506,-0.2775,2.43
1788242063.269,-0.4841,1.5855,6.20,-0.3542,1.8797,3.77,-0.0506,-0.2775,2.43
1788242063.369,-0.4846,1.5903,6.20,-0.3545,1.8845,3.77,-0.0506,-0.2775,2.43
1788242063.469,-0.4851,1.5953,6.19,-0.3548,1.8895,3.77,-0.0506,-0.2775,2.43
1788242063.569,-0.4857,1.6004,6.19,-0.3551,1.8946,3.76,-0.0506,-0.2775,2.43
1788242063.669,-0.4863,1.6055,6.19,-0.3555,1.8998,3.76,-0.0506,-0.2775,2.43
1788242063.770,-0.4868,1.6105,6.19,-0.3559,1.9048,3.76,-0.0506,-0.2775,2.43
1788242063.869,-0.4874,1.6155,6.19,-0.3562,1.9098,3.76,-0.0506,-0.2775,2.43
1788242063.969,-0.4878,1.6203,6.20,-0.3564,1.9146,3.77,-0.0506,-0.2775,2.43
1788242064.070,-0.4883,1.6251,6.21,-0.3568,1.9194,3.78,-0.0506,-0.2775,2.43
1788242064.169,-0.4889,1.6301,6.21,-0.3571,1.9244,3.78,-0.0506,-0.2775,2.43
1788242064.269,-0.4895,1.6351,6.20,-0.3575,1.9294,3.78,-0.0506,-0.2775,2.43
1788242064.369,-0.4901,1.6400,6.20,-0.3579,1.9344,3.77,-0.0506,-0.2775,2.43
1788242064.469,-0.4906,1.6450,6.20,-0.3582,1.9394,3.77,-0.0506,-0.2775,2.43
1788242064.569,-0.4911,1.6499,6.20,-0.3585,1.9443,3.78,-0.0506,-0.2775,2.43
1788242064.669,-0.4917,1.6547,6.21,-0.3588,1.9491,3.78,-0.0506,-0.2775,2.43
1788242064.769,-0.4922,1.6598,6.21,-0.3592,1.9542,3.78,-0.0506,-0.2775,2.43
1788242064.869,-0.4928,1.6648,6.20,-0.3595,1.9593,3.77,-0.0506,-0.2775,2.43
1788242064.969,-0.4934,1.6700,6.20,-0.3599,1.9645,3.77,-0.0506,-0.2775,2.43
1788242065.069,-0.4940,1.6751,6.19,-0.3603,1.9696,3.76,-0.0506,-0.2775,2.43
1788242065.169,-0.4945,1.6801,6.19,-0.3606,1.9746,3.76,-0.0506,-0.2775,2.43
1788242065.269,-0.4949,1.6848,6.20,-0.3608,1.9793,3.77,-0.0506,-0.2775,2.43
1788242065.369,-0.4966,1.6891,6.20,-0.3623,1.9837,3.77,-0.0506,-0.2775,2.43
1788242065.469,-0.5000,1.6925,6.22,-0.3655,1.9872,3.79,-0.0506,-0.2775,2.43
1788242065.569,-0.5009,1.6972,6.21,-0.3662,1.9920,3.79,-0.0506,-0.2775,2.43
1788242065.669,-0.5014,1.7022,6.20,-0.3665,1.9969,3.77,-0.0506,-0.2775,2.43
1788242065.769,-0.5041,1.7060,6.18,-0.3691,2.0009,3.75,-0.0506,-0.2775,2.43
1788242065.869,-0.5052,1.7101,6.21,-0.3700,2.0051,3.79,-0.0506,-0.2775,2.43
1788242065.969,-0.5057,1.7152,6.22,-0.3703,2.0101,3.79,-0.0506,-0.2775,2.43
1788242066.069,-0.5064,1.7203,6.20,-0.3708,2.0153,3.77,-0.0506,-0.2775,2.43
1788242066.169,-0.5070,1.7256,5.70,-0.3711,2.0206,3.28,-0.0506,-0.2775,2.43
1788242066.269,-0.5077,1.7309,5.14,-0.3716,2.0259,2.72,-0.0506,-0.2775,2.43
1788242066.369,-0.5084,1.7360,4.59,-0.3721,2.0311,2.16,-0.0506,-0.2775,2.43
1788242066.469,-0.5090,1.7410,4.04,-0.3725,2.0360,1.61,-0.0506,-0.2775,2.43
1788242066.569,-0.5091,1.7459,3.74,-0.3724,2.0410,1.31,-0.0506,-0.2775,2.43
1788242066.669,-0.5094,1.7510,3.71,-0.3724,2.0460,1.29,-0.0506,-0.2775,2.43
1788242066.769,-0.5096,1.7559,3.70,-0.3725,2.0510,1.28,-0.0506,-0.2775,2.43
1788242066.869,-0.5101,1.7606,3.70,-0.3727,2.0557,1.28,-0.0506,-0.2775,2.43
1788242066.969,-0.5106,1.7656,3.21,-0.3731,2.0607,0.78,-0.0506,-0.2775,2.43
1788242067.069,-0.5107,1.7708,2.83,-0.3730,2.0659,0.41,-0.0506,-0.2775,2.43
1788242067.169,-0.5108,1.7758,2.81,-0.3729,2.0710,0.39,-0.0506,-0.2775,2.43
1788242067.269,-0.5109,1.7810,2.82,-0.3727,2.0761,0.39,-0.0506,-0.2775,2.43
1788242067.369,-0.5111,1.7860,2.81,-0.3727,2.0811,0.38,-0.0506,-0.2775,2.43
1788242067.469,-0.5114,1.7907,2.82,-0.3728,2.0859,0.39,-0.0506,-0.2775,2.43
1788242067.569,-0.5117,1.7956,2.82,-0.3729,2.0907,0.39,-0.0506,-0.2775,2.43
1788242067.669,-0.5121,1.8004,2.82,-0.3731,2.0955,0.40,-0.0506,-0.2775,2.43
1788242067.769,-0.5123,1.8053,2.82,-0.3731,2.1005,0.39,-0.0506,-0.2775,2.43
1788242067.869,-0.5125,1.8103,2.81,-0.3731,2.1055,0.38,-0.0506,-0.2775,2.43
1788242067.969,-0.5127,1.8154,2.80,-0.3731,2.1106,0.38,-0.0506,-0.2775,2.43
1788242068.069,-0.5157,1.8205,2.93,-0.3731,2.1156,0.37,-0.0389,-0.2709,3.20
1788242068.169,-0.5297,1.8256,3.57,-0.3731,2.1206,0.37,-0.0389,-0.2709,3.20
1788242068.269,-0.5302,1.8306,3.28,-0.3733,2.1256,0.08,-0.0389,-0.2709,3.20
1788242068.369,-0.5304,1.8360,2.72,-0.3732,2.1310,-0.48,-0.0389,-0.2709,3.20
1788242068.469,-0.5304,1.8412,2.39,-0.3730,2.1362,-0.81,-0.0389,-0.2709,3.20
1788242068.569,-0.5309,1.8462,2.28,-0.3731,2.1412,-0.92,-0.0389,-0.2709,3.20
1788242068.669,-0.5311,1.8510,1.74,-0.3730,2.1460,-1.46,-0.0389,-0.2709,3.20
1788242068.769,-0.5312,1.8561,1.16,-0.3729,2.1511,-2.04,-0.0389,-0.2709,3.20
1788242068.869,-0.5312,1.8612,0.84,-0.3727,2.1562,-2.36,-0.0389,-0.2709,3.20
1788242068.969,-0.5313,1.8661,0.82,-0.3724,2.1611,-2.37,-0.0389,-0.2709,3.20
1788242069.069,-0.5314,1.8710,0.82,-0.3722,2.1660,-2.38,-0.0389,-0.2709,3.20
1788242069.169,-0.5314,1.8759,0.82,-0.3720,2.1709,-2.37,-0.0389,-0.2709,3.20
1788242069.269,-0.5314,1.8809,0.82,-0.3717,2.1759,-2.38,-0.0389,-0.2709,3.20
1788242069.369,-0.5314,1.8860,0.82,-0.3714,2.1810,-2.38,-0.0389,-0.2709,3.20
1788242069.469,-0.5315,1.8910,0.82,-0.3712,2.1860,-2.38,-0.0389,-0.2709,3.20
1788242069.569,-0.5316,1.8958,0.83,-0.3711,2.1908,-2.37,-0.0389,-0.2709,3.20
1788242069.669,-0.5310,1.9007,0.86,-0.3702,2.1957,-2.34,-0.0389,-0.2709,3.20
1788242069.769,-0.5281,1.9044,0.88,-0.3671,2.1992,-2.32,-0.0389,-0.2709,3.20
1788242069.869,-0.5250,1.9082,0.88,-0.3638,2.2028,-2.32,-0.0389,-0.2709,3.20
1788242069.969,-0.5223,1.9120,0.86,-0.3609,2.2065,-2.34,-0.0389,-0.2709,3.20
1788242070.069,-0.5195,1.9156,0.84,-0.3579,2.2098,-2.36,-0.0389,-0.2709,3.20
1788242070.169,-0.5156,1.9165,0.85,-0.3539,2.2106,-2.35,-0.0389,-0.2709,3.20
1788242070.269,-0.5111,1.9164,0.84,-0.3495,2.2102,-2.36,-0.0389,-0.2709,3.20
1788242070.369,-0.5064,1.9164,0.83,-0.3448,2.2100,-2.36,-0.0389,-0.2709,3.20
1788242070.469,-0.5018,1.9164,0.83,-0.3401,2.2097,-2.37,-0.0389,-0.2709,3.20
1788242070.569,-0.4972,1.9164,0.83,-0.3355,2.2094,-2.37,-0.0389,-0.2709,3.20
1788242070.669,-0.4926,1.9164,0.83,-0.3309,2.2092,-2.37,-0.0389,-0.2709,3.20
1788242070.769,-0.4881,1.9164,0.83,-0.3265,2.2089,-2.37,-0.0389,-0.2709,3.20
1788242070.869,-0.4836,1.9164,0.83,-0.3220,2.2087,-2.37,-0.0389,-0.2709,3.20
1788242070.969,-0.4790,1.9164,0.83,-0.3174,2.2084,-2.37,-0.0389,-0.2709,3.20
1788242071.069,-0.4742,1.9165,0.83,-0.3127,2.2082,-2.37,-0.0389,-0.2709,3.20
1788242071.170,-0.4697,1.9165,0.83,-0.3081,2.2080,-2.37,-0.0389,-0.2709,3.20
1788242071.270,-0.4651,1.9166,0.83,-0.3035,2.2079,-2.37,-0.0389,-0.2709,3.20
1788242071.369,-0.4606,1.9167,0.83,-0.2990,2.2076,-2.36,-0.0389,-0.2709,3.20
1788242071.469,-0.4562,1.9167,0.83,-0.2946,2.2074,-2.37,-0.0389,-0.2709,3.20
1788242071.569,-0.4516,1.9168,0.83,-0.2901,2.2072,-2.37,-0.0389,-0.2709,3.20
1788242071.669,-0.4468,1.9169,0.84,-0.2853,2.2071,-2.36,-0.0389,-0.2709,3.20
1788242071.769,-0.4421,1.9169,0.85,-0.2806,2.2069,-2.35,-0.0389,-0.2709,3.20
1788242071.869,-0.4376,1.9170,0.85,-0.2760,2.2067,-2.35,-0.0389,-0.2709,3.20
1788242071.969,-0.4331,1.9170,0.86,-0.2716,2.2065,-2.34,-0.0389,-0.2709,3.20
1788242072.070,-0.4287,1.9170,0.85,-0.2671,2.2062,-2.34,-0.0389,-0.2709,3.20
1788242072.169,-0.4242,1.9170,0.85,-0.2626,2.2060,-2.35,-0.0389,-0.2709,3.20
1788242072.269,-0.4195,1.9172,0.84,-0.2580,2.2059,-2.36,-0.0389,-0.2709,3.20
1788242072.369,-0.4146,1.9174,0.84,-0.2531,2.2059,-2.36,-0.0389,-0.2709,3.20
1788242072.469,-0.4101,1.9175,0.85,-0.2485,2.2057,-2.35,-0.0389,-0.2709,3.20
1788242072.569,-0.4055,1.9176,0.86,-0.2439,2.2055,-2.34,-0.0389,-0.2709,3.20
1788242072.669,-0.4010,1.9177,0.87,-0.2394,2.2053,-2.33,-0.0389,-0.2709,3.20
1788242072.769,-0.3966,1.9176,0.86,-0.2350,2.2050,-2.34,-0.0389,-0.2709,3.20
1788242072.869,-0.3919,1.9177,0.85,-0.2304,2.2049,-2.35,-0.0389,-0.2709,3.20
1788242072.969,-0.3871,1.9179,0.85,-0.2256,2.2048,-2.35,-0.0389,-0.2709,3.20
1788242073.070,-0.3825,1.9181,0.85,-0.2209,2.2047,-2.35,-0.0389,-0.2709,3.20
1788242073.170,-0.3779,1.9180,0.86,-0.2163,2.2044,-2.34,-0.0389,-0.2709,3.20
1788242073.269,-0.3732,1.9180,0.87,-0.2117,2.2041,-2.33,-0.0389,-0.2709,3.20
1788242073.369,-0.3689,1.9179,0.86,-0.2074,2.2038,-2.34,-0.0389,-0.2709,3.20
1788242073.469,-0.3643,1.9179,0.85,-0.2028,2.2035,-2.35,-0.0389,-0.2709,3.20
1788242073.569,-0.3597,1.9181,0.84,-0.1982,2.2034,-2.36,-0.0389,-0.2709,3.20
1788242073.669,-0.3548,1.9184,0.83,-0.1933,2.2035,-2.37,-0.0389,-0.2709,3.20
1788242073.770,-0.3502,1.9185,0.83,-0.1887,2.2034,-2.37,-0.0389,-0.2709,3.20
1788242073.870,-0.3456,1.9185,0.84,-0.1841,2.2030,-2.36,-0.0389,-0.2709,3.20
1788242073.969,-0.3412,1.9184,0.84,-0.1797,2.2027,-2.36,-0.0389,-0.2709,3.20
1788242074.069,-0.3368,1.9183,0.83,-0.1754,2.2024,-2.37,-0.0389,-0.2709,3.20
1788242074.169,-0.3322,1.9185,0.84,-0.1708,2.2023,-2.36,-0.0389,-0.2709,3.20
1788242074.269,-0.3275,1.9187,0.85,-0.1660,2.2022,-2.35,-0.0389,-0.2709,3.20
1788242074.369,-0.3229,1.9188,0.86,-0.1614,2.2021,-2.34,-0.0389,-0.2709,3.20
1788242074.469,-0.3182,1.9188,0.87,-0.1567,2.2018,-2.33,-0.0389,-0.2709,3.20
1788242074.569,-0.3136,1.9188,0.86,-0.1522,2.2016,-2.34,-0.0389,-0.2709,3.20
1788242074.669,-0.3089,1.9188,0.87,-0.1475,2.2014,-2.33,-0.0389,-0.2709,3.20
1788242074.769,-0.3045,1.9189,0.86,-0.1430,2.2012,-2.34,-0.0389,-0.2709,3.20
1788242074.869,-0.2998,1.9190,0.84,-0.1383,2.2010,-2.36,-0.0389,-0.2709,3.20
1788242074.969,-0.2952,1.9192,0.85,-0.1337,2.2010,-2.35,-0.0389,-0.2709,3.20
1788242075.069,-0.2905,1.9191,0.86,-0.1291,2.2006,-2.34,-0.0389,-0.2709,3.20
1788242075.169,-0.2860,1.9191,0.87,-0.1245,2.2004,-2.33,-0.0389,-0.2709,3.20
1788242075.269,-0.2814,1.9191,0.87,-0.1200,2.2001,-2.33,-0.0389,-0.2709,3.20
1788242075.369,-0.2769,1.9192,0.86,-0.1155,2.1999,-2.34,-0.0389,-0.2709,3.20
1788242075.475,-0.2722,1.9194,0.86,-0.1108,2.1999,-2.34,-0.0389,-0.2709,3.20
1788242075.569,-0.2675,1.9196,0.85,-0.1061,2.1998,-2.35,-0.0389,-0.2709,3.20
1788242075.670,-0.2629,1.9196,0.86,-0.1015,2.1996,-2.33,-0.0389,-0.2709,3.20
1788242075.769,-0.2584,1.9197,0.87,-0.0969,2.1994,-2.33,-0.0389,-0.2709,3.20
1788242075.869,-0.2538,1.9196,0.86,-0.0924,2.1991,-2.33,-0.0389,-0.2709,3.20
1788242075.969,-0.2494,1.9195,0.85,-0.0880,2.1987,-2.35,-0.0389,-0.2709,3.20
1788242076.069,-0.2449,1.9196,0.84,-0.0835,2.1986,-2.36,-0.0389,-0.2709,3.20
1788242076.169,-0.2402,1.9200,0.83,-0.0788,2.1987,-2.37,-0.0389,-0.2709,3.20
1788242076.269,-0.2355,1.9202,0.84,-0.0741,2.1987,-2.36,-0.0389,-0.2709,3.20
1788242076.369,-0.2308,1.9202,0.85,-0.0694,2.1983,-2.35,-0.0389,-0.2709,3.20
1788242076.469,-0.2261,1.9201,0.85,-0.0647,2.1980,-2.35,-0.0389,-0.2709,3.20
1788242076.569,-0.2218,1.9200,0.84,-0.0604,2.1976,-2.36,-0.0389,-0.2709,3.20
1788242076.669,-0.2173,1.9198,0.83,-0.0559,2.1972,-2.37,-0.0389,-0.2709,3.20
1788242076.769,-0.2125,1.9200,0.81,-0.0511,2.1972,-2.39,-0.0389,-0.2709,3.20
1788242076.869,-0.2078,1.9203,0.82,-0.0464,2.1972,-2.38,-0.0389,-0.2709,3.20
1788242076.969,-0.2032,1.9202,0.84,-0.0418,2.1969,-2.36,-0.0389,-0.2709,3.20
1788242077.069,-0.1985,1.9204,0.86,-0.0372,2.1967,-2.34,-0.0389,-0.2709,3.20
1788242077.170,-0.1959,1.9388,0.49,-0.0328,2.1966,-2.33,-0.0745,-0.2330,2.37
1788242077.269,-0.1936,1.9604,0.03,-0.0283,2.1964,-2.34,-0.0745,-0.2330,2.37
1788242077.369,-0.1890,1.9604,0.01,-0.0237,2.1963,-2.36,-0.0745,-0.2330,2.37
1788242077.469,-0.1853,1.9576,-0.00,-0.0201,2.1933,-2.37,-0.0745,-0.2330,2.37
1788242077.569,-0.1820,1.9540,-0.01,-0.0170,2.1895,-2.38,-0.0745,-0.2330,2.37
1788242077.669,-0.1788,1.9503,-0.02,-0.0139,2.1857,-2.39,-0.0745,-0.2330,2.37
1788242077.769,-0.1755,1.9475,-0.03,-0.0108,2.1828,-2.40,-0.0745,-0.2330,2.37
1788242077.869,-0.1711,1.9472,-0.04,-0.0064,2.1823,-2.41,-0.0745,-0.2330,2.37
1788242077.969,-0.1666,1.9471,-0.03,-0.0019,2.1821,-2.40,-0.0745,-0.2330,2.37
1788242078.069,-0.1620,1.9471,-0.02,0.0027,2.1818,-2.39,-0.0745,-0.2330,2.37
1788242078.169,-0.1576,1.9470,-0.03,0.0071,2.1816,-2.40,-0.0745,-0.2330,2.37
1788242078.269,-0.1533,1.9468,-0.06,0.0114,2.1812,-2.43,-0.0745,-0.2330,2.37
1788242078.369,-0.1488,1.9468,-0.07,0.0159,2.1810,-2.44,-0.0745,-0.2330,2.37
1788242078.469,-0.1442,1.9470,-0.07,0.0205,2.1811,-2.44,-0.0745,-0.2330,2.37
1788242078.569,-0.1394,1.9471,-0.04,0.0253,2.1809,-2.42,-0.0745,-0.2330,2.37
1788242078.669,-0.1347,1.9471,-0.03,0.0299,2.1807,-2.40,-0.0745,-0.2330,2.37
1788242078.769,-0.1301,1.9471,-0.02,0.0346,2.1805,-2.39,-0.0745,-0.2330,2.37
1788242078.869,-0.1255,1.9471,-0.03,0.0392,2.1803,-2.40,-0.0745,-0.2330,2.37
1788242078.969,-0.1216,1.9491,-0.04,0.0432,2.1822,-2.41,-0.0745,-0.2330,2.37
1788242079.069,-0.1185,1.9530,-0.05,0.0464,2.1859,-2.42,-0.0745,-0.2330,2.37
1788242079.169,-0.1157,1.9570,-0.06,0.0494,2.1899,-2.43,-0.0745,-0.2330,2.37
1788242079.269,-0.1124,1.9606,-0.06,0.0528,2.1933,-2.43,-0.0745,-0.2330,2.37
1788242079.369,-0.1089,1.9626,-0.07,0.0564,2.1952,-2.44,-0.0745,-0.2330,2.37
1788242079.469,-0.1045,1.9627,-0.06,0.0608,2.1951,-2.43,-0.0745,-0.2330,2.37
1788242079.569,-0.0998,1.9627,-0.05,0.0655,2.1949,-2.42,-0.0745,-0.2330,2.37
1788242079.669,-0.0951,1.9626,-0.04,0.0702,2.1946,-2.41,-0.0745,-0.2330,2.37
1788242079.769,-0.0905,1.9625,-0.03,0.0748,2.1943,-2.40,-0.0745,-0.2330,2.37
1788242079.869,-0.0859,1.9625,-0.03,0.0794,2.1941,-2.40,-0.0745,-0.2330,2.37
1788242079.969,-0.0813,1.9625,-0.03,0.0840,2.1939,-2.40,-0.0745,-0.2330,2.37
1788242080.069,-0.0766,1.9624,-0.04,0.0887,2.1937,-2.41,-0.0745,-0.2330,2.37
1788242080.169,-0.0720,1.9625,-0.04,0.0933,2.1935,-2.41,-0.0745,-0.2330,2.37
1788242080.269,-0.0674,1.9624,-0.03,0.0979,2.1933,-2.40,-0.0745,-0.2330,2.37
1788242080.369,-0.0627,1.9624,-0.02,0.1025,2.1930,-2.39,-0.0745,-0.2330,2.37
1788242080.469,-0.0581,1.9624,-0.02,0.1071,2.1929,-2.39,-0.0745,-0.2330,2.37
1788242080.569,-0.0536,1.9632,-0.03,0.1117,2.1934,-2.40,-0.0745,-0.2330,2.37
1788242080.669,-0.0503,1.9660,-0.03,0.1151,2.1961,-2.40,-0.0745,-0.2330,2.37
1788242080.769,-0.0478,1.9682,-0.05,0.1177,2.1983,-2.42,-0.0745,-0.2330,2.37
1788242080.869,-0.0478,1.9732,-0.07,0.1179,2.2032,-2.44,-0.0745,-0.2330,2.37
1788242080.969,-0.0480,1.9785,-0.11,0.1179,2.2086,-2.48,-0.0745,-0.2330,2.37
1788242081.069,-0.0482,1.9838,-0.66,0.1179,2.2138,-3.03,-0.0745,-0.2330,2.37
1788242081.169,-0.0483,1.9890,-1.23,0.1180,2.2190,-3.60,-0.0745,-0.2330,2.37
1788242081.269,-0.0482,1.9940,-1.80,0.1183,2.2240,-4.17,-0.0745,-0.2330,2.37
1788242081.369,-0.0482,1.9991,-2.37,0.1185,2.2291,-4.74,-0.0745,-0.2330,2.37
1788242081.469,-0.0481,2.0041,-2.92,0.1189,2.2341,-5.29,-0.0745,-0.2330,2.37
1788242081.569,-0.0478,2.0092,-3.51,0.1194,2.2391,-5.88,-0.0745,-0.2330,2.37
1788242081.669,-0.0477,2.0143,-4.08,0.1197,2.2443,-6.45,-0.0745,-0.2330,2.37
1788242081.769,-0.0473,2.0191,-4.64,0.1202,2.2490,-7.01,-0.0745,-0.2330,2.37
1788242081.869,-0.0468,2.0241,-5.22,0.1209,2.2540,-7.59,-0.0745,-0.2330,2.37
1788242081.969,-0.0465,2.0291,-5.80,0.1215,2.2591,-8.17,-0.0745,-0.2330,2.37
1788242082.069,-0.0460,2.0340,-6.35,0.1221,2.2639,-8.72,-0.0745,-0.2330,2.37
1788242082.169,-0.0454,2.0389,-6.94,0.1230,2.2688,-9.31,-0.0745,-0.2330,2.37
1788242082.269,-0.0448,2.0440,-7.53,0.1238,2.2738,-9.90,-0.0745,-0.2330,2.37
1788242082.369,-0.0442,2.0488,-8.08,0.1246,2.2786,-10.45,-0.1280,-0.3036,4.54
1788242082.469,-0.1837,1.9827,-6.49,0.1255,2.2836,-11.03,-0.1280,-0.3036,4.54
1788242082.569,-0.1833,1.9877,-7.06,0.1263,2.2885,-11.60,-0.1280,-0.3036,4.54
1788242082.669,-0.1826,1.9925,-7.61,0.1274,2.2933,-12.15,-0.1280,-0.3036,4.54
1788242082.769,-0.1819,1.9975,-8.18,0.1286,2.2982,-12.73,-0.1280,-0.3036,4.54
1788242082.869,-0.1811,2.0026,-8.77,0.1297,2.3032,-13.31,-0.1280,-0.3036,4.54
1788242082.969,-0.1805,2.0075,-9.31,0.1307,2.3080,-13.85,-0.1280,-0.3036,4.54
1788242083.069,-0.1797,2.0124,-9.88,0.1319,2.3128,-14.42,-0.1280,-0.3036,4.54
1788242083.169,-0.1788,2.0173,-10.47,0.1332,2.3177,-15.01,-0.1280,-0.3036,4.54
1788242083.269,-0.1775,2.0222,-10.82,0.1348,2.3225,-15.36,-0.1280,-0.3036,4.54
1788242083.369,-0.1764,2.0269,-10.80,0.1363,2.3271,-15.34,-0.1280,-0.3036,4.54
1788242083.469,-0.1753,2.0318,-10.79,0.1378,2.3318,-15.33,-0.1280,-0.3036,4.54
1788242083.569,-0.1742,2.0368,-10.79,0.1393,2.3367,-15.33,-0.1280,-0.3036,4.54
1788242083.669,-0.1730,2.0418,-10.79,0.1409,2.3417,-15.33,-0.1280,-0.3036,4.54
1788242083.769,-0.1719,2.0470,-10.78,0.1424,2.3468,-15.32,-0.1280,-0.3036,4.54
1788242083.869,-0.1709,2.0520,-10.80,0.1437,2.3516,-15.34,-0.1280,-0.3036,4.54
1788242083.969,-0.1702,2.0569,-11.30,0.1448,2.3564,-15.84,-0.1280,-0.3036,4.54
1788242084.069,-0.1693,2.0617,-11.87,0.1462,2.3612,-16.41,-0.1280,-0.3036,4.54
1788242084.169,-0.1682,2.0668,-12.45,0.1476,2.3661,-16.99,-0.1280,-0.3036,4.54
1788242084.269,-0.1672,2.0716,-13.01,0.1490,2.3709,-17.55,-0.1280,-0.3036,4.54
1788242084.369,-0.1662,2.0765,-13.58,0.1504,2.3757,-18.12,-0.1280,-0.3036,4.54
1788242084.469,-0.1650,2.0814,-14.16,0.1520,2.3805,-18.71,-0.1280,-0.3036,4.54
1788242084.569,-0.1635,2.0862,-14.40,0.1538,2.3851,-18.95,-0.1280,-0.3036,4.54
1788242084.669,-0.1622,2.0909,-14.41,0.1556,2.3897,-18.95,-0.1280,-0.3036,4.54
1788242084.769,-0.1609,2.0957,-14.41,0.1573,2.3944,-18.95,-0.1280,-0.3036,4.54
1788242084.869,-0.1595,2.1006,-14.41,0.1590,2.3992,-18.95,-0.1280,-0.3036,4.54
1788242084.969,-0.1582,2.1055,-14.41,0.1607,2.4040,-18.95,-0.1280,-0.3036,4.54
1788242085.069,-0.1569,2.1104,-14.42,0.1624,2.4087,-18.96,-0.1280,-0.3036,4.54
1788242085.169,-0.1556,2.1150,-14.41,0.1640,2.4133,-18.95,-0.1280,-0.3036,4.54
1788242085.269,-0.1533,2.1191,-14.37,0.1667,2.4171,-18.91,-0.1280,-0.3036,4.54
1788242085.369,-0.1495,2.1221,-14.34,0.1707,2.4198,-18.88,-0.1280,-0.3036,4.54
1788242085.469,-0.1457,2.1251,-14.33,0.1747,2.4225,-18.87,-0.1280,-0.3036,4.54
1788242085.569,-0.1420,2.1280,-14.35,0.1786,2.4251,-18.89,-0.1280,-0.3036,4.54
1788242085.669,-0.1384,2.1307,-14.37,0.1824,2.4275,-18.91,-0.1280,-0.3036,4.54
1788242085.769,-0.1372,2.1354,-14.39,0.1840,2.4321,-18.93,-0.1280,-0.3036,4.54
1788242085.869,-0.1359,2.1403,-14.39,0.1856,2.4369,-18.93,-0.1280,-0.3036,4.54
1788242085.969,-0.1347,2.1452,-14.40,0.1872,2.4417,-18.94,-0.1280,-0.3036,4.54
1788242086.069,-0.1334,2.1502,-14.41,0.1889,2.4466,-18.95,-0.1280,-0.3036,4.54
1788242086.169,-0.1325,2.1554,-14.83,0.1903,2.4517,-19.37,-0.1280,-0.3036,4.54
1788242086.269,-0.1312,2.1605,-15.40,0.1919,2.4566,-19.94,-0.1280,-0.3036,4.54
1788242086.369,-0.1300,2.1655,-15.97,0.1935,2.4616,-20.51,-0.1280,-0.3036,4.54
1788242086.469,-0.1282,2.1702,-16.15,0.1957,2.4660,-20.69,-0.1280,-0.3036,4.54
1788242086.569,-0.1268,2.1748,-16.15,0.1975,2.4706,-20.69,-0.1280,-0.3036,4.54
1788242086.669,-0.1251,2.1796,-15.66,0.1996,2.4752,-20.20,-0.1280,-0.3036,4.54
1788242086.769,-0.1236,2.1842,-15.11,0.2014,2.4797,-19.65,-0.1280,-0.3036,4.54
1788242086.869,-0.1226,2.1891,-14.54,0.2028,2.4845,-19.08,-0.1280,-0.3036,4.54
1788242086.969,-0.1215,2.1941,-13.98,0.2043,2.4894,-18.53,-0.1280,-0.3036,4.54
1788242087.069,-0.1204,2.1990,-13.42,0.2057,2.4941,-17.96,-0.1280,-0.3036,4.54
1788242087.169,-0.1194,2.2038,-12.85,0.2072,2.4989,-17.40,-0.1280,-0.3036,4.54
1788242087.269,-0.1183,2.2088,-12.28,0.2086,2.5038,-16.82,-0.1280,-0.3036,4.54
1788242087.369,-0.1173,2.2137,-11.70,0.2101,2.5086,-16.25,-0.1280,-0.3036,4.54
1788242087.469,-0.1163,2.2185,-11.14,0.2114,2.5132,-15.68,-0.1280,-0.3036,4.54
1788242087.569,-0.1152,2.2232,-10.58,0.2128,2.5179,-15.12,-0.1280,-0.3036,4.54
1788242087.669,-0.1143,2.2281,-10.01,0.2142,2.5227,-14.55,-0.1280,-0.3036,4.54
1788242087.769,-0.1135,2.2331,-9.44,0.2154,2.5276,-13.98,-0.1280,-0.3036,4.54
1788242087.869,-0.1127,2.2381,-8.87,0.2165,2.5325,-13.41,-0.1280,-0.3036,4.54
1788242087.969,-0.1120,2.2430,-8.31,0.2176,2.5373,-12.85,-0.1280,-0.3036,4.54
1788242088.069,-0.1114,2.2480,-7.75,0.2186,2.5423,-12.29,-0.1280,-0.3036,4.54
1788242088.169,-0.1108,2.2531,-7.17,0.2196,2.5473,-11.71,-0.1280,-0.3036,4.54
1788242088.269,-0.1103,2.2583,-6.91,0.2205,2.5525,-11.45,-0.1280,-0.3036,4.54
1788242088.369,-0.1082,2.2626,-6.91,0.2230,2.5566,-11.45,-0.1280,-0.3036,4.54
1788242088.469,-0.1047,2.2657,-6.95,0.2267,2.5594,-11.49,-0.1280,-0.3036,4.54
1788242088.569,-0.1013,2.2688,-6.97,0.2303,2.5623,-11.51,-0.1280,-0.3036,4.54
1788242088.669,-0.0979,2.2721,-6.98,0.2340,2.5652,-11.52,-0.1280,-0.3036,4.54
1788242088.769,-0.0944,2.2752,-7.00,0.2377,2.5681,-11.54,-0.1280,-0.3036,4.54
1788242088.869,-0.0925,2.2792,-7.03,0.2399,2.5719,-11.57,-0.1280,-0.3036,4.54
1788242088.969,-0.0919,2.2842,-7.05,0.2409,2.5769,-11.59,-0.1280,-0.3036,4.54
1788242089.070,-0.0911,2.2893,-6.91,0.2421,2.5819,-11.45,-0.1280,-0.3036,4.54
1788242089.169,-0.0905,2.2944,-6.34,0.2431,2.5869,-10.88,-0.1280,-0.3036,4.54
1788242089.269,-0.0898,2.2993,-5.77,0.2442,2.5917,-10.31,-0.1280,-0.3036,4.54
1788242089.369,-0.0893,2.3042,-5.19,0.2451,2.5966,-9.73,-0.1280,-0.3036,4.54
1788242089.469,-0.0889,2.3093,-4.61,0.2459,2.6016,-9.15,-0.1280,-0.3036,4.54
1788242089.569,-0.0886,2.3143,-4.04,0.2466,2.6066,-8.58,-0.1280,-0.3036,4.54
1788242089.669,-0.0883,2.3193,-3.48,0.2473,2.6115,-8.02,-0.1280,-0.3036,4.54
1788242089.769,-0.0881,2.3243,-2.90,0.2479,2.6165,-7.44,-0.1280,-0.3036,4.54
1788242089.869,-0.0955,2.3360,-2.59,0.2485,2.6214,-6.87,-0.2805,-0.2499,2.51
1788242089.969,-0.1470,2.3852,-4.05,0.2490,2.6267,-6.56,-0.2805,-0.2499,2.51
1788242090.069,-0.1466,2.3901,-4.05,0.2496,2.6316,-6.57,-0.2805,-0.2499,2.51
1788242090.169,-0.1462,2.3952,-4.06,0.2502,2.6366,-6.58,-0.2805,-0.2499,2.51
1788242090.269,-0.1456,2.4003,-3.97,0.2510,2.6418,-6.48,-0.2805,-0.2499,2.51
1788242090.369,-0.1453,2.4054,-3.42,0.2515,2.6468,-5.94,-0.2805,-0.2499,2.51
1788242090.469,-0.1450,2.4105,-2.86,0.2520,2.6519,-5.38,-0.2805,-0.2499,2.51
1788242090.569,-0.1448,2.4155,-2.30,0.2525,2.6569,-4.81,-0.2805,-0.2499,2.51
1788242090.669,-0.1445,2.4204,-1.72,0.2530,2.6618,-4.24,-0.2805,-0.2499,2.51
1788242090.769,-0.1445,2.4251,-1.17,0.2532,2.6665,-3.68,-0.2805,-0.2499,2.51
1788242090.869,-0.1445,2.4301,-0.60,0.2534,2.6715,-3.11,-0.2805,-0.2499,2.51
1788242090.969,-0.1445,2.4355,-0.45,0.2536,2.6768,-2.97,-0.2805,-0.2499,2.51
1788242091.069,-0.1444,2.4407,-0.46,0.2539,2.6820,-2.97,-0.2805,-0.2499,2.51
1788242091.169,-0.1443,2.4456,-0.47,0.2543,2.6869,-2.98,-0.2805,-0.2499,2.51
1788242091.269,-0.1443,2.4505,-0.47,0.2545,2.6918,-2.98,-0.2805,-0.2499,2.51
1788242091.369,-0.1443,2.4554,-0.46,0.2548,2.6968,-2.98,-0.2805,-0.2499,2.51
1788242091.469,-0.1443,2.4605,-0.46,0.2550,2.7018,-2.97,-0.2805,-0.2499,2.51
1788242091.569,-0.1442,2.4655,-0.46,0.2552,2.7068,-2.97,-0.2805,-0.2499,2.51
1788242091.669,-0.1439,2.4705,-0.10,0.2557,2.7118,-2.61,-0.2805,-0.2499,2.51
1788242091.769,-0.1440,2.4755,0.45,0.2559,2.7168,-2.06,-0.2805,-0.2499,2.51
1788242091.869,-0.1441,2.4807,0.55,0.2561,2.7220,-1.97,-0.2805,-0.2499,2.51
1788242091.969,-0.1441,2.4858,0.54,0.2563,2.7271,-1.97,-0.2805,-0.2499,2.51
1788242092.069,-0.1441,2.4908,0.54,0.2565,2.7320,-1.98,-0.2805,-0.2499,2.51
1788242092.169,-0.1441,2.4956,0.53,0.2567,2.7369,-1.98,-0.2805,-0.2499,2.51
1788242092.269,-0.1441,2.5005,0.53,0.2569,2.7418,-1.99,-0.2805,-0.2499,2.51
1788242092.369,-0.1423,2.5047,0.54,0.2589,2.7459,-1.98,-0.2805,-0.2499,2.51
1788242092.469,-0.1392,2.5084,0.53,0.2621,2.7495,-1.99,-0.2805,-0.2499,2.51
1788242092.569,-0.1386,2.5132,0.51,0.2630,2.7542,-2.00,-0.2805,-0.2499,2.51
1788242092.669,-0.1387,2.5182,0.50,0.2631,2.7592,-2.01,-0.2805,-0.2499,2.51
1788242092.769,-0.1365,2.5226,0.51,0.2654,2.7635,-2.00,-0.2805,-0.2499,2.51
1788242092.869,-0.1338,2.5261,0.53,0.2683,2.7669,-1.98,-0.2805,-0.2499,2.51
1788242092.969,-0.1330,2.5306,0.51,0.2693,2.7714,-2.00,-0.2805,-0.2499,2.51
1788242093.069,-0.1331,2.5358,0.51,0.2694,2.7765,-2.00,-0.2805,-0.2499,2.51
1788242093.169,-0.1327,2.5410,0.53,0.2700,2.7818,-1.99,-0.2805,-0.2499,2.51
1788242093.269,-0.1303,2.5449,0.57,0.2727,2.7856,-1.94,-0.2805,-0.2499,2.51
1788242093.369,-0.1297,2.5493,0.55,0.2734,2.7899,-1.96,-0.2805,-0.2499,2.51
1788242093.469,-0.1299,2.5543,0.55,0.2735,2.7949,-1.96,-0.2805,-0.2499,2.51
1788242093.569,-0.1299,2.5595,0.54,0.2736,2.8001,-1.97,-0.2805,-0.2499,2.51
1788242093.669,-0.1300,2.5647,0.54,0.2737,2.8053,-1.97,-0.2805,-0.2499,2.51
1788242093.769,-0.1302,2.5699,0.55,0.2738,2.8105,-1.97,-0.2805,-0.2499,2.51
1788242093.869,-0.1302,2.5750,0.54,0.2740,2.8156,-1.97,-0.2805,-0.2499,2.51
1788242093.969,-0.1304,2.5797,0.55,0.2741,2.8203,-1.96,-0.2805,-0.2499,2.51
1788242094.069,-0.1306,2.5845,0.56,0.2741,2.8251,-1.96,-0.2805,-0.2499,2.51
1788242094.169,-0.1306,2.5895,0.56,0.2743,2.8301,-1.96,-0.2805,-0.2499,2.51
1788242094.269,-0.1306,2.5946,0.55,0.2745,2.8352,-1.96,-0.2805,-0.2499,2.51
1788242094.369,-0.1307,2.5998,0.55,0.2747,2.8404,-1.96,-0.2805,-0.2499,2.51
1788242094.469,-0.1308,2.6050,0.55,0.2748,2.8455,-1.97,-0.2805,-0.2499,2.51
1788242094.569,-0.1307,2.6099,0.55,0.2750,2.8505,-1.97,-0.2805,-0.2499,2.51
1788242094.669,-0.1310,2.6146,0.55,0.2750,2.8552,-1.96,-0.2805,-0.2499,2.51
1788242094.769,-0.1310,2.6195,0.55,0.2752,2.8601,-1.96,-0.2805,-0.2499,2.51
1788242094.869,-0.1310,2.6246,0.56,0.2754,2.8652,-1.96,-0.2805,-0.2499,2.51
1788242094.969,-0.1310,2.6298,0.56,0.2757,2.8703,-1.96,-0.2805,-0.2499,2.51
1788242095.069,-0.1309,2.6350,0.55,0.2759,2.8755,-1.96,-0.2805,-0.2499,2.51
1788242095.169,-0.1309,2.6399,0.55,0.2762,2.8805,-1.96,-0.2805,-0.2499,2.51
1788242095.269,-0.1312,2.6445,0.55,0.2761,2.8851,-1.96,-0.2805,-0.2499,2.51
1788242095.369,-0.1314,2.6493,0.55,0.2761,2.8898,-1.96,-0.2805,-0.2499,2.51
1788242095.469,-0.1314,2.6543,0.55,0.2763,2.8948,-1.96,-0.2805,-0.2499,2.51
1788242095.569,-0.1313,2.6595,0.55,0.2766,2.9000,-1.96,-0.2805,-0.2499,2.51
1788242095.669,-0.1314,2.6647,0.55,0.2768,2.9052,-1.97,-0.2805,-0.2499,2.51
1788242095.769,-0.1314,2.6700,0.55,0.2770,2.9105,-1.96,-0.2805,-0.2499,2.51
1788242095.869,-0.1313,2.6749,0.55,0.2773,2.9155,-1.96,-0.2805,-0.2499,2.51
1788242095.969,-0.1315,2.6797,0.55,0.2773,2.9202,-1.96,-0.2805,-0.2499,2.51
1788242096.069,-0.1315,2.6846,0.55,0.2776,2.9252,-1.96,-0.2805,-0.2499,2.51
1788242096.169,-0.1315,2.6897,0.55,0.2778,2.9302,-1.96,-0.2805,-0.2499,2.51
1788242096.269,-0.1315,2.6947,0.55,0.2780,2.9353,-1.97,-0.2805,-0.2499,2.51
1788242096.369,-0.1315,2.6999,0.54,0.2782,2.9404,-1.97,-0.2805,-0.2499,2.51
1788242096.469,-0.1315,2.7049,0.54,0.2784,2.9454,-1.97,-0.2805,-0.2499,2.51
1788242096.569,-0.1317,2.7096,0.53,0.2785,2.9501,-1.98,-0.2805,-0.2499,2.51
1788242096.669,-0.1317,2.7146,0.53,0.2787,2.9551,-1.98,-0.2805,-0.2499,2.51
1788242096.769,-0.1316,2.7197,0.53,0.2789,2.9603,-1.98,-0.2805,-0.2499,2.51
1788242096.869,-0.1317,2.7249,0.53,0.2792,2.9654,-1.98,-0.2805,-0.2499,2.51
1788242096.969,-0.1317,2.7301,0.53,0.2793,2.9706,-1.98,-0.2805,-0.2499,2.51
1788242097.069,-0.1317,2.7352,0.53,0.2795,2.9757,-1.98,-0.2805,-0.2499,2.51
1788242097.169,-0.1317,2.7401,0.54,0.2798,2.9806,-1.98,-0.2805,-0.2499,2.51
1788242097.269,-0.1446,2.7548,-0.10,0.2799,2.9853,-1.98,-0.3262,-0.2381,1.88
1788242097.369,-0.1446,2.7598,-0.10,0.2801,2.9903,-1.98,-0.3262,-0.2381,1.88
1788242097.469,-0.1446,2.7649,-0.09,0.2803,2.9954,-1.98,-0.3262,-0.2381,1.88
1788242097.569,-0.1446,2.7700,-0.09,0.2805,3.0005,-1.98,-0.3262,-0.2381,1.88
1788242097.669,-0.1446,2.7751,-0.09,0.2806,3.0056,-1.97,-0.3262,-0.2381,1.88
1788242097.769,-0.1445,2.7798,-0.09,0.2809,3.0103,-1.98,-0.3262,-0.2381,1.88
1788242097.869,-0.1445,2.7844,-0.10,0.2810,3.0149,-1.99,-0.3262,-0.2381,1.88
1788242097.969,-0.1445,2.7895,-0.10,0.2812,3.0200,-1.98,-0.3262,-0.2381,1.88
1788242098.069,-0.1445,2.7946,-0.09,0.2814,3.0251,-1.98,-0.3262,-0.2381,1.88
1788242098.169,-0.1445,2.7999,-0.09,0.2815,3.0303,-1.97,-0.3262,-0.2381,1.88
1788242098.269,-0.1445,2.8051,-0.09,0.2817,3.0355,-1.97,-0.3262,-0.2381,1.88
1788242098.369,-0.1445,2.8100,-0.08,0.2819,3.0405,-1.97,-0.3262,-0.2381,1.88
1788242098.469,-0.1443,2.8147,-0.09,0.2822,3.0452,-1.97,-0.3262,-0.2381,1.88
1788242098.569,-0.1444,2.8195,-0.09,0.2823,3.0499,-1.97,-0.3262,-0.2381,1.88
1788242098.669,-0.1444,2.8246,-0.08,0.2825,3.0550,-1.97,-0.3262,-0.2381,1.88
1788242098.769,-0.1444,2.8297,-0.08,0.2826,3.0602,-1.97,-0.3262,-0.2381,1.88
1788242098.869,-0.1444,2.8349,-0.09,0.2828,3.0653,-1.97,-0.3262,-0.2381,1.88
1788242098.969,-0.1444,2.8399,-0.08,0.2829,3.0703,-1.97,-0.3262,-0.2381,1.88
1788242099.069,-0.1443,2.8448,-0.09,0.2832,3.0752,-1.97,-0.3262,-0.2381,1.88
1788242099.169,-0.1442,2.8495,-0.09,0.2835,3.0799,-1.97,-0.3262,-0.2381,1.88
1788242099.269,-0.1441,2.8544,-0.09,0.2837,3.0849,-1.97,-0.3262,-0.2381,1.88
1788242099.369,-0.1442,2.8596,-0.08,0.2838,3.0900,-1.97,-0.3262,-0.2381,1.88
1788242099.469,-0.1443,2.8648,-0.08,0.2838,3.0953,-1.96,-0.3262,-0.2381,1.88
1788242099.569,-0.1444,2.8699,-0.08,0.2839,3.1003,-1.96,-0.3262,-0.2381,1.88
1788242099.669,-0.1444,2.8749,-0.07,0.2841,3.1053,-1.96,-0.3262,-0.2381,1.88
1788242099.769,-0.1444,2.8797,-0.07,0.2843,3.1101,-1.95,-0.3262,-0.2381,1.88
1788242099.869,-0.1447,2.8847,-0.38,0.2842,3.1151,-2.27,-0.3262,-0.2381,1.88
1788242099.969,-0.1446,2.8897,-0.94,0.2843,3.1201,-2.82,-0.3262,-0.2381,1.88
1788242100.069,-0.1446,2.8951,-1.50,0.2845,3.1255,-3.39,-0.3262,-0.2381,1.88
1788242100.170,-0.1445,2.9000,-2.05,0.2848,3.1304,-3.94,-0.3262,-0.2381,1.88
1788242100.269,-0.1445,2.9051,-2.62,0.2850,3.1355,-4.51,-0.3262,-0.2381,1.88
1788242100.369,-0.1444,2.9103,-3.19,0.2853,3.1408,-5.08,-0.3262,-0.2381,1.88
1788242100.469,-0.1443,2.9153,-3.74,0.2856,3.1457,-5.63,-0.3262,-0.2381,1.88
1788242100.569,-0.1439,2.9204,-4.10,0.2861,3.1508,-5.98,-0.3262,-0.2381,1.88
1788242100.669,-0.1434,2.9253,-4.12,0.2868,3.1557,-6.00,-0.3262,-0.2381,1.88
1788242100.769,-0.1429,2.9302,-4.13,0.2875,3.1606,-6.01,-0.3262,-0.2381,1.88
1788242100.869,-0.1423,2.9336,-4.11,0.2881,3.1639,-5.99,-0.3262,-0.2381,1.88
1788242100.969,-0.1423,2.9338,-4.08,0.2882,3.1641,-5.97,-0.3262,-0.2381,1.88
1788242101.069,-0.1384,2.9334,-4.03,0.2921,3.1636,-5.92,-0.3262,-0.2381,1.88
1788242101.169,-0.1339,2.9327,-4.04,0.2965,3.1628,-5.92,-0.3262,-0.2381,1.88
1788242101.269,-0.1298,2.9325,-4.04,0.3006,3.1624,-5.92,-0.3262,-0.2381,1.88
1788242101.369,-0.1252,2.9323,-4.02,0.3052,3.1620,-5.90,-0.3262,-0.2381,1.88
1788242101.469,-0.1206,2.9321,-4.02,0.3098,3.1617,-5.90,-0.3262,-0.2381,1.88
1788242101.569,-0.1157,2.9319,-4.03,0.3146,3.1614,-5.91,-0.3262,-0.2381,1.88
1788242101.669,-0.1111,2.9316,-4.04,0.3193,3.1609,-5.92,-0.3262,-0.2381,1.88
1788242101.769,-0.1065,2.9311,-4.04,0.3239,3.1602,-5.92,-0.3262,-0.2381,1.88
1788242101.869,-0.1021,2.9307,-4.04,0.3282,3.1597,-5.92,-0.3262,-0.2381,1.88
1788242101.969,-0.0977,2.9305,-4.03,0.3326,3.1594,-5.91,-0.3262,-0.2381,1.88
1788242102.069,-0.0932,2.9302,-4.03,0.3371,3.1589,-5.91,-0.3262,-0.2381,1.88
1788242102.169,-0.0884,2.9300,-4.03,0.3419,3.1585,-5.92,-0.3262,-0.2381,1.88
1788242102.269,-0.0838,2.9296,-4.04,0.3465,3.1580,-5.92,-0.3262,-0.2381,1.88
1788242102.369,-0.0791,2.9291,-4.04,0.3511,3.1573,-5.92,-0.3262,-0.2381,1.88
1788242102.469,-0.0746,2.9285,-4.05,0.3556,3.1567,-5.93,-0.3262,-0.2381,1.88
1788242102.569,-0.0703,2.9283,-4.15,0.3599,3.1562,-6.03,-0.3262,-0.2381,1.88
1788242102.669,-0.0669,2.9282,-4.77,0.3633,3.1560,-6.65,-0.3262,-0.2381,1.88
1788242102.769,-0.0666,2.9283,-5.35,0.3636,3.1562,-7.23,-0.3262,-0.2381,1.88
1788242102.869,-0.0667,2.9283,-5.91,0.3635,3.1562,-7.80,-0.3262,-0.2381,1.88
1788242102.969,-0.0665,2.9281,-6.46,0.3637,3.1560,-8.35,-0.3262,-0.2381,1.88
1788242103.069,-0.0666,2.9283,-7.01,0.3636,3.1561,-8.89,-0.3262,-0.2381,1.88
1788242103.169,-0.0666,2.9284,-7.56,0.3636,3.1562,-9.45,-0.3262,-0.2381,1.88
1788242103.269,-0.0665,2.9285,-8.14,0.3638,3.1564,-10.02,-0.3262,-0.2381,1.88
1788242103.369,-0.0662,2.9287,-8.72,0.3640,3.1565,-10.61,-0.3262,-0.2381,1.88
1788242103.469,-0.0663,2.9289,-9.28,0.3639,3.1567,-11.16,-0.3262,-0.2381,1.88
1788242103.569,-0.0664,2.9287,-9.83,0.3638,3.1566,-11.71,-0.3262,-0.2381,1.88
1788242103.669,-0.0665,2.9286,-10.38,0.3637,3.1564,-12.26,-0.3262,-0.2381,1.88
1788242103.769,-0.0664,2.9284,-10.81,0.3638,3.1563,-12.70,-0.3262,-0.2381,1.88
1788242103.869,-0.0664,2.9284,-10.81,0.3638,3.1562,-12.70,-0.3262,-0.2381,1.88
1788242103.969,-0.0664,2.9285,-10.81,0.3638,3.1563,-12.70,-0.3262,-0.2381,1.88
1788242104.069,-0.0656,2.9332,-10.81,0.3648,3.1610,-12.69,-0.3262,-0.2381,1.88
1788242104.169,-0.0647,2.9386,-10.87,0.3658,3.1664,-12.75,-0.3262,-0.2381,1.88
1788242104.269,-0.0638,2.9440,-11.41,0.3669,3.1717,-13.30,-0.3262,-0.2381,1.88
1788242104.369,-0.0629,2.9491,-11.98,0.3680,3.1768,-13.87,-0.3262,-0.2381,1.88
1788242104.469,-0.0619,2.9542,-12.56,0.3692,3.1818,-14.44,-0.3262,-0.2381,1.88
1788242104.569,-0.0608,2.9593,-13.12,0.3705,3.1869,-15.01,-0.3262,-0.2381,1.88
1788242104.669,-0.0597,2.9642,-13.68,0.3716,3.1918,-15.56,-0.3262,-0.2381,1.88
1788242104.769,-0.0586,2.9692,-14.25,0.3729,3.1968,-16.14,-0.3262,-0.2381,1.88
1788242104.869,-0.0573,2.9741,-14.84,0.3744,3.2016,-16.72,-0.3262,-0.2381,1.88
1788242104.969,-0.0562,2.9790,-15.40,0.3757,3.2065,-17.28,-0.3262,-0.2381,1.88
1788242105.069,-0.0549,2.9839,-15.96,0.3771,3.2113,-17.85,-0.3262,-0.2381,1.88
1788242105.169,-0.0535,2.9888,-16.54,0.3787,3.2162,-18.43,-0.3262,-0.2381,1.88
1788242105.269,-0.0522,2.9935,-17.10,0.3802,3.2208,-18.98,-0.3262,-0.2381,1.88
1788242105.369,-0.0507,2.9980,-17.64,0.3817,3.2253,-19.53,-0.3262,-0.2381,1.88
1788242105.469,-0.0504,2.9996,-17.78,0.3822,3.2268,-19.67,-0.3262,-0.2381,1.88
1788242105.569,-0.0487,2.9992,-17.74,0.3839,3.2264,-19.62,-0.3262,-0.2381,1.88
1788242105.669,-0.0444,2.9979,-17.72,0.3881,3.2250,-19.61,-0.3262,-0.2381,1.88
1788242105.769,-0.0405,2.9966,-17.72,0.3920,3.2235,-19.61,-0.3262,-0.2381,1.88
1788242105.869,-0.0363,2.9953,-17.93,0.3961,3.2221,-19.81,-0.3262,-0.2381,1.88
1788242105.969,-0.0339,2.9945,-18.56,0.3985,3.2213,-20.44,-0.3262,-0.2381,1.88
1788242106.069,-0.0337,2.9946,-19.14,0.3986,3.2213,-21.02,-0.3262,-0.2381,1.88
1788242106.169,-0.0305,2.9935,-19.69,0.4019,3.2201,-21.57,-0.3262,-0.2381,1.88
1788242106.269,-0.0262,2.9917,-20.25,0.4061,3.2182,-22.14,-0.3262,-0.2381,1.88
1788242106.369,-0.0218,2.9898,-20.82,0.4104,3.2161,-22.71,-0.3262,-0.2381,1.88
1788242106.469,-0.0175,2.9879,-21.39,0.4147,3.2141,-23.28,-0.3262,-0.2381,1.88
1788242106.569,-0.0133,2.9862,-21.97,0.4188,3.2123,-23.85,-0.3262,-0.2381,1.88
1788242106.669,-0.0091,2.9844,-22.53,0.4229,3.2103,-24.42,-0.3262,-0.2381,1.88
1788242106.769,-0.0049,2.9826,-23.11,0.4270,3.2084,-25.00,-0.3262,-0.2381,1.88
1788242106.869,-0.0007,2.9810,-23.71,0.4312,3.2066,-25.59,-0.3262,-0.2381,1.88
1788242106.969,0.0020,2.9834,-24.33,0.4339,3.2090,-26.21,-0.3262,-0.2381,1.88
1788242107.069,0.0039,2.9882,-24.88,0.4360,3.2137,-26.76,-0.3262,-0.2381,1.88
1788242107.169,0.0060,2.9929,-25.44,0.4383,3.2184,-27.33,-0.3262,-0.2381,1.88
1788242107.269,0.0083,2.9979,-26.00,0.4407,3.2232,-27.88,-0.3262,-0.2381,1.88
1788242107.369,0.0104,3.0025,-26.54,0.4430,3.2277,-28.43,-0.3262,-0.2381,1.88
1788242107.469,0.0127,3.0072,-27.12,0.4455,3.2324,-29.00,-0.3262,-0.2381,1.88
1788242107.569,0.0149,3.0119,-27.69,0.4478,3.2370,-29.57,-0.3262,-0.2381,1.88
1788242107.669,0.0171,3.0164,-28.23,0.4502,3.2414,-30.12,-0.3262,-0.2381,1.88
1788242107.769,0.0195,3.0373,-28.81,0.4527,3.2459,-30.68,-0.3280,-0.2079,1.86
1788242107.869,0.0219,3.0555,-29.39,0.4554,3.2503,-31.25,-0.3280,-0.2079,1.86
1788242107.969,0.0248,3.0577,-29.95,0.4583,3.2524,-31.80,-0.3280,-0.2079,1.86
1788242108.069,0.0288,3.0554,-30.51,0.4622,3.2500,-32.36,-0.3280,-0.2079,1.86
1788242108.169,0.0329,3.0527,-31.10,0.4663,3.2472,-32.95,-0.3280,-0.2079,1.86
1788242108.269,0.0369,3.0500,-31.67,0.4701,3.2443,-33.52,-0.3280,-0.2079,1.86
1788242108.369,0.0407,3.0472,-32.23,0.4739,3.2414,-34.09,-0.3280,-0.2079,1.86
1788242108.469,0.0442,3.0463,-32.85,0.4774,3.2404,-34.70,-0.3280,-0.2079,1.86
1788242108.569,0.0469,3.0500,-33.43,0.4802,3.2440,-35.29,-0.3280,-0.2079,1.86
1788242108.669,0.0495,3.0544,-33.99,0.4830,3.2483,-35.85,-0.3280,-0.2079,1.86
1788242108.769,0.0527,3.0589,-34.54,0.4863,3.2527,-36.40,-0.3280,-0.2079,1.86
1788242108.869,0.0543,3.0611,-34.81,0.4880,3.2549,-36.67,-0.3280,-0.2079,1.86
1788242108.969,0.0585,3.0677,-35.65,0.4923,3.2613,-37.50,-0.3280,-0.2079,1.86
1788242109.069,0.0614,3.0718,-36.21,0.4954,3.2653,-38.07,-0.3280,-0.2079,1.86
1788242109.169,0.0643,3.0759,-36.79,0.4984,3.2694,-38.64,-0.3280,-0.2079,1.86
1788242109.269,0.0673,3.0799,-37.35,0.5016,3.2732,-39.20,-0.3280,-0.2079,1.86
1788242109.369,0.0704,3.0838,-37.92,0.5047,3.2770,-39.78,-0.3280,-0.2079,1.86
1788242109.469,0.0734,3.0877,-38.49,0.5079,3.2809,-40.35,-0.3280,-0.2079,1.86
1788242109.569,0.0765,3.0917,-39.05,0.5111,3.2848,-40.90,-0.3280,-0.2079,1.86
1788242109.669,0.0797,3.0955,-39.61,0.5144,3.2884,-41.47,-0.3280,-0.2079,1.86
1788242109.769,0.0828,3.0994,-40.19,0.5177,3.2922,-42.04,-0.3280,-0.2079,1.86
1788242109.869,0.0860,3.1032,-40.74,0.5210,3.2960,-42.60,-0.3280,-0.2079,1.86
1788242109.969,0.0894,3.1068,-41.30,0.5245,3.2994,-43.15,-0.3280,-0.2079,1.86
1788242110.069,0.0928,3.1106,-41.87,0.5280,3.3031,-43.73,-0.3280,-0.2079,1.86
1788242110.169,0.0961,3.1143,-42.44,0.5314,3.3067,-44.29,-0.3280,-0.2079,1.86
1788242110.270,0.0994,3.1179,-43.00,0.5348,3.3101,-44.86,-0.3280,-0.2079,1.86
1788242110.369,0.1028,3.1216,-43.58,0.5384,3.3137,-45.44,-0.3280,-0.2079,1.86
1788242110.469,0.1063,3.1253,-44.15,0.5419,3.3173,-46.01,-0.3280,-0.2079,1.86
1788242110.569,0.1097,3.1288,-44.72,0.5455,3.3207,-46.57,-0.3280,-0.2079,1.86
1788242110.669,0.1132,3.1325,-45.29,0.5491,3.3243,-47.14,-0.3280,-0.2079,1.86
1788242110.769,0.1168,3.1361,-45.85,0.5528,3.3278,-47.71,-0.3280,-0.2079,1.86
1788242110.869,0.1204,3.1396,-46.41,0.5565,3.3312,-48.27,-0.3280,-0.2079,1.86
1788242110.969,0.1240,3.1431,-46.99,0.5603,3.3346,-48.84,-0.3280,-0.2079,1.86
1788242111.069,0.1277,3.1466,-47.55,0.5641,3.3379,-49.41,-0.3280,-0.2079,1.86
1788242111.169,0.1314,3.1500,-48.10,0.5679,3.3412,-49.96,-0.3280,-0.2079,1.86
1788242111.269,0.1352,3.1534,-48.68,0.5718,3.3445,-50.53,-0.3280,-0.2079,1.86
1788242111.369,0.1389,3.1567,-49.24,0.5756,3.3477,-51.10,-0.3280,-0.2079,1.86
1788242111.469,0.1427,3.1598,-49.79,0.5795,3.3507,-51.65,-0.3280,-0.2079,1.86
1788242111.569,0.1465,3.1631,-50.37,0.5834,3.3538,-52.22,-0.3280,-0.2079,1.86
1788242111.669,0.1504,3.1663,-50.93,0.5874,3.3569,-52.79,-0.3280,-0.2079,1.86
1788242111.769,0.1544,3.1694,-51.48,0.5915,3.3599,-53.34,-0.4868,-0.2201,1.23
1788242111.869,0.0366,3.1548,-52.68,0.5955,3.3630,-53.91,-0.4868,-0.2201,1.23
1788242111.969,0.0405,3.1579,-53.25,0.5995,3.3660,-54.47,-0.4868,-0.2201,1.23
1788242112.069,0.0445,3.1608,-53.80,0.6036,3.3688,-55.03,-0.4868,-0.2201,1.23
1788242112.169,0.0486,3.1639,-54.36,0.6078,3.3718,-55.59,-0.4868,-0.2201,1.23
1788242112.269,0.0527,3.1668,-54.93,0.6119,3.3746,-56.16,-0.4868,-0.2201,1.23
1788242112.369,0.0568,3.1695,-55.49,0.6161,3.3772,-56.72,-0.4868,-0.2201,1.23
1788242112.469,0.0610,3.1725,-56.07,0.6203,3.3801,-57.29,-0.4868,-0.2201,1.23
1788242112.569,0.0652,3.1752,-56.63,0.6246,3.3827,-57.86,-0.4868,-0.2201,1.23
1788242112.669,0.0694,3.1777,-57.19,0.6288,3.3851,-58.42,-0.4868,-0.2201,1.23
1788242112.769,0.0736,3.1805,-57.77,0.6332,3.3878,-59.00,-0.4868,-0.2201,1.23
1788242112.869,0.0778,3.1831,-58.34,0.6373,3.3903,-59.57,-0.4868,-0.2201,1.23
1788242112.969,0.0824,3.1852,-58.59,0.6420,3.3924,-59.81,-0.4868,-0.2201,1.23
1788242113.070,0.0868,3.1876,-58.59,0.6465,3.3947,-59.82,-0.4868,-0.2201,1.23
1788242113.169,0.0895,3.1890,-58.58,0.6492,3.3960,-59.81,-0.4868,-0.2201,1.23
1788242113.269,0.0896,3.1893,-58.56,0.6493,3.3963,-59.79,-0.4868,-0.2201,1.23
1788242113.369,0.0896,3.1893,-58.56,0.6493,3.3963,-59.79,-0.4868,-0.2201,1.23
1788242113.469,0.0896,3.1893,-58.56,0.6493,3.3963,-59.79,-0.4868,-0.2201,1.23
1788242113.569,0.0896,3.1893,-58.56,0.6493,3.3963,-59.79,-0.4868,-0.2201,1.23
1788242113.669,0.0896,3.1893,-58.56,0.6493,3.3963,-59.79,-0.4868,-0.2201,1.23
1788242113.769,0.0896,3.1893,-58.56,0.6493,3.3963,-59.79,-0.4868,-0.2201,1.23
1788242113.869,0.0896,3.1893,-58.56,0.6492,3.3963,-59.78,-0.4868,-0.2201,1.23
1788242113.969,0.0860,3.1870,-58.54,0.6457,3.3941,-59.77,-0.4868,-0.2201,1.23
1788242114.069,0.0818,3.1844,-58.53,0.6414,3.3916,-59.76,-0.4868,-0.2201,1.23
1788242114.169,0.0776,3.1817,-58.52,0.6371,3.3890,-59.75,-0.4868,-0.2201,1.23
1788242114.269,0.0732,3.1789,-58.52,0.6327,3.3863,-59.75,-0.4868,-0.2201,1.23
1788242114.369,0.0689,3.1762,-58.52,0.6283,3.3836,-59.75,-0.4868,-0.2201,1.23
1788242114.469,0.0641,3.1741,-58.55,0.6235,3.3816,-59.78,-0.4868,-0.2201,1.23
1788242114.569,0.0594,3.1749,-58.56,0.6188,3.3825,-59.78,-0.4868,-0.2201,1.23
1788242114.669,0.0546,3.1755,-58.56,0.6140,3.3832,-59.79,-0.4868,-0.2201,1.23
1788242114.769,0.0508,3.1745,-58.56,0.6102,3.3823,-59.78,-0.4868,-0.2201,1.23
1788242114.869,0.0504,3.1743,-58.58,0.6097,3.3822,-59.80,-0.4868,-0.2201,1.23
1788242114.969,0.0525,3.1756,-58.58,0.6120,3.3834,-59.81,-0.4868,-0.2201,1.23
1788242115.069,0.0569,3.1782,-58.58,0.6164,3.3859,-59.81,-0.4868,-0.2201,1.23
1788242115.169,0.0604,3.1804,-58.59,0.6199,3.3881,-59.82,-0.4868,-0.2201,1.23
1788242115.269,0.0607,3.1808,-59.03,0.6202,3.3884,-60.26,-0.4868,-0.2201,1.23
1788242115.369,0.0605,3.1803,-59.38,0.6200,3.3880,-60.60,-0.4868,-0.2201,1.23
1788242115.469,0.0603,3.1801,-59.36,0.6198,3.3878,-60.59,-0.4868,-0.2201,1.23
1788242115.569,0.0603,3.1801,-59.36,0.6198,3.3878,-60.59,-0.4868,-0.2201,1.23
1788242115.669,0.0603,3.1801,-59.36,0.6198,3.3878,-60.59,-0.4868,-0.2201,1.23
1788242115.769,0.0603,3.1801,-59.36,0.6198,3.3878,-60.59,-0.4868,-0.2201,1.23
1788242115.869,0.0603,3.1801,-59.36,0.6198,3.3878,-60.59,-0.4868,-0.2201,1.23
1788242115.969,0.0603,3.1801,-59.36,0.6198,3.3878,-60.59,-0.4868,-0.2201,1.23
1788242116.069,0.0603,3.1801,-59.36,0.6198,3.3878,-60.59,-0.4868,-0.2201,1.23
1788242116.169,0.0603,3.1801,-59.36,0.6198,3.3878,-60.59,-0.4868,-0.2201,1.23
1788242116.269,0.0603,3.1801,-59.36,0.6198,3.3878,-60.59,-0.4868,-0.2201,1.23
1788242116.369,0.0603,3.1801,-59.36,0.6198,3.3878,-60.59,-0.4868,-0.2201,1.23
1788242116.469,0.0618,3.1808,-59.16,0.6213,3.3884,-60.39,-0.4868,-0.2201,1.23
1788242116.569,0.0660,3.1831,-58.61,0.6256,3.3906,-59.83,-0.4868,-0.2201,1.23
1788242116.669,0.0702,3.1859,-58.05,0.6298,3.3934,-59.28,-0.4868,-0.2201,1.23
1788242116.769,0.0745,3.1889,-57.46,0.6342,3.3962,-58.69,-0.4868,-0.2201,1.23
1788242116.869,0.0788,3.1918,-56.88,0.6386,3.3990,-58.10,-0.4868,-0.2201,1.23
1788242116.969,0.0830,3.1946,-56.31,0.6428,3.4017,-57.54,-0.4868,-0.2201,1.23
1788242117.069,0.0871,3.1976,-55.74,0.6470,3.4046,-56.97,-0.4868,-0.2201,1.23
1788242117.169,0.0913,3.2004,-55.16,0.6512,3.4074,-56.38,-0.4868,-0.2201,1.23
1788242117.269,0.0953,3.2033,-54.59,0.6553,3.4102,-55.82,-0.4868,-0.2201,1.23
1788242117.369,0.0993,3.2063,-54.02,0.6593,3.4131,-55.24,-0.4868,-0.2201,1.23
1788242117.469,0.1033,3.2093,-53.43,0.6635,3.4160,-54.66,-0.4868,-0.2201,1.23
1788242117.569,0.1074,3.2122,-52.86,0.6675,3.4188,-54.09,-0.4868,-0.2201,1.23
1788242117.669,0.1113,3.2151,-52.30,0.6715,3.4216,-53.52,-0.4868,-0.2201,1.23
1788242117.769,0.1151,3.2183,-51.72,0.6755,3.4247,-52.95,-0.4868,-0.2201,1.23
1788242117.869,0.1190,3.2213,-51.15,0.6794,3.4277,-52.38,-0.4868,-0.2201,1.23
1788242117.969,0.1229,3.2245,-50.59,0.6834,3.4308,-51.82,-0.4868,-0.2201,1.23
1788242118.069,0.1268,3.2277,-50.02,0.6873,3.4339,-51.25,-0.4868,-0.2201,1.23
1788242118.169,0.1306,3.2310,-49.44,0.6912,3.4371,-50.67,-0.4868,-0.2201,1.23
1788242118.269,0.1343,3.2344,-48.88,0.6950,3.4404,-50.10,-0.4868,-0.2201,1.23
1788242118.369,0.1381,3.2378,-48.31,0.6988,3.4437,-49.53,-0.4868,-0.2201,1.23
1788242118.469,0.1398,3.2399,-48.01,0.7006,3.4458,-49.24,-0.4868,-0.2201,1.23
1788242118.569,0.1399,3.2399,-48.01,0.7006,3.4459,-49.23,-0.4868,-0.2201,1.23
1788242118.669,0.1390,3.2386,-47.99,0.6998,3.4445,-49.22,-0.4868,-0.2201,1.23
1788242118.769,0.1385,3.2340,-47.99,0.6992,3.4399,-49.22,-0.4868,-0.2201,1.23
1788242118.869,0.1377,3.2294,-48.01,0.6983,3.4354,-49.24,-0.4868,-0.2201,1.23
1788242118.969,0.1370,3.2247,-48.01,0.6974,3.4307,-49.24,-0.4868,-0.2201,1.23
1788242119.069,0.1365,3.2199,-47.99,0.6968,3.4259,-49.22,-0.4868,-0.2201,1.23
1788242119.169,0.1360,3.2151,-47.98,0.6962,3.4211,-49.21,-0.4868,-0.2201,1.23
1788242119.269,0.1356,3.2104,-47.98,0.6957,3.4164,-49.21,-0.4868,-0.2201,1.23
1788242119.369,0.1351,3.2058,-47.99,0.6952,3.4118,-49.22,-0.4868,-0.2201,1.23
1788242119.469,0.1347,3.2011,-48.01,0.6946,3.4071,-49.24,-0.4868,-0.2201,1.23
1788242119.569,0.1344,3.1999,-48.04,0.6943,3.4060,-49.27,-0.4868,-0.2201,1.23
1788242119.669,0.1344,3.1999,-48.04,0.6943,3.4060,-49.27,-0.4868,-0.2201,1.23
1788242119.769,0.1371,3.2027,-48.02,0.6971,3.4087,-49.25,-0.4868,-0.2201,1.23
1788242119.869,0.1410,3.2062,-47.96,0.7010,3.4121,-49.19,-0.4868,-0.2201,1.23
1788242119.969,0.1448,3.2097,-47.43,0.7049,3.4155,-48.65,-0.4868,-0.2201,1.23
1788242120.069,0.1487,3.2134,-46.84,0.7089,3.4191,-48.07,-0.4868,-0.2201,1.23
1788242120.169,0.1524,3.2170,-46.27,0.7127,3.4227,-47.49,-0.4868,-0.2201,1.23
1788242120.269,0.1561,3.2206,-45.70,0.7165,3.4262,-46.93,-0.4868,-0.2201,1.23
1788242120.369,0.1597,3.2243,-45.14,0.7202,3.4298,-46.37,-0.4868,-0.2201,1.23
1788242120.469,0.1632,3.2281,-44.58,0.7237,3.4335,-45.81,-0.4868,-0.2201,1.23
1788242120.569,0.1666,3.2318,-44.03,0.7272,3.4371,-45.25,-0.4868,-0.2201,1.23
1788242120.669,0.1701,3.2355,-43.46,0.7308,3.4407,-44.69,-0.4868,-0.2201,1.23
1788242120.769,0.1736,3.2392,-42.89,0.7343,3.4444,-44.12,-0.4868,-0.2201,1.23
1788242120.869,0.1770,3.2429,-42.32,0.7378,3.4480,-43.55,-0.4868,-0.2201,1.23
1788242120.969,0.1804,3.2465,-41.76,0.7413,3.4516,-42.98,-0.4868,-0.2201,1.23
1788242121.069,0.1837,3.2503,-41.19,0.7447,3.4552,-42.41,-0.4868,-0.2201,1.23
1788242121.169,0.1870,3.2540,-40.62,0.7481,3.4589,-41.84,-0.4868,-0.2201,1.23
1788242121.269,0.1902,3.2578,-40.04,0.7513,3.4627,-41.27,-0.4868,-0.2201,1.23
1788242121.369,0.1934,3.2619,-39.47,0.7546,3.4666,-40.69,-0.4868,-0.2201,1.23
1788242121.469,0.1965,3.2658,-38.90,0.7578,3.4705,-40.13,-0.4868,-0.2201,1.23
1788242121.569,0.1995,3.2697,-38.34,0.7609,3.4743,-39.57,-0.4868,-0.2201,1.23
1788242121.669,0.2026,3.2736,-37.78,0.7640,3.4781,-39.01,-0.4868,-0.2201,1.23
1788242121.769,0.2056,3.2775,-37.22,0.7672,3.4820,-38.44,-0.4868,-0.2201,1.23
1788242121.869,0.2086,3.2815,-36.66,0.7702,3.4860,-37.88,-0.4868,-0.2201,1.23
1788242121.969,0.2115,3.2856,-36.09,0.7732,3.4900,-37.31,-0.4868,-0.2201,1.23
1788242122.069,0.2145,3.2895,-35.52,0.7763,3.4938,-36.75,-0.4868,-0.2201,1.23
1788242122.169,0.2174,3.2935,-34.94,0.7793,3.4977,-36.17,-0.4868,-0.2201,1.23
1788242122.269,0.2202,3.2975,-34.37,0.7822,3.5017,-35.60,-0.4868,-0.2201,1.23
1788242122.369,0.2230,3.3016,-33.80,0.7851,3.5057,-35.03,-0.4868,-0.2201,1.23
1788242122.469,0.2258,3.3057,-33.23,0.7880,3.5098,-34.46,-0.4868,-0.2201,1.23
1788242122.569,0.2286,3.3098,-32.68,0.7908,3.5138,-33.90,-0.4868,-0.2201,1.23
1788242122.669,0.2294,3.3121,-32.46,0.7917,3.5161,-33.69,-0.4868,-0.2201,1.23
1788242122.769,0.2293,3.3123,-32.47,0.7916,3.5163,-33.70,-0.4868,-0.2201,1.23
1788242122.869,0.2293,3.3123,-32.48,0.7916,3.5163,-33.70,-0.4868,-0.2201,1.23
1788242122.969,0.2294,3.3120,-32.49,0.7917,3.5160,-33.72,-0.4868,-0.2201,1.23
1788242123.069,0.2300,3.3085,-32.48,0.7922,3.5125,-33.71,-0.4868,-0.2201,1.23
1788242123.169,0.2306,3.3037,-32.49,0.7927,3.5076,-33.72,-0.4868,-0.2201,1.23
1788242123.269,0.2310,3.2990,-32.52,0.7930,3.5030,-33.75,-0.4868,-0.2201,1.23
1788242123.369,0.2316,3.2944,-32.51,0.7935,3.4983,-33.73,-0.4868,-0.2201,1.23
1788242123.469,0.2324,3.2896,-32.51,0.7942,3.4936,-33.73,-0.4868,-0.2201,1.23
1788242123.569,0.2331,3.2848,-32.48,0.7948,3.4887,-33.71,-0.4868,-0.2201,1.23
1788242123.669,0.2338,3.2802,-32.47,0.7954,3.4841,-33.70,-0.4868,-0.2201,1.23
1788242123.769,0.2346,3.2757,-32.47,0.7961,3.4796,-33.70,-0.4868,-0.2201,1.23
1788242123.869,0.2354,3.2711,-32.48,0.7968,3.4750,-33.71,-0.4868,-0.2201,1.23
1788242123.969,0.2363,3.2663,-32.48,0.7976,3.4701,-33.71,-0.4868,-0.2201,1.23
1788242124.069,0.2371,3.2616,-32.47,0.7983,3.4654,-33.70,-0.4868,-0.2201,1.23
1788242124.169,0.2379,3.2572,-32.46,0.7990,3.4610,-33.69,-0.4868,-0.2201,1.23
1788242124.269,0.2387,3.2526,-32.46,0.7997,3.4564,-33.69,-0.4868,-0.2201,1.23
1788242124.369,0.2396,3.2477,-32.47,0.8005,3.4515,-33.69,-0.4868,-0.2201,1.23
1788242124.469,0.2405,3.2429,-32.46,0.8013,3.4467,-33.69,-0.4868,-0.2201,1.23
1788242124.569,0.2413,3.2383,-32.46,0.8020,3.4421,-33.69,-0.4868,-0.2201,1.23
1788242124.669,0.2421,3.2337,-32.46,0.8027,3.4375,-33.69,-0.4868,-0.2201,1.23
1788242124.769,0.2429,3.2290,-32.47,0.8034,3.4327,-33.70,-0.4868,-0.2201,1.23
1788242124.869,0.2438,3.2242,-32.47,0.8042,3.4279,-33.70,-0.4868,-0.2201,1.23
1788242124.969,0.2461,3.2208,-32.45,0.8065,3.4244,-33.68,-0.4868,-0.2201,1.23
1788242125.069,0.2476,3.2198,-32.47,0.8079,3.4235,-33.70,-0.4868,-0.2201,1.23
1788242125.169,0.2491,3.2220,-32.18,0.8095,3.4255,-33.41,-0.4868,-0.2201,1.23
1788242125.269,0.2517,3.2264,-31.62,0.8122,3.4299,-32.85,-0.4868,-0.2201,1.23
1788242125.369,0.2544,3.2307,-31.06,0.8149,3.4342,-32.29,-0.4868,-0.2201,1.23
1788242125.469,0.2571,3.2353,-30.49,0.8177,3.4387,-31.71,-0.4868,-0.2201,1.23
1788242125.569,0.2597,3.2399,-29.92,0.8205,3.4433,-31.15,-0.4868,-0.2201,1.23
1788242125.669,0.2624,3.2444,-29.37,0.8233,3.4477,-30.60,-0.4868,-0.2201,1.23
1788242125.769,0.2648,3.2490,-28.80,0.8258,3.4523,-30.03,-0.4868,-0.2201,1.23
1788242125.869,0.2672,3.2536,-28.24,0.8282,3.4568,-29.46,-0.4868,-0.2201,1.23
1788242125.969,0.2695,3.2581,-27.66,0.8307,3.4612,-28.89,-0.4868,-0.2201,1.23
1788242126.069,0.2718,3.2625,-27.11,0.8330,3.4656,-28.33,-0.4868,-0.2201,1.23
1788242126.169,0.2740,3.2670,-26.54,0.8353,3.4700,-27.76,-0.4868,-0.2201,1.23
1788242126.269,0.2761,3.2716,-25.95,0.8375,3.4746,-27.18,-0.4868,-0.2201,1.23
1788242126.369,0.2783,3.2762,-25.38,0.8398,3.4791,-26.60,-0.4868,-0.2201,1.23
1788242126.469,0.2804,3.2806,-24.81,0.8420,3.4835,-26.04,-0.4868,-0.2201,1.23
1788242126.569,0.2825,3.2851,-24.24,0.8442,3.4879,-25.47,-0.4868,-0.2201,1.23
1788242126.669,0.2845,3.2895,-23.67,0.8463,3.4923,-24.90,-0.4868,-0.2201,1.23
1788242126.769,0.2865,3.2943,-23.53,0.8484,3.4971,-24.76,-0.4868,-0.2201,1.23
1788242126.869,0.2886,3.2989,-23.53,0.8506,3.5016,-24.76,-0.4868,-0.2201,1.23
1788242126.969,0.2904,3.3025,-23.54,0.8525,3.5052,-24.77,-0.4868,-0.2201,1.23
1788242127.069,0.2904,3.3027,-23.55,0.8525,3.5054,-24.78,-0.4868,-0.2201,1.23
1788242127.169,0.2911,3.3006,-23.53,0.8532,3.5033,-24.75,-0.4868,-0.2201,1.23
1788242127.269,0.2926,3.2963,-23.53,0.8545,3.4990,-24.76,-0.4868,-0.2201,1.23
1788242127.369,0.2941,3.2918,-23.53,0.8560,3.4944,-24.76,-0.4868,-0.2201,1.23
1788242127.469,0.2958,3.2871,-23.52,0.8575,3.4897,-24.75,-0.4868,-0.2201,1.23
1788242127.569,0.2974,3.2825,-23.51,0.8590,3.4850,-24.74,-0.4868,-0.2201,1.23
1788242127.669,0.2983,3.2779,-23.48,0.8599,3.4804,-24.71,-0.4868,-0.2201,1.23
1788242127.769,0.2996,3.2732,-23.46,0.8610,3.4757,-24.68,-0.4868,-0.2201,1.23
1788242127.869,0.3012,3.2686,-23.46,0.8625,3.4710,-24.68,-0.4868,-0.2201,1.23
1788242127.969,0.3026,3.2641,-23.45,0.8639,3.4666,-24.68,-0.4868,-0.2201,1.23
1788242128.069,0.3039,3.2594,-23.42,0.8651,3.4618,-24.65,-0.4868,-0.2201,1.23
1788242128.169,0.3054,3.2549,-23.42,0.8665,3.4572,-24.65,-0.4868,-0.2201,1.23
1788242128.269,0.3069,3.2506,-23.43,0.8679,3.4529,-24.66,-0.4868,-0.2201,1.23
1788242128.369,0.3084,3.2461,-23.43,0.8693,3.4484,-24.65,-0.4868,-0.2201,1.23
1788242128.469,0.3100,3.2415,-23.40,0.8708,3.4438,-24.63,-0.4868,-0.2201,1.23
1788242128.569,0.3116,3.2368,-23.39,0.8722,3.4391,-24.62,-0.4868,-0.2201,1.23
1788242128.669,0.3131,3.2324,-23.40,0.8737,3.4346,-24.62,-0.4868,-0.2201,1.23
1788242128.769,0.3146,3.2281,-23.40,0.8751,3.4302,-24.62,-0.4868,-0.2201,1.23
1788242128.869,0.3161,3.2237,-23.39,0.8765,3.4258,-24.61,-0.4868,-0.2201,1.23
1788242128.969,0.3171,3.2197,-23.37,0.8774,3.4219,-24.60,-0.4868,-0.2201,1.23
1788242129.069,0.3168,3.2194,-23.36,0.8770,3.4215,-24.58,-0.4868,-0.2201,1.23
1788242129.169,0.3167,3.2194,-23.32,0.8770,3.4215,-24.55,-0.4868,-0.2201,1.23
1788242129.269,0.3167,3.2195,-22.80,0.8770,3.4216,-24.02,-0.4868,-0.2201,1.23
1788242129.369,0.3167,3.2196,-22.24,0.8770,3.4218,-23.47,-0.4868,-0.2201,1.23
1788242129.469,0.3182,3.2238,-21.67,0.8786,3.4259,-22.90,-0.4868,-0.2201,1.23
1788242129.569,0.3200,3.2288,-21.10,0.8805,3.4308,-22.33,-0.4868,-0.2201,1.23
1788242129.669,0.3218,3.2337,-20.53,0.8824,3.4357,-21.75,-0.4868,-0.2201,1.23
1788242129.769,0.3235,3.2386,-19.96,0.8842,3.4406,-21.19,-0.4868,-0.2201,1.23
1788242129.869,0.3252,3.2434,-19.39,0.8860,3.4454,-20.62,-0.4868,-0.2201,1.23
1788242129.969,0.3268,3.2483,-18.82,0.8877,3.4502,-20.05,-0.4868,-0.2201,1.23
1788242130.069,0.3283,3.2531,-18.26,0.8893,3.4550,-19.49,-0.4868,-0.2201,1.23
1788242130.169,0.3298,3.2579,-17.70,0.8909,3.4598,-18.92,-0.4868,-0.2201,1.23
1788242130.269,0.3312,3.2627,-17.13,0.8925,3.4645,-18.36,-0.4868,-0.2201,1.23
1788242130.369,0.3326,3.2676,-16.56,0.8939,3.4694,-17.79,-0.4868,-0.2201,1.23
1788242130.469,0.3339,3.2725,-16.01,0.8953,3.4743,-17.23,-0.4868,-0.2201,1.23
1788242130.569,0.3352,3.2773,-15.43,0.8967,3.4790,-16.66,-0.4868,-0.2201,1.23
1788242130.669,0.3364,3.2822,-14.87,0.8980,3.4839,-16.10,-0.4868,-0.2201,1.23
1788242130.769,0.3378,3.2868,-14.27,0.8995,3.4885,-15.50,-0.4868,-0.2201,1.23
1788242130.869,0.3392,3.2915,-13.69,0.9010,3.4931,-14.92,-0.4868,-0.2201,1.23
1788242130.970,0.3403,3.2965,-13.13,0.9022,3.4981,-14.36,-0.4868,-0.2201,1.23
1788242131.069,0.3414,3.3014,-12.58,0.9034,3.5030,-13.80,-0.4868,-0.2201,1.23
1788242131.169,0.3423,3.3064,-12.01,0.9044,3.5080,-13.24,-0.4868,-0.2201,1.23
1788242131.269,0.3433,3.3115,-11.44,0.9055,3.5130,-12.67,-0.4868,-0.2201,1.23
1788242131.369,0.3443,3.3164,-10.87,0.9066,3.5179,-12.10,-0.4868,-0.2201,1.23
1788242131.469,0.3452,3.3211,-10.31,0.9077,3.5226,-11.53,-0.4868,-0.2201,1.23
1788242131.569,0.3122,3.3280,-11.26,0.9087,3.5275,-10.97,-0.6740,-0.1830,-1.00
1788242131.669,0.2971,3.3329,-11.41,0.9096,3.5323,-10.41,-0.6740,-0.1830,-1.00
1788242131.769,0.2980,3.3378,-10.84,0.9103,3.5373,-9.84,-0.6740,-0.1830,-1.00
1788242131.869,0.2989,3.3427,-10.28,0.9111,3.5421,-9.27,-0.6740,-0.1830,-1.00
1788242131.969,0.2999,3.3476,-9.69,0.9121,3.5471,-8.69,-0.6740,-0.1830,-1.00
1788242132.069,0.3008,3.3526,-9.13,0.9129,3.5520,-8.13,-0.6740,-0.1830,-1.00
1788242132.169,0.3016,3.3576,-8.56,0.9136,3.5571,-7.56,-0.6740,-0.1830,-1.00
1788242132.269,0.3024,3.3626,-7.99,0.9143,3.5621,-6.99,-0.6740,-0.1830,-1.00
1788242132.369,0.3031,3.3676,-7.42,0.9149,3.5671,-6.42,-0.6740,-0.1830,-1.00
1788242132.469,0.3038,3.3726,-6.85,0.9155,3.5721,-5.85,-0.6740,-0.1830,-1.00
1788242132.569,0.3044,3.3775,-6.27,0.9161,3.5770,-5.27,-0.6740,-0.1830,-1.00
1788242132.669,0.3050,3.3824,-5.71,0.9166,3.5820,-4.71,-0.6740,-0.1830,-1.00
1788242132.769,0.3055,3.3874,-5.14,0.9170,3.5870,-4.14,-0.6740,-0.1830,-1.00
1788242132.869,0.3061,3.3926,-4.69,0.9175,3.5922,-3.69,-0.6740,-0.1830,-1.00
1788242132.969,0.3063,3.3944,-4.66,0.9177,3.5939,-3.66,-0.6740,-0.1830,-1.00
1788242133.069,0.3036,3.3950,-4.69,0.9149,3.5945,-3.69,-0.6740,-0.1830,-1.00
1788242133.169,0.2994,3.3954,-4.70,0.9107,3.5948,-3.70,-0.6740,-0.1830,-1.00
1788242133.269,0.2950,3.3956,-4.68,0.9064,3.5950,-3.68,-0.6740,-0.1830,-1.00
1788242133.369,0.2905,3.3962,-4.67,0.9018,3.5955,-3.67,-0.6740,-0.1830,-1.00
1788242133.469,0.2859,3.3967,-4.67,0.8973,3.5959,-3.67,-0.6740,-0.1830,-1.00
1788242133.569,0.2815,3.3971,-4.67,0.8928,3.5962,-3.67,-0.6740,-0.1830,-1.00
1788242133.669,0.2769,3.3974,-4.67,0.8882,3.5965,-3.67,-0.6740,-0.1830,-1.00
1788242133.769,0.2724,3.3977,-4.67,0.8837,3.5967,-3.67,-0.6740,-0.1830,-1.00
1788242133.869,0.2679,3.3980,-4.67,0.8792,3.5968,-3.67,-0.6740,-0.1830,-1.00
1788242133.969,0.2634,3.3983,-4.67,0.8747,3.5971,-3.67,-0.6740,-0.1830,-1.00
1788242134.069,0.2588,3.3988,-4.66,0.8701,3.5976,-3.66,-0.6740,-0.1830,-1.00
1788242134.169,0.2542,3.3994,-4.66,0.8654,3.5980,-3.66,-0.6740,-0.1830,-1.00
1788242134.269,0.2495,3.3997,-4.67,0.8608,3.5983,-3.67,-0.6740,-0.1830,-1.00
1788242134.369,0.2450,3.4000,-4.67,0.8563,3.5985,-3.67,-0.6740,-0.1830,-1.00
1788242134.469,0.2404,3.4003,-4.67,0.8517,3.5987,-3.67,-0.6740,-0.1830,-1.00
1788242134.569,0.2360,3.4006,-4.67,0.8473,3.5989,-3.67,-0.6740,-0.1830,-1.00
1788242134.669,0.2313,3.4011,-4.68,0.8425,3.5993,-3.68,-0.6740,-0.1830,-1.00
1788242134.769,0.2266,3.4014,-4.69,0.8378,3.5996,-3.69,-0.6740,-0.1830,-1.00
1788242134.869,0.2218,3.4019,-4.70,0.8331,3.6000,-3.70,-0.6740,-0.1830,-1.00
1788242134.969,0.2172,3.4021,-4.68,0.8284,3.6001,-3.68,-0.6740,-0.1830,-1.00
1788242135.069,0.2127,3.4024,-4.66,0.8239,3.6003,-3.66,-0.6740,-0.1830,-1.00
1788242135.169,0.2082,3.4027,-4.66,0.8195,3.6006,-3.66,-0.6740,-0.1830,-1.00
1788242135.269,0.2035,3.4033,-4.67,0.8148,3.6011,-3.66,-0.6740,-0.1830,-1.00
1788242135.369,0.1996,3.4034,-4.64,0.8108,3.6011,-3.64,-0.6740,-0.1830,-1.00
1788242135.469,0.1997,3.4033,-4.59,0.8110,3.6010,-3.59,-0.6740,-0.1830,-1.00
1788242135.569,0.1999,3.4035,-4.12,0.8112,3.6012,-3.12,-0.6740,-0.1830,-1.00
1788242135.669,0.2002,3.4084,-3.55,0.8114,3.6061,-2.55,-0.6740,-0.1830,-1.00
1788242135.769,0.2004,3.4137,-2.98,0.8114,3.6114,-1.97,-0.6740,-0.1830,-1.00
1788242135.869,0.2005,3.4188,-2.42,0.8114,3.6165,-1.42,-0.6740,-0.1830,-1.00
1788242135.969,0.2004,3.4240,-1.85,0.8113,3.6217,-0.84,-0.6740,-0.1830,-1.00
1788242136.069,0.2003,3.4293,-1.27,0.8111,3.6270,-0.27,-0.6740,-0.1830,-1.00
1788242136.169,0.2003,3.4343,-0.73,0.8110,3.6320,0.27,-0.6740,-0.1830,-1.00
1788242136.269,0.2001,3.4394,-0.17,0.8107,3.6371,0.83,-0.6740,-0.1830,-1.00
1788242136.369,0.2000,3.4446,0.40,0.8105,3.6423,1.40,-0.6740,-0.1830,-1.00
1788242136.469,0.1998,3.4497,0.95,0.8102,3.6474,1.95,-0.6740,-0.1830,-1.00
1788242136.569,0.1995,3.4548,1.52,0.8099,3.6525,2.52,-0.6740,-0.1830,-1.00
1788242136.669,0.1994,3.4598,2.08,0.8096,3.6575,3.08,-0.6740,-0.1830,-1.00
1788242136.769,0.1992,3.4648,2.65,0.8093,3.6625,3.65,-0.6740,-0.1830,-1.00
1788242136.869,0.1992,3.4701,2.81,0.8092,3.6677,3.81,-0.6740,-0.1830,-1.00
1788242136.969,0.1979,3.4744,2.80,0.8079,3.6720,3.81,-0.6740,-0.1830,-1.00
1788242137.069,0.1949,3.4778,2.80,0.8048,3.6754,3.80,-0.6740,-0.1830,-1.00
1788242137.169,0.1917,3.4809,2.80,0.8016,3.6785,3.80,-1.0245,-0.1890,-8.43
1788242137.269,0.3049,3.3358,-4.62,0.7984,3.6816,3.81,-1.0245,-0.1890,-8.43
1788242137.369,0.3021,3.3394,-4.61,0.7950,3.6848,3.82,-1.0245,-0.1890,-8.43
1788242137.469,0.2991,3.3432,-4.61,0.7915,3.6881,3.82,-1.0245,-0.1890,-8.43
1788242137.569,0.2961,3.3470,-4.61,0.7880,3.6915,3.82,-1.0245,-0.1890,-8.43
1788242137.669,0.2933,3.3508,-4.59,0.7846,3.6947,3.84,-1.0245,-0.1890,-8.43
1788242137.769,0.2905,3.3544,-4.57,0.7814,3.6979,3.86,-1.0245,-0.1890,-8.43
1788242137.869,0.2876,3.3581,-4.58,0.7780,3.7011,3.85,-1.0245,-0.1890,-8.43
1788242137.969,0.2847,3.3618,-4.59,0.7746,3.7044,3.83,-1.0245,-0.1890,-8.43
1788242138.069,0.2819,3.3654,-4.60,0.7713,3.7076,3.83,-1.0245,-0.1890,-8.43
1788242138.169,0.2793,3.3688,-4.58,0.7682,3.7105,3.84,-1.0245,-0.1890,-8.43
1788242138.269,0.2779,3.3733,-4.57,0.7662,3.7147,3.86,-1.0245,-0.1890,-8.43
1788242138.369,0.2782,3.3785,-4.57,0.7657,3.7199,3.85,-1.0245,-0.1890,-8.43
1788242138.469,0.2786,3.3838,-4.07,0.7653,3.7252,4.36,-1.0245,-0.1890,-8.43
1788242138.569,0.2790,3.3890,-3.49,0.7649,3.7305,4.93,-1.0245,-0.1890,-8.43
1788242138.669,0.2792,3.3941,-2.92,0.7644,3.7356,5.51,-1.0245,-0.1890,-8.43
1788242138.769,0.2793,3.3992,-2.36,0.7637,3.7406,6.07,-1.0245,-0.1890,-8.43
1788242138.869,0.2793,3.4043,-1.80,0.7630,3.7457,6.63,-1.0245,-0.1890,-8.43
1788242138.969,0.2793,3.4094,-1.23,0.7623,3.7507,7.20,-1.0245,-0.1890,-8.43
1788242139.069,0.2793,3.4145,-0.67,0.7615,3.7557,7.76,-1.0245,-0.1890,-8.43
1788242139.169,0.2792,3.4195,-0.10,0.7606,3.7607,8.32,-1.0245,-0.1890,-8.43
1788242139.269,0.2791,3.4245,0.47,0.7598,3.7656,8.90,-1.0245,-0.1890,-8.43
1788242139.369,0.2790,3.4294,1.03,0.7590,3.7704,9.46,-1.0245,-0.1890,-8.43
1788242139.469,0.2788,3.4343,1.59,0.7581,3.7752,10.02,-1.0245,-0.1890,-8.43
1788242139.569,0.2786,3.4393,2.16,0.7571,3.7802,10.59,-1.0245,-0.1890,-8.43
1788242139.669,0.2783,3.4443,2.74,0.7562,3.7851,11.17,-1.0245,-0.1890,-8.43
1788242139.769,0.2780,3.4493,3.31,0.7551,3.7899,11.74,-1.0245,-0.1890,-8.43
1788242139.869,0.2777,3.4541,3.88,0.7541,3.7947,12.31,-1.0245,-0.1890,-8.43
1788242139.969,0.2775,3.4593,4.28,0.7531,3.7998,12.71,-1.0245,-0.1890,-8.43
1788242140.069,0.2772,3.4645,4.28,0.7521,3.8049,12.70,-1.0245,-0.1890,-8.43
1788242140.169,0.2747,3.4685,4.29,0.7490,3.8085,12.72,-1.0245,-0.1890,-8.43
1788242140.269,0.2713,3.4716,4.30,0.7452,3.8111,12.72,-1.0245,-0.1890,-8.43
1788242140.369,0.2681,3.4746,4.30,0.7416,3.8136,12.72,-1.0245,-0.1890,-8.43
1788242140.469,0.2649,3.4778,4.31,0.7380,3.8162,12.74,-1.0245,-0.1890,-8.43
1788242140.569,0.2616,3.4811,4.32,0.7342,3.8190,12.75,-1.0245,-0.1890,-8.43
1788242140.669,0.2582,3.4843,4.32,0.7304,3.8217,12.74,-1.0245,-0.1890,-8.43
1788242140.769,0.2547,3.4875,4.32,0.7265,3.8243,12.75,-1.0245,-0.1890,-8.43
1788242140.869,0.2514,3.4907,4.34,0.7227,3.8270,12.76,-1.0245,-0.1890,-8.43
1788242140.969,0.2479,3.4939,4.34,0.7188,3.8297,12.76,-1.0245,-0.1890,-8.43
1788242141.069,0.2444,3.4972,4.34,0.7148,3.8324,12.76,-1.0245,-0.1890,-8.43
1788242141.169,0.2916,3.3697,-1.40,0.7109,3.8351,12.76,-1.3955,-0.1722,-15.26
1788242141.269,0.2966,3.3442,-2.49,0.7071,3.8378,12.77,-1.3955,-0.1722,-15.26
1788242141.369,0.2936,3.3479,-2.48,0.7033,3.8405,12.78,-1.3955,-0.1722,-15.26
1788242141.469,0.2905,3.3515,-2.48,0.6994,3.8432,12.77,-1.3955,-0.1722,-15.26
1788242141.569,0.2874,3.3552,-2.48,0.6955,3.8459,12.77,-1.3955,-0.1722,-15.26
1788242141.669,0.2844,3.3588,-2.49,0.6916,3.8486,12.77,-1.3955,-0.1722,-15.26
1788242141.769,0.2812,3.3626,-2.49,0.6875,3.8514,12.77,-1.3955,-0.1722,-15.26
1788242141.869,0.2782,3.3662,-2.48,0.6836,3.8541,12.77,-1.3955,-0.1722,-15.26
1788242141.969,0.2751,3.3698,-2.49,0.6797,3.8568,12.77,-1.3955,-0.1722,-15.26
1788242142.069,0.2721,3.3734,-2.50,0.6758,3.8595,12.76,-1.3955,-0.1722,-15.26
1788242142.169,0.2690,3.3770,-2.49,0.6719,3.8622,12.76,-1.3955,-0.1722,-15.26
1788242142.269,0.2660,3.3806,-2.49,0.6681,3.8648,12.77,-1.3955,-0.1722,-15.26
1788242142.369,0.2629,3.3843,-2.49,0.6641,3.8676,12.76,-1.3955,-0.1722,-15.26
1788242142.469,0.2598,3.3880,-2.49,0.6601,3.8703,12.77,-1.3955,-0.1722,-15.26
1788242142.569,0.2567,3.3917,-2.49,0.6562,3.8731,12.76,-1.3955,-0.1722,-15.26
1788242142.669,0.2537,3.3953,-2.48,0.6523,3.8757,12.77,-1.3955,-0.1722,-15.26
1788242142.769,0.2507,3.3988,-2.48,0.6485,3.8784,12.77,-1.3955,-0.1722,-15.26
1788242142.869,0.2476,3.4025,-2.49,0.6445,3.8811,12.77,-1.3955,-0.1722,-15.26
1788242142.969,0.2475,3.4075,-2.48,0.6432,3.8859,12.78,-1.3955,-0.1722,-15.26
1788242143.069,0.2478,3.4127,-2.31,0.6421,3.8910,12.95,-1.3955,-0.1722,-15.26
1788242143.169,0.2478,3.4179,-1.73,0.6407,3.8960,13.53,-1.3955,-0.1722,-15.26
1788242143.269,0.2479,3.4230,-1.15,0.6395,3.9009,14.10,-1.3955,-0.1722,-15.26
1788242143.369,0.2479,3.4280,-0.58,0.6382,3.9058,14.68,-1.3955,-0.1722,-15.26
1788242143.469,0.2477,3.4331,-0.01,0.6366,3.9106,15.25,-1.3955,-0.1722,-15.26
1788242143.569,0.2476,3.4381,0.57,0.6352,3.9155,15.83,-1.3955,-0.1722,-15.26
1788242143.669,0.2475,3.4431,1.15,0.6337,3.9203,16.40,-1.3955,-0.1722,-15.26
1788242143.769,0.2473,3.4481,1.72,0.6322,3.9250,16.97,-1.3955,-0.1722,-15.26
1788242143.869,0.2471,3.4531,2.29,0.6308,3.9298,17.55,-1.3955,-0.1722,-15.26
1788242143.969,0.2469,3.4580,2.86,0.6293,3.9345,18.12,-1.3955,-0.1722,-15.26
1788242144.069,0.2465,3.4630,3.43,0.6276,3.9392,18.69,-1.3955,-0.1722,-15.26
1788242144.169,0.2463,3.4682,3.66,0.6260,3.9441,18.92,-1.3955,-0.1722,-15.26
1788242144.269,0.2460,3.4732,3.66,0.6244,3.9489,18.91,-1.3955,-0.1722,-15.26
1788242144.369,0.2458,3.4783,3.65,0.6228,3.9537,18.90,-1.3955,-0.1722,-15.26
1788242144.469,0.2455,3.4834,3.64,0.6213,3.9586,18.89,-1.3955,-0.1722,-15.26
1788242144.569,0.2452,3.4886,3.62,0.6196,3.9635,18.87,-1.3955,-0.1722,-15.26
1788242144.669,0.2449,3.4937,3.61,0.6179,3.9684,18.87,-1.3955,-0.1722,-15.26
1788242144.769,0.2426,3.4979,3.62,0.6146,3.9718,18.87,-1.3955,-0.1722,-15.26
1788242144.869,0.2394,3.5010,3.60,0.6107,3.9740,18.86,-1.3955,-0.1722,-15.26
1788242144.969,0.2362,3.5041,3.61,0.6068,3.9761,18.87,-1.3955,-0.1722,-15.26
1788242145.070,0.2330,3.5076,3.64,0.6028,3.9787,18.90,-1.3955,-0.1722,-15.26
1788242145.170,0.2296,3.5110,3.66,0.5987,3.9811,18.92,-1.3955,-0.1722,-15.26
1788242145.269,0.2262,3.5143,3.66,0.5945,3.9834,18.91,-1.3955,-0.1722,-15.26
1788242145.369,0.2229,3.5175,3.66,0.5905,3.9856,18.92,-1.3955,-0.1722,-15.26
1788242145.469,0.2195,3.5207,3.67,0.5864,3.9878,18.93,-1.3955,-0.1722,-15.26
1788242145.569,0.2160,3.5241,3.67,0.5821,3.9901,18.93,-1.3955,-0.1722,-15.26
1788242145.669,0.2125,3.5275,3.67,0.5778,3.9924,18.93,-1.3955,-0.1722,-15.26
1788242145.769,0.2092,3.5307,3.67,0.5738,3.9947,18.92,-1.3955,-0.1722,-15.26
1788242145.869,0.2057,3.5340,3.67,0.5695,3.9970,18.93,-1.3955,-0.1722,-15.26
1788242145.969,0.2023,3.5373,3.67,0.5654,3.9992,18.93,-1.3955,-0.1722,-15.26
1788242146.069,0.1989,3.5405,3.67,0.5613,4.0015,18.92,-1.3955,-0.1722,-15.26
1788242146.169,0.1955,3.5438,3.67,0.5571,4.0037,18.92,-1.3955,-0.1722,-15.26
1788242146.269,0.1920,3.5471,3.67,0.5529,4.0060,18.92,-1.3955,-0.1722,-15.26
1788242146.369,0.1888,3.5502,3.67,0.5490,4.0082,18.92,-1.3955,-0.1722,-15.26
1788242146.469,0.1854,3.5534,3.66,0.5449,4.0104,18.92,-1.3955,-0.1722,-15.26
1788242146.569,0.1820,3.5567,3.66,0.5407,4.0126,18.91,-1.3955,-0.1722,-15.26
1788242146.669,0.1784,3.5601,3.65,0.5364,4.0150,18.91,-1.3955,-0.1722,-15.26
1788242146.769,0.1751,3.5633,3.66,0.5323,4.0172,18.91,-1.3955,-0.1722,-15.26
1788242146.869,0.1718,3.5665,3.65,0.5283,4.0194,18.91,-1.3955,-0.1722,-15.26
1788242146.969,0.1684,3.5698,3.65,0.5241,4.0216,18.90,-1.3955,-0.1722,-15.26
1788242147.069,0.1649,3.5731,3.64,0.5199,4.0239,18.90,-1.3955,-0.1722,-15.26
1788242147.169,0.1614,3.5764,3.65,0.5157,4.0262,18.90,-1.3955,-0.1722,-15.26
1788242147.269,0.1581,3.5796,3.65,0.5116,4.0284,18.91,-1.3955,-0.1722,-15.26
1788242147.369,0.1546,3.5829,3.65,0.5074,4.0307,18.90,-1.3955,-0.1722,-15.26
1788242147.469,0.1511,3.5861,3.64,0.5031,4.0329,18.90,-1.3955,-0.1722,-15.26
1788242147.569,0.1468,3.5864,3.64,0.4989,4.0320,18.89,-1.3955,-0.1722,-15.26
1788242147.669,0.1423,3.5861,3.64,0.4947,4.0305,18.89,-1.3955,-0.1722,-15.26
1788242147.769,0.1381,3.5859,3.62,0.4906,4.0292,18.88,-1.3955,-0.1722,-15.26
1788242147.869,0.1338,3.5856,3.61,0.4865,4.0278,18.87,-1.3955,-0.1722,-15.26
1788242147.969,0.1293,3.5853,3.61,0.4823,4.0263,18.87,-1.3955,-0.1722,-15.26
1788242148.069,0.1246,3.5849,3.63,0.4779,4.0248,18.88,-1.3955,-0.1722,-15.26
1788242148.169,0.1199,3.5846,3.63,0.4735,4.0232,18.89,-1.3955,-0.1722,-15.26
1788242148.269,0.1153,3.5843,3.63,0.4690,4.0217,18.89,-1.3955,-0.1722,-15.26
1788242148.369,0.1107,3.5840,3.63,0.4647,4.0202,18.89,-1.3955,-0.1722,-15.26
1788242148.469,0.1062,3.5837,3.63,0.4605,4.0187,18.89,-1.3955,-0.1722,-15.26
1788242148.569,0.1017,3.5834,3.64,0.4562,4.0172,18.89,-1.3955,-0.1722,-15.26
1788242148.669,0.0969,3.5830,3.40,0.4517,4.0156,18.66,-1.3955,-0.1722,-15.26
1788242148.769,0.0920,3.5829,2.81,0.4470,4.0142,18.07,-1.3955,-0.1722,-15.26
1788242148.869,0.0874,3.5827,2.25,0.4426,4.0129,17.50,-1.3955,-0.1722,-15.26
1788242148.969,0.0827,3.5827,1.68,0.4381,4.0116,16.93,-1.3955,-0.1722,-15.26
1788242149.069,0.0780,3.5827,1.09,0.4335,4.0103,16.35,-1.3955,-0.1722,-15.26
1788242149.169,0.0734,3.5826,0.52,0.4291,4.0090,15.78,-1.3955,-0.1722,-15.26
1788242149.269,0.0687,3.5827,-0.05,0.4245,4.0079,15.20,-1.0462,-0.1606,-8.29
1788242149.369,-0.0532,3.7437,6.34,0.4199,4.0067,14.62,-1.0462,-0.1606,-8.29
1788242149.469,-0.0578,3.7431,5.77,0.4155,4.0054,14.05,-1.0462,-0.1606,-8.29
1788242149.569,-0.0624,3.7427,5.21,0.4110,4.0044,13.49,-1.0462,-0.1606,-8.29
1788242149.669,-0.0671,3.7425,4.63,0.4064,4.0035,12.92,-1.0462,-0.1606,-8.29
1788242149.769,-0.0716,3.7421,4.07,0.4020,4.0024,12.36,-1.0462,-0.1606,-8.29
1788242149.869,-0.0761,3.7418,3.50,0.3976,4.0015,11.78,-1.0462,-0.1606,-8.29
1788242149.969,-0.0808,3.7416,2.90,0.3930,4.0006,11.19,-1.0462,-0.1606,-8.29
1788242150.069,-0.0852,3.7413,2.35,0.3887,3.9997,10.63,-1.0462,-0.1606,-8.29
1788242150.169,-0.0898,3.7412,1.77,0.3841,3.9990,10.06,-1.0462,-0.1606,-8.29
1788242150.269,-0.0945,3.7412,1.18,0.3795,3.9982,9.47,-1.0462,-0.1606,-8.29
1788242150.369,-0.0989,3.7410,0.62,0.3751,3.9974,8.90,-1.0462,-0.1606,-8.29
1788242150.469,-0.1035,3.7410,0.04,0.3706,3.9967,8.33,-1.0462,-0.1606,-8.29
1788242150.569,-0.1082,3.7411,-0.55,0.3660,3.9961,7.73,-1.0462,-0.1606,-8.29
1788242150.669,-0.1126,3.7410,-1.12,0.3616,3.9954,7.17,-1.0462,-0.1606,-8.29
1788242150.769,-0.1172,3.7412,-1.69,0.3570,3.9950,6.59,-1.0462,-0.1606,-8.29
1788242150.869,-0.1218,3.7414,-2.28,0.3524,3.9945,6.01,-1.0462,-0.1606,-8.29
1788242150.969,-0.1263,3.7415,-2.84,0.3480,3.9940,5.44,-1.0462,-0.1606,-8.29
1788242151.069,-0.1309,3.7419,-3.41,0.3434,3.9937,4.88,-1.0462,-0.1606,-8.29
1788242151.169,-0.1356,3.7423,-3.99,0.3387,3.9934,4.29,-1.0462,-0.1606,-8.29
1788242151.269,-0.1401,3.7426,-4.55,0.3342,3.9930,3.74,-1.0462,-0.1606,-8.29
1788242151.369,-0.1447,3.7429,-4.87,0.3296,3.9927,3.41,-1.0462,-0.1606,-8.29
1788242151.469,-0.1495,3.7431,-4.86,0.3248,3.9922,3.43,-1.0462,-0.1606,-8.29
1788242151.569,-0.1521,3.7403,-4.83,0.3226,3.9891,3.46,-1.0462,-0.1606,-8.29
1788242151.669,-0.1525,3.7352,-4.80,0.3229,3.9840,3.48,-1.0462,-0.1606,-8.29
1788242151.769,-0.1529,3.7299,-4.78,0.3233,3.9787,3.50,-1.0462,-0.1606,-8.29
1788242151.869,-0.1533,3.7246,-4.77,0.3237,3.9733,3.52,-1.0462,-0.1606,-8.29
1788242151.969,-0.1538,3.7193,-4.76,0.3240,3.9680,3.53,-1.0462,-0.1606,-8.29
1788242152.069,-0.1542,3.7141,-4.74,0.3243,3.9628,3.54,-1.0462,-0.1606,-8.29
1788242152.170,-0.1545,3.7091,-4.75,0.3247,3.9579,3.54,-1.0462,-0.1606,-8.29
1788242152.269,-0.1550,3.7041,-4.74,0.3250,3.9528,3.54,-1.0462,-0.1606,-8.29
1788242152.369,-0.1554,3.6992,-4.74,0.3253,3.9479,3.54,-1.0462,-0.1606,-8.29
1788242152.469,-0.1558,3.6941,-4.74,0.3256,3.9428,3.55,-1.0462,-0.1606,-8.29
1788242152.569,-0.1562,3.6891,-4.74,0.3260,3.9378,3.55,-1.0462,-0.1606,-8.29
1788242152.669,-0.1566,3.6840,-4.72,0.3263,3.9327,3.56,-1.0462,-0.1606,-8.29
1788242152.769,-0.1570,3.6789,-4.72,0.3266,3.9276,3.57,-1.0462,-0.1606,-8.29
1788242152.869,-0.1579,3.6740,-4.72,0.3264,3.9227,3.57,-1.0462,-0.1606,-8.29
1788242152.969,-0.1611,3.6708,-4.72,0.3237,3.9190,3.56,-1.0462,-0.1606,-8.29
1788242153.069,-0.1642,3.6673,-4.72,0.3211,3.9151,3.57,-1.0462,-0.1606,-8.29
1788242153.169,-0.1653,3.6629,-4.71,0.3207,3.9105,3.58,-1.0462,-0.1606,-8.29
1788242153.269,-0.1657,3.6579,-4.69,0.3211,3.9055,3.60,-1.0462,-0.1606,-8.29
1788242153.369,-0.1661,3.6527,-4.68,0.3214,3.9003,3.60,-1.0462,-0.1606,-8.29
1788242153.469,-0.1665,3.6475,-4.67,0.3217,3.8951,3.61,-1.0462,-0.1606,-8.29
1788242153.569,-0.1669,3.6424,-4.67,0.3221,3.8901,3.61,-1.0462,-0.1606,-8.29
1788242153.669,-0.1673,3.6374,-4.67,0.3224,3.8851,3.62,-1.0462,-0.1606,-8.29
1788242153.769,-0.1676,3.6324,-4.67,0.3228,3.8801,3.62,-1.0462,-0.1606,-8.29
1788242153.870,-0.1681,3.6275,-4.67,0.3231,3.8751,3.62,-1.0462,-0.1606,-8.29
1788242153.969,-0.1684,3.6225,-4.66,0.3234,3.8702,3.62,-1.0462,-0.1606,-8.29
1788242154.069,-0.1688,3.6175,-4.66,0.3237,3.8651,3.62,-1.0462,-0.1606,-8.29
1788242154.169,-0.1692,3.6125,-4.67,0.3241,3.8602,3.62,-0.1895,-0.1578,2.68
1788242154.269,-0.0479,3.7088,6.29,0.3224,3.8558,3.61,-0.1895,-0.1578,2.68
1788242154.369,-0.0501,3.7047,6.30,0.3201,3.8517,3.61,-0.1895,-0.1578,2.68
1788242154.469,-0.0496,3.6997,6.31,0.3204,3.8467,3.62,-0.1895,-0.1578,2.68
1788242154.569,-0.0490,3.6946,6.31,0.3207,3.8416,3.63,-0.1895,-0.1578,2.68
1788242154.669,-0.0484,3.6896,6.31,0.3211,3.8365,3.63,-0.1895,-0.1578,2.68
1788242154.769,-0.0478,3.6845,6.31,0.3215,3.8315,3.63,-0.1895,-0.1578,2.68
1788242154.869,-0.0472,3.6795,6.31,0.3218,3.8264,3.63,-0.1895,-0.1578,2.68
1788242154.969,-0.0466,3.6744,6.32,0.3221,3.8213,3.63,-0.1895,-0.1578,2.68
1788242155.069,-0.0460,3.6694,6.32,0.3225,3.8163,3.63,-0.1895,-0.1578,2.68
1788242155.169,-0.0478,3.6650,6.32,0.3205,3.8120,3.64,-0.1895,-0.1578,2.68
1788242155.269,-0.0499,3.6608,6.31,0.3182,3.8079,3.63,-0.1895,-0.1578,2.68
1788242155.369,-0.0495,3.6559,6.31,0.3184,3.8030,3.62,-0.1895,-0.1578,2.68
1788242155.469,-0.0489,3.6508,6.31,0.3188,3.7978,3.63,-0.1895,-0.1578,2.68
1788242155.569,-0.0483,3.6456,6.32,0.3191,3.7926,3.64,-0.1895,-0.1578,2.68
1788242155.669,-0.0478,3.6404,6.33,0.3194,3.7874,3.65,-0.1895,-0.1578,2.68
1788242155.769,-0.0472,3.6353,6.33,0.3197,3.7823,3.65,-0.1895,-0.1578,2.68
1788242155.869,-0.0466,3.6304,6.32,0.3202,3.7774,3.64,-0.1895,-0.1578,2.68
1788242155.969,-0.0460,3.6255,6.32,0.3205,3.7725,3.64,-0.1895,-0.1578,2.68
1788242156.069,-0.0471,3.6211,6.33,0.3192,3.7680,3.64,-0.1895,-0.1578,2.68
1788242156.169,-0.0492,3.6168,6.37,0.3169,3.7639,3.68,-0.1895,-0.1578,2.68
1788242156.269,-0.0496,3.6122,6.39,0.3162,3.7593,3.71,-0.1895,-0.1578,2.68
1788242156.369,-0.0490,3.6070,6.41,0.3166,3.7541,3.72,-0.1895,-0.1578,2.68
1788242156.469,-0.0484,3.6020,6.40,0.3170,3.7491,3.72,-0.1895,-0.1578,2.68
1788242156.569,-0.0478,3.5970,6.39,0.3174,3.7440,3.70,-0.1895,-0.1578,2.68
1788242156.669,-0.0473,3.5918,6.39,0.3176,3.7388,3.70,-0.1895,-0.1578,2.68
1788242156.769,-0.0467,3.5867,6.39,0.3180,3.7337,3.70,-0.1895,-0.1578,2.68
1788242156.869,-0.0461,3.5816,6.38,0.3183,3.7286,3.70,-0.1895,-0.1578,2.68
1788242156.969,-0.0456,3.5766,6.39,0.3186,3.7236,3.70,-0.1895,-0.1578,2.68
1788242157.069,-0.0450,3.5716,6.39,0.3189,3.7185,3.70,-0.1895,-0.1578,2.68
1788242157.169,-0.0444,3.5668,6.38,0.3193,3.7137,3.70,-0.1895,-0.1578,2.68
1788242157.269,-0.0438,3.5619,6.38,0.3197,3.7088,3.70,-0.1895,-0.1578,2.68
1788242157.369,-0.0433,3.5569,6.38,0.3200,3.7038,3.70,-0.1895,-0.1578,2.68
1788242157.469,-0.0427,3.5519,6.38,0.3203,3.6988,3.70,-0.1895,-0.1578,2.68
1788242157.569,-0.0421,3.5468,6.38,0.3206,3.6937,3.70,-0.1895,-0.1578,2.68
1788242157.669,-0.0416,3.5417,6.39,0.3209,3.6886,3.70,-0.1895,-0.1578,2.68
1788242157.769,-0.0411,3.5367,6.39,0.3213,3.6835,3.70,-0.1895,-0.1578,2.68
1788242157.869,-0.0405,3.5319,6.38,0.3216,3.6787,3.70,-0.1895,-0.1578,2.68
1788242157.969,-0.0399,3.5270,6.38,0.3219,3.6737,3.70,-0.1895,-0.1578,2.68
1788242158.069,-0.0394,3.5220,6.38,0.3222,3.6687,3.69,-0.1895,-0.1578,2.68
1788242158.169,-0.0388,3.5170,6.38,0.3226,3.6637,3.69,-0.1895,-0.1578,2.68
1788242158.269,-0.0383,3.5120,6.38,0.3228,3.6587,3.69,-0.1895,-0.1578,2.68
1788242158.369,-0.0377,3.5070,6.37,0.3232,3.6536,3.69,-0.1895,-0.1578,2.68
1788242158.469,-0.0371,3.5021,6.36,0.3236,3.6487,3.68,-0.1895,-0.1578,2.68
1788242158.569,-0.0366,3.4970,6.37,0.3239,3.6437,3.68,-0.1895,-0.1578,2.68
1788242158.669,-0.0360,3.4920,6.36,0.3242,3.6386,3.68,-0.1895,-0.1578,2.68
1788242158.769,-0.0355,3.4870,6.37,0.3245,3.6336,3.68,-0.1895,-0.1578,2.68
1788242158.869,-0.0349,3.4821,6.38,0.3248,3.6287,3.69,-0.1895,-0.1578,2.68
1788242158.969,-0.0344,3.4773,6.39,0.3252,3.6239,3.71,-0.1895,-0.1578,2.68
1788242159.069,-0.0338,3.4725,6.39,0.3255,3.6190,3.71,-0.1895,-0.1578,2.68
1788242159.169,-0.0333,3.4675,6.39,0.3258,3.6140,3.71,-0.1895,-0.1578,2.68
1788242159.269,-0.0327,3.4625,6.39,0.3261,3.6090,3.71,-0.1895,-0.1578,2.68
1788242159.369,-0.0322,3.4574,6.40,0.3264,3.6039,3.71,-0.1895,-0.1578,2.68
1788242159.469,-0.0317,3.4524,6.40,0.3267,3.5988,3.71,-0.1895,-0.1578,2.68
1788242159.569,-0.0311,3.4473,6.40,0.3270,3.5937,3.71,-0.1895,-0.1578,2.68
1788242159.669,-0.0305,3.4425,6.39,0.3274,3.5889,3.71,-0.1895,-0.1578,2.68
1788242159.769,-0.0299,3.4375,6.39,0.3277,3.5839,3.70,-0.1895,-0.1578,2.68
1788242159.869,-0.0294,3.4326,6.39,0.3281,3.5790,3.70,-0.1895,-0.1578,2.68
1788242159.969,-0.0288,3.4276,6.39,0.3284,3.5739,3.70,-0.1895,-0.1578,2.68
1788242160.069,-0.0282,3.4225,6.39,0.3287,3.5688,3.70,-0.1895,-0.1578,2.68
1788242160.169,-0.0277,3.4175,6.39,0.3290,3.5638,3.71,-0.1895,-0.1578,2.68
1788242160.269,-0.0272,3.4125,6.39,0.3293,3.5588,3.71,-0.1895,-0.1578,2.68
1788242160.369,-0.0267,3.4076,6.40,0.3296,3.5539,3.71,-0.1895,-0.1578,2.68
1788242160.469,-0.0261,3.4027,6.40,0.3299,3.5489,3.71,-0.1895,-0.1578,2.68
1788242160.569,-0.0256,3.3977,6.40,0.3302,3.5439,3.71,-0.1895,-0.1578,2.68
1788242160.669,-0.0250,3.3927,6.40,0.3306,3.5389,3.71,-0.1895,-0.1578,2.68
1788242160.769,-0.0245,3.3877,6.40,0.3308,3.5339,3.71,-0.1895,-0.1578,2.68
1788242160.869,-0.0239,3.3828,6.40,0.3312,3.5290,3.71,-0.1895,-0.1578,2.68
1788242160.969,-0.0234,3.3780,6.41,0.3315,3.5241,3.72,-0.1895,-0.1578,2.68
1788242161.069,-0.0228,3.3730,6.41,0.3318,3.5192,3.72,-0.1895,-0.1578,2.68
1788242161.169,-0.0223,3.3681,6.41,0.3321,3.5142,3.73,-0.1895,-0.1578,2.68
1788242161.269,-0.0217,3.3631,6.41,0.3324,3.5092,3.73,-0.1895,-0.1578,2.68
1788242161.369,-0.0212,3.3581,6.41,0.3327,3.5042,3.73,-0.1895,-0.1578,2.68
1788242161.469,-0.0206,3.3531,6.41,0.3331,3.4991,3.72,-0.1895,-0.1578,2.68
1788242161.569,-0.2007,3.2666,2.18,0.3334,3.4942,3.72,-0.6281,-0.2173,-1.54
1788242161.669,-0.2005,3.2617,2.18,0.3338,3.4893,3.72,-0.6281,-0.2173,-1.54
1788242161.769,-0.2003,3.2567,2.17,0.3341,3.4843,3.72,-0.6281,-0.2173,-1.54
1788242161.869,-0.2000,3.2517,2.17,0.3344,3.4793,3.72,-0.6281,-0.2173,-1.54
1788242161.969,-0.1998,3.2467,2.17,0.3348,3.4743,3.72,-0.6281,-0.2173,-1.54
1788242162.069,-0.1997,3.2416,2.17,0.3351,3.4692,3.72,-0.6281,-0.2173,-1.54
1788242162.169,-0.1995,3.2366,2.17,0.3354,3.4642,3.71,-0.6281,-0.2173,-1.54
1788242162.269,-0.1993,3.2317,2.17,0.3357,3.4593,3.71,-0.6281,-0.2173,-1.54
1788242162.369,-0.1991,3.2267,2.16,0.3361,3.4544,3.71,-0.6281,-0.2173,-1.54
1788242162.469,-0.1989,3.2217,2.17,0.3364,3.4494,3.71,-0.6281,-0.2173,-1.54
1788242162.569,-0.1987,3.2168,2.16,0.3367,3.4444,3.71,-0.6281,-0.2173,-1.54
1788242162.669,-0.1985,3.2117,2.17,0.3370,3.4394,3.71,-0.6281,-0.2173,-1.54
1788242162.769,-0.1983,3.2067,2.17,0.3373,3.4343,3.71,-0.6281,-0.2173,-1.54
1788242162.869,-0.1981,3.2017,2.17,0.3377,3.4294,3.71,-0.6281,-0.2173,-1.54
1788242162.969,-0.1980,3.1967,2.16,0.3380,3.4244,3.71,-0.6281,-0.2173,-1.54
1788242163.069,-0.1978,3.1917,2.17,0.3383,3.4194,3.71,-0.6281,-0.2173,-1.54
1788242163.169,-0.1976,3.1867,2.17,0.3387,3.4144,3.71,-0.6281,-0.2173,-1.54
1788242163.269,-0.1974,3.1817,2.17,0.3390,3.4094,3.71,-0.6281,-0.2173,-1.54
1788242163.369,-0.1972,3.1767,2.17,0.3393,3.4044,3.71,-0.6281,-0.2173,-1.54
1788242163.469,-0.1970,3.1717,2.17,0.3396,3.3994,3.71,-0.6281,-0.2173,-1.54
1788242163.569,-0.1968,3.1668,2.16,0.3400,3.3945,3.70,-0.6281,-0.2173,-1.54
1788242163.669,-0.1966,3.1618,2.16,0.3403,3.3895,3.70,-0.6281,-0.2173,-1.54
1788242163.769,-0.1964,3.1568,2.16,0.3406,3.3845,3.70,-0.6281,-0.2173,-1.54
1788242163.869,-0.1962,3.1517,2.16,0.3410,3.3794,3.70,-0.6281,-0.2173,-1.54
1788242163.969,-0.1960,3.1466,2.16,0.3413,3.3744,3.70,-0.6281,-0.2173,-1.54
1788242164.069,-0.1958,3.1417,2.15,0.3416,3.3694,3.69,-0.6281,-0.2173,-1.54
1788242164.169,-0.1956,3.1369,2.15,0.3420,3.3646,3.69,-0.6281,-0.2173,-1.54
1788242164.269,-0.1953,3.1320,2.15,0.3424,3.3598,3.70,-0.6281,-0.2173,-1.54
1788242164.369,-0.1951,3.1270,2.16,0.3427,3.3548,3.70,-0.6281,-0.2173,-1.54
1788242164.469,-0.1950,3.1219,2.16,0.3430,3.3497,3.70,-0.6281,-0.2173,-1.54
1788242164.569,-0.1948,3.1169,2.16,0.3433,3.3446,3.70,-0.6281,-0.2173,-1.54
1788242164.669,-0.1947,3.1118,2.16,0.3436,3.3396,3.70,-0.6281,-0.2173,-1.54
1788242164.769,-0.1944,3.1068,2.16,0.3439,3.3346,3.70,-0.6281,-0.2173,-1.54
1788242164.869,-0.1942,3.1018,2.14,0.3443,3.3296,3.69,-0.6281,-0.2173,-1.54
1788242164.969,-0.1941,3.0968,2.15,0.3446,3.3246,3.69,-0.6281,-0.2173,-1.54
1788242165.069,-0.1939,3.0918,2.15,0.3448,3.3196,3.69,-0.6281,-0.2173,-1.54
1788242165.169,-0.1938,3.0867,2.15,0.3451,3.3145,3.69,-0.6281,-0.2173,-1.54
1788242165.269,-0.1936,3.0817,2.14,0.3454,3.3095,3.69,-0.6281,-0.2173,-1.54
1788242165.369,-0.1934,3.0768,2.14,0.3458,3.3047,3.68,-0.6281,-0.2173,-1.54
1788242165.469,-0.1931,3.0720,2.13,0.3462,3.2999,3.67,-0.6281,-0.2173,-1.54
1788242165.569,-0.1929,3.0671,2.13,0.3465,3.2949,3.67,-0.6281,-0.2173,-1.54
1788242165.669,-0.1928,3.0620,2.13,0.3468,3.2898,3.68,-0.6281,-0.2173,-1.54
1788242165.769,-0.1927,3.0568,2.14,0.3471,3.2847,3.68,-0.6281,-0.2173,-1.54
1788242165.869,-0.1925,3.0517,2.14,0.3474,3.2796,3.69,-0.6281,-0.2173,-1.54
1788242165.969,-0.1923,3.0466,2.15,0.3477,3.2745,3.69,-0.6281,-0.2173,-1.54
1788242166.069,-0.1921,3.0417,2.14,0.3481,3.2696,3.68,-0.6281,-0.2173,-1.54
1788242166.169,-0.1919,3.0367,2.13,0.3484,3.2646,3.68,-0.6281,-0.2173,-1.54
1788242166.269,-0.1917,3.0317,2.13,0.3487,3.2596,3.67,-0.6281,-0.2173,-1.54
1788242166.369,-0.1916,3.0266,2.13,0.3490,3.2545,3.68,-0.6281,-0.2173,-1.54
1788242166.469,-0.1915,3.0215,2.14,0.3492,3.2494,3.68,-0.6281,-0.2173,-1.54
1788242166.569,-0.1913,3.0164,2.14,0.3495,3.2443,3.69,-0.6281,-0.2173,-1.54
1788242166.669,-0.1911,3.0114,2.15,0.3499,3.2394,3.69,-0.6281,-0.2173,-1.54
1788242166.769,-0.1909,3.0067,2.14,0.3502,3.2346,3.68,-0.6281,-0.2173,-1.54
1788242166.869,-0.1907,3.0019,2.14,0.3505,3.2298,3.69,-0.6281,-0.2173,-1.54
1788242166.969,-0.1905,2.9969,2.14,0.3508,3.2249,3.69,-0.6281,-0.2173,-1.54
1788242167.069,-0.1903,2.9919,2.14,0.3512,3.2199,3.69,-0.6281,-0.2173,-1.54
1788242167.169,-0.1901,2.9869,2.15,0.3515,3.2148,3.69,-0.6281,-0.2173,-1.54
1788242167.269,-0.1899,2.9818,2.15,0.3518,3.2097,3.70,-0.6281,-0.2173,-1.54
1788242167.369,-0.1898,2.9766,2.15,0.3521,3.2046,3.70,-0.6281,-0.2173,-1.54
1788242167.469,-0.1916,2.9723,2.14,0.3504,3.2002,3.69,-0.6281,-0.2173,-1.54
1788242167.569,-0.1941,2.9688,2.14,0.3480,3.1966,3.68,-0.6281,-0.2173,-1.54
1788242167.669,-0.1939,2.9637,2.14,0.3483,3.1916,3.68,-0.6281,-0.2173,-1.54
1788242167.769,-0.1950,2.9590,2.14,0.3473,3.1868,3.68,-0.6281,-0.2173,-1.54
1788242167.869,-0.1976,2.9553,2.12,0.3448,3.1831,3.67,-0.6281,-0.2173,-1.54
1788242167.969,-0.1980,2.9508,2.11,0.3446,3.1785,3.65,-0.6281,-0.2173,-1.54
1788242168.069,-0.1978,2.9455,2.12,0.3450,3.1733,3.66,-0.6281,-0.2173,-1.54
1788242168.169,-0.1975,2.9401,2.13,0.3454,3.1679,3.67,-0.6281,-0.2173,-1.54
1788242168.269,-0.1973,2.9349,2.14,0.3457,3.1627,3.68,-0.6281,-0.2173,-1.54
1788242168.369,-0.1969,2.9298,2.43,0.3462,3.1576,3.97,-0.6281,-0.2173,-1.54
1788242168.469,-0.1965,2.9249,2.98,0.3468,3.1527,4.53,-0.6281,-0.2173,-1.54
1788242168.569,-0.1962,2.9197,3.28,0.3472,3.1475,4.82,-0.6281,-0.2173,-1.54
1788242168.669,-0.1961,2.9145,3.30,0.3474,3.1423,4.84,-0.6281,-0.2173,-1.54
1788242168.769,-0.1959,2.9095,3.30,0.3478,3.1373,4.85,-0.6281,-0.2173,-1.54
1788242168.869,-0.1956,2.9047,3.30,0.3482,3.1325,4.84,-0.1663,-0.4026,5.03
1788242168.969,-0.0932,2.7437,9.68,0.3485,3.1278,4.65,-0.1663,-0.4026,5.03
1788242169.069,-0.0924,2.7390,9.12,0.3488,3.1231,4.10,-0.1663,-0.4026,5.03
1788242169.169,-0.0916,2.7340,8.55,0.3492,3.1180,3.52,-0.1663,-0.4026,5.03
1788242169.269,-0.0908,2.7290,7.98,0.3496,3.1130,2.96,-0.1663,-0.4026,5.03
1788242169.369,-0.0903,2.7239,7.92,0.3497,3.1078,2.90,-0.1663,-0.4026,5.03
1788242169.469,-0.0896,2.7189,7.93,0.3499,3.1028,2.91,-0.1663,-0.4026,5.03
1788242169.569,-0.0888,2.7138,7.93,0.3502,3.0977,2.91,-0.1663,-0.4026,5.03
1788242169.669,-0.0881,2.7087,7.94,0.3505,3.0925,2.92,-0.1663,-0.4026,5.03
1788242169.769,-0.0874,2.7036,7.78,0.3507,3.0873,2.75,-0.1663,-0.4026,5.03
1788242169.869,-0.0869,2.6987,7.22,0.3508,3.0824,2.20,-0.1663,-0.4026,5.03
1788242169.969,-0.0863,2.6936,7.05,0.3509,3.0773,2.02,-0.1663,-0.4026,5.03
1788242170.069,-0.0857,2.6887,7.04,0.3511,3.0724,2.01,-0.1663,-0.4026,5.03
1788242170.169,-0.0851,2.6838,7.04,0.3513,3.0674,2.01,-0.1663,-0.4026,5.03
1788242170.269,-0.0845,2.6788,7.04,0.3514,3.0625,2.01,-0.1663,-0.4026,5.03
1788242170.369,-0.0839,2.6739,7.04,0.3516,3.0575,2.01,-0.1663,-0.4026,5.03
1788242170.469,-0.0833,2.6689,7.04,0.3518,3.0525,2.02,-0.1663,-0.4026,5.03
1788242170.569,-0.0826,2.6639,7.04,0.3520,3.0475,2.02,-0.1663,-0.4026,5.03
1788242170.669,-0.0821,2.6591,7.06,0.3521,3.0426,2.03,-0.1663,-0.4026,5.03
1788242170.769,-0.0815,2.6542,7.06,0.3523,3.0376,2.03,-0.1663,-0.4026,5.03
1788242170.869,-0.0808,2.6492,7.06,0.3525,3.0326,2.03,-0.1663,-0.4026,5.03
1788242170.969,-0.0802,2.6442,7.05,0.3527,3.0276,2.02,-0.1663,-0.4026,5.03
1788242171.069,-0.0795,2.6391,7.05,0.3529,3.0225,2.02,-0.1663,-0.4026,5.03
1788242171.169,-0.0788,2.6340,7.05,0.3532,3.0174,2.02,-0.1663,-0.4026,5.03
1788242171.269,-0.0782,2.6291,7.05,0.3534,3.0124,2.02,-0.1663,-0.4026,5.03
1788242171.369,-0.0776,2.6245,7.05,0.3535,3.0077,2.02,-0.1663,-0.4026,5.03
1788242171.469,-0.0770,2.6195,7.05,0.3537,3.0027,2.02,-0.1663,-0.4026,5.03
1788242171.569,-0.0764,2.6145,7.05,0.3539,2.9976,2.02,-0.1663,-0.4026,5.03
1788242171.669,-0.0758,2.6095,7.04,0.3541,2.9926,2.02,-0.1663,-0.4026,5.03
1788242171.769,-0.0751,2.6044,7.04,0.3543,2.9875,2.02,-0.1663,-0.4026,5.03
1788242171.869,-0.0745,2.5994,7.05,0.3544,2.9825,2.02,-0.1663,-0.4026,5.03
1788242171.969,-0.0739,2.5946,7.05,0.3546,2.9776,2.02,-0.1663,-0.4026,5.03
1788242172.069,-0.0733,2.5898,7.05,0.3548,2.9728,2.02,-0.1663,-0.4026,5.03
1788242172.169,-0.0727,2.5847,7.05,0.3549,2.9677,2.02,-0.1663,-0.4026,5.03
1788242172.269,-0.0721,2.5797,7.05,0.3551,2.9627,2.02,-0.1663,-0.4026,5.03
1788242172.369,-0.0715,2.5748,7.05,0.3553,2.9577,2.02,-0.1663,-0.4026,5.03
1788242172.469,-0.0709,2.5698,7.05,0.3554,2.9526,2.02,-0.1663,-0.4026,5.03
1788242172.569,-0.0703,2.5649,7.05,0.3556,2.9477,2.02,-0.1663,-0.4026,5.03
1788242172.669,-0.0697,2.5600,7.05,0.3558,2.9428,2.03,-0.1663,-0.4026,5.03
1788242172.769,-0.0690,2.5551,7.05,0.3560,2.9378,2.02,-0.1663,-0.4026,5.03
1788242172.869,-0.0685,2.5501,7.05,0.3561,2.9328,2.03,-0.1663,-0.4026,5.03
1788242172.969,-0.0680,2.5452,6.72,0.3562,2.9279,1.69,-0.1663,-0.4026,5.03
1788242173.069,-0.0672,2.5400,6.16,0.3565,2.9226,1.13,-0.1663,-0.4026,5.03
1788242173.169,-0.0667,2.5347,5.58,0.3565,2.9174,0.55,-0.1663,-0.4026,5.03
1788242173.269,-0.0663,2.5299,5.04,0.3565,2.9125,0.01,-0.1663,-0.4026,5.03
1788242173.369,-0.0658,2.5248,4.47,0.3566,2.9074,-0.55,-0.1663,-0.4026,5.03
1788242173.469,-0.0653,2.5198,3.90,0.3566,2.9024,-1.13,-0.1663,-0.4026,5.03
1788242173.569,-0.0649,2.5148,3.34,0.3566,2.8973,-1.69,-0.1663,-0.4026,5.03
1788242173.669,-0.0645,2.5098,2.78,0.3566,2.8923,-2.25,-0.1663,-0.4026,5.03
1788242173.769,-0.0641,2.5047,2.21,0.3566,2.8872,-2.81,-0.1663,-0.4026,5.03
1788242173.869,-0.0638,2.4997,1.66,0.3563,2.8822,-3.37,-0.1663,-0.4026,5.03
1788242173.969,-0.0637,2.4948,1.09,0.3561,2.8773,-3.94,-0.1663,-0.4026,5.03
1788242174.069,-0.0634,2.4897,0.51,0.3558,2.8722,-4.51,-0.1663,-0.4026,5.03
1788242174.169,-0.0634,2.4847,-0.06,0.3554,2.8672,-5.08,-0.1663,-0.4026,5.03
1788242174.269,-0.0633,2.4797,-0.62,0.3551,2.8622,-5.65,-0.1663,-0.4026,5.03
1788242174.369,-0.0633,2.4746,-1.19,0.3547,2.8572,-6.21,-0.1663,-0.4026,5.03
1788242174.469,-0.0634,2.4697,-1.75,0.3541,2.8522,-6.78,-0.1663,-0.4026,5.03
1788242174.569,-0.0635,2.4646,-2.32,0.3536,2.8472,-7.35,-0.1663,-0.4026,5.03
1788242174.669,-0.0636,2.4596,-2.89,0.3530,2.8423,-7.91,-0.1663,-0.4026,5.03
1788242174.769,-0.0639,2.4546,-3.46,0.3523,2.8373,-8.49,-0.1663,-0.4026,5.03
1788242174.869,-0.0641,2.4495,-4.03,0.3516,2.8322,-9.05,-0.1663,-0.4026,5.03
1788242174.969,-0.0647,2.4446,-4.25,0.3506,2.8274,-9.28,-0.1663,-0.4026,5.03
1788242175.069,-0.0653,2.4398,-4.26,0.3496,2.8226,-9.28,-0.1663,-0.4026,5.03
1788242175.169,-0.0658,2.4350,-4.26,0.3487,2.8180,-9.29,-0.1663,-0.4026,5.03
1788242175.269,-0.0664,2.4301,-4.28,0.3477,2.8131,-9.30,-0.1663,-0.4026,5.03
1788242175.369,-0.0669,2.4251,-4.29,0.3467,2.8082,-9.32,-0.1663,-0.4026,5.03
1788242175.469,-0.0674,2.4201,-4.30,0.3458,2.8032,-9.32,-0.1663,-0.4026,5.03
1788242175.569,-0.0679,2.4151,-4.30,0.3449,2.7983,-9.33,-0.1663,-0.4026,5.03
1788242175.669,-0.0683,2.4101,-4.31,0.3440,2.7933,-9.33,-0.1663,-0.4026,5.03
1788242175.769,-0.0686,2.4052,-4.31,0.3433,2.7885,-9.33,-0.1663,-0.4026,5.03
1788242175.869,-0.0691,2.4004,-4.30,0.3424,2.7838,-9.33,-0.1663,-0.4026,5.03
1788242175.969,-0.0694,2.3955,-4.29,0.3416,2.7789,-9.32,-0.1663,-0.4026,5.03
1788242176.069,-0.0699,2.3904,-4.30,0.3408,2.7739,-9.32,-0.1663,-0.4026,5.03
1788242176.169,-0.1178,2.4862,-6.53,0.3399,2.7689,-9.32,-0.4201,-0.2291,1.40
1788242176.269,-0.1485,2.5422,-7.92,0.3390,2.7639,-9.32,-0.4201,-0.2291,1.40
1788242176.369,-0.1492,2.5372,-7.93,0.3382,2.7588,-9.32,-0.4201,-0.2291,1.40
1788242176.469,-0.1499,2.5321,-7.96,0.3374,2.7538,-9.36,-0.4201,-0.2291,1.40
1788242176.569,-0.1506,2.5274,-8.48,0.3366,2.7491,-9.88,-0.4201,-0.2291,1.40
1788242176.669,-0.1513,2.5225,-9.05,0.3358,2.7442,-10.45,-0.4201,-0.2291,1.40
1788242176.769,-0.1520,2.5177,-9.62,0.3350,2.7394,-11.02,-0.4201,-0.2291,1.40
1788242176.869,-0.1529,2.5127,-10.20,0.3339,2.7345,-11.60,-0.4201,-0.2291,1.40
1788242176.969,-0.1538,2.5077,-10.77,0.3329,2.7295,-12.17,-0.4201,-0.2291,1.40
1788242177.069,-0.1547,2.5028,-11.34,0.3319,2.7246,-12.73,-0.4201,-0.2291,1.40
1788242177.169,-0.1558,2.4979,-11.91,0.3307,2.7197,-13.31,-0.4201,-0.2291,1.40
1788242177.269,-0.1570,2.4927,-12.46,0.3294,2.7146,-13.86,-0.4201,-0.2291,1.40
1788242177.369,-0.1581,2.4878,-12.90,0.3281,2.7097,-14.30,-0.4201,-0.2291,1.40
1788242177.469,-0.1593,2.4829,-12.92,0.3269,2.7048,-14.31,-0.4201,-0.2291,1.40
1788242177.569,-0.1604,2.4780,-12.91,0.3256,2.6999,-14.31,-0.4201,-0.2291,1.40
1788242177.669,-0.1616,2.4731,-12.92,0.3243,2.6951,-14.32,-0.4201,-0.2291,1.40
1788242177.769,-0.1627,2.4685,-12.91,0.3231,2.6905,-14.31,-0.4201,-0.2291,1.40
1788242177.869,-0.1635,2.4638,-12.90,0.3221,2.6859,-14.30,-0.4201,-0.2291,1.40
1788242177.969,-0.1644,2.4593,-12.90,0.3211,2.6813,-14.30,-0.4201,-0.2291,1.40
1788242178.069,-0.1655,2.4544,-12.90,0.3199,2.6765,-14.30,-0.4201,-0.2291,1.40
1788242178.169,-0.1667,2.4494,-12.91,0.3186,2.6715,-14.30,-0.4201,-0.2291,1.40
1788242178.269,-0.1680,2.4442,-12.91,0.3172,2.6664,-14.31,-0.4201,-0.2291,1.40
1788242178.369,-0.1692,2.4391,-12.91,0.3159,2.6613,-14.31,-0.4201,-0.2291,1.40
1788242178.469,-0.1704,2.4341,-12.92,0.3146,2.6563,-14.32,-0.4201,-0.2291,1.40
1788242178.569,-0.1714,2.4293,-12.92,0.3134,2.6516,-14.32,-0.4201,-0.2291,1.40
1788242178.669,-0.1724,2.4247,-12.93,0.3124,2.6469,-14.33,-0.4201,-0.2291,1.40
1788242178.769,-0.1733,2.4201,-12.93,0.3113,2.6424,-14.33,-0.4201,-0.2291,1.40
1788242178.869,-0.1745,2.4151,-12.93,0.3100,2.6374,-14.32,-0.4201,-0.2291,1.40
1788242178.969,-0.1732,2.4103,-12.92,0.3111,2.6326,-14.32,-0.4201,-0.2291,1.40
1788242179.069,-0.1716,2.4064,-12.92,0.3127,2.6287,-14.31,-0.4201,-0.2291,1.40
1788242179.169,-0.1728,2.4015,-12.92,0.3113,2.6238,-14.32,-0.4201,-0.2291,1.40
1788242179.269,-0.1741,2.3967,-12.93,0.3100,2.6190,-14.32,-0.4201,-0.2291,1.40
1788242179.369,-0.1752,2.3919,-12.92,0.3087,2.6142,-14.32,-0.4201,-0.2291,1.40
1788242179.469,-0.1762,2.3869,-12.92,0.3077,2.6093,-14.32,-0.4201,-0.2291,1.40
1788242179.569,-0.1742,2.3827,-12.92,0.3095,2.6050,-14.32,-0.4201,-0.2291,1.40
1788242179.669,-0.1726,2.3782,-12.93,0.3110,2.6005,-14.33,-0.4201,-0.2291,1.40
1788242179.769,-0.1703,2.3743,-12.94,0.3132,2.5965,-14.33,-0.4201,-0.2291,1.40
1788242179.869,-0.1680,2.3702,-12.93,0.3154,2.5924,-14.33,-0.4201,-0.2291,1.40
1788242179.969,-0.1657,2.3661,-12.93,0.3176,2.5882,-14.33,-0.4201,-0.2291,1.40
1788242180.069,-0.1666,2.3612,-12.94,0.3166,2.5833,-14.33,-0.4201,-0.2291,1.40
1788242180.169,-0.1677,2.3561,-12.94,0.3154,2.5782,-14.34,-0.4201,-0.2291,1.40
1788242180.269,-0.1689,2.3509,-12.95,0.3140,2.5731,-14.35,-0.4201,-0.2291,1.40
1788242180.369,-0.1700,2.3459,-12.98,0.3128,2.5681,-14.38,-0.4201,-0.2291,1.40
1788242180.469,-0.1713,2.3411,-13.52,0.3113,2.5634,-14.91,-0.4201,-0.2291,1.40
1788242180.569,-0.1725,2.3362,-14.09,0.3101,2.5585,-15.49,-0.4201,-0.2291,1.40
1788242180.669,-0.1737,2.3311,-13.96,0.3087,2.5534,-15.36,-0.4201,-0.2291,1.40
1788242180.769,-0.1749,2.3262,-13.76,0.3074,2.5486,-15.16,-0.4201,-0.2291,1.40
1788242180.869,-0.1760,2.3217,-13.74,0.3062,2.5440,-15.14,-0.4201,-0.2291,1.40
1788242180.969,-0.1771,2.3168,-13.51,0.3050,2.5392,-14.91,-0.4201,-0.2291,1.40
1788242181.069,-0.1781,2.3120,-12.97,0.3039,2.5344,-14.37,-0.4201,-0.2291,1.40
1788242181.169,-0.1792,2.3069,-12.70,0.3027,2.5294,-14.10,-0.4201,-0.2291,1.40
1788242181.269,-0.1804,2.3019,-12.70,0.3013,2.5244,-14.10,-0.4201,-0.2291,1.40
1788242181.369,-0.1816,2.2969,-12.30,0.3000,2.5195,-13.70,-0.4201,-0.2291,1.40
1788242181.469,-0.1826,2.2920,-11.73,0.2989,2.5146,-13.13,-0.4201,-0.2291,1.40
1788242181.569,-0.1834,2.2872,-11.17,0.2980,2.5098,-12.56,-0.4201,-0.2291,1.40
1788242181.669,-0.1843,2.2822,-10.59,0.2969,2.5048,-11.99,-0.4201,-0.2291,1.40
1788242181.770,-0.1853,2.2773,-10.00,0.2959,2.4999,-11.40,-0.4201,-0.2291,1.40
1788242181.869,-0.1860,2.2724,-9.44,0.2950,2.4951,-10.84,-0.4201,-0.2291,1.40
1788242181.969,-0.1867,2.2674,-8.87,0.2942,2.4901,-10.27,-0.4201,-0.2291,1.40
1788242182.069,-0.1875,2.2625,-8.29,0.2933,2.4852,-9.69,-0.4201,-0.2291,1.40
1788242182.169,-0.1882,2.2575,-7.71,0.2925,2.4802,-9.11,-0.4201,-0.2291,1.40
1788242182.269,-0.1888,2.2526,-7.15,0.2918,2.4754,-8.55,-0.4201,-0.2291,1.40
1788242182.369,-0.1893,2.2476,-6.58,0.2911,2.4704,-7.98,-0.4201,-0.2291,1.40
1788242182.469,-0.1898,2.2426,-6.01,0.2905,2.4653,-7.41,-0.4201,-0.2291,1.40
1788242182.569,-0.1902,2.2378,-5.46,0.2900,2.4605,-6.86,-0.4201,-0.2291,1.40
1788242182.669,-0.1907,2.2326,-5.11,0.2893,2.4554,-6.51,-0.4201,-0.2291,1.40
1788242182.769,-0.1913,2.2275,-5.10,0.2887,2.4503,-6.50,-0.4201,-0.2291,1.40
1788242182.869,-0.1918,2.2225,-5.11,0.2880,2.4453,-6.51,-0.4201,-0.2291,1.40
1788242182.969,-0.1923,2.2177,-5.11,0.2874,2.4405,-6.51,-0.4201,-0.2291,1.40
1788242183.069,-0.1928,2.2131,-4.97,0.2868,2.4359,-6.37,-0.4201,-0.2291,1.40
1788242183.169,-0.1932,2.2081,-4.40,0.2863,2.4309,-5.80,-0.4201,-0.2291,1.40
1788242183.269,-0.1936,2.2029,-3.82,0.2858,2.4257,-5.21,-0.4201,-0.2291,1.40
1788242183.369,-0.1941,2.1979,-3.26,0.2851,2.4208,-4.66,-0.4201,-0.2291,1.40
1788242183.469,-0.1942,2.1929,-2.70,0.2849,2.4158,-4.10,-0.4201,-0.2291,1.40
1788242183.569,-0.1945,2.1877,-2.28,0.2845,2.4105,-3.68,-0.4490,-0.2353,0.57
1788242183.669,-0.1889,2.1729,-3.10,0.2840,2.4055,-3.67,-0.4490,-0.2353,0.57
1788242183.769,-0.1893,2.1680,-3.11,0.2836,2.4007,-3.68,-0.4490,-0.2353,0.57
1788242183.869,-0.1896,2.1633,-3.12,0.2832,2.3959,-3.69,-0.4490,-0.2353,0.57
1788242183.969,-0.1899,2.1582,-3.05,0.2829,2.3909,-3.62,-0.4490,-0.2353,0.57
1788242184.069,-0.1900,2.1530,-2.50,0.2827,2.3857,-3.07,-0.4490,-0.2353,0.57
1788242184.169,-0.1901,2.1479,-1.94,0.2826,2.3806,-2.51,-0.4490,-0.2353,0.57
1788242184.269,-0.1900,2.1431,-1.39,0.2826,2.3757,-1.96,-0.4490,-0.2353,0.57
1788242184.370,-0.1901,2.1379,-0.97,0.2825,2.3705,-1.54,-0.4490,-0.2353,0.57
1788242184.469,-0.1902,2.1329,-0.96,0.2823,2.3656,-1.53,-0.4490,-0.2353,0.57
1788242184.569,-0.1926,2.1286,-0.97,0.2798,2.3613,-1.54,-0.4490,-0.2353,0.57
1788242184.669,-0.1964,2.1275,-1.01,0.2761,2.3603,-1.58,-0.4490,-0.2353,0.57
1788242184.769,-0.2006,2.1276,-1.02,0.2719,2.3604,-1.59,-0.4490,-0.2353,0.57
1788242184.869,-0.2052,2.1279,-1.03,0.2673,2.3607,-1.60,-0.4490,-0.2353,0.57
1788242184.969,-0.2097,2.1280,-1.00,0.2627,2.3608,-1.57,-0.4490,-0.2353,0.57
1788242185.069,-0.2131,2.1251,-0.98,0.2594,2.3580,-1.55,-0.4490,-0.2353,0.57
1788242185.169,-0.2132,2.1199,-0.97,0.2592,2.3528,-1.54,-0.4490,-0.2353,0.57
1788242185.269,-0.2133,2.1147,-0.96,0.2591,2.3476,-1.53,-0.4490,-0.2353,0.57
1788242185.369,-0.2140,2.1098,-0.97,0.2583,2.3427,-1.54,-0.4490,-0.2353,0.57
1788242185.469,-0.2171,2.1066,-0.99,0.2552,2.3396,-1.56,-0.4490,-0.2353,0.57
1788242185.569,-0.2215,2.1067,-0.97,0.2507,2.3396,-1.54,-0.4490,-0.2353,0.57
1788242185.669,-0.2262,2.1069,-0.96,0.2460,2.3399,-1.52,-0.4490,-0.2353,0.57
1788242185.769,-0.2301,2.1049,-0.96,0.2421,2.3379,-1.53,-0.4490,-0.2353,0.57
1788242185.869,-0.2332,2.1015,-0.99,0.2390,2.3346,-1.56,-0.4490,-0.2353,0.57
1788242185.969,-0.2362,2.0978,-1.01,0.2360,2.3309,-1.58,-0.4490,-0.2353,0.57
1788242186.069,-0.2407,2.0974,-0.99,0.2315,2.3305,-1.56,-0.4490,-0.2353,0.57
1788242186.169,-0.2454,2.0976,-0.96,0.2267,2.3308,-1.53,-0.4490,-0.2353,0.57
1788242186.269,-0.2491,2.0948,-0.97,0.2230,2.3281,-1.53,-0.4490,-0.2353,0.57
1788242186.369,-0.2523,2.0915,-0.99,0.2198,2.3247,-1.56,-0.4490,-0.2353,0.57
1788242186.469,-0.2552,2.0876,-1.00,0.2169,2.3209,-1.56,-0.4490,-0.2353,0.57
1788242186.569,-0.2583,2.0839,-0.98,0.2137,2.3172,-1.55,-0.4490,-0.2353,0.57
1788242186.669,-0.2616,2.0804,-0.97,0.2104,2.3138,-1.54,-0.4490,-0.2353,0.57
1788242186.769,-0.2649,2.0770,-0.97,0.2071,2.3104,-1.54,-0.4490,-0.2353,0.57
1788242186.869,-0.2680,2.0736,-0.97,0.2039,2.3070,-1.54,-0.4490,-0.2353,0.57
1788242186.969,-0.2713,2.0702,-0.97,0.2006,2.3036,-1.54,-0.4490,-0.2353,0.57
1788242187.069,-0.2746,2.0667,-0.97,0.1972,2.3002,-1.54,-0.4490,-0.2353,0.57
1788242187.169,-0.2781,2.0641,-0.96,0.1938,2.2976,-1.53,-0.4490,-0.2353,0.57
1788242187.269,-0.2825,2.0640,-0.96,0.1893,2.2976,-1.53,-0.4490,-0.2353,0.57
1788242187.369,-0.2871,2.0643,-0.97,0.1848,2.2979,-1.54,-0.4490,-0.2353,0.57
1788242187.469,-0.2917,2.0645,-0.98,0.1802,2.2982,-1.55,-0.4490,-0.2353,0.57
1788242187.569,-0.2963,2.0646,-0.98,0.1756,2.2983,-1.55,-0.4490,-0.2353,0.57
1788242187.669,-0.3008,2.0648,-0.96,0.1710,2.2985,-1.53,-0.4490,-0.2353,0.57
1788242187.769,-0.3054,2.0649,-0.95,0.1664,2.2987,-1.52,-0.4490,-0.2353,0.57
1788242187.869,-0.3099,2.0651,-0.95,0.1620,2.2990,-1.52,-0.4490,-0.2353,0.57
1788242187.969,-0.3143,2.0655,-0.98,0.1576,2.2993,-1.55,-0.4490,-0.2353,0.57
1788242188.069,-0.3188,2.0655,-1.00,0.1531,2.2994,-1.57,-0.4490,-0.2353,0.57
1788242188.169,-0.3230,2.0639,-1.01,0.1488,2.2979,-1.57,-0.4490,-0.2353,0.57
1788242188.269,-0.3266,2.0602,-1.00,0.1452,2.2942,-1.57,-0.4490,-0.2353,0.57
1788242188.369,-0.3297,2.0563,-1.01,0.1421,2.2903,-1.58,-0.4490,-0.2353,0.57
1788242188.469,-0.3329,2.0528,-1.02,0.1388,2.2869,-1.59,-0.4490,-0.2353,0.57
1788242188.569,-0.3361,2.0493,-1.04,0.1356,2.2834,-1.61,-0.4490,-0.2353,0.57
1788242188.669,-0.3394,2.0457,-1.04,0.1322,2.2798,-1.61,-0.4490,-0.2353,0.57
1788242188.769,-0.3428,2.0421,-1.03,0.1288,2.2763,-1.60,-0.4490,-0.2353,0.57
1788242188.869,-0.3461,2.0386,-1.03,0.1254,2.2728,-1.60,-0.4490,-0.2353,0.57
1788242188.969,-0.3494,2.0352,-1.04,0.1222,2.2695,-1.61,-0.4490,-0.2353,0.57
1788242189.070,-0.3527,2.0318,-1.04,0.1189,2.2660,-1.61,-0.4490,-0.2353,0.57
1788242189.169,-0.3543,2.0300,-1.04,0.1172,2.2643,-1.61,-0.4490,-0.2353,0.57
1788242189.269,-0.3577,2.0265,-1.03,0.1137,2.2608,-1.60,-0.4490,-0.2353,0.57
1788242189.369,-0.3611,2.0229,-1.02,0.1103,2.2573,-1.59,-0.4490,-0.2353,0.57
1788242189.470,-0.3643,2.0195,-1.03,0.1071,2.2539,-1.60,-0.4490,-0.2353,0.57
1788242189.570,-0.3693,2.0143,-1.03,0.1020,2.2487,-1.60,-0.4490,-0.2353,0.57
1788242189.670,-0.3726,2.0114,-1.03,0.0987,2.2459,-1.60,-0.4490,-0.2353,0.57
1788242189.770,-0.3748,2.0112,-1.02,0.0965,2.2457,-1.59,-0.4490,-0.2353,0.57
1788242189.870,-0.3816,2.0117,-1.02,0.0897,2.2462,-1.59,-0.4490,-0.2353,0.57
1788242189.970,-0.3860,2.0119,-1.03,0.0853,2.2465,-1.60,-0.4490,-0.2353,0.57
1788242190.069,-0.3906,2.0120,-1.04,0.0808,2.2466,-1.61,-0.4490,-0.2353,0.57
1788242190.170,-0.3952,2.0120,-1.05,0.0761,2.2467,-1.62,-0.4490,-0.2353,0.57
1788242190.270,-0.3998,2.0121,-1.04,0.0715,2.2468,-1.61,-0.4490,-0.2353,0.57
1788242190.370,-0.4046,2.0122,-1.04,0.0667,2.2470,-1.61,-0.4490,-0.2353,0.57
1788242190.470,-0.4092,2.0124,-1.04,0.0622,2.2472,-1.61,-0.4490,-0.2353,0.57
1788242190.570,-0.4135,2.0125,-1.05,0.0578,2.2474,-1.61,-0.4490,-0.2353,0.57
1788242190.670,-0.4180,2.0126,-1.05,0.0533,2.2475,-1.62,-0.4490,-0.2353,0.57
1788242190.769,-0.4203,2.0126,-1.06,0.0510,2.2476,-1.63,-0.4490,-0.2353,0.57
1788242190.869,-0.4273,2.0127,-1.04,0.0440,2.2477,-1.61,-0.4490,-0.2353,0.57
1788242190.970,-0.4320,2.0128,-1.03,0.0394,2.2479,-1.60,-0.4490,-0.2353,0.57
1788242191.069,-0.4366,2.0128,-1.02,0.0347,2.2479,-1.59,-0.4490,-0.2353,0.57
1788242191.170,-0.4412,2.0130,-1.03,0.0302,2.2481,-1.60,-0.4490,-0.2353,0.57
1788242191.270,-0.4456,2.0131,-1.04,0.0257,2.2483,-1.61,-0.4490,-0.2353,0.57
1788242191.370,-0.4501,2.0131,-1.05,0.0212,2.2484,-1.62,-0.4490,-0.2353,0.57
1788242191.470,-0.4546,2.0132,-1.03,0.0167,2.2485,-1.60,-0.4490,-0.2353,0.57
1788242191.570,-0.4593,2.0133,-1.02,0.0121,2.2487,-1.59,-0.4490,-0.2353,0.57
1788242191.670,-0.4641,2.0134,-1.02,0.0073,2.2488,-1.59,-0.4490,-0.2353,0.57
1788242191.769,-0.4664,2.0135,-1.01,0.0050,2.2489,-1.58,-0.4490,-0.2353,0.57
1788242191.869,-0.4710,2.0137,-1.02,0.0004,2.2491,-1.59,-0.4490,-0.2353,0.57
1788242191.970,-0.4779,2.0138,-0.57,-0.0065,2.2494,-1.14,-0.4490,-0.2353,0.57
1788242192.070,-0.4825,2.0138,-0.22,-0.0112,2.2494,-0.79,-0.4490,-0.2353,0.57
1788242192.170,-0.4873,2.0136,-0.20,-0.0159,2.2492,-0.77,-0.4490,-0.2353,0.57
1788242192.270,-0.4918,2.0137,0.29,-0.0205,2.2494,-0.28,-0.4490,-0.2353,0.57
1788242192.370,-0.4964,2.0138,0.69,-0.0250,2.2495,0.12,-0.4490,-0.2353,0.57
1788242192.470,-0.4986,2.0137,0.69,-0.0273,2.2494,0.12,-0.3488,-0.3885,3.03
1788242192.570,-0.5019,1.8559,3.16,-0.0344,2.2493,0.13,-0.3488,-0.3885,3.03
1788242192.670,-0.5067,1.8556,3.61,-0.0392,2.2493,0.59,-0.3488,-0.3885,3.03
1788242192.770,-0.5089,1.8557,3.88,-0.0414,2.2495,0.86,-0.3488,-0.3885,3.03
1788242192.870,-0.5157,1.8552,4.34,-0.0482,2.2494,1.32,-0.3488,-0.3885,3.03
1788242192.969,-0.5204,1.8546,4.36,-0.0529,2.2490,1.33,-0.3488,-0.3885,3.03
1788242193.070,-0.5249,1.8540,4.37,-0.0575,2.2488,1.34,-0.3488,-0.3885,3.03
1788242193.169,-0.5273,1.8538,4.37,-0.0598,2.2487,1.34,-0.3488,-0.3885,3.03
1788242193.269,-0.5339,1.8536,4.33,-0.0664,2.2488,1.31,-0.3488,-0.3885,3.03
1788242193.370,-0.5384,1.8534,4.32,-0.0709,2.2488,1.30,-0.3488,-0.3885,3.03
1788242193.470,-0.5430,1.8530,4.33,-0.0756,2.2487,1.30,-0.3488,-0.3885,3.03
1788242193.570,-0.5477,1.8525,4.34,-0.0802,2.2485,1.31,-0.3488,-0.3885,3.03
1788242193.670,-0.5523,1.8520,4.35,-0.0849,2.2481,1.33,-0.3488,-0.3885,3.03
1788242193.769,-0.5569,1.8516,4.33,-0.0896,2.2480,1.30,-0.3488,-0.3885,3.03
1788242193.870,-0.5607,1.8500,4.29,-0.0934,2.2466,1.26,-0.3488,-0.3885,3.03
1788242193.970,-0.5636,1.8463,4.28,-0.0965,2.2430,1.25,-0.3488,-0.3885,3.03
1788242194.070,-0.5663,1.8421,4.28,-0.0994,2.2390,1.25,-0.3488,-0.3885,3.03
1788242194.170,-0.5692,1.8381,4.29,-0.1025,2.2351,1.26,-0.3488,-0.3885,3.03
1788242194.269,-0.5707,1.8361,4.29,-0.1042,2.2332,1.26,-0.3488,-0.3885,3.03
1788242194.370,-0.5749,1.8307,4.28,-0.1086,2.2281,1.25,-0.3488,-0.3885,3.03
1788242194.470,-0.5778,1.8270,4.27,-0.1117,2.2245,1.24,-0.3488,-0.3885,3.03
1788242194.569,-0.5793,1.8250,4.26,-0.1133,2.2226,1.24,-0.3488,-0.3885,3.03
1788242194.669,-0.5825,1.8221,4.27,-0.1167,2.2199,1.24,-0.3488,-0.3885,3.03
1788242194.770,-0.5896,1.8215,4.26,-0.1237,2.2196,1.23,-0.3488,-0.3885,3.03
1788242194.869,-0.5919,1.8214,4.24,-0.1260,2.2197,1.21,-0.3488,-0.3885,3.03
1788242194.970,-0.5985,1.8213,4.23,-0.1327,2.2200,1.20,-0.3488,-0.3885,3.03
1788242195.070,-0.6030,1.8210,4.24,-0.1371,2.2199,1.21,-0.3488,-0.3885,3.03
1788242195.170,-0.6075,1.8207,4.26,-0.1417,2.2198,1.23,-0.3488,-0.3885,3.03
1788242195.270,-0.6122,1.8203,4.26,-0.1464,2.2197,1.23,-0.3488,-0.3885,3.03
1788242195.370,-0.6170,1.8199,4.25,-0.1512,2.2195,1.23,-0.3488,-0.3885,3.03
1788242195.470,-0.6217,1.8195,4.23,-0.1559,2.2194,1.21,-0.3488,-0.3885,3.03
1788242195.570,-0.6261,1.8194,4.23,-0.1604,2.2195,1.20,-0.3488,-0.3885,3.03
1788242195.670,-0.6306,1.8191,4.23,-0.1649,2.2194,1.20,-0.3488,-0.3885,3.03
1788242195.770,-0.6352,1.8187,4.25,-0.1695,2.2193,1.23,-0.3488,-0.3885,3.03
1788242195.870,-0.6399,1.8184,4.27,-0.1742,2.2192,1.24,-0.3488,-0.3885,3.03
1788242195.970,-0.6447,1.8180,4.26,-0.1789,2.2190,1.24,-0.3488,-0.3885,3.03
1788242196.070,-0.6492,1.8178,4.24,-0.1834,2.2191,1.21,-0.3488,-0.3885,3.03
1788242196.169,-0.6513,1.8178,4.22,-0.1856,2.2193,1.20,-0.3488,-0.3885,3.03
1788242196.269,-0.6558,1.8176,4.21,-0.1901,2.2193,1.18,-0.3488,-0.3885,3.03
1788242196.369,-0.6603,1.8172,4.21,-0.1946,2.2191,1.19,-0.3488,-0.3885,3.03
1788242196.469,-0.6649,1.8166,4.23,-0.1992,2.2188,1.20,-0.3488,-0.3885,3.03
1788242196.570,-0.6696,1.8161,4.24,-0.2040,2.2185,1.22,-0.3488,-0.3885,3.03
1788242196.670,-0.6766,1.8154,4.24,-0.2110,2.2182,1.21,-0.3488,-0.3885,3.03
1788242196.770,-0.6810,1.8153,4.22,-0.2154,2.2183,1.19,-0.3488,-0.3885,3.03
1788242196.870,-0.6855,1.8151,4.21,-0.2198,2.2183,1.19,-0.3488,-0.3885,3.03
1788242196.970,-0.6900,1.8146,4.23,-0.2244,2.2181,1.20,-0.3488,-0.3885,3.03
1788242197.070,-0.6933,1.8112,4.24,-0.2278,2.2148,1.21,-0.3488,-0.3885,3.03
1788242197.170,-0.6962,1.8068,4.25,-0.2310,2.2106,1.22,-0.3488,-0.3885,3.03
1788242197.270,-0.6989,1.8027,4.24,-0.2339,2.2067,1.22,-0.3488,-0.3885,3.03
1788242197.369,-0.7002,1.8008,4.24,-0.2353,2.2048,1.21,-0.3488,-0.3885,3.03
1788242197.470,-0.7045,1.7950,4.23,-0.2399,2.1992,1.20,-0.3488,-0.3885,3.03
1788242197.569,-0.7076,1.7911,4.23,-0.2432,2.1955,1.20,-0.3488,-0.3885,3.03
1788242197.669,-0.7106,1.7871,4.23,-0.2464,2.1917,1.20,-0.3488,-0.3885,3.03
1788242197.769,-0.7132,1.7833,4.24,-0.2493,2.1881,1.22,-0.3488,-0.3885,3.03
1788242197.870,-0.7146,1.7814,4.24,-0.2507,2.1863,1.22,-0.3488,-0.3885,3.03
1788242197.970,-0.7187,1.7755,4.25,-0.2551,2.1806,1.23,-0.3488,-0.3885,3.03
1788242198.069,-0.7202,1.7736,4.25,-0.2567,2.1787,1.23,-0.3488,-0.3885,3.03
1788242198.169,-0.7232,1.7698,4.25,-0.2599,2.1751,1.22,-0.3488,-0.3885,3.03
1788242198.269,-0.7260,1.7662,4.23,-0.2629,2.1716,1.21,-0.3488,-0.3885,3.03
1788242198.369,-0.7289,1.7626,4.23,-0.2659,2.1682,1.21,-0.3488,-0.3885,3.03
1788242198.470,-0.7338,1.7584,4.25,-0.2711,2.1643,1.23,-0.3488,-0.3885,3.03
1788242198.570,-0.7385,1.7580,4.27,-0.2758,2.1641,1.24,-0.3488,-0.3885,3.03
1788242198.670,-0.7431,1.7577,4.25,-0.2804,2.1641,1.23,-0.3488,-0.3885,3.03
1788242198.770,-0.7476,1.7577,4.23,-0.2850,2.1643,1.21,-0.3488,-0.3885,3.03
1788242198.870,-0.7499,1.7577,4.23,-0.2872,2.1644,1.20,-0.3488,-0.3885,3.03
1788242198.970,-0.7545,1.7574,4.21,-0.2918,2.1644,1.19,-0.3488,-0.3885,3.03
1788242199.070,-0.7590,1.7571,4.22,-0.2963,2.1643,1.19,-0.3488,-0.3885,3.03
1788242199.170,-0.7647,1.7539,4.24,-0.3021,2.1614,1.21,-0.3488,-0.3885,3.03
1788242199.269,-0.7646,1.7512,4.24,-0.3022,2.1587,1.21,-0.3488,-0.3885,3.03
1788242199.370,-0.7641,1.7431,4.23,-0.3022,2.1506,1.20,-0.3488,-0.3885,3.03
1788242199.469,-0.7639,1.7405,4.23,-0.3021,2.1479,1.20,-0.3488,-0.3885,3.03
1788242199.569,-0.7634,1.7354,4.23,-0.3019,2.1429,1.21,-0.3488,-0.3885,3.03
1788242199.669,-0.7631,1.7303,4.24,-0.3018,2.1378,1.21,-0.3488,-0.3885,3.03
1788242199.770,-0.7627,1.7252,4.24,-0.3017,2.1327,1.21,-0.3488,-0.3885,3.03
1788242199.869,-0.7624,1.7201,4.23,-0.3016,2.1275,1.21,-0.3488,-0.3885,3.03
1788242199.969,-0.7619,1.7149,4.23,-0.3015,2.1223,1.21,-0.3488,-0.3885,3.03
1788242200.070,-0.7614,1.7076,4.24,-0.3013,2.1150,1.21,-0.3488,-0.3885,3.03
1788242200.170,-0.7611,1.7053,4.24,-0.3012,2.1127,1.21,-0.3488,-0.3885,3.03
1788242200.270,-0.7608,1.7002,4.23,-0.3011,2.1076,1.21,-0.3488,-0.3885,3.03
1788242200.370,-0.7604,1.6951,4.23,-0.3010,2.1025,1.20,-0.3488,-0.3885,3.03
1788242200.470,-0.7599,1.6874,4.22,-0.3009,2.0947,1.20,-0.3488,-0.3885,3.03
1788242200.569,-0.7597,1.6849,4.22,-0.3009,2.0922,1.19,-0.3488,-0.3885,3.03
1788242200.669,-0.7592,1.6802,4.21,-0.3006,2.0875,1.19,-0.3488,-0.3885,3.03
1788242200.769,-0.7586,1.6756,4.21,-0.3002,2.0829,1.18,-0.3488,-0.3885,3.03
1788242200.870,-0.7582,1.6706,4.21,-0.3001,2.0778,1.18,-0.3488,-0.3885,3.03
1788242200.969,-0.7579,1.6654,4.21,-0.3001,2.0727,1.18,-0.3488,-0.3885,3.03
1788242201.070,-0.7576,1.6603,4.21,-0.3000,2.0676,1.19,-0.3488,-0.3885,3.03
1788242201.169,-0.7573,1.6552,4.21,-0.3000,2.0625,1.18,-0.3657,-0.3714,1.48
1788242201.269,-0.7188,1.6775,2.66,-0.2999,2.0573,1.18,-0.3657,-0.3714,1.48
1788242201.370,-0.7185,1.6728,2.66,-0.2997,2.0526,1.18,-0.3657,-0.3714,1.48
1788242201.469,-0.7181,1.6680,2.66,-0.2995,2.0478,1.18,-0.3657,-0.3714,1.48
1788242201.569,-0.7180,1.6629,2.66,-0.2995,2.0427,1.18,-0.3657,-0.3714,1.48
1788242201.670,-0.7178,1.6551,2.66,-0.2995,2.0349,1.18,-0.3657,-0.3714,1.48
1788242201.769,-0.7177,1.6525,2.67,-0.2995,2.0323,1.18,-0.3657,-0.3714,1.48
1788242201.869,-0.7174,1.6472,2.66,-0.2993,2.0271,1.18,-0.3657,-0.3714,1.48
1788242201.970,-0.7173,1.6424,2.66,-0.2993,2.0223,1.18,-0.3657,-0.3714,1.48
1788242202.069,-0.7170,1.6378,2.66,-0.2992,2.0176,1.18,-0.3657,-0.3714,1.48
1788242202.169,-0.7167,1.6328,2.67,-0.2990,2.0126,1.18,-0.3657,-0.3714,1.48
1788242202.270,-0.7165,1.6252,2.67,-0.2989,2.0050,1.19,-0.3657,-0.3714,1.48
1788242202.369,-0.7164,1.6226,2.67,-0.2989,2.0024,1.19,-0.3657,-0.3714,1.48
1788242202.469,-0.7161,1.6175,2.67,-0.2988,1.9973,1.19,-0.3657,-0.3714,1.48
1788242202.569,-0.7159,1.6124,2.67,-0.2987,1.9922,1.19,-0.3657,-0.3714,1.48
1788242202.669,-0.7157,1.6076,2.68,-0.2986,1.9874,1.19,-0.3657,-0.3714,1.48
1788242202.769,-0.7154,1.6029,2.68,-0.2985,1.9827,1.20,-0.3657,-0.3714,1.48
1788242202.869,-0.7152,1.5979,2.68,-0.2984,1.9777,1.20,-0.3657,-0.3714,1.48
1788242202.969,-0.7150,1.5929,2.69,-0.2983,1.9726,1.20,-0.3657,-0.3714,1.48
1788242203.069,-0.7148,1.5878,2.68,-0.2982,1.9676,1.20,-0.3657,-0.3714,1.48
1788242203.169,-0.7145,1.5826,2.68,-0.2981,1.9624,1.20,-0.3657,-0.3714,1.48
1788242203.269,-0.7143,1.5776,2.68,-0.2980,1.9574,1.20,-0.3657,-0.3714,1.48
1788242203.370,-0.7141,1.5727,2.68,-0.2979,1.9525,1.19,-0.3657,-0.3714,1.48
1788242203.469,-0.7138,1.5678,2.67,-0.2977,1.9476,1.19,-0.3657,-0.3714,1.48
1788242203.569,-0.7136,1.5628,2.67,-0.2977,1.9426,1.19,-0.3657,-0.3714,1.48
1788242203.670,-0.7134,1.5578,2.67,-0.2976,1.9375,1.19,-0.3657,-0.3714,1.48
1788242203.769,-0.7131,1.5526,2.67,-0.2974,1.9324,1.19,-0.3657,-0.3714,1.48
1788242203.870,-0.7128,1.5476,2.67,-0.2973,1.9273,1.19,-0.3657,-0.3714,1.48
1788242203.970,-0.7126,1.5426,2.67,-0.2972,1.9223,1.19,-0.3657,-0.3714,1.48
1788242204.069,-0.7124,1.5376,2.67,-0.2971,1.9173,1.19,-0.3657,-0.3714,1.48
1788242204.169,-0.7122,1.5326,2.67,-0.2971,1.9123,1.19,-0.3657,-0.3714,1.48
1788242204.269,-0.7120,1.5276,2.67,-0.2970,1.9073,1.19,-0.3657,-0.3714,1.48
1788242204.369,-0.7117,1.5224,2.67,-0.2969,1.9022,1.19,-0.3657,-0.3714,1.48
1788242204.469,-0.7115,1.5174,2.67,-0.2967,1.8971,1.19,-0.3657,-0.3714,1.48
1788242204.569,-0.7113,1.5124,2.67,-0.2967,1.8921,1.19,-0.3657,-0.3714,1.48
1788242204.669,-0.7109,1.5078,2.67,-0.2965,1.8875,1.19,-0.3657,-0.3714,1.48
1788242204.769,-0.7107,1.5029,2.67,-0.2964,1.8825,1.19,-0.3657,-0.3714,1.48
1788242204.869,-0.7105,1.4979,2.67,-0.2963,1.8776,1.19,-0.3657,-0.3714,1.48
1788242204.969,-0.7103,1.4928,2.67,-0.2962,1.8725,1.19,-0.3657,-0.3714,1.48
1788242205.069,-0.7101,1.4877,2.67,-0.2961,1.8674,1.19,-0.3657,-0.3714,1.48
1788242205.169,-0.7098,1.4828,2.66,-0.2959,1.8624,1.17,-0.3657,-0.3714,1.48
1788242205.269,-0.7094,1.4780,2.65,-0.2957,1.8576,1.16,-0.3657,-0.3714,1.48
1788242205.369,-0.7092,1.4730,2.65,-0.2956,1.8526,1.17,-0.3657,-0.3714,1.48
1788242205.469,-0.7091,1.4678,2.65,-0.2956,1.8475,1.17,-0.3657,-0.3714,1.48
1788242205.569,-0.7089,1.4627,2.66,-0.2956,1.8424,1.17,-0.3657,-0.3714,1.48
1788242205.669,-0.7087,1.4576,2.66,-0.2955,1.8373,1.17,-0.3657,-0.3714,1.48
1788242205.769,-0.7084,1.4526,2.66,-0.2954,1.8322,1.18,-0.3657,-0.3714,1.48
1788242205.869,-0.7053,1.4490,2.66,-0.2924,1.8286,1.18,-0.3657,-0.3714,1.48
1788242205.969,-0.7023,1.4463,2.66,-0.2894,1.8258,1.18,-0.3657,-0.3714,1.48
1788242206.069,-0.6989,1.4430,2.66,-0.2861,1.8224,1.18,-0.3657,-0.3714,1.48
1788242206.169,-0.6957,1.4396,2.65,-0.2829,1.8190,1.17,-0.3657,-0.3714,1.48
1788242206.269,-0.6951,1.4347,2.64,-0.2825,1.8140,1.16,-0.3657,-0.3714,1.48
1788242206.369,-0.6949,1.4296,2.64,-0.2825,1.8089,1.15,-0.3657,-0.3714,1.48
1788242206.469,-0.6947,1.4243,2.64,-0.2824,1.8036,1.15,-0.3657,-0.3714,1.48
1788242206.569,-0.6945,1.4192,2.63,-0.2823,1.7984,1.15,-0.3657,-0.3714,1.48
1788242206.669,-0.6943,1.4139,2.63,-0.2822,1.7932,1.15,-0.3657,-0.3714,1.48
1788242206.769,-0.6941,1.4088,2.62,-0.2822,1.7881,1.14,-0.3657,-0.3714,1.48
1788242206.869,-0.6916,1.4048,2.63,-0.2798,1.7840,1.15,-0.3657,-0.3714,1.48
1788242206.969,-0.6885,1.4016,2.63,-0.2767,1.7808,1.14,-0.3657,-0.3714,1.48
1788242207.069,-0.6852,1.3984,2.63,-0.2735,1.7774,1.15,-0.3657,-0.3714,1.48
1788242207.169,-0.6834,1.3944,2.63,-0.2718,1.7734,1.14,-0.3657,-0.3714,1.48
1788242207.269,-0.6831,1.3894,2.63,-0.2717,1.7684,1.14,-0.3657,-0.3714,1.48
1788242207.369,-0.6829,1.3841,2.62,-0.2716,1.7631,1.14,-0.3657,-0.3714,1.48
1788242207.469,-0.6826,1.3788,2.62,-0.2715,1.7578,1.14,-0.3657,-0.3714,1.48
1788242207.569,-0.6824,1.3734,2.62,-0.2714,1.7524,1.14,-0.3657,-0.3714,1.48
1788242207.669,-0.6822,1.3684,2.62,-0.2713,1.7474,1.13,-0.3657,-0.3714,1.48
1788242207.769,-0.6820,1.3635,2.61,-0.2713,1.7425,1.13,-0.3657,-0.3714,1.48
1788242207.869,-0.6819,1.3588,2.61,-0.2713,1.7378,1.13,-0.3657,-0.3714,1.48
1788242207.969,-0.6817,1.3537,2.61,-0.2712,1.7327,1.13,-0.3657,-0.3714,1.48
1788242208.069,-0.6814,1.3486,2.61,-0.2710,1.7276,1.13,-0.3657,-0.3714,1.48
1788242208.169,-0.6812,1.3435,2.62,-0.2709,1.7225,1.14,-0.3657,-0.3714,1.48
1788242208.269,-0.6809,1.3385,2.62,-0.2708,1.7174,1.13,-0.3657,-0.3714,1.48
1788242208.369,-0.6808,1.3337,2.62,-0.2709,1.7126,1.14,-0.3657,-0.3714,1.48
1788242208.469,-0.6807,1.3289,2.61,-0.2708,1.7079,1.13,-0.3657,-0.3714,1.48
1788242208.569,-0.6804,1.3239,2.61,-0.2707,1.7028,1.13,-0.3087,-0.2640,0.44
1788242208.669,-0.5944,1.4288,1.59,-0.2705,1.6977,1.13,-0.3087,-0.2640,0.44
1788242208.769,-0.5920,1.4264,1.57,-0.2704,1.6926,1.13,-0.3087,-0.2640,0.44
1788242208.869,-0.5918,1.4212,1.57,-0.2702,1.6874,1.13,-0.3087,-0.2640,0.44
1788242208.969,-0.5916,1.4162,1.56,-0.2701,1.6823,1.12,-0.3087,-0.2640,0.44
1788242209.069,-0.5916,1.4115,1.56,-0.2701,1.6777,1.12,-0.3087,-0.2640,0.44
1788242209.169,-0.5915,1.4066,1.56,-0.2700,1.6728,1.12,-0.3087,-0.2640,0.44
1788242209.269,-0.5913,1.4015,1.56,-0.2699,1.6677,1.12,-0.3087,-0.2640,0.44
1788242209.369,-0.5912,1.3964,1.56,-0.2697,1.6626,1.12,-0.3087,-0.2640,0.44
1788242209.469,-0.5910,1.3912,1.56,-0.2696,1.6574,1.12,-0.3087,-0.2640,0.44
1788242209.569,-0.5908,1.3861,1.56,-0.2695,1.6523,1.12,-0.3087,-0.2640,0.44
1788242209.669,-0.5907,1.3812,1.56,-0.2694,1.6473,1.12,-0.3087,-0.2640,0.44
1788242209.769,-0.5906,1.3764,1.56,-0.2693,1.6426,1.12,-0.3087,-0.2640,0.44
1788242209.869,-0.5905,1.3715,1.56,-0.2692,1.6376,1.12,-0.3087,-0.2640,0.44
1788242209.969,-0.5903,1.3664,1.56,-0.2691,1.6325,1.12,-0.3087,-0.2640,0.44
1788242210.069,-0.5902,1.3612,1.56,-0.2690,1.6274,1.12,-0.3087,-0.2640,0.44
1788242210.169,-0.5900,1.3562,1.56,-0.2689,1.6224,1.12,-0.3087,-0.2640,0.44
1788242210.269,-0.5901,1.3516,1.57,-0.2690,1.6177,1.12,-0.3087,-0.2640,0.44
1788242210.369,-0.5900,1.3466,1.56,-0.2690,1.6128,1.12,-0.3087,-0.2640,0.44
1788242210.469,-0.5899,1.3416,1.57,-0.2689,1.6078,1.13,-0.3087,-0.2640,0.44
1788242210.569,-0.5897,1.3366,1.57,-0.2687,1.6027,1.13,-0.3087,-0.2640,0.44
1788242210.669,-0.5895,1.3315,1.57,-0.2686,1.5976,1.13,-0.3087,-0.2640,0.44
1788242210.769,-0.5893,1.3264,1.57,-0.2684,1.5925,1.13,-0.3087,-0.2640,0.44
1788242210.869,-0.5892,1.3214,1.57,-0.2684,1.5876,1.13,-0.3087,-0.2640,0.44
1788242210.969,-0.5892,1.3167,1.56,-0.2683,1.5828,1.12,-0.3087,-0.2640,0.44
1788242211.069,-0.5890,1.3117,1.56,-0.2682,1.5778,1.12,-0.3087,-0.2640,0.44
1788242211.169,-0.5888,1.3066,1.55,-0.2681,1.5728,1.11,-0.3087,-0.2640,0.44
1788242211.269,-0.5886,1.3015,1.56,-0.2679,1.5676,1.12,-0.3087,-0.2640,0.44
1788242211.369,-0.5884,1.2963,1.55,-0.2677,1.5625,1.11,-0.3087,-0.2640,0.44
1788242211.469,-0.5882,1.2913,1.56,-0.2676,1.5574,1.12,-0.3087,-0.2640,0.44
1788242211.569,-0.5882,1.2865,1.55,-0.2676,1.5526,1.11,-0.3087,-0.2640,0.44
1788242211.669,-0.5881,1.2816,1.55,-0.2676,1.5478,1.11,-0.3087,-0.2640,0.44
1788242211.769,-0.5880,1.2766,1.55,-0.2675,1.5428,1.11,-0.3087,-0.2640,0.44
1788242211.869,-0.5878,1.2715,1.55,-0.2673,1.5377,1.11,-0.3087,-0.2640,0.44
1788242211.969,-0.5876,1.2665,1.56,-0.2672,1.5326,1.11,-0.3087,-0.2640,0.44
1788242212.069,-0.5875,1.2613,1.56,-0.2671,1.5274,1.12,-0.3087,-0.2640,0.44
1788242212.169,-0.5873,1.2564,1.56,-0.2670,1.5225,1.12,-0.3087,-0.2640,0.44
1788242212.269,-0.5873,1.2517,1.55,-0.2670,1.5178,1.11,-0.3087,-0.2640,0.44
1788242212.369,-0.5872,1.2467,1.55,-0.2669,1.5128,1.11,-0.3087,-0.2640,0.44
1788242212.469,-0.5870,1.2416,1.56,-0.2667,1.5077,1.12,-0.3087,-0.2640,0.44
1788242212.569,-0.5868,1.2366,1.56,-0.2666,1.5027,1.12,-0.3087,-0.2640,0.44
1788242212.669,-0.5866,1.2315,1.56,-0.2665,1.4976,1.12,-0.3087,-0.2640,0.44
1788242212.769,-0.5866,1.2267,1.56,-0.2665,1.4928,1.12,-0.3087,-0.2640,0.44
1788242212.869,-0.5865,1.2219,1.55,-0.2664,1.4880,1.11,-0.3087,-0.2640,0.44
1788242212.969,-0.5863,1.2168,1.55,-0.2663,1.4829,1.11,-0.3087,-0.2640,0.44
1788242213.069,-0.5862,1.2117,1.55,-0.2662,1.4778,1.11,-0.3087,-0.2640,0.44
1788242213.169,-0.5860,1.2066,1.56,-0.2660,1.4727,1.12,-0.3087,-0.2640,0.44
1788242213.269,-0.5858,1.2014,1.56,-0.2658,1.4675,1.12,-0.3087,-0.2640,0.44
1788242213.369,-0.5856,1.1963,1.56,-0.2657,1.4625,1.12,-0.3087,-0.2640,0.44
1788242213.469,-0.5856,1.1915,1.56,-0.2657,1.4576,1.12,-0.3087,-0.2640,0.44
1788242213.569,-0.5855,1.1867,1.56,-0.2657,1.4528,1.12,-0.3087,-0.2640,0.44
1788242213.669,-0.5853,1.1817,1.56,-0.2655,1.4478,1.12,-0.3087,-0.2640,0.44
1788242213.769,-0.5852,1.1767,1.56,-0.2654,1.4428,1.12,-0.3087,-0.2640,0.44
1788242213.869,-0.5850,1.1715,1.56,-0.2653,1.4377,1.12,-0.3087,-0.2640,0.44
1788242213.969,-0.5848,1.1664,1.57,-0.2651,1.4326,1.13,-0.3087,-0.2640,0.44
1788242214.069,-0.5847,1.1615,1.56,-0.2651,1.4276,1.12,-0.3087,-0.2640,0.44
1788242214.169,-0.5847,1.1568,1.56,-0.2651,1.4229,1.12,-0.3087,-0.2640,0.44
1788242214.269,-0.5846,1.1518,1.55,-0.2650,1.4179,1.11,-0.3087,-0.2640,0.44
1788242214.369,-0.5844,1.1468,1.56,-0.2649,1.4129,1.12,-0.3087,-0.2640,0.44
1788242214.469,-0.5842,1.1416,1.55,-0.2647,1.4078,1.11,-0.3087,-0.2640,0.44
1788242214.569,-0.5840,1.1365,1.56,-0.2645,1.4026,1.12,-0.3087,-0.2640,0.44
1788242214.669,-0.5838,1.1314,1.56,-0.2644,1.3975,1.12,-0.3087,-0.2640,0.44
1788242214.769,-0.5837,1.1264,1.56,-0.2643,1.3925,1.12,-0.3087,-0.2640,0.44
1788242214.869,-0.5837,1.1216,1.56,-0.2643,1.3877,1.12,-0.3087,-0.2640,0.44
1788242214.969,-0.5835,1.1166,1.56,-0.2642,1.3827,1.12,-0.3087,-0.2640,0.44
1788242215.069,-0.5833,1.1116,1.56,-0.2641,1.3777,1.12,-0.3087,-0.2640,0.44
1788242215.169,-0.5832,1.1065,1.56,-0.2640,1.3726,1.12,-0.3087,-0.2640,0.44
1788242215.269,-0.5830,1.1014,1.56,-0.2639,1.3675,1.12,-0.3087,-0.2640,0.44
1788242215.369,-0.5830,1.0966,1.57,-0.2639,1.3627,1.13,-0.3087,-0.2640,0.44
1788242215.469,-0.5829,1.0919,1.56,-0.2638,1.3580,1.12,-0.3087,-0.2640,0.44
1788242215.569,-0.5827,1.0869,1.56,-0.2637,1.3530,1.12,-0.3087,-0.2640,0.44
1788242215.669,-0.5826,1.0818,1.56,-0.2635,1.3479,1.12,-0.3087,-0.2640,0.44
1788242215.769,-0.5824,1.0767,1.56,-0.2634,1.3428,1.12,-0.3087,-0.2640,0.44
1788242215.869,-0.5823,1.0714,1.56,-0.2633,1.3375,1.12,-0.1547,-0.2279,0.50
1788242215.969,-0.4629,1.0944,1.60,-0.2632,1.3325,1.12,-0.1547,-0.2279,0.50
1788242216.069,-0.4294,1.0976,1.62,-0.2632,1.3278,1.12,-0.1547,-0.2279,0.50
1788242216.169,-0.4293,1.0928,1.62,-0.2631,1.3230,1.12,-0.1547,-0.2279,0.50
1788242216.269,-0.4291,1.0878,1.62,-0.2630,1.3180,1.12,-0.1547,-0.2279,0.50
1788242216.369,-0.4289,1.0826,1.62,-0.2629,1.3128,1.12,-0.1547,-0.2279,0.50
1788242216.469,-0.4287,1.0775,1.62,-0.2627,1.3077,1.12,-0.1547,-0.2279,0.50
1788242216.569,-0.4286,1.0722,1.62,-0.2626,1.3025,1.12,-0.1547,-0.2279,0.50
1788242216.669,-0.4285,1.0672,1.62,-0.2625,1.2975,1.12,-0.1547,-0.2279,0.50
1788242216.769,-0.4283,1.0625,1.61,-0.2624,1.2927,1.11,-0.1547,-0.2279,0.50
1788242216.869,-0.4281,1.0576,1.61,-0.2623,1.2878,1.11,-0.1547,-0.2279,0.50
1788242216.969,-0.4280,1.0525,1.61,-0.2622,1.2828,1.12,-0.1547,-0.2279,0.50
1788242217.069,-0.4279,1.0474,1.62,-0.2621,1.2776,1.12,-0.1547,-0.2279,0.50
1788242217.169,-0.4278,1.0422,1.62,-0.2620,1.2725,1.12,-0.1547,-0.2279,0.50
1788242217.269,-0.4276,1.0373,1.62,-0.2619,1.2675,1.13,-0.1547,-0.2279,0.50
1788242217.369,-0.4276,1.0325,1.61,-0.2619,1.2628,1.12,-0.1547,-0.2279,0.50
1788242217.469,-0.4274,1.0277,1.62,-0.2618,1.2579,1.12,-0.1547,-0.2279,0.50
1788242217.569,-0.4273,1.0226,1.62,-0.2617,1.2528,1.12,-0.1547,-0.2279,0.50
1788242217.669,-0.4271,1.0175,1.62,-0.2616,1.2477,1.13,-0.1547,-0.2279,0.50
1788242217.769,-0.4269,1.0124,1.63,-0.2614,1.2426,1.13,-0.1547,-0.2279,0.50
1788242217.869,-0.4268,1.0074,1.63,-0.2614,1.2376,1.13,-0.1547,-0.2279,0.50
1788242217.969,-0.4268,1.0027,1.63,-0.2614,1.2329,1.13,-0.1547,-0.2279,0.50
1788242218.069,-0.4267,0.9978,1.63,-0.2614,1.2280,1.13,-0.1547,-0.2279,0.50
1788242218.169,-0.4266,0.9928,1.63,-0.2613,1.2230,1.13,-0.1547,-0.2279,0.50
1788242218.269,-0.4264,0.9877,1.63,-0.2611,1.2179,1.13,-0.1547,-0.2279,0.50
1788242218.369,-0.4262,0.9825,1.63,-0.2610,1.2127,1.13,-0.1547,-0.2279,0.50
1788242218.469,-0.4260,0.9773,1.63,-0.2608,1.2075,1.13,-0.1547,-0.2279,0.50
1788242218.569,-0.4258,0.9723,1.63,-0.2607,1.2026,1.13,-0.1547,-0.2279,0.50
1788242218.669,-0.4258,0.9678,1.64,-0.2607,1.1980,1.14,-0.1547,-0.2279,0.50
1788242218.769,-0.4257,0.9628,1.63,-0.2606,1.1930,1.14,-0.1547,-0.2279,0.50
1788242218.869,-0.4255,0.9577,1.64,-0.2605,1.1879,1.14,-0.1547,-0.2279,0.50
1788242218.969,-0.4253,0.9526,1.63,-0.2604,1.1828,1.14,-0.1547,-0.2279,0.50
1788242219.069,-0.4252,0.9473,1.64,-0.2603,1.1775,1.14,-0.1547,-0.2279,0.50
1788242219.169,-0.4250,0.9423,1.63,-0.2601,1.1725,1.14,-0.1547,-0.2279,0.50
1788242219.269,-0.4249,0.9374,1.63,-0.2601,1.1676,1.13,-0.1547,-0.2279,0.50
1788242219.369,-0.4247,0.9327,1.63,-0.2599,1.1629,1.13,-0.1547,-0.2279,0.50
1788242219.469,-0.4246,0.9277,1.63,-0.2598,1.1579,1.13,-0.1547,-0.2279,0.50
1788242219.569,-0.4244,0.9226,1.63,-0.2597,1.1529,1.13,-0.1547,-0.2279,0.50
1788242219.669,-0.4243,0.9175,1.63,-0.2597,1.1477,1.14,-0.1547,-0.2279,0.50
1788242219.769,-0.4242,0.9124,1.63,-0.2596,1.1427,1.13,-0.1547,-0.2279,0.50
1788242219.869,-0.4242,0.9078,1.64,-0.2596,1.1380,1.14,-0.1547,-0.2279,0.50
1788242219.969,-0.4240,0.9029,1.64,-0.2595,1.1331,1.14,-0.1547,-0.2279,0.50
1788242220.069,-0.4239,0.8979,1.64,-0.2594,1.1281,1.14,-0.1547,-0.2279,0.50
1788242220.169,-0.4237,0.8928,1.64,-0.2593,1.1230,1.14,-0.1547,-0.2279,0.50
1788242220.269,-0.4235,0.8876,1.64,-0.2591,1.1178,1.14,-0.1547,-0.2279,0.50
1788242220.369,-0.4234,0.8825,1.64,-0.2590,1.1127,1.14,-0.1547,-0.2279,0.50
1788242220.469,-0.4233,0.8778,1.64,-0.2590,1.1080,1.14,-0.1547,-0.2279,0.50
1788242220.569,-0.4231,0.8730,1.64,-0.2589,1.1032,1.14,-0.1547,-0.2279,0.50
1788242220.669,-0.4230,0.8680,1.63,-0.2588,1.0982,1.14,-0.1547,-0.2279,0.50
1788242220.769,-0.4228,0.8629,1.64,-0.2587,1.0931,1.14,-0.1547,-0.2279,0.50
1788242220.869,-0.4227,0.8583,1.63,-0.2586,1.0885,1.14,-0.1547,-0.2279,0.50
1788242220.969,-0.4227,0.8580,1.64,-0.2586,1.0882,1.14,-0.1547,-0.2279,0.50
1788242221.069,-0.4226,0.8536,1.64,-0.2585,1.0838,1.14,-0.1547,-0.2279,0.50
1788242221.169,-0.4224,0.8485,1.63,-0.2584,1.0787,1.13,-0.1547,-0.2279,0.50
1788242221.269,-0.4222,0.8434,1.63,-0.2582,1.0736,1.13,-0.1547,-0.2279,0.50
1788242221.369,-0.4221,0.8385,1.62,-0.2581,1.0687,1.12,-0.1547,-0.2279,0.50
1788242221.469,-0.4219,0.8333,1.62,-0.2580,1.0635,1.12,-0.1547,-0.2279,0.50
1788242221.569,-0.4217,0.8281,1.62,-0.2579,1.0582,1.13,-0.1547,-0.2279,0.50
1788242221.670,-0.4216,0.8228,1.63,-0.2577,1.0530,1.13,-0.1547,-0.2279,0.50
1788242221.769,-0.4214,0.8176,1.63,-0.2576,1.0478,1.13,-0.1547,-0.2279,0.50
1788242221.869,-0.4213,0.8126,1.63,-0.2575,1.0428,1.13,-0.1547,-0.2279,0.50
1788242221.969,-0.4212,0.8079,1.62,-0.2575,1.0381,1.13,-0.1547,-0.2279,0.50
1788242222.069,-0.4203,0.8030,1.63,-0.2566,1.0332,1.13,-0.1547,-0.2279,0.50
1788242222.169,-0.4171,0.7996,1.63,-0.2534,1.0297,1.13,-0.1547,-0.2279,0.50
1788242222.269,-0.4145,0.7953,1.60,-0.2509,1.0254,1.10,-0.1547,-0.2279,0.50
1788242222.369,-0.4117,0.7916,1.56,-0.2481,1.0217,1.06,-0.1547,-0.2279,0.50
1788242222.469,-0.4086,0.7880,1.53,-0.2451,1.0181,1.03,-0.1547,-0.2279,0.50
1788242222.569,-0.4054,0.7846,1.52,-0.2419,1.0147,1.02,-0.1547,-0.2279,0.50
1788242222.669,-0.4020,0.7811,1.52,-0.2385,1.0111,1.02,-0.1547,-0.2279,0.50
1788242222.769,-0.3989,0.7775,1.49,-0.2354,1.0075,0.99,-0.1547,-0.2279,0.50
1788242222.869,-0.3958,0.7740,1.46,-0.2324,1.0039,0.96,-0.1547,-0.2279,0.50
1788242222.969,-0.3926,0.7704,1.46,-0.2293,1.0004,0.96,-0.1547,-0.2279,0.50
1788242223.069,-0.3894,0.7669,1.47,-0.2261,0.9968,0.98,-0.1547,-0.2279,0.50
1788242223.169,-0.3863,0.7632,1.45,-0.2230,0.9931,0.95,-0.1547,-0.2279,0.50
1788242223.269,-0.3834,0.7596,1.43,-0.2201,0.9894,0.93,-0.1547,-0.2279,0.50
1788242223.369,-0.3804,0.7558,1.43,-0.2172,0.9857,0.93,-0.1547,-0.2279,0.50
1788242223.469,-0.3801,0.7509,1.44,-0.2169,0.9807,0.94,-0.1547,-0.2279,0.50
1788242223.569,-0.3799,0.7457,1.44,-0.2167,0.9755,0.94,-0.1246,-0.1931,0.55
1788242223.669,-0.3507,0.7750,1.27,-0.2167,0.9703,0.71,-0.1246,-0.1931,0.55
1788242223.769,-0.3506,0.7699,0.70,-0.2166,0.9652,0.15,-0.1246,-0.1931,0.55
1788242223.869,-0.3504,0.7649,0.13,-0.2165,0.9602,-0.42,-0.1246,-0.1931,0.55
1788242223.969,-0.3502,0.7599,-0.43,-0.2164,0.9552,-0.98,-0.1246,-0.1931,0.55
1788242224.069,-0.3501,0.7549,-0.99,-0.2164,0.9502,-1.54,-0.1246,-0.1931,0.55
1788242224.169,-0.3502,0.7500,-1.56,-0.2165,0.9452,-2.12,-0.1246,-0.1931,0.55
1788242224.269,-0.3504,0.7448,-1.80,-0.2167,0.9401,-2.35,-0.1246,-0.1931,0.55
1788242224.369,-0.3507,0.7398,-1.82,-0.2170,0.9351,-2.37,-0.1246,-0.1931,0.55
1788242224.469,-0.3508,0.7350,-1.79,-0.2173,0.9303,-2.35,-0.1246,-0.1931,0.55
1788242224.569,-0.3509,0.7299,-1.29,-0.2174,0.9252,-1.84,-0.1246,-0.1931,0.55
1788242224.669,-0.3509,0.7249,-0.71,-0.2175,0.9202,-1.27,-0.1246,-0.1931,0.55
1788242224.769,-0.3509,0.7197,-0.14,-0.2175,0.9150,-0.70,-0.1246,-0.1931,0.55
1788242224.869,-0.3508,0.7148,0.41,-0.2174,0.9100,-0.14,-0.1246,-0.1931,0.55
1788242224.969,-0.3507,0.7097,0.99,-0.2174,0.9050,0.43,-0.1246,-0.1931,0.55
1788242225.069,-0.3506,0.7046,1.56,-0.2174,0.8999,1.00,-0.1246,-0.1931,0.55
1788242225.169,-0.3504,0.6998,2.11,-0.2172,0.8951,1.56,-0.1246,-0.1931,0.55
1788242225.269,-0.3502,0.6947,2.70,-0.2170,0.8900,2.14,-0.1246,-0.1931,0.55
1788242225.369,-0.3499,0.6897,3.28,-0.2168,0.8850,2.73,-0.1246,-0.1931,0.55
1788242225.469,-0.3496,0.6849,3.84,-0.2165,0.8801,3.29,-0.1246,-0.1931,0.55
1788242225.569,-0.3491,0.6798,4.41,-0.2161,0.8751,3.86,-0.1246,-0.1931,0.55
1788242225.669,-0.3486,0.6748,4.98,-0.2156,0.8701,4.43,-0.1246,-0.1931,0.55
1788242225.769,-0.3481,0.6701,5.53,-0.2151,0.8654,4.97,-0.1246,-0.1931,0.55
1788242225.869,-0.3475,0.6651,6.10,-0.2146,0.8604,5.55,-0.1246,-0.1931,0.55
1788242225.969,-0.3470,0.6600,6.66,-0.2142,0.8553,6.10,-0.1246,-0.1931,0.55
1788242226.069,-0.3467,0.6549,6.69,-0.2139,0.8502,6.13,-0.1246,-0.1931,0.55
1788242226.169,-0.3463,0.6500,6.67,-0.2136,0.8452,6.12,-0.1246,-0.1931,0.55
1788242226.269,-0.3458,0.6450,6.66,-0.2131,0.8403,6.10,-0.1246,-0.1931,0.55
1788242226.369,-0.3453,0.6400,6.65,-0.2126,0.8353,6.10,-0.1246,-0.1931,0.55
1788242226.469,-0.3447,0.6350,6.65,-0.2121,0.8302,6.10,-0.1246,-0.1931,0.55
1788242226.569,-0.3442,0.6299,6.65,-0.2116,0.8251,6.10,-0.1246,-0.1931,0.55
1788242226.669,-0.3436,0.6249,6.65,-0.2111,0.8202,6.10,-0.1246,-0.1931,0.55
1788242226.769,-0.3432,0.6202,6.63,-0.2107,0.8155,6.08,-0.1246,-0.1931,0.55
1788242226.869,-0.3426,0.6153,6.63,-0.2102,0.8105,6.07,-0.1246,-0.1931,0.55
1788242226.969,-0.3420,0.6103,6.63,-0.2097,0.8055,6.08,-0.1246,-0.1931,0.55
1788242227.069,-0.3414,0.6052,6.64,-0.2091,0.8004,6.08,-0.1246,-0.1931,0.55
1788242227.169,-0.3408,0.6000,7.10,-0.2085,0.7952,6.54,-0.1246,-0.1931,0.55
1788242227.269,-0.3402,0.5951,7.65,-0.2080,0.7903,7.10,-0.1246,-0.1931,0.55
1788242227.369,-0.3395,0.5901,8.22,-0.2073,0.7853,7.66,-0.1246,-0.1931,0.55
1788242227.469,-0.3385,0.5850,8.76,-0.2064,0.7802,8.21,-0.1246,-0.1931,0.55
1788242227.569,-0.3382,0.5824,8.82,-0.2061,0.7775,8.26,-0.1246,-0.1931,0.55
1788242227.669,-0.3382,0.5823,8.81,-0.2061,0.7775,8.26,-0.1246,-0.1931,0.55
1788242227.769,-0.3372,0.5826,8.80,-0.2051,0.7778,8.25,-0.1246,-0.1931,0.55
1788242227.870,-0.3329,0.5835,8.78,-0.2007,0.7786,8.22,-0.1246,-0.1931,0.55
1788242227.969,-0.3287,0.5840,8.78,-0.1966,0.7791,8.23,-0.1246,-0.1931,0.55
1788242228.069,-0.3242,0.5847,8.80,-0.1920,0.7798,8.24,-0.1246,-0.1931,0.55
1788242228.169,-0.3195,0.5852,8.81,-0.1873,0.7802,8.25,-0.1246,-0.1931,0.55
1788242228.269,-0.3149,0.5856,8.81,-0.1827,0.7805,8.26,-0.1246,-0.1931,0.55
1788242228.369,-0.3103,0.5863,8.80,-0.1781,0.7812,8.24,-0.1246,-0.1931,0.55
1788242228.469,-0.3057,0.5872,8.79,-0.1736,0.7821,8.24,-0.1246,-0.1931,0.55
1788242228.569,-0.3012,0.5879,8.79,-0.1690,0.7827,8.24,-0.1246,-0.1931,0.55
1788242228.669,-0.2967,0.5887,8.80,-0.1645,0.7834,8.24,-0.1246,-0.1931,0.55
1788242228.769,-0.2922,0.5893,8.81,-0.1600,0.7840,8.25,-0.1246,-0.1931,0.55
1788242228.869,-0.2876,0.5897,8.81,-0.1555,0.7844,8.25,-0.1246,-0.1931,0.55
1788242228.969,-0.2831,0.5904,8.81,-0.1509,0.7851,8.25,-0.1246,-0.1931,0.55
1788242229.069,-0.2785,0.5913,8.80,-0.1463,0.7859,8.25,-0.1246,-0.1931,0.55
1788242229.169,-0.2752,0.5920,8.80,-0.1430,0.7865,8.24,-0.1246,-0.1931,0.55
1788242229.269,-0.2751,0.5920,8.80,-0.1430,0.7865,8.24,-0.1246,-0.1931,0.55
1788242229.369,-0.2751,0.5920,8.80,-0.1430,0.7865,8.24,-0.1246,-0.1931,0.55
1788242229.469,-0.2749,0.5889,8.86,-0.1428,0.7835,8.31,-0.1246,-0.1931,0.55
1788242229.569,-0.2741,0.5841,9.41,-0.1420,0.7786,8.86,-0.1246,-0.1931,0.55
1788242229.669,-0.2728,0.5790,9.98,-0.1407,0.7736,9.43,-0.1246,-0.1931,0.55
1788242229.769,-0.2715,0.5737,10.56,-0.1394,0.7682,10.01,-0.1246,-0.1931,0.55
1788242229.869,-0.2704,0.5687,11.13,-0.1384,0.7632,10.57,-0.1246,-0.1931,0.55
1788242229.969,-0.2693,0.5637,11.69,-0.1373,0.7582,11.14,-0.1246,-0.1931,0.55
1788242230.069,-0.2681,0.5587,12.26,-0.1363,0.7532,11.71,-0.1246,-0.1931,0.55
1788242230.169,-0.2670,0.5537,12.83,-0.1351,0.7482,12.27,-0.1246,-0.1931,0.55
1788242230.269,-0.2656,0.5489,13.38,-0.1339,0.7434,12.83,-0.1246,-0.1931,0.55
1788242230.369,-0.2643,0.5440,13.95,-0.1326,0.7385,13.40,-0.1246,-0.1931,0.55
1788242230.469,-0.2630,0.5391,14.53,-0.1314,0.7335,13.97,-0.1246,-0.1931,0.55
1788242230.569,-0.2616,0.5344,15.08,-0.1300,0.7288,14.53,-0.1246,-0.1931,0.55
1788242230.669,-0.2602,0.5296,15.65,-0.1286,0.7241,15.10,-0.1246,-0.1931,0.55
1788242230.769,-0.2589,0.5247,16.24,-0.1274,0.7192,15.69,-0.1246,-0.1931,0.55
1788242230.869,-0.2575,0.5200,16.81,-0.1260,0.7144,16.26,-0.1246,-0.1931,0.55
1788242230.969,-0.2559,0.5154,17.38,-0.1245,0.7098,16.82,-0.1246,-0.1931,0.55
1788242231.069,-0.2547,0.5103,17.49,-0.1233,0.7047,16.93,-0.1246,-0.1931,0.55
1788242231.169,-0.2534,0.5054,17.49,-0.1221,0.6997,16.93,-0.1246,-0.1931,0.55
1788242231.269,-0.2521,0.5004,17.49,-0.1208,0.6948,16.93,-0.1246,-0.1931,0.55
1788242231.369,-0.2508,0.4957,17.52,-0.1195,0.6900,16.96,-0.1246,-0.1931,0.55
1788242231.469,-0.2494,0.4913,18.05,-0.1182,0.6856,17.49,-0.1246,-0.1931,0.55
1788242231.569,-0.2477,0.4864,18.63,-0.1166,0.6807,18.07,-0.1246,-0.1931,0.55
1788242231.669,-0.2461,0.4817,19.19,-0.1150,0.6760,18.64,-0.1246,-0.1931,0.55
1788242231.769,-0.2444,0.4771,19.75,-0.1133,0.6714,19.20,-0.1246,-0.1931,0.55
1788242231.869,-0.2425,0.4724,20.32,-0.1115,0.6667,19.76,-0.1246,-0.1931,0.55
1788242231.969,-0.2407,0.4677,20.89,-0.1097,0.6619,20.34,-0.1246,-0.1931,0.55
1788242232.069,-0.2388,0.4633,21.45,-0.1078,0.6575,20.89,-0.1246,-0.1931,0.55
1788242232.169,-0.2368,0.4586,22.02,-0.1059,0.6528,21.46,-0.1246,-0.1931,0.55
1788242232.269,-0.2350,0.4539,22.60,-0.1041,0.6481,22.05,-0.0854,-0.1815,-2.49
1788242232.369,-0.1596,0.4659,20.13,-0.1022,0.6436,22.61,-0.0854,-0.1815,-2.49
1788242232.469,-0.1578,0.4613,20.69,-0.1002,0.6390,23.18,-0.0854,-0.1815,-2.49
1788242232.569,-0.1560,0.4565,21.28,-0.0983,0.6342,23.77,-0.0854,-0.1815,-2.49
1788242232.669,-0.1543,0.4520,21.84,-0.0963,0.6298,24.33,-0.0854,-0.1815,-2.49
1788242232.769,-0.1525,0.4472,22.11,-0.0944,0.6252,24.59,-0.0854,-0.1815,-2.49
1788242232.869,-0.1508,0.4425,22.12,-0.0924,0.6205,24.60,-0.0854,-0.1815,-2.49
1788242232.969,-0.1490,0.4377,22.12,-0.0905,0.6158,24.61,-0.0854,-0.1815,-2.49
1788242233.069,-0.1473,0.4329,22.12,-0.0885,0.6111,24.60,-0.0854,-0.1815,-2.49
1788242233.169,-0.1455,0.4282,22.12,-0.0865,0.6065,24.60,-0.0854,-0.1815,-2.49
1788242233.269,-0.1437,0.4238,22.10,-0.0845,0.6021,24.59,-0.0854,-0.1815,-2.49
1788242233.369,-0.1418,0.4193,22.09,-0.0825,0.5977,24.58,-0.0854,-0.1815,-2.49
1788242233.469,-0.1400,0.4146,22.10,-0.0804,0.5931,24.58,-0.0854,-0.1815,-2.49
1788242233.569,-0.1381,0.4098,22.10,-0.0784,0.5884,24.59,-0.0854,-0.1815,-2.49
1788242233.669,-0.1362,0.4050,22.09,-0.0762,0.5837,24.58,-0.0854,-0.1815,-2.49
1788242233.769,-0.1343,0.4003,22.10,-0.0742,0.5791,24.59,-0.0854,-0.1815,-2.49
1788242233.869,-0.1324,0.3958,22.59,-0.0721,0.5747,25.08,-0.0854,-0.1815,-2.49
1788242233.969,-0.1305,0.3912,23.16,-0.0699,0.5701,25.64,-0.0854,-0.1815,-2.49
1788242234.069,-0.1285,0.3865,23.74,-0.0678,0.5656,26.22,-0.0854,-0.1815,-2.49
1788242234.169,-0.1266,0.3821,24.30,-0.0656,0.5612,26.79,-0.0854,-0.1815,-2.49
1788242234.269,-0.1246,0.3775,24.36,-0.0634,0.5568,26.85,-0.0854,-0.1815,-2.49
1788242234.369,-0.1225,0.3731,24.37,-0.0612,0.5524,26.86,-0.0854,-0.1815,-2.49
1788242234.469,-0.1205,0.3685,24.38,-0.0589,0.5479,26.86,-0.0854,-0.1815,-2.49
1788242234.569,-0.1184,0.3639,24.38,-0.0567,0.5434,26.87,-0.0854,-0.1815,-2.49
1788242234.669,-0.1164,0.3594,24.38,-0.0544,0.5390,26.86,-0.0854,-0.1815,-2.49
1788242234.769,-0.1144,0.3550,24.36,-0.0522,0.5347,26.85,-0.0854,-0.1815,-2.49
1788242234.869,-0.1123,0.3506,24.36,-0.0500,0.5303,26.84,-0.0854,-0.1815,-2.49
1788242234.969,-0.1102,0.3459,24.36,-0.0477,0.5258,26.85,-0.0854,-0.1815,-2.49
1788242235.069,-0.1081,0.3412,24.37,-0.0454,0.5212,26.85,-0.0854,-0.1815,-2.49
1788242235.169,-0.1060,0.3365,24.37,-0.0431,0.5166,26.86,-0.0854,-0.1815,-2.49
1788242235.269,-0.1038,0.3318,24.76,-0.0407,0.5120,27.25,-0.0854,-0.1815,-2.49
1788242235.369,-0.1017,0.3274,25.31,-0.0384,0.5077,27.80,-0.0854,-0.1815,-2.49
1788242235.469,-0.0994,0.3229,25.66,-0.0359,0.5032,28.15,-0.0854,-0.1815,-2.49
1788242235.569,-0.0973,0.3182,25.68,-0.0336,0.4987,28.17,-0.0854,-0.1815,-2.49
1788242235.669,-0.0951,0.3137,25.68,-0.0312,0.4942,28.17,-0.0854,-0.1815,-2.49
1788242235.769,-0.0930,0.3091,25.68,-0.0289,0.4898,28.17,-0.0854,-0.1815,-2.49
1788242235.869,-0.0909,0.3049,25.67,-0.0267,0.4857,28.16,-0.0854,-0.1815,-2.49
1788242235.969,-0.0888,0.3005,25.66,-0.0243,0.4814,28.15,-0.0854,-0.1815,-2.49
1788242236.069,-0.0866,0.2960,25.66,-0.0220,0.4769,28.15,-0.0854,-0.1815,-2.49
1788242236.169,-0.0845,0.2913,25.67,-0.0196,0.4724,28.15,-0.0854,-0.1815,-2.49
1788242236.269,-0.0822,0.2867,25.60,-0.0172,0.4678,28.08,-0.0854,-0.1815,-2.49
1788242236.369,-0.0802,0.2822,25.04,-0.0149,0.4634,27.53,-0.0854,-0.1815,-2.49
1788242236.469,-0.0781,0.2776,24.48,-0.0127,0.4590,26.97,-0.0854,-0.1815,-2.49
1788242236.569,-0.0760,0.2730,23.92,-0.0103,0.4545,26.41,-0.0854,-0.1815,-2.49
1788242236.669,-0.0738,0.2685,23.37,-0.0079,0.4500,25.86,-0.0854,-0.1815,-2.49
1788242236.769,-0.0716,0.2638,22.80,-0.0056,0.4454,25.29,-0.0854,-0.1815,-2.49
1788242236.869,-0.0695,0.2592,22.25,-0.0033,0.4409,24.74,-0.0854,-0.1815,-2.49
1788242236.969,-0.0677,0.2546,21.67,-0.0012,0.4364,24.15,-0.0854,-0.1815,-2.49
1788242237.069,-0.0659,0.2500,21.09,0.0008,0.4319,23.58,-0.0854,-0.1815,-2.49
1788242237.169,-0.0641,0.2454,20.52,0.0028,0.4274,23.01,-0.0854,-0.1815,-2.49
1788242237.269,-0.0624,0.2408,19.94,0.0046,0.4229,22.43,-0.0854,-0.1815,-2.49
1788242237.369,-0.0607,0.2362,19.38,0.0065,0.4183,21.86,-0.0854,-0.1815,-2.49
1788242237.469,-0.0591,0.2315,18.80,0.0083,0.4137,21.29,-0.0854,-0.1815,-2.49
1788242237.569,-0.0575,0.2267,18.21,0.0101,0.4090,20.70,-0.0854,-0.1815,-2.49
1788242237.669,-0.0559,0.2221,17.67,0.0119,0.4044,20.16,-0.0854,-0.1815,-2.49
1788242237.769,-0.0544,0.2173,17.08,0.0136,0.3997,19.57,-0.0854,-0.1815,-2.49
1788242237.869,-0.0530,0.2126,16.52,0.0152,0.3951,19.00,-0.0854,-0.1815,-2.49
1788242237.969,-0.0518,0.2080,15.95,0.0167,0.3905,18.43,-0.0854,-0.1815,-2.49
1788242238.069,-0.0505,0.2031,15.36,0.0181,0.3858,17.85,-0.0854,-0.1815,-2.49
1788242238.169,-0.0491,0.1984,14.79,0.0197,0.3810,17.27,-0.0854,-0.1815,-2.49
1788242238.269,-0.0479,0.1936,14.22,0.0212,0.3764,16.71,-0.0854,-0.1815,-2.49
1788242238.369,-0.0467,0.1888,13.65,0.0225,0.3716,16.14,-0.0854,-0.1815,-2.49
1788242238.469,-0.0455,0.1838,13.08,0.0240,0.3667,15.56,-0.0854,-0.1815,-2.49
1788242238.569,-0.0443,0.1790,12.52,0.0254,0.3619,15.01,-0.0854,-0.1815,-2.49
1788242238.669,-0.0433,0.1740,11.95,0.0266,0.3570,14.44,-0.0854,-0.1815,-2.49
1788242238.769,-0.0422,0.1691,11.38,0.0279,0.3521,13.87,-0.0854,-0.1815,-2.49
1788242238.869,-0.0413,0.1642,10.82,0.0290,0.3473,13.31,-0.0854,-0.1815,-2.49
1788242238.969,-0.0404,0.1594,10.25,0.0301,0.3424,12.74,-0.0854,-0.1815,-2.49
1788242239.069,-0.0396,0.1545,9.68,0.0312,0.3376,12.17,-0.0854,-0.1815,-2.49
1788242239.169,-0.0388,0.1496,9.11,0.0322,0.3328,11.59,-0.0854,-0.1815,-2.49
1788242239.269,-0.0382,0.1446,8.54,0.0330,0.3278,11.03,-0.0854,-0.1815,-2.49
1788242239.369,-0.0375,0.1397,7.97,0.0339,0.3229,10.46,-0.0854,-0.1815,-2.49
1788242239.469,-0.0367,0.1347,7.40,0.0349,0.3179,9.89,-0.0854,-0.1815,-2.49
1788242239.569,-0.0361,0.1297,6.83,0.0358,0.3130,9.32,-0.0536,-0.2083,-0.13
1788242239.669,-0.0183,0.1024,8.38,0.0365,0.3081,8.76,-0.0536,-0.2083,-0.13
1788242239.769,-0.0155,0.0947,8.06,0.0374,0.3031,8.19,-0.0536,-0.2083,-0.13
1788242239.869,-0.0147,0.0897,7.50,0.0382,0.2980,7.63,-0.0536,-0.2083,-0.13
1788242239.969,-0.0139,0.0845,6.95,0.0390,0.2929,7.08,-0.0536,-0.2083,-0.13
1788242240.069,-0.0132,0.0796,6.40,0.0397,0.2879,6.54,-0.0536,-0.2083,-0.13
1788242240.169,-0.0128,0.0747,5.83,0.0401,0.2830,5.96,-0.0536,-0.2083,-0.13
1788242240.269,-0.0123,0.0697,5.24,0.0407,0.2781,5.37,-0.0536,-0.2083,-0.13
1788242240.369,-0.0121,0.0646,4.85,0.0409,0.2730,4.98,-0.0536,-0.2083,-0.13
1788242240.469,-0.0118,0.0597,4.86,0.0412,0.2681,4.99,-0.0536,-0.2083,-0.13
1788242240.569,-0.0115,0.0548,4.87,0.0415,0.2631,5.00,-0.0536,-0.2083,-0.13
1788242240.669,-0.0112,0.0498,4.87,0.0418,0.2582,5.01,-0.0536,-0.2083,-0.13
1788242240.769,-0.0108,0.0447,4.88,0.0422,0.2531,5.01,-0.0536,-0.2083,-0.13
1788242240.869,-0.0104,0.0396,4.88,0.0426,0.2480,5.01,-0.0536,-0.2083,-0.13
1788242240.969,-0.0100,0.0346,4.88,0.0430,0.2429,5.02,-0.0536,-0.2083,-0.13
1788242241.069,-0.0097,0.0296,4.88,0.0434,0.2380,5.01,-0.0536,-0.2083,-0.13
1788242241.169,-0.0093,0.0247,4.38,0.0437,0.2331,4.51,-0.0536,-0.2083,-0.13
1788242241.269,-0.0090,0.0197,3.81,0.0441,0.2280,3.94,-0.0536,-0.2083,-0.13
1788242241.369,-0.0087,0.0146,3.23,0.0444,0.2230,3.36,-0.0536,-0.2083,-0.13
1788242241.469,-0.0084,0.0097,2.68,0.0447,0.2181,2.81,-0.0536,-0.2083,-0.13
1788242241.569,-0.0081,0.0047,2.11,0.0451,0.2131,2.24,-0.0536,-0.2083,-0.13
1788242241.669,-0.0078,-0.0003,1.57,0.0453,0.2080,1.70,-0.0536,-0.2083,-0.13
1788242241.769,-0.0078,-0.0053,1.54,0.0453,0.2031,1.68,-0.0536,-0.2083,-0.13
1788242241.869,-0.0077,-0.0103,1.55,0.0454,0.1981,1.68,-0.0536,-0.2083,-0.13
1788242241.969,-0.0076,-0.0153,1.56,0.0455,0.1931,1.69,-0.0536,-0.2083,-0.13
1788242242.069,-0.0075,-0.0203,1.56,0.0457,0.1881,1.69,-0.0536,-0.2083,-0.13
1788242242.169,-0.0074,-0.0253,1.56,0.0458,0.1831,1.69,-0.0536,-0.2083,-0.13
1788242242.269,-0.0073,-0.0303,1.55,0.0459,0.1780,1.69,-0.0536,-0.2083,-0.13
1788242242.369,-0.0071,-0.0354,1.55,0.0461,0.1730,1.68,-0.0536,-0.2083,-0.13
1788242242.469,-0.0071,-0.0404,1.55,0.0462,0.1680,1.69,-0.0536,-0.2083,-0.13
1788242242.569,-0.0069,-0.0454,1.56,0.0463,0.1630,1.69,-0.0536,-0.2083,-0.13
1788242242.669,-0.0068,-0.0504,1.56,0.0465,0.1580,1.69,-0.0536,-0.2083,-0.13
1788242242.769,-0.0066,-0.0554,1.56,0.0466,0.1530,1.69,-0.0536,-0.2083,-0.13
1788242242.869,-0.0065,-0.0604,1.55,0.0467,0.1480,1.68,-0.0536,-0.2083,-0.13
1788242242.969,-0.0064,-0.0654,1.55,0.0469,0.1430,1.68,-0.0536,-0.2083,-0.13
1788242243.069,-0.0063,-0.0704,1.55,0.0470,0.1380,1.68,-0.0536,-0.2083,-0.13
1788242243.169,-0.0061,-0.0754,1.55,0.0472,0.1330,1.68,-0.0536,-0.2083,-0.13
1788242243.269,-0.0060,-0.0805,1.55,0.0473,0.1279,1.68,-0.0536,-0.2083,-0.13
1788242243.369,-0.0058,-0.0855,1.55,0.0475,0.1229,1.68,-0.0536,-0.2083,-0.13
1788242243.469,-0.0057,-0.0904,1.55,0.0476,0.1180,1.68,-0.0536,-0.2083,-0.13
1788242243.569,-0.0056,-0.0953,1.55,0.0478,0.1131,1.68,-0.0536,-0.2083,-0.13
1788242243.669,-0.0054,-0.1003,1.55,0.0479,0.1081,1.68,-0.0536,-0.2083,-0.13
1788242243.769,-0.0053,-0.1053,1.55,0.0480,0.1031,1.68,-0.0536,-0.2083,-0.13
1788242243.869,-0.0052,-0.1103,1.55,0.0482,0.0981,1.68,-0.0536,-0.2083,-0.13
1788242243.969,-0.0051,-0.1154,1.55,0.0483,0.0930,1.68,-0.0536,-0.2083,-0.13
1788242244.069,-0.0041,-0.1202,1.56,0.0493,0.0882,1.70,-0.0536,-0.2083,-0.13
1788242244.169,-0.0010,-0.1236,1.58,0.0524,0.0848,1.71,-0.0536,-0.2083,-0.13
1788242244.269,0.0022,-0.1269,1.58,0.0556,0.0815,1.71,-0.0536,-0.2083,-0.13
1788242244.369,0.0053,-0.1301,1.58,0.0587,0.0783,1.71,-0.0536,-0.2083,-0.13
1788242244.469,0.0085,-0.1334,1.57,0.0620,0.0750,1.71,-0.0536,-0.2083,-0.13
1788242244.569,0.0117,-0.1367,1.57,0.0652,0.0717,1.70,-0.0536,-0.2083,-0.13
1788242244.669,0.0150,-0.1401,1.57,0.0685,0.0683,1.70,-0.0536,-0.2083,-0.13
1788242244.769,0.0184,-0.1435,1.57,0.0718,0.0649,1.70,-0.0536,-0.2083,-0.13
1788242244.869,0.0216,-0.1469,1.57,0.0751,0.0615,1.70,-0.0536,-0.2083,-0.13
1788242244.969,0.0249,-0.1503,1.56,0.0784,0.0582,1.69,-0.0536,-0.2083,-0.13
1788242245.069,0.0282,-0.1537,1.56,0.0817,0.0548,1.69,-0.0536,-0.2083,-0.13
1788242245.169,0.0315,-0.1571,1.57,0.0850,0.0514,1.70,-0.0536,-0.2083,-0.13
1788242245.269,0.0349,-0.1605,1.57,0.0884,0.0479,1.71,-0.0536,-0.2083,-0.13
1788242245.369,0.0382,-0.1639,1.57,0.0917,0.0446,1.70,-0.0536,-0.2083,-0.13
1788242245.469,0.0415,-0.1674,1.57,0.0950,0.0411,1.70,-0.0536,-0.2083,-0.13
1788242245.569,0.0426,-0.1717,1.56,0.0961,0.0368,1.70,-0.0536,-0.2083,-0.13
1788242245.669,0.0427,-0.1766,1.56,0.0962,0.0319,1.69,-0.0536,-0.2083,-0.13
1788242245.769,0.0429,-0.1820,1.55,0.0964,0.0265,1.69,-0.0536,-0.2083,-0.13
1788242245.869,0.0431,-0.1872,1.55,0.0966,0.0213,1.68,-0.0536,-0.2083,-0.13
1788242245.969,0.0433,-0.1924,1.55,0.0968,0.0161,1.68,-0.0536,-0.2083,-0.13
1788242246.069,0.0434,-0.1975,1.55,0.0970,0.0110,1.68,-0.0536,-0.2083,-0.13
1788242246.169,0.0435,-0.2026,1.55,0.0971,0.0059,1.68,-0.0536,-0.2083,-0.13
1788242246.269,0.0436,-0.2076,1.55,0.0972,0.0009,1.68,-0.0536,-0.2083,-0.13
1788242246.369,0.0436,-0.2093,1.54,0.0972,-0.0008,1.68,-0.0536,-0.2083,-0.13
1788242246.469,0.0434,-0.2095,1.53,0.0970,-0.0010,1.67,-0.0536,-0.2083,-0.13
1788242246.569,0.0434,-0.2095,1.54,0.0970,-0.0010,1.67,-0.0536,-0.2083,-0.13
1788242246.669,0.0434,-0.2095,1.54,0.0970,-0.0010,1.67,-0.0536,-0.2083,-0.13
1788242246.769,0.0430,-0.2055,1.54,0.0966,0.0030,1.67,-0.0536,-0.2083,-0.13
1788242246.869,0.0429,-0.2044,1.54,0.0965,0.0041,1.67,-0.0536,-0.2083,-0.13
1788242246.969,0.0429,-0.2044,1.54,0.0965,0.0041,1.67,-0.0536,-0.2083,-0.13
1788242247.069,0.0428,-0.2043,1.55,0.0964,0.0042,1.68,-0.0536,-0.2083,-0.13
1788242247.169,0.0428,-0.2043,1.55,0.0964,0.0042,1.68,-0.0536,-0.2083,-0.13
1788242247.269,0.0428,-0.2043,1.55,0.0964,0.0042,1.68,-0.0536,-0.2083,-0.13
1788242247.369,0.0428,-0.2043,1.55,0.0964,0.0042,1.68,-0.0536,-0.2083,-0.13
1788242247.469,0.0428,-0.2043,1.55,0.0964,0.0042,1.68,-0.0536,-0.2083,-0.13
1788242247.569,0.0428,-0.2043,1.55,0.0964,0.0042,1.68,-0.0536,-0.2083,-0.13
1788242247.669,0.0428,-0.2043,1.55,0.0964,0.0042,1.68,-0.0536,-0.2083,-0.13
1788242247.769,0.0428,-0.2043,1.55,0.0964,0.0042,1.68,-0.0536,-0.2083,-0.13
1788242247.869,0.0428,-0.2043,1.55,0.0964,0.0042,1.68,-0.0536,-0.2083,-0.13
1788242247.969,0.0428,-0.2043,1.55,0.0964,0.0042,1.68,-0.0536,-0.2083,-0.13
1788242248.069,0.0428,-0.2043,1.55,0.0964,0.0042,1.68,-0.0536,-0.2083,-0.13
1788242248.169,0.0428,-0.2043,1.55,0.0964,0.0042,1.68,-0.0536,-0.2083,-0.13
1788242248.269,0.0428,-0.2043,1.55,0.0964,0.0042,1.68,-0.0536,-0.2083,-0.13
1788242248.369,0.0428,-0.2043,1.55,0.0964,0.0042,1.68,-0.0536,-0.2083,-0.13
1788242248.469,0.0428,-0.2043,1.55,0.0964,0.0042,1.68,-0.0536,-0.2083,-0.13
1788242248.569,0.0428,-0.2043,1.55,0.0964,0.0042,1.68,-0.0536,-0.2083,-0.13
1788242248.669,0.0428,-0.2043,1.55,0.0964,0.0042,1.68,-0.0536,-0.2083,-0.13
1788242248.769,0.0428,-0.2043,1.55,0.0964,0.0042,1.68,-0.0536,-0.2083,-0.13
1788242248.869,0.0428,-0.2043,1.55,0.0964,0.0042,1.68,-0.0536,-0.2083,-0.13
1788242248.969,0.0428,-0.2043,1.55,0.0964,0.0042,1.68,-0.0536,-0.2083,-0.13
1788242249.069,0.0428,-0.2043,1.55,0.0964,0.0042,1.68,-0.0536,-0.2083,-0.13
1788242249.169,0.0428,-0.2043,1.55,0.0964,0.0042,1.68,-0.0536,-0.2083,-0.13
