pi_time_s,FR_target_rads,FR_actual_rads,FR_pwm,FL_target_rads,FL_actual_rads,FL_pwm,RR_target_rads,RR_actual_rads,RR_pwm,RL_target_rads,RL_actual_rads,RL_pwm
1785852423.8085,0.0000,0.0000,0.0000,0.0000,0.0000,0.0000,0.0000,0.0000,0.0000,0.0000,0.0000,0.0000
1785852423.8121,0.0000,0.0000,0.0000,0.0000,0.0000,0.0000,0.0000,0.0000,0.0000,0.0000,0.0000,0.0000
1785852423.8125,0.0000,0.0000,0.0000,0.0000,0.0000,0.0000,0.0000,0.0000,0.0000,0.0000,0.0000,0.0000
1785852423.8129,0.0000,0.0000,0.0000,0.0000,0.0000,0.0000,0.0000,0.0000,0.0000,0.0000,0.0000,0.0000
1785852424.0083,0.0000,0.0000,0.0000,0.0000,0.0000,0.0000,0.0000,0.0000,0.0000,0.0000,0.0000,0.0000
1785852424.0090,0.0000,0.0000,0.0000,0.0000,0.0000,0.0000,0.0000,0.0000,0.0000,0.0000,0.0000,0.0000
1785852424.0097,0.0000,0.0000,0.0000,0.0000,0.0000,0.0000,0.0000,0.0000,0.0000,0.0000,0.0000,0.0000
1785852424.0105,0.0000,0.0000,0.0000,0.0000,0.0000,0.0000,0.0000,0.0000,0.0000,0.0000,0.0000,0.0000
1785852424.2084,0.0000,0.0000,0.0000,0.0000,0.0000,0.0000,0.0000,0.0000,0.0000,0.0000,0.0000,0.0000
1785852424.2090,0.0000,0.0000,0.0000,0.0000,0.0000,0.0000,0.0000,0.0000,0.0000,0.0000,0.0000,0.0000
1785852424.2098,0.0000,0.0000,0.0000,0.0000,0.0000,0.0000,0.0000,0.0000,0.0000,0.0000,0.0000,0.0000
1785852424.2105,0.0000,0.0000,0.0000,0.0000,0.0000,0.0000,0.0000,0.0000,0.0000,0.0000,0.0000,0.0000
1785852424.3983,0.0000,0.0000,0.0000,0.0000,0.0000,0.0000,0.0000,0.0000,0.0000,0.0000,0.0000,0.0000
1785852424.3990,0.0000,0.0000,0.0000,0.0000,0.0000,0.0000,0.0000,0.0000,0.0000,0.0000,0.0000,0.0000
1785852424.3997,0.0000,0.0000,0.0000,0.0000,0.0000,0.0000,0.0000,0.0000,0.0000,0.0000,0.0000,0.0000
1785852424.5577,0.0000,0.0000,0.0000,0.0000,0.0000,0.0000,0.0000,0.0000,0.0000,0.0000,0.0000,0.0000
1785852424.5583,0.0000,0.0000,0.0000,0.0000,0.0000,0.0000,0.0000,0.0000,0.0000,0.0000,0.0000,0.0000
1785852424.5591,0.0000,0.0000,0.0000,0.0000,0.0000,0.0000,0.0000,0.0000,0.0000,0.0000,0.0000,0.0000
1785852424.5599,0.1310,0.1110,10.0000,0.0000,0.0000,0.0000,0.0000,0.0000,0.0000,0.1310,0.0180,16.0000
1785852424.6083,0.2100,0.1840,17.0000,0.2100,0.0630,23.0000,0.2100,0.1080,21.0000,0.2100,0.1330,21.0000
1785852424.6584,0.3300,0.2160,27.0000,0.3300,0.2360,25.0000,0.4070,0.2260,33.0000,0.4070,0.2230,35.0000
1785852424.7084,0.5640,0.5920,27.0000,0.5640,0.5920,28.0000,0.5640,0.5590,31.0000,0.5640,0.5650,32.0000
1785852424.7584,0.6430,0.6500,33.0000,0.6430,0.6390,34.0000,0.6430,0.6290,37.0000,0.6430,0.6230,38.0000
1785852424.8085,0.6430,0.6620,33.0000,0.6430,0.6510,35.0000,0.6430,0.6520,37.0000,0.6430,0.6530,38.0000
1785852424.8584,0.6430,0.6660,33.0000,0.6430,0.6520,35.0000,0.6430,0.6560,36.0000,0.6430,0.6560,38.0000
1785852424.9084,0.6430,0.6780,32.0000,0.6430,0.6620,34.0000,0.6430,0.6550,36.0000,0.6430,0.6880,36.0000
1785852424.9584,0.6430,0.6580,33.0000,0.6430,0.6710,33.0000,0.6430,0.6680,36.0000,0.6430,0.6630,37.0000
1785852425.0084,0.6430,0.6680,32.0000,0.6430,0.6530,34.0000,0.6430,0.6500,36.0000,0.6430,0.6850,35.0000
1785852425.0585,0.6430,0.6680,32.0000,0.6430,0.6480,34.0000,0.6430,0.6530,36.0000,0.6430,0.6670,36.0000
1785852425.1084,0.6430,0.6670,32.0000,0.6430,0.6560,34.0000,0.6430,0.6410,36.0000,0.6430,0.6780,35.0000
1785852425.1584,0.6430,0.6550,32.0000,0.6430,0.6640,33.0000,0.6430,0.6620,35.0000,0.6430,0.6490,36.0000
1785852425.2084,0.6430,0.6620,31.0000,0.6430,0.6490,34.0000,0.6430,0.6510,36.0000,0.6430,0.6580,35.0000
1785852425.2584,0.6430,0.6580,31.0000,0.6430,0.6500,34.0000,0.6430,0.6540,35.0000,0.6430,0.6440,36.0000
1785852425.3084,0.6430,0.6560,31.0000,0.6430,0.6540,33.0000,0.6430,0.6400,36.0000,0.6430,0.6680,34.0000
1785852425.3584,0.6430,0.6480,32.0000,0.6430,0.6570,33.0000,0.6430,0.6630,35.0000,0.6430,0.6460,36.0000
1785852425.4084,0.6430,0.6620,31.0000,0.6430,0.6510,33.0000,0.6430,0.6580,35.0000,0.6430,0.6550,35.0000
1785852425.4584,0.6430,0.6620,31.0000,0.6430,0.6460,33.0000,0.6560,0.6520,36.0000,0.6560,0.6460,36.0000
1785852425.5084,0.6430,0.6700,30.0000,0.6430,0.6610,33.0000,0.6430,0.6450,35.0000,0.6430,0.6690,34.0000
1785852425.5584,0.6430,0.6390,32.0000,0.6430,0.6580,33.0000,0.6430,0.6510,35.0000,0.6430,0.6380,36.0000
1785852425.6084,0.6430,0.6550,31.0000,0.6430,0.6490,33.0000,0.6430,0.6590,34.0000,0.6430,0.6480,35.0000
1785852425.6584,0.6430,0.6450,31.0000,0.6430,0.6410,33.0000,0.6430,0.6510,35.0000,0.6430,0.6470,35.0000
1785852425.7084,0.6430,0.6540,30.0000,0.6430,0.6450,33.0000,0.6430,0.6390,35.0000,0.6430,0.6530,34.0000
1785852425.7584,0.6430,0.6430,31.0000,0.6430,0.6540,33.0000,0.6430,0.6500,35.0000,0.6430,0.6550,34.0000
1785852425.8085,0.6430,0.6550,30.0000,0.6430,0.6430,33.0000,0.6430,0.6570,34.0000,0.6430,0.6400,35.0000
1785852425.8592,0.6430,0.6470,31.0000,0.6430,0.6340,34.0000,0.6430,0.6470,35.0000,0.6430,0.6460,35.0000
1785852425.9084,0.6430,0.6440,31.0000,0.6430,0.6450,33.0000,0.6430,0.6400,35.0000,0.6430,0.6450,35.0000
1785852425.9584,0.6430,0.6420,31.0000,0.6430,0.6560,32.0000,0.6430,0.6430,35.0000,0.6430,0.6580,34.0000
1785852426.0084,0.6430,0.6480,30.0000,0.6430,0.6500,32.0000,0.6430,0.6520,34.0000,0.6430,0.6320,35.0000
1785852426.0584,0.6430,0.6480,30.0000,0.6430,0.6330,33.0000,0.6430,0.6460,35.0000,0.6430,0.6460,34.0000
1785852426.1084,0.6430,0.6420,31.0000,0.6430,0.6420,33.0000,0.6430,0.6400,35.0000,0.6430,0.6410,35.0000
1785852426.1585,0.6430,0.6430,30.0000,0.6430,0.6490,32.0000,0.6430,0.6360,35.0000,0.6430,0.6600,34.0000
1785852426.2084,0.6430,0.6480,30.0000,0.6430,0.6570,32.0000,0.6430,0.6530,34.0000,0.6430,0.6360,35.0000
1785852426.2584,0.6430,0.6560,30.0000,0.6430,0.6390,33.0000,0.6430,0.6420,35.0000,0.6430,0.6510,34.0000
1785852426.3084,0.6430,0.6460,30.0000,0.6430,0.6410,33.0000,0.6430,0.6410,35.0000,0.6430,0.6400,35.0000
1785852426.3584,0.6430,0.6430,30.0000,0.6430,0.6520,32.0000,0.6430,0.6310,35.0000,0.6430,0.6630,33.0000
1785852426.4085,0.6430,0.6370,31.0000,0.6430,0.6550,32.0000,0.6430,0.6510,34.0000,0.6430,0.6340,35.0000
1785852426.4584,0.6430,0.6460,30.0000,0.6430,0.6420,33.0000,0.6430,0.6410,35.0000,0.6430,0.6480,34.0000
1785852426.5085,0.6430,0.6440,30.0000,0.6430,0.6410,33.0000,0.6430,0.6470,34.0000,0.6430,0.6340,35.0000
1785852426.5586,0.6430,0.6410,30.0000,0.6430,0.6460,32.0000,0.6430,0.6290,35.0000,0.6430,0.6620,33.0000
1785852426.6085,0.6430,0.6450,30.0000,0.6430,0.6520,32.0000,0.6430,0.6540,34.0000,0.6430,0.6370,35.0000
1785852426.6585,0.6430,0.6520,30.0000,0.6430,0.6420,33.0000,0.6430,0.6490,34.0000,0.6430,0.6430,34.0000
1785852426.7085,0.6430,0.6550,30.0000,0.6430,0.6380,33.0000,0.6430,0.6500,34.0000,0.6430,0.6360,35.0000
1785852426.7585,0.6430,0.6500,30.0000,0.6430,0.6440,33.0000,0.6430,0.6340,35.0000,0.6430,0.6510,34.0000
1785852426.8084,0.6430,0.6440,30.0000,0.6430,0.6450,32.0000,0.6430,0.6510,34.0000,0.6430,0.6460,34.0000
1785852426.8585,0.6430,0.6390,30.0000,0.6430,0.6390,33.0000,0.6430,0.6570,34.0000,0.6430,0.6390,35.0000
1785852426.9085,0.6430,0.6490,30.0000,0.6430,0.6360,33.0000,0.6430,0.6470,34.0000,0.6430,0.6420,34.0000
1785852426.9591,0.6430,0.6480,30.0000,0.6430,0.6440,33.0000,0.6430,0.6390,35.0000,0.6430,0.6470,34.0000
1785852427.0084,0.6430,0.6400,30.0000,0.6430,0.6490,32.0000,0.6430,0.6440,35.0000,0.6430,0.6550,34.0000
1785852427.0585,0.6430,0.6390,30.0000,0.6430,0.6460,32.0000,0.6430,0.6550,34.0000,0.6430,0.6380,35.0000
1785852427.1086,0.6430,0.6480,30.0000,0.6430,0.6370,33.0000,0.6430,0.6430,34.0000,0.6430,0.6460,34.0000
1785852427.1585,0.6430,0.6470,30.0000,0.6430,0.6410,33.0000,0.6430,0.6410,34.0000,0.6430,0.6410,34.0000
1785852427.2085,0.6430,0.6440,30.0000,0.6430,0.6500,32.0000,0.6430,0.6360,35.0000,0.6430,0.6590,33.0000
1785852427.2585,0.6430,0.6390,30.0000,0.6430,0.6480,32.0000,0.6430,0.6510,34.0000,0.6430,0.6310,35.0000
1785852427.3085,0.6430,0.6450,30.0000,0.6430,0.6350,33.0000,0.6430,0.6430,34.0000,0.6430,0.6500,34.0000
1785852427.3585,0.6430,0.6460,30.0000,0.6430,0.6420,32.0000,0.6430,0.6370,35.0000,0.6430,0.6500,34.0000
1785852427.4085,0.6430,0.6440,30.0000,0.6430,0.6530,32.0000,0.6430,0.6360,35.0000,0.6430,0.6580,33.0000
1785852427.4584,0.6430,0.6410,30.0000,0.6430,0.6490,32.0000,0.6430,0.6520,34.0000,0.6430,0.6290,35.0000
1785852427.5084,0.6430,0.6430,30.0000,0.6430,0.6410,33.0000,0.6430,0.6440,34.0000,0.6430,0.6420,34.0000
1785852427.5584,0.6430,0.6390,30.0000,0.6430,0.6430,32.0000,0.6430,0.6410,34.0000,0.6430,0.6330,35.0000
1785852427.6084,0.6430,0.6480,30.0000,0.6430,0.6480,32.0000,0.6430,0.6310,35.0000,0.6430,0.6570,33.0000
1785852427.6585,0.6430,0.6390,30.0000,0.6430,0.6430,32.0000,0.6430,0.6540,34.0000,0.6430,0.6440,34.0000
1785852427.7084,0.6430,0.6480,29.0000,0.6430,0.6440,32.0000,0.6430,0.6520,34.0000,0.6430,0.6540,33.0000
1785852427.7584,0.6430,0.6430,30.0000,0.6430,0.6360,33.0000,0.6430,0.6430,34.0000,0.6430,0.6340,34.0000
1785852427.8084,0.6430,0.6450,30.0000,0.6430,0.6420,33.0000,0.6430,0.6310,35.0000,0.6430,0.6450,34.0000
1785852427.8584,0.6430,0.6380,30.0000,0.6430,0.6460,32.0000,0.6430,0.6520,34.0000,0.6430,0.6330,35.0000
1785852427.9084,0.6430,0.6400,30.0000,0.6430,0.6380,33.0000,0.6430,0.6520,34.0000,0.6430,0.6380,34.0000
1785852427.9585,0.6430,0.6460,30.0000,0.6430,0.6380,33.0000,0.6430,0.6450,34.0000,0.6430,0.6320,35.0000
1785852428.0084,0.6430,0.6400,30.0000,0.6430,0.6430,33.0000,0.6430,0.6400,34.0000,0.6430,0.6490,34.0000
1785852428.0586,0.6430,0.6280,31.0000,0.6430,0.6480,32.0000,0.6430,0.6510,34.0000,0.6430,0.6580,33.0000
1785852428.1085,0.6430,0.6370,30.0000,0.6430,0.6490,32.0000,0.6430,0.6550,33.0000,0.6430,0.6310,35.0000
1785852428.1584,0.6430,0.6410,30.0000,0.6430,0.6310,33.0000,0.6430,0.6370,34.0000,0.6430,0.6460,34.0000
1785852428.2084,0.6430,0.6370,30.0000,0.6430,0.6420,32.0000,0.6430,0.6370,34.0000,0.6430,0.6410,34.0000
1785852428.2584,0.6430,0.6350,31.0000,0.6430,0.6480,32.0000,0.6430,0.6380,34.0000,0.6430,0.6540,34.0000
1785852428.3085,0.6430,0.6380,31.0000,0.6430,0.6480,32.0000,0.6430,0.6560,34.0000,0.6430,0.6320,35.0000
1785852428.3585,0.6430,0.6450,30.0000,0.6430,0.6390,33.0000,0.6430,0.6420,34.0000,0.6430,0.6450,34.0000
1785852428.4085,0.6430,0.6390,31.0000,0.6430,0.6400,33.0000,0.6430,0.6390,34.0000,0.6430,0.6360,34.0000
1785852428.4584,0.6430,0.6480,30.0000,0.6430,0.6500,32.0000,0.6430,0.6400,34.0000,0.6430,0.6580,33.0000
1785852428.5084,0.6430,0.6430,30.0000,0.6430,0.6500,32.0000,0.6430,0.6530,34.0000,0.6430,0.6300,35.0000
1785852428.5585,0.6430,0.6440,30.0000,0.6430,0.6400,33.0000,0.6430,0.6400,34.0000,0.6430,0.6420,34.0000
1785852428.6085,0.6430,0.6400,30.0000,0.6430,0.6430,32.0000,0.6430,0.6390,34.0000,0.6430,0.6370,35.0000
1785852428.6584,0.6430,0.6430,30.0000,0.6430,0.6450,32.0000,0.6430,0.6350,34.0000,0.6430,0.6590,33.0000
1785852428.7084,0.6430,0.6410,30.0000,0.6430,0.6510,32.0000,0.6430,0.6540,33.0000,0.6430,0.6410,34.0000
1785852428.7584,0.6430,0.6420,30.0000,0.6430,0.6450,32.0000,0.6430,0.6450,34.0000,0.6430,0.6480,34.0000
1785852428.8085,0.6430,0.6420,30.0000,0.6430,0.6400,33.0000,0.6430,0.6450,34.0000,0.6430,0.6460,34.0000
1785852428.8584,0.6430,0.6460,30.0000,0.6430,0.6430,32.0000,0.6430,0.6370,34.0000,0.6430,0.6670,33.0000
1785852428.9085,0.6430,0.6340,31.0000,0.6430,0.6470,32.0000,0.6430,0.6540,33.0000,0.6430,0.6490,33.0000
1785852428.9584,0.6430,0.6460,30.0000,0.6430,0.6460,32.0000,0.6430,0.6480,34.0000,0.6430,0.6410,34.0000
1785852429.0084,0.6430,0.6450,30.0000,0.6430,0.6310,33.0000,0.6430,0.6450,34.0000,0.6430,0.6360,34.0000
1785852429.0585,0.6430,0.6490,30.0000,0.6430,0.6420,32.0000,0.6430,0.6420,34.0000,0.6430,0.6590,33.0000
1785852429.1085,0.6430,0.6360,31.0000,0.6430,0.6460,32.0000,0.6430,0.6490,33.0000,0.6430,0.6470,33.0000
1785852429.1585,0.6430,0.6490,30.0000,0.6430,0.6510,32.0000,0.6430,0.6530,33.0000,0.6430,0.6410,34.0000
1785852429.2085,0.6430,0.6560,30.0000,0.6430,0.6310,33.0000,0.6430,0.6420,34.0000,0.6430,0.6490,33.0000
1785852429.2585,0.6430,0.6390,30.0000,0.6430,0.6420,32.0000,0.6430,0.6390,34.0000,0.6430,0.6510,33.0000
1785852429.3085,0.6430,0.6360,31.0000,0.6430,0.6460,32.0000,0.6430,0.6440,34.0000,0.6430,0.6580,32.0000
1785852429.3584,0.6430,0.6400,30.0000,0.6430,0.6530,32.0000,0.6430,0.6470,34.0000,0.6430,0.6340,34.0000
1785852429.4086,0.6430,0.6500,30.0000,0.6430,0.6340,33.0000,0.6430,0.6390,34.0000,0.6430,0.6430,33.0000
1785852429.4585,0.6430,0.6420,30.0000,0.6430,0.6430,32.0000,0.6430,0.6350,34.0000,0.6430,0.6530,33.0000
1785852429.5085,0.6430,0.6450,30.0000,0.6430,0.6480,32.0000,0.6430,0.6340,34.0000,0.6430,0.6530,33.0000
1785852429.5585,0.6430,0.6420,30.0000,0.6430,0.6520,32.0000,0.6430,0.6470,34.0000,0.6430,0.6370,33.0000
1785852429.6084,0.6430,0.6410,30.0000,0.6430,0.6410,32.0000,0.6430,0.6350,34.0000,0.6430,0.6510,33.0000
1785852429.6584,0.6430,0.6410,30.0000,0.6430,0.6420,32.0000,0.6430,0.6390,34.0000,0.6430,0.6490,33.0000
1785852429.7089,0.6430,0.6470,30.0000,0.6430,0.6440,32.0000,0.6430,0.6310,35.0000,0.6430,0.6560,32.0000
1785852429.7584,0.6430,0.6420,30.0000,0.6430,0.6500,32.0000,0.6430,0.6520,33.0000,0.6430,0.6340,33.0000
1785852429.8086,0.6430,0.6440,30.0000,0.6430,0.6440,32.0000,0.6430,0.6460,34.0000,0.6430,0.6470,32.0000
1785852429.8586,0.6430,0.6480,30.0000,0.6430,0.6410,32.0000,0.6430,0.6450,34.0000,0.6430,0.6420,33.0000
1785852429.9086,0.6430,0.6460,30.0000,0.6430,0.6410,32.0000,0.6430,0.6290,35.0000,0.6430,0.6570,32.0000
1785852429.9585,0.6430,0.6370,31.0000,0.6430,0.6470,32.0000,0.6430,0.6510,34.0000,0.6430,0.6350,33.0000
1785852430.0085,0.6430,0.6490,30.0000,0.6430,0.6450,32.0000,0.6430,0.6480,34.0000,0.6430,0.6450,32.0000
1785852430.0585,0.6430,0.6460,30.0000,0.6430,0.6320,33.0000,0.6430,0.6450,34.0000,0.6430,0.6440,33.0000
1785852430.1084,0.4030,0.6260,11.0000,0.4030,0.6230,13.0000,0.2830,0.5960,5.0000,0.2830,0.5990,4.0000
1785852430.3084,0.0000,0.0910,0.0000,0.0000,0.1050,0.0000,0.0000,0.1780,0.0000,0.0000,0.0760,0.0000
1785852430.3091,0.0000,0.0070,0.0000,0.0000,0.0090,0.0000,0.0000,0.0070,0.0000,0.0000,0.0060,0.0000
1785852430.3099,0.0000,0.0010,0.0000,0.0000,0.0010,0.0000,0.0000,0.0010,0.0000,0.0000,0.0010,0.0000
1785852430.3106,0.0000,0.0000,0.0000,0.0000,0.0000,0.0000,0.0000,0.0000,0.0000,0.0000,0.0000,0.0000
1785852430.5084,0.0000,0.0000,0.0000,0.0000,0.0000,0.0000,0.0000,0.0000,0.0000,0.0000,0.0000,0.0000
1785852430.5090,0.0000,0.0000,0.0000,0.0000,0.0000,0.0000,0.0000,0.0000,0.0000,0.0000,0.0000,0.0000
1785852430.5098,0.0000,0.0000,0.0000,0.0000,0.0000,0.0000,0.0000,0.0000,0.0000,0.0000,0.0000,0.0000
1785852430.5105,0.0000,0.0000,0.0000,0.0000,0.0000,0.0000,0.0000,0.0000,0.0000,0.0000,0.0000,0.0000
1785852430.7084,0.0000,0.0000,0.0000,0.0000,0.0000,0.0000,0.0000,0.0000,0.0000,0.0000,0.0000,0.0000
1785852430.7090,0.0000,0.0000,0.0000,0.0000,0.0000,0.0000,0.0000,0.0000,0.0000,0.0000,0.0000,0.0000
1785852430.7098,0.0000,0.0000,0.0000,0.0000,0.0000,0.0000,0.0000,0.0000,0.0000,0.0000,0.0000,0.0000
1785852430.7105,0.0000,0.0000,0.0000,0.0000,0.0000,0.0000,0.0000,0.0000,0.0000,0.0000,0.0000,0.0000
1785852430.8387,0.0000,0.0000,0.0000,0.0000,0.0000,0.0000,0.0000,0.0000,0.0000,0.0000,0.0000,0.0000
1785852430.8394,0.0000,0.0000,0.0000,0.0000,0.0000,0.0000,0.0000,0.0000,0.0000,0.0000,0.0000,0.0000
1785852431.0084,0.0000,0.0000,0.0000,0.0000,0.0000,0.0000,0.0000,0.0000,0.0000,0.0000,0.0000,0.0000
1785852431.0091,0.0000,0.0000,0.0000,0.0000,0.0000,0.0000,0.0000,0.0000,0.0000,0.0000,0.0000,0.0000
1785852431.0098,0.0000,0.0000,0.0000,0.0000,0.0000,0.0000,0.0000,0.0000,0.0000,0.0000,0.0000,0.0000
1785852431.0106,0.0000,0.0000,0.0000,0.0000,0.0000,0.0000,0.0000,0.0000,0.0000,0.0000,0.0000,0.0000
1785852431.2078,0.0000,0.0000,0.0000,0.0000,0.0000,0.0000,0.0000,0.0000,0.0000,0.0000,0.0000,0.0000
1785852431.2085,0.0000,0.0000,0.0000,0.0000,0.0000,0.0000,0.0000,0.0000,0.0000,0.0000,0.0000,0.0000
1785852431.2092,0.0000,0.0000,0.0000,0.0000,0.0000,0.0000,0.0000,0.0000,0.0000,0.0000,0.0000,0.0000
1785852431.2099,0.2360,0.0150,27.0000,0.1050,0.0120,11.0000,0.1050,0.0270,11.0000,0.2360,0.0800,24.0000
1785852431.2584,0.1310,0.2110,5.0000,0.0000,0.0380,0.0000,0.0000,-0.0190,0.0000,0.1310,0.1500,9.0000
1785852431.3086,0.0130,0.0550,-1.0000,-0.1180,-0.0410,-12.0000,-0.1180,-0.0420,-12.0000,0.0130,0.0130,2.0000
1785852431.3587,-0.1050,-0.0470,-9.0000,-0.2360,-0.2020,-19.0000,-0.2360,-0.1730,-21.0000,-0.1050,-0.0700,-8.0000
1785852431.4088,-0.2620,-0.1190,-25.0000,-0.3940,-0.2950,-29.0000,-0.3940,-0.2610,-32.0000,-0.2620,-0.1680,-23.0000
1785852431.4587,-0.3820,-0.3050,-26.0000,-0.5140,-0.4420,-32.0000,-0.5250,-0.4020,-37.0000,-0.4200,-0.3040,-30.0000
1785852431.5087,-0.4200,-0.4680,-22.0000,-0.5250,-0.5610,-27.0000,-0.6430,-0.5480,-41.0000,-0.5400,-0.4580,-33.0000
1785852431.5587,-0.6430,-0.6690,-31.0000,-0.6430,-0.6850,-32.0000,-0.6430,-0.6380,-37.0000,-0.6430,-0.6750,-32.0000
1785852431.6088,-0.6430,-0.6720,-33.0000,-0.6430,-0.6580,-34.0000,-0.6430,-0.6690,-36.0000,-0.6430,-0.6520,-35.0000
1785852431.6587,-0.6430,-0.6710,-33.0000,-0.6430,-0.6680,-33.0000,-0.6430,-0.6360,-38.0000,-0.6430,-0.6950,-32.0000
1785852431.7087,-0.6430,-0.6800,-32.0000,-0.6430,-0.6680,-33.0000,-0.6430,-0.6700,-36.0000,-0.6430,-0.6710,-33.0000
1785852431.7587,-0.6430,-0.6610,-33.0000,-0.6430,-0.6580,-33.0000,-0.6430,-0.6500,-37.0000,-0.6430,-0.6770,-33.0000
1785852431.8088,-0.6430,-0.6720,-32.0000,-0.6430,-0.6590,-33.0000,-0.6430,-0.6680,-36.0000,-0.6430,-0.6570,-33.0000
1785852431.8587,-0.6430,-0.6530,-32.0000,-0.6430,-0.6630,-32.0000,-0.6430,-0.6390,-38.0000,-0.6430,-0.6770,-32.0000
1785852431.9088,-0.6430,-0.6590,-32.0000,-0.6430,-0.6580,-32.0000,-0.6430,-0.6650,-36.0000,-0.6430,-0.6630,-32.0000
1785852431.9587,-0.6430,-0.6560,-32.0000,-0.6430,-0.6530,-33.0000,-0.6430,-0.6550,-36.0000,-0.6430,-0.6640,-32.0000
1785852432.0087,-0.6430,-0.6640,-31.0000,-0.6430,-0.6450,-33.0000,-0.6430,-0.6620,-36.0000,-0.6430,-0.6460,-33.0000
1785852432.0588,-0.6430,-0.6490,-32.0000,-0.6430,-0.6540,-32.0000,-0.6430,-0.6380,-37.0000,-0.6430,-0.6730,-31.0000
1785852432.1087,-0.6430,-0.6560,-31.0000,-0.6430,-0.6470,-33.0000,-0.6430,-0.6580,-37.0000,-0.6430,-0.6550,-32.0000
1785852432.1588,-0.6430,-0.6470,-32.0000,-0.6430,-0.6440,-33.0000,-0.6430,-0.6540,-36.0000,-0.6430,-0.6600,-31.0000
1785852432.2088,-0.6430,-0.6570,-31.0000,-0.6430,-0.6440,-33.0000,-0.6430,-0.6550,-36.0000,-0.6430,-0.6410,-32.0000
1785852432.2587,-0.6430,-0.6480,-31.0000,-0.6430,-0.6510,-32.0000,-0.6430,-0.6420,-37.0000,-0.6430,-0.6610,-31.0000
1785852432.3087,-0.6430,-0.6480,-31.0000,-0.6430,-0.6490,-32.0000,-0.6430,-0.6480,-36.0000,-0.6430,-0.6480,-32.0000
1785852432.3594,-0.6430,-0.6420,-32.0000,-0.6430,-0.6430,-32.0000,-0.6430,-0.6520,-36.0000,-0.6430,-0.6520,-31.0000
1785852432.4096,-0.6430,-0.6510,-31.0000,-0.6430,-0.6370,-33.0000,-0.6430,-0.6500,-36.0000,-0.6430,-0.6390,-32.0000
1785852432.4587,-0.6430,-0.6520,-31.0000,-0.6430,-0.6440,-32.0000,-0.6430,-0.6410,-36.0000,-0.6430,-0.6630,-31.0000
1785852432.5088,-0.6430,-0.6410,-31.0000,-0.6430,-0.6420,-33.0000,-0.6430,-0.6300,-37.0000,-0.6430,-0.6450,-31.0000
1785852432.5587,-0.6430,-0.6420,-31.0000,-0.6430,-0.6370,-33.0000,-0.6430,-0.6530,-36.0000,-0.6430,-0.6510,-31.0000
1785852432.6088,-0.6430,-0.6430,-31.0000,-0.6430,-0.6430,-32.0000,-0.6430,-0.6370,-37.0000,-0.6430,-0.6300,-32.0000
1785852432.6588,-0.6430,-0.6530,-31.0000,-0.6430,-0.6440,-32.0000,-0.6430,-0.6490,-36.0000,-0.6430,-0.6550,-31.0000
1785852432.7087,-0.6430,-0.6400,-31.0000,-0.6430,-0.6470,-32.0000,-0.6430,-0.6240,-37.0000,-0.6430,-0.6460,-31.0000
1785852432.7587,-0.6430,-0.6440,-31.0000,-0.6430,-0.6400,-33.0000,-0.6430,-0.6570,-35.0000,-0.6430,-0.6470,-31.0000
1785852432.8089,-0.6430,-0.6390,-31.0000,-0.6430,-0.6480,-32.0000,-0.6430,-0.6370,-37.0000,-0.6430,-0.6390,-32.0000
1785852432.8588,-0.6430,-0.6510,-31.0000,-0.6430,-0.6430,-33.0000,-0.6430,-0.6530,-36.0000,-0.6430,-0.6510,-31.0000
1785852432.9088,-0.6430,-0.6360,-32.0000,-0.6430,-0.6450,-32.0000,-0.6430,-0.6220,-37.0000,-0.6430,-0.6500,-31.0000
1785852432.9588,-0.6430,-0.6490,-31.0000,-0.6430,-0.6430,-32.0000,-0.6430,-0.6520,-36.0000,-0.6430,-0.6470,-31.0000
1785852433.0087,-0.6430,-0.6340,-32.0000,-0.6430,-0.6480,-32.0000,-0.6430,-0.6440,-36.0000,-0.6430,-0.6470,-31.0000
1785852433.0588,-0.6430,-0.6550,-31.0000,-0.6430,-0.6380,-33.0000,-0.6430,-0.6580,-35.0000,-0.6430,-0.6440,-31.0000
1785852433.1087,-0.6430,-0.6380,-32.0000,-0.6430,-0.6480,-32.0000,-0.6430,-0.6310,-37.0000,-0.6430,-0.6530,-31.0000
1785852433.1588,-0.6430,-0.6450,-31.0000,-0.6430,-0.6440,-32.0000,-0.6430,-0.6530,-36.0000,-0.6430,-0.6450,-31.0000
1785852433.2087,-0.6430,-0.6380,-31.0000,-0.6430,-0.6430,-32.0000,-0.6430,-0.6460,-36.0000,-0.6430,-0.6480,-31.0000
1785852433.2588,-0.6430,-0.6550,-30.0000,-0.6430,-0.6430,-32.0000,-0.6430,-0.6540,-35.0000,-0.6430,-0.6350,-31.0000
1785852433.3089,-0.6430,-0.6410,-31.0000,-0.6430,-0.6470,-32.0000,-0.6430,-0.6320,-37.0000,-0.6430,-0.6530,-30.0000
1785852433.3588,-0.6430,-0.6490,-31.0000,-0.6430,-0.6470,-32.0000,-0.6430,-0.6470,-36.0000,-0.6430,-0.6450,-31.0000
1785852433.4089,-0.6430,-0.6410,-31.0000,-0.6430,-0.6410,-33.0000,-0.6430,-0.6570,-35.0000,-0.6430,-0.6470,-31.0000
1785852433.4588,-0.6430,-0.6510,-31.0000,-0.6430,-0.6440,-32.0000,-0.6430,-0.6470,-36.0000,-0.6430,-0.6340,-31.0000
1785852433.5087,-0.6430,-0.6410,-31.0000,-0.6430,-0.6430,-32.0000,-0.6430,-0.6410,-36.0000,-0.6430,-0.6560,-30.0000
1785852433.5587,-0.6430,-0.6430,-31.0000,-0.6430,-0.6460,-32.0000,-0.6430,-0.6400,-36.0000,-0.6430,-0.6360,-31.0000
1785852433.6088,-0.6430,-0.6410,-31.0000,-0.6430,-0.6350,-33.0000,-0.6430,-0.6510,-35.0000,-0.6430,-0.6480,-30.0000
1785852433.6592,-0.6430,-0.6440,-31.0000,-0.6430,-0.6430,-32.0000,-0.6430,-0.6440,-36.0000,-0.6430,-0.6320,-31.0000
1785852433.7093,-0.6430,-0.6490,-31.0000,-0.6430,-0.6400,-33.0000,-0.6430,-0.6440,-36.0000,-0.6430,-0.6590,-30.0000
1785852433.7587,-0.6430,-0.6380,-31.0000,-0.6430,-0.6520,-32.0000,-0.6430,-0.6310,-37.0000,-0.6430,-0.6410,-31.0000
1785852433.8089,-0.6430,-0.6460,-31.0000,-0.6430,-0.6430,-32.0000,-0.6430,-0.6570,-35.0000,-0.6430,-0.6480,-30.0000
1785852433.8588,-0.6430,-0.6390,-31.0000,-0.6430,-0.6430,-32.0000,-0.6430,-0.6340,-36.0000,-0.6430,-0.6360,-31.0000
1785852433.9088,-0.6430,-0.6530,-30.0000,-0.6430,-0.6400,-32.0000,-0.6430,-0.6560,-35.0000,-0.6430,-0.6490,-30.0000
1785852433.9588,-0.6430,-0.6340,-32.0000,-0.6430,-0.6530,-32.0000,-0.6430,-0.6190,-37.0000,-0.6430,-0.6420,-31.0000
1785852434.0087,-0.6430,-0.6520,-31.0000,-0.6430,-0.6500,-32.0000,-0.6430,-0.6560,-35.0000,-0.6430,-0.6470,-30.0000
1785852434.0588,-0.6430,-0.6360,-31.0000,-0.6430,-0.6430,-32.0000,-0.6430,-0.6380,-36.0000,-0.6430,-0.6430,-31.0000
1785852434.1088,-0.6430,-0.6540,-30.0000,-0.6430,-0.6420,-32.0000,-0.6430,-0.6550,-35.0000,-0.6430,-0.6460,-31.0000
1785852434.1588,-0.6430,-0.6330,-32.0000,-0.6430,-0.6490,-32.0000,-0.6430,-0.6290,-37.0000,-0.6430,-0.6540,-30.0000
1785852434.2088,-0.6430,-0.6520,-30.0000,-0.6430,-0.6500,-32.0000,-0.6430,-0.6550,-35.0000,-0.6430,-0.6460,-30.0000
1785852434.2588,-0.6430,-0.6330,-32.0000,-0.6430,-0.6390,-32.0000,-0.6430,-0.6450,-36.0000,-0.6430,-0.6450,-30.0000
1785852434.3088,-0.6430,-0.6540,-30.0000,-0.6430,-0.6440,-32.0000,-0.6430,-0.6610,-35.0000,-0.6430,-0.6330,-31.0000
1785852434.3589,-0.6430,-0.6380,-31.0000,-0.6430,-0.6460,-32.0000,-0.6430,-0.6340,-36.0000,-0.6430,-0.6490,-30.0000
1785852434.4089,-0.6430,-0.6490,-31.0000,-0.6430,-0.6490,-32.0000,-0.6430,-0.6520,-35.0000,-0.6430,-0.6400,-31.0000
1785852434.4588,-0.6430,-0.6380,-31.0000,-0.6430,-0.6390,-32.0000,-0.6430,-0.6490,-35.0000,-0.6430,-0.6400,-31.0000
1785852434.5089,-0.6430,-0.6470,-31.0000,-0.6430,-0.6430,-32.0000,-0.6430,-0.6520,-35.0000,-0.6430,-0.6320,-31.0000
1785852434.5588,-0.6430,-0.6420,-31.0000,-0.6430,-0.6440,-32.0000,-0.6430,-0.6390,-36.0000,-0.6430,-0.6540,-30.0000
1785852434.6088,-0.6430,-0.6450,-31.0000,-0.6430,-0.6500,-32.0000,-0.6430,-0.6390,-36.0000,-0.6430,-0.6340,-31.0000
1785852434.6588,-0.6430,-0.6380,-31.0000,-0.6430,-0.6370,-32.0000,-0.6430,-0.6560,-35.0000,-0.6430,-0.6470,-30.0000
1785852434.7089,-0.6430,-0.6410,-31.0000,-0.6430,-0.6410,-32.0000,-0.6430,-0.6410,-36.0000,-0.6430,-0.6270,-32.0000
1785852434.7589,-0.6430,-0.6470,-31.0000,-0.6430,-0.6410,-32.0000,-0.6430,-0.6470,-35.0000,-0.6430,-0.6540,-30.0000
1785852434.8088,-0.6430,-0.6410,-31.0000,-0.6430,-0.6500,-32.0000,-0.6430,-0.6270,-36.0000,-0.6430,-0.6370,-31.0000
1785852434.8588,-0.6430,-0.6470,-31.0000,-0.6430,-0.6420,-32.0000,-0.6430,-0.6560,-35.0000,-0.6430,-0.6480,-30.0000
1785852434.9088,-0.6430,-0.6370,-31.0000,-0.6430,-0.6430,-32.0000,-0.6430,-0.6360,-36.0000,-0.6430,-0.6390,-31.0000
1785852434.9596,-0.6430,-0.6560,-30.0000,-0.6430,-0.6450,-32.0000,-0.6430,-0.6550,-35.0000,-0.6430,-0.6500,-30.0000
1785852435.0095,-0.6430,-0.6330,-31.0000,-0.6430,-0.6500,-31.0000,-0.6430,-0.6220,-37.0000,-0.6430,-0.6430,-31.0000
1785852435.0588,-0.6430,-0.6500,-30.0000,-0.6430,-0.6420,-32.0000,-0.6430,-0.6560,-35.0000,-0.6430,-0.6500,-30.0000
1785852435.1089,-0.6430,-0.6330,-31.0000,-0.6430,-0.6420,-32.0000,-0.6430,-0.6320,-36.0000,-0.6430,-0.6430,-31.0000
1785852435.1589,-0.6430,-0.6550,-30.0000,-0.6430,-0.6460,-32.0000,-0.6430,-0.6570,-35.0000,-0.6430,-0.6470,-30.0000
1785852435.2088,-0.6430,-0.6310,-32.0000,-0.6430,-0.6500,-31.0000,-0.6430,-0.6220,-37.0000,-0.6430,-0.6490,-30.0000
1785852435.2588,-0.6430,-0.6510,-30.0000,-0.6430,-0.6450,-32.0000,-0.6430,-0.6520,-35.0000,-0.6430,-0.6460,-30.0000
1785852435.3088,-0.6430,-0.6350,-31.0000,-0.6430,-0.6420,-32.0000,-0.6430,-0.6400,-36.0000,-0.6430,-0.6410,-31.0000
1785852435.3589,-0.6430,-0.6490,-31.0000,-0.6430,-0.6430,-32.0000,-0.6430,-0.6630,-34.0000,-0.6430,-0.6410,-31.0000
1785852435.4089,-0.6430,-0.6340,-31.0000,-0.6430,-0.6470,-31.0000,-0.6430,-0.6280,-36.0000,-0.6430,-0.6560,-30.0000
1785852435.4588,-0.6430,-0.6480,-31.0000,-0.6430,-0.6490,-31.0000,-0.6430,-0.6480,-35.0000,-0.6430,-0.6460,-30.0000
1785852435.5088,-0.6430,-0.6400,-31.0000,-0.6430,-0.6360,-32.0000,-0.6430,-0.6420,-36.0000,-0.6430,-0.6380,-31.0000
1785852435.5589,-0.6430,-0.6480,-31.0000,-0.6430,-0.6470,-31.0000,-0.6430,-0.6550,-35.0000,-0.6430,-0.6340,-31.0000
1785852435.6088,-0.6430,-0.6410,-31.0000,-0.6430,-0.6460,-32.0000,-0.6430,-0.6410,-36.0000,-0.6430,-0.6530,-30.0000
1785852435.6588,-0.6430,-0.6400,-31.0000,-0.6430,-0.6470,-31.0000,-0.6430,-0.6450,-35.0000,-0.6430,-0.6350,-31.0000
1785852435.7088,-0.6430,-0.6400,-31.0000,-0.6430,-0.6380,-32.0000,-0.6430,-0.6520,-35.0000,-0.6430,-0.6460,-30.0000
1785852435.7589,-0.6430,-0.6400,-31.0000,-0.6430,-0.6450,-32.0000,-0.6430,-0.6420,-35.0000,-0.6430,-0.6310,-31.0000
1785852435.8088,-0.6430,-0.6510,-31.0000,-0.6430,-0.6390,-32.0000,-0.6430,-0.6400,-36.0000,-0.6430,-0.6550,-30.0000
1785852435.8589,-0.6430,-0.6350,-31.0000,-0.6430,-0.6440,-32.0000,-0.6430,-0.6290,-36.0000,-0.6430,-0.6380,-31.0000
1785852435.9088,-0.6430,-0.6420,-31.0000,-0.6430,-0.6370,-32.0000,-0.6430,-0.6540,-35.0000,-0.6430,-0.6450,-30.0000
1785852435.9590,-0.6430,-0.6340,-31.0000,-0.6430,-0.6440,-32.0000,-0.6430,-0.6350,-36.0000,-0.6430,-0.6370,-31.0000
1785852436.0090,-0.6430,-0.6550,-30.0000,-0.6430,-0.6380,-32.0000,-0.6430,-0.6540,-35.0000,-0.6430,-0.6420,-31.0000
1785852436.0589,-0.6430,-0.6340,-32.0000,-0.6430,-0.6480,-31.0000,-0.6430,-0.6170,-37.0000,-0.6430,-0.6400,-31.0000
1785852436.1088,-0.6430,-0.6480,-31.0000,-0.6430,-0.6440,-32.0000,-0.6430,-0.6560,-35.0000,-0.6430,-0.6470,-30.0000
1785852436.1596,-0.6430,-0.6380,-31.0000,-0.6430,-0.6450,-32.0000,-0.6430,-0.6340,-36.0000,-0.6430,-0.6410,-31.0000
1785852436.2088,-0.6430,-0.6540,-30.0000,-0.6430,-0.6420,-32.0000,-0.6430,-0.6540,-35.0000,-0.6430,-0.6460,-30.0000
1785852436.2588,-0.6430,-0.6320,-32.0000,-0.6430,-0.6470,-31.0000,-0.6430,-0.6220,-37.0000,-0.6430,-0.6510,-30.0000
1785852436.3088,-0.6430,-0.6540,-30.0000,-0.6430,-0.6450,-32.0000,-0.6430,-0.6550,-35.0000,-0.6430,-0.6470,-30.0000
1785852436.3589,-0.6430,-0.6370,-31.0000,-0.6430,-0.6450,-31.0000,-0.6430,-0.6440,-35.0000,-0.6430,-0.6380,-31.0000
1785852436.4089,-0.6430,-0.6500,-31.0000,-0.6430,-0.6460,-31.0000,-0.6430,-0.6610,-34.0000,-0.6430,-0.6390,-31.0000
1785852436.4589,-0.6430,-0.6350,-31.0000,-0.6430,-0.6440,-32.0000,-0.6430,-0.6270,-36.0000,-0.6430,-0.6590,-30.0000
1785852436.5089,-0.6430,-0.6520,-30.0000,-0.6430,-0.6400,-32.0000,-0.6430,-0.6490,-35.0000,-0.6430,-0.6460,-30.0000
1785852436.5589,-0.6430,-0.6360,-31.0000,-0.6430,-0.6380,-32.0000,-0.6430,-0.6470,-35.0000,-0.6430,-0.6390,-31.0000
1785852436.6089,-0.6430,-0.6480,-31.0000,-0.6430,-0.6450,-32.0000,-0.6430,-0.6510,-35.0000,-0.6430,-0.6370,-31.0000
1785852436.6589,-0.6430,-0.6410,-31.0000,-0.6430,-0.6450,-32.0000,-0.6430,-0.6350,-36.0000,-0.6430,-0.6550,-30.0000
1785852436.7088,-0.6430,-0.6440,-31.0000,-0.6430,-0.6410,-32.0000,-0.6430,-0.6370,-36.0000,-0.6430,-0.6390,-31.0000
1785852436.7589,-0.6430,-0.6420,-31.0000,-0.6430,-0.6390,-32.0000,-0.6430,-0.6540,-35.0000,-0.6430,-0.6460,-30.0000
1785852436.8089,-0.6430,-0.6410,-31.0000,-0.6430,-0.6440,-32.0000,-0.6430,-0.6410,-36.0000,-0.6430,-0.6370,-31.0000
1785852436.8588,-0.6430,-0.6490,-31.0000,-0.6430,-0.6420,-32.0000,-0.6430,-0.6430,-35.0000,-0.6430,-0.6550,-30.0000
1785852436.9089,-0.6430,-0.6390,-31.0000,-0.6430,-0.6400,-32.0000,-0.6430,-0.6280,-36.0000,-0.6430,-0.6410,-31.0000
1785852436.9589,-0.6430,-0.6500,-31.0000,-0.6430,-0.6410,-32.0000,-0.6430,-0.6540,-35.0000,-0.6430,-0.6400,-31.0000
1785852437.0089,-0.6430,-0.6310,-32.0000,-0.6430,-0.6450,-32.0000,-0.6430,-0.6370,-36.0000,-0.6430,-0.6320,-31.0000
1785852437.0589,-0.6430,-0.6540,-30.0000,-0.6430,-0.6430,-32.0000,-0.6430,-0.6530,-35.0000,-0.6430,-0.6490,-30.0000
1785852437.1090,-0.6430,-0.6340,-31.0000,-0.6430,-0.6480,-31.0000,-0.6430,-0.6250,-36.0000,-0.6430,-0.6400,-31.0000
1785852437.1589,-0.6430,-0.6510,-30.0000,-0.6430,-0.6420,-32.0000,-0.6430,-0.6540,-35.0000,-0.6430,-0.6470,-30.0000
1785852437.2088,-0.6430,-0.6380,-31.0000,-0.6430,-0.6450,-31.0000,-0.6430,-0.6330,-36.0000,-0.6430,-0.6340,-31.0000
1785852437.2589,-0.6430,-0.6550,-30.0000,-0.6430,-0.6380,-32.0000,-0.6430,-0.6550,-35.0000,-0.6430,-0.6400,-31.0000
1785852437.3089,-0.6430,-0.6330,-32.0000,-0.6430,-0.6470,-31.0000,-0.6430,-0.6200,-37.0000,-0.6430,-0.6450,-30.0000
1785852437.3588,-0.6430,-0.6510,-30.0000,-0.6430,-0.6450,-31.0000,-0.6430,-0.6540,-35.0000,-0.6430,-0.6410,-31.0000
1785852437.4089,-0.6430,-0.6380,-31.0000,-0.6430,-0.6430,-32.0000,-0.6430,-0.6450,-35.0000,-0.6430,-0.6350,-31.0000
1785852437.4589,-0.6430,-0.6480,-31.0000,-0.6430,-0.6400,-32.0000,-0.6430,-0.6570,-35.0000,-0.6430,-0.6310,-31.0000
1785852437.5088,-0.6430,-0.6370,-31.0000,-0.6430,-0.6490,-31.0000,-0.6430,-0.6290,-36.0000,-0.6430,-0.6540,-30.0000
1785852437.5593,-0.6430,-0.6440,-31.0000,-0.6430,-0.6430,-32.0000,-0.6430,-0.6480,-35.0000,-0.6430,-0.6420,-31.0000
1785852437.6090,-0.6430,-0.6450,-31.0000,-0.6430,-0.6380,-32.0000,-0.6430,-0.6450,-35.0000,-0.6430,-0.6440,-31.0000
1785852437.6589,-0.6430,-0.6440,-31.0000,-0.6430,-0.6440,-32.0000,-0.6430,-0.6540,-35.0000,-0.6430,-0.6350,-31.0000
1785852437.7088,-0.6430,-0.6420,-31.0000,-0.6430,-0.6470,-31.0000,-0.6430,-0.6330,-36.0000,-0.6430,-0.6530,-30.0000
1785852437.7589,-0.6430,-0.6420,-31.0000,-0.6430,-0.6420,-32.0000,-0.6430,-0.6380,-36.0000,-0.6430,-0.6400,-31.0000
1785852437.8089,-0.6430,-0.6470,-31.0000,-0.6430,-0.6430,-32.0000,-0.6430,-0.6530,-35.0000,-0.6430,-0.6480,-30.0000
1785852437.8589,-0.6430,-0.6380,-31.0000,-0.6430,-0.6410,-32.0000,-0.6430,-0.6480,-35.0000,-0.6430,-0.6360,-31.0000
1785852437.9088,-0.6430,-0.6470,-31.0000,-0.6430,-0.6430,-32.0000,-0.6430,-0.6420,-35.0000,-0.6430,-0.6570,-30.0000
1785852437.9588,-0.6430,-0.6380,-31.0000,-0.6430,-0.6410,-32.0000,-0.6430,-0.6310,-36.0000,-0.6430,-0.6430,-31.0000
1785852438.0088,-0.6430,-0.6470,-31.0000,-0.6430,-0.6390,-32.0000,-0.6430,-0.6530,-35.0000,-0.6430,-0.6500,-30.0000
1785852438.0587,-0.1630,-0.4640,3.0000,-0.1630,-0.4650,3.0000,-0.0430,-0.4520,16.0000,-0.0430,-0.3260,13.0000
1785852438.1087,0.0000,-0.0350,0.0000,0.0000,-0.0260,0.0000,0.0000,-0.0650,0.0000,0.0000,-0.0090,0.0000
1785852438.1587,0.0000,-0.0030,0.0000,0.0000,-0.0020,0.0000,0.0000,-0.0040,0.0000,0.0000,-0.0010,0.0000
1785852438.2086,0.0000,-0.0000,0.0000,0.0000,-0.0000,0.0000,0.0000,-0.0000,0.0000,0.0000,-0.0000,0.0000
1785852438.2586,0.0000,-0.0000,0.0000,0.0000,-0.0000,0.0000,0.0000,-0.0000,0.0000,0.0000,-0.0000,0.0000
1785852438.3087,0.0000,-0.0000,0.0000,0.0000,-0.0000,0.0000,0.0000,-0.0000,0.0000,0.0000,-0.0000,0.0000
1785852438.3586,0.0000,-0.0000,0.0000,0.0000,-0.0000,0.0000,0.0000,-0.0000,0.0000,0.0000,-0.0000,0.0000
1785852438.4086,0.0000,-0.0000,0.0000,0.0000,-0.0000,0.0000,0.0000,-0.0000,0.0000,0.0000,-0.0000,0.0000
1785852438.4587,0.0000,-0.0000,0.0000,0.0000,-0.0000,0.0000,0.0000,-0.0000,0.0000,0.0000,-0.0000,0.0000
1785852438.5086,0.0000,-0.0000,0.0000,0.0000,-0.0000,0.0000,0.0000,-0.0000,0.0000,0.0000,-0.0000,0.0000
1785852438.5588,0.0000,-0.0000,0.0000,0.0000,-0.0000,0.0000,-0.1200,-0.0000,-14.0000,0.1200,-0.0000,14.0000
1785852438.6087,0.1440,0.1630,9.0000,-0.1440,-0.1220,-11.0000,-0.2640,-0.0550,-29.0000,0.2640,0.1380,24.0000
1785852438.6587,0.3540,0.3990,18.0000,-0.3540,-0.3960,-19.0000,-0.4740,-0.3940,-31.0000,0.4740,0.3880,30.0000
1785852438.7088,0.6430,0.6580,31.0000,-0.6430,-0.6600,-32.0000,-0.6430,-0.6040,-39.0000,0.6430,0.6840,31.0000
1785852438.7588,0.6430,0.6620,33.0000,-0.6430,-0.6740,-33.0000,-0.6430,-0.6580,-36.0000,0.6430,0.6680,34.0000
1785852438.8088,0.6430,0.6900,31.0000,-0.6430,-0.6780,-33.0000,-0.6430,-0.6710,-36.0000,0.6430,0.6670,34.0000
1785852438.8595,0.6430,0.6790,32.0000,-0.6430,-0.6770,-33.0000,-0.6430,-0.6670,-36.0000,0.6430,0.6630,34.0000
1785852438.9088,0.6430,0.6690,32.0000,-0.6430,-0.6720,-33.0000,-0.6430,-0.6530,-36.0000,0.6430,0.6750,33.0000
1785852438.9588,0.6430,0.6710,31.0000,-0.6430,-0.6660,-33.0000,-0.6430,-0.6580,-36.0000,0.6430,0.6700,33.0000
1785852439.0088,0.6430,0.6640,31.0000,-0.6430,-0.6610,-33.0000,-0.6430,-0.6640,-35.0000,0.6430,0.6390,35.0000
1785852439.0588,0.6430,0.6690,31.0000,-0.6430,-0.6600,-32.0000,-0.6430,-0.6510,-36.0000,0.6430,0.6540,33.0000
1785852439.1088,0.6430,0.6610,31.0000,-0.6430,-0.6610,-32.0000,-0.6430,-0.6460,-36.0000,0.6430,0.6660,33.0000
1785852439.1588,0.6430,0.6620,31.0000,-0.6430,-0.6600,-32.0000,-0.6430,-0.6400,-36.0000,0.6430,0.6680,32.0000
1785852439.2087,0.6430,0.6540,31.0000,-0.6430,-0.6470,-33.0000,-0.6430,-0.6610,-35.0000,0.6430,0.6320,34.0000
1785852439.2588,0.6430,0.6620,30.0000,-0.6430,-0.6580,-32.0000,-0.6430,-0.6460,-36.0000,0.6430,0.6460,33.0000
1785852439.3089,0.6430,0.6420,31.0000,-0.6430,-0.6480,-32.0000,-0.6430,-0.6550,-35.0000,0.6430,0.6340,34.0000
1785852439.3589,0.6430,0.6500,30.0000,-0.6430,-0.6570,-32.0000,-0.6430,-0.6280,-37.0000,0.6430,0.6580,33.0000
1785852439.4088,0.6430,0.6420,31.0000,-0.6430,-0.6430,-32.0000,-0.6430,-0.6580,-35.0000,0.6430,0.6340,34.0000
1785852439.4588,0.6430,0.6500,30.0000,-0.6430,-0.6480,-32.0000,-0.6430,-0.6390,-36.0000,0.6430,0.6440,33.0000
1785852439.5088,0.6430,0.6460,31.0000,-0.6430,-0.6450,-32.0000,-0.6430,-0.6590,-35.0000,0.6430,0.6350,34.0000
1785852439.5589,0.6430,0.6480,30.0000,-0.6430,-0.6530,-31.0000,-0.6430,-0.6270,-36.0000,0.6430,0.6460,33.0000
1785852439.6088,0.6430,0.6370,31.0000,-0.6430,-0.6420,-32.0000,-0.6430,-0.6570,-35.0000,0.6430,0.6270,35.0000
1785852439.6588,0.6430,0.6550,30.0000,-0.6430,-0.6470,-32.0000,-0.6430,-0.6420,-36.0000,0.6430,0.6430,34.0000
1785852439.7087,0.6430,0.6440,31.0000,-0.6430,-0.6420,-32.0000,-0.6430,-0.6580,-35.0000,0.6430,0.6400,34.0000
1785852439.7588,0.6430,0.6420,31.0000,-0.6430,-0.6510,-31.0000,-0.6430,-0.6280,-36.0000,0.6430,0.6450,34.0000
1785852439.8089,0.6430,0.6380,31.0000,-0.6430,-0.6450,-32.0000,-0.6430,-0.6550,-35.0000,0.6430,0.6290,35.0000
1785852439.8588,0.6430,0.6450,30.0000,-0.6430,-0.6430,-32.0000,-0.6430,-0.6460,-35.0000,0.6430,0.6350,34.0000
1785852439.9087,0.6430,0.6480,30.0000,-0.6430,-0.6400,-32.0000,-0.6430,-0.6620,-34.0000,0.6430,0.6340,34.0000
1785852439.9588,0.6430,0.6420,31.0000,-0.6430,-0.6510,-31.0000,-0.6430,-0.6280,-36.0000,0.6430,0.6450,34.0000
1785852440.0088,0.6430,0.6380,31.0000,-0.6430,-0.6420,-32.0000,-0.6430,-0.6430,-35.0000,0.6430,0.6490,34.0000
1785852440.0589,0.6430,0.6440,31.0000,-0.6430,-0.6390,-32.0000,-0.6430,-0.6510,-35.0000,0.6430,0.6370,34.0000
1785852440.1088,0.6430,0.6550,30.0000,-0.6430,-0.6470,-32.0000,-0.6430,-0.6500,-35.0000,0.6430,0.6510,34.0000
1785852440.1596,0.6430,0.6370,31.0000,-0.6430,-0.6450,-32.0000,-0.6430,-0.6410,-35.0000,0.6430,0.6440,34.0000
1785852440.2088,0.6430,0.6360,31.0000,-0.6430,-0.6460,-32.0000,-0.6430,-0.6340,-36.0000,0.6430,0.6580,33.0000
1785852440.2587,0.6430,0.6450,30.0000,-0.6430,-0.6400,-32.0000,-0.6430,-0.6560,-35.0000,0.6430,0.6320,35.0000
1785852440.3088,0.6430,0.6460,30.0000,-0.6430,-0.6440,-32.0000,-0.6430,-0.6420,-35.0000,0.6430,0.6490,34.0000
1785852440.3589,0.6430,0.6380,31.0000,-0.6430,-0.6460,-31.0000,-0.6430,-0.6450,-35.0000,0.6430,0.6400,34.0000
1785852440.4089,0.6430,0.6410,31.0000,-0.6430,-0.6480,-31.0000,-0.6430,-0.6250,-36.0000,0.6430,0.6550,33.0000
1785852440.4589,0.6430,0.6360,31.0000,-0.6430,-0.6360,-32.0000,-0.6430,-0.6560,-34.0000,0.6430,0.6310,35.0000
1785852440.5088,0.6430,0.6500,30.0000,-0.6430,-0.6480,-31.0000,-0.6430,-0.6330,-36.0000,0.6430,0.6480,34.0000
1785852440.5589,0.6430,0.6420,31.0000,-0.6430,-0.6410,-32.0000,-0.6430,-0.6490,-35.0000,0.6430,0.6410,34.0000
1785852440.6089,0.6430,0.6430,31.0000,-0.6430,-0.6450,-32.0000,-0.6430,-0.6240,-36.0000,0.6430,0.6590,33.0000
1785852440.6588,0.6430,0.6380,31.0000,-0.6430,-0.6400,-32.0000,-0.6430,-0.6520,-35.0000,0.6430,0.6330,34.0000
1785852440.7088,0.6430,0.6480,30.0000,-0.6430,-0.6430,-32.0000,-0.6430,-0.6390,-36.0000,0.6430,0.6440,34.0000
1785852440.7588,0.6430,0.6420,31.0000,-0.6430,-0.6410,-32.0000,-0.6430,-0.6550,-34.0000,0.6430,0.6350,34.0000
1785852440.8088,0.6430,0.6370,31.0000,-0.6430,-0.6470,-31.0000,-0.6430,-0.6240,-36.0000,0.6430,0.6540,33.0000
1785852440.8588,0.6430,0.6400,31.0000,-0.6430,-0.6440,-31.0000,-0.6430,-0.6530,-35.0000,0.6430,0.6500,33.0000
1785852440.9089,0.6430,0.6490,30.0000,-0.6430,-0.6430,-32.0000,-0.6430,-0.6450,-35.0000,0.6430,0.6390,34.0000
1785852440.9588,0.6430,0.6490,30.0000,-0.6430,-0.6360,-32.0000,-0.6430,-0.6580,-34.0000,0.6430,0.6380,34.0000
1785852441.0089,0.6430,0.6380,31.0000,-0.6430,-0.6440,-32.0000,-0.6430,-0.6290,-36.0000,0.6430,0.6450,34.0000
1785852441.0589,0.6430,0.6440,31.0000,-0.6430,-0.6430,-32.0000,-0.6430,-0.6490,-35.0000,0.6430,0.6510,33.0000
1785852441.1089,0.6430,0.6470,30.0000,-0.6430,-0.6440,-32.0000,-0.6430,-0.6450,-35.0000,0.6430,0.6360,34.0000
1785852441.1588,0.6430,0.6530,30.0000,-0.6430,-0.6390,-32.0000,-0.6430,-0.6500,-35.0000,0.6430,0.6460,33.0000
1785852441.2089,0.6430,0.6420,31.0000,-0.6430,-0.6490,-31.0000,-0.6430,-0.6370,-36.0000,0.6430,0.6410,34.0000
1785852441.2588,0.6430,0.6400,31.0000,-0.6430,-0.6440,-32.0000,-0.6430,-0.6390,-35.0000,0.6430,0.6560,33.0000
1785852441.3089,0.6430,0.6480,30.0000,-0.6430,-0.6390,-32.0000,-0.6430,-0.6550,-35.0000,0.6430,0.6300,34.0000
1785852441.3588,0.6430,0.6480,30.0000,-0.6430,-0.6480,-31.0000,-0.6430,-0.6400,-35.0000,0.6430,0.6480,33.0000
1785852441.4096,0.6430,0.6410,31.0000,-0.6430,-0.6520,-31.0000,-0.6430,-0.6420,-35.0000,0.6430,0.6390,34.0000
1785852441.4595,0.6430,0.6410,31.0000,-0.6430,-0.6470,-31.0000,-0.6430,-0.6290,-36.0000,0.6430,0.6610,33.0000
1785852441.5088,0.6430,0.6460,30.0000,-0.6430,-0.6410,-32.0000,-0.6430,-0.6550,-35.0000,0.6430,0.6350,34.0000
1785852441.5589,0.6430,0.6460,30.0000,-0.6430,-0.6430,-32.0000,-0.6430,-0.6370,-36.0000,0.6430,0.6430,34.0000
1785852441.6089,0.6430,0.6400,31.0000,-0.6430,-0.6390,-32.0000,-0.6430,-0.6510,-35.0000,0.6430,0.6320,34.0000
1785852441.6589,0.6430,0.6440,30.0000,-0.6430,-0.6410,-32.0000,-0.6430,-0.6250,-36.0000,0.6430,0.6550,33.0000
1785852441.7088,0.6430,0.6430,30.0000,-0.6430,-0.6390,-32.0000,-0.6430,-0.6560,-34.0000,0.6430,0.6310,34.0000
1785852441.7589,0.6430,0.6470,30.0000,-0.6430,-0.6450,-31.0000,-0.6430,-0.6330,-36.0000,0.6430,0.6410,34.0000
1785852441.8089,0.6430,0.6470,30.0000,-0.6430,-0.6400,-32.0000,-0.6430,-0.6570,-34.0000,0.6430,0.6340,34.0000
1785852441.8589,0.6430,0.6450,30.0000,-0.6430,-0.6460,-31.0000,-0.6430,-0.6240,-36.0000,0.6430,0.6500,33.0000
1785852441.9089,0.6430,0.6390,31.0000,-0.6430,-0.6420,-32.0000,-0.6430,-0.6530,-35.0000,0.6430,0.6360,34.0000
1785852441.9588,0.6430,0.6540,30.0000,-0.6430,-0.6450,-31.0000,-0.6430,-0.6450,-35.0000,0.6430,0.6400,34.0000
1785852442.0088,0.6430,0.6540,30.0000,-0.6430,-0.6430,-32.0000,-0.6430,-0.6570,-34.0000,0.6430,0.6390,34.0000
1785852442.0589,0.6430,0.6450,30.0000,-0.6430,-0.6520,-31.0000,-0.6430,-0.6280,-36.0000,0.6430,0.6390,34.0000
1785852442.1088,0.6430,0.6340,31.0000,-0.6430,-0.6390,-32.0000,-0.6430,-0.6490,-35.0000,0.6430,0.6530,33.0000
1785852442.1589,0.6430,0.6480,30.0000,-0.6430,-0.6420,-32.0000,-0.6430,-0.6450,-35.0000,0.6430,0.6360,34.0000
1785852442.2088,0.6430,0.6440,30.0000,-0.6430,-0.6420,-32.0000,-0.6430,-0.6490,-35.0000,0.6430,0.6490,33.0000
1785852442.2588,0.6430,0.6360,31.0000,-0.6430,-0.6480,-31.0000,-0.6430,-0.6370,-35.0000,0.6430,0.6390,34.0000
1785852442.3088,0.6430,0.6300,31.0000,-0.6430,-0.6400,-32.0000,-0.6430,-0.6420,-35.0000,0.6430,0.6580,33.0000
1785852442.3589,0.6430,0.6420,30.0000,-0.6430,-0.6400,-32.0000,-0.6430,-0.6530,-35.0000,0.6430,0.6310,34.0000
1785852442.4088,0.6430,0.6460,30.0000,-0.6430,-0.6400,-32.0000,-0.6430,-0.6430,-35.0000,0.6430,0.6480,33.0000
1785852442.4589,0.6430,0.6360,31.0000,-0.6430,-0.6490,-31.0000,-0.6430,-0.6460,-35.0000,0.6430,0.6380,34.0000
1785852442.5090,0.6430,0.6380,31.0000,-0.6430,-0.6440,-31.0000,-0.6430,-0.6310,-36.0000,0.6430,0.6600,33.0000
1785852442.5590,0.6430,0.6400,31.0000,-0.6430,-0.6370,-32.0000,-0.6430,-0.6520,-35.0000,0.6430,0.6330,34.0000
1785852442.6089,0.6430,0.6440,31.0000,-0.6430,-0.6450,-31.0000,-0.6430,-0.6370,-35.0000,0.6430,0.6490,33.0000
1785852442.6596,0.6430,0.6380,31.0000,-0.6430,-0.6430,-32.0000,-0.6430,-0.6510,-34.0000,0.6430,0.6310,34.0000
1785852442.7089,0.6430,0.6440,30.0000,-0.6430,-0.6420,-32.0000,-0.6430,-0.6290,-36.0000,0.6430,0.6570,33.0000
1785852442.7594,0.6430,0.6470,30.0000,-0.6430,-0.6370,-32.0000,-0.6430,-0.6550,-34.0000,0.6430,0.6310,34.0000
1785852442.8089,0.6430,0.6500,30.0000,-0.6430,-0.6430,-32.0000,-0.6430,-0.6330,-36.0000,0.6430,0.6420,34.0000
1785852442.8589,0.6430,0.6440,30.0000,-0.6430,-0.6400,-32.0000,-0.6430,-0.6540,-34.0000,0.6430,0.6400,34.0000
1785852442.9089,0.6430,0.6510,30.0000,-0.6430,-0.6470,-31.0000,-0.6430,-0.6200,-36.0000,0.6430,0.6470,34.0000
1785852442.9588,0.6430,0.6360,31.0000,-0.6430,-0.6430,-32.0000,-0.6430,-0.6540,-34.0000,0.6430,0.6330,34.0000
1785852443.0089,0.6430,0.6520,30.0000,-0.6430,-0.6460,-31.0000,-0.6430,-0.6430,-35.0000,0.6430,0.6370,34.0000
1785852443.0590,0.6430,0.6450,30.0000,-0.6430,-0.6420,-32.0000,-0.6430,-0.6580,-34.0000,0.6430,0.6400,34.0000
1785852443.1089,0.6430,0.6470,30.0000,-0.6430,-0.6490,-31.0000,-0.6430,-0.6310,-36.0000,0.6430,0.6440,34.0000
1785852443.1589,0.6430,0.6320,31.0000,-0.6430,-0.6410,-32.0000,-0.6430,-0.6530,-34.0000,0.6430,0.6480,34.0000
1785852443.2089,0.6430,0.6420,30.0000,-0.6430,-0.6400,-32.0000,-0.6430,-0.6400,-35.0000,0.6430,0.6370,34.0000
1785852443.2589,0.6430,0.6410,31.0000,-0.6430,-0.6420,-32.0000,-0.6430,-0.6550,-34.0000,0.6430,0.6500,34.0000
1785852443.3089,0.6430,0.6410,31.0000,-0.6430,-0.6490,-31.0000,-0.6430,-0.6320,-36.0000,0.6430,0.6400,34.0000
1785852443.3589,0.6430,0.6370,31.0000,-0.6430,-0.6420,-32.0000,-0.6430,-0.6440,-35.0000,0.6430,0.6550,33.0000
1785852443.4089,0.6430,0.6480,30.0000,-0.6430,-0.6380,-32.0000,-0.6430,-0.6500,-35.0000,0.6430,0.6320,35.0000
1785852443.4589,0.6430,0.6480,30.0000,-0.6430,-0.6430,-32.0000,-0.6430,-0.6440,-35.0000,0.6430,0.6500,34.0000
1785852443.5089,0.6430,0.6370,31.0000,-0.6430,-0.6510,-31.0000,-0.6430,-0.6440,-35.0000,0.6430,0.6360,34.0000
1785852443.5589,0.6430,0.6390,31.0000,-0.6430,-0.6460,-31.0000,-0.6430,-0.6310,-36.0000,0.6430,0.6590,33.0000
1785852443.6089,0.6430,0.6490,30.0000,-0.6430,-0.6400,-32.0000,-0.6430,-0.6540,-35.0000,0.6430,0.6290,35.0000
1785852443.6589,0.6430,0.6530,30.0000,-0.6430,-0.6450,-31.0000,-0.6430,-0.6350,-36.0000,0.6430,0.6490,34.0000
1785852443.7088,0.6430,0.6430,30.0000,-0.6430,-0.6500,-31.0000,-0.6430,-0.6530,-35.0000,0.6430,0.6380,34.0000
1785852443.7589,0.6430,0.6400,30.0000,-0.6430,-0.6470,-31.0000,-0.6430,-0.6270,-36.0000,0.6430,0.6570,33.0000
1785852443.8090,0.6430,0.6480,30.0000,-0.6430,-0.6340,-32.0000,-0.6430,-0.6560,-34.0000,0.6430,0.6330,35.0000
1785852443.8589,0.6430,0.6510,30.0000,-0.6430,-0.6390,-32.0000,-0.6430,-0.6320,-36.0000,0.6430,0.6470,34.0000
1785852443.9089,0.6430,0.6440,30.0000,-0.6430,-0.6420,-32.0000,-0.6430,-0.6530,-34.0000,0.6430,0.6440,34.0000
1785852443.9589,0.6430,0.6380,31.0000,-0.6430,-0.6490,-31.0000,-0.6430,-0.6230,-36.0000,0.6430,0.6520,33.0000
1785852444.0089,0.6430,0.6370,31.0000,-0.6430,-0.6410,-32.0000,-0.6430,-0.6550,-34.0000,0.6430,0.6380,34.0000
1785852444.0597,0.6430,0.6520,30.0000,-0.6430,-0.6370,-32.0000,-0.6430,-0.6400,-35.0000,0.6430,0.6420,34.0000
1785852444.1089,0.6430,0.6500,30.0000,-0.6430,-0.6400,-32.0000,-0.6430,-0.6570,-35.0000,0.6430,0.6440,34.0000
1785852444.1589,0.6430,0.6420,30.0000,-0.6430,-0.6500,-31.0000,-0.6430,-0.6260,-36.0000,0.6430,0.6470,34.0000
1785852444.2088,0.6430,0.6330,31.0000,-0.6430,-0.6380,-32.0000,-0.6430,-0.6500,-35.0000,0.6430,0.6500,34.0000
1785852444.2589,0.6430,0.6500,30.0000,-0.6430,-0.6430,-31.0000,-0.6430,-0.6460,-35.0000,0.6430,0.6380,34.0000
1785852444.3090,0.6430,0.6490,30.0000,-0.6430,-0.6420,-32.0000,-0.6430,-0.6470,-35.0000,0.6430,0.6470,34.0000
1785852444.3590,0.6430,0.6380,30.0000,-0.6430,-0.6500,-31.0000,-0.6430,-0.6320,-36.0000,0.6430,0.6370,34.0000
1785852444.4089,0.6430,0.6380,30.0000,-0.6430,-0.6460,-31.0000,-0.6430,-0.6400,-35.0000,0.6430,0.6490,34.0000
1785852444.4589,0.6430,0.6430,30.0000,-0.6430,-0.6430,-31.0000,-0.6430,-0.6540,-35.0000,0.6430,0.6290,35.0000
1785852444.5090,0.6430,0.6450,30.0000,-0.6430,-0.6380,-32.0000,-0.6430,-0.6420,-35.0000,0.6430,0.6520,33.0000
1785852444.5589,0.6430,0.6340,31.0000,-0.6430,-0.6490,-31.0000,-0.6430,-0.6400,-35.0000,0.6430,0.6420,34.0000
1785852444.6089,0.6430,0.6400,30.0000,-0.6430,-0.6460,-31.0000,-0.6430,-0.6360,-36.0000,0.6430,0.6600,33.0000
1785852444.6588,0.6430,0.6450,30.0000,-0.6430,-0.6390,-32.0000,-0.6430,-0.6520,-35.0000,0.6430,0.6310,35.0000
1785852444.7088,0.6430,0.6430,30.0000,-0.6430,-0.6410,-32.0000,-0.6430,-0.6350,-36.0000,0.6430,0.6500,33.0000
1785852444.7588,0.4030,0.6170,11.0000,-0.4030,-0.6260,-12.0000,-0.2830,-0.6120,-5.0000,0.2830,0.5800,6.0000
1785852444.8088,0.0000,0.0580,0.0000,0.0000,-0.0900,0.0000,0.0000,-0.2210,0.0000,0.0000,0.1140,0.0000
1785852444.8587,0.0000,0.0030,0.0000,0.0000,-0.0070,0.0000,0.0000,-0.0010,0.0000,0.0000,0.0090,0.0000
1785852444.9087,0.0000,0.0000,0.0000,0.0000,-0.0010,0.0000,0.0000,-0.0000,0.0000,0.0000,0.0010,0.0000
1785852444.9587,0.0000,0.0000,0.0000,0.0000,-0.0000,0.0000,0.0000,-0.0000,0.0000,0.0000,0.0000,0.0000
1785852445.0087,0.0000,0.0000,0.0000,0.0000,-0.0000,0.0000,0.0000,-0.0000,0.0000,0.0000,0.0000,0.0000
1785852445.0587,0.0000,0.0000,0.0000,0.0000,-0.0000,0.0000,0.0000,-0.0000,0.0000,0.0000,0.0000,0.0000
1785852445.1087,0.0000,0.0000,0.0000,0.0000,-0.0000,0.0000,0.0000,-0.0000,0.0000,0.0000,0.0000,0.0000
1785852445.1587,0.0000,0.0000,0.0000,0.0000,-0.0000,0.0000,0.0000,-0.0000,0.0000,0.0000,0.0000,0.0000
1785852445.2585,0.0660,0.0150,6.0000,-0.0660,-0.0130,-6.0000,0.0540,-0.0080,5.0000,-0.0540,0.0110,-5.0000
1785852445.2596,-0.2620,-0.2450,-17.0000,0.2620,0.2680,16.0000,0.3820,0.2360,29.0000,-0.3820,-0.2900,-25.0000
1785852445.3095,-0.7610,-0.5980,-43.0000,0.4990,0.5160,26.0000,0.4990,0.5020,29.0000,-0.7610,-0.6970,-39.0000
1785852445.3589,-0.7480,-0.7810,-36.0000,0.5380,0.5490,29.0000,0.5380,0.5330,31.0000,-0.7480,-0.7720,-37.0000
1785852445.4089,-0.7350,-0.7690,-36.0000,0.5510,0.5670,30.0000,0.5510,0.5490,32.0000,-0.7350,-0.7870,-36.0000
1785852445.4589,-0.7350,-0.7690,-36.0000,0.5510,0.5560,30.0000,0.5510,0.5640,31.0000,-0.7350,-0.7800,-36.0000
1785852445.5089,-0.7350,-0.7590,-36.0000,0.5510,0.5620,30.0000,0.5510,0.5580,32.0000,-0.7350,-0.7610,-36.0000
1785852445.5589,-0.7350,-0.7690,-35.0000,0.5510,0.5710,29.0000,0.5510,0.5630,31.0000,-0.7350,-0.7800,-35.0000
1785852445.6089,-0.7350,-0.7480,-36.0000,0.5510,0.5670,29.0000,0.5510,0.5640,31.0000,-0.7350,-0.7630,-35.0000
1785852445.6590,-0.7350,-0.7560,-35.0000,0.5510,0.5600,29.0000,0.5510,0.5530,32.0000,-0.7350,-0.7610,-35.0000
1785852445.7090,-0.7350,-0.7600,-35.0000,0.5510,0.5400,31.0000,0.5510,0.5620,31.0000,-0.7350,-0.7570,-35.0000
1785852445.7589,-0.7350,-0.7480,-35.0000,0.5510,0.5570,30.0000,0.5510,0.5420,32.0000,-0.7350,-0.7620,-34.0000
1785852445.8089,-0.7350,-0.7510,-35.0000,0.5510,0.5580,29.0000,0.5510,0.5580,31.0000,-0.7350,-0.7480,-35.0000
1785852445.8590,-0.7350,-0.7410,-35.0000,0.5510,0.5650,29.0000,0.5510,0.5680,31.0000,-0.7350,-0.7390,-35.0000
1785852445.9090,-0.7350,-0.7540,-35.0000,0.5510,0.5510,30.0000,0.5510,0.5550,31.0000,-0.7350,-0.7530,-34.0000
1785852445.9589,-0.7350,-0.7370,-35.0000,0.5510,0.5500,30.0000,0.5510,0.5540,31.0000,-0.7350,-0.7440,-35.0000
1785852446.0089,-0.7350,-0.7410,-35.0000,0.5510,0.5470,30.0000,0.5510,0.5400,32.0000,-0.7350,-0.7470,-34.0000
1785852446.0589,-0.7350,-0.7350,-35.0000,0.5510,0.5600,29.0000,0.5510,0.5620,31.0000,-0.7350,-0.7290,-35.0000
1785852446.1090,-0.7350,-0.7470,-35.0000,0.5510,0.5650,29.0000,0.5510,0.5730,30.0000,-0.7350,-0.7590,-33.0000
1785852446.1592,-0.7350,-0.7360,-35.0000,0.5510,0.5520,29.0000,0.5510,0.5520,31.0000,-0.7350,-0.7410,-34.0000
1785852446.2089,-0.7350,-0.7390,-35.0000,0.5510,0.5530,29.0000,0.5510,0.5550,31.0000,-0.7350,-0.7330,-35.0000
1785852446.2590,-0.7350,-0.7460,-34.0000,0.5510,0.5510,29.0000,0.5510,0.5430,31.0000,-0.7350,-0.7410,-34.0000
1785852446.3089,-0.7350,-0.7340,-35.0000,0.5510,0.5610,29.0000,0.5510,0.5600,30.0000,-0.7350,-0.7460,-34.0000
1785852446.3589,-0.7350,-0.7400,-35.0000,0.5510,0.5620,29.0000,0.5510,0.5600,30.0000,-0.7350,-0.7360,-34.0000
1785852446.4089,-0.7350,-0.7380,-35.0000,0.5510,0.5430,30.0000,0.5510,0.5520,31.0000,-0.7350,-0.7250,-35.0000
1785852446.4590,-0.7350,-0.7410,-35.0000,0.5510,0.5520,29.0000,0.5510,0.5490,31.0000,-0.7350,-0.7500,-34.0000
1785852446.5089,-0.7350,-0.7270,-35.0000,0.5510,0.5510,29.0000,0.5510,0.5410,31.0000,-0.7350,-0.7340,-34.0000
1785852446.5598,-0.7350,-0.7360,-35.0000,0.5510,0.5570,29.0000,0.5510,0.5580,31.0000,-0.7350,-0.7350,-34.0000
1785852446.6089,-0.7350,-0.7350,-35.0000,0.5510,0.5560,29.0000,0.5510,0.5610,30.0000,-0.7350,-0.7350,-34.0000
1785852446.6590,-0.7350,-0.7360,-35.0000,0.5510,0.5370,30.0000,0.5510,0.5560,30.0000,-0.7350,-0.7480,-34.0000
1785852446.7091,-0.7350,-0.7290,-35.0000,0.5510,0.5490,29.0000,0.5510,0.5440,31.0000,-0.7350,-0.7310,-35.0000
1785852446.7590,-0.7350,-0.7380,-35.0000,0.5510,0.5540,29.0000,0.5510,0.5450,31.0000,-0.7350,-0.7310,-34.0000
1785852446.8090,-0.7350,-0.7440,-34.0000,0.5510,0.5610,29.0000,0.5510,0.5570,31.0000,-0.7350,-0.7380,-34.0000
1785852446.8590,-0.7350,-0.7260,-35.0000,0.5510,0.5530,29.0000,0.5510,0.5550,31.0000,-0.7350,-0.7430,-34.0000
1785852446.9089,-0.7350,-0.7390,-35.0000,0.5510,0.5400,30.0000,0.5510,0.5550,30.0000,-0.7350,-0.7350,-34.0000
1785852446.9589,-0.7350,-0.7350,-35.0000,0.5510,0.5520,29.0000,0.5510,0.5510,31.0000,-0.7350,-0.7220,-35.0000
1785852447.0090,-0.7350,-0.7420,-34.0000,0.5510,0.5540,29.0000,0.5510,0.5440,31.0000,-0.7350,-0.7490,-33.0000
1785852447.0590,-0.7350,-0.7240,-35.0000,0.5510,0.5610,28.0000,0.5510,0.5580,30.0000,-0.7350,-0.7330,-34.0000
1785852447.1090,-0.7350,-0.7360,-35.0000,0.5510,0.5490,29.0000,0.5510,0.5490,31.0000,-0.7350,-0.7390,-34.0000
1785852447.1590,-0.7350,-0.7330,-35.0000,0.5510,0.5430,29.0000,0.5510,0.5530,31.0000,-0.7350,-0.7230,-35.0000
1785852447.2090,-0.7350,-0.7350,-35.0000,0.5510,0.5470,29.0000,0.5510,0.5500,31.0000,-0.7350,-0.7510,-33.0000
1785852447.2590,-0.7350,-0.7310,-35.0000,0.5510,0.5610,28.0000,0.5510,0.5470,31.0000,-0.7350,-0.7310,-34.0000
1785852447.3090,-0.7350,-0.7360,-35.0000,0.5510,0.5640,28.0000,0.5510,0.5600,30.0000,-0.7350,-0.7280,-35.0000
1785852447.3590,-0.7350,-0.7390,-35.0000,0.5510,0.5520,29.0000,0.5510,0.5480,31.0000,-0.7350,-0.7390,-34.0000
1785852447.4090,-0.7350,-0.7310,-35.0000,0.5510,0.5430,29.0000,0.5510,0.5560,30.0000,-0.7350,-0.7430,-34.0000
1785852447.4590,-0.7350,-0.7390,-35.0000,0.5510,0.5540,29.0000,0.5510,0.5440,31.0000,-0.7350,-0.7370,-34.0000
1785852447.5090,-0.7350,-0.7390,-35.0000,0.5510,0.5580,28.0000,0.5510,0.5490,31.0000,-0.7350,-0.7240,-35.0000
1785852447.5590,-0.7350,-0.7440,-34.0000,0.5510,0.5640,28.0000,0.5510,0.5610,30.0000,-0.7350,-0.7450,-34.0000
1785852447.6090,-0.7350,-0.7250,-35.0000,0.5510,0.5510,29.0000,0.5510,0.5430,31.0000,-0.7350,-0.7330,-34.0000
1785852447.6590,-0.7350,-0.7370,-35.0000,0.5510,0.5400,29.0000,0.5510,0.5560,30.0000,-0.7350,-0.7330,-34.0000
1785852447.7089,-0.7350,-0.7390,-35.0000,0.5510,0.5500,29.0000,0.5510,0.5430,31.0000,-0.7350,-0.7300,-34.0000
1785852447.7589,-0.7350,-0.7350,-35.0000,0.5510,0.5560,28.0000,0.5510,0.5580,31.0000,-0.7350,-0.7480,-33.0000
1785852447.8090,-0.7350,-0.7290,-35.0000,0.5510,0.5610,28.0000,0.5510,0.5590,30.0000,-0.7350,-0.7360,-34.0000
1785852447.8591,-0.7350,-0.7380,-35.0000,0.5510,0.5520,29.0000,0.5510,0.5430,31.0000,-0.7350,-0.7380,-34.0000
1785852447.9090,-0.7350,-0.7440,-34.0000,0.5510,0.5450,29.0000,0.5510,0.5540,30.0000,-0.7350,-0.7420,-34.0000
1785852447.9598,-0.7350,-0.7260,-35.0000,0.5510,0.5510,29.0000,0.5510,0.5410,31.0000,-0.7350,-0.7410,-34.0000
1785852448.0090,-0.7350,-0.7340,-35.0000,0.5510,0.5530,29.0000,0.5510,0.5560,30.0000,-0.7350,-0.7410,-34.0000
1785852448.0590,-0.7350,-0.7340,-35.0000,0.5510,0.5560,28.0000,0.5510,0.5600,30.0000,-0.7350,-0.7220,-35.0000
1785852448.1090,-0.7350,-0.7470,-34.0000,0.5510,0.5540,29.0000,0.5510,0.5440,31.0000,-0.7350,-0.7490,-33.0000
1785852448.1590,-0.7350,-0.7230,-36.0000,0.5510,0.5500,29.0000,0.5510,0.5520,31.0000,-0.7350,-0.7320,-34.0000
1785852448.2090,-0.7350,-0.7390,-35.0000,0.5510,0.5500,29.0000,0.5510,0.5390,31.0000,-0.7350,-0.7400,-34.0000
1785852448.2589,-0.7350,-0.7350,-35.0000,0.5510,0.5560,28.0000,0.5510,0.5570,30.0000,-0.7350,-0.7230,-35.0000
1785852448.3091,-0.7350,-0.7390,-35.0000,0.5510,0.5540,28.0000,0.5510,0.5670,30.0000,-0.7350,-0.7460,-33.0000
1785852448.3591,-0.7350,-0.7320,-35.0000,0.5510,0.5510,29.0000,0.5510,0.5480,31.0000,-0.7350,-0.7380,-34.0000
1785852448.4090,-0.7350,-0.7290,-35.0000,0.5510,0.5490,29.0000,0.5510,0.5500,31.0000,-0.7350,-0.7340,-34.0000
1785852448.4590,-0.7350,-0.7410,-34.0000,0.5510,0.5530,29.0000,0.5510,0.5380,31.0000,-0.7350,-0.7380,-34.0000
1785852448.5089,-0.7350,-0.7270,-35.0000,0.5510,0.5540,28.0000,0.5510,0.5610,30.0000,-0.7350,-0.7370,-34.0000
1785852448.5590,-0.7350,-0.7390,-35.0000,0.5510,0.5530,28.0000,0.5510,0.5610,30.0000,-0.7350,-0.7400,-33.0000
1785852448.6090,-0.7350,-0.7310,-35.0000,0.5510,0.5470,29.0000,0.5510,0.5500,31.0000,-0.7350,-0.7210,-34.0000
1785852448.6590,-0.7350,-0.7450,-34.0000,0.5510,0.5510,29.0000,0.5510,0.5490,31.0000,-0.7350,-0.7470,-33.0000
1785852448.7090,-0.7350,-0.7220,-36.0000,0.5510,0.5550,28.0000,0.5510,0.5400,31.0000,-0.7350,-0.7330,-34.0000
1785852448.7590,-0.7350,-0.7390,-35.0000,0.5510,0.5570,28.0000,0.5510,0.5610,30.0000,-0.7350,-0.7390,-33.0000
1785852448.8090,-0.7350,-0.7360,-35.0000,0.5510,0.5550,28.0000,0.5510,0.5600,30.0000,-0.7350,-0.7220,-34.0000
1785852448.8590,-0.7350,-0.7380,-35.0000,0.5510,0.5380,29.0000,0.5510,0.5520,30.0000,-0.7350,-0.7480,-33.0000
1785852448.9091,-0.7350,-0.7300,-35.0000,0.5510,0.5530,28.0000,0.5510,0.5430,31.0000,-0.7350,-0.7410,-33.0000
1785852448.9591,-0.7350,-0.7390,-35.0000,0.5510,0.5520,29.0000,0.5510,0.5380,31.0000,-0.7350,-0.7300,-34.0000
1785852449.0090,-0.7350,-0.7440,-34.0000,0.5510,0.5550,28.0000,0.5510,0.5600,30.0000,-0.7350,-0.7370,-33.0000
1785852449.0591,-0.7350,-0.7270,-35.0000,0.5510,0.5480,29.0000,0.5510,0.5530,31.0000,-0.7350,-0.7400,-33.0000
1785852449.1090,-0.7350,-0.7360,-35.0000,0.5510,0.5400,29.0000,0.5510,0.5580,30.0000,-0.7350,-0.7410,-33.0000
1785852449.1590,-0.7350,-0.7350,-35.0000,0.5510,0.5510,29.0000,0.5510,0.5480,31.0000,-0.7350,-0.7250,-34.0000
1785852449.2090,-0.7350,-0.7410,-34.0000,0.5510,0.5530,28.0000,0.5510,0.5460,31.0000,-0.7350,-0.7450,-33.0000
1785852449.2598,-0.7350,-0.7180,-36.0000,0.5510,0.5580,28.0000,0.5510,0.5580,30.0000,-0.7350,-0.7310,-34.0000
1785852449.3091,-0.7350,-0.7340,-35.0000,0.5510,0.5480,29.0000,0.5510,0.5520,30.0000,-0.7350,-0.7340,-34.0000
1785852449.3590,-0.7350,-0.7260,-35.0000,0.5510,0.5430,29.0000,0.5510,0.5540,30.0000,-0.7350,-0.7250,-34.0000
1785852449.4091,-0.7350,-0.7380,-35.0000,0.5510,0.5470,29.0000,0.5510,0.5490,31.0000,-0.7350,-0.7480,-33.0000
1785852449.4590,-0.7350,-0.7320,-35.0000,0.5510,0.5550,28.0000,0.5510,0.5550,30.0000,-0.7350,-0.7300,-34.0000
1785852449.5090,-0.7350,-0.7310,-35.0000,0.5510,0.5570,28.0000,0.5510,0.5560,30.0000,-0.7350,-0.7330,-34.0000
1785852449.5591,-0.7350,-0.7380,-35.0000,0.5510,0.5500,29.0000,0.5510,0.5480,31.0000,-0.7350,-0.7310,-34.0000
1785852449.6091,-0.7350,-0.7350,-35.0000,0.5510,0.5390,29.0000,0.5510,0.5540,30.0000,-0.7350,-0.7390,-34.0000
1785852449.6591,-0.7350,-0.7360,-35.0000,0.5510,0.5530,28.0000,0.5510,0.5490,31.0000,-0.7350,-0.7370,-34.0000
1785852449.7091,-0.7350,-0.7350,-35.0000,0.5510,0.5590,28.0000,0.5510,0.5540,30.0000,-0.7350,-0.7240,-34.0000
1785852449.7590,-0.7350,-0.7470,-34.0000,0.5510,0.5550,28.0000,0.5510,0.5570,30.0000,-0.7350,-0.7450,-33.0000
1785852449.8091,-0.7350,-0.7230,-36.0000,0.5510,0.5540,28.0000,0.5510,0.5420,31.0000,-0.7350,-0.7330,-34.0000
1785852449.8591,-0.7350,-0.7390,-35.0000,0.5510,0.5450,29.0000,0.5510,0.5520,30.0000,-0.7350,-0.7390,-33.0000
1785852449.9091,-0.7350,-0.7360,-35.0000,0.5510,0.5500,29.0000,0.5510,0.5470,31.0000,-0.7350,-0.7250,-34.0000
1785852449.9591,-0.7350,-0.7390,-35.0000,0.5510,0.5550,28.0000,0.5510,0.5560,30.0000,-0.7350,-0.7470,-33.0000
1785852450.0091,-0.7350,-0.7320,-35.0000,0.5510,0.5560,28.0000,0.5510,0.5620,30.0000,-0.7350,-0.7290,-34.0000
1785852450.0591,-0.7350,-0.7370,-35.0000,0.5510,0.5520,28.0000,0.5510,0.5430,31.0000,-0.7350,-0.7360,-34.0000
1785852450.1090,-0.7350,-0.7390,-35.0000,0.5510,0.5420,29.0000,0.5510,0.5490,31.0000,-0.7350,-0.7330,-34.0000
1785852450.1590,-0.7350,-0.7280,-35.0000,0.5510,0.5500,29.0000,0.5510,0.5420,31.0000,-0.7350,-0.7410,-33.0000
1785852450.2091,-0.7350,-0.7400,-35.0000,0.5510,0.5540,28.0000,0.5510,0.5560,30.0000,-0.7350,-0.7370,-34.0000
1785852450.2590,-0.7350,-0.7340,-35.0000,0.5510,0.5550,28.0000,0.5510,0.5600,30.0000,-0.7350,-0.7280,-34.0000
1785852450.3091,-0.7350,-0.7460,-34.0000,0.5510,0.5540,28.0000,0.5510,0.5460,31.0000,-0.7350,-0.7420,-33.0000
1785852450.3590,-0.7350,-0.7260,-35.0000,0.5510,0.5490,29.0000,0.5770,0.5450,33.0000,-0.7090,-0.7310,-32.0000
1785852450.4090,-0.7090,-0.7120,-34.0000,0.5770,0.5770,29.0000,0.5770,0.5680,32.0000,-0.7090,-0.7050,-33.0000
1785852450.4590,-0.7090,-0.6960,-35.0000,0.5770,0.5790,29.0000,0.5770,0.5810,31.0000,-0.7090,-0.6970,-33.0000
1785852450.5090,-0.5890,-0.7160,-23.0000,0.4570,0.5800,19.0000,0.3370,0.5760,11.0000,-0.4690,-0.7020,-12.0000
1785852450.5589,0.0000,-0.2980,0.0000,0.0000,0.1550,0.0000,0.0000,0.2170,0.0000,0.0000,-0.1340,0.0000
1785852450.6089,0.0000,-0.0200,0.0000,0.0000,0.0120,0.0000,0.0000,-0.0050,0.0000,0.0000,-0.0060,0.0000
1785852450.6589,0.0000,-0.0020,0.0000,0.0000,0.0010,0.0000,0.0000,-0.0010,0.0000,0.0000,-0.0000,0.0000
1785852450.7089,0.0000,-0.0000,0.0000,0.0000,0.0000,0.0000,0.0000,-0.0000,0.0000,0.0000,-0.0000,0.0000
1785852450.7588,0.0000,-0.0000,0.0000,0.0000,0.0000,0.0000,0.0000,-0.0000,0.0000,0.0000,-0.0000,0.0000
1785852450.8090,0.0000,-0.0000,0.0000,0.0000,0.0000,0.0000,0.0000,-0.0000,0.0000,0.0000,-0.0000,0.0000
1785852450.8591,0.3600,0.1010,33.0000,-0.3160,-0.0870,-31.0000,0.3160,0.1150,30.0000,-0.3610,-0.1880,-29.0000
1785852450.9090,0.7210,0.5020,45.0000,-0.6380,-0.4490,-41.0000,0.6380,0.5040,39.0000,-0.7280,-0.5840,-42.0000
1785852450.9590,0.7280,0.7770,34.0000,-0.6380,-0.6850,-31.0000,0.6380,0.6560,34.0000,-0.7280,-0.7700,-36.0000
1785852451.0090,0.7280,0.7690,35.0000,-0.6380,-0.6760,-33.0000,0.6380,0.6610,35.0000,-0.7280,-0.7790,-36.0000
1785852451.0591,0.7280,0.7690,35.0000,-0.6380,-0.6740,-33.0000,0.6380,0.6740,34.0000,-0.7280,-0.7760,-36.0000
1785852451.1091,0.7280,0.7700,35.0000,-0.6380,-0.6650,-33.0000,0.6380,0.6590,35.0000,-0.7280,-0.7740,-35.0000
1785852451.1590,0.7280,0.7640,35.0000,-0.6380,-0.6620,-32.0000,0.6380,0.6540,35.0000,-0.7280,-0.7590,-36.0000
1785852451.2090,0.7280,0.7530,35.0000,-0.6380,-0.6650,-32.0000,0.6380,0.6600,34.0000,-0.7280,-0.7710,-34.0000
1785852451.2590,0.7280,0.7530,34.0000,-0.6380,-0.6560,-32.0000,0.6380,0.6680,33.0000,-0.7280,-0.7560,-35.0000
1785852451.3091,0.7280,0.7500,34.0000,-0.6380,-0.6500,-32.0000,0.6380,0.6500,34.0000,-0.7280,-0.7450,-35.0000
1785852451.3590,0.7280,0.7390,35.0000,-0.6380,-0.6480,-32.0000,0.6380,0.6480,34.0000,-0.7280,-0.7530,-34.0000
1785852451.4091,0.7280,0.7390,34.0000,-0.6380,-0.6490,-32.0000,0.6380,0.6480,34.0000,-0.7280,-0.7510,-34.0000
1785852451.4590,0.7280,0.7450,34.0000,-0.6380,-0.6510,-32.0000,0.6380,0.6570,33.0000,-0.7280,-0.7440,-34.0000
1785852451.5090,0.7280,0.7490,34.0000,-0.6380,-0.6400,-32.0000,0.6380,0.6390,34.0000,-0.7280,-0.7300,-35.0000
1785852451.5591,0.7280,0.7390,34.0000,-0.6380,-0.6430,-32.0000,0.6380,0.6410,34.0000,-0.7280,-0.7520,-33.0000
1785852451.6091,0.7280,0.7280,34.0000,-0.6380,-0.6440,-32.0000,0.6380,0.6370,34.0000,-0.7280,-0.7350,-34.0000
1785852451.6590,0.7280,0.7380,34.0000,-0.6380,-0.6440,-32.0000,0.6380,0.6540,33.0000,-0.7280,-0.7390,-34.0000
1785852451.7090,0.7280,0.7370,34.0000,-0.6380,-0.6350,-32.0000,0.6380,0.6360,34.0000,-0.7280,-0.7290,-34.0000
1785852451.7592,0.7280,0.7360,34.0000,-0.6380,-0.6400,-32.0000,0.6380,0.6350,34.0000,-0.7280,-0.7430,-33.0000
1785852451.8091,0.7280,0.7200,34.0000,-0.6380,-0.6410,-32.0000,0.6380,0.6260,35.0000,-0.7280,-0.7370,-34.0000
1785852451.8599,0.7280,0.7400,33.0000,-0.6380,-0.6460,-32.0000,0.6380,0.6490,33.0000,-0.7280,-0.7290,-34.0000
1785852451.9090,0.7280,0.7320,34.0000,-0.6380,-0.6410,-32.0000,0.6380,0.6380,34.0000,-0.7280,-0.7350,-34.0000
1785852451.9590,0.7280,0.7340,34.0000,-0.6380,-0.6410,-32.0000,0.6380,0.6420,34.0000,-0.7280,-0.7280,-34.0000
1785852452.0092,0.7280,0.7260,34.0000,-0.6380,-0.6370,-32.0000,0.6380,0.6310,34.0000,-0.7280,-0.7360,-33.0000
1785852452.0591,0.7280,0.7370,33.0000,-0.6380,-0.6480,-31.0000,0.6380,0.6450,33.0000,-0.7280,-0.7240,-34.0000
1785852452.1091,0.7280,0.7280,34.0000,-0.6380,-0.6430,-31.0000,0.6380,0.6450,33.0000,-0.7280,-0.7450,-33.0000
1785852452.1590,0.7280,0.7250,34.0000,-0.6380,-0.6390,-32.0000,0.6380,0.6380,34.0000,-0.7280,-0.7300,-34.0000
1785852452.2090,0.7280,0.7330,33.0000,-0.6380,-0.6390,-32.0000,0.6380,0.6400,34.0000,-0.7280,-0.7310,-33.0000
1785852452.2590,0.7280,0.7280,34.0000,-0.6380,-0.6410,-31.0000,0.6380,0.6390,34.0000,-0.7280,-0.7260,-34.0000
1785852452.3090,0.7280,0.7330,33.0000,-0.6380,-0.6390,-31.0000,0.6380,0.6520,33.0000,-0.7280,-0.7430,-33.0000
1785852452.3590,0.7280,0.7280,34.0000,-0.6380,-0.6370,-32.0000,0.6380,0.6350,34.0000,-0.7280,-0.7310,-33.0000
1785852452.4091,0.7280,0.7310,33.0000,-0.6380,-0.6360,-32.0000,0.6380,0.6410,34.0000,-0.7280,-0.7250,-34.0000
1785852452.4590,0.7280,0.7290,34.0000,-0.6380,-0.6450,-31.0000,0.6380,0.6290,34.0000,-0.7280,-0.7330,-33.0000
1785852452.5090,0.7280,0.7310,33.0000,-0.6380,-0.6490,-31.0000,0.6380,0.6440,34.0000,-0.7280,-0.7300,-33.0000
1785852452.5593,0.7280,0.7260,34.0000,-0.6380,-0.6310,-32.0000,0.6380,0.6310,34.0000,-0.7280,-0.7290,-33.0000
1785852452.6092,0.7280,0.7330,33.0000,-0.6380,-0.6340,-32.0000,0.6380,0.6390,34.0000,-0.7280,-0.7180,-34.0000
1785852452.6591,0.7280,0.7230,34.0000,-0.6380,-0.6360,-32.0000,0.6380,0.6240,35.0000,-0.7280,-0.7400,-33.0000
1785852452.7092,0.7280,0.7250,34.0000,-0.6380,-0.6500,-31.0000,0.6380,0.6470,33.0000,-0.7280,-0.7270,-33.0000
1785852452.7592,0.7280,0.7300,33.0000,-0.6380,-0.6330,-32.0000,0.6380,0.6320,34.0000,-0.7280,-0.7250,-33.0000
1785852452.8094,0.7280,0.7250,34.0000,-0.6380,-0.6360,-31.0000,0.6380,0.6390,34.0000,-0.7280,-0.7230,-34.0000
1785852452.8592,0.7280,0.7300,33.0000,-0.6380,-0.6340,-31.0000,0.6380,0.6280,34.0000,-0.7280,-0.7420,-33.0000
1785852452.9091,0.7280,0.7270,34.0000,-0.6380,-0.6470,-31.0000,0.6380,0.6460,33.0000,-0.7280,-0.7250,-33.0000
1785852452.9592,0.7280,0.7300,33.0000,-0.6380,-0.6400,-31.0000,0.6380,0.6410,34.0000,-0.7280,-0.7210,-34.0000
1785852453.0092,0.7280,0.7330,33.0000,-0.6380,-0.6380,-31.0000,0.6380,0.6390,34.0000,-0.7280,-0.7300,-33.0000
1785852453.0593,0.7280,0.7290,33.0000,-0.6380,-0.6300,-32.0000,0.6380,0.6340,33.0000,-0.7280,-0.7370,-33.0000
1785852453.1102,0.7280,0.7270,34.0000,-0.6380,-0.6470,-31.0000,0.6380,0.6380,34.0000,-0.7280,-0.7250,-33.0000
1785852453.1592,0.7280,0.7320,33.0000,-0.6380,-0.6440,-31.0000,0.6380,0.6530,33.0000,-0.7280,-0.7100,-34.0000
1785852453.2091,0.7280,0.7270,34.0000,-0.6380,-0.6360,-31.0000,0.6380,0.6390,34.0000,-0.7280,-0.7340,-33.0000
1785852453.2591,0.7280,0.7220,34.0000,-0.6380,-0.6340,-31.0000,0.6380,0.6380,34.0000,-0.7280,-0.7300,-33.0000
1785852453.3091,0.7280,0.7310,33.0000,-0.6380,-0.6440,-31.0000,0.6380,0.6350,34.0000,-0.7280,-0.7330,-33.0000
1785852453.3591,0.7280,0.7270,34.0000,-0.6380,-0.6490,-31.0000,0.6380,0.6520,33.0000,-0.7280,-0.7230,-34.0000
1785852453.4091,0.7280,0.7230,34.0000,-0.6380,-0.6330,-31.0000,0.6380,0.6310,34.0000,-0.7280,-0.7400,-33.0000
1785852453.4591,0.7280,0.7270,34.0000,-0.6380,-0.6370,-31.0000,0.6380,0.6400,34.0000,-0.7280,-0.7250,-34.0000
1785852453.5091,0.7280,0.7290,34.0000,-0.6380,-0.6380,-31.0000,0.6380,0.6310,34.0000,-0.7280,-0.7270,-33.0000
1785852453.5591,0.7280,0.7310,33.0000,-0.6380,-0.6480,-31.0000,0.6380,0.6510,33.0000,-0.7280,-0.7250,-34.0000
1785852453.6091,0.7280,0.7280,34.0000,-0.6380,-0.6340,-31.0000,0.6380,0.6310,34.0000,-0.7280,-0.7350,-33.0000
1785852453.6591,0.7280,0.7250,34.0000,-0.6380,-0.6330,-31.0000,0.6380,0.6360,34.0000,-0.7280,-0.7290,-33.0000
1785852453.7091,0.7280,0.7350,33.0000,-0.6380,-0.6310,-32.0000,0.6380,0.6250,34.0000,-0.7280,-0.7180,-34.0000
1785852453.7591,0.7280,0.7300,33.0000,-0.6380,-0.6490,-31.0000,0.6380,0.6460,33.0000,-0.7280,-0.7340,-33.0000
1785852453.8092,0.7280,0.7270,34.0000,-0.6380,-0.6350,-31.0000,0.6380,0.6370,34.0000,-0.7280,-0.7300,-33.0000
1785852453.8592,0.7280,0.7270,33.0000,-0.6380,-0.6350,-31.0000,0.6380,0.6410,33.0000,-0.7280,-0.7280,-33.0000
1785852453.9092,0.7280,0.7320,33.0000,-0.6380,-0.6310,-32.0000,0.6380,0.6310,34.0000,-0.7280,-0.7200,-34.0000
1785852453.9591,0.7280,0.7250,34.0000,-0.6380,-0.6430,-31.0000,0.6380,0.6430,33.0000,-0.7280,-0.7420,-33.0000
1785852454.0091,0.7280,0.7210,34.0000,-0.6380,-0.6450,-31.0000,0.6380,0.6460,33.0000,-0.7280,-0.7260,-33.0000
1785852454.0592,0.7280,0.7310,33.0000,-0.6380,-0.6340,-31.0000,0.6380,0.6390,34.0000,-0.7280,-0.7240,-34.0000
1785852454.1092,0.7280,0.7300,33.0000,-0.6380,-0.6320,-32.0000,0.6380,0.6420,33.0000,-0.7280,-0.7200,-34.0000
1785852454.1593,0.7280,0.7300,33.0000,-0.6380,-0.6420,-31.0000,0.6380,0.6360,34.0000,-0.7280,-0.7370,-33.0000
1785852454.2092,0.7280,0.7230,34.0000,-0.6380,-0.6490,-31.0000,0.6380,0.6520,33.0000,-0.7280,-0.7240,-34.0000
1785852454.2591,0.7280,0.7320,33.0000,-0.6380,-0.6320,-32.0000,0.6380,0.6300,34.0000,-0.7280,-0.7210,-34.0000
1785852454.3091,0.7280,0.7280,34.0000,-0.6380,-0.6330,-31.0000,0.6380,0.6380,34.0000,-0.7280,-0.7330,-33.0000
1785852454.3592,0.7280,0.7260,34.0000,-0.6380,-0.6410,-31.0000,0.6380,0.6300,34.0000,-0.7280,-0.7320,-33.0000
1785852454.4092,0.7280,0.7210,34.0000,-0.6380,-0.6470,-31.0000,0.6380,0.6510,33.0000,-0.7280,-0.7270,-33.0000
1785852454.4591,0.7280,0.7370,33.0000,-0.6380,-0.6330,-31.0000,0.6380,0.6330,34.0000,-0.7280,-0.7200,-34.0000
1785852454.5091,0.7280,0.7260,34.0000,-0.6380,-0.6320,-31.0000,0.6380,0.6370,34.0000,-0.7280,-0.7410,-33.0000
1785852454.5592,0.7280,0.7290,33.0000,-0.6380,-0.6390,-31.0000,0.6380,0.6280,34.0000,-0.7280,-0.7220,-34.0000
1785852454.6091,0.7280,0.7310,33.0000,-0.6380,-0.6430,-31.0000,0.6380,0.6460,33.0000,-0.7280,-0.7320,-33.0000
1785852454.6591,0.7280,0.7280,33.0000,-0.6380,-0.6370,-31.0000,0.6380,0.6380,34.0000,-0.7280,-0.7130,-34.0000
1785852454.7091,0.6080,0.7310,23.0000,-0.5180,-0.6350,-21.0000,0.3980,0.6270,13.0000,-0.4880,-0.7220,-13.0000
1785852454.7589,0.0080,0.2750,0.0000,0.0000,-0.2010,0.0000,0.0000,0.1130,0.0000,0.0000,-0.1450,0.0000
1785852454.8090,0.0000,0.0140,0.0000,0.0000,-0.0130,0.0000,0.0000,-0.0010,0.0000,0.0000,-0.0040,0.0000
1785852454.8590,0.0000,0.0010,0.0000,0.0000,-0.0010,0.0000,0.0000,-0.0000,0.0000,0.0000,-0.0000,0.0000
1785852454.9090,0.0000,0.0000,0.0000,0.0000,-0.0000,0.0000,0.0000,-0.0000,0.0000,0.0000,-0.0000,0.0000
1785852454.9590,0.0000,0.0000,0.0000,0.0000,-0.0000,0.0000,0.0000,-0.0000,0.0000,0.0000,-0.0000,0.0000
1785852455.0089,0.0000,0.0000,0.0000,0.0000,-0.0000,0.0000,0.0000,-0.0000,0.0000,0.0000,-0.0000,0.0000
1785852455.0590,0.0000,0.0000,0.0000,0.0000,-0.0000,0.0000,0.0000,-0.0000,0.0000,0.0000,-0.0000,0.0000
1785852455.1090,0.0000,0.0000,0.0000,0.0000,-0.0000,0.0000,0.0000,-0.0000,0.0000,0.0000,-0.0000,0.0000
1785852455.1592,0.0000,0.0000,0.0000,0.0000,-0.0000,0.0000,-0.0520,-0.0000,-5.0000,0.0590,-0.0000,6.0000
1785852455.2091,-0.1790,-0.0250,-21.0000,0.1720,0.0010,22.0000,-0.2920,-0.0320,-32.0000,0.2990,0.0570,31.0000
1785852455.2591,-0.5610,-0.4900,-31.0000,0.5060,0.4600,28.0000,-0.6260,-0.4020,-43.0000,0.6810,0.4600,45.0000
1785852455.3091,-0.7280,-0.7510,-35.0000,0.6380,0.6790,31.0000,-0.6380,-0.6610,-34.0000,0.7280,0.7320,38.0000
1785852455.3591,-0.7280,-0.7580,-36.0000,0.6380,0.6540,34.0000,-0.6380,-0.6350,-37.0000,0.7280,0.7410,39.0000
1785852455.4092,-0.7280,-0.7700,-36.0000,0.6380,0.6610,34.0000,-0.6380,-0.6590,-36.0000,0.7280,0.7520,39.0000
1785852455.4592,-0.7280,-0.7620,-36.0000,0.6380,0.6660,33.0000,-0.6380,-0.6220,-38.0000,0.7280,0.7480,39.0000
1785852455.5092,-0.7280,-0.7560,-36.0000,0.6380,0.6620,33.0000,-0.6380,-0.6590,-35.0000,0.7280,0.7390,39.0000
1785852455.5591,-0.7280,-0.7650,-35.0000,0.6380,0.6460,34.0000,-0.6380,-0.6430,-36.0000,0.7280,0.7340,39.0000
1785852455.6091,-0.7280,-0.7420,-36.0000,0.6380,0.6540,33.0000,-0.6380,-0.6570,-35.0000,0.7280,0.7550,38.0000
1785852455.6591,-0.7280,-0.7480,-35.0000,0.6380,0.6610,32.0000,-0.6380,-0.6270,-37.0000,0.7280,0.7270,40.0000
1785852455.7098,-0.7280,-0.7520,-35.0000,0.6380,0.6530,33.0000,-0.6380,-0.6550,-35.0000,0.7280,0.7440,38.0000
1785852455.7597,-0.7280,-0.7460,-35.0000,0.6380,0.6430,33.0000,-0.6380,-0.6470,-36.0000,0.7280,0.7370,39.0000
1785852455.8092,-0.7280,-0.7430,-35.0000,0.6380,0.6510,32.0000,-0.6380,-0.6530,-35.0000,0.7280,0.7500,38.0000
1785852455.8592,-0.7280,-0.7370,-35.0000,0.6380,0.6470,33.0000,-0.6380,-0.6270,-37.0000,0.7280,0.7290,39.0000
1785852455.9092,-0.7280,-0.7410,-35.0000,0.6380,0.6490,32.0000,-0.6380,-0.6470,-35.0000,0.7280,0.7370,38.0000
1785852455.9592,-0.7280,-0.7250,-36.0000,0.6380,0.6390,33.0000,-0.6380,-0.6460,-36.0000,0.7280,0.7360,38.0000
1785852456.0092,-0.7280,-0.7420,-34.0000,0.6380,0.6470,32.0000,-0.6380,-0.6480,-35.0000,0.7280,0.7350,38.0000
1785852456.0592,-0.7280,-0.7280,-35.0000,0.6380,0.6440,32.0000,-0.6380,-0.6390,-36.0000,0.7280,0.7350,38.0000
1785852456.1092,-0.7280,-0.7410,-34.0000,0.6380,0.6500,32.0000,-0.6380,-0.6340,-36.0000,0.7280,0.7260,39.0000
1785852456.1594,-0.7280,-0.7200,-36.0000,0.6380,0.6440,32.0000,-0.6380,-0.6510,-35.0000,0.7280,0.7470,37.0000
1785852456.2092,-0.7280,-0.7350,-35.0000,0.6380,0.6450,32.0000,-0.6380,-0.6360,-36.0000,0.7280,0.7180,39.0000
1785852456.2592,-0.7280,-0.7310,-35.0000,0.6380,0.6420,32.0000,-0.6380,-0.6450,-35.0000,0.7280,0.7430,37.0000
1785852456.3092,-0.7280,-0.7330,-35.0000,0.6380,0.6450,32.0000,-0.6380,-0.6240,-36.0000,0.7280,0.7250,38.0000
1785852456.3592,-0.7280,-0.7240,-35.0000,0.6380,0.6400,32.0000,-0.6380,-0.6550,-35.0000,0.7280,0.7420,37.0000
1785852456.4092,-0.7280,-0.7330,-35.0000,0.6380,0.6380,32.0000,-0.6380,-0.6370,-36.0000,0.7280,0.7250,38.0000
1785852456.4592,-0.7280,-0.7370,-34.0000,0.6380,0.6400,32.0000,-0.6380,-0.6530,-35.0000,0.7280,0.7320,38.0000
1785852456.5092,-0.7280,-0.7230,-35.0000,0.6380,0.6440,32.0000,-0.6380,-0.6200,-36.0000,0.7280,0.7350,38.0000
1785852456.5592,-0.7280,-0.7310,-35.0000,0.6380,0.6430,32.0000,-0.6380,-0.6520,-35.0000,0.7280,0.7320,38.0000
1785852456.6091,-0.7280,-0.7270,-35.0000,0.6380,0.6310,33.0000,-0.6380,-0.6380,-35.0000,0.7280,0.7270,38.0000
1785852456.6591,-0.7280,-0.7370,-34.0000,0.6380,0.6360,32.0000,-0.6380,-0.6560,-34.0000,0.7280,0.7250,38.0000
1785852456.7091,-0.7280,-0.7160,-35.0000,0.6380,0.6410,32.0000,-0.6380,-0.6220,-36.0000,0.7280,0.7440,37.0000
1785852456.7591,-0.7280,-0.7340,-34.0000,0.6380,0.6400,32.0000,-0.6380,-0.6540,-34.0000,0.7280,0.7180,38.0000
1785852456.8092,-0.7280,-0.7250,-35.0000,0.6380,0.6260,33.0000,-0.6380,-0.6440,-35.0000,0.7280,0.7360,37.0000
1785852456.8591,-0.7280,-0.7390,-34.0000,0.6380,0.6420,32.0000,-0.6380,-0.6480,-35.0000,0.7280,0.7260,38.0000
1785852456.9091,-0.7280,-0.7240,-35.0000,0.6380,0.6410,32.0000,-0.6380,-0.6250,-36.0000,0.7280,0.7440,37.0000
1785852456.9591,-0.7280,-0.7300,-35.0000,0.6380,0.6430,32.0000,-0.6380,-0.6360,-35.0000,0.7280,0.7200,38.0000
1785852457.0098,-0.7280,-0.7370,-34.0000,0.6380,0.6270,33.0000,-0.6380,-0.6480,-35.0000,0.7280,0.7340,37.0000
1785852457.0597,-0.7280,-0.7240,-35.0000,0.6380,0.6410,32.0000,-0.6380,-0.6420,-35.0000,0.7280,0.7350,37.0000
1785852457.1097,-0.7280,-0.7310,-34.0000,0.6380,0.6440,32.0000,-0.6380,-0.6350,-35.0000,0.7280,0.7290,37.0000
1785852457.1591,-0.7280,-0.7210,-35.0000,0.6380,0.6500,31.0000,-0.6380,-0.6260,-36.0000,0.7280,0.7200,38.0000
1785852457.2092,-0.7280,-0.7370,-34.0000,0.6380,0.6420,32.0000,-0.6380,-0.6460,-35.0000,0.7280,0.7250,38.0000
1785852457.2591,-0.7280,-0.7140,-36.0000,0.6380,0.6330,32.0000,-0.6380,-0.6330,-35.0000,0.7280,0.7390,37.0000
1785852457.3092,-0.7280,-0.7340,-34.0000,0.6380,0.6400,32.0000,-0.6380,-0.6430,-35.0000,0.7280,0.7190,38.0000
1785852457.3591,-0.7280,-0.7220,-35.0000,0.6380,0.6450,32.0000,-0.6380,-0.6200,-36.0000,0.7280,0.7290,37.0000
1785852457.4092,-0.7280,-0.7400,-34.0000,0.6380,0.6400,32.0000,-0.6380,-0.6530,-34.0000,0.7280,0.7170,38.0000
1785852457.4591,-0.7280,-0.7200,-35.0000,0.6380,0.6290,32.0000,-0.6380,-0.6280,-36.0000,0.7280,0.7390,37.0000
1785852457.5092,-0.7280,-0.7330,-34.0000,0.6380,0.6350,32.0000,-0.6380,-0.6550,-34.0000,0.7280,0.7140,38.0000
1785852457.5592,-0.7280,-0.7260,-35.0000,0.6380,0.6440,32.0000,-0.6380,-0.6160,-36.0000,0.7280,0.7330,37.0000
1785852457.6092,-0.7280,-0.7260,-35.0000,0.6380,0.6380,32.0000,-0.6380,-0.6520,-34.0000,0.7280,0.7370,37.0000
1785852457.6592,-0.7280,-0.7260,-35.0000,0.6380,0.6280,32.0000,-0.6380,-0.6380,-35.0000,0.7280,0.7360,37.0000
1785852457.7092,-0.7280,-0.7300,-35.0000,0.6380,0.6340,32.0000,-0.6380,-0.6540,-34.0000,0.7280,0.7260,38.0000
1785852457.7591,-0.7280,-0.7360,-34.0000,0.6380,0.6410,32.0000,-0.6380,-0.6240,-36.0000,0.7280,0.7280,37.0000
1785852457.8092,-0.7280,-0.7170,-35.0000,0.6380,0.6410,32.0000,-0.6380,-0.6470,-35.0000,0.7280,0.7420,37.0000
1785852457.8592,-0.7280,-0.7290,-35.0000,0.6380,0.6310,32.0000,-0.6380,-0.6390,-35.0000,0.7280,0.7190,38.0000
1785852457.9092,-0.7280,-0.7240,-35.0000,0.6380,0.6320,32.0000,-0.6380,-0.6420,-35.0000,0.7280,0.7300,37.0000
1785852457.9592,-0.7280,-0.7380,-34.0000,0.6380,0.6420,32.0000,-0.6380,-0.6320,-35.0000,0.7280,0.7190,38.0000
1785852458.0092,-0.7280,-0.7140,-36.0000,0.6380,0.6470,31.0000,-0.6380,-0.6290,-36.0000,0.7280,0.7470,36.0000
1785852458.0592,-0.7280,-0.7330,-35.0000,0.6380,0.6380,32.0000,-0.6380,-0.6450,-35.0000,0.7280,0.7170,38.0000
1785852458.1092,-0.7280,-0.7250,-35.0000,0.6380,0.6360,32.0000,-0.6380,-0.6360,-35.0000,0.7280,0.7330,37.0000
1785852458.1592,-0.7280,-0.7350,-34.0000,0.6380,0.6380,32.0000,-0.6380,-0.6410,-35.0000,0.7280,0.7250,37.0000
1785852458.2092,-0.7280,-0.7280,-35.0000,0.6380,0.6480,31.0000,-0.6380,-0.6200,-36.0000,0.7280,0.7370,37.0000
1785852458.2592,-0.7280,-0.7280,-35.0000,0.6380,0.6370,32.0000,-0.6380,-0.6520,-34.0000,0.7280,0.7200,38.0000
1785852458.3099,-0.7280,-0.7400,-34.0000,0.6380,0.6350,32.0000,-0.6380,-0.6320,-35.0000,0.7280,0.7230,38.0000
1785852458.3592,-0.7280,-0.7200,-35.0000,0.6380,0.6400,32.0000,-0.5180,-0.6500,-24.0000,0.6080,0.7370,27.0000
1785852458.4092,-0.1280,-0.4570,7.0000,0.0380,0.3270,-12.0000,-0.0380,-0.3430,17.0000,0.0080,0.3980,0.0000
1785852458.4590,0.0000,-0.0370,0.0000,0.0000,0.0150,0.0000,0.0000,-0.0190,0.0000,0.0000,0.0300,0.0000
1785852458.5090,0.0000,-0.0030,0.0000,0.0000,0.0010,0.0000,0.0000,-0.0030,0.0000,0.0000,0.0020,0.0000
1785852458.5591,0.0000,-0.0000,0.0000,0.0000,0.0000,0.0000,0.0000,-0.0000,0.0000,0.0000,0.0000,0.0000
1785852458.6091,0.0000,-0.0000,0.0000,0.0000,0.0000,0.0000,0.0000,-0.0000,0.0000,0.0000,0.0000,0.0000
1785852458.6591,0.0000,-0.0000,0.0000,0.0000,0.0000,0.0000,0.0000,-0.0000,0.0000,0.0000,0.0000,0.0000
1785852458.7090,0.0000,-0.0000,0.0000,0.0000,0.0000,0.0000,0.0000,-0.0000,0.0000,0.0000,0.0000,0.0000
1785852458.7590,0.0000,-0.0000,0.0000,0.0000,0.0000,0.0000,0.0000,-0.0000,0.0000,0.0000,0.0000,0.0000
1785852458.8090,0.0000,-0.0000,0.0000,0.0000,0.0000,0.0000,0.0000,-0.0000,0.0000,0.0000,0.0000,0.0000
1785852458.8591,0.0000,-0.0000,0.0000,0.0000,0.0000,0.0000,0.0000,-0.0000,0.0000,0.0000,0.0000,0.0000
1785852458.9091,0.0000,-0.0000,0.0000,0.0000,0.0000,0.0000,0.0000,-0.0000,0.0000,0.0000,0.0000,0.0000
1785852458.9590,0.0000,-0.0000,0.0000,0.0000,0.0000,0.0000,0.0000,-0.0000,0.0000,0.0000,0.0000,0.0000
1785852459.0090,0.0000,-0.0000,0.0000,0.0000,0.0000,0.0000,0.0000,-0.0000,0.0000,0.0000,0.0000,0.0000
1785852459.0591,0.0000,-0.0000,0.0000,0.0000,0.0000,0.0000,0.0000,-0.0000,0.0000,0.0000,0.0000,0.0000
1785852459.1591,0.0000,-0.0000,0.0000,0.0000,0.0000,0.0000,0.0000,-0.0000,0.0000,0.0000,0.0000,0.0000
1785852459.2091,0.0000,-0.0000,0.0000,0.0000,0.0000,0.0000,0.0000,-0.0000,0.0000,0.0000,0.0000,0.0000
1785852459.2590,0.0000,-0.0000,0.0000,0.0000,0.0000,0.0000,0.0000,-0.0000,0.0000,0.0000,0.0000,0.0000
1785852459.3091,0.0000,-0.0000,0.0000,0.0000,0.0000,0.0000,0.0000,-0.0000,0.0000,0.0000,0.0000,0.0000
1785852459.3591,0.0000,-0.0000,0.0000,0.0000,0.0000,0.0000,0.0000,-0.0000,0.0000,0.0000,0.0000,0.0000
1785852459.4091,0.0000,-0.0000,0.0000,0.0000,0.0000,0.0000,0.0000,-0.0000,0.0000,0.0000,0.0000,0.0000
1785852459.4590,0.0000,-0.0000,0.0000,0.0000,0.0000,0.0000,0.0000,-0.0000,0.0000,0.0000,0.0000,0.0000
1785852459.5091,0.0000,-0.0000,0.0000,0.0000,0.0000,0.0000,-0.1200,-0.0000,-14.0000,-0.1200,0.0000,-14.0000
1785852459.5592,-0.1970,-0.2060,-14.0000,-0.1970,-0.2390,-12.0000,-0.0770,-0.1470,-2.0000,-0.0770,-0.2520,5.0000
1785852459.6092,0.0000,-0.0480,0.0000,0.0000,-0.0450,0.0000,0.1200,-0.0280,15.0000,0.1200,-0.0270,15.0000
1785852459.6591,0.2620,0.3020,14.0000,0.2620,0.3080,14.0000,0.2620,0.2780,19.0000,0.2620,0.2620,17.0000
1785852459.7101,0.6690,0.4840,41.0000,0.6690,0.4830,42.0000,0.6690,0.5220,41.0000,0.6690,0.5060,42.0000
1785852459.7592,1.1490,0.9020,63.0000,0.9450,0.8770,48.0000,0.9450,0.9290,47.0000,1.1550,0.9670,63.0000
1785852459.8092,1.4700,1.4090,67.0000,1.1550,1.1390,55.0000,1.1550,1.1560,56.0000,1.4700,1.4570,69.0000
1785852459.8592,1.4700,1.5180,65.0000,1.1550,1.1950,54.0000,1.1550,1.1920,56.0000,1.4700,1.5340,68.0000
1785852459.9092,1.4440,1.5110,64.0000,1.1810,1.2210,55.0000,1.1810,1.2200,57.0000,1.4440,1.5020,68.0000
1785852459.9592,1.4440,1.4970,64.0000,1.1810,1.2320,54.0000,1.1810,1.2130,57.0000,1.4440,1.5100,67.0000
1785852460.0092,1.4440,1.4950,63.0000,1.1810,1.2140,55.0000,1.1810,1.2270,56.0000,1.4440,1.4850,67.0000
1785852460.0592,1.4440,1.4880,63.0000,1.1810,1.2180,54.0000,1.1810,1.2040,57.0000,1.4440,1.4940,66.0000
1785852460.1092,1.4440,1.4830,63.0000,1.1810,1.2040,55.0000,1.1810,1.2270,55.0000,1.4440,1.4660,67.0000
1785852460.1592,1.4440,1.4830,62.0000,1.1810,1.2060,54.0000,1.1810,1.1960,57.0000,1.4440,1.4830,66.0000
1785852460.2092,1.4440,1.4650,63.0000,1.1810,1.1970,54.0000,1.1810,1.2130,55.0000,1.4440,1.4760,66.0000
1785852460.2592,1.4440,1.4700,62.0000,1.1810,1.2070,54.0000,1.1810,1.1910,56.0000,1.4440,1.4970,64.0000
1785852460.3092,1.4440,1.4620,62.0000,1.1810,1.2000,54.0000,1.1810,1.2010,55.0000,1.4440,1.4720,65.0000
1785852460.3592,1.4440,1.4650,62.0000,1.1810,1.1950,54.0000,1.1810,1.1920,56.0000,1.4440,1.4860,64.0000
1785852460.4092,1.4440,1.4550,62.0000,1.1810,1.1950,54.0000,1.1810,1.1870,56.0000,1.4440,1.4780,64.0000
1785852460.4592,1.4440,1.4580,62.0000,1.1810,1.1850,54.0000,1.1810,1.2010,55.0000,1.4440,1.4650,64.0000
1785852460.5092,1.4440,1.4560,62.0000,1.1810,1.1900,54.0000,1.1810,1.1810,56.0000,1.4440,1.4770,63.0000
1785852460.5592,1.4440,1.4500,62.0000,1.1810,1.1800,54.0000,1.1810,1.2070,54.0000,1.4440,1.4280,66.0000
1785852460.6092,1.4440,1.4530,62.0000,1.1810,1.1920,53.0000,1.1810,1.1770,56.0000,1.4440,1.4290,65.0000
1785852460.6592,1.4440,1.4450,62.0000,1.1810,1.1830,54.0000,1.1810,1.2010,54.0000,1.4440,1.4240,66.0000
1785852460.7092,1.4440,1.4590,61.0000,1.1810,1.1890,53.0000,1.1810,1.1800,56.0000,1.4440,1.4500,64.0000
1785852460.7592,1.4440,1.4460,62.0000,1.1810,1.1850,53.0000,1.1810,1.1940,55.0000,1.4440,1.4240,66.0000
1785852460.8098,1.4440,1.4520,61.0000,1.1810,1.1830,54.0000,1.1810,1.1830,55.0000,1.4440,1.4560,64.0000
1785852460.8592,1.4440,1.4410,62.0000,1.1810,1.1880,53.0000,1.1810,1.1790,55.0000,1.4440,1.4330,66.0000
1785852460.9092,1.4440,1.4540,61.0000,1.1810,1.1800,54.0000,1.1810,1.1900,54.0000,1.4440,1.4540,65.0000
1785852460.9592,1.4440,1.4360,62.0000,1.1810,1.1830,53.0000,1.1810,1.1790,55.0000,1.4440,1.4330,66.0000
1785852461.0092,1.4440,1.4520,61.0000,1.1810,1.1770,54.0000,1.1810,1.2000,54.0000,1.4440,1.4500,65.0000
1785852461.0592,1.4440,1.4480,61.0000,1.1810,1.1860,53.0000,1.1810,1.1720,56.0000,1.4440,1.4330,66.0000
1785852461.1092,1.4440,1.4470,61.0000,1.1810,1.1810,54.0000,1.1810,1.1960,54.0000,1.4440,1.4430,65.0000
1785852461.1592,1.4440,1.4480,61.0000,1.1810,1.1870,53.0000,1.1810,1.1780,55.0000,1.4440,1.4380,66.0000
1785852461.2092,1.4440,1.4520,61.0000,1.1810,1.1820,53.0000,1.1810,1.1830,55.0000,1.4440,1.4420,65.0000
1785852461.2592,1.4440,1.4460,61.0000,1.1810,1.1800,54.0000,1.1810,1.1840,55.0000,1.4440,1.4390,66.0000
1785852461.3092,1.4440,1.4380,62.0000,1.1810,1.1840,53.0000,1.1810,1.1740,55.0000,1.4440,1.4320,66.0000
1785852461.3592,1.4440,1.4470,61.0000,1.1810,1.1780,54.0000,1.1810,1.1970,54.0000,1.4440,1.4450,65.0000
1785852461.4092,1.4440,1.4380,62.0000,1.1810,1.1800,54.0000,1.1810,1.1710,56.0000,1.4440,1.4310,66.0000
1785852461.4592,1.4300,1.4480,60.0000,1.1940,1.1820,55.0000,1.1940,1.1940,55.0000,1.4300,1.4510,64.0000
1785852461.5092,1.4300,1.4280,61.0000,1.1940,1.1940,54.0000,1.1940,1.1860,56.0000,1.4300,1.4100,66.0000
1785852461.5592,1.4170,1.4350,59.0000,1.2070,1.2040,55.0000,1.2070,1.2080,56.0000,1.4170,1.4330,64.0000
1785852461.6093,1.3120,1.3900,53.0000,1.3120,1.2260,63.0000,1.3120,1.2550,63.0000,1.3120,1.3670,58.0000
1785852461.6592,1.3120,1.3120,56.0000,1.3120,1.3240,58.0000,1.3120,1.3260,60.0000,1.3120,1.3170,60.0000
1785852461.7092,1.3120,1.2970,57.0000,1.3120,1.3100,59.0000,1.3120,1.3120,61.0000,1.3120,1.2940,61.0000
1785852461.7592,1.3120,1.3140,56.0000,1.3120,1.3260,58.0000,1.3120,1.3200,60.0000,1.3120,1.3190,59.0000
1785852461.8093,1.3120,1.3080,56.0000,1.3120,1.3080,59.0000,1.3120,1.3190,60.0000,1.3120,1.2900,61.0000
1785852461.8592,1.3120,1.3190,55.0000,1.3120,1.3260,58.0000,1.3120,1.3140,60.0000,1.3120,1.3170,60.0000
1785852461.9092,1.3120,1.3030,56.0000,1.3120,1.3070,59.0000,1.3120,1.3180,60.0000,1.3120,1.2910,61.0000
1785852461.9592,1.3120,1.3150,56.0000,1.3120,1.3200,58.0000,1.3120,1.3100,60.0000,1.3120,1.3130,60.0000
1785852462.0092,1.3120,1.3110,56.0000,1.3120,1.3080,59.0000,1.3120,1.3170,60.0000,1.3120,1.2970,61.0000
1785852462.0592,1.3120,1.3160,56.0000,1.3120,1.3220,58.0000,1.3120,1.3120,61.0000,1.3120,1.3150,60.0000
1785852462.1093,1.3120,1.3110,56.0000,1.3120,1.3100,59.0000,1.3120,1.3190,60.0000,1.3120,1.3040,61.0000
1785852462.1592,1.3120,1.3210,55.0000,1.3120,1.3200,58.0000,1.3120,1.3090,60.0000,1.3120,1.3220,60.0000
1785852462.2092,1.3120,1.3050,56.0000,1.3120,1.3060,59.0000,1.3120,1.3190,60.0000,1.3120,1.3000,61.0000
1785852462.2598,1.3120,1.3130,56.0000,1.3120,1.3220,58.0000,1.3120,1.3040,61.0000,1.3120,1.3110,60.0000
1785852462.3093,1.3120,1.3050,56.0000,1.3120,1.3060,59.0000,1.3120,1.3230,59.0000,1.3120,1.3010,61.0000
1785852462.3593,1.3120,1.3150,56.0000,1.3120,1.3190,58.0000,1.3120,1.3040,60.0000,1.3120,1.3110,61.0000
1785852462.4092,1.3120,1.3060,56.0000,1.3120,1.3060,59.0000,1.3120,1.3250,59.0000,1.3120,1.3070,61.0000
1785852462.4592,1.3120,1.3180,56.0000,1.3120,1.3190,58.0000,1.3120,1.3010,61.0000,1.3120,1.3140,60.0000
1785852462.5092,1.3120,1.3100,56.0000,1.3120,1.3050,59.0000,1.3120,1.3330,59.0000,1.3120,1.3090,61.0000
1785852462.5593,1.3120,1.3140,56.0000,1.3120,1.3200,58.0000,1.3120,1.2990,61.0000,1.3120,1.3030,61.0000
1785852462.6093,1.3120,1.3120,56.0000,1.3120,1.3040,59.0000,1.3120,1.3280,59.0000,1.3120,1.3150,60.0000
1785852462.6592,1.3120,1.3120,56.0000,1.3120,1.3190,58.0000,1.3120,1.3010,60.0000,1.3120,1.3100,61.0000
1785852462.7092,1.3120,1.3080,56.0000,1.3120,1.3050,59.0000,1.3120,1.3250,59.0000,1.3120,1.3280,60.0000
1785852462.7592,1.3120,1.3080,56.0000,1.3120,1.3180,58.0000,1.3120,1.3020,60.0000,1.3120,1.3190,60.0000
1785852462.8094,1.3120,1.3080,56.0000,1.3120,1.3090,59.0000,1.3120,1.3260,59.0000,1.3120,1.3270,60.0000
1785852462.8593,1.3120,1.3110,56.0000,1.3120,1.3190,58.0000,1.3120,1.3020,60.0000,1.3120,1.3150,60.0000
1785852462.9093,1.3120,1.3120,56.0000,1.3120,1.3080,59.0000,1.3120,1.3270,59.0000,1.3120,1.3180,60.0000
1785852462.9592,1.3120,1.3130,56.0000,1.3120,1.3140,58.0000,1.3120,1.2970,61.0000,1.3120,1.3060,61.0000
1785852463.0093,1.3120,1.3200,56.0000,1.3120,1.3110,59.0000,1.3120,1.3310,59.0000,1.3120,1.3240,60.0000
1785852463.0593,1.3120,1.3070,56.0000,1.3120,1.3170,58.0000,1.3120,1.3020,60.0000,1.3120,1.2990,61.0000
1785852463.1093,1.3120,1.3170,56.0000,1.3120,1.3110,59.0000,1.3120,1.3300,59.0000,1.3120,1.3270,59.0000
1785852463.1592,1.3120,1.3000,57.0000,1.3120,1.3160,58.0000,1.3120,1.2980,60.0000,1.3120,1.3070,61.0000
1785852463.2093,1.3120,1.3190,56.0000,1.3120,1.3090,59.0000,1.3120,1.3230,59.0000,1.3120,1.3360,59.0000
1785852463.2592,1.3120,1.2990,57.0000,1.3120,1.3140,58.0000,1.3120,1.3060,60.0000,1.3120,1.3050,61.0000
1785852463.3093,1.3120,1.3220,56.0000,1.3120,1.3140,58.0000,1.3120,1.3210,59.0000,1.3120,1.3320,59.0000
1785852463.3593,1.3120,1.3020,57.0000,1.3120,1.3130,58.0000,1.3120,1.3030,60.0000,1.3120,1.3060,60.0000
1785852463.4092,1.3120,1.3190,56.0000,1.3120,1.3130,59.0000,1.3120,1.3220,59.0000,1.3120,1.3310,59.0000
1785852463.4592,1.3120,1.2980,57.0000,1.3120,1.3120,59.0000,1.3120,1.3080,60.0000,1.3120,1.3030,60.0000
1785852463.5092,1.3120,1.3210,56.0000,1.3120,1.3100,59.0000,1.3120,1.3180,60.0000,1.3120,1.3280,59.0000
1785852463.5599,1.3120,1.3080,56.0000,1.3120,1.3130,58.0000,1.3120,1.3070,60.0000,1.3120,1.3000,61.0000
1785852463.6092,1.3120,1.3220,56.0000,1.3120,1.3140,58.0000,1.3120,1.3130,60.0000,1.3120,1.3250,59.0000
1785852463.6593,1.3120,1.3090,56.0000,1.3120,1.3060,59.0000,1.3120,1.3110,60.0000,1.3120,1.2940,61.0000
1785852463.7092,1.3120,1.3190,56.0000,1.3120,1.3160,58.0000,1.3120,1.3140,59.0000,1.3120,1.3210,59.0000
1785852463.7592,1.3120,1.3060,56.0000,1.3120,1.3120,59.0000,1.3120,1.3140,59.0000,1.3120,1.2960,61.0000
1785852463.8093,1.3120,1.3160,56.0000,1.3120,1.3160,58.0000,1.3120,1.3070,60.0000,1.3120,1.3170,60.0000
1785852463.8593,1.3120,1.3110,56.0000,1.3120,1.3080,59.0000,1.3120,1.3140,59.0000,1.3120,1.3020,61.0000
1785852463.9093,1.3120,1.3140,56.0000,1.3120,1.3160,58.0000,1.3120,1.3100,60.0000,1.3120,1.3220,59.0000
1785852463.9592,1.3120,1.3060,56.0000,1.3120,1.3080,59.0000,1.3120,1.3140,59.0000,1.3120,1.3050,60.0000
1785852464.0093,1.3120,1.3160,56.0000,1.3120,1.3170,58.0000,1.3120,1.3070,60.0000,1.3120,1.3240,59.0000
1785852464.0593,1.3120,1.3170,56.0000,1.3120,1.3100,59.0000,1.3120,1.3160,59.0000,1.3120,1.3030,60.0000
1785852464.1093,1.3120,1.3230,55.0000,1.3120,1.3150,58.0000,1.3120,1.3040,60.0000,1.3120,1.3100,60.0000
1785852464.1593,1.3120,1.3110,56.0000,1.3120,1.3100,59.0000,1.3120,1.3230,59.0000,1.3120,1.3040,60.0000
1785852464.2093,1.2200,1.3000,49.0000,1.4040,1.3290,66.0000,1.4040,1.3480,66.0000,1.2200,1.2810,53.0000
1785852464.2593,1.2070,1.2110,52.0000,1.4170,1.4090,63.0000,1.4170,1.4280,63.0000,1.2070,1.2040,56.0000
1785852464.3093,1.2070,1.2050,52.0000,1.4170,1.4260,62.0000,1.4170,1.4140,64.0000,1.2070,1.1990,56.0000
1785852464.3593,1.2070,1.2010,52.0000,1.4170,1.4140,63.0000,1.4170,1.4270,63.0000,1.2070,1.2170,55.0000
1785852464.4093,1.2070,1.1990,52.0000,1.4170,1.4280,62.0000,1.4170,1.4190,64.0000,1.2070,1.1930,56.0000
1785852464.4593,1.2070,1.2050,52.0000,1.4170,1.4150,63.0000,1.4170,1.4230,64.0000,1.2070,1.2160,55.0000
1785852464.5093,1.2070,1.1990,52.0000,1.4170,1.4270,62.0000,1.4170,1.4190,64.0000,1.2070,1.1900,56.0000
1785852464.5593,1.2070,1.2080,52.0000,1.4170,1.4120,63.0000,1.4170,1.4160,63.0000,1.2070,1.2050,56.0000
1785852464.6093,1.2070,1.2030,52.0000,1.4170,1.4250,62.0000,1.4170,1.4230,63.0000,1.2070,1.1900,57.0000
1785852464.6593,1.2070,1.2090,52.0000,1.4170,1.4120,63.0000,1.4170,1.4100,64.0000,1.2070,1.2040,56.0000
1785852464.7094,1.2070,1.2040,52.0000,1.4170,1.4230,63.0000,1.4170,1.4310,63.0000,1.2070,1.2090,56.0000
1785852464.7593,1.0870,1.2090,41.0000,1.2970,1.4190,52.0000,1.1770,1.3940,44.0000,0.9670,1.1970,36.0000
1785852464.8093,0.4870,0.7640,13.0000,0.6970,1.0150,20.0000,0.6970,0.9540,18.0000,0.3670,0.7680,4.0000
1785852464.8592,0.0000,0.1540,0.0000,0.0970,0.3700,-8.0000,0.0970,0.3100,-12.0000,0.0000,0.1260,0.0000
1785852465.0592,0.0000,0.0110,0.0000,0.0000,0.0270,0.0000,0.0000,0.0140,0.0000,0.0000,0.0090,0.0000
1785852465.0598,0.0000,0.0010,0.0000,0.0000,0.0020,0.0000,0.0000,0.0020,0.0000,0.0000,0.0010,0.0000
1785852465.0605,0.0000,0.0000,0.0000,0.0000,0.0000,0.0000,0.0000,0.0000,0.0000,0.0000,0.0000,0.0000
1785852465.0613,0.0000,0.0000,0.0000,0.0000,0.0000,0.0000,0.0000,0.0000,0.0000,0.0000,0.0000,0.0000
1785852465.2592,0.0000,0.0000,0.0000,0.0000,0.0000,0.0000,0.0000,0.0000,0.0000,0.0000,0.0000,0.0000
1785852465.2599,0.0000,0.0000,0.0000,0.0000,0.0000,0.0000,0.0000,0.0000,0.0000,0.0000,0.0000,0.0000
1785852465.2606,0.0000,0.0000,0.0000,0.0000,0.0000,0.0000,0.0000,0.0000,0.0000,0.0000,0.0000,0.0000
1785852465.2615,-0.1710,-0.0770,-17.0000,-0.1710,-0.0740,-17.0000,-0.1710,-0.0910,-17.0000,-0.1710,-0.1390,-14.0000
1785852465.3095,-0.3150,-0.2710,-22.0000,-0.3150,-0.2690,-22.0000,-0.3150,-0.2320,-25.0000,-0.3150,-0.3130,-20.0000
1785852465.3594,-0.6040,-0.4250,-39.0000,-0.6040,-0.4330,-40.0000,-0.6040,-0.4980,-38.0000,-0.6040,-0.5090,-36.0000
1785852465.4095,-0.8440,-0.6650,-49.0000,-0.8440,-0.6650,-50.0000,-0.9190,-0.6630,-59.0000,-0.9190,-0.7240,-53.0000
1785852465.4594,-1.1590,-0.9870,-61.0000,-1.1590,-1.0150,-61.0000,-1.2070,-1.0280,-67.0000,-1.2070,-1.0590,-63.0000
1785852465.5095,-1.3270,-1.2640,-63.0000,-1.1940,-1.2550,-54.0000,-1.1940,-1.2560,-57.0000,-1.4300,-1.2860,-72.0000
1785852465.5595,-1.4170,-1.4880,-61.0000,-1.2070,-1.2390,-57.0000,-1.2070,-1.2360,-60.0000,-1.4170,-1.5000,-62.0000
1785852465.6095,-1.3120,-1.4460,-56.0000,-1.3120,-1.2470,-65.0000,-1.3120,-1.2750,-67.0000,-1.3120,-1.4480,-56.0000
1785852465.6595,-1.3120,-1.3420,-60.0000,-1.3120,-1.3690,-59.0000,-1.3120,-1.3540,-63.0000,-1.3120,-1.3690,-59.0000
1785852465.7095,-1.3120,-1.3480,-59.0000,-1.3120,-1.3430,-60.0000,-1.3120,-1.3570,-62.0000,-1.3120,-1.3460,-59.0000
1785852465.7595,-1.3120,-1.3400,-59.0000,-1.3120,-1.3490,-59.0000,-1.3120,-1.3400,-63.0000,-1.3120,-1.3590,-58.0000
1785852465.8096,-1.3120,-1.3390,-59.0000,-1.3120,-1.3410,-59.0000,-1.3120,-1.3550,-62.0000,-1.3120,-1.3350,-59.0000
1785852465.8595,-1.3120,-1.3320,-59.0000,-1.3120,-1.3350,-59.0000,-1.3120,-1.3320,-63.0000,-1.3120,-1.3440,-58.0000
1785852465.9096,-1.3120,-1.3260,-59.0000,-1.3120,-1.3330,-59.0000,-1.3120,-1.3440,-62.0000,-1.3120,-1.3290,-58.0000
1785852465.9595,-1.3120,-1.3290,-58.0000,-1.3120,-1.3230,-59.0000,-1.3120,-1.3290,-62.0000,-1.3120,-1.3430,-57.0000
1785852466.0095,-1.3120,-1.3210,-58.0000,-1.3120,-1.3260,-59.0000,-1.3120,-1.3390,-61.0000,-1.3120,-1.3230,-58.0000
1785852466.0595,-1.3120,-1.3230,-58.0000,-1.3120,-1.3210,-59.0000,-1.3120,-1.3170,-62.0000,-1.3120,-1.3310,-57.0000
1785852466.1095,-1.3120,-1.3170,-58.0000,-1.3120,-1.3200,-59.0000,-1.3120,-1.3300,-61.0000,-1.3120,-1.3240,-58.0000
1785852466.1595,-1.3120,-1.3160,-58.0000,-1.3120,-1.3250,-58.0000,-1.3120,-1.3090,-62.0000,-1.3120,-1.3340,-57.0000
1785852466.2096,-1.3120,-1.3150,-58.0000,-1.3120,-1.3180,-59.0000,-1.3120,-1.3310,-61.0000,-1.3120,-1.3240,-57.0000
1785852466.2595,-1.3120,-1.3190,-58.0000,-1.3120,-1.3220,-58.0000,-1.3120,-1.3080,-62.0000,-1.3120,-1.3280,-57.0000
1785852466.3096,-1.3120,-1.3190,-58.0000,-1.3120,-1.3200,-58.0000,-1.3120,-1.3290,-61.0000,-1.3120,-1.3130,-58.0000
1785852466.3596,-1.3120,-1.3250,-58.0000,-1.3120,-1.3190,-58.0000,-1.3120,-1.3000,-62.0000,-1.3120,-1.3220,-57.0000
1785852466.4096,-1.3120,-1.3180,-58.0000,-1.3120,-1.3140,-59.0000,-1.3120,-1.3280,-61.0000,-1.3120,-1.3140,-57.0000
1785852466.4595,-1.3120,-1.3230,-57.0000,-1.3120,-1.3150,-58.0000,-1.3120,-1.3020,-62.0000,-1.3120,-1.3200,-57.0000
1785852466.5095,-1.3120,-1.3150,-58.0000,-1.3120,-1.3190,-58.0000,-1.3120,-1.3280,-60.0000,-1.3120,-1.3140,-57.0000
1785852466.5596,-1.3120,-1.3250,-57.0000,-1.3120,-1.3150,-58.0000,-1.3120,-1.2950,-62.0000,-1.3120,-1.3110,-57.0000
1785852466.6095,-1.3120,-1.3220,-57.0000,-1.3120,-1.3190,-58.0000,-1.3120,-1.3280,-60.0000,-1.3120,-1.3210,-57.0000
1785852466.6596,-1.3120,-1.3250,-57.0000,-1.3120,-1.3100,-59.0000,-1.3120,-1.3020,-62.0000,-1.3120,-1.3050,-57.0000
1785852466.7095,-1.3120,-1.3200,-57.0000,-1.3120,-1.3250,-58.0000,-1.3120,-1.3270,-60.0000,-1.3120,-1.3100,-57.0000
1785852466.7595,-1.3120,-1.3210,-57.0000,-1.3120,-1.3090,-58.0000,-1.3120,-1.3000,-62.0000,-1.3120,-1.3090,-57.0000
1785852466.8095,-1.3120,-1.3160,-57.0000,-1.3120,-1.3230,-58.0000,-1.3120,-1.3230,-60.0000,-1.3120,-1.3140,-57.0000
1785852466.8596,-1.3120,-1.3230,-57.0000,-1.3120,-1.3100,-58.0000,-1.3120,-1.3050,-61.0000,-1.3120,-1.3010,-58.0000
1785852466.9096,-1.3120,-1.3170,-57.0000,-1.3120,-1.3220,-58.0000,-1.3120,-1.3260,-60.0000,-1.3120,-1.3250,-56.0000
1785852466.9595,-1.3120,-1.3190,-57.0000,-1.3120,-1.3080,-58.0000,-1.3120,-1.3010,-62.0000,-1.3120,-1.3010,-58.0000
1785852467.0096,-1.3120,-1.3140,-57.0000,-1.3120,-1.3210,-58.0000,-1.3120,-1.3270,-60.0000,-1.3120,-1.3200,-57.0000
1785852467.0596,-1.3120,-1.3190,-57.0000,-1.3120,-1.3030,-59.0000,-1.3120,-1.3020,-61.0000,-1.3120,-1.2990,-58.0000
1785852467.1095,-1.3120,-1.3110,-58.0000,-1.3120,-1.3110,-58.0000,-1.3120,-1.3280,-60.0000,-1.3120,-1.3310,-56.0000
1785852467.1595,-1.3120,-1.3160,-57.0000,-1.3120,-1.3070,-58.0000,-1.3120,-1.3020,-61.0000,-1.3120,-1.3000,-58.0000
1785852467.2096,-1.3120,-1.3090,-58.0000,-1.3120,-1.3130,-58.0000,-1.3120,-1.3260,-60.0000,-1.3120,-1.3230,-56.0000
1785852467.2595,-1.3120,-1.3100,-58.0000,-1.3120,-1.3100,-58.0000,-1.3120,-1.3060,-61.0000,-1.3120,-1.2990,-58.0000
1785852467.3095,-1.3120,-1.3060,-58.0000,-1.3120,-1.3190,-58.0000,-1.3120,-1.3240,-60.0000,-1.3120,-1.3260,-56.0000
1785852467.3596,-1.3120,-1.3060,-58.0000,-1.3120,-1.3070,-59.0000,-1.3120,-1.3080,-61.0000,-1.3120,-1.2940,-58.0000
1785852467.4096,-1.3120,-1.3020,-58.0000,-1.3120,-1.3150,-58.0000,-1.3120,-1.3240,-60.0000,-1.3120,-1.3260,-56.0000
1785852467.4600,-1.3120,-1.3150,-57.0000,-1.3120,-1.3040,-59.0000,-1.3120,-1.3100,-60.0000,-1.3120,-1.3010,-58.0000
1785852467.5096,-1.3120,-1.3090,-58.0000,-1.3120,-1.3130,-58.0000,-1.3120,-1.3210,-60.0000,-1.3120,-1.3280,-56.0000
1785852467.5596,-1.3120,-1.3100,-58.0000,-1.3120,-1.3080,-59.0000,-1.3120,-1.3100,-61.0000,-1.3120,-1.2980,-58.0000
1785852467.6096,-1.3120,-1.3070,-58.0000,-1.3120,-1.3150,-58.0000,-1.3120,-1.3170,-61.0000,-1.3120,-1.3280,-56.0000
1785852467.6596,-1.3120,-1.3070,-58.0000,-1.3120,-1.3120,-58.0000,-1.3120,-1.3150,-61.0000,-1.3120,-1.3030,-57.0000
1785852467.7096,-1.3120,-1.3060,-58.0000,-1.3120,-1.3110,-58.0000,-1.3120,-1.3130,-61.0000,-1.3120,-1.3280,-56.0000
1785852467.7595,-1.3120,-1.3070,-58.0000,-1.3120,-1.3090,-58.0000,-1.3120,-1.3200,-60.0000,-1.3120,-1.3020,-57.0000
1785852467.8096,-1.3120,-1.3030,-58.0000,-1.3120,-1.3100,-58.0000,-1.3120,-1.3100,-61.0000,-1.3120,-1.3260,-56.0000
1785852467.8596,-1.3120,-1.3090,-58.0000,-1.3120,-1.3060,-59.0000,-1.3120,-1.3210,-60.0000,-1.3120,-1.3010,-58.0000
1785852467.9097,-1.3120,-1.3080,-58.0000,-1.3120,-1.3090,-58.0000,-1.3120,-1.3050,-61.0000,-1.3120,-1.3200,-56.0000
1785852467.9595,-1.3120,-1.3130,-58.0000,-1.3120,-1.3130,-58.0000,-1.3120,-1.3170,-61.0000,-1.3120,-1.3060,-57.0000
1785852468.0096,-1.3120,-1.3080,-58.0000,-1.3120,-1.3130,-58.0000,-1.3120,-1.3040,-61.0000,-1.3120,-1.3200,-56.0000
1785852468.0595,-1.3120,-1.3150,-57.0000,-1.3120,-1.3110,-58.0000,-1.3120,-1.3160,-61.0000,-1.3120,-1.3030,-57.0000
1785852468.1096,-1.3120,-1.3130,-57.0000,-1.3120,-1.3110,-58.0000,-1.3120,-1.3030,-61.0000,-1.3120,-1.3190,-57.0000
1785852468.1595,-1.3120,-1.3130,-57.0000,-1.3120,-1.3090,-58.0000,-1.3120,-1.3220,-60.0000,-1.3120,-1.3070,-57.0000
1785852468.2096,-1.3120,-1.3180,-57.0000,-1.3120,-1.3080,-59.0000,-1.3120,-1.2980,-62.0000,-1.3120,-1.3090,-57.0000
1785852468.2596,-1.3120,-1.3120,-57.0000,-1.3120,-1.3180,-58.0000,-1.3250,-1.3230,-61.0000,-1.3250,-1.3070,-58.0000
1785852468.3097,-1.3120,-1.3320,-56.0000,-1.3120,-1.3260,-58.0000,-1.3120,-1.3040,-61.0000,-1.3120,-1.3180,-57.0000
1785852468.3596,-1.3120,-1.3080,-58.0000,-1.3120,-1.3210,-58.0000,-1.3120,-1.3250,-60.0000,-1.3120,-1.3120,-57.0000
1785852468.4097,-1.3120,-1.3210,-57.0000,-1.3120,-1.3090,-58.0000,-1.3120,-1.2900,-62.0000,-1.3120,-1.3100,-57.0000
1785852468.4596,-1.3120,-1.3140,-57.0000,-1.3120,-1.3150,-58.0000,-1.3120,-1.3260,-60.0000,-1.3120,-1.3180,-57.0000
1785852468.5096,-1.3120,-1.3160,-57.0000,-1.3120,-1.3060,-59.0000,-1.3120,-1.2930,-62.0000,-1.3120,-1.3050,-57.0000
1785852468.5596,-1.3120,-1.3160,-57.0000,-1.3120,-1.3190,-58.0000,-1.3120,-1.3260,-60.0000,-1.3120,-1.3150,-57.0000
1785852468.6096,-1.3120,-1.3190,-57.0000,-1.3120,-1.3080,-58.0000,-1.3120,-1.2940,-62.0000,-1.3120,-1.3020,-58.0000
1785852468.6596,-1.3120,-1.3130,-57.0000,-1.3120,-1.3180,-58.0000,-1.3120,-1.3240,-60.0000,-1.3120,-1.3160,-57.0000
1785852468.7103,-1.3120,-1.3210,-57.0000,-1.3120,-1.3070,-58.0000,-1.3120,-1.3010,-61.0000,-1.3120,-1.2990,-58.0000
1785852468.7595,-1.3120,-1.3130,-57.0000,-1.3120,-1.3210,-58.0000,-1.3120,-1.3250,-60.0000,-1.3120,-1.3250,-56.0000
1785852468.8097,-1.3120,-1.3180,-57.0000,-1.3120,-1.3110,-58.0000,-1.3120,-1.2980,-62.0000,-1.3120,-1.3000,-58.0000
1785852468.8597,-1.3120,-1.3090,-58.0000,-1.3120,-1.3180,-58.0000,-1.3120,-1.3300,-60.0000,-1.3120,-1.3220,-56.0000
1785852468.9096,-1.3120,-1.3160,-57.0000,-1.3120,-1.3050,-59.0000,-1.3120,-1.3000,-61.0000,-1.3120,-1.3010,-58.0000
1785852468.9596,-1.3120,-1.3140,-57.0000,-1.3120,-1.3180,-58.0000,-1.3120,-1.3270,-60.0000,-1.3120,-1.3290,-56.0000
1785852469.0096,-1.3120,-1.3150,-57.0000,-1.3120,-1.3070,-58.0000,-1.3120,-1.3050,-61.0000,-1.3120,-1.3050,-57.0000
1785852469.0596,-1.3120,-1.3080,-58.0000,-1.3120,-1.3150,-58.0000,-1.3120,-1.3300,-60.0000,-1.3120,-1.3310,-56.0000
1785852469.1097,-1.3120,-1.3090,-58.0000,-1.3120,-1.3140,-58.0000,-1.3120,-1.3080,-61.0000,-1.3120,-1.3010,-57.0000
1785852469.1596,-1.3120,-1.3090,-58.0000,-1.3120,-1.3190,-58.0000,-1.3120,-1.3200,-60.0000,-1.3120,-1.3310,-56.0000
1785852469.2097,-1.3120,-1.3110,-57.0000,-1.3120,-1.3100,-58.0000,-1.3120,-1.3090,-61.0000,-1.3120,-1.3060,-57.0000
1785852469.2596,-1.3120,-1.3060,-58.0000,-1.3120,-1.3120,-58.0000,-1.3120,-1.3210,-60.0000,-1.3120,-1.3270,-56.0000
1785852469.3096,-1.3120,-1.3120,-57.0000,-1.3120,-1.3090,-58.0000,-1.3120,-1.3080,-61.0000,-1.3120,-1.3070,-57.0000
1785852469.3596,-1.3120,-1.3050,-58.0000,-1.3120,-1.3140,-58.0000,-1.3120,-1.3180,-60.0000,-1.3120,-1.3310,-55.0000
1785852469.4096,-1.3120,-1.3080,-58.0000,-1.3120,-1.3120,-58.0000,-1.3120,-1.3110,-61.0000,-1.3120,-1.3040,-57.0000
1785852469.4596,-1.3120,-1.3080,-58.0000,-1.3120,-1.3160,-58.0000,-1.3120,-1.3180,-60.0000,-1.3120,-1.3280,-56.0000
1785852469.5096,-1.3120,-1.3070,-58.0000,-1.3120,-1.3120,-58.0000,-1.3120,-1.3160,-60.0000,-1.3120,-1.3070,-57.0000
1785852469.5596,-1.3120,-1.3070,-58.0000,-1.3120,-1.3100,-58.0000,-1.3120,-1.3140,-60.0000,-1.3120,-1.3280,-55.0000
1785852469.6096,-1.3120,-1.3060,-58.0000,-1.3120,-1.3110,-58.0000,-1.3120,-1.3210,-60.0000,-1.3120,-1.2970,-57.0000
1785852469.6595,-1.3120,-1.3060,-58.0000,-1.3120,-1.3080,-58.0000,-1.3120,-1.3090,-61.0000,-1.3120,-1.3240,-56.0000
1785852469.7097,-1.3120,-1.3060,-58.0000,-1.3120,-1.3120,-58.0000,-1.3120,-1.3170,-60.0000,-1.3120,-1.3040,-57.0000
1785852469.7596,-1.3120,-1.3110,-58.0000,-1.3120,-1.3070,-58.0000,-1.3120,-1.3070,-61.0000,-1.3120,-1.3150,-56.0000
1785852469.8097,-1.3120,-1.3130,-57.0000,-1.3120,-1.3160,-58.0000,-1.3120,-1.3240,-60.0000,-1.3120,-1.3050,-57.0000
1785852469.8595,-1.3120,-1.3130,-57.0000,-1.3120,-1.3100,-58.0000,-1.3120,-1.3010,-61.0000,-1.3120,-1.3170,-56.0000
1785852469.9096,-1.3120,-1.3090,-58.0000,-1.3120,-1.3150,-58.0000,-1.3120,-1.3220,-60.0000,-1.3120,-1.3030,-57.0000
1785852469.9596,-1.3120,-1.3140,-57.0000,-1.3120,-1.3050,-58.0000,-1.3120,-1.3010,-61.0000,-1.3120,-1.3110,-57.0000
1785852470.0096,-1.3120,-1.3130,-57.0000,-1.3120,-1.3180,-58.0000,-1.3120,-1.3170,-60.0000,-1.3120,-1.3080,-57.0000
1785852470.0601,-1.3120,-1.3100,-58.0000,-1.3120,-1.3080,-58.0000,-1.3120,-1.2980,-61.0000,-1.3120,-1.3090,-57.0000
1785852470.1103,-1.3120,-1.3190,-57.0000,-1.3120,-1.3190,-58.0000,-1.3120,-1.3160,-60.0000,-1.3120,-1.3080,-57.0000
1785852470.1596,-1.3120,-1.3220,-57.0000,-1.3120,-1.3120,-58.0000,-1.3120,-1.2950,-62.0000,-1.3120,-1.3060,-57.0000
1785852470.2097,-1.3120,-1.3130,-57.0000,-1.3120,-1.3210,-57.0000,-1.3120,-1.3240,-60.0000,-1.3120,-1.3120,-57.0000
1785852470.2596,-1.3120,-1.3200,-57.0000,-1.3120,-1.3140,-58.0000,-1.3120,-1.2940,-62.0000,-1.3120,-1.3090,-57.0000
1785852470.3096,-1.3120,-1.3130,-57.0000,-1.3120,-1.3180,-57.0000,-1.1920,-1.3260,-49.0000,-1.1920,-1.3140,-46.0000
1785852470.3597,-0.7120,-1.0190,-21.0000,-0.7120,-1.0250,-20.0000,-0.7120,-1.0020,-18.0000,-0.5920,-0.8900,-16.0000
1785852470.4094,-0.1120,-0.4050,7.0000,-0.1120,-0.3640,5.0000,0.0000,-0.3510,0.0000,0.0000,-0.2670,0.0000
1785852470.4594,0.0000,-0.0320,0.0000,0.0000,-0.0270,0.0000,0.0000,-0.0330,0.0000,0.0000,-0.0210,0.0000
1785852470.5094,0.0000,-0.0030,0.0000,0.0000,-0.0020,0.0000,0.0000,-0.0030,0.0000,0.0000,-0.0020,0.0000
1785852470.5593,0.0000,-0.0000,0.0000,0.0000,-0.0000,0.0000,0.0000,-0.0000,0.0000,0.0000,-0.0000,0.0000
1785852470.6094,0.0000,-0.0000,0.0000,0.0000,-0.0000,0.0000,0.0000,-0.0000,0.0000,0.0000,-0.0000,0.0000
1785852470.6594,0.0000,-0.0000,0.0000,0.0000,-0.0000,0.0000,0.0000,-0.0000,0.0000,0.0000,-0.0000,0.0000
1785852470.7094,0.0000,-0.0000,0.0000,0.0000,-0.0000,0.0000,0.0000,-0.0000,0.0000,0.0000,-0.0000,0.0000
1785852470.7595,-0.0520,-0.0040,-4.0000,0.2360,0.0200,27.0000,0.2360,0.0730,25.0000,-0.0520,-0.0070,-4.0000
1785852470.8095,-0.1720,-0.0050,-22.0000,0.3560,0.3060,23.0000,0.4200,0.2820,31.0000,-0.2360,-0.0430,-27.0000
1785852470.8595,-0.2360,-0.3010,-14.0000,0.4200,0.4630,22.0000,0.5400,0.4370,35.0000,-0.3560,-0.3090,-24.0000
1785852470.9095,-0.5530,-0.4700,-33.0000,0.7630,0.6800,41.0000,0.8270,0.6910,48.0000,-0.6170,-0.5010,-38.0000
1785852470.9595,-0.7370,-0.6600,-40.0000,0.8400,0.8500,41.0000,0.8400,0.8550,43.0000,-0.8400,-0.6860,-49.0000
1785852471.0095,-0.9600,-0.9020,-48.0000,0.9600,0.8660,52.0000,0.9710,0.8780,54.0000,-0.9710,-0.9080,-50.0000
1785852471.0596,-1.0910,-1.0180,-55.0000,1.0910,1.0180,55.0000,1.1550,1.0380,62.0000,-1.2110,-1.0640,-64.0000
1785852471.1096,-1.3650,-1.4070,-59.0000,1.1550,1.1910,53.0000,1.1940,1.1990,58.0000,-1.4300,-1.4340,-65.0000
1785852471.1595,-1.4300,-1.4610,-64.0000,1.1940,1.2270,55.0000,1.2070,1.2330,58.0000,-1.4170,-1.5050,-61.0000
1785852471.2095,-1.4170,-1.4610,-63.0000,1.2070,1.2260,57.0000,1.2200,1.2510,58.0000,-1.4040,-1.4660,-63.0000
1785852471.2595,-1.4040,-1.4470,-63.0000,1.2200,1.2550,56.0000,1.2200,1.2460,58.0000,-1.4040,-1.4660,-62.0000
1785852471.3102,-1.3120,-1.3510,-59.0000,1.3120,1.3390,59.0000,1.3120,1.3500,60.0000,-1.3120,-1.3480,-59.0000
1785852471.3596,-1.3120,-1.3470,-58.0000,1.3120,1.3420,60.0000,1.3120,1.3320,61.0000,-1.3120,-1.3630,-57.0000
1785852471.4096,-1.3120,-1.3430,-58.0000,1.3120,1.3280,60.0000,1.3120,1.3470,60.0000,-1.3120,-1.3330,-58.0000
1785852471.4595,-1.3120,-1.3280,-58.0000,1.3120,1.3380,59.0000,1.3120,1.3290,61.0000,-1.3120,-1.3520,-57.0000
1785852471.5096,-1.3120,-1.3330,-58.0000,1.3120,1.3230,60.0000,1.3120,1.3490,60.0000,-1.3120,-1.3250,-58.0000
1785852471.5595,-1.3120,-1.3300,-58.0000,1.3120,1.3340,59.0000,1.3120,1.3220,61.0000,-1.3120,-1.3410,-56.0000
1785852471.6096,-1.3120,-1.3280,-58.0000,1.3120,1.3170,60.0000,1.3120,1.3440,59.0000,-1.3120,-1.3170,-58.0000
1785852471.6596,-1.3120,-1.3230,-58.0000,1.3120,1.3310,59.0000,1.3120,1.3170,61.0000,-1.3120,-1.3270,-57.0000
1785852471.7095,-1.3120,-1.3260,-57.0000,1.3120,1.3220,59.0000,1.3120,1.3370,59.0000,-1.3120,-1.3100,-58.0000
1785852471.7595,-1.3120,-1.3150,-58.0000,1.3120,1.3230,59.0000,1.3120,1.3100,61.0000,-1.3120,-1.3370,-56.0000
1785852471.8096,-1.3120,-1.3190,-58.0000,1.3120,1.3200,59.0000,1.3120,1.3380,59.0000,-1.3120,-1.3030,-58.0000
1785852471.8596,-1.3120,-1.3130,-58.0000,1.3120,1.3220,59.0000,1.3120,1.3070,61.0000,-1.3120,-1.3270,-56.0000
1785852471.9096,-1.3120,-1.3190,-58.0000,1.3120,1.3160,59.0000,1.3120,1.3330,59.0000,-1.3120,-1.3020,-58.0000
1785852471.9595,-1.3120,-1.3070,-58.0000,1.3120,1.3180,59.0000,1.3120,1.3050,61.0000,-1.3120,-1.3300,-56.0000
1785852472.0096,-1.3120,-1.3140,-58.0000,1.3120,1.3150,59.0000,1.3120,1.3300,59.0000,-1.3120,-1.2970,-58.0000
1785852472.0596,-1.3120,-1.3100,-58.0000,1.3120,1.3150,59.0000,1.3120,1.3010,61.0000,-1.3120,-1.3260,-56.0000
1785852472.1096,-1.3120,-1.3180,-57.0000,1.3120,1.3150,59.0000,1.3120,1.3310,59.0000,-1.3120,-1.3060,-57.0000
1785852472.1595,-1.3120,-1.3110,-58.0000,1.3120,1.3170,59.0000,1.3120,1.3040,60.0000,-1.3120,-1.3280,-56.0000
1785852472.2097,-1.3120,-1.3110,-58.0000,1.3120,1.3130,59.0000,1.3120,1.3290,59.0000,-1.3120,-1.3040,-57.0000
1785852472.2596,-1.3120,-1.3080,-58.0000,1.3120,1.3190,58.0000,1.3120,1.3020,60.0000,-1.3120,-1.3300,-56.0000
1785852472.3096,-1.3120,-1.3070,-58.0000,1.3120,1.3140,59.0000,1.3120,1.3320,59.0000,-1.3120,-1.3040,-57.0000
1785852472.3596,-1.3120,-1.3030,-58.0000,1.3120,1.3160,58.0000,1.3120,1.3060,60.0000,-1.3120,-1.3260,-56.0000
1785852472.4096,-1.3120,-1.3110,-58.0000,1.3120,1.3120,59.0000,1.3120,1.3220,59.0000,-1.3120,-1.3090,-57.0000
1785852472.4596,-1.3120,-1.3100,-58.0000,1.3120,1.3130,59.0000,1.3120,1.3070,60.0000,-1.3120,-1.3290,-56.0000
1785852472.5096,-1.3120,-1.3140,-58.0000,1.3120,1.3110,59.0000,1.3120,1.3230,59.0000,-1.3120,-1.3080,-57.0000
1785852472.5596,-1.3120,-1.3160,-57.0000,1.3120,1.3130,59.0000,1.3120,1.3070,60.0000,-1.3120,-1.3210,-56.0000
1785852472.6096,-1.3120,-1.3120,-58.0000,1.3120,1.3150,58.0000,1.3120,1.3240,59.0000,-1.3120,-1.3000,-57.0000
1785852472.6597,-1.3120,-1.3120,-58.0000,1.3120,1.3110,59.0000,1.3120,1.3080,60.0000,-1.3120,-1.3160,-56.0000
1785852472.7096,-1.3120,-1.3090,-58.0000,1.3120,1.3120,59.0000,1.3120,1.3230,59.0000,-1.3120,-1.2980,-57.0000
1785852472.7596,-1.3120,-1.3140,-57.0000,1.3120,1.3140,58.0000,1.3120,1.3070,60.0000,-1.3120,-1.3180,-56.0000
1785852472.8097,-1.3120,-1.3150,-57.0000,1.3120,1.3140,58.0000,1.3120,1.3190,59.0000,-1.3120,-1.3070,-57.0000
1785852472.8596,-1.3120,-1.3110,-58.0000,1.3120,1.3050,59.0000,1.3120,1.3090,60.0000,-1.3120,-1.3090,-57.0000
1785852472.9096,-1.3120,-1.3180,-57.0000,1.3120,1.3130,59.0000,1.3120,1.3140,59.0000,-1.3120,-1.3080,-57.0000
1785852472.9596,-1.3120,-1.3210,-57.0000,1.3120,1.3140,58.0000,1.3120,1.3110,60.0000,-1.3120,-1.3160,-57.0000
1785852473.0095,-1.3120,-1.3180,-57.0000,1.3120,1.3190,58.0000,1.3120,1.3130,59.0000,-1.3120,-1.3150,-57.0000
1785852473.0596,-1.3120,-1.3170,-57.0000,1.3120,1.3040,59.0000,1.3120,1.3100,60.0000,-1.3120,-1.3140,-57.0000
1785852473.1096,-1.3120,-1.3150,-57.0000,1.3120,1.3180,58.0000,1.3120,1.3140,59.0000,-1.3120,-1.3160,-56.0000
1785852473.1596,-1.3120,-1.3130,-57.0000,1.3120,1.3070,59.0000,1.3120,1.3140,59.0000,-1.3120,-1.3090,-57.0000
1785852473.2096,-1.3120,-1.3160,-57.0000,1.3120,1.3140,58.0000,1.3120,1.3080,60.0000,-1.3120,-1.3180,-56.0000
1785852473.2596,-1.3120,-1.3180,-57.0000,1.3120,1.3100,59.0000,1.3120,1.3140,59.0000,-1.3120,-1.3010,-57.0000
1785852473.3096,-1.3120,-1.3150,-57.0000,1.3120,1.3160,58.0000,1.3120,1.3030,60.0000,-1.3120,-1.3180,-56.0000
1785852473.3596,-1.3120,-1.3200,-57.0000,1.3120,1.3080,59.0000,1.3120,1.3170,59.0000,-1.3120,-1.3000,-57.0000
1785852473.4096,-1.3120,-1.3160,-57.0000,1.3120,1.3190,58.0000,1.3120,1.3010,60.0000,-1.3120,-1.3200,-56.0000
1785852473.4596,-1.3120,-1.3140,-57.0000,1.3120,1.3010,59.0000,1.3120,1.3220,59.0000,-1.3120,-1.2950,-58.0000
1785852473.5096,-1.3120,-1.3120,-57.0000,1.3120,1.3210,58.0000,1.3120,1.2980,60.0000,-1.3120,-1.3170,-56.0000
1785852473.5596,-1.3120,-1.3160,-57.0000,1.3120,1.3040,59.0000,1.3120,1.3230,59.0000,-1.3120,-1.2950,-58.0000
1785852473.6097,-1.3120,-1.3090,-58.0000,1.3120,1.3200,58.0000,1.3120,1.3010,60.0000,-1.3120,-1.3280,-56.0000
1785852473.6596,-1.3120,-1.3110,-58.0000,1.3120,1.3040,59.0000,1.3120,1.3230,59.0000,-1.3120,-1.3060,-57.0000
1785852473.7095,-1.3120,-1.3090,-58.0000,1.3120,1.3180,58.0000,1.3120,1.3050,60.0000,-1.3120,-1.3230,-56.0000
1785852473.7596,-1.3120,-1.3080,-58.0000,1.3120,1.3060,59.0000,1.3120,1.3270,59.0000,-1.3120,-1.2980,-57.0000
1785852473.8096,-1.3120,-1.3070,-58.0000,1.3120,1.3190,58.0000,1.3120,1.3030,60.0000,-1.3120,-1.3170,-56.0000
1785852473.8596,-1.3120,-1.3110,-58.0000,1.3120,1.3110,59.0000,1.3120,1.3250,59.0000,-1.3120,-1.2990,-57.0000
1785852473.9103,-1.3120,-1.3100,-58.0000,1.3120,1.3150,58.0000,1.3120,1.3040,60.0000,-1.3120,-1.3210,-56.0000
1785852473.9596,-1.3120,-1.3120,-58.0000,1.3120,1.3110,59.0000,1.3120,1.3260,59.0000,-1.3120,-1.3030,-57.0000
1785852474.0100,-1.3120,-1.3040,-58.0000,1.3120,1.3190,58.0000,1.3120,1.3000,60.0000,-1.3120,-1.3230,-56.0000
1785852474.0596,-1.3120,-1.3090,-58.0000,1.3120,1.3150,58.0000,1.3120,1.3270,58.0000,-1.3120,-1.3030,-57.0000
1785852474.1097,-1.3120,-1.3040,-58.0000,1.3120,1.3190,58.0000,1.3120,1.2980,60.0000,-1.3120,-1.3270,-56.0000
1785852474.1596,-1.3120,-1.3100,-58.0000,1.3120,1.3170,58.0000,1.3120,1.3270,58.0000,-1.3120,-1.3000,-57.0000
1785852474.2097,-1.3120,-1.3040,-58.0000,1.3120,1.3120,58.0000,1.3120,1.2990,60.0000,-1.3120,-1.3210,-56.0000
1785852474.2596,-1.3120,-1.3130,-58.0000,1.3120,1.3150,58.0000,1.3120,1.3250,59.0000,-1.3120,-1.3020,-57.0000
1785852474.3097,-1.3120,-1.3060,-58.0000,1.3120,1.3120,58.0000,1.3120,1.3050,60.0000,-1.3120,-1.3280,-56.0000
1785852474.3597,-1.3120,-1.3110,-58.0000,1.3120,1.3160,58.0000,1.3120,1.3200,59.0000,-1.3120,-1.3090,-57.0000
1785852474.4096,-1.3120,-1.3120,-58.0000,1.3120,1.3090,58.0000,1.3120,1.3030,60.0000,-1.3120,-1.3210,-56.0000
1785852474.4595,-1.3120,-1.3110,-58.0000,1.3120,1.3160,58.0000,1.3120,1.3230,59.0000,-1.3120,-1.3050,-57.0000
1785852474.5096,-1.3120,-1.3110,-58.0000,1.3120,1.3110,58.0000,1.3120,1.3070,60.0000,-1.3120,-1.3230,-56.0000
1785852474.5596,-1.3120,-1.3110,-58.0000,1.3120,1.3140,58.0000,1.3120,1.3230,59.0000,-1.3120,-1.3070,-57.0000
1785852474.6096,-1.3120,-1.3060,-58.0000,1.3120,1.3070,59.0000,1.3120,1.3010,60.0000,-1.3120,-1.3180,-56.0000
1785852474.6596,-1.3120,-1.3130,-58.0000,1.3120,1.3180,58.0000,1.3120,1.3210,59.0000,-1.3120,-1.3160,-57.0000
1785852474.7096,-1.3120,-1.3140,-57.0000,1.3120,1.3020,59.0000,1.3120,1.3040,60.0000,-1.3120,-1.3160,-56.0000
1785852474.7596,-1.3120,-1.3130,-57.0000,1.3120,1.3180,58.0000,1.3120,1.3120,59.0000,-1.3120,-1.3100,-57.0000
1785852474.8097,-1.3120,-1.3170,-57.0000,1.3120,1.3050,59.0000,1.3120,1.3090,60.0000,-1.3120,-1.3160,-56.0000
1785852474.8596,-1.3120,-1.3160,-57.0000,1.3120,1.3180,58.0000,1.3120,1.3150,59.0000,-1.3120,-1.3150,-56.0000
1785852474.9096,-1.3120,-1.3170,-57.0000,1.3120,1.3040,59.0000,1.3120,1.3070,60.0000,-1.3120,-1.3150,-56.0000
1785852474.9596,-1.3120,-1.3150,-57.0000,1.3120,1.3180,58.0000,1.3120,1.3120,59.0000,-1.3120,-1.3160,-56.0000
1785852475.0096,-1.3120,-1.3220,-57.0000,1.3120,1.3000,59.0000,1.3120,1.3110,59.0000,-1.3120,-1.3120,-57.0000
1785852475.0597,-1.3120,-1.3110,-58.0000,1.3120,1.3160,58.0000,1.3120,1.3080,59.0000,-1.3120,-1.3140,-56.0000
1785852475.1104,-1.3120,-1.3140,-57.0000,1.3120,1.3030,59.0000,1.3120,1.3120,59.0000,-1.3120,-1.3060,-57.0000
1785852475.1596,-1.3120,-1.3120,-57.0000,1.3120,1.3220,58.0000,1.3120,1.3000,60.0000,-1.3120,-1.3180,-56.0000
1785852475.2098,-1.3120,-1.3180,-57.0000,1.3120,1.3030,59.0000,1.3120,1.3170,59.0000,-1.3120,-1.3030,-57.0000
1785852475.2596,-1.3120,-1.3150,-57.0000,1.3120,1.3150,58.0000,1.3120,1.3040,60.0000,-1.3120,-1.3160,-56.0000
1785852475.3097,-1.3120,-1.3180,-57.0000,1.3120,1.3040,59.0000,1.3120,1.3210,59.0000,-1.3120,-1.3060,-57.0000
1785852475.3597,-1.3120,-1.3140,-57.0000,1.3120,1.3180,58.0000,1.3120,1.3030,60.0000,-1.3120,-1.3210,-56.0000
1785852475.4097,-1.3120,-1.3130,-57.0000,1.3120,1.3040,59.0000,1.3120,1.3260,58.0000,-1.3120,-1.2940,-57.0000
1785852475.4596,-1.3120,-1.3130,-57.0000,1.3120,1.3180,58.0000,1.3120,1.2970,60.0000,-1.3120,-1.3240,-56.0000
1785852475.5096,-1.3120,-1.3120,-57.0000,1.3120,1.3030,59.0000,1.3120,1.3240,59.0000,-1.3120,-1.2950,-57.0000
1785852475.5597,-1.3120,-1.3080,-58.0000,1.3120,1.3180,58.0000,1.3120,1.2990,60.0000,-1.3120,-1.3250,-56.0000
1785852475.6097,-1.3120,-1.3090,-58.0000,1.3120,1.3080,59.0000,1.3120,1.3270,58.0000,-1.3120,-1.3000,-57.0000
1785852475.6597,-1.3120,-1.3070,-58.0000,1.3120,1.3200,58.0000,1.3120,1.3020,60.0000,-1.3120,-1.3280,-55.0000
1785852475.7096,-1.3120,-1.3120,-58.0000,1.3120,1.3100,58.0000,1.3120,1.3240,59.0000,-1.3120,-1.3010,-57.0000
1785852475.7597,-1.3120,-1.3080,-58.0000,1.3120,1.3170,58.0000,1.3120,1.3000,60.0000,-1.3120,-1.3270,-56.0000
1785852475.8096,-1.3120,-1.3100,-58.0000,1.3120,1.3180,58.0000,1.3120,1.3270,58.0000,-1.3120,-1.3050,-57.0000
1785852475.8596,-1.3120,-1.3060,-58.0000,1.3120,1.3140,58.0000,1.3120,1.2970,60.0000,-1.3120,-1.3300,-55.0000
1785852475.9097,-1.3120,-1.3080,-58.0000,1.3120,1.3140,58.0000,1.3120,1.3230,59.0000,-1.3120,-1.3030,-57.0000
1785852475.9596,-1.3120,-1.3080,-58.0000,1.3120,1.3150,58.0000,1.3120,1.3010,60.0000,-1.3120,-1.3300,-55.0000
1785852476.0096,-1.3120,-1.3060,-58.0000,1.3120,1.3130,58.0000,1.3120,1.3220,59.0000,-1.3120,-1.3040,-57.0000
1785852476.0597,-1.3120,-1.3020,-58.0000,1.3120,1.3120,58.0000,1.3120,1.3040,60.0000,-1.3120,-1.3240,-55.0000
1785852476.1097,-1.3120,-1.3120,-58.0000,1.3120,1.3130,58.0000,1.3120,1.3240,59.0000,-1.3120,-1.3020,-57.0000
1785852476.1597,-1.3120,-1.3080,-58.0000,1.3120,1.3120,58.0000,1.3120,1.3010,60.0000,-1.3120,-1.3300,-55.0000
1785852476.2098,-1.3120,-1.3080,-58.0000,1.3120,1.3160,58.0000,1.3120,1.3180,59.0000,-1.3120,-1.3030,-57.0000
1785852476.2597,-1.3120,-1.3050,-58.0000,1.3120,1.3080,59.0000,1.3120,1.3050,60.0000,-1.3120,-1.3270,-55.0000
1785852476.3097,-1.3120,-1.3090,-58.0000,1.3120,1.3210,58.0000,1.3120,1.3190,59.0000,-1.3120,-1.3020,-57.0000
1785852476.3597,-1.3120,-1.3100,-58.0000,1.3120,1.3030,59.0000,1.3120,1.3080,60.0000,-1.3120,-1.3250,-55.0000
1785852476.4096,-1.3120,-1.3090,-58.0000,1.3120,1.3160,58.0000,1.3120,1.3200,59.0000,-1.3120,-1.3010,-57.0000
1785852476.4597,-1.3120,-1.3110,-58.0000,1.3120,1.3070,59.0000,1.3120,1.3090,60.0000,-1.3120,-1.3200,-56.0000
1785852476.5096,-1.3120,-1.3110,-58.0000,1.3120,1.3200,58.0000,1.3120,1.3180,59.0000,-1.3120,-1.3070,-56.0000
1785852476.5597,-1.3120,-1.3100,-58.0000,1.3120,1.3050,59.0000,1.3120,1.3090,59.0000,-1.3120,-1.3180,-56.0000
1785852476.6105,-1.3120,-1.3130,-58.0000,1.3120,1.3150,58.0000,1.3120,1.3120,59.0000,-1.3120,-1.3100,-56.0000
1785852476.6596,-1.3120,-1.3160,-57.0000,1.3120,1.3040,59.0000,1.3120,1.3100,59.0000,-1.3120,-1.3120,-56.0000
1785852476.7097,-1.3120,-1.3110,-58.0000,1.3120,1.3160,58.0000,1.3120,1.3090,59.0000,-1.3120,-1.3080,-56.0000
1785852476.7596,-0.8320,-1.1540,-25.0000,0.8320,1.1400,26.0000,0.7120,1.0960,18.0000,-0.7120,-1.0190,-19.0000
1785852476.8096,-0.2320,-0.5200,-4.0000,0.2320,0.5410,2.0000,0.2320,0.4520,0.0000,-0.1120,-0.3910,8.0000
1785852476.8595,0.0000,-0.0560,0.0000,0.0000,0.0570,0.0000,0.0000,0.0430,0.0000,0.0000,-0.0310,0.0000
1785852476.9095,0.0000,-0.0040,0.0000,0.0000,0.0040,0.0000,0.0000,0.0020,0.0000,0.0000,-0.0020,0.0000
1785852476.9595,0.0000,-0.0000,0.0000,0.0000,0.0000,0.0000,0.0000,0.0000,0.0000,0.0000,-0.0000,0.0000
1785852477.0094,0.0000,-0.0000,0.0000,0.0000,0.0000,0.0000,0.0000,0.0000,0.0000,0.0000,-0.0000,0.0000
1785852477.0595,0.0000,-0.0000,0.0000,0.0000,0.0000,0.0000,0.0000,0.0000,0.0000,0.0000,-0.0000,0.0000
1785852477.1095,0.0000,-0.0000,0.0000,0.0000,0.0000,0.0000,0.0000,0.0000,0.0000,0.0000,-0.0000,0.0000
1785852477.1595,0.0000,-0.0000,0.0000,0.0000,0.0000,0.0000,0.0000,0.0000,0.0000,0.0000,-0.0000,0.0000
1785852477.2096,0.0000,-0.0000,0.0000,0.0000,0.0000,0.0000,0.0000,0.0000,0.0000,0.0000,-0.0000,0.0000
1785852477.2596,-0.0920,-0.0000,-10.0000,0.0920,0.0000,10.0000,0.0920,0.0080,10.0000,-0.0920,-0.0110,-10.0000
1785852477.3097,0.0280,-0.0770,6.0000,-0.0280,0.0730,-6.0000,-0.1480,-0.0010,-17.0000,0.1480,-0.0540,20.0000
1785852477.3597,0.5140,0.3820,31.0000,-0.5140,-0.3890,-31.0000,-0.6340,-0.3870,-43.0000,0.6340,0.3810,43.0000
1785852477.4096,0.9470,0.8220,49.0000,-0.9470,-0.8330,-49.0000,-1.0370,-0.8150,-59.0000,1.0370,0.8260,59.0000
1785852477.4597,1.1420,1.0790,56.0000,-1.1420,-1.0710,-57.0000,-1.1420,-1.0640,-59.0000,1.1420,1.0750,59.0000
1785852477.5097,1.1550,1.1960,52.0000,-1.1550,-1.1890,-54.0000,-1.1550,-1.1680,-57.0000,1.1550,1.1890,56.0000
1785852477.5598,1.1550,1.2110,52.0000,-1.1550,-1.1980,-54.0000,-1.1550,-1.2000,-56.0000,1.1550,1.1940,56.0000
1785852477.6097,1.1550,1.2070,52.0000,-1.1550,-1.1970,-54.0000,-1.1550,-1.1740,-57.0000,1.1550,1.2000,55.0000
1785852477.6596,1.1550,1.1960,52.0000,-1.1550,-1.1990,-53.0000,-1.1550,-1.1930,-56.0000,1.1550,1.1830,56.0000
1785852477.7096,1.1550,1.1950,52.0000,-1.1550,-1.1890,-53.0000,-1.1550,-1.1690,-57.0000,1.1550,1.1980,55.0000
1785852477.7597,1.1550,1.1870,52.0000,-1.1550,-1.1850,-53.0000,-1.1550,-1.1930,-55.0000,1.1550,1.1740,56.0000
1785852477.8096,1.1550,1.1870,51.0000,-1.1550,-1.1770,-53.0000,-1.1550,-1.1710,-56.0000,1.1550,1.1890,54.0000
1785852477.8599,1.1550,1.1790,51.0000,-1.1550,-1.1790,-53.0000,-1.1550,-1.1840,-56.0000,1.1550,1.1650,55.0000
1785852477.9105,1.1550,1.1790,51.0000,-1.1550,-1.1710,-53.0000,-1.1550,-1.1780,-55.0000,1.1550,1.1730,55.0000
1785852477.9596,1.1550,1.1640,51.0000,-1.1550,-1.1750,-53.0000,-1.1550,-1.1620,-56.0000,1.1550,1.1770,54.0000
1785852478.0096,1.1550,1.1720,51.0000,-1.1550,-1.1740,-52.0000,-1.1550,-1.1730,-55.0000,1.1550,1.1650,55.0000
1785852478.0597,1.1550,1.1660,51.0000,-1.1550,-1.1710,-52.0000,-1.1550,-1.1460,-56.0000,1.1550,1.1760,54.0000
1785852478.1097,1.1550,1.1640,51.0000,-1.1550,-1.1750,-52.0000,-1.1550,-1.1790,-54.0000,1.1550,1.1530,55.0000
1785852478.1597,1.1550,1.1570,51.0000,-1.1550,-1.1570,-53.0000,-1.1550,-1.1580,-55.0000,1.1550,1.1730,54.0000
1785852478.2098,1.1550,1.1590,51.0000,-1.1550,-1.1640,-52.0000,-1.1550,-1.1730,-54.0000,1.1550,1.1540,55.0000
1785852478.2597,1.1550,1.1710,50.0000,-1.1550,-1.1550,-53.0000,-1.1550,-1.1660,-55.0000,1.1550,1.1630,54.0000
1785852478.3098,1.1550,1.1620,51.0000,-1.1550,-1.1630,-52.0000,-1.1550,-1.1520,-55.0000,1.1550,1.1570,54.0000
1785852478.3597,1.1550,1.1650,50.0000,-1.1550,-1.1670,-52.0000,-1.1550,-1.1650,-55.0000,1.1550,1.1580,54.0000
1785852478.4097,1.1550,1.1560,51.0000,-1.1550,-1.1580,-52.0000,-1.1550,-1.1410,-56.0000,1.1550,1.1680,54.0000
1785852478.4597,1.1550,1.1630,50.0000,-1.1550,-1.1700,-51.0000,-1.1550,-1.1690,-54.0000,1.1550,1.1470,55.0000
1785852478.5097,1.1550,1.1550,51.0000,-1.1550,-1.1500,-52.0000,-1.1550,-1.1560,-55.0000,1.1550,1.1690,53.0000
1785852478.5597,1.1810,1.1550,53.0000,-1.1810,-1.1630,-54.0000,-1.1810,-1.1780,-56.0000,1.1810,1.1550,57.0000
1785852478.6097,1.2470,1.2070,56.0000,-1.2470,-1.1930,-58.0000,-1.2470,-1.2190,-60.0000,1.2470,1.2300,58.0000
1785852478.6597,1.2730,1.2550,56.0000,-1.2730,-1.2520,-58.0000,-1.2730,-1.2650,-60.0000,1.2730,1.2510,60.0000
1785852478.7097,1.3120,1.2870,58.0000,-1.3120,-1.2780,-60.0000,-1.3120,-1.2890,-62.0000,1.3120,1.2790,62.0000
1785852478.7597,1.3120,1.3170,56.0000,-1.3120,-1.3220,-58.0000,-1.3120,-1.3140,-61.0000,1.3120,1.3220,60.0000
1785852478.8098,1.3120,1.3300,56.0000,-1.3120,-1.3220,-58.0000,-1.3120,-1.3250,-61.0000,1.3120,1.3190,61.0000
1785852478.8598,1.3120,1.3160,57.0000,-1.3120,-1.3210,-58.0000,-1.3120,-1.3130,-61.0000,1.3120,1.3180,61.0000
1785852478.9097,1.3120,1.3260,56.0000,-1.3120,-1.3220,-58.0000,-1.3120,-1.3260,-61.0000,1.3120,1.3170,60.0000
1785852478.9597,1.3120,1.3130,57.0000,-1.3120,-1.3130,-58.0000,-1.3120,-1.3110,-61.0000,1.3120,1.3190,60.0000
1785852479.0097,1.3120,1.3200,56.0000,-1.3120,-1.3190,-58.0000,-1.3120,-1.3280,-60.0000,1.3120,1.3140,61.0000
1785852479.0597,1.3120,1.3110,56.0000,-1.3120,-1.3090,-59.0000,-1.3120,-1.3020,-62.0000,1.3120,1.3260,60.0000
1785852479.1097,1.3120,1.3220,56.0000,-1.3120,-1.3220,-58.0000,-1.3120,-1.3260,-60.0000,1.3120,1.3150,60.0000
1785852479.1604,1.3120,1.3150,56.0000,-1.3120,-1.3150,-58.0000,-1.3120,-1.3000,-62.0000,1.3120,1.3240,60.0000
1785852479.2098,1.4700,1.4580,62.0000,-1.1550,-1.2120,-50.0000,-1.1550,-1.2080,-50.0000,1.4700,1.4960,64.0000
1785852479.2597,1.4830,1.4740,64.0000,-1.1420,-1.1410,-51.0000,-1.1420,-1.1130,-55.0000,1.4830,1.4910,67.0000
1785852479.3098,1.4830,1.4970,63.0000,-1.1420,-1.1470,-50.0000,-1.1420,-1.1470,-53.0000,1.4830,1.4920,67.0000
1785852479.3598,1.4440,1.4490,62.0000,-1.1810,-1.1660,-53.0000,-1.1810,-1.1670,-55.0000,1.4440,1.4590,65.0000
1785852479.4097,1.4440,1.4540,61.0000,-1.1810,-1.1790,-52.0000,-1.1810,-1.1790,-55.0000,1.4440,1.4760,64.0000
1785852479.4597,1.4440,1.4510,61.0000,-1.1810,-1.1740,-53.0000,-1.1810,-1.1770,-55.0000,1.4440,1.4490,65.0000
1785852479.5097,1.4440,1.4530,61.0000,-1.1810,-1.1760,-53.0000,-1.1810,-1.1640,-56.0000,1.4440,1.4750,63.0000
1785852479.5598,1.4440,1.4390,62.0000,-1.1810,-1.1840,-52.0000,-1.1810,-1.1860,-55.0000,1.4440,1.4290,66.0000
1785852479.6098,1.4440,1.4440,61.0000,-1.1810,-1.1790,-53.0000,-1.1810,-1.1590,-57.0000,1.4440,1.4480,64.0000
1785852479.6597,1.4440,1.4450,61.0000,-1.1810,-1.1850,-52.0000,-1.1810,-1.1960,-54.0000,1.4440,1.4280,66.0000
1785852479.7097,1.4440,1.4410,62.0000,-1.1810,-1.1760,-53.0000,-1.1810,-1.1720,-56.0000,1.4440,1.4550,64.0000
1785852479.7597,1.4440,1.4420,61.0000,-1.1810,-1.1870,-52.0000,-1.1810,-1.1880,-55.0000,1.4440,1.4340,65.0000
1785852479.8098,1.4440,1.4420,61.0000,-1.1810,-1.1730,-53.0000,-1.1810,-1.1800,-55.0000,1.4440,1.4490,65.0000
1785852479.8598,1.4440,1.4430,61.0000,-1.1810,-1.1820,-52.0000,-1.1810,-1.1770,-56.0000,1.4440,1.4360,65.0000
1785852479.9097,1.4440,1.4420,61.0000,-1.1810,-1.1770,-53.0000,-1.1810,-1.1830,-55.0000,1.4440,1.4400,65.0000
1785852479.9598,1.4440,1.4520,61.0000,-1.1810,-1.1820,-52.0000,-1.1810,-1.1680,-56.0000,1.4440,1.4340,66.0000
1785852480.0098,1.4440,1.4390,62.0000,-1.1810,-1.1810,-52.0000,-1.1810,-1.1890,-55.0000,1.4440,1.4350,66.0000
1785852480.0598,1.4440,1.4490,61.0000,-1.1810,-1.1800,-53.0000,-1.1810,-1.1660,-56.0000,1.4440,1.4510,65.0000
1785852480.1098,1.4440,1.4440,61.0000,-1.1810,-1.1860,-52.0000,-1.1810,-1.2000,-54.0000,1.4440,1.4280,66.0000
1785852480.1598,1.4440,1.4500,61.0000,-1.1810,-1.1820,-52.0000,-1.1810,-1.1770,-56.0000,1.4440,1.4440,65.0000
1785852480.2102,1.4440,1.4450,61.0000,-1.1810,-1.1800,-53.0000,-1.1810,-1.1870,-55.0000,1.4440,1.4280,66.0000
1785852480.2597,1.4440,1.4440,61.0000,-1.1810,-1.1760,-53.0000,-1.1810,-1.1840,-55.0000,1.4440,1.4560,65.0000
1785852480.3098,1.4440,1.4410,62.0000,-1.1810,-1.1810,-53.0000,-1.1810,-1.1710,-56.0000,1.4440,1.4400,66.0000
1785852480.3597,1.4440,1.4430,61.0000,-1.1810,-1.1810,-53.0000,-1.1810,-1.1890,-55.0000,1.4440,1.4670,64.0000
1785852480.4098,1.4440,1.4470,61.0000,-1.1810,-1.1800,-53.0000,-1.1810,-1.1620,-56.0000,1.4440,1.4320,66.0000
1785852480.4604,1.4440,1.4430,61.0000,-1.1810,-1.1810,-52.0000,-1.1810,-1.1940,-55.0000,1.4440,1.4550,65.0000
1785852480.5111,1.4440,1.4430,61.0000,-1.1810,-1.1770,-53.0000,-1.1810,-1.1700,-55.0000,1.4440,1.4330,66.0000
1785852480.5598,1.4440,1.4480,61.0000,-1.1810,-1.1890,-52.0000,-1.1810,-1.1930,-55.0000,1.4440,1.4480,65.0000
1785852480.6098,1.4440,1.4450,61.0000,-1.1810,-1.1740,-53.0000,-1.1810,-1.1830,-55.0000,1.4440,1.4360,66.0000
1785852480.6598,1.4440,1.4390,62.0000,-1.1810,-1.1840,-52.0000,-1.1810,-1.1810,-55.0000,1.4440,1.4380,66.0000
1785852480.7098,1.4440,1.4500,61.0000,-1.1810,-1.1790,-53.0000,-1.1810,-1.1860,-55.0000,1.4440,1.4510,65.0000
1785852480.7598,1.4440,1.4380,62.0000,-1.1810,-1.1800,-53.0000,-1.1810,-1.1650,-56.0000,1.4440,1.4380,66.0000
1785852480.8098,1.4440,1.4460,61.0000,-1.1810,-1.1890,-52.0000,-1.1810,-1.1900,-55.0000,1.4440,1.4520,65.0000
1785852480.8598,1.4440,1.4440,61.0000,-1.1810,-1.1820,-52.0000,-1.1810,-1.1640,-56.0000,1.4440,1.4260,66.0000
1785852480.9098,1.4440,1.4460,61.0000,-1.1810,-1.1910,-52.0000,-1.1810,-1.1950,-55.0000,1.4440,1.4500,65.0000
1785852480.9598,1.4440,1.4440,61.0000,-1.1810,-1.1770,-53.0000,-1.1810,-1.1810,-55.0000,1.4440,1.4350,66.0000
1785852481.0098,1.4440,1.4450,61.0000,-1.1810,-1.1840,-52.0000,-1.1810,-1.1840,-55.0000,1.4440,1.4600,65.0000
1785852481.0598,1.4440,1.4380,62.0000,-1.1810,-1.1770,-53.0000,-1.1810,-1.1860,-55.0000,1.4440,1.4320,66.0000
1785852481.1098,1.4440,1.4400,62.0000,-1.1810,-1.1790,-53.0000,-1.1810,-1.1690,-56.0000,1.4440,1.4600,65.0000
1785852481.1598,1.4440,1.4440,61.0000,-1.1810,-1.1820,-52.0000,-1.1810,-1.1890,-55.0000,1.4440,1.4390,66.0000
1785852481.2098,1.4440,1.4380,62.0000,-1.1810,-1.1810,-52.0000,-1.1810,-1.1630,-56.0000,1.4440,1.4530,65.0000
1785852481.2598,1.4440,1.4470,61.0000,-1.1810,-1.1870,-52.0000,-1.1810,-1.1960,-55.0000,1.4440,1.4330,66.0000
1785852481.3098,1.4440,1.4410,62.0000,-1.1810,-1.1780,-53.0000,-1.1810,-1.1700,-56.0000,1.4440,1.4470,65.0000
1785852481.3598,1.4440,1.4450,61.0000,-1.1810,-1.1870,-52.0000,-1.1810,-1.1930,-55.0000,1.4440,1.4370,66.0000
1785852481.4098,1.4440,1.4410,62.0000,-1.1810,-1.1730,-53.0000,-1.1810,-1.1870,-55.0000,1.4440,1.4460,65.0000
1785852481.4598,1.4440,1.4520,61.0000,-1.1810,-1.1830,-52.0000,-1.1810,-1.1790,-55.0000,1.4440,1.4530,65.0000
1785852481.5098,1.4440,1.4380,62.0000,-1.1810,-1.1770,-53.0000,-1.1810,-1.1820,-55.0000,1.4440,1.4350,66.0000
1785852481.5599,1.4440,1.4570,61.0000,-1.1810,-1.1770,-53.0000,-1.1810,-1.1620,-56.0000,1.4440,1.4500,65.0000
1785852481.6098,1.4440,1.4410,62.0000,-1.1810,-1.1890,-52.0000,-1.1810,-1.1920,-55.0000,1.4440,1.4300,66.0000
1785852481.6598,1.4440,1.4470,61.0000,-1.1810,-1.1820,-52.0000,-1.1810,-1.1640,-56.0000,1.4440,1.4550,65.0000
1785852481.7098,1.4440,1.4440,61.0000,-1.1810,-1.1860,-52.0000,-1.1810,-1.1970,-54.0000,1.4440,1.4320,66.0000
1785852481.7598,1.4440,1.4460,61.0000,-1.1810,-1.1820,-52.0000,-1.1810,-1.1810,-55.0000,1.4440,1.4680,64.0000
1785852481.8098,1.4440,1.4410,61.0000,-1.1810,-1.1810,-52.0000,-1.1810,-1.1860,-56.0000,1.4440,1.4390,66.0000
1785852481.8598,1.4440,1.4430,61.0000,-1.1810,-1.1770,-53.0000,-1.1810,-1.1890,-55.0000,1.4440,1.4560,65.0000
1785852481.9098,1.4440,1.4490,61.0000,-1.1810,-1.1770,-53.0000,-1.1810,-1.1700,-56.0000,1.4440,1.4370,66.0000
1785852481.9598,1.4440,1.4430,61.0000,-1.1810,-1.1850,-52.0000,-1.1810,-1.1870,-55.0000,1.4440,1.4540,65.0000
1785852482.0098,1.4440,1.4470,61.0000,-1.1810,-1.1760,-53.0000,-1.1810,-1.1660,-56.0000,1.4440,1.4420,65.0000
1785852482.0598,1.4440,1.4430,61.0000,-1.1810,-1.1910,-52.0000,-1.1810,-1.1970,-54.0000,1.4440,1.4500,65.0000
1785852482.1099,1.4440,1.4480,61.0000,-1.1810,-1.1760,-53.0000,-1.1810,-1.1700,-56.0000,1.4440,1.4500,65.0000
1785852482.1598,1.4440,1.4390,62.0000,-1.1810,-1.1880,-52.0000,-1.1810,-1.1990,-54.0000,1.4440,1.4370,66.0000
1785852482.2098,1.4440,1.4460,61.0000,-1.1810,-1.1750,-53.0000,-1.1810,-1.1820,-55.0000,1.4440,1.4520,65.0000
1785852482.2598,1.4440,1.4390,62.0000,-1.1810,-1.1830,-52.0000,-1.1810,-1.1820,-55.0000,1.4440,1.4300,66.0000
1785852482.3099,1.4440,1.4450,61.0000,-1.1810,-1.1740,-53.0000,-1.1810,-1.1850,-55.0000,1.4440,1.4510,65.0000
1785852482.3599,1.4440,1.4440,61.0000,-1.1810,-1.1730,-53.0000,-1.1810,-1.1640,-56.0000,1.4440,1.4300,66.0000
1785852482.4099,1.4440,1.4470,61.0000,-1.1810,-1.1870,-52.0000,-1.1810,-1.1900,-55.0000,1.4440,1.4600,64.0000
1785852482.4598,1.4440,1.4420,62.0000,-1.1810,-1.1770,-53.0000,-1.1810,-1.1690,-56.0000,1.4440,1.4300,66.0000
1785852482.5099,1.4440,1.4400,62.0000,-1.1810,-1.1840,-52.0000,-1.1810,-1.1990,-54.0000,1.4440,1.4630,64.0000
1785852482.5599,1.4440,1.4420,61.0000,-1.1810,-1.1750,-53.0000,-1.1810,-1.1820,-55.0000,1.4440,1.4320,66.0000
1785852482.6099,1.4440,1.4370,62.0000,-1.1810,-1.1850,-52.0000,-1.1810,-1.1900,-55.0000,1.4440,1.4560,64.0000
1785852482.6599,1.4440,1.4460,61.0000,-1.1810,-1.1760,-53.0000,-1.1810,-1.1800,-55.0000,1.4440,1.4400,65.0000
1785852482.7099,1.4440,1.4390,62.0000,-1.1810,-1.1750,-53.0000,-1.1810,-1.1700,-56.0000,1.4440,1.4520,65.0000
1785852482.7599,1.4440,1.4490,61.0000,-1.1810,-1.1770,-53.0000,-1.1810,-1.1910,-55.0000,1.4440,1.4390,65.0000
1785852482.8099,1.4440,1.4410,62.0000,-1.1810,-1.1850,-52.0000,-1.1810,-1.1630,-56.0000,1.4440,1.4430,65.0000
1785852482.8599,1.4440,1.4440,61.0000,-1.1810,-1.1830,-52.0000,-1.1810,-1.1990,-54.0000,1.4440,1.4460,65.0000
1785852482.9099,1.4440,1.4410,62.0000,-1.1810,-1.1810,-52.0000,-1.1810,-1.1710,-56.0000,1.4440,1.4330,66.0000
1785852482.9598,1.4440,1.4450,61.0000,-1.1810,-1.1890,-52.0000,-1.1810,-1.1960,-54.0000,1.4440,1.4470,65.0000
1785852483.0098,1.4440,1.4460,61.0000,-1.1810,-1.1740,-53.0000,-1.1810,-1.1810,-55.0000,1.4440,1.4280,66.0000
1785852483.0598,1.4440,1.4480,61.0000,-1.1810,-1.1800,-53.0000,-1.1810,-1.1810,-56.0000,1.4440,1.4570,64.0000
1785852483.1099,1.4440,1.4450,61.0000,-1.1810,-1.1710,-53.0000,-1.0610,-1.1850,-45.0000,1.3240,1.4300,56.0000
1785852483.1598,0.8440,1.1450,25.0000,-0.5810,-0.8970,-15.0000,-0.5810,-0.8770,-12.0000,0.7240,1.1270,18.0000
1785852483.2096,0.2440,0.5240,3.0000,0.0000,-0.2170,0.0000,0.0000,-0.1880,0.0000,0.1240,0.4640,-8.0000
1785852483.2597,0.0000,0.0480,0.0000,0.0000,-0.0150,0.0000,0.0000,-0.0060,0.0000,0.0000,0.0440,0.0000
1785852483.3098,0.0000,0.0040,0.0000,0.0000,-0.0010,0.0000,0.0000,-0.0010,0.0000,0.0000,0.0030,0.0000
1785852483.3597,0.0000,0.0000,0.0000,0.0000,-0.0000,0.0000,0.0000,-0.0000,0.0000,0.0000,0.0000,0.0000
1785852483.4096,0.0000,0.0000,0.0000,0.0000,-0.0000,0.0000,0.0000,-0.0000,0.0000,0.0000,0.0000,0.0000
1785852483.4596,0.0000,0.0000,0.0000,0.0000,-0.0000,0.0000,0.0000,-0.0000,0.0000,0.0000,0.0000,0.0000
1785852483.5096,0.0000,0.0000,0.0000,0.0000,-0.0000,0.0000,0.0000,-0.0000,0.0000,0.0000,0.0000,0.0000
1785852483.5597,0.0000,0.0000,0.0000,0.0000,-0.0000,0.0000,0.0000,-0.0000,0.0000,0.0000,0.0000,0.0000
1785852483.6096,0.0000,0.0000,0.0000,0.0000,-0.0000,0.0000,0.0000,-0.0000,0.0000,0.0000,0.0000,0.0000
1785852483.6597,0.0000,0.0000,0.0000,0.0000,-0.0000,0.0000,0.0000,-0.0000,0.0000,0.0000,0.0000,0.0000
1785852483.7096,0.0000,0.0000,0.0000,0.0000,-0.0000,0.0000,0.0000,-0.0000,0.0000,0.0000,0.0000,0.0000
1785852483.7596,0.0000,0.0000,0.0000,0.0000,-0.0000,0.0000,0.0000,-0.0000,0.0000,0.0000,0.0000,0.0000
1785852483.8097,0.0000,0.0000,0.0000,0.0000,-0.0000,0.0000,0.0000,-0.0000,0.0000,0.0000,0.0000,0.0000
1785852483.9096,0.0000,0.0000,0.0000,0.0000,-0.0000,0.0000,0.0000,-0.0000,0.0000,0.0000,0.0000,0.0000
1785852483.9596,0.0000,0.0000,0.0000,0.0000,-0.0000,0.0000,0.0000,-0.0000,0.0000,0.0000,0.0000,0.0000
1785852484.0096,0.0000,0.0000,0.0000,0.0000,-0.0000,0.0000,0.0000,-0.0000,0.0000,0.0000,0.0000,0.0000
1785852484.0596,0.0000,0.0000,0.0000,0.0000,-0.0000,0.0000,0.0000,-0.0000,0.0000,0.0000,0.0000,0.0000
1785852484.1096,0.0000,0.0000,0.0000,0.0000,-0.0000,0.0000,0.0000,-0.0000,0.0000,0.0000,0.0000,0.0000
1785852484.1596,0.0000,0.0000,0.0000,0.0000,-0.0000,0.0000,0.0000,-0.0000,0.0000,0.0000,0.0000,0.0000
1785852484.2096,0.0000,0.0000,0.0000,0.0000,-0.0000,0.0000,0.0000,-0.0000,0.0000,0.0000,0.0000,0.0000
1785852484.2595,0.0000,0.0000,0.0000,0.0000,-0.0000,0.0000,0.0000,-0.0000,0.0000,0.0000,0.0000,0.0000
1785852484.3097,0.0000,0.0000,0.0000,0.0000,-0.0000,0.0000,0.0000,-0.0000,0.0000,0.0000,0.0000,0.0000
1785852484.3605,0.0000,0.0000,0.0000,0.0000,-0.0000,0.0000,0.0000,-0.0000,0.0000,0.0000,0.0000,0.0000
1785852484.4105,0.4590,0.2110,36.0000,0.1180,0.0800,10.0000,0.1180,0.0910,10.0000,0.4590,0.2710,34.0000
1785852484.4597,0.8010,0.6980,42.0000,0.5980,0.3870,40.0000,0.7180,0.4340,49.0000,0.8010,0.7290,43.0000
1785852484.5097,1.2810,1.0570,68.0000,1.1980,0.9800,64.0000,1.3180,1.0490,73.0000,1.4010,1.1040,79.0000
1785852484.5597,1.8810,1.6830,89.0000,1.7980,1.5750,90.0000,1.9180,1.6590,98.0000,1.9690,1.7310,99.0000
1785852484.6097,1.9690,2.0500,82.0000,1.9690,2.0390,85.0000,1.9690,2.0790,85.0000,1.9690,2.0630,86.0000
1785852484.6597,2.1260,2.1850,90.0000,1.8110,1.9100,81.0000,1.8110,1.9130,82.0000,2.1260,2.2070,94.0000
1785852484.7097,2.1260,2.1850,91.0000,1.8110,1.8800,81.0000,1.8110,1.8690,83.0000,2.1260,2.2120,94.0000
1785852484.7597,2.1130,2.1770,90.0000,1.8240,1.8700,82.0000,1.8240,1.8950,81.0000,2.1130,2.1830,94.0000
1785852484.8098,1.9690,2.1080,81.0000,1.9690,1.9540,89.0000,1.9690,2.0060,88.0000,1.9690,2.0760,86.0000
1785852484.8597,1.9690,2.0220,84.0000,1.9690,2.0220,86.0000,1.9690,2.0120,88.0000,1.9690,2.0380,86.0000
1785852484.9097,1.9690,2.0130,83.0000,1.9690,2.0100,86.0000,1.9690,2.0020,88.0000,1.9690,2.0250,86.0000
1785852484.9597,1.9690,2.0030,83.0000,1.9690,2.0050,86.0000,1.9690,2.0220,86.0000,1.9690,1.9920,87.0000
1785852485.0097,1.9690,1.9940,83.0000,1.9690,2.0090,85.0000,1.9690,2.0220,85.0000,1.9690,1.9910,87.0000
1785852485.0597,1.9690,1.9970,83.0000,1.9690,2.0010,85.0000,1.9690,1.9870,87.0000,1.9690,2.0120,85.0000
1785852485.1098,1.9690,1.9950,82.0000,1.9690,1.9920,86.0000,1.9690,1.9850,87.0000,1.9690,2.0000,86.0000
1785852485.1598,1.9690,1.9840,83.0000,1.9690,1.9900,85.0000,1.9690,2.0000,85.0000,1.9690,1.9730,87.0000
1785852485.2098,1.9690,1.9800,83.0000,1.9690,1.9970,85.0000,1.9690,1.9920,86.0000,1.9690,1.9750,86.0000
1785852485.2597,1.9690,1.9830,82.0000,1.9690,1.9850,85.0000,1.9690,1.9710,87.0000,1.9690,1.9980,85.0000
1785852485.3098,1.9690,1.9780,82.0000,1.9690,1.9780,85.0000,1.9690,1.9830,86.0000,1.9690,1.9840,86.0000
1785852485.3598,1.9690,1.9720,83.0000,1.9690,1.9840,85.0000,1.9690,2.0000,85.0000,1.9690,1.9650,87.0000
1785852485.4104,1.9690,1.9760,82.0000,1.9690,1.9840,84.0000,1.9690,1.9780,86.0000,1.9690,1.9660,86.0000
1785852485.4598,1.9690,1.9810,82.0000,1.9690,1.9750,85.0000,1.9690,1.9610,87.0000,1.9690,1.9850,85.0000
1785852485.5097,1.9690,1.9830,82.0000,1.9690,1.9690,85.0000,1.9690,1.9800,85.0000,1.9690,1.9550,87.0000
1785852485.5597,1.9690,1.9740,82.0000,1.9690,1.9790,84.0000,1.9690,1.9930,84.0000,1.9690,1.9580,87.0000
1785852485.6098,1.9690,1.9730,82.0000,1.9690,1.9790,84.0000,1.9690,1.9680,86.0000,1.9690,1.9830,85.0000
1785852485.6598,1.9690,1.9820,81.0000,1.9690,1.9680,85.0000,1.9690,1.9590,86.0000,1.9690,1.9890,85.0000
1785852485.7097,1.9690,1.9770,81.0000,1.9690,1.9680,85.0000,1.9690,1.9790,85.0000,1.9690,1.9600,87.0000
1785852485.7597,1.9690,1.9590,82.0000,1.9690,1.9760,84.0000,1.9690,1.9880,84.0000,1.9690,1.9510,87.0000
1785852485.8098,1.9690,1.9670,82.0000,1.9690,1.9750,84.0000,1.9690,1.9560,86.0000,1.9690,1.9820,85.0000
1785852485.8598,1.9690,1.9760,82.0000,1.9690,1.9630,85.0000,1.9690,1.9650,86.0000,1.9690,1.9770,86.0000
1785852485.9097,1.9690,1.9690,82.0000,1.9690,1.9670,85.0000,1.9690,1.9820,85.0000,1.9690,1.9580,87.0000
1785852485.9598,1.9690,1.9660,82.0000,1.9690,1.9810,84.0000,1.9690,1.9780,85.0000,1.9690,1.9600,87.0000
1785852486.0098,1.9690,1.9670,82.0000,1.9690,1.9750,84.0000,1.9690,1.9560,86.0000,1.9690,1.9860,85.0000
1785852486.0598,1.9690,1.9660,82.0000,1.9690,1.9650,85.0000,1.9690,1.9690,85.0000,1.9690,1.9680,86.0000
1785852486.1098,1.9690,1.9580,83.0000,1.9690,1.9700,85.0000,1.9690,1.9880,84.0000,1.9690,1.9600,87.0000
1785852486.1598,1.9690,1.9720,82.0000,1.9690,1.9770,84.0000,1.9690,1.9670,85.0000,1.9690,1.9860,85.0000
1785852486.2098,1.9690,1.9720,82.0000,1.9690,1.9730,84.0000,1.9690,1.9550,86.0000,1.9690,1.9740,86.0000
1785852486.2598,1.9690,1.9760,82.0000,1.9690,1.9590,85.0000,1.9690,1.9780,85.0000,1.9690,1.9670,86.0000
1785852486.3098,1.9690,1.9620,82.0000,1.9690,1.9730,84.0000,1.9690,1.9830,84.0000,1.9690,1.9650,86.0000
1785852486.3598,1.9690,1.9710,82.0000,1.9690,1.9750,84.0000,1.9690,1.9590,86.0000,1.9690,1.9850,85.0000
1785852486.4098,1.9690,1.9800,81.0000,1.9690,1.9640,85.0000,1.9690,1.9580,86.0000,1.9690,1.9800,85.0000
1785852486.4598,1.9690,1.9750,82.0000,1.9690,1.9650,85.0000,1.9690,1.9850,84.0000,1.9690,1.9510,87.0000
1785852486.5098,1.9690,1.9700,82.0000,1.9690,1.9730,84.0000,1.9690,1.9800,85.0000,1.9690,1.9600,86.0000
1785852486.5598,1.9690,1.9750,81.0000,1.9690,1.9720,84.0000,1.9690,1.9520,86.0000,1.9690,1.9810,85.0000
1785852486.6098,1.9690,1.9760,81.0000,1.9690,1.9630,85.0000,1.9690,1.9650,85.0000,1.9690,1.9730,86.0000
1785852486.6598,1.9690,1.9740,81.0000,1.9690,1.9720,84.0000,1.9690,1.9870,84.0000,1.9690,1.9600,86.0000
1785852486.7098,1.9690,1.9640,82.0000,1.9690,1.9770,84.0000,1.9690,1.9730,85.0000,1.9690,1.9760,85.0000
1785852486.7598,1.9690,1.9730,81.0000,1.9690,1.9670,85.0000,1.9690,1.9530,86.0000,1.9690,1.9890,85.0000
1785852486.8097,1.9690,1.9760,81.0000,1.9690,1.9660,85.0000,1.9690,1.9740,85.0000,1.9690,1.9700,86.0000
1785852486.8597,1.9690,1.9630,82.0000,1.9690,1.9730,84.0000,1.9690,1.9870,84.0000,1.9690,1.9600,86.0000
1785852486.9102,1.9690,1.9680,82.0000,1.9690,1.9740,84.0000,1.9690,1.9560,86.0000,1.9690,1.9810,85.0000
1785852486.9598,1.9690,1.9730,81.0000,1.9690,1.9630,85.0000,1.9690,1.9570,86.0000,1.9690,1.9810,85.0000
1785852487.0098,1.9690,1.9720,81.0000,1.9690,1.9640,85.0000,1.9690,1.9770,85.0000,1.9690,1.9610,86.0000
1785852487.0599,1.9690,1.9700,81.0000,1.9690,1.9740,84.0000,1.9690,1.9800,84.0000,1.9690,1.9610,86.0000
1785852487.1098,1.9690,1.9730,81.0000,1.9690,1.9710,84.0000,1.9690,1.9520,86.0000,1.9690,1.9790,85.0000
1785852487.1598,1.9690,1.9820,81.0000,1.9690,1.9640,85.0000,1.9690,1.9650,85.0000,1.9690,1.9730,85.0000
1785852487.2098,1.9690,1.9640,82.0000,1.9690,1.9710,84.0000,1.9690,1.9840,84.0000,1.9690,1.9510,87.0000
1785852487.2598,1.9690,1.9640,82.0000,1.9690,1.9710,84.0000,1.9690,1.9770,85.0000,1.9690,1.9790,85.0000
1785852487.3098,1.9690,1.9690,81.0000,1.9690,1.9640,85.0000,1.9690,1.9530,86.0000,1.9690,1.9840,85.0000
1785852487.3598,1.9690,1.9750,81.0000,1.9690,1.9600,85.0000,1.9690,1.9650,85.0000,1.9690,1.9640,86.0000
1785852487.4098,1.9690,1.9620,82.0000,1.9690,1.9750,84.0000,1.9690,1.9900,84.0000,1.9690,1.9590,86.0000
1785852487.4598,1.9690,1.9630,82.0000,1.9690,1.9740,84.0000,1.9690,1.9650,85.0000,1.9690,1.9790,85.0000
1785852487.5098,1.9690,1.9740,81.0000,1.9690,1.9650,85.0000,1.9690,1.9550,86.0000,1.9690,2.0060,83.0000
1785852487.5598,1.9690,1.9610,82.0000,1.9690,1.9630,85.0000,1.9690,1.9780,85.0000,1.9690,1.9680,85.0000
1785852487.6098,1.9690,1.9650,82.0000,1.9690,1.9780,84.0000,1.9690,1.9830,84.0000,1.9690,1.9550,86.0000
1785852487.6598,1.9690,1.9680,82.0000,1.9690,1.9700,85.0000,1.9690,1.9590,86.0000,1.9690,1.9790,84.0000
1785852487.7098,1.9690,1.9780,81.0000,1.9690,1.9630,85.0000,1.9690,1.9630,85.0000,1.9690,1.9680,85.0000
1785852487.7598,1.9690,1.9660,82.0000,1.9690,1.9720,84.0000,1.9690,1.9870,84.0000,1.9690,1.9560,86.0000
1785852487.8099,1.9690,1.9630,82.0000,1.9690,1.9810,84.0000,1.9690,1.9800,84.0000,1.9690,1.9630,85.0000
1785852487.8598,1.9690,1.9650,82.0000,1.9690,1.9690,84.0000,1.9690,1.9490,86.0000,1.9690,1.9950,84.0000
1785852487.9098,1.9690,1.9730,81.0000,1.9690,1.9610,85.0000,1.9690,1.9680,85.0000,1.9690,1.9780,85.0000
1785852487.9598,1.9690,1.9640,82.0000,1.9690,1.9680,85.0000,1.9690,1.9890,84.0000,1.9690,1.9730,85.0000
1785852488.0098,1.9690,1.9650,82.0000,1.9690,1.9760,84.0000,1.9690,1.9690,85.0000,1.9690,1.9770,84.0000
1785852488.0598,1.9690,1.9720,81.0000,1.9690,1.9690,85.0000,1.9690,1.9580,86.0000,1.9690,1.9920,83.0000
1785852488.1098,1.9690,1.9630,82.0000,1.9690,1.9640,85.0000,1.9690,1.9740,84.0000,1.9690,1.9810,84.0000
1785852488.1598,1.9690,1.9670,82.0000,1.9690,1.9750,84.0000,1.9690,1.9850,84.0000,1.9690,1.9640,85.0000
1785852488.2098,1.7290,1.9550,62.0000,1.7290,1.9500,65.0000,1.6090,1.9010,57.0000,1.6090,1.9060,56.0000
1785852488.2598,1.1290,1.4050,38.0000,1.1290,1.4160,39.0000,1.1290,1.3610,34.0000,1.0090,1.3460,31.0000
1785852488.3098,0.5290,0.7920,14.0000,0.5290,0.8080,14.0000,0.5290,0.7380,11.0000,0.4090,0.7590,5.0000
1785852488.4098,0.0000,0.1730,0.0000,0.0000,0.1680,0.0000,0.0000,0.1780,0.0000,0.0000,0.0800,0.0000
1785852488.4105,0.0000,0.0110,0.0000,0.0000,0.0110,0.0000,0.0000,-0.0010,0.0000,0.0000,-0.0030,0.0000
1785852488.4597,0.0000,0.0010,0.0000,0.0000,0.0010,0.0000,0.0000,-0.0000,0.0000,0.0000,-0.0000,0.0000
1785852488.5097,0.0000,0.0000,0.0000,0.0000,0.0000,0.0000,0.0000,-0.0000,0.0000,0.0000,-0.0000,0.0000
1785852488.5600,-0.2400,-0.0150,-28.0000,-0.2400,-0.0180,-28.0000,-0.3600,-0.0570,-36.0000,-0.3600,-0.0990,-34.0000
1785852488.6100,-0.8400,-0.6160,-49.0000,-0.8400,-0.6330,-48.0000,-0.9600,-0.6380,-60.0000,-0.9600,-0.7150,-55.0000
1785852488.6600,-1.4400,-1.1930,-74.0000,-1.4400,-1.2300,-73.0000,-1.5600,-1.2910,-83.0000,-1.5600,-1.3140,-80.0000
1785852488.7100,-1.9690,-1.8150,-92.0000,-1.9690,-1.8290,-93.0000,-1.9690,-1.8730,-94.0000,-1.9690,-1.9580,-87.0000
1785852488.7600,-1.9690,-2.0290,-86.0000,-1.9690,-2.0360,-87.0000,-1.9690,-2.0520,-89.0000,-1.9690,-2.0690,-85.0000
1785852488.8100,-1.9690,-2.0430,-86.0000,-1.9690,-2.0510,-87.0000,-1.9690,-2.0680,-88.0000,-1.9690,-2.0570,-86.0000
1785852488.8600,-1.9690,-2.0390,-86.0000,-1.9690,-2.0460,-87.0000,-1.9690,-2.0570,-89.0000,-1.9690,-2.0420,-86.0000
1785852488.9100,-1.9690,-2.0280,-86.0000,-1.9690,-2.0320,-86.0000,-1.9690,-2.0260,-89.0000,-1.9690,-2.0600,-84.0000
1785852488.9600,-1.9690,-2.0230,-85.0000,-1.9690,-2.0230,-86.0000,-1.9690,-2.0280,-88.0000,-1.9690,-2.0500,-84.0000
1785852489.0101,-1.9690,-2.0220,-84.0000,-1.9690,-2.0240,-85.0000,-1.9690,-2.0450,-87.0000,-1.9690,-2.0170,-85.0000
1785852489.0600,-1.9690,-2.0080,-85.0000,-1.9690,-2.0160,-85.0000,-1.9690,-2.0240,-87.0000,-1.9690,-2.0110,-84.0000
1785852489.1100,-1.9690,-1.9950,-85.0000,-1.9690,-2.0020,-85.0000,-1.9690,-1.9930,-88.0000,-1.9690,-2.0200,-83.0000
1785852489.1601,-1.9690,-1.9960,-84.0000,-1.9690,-1.9980,-85.0000,-1.9690,-1.9990,-87.0000,-1.9690,-2.0220,-82.0000
1785852489.2100,-1.9690,-1.9940,-84.0000,-1.9690,-2.0000,-85.0000,-1.9690,-2.0200,-86.0000,-1.9690,-1.9880,-84.0000
1785852489.2601,-1.9690,-1.9840,-84.0000,-1.9690,-1.9990,-84.0000,-1.9690,-2.0010,-86.0000,-1.9690,-1.9850,-83.0000
1785852489.3101,-1.9690,-1.9860,-84.0000,-1.9690,-1.9880,-85.0000,-1.9690,-1.9720,-88.0000,-1.9690,-2.0040,-82.0000
1785852489.3601,-1.9690,-1.9870,-84.0000,-1.9690,-1.9800,-85.0000,-1.9690,-1.9920,-86.0000,-1.9690,-2.0030,-82.0000
1785852489.4100,-1.9690,-1.9820,-84.0000,-1.9690,-1.9890,-84.0000,-1.9690,-2.0030,-85.0000,-1.9690,-1.9690,-83.0000
1785852489.4600,-1.9690,-1.9780,-84.0000,-1.9690,-1.9810,-84.0000,-1.9690,-1.9760,-87.0000,-1.9690,-1.9740,-83.0000
1785852489.5107,-1.9690,-1.9820,-84.0000,-1.9690,-1.9730,-85.0000,-1.9690,-1.9610,-87.0000,-1.9690,-1.9980,-81.0000
1785852489.5601,-1.9690,-1.9800,-84.0000,-1.9690,-1.9800,-84.0000,-1.9690,-1.9820,-85.0000,-1.9690,-1.9760,-83.0000
1785852489.6101,-1.9690,-1.9780,-84.0000,-1.9690,-1.9790,-84.0000,-1.9690,-1.9940,-85.0000,-1.9690,-1.9610,-83.0000
1785852489.6608,-1.9690,-1.9690,-84.0000,-1.9690,-1.9700,-84.0000,-1.9690,-1.9720,-86.0000,-1.9690,-1.9750,-82.0000
1785852489.7100,-1.9690,-1.9760,-83.0000,-1.9690,-1.9760,-84.0000,-1.9690,-1.9600,-87.0000,-1.9690,-1.9940,-81.0000
1785852489.7600,-1.9690,-1.9800,-83.0000,-1.9690,-1.9800,-84.0000,-1.9690,-1.9880,-85.0000,-1.9690,-1.9720,-82.0000
1785852489.8103,-1.9690,-1.9730,-84.0000,-1.9690,-1.9750,-84.0000,-1.9690,-1.9910,-85.0000,-1.9690,-1.9630,-83.0000
1785852489.8601,-1.9690,-1.9710,-84.0000,-1.9690,-1.9690,-84.0000,-1.9690,-1.9600,-87.0000,-1.9690,-1.9760,-82.0000
1785852489.9100,-1.9690,-1.9780,-83.0000,-1.9690,-1.9730,-84.0000,-1.9690,-1.9680,-86.0000,-1.9690,-1.9860,-81.0000
1785852489.9600,-1.9690,-1.9720,-83.0000,-1.9690,-1.9760,-84.0000,-1.9690,-1.9870,-85.0000,-1.9690,-1.9640,-83.0000
1785852490.0100,-1.9690,-1.9680,-84.0000,-1.9690,-1.9740,-84.0000,-1.9690,-1.9780,-85.0000,-1.9690,-1.9590,-83.0000
1785852490.0601,-1.9690,-1.9640,-84.0000,-1.9690,-1.9680,-84.0000,-1.9690,-1.9520,-87.0000,-1.9690,-1.9930,-81.0000
1785852490.1102,-1.9690,-1.9710,-83.0000,-1.9690,-1.9720,-84.0000,-1.9690,-1.9750,-85.0000,-1.9690,-1.9770,-82.0000
1785852490.1600,-1.9690,-1.9730,-83.0000,-1.9690,-1.9700,-84.0000,-1.9690,-1.9870,-85.0000,-1.9690,-1.9610,-83.0000
1785852490.2100,-1.9690,-1.9710,-83.0000,-1.9690,-1.9710,-84.0000,-1.9690,-1.9700,-86.0000,-1.9690,-1.9660,-82.0000
1785852490.2600,-1.9690,-1.9650,-84.0000,-1.9690,-1.9650,-84.0000,-1.9690,-1.9500,-87.0000,-1.9690,-1.9860,-81.0000
1785852490.3101,-1.9690,-1.9700,-83.0000,-1.9690,-1.9720,-84.0000,-1.9690,-1.9850,-85.0000,-1.9690,-1.9730,-82.0000
1785852490.3601,-1.9690,-1.9680,-84.0000,-1.9690,-1.9740,-84.0000,-1.9690,-1.9850,-85.0000,-1.9690,-1.9530,-83.0000
1785852490.4101,-1.9690,-1.9670,-84.0000,-1.9690,-1.9640,-84.0000,-1.9690,-1.9570,-86.0000,-1.9690,-1.9750,-82.0000
1785852490.4601,-1.9690,-1.9780,-83.0000,-1.9690,-1.9700,-84.0000,-1.9690,-1.9600,-86.0000,-1.9690,-1.9820,-81.0000
1785852490.5100,-1.9690,-1.9680,-83.0000,-1.9690,-1.9780,-83.0000,-1.9690,-1.9830,-85.0000,-1.9690,-1.9590,-82.0000
1785852490.5602,-1.9690,-1.9710,-83.0000,-1.9690,-1.9680,-84.0000,-1.9690,-1.9810,-85.0000,-1.9690,-1.9510,-83.0000
1785852490.6101,-1.9690,-1.9630,-84.0000,-1.9690,-1.9610,-84.0000,-1.9690,-1.9520,-87.0000,-1.9690,-1.9810,-81.0000
1785852490.6601,-1.9690,-1.9670,-84.0000,-1.9690,-1.9710,-84.0000,-1.9690,-1.9670,-86.0000,-1.9690,-1.9790,-81.0000
1785852490.7102,-1.9690,-1.9680,-84.0000,-1.9690,-1.9760,-83.0000,-1.9690,-1.9860,-85.0000,-1.9690,-1.9520,-83.0000
1785852490.7600,-1.9690,-1.9640,-84.0000,-1.9690,-1.9660,-84.0000,-1.9690,-1.9710,-85.0000,-1.9690,-1.9610,-83.0000
1785852490.8101,-1.9690,-1.9710,-83.0000,-1.9690,-1.9630,-84.0000,-1.9690,-1.9510,-87.0000,-1.9690,-1.9830,-81.0000
1785852490.8608,-1.9690,-1.9720,-83.0000,-1.9690,-1.9660,-84.0000,-1.9690,-1.9740,-85.0000,-1.9690,-1.9690,-82.0000
1785852490.9101,-1.9690,-1.9690,-83.0000,-1.9690,-1.9690,-84.0000,-1.9690,-1.9880,-85.0000,-1.9690,-1.9420,-84.0000
1785852490.9600,-1.9690,-1.9710,-83.0000,-1.9690,-1.9670,-84.0000,-1.9690,-1.9550,-86.0000,-1.9690,-1.9700,-82.0000
1785852491.0101,-1.9690,-1.9670,-84.0000,-1.9690,-1.9680,-84.0000,-1.9690,-1.9540,-86.0000,-1.9690,-1.9840,-81.0000
1785852491.0601,-1.9690,-1.9660,-84.0000,-1.9690,-1.9730,-83.0000,-1.9690,-1.9840,-85.0000,-1.9690,-1.9600,-83.0000
1785852491.1100,-1.9690,-1.9650,-84.0000,-1.9690,-1.9710,-84.0000,-1.9690,-1.9830,-85.0000,-1.9690,-1.9500,-83.0000
1785852491.1601,-1.9690,-1.9700,-83.0000,-1.9690,-1.9630,-84.0000,-1.9690,-1.9510,-86.0000,-1.9690,-1.9770,-82.0000
1785852491.2101,-1.9690,-1.9730,-83.0000,-1.9690,-1.9730,-83.0000,-1.9690,-1.9650,-86.0000,-1.9690,-1.9810,-82.0000
1785852491.2602,-1.9690,-1.9700,-83.0000,-1.9690,-1.9810,-83.0000,-1.9690,-1.9840,-85.0000,-1.9690,-1.9550,-83.0000
1785852491.3101,-1.9690,-1.9620,-84.0000,-1.9690,-1.9670,-84.0000,-1.9690,-1.9760,-85.0000,-1.9690,-1.9600,-83.0000
1785852491.3602,-1.9690,-1.9680,-84.0000,-1.9690,-1.9630,-84.0000,-1.9690,-1.9460,-87.0000,-1.9690,-1.9800,-82.0000
1785852491.4101,-1.9690,-1.9720,-83.0000,-1.9690,-1.9760,-83.0000,-1.9690,-1.9690,-85.0000,-1.9690,-1.9710,-82.0000
1785852491.4601,-1.9690,-1.9680,-84.0000,-1.9690,-1.9770,-83.0000,-1.9690,-1.9830,-85.0000,-1.9690,-1.9560,-83.0000
1785852491.5101,-1.9690,-1.9660,-84.0000,-1.9690,-1.9650,-84.0000,-1.9690,-1.9600,-86.0000,-1.9690,-1.9690,-82.0000
1785852491.5601,-1.9690,-1.9660,-84.0000,-1.9690,-1.9710,-83.0000,-1.9690,-1.9540,-86.0000,-1.9690,-1.9850,-81.0000
1785852491.6101,-1.9690,-1.9720,-83.0000,-1.9690,-1.9760,-83.0000,-1.9690,-1.9750,-85.0000,-1.9690,-1.9690,-82.0000
1785852491.6601,-1.9690,-1.9700,-83.0000,-1.9690,-1.9730,-83.0000,-1.9690,-1.9830,-85.0000,-1.9690,-1.9630,-83.0000
1785852491.7101,-1.9690,-1.9740,-83.0000,-1.9690,-1.9610,-84.0000,-1.9690,-1.9590,-86.0000,-1.9690,-1.9750,-82.0000
1785852491.7602,-1.9690,-1.9670,-84.0000,-1.9690,-1.9760,-83.0000,-1.9690,-1.9570,-86.0000,-1.9690,-1.9830,-81.0000
1785852491.8100,-1.9690,-1.9680,-83.0000,-1.9690,-1.9810,-83.0000,-1.9690,-1.9850,-85.0000,-1.9690,-1.9560,-83.0000
1785852491.8601,-1.9690,-1.9720,-83.0000,-1.9690,-1.9700,-83.0000,-1.9690,-1.9760,-85.0000,-1.9690,-1.9630,-83.0000
1785852491.9108,-1.9690,-1.9710,-83.0000,-1.9690,-1.9620,-84.0000,-1.9690,-1.9530,-86.0000,-1.9690,-1.9870,-81.0000
1785852491.9601,-1.9690,-1.9690,-83.0000,-1.9690,-1.9700,-83.0000,-1.9690,-1.9690,-85.0000,-1.9690,-1.9770,-82.0000
1785852492.0101,-1.9690,-1.9660,-84.0000,-1.9690,-1.9760,-83.0000,-1.9690,-1.9920,-85.0000,-1.9690,-1.9460,-84.0000
1785852492.0608,-1.9690,-1.9700,-83.0000,-1.9690,-1.9640,-84.0000,-1.9690,-1.9660,-86.0000,-1.9690,-1.9650,-83.0000
1785852492.1101,-1.9690,-1.9710,-83.0000,-1.9690,-1.9650,-84.0000,-1.9690,-1.9570,-86.0000,-1.9690,-1.9850,-81.0000
1785852492.1608,-1.9690,-1.9660,-84.0000,-1.9690,-1.9740,-83.0000,-1.9690,-1.9770,-85.0000,-1.9690,-1.9630,-83.0000
1785852492.2101,-1.9690,-1.9690,-83.0000,-1.9690,-1.9720,-83.0000,-1.9690,-1.9890,-85.0000,-1.9690,-1.9560,-83.0000
1785852492.2601,-1.9690,-1.9680,-83.0000,-1.9690,-1.9610,-84.0000,-1.9690,-1.9580,-86.0000,-1.9690,-1.9670,-82.0000
1785852492.3101,-1.9690,-1.9680,-83.0000,-1.9690,-1.9670,-83.0000,-1.9690,-1.9560,-86.0000,-1.9690,-1.9800,-82.0000
1785852492.3601,-1.9690,-1.9740,-83.0000,-1.9690,-1.9740,-83.0000,-1.9690,-1.9840,-84.0000,-1.9690,-1.9530,-83.0000
1785852492.4101,-1.9690,-1.9630,-84.0000,-1.9690,-1.9720,-83.0000,-1.9690,-1.9790,-85.0000,-1.9690,-1.9520,-84.0000
1785852492.4601,-1.9690,-1.9650,-84.0000,-1.9690,-1.9620,-84.0000,-1.9690,-1.9500,-86.0000,-1.9690,-1.9920,-81.0000
1785852492.5101,-1.9690,-1.9660,-84.0000,-1.9690,-1.9680,-83.0000,-1.9690,-1.9660,-86.0000,-1.9690,-1.9800,-82.0000
1785852492.5601,-1.9690,-1.9660,-84.0000,-1.9690,-1.9740,-83.0000,-1.9690,-1.9890,-84.0000,-1.9690,-1.9560,-83.0000
1785852492.6101,-1.9690,-1.9710,-83.0000,-1.9690,-1.9630,-84.0000,-1.9690,-1.9770,-85.0000,-1.9690,-1.9740,-82.0000
1785852492.6601,-1.9690,-1.9650,-84.0000,-1.9690,-1.9660,-83.0000,-1.9690,-1.9460,-87.0000,-1.9690,-1.9960,-81.0000
1785852492.7101,-1.6090,-1.9010,-56.0000,-1.6090,-1.9000,-56.0000,-1.4890,-1.8550,-49.0000,-1.4890,-1.8070,-49.0000
1785852492.7601,-1.0090,-1.3010,-34.0000,-1.0090,-1.2780,-34.0000,-1.0090,-1.2580,-30.0000,-0.8890,-1.1640,-28.0000
1785852492.8101,-0.4090,-0.6930,-9.0000,-0.4090,-0.6830,-8.0000,-0.4090,-0.6340,-4.0000,-0.2890,-0.5530,-3.0000
1785852492.8599,0.0000,-0.0860,0.0000,0.0000,-0.0620,0.0000,0.0000,-0.0690,0.0000,0.0000,-0.0260,0.0000
1785852492.9099,0.0000,-0.0070,0.0000,0.0000,-0.0040,0.0000,0.0000,0.0010,0.0000,0.0000,-0.0020,0.0000
1785852492.9598,0.0000,-0.0010,0.0000,0.0000,-0.0000,0.0000,0.0000,0.0000,0.0000,0.0000,-0.0000,0.0000
1785852493.0098,0.0000,-0.0000,0.0000,0.0000,-0.0000,0.0000,0.0000,0.0000,0.0000,0.0000,-0.0000,0.0000
1785852493.0599,0.0000,-0.0000,0.0000,0.0000,-0.0000,0.0000,0.0000,0.0000,0.0000,0.0000,-0.0000,0.0000
1785852493.1100,0.1200,-0.0000,14.0000,-0.1200,-0.0000,-14.0000,-0.2400,-0.0130,-28.0000,0.2400,0.0160,28.0000
1785852493.1599,0.7200,0.5120,43.0000,-0.7200,-0.5300,-43.0000,-0.8400,-0.5890,-51.0000,0.8400,0.5470,53.0000
1785852493.2101,1.3200,1.0910,68.0000,-1.3200,-1.0890,-70.0000,-1.4400,-1.1420,-79.0000,1.4400,1.1960,76.0000
1785852493.2600,1.9200,1.7050,92.0000,-1.7190,-1.7010,-77.0000,-1.6800,-1.7400,-74.0000,2.0400,1.8070,101.0000
1785852493.3102,2.2310,2.2750,94.0000,-1.6800,-1.7330,-76.0000,-1.6010,-1.7480,-70.0000,2.2830,2.2930,102.0000
1785852493.3601,2.2830,2.3550,98.0000,-1.6010,-1.6670,-72.0000,-1.5880,-1.6490,-74.0000,2.2970,2.3580,102.0000
1785852493.4100,2.2970,2.3750,98.0000,-1.5880,-1.6650,-70.0000,-1.5880,-1.6720,-71.0000,2.2970,2.3850,101.0000
1785852493.4614,2.2970,2.3810,97.0000,-1.5880,-1.6420,-70.0000,-1.5880,-1.6360,-73.0000,2.2970,2.3800,101.0000
1785852493.5102,2.2970,2.3740,97.0000,-1.5620,-1.6130,-69.0000,-1.5620,-1.6070,-71.0000,2.2970,2.3610,101.0000
1785852493.5602,2.2970,2.3620,97.0000,-1.5620,-1.6060,-69.0000,-1.5620,-1.6180,-70.0000,2.2970,2.3490,101.0000
1785852493.6103,2.2970,2.3520,96.0000,-1.5620,-1.5920,-69.0000,-1.5620,-1.5750,-72.0000,2.2970,2.3250,102.0000
1785852493.6601,2.2970,2.3370,96.0000,-1.5620,-1.5970,-68.0000,-1.5620,-1.6030,-69.0000,2.2970,2.3310,101.0000
1785852493.7102,2.2970,2.3350,96.0000,-1.5620,-1.5830,-68.0000,-1.5620,-1.5730,-71.0000,2.2970,2.3340,100.0000
1785852493.7601,2.2970,2.3380,95.0000,-1.5620,-1.5840,-68.0000,-1.5620,-1.5850,-70.0000,2.2970,2.3470,99.0000
1785852493.8102,2.2970,2.3240,96.0000,-1.5620,-1.5760,-68.0000,-1.5620,-1.5920,-69.0000,2.2970,2.3300,99.0000
1785852493.8603,2.2970,2.3220,95.0000,-1.5620,-1.5680,-68.0000,-1.5620,-1.5610,-71.0000,2.2970,2.3320,98.0000
1785852493.9101,2.2970,2.3230,95.0000,-1.5620,-1.5810,-68.0000,-1.5620,-1.5880,-69.0000,2.2970,2.3200,99.0000
1785852493.9600,2.2970,2.3180,95.0000,-1.5620,-1.5690,-68.0000,-1.5620,-1.5560,-71.0000,2.2970,2.3060,99.0000
1785852494.0101,2.2970,2.3160,95.0000,-1.5620,-1.5760,-68.0000,-1.5620,-1.5820,-69.0000,2.2970,2.2990,100.0000
1785852494.0601,2.2970,2.3160,95.0000,-1.5620,-1.5700,-68.0000,-1.5620,-1.5730,-69.0000,2.2970,2.3040,99.0000
1785852494.1101,2.2970,2.3090,95.0000,-1.5620,-1.5660,-68.0000,-1.5620,-1.5640,-70.0000,2.2970,2.3130,98.0000
1785852494.1601,2.2970,2.3060,95.0000,-1.5620,-1.5690,-68.0000,-1.5620,-1.5820,-69.0000,2.2970,2.3180,98.0000
1785852494.2100,2.2970,2.3160,94.0000,-1.5620,-1.5600,-68.0000,-1.5620,-1.5480,-71.0000,2.2970,2.3160,98.0000
1785852494.2601,2.2970,2.3060,94.0000,-1.5620,-1.5720,-67.0000,-1.5620,-1.5760,-69.0000,2.2970,2.2980,99.0000
1785852494.3101,2.2970,2.3040,94.0000,-1.5620,-1.5630,-68.0000,-1.5620,-1.5530,-70.0000,2.2970,2.2840,100.0000
1785852494.3600,2.2970,2.2970,95.0000,-1.5620,-1.5620,-68.0000,-1.5620,-1.5720,-69.0000,2.2970,2.2810,100.0000
1785852494.4101,2.2970,2.2890,95.0000,-1.5620,-1.5700,-67.0000,-1.5620,-1.5750,-69.0000,2.2970,2.2940,99.0000
1785852494.4601,2.2970,2.3000,94.0000,-1.5620,-1.5580,-68.0000,-1.5620,-1.5520,-70.0000,2.2970,2.3120,98.0000
1785852494.5100,2.2970,2.2980,95.0000,-1.5620,-1.5720,-67.0000,-1.5620,-1.5800,-68.0000,2.2970,2.3200,98.0000
1785852494.5601,2.2970,2.3060,94.0000,-1.5620,-1.5580,-68.0000,-1.5620,-1.5390,-71.0000,2.2970,2.3100,98.0000
1785852494.6100,2.2970,2.2990,94.0000,-1.5620,-1.5660,-67.0000,-1.5620,-1.5750,-69.0000,2.2970,2.2930,99.0000
1785852494.6601,2.2970,2.2920,95.0000,-1.5620,-1.5650,-67.0000,-1.5620,-1.5570,-70.0000,2.2970,2.2800,100.0000
1785852494.7100,2.2970,2.2990,94.0000,-1.5620,-1.5590,-68.0000,-1.5620,-1.5610,-70.0000,2.2970,2.2840,99.0000
1785852494.7600,2.2970,2.2910,95.0000,-1.5620,-1.5690,-67.0000,-1.5620,-1.5810,-69.0000,2.2970,2.2940,99.0000
1785852494.8101,2.2970,2.2960,95.0000,-1.5620,-1.5570,-68.0000,-1.5620,-1.5430,-70.0000,2.2970,2.3080,98.0000
1785852494.8601,2.2970,2.2990,94.0000,-1.5620,-1.5700,-67.0000,-1.5620,-1.5760,-69.0000,2.2970,2.3320,97.0000
1785852494.9101,2.2970,2.3060,94.0000,-1.5620,-1.5600,-68.0000,-1.5620,-1.5500,-70.0000,2.2970,2.3290,97.0000
1785852494.9600,2.2970,2.2970,95.0000,-1.5620,-1.5650,-67.0000,-1.5620,-1.5680,-69.0000,2.2970,2.2960,98.0000
1785852495.0100,2.2970,2.2970,95.0000,-1.5620,-1.5660,-67.0000,-1.5620,-1.5710,-69.0000,2.2970,2.2960,98.0000
1785852495.0601,2.2970,2.2940,95.0000,-1.5620,-1.5610,-68.0000,-1.5620,-1.5550,-70.0000,2.2970,2.2980,98.0000
1785852495.1101,2.2970,2.2980,94.0000,-1.5620,-1.5710,-67.0000,-1.5620,-1.5850,-68.0000,2.2970,2.3000,98.0000
1785852495.1601,2.2970,2.3020,94.0000,-1.5620,-1.5550,-68.0000,-1.5620,-1.5350,-71.0000,2.2970,2.3180,96.0000
1785852495.2101,2.2970,2.3020,94.0000,-1.5620,-1.5690,-67.0000,-1.5620,-1.5740,-69.0000,2.2970,2.3140,97.0000
1785852495.2601,2.2970,2.2980,94.0000,-1.5620,-1.5620,-67.0000,-1.5620,-1.5530,-70.0000,2.2970,2.2830,98.0000
1785852495.3101,2.2970,2.2970,94.0000,-1.5620,-1.5630,-67.0000,-1.5620,-1.5670,-69.0000,2.2970,2.2770,99.0000
1785852495.3601,2.2970,2.2960,95.0000,-1.5620,-1.5700,-67.0000,-1.5620,-1.5750,-68.0000,2.2970,2.2760,99.0000
1785852495.4100,2.2970,2.2990,94.0000,-1.5620,-1.5550,-68.0000,-1.5620,-1.5470,-70.0000,2.2970,2.2830,99.0000
1785852495.4601,2.2970,2.3010,94.0000,-1.5620,-1.5710,-67.0000,-1.5620,-1.5820,-68.0000,2.2970,2.3030,98.0000
1785852495.5100,2.2970,2.2990,94.0000,-1.5620,-1.5560,-68.0000,-1.5620,-1.5370,-71.0000,2.2970,2.3090,97.0000
1785852495.5600,2.2970,2.3010,94.0000,-1.5620,-1.5710,-67.0000,-1.5620,-1.5750,-68.0000,2.2970,2.3050,98.0000
1785852495.6102,2.2970,2.2960,94.0000,-1.5620,-1.5590,-67.0000,-1.5620,-1.5620,-69.0000,2.2970,2.2900,98.0000
1785852495.6600,2.2970,2.2990,94.0000,-1.5620,-1.5560,-68.0000,-1.5620,-1.5570,-70.0000,2.2970,2.2830,99.0000
1785852495.7100,2.2970,2.2970,94.0000,-1.5620,-1.5660,-67.0000,-1.5620,-1.5810,-68.0000,2.2970,2.2820,99.0000
1785852495.7600,2.2970,2.3000,94.0000,-1.5620,-1.5570,-68.0000,-1.5620,-1.5390,-71.0000,2.2970,2.2890,99.0000
1785852495.8102,2.2970,2.2940,95.0000,-1.5620,-1.5650,-67.0000,-1.5620,-1.5830,-68.0000,2.2970,2.3050,98.0000
1785852495.8601,2.2970,2.3000,94.0000,-1.5620,-1.5600,-67.0000,-1.5620,-1.5450,-70.0000,2.2970,2.2990,98.0000
1785852495.9101,2.2970,2.3010,94.0000,-1.5620,-1.5570,-68.0000,-1.5620,-1.5650,-69.0000,2.2970,2.2980,98.0000
1785852495.9600,2.2970,2.2990,94.0000,-1.5620,-1.5630,-67.0000,-1.5620,-1.5710,-69.0000,2.2970,2.2840,99.0000
1785852496.0101,2.2970,2.2950,94.0000,-1.5620,-1.5560,-68.0000,-1.5620,-1.5480,-69.0000,2.2970,2.2820,99.0000
1785852496.0601,2.2970,2.2950,94.0000,-1.5620,-1.5720,-67.0000,-1.5620,-1.5810,-68.0000,2.2970,2.2800,99.0000
1785852496.1101,2.2970,2.2930,95.0000,-1.5620,-1.5560,-68.0000,-1.5620,-1.5410,-70.0000,2.2970,2.2930,99.0000
1785852496.1601,2.2970,2.2970,94.0000,-1.5620,-1.5680,-67.0000,-1.5620,-1.5770,-68.0000,2.2970,2.3150,97.0000
1785852496.2101,2.2970,2.3010,94.0000,-1.5620,-1.5600,-67.0000,-1.5620,-1.5520,-70.0000,2.2970,2.3150,97.0000
1785852496.2600,2.2970,2.3020,94.0000,-1.5620,-1.5570,-68.0000,-1.5620,-1.5670,-69.0000,2.2970,2.3010,98.0000
1785852496.3102,2.2970,2.2910,95.0000,-1.5620,-1.5640,-67.0000,-1.5620,-1.5760,-68.0000,2.2970,2.2960,99.0000
1785852496.3602,2.2970,2.2890,95.0000,-1.5620,-1.5610,-67.0000,-1.5620,-1.5490,-70.0000,2.2970,2.2850,99.0000
1785852496.4101,2.2970,2.2960,94.0000,-1.5620,-1.5710,-67.0000,-1.5620,-1.5750,-68.0000,2.2970,2.2920,99.0000
1785852496.4601,2.2970,2.2990,94.0000,-1.5620,-1.5540,-68.0000,-1.5620,-1.5420,-70.0000,2.2970,2.2980,98.0000
1785852496.5101,2.2970,2.2950,94.0000,-1.5620,-1.5700,-67.0000,-1.5620,-1.5740,-68.0000,2.2970,2.3060,98.0000
1785852496.5601,2.2970,2.3000,94.0000,-1.5620,-1.5560,-68.0000,-1.5620,-1.5580,-69.0000,2.2970,2.3090,98.0000
1785852496.6102,2.2970,2.2990,94.0000,-1.5620,-1.5570,-68.0000,-1.5620,-1.5540,-70.0000,2.2970,2.2980,98.0000
1785852496.6601,2.2970,2.3000,94.0000,-1.5620,-1.5620,-67.0000,-1.5620,-1.5790,-68.0000,2.2970,2.2870,99.0000
1785852496.7101,2.2970,2.2920,95.0000,-1.5620,-1.5570,-68.0000,-1.5620,-1.5380,-71.0000,2.2970,2.2780,100.0000
1785852496.7601,2.2970,2.2930,95.0000,-1.5620,-1.5610,-67.0000,-1.5620,-1.5770,-68.0000,2.2970,2.2930,99.0000
1785852496.8102,2.2970,2.2970,94.0000,-1.5620,-1.5620,-67.0000,-1.5620,-1.5440,-70.0000,2.2970,2.3100,98.0000
1785852496.8601,2.2970,2.3010,94.0000,-1.5620,-1.5550,-68.0000,-1.5620,-1.5650,-69.0000,2.2970,2.3120,98.0000
1785852496.9101,2.2970,2.3020,94.0000,-1.5620,-1.5650,-67.0000,-1.5620,-1.5680,-69.0000,2.2970,2.3110,98.0000
1785852496.9601,2.2970,2.2980,94.0000,-1.5620,-1.5530,-68.0000,-1.5620,-1.5540,-70.0000,2.2970,2.2990,98.0000
1785852497.0102,2.2970,2.2920,94.0000,-1.5620,-1.5690,-67.0000,-1.5620,-1.5770,-68.0000,2.2970,2.2770,99.0000
1785852497.0601,2.2970,2.2900,95.0000,-1.5620,-1.5560,-68.0000,-1.5620,-1.5390,-71.0000,2.2970,2.2890,99.0000
1785852497.1102,2.2970,2.2990,94.0000,-1.5620,-1.5610,-68.0000,-1.5620,-1.5730,-69.0000,2.2970,2.2950,98.0000
1785852497.1601,2.2970,2.2910,95.0000,-1.5620,-1.5650,-68.0000,-1.5620,-1.5550,-70.0000,2.2970,2.3040,98.0000
1785852497.2101,2.2970,2.2940,94.0000,-1.5620,-1.5580,-68.0000,-1.5620,-1.5650,-69.0000,2.2970,2.3080,98.0000
1785852497.2601,2.2970,2.3020,94.0000,-1.5620,-1.5650,-68.0000,-1.5620,-1.5730,-69.0000,2.2970,2.3090,98.0000
1785852497.3102,2.2970,2.2980,94.0000,-1.5620,-1.5600,-68.0000,-1.5620,-1.5460,-70.0000,2.2970,2.2820,99.0000
1785852497.3601,2.2970,2.2950,94.0000,-1.5620,-1.5660,-67.0000,-1.5620,-1.5780,-68.0000,2.2970,2.2760,100.0000
1785852497.4101,2.2970,2.2880,95.0000,-1.5620,-1.5560,-68.0000,-1.5620,-1.5410,-70.0000,2.2970,2.2890,99.0000
1785852497.4602,2.2970,2.2990,94.0000,-1.5620,-1.5590,-68.0000,-1.5620,-1.5730,-69.0000,2.2970,2.3060,98.0000
1785852497.5101,2.2970,2.3050,94.0000,-1.5620,-1.5640,-68.0000,-1.5620,-1.5620,-69.0000,2.2970,2.3170,97.0000
1785852497.5601,2.2970,2.2990,94.0000,-1.5620,-1.5520,-68.0000,-1.5620,-1.5570,-70.0000,2.2970,2.3070,98.0000
1785852497.6101,2.2970,2.2970,94.0000,-1.5620,-1.5660,-67.0000,-1.5620,-1.5780,-68.0000,2.2970,2.2960,98.0000
1785852497.6601,2.2970,2.2930,95.0000,-1.5620,-1.5600,-68.0000,-1.5620,-1.5410,-70.0000,2.2970,2.2940,99.0000
1785852497.7101,2.2050,2.2450,89.0000,-1.7060,-1.6460,-76.0000,-1.7060,-1.6780,-76.0000,2.2050,2.2220,94.0000
1785852497.7601,2.1650,2.1770,89.0000,-1.7450,-1.7300,-76.0000,-1.7450,-1.7360,-77.0000,2.1650,2.1740,93.0000
1785852497.8101,2.1650,2.1590,89.0000,-1.7450,-1.7500,-75.0000,-1.7450,-1.7470,-77.0000,2.1650,2.1800,92.0000
1785852497.8601,2.1650,2.1610,89.0000,-1.7450,-1.7500,-75.0000,-1.7450,-1.7760,-75.0000,2.1650,2.1670,92.0000
1785852497.9101,2.1650,2.1560,89.0000,-1.7450,-1.7540,-75.0000,-1.7450,-1.7380,-78.0000,2.1650,2.1460,94.0000
1785852497.9602,2.1650,2.1510,90.0000,-1.7450,-1.7490,-75.0000,-1.7450,-1.7530,-77.0000,2.1650,2.1380,94.0000
1785852498.0102,1.9250,2.1410,70.0000,-1.5050,-1.7380,-55.0000,-1.3850,-1.7250,-46.0000,1.8050,2.1020,65.0000
1785852498.0601,1.3250,1.5940,46.0000,-0.9050,-1.1840,-31.0000,-0.9050,-1.1600,-26.0000,1.2050,1.5760,38.0000
1785852498.1101,0.7250,0.9940,21.0000,-0.3050,-0.5660,-6.0000,-0.3050,-0.5260,-2.0000,0.6050,0.9220,15.0000
1785852498.1600,0.1250,0.3710,-7.0000,0.0000,-0.0250,0.0000,0.0000,-0.0560,0.0000,0.0050,0.3280,0.0000
1785852498.2099,0.0000,0.0270,0.0000,0.0000,-0.0010,0.0000,0.0000,-0.0030,0.0000,0.0000,0.0240,0.0000
1785852498.2599,0.0000,0.0020,0.0000,0.0000,-0.0000,0.0000,0.0000,0.0000,0.0000,0.0000,0.0020,0.0000
1785852498.3100,0.0000,0.0000,0.0000,0.0000,-0.0000,0.0000,0.0000,0.0000,0.0000,0.0000,0.0000,0.0000
1785852498.3600,0.0000,0.0000,0.0000,0.0000,-0.0000,0.0000,0.0000,0.0000,0.0000,0.0000,0.0000,0.0000
1785852498.4101,0.0000,0.0000,0.0000,0.0000,-0.0000,0.0000,0.1200,0.0000,14.0000,-0.1200,0.0000,-14.0000
1785852498.4609,-0.6000,-0.3770,-39.0000,0.3810,0.3610,22.0000,0.3810,0.3850,26.0000,-0.7200,-0.4590,-47.0000
1785852498.5101,-1.2000,-0.9480,-65.0000,0.8610,0.6170,52.0000,0.9810,0.6740,61.0000,-1.3200,-1.0830,-70.0000
1785852498.5602,-1.8000,-1.5760,-88.0000,1.4610,1.2260,76.0000,1.4610,1.3350,77.0000,-1.9200,-1.6880,-95.0000
1785852498.6101,-1.9690,-2.0390,-83.0000,1.9690,1.8480,92.0000,1.9690,1.9190,91.0000,-1.9690,-2.0860,-83.0000
1785852498.6609,-1.9690,-2.0300,-86.0000,1.9690,2.0160,88.0000,1.9690,2.0360,86.0000,-1.9690,-2.0810,-85.0000
1785852498.7101,-1.9690,-2.0480,-85.0000,1.9690,2.0250,88.0000,1.9690,2.0570,88.0000,-1.9690,-2.0500,-86.0000
1785852498.7601,-1.9690,-2.0330,-85.0000,1.9690,2.0310,88.0000,1.9690,2.0560,87.0000,-1.9690,-2.0350,-86.0000
1785852498.8101,-1.9690,-2.0220,-85.0000,1.9690,2.0310,87.0000,1.9690,2.0210,88.0000,-1.9690,-2.0420,-85.0000
1785852498.8602,-1.9690,-2.0190,-85.0000,1.9690,2.0150,87.0000,1.9690,2.0150,88.0000,-1.9690,-2.0530,-83.0000
1785852498.9102,-1.9690,-2.0080,-85.0000,1.9690,2.0100,87.0000,1.9690,2.0300,86.0000,-1.9690,-2.0210,-84.0000
1785852498.9601,-1.9690,-2.0120,-84.0000,1.9690,2.0110,86.0000,1.9690,2.0290,86.0000,-1.9690,-1.9960,-85.0000
1785852499.0101,-1.9690,-1.9940,-84.0000,1.9690,2.0060,86.0000,1.9690,1.9930,87.0000,-1.9690,-2.0070,-83.0000
1785852499.0602,-1.9690,-1.9930,-84.0000,1.9690,1.9960,86.0000,1.9690,1.9830,87.0000,-1.9690,-2.0180,-82.0000
1785852499.1102,-1.9690,-1.9960,-83.0000,1.9690,1.9960,86.0000,1.9690,2.0170,85.0000,-1.9690,-1.9880,-84.0000
1785852499.1601,-1.9690,-1.9890,-84.0000,1.9690,1.9960,85.0000,1.9690,2.0020,85.0000,-1.9690,-1.9770,-84.0000
1785852499.2101,-1.9690,-1.9780,-84.0000,1.9690,1.9900,85.0000,1.9690,1.9740,87.0000,-1.9690,-2.0000,-82.0000
1785852499.2601,-1.9690,-1.9830,-83.0000,1.9690,1.9790,86.0000,1.9690,1.9770,86.0000,-1.9690,-1.9970,-82.0000
1785852499.3102,-1.9690,-1.9840,-83.0000,1.9690,1.9830,85.0000,1.9690,2.0020,84.0000,-1.9690,-1.9700,-83.0000
1785852499.3601,-1.9690,-1.9850,-83.0000,1.9690,1.9890,85.0000,1.9690,1.9860,85.0000,-1.9690,-1.9590,-84.0000
1785852499.4101,-1.9690,-1.9690,-84.0000,1.9690,1.9770,85.0000,1.9690,1.9590,87.0000,-1.9690,-1.9930,-82.0000
1785852499.4601,-1.9690,-1.9790,-83.0000,1.9690,1.9780,85.0000,1.9690,1.9820,85.0000,-1.9690,-1.9860,-82.0000
1785852499.5102,-1.9690,-1.9670,-84.0000,1.9690,1.9810,85.0000,1.9690,1.9970,84.0000,-1.9690,-1.9600,-84.0000
1785852499.5602,-1.9690,-1.9740,-83.0000,1.9690,1.9800,85.0000,1.9690,1.9700,85.0000,-1.9690,-1.9710,-83.0000
1785852499.6101,-1.9690,-1.9720,-83.0000,1.9690,1.9740,85.0000,1.9690,1.9590,86.0000,-1.9690,-1.9960,-81.0000
1785852499.6601,-1.9690,-1.9780,-83.0000,1.9690,1.9710,85.0000,1.9690,1.9780,85.0000,-1.9690,-1.9830,-82.0000
1785852499.7102,-1.9690,-1.9690,-83.0000,1.9690,1.9800,84.0000,1.9690,1.9910,84.0000,-1.9690,-1.9500,-84.0000
1785852499.7601,-1.9690,-1.9700,-83.0000,1.9690,1.9740,85.0000,1.9690,1.9620,86.0000,-1.9690,-1.9770,-82.0000
1785852499.8102,-1.9690,-1.9740,-83.0000,1.9690,1.9720,85.0000,1.9690,1.9580,85.0000,-1.9690,-1.9940,-81.0000
1785852499.8602,-1.9690,-1.9750,-83.0000,1.9690,1.9690,85.0000,1.9690,1.9870,84.0000,-1.9690,-1.9740,-82.0000
1785852499.9101,-1.9690,-1.9710,-83.0000,1.9690,1.9780,84.0000,1.9690,1.9820,84.0000,-1.9690,-1.9610,-83.0000
1785852499.9601,-1.9690,-1.9650,-84.0000,1.9690,1.9740,84.0000,1.9690,1.9500,86.0000,-1.9690,-1.9740,-82.0000
1785852500.0101,-1.9690,-1.9680,-83.0000,1.9690,1.9650,85.0000,1.9690,1.9660,85.0000,-1.9690,-1.9820,-81.0000
1785852500.0602,-1.9690,-1.9670,-83.0000,1.9690,1.9700,85.0000,1.9690,1.9880,84.0000,-1.9690,-1.9530,-83.0000
1785852500.1102,-1.9690,-1.9710,-83.0000,1.9690,1.9780,84.0000,1.9690,1.9730,85.0000,-1.9690,-1.9630,-83.0000
1785852500.1602,-1.9690,-1.9660,-84.0000,1.9690,1.9630,85.0000,1.9690,1.9520,86.0000,-1.9690,-1.9810,-82.0000
1785852500.2102,-1.9690,-1.9720,-83.0000,1.9690,1.9650,85.0000,1.9690,1.9730,85.0000,-1.9690,-1.9750,-82.0000
1785852500.2602,-1.9690,-1.9640,-84.0000,1.9690,1.9720,85.0000,1.9690,1.9900,84.0000,-1.9690,-1.9500,-83.0000
1785852500.3102,-1.9690,-1.9690,-83.0000,1.9690,1.9730,84.0000,1.9690,1.9610,85.0000,-1.9690,-1.9670,-82.0000
1785852500.3602,-1.9690,-1.9760,-83.0000,1.9690,1.9590,85.0000,1.9690,1.9540,86.0000,-1.9690,-1.9830,-81.0000
1785852500.4102,-1.9690,-1.9670,-83.0000,1.9690,1.9690,85.0000,1.9690,1.9820,84.0000,-1.9690,-1.9690,-82.0000
1785852500.4601,-1.9690,-1.9740,-83.0000,1.9690,1.9770,84.0000,1.9690,1.9850,84.0000,-1.9690,-1.9550,-83.0000
1785852500.5102,-1.9690,-1.9650,-84.0000,1.9690,1.9700,85.0000,1.9690,1.9510,86.0000,-1.9690,-1.9740,-82.0000
1785852500.5602,-1.9690,-1.9690,-83.0000,1.9690,1.9640,85.0000,1.9690,1.9630,85.0000,-1.9690,-1.9890,-81.0000
1785852500.6102,-1.9690,-1.9700,-83.0000,1.9690,1.9690,85.0000,1.9690,1.9880,84.0000,-1.9690,-1.9660,-82.0000
1785852500.6602,-1.9690,-1.9670,-84.0000,1.9690,1.9750,84.0000,1.9690,1.9720,85.0000,-1.9690,-1.9610,-83.0000
1785852500.7101,-1.8110,-1.9580,-70.0000,2.1260,1.9870,97.0000,2.1260,2.0160,96.0000,-1.8110,-1.9200,-71.0000
1785852500.7602,-1.7450,-1.7960,-72.0000,2.1650,2.1400,93.0000,2.1650,2.1510,93.0000,-1.7450,-1.7720,-72.0000
1785852500.8103,-1.6250,-1.7400,-64.0000,2.2850,2.1680,103.0000,2.4050,2.2010,112.0000,-1.5050,-1.7090,-54.0000
1785852500.8603,-1.2580,-1.3810,-51.0000,2.5480,2.4780,110.0000,2.6250,2.4960,117.0000,-1.1380,-1.3430,-40.0000
1785852500.9103,-0.7990,-0.9790,-29.0000,2.6900,2.6540,115.0000,2.6900,2.6840,115.0000,-0.6960,-0.8840,-23.0000
1785852500.9602,-0.5760,-0.6730,-22.0000,2.7430,2.7130,118.0000,2.7430,2.7430,117.0000,-0.5120,-0.6270,-17.0000
1785852501.0102,-0.5120,-0.4780,-24.0000,2.7430,2.7710,116.0000,2.7560,2.7960,116.0000,-0.3940,-0.4600,-13.0000
1785852501.0602,-0.3940,-0.3520,-20.0000,2.7560,2.7800,117.0000,2.7690,2.8010,117.0000,-0.3280,-0.3380,-13.0000
1785852501.1103,-0.3280,-0.2880,-17.0000,2.7690,2.7960,117.0000,2.7690,2.8090,116.0000,-0.3280,-0.2590,-16.0000
1785852501.1603,-0.3280,-0.2880,-16.0000,2.7690,2.7910,117.0000,2.7690,2.8000,117.0000,-0.3280,-0.2730,-16.0000
1785852501.2104,-0.3280,-0.2850,-17.0000,2.7690,2.7870,117.0000,2.7690,2.8010,116.0000,-0.3280,-0.2790,-16.0000
1785852501.2603,-0.3280,-0.2930,-17.0000,2.7690,2.7860,117.0000,2.7690,2.7920,116.0000,-0.3280,-0.2850,-16.0000
1785852501.3105,-0.3280,-0.2890,-18.0000,2.7690,2.7800,117.0000,2.7690,2.7860,116.0000,-0.3280,-0.2920,-17.0000
1785852501.3603,-0.3280,-0.3120,-17.0000,2.7690,2.7770,117.0000,2.7690,2.7780,117.0000,-0.3280,-0.2850,-17.0000
1785852501.4103,-0.3410,-0.3200,-18.0000,2.7560,2.7620,116.0000,2.7560,2.7650,116.0000,-0.3410,-0.3060,-18.0000
1785852501.4602,-0.3410,-0.3150,-18.0000,2.7560,2.7560,116.0000,2.7560,2.7580,116.0000,-0.3410,-0.3250,-17.0000
1785852501.5102,-0.3410,-0.3220,-18.0000,2.7560,2.7560,116.0000,2.7560,2.7510,117.0000,-0.3410,-0.3310,-17.0000
1785852501.5602,-0.3410,-0.3280,-18.0000,2.7560,2.7610,116.0000,2.7560,2.7520,117.0000,-0.3410,-0.3250,-18.0000
1785852501.6103,-0.3410,-0.3310,-18.0000,2.7560,2.7590,116.0000,2.7560,2.7460,117.0000,-0.3410,-0.3250,-18.0000
1785852501.6602,-0.3410,-0.3220,-19.0000,2.7560,2.7620,116.0000,2.7560,2.7470,117.0000,-0.3410,-0.3280,-18.0000
1785852501.7102,-0.3410,-0.3210,-19.0000,2.7560,2.7630,116.0000,2.7560,2.7440,117.0000,-0.3410,-0.3320,-18.0000
1785852501.7602,-0.3410,-0.3330,-19.0000,2.7560,2.7640,116.0000,2.7560,2.7440,117.0000,-0.3410,-0.3240,-19.0000
1785852501.8102,-0.3410,-0.3410,-18.0000,2.7560,2.7560,116.0000,2.7560,2.7410,117.0000,-0.3410,-0.3240,-19.0000
1785852501.8602,-0.3410,-0.3330,-19.0000,2.7560,2.7630,115.0000,2.7560,2.7390,117.0000,-0.3410,-0.3400,-18.0000
1785852501.9104,-0.3540,-0.3320,-20.0000,2.7690,2.7600,117.0000,2.7690,2.7460,118.0000,-0.3540,-0.3540,-19.0000
1785852501.9602,-0.3540,-0.3500,-19.0000,2.7690,2.7680,116.0000,2.7690,2.7580,117.0000,-0.3540,-0.3510,-19.0000
1785852502.0103,-0.3540,-0.3550,-19.0000,2.7690,2.7670,116.0000,2.7690,2.7550,117.0000,-0.3540,-0.3470,-19.0000
1785852502.0603,-0.3540,-0.3510,-20.0000,2.7690,2.7670,116.0000,2.7690,2.7570,117.0000,-0.3540,-0.3530,-19.0000
1785852502.1103,-0.3540,-0.3440,-20.0000,2.7690,2.7660,117.0000,2.7560,2.7600,116.0000,-0.3670,-0.3550,-20.0000
1785852502.1602,-0.3670,-0.3760,-19.0000,2.7560,2.7560,116.0000,2.7560,2.7490,116.0000,-0.3670,-0.3610,-20.0000
1785852502.2103,-0.3670,-0.3720,-20.0000,2.7560,2.7590,116.0000,2.7560,2.7520,116.0000,-0.3670,-0.3610,-20.0000
1785852502.2603,-0.3670,-0.3610,-20.0000,2.7560,2.7590,116.0000,2.7560,2.7570,116.0000,-0.3670,-0.3790,-19.0000
1785852502.3103,-0.3670,-0.3630,-20.0000,2.7560,2.7580,116.0000,2.7560,2.7560,116.0000,-0.3940,-0.3720,-22.0000
1785852502.3602,-0.3940,-0.3980,-21.0000,2.7560,2.7590,115.0000,2.7560,2.7560,116.0000,-0.3940,-0.3890,-21.0000
1785852502.4102,-0.3940,-0.3920,-21.0000,2.7560,2.7570,116.0000,2.7560,2.7580,115.0000,-0.3940,-0.3970,-21.0000
1785852502.4602,-0.3940,-0.3860,-22.0000,2.7560,2.7570,116.0000,2.7560,2.7620,115.0000,-0.3940,-0.4020,-20.0000
1785852502.5103,-0.3940,-0.4020,-21.0000,2.7560,2.7580,116.0000,2.7560,2.7620,115.0000,-0.3940,-0.3940,-21.0000
1785852502.5609,-0.3940,-0.4030,-21.0000,2.7560,2.7590,115.0000,2.7560,2.7660,116.0000,-0.3940,-0.3870,-21.0000
1785852502.6105,-0.3940,-0.3890,-22.0000,2.7560,2.7580,115.0000,2.7560,2.7680,115.0000,-0.3940,-0.4070,-20.0000
1785852502.6603,-0.3940,-0.3870,-22.0000,2.7560,2.7550,116.0000,2.7560,2.7710,115.0000,-0.3940,-0.4010,-20.0000
1785852502.7102,-0.3940,-0.3980,-21.0000,2.7560,2.7620,115.0000,2.7560,2.7690,115.0000,-0.3940,-0.3870,-21.0000
1785852502.7602,0.0000,-0.2060,0.0000,2.2760,2.5930,82.0000,2.1560,2.5300,75.0000,0.0000,-0.1040,0.0000
1785852502.8102,0.0000,-0.0130,0.0000,1.6760,1.9460,61.0000,1.6760,1.8580,59.0000,0.0000,-0.0060,0.0000
1785852502.8602,0.0000,-0.0010,0.0000,1.0760,1.3390,36.0000,0.9560,1.2640,32.0000,0.0000,-0.0010,0.0000
1785852502.9102,0.0000,-0.0000,0.0000,0.4760,0.7400,10.0000,0.4760,0.6610,7.0000,0.0000,-0.0000,0.0000
1785852502.9601,0.0000,-0.0000,0.0000,0.0000,0.1050,0.0000,0.0000,0.1430,0.0000,0.0000,-0.0000,0.0000
1785852503.0101,0.0000,-0.0000,0.0000,0.0000,0.0080,0.0000,0.0000,0.0060,0.0000,0.0000,-0.0000,0.0000
1785852503.0601,0.0000,-0.0000,0.0000,0.0000,0.0010,0.0000,0.0000,0.0000,0.0000,0.0000,-0.0000,0.0000
1785852503.1101,0.0000,-0.0000,0.0000,0.0000,0.0000,0.0000,0.0000,0.0000,0.0000,0.0000,-0.0000,0.0000
1785852503.1601,0.0000,-0.0000,0.0000,0.0000,0.0000,0.0000,0.0000,0.0000,0.0000,0.0000,-0.0000,0.0000
1785852503.2100,0.0000,-0.0000,0.0000,0.0000,0.0000,0.0000,0.0000,0.0000,0.0000,0.0000,-0.0000,0.0000
1785852503.2600,0.0000,-0.0000,0.0000,0.0000,0.0000,0.0000,0.0000,0.0000,0.0000,0.0000,-0.0000,0.0000
1785852503.3102,0.0000,-0.0000,0.0000,0.0000,0.0000,0.0000,0.0000,0.0000,0.0000,0.0000,-0.0000,0.0000
1785852503.3603,0.1200,-0.0000,14.0000,-0.1200,0.0000,-14.0000,0.2250,0.0110,27.0000,-0.2400,-0.0160,-28.0000
1785852503.4102,0.1380,0.3300,-1.0000,-0.1050,-0.2890,3.0000,-0.0150,0.2160,-11.0000,-0.0180,-0.3000,13.0000
1785852503.4609,-0.5820,-0.3630,-38.0000,0.6150,0.4120,39.0000,-0.6150,-0.3010,-45.0000,0.5820,0.2900,42.0000
1785852503.5102,-1.0620,-0.8120,-59.0000,1.0950,0.8630,60.0000,-1.2150,-0.9260,-69.0000,1.1820,0.8900,67.0000
1785852503.5604,-1.6620,-1.4310,-83.0000,1.6950,1.4810,85.0000,-1.8150,-1.5440,-94.0000,1.7820,1.5580,90.0000
1785852503.6104,-2.2070,-2.0600,-102.0000,1.9320,2.0110,83.0000,-1.9320,-2.0200,-85.0000,2.2070,2.1700,100.0000
1785852503.6603,-2.2070,-2.2800,-95.0000,1.9320,1.9990,86.0000,-1.9320,-1.9910,-89.0000,2.2070,2.3020,97.0000
1785852503.7103,-2.2070,-2.2820,-96.0000,1.9320,1.9990,86.0000,-1.9320,-2.0040,-88.0000,2.2070,2.2950,98.0000
1785852503.7603,-2.2070,-2.2850,-95.0000,1.9320,2.0040,85.0000,-1.9320,-2.0120,-87.0000,2.2070,2.2800,98.0000
1785852503.8110,-2.2070,-2.2730,-95.0000,1.9320,1.9960,85.0000,-1.9320,-2.0050,-87.0000,2.2070,2.2630,98.0000
1785852503.8603,-2.2070,-2.2660,-95.0000,1.9320,1.9840,85.0000,-1.9320,-1.9720,-87.0000,2.2070,2.2350,99.0000
1785852503.9103,-2.2070,-2.2600,-94.0000,1.9320,1.9780,85.0000,-1.9320,-1.9750,-86.0000,2.2070,2.2410,98.0000
1785852503.9606,-2.2070,-2.2440,-94.0000,1.9320,1.9680,85.0000,-1.9320,-1.9880,-85.0000,2.2070,2.2650,96.0000
1785852504.0103,-2.2070,-2.2470,-94.0000,1.9320,1.9740,84.0000,-1.9320,-1.9710,-85.0000,2.2070,2.2680,95.0000
1785852504.0604,-2.2070,-2.2410,-94.0000,1.9320,1.9580,84.0000,-1.9320,-1.9420,-87.0000,2.2070,2.2390,96.0000
1785852504.1103,-2.2070,-2.2320,-94.0000,1.9320,1.9540,84.0000,-1.9320,-1.9610,-85.0000,2.2070,2.2280,96.0000
1785852504.1602,-2.2070,-2.2280,-93.0000,1.9320,1.9540,84.0000,-1.9320,-1.9710,-84.0000,2.2070,2.2160,97.0000
1785852504.2103,-2.2070,-2.2240,-93.0000,1.9320,1.9570,83.0000,-1.9320,-1.9470,-85.0000,2.2070,2.2320,96.0000
1785852504.2603,-2.2070,-2.2240,-93.0000,1.9320,1.9460,84.0000,-1.9320,-1.9370,-86.0000,2.2070,2.2310,95.0000
1785852504.3103,-2.2070,-2.2200,-93.0000,1.9320,1.9410,84.0000,-1.9320,-1.9580,-84.0000,2.2070,2.2340,95.0000
1785852504.3603,-2.2070,-2.2160,-93.0000,1.9320,1.9460,83.0000,-1.9320,-1.9510,-84.0000,2.2070,2.2210,95.0000
1785852504.4103,-2.2070,-2.2180,-93.0000,1.9320,1.9480,83.0000,-1.9320,-1.9260,-86.0000,2.2070,2.2080,96.0000
1785852504.4603,-2.2070,-2.2220,-93.0000,1.9320,1.9320,84.0000,-1.9320,-1.9410,-85.0000,2.2070,2.2020,96.0000
1785852504.5103,-2.2070,-2.2200,-93.0000,1.9320,1.9340,84.0000,-1.9320,-1.9550,-84.0000,2.2070,2.2170,95.0000
1785852504.5602,-2.2070,-2.2140,-93.0000,1.9320,1.9410,83.0000,-1.9320,-1.9420,-84.0000,2.2070,2.2280,94.0000
1785852504.6103,-2.2070,-2.2190,-92.0000,1.9320,1.9350,83.0000,-1.9320,-1.9180,-85.0000,2.2070,2.2280,94.0000
1785852504.6603,-2.2070,-2.2110,-93.0000,1.9320,1.9310,84.0000,-1.9320,-1.9450,-84.0000,2.2070,2.2060,96.0000
1785852504.7103,-2.2070,-2.2140,-92.0000,1.9320,1.9410,83.0000,-1.9320,-1.9490,-83.0000,2.2070,2.1970,96.0000
1785852504.7603,-2.2070,-2.2170,-92.0000,1.9320,1.9330,83.0000,-1.9320,-1.9220,-85.0000,2.2070,2.2090,95.0000
1785852504.8103,-2.2070,-2.2130,-92.0000,1.9320,1.9290,84.0000,-1.9320,-1.9290,-84.0000,2.2070,2.2220,94.0000
1785852504.8603,-2.2070,-2.2080,-93.0000,1.9320,1.9350,83.0000,-1.9320,-1.9490,-83.0000,2.2070,2.2200,94.0000
1785852504.9106,-2.2070,-2.2070,-93.0000,1.9320,1.9420,83.0000,-1.9320,-1.9350,-84.0000,2.2070,2.2160,95.0000
1785852504.9602,-2.2070,-2.2100,-92.0000,1.9320,1.9340,83.0000,-1.9320,-1.9200,-85.0000,2.2070,2.1990,96.0000
1785852505.0102,-2.2070,-2.2090,-92.0000,1.9320,1.9300,83.0000,-1.9320,-1.9450,-83.0000,2.2070,2.1950,96.0000
1785852505.0604,-2.2070,-2.2100,-92.0000,1.9320,1.9360,83.0000,-1.9320,-1.9520,-83.0000,2.2070,2.2070,95.0000
1785852505.1108,-2.2070,-2.2110,-92.0000,1.9320,1.9350,83.0000,-1.9320,-1.9190,-85.0000,2.2070,2.2330,94.0000
1785852505.1609,-2.2070,-2.2110,-92.0000,1.9320,1.9280,84.0000,-1.9320,-1.9270,-84.0000,2.2070,2.2170,94.0000
1785852505.2102,-2.2070,-2.2050,-93.0000,1.9320,1.9330,83.0000,-1.9320,-1.9450,-83.0000,2.2070,2.2010,95.0000
1785852505.2603,-2.2070,-2.2090,-92.0000,1.9320,1.9370,83.0000,-1.9320,-1.9410,-84.0000,2.2070,2.1950,96.0000
1785852505.3104,-2.2070,-2.2080,-92.0000,1.9320,1.9340,83.0000,-1.9320,-1.9180,-85.0000,2.2070,2.2000,95.0000
1785852505.3603,-2.2070,-2.2090,-92.0000,1.9320,1.9280,83.0000,-1.9320,-1.9350,-84.0000,2.2070,2.2090,95.0000
1785852505.4103,-2.2070,-2.2040,-93.0000,1.9320,1.9350,83.0000,-1.9320,-1.9480,-83.0000,2.2070,2.2280,94.0000
1785852505.4603,-2.2070,-2.2050,-93.0000,1.9320,1.9360,83.0000,-1.9320,-1.9210,-85.0000,2.2070,2.2100,95.0000
1785852505.5103,-2.2070,-2.2040,-93.0000,1.9320,1.9290,83.0000,-1.9320,-1.9260,-84.0000,2.2070,2.2020,95.0000
1785852505.5603,-2.2070,-2.2100,-92.0000,1.9320,1.9280,84.0000,-1.9320,-1.9490,-83.0000,2.2070,2.1910,96.0000
1785852505.6103,-2.2070,-2.2080,-92.0000,1.9320,1.9370,83.0000,-1.9320,-1.9350,-84.0000,2.2070,2.2100,95.0000
1785852505.6604,-2.2070,-2.2090,-92.0000,1.9320,1.9330,83.0000,-1.9320,-1.9150,-85.0000,2.2070,2.2240,94.0000
1785852505.7104,-2.2070,-2.2050,-93.0000,1.9320,1.9270,84.0000,-1.9320,-1.9360,-84.0000,2.2070,2.2180,94.0000
1785852505.7603,-2.2070,-2.2050,-93.0000,1.9320,1.9350,83.0000,-1.9320,-1.9460,-83.0000,2.2070,2.2010,95.0000
1785852505.8103,-2.2070,-2.2080,-92.0000,1.9320,1.9410,83.0000,-1.9320,-1.9250,-84.0000,2.2070,2.1800,97.0000
1785852505.8604,-2.2070,-2.2110,-92.0000,1.9320,1.9260,84.0000,-1.9320,-1.9180,-85.0000,2.2070,2.1960,96.0000
1785852505.9103,-2.2070,-2.2040,-93.0000,1.9320,1.9280,83.0000,-1.9320,-1.9490,-83.0000,2.2070,2.2220,94.0000
1785852505.9603,-2.2070,-2.2070,-93.0000,1.9320,1.9400,83.0000,-1.9320,-1.9400,-83.0000,2.2070,2.2280,94.0000
1785852506.0103,-2.2070,-2.2090,-92.0000,1.9320,1.9330,83.0000,-1.9320,-1.9140,-85.0000,2.2070,2.2200,94.0000
1785852506.0605,-2.2070,-2.2120,-92.0000,1.9320,1.9290,83.0000,-1.9320,-1.9330,-84.0000,2.2070,2.1920,96.0000
1785852506.1104,-2.2070,-2.2110,-92.0000,1.9320,1.9280,83.0000,-1.9320,-1.9460,-83.0000,2.2070,2.1920,96.0000
1785852506.1604,-1.9670,-2.1930,-73.0000,1.6920,1.9240,63.0000,-1.5720,-1.8740,-56.0000,1.8470,2.1600,66.0000
1785852506.2103,-1.3670,-1.6540,-48.0000,1.0920,1.3860,38.0000,-1.0920,-1.3480,-32.0000,1.2470,1.6220,40.0000
1785852506.2603,-0.7670,-1.0430,-24.0000,0.4920,0.7740,13.0000,-0.4920,-0.7220,-9.0000,0.6470,0.9740,16.0000
1785852506.3103,-0.1670,-0.4380,3.0000,0.0000,0.1300,0.0000,0.0000,-0.0750,0.0000,0.0470,0.3480,-17.0000
1785852506.3602,0.0000,-0.0290,0.0000,0.0000,0.0010,0.0000,0.0000,-0.0140,0.0000,0.0000,0.0190,0.0000
1785852506.4102,0.0000,-0.0020,0.0000,0.0000,0.0000,0.0000,0.0000,-0.0000,0.0000,0.0000,0.0010,0.0000
1785852506.4601,0.0000,-0.0000,0.0000,0.0000,0.0000,0.0000,0.0000,-0.0000,0.0000,0.0000,0.0000,0.0000
1785852506.5101,0.0000,-0.0000,0.0000,0.0000,0.0000,0.0000,0.0000,-0.0000,0.0000,0.0000,0.0000,0.0000
1785852506.5602,0.0000,-0.0000,0.0000,0.0000,0.0000,0.0000,0.0000,-0.0000,0.0000,0.0000,0.0000,0.0000
1785852506.6102,0.0000,-0.0000,0.0000,0.0000,0.0000,0.0000,0.0000,-0.0000,0.0000,0.0000,0.0000,0.0000
1785852506.6603,0.3600,0.0960,34.0000,-0.3600,-0.1010,-34.0000,-0.3810,-0.1710,-32.0000,0.3810,0.1600,33.0000
1785852506.7103,0.2760,0.3600,14.0000,-0.8610,-0.6290,-51.0000,-0.9810,-0.6990,-59.0000,0.2760,0.3180,17.0000
1785852506.7603,0.0260,0.1940,-6.0000,-1.4610,-1.2570,-74.0000,-1.5810,-1.3120,-84.0000,0.0260,0.1170,-1.0000
1785852506.8104,0.0520,0.0140,4.0000,-2.0610,-1.8460,-100.0000,-2.1810,-1.9630,-107.0000,0.0520,0.0190,5.0000
1785852506.8605,0.1710,0.1070,15.0000,-2.6610,-2.4700,-124.0000,-2.7690,-2.5810,-131.0000,0.1710,0.1450,14.0000
1785852506.9104,0.2100,0.2040,16.0000,-2.7820,-2.8800,-118.0000,-2.7820,-2.9310,-118.0000,0.2100,0.2250,16.0000
1785852506.9603,0.2100,0.2330,15.0000,-2.7820,-2.8680,-121.0000,-2.7820,-2.9130,-120.0000,0.2100,0.2400,16.0000
1785852507.0103,0.2100,0.2310,15.0000,-2.7820,-2.8720,-120.0000,-2.7820,-2.9100,-119.0000,0.2100,0.2310,16.0000
1785852507.0604,0.2100,0.2340,14.0000,-2.7820,-2.8650,-119.0000,-2.7820,-2.8940,-119.0000,0.2100,0.2110,17.0000
1785852507.1104,0.2100,0.2220,15.0000,-2.7820,-2.8480,-119.0000,-2.7820,-2.8750,-119.0000,0.2100,0.2070,17.0000
1785852507.1603,0.2100,0.2190,15.0000,-2.7820,-2.8440,-119.0000,-2.7820,-2.8530,-119.0000,0.2100,0.2020,18.0000
1785852507.2104,0.2100,0.2250,14.0000,-2.7820,-2.8390,-118.0000,-2.7820,-2.8340,-119.0000,0.2100,0.2230,16.0000
1785852507.2603,0.2100,0.2150,15.0000,-2.7820,-2.8330,-118.0000,-2.7820,-2.8240,-119.0000,0.2100,0.2210,16.0000
1785852507.3104,0.2100,0.2110,15.0000,-2.7820,-2.8240,-118.0000,-2.7820,-2.8150,-119.0000,0.2100,0.2250,16.0000
1785852507.3603,0.2100,0.2100,15.0000,-2.7820,-2.8220,-117.0000,-2.7820,-2.8020,-119.0000,0.2100,0.2130,16.0000
1785852507.4103,0.2100,0.2040,15.0000,-2.7820,-2.8170,-117.0000,-2.7820,-2.8000,-118.0000,0.2100,0.1950,17.0000
1785852507.4603,0.2100,0.2180,14.0000,-2.7820,-2.8110,-117.0000,-2.7820,-2.7950,-118.0000,0.2100,0.1990,17.0000
1785852507.5104,0.2100,0.2110,15.0000,-2.7820,-2.8030,-117.0000,-2.7820,-2.7980,-118.0000,0.2100,0.2180,16.0000
1785852507.5604,0.2100,0.2220,14.0000,-2.7820,-2.8040,-117.0000,-2.7820,-2.7900,-118.0000,0.2100,0.2140,16.0000
1785852507.6105,0.2100,0.2200,14.0000,-2.7820,-2.7990,-117.0000,-2.7820,-2.7940,-117.0000,0.2100,0.2130,16.0000
1785852507.6603,0.2100,0.2170,14.0000,-2.7820,-2.7970,-117.0000,-2.7820,-2.7890,-117.0000,0.2100,0.1970,17.0000
1785852507.7104,0.2100,0.2030,15.0000,-2.7820,-2.7970,-117.0000,-2.7820,-2.7860,-118.0000,0.2100,0.1960,17.0000
1785852507.7610,0.2100,0.2080,14.0000,-2.7820,-2.7890,-117.0000,-2.7820,-2.7970,-117.0000,0.2100,0.2050,17.0000
1785852507.8112,0.2100,0.2020,14.0000,-2.7820,-2.7850,-117.0000,-2.7820,-2.7960,-118.0000,0.2100,0.2080,17.0000
1785852507.8604,0.2100,0.2170,14.0000,-2.7820,-2.7890,-117.0000,-2.7820,-2.8040,-116.0000,0.2100,0.2220,16.0000
1785852507.9105,0.2100,0.2090,14.0000,-2.7820,-2.7860,-117.0000,-2.7820,-2.7990,-116.0000,0.2100,0.2320,15.0000
1785852507.9604,0.2100,0.2140,14.0000,-2.7820,-2.7870,-116.0000,-2.7820,-2.7970,-116.0000,0.2100,0.2300,15.0000
1785852508.0104,0.2100,0.2080,14.0000,-2.7820,-2.7920,-116.0000,-2.7820,-2.7980,-116.0000,0.2100,0.2130,16.0000
1785852508.0605,0.2100,0.2040,14.0000,-2.7820,-2.7850,-116.0000,-2.7820,-2.8010,-116.0000,0.2100,0.1960,17.0000
1785852508.1104,0.2100,0.2090,14.0000,-2.7820,-2.7870,-116.0000,-2.7820,-2.7940,-116.0000,0.2100,0.1980,17.0000
1785852508.1605,0.2100,0.2100,14.0000,-2.7820,-2.7860,-116.0000,-2.7820,-2.8060,-115.0000,0.2100,0.2130,16.0000
1785852508.2104,0.2100,0.2170,14.0000,-2.7820,-2.7880,-116.0000,-2.7820,-2.8000,-116.0000,0.2100,0.2160,16.0000
1785852508.2604,0.2100,0.2240,13.0000,-2.7820,-2.7900,-116.0000,-2.7820,-2.8020,-116.0000,0.2100,0.2210,16.0000
1785852508.3104,0.2100,0.2170,14.0000,-2.7820,-2.7860,-116.0000,-2.7820,-2.7970,-116.0000,0.2100,0.1950,17.0000
1785852508.3604,0.2100,0.2050,14.0000,-2.7820,-2.7850,-116.0000,-2.7820,-2.7920,-116.0000,0.2100,0.1900,17.0000
1785852508.4104,0.2100,0.2060,14.0000,-2.7820,-2.7830,-116.0000,-2.7820,-2.7890,-116.0000,0.2100,0.2010,17.0000
1785852508.4604,0.2100,0.2010,14.0000,-2.7820,-2.7850,-116.0000,-2.7820,-2.7870,-116.0000,0.2100,0.2130,16.0000
1785852508.5103,0.2100,0.2020,14.0000,-2.7820,-2.7820,-116.0000,-2.7820,-2.7820,-116.0000,0.2100,0.2220,16.0000
1785852508.5604,0.2100,0.2050,14.0000,-2.7820,-2.7860,-116.0000,-2.7820,-2.7840,-117.0000,0.2100,0.2280,15.0000
1785852508.6105,0.2100,0.2100,14.0000,-2.7820,-2.7840,-116.0000,-2.7820,-2.7750,-117.0000,0.2100,0.2210,16.0000
1785852508.6604,0.2100,0.2140,14.0000,-2.7820,-2.7840,-116.0000,-2.7820,-2.7750,-117.0000,0.2100,0.2100,16.0000
1785852508.7105,0.2100,0.2050,14.0000,-2.7820,-2.7800,-116.0000,-2.7820,-2.7680,-117.0000,0.2100,0.2120,16.0000
1785852508.7603,0.2100,0.2090,14.0000,-2.7820,-2.7840,-116.0000,-2.7820,-2.7660,-118.0000,0.2100,0.2140,16.0000
1785852508.8104,0.0000,0.1860,0.0000,-2.5420,-2.7650,-96.0000,-2.4220,-2.7130,-89.0000,0.0000,0.1440,0.0000
1785852508.8604,0.0000,0.0120,0.0000,-1.9420,-2.2050,-72.0000,-1.9420,-2.1780,-66.0000,0.0000,0.0100,0.0000
1785852508.9105,0.0000,0.0010,0.0000,-1.3420,-1.5940,-47.0000,-1.3420,-1.6780,-42.0000,0.0000,0.0010,0.0000
1785852508.9604,0.0000,0.0000,0.0000,-0.7420,-0.9890,-21.0000,-0.7420,-0.9270,-17.0000,0.0000,0.0000,0.0000
1785852509.0102,0.0000,0.0000,0.0000,-0.1420,-0.3660,6.0000,-0.1420,-0.3070,13.0000,0.0000,0.0000,0.0000
1785852509.0602,0.0000,0.0000,0.0000,0.0000,0.0130,0.0000,0.0000,-0.0150,0.0000,0.0000,0.0000,0.0000
1785852509.1102,0.0000,0.0000,0.0000,0.0000,0.0010,0.0000,0.0000,-0.0030,0.0000,0.0000,0.0000,0.0000
1785852509.1602,0.0000,0.0000,0.0000,0.0000,0.0000,0.0000,0.0000,-0.0000,0.0000,0.0000,0.0000,0.0000
1785852509.2101,0.0000,0.0000,0.0000,0.0000,0.0000,0.0000,0.0000,-0.0000,0.0000,0.0000,0.0000,0.0000
1785852509.2602,0.4800,0.2130,38.0000,0.0260,0.0000,2.0000,0.0260,-0.0000,2.0000,0.6000,0.2920,45.0000
1785852509.3104,1.0800,0.8500,58.0000,-0.3020,-0.1730,-25.0000,-0.3020,-0.2160,-23.0000,1.2000,0.9090,68.0000
1785852509.3605,1.6800,1.4650,82.0000,-0.4860,-0.4110,-30.0000,-0.4860,-0.4310,-30.0000,1.8000,1.5290,93.0000
1785852509.4104,2.2800,2.0940,105.0000,-0.4590,-0.4950,-25.0000,-0.4590,-0.4790,-27.0000,2.4000,2.1490,118.0000
1785852509.4605,2.7560,2.7080,119.0000,-0.4460,-0.4800,-25.0000,-0.4460,-0.4490,-27.0000,2.7560,2.7560,122.0000
1785852509.5105,2.7430,2.8380,115.0000,-0.4590,-0.4900,-25.0000,-0.4590,-0.4810,-27.0000,2.7430,2.8420,120.0000
1785852509.5605,2.7430,2.8490,115.0000,-0.4590,-0.4890,-25.0000,-0.4590,-0.4550,-28.0000,2.7430,2.8320,120.0000
1785852509.6105,2.7430,2.8310,115.0000,-0.4590,-0.4780,-25.0000,-0.4590,-0.4470,-29.0000,2.7430,2.8260,120.0000
1785852509.6604,2.7430,2.8250,114.0000,-0.4590,-0.4790,-24.0000,-0.4590,-0.4780,-27.0000,2.7430,2.8250,119.0000
1785852509.7105,2.7430,2.8090,114.0000,-0.4590,-0.4650,-25.0000,-0.4590,-0.4560,-28.0000,2.7430,2.8130,118.0000
1785852509.7605,2.7430,2.7860,115.0000,-0.4590,-0.4720,-24.0000,-0.4590,-0.4610,-28.0000,2.7430,2.8000,118.0000
1785852509.8105,2.7430,2.7960,113.0000,-0.4590,-0.4720,-24.0000,-0.4590,-0.4760,-27.0000,2.7430,2.7980,117.0000
1785852509.8605,2.7430,2.7830,113.0000,-0.4590,-0.4780,-24.0000,-0.4590,-0.4480,-28.0000,2.7430,2.7950,117.0000
1785852509.9107,2.7430,2.7820,113.0000,-0.4590,-0.4600,-25.0000,-0.4590,-0.4590,-27.0000,2.7430,2.7920,116.0000
1785852509.9605,2.7430,2.7770,113.0000,-0.4590,-0.4620,-25.0000,-0.4590,-0.4720,-27.0000,2.7430,2.7850,116.0000
1785852510.0106,2.7430,2.7650,113.0000,-0.4590,-0.4630,-24.0000,-0.4590,-0.4580,-27.0000,2.7430,2.7810,116.0000
1785852510.0605,2.7430,2.7640,113.0000,-0.4590,-0.4690,-24.0000,-0.4590,-0.4710,-27.0000,2.7430,2.7760,116.0000
1785852510.1106,2.7430,2.7580,113.0000,-0.4590,-0.4720,-24.0000,-0.4590,-0.4720,-27.0000,2.7430,2.7790,115.0000
1785852510.1605,2.7430,2.7550,112.0000,-0.4590,-0.4680,-24.0000,-0.4590,-0.4490,-28.0000,2.7430,2.7740,115.0000
1785852510.2105,2.7430,2.7520,112.0000,-0.4590,-0.4590,-24.0000,-0.4590,-0.4640,-27.0000,2.7430,2.7730,115.0000
1785852510.2604,2.7430,2.7510,112.0000,-0.4590,-0.4530,-25.0000,-0.4590,-0.4710,-27.0000,2.7430,2.7650,116.0000
1785852510.3105,2.7430,2.7520,112.0000,-0.4590,-0.4550,-24.0000,-0.4590,-0.4530,-28.0000,2.7430,2.7650,115.0000
1785852510.3612,2.7430,2.7540,112.0000,-0.4590,-0.4630,-24.0000,-0.4590,-0.4780,-26.0000,2.7430,2.7700,115.0000
1785852510.4105,2.7430,2.7430,112.0000,-0.4590,-0.4650,-24.0000,-0.4590,-0.4630,-27.0000,2.7430,2.7620,115.0000
1785852510.4612,2.7430,2.7430,112.0000,-0.4590,-0.4590,-24.0000,-0.4590,-0.4370,-28.0000,2.7430,2.7530,116.0000
1785852510.5104,2.7430,2.7530,112.0000,-0.4590,-0.4550,-24.0000,-0.4590,-0.4650,-27.0000,2.7430,2.7630,115.0000
1785852510.5605,2.7430,2.7460,112.0000,-0.4590,-0.4500,-25.0000,-0.4590,-0.4670,-27.0000,2.7430,2.7540,116.0000
1785852510.6106,2.7430,2.7500,112.0000,-0.4590,-0.4520,-25.0000,-0.4590,-0.4490,-28.0000,2.7430,2.7530,116.0000
1785852510.6606,2.7430,2.7520,111.0000,-0.4590,-0.4620,-24.0000,-0.4590,-0.4810,-26.0000,2.7430,2.7580,115.0000
1785852510.7105,2.7430,2.7450,112.0000,-0.4590,-0.4660,-24.0000,-0.4590,-0.4570,-27.0000,2.7430,2.7630,115.0000
1785852510.7605,2.7430,2.7490,111.0000,-0.4590,-0.4600,-24.0000,-0.4590,-0.4360,-28.0000,2.7430,2.7590,115.0000
1785852510.8106,2.7430,2.7460,112.0000,-0.4590,-0.4560,-24.0000,-0.4590,-0.4690,-27.0000,2.7430,2.7540,115.0000
1785852510.8606,2.7430,2.7480,111.0000,-0.4590,-0.4540,-24.0000,-0.4590,-0.4620,-27.0000,2.7430,2.7490,116.0000
1785852510.9106,2.7430,2.7460,112.0000,-0.4590,-0.4550,-24.0000,-0.4590,-0.4450,-28.0000,2.7430,2.7460,116.0000
1785852510.9606,2.7430,2.7450,112.0000,-0.4590,-0.4630,-24.0000,-0.4590,-0.4770,-26.0000,2.7430,2.7430,116.0000
1785852511.0106,2.7430,2.7470,111.0000,-0.4590,-0.4650,-24.0000,-0.4590,-0.4580,-27.0000,2.7430,2.7370,116.0000
1785852511.0606,2.7430,2.7520,111.0000,-0.4590,-0.4570,-24.0000,-0.4590,-0.4390,-28.0000,2.7430,2.7370,116.0000
1785852511.1106,2.7430,2.7490,111.0000,-0.4590,-0.4650,-24.0000,-0.4590,-0.4750,-26.0000,2.7430,2.7270,117.0000
1785852511.1606,2.7430,2.7450,111.0000,-0.4590,-0.4540,-24.0000,-0.4590,-0.4630,-27.0000,2.7430,2.7360,116.0000
1785852511.2103,2.2630,2.5680,79.0000,0.0000,-0.2550,0.0000,0.0000,-0.2340,0.0000,2.1430,2.5090,76.0000
1785852511.2602,1.6630,1.9140,60.0000,0.0000,-0.0170,0.0000,0.0000,-0.0020,0.0000,1.5430,1.8940,52.0000
1785852511.3104,1.0630,1.3250,34.0000,0.0000,-0.0010,0.0000,0.0000,0.0150,0.0000,0.9430,1.2780,27.0000
1785852511.3603,0.4630,0.7010,10.0000,0.0000,-0.0000,0.0000,0.0000,0.0200,0.0000,0.3430,0.6610,1.0000
1785852511.4103,0.0000,0.0880,0.0000,0.0000,-0.0000,0.0000,0.0000,0.0020,0.0000,0.0000,0.0960,0.0000
1785852511.4602,0.0000,0.0060,0.0000,0.0000,-0.0000,0.0000,0.0000,0.0000,0.0000,0.0000,0.0070,0.0000
1785852511.5102,0.0000,0.0000,0.0000,0.0000,-0.0000,0.0000,0.0000,0.0000,0.0000,0.0000,0.0010,0.0000
1785852511.5603,0.0000,0.0000,0.0000,0.0000,-0.0000,0.0000,0.0000,0.0000,0.0000,0.0000,0.0000,0.0000
1785852511.6109,0.0000,0.0000,0.0000,0.0000,-0.0000,0.0000,0.0000,0.0000,0.0000,0.0000,0.0000,0.0000
1785852511.6604,-0.4800,-0.2290,-37.0000,0.4800,0.2260,38.0000,-0.6000,-0.2720,-46.0000,0.6000,0.2660,46.0000
1785852511.7104,-1.0800,-0.8450,-59.0000,1.0800,0.8400,60.0000,-1.2000,-0.9240,-68.0000,1.2000,0.9090,68.0000
1785852511.7603,-1.6800,-1.4520,-83.0000,1.6800,1.4490,85.0000,-1.8000,-1.5560,-92.0000,1.8000,1.5290,93.0000
1785852511.8105,-2.2070,-2.0730,-101.0000,1.9320,1.9860,84.0000,-1.9320,-1.9810,-87.0000,2.2070,2.1400,102.0000
1785852511.8605,-2.2070,-2.2790,-94.0000,1.9320,1.9860,87.0000,-1.9320,-2.0090,-87.0000,2.2070,2.2930,98.0000
1785852511.9105,-2.2070,-2.2870,-95.0000,1.9320,2.0020,86.0000,-1.9320,-2.0380,-86.0000,2.2070,2.2980,98.0000
1785852511.9605,-2.2070,-2.2800,-95.0000,1.9320,1.9910,86.0000,-1.9320,-2.0120,-86.0000,2.2070,2.3090,97.0000
1785852512.0105,-2.2070,-2.2670,-95.0000,1.9320,1.9950,85.0000,-1.9320,-1.9790,-87.0000,2.2070,2.2940,96.0000
1785852512.0605,-2.2070,-2.2590,-94.0000,1.9320,1.9910,85.0000,-1.9320,-1.9940,-85.0000,2.2070,2.2800,96.0000
1785852512.1105,-2.2070,-2.2530,-94.0000,1.9320,1.9740,85.0000,-1.9320,-1.9990,-84.0000,2.2070,2.2530,97.0000
1785852512.1605,-2.2070,-2.2470,-94.0000,1.9320,1.9690,85.0000,-1.9320,-1.9780,-85.0000,2.2070,2.2400,97.0000
1785852512.2105,-2.2070,-2.2420,-93.0000,1.9320,1.9720,84.0000,-1.9320,-1.9540,-86.0000,2.2070,2.2390,96.0000
1785852512.2605,-2.2070,-2.2370,-93.0000,1.9320,1.9600,84.0000,-1.9320,-1.9700,-84.0000,2.2070,2.2480,95.0000
1785852512.3105,-2.2070,-2.2270,-93.0000,1.9320,1.9520,85.0000,-1.9320,-1.9720,-84.0000,2.2070,2.2530,95.0000
1785852512.3604,-2.2070,-2.2260,-93.0000,1.9320,1.9540,84.0000,-1.9320,-1.9420,-85.0000,2.2070,2.2390,95.0000
1785852512.4105,-2.2070,-2.2310,-93.0000,1.9320,1.9530,84.0000,-1.9320,-1.9410,-85.0000,2.2070,2.2140,96.0000
1785852512.4605,-2.2070,-2.2280,-93.0000,1.9320,1.9460,84.0000,-1.9320,-1.9690,-83.0000,2.2070,2.2090,96.0000
1785852512.5105,-2.2070,-2.2160,-93.0000,1.9320,1.9440,84.0000,-1.9320,-1.9520,-84.0000,2.2070,2.2230,95.0000
1785852512.5604,-2.2070,-2.2200,-93.0000,1.9320,1.9510,83.0000,-1.9320,-1.9180,-85.0000,2.2070,2.2310,95.0000
1785852512.6105,-2.2070,-2.2190,-93.0000,1.9320,1.9430,84.0000,-1.9320,-1.9460,-84.0000,2.2070,2.2270,95.0000
1785852512.6605,-2.2070,-2.2150,-93.0000,1.9320,1.9360,84.0000,-1.9320,-1.9600,-83.0000,2.2070,2.2120,95.0000
1785852512.7105,-2.2070,-2.2130,-93.0000,1.9320,1.9380,84.0000,-1.9320,-1.9360,-84.0000,2.2070,2.2060,96.0000
1785852512.7605,-2.2070,-2.2070,-93.0000,1.9320,1.9460,83.0000,-1.9320,-1.9220,-85.0000,2.2070,2.1990,96.0000
1785852512.8105,-2.2070,-2.2160,-92.0000,1.9320,1.9380,83.0000,-1.9320,-1.9510,-83.0000,2.2070,2.2130,95.0000
1785852512.8604,-2.2070,-2.2100,-93.0000,1.9320,1.9290,84.0000,-1.9320,-1.9480,-84.0000,2.2070,2.2240,94.0000
1785852512.9104,-1.7270,-2.0430,-60.0000,1.4520,1.7800,50.0000,-1.3320,-1.7070,-43.0000,1.6070,1.9850,54.0000
1785852512.9604,-1.1270,-1.4090,-39.0000,0.8520,1.1410,28.0000,-0.7320,-1.0990,-18.0000,1.0070,1.3440,32.0000
1785852513.0104,-0.5270,-0.8130,-13.0000,0.2520,0.5290,3.0000,-0.2520,-0.4530,1.0000,0.4070,0.7330,6.0000
1785852513.0608,0.0730,-0.1580,18.0000,-0.3480,-0.1290,-36.0000,0.4680,0.2680,42.0000,-0.1930,0.0680,-33.0000
1785852513.1104,0.6730,0.5410,45.0000,-0.9480,-0.8050,-58.0000,1.0680,0.9060,66.0000,-0.7930,-0.6500,-52.0000
1785852513.1605,1.2730,1.1430,69.0000,-1.5480,-1.4170,-82.0000,1.6680,1.5020,91.0000,-1.3930,-1.2590,-77.0000
1785852513.2104,1.8730,1.7570,93.0000,-1.9320,-2.0150,-88.0000,1.9320,2.0680,89.0000,-1.9930,-1.8620,-102.0000
1785852513.2605,2.2070,2.3210,96.0000,-1.9320,-2.0570,-89.0000,1.9320,2.1030,89.0000,-2.2070,-2.4020,-96.0000
1785852513.3106,2.2070,2.3410,98.0000,-1.9320,-2.0670,-88.0000,1.9320,2.0900,89.0000,-2.2070,-2.3970,-97.0000
1785852513.3606,2.2070,2.3420,97.0000,-1.9320,-2.0580,-87.0000,1.9320,2.0530,90.0000,-2.2070,-2.3890,-96.0000
1785852513.4106,2.2070,2.3360,96.0000,-1.9320,-2.0410,-87.0000,1.9320,2.0470,88.0000,-2.2070,-2.3670,-96.0000
1785852513.4605,2.2070,2.3160,95.0000,-1.9320,-2.0210,-86.0000,1.9320,2.0500,86.0000,-2.2070,-2.3270,-96.0000
1785852513.5105,2.2070,2.2990,95.0000,-1.9320,-2.0140,-86.0000,1.9320,2.0230,86.0000,-2.2070,-2.2980,-96.0000
1785852513.5606,2.2070,2.2860,94.0000,-1.9320,-1.9940,-86.0000,1.9320,1.9920,87.0000,-2.2070,-2.2800,-96.0000
1785852513.6105,2.2070,2.2790,94.0000,-1.9320,-1.9910,-85.0000,1.9320,1.9940,86.0000,-2.2070,-2.2910,-94.0000
1785852513.6606,2.2070,2.2660,93.0000,-1.9320,-1.9840,-84.0000,1.9320,2.0110,84.0000,-2.2070,-2.2890,-93.0000
1785852513.7105,2.2070,2.2590,93.0000,-1.9320,-1.9720,-84.0000,1.9320,1.9810,85.0000,-2.2070,-2.2830,-92.0000
1785852513.7605,2.2070,2.2480,93.0000,-1.9320,-1.9760,-84.0000,1.8120,1.9540,76.0000,-2.0870,-2.2690,-82.0000
1785852513.8105,1.6070,1.9440,57.0000,-1.3320,-1.6660,-47.0000,1.3320,1.6290,43.0000,-1.4870,-1.8210,-52.0000
1785852513.8605,1.0070,1.3030,35.0000,-0.7320,-1.0430,-24.0000,0.7320,0.9800,21.0000,-0.8870,-1.2020,-28.0000
1785852513.9105,0.4070,0.7070,9.0000,-0.1320,-0.4060,4.0000,0.1320,0.3400,-8.0000,-0.2870,-0.5770,-3.0000
1785852513.9604,0.0000,0.0700,0.0000,0.0000,-0.0250,0.0000,0.0000,0.0250,0.0000,0.0000,-0.0300,0.0000
1785852514.0103,0.0000,0.0030,0.0000,0.0000,-0.0020,0.0000,0.0000,0.0010,0.0000,0.0000,-0.0020,0.0000
1785852514.0603,0.0000,0.0000,0.0000,0.0000,-0.0000,0.0000,0.0000,0.0000,0.0000,0.0000,-0.0000,0.0000
1785852514.1103,0.0000,0.0000,0.0000,0.0000,-0.0000,0.0000,0.0000,0.0000,0.0000,0.0000,-0.0000,0.0000
1785852514.1603,0.0000,0.0000,0.0000,0.0000,-0.0000,0.0000,0.0000,0.0000,0.0000,0.0000,-0.0000,0.0000
1785852514.2103,0.0000,0.0000,0.0000,0.0000,-0.0000,0.0000,0.0000,0.0000,0.0000,0.0000,-0.0000,0.0000
1785852514.2603,0.0000,0.0000,0.0000,0.0000,-0.0000,0.0000,0.0000,0.0000,0.0000,0.0000,-0.0000,0.0000
1785852514.3104,0.0000,0.0000,0.0000,0.0000,-0.0000,0.0000,0.0000,0.0000,0.0000,0.0000,-0.0000,0.0000
1785852514.3603,0.0000,0.0000,0.0000,0.0000,-0.0000,0.0000,0.0000,0.0000,0.0000,0.0000,-0.0000,0.0000
1785852514.4103,0.0000,0.0000,0.0000,0.0000,-0.0000,0.0000,0.0000,0.0000,0.0000,0.0000,-0.0000,0.0000
1785852514.4603,0.0000,0.0000,0.0000,0.0000,-0.0000,0.0000,0.0000,0.0000,0.0000,0.0000,-0.0000,0.0000
1785852514.5603,0.0000,0.0000,0.0000,0.0000,-0.0000,0.0000,0.0000,0.0000,0.0000,0.0000,-0.0000,0.0000
