pi_time_s,FR_target_rads,FR_actual_rads,FR_pwm,FL_target_rads,FL_actual_rads,FL_pwm,RR_target_rads,RR_actual_rads,RR_pwm,RL_target_rads,RL_actual_rads,RL_pwm
1785918648.0358,0.0000,0.0000,0.0000,0.0000,-0.0000,0.0000,0.0000,-0.0000,0.0000,0.0000,-0.0000,0.0000
1785918648.0858,0.0000,0.0000,0.0000,0.0000,-0.0000,0.0000,0.0000,-0.0000,0.0000,0.0000,-0.0000,0.0000
1785918648.1359,0.0000,0.0000,0.0000,0.0000,-0.0000,0.0000,0.0000,-0.0000,0.0000,0.0000,-0.0000,0.0000
1785918648.1858,0.0000,0.0000,0.0000,0.0000,-0.0000,0.0000,0.0000,-0.0000,0.0000,0.0000,-0.0000,0.0000
1785918648.2358,0.0000,0.0000,0.0000,0.0000,-0.0000,0.0000,0.0000,-0.0000,0.0000,0.0000,-0.0000,0.0000
1785918648.2857,0.0000,0.0000,0.0000,0.0000,-0.0000,0.0000,0.0000,-0.0000,0.0000,0.0000,-0.0000,0.0000
1785918648.3357,0.0000,0.0000,0.0000,0.0000,-0.0000,0.0000,0.0000,-0.0000,0.0000,0.0000,-0.0000,0.0000
1785918648.3858,0.0000,0.0000,0.0000,0.0000,-0.0000,0.0000,0.0000,-0.0000,0.0000,0.0000,-0.0000,0.0000
1785918648.4358,0.0000,0.0000,0.0000,0.0000,-0.0000,0.0000,0.0000,-0.0000,0.0000,0.0000,-0.0000,0.0000
1785918648.4858,0.0000,0.0000,0.0000,0.0000,-0.0000,0.0000,0.0000,-0.0000,0.0000,0.0000,-0.0000,0.0000
1785918648.5359,0.0000,0.0000,0.0000,0.0000,-0.0000,0.0000,0.0000,-0.0000,0.0000,0.0000,-0.0000,0.0000
1785918648.5857,0.0000,0.0000,0.0000,0.0000,-0.0000,0.0000,0.0000,-0.0000,0.0000,0.0000,-0.0000,0.0000
1785918648.6359,0.0000,0.0000,0.0000,0.0000,-0.0000,0.0000,0.0000,-0.0000,0.0000,0.0000,-0.0000,0.0000
1785918648.6858,0.0000,0.0000,0.0000,0.0000,-0.0000,0.0000,0.0000,-0.0000,0.0000,0.0000,-0.0000,0.0000
1785918648.7358,0.0000,0.0000,0.0000,0.0000,-0.0000,0.0000,0.0000,-0.0000,0.0000,0.0000,-0.0000,0.0000
1785918648.7858,0.0000,0.0000,0.0000,0.0000,-0.0000,0.0000,0.0000,-0.0000,0.0000,0.0000,-0.0000,0.0000
1785918648.8358,0.0000,0.0000,0.0000,0.0000,-0.0000,0.0000,0.0000,-0.0000,0.0000,0.0000,-0.0000,0.0000
1785918648.8858,0.0000,0.0000,0.0000,0.0000,-0.0000,0.0000,0.0000,-0.0000,0.0000,0.0000,-0.0000,0.0000
1785918648.9359,0.0000,0.0000,0.0000,0.0000,-0.0000,0.0000,0.0000,-0.0000,0.0000,0.0000,-0.0000,0.0000
1785918648.9858,0.0000,0.0000,0.0000,0.0000,-0.0000,0.0000,0.0000,-0.0000,0.0000,0.0000,-0.0000,0.0000
1785918649.0359,0.1200,0.0000,14.0000,0.1200,0.0120,14.0000,0.2400,0.0130,28.0000,0.2400,0.0110,28.0000
1785918649.0859,0.6560,0.4920,39.0000,0.6560,0.5120,38.0000,0.6560,0.5610,37.0000,0.6560,0.5770,36.0000
1785918649.1359,0.6560,0.6760,33.0000,0.6560,0.6830,33.0000,0.6560,0.6610,35.0000,0.6560,0.6670,35.0000
1785918649.1859,0.6560,0.6870,33.0000,0.6560,0.6860,34.0000,0.6560,0.6700,36.0000,0.6560,0.6960,34.0000
1785918649.2359,0.6560,0.6830,34.0000,0.6560,0.6850,34.0000,0.6560,0.6760,35.0000,0.6560,0.6860,34.0000
1785918649.2866,0.6560,0.6960,33.0000,0.6560,0.6920,33.0000,0.6560,0.6860,35.0000,0.6560,0.6890,34.0000
1785918649.3366,0.6560,0.6760,33.0000,0.6560,0.6780,34.0000,0.6560,0.6690,35.0000,0.6560,0.6750,34.0000
1785918649.3859,0.6560,0.6770,33.0000,0.6560,0.6640,34.0000,0.6560,0.6720,35.0000,0.6560,0.6840,33.0000
1785918649.4367,0.6560,0.6730,33.0000,0.6560,0.6710,34.0000,0.6560,0.6670,35.0000,0.6560,0.6690,34.0000
1785918649.4867,0.6560,0.6670,33.0000,0.6560,0.6770,33.0000,0.6560,0.6730,34.0000,0.6560,0.6680,34.0000
1785918649.5366,0.6560,0.6710,33.0000,0.6560,0.6690,33.0000,0.6560,0.6590,35.0000,0.6560,0.6620,34.0000
1785918649.5860,0.6560,0.6720,32.0000,0.6560,0.6580,34.0000,0.6560,0.6660,34.0000,0.6560,0.6720,33.0000
1785918649.6360,0.6560,0.6640,33.0000,0.6560,0.6670,33.0000,0.6560,0.6610,35.0000,0.6560,0.6630,34.0000
1785918649.6860,0.6560,0.6660,32.0000,0.6560,0.6750,33.0000,0.6560,0.6680,34.0000,0.6560,0.6620,33.0000
1785918649.7359,0.6560,0.6680,32.0000,0.6560,0.6670,33.0000,0.6560,0.6550,35.0000,0.6560,0.6550,34.0000
1785918649.7860,0.6560,0.6760,31.0000,0.6560,0.6560,34.0000,0.6560,0.6610,34.0000,0.6560,0.6720,33.0000
1785918649.8363,0.6560,0.6590,32.0000,0.6560,0.6600,33.0000,0.6560,0.6500,35.0000,0.6560,0.6550,34.0000
1785918649.8860,0.6560,0.6560,32.0000,0.6560,0.6730,32.0000,0.6560,0.6650,34.0000,0.6560,0.6560,34.0000
1785918649.9359,0.6560,0.6540,32.0000,0.6560,0.6580,33.0000,0.6560,0.6530,35.0000,0.6560,0.6540,34.0000
1785918649.9860,0.6560,0.6670,32.0000,0.6560,0.6470,34.0000,0.6560,0.6550,34.0000,0.6560,0.6660,33.0000
1785918650.0359,0.6560,0.6560,32.0000,0.6560,0.6500,34.0000,0.6560,0.6450,35.0000,0.6560,0.6580,33.0000
1785918650.0860,0.6560,0.6590,32.0000,0.6560,0.6690,32.0000,0.6560,0.6670,34.0000,0.6560,0.6480,34.0000
1785918650.1360,0.6560,0.6590,32.0000,0.6560,0.6610,33.0000,0.6560,0.6570,34.0000,0.6560,0.6570,33.0000
1785918650.1860,0.6560,0.6680,31.0000,0.6560,0.6480,33.0000,0.6560,0.6610,34.0000,0.6560,0.6550,34.0000
1785918650.2360,0.6560,0.6630,32.0000,0.6560,0.6480,33.0000,0.6560,0.6500,35.0000,0.6560,0.6670,33.0000
1785918650.2860,0.6560,0.6650,31.0000,0.6560,0.6680,32.0000,0.6560,0.6610,34.0000,0.6560,0.6490,34.0000
1785918650.3360,0.6560,0.6610,31.0000,0.6560,0.6570,33.0000,0.6560,0.6620,34.0000,0.6560,0.6580,33.0000
1785918650.3860,0.6560,0.6700,31.0000,0.6560,0.6510,33.0000,0.6560,0.6570,34.0000,0.6560,0.6530,34.0000
1785918650.4360,0.6560,0.6490,32.0000,0.6560,0.6530,33.0000,0.6560,0.6500,34.0000,0.6560,0.6630,33.0000
1785918650.4860,0.6560,0.6490,32.0000,0.6560,0.6670,32.0000,0.6560,0.6650,34.0000,0.6560,0.6470,34.0000
1785918650.5360,0.6560,0.6430,32.0000,0.6560,0.6580,33.0000,0.6560,0.6610,34.0000,0.6560,0.6600,33.0000
1785918650.5860,0.6560,0.6570,32.0000,0.6560,0.6480,33.0000,0.6560,0.6540,34.0000,0.6560,0.6470,34.0000
1785918650.6360,0.6560,0.6570,32.0000,0.6560,0.6520,33.0000,0.6560,0.6540,34.0000,0.6560,0.6730,32.0000
1785918650.6860,0.6560,0.6510,32.0000,0.6560,0.6580,33.0000,0.6560,0.6580,34.0000,0.6560,0.6470,34.0000
1785918650.7360,0.6560,0.6490,32.0000,0.6560,0.6630,32.0000,0.6560,0.6710,33.0000,0.6560,0.6640,33.0000
1785918650.7861,0.6560,0.6650,31.0000,0.6560,0.6500,33.0000,0.6560,0.6520,34.0000,0.6560,0.6470,34.0000
1785918650.8360,0.6560,0.6640,31.0000,0.6560,0.6470,33.0000,0.6560,0.6540,34.0000,0.6560,0.6690,33.0000
1785918650.8861,0.6560,0.6550,32.0000,0.6560,0.6650,32.0000,0.6560,0.6630,34.0000,0.6560,0.6460,34.0000
1785918650.9360,0.6560,0.6510,32.0000,0.6560,0.6660,32.0000,0.6560,0.6720,33.0000,0.6560,0.6570,33.0000
1785918650.9860,0.6560,0.6620,31.0000,0.6560,0.6540,33.0000,0.6560,0.6480,34.0000,0.6560,0.6480,34.0000
1785918651.0360,0.6560,0.6590,32.0000,0.6560,0.6500,33.0000,0.6560,0.6490,34.0000,0.6560,0.6700,33.0000
1785918651.0860,0.6560,0.6590,32.0000,0.6560,0.6580,33.0000,0.6560,0.6550,34.0000,0.6560,0.6430,34.0000
1785918651.1360,0.6560,0.6540,32.0000,0.6560,0.6650,32.0000,0.6560,0.6650,34.0000,0.6560,0.6590,33.0000
1785918651.1860,0.6560,0.6580,32.0000,0.6560,0.6600,33.0000,0.6560,0.6530,34.0000,0.6560,0.6460,34.0000
1785918651.2360,0.6560,0.6590,31.0000,0.6560,0.6500,33.0000,0.6560,0.6520,34.0000,0.6560,0.6680,33.0000
1785918651.2860,0.6560,0.6570,32.0000,0.6560,0.6560,33.0000,0.6560,0.6500,34.0000,0.6560,0.6510,34.0000
1785918651.3361,0.6560,0.6500,32.0000,0.6560,0.6630,32.0000,0.6560,0.6660,33.0000,0.6560,0.6630,33.0000
1785918651.3861,0.6560,0.6570,32.0000,0.6560,0.6570,33.0000,0.6560,0.6480,34.0000,0.6560,0.6530,34.0000
1785918651.4361,0.6560,0.6620,31.0000,0.6560,0.6470,33.0000,0.6560,0.6530,34.0000,0.6560,0.6650,33.0000
1785918651.4861,0.6560,0.6540,32.0000,0.6560,0.6510,33.0000,0.6560,0.6510,34.0000,0.6560,0.6500,34.0000
1785918651.5366,0.6560,0.6560,32.0000,0.6560,0.6670,32.0000,0.6560,0.6630,34.0000,0.6560,0.6600,33.0000
1785918651.5861,0.6560,0.6570,32.0000,0.6560,0.6560,33.0000,0.6560,0.6540,34.0000,0.6560,0.6570,33.0000
1785918651.6362,0.6560,0.6520,32.0000,0.6560,0.6460,34.0000,0.6560,0.6530,34.0000,0.6560,0.6630,33.0000
1785918651.6861,0.6560,0.6460,32.0000,0.6560,0.6510,33.0000,0.6560,0.6470,35.0000,0.6560,0.6530,33.0000
1785918651.7361,0.6560,0.6600,31.0000,0.6560,0.6650,32.0000,0.6560,0.6600,34.0000,0.6560,0.6580,33.0000
1785918651.7861,0.6560,0.6580,31.0000,0.6560,0.6570,33.0000,0.6560,0.6500,34.0000,0.6560,0.6640,33.0000
1785918651.8364,0.6560,0.6610,31.0000,0.6560,0.6490,33.0000,0.6560,0.6540,34.0000,0.6560,0.6590,33.0000
1785918651.8860,0.6560,0.6500,32.0000,0.6560,0.6500,33.0000,0.6560,0.6470,35.0000,0.6560,0.6540,33.0000
1785918651.9360,0.6560,0.6540,32.0000,0.6560,0.6660,32.0000,0.6560,0.6630,34.0000,0.6560,0.6540,33.0000
1785918651.9861,0.6560,0.6580,31.0000,0.6560,0.6570,33.0000,0.6560,0.6580,34.0000,0.6560,0.6630,33.0000
1785918652.0361,0.6560,0.6640,31.0000,0.6560,0.6460,33.0000,0.6560,0.6550,34.0000,0.6560,0.6540,33.0000
1785918652.0861,0.6560,0.6430,32.0000,0.6560,0.6500,33.0000,0.6560,0.6470,34.0000,0.6560,0.6600,33.0000
1785918652.1361,0.6560,0.6420,32.0000,0.6560,0.6680,32.0000,0.6560,0.6660,33.0000,0.6560,0.6490,33.0000
1785918652.1861,0.6560,0.6470,32.0000,0.6560,0.6570,33.0000,0.6560,0.6610,34.0000,0.6560,0.6650,32.0000
1785918652.2360,0.6560,0.6570,32.0000,0.6560,0.6500,33.0000,0.6560,0.6540,34.0000,0.6560,0.6550,33.0000
1785918652.2861,0.6560,0.6590,32.0000,0.6560,0.6510,33.0000,0.6560,0.6510,34.0000,0.6560,0.6660,32.0000
1785918652.3361,0.6560,0.6600,32.0000,0.6560,0.6640,32.0000,0.6560,0.6630,34.0000,0.6560,0.6460,33.0000
1785918652.3861,0.6560,0.6580,32.0000,0.6560,0.6580,33.0000,0.6560,0.6670,33.0000,0.6560,0.6610,33.0000
1785918652.4362,0.6560,0.6570,32.0000,0.6560,0.6500,33.0000,0.6560,0.6540,34.0000,0.6560,0.6530,33.0000
1785918652.4867,0.6560,0.6570,32.0000,0.6560,0.6510,33.0000,0.6560,0.6490,34.0000,0.6560,0.6650,32.0000
1785918652.5363,0.6560,0.6560,32.0000,0.6560,0.6620,33.0000,0.6560,0.6620,34.0000,0.6560,0.6440,34.0000
1785918652.5861,0.6560,0.6530,32.0000,0.6560,0.6600,33.0000,0.6560,0.6700,33.0000,0.6560,0.6600,33.0000
1785918652.6361,0.6560,0.6610,31.0000,0.6560,0.6520,33.0000,0.6560,0.6520,34.0000,0.6560,0.6540,33.0000
1785918652.6861,0.6560,0.6570,32.0000,0.6560,0.6520,33.0000,0.6560,0.6540,34.0000,0.6560,0.6620,33.0000
1785918652.7361,0.6560,0.6580,32.0000,0.6560,0.6610,32.0000,0.6560,0.6550,34.0000,0.6560,0.6400,34.0000
1785918652.7861,0.6560,0.6530,32.0000,0.6560,0.6650,32.0000,0.6560,0.6700,33.0000,0.6560,0.6620,33.0000
1785918652.8361,0.6560,0.6560,32.0000,0.6560,0.6550,33.0000,0.6560,0.6490,34.0000,0.6560,0.6470,33.0000
1785918652.8861,0.6560,0.6620,31.0000,0.6560,0.6500,33.0000,0.6560,0.6530,34.0000,0.6560,0.6700,32.0000
1785918652.9362,0.6560,0.6490,32.0000,0.6560,0.6560,33.0000,0.6560,0.6590,34.0000,0.6560,0.6520,33.0000
1785918652.9861,0.6560,0.6620,31.0000,0.6560,0.6650,32.0000,0.6560,0.6690,33.0000,0.6560,0.6560,33.0000
1785918653.0361,0.6560,0.6570,32.0000,0.6560,0.6590,33.0000,0.6560,0.6510,34.0000,0.6560,0.6410,34.0000
1785918653.0861,0.6560,0.6630,31.0000,0.6560,0.6550,33.0000,0.6560,0.6500,34.0000,0.6560,0.6620,33.0000
1785918653.1362,0.6560,0.6430,32.0000,0.6560,0.6620,32.0000,0.6560,0.6470,35.0000,0.6560,0.6440,34.0000
1785918653.1862,0.6560,0.6490,32.0000,0.6560,0.6650,32.0000,0.6560,0.6640,34.0000,0.6560,0.6570,33.0000
1785918653.2361,0.6560,0.6550,32.0000,0.6560,0.6570,33.0000,0.6560,0.6490,34.0000,0.6560,0.6460,34.0000
1785918653.2861,0.6560,0.6640,31.0000,0.6560,0.6510,33.0000,0.6560,0.6530,34.0000,0.6560,0.6640,33.0000
1785918653.3362,0.6560,0.6480,32.0000,0.6560,0.6580,33.0000,0.6560,0.6460,35.0000,0.6560,0.6490,34.0000
1785918653.3862,0.6560,0.6500,32.0000,0.6560,0.6620,32.0000,0.6560,0.6640,34.0000,0.6560,0.6530,33.0000
1785918653.4362,0.6560,0.6490,32.0000,0.6560,0.6610,32.0000,0.6560,0.6490,34.0000,0.6560,0.6540,33.0000
1785918653.4862,0.6560,0.6640,31.0000,0.6560,0.6510,33.0000,0.6560,0.6500,34.0000,0.6560,0.6690,32.0000
1785918653.5363,0.6560,0.6530,32.0000,0.6560,0.6590,32.0000,0.6560,0.6470,35.0000,0.6560,0.6580,33.0000
1785918653.5861,0.6560,0.6490,32.0000,0.6560,0.6620,32.0000,0.6560,0.6630,34.0000,0.6560,0.6550,33.0000
1785918653.6362,0.6560,0.6490,32.0000,0.6560,0.6560,33.0000,0.6560,0.6500,34.0000,0.6560,0.6600,33.0000
1785918653.6862,0.6560,0.6600,32.0000,0.6560,0.6450,33.0000,0.6560,0.6540,34.0000,0.6560,0.6590,33.0000
1785918653.7362,0.6560,0.6530,32.0000,0.6560,0.6560,33.0000,0.6560,0.6490,34.0000,0.6560,0.6670,32.0000
1785918653.7862,0.6560,0.6540,32.0000,0.6560,0.6570,33.0000,0.6560,0.6590,34.0000,0.6560,0.6530,33.0000
1785918653.8367,0.6560,0.6500,32.0000,0.6560,0.6560,33.0000,0.6560,0.6620,34.0000,0.6560,0.6600,33.0000
1785918653.8874,0.6560,0.6590,32.0000,0.6560,0.6490,33.0000,0.6560,0.6580,34.0000,0.6560,0.6530,33.0000
1785918653.9372,0.6560,0.6570,32.0000,0.6560,0.6560,33.0000,0.6560,0.6510,34.0000,0.6560,0.6570,33.0000
1785918653.9872,0.6560,0.6570,32.0000,0.6560,0.6570,33.0000,0.6560,0.6570,34.0000,0.6560,0.6540,33.0000
1785918654.0380,0.6560,0.6530,32.0000,0.6560,0.6540,33.0000,0.6560,0.6640,34.0000,0.6560,0.6610,33.0000
1785918654.0872,0.6560,0.6650,32.0000,0.6560,0.6460,33.0000,0.6560,0.6530,34.0000,0.6560,0.6480,33.0000
1785918654.1373,0.6560,0.6510,32.0000,0.6560,0.6530,33.0000,0.6560,0.6500,34.0000,0.6560,0.6640,33.0000
1785918654.1872,0.6560,0.6570,32.0000,0.6560,0.6610,32.0000,0.6560,0.6630,34.0000,0.6560,0.6480,33.0000
1785918654.2379,1.2560,1.0150,65.0000,1.2560,0.9930,67.0000,1.2560,0.9840,69.0000,1.2560,0.9760,68.0000
1785918654.2872,1.3250,1.3570,56.0000,1.3250,1.3450,58.0000,1.3250,1.3540,59.0000,1.3250,1.3600,58.0000
1785918654.3372,1.3250,1.3480,58.0000,1.3250,1.3410,60.0000,1.3250,1.3510,61.0000,1.3250,1.3320,61.0000
1785918654.3873,1.3250,1.3480,59.0000,1.3250,1.3450,60.0000,1.3250,1.3500,61.0000,1.3250,1.3600,60.0000
1785918654.4373,1.3250,1.3450,58.0000,1.3250,1.3570,60.0000,1.3250,1.3610,61.0000,1.3250,1.3430,61.0000
1785918654.4878,1.3250,1.3390,59.0000,1.3250,1.3380,60.0000,1.3250,1.3390,62.0000,1.3250,1.3550,60.0000
1785918654.5372,1.3250,1.3360,59.0000,1.3250,1.3470,60.0000,1.3250,1.3550,60.0000,1.3250,1.3400,60.0000
1785918654.5872,1.3250,1.3430,58.0000,1.3250,1.3340,60.0000,1.3250,1.3320,61.0000,1.3250,1.3520,59.0000
1785918654.6373,1.3250,1.3330,58.0000,1.3250,1.3420,60.0000,1.3250,1.3500,60.0000,1.3250,1.3350,60.0000
1785918654.6873,1.3250,1.3370,58.0000,1.3250,1.3310,60.0000,1.3250,1.3290,61.0000,1.3250,1.3550,59.0000
1785918654.7372,1.3250,1.3280,58.0000,1.3250,1.3380,59.0000,1.3250,1.3450,60.0000,1.3250,1.3350,60.0000
1785918654.7873,1.3250,1.3330,58.0000,1.3250,1.3290,60.0000,1.3250,1.3250,61.0000,1.3250,1.3520,58.0000
1785918654.8375,1.3250,1.3360,58.0000,1.3250,1.3350,59.0000,1.3250,1.3430,60.0000,1.3250,1.3340,59.0000
1785918654.8873,1.3250,1.3310,58.0000,1.3250,1.3260,60.0000,1.3250,1.3210,61.0000,1.3250,1.3410,59.0000
1785918654.9372,1.3250,1.3310,58.0000,1.3250,1.3360,59.0000,1.3250,1.3410,60.0000,1.3250,1.3200,60.0000
1785918654.9872,1.3250,1.3360,57.0000,1.3250,1.3240,60.0000,1.3250,1.3200,61.0000,1.3250,1.3370,59.0000
1785918655.0372,1.3250,1.3230,58.0000,1.3250,1.3300,59.0000,1.3250,1.3420,60.0000,1.3250,1.3200,60.0000
1785918655.0872,1.3250,1.3340,58.0000,1.3250,1.3200,60.0000,1.3250,1.3200,61.0000,1.3250,1.3380,59.0000
1785918655.1373,1.3250,1.3310,58.0000,1.3250,1.3300,59.0000,1.3250,1.3390,60.0000,1.3250,1.3150,60.0000
1785918655.1872,1.3250,1.3350,57.0000,1.3250,1.3230,60.0000,1.3250,1.3140,61.0000,1.3250,1.3380,59.0000
1785918655.2372,1.3250,1.3190,58.0000,1.3250,1.3360,59.0000,1.3250,1.3420,59.0000,1.3250,1.3220,59.0000
1785918655.2872,1.3250,1.3300,58.0000,1.3250,1.3220,60.0000,1.3250,1.3150,61.0000,1.3250,1.3370,59.0000
1785918655.3372,1.3250,1.3290,58.0000,1.3250,1.3330,59.0000,1.3250,1.3410,59.0000,1.3250,1.3210,59.0000
1785918655.3872,1.3250,1.3290,58.0000,1.3250,1.3180,60.0000,1.3250,1.3140,61.0000,1.3250,1.3330,59.0000
1785918655.4373,1.3250,1.3150,58.0000,1.3250,1.3310,59.0000,1.3250,1.3420,59.0000,1.3250,1.3210,59.0000
1785918655.4872,1.3250,1.3280,58.0000,1.3250,1.3180,60.0000,1.3250,1.3170,61.0000,1.3250,1.3350,59.0000
1785918655.5375,1.3250,1.3160,59.0000,1.3250,1.3330,59.0000,1.3250,1.3390,59.0000,1.3250,1.3120,60.0000
1785918655.5872,1.3250,1.3410,57.0000,1.3250,1.3210,60.0000,1.3250,1.3140,61.0000,1.3250,1.3440,58.0000
1785918655.6372,1.3250,1.3170,58.0000,1.3250,1.3310,59.0000,1.3250,1.3400,59.0000,1.3250,1.3220,59.0000
1785918655.6872,1.3250,1.3370,57.0000,1.3250,1.3190,60.0000,1.3250,1.3140,61.0000,1.3250,1.3490,58.0000
1785918655.7372,1.3250,1.3160,59.0000,1.3250,1.3350,59.0000,1.3250,1.3400,59.0000,1.3250,1.3220,59.0000
1785918655.7872,1.3250,1.3310,58.0000,1.3250,1.3180,60.0000,1.3250,1.3150,61.0000,1.3250,1.3200,59.0000
1785918655.8372,1.3250,1.3200,58.0000,1.3250,1.3330,59.0000,1.3250,1.3390,59.0000,1.3250,1.3070,60.0000
1785918655.8879,1.3250,1.3340,58.0000,1.3250,1.3140,60.0000,1.3250,1.3120,61.0000,1.3250,1.3340,58.0000
1785918655.9372,1.3250,1.3170,59.0000,1.3250,1.3320,59.0000,1.3250,1.3360,59.0000,1.3250,1.3030,60.0000
1785918655.9873,1.3250,1.3300,58.0000,1.3250,1.3190,60.0000,1.3250,1.3130,61.0000,1.3250,1.3390,58.0000
1785918656.0373,1.3250,1.3150,59.0000,1.3250,1.3340,59.0000,1.3250,1.3400,59.0000,1.3250,1.3150,60.0000
1785918656.0872,1.3250,1.3190,58.0000,1.3250,1.3150,60.0000,1.3250,1.3150,61.0000,1.3250,1.3440,58.0000
1785918656.1373,1.3250,1.3160,59.0000,1.3250,1.3290,59.0000,1.3250,1.3380,59.0000,1.3250,1.3150,60.0000
1785918656.1874,1.3250,1.3280,58.0000,1.3250,1.3170,60.0000,1.3250,1.3130,61.0000,1.3250,1.3400,58.0000
1785918656.2372,1.3250,1.3160,59.0000,1.3250,1.3330,59.0000,1.3250,1.3380,59.0000,1.3250,1.3170,59.0000
1785918656.2872,1.3250,1.3300,58.0000,1.3250,1.3130,60.0000,1.3250,1.3110,61.0000,1.3250,1.3310,58.0000
1785918656.3372,1.3250,1.3240,58.0000,1.3250,1.3360,59.0000,1.3250,1.3370,59.0000,1.3250,1.3150,59.0000
1785918656.3873,1.3250,1.3280,58.0000,1.3250,1.3190,60.0000,1.3250,1.3130,61.0000,1.3250,1.3270,59.0000
1785918656.4373,1.3250,1.3210,58.0000,1.3250,1.3350,59.0000,1.3250,1.3370,59.0000,1.3250,1.3120,60.0000
1785918656.4874,1.3250,1.3300,58.0000,1.3250,1.3210,60.0000,1.3250,1.3150,61.0000,1.3250,1.3360,58.0000
1785918656.5375,1.3250,1.3220,58.0000,1.3250,1.3320,59.0000,1.3250,1.3350,59.0000,1.3250,1.3200,59.0000
1785918656.5877,1.3250,1.3300,58.0000,1.3250,1.3220,59.0000,1.3250,1.3220,60.0000,1.3250,1.3320,58.0000
1785918656.6374,1.3250,1.3160,59.0000,1.3250,1.3310,59.0000,1.3250,1.3320,60.0000,1.3250,1.3180,59.0000
1785918656.6874,1.3250,1.3230,58.0000,1.3250,1.3200,60.0000,1.3250,1.3150,61.0000,1.3250,1.3270,59.0000
1785918656.7373,1.3250,1.3230,58.0000,1.3250,1.3310,59.0000,1.3250,1.3350,59.0000,1.3250,1.3200,59.0000
1785918656.7873,1.3250,1.3260,58.0000,1.3250,1.3200,60.0000,1.3250,1.3160,61.0000,1.3250,1.3150,59.0000
1785918656.8373,1.3250,1.3220,58.0000,1.3250,1.3310,59.0000,1.3250,1.3320,60.0000,1.3250,1.3190,59.0000
1785918656.8879,1.3250,1.3220,58.0000,1.3250,1.3240,59.0000,1.3250,1.3210,60.0000,1.3250,1.3230,59.0000
1785918656.9373,1.3250,1.3270,58.0000,1.3250,1.3270,59.0000,1.3250,1.3300,60.0000,1.3250,1.3200,59.0000
1785918656.9873,1.3250,1.3260,58.0000,1.3250,1.3200,59.0000,1.3250,1.3240,60.0000,1.3250,1.3190,59.0000
1785918657.0373,1.3250,1.3280,58.0000,1.3250,1.3270,59.0000,1.3250,1.3280,60.0000,1.3250,1.3190,59.0000
1785918657.0873,1.3250,1.3250,58.0000,1.3250,1.3230,59.0000,1.3250,1.3210,60.0000,1.3250,1.3200,59.0000
1785918657.1374,1.3250,1.3300,58.0000,1.3250,1.3280,59.0000,1.3250,1.3260,60.0000,1.3250,1.3240,59.0000
1785918657.1873,1.3250,1.3260,58.0000,1.3250,1.3280,59.0000,1.3250,1.3280,60.0000,1.3250,1.3280,59.0000
1785918657.2373,1.3250,1.3250,58.0000,1.3250,1.3250,59.0000,1.3250,1.3240,60.0000,1.3250,1.3290,59.0000
1785918657.2873,1.3250,1.3160,58.0000,1.3250,1.3300,59.0000,1.3250,1.3260,60.0000,1.3250,1.3230,59.0000
1785918657.3373,1.3250,1.3280,58.0000,1.3250,1.3300,59.0000,1.3250,1.3240,60.0000,1.3250,1.3340,58.0000
1785918657.3874,1.3250,1.3200,58.0000,1.3250,1.3320,59.0000,1.3250,1.3240,60.0000,1.3250,1.3310,59.0000
1785918657.4373,1.3250,1.3350,57.0000,1.3250,1.3300,59.0000,1.3250,1.3220,60.0000,1.3250,1.3350,58.0000
1785918657.4873,1.3250,1.3170,58.0000,1.3250,1.3290,59.0000,1.3250,1.3290,60.0000,1.3250,1.3190,59.0000
1785918657.5373,1.3250,1.3310,58.0000,1.3250,1.3230,59.0000,1.3250,1.3210,60.0000,1.3250,1.3390,58.0000
1785918657.5873,1.3250,1.3190,58.0000,1.3250,1.3260,59.0000,1.3250,1.3290,60.0000,1.3250,1.3160,59.0000
1785918657.6374,1.3250,1.3340,57.0000,1.3250,1.3200,59.0000,1.3250,1.3200,60.0000,1.3250,1.3330,58.0000
1785918657.6874,1.3250,1.3180,58.0000,1.3250,1.3280,59.0000,1.3250,1.3330,59.0000,1.3250,1.3160,59.0000
1785918657.7374,1.3250,1.3350,57.0000,1.3250,1.3220,59.0000,1.3250,1.3140,61.0000,1.3250,1.3310,58.0000
1785918657.7873,1.3250,1.3250,58.0000,1.3250,1.3290,59.0000,1.3250,1.3360,59.0000,1.3250,1.3060,60.0000
1785918657.8382,1.3250,1.3360,57.0000,1.3250,1.3220,59.0000,1.3250,1.3150,60.0000,1.3250,1.3350,58.0000
1785918657.8874,1.3250,1.3170,58.0000,1.3250,1.3320,59.0000,1.3250,1.3350,59.0000,1.3250,1.3210,59.0000
1785918657.9374,1.3250,1.3300,58.0000,1.3250,1.3190,60.0000,1.3250,1.3130,61.0000,1.3250,1.3420,58.0000
1785918657.9873,1.3250,1.3100,59.0000,1.3250,1.3280,59.0000,1.3250,1.3360,59.0000,1.3250,1.3180,59.0000
1785918658.0373,1.3250,1.3390,57.0000,1.3250,1.3170,60.0000,1.3250,1.3150,60.0000,1.3250,1.3450,58.0000
1785918658.0873,1.3250,1.3160,59.0000,1.3250,1.3300,59.0000,1.3250,1.3360,59.0000,1.3250,1.3120,60.0000
1785918658.1374,1.3250,1.3410,57.0000,1.3250,1.3180,60.0000,1.3250,1.3110,61.0000,1.3250,1.3420,58.0000
1785918658.1874,1.3250,1.3210,58.0000,1.3250,1.3320,59.0000,1.3250,1.3400,59.0000,1.3250,1.3170,59.0000
1785918658.2373,1.3250,1.3390,57.0000,1.3250,1.3210,59.0000,1.3250,1.3150,61.0000,1.3250,1.3450,58.0000
1785918658.2873,1.3250,1.3240,58.0000,1.3250,1.3340,59.0000,1.3250,1.3440,59.0000,1.3250,1.3120,59.0000
1785918658.3374,1.3250,1.3380,57.0000,1.3250,1.3140,60.0000,1.3250,1.3130,61.0000,1.3250,1.3470,57.0000
1785918658.3874,1.3250,1.3230,58.0000,1.3250,1.3330,59.0000,1.3250,1.3400,59.0000,1.3250,1.3210,59.0000
1785918658.4374,1.3250,1.3340,57.0000,1.3250,1.3140,60.0000,1.3250,1.3130,61.0000,1.3250,1.3400,58.0000
1785918658.4874,1.3250,1.3180,58.0000,1.3250,1.3320,59.0000,1.3250,1.3370,59.0000,1.3250,1.3170,59.0000
1785918658.5374,1.3250,1.3370,57.0000,1.3250,1.3190,60.0000,1.3250,1.3120,61.0000,1.3250,1.3400,58.0000
1785918658.5873,1.3250,1.3130,59.0000,1.3250,1.3310,59.0000,1.3250,1.3370,59.0000,1.3250,1.3130,59.0000
1785918658.6375,1.3250,1.3380,57.0000,1.3250,1.3160,60.0000,1.3250,1.3100,61.0000,1.3250,1.3380,58.0000
1785918658.6874,1.3250,1.3210,58.0000,1.3250,1.3330,59.0000,1.3250,1.3380,59.0000,1.3250,1.3110,59.0000
1785918658.7374,1.3250,1.3360,57.0000,1.3250,1.3140,60.0000,1.3250,1.3130,61.0000,1.3250,1.3350,58.0000
1785918658.7874,1.3250,1.3340,57.0000,1.3250,1.3340,59.0000,1.3250,1.3400,59.0000,1.3250,1.3070,60.0000
1785918658.8374,1.3250,1.3330,57.0000,1.3250,1.3150,60.0000,1.3250,1.3070,61.0000,1.3250,1.3330,58.0000
1785918658.8874,1.3250,1.3260,58.0000,1.3250,1.3320,59.0000,1.3250,1.3370,59.0000,1.3250,1.3120,59.0000
1785918658.9374,1.3250,1.3270,58.0000,1.3250,1.3130,60.0000,1.3250,1.3120,61.0000,1.3250,1.3240,59.0000
1785918658.9875,1.3250,1.3210,58.0000,1.3250,1.3280,59.0000,1.3250,1.3370,59.0000,1.3250,1.3130,59.0000
1785918659.0373,1.3250,1.3250,58.0000,1.3250,1.3160,60.0000,1.3250,1.3120,61.0000,1.3250,1.3350,58.0000
1785918659.0880,1.3250,1.3220,58.0000,1.3250,1.3280,59.0000,1.3250,1.3350,59.0000,1.3250,1.3170,59.0000
1785918659.1374,1.3250,1.3290,58.0000,1.3250,1.3170,60.0000,1.3250,1.3160,60.0000,1.3250,1.3360,58.0000
1785918659.1874,1.6850,1.4170,84.0000,1.6850,1.4250,85.0000,1.6850,1.4090,87.0000,1.6850,1.3940,86.0000
1785918659.2374,1.9690,1.9880,80.0000,1.9690,1.9670,83.0000,1.9690,1.9400,86.0000,1.9690,1.9900,81.0000
1785918659.2874,1.9690,1.9610,84.0000,1.9690,1.9710,86.0000,1.9690,1.9850,86.0000,1.9690,1.9760,85.0000
1785918659.3380,1.9690,1.9830,84.0000,1.9690,1.9940,85.0000,1.9690,2.0140,85.0000,1.9690,1.9830,85.0000
1785918659.3877,1.9690,1.9880,84.0000,1.9690,1.9910,86.0000,1.9690,1.9950,86.0000,1.9690,2.0000,84.0000
1785918659.4374,1.9690,2.0000,83.0000,1.9690,1.9820,86.0000,1.9690,1.9760,87.0000,1.9690,2.0100,83.0000
1785918659.4874,1.9690,1.9840,83.0000,1.9690,1.9860,86.0000,1.9690,1.9960,86.0000,1.9690,1.9840,85.0000
1785918659.5380,1.9690,1.9850,83.0000,1.9690,1.9910,85.0000,1.9690,2.0060,85.0000,1.9690,1.9820,85.0000
1785918659.5876,1.9690,1.9850,83.0000,1.9690,1.9790,85.0000,1.9690,1.9790,86.0000,1.9690,2.0000,83.0000
1785918659.6374,1.9690,1.9850,83.0000,1.9690,1.9680,86.0000,1.9690,1.9690,86.0000,1.9690,2.0020,83.0000
1785918659.6874,1.9690,1.9710,83.0000,1.9690,1.9830,85.0000,1.9690,1.9890,85.0000,1.9690,1.9720,84.0000
1785918659.7379,1.9690,1.9780,83.0000,1.9690,1.9810,85.0000,1.9690,1.9920,85.0000,1.9690,1.9660,84.0000
1785918659.7878,1.9690,1.9780,83.0000,1.9690,1.9750,85.0000,1.9690,1.9650,86.0000,1.9690,1.9860,83.0000
1785918659.8381,1.9690,1.9750,83.0000,1.9690,1.9670,86.0000,1.9690,1.9660,86.0000,1.9690,1.9880,83.0000
1785918659.8875,1.9690,1.9720,83.0000,1.9690,1.9780,85.0000,1.9690,1.9900,84.0000,1.9690,1.9640,84.0000
1785918659.9375,1.9690,1.9750,83.0000,1.9690,1.9780,85.0000,1.9690,1.9760,85.0000,1.9690,1.9670,84.0000
1785918659.9874,1.9690,1.9790,82.0000,1.9690,1.9670,85.0000,1.9690,1.9550,86.0000,1.9690,1.9910,82.0000
1785918660.0374,1.9690,1.9770,82.0000,1.9690,1.9670,85.0000,1.9690,1.9750,85.0000,1.9690,1.9690,84.0000
1785918660.0875,1.9690,1.9750,82.0000,1.9690,1.9750,85.0000,1.9690,1.9920,84.0000,1.9690,1.9590,84.0000
1785918660.1374,1.9690,1.9740,82.0000,1.9690,1.9720,85.0000,1.9690,1.9740,85.0000,1.9690,1.9790,83.0000
1785918660.1874,1.9690,1.9800,82.0000,1.9690,1.9650,85.0000,1.9690,1.9540,86.0000,1.9690,1.9840,83.0000
1785918660.2374,1.9690,1.9620,83.0000,1.9690,1.9770,85.0000,1.9690,1.9760,85.0000,1.9690,1.9620,84.0000
1785918660.2874,1.9690,1.9600,83.0000,1.9690,1.9750,85.0000,1.9690,1.9900,84.0000,1.9690,1.9570,84.0000
1785918660.3374,1.9690,1.9710,82.0000,1.9690,1.9640,85.0000,1.9690,1.9670,85.0000,1.9690,1.9820,83.0000
1785918660.3875,1.9690,1.9790,82.0000,1.9690,1.9600,86.0000,1.9690,1.9560,86.0000,1.9690,1.9790,83.0000
1785918660.4374,1.9690,1.9660,83.0000,1.9690,1.9730,85.0000,1.9690,1.9810,84.0000,1.9690,1.9550,84.0000
1785918660.4874,1.9690,1.9640,83.0000,1.9690,1.9770,85.0000,1.9690,1.9770,85.0000,1.9690,1.9590,84.0000
1785918660.5374,1.9690,1.9800,82.0000,1.9690,1.9670,85.0000,1.9690,1.9560,86.0000,1.9690,1.9900,82.0000
1785918660.5875,1.9690,1.9720,82.0000,1.9690,1.9620,86.0000,1.9690,1.9640,85.0000,1.9690,1.9750,83.0000
1785918660.6375,1.9690,1.9620,83.0000,1.9690,1.9750,85.0000,1.9690,1.9900,84.0000,1.9690,1.9460,85.0000
1785918660.6875,1.9690,1.9650,83.0000,1.9690,1.9690,85.0000,1.9690,1.9700,85.0000,1.9690,1.9650,84.0000
1785918660.7374,1.9690,1.9780,82.0000,1.9690,1.9640,85.0000,1.9690,1.9520,86.0000,1.9690,1.9740,83.0000
1785918660.7874,1.9690,1.9660,83.0000,1.9690,1.9700,85.0000,1.9690,1.9700,85.0000,1.9690,1.9650,84.0000
1785918660.8374,1.9690,1.9640,83.0000,1.9690,1.9750,85.0000,1.9690,1.9890,84.0000,1.9690,1.9470,85.0000
1785918660.8875,1.9690,1.9750,82.0000,1.9690,1.9680,85.0000,1.9690,1.9650,85.0000,1.9690,1.9610,84.0000
1785918660.9374,1.9690,1.9750,82.0000,1.9690,1.9680,85.0000,1.9690,1.9470,86.0000,1.9690,1.9770,83.0000
1785918660.9875,1.9690,1.9650,83.0000,1.9690,1.9730,85.0000,1.9690,1.9790,84.0000,1.9690,1.9530,85.0000
1785918661.0376,1.9690,1.9660,83.0000,1.9690,1.9730,85.0000,1.9690,1.9850,84.0000,1.9690,1.9590,85.0000
1785918661.0874,1.9690,1.9760,82.0000,1.9690,1.9690,85.0000,1.9690,1.9550,86.0000,1.9690,1.9780,83.0000
1785918661.1375,1.9690,1.9750,82.0000,1.9690,1.9700,85.0000,1.9690,1.9660,85.0000,1.9690,1.9760,84.0000
1785918661.1875,1.9690,1.9670,83.0000,1.9690,1.9760,85.0000,1.9690,1.9840,84.0000,1.9690,1.9570,85.0000
1785918661.2375,1.9690,1.9630,83.0000,1.9690,1.9740,85.0000,1.9690,1.9790,84.0000,1.9690,1.9670,84.0000
1785918661.2875,1.9690,1.9740,82.0000,1.9690,1.9640,85.0000,1.9690,1.9550,86.0000,1.9690,1.9850,83.0000
1785918661.3382,1.9690,1.9670,82.0000,1.9690,1.9710,85.0000,1.9690,1.9720,85.0000,1.9690,1.9630,84.0000
1785918661.3875,1.9690,1.9580,83.0000,1.9690,1.9780,84.0000,1.9690,1.9940,83.0000,1.9690,1.9490,85.0000
1785918661.4375,1.9690,1.9650,83.0000,1.9690,1.9650,85.0000,1.9690,1.9660,85.0000,1.9690,1.9670,84.0000
1785918661.4875,1.9690,1.9750,82.0000,1.9690,1.9650,85.0000,1.9690,1.9530,86.0000,1.9690,1.9770,84.0000
1785918661.5375,1.9690,1.9600,83.0000,1.9690,1.9700,85.0000,1.9690,1.9750,84.0000,1.9690,1.9560,85.0000
1785918661.5875,1.9690,1.9650,83.0000,1.9690,1.9710,85.0000,1.9690,1.9840,84.0000,1.9690,1.9630,85.0000
1785918661.6375,1.9690,1.9710,82.0000,1.9690,1.9670,85.0000,1.9690,1.9610,85.0000,1.9690,1.9820,83.0000
1785918661.6875,1.9690,1.9670,83.0000,1.9690,1.9680,85.0000,1.9690,1.9530,86.0000,1.9690,1.9720,84.0000
1785918661.7375,1.9690,1.9590,83.0000,1.9690,1.9750,85.0000,1.9690,1.9790,84.0000,1.9690,1.9570,85.0000
1785918661.7875,1.9690,1.9680,83.0000,1.9690,1.9710,85.0000,1.9690,1.9830,84.0000,1.9690,1.9590,85.0000
1785918661.8375,1.9690,1.9760,82.0000,1.9690,1.9650,85.0000,1.9690,1.9510,86.0000,1.9690,1.9900,83.0000
1785918661.8875,1.9690,1.9750,82.0000,1.9690,1.9670,85.0000,1.9690,1.9660,85.0000,1.9690,1.9700,84.0000
1785918661.9375,1.9690,1.9730,82.0000,1.9690,1.9760,84.0000,1.9690,1.9830,84.0000,1.9690,1.9590,85.0000
1785918661.9875,1.9690,1.9660,83.0000,1.9690,1.9690,85.0000,1.9690,1.9650,85.0000,1.9690,1.9780,84.0000
1785918662.0381,1.9690,1.9770,82.0000,1.9690,1.9630,85.0000,1.9690,1.9540,86.0000,1.9690,1.9840,83.0000
1785918662.0875,1.9690,1.9730,82.0000,1.9690,1.9690,85.0000,1.9690,1.9760,84.0000,1.9690,1.9570,85.0000
1785918662.1375,1.9690,1.9760,82.0000,1.9690,1.9760,84.0000,1.9690,1.9840,84.0000,1.9690,1.9470,85.0000
1785918662.1875,1.9690,1.9640,83.0000,1.9690,1.9670,85.0000,1.9690,1.9600,85.0000,1.9690,1.9770,84.0000
1785918662.2375,1.9690,1.9690,82.0000,1.9690,1.9620,85.0000,1.9690,1.9560,86.0000,1.9690,1.9810,84.0000
1785918662.2878,1.9690,1.9600,83.0000,1.9690,1.9720,85.0000,1.9690,1.9860,84.0000,1.9690,1.9590,85.0000
1785918662.3375,1.9690,1.9560,83.0000,1.9690,1.9690,85.0000,1.9690,1.9840,84.0000,1.9690,1.9620,85.0000
1785918662.3875,1.9690,1.9770,82.0000,1.9690,1.9610,85.0000,1.9690,1.9560,85.0000,1.9690,1.9900,83.0000
1785918662.4375,1.9690,1.9580,83.0000,1.9690,1.9640,85.0000,1.9690,1.9590,85.0000,1.9690,1.9680,84.0000
1785918662.4875,1.9690,1.9610,83.0000,1.9690,1.9710,85.0000,1.9690,1.9850,84.0000,1.9690,1.9560,85.0000
1785918662.5375,1.9690,1.9670,83.0000,1.9690,1.9650,85.0000,1.9690,1.9720,84.0000,1.9690,1.9720,84.0000
1785918662.5875,1.9690,1.9760,82.0000,1.9690,1.9640,85.0000,1.9690,1.9530,86.0000,1.9690,1.9850,83.0000
1785918662.6376,1.9690,1.9660,83.0000,1.9690,1.9710,85.0000,1.9690,1.9700,85.0000,1.9690,1.9610,85.0000
1785918662.6875,1.9690,1.9650,83.0000,1.9690,1.9770,85.0000,1.9690,1.9850,84.0000,1.9690,1.9530,85.0000
1785918662.7375,1.9690,1.9670,83.0000,1.9690,1.9680,85.0000,1.9690,1.9680,85.0000,1.9690,1.9850,83.0000
1785918662.7875,1.9690,1.9780,82.0000,1.9690,1.9670,85.0000,1.9690,1.9500,86.0000,1.9690,1.9770,84.0000
1785918662.8375,1.9690,1.9620,83.0000,1.9690,1.9770,85.0000,1.9690,1.9800,84.0000,1.9690,1.9610,85.0000
1785918662.8876,1.9690,1.9670,83.0000,1.9690,1.9750,85.0000,1.9690,1.9810,84.0000,1.9690,1.9630,84.0000
1785918662.9376,1.9690,1.9820,82.0000,1.9690,1.9670,85.0000,1.9690,1.9500,86.0000,1.9690,1.9840,83.0000
1785918662.9883,1.9690,1.9700,83.0000,1.9690,1.9680,85.0000,1.9690,1.9600,85.0000,1.9690,1.9760,84.0000
1785918663.0375,1.9690,1.9650,83.0000,1.9690,1.9730,85.0000,1.9690,1.9870,84.0000,1.9690,1.9500,85.0000
1785918663.0875,1.9690,1.9750,82.0000,1.9690,1.9680,85.0000,1.9690,1.9750,84.0000,1.9690,1.9640,84.0000
1785918663.1376,1.9690,1.9740,82.0000,1.9690,1.9660,85.0000,1.9690,1.9520,86.0000,1.9690,1.9770,84.0000
1785918663.1876,1.9690,1.9730,82.0000,1.9690,1.9670,85.0000,1.9690,1.9660,85.0000,1.9690,1.9630,85.0000
1785918663.2376,1.9690,1.9690,82.0000,1.9690,1.9740,85.0000,1.9690,1.9870,84.0000,1.9690,1.9550,85.0000
1785918663.2882,1.9690,1.9660,83.0000,1.9690,1.9690,85.0000,1.9690,1.9720,85.0000,1.9690,1.9740,84.0000
1785918663.3376,1.9690,1.9750,82.0000,1.9690,1.9640,85.0000,1.9690,1.9520,86.0000,1.9690,1.9830,83.0000
1785918663.3876,1.9690,1.9610,83.0000,1.9690,1.9670,85.0000,1.9690,1.9750,84.0000,1.9690,1.9470,86.0000
1785918663.4376,1.9690,1.9690,83.0000,1.9690,1.9740,85.0000,1.9690,1.9840,84.0000,1.9690,1.9560,85.0000
1785918663.4876,1.9690,1.9720,82.0000,1.9690,1.9680,85.0000,1.9690,1.9590,85.0000,1.9690,1.9830,84.0000
1785918663.5375,1.9690,1.9640,83.0000,1.9690,1.9620,85.0000,1.9690,1.9560,85.0000,1.9690,1.9910,83.0000
1785918663.5876,1.9690,1.9620,83.0000,1.9690,1.9710,85.0000,1.9690,1.9800,84.0000,1.9690,1.9570,85.0000
1785918663.6376,1.9690,1.9670,83.0000,1.9690,1.9720,85.0000,1.9690,1.9810,84.0000,1.9690,1.9700,84.0000
1785918663.6876,1.9690,1.9760,82.0000,1.9690,1.9650,85.0000,1.9690,1.9480,86.0000,1.9690,1.9890,83.0000
1785918663.7376,1.9690,1.9750,82.0000,1.9690,1.9700,85.0000,1.9690,1.9680,85.0000,1.9690,1.9680,84.0000
1785918663.7876,1.9690,1.9630,83.0000,1.9690,1.9780,84.0000,1.9690,1.9900,83.0000,1.9690,1.9530,85.0000
1785918663.8377,1.9690,1.9760,82.0000,1.9690,1.9660,85.0000,1.9690,1.9710,85.0000,1.9690,1.9700,84.0000
1785918663.8885,1.9690,1.9770,82.0000,1.9690,1.9680,85.0000,1.9690,1.9480,86.0000,1.9690,1.9880,83.0000
1785918663.9376,1.9690,1.9590,83.0000,1.9690,1.9710,85.0000,1.9690,1.9690,85.0000,1.9690,1.9670,84.0000
1785918663.9878,1.9690,1.9650,83.0000,1.9690,1.9730,85.0000,1.9690,1.9860,84.0000,1.9690,1.9610,85.0000
1785918664.0376,1.9690,1.9710,82.0000,1.9690,1.9660,85.0000,1.9690,1.9620,85.0000,1.9690,1.9820,83.0000
1785918664.0877,1.9690,1.9760,82.0000,1.9690,1.9670,85.0000,1.9690,1.9570,85.0000,1.9690,1.9890,83.0000
1785918664.1376,1.9690,1.9580,83.0000,1.9690,1.9750,85.0000,1.9690,1.9800,84.0000,1.9690,1.9580,85.0000
1785918664.1877,1.9690,1.9640,83.0000,1.9690,1.9780,84.0000,1.9690,1.9800,84.0000,1.9690,1.9670,84.0000
1785918664.2376,1.9690,1.9740,82.0000,1.9690,1.9650,85.0000,1.9690,1.9570,85.0000,1.9690,1.9850,83.0000
1785918664.2876,1.9690,1.9680,83.0000,1.9690,1.9670,85.0000,1.9690,1.9640,85.0000,1.9690,1.9800,83.0000
1785918664.3376,1.9690,1.9630,83.0000,1.9690,1.9730,85.0000,1.9690,1.9910,83.0000,1.9690,1.9520,85.0000
1785918664.3876,1.9690,1.9720,83.0000,1.9690,1.9690,85.0000,1.9690,1.9700,85.0000,1.9690,1.9660,84.0000
1785918664.4376,1.9690,1.9830,82.0000,1.9690,1.9590,85.0000,1.9690,1.9500,86.0000,1.9690,1.9880,83.0000
1785918664.4878,1.9690,1.9600,83.0000,1.9690,1.9710,85.0000,1.9690,1.9680,85.0000,1.9690,1.9680,84.0000
1785918664.5376,1.7290,1.9460,63.0000,1.7290,1.9590,65.0000,1.7290,1.9750,63.0000,1.7290,1.9460,64.0000
1785918664.5876,1.1290,1.4150,38.0000,1.1290,1.4210,39.0000,1.1290,1.4740,36.0000,1.1290,1.4670,36.0000
1785918664.6376,0.5290,0.8140,14.0000,0.5290,0.8040,15.0000,0.5290,0.8590,11.0000,0.5290,0.8290,12.0000
1785918664.6878,-0.0710,0.1780,-19.0000,-0.0710,0.1860,-20.0000,-0.0710,0.1980,-21.0000,-0.0710,0.1860,-21.0000
1785918664.7378,-0.6710,-0.5170,-46.0000,-0.6710,-0.5360,-46.0000,-0.6710,-0.4730,-51.0000,-0.6710,-0.5190,-48.0000
1785918664.7878,-1.2710,-1.1170,-71.0000,-1.2710,-1.1350,-71.0000,-1.2710,-1.0930,-76.0000,-1.2710,-1.1370,-72.0000
1785918664.8379,-1.8710,-1.7250,-95.0000,-1.8710,-1.7380,-96.0000,-1.8710,-1.7090,-100.0000,-1.8710,-1.7570,-95.0000
1785918664.8879,-1.9690,-2.1160,-87.0000,-1.9690,-2.1280,-88.0000,-1.9690,-2.1210,-91.0000,-1.9690,-2.1490,-87.0000
1785918664.9379,-1.9690,-2.0880,-90.0000,-1.9690,-2.1130,-90.0000,-1.9690,-2.1060,-93.0000,-1.9690,-2.1480,-88.0000
1785918664.9878,-1.9690,-2.0890,-89.0000,-1.9690,-2.1010,-89.0000,-1.9690,-2.1260,-91.0000,-1.9690,-2.1290,-88.0000
1785918665.0378,-1.9690,-2.0830,-88.0000,-1.9690,-2.0740,-90.0000,-1.9690,-2.1190,-90.0000,-1.9690,-2.0930,-88.0000
1785918665.0891,-1.9690,-2.0640,-87.0000,-1.9690,-2.0660,-89.0000,-1.9690,-2.0790,-90.0000,-1.9690,-2.0750,-87.0000
1785918665.1379,-1.9690,-2.0490,-87.0000,-1.9690,-2.0610,-87.0000,-1.9690,-2.0450,-91.0000,-1.9690,-2.0790,-85.0000
1785918665.1879,-1.9690,-2.0370,-87.0000,-1.9690,-2.0440,-87.0000,-1.9690,-2.0540,-89.0000,-1.9690,-2.0630,-85.0000
1785918665.2379,-1.9690,-2.0280,-86.0000,-1.9690,-2.0310,-87.0000,-1.9690,-2.0540,-88.0000,-1.9690,-2.0270,-86.0000
1785918665.2879,-1.9690,-2.0230,-86.0000,-1.9690,-2.0250,-87.0000,-1.9690,-2.0310,-88.0000,-1.9690,-2.0200,-86.0000
1785918665.3379,-1.9690,-2.0100,-86.0000,-1.9690,-2.0220,-86.0000,-1.9690,-2.0020,-89.0000,-1.9690,-2.0350,-84.0000
1785918665.3879,-1.9690,-2.0120,-85.0000,-1.9690,-2.0020,-87.0000,-1.9690,-2.0120,-88.0000,-1.9690,-2.0320,-83.0000
1785918665.4379,-1.9690,-1.9990,-85.0000,-1.9690,-2.0050,-86.0000,-1.9690,-2.0300,-86.0000,-1.9690,-1.9930,-85.0000
1785918665.4883,-1.9690,-1.9980,-85.0000,-1.9690,-1.9970,-86.0000,-1.9690,-2.0040,-87.0000,-1.9690,-1.9980,-84.0000
1785918665.5378,-1.9690,-1.9900,-85.0000,-1.9690,-2.0000,-85.0000,-1.9690,-1.9730,-89.0000,-1.9690,-1.9990,-84.0000
1785918665.5884,-1.9690,-1.9880,-85.0000,-1.9690,-1.9870,-86.0000,-1.9690,-2.0000,-87.0000,-1.9690,-2.0090,-83.0000
1785918665.6379,-1.9690,-1.9880,-84.0000,-1.9690,-1.9840,-86.0000,-1.9690,-2.0020,-86.0000,-1.9690,-1.9740,-84.0000
1785918665.6880,-1.9690,-1.9840,-84.0000,-1.9690,-1.9930,-85.0000,-1.9690,-1.9750,-87.0000,-1.9690,-1.9810,-84.0000
1785918665.7386,-1.9690,-1.9760,-85.0000,-1.9690,-1.9870,-85.0000,-1.9690,-1.9640,-88.0000,-1.9690,-2.0050,-82.0000
1785918665.7879,-1.9690,-1.9800,-84.0000,-1.9690,-1.9740,-85.0000,-1.9690,-1.9940,-86.0000,-1.9690,-1.9920,-82.0000
1785918665.8386,-1.9690,-1.9820,-84.0000,-1.9690,-1.9770,-85.0000,-1.9690,-1.9950,-86.0000,-1.9690,-1.9680,-84.0000
1785918665.8887,-1.9690,-1.9720,-84.0000,-1.9690,-1.9830,-85.0000,-1.9690,-1.9660,-87.0000,-1.9690,-1.9700,-83.0000
1785918665.9379,-1.9690,-1.9750,-84.0000,-1.9690,-1.9850,-84.0000,-1.9690,-1.9650,-87.0000,-1.9690,-1.9900,-82.0000
1785918665.9887,-1.9690,-1.9740,-84.0000,-1.9690,-1.9720,-85.0000,-1.9690,-1.9910,-86.0000,-1.9690,-1.9730,-83.0000
1785918666.0379,-1.9690,-1.9760,-84.0000,-1.9690,-1.9710,-85.0000,-1.9690,-1.9880,-86.0000,-1.9690,-1.9600,-84.0000
1785918666.0881,-1.9690,-1.9650,-85.0000,-1.9690,-1.9820,-84.0000,-1.9690,-1.9550,-87.0000,-1.9690,-1.9800,-82.0000
1785918666.1386,-1.9690,-1.9750,-84.0000,-1.9690,-1.9700,-85.0000,-1.9690,-1.9700,-87.0000,-1.9690,-1.9890,-82.0000
1785918666.1885,-1.9690,-1.9720,-84.0000,-1.9690,-1.9700,-85.0000,-1.9690,-1.9920,-85.0000,-1.9690,-1.9700,-83.0000
1785918666.2379,-1.9690,-1.9730,-84.0000,-1.9690,-1.9690,-85.0000,-1.9690,-1.9780,-86.0000,-1.9690,-1.9560,-84.0000
1785918666.2889,-1.9690,-1.9660,-84.0000,-1.9690,-1.9780,-84.0000,-1.9690,-1.9570,-87.0000,-1.9690,-1.9880,-82.0000
1785918666.3379,-1.9690,-1.9680,-84.0000,-1.9690,-1.9690,-85.0000,-1.9690,-1.9740,-86.0000,-1.9690,-1.9810,-82.0000
1785918666.3880,-1.9690,-1.9690,-84.0000,-1.9690,-1.9660,-85.0000,-1.9690,-1.9880,-85.0000,-1.9690,-1.9600,-83.0000
1785918666.4379,-1.9690,-1.9730,-84.0000,-1.9690,-1.9760,-84.0000,-1.9690,-1.9640,-86.0000,-1.9690,-1.9610,-83.0000
1785918666.4880,-1.9690,-1.9680,-84.0000,-1.9690,-1.9750,-84.0000,-1.9690,-1.9500,-87.0000,-1.9690,-1.9890,-81.0000
1785918666.5380,-1.9690,-1.9720,-84.0000,-1.9690,-1.9670,-85.0000,-1.9690,-1.9780,-86.0000,-1.9690,-1.9780,-82.0000
1785918666.5879,-1.9690,-1.9670,-84.0000,-1.9690,-1.9650,-85.0000,-1.9690,-1.9830,-85.0000,-1.9690,-1.9510,-84.0000
1785918666.6383,-1.9690,-1.9720,-84.0000,-1.9690,-1.9740,-84.0000,-1.9690,-1.9590,-87.0000,-1.9690,-1.9740,-82.0000
1785918666.6881,-1.9690,-1.9740,-84.0000,-1.9690,-1.9730,-84.0000,-1.9690,-1.9630,-87.0000,-1.9690,-1.9830,-82.0000
1785918666.7381,-1.9690,-1.9630,-84.0000,-1.9690,-1.9670,-85.0000,-1.9690,-1.9900,-85.0000,-1.9690,-1.9750,-82.0000
1785918666.7882,-1.9690,-1.9700,-84.0000,-1.9690,-1.9670,-85.0000,-1.9690,-1.9760,-86.0000,-1.9690,-1.9540,-83.0000
1785918666.8388,-1.9690,-1.9640,-84.0000,-1.9690,-1.9750,-84.0000,-1.9690,-1.9490,-87.0000,-1.9690,-1.9770,-82.0000
1785918666.8886,-1.9690,-1.9710,-84.0000,-1.9690,-1.9690,-84.0000,-1.9690,-1.9670,-86.0000,-1.9690,-1.9740,-82.0000
1785918666.9382,-1.9690,-1.9720,-84.0000,-1.9690,-1.9700,-84.0000,-1.9690,-1.9880,-85.0000,-1.9690,-1.9630,-83.0000
1785918666.9880,-1.9690,-1.9720,-84.0000,-1.9690,-1.9660,-85.0000,-1.9690,-1.9680,-86.0000,-1.9690,-1.9590,-83.0000
1785918667.0380,-1.9690,-1.9710,-84.0000,-1.9690,-1.9720,-84.0000,-1.9690,-1.9510,-87.0000,-1.9690,-1.9870,-81.0000
1785918667.0895,-1.9690,-1.9690,-84.0000,-1.9690,-1.9680,-85.0000,-1.9690,-1.9790,-85.0000,-1.9690,-1.9800,-82.0000
1785918667.1381,-1.9690,-1.9740,-84.0000,-1.9690,-1.9640,-85.0000,-1.9690,-1.9850,-85.0000,-1.9690,-1.9540,-83.0000
1785918667.1882,-1.9690,-1.9750,-84.0000,-1.9690,-1.9710,-84.0000,-1.9690,-1.9600,-86.0000,-1.9690,-1.9700,-82.0000
1785918667.2382,-1.9690,-1.9690,-84.0000,-1.9690,-1.9750,-84.0000,-1.9690,-1.9580,-87.0000,-1.9690,-1.9870,-81.0000
1785918667.2880,-1.9690,-1.9670,-84.0000,-1.9690,-1.9650,-85.0000,-1.9690,-1.9870,-85.0000,-1.9690,-1.9730,-82.0000
1785918667.3380,-1.9690,-1.9690,-84.0000,-1.9690,-1.9640,-85.0000,-1.9690,-1.9850,-85.0000,-1.9690,-1.9550,-83.0000
1785918667.3880,-1.9690,-1.9640,-84.0000,-1.9690,-1.9770,-84.0000,-1.9690,-1.9540,-87.0000,-1.9690,-1.9710,-82.0000
1785918667.4380,-1.9690,-1.9760,-84.0000,-1.9690,-1.9690,-85.0000,-1.9690,-1.9680,-86.0000,-1.9690,-1.9920,-81.0000
1785918667.4880,-1.9690,-1.9720,-84.0000,-1.9690,-1.9670,-85.0000,-1.9690,-1.9910,-84.0000,-1.9690,-1.9660,-82.0000
1785918667.5387,-1.9690,-1.9660,-84.0000,-1.9690,-1.9610,-85.0000,-1.9690,-1.9720,-86.0000,-1.9690,-1.9590,-83.0000
1785918667.5880,-1.9690,-1.9650,-84.0000,-1.9690,-1.9770,-84.0000,-1.9690,-1.9460,-87.0000,-1.9690,-1.9770,-81.0000
1785918667.6380,-1.9690,-1.9730,-84.0000,-1.9690,-1.9680,-85.0000,-1.9690,-1.9730,-85.0000,-1.9690,-1.9830,-81.0000
1785918667.6880,-1.9690,-1.9710,-84.0000,-1.9690,-1.9630,-85.0000,-1.9690,-1.9820,-85.0000,-1.9690,-1.9580,-83.0000
1785918667.7380,-1.9690,-1.9660,-84.0000,-1.9690,-1.9730,-84.0000,-1.9690,-1.9630,-86.0000,-1.9690,-1.9610,-82.0000
1785918667.7880,-1.9690,-1.9670,-84.0000,-1.9690,-1.9740,-84.0000,-1.9690,-1.9500,-87.0000,-1.9690,-1.9880,-81.0000
1785918667.8382,-1.9690,-1.9730,-84.0000,-1.9690,-1.9720,-84.0000,-1.9690,-1.9810,-85.0000,-1.9690,-1.9640,-82.0000
1785918667.8880,-1.9690,-1.9770,-83.0000,-1.9690,-1.9610,-85.0000,-1.9690,-1.9840,-85.0000,-1.9690,-1.9420,-83.0000
1785918667.9381,-1.9690,-1.9690,-84.0000,-1.9690,-1.9700,-84.0000,-1.9690,-1.9550,-87.0000,-1.9690,-1.9620,-82.0000
1785918667.9880,-1.9690,-1.9730,-84.0000,-1.9690,-1.9730,-84.0000,-1.9690,-1.9640,-86.0000,-1.9690,-1.9880,-81.0000
1785918668.0380,-1.9690,-1.9680,-84.0000,-1.9690,-1.9660,-85.0000,-1.9690,-1.9850,-85.0000,-1.9690,-1.9710,-82.0000
1785918668.0880,-1.9690,-1.9760,-83.0000,-1.9690,-1.9660,-85.0000,-1.9690,-1.9720,-85.0000,-1.9690,-1.9520,-83.0000
1785918668.1380,-1.9690,-1.9690,-84.0000,-1.9690,-1.9770,-84.0000,-1.9690,-1.9490,-87.0000,-1.9690,-1.9680,-82.0000
1785918668.1881,-1.9690,-1.9690,-84.0000,-1.9690,-1.9640,-85.0000,-1.9690,-1.9710,-86.0000,-1.9690,-1.9820,-81.0000
1785918668.2380,-1.9690,-1.9720,-84.0000,-1.9690,-1.9630,-85.0000,-1.9690,-1.9910,-84.0000,-1.9690,-1.9640,-82.0000
1785918668.2880,-1.9690,-1.9670,-84.0000,-1.9690,-1.9700,-84.0000,-1.9690,-1.9640,-86.0000,-1.9690,-1.9580,-83.0000
1785918668.3380,-1.9690,-1.9660,-84.0000,-1.9690,-1.9720,-84.0000,-1.9690,-1.9500,-87.0000,-1.9690,-1.9850,-81.0000
1785918668.3881,-1.9690,-1.9690,-84.0000,-1.9690,-1.9730,-84.0000,-1.9690,-1.9810,-85.0000,-1.9690,-1.9770,-82.0000
1785918668.4381,-1.9690,-1.9720,-84.0000,-1.9690,-1.9630,-85.0000,-1.9690,-1.9870,-85.0000,-1.9690,-1.9600,-82.0000
1785918668.4887,-1.9690,-1.9590,-84.0000,-1.9690,-1.9720,-84.0000,-1.9690,-1.9540,-86.0000,-1.9690,-1.9690,-82.0000
1785918668.5380,-1.9690,-1.9660,-84.0000,-1.9690,-1.9700,-84.0000,-1.9690,-1.9550,-86.0000,-1.9690,-1.9900,-81.0000
1785918668.5881,-1.9690,-1.9680,-84.0000,-1.9690,-1.9700,-85.0000,-1.9690,-1.9790,-85.0000,-1.9690,-1.9660,-82.0000
1785918668.6381,-1.9690,-1.9670,-84.0000,-1.9690,-1.9650,-85.0000,-1.9690,-1.9750,-85.0000,-1.9690,-1.9470,-83.0000
1785918668.6881,-1.9690,-1.9550,-85.0000,-1.9690,-1.9710,-84.0000,-1.9690,-1.9510,-87.0000,-1.9690,-1.9750,-82.0000
1785918668.7381,-1.9690,-1.9660,-84.0000,-1.9690,-1.9740,-84.0000,-1.9690,-1.9710,-86.0000,-1.9690,-1.9860,-81.0000
1785918668.7882,-1.9690,-1.9640,-84.0000,-1.9690,-1.9700,-84.0000,-1.9690,-1.9930,-84.0000,-1.9690,-1.9600,-82.0000
1785918668.8380,-1.9690,-1.9650,-84.0000,-1.9690,-1.9630,-85.0000,-1.9690,-1.9670,-86.0000,-1.9690,-1.9600,-82.0000
1785918668.8881,-1.9690,-1.9620,-85.0000,-1.9690,-1.9780,-84.0000,-1.9690,-1.9480,-87.0000,-1.9690,-1.9830,-81.0000
1785918668.9381,-1.9690,-1.9700,-84.0000,-1.9690,-1.9700,-84.0000,-1.9690,-1.9750,-85.0000,-1.9690,-1.9760,-81.0000
1785918668.9880,-1.9690,-1.9700,-84.0000,-1.9690,-1.9660,-85.0000,-1.9690,-1.9850,-85.0000,-1.9690,-1.9500,-83.0000
1785918669.0381,-1.9690,-1.9670,-84.0000,-1.9690,-1.9700,-84.0000,-1.9690,-1.9620,-86.0000,-1.9690,-1.9670,-82.0000
1785918669.0880,-1.9690,-1.9700,-84.0000,-1.9690,-1.9780,-84.0000,-1.9690,-1.9530,-87.0000,-1.9690,-1.9830,-81.0000
1785918669.1381,-1.9690,-1.9710,-84.0000,-1.9690,-1.9660,-85.0000,-1.9690,-1.9860,-85.0000,-1.9690,-1.9750,-81.0000
1785918669.1881,-1.8490,-1.9700,-74.0000,-1.8490,-1.9660,-74.0000,-1.8490,-1.9780,-75.0000,-1.8490,-1.9460,-73.0000
1785918669.2380,-1.3250,-1.5650,-49.0000,-1.3250,-1.5470,-50.0000,-1.3250,-1.6360,-46.0000,-1.3250,-1.5590,-47.0000
1785918669.2881,-1.3250,-1.2950,-60.0000,-1.3250,-1.3010,-59.0000,-1.3250,-1.2890,-60.0000,-1.3250,-1.2760,-58.0000
1785918669.3380,-1.3250,-1.3060,-58.0000,-1.3250,-1.3040,-58.0000,-1.3250,-1.2710,-60.0000,-1.3250,-1.3050,-55.0000
1785918669.3881,-1.3250,-1.3070,-58.0000,-1.3250,-1.2970,-58.0000,-1.3250,-1.2930,-58.0000,-1.3250,-1.2860,-56.0000
1785918669.4382,-1.3250,-1.3080,-58.0000,-1.3250,-1.3040,-58.0000,-1.3250,-1.2700,-60.0000,-1.3250,-1.3030,-56.0000
1785918669.4881,-1.3250,-1.3140,-58.0000,-1.3250,-1.3020,-58.0000,-1.3250,-1.3070,-59.0000,-1.3250,-1.2880,-57.0000
1785918669.5381,-1.3250,-1.3100,-58.0000,-1.3250,-1.3010,-58.0000,-1.3250,-1.2810,-61.0000,-1.3250,-1.3120,-56.0000
1785918669.5881,-1.3250,-1.3090,-58.0000,-1.3250,-1.3030,-59.0000,-1.3250,-1.3160,-59.0000,-1.3250,-1.2960,-57.0000
1785918669.6381,-1.3250,-1.3090,-58.0000,-1.3250,-1.3110,-58.0000,-1.3250,-1.2890,-61.0000,-1.3250,-1.3190,-56.0000
1785918669.6881,-1.3250,-1.3200,-58.0000,-1.3250,-1.3080,-59.0000,-1.3250,-1.3170,-60.0000,-1.3250,-1.2980,-57.0000
1785918669.7383,-1.3250,-1.3100,-59.0000,-1.3250,-1.3150,-58.0000,-1.3250,-1.3000,-61.0000,-1.3250,-1.3180,-56.0000
1785918669.7881,-1.3250,-1.3210,-58.0000,-1.3250,-1.3100,-59.0000,-1.3250,-1.3220,-60.0000,-1.3250,-1.2990,-58.0000
1785918669.8381,-1.3250,-1.3160,-59.0000,-1.3250,-1.3170,-59.0000,-1.3250,-1.3070,-61.0000,-1.3250,-1.3280,-56.0000
1785918669.8881,-1.3250,-1.3230,-58.0000,-1.3250,-1.3160,-59.0000,-1.3250,-1.3240,-60.0000,-1.3250,-1.3050,-58.0000
1785918669.9381,-1.3250,-1.3230,-58.0000,-1.3250,-1.3200,-59.0000,-1.3250,-1.3190,-60.0000,-1.3250,-1.3360,-56.0000
1785918669.9881,-1.3250,-1.3260,-58.0000,-1.3250,-1.3140,-59.0000,-1.3250,-1.3260,-60.0000,-1.3250,-1.3170,-57.0000
1785918670.0388,-1.3250,-1.3250,-58.0000,-1.3250,-1.3230,-59.0000,-1.3250,-1.3180,-61.0000,-1.3250,-1.3370,-56.0000
1785918670.0881,-1.3250,-1.3240,-58.0000,-1.3250,-1.3190,-59.0000,-1.3250,-1.3230,-60.0000,-1.3250,-1.3160,-57.0000
1785918670.1381,-1.3250,-1.3220,-59.0000,-1.3250,-1.3260,-59.0000,-1.3250,-1.3180,-61.0000,-1.3250,-1.3440,-56.0000
1785918670.1881,-1.3250,-1.3250,-58.0000,-1.3250,-1.3190,-59.0000,-1.3250,-1.3190,-61.0000,-1.3250,-1.3120,-57.0000
1785918670.2381,-1.3250,-1.3210,-59.0000,-1.3250,-1.3200,-59.0000,-1.3250,-1.3270,-60.0000,-1.3250,-1.3430,-56.0000
1785918670.2883,-1.3250,-1.3330,-58.0000,-1.3250,-1.3220,-59.0000,-1.3250,-1.3180,-61.0000,-1.3250,-1.3170,-57.0000
1785918670.3381,-1.3250,-1.3210,-59.0000,-1.3250,-1.3230,-59.0000,-1.3250,-1.3300,-60.0000,-1.3250,-1.3360,-56.0000
1785918670.3882,-1.3250,-1.3290,-58.0000,-1.3250,-1.3180,-59.0000,-1.3250,-1.3170,-61.0000,-1.3250,-1.3170,-57.0000
1785918670.4389,-1.3250,-1.3200,-59.0000,-1.3250,-1.3210,-59.0000,-1.3250,-1.3300,-60.0000,-1.3250,-1.3360,-56.0000
1785918670.4881,-1.3250,-1.3290,-58.0000,-1.3250,-1.3260,-59.0000,-1.3250,-1.3150,-61.0000,-1.3250,-1.3170,-57.0000
1785918670.5381,-1.3250,-1.3200,-59.0000,-1.3250,-1.3230,-59.0000,-1.3250,-1.3300,-61.0000,-1.3250,-1.3310,-56.0000
1785918670.5881,-1.3250,-1.3240,-59.0000,-1.3250,-1.3270,-59.0000,-1.3250,-1.3150,-61.0000,-1.3250,-1.3200,-57.0000
1785918670.6382,-1.3250,-1.3200,-59.0000,-1.3250,-1.3230,-59.0000,-1.3250,-1.3320,-60.0000,-1.3250,-1.3300,-56.0000
1785918670.6882,-1.3250,-1.3220,-59.0000,-1.3250,-1.3280,-59.0000,-1.3250,-1.3160,-61.0000,-1.3250,-1.3180,-57.0000
1785918670.7381,-1.3250,-1.3240,-59.0000,-1.3250,-1.3230,-59.0000,-1.3250,-1.3310,-60.0000,-1.3250,-1.3330,-56.0000
1785918670.7882,-1.3250,-1.3180,-59.0000,-1.3250,-1.3280,-59.0000,-1.3250,-1.3150,-61.0000,-1.3250,-1.3190,-57.0000
1785918670.8386,-1.3250,-1.3210,-59.0000,-1.3250,-1.3250,-59.0000,-1.3250,-1.3360,-60.0000,-1.3250,-1.3270,-57.0000
1785918670.8882,-1.3250,-1.3230,-59.0000,-1.3250,-1.3270,-59.0000,-1.3250,-1.3120,-62.0000,-1.3250,-1.3160,-57.0000
1785918670.9382,-1.3250,-1.3240,-59.0000,-1.3250,-1.3240,-59.0000,-1.3250,-1.3410,-60.0000,-1.3250,-1.3330,-56.0000
1785918670.9883,-1.3250,-1.3190,-59.0000,-1.3250,-1.3300,-58.0000,-1.3250,-1.3030,-62.0000,-1.3250,-1.3210,-57.0000
1785918671.0388,-1.3250,-1.3230,-59.0000,-1.3250,-1.3230,-59.0000,-1.3250,-1.3400,-60.0000,-1.3250,-1.3300,-57.0000
1785918671.0889,-1.3250,-1.3200,-59.0000,-1.3250,-1.3290,-58.0000,-1.3250,-1.3100,-62.0000,-1.3250,-1.3250,-57.0000
1785918671.1382,-1.3250,-1.3200,-59.0000,-1.3250,-1.3210,-59.0000,-1.3250,-1.3370,-60.0000,-1.3250,-1.3230,-57.0000
1785918671.1882,-1.3250,-1.3270,-59.0000,-1.3250,-1.3310,-58.0000,-1.3250,-1.3070,-62.0000,-1.3250,-1.3220,-57.0000
1785918671.2386,-1.3250,-1.3230,-59.0000,-1.3250,-1.3270,-59.0000,-1.3250,-1.3360,-60.0000,-1.3250,-1.3240,-57.0000
1785918671.2889,-1.3250,-1.3240,-59.0000,-1.3250,-1.3300,-58.0000,-1.3250,-1.3070,-62.0000,-1.3250,-1.3330,-56.0000
1785918671.3382,-1.3250,-1.3200,-59.0000,-1.3250,-1.3250,-59.0000,-1.3250,-1.3410,-60.0000,-1.3250,-1.3240,-57.0000
1785918671.3882,-1.3250,-1.3220,-59.0000,-1.3250,-1.3300,-58.0000,-1.3250,-1.3100,-62.0000,-1.3250,-1.3250,-57.0000
1785918671.4382,-1.3250,-1.3230,-59.0000,-1.3250,-1.3230,-59.0000,-1.3250,-1.3400,-60.0000,-1.3250,-1.3200,-57.0000
1785918671.4881,-1.3250,-1.3230,-59.0000,-1.3250,-1.3330,-58.0000,-1.3250,-1.3070,-62.0000,-1.3250,-1.3330,-56.0000
1785918671.5381,-1.3250,-1.3260,-59.0000,-1.3250,-1.3210,-59.0000,-1.3250,-1.3360,-60.0000,-1.3250,-1.3170,-57.0000
1785918671.5881,-1.3250,-1.3260,-59.0000,-1.3250,-1.3320,-58.0000,-1.3250,-1.3050,-62.0000,-1.3250,-1.3370,-56.0000
1785918671.6382,-1.3250,-1.3220,-59.0000,-1.3250,-1.3170,-59.0000,-1.3250,-1.3390,-60.0000,-1.3250,-1.3140,-57.0000
1785918671.6882,-1.3250,-1.3250,-59.0000,-1.3250,-1.3320,-58.0000,-1.3250,-1.3080,-62.0000,-1.3250,-1.3320,-56.0000
1785918671.7382,-1.3250,-1.3280,-59.0000,-1.3250,-1.3210,-59.0000,-1.3250,-1.3430,-60.0000,-1.3250,-1.3150,-57.0000
1785918671.7890,-1.3250,-1.3260,-59.0000,-1.3250,-1.3280,-59.0000,-1.3250,-1.3110,-62.0000,-1.3250,-1.3350,-56.0000
1785918671.8382,-1.3250,-1.3270,-59.0000,-1.3250,-1.3180,-59.0000,-1.3250,-1.3430,-60.0000,-1.3250,-1.3140,-57.0000
1785918671.8882,-1.3250,-1.3270,-59.0000,-1.3250,-1.3280,-59.0000,-1.3250,-1.3110,-62.0000,-1.3250,-1.3340,-56.0000
1785918671.9381,-1.3250,-1.3280,-58.0000,-1.3250,-1.3190,-59.0000,-1.3250,-1.3370,-60.0000,-1.3250,-1.3120,-57.0000
1785918671.9882,-1.3250,-1.3260,-59.0000,-1.3250,-1.3250,-59.0000,-1.3250,-1.3120,-61.0000,-1.3250,-1.3280,-56.0000
1785918672.0382,-1.3250,-1.3310,-58.0000,-1.3250,-1.3240,-59.0000,-1.3250,-1.3420,-60.0000,-1.3250,-1.3120,-57.0000
1785918672.0882,-1.3250,-1.3270,-59.0000,-1.3250,-1.3270,-59.0000,-1.3250,-1.3160,-61.0000,-1.3250,-1.3300,-56.0000
1785918672.1382,-1.3250,-1.3240,-59.0000,-1.3250,-1.3210,-59.0000,-1.3250,-1.3430,-60.0000,-1.3250,-1.3120,-57.0000
1785918672.1882,-1.3250,-1.3260,-59.0000,-1.3250,-1.3280,-59.0000,-1.3250,-1.3160,-61.0000,-1.3250,-1.3370,-56.0000
1785918672.2382,-1.3250,-1.3310,-58.0000,-1.3250,-1.3200,-59.0000,-1.3250,-1.3400,-60.0000,-1.3250,-1.3060,-58.0000
1785918672.2882,-1.3250,-1.3280,-58.0000,-1.3250,-1.3270,-59.0000,-1.3250,-1.3170,-61.0000,-1.3250,-1.3360,-56.0000
1785918672.3382,-1.3250,-1.3310,-58.0000,-1.3250,-1.3220,-59.0000,-1.3250,-1.3360,-60.0000,-1.3250,-1.3100,-58.0000
1785918672.3882,-1.3250,-1.3250,-59.0000,-1.3250,-1.3290,-59.0000,-1.3250,-1.3210,-61.0000,-1.3250,-1.3360,-56.0000
1785918672.4382,-1.3250,-1.3240,-59.0000,-1.3250,-1.3190,-59.0000,-1.3250,-1.3360,-60.0000,-1.3250,-1.3090,-58.0000
1785918672.4882,-1.3250,-1.3260,-58.0000,-1.3250,-1.3270,-59.0000,-1.3250,-1.3230,-61.0000,-1.3250,-1.3400,-56.0000
1785918672.5383,-1.3250,-1.3240,-59.0000,-1.3250,-1.3180,-59.0000,-1.3250,-1.3350,-60.0000,-1.3250,-1.3150,-58.0000
1785918672.5882,-1.3250,-1.3220,-59.0000,-1.3250,-1.3260,-59.0000,-1.3250,-1.3250,-61.0000,-1.3250,-1.3410,-56.0000
1785918672.6383,-1.3250,-1.3270,-58.0000,-1.3250,-1.3180,-59.0000,-1.3250,-1.3340,-60.0000,-1.3250,-1.3120,-58.0000
1785918672.6883,-1.3250,-1.3230,-59.0000,-1.3250,-1.3240,-59.0000,-1.3250,-1.3250,-61.0000,-1.3250,-1.3370,-56.0000
1785918672.7382,-1.3250,-1.3320,-58.0000,-1.3250,-1.3220,-59.0000,-1.3250,-1.3330,-60.0000,-1.3250,-1.3120,-58.0000
1785918672.7882,-1.3250,-1.3240,-59.0000,-1.3250,-1.3230,-59.0000,-1.3250,-1.3220,-61.0000,-1.3250,-1.3460,-56.0000
1785918672.8383,-1.3250,-1.3260,-59.0000,-1.3250,-1.3240,-59.0000,-1.3250,-1.3280,-60.0000,-1.3250,-1.3140,-58.0000
1785918672.8883,-1.3250,-1.3220,-59.0000,-1.3250,-1.3260,-59.0000,-1.3250,-1.3300,-60.0000,-1.3250,-1.3400,-56.0000
1785918672.9383,-1.3250,-1.3230,-59.0000,-1.3250,-1.3230,-59.0000,-1.3250,-1.3250,-60.0000,-1.3250,-1.3160,-58.0000
1785918672.9883,-1.3250,-1.3250,-59.0000,-1.3250,-1.3270,-59.0000,-1.3250,-1.3260,-60.0000,-1.3250,-1.3390,-56.0000
1785918673.0383,-1.3250,-1.3280,-59.0000,-1.3250,-1.3240,-59.0000,-1.3250,-1.3200,-61.0000,-1.3250,-1.3160,-58.0000
1785918673.0882,-1.3250,-1.3220,-59.0000,-1.3250,-1.3270,-59.0000,-1.3250,-1.3280,-60.0000,-1.3250,-1.3320,-57.0000
1785918673.1390,-1.3250,-1.3270,-59.0000,-1.3250,-1.3240,-59.0000,-1.3250,-1.3240,-61.0000,-1.3250,-1.3160,-58.0000
1785918673.1889,-1.3250,-1.3240,-59.0000,-1.3250,-1.3220,-59.0000,-1.3250,-1.3310,-60.0000,-1.3250,-1.3350,-56.0000
1785918673.2382,-1.3250,-1.3290,-58.0000,-1.3250,-1.3240,-59.0000,-1.3250,-1.3210,-61.0000,-1.3250,-1.3170,-57.0000
1785918673.2882,-1.3250,-1.3260,-59.0000,-1.3250,-1.3270,-59.0000,-1.3250,-1.3320,-60.0000,-1.3250,-1.3370,-56.0000
1785918673.3382,-1.3250,-1.3270,-59.0000,-1.3250,-1.3230,-59.0000,-1.3250,-1.3190,-61.0000,-1.3250,-1.3190,-57.0000
1785918673.3883,-1.3250,-1.3230,-59.0000,-1.3250,-1.3250,-59.0000,-1.3250,-1.3320,-60.0000,-1.3250,-1.3340,-57.0000
1785918673.4382,-1.3250,-1.3300,-58.0000,-1.3250,-1.3260,-59.0000,-1.3250,-1.3150,-61.0000,-1.3250,-1.3160,-58.0000
1785918673.4883,-1.3250,-1.3250,-59.0000,-1.3250,-1.3250,-59.0000,-1.3250,-1.3350,-60.0000,-1.3250,-1.3290,-57.0000
1785918673.5382,-1.3250,-1.3190,-59.0000,-1.3250,-1.3270,-59.0000,-1.3250,-1.3100,-61.0000,-1.3250,-1.3190,-57.0000
1785918673.5883,-1.3250,-1.3240,-59.0000,-1.3250,-1.3230,-59.0000,-1.3250,-1.3350,-60.0000,-1.3250,-1.3290,-57.0000
1785918673.6383,-1.3250,-1.3240,-59.0000,-1.3250,-1.3330,-58.0000,-1.3250,-1.3100,-61.0000,-1.3250,-1.3210,-57.0000
1785918673.6883,-1.3250,-1.3210,-59.0000,-1.3250,-1.3270,-59.0000,-1.3250,-1.3340,-60.0000,-1.3250,-1.3320,-57.0000
1785918673.7383,-1.3250,-1.3240,-59.0000,-1.3250,-1.3260,-59.0000,-1.3250,-1.3110,-61.0000,-1.3250,-1.3180,-58.0000
1785918673.7883,-1.3250,-1.3230,-59.0000,-1.3250,-1.3270,-59.0000,-1.3250,-1.3310,-60.0000,-1.3250,-1.3270,-57.0000
1785918673.8390,-1.3250,-1.3230,-59.0000,-1.3250,-1.3320,-58.0000,-1.3250,-1.3070,-62.0000,-1.3250,-1.3200,-57.0000
1785918673.8883,-1.3250,-1.3230,-59.0000,-1.3250,-1.3220,-59.0000,-1.3250,-1.3400,-60.0000,-1.3250,-1.3190,-57.0000
1785918673.9383,-1.3250,-1.3260,-59.0000,-1.3250,-1.3290,-58.0000,-1.3250,-1.3060,-62.0000,-1.3250,-1.3280,-57.0000
1785918673.9883,-1.3250,-1.3220,-59.0000,-1.3250,-1.3230,-59.0000,-1.3250,-1.3350,-60.0000,-1.3250,-1.3200,-57.0000
1785918674.0383,-1.3250,-1.3200,-59.0000,-1.3250,-1.3290,-58.0000,-1.3250,-1.3060,-62.0000,-1.3250,-1.3290,-57.0000
1785918674.0883,-1.3250,-1.3270,-58.0000,-1.3250,-1.3260,-59.0000,-1.3250,-1.3380,-60.0000,-1.3250,-1.3230,-57.0000
1785918674.1384,-1.3250,-1.3210,-59.0000,-1.3250,-1.3270,-58.0000,-1.3250,-1.3030,-62.0000,-1.3250,-1.3180,-58.0000
1785918674.1883,-1.3250,-1.3220,-59.0000,-1.3250,-1.3270,-58.0000,-1.3250,-1.3410,-60.0000,-1.3250,-1.3200,-57.0000
1785918674.2390,-1.3250,-1.3230,-59.0000,-1.3250,-1.3310,-58.0000,-1.3250,-1.3110,-61.0000,-1.3250,-1.3270,-57.0000
1785918674.2883,-1.3250,-1.3290,-58.0000,-1.3250,-1.3180,-59.0000,-1.3250,-1.3350,-60.0000,-1.3250,-1.3170,-58.0000
1785918674.3384,-0.8450,-1.1660,-26.0000,-0.8450,-1.1590,-26.0000,-0.8450,-1.1990,-25.0000,-0.8450,-1.1620,-24.0000
1785918674.3884,-0.6560,-0.6510,-34.0000,-0.6560,-0.6430,-33.0000,-0.6560,-0.7030,-31.0000,-0.6560,-0.6400,-32.0000
1785918674.4383,-0.6560,-0.6520,-30.0000,-0.6560,-0.6500,-30.0000,-0.6560,-0.6130,-33.0000,-0.6560,-0.6370,-30.0000
1785918674.4883,-0.6560,-0.6330,-31.0000,-0.6560,-0.6220,-31.0000,-0.6560,-0.6270,-32.0000,-0.6560,-0.6350,-29.0000
1785918674.5383,-0.6560,-0.6320,-31.0000,-0.6560,-0.6390,-30.0000,-0.6560,-0.5950,-34.0000,-0.6560,-0.6240,-30.0000
1785918674.5883,-0.6560,-0.6340,-31.0000,-0.6560,-0.6300,-31.0000,-0.6560,-0.6140,-34.0000,-0.6560,-0.6410,-29.0000
1785918674.6383,-0.6560,-0.6330,-32.0000,-0.6560,-0.6300,-31.0000,-0.6560,-0.6320,-33.0000,-0.6560,-0.6200,-31.0000
1785918674.6883,-0.6560,-0.6350,-32.0000,-0.6560,-0.6350,-31.0000,-0.6560,-0.6250,-34.0000,-0.6560,-0.6460,-30.0000
1785918674.7383,-0.6560,-0.6390,-32.0000,-0.6560,-0.6440,-31.0000,-0.6560,-0.6310,-34.0000,-0.6560,-0.6310,-31.0000
1785918674.7890,-0.6560,-0.6480,-31.0000,-0.6560,-0.6450,-31.0000,-0.6560,-0.6180,-35.0000,-0.6560,-0.6410,-30.0000
1785918674.8383,-0.6560,-0.6410,-32.0000,-0.6560,-0.6410,-32.0000,-0.6560,-0.6500,-34.0000,-0.6560,-0.6360,-31.0000
1785918674.8883,-0.6560,-0.6430,-32.0000,-0.6560,-0.6450,-32.0000,-0.6560,-0.6400,-34.0000,-0.6560,-0.6530,-30.0000
1785918674.9383,-0.6560,-0.6480,-32.0000,-0.6560,-0.6510,-32.0000,-0.6560,-0.6440,-34.0000,-0.6560,-0.6550,-30.0000
1785918674.9884,-0.6560,-0.6400,-33.0000,-0.6560,-0.6500,-32.0000,-0.6560,-0.6240,-36.0000,-0.6560,-0.6540,-30.0000
1785918675.0383,-0.6560,-0.6560,-32.0000,-0.6560,-0.6490,-32.0000,-0.6560,-0.6610,-34.0000,-0.6560,-0.6490,-31.0000
1785918675.0884,-0.6560,-0.6460,-32.0000,-0.6560,-0.6520,-32.0000,-0.6560,-0.6460,-35.0000,-0.6560,-0.6480,-31.0000
1785918675.1384,-0.6560,-0.6550,-32.0000,-0.6560,-0.6500,-32.0000,-0.6560,-0.6590,-34.0000,-0.6560,-0.6590,-30.0000
1785918675.1884,-0.6560,-0.6480,-32.0000,-0.6560,-0.6590,-31.0000,-0.6560,-0.6280,-36.0000,-0.6560,-0.6530,-31.0000
1785918675.2383,-0.6560,-0.6580,-32.0000,-0.6560,-0.6450,-32.0000,-0.6560,-0.6580,-34.0000,-0.6560,-0.6510,-31.0000
1785918675.2884,-0.6560,-0.6460,-33.0000,-0.6560,-0.6480,-32.0000,-0.6560,-0.6490,-35.0000,-0.6560,-0.6470,-31.0000
1785918675.3383,-0.6560,-0.6520,-32.0000,-0.6560,-0.6480,-32.0000,-0.6560,-0.6620,-34.0000,-0.6560,-0.6640,-30.0000
1785918675.3887,-0.6560,-0.6470,-33.0000,-0.6560,-0.6590,-32.0000,-0.6560,-0.6350,-36.0000,-0.6560,-0.6520,-31.0000
1785918675.4384,-0.6560,-0.6610,-32.0000,-0.6560,-0.6490,-32.0000,-0.6560,-0.6610,-34.0000,-0.6560,-0.6530,-31.0000
1785918675.4883,-0.6560,-0.6490,-33.0000,-0.6560,-0.6470,-32.0000,-0.6560,-0.6550,-35.0000,-0.6560,-0.6460,-31.0000
1785918675.5383,-0.6560,-0.6540,-32.0000,-0.6560,-0.6480,-32.0000,-0.6560,-0.6640,-34.0000,-0.6560,-0.6640,-30.0000
1785918675.5884,-0.6560,-0.6540,-32.0000,-0.6560,-0.6660,-32.0000,-0.6560,-0.6440,-35.0000,-0.6560,-0.6530,-31.0000
1785918675.6384,-0.6560,-0.6610,-32.0000,-0.6560,-0.6600,-32.0000,-0.6560,-0.6570,-35.0000,-0.6560,-0.6600,-30.0000
1785918675.6884,-0.6560,-0.6490,-33.0000,-0.6560,-0.6510,-32.0000,-0.6560,-0.6580,-35.0000,-0.6560,-0.6430,-31.0000
1785918675.7384,-0.6560,-0.6620,-32.0000,-0.6560,-0.6510,-32.0000,-0.6560,-0.6620,-34.0000,-0.6560,-0.6680,-30.0000
1785918675.7891,-0.6560,-0.6580,-32.0000,-0.6560,-0.6610,-32.0000,-0.6560,-0.6460,-35.0000,-0.6560,-0.6470,-31.0000
1785918675.8384,-0.6560,-0.6650,-32.0000,-0.6560,-0.6580,-32.0000,-0.6560,-0.6550,-35.0000,-0.6560,-0.6610,-30.0000
1785918675.8884,-0.6560,-0.6540,-32.0000,-0.6560,-0.6490,-32.0000,-0.6560,-0.6690,-34.0000,-0.6560,-0.6440,-31.0000
1785918675.9384,-0.6560,-0.6580,-32.0000,-0.6560,-0.6470,-33.0000,-0.6560,-0.6580,-35.0000,-0.6560,-0.6670,-30.0000
1785918675.9884,-0.6560,-0.6570,-32.0000,-0.6560,-0.6610,-32.0000,-0.6560,-0.6540,-35.0000,-0.6560,-0.6500,-31.0000
1785918676.0384,-0.6560,-0.6590,-32.0000,-0.6560,-0.6610,-32.0000,-0.6560,-0.6490,-35.0000,-0.6560,-0.6600,-31.0000
1785918676.0891,-0.6560,-0.6560,-32.0000,-0.6560,-0.6510,-32.0000,-0.6560,-0.6670,-34.0000,-0.6560,-0.6440,-32.0000
1785918676.1384,-0.6560,-0.6530,-32.0000,-0.6560,-0.6510,-32.0000,-0.6560,-0.6520,-35.0000,-0.6560,-0.6600,-31.0000
1785918676.1885,-0.6560,-0.6630,-32.0000,-0.6560,-0.6560,-32.0000,-0.6560,-0.6540,-35.0000,-0.6560,-0.6450,-32.0000
1785918676.2384,-0.6560,-0.6560,-32.0000,-0.6560,-0.6600,-32.0000,-0.6560,-0.6380,-36.0000,-0.6560,-0.6450,-32.0000
1785918676.2884,-0.6560,-0.6600,-32.0000,-0.6560,-0.6530,-32.0000,-0.6560,-0.6710,-34.0000,-0.6560,-0.6420,-32.0000
1785918676.3384,-0.6560,-0.6490,-33.0000,-0.6560,-0.6530,-32.0000,-0.6560,-0.6530,-35.0000,-0.6560,-0.6640,-31.0000
1785918676.3884,-0.6560,-0.6540,-32.0000,-0.6560,-0.6580,-32.0000,-0.6560,-0.6610,-35.0000,-0.6560,-0.6580,-31.0000
1785918676.4384,-0.6560,-0.6540,-32.0000,-0.6560,-0.6640,-32.0000,-0.6560,-0.6400,-36.0000,-0.6560,-0.6540,-31.0000
1785918676.4884,-0.6560,-0.6630,-32.0000,-0.6560,-0.6470,-33.0000,-0.6560,-0.6660,-34.0000,-0.6560,-0.6530,-31.0000
1785918676.5384,-0.6560,-0.6500,-33.0000,-0.6560,-0.6490,-33.0000,-0.6560,-0.6530,-35.0000,-0.6560,-0.6630,-31.0000
1785918676.5884,-0.6560,-0.6590,-32.0000,-0.6560,-0.6610,-32.0000,-0.6560,-0.6640,-34.0000,-0.6560,-0.6590,-31.0000
1785918676.6385,-0.6560,-0.6510,-32.0000,-0.6560,-0.6650,-32.0000,-0.6560,-0.6370,-36.0000,-0.6560,-0.6520,-31.0000
1785918676.6885,-0.6560,-0.6610,-32.0000,-0.6560,-0.6510,-33.0000,-0.6560,-0.6700,-34.0000,-0.6560,-0.6530,-31.0000
1785918676.7385,-0.6560,-0.6490,-33.0000,-0.6560,-0.6500,-33.0000,-0.6560,-0.6540,-35.0000,-0.6560,-0.6610,-31.0000
1785918676.7884,-0.6560,-0.6570,-32.0000,-0.6560,-0.6560,-32.0000,-0.6560,-0.6680,-34.0000,-0.6560,-0.6670,-30.0000
1785918676.8389,-0.6560,-0.6490,-33.0000,-0.6560,-0.6650,-32.0000,-0.6560,-0.6360,-36.0000,-0.6560,-0.6480,-31.0000
1785918676.8884,-0.6560,-0.6620,-32.0000,-0.6560,-0.6510,-33.0000,-0.6560,-0.6660,-34.0000,-0.6560,-0.6510,-31.0000
1785918676.9384,-0.6560,-0.6500,-33.0000,-0.6560,-0.6510,-32.0000,-0.6560,-0.6500,-35.0000,-0.6560,-0.6520,-31.0000
1785918676.9885,-0.6560,-0.6550,-32.0000,-0.6560,-0.6580,-32.0000,-0.6560,-0.6640,-34.0000,-0.6560,-0.6710,-30.0000
1785918677.0384,-0.6560,-0.6520,-32.0000,-0.6560,-0.6660,-32.0000,-0.6560,-0.6390,-36.0000,-0.6560,-0.6550,-31.0000
1785918677.0884,-0.6560,-0.6650,-32.0000,-0.6560,-0.6530,-32.0000,-0.6560,-0.6680,-34.0000,-0.6560,-0.6600,-31.0000
1785918677.1387,-0.6560,-0.6510,-33.0000,-0.6560,-0.6480,-33.0000,-0.6560,-0.6570,-35.0000,-0.6560,-0.6500,-31.0000
1785918677.1885,-0.6560,-0.6640,-32.0000,-0.6560,-0.6510,-32.0000,-0.6560,-0.6690,-34.0000,-0.6560,-0.6670,-30.0000
1785918677.2384,-0.6560,-0.6540,-32.0000,-0.6560,-0.6610,-32.0000,-0.6560,-0.6430,-36.0000,-0.6560,-0.6490,-31.0000
1785918677.2892,-0.6560,-0.6630,-32.0000,-0.6560,-0.6550,-32.0000,-0.6560,-0.6650,-34.0000,-0.6560,-0.6570,-31.0000
1785918677.3392,-0.6560,-0.6500,-32.0000,-0.6560,-0.6500,-33.0000,-0.6560,-0.6610,-35.0000,-0.6560,-0.6460,-32.0000
1785918677.3885,-0.6560,-0.6610,-32.0000,-0.6560,-0.6530,-32.0000,-0.6560,-0.6640,-34.0000,-0.6560,-0.6670,-30.0000
1785918677.4397,-0.6560,-0.6590,-32.0000,-0.6560,-0.6640,-32.0000,-0.6560,-0.6450,-35.0000,-0.6560,-0.6500,-31.0000
1785918677.4885,-0.6560,-0.6600,-32.0000,-0.6560,-0.6580,-32.0000,-0.6560,-0.6570,-35.0000,-0.6560,-0.6590,-31.0000
1785918677.5393,-0.6560,-0.6490,-32.0000,-0.6560,-0.6500,-32.0000,-0.6560,-0.6610,-35.0000,-0.6560,-0.6460,-32.0000
1785918677.5892,-0.6560,-0.6560,-32.0000,-0.6560,-0.6530,-32.0000,-0.6560,-0.6640,-34.0000,-0.6560,-0.6680,-30.0000
1785918677.6385,-0.6560,-0.6600,-32.0000,-0.6560,-0.6630,-32.0000,-0.6560,-0.6460,-35.0000,-0.6560,-0.6550,-31.0000
1785918677.6885,-0.6560,-0.6580,-32.0000,-0.6560,-0.6600,-32.0000,-0.6560,-0.6490,-35.0000,-0.6560,-0.6630,-31.0000
1785918677.7385,-0.6560,-0.6560,-32.0000,-0.6560,-0.6540,-32.0000,-0.6560,-0.6680,-34.0000,-0.6560,-0.6460,-31.0000
1785918677.7897,-0.6560,-0.6510,-32.0000,-0.6560,-0.6500,-32.0000,-0.6560,-0.6620,-34.0000,-0.6560,-0.6740,-30.0000
1785918677.8391,-0.6560,-0.6600,-32.0000,-0.6560,-0.6590,-32.0000,-0.6560,-0.6540,-35.0000,-0.6560,-0.6480,-31.0000
1785918677.8885,-0.6560,-0.6590,-32.0000,-0.6560,-0.6610,-32.0000,-0.6560,-0.6450,-35.0000,-0.6560,-0.6580,-31.0000
1785918677.9384,-0.6560,-0.6590,-32.0000,-0.6560,-0.6520,-32.0000,-0.6560,-0.6650,-34.0000,-0.6560,-0.6440,-32.0000
1785918677.9884,-0.6560,-0.6540,-32.0000,-0.6560,-0.6520,-32.0000,-0.6560,-0.6540,-35.0000,-0.6560,-0.6640,-30.0000
1785918678.0385,-0.6560,-0.6590,-32.0000,-0.6560,-0.6580,-32.0000,-0.6560,-0.6560,-35.0000,-0.6560,-0.6550,-31.0000
1785918678.0885,-0.6560,-0.6580,-32.0000,-0.6560,-0.6620,-32.0000,-0.6560,-0.6390,-36.0000,-0.6560,-0.6580,-31.0000
1785918678.1385,-0.6560,-0.6540,-32.0000,-0.6560,-0.6510,-32.0000,-0.6560,-0.6660,-34.0000,-0.6560,-0.6510,-31.0000
1785918678.1885,-0.6560,-0.6470,-32.0000,-0.6560,-0.6490,-33.0000,-0.6560,-0.6510,-35.0000,-0.6560,-0.6640,-30.0000
1785918678.2384,-0.6560,-0.6610,-32.0000,-0.6560,-0.6580,-32.0000,-0.6560,-0.6600,-35.0000,-0.6560,-0.6570,-31.0000
1785918678.2885,-0.6560,-0.6540,-32.0000,-0.6560,-0.6680,-32.0000,-0.6560,-0.6370,-36.0000,-0.6560,-0.6590,-31.0000
1785918678.3385,-0.6560,-0.6580,-32.0000,-0.6560,-0.6600,-32.0000,-0.6560,-0.6700,-34.0000,-0.6560,-0.6470,-31.0000
1785918678.3885,-0.6560,-0.6500,-32.0000,-0.6560,-0.6490,-32.0000,-0.6560,-0.6550,-35.0000,-0.6560,-0.6580,-31.0000
1785918678.4385,-0.6560,-0.6610,-32.0000,-0.6560,-0.6620,-32.0000,-0.6560,-0.6610,-35.0000,-0.6560,-0.6610,-31.0000
1785918678.4893,-0.6560,-0.6580,-32.0000,-0.6560,-0.6600,-32.0000,-0.6560,-0.6370,-36.0000,-0.6560,-0.6590,-31.0000
1785918678.5385,-0.6560,-0.6600,-32.0000,-0.6560,-0.6580,-32.0000,-0.6560,-0.6710,-34.0000,-0.6560,-0.6510,-31.0000
1785918678.5885,-0.6560,-0.6550,-32.0000,-0.6560,-0.6520,-32.0000,-0.6560,-0.6530,-35.0000,-0.6560,-0.6560,-31.0000
1785918678.6385,-0.6560,-0.6590,-32.0000,-0.6560,-0.6550,-32.0000,-0.6560,-0.6650,-34.0000,-0.6560,-0.6600,-31.0000
1785918678.6885,-0.6560,-0.6530,-32.0000,-0.6560,-0.6650,-31.0000,-0.6560,-0.6330,-36.0000,-0.6560,-0.6550,-31.0000
1785918678.7385,-0.6560,-0.6600,-32.0000,-0.6560,-0.6550,-32.0000,-0.6560,-0.6660,-34.0000,-0.6560,-0.6550,-31.0000
1785918678.7885,-0.6560,-0.6550,-32.0000,-0.6560,-0.6490,-32.0000,-0.6560,-0.6520,-35.0000,-0.6560,-0.6480,-31.0000
1785918678.8385,-0.6560,-0.6600,-32.0000,-0.6560,-0.6510,-32.0000,-0.6560,-0.6630,-34.0000,-0.6560,-0.6660,-30.0000
1785918678.8890,-0.6560,-0.6540,-32.0000,-0.6560,-0.6640,-32.0000,-0.6560,-0.6370,-36.0000,-0.6560,-0.6520,-31.0000
1785918678.9385,-0.6560,-0.6590,-32.0000,-0.6560,-0.6510,-32.0000,-0.6560,-0.6670,-34.0000,-0.6560,-0.6560,-31.0000
1785918678.9885,-0.6560,-0.6510,-32.0000,-0.6560,-0.6500,-32.0000,-0.6560,-0.6610,-35.0000,-0.6560,-0.6460,-31.0000
1785918679.0385,-0.6560,-0.6590,-32.0000,-0.6560,-0.6560,-32.0000,-0.6560,-0.6700,-34.0000,-0.6560,-0.6670,-30.0000
1785918679.0885,-0.1760,-0.4920,2.0000,-0.7990,-0.8570,-34.0000,-0.7990,-0.7890,-41.0000,-0.1760,-0.4740,2.0000
1785918679.1385,0.4240,0.2040,34.0000,-0.6560,-0.6470,-34.0000,-0.6560,-0.7340,-31.0000,0.4240,0.1840,37.0000
1785918679.1884,0.6560,0.7030,33.0000,-0.6560,-0.6620,-32.0000,-0.6560,-0.6410,-35.0000,0.6560,0.7370,33.0000
1785918679.2384,0.6560,0.7160,35.0000,-0.6560,-0.6520,-32.0000,-0.6560,-0.6660,-34.0000,0.6560,0.7150,37.0000
1785918679.2885,0.6560,0.7200,35.0000,-0.6560,-0.6590,-32.0000,-0.6560,-0.6350,-35.0000,0.6560,0.7410,36.0000
1785918679.3384,0.6560,0.7340,34.0000,-0.6560,-0.6510,-32.0000,-0.6560,-0.6540,-34.0000,0.6560,0.7490,34.0000
1785918679.3884,0.6560,0.7060,35.0000,-0.6560,-0.6500,-32.0000,-0.6560,-0.6490,-35.0000,0.6560,0.7230,35.0000
1785918679.4384,0.6560,0.7020,34.0000,-0.6560,-0.6480,-32.0000,-0.6560,-0.6640,-34.0000,0.6560,0.7110,35.0000
1785918679.4884,0.6560,0.6880,34.0000,-0.6560,-0.6620,-31.0000,-0.6560,-0.6380,-35.0000,0.6560,0.6780,36.0000
1785918679.5384,0.6560,0.7050,33.0000,-0.6560,-0.6530,-32.0000,-0.6560,-0.6600,-34.0000,0.6560,0.7050,34.0000
1785918679.5884,0.6560,0.6880,33.0000,-0.6560,-0.6510,-32.0000,-0.6560,-0.6560,-35.0000,0.6560,0.6710,35.0000
1785918679.6385,0.6560,0.6900,33.0000,-0.6560,-0.6480,-32.0000,-0.6560,-0.6630,-34.0000,0.6560,0.6840,34.0000
1785918679.6885,0.6560,0.6790,33.0000,-0.6560,-0.6660,-31.0000,-0.6560,-0.6440,-35.0000,0.6560,0.6780,34.0000
1785918679.7384,0.6560,0.6880,32.0000,-0.6560,-0.6600,-32.0000,-0.6560,-0.6600,-34.0000,0.6560,0.6930,33.0000
1785918679.7884,0.6560,0.6810,32.0000,-0.6560,-0.6530,-32.0000,-0.6560,-0.6570,-35.0000,0.6560,0.6680,34.0000
1785918679.8384,0.6560,0.6750,32.0000,-0.6560,-0.6470,-32.0000,-0.6560,-0.6640,-34.0000,0.6560,0.6690,34.0000
1785918679.8885,0.6560,0.6550,33.0000,-0.6560,-0.6650,-31.0000,-0.6560,-0.6450,-35.0000,0.6560,0.6640,34.0000
1785918679.9384,0.6560,0.6680,32.0000,-0.6560,-0.6590,-32.0000,-0.6560,-0.6530,-35.0000,0.6560,0.6850,32.0000
1785918679.9885,0.6560,0.6570,33.0000,-0.6560,-0.6530,-32.0000,-0.6560,-0.6680,-34.0000,0.6560,0.6620,34.0000
1785918680.0384,0.6560,0.6610,33.0000,-0.6560,-0.6460,-32.0000,-0.6560,-0.6630,-34.0000,0.6560,0.6720,33.0000
1785918680.0884,0.6560,0.6570,33.0000,-0.6560,-0.6590,-32.0000,-0.6560,-0.6510,-35.0000,0.6560,0.6670,33.0000
1785918680.1391,0.6560,0.6700,32.0000,-0.6560,-0.6610,-32.0000,-0.6560,-0.6460,-35.0000,0.6560,0.6680,33.0000
1785918680.1885,0.6560,0.6520,33.0000,-0.6560,-0.6540,-32.0000,-0.6560,-0.6670,-34.0000,0.6560,0.6500,34.0000
1785918680.2385,0.6560,0.6570,33.0000,-0.6560,-0.6450,-33.0000,-0.6560,-0.6580,-35.0000,0.6560,0.6700,32.0000
1785918680.2885,0.6560,0.6540,33.0000,-0.6560,-0.6630,-32.0000,-0.6560,-0.6580,-35.0000,0.6560,0.6590,33.0000
1785918680.3384,0.6560,0.6720,32.0000,-0.6560,-0.6590,-32.0000,-0.6560,-0.6400,-36.0000,0.6560,0.6780,32.0000
1785918680.3884,0.6560,0.6530,33.0000,-0.6560,-0.6550,-32.0000,-0.6560,-0.6680,-34.0000,0.6560,0.6490,33.0000
1785918680.4385,0.6560,0.6590,32.0000,-0.6560,-0.6480,-32.0000,-0.6560,-0.6510,-35.0000,0.6560,0.6520,33.0000
1785918680.4884,0.6560,0.6540,32.0000,-0.6560,-0.6600,-32.0000,-0.6560,-0.6610,-34.0000,0.6560,0.6510,33.0000
1785918680.5385,0.6560,0.6650,32.0000,-0.6560,-0.6620,-32.0000,-0.6560,-0.6360,-36.0000,0.6560,0.6630,33.0000
1785918680.5884,0.6560,0.6490,33.0000,-0.6560,-0.6520,-32.0000,-0.6560,-0.6640,-34.0000,0.6560,0.6480,33.0000
1785918680.6384,0.6560,0.6540,32.0000,-0.6560,-0.6490,-32.0000,-0.6560,-0.6510,-35.0000,0.6560,0.6570,33.0000
1785918680.6885,0.6560,0.6520,33.0000,-0.6560,-0.6570,-32.0000,-0.6560,-0.6590,-35.0000,0.6560,0.6540,33.0000
1785918680.7391,0.6560,0.6630,32.0000,-0.6560,-0.6610,-32.0000,-0.6560,-0.6370,-36.0000,0.6560,0.6710,32.0000
1785918680.7884,0.6560,0.6530,33.0000,-0.6560,-0.6500,-32.0000,-0.6560,-0.6660,-34.0000,0.6560,0.6480,33.0000
1785918680.8386,0.6560,0.6570,32.0000,-0.6560,-0.6510,-32.0000,-0.6560,-0.6480,-35.0000,0.6560,0.6320,34.0000
1785918680.8885,0.6560,0.6510,33.0000,-0.6560,-0.6580,-32.0000,-0.6560,-0.6630,-34.0000,0.6560,0.6510,33.0000
1785918680.9386,0.6560,0.6630,32.0000,-0.6560,-0.6660,-31.0000,-0.6560,-0.6360,-36.0000,0.6560,0.6440,34.0000
1785918680.9885,0.6560,0.6580,32.0000,-0.6560,-0.6550,-32.0000,-0.6560,-0.6700,-34.0000,0.6560,0.6690,33.0000
1785918681.0385,0.6560,0.6570,32.0000,-0.6560,-0.6510,-32.0000,-0.6560,-0.6510,-35.0000,0.6560,0.6500,34.0000
1785918681.0885,0.6560,0.6530,32.0000,-0.6560,-0.6520,-32.0000,-0.6560,-0.6670,-34.0000,0.6560,0.6580,33.0000
1785918681.1385,0.6560,0.6660,32.0000,-0.6560,-0.6660,-32.0000,-0.6560,-0.6380,-36.0000,0.6560,0.6620,33.0000
1785918681.1885,0.6560,0.6570,32.0000,-0.6560,-0.6580,-32.0000,-0.6560,-0.6680,-34.0000,0.6560,0.6600,33.0000
1785918681.2385,0.6560,0.6550,32.0000,-0.6560,-0.6510,-32.0000,-0.6560,-0.6570,-35.0000,0.6560,0.6360,35.0000
1785918681.2885,0.6560,0.6530,32.0000,-0.6560,-0.6510,-32.0000,-0.6560,-0.6720,-34.0000,0.6560,0.6520,34.0000
1785918681.3385,0.6560,0.6620,32.0000,-0.6560,-0.6640,-32.0000,-0.6560,-0.6400,-36.0000,0.6560,0.6450,34.0000
1785918681.3895,0.6560,0.6600,32.0000,-0.6560,-0.6540,-32.0000,-0.6560,-0.6620,-34.0000,0.6560,0.6610,33.0000
1785918681.4385,0.6560,0.6520,32.0000,-0.6560,-0.6510,-32.0000,-0.6560,-0.6580,-35.0000,0.6560,0.6550,34.0000
1785918681.4885,0.6560,0.6530,32.0000,-0.6560,-0.6510,-32.0000,-0.6560,-0.6670,-34.0000,0.6560,0.6650,33.0000
1785918681.5385,0.6560,0.6580,32.0000,-0.6560,-0.6650,-31.0000,-0.6560,-0.6450,-35.0000,0.6560,0.6520,34.0000
1785918681.5885,0.6560,0.6670,32.0000,-0.6560,-0.6560,-32.0000,-0.6560,-0.6570,-35.0000,0.6560,0.6690,33.0000
1785918681.6385,0.6560,0.6530,32.0000,-0.6560,-0.6490,-32.0000,-0.6560,-0.6550,-35.0000,0.6560,0.6500,34.0000
1785918681.6885,0.6560,0.6520,32.0000,-0.6560,-0.6520,-32.0000,-0.6560,-0.6610,-35.0000,0.6560,0.6670,33.0000
1785918681.7385,0.6560,0.6560,32.0000,-0.6560,-0.6630,-32.0000,-0.6560,-0.6510,-35.0000,0.6560,0.6500,34.0000
1785918681.7889,0.6560,0.6690,31.0000,-0.6560,-0.6620,-32.0000,-0.6560,-0.6530,-35.0000,0.6560,0.6740,32.0000
1785918681.8386,0.6560,0.6550,32.0000,-0.6560,-0.6510,-32.0000,-0.6560,-0.6630,-34.0000,0.6560,0.6480,34.0000
1785918681.8892,0.6560,0.6570,32.0000,-0.6560,-0.6470,-33.0000,-0.6560,-0.6570,-35.0000,0.6560,0.6670,33.0000
1785918681.9385,0.6560,0.6530,32.0000,-0.6560,-0.6620,-32.0000,-0.6560,-0.6560,-35.0000,0.6560,0.6520,34.0000
1785918681.9885,0.6560,0.6720,31.0000,-0.6560,-0.6600,-32.0000,-0.6560,-0.6450,-35.0000,0.6560,0.6630,33.0000
1785918682.0385,0.6560,0.6480,32.0000,-0.6560,-0.6550,-32.0000,-0.6560,-0.6630,-34.0000,0.6560,0.6500,34.0000
1785918682.0892,0.6560,0.6520,32.0000,-0.6560,-0.6500,-32.0000,-0.6560,-0.6550,-35.0000,0.6560,0.6560,33.0000
1785918682.1385,0.6560,0.6510,32.0000,-0.6560,-0.6630,-32.0000,-0.6560,-0.6540,-35.0000,0.6560,0.6490,34.0000
1785918682.1890,0.6560,0.6700,31.0000,-0.6560,-0.6610,-32.0000,-0.6560,-0.6410,-36.0000,0.6560,0.6670,33.0000
1785918682.2388,0.6560,0.6510,32.0000,-0.6560,-0.6540,-32.0000,-0.6560,-0.6680,-34.0000,0.6560,0.6500,34.0000
1785918682.2893,0.6560,0.6610,32.0000,-0.6560,-0.6500,-32.0000,-0.6560,-0.6520,-35.0000,0.6560,0.6510,33.0000
1785918682.3392,0.6560,0.6620,32.0000,-0.6560,-0.6560,-32.0000,-0.6560,-0.6610,-35.0000,0.6560,0.6500,34.0000
1785918682.3886,0.6560,0.6670,31.0000,-0.6560,-0.6600,-32.0000,-0.6560,-0.6400,-36.0000,0.6560,0.6570,33.0000
1785918682.4386,0.6560,0.6540,32.0000,-0.6560,-0.6470,-33.0000,-0.6560,-0.6720,-34.0000,0.6560,0.6590,33.0000
1785918682.4894,0.6560,0.6580,32.0000,-0.6560,-0.6480,-33.0000,-0.6560,-0.6510,-35.0000,0.6560,0.6540,33.0000
1785918682.5389,0.6560,0.6610,31.0000,-0.6560,-0.6550,-32.0000,-0.6560,-0.6640,-34.0000,0.6560,0.6540,33.0000
1785918682.5893,0.6560,0.6640,31.0000,-0.6560,-0.6650,-32.0000,-0.6560,-0.6340,-36.0000,0.6560,0.6610,33.0000
1785918682.6386,0.6560,0.6470,32.0000,-0.6560,-0.6540,-32.0000,-0.6560,-0.6650,-34.0000,0.6560,0.6630,33.0000
1785918682.6886,0.6560,0.6570,32.0000,-0.6560,-0.6480,-33.0000,-0.6560,-0.6500,-35.0000,0.6560,0.6460,34.0000
1785918682.7397,0.6560,0.6560,32.0000,-0.6560,-0.6560,-32.0000,-0.6560,-0.6630,-34.0000,0.6560,0.6540,33.0000
1785918682.7889,0.6560,0.6620,31.0000,-0.6560,-0.6690,-31.0000,-0.6560,-0.6370,-36.0000,0.6560,0.6520,34.0000
1785918682.8386,0.6560,0.6440,32.0000,-0.6560,-0.6520,-32.0000,-0.6560,-0.6640,-34.0000,0.6560,0.6660,33.0000
1785918682.8886,0.6560,0.6550,32.0000,-0.6560,-0.6520,-32.0000,-0.6560,-0.6510,-35.0000,0.6560,0.6450,34.0000
1785918682.9386,0.6560,0.6570,32.0000,-0.6560,-0.6570,-32.0000,-0.6560,-0.6690,-34.0000,0.6560,0.6640,33.0000
1785918682.9886,0.6560,0.6670,31.0000,-0.6560,-0.6630,-32.0000,-0.6560,-0.6440,-36.0000,0.6560,0.6560,33.0000
1785918683.0386,0.6560,0.6530,32.0000,-0.6560,-0.6550,-32.0000,-0.6560,-0.6680,-34.0000,0.6560,0.6680,33.0000
1785918683.0886,0.6560,0.6580,31.0000,-0.6560,-0.6500,-32.0000,-0.6560,-0.6560,-35.0000,0.6560,0.6490,34.0000
1785918683.1387,0.6560,0.6550,32.0000,-0.6560,-0.6500,-32.0000,-0.6560,-0.6710,-34.0000,0.6560,0.6700,32.0000
1785918683.1886,0.6560,0.6650,31.0000,-0.6560,-0.6650,-32.0000,-0.6560,-0.6430,-36.0000,0.6560,0.6480,34.0000
1785918683.2386,0.6560,0.6590,31.0000,-0.6560,-0.6550,-32.0000,-0.6560,-0.6610,-35.0000,0.6560,0.6690,32.0000
1785918683.2888,0.6560,0.6650,31.0000,-0.6560,-0.6490,-32.0000,-0.6560,-0.6580,-35.0000,0.6560,0.6460,34.0000
1785918683.3386,0.6560,0.6550,31.0000,-0.6560,-0.6540,-32.0000,-0.6560,-0.6640,-34.0000,0.6560,0.6540,33.0000
1785918683.3887,0.6560,0.6630,31.0000,-0.6560,-0.6620,-32.0000,-0.6560,-0.6440,-35.0000,0.6560,0.6440,34.0000
1785918683.4386,0.6560,0.6580,31.0000,-0.6560,-0.6600,-32.0000,-0.6560,-0.6570,-35.0000,0.6560,0.6670,33.0000
1785918683.4886,0.6560,0.6480,32.0000,-0.6560,-0.6490,-32.0000,-0.6560,-0.6580,-35.0000,0.6560,0.6450,34.0000
1785918683.5386,0.6560,0.6490,32.0000,-0.6560,-0.6530,-32.0000,-0.6560,-0.6620,-35.0000,0.6560,0.6590,33.0000
1785918683.5887,0.6560,0.6530,32.0000,-0.6560,-0.6620,-32.0000,-0.6560,-0.6540,-35.0000,0.6560,0.6460,34.0000
1785918683.6387,0.6560,0.6590,31.0000,-0.6560,-0.6640,-32.0000,-0.6560,-0.6510,-35.0000,0.6560,0.6670,33.0000
1785918683.6886,0.6560,0.6510,32.0000,-0.6560,-0.6530,-32.0000,-0.6560,-0.6680,-34.0000,0.6560,0.6520,34.0000
1785918683.7386,0.6560,0.6510,32.0000,-0.6560,-0.6470,-33.0000,-0.6560,-0.6580,-35.0000,0.6560,0.6650,33.0000
1785918683.7887,0.6560,0.6530,32.0000,-0.6560,-0.6650,-32.0000,-0.6560,-0.6560,-35.0000,0.6560,0.6580,33.0000
1785918683.8389,0.6560,0.6700,31.0000,-0.6560,-0.6640,-32.0000,-0.6560,-0.6440,-36.0000,0.6560,0.6720,32.0000
1785918683.8887,0.6560,0.6450,32.0000,-0.6560,-0.6600,-32.0000,-0.6560,-0.6670,-34.0000,0.6560,0.6610,33.0000
1785918683.9387,0.6560,0.6550,32.0000,-0.6560,-0.6510,-32.0000,-0.6560,-0.6580,-35.0000,0.6560,0.6710,32.0000
1785918683.9887,0.6560,0.6540,32.0000,-0.6560,-0.6610,-32.0000,-0.6560,-0.6590,-35.0000,0.6560,0.6540,33.0000
1785918684.0386,0.6560,0.6670,31.0000,-0.6560,-0.6630,-32.0000,-0.6560,-0.6390,-36.0000,0.6560,0.6650,32.0000
1785918684.0887,0.6560,0.6500,32.0000,-0.6560,-0.6590,-32.0000,-0.6560,-0.6650,-34.0000,0.6560,0.6520,33.0000
1785918684.1390,0.6560,0.6530,32.0000,-0.6560,-0.6480,-32.0000,-0.6560,-0.6500,-35.0000,0.6560,0.6490,33.0000
1785918684.1887,0.6560,0.6550,32.0000,-0.6560,-0.6570,-32.0000,-0.6560,-0.6640,-34.0000,0.6560,0.6550,33.0000
1785918684.2387,0.6560,0.6710,31.0000,-0.6560,-0.6580,-32.0000,-0.6560,-0.6360,-36.0000,0.6560,0.6710,32.0000
1785918684.2888,0.6560,0.6500,32.0000,-0.6560,-0.6580,-32.0000,-0.6560,-0.6700,-34.0000,0.6560,0.6510,33.0000
1785918684.3387,0.7760,0.6540,42.0000,-0.7760,-0.6490,-42.0000,-0.7760,-0.6490,-46.0000,0.7760,0.6490,43.0000
1785918684.3886,1.3250,1.1340,64.0000,-1.3250,-1.1550,-64.0000,-1.3250,-1.1030,-70.0000,1.3250,1.1120,67.0000
1785918684.4387,1.3250,1.3400,57.0000,-1.3250,-1.3350,-58.0000,-1.3250,-1.3780,-59.0000,1.3250,1.3580,58.0000
1785918684.4886,1.3250,1.3480,58.0000,-1.3250,-1.3510,-59.0000,-1.3250,-1.3340,-63.0000,1.3250,1.3470,60.0000
1785918684.5386,1.3250,1.3470,58.0000,-1.3250,-1.3430,-59.0000,-1.3250,-1.3690,-61.0000,1.3250,1.3300,61.0000
1785918684.5886,1.3250,1.3420,58.0000,-1.3250,-1.3530,-59.0000,-1.3250,-1.3460,-62.0000,1.3250,1.3410,60.0000
1785918684.6386,1.3250,1.3430,58.0000,-1.3250,-1.3410,-59.0000,-1.3250,-1.3620,-61.0000,1.3250,1.3440,60.0000
1785918684.6886,1.3250,1.3310,59.0000,-1.3250,-1.3500,-58.0000,-1.3250,-1.3370,-62.0000,1.3250,1.3500,59.0000
1785918684.7387,1.3250,1.3370,58.0000,-1.3250,-1.3380,-59.0000,-1.3250,-1.3570,-61.0000,1.3250,1.3440,59.0000
1785918684.7886,1.3250,1.3280,58.0000,-1.3250,-1.3480,-58.0000,-1.3250,-1.3330,-62.0000,1.3250,1.3450,59.0000
1785918684.8387,1.3250,1.3320,58.0000,-1.3250,-1.3360,-58.0000,-1.3250,-1.3540,-60.0000,1.3250,1.3390,59.0000
1785918684.8886,1.3250,1.3280,58.0000,-1.3250,-1.3400,-58.0000,-1.3250,-1.3310,-61.0000,1.3250,1.3360,59.0000
1785918684.9386,1.3250,1.3340,58.0000,-1.3250,-1.3320,-58.0000,-1.3250,-1.3500,-60.0000,1.3250,1.3350,59.0000
1785918684.9887,1.3250,1.3380,57.0000,-1.3250,-1.3360,-58.0000,-1.3250,-1.3290,-61.0000,1.3250,1.3310,59.0000
1785918685.0387,1.3250,1.3320,58.0000,-1.3250,-1.3310,-58.0000,-1.3250,-1.3470,-60.0000,1.3250,1.3300,59.0000
1785918685.0886,1.3250,1.3300,58.0000,-1.3250,-1.3350,-58.0000,-1.3250,-1.3290,-61.0000,1.3250,1.3340,59.0000
1785918685.1387,1.3250,1.3250,58.0000,-1.3250,-1.3270,-58.0000,-1.3250,-1.3450,-60.0000,1.3250,1.3340,59.0000
1785918685.1888,1.3250,1.3260,58.0000,-1.3250,-1.3310,-58.0000,-1.3250,-1.3230,-61.0000,1.3250,1.3210,59.0000
1785918685.2386,1.3250,1.3240,58.0000,-1.3250,-1.3250,-58.0000,-1.3250,-1.3430,-60.0000,1.3250,1.3270,59.0000
1785918685.2888,1.3250,1.3170,58.0000,-1.3250,-1.3290,-58.0000,-1.3250,-1.3280,-61.0000,1.3250,1.3060,60.0000
1785918685.3388,1.3250,1.3220,58.0000,-1.3250,-1.3250,-58.0000,-1.3250,-1.3380,-60.0000,1.3250,1.2980,61.0000
1785918685.3887,1.3250,1.3150,58.0000,-1.3250,-1.3260,-58.0000,-1.3250,-1.3270,-61.0000,1.3250,1.3110,60.0000
1785918685.4387,1.3250,1.3270,58.0000,-1.3250,-1.3290,-58.0000,-1.3250,-1.3350,-60.0000,1.3250,1.3420,59.0000
1785918685.4886,1.3250,1.3140,58.0000,-1.3250,-1.3230,-58.0000,-1.3250,-1.3290,-60.0000,1.3250,1.3200,60.0000
1785918685.5387,1.3250,1.3350,57.0000,-1.3250,-1.3280,-58.0000,-1.3250,-1.3360,-60.0000,1.3250,1.3350,59.0000
1785918685.5887,1.3250,1.3170,58.0000,-1.3250,-1.3180,-58.0000,-1.3250,-1.3260,-61.0000,1.3250,1.3230,60.0000
1785918685.6387,1.3250,1.3390,57.0000,-1.3250,-1.3230,-58.0000,-1.3250,-1.3340,-60.0000,1.3250,1.3390,59.0000
1785918685.6887,1.3250,1.3260,58.0000,-1.3250,-1.3160,-59.0000,-1.3250,-1.3300,-60.0000,1.3250,1.3210,60.0000
1785918685.7387,1.3250,1.3370,57.0000,-1.3250,-1.3250,-58.0000,-1.3250,-1.3270,-60.0000,1.3250,1.3400,59.0000
1785918685.7887,1.3250,1.3230,58.0000,-1.3250,-1.3200,-58.0000,-1.3250,-1.3270,-60.0000,1.3250,1.3250,59.0000
1785918685.8387,1.3250,1.3350,57.0000,-1.3250,-1.3280,-58.0000,-1.3250,-1.3230,-61.0000,1.3250,1.3460,58.0000
1785918685.8887,1.3250,1.3190,58.0000,-1.3250,-1.3230,-58.0000,-1.3250,-1.3350,-60.0000,1.3250,1.3230,59.0000
1785918685.9387,1.3250,1.3380,57.0000,-1.3250,-1.3280,-58.0000,-1.3250,-1.3250,-60.0000,1.3250,1.3450,58.0000
1785918685.9887,1.3250,1.3180,58.0000,-1.3250,-1.3150,-59.0000,-1.3250,-1.3310,-60.0000,1.3250,1.3150,60.0000
1785918686.0387,1.3250,1.3370,57.0000,-1.3250,-1.3310,-58.0000,-1.3250,-1.3230,-61.0000,1.3250,1.3360,58.0000
1785918686.0887,1.3250,1.3210,58.0000,-1.3250,-1.3150,-59.0000,-1.3250,-1.3320,-60.0000,1.3250,1.3170,59.0000
1785918686.1387,1.3250,1.3390,57.0000,-1.3250,-1.3330,-58.0000,-1.3250,-1.3190,-61.0000,1.3250,1.3400,58.0000
1785918686.1894,1.3250,1.3160,58.0000,-1.3250,-1.3180,-58.0000,-1.3250,-1.3320,-60.0000,1.3250,1.3110,60.0000
1785918686.2387,1.3250,1.3400,57.0000,-1.3250,-1.3330,-58.0000,-1.3250,-1.3170,-61.0000,1.3250,1.3370,58.0000
1785918686.2888,1.3250,1.3170,58.0000,-1.3250,-1.3110,-59.0000,-1.3250,-1.3330,-60.0000,1.3250,1.3180,60.0000
1785918686.3387,1.3250,1.3360,57.0000,-1.3250,-1.3340,-57.0000,-1.3250,-1.3150,-61.0000,1.3250,1.3320,59.0000
1785918686.3887,1.3250,1.3260,58.0000,-1.3250,-1.3200,-58.0000,-1.3250,-1.3370,-60.0000,1.3250,1.3140,60.0000
1785918686.4387,1.3250,1.3340,57.0000,-1.3250,-1.3340,-58.0000,-1.3250,-1.3110,-61.0000,1.3250,1.3290,59.0000
1785918686.4894,1.3250,1.3160,58.0000,-1.3250,-1.3130,-59.0000,-1.3250,-1.3370,-60.0000,1.3250,1.3160,60.0000
1785918686.5387,1.3250,1.3330,57.0000,-1.3250,-1.3200,-58.0000,-1.3250,-1.3110,-61.0000,1.3250,1.3370,59.0000
1785918686.5887,1.3250,1.3140,58.0000,-1.3250,-1.3200,-58.0000,-1.3250,-1.3370,-60.0000,1.3250,1.3150,60.0000
1785918686.6387,1.3250,1.3320,57.0000,-1.3250,-1.3220,-58.0000,-1.3250,-1.3100,-61.0000,1.3250,1.3440,58.0000
1785918686.6887,1.3250,1.3230,58.0000,-1.3250,-1.3210,-59.0000,-1.3250,-1.3360,-60.0000,1.3250,1.3070,60.0000
1785918686.7394,1.3250,1.3410,57.0000,-1.3250,-1.3250,-58.0000,-1.3250,-1.3090,-61.0000,1.3250,1.3330,59.0000
1785918686.7887,1.3250,1.3290,58.0000,-1.3250,-1.3240,-58.0000,-1.3250,-1.3350,-60.0000,1.3250,1.3130,60.0000
1785918686.8387,1.3250,1.3310,57.0000,-1.3250,-1.3270,-58.0000,-1.3250,-1.3100,-61.0000,1.3250,1.3410,58.0000
1785918686.8888,1.3250,1.3240,58.0000,-1.3250,-1.3240,-59.0000,-1.3250,-1.3320,-60.0000,1.3250,1.3140,60.0000
1785918686.9387,1.3250,1.3310,57.0000,-1.3250,-1.3270,-58.0000,-1.3250,-1.3030,-62.0000,1.3250,1.3440,58.0000
1785918686.9887,1.3250,1.3180,58.0000,-1.3250,-1.3190,-59.0000,-1.3250,-1.3380,-60.0000,1.3250,1.3210,59.0000
1785918687.0387,1.3250,1.3240,58.0000,-1.3250,-1.3300,-58.0000,-1.3250,-1.3060,-62.0000,1.3250,1.3410,58.0000
1785918687.0888,1.3250,1.3240,58.0000,-1.3250,-1.3170,-59.0000,-1.3250,-1.3410,-59.0000,1.3250,1.3230,59.0000
1785918687.1388,1.3250,1.3250,58.0000,-1.3250,-1.3290,-58.0000,-1.3250,-1.3050,-62.0000,1.3250,1.3260,59.0000
1785918687.1888,1.3250,1.3160,58.0000,-1.3250,-1.3230,-59.0000,-1.3250,-1.3400,-59.0000,1.3250,1.3110,60.0000
1785918687.2387,1.3250,1.3200,58.0000,-1.3250,-1.3320,-58.0000,-1.3250,-1.3040,-62.0000,1.3250,1.3250,59.0000
1785918687.2888,1.3250,1.3250,58.0000,-1.3250,-1.3190,-59.0000,-1.3250,-1.3380,-60.0000,1.3250,1.3130,59.0000
1785918687.3388,1.3250,1.3270,58.0000,-1.3250,-1.3370,-58.0000,-1.3250,-1.3100,-61.0000,1.3250,1.3310,58.0000
1785918687.3888,1.3250,1.3270,58.0000,-1.3250,-1.3190,-59.0000,-1.3250,-1.3390,-60.0000,1.3250,1.3110,60.0000
1785918687.4388,1.3250,1.3280,58.0000,-1.3250,-1.3280,-58.0000,-1.3250,-1.3070,-61.0000,1.3250,1.3090,60.0000
1785918687.4888,1.3250,1.3210,58.0000,-1.3250,-1.3260,-59.0000,-1.3250,-1.3400,-59.0000,1.3250,1.2940,61.0000
1785918687.5388,1.3250,1.3280,58.0000,-1.3250,-1.3290,-58.0000,-1.3250,-1.3110,-61.0000,1.3250,1.3040,61.0000
1785918687.5888,1.3250,1.3270,58.0000,-1.3250,-1.3210,-59.0000,-1.3250,-1.3420,-59.0000,1.3250,1.3050,61.0000
1785918687.6388,1.3250,1.3220,58.0000,-1.3250,-1.3300,-58.0000,-1.3250,-1.3080,-61.0000,1.3250,1.3190,60.0000
1785918687.6889,1.3250,1.3250,58.0000,-1.3250,-1.3250,-59.0000,-1.3250,-1.3400,-59.0000,1.3250,1.3170,60.0000
1785918687.7388,1.3250,1.3270,58.0000,-1.3250,-1.3330,-58.0000,-1.3250,-1.3160,-61.0000,1.3250,1.3260,60.0000
1785918687.7888,1.3250,1.3230,58.0000,-1.3250,-1.3180,-59.0000,-1.3250,-1.3390,-60.0000,1.3250,1.3300,60.0000
1785918687.8388,1.3250,1.3250,58.0000,-1.3250,-1.3300,-58.0000,-1.3250,-1.3200,-61.0000,1.3250,1.3210,60.0000
1785918687.8888,1.3250,1.3240,58.0000,-1.3250,-1.3180,-59.0000,-1.3250,-1.3360,-60.0000,1.3250,1.3330,60.0000
1785918687.9388,1.3250,1.3250,58.0000,-1.3250,-1.3290,-58.0000,-1.3250,-1.3180,-61.0000,1.3250,1.3250,60.0000
1785918687.9888,1.3250,1.3250,58.0000,-1.3250,-1.3200,-59.0000,-1.3250,-1.3300,-60.0000,1.3250,1.3360,59.0000
1785918688.0387,1.3250,1.3150,58.0000,-1.3250,-1.3310,-58.0000,-1.3250,-1.3220,-61.0000,1.3250,1.3280,60.0000
1785918688.0888,1.3250,1.3210,58.0000,-1.3250,-1.3220,-59.0000,-1.3250,-1.3360,-60.0000,1.3250,1.3400,59.0000
1785918688.1388,1.3250,1.3230,58.0000,-1.3250,-1.3300,-58.0000,-1.3250,-1.3250,-60.0000,1.3250,1.3200,60.0000
1785918688.1888,1.3250,1.3190,58.0000,-1.3250,-1.3250,-59.0000,-1.3250,-1.3350,-60.0000,1.3250,1.3340,59.0000
1785918688.2388,1.3250,1.3260,58.0000,-1.3250,-1.3250,-59.0000,-1.3250,-1.3260,-60.0000,1.3250,1.3120,60.0000
1785918688.2889,1.3250,1.3200,58.0000,-1.3250,-1.3190,-59.0000,-1.3250,-1.3280,-60.0000,1.3250,1.3320,59.0000
1785918688.3388,1.3250,1.3230,58.0000,-1.3250,-1.3280,-58.0000,-1.3250,-1.3270,-60.0000,1.3250,1.3200,60.0000
1785918688.3890,1.3250,1.3190,58.0000,-1.3250,-1.3180,-59.0000,-1.3250,-1.3330,-60.0000,1.3250,1.3410,59.0000
1785918688.4389,1.3250,1.3210,58.0000,-1.3250,-1.3250,-59.0000,-1.3250,-1.3300,-60.0000,1.3250,1.3200,60.0000
1785918688.4901,1.3250,1.3240,58.0000,-1.3250,-1.3220,-59.0000,-1.3250,-1.3300,-60.0000,1.3250,1.3440,59.0000
1785918688.5398,1.3250,1.3300,57.0000,-1.3250,-1.3280,-58.0000,-1.3250,-1.3290,-60.0000,1.3250,1.3150,60.0000
1785918688.5900,1.3250,1.3260,58.0000,-1.3250,-1.3230,-59.0000,-1.3250,-1.3300,-60.0000,1.3250,1.3390,59.0000
1785918688.6398,1.3250,1.3230,58.0000,-1.3250,-1.3260,-58.0000,-1.3250,-1.3310,-60.0000,1.3250,1.3220,60.0000
1785918688.6898,1.3250,1.3290,57.0000,-1.3250,-1.3240,-59.0000,-1.3250,-1.3250,-60.0000,1.3250,1.3390,59.0000
1785918688.7405,1.3250,1.3170,58.0000,-1.3250,-1.3260,-58.0000,-1.3250,-1.3280,-60.0000,1.3250,1.3270,59.0000
1785918688.7906,1.3250,1.3270,57.0000,-1.3250,-1.3210,-59.0000,-1.3250,-1.3220,-60.0000,1.3250,1.3470,58.0000
1785918688.8398,1.3250,1.3190,58.0000,-1.3250,-1.3270,-58.0000,-1.3250,-1.3330,-60.0000,1.3250,1.3240,59.0000
1785918688.8899,1.3250,1.3290,57.0000,-1.3250,-1.3270,-58.0000,-1.3250,-1.3190,-61.0000,1.3250,1.3480,58.0000
1785918688.9398,1.3250,1.3240,58.0000,-1.3250,-1.3270,-58.0000,-1.3250,-1.3360,-60.0000,1.3250,1.3140,60.0000
1785918688.9906,1.3250,1.3340,57.0000,-1.3250,-1.3230,-59.0000,-1.3250,-1.3200,-61.0000,1.3250,1.3390,58.0000
1785918689.0398,1.3250,1.3270,58.0000,-1.3250,-1.3220,-59.0000,-1.3250,-1.3330,-60.0000,1.3250,1.3120,60.0000
1785918689.0912,1.3250,1.3280,57.0000,-1.3250,-1.3250,-59.0000,-1.3250,-1.3160,-61.0000,1.3250,1.3430,58.0000
1785918689.1398,1.3250,1.3280,57.0000,-1.3250,-1.3270,-58.0000,-1.3250,-1.3320,-60.0000,1.3250,1.3170,59.0000
1785918689.1906,1.3250,1.3310,57.0000,-1.3250,-1.3250,-59.0000,-1.3250,-1.3130,-61.0000,1.3250,1.3450,58.0000
1785918689.2403,1.3250,1.3290,57.0000,-1.3250,-1.3250,-59.0000,-1.3250,-1.3330,-60.0000,1.3250,1.3150,59.0000
1785918689.2899,1.3250,1.3310,57.0000,-1.3250,-1.3230,-59.0000,-1.3250,-1.3100,-61.0000,1.3250,1.3370,58.0000
1785918689.3398,1.3250,1.3250,58.0000,-1.3250,-1.3240,-59.0000,-1.3250,-1.3350,-60.0000,1.3250,1.3080,60.0000
1785918689.3906,1.3250,1.3350,57.0000,-1.3250,-1.3280,-58.0000,-1.3250,-1.3130,-61.0000,1.3250,1.3450,58.0000
1785918689.4401,1.3250,1.3200,58.0000,-1.3250,-1.3240,-59.0000,-1.3250,-1.3300,-60.0000,1.3250,1.3140,60.0000
1785918689.4912,1.3250,1.3330,57.0000,-1.3250,-1.3290,-58.0000,-1.3250,-1.3050,-61.0000,1.3250,1.3450,58.0000
1785918689.5401,1.3250,1.3200,58.0000,-1.3250,-1.3250,-59.0000,-1.3250,-1.3330,-60.0000,1.3250,1.3190,59.0000
1785918689.5898,1.4450,1.3280,68.0000,-1.4450,-1.3280,-69.0000,-1.4450,-1.3100,-71.0000,1.4450,1.3340,68.0000
1785918689.6399,1.9690,1.8170,87.0000,-1.9690,-1.8020,-90.0000,-1.9690,-1.7870,-92.0000,1.9690,1.7500,93.0000
1785918689.6899,1.9690,1.9650,83.0000,-1.9690,-1.9760,-84.0000,-1.9690,-2.0170,-84.0000,1.9690,1.9970,83.0000
1785918689.7399,1.9690,1.9990,83.0000,-1.9690,-1.9890,-85.0000,-1.9690,-1.9850,-87.0000,1.9690,2.0110,84.0000
1785918689.7899,1.9690,1.9850,84.0000,-1.9690,-1.9940,-85.0000,-1.9690,-1.9900,-87.0000,1.9690,1.9940,85.0000
1785918689.8398,1.9690,1.9800,84.0000,-1.9690,-1.9890,-85.0000,-1.9690,-2.0140,-85.0000,1.9690,1.9720,86.0000
1785918689.8899,1.9690,1.9820,83.0000,-1.9690,-1.9850,-85.0000,-1.9690,-2.0110,-85.0000,1.9690,1.9990,84.0000
1785918689.9400,1.9690,1.9880,83.0000,-1.9690,-1.9920,-84.0000,-1.9690,-1.9760,-87.0000,1.9690,1.9990,84.0000
1785918689.9899,1.9690,1.9790,83.0000,-1.9690,-1.9820,-85.0000,-1.9690,-1.9810,-86.0000,1.9690,1.9710,85.0000
1785918690.0398,1.9690,1.9730,83.0000,-1.9690,-1.9760,-85.0000,-1.9690,-2.0030,-84.0000,1.9690,1.9660,85.0000
1785918690.0899,1.9690,1.9790,83.0000,-1.9690,-1.9840,-84.0000,-1.9690,-1.9870,-85.0000,1.9690,1.9960,83.0000
1785918690.1399,1.9690,1.9790,83.0000,-1.9690,-1.9820,-84.0000,-1.9690,-1.9630,-86.0000,1.9690,1.9860,84.0000
1785918690.1899,1.9690,1.9840,83.0000,-1.9690,-1.9730,-84.0000,-1.9690,-1.9780,-85.0000,1.9690,1.9610,85.0000
1785918690.2405,1.9690,1.9720,83.0000,-1.9690,-1.9690,-85.0000,-1.9690,-1.9890,-84.0000,1.9690,1.9670,85.0000
1785918690.2900,1.9690,1.9790,83.0000,-1.9690,-1.9780,-84.0000,-1.9690,-1.9720,-85.0000,1.9690,1.9890,83.0000
1785918690.3399,1.9690,1.9740,83.0000,-1.9690,-1.9740,-84.0000,-1.9690,-1.9620,-86.0000,1.9690,1.9830,84.0000
1785918690.3899,1.9690,1.9770,83.0000,-1.9690,-1.9690,-84.0000,-1.9690,-1.9840,-85.0000,1.9690,1.9650,85.0000
1785918690.4399,1.9690,1.9690,83.0000,-1.9690,-1.9720,-84.0000,-1.9690,-1.9880,-84.0000,1.9690,1.9820,83.0000
1785918690.4899,1.9690,1.9760,82.0000,-1.9690,-1.9770,-84.0000,-1.9690,-1.9620,-86.0000,1.9690,1.9980,82.0000
1785918690.5405,1.9690,1.9700,83.0000,-1.9690,-1.9700,-84.0000,-1.9690,-1.9590,-86.0000,1.9690,1.9680,84.0000
1785918690.5899,1.9690,1.9720,83.0000,-1.9690,-1.9700,-84.0000,-1.9690,-1.9860,-84.0000,1.9690,1.9530,85.0000
1785918690.6399,1.9690,1.9720,83.0000,-1.9690,-1.9720,-84.0000,-1.9690,-1.9820,-84.0000,1.9690,1.9740,84.0000
1785918690.6899,1.9690,1.9760,82.0000,-1.9690,-1.9720,-84.0000,-1.9690,-1.9530,-86.0000,1.9690,1.9780,83.0000
1785918690.7400,1.9690,1.9660,83.0000,-1.9690,-1.9660,-84.0000,-1.9690,-1.9650,-85.0000,1.9690,1.9560,85.0000
1785918690.7899,1.9690,1.9720,82.0000,-1.9690,-1.9660,-84.0000,-1.9690,-1.9800,-84.0000,1.9690,1.9730,84.0000
1785918690.8398,1.9690,1.9690,83.0000,-1.9690,-1.9700,-84.0000,-1.9690,-1.9750,-85.0000,1.9690,1.9780,83.0000
1785918690.8899,1.9690,1.9720,83.0000,-1.9690,-1.9740,-84.0000,-1.9690,-1.9560,-86.0000,1.9690,1.9560,85.0000
1785918690.9399,1.9690,1.9690,83.0000,-1.9690,-1.9660,-84.0000,-1.9690,-1.9760,-85.0000,1.9690,1.9420,86.0000
1785918690.9899,1.9690,1.9660,83.0000,-1.9690,-1.9630,-85.0000,-1.9690,-1.9840,-84.0000,1.9690,1.9460,86.0000
1785918691.0399,1.9690,1.9700,83.0000,-1.9690,-1.9690,-84.0000,-1.9690,-1.9640,-85.0000,1.9690,1.9730,84.0000
1785918691.0899,1.9690,1.9710,83.0000,-1.9690,-1.9700,-84.0000,-1.9690,-1.9510,-86.0000,1.9690,1.9450,86.0000
1785918691.1400,1.9690,1.9690,83.0000,-1.9690,-1.9680,-84.0000,-1.9690,-1.9820,-84.0000,1.9690,1.9440,86.0000
1785918691.1900,1.9690,1.9670,83.0000,-1.9690,-1.9690,-84.0000,-1.9690,-1.9820,-84.0000,1.9690,1.9700,85.0000
1785918691.2399,1.9690,1.9730,82.0000,-1.9690,-1.9780,-84.0000,-1.9690,-1.9530,-86.0000,1.9690,1.9660,85.0000
1785918691.2900,1.9690,1.9690,83.0000,-1.9690,-1.9690,-84.0000,-1.9690,-1.9620,-85.0000,1.9690,1.9460,87.0000
1785918691.3399,1.9690,1.9670,83.0000,-1.9690,-1.9670,-84.0000,-1.9690,-1.9850,-84.0000,1.9690,1.9470,87.0000
1785918691.3900,1.9690,1.9730,82.0000,-1.9690,-1.9680,-84.0000,-1.9690,-1.9750,-85.0000,1.9690,1.9770,85.0000
1785918691.4400,1.9690,1.9740,82.0000,-1.9690,-1.9680,-84.0000,-1.9690,-1.9510,-86.0000,1.9690,1.9670,86.0000
1785918691.4899,1.9690,1.9660,83.0000,-1.9690,-1.9690,-84.0000,-1.9690,-1.9690,-85.0000,1.9690,1.9550,87.0000
1785918691.5400,1.9690,1.9610,83.0000,-1.9690,-1.9680,-84.0000,-1.9690,-1.9850,-84.0000,1.9690,1.9650,86.0000
1785918691.5907,1.9690,1.9730,82.0000,-1.9690,-1.9700,-84.0000,-1.9690,-1.9690,-85.0000,1.9690,1.9780,85.0000
1785918691.6400,1.9690,1.9700,83.0000,-1.9690,-1.9670,-84.0000,-1.9690,-1.9540,-86.0000,1.9690,1.9530,87.0000
1785918691.6900,1.9690,1.9750,82.0000,-1.9690,-1.9620,-85.0000,-1.9690,-1.9800,-84.0000,1.9690,1.9560,87.0000
1785918691.7399,1.9690,1.9810,82.0000,-1.9690,-1.9710,-84.0000,-1.9690,-1.9820,-84.0000,1.9690,1.9820,85.0000
1785918691.7900,1.9690,1.9640,83.0000,-1.9690,-1.9770,-84.0000,-1.9690,-1.9590,-85.0000,1.9690,1.9820,85.0000
1785918691.8400,1.9690,1.9650,83.0000,-1.9690,-1.9710,-84.0000,-1.9690,-1.9590,-85.0000,1.9690,1.9600,87.0000
1785918691.8899,1.9690,1.9670,83.0000,-1.9690,-1.9690,-84.0000,-1.9690,-1.9820,-84.0000,1.9690,1.9600,86.0000
1785918691.9400,1.9690,1.9650,83.0000,-1.9690,-1.9680,-84.0000,-1.9690,-1.9810,-84.0000,1.9690,1.9860,85.0000
1785918691.9900,1.9690,1.9700,82.0000,-1.9690,-1.9720,-84.0000,-1.9690,-1.9520,-86.0000,1.9690,1.9690,86.0000
1785918692.0400,1.9690,1.9700,82.0000,-1.9690,-1.9690,-84.0000,-1.9690,-1.9700,-85.0000,1.9690,1.9590,87.0000
1785918692.0900,1.9690,1.9660,83.0000,-1.9690,-1.9740,-84.0000,-1.9690,-1.9850,-84.0000,1.9690,1.9730,86.0000
1785918692.1400,1.9690,1.9690,83.0000,-1.9690,-1.9790,-83.0000,-1.9690,-1.9710,-85.0000,1.9690,1.9860,85.0000
1785918692.1900,1.9690,1.9720,82.0000,-1.9690,-1.9680,-84.0000,-1.9690,-1.9530,-86.0000,1.9690,1.9660,86.0000
1785918692.2400,1.9690,1.9670,83.0000,-1.9690,-1.9660,-84.0000,-1.9690,-1.9680,-85.0000,1.9690,1.9510,87.0000
1785918692.2900,1.9690,1.9630,83.0000,-1.9690,-1.9720,-84.0000,-1.9690,-1.9830,-84.0000,1.9690,1.9730,86.0000
1785918692.3400,1.9690,1.9750,82.0000,-1.9690,-1.9770,-83.0000,-1.9690,-1.9620,-85.0000,1.9690,1.9820,85.0000
1785918692.3900,1.9690,1.9700,82.0000,-1.9690,-1.9700,-84.0000,-1.9690,-1.9530,-86.0000,1.9690,1.9590,86.0000
1785918692.4400,1.9690,1.9680,83.0000,-1.9690,-1.9650,-84.0000,-1.9690,-1.9800,-84.0000,1.9690,1.9610,86.0000
1785918692.4900,1.9690,1.9650,83.0000,-1.9690,-1.9730,-84.0000,-1.9690,-1.9810,-84.0000,1.9690,1.9840,85.0000
1785918692.5400,1.9690,1.9710,82.0000,-1.9690,-1.9740,-84.0000,-1.9690,-1.9530,-86.0000,1.9690,1.9850,85.0000
1785918692.5905,1.9690,1.9610,83.0000,-1.9690,-1.9630,-84.0000,-1.9690,-1.9630,-85.0000,1.9690,1.9550,87.0000
1785918692.6400,1.9690,1.9650,83.0000,-1.9690,-1.9720,-84.0000,-1.9690,-1.9820,-84.0000,1.9690,1.9670,86.0000
1785918692.6900,1.9690,1.9690,83.0000,-1.9690,-1.9710,-84.0000,-1.9690,-1.9710,-85.0000,1.9690,1.9800,85.0000
1785918692.7400,1.9690,1.9660,83.0000,-1.9690,-1.9740,-84.0000,-1.9690,-1.9520,-86.0000,1.9690,1.9740,85.0000
1785918692.7900,1.9690,1.9640,83.0000,-1.9690,-1.9660,-84.0000,-1.9690,-1.9690,-85.0000,1.9690,1.9590,86.0000
1785918692.8406,1.9690,1.9750,82.0000,-1.9690,-1.9640,-84.0000,-1.9690,-1.9860,-84.0000,1.9690,1.9690,86.0000
1785918692.8900,1.9690,1.9720,83.0000,-1.9690,-1.9740,-83.0000,-1.9690,-1.9660,-85.0000,1.9690,1.9860,85.0000
1785918692.9401,1.9690,1.9680,83.0000,-1.9690,-1.9700,-84.0000,-1.9690,-1.9510,-86.0000,1.9690,1.9680,86.0000
1785918692.9900,1.9690,1.9620,83.0000,-1.9690,-1.9620,-84.0000,-1.9690,-1.9770,-84.0000,1.9690,1.9570,86.0000
1785918693.0400,1.9690,1.9730,83.0000,-1.9690,-1.9690,-84.0000,-1.9690,-1.9860,-84.0000,1.9690,1.9750,85.0000
1785918693.0900,1.9690,1.9720,83.0000,-1.9690,-1.9770,-83.0000,-1.9690,-1.9590,-85.0000,1.9690,1.9860,85.0000
1785918693.1401,1.9690,1.9690,83.0000,-1.9690,-1.9700,-84.0000,-1.9690,-1.9600,-85.0000,1.9690,1.9590,86.0000
1785918693.1902,1.9690,1.9660,83.0000,-1.9690,-1.9610,-84.0000,-1.9690,-1.9810,-84.0000,1.9690,1.9670,86.0000
1785918693.2400,1.9690,1.9730,82.0000,-1.9690,-1.9710,-84.0000,-1.9690,-1.9790,-84.0000,1.9690,1.9840,85.0000
1785918693.2901,1.9690,1.9720,83.0000,-1.9690,-1.9780,-83.0000,-1.9690,-1.9510,-86.0000,1.9690,1.9760,85.0000
1785918693.3400,1.9690,1.9670,83.0000,-1.9690,-1.9670,-84.0000,-1.9690,-1.9740,-84.0000,1.9690,1.9490,87.0000
1785918693.3900,1.9690,1.9650,83.0000,-1.9690,-1.9620,-84.0000,-1.9690,-1.9840,-84.0000,1.9690,1.9710,85.0000
1785918693.4400,1.9690,1.9750,82.0000,-1.9690,-1.9720,-84.0000,-1.9690,-1.9710,-85.0000,1.9690,1.9870,84.0000
1785918693.4900,1.9690,1.9630,83.0000,-1.9690,-1.9730,-83.0000,-1.9690,-1.9520,-86.0000,1.9690,1.9660,86.0000
1785918693.5401,1.9690,1.9670,83.0000,-1.9690,-1.9670,-84.0000,-1.9690,-1.9750,-84.0000,1.9690,1.9610,86.0000
1785918693.5900,1.9690,1.9720,83.0000,-1.9690,-1.9680,-84.0000,-1.9690,-1.9840,-84.0000,1.9690,1.9740,85.0000
1785918693.6400,1.9690,1.9770,82.0000,-1.9690,-1.9740,-83.0000,-1.9690,-1.9610,-85.0000,1.9690,1.9790,85.0000
1785918693.6901,1.9690,1.9660,83.0000,-1.9690,-1.9640,-84.0000,-1.9690,-1.9580,-85.0000,1.9690,1.9590,86.0000
1785918693.7408,1.9690,1.9630,83.0000,-1.9690,-1.9640,-84.0000,-1.9690,-1.9780,-84.0000,1.9690,1.9630,86.0000
1785918693.7900,1.9690,1.9720,83.0000,-1.9690,-1.9780,-83.0000,-1.9690,-1.9780,-84.0000,1.9690,1.9870,84.0000
1785918693.8401,1.9690,1.9750,82.0000,-1.9690,-1.9770,-83.0000,-1.9690,-1.9530,-86.0000,1.9690,1.9710,85.0000
1785918693.8901,1.9690,1.9550,83.0000,-1.9690,-1.9690,-84.0000,-1.9690,-1.9700,-85.0000,1.9690,1.9560,86.0000
1785918693.9400,1.9690,1.9690,83.0000,-1.9690,-1.9610,-84.0000,-1.9690,-1.9790,-84.0000,1.9690,1.9630,86.0000
1785918693.9901,1.9690,1.9740,82.0000,-1.9690,-1.9750,-83.0000,-1.9690,-1.9700,-85.0000,1.9690,1.9870,84.0000
1785918694.0401,1.9690,1.9750,82.0000,-1.9690,-1.9740,-83.0000,-1.9690,-1.9500,-86.0000,1.9690,1.9660,86.0000
1785918694.0901,1.9690,1.9700,83.0000,-1.9690,-1.9640,-84.0000,-1.9690,-1.9820,-84.0000,1.9690,1.9540,86.0000
1785918694.1408,1.9690,1.9650,83.0000,-1.9690,-1.9680,-84.0000,-1.9690,-1.9890,-83.0000,1.9690,1.9780,85.0000
1785918694.1901,1.9690,1.9740,82.0000,-1.9690,-1.9750,-83.0000,-1.9690,-1.9600,-85.0000,1.9690,1.9860,84.0000
1785918694.2405,1.9690,1.9670,83.0000,-1.9690,-1.9690,-84.0000,-1.9690,-1.9590,-85.0000,1.9690,1.9560,86.0000
1785918694.2901,1.9690,1.9690,83.0000,-1.9690,-1.9650,-84.0000,-1.9690,-1.9830,-84.0000,1.9690,1.9580,86.0000
1785918694.3401,1.9690,1.9720,83.0000,-1.9690,-1.9680,-84.0000,-1.9690,-1.9810,-84.0000,1.9690,1.9780,85.0000
1785918694.3901,1.9690,1.9770,82.0000,-1.9690,-1.9720,-83.0000,-1.9690,-1.9530,-85.0000,1.9690,1.9680,86.0000
1785918694.4401,1.9690,1.9630,83.0000,-1.9690,-1.9670,-84.0000,-1.9690,-1.9590,-85.0000,1.9690,1.9490,87.0000
1785918694.4901,1.9690,1.9640,83.0000,-1.9690,-1.9660,-84.0000,-1.9690,-1.9870,-84.0000,1.9690,1.9630,86.0000
1785918694.5401,1.7290,1.9570,63.0000,-1.7290,-1.9570,-63.0000,-1.7290,-1.9660,-64.0000,1.7290,1.9730,65.0000
1785918694.5900,1.1290,1.4280,38.0000,-1.1290,-1.4070,-39.0000,-1.1290,-1.4960,-35.0000,1.1290,1.4950,36.0000
1785918694.6401,0.5290,0.8140,14.0000,-0.5290,-0.8010,-14.0000,-0.5290,-0.8860,-9.0000,0.5290,0.8830,11.0000
1785918694.6901,-0.0710,0.1730,-19.0000,0.0710,-0.1500,18.0000,0.0710,-0.2130,23.0000,-0.0710,0.2190,-21.0000
1785918694.7401,-0.6710,-0.5240,-46.0000,0.6710,0.5410,46.0000,0.6710,0.5080,49.0000,-0.6710,-0.5330,-46.0000
1785918694.7901,-1.2710,-1.1220,-71.0000,1.2710,1.1410,71.0000,1.2710,1.0980,76.0000,-1.2710,-1.1230,-72.0000
1785918694.8401,-1.8710,-1.7320,-94.0000,1.8710,1.7340,97.0000,1.8710,1.7480,98.0000,-1.8710,-1.7700,-94.0000
1785918694.8901,-1.9690,-2.1140,-87.0000,1.9690,2.1250,89.0000,1.9690,2.1510,90.0000,-1.9690,-2.1380,-87.0000
1785918694.9401,-1.9690,-2.0960,-89.0000,1.9690,2.0940,91.0000,1.9690,2.1100,93.0000,-1.9690,-2.1190,-89.0000
1785918694.9901,-1.9690,-2.0980,-88.0000,1.9690,2.0950,90.0000,1.9690,2.1110,91.0000,-1.9690,-2.1290,-87.0000
1785918695.0401,-1.9690,-2.0780,-88.0000,1.9690,2.0800,90.0000,1.9690,2.1150,89.0000,-1.9690,-2.1280,-85.0000
1785918695.0901,-1.9690,-2.0630,-87.0000,1.9690,2.0740,89.0000,1.9690,2.0990,89.0000,-1.9690,-2.0880,-86.0000
1785918695.1404,-1.9690,-2.0530,-87.0000,1.9690,2.0610,88.0000,1.9690,2.0630,89.0000,-1.9690,-2.0550,-86.0000
1785918695.1902,-1.9690,-2.0400,-86.0000,1.9690,2.0350,89.0000,1.9690,2.0380,89.0000,-1.9690,-2.0560,-85.0000
1785918695.2401,-1.9690,-2.0300,-86.0000,1.9690,2.0310,88.0000,1.9690,2.0480,88.0000,-1.9690,-2.0770,-82.0000
1785918695.2901,-1.9690,-2.0190,-86.0000,1.9690,2.0330,87.0000,1.9690,2.0520,86.0000,-1.9690,-2.0480,-83.0000
1785918695.3401,-1.9690,-2.0130,-85.0000,1.9690,2.0210,87.0000,1.9690,2.0210,87.0000,-1.9690,-2.0090,-84.0000
1785918695.3902,-1.9690,-2.0020,-85.0000,1.9690,2.0040,87.0000,1.9690,1.9930,88.0000,-1.9690,-2.0190,-83.0000
1785918695.4401,-1.9690,-2.0010,-85.0000,1.9690,2.0040,86.0000,1.9690,2.0100,87.0000,-1.9690,-2.0280,-82.0000
1785918695.4902,-1.9690,-2.0000,-85.0000,1.9690,2.0030,86.0000,1.9690,2.0240,85.0000,-1.9690,-2.0080,-82.0000
1785918695.5401,-1.9690,-1.9880,-85.0000,1.9690,1.9960,86.0000,1.9690,1.9900,87.0000,-1.9690,-1.9790,-84.0000
1785918695.5901,-1.9690,-1.9890,-85.0000,1.9690,1.9890,86.0000,1.9690,1.9750,87.0000,-1.9690,-1.9910,-82.0000
1785918695.6402,-1.9690,-1.9870,-84.0000,1.9690,1.9930,85.0000,1.9690,1.9990,86.0000,-1.9690,-2.0090,-81.0000
1785918695.6902,-1.9690,-1.9840,-84.0000,1.9690,1.9930,85.0000,1.9690,2.0050,85.0000,-1.9690,-1.9820,-82.0000
1785918695.7401,-1.9690,-1.9820,-84.0000,1.9690,1.9830,85.0000,1.9690,1.9760,86.0000,-1.9690,-1.9600,-83.0000
1785918695.7902,-1.9690,-1.9730,-85.0000,1.9690,1.9760,86.0000,1.9690,1.9670,87.0000,-1.9690,-1.9790,-82.0000
1785918695.8402,-1.9690,-1.9840,-84.0000,1.9690,1.9890,85.0000,1.9690,1.9900,85.0000,-1.9690,-1.9970,-81.0000
1785918695.8903,-1.9690,-1.9790,-84.0000,1.9690,1.9810,85.0000,1.9690,1.9950,85.0000,-1.9690,-1.9620,-83.0000
1785918695.9401,-1.9690,-1.9770,-84.0000,1.9690,1.9710,85.0000,1.9690,1.9630,86.0000,-1.9690,-1.9620,-83.0000
1785918695.9902,-1.9690,-1.9690,-84.0000,1.9690,1.9730,85.0000,1.9690,1.9700,86.0000,-1.9690,-1.9770,-82.0000
1785918696.0402,-1.9690,-1.9730,-84.0000,1.9690,1.9800,85.0000,1.9690,1.9880,85.0000,-1.9690,-1.9850,-81.0000
1785918696.0902,-1.9690,-1.9700,-84.0000,1.9690,1.9760,85.0000,1.9690,1.9780,85.0000,-1.9690,-1.9610,-83.0000
1785918696.1402,-1.9690,-1.9630,-85.0000,1.9690,1.9690,85.0000,1.9690,1.9540,87.0000,-1.9690,-1.9760,-82.0000
1785918696.1902,-1.9690,-1.9740,-84.0000,1.9690,1.9750,85.0000,1.9690,1.9740,85.0000,-1.9690,-1.9970,-80.0000
1785918696.2401,-1.9690,-1.9750,-84.0000,1.9690,1.9800,84.0000,1.9690,1.9880,84.0000,-1.9690,-1.9730,-82.0000
1785918696.2901,-1.9690,-1.9730,-84.0000,1.9690,1.9740,85.0000,1.9690,1.9700,85.0000,-1.9690,-1.9630,-82.0000
1785918696.3401,-1.9690,-1.9710,-84.0000,1.9690,1.9640,85.0000,1.9690,1.9510,87.0000,-1.9690,-1.9700,-82.0000
1785918696.3902,-1.9690,-1.9740,-84.0000,1.9690,1.9770,84.0000,1.9690,1.9800,85.0000,-1.9690,-1.9930,-80.0000
1785918696.4401,-1.9690,-1.9740,-84.0000,1.9690,1.9720,85.0000,1.9690,1.9890,84.0000,-1.9690,-1.9660,-82.0000
1785918696.4901,-1.9690,-1.9720,-84.0000,1.9690,1.9690,85.0000,1.9690,1.9570,86.0000,-1.9690,-1.9540,-83.0000
1785918696.5405,-1.9690,-1.9650,-84.0000,1.9690,1.9650,85.0000,1.9690,1.9550,86.0000,-1.9690,-1.9800,-81.0000
1785918696.5901,-1.9690,-1.9720,-84.0000,1.9690,1.9760,84.0000,1.9690,1.9800,85.0000,-1.9690,-1.9810,-81.0000
1785918696.6401,-1.9690,-1.9700,-84.0000,1.9690,1.9760,84.0000,1.9690,1.9700,85.0000,-1.9690,-1.9560,-82.0000
1785918696.6902,-1.9690,-1.9680,-84.0000,1.9690,1.9660,85.0000,1.9690,1.9530,86.0000,-1.9690,-1.9490,-83.0000
1785918696.7403,-1.9690,-1.9700,-84.0000,1.9690,1.9650,85.0000,1.9690,1.9690,86.0000,-1.9690,-1.9850,-81.0000
1785918696.7902,-1.9690,-1.9720,-84.0000,1.9690,1.9800,84.0000,1.9690,1.9880,84.0000,-1.9690,-1.9700,-82.0000
1785918696.8402,-1.9690,-1.9720,-84.0000,1.9690,1.9720,85.0000,1.9690,1.9660,86.0000,-1.9690,-1.9520,-83.0000
1785918696.8902,-1.9690,-1.9650,-84.0000,1.9690,1.9610,85.0000,1.9690,1.9570,86.0000,-1.9690,-1.9670,-82.0000
1785918696.9401,-1.9690,-1.9700,-84.0000,1.9690,1.9710,85.0000,1.9690,1.9730,85.0000,-1.9690,-1.9900,-80.0000
1785918696.9902,-1.9690,-1.9760,-83.0000,1.9690,1.9770,84.0000,1.9690,1.9840,85.0000,-1.9690,-1.9700,-82.0000
1785918697.0402,-1.9690,-1.9690,-84.0000,1.9690,1.9690,85.0000,1.9690,1.9570,86.0000,-1.9690,-1.9500,-83.0000
1785918697.0902,-1.9690,-1.9650,-84.0000,1.9690,1.9580,85.0000,1.9690,1.9510,87.0000,-1.9690,-1.9800,-81.0000
1785918697.1403,-1.9690,-1.9720,-84.0000,1.9690,1.9680,85.0000,1.9690,1.9830,85.0000,-1.9690,-1.9840,-81.0000
1785918697.1903,-1.9690,-1.9740,-83.0000,1.9690,1.9740,84.0000,1.9690,1.9790,85.0000,-1.9690,-1.9600,-82.0000
1785918697.2403,-1.9690,-1.9680,-84.0000,1.9690,1.9660,85.0000,1.9690,1.9530,86.0000,-1.9690,-1.9580,-82.0000
1785918697.2902,-1.9690,-1.9660,-84.0000,1.9690,1.9660,85.0000,1.9690,1.9640,86.0000,-1.9690,-1.9780,-81.0000
1785918697.3403,-1.9690,-1.9720,-83.0000,1.9690,1.9750,84.0000,1.9690,1.9910,84.0000,-1.9690,-1.9830,-81.0000
1785918697.3904,-1.9690,-1.9680,-84.0000,1.9690,1.9710,85.0000,1.9690,1.9710,85.0000,-1.9690,-1.9530,-83.0000
1785918697.4403,-1.9690,-1.9700,-84.0000,1.9690,1.9610,85.0000,1.9690,1.9510,87.0000,-1.9690,-1.9670,-82.0000
1785918697.4909,-1.9690,-1.9660,-84.0000,1.9690,1.9660,85.0000,1.9690,1.9720,85.0000,-1.9690,-1.9810,-81.0000
1785918697.5402,-1.9690,-1.9690,-84.0000,1.9690,1.9770,84.0000,1.9690,1.9860,84.0000,-1.9690,-1.9710,-81.0000
1785918697.5903,-1.9690,-1.9670,-84.0000,1.9690,1.9680,85.0000,1.9690,1.9620,86.0000,-1.9690,-1.9490,-83.0000
1785918697.6403,-1.9690,-1.9700,-84.0000,1.9690,1.9600,85.0000,1.9690,1.9550,86.0000,-1.9690,-1.9710,-82.0000
1785918697.6903,-1.9690,-1.9700,-84.0000,1.9690,1.9710,85.0000,1.9690,1.9820,85.0000,-1.9690,-1.9730,-81.0000
1785918697.7403,-1.9690,-1.9700,-84.0000,1.9690,1.9760,84.0000,1.9690,1.9840,85.0000,-1.9690,-1.9610,-82.0000
1785918697.7910,-1.9690,-1.9710,-84.0000,1.9690,1.9690,85.0000,1.9690,1.9550,86.0000,-1.9690,-1.9490,-83.0000
1785918697.8403,-1.9690,-1.9620,-84.0000,1.9690,1.9620,85.0000,1.9690,1.9590,86.0000,-1.9690,-1.9800,-81.0000
1785918697.8902,-1.9690,-1.9690,-84.0000,1.9690,1.9750,84.0000,1.9690,1.9870,84.0000,-1.9690,-1.9780,-81.0000
1785918697.9403,-1.9690,-1.9710,-84.0000,1.9690,1.9730,84.0000,1.9690,1.9760,85.0000,-1.9690,-1.9520,-83.0000
1785918697.9903,-1.9690,-1.9700,-84.0000,1.9690,1.9650,85.0000,1.9690,1.9500,87.0000,-1.9690,-1.9690,-82.0000
1785918698.0403,-1.9690,-1.9640,-84.0000,1.9690,1.9680,85.0000,1.9690,1.9670,86.0000,-1.9690,-1.9920,-81.0000
1785918698.0904,-1.9690,-1.9700,-84.0000,1.9690,1.9750,84.0000,1.9690,1.9880,84.0000,-1.9690,-1.9690,-82.0000
1785918698.1403,-1.9690,-1.9710,-84.0000,1.9690,1.9670,85.0000,1.9690,1.9630,86.0000,-1.9690,-1.9540,-83.0000
1785918698.1910,-1.9690,-1.9600,-84.0000,1.9690,1.9610,85.0000,1.9690,1.9580,86.0000,-1.9690,-1.9690,-82.0000
1785918698.2402,-1.9690,-1.9700,-84.0000,1.9690,1.9680,85.0000,1.9690,1.9770,85.0000,-1.9690,-1.9900,-81.0000
1785918698.2904,-1.9690,-1.9700,-84.0000,1.9690,1.9770,84.0000,1.9690,1.9810,85.0000,-1.9690,-1.9620,-82.0000
1785918698.3403,-1.9690,-1.9720,-84.0000,1.9690,1.9670,85.0000,1.9690,1.9570,86.0000,-1.9690,-1.9550,-83.0000
1785918698.3905,-1.9690,-1.9680,-84.0000,1.9690,1.9610,85.0000,1.9690,1.9610,86.0000,-1.9690,-1.9770,-81.0000
1785918698.4403,-1.9690,-1.9710,-84.0000,1.9690,1.9730,84.0000,1.9690,1.9860,84.0000,-1.9690,-1.9870,-81.0000
1785918698.4903,-1.9690,-1.9720,-83.0000,1.9690,1.9760,84.0000,1.9690,1.9780,85.0000,-1.9690,-1.9570,-82.0000
1785918698.5403,-1.9690,-1.9650,-84.0000,1.9690,1.9670,85.0000,1.9690,1.9480,87.0000,-1.9690,-1.9670,-82.0000
1785918698.5903,-1.9690,-1.9710,-84.0000,1.9690,1.9650,85.0000,1.9690,1.9730,85.0000,-1.9690,-1.9860,-81.0000
1785918698.6403,-1.9690,-1.9700,-84.0000,1.9690,1.9740,84.0000,1.9690,1.9870,84.0000,-1.9690,-1.9690,-82.0000
1785918698.6904,-1.9690,-1.9750,-83.0000,1.9690,1.9700,85.0000,1.9690,1.9710,85.0000,-1.9690,-1.9490,-83.0000
1785918698.7411,-1.9690,-1.9610,-84.0000,1.9690,1.9610,85.0000,1.9690,1.9500,86.0000,-1.9690,-1.9580,-82.0000
1785918698.7903,-1.9690,-1.9720,-83.0000,1.9690,1.9680,85.0000,1.9690,1.9710,85.0000,-1.9690,-1.9870,-81.0000
1785918698.8403,-1.9690,-1.9680,-84.0000,1.9690,1.9790,84.0000,1.9690,1.9910,84.0000,-1.9690,-1.9700,-82.0000
1785918698.8903,-1.9690,-1.9720,-83.0000,1.9690,1.9680,85.0000,1.9690,1.9600,86.0000,-1.9690,-1.9530,-83.0000
1785918698.9403,-1.9690,-1.9690,-84.0000,1.9690,1.9610,85.0000,1.9690,1.9550,86.0000,-1.9690,-1.9730,-82.0000
1785918698.9903,-1.9690,-1.9720,-83.0000,1.9690,1.9760,84.0000,1.9690,1.9840,84.0000,-1.9690,-1.9870,-81.0000
1785918699.0403,-1.9690,-1.9710,-83.0000,1.9690,1.9750,84.0000,1.9690,1.9780,85.0000,-1.9690,-1.9610,-82.0000
1785918699.0903,-1.9690,-1.9670,-84.0000,1.9690,1.9610,85.0000,1.9690,1.9530,86.0000,-1.9690,-1.9550,-83.0000
1785918699.1405,-1.9690,-1.9680,-84.0000,1.9690,1.9640,85.0000,1.9690,1.9640,86.0000,-1.9690,-1.9820,-81.0000
1785918699.1903,-1.9690,-1.9710,-83.0000,1.9690,1.9760,84.0000,1.9690,1.9870,84.0000,-1.9690,-1.9760,-81.0000
1785918699.2410,-1.9690,-1.9730,-83.0000,1.9690,1.9720,84.0000,1.9690,1.9750,85.0000,-1.9690,-1.9580,-82.0000
1785918699.2903,-1.9690,-1.9600,-84.0000,1.9690,1.9620,85.0000,1.9690,1.9470,87.0000,-1.9690,-1.9680,-82.0000
1785918699.3403,-1.9690,-1.9620,-84.0000,1.9690,1.9670,85.0000,1.9690,1.9760,85.0000,-1.9690,-1.9860,-81.0000
1785918699.3903,-1.8490,-1.9740,-73.0000,1.8490,1.9770,74.0000,1.8490,1.9890,74.0000,-1.8490,-1.9720,-71.0000
1785918699.4410,-1.3250,-1.5640,-49.0000,1.3250,1.5590,49.0000,1.3250,1.6110,47.0000,-1.3250,-1.5370,-48.0000
1785918699.4903,-1.3250,-1.2990,-59.0000,1.3250,1.2980,59.0000,1.3250,1.2840,61.0000,-1.3250,-1.3070,-56.0000
1785918699.5417,-1.3250,-1.3060,-57.0000,1.3250,1.2960,58.0000,1.3250,1.2830,59.0000,-1.3250,-1.2960,-56.0000
1785918699.5913,-1.3250,-1.3000,-57.0000,1.3250,1.3030,58.0000,1.3250,1.2990,58.0000,-1.3250,-1.3100,-55.0000
1785918699.6414,-1.3250,-1.2990,-58.0000,1.3250,1.2920,58.0000,1.3250,1.2780,60.0000,-1.3250,-1.2930,-56.0000
1785918699.6918,-1.3250,-1.3010,-58.0000,1.3250,1.3110,58.0000,1.3250,1.3090,58.0000,-1.3250,-1.3100,-55.0000
1785918699.7413,-1.3250,-1.3030,-58.0000,1.3250,1.3000,59.0000,1.3250,1.2850,60.0000,-1.3250,-1.2980,-56.0000
1785918699.7913,-1.3250,-1.3120,-58.0000,1.3250,1.3140,58.0000,1.3250,1.3230,58.0000,-1.3250,-1.3190,-55.0000
1785918699.8413,-1.3250,-1.3100,-58.0000,1.3250,1.3030,59.0000,1.3250,1.2910,60.0000,-1.3250,-1.3090,-56.0000
1785918699.8914,-1.3250,-1.3140,-58.0000,1.3250,1.3170,58.0000,1.3250,1.3280,58.0000,-1.3250,-1.3160,-56.0000
1785918699.9413,-1.3250,-1.3110,-58.0000,1.3250,1.3070,59.0000,1.3250,1.2920,61.0000,-1.3250,-1.3110,-56.0000
1785918699.9920,-1.3250,-1.3180,-58.0000,1.3250,1.3240,58.0000,1.3250,1.3290,59.0000,-1.3250,-1.3220,-56.0000
1785918700.0413,-1.3250,-1.3120,-59.0000,1.3250,1.3090,59.0000,1.3250,1.3030,60.0000,-1.3250,-1.3130,-56.0000
1785918700.0919,-1.3250,-1.3210,-58.0000,1.3250,1.3300,58.0000,1.3250,1.3280,59.0000,-1.3250,-1.3200,-56.0000
1785918700.1413,-1.3250,-1.3170,-58.0000,1.3250,1.3100,59.0000,1.3250,1.3040,61.0000,-1.3250,-1.3170,-56.0000
1785918700.1914,-1.3250,-1.3220,-58.0000,1.3250,1.3270,59.0000,1.3250,1.3340,59.0000,-1.3250,-1.3210,-56.0000
1785918700.2413,-1.3250,-1.3180,-59.0000,1.3250,1.3120,60.0000,1.3250,1.3090,60.0000,-1.3250,-1.3160,-57.0000
1785918700.2913,-1.3250,-1.3240,-58.0000,1.3250,1.3310,58.0000,1.3250,1.3300,59.0000,-1.3250,-1.3190,-56.0000
1785918700.3413,-1.3250,-1.3150,-59.0000,1.3250,1.3130,60.0000,1.3250,1.3070,61.0000,-1.3250,-1.3240,-56.0000
1785918700.3913,-1.3250,-1.3290,-58.0000,1.3250,1.3280,59.0000,1.3250,1.3380,59.0000,-1.3250,-1.3190,-56.0000
1785918700.4420,-1.3250,-1.3190,-59.0000,1.3250,1.3160,59.0000,1.3250,1.3130,60.0000,-1.3250,-1.3250,-56.0000
1785918700.4917,-1.3250,-1.3300,-58.0000,1.3250,1.3300,59.0000,1.3250,1.3350,59.0000,-1.3250,-1.3210,-56.0000
1785918700.5420,-1.3250,-1.3200,-59.0000,1.3250,1.3100,60.0000,1.3250,1.3120,61.0000,-1.3250,-1.3270,-56.0000
1785918700.5914,-1.3250,-1.3280,-58.0000,1.3250,1.3290,59.0000,1.3250,1.3360,59.0000,-1.3250,-1.3220,-56.0000
1785918700.6418,-1.3250,-1.3180,-59.0000,1.3250,1.3130,60.0000,1.3250,1.3140,60.0000,-1.3250,-1.3300,-56.0000
1785918700.6914,-1.3250,-1.3300,-58.0000,1.3250,1.3320,59.0000,1.3250,1.3300,60.0000,-1.3250,-1.3130,-57.0000
1785918700.7414,-1.3250,-1.3180,-59.0000,1.3250,1.3150,60.0000,1.3250,1.3200,60.0000,-1.3250,-1.3280,-56.0000
1785918700.7929,-1.3250,-1.3270,-58.0000,1.3250,1.3300,59.0000,1.3250,1.3330,59.0000,-1.3250,-1.2980,-58.0000
1785918700.8421,-1.3250,-1.3200,-59.0000,1.3250,1.3170,59.0000,1.3250,1.3210,60.0000,-1.3250,-1.3220,-57.0000
1785918700.8921,-1.3250,-1.3310,-58.0000,1.3250,1.3300,59.0000,1.3250,1.3260,60.0000,-1.3250,-1.3020,-58.0000
1785918700.9414,-1.3250,-1.3210,-59.0000,1.3250,1.3220,59.0000,1.3250,1.3200,60.0000,-1.3250,-1.3270,-57.0000
1785918700.9914,-1.3250,-1.3260,-58.0000,1.3250,1.3270,59.0000,1.3250,1.3280,60.0000,-1.3250,-1.3090,-58.0000
1785918701.0414,-1.3250,-1.3250,-58.0000,1.3250,1.3200,59.0000,1.3250,1.3210,60.0000,-1.3250,-1.3340,-56.0000
1785918701.0914,-1.3250,-1.3330,-58.0000,1.3250,1.3260,59.0000,1.3250,1.3270,60.0000,-1.3250,-1.3100,-58.0000
1785918701.1414,-1.3250,-1.3220,-59.0000,1.3250,1.3210,59.0000,1.3250,1.3260,60.0000,-1.3250,-1.3340,-56.0000
1785918701.1914,-1.3250,-1.3320,-58.0000,1.3250,1.3280,59.0000,1.3250,1.3260,60.0000,-1.3250,-1.3110,-58.0000
1785918701.2414,-1.3250,-1.3200,-59.0000,1.3250,1.3220,59.0000,1.3250,1.3280,60.0000,-1.3250,-1.3370,-56.0000
1785918701.2914,-1.3250,-1.3250,-58.0000,1.3250,1.3280,59.0000,1.3250,1.3200,60.0000,-1.3250,-1.3100,-58.0000
1785918701.3414,-1.3250,-1.3250,-58.0000,1.3250,1.3240,59.0000,1.3250,1.3290,60.0000,-1.3250,-1.3410,-56.0000
1785918701.3915,-1.3250,-1.3330,-58.0000,1.3250,1.3270,59.0000,1.3250,1.3190,60.0000,-1.3250,-1.3090,-58.0000
1785918701.4414,-1.3250,-1.3280,-58.0000,1.3250,1.3280,59.0000,1.3250,1.3260,60.0000,-1.3250,-1.3410,-56.0000
1785918701.4917,-1.3250,-1.3340,-58.0000,1.3250,1.3280,59.0000,1.3250,1.3220,60.0000,-1.3250,-1.3150,-58.0000
1785918701.5414,-1.3250,-1.3220,-59.0000,1.3250,1.3230,59.0000,1.3250,1.3290,60.0000,-1.3250,-1.3390,-56.0000
1785918701.5914,-1.3250,-1.3260,-58.0000,1.3250,1.3300,59.0000,1.3250,1.3190,60.0000,-1.3250,-1.3120,-58.0000
1785918701.6415,-1.3250,-1.3220,-58.0000,1.3250,1.3220,59.0000,1.3250,1.3310,59.0000,-1.3250,-1.3290,-57.0000
1785918701.6915,-1.3250,-1.3330,-58.0000,1.3250,1.3270,59.0000,1.3250,1.3170,60.0000,-1.3250,-1.3110,-58.0000
1785918701.7421,-1.3250,-1.3290,-58.0000,1.3250,1.3260,59.0000,1.3250,1.3350,59.0000,-1.3250,-1.3320,-57.0000
1785918701.7914,-1.3250,-1.3240,-58.0000,1.3250,1.3240,59.0000,1.3250,1.3150,60.0000,-1.3250,-1.3160,-58.0000
1785918701.8414,-1.3250,-1.3280,-58.0000,1.3250,1.3290,59.0000,1.3250,1.3360,59.0000,-1.3250,-1.3320,-57.0000
1785918701.8914,-1.3250,-1.3260,-58.0000,1.3250,1.3240,59.0000,1.3250,1.3160,60.0000,-1.3250,-1.3150,-58.0000
1785918701.9414,-1.3250,-1.3220,-58.0000,1.3250,1.3340,58.0000,1.3250,1.3360,59.0000,-1.3250,-1.3330,-57.0000
1785918701.9914,-1.3250,-1.3280,-58.0000,1.3250,1.3200,59.0000,1.3250,1.3140,60.0000,-1.3250,-1.3190,-58.0000
1785918702.0414,-1.3250,-1.3230,-58.0000,1.3250,1.3320,59.0000,1.3250,1.3380,59.0000,-1.3250,-1.3340,-57.0000
1785918702.0914,-1.3250,-1.3220,-58.0000,1.3250,1.3210,59.0000,1.3250,1.3120,60.0000,-1.3250,-1.3180,-58.0000
1785918702.1418,-1.3250,-1.3200,-59.0000,1.3250,1.3330,59.0000,1.3250,1.3380,59.0000,-1.3250,-1.3360,-57.0000
1785918702.1915,-1.3250,-1.3210,-59.0000,1.3250,1.3180,59.0000,1.3250,1.3110,61.0000,-1.3250,-1.3170,-58.0000
1785918702.2414,-1.3250,-1.3230,-58.0000,1.3250,1.3350,58.0000,1.3250,1.3390,59.0000,-1.3250,-1.3360,-57.0000
1785918702.2914,-1.3250,-1.3210,-59.0000,1.3250,1.3170,59.0000,1.3250,1.3090,61.0000,-1.3250,-1.3180,-58.0000
1785918702.3414,-1.3250,-1.3240,-58.0000,1.3250,1.3360,58.0000,1.3250,1.3430,59.0000,-1.3250,-1.3320,-57.0000
1785918702.3915,-1.3250,-1.3250,-58.0000,1.3250,1.3160,60.0000,1.3250,1.3080,61.0000,-1.3250,-1.3280,-57.0000
1785918702.4421,-1.3250,-1.3230,-59.0000,1.3250,1.3330,59.0000,1.3250,1.3410,59.0000,-1.3250,-1.3320,-57.0000
1785918702.4915,-1.3250,-1.3180,-59.0000,1.3250,1.3170,59.0000,1.3250,1.3070,61.0000,-1.3250,-1.3190,-58.0000
1785918702.5415,-1.3250,-1.3220,-59.0000,1.3250,1.3340,58.0000,1.3250,1.3350,59.0000,-1.3250,-1.3330,-57.0000
1785918702.5914,-1.3250,-1.3190,-59.0000,1.3250,1.3150,60.0000,1.3250,1.3100,61.0000,-1.3250,-1.3260,-57.0000
1785918702.6414,-1.3250,-1.3260,-58.0000,1.3250,1.3340,58.0000,1.3250,1.3410,59.0000,-1.3250,-1.3290,-57.0000
1785918702.6915,-1.3250,-1.3190,-59.0000,1.3250,1.3150,60.0000,1.3250,1.3070,61.0000,-1.3250,-1.3230,-57.0000
1785918702.7414,-1.3250,-1.3260,-58.0000,1.3250,1.3370,58.0000,1.3250,1.3370,59.0000,-1.3250,-1.3220,-57.0000
1785918702.7914,-1.3250,-1.3190,-59.0000,1.3250,1.3170,59.0000,1.3250,1.3090,61.0000,-1.3250,-1.3300,-57.0000
1785918702.8415,-1.3250,-1.3300,-58.0000,1.3250,1.3330,59.0000,1.3250,1.3400,59.0000,-1.3250,-1.3250,-57.0000
1785918702.8914,-1.3250,-1.3210,-59.0000,1.3250,1.3170,59.0000,1.3250,1.3080,61.0000,-1.3250,-1.3280,-57.0000
1785918702.9414,-1.3250,-1.3320,-58.0000,1.3250,1.3340,58.0000,1.3250,1.3460,59.0000,-1.3250,-1.3220,-57.0000
1785918702.9915,-1.3250,-1.3210,-59.0000,1.3250,1.3110,60.0000,1.3250,1.3110,61.0000,-1.3250,-1.3250,-57.0000
1785918703.0415,-1.3250,-1.3290,-58.0000,1.3250,1.3320,59.0000,1.3250,1.3420,59.0000,-1.3250,-1.3170,-57.0000
1785918703.0914,-1.3250,-1.3200,-59.0000,1.3250,1.3150,60.0000,1.3250,1.3130,60.0000,-1.3250,-1.3250,-57.0000
1785918703.1423,-1.3250,-1.3280,-58.0000,1.3250,1.3330,59.0000,1.3250,1.3390,59.0000,-1.3250,-1.3130,-58.0000
1785918703.1915,-1.3250,-1.3210,-58.0000,1.3250,1.3200,59.0000,1.3250,1.3140,60.0000,-1.3250,-1.3270,-57.0000
1785918703.2414,-1.3250,-1.3310,-58.0000,1.3250,1.3290,59.0000,1.3250,1.3360,59.0000,-1.3250,-1.3160,-58.0000
1785918703.2914,-1.3250,-1.3190,-59.0000,1.3250,1.3210,59.0000,1.3250,1.3120,60.0000,-1.3250,-1.3350,-57.0000
1785918703.3415,-1.3250,-1.3340,-58.0000,1.3250,1.3270,59.0000,1.3250,1.3280,60.0000,-1.3250,-1.3130,-58.0000
1785918703.3918,-1.3250,-1.3200,-58.0000,1.3250,1.3200,59.0000,1.3250,1.3170,60.0000,-1.3250,-1.3330,-57.0000
1785918703.4415,-1.3250,-1.3280,-58.0000,1.3250,1.3260,59.0000,1.3250,1.3360,59.0000,-1.3250,-1.3130,-58.0000
1785918703.4915,-1.3250,-1.3200,-58.0000,1.3250,1.3210,59.0000,1.3250,1.3150,60.0000,-1.3250,-1.3290,-57.0000
1785918703.5421,-1.3250,-1.3280,-58.0000,1.3250,1.3310,59.0000,1.3250,1.3350,59.0000,-1.3250,-1.3150,-58.0000
1785918703.5915,-1.3250,-1.3190,-59.0000,1.3250,1.3150,60.0000,1.3250,1.3180,60.0000,-1.3250,-1.3400,-56.0000
1785918703.6415,-1.3250,-1.3320,-58.0000,1.3250,1.3310,59.0000,1.3250,1.3330,59.0000,-1.3250,-1.3160,-58.0000
1785918703.6915,-1.3250,-1.3180,-59.0000,1.3250,1.3190,59.0000,1.3250,1.3210,60.0000,-1.3250,-1.3380,-56.0000
1785918703.7415,-1.3250,-1.3320,-58.0000,1.3250,1.3270,59.0000,1.3250,1.3300,59.0000,-1.3250,-1.3150,-58.0000
1785918703.7915,-1.3250,-1.3210,-58.0000,1.3250,1.3200,59.0000,1.3250,1.3200,60.0000,-1.3250,-1.3410,-56.0000
1785918703.8415,-1.3250,-1.3340,-58.0000,1.3250,1.3300,59.0000,1.3250,1.3270,60.0000,-1.3250,-1.3150,-58.0000
1785918703.8915,-1.3250,-1.3200,-59.0000,1.3250,1.3210,59.0000,1.3250,1.3230,60.0000,-1.3250,-1.3430,-56.0000
1785918703.9415,-1.3250,-1.3310,-58.0000,1.3250,1.3260,59.0000,1.3250,1.3270,60.0000,-1.3250,-1.3100,-58.0000
1785918703.9915,-1.3250,-1.3210,-59.0000,1.3250,1.3210,59.0000,1.3250,1.3190,60.0000,-1.3250,-1.3410,-56.0000
1785918704.0415,-1.3250,-1.3250,-58.0000,1.3250,1.3320,59.0000,1.3250,1.3260,60.0000,-1.3250,-1.3130,-58.0000
1785918704.0915,-1.3250,-1.3250,-58.0000,1.3250,1.3240,59.0000,1.3250,1.3280,60.0000,-1.3250,-1.3390,-56.0000
1785918704.1415,-1.3250,-1.3340,-58.0000,1.3250,1.3280,59.0000,1.3250,1.3250,60.0000,-1.3250,-1.3150,-58.0000
1785918704.1915,-1.3250,-1.3260,-58.0000,1.3250,1.3230,59.0000,1.3250,1.3280,60.0000,-1.3250,-1.3430,-56.0000
1785918704.2415,-1.3250,-1.3330,-58.0000,1.3250,1.3270,59.0000,1.3250,1.3230,60.0000,-1.3250,-1.3220,-57.0000
1785918704.2915,-1.3250,-1.3260,-58.0000,1.3250,1.3270,59.0000,1.3250,1.3330,59.0000,-1.3250,-1.3480,-56.0000
1785918704.3415,-1.3250,-1.3280,-58.0000,1.3250,1.3230,59.0000,1.3250,1.3140,60.0000,-1.3250,-1.3160,-57.0000
1785918704.3915,-1.3250,-1.3240,-58.0000,1.3250,1.3290,59.0000,1.3250,1.3330,59.0000,-1.3250,-1.3420,-56.0000
1785918704.4416,-1.3250,-1.3340,-58.0000,1.3250,1.3220,59.0000,1.3250,1.3160,60.0000,-1.3250,-1.3150,-57.0000
1785918704.4915,-1.0850,-1.3090,-38.0000,1.0850,1.3110,39.0000,1.0850,1.3210,39.0000,-1.0850,-1.3170,-37.0000
1785918704.5415,-0.6560,-0.7930,-27.0000,0.6560,0.7870,28.0000,0.6560,0.8620,24.0000,-0.6560,-0.7860,-26.0000
1785918704.5916,-0.6560,-0.6480,-31.0000,0.6560,0.6530,31.0000,0.6560,0.6270,33.0000,-0.6560,-0.6320,-30.0000
1785918704.6416,-0.6560,-0.6320,-31.0000,0.6560,0.6350,31.0000,0.6560,0.6320,31.0000,-0.6560,-0.6320,-29.0000
1785918704.6915,-0.6560,-0.6340,-31.0000,0.6560,0.6270,31.0000,0.6560,0.6040,33.0000,-0.6560,-0.6280,-30.0000
1785918704.7416,-0.6560,-0.6260,-31.0000,0.6560,0.6180,32.0000,0.6560,0.6100,33.0000,-0.6560,-0.6230,-30.0000
1785918704.7916,-0.6560,-0.6440,-31.0000,0.6560,0.6390,31.0000,0.6560,0.6170,33.0000,-0.6560,-0.6350,-30.0000
1785918704.8416,-0.6560,-0.6410,-31.0000,0.6560,0.6360,32.0000,0.6560,0.6270,33.0000,-0.6560,-0.6290,-30.0000
1785918704.8916,-0.6560,-0.6400,-31.0000,0.6560,0.6340,32.0000,0.6560,0.6290,33.0000,-0.6560,-0.6480,-30.0000
1785918704.9422,-0.6560,-0.6330,-32.0000,0.6560,0.6270,33.0000,0.6560,0.6290,33.0000,-0.6560,-0.6350,-31.0000
1785918704.9915,-0.6560,-0.6590,-31.0000,0.6560,0.6380,32.0000,0.6560,0.6350,33.0000,-0.6560,-0.6440,-30.0000
1785918705.0415,-0.6560,-0.6460,-31.0000,0.6560,0.6540,31.0000,0.6560,0.6420,33.0000,-0.6560,-0.6270,-31.0000
1785918705.0916,-0.6560,-0.6480,-31.0000,0.6560,0.6510,32.0000,0.6560,0.6500,33.0000,-0.6560,-0.6600,-30.0000
1785918705.1416,-0.6560,-0.6440,-32.0000,0.6560,0.6330,33.0000,0.6560,0.6430,33.0000,-0.6560,-0.6410,-31.0000
1785918705.1916,-0.6560,-0.6580,-31.0000,0.6560,0.6430,33.0000,0.6560,0.6500,33.0000,-0.6560,-0.6530,-30.0000
1785918705.2417,-0.6560,-0.6500,-32.0000,0.6560,0.6570,32.0000,0.6560,0.6560,33.0000,-0.6560,-0.6400,-31.0000
1785918705.2917,-0.6560,-0.6530,-31.0000,0.6560,0.6590,32.0000,0.6560,0.6560,33.0000,-0.6560,-0.6550,-31.0000
1785918705.3416,-0.6560,-0.6500,-32.0000,0.6560,0.6400,33.0000,0.6560,0.6490,34.0000,-0.6560,-0.6420,-31.0000
1785918705.3916,-0.6560,-0.6600,-31.0000,0.6560,0.6470,33.0000,0.6560,0.6510,33.0000,-0.6560,-0.6540,-31.0000
1785918705.4415,-0.6560,-0.6510,-32.0000,0.6560,0.6550,32.0000,0.6560,0.6570,33.0000,-0.6560,-0.6430,-31.0000
1785918705.4915,-0.6560,-0.6530,-32.0000,0.6560,0.6640,32.0000,0.6560,0.6540,33.0000,-0.6560,-0.6600,-31.0000
1785918705.5416,-0.6560,-0.6480,-32.0000,0.6560,0.6490,33.0000,0.6560,0.6480,34.0000,-0.6560,-0.6510,-31.0000
1785918705.5916,-0.6560,-0.6530,-32.0000,0.6560,0.6500,32.0000,0.6560,0.6470,34.0000,-0.6560,-0.6540,-31.0000
1785918705.6416,-0.6560,-0.6540,-32.0000,0.6560,0.6600,32.0000,0.6560,0.6570,33.0000,-0.6560,-0.6540,-31.0000
1785918705.6916,-0.6560,-0.6530,-32.0000,0.6560,0.6650,32.0000,0.6560,0.6510,34.0000,-0.6560,-0.6590,-31.0000
1785918705.7416,-0.6560,-0.6530,-32.0000,0.6560,0.6520,32.0000,0.6560,0.6500,34.0000,-0.6560,-0.6590,-31.0000
1785918705.7916,-0.6560,-0.6470,-32.0000,0.6560,0.6490,33.0000,0.6560,0.6510,34.0000,-0.6560,-0.6560,-31.0000
1785918705.8416,-0.6560,-0.6570,-32.0000,0.6560,0.6580,32.0000,0.6560,0.6540,34.0000,-0.6560,-0.6590,-31.0000
1785918705.8916,-0.6560,-0.6580,-32.0000,0.6560,0.6640,32.0000,0.6560,0.6560,34.0000,-0.6560,-0.6580,-31.0000
1785918705.9416,-0.6560,-0.6530,-32.0000,0.6560,0.6550,32.0000,0.6560,0.6490,34.0000,-0.6560,-0.6620,-31.0000
1785918705.9916,-0.6560,-0.6480,-32.0000,0.6560,0.6520,32.0000,0.6560,0.6520,34.0000,-0.6560,-0.6510,-31.0000
1785918706.0425,-0.6560,-0.6580,-32.0000,0.6560,0.6590,32.0000,0.6560,0.6540,34.0000,-0.6560,-0.6570,-31.0000
1785918706.0916,-0.6560,-0.6560,-32.0000,0.6560,0.6600,32.0000,0.6560,0.6570,33.0000,-0.6560,-0.6540,-31.0000
1785918706.1416,-0.6560,-0.6590,-31.0000,0.6560,0.6530,32.0000,0.6560,0.6520,34.0000,-0.6560,-0.6640,-30.0000
1785918706.1916,-0.6560,-0.6450,-32.0000,0.6560,0.6500,33.0000,0.6560,0.6550,34.0000,-0.6560,-0.6480,-31.0000
1785918706.2416,-0.6560,-0.6650,-31.0000,0.6560,0.6570,32.0000,0.6560,0.6570,34.0000,-0.6560,-0.6640,-30.0000
1785918706.2923,-0.6560,-0.6590,-32.0000,0.6560,0.6600,32.0000,0.6560,0.6620,33.0000,-0.6560,-0.6520,-31.0000
1785918706.3423,-0.6560,-0.6630,-31.0000,0.6560,0.6500,33.0000,0.6560,0.6520,34.0000,-0.6560,-0.6650,-30.0000
1785918706.3916,-0.6560,-0.6470,-32.0000,0.6560,0.6470,33.0000,0.6560,0.6510,34.0000,-0.6560,-0.6470,-31.0000
1785918706.4416,-0.6560,-0.6670,-31.0000,0.6560,0.6560,32.0000,0.6560,0.6560,34.0000,-0.6560,-0.6590,-31.0000
1785918706.4916,-0.6560,-0.6570,-32.0000,0.6560,0.6560,32.0000,0.6560,0.6610,33.0000,-0.6560,-0.6480,-31.0000
1785918706.5416,-0.6560,-0.6600,-31.0000,0.6560,0.6530,33.0000,0.6560,0.6590,33.0000,-0.6560,-0.6680,-30.0000
1785918706.5916,-0.6560,-0.6460,-32.0000,0.6560,0.6480,33.0000,0.6560,0.6500,34.0000,-0.6560,-0.6500,-31.0000
1785918706.6417,-0.6560,-0.6620,-31.0000,0.6560,0.6560,32.0000,0.6560,0.6570,34.0000,-0.6560,-0.6630,-31.0000
1785918706.6929,-0.6560,-0.6550,-32.0000,0.6560,0.6550,33.0000,0.6560,0.6610,33.0000,-0.6560,-0.6480,-31.0000
1785918706.7423,-0.6560,-0.6610,-31.0000,0.6560,0.6550,32.0000,0.6560,0.6610,33.0000,-0.6560,-0.6710,-30.0000
1785918706.7923,-0.6560,-0.6470,-32.0000,0.6560,0.6450,33.0000,0.6560,0.6580,33.0000,-0.6560,-0.6480,-31.0000
1785918706.8423,-0.6560,-0.6570,-32.0000,0.6560,0.6540,33.0000,0.6560,0.6600,33.0000,-0.6560,-0.6620,-30.0000
1785918706.8917,-0.6560,-0.6560,-32.0000,0.6560,0.6600,32.0000,0.6560,0.6630,33.0000,-0.6560,-0.6430,-32.0000
1785918706.9416,-0.6560,-0.6590,-32.0000,0.6560,0.6640,32.0000,0.6560,0.6620,33.0000,-0.6560,-0.6710,-30.0000
1785918706.9916,-0.6560,-0.6480,-32.0000,0.6560,0.6480,33.0000,0.6560,0.6540,34.0000,-0.6560,-0.6520,-31.0000
1785918707.0417,-0.6560,-0.6580,-32.0000,0.6560,0.6550,33.0000,0.6560,0.6560,34.0000,-0.6560,-0.6560,-31.0000
1785918707.0916,-0.6560,-0.6580,-32.0000,0.6560,0.6590,32.0000,0.6560,0.6590,33.0000,-0.6560,-0.6480,-31.0000
1785918707.1418,-0.6560,-0.6600,-31.0000,0.6560,0.6620,32.0000,0.6560,0.6530,34.0000,-0.6560,-0.6600,-31.0000
1785918707.1919,-0.6560,-0.6520,-32.0000,0.6560,0.6500,33.0000,0.6560,0.6520,34.0000,-0.6560,-0.6450,-31.0000
1785918707.2417,-0.6560,-0.6570,-32.0000,0.6560,0.6580,32.0000,0.6560,0.6540,34.0000,-0.6560,-0.6520,-31.0000
1785918707.2916,-0.6560,-0.6520,-32.0000,0.6560,0.6590,32.0000,0.6560,0.6590,33.0000,-0.6560,-0.6510,-31.0000
1785918707.3417,-0.6560,-0.6540,-32.0000,0.6560,0.6650,32.0000,0.6560,0.6540,34.0000,-0.6560,-0.6610,-31.0000
1785918707.3918,-0.6560,-0.6500,-32.0000,0.6560,0.6540,33.0000,0.6560,0.6520,34.0000,-0.6560,-0.6540,-31.0000
1785918707.4418,-0.6560,-0.6510,-32.0000,0.6560,0.6560,32.0000,0.6560,0.6540,34.0000,-0.6560,-0.6600,-31.0000
1785918707.4917,-0.6560,-0.6570,-32.0000,0.6560,0.6660,32.0000,0.6560,0.6620,33.0000,-0.6560,-0.6540,-31.0000
1785918707.5419,-0.6560,-0.6570,-32.0000,0.6560,0.6690,32.0000,0.6560,0.6550,34.0000,-0.6560,-0.6580,-31.0000
1785918707.5919,-0.6560,-0.6550,-32.0000,0.6560,0.6540,32.0000,0.6560,0.6490,34.0000,-0.6560,-0.6580,-31.0000
1785918707.6420,-0.6560,-0.6480,-32.0000,0.6560,0.6520,32.0000,0.6560,0.6550,34.0000,-0.6560,-0.6530,-31.0000
1785918707.6918,-0.6560,-0.6590,-32.0000,0.6560,0.6610,32.0000,0.6560,0.6500,34.0000,-0.6560,-0.6600,-31.0000
1785918707.7418,-0.6560,-0.6580,-32.0000,0.6560,0.6660,32.0000,0.6560,0.6560,34.0000,-0.6560,-0.6540,-31.0000
1785918707.7924,-0.6560,-0.6560,-32.0000,0.6560,0.6570,32.0000,0.6560,0.6510,34.0000,-0.6560,-0.6590,-31.0000
1785918707.8419,-0.6560,-0.6500,-32.0000,0.6560,0.6490,33.0000,0.6560,0.6510,34.0000,-0.6560,-0.6520,-31.0000
1785918707.8919,-0.6560,-0.6630,-31.0000,0.6560,0.6580,32.0000,0.6560,0.6510,34.0000,-0.6560,-0.6640,-30.0000
1785918707.9419,-0.6560,-0.6580,-32.0000,0.6560,0.6610,32.0000,0.6560,0.6540,34.0000,-0.6560,-0.6510,-31.0000
1785918707.9919,-0.6560,-0.6580,-32.0000,0.6560,0.6590,32.0000,0.6560,0.6590,33.0000,-0.6560,-0.6640,-30.0000
1785918708.0417,-0.6560,-0.6430,-32.0000,0.6560,0.6500,33.0000,0.6560,0.6560,34.0000,-0.6560,-0.6480,-31.0000
1785918708.0924,-0.6560,-0.6600,-32.0000,0.6560,0.6550,32.0000,0.6560,0.6520,34.0000,-0.6560,-0.6600,-31.0000
1785918708.1417,-0.6560,-0.6600,-32.0000,0.6560,0.6620,32.0000,0.6560,0.6610,33.0000,-0.6560,-0.6480,-31.0000
1785918708.1918,-0.6560,-0.6590,-32.0000,0.6560,0.6570,32.0000,0.6560,0.6550,34.0000,-0.6560,-0.6620,-31.0000
1785918708.2417,-0.6560,-0.6490,-32.0000,0.6560,0.6470,33.0000,0.6560,0.6570,33.0000,-0.6560,-0.6460,-32.0000
1785918708.2917,-0.6560,-0.6630,-31.0000,0.6560,0.6500,33.0000,0.6560,0.6570,34.0000,-0.6560,-0.6560,-31.0000
1785918708.3417,-0.6560,-0.6560,-32.0000,0.6560,0.6600,32.0000,0.6560,0.6640,33.0000,-0.6560,-0.6480,-32.0000
1785918708.3917,-0.6560,-0.6610,-31.0000,0.6560,0.6570,32.0000,0.6560,0.6560,34.0000,-0.6560,-0.6690,-30.0000
1785918708.4417,-0.6560,-0.6480,-32.0000,0.6560,0.6470,33.0000,0.6560,0.6560,34.0000,-0.6560,-0.6480,-32.0000
1785918708.4917,-0.6560,-0.6640,-31.0000,0.6560,0.6520,32.0000,0.6560,0.6560,34.0000,-0.6560,-0.6600,-31.0000
1785918708.5417,-0.6560,-0.6570,-32.0000,0.6560,0.6630,32.0000,0.6560,0.6590,33.0000,-0.6560,-0.6430,-32.0000
1785918708.5917,-0.6560,-0.6600,-32.0000,0.6560,0.6630,32.0000,0.6560,0.6630,33.0000,-0.6560,-0.6710,-30.0000
1785918708.6418,-0.6560,-0.6530,-32.0000,0.6560,0.6420,33.0000,0.6560,0.6580,33.0000,-0.6560,-0.6490,-31.0000
1785918708.6917,-0.6560,-0.6630,-31.0000,0.6560,0.6560,32.0000,0.6560,0.6590,33.0000,-0.6560,-0.6570,-31.0000
1785918708.7417,-0.6560,-0.6560,-32.0000,0.6560,0.6620,32.0000,0.6560,0.6610,33.0000,-0.6560,-0.6410,-32.0000
1785918708.7917,-0.6560,-0.6600,-31.0000,0.6560,0.6680,31.0000,0.6560,0.6620,33.0000,-0.6560,-0.6660,-31.0000
1785918708.8417,-0.6560,-0.6500,-32.0000,0.6560,0.6440,33.0000,0.6560,0.6540,34.0000,-0.6560,-0.6520,-31.0000
1785918708.8918,-0.6560,-0.6570,-32.0000,0.6560,0.6490,33.0000,0.6560,0.6540,34.0000,-0.6560,-0.6570,-31.0000
1785918708.9417,-0.6560,-0.6560,-32.0000,0.6560,0.6630,32.0000,0.6560,0.6650,33.0000,-0.6560,-0.6420,-32.0000
1785918708.9917,-0.6560,-0.6580,-32.0000,0.6560,0.6640,32.0000,0.6560,0.6560,33.0000,-0.6560,-0.6630,-31.0000
1785918709.0417,-0.2960,-0.5810,-5.0000,0.9190,0.7410,51.0000,0.9190,0.7330,52.0000,-0.2960,-0.5800,-4.0000
1785918709.0916,0.0000,-0.0460,0.0000,0.9190,0.9330,42.0000,0.9190,0.9420,43.0000,0.0000,-0.0510,0.0000
1785918709.1417,0.0000,-0.0020,0.0000,0.9190,0.9370,42.0000,0.9190,0.9280,44.0000,0.0000,-0.0040,0.0000
1785918709.1917,0.0000,-0.0000,0.0000,0.9190,0.9130,44.0000,0.9190,0.9240,44.0000,0.0000,-0.0000,0.0000
1785918709.2416,0.0000,-0.0000,0.0000,0.9190,0.9260,43.0000,0.9190,0.9240,44.0000,0.0000,-0.0000,0.0000
1785918709.2916,0.0000,-0.0000,0.0000,0.9190,0.9390,42.0000,0.9190,0.9320,44.0000,0.0000,-0.0000,0.0000
1785918709.3416,0.0000,-0.0000,0.0000,0.9190,0.9130,44.0000,0.9190,0.9230,44.0000,0.0000,-0.0000,0.0000
1785918709.3917,0.0000,-0.0000,0.0000,0.9190,0.9320,42.0000,0.9190,0.9190,44.0000,0.0000,-0.0000,0.0000
1785918709.4417,0.0000,-0.0000,0.0000,0.9190,0.9310,42.0000,0.9190,0.9360,43.0000,0.0000,-0.0000,0.0000
1785918709.4916,0.0000,-0.0000,0.0000,0.9190,0.9130,43.0000,0.9190,0.9190,44.0000,0.0000,-0.0000,0.0000
1785918709.5417,0.0000,-0.0000,0.0000,0.9190,0.9250,43.0000,0.9190,0.9180,44.0000,0.0000,-0.0000,0.0000
1785918709.5917,0.0000,-0.0000,0.0000,0.9190,0.9240,43.0000,0.9190,0.9360,43.0000,0.0000,-0.0000,0.0000
1785918709.6417,0.0000,-0.0000,0.0000,0.9190,0.9150,43.0000,0.9190,0.9150,44.0000,0.0000,-0.0000,0.0000
1785918709.6923,0.0000,-0.0000,0.0000,0.9190,0.9290,42.0000,0.9190,0.9210,44.0000,0.0000,-0.0000,0.0000
1785918709.7417,0.0000,-0.0000,0.0000,0.9190,0.9210,43.0000,0.9190,0.9250,44.0000,0.0000,-0.0000,0.0000
1785918709.7917,0.0000,-0.0000,0.0000,0.9190,0.9130,43.0000,0.9190,0.9140,44.0000,0.0000,-0.0000,0.0000
1785918709.8417,0.0000,-0.0000,0.0000,0.9190,0.9290,42.0000,0.9190,0.9210,44.0000,0.0000,-0.0000,0.0000
1785918709.8917,0.0000,-0.0000,0.0000,0.9190,0.9190,43.0000,0.9190,0.9260,44.0000,0.0000,-0.0000,0.0000
1785918709.9417,0.0000,-0.0000,0.0000,0.9190,0.9090,43.0000,0.9190,0.9180,44.0000,0.0000,-0.0000,0.0000
1785918709.9917,0.0000,-0.0000,0.0000,0.9190,0.9300,42.0000,0.9190,0.9250,44.0000,0.0000,-0.0000,0.0000
1785918710.0417,0.0000,-0.0000,0.0000,0.9190,0.9190,43.0000,0.9190,0.9240,44.0000,0.0000,-0.0000,0.0000
1785918710.0917,0.0000,-0.0000,0.0000,0.9190,0.9130,43.0000,0.9190,0.9140,44.0000,0.0000,-0.0000,0.0000
1785918710.1418,0.0000,-0.0000,0.0000,0.9190,0.9260,42.0000,0.9190,0.9270,43.0000,0.0000,-0.0000,0.0000
1785918710.1918,0.0000,-0.0000,0.0000,0.9190,0.9140,43.0000,0.9190,0.9180,44.0000,0.0000,-0.0000,0.0000
1785918710.2417,0.0000,-0.0000,0.0000,0.9190,0.9120,43.0000,0.9190,0.9170,44.0000,0.0000,-0.0000,0.0000
1785918710.2917,0.0000,-0.0000,0.0000,0.9190,0.9280,42.0000,0.9190,0.9240,44.0000,0.0000,-0.0000,0.0000
1785918710.3418,0.0000,-0.0000,0.0000,0.9190,0.9160,43.0000,0.9190,0.9150,44.0000,0.0000,-0.0000,0.0000
1785918710.3918,0.0000,-0.0000,0.0000,0.9190,0.9130,43.0000,0.9190,0.9150,44.0000,0.0000,-0.0000,0.0000
1785918710.4417,0.0000,-0.0000,0.0000,0.9190,0.9250,42.0000,0.9190,0.9290,43.0000,0.0000,-0.0000,0.0000
1785918710.4917,0.0000,-0.0000,0.0000,0.9190,0.9170,43.0000,0.9190,0.9130,44.0000,0.0000,-0.0000,0.0000
1785918710.5420,0.0000,-0.0000,0.0000,0.9190,0.9120,43.0000,0.9190,0.9150,44.0000,0.0000,-0.0000,0.0000
1785918710.5917,0.0000,-0.0000,0.0000,0.9190,0.9280,42.0000,0.9190,0.9280,43.0000,0.0000,-0.0000,0.0000
1785918710.6417,0.0000,-0.0000,0.0000,0.9190,0.9160,43.0000,0.9190,0.9120,44.0000,0.0000,-0.0000,0.0000
1785918710.6917,0.0000,-0.0000,0.0000,0.9190,0.9130,43.0000,0.9190,0.9160,44.0000,0.0000,-0.0000,0.0000
1785918710.7418,0.0000,-0.0000,0.0000,0.9190,0.9280,42.0000,0.9190,0.9300,43.0000,0.0000,-0.0000,0.0000
1785918710.7918,0.0000,-0.0000,0.0000,0.9190,0.9130,43.0000,0.9190,0.9100,44.0000,0.0000,-0.0000,0.0000
1785918710.8417,0.0000,-0.0000,0.0000,0.9190,0.9110,43.0000,0.9190,0.9120,44.0000,0.0000,-0.0000,0.0000
1785918710.8917,0.0000,-0.0000,0.0000,0.9190,0.9310,42.0000,0.9190,0.9250,43.0000,0.0000,-0.0000,0.0000
1785918710.9417,0.0000,-0.0000,0.0000,0.9190,0.9150,43.0000,0.9190,0.9110,44.0000,0.0000,-0.0000,0.0000
1785918710.9917,0.0000,-0.0000,0.0000,0.9190,0.9170,43.0000,0.9190,0.9130,44.0000,0.0000,-0.0000,0.0000
1785918711.0417,0.0000,-0.0000,0.0000,0.9190,0.9240,42.0000,0.9190,0.9250,44.0000,0.0000,-0.0000,0.0000
1785918711.0917,0.0000,-0.0000,0.0000,0.9190,0.9130,43.0000,0.9190,0.9100,44.0000,0.0000,-0.0000,0.0000
1785918711.1417,0.0000,-0.0000,0.0000,0.9190,0.9110,43.0000,0.9190,0.9160,44.0000,0.0000,-0.0000,0.0000
1785918711.1917,0.0000,-0.0000,0.0000,0.9190,0.9290,42.0000,0.9190,0.9270,43.0000,0.0000,-0.0000,0.0000
1785918711.2417,0.0000,-0.0000,0.0000,0.9190,0.9150,43.0000,0.9190,0.9150,44.0000,0.0000,-0.0000,0.0000
1785918711.2917,0.0000,-0.0000,0.0000,0.9190,0.9220,43.0000,0.9190,0.9170,44.0000,0.0000,-0.0000,0.0000
1785918711.3417,0.0000,-0.0000,0.0000,0.9190,0.9270,42.0000,0.9190,0.9230,44.0000,0.0000,-0.0000,0.0000
1785918711.3917,0.0000,-0.0000,0.0000,0.9190,0.9110,43.0000,0.9190,0.9170,44.0000,0.0000,-0.0000,0.0000
1785918711.4417,0.0000,-0.0000,0.0000,0.9190,0.9200,43.0000,0.9190,0.9150,44.0000,0.0000,-0.0000,0.0000
1785918711.4917,0.0000,-0.0000,0.0000,0.9190,0.9270,42.0000,0.9190,0.9260,43.0000,0.0000,-0.0000,0.0000
1785918711.5417,0.0000,-0.0000,0.0000,0.9190,0.9120,43.0000,0.9190,0.9150,44.0000,0.0000,-0.0000,0.0000
1785918711.5917,0.0000,-0.0000,0.0000,0.9190,0.9250,42.0000,0.9190,0.9160,44.0000,0.0000,-0.0000,0.0000
1785918711.6418,0.0000,-0.0000,0.0000,0.9190,0.9240,42.0000,0.9190,0.9250,43.0000,0.0000,-0.0000,0.0000
1785918711.6917,0.0000,-0.0000,0.0000,0.9190,0.9110,43.0000,0.9190,0.9190,44.0000,0.0000,-0.0000,0.0000
1785918711.7417,0.0000,-0.0000,0.0000,0.9190,0.9260,42.0000,0.9190,0.9170,44.0000,0.0000,-0.0000,0.0000
1785918711.7924,0.0000,-0.0000,0.0000,0.9190,0.9260,42.0000,0.9190,0.9270,43.0000,0.0000,-0.0000,0.0000
1785918711.8417,0.0000,-0.0000,0.0000,0.9190,0.9110,43.0000,0.9190,0.9190,44.0000,0.0000,-0.0000,0.0000
1785918711.8918,0.0000,-0.0000,0.0000,0.9190,0.9250,42.0000,0.9190,0.9190,44.0000,0.0000,-0.0000,0.0000
1785918711.9418,0.0000,-0.0000,0.0000,0.9190,0.9210,43.0000,0.9190,0.9230,44.0000,0.0000,-0.0000,0.0000
1785918711.9918,0.0000,-0.0000,0.0000,0.9190,0.9140,43.0000,0.9190,0.9160,44.0000,0.0000,-0.0000,0.0000
1785918712.0418,0.0000,-0.0000,0.0000,0.9190,0.9290,42.0000,0.9190,0.9220,44.0000,0.0000,-0.0000,0.0000
1785918712.0917,0.0000,-0.0000,0.0000,0.9190,0.9180,43.0000,0.9190,0.9230,44.0000,0.0000,-0.0000,0.0000
1785918712.1418,0.0000,-0.0000,0.0000,0.9190,0.9080,43.0000,0.9190,0.9170,44.0000,0.0000,-0.0000,0.0000
1785918712.1917,0.0000,-0.0000,0.0000,0.9190,0.9260,42.0000,0.9190,0.9240,43.0000,0.0000,-0.0000,0.0000
1785918712.2418,0.0000,-0.0000,0.0000,0.9190,0.9190,43.0000,0.9190,0.9190,44.0000,0.0000,-0.0000,0.0000
1785918712.2918,0.0000,-0.0000,0.0000,0.9190,0.9110,43.0000,0.9190,0.9140,44.0000,0.0000,-0.0000,0.0000
1785918712.3418,0.0000,-0.0000,0.0000,0.9190,0.9270,42.0000,0.9190,0.9270,43.0000,0.0000,-0.0000,0.0000
1785918712.3918,0.0000,-0.0000,0.0000,0.9190,0.9190,43.0000,0.9190,0.9160,44.0000,0.0000,-0.0000,0.0000
1785918712.4418,0.0000,-0.0000,0.0000,0.9190,0.9110,43.0000,0.9190,0.9080,44.0000,0.0000,-0.0000,0.0000
1785918712.4917,0.0000,-0.0000,0.0000,0.9190,0.9310,42.0000,0.9190,0.9250,43.0000,0.0000,-0.0000,0.0000
1785918712.5418,0.0000,-0.0000,0.0000,0.9190,0.9190,43.0000,0.9190,0.9200,44.0000,0.0000,-0.0000,0.0000
1785918712.5918,0.0000,-0.0000,0.0000,0.9190,0.9070,43.0000,0.9190,0.9170,44.0000,0.0000,-0.0000,0.0000
1785918712.6418,0.0000,-0.0000,0.0000,0.9190,0.9260,42.0000,0.9190,0.9260,43.0000,0.0000,-0.0000,0.0000
1785918712.6918,0.0000,-0.0000,0.0000,0.9190,0.9170,43.0000,0.9190,0.9180,44.0000,0.0000,-0.0000,0.0000
1785918712.7418,0.0000,-0.0000,0.0000,0.9190,0.9120,43.0000,0.9190,0.9180,44.0000,0.0000,-0.0000,0.0000
1785918712.7918,0.0000,-0.0000,0.0000,0.9190,0.9250,42.0000,0.9190,0.9280,43.0000,0.0000,-0.0000,0.0000
1785918712.8417,0.0000,-0.0000,0.0000,0.9190,0.9200,43.0000,0.9190,0.9130,44.0000,0.0000,-0.0000,0.0000
1785918712.8918,0.0000,-0.0000,0.0000,0.9190,0.9130,43.0000,0.9190,0.9160,44.0000,0.0000,-0.0000,0.0000
1785918712.9418,0.0000,-0.0000,0.0000,0.9190,0.9260,42.0000,0.9190,0.9250,43.0000,0.0000,-0.0000,0.0000
1785918712.9918,0.0000,-0.0000,0.0000,0.9190,0.9160,43.0000,0.9190,0.9130,44.0000,0.0000,-0.0000,0.0000
1785918713.0418,0.0000,-0.0000,0.0000,0.9190,0.9110,43.0000,0.9190,0.9160,44.0000,0.0000,-0.0000,0.0000
1785918713.0918,0.0000,-0.0000,0.0000,0.9190,0.9300,42.0000,0.9190,0.9290,43.0000,0.0000,-0.0000,0.0000
1785918713.1419,0.0000,-0.0000,0.0000,0.9190,0.9160,43.0000,0.9190,0.9130,44.0000,0.0000,-0.0000,0.0000
1785918713.1919,0.0000,-0.0000,0.0000,0.9190,0.9110,43.0000,0.9190,0.9140,44.0000,0.0000,-0.0000,0.0000
1785918713.2418,0.0000,-0.0000,0.0000,0.9190,0.9290,42.0000,0.9190,0.9280,43.0000,0.0000,-0.0000,0.0000
1785918713.2918,0.0000,-0.0000,0.0000,0.9190,0.9110,43.0000,0.9190,0.9120,44.0000,0.0000,-0.0000,0.0000
1785918713.3418,0.0000,-0.0000,0.0000,0.9190,0.9080,43.0000,0.9190,0.9130,44.0000,0.0000,-0.0000,0.0000
1785918713.3919,0.0000,-0.0000,0.0000,0.9190,0.9270,42.0000,0.9190,0.9260,43.0000,0.0000,-0.0000,0.0000
1785918713.4423,0.0000,-0.0000,0.0000,0.9190,0.9070,44.0000,0.9190,0.9130,44.0000,0.0000,-0.0000,0.0000
1785918713.4918,0.0000,-0.0000,0.0000,0.9190,0.9170,43.0000,0.9190,0.9130,44.0000,0.0000,-0.0000,0.0000
1785918713.5418,0.0000,-0.0000,0.0000,0.9190,0.9310,42.0000,0.9190,0.9260,43.0000,0.0000,-0.0000,0.0000
1785918713.5918,0.0000,-0.0000,0.0000,0.9190,0.9090,43.0000,0.9190,0.9200,44.0000,0.0000,-0.0000,0.0000
1785918713.6418,0.0000,-0.0000,0.0000,0.9190,0.9200,43.0000,0.9190,0.9180,44.0000,0.0000,-0.0000,0.0000
1785918713.6918,0.0000,-0.0000,0.0000,0.9190,0.9290,42.0000,0.9190,0.9290,43.0000,0.0000,-0.0000,0.0000
1785918713.7418,0.0000,-0.0000,0.0000,0.9190,0.9130,43.0000,0.9190,0.9160,44.0000,0.0000,-0.0000,0.0000
1785918713.7919,0.0000,-0.0000,0.0000,0.9190,0.9180,43.0000,0.9190,0.9150,44.0000,0.0000,-0.0000,0.0000
1785918713.8431,0.0000,-0.0000,0.0000,0.9190,0.9290,42.0000,0.9190,0.9220,43.0000,0.0000,-0.0000,0.0000
1785918713.8929,0.0000,-0.0000,0.0000,0.9190,0.9110,43.0000,0.9190,0.9160,44.0000,0.0000,-0.0000,0.0000
1785918713.9429,0.0000,-0.0000,0.0000,0.9190,0.9210,43.0000,0.9190,0.9160,44.0000,0.0000,-0.0000,0.0000
1785918713.9928,0.0000,-0.0000,0.0000,0.9190,0.9250,43.0000,0.9190,0.9220,43.0000,0.0000,-0.0000,0.0000
1785918714.0428,0.0000,-0.0000,0.0000,0.9190,0.9100,43.0000,0.9190,0.9160,44.0000,0.0000,-0.0000,0.0000
1785918714.0928,0.0000,-0.0000,0.0000,0.9190,0.9210,43.0000,0.9190,0.9200,44.0000,0.0000,-0.0000,0.0000
1785918714.1433,0.0000,-0.0000,0.0000,0.9190,0.9250,43.0000,0.9190,0.9270,43.0000,0.0000,-0.0000,0.0000
1785918714.1928,0.0000,-0.0000,0.0000,0.9190,0.9090,43.0000,0.9190,0.9160,44.0000,0.0000,-0.0000,0.0000
1785918714.2428,0.0000,-0.0000,0.0000,0.9190,0.9220,43.0000,0.9190,0.9210,43.0000,0.0000,-0.0000,0.0000
1785918714.2935,0.0000,-0.0000,0.0000,0.9190,0.9240,43.0000,0.9190,0.9210,44.0000,0.0000,-0.0000,0.0000
1785918714.3428,0.0000,-0.0000,0.0000,0.9190,0.9120,43.0000,0.9190,0.9190,44.0000,0.0000,-0.0000,0.0000
1785918714.3929,0.0000,-0.0000,0.0000,0.9190,0.9280,42.0000,0.9190,0.9250,43.0000,0.0000,-0.0000,0.0000
1785918714.4441,0.0000,-0.0000,0.0000,0.9190,0.9210,43.0000,0.9190,0.9240,43.0000,0.0000,-0.0000,0.0000
1785918714.4935,0.0000,-0.0000,0.0000,0.9190,0.9080,43.0000,0.9190,0.9170,44.0000,0.0000,-0.0000,0.0000
1785918714.5435,0.0000,-0.0000,0.0000,0.9190,0.9250,42.0000,0.9190,0.9220,43.0000,0.0000,-0.0000,0.0000
1785918714.5929,0.0000,-0.0000,0.0000,0.9190,0.9190,43.0000,0.9190,0.9160,44.0000,0.0000,-0.0000,0.0000
1785918714.6431,0.0000,-0.0000,0.0000,0.9190,0.9100,43.0000,0.9190,0.9190,44.0000,0.0000,-0.0000,0.0000
1785918714.6929,0.0000,-0.0000,0.0000,0.9190,0.9250,43.0000,0.9190,0.9260,43.0000,0.0000,-0.0000,0.0000
1785918714.7435,0.0000,-0.0000,0.0000,0.9190,0.9210,43.0000,0.9190,0.9180,44.0000,0.0000,-0.0000,0.0000
1785918714.7942,0.0000,-0.0000,0.0000,0.9190,0.9130,43.0000,0.9190,0.9180,44.0000,0.0000,-0.0000,0.0000
1785918714.8428,0.0000,-0.0000,0.0000,0.9190,0.9260,42.0000,0.9190,0.9240,43.0000,0.0000,-0.0000,0.0000
1785918714.8929,0.0000,-0.0000,0.0000,0.9190,0.9200,43.0000,0.9190,0.9150,44.0000,0.0000,-0.0000,0.0000
1785918714.9430,0.0000,-0.0000,0.0000,0.9190,0.9120,43.0000,0.9190,0.9150,44.0000,0.0000,-0.0000,0.0000
1785918714.9929,0.0000,-0.0000,0.0000,0.9190,0.9310,42.0000,0.9190,0.9250,43.0000,0.0000,-0.0000,0.0000
1785918715.0429,0.0000,-0.0000,0.0000,1.0390,0.9180,53.0000,1.0390,0.9100,54.0000,0.0000,-0.0000,0.0000
1785918715.0929,0.0000,-0.0000,0.0000,1.6390,1.4020,80.0000,1.6390,1.3600,83.0000,0.0000,-0.0000,0.0000
1785918715.1429,0.0000,-0.0000,0.0000,1.8640,1.8890,78.0000,1.8640,1.8820,80.0000,0.0000,-0.0000,0.0000
1785918715.1929,0.0000,-0.0000,0.0000,1.8640,1.8830,82.0000,1.8640,1.9060,81.0000,0.0000,-0.0000,0.0000
1785918715.2429,0.0000,-0.0000,0.0000,1.8640,1.8950,81.0000,1.8640,1.8980,82.0000,0.0000,-0.0000,0.0000
1785918715.2929,0.0000,-0.0000,0.0000,1.8640,1.8910,82.0000,1.8640,1.8880,83.0000,0.0000,-0.0000,0.0000
1785918715.3429,0.0000,-0.0000,0.0000,1.8640,1.9020,81.0000,1.8640,1.9110,81.0000,0.0000,-0.0000,0.0000
1785918715.3935,0.0000,-0.0000,0.0000,1.8640,1.8910,81.0000,1.8640,1.9020,81.0000,0.0000,-0.0000,0.0000
1785918715.4429,0.0000,-0.0000,0.0000,1.8640,1.8760,81.0000,1.8640,1.8700,83.0000,0.0000,-0.0000,0.0000
1785918715.4929,0.0000,-0.0000,0.0000,1.8640,1.8870,80.0000,1.8640,1.8900,81.0000,0.0000,-0.0000,0.0000
1785918715.5429,0.0000,-0.0000,0.0000,1.8640,1.8880,80.0000,1.8640,1.8960,80.0000,0.0000,-0.0000,0.0000
1785918715.5929,0.0000,-0.0000,0.0000,1.8640,1.8710,81.0000,1.8640,1.8620,82.0000,0.0000,-0.0000,0.0000
1785918715.6429,0.0000,-0.0000,0.0000,1.8640,1.8750,80.0000,1.8640,1.8720,81.0000,0.0000,-0.0000,0.0000
1785918715.6929,0.0000,-0.0000,0.0000,1.8640,1.8850,80.0000,1.8640,1.8940,80.0000,0.0000,-0.0000,0.0000
1785918715.7429,0.0000,-0.0000,0.0000,1.8640,1.8710,80.0000,1.8640,1.8650,81.0000,0.0000,-0.0000,0.0000
1785918715.7929,0.0000,-0.0000,0.0000,1.8640,1.8660,80.0000,1.8640,1.8640,81.0000,0.0000,-0.0000,0.0000
1785918715.8429,0.0000,-0.0000,0.0000,1.8640,1.8780,80.0000,1.8640,1.8870,80.0000,0.0000,-0.0000,0.0000
1785918715.8929,0.0000,-0.0000,0.0000,1.8640,1.8710,80.0000,1.8640,1.8750,80.0000,0.0000,-0.0000,0.0000
1785918715.9429,0.0000,-0.0000,0.0000,1.8640,1.8560,81.0000,1.8640,1.8530,82.0000,0.0000,-0.0000,0.0000
1785918715.9936,0.0000,-0.0000,0.0000,1.8640,1.8730,80.0000,1.8640,1.8820,80.0000,0.0000,-0.0000,0.0000
1785918716.0430,0.0000,-0.0000,0.0000,1.8640,1.8730,80.0000,1.8640,1.8780,80.0000,0.0000,-0.0000,0.0000
1785918716.0929,0.0000,-0.0000,0.0000,1.8640,1.8550,81.0000,1.8640,1.8460,82.0000,0.0000,-0.0000,0.0000
1785918716.1429,0.0000,-0.0000,0.0000,1.8640,1.8680,80.0000,1.8640,1.8670,81.0000,0.0000,-0.0000,0.0000
1785918716.1930,0.0000,-0.0000,0.0000,1.8640,1.8750,79.0000,1.8640,1.8810,80.0000,0.0000,-0.0000,0.0000
1785918716.2429,0.0000,-0.0000,0.0000,1.8640,1.8600,80.0000,1.8640,1.8500,82.0000,0.0000,-0.0000,0.0000
1785918716.2930,0.0000,-0.0000,0.0000,1.8640,1.8650,80.0000,1.8640,1.8620,81.0000,0.0000,-0.0000,0.0000
1785918716.3429,0.0000,-0.0000,0.0000,1.8640,1.8730,80.0000,1.8640,1.8850,79.0000,0.0000,-0.0000,0.0000
1785918716.3930,0.0000,-0.0000,0.0000,1.8640,1.8650,80.0000,1.8640,1.8520,81.0000,0.0000,-0.0000,0.0000
1785918716.4429,0.0000,-0.0000,0.0000,1.8640,1.8580,80.0000,1.8640,1.8560,81.0000,0.0000,-0.0000,0.0000
1785918716.4929,0.0000,-0.0000,0.0000,1.8640,1.8720,79.0000,1.8640,1.8810,80.0000,0.0000,-0.0000,0.0000
1785918716.5429,0.0000,-0.0000,0.0000,1.8640,1.8690,80.0000,1.8640,1.8650,81.0000,0.0000,-0.0000,0.0000
1785918716.5930,0.0000,-0.0000,0.0000,1.8640,1.8530,81.0000,1.8640,1.8490,82.0000,0.0000,-0.0000,0.0000
1785918716.6429,0.0000,-0.0000,0.0000,1.8640,1.8680,80.0000,1.8640,1.8750,80.0000,0.0000,-0.0000,0.0000
1785918716.6930,0.0000,-0.0000,0.0000,1.8640,1.8670,80.0000,1.8640,1.8760,80.0000,0.0000,-0.0000,0.0000
1785918716.7437,0.0000,-0.0000,0.0000,1.8640,1.8540,81.0000,1.8640,1.8460,82.0000,0.0000,-0.0000,0.0000
1785918716.7929,0.0000,-0.0000,0.0000,1.8640,1.8660,80.0000,1.8640,1.8670,80.0000,0.0000,-0.0000,0.0000
1785918716.8429,0.0000,-0.0000,0.0000,1.8640,1.8690,80.0000,1.8640,1.8780,80.0000,0.0000,-0.0000,0.0000
1785918716.8930,0.0000,-0.0000,0.0000,1.8640,1.8500,81.0000,1.8640,1.8460,82.0000,0.0000,-0.0000,0.0000
1785918716.9430,0.0000,-0.0000,0.0000,1.8640,1.8630,80.0000,1.8640,1.8650,81.0000,0.0000,-0.0000,0.0000
1785918716.9930,0.0000,-0.0000,0.0000,1.8640,1.8700,80.0000,1.8640,1.8800,80.0000,0.0000,-0.0000,0.0000
1785918717.0430,0.0000,-0.0000,0.0000,1.8640,1.8580,80.0000,1.8640,1.8550,81.0000,0.0000,-0.0000,0.0000
1785918717.0930,0.0000,-0.0000,0.0000,1.8640,1.8610,80.0000,1.8640,1.8540,81.0000,0.0000,-0.0000,0.0000
1785918717.1430,0.0000,-0.0000,0.0000,1.8640,1.8720,80.0000,1.8640,1.8790,80.0000,0.0000,-0.0000,0.0000
1785918717.1930,0.0000,-0.0000,0.0000,1.8640,1.8660,80.0000,1.8640,1.8560,81.0000,0.0000,-0.0000,0.0000
1785918717.2430,0.0000,-0.0000,0.0000,1.8640,1.8570,81.0000,1.8640,1.8500,81.0000,0.0000,-0.0000,0.0000
1785918717.2930,0.0000,-0.0000,0.0000,1.8640,1.8730,80.0000,1.8640,1.8760,80.0000,0.0000,-0.0000,0.0000
1785918717.3430,0.0000,-0.0000,0.0000,1.8640,1.8650,80.0000,1.8640,1.8670,80.0000,0.0000,-0.0000,0.0000
1785918717.3931,0.0000,-0.0000,0.0000,1.8640,1.8540,81.0000,1.8640,1.8460,82.0000,0.0000,-0.0000,0.0000
1785918717.4430,0.0000,-0.0000,0.0000,1.8640,1.8700,80.0000,1.8640,1.8710,80.0000,0.0000,-0.0000,0.0000
1785918717.4930,0.0000,-0.0000,0.0000,1.8640,1.8700,80.0000,1.8640,1.8760,80.0000,0.0000,-0.0000,0.0000
1785918717.5430,0.0000,-0.0000,0.0000,1.8640,1.8530,81.0000,1.8640,1.8460,82.0000,0.0000,-0.0000,0.0000
1785918717.5930,0.0000,-0.0000,0.0000,1.8640,1.8680,80.0000,1.8640,1.8650,81.0000,0.0000,-0.0000,0.0000
1785918717.6430,0.0000,-0.0000,0.0000,1.8640,1.8710,80.0000,1.8640,1.8790,80.0000,0.0000,-0.0000,0.0000
1785918717.6931,0.0000,-0.0000,0.0000,1.8640,1.8590,80.0000,1.8640,1.8450,82.0000,0.0000,-0.0000,0.0000
1785918717.7430,0.0000,-0.0000,0.0000,1.8640,1.8610,80.0000,1.8640,1.8570,81.0000,0.0000,-0.0000,0.0000
1785918717.7930,0.0000,-0.0000,0.0000,1.8640,1.8720,80.0000,1.8640,1.8820,80.0000,0.0000,-0.0000,0.0000
1785918717.8430,0.0000,-0.0000,0.0000,1.8640,1.8600,80.0000,1.8640,1.8590,81.0000,0.0000,-0.0000,0.0000
1785918717.8930,0.0000,-0.0000,0.0000,1.8640,1.8560,81.0000,1.8640,1.8530,81.0000,0.0000,-0.0000,0.0000
1785918717.9430,0.0000,-0.0000,0.0000,1.8640,1.8710,80.0000,1.8640,1.8800,80.0000,0.0000,-0.0000,0.0000
1785918717.9930,0.0000,-0.0000,0.0000,1.8640,1.8640,80.0000,1.8640,1.8660,81.0000,0.0000,-0.0000,0.0000
1785918718.0430,0.0000,-0.0000,0.0000,1.8640,1.8550,81.0000,1.8640,1.8490,82.0000,0.0000,-0.0000,0.0000
1785918718.0930,0.0000,-0.0000,0.0000,1.8640,1.8680,80.0000,1.8640,1.8760,80.0000,0.0000,-0.0000,0.0000
1785918718.1430,0.0000,-0.0000,0.0000,1.8640,1.8720,80.0000,1.8640,1.8770,80.0000,0.0000,-0.0000,0.0000
1785918718.1930,0.0000,-0.0000,0.0000,1.8640,1.8550,81.0000,1.8640,1.8430,82.0000,0.0000,-0.0000,0.0000
1785918718.2430,0.0000,-0.0000,0.0000,1.8640,1.8650,80.0000,1.8640,1.8680,80.0000,0.0000,-0.0000,0.0000
1785918718.2930,0.0000,-0.0000,0.0000,1.8640,1.8760,79.0000,1.8640,1.8810,80.0000,0.0000,-0.0000,0.0000
1785918718.3430,0.0000,-0.0000,0.0000,1.8640,1.8570,80.0000,1.8640,1.8510,81.0000,0.0000,-0.0000,0.0000
1785918718.3931,0.0000,-0.0000,0.0000,1.8640,1.8670,80.0000,1.8640,1.8620,81.0000,0.0000,-0.0000,0.0000
1785918718.4431,0.0000,-0.0000,0.0000,1.8640,1.8730,80.0000,1.8640,1.8870,79.0000,0.0000,-0.0000,0.0000
1785918718.4931,0.0000,-0.0000,0.0000,1.8640,1.8590,80.0000,1.8640,1.8570,81.0000,0.0000,-0.0000,0.0000
1785918718.5431,0.0000,-0.0000,0.0000,1.8640,1.8580,80.0000,1.8640,1.8520,81.0000,0.0000,-0.0000,0.0000
1785918718.5930,0.0000,-0.0000,0.0000,1.8640,1.8740,79.0000,1.8640,1.8790,80.0000,0.0000,-0.0000,0.0000
1785918718.6430,0.0000,-0.0000,0.0000,1.8640,1.8660,80.0000,1.8640,1.8630,81.0000,0.0000,-0.0000,0.0000
1785918718.6931,0.0000,-0.0000,0.0000,1.8640,1.8550,81.0000,1.8640,1.8500,81.0000,0.0000,-0.0000,0.0000
1785918718.7431,0.0000,-0.0000,0.0000,1.8640,1.8720,80.0000,1.8640,1.8770,80.0000,0.0000,-0.0000,0.0000
1785918718.7931,0.0000,-0.0000,0.0000,1.8640,1.8680,80.0000,1.8640,1.8730,80.0000,0.0000,-0.0000,0.0000
1785918718.8430,0.0000,-0.0000,0.0000,1.8640,1.8530,81.0000,1.8640,1.8450,82.0000,0.0000,-0.0000,0.0000
1785918718.8938,0.0000,-0.0000,0.0000,1.8640,1.8700,80.0000,1.8640,1.8670,80.0000,0.0000,-0.0000,0.0000
1785918718.9430,0.0000,-0.0000,0.0000,1.8640,1.8720,80.0000,1.8640,1.8810,80.0000,0.0000,-0.0000,0.0000
1785918718.9931,0.0000,-0.0000,0.0000,1.8640,1.8560,81.0000,1.8640,1.8480,82.0000,0.0000,-0.0000,0.0000
1785918719.0431,0.0000,-0.0000,0.0000,1.8640,1.8650,80.0000,1.8640,1.8650,81.0000,0.0000,-0.0000,0.0000
1785918719.0931,0.0000,-0.0000,0.0000,1.8640,1.8720,80.0000,1.8640,1.8820,79.0000,0.0000,-0.0000,0.0000
1785918719.1431,0.0000,-0.0000,0.0000,1.8640,1.8580,80.0000,1.8640,1.8550,81.0000,0.0000,-0.0000,0.0000
1785918719.1931,0.0000,-0.0000,0.0000,1.8640,1.8600,80.0000,1.8640,1.8530,81.0000,0.0000,-0.0000,0.0000
1785918719.2431,0.0000,-0.0000,0.0000,1.8640,1.8740,80.0000,1.8640,1.8780,80.0000,0.0000,-0.0000,0.0000
1785918719.2931,0.0000,-0.0000,0.0000,1.8640,1.8620,80.0000,1.8640,1.8630,81.0000,0.0000,-0.0000,0.0000
1785918719.3431,0.0000,-0.0000,0.0000,1.8640,1.8580,80.0000,1.8640,1.8480,82.0000,0.0000,-0.0000,0.0000
1785918719.3931,0.0000,-0.0000,0.0000,1.8640,1.8680,80.0000,1.8640,1.8790,80.0000,0.0000,-0.0000,0.0000
1785918719.4431,0.0000,-0.0000,0.0000,1.8640,1.8720,80.0000,1.8640,1.8760,80.0000,0.0000,-0.0000,0.0000
1785918719.4931,0.0000,-0.0000,0.0000,1.8640,1.8530,81.0000,1.8640,1.8390,82.0000,0.0000,-0.0000,0.0000
1785918719.5433,0.0000,-0.0000,0.0000,1.8640,1.8660,80.0000,1.8640,1.8750,80.0000,0.0000,-0.0000,0.0000
1785918719.5937,0.0000,-0.0000,0.0000,1.8640,1.8750,79.0000,1.8640,1.8760,80.0000,0.0000,-0.0000,0.0000
1785918719.6430,0.0000,-0.0000,0.0000,1.8640,1.8490,81.0000,1.8640,1.8440,82.0000,0.0000,-0.0000,0.0000
1785918719.6930,0.0000,-0.0000,0.0000,1.8640,1.8620,80.0000,1.8640,1.8670,80.0000,0.0000,-0.0000,0.0000
1785918719.7431,0.0000,-0.0000,0.0000,1.8640,1.8720,80.0000,1.8640,1.8800,80.0000,0.0000,-0.0000,0.0000
1785918719.7931,0.0000,-0.0000,0.0000,1.8640,1.8570,80.0000,1.8640,1.8490,81.0000,0.0000,-0.0000,0.0000
1785918719.8437,0.0000,-0.0000,0.0000,1.8640,1.8590,80.0000,1.8640,1.8550,81.0000,0.0000,-0.0000,0.0000
1785918719.8931,0.0000,-0.0000,0.0000,1.8640,1.8750,79.0000,1.8640,1.8840,79.0000,0.0000,-0.0000,0.0000
1785918719.9444,0.0000,-0.0000,0.0000,1.8640,1.8610,80.0000,1.8640,1.8600,81.0000,0.0000,-0.0000,0.0000
1785918719.9942,0.0000,-0.0000,0.0000,2.1040,1.8770,100.0000,2.1040,1.8650,101.0000,0.0000,-0.0000,0.0000
1785918720.0448,0.0000,-0.0000,0.0000,2.7040,2.4680,122.0000,2.7040,2.4540,123.0000,0.0000,-0.0000,0.0000
1785918720.0942,0.0000,-0.0000,0.0000,2.7820,2.8130,115.0000,2.7820,2.8250,115.0000,0.0000,-0.0000,0.0000
1785918720.1442,0.0000,-0.0000,0.0000,2.7820,2.7950,119.0000,2.7820,2.8060,119.0000,0.0000,-0.0000,0.0000
1785918720.1942,0.0000,-0.0000,0.0000,2.7820,2.8110,118.0000,2.7820,2.8180,118.0000,0.0000,-0.0000,0.0000
1785918720.2455,0.0000,-0.0000,0.0000,2.7820,2.8130,118.0000,2.7820,2.8080,118.0000,0.0000,-0.0000,0.0000
1785918720.2951,0.0000,-0.0000,0.0000,2.7820,2.8030,118.0000,2.7820,2.8020,118.0000,0.0000,-0.0000,0.0000
1785918720.3451,0.0000,-0.0000,0.0000,2.7820,2.7990,118.0000,2.7820,2.8010,118.0000,0.0000,-0.0000,0.0000
1785918720.3952,0.0000,-0.0000,0.0000,2.7820,2.8010,117.0000,2.7820,2.7920,118.0000,0.0000,-0.0000,0.0000
1785918720.4452,0.0000,-0.0000,0.0000,2.7820,2.7920,118.0000,2.7820,2.7930,117.0000,0.0000,-0.0000,0.0000
1785918720.4952,0.0000,-0.0000,0.0000,2.7820,2.7920,117.0000,2.7820,2.7860,117.0000,0.0000,-0.0000,0.0000
1785918720.5458,0.0000,-0.0000,0.0000,2.7820,2.7880,117.0000,2.7820,2.7830,117.0000,0.0000,-0.0000,0.0000
1785918720.5952,0.0000,-0.0000,0.0000,2.7820,2.7920,117.0000,2.7820,2.7870,117.0000,0.0000,-0.0000,0.0000
1785918720.6453,0.0000,-0.0000,0.0000,2.7820,2.7900,117.0000,2.7820,2.7900,117.0000,0.0000,-0.0000,0.0000
1785918720.6952,0.0000,-0.0000,0.0000,2.7820,2.7910,117.0000,2.7820,2.7910,116.0000,0.0000,-0.0000,0.0000
1785918720.7452,0.0000,-0.0000,0.0000,2.7820,2.7870,117.0000,2.7820,2.7910,116.0000,0.0000,-0.0000,0.0000
1785918720.7952,0.0000,-0.0000,0.0000,2.7820,2.7930,117.0000,2.7820,2.7920,116.0000,0.0000,-0.0000,0.0000
1785918720.8452,0.0000,-0.0000,0.0000,2.7820,2.7870,117.0000,2.7820,2.7950,116.0000,0.0000,-0.0000,0.0000
1785918720.8952,0.0000,-0.0000,0.0000,2.7820,2.7900,116.0000,2.7820,2.7950,116.0000,0.0000,-0.0000,0.0000
1785918720.9453,0.0000,-0.0000,0.0000,2.7820,2.7880,117.0000,2.7820,2.7980,115.0000,0.0000,-0.0000,0.0000
1785918720.9952,0.0000,-0.0000,0.0000,2.7820,2.7900,116.0000,2.7820,2.8020,115.0000,0.0000,-0.0000,0.0000
1785918721.0452,0.0000,-0.0000,0.0000,2.7820,2.7850,117.0000,2.7820,2.8030,115.0000,0.0000,-0.0000,0.0000
1785918721.0952,0.0000,-0.0000,0.0000,2.7820,2.7910,116.0000,2.7820,2.8020,115.0000,0.0000,-0.0000,0.0000
1785918721.1452,0.0000,-0.0000,0.0000,2.7820,2.7860,116.0000,2.7820,2.8020,115.0000,0.0000,-0.0000,0.0000
1785918721.1958,0.0000,-0.0000,0.0000,2.7820,2.7880,116.0000,2.7820,2.8010,115.0000,0.0000,-0.0000,0.0000
1785918721.2458,0.0000,-0.0000,0.0000,2.7820,2.7850,117.0000,2.7820,2.7970,115.0000,0.0000,-0.0000,0.0000
1785918721.2952,0.0000,-0.0000,0.0000,2.7820,2.7860,116.0000,2.7820,2.8000,115.0000,0.0000,-0.0000,0.0000
1785918721.3452,0.0000,-0.0000,0.0000,2.7820,2.7860,116.0000,2.7820,2.7950,115.0000,0.0000,-0.0000,0.0000
1785918721.3952,0.0000,-0.0000,0.0000,2.7820,2.7830,117.0000,2.7820,2.7920,116.0000,0.0000,-0.0000,0.0000
1785918721.4453,0.0000,-0.0000,0.0000,2.7820,2.7870,116.0000,2.7820,2.7930,115.0000,0.0000,-0.0000,0.0000
1785918721.4959,0.0000,-0.0000,0.0000,2.7820,2.7850,117.0000,2.7820,2.7880,116.0000,0.0000,-0.0000,0.0000
1785918721.5452,0.0000,-0.0000,0.0000,2.7820,2.7850,117.0000,2.7820,2.7820,116.0000,0.0000,-0.0000,0.0000
1785918721.5952,0.0000,-0.0000,0.0000,2.7820,2.7810,117.0000,2.7820,2.7730,117.0000,0.0000,-0.0000,0.0000
1785918721.6452,0.0000,-0.0000,0.0000,2.7820,2.7810,117.0000,2.7820,2.7750,116.0000,0.0000,-0.0000,0.0000
1785918721.6953,0.0000,-0.0000,0.0000,2.7820,2.7780,117.0000,2.7820,2.7700,117.0000,0.0000,-0.0000,0.0000
1785918721.7452,0.0000,-0.0000,0.0000,2.7820,2.7810,117.0000,2.7820,2.7710,117.0000,0.0000,-0.0000,0.0000
1785918721.7962,0.0000,-0.0000,0.0000,2.7820,2.7790,117.0000,2.7820,2.7620,117.0000,0.0000,-0.0000,0.0000
1785918721.8452,0.0000,-0.0000,0.0000,2.7820,2.7760,117.0000,2.7820,2.7670,117.0000,0.0000,-0.0000,0.0000
1785918721.8953,0.0000,-0.0000,0.0000,2.7820,2.7830,117.0000,2.7820,2.7650,117.0000,0.0000,-0.0000,0.0000
1785918721.9453,0.0000,-0.0000,0.0000,2.7820,2.7760,117.0000,2.7820,2.7630,117.0000,0.0000,-0.0000,0.0000
1785918721.9953,0.0000,-0.0000,0.0000,2.7820,2.7810,117.0000,2.7820,2.7650,117.0000,0.0000,-0.0000,0.0000
1785918722.0454,0.0000,-0.0000,0.0000,2.7820,2.7750,117.0000,2.7820,2.7700,117.0000,0.0000,-0.0000,0.0000
1785918722.0952,0.0000,-0.0000,0.0000,2.7820,2.7820,117.0000,2.7820,2.7770,116.0000,0.0000,-0.0000,0.0000
1785918722.1453,0.0000,-0.0000,0.0000,2.7820,2.7770,117.0000,2.7820,2.7690,117.0000,0.0000,-0.0000,0.0000
1785918722.1953,0.0000,-0.0000,0.0000,2.7820,2.7790,117.0000,2.7820,2.7770,116.0000,0.0000,-0.0000,0.0000
1785918722.2477,0.0000,-0.0000,0.0000,2.7820,2.7810,117.0000,2.7820,2.7750,116.0000,0.0000,-0.0000,0.0000
1785918722.2952,0.0000,-0.0000,0.0000,2.7820,2.7790,117.0000,2.7820,2.7820,116.0000,0.0000,-0.0000,0.0000
1785918722.3452,0.0000,-0.0000,0.0000,2.7820,2.7800,117.0000,2.7820,2.7840,116.0000,0.0000,-0.0000,0.0000
1785918722.3953,0.0000,-0.0000,0.0000,2.7820,2.7820,117.0000,2.7820,2.7870,115.0000,0.0000,-0.0000,0.0000
1785918722.4453,0.0000,-0.0000,0.0000,2.7820,2.7810,117.0000,2.7820,2.7880,115.0000,0.0000,-0.0000,0.0000
1785918722.4960,0.0000,-0.0000,0.0000,2.7820,2.7870,116.0000,2.7820,2.7900,115.0000,0.0000,-0.0000,0.0000
1785918722.5453,0.0000,-0.0000,0.0000,2.7820,2.7810,117.0000,2.7820,2.7960,115.0000,0.0000,-0.0000,0.0000
1785918722.5953,0.0000,-0.0000,0.0000,2.7820,2.7860,116.0000,2.7820,2.7970,115.0000,0.0000,-0.0000,0.0000
1785918722.6453,0.0000,-0.0000,0.0000,2.7820,2.7880,116.0000,2.7820,2.7950,115.0000,0.0000,-0.0000,0.0000
1785918722.6953,0.0000,-0.0000,0.0000,2.7820,2.7840,117.0000,2.7820,2.8020,115.0000,0.0000,-0.0000,0.0000
1785918722.7453,0.0000,-0.0000,0.0000,2.7820,2.7900,116.0000,2.7820,2.7980,115.0000,0.0000,-0.0000,0.0000
1785918722.7953,0.0000,-0.0000,0.0000,2.7820,2.7870,116.0000,2.7820,2.8010,115.0000,0.0000,-0.0000,0.0000
1785918722.8459,0.0000,-0.0000,0.0000,2.7820,2.7870,116.0000,2.7820,2.7840,116.0000,0.0000,-0.0000,0.0000
1785918722.8953,0.0000,-0.0000,0.0000,2.7820,2.7890,116.0000,2.7820,2.7860,116.0000,0.0000,-0.0000,0.0000
1785918722.9453,0.0000,-0.0000,0.0000,2.7820,2.7880,116.0000,2.7820,2.7830,116.0000,0.0000,-0.0000,0.0000
1785918722.9953,0.0000,-0.0000,0.0000,2.7820,2.7860,116.0000,2.7820,2.7810,116.0000,0.0000,-0.0000,0.0000
1785918723.0454,0.0000,-0.0000,0.0000,2.7820,2.7890,116.0000,2.7820,2.7820,116.0000,0.0000,-0.0000,0.0000
1785918723.0953,0.0000,-0.0000,0.0000,2.7820,2.7820,117.0000,2.7820,2.7800,116.0000,0.0000,-0.0000,0.0000
1785918723.1453,0.0000,-0.0000,0.0000,2.7820,2.7840,116.0000,2.7820,2.7750,117.0000,0.0000,-0.0000,0.0000
1785918723.1953,0.0000,-0.0000,0.0000,2.7820,2.7830,117.0000,2.7820,2.7770,117.0000,0.0000,-0.0000,0.0000
1785918723.2453,0.0000,-0.0000,0.0000,2.7820,2.7830,117.0000,2.7820,2.7700,117.0000,0.0000,-0.0000,0.0000
1785918723.2953,0.0000,-0.0000,0.0000,2.7820,2.7840,116.0000,2.7820,2.7670,117.0000,0.0000,-0.0000,0.0000
1785918723.3453,0.0000,-0.0000,0.0000,2.7820,2.7810,117.0000,2.7820,2.7630,117.0000,0.0000,-0.0000,0.0000
1785918723.3954,0.0000,-0.0000,0.0000,2.7820,2.7810,117.0000,2.7820,2.7630,118.0000,0.0000,-0.0000,0.0000
1785918723.4453,0.0000,-0.0000,0.0000,2.7820,2.7810,117.0000,2.7820,2.7650,117.0000,0.0000,-0.0000,0.0000
1785918723.4953,0.0000,-0.0000,0.0000,2.7820,2.7780,117.0000,2.7820,2.7640,118.0000,0.0000,-0.0000,0.0000
1785918723.5453,0.0000,-0.0000,0.0000,2.7820,2.7810,117.0000,2.7820,2.7670,117.0000,0.0000,-0.0000,0.0000
1785918723.5953,0.0000,-0.0000,0.0000,2.7820,2.7760,117.0000,2.7820,2.7660,117.0000,0.0000,-0.0000,0.0000
1785918723.6453,0.0000,-0.0000,0.0000,2.7820,2.7750,117.0000,2.7820,2.7620,118.0000,0.0000,-0.0000,0.0000
1785918723.6954,0.0000,-0.0000,0.0000,2.7820,2.7790,117.0000,2.7820,2.7630,118.0000,0.0000,-0.0000,0.0000
1785918723.7453,0.0000,-0.0000,0.0000,2.7820,2.7780,117.0000,2.7820,2.7710,117.0000,0.0000,-0.0000,0.0000
1785918723.7953,0.0000,-0.0000,0.0000,2.7820,2.7750,117.0000,2.7820,2.7750,117.0000,0.0000,-0.0000,0.0000
1785918723.8453,0.0000,-0.0000,0.0000,2.7820,2.7790,117.0000,2.7820,2.7790,117.0000,0.0000,-0.0000,0.0000
1785918723.8953,0.0000,-0.0000,0.0000,2.7820,2.7780,117.0000,2.7820,2.7820,116.0000,0.0000,-0.0000,0.0000
1785918723.9454,0.0000,-0.0000,0.0000,2.7820,2.7780,117.0000,2.7820,2.7880,116.0000,0.0000,-0.0000,0.0000
1785918723.9953,0.0000,-0.0000,0.0000,2.7820,2.7800,117.0000,2.7820,2.7880,116.0000,0.0000,-0.0000,0.0000
1785918724.0454,0.0000,-0.0000,0.0000,2.7820,2.7850,116.0000,2.7820,2.7890,116.0000,0.0000,-0.0000,0.0000
1785918724.0953,0.0000,-0.0000,0.0000,2.7820,2.7830,116.0000,2.7820,2.8000,115.0000,0.0000,-0.0000,0.0000
1785918724.1454,0.0000,-0.0000,0.0000,2.7820,2.7820,116.0000,2.7820,2.7940,116.0000,0.0000,-0.0000,0.0000
1785918724.1954,0.0000,-0.0000,0.0000,2.7820,2.7840,116.0000,2.7820,2.8010,115.0000,0.0000,-0.0000,0.0000
1785918724.2454,0.0000,-0.0000,0.0000,2.7820,2.7820,117.0000,2.7820,2.7970,116.0000,0.0000,-0.0000,0.0000
1785918724.2953,0.0000,-0.0000,0.0000,2.7820,2.7850,116.0000,2.7820,2.7990,115.0000,0.0000,-0.0000,0.0000
1785918724.3454,0.0000,-0.0000,0.0000,2.7820,2.7870,116.0000,2.7820,2.7990,115.0000,0.0000,-0.0000,0.0000
1785918724.3959,0.0000,-0.0000,0.0000,2.7820,2.7860,116.0000,2.7820,2.7980,115.0000,0.0000,-0.0000,0.0000
1785918724.4454,0.0000,-0.0000,0.0000,2.7820,2.7900,116.0000,2.7820,2.7980,115.0000,0.0000,-0.0000,0.0000
1785918724.4953,0.0000,-0.0000,0.0000,2.7820,2.7870,116.0000,2.7820,2.7940,116.0000,0.0000,-0.0000,0.0000
1785918724.5454,0.0000,-0.0000,0.0000,2.7820,2.7840,116.0000,2.7820,2.7920,116.0000,0.0000,-0.0000,0.0000
1785918724.5954,-0.1200,-0.0000,-14.0000,2.6620,2.7890,106.0000,2.6620,2.7930,105.0000,-0.1200,-0.0000,-14.0000
1785918724.6454,-0.4800,-0.4800,-24.0000,2.0620,2.3490,76.0000,2.0620,2.4220,72.0000,-0.4800,-0.4610,-26.0000
1785918724.6953,0.0000,-0.1920,0.0000,1.4620,1.7420,51.0000,1.4620,1.7860,48.0000,0.0000,-0.2230,0.0000
1785918724.7452,0.0000,-0.0140,0.0000,0.8620,1.1170,27.0000,0.8620,1.1560,24.0000,0.0000,-0.0150,0.0000
1785918724.7952,0.0000,-0.0010,0.0000,0.2620,0.5180,0.0000,0.2620,0.5570,-3.0000,0.0000,-0.0010,0.0000
1785918724.8453,0.0000,-0.0000,0.0000,0.0000,-0.0090,0.0000,0.0000,-0.0340,0.0000,0.0000,-0.0000,0.0000
1785918724.8954,0.0000,-0.0000,0.0000,-0.4800,-0.2230,-38.0000,-0.4800,-0.1460,-42.0000,0.0000,-0.0000,0.0000
1785918724.9455,0.0000,-0.0000,0.0000,-1.0800,-0.8550,-59.0000,-1.0800,-0.7820,-64.0000,0.0000,-0.0000,0.0000
1785918724.9954,0.0000,-0.0000,0.0000,-1.6800,-1.4590,-84.0000,-1.6800,-1.4280,-87.0000,0.0000,-0.0000,0.0000
1785918725.0456,0.0000,-0.0000,0.0000,-2.2800,-2.0810,-109.0000,-2.2800,-2.0390,-113.0000,0.0000,-0.0000,0.0000
1785918725.0955,0.0000,-0.0000,0.0000,-2.7820,-2.7020,-125.0000,-2.7820,-2.6770,-128.0000,0.0000,-0.0000,0.0000
1785918725.1455,0.0000,-0.0000,0.0000,-2.7820,-2.8730,-120.0000,-2.7820,-2.9040,-120.0000,0.0000,-0.0000,0.0000
1785918725.1955,0.0000,-0.0000,0.0000,-2.7820,-2.8880,-120.0000,-2.7820,-2.8960,-121.0000,0.0000,-0.0000,0.0000
1785918725.2455,0.0000,-0.0000,0.0000,-2.7820,-2.8740,-120.0000,-2.7820,-2.8970,-120.0000,0.0000,-0.0000,0.0000
1785918725.2954,0.0000,-0.0000,0.0000,-2.7820,-2.8660,-119.0000,-2.7820,-2.8870,-120.0000,0.0000,-0.0000,0.0000
1785918725.3455,0.0000,-0.0000,0.0000,-2.7820,-2.8500,-119.0000,-2.7820,-2.8800,-119.0000,0.0000,-0.0000,0.0000
1785918725.3955,0.0000,-0.0000,0.0000,-2.7820,-2.8410,-119.0000,-2.7820,-2.8630,-119.0000,0.0000,-0.0000,0.0000
1785918725.4459,0.0000,-0.0000,0.0000,-2.7820,-2.8310,-118.0000,-2.7820,-2.8520,-118.0000,0.0000,-0.0000,0.0000
1785918725.4955,0.0000,-0.0000,0.0000,-2.7820,-2.8300,-118.0000,-2.7820,-2.8420,-118.0000,0.0000,-0.0000,0.0000
1785918725.5455,0.0000,-0.0000,0.0000,-2.7820,-2.8160,-118.0000,-2.7820,-2.8340,-118.0000,0.0000,-0.0000,0.0000
1785918725.5955,0.0000,-0.0000,0.0000,-2.7820,-2.8110,-118.0000,-2.7820,-2.8200,-118.0000,0.0000,-0.0000,0.0000
1785918725.6462,0.0000,-0.0000,0.0000,-2.7820,-2.8060,-117.0000,-2.7820,-2.8100,-118.0000,0.0000,-0.0000,0.0000
1785918725.6956,0.0000,-0.0000,0.0000,-2.7820,-2.8060,-117.0000,-2.7820,-2.8040,-118.0000,0.0000,-0.0000,0.0000
1785918725.7465,0.0000,-0.0000,0.0000,-2.7820,-2.8010,-117.0000,-2.7820,-2.7930,-118.0000,0.0000,-0.0000,0.0000
1785918725.7955,0.0000,-0.0000,0.0000,-2.7820,-2.8010,-117.0000,-2.7820,-2.7860,-119.0000,0.0000,-0.0000,0.0000
1785918725.8455,0.0000,-0.0000,0.0000,-2.7820,-2.7970,-117.0000,-2.7820,-2.7850,-118.0000,0.0000,-0.0000,0.0000
1785918725.8962,0.0000,-0.0000,0.0000,-2.7820,-2.7980,-116.0000,-2.7820,-2.7830,-118.0000,0.0000,-0.0000,0.0000
1785918725.9462,0.0000,-0.0000,0.0000,-2.7820,-2.7980,-116.0000,-2.7820,-2.7740,-118.0000,0.0000,-0.0000,0.0000
1785918725.9964,0.0000,-0.0000,0.0000,-2.7820,-2.7940,-116.0000,-2.7820,-2.7800,-118.0000,0.0000,-0.0000,0.0000
1785918726.0456,0.0000,-0.0000,0.0000,-2.7820,-2.7770,-117.0000,-2.7820,-2.7820,-118.0000,0.0000,-0.0000,0.0000
1785918726.0955,0.0000,-0.0000,0.0000,-2.7820,-2.7820,-117.0000,-2.7820,-2.7830,-117.0000,0.0000,-0.0000,0.0000
1785918726.1469,0.0000,-0.0000,0.0000,-2.7820,-2.7840,-117.0000,-2.7820,-2.7800,-117.0000,0.0000,-0.0000,0.0000
1785918726.1972,0.0000,-0.0000,0.0000,-2.7820,-2.7850,-117.0000,-2.7820,-2.7840,-117.0000,0.0000,-0.0000,0.0000
1785918726.2472,0.0000,-0.0000,0.0000,-2.7820,-2.7820,-117.0000,-2.7820,-2.7880,-117.0000,0.0000,-0.0000,0.0000
1785918726.2965,0.0000,-0.0000,0.0000,-2.7820,-2.7820,-117.0000,-2.7820,-2.7900,-116.0000,0.0000,-0.0000,0.0000
1785918726.3466,0.0000,-0.0000,0.0000,-2.7820,-2.7800,-117.0000,-2.7820,-2.7920,-116.0000,0.0000,-0.0000,0.0000
1785918726.3966,0.0000,-0.0000,0.0000,-2.7820,-2.7830,-117.0000,-2.7820,-2.7920,-116.0000,0.0000,-0.0000,0.0000
1785918726.4466,0.0000,-0.0000,0.0000,-2.7820,-2.7840,-117.0000,-2.7820,-2.7970,-116.0000,0.0000,-0.0000,0.0000
1785918726.4965,0.0000,-0.0000,0.0000,-2.7820,-2.7860,-116.0000,-2.7820,-2.7900,-116.0000,0.0000,-0.0000,0.0000
1785918726.5466,0.0000,-0.0000,0.0000,-2.7820,-2.7870,-116.0000,-2.7820,-2.7960,-116.0000,0.0000,-0.0000,0.0000
1785918726.5966,0.0000,-0.0000,0.0000,-2.7820,-2.7810,-117.0000,-2.7820,-2.8020,-116.0000,0.0000,-0.0000,0.0000
1785918726.6467,0.0000,-0.0000,0.0000,-2.7820,-2.7790,-117.0000,-2.7820,-2.7950,-116.0000,0.0000,-0.0000,0.0000
1785918726.6966,0.0000,-0.0000,0.0000,-2.7820,-2.7780,-117.0000,-2.7820,-2.8060,-115.0000,0.0000,-0.0000,0.0000
1785918726.7466,0.0000,-0.0000,0.0000,-2.7820,-2.7830,-116.0000,-2.7820,-2.8020,-116.0000,0.0000,-0.0000,0.0000
1785918726.7965,0.0000,-0.0000,0.0000,-2.7820,-2.7810,-117.0000,-2.7820,-2.7990,-116.0000,0.0000,-0.0000,0.0000
1785918726.8465,0.0000,-0.0000,0.0000,-2.7820,-2.7810,-117.0000,-2.7820,-2.7970,-116.0000,0.0000,-0.0000,0.0000
1785918726.8966,0.0000,-0.0000,0.0000,-2.7820,-2.7770,-117.0000,-2.7820,-2.7960,-116.0000,0.0000,-0.0000,0.0000
1785918726.9466,0.0000,-0.0000,0.0000,-2.7820,-2.7840,-116.0000,-2.7820,-2.7940,-116.0000,0.0000,-0.0000,0.0000
1785918726.9975,0.0000,-0.0000,0.0000,-2.7820,-2.7790,-117.0000,-2.7820,-2.7850,-117.0000,0.0000,-0.0000,0.0000
1785918727.0467,0.0000,-0.0000,0.0000,-2.7820,-2.7840,-116.0000,-2.7820,-2.7830,-117.0000,0.0000,-0.0000,0.0000
1785918727.0966,0.0000,-0.0000,0.0000,-2.7820,-2.7810,-117.0000,-2.7820,-2.7810,-117.0000,0.0000,-0.0000,0.0000
1785918727.1466,0.0000,-0.0000,0.0000,-2.7820,-2.7830,-117.0000,-2.7820,-2.7780,-117.0000,0.0000,-0.0000,0.0000
1785918727.1966,0.0000,-0.0000,0.0000,-2.7820,-2.7830,-117.0000,-2.7820,-2.7760,-117.0000,0.0000,-0.0000,0.0000
1785918727.2466,0.0000,-0.0000,0.0000,-2.7820,-2.7790,-117.0000,-2.7820,-2.7690,-117.0000,0.0000,-0.0000,0.0000
1785918727.2966,0.0000,-0.0000,0.0000,-2.7820,-2.7820,-117.0000,-2.7820,-2.7650,-118.0000,0.0000,-0.0000,0.0000
1785918727.3466,0.0000,-0.0000,0.0000,-2.7820,-2.7850,-116.0000,-2.7820,-2.7640,-118.0000,0.0000,-0.0000,0.0000
1785918727.3973,0.0000,-0.0000,0.0000,-2.7820,-2.7870,-116.0000,-2.7820,-2.7680,-118.0000,0.0000,-0.0000,0.0000
1785918727.4466,0.0000,-0.0000,0.0000,-2.7820,-2.7890,-116.0000,-2.7820,-2.7700,-117.0000,0.0000,-0.0000,0.0000
1785918727.4966,0.0000,-0.0000,0.0000,-2.7820,-2.7840,-116.0000,-2.7820,-2.7710,-117.0000,0.0000,-0.0000,0.0000
1785918727.5466,0.0000,-0.0000,0.0000,-2.7820,-2.7860,-116.0000,-2.7820,-2.7720,-117.0000,0.0000,-0.0000,0.0000
1785918727.5970,0.0000,-0.0000,0.0000,-2.7820,-2.7870,-116.0000,-2.7820,-2.7660,-117.0000,0.0000,-0.0000,0.0000
1785918727.6466,0.0000,-0.0000,0.0000,-2.7820,-2.7860,-116.0000,-2.7820,-2.7690,-117.0000,0.0000,-0.0000,0.0000
1785918727.6973,0.0000,-0.0000,0.0000,-2.7820,-2.7860,-116.0000,-2.7820,-2.7690,-117.0000,0.0000,-0.0000,0.0000
1785918727.7466,0.0000,-0.0000,0.0000,-2.7820,-2.7840,-116.0000,-2.7820,-2.7750,-117.0000,0.0000,-0.0000,0.0000
1785918727.7966,0.0000,-0.0000,0.0000,-2.7820,-2.7830,-117.0000,-2.7820,-2.7790,-117.0000,0.0000,-0.0000,0.0000
1785918727.8466,0.0000,-0.0000,0.0000,-2.7820,-2.7790,-117.0000,-2.7820,-2.7800,-117.0000,0.0000,-0.0000,0.0000
1785918727.8967,0.0000,-0.0000,0.0000,-2.7820,-2.7820,-117.0000,-2.7820,-2.7830,-116.0000,0.0000,-0.0000,0.0000
1785918727.9466,0.0000,-0.0000,0.0000,-2.7820,-2.7790,-117.0000,-2.7820,-2.7870,-116.0000,0.0000,-0.0000,0.0000
1785918727.9974,0.0000,-0.0000,0.0000,-2.7820,-2.7770,-117.0000,-2.7820,-2.7880,-116.0000,0.0000,-0.0000,0.0000
1785918728.0467,0.0000,-0.0000,0.0000,-2.7820,-2.7780,-117.0000,-2.7820,-2.7950,-116.0000,0.0000,-0.0000,0.0000
1785918728.0966,0.0000,-0.0000,0.0000,-2.7820,-2.7800,-117.0000,-2.7820,-2.7940,-116.0000,0.0000,-0.0000,0.0000
1785918728.1467,0.0000,-0.0000,0.0000,-2.7820,-2.7820,-117.0000,-2.7820,-2.7960,-116.0000,0.0000,-0.0000,0.0000
1785918728.1967,0.0000,-0.0000,0.0000,-2.7820,-2.7820,-117.0000,-2.7820,-2.7950,-116.0000,0.0000,-0.0000,0.0000
1785918728.2466,0.0000,-0.0000,0.0000,-2.7820,-2.7780,-117.0000,-2.7820,-2.7980,-116.0000,0.0000,-0.0000,0.0000
1785918728.2966,0.0000,-0.0000,0.0000,-2.7820,-2.7800,-117.0000,-2.7820,-2.7950,-116.0000,0.0000,-0.0000,0.0000
1785918728.3467,0.0000,-0.0000,0.0000,-2.7820,-2.7800,-117.0000,-2.7820,-2.7980,-116.0000,0.0000,-0.0000,0.0000
1785918728.3966,0.0000,-0.0000,0.0000,-2.7820,-2.7790,-117.0000,-2.7820,-2.7960,-116.0000,0.0000,-0.0000,0.0000
1785918728.4467,0.0000,-0.0000,0.0000,-2.7820,-2.7830,-116.0000,-2.7820,-2.7990,-116.0000,0.0000,-0.0000,0.0000
1785918728.4967,0.0000,-0.0000,0.0000,-2.7820,-2.7820,-116.0000,-2.7820,-2.7930,-116.0000,0.0000,-0.0000,0.0000
1785918728.5466,0.0000,-0.0000,0.0000,-2.7820,-2.7840,-116.0000,-2.7820,-2.7920,-116.0000,0.0000,-0.0000,0.0000
1785918728.5966,0.0000,-0.0000,0.0000,-2.7820,-2.7790,-117.0000,-2.7820,-2.7880,-116.0000,0.0000,-0.0000,0.0000
1785918728.6468,0.0000,-0.0000,0.0000,-2.7820,-2.7850,-116.0000,-2.7820,-2.7830,-116.0000,0.0000,-0.0000,0.0000
1785918728.6966,0.0000,-0.0000,0.0000,-2.7820,-2.7810,-117.0000,-2.7820,-2.7800,-117.0000,0.0000,-0.0000,0.0000
1785918728.7466,0.0000,-0.0000,0.0000,-2.7820,-2.7820,-116.0000,-2.7820,-2.7780,-117.0000,0.0000,-0.0000,0.0000
1785918728.7967,0.0000,-0.0000,0.0000,-2.7820,-2.7850,-116.0000,-2.7820,-2.7780,-117.0000,0.0000,-0.0000,0.0000
1785918728.8466,0.0000,-0.0000,0.0000,-2.7820,-2.7840,-116.0000,-2.7820,-2.7700,-117.0000,0.0000,-0.0000,0.0000
1785918728.8966,0.0000,-0.0000,0.0000,-2.7820,-2.7880,-116.0000,-2.7820,-2.7640,-118.0000,0.0000,-0.0000,0.0000
1785918728.9467,0.0000,-0.0000,0.0000,-2.7820,-2.7860,-116.0000,-2.7820,-2.7670,-117.0000,0.0000,-0.0000,0.0000
1785918728.9966,0.0000,-0.0000,0.0000,-2.7820,-2.7880,-116.0000,-2.7820,-2.7650,-118.0000,0.0000,-0.0000,0.0000
1785918729.0469,0.0000,-0.0000,0.0000,-2.7820,-2.7860,-116.0000,-2.7820,-2.7660,-117.0000,0.0000,-0.0000,0.0000
1785918729.0966,0.0000,-0.0000,0.0000,-2.7820,-2.7830,-116.0000,-2.7820,-2.7640,-118.0000,0.0000,-0.0000,0.0000
1785918729.1467,0.0000,-0.0000,0.0000,-2.7820,-2.7870,-116.0000,-2.7820,-2.7670,-117.0000,0.0000,-0.0000,0.0000
1785918729.1967,0.0000,-0.0000,0.0000,-2.7820,-2.7860,-116.0000,-2.7820,-2.7680,-117.0000,0.0000,-0.0000,0.0000
1785918729.2467,0.0000,-0.0000,0.0000,-2.7820,-2.7860,-116.0000,-2.7820,-2.7670,-117.0000,0.0000,-0.0000,0.0000
1785918729.2967,0.0000,-0.0000,0.0000,-2.7820,-2.7890,-116.0000,-2.7820,-2.7720,-117.0000,0.0000,-0.0000,0.0000
1785918729.3467,0.0000,-0.0000,0.0000,-2.7820,-2.7840,-116.0000,-2.7820,-2.7760,-117.0000,0.0000,-0.0000,0.0000
1785918729.3967,0.0000,-0.0000,0.0000,-2.7820,-2.7780,-117.0000,-2.7820,-2.7810,-117.0000,0.0000,-0.0000,0.0000
1785918729.4467,0.0000,-0.0000,0.0000,-2.7820,-2.7790,-117.0000,-2.7820,-2.7800,-117.0000,0.0000,-0.0000,0.0000
1785918729.4967,0.0000,-0.0000,0.0000,-2.7820,-2.7830,-117.0000,-2.7820,-2.7880,-116.0000,0.0000,-0.0000,0.0000
1785918729.5467,0.0000,-0.0000,0.0000,-2.7820,-2.7810,-117.0000,-2.7820,-2.7840,-116.0000,0.0000,-0.0000,0.0000
1785918729.5967,0.0000,-0.0000,0.0000,-2.7820,-2.7810,-117.0000,-2.7820,-2.7900,-116.0000,0.0000,-0.0000,0.0000
1785918729.6468,0.0000,-0.0000,0.0000,-2.7820,-2.7780,-117.0000,-2.7820,-2.7880,-116.0000,0.0000,-0.0000,0.0000
1785918729.6967,0.0000,-0.0000,0.0000,-2.7820,-2.7800,-117.0000,-2.7820,-2.7960,-116.0000,0.0000,-0.0000,0.0000
1785918729.7467,0.0000,-0.0000,0.0000,-2.7820,-2.7780,-117.0000,-2.7820,-2.7970,-116.0000,0.0000,-0.0000,0.0000
1785918729.7972,0.0000,-0.0000,0.0000,-2.7820,-2.7740,-117.0000,-2.7820,-2.7960,-116.0000,0.0000,-0.0000,0.0000
1785918729.8467,0.0000,-0.0000,0.0000,-2.7820,-2.7800,-117.0000,-2.7820,-2.8000,-115.0000,0.0000,-0.0000,0.0000
1785918729.8967,0.0000,-0.0000,0.0000,-2.7820,-2.7820,-117.0000,-2.7820,-2.7960,-116.0000,0.0000,-0.0000,0.0000
1785918729.9467,0.0000,-0.0000,0.0000,-2.7820,-2.7790,-117.0000,-2.7820,-2.7930,-116.0000,0.0000,-0.0000,0.0000
1785918729.9967,0.0000,-0.0000,0.0000,-2.7820,-2.7790,-117.0000,-2.7820,-2.7990,-115.0000,0.0000,-0.0000,0.0000
1785918730.0467,0.0000,-0.0000,0.0000,-2.7820,-2.7800,-117.0000,-2.7820,-2.7930,-116.0000,0.0000,-0.0000,0.0000
1785918730.0974,0.0000,-0.0000,0.0000,-2.7820,-2.7770,-117.0000,-2.7820,-2.7920,-116.0000,0.0000,-0.0000,0.0000
1785918730.1467,0.0000,-0.0000,0.0000,-2.7820,-2.7770,-117.0000,-2.7820,-2.7940,-116.0000,0.0000,-0.0000,0.0000
1785918730.1967,0.0000,-0.0000,0.0000,-2.7820,-2.7780,-117.0000,-2.7820,-2.7870,-116.0000,0.0000,-0.0000,0.0000
1785918730.2466,0.0000,-0.0000,0.0000,-2.5420,-2.7660,-97.0000,-2.5420,-2.7730,-96.0000,0.0000,-0.0000,0.0000
1785918730.2966,0.0000,-0.0000,0.0000,-1.9420,-2.2250,-72.0000,-1.9420,-2.3190,-66.0000,0.0000,-0.0000,0.0000
1785918730.3467,0.0000,-0.0000,0.0000,-1.8640,-1.8230,-81.0000,-1.8640,-1.8310,-80.0000,0.0000,-0.0000,0.0000
1785918730.3967,0.0000,-0.0000,0.0000,-1.8640,-1.8390,-78.0000,-1.8640,-1.8000,-79.0000,0.0000,-0.0000,0.0000
1785918730.4467,0.0000,-0.0000,0.0000,-1.8640,-1.8280,-79.0000,-1.8640,-1.8150,-78.0000,0.0000,-0.0000,0.0000
1785918730.4967,0.0000,-0.0000,0.0000,-1.8640,-1.8200,-79.0000,-1.8640,-1.8240,-78.0000,0.0000,-0.0000,0.0000
1785918730.5467,0.0000,-0.0000,0.0000,-1.8640,-1.8320,-79.0000,-1.8640,-1.7960,-81.0000,0.0000,-0.0000,0.0000
1785918730.5969,0.0000,-0.0000,0.0000,-1.8640,-1.8310,-80.0000,-1.8640,-1.8260,-79.0000,0.0000,-0.0000,0.0000
1785918730.6468,0.0000,-0.0000,0.0000,-1.8640,-1.8360,-80.0000,-1.8640,-1.8430,-79.0000,0.0000,-0.0000,0.0000
1785918730.6967,0.0000,-0.0000,0.0000,-1.8640,-1.8500,-79.0000,-1.8640,-1.8200,-81.0000,0.0000,-0.0000,0.0000
1785918730.7467,0.0000,-0.0000,0.0000,-1.8640,-1.8520,-79.0000,-1.8640,-1.8400,-80.0000,0.0000,-0.0000,0.0000
1785918730.7967,0.0000,-0.0000,0.0000,-1.8640,-1.8430,-80.0000,-1.8640,-1.8600,-79.0000,0.0000,-0.0000,0.0000
1785918730.8467,0.0000,-0.0000,0.0000,-1.8640,-1.8580,-79.0000,-1.8640,-1.8310,-81.0000,0.0000,-0.0000,0.0000
1785918730.8967,0.0000,-0.0000,0.0000,-1.8640,-1.8520,-80.0000,-1.8640,-1.8470,-80.0000,0.0000,-0.0000,0.0000
1785918730.9467,0.0000,-0.0000,0.0000,-1.8640,-1.8550,-80.0000,-1.8640,-1.8660,-80.0000,0.0000,-0.0000,0.0000
1785918730.9967,0.0000,-0.0000,0.0000,-1.8640,-1.8640,-79.0000,-1.8640,-1.8500,-81.0000,0.0000,-0.0000,0.0000
1785918731.0467,0.0000,-0.0000,0.0000,-1.8640,-1.8590,-80.0000,-1.8640,-1.8440,-81.0000,0.0000,-0.0000,0.0000
1785918731.0975,0.0000,-0.0000,0.0000,-1.8640,-1.8590,-80.0000,-1.8640,-1.8710,-80.0000,0.0000,-0.0000,0.0000
1785918731.1467,0.0000,-0.0000,0.0000,-1.8640,-1.8630,-80.0000,-1.8640,-1.8580,-80.0000,0.0000,-0.0000,0.0000
1785918731.1967,0.0000,-0.0000,0.0000,-1.8640,-1.8640,-80.0000,-1.8640,-1.8420,-82.0000,0.0000,-0.0000,0.0000
1785918731.2467,0.0000,-0.0000,0.0000,-1.8640,-1.8640,-80.0000,-1.8640,-1.8750,-80.0000,0.0000,-0.0000,0.0000
1785918731.2967,0.0000,-0.0000,0.0000,-1.8640,-1.8570,-80.0000,-1.8640,-1.8670,-80.0000,0.0000,-0.0000,0.0000
1785918731.3467,0.0000,-0.0000,0.0000,-1.8640,-1.8640,-80.0000,-1.8640,-1.8410,-82.0000,0.0000,-0.0000,0.0000
1785918731.3968,0.0000,-0.0000,0.0000,-1.8640,-1.8600,-80.0000,-1.8640,-1.8660,-80.0000,0.0000,-0.0000,0.0000
1785918731.4475,0.0000,-0.0000,0.0000,-1.8640,-1.8630,-80.0000,-1.8640,-1.8750,-80.0000,0.0000,-0.0000,0.0000
1785918731.4967,0.0000,-0.0000,0.0000,-1.8640,-1.8650,-80.0000,-1.8640,-1.8470,-82.0000,0.0000,-0.0000,0.0000
1785918731.5467,0.0000,-0.0000,0.0000,-1.8640,-1.8660,-80.0000,-1.8640,-1.8670,-80.0000,0.0000,-0.0000,0.0000
1785918731.5967,0.0000,-0.0000,0.0000,-1.8640,-1.8610,-80.0000,-1.8640,-1.8740,-80.0000,0.0000,-0.0000,0.0000
1785918731.6467,0.0000,-0.0000,0.0000,-1.8640,-1.8680,-80.0000,-1.8640,-1.8540,-81.0000,0.0000,-0.0000,0.0000
1785918731.6969,0.0000,-0.0000,0.0000,-1.8640,-1.8640,-80.0000,-1.8640,-1.8570,-81.0000,0.0000,-0.0000,0.0000
1785918731.7474,0.0000,-0.0000,0.0000,-1.8640,-1.8610,-80.0000,-1.8640,-1.8830,-80.0000,0.0000,-0.0000,0.0000
1785918731.7968,0.0000,-0.0000,0.0000,-1.8640,-1.8620,-80.0000,-1.8640,-1.8610,-81.0000,0.0000,-0.0000,0.0000
1785918731.8474,0.0000,-0.0000,0.0000,-1.8640,-1.8590,-80.0000,-1.8640,-1.8470,-82.0000,0.0000,-0.0000,0.0000
1785918731.8968,0.0000,-0.0000,0.0000,-1.8640,-1.8570,-80.0000,-1.8640,-1.8760,-80.0000,0.0000,-0.0000,0.0000
1785918731.9478,0.0000,-0.0000,0.0000,-1.8640,-1.8610,-80.0000,-1.8640,-1.8680,-80.0000,0.0000,-0.0000,0.0000
1785918731.9968,0.0000,-0.0000,0.0000,-1.8640,-1.8660,-80.0000,-1.8640,-1.8430,-82.0000,0.0000,-0.0000,0.0000
1785918732.0470,0.0000,-0.0000,0.0000,-1.8640,-1.8610,-80.0000,-1.8640,-1.8740,-80.0000,0.0000,-0.0000,0.0000
1785918732.0972,0.0000,-0.0000,0.0000,-1.8640,-1.8550,-81.0000,-1.8640,-1.8760,-80.0000,0.0000,-0.0000,0.0000
1785918732.1468,0.0000,-0.0000,0.0000,-1.8640,-1.8700,-80.0000,-1.8640,-1.8430,-82.0000,0.0000,-0.0000,0.0000
1785918732.1976,0.0000,-0.0000,0.0000,-1.8640,-1.8600,-80.0000,-1.8640,-1.8640,-81.0000,0.0000,-0.0000,0.0000
1785918732.2469,0.0000,-0.0000,0.0000,-1.8640,-1.8600,-80.0000,-1.8640,-1.8790,-80.0000,0.0000,-0.0000,0.0000
1785918732.2968,0.0000,-0.0000,0.0000,-1.8640,-1.8690,-80.0000,-1.8640,-1.8500,-82.0000,0.0000,-0.0000,0.0000
1785918732.3470,0.0000,-0.0000,0.0000,-1.8640,-1.8630,-80.0000,-1.8640,-1.8550,-81.0000,0.0000,-0.0000,0.0000
1785918732.3968,0.0000,-0.0000,0.0000,-1.8640,-1.8620,-80.0000,-1.8640,-1.8810,-80.0000,0.0000,-0.0000,0.0000
1785918732.4476,0.0000,-0.0000,0.0000,-1.8640,-1.8670,-80.0000,-1.8640,-1.8570,-81.0000,0.0000,-0.0000,0.0000
1785918732.4968,0.0000,-0.0000,0.0000,-1.8640,-1.8640,-80.0000,-1.8640,-1.8510,-82.0000,0.0000,-0.0000,0.0000
1785918732.5468,0.0000,-0.0000,0.0000,-1.8640,-1.8640,-80.0000,-1.8640,-1.8770,-80.0000,0.0000,-0.0000,0.0000
1785918732.5968,0.0000,-0.0000,0.0000,-1.8640,-1.8640,-80.0000,-1.8640,-1.8670,-81.0000,0.0000,-0.0000,0.0000
1785918732.6478,0.0000,-0.0000,0.0000,-1.8640,-1.8660,-80.0000,-1.8640,-1.8480,-82.0000,0.0000,-0.0000,0.0000
1785918732.6968,0.0000,-0.0000,0.0000,-1.8640,-1.8590,-80.0000,-1.8640,-1.8720,-80.0000,0.0000,-0.0000,0.0000
1785918732.7475,0.0000,-0.0000,0.0000,-1.8640,-1.8610,-80.0000,-1.8640,-1.8800,-80.0000,0.0000,-0.0000,0.0000
1785918732.7968,0.0000,-0.0000,0.0000,-1.8640,-1.8650,-80.0000,-1.8640,-1.8480,-82.0000,0.0000,-0.0000,0.0000
1785918732.8468,0.0000,-0.0000,0.0000,-1.8640,-1.8640,-80.0000,-1.8640,-1.8700,-80.0000,0.0000,-0.0000,0.0000
1785918732.8968,0.0000,-0.0000,0.0000,-1.8640,-1.8620,-80.0000,-1.8640,-1.8780,-80.0000,0.0000,-0.0000,0.0000
1785918732.9469,0.0000,-0.0000,0.0000,-1.8640,-1.8650,-80.0000,-1.8640,-1.8470,-82.0000,0.0000,-0.0000,0.0000
1785918732.9968,0.0000,-0.0000,0.0000,-1.8640,-1.8650,-80.0000,-1.8640,-1.8650,-81.0000,0.0000,-0.0000,0.0000
1785918733.0469,0.0000,-0.0000,0.0000,-1.8640,-1.8630,-80.0000,-1.8640,-1.8860,-79.0000,0.0000,-0.0000,0.0000
1785918733.0968,0.0000,-0.0000,0.0000,-1.8640,-1.8690,-80.0000,-1.8640,-1.8570,-81.0000,0.0000,-0.0000,0.0000
1785918733.1469,0.0000,-0.0000,0.0000,-1.8640,-1.8610,-80.0000,-1.8640,-1.8510,-81.0000,0.0000,-0.0000,0.0000
1785918733.1968,0.0000,-0.0000,0.0000,-1.8640,-1.8600,-80.0000,-1.8640,-1.8740,-80.0000,0.0000,-0.0000,0.0000
1785918733.2468,0.0000,-0.0000,0.0000,-1.8640,-1.8650,-80.0000,-1.8640,-1.8650,-81.0000,0.0000,-0.0000,0.0000
1785918733.2968,0.0000,-0.0000,0.0000,-1.8640,-1.8660,-80.0000,-1.8640,-1.8470,-82.0000,0.0000,-0.0000,0.0000
1785918733.3468,0.0000,-0.0000,0.0000,-1.8640,-1.8610,-80.0000,-1.8640,-1.8790,-80.0000,0.0000,-0.0000,0.0000
1785918733.3975,0.0000,-0.0000,0.0000,-1.8640,-1.8600,-80.0000,-1.8640,-1.8700,-80.0000,0.0000,-0.0000,0.0000
1785918733.4470,0.0000,-0.0000,0.0000,-1.8640,-1.8690,-80.0000,-1.8640,-1.8430,-82.0000,0.0000,-0.0000,0.0000
1785918733.4968,0.0000,-0.0000,0.0000,-1.8640,-1.8670,-80.0000,-1.8640,-1.8700,-80.0000,0.0000,-0.0000,0.0000
1785918733.5469,0.0000,-0.0000,0.0000,-1.8640,-1.8650,-80.0000,-1.8640,-1.8780,-80.0000,0.0000,-0.0000,0.0000
1785918733.5968,0.0000,-0.0000,0.0000,-1.8640,-1.8700,-80.0000,-1.8640,-1.8500,-81.0000,0.0000,-0.0000,0.0000
1785918733.6469,0.0000,-0.0000,0.0000,-1.8640,-1.8620,-80.0000,-1.8640,-1.8600,-81.0000,0.0000,-0.0000,0.0000
1785918733.6976,0.0000,-0.0000,0.0000,-1.8640,-1.8660,-80.0000,-1.8640,-1.8830,-80.0000,0.0000,-0.0000,0.0000
1785918733.7468,0.0000,-0.0000,0.0000,-1.8640,-1.8680,-80.0000,-1.8640,-1.8500,-81.0000,0.0000,-0.0000,0.0000
1785918733.7968,0.0000,-0.0000,0.0000,-1.8640,-1.8660,-80.0000,-1.8640,-1.8540,-81.0000,0.0000,-0.0000,0.0000
1785918733.8468,0.0000,-0.0000,0.0000,-1.8640,-1.8690,-80.0000,-1.8640,-1.8830,-80.0000,0.0000,-0.0000,0.0000
1785918733.8969,0.0000,-0.0000,0.0000,-1.8640,-1.8700,-80.0000,-1.8640,-1.8650,-81.0000,0.0000,-0.0000,0.0000
1785918733.9469,0.0000,-0.0000,0.0000,-1.8640,-1.8680,-80.0000,-1.8640,-1.8460,-82.0000,0.0000,-0.0000,0.0000
1785918733.9976,0.0000,-0.0000,0.0000,-1.8640,-1.8610,-80.0000,-1.8640,-1.8750,-80.0000,0.0000,-0.0000,0.0000
1785918734.0469,0.0000,-0.0000,0.0000,-1.8640,-1.8700,-80.0000,-1.8640,-1.8720,-80.0000,0.0000,-0.0000,0.0000
1785918734.0968,0.0000,-0.0000,0.0000,-1.8640,-1.8690,-80.0000,-1.8640,-1.8440,-82.0000,0.0000,-0.0000,0.0000
1785918734.1469,0.0000,-0.0000,0.0000,-1.8640,-1.8670,-80.0000,-1.8640,-1.8730,-80.0000,0.0000,-0.0000,0.0000
1785918734.1969,0.0000,-0.0000,0.0000,-1.8640,-1.8640,-80.0000,-1.8640,-1.8810,-80.0000,0.0000,-0.0000,0.0000
1785918734.2469,0.0000,-0.0000,0.0000,-1.8640,-1.8680,-79.0000,-1.8640,-1.8460,-82.0000,0.0000,-0.0000,0.0000
1785918734.2969,0.0000,-0.0000,0.0000,-1.8640,-1.8620,-80.0000,-1.8640,-1.8680,-80.0000,0.0000,-0.0000,0.0000
1785918734.3469,0.0000,-0.0000,0.0000,-1.8640,-1.8610,-80.0000,-1.8640,-1.8770,-80.0000,0.0000,-0.0000,0.0000
1785918734.3969,0.0000,-0.0000,0.0000,-1.8640,-1.8760,-79.0000,-1.8640,-1.8530,-81.0000,0.0000,-0.0000,0.0000
1785918734.4469,0.0000,-0.0000,0.0000,-1.8640,-1.8650,-80.0000,-1.8640,-1.8580,-81.0000,0.0000,-0.0000,0.0000
1785918734.4969,0.0000,-0.0000,0.0000,-1.8640,-1.8600,-80.0000,-1.8640,-1.8750,-80.0000,0.0000,-0.0000,0.0000
1785918734.5469,0.0000,-0.0000,0.0000,-1.8640,-1.8700,-79.0000,-1.8640,-1.8600,-81.0000,0.0000,-0.0000,0.0000
1785918734.5970,0.0000,-0.0000,0.0000,-1.8640,-1.8650,-79.0000,-1.8640,-1.8500,-81.0000,0.0000,-0.0000,0.0000
1785918734.6469,0.0000,-0.0000,0.0000,-1.8640,-1.8590,-80.0000,-1.8640,-1.8790,-80.0000,0.0000,-0.0000,0.0000
1785918734.6969,0.0000,-0.0000,0.0000,-1.8640,-1.8600,-80.0000,-1.8640,-1.8640,-81.0000,0.0000,-0.0000,0.0000
1785918734.7469,0.0000,-0.0000,0.0000,-1.8640,-1.8670,-79.0000,-1.8640,-1.8440,-82.0000,0.0000,-0.0000,0.0000
1785918734.7968,0.0000,-0.0000,0.0000,-1.8640,-1.8580,-80.0000,-1.8640,-1.8760,-80.0000,0.0000,-0.0000,0.0000
1785918734.8469,0.0000,-0.0000,0.0000,-1.8640,-1.8610,-80.0000,-1.8640,-1.8800,-80.0000,0.0000,-0.0000,0.0000
1785918734.8969,0.0000,-0.0000,0.0000,-1.8640,-1.8730,-79.0000,-1.8640,-1.8440,-82.0000,0.0000,-0.0000,0.0000
1785918734.9469,0.0000,-0.0000,0.0000,-1.8640,-1.8580,-80.0000,-1.8640,-1.8650,-81.0000,0.0000,-0.0000,0.0000
1785918734.9969,0.0000,-0.0000,0.0000,-1.8640,-1.8600,-80.0000,-1.8640,-1.8810,-80.0000,0.0000,-0.0000,0.0000
1785918735.0476,0.0000,-0.0000,0.0000,-1.8640,-1.8690,-79.0000,-1.8640,-1.8470,-82.0000,0.0000,-0.0000,0.0000
1785918735.0969,0.0000,-0.0000,0.0000,-1.8640,-1.8620,-80.0000,-1.8640,-1.8620,-81.0000,0.0000,-0.0000,0.0000
1785918735.1469,0.0000,-0.0000,0.0000,-1.8640,-1.8620,-80.0000,-1.8640,-1.8840,-79.0000,0.0000,-0.0000,0.0000
1785918735.1970,0.0000,-0.0000,0.0000,-1.8640,-1.8660,-80.0000,-1.8640,-1.8540,-81.0000,0.0000,-0.0000,0.0000
1785918735.2469,0.0000,-0.0000,0.0000,-1.8640,-1.8630,-80.0000,-1.8640,-1.8530,-81.0000,0.0000,-0.0000,0.0000
1785918735.2969,0.0000,-0.0000,0.0000,-1.8640,-1.8570,-80.0000,-1.8640,-1.8760,-80.0000,0.0000,-0.0000,0.0000
1785918735.3469,0.0000,-0.0000,0.0000,-1.8640,-1.8710,-79.0000,-1.8640,-1.8650,-81.0000,0.0000,-0.0000,0.0000
1785918735.3969,0.0000,-0.0000,0.0000,-1.8640,-1.8710,-79.0000,-1.8640,-1.8460,-82.0000,0.0000,-0.0000,0.0000
1785918735.4470,0.0000,-0.0000,0.0000,-1.8640,-1.8590,-80.0000,-1.8640,-1.8790,-80.0000,0.0000,-0.0000,0.0000
1785918735.4969,0.0000,-0.0000,0.0000,-1.8640,-1.8650,-80.0000,-1.8640,-1.8780,-80.0000,0.0000,-0.0000,0.0000
1785918735.5469,0.0000,-0.0000,0.0000,-1.6240,-1.8510,-59.0000,-1.6240,-1.8300,-62.0000,0.0000,-0.0000,0.0000
1785918735.5969,0.0000,-0.0000,0.0000,-1.0240,-1.3020,-35.0000,-1.0240,-1.4140,-29.0000,0.0000,-0.0000,0.0000
1785918735.6469,0.0000,-0.0000,0.0000,-0.9190,-0.8930,-43.0000,-0.9190,-0.8810,-43.0000,0.0000,-0.0000,0.0000
1785918735.6970,0.0000,-0.0000,0.0000,-0.9190,-0.8910,-40.0000,-0.9190,-0.8810,-41.0000,0.0000,-0.0000,0.0000
1785918735.7469,0.0000,-0.0000,0.0000,-0.9190,-0.8740,-41.0000,-0.9190,-0.8460,-42.0000,0.0000,-0.0000,0.0000
1785918735.7969,0.0000,-0.0000,0.0000,-0.9190,-0.8900,-40.0000,-0.9190,-0.8510,-43.0000,0.0000,-0.0000,0.0000
1785918735.8481,0.0000,-0.0000,0.0000,-0.9190,-0.8860,-41.0000,-0.9190,-0.8720,-42.0000,0.0000,-0.0000,0.0000
1785918735.8969,0.0000,-0.0000,0.0000,-0.9190,-0.8800,-42.0000,-0.9190,-0.8690,-43.0000,0.0000,-0.0000,0.0000
1785918735.9469,0.0000,-0.0000,0.0000,-0.9190,-0.8980,-41.0000,-0.9190,-0.8810,-43.0000,0.0000,-0.0000,0.0000
1785918735.9969,0.0000,-0.0000,0.0000,-0.9190,-0.8980,-41.0000,-0.9190,-0.8920,-43.0000,0.0000,-0.0000,0.0000
1785918736.0469,0.0000,-0.0000,0.0000,-0.9190,-0.9010,-41.0000,-0.9190,-0.8890,-44.0000,0.0000,-0.0000,0.0000
1785918736.0969,0.0000,-0.0000,0.0000,-0.9190,-0.9110,-41.0000,-0.9190,-0.8930,-44.0000,0.0000,-0.0000,0.0000
1785918736.1470,0.0000,-0.0000,0.0000,-0.9190,-0.9030,-42.0000,-0.9190,-0.8990,-44.0000,0.0000,-0.0000,0.0000
1785918736.1970,0.0000,-0.0000,0.0000,-0.9190,-0.9020,-42.0000,-0.9190,-0.9010,-44.0000,0.0000,-0.0000,0.0000
1785918736.2470,0.0000,-0.0000,0.0000,-0.9190,-0.9110,-42.0000,-0.9190,-0.8990,-44.0000,0.0000,-0.0000,0.0000
1785918736.2973,0.0000,-0.0000,0.0000,-0.9190,-0.9120,-42.0000,-0.9190,-0.9130,-44.0000,0.0000,-0.0000,0.0000
1785918736.3470,0.0000,-0.0000,0.0000,-0.9190,-0.9040,-42.0000,-0.9190,-0.9070,-44.0000,0.0000,-0.0000,0.0000
1785918736.3971,0.0000,-0.0000,0.0000,-0.9190,-0.9200,-42.0000,-0.9190,-0.9050,-44.0000,0.0000,-0.0000,0.0000
1785918736.4470,0.0000,-0.0000,0.0000,-0.9190,-0.9120,-42.0000,-0.9190,-0.9160,-44.0000,0.0000,-0.0000,0.0000
1785918736.4970,0.0000,-0.0000,0.0000,-0.9190,-0.9030,-43.0000,-0.9190,-0.9130,-44.0000,0.0000,-0.0000,0.0000
1785918736.5470,0.0000,-0.0000,0.0000,-0.9190,-0.9200,-42.0000,-0.9190,-0.9050,-45.0000,0.0000,-0.0000,0.0000
1785918736.5976,0.0000,-0.0000,0.0000,-0.9190,-0.9190,-42.0000,-0.9190,-0.9180,-44.0000,0.0000,-0.0000,0.0000
1785918736.6469,0.0000,-0.0000,0.0000,-0.9190,-0.9060,-43.0000,-0.9190,-0.9130,-44.0000,0.0000,-0.0000,0.0000
1785918736.6970,0.0000,-0.0000,0.0000,-0.9190,-0.9250,-42.0000,-0.9190,-0.9090,-45.0000,0.0000,-0.0000,0.0000
1785918736.7470,0.0000,-0.0000,0.0000,-0.9190,-0.9170,-42.0000,-0.9190,-0.9220,-44.0000,0.0000,-0.0000,0.0000
1785918736.7970,0.0000,-0.0000,0.0000,-0.9190,-0.9060,-43.0000,-0.9190,-0.9170,-44.0000,0.0000,-0.0000,0.0000
1785918736.8470,0.0000,-0.0000,0.0000,-0.9190,-0.9260,-42.0000,-0.9190,-0.9120,-45.0000,0.0000,-0.0000,0.0000
1785918736.8977,0.0000,-0.0000,0.0000,-0.9190,-0.9170,-42.0000,-0.9190,-0.9270,-44.0000,0.0000,-0.0000,0.0000
1785918736.9470,0.0000,-0.0000,0.0000,-0.9190,-0.9040,-43.0000,-0.9190,-0.9200,-44.0000,0.0000,-0.0000,0.0000
1785918736.9970,0.0000,-0.0000,0.0000,-0.9190,-0.9290,-41.0000,-0.9190,-0.9110,-45.0000,0.0000,-0.0000,0.0000
1785918737.0470,0.0000,-0.0000,0.0000,-0.9190,-0.9170,-42.0000,-0.9190,-0.9270,-44.0000,0.0000,-0.0000,0.0000
1785918737.0970,0.0000,-0.0000,0.0000,-0.9190,-0.9090,-43.0000,-0.9190,-0.9150,-45.0000,0.0000,-0.0000,0.0000
1785918737.1470,0.0000,-0.0000,0.0000,-0.9190,-0.9270,-42.0000,-0.9190,-0.9100,-45.0000,0.0000,-0.0000,0.0000
1785918737.1971,0.0000,-0.0000,0.0000,-0.9190,-0.9200,-42.0000,-0.9190,-0.9310,-44.0000,0.0000,-0.0000,0.0000
1785918737.2470,0.0000,-0.0000,0.0000,-0.9190,-0.9140,-42.0000,-0.9190,-0.9150,-45.0000,0.0000,-0.0000,0.0000
1785918737.2970,0.0000,-0.0000,0.0000,-0.9190,-0.9320,-41.0000,-0.9190,-0.9040,-45.0000,0.0000,-0.0000,0.0000
1785918737.3470,0.0000,-0.0000,0.0000,-0.9190,-0.9170,-42.0000,-0.9190,-0.9310,-44.0000,0.0000,-0.0000,0.0000
1785918737.3970,0.0000,-0.0000,0.0000,-0.9190,-0.9100,-42.0000,-0.9190,-0.9200,-44.0000,0.0000,-0.0000,0.0000
1785918737.4470,0.0000,-0.0000,0.0000,-0.9190,-0.9290,-41.0000,-0.9190,-0.9050,-45.0000,0.0000,-0.0000,0.0000
1785918737.4970,0.0000,-0.0000,0.0000,-0.9190,-0.9180,-42.0000,-0.9190,-0.9370,-43.0000,0.0000,-0.0000,0.0000
1785918737.5470,0.0000,-0.0000,0.0000,-0.9190,-0.9150,-42.0000,-0.9190,-0.9170,-44.0000,0.0000,-0.0000,0.0000
1785918737.5973,0.0000,-0.0000,0.0000,-0.9190,-0.9310,-41.0000,-0.9190,-0.9030,-45.0000,0.0000,-0.0000,0.0000
1785918737.6470,0.0000,-0.0000,0.0000,-0.9190,-0.9130,-42.0000,-0.9190,-0.9340,-44.0000,0.0000,-0.0000,0.0000
1785918737.6970,0.0000,-0.0000,0.0000,-0.9190,-0.9190,-42.0000,-0.9190,-0.9210,-44.0000,0.0000,-0.0000,0.0000
1785918737.7470,0.0000,-0.0000,0.0000,-0.9190,-0.9250,-42.0000,-0.9190,-0.9050,-45.0000,0.0000,-0.0000,0.0000
1785918737.7970,0.0000,-0.0000,0.0000,-0.9190,-0.9170,-42.0000,-0.9190,-0.9310,-44.0000,0.0000,-0.0000,0.0000
1785918737.8470,0.0000,-0.0000,0.0000,-0.9190,-0.9180,-42.0000,-0.9190,-0.9160,-45.0000,0.0000,-0.0000,0.0000
1785918737.8970,0.0000,-0.0000,0.0000,-0.9190,-0.9210,-42.0000,-0.9190,-0.9040,-45.0000,0.0000,-0.0000,0.0000
1785918737.9471,0.0000,-0.0000,0.0000,-0.9190,-0.9150,-42.0000,-0.9190,-0.9300,-44.0000,0.0000,-0.0000,0.0000
1785918737.9975,0.0000,-0.0000,0.0000,-0.9190,-0.9220,-42.0000,-0.9190,-0.9160,-44.0000,0.0000,-0.0000,0.0000
1785918738.0470,0.0000,-0.0000,0.0000,-0.9190,-0.9210,-42.0000,-0.9190,-0.9080,-45.0000,0.0000,-0.0000,0.0000
1785918738.0971,0.0000,-0.0000,0.0000,-0.9190,-0.9110,-42.0000,-0.9190,-0.9320,-44.0000,0.0000,-0.0000,0.0000
1785918738.1474,0.0000,-0.0000,0.0000,-0.9190,-0.9220,-42.0000,-0.9190,-0.9150,-45.0000,0.0000,-0.0000,0.0000
1785918738.1972,0.0000,-0.0000,0.0000,-0.9190,-0.9240,-42.0000,-0.9190,-0.9110,-45.0000,0.0000,-0.0000,0.0000
1785918738.2475,0.0000,-0.0000,0.0000,-0.9190,-0.9110,-42.0000,-0.9190,-0.9300,-44.0000,0.0000,-0.0000,0.0000
1785918738.2978,0.0000,-0.0000,0.0000,-0.9190,-0.9200,-42.0000,-0.9190,-0.9170,-44.0000,0.0000,-0.0000,0.0000
1785918738.3471,0.0000,-0.0000,0.0000,-0.9190,-0.9250,-42.0000,-0.9190,-0.9100,-45.0000,0.0000,-0.0000,0.0000
1785918738.3978,0.0000,-0.0000,0.0000,-0.9190,-0.9100,-43.0000,-0.9190,-0.9290,-44.0000,0.0000,-0.0000,0.0000
1785918738.4479,0.0000,-0.0000,0.0000,-0.9190,-0.9250,-42.0000,-0.9190,-0.9160,-45.0000,0.0000,-0.0000,0.0000
1785918738.4971,0.0000,-0.0000,0.0000,-0.9190,-0.9200,-42.0000,-0.9190,-0.9170,-44.0000,0.0000,-0.0000,0.0000
1785918738.5471,0.0000,-0.0000,0.0000,-0.9190,-0.9100,-43.0000,-0.9190,-0.9230,-44.0000,0.0000,-0.0000,0.0000
1785918738.5978,0.0000,-0.0000,0.0000,-0.9190,-0.9220,-42.0000,-0.9190,-0.9120,-45.0000,0.0000,-0.0000,0.0000
1785918738.6476,0.0000,-0.0000,0.0000,-0.9190,-0.9260,-42.0000,-0.9190,-0.9180,-44.0000,0.0000,-0.0000,0.0000
1785918738.6971,0.0000,-0.0000,0.0000,-0.9190,-0.9130,-42.0000,-0.9190,-0.9190,-44.0000,0.0000,-0.0000,0.0000
1785918738.7471,0.0000,-0.0000,0.0000,-0.9190,-0.9260,-42.0000,-0.9190,-0.9200,-44.0000,0.0000,-0.0000,0.0000
1785918738.7971,0.0000,-0.0000,0.0000,-0.9190,-0.9180,-42.0000,-0.9190,-0.9240,-44.0000,0.0000,-0.0000,0.0000
1785918738.8479,0.0000,-0.0000,0.0000,-0.9190,-0.9120,-42.0000,-0.9190,-0.9220,-44.0000,0.0000,-0.0000,0.0000
1785918738.8971,0.0000,-0.0000,0.0000,-0.9190,-0.9210,-42.0000,-0.9190,-0.9150,-45.0000,0.0000,-0.0000,0.0000
1785918738.9471,0.0000,-0.0000,0.0000,-0.9190,-0.9250,-42.0000,-0.9190,-0.9230,-44.0000,0.0000,-0.0000,0.0000
1785918738.9971,0.0000,-0.0000,0.0000,-0.9190,-0.9090,-43.0000,-0.9190,-0.9210,-44.0000,0.0000,-0.0000,0.0000
1785918739.0471,0.0000,-0.0000,0.0000,-0.9190,-0.9260,-42.0000,-0.9190,-0.9080,-45.0000,0.0000,-0.0000,0.0000
1785918739.0971,0.0000,-0.0000,0.0000,-0.9190,-0.9160,-42.0000,-0.9190,-0.9260,-44.0000,0.0000,-0.0000,0.0000
1785918739.1472,0.0000,-0.0000,0.0000,-0.9190,-0.9080,-43.0000,-0.9190,-0.9170,-45.0000,0.0000,-0.0000,0.0000
1785918739.1972,0.0000,-0.0000,0.0000,-0.9190,-0.9280,-41.0000,-0.9190,-0.9120,-45.0000,0.0000,-0.0000,0.0000
1785918739.2471,0.0000,-0.0000,0.0000,-0.9190,-0.9150,-42.0000,-0.9190,-0.9280,-44.0000,0.0000,-0.0000,0.0000
1785918739.2971,0.0000,-0.0000,0.0000,-0.9190,-0.9080,-43.0000,-0.9190,-0.9210,-44.0000,0.0000,-0.0000,0.0000
1785918739.3471,0.0000,-0.0000,0.0000,-0.9190,-0.9260,-42.0000,-0.9190,-0.9090,-45.0000,0.0000,-0.0000,0.0000
1785918739.3971,0.0000,-0.0000,0.0000,-0.9190,-0.9160,-42.0000,-0.9190,-0.9290,-44.0000,0.0000,-0.0000,0.0000
1785918739.4472,0.0000,-0.0000,0.0000,-0.9190,-0.9100,-42.0000,-0.9190,-0.9170,-45.0000,0.0000,-0.0000,0.0000
1785918739.4971,0.0000,-0.0000,0.0000,-0.9190,-0.9190,-42.0000,-0.9190,-0.9100,-45.0000,0.0000,-0.0000,0.0000
1785918739.5479,0.0000,-0.0000,0.0000,-0.9190,-0.9160,-42.0000,-0.9190,-0.9280,-44.0000,0.0000,-0.0000,0.0000
1785918739.5971,0.0000,-0.0000,0.0000,-0.9190,-0.9140,-42.0000,-0.9190,-0.9170,-45.0000,0.0000,-0.0000,0.0000
1785918739.6472,0.0000,-0.0000,0.0000,-0.9190,-0.9210,-42.0000,-0.9190,-0.9070,-45.0000,0.0000,-0.0000,0.0000
1785918739.6972,0.0000,-0.0000,0.0000,-0.9190,-0.9140,-42.0000,-0.9190,-0.9290,-44.0000,0.0000,-0.0000,0.0000
1785918739.7472,0.0000,-0.0000,0.0000,-0.9190,-0.9150,-42.0000,-0.9190,-0.9170,-45.0000,0.0000,-0.0000,0.0000
1785918739.7971,0.0000,-0.0000,0.0000,-0.9190,-0.9260,-42.0000,-0.9190,-0.9060,-45.0000,0.0000,-0.0000,0.0000
1785918739.8472,0.0000,-0.0000,0.0000,-0.9190,-0.9150,-42.0000,-0.9190,-0.9340,-43.0000,0.0000,-0.0000,0.0000
1785918739.8972,0.0000,-0.0000,0.0000,-0.9190,-0.9220,-42.0000,-0.9190,-0.9170,-44.0000,0.0000,-0.0000,0.0000
1785918739.9471,0.0000,-0.0000,0.0000,-0.9190,-0.9260,-42.0000,-0.9190,-0.9030,-45.0000,0.0000,-0.0000,0.0000
1785918739.9971,0.0000,-0.0000,0.0000,-0.9190,-0.9140,-42.0000,-0.9190,-0.9320,-44.0000,0.0000,-0.0000,0.0000
1785918740.0471,0.0000,-0.0000,0.0000,-0.9190,-0.9200,-42.0000,-0.9190,-0.9180,-44.0000,0.0000,-0.0000,0.0000
1785918740.0971,0.0000,-0.0000,0.0000,-0.9190,-0.9290,-42.0000,-0.9190,-0.9070,-45.0000,0.0000,-0.0000,0.0000
1785918740.1472,0.0000,-0.0000,0.0000,-0.9190,-0.9140,-42.0000,-0.9190,-0.9320,-44.0000,0.0000,-0.0000,0.0000
1785918740.1971,0.0000,-0.0000,0.0000,-0.9190,-0.9210,-42.0000,-0.9190,-0.9170,-45.0000,0.0000,-0.0000,0.0000
1785918740.2471,0.0000,-0.0000,0.0000,-0.9190,-0.9270,-42.0000,-0.9190,-0.9060,-45.0000,0.0000,-0.0000,0.0000
1785918740.2971,0.0000,-0.0000,0.0000,-0.9190,-0.9140,-42.0000,-0.9190,-0.9290,-44.0000,0.0000,-0.0000,0.0000
1785918740.3471,0.0000,-0.0000,0.0000,-0.9190,-0.9230,-42.0000,-0.9190,-0.9220,-44.0000,0.0000,-0.0000,0.0000
1785918740.3971,0.0000,-0.0000,0.0000,-0.9190,-0.9300,-41.0000,-0.9190,-0.9090,-45.0000,0.0000,-0.0000,0.0000
1785918740.4472,0.0000,-0.0000,0.0000,-0.9190,-0.9130,-42.0000,-0.9190,-0.9280,-44.0000,0.0000,-0.0000,0.0000
1785918740.4971,0.0000,-0.0000,0.0000,-0.9190,-0.9210,-42.0000,-0.9190,-0.9230,-44.0000,0.0000,-0.0000,0.0000
1785918740.5471,0.0000,-0.0000,0.0000,-0.9190,-0.9230,-42.0000,-0.9190,-0.9130,-45.0000,0.0000,-0.0000,0.0000
1785918740.5974,0.0000,-0.0000,0.0000,-0.9190,-0.9110,-43.0000,-0.9190,-0.9240,-44.0000,0.0000,-0.0000,0.0000
1785918740.6472,0.0000,-0.0000,0.0000,-0.7990,-0.9230,-32.0000,-0.7990,-0.9190,-34.0000,0.0000,-0.0000,0.0000
1785918740.6970,0.0000,-0.0000,0.0000,-0.1990,-0.5010,-1.0000,-0.1990,-0.5960,3.0000,0.0000,-0.0000,0.0000
1785918740.7469,0.0000,-0.0000,0.0000,0.0000,-0.0210,0.0000,0.0000,-0.0670,0.0000,0.0000,-0.0000,0.0000
1785918740.7969,0.0000,-0.0000,0.0000,0.0000,-0.0020,0.0000,0.0000,-0.0050,0.0000,0.0000,-0.0000,0.0000
1785918740.8470,0.0000,-0.0000,0.0000,0.0000,-0.0000,0.0000,0.0000,-0.0000,0.0000,0.0000,-0.0000,0.0000
1785918740.8970,0.0000,-0.0000,0.0000,0.0000,-0.0000,0.0000,0.0000,-0.0000,0.0000,0.0000,-0.0000,0.0000
1785918740.9470,0.0000,-0.0000,0.0000,0.0000,-0.0000,0.0000,0.0000,-0.0000,0.0000,0.0000,-0.0000,0.0000
1785918740.9969,0.0000,-0.0000,0.0000,0.0000,-0.0000,0.0000,0.0000,-0.0000,0.0000,0.0000,-0.0000,0.0000
1785918741.0469,0.0000,-0.0000,0.0000,0.0000,-0.0000,0.0000,0.0000,-0.0000,0.0000,0.0000,-0.0000,0.0000
1785918741.0969,0.0000,-0.0000,0.0000,0.0000,-0.0000,0.0000,0.0000,-0.0000,0.0000,0.0000,-0.0000,0.0000
1785918741.1974,0.1200,-0.0000,14.0000,0.0000,-0.0000,0.0000,0.0000,-0.0000,0.0000,0.1200,-0.0000,14.0000
1785918741.1985,0.7200,0.4900,44.0000,0.0000,-0.0000,0.0000,0.0000,-0.0000,0.0000,0.7200,0.3840,51.0000
1785918741.2470,0.9190,0.9460,42.0000,0.0000,-0.0000,0.0000,0.0000,-0.0000,0.0000,0.9190,0.9120,45.0000
1785918741.2970,0.9190,0.9330,45.0000,0.0000,-0.0000,0.0000,0.0000,-0.0000,0.0000,0.9190,0.9060,49.0000
1785918741.3470,0.9190,0.9550,44.0000,0.0000,-0.0000,0.0000,0.0000,-0.0000,0.0000,0.9190,0.9520,47.0000
1785918741.3970,0.9190,0.9490,45.0000,0.0000,-0.0000,0.0000,0.0000,-0.0000,0.0000,0.9190,0.9770,45.0000
1785918741.4471,0.9190,0.9550,44.0000,0.0000,-0.0000,0.0000,0.0000,-0.0000,0.0000,0.9190,0.9490,46.0000
1785918741.4970,0.9190,0.9500,44.0000,0.0000,-0.0000,0.0000,0.0000,-0.0000,0.0000,0.9190,0.9600,45.0000
1785918741.5470,0.9190,0.9440,44.0000,0.0000,-0.0000,0.0000,0.0000,-0.0000,0.0000,0.9190,0.9360,46.0000
1785918741.5970,0.9190,0.9330,44.0000,0.0000,-0.0000,0.0000,0.0000,-0.0000,0.0000,0.9190,0.9220,47.0000
1785918741.6471,0.9190,0.9470,43.0000,0.0000,-0.0000,0.0000,0.0000,-0.0000,0.0000,0.9190,0.9280,46.0000
1785918741.6971,0.9190,0.9410,43.0000,0.0000,-0.0000,0.0000,0.0000,-0.0000,0.0000,0.9190,0.9260,46.0000
1785918741.7471,0.9190,0.9300,43.0000,0.0000,-0.0000,0.0000,0.0000,-0.0000,0.0000,0.9190,0.9220,46.0000
1785918741.7971,0.9190,0.9410,42.0000,0.0000,-0.0000,0.0000,0.0000,-0.0000,0.0000,0.9190,0.9340,46.0000
1785918741.8471,0.9190,0.9260,43.0000,0.0000,-0.0000,0.0000,0.0000,-0.0000,0.0000,0.9190,0.9290,46.0000
1785918741.8978,0.9190,0.9230,43.0000,0.0000,-0.0000,0.0000,0.0000,-0.0000,0.0000,0.9190,0.9250,46.0000
1785918741.9471,0.9190,0.9290,43.0000,0.0000,-0.0000,0.0000,0.0000,-0.0000,0.0000,0.9190,0.9380,45.0000
1785918741.9971,0.9190,0.9250,43.0000,0.0000,-0.0000,0.0000,0.0000,-0.0000,0.0000,0.9190,0.9210,46.0000
1785918742.0471,0.9190,0.9220,43.0000,0.0000,-0.0000,0.0000,0.0000,-0.0000,0.0000,0.9190,0.9180,46.0000
1785918742.0971,0.9190,0.9250,43.0000,0.0000,-0.0000,0.0000,0.0000,-0.0000,0.0000,0.9190,0.9300,45.0000
1785918742.1471,0.9190,0.9220,43.0000,0.0000,-0.0000,0.0000,0.0000,-0.0000,0.0000,0.9190,0.9160,46.0000
1785918742.1980,0.9190,0.9230,43.0000,0.0000,-0.0000,0.0000,0.0000,-0.0000,0.0000,0.9190,0.9230,46.0000
1785918742.2471,0.9190,0.9250,42.0000,0.0000,-0.0000,0.0000,0.0000,-0.0000,0.0000,0.9190,0.9340,45.0000
1785918742.2971,0.9190,0.9250,42.0000,0.0000,-0.0000,0.0000,0.0000,-0.0000,0.0000,0.9190,0.9140,46.0000
1785918742.3471,0.9190,0.9240,42.0000,0.0000,-0.0000,0.0000,0.0000,-0.0000,0.0000,0.9190,0.9270,45.0000
1785918742.3971,0.9190,0.9210,42.0000,0.0000,-0.0000,0.0000,0.0000,-0.0000,0.0000,0.9190,0.9360,45.0000
1785918742.4472,0.9190,0.9230,42.0000,0.0000,-0.0000,0.0000,0.0000,-0.0000,0.0000,0.9190,0.9160,46.0000
1785918742.4972,0.9190,0.9210,42.0000,0.0000,-0.0000,0.0000,0.0000,-0.0000,0.0000,0.9190,0.9240,45.0000
1785918742.5486,0.9190,0.9250,42.0000,0.0000,-0.0000,0.0000,0.0000,-0.0000,0.0000,0.9190,0.9390,44.0000
1785918742.5971,0.9190,0.9190,42.0000,0.0000,-0.0000,0.0000,0.0000,-0.0000,0.0000,0.9190,0.9110,46.0000
1785918742.6472,0.9190,0.9280,42.0000,0.0000,-0.0000,0.0000,0.0000,-0.0000,0.0000,0.9190,0.9250,45.0000
1785918742.6973,0.9190,0.9290,42.0000,0.0000,-0.0000,0.0000,0.0000,-0.0000,0.0000,0.9190,0.9370,44.0000
1785918742.7471,0.9190,0.9220,42.0000,0.0000,-0.0000,0.0000,0.0000,-0.0000,0.0000,0.9190,0.9080,46.0000
1785918742.7971,0.9190,0.9230,42.0000,0.0000,-0.0000,0.0000,0.0000,-0.0000,0.0000,0.9190,0.9210,45.0000
1785918742.8475,0.9190,0.9220,42.0000,0.0000,-0.0000,0.0000,0.0000,-0.0000,0.0000,0.9190,0.9320,44.0000
1785918742.8972,0.9190,0.9160,42.0000,0.0000,-0.0000,0.0000,0.0000,-0.0000,0.0000,0.9190,0.9060,46.0000
1785918742.9472,0.9190,0.9200,42.0000,0.0000,-0.0000,0.0000,0.0000,-0.0000,0.0000,0.9190,0.9160,45.0000
1785918742.9972,0.9190,0.9130,43.0000,0.0000,-0.0000,0.0000,0.0000,-0.0000,0.0000,0.9190,0.9250,45.0000
1785918743.0472,0.9190,0.9200,42.0000,0.0000,-0.0000,0.0000,0.0000,-0.0000,0.0000,0.9190,0.9060,46.0000
1785918743.0972,0.9190,0.9250,42.0000,0.0000,-0.0000,0.0000,0.0000,-0.0000,0.0000,0.9190,0.9220,45.0000
1785918743.1472,0.9190,0.9210,42.0000,0.0000,-0.0000,0.0000,0.0000,-0.0000,0.0000,0.9190,0.9310,44.0000
1785918743.1972,0.9190,0.9180,42.0000,0.0000,-0.0000,0.0000,0.0000,-0.0000,0.0000,0.9190,0.9120,45.0000
1785918743.2478,0.9190,0.9220,42.0000,0.0000,-0.0000,0.0000,0.0000,-0.0000,0.0000,0.9190,0.9260,45.0000
1785918743.2971,0.9190,0.9190,42.0000,0.0000,-0.0000,0.0000,0.0000,-0.0000,0.0000,0.9190,0.9270,44.0000
1785918743.3475,0.9190,0.9140,42.0000,0.0000,-0.0000,0.0000,0.0000,-0.0000,0.0000,0.9190,0.9200,45.0000
1785918743.3972,0.9190,0.9200,42.0000,0.0000,-0.0000,0.0000,0.0000,-0.0000,0.0000,0.9190,0.9190,45.0000
1785918743.4472,0.9190,0.9200,42.0000,0.0000,-0.0000,0.0000,0.0000,-0.0000,0.0000,0.9190,0.9170,45.0000
1785918743.4973,0.9190,0.9160,42.0000,0.0000,-0.0000,0.0000,0.0000,-0.0000,0.0000,0.9190,0.9100,45.0000
1785918743.5479,0.9190,0.9250,42.0000,0.0000,-0.0000,0.0000,0.0000,-0.0000,0.0000,0.9190,0.9210,45.0000
1785918743.5971,0.9190,0.9280,42.0000,0.0000,-0.0000,0.0000,0.0000,-0.0000,0.0000,0.9190,0.9180,45.0000
1785918743.6476,0.9190,0.9220,42.0000,0.0000,-0.0000,0.0000,0.0000,-0.0000,0.0000,0.9190,0.9130,45.0000
1785918743.6972,0.9190,0.9250,42.0000,0.0000,-0.0000,0.0000,0.0000,-0.0000,0.0000,0.9190,0.9220,45.0000
1785918743.7472,0.9190,0.9240,42.0000,0.0000,-0.0000,0.0000,0.0000,-0.0000,0.0000,0.9190,0.9100,45.0000
1785918743.7972,0.9190,0.9190,42.0000,0.0000,-0.0000,0.0000,0.0000,-0.0000,0.0000,0.9190,0.9160,45.0000
1785918743.8479,0.9190,0.9200,42.0000,0.0000,-0.0000,0.0000,0.0000,-0.0000,0.0000,0.9190,0.9230,45.0000
1785918743.8973,0.9190,0.9160,42.0000,0.0000,-0.0000,0.0000,0.0000,-0.0000,0.0000,0.9190,0.9190,45.0000
1785918743.9472,0.9190,0.9130,42.0000,0.0000,-0.0000,0.0000,0.0000,-0.0000,0.0000,0.9190,0.9170,45.0000
1785918743.9978,0.9190,0.9250,41.0000,0.0000,-0.0000,0.0000,0.0000,-0.0000,0.0000,0.9190,0.9230,45.0000
1785918744.0481,0.9190,0.9130,42.0000,0.0000,-0.0000,0.0000,0.0000,-0.0000,0.0000,0.9190,0.9170,45.0000
1785918744.0972,0.9190,0.9050,43.0000,0.0000,-0.0000,0.0000,0.0000,-0.0000,0.0000,0.9190,0.9230,45.0000
1785918744.1472,0.9190,0.9210,42.0000,0.0000,-0.0000,0.0000,0.0000,-0.0000,0.0000,0.9190,0.9340,44.0000
1785918744.1972,0.9190,0.9100,42.0000,0.0000,-0.0000,0.0000,0.0000,-0.0000,0.0000,0.9190,0.9240,44.0000
1785918744.2477,0.9190,0.9150,42.0000,0.0000,-0.0000,0.0000,0.0000,-0.0000,0.0000,0.9190,0.9350,44.0000
1785918744.2979,0.9190,0.9310,41.0000,0.0000,-0.0000,0.0000,0.0000,-0.0000,0.0000,0.9190,0.9340,44.0000
1785918744.3483,0.9190,0.9240,42.0000,0.0000,-0.0000,0.0000,0.0000,-0.0000,0.0000,0.9190,0.9180,44.0000
1785918744.3972,0.9190,0.9200,42.0000,0.0000,-0.0000,0.0000,0.0000,-0.0000,0.0000,0.9190,0.9250,44.0000
1785918744.4474,0.9190,0.9240,42.0000,0.0000,-0.0000,0.0000,0.0000,-0.0000,0.0000,0.9190,0.9370,43.0000
1785918744.4972,0.9190,0.9250,42.0000,0.0000,-0.0000,0.0000,0.0000,-0.0000,0.0000,0.9190,0.9100,45.0000
1785918744.5472,0.9190,0.9120,42.0000,0.0000,-0.0000,0.0000,0.0000,-0.0000,0.0000,0.9190,0.9330,43.0000
1785918744.5972,0.9190,0.9230,42.0000,0.0000,-0.0000,0.0000,0.0000,-0.0000,0.0000,0.9190,0.9240,44.0000
1785918744.6472,0.9190,0.9160,42.0000,0.0000,-0.0000,0.0000,0.0000,-0.0000,0.0000,0.9190,0.8970,45.0000
1785918744.6973,0.9190,0.9150,42.0000,0.0000,-0.0000,0.0000,0.0000,-0.0000,0.0000,0.9190,0.9100,44.0000
1785918744.7472,0.9190,0.9190,42.0000,0.0000,-0.0000,0.0000,0.0000,-0.0000,0.0000,0.9190,0.9170,44.0000
1785918744.7972,0.9190,0.9200,42.0000,0.0000,-0.0000,0.0000,0.0000,-0.0000,0.0000,0.9190,0.8970,45.0000
1785918744.8472,0.9190,0.9160,42.0000,0.0000,-0.0000,0.0000,0.0000,-0.0000,0.0000,0.9190,0.9130,45.0000
1785918744.8973,0.9190,0.9170,42.0000,0.0000,-0.0000,0.0000,0.0000,-0.0000,0.0000,0.9190,0.9250,44.0000
1785918744.9473,0.9190,0.9200,42.0000,0.0000,-0.0000,0.0000,0.0000,-0.0000,0.0000,0.9190,0.8960,46.0000
1785918744.9985,0.9190,0.9170,42.0000,0.0000,-0.0000,0.0000,0.0000,-0.0000,0.0000,0.9190,0.9150,45.0000
1785918745.0482,0.9190,0.9230,42.0000,0.0000,-0.0000,0.0000,0.0000,-0.0000,0.0000,0.9190,0.9300,44.0000
1785918745.0982,0.9190,0.9200,42.0000,0.0000,-0.0000,0.0000,0.0000,-0.0000,0.0000,0.9190,0.9030,46.0000
1785918745.1483,0.9190,0.9210,42.0000,0.0000,-0.0000,0.0000,0.0000,-0.0000,0.0000,0.9190,0.9150,45.0000
1785918745.1983,0.9190,0.9200,42.0000,0.0000,-0.0000,0.0000,0.0000,-0.0000,0.0000,0.9190,0.9270,44.0000
1785918745.2482,0.9190,0.9250,42.0000,0.0000,-0.0000,0.0000,0.0000,-0.0000,0.0000,0.9190,0.9020,46.0000
1785918745.2992,0.9190,0.9260,41.0000,0.0000,-0.0000,0.0000,0.0000,-0.0000,0.0000,0.9190,0.9190,45.0000
1785918745.3484,0.9190,0.9220,42.0000,0.0000,-0.0000,0.0000,0.0000,-0.0000,0.0000,0.9190,0.9280,44.0000
1785918745.3982,0.9190,0.9140,42.0000,0.0000,-0.0000,0.0000,0.0000,-0.0000,0.0000,0.9190,0.9050,46.0000
1785918745.4483,0.9190,0.9200,42.0000,0.0000,-0.0000,0.0000,0.0000,-0.0000,0.0000,0.9190,0.9180,45.0000
1785918745.4983,0.9190,0.9200,42.0000,0.0000,-0.0000,0.0000,0.0000,-0.0000,0.0000,0.9190,0.9250,45.0000
1785918745.5482,0.9190,0.9200,42.0000,0.0000,-0.0000,0.0000,0.0000,-0.0000,0.0000,0.9190,0.9070,46.0000
1785918745.5992,0.9190,0.9220,42.0000,0.0000,-0.0000,0.0000,0.0000,-0.0000,0.0000,0.9190,0.9260,45.0000
1785918745.6483,0.9190,0.9110,42.0000,0.0000,-0.0000,0.0000,0.0000,-0.0000,0.0000,0.9190,0.9280,44.0000
1785918745.6983,0.9190,0.9180,42.0000,0.0000,-0.0000,0.0000,0.0000,-0.0000,0.0000,0.9190,0.9160,45.0000
1785918745.7483,0.9190,0.9240,41.0000,0.0000,-0.0000,0.0000,0.0000,-0.0000,0.0000,0.9190,0.9290,44.0000
1785918745.7983,0.9190,0.9210,42.0000,0.0000,-0.0000,0.0000,0.0000,-0.0000,0.0000,0.9190,0.9310,44.0000
1785918745.8483,0.9190,0.9150,42.0000,0.0000,-0.0000,0.0000,0.0000,-0.0000,0.0000,0.9190,0.9150,45.0000
1785918745.8994,0.9190,0.9270,41.0000,0.0000,-0.0000,0.0000,0.0000,-0.0000,0.0000,0.9190,0.9260,44.0000
1785918745.9483,0.9190,0.9170,42.0000,0.0000,-0.0000,0.0000,0.0000,-0.0000,0.0000,0.9190,0.9250,44.0000
1785918745.9982,0.9190,0.9100,42.0000,0.0000,-0.0000,0.0000,0.0000,-0.0000,0.0000,0.9190,0.9180,45.0000
1785918746.0483,0.9190,0.9260,41.0000,0.0000,-0.0000,0.0000,0.0000,-0.0000,0.0000,0.9190,0.9230,44.0000
1785918746.0983,0.9190,0.9170,42.0000,0.0000,-0.0000,0.0000,0.0000,-0.0000,0.0000,0.9190,0.9200,44.0000
1785918746.1483,0.9190,0.9120,42.0000,0.0000,-0.0000,0.0000,0.0000,-0.0000,0.0000,0.9190,0.9130,45.0000
1785918746.1983,0.9190,0.9250,41.0000,0.0000,-0.0000,0.0000,0.0000,-0.0000,0.0000,0.9190,0.9250,44.0000
1785918746.2495,0.9190,0.9150,42.0000,0.0000,-0.0000,0.0000,0.0000,-0.0000,0.0000,0.9190,0.9140,45.0000
1785918746.2993,0.9190,0.9160,42.0000,0.0000,-0.0000,0.0000,0.0000,-0.0000,0.0000,0.9190,0.9200,44.0000
1785918746.3493,0.9190,0.9220,42.0000,0.0000,-0.0000,0.0000,0.0000,-0.0000,0.0000,0.9190,0.9250,44.0000
1785918746.3993,0.9190,0.9180,42.0000,0.0000,-0.0000,0.0000,0.0000,-0.0000,0.0000,0.9190,0.9070,45.0000
1785918746.4493,0.9190,0.9180,42.0000,0.0000,-0.0000,0.0000,0.0000,-0.0000,0.0000,0.9190,0.9190,45.0000
1785918746.4993,0.9190,0.9200,42.0000,0.0000,-0.0000,0.0000,0.0000,-0.0000,0.0000,0.9190,0.9240,44.0000
1785918746.5497,0.9190,0.9160,42.0000,0.0000,-0.0000,0.0000,0.0000,-0.0000,0.0000,0.9190,0.9050,46.0000
1785918746.5993,0.9190,0.9060,43.0000,0.0000,-0.0000,0.0000,0.0000,-0.0000,0.0000,0.9190,0.9190,45.0000
1785918746.6494,0.9190,0.9200,42.0000,0.0000,-0.0000,0.0000,0.0000,-0.0000,0.0000,0.9190,0.9310,44.0000
1785918746.6993,0.9190,0.9100,42.0000,0.0000,-0.0000,0.0000,0.0000,-0.0000,0.0000,0.9190,0.9090,45.0000
1785918746.7493,0.9190,0.9100,42.0000,0.0000,-0.0000,0.0000,0.0000,-0.0000,0.0000,0.9190,0.9250,44.0000
1785918746.7993,0.9190,0.9220,42.0000,0.0000,-0.0000,0.0000,0.0000,-0.0000,0.0000,0.9190,0.9330,44.0000
1785918746.8502,0.9190,0.9170,42.0000,0.0000,-0.0000,0.0000,0.0000,-0.0000,0.0000,0.9190,0.9140,45.0000
1785918746.8993,0.9190,0.9170,42.0000,0.0000,-0.0000,0.0000,0.0000,-0.0000,0.0000,0.9190,0.9240,44.0000
1785918746.9493,0.9190,0.9280,42.0000,0.0000,-0.0000,0.0000,0.0000,-0.0000,0.0000,0.9190,0.9290,44.0000
1785918746.9993,0.9190,0.9240,42.0000,0.0000,-0.0000,0.0000,0.0000,-0.0000,0.0000,0.9190,0.9070,45.0000
1785918747.0494,0.9190,0.9200,42.0000,0.0000,-0.0000,0.0000,0.0000,-0.0000,0.0000,0.9190,0.9180,44.0000
1785918747.0993,0.9190,0.9250,42.0000,0.0000,-0.0000,0.0000,0.0000,-0.0000,0.0000,0.9190,0.9270,44.0000
1785918747.1496,0.9190,0.9270,41.0000,0.0000,-0.0000,0.0000,0.0000,-0.0000,0.0000,0.9190,0.9020,45.0000
1785918747.1994,0.9190,0.9140,42.0000,0.0000,-0.0000,0.0000,0.0000,-0.0000,0.0000,0.9190,0.9230,44.0000
1785918747.2493,0.9190,0.9220,42.0000,0.0000,-0.0000,0.0000,0.0000,-0.0000,0.0000,0.9190,0.9330,44.0000
1785918747.2994,0.9190,0.9240,42.0000,0.0000,-0.0000,0.0000,0.0000,-0.0000,0.0000,0.9190,0.9120,45.0000
1785918747.3494,0.9190,0.9200,42.0000,0.0000,-0.0000,0.0000,0.0000,-0.0000,0.0000,0.9190,0.9170,45.0000
1785918747.4002,0.9190,0.9220,42.0000,0.0000,-0.0000,0.0000,0.0000,-0.0000,0.0000,0.9190,0.9340,44.0000
1785918747.4494,1.0390,0.9200,52.0000,0.0000,-0.0000,0.0000,0.0000,-0.0000,0.0000,1.0390,0.9070,55.0000
1785918747.4993,1.6390,1.4060,78.0000,0.0000,-0.0000,0.0000,0.0000,-0.0000,0.0000,1.6390,1.3550,84.0000
1785918747.5495,1.8640,1.8690,78.0000,0.0000,-0.0000,0.0000,0.0000,-0.0000,0.0000,1.8640,1.8930,80.0000
1785918747.5994,1.8640,1.8690,81.0000,0.0000,-0.0000,0.0000,0.0000,-0.0000,0.0000,1.8640,1.9110,82.0000
1785918747.6494,1.8640,1.8960,80.0000,0.0000,-0.0000,0.0000,0.0000,-0.0000,0.0000,1.8640,1.9400,80.0000
1785918747.6994,1.8640,1.8920,80.0000,0.0000,-0.0000,0.0000,0.0000,-0.0000,0.0000,1.8640,1.8990,82.0000
1785918747.7494,1.8640,1.8940,79.0000,0.0000,-0.0000,0.0000,0.0000,-0.0000,0.0000,1.8640,1.8810,83.0000
1785918747.8007,1.8640,1.8880,79.0000,0.0000,-0.0000,0.0000,0.0000,-0.0000,0.0000,1.8640,1.8910,82.0000
1785918747.8504,1.8640,1.8770,80.0000,0.0000,-0.0000,0.0000,0.0000,-0.0000,0.0000,1.8640,1.8920,81.0000
1785918747.9004,1.8640,1.8750,80.0000,0.0000,-0.0000,0.0000,0.0000,-0.0000,0.0000,1.8640,1.8630,83.0000
1785918747.9504,1.8640,1.8790,79.0000,0.0000,-0.0000,0.0000,0.0000,-0.0000,0.0000,1.8640,1.8720,82.0000
1785918748.0004,1.8640,1.8710,79.0000,0.0000,-0.0000,0.0000,0.0000,-0.0000,0.0000,1.8640,1.8820,81.0000
1785918748.0503,1.8640,1.8700,79.0000,0.0000,-0.0000,0.0000,0.0000,-0.0000,0.0000,1.8640,1.8540,83.0000
1785918748.1014,1.8640,1.8790,79.0000,0.0000,-0.0000,0.0000,0.0000,-0.0000,0.0000,1.8640,1.8620,82.0000
1785918748.1506,1.8640,1.8720,79.0000,0.0000,-0.0000,0.0000,0.0000,-0.0000,0.0000,1.8640,1.8890,81.0000
1785918748.2023,1.8640,1.8720,79.0000,0.0000,-0.0000,0.0000,0.0000,-0.0000,0.0000,1.8640,1.8670,82.0000
1785918748.2504,1.8640,1.8800,78.0000,0.0000,-0.0000,0.0000,0.0000,-0.0000,0.0000,1.8640,1.8590,82.0000
1785918748.3005,1.8640,1.8730,79.0000,0.0000,-0.0000,0.0000,0.0000,-0.0000,0.0000,1.8640,1.8850,81.0000
1785918748.3506,1.8640,1.8710,79.0000,0.0000,-0.0000,0.0000,0.0000,-0.0000,0.0000,1.8640,1.8800,81.0000
1785918748.4029,1.8640,1.8630,79.0000,0.0000,-0.0000,0.0000,0.0000,-0.0000,0.0000,1.8640,1.8520,82.0000
1785918748.4505,1.8640,1.8720,78.0000,0.0000,-0.0000,0.0000,0.0000,-0.0000,0.0000,1.8640,1.8770,81.0000
1785918748.5029,1.8640,1.8710,78.0000,0.0000,-0.0000,0.0000,0.0000,-0.0000,0.0000,1.8640,1.8720,81.0000
1785918748.5515,1.8640,1.8680,79.0000,0.0000,-0.0000,0.0000,0.0000,-0.0000,0.0000,1.8640,1.8510,82.0000
1785918748.6016,1.8640,1.8680,78.0000,0.0000,-0.0000,0.0000,0.0000,-0.0000,0.0000,1.8640,1.8600,82.0000
1785918748.6506,1.8640,1.8690,78.0000,0.0000,-0.0000,0.0000,0.0000,-0.0000,0.0000,1.8640,1.8900,80.0000
1785918748.7006,1.8640,1.8640,79.0000,0.0000,-0.0000,0.0000,0.0000,-0.0000,0.0000,1.8640,1.8580,82.0000
1785918748.7508,1.8640,1.8610,79.0000,0.0000,-0.0000,0.0000,0.0000,-0.0000,0.0000,1.8640,1.8670,81.0000
1785918748.8004,1.8640,1.8730,78.0000,0.0000,-0.0000,0.0000,0.0000,-0.0000,0.0000,1.8640,1.8970,79.0000
1785918748.8504,1.8640,1.8660,78.0000,0.0000,-0.0000,0.0000,0.0000,-0.0000,0.0000,1.8640,1.8670,81.0000
1785918748.9003,1.8640,1.8630,79.0000,0.0000,-0.0000,0.0000,0.0000,-0.0000,0.0000,1.8640,1.8650,81.0000
1785918748.9510,1.8640,1.8610,79.0000,0.0000,-0.0000,0.0000,0.0000,-0.0000,0.0000,1.8640,1.8930,79.0000
1785918749.0004,1.8640,1.8690,78.0000,0.0000,-0.0000,0.0000,0.0000,-0.0000,0.0000,1.8640,1.8620,81.0000
1785918749.0507,1.8640,1.8600,79.0000,0.0000,-0.0000,0.0000,0.0000,-0.0000,0.0000,1.8640,1.8530,81.0000
1785918749.1011,1.8640,1.8650,78.0000,0.0000,-0.0000,0.0000,0.0000,-0.0000,0.0000,1.8640,1.8740,80.0000
1785918749.1505,1.8640,1.8660,78.0000,0.0000,-0.0000,0.0000,0.0000,-0.0000,0.0000,1.8640,1.8770,80.0000
1785918749.2011,1.8640,1.8650,78.0000,0.0000,-0.0000,0.0000,0.0000,-0.0000,0.0000,1.8640,1.8610,81.0000
1785918749.2510,1.8640,1.8610,79.0000,0.0000,-0.0000,0.0000,0.0000,-0.0000,0.0000,1.8640,1.8670,80.0000
1785918749.3010,1.8640,1.8630,79.0000,0.0000,-0.0000,0.0000,0.0000,-0.0000,0.0000,1.8640,1.8790,79.0000
1785918749.3504,1.8640,1.8640,78.0000,0.0000,-0.0000,0.0000,0.0000,-0.0000,0.0000,1.8640,1.8650,80.0000
1785918749.4004,1.8640,1.8670,78.0000,0.0000,-0.0000,0.0000,0.0000,-0.0000,0.0000,1.8640,1.8620,80.0000
1785918749.4510,1.8640,1.8680,78.0000,0.0000,-0.0000,0.0000,0.0000,-0.0000,0.0000,1.8640,1.8940,78.0000
1785918749.5009,1.8640,1.8620,79.0000,0.0000,-0.0000,0.0000,0.0000,-0.0000,0.0000,1.8640,1.8640,80.0000
1785918749.5504,1.8640,1.8550,79.0000,0.0000,-0.0000,0.0000,0.0000,-0.0000,0.0000,1.8640,1.8500,81.0000
1785918749.6005,1.8640,1.8670,78.0000,0.0000,-0.0000,0.0000,0.0000,-0.0000,0.0000,1.8640,1.8770,79.0000
1785918749.6504,1.8640,1.8660,78.0000,0.0000,-0.0000,0.0000,0.0000,-0.0000,0.0000,1.8640,1.8780,79.0000
1785918749.7019,1.8640,1.8620,79.0000,0.0000,-0.0000,0.0000,0.0000,-0.0000,0.0000,1.8640,1.8500,81.0000
1785918749.7504,1.8640,1.8680,78.0000,0.0000,-0.0000,0.0000,0.0000,-0.0000,0.0000,1.8640,1.8730,79.0000
1785918749.8004,1.8640,1.8710,78.0000,0.0000,-0.0000,0.0000,0.0000,-0.0000,0.0000,1.8640,1.8820,79.0000
1785918749.8507,1.8640,1.8600,79.0000,0.0000,-0.0000,0.0000,0.0000,-0.0000,0.0000,1.8640,1.8460,81.0000
1785918749.9005,1.8640,1.8700,78.0000,0.0000,-0.0000,0.0000,0.0000,-0.0000,0.0000,1.8640,1.8620,80.0000
1785918749.9505,1.8640,1.8690,78.0000,0.0000,-0.0000,0.0000,0.0000,-0.0000,0.0000,1.8640,1.8840,79.0000
1785918750.0005,1.8640,1.8600,79.0000,0.0000,-0.0000,0.0000,0.0000,-0.0000,0.0000,1.8640,1.8610,80.0000
1785918750.0504,1.8640,1.8600,79.0000,0.0000,-0.0000,0.0000,0.0000,-0.0000,0.0000,1.8640,1.8570,80.0000
1785918750.1005,1.8640,1.8720,78.0000,0.0000,-0.0000,0.0000,0.0000,-0.0000,0.0000,1.8640,1.8860,78.0000
1785918750.1513,1.8640,1.8580,79.0000,0.0000,-0.0000,0.0000,0.0000,-0.0000,0.0000,1.8640,1.8560,80.0000
1785918750.2005,1.8640,1.8610,79.0000,0.0000,-0.0000,0.0000,0.0000,-0.0000,0.0000,1.8640,1.8480,81.0000
1785918750.2505,1.8640,1.8630,78.0000,0.0000,-0.0000,0.0000,0.0000,-0.0000,0.0000,1.8640,1.8880,78.0000
1785918750.3005,1.8640,1.8620,79.0000,0.0000,-0.0000,0.0000,0.0000,-0.0000,0.0000,1.8640,1.8640,80.0000
1785918750.3505,1.8640,1.8640,78.0000,0.0000,-0.0000,0.0000,0.0000,-0.0000,0.0000,1.8640,1.8480,81.0000
1785918750.4005,1.8640,1.8650,78.0000,0.0000,-0.0000,0.0000,0.0000,-0.0000,0.0000,1.8640,1.8750,79.0000
1785918750.4507,1.8640,1.8620,79.0000,0.0000,-0.0000,0.0000,0.0000,-0.0000,0.0000,1.8640,1.8780,79.0000
1785918750.5005,1.8640,1.8620,79.0000,0.0000,-0.0000,0.0000,0.0000,-0.0000,0.0000,1.8640,1.8490,80.0000
1785918750.5504,1.8640,1.8610,79.0000,0.0000,-0.0000,0.0000,0.0000,-0.0000,0.0000,1.8640,1.8650,79.0000
1785918750.6005,1.8640,1.8700,78.0000,0.0000,-0.0000,0.0000,0.0000,-0.0000,0.0000,1.8640,1.8780,79.0000
1785918750.6506,1.8640,1.8650,78.0000,0.0000,-0.0000,0.0000,0.0000,-0.0000,0.0000,1.8640,1.8470,80.0000
1785918750.7005,1.8640,1.8720,78.0000,0.0000,-0.0000,0.0000,0.0000,-0.0000,0.0000,1.8640,1.8510,80.0000
1785918750.7505,1.8640,1.8620,78.0000,0.0000,-0.0000,0.0000,0.0000,-0.0000,0.0000,1.8640,1.8810,79.0000
1785918750.8005,1.8640,1.8570,79.0000,0.0000,-0.0000,0.0000,0.0000,-0.0000,0.0000,1.8640,1.8590,80.0000
1785918750.8505,1.8640,1.8620,78.0000,0.0000,-0.0000,0.0000,0.0000,-0.0000,0.0000,1.8640,1.8520,80.0000
1785918750.9006,1.8640,1.8690,78.0000,0.0000,-0.0000,0.0000,0.0000,-0.0000,0.0000,1.8640,1.8920,78.0000
1785918750.9506,1.8640,1.8620,78.0000,0.0000,-0.0000,0.0000,0.0000,-0.0000,0.0000,1.8640,1.8640,80.0000
1785918751.0006,1.8640,1.8600,79.0000,0.0000,-0.0000,0.0000,0.0000,-0.0000,0.0000,1.8640,1.8520,80.0000
1785918751.0505,1.8640,1.8700,78.0000,0.0000,-0.0000,0.0000,0.0000,-0.0000,0.0000,1.8640,1.8690,79.0000
1785918751.1018,1.8640,1.8690,78.0000,0.0000,-0.0000,0.0000,0.0000,-0.0000,0.0000,1.8640,1.8680,79.0000
1785918751.1516,1.8640,1.8600,79.0000,0.0000,-0.0000,0.0000,0.0000,-0.0000,0.0000,1.8640,1.8430,81.0000
1785918751.2015,1.8640,1.8640,78.0000,0.0000,-0.0000,0.0000,0.0000,-0.0000,0.0000,1.8640,1.8690,79.0000
1785918751.2515,1.8640,1.8650,78.0000,0.0000,-0.0000,0.0000,0.0000,-0.0000,0.0000,1.8640,1.8780,79.0000
1785918751.3015,1.8640,1.8640,78.0000,0.0000,-0.0000,0.0000,0.0000,-0.0000,0.0000,1.8640,1.8490,80.0000
1785918751.3515,1.8640,1.8620,78.0000,0.0000,-0.0000,0.0000,0.0000,-0.0000,0.0000,1.8640,1.8480,81.0000
1785918751.4025,1.8640,1.8640,78.0000,0.0000,-0.0000,0.0000,0.0000,-0.0000,0.0000,1.8640,1.8690,79.0000
1785918751.4515,1.8640,1.8590,79.0000,0.0000,-0.0000,0.0000,0.0000,-0.0000,0.0000,1.8640,1.8570,80.0000
1785918751.5015,1.8640,1.8590,79.0000,0.0000,-0.0000,0.0000,0.0000,-0.0000,0.0000,1.8640,1.8520,81.0000
1785918751.5515,1.8640,1.8660,78.0000,0.0000,-0.0000,0.0000,0.0000,-0.0000,0.0000,1.8640,1.8800,79.0000
1785918751.6015,1.8640,1.8670,78.0000,0.0000,-0.0000,0.0000,0.0000,-0.0000,0.0000,1.8640,1.8630,80.0000
1785918751.6515,1.8640,1.8640,78.0000,0.0000,-0.0000,0.0000,0.0000,-0.0000,0.0000,1.8640,1.8420,81.0000
1785918751.7025,1.8640,1.8590,79.0000,0.0000,-0.0000,0.0000,0.0000,-0.0000,0.0000,1.8640,1.8780,79.0000
1785918751.7516,1.8640,1.8630,78.0000,0.0000,-0.0000,0.0000,0.0000,-0.0000,0.0000,1.8640,1.8760,79.0000
1785918751.8028,1.8640,1.8670,78.0000,0.0000,-0.0000,0.0000,0.0000,-0.0000,0.0000,1.8640,1.8520,81.0000
1785918751.8526,1.8640,1.8630,79.0000,0.0000,-0.0000,0.0000,0.0000,-0.0000,0.0000,1.8640,1.8800,79.0000
1785918751.9026,1.8640,1.8680,78.0000,0.0000,-0.0000,0.0000,0.0000,-0.0000,0.0000,1.8640,1.8790,79.0000
1785918751.9541,1.8640,1.8640,78.0000,0.0000,-0.0000,0.0000,0.0000,-0.0000,0.0000,1.8640,1.8590,80.0000
1785918752.0036,1.8640,1.8650,78.0000,0.0000,-0.0000,0.0000,0.0000,-0.0000,0.0000,1.8640,1.8600,80.0000
1785918752.0525,1.8640,1.8700,78.0000,0.0000,-0.0000,0.0000,0.0000,-0.0000,0.0000,1.8640,1.8800,79.0000
1785918752.1026,1.8640,1.8640,78.0000,0.0000,-0.0000,0.0000,0.0000,-0.0000,0.0000,1.8640,1.8510,80.0000
1785918752.1526,1.8640,1.8630,78.0000,0.0000,-0.0000,0.0000,0.0000,-0.0000,0.0000,1.8640,1.8490,80.0000
1785918752.2026,1.8640,1.8640,78.0000,0.0000,-0.0000,0.0000,0.0000,-0.0000,0.0000,1.8640,1.8800,79.0000
1785918752.2526,1.8640,1.8670,78.0000,0.0000,-0.0000,0.0000,0.0000,-0.0000,0.0000,1.8640,1.8640,80.0000
1785918752.3026,1.8640,1.8600,79.0000,0.0000,-0.0000,0.0000,0.0000,-0.0000,0.0000,1.8640,1.8510,80.0000
1785918752.3536,1.8640,1.8580,79.0000,0.0000,-0.0000,0.0000,0.0000,-0.0000,0.0000,1.8640,1.8710,79.0000
1785918752.4026,1.8640,1.8720,78.0000,0.0000,-0.0000,0.0000,0.0000,-0.0000,0.0000,1.8640,1.8740,79.0000
1785918752.4526,1.8640,1.8640,78.0000,0.0000,-0.0000,0.0000,0.0000,-0.0000,0.0000,1.8640,1.8430,81.0000
1785918752.5026,1.8640,1.8560,79.0000,0.0000,-0.0000,0.0000,0.0000,-0.0000,0.0000,1.8640,1.8760,79.0000
1785918752.5526,1.8640,1.8690,78.0000,0.0000,-0.0000,0.0000,0.0000,-0.0000,0.0000,1.8640,1.8790,79.0000
1785918752.6026,1.8640,1.8640,78.0000,0.0000,-0.0000,0.0000,0.0000,-0.0000,0.0000,1.8640,1.8490,80.0000
1785918752.6539,1.8640,1.8580,79.0000,0.0000,-0.0000,0.0000,0.0000,-0.0000,0.0000,1.8640,1.8670,79.0000
1785918752.7026,1.8640,1.8640,78.0000,0.0000,-0.0000,0.0000,0.0000,-0.0000,0.0000,1.8640,1.8810,78.0000
1785918752.7526,1.8640,1.8650,78.0000,0.0000,-0.0000,0.0000,0.0000,-0.0000,0.0000,1.8640,1.8540,80.0000
1785918752.8026,1.8640,1.8590,79.0000,0.0000,-0.0000,0.0000,0.0000,-0.0000,0.0000,1.8640,1.8570,80.0000
1785918752.8526,1.8640,1.8710,78.0000,0.0000,-0.0000,0.0000,0.0000,-0.0000,0.0000,1.8640,1.8770,79.0000
1785918752.9026,1.8640,1.8670,78.0000,0.0000,-0.0000,0.0000,0.0000,-0.0000,0.0000,1.8640,1.8650,79.0000
1785918752.9526,1.8640,1.8650,78.0000,0.0000,-0.0000,0.0000,0.0000,-0.0000,0.0000,1.8640,1.8510,80.0000
1785918753.0026,1.8640,1.8660,78.0000,0.0000,-0.0000,0.0000,0.0000,-0.0000,0.0000,1.8640,1.8770,79.0000
1785918753.0526,1.8640,1.8690,78.0000,0.0000,-0.0000,0.0000,0.0000,-0.0000,0.0000,1.8640,1.8660,79.0000
1785918753.1026,1.8640,1.8660,78.0000,0.0000,-0.0000,0.0000,0.0000,-0.0000,0.0000,1.8640,1.8440,81.0000
1785918753.1526,1.8640,1.8590,79.0000,0.0000,-0.0000,0.0000,0.0000,-0.0000,0.0000,1.8640,1.8790,79.0000
1785918753.2026,1.8640,1.8680,78.0000,0.0000,-0.0000,0.0000,0.0000,-0.0000,0.0000,1.8640,1.8690,79.0000
1785918753.2526,1.8640,1.8660,78.0000,0.0000,-0.0000,0.0000,0.0000,-0.0000,0.0000,1.8640,1.8510,80.0000
1785918753.3027,1.8640,1.8620,79.0000,0.0000,-0.0000,0.0000,0.0000,-0.0000,0.0000,1.8640,1.8640,80.0000
1785918753.3526,1.8640,1.8720,78.0000,0.0000,-0.0000,0.0000,0.0000,-0.0000,0.0000,1.8640,1.8800,79.0000
1785918753.4026,1.8640,1.8580,79.0000,0.0000,-0.0000,0.0000,0.0000,-0.0000,0.0000,1.8640,1.8540,80.0000
1785918753.4527,1.8640,1.8710,78.0000,0.0000,-0.0000,0.0000,0.0000,-0.0000,0.0000,1.8640,1.8600,80.0000
1785918753.5026,1.8640,1.8620,78.0000,0.0000,-0.0000,0.0000,0.0000,-0.0000,0.0000,1.8640,1.8820,78.0000
1785918753.5526,1.8640,1.8630,78.0000,0.0000,-0.0000,0.0000,0.0000,-0.0000,0.0000,1.8640,1.8610,80.0000
1785918753.6026,1.8640,1.8640,78.0000,0.0000,-0.0000,0.0000,0.0000,-0.0000,0.0000,1.8640,1.8490,80.0000
1785918753.6527,1.8640,1.8620,78.0000,0.0000,-0.0000,0.0000,0.0000,-0.0000,0.0000,1.8640,1.8800,79.0000
1785918753.7027,1.8640,1.8740,78.0000,0.0000,-0.0000,0.0000,0.0000,-0.0000,0.0000,1.8640,1.8620,80.0000
1785918753.7527,1.8640,1.8580,79.0000,0.0000,-0.0000,0.0000,0.0000,-0.0000,0.0000,1.8640,1.8460,81.0000
1785918753.8026,1.8640,1.8660,78.0000,0.0000,-0.0000,0.0000,0.0000,-0.0000,0.0000,1.8640,1.8750,79.0000
1785918753.8527,1.8640,1.8670,78.0000,0.0000,-0.0000,0.0000,0.0000,-0.0000,0.0000,1.8640,1.8760,79.0000
1785918753.9027,1.8640,1.8620,78.0000,0.0000,-0.0000,0.0000,0.0000,-0.0000,0.0000,1.8640,1.8460,81.0000
1785918753.9526,1.8640,1.8550,79.0000,0.0000,-0.0000,0.0000,0.0000,-0.0000,0.0000,1.8640,1.8670,79.0000
1785918754.0026,1.8640,1.8670,78.0000,0.0000,-0.0000,0.0000,0.0000,-0.0000,0.0000,1.8640,1.8780,79.0000
1785918754.0527,1.8640,1.8660,78.0000,0.0000,-0.0000,0.0000,0.0000,-0.0000,0.0000,1.8640,1.8520,80.0000
1785918754.1026,1.8640,1.8590,79.0000,0.0000,-0.0000,0.0000,0.0000,-0.0000,0.0000,1.8640,1.8660,79.0000
1785918754.1527,1.9840,1.8720,88.0000,0.0000,-0.0000,0.0000,0.0000,-0.0000,0.0000,1.9840,1.8790,89.0000
1785918754.2029,2.5840,2.3580,114.0000,0.0000,-0.0000,0.0000,0.0000,-0.0000,0.0000,2.5840,2.3410,117.0000
1785918754.2528,2.7820,2.8090,112.0000,0.0000,-0.0000,0.0000,0.0000,-0.0000,0.0000,2.7820,2.8050,114.0000
1785918754.3027,2.7820,2.7990,115.0000,0.0000,-0.0000,0.0000,0.0000,-0.0000,0.0000,2.7820,2.8250,116.0000
1785918754.3527,2.7820,2.8140,115.0000,0.0000,-0.0000,0.0000,0.0000,-0.0000,0.0000,2.7820,2.8260,116.0000
1785918754.4027,2.7820,2.8200,114.0000,0.0000,-0.0000,0.0000,0.0000,-0.0000,0.0000,2.7820,2.8320,115.0000
1785918754.4528,2.7820,2.8120,114.0000,0.0000,-0.0000,0.0000,0.0000,-0.0000,0.0000,2.7820,2.8360,115.0000
1785918754.5041,2.7820,2.8110,114.0000,0.0000,-0.0000,0.0000,0.0000,-0.0000,0.0000,2.7820,2.8310,115.0000
1785918754.5541,2.7820,2.8000,114.0000,0.0000,-0.0000,0.0000,0.0000,-0.0000,0.0000,2.7820,2.8260,114.0000
1785918754.6040,2.7820,2.8010,114.0000,0.0000,-0.0000,0.0000,0.0000,-0.0000,0.0000,2.7820,2.8130,115.0000
1785918754.6541,2.7820,2.7950,114.0000,0.0000,-0.0000,0.0000,0.0000,-0.0000,0.0000,2.7820,2.8110,115.0000
1785918754.7040,2.7820,2.7980,114.0000,0.0000,-0.0000,0.0000,0.0000,-0.0000,0.0000,2.7820,2.8070,115.0000
1785918754.7542,2.7820,2.7940,114.0000,0.0000,-0.0000,0.0000,0.0000,-0.0000,0.0000,2.7820,2.7990,115.0000
1785918754.8050,2.7820,2.7890,114.0000,0.0000,-0.0000,0.0000,0.0000,-0.0000,0.0000,2.7820,2.7980,115.0000
1785918754.8549,2.7820,2.7860,114.0000,0.0000,-0.0000,0.0000,0.0000,-0.0000,0.0000,2.7820,2.7870,115.0000
1785918754.9048,2.7820,2.7880,114.0000,0.0000,-0.0000,0.0000,0.0000,-0.0000,0.0000,2.7820,2.7850,115.0000
1785918754.9547,2.7820,2.7910,114.0000,0.0000,-0.0000,0.0000,0.0000,-0.0000,0.0000,2.7820,2.7820,115.0000
1785918755.0047,2.7820,2.7880,114.0000,0.0000,-0.0000,0.0000,0.0000,-0.0000,0.0000,2.7820,2.7770,116.0000
1785918755.0547,2.7820,2.7860,114.0000,0.0000,-0.0000,0.0000,0.0000,-0.0000,0.0000,2.7820,2.7740,116.0000
1785918755.1049,2.7820,2.7820,114.0000,0.0000,-0.0000,0.0000,0.0000,-0.0000,0.0000,2.7820,2.7660,116.0000
1785918755.1547,2.7820,2.7850,114.0000,0.0000,-0.0000,0.0000,0.0000,-0.0000,0.0000,2.7820,2.7740,116.0000
1785918755.2047,2.7820,2.7850,114.0000,0.0000,-0.0000,0.0000,0.0000,-0.0000,0.0000,2.7820,2.7710,116.0000
1785918755.2547,2.7820,2.7840,114.0000,0.0000,-0.0000,0.0000,0.0000,-0.0000,0.0000,2.7820,2.7660,116.0000
1785918755.3047,2.7820,2.7800,114.0000,0.0000,-0.0000,0.0000,0.0000,-0.0000,0.0000,2.7820,2.7650,116.0000
1785918755.3547,2.7820,2.7760,114.0000,0.0000,-0.0000,0.0000,0.0000,-0.0000,0.0000,2.7820,2.7680,116.0000
1785918755.4048,2.7820,2.7820,114.0000,0.0000,-0.0000,0.0000,0.0000,-0.0000,0.0000,2.7820,2.7690,116.0000
1785918755.4548,2.7820,2.7800,114.0000,0.0000,-0.0000,0.0000,0.0000,-0.0000,0.0000,2.7820,2.7560,117.0000
1785918755.5048,2.7820,2.7820,114.0000,0.0000,-0.0000,0.0000,0.0000,-0.0000,0.0000,2.7820,2.7760,116.0000
1785918755.5547,2.7820,2.7810,114.0000,0.0000,-0.0000,0.0000,0.0000,-0.0000,0.0000,2.7820,2.7760,116.0000
1785918755.6047,2.7820,2.7820,114.0000,0.0000,-0.0000,0.0000,0.0000,-0.0000,0.0000,2.7820,2.7810,115.0000
1785918755.6548,2.7820,2.7810,114.0000,0.0000,-0.0000,0.0000,0.0000,-0.0000,0.0000,2.7820,2.7900,115.0000
1785918755.7047,2.7820,2.7820,114.0000,0.0000,-0.0000,0.0000,0.0000,-0.0000,0.0000,2.7820,2.7800,115.0000
1785918755.7561,2.7820,2.7810,114.0000,0.0000,-0.0000,0.0000,0.0000,-0.0000,0.0000,2.7820,2.7950,114.0000
1785918755.8048,2.7820,2.7830,113.0000,0.0000,-0.0000,0.0000,0.0000,-0.0000,0.0000,2.7820,2.7860,115.0000
1785918755.8548,2.7820,2.7840,113.0000,0.0000,-0.0000,0.0000,0.0000,-0.0000,0.0000,2.7820,2.7990,114.0000
1785918755.9055,2.7820,2.7820,114.0000,0.0000,-0.0000,0.0000,0.0000,-0.0000,0.0000,2.7820,2.8010,114.0000
1785918755.9552,2.7820,2.7810,114.0000,0.0000,-0.0000,0.0000,0.0000,-0.0000,0.0000,2.7820,2.7960,114.0000
1785918756.0055,2.7820,2.7790,114.0000,0.0000,-0.0000,0.0000,0.0000,-0.0000,0.0000,2.7820,2.7890,115.0000
1785918756.0547,2.7820,2.7840,113.0000,0.0000,-0.0000,0.0000,0.0000,-0.0000,0.0000,2.7820,2.8000,114.0000
1785918756.1055,2.7820,2.7840,113.0000,0.0000,-0.0000,0.0000,0.0000,-0.0000,0.0000,2.7820,2.8000,114.0000
1785918756.1557,2.7820,2.7900,113.0000,0.0000,-0.0000,0.0000,0.0000,-0.0000,0.0000,2.7820,2.7900,115.0000
1785918756.2053,2.7820,2.7830,113.0000,0.0000,-0.0000,0.0000,0.0000,-0.0000,0.0000,2.7820,2.7940,114.0000
1785918756.2552,2.7820,2.7840,113.0000,0.0000,-0.0000,0.0000,0.0000,-0.0000,0.0000,2.7820,2.7930,115.0000
1785918756.3048,2.7820,2.7830,113.0000,0.0000,-0.0000,0.0000,0.0000,-0.0000,0.0000,2.7820,2.7970,114.0000
1785918756.3550,2.7820,2.7820,113.0000,0.0000,-0.0000,0.0000,0.0000,-0.0000,0.0000,2.7820,2.7880,115.0000
1785918756.4048,2.7820,2.7860,113.0000,0.0000,-0.0000,0.0000,0.0000,-0.0000,0.0000,2.7820,2.7890,115.0000
1785918756.4548,2.7820,2.7850,113.0000,0.0000,-0.0000,0.0000,0.0000,-0.0000,0.0000,2.7820,2.7860,115.0000
1785918756.5048,2.7820,2.7810,113.0000,0.0000,-0.0000,0.0000,0.0000,-0.0000,0.0000,2.7820,2.7700,116.0000
1785918756.5551,2.7820,2.7820,113.0000,0.0000,-0.0000,0.0000,0.0000,-0.0000,0.0000,2.7820,2.7800,115.0000
1785918756.6048,2.7820,2.7860,113.0000,0.0000,-0.0000,0.0000,0.0000,-0.0000,0.0000,2.7820,2.7760,115.0000
1785918756.6548,2.7820,2.7830,113.0000,0.0000,-0.0000,0.0000,0.0000,-0.0000,0.0000,2.7820,2.7670,116.0000
1785918756.7048,2.7820,2.7750,114.0000,0.0000,-0.0000,0.0000,0.0000,-0.0000,0.0000,2.7820,2.7710,116.0000
1785918756.7548,2.7820,2.7780,114.0000,0.0000,-0.0000,0.0000,0.0000,-0.0000,0.0000,2.7820,2.7690,116.0000
1785918756.8048,2.7820,2.7830,113.0000,0.0000,-0.0000,0.0000,0.0000,-0.0000,0.0000,2.7820,2.7660,116.0000
1785918756.8549,2.7820,2.7850,113.0000,0.0000,-0.0000,0.0000,0.0000,-0.0000,0.0000,2.7820,2.7610,116.0000
1785918756.9048,2.7820,2.7810,113.0000,0.0000,-0.0000,0.0000,0.0000,-0.0000,0.0000,2.7820,2.7640,116.0000
1785918756.9548,2.7820,2.7830,113.0000,0.0000,-0.0000,0.0000,0.0000,-0.0000,0.0000,2.7820,2.7690,116.0000
1785918757.0048,2.7820,2.7840,113.0000,0.0000,-0.0000,0.0000,0.0000,-0.0000,0.0000,2.7820,2.7700,116.0000
1785918757.0548,2.7820,2.7780,114.0000,0.0000,-0.0000,0.0000,0.0000,-0.0000,0.0000,2.7820,2.7780,115.0000
1785918757.1048,2.7820,2.7810,114.0000,0.0000,-0.0000,0.0000,0.0000,-0.0000,0.0000,2.7820,2.7780,115.0000
1785918757.1549,2.7820,2.7830,113.0000,0.0000,-0.0000,0.0000,0.0000,-0.0000,0.0000,2.7820,2.7690,116.0000
1785918757.2049,2.7820,2.7820,113.0000,0.0000,-0.0000,0.0000,0.0000,-0.0000,0.0000,2.7820,2.7750,115.0000
1785918757.2548,2.7820,2.7800,114.0000,0.0000,-0.0000,0.0000,0.0000,-0.0000,0.0000,2.7820,2.7850,115.0000
1785918757.3048,2.7820,2.7820,113.0000,0.0000,-0.0000,0.0000,0.0000,-0.0000,0.0000,2.7820,2.7850,115.0000
1785918757.3548,2.7820,2.7870,113.0000,0.0000,-0.0000,0.0000,0.0000,-0.0000,0.0000,2.7820,2.7910,114.0000
1785918757.4048,2.7820,2.7790,114.0000,0.0000,-0.0000,0.0000,0.0000,-0.0000,0.0000,2.7820,2.7810,115.0000
1785918757.4549,2.7820,2.7820,114.0000,0.0000,-0.0000,0.0000,0.0000,-0.0000,0.0000,2.7820,2.7970,114.0000
1785918757.5049,2.7820,2.7840,113.0000,0.0000,-0.0000,0.0000,0.0000,-0.0000,0.0000,2.7820,2.7960,114.0000
1785918757.5548,2.7820,2.7880,113.0000,0.0000,-0.0000,0.0000,0.0000,-0.0000,0.0000,2.7820,2.7970,114.0000
1785918757.6059,2.7820,2.7800,114.0000,0.0000,-0.0000,0.0000,0.0000,-0.0000,0.0000,2.7820,2.7980,114.0000
1785918757.6549,2.7820,2.7820,114.0000,0.0000,-0.0000,0.0000,0.0000,-0.0000,0.0000,2.7820,2.8020,114.0000
1785918757.7049,2.7820,2.7830,113.0000,0.0000,-0.0000,0.0000,0.0000,-0.0000,0.0000,2.7820,2.7900,114.0000
1785918757.7548,2.7820,2.7850,113.0000,0.0000,-0.0000,0.0000,0.0000,-0.0000,0.0000,2.7820,2.7970,114.0000
1785918757.8051,2.7820,2.7830,113.0000,0.0000,-0.0000,0.0000,0.0000,-0.0000,0.0000,2.7820,2.7940,114.0000
1785918757.8563,2.7820,2.7880,113.0000,0.0000,-0.0000,0.0000,0.0000,-0.0000,0.0000,2.7820,2.7820,115.0000
1785918757.9049,2.7820,2.7810,114.0000,0.0000,-0.0000,0.0000,0.0000,-0.0000,0.0000,2.7820,2.7820,115.0000
1785918757.9549,2.7820,2.7820,114.0000,0.0000,-0.0000,0.0000,0.0000,-0.0000,0.0000,2.7820,2.7940,114.0000
1785918758.0049,2.7820,2.7800,114.0000,0.0000,-0.0000,0.0000,0.0000,-0.0000,0.0000,2.7820,2.7840,115.0000
1785918758.0548,2.7820,2.7790,114.0000,0.0000,-0.0000,0.0000,0.0000,-0.0000,0.0000,2.7820,2.7730,115.0000
1785918758.1049,2.7820,2.7840,113.0000,0.0000,-0.0000,0.0000,0.0000,-0.0000,0.0000,2.7820,2.7800,115.0000
1785918758.1549,2.7820,2.7820,114.0000,0.0000,-0.0000,0.0000,0.0000,-0.0000,0.0000,2.7820,2.7780,115.0000
1785918758.2061,2.7820,2.7780,114.0000,0.0000,-0.0000,0.0000,0.0000,-0.0000,0.0000,2.7820,2.7840,115.0000
1785918758.2559,2.7820,2.7850,113.0000,0.0000,-0.0000,0.0000,0.0000,-0.0000,0.0000,2.7820,2.7750,115.0000
1785918758.3059,2.7820,2.7810,114.0000,0.0000,-0.0000,0.0000,0.0000,-0.0000,0.0000,2.7820,2.7740,115.0000
1785918758.3559,2.7820,2.7720,114.0000,0.0000,-0.0000,0.0000,0.0000,-0.0000,0.0000,2.7820,2.7670,116.0000
1785918758.4059,2.7820,2.7820,114.0000,0.0000,-0.0000,0.0000,0.0000,-0.0000,0.0000,2.7820,2.7580,116.0000
1785918758.4559,2.7820,2.7770,114.0000,0.0000,-0.0000,0.0000,0.0000,-0.0000,0.0000,2.7820,2.7620,116.0000
1785918758.5059,2.7820,2.7800,114.0000,0.0000,-0.0000,0.0000,0.0000,-0.0000,0.0000,2.7820,2.7680,116.0000
1785918758.5559,2.7820,2.7830,114.0000,0.0000,-0.0000,0.0000,0.0000,-0.0000,0.0000,2.7820,2.7730,115.0000
1785918758.6059,2.7820,2.7770,114.0000,0.0000,-0.0000,0.0000,0.0000,-0.0000,0.0000,2.7820,2.7650,116.0000
1785918758.6559,2.7820,2.7870,113.0000,0.0000,-0.0000,0.0000,0.0000,-0.0000,0.0000,2.7820,2.7780,115.0000
1785918758.7059,2.7820,2.7780,114.0000,0.0000,-0.0000,0.0000,0.0000,-0.0000,0.0000,2.7820,2.7850,115.0000
1785918758.7560,2.7820,2.7830,114.0000,0.0000,-0.0000,0.0000,0.0000,-0.0000,0.0000,2.7820,2.7810,115.0000
1785918758.8059,2.7820,2.7810,114.0000,0.0000,-0.0000,0.0000,0.0000,-0.0000,0.0000,2.7820,2.7960,114.0000
1785918758.8564,2.7820,2.7750,114.0000,0.0000,-0.0000,0.0000,0.0000,-0.0000,0.0000,2.7820,2.7890,114.0000
1785918758.9059,2.7820,2.7810,114.0000,0.0000,-0.0000,0.0000,0.0000,-0.0000,0.0000,2.7820,2.7950,114.0000
1785918758.9559,2.7820,2.7840,114.0000,0.0000,-0.0000,0.0000,0.0000,-0.0000,0.0000,2.7820,2.7980,113.0000
1785918759.0059,2.7820,2.7860,113.0000,0.0000,-0.0000,0.0000,0.0000,-0.0000,0.0000,2.7820,2.7920,114.0000
1785918759.0559,2.7820,2.7830,114.0000,0.0000,-0.0000,0.0000,0.0000,-0.0000,0.0000,2.7820,2.7900,114.0000
1785918759.1059,2.7820,2.7880,113.0000,0.0000,-0.0000,0.0000,0.0000,-0.0000,0.0000,2.7820,2.7900,114.0000
1785918759.1559,2.7820,2.7790,114.0000,0.0000,-0.0000,0.0000,0.0000,-0.0000,0.0000,2.7820,2.7930,114.0000
1785918759.2059,2.7820,2.7780,114.0000,0.0000,-0.0000,0.0000,0.0000,-0.0000,0.0000,2.7820,2.7980,113.0000
1785918759.2559,2.7820,2.7850,113.0000,0.0000,-0.0000,0.0000,0.0000,-0.0000,0.0000,2.7820,2.7940,114.0000
1785918759.3060,2.7820,2.7820,114.0000,0.0000,-0.0000,0.0000,0.0000,-0.0000,0.0000,2.7820,2.7890,114.0000
1785918759.3559,2.7820,2.7850,113.0000,0.0000,-0.0000,0.0000,0.0000,-0.0000,0.0000,2.7820,2.8010,113.0000
1785918759.4059,2.5420,2.7690,94.0000,0.0000,-0.0000,0.0000,0.0000,-0.0000,0.0000,2.5420,2.7800,94.0000
1785918759.4558,1.9420,2.2220,70.0000,0.0000,-0.0000,0.0000,0.0000,-0.0000,0.0000,1.9420,2.2610,68.0000
1785918759.5058,1.3420,1.6060,46.0000,0.0000,-0.0000,0.0000,0.0000,-0.0000,0.0000,1.3420,1.6140,45.0000
1785918759.5558,0.7420,0.9990,21.0000,0.0000,-0.0000,0.0000,0.0000,-0.0000,0.0000,0.7420,1.0200,19.0000
1785918759.6058,0.1420,0.3860,-7.0000,0.0000,-0.0000,0.0000,0.0000,-0.0000,0.0000,0.1420,0.3740,-8.0000
1785918759.6559,0.0000,-0.0040,0.0000,0.0000,-0.0000,0.0000,0.0000,-0.0000,0.0000,0.0000,-0.0160,0.0000
1785918759.7058,0.0000,0.0000,0.0000,0.0000,-0.0000,0.0000,0.0000,-0.0000,0.0000,0.0000,-0.0010,0.0000
1785918759.7557,0.0000,0.0000,0.0000,0.0000,-0.0000,0.0000,0.0000,-0.0000,0.0000,0.0000,-0.0000,0.0000
1785918759.8059,0.0000,0.0000,0.0000,0.0000,-0.0000,0.0000,0.0000,-0.0000,0.0000,0.0000,-0.0000,0.0000
1785918759.8560,-0.2400,-0.0160,-28.0000,0.0000,0.0150,0.0000,0.0000,0.0130,0.0000,-0.2400,-0.0190,-28.0000
1785918759.9059,-0.8400,-0.6140,-49.0000,0.0000,0.0050,0.0000,0.0000,0.0040,0.0000,-0.8400,-0.6060,-50.0000
1785918759.9560,-1.4400,-1.2010,-74.0000,0.0000,0.0000,0.0000,0.0000,0.0000,0.0000,-1.4400,-1.2040,-75.0000
1785918760.0060,-2.0400,-1.8170,-98.0000,0.0000,0.0000,0.0000,0.0000,0.0000,0.0000,-2.0400,-1.8380,-98.0000
1785918760.0560,-2.6400,-2.4410,-122.0000,0.0000,0.0000,0.0000,0.0000,0.0000,0.0000,-2.6400,-2.4600,-122.0000
1785918760.1060,-2.7820,-2.8720,-116.0000,0.0000,0.0000,0.0000,0.0000,0.0000,0.0000,-2.7820,-2.9070,-116.0000
1785918760.1561,-2.7820,-2.8640,-119.0000,0.0000,0.0000,0.0000,0.0000,0.0000,0.0000,-2.7820,-2.9010,-118.0000
1785918760.2060,-2.7820,-2.8700,-118.0000,0.0000,0.0000,0.0000,0.0000,0.0000,0.0000,-2.7820,-2.9120,-116.0000
1785918760.2560,-2.7820,-2.8580,-118.0000,0.0000,0.0000,0.0000,0.0000,0.0000,0.0000,-2.7820,-2.9070,-115.0000
1785918760.3060,-2.7820,-2.8540,-117.0000,0.0000,0.0000,0.0000,0.0000,0.0000,0.0000,-2.7820,-2.8830,-115.0000
1785918760.3561,-2.7820,-2.8360,-117.0000,0.0000,0.0000,0.0000,0.0000,0.0000,0.0000,-2.7820,-2.8790,-114.0000
1785918760.4074,-2.7820,-2.8300,-117.0000,0.0000,0.0000,0.0000,0.0000,0.0000,0.0000,-2.7820,-2.8640,-114.0000
1785918760.4571,-2.7820,-2.8200,-117.0000,0.0000,0.0000,0.0000,0.0000,0.0000,0.0000,-2.7820,-2.8450,-114.0000
1785918760.5071,-2.7820,-2.8160,-117.0000,0.0000,0.0000,0.0000,0.0000,0.0000,0.0000,-2.7820,-2.8360,-114.0000
1785918760.5570,-2.7820,-2.8050,-117.0000,0.0000,0.0000,0.0000,0.0000,0.0000,0.0000,-2.7820,-2.8230,-114.0000
1785918760.6084,-2.7820,-2.8080,-116.0000,0.0000,0.0000,0.0000,0.0000,0.0000,0.0000,-2.7820,-2.8110,-114.0000
1785918760.6571,-2.7820,-2.8000,-116.0000,0.0000,0.0000,0.0000,0.0000,0.0000,0.0000,-2.7820,-2.8020,-115.0000
1785918760.7070,-2.7820,-2.7960,-116.0000,0.0000,0.0000,0.0000,0.0000,0.0000,0.0000,-2.7820,-2.7910,-115.0000
1785918760.7574,-2.7820,-2.8020,-116.0000,0.0000,0.0000,0.0000,0.0000,0.0000,0.0000,-2.7820,-2.7990,-114.0000
1785918760.8071,-2.7820,-2.7990,-116.0000,0.0000,0.0000,0.0000,0.0000,0.0000,0.0000,-2.7820,-2.7840,-115.0000
1785918760.8572,-2.7820,-2.7930,-116.0000,0.0000,0.0000,0.0000,0.0000,0.0000,0.0000,-2.7820,-2.7790,-115.0000
1785918760.9072,-2.7820,-2.7940,-115.0000,0.0000,0.0000,0.0000,0.0000,0.0000,0.0000,-2.7820,-2.7850,-114.0000
1785918760.9571,-2.7820,-2.7940,-115.0000,0.0000,0.0000,0.0000,0.0000,0.0000,0.0000,-2.7820,-2.7850,-114.0000
1785918761.0074,-2.7820,-2.7980,-115.0000,0.0000,0.0000,0.0000,0.0000,0.0000,0.0000,-2.7820,-2.7810,-114.0000
1785918761.0571,-2.7820,-2.7890,-115.0000,0.0000,0.0000,0.0000,0.0000,0.0000,0.0000,-2.7820,-2.7820,-114.0000
1785918761.1074,-2.7820,-2.7850,-115.0000,0.0000,0.0000,0.0000,0.0000,0.0000,0.0000,-2.7820,-2.7730,-114.0000
1785918761.1571,-2.7820,-2.7860,-115.0000,0.0000,0.0000,0.0000,0.0000,0.0000,0.0000,-2.7820,-2.7840,-113.0000
1785918761.2071,-2.7820,-2.7840,-115.0000,0.0000,0.0000,0.0000,0.0000,0.0000,0.0000,-2.7820,-2.7830,-113.0000
1785918761.2574,-2.7820,-2.7830,-115.0000,0.0000,0.0000,0.0000,0.0000,0.0000,0.0000,-2.7820,-2.7870,-113.0000
1785918761.3071,-2.7820,-2.7940,-115.0000,0.0000,0.0000,0.0000,0.0000,0.0000,0.0000,-2.7820,-2.7950,-113.0000
1785918761.3572,-2.7820,-2.7840,-115.0000,0.0000,0.0000,0.0000,0.0000,0.0000,0.0000,-2.7820,-2.7860,-113.0000
1785918761.4082,-2.7820,-2.7860,-115.0000,0.0000,0.0000,0.0000,0.0000,0.0000,0.0000,-2.7820,-2.7810,-113.0000
1785918761.4581,-2.7820,-2.7870,-115.0000,0.0000,0.0000,0.0000,0.0000,0.0000,0.0000,-2.7820,-2.7950,-112.0000
1785918761.5081,-2.7820,-2.7800,-115.0000,0.0000,0.0000,0.0000,0.0000,0.0000,0.0000,-2.7820,-2.7890,-113.0000
1785918761.5602,-2.7820,-2.7800,-115.0000,0.0000,0.0000,0.0000,0.0000,0.0000,0.0000,-2.7820,-2.8000,-112.0000
1785918761.6081,-2.7820,-2.7860,-115.0000,0.0000,0.0000,0.0000,0.0000,0.0000,0.0000,-2.7820,-2.8010,-112.0000
1785918761.6598,-2.7820,-2.7800,-116.0000,0.0000,0.0000,0.0000,0.0000,0.0000,0.0000,-2.7820,-2.8060,-112.0000
1785918761.7081,-2.7820,-2.7810,-115.0000,0.0000,0.0000,0.0000,0.0000,0.0000,0.0000,-2.7820,-2.7990,-112.0000
1785918761.7582,-2.7820,-2.7880,-115.0000,0.0000,0.0000,0.0000,0.0000,0.0000,0.0000,-2.7820,-2.8010,-112.0000
1785918761.8081,-2.7820,-2.7760,-116.0000,0.0000,0.0000,0.0000,0.0000,0.0000,0.0000,-2.7820,-2.7960,-112.0000
1785918761.8581,-2.7820,-2.7790,-116.0000,0.0000,0.0000,0.0000,0.0000,0.0000,0.0000,-2.7820,-2.7920,-112.0000
1785918761.9082,-2.7820,-2.7810,-115.0000,0.0000,0.0000,0.0000,0.0000,0.0000,0.0000,-2.7820,-2.7850,-113.0000
1785918761.9587,-2.7820,-2.7790,-116.0000,0.0000,0.0000,0.0000,0.0000,0.0000,0.0000,-2.7820,-2.7970,-112.0000
1785918762.0081,-2.7820,-2.7760,-116.0000,0.0000,0.0000,0.0000,0.0000,0.0000,0.0000,-2.7820,-2.7820,-113.0000
1785918762.0581,-2.7820,-2.7760,-116.0000,0.0000,0.0000,0.0000,0.0000,0.0000,0.0000,-2.7820,-2.7750,-113.0000
1785918762.1081,-2.7820,-2.7820,-115.0000,0.0000,0.0000,0.0000,0.0000,0.0000,0.0000,-2.7820,-2.7790,-113.0000
1785918762.1581,-2.7820,-2.7830,-115.0000,0.0000,0.0000,0.0000,0.0000,0.0000,0.0000,-2.7820,-2.7790,-113.0000
1785918762.2081,-2.7820,-2.7770,-116.0000,0.0000,0.0000,0.0000,0.0000,0.0000,0.0000,-2.7820,-2.7750,-113.0000
1785918762.2581,-2.7820,-2.7790,-116.0000,0.0000,0.0000,0.0000,0.0000,0.0000,0.0000,-2.7820,-2.7700,-114.0000
1785918762.3082,-2.7820,-2.7800,-115.0000,0.0000,0.0000,0.0000,0.0000,0.0000,0.0000,-2.7820,-2.7730,-114.0000
1785918762.3585,-2.7820,-2.7800,-115.0000,0.0000,0.0000,0.0000,0.0000,0.0000,0.0000,-2.7820,-2.7710,-114.0000
1785918762.4082,-2.7820,-2.7840,-115.0000,0.0000,0.0000,0.0000,0.0000,0.0000,0.0000,-2.7820,-2.7660,-114.0000
1785918762.4582,-2.7820,-2.7820,-115.0000,0.0000,0.0000,0.0000,0.0000,0.0000,0.0000,-2.7820,-2.7730,-113.0000
1785918762.5081,-2.7820,-2.7770,-116.0000,0.0000,0.0000,0.0000,0.0000,0.0000,0.0000,-2.7820,-2.7730,-113.0000
1785918762.5582,-2.7820,-2.7800,-116.0000,0.0000,0.0000,0.0000,0.0000,0.0000,0.0000,-2.7820,-2.7720,-113.0000
1785918762.6081,-2.7820,-2.7830,-115.0000,0.0000,0.0000,0.0000,0.0000,0.0000,0.0000,-2.7820,-2.7790,-113.0000
1785918762.6581,-2.7820,-2.7850,-115.0000,0.0000,0.0000,0.0000,0.0000,0.0000,0.0000,-2.7820,-2.7790,-113.0000
1785918762.7082,-2.7820,-2.7830,-115.0000,0.0000,0.0000,0.0000,0.0000,0.0000,0.0000,-2.7820,-2.7760,-113.0000
1785918762.7595,-2.7820,-2.7850,-115.0000,0.0000,0.0000,0.0000,0.0000,0.0000,0.0000,-2.7820,-2.7820,-113.0000
1785918762.8091,-2.7820,-2.7850,-115.0000,0.0000,0.0000,0.0000,0.0000,0.0000,0.0000,-2.7820,-2.7740,-113.0000
1785918762.8592,-2.7820,-2.7820,-115.0000,0.0000,0.0000,0.0000,0.0000,0.0000,0.0000,-2.7820,-2.7910,-112.0000
1785918762.9092,-2.7820,-2.7850,-115.0000,0.0000,0.0000,0.0000,0.0000,0.0000,0.0000,-2.7820,-2.7890,-112.0000
1785918762.9592,-2.7820,-2.7910,-115.0000,0.0000,0.0000,0.0000,0.0000,0.0000,0.0000,-2.7820,-2.7870,-112.0000
1785918763.0095,-2.7820,-2.7830,-115.0000,0.0000,0.0000,0.0000,0.0000,0.0000,0.0000,-2.7820,-2.7950,-112.0000
1785918763.0591,-2.7820,-2.7820,-115.0000,0.0000,0.0000,0.0000,0.0000,0.0000,0.0000,-2.7820,-2.7970,-112.0000
1785918763.1091,-2.7820,-2.7860,-115.0000,0.0000,0.0000,0.0000,0.0000,0.0000,0.0000,-2.7820,-2.7940,-112.0000
1785918763.1592,-2.7820,-2.7830,-115.0000,0.0000,0.0000,0.0000,0.0000,0.0000,0.0000,-2.7820,-2.8020,-111.0000
1785918763.2092,-2.7820,-2.7800,-115.0000,0.0000,0.0000,0.0000,0.0000,0.0000,0.0000,-2.7820,-2.7950,-112.0000
1785918763.2592,-2.7820,-2.7820,-115.0000,0.0000,0.0000,0.0000,0.0000,0.0000,0.0000,-2.7820,-2.7990,-111.0000
1785918763.3104,-2.7820,-2.7830,-115.0000,0.0000,0.0000,0.0000,0.0000,0.0000,0.0000,-2.7820,-2.8000,-111.0000
1785918763.3592,-2.7820,-2.7830,-115.0000,0.0000,0.0000,0.0000,0.0000,0.0000,0.0000,-2.7820,-2.7960,-112.0000
1785918763.4106,-2.7820,-2.7830,-115.0000,0.0000,0.0000,0.0000,0.0000,0.0000,0.0000,-2.7820,-2.7940,-112.0000
1785918763.4603,-2.7820,-2.7820,-115.0000,0.0000,0.0000,0.0000,0.0000,0.0000,0.0000,-2.7820,-2.7890,-112.0000
1785918763.5102,-2.7820,-2.7780,-116.0000,0.0000,0.0000,0.0000,0.0000,0.0000,0.0000,-2.7820,-2.7790,-113.0000
1785918763.5602,-2.7820,-2.7810,-115.0000,0.0000,0.0000,0.0000,0.0000,0.0000,0.0000,-2.7820,-2.7870,-112.0000
1785918763.6116,-2.7820,-2.7780,-116.0000,0.0000,0.0000,0.0000,0.0000,0.0000,0.0000,-2.7820,-2.7750,-113.0000
1785918763.6602,-2.7820,-2.7800,-115.0000,0.0000,0.0000,0.0000,0.0000,0.0000,0.0000,-2.7820,-2.7800,-113.0000
1785918763.7102,-2.7820,-2.7780,-116.0000,0.0000,0.0000,0.0000,0.0000,0.0000,0.0000,-2.7820,-2.7750,-113.0000
1785918763.7602,-2.7820,-2.7780,-116.0000,0.0000,0.0000,0.0000,0.0000,0.0000,0.0000,-2.7820,-2.7770,-113.0000
1785918763.8102,-2.7820,-2.7820,-115.0000,0.0000,0.0000,0.0000,0.0000,0.0000,0.0000,-2.7820,-2.7680,-113.0000
1785918763.8602,-2.7820,-2.7800,-115.0000,0.0000,0.0000,0.0000,0.0000,0.0000,0.0000,-2.7820,-2.7630,-114.0000
1785918763.9103,-2.7820,-2.7790,-116.0000,0.0000,0.0000,0.0000,0.0000,0.0000,0.0000,-2.7820,-2.7690,-113.0000
1785918763.9602,-2.7820,-2.7830,-115.0000,0.0000,0.0000,0.0000,0.0000,0.0000,0.0000,-2.7820,-2.7720,-113.0000
1785918764.0116,-2.7820,-2.7840,-115.0000,0.0000,0.0000,0.0000,0.0000,0.0000,0.0000,-2.7820,-2.7710,-113.0000
1785918764.0612,-2.7820,-2.7800,-115.0000,0.0000,0.0000,0.0000,0.0000,0.0000,0.0000,-2.7820,-2.7870,-112.0000
1785918764.1113,-2.7820,-2.7860,-115.0000,0.0000,0.0000,0.0000,0.0000,0.0000,0.0000,-2.7820,-2.7780,-113.0000
1785918764.1612,-2.7820,-2.7850,-115.0000,0.0000,0.0000,0.0000,0.0000,0.0000,0.0000,-2.7820,-2.7820,-113.0000
1785918764.2113,-2.7820,-2.7810,-115.0000,0.0000,0.0000,0.0000,0.0000,0.0000,0.0000,-2.7820,-2.7840,-113.0000
1785918764.2619,-2.7820,-2.7840,-115.0000,0.0000,0.0000,0.0000,0.0000,0.0000,0.0000,-2.7820,-2.7930,-112.0000
1785918764.3126,-2.7820,-2.7820,-115.0000,0.0000,0.0000,0.0000,0.0000,0.0000,0.0000,-2.7820,-2.7930,-112.0000
1785918764.3613,-2.7820,-2.7860,-115.0000,0.0000,0.0000,0.0000,0.0000,0.0000,0.0000,-2.7820,-2.7970,-112.0000
1785918764.4113,-2.7820,-2.7860,-115.0000,0.0000,0.0000,0.0000,0.0000,0.0000,0.0000,-2.7820,-2.7970,-112.0000
1785918764.4613,-2.7820,-2.7810,-115.0000,0.0000,0.0000,0.0000,0.0000,0.0000,0.0000,-2.7820,-2.7960,-112.0000
1785918764.5113,-2.7820,-2.7890,-115.0000,0.0000,0.0000,0.0000,0.0000,0.0000,0.0000,-2.7820,-2.7970,-112.0000
1785918764.5612,-2.7820,-2.7840,-115.0000,0.0000,0.0000,0.0000,0.0000,0.0000,0.0000,-2.7820,-2.7920,-112.0000
1785918764.6113,-2.7820,-2.7800,-115.0000,0.0000,0.0000,0.0000,0.0000,0.0000,0.0000,-2.7820,-2.8000,-112.0000
1785918764.6615,-2.7820,-2.7890,-115.0000,0.0000,0.0000,0.0000,0.0000,0.0000,0.0000,-2.7820,-2.7960,-112.0000
1785918764.7113,-2.7820,-2.7830,-115.0000,0.0000,0.0000,0.0000,0.0000,0.0000,0.0000,-2.7820,-2.7900,-112.0000
1785918764.7612,-2.7820,-2.7850,-115.0000,0.0000,0.0000,0.0000,0.0000,0.0000,0.0000,-2.7820,-2.7980,-112.0000
1785918764.8113,-2.7820,-2.7880,-115.0000,0.0000,0.0000,0.0000,0.0000,0.0000,0.0000,-2.7820,-2.7900,-112.0000
1785918764.8613,-2.7820,-2.7840,-115.0000,0.0000,0.0000,0.0000,0.0000,0.0000,0.0000,-2.7820,-2.7930,-112.0000
1785918764.9113,-2.7820,-2.7860,-115.0000,0.0000,0.0000,0.0000,0.0000,0.0000,0.0000,-2.7820,-2.7760,-113.0000
1785918764.9616,-2.7820,-2.7780,-116.0000,0.0000,0.0000,0.0000,0.0000,0.0000,0.0000,-2.7820,-2.7800,-113.0000
1785918765.0113,-2.7820,-2.7830,-115.0000,0.0000,0.0000,0.0000,0.0000,0.0000,0.0000,-2.7820,-2.7760,-113.0000
1785918765.0613,-2.7820,-2.7830,-115.0000,0.0000,0.0000,0.0000,0.0000,0.0000,0.0000,-2.7820,-2.7680,-114.0000
1785918765.1113,-2.7820,-2.7840,-115.0000,0.0000,0.0000,0.0000,0.0000,0.0000,0.0000,-2.7820,-2.7790,-113.0000
1785918765.1613,-2.7820,-2.7830,-115.0000,0.0000,0.0000,0.0000,0.0000,0.0000,0.0000,-2.7820,-2.7690,-114.0000
1785918765.2113,-2.7820,-2.7810,-115.0000,0.0000,0.0000,0.0000,0.0000,0.0000,0.0000,-2.7820,-2.7670,-114.0000
1785918765.2613,-2.7820,-2.7790,-115.0000,0.0000,0.0000,0.0000,0.0000,0.0000,0.0000,-2.7820,-2.7690,-114.0000
1785918765.3113,-2.7820,-2.7740,-116.0000,0.0000,0.0000,0.0000,0.0000,0.0000,0.0000,-2.7820,-2.7740,-113.0000
1785918765.3613,-2.7820,-2.7810,-115.0000,0.0000,0.0000,0.0000,0.0000,0.0000,0.0000,-2.7820,-2.7660,-114.0000
1785918765.4113,-2.7820,-2.7770,-115.0000,0.0000,0.0000,0.0000,0.0000,0.0000,0.0000,-2.7820,-2.7720,-113.0000
1785918765.4613,-2.4220,-2.7090,-88.0000,0.0000,0.0000,0.0000,0.0000,0.0000,0.0000,-2.3020,-2.5970,-81.0000
1785918765.5112,-1.8640,-2.1000,-70.0000,0.0000,0.0000,0.0000,0.0000,0.0000,0.0000,-1.8640,-1.9550,-74.0000
1785918765.5616,-1.8640,-1.8590,-77.0000,0.0000,0.0000,0.0000,0.0000,0.0000,0.0000,-1.8640,-1.8580,-74.0000
1785918765.6113,-1.8640,-1.8370,-78.0000,0.0000,0.0000,0.0000,0.0000,0.0000,0.0000,-1.8640,-1.8170,-76.0000
1785918765.6613,-1.8640,-1.8250,-78.0000,0.0000,0.0000,0.0000,0.0000,0.0000,0.0000,-1.8640,-1.8140,-76.0000
1785918765.7113,-1.8640,-1.8340,-78.0000,0.0000,0.0000,0.0000,0.0000,0.0000,0.0000,-1.8640,-1.8460,-75.0000
1785918765.7613,-1.8640,-1.8360,-78.0000,0.0000,0.0000,0.0000,0.0000,0.0000,0.0000,-1.8640,-1.8340,-76.0000
1785918765.8114,-1.8640,-1.8380,-78.0000,0.0000,0.0000,0.0000,0.0000,0.0000,0.0000,-1.8640,-1.8190,-77.0000
1785918765.8613,-1.8640,-1.8410,-79.0000,0.0000,0.0000,0.0000,0.0000,0.0000,0.0000,-1.8640,-1.8480,-76.0000
1785918765.9126,-1.8640,-1.8470,-79.0000,0.0000,0.0000,0.0000,0.0000,0.0000,0.0000,-1.8640,-1.8450,-76.0000
1785918765.9623,-1.8640,-1.8550,-78.0000,0.0000,0.0000,0.0000,0.0000,0.0000,0.0000,-1.8640,-1.8250,-78.0000
1785918766.0123,-1.8640,-1.8480,-79.0000,0.0000,0.0000,0.0000,0.0000,0.0000,0.0000,-1.8640,-1.8550,-76.0000
1785918766.0623,-1.8640,-1.8570,-78.0000,0.0000,0.0000,0.0000,0.0000,0.0000,0.0000,-1.8640,-1.8570,-76.0000
1785918766.1123,-1.8640,-1.8610,-78.0000,0.0000,0.0000,0.0000,0.0000,0.0000,0.0000,-1.8640,-1.8290,-78.0000
1785918766.1623,-1.8640,-1.8520,-79.0000,0.0000,0.0000,0.0000,0.0000,0.0000,0.0000,-1.8640,-1.8530,-77.0000
1785918766.2134,-1.8640,-1.8590,-79.0000,0.0000,0.0000,0.0000,0.0000,0.0000,0.0000,-1.8640,-1.8690,-76.0000
1785918766.2624,-1.8640,-1.8560,-79.0000,0.0000,0.0000,0.0000,0.0000,0.0000,0.0000,-1.8640,-1.8480,-78.0000
1785918766.3123,-1.8640,-1.8560,-79.0000,0.0000,0.0000,0.0000,0.0000,0.0000,0.0000,-1.8640,-1.8580,-77.0000
1785918766.3624,-1.8640,-1.8620,-79.0000,0.0000,0.0000,0.0000,0.0000,0.0000,0.0000,-1.8640,-1.8840,-76.0000
1785918766.4124,-1.8640,-1.8650,-79.0000,0.0000,0.0000,0.0000,0.0000,0.0000,0.0000,-1.8640,-1.8500,-78.0000
1785918766.4624,-1.8640,-1.8600,-79.0000,0.0000,0.0000,0.0000,0.0000,0.0000,0.0000,-1.8640,-1.8570,-77.0000
1785918766.5136,-1.8640,-1.8600,-79.0000,0.0000,0.0000,0.0000,0.0000,0.0000,0.0000,-1.8640,-1.8790,-76.0000
1785918766.5624,-1.8640,-1.8620,-79.0000,0.0000,0.0000,0.0000,0.0000,0.0000,0.0000,-1.8640,-1.8640,-77.0000
1785918766.6124,-1.8640,-1.8570,-79.0000,0.0000,0.0000,0.0000,0.0000,0.0000,0.0000,-1.8640,-1.8450,-78.0000
1785918766.6624,-1.8640,-1.8600,-79.0000,0.0000,0.0000,0.0000,0.0000,0.0000,0.0000,-1.8640,-1.8800,-76.0000
1785918766.7124,-1.8640,-1.8620,-79.0000,0.0000,0.0000,0.0000,0.0000,0.0000,0.0000,-1.8640,-1.8700,-77.0000
1785918766.7624,-1.8640,-1.8610,-79.0000,0.0000,0.0000,0.0000,0.0000,0.0000,0.0000,-1.8640,-1.8500,-78.0000
1785918766.8124,-1.8640,-1.8580,-79.0000,0.0000,0.0000,0.0000,0.0000,0.0000,0.0000,-1.8640,-1.8760,-76.0000
1785918766.8624,-1.8640,-1.8630,-79.0000,0.0000,0.0000,0.0000,0.0000,0.0000,0.0000,-1.8640,-1.8710,-76.0000
1785918766.9124,-1.8640,-1.8630,-79.0000,0.0000,0.0000,0.0000,0.0000,0.0000,0.0000,-1.8640,-1.8430,-78.0000
1785918766.9624,-1.8640,-1.8580,-79.0000,0.0000,0.0000,0.0000,0.0000,0.0000,0.0000,-1.8640,-1.8590,-77.0000
1785918767.0124,-1.8640,-1.8680,-79.0000,0.0000,0.0000,0.0000,0.0000,0.0000,0.0000,-1.8640,-1.8800,-76.0000
1785918767.0624,-1.8640,-1.8670,-79.0000,0.0000,0.0000,0.0000,0.0000,0.0000,0.0000,-1.8640,-1.8490,-78.0000
1785918767.1124,-1.8640,-1.8620,-79.0000,0.0000,0.0000,0.0000,0.0000,0.0000,0.0000,-1.8640,-1.8490,-78.0000
1785918767.1624,-1.8640,-1.8630,-79.0000,0.0000,0.0000,0.0000,0.0000,0.0000,0.0000,-1.8640,-1.8800,-76.0000
1785918767.2127,-1.8640,-1.8660,-79.0000,0.0000,0.0000,0.0000,0.0000,0.0000,0.0000,-1.8640,-1.8650,-77.0000
1785918767.2623,-1.8640,-1.8660,-79.0000,0.0000,0.0000,0.0000,0.0000,0.0000,0.0000,-1.8640,-1.8460,-78.0000
1785918767.3123,-1.8640,-1.8640,-79.0000,0.0000,0.0000,0.0000,0.0000,0.0000,0.0000,-1.8640,-1.8810,-76.0000
1785918767.3623,-1.8640,-1.8610,-79.0000,0.0000,0.0000,0.0000,0.0000,0.0000,0.0000,-1.8640,-1.8690,-77.0000
1785918767.4124,-1.8640,-1.8620,-79.0000,0.0000,0.0000,0.0000,0.0000,0.0000,0.0000,-1.8640,-1.8460,-78.0000
1785918767.4632,-1.8640,-1.8630,-79.0000,0.0000,0.0000,0.0000,0.0000,0.0000,0.0000,-1.8640,-1.8720,-77.0000
1785918767.5124,-1.8640,-1.8660,-79.0000,0.0000,0.0000,0.0000,0.0000,0.0000,0.0000,-1.8640,-1.8740,-77.0000
1785918767.5623,-1.8640,-1.8700,-79.0000,0.0000,0.0000,0.0000,0.0000,0.0000,0.0000,-1.8640,-1.8440,-78.0000
1785918767.6134,-1.8640,-1.8630,-79.0000,0.0000,0.0000,0.0000,0.0000,0.0000,0.0000,-1.8640,-1.8750,-77.0000
1785918767.6634,-1.8640,-1.8650,-79.0000,0.0000,0.0000,0.0000,0.0000,0.0000,0.0000,-1.8640,-1.8860,-76.0000
1785918767.7133,-1.8640,-1.8670,-79.0000,0.0000,0.0000,0.0000,0.0000,0.0000,0.0000,-1.8640,-1.8550,-78.0000
1785918767.7640,-1.8640,-1.8660,-79.0000,0.0000,0.0000,0.0000,0.0000,0.0000,0.0000,-1.8640,-1.8640,-77.0000
1785918767.8134,-1.8640,-1.8720,-79.0000,0.0000,0.0000,0.0000,0.0000,0.0000,0.0000,-1.8640,-1.8830,-76.0000
1785918767.8649,-1.8640,-1.8690,-79.0000,0.0000,0.0000,0.0000,0.0000,0.0000,0.0000,-1.8640,-1.8570,-77.0000
1785918767.9133,-1.8640,-1.8670,-79.0000,0.0000,0.0000,0.0000,0.0000,0.0000,0.0000,-1.8640,-1.8490,-78.0000
1785918767.9633,-1.8640,-1.8650,-79.0000,0.0000,0.0000,0.0000,0.0000,0.0000,0.0000,-1.8640,-1.8720,-76.0000
1785918768.0134,-1.8640,-1.8670,-79.0000,0.0000,0.0000,0.0000,0.0000,0.0000,0.0000,-1.8640,-1.8650,-77.0000
1785918768.0654,-1.8640,-1.8690,-78.0000,0.0000,0.0000,0.0000,0.0000,0.0000,0.0000,-1.8640,-1.8480,-78.0000
1785918768.1140,-1.8640,-1.8600,-79.0000,0.0000,0.0000,0.0000,0.0000,0.0000,0.0000,-1.8640,-1.8690,-77.0000
1785918768.1642,-1.8640,-1.8620,-79.0000,0.0000,0.0000,0.0000,0.0000,0.0000,0.0000,-1.8640,-1.8730,-76.0000
1785918768.2140,-1.8640,-1.8620,-79.0000,0.0000,0.0000,0.0000,0.0000,0.0000,0.0000,-1.8640,-1.8430,-78.0000
1785918768.2655,-1.8640,-1.8640,-79.0000,0.0000,0.0000,0.0000,0.0000,0.0000,0.0000,-1.8640,-1.8730,-77.0000
1785918768.3165,-1.8640,-1.8680,-79.0000,0.0000,0.0000,0.0000,0.0000,0.0000,0.0000,-1.8640,-1.8830,-76.0000
1785918768.3661,-1.8640,-1.8640,-79.0000,0.0000,0.0000,0.0000,0.0000,0.0000,0.0000,-1.8640,-1.8500,-78.0000
1785918768.4160,-1.8640,-1.8580,-79.0000,0.0000,0.0000,0.0000,0.0000,0.0000,0.0000,-1.8640,-1.8640,-77.0000
1785918768.4675,-1.8640,-1.8630,-79.0000,0.0000,0.0000,0.0000,0.0000,0.0000,0.0000,-1.8640,-1.8840,-76.0000
1785918768.5154,-1.8640,-1.8720,-78.0000,0.0000,0.0000,0.0000,0.0000,0.0000,0.0000,-1.8640,-1.8610,-77.0000
1785918768.5654,-1.8640,-1.8660,-79.0000,0.0000,0.0000,0.0000,0.0000,0.0000,0.0000,-1.8640,-1.8560,-77.0000
1785918768.6154,-1.8640,-1.8670,-79.0000,0.0000,0.0000,0.0000,0.0000,0.0000,0.0000,-1.8640,-1.8850,-75.0000
1785918768.6654,-1.8640,-1.8620,-79.0000,0.0000,0.0000,0.0000,0.0000,0.0000,0.0000,-1.8640,-1.8640,-77.0000
1785918768.7154,-1.8640,-1.8680,-78.0000,0.0000,0.0000,0.0000,0.0000,0.0000,0.0000,-1.8640,-1.8490,-78.0000
1785918768.7674,-1.8640,-1.8580,-79.0000,0.0000,0.0000,0.0000,0.0000,0.0000,0.0000,-1.8640,-1.8850,-75.0000
1785918768.8155,-1.8640,-1.8670,-79.0000,0.0000,0.0000,0.0000,0.0000,0.0000,0.0000,-1.8640,-1.8790,-76.0000
1785918768.8654,-1.8640,-1.8680,-79.0000,0.0000,0.0000,0.0000,0.0000,0.0000,0.0000,-1.8640,-1.8480,-78.0000
1785918768.9154,-1.8640,-1.8620,-79.0000,0.0000,0.0000,0.0000,0.0000,0.0000,0.0000,-1.8640,-1.8680,-76.0000
1785918768.9654,-1.8640,-1.8600,-79.0000,0.0000,0.0000,0.0000,0.0000,0.0000,0.0000,-1.8640,-1.8760,-76.0000
1785918769.0154,-1.8640,-1.8660,-79.0000,0.0000,0.0000,0.0000,0.0000,0.0000,0.0000,-1.8640,-1.8420,-78.0000
1785918769.0654,-1.8640,-1.8550,-79.0000,0.0000,0.0000,0.0000,0.0000,0.0000,0.0000,-1.8640,-1.8540,-77.0000
1785918769.1154,-1.8640,-1.8690,-78.0000,0.0000,0.0000,0.0000,0.0000,0.0000,0.0000,-1.8640,-1.8870,-75.0000
1785918769.1654,-1.8640,-1.8660,-79.0000,0.0000,0.0000,0.0000,0.0000,0.0000,0.0000,-1.8640,-1.8530,-77.0000
1785918769.2154,-1.8640,-1.8660,-79.0000,0.0000,0.0000,0.0000,0.0000,0.0000,0.0000,-1.8640,-1.8530,-77.0000
1785918769.2656,-1.8640,-1.8620,-79.0000,0.0000,0.0000,0.0000,0.0000,0.0000,0.0000,-1.8640,-1.8810,-76.0000
1785918769.3154,-1.8640,-1.8650,-79.0000,0.0000,0.0000,0.0000,0.0000,0.0000,0.0000,-1.8640,-1.8650,-76.0000
1785918769.3654,-1.8640,-1.8690,-78.0000,0.0000,0.0000,0.0000,0.0000,0.0000,0.0000,-1.8640,-1.8520,-77.0000
1785918769.4161,-1.8640,-1.8610,-79.0000,0.0000,0.0000,0.0000,0.0000,0.0000,0.0000,-1.8640,-1.8750,-76.0000
1785918769.4654,-1.8640,-1.8570,-79.0000,0.0000,0.0000,0.0000,0.0000,0.0000,0.0000,-1.8640,-1.8730,-76.0000
1785918769.5154,-1.8640,-1.8650,-79.0000,0.0000,0.0000,0.0000,0.0000,0.0000,0.0000,-1.8640,-1.8420,-78.0000
1785918769.5655,-1.8640,-1.8600,-79.0000,0.0000,0.0000,0.0000,0.0000,0.0000,0.0000,-1.8640,-1.8670,-76.0000
1785918769.6154,-1.8640,-1.8600,-79.0000,0.0000,0.0000,0.0000,0.0000,0.0000,0.0000,-1.8640,-1.8780,-76.0000
1785918769.6655,-1.8640,-1.8650,-79.0000,0.0000,0.0000,0.0000,0.0000,0.0000,0.0000,-1.8640,-1.8510,-77.0000
1785918769.7155,-1.8640,-1.8650,-79.0000,0.0000,0.0000,0.0000,0.0000,0.0000,0.0000,-1.8640,-1.8620,-77.0000
1785918769.7654,-1.8640,-1.8610,-79.0000,0.0000,0.0000,0.0000,0.0000,0.0000,0.0000,-1.8640,-1.8730,-76.0000
1785918769.8155,-1.8640,-1.8710,-78.0000,0.0000,0.0000,0.0000,0.0000,0.0000,0.0000,-1.8640,-1.8590,-77.0000
1785918769.8655,-1.8640,-1.8610,-79.0000,0.0000,0.0000,0.0000,0.0000,0.0000,0.0000,-1.8640,-1.8530,-77.0000
1785918769.9155,-1.8640,-1.8670,-79.0000,0.0000,0.0000,0.0000,0.0000,0.0000,0.0000,-1.8640,-1.8850,-75.0000
1785918769.9655,-1.8640,-1.8630,-79.0000,0.0000,0.0000,0.0000,0.0000,0.0000,0.0000,-1.8640,-1.8600,-77.0000
1785918770.0154,-1.8640,-1.8680,-78.0000,0.0000,0.0000,0.0000,0.0000,0.0000,0.0000,-1.8640,-1.8500,-77.0000
1785918770.0654,-1.8640,-1.8600,-79.0000,0.0000,0.0000,0.0000,0.0000,0.0000,0.0000,-1.8640,-1.8790,-76.0000
1785918770.1158,-1.8640,-1.8680,-78.0000,0.0000,0.0000,0.0000,0.0000,0.0000,0.0000,-1.8640,-1.8660,-77.0000
1785918770.1655,-1.8640,-1.8680,-78.0000,0.0000,0.0000,0.0000,0.0000,0.0000,0.0000,-1.8640,-1.8460,-78.0000
1785918770.2154,-1.8640,-1.8580,-79.0000,0.0000,0.0000,0.0000,0.0000,0.0000,0.0000,-1.8640,-1.8750,-76.0000
1785918770.2655,-1.8640,-1.8680,-78.0000,0.0000,0.0000,0.0000,0.0000,0.0000,0.0000,-1.8640,-1.8760,-76.0000
1785918770.3155,-1.8640,-1.8720,-78.0000,0.0000,0.0000,0.0000,0.0000,0.0000,0.0000,-1.8640,-1.8460,-78.0000
1785918770.3655,-1.8640,-1.8550,-79.0000,0.0000,0.0000,0.0000,0.0000,0.0000,0.0000,-1.8640,-1.8610,-77.0000
1785918770.4158,-1.8640,-1.8660,-79.0000,0.0000,0.0000,0.0000,0.0000,0.0000,0.0000,-1.8640,-1.8810,-76.0000
1785918770.4655,-1.8640,-1.8720,-78.0000,0.0000,0.0000,0.0000,0.0000,0.0000,0.0000,-1.8640,-1.8500,-78.0000
1785918770.5155,-1.8640,-1.8650,-79.0000,0.0000,0.0000,0.0000,0.0000,0.0000,0.0000,-1.8640,-1.8580,-77.0000
1785918770.5655,-1.8640,-1.8590,-79.0000,0.0000,0.0000,0.0000,0.0000,0.0000,0.0000,-1.8640,-1.8830,-76.0000
1785918770.6155,-1.8640,-1.8680,-78.0000,0.0000,0.0000,0.0000,0.0000,0.0000,0.0000,-1.8640,-1.8560,-77.0000
1785918770.6667,-1.8640,-1.8650,-79.0000,0.0000,0.0000,0.0000,0.0000,0.0000,0.0000,-1.8640,-1.8510,-77.0000
1785918770.7155,-1.8640,-1.8610,-79.0000,0.0000,0.0000,0.0000,0.0000,0.0000,0.0000,-1.8640,-1.8800,-76.0000
1785918770.7654,-1.8640,-1.8660,-78.0000,0.0000,0.0000,0.0000,0.0000,0.0000,0.0000,-1.8640,-1.8650,-77.0000
1785918770.8155,-1.8640,-1.8650,-79.0000,0.0000,0.0000,0.0000,0.0000,0.0000,0.0000,-1.8640,-1.8470,-78.0000
1785918770.8655,-1.8640,-1.8570,-79.0000,0.0000,0.0000,0.0000,0.0000,0.0000,0.0000,-1.8640,-1.8700,-76.0000
1785918770.9155,-1.8640,-1.8590,-79.0000,0.0000,0.0000,0.0000,0.0000,0.0000,0.0000,-1.8640,-1.8760,-76.0000
1785918770.9656,-1.8640,-1.8610,-79.0000,0.0000,0.0000,0.0000,0.0000,0.0000,0.0000,-1.8640,-1.8490,-78.0000
1785918771.0157,-1.8640,-1.8630,-79.0000,0.0000,0.0000,0.0000,0.0000,0.0000,0.0000,-1.8640,-1.8620,-77.0000
1785918771.0655,-1.8640,-1.8680,-79.0000,0.0000,0.0000,0.0000,0.0000,0.0000,0.0000,-1.8640,-1.8790,-76.0000
1785918771.1155,-1.8640,-1.8680,-79.0000,0.0000,0.0000,0.0000,0.0000,0.0000,0.0000,-1.8640,-1.8500,-78.0000
1785918771.1655,-1.8640,-1.8590,-79.0000,0.0000,0.0000,0.0000,0.0000,0.0000,0.0000,-1.8640,-1.8610,-77.0000
1785918771.2156,-1.8640,-1.8640,-79.0000,0.0000,0.0000,0.0000,0.0000,0.0000,0.0000,-1.8640,-1.8870,-75.0000
1785918771.2655,-1.7440,-1.8660,-69.0000,0.0000,0.0000,0.0000,0.0000,0.0000,0.0000,-1.7440,-1.8580,-67.0000
1785918771.3156,-1.1440,-1.4460,-38.0000,0.0000,0.0000,0.0000,0.0000,0.0000,0.0000,-1.1440,-1.4220,-37.0000
1785918771.3658,-0.9190,-0.9000,-43.0000,0.0000,0.0000,0.0000,0.0000,0.0000,0.0000,-0.9190,-0.8840,-42.0000
1785918771.4155,-0.9190,-0.9060,-40.0000,0.0000,0.0000,0.0000,0.0000,0.0000,0.0000,-0.9190,-0.9010,-38.0000
1785918771.4656,-0.9190,-0.8790,-41.0000,0.0000,0.0000,0.0000,0.0000,0.0000,0.0000,-0.9190,-0.8690,-39.0000
1785918771.5155,-0.9190,-0.8790,-41.0000,0.0000,0.0000,0.0000,0.0000,0.0000,0.0000,-0.9190,-0.8660,-39.0000
1785918771.5655,-0.9190,-0.8910,-41.0000,0.0000,0.0000,0.0000,0.0000,0.0000,0.0000,-0.9190,-0.8920,-38.0000
1785918771.6155,-0.9190,-0.8900,-41.0000,0.0000,0.0000,0.0000,0.0000,0.0000,0.0000,-0.9190,-0.8840,-39.0000
1785918771.6659,-0.9190,-0.8990,-41.0000,0.0000,0.0000,0.0000,0.0000,0.0000,0.0000,-0.9190,-0.8750,-40.0000
1785918771.7156,-0.9190,-0.8990,-41.0000,0.0000,0.0000,0.0000,0.0000,0.0000,0.0000,-0.9190,-0.9040,-39.0000
1785918771.7656,-0.9190,-0.9010,-41.0000,0.0000,0.0000,0.0000,0.0000,0.0000,0.0000,-0.9190,-0.8980,-40.0000
1785918771.8156,-0.9190,-0.9030,-41.0000,0.0000,0.0000,0.0000,0.0000,0.0000,0.0000,-0.9190,-0.8880,-41.0000
1785918771.8657,-0.9190,-0.9090,-41.0000,0.0000,0.0000,0.0000,0.0000,0.0000,0.0000,-0.9190,-0.9170,-39.0000
1785918771.9165,-0.9190,-0.9080,-41.0000,0.0000,0.0000,0.0000,0.0000,0.0000,0.0000,-0.9190,-0.9020,-40.0000
1785918771.9656,-0.9190,-0.9050,-42.0000,0.0000,0.0000,0.0000,0.0000,0.0000,0.0000,-0.9190,-0.8950,-41.0000
1785918772.0156,-0.9190,-0.9100,-42.0000,0.0000,0.0000,0.0000,0.0000,0.0000,0.0000,-0.9190,-0.9230,-40.0000
1785918772.0655,-0.9190,-0.9130,-42.0000,0.0000,0.0000,0.0000,0.0000,0.0000,0.0000,-0.9190,-0.9080,-41.0000
1785918772.1156,-0.9190,-0.9090,-42.0000,0.0000,0.0000,0.0000,0.0000,0.0000,0.0000,-0.9190,-0.9070,-41.0000
1785918772.1656,-0.9190,-0.9160,-41.0000,0.0000,0.0000,0.0000,0.0000,0.0000,0.0000,-0.9190,-0.9220,-40.0000
1785918772.2157,-0.9190,-0.9170,-42.0000,0.0000,0.0000,0.0000,0.0000,0.0000,0.0000,-0.9190,-0.9130,-40.0000
1785918772.2656,-0.9190,-0.9100,-42.0000,0.0000,0.0000,0.0000,0.0000,0.0000,0.0000,-0.9190,-0.9070,-41.0000
1785918772.3169,-0.9190,-0.9160,-42.0000,0.0000,0.0000,0.0000,0.0000,0.0000,0.0000,-0.9190,-0.9200,-40.0000
1785918772.3666,-0.9190,-0.9210,-41.0000,0.0000,0.0000,0.0000,0.0000,0.0000,0.0000,-0.9190,-0.9160,-40.0000
1785918772.4165,-0.9190,-0.9130,-42.0000,0.0000,0.0000,0.0000,0.0000,0.0000,0.0000,-0.9190,-0.9110,-41.0000
1785918772.4666,-0.9190,-0.9180,-42.0000,0.0000,0.0000,0.0000,0.0000,0.0000,0.0000,-0.9190,-0.9250,-40.0000
1785918772.5165,-0.9190,-0.9230,-41.0000,0.0000,0.0000,0.0000,0.0000,0.0000,0.0000,-0.9190,-0.9220,-40.0000
1785918772.5666,-0.9190,-0.9140,-42.0000,0.0000,0.0000,0.0000,0.0000,0.0000,0.0000,-0.9190,-0.9150,-41.0000
1785918772.6179,-0.9190,-0.9200,-42.0000,0.0000,0.0000,0.0000,0.0000,0.0000,0.0000,-0.9190,-0.9250,-40.0000
1785918772.6677,-0.9190,-0.9230,-41.0000,0.0000,0.0000,0.0000,0.0000,0.0000,0.0000,-0.9190,-0.9180,-40.0000
1785918772.7176,-0.9190,-0.9140,-42.0000,0.0000,0.0000,0.0000,0.0000,0.0000,0.0000,-0.9190,-0.9140,-41.0000
1785918772.7676,-0.9190,-0.9160,-42.0000,0.0000,0.0000,0.0000,0.0000,0.0000,0.0000,-0.9190,-0.9270,-40.0000
1785918772.8176,-0.9190,-0.9260,-41.0000,0.0000,0.0000,0.0000,0.0000,0.0000,0.0000,-0.9190,-0.9200,-40.0000
1785918772.8676,-0.9190,-0.9190,-42.0000,0.0000,0.0000,0.0000,0.0000,0.0000,0.0000,-0.9190,-0.9200,-40.0000
1785918772.9186,-0.9190,-0.9200,-42.0000,0.0000,0.0000,0.0000,0.0000,0.0000,0.0000,-0.9190,-0.9210,-40.0000
1785918772.9676,-0.9190,-0.9260,-41.0000,0.0000,0.0000,0.0000,0.0000,0.0000,0.0000,-0.9190,-0.9150,-41.0000
1785918773.0176,-0.9190,-0.9190,-42.0000,0.0000,0.0000,0.0000,0.0000,0.0000,0.0000,-0.9190,-0.9210,-40.0000
1785918773.0676,-0.9190,-0.9140,-42.0000,0.0000,0.0000,0.0000,0.0000,0.0000,0.0000,-0.9190,-0.9210,-40.0000
1785918773.1177,-0.9190,-0.9230,-41.0000,0.0000,0.0000,0.0000,0.0000,0.0000,0.0000,-0.9190,-0.9150,-41.0000
1785918773.1676,-0.9190,-0.9210,-42.0000,0.0000,0.0000,0.0000,0.0000,0.0000,0.0000,-0.9190,-0.9240,-40.0000
1785918773.2176,-0.9190,-0.9160,-42.0000,0.0000,0.0000,0.0000,0.0000,0.0000,0.0000,-0.9190,-0.9170,-41.0000
1785918773.2676,-0.9190,-0.9260,-41.0000,0.0000,0.0000,0.0000,0.0000,0.0000,0.0000,-0.9190,-0.9160,-41.0000
1785918773.3176,-0.9190,-0.9150,-42.0000,0.0000,0.0000,0.0000,0.0000,0.0000,0.0000,-0.9190,-0.9240,-40.0000
1785918773.3676,-0.9190,-0.9160,-42.0000,0.0000,0.0000,0.0000,0.0000,0.0000,0.0000,-0.9190,-0.9150,-41.0000
1785918773.4176,-0.9190,-0.9250,-41.0000,0.0000,0.0000,0.0000,0.0000,0.0000,0.0000,-0.9190,-0.9100,-41.0000
1785918773.4676,-0.9190,-0.9200,-42.0000,0.0000,0.0000,0.0000,0.0000,0.0000,0.0000,-0.9190,-0.9260,-40.0000
1785918773.5176,-0.9190,-0.9160,-42.0000,0.0000,0.0000,0.0000,0.0000,0.0000,0.0000,-0.9190,-0.9150,-41.0000
1785918773.5677,-0.9190,-0.9230,-41.0000,0.0000,0.0000,0.0000,0.0000,0.0000,0.0000,-0.9190,-0.9150,-41.0000
1785918773.6177,-0.9190,-0.9190,-42.0000,0.0000,0.0000,0.0000,0.0000,0.0000,0.0000,-0.9190,-0.9290,-40.0000
1785918773.6683,-0.9190,-0.9140,-42.0000,0.0000,0.0000,0.0000,0.0000,0.0000,0.0000,-0.9190,-0.9140,-41.0000
1785918773.7176,-0.9190,-0.9200,-42.0000,0.0000,0.0000,0.0000,0.0000,0.0000,0.0000,-0.9190,-0.9130,-41.0000
1785918773.7676,-0.9190,-0.9210,-42.0000,0.0000,0.0000,0.0000,0.0000,0.0000,0.0000,-0.9190,-0.9330,-40.0000
1785918773.8176,-0.9190,-0.9130,-42.0000,0.0000,0.0000,0.0000,0.0000,0.0000,0.0000,-0.9190,-0.9100,-41.0000
1785918773.8693,-0.9190,-0.9190,-42.0000,0.0000,0.0000,0.0000,0.0000,0.0000,0.0000,-0.9190,-0.9100,-41.0000
1785918773.9183,-0.9190,-0.9190,-42.0000,0.0000,0.0000,0.0000,0.0000,0.0000,0.0000,-0.9190,-0.9310,-40.0000
1785918773.9696,-0.9190,-0.9170,-42.0000,0.0000,0.0000,0.0000,0.0000,0.0000,0.0000,-0.9190,-0.9110,-41.0000
1785918774.0196,-0.9190,-0.9150,-42.0000,0.0000,0.0000,0.0000,0.0000,0.0000,0.0000,-0.9190,-0.9060,-41.0000
1785918774.0696,-0.9190,-0.9150,-42.0000,0.0000,0.0000,0.0000,0.0000,0.0000,0.0000,-0.9190,-0.9300,-40.0000
1785918774.1197,-0.9190,-0.9160,-42.0000,0.0000,0.0000,0.0000,0.0000,0.0000,0.0000,-0.9190,-0.9160,-41.0000
1785918774.1697,-0.9190,-0.9150,-42.0000,0.0000,0.0000,0.0000,0.0000,0.0000,0.0000,-0.9190,-0.9060,-41.0000
1785918774.2203,-0.9190,-0.9200,-42.0000,0.0000,0.0000,0.0000,0.0000,0.0000,0.0000,-0.9190,-0.9310,-40.0000
1785918774.2697,-0.9190,-0.9140,-42.0000,0.0000,0.0000,0.0000,0.0000,0.0000,0.0000,-0.9190,-0.9170,-41.0000
1785918774.3196,-0.9190,-0.9210,-42.0000,0.0000,0.0000,0.0000,0.0000,0.0000,0.0000,-0.9190,-0.9080,-41.0000
1785918774.3697,-0.9190,-0.9220,-42.0000,0.0000,0.0000,0.0000,0.0000,0.0000,0.0000,-0.9190,-0.9340,-40.0000
1785918774.4196,-0.9190,-0.9130,-42.0000,0.0000,0.0000,0.0000,0.0000,0.0000,0.0000,-0.9190,-0.9160,-41.0000
1785918774.4697,-0.9190,-0.9150,-42.0000,0.0000,0.0000,0.0000,0.0000,0.0000,0.0000,-0.9190,-0.9080,-41.0000
1785918774.5207,-0.9190,-0.9160,-42.0000,0.0000,0.0000,0.0000,0.0000,0.0000,0.0000,-0.9190,-0.9280,-40.0000
1785918774.5703,-0.9190,-0.9130,-42.0000,0.0000,0.0000,0.0000,0.0000,0.0000,0.0000,-0.9190,-0.9200,-41.0000
1785918774.6202,-0.9190,-0.9210,-42.0000,0.0000,0.0000,0.0000,0.0000,0.0000,0.0000,-0.9190,-0.9190,-41.0000
1785918774.6697,-0.9190,-0.9180,-42.0000,0.0000,0.0000,0.0000,0.0000,0.0000,0.0000,-0.9190,-0.9320,-40.0000
1785918774.7197,-0.9190,-0.9200,-42.0000,0.0000,0.0000,0.0000,0.0000,0.0000,0.0000,-0.9190,-0.9200,-41.0000
1785918774.7697,-0.9190,-0.9200,-42.0000,0.0000,0.0000,0.0000,0.0000,0.0000,0.0000,-0.9190,-0.9160,-41.0000
1785918774.8197,-0.9190,-0.9200,-42.0000,0.0000,0.0000,0.0000,0.0000,0.0000,0.0000,-0.9190,-0.9270,-40.0000
1785918774.8697,-0.9190,-0.9170,-42.0000,0.0000,0.0000,0.0000,0.0000,0.0000,0.0000,-0.9190,-0.9190,-41.0000
1785918774.9197,-0.9190,-0.9130,-42.0000,0.0000,0.0000,0.0000,0.0000,0.0000,0.0000,-0.9190,-0.9140,-41.0000
1785918774.9703,-0.9190,-0.9140,-42.0000,0.0000,0.0000,0.0000,0.0000,0.0000,0.0000,-0.9190,-0.9210,-40.0000
1785918775.0196,-0.9190,-0.9220,-42.0000,0.0000,0.0000,0.0000,0.0000,0.0000,0.0000,-0.9190,-0.9160,-41.0000
1785918775.0697,-0.9190,-0.9140,-42.0000,0.0000,0.0000,0.0000,0.0000,0.0000,0.0000,-0.9190,-0.9130,-41.0000
1785918775.1198,-0.9190,-0.9160,-42.0000,0.0000,0.0000,0.0000,0.0000,0.0000,0.0000,-0.9190,-0.9260,-40.0000
1785918775.1699,-0.9190,-0.9270,-42.0000,0.0000,0.0000,0.0000,0.0000,0.0000,0.0000,-0.9190,-0.9220,-40.0000
1785918775.2207,-0.9190,-0.9200,-42.0000,0.0000,0.0000,0.0000,0.0000,0.0000,0.0000,-0.9190,-0.9250,-40.0000
1785918775.2696,-0.9190,-0.9220,-42.0000,0.0000,0.0000,0.0000,0.0000,0.0000,0.0000,-0.9190,-0.9230,-40.0000
1785918775.3198,-0.9190,-0.9250,-42.0000,0.0000,0.0000,0.0000,0.0000,0.0000,0.0000,-0.9190,-0.9180,-41.0000
1785918775.3699,-0.9190,-0.9200,-42.0000,0.0000,0.0000,0.0000,0.0000,0.0000,0.0000,-0.9190,-0.9240,-40.0000
1785918775.4197,-0.9190,-0.9150,-42.0000,0.0000,0.0000,0.0000,0.0000,0.0000,0.0000,-0.9190,-0.9200,-40.0000
1785918775.4697,-0.9190,-0.9270,-42.0000,0.0000,0.0000,0.0000,0.0000,0.0000,0.0000,-0.9190,-0.9150,-41.0000
1785918775.5201,-0.9190,-0.9150,-42.0000,0.0000,0.0000,0.0000,0.0000,0.0000,0.0000,-0.9190,-0.9210,-40.0000
1785918775.5697,-0.9190,-0.9120,-42.0000,0.0000,0.0000,0.0000,0.0000,0.0000,0.0000,-0.9190,-0.9150,-41.0000
1785918775.6198,-0.9190,-0.9290,-41.0000,0.0000,0.0000,0.0000,0.0000,0.0000,0.0000,-0.9190,-0.9160,-41.0000
1785918775.6697,-0.9190,-0.9180,-42.0000,0.0000,0.0000,0.0000,0.0000,0.0000,0.0000,-0.9190,-0.9270,-40.0000
1785918775.7197,-0.9190,-0.9150,-42.0000,0.0000,0.0000,0.0000,0.0000,0.0000,0.0000,-0.9190,-0.9180,-40.0000
1785918775.7697,-0.9190,-0.9270,-42.0000,0.0000,0.0000,0.0000,0.0000,0.0000,0.0000,-0.9190,-0.9130,-41.0000
1785918775.8198,-0.9190,-0.9240,-42.0000,0.0000,0.0000,0.0000,0.0000,0.0000,0.0000,-0.9190,-0.9290,-40.0000
1785918775.8697,-0.9190,-0.9140,-42.0000,0.0000,0.0000,0.0000,0.0000,0.0000,0.0000,-0.9190,-0.9150,-41.0000
1785918775.9199,-0.9190,-0.9210,-42.0000,0.0000,0.0000,0.0000,0.0000,0.0000,0.0000,-0.9190,-0.9110,-41.0000
1785918775.9697,-0.9190,-0.9150,-42.0000,0.0000,0.0000,0.0000,0.0000,0.0000,0.0000,-0.9190,-0.9310,-40.0000
1785918776.0197,-0.9190,-0.9060,-43.0000,0.0000,0.0000,0.0000,0.0000,0.0000,0.0000,-0.9190,-0.9170,-41.0000
1785918776.0697,-0.9190,-0.9210,-42.0000,0.0000,0.0000,0.0000,0.0000,0.0000,0.0000,-0.9190,-0.9040,-41.0000
1785918776.1198,-0.9190,-0.9140,-42.0000,0.0000,0.0000,0.0000,0.0000,0.0000,0.0000,-0.9190,-0.9270,-40.0000
1785918776.1711,-0.9190,-0.9080,-43.0000,0.0000,0.0000,0.0000,0.0000,0.0000,0.0000,-0.9190,-0.9130,-41.0000
1785918776.2218,-0.9190,-0.9240,-42.0000,0.0000,0.0000,0.0000,0.0000,0.0000,0.0000,-0.9190,-0.9110,-41.0000
1785918776.2707,-0.9190,-0.9180,-42.0000,0.0000,0.0000,0.0000,0.0000,0.0000,0.0000,-0.9190,-0.9290,-40.0000
1785918776.3206,-0.3190,-0.6420,-5.0000,0.0000,0.0000,0.0000,0.0000,0.0000,0.0000,-0.3190,-0.6190,-4.0000
1785918776.3706,0.0000,-0.0620,0.0000,0.0000,0.0000,0.0000,0.0000,0.0000,0.0000,0.0000,-0.0650,0.0000
1785918776.4205,0.0000,-0.0050,0.0000,0.0000,0.0000,0.0000,0.0000,0.0000,0.0000,0.0000,-0.0050,0.0000
1785918776.4707,-0.2400,-0.0180,-28.0000,0.2400,0.0130,28.0000,-0.2400,-0.0130,-28.0000,0.2400,0.0160,28.0000
1785918776.5207,-0.7280,-0.6320,-38.0000,0.6380,0.6020,33.0000,-0.6380,-0.5720,-35.0000,0.7280,0.6180,39.0000
1785918776.5707,-0.7280,-0.7440,-36.0000,0.6380,0.6510,34.0000,-0.6380,-0.6410,-35.0000,0.7280,0.7530,36.0000
1785918776.6208,-0.7280,-0.7680,-36.0000,0.6380,0.6670,33.0000,-0.6380,-0.6500,-35.0000,0.7280,0.7610,37.0000
1785918776.6708,-0.7280,-0.7570,-36.0000,0.6380,0.6630,34.0000,-0.6380,-0.6340,-36.0000,0.7280,0.7620,37.0000
1785918776.7208,-0.7280,-0.7630,-36.0000,0.6380,0.6470,34.0000,-0.6380,-0.6620,-34.0000,0.7280,0.7760,35.0000
1785918776.7708,-0.7280,-0.7540,-36.0000,0.6380,0.6500,34.0000,-0.6380,-0.6460,-35.0000,0.7280,0.7500,36.0000
1785918776.8209,-0.7280,-0.7470,-36.0000,0.6380,0.6540,34.0000,-0.6380,-0.6550,-35.0000,0.7280,0.7570,36.0000
1785918776.8708,-0.7280,-0.7600,-35.0000,0.6380,0.6540,33.0000,-0.6380,-0.6380,-35.0000,0.7280,0.7620,35.0000
1785918776.9208,-0.7280,-0.7400,-36.0000,0.6380,0.6370,34.0000,-0.6380,-0.6580,-34.0000,0.7280,0.7510,35.0000
1785918776.9707,-0.7280,-0.7470,-35.0000,0.6380,0.6460,33.0000,-0.6380,-0.6430,-35.0000,0.7280,0.7510,35.0000
1785918777.0208,-0.7280,-0.7330,-36.0000,0.6380,0.6470,33.0000,-0.6380,-0.6480,-34.0000,0.7280,0.7390,35.0000
1785918777.0708,-0.7280,-0.7460,-35.0000,0.6380,0.6560,33.0000,-0.6380,-0.6380,-35.0000,0.7280,0.7540,34.0000
1785918777.1209,-0.7280,-0.7370,-35.0000,0.6380,0.6330,34.0000,-0.6380,-0.6440,-34.0000,0.7280,0.7290,36.0000
1785918777.1708,-0.7280,-0.7390,-35.0000,0.6380,0.6420,33.0000,-0.6380,-0.6490,-34.0000,0.7280,0.7370,35.0000
1785918777.2209,-0.7280,-0.7320,-35.0000,0.6380,0.6470,33.0000,-0.6380,-0.6440,-34.0000,0.7280,0.7300,35.0000
1785918777.2708,-0.7280,-0.7350,-35.0000,0.6380,0.6540,32.0000,-0.6380,-0.6460,-34.0000,0.7280,0.7320,35.0000
1785918777.3208,-0.7280,-0.7360,-35.0000,0.6380,0.6360,33.0000,-0.6380,-0.6360,-35.0000,0.7280,0.7230,36.0000
1785918777.3708,-0.7280,-0.7280,-35.0000,0.6380,0.6430,33.0000,-0.6380,-0.6550,-34.0000,0.7280,0.7240,36.0000
1785918777.4208,-0.7280,-0.7380,-34.0000,0.6380,0.6480,33.0000,-0.6380,-0.6370,-34.0000,0.7280,0.7390,35.0000
1785918777.4708,-0.7280,-0.7250,-35.0000,0.6380,0.6520,32.0000,-0.6380,-0.6470,-34.0000,0.7280,0.7200,36.0000
1785918777.5208,-0.7280,-0.7350,-34.0000,0.6380,0.6410,33.0000,-0.6380,-0.6290,-35.0000,0.7280,0.7270,35.0000
1785918777.5708,-0.7280,-0.7250,-35.0000,0.6380,0.6310,33.0000,-0.6380,-0.6490,-34.0000,0.7280,0.7220,36.0000
1785918777.6209,-0.7280,-0.7360,-34.0000,0.6380,0.6440,33.0000,-0.6380,-0.6340,-34.0000,0.7280,0.7480,34.0000
1785918777.6708,-0.7280,-0.7300,-35.0000,0.6380,0.6460,33.0000,-0.6380,-0.6450,-34.0000,0.7280,0.7180,36.0000
1785918777.7208,-0.7280,-0.7310,-35.0000,0.6380,0.6460,32.0000,-0.6380,-0.6300,-35.0000,0.7280,0.7300,35.0000
1785918777.7708,-0.7280,-0.7300,-35.0000,0.6380,0.6320,33.0000,-0.6380,-0.6490,-33.0000,0.7280,0.7200,36.0000
1785918777.8210,-0.7280,-0.7310,-35.0000,0.6380,0.6390,33.0000,-0.6380,-0.6320,-34.0000,0.7280,0.7400,35.0000
1785918777.8708,-0.7280,-0.7330,-34.0000,0.6380,0.6420,33.0000,-0.6380,-0.6450,-34.0000,0.7280,0.7200,36.0000
1785918777.9208,-0.7280,-0.7260,-35.0000,0.6380,0.6420,32.0000,-0.6380,-0.6340,-34.0000,0.7280,0.7260,35.0000
1785918777.9708,-0.7280,-0.7360,-34.0000,0.6380,0.6330,33.0000,-0.6380,-0.6480,-33.0000,0.7280,0.7280,35.0000
1785918778.0208,-0.7280,-0.7240,-35.0000,0.6380,0.6380,33.0000,-0.6380,-0.6380,-34.0000,0.7280,0.7260,35.0000
1785918778.0708,-0.7280,-0.7320,-34.0000,0.6380,0.6480,32.0000,-0.6380,-0.6420,-34.0000,0.7280,0.7220,36.0000
1785918778.1210,-0.7280,-0.7250,-35.0000,0.6380,0.6510,32.0000,-0.6380,-0.6340,-34.0000,0.7280,0.7240,36.0000
1785918778.1708,-0.7280,-0.7350,-34.0000,0.6380,0.6300,33.0000,-0.6380,-0.6360,-34.0000,0.7280,0.7400,35.0000
1785918778.2209,-0.7280,-0.7270,-35.0000,0.6380,0.6380,32.0000,-0.6380,-0.6440,-34.0000,0.7280,0.7240,36.0000
1785918778.2709,-0.7280,-0.7250,-35.0000,0.6380,0.6430,32.0000,-0.6380,-0.6360,-34.0000,0.7280,0.7280,35.0000
1785918778.3208,-0.7280,-0.7250,-35.0000,0.6380,0.6480,32.0000,-0.6380,-0.6450,-34.0000,0.7280,0.7160,36.0000
1785918778.3709,-0.7280,-0.7280,-35.0000,0.6380,0.6340,33.0000,-0.6380,-0.6270,-35.0000,0.7280,0.7290,35.0000
1785918778.4209,-0.7280,-0.7330,-34.0000,0.6380,0.6390,32.0000,-0.6380,-0.6490,-33.0000,0.7280,0.7150,36.0000
1785918778.4709,-0.7280,-0.7250,-35.0000,0.6380,0.6420,32.0000,-0.6380,-0.6230,-35.0000,0.7280,0.7250,36.0000
1785918778.5209,-0.7280,-0.7350,-34.0000,0.6380,0.6490,32.0000,-0.6380,-0.6490,-33.0000,0.7280,0.7270,36.0000
1785918778.5709,-0.7280,-0.7240,-35.0000,0.6380,0.6370,32.0000,-0.6380,-0.6270,-35.0000,0.7280,0.7360,35.0000
1785918778.6209,-0.7280,-0.7320,-34.0000,0.6380,0.6370,32.0000,-0.6380,-0.6500,-33.0000,0.7280,0.7180,36.0000
1785918778.6709,-0.7280,-0.7200,-35.0000,0.6380,0.6390,32.0000,-0.6380,-0.6270,-35.0000,0.7280,0.7330,35.0000
1785918778.7208,-0.7280,-0.7330,-34.0000,0.6380,0.6460,32.0000,-0.6380,-0.6490,-33.0000,0.7280,0.7310,36.0000
1785918778.7709,-0.7280,-0.7240,-35.0000,0.6380,0.6400,32.0000,-0.6380,-0.6270,-35.0000,0.7280,0.7280,36.0000
1785918778.8213,-0.7280,-0.7320,-34.0000,0.6380,0.6270,33.0000,-0.6380,-0.6480,-33.0000,0.7280,0.7290,36.0000
1785918778.8736,-0.7280,-0.7210,-35.0000,0.6380,0.6290,33.0000,-0.6380,-0.6350,-34.0000,0.7280,0.7200,36.0000
1785918778.9211,-0.7280,-0.7310,-34.0000,0.6380,0.6470,32.0000,-0.6380,-0.6450,-33.0000,0.7280,0.7430,35.0000
1785918778.9709,-0.7280,-0.7290,-35.0000,0.6380,0.6410,32.0000,-0.6380,-0.6350,-34.0000,0.7280,0.7230,36.0000
1785918779.0209,-0.7280,-0.7240,-35.0000,0.6380,0.6290,33.0000,-0.6380,-0.6460,-33.0000,0.7280,0.7340,35.0000
1785918779.0709,-0.7280,-0.7340,-34.0000,0.6380,0.6340,32.0000,-0.6380,-0.6380,-34.0000,0.7280,0.7250,36.0000
1785918779.1210,-0.7280,-0.7290,-35.0000,0.6380,0.6400,32.0000,-0.6380,-0.6370,-34.0000,0.7280,0.7460,35.0000
1785918779.1710,-0.7280,-0.7340,-34.0000,0.6380,0.6490,32.0000,-0.6380,-0.6420,-34.0000,0.7280,0.7170,36.0000
1785918779.2209,-0.7280,-0.7250,-35.0000,0.6380,0.6320,32.0000,-0.6380,-0.6330,-34.0000,0.7280,0.7320,35.0000
1785918779.2709,-0.7280,-0.7370,-34.0000,0.6380,0.6390,32.0000,-0.6380,-0.6470,-33.0000,0.7280,0.7170,36.0000
1785918779.3209,-0.7280,-0.7240,-35.0000,0.6380,0.6430,32.0000,-0.6380,-0.6290,-34.0000,0.7280,0.7230,36.0000
1785918779.3710,-0.7280,-0.7290,-34.0000,0.6380,0.6540,31.0000,-0.6380,-0.6470,-33.0000,0.7280,0.7220,36.0000
1785918779.4209,-0.7280,-0.7230,-35.0000,0.6380,0.6320,32.0000,-0.6380,-0.6270,-34.0000,0.7280,0.7210,36.0000
1785918779.4709,-0.7280,-0.7340,-34.0000,0.6380,0.6370,32.0000,-0.6380,-0.6470,-33.0000,0.7280,0.7370,35.0000
1785918779.5209,-0.7280,-0.7250,-35.0000,0.6380,0.6380,32.0000,-0.6380,-0.6350,-34.0000,0.7280,0.7200,36.0000
1785918779.5711,-0.7280,-0.7260,-35.0000,0.6380,0.6500,31.0000,-0.6380,-0.6470,-33.0000,0.7280,0.7330,35.0000
1785918779.6209,-0.7280,-0.7320,-34.0000,0.6380,0.6410,32.0000,-0.6380,-0.6200,-35.0000,0.7280,0.7190,36.0000
1785918779.6709,-0.7280,-0.7280,-34.0000,0.6380,0.6290,32.0000,-0.6380,-0.6430,-34.0000,0.7280,0.7390,35.0000
1785918779.7209,-0.7280,-0.7320,-34.0000,0.6380,0.6330,32.0000,-0.6380,-0.6310,-34.0000,0.7280,0.7220,36.0000
1785918779.7709,-0.7280,-0.7250,-35.0000,0.6380,0.6430,32.0000,-0.6380,-0.6420,-34.0000,0.7280,0.7300,36.0000
1785918779.8209,-0.7280,-0.7360,-34.0000,0.6380,0.6360,32.0000,-0.6380,-0.6330,-34.0000,0.7280,0.7360,35.0000
1785918779.8710,-0.7280,-0.7220,-35.0000,0.6380,0.6270,33.0000,-0.6380,-0.6440,-33.0000,0.7280,0.7310,36.0000
1785918779.9223,-0.7280,-0.7270,-35.0000,0.6380,0.6380,32.0000,-0.6380,-0.6310,-34.0000,0.7280,0.7210,36.0000
1785918779.9719,-0.7280,-0.7230,-35.0000,0.6380,0.6480,31.0000,-0.6380,-0.6440,-33.0000,0.7280,0.7220,36.0000
1785918780.0219,-0.7280,-0.7350,-34.0000,0.6380,0.6420,32.0000,-0.6380,-0.6310,-34.0000,0.7280,0.7430,35.0000
1785918780.0719,-0.7280,-0.7210,-35.0000,0.6380,0.6320,32.0000,-0.6380,-0.6450,-33.0000,0.7280,0.7220,36.0000
1785918780.1233,-0.7280,-0.7240,-35.0000,0.6380,0.6330,32.0000,-0.6380,-0.6370,-34.0000,0.7280,0.7320,36.0000
1785918780.1730,-0.7280,-0.7330,-34.0000,0.6380,0.6460,32.0000,-0.6380,-0.6380,-34.0000,0.7280,0.7240,36.0000
1785918780.2229,-0.7280,-0.7310,-34.0000,0.6380,0.6450,32.0000,-0.6380,-0.6410,-34.0000,0.7280,0.7430,35.0000
1785918780.2729,-0.7280,-0.7310,-34.0000,0.6380,0.6300,32.0000,-0.6380,-0.6350,-34.0000,0.7280,0.7230,36.0000
1785918780.3229,-0.7280,-0.7280,-34.0000,0.6380,0.6370,32.0000,-0.6380,-0.6440,-34.0000,0.7280,0.7300,36.0000
1785918780.3729,-0.7280,-0.7360,-34.0000,0.6380,0.6480,31.0000,-0.6380,-0.6280,-34.0000,0.7280,0.7390,35.0000
1785918780.4229,-0.7280,-0.7240,-35.0000,0.6380,0.6490,31.0000,-0.6380,-0.6420,-34.0000,0.7280,0.7370,35.0000
1785918780.4736,-0.7280,-0.7290,-34.0000,0.6380,0.6370,32.0000,-0.6380,-0.6260,-35.0000,0.7280,0.7280,35.0000
1785918780.5233,-0.7280,-0.7250,-35.0000,0.6380,0.6320,32.0000,-0.6380,-0.6490,-33.0000,0.7280,0.7240,36.0000
1785918780.5736,-0.7280,-0.7320,-34.0000,0.6380,0.6390,32.0000,-0.6380,-0.6330,-34.0000,0.7280,0.7400,35.0000
1785918780.6236,-0.7280,-0.7220,-35.0000,0.6380,0.6450,32.0000,-0.6380,-0.6470,-33.0000,0.7280,0.7190,36.0000
1785918780.6737,-0.7280,-0.7240,-35.0000,0.6380,0.6390,32.0000,-0.6380,-0.6200,-35.0000,0.7280,0.7260,35.0000
1785918780.7230,-0.7280,-0.7290,-34.0000,0.6380,0.6280,32.0000,-0.6380,-0.6450,-33.0000,0.7280,0.7200,36.0000
1785918780.7737,-0.7280,-0.7270,-35.0000,0.6380,0.6370,32.0000,-0.6380,-0.6310,-34.0000,0.7280,0.7390,35.0000
1785918780.8237,-0.7280,-0.7290,-34.0000,0.6380,0.6470,31.0000,-0.6380,-0.6420,-34.0000,0.7280,0.7190,36.0000
1785918780.8737,-0.7280,-0.7270,-35.0000,0.6380,0.6410,32.0000,-0.6380,-0.6310,-34.0000,0.7280,0.7290,35.0000
1785918780.9230,-0.7280,-0.7340,-34.0000,0.6380,0.6260,33.0000,-0.6380,-0.6480,-33.0000,0.7280,0.7300,35.0000
1785918780.9730,-0.7280,-0.7240,-35.0000,0.6380,0.6320,32.0000,-0.6380,-0.6380,-34.0000,0.7280,0.7340,35.0000
1785918781.0241,-0.7280,-0.7300,-34.0000,0.6380,0.6480,31.0000,-0.6380,-0.6450,-34.0000,0.7280,0.7290,35.0000
1785918781.0730,-0.7280,-0.7260,-35.0000,0.6380,0.6430,32.0000,-0.6380,-0.6340,-34.0000,0.7280,0.7250,36.0000
1785918781.1230,-0.7280,-0.7360,-34.0000,0.6380,0.6340,32.0000,-0.6380,-0.6360,-34.0000,0.7280,0.7400,35.0000
1785918781.1736,-0.7280,-0.7240,-35.0000,0.6380,0.6300,32.0000,-0.6380,-0.6440,-34.0000,0.7280,0.7240,36.0000
1785918781.2230,-0.7280,-0.7230,-35.0000,0.6380,0.6430,32.0000,-0.6380,-0.6350,-34.0000,0.7280,0.7300,35.0000
1785918781.2730,-0.7280,-0.7280,-34.0000,0.6380,0.6420,32.0000,-0.6380,-0.6470,-33.0000,0.7280,0.7230,36.0000
1785918781.3230,-0.7280,-0.7260,-35.0000,0.6380,0.6350,32.0000,-0.6380,-0.6280,-35.0000,0.7280,0.7280,35.0000
1785918781.3736,-0.7280,-0.7260,-35.0000,0.6380,0.6310,32.0000,-0.6380,-0.6490,-33.0000,0.7280,0.7150,36.0000
1785918781.4230,-0.7280,-0.7240,-35.0000,0.6380,0.6440,32.0000,-0.6380,-0.6310,-34.0000,0.7280,0.7270,36.0000
1785918781.4729,-0.7280,-0.7330,-34.0000,0.6380,0.6460,31.0000,-0.6380,-0.6420,-34.0000,0.7280,0.7300,35.0000
1785918781.5230,-0.7280,-0.7250,-35.0000,0.6380,0.6400,32.0000,-0.6380,-0.6270,-35.0000,0.7280,0.7290,36.0000
1785918781.5730,-0.7280,-0.7300,-34.0000,0.6380,0.6300,32.0000,-0.6380,-0.6500,-33.0000,0.7280,0.7190,36.0000
1785918781.6230,-0.7280,-0.7230,-35.0000,0.6380,0.6400,32.0000,-0.6380,-0.6330,-34.0000,0.7280,0.7150,36.0000
1785918781.6731,-0.7280,-0.7370,-34.0000,0.6380,0.6490,31.0000,-0.6380,-0.6440,-34.0000,0.7280,0.7250,36.0000
1785918781.7230,-0.7280,-0.7240,-35.0000,0.6380,0.6410,32.0000,-0.6380,-0.6230,-35.0000,0.7280,0.7260,36.0000
1785918781.7737,-0.7280,-0.7330,-34.0000,0.6380,0.6280,32.0000,-0.6380,-0.6500,-33.0000,0.7280,0.7190,36.0000
1785918781.8230,-0.7280,-0.7240,-35.0000,0.6380,0.6310,32.0000,-0.6380,-0.6350,-34.0000,0.7280,0.7230,36.0000
1785918781.8731,-0.7280,-0.7310,-34.0000,0.6380,0.6430,32.0000,-0.6380,-0.6390,-34.0000,0.7280,0.7310,36.0000
1785918781.9231,-0.7280,-0.7280,-34.0000,0.6380,0.6370,32.0000,-0.6380,-0.6370,-34.0000,0.7280,0.7240,36.0000
1785918781.9730,-0.7280,-0.7220,-35.0000,0.6380,0.6310,32.0000,-0.6380,-0.6400,-34.0000,0.7280,0.7350,36.0000
1785918782.0230,-0.7280,-0.7300,-34.0000,0.6380,0.6320,32.0000,-0.6380,-0.6400,-34.0000,0.7280,0.7210,36.0000
1785918782.0737,-0.7280,-0.7250,-35.0000,0.6380,0.6440,32.0000,-0.6380,-0.6380,-34.0000,0.7280,0.7420,35.0000
1785918782.1231,-0.7280,-0.7280,-34.0000,0.6380,0.6410,32.0000,-0.6380,-0.6470,-33.0000,0.7280,0.7210,36.0000
1785918782.1730,-0.7280,-0.7300,-34.0000,0.6380,0.6310,32.0000,-0.6380,-0.6360,-34.0000,0.7280,0.7340,36.0000
1785918782.2230,-0.7280,-0.7360,-34.0000,0.6380,0.6350,32.0000,-0.6380,-0.6440,-34.0000,0.7280,0.7230,36.0000
1785918782.2730,-0.7280,-0.7220,-35.0000,0.6380,0.6450,32.0000,-0.6380,-0.6310,-34.0000,0.7280,0.7370,36.0000
1785918782.3230,-0.7280,-0.7330,-34.0000,0.6380,0.6470,31.0000,-0.6380,-0.6470,-33.0000,0.7280,0.7230,36.0000
1785918782.3731,-0.7280,-0.7280,-34.0000,0.6380,0.6400,32.0000,-0.6380,-0.6220,-35.0000,0.7280,0.7280,36.0000
1785918782.4230,-0.7280,-0.7310,-34.0000,0.6380,0.6320,32.0000,-0.6380,-0.6500,-33.0000,0.7280,0.7260,36.0000
1785918782.4730,-0.7280,-0.7270,-34.0000,0.6380,0.6410,32.0000,-0.6380,-0.6330,-34.0000,0.7280,0.7270,36.0000
1785918782.5230,-0.7280,-0.7240,-35.0000,0.6380,0.6440,31.0000,-0.6380,-0.6440,-34.0000,0.7280,0.7320,36.0000
1785918782.5730,-0.7280,-0.7240,-35.0000,0.6380,0.6380,32.0000,-0.6380,-0.6220,-35.0000,0.7280,0.7220,36.0000
1785918782.6239,-0.7280,-0.7330,-34.0000,0.6380,0.6290,32.0000,-0.6380,-0.6460,-33.0000,0.7280,0.7420,35.0000
1785918782.6730,-0.7280,-0.7290,-34.0000,0.6380,0.6340,32.0000,-0.6380,-0.6340,-34.0000,0.7280,0.7150,37.0000
1785918782.7230,-0.7280,-0.7230,-35.0000,0.6380,0.6490,31.0000,-0.6380,-0.6410,-34.0000,0.7280,0.7350,36.0000
1785918782.7730,-0.7280,-0.7280,-34.0000,0.6380,0.6340,32.0000,-0.6380,-0.6350,-34.0000,0.7280,0.7240,36.0000
1785918782.8231,-0.7280,-0.7280,-34.0000,0.6380,0.6280,32.0000,-0.6380,-0.6450,-33.0000,0.7280,0.7410,35.0000
1785918782.8731,-0.7280,-0.7300,-34.0000,0.6380,0.6290,32.0000,-0.6380,-0.6400,-34.0000,0.7280,0.7180,37.0000
1785918782.9231,-0.7280,-0.7240,-35.0000,0.6380,0.6470,31.0000,-0.6380,-0.6380,-34.0000,0.7280,0.7390,35.0000
1785918782.9731,-0.7280,-0.7400,-34.0000,0.6380,0.6420,32.0000,-0.6380,-0.6400,-34.0000,0.7280,0.7270,36.0000
1785918783.0230,-0.7280,-0.7260,-35.0000,0.6380,0.6310,32.0000,-0.6380,-0.6340,-34.0000,0.7280,0.7250,36.0000
1785918783.0730,-0.7280,-0.7240,-35.0000,0.6380,0.6320,32.0000,-0.6380,-0.6480,-33.0000,0.7280,0.7290,36.0000
1785918783.1232,-0.7280,-0.7240,-35.0000,0.6380,0.6430,32.0000,-0.6380,-0.6360,-34.0000,0.7280,0.7280,36.0000
1785918783.1731,-0.7280,-0.7380,-34.0000,0.6380,0.6450,32.0000,-0.6380,-0.6480,-33.0000,0.7280,0.7330,36.0000
1785918783.2230,-0.7280,-0.7220,-35.0000,0.6380,0.6370,32.0000,-0.6380,-0.6260,-35.0000,0.7280,0.7210,36.0000
1785918783.2730,-0.7280,-0.7220,-35.0000,0.6380,0.6300,32.0000,-0.6380,-0.6480,-33.0000,0.7280,0.7260,36.0000
1785918783.3237,-0.7280,-0.7300,-34.0000,0.6380,0.6430,32.0000,-0.6380,-0.6310,-34.0000,0.7280,0.7210,36.0000
1785918783.3732,-0.7280,-0.7240,-35.0000,0.6380,0.6500,31.0000,-0.6380,-0.6440,-33.0000,0.7280,0.7400,35.0000
1785918783.4230,-0.7280,-0.7280,-34.0000,0.6380,0.6400,32.0000,-0.6380,-0.6200,-35.0000,0.7280,0.7200,36.0000
1785918783.4731,-0.7280,-0.7280,-34.0000,0.6380,0.6300,32.0000,-0.6380,-0.6480,-33.0000,0.7280,0.7340,36.0000
1785918783.5231,-0.7280,-0.7320,-34.0000,0.6380,0.6380,32.0000,-0.6380,-0.6280,-34.0000,0.7280,0.7250,36.0000
1785918783.5730,-0.7280,-0.7230,-35.0000,0.6380,0.6460,31.0000,-0.6380,-0.6430,-34.0000,0.7280,0.7350,36.0000
1785918783.6231,-0.7280,-0.7300,-34.0000,0.6380,0.6390,32.0000,-0.6380,-0.6300,-34.0000,0.7280,0.7250,36.0000
1785918783.6730,-0.7280,-0.7290,-34.0000,0.6380,0.6290,32.0000,-0.6380,-0.6490,-33.0000,0.7280,0.7320,36.0000
1785918783.7237,-0.7280,-0.7310,-34.0000,0.6380,0.6330,32.0000,-0.6380,-0.6350,-34.0000,0.7280,0.7410,35.0000
1785918783.7731,-0.7280,-0.7250,-35.0000,0.6380,0.6440,31.0000,-0.6380,-0.6370,-34.0000,0.7280,0.7200,36.0000
1785918783.8231,-0.7280,-0.7260,-35.0000,0.6380,0.6390,32.0000,-0.6380,-0.6340,-34.0000,0.7280,0.7270,36.0000
1785918783.8732,-0.7280,-0.7270,-35.0000,0.6380,0.6320,32.0000,-0.6380,-0.6410,-34.0000,0.7280,0.7180,36.0000
1785918783.9231,-0.7280,-0.7320,-34.0000,0.6380,0.6300,32.0000,-0.6380,-0.6410,-34.0000,0.7280,0.7370,35.0000
1785918783.9731,-0.7280,-0.7270,-34.0000,0.6380,0.6410,32.0000,-0.6380,-0.6340,-34.0000,0.7280,0.7120,37.0000
1785918784.0231,-0.7280,-0.7230,-35.0000,0.6380,0.6450,31.0000,-0.6380,-0.6430,-34.0000,0.7280,0.7280,36.0000
1785918784.0731,-0.7280,-0.7330,-34.0000,0.6380,0.6360,32.0000,-0.6380,-0.6290,-34.0000,0.7280,0.7250,36.0000
1785918784.1232,-0.7280,-0.7240,-35.0000,0.6380,0.6320,32.0000,-0.6380,-0.6430,-34.0000,0.7280,0.7360,36.0000
1785918784.1731,-0.7280,-0.7270,-35.0000,0.6380,0.6440,32.0000,-0.6380,-0.6320,-34.0000,0.7280,0.7220,36.0000
1785918784.2231,-0.7280,-0.7270,-34.0000,0.6380,0.6500,31.0000,-0.6380,-0.6430,-34.0000,0.7280,0.7300,36.0000
1785918784.2731,-0.7280,-0.7350,-34.0000,0.6380,0.6370,32.0000,-0.6380,-0.6250,-35.0000,0.7280,0.7280,36.0000
1785918784.3231,-0.7280,-0.7250,-35.0000,0.6380,0.6280,32.0000,-0.6380,-0.6480,-33.0000,0.7280,0.7360,36.0000
1785918784.3731,-0.7280,-0.7240,-35.0000,0.6380,0.6370,32.0000,-0.6380,-0.6330,-34.0000,0.7280,0.7270,36.0000
1785918784.4231,-0.7280,-0.7230,-35.0000,0.6380,0.6500,31.0000,-0.6380,-0.6390,-34.0000,0.7280,0.7350,36.0000
1785918784.4733,-0.7280,-0.7340,-34.0000,0.6380,0.6380,32.0000,-0.6380,-0.6250,-35.0000,0.7280,0.7410,35.0000
1785918784.5231,-0.7280,-0.7260,-35.0000,0.6380,0.6290,32.0000,-0.6380,-0.6450,-33.0000,0.7280,0.7160,37.0000
1785918784.5733,-0.7280,-0.7230,-35.0000,0.6380,0.6310,32.0000,-0.6380,-0.6350,-34.0000,0.7280,0.7230,36.0000
1785918784.6232,-0.7280,-0.7290,-34.0000,0.6380,0.6480,31.0000,-0.6380,-0.6440,-34.0000,0.7280,0.7190,37.0000
1785918784.6731,-1.0880,-0.8110,-61.0000,0.9980,0.7220,59.0000,-0.9980,-0.7080,-61.0000,1.0880,0.8270,62.0000
1785918784.7231,-1.4790,-1.4160,-65.0000,1.2940,1.2950,56.0000,-1.2940,-1.3030,-58.0000,1.4790,1.4210,67.0000
1785918784.7731,-1.4790,-1.4820,-65.0000,1.2940,1.3020,59.0000,-1.2940,-1.3020,-61.0000,1.4790,1.5130,65.0000
1785918784.8231,-1.4790,-1.4930,-65.0000,1.2940,1.3100,59.0000,-1.2940,-1.3320,-60.0000,1.4790,1.5010,67.0000
1785918784.8732,-1.4790,-1.5030,-65.0000,1.2940,1.3280,58.0000,-1.2940,-1.3150,-61.0000,1.4790,1.5100,66.0000
1785918784.9231,-1.4790,-1.5020,-65.0000,1.2940,1.3090,59.0000,-1.2940,-1.3370,-59.0000,1.4790,1.5050,66.0000
1785918784.9732,-1.4790,-1.4990,-65.0000,1.2940,1.3170,58.0000,-1.2940,-1.3110,-60.0000,1.4790,1.4960,66.0000
1785918785.0231,-1.4790,-1.4940,-65.0000,1.2940,1.3060,59.0000,-1.2940,-1.3300,-59.0000,1.4790,1.5140,65.0000
1785918785.0731,-1.4790,-1.4900,-65.0000,1.2940,1.3150,58.0000,-1.2940,-1.3050,-60.0000,1.4790,1.4830,66.0000
1785918785.1232,-1.4790,-1.4990,-64.0000,1.2940,1.2970,59.0000,-1.2940,-1.3170,-59.0000,1.4790,1.5140,64.0000
1785918785.1732,-1.4790,-1.4880,-64.0000,1.2940,1.3110,58.0000,-1.2940,-1.3000,-60.0000,1.4790,1.4820,66.0000
1785918785.2231,-1.4790,-1.4850,-64.0000,1.2940,1.2990,58.0000,-1.2940,-1.3100,-59.0000,1.4790,1.5030,65.0000
1785918785.2732,-1.4790,-1.4810,-65.0000,1.2940,1.3040,58.0000,-1.2940,-1.3040,-59.0000,1.4790,1.4840,66.0000
1785918785.3232,-1.4790,-1.4820,-64.0000,1.2940,1.2970,58.0000,-1.2940,-1.3040,-59.0000,1.4790,1.4880,65.0000
1785918785.3739,-1.4790,-1.4840,-64.0000,1.2940,1.3000,58.0000,-1.2940,-1.2980,-60.0000,1.4790,1.4950,65.0000
1785918785.4232,-1.4790,-1.4810,-64.0000,1.2940,1.2900,58.0000,-1.2940,-1.3050,-59.0000,1.4790,1.4750,66.0000
1785918785.4732,-1.4790,-1.4870,-64.0000,1.2940,1.3000,58.0000,-1.2940,-1.2950,-60.0000,1.4790,1.4980,64.0000
1785918785.5231,-1.4790,-1.4800,-64.0000,1.2940,1.2920,58.0000,-1.2940,-1.3010,-59.0000,1.4790,1.4700,66.0000
1785918785.5732,-1.4790,-1.4890,-64.0000,1.2940,1.2950,58.0000,-1.2940,-1.2960,-59.0000,1.4790,1.4940,64.0000
1785918785.6233,-1.4790,-1.4770,-64.0000,1.2940,1.2930,58.0000,-1.2940,-1.2960,-59.0000,1.4790,1.4590,66.0000
1785918785.6733,-1.4790,-1.4880,-64.0000,1.2940,1.2940,58.0000,-1.2940,-1.3000,-59.0000,1.4790,1.4900,65.0000
1785918785.7232,-1.4790,-1.4780,-64.0000,1.2940,1.2980,58.0000,-1.2940,-1.2850,-60.0000,1.4790,1.4730,66.0000
1785918785.7731,-1.4790,-1.4850,-64.0000,1.2940,1.2910,58.0000,-1.2940,-1.3030,-59.0000,1.4790,1.4880,65.0000
1785918785.8232,-1.4790,-1.4770,-64.0000,1.2940,1.2980,58.0000,-1.2940,-1.2820,-60.0000,1.4790,1.4770,65.0000
1785918785.8732,-1.4790,-1.4850,-64.0000,1.2940,1.2870,58.0000,-1.2940,-1.3050,-58.0000,1.4790,1.4750,65.0000
1785918785.9232,-1.4790,-1.4770,-64.0000,1.2940,1.3020,58.0000,-1.2940,-1.2820,-60.0000,1.4790,1.4830,65.0000
1785918785.9732,-1.4790,-1.4860,-64.0000,1.2940,1.2880,58.0000,-1.2940,-1.3020,-59.0000,1.4790,1.4710,66.0000
1785918786.0232,-1.4790,-1.4870,-64.0000,1.2940,1.3040,57.0000,-1.2940,-1.2860,-60.0000,1.4790,1.4970,64.0000
1785918786.0732,-1.4790,-1.4840,-64.0000,1.2940,1.2890,58.0000,-1.2940,-1.3080,-58.0000,1.4790,1.4560,67.0000
1785918786.1233,-1.4790,-1.4870,-63.0000,1.2940,1.3030,57.0000,-1.2940,-1.2820,-60.0000,1.4790,1.4870,65.0000
1785918786.1732,-1.4790,-1.4780,-64.0000,1.2940,1.2880,58.0000,-1.2940,-1.3120,-58.0000,1.4790,1.4700,66.0000
1785918786.2232,-1.4790,-1.4850,-64.0000,1.2940,1.3050,57.0000,-1.2940,-1.2840,-60.0000,1.4790,1.4960,64.0000
1785918786.2732,-1.4790,-1.4750,-64.0000,1.2940,1.2830,59.0000,-1.2940,-1.3080,-58.0000,1.4790,1.4780,65.0000
1785918786.3239,-1.4790,-1.4770,-64.0000,1.2940,1.3020,58.0000,-1.2940,-1.2820,-60.0000,1.4790,1.4850,65.0000
1785918786.3732,-1.4790,-1.4740,-64.0000,1.2940,1.2850,59.0000,-1.2940,-1.3080,-58.0000,1.4790,1.4810,65.0000
1785918786.4232,-1.4790,-1.4810,-64.0000,1.2940,1.3030,57.0000,-1.2940,-1.2890,-59.0000,1.4790,1.4750,65.0000
1785918786.4733,-1.4790,-1.4780,-64.0000,1.2940,1.2870,58.0000,-1.2940,-1.3030,-58.0000,1.4790,1.4860,65.0000
1785918786.5232,-1.4790,-1.4840,-64.0000,1.2940,1.3000,58.0000,-1.2940,-1.2910,-59.0000,1.4790,1.4640,66.0000
1785918786.5732,-1.4790,-1.4890,-63.0000,1.2940,1.2840,59.0000,-1.2940,-1.3030,-58.0000,1.4790,1.4860,65.0000
1785918786.6240,-1.4790,-1.4770,-64.0000,1.2940,1.2980,58.0000,-1.2940,-1.2870,-59.0000,1.4790,1.4580,66.0000
1785918786.6733,-1.4790,-1.4850,-63.0000,1.2940,1.2850,58.0000,-1.2940,-1.2920,-59.0000,1.4790,1.4920,65.0000
1785918786.7232,-1.4790,-1.4660,-65.0000,1.2940,1.3010,58.0000,-1.2940,-1.2930,-59.0000,1.4790,1.4650,66.0000
1785918786.7733,-1.4790,-1.4840,-64.0000,1.2940,1.2870,58.0000,-1.2940,-1.2940,-59.0000,1.4790,1.4990,64.0000
1785918786.8232,-1.4790,-1.4790,-64.0000,1.2940,1.2990,58.0000,-1.2940,-1.2960,-59.0000,1.4790,1.4790,65.0000
1785918786.8733,-1.4790,-1.4770,-64.0000,1.2940,1.2900,58.0000,-1.2940,-1.2880,-59.0000,1.4790,1.4830,65.0000
1785918786.9239,-1.4790,-1.4740,-64.0000,1.2940,1.2920,58.0000,-1.2940,-1.2990,-59.0000,1.4790,1.4800,65.0000
1785918786.9732,-1.4790,-1.4800,-64.0000,1.2940,1.2960,58.0000,-1.2940,-1.2870,-59.0000,1.4790,1.4730,66.0000
1785918787.0232,-1.4790,-1.4770,-64.0000,1.2940,1.2860,58.0000,-1.2940,-1.2980,-59.0000,1.4790,1.4870,65.0000
1785918787.0732,-1.4790,-1.4770,-64.0000,1.2940,1.2990,58.0000,-1.2940,-1.2830,-60.0000,1.4790,1.4640,66.0000
1785918787.1233,-1.4790,-1.4840,-64.0000,1.2940,1.2860,58.0000,-1.2940,-1.3050,-58.0000,1.4790,1.4960,64.0000
1785918787.1732,-1.4790,-1.4850,-63.0000,1.2940,1.3030,57.0000,-1.2940,-1.2820,-60.0000,1.4790,1.4650,66.0000
1785918787.2233,-1.4790,-1.4820,-64.0000,1.2940,1.2900,58.0000,-1.2940,-1.3030,-58.0000,1.4790,1.4960,64.0000
1785918787.2732,-1.4790,-1.4760,-64.0000,1.2940,1.2950,58.0000,-1.2940,-1.2820,-60.0000,1.4790,1.4670,66.0000
1785918787.3232,-1.4790,-1.4790,-64.0000,1.2940,1.2860,58.0000,-1.2940,-1.3100,-58.0000,1.4790,1.4840,65.0000
1785918787.3733,-1.4790,-1.4810,-64.0000,1.2940,1.3080,57.0000,-1.2940,-1.2880,-59.0000,1.4790,1.4690,66.0000
1785918787.4233,-1.4790,-1.4780,-64.0000,1.2940,1.2860,58.0000,-1.2940,-1.3040,-58.0000,1.4790,1.4810,65.0000
1785918787.4732,-1.4790,-1.4810,-64.0000,1.2940,1.3070,57.0000,-1.2940,-1.2860,-59.0000,1.4790,1.4830,65.0000
1785918787.5234,-1.4790,-1.4750,-64.0000,1.2940,1.2850,58.0000,-1.2940,-1.3100,-58.0000,1.4790,1.4670,66.0000
1785918787.5732,-1.4790,-1.4800,-64.0000,1.2940,1.3040,57.0000,-1.2940,-1.2880,-59.0000,1.4790,1.4920,65.0000
1785918787.6233,-1.4790,-1.4800,-64.0000,1.2940,1.2850,58.0000,-1.2940,-1.3050,-58.0000,1.4790,1.4700,66.0000
1785918787.6733,-1.4790,-1.4840,-63.0000,1.2940,1.3050,57.0000,-1.2940,-1.2870,-59.0000,1.4790,1.4980,64.0000
1785918787.7233,-1.4790,-1.4710,-64.0000,1.2940,1.2820,59.0000,-1.2940,-1.3020,-58.0000,1.4790,1.4750,65.0000
1785918787.7733,-1.4790,-1.4810,-64.0000,1.2940,1.3000,58.0000,-1.2940,-1.2910,-59.0000,1.4790,1.4950,64.0000
1785918787.8233,-1.4790,-1.4740,-64.0000,1.2940,1.2880,58.0000,-1.2940,-1.2980,-59.0000,1.4790,1.4730,65.0000
1785918787.8739,-1.4790,-1.4810,-64.0000,1.2940,1.2960,58.0000,-1.2940,-1.2890,-59.0000,1.4790,1.4800,65.0000
1785918787.9233,-1.4790,-1.4700,-64.0000,1.2940,1.2860,58.0000,-1.2940,-1.2930,-59.0000,1.4790,1.4780,65.0000
1785918787.9733,-1.4790,-1.4820,-64.0000,1.2940,1.3000,58.0000,-1.2940,-1.2940,-59.0000,1.4790,1.4760,65.0000
1785918788.0233,-1.4790,-1.4800,-64.0000,1.2940,1.2850,58.0000,-1.2940,-1.2880,-59.0000,1.4790,1.4900,64.0000
1785918788.0733,-1.4790,-1.4800,-64.0000,1.2940,1.2950,58.0000,-1.2940,-1.2930,-59.0000,1.4790,1.4710,66.0000
1785918788.1234,-1.4790,-1.4820,-64.0000,1.2940,1.2930,58.0000,-1.2940,-1.2870,-59.0000,1.4790,1.4940,64.0000
1785918788.1733,-1.4790,-1.4800,-64.0000,1.2940,1.2940,58.0000,-1.2940,-1.2920,-59.0000,1.4790,1.4670,66.0000
1785918788.2233,-1.4790,-1.4820,-64.0000,1.2940,1.2940,58.0000,-1.2940,-1.2800,-60.0000,1.4790,1.4890,64.0000
1785918788.2733,-1.4790,-1.4810,-64.0000,1.2940,1.2940,58.0000,-1.2940,-1.3020,-59.0000,1.4790,1.4740,65.0000
1785918788.3233,-1.4790,-1.4820,-64.0000,1.2940,1.2990,58.0000,-1.2940,-1.2810,-60.0000,1.4790,1.4920,64.0000
1785918788.3734,-1.4790,-1.4780,-64.0000,1.2940,1.2900,58.0000,-1.2940,-1.3040,-58.0000,1.4790,1.4750,65.0000
1785918788.4240,-1.4790,-1.4740,-64.0000,1.2940,1.3010,58.0000,-1.2940,-1.2790,-60.0000,1.4790,1.4840,65.0000
1785918788.4733,-1.4790,-1.4730,-64.0000,1.2940,1.2850,58.0000,-1.2940,-1.3070,-58.0000,1.4790,1.4780,65.0000
1785918788.5233,-1.4790,-1.4750,-64.0000,1.2940,1.3020,57.0000,-1.2940,-1.2850,-60.0000,1.4790,1.4760,65.0000
1785918788.5733,-1.4790,-1.4780,-64.0000,1.2940,1.2900,58.0000,-1.2940,-1.3090,-58.0000,1.4790,1.4820,65.0000
1785918788.6233,-1.4790,-1.4780,-64.0000,1.2940,1.3040,57.0000,-1.2940,-1.2920,-59.0000,1.4790,1.4660,66.0000
1785918788.6733,-1.4790,-1.4840,-63.0000,1.2940,1.2850,58.0000,-1.2940,-1.3090,-58.0000,1.4790,1.4860,64.0000
1785918788.7245,-1.4790,-1.4800,-64.0000,1.2940,1.3060,57.0000,-1.2940,-1.2930,-59.0000,1.4790,1.4670,66.0000
1785918788.7733,-1.4790,-1.4830,-64.0000,1.2940,1.2830,59.0000,-1.2940,-1.3100,-58.0000,1.4790,1.4980,64.0000
1785918788.8233,-1.4790,-1.4820,-64.0000,1.2940,1.3030,57.0000,-1.2940,-1.2930,-59.0000,1.4790,1.4670,66.0000
1785918788.8735,-1.4790,-1.4730,-64.0000,1.2940,1.2870,58.0000,-1.2940,-1.3040,-58.0000,1.4790,1.4830,65.0000
1785918788.9236,-1.4790,-1.4760,-64.0000,1.2940,1.3000,58.0000,-1.2940,-1.2900,-59.0000,1.4790,1.4790,65.0000
1785918788.9734,-1.4790,-1.4760,-64.0000,1.2940,1.2870,58.0000,-1.2940,-1.3020,-58.0000,1.4790,1.4810,65.0000
1785918789.0236,-1.4790,-1.4790,-64.0000,1.2940,1.2960,58.0000,-1.2940,-1.2910,-59.0000,1.4790,1.4850,64.0000
1785918789.0735,-1.4790,-1.4780,-64.0000,1.2940,1.2870,58.0000,-1.2940,-1.2920,-59.0000,1.4790,1.4580,66.0000
1785918789.1234,-1.4790,-1.4870,-63.0000,1.2940,1.3000,58.0000,-1.2940,-1.2910,-59.0000,1.4790,1.4870,64.0000
1785918789.1736,-1.4790,-1.4800,-64.0000,1.2940,1.2880,58.0000,-1.2940,-1.2940,-59.0000,1.4790,1.4520,67.0000
1785918789.2234,-1.4790,-1.4870,-63.0000,1.2940,1.2980,58.0000,-1.2940,-1.2920,-59.0000,1.4790,1.4900,64.0000
1785918789.2734,-1.4790,-1.4760,-64.0000,1.2940,1.2900,58.0000,-1.2940,-1.2890,-59.0000,1.4790,1.4540,67.0000
1785918789.3235,-1.4790,-1.4810,-64.0000,1.2940,1.2960,58.0000,-1.2940,-1.2940,-59.0000,1.4790,1.4860,65.0000
1785918789.3736,-1.4790,-1.4790,-64.0000,1.2940,1.2900,58.0000,-1.2940,-1.2840,-59.0000,1.4790,1.4740,66.0000
1785918789.4243,-1.4790,-1.4760,-64.0000,1.2940,1.2950,58.0000,-1.2940,-1.2970,-59.0000,1.4790,1.4940,65.0000
1785918789.4736,-1.4790,-1.4750,-64.0000,1.2940,1.2970,58.0000,-1.2940,-1.2810,-60.0000,1.4790,1.4830,65.0000
1785918789.5234,-1.4790,-1.4780,-64.0000,1.2940,1.2900,58.0000,-1.2940,-1.3000,-58.0000,1.4790,1.4810,65.0000
1785918789.5733,-1.4790,-1.4790,-64.0000,1.2940,1.3000,58.0000,-1.2940,-1.2770,-60.0000,1.4790,1.4870,65.0000
1785918789.6234,-1.4790,-1.4750,-64.0000,1.2940,1.2870,58.0000,-1.2940,-1.3050,-58.0000,1.4790,1.4690,66.0000
1785918789.6733,-1.4790,-1.4880,-63.0000,1.2940,1.3010,57.0000,-1.2940,-1.2780,-60.0000,1.4790,1.4890,64.0000
1785918789.7234,-1.4790,-1.4810,-63.0000,1.2940,1.2890,58.0000,-1.2940,-1.3040,-58.0000,1.4790,1.4670,66.0000
1785918789.7734,-1.4790,-1.4850,-63.0000,1.2940,1.3010,58.0000,-1.2940,-1.2890,-59.0000,1.4790,1.4900,64.0000
1785918789.8233,-1.4790,-1.4770,-64.0000,1.2940,1.2910,58.0000,-1.2940,-1.3080,-58.0000,1.4790,1.4730,65.0000
1785918789.8734,-1.4790,-1.4790,-64.0000,1.2940,1.3100,57.0000,-1.2940,-1.2870,-59.0000,1.4790,1.4890,65.0000
1785918789.9237,-1.4790,-1.4770,-64.0000,1.2940,1.2900,58.0000,-1.2940,-1.3070,-58.0000,1.4790,1.4740,65.0000
1785918789.9734,-1.4790,-1.4770,-64.0000,1.2940,1.3050,57.0000,-1.2940,-1.2870,-59.0000,1.4790,1.4850,65.0000
1785918790.0237,-1.4790,-1.4730,-64.0000,1.2940,1.2890,58.0000,-1.2940,-1.3100,-58.0000,1.4790,1.4830,65.0000
1785918790.0733,-1.4790,-1.4760,-64.0000,1.2940,1.3040,57.0000,-1.2940,-1.2870,-59.0000,1.4790,1.4660,66.0000
1785918790.1234,-1.4790,-1.4860,-63.0000,1.2940,1.2860,58.0000,-1.2940,-1.3060,-58.0000,1.4790,1.4910,64.0000
1785918790.1734,-1.4790,-1.4780,-64.0000,1.2940,1.3010,57.0000,-1.2940,-1.2930,-59.0000,1.4790,1.4660,66.0000
1785918790.2237,-1.4790,-1.4850,-63.0000,1.2940,1.2860,58.0000,-1.2940,-1.3000,-59.0000,1.4790,1.4900,64.0000
1785918790.2734,-1.4790,-1.4810,-63.0000,1.2940,1.2980,58.0000,-1.2940,-1.2910,-59.0000,1.4790,1.4630,66.0000
1785918790.3233,-1.4790,-1.4820,-63.0000,1.2940,1.2860,58.0000,-1.2940,-1.2940,-59.0000,1.4790,1.4930,64.0000
1785918790.3735,-1.4790,-1.4760,-64.0000,1.2940,1.2940,58.0000,-1.2940,-1.2930,-59.0000,1.4790,1.4700,66.0000
1785918790.4234,-1.4790,-1.4770,-64.0000,1.2940,1.2880,58.0000,-1.2940,-1.2910,-59.0000,1.4790,1.4930,64.0000
1785918790.4748,-1.4790,-1.4770,-64.0000,1.2940,1.2970,58.0000,-1.2940,-1.2910,-59.0000,1.4790,1.4710,66.0000
1785918790.5241,-1.4790,-1.4760,-64.0000,1.2940,1.2900,58.0000,-1.2940,-1.2860,-59.0000,1.4790,1.4750,65.0000
1785918790.5741,-1.4790,-1.4820,-63.0000,1.2940,1.2930,58.0000,-1.2940,-1.2970,-59.0000,1.4790,1.4820,65.0000
1785918790.6235,-1.4790,-1.4760,-64.0000,1.2940,1.2940,58.0000,-1.2940,-1.2820,-60.0000,1.4790,1.4700,66.0000
1785918790.6734,-1.4790,-1.4810,-63.0000,1.2940,1.2970,58.0000,-1.2940,-1.3000,-59.0000,1.4790,1.4900,64.0000
1785918790.7234,-1.4790,-1.4800,-64.0000,1.2940,1.2900,58.0000,-1.2940,-1.2830,-60.0000,1.4790,1.4710,66.0000
1785918790.7734,-1.4790,-1.4840,-63.0000,1.2940,1.2870,58.0000,-1.2940,-1.3040,-58.0000,1.4790,1.4980,64.0000
1785918790.8234,-1.4790,-1.4780,-64.0000,1.2940,1.2990,58.0000,-1.2940,-1.2790,-60.0000,1.4790,1.4660,66.0000
1785918790.8735,-1.4790,-1.4740,-64.0000,1.2940,1.2900,58.0000,-1.2940,-1.3040,-58.0000,1.4790,1.4890,64.0000
1785918790.9234,-1.4790,-1.4730,-64.0000,1.2940,1.3010,58.0000,-1.2940,-1.2800,-60.0000,1.4790,1.4810,65.0000
1785918790.9734,-1.4790,-1.4760,-64.0000,1.2940,1.2870,58.0000,-1.2940,-1.3050,-58.0000,1.4790,1.4860,65.0000
1785918791.0234,-1.5990,-1.4770,-74.0000,1.4140,1.3060,68.0000,-1.4140,-1.2850,-70.0000,1.5990,1.4840,75.0000
1785918791.0735,-2.1990,-1.9520,-101.0000,1.9320,1.7720,89.0000,-1.9320,-1.7530,-91.0000,2.1990,1.9340,104.0000
1785918791.1236,-2.2070,-2.2230,-92.0000,1.9320,1.9370,84.0000,-1.9320,-1.9710,-83.0000,2.2070,2.2550,91.0000
1785918791.1734,-2.2070,-2.2280,-93.0000,1.9320,1.9530,84.0000,-1.9320,-1.9410,-86.0000,2.2070,2.2500,93.0000
1785918791.2234,-2.2070,-2.2350,-93.0000,1.9320,1.9560,84.0000,-1.9320,-1.9750,-84.0000,2.2070,2.2520,93.0000
1785918791.2734,-2.2070,-2.2270,-93.0000,1.9320,1.9490,84.0000,-1.9320,-1.9780,-83.0000,2.2070,2.2300,94.0000
1785918791.3234,-2.2070,-2.2300,-92.0000,1.9320,1.9480,84.0000,-1.9320,-1.9420,-85.0000,2.2070,2.2170,95.0000
1785918791.3734,-2.2070,-2.2280,-92.0000,1.9320,1.9540,83.0000,-1.9320,-1.9380,-85.0000,2.2070,2.2240,94.0000
1785918791.4234,-2.2070,-2.2220,-92.0000,1.9320,1.9450,84.0000,-1.9320,-1.9650,-83.0000,2.2070,2.2260,93.0000
1785918791.4734,-2.2070,-2.2260,-92.0000,1.9320,1.9340,84.0000,-1.9320,-1.9560,-83.0000,2.2070,2.2450,92.0000
1785918791.5235,-2.2070,-2.2140,-93.0000,1.9320,1.9450,83.0000,-1.9320,-1.9310,-85.0000,2.2070,2.2210,93.0000
1785918791.5734,-2.2070,-2.2150,-92.0000,1.9320,1.9460,83.0000,-1.9320,-1.9440,-84.0000,2.2070,2.2070,94.0000
1785918791.6235,-2.2070,-2.2140,-92.0000,1.9320,1.9360,84.0000,-1.9320,-1.9580,-83.0000,2.2070,2.1990,94.0000
1785918791.6735,-2.2070,-2.2180,-92.0000,1.9320,1.9340,84.0000,-1.9320,-1.9350,-84.0000,2.2070,2.2210,93.0000
1785918791.7234,-2.2070,-2.2140,-92.0000,1.9320,1.9450,83.0000,-1.9320,-1.9260,-84.0000,2.2070,2.2250,92.0000
1785918791.7737,-2.2070,-2.2100,-92.0000,1.9320,1.9340,83.0000,-1.9320,-1.9500,-83.0000,2.2070,2.2250,92.0000
1785918791.8234,-2.2070,-2.2090,-92.0000,1.9320,1.9290,84.0000,-1.9320,-1.9470,-83.0000,2.2070,2.1980,94.0000
1785918791.8735,-2.2070,-2.2030,-93.0000,1.9320,1.9330,83.0000,-1.9320,-1.9230,-84.0000,2.2070,2.2030,94.0000
1785918791.9234,-2.2070,-2.2150,-92.0000,1.9320,1.9420,83.0000,-1.9320,-1.9310,-84.0000,2.2070,2.2090,93.0000
1785918791.9735,-2.2070,-2.2130,-92.0000,1.9320,1.9310,83.0000,-1.9320,-1.9520,-82.0000,2.2070,2.2280,92.0000
1785918792.0235,-2.2070,-2.2090,-92.0000,1.9320,1.9320,83.0000,-1.9320,-1.9340,-84.0000,2.2070,2.2230,92.0000
1785918792.0735,-2.2070,-2.2110,-92.0000,1.9320,1.9400,83.0000,-1.9320,-1.9170,-84.0000,2.2070,2.2160,92.0000
1785918792.1235,-2.2070,-2.2120,-92.0000,1.9320,1.9340,83.0000,-1.9320,-1.9450,-83.0000,2.2070,2.1990,93.0000
1785918792.1735,-2.2070,-2.2150,-92.0000,1.9320,1.9260,84.0000,-1.9320,-1.9440,-83.0000,2.2070,2.1870,94.0000
1785918792.2235,-2.2070,-2.2100,-92.0000,1.9320,1.9370,83.0000,-1.9320,-1.9210,-84.0000,2.2070,2.2080,93.0000
1785918792.2735,-2.2070,-2.2080,-92.0000,1.9320,1.9370,83.0000,-1.9320,-1.9300,-84.0000,2.2070,2.2210,92.0000
1785918792.3234,-2.2070,-2.2090,-92.0000,1.9320,1.9280,83.0000,-1.9320,-1.9510,-82.0000,2.2070,2.2200,92.0000
1785918792.3735,-2.2070,-2.2060,-92.0000,1.9320,1.9290,83.0000,-1.9320,-1.9320,-83.0000,2.2070,2.2060,93.0000
1785918792.4236,-2.2070,-2.2110,-92.0000,1.9320,1.9360,83.0000,-1.9320,-1.9180,-84.0000,2.2070,2.1950,93.0000
1785918792.4735,-2.2070,-2.2080,-92.0000,1.9320,1.9330,83.0000,-1.9320,-1.9400,-83.0000,2.2070,2.2000,93.0000
1785918792.5235,-2.2070,-2.2080,-92.0000,1.9320,1.9270,84.0000,-1.9320,-1.9450,-83.0000,2.2070,2.2220,92.0000
1785918792.5735,-2.2070,-2.2080,-92.0000,1.9320,1.9340,83.0000,-1.9320,-1.9210,-84.0000,2.2070,2.2270,91.0000
1785918792.6235,-2.2070,-2.2060,-92.0000,1.9320,1.9390,83.0000,-1.9320,-1.9220,-84.0000,2.2070,2.2130,92.0000
1785918792.6735,-2.2070,-2.2030,-92.0000,1.9320,1.9280,83.0000,-1.9320,-1.9490,-82.0000,2.2070,2.2000,93.0000
1785918792.7237,-2.2070,-2.2060,-92.0000,1.9320,1.9260,84.0000,-1.9320,-1.9300,-83.0000,2.2070,2.1990,93.0000
1785918792.7735,-2.2070,-2.2080,-92.0000,1.9320,1.9420,83.0000,-1.9320,-1.9130,-85.0000,2.2070,2.2090,92.0000
1785918792.8235,-2.2070,-2.2090,-92.0000,1.9320,1.9290,83.0000,-1.9320,-1.9390,-83.0000,2.2070,2.2210,92.0000
1785918792.8735,-2.2070,-2.2050,-92.0000,1.9320,1.9240,84.0000,-1.9320,-1.9460,-83.0000,2.2070,2.2180,92.0000
1785918792.9235,-2.2070,-2.2030,-92.0000,1.9320,1.9340,83.0000,-1.9320,-1.9180,-84.0000,2.2070,2.1990,93.0000
1785918792.9735,-2.2070,-2.2030,-92.0000,1.9320,1.9370,83.0000,-1.9320,-1.9230,-84.0000,2.2070,2.1850,94.0000
1785918793.0241,-2.2070,-2.2060,-92.0000,1.9320,1.9260,84.0000,-1.9320,-1.9500,-82.0000,2.2070,2.1940,93.0000
1785918793.0735,-2.2070,-2.2070,-92.0000,1.9320,1.9250,84.0000,-1.9320,-1.9320,-83.0000,2.2070,2.2070,93.0000
1785918793.1236,-2.2070,-2.2110,-92.0000,1.9320,1.9360,83.0000,-1.9320,-1.9110,-85.0000,2.2070,2.2140,92.0000
1785918793.1735,-2.2070,-2.2080,-92.0000,1.9320,1.9340,83.0000,-1.9320,-1.9340,-83.0000,2.2070,2.2060,93.0000
1785918793.2235,-2.2070,-2.2040,-92.0000,1.9320,1.9260,84.0000,-1.9320,-1.9520,-82.0000,2.2070,2.1870,94.0000
1785918793.2735,-2.2070,-2.2040,-92.0000,1.9320,1.9360,83.0000,-1.9320,-1.9210,-84.0000,2.2070,2.1950,94.0000
1785918793.3243,-2.2070,-2.2070,-92.0000,1.9320,1.9390,83.0000,-1.9320,-1.9230,-84.0000,2.2070,2.2040,93.0000
1785918793.3735,-2.2070,-2.2090,-92.0000,1.9320,1.9290,83.0000,-1.9320,-1.9480,-82.0000,2.2070,2.2170,92.0000
1785918793.4235,-2.2070,-2.2050,-92.0000,1.9320,1.9260,84.0000,-1.9320,-1.9310,-83.0000,2.2070,2.2170,92.0000
1785918793.4735,-2.2070,-2.2040,-92.0000,1.9320,1.9370,83.0000,-1.9320,-1.9160,-84.0000,2.2070,2.2030,93.0000
1785918793.5235,-2.2070,-2.2090,-92.0000,1.9320,1.9340,83.0000,-1.9320,-1.9380,-83.0000,2.2070,2.1920,94.0000
1785918793.5735,-2.2070,-2.2020,-92.0000,1.9320,1.9280,83.0000,-1.9320,-1.9490,-82.0000,2.2070,2.1970,94.0000
1785918793.6236,-2.2070,-2.2060,-92.0000,1.9320,1.9330,83.0000,-1.9320,-1.9220,-84.0000,2.2070,2.2220,92.0000
1785918793.6735,-2.2070,-2.2090,-92.0000,1.9320,1.9340,83.0000,-1.9320,-1.9190,-84.0000,2.2070,2.2260,92.0000
1785918793.7236,-2.2070,-2.2070,-92.0000,1.9320,1.9340,83.0000,-1.9320,-1.9490,-82.0000,2.2070,2.2100,93.0000
1785918793.7735,-2.2070,-2.1980,-93.0000,1.9320,1.9300,83.0000,-1.9320,-1.9320,-83.0000,2.2070,2.1920,94.0000
1785918793.8235,-2.2070,-2.2060,-92.0000,1.9320,1.9370,83.0000,-1.9320,-1.9140,-85.0000,2.2070,2.1890,94.0000
1785918793.8736,-2.2070,-2.2020,-92.0000,1.9320,1.9340,83.0000,-1.9320,-1.9370,-83.0000,2.2070,2.2090,93.0000
1785918793.9236,-2.2070,-2.2100,-92.0000,1.9320,1.9280,83.0000,-1.9320,-1.9450,-83.0000,2.2070,2.2300,92.0000
1785918793.9735,-2.2070,-2.2040,-92.0000,1.9320,1.9310,83.0000,-1.9320,-1.9150,-85.0000,2.2070,2.2230,92.0000
1785918794.0235,-2.2070,-2.2020,-93.0000,1.9320,1.9370,83.0000,-1.9320,-1.9280,-84.0000,2.2070,2.2120,93.0000
1785918794.0736,-2.2070,-2.2070,-92.0000,1.9320,1.9300,83.0000,-1.9320,-1.9480,-83.0000,2.2070,2.1940,94.0000
1785918794.1236,-2.2070,-2.2060,-92.0000,1.9320,1.9250,84.0000,-1.9320,-1.9400,-83.0000,2.2070,2.1970,94.0000
1785918794.1736,-2.2070,-2.2100,-92.0000,1.9320,1.9380,83.0000,-1.9320,-1.9140,-85.0000,2.2070,2.2140,93.0000
1785918794.2236,-2.2070,-2.2100,-92.0000,1.9320,1.9320,83.0000,-1.9320,-1.9350,-83.0000,2.2070,2.2220,92.0000
1785918794.2736,-2.2070,-2.2020,-93.0000,1.9320,1.9320,83.0000,-1.9320,-1.9520,-82.0000,2.2070,2.2110,93.0000
1785918794.3236,-2.2070,-2.2020,-93.0000,1.9320,1.9320,83.0000,-1.9320,-1.9200,-84.0000,2.2070,2.1970,94.0000
1785918794.3736,-2.2070,-2.2090,-92.0000,1.9320,1.9420,83.0000,-1.9320,-1.9160,-84.0000,2.2070,2.1900,94.0000
1785918794.4236,-2.2070,-2.2070,-92.0000,1.9320,1.9340,83.0000,-1.9320,-1.9430,-83.0000,2.2070,2.2100,93.0000
1785918794.4736,-2.2070,-2.2090,-92.0000,1.9320,1.9310,83.0000,-1.9320,-1.9430,-83.0000,2.2070,2.2320,91.0000
1785918794.5246,-2.2070,-2.2110,-92.0000,1.9320,1.9350,83.0000,-1.9320,-1.9150,-85.0000,2.2070,2.2190,92.0000
1785918794.5747,-2.2070,-2.2020,-93.0000,1.9320,1.9360,83.0000,-1.9320,-1.9350,-83.0000,2.2070,2.1950,93.0000
1785918794.6247,-2.2070,-2.2090,-92.0000,1.9320,1.9320,83.0000,-1.9320,-1.9480,-82.0000,2.2070,2.1820,94.0000
1785918794.6746,-2.2070,-2.2080,-92.0000,1.9320,1.9290,83.0000,-1.9320,-1.9190,-84.0000,2.2070,2.1930,94.0000
1785918794.7246,-2.2070,-2.2090,-92.0000,1.9320,1.9400,82.0000,-1.9320,-1.9200,-84.0000,2.2070,2.2160,92.0000
1785918794.7747,-2.2070,-2.2150,-92.0000,1.9320,1.9320,83.0000,-1.9320,-1.9520,-82.0000,2.2070,2.2280,92.0000
1785918794.8247,-2.2070,-2.2020,-93.0000,1.9320,1.9300,83.0000,-1.9320,-1.9410,-83.0000,2.2070,2.2160,92.0000
1785918794.8747,-2.2070,-2.2010,-93.0000,1.9320,1.9350,83.0000,-1.9320,-1.9130,-85.0000,2.2070,2.2010,93.0000
1785918794.9247,-2.2070,-2.2090,-92.0000,1.9320,1.9360,83.0000,-1.9320,-1.9350,-83.0000,2.2070,2.1950,94.0000
1785918794.9746,-2.2070,-2.2110,-92.0000,1.9320,1.9270,83.0000,-1.9320,-1.9520,-82.0000,2.2070,2.2080,93.0000
1785918795.0246,-2.2070,-2.2080,-92.0000,1.9320,1.9290,83.0000,-1.9320,-1.9220,-84.0000,2.2070,2.2280,92.0000
1785918795.0747,-2.2070,-2.2030,-93.0000,1.9320,1.9410,82.0000,-1.9320,-1.9190,-84.0000,2.2070,2.2130,92.0000
1785918795.1248,-2.2070,-2.2020,-93.0000,1.9320,1.9330,83.0000,-1.9320,-1.9490,-82.0000,2.2070,2.1990,93.0000
1785918795.1748,-2.2070,-2.2050,-93.0000,1.9320,1.9260,83.0000,-1.9320,-1.9370,-83.0000,2.2070,2.1900,94.0000
1785918795.2247,-2.2070,-2.2080,-92.0000,1.9320,1.9320,83.0000,-1.9320,-1.9100,-85.0000,2.2070,2.2000,93.0000
1785918795.2747,-2.2070,-2.2150,-92.0000,1.9320,1.9380,82.0000,-1.9320,-1.9380,-83.0000,2.2070,2.2190,92.0000
1785918795.3247,-2.2070,-2.2050,-92.0000,1.9320,1.9260,83.0000,-1.9320,-1.9540,-82.0000,2.2070,2.2250,92.0000
1785918795.3747,-2.2070,-2.2010,-93.0000,1.9320,1.9300,83.0000,-1.9320,-1.9280,-83.0000,2.2070,2.2070,93.0000
1785918795.4247,-2.2070,-2.2040,-93.0000,1.9320,1.9390,82.0000,-1.9320,-1.9140,-84.0000,2.2070,2.1930,94.0000
1785918795.4746,-2.2070,-2.2110,-92.0000,1.9320,1.9280,83.0000,-1.9320,-1.9450,-82.0000,2.2070,2.1980,93.0000
1785918795.5246,-2.2070,-2.2040,-92.0000,1.9320,1.9290,83.0000,-1.9320,-1.9390,-83.0000,2.2070,2.2110,93.0000
1785918795.5746,-2.2070,-2.2120,-92.0000,1.9320,1.9370,83.0000,-1.9320,-1.9160,-84.0000,2.2070,2.2260,92.0000
1785918795.6246,-2.2070,-2.2030,-93.0000,1.9320,1.9370,83.0000,-1.9320,-1.9320,-83.0000,2.2070,2.2160,92.0000
1785918795.6746,-2.2070,-2.2010,-93.0000,1.9320,1.9230,83.0000,-1.9320,-1.9450,-82.0000,2.2070,2.2040,93.0000
1785918795.7246,-2.2070,-2.2070,-92.0000,1.9320,1.9320,83.0000,-1.9320,-1.9270,-84.0000,2.2070,2.1920,94.0000
1785918795.7746,-2.2070,-2.2100,-92.0000,1.9320,1.9340,83.0000,-1.9320,-1.9190,-84.0000,2.2070,2.1940,93.0000
1785918795.8247,-2.2070,-2.2100,-92.0000,1.9320,1.9300,83.0000,-1.9320,-1.9380,-83.0000,2.2070,2.2160,92.0000
1785918795.8746,-2.2070,-2.2110,-92.0000,1.9320,1.9260,83.0000,-1.9320,-1.9440,-83.0000,2.2070,2.2210,92.0000
1785918795.9254,-2.2070,-2.2040,-93.0000,1.9320,1.9360,83.0000,-1.9320,-1.9140,-84.0000,2.2070,2.2210,92.0000
1785918795.9747,-2.2070,-2.2020,-93.0000,1.9320,1.9370,83.0000,-1.9320,-1.9300,-83.0000,2.2070,2.1930,93.0000
1785918796.0246,-2.2070,-2.2070,-92.0000,1.9320,1.9330,83.0000,-1.9320,-1.9470,-82.0000,2.2070,2.1890,94.0000
1785918796.0746,-2.2070,-2.2100,-92.0000,1.9320,1.9250,83.0000,-1.9320,-1.9300,-83.0000,2.2070,2.2090,93.0000
1785918796.1247,-2.2070,-2.2140,-92.0000,1.9320,1.9310,83.0000,-1.9320,-1.9180,-84.0000,2.2070,2.2210,92.0000
1785918796.1747,-2.2070,-2.2080,-92.0000,1.9320,1.9350,83.0000,-1.9320,-1.9380,-83.0000,2.2070,2.2210,92.0000
1785918796.2247,-2.2070,-2.2060,-92.0000,1.9320,1.9280,83.0000,-1.9320,-1.9440,-83.0000,2.2070,2.2060,93.0000
1785918796.2746,-2.2070,-2.2070,-92.0000,1.9320,1.9360,83.0000,-1.9320,-1.9150,-84.0000,2.2070,2.1990,93.0000
1785918796.3246,-2.2070,-2.2050,-92.0000,1.9320,1.9400,82.0000,-1.9320,-1.9250,-84.0000,2.2070,2.2100,92.0000
1785918796.3746,-2.2070,-2.2140,-92.0000,1.9320,1.9300,83.0000,-1.9320,-1.9480,-82.0000,2.2070,2.2330,91.0000
1785918796.4247,-2.2070,-2.2080,-92.0000,1.9320,1.9260,83.0000,-1.9320,-1.9280,-84.0000,2.2070,2.2340,91.0000
1785918796.4753,-2.2070,-2.2030,-93.0000,1.9320,1.9380,83.0000,-1.9320,-1.9150,-84.0000,2.2070,2.2190,91.0000
1785918796.5250,-2.2070,-2.2040,-92.0000,1.9320,1.9380,82.0000,-1.9320,-1.9410,-83.0000,2.2070,2.1990,92.0000
1785918796.5747,-2.2070,-2.2110,-92.0000,1.9320,1.9320,83.0000,-1.9320,-1.9480,-82.0000,2.2070,2.1900,93.0000
1785918796.6247,-2.2070,-2.2090,-92.0000,1.9320,1.9310,83.0000,-1.9320,-1.9150,-84.0000,2.2070,2.2040,92.0000
1785918796.6746,-2.2070,-2.2090,-92.0000,1.9320,1.9400,82.0000,-1.9320,-1.9240,-84.0000,2.2070,2.2180,91.0000
1785918796.7247,-2.2070,-2.2070,-92.0000,1.9320,1.9280,83.0000,-1.9320,-1.9500,-82.0000,2.2070,2.2270,91.0000
1785918796.7754,-2.2070,-2.1990,-93.0000,1.9320,1.9210,83.0000,-1.9320,-1.9310,-84.0000,2.2070,2.2080,92.0000
1785918796.8254,-2.2070,-2.2040,-93.0000,1.9320,1.9390,82.0000,-1.9320,-1.9140,-85.0000,2.2070,2.1920,93.0000
1785918796.8760,-2.2070,-2.2120,-92.0000,1.9320,1.9320,83.0000,-1.9320,-1.9450,-83.0000,2.2070,2.1930,93.0000
1785918796.9263,-2.2070,-2.2060,-92.0000,1.9320,1.9220,83.0000,-1.9320,-1.9440,-83.0000,2.2070,2.2150,91.0000
1785918796.9763,-2.2070,-2.2140,-92.0000,1.9320,1.9340,83.0000,-1.9320,-1.9200,-84.0000,2.2070,2.2210,91.0000
1785918797.0257,-2.2070,-2.2080,-92.0000,1.9320,1.9430,82.0000,-1.9320,-1.9310,-84.0000,2.2070,2.2160,91.0000
1785918797.0756,-1.6070,-1.9190,-56.0000,1.3320,1.6420,46.0000,-1.3320,-1.7370,-41.0000,1.6070,1.9150,55.0000
1785918797.1257,-1.0070,-1.2840,-34.0000,0.7320,1.0090,23.0000,-0.7320,-1.0780,-19.0000,1.0070,1.2960,32.0000
1785918797.1756,-0.4070,-0.7000,-7.0000,0.1320,0.4010,-6.0000,-0.1320,-0.4500,10.0000,0.4070,0.7050,5.0000
1785918797.2257,0.1930,-0.0390,30.0000,-0.4680,-0.3100,-38.0000,0.4680,0.2760,42.0000,-0.1930,0.0230,-32.0000
1785918797.2757,0.7930,0.6570,51.0000,-1.0680,-0.9280,-63.0000,1.0680,0.8920,67.0000,-0.7930,-0.6570,-53.0000
1785918797.3257,1.3930,1.2520,75.0000,-1.6680,-1.5550,-86.0000,1.6680,1.5190,91.0000,-1.3930,-1.2930,-76.0000
1785918797.3757,1.9930,1.8700,99.0000,-1.9320,-2.0630,-87.0000,1.9320,2.0790,88.0000,-1.9930,-1.8930,-101.0000
1785918797.4257,2.2070,2.3680,95.0000,-1.9320,-2.0670,-89.0000,1.9320,2.0720,91.0000,-2.2070,-2.3880,-97.0000
1785918797.4757,2.2070,2.3440,98.0000,-1.9320,-2.0760,-88.0000,1.9320,2.0740,90.0000,-2.2070,-2.3750,-99.0000
1785918797.5257,2.2070,2.3430,97.0000,-1.9320,-2.0620,-87.0000,1.9320,2.0830,88.0000,-2.2070,-2.3870,-97.0000
1785918797.5757,2.2070,2.3320,96.0000,-1.9320,-2.0300,-87.0000,1.9320,2.0590,87.0000,-2.2070,-2.3770,-95.0000
1785918797.6257,2.2070,2.3200,95.0000,-1.9320,-2.0270,-86.0000,1.9320,2.0140,89.0000,-2.2070,-2.3660,-94.0000
1785918797.6757,2.2070,2.2980,95.0000,-1.9320,-2.0180,-85.0000,1.9320,2.0060,88.0000,-2.2070,-2.3370,-94.0000
1785918797.7257,2.2070,2.2900,94.0000,-1.9320,-2.0050,-85.0000,1.9320,2.0210,86.0000,-2.2070,-2.3050,-94.0000
1785918797.7757,2.2070,2.2800,94.0000,-1.9320,-1.9900,-85.0000,1.9320,2.0040,86.0000,-2.2070,-2.2750,-94.0000
1785918797.8257,2.2070,2.2720,93.0000,-1.9320,-1.9800,-85.0000,1.9320,1.9700,87.0000,-2.2070,-2.2590,-94.0000
1785918797.8757,2.2070,2.2570,94.0000,-1.9320,-1.9830,-84.0000,1.9320,1.9720,86.0000,-2.2070,-2.2720,-92.0000
1785918797.9257,2.2070,2.2470,93.0000,-1.9320,-1.9710,-84.0000,1.9320,1.9940,84.0000,-2.2070,-2.2690,-92.0000
1785918797.9757,2.2070,2.2450,93.0000,-1.9320,-1.9560,-84.0000,1.9320,1.9680,85.0000,-2.2070,-2.2700,-91.0000
1785918798.0257,2.2070,2.2390,93.0000,-1.9320,-1.9470,-84.0000,1.9320,1.9430,86.0000,-2.2070,-2.2540,-91.0000
1785918798.0757,2.2070,2.2450,92.0000,-1.9320,-1.9510,-84.0000,1.9320,1.9610,84.0000,-2.2070,-2.2300,-92.0000
1785918798.1258,2.2070,2.2330,92.0000,-1.9320,-1.9480,-84.0000,1.9320,1.9680,84.0000,-2.2070,-2.2200,-92.0000
1785918798.1757,2.2070,2.2280,92.0000,-1.9320,-1.9490,-83.0000,1.9320,1.9420,85.0000,-2.2070,-2.2240,-92.0000
1785918798.2257,2.2070,2.2240,92.0000,-1.9320,-1.9370,-84.0000,1.9320,1.9350,85.0000,-2.2070,-2.2370,-91.0000
1785918798.2757,2.2070,2.2290,92.0000,-1.9320,-1.9460,-83.0000,1.9320,1.9620,83.0000,-2.2070,-2.2410,-90.0000
1785918798.3257,2.2070,2.2260,92.0000,-1.9320,-1.9390,-83.0000,1.9320,1.9560,83.0000,-2.2070,-2.2160,-91.0000
1785918798.3757,2.2070,2.2240,92.0000,-1.9320,-1.9330,-84.0000,1.9320,1.9190,85.0000,-2.2070,-2.2070,-92.0000
1785918798.4257,2.2070,2.2190,92.0000,-1.9320,-1.9370,-83.0000,1.9320,1.9430,84.0000,-2.2070,-2.2110,-91.0000
1785918798.4760,2.2070,2.2150,92.0000,-1.9320,-1.9370,-83.0000,1.9320,1.9580,83.0000,-2.2070,-2.2240,-90.0000
1785918798.5258,2.2070,2.2140,92.0000,-1.9320,-1.9380,-83.0000,1.9320,1.9340,84.0000,-2.2070,-2.2410,-89.0000
1785918798.5757,2.2070,2.2210,91.0000,-1.9320,-1.9320,-84.0000,1.9320,1.9180,85.0000,-2.2070,-2.2260,-90.0000
1785918798.6257,2.2070,2.2090,92.0000,-1.9320,-1.9380,-83.0000,1.9320,1.9470,83.0000,-2.2070,-2.2120,-90.0000
1785918798.6757,2.2070,2.2110,91.0000,-1.9320,-1.9380,-83.0000,1.9320,1.9500,83.0000,-2.2070,-2.1980,-91.0000
1785918798.7258,2.2070,2.2050,92.0000,-1.9320,-1.9300,-84.0000,1.9320,1.9200,85.0000,-2.2070,-2.1970,-91.0000
1785918798.7757,2.2070,2.2070,92.0000,-1.9320,-1.9320,-83.0000,1.9320,1.9340,84.0000,-2.2070,-2.2220,-90.0000
1785918798.8258,2.2070,2.2060,92.0000,-1.9320,-1.9370,-83.0000,1.9320,1.9550,83.0000,-2.2070,-2.2240,-89.0000
1785918798.8764,2.2070,2.2060,92.0000,-1.9320,-1.9320,-83.0000,1.9320,1.9320,84.0000,-2.2070,-2.2180,-90.0000
1785918798.9258,2.2070,2.2100,91.0000,-1.9320,-1.9310,-83.0000,1.9320,1.9190,85.0000,-2.2070,-2.1990,-91.0000
1785918798.9757,2.2070,2.2090,91.0000,-1.9320,-1.9300,-83.0000,1.9320,1.9430,83.0000,-2.2070,-2.1930,-91.0000
1785918799.0258,2.2070,2.2030,92.0000,-1.9320,-1.9380,-83.0000,1.9320,1.9530,82.0000,-2.2070,-2.2020,-91.0000
1785918799.0758,2.2070,2.2040,92.0000,-1.9320,-1.9290,-84.0000,1.9320,1.9180,85.0000,-2.2070,-2.2200,-89.0000
1785918799.1259,2.2070,2.2150,91.0000,-1.9320,-1.9360,-83.0000,1.9320,1.9270,84.0000,-2.2070,-2.2180,-90.0000
1785918799.1759,2.2070,2.2080,91.0000,-1.9320,-1.9310,-83.0000,1.9320,1.9540,82.0000,-2.2070,-2.2090,-90.0000
1785918799.2258,2.2070,2.2120,91.0000,-1.9320,-1.9310,-83.0000,1.9320,1.9350,83.0000,-2.2070,-2.1920,-91.0000
1785918799.2757,2.2070,2.2090,91.0000,-1.9320,-1.9330,-83.0000,1.9320,1.9170,85.0000,-2.2070,-2.2030,-90.0000
1785918799.3258,2.2070,2.2070,91.0000,-1.9320,-1.9350,-83.0000,1.9320,1.9360,83.0000,-2.2070,-2.2200,-89.0000
1785918799.3758,2.2070,2.2060,91.0000,-1.9320,-1.9330,-83.0000,1.9320,1.9490,83.0000,-2.2070,-2.2300,-89.0000
1785918799.4258,2.2070,2.2010,92.0000,-1.9320,-1.9320,-83.0000,1.9320,1.9220,84.0000,-2.2070,-2.2110,-90.0000
1785918799.4757,2.2070,2.2070,91.0000,-1.9320,-1.9270,-84.0000,1.9320,1.9240,84.0000,-2.2070,-2.1970,-91.0000
1785918799.5259,2.2070,2.2100,91.0000,-1.9320,-1.9370,-83.0000,1.9320,1.9470,83.0000,-2.2070,-2.1980,-91.0000
1785918799.5758,2.2070,2.2090,91.0000,-1.9320,-1.9330,-83.0000,1.9320,1.9330,83.0000,-2.2070,-2.2130,-90.0000
1785918799.6258,2.2070,2.2080,91.0000,-1.9320,-1.9360,-83.0000,1.9320,1.9120,85.0000,-2.2070,-2.2230,-89.0000
1785918799.6758,2.2070,2.2040,92.0000,-1.9320,-1.9340,-83.0000,1.9320,1.9380,83.0000,-2.2070,-2.2170,-89.0000
1785918799.7258,2.2070,2.2130,91.0000,-1.9320,-1.9370,-83.0000,1.9320,1.9460,83.0000,-2.2070,-2.1970,-91.0000
1785918799.7758,2.2070,2.2120,91.0000,-1.9320,-1.9290,-83.0000,1.9320,1.9210,84.0000,-2.2070,-2.1880,-91.0000
1785918799.8258,2.2070,2.2060,92.0000,-1.9320,-1.9290,-83.0000,1.9320,1.9180,84.0000,-2.2070,-2.1950,-91.0000
1785918799.8758,2.2070,2.2050,92.0000,-1.9320,-1.9380,-83.0000,1.9320,1.9490,83.0000,-2.2070,-2.2130,-90.0000
1785918799.9258,2.2070,2.2080,91.0000,-1.9320,-1.9280,-84.0000,1.9320,1.9410,83.0000,-2.2070,-2.2230,-89.0000
1785918799.9758,2.2070,2.2130,91.0000,-1.9320,-1.9310,-83.0000,1.9320,1.9120,85.0000,-2.2070,-2.2060,-90.0000
1785918800.0258,2.2070,2.2100,91.0000,-1.9320,-1.9370,-83.0000,1.9320,1.9370,83.0000,-2.2070,-2.1910,-91.0000
1785918800.0758,2.2070,2.2050,91.0000,-1.9320,-1.9330,-83.0000,1.9320,1.9520,82.0000,-2.2070,-2.1920,-91.0000
1785918800.1266,2.2070,2.2070,91.0000,-1.9320,-1.9350,-83.0000,1.9320,1.9180,84.0000,-2.2070,-2.2100,-90.0000
1785918800.1758,2.2070,2.2040,92.0000,-1.9320,-1.9330,-83.0000,1.9320,1.9230,84.0000,-2.2070,-2.2300,-89.0000
1785918800.2258,2.2070,2.2070,91.0000,-1.9320,-1.9330,-83.0000,1.9320,1.9460,83.0000,-2.2070,-2.2240,-89.0000
1785918800.2758,2.2070,2.2100,91.0000,-1.9320,-1.9320,-83.0000,1.9320,1.9380,83.0000,-2.2070,-2.2030,-90.0000
1785918800.3258,2.2070,2.2110,91.0000,-1.9320,-1.9300,-83.0000,1.9320,1.9130,85.0000,-2.2070,-2.1920,-91.0000
1785918800.3759,2.2070,2.2000,92.0000,-1.9320,-1.9390,-83.0000,1.9320,1.9350,83.0000,-2.2070,-2.1960,-91.0000
1785918800.4264,2.2070,2.2050,92.0000,-1.9320,-1.9330,-83.0000,1.9320,1.9530,82.0000,-2.2070,-2.2190,-89.0000
1785918800.4758,2.2070,2.2050,92.0000,-1.9320,-1.9280,-83.0000,1.9320,1.9210,84.0000,-2.2070,-2.2250,-89.0000
1785918800.5258,2.2070,2.2050,92.0000,-1.9320,-1.9320,-83.0000,1.9320,1.9210,84.0000,-2.2070,-2.2120,-90.0000
1785918800.5758,2.2070,2.2060,91.0000,-1.9320,-1.9340,-83.0000,1.9320,1.9520,82.0000,-2.2070,-2.1940,-91.0000
1785918800.6259,2.2070,2.2090,91.0000,-1.9320,-1.9320,-83.0000,1.9320,1.9380,83.0000,-2.2070,-2.2000,-90.0000
1785918800.6758,2.2070,2.2060,91.0000,-1.9320,-1.9260,-83.0000,1.9320,1.9140,84.0000,-2.2070,-2.2030,-90.0000
1785918800.7261,2.2070,2.2040,92.0000,-1.9320,-1.9300,-83.0000,1.9320,1.9350,83.0000,-2.2070,-2.2150,-89.0000
1785918800.7758,2.2070,2.2060,91.0000,-1.9320,-1.9300,-83.0000,1.9320,1.9530,82.0000,-2.2070,-2.2150,-89.0000
1785918800.8259,2.2070,2.2130,91.0000,-1.9320,-1.9330,-83.0000,1.9320,1.9210,84.0000,-2.2070,-2.1950,-91.0000
1785918800.8759,2.2070,2.2070,91.0000,-1.9320,-1.9330,-83.0000,1.9320,1.9200,84.0000,-2.2070,-2.1820,-92.0000
1785918800.9259,2.2070,2.2050,92.0000,-1.9320,-1.9320,-83.0000,1.9320,1.9470,83.0000,-2.2070,-2.2050,-90.0000
1785918800.9758,2.2070,2.2040,92.0000,-1.9320,-1.9300,-83.0000,1.9320,1.9410,83.0000,-2.2070,-2.2140,-90.0000
1785918801.0259,2.2070,2.2130,91.0000,-1.9320,-1.9270,-83.0000,1.9320,1.9120,85.0000,-2.2070,-2.2310,-89.0000
1785918801.0759,2.2070,2.2080,91.0000,-1.9320,-1.9350,-83.0000,1.9320,1.9330,83.0000,-2.2070,-2.2110,-90.0000
1785918801.1265,2.2070,2.2100,91.0000,-1.9320,-1.9320,-83.0000,1.9320,1.9480,82.0000,-2.2070,-2.1910,-91.0000
1785918801.1760,2.2070,2.2040,92.0000,-1.9320,-1.9290,-83.0000,1.9320,1.9280,84.0000,-2.2070,-2.1940,-91.0000
1785918801.2259,2.2070,2.2010,92.0000,-1.9320,-1.9300,-83.0000,1.9320,1.9190,84.0000,-2.2070,-2.2120,-90.0000
1785918801.2759,2.2070,2.2000,92.0000,-1.9320,-1.9340,-83.0000,1.9320,1.9530,82.0000,-2.2070,-2.2190,-89.0000
1785918801.3259,2.2070,2.2050,92.0000,-1.9320,-1.9310,-83.0000,1.9320,1.9360,83.0000,-2.2070,-2.2150,-90.0000
1785918801.3759,2.2070,2.2070,92.0000,-1.9320,-1.9330,-83.0000,1.9320,1.9110,85.0000,-2.2070,-2.2030,-90.0000
1785918801.4259,2.2070,2.2170,91.0000,-1.9320,-1.9400,-83.0000,1.9320,1.9340,83.0000,-2.2070,-2.1920,-91.0000
1785918801.4759,2.2070,2.2070,91.0000,-1.9320,-1.9330,-83.0000,1.9320,1.9490,82.0000,-2.2070,-2.1920,-91.0000
1785918801.5260,2.2070,2.2020,92.0000,-1.9320,-1.9310,-83.0000,1.9320,1.9300,83.0000,-2.2070,-2.2240,-89.0000
1785918801.5759,2.2070,2.2120,91.0000,-1.9320,-1.9270,-83.0000,1.9320,1.9180,84.0000,-2.2070,-2.2170,-90.0000
1785918801.6259,2.2070,2.2090,91.0000,-1.9320,-1.9400,-83.0000,1.9320,1.9420,83.0000,-2.2070,-2.2050,-90.0000
1785918801.6759,2.2070,2.2110,91.0000,-1.9320,-1.9310,-83.0000,1.9320,1.9400,83.0000,-2.2070,-2.1900,-91.0000
1785918801.7259,2.2070,2.2060,91.0000,-1.9320,-1.9290,-83.0000,1.9320,1.9160,84.0000,-2.2070,-2.1940,-91.0000
1785918801.7759,2.2070,2.2040,92.0000,-1.9320,-1.9330,-83.0000,1.9320,1.9310,83.0000,-2.2070,-2.2030,-91.0000
1785918801.8259,2.2070,2.2070,91.0000,-1.9320,-1.9300,-83.0000,1.9320,1.9530,82.0000,-2.2070,-2.2280,-89.0000
1785918801.8760,2.2070,2.2040,92.0000,-1.9320,-1.9330,-83.0000,1.9320,1.9250,84.0000,-2.2070,-2.2140,-90.0000
1785918801.9260,2.2070,2.2080,91.0000,-1.9320,-1.9300,-83.0000,1.9320,1.9180,84.0000,-2.2070,-2.1990,-91.0000
1785918801.9759,1.8470,2.1370,64.0000,-1.5720,-1.8640,-55.0000,1.5720,1.8860,54.0000,-1.8470,-2.1200,-64.0000
1785918802.0259,1.4790,1.5360,62.0000,-1.2940,-1.3090,-58.0000,1.2940,1.3520,56.0000,-1.4790,-1.5390,-60.0000
1785918802.0766,1.4790,1.4760,61.0000,-1.2940,-1.2940,-56.0000,1.2940,1.2700,57.0000,-1.4790,-1.4570,-61.0000
1785918802.1260,1.4790,1.4470,62.0000,-1.2940,-1.2620,-57.0000,1.2940,1.2580,57.0000,-1.4790,-1.4440,-61.0000
1785918802.1759,1.4790,1.4490,62.0000,-1.2940,-1.2730,-56.0000,1.2940,1.2640,57.0000,-1.4790,-1.4510,-61.0000
1785918802.2259,1.4790,1.4540,62.0000,-1.2940,-1.2680,-57.0000,1.2940,1.2530,58.0000,-1.4790,-1.4420,-61.0000
1785918802.2759,1.4790,1.4510,63.0000,-1.2940,-1.2790,-57.0000,1.2940,1.2800,57.0000,-1.4790,-1.4560,-61.0000
1785918802.3259,1.4790,1.4610,62.0000,-1.2940,-1.2730,-57.0000,1.2940,1.2590,58.0000,-1.4790,-1.4450,-62.0000
1785918802.3766,1.4790,1.4540,63.0000,-1.2940,-1.2790,-57.0000,1.2940,1.2820,57.0000,-1.4790,-1.4730,-61.0000
1785918802.4259,1.4790,1.4660,63.0000,-1.2940,-1.2740,-58.0000,1.2940,1.2570,59.0000,-1.4790,-1.4510,-62.0000
1785918802.4759,1.4790,1.4650,63.0000,-1.2940,-1.2860,-57.0000,1.2940,1.2870,57.0000,-1.4790,-1.4790,-61.0000
1785918802.5260,1.4790,1.4710,63.0000,-1.2940,-1.2790,-58.0000,1.2940,1.2670,59.0000,-1.4790,-1.4480,-63.0000
1785918802.5759,1.4790,1.4670,63.0000,-1.2940,-1.2910,-57.0000,1.2940,1.2890,58.0000,-1.4790,-1.4730,-62.0000
1785918802.6259,1.4790,1.4760,63.0000,-1.2940,-1.2810,-58.0000,1.2940,1.2740,59.0000,-1.4790,-1.4600,-63.0000
1785918802.6760,1.4790,1.4660,64.0000,-1.2940,-1.2900,-57.0000,1.2940,1.2930,58.0000,-1.4790,-1.4740,-62.0000
1785918802.7259,1.4790,1.4780,63.0000,-1.2940,-1.2870,-58.0000,1.2940,1.2780,59.0000,-1.4790,-1.4790,-62.0000
1785918802.7766,1.4790,1.4700,63.0000,-1.2940,-1.2900,-58.0000,1.2940,1.2920,58.0000,-1.4790,-1.4700,-62.0000
1785918802.8260,1.4790,1.4720,63.0000,-1.2940,-1.2890,-58.0000,1.2940,1.2810,59.0000,-1.4790,-1.4860,-61.0000
1785918802.8759,1.4790,1.4770,63.0000,-1.2940,-1.2880,-58.0000,1.2940,1.2910,58.0000,-1.4790,-1.4640,-63.0000
1785918802.9267,1.4790,1.4760,63.0000,-1.2940,-1.2930,-58.0000,1.2940,1.2900,59.0000,-1.4790,-1.4930,-61.0000
1785918802.9759,1.4790,1.4810,63.0000,-1.2940,-1.2920,-58.0000,1.2940,1.2870,59.0000,-1.4790,-1.4660,-63.0000
1785918803.0274,1.4790,1.4740,64.0000,-1.2940,-1.2910,-58.0000,1.2940,1.2970,58.0000,-1.4790,-1.4910,-61.0000
1785918803.0773,1.4790,1.4860,63.0000,-1.2940,-1.2920,-58.0000,1.2940,1.2920,59.0000,-1.4790,-1.4590,-63.0000
1785918803.1276,1.4790,1.4720,64.0000,-1.2940,-1.2930,-58.0000,1.2940,1.3030,58.0000,-1.4790,-1.4870,-62.0000
1785918803.1777,1.4790,1.4840,63.0000,-1.2940,-1.2970,-57.0000,1.2940,1.2870,59.0000,-1.4790,-1.4640,-63.0000
1785918803.2270,1.4790,1.4700,64.0000,-1.2940,-1.2970,-57.0000,1.2940,1.3020,58.0000,-1.4790,-1.4820,-62.0000
1785918803.2776,1.4790,1.4770,63.0000,-1.2940,-1.2920,-58.0000,1.2940,1.2830,59.0000,-1.4790,-1.4800,-62.0000
1785918803.3269,1.4790,1.4820,63.0000,-1.2940,-1.2940,-58.0000,1.2940,1.3030,58.0000,-1.4790,-1.4750,-63.0000
1785918803.3777,1.4790,1.4780,63.0000,-1.2940,-1.2910,-58.0000,1.2940,1.2810,59.0000,-1.4790,-1.4890,-62.0000
1785918803.4277,1.4790,1.4790,63.0000,-1.2940,-1.2940,-58.0000,1.2940,1.3090,58.0000,-1.4790,-1.4710,-63.0000
1785918803.4769,1.4790,1.4730,64.0000,-1.2940,-1.2880,-58.0000,1.2940,1.2810,59.0000,-1.4790,-1.4900,-62.0000
1785918803.5270,1.4790,1.4770,63.0000,-1.2940,-1.2980,-57.0000,1.2940,1.3060,58.0000,-1.4790,-1.4680,-63.0000
1785918803.5771,1.4790,1.4780,63.0000,-1.2940,-1.2920,-58.0000,1.2940,1.2820,59.0000,-1.4790,-1.4980,-61.0000
1785918803.6270,1.4790,1.4850,63.0000,-1.2940,-1.2970,-57.0000,1.2940,1.3080,58.0000,-1.4790,-1.4710,-63.0000
1785918803.6770,1.4790,1.4760,64.0000,-1.2940,-1.2890,-58.0000,1.2940,1.2790,59.0000,-1.4790,-1.4880,-62.0000
1785918803.7276,1.4790,1.4780,63.0000,-1.2940,-1.2940,-58.0000,1.2940,1.3020,58.0000,-1.4790,-1.4800,-62.0000
1785918803.7770,1.4790,1.4760,64.0000,-1.2940,-1.2880,-58.0000,1.2940,1.2820,59.0000,-1.4790,-1.4770,-62.0000
1785918803.8270,1.4790,1.4740,64.0000,-1.2940,-1.2940,-58.0000,1.2940,1.3020,58.0000,-1.4790,-1.4870,-62.0000
1785918803.8770,1.4790,1.4810,63.0000,-1.2940,-1.2910,-58.0000,1.2940,1.2840,59.0000,-1.4790,-1.4750,-62.0000
1785918803.9270,1.4790,1.4770,64.0000,-1.2940,-1.2950,-58.0000,1.2940,1.3040,58.0000,-1.4790,-1.4960,-61.0000
1785918803.9770,1.4790,1.4790,63.0000,-1.2940,-1.2960,-57.0000,1.2940,1.2870,59.0000,-1.4790,-1.4660,-63.0000
1785918804.0271,1.4790,1.4820,63.0000,-1.2940,-1.2980,-57.0000,1.2940,1.2990,58.0000,-1.4790,-1.4970,-61.0000
1785918804.0770,1.4790,1.4890,63.0000,-1.2940,-1.3000,-57.0000,1.2940,1.2870,59.0000,-1.4790,-1.4670,-63.0000
1785918804.1270,1.4790,1.4730,64.0000,-1.2940,-1.2920,-58.0000,1.2940,1.2940,58.0000,-1.4790,-1.4870,-62.0000
1785918804.1770,1.4790,1.4830,63.0000,-1.2940,-1.2960,-57.0000,1.2940,1.2980,58.0000,-1.4790,-1.4680,-63.0000
1785918804.2270,1.4790,1.4740,64.0000,-1.2940,-1.2950,-58.0000,1.2940,1.2910,59.0000,-1.4790,-1.4800,-62.0000
1785918804.2770,1.4790,1.4790,63.0000,-1.2940,-1.2940,-58.0000,1.2940,1.2980,58.0000,-1.4790,-1.4800,-62.0000
1785918804.3270,1.4790,1.4780,64.0000,-1.2940,-1.2960,-57.0000,1.2940,1.2890,59.0000,-1.4790,-1.4760,-62.0000
1785918804.3770,1.4790,1.4790,63.0000,-1.2940,-1.3000,-57.0000,1.2940,1.3030,58.0000,-1.4790,-1.4880,-61.0000
1785918804.4270,1.4790,1.4820,63.0000,-1.2940,-1.2960,-57.0000,1.2940,1.2830,59.0000,-1.4790,-1.4640,-63.0000
1785918804.4770,1.4790,1.4770,64.0000,-1.2940,-1.2930,-58.0000,1.2940,1.3010,58.0000,-1.4790,-1.4910,-61.0000
1785918804.5271,1.4790,1.4810,63.0000,-1.2940,-1.2920,-58.0000,1.2940,1.2850,59.0000,-1.4790,-1.4650,-63.0000
1785918804.5770,1.4790,1.4770,64.0000,-1.2940,-1.2920,-58.0000,1.2940,1.3110,57.0000,-1.4790,-1.4920,-61.0000
1785918804.6271,1.4790,1.4820,63.0000,-1.2940,-1.2900,-58.0000,1.2940,1.2800,59.0000,-1.4790,-1.4630,-63.0000
1785918804.6770,1.4790,1.4760,64.0000,-1.2940,-1.2940,-57.0000,1.2940,1.3070,58.0000,-1.4790,-1.4850,-62.0000
1785918804.7270,1.4790,1.4830,63.0000,-1.2940,-1.2880,-58.0000,1.2940,1.2780,59.0000,-1.4790,-1.4680,-63.0000
1785918804.7770,1.4790,1.4780,64.0000,-1.2940,-1.2990,-57.0000,1.2940,1.3070,58.0000,-1.4790,-1.4840,-62.0000
1785918804.8270,1.4790,1.4810,63.0000,-1.2940,-1.2890,-58.0000,1.2940,1.2790,59.0000,-1.4790,-1.4780,-62.0000
1785918804.8770,1.4790,1.4810,63.0000,-1.2940,-1.2930,-58.0000,1.2940,1.3070,58.0000,-1.4790,-1.4710,-63.0000
1785918804.9271,1.4790,1.4760,64.0000,-1.2940,-1.2880,-58.0000,1.2940,1.2820,59.0000,-1.4790,-1.4880,-62.0000
1785918804.9772,1.4790,1.4830,63.0000,-1.2940,-1.2940,-57.0000,1.2940,1.3070,58.0000,-1.4790,-1.4690,-63.0000
1785918805.0270,1.4790,1.4750,64.0000,-1.2940,-1.2890,-58.0000,1.2940,1.2840,59.0000,-1.4790,-1.5010,-61.0000
1785918805.0770,1.4790,1.4830,63.0000,-1.2940,-1.2910,-58.0000,1.2940,1.3010,58.0000,-1.4790,-1.4710,-63.0000
1785918805.1271,1.4790,1.4730,64.0000,-1.2940,-1.2970,-57.0000,1.2940,1.2870,59.0000,-1.4790,-1.4980,-61.0000
1785918805.1770,1.4790,1.4860,63.0000,-1.2940,-1.2960,-57.0000,1.2940,1.3010,58.0000,-1.4790,-1.4660,-63.0000
1785918805.2271,1.4790,1.4770,64.0000,-1.2940,-1.2920,-58.0000,1.2940,1.2840,59.0000,-1.4790,-1.4890,-62.0000
1785918805.2770,1.4790,1.4800,63.0000,-1.2940,-1.2960,-57.0000,1.2940,1.3010,58.0000,-1.4790,-1.4790,-62.0000
1785918805.3271,1.4790,1.4810,63.0000,-1.2940,-1.2950,-57.0000,1.2940,1.2890,59.0000,-1.4790,-1.4750,-62.0000
1785918805.3770,1.4790,1.4800,63.0000,-1.2940,-1.2970,-57.0000,1.2940,1.2960,58.0000,-1.4790,-1.4850,-62.0000
1785918805.4270,1.4790,1.4800,63.0000,-1.2940,-1.2960,-57.0000,1.2940,1.2960,58.0000,-1.4790,-1.4730,-62.0000
1785918805.4771,1.4790,1.4770,63.0000,-1.2940,-1.2960,-57.0000,1.2940,1.2900,59.0000,-1.4790,-1.4900,-61.0000
1785918805.5276,1.4790,1.4860,63.0000,-1.2940,-1.2950,-57.0000,1.2940,1.3000,58.0000,-1.4790,-1.4670,-63.0000
1785918805.5771,1.4790,1.4740,64.0000,-1.2940,-1.2990,-57.0000,1.2940,1.2870,59.0000,-1.4790,-1.5010,-61.0000
1785918805.6271,1.4790,1.4810,63.0000,-1.2940,-1.3010,-57.0000,1.2940,1.3060,58.0000,-1.4790,-1.4640,-63.0000
1785918805.6778,1.4790,1.4790,63.0000,-1.2940,-1.2950,-57.0000,1.2940,1.2840,59.0000,-1.4790,-1.4920,-61.0000
1785918805.7270,1.4790,1.4820,63.0000,-1.2940,-1.2940,-57.0000,1.2940,1.3070,58.0000,-1.4790,-1.4660,-63.0000
1785918805.7771,1.4790,1.4770,64.0000,-1.2940,-1.2930,-58.0000,1.2940,1.2870,59.0000,-1.4790,-1.4780,-62.0000
1785918805.8271,1.4790,1.4820,63.0000,-1.2940,-1.2930,-58.0000,1.2940,1.3070,58.0000,-1.4790,-1.4740,-62.0000
1785918805.8771,1.4790,1.4790,63.0000,-1.2940,-1.2920,-58.0000,1.2940,1.2850,59.0000,-1.4790,-1.4720,-62.0000
1785918805.9271,1.4790,1.4750,64.0000,-1.2940,-1.2950,-57.0000,1.2940,1.3070,58.0000,-1.4790,-1.4840,-62.0000
1785918805.9771,1.4790,1.4790,63.0000,-1.2940,-1.2890,-58.0000,1.2940,1.2810,59.0000,-1.4790,-1.4680,-63.0000
1785918806.0271,1.4790,1.4790,63.0000,-1.2940,-1.2940,-57.0000,1.2940,1.3070,58.0000,-1.4790,-1.4940,-61.0000
1785918806.0770,1.4790,1.4860,63.0000,-1.2940,-1.2900,-58.0000,1.2940,1.2800,59.0000,-1.4790,-1.4640,-63.0000
1785918806.1271,1.4790,1.4740,64.0000,-1.2940,-1.2950,-57.0000,1.2940,1.3080,58.0000,-1.4790,-1.4970,-61.0000
1785918806.1771,1.4790,1.4840,63.0000,-1.2940,-1.2920,-58.0000,1.2940,1.2830,59.0000,-1.4790,-1.4680,-63.0000
1785918806.2273,1.4790,1.4780,63.0000,-1.2940,-1.2960,-57.0000,1.2940,1.3020,58.0000,-1.4790,-1.4900,-61.0000
1785918806.2770,1.4790,1.4810,63.0000,-1.2940,-1.2940,-57.0000,1.2940,1.2840,59.0000,-1.4790,-1.4700,-63.0000
1785918806.3271,1.4790,1.4790,63.0000,-1.2940,-1.2950,-57.0000,1.2940,1.3030,58.0000,-1.4790,-1.4850,-62.0000
1785918806.3771,1.4790,1.4770,63.0000,-1.2940,-1.2920,-58.0000,1.2940,1.2870,59.0000,-1.4790,-1.4800,-62.0000
1785918806.4271,1.4790,1.4790,63.0000,-1.2940,-1.2920,-58.0000,1.2940,1.3030,58.0000,-1.4790,-1.4720,-62.0000
1785918806.4772,1.4790,1.4780,63.0000,-1.2940,-1.2950,-57.0000,1.2940,1.2920,58.0000,-1.4790,-1.4850,-62.0000
1785918806.5271,1.4790,1.4810,63.0000,-1.2940,-1.2970,-57.0000,1.2940,1.3010,58.0000,-1.4790,-1.4700,-63.0000
1785918806.5771,1.4790,1.4790,63.0000,-1.2940,-1.2960,-57.0000,1.2940,1.2900,58.0000,-1.4790,-1.4940,-61.0000
1785918806.6271,1.4790,1.4810,63.0000,-1.2940,-1.2980,-57.0000,1.2940,1.2950,58.0000,-1.4790,-1.4630,-63.0000
1785918806.6771,1.4790,1.4770,64.0000,-1.2940,-1.2960,-57.0000,1.2940,1.2890,59.0000,-1.4790,-1.4980,-61.0000
1785918806.7271,1.4790,1.4870,63.0000,-1.2940,-1.2960,-57.0000,1.2940,1.2880,59.0000,-1.4790,-1.4620,-63.0000
1785918806.7771,1.4790,1.4770,63.0000,-1.2940,-1.3000,-57.0000,1.2940,1.2990,58.0000,-1.4790,-1.4850,-62.0000
1785918806.8271,1.4790,1.4860,63.0000,-1.2940,-1.2910,-58.0000,1.2940,1.2780,59.0000,-1.4790,-1.4690,-63.0000
1785918806.8772,1.4790,1.4810,63.0000,-1.2940,-1.2940,-57.0000,1.2940,1.3040,58.0000,-1.4790,-1.4800,-62.0000
1785918806.9279,1.4790,1.4920,62.0000,-1.2940,-1.2960,-57.0000,1.2940,1.2820,59.0000,-1.4790,-1.4840,-62.0000
1785918806.9772,1.4790,1.4880,63.0000,-1.2940,-1.3000,-57.0000,1.2940,1.3080,58.0000,-1.4790,-1.4740,-62.0000
1785918807.0272,1.4790,1.4740,63.0000,-1.2940,-1.2930,-58.0000,1.2940,1.2810,59.0000,-1.4790,-1.4890,-62.0000
1785918807.0771,1.4790,1.4810,63.0000,-1.2940,-1.2950,-57.0000,1.2940,1.3010,58.0000,-1.4790,-1.4680,-63.0000
1785918807.1273,1.4790,1.4780,63.0000,-1.2940,-1.2870,-58.0000,1.2940,1.2760,59.0000,-1.4790,-1.4860,-62.0000
1785918807.1772,1.4790,1.4830,63.0000,-1.2940,-1.2940,-57.0000,1.2940,1.3100,58.0000,-1.4790,-1.4640,-63.0000
1785918807.2271,1.4790,1.4760,63.0000,-1.2940,-1.2910,-58.0000,1.2940,1.2810,59.0000,-1.4790,-1.4900,-62.0000
1785918807.2772,1.3590,1.4840,52.0000,-1.1740,-1.2950,-47.0000,1.1740,1.3060,48.0000,-1.3590,-1.4620,-53.0000
1785918807.3271,0.7590,1.0590,22.0000,-0.6380,-0.8830,-21.0000,0.6380,0.9400,19.0000,-0.7590,-1.0500,-22.0000
1785918807.3772,0.7280,0.7080,34.0000,-0.6380,-0.6190,-31.0000,0.6380,0.5980,33.0000,-0.7280,-0.7010,-33.0000
1785918807.4271,0.7280,0.7150,32.0000,-0.6380,-0.6160,-30.0000,0.6380,0.6230,30.0000,-0.7280,-0.6880,-32.0000
1785918807.4772,0.7280,0.6930,33.0000,-0.6380,-0.6090,-30.0000,0.6380,0.6050,31.0000,-0.7280,-0.7030,-31.0000
1785918807.5272,0.7280,0.6970,33.0000,-0.6380,-0.6150,-30.0000,0.6380,0.5860,32.0000,-0.7280,-0.6890,-32.0000
1785918807.5772,0.7280,0.7060,33.0000,-0.6380,-0.6100,-31.0000,0.6380,0.5950,32.0000,-0.7280,-0.7050,-32.0000
1785918807.6271,0.7280,0.7020,33.0000,-0.6380,-0.6190,-31.0000,0.6380,0.6090,32.0000,-0.7280,-0.6920,-33.0000
1785918807.6771,0.7280,0.7080,33.0000,-0.6380,-0.6220,-31.0000,0.6380,0.6140,32.0000,-0.7280,-0.7240,-31.0000
1785918807.7275,0.7280,0.7070,33.0000,-0.6380,-0.6250,-31.0000,0.6380,0.6170,32.0000,-0.7280,-0.7110,-32.0000
1785918807.7772,0.7280,0.7180,33.0000,-0.6380,-0.6170,-31.0000,0.6380,0.6210,32.0000,-0.7280,-0.7180,-32.0000
1785918807.8272,0.7280,0.7100,34.0000,-0.6380,-0.6210,-31.0000,0.6380,0.6230,32.0000,-0.7280,-0.7080,-33.0000
1785918807.8773,0.7280,0.7220,33.0000,-0.6380,-0.6230,-31.0000,0.6380,0.6310,32.0000,-0.7280,-0.7300,-32.0000
1785918807.9272,0.7280,0.7140,34.0000,-0.6380,-0.6310,-31.0000,0.6380,0.6370,32.0000,-0.7280,-0.7210,-33.0000
1785918807.9772,0.7280,0.7230,33.0000,-0.6380,-0.6280,-31.0000,0.6380,0.6260,33.0000,-0.7280,-0.7150,-33.0000
1785918808.0275,0.7280,0.7180,34.0000,-0.6380,-0.6330,-31.0000,0.6380,0.6330,32.0000,-0.7280,-0.7170,-33.0000
1785918808.0771,0.7280,0.7210,34.0000,-0.6380,-0.6290,-32.0000,0.6380,0.6370,32.0000,-0.7280,-0.7250,-33.0000
1785918808.1272,0.7280,0.7200,34.0000,-0.6380,-0.6340,-31.0000,0.6380,0.6380,32.0000,-0.7280,-0.7250,-33.0000
1785918808.1771,0.7280,0.7300,33.0000,-0.6380,-0.6350,-31.0000,0.6380,0.6260,33.0000,-0.7280,-0.7120,-33.0000
1785918808.2272,0.7280,0.7230,34.0000,-0.6380,-0.6380,-31.0000,0.6380,0.6310,33.0000,-0.7280,-0.7340,-32.0000
1785918808.2772,0.7280,0.7250,34.0000,-0.6380,-0.6330,-32.0000,0.6380,0.6370,33.0000,-0.7280,-0.7170,-33.0000
1785918808.3272,0.7280,0.7350,33.0000,-0.6380,-0.6330,-32.0000,0.6380,0.6370,33.0000,-0.7280,-0.7340,-32.0000
1785918808.3771,0.7280,0.7220,34.0000,-0.6380,-0.6400,-31.0000,0.6380,0.6250,33.0000,-0.7280,-0.7160,-33.0000
1785918808.4272,0.7280,0.7290,33.0000,-0.6380,-0.6340,-32.0000,0.6380,0.6270,33.0000,-0.7280,-0.7410,-32.0000
1785918808.4771,0.7280,0.7250,34.0000,-0.6380,-0.6360,-31.0000,0.6380,0.6330,33.0000,-0.7280,-0.7230,-33.0000
1785918808.5272,0.7280,0.7280,34.0000,-0.6380,-0.6370,-31.0000,0.6380,0.6460,32.0000,-0.7280,-0.7310,-33.0000
1785918808.5786,0.7280,0.7260,34.0000,-0.6380,-0.6390,-31.0000,0.6380,0.6420,33.0000,-0.7280,-0.7230,-33.0000
1785918808.6272,0.7280,0.7270,34.0000,-0.6380,-0.6310,-32.0000,0.6380,0.6290,33.0000,-0.7280,-0.7300,-33.0000
1785918808.6785,0.7280,0.7270,34.0000,-0.6380,-0.6380,-31.0000,0.6380,0.6330,33.0000,-0.7280,-0.7230,-33.0000
1785918808.7282,0.7280,0.7280,34.0000,-0.6380,-0.6400,-31.0000,0.6380,0.6410,33.0000,-0.7280,-0.7240,-33.0000
1785918808.7782,0.7280,0.7240,34.0000,-0.6380,-0.6420,-31.0000,0.6380,0.6490,32.0000,-0.7280,-0.7310,-33.0000
1785918808.8282,0.7280,0.7250,34.0000,-0.6380,-0.6390,-31.0000,0.6380,0.6330,33.0000,-0.7280,-0.7230,-33.0000
1785918808.8793,0.7280,0.7270,34.0000,-0.6380,-0.6390,-31.0000,0.6380,0.6360,33.0000,-0.7280,-0.7240,-33.0000
1785918808.9282,0.7280,0.7260,34.0000,-0.6380,-0.6360,-31.0000,0.6380,0.6410,33.0000,-0.7280,-0.7110,-34.0000
1785918808.9788,0.7280,0.7200,34.0000,-0.6380,-0.6390,-31.0000,0.6380,0.6490,32.0000,-0.7280,-0.7410,-32.0000
1785918809.0282,0.7280,0.7200,34.0000,-0.6380,-0.6370,-31.0000,0.6380,0.6280,33.0000,-0.7280,-0.7250,-33.0000
1785918809.0783,0.7280,0.7270,34.0000,-0.6380,-0.6370,-31.0000,0.6380,0.6310,33.0000,-0.7280,-0.7310,-33.0000
1785918809.1283,0.7280,0.7240,34.0000,-0.6380,-0.6380,-31.0000,0.6380,0.6380,33.0000,-0.7280,-0.7230,-33.0000
1785918809.1782,0.7280,0.7200,34.0000,-0.6380,-0.6390,-31.0000,0.6380,0.6460,32.0000,-0.7280,-0.7380,-32.0000
1785918809.2282,0.7280,0.7270,34.0000,-0.6380,-0.6390,-31.0000,0.6380,0.6280,34.0000,-0.7280,-0.7250,-33.0000
1785918809.2783,0.7280,0.7350,34.0000,-0.6380,-0.6330,-32.0000,0.6380,0.6340,33.0000,-0.7280,-0.7290,-33.0000
1785918809.3282,0.7280,0.7250,34.0000,-0.6380,-0.6350,-32.0000,0.6380,0.6350,33.0000,-0.7280,-0.7340,-33.0000
1785918809.3783,0.7280,0.7230,34.0000,-0.6380,-0.6390,-31.0000,0.6380,0.6430,33.0000,-0.7280,-0.7330,-33.0000
1785918809.4283,0.7280,0.7260,34.0000,-0.6380,-0.6410,-31.0000,0.6380,0.6400,33.0000,-0.7280,-0.7320,-33.0000
1785918809.4783,0.7280,0.7360,34.0000,-0.6380,-0.6330,-32.0000,0.6380,0.6330,33.0000,-0.7280,-0.7180,-33.0000
1785918809.5285,0.7280,0.7250,34.0000,-0.6380,-0.6370,-32.0000,0.6380,0.6370,33.0000,-0.7280,-0.7370,-32.0000
1785918809.5783,0.7280,0.7230,34.0000,-0.6380,-0.6420,-31.0000,0.6380,0.6470,32.0000,-0.7280,-0.7250,-33.0000
1785918809.6283,0.7280,0.7330,34.0000,-0.6380,-0.6380,-32.0000,0.6380,0.6480,32.0000,-0.7280,-0.7280,-33.0000
1785918809.6783,0.7280,0.7280,34.0000,-0.6380,-0.6350,-32.0000,0.6380,0.6330,33.0000,-0.7280,-0.7140,-34.0000
1785918809.7282,0.7280,0.7260,34.0000,-0.6380,-0.6390,-31.0000,0.6380,0.6380,33.0000,-0.7280,-0.7390,-32.0000
1785918809.7783,0.7280,0.7220,34.0000,-0.6380,-0.6400,-31.0000,0.6380,0.6440,32.0000,-0.7280,-0.7210,-33.0000
1785918809.8289,0.7280,0.7320,34.0000,-0.6380,-0.6420,-31.0000,0.6380,0.6510,32.0000,-0.7280,-0.7260,-33.0000
1785918809.8783,0.7280,0.7260,34.0000,-0.6380,-0.6380,-31.0000,0.6380,0.6280,33.0000,-0.7280,-0.7280,-33.0000
1785918809.9283,0.7280,0.7260,34.0000,-0.6380,-0.6400,-31.0000,0.6380,0.6360,33.0000,-0.7280,-0.7320,-33.0000
1785918809.9783,0.7280,0.7220,35.0000,-0.6380,-0.6410,-31.0000,0.6380,0.6390,33.0000,-0.7280,-0.7240,-33.0000
1785918810.0283,0.7280,0.7380,34.0000,-0.6380,-0.6370,-32.0000,0.6380,0.6470,32.0000,-0.7280,-0.7210,-33.0000
1785918810.0782,0.7280,0.7260,34.0000,-0.6380,-0.6410,-31.0000,0.6380,0.6300,33.0000,-0.7280,-0.7350,-33.0000
1785918810.1283,0.7280,0.7250,34.0000,-0.6380,-0.6380,-31.0000,0.6380,0.6330,33.0000,-0.7280,-0.7280,-33.0000
1785918810.1783,0.7280,0.7300,34.0000,-0.6380,-0.6370,-31.0000,0.6380,0.6400,33.0000,-0.7280,-0.7300,-33.0000
1785918810.2282,0.7280,0.7300,34.0000,-0.6380,-0.6440,-31.0000,0.6380,0.6420,33.0000,-0.7280,-0.7140,-34.0000
1785918810.2783,0.7280,0.7290,34.0000,-0.6380,-0.6410,-31.0000,0.6380,0.6320,33.0000,-0.7280,-0.7440,-32.0000
1785918810.3283,0.7280,0.7240,34.0000,-0.6380,-0.6330,-32.0000,0.6380,0.6320,33.0000,-0.7280,-0.7260,-33.0000
1785918810.3784,0.7280,0.7320,34.0000,-0.6380,-0.6350,-32.0000,0.6380,0.6360,33.0000,-0.7280,-0.7350,-33.0000
1785918810.4283,0.7280,0.7260,34.0000,-0.6380,-0.6390,-31.0000,0.6380,0.6430,33.0000,-0.7280,-0.7220,-33.0000
1785918810.4783,0.7280,0.7270,34.0000,-0.6380,-0.6360,-32.0000,0.6380,0.6400,33.0000,-0.7280,-0.7390,-32.0000
1785918810.5283,0.7280,0.7230,34.0000,-0.6380,-0.6310,-32.0000,0.6380,0.6310,33.0000,-0.7280,-0.7270,-33.0000
1785918810.5783,0.7280,0.7320,34.0000,-0.6380,-0.6370,-32.0000,0.6380,0.6370,33.0000,-0.7280,-0.7290,-33.0000
1785918810.6283,0.7280,0.7240,34.0000,-0.6380,-0.6370,-32.0000,0.6380,0.6400,33.0000,-0.7280,-0.7330,-33.0000
1785918810.6783,0.7280,0.7240,34.0000,-0.6380,-0.6420,-31.0000,0.6380,0.6490,32.0000,-0.7280,-0.7310,-33.0000
1785918810.7283,0.7280,0.7320,34.0000,-0.6380,-0.6340,-32.0000,0.6380,0.6310,33.0000,-0.7280,-0.7330,-33.0000
1785918810.7783,0.7280,0.7350,34.0000,-0.6380,-0.6380,-31.0000,0.6380,0.6390,33.0000,-0.7280,-0.7160,-33.0000
1785918810.8283,0.7280,0.7310,34.0000,-0.6380,-0.6400,-31.0000,0.6380,0.6410,33.0000,-0.7280,-0.7390,-32.0000
1785918810.8783,0.7280,0.7270,34.0000,-0.6380,-0.6390,-31.0000,0.6380,0.6510,32.0000,-0.7280,-0.7240,-33.0000
1785918810.9284,0.7280,0.7340,34.0000,-0.6380,-0.6420,-31.0000,0.6380,0.6270,33.0000,-0.7280,-0.7310,-33.0000
1785918810.9783,0.7280,0.7310,34.0000,-0.6380,-0.6360,-32.0000,0.6380,0.6320,33.0000,-0.7280,-0.7180,-33.0000
1785918811.0283,0.7280,0.7290,34.0000,-0.6380,-0.6340,-32.0000,0.6380,0.6430,33.0000,-0.7280,-0.7420,-32.0000
1785918811.0783,0.7280,0.7240,34.0000,-0.6380,-0.6390,-31.0000,0.6380,0.6420,33.0000,-0.7280,-0.7300,-33.0000
1785918811.1284,0.7280,0.7380,33.0000,-0.6380,-0.6460,-31.0000,0.6380,0.6290,33.0000,-0.7280,-0.7250,-33.0000
1785918811.1783,0.7280,0.7270,34.0000,-0.6380,-0.6340,-32.0000,0.6380,0.6300,33.0000,-0.7280,-0.7260,-33.0000
1785918811.2283,0.7280,0.7260,34.0000,-0.6380,-0.6370,-31.0000,0.6380,0.6370,33.0000,-0.7280,-0.7310,-33.0000
1785918811.2783,0.7280,0.7240,34.0000,-0.6380,-0.6450,-31.0000,0.6380,0.6430,33.0000,-0.7280,-0.7350,-32.0000
1785918811.3283,0.7280,0.7360,34.0000,-0.6380,-0.6410,-31.0000,0.6380,0.6410,33.0000,-0.7280,-0.7150,-33.0000
1785918811.3784,0.7280,0.7280,34.0000,-0.6380,-0.6290,-32.0000,0.6380,0.6300,33.0000,-0.7280,-0.7360,-32.0000
1785918811.4284,0.7280,0.7260,34.0000,-0.6380,-0.6360,-31.0000,0.6380,0.6310,33.0000,-0.7280,-0.7210,-33.0000
1785918811.4783,0.7280,0.7280,34.0000,-0.6380,-0.6380,-31.0000,0.6380,0.6410,33.0000,-0.7280,-0.7320,-32.0000
1785918811.5283,0.7280,0.7260,34.0000,-0.6380,-0.6400,-31.0000,0.6380,0.6470,32.0000,-0.7280,-0.7130,-34.0000
1785918811.5783,0.7280,0.7240,34.0000,-0.6380,-0.6330,-32.0000,0.6380,0.6320,33.0000,-0.7280,-0.7360,-32.0000
1785918811.6284,0.7280,0.7200,35.0000,-0.6380,-0.6420,-31.0000,0.6380,0.6370,33.0000,-0.7280,-0.7210,-33.0000
1785918811.6783,0.7280,0.7290,34.0000,-0.6380,-0.6370,-32.0000,0.6380,0.6420,33.0000,-0.7280,-0.7310,-33.0000
1785918811.7284,0.7280,0.7230,34.0000,-0.6380,-0.6350,-32.0000,0.6380,0.6520,32.0000,-0.7280,-0.7250,-33.0000
1785918811.7784,0.7280,0.7240,34.0000,-0.6380,-0.6410,-31.0000,0.6380,0.6330,33.0000,-0.7280,-0.7370,-32.0000
1785918811.8283,0.7280,0.7240,34.0000,-0.6380,-0.6340,-32.0000,0.6380,0.6330,33.0000,-0.7280,-0.7300,-33.0000
1785918811.8783,0.7280,0.7350,34.0000,-0.6380,-0.6390,-31.0000,0.6380,0.6410,33.0000,-0.7280,-0.7200,-33.0000
1785918811.9284,0.7280,0.7230,34.0000,-0.6380,-0.6370,-32.0000,0.6380,0.6500,32.0000,-0.7280,-0.7310,-33.0000
1785918811.9784,0.7280,0.7230,34.0000,-0.6380,-0.6390,-31.0000,0.6380,0.6280,33.0000,-0.7280,-0.7270,-33.0000
1785918812.0284,0.7280,0.7310,34.0000,-0.6380,-0.6330,-32.0000,0.6380,0.6350,33.0000,-0.7280,-0.7330,-32.0000
1785918812.0783,0.7280,0.7350,34.0000,-0.6380,-0.6370,-32.0000,0.6380,0.6370,33.0000,-0.7280,-0.7190,-33.0000
1785918812.1284,0.7280,0.7240,34.0000,-0.6380,-0.6400,-31.0000,0.6380,0.6390,33.0000,-0.7280,-0.7400,-32.0000
1785918812.1784,0.7280,0.7280,34.0000,-0.6380,-0.6420,-31.0000,0.6380,0.6320,33.0000,-0.7280,-0.7210,-33.0000
1785918812.2284,0.7280,0.7310,34.0000,-0.6380,-0.6370,-32.0000,0.6380,0.6270,33.0000,-0.7280,-0.7330,-32.0000
1785918812.2784,0.7280,0.7290,34.0000,-0.6380,-0.6360,-32.0000,0.6380,0.6330,33.0000,-0.7280,-0.7180,-33.0000
1785918812.3284,0.7280,0.7270,34.0000,-0.6380,-0.6400,-31.0000,0.6380,0.6450,33.0000,-0.7280,-0.7410,-32.0000
1785918812.3784,0.7280,0.7280,34.0000,-0.6380,-0.6420,-31.0000,0.6380,0.6450,33.0000,-0.7280,-0.7300,-33.0000
1785918812.4284,0.7280,0.7390,34.0000,-0.6380,-0.6360,-32.0000,0.6380,0.6310,33.0000,-0.7280,-0.7250,-33.0000
1785918812.4783,0.7280,0.7290,34.0000,-0.6380,-0.6380,-32.0000,0.6380,0.6360,33.0000,-0.7280,-0.7320,-33.0000
1785918812.5283,0.7280,0.7310,34.0000,-0.6380,-0.6390,-31.0000,0.6380,0.6430,33.0000,-0.7280,-0.7300,-33.0000
1785918812.5784,0.7280,0.7310,34.0000,-0.6380,-0.6440,-31.0000,0.6380,0.6510,32.0000,-0.7280,-0.7300,-33.0000
1785918812.6284,0.7280,0.7320,34.0000,-0.6380,-0.6350,-32.0000,0.6380,0.6290,33.0000,-0.7280,-0.7170,-33.0000
1785918812.6784,0.7280,0.7280,34.0000,-0.6380,-0.6400,-31.0000,0.6380,0.6370,33.0000,-0.7280,-0.7330,-32.0000
1785918812.7288,0.7280,0.7260,34.0000,-0.6380,-0.6400,-31.0000,0.6380,0.6370,33.0000,-0.7280,-0.7240,-33.0000
1785918812.7784,0.7280,0.7330,34.0000,-0.6380,-0.6440,-31.0000,0.6380,0.6460,33.0000,-0.7280,-0.7340,-32.0000
1785918812.8284,0.7280,0.7220,34.0000,-0.6380,-0.6370,-32.0000,0.6380,0.6350,33.0000,-0.7280,-0.7150,-34.0000
1785918812.8784,0.7280,0.7300,34.0000,-0.6380,-0.6330,-32.0000,0.6380,0.6300,33.0000,-0.7280,-0.7360,-32.0000
1785918812.9285,0.7280,0.7210,34.0000,-0.6380,-0.6370,-32.0000,0.6380,0.6320,33.0000,-0.7280,-0.7220,-33.0000
1785918812.9784,0.7280,0.7330,34.0000,-0.6380,-0.6370,-32.0000,0.6380,0.6420,33.0000,-0.7280,-0.7280,-33.0000
1785918813.0284,0.7280,0.7300,34.0000,-0.6380,-0.6420,-31.0000,0.6380,0.6350,33.0000,-0.7280,-0.7210,-33.0000
1785918813.0784,0.7280,0.7290,34.0000,-0.6380,-0.6330,-32.0000,0.6380,0.6340,33.0000,-0.7280,-0.7320,-33.0000
1785918813.1284,0.7280,0.7270,34.0000,-0.6380,-0.6390,-31.0000,0.6380,0.6360,33.0000,-0.7280,-0.7270,-33.0000
1785918813.1784,0.7280,0.7380,33.0000,-0.6380,-0.6440,-31.0000,0.6380,0.6440,33.0000,-0.7280,-0.7260,-33.0000
1785918813.2284,0.7280,0.7250,34.0000,-0.6380,-0.6380,-31.0000,0.6380,0.6430,33.0000,-0.7280,-0.7330,-33.0000
1785918813.2794,0.7280,0.7280,34.0000,-0.6380,-0.6280,-32.0000,0.6380,0.6360,33.0000,-0.7280,-0.7250,-33.0000
1785918813.3295,0.7280,0.7340,34.0000,-0.6380,-0.6400,-31.0000,0.6380,0.6380,33.0000,-0.7280,-0.7290,-33.0000
1785918813.3785,0.7280,0.7230,34.0000,-0.6380,-0.6400,-31.0000,0.6380,0.6430,33.0000,-0.7280,-0.7190,-33.0000
1785918813.4284,0.7280,0.7240,34.0000,-0.6380,-0.6390,-31.0000,0.6380,0.6540,32.0000,-0.7280,-0.7440,-32.0000
1785918813.4784,0.7280,0.7190,34.0000,-0.6380,-0.6350,-32.0000,0.6380,0.6310,33.0000,-0.7280,-0.7210,-33.0000
1785918813.5284,0.7280,0.7260,34.0000,-0.6380,-0.6380,-31.0000,0.6380,0.6380,33.0000,-0.7280,-0.7280,-33.0000
1785918813.5784,0.7280,0.7190,35.0000,-0.6380,-0.6390,-31.0000,0.6380,0.6410,33.0000,-0.7280,-0.7190,-33.0000
1785918813.6285,0.7280,0.7260,34.0000,-0.6380,-0.6400,-31.0000,0.6380,0.6530,32.0000,-0.7280,-0.7410,-32.0000
1785918813.6785,0.7280,0.7240,34.0000,-0.6380,-0.6420,-31.0000,0.6380,0.6270,34.0000,-0.7280,-0.7260,-33.0000
1785918813.7292,0.7280,0.7330,34.0000,-0.6380,-0.6410,-31.0000,0.6380,0.6320,33.0000,-0.7280,-0.7240,-33.0000
1785918813.7784,0.7280,0.7200,35.0000,-0.6380,-0.6350,-32.0000,0.6380,0.6330,33.0000,-0.7280,-0.7280,-33.0000
1785918813.8284,0.7280,0.7240,34.0000,-0.6380,-0.6350,-32.0000,0.6380,0.6490,32.0000,-0.7280,-0.7280,-33.0000
1785918813.8785,0.7280,0.7280,34.0000,-0.6380,-0.6400,-31.0000,0.6380,0.6310,33.0000,-0.7280,-0.7290,-33.0000
1785918813.9285,0.7280,0.7350,34.0000,-0.6380,-0.6370,-31.0000,0.6380,0.6270,34.0000,-0.7280,-0.7170,-34.0000
1785918813.9785,0.7280,0.7290,34.0000,-0.6380,-0.6370,-31.0000,0.6380,0.6360,33.0000,-0.7280,-0.7400,-32.0000
1785918814.0285,0.7280,0.7260,34.0000,-0.6380,-0.6410,-31.0000,0.6380,0.6430,33.0000,-0.7280,-0.7250,-33.0000
