pi_time_s,FR_target_rads,FR_actual_rads,FR_pwm,FL_target_rads,FL_actual_rads,FL_pwm,RR_target_rads,RR_actual_rads,RR_pwm,RL_target_rads,RL_actual_rads,RL_pwm
1782997353.3266,0.0000,-0.0000,0.0000,0.0000,0.0000,0.0000,0.0000,0.0000,0.0000,0.0000,-0.0000,0.0000
1782997353.3764,0.0000,-0.0000,0.0000,0.0000,0.0000,0.0000,0.0000,0.0000,0.0000,0.0000,-0.0000,0.0000
1782997353.4263,0.0000,-0.0000,0.0000,0.0000,0.0000,0.0000,0.0000,0.0000,0.0000,0.0000,-0.0000,0.0000
1782997353.4762,0.0000,-0.0000,0.0000,0.0000,0.0000,0.0000,0.0000,0.0000,0.0000,0.0000,-0.0000,0.0000
1782997353.5263,0.0000,-0.0000,0.0000,0.0000,0.0000,0.0000,0.0000,0.0000,0.0000,0.0000,-0.0000,0.0000
1782997353.5764,0.0000,-0.0000,0.0000,0.0000,0.0000,0.0000,0.0000,0.0000,0.0000,0.0000,-0.0000,0.0000
1782997353.6263,0.0000,-0.0000,0.0000,0.0000,0.0000,0.0000,0.0000,0.0000,0.0000,0.0000,-0.0000,0.0000
1782997353.6763,0.0000,-0.0000,0.0000,0.0000,0.0000,0.0000,0.0000,0.0000,0.0000,0.0000,-0.0000,0.0000
1782997353.7263,0.0000,-0.0000,0.0000,0.0000,0.0000,0.0000,0.0000,0.0000,0.0000,0.0000,-0.0000,0.0000
1782997353.7763,0.0000,-0.0000,0.0000,0.0000,0.0000,0.0000,0.0000,0.0000,0.0000,0.0000,-0.0000,0.0000
1782997353.8264,0.0000,-0.0000,0.0000,0.0000,0.0000,0.0000,0.0000,0.0000,0.0000,0.0000,-0.0000,0.0000
1782997353.8763,0.0000,-0.0000,0.0000,0.0000,0.0000,0.0000,0.0000,0.0000,0.0000,0.0000,-0.0000,0.0000
1782997353.9263,0.0000,-0.0000,0.0000,0.0000,0.0000,0.0000,0.0000,0.0000,0.0000,0.0000,-0.0000,0.0000
1782997353.9763,0.0000,-0.0000,0.0000,0.0000,0.0000,0.0000,0.0000,0.0000,0.0000,0.0000,-0.0000,0.0000
1782997354.0263,0.0000,-0.0000,0.0000,0.0000,0.0000,0.0000,0.0000,0.0000,0.0000,0.0000,-0.0000,0.0000
1782997354.0764,0.0000,-0.0000,0.0000,0.0000,0.0000,0.0000,0.0000,0.0000,0.0000,0.0000,-0.0000,0.0000
1782997354.1264,0.0000,-0.0000,0.0000,0.0000,0.0000,0.0000,0.0000,0.0000,0.0000,0.0000,-0.0000,0.0000
1782997354.1765,0.0000,-0.0000,0.0000,0.0000,0.0000,0.0000,0.0000,0.0000,0.0000,0.0000,-0.0000,0.0000
1782997354.2263,0.0000,-0.0000,0.0000,0.0000,0.0000,0.0000,0.0000,0.0000,0.0000,0.0000,-0.0000,0.0000
1782997354.2763,0.0000,-0.0000,0.0000,0.0000,0.0000,0.0000,0.0000,0.0000,0.0000,0.0000,-0.0000,0.0000
1782997354.3264,0.0000,-0.0000,0.0000,0.0000,0.0000,0.0000,0.0000,0.0000,0.0000,0.0000,-0.0000,0.0000
1782997354.3764,0.0000,-0.0000,0.0000,0.0000,0.0000,0.0000,0.0000,0.0000,0.0000,0.0000,-0.0000,0.0000
1782997354.4264,0.0000,-0.0000,0.0000,0.0000,0.0000,0.0000,0.0000,0.0000,0.0000,0.0000,-0.0000,0.0000
1782997354.4763,0.0000,-0.0000,0.0000,0.0000,0.0000,0.0000,0.0000,0.0000,0.0000,0.0000,-0.0000,0.0000
1782997354.5263,0.0000,-0.0000,0.0000,0.0000,0.0000,0.0000,0.0000,0.0000,0.0000,0.0000,-0.0000,0.0000
1782997354.5763,0.0000,-0.0000,0.0000,0.0000,0.0000,0.0000,0.0000,0.0000,0.0000,0.0000,-0.0000,0.0000
1782997354.6263,0.0000,-0.0000,0.0000,0.0000,0.0000,0.0000,0.0000,0.0000,0.0000,0.0000,-0.0000,0.0000
1782997354.6763,0.0000,-0.0000,0.0000,0.0000,0.0000,0.0000,0.0000,0.0000,0.0000,0.0000,-0.0000,0.0000
1782997354.7264,0.0000,-0.0000,0.0000,0.0000,0.0000,0.0000,0.0000,0.0000,0.0000,0.0000,-0.0000,0.0000
1782997354.7763,0.0000,-0.0000,0.0000,0.0000,0.0000,0.0000,0.0000,0.0000,0.0000,0.0000,-0.0000,0.0000
1782997354.8265,0.0000,-0.0000,0.0000,0.0000,0.0000,0.0000,0.0000,0.0000,0.0000,0.0000,-0.0000,0.0000
1782997354.8764,0.0000,-0.0000,0.0000,0.0000,0.0000,0.0000,0.0000,0.0000,0.0000,0.0000,-0.0000,0.0000
1782997354.9263,0.0000,-0.0000,0.0000,0.0000,0.0000,0.0000,0.0000,0.0000,0.0000,0.0000,-0.0000,0.0000
1782997354.9763,0.0000,-0.0000,0.0000,0.0000,0.0000,0.0000,0.0000,0.0000,0.0000,0.0000,-0.0000,0.0000
1782997355.0263,0.0000,-0.0000,0.0000,0.0000,0.0000,0.0000,0.0000,0.0000,0.0000,0.0000,-0.0000,0.0000
1782997355.0764,0.0000,-0.0000,0.0000,0.0000,0.0000,0.0000,0.0000,0.0000,0.0000,0.0000,-0.0000,0.0000
1782997355.1264,0.0000,-0.0000,0.0000,0.0000,0.0000,0.0000,0.0000,0.0000,0.0000,0.0000,-0.0000,0.0000
1782997355.1765,0.0000,-0.0000,0.0000,0.0000,0.0000,0.0000,0.0000,0.0000,0.0000,0.0000,-0.0000,0.0000
1782997355.2264,0.0000,-0.0000,0.0000,0.0000,0.0000,0.0000,0.0000,0.0000,0.0000,0.0000,-0.0000,0.0000
1782997355.2763,0.0000,-0.0000,0.0000,0.0000,0.0000,0.0000,0.0000,0.0000,0.0000,0.0000,-0.0000,0.0000
1782997355.3264,0.0000,-0.0000,0.0000,0.0000,0.0000,0.0000,0.0000,0.0000,0.0000,0.0000,-0.0000,0.0000
1782997355.3763,0.0000,-0.0000,0.0000,0.0000,0.0000,0.0000,0.0000,0.0000,0.0000,0.0000,-0.0000,0.0000
1782997355.4760,-0.0660,-0.0000,-6.0000,0.0660,0.0040,7.0000,0.0660,0.0050,6.0000,-0.0660,-0.0030,-6.0000
1782997355.4770,0.0260,-0.0140,2.0000,0.1570,0.0010,20.0000,0.1570,0.0220,19.0000,0.0260,-0.0080,2.0000
1782997355.5264,0.1440,0.0000,17.0000,0.2760,0.1940,23.0000,0.2760,0.1500,26.0000,0.1440,0.0220,16.0000
1782997355.5764,0.2620,0.1630,22.0000,0.3940,0.3200,27.0000,0.3940,0.3230,28.0000,0.2620,0.1640,22.0000
1782997355.6264,0.2620,0.2990,16.0000,0.3940,0.4450,22.0000,0.5140,0.4100,35.0000,0.3820,0.2750,28.0000
1782997355.6764,0.4330,0.4670,22.0000,0.5640,0.6110,28.0000,0.5640,0.5960,31.0000,0.4330,0.4600,24.0000
1782997355.7264,0.5770,0.5830,30.0000,0.7090,0.7120,36.0000,0.6960,0.7340,36.0000,0.5910,0.5710,33.0000
1782997355.7764,0.5910,0.6150,30.0000,0.6960,0.7140,36.0000,0.6960,0.7160,38.0000,0.5910,0.6020,32.0000
1782997355.8265,0.5910,0.6200,30.0000,0.6960,0.7260,35.0000,0.7090,0.7280,38.0000,0.5770,0.6050,31.0000
1782997355.8764,0.5770,0.6100,29.0000,0.7090,0.7400,35.0000,0.7090,0.7280,38.0000,0.5770,0.5920,32.0000
1782997355.9273,0.5640,0.5910,28.0000,0.7220,0.7270,37.0000,0.7220,0.7460,38.0000,0.5640,0.5950,30.0000
1782997355.9765,0.5640,0.5800,28.0000,0.7220,0.7410,36.0000,0.7220,0.7480,37.0000,0.5640,0.5660,32.0000
1782997356.0264,0.5640,0.5810,28.0000,0.7220,0.7440,36.0000,0.7220,0.7500,37.0000,0.5640,0.5800,30.0000
1782997356.0765,0.5640,0.5710,28.0000,0.7220,0.7330,36.0000,0.7220,0.7410,37.0000,0.5640,0.5660,31.0000
1782997356.1265,0.5640,0.5790,28.0000,0.7220,0.7250,37.0000,0.7220,0.7360,37.0000,0.5640,0.5730,31.0000
1782997356.1766,0.5640,0.5800,28.0000,0.7220,0.7340,36.0000,0.7220,0.7400,37.0000,0.5640,0.5700,31.0000
1782997356.2265,0.5640,0.5790,27.0000,0.7220,0.7430,35.0000,0.7220,0.7290,37.0000,0.5640,0.5580,31.0000
1782997356.2765,0.5640,0.5780,27.0000,0.7220,0.7260,36.0000,0.7220,0.7320,37.0000,0.5640,0.5760,30.0000
1782997356.3265,0.5640,0.5750,27.0000,0.7220,0.7260,36.0000,0.7220,0.7250,37.0000,0.5640,0.5610,31.0000
1782997356.3764,0.5640,0.5760,27.0000,0.7220,0.7360,35.0000,0.7220,0.7310,37.0000,0.5640,0.5800,30.0000
1782997356.4265,0.5640,0.5700,27.0000,0.7220,0.7350,35.0000,0.7220,0.7210,37.0000,0.5640,0.5560,31.0000
1782997356.4765,0.5640,0.5710,27.0000,0.7220,0.7180,36.0000,0.7220,0.7280,37.0000,0.5640,0.5590,31.0000
1782997356.5264,0.5640,0.5660,28.0000,0.7220,0.7290,35.0000,0.7220,0.7290,37.0000,0.5640,0.5670,31.0000
1782997356.5765,0.5640,0.5700,27.0000,0.7220,0.7340,35.0000,0.7220,0.7300,36.0000,0.5640,0.5600,31.0000
1782997356.6266,0.5640,0.5660,27.0000,0.7220,0.7300,35.0000,0.7220,0.7220,37.0000,0.5640,0.5800,30.0000
1782997356.6765,0.5640,0.5650,27.0000,0.7220,0.7130,36.0000,0.7220,0.7260,37.0000,0.5640,0.5560,31.0000
1782997356.7264,0.5640,0.5680,27.0000,0.7220,0.7210,36.0000,0.7220,0.7330,36.0000,0.5640,0.5680,31.0000
1782997356.7764,0.5640,0.5660,27.0000,0.7220,0.7310,35.0000,0.7220,0.7190,37.0000,0.5640,0.5630,31.0000
1782997356.8265,0.5640,0.5690,27.0000,0.7220,0.7260,35.0000,0.7220,0.7260,36.0000,0.5640,0.5590,31.0000
1782997356.8765,0.5640,0.5690,27.0000,0.7220,0.7210,35.0000,0.7090,0.7210,36.0000,0.5770,0.5830,31.0000
1782997356.9265,0.5770,0.5780,28.0000,0.7090,0.7120,35.0000,0.7090,0.7170,36.0000,0.5770,0.5680,32.0000
1782997356.9764,0.5770,0.5790,28.0000,0.7090,0.7250,34.0000,0.7090,0.7020,36.0000,0.5770,0.5820,31.0000
1782997357.0265,0.5770,0.5760,28.0000,0.7090,0.7050,35.0000,0.7090,0.7110,36.0000,0.5770,0.5750,31.0000
1782997357.0765,0.5770,0.5820,27.0000,0.7090,0.7030,35.0000,0.7090,0.7050,36.0000,0.5770,0.5860,31.0000
1782997357.1265,0.5770,0.5790,28.0000,0.7090,0.7170,34.0000,0.7090,0.7070,36.0000,0.5770,0.5790,31.0000
1782997357.1773,0.5770,0.5750,28.0000,0.7090,0.7150,34.0000,0.7090,0.6970,37.0000,0.5770,0.5720,31.0000
1782997357.2264,0.5770,0.5760,28.0000,0.7090,0.6990,35.0000,0.7090,0.7110,36.0000,0.5770,0.5870,31.0000
1782997357.2765,0.5770,0.5760,28.0000,0.7090,0.7040,35.0000,0.7090,0.7100,36.0000,0.5770,0.5730,31.0000
1782997357.3265,0.5770,0.5760,28.0000,0.7090,0.7200,34.0000,0.7090,0.7130,36.0000,0.5770,0.5920,30.0000
1782997357.3766,0.5770,0.5750,28.0000,0.7090,0.7130,35.0000,0.7090,0.7020,36.0000,0.5770,0.5730,31.0000
1782997357.4265,0.5770,0.5750,28.0000,0.7090,0.7000,35.0000,0.7090,0.7090,36.0000,0.5770,0.5750,31.0000
1782997357.4765,0.5770,0.5760,28.0000,0.7090,0.7080,35.0000,0.7090,0.7190,35.0000,0.5770,0.5810,31.0000
1782997357.5265,0.5770,0.5790,27.0000,0.7090,0.7140,34.0000,0.7090,0.7140,36.0000,0.5770,0.5750,31.0000
1782997357.5765,0.5770,0.5820,27.0000,0.7090,0.7050,35.0000,0.7090,0.7070,36.0000,0.5770,0.5960,30.0000
1782997357.6265,0.5770,0.5790,27.0000,0.7090,0.6970,35.0000,0.7090,0.7120,36.0000,0.5770,0.5670,31.0000
1782997357.6765,0.5770,0.5760,28.0000,0.7090,0.7110,35.0000,0.7090,0.7210,35.0000,0.5770,0.5900,30.0000
1782997357.7265,0.5770,0.5780,27.0000,0.7090,0.7170,34.0000,0.7090,0.7090,36.0000,0.5770,0.5740,31.0000
1782997357.7765,0.5770,0.5810,27.0000,0.7090,0.7070,35.0000,0.7090,0.7130,36.0000,0.5770,0.5880,30.0000
1782997357.8265,0.5770,0.5790,27.0000,0.7090,0.7040,35.0000,0.7090,0.7100,36.0000,0.5770,0.5830,30.0000
1782997357.8765,0.5770,0.5770,27.0000,0.7090,0.7120,35.0000,0.7090,0.7170,35.0000,0.5770,0.5690,31.0000
1782997357.9265,0.5770,0.5790,27.0000,0.7090,0.7160,34.0000,0.7090,0.7000,36.0000,0.5770,0.5830,30.0000
1782997357.9765,0.5770,0.5770,27.0000,0.7090,0.7030,35.0000,0.7090,0.7110,36.0000,0.5770,0.5640,31.0000
1782997358.0265,0.5770,0.5780,27.0000,0.7090,0.7040,35.0000,0.7090,0.7060,36.0000,0.5770,0.5860,30.0000
1782997358.0765,0.5770,0.5770,27.0000,0.7090,0.7170,34.0000,0.7090,0.7130,36.0000,0.5770,0.5700,31.0000
1782997358.1265,0.5770,0.5810,27.0000,0.7090,0.7150,34.0000,0.7090,0.7040,36.0000,0.5770,0.5740,31.0000
1782997358.1768,0.5770,0.5640,28.0000,0.7090,0.7020,35.0000,0.7090,0.7110,36.0000,0.5770,0.5750,31.0000
1782997358.2265,0.5770,0.5770,28.0000,0.7090,0.7040,35.0000,0.7090,0.7090,36.0000,0.5770,0.5710,31.0000
1782997358.2765,0.5770,0.5750,28.0000,0.7090,0.7160,34.0000,0.7090,0.7060,36.0000,0.5770,0.5870,30.0000
1782997358.3264,0.5770,0.5740,28.0000,0.7090,0.7130,34.0000,0.7090,0.7030,36.0000,0.5770,0.5700,31.0000
1782997358.3765,0.5770,0.5740,28.0000,0.7090,0.6970,35.0000,0.7090,0.7120,36.0000,0.5770,0.5860,30.0000
1782997358.4266,0.5770,0.5740,28.0000,0.7090,0.7070,35.0000,0.7090,0.7140,36.0000,0.5770,0.5700,31.0000
1782997358.4765,0.5770,0.5770,28.0000,0.7090,0.7160,34.0000,0.7090,0.7070,36.0000,0.5770,0.5850,30.0000
1782997358.5265,0.5770,0.5780,28.0000,0.7090,0.7040,35.0000,0.7090,0.7070,36.0000,0.5770,0.5830,31.0000
1782997358.5765,0.5770,0.5800,27.0000,0.7090,0.7000,35.0000,0.7090,0.7100,36.0000,0.5770,0.5680,31.0000
1782997358.6265,0.5770,0.5730,28.0000,0.7090,0.7100,35.0000,0.7090,0.7150,35.0000,0.5770,0.5820,30.0000
1782997358.6765,0.5770,0.5760,28.0000,0.7090,0.7150,34.0000,0.7090,0.7080,36.0000,0.5770,0.5670,31.0000
1782997358.7265,0.5770,0.5790,28.0000,0.7090,0.7100,35.0000,0.7090,0.7150,35.0000,0.5770,0.5920,30.0000
1782997358.7765,0.5770,0.5770,28.0000,0.7090,0.7040,35.0000,0.7090,0.7100,36.0000,0.5770,0.5660,31.0000
1782997358.8266,0.5770,0.5810,27.0000,0.7090,0.7160,34.0000,0.7090,0.7140,35.0000,0.5770,0.5770,31.0000
1782997358.8765,0.5770,0.5770,28.0000,0.7090,0.7180,34.0000,0.7090,0.6980,36.0000,0.5770,0.5790,31.0000
1782997358.9265,0.5770,0.5760,28.0000,0.7090,0.7050,35.0000,0.7090,0.7090,36.0000,0.5770,0.5750,31.0000
1782997358.9765,0.5770,0.5780,28.0000,0.7090,0.7060,35.0000,0.7090,0.7050,36.0000,0.5770,0.5980,30.0000
1782997359.0265,0.5770,0.5760,28.0000,0.7090,0.7170,34.0000,0.7090,0.7110,36.0000,0.5770,0.5600,32.0000
1782997359.0765,0.5770,0.5750,28.0000,0.7090,0.7150,34.0000,0.7090,0.7040,36.0000,0.5770,0.5860,30.0000
1782997359.1265,0.5770,0.5730,28.0000,0.7090,0.6990,35.0000,0.7090,0.7090,36.0000,0.5770,0.5680,31.0000
1782997359.1766,0.5770,0.5780,28.0000,0.7090,0.7060,35.0000,0.7090,0.7090,36.0000,0.5770,0.5870,30.0000
1782997359.2265,0.5770,0.5820,27.0000,0.7090,0.7150,34.0000,0.7090,0.7070,36.0000,0.5770,0.5820,31.0000
1782997359.2765,0.5770,0.5760,28.0000,0.7090,0.7130,34.0000,0.7090,0.7030,36.0000,0.5770,0.5670,31.0000
1782997359.3266,0.5770,0.5760,28.0000,0.7090,0.7020,35.0000,0.7090,0.7110,36.0000,0.5770,0.5810,31.0000
1782997359.3765,0.5770,0.5700,28.0000,0.7090,0.7130,34.0000,0.7090,0.7170,35.0000,0.5770,0.5650,32.0000
1782997359.4265,0.5770,0.5810,27.0000,0.7090,0.7140,34.0000,0.7090,0.7120,36.0000,0.5770,0.5920,30.0000
1782997359.4765,0.5770,0.5790,28.0000,0.7090,0.7090,35.0000,0.7090,0.7100,36.0000,0.5770,0.5690,31.0000
1782997359.5265,0.5770,0.5770,28.0000,0.7090,0.7010,35.0000,0.7090,0.7100,36.0000,0.5770,0.5750,31.0000
1782997359.5765,0.5770,0.5730,28.0000,0.7090,0.7130,34.0000,0.7090,0.7140,35.0000,0.5770,0.5750,31.0000
1782997359.6266,0.5770,0.5810,27.0000,0.7090,0.7160,34.0000,0.7090,0.7030,36.0000,0.5770,0.5730,31.0000
1782997359.6765,0.5770,0.5790,28.0000,0.7090,0.7080,35.0000,0.7090,0.7070,36.0000,0.5770,0.5930,30.0000
1782997359.7265,0.5770,0.5770,28.0000,0.7090,0.7040,35.0000,0.7090,0.7090,36.0000,0.5770,0.5650,32.0000
1782997359.7765,0.5770,0.5770,28.0000,0.7090,0.7130,34.0000,0.7090,0.7160,35.0000,0.5770,0.5800,31.0000
1782997359.8266,0.5770,0.5770,28.0000,0.7090,0.7100,35.0000,0.7090,0.7020,36.0000,0.5770,0.5710,31.0000
1782997359.8766,0.5770,0.5790,27.0000,0.7090,0.7070,35.0000,0.7090,0.7110,36.0000,0.5770,0.5800,31.0000
1782997359.9266,0.5770,0.5800,27.0000,0.7090,0.7080,35.0000,0.7090,0.7050,36.0000,0.5770,0.5840,30.0000
1782997359.9765,0.5770,0.5770,27.0000,0.7090,0.7130,34.0000,0.7090,0.7120,36.0000,0.5770,0.5690,31.0000
1782997360.0265,0.5770,0.5740,28.0000,0.7090,0.7170,34.0000,0.7090,0.6990,36.0000,0.5770,0.5860,30.0000
1782997360.0766,0.5770,0.5750,28.0000,0.7090,0.6990,35.0000,0.7090,0.7130,35.0000,0.5770,0.5680,31.0000
1782997360.1266,0.5770,0.5790,28.0000,0.7090,0.7080,35.0000,0.7090,0.7140,35.0000,0.5770,0.5910,30.0000
1782997360.1767,0.5770,0.5790,28.0000,0.7090,0.7150,34.0000,0.7090,0.7120,35.0000,0.5770,0.5690,31.0000
1782997360.2266,0.5770,0.5810,27.0000,0.7090,0.7080,35.0000,0.7090,0.7030,36.0000,0.5770,0.5750,31.0000
1782997360.2765,0.5770,0.5750,28.0000,0.7090,0.7020,35.0000,0.7090,0.7080,36.0000,0.5770,0.5770,31.0000
1782997360.3266,0.5770,0.5780,27.0000,0.7090,0.7090,35.0000,0.7090,0.7150,35.0000,0.5770,0.5740,31.0000
1782997360.3765,0.5770,0.5760,28.0000,0.7090,0.7130,34.0000,0.7090,0.7100,36.0000,0.5770,0.5980,30.0000
1782997360.4265,0.5770,0.5730,28.0000,0.7090,0.7100,35.0000,0.7090,0.7110,36.0000,0.5770,0.5680,31.0000
1782997360.4767,0.5770,0.5730,28.0000,0.7090,0.7000,35.0000,0.7090,0.7080,36.0000,0.5770,0.5770,31.0000
1782997360.5265,0.5770,0.5770,28.0000,0.7090,0.7110,35.0000,0.7090,0.7180,35.0000,0.5770,0.5680,31.0000
1782997360.5766,0.5770,0.5760,28.0000,0.7090,0.7140,34.0000,0.7090,0.7070,36.0000,0.5770,0.5810,31.0000
1782997360.6265,0.5770,0.5760,28.0000,0.7090,0.7120,34.0000,0.7090,0.7130,35.0000,0.5770,0.5900,30.0000
1782997360.6766,0.5770,0.5820,27.0000,0.7090,0.7030,35.0000,0.7090,0.7060,36.0000,0.5770,0.5700,31.0000
1782997360.7266,0.5770,0.5710,28.0000,0.7090,0.7120,34.0000,0.7090,0.7150,35.0000,0.5770,0.5850,30.0000
1782997360.7766,0.5770,0.5770,28.0000,0.7090,0.7190,34.0000,0.7090,0.7060,36.0000,0.5770,0.5730,31.0000
1782997360.8266,0.5770,0.5770,28.0000,0.7090,0.7060,35.0000,0.7090,0.7130,35.0000,0.5770,0.5980,29.0000
1782997360.8766,0.5770,0.5730,28.0000,0.7090,0.7070,35.0000,0.7090,0.7040,36.0000,0.5770,0.5720,31.0000
1782997360.9266,0.5770,0.5810,27.0000,0.7090,0.7130,34.0000,0.7090,0.7140,35.0000,0.5770,0.5740,31.0000
1782997360.9766,0.5770,0.5730,28.0000,0.7090,0.7170,34.0000,0.7090,0.6960,36.0000,0.5770,0.5810,30.0000
1782997361.0265,0.5770,0.5810,27.0000,0.7090,0.7020,35.0000,0.7090,0.7090,36.0000,0.5770,0.5830,30.0000
1782997361.0766,0.5770,0.5760,28.0000,0.7090,0.7090,34.0000,0.7090,0.7110,36.0000,0.5770,0.5920,30.0000
1782997361.1266,0.5770,0.5690,28.0000,0.7090,0.7140,34.0000,0.7090,0.7160,35.0000,0.5770,0.5680,31.0000
1782997361.1768,0.5770,0.5800,27.0000,0.7090,0.7150,34.0000,0.7090,0.6980,36.0000,0.5770,0.5760,30.0000
1782997361.2266,0.5770,0.5740,28.0000,0.7090,0.6960,35.0000,0.7090,0.7070,36.0000,0.5770,0.5700,31.0000
1782997361.2766,0.5770,0.5820,27.0000,0.7090,0.7140,34.0000,0.7090,0.7130,35.0000,0.5770,0.5820,30.0000
1782997361.3267,0.5770,0.5780,28.0000,0.7090,0.7110,34.0000,0.7090,0.7120,35.0000,0.5770,0.5790,30.0000
1782997361.3766,0.5770,0.5770,28.0000,0.7090,0.7070,35.0000,0.7090,0.7070,36.0000,0.5770,0.5640,31.0000
1782997361.4266,0.5770,0.5760,28.0000,0.7090,0.7000,35.0000,0.7090,0.7090,36.0000,0.5770,0.5790,30.0000
1782997361.4766,0.5770,0.5750,28.0000,0.7090,0.7050,35.0000,0.7090,0.7180,35.0000,0.5770,0.5630,31.0000
1782997361.5266,0.5770,0.5780,28.0000,0.7090,0.7140,34.0000,0.7090,0.7110,35.0000,0.5770,0.5900,30.0000
1782997361.5768,0.5770,0.5730,28.0000,0.7090,0.7100,34.0000,0.7090,0.7060,36.0000,0.5770,0.5690,31.0000
1782997361.6266,0.5770,0.5780,28.0000,0.7090,0.7050,35.0000,0.7090,0.7090,36.0000,0.5770,0.5730,31.0000
1782997361.6766,0.5770,0.5720,28.0000,0.7090,0.7070,35.0000,0.7090,0.7140,35.0000,0.5770,0.5800,30.0000
1782997361.7266,0.5770,0.5840,27.0000,0.7090,0.7180,34.0000,0.7090,0.7090,36.0000,0.5770,0.5690,31.0000
1782997361.7766,0.5770,0.5780,28.0000,0.7090,0.7030,35.0000,0.7090,0.7120,35.0000,0.5770,0.5930,30.0000
1782997361.8266,0.5770,0.5710,28.0000,0.7090,0.7070,35.0000,0.7090,0.7070,36.0000,0.5770,0.5650,31.0000
1782997361.8766,0.5770,0.5800,27.0000,0.7090,0.7130,34.0000,0.7090,0.7080,36.0000,0.5770,0.5760,31.0000
1782997361.9266,0.5770,0.5760,28.0000,0.7090,0.7170,34.0000,0.7090,0.6990,36.0000,0.5770,0.5680,31.0000
1782997361.9766,0.5770,0.5830,27.0000,0.7090,0.7020,35.0000,0.7090,0.7100,35.0000,0.5770,0.5820,30.0000
1782997362.0266,0.5770,0.5790,28.0000,0.7090,0.7080,35.0000,0.7090,0.7110,35.0000,0.5770,0.5850,30.0000
1782997362.0765,0.5770,0.5720,28.0000,0.7090,0.7100,34.0000,0.7090,0.7070,36.0000,0.5770,0.5690,31.0000
1782997362.1266,0.5770,0.5800,27.0000,0.7090,0.7160,34.0000,0.7090,0.7010,36.0000,0.5770,0.5820,30.0000
1782997362.1766,0.5770,0.5740,28.0000,0.7090,0.6970,35.0000,0.7090,0.7120,35.0000,0.5770,0.5670,31.0000
1782997362.2266,0.5770,0.5780,28.0000,0.7090,0.7110,34.0000,0.7090,0.7130,35.0000,0.5770,0.5900,30.0000
1782997362.2766,0.5770,0.5810,27.0000,0.7090,0.7140,34.0000,0.7090,0.7100,35.0000,0.5770,0.5750,31.0000
1782997362.3266,0.5770,0.5810,27.0000,0.7090,0.7090,34.0000,0.7090,0.7060,36.0000,0.5770,0.5720,31.0000
1782997362.3774,0.5770,0.5680,28.0000,0.7090,0.7000,35.0000,0.7090,0.7100,35.0000,0.5770,0.5790,31.0000
1782997362.4265,0.5770,0.5830,27.0000,0.7090,0.7040,35.0000,0.7090,0.7200,35.0000,0.5770,0.5790,31.0000
1782997362.4766,0.5770,0.5780,28.0000,0.7090,0.7110,34.0000,0.7090,0.7080,36.0000,0.5770,0.5960,29.0000
1782997362.5266,0.5770,0.5730,28.0000,0.7090,0.7070,35.0000,0.7090,0.7070,36.0000,0.5770,0.5690,31.0000
1782997362.5767,0.5770,0.5800,27.0000,0.7090,0.7030,35.0000,0.7090,0.7070,36.0000,0.5770,0.5880,30.0000
1782997362.6266,0.5770,0.5770,28.0000,0.7090,0.7100,34.0000,0.7090,0.7190,35.0000,0.5770,0.5840,30.0000
1782997362.6766,0.5770,0.5780,27.0000,0.7090,0.7160,34.0000,0.7090,0.7040,36.0000,0.5770,0.5930,29.0000
1782997362.7266,0.5770,0.5790,27.0000,0.7090,0.7020,35.0000,0.7090,0.7120,35.0000,0.5770,0.5810,30.0000
1782997362.7766,0.5770,0.5790,27.0000,0.7090,0.7060,35.0000,0.7090,0.7040,36.0000,0.5770,0.5710,30.0000
1782997362.8267,0.5770,0.5720,28.0000,0.7090,0.7130,34.0000,0.7090,0.7140,35.0000,0.5770,0.5820,30.0000
1782997362.8766,0.5770,0.5780,28.0000,0.7090,0.7190,34.0000,0.7090,0.6960,36.0000,0.5770,0.5780,30.0000
1782997362.9266,0.5770,0.5760,28.0000,0.7090,0.7030,35.0000,0.7090,0.7110,36.0000,0.5770,0.5970,29.0000
1782997362.9766,0.5770,0.5800,27.0000,0.7090,0.7120,34.0000,0.7090,0.7120,36.0000,0.5770,0.5710,30.0000
1782997363.0266,0.5770,0.5790,27.0000,0.7090,0.7110,34.0000,0.7090,0.7110,36.0000,0.5770,0.5840,29.0000
1782997363.0766,0.5770,0.5660,28.0000,0.7090,0.7110,34.0000,0.7090,0.7020,36.0000,0.5770,0.5780,30.0000
1782997363.1266,0.5770,0.5770,28.0000,0.7090,0.7010,35.0000,0.7090,0.7100,36.0000,0.5770,0.5860,29.0000
1782997363.1768,0.5770,0.5730,28.0000,0.7090,0.7100,34.0000,0.7090,0.7160,35.0000,0.5770,0.5880,29.0000
1782997363.2266,0.5770,0.5730,28.0000,0.7090,0.7180,34.0000,0.7090,0.7090,36.0000,0.5770,0.5670,30.0000
1782997363.2766,0.5770,0.5770,28.0000,0.7090,0.7080,35.0000,0.7090,0.7060,36.0000,0.5770,0.5810,29.0000
1782997363.3267,0.5770,0.5720,28.0000,0.7090,0.7020,35.0000,0.7090,0.7110,35.0000,0.5770,0.5710,30.0000
1782997363.3767,0.5770,0.5830,27.0000,0.7090,0.7070,35.0000,0.7090,0.7190,35.0000,0.5770,0.5900,29.0000
1782997363.4266,0.5770,0.5810,27.0000,0.7090,0.7110,34.0000,0.7090,0.7070,36.0000,0.5770,0.5820,29.0000
1782997363.4766,0.5770,0.5780,28.0000,0.7090,0.7040,35.0000,0.7090,0.7070,36.0000,0.5770,0.5720,30.0000
1782997363.5267,0.5770,0.5760,28.0000,0.7090,0.7040,35.0000,0.7090,0.7040,36.0000,0.5770,0.5840,29.0000
1782997363.5767,0.5770,0.5830,27.0000,0.7090,0.7100,34.0000,0.7090,0.7200,35.0000,0.5770,0.5660,30.0000
1782997363.6267,0.5770,0.5780,27.0000,0.7090,0.7200,34.0000,0.7090,0.7000,36.0000,0.5770,0.5830,29.0000
1782997363.6771,0.5770,0.5800,27.0000,0.7090,0.7050,35.0000,0.7090,0.7120,35.0000,0.5770,0.5590,31.0000
1782997363.7266,0.5770,0.5790,27.0000,0.7090,0.7060,35.0000,0.7090,0.7050,36.0000,0.5770,0.5680,30.0000
1782997363.7767,0.5770,0.5670,28.0000,0.7090,0.7070,35.0000,0.7090,0.7130,35.0000,0.5770,0.5700,30.0000
1782997363.8267,0.5770,0.5830,27.0000,0.7090,0.7190,34.0000,0.7090,0.7000,36.0000,0.5770,0.5680,30.0000
1782997363.8767,0.5770,0.5770,28.0000,0.7090,0.7040,35.0000,0.7090,0.7100,36.0000,0.5770,0.5860,29.0000
1782997363.9267,0.5770,0.5740,28.0000,0.7090,0.7110,34.0000,0.7090,0.7110,35.0000,0.5770,0.5590,31.0000
1782997363.9767,0.5770,0.5730,28.0000,0.7090,0.7110,34.0000,0.7090,0.7120,35.0000,0.5770,0.5710,30.0000
1782997364.0266,0.5770,0.5750,28.0000,0.7090,0.7180,34.0000,0.7090,0.7030,36.0000,0.5770,0.5630,31.0000
1782997364.0767,0.5770,0.5760,28.0000,0.7090,0.6990,35.0000,0.7090,0.7080,36.0000,0.5770,0.5740,31.0000
1782997364.1266,0.5770,0.5760,28.0000,0.7090,0.7130,34.0000,0.7090,0.7120,35.0000,0.5770,0.5850,30.0000
1782997364.1767,0.5770,0.5750,28.0000,0.7090,0.7100,34.0000,0.7090,0.7080,36.0000,0.5770,0.5640,31.0000
1782997364.2267,0.5770,0.5730,28.0000,0.7090,0.7120,34.0000,0.7090,0.7060,36.0000,0.5770,0.5880,30.0000
1782997364.2767,0.5770,0.5770,28.0000,0.7090,0.7020,35.0000,0.7090,0.7110,35.0000,0.5770,0.5750,31.0000
1782997364.3267,0.5770,0.5780,28.0000,0.7090,0.7050,35.0000,0.7090,0.7150,35.0000,0.5770,0.5940,29.0000
1782997364.3766,0.5770,0.5790,27.0000,0.7090,0.7100,34.0000,0.7090,0.7070,36.0000,0.5770,0.5690,31.0000
1782997364.4267,0.5770,0.5850,27.0000,0.7090,0.7060,35.0000,0.7090,0.7100,35.0000,0.5770,0.5700,31.0000
1782997364.4768,0.5770,0.5720,28.0000,0.7090,0.6970,35.0000,0.7090,0.7010,36.0000,0.5770,0.5790,30.0000
1782997364.5267,0.5770,0.5790,27.0000,0.7090,0.7120,34.0000,0.7090,0.7200,35.0000,0.5770,0.5700,31.0000
1782997364.5766,0.5770,0.5770,28.0000,0.7090,0.7160,34.0000,0.7090,0.7020,36.0000,0.5770,0.5920,29.0000
1782997364.6267,0.5770,0.5770,28.0000,0.7090,0.7040,35.0000,0.7090,0.7130,35.0000,0.5770,0.5650,31.0000
1782997364.6766,0.5770,0.5730,28.0000,0.7090,0.7050,35.0000,0.7090,0.7060,36.0000,0.5770,0.5730,31.0000
1782997364.7266,0.5770,0.5780,28.0000,0.7090,0.7090,35.0000,0.7090,0.7130,35.0000,0.5770,0.5720,31.0000
1782997364.7767,0.5770,0.5800,27.0000,0.7090,0.7180,34.0000,0.7090,0.6990,36.0000,0.5770,0.5800,30.0000
1782997364.8267,0.5770,0.5790,27.0000,0.7090,0.7040,35.0000,0.7090,0.7110,35.0000,0.5770,0.5890,30.0000
1782997364.8775,0.5770,0.5750,28.0000,0.7090,0.7090,35.0000,0.7090,0.7070,36.0000,0.5770,0.5670,31.0000
1782997364.9266,0.5770,0.5670,28.0000,0.7090,0.7120,34.0000,0.7090,0.7110,35.0000,0.5770,0.5790,30.0000
1782997364.9767,0.5770,0.5690,28.0000,0.7090,0.7200,34.0000,0.7090,0.7020,36.0000,0.5770,0.5660,31.0000
1782997365.0266,0.5770,0.5800,28.0000,0.7090,0.6940,35.0000,0.7090,0.7100,35.0000,0.5770,0.5910,30.0000
1782997365.0767,0.5770,0.5800,28.0000,0.7090,0.7090,35.0000,0.7090,0.7110,35.0000,0.5770,0.5780,30.0000
1782997365.1267,0.5770,0.5800,28.0000,0.7090,0.7090,35.0000,0.7090,0.7090,35.0000,0.5770,0.5680,31.0000
1782997365.1767,0.5770,0.5740,28.0000,0.7090,0.7160,34.0000,0.7090,0.7050,36.0000,0.5770,0.5780,30.0000
1782997365.2267,0.5770,0.5800,28.0000,0.7090,0.7010,35.0000,0.7090,0.7090,35.0000,0.5770,0.5680,31.0000
1782997365.2768,0.5770,0.5770,28.0000,0.7090,0.7110,34.0000,0.7090,0.7180,35.0000,0.5770,0.5910,30.0000
1782997365.3268,0.5770,0.5790,28.0000,0.7090,0.7140,34.0000,0.7090,0.7100,35.0000,0.5770,0.5720,31.0000
1782997365.3767,0.5770,0.5730,28.0000,0.7090,0.7050,35.0000,0.7090,0.7070,36.0000,0.5770,0.5730,31.0000
1782997365.4267,0.5770,0.5690,28.0000,0.7090,0.6990,35.0000,0.7090,0.7070,36.0000,0.5770,0.5710,31.0000
1782997365.4767,0.5770,0.5810,27.0000,0.7090,0.7100,34.0000,0.7090,0.7180,35.0000,0.5770,0.5750,31.0000
1782997365.5267,0.5770,0.5820,27.0000,0.7090,0.7170,34.0000,0.7090,0.7010,36.0000,0.5770,0.5890,30.0000
1782997365.5768,0.5770,0.5790,28.0000,0.7090,0.7050,35.0000,0.7090,0.7120,35.0000,0.5770,0.5660,31.0000
1782997365.6267,0.5770,0.5730,28.0000,0.7090,0.7090,35.0000,0.7090,0.7060,36.0000,0.5770,0.5790,30.0000
1782997365.6768,0.5770,0.5750,28.0000,0.7090,0.7100,34.0000,0.7090,0.7180,35.0000,0.5770,0.5700,31.0000
1782997365.7268,0.5770,0.5770,28.0000,0.7090,0.7200,34.0000,0.7090,0.6980,36.0000,0.5770,0.5850,30.0000
1782997365.7767,0.5770,0.5770,28.0000,0.7090,0.7050,35.0000,0.7090,0.7090,36.0000,0.5770,0.5810,30.0000
1782997365.8268,0.5770,0.5790,28.0000,0.7090,0.7100,34.0000,0.7090,0.7030,36.0000,0.5770,0.5680,31.0000
1782997365.8767,0.5770,0.5770,28.0000,0.7090,0.7130,34.0000,0.7090,0.7130,35.0000,0.5770,0.5830,30.0000
1782997365.9268,0.5770,0.5790,28.0000,0.7090,0.7140,34.0000,0.7090,0.6980,36.0000,0.5770,0.5730,31.0000
1782997365.9767,0.5770,0.5760,28.0000,0.7090,0.7020,35.0000,0.7090,0.7080,36.0000,0.5770,0.5920,30.0000
1782997366.0276,0.5770,0.5800,27.0000,0.7090,0.7140,34.0000,0.7090,0.7140,36.0000,0.5770,0.5710,31.0000
1782997366.0767,0.5770,0.5780,28.0000,0.7090,0.7080,35.0000,0.7090,0.7100,35.0000,0.5770,0.5770,30.0000
1782997366.1273,0.5770,0.5740,28.0000,0.7090,0.7120,34.0000,0.7090,0.7020,36.0000,0.5770,0.5730,31.0000
1782997366.1775,0.5770,0.5820,27.0000,0.7090,0.6970,35.0000,0.7090,0.7080,36.0000,0.5770,0.5810,30.0000
1782997366.2269,0.5770,0.5780,28.0000,0.7090,0.7120,34.0000,0.7090,0.7210,35.0000,0.5770,0.5910,30.0000
1782997366.2768,0.5770,0.5710,28.0000,0.7090,0.7110,34.0000,0.7090,0.7140,35.0000,0.5770,0.5710,31.0000
1782997366.3268,0.5770,0.5770,28.0000,0.7090,0.7130,34.0000,0.7090,0.7110,35.0000,0.5770,0.5780,30.0000
1782997366.3768,0.5770,0.5780,28.0000,0.7090,0.6990,35.0000,0.7090,0.7050,36.0000,0.5770,0.5670,31.0000
1782997366.4267,0.5770,0.5800,27.0000,0.7090,0.7080,35.0000,0.7090,0.7180,35.0000,0.5770,0.5840,30.0000
1782997366.4768,0.5770,0.5790,27.0000,0.7090,0.7210,34.0000,0.7090,0.7010,36.0000,0.5770,0.5840,30.0000
1782997366.5268,0.5770,0.5780,28.0000,0.7090,0.7110,34.0000,0.7090,0.7120,35.0000,0.5770,0.5660,31.0000
1782997366.5768,0.5770,0.5660,28.0000,0.7090,0.7060,34.0000,0.7090,0.7080,36.0000,0.5770,0.5800,30.0000
1782997366.6267,0.5770,0.5740,28.0000,0.7090,0.7090,34.0000,0.7090,0.7180,35.0000,0.5770,0.5700,31.0000
1782997366.6768,0.5770,0.5750,28.0000,0.7090,0.7210,34.0000,0.7090,0.7000,36.0000,0.5770,0.5910,30.0000
1782997366.7268,0.5770,0.5820,27.0000,0.7090,0.7050,35.0000,0.7090,0.7060,36.0000,0.5770,0.5730,31.0000
1782997366.7767,0.5770,0.5790,28.0000,0.7090,0.7070,34.0000,0.7090,0.7010,36.0000,0.5770,0.5690,31.0000
1782997366.8268,0.5770,0.5760,28.0000,0.7090,0.7100,34.0000,0.7090,0.7160,35.0000,0.5770,0.5750,31.0000
1782997366.8768,0.5770,0.5810,27.0000,0.7090,0.7190,34.0000,0.7090,0.6990,36.0000,0.5770,0.5750,31.0000
1782997366.9267,0.5770,0.5800,27.0000,0.7090,0.6970,35.0000,0.7090,0.7080,35.0000,0.5770,0.5940,30.0000
1782997366.9767,0.5910,0.5740,29.0000,0.6960,0.7090,33.0000,0.6960,0.7100,34.0000,0.5910,0.5660,32.0000
1782997367.0267,0.5910,0.5830,29.0000,0.6960,0.7050,33.0000,0.6960,0.6980,35.0000,0.5910,0.5940,31.0000
1782997367.0767,0.5910,0.5880,28.0000,0.6960,0.6990,34.0000,0.6960,0.6890,35.0000,0.5910,0.5860,31.0000
1782997367.1267,0.5910,0.5900,28.0000,0.6960,0.6850,34.0000,0.6960,0.6950,35.0000,0.5910,0.5990,31.0000
1782997367.1767,0.5910,0.5970,28.0000,0.6960,0.6990,34.0000,0.6960,0.6970,35.0000,0.5910,0.5910,31.0000
1782997367.2267,0.5910,0.5910,28.0000,0.6960,0.7010,33.0000,0.6960,0.6980,35.0000,0.5910,0.5820,32.0000
1782997367.2767,0.5910,0.5800,29.0000,0.6960,0.6970,34.0000,0.6960,0.6940,35.0000,0.5910,0.5950,31.0000
1782997367.3268,0.5910,0.5900,29.0000,0.6960,0.6840,34.0000,0.6960,0.6950,35.0000,0.5910,0.5810,32.0000
1782997367.3767,0.5910,0.5910,29.0000,0.6960,0.6960,34.0000,0.6960,0.7010,35.0000,0.5910,0.6060,30.0000
1782997367.4273,0.5910,0.5870,29.0000,0.6960,0.7000,33.0000,0.6960,0.6990,35.0000,0.5910,0.5810,32.0000
1782997367.4769,0.5910,0.5880,29.0000,0.6960,0.6930,34.0000,0.6960,0.6960,35.0000,0.5910,0.5860,31.0000
1782997367.5267,0.4710,0.5850,19.0000,0.5760,0.6820,24.0000,0.4560,0.6880,15.0000,0.3510,0.5680,12.0000
1782997367.7267,0.0000,0.1490,0.0000,0.0000,0.2620,0.0000,0.0000,0.3180,0.0000,0.0000,0.1420,0.0000
1782997367.7273,0.0000,0.0100,0.0000,0.0000,0.0180,0.0000,0.0000,0.0130,0.0000,0.0000,0.0100,0.0000
1782997367.7281,0.0000,0.0010,0.0000,0.0000,0.0010,0.0000,0.0000,0.0020,0.0000,0.0000,0.0010,0.0000
1782997367.7288,0.0000,0.0000,0.0000,0.0000,0.0000,0.0000,0.0000,0.0000,0.0000,0.0000,0.0000,0.0000
1782997367.9267,0.0000,0.0000,0.0000,0.0000,0.0000,0.0000,0.0000,0.0000,0.0000,0.0000,0.0000,0.0000
1782997367.9273,0.0000,0.0000,0.0000,0.0000,0.0000,0.0000,0.0000,0.0000,0.0000,0.0000,0.0000,0.0000
1782997367.9281,0.0000,0.0000,0.0000,0.0000,0.0000,0.0000,0.0000,0.0000,0.0000,0.0000,0.0000,0.0000
1782997367.9288,0.0000,0.0000,0.0000,0.0000,0.0000,0.0000,0.0000,0.0000,0.0000,0.0000,0.0000,0.0000
1782997368.1267,0.0000,0.0000,0.0000,0.0000,0.0000,0.0000,0.0000,0.0000,0.0000,0.0000,0.0000,0.0000
1782997368.1273,0.0000,0.0000,0.0000,0.0000,0.0000,0.0000,0.0000,0.0000,0.0000,0.0000,0.0000,0.0000
1782997368.1280,0.0000,0.0000,0.0000,0.0000,0.0000,0.0000,0.0000,0.0000,0.0000,0.0000,0.0000,0.0000
1782997368.1287,0.0000,0.0000,0.0000,0.0000,0.0000,0.0000,0.0000,0.0000,0.0000,0.0000,0.0000,0.0000
1782997368.2666,0.0000,0.0000,0.0000,0.0000,0.0000,0.0000,0.0000,0.0000,0.0000,0.0000,0.0000,0.0000
1782997368.2672,0.0000,0.0000,0.0000,0.0000,0.0000,0.0000,0.0000,0.0000,0.0000,0.0000,0.0000,0.0000
1782997368.4267,0.0000,0.0000,0.0000,0.0000,0.0000,0.0000,0.0000,0.0000,0.0000,0.0000,0.0000,0.0000
1782997368.4274,0.0000,0.0000,0.0000,0.0000,0.0000,0.0000,0.0000,0.0000,0.0000,0.0000,0.0000,0.0000
1782997368.4280,0.0000,0.0000,0.0000,0.0000,0.0000,0.0000,0.0000,0.0000,0.0000,0.0000,0.0000,0.0000
1782997368.4287,0.0000,0.0000,0.0000,0.0000,0.0000,0.0000,0.0000,0.0000,0.0000,0.0000,0.0000,0.0000
1782997368.4767,0.0000,0.0000,0.0000,0.0000,0.0000,0.0000,0.0520,0.0000,5.0000,-0.0520,0.0000,-5.0000
1782997368.5268,-0.0520,-0.0090,-4.0000,0.0520,0.0040,5.0000,-0.0680,0.0090,-7.0000,-0.1310,-0.0080,-16.0000
1782997368.5769,-0.1310,-0.1500,-8.0000,-0.1310,-0.1450,-7.0000,-0.2510,-0.0520,-27.0000,-0.2510,-0.1600,-22.0000
1782997368.6269,-0.4590,-0.4470,-25.0000,-0.4590,-0.4690,-23.0000,-0.5790,-0.4460,-36.0000,-0.5790,-0.4990,-34.0000
1782997368.6769,-0.6430,-0.6650,-32.0000,-0.6430,-0.6500,-32.0000,-0.6430,-0.6200,-36.0000,-0.6430,-0.6720,-33.0000
1782997368.7277,-0.6430,-0.6790,-33.0000,-0.6430,-0.6660,-33.0000,-0.6430,-0.6550,-36.0000,-0.6430,-0.6880,-33.0000
1782997368.7770,-0.6430,-0.6830,-32.0000,-0.6430,-0.6660,-33.0000,-0.6430,-0.6560,-36.0000,-0.6430,-0.6820,-33.0000
1782997368.8270,-0.6430,-0.6830,-32.0000,-0.6430,-0.6740,-33.0000,-0.6430,-0.6590,-36.0000,-0.6430,-0.6850,-32.0000
1782997368.8769,-0.6430,-0.6740,-32.0000,-0.6430,-0.6640,-33.0000,-0.6430,-0.6330,-37.0000,-0.6430,-0.6680,-33.0000
1782997368.9270,-0.6430,-0.6720,-32.0000,-0.6430,-0.6680,-32.0000,-0.6430,-0.6710,-35.0000,-0.6430,-0.6800,-32.0000
1782997368.9769,-0.6430,-0.6620,-32.0000,-0.6430,-0.6530,-33.0000,-0.6430,-0.6520,-36.0000,-0.6430,-0.6640,-32.0000
1782997369.0269,-0.6430,-0.6660,-31.0000,-0.6430,-0.6610,-32.0000,-0.6430,-0.6580,-36.0000,-0.6430,-0.6650,-32.0000
1782997369.0771,-0.6430,-0.6550,-32.0000,-0.6430,-0.6510,-33.0000,-0.6430,-0.6280,-37.0000,-0.6430,-0.6500,-32.0000
1782997369.1271,-0.6430,-0.6580,-31.0000,-0.6430,-0.6540,-32.0000,-0.6430,-0.6590,-35.0000,-0.6430,-0.6670,-31.0000
1782997369.1770,-0.6430,-0.6470,-32.0000,-0.6430,-0.6430,-33.0000,-0.6430,-0.6430,-36.0000,-0.6430,-0.6520,-32.0000
1782997369.2272,-0.6430,-0.6590,-31.0000,-0.6430,-0.6560,-32.0000,-0.6430,-0.6630,-35.0000,-0.6430,-0.6570,-31.0000
1782997369.2770,-0.6430,-0.6480,-32.0000,-0.6430,-0.6560,-32.0000,-0.6430,-0.6250,-37.0000,-0.6430,-0.6400,-32.0000
1782997369.3271,-0.6430,-0.6580,-31.0000,-0.6430,-0.6500,-32.0000,-0.6430,-0.6570,-35.0000,-0.6430,-0.6650,-31.0000
1782997369.3770,-0.6430,-0.6380,-32.0000,-0.6430,-0.6500,-32.0000,-0.6430,-0.6450,-36.0000,-0.6430,-0.6500,-32.0000
1782997369.4270,-0.6430,-0.6620,-30.0000,-0.6430,-0.6510,-32.0000,-0.6430,-0.6670,-34.0000,-0.6430,-0.6510,-31.0000
1782997369.4769,-0.6430,-0.6410,-32.0000,-0.6430,-0.6520,-32.0000,-0.6430,-0.6330,-36.0000,-0.6430,-0.6360,-32.0000
1782997369.5269,-0.6430,-0.6520,-31.0000,-0.6430,-0.6450,-32.0000,-0.6430,-0.6500,-35.0000,-0.6430,-0.6580,-31.0000
1782997369.5771,-0.6430,-0.6330,-32.0000,-0.6430,-0.6470,-32.0000,-0.6430,-0.6440,-36.0000,-0.6430,-0.6440,-31.0000
1782997369.6270,-0.6430,-0.6530,-31.0000,-0.6430,-0.6480,-32.0000,-0.6430,-0.6630,-35.0000,-0.6430,-0.6480,-31.0000
1782997369.6771,-0.6430,-0.6310,-32.0000,-0.6430,-0.6480,-32.0000,-0.6430,-0.6350,-36.0000,-0.6430,-0.6380,-32.0000
1782997369.7271,-0.6430,-0.6470,-31.0000,-0.6430,-0.6400,-32.0000,-0.6430,-0.6370,-36.0000,-0.6430,-0.6570,-31.0000
1782997369.7770,-0.6430,-0.6350,-32.0000,-0.6430,-0.6480,-31.0000,-0.6430,-0.6540,-35.0000,-0.6430,-0.6460,-31.0000
1782997369.8271,-0.6430,-0.6560,-31.0000,-0.6430,-0.6400,-32.0000,-0.6430,-0.6560,-35.0000,-0.6430,-0.6440,-31.0000
1782997369.8771,-0.6430,-0.6420,-31.0000,-0.6430,-0.6480,-31.0000,-0.6430,-0.6410,-36.0000,-0.6430,-0.6450,-31.0000
1782997369.9271,-0.6430,-0.6500,-31.0000,-0.6430,-0.6440,-32.0000,-0.6430,-0.6290,-36.0000,-0.6430,-0.6570,-30.0000
1782997369.9771,-0.6430,-0.6410,-31.0000,-0.6430,-0.6410,-32.0000,-0.6430,-0.6560,-35.0000,-0.6430,-0.6490,-31.0000
1782997370.0270,-0.6430,-0.6470,-31.0000,-0.6430,-0.6420,-32.0000,-0.6430,-0.6440,-35.0000,-0.6430,-0.6440,-31.0000
1782997370.0776,-0.6430,-0.6440,-31.0000,-0.6430,-0.6470,-31.0000,-0.6430,-0.6470,-35.0000,-0.6430,-0.6490,-31.0000
1782997370.1274,-0.6430,-0.6430,-31.0000,-0.6430,-0.6420,-32.0000,-0.6430,-0.6220,-37.0000,-0.6430,-0.6370,-31.0000
1782997370.1770,-0.6430,-0.6500,-31.0000,-0.6430,-0.6450,-31.0000,-0.6430,-0.6590,-34.0000,-0.6430,-0.6550,-30.0000
1782997370.2272,-0.6430,-0.6410,-31.0000,-0.6430,-0.6380,-32.0000,-0.6430,-0.6400,-36.0000,-0.6430,-0.6380,-31.0000
1782997370.2771,-0.6430,-0.6480,-31.0000,-0.6430,-0.6460,-31.0000,-0.6430,-0.6600,-34.0000,-0.6430,-0.6440,-31.0000
1782997370.3272,-0.6430,-0.6380,-31.0000,-0.6430,-0.6440,-31.0000,-0.6430,-0.6170,-37.0000,-0.6430,-0.6300,-32.0000
1782997370.3771,-0.6430,-0.6460,-31.0000,-0.6430,-0.6480,-31.0000,-0.6430,-0.6530,-35.0000,-0.6430,-0.6590,-30.0000
1782997370.4270,-0.6430,-0.6360,-31.0000,-0.6430,-0.6350,-32.0000,-0.6430,-0.6400,-36.0000,-0.6430,-0.6410,-31.0000
1782997370.4770,-0.6430,-0.6500,-31.0000,-0.6430,-0.6490,-31.0000,-0.6430,-0.6600,-34.0000,-0.6430,-0.6500,-31.0000
1782997370.5270,-0.6430,-0.6410,-31.0000,-0.6430,-0.6490,-31.0000,-0.6430,-0.6270,-36.0000,-0.6430,-0.6330,-32.0000
1782997370.5772,-0.6430,-0.6540,-30.0000,-0.6430,-0.6490,-31.0000,-0.6430,-0.6460,-35.0000,-0.6430,-0.6570,-30.0000
1782997370.6270,-0.6430,-0.6320,-32.0000,-0.6430,-0.6410,-32.0000,-0.6430,-0.6510,-35.0000,-0.6430,-0.6330,-31.0000
1782997370.6770,-0.6430,-0.6500,-31.0000,-0.6430,-0.6510,-31.0000,-0.6430,-0.6600,-34.0000,-0.6430,-0.6420,-31.0000
1782997370.7271,-0.6430,-0.6290,-32.0000,-0.6430,-0.6530,-31.0000,-0.6430,-0.6290,-36.0000,-0.6430,-0.6320,-32.0000
1782997370.7771,-0.6430,-0.6480,-31.0000,-0.6430,-0.6430,-31.0000,-0.6430,-0.6390,-35.0000,-0.6430,-0.6540,-30.0000
1782997370.8271,-0.6430,-0.6340,-32.0000,-0.6430,-0.6360,-32.0000,-0.6430,-0.6500,-35.0000,-0.6430,-0.6420,-31.0000
1782997370.8771,-0.6430,-0.6460,-31.0000,-0.6430,-0.6440,-31.0000,-0.6430,-0.6520,-35.0000,-0.6430,-0.6450,-31.0000
1782997370.9270,-0.6430,-0.6310,-32.0000,-0.6430,-0.6550,-31.0000,-0.6430,-0.6420,-35.0000,-0.6430,-0.6380,-31.0000
1782997370.9770,-0.6430,-0.6430,-31.0000,-0.6430,-0.6460,-31.0000,-0.6430,-0.6310,-36.0000,-0.6430,-0.6450,-31.0000
1782997371.0272,-0.6430,-0.6440,-31.0000,-0.6430,-0.6390,-31.0000,-0.6430,-0.6550,-35.0000,-0.6430,-0.6440,-31.0000
1782997371.0770,-0.6430,-0.6450,-31.0000,-0.6430,-0.6380,-31.0000,-0.6430,-0.6430,-35.0000,-0.6430,-0.6370,-31.0000
1782997371.1270,-0.6430,-0.6440,-31.0000,-0.6430,-0.6470,-31.0000,-0.6430,-0.6450,-35.0000,-0.6430,-0.6470,-31.0000
1782997371.1770,-0.6430,-0.6420,-31.0000,-0.6430,-0.6440,-31.0000,-0.6430,-0.6250,-36.0000,-0.6430,-0.6370,-31.0000
1782997371.2270,-0.6430,-0.6500,-31.0000,-0.6430,-0.6380,-31.0000,-0.6430,-0.6580,-34.0000,-0.6430,-0.6520,-30.0000
1782997371.2769,-0.6430,-0.6450,-31.0000,-0.6430,-0.6380,-32.0000,-0.6430,-0.6420,-35.0000,-0.6430,-0.6390,-31.0000
1782997371.3270,-0.6430,-0.6450,-31.0000,-0.6430,-0.6470,-31.0000,-0.6430,-0.6560,-34.0000,-0.6430,-0.6490,-31.0000
1782997371.3786,-0.6430,-0.6430,-31.0000,-0.6430,-0.6480,-31.0000,-0.6430,-0.6180,-36.0000,-0.6430,-0.6340,-31.0000
1782997371.4274,-0.6430,-0.6500,-31.0000,-0.6430,-0.6410,-31.0000,-0.6430,-0.6540,-35.0000,-0.6430,-0.6580,-30.0000
1782997371.4770,-0.6430,-0.6350,-31.0000,-0.6430,-0.6350,-32.0000,-0.6430,-0.6390,-35.0000,-0.6430,-0.6370,-31.0000
1782997371.5271,-0.6430,-0.6500,-31.0000,-0.6430,-0.6560,-30.0000,-0.6430,-0.6600,-34.0000,-0.6430,-0.6510,-30.0000
1782997371.5771,-0.6430,-0.6370,-31.0000,-0.6430,-0.6540,-31.0000,-0.6430,-0.6210,-36.0000,-0.6430,-0.6310,-32.0000
1782997371.6270,-0.6430,-0.6490,-31.0000,-0.6430,-0.6450,-31.0000,-0.6430,-0.6520,-35.0000,-0.6430,-0.6560,-30.0000
1782997371.6770,-0.6430,-0.6330,-32.0000,-0.6430,-0.6330,-32.0000,-0.6430,-0.6510,-35.0000,-0.6430,-0.6390,-31.0000
1782997371.7271,-0.6430,-0.6520,-30.0000,-0.6430,-0.6470,-31.0000,-0.6430,-0.6610,-34.0000,-0.6430,-0.6450,-31.0000
1782997371.7770,-0.6430,-0.6380,-31.0000,-0.6430,-0.6550,-30.0000,-0.6430,-0.6240,-36.0000,-0.6430,-0.6350,-31.0000
1782997371.8271,-0.6430,-0.6490,-31.0000,-0.6430,-0.6380,-31.0000,-0.6430,-0.6420,-35.0000,-0.6430,-0.6510,-30.0000
1782997371.8770,-0.6430,-0.6410,-31.0000,-0.6430,-0.6350,-32.0000,-0.6430,-0.6460,-35.0000,-0.6430,-0.6470,-31.0000
1782997371.9270,-0.6430,-0.6470,-31.0000,-0.6430,-0.6410,-31.0000,-0.6430,-0.6570,-34.0000,-0.6430,-0.6480,-30.0000
1782997371.9770,-0.6430,-0.6400,-31.0000,-0.6430,-0.6430,-31.0000,-0.6430,-0.6350,-36.0000,-0.6430,-0.6400,-31.0000
1782997372.0270,-0.6430,-0.6460,-31.0000,-0.6430,-0.6390,-31.0000,-0.6430,-0.6350,-35.0000,-0.6430,-0.6490,-30.0000
1782997372.0771,-0.6430,-0.6440,-31.0000,-0.6430,-0.6370,-32.0000,-0.6430,-0.6540,-34.0000,-0.6430,-0.6480,-30.0000
1782997372.1270,-0.6430,-0.6460,-31.0000,-0.6430,-0.6340,-32.0000,-0.6430,-0.6470,-35.0000,-0.6430,-0.6410,-31.0000
1782997372.1771,-0.6430,-0.6410,-31.0000,-0.6430,-0.6420,-31.0000,-0.6430,-0.6420,-35.0000,-0.6430,-0.6390,-31.0000
1782997372.2270,-0.6430,-0.6430,-31.0000,-0.6430,-0.6420,-31.0000,-0.6430,-0.6230,-36.0000,-0.6430,-0.6400,-31.0000
1782997372.2770,-0.6430,-0.6430,-31.0000,-0.6430,-0.6470,-31.0000,-0.6430,-0.6550,-34.0000,-0.6430,-0.6480,-30.0000
1782997372.3271,-0.6430,-0.6390,-31.0000,-0.6430,-0.6360,-32.0000,-0.6430,-0.6390,-35.0000,-0.6430,-0.6430,-31.0000
1782997372.3771,-0.6430,-0.6450,-31.0000,-0.6430,-0.6490,-31.0000,-0.6430,-0.6570,-34.0000,-0.6430,-0.6420,-31.0000
1782997372.4270,-0.6430,-0.6370,-31.0000,-0.6430,-0.6370,-32.0000,-0.6430,-0.6250,-36.0000,-0.6430,-0.6340,-31.0000
1782997372.4770,-0.6430,-0.6480,-31.0000,-0.6430,-0.6430,-31.0000,-0.6430,-0.6560,-34.0000,-0.6430,-0.6540,-30.0000
1782997372.5270,-0.6430,-0.6340,-32.0000,-0.6430,-0.6400,-32.0000,-0.6430,-0.6370,-35.0000,-0.6430,-0.6370,-31.0000
1782997372.5772,-0.6430,-0.6530,-30.0000,-0.6430,-0.6450,-31.0000,-0.6430,-0.6600,-34.0000,-0.6430,-0.6490,-30.0000
1782997372.6270,-0.6430,-0.6360,-31.0000,-0.6430,-0.6440,-31.0000,-0.6430,-0.6210,-36.0000,-0.6430,-0.6310,-31.0000
1782997372.6770,-0.6430,-0.6460,-31.0000,-0.6430,-0.6450,-31.0000,-0.6430,-0.6540,-35.0000,-0.6430,-0.6520,-30.0000
1782997372.7279,-0.6430,-0.6320,-32.0000,-0.6430,-0.6440,-31.0000,-0.6430,-0.6450,-35.0000,-0.6430,-0.6360,-31.0000
1782997372.7771,-0.6430,-0.6540,-30.0000,-0.6430,-0.6470,-31.0000,-0.6430,-0.6620,-34.0000,-0.6430,-0.6460,-31.0000
1782997372.8271,-0.6430,-0.6400,-31.0000,-0.6430,-0.6430,-31.0000,-0.6430,-0.6370,-35.0000,-0.6430,-0.6300,-32.0000
1782997372.8771,-0.6430,-0.6470,-31.0000,-0.6430,-0.6450,-31.0000,-0.6430,-0.6520,-34.0000,-0.6430,-0.6540,-30.0000
1782997372.9271,-0.6430,-0.6350,-31.0000,-0.6430,-0.6390,-32.0000,-0.6430,-0.6480,-35.0000,-0.6430,-0.6410,-31.0000
1782997372.9771,-0.6430,-0.6560,-30.0000,-0.6430,-0.6440,-31.0000,-0.6430,-0.6580,-34.0000,-0.6430,-0.6490,-30.0000
1782997373.0271,-0.6430,-0.6400,-31.0000,-0.6430,-0.6440,-31.0000,-0.6430,-0.6360,-35.0000,-0.6430,-0.6380,-31.0000
1782997373.0771,-0.6430,-0.6460,-31.0000,-0.6430,-0.6420,-32.0000,-0.6430,-0.6410,-35.0000,-0.6430,-0.6510,-30.0000
1782997373.1271,-0.6430,-0.6440,-31.0000,-0.6430,-0.6370,-32.0000,-0.6430,-0.6500,-34.0000,-0.6430,-0.6480,-30.0000
1782997373.1771,-0.6430,-0.6490,-31.0000,-0.6430,-0.6430,-32.0000,-0.6430,-0.6530,-34.0000,-0.6430,-0.6470,-30.0000
1782997373.2270,-0.6430,-0.6410,-31.0000,-0.6430,-0.6390,-32.0000,-0.6430,-0.6460,-34.0000,-0.6430,-0.6390,-31.0000
1782997373.2770,-0.6430,-0.6410,-31.0000,-0.6430,-0.6420,-32.0000,-0.6430,-0.6300,-35.0000,-0.6430,-0.6420,-31.0000
1782997373.3271,-0.6430,-0.6450,-31.0000,-0.6430,-0.6410,-32.0000,-0.6430,-0.6580,-34.0000,-0.6430,-0.6540,-30.0000
1782997373.3771,-0.6430,-0.6360,-31.0000,-0.6430,-0.6360,-32.0000,-0.6430,-0.6420,-35.0000,-0.6430,-0.6380,-31.0000
1782997373.4271,-0.6430,-0.6480,-31.0000,-0.6430,-0.6490,-31.0000,-0.6430,-0.6530,-34.0000,-0.6430,-0.6430,-31.0000
1782997373.4771,-0.6430,-0.6370,-31.0000,-0.6430,-0.6440,-31.0000,-0.6430,-0.6280,-35.0000,-0.6430,-0.6350,-31.0000
1782997373.5271,-0.6430,-0.6420,-31.0000,-0.6430,-0.6450,-31.0000,-0.6430,-0.6550,-34.0000,-0.6430,-0.6560,-30.0000
1782997373.5772,-0.6430,-0.6360,-31.0000,-0.6430,-0.6400,-32.0000,-0.6430,-0.6390,-35.0000,-0.6430,-0.6420,-31.0000
1782997373.6271,-0.6430,-0.6520,-31.0000,-0.6430,-0.6520,-31.0000,-0.6430,-0.6540,-34.0000,-0.6430,-0.6490,-30.0000
1782997373.6771,-0.6430,-0.6380,-31.0000,-0.6430,-0.6400,-32.0000,-0.6430,-0.6240,-35.0000,-0.6430,-0.6340,-31.0000
1782997373.7271,-0.6430,-0.6490,-31.0000,-0.6430,-0.6460,-31.0000,-0.6430,-0.6530,-34.0000,-0.6430,-0.6550,-30.0000
1782997373.7770,-0.6430,-0.6330,-32.0000,-0.6430,-0.6450,-31.0000,-0.6430,-0.6440,-34.0000,-0.6430,-0.6350,-31.0000
1782997373.8271,-0.6430,-0.6560,-30.0000,-0.6430,-0.6520,-31.0000,-0.6430,-0.6530,-34.0000,-0.6430,-0.6480,-30.0000
1782997373.8771,-0.6430,-0.6370,-31.0000,-0.6430,-0.6420,-32.0000,-0.6430,-0.6320,-35.0000,-0.6430,-0.6300,-31.0000
1782997373.9270,-0.6430,-0.6480,-31.0000,-0.6430,-0.6450,-31.0000,-0.6430,-0.6530,-34.0000,-0.6430,-0.6510,-30.0000
1782997373.9770,-0.6430,-0.6370,-31.0000,-0.6430,-0.6420,-31.0000,-0.6430,-0.6480,-34.0000,-0.6430,-0.6390,-31.0000
1782997374.0278,-0.6430,-0.6540,-30.0000,-0.6430,-0.6440,-31.0000,-0.6430,-0.6540,-33.0000,-0.6430,-0.6430,-31.0000
1782997374.0777,-0.6430,-0.6380,-31.0000,-0.6430,-0.6400,-32.0000,-0.6430,-0.6290,-35.0000,-0.6430,-0.6320,-31.0000
1782997374.1271,-0.6430,-0.6490,-31.0000,-0.6430,-0.6420,-32.0000,-0.6430,-0.6370,-34.0000,-0.6430,-0.6440,-31.0000
1782997374.1770,-0.6430,-0.6410,-31.0000,-0.6430,-0.6390,-32.0000,-0.6430,-0.6510,-34.0000,-0.6430,-0.6510,-30.0000
1782997374.2272,-0.6430,-0.6500,-31.0000,-0.6430,-0.6430,-32.0000,-0.6430,-0.6550,-33.0000,-0.6430,-0.6440,-31.0000
1782997374.2771,-0.6430,-0.6390,-31.0000,-0.6430,-0.6410,-32.0000,-0.6430,-0.6400,-34.0000,-0.6430,-0.6390,-31.0000
1782997374.3272,-0.6430,-0.6400,-31.0000,-0.6430,-0.6380,-32.0000,-0.6430,-0.6310,-35.0000,-0.6430,-0.6440,-31.0000
1782997374.3771,-0.6430,-0.6440,-31.0000,-0.6430,-0.6400,-32.0000,-0.6430,-0.6520,-34.0000,-0.6430,-0.6520,-30.0000
1782997374.4271,-0.6430,-0.6440,-31.0000,-0.6430,-0.6420,-32.0000,-0.6430,-0.6450,-34.0000,-0.6430,-0.6410,-31.0000
1782997374.4771,-0.6430,-0.6440,-31.0000,-0.6430,-0.6440,-31.0000,-0.6430,-0.6440,-34.0000,-0.6430,-0.6410,-31.0000
1782997374.5270,-0.6430,-0.6390,-31.0000,-0.6430,-0.6460,-31.0000,-0.6430,-0.6210,-35.0000,-0.6430,-0.6330,-31.0000
1782997374.5772,-0.6430,-0.6480,-31.0000,-0.6430,-0.6470,-31.0000,-0.6430,-0.6510,-34.0000,-0.6430,-0.6520,-30.0000
1782997374.6271,-0.6430,-0.6330,-31.0000,-0.6430,-0.6420,-32.0000,-0.6430,-0.6420,-34.0000,-0.6430,-0.6420,-31.0000
1782997374.6771,-0.6430,-0.6510,-30.0000,-0.6430,-0.6460,-31.0000,-0.6430,-0.6530,-34.0000,-0.6430,-0.6420,-31.0000
1782997374.7271,-0.6430,-0.6370,-31.0000,-0.6430,-0.6440,-31.0000,-0.6430,-0.6190,-36.0000,-0.6430,-0.6290,-31.0000
1782997374.7771,-0.6430,-0.6490,-31.0000,-0.6430,-0.6460,-31.0000,-0.6430,-0.6540,-34.0000,-0.6430,-0.6520,-30.0000
1782997374.8271,-0.6430,-0.6330,-32.0000,-0.6430,-0.6450,-31.0000,-0.6430,-0.6360,-35.0000,-0.6430,-0.6380,-31.0000
1782997374.8771,-0.6430,-0.6550,-30.0000,-0.6430,-0.6470,-31.0000,-0.6430,-0.6560,-33.0000,-0.6430,-0.6480,-30.0000
1782997374.9272,-0.6430,-0.6340,-31.0000,-0.6430,-0.6420,-32.0000,-0.6430,-0.6290,-35.0000,-0.6430,-0.6290,-31.0000
1782997374.9771,-0.6430,-0.6490,-31.0000,-0.6430,-0.6410,-32.0000,-0.6430,-0.6520,-34.0000,-0.6430,-0.6550,-30.0000
1782997375.0271,-0.6430,-0.6380,-31.0000,-0.6430,-0.6430,-32.0000,-0.6430,-0.6460,-34.0000,-0.6430,-0.6410,-31.0000
1782997375.0779,-0.6430,-0.6480,-31.0000,-0.6430,-0.6440,-31.0000,-0.6430,-0.6540,-34.0000,-0.6430,-0.6480,-30.0000
1782997375.1272,-0.6430,-0.6350,-31.0000,-0.6430,-0.6450,-31.0000,-0.6430,-0.6380,-34.0000,-0.6430,-0.6300,-31.0000
1782997375.1771,-0.6430,-0.6440,-31.0000,-0.6430,-0.6410,-32.0000,-0.6430,-0.6420,-34.0000,-0.6430,-0.6550,-30.0000
1782997375.2271,-0.6430,-0.6450,-31.0000,-0.6430,-0.6420,-32.0000,-0.6430,-0.6450,-34.0000,-0.6430,-0.6500,-30.0000
1782997375.2771,-0.6430,-0.6470,-31.0000,-0.6430,-0.6410,-32.0000,-0.6430,-0.6450,-34.0000,-0.6430,-0.6500,-30.0000
1782997375.3272,-0.6430,-0.6380,-31.0000,-0.6430,-0.6460,-31.0000,-0.6430,-0.6380,-34.0000,-0.6430,-0.6380,-31.0000
1782997375.3772,-0.6430,-0.6470,-31.0000,-0.6430,-0.6420,-32.0000,-0.6430,-0.6280,-35.0000,-0.6430,-0.6460,-30.0000
1782997375.4272,-0.6430,-0.6470,-31.0000,-0.6430,-0.6400,-32.0000,-0.6430,-0.6470,-34.0000,-0.6430,-0.6510,-30.0000
1782997375.4771,-0.6430,-0.6400,-31.0000,-0.6430,-0.6380,-32.0000,-0.6430,-0.6410,-34.0000,-0.6430,-0.6420,-30.0000
1782997375.5271,-0.6430,-0.6470,-31.0000,-0.6430,-0.6450,-31.0000,-0.6430,-0.6460,-34.0000,-0.6430,-0.6390,-31.0000
1782997375.5776,-0.6430,-0.6370,-31.0000,-0.6430,-0.6420,-32.0000,-0.6430,-0.6180,-36.0000,-0.6430,-0.6380,-31.0000
1782997375.6272,-0.6430,-0.6460,-31.0000,-0.6430,-0.6410,-32.0000,-0.6430,-0.6550,-34.0000,-0.6430,-0.6580,-30.0000
1782997375.6772,-0.6430,-0.6350,-31.0000,-0.6430,-0.6400,-32.0000,-0.6430,-0.6380,-35.0000,-0.6430,-0.6460,-30.0000
1782997375.7271,-0.6430,-0.6510,-31.0000,-0.6430,-0.6460,-31.0000,-0.6430,-0.6550,-34.0000,-0.6430,-0.6470,-30.0000
1782997375.7772,-0.6430,-0.6370,-31.0000,-0.6430,-0.6440,-31.0000,-0.6430,-0.6230,-36.0000,-0.6430,-0.6420,-30.0000
1782997375.8272,-0.6430,-0.6490,-31.0000,-0.6430,-0.6460,-31.0000,-0.6430,-0.6560,-34.0000,-0.6430,-0.6570,-30.0000
1782997375.8772,-0.6430,-0.6350,-31.0000,-0.6430,-0.6370,-32.0000,-0.6430,-0.6420,-35.0000,-0.6430,-0.6390,-31.0000
1782997375.9271,-0.6430,-0.6500,-31.0000,-0.6430,-0.6510,-31.0000,-0.6430,-0.6560,-34.0000,-0.6430,-0.6410,-30.0000
1782997375.9771,-0.6430,-0.6430,-31.0000,-0.6430,-0.6400,-32.0000,-0.6430,-0.6290,-35.0000,-0.6430,-0.6310,-31.0000
1782997376.0271,-0.6430,-0.6540,-30.0000,-0.6430,-0.6460,-31.0000,-0.6430,-0.6470,-34.0000,-0.6430,-0.6550,-30.0000
1782997376.0771,-0.6430,-0.6350,-31.0000,-0.6430,-0.6430,-32.0000,-0.6430,-0.6380,-35.0000,-0.6430,-0.6440,-30.0000
1782997376.1272,-0.6430,-0.6480,-31.0000,-0.6430,-0.6430,-32.0000,-0.6430,-0.6550,-34.0000,-0.6430,-0.6390,-30.0000
1782997376.1772,-0.6430,-0.6380,-31.0000,-0.6430,-0.6470,-31.0000,-0.6430,-0.6280,-35.0000,-0.6430,-0.6300,-31.0000
1782997376.2272,-0.5230,-0.6450,-21.0000,-0.5230,-0.6380,-21.0000,-0.4030,-0.6280,-14.0000,-0.4030,-0.6350,-10.0000
1782997376.2769,0.0000,-0.1960,0.0000,0.0000,-0.1840,0.0000,0.0000,-0.3350,0.0000,0.0000,-0.0660,0.0000
1782997376.3269,0.0000,-0.0110,0.0000,0.0000,-0.0120,0.0000,0.0000,-0.0260,0.0000,0.0000,-0.0020,0.0000
1782997376.3769,0.0000,-0.0010,0.0000,0.0000,-0.0010,0.0000,0.0000,-0.0020,0.0000,0.0000,-0.0000,0.0000
1782997376.4268,0.0000,-0.0000,0.0000,0.0000,-0.0000,0.0000,0.0000,-0.0000,0.0000,0.0000,-0.0000,0.0000
1782997376.4769,0.0000,-0.0000,0.0000,0.0000,-0.0000,0.0000,0.0000,-0.0000,0.0000,0.0000,-0.0000,0.0000
1782997376.5269,0.0000,-0.0000,0.0000,0.0000,-0.0000,0.0000,0.0000,-0.0000,0.0000,0.0000,-0.0000,0.0000
1782997376.5770,0.0000,-0.0000,0.0000,0.0000,-0.0000,0.0000,0.0000,-0.0000,0.0000,0.0000,-0.0000,0.0000
1782997376.6269,0.0000,-0.0000,0.0000,0.0000,-0.0000,0.0000,0.0000,-0.0000,0.0000,0.0000,-0.0000,0.0000
1782997376.6769,0.0000,-0.0000,0.0000,0.0000,-0.0000,0.0000,0.0000,-0.0000,0.0000,0.0000,-0.0000,0.0000
1782997376.7269,0.0000,-0.0000,0.0000,0.0000,-0.0000,0.0000,0.0000,-0.0000,0.0000,0.0000,-0.0000,0.0000
1782997376.7769,0.0000,-0.0000,0.0000,0.0000,-0.0000,0.0000,0.0000,-0.0000,0.0000,0.0000,-0.0000,0.0000
1782997376.8270,0.0000,-0.0000,0.0000,0.0000,-0.0000,0.0000,0.0000,-0.0000,0.0000,0.0000,-0.0000,0.0000
1782997376.8769,0.0000,-0.0000,0.0000,0.0000,-0.0000,0.0000,0.0000,-0.0000,0.0000,0.0000,-0.0000,0.0000
1782997376.9269,0.0000,-0.0000,0.0000,0.0000,-0.0000,0.0000,0.0000,-0.0000,0.0000,0.0000,-0.0000,0.0000
1782997376.9769,0.0000,-0.0000,0.0000,0.0000,-0.0000,0.0000,0.0000,-0.0000,0.0000,0.0000,-0.0000,0.0000
1782997377.0268,0.0000,-0.0000,0.0000,0.0000,-0.0000,0.0000,0.0000,-0.0000,0.0000,0.0000,-0.0000,0.0000
1782997377.0770,0.0000,-0.0000,0.0000,0.0000,-0.0000,0.0000,0.0000,-0.0000,0.0000,0.0000,-0.0000,0.0000
1782997377.1270,-0.0920,-0.0110,-10.0000,0.0920,0.0110,10.0000,0.0920,0.0240,9.0000,-0.0920,-0.0390,-8.0000
1782997377.1770,-0.3320,-0.0970,-32.0000,0.3320,0.1020,32.0000,0.4520,0.1310,41.0000,-0.4520,-0.1590,-39.0000
1782997377.2271,-0.6430,-0.5370,-37.0000,0.6430,0.5410,37.0000,0.6430,0.5720,37.0000,-0.6430,-0.5840,-36.0000
1782997377.2770,-0.6430,-0.6840,-32.0000,0.6430,0.6750,33.0000,0.6430,0.6580,35.0000,-0.6430,-0.6890,-32.0000
1782997377.3271,-0.6430,-0.6760,-33.0000,0.6430,0.6770,33.0000,0.6430,0.6780,34.0000,-0.6430,-0.6830,-33.0000
1782997377.3770,-0.6430,-0.6810,-32.0000,0.6430,0.6820,33.0000,0.6430,0.6670,35.0000,-0.6430,-0.7100,-31.0000
1782997377.4270,-0.6430,-0.6710,-33.0000,0.6430,0.6670,34.0000,0.6430,0.6740,34.0000,-0.6430,-0.6880,-32.0000
1782997377.4770,-0.6430,-0.6790,-32.0000,0.6430,0.6550,34.0000,0.6430,0.6660,34.0000,-0.6430,-0.6810,-32.0000
1782997377.5270,-0.6430,-0.6620,-32.0000,0.6430,0.6590,33.0000,0.6430,0.6720,34.0000,-0.6430,-0.6640,-32.0000
1782997377.5770,-0.6430,-0.6710,-31.0000,0.6430,0.6660,33.0000,0.6430,0.6570,34.0000,-0.6430,-0.6820,-31.0000
1782997377.6270,-0.6430,-0.6580,-32.0000,0.6430,0.6570,33.0000,0.6430,0.6600,34.0000,-0.6430,-0.6630,-31.0000
1782997377.6770,-0.6430,-0.6660,-31.0000,0.6430,0.6430,34.0000,0.6430,0.6540,34.0000,-0.6430,-0.6580,-31.0000
1782997377.7272,-0.6430,-0.6570,-31.0000,0.6430,0.6560,33.0000,0.6430,0.6640,33.0000,-0.6430,-0.6490,-32.0000
1782997377.7771,-0.6430,-0.6590,-31.0000,0.6430,0.6600,32.0000,0.6430,0.6540,34.0000,-0.6430,-0.6700,-30.0000
1782997377.8271,-0.6430,-0.6470,-32.0000,0.6430,0.6510,33.0000,0.6430,0.6520,34.0000,-0.6430,-0.6470,-31.0000
1782997377.8777,-0.6430,-0.6570,-31.0000,0.6430,0.6400,33.0000,0.6430,0.6520,34.0000,-0.6430,-0.6510,-31.0000
1782997377.9278,-0.6430,-0.6440,-32.0000,0.6430,0.6520,32.0000,0.6430,0.6610,33.0000,-0.6430,-0.6360,-32.0000
1782997377.9770,-0.6430,-0.6570,-31.0000,0.6430,0.6510,32.0000,0.6430,0.6500,33.0000,-0.6430,-0.6590,-30.0000
1782997378.0271,-0.6430,-0.6400,-32.0000,0.6430,0.6520,32.0000,0.6430,0.6450,34.0000,-0.6430,-0.6480,-31.0000
1782997378.0771,-0.6430,-0.6550,-31.0000,0.6430,0.6390,33.0000,0.6430,0.6460,34.0000,-0.6430,-0.6500,-31.0000
1782997378.1270,-0.6430,-0.6430,-31.0000,0.6430,0.6450,33.0000,0.6430,0.6540,33.0000,-0.6430,-0.6390,-31.0000
1782997378.1771,-0.6430,-0.6470,-31.0000,0.6430,0.6470,32.0000,0.6430,0.6500,33.0000,-0.6430,-0.6540,-30.0000
1782997378.2272,-0.6430,-0.6420,-31.0000,0.6430,0.6510,32.0000,0.6430,0.6440,33.0000,-0.6430,-0.6460,-31.0000
1782997378.2771,-0.6430,-0.6480,-31.0000,0.6430,0.6400,33.0000,0.6430,0.6420,33.0000,-0.6430,-0.6530,-30.0000
1782997378.3271,-0.6430,-0.6440,-31.0000,0.6430,0.6460,32.0000,0.6430,0.6460,33.0000,-0.6430,-0.6420,-31.0000
1782997378.3770,-0.6430,-0.6460,-31.0000,0.6430,0.6500,32.0000,0.6430,0.6510,33.0000,-0.6430,-0.6470,-31.0000
1782997378.4271,-0.6430,-0.6390,-31.0000,0.6430,0.6530,32.0000,0.6430,0.6340,34.0000,-0.6430,-0.6480,-30.0000
1782997378.4771,-0.6430,-0.6500,-31.0000,0.6430,0.6400,33.0000,0.6430,0.6430,33.0000,-0.6430,-0.6460,-31.0000
1782997378.5271,-0.6430,-0.6440,-31.0000,0.6430,0.6430,32.0000,0.6430,0.6320,34.0000,-0.6430,-0.6430,-31.0000
1782997378.5771,-0.6430,-0.6440,-31.0000,0.6430,0.6440,32.0000,0.6430,0.6500,33.0000,-0.6430,-0.6440,-31.0000
1782997378.6271,-0.6430,-0.6420,-31.0000,0.6430,0.6470,32.0000,0.6430,0.6310,34.0000,-0.6430,-0.6540,-30.0000
1782997378.6771,-0.6430,-0.6400,-31.0000,0.6430,0.6420,32.0000,0.6430,0.6520,33.0000,-0.6430,-0.6510,-30.0000
1782997378.7271,-0.6430,-0.6470,-31.0000,0.6430,0.6370,33.0000,0.6430,0.6370,34.0000,-0.6430,-0.6400,-31.0000
1782997378.7771,-0.6430,-0.6380,-31.0000,0.6430,0.6400,33.0000,0.6430,0.6560,33.0000,-0.6430,-0.6360,-31.0000
1782997378.8271,-0.6430,-0.6470,-31.0000,0.6430,0.6490,32.0000,0.6430,0.6420,33.0000,-0.6430,-0.6510,-30.0000
1782997378.8772,-0.6430,-0.6320,-31.0000,0.6430,0.6430,32.0000,0.6430,0.6490,33.0000,-0.6430,-0.6410,-31.0000
1782997378.9271,-0.6430,-0.6480,-31.0000,0.6430,0.6360,33.0000,0.6430,0.6410,33.0000,-0.6430,-0.6430,-30.0000
1782997378.9770,-0.6430,-0.6380,-31.0000,0.6430,0.6430,32.0000,0.6430,0.6530,33.0000,-0.6430,-0.6380,-31.0000
1782997379.0270,-0.6430,-0.6550,-30.0000,0.6430,0.6520,32.0000,0.6430,0.6490,33.0000,-0.6430,-0.6590,-30.0000
1782997379.0772,-0.6430,-0.6280,-32.0000,0.6430,0.6530,32.0000,0.6430,0.6480,33.0000,-0.6430,-0.6410,-31.0000
1782997379.1271,-0.6430,-0.6550,-30.0000,0.6430,0.6330,33.0000,0.6430,0.6440,33.0000,-0.6430,-0.6440,-30.0000
1782997379.1778,-0.6430,-0.6410,-31.0000,0.6430,0.6390,32.0000,0.6430,0.6470,33.0000,-0.6430,-0.6340,-31.0000
1782997379.2276,-0.6430,-0.6530,-30.0000,0.6430,0.6460,32.0000,0.6430,0.6530,33.0000,-0.6430,-0.6520,-30.0000
1782997379.2770,-0.6430,-0.6380,-31.0000,0.6430,0.6530,32.0000,0.6430,0.6390,33.0000,-0.6430,-0.6440,-30.0000
1782997379.3272,-0.6430,-0.6510,-30.0000,0.6430,0.6320,33.0000,0.6430,0.6410,33.0000,-0.6430,-0.6460,-30.0000
1782997379.3771,-0.6430,-0.6380,-31.0000,0.6430,0.6430,32.0000,0.6430,0.6440,33.0000,-0.6430,-0.6340,-31.0000
1782997379.4271,-0.6430,-0.6470,-31.0000,0.6430,0.6480,32.0000,0.6430,0.6460,33.0000,-0.6430,-0.6520,-30.0000
1782997379.4772,-0.6430,-0.6370,-31.0000,0.6430,0.6590,31.0000,0.6430,0.6340,34.0000,-0.6430,-0.6470,-30.0000
1782997379.5271,-0.6430,-0.6460,-31.0000,0.6430,0.6390,32.0000,0.6430,0.6430,33.0000,-0.6430,-0.6450,-30.0000
1782997379.5773,-0.6430,-0.6390,-31.0000,0.6430,0.6420,32.0000,0.6430,0.6370,33.0000,-0.6430,-0.6380,-30.0000
1782997379.6271,-0.6430,-0.6400,-31.0000,0.6430,0.6450,32.0000,0.6430,0.6470,33.0000,-0.6430,-0.6440,-30.0000
1782997379.6770,-0.6430,-0.6440,-31.0000,0.6430,0.6560,31.0000,0.6430,0.6320,34.0000,-0.6430,-0.6500,-30.0000
1782997379.7271,-0.6430,-0.6380,-31.0000,0.6430,0.6410,32.0000,0.6430,0.6470,33.0000,-0.6430,-0.6400,-30.0000
1782997379.7771,-0.6430,-0.6460,-31.0000,0.6430,0.6430,32.0000,0.6430,0.6400,33.0000,-0.6430,-0.6440,-30.0000
1782997379.8272,-0.6430,-0.6380,-31.0000,0.6430,0.6490,32.0000,0.6430,0.6510,33.0000,-0.6430,-0.6400,-30.0000
1782997379.8774,-0.6430,-0.6490,-31.0000,0.6430,0.6520,31.0000,0.6430,0.6380,33.0000,-0.6430,-0.6550,-29.0000
1782997379.9272,-0.6430,-0.6340,-31.0000,0.6430,0.6430,32.0000,0.6430,0.6480,33.0000,-0.6430,-0.6380,-30.0000
1782997379.9771,-0.6430,-0.6540,-30.0000,0.6430,0.6320,33.0000,0.6430,0.6400,33.0000,-0.6430,-0.6470,-30.0000
1782997380.0271,-0.6430,-0.6410,-31.0000,0.6430,0.6430,32.0000,0.6430,0.6520,32.0000,-0.6430,-0.6320,-31.0000
1782997380.0772,-0.6430,-0.6510,-30.0000,0.6430,0.6510,31.0000,0.6430,0.6430,33.0000,-0.6430,-0.6520,-30.0000
1782997380.1272,-0.6430,-0.6340,-31.0000,0.6430,0.6420,32.0000,0.6430,0.6400,33.0000,-0.6430,-0.6380,-30.0000
1782997380.1771,-0.6430,-0.6550,-30.0000,0.6430,0.6300,33.0000,0.6430,0.6400,33.0000,-0.6430,-0.6460,-30.0000
1782997380.2272,-0.6430,-0.6380,-31.0000,0.6430,0.6460,32.0000,0.6430,0.6440,33.0000,-0.6430,-0.6290,-31.0000
1782997380.2772,-0.6430,-0.6500,-30.0000,0.6430,0.6500,31.0000,0.6430,0.6490,33.0000,-0.6430,-0.6490,-30.0000
1782997380.3271,-0.6430,-0.6340,-31.0000,0.6430,0.6500,31.0000,0.6430,0.6360,33.0000,-0.6430,-0.6390,-30.0000
1782997380.3778,-0.6430,-0.6530,-30.0000,0.6430,0.6280,33.0000,0.6430,0.6410,33.0000,-0.6430,-0.6460,-30.0000
1782997380.4270,-0.6430,-0.6360,-31.0000,0.6430,0.6450,32.0000,0.6430,0.6420,33.0000,-0.6430,-0.6330,-31.0000
1782997380.4778,-0.6430,-0.6510,-30.0000,0.6430,0.6510,31.0000,0.6430,0.6510,33.0000,-0.6430,-0.6520,-30.0000
1782997380.5279,-0.6430,-0.6390,-31.0000,0.6430,0.6510,31.0000,0.6430,0.6300,34.0000,-0.6430,-0.6500,-30.0000
1782997380.5771,-0.6430,-0.6470,-31.0000,0.6430,0.6360,32.0000,0.6430,0.6400,33.0000,-0.6430,-0.6470,-30.0000
1782997380.6272,-0.6430,-0.6410,-31.0000,0.6430,0.6450,32.0000,0.6430,0.6360,34.0000,-0.6430,-0.6420,-30.0000
1782997380.6771,-0.6430,-0.6460,-31.0000,0.6430,0.6430,32.0000,0.6430,0.6510,33.0000,-0.6430,-0.6470,-30.0000
1782997380.7271,-0.6430,-0.6420,-31.0000,0.6430,0.6540,31.0000,0.6430,0.6340,34.0000,-0.6430,-0.6480,-30.0000
1782997380.7772,-0.6430,-0.6400,-31.0000,0.6430,0.6390,32.0000,0.6430,0.6470,33.0000,-0.6430,-0.6410,-30.0000
1782997380.8272,-0.6430,-0.6440,-31.0000,0.6430,0.6400,32.0000,0.6430,0.6370,33.0000,-0.6430,-0.6460,-30.0000
1782997380.8772,-0.6430,-0.6420,-31.0000,0.6430,0.6450,32.0000,0.6430,0.6540,32.0000,-0.6430,-0.6390,-30.0000
1782997380.9271,-0.6430,-0.6490,-31.0000,0.6430,0.6500,32.0000,0.6430,0.6350,34.0000,-0.6430,-0.6510,-30.0000
1782997380.9771,-0.6430,-0.6310,-32.0000,0.6430,0.6440,32.0000,0.6430,0.6470,33.0000,-0.6430,-0.6350,-30.0000
1782997381.0272,-0.6430,-0.6510,-30.0000,0.6430,0.6290,33.0000,0.6430,0.6420,33.0000,-0.6430,-0.6410,-30.0000
1782997381.0772,-0.6430,-0.6390,-31.0000,0.6430,0.6430,32.0000,0.6430,0.6510,33.0000,-0.6430,-0.6350,-31.0000
1782997381.1272,-0.6430,-0.6510,-30.0000,0.6430,0.6500,32.0000,0.6430,0.6410,33.0000,-0.6430,-0.6550,-29.0000
1782997381.1771,-0.6430,-0.6360,-31.0000,0.6430,0.6400,32.0000,0.6430,0.6430,33.0000,-0.6430,-0.6400,-30.0000
1782997381.2273,-0.6430,-0.6510,-30.0000,0.6430,0.6320,32.0000,0.6430,0.6420,33.0000,-0.6430,-0.6450,-30.0000
1782997381.2772,-0.6430,-0.6380,-31.0000,0.6430,0.6410,32.0000,0.6430,0.6500,33.0000,-0.6430,-0.6330,-31.0000
1782997381.3272,-0.6430,-0.6540,-30.0000,0.6430,0.6490,32.0000,0.6430,0.6440,33.0000,-0.6430,-0.6540,-29.0000
1782997381.3772,-0.6430,-0.6380,-31.0000,0.6430,0.6480,32.0000,0.6430,0.6330,34.0000,-0.6430,-0.6360,-31.0000
1782997381.4272,-0.6430,-0.6530,-30.0000,0.6430,0.6340,32.0000,0.6430,0.6440,33.0000,-0.6430,-0.6430,-30.0000
1782997381.4772,-0.6430,-0.6380,-31.0000,0.6430,0.6420,32.0000,0.6430,0.6420,33.0000,-0.6430,-0.6270,-31.0000
1782997381.5271,-0.6430,-0.6500,-30.0000,0.6430,0.6470,32.0000,0.6430,0.6500,33.0000,-0.6430,-0.6470,-30.0000
1782997381.5772,-0.6430,-0.6360,-31.0000,0.6430,0.6480,32.0000,0.6430,0.6290,34.0000,-0.6430,-0.6500,-30.0000
1782997381.6272,-0.6430,-0.6440,-31.0000,0.6430,0.6410,32.0000,0.6430,0.6450,33.0000,-0.6430,-0.6440,-30.0000
1782997381.6772,-0.6430,-0.6440,-31.0000,0.6430,0.6440,32.0000,0.6430,0.6330,34.0000,-0.6430,-0.6330,-31.0000
1782997381.7271,-0.6430,-0.6500,-30.0000,0.6430,0.6480,32.0000,0.6430,0.6500,32.0000,-0.6430,-0.6400,-30.0000
1782997381.7778,-0.6430,-0.6360,-31.0000,0.6430,0.6480,32.0000,0.6430,0.6300,34.0000,-0.6430,-0.6520,-30.0000
1782997381.8277,-0.6430,-0.6380,-31.0000,0.6430,0.6440,32.0000,0.6430,0.6450,33.0000,-0.6430,-0.6440,-30.0000
1782997381.8772,-0.6430,-0.6460,-31.0000,0.6430,0.6360,32.0000,0.6430,0.6370,33.0000,-0.6430,-0.6450,-30.0000
1782997381.9272,-0.6430,-0.6410,-31.0000,0.6430,0.6480,32.0000,0.6430,0.6490,33.0000,-0.6430,-0.6410,-30.0000
1782997381.9772,-0.6430,-0.6430,-31.0000,0.6430,0.6480,32.0000,0.6430,0.6380,33.0000,-0.6430,-0.6570,-29.0000
1782997382.0272,-0.6430,-0.6340,-31.0000,0.6430,0.6440,32.0000,0.6430,0.6480,33.0000,-0.6430,-0.6410,-30.0000
1782997382.0771,-0.6430,-0.6500,-30.0000,0.6430,0.6310,32.0000,0.6430,0.6400,33.0000,-0.6430,-0.6460,-30.0000
1782997382.1271,-0.6430,-0.6380,-31.0000,0.6430,0.6350,32.0000,0.6430,0.6500,33.0000,-0.6430,-0.6350,-31.0000
1782997382.1772,-0.6430,-0.6470,-31.0000,0.6430,0.6470,32.0000,0.6430,0.6450,33.0000,-0.6430,-0.6580,-29.0000
1782997382.2274,-0.6430,-0.6320,-31.0000,0.6430,0.6390,32.0000,0.6430,0.6450,33.0000,-0.6430,-0.6380,-30.0000
1782997382.2774,-0.6430,-0.6560,-30.0000,0.6430,0.6310,33.0000,0.6430,0.6450,33.0000,-0.6430,-0.6480,-30.0000
1782997382.3273,-0.6430,-0.6390,-31.0000,0.6430,0.6430,32.0000,0.6430,0.6450,33.0000,-0.6430,-0.6300,-31.0000
1782997382.3773,-0.6430,-0.6510,-30.0000,0.6430,0.6520,31.0000,0.6430,0.6460,33.0000,-0.6430,-0.6550,-29.0000
1782997382.4272,-0.6430,-0.6300,-32.0000,0.6430,0.6460,32.0000,0.6430,0.6320,34.0000,-0.6430,-0.6360,-31.0000
1782997382.4772,-0.6430,-0.6540,-30.0000,0.6430,0.6330,32.0000,0.6430,0.6430,33.0000,-0.6430,-0.6430,-30.0000
1782997382.5272,-0.6430,-0.6350,-31.0000,0.6430,0.6440,32.0000,0.6430,0.6450,33.0000,-0.6430,-0.6320,-31.0000
1782997382.5772,-0.6430,-0.6490,-30.0000,0.6430,0.6450,32.0000,0.6430,0.6490,33.0000,-0.6430,-0.6520,-30.0000
1782997382.6272,-0.6430,-0.6380,-31.0000,0.6430,0.6510,31.0000,0.6430,0.6340,34.0000,-0.6430,-0.6450,-30.0000
1782997382.6771,-0.6430,-0.6430,-31.0000,0.6430,0.6400,32.0000,0.6430,0.6430,33.0000,-0.6430,-0.6390,-30.0000
1782997382.7271,-0.6430,-0.6400,-31.0000,0.6430,0.6420,32.0000,0.6430,0.6410,33.0000,-0.6430,-0.6330,-31.0000
1782997382.7772,-0.6430,-0.6460,-31.0000,0.6430,0.6510,31.0000,0.6430,0.6500,33.0000,-0.6430,-0.6440,-30.0000
1782997382.8272,-0.6430,-0.6390,-31.0000,0.6430,0.6580,31.0000,0.6430,0.6310,34.0000,-0.6430,-0.6500,-30.0000
1782997382.8773,-0.6430,-0.6390,-31.0000,0.6430,0.6410,32.0000,0.6430,0.6490,33.0000,-0.6430,-0.6440,-30.0000
1782997382.9280,-0.6430,-0.6450,-31.0000,0.6430,0.6340,32.0000,0.6430,0.6410,33.0000,-0.6430,-0.6460,-30.0000
1782997382.9772,-0.6430,-0.6420,-31.0000,0.6430,0.6440,32.0000,0.6430,0.6520,33.0000,-0.6430,-0.6430,-30.0000
1782997383.0272,-0.6430,-0.6450,-31.0000,0.6430,0.6520,31.0000,0.6430,0.6420,33.0000,-0.6430,-0.6520,-30.0000
1782997383.0772,-0.6430,-0.6340,-31.0000,0.6430,0.6480,31.0000,0.6430,0.6470,33.0000,-0.6430,-0.6400,-30.0000
1782997383.1278,-0.6430,-0.6480,-30.0000,0.6430,0.6310,32.0000,0.6430,0.6370,33.0000,-0.6430,-0.6430,-30.0000
1782997383.1772,-0.6430,-0.6380,-31.0000,0.6430,0.6390,32.0000,0.6430,0.6480,33.0000,-0.6430,-0.6320,-31.0000
1782997383.2272,-0.6430,-0.6500,-30.0000,0.6430,0.6470,32.0000,0.6430,0.6450,33.0000,-0.6430,-0.6560,-29.0000
1782997383.2771,-0.6430,-0.6370,-31.0000,0.6430,0.6400,32.0000,0.6430,0.6480,33.0000,-0.6430,-0.6330,-31.0000
1782997383.3273,-0.6430,-0.6540,-30.0000,0.6430,0.6310,32.0000,0.6430,0.6460,33.0000,-0.6430,-0.6450,-30.0000
1782997383.3772,-0.6430,-0.6410,-31.0000,0.6430,0.6390,32.0000,0.6430,0.6470,33.0000,-0.6430,-0.6290,-31.0000
1782997383.4272,-0.6430,-0.6500,-30.0000,0.6430,0.6530,31.0000,0.6430,0.6520,33.0000,-0.6430,-0.6550,-30.0000
1782997383.4772,-0.6430,-0.6380,-31.0000,0.6430,0.6470,32.0000,0.6430,0.6380,33.0000,-0.6430,-0.6370,-31.0000
1782997383.5271,-0.6430,-0.6510,-30.0000,0.6430,0.6360,32.0000,0.6430,0.6440,33.0000,-0.6430,-0.6400,-30.0000
1782997383.5772,-0.6430,-0.6390,-31.0000,0.6430,0.6380,32.0000,0.6430,0.6440,33.0000,-0.6430,-0.6300,-31.0000
1782997383.6272,-0.6430,-0.6500,-30.0000,0.6430,0.6500,31.0000,0.6430,0.6510,33.0000,-0.6430,-0.6570,-29.0000
1782997383.6771,-0.6430,-0.6380,-31.0000,0.6430,0.6480,32.0000,0.6430,0.6310,34.0000,-0.6430,-0.6450,-30.0000
1782997383.7272,-0.6430,-0.6490,-30.0000,0.6430,0.6400,32.0000,0.6430,0.6460,33.0000,-0.6430,-0.6440,-30.0000
1782997383.7772,-0.6430,-0.6390,-31.0000,0.6430,0.6380,32.0000,0.6430,0.6450,33.0000,-0.6430,-0.6410,-30.0000
1782997383.8273,-0.6430,-0.6490,-30.0000,0.6430,0.6490,31.0000,0.6430,0.6440,33.0000,-0.6430,-0.6520,-30.0000
1782997383.8772,-0.6430,-0.6410,-31.0000,0.6430,0.6520,31.0000,0.6430,0.6300,34.0000,-0.6430,-0.6470,-30.0000
1782997383.9272,-0.6430,-0.6470,-30.0000,0.6430,0.6420,32.0000,0.6430,0.6430,33.0000,-0.6430,-0.6410,-30.0000
1782997383.9772,-0.6430,-0.6410,-31.0000,0.6430,0.6370,32.0000,0.6430,0.6380,33.0000,-0.6430,-0.6430,-30.0000
1782997384.0271,-0.6430,-0.6430,-31.0000,0.6430,0.6460,32.0000,0.6430,0.6520,32.0000,-0.6430,-0.6390,-30.0000
1782997384.0772,-0.6430,-0.6440,-31.0000,0.6430,0.6460,32.0000,0.6430,0.6360,33.0000,-0.6430,-0.6510,-30.0000
1782997384.1273,-0.6430,-0.6380,-31.0000,0.6430,0.6420,32.0000,0.6430,0.6440,33.0000,-0.6430,-0.6350,-30.0000
1782997384.1772,-0.6430,-0.6470,-30.0000,0.6430,0.6330,32.0000,0.6430,0.6420,33.0000,-0.6430,-0.6420,-30.0000
1782997384.2272,-0.6430,-0.6380,-31.0000,0.6430,0.6420,32.0000,0.6430,0.6480,33.0000,-0.6430,-0.6350,-31.0000
1782997384.2772,-0.6430,-0.6490,-30.0000,0.6430,0.6480,32.0000,0.6430,0.6470,33.0000,-0.6430,-0.6560,-29.0000
1782997384.3272,-0.6430,-0.6360,-31.0000,0.6430,0.6410,32.0000,0.6430,0.6450,33.0000,-0.6430,-0.6370,-30.0000
1782997384.3779,-0.6430,-0.6450,-30.0000,0.6430,0.6310,32.0000,0.6430,0.6400,33.0000,-0.6430,-0.6450,-30.0000
1782997384.4279,-0.6430,-0.6350,-31.0000,0.6430,0.6400,32.0000,0.6430,0.6470,33.0000,-0.6430,-0.6300,-31.0000
1782997384.4772,-0.6430,-0.6540,-30.0000,0.6430,0.6500,31.0000,0.6430,0.6520,33.0000,-0.6430,-0.6490,-30.0000
1782997384.5273,-0.6430,-0.6320,-31.0000,0.6430,0.6460,32.0000,0.6430,0.6380,33.0000,-0.6430,-0.6420,-30.0000
1782997384.5772,-0.6430,-0.6540,-30.0000,0.6430,0.6360,32.0000,0.6430,0.6370,33.0000,-0.6430,-0.6480,-30.0000
1782997384.6272,-0.6430,-0.6350,-31.0000,0.6430,0.6360,32.0000,0.6430,0.6420,33.0000,-0.6430,-0.6260,-31.0000
1782997384.6772,-0.6430,-0.6490,-30.0000,0.6430,0.6490,32.0000,0.6430,0.6500,33.0000,-0.6430,-0.6480,-30.0000
1782997384.7272,-0.6430,-0.6350,-31.0000,0.6430,0.6460,32.0000,0.6430,0.6380,33.0000,-0.6430,-0.6420,-30.0000
1782997384.7771,-0.6430,-0.6490,-30.0000,0.6430,0.6420,32.0000,0.6430,0.6450,33.0000,-0.6430,-0.6450,-30.0000
1782997384.8272,-0.6430,-0.6400,-31.0000,0.6430,0.6400,32.0000,0.6430,0.6420,33.0000,-0.6430,-0.6360,-31.0000
1782997384.8773,-0.6430,-0.6410,-31.0000,0.6430,0.6520,31.0000,0.6430,0.6500,33.0000,-0.6430,-0.6440,-30.0000
1782997384.9273,-0.6430,-0.6390,-31.0000,0.6430,0.6540,31.0000,0.6430,0.6320,34.0000,-0.6430,-0.6530,-30.0000
1782997384.9772,-0.6430,-0.6430,-31.0000,0.6430,0.6420,32.0000,0.6430,0.6410,33.0000,-0.6430,-0.6440,-30.0000
1782997385.0272,-0.6430,-0.6450,-31.0000,0.6430,0.6360,32.0000,0.6430,0.6360,33.0000,-0.6430,-0.6420,-30.0000
1782997385.0772,-0.6430,-0.6450,-31.0000,0.6430,0.6450,32.0000,0.6430,0.6530,32.0000,-0.6430,-0.6400,-31.0000
1782997385.1273,-0.6430,-0.6370,-31.0000,0.6430,0.6500,31.0000,0.6430,0.6400,33.0000,-0.6430,-0.6550,-30.0000
1782997385.1772,-0.6430,-0.6440,-31.0000,0.6430,0.6450,32.0000,0.6430,0.6460,33.0000,-0.6430,-0.6410,-31.0000
1782997385.2272,-0.6430,-0.6470,-30.0000,0.6430,0.6330,32.0000,0.6430,0.6390,33.0000,-0.6430,-0.6440,-30.0000
1782997385.2773,-0.6430,-0.6380,-31.0000,0.6430,0.6380,32.0000,0.6430,0.6520,32.0000,-0.6430,-0.6330,-31.0000
1782997385.3274,-0.6430,-0.6440,-31.0000,0.6430,0.6520,31.0000,0.6430,0.6440,33.0000,-0.6430,-0.6490,-30.0000
1782997385.3772,-0.6430,-0.6430,-31.0000,0.6430,0.6400,32.0000,0.6430,0.6460,33.0000,-0.6430,-0.6360,-31.0000
1782997385.4273,-0.6430,-0.6470,-30.0000,0.6430,0.6320,32.0000,0.6430,0.6420,33.0000,-0.6430,-0.6460,-30.0000
1782997385.4773,-0.6430,-0.6400,-31.0000,0.6430,0.6410,32.0000,0.6430,0.6510,32.0000,-0.6430,-0.6310,-31.0000
1782997385.5273,-0.6430,-0.6490,-30.0000,0.6430,0.6510,31.0000,0.6430,0.6500,33.0000,-0.6430,-0.6500,-30.0000
1782997385.5773,-0.6430,-0.6430,-31.0000,0.6430,0.6460,32.0000,0.6430,0.6420,33.0000,-0.6430,-0.6380,-31.0000
1782997385.6272,-0.6430,-0.6500,-30.0000,0.6430,0.6310,33.0000,0.6430,0.6430,33.0000,-0.6430,-0.6500,-30.0000
1782997385.6779,-0.6430,-0.6370,-31.0000,0.6430,0.6440,32.0000,0.6430,0.6440,33.0000,-0.6430,-0.6330,-31.0000
1782997385.7281,-0.6430,-0.6480,-30.0000,0.6430,0.6470,32.0000,0.6430,0.6460,33.0000,-0.6430,-0.6550,-30.0000
1782997385.7772,-0.6430,-0.6360,-31.0000,0.6430,0.6510,31.0000,0.6430,0.6370,33.0000,-0.6430,-0.6490,-30.0000
1782997385.8274,-0.6430,-0.6530,-30.0000,0.6430,0.6400,32.0000,0.6430,0.6450,33.0000,-0.6430,-0.6470,-30.0000
1782997385.8773,-0.6430,-0.6330,-31.0000,0.6430,0.6390,32.0000,0.6430,0.6410,33.0000,-0.6430,-0.6360,-31.0000
1782997385.9272,-0.6430,-0.6450,-30.0000,0.6430,0.6480,31.0000,0.6430,0.6440,33.0000,-0.6430,-0.6450,-30.0000
1782997385.9773,-0.6430,-0.6370,-31.0000,0.6430,0.6520,31.0000,0.6430,0.6350,33.0000,-0.6430,-0.6550,-30.0000
1782997386.0272,-0.6430,-0.6560,-30.0000,0.6430,0.6430,32.0000,0.6430,0.6400,33.0000,-0.6430,-0.6430,-30.0000
1782997386.0773,-0.6430,-0.6450,-30.0000,0.6430,0.6360,32.0000,0.6430,0.6370,33.0000,-0.6430,-0.6440,-30.0000
1782997386.1273,-0.6430,-0.6420,-31.0000,0.6430,0.6490,31.0000,0.6430,0.6470,33.0000,-0.6430,-0.6460,-30.0000
1782997386.1773,-0.6430,-0.6390,-31.0000,0.6430,0.6510,31.0000,0.6430,0.6380,33.0000,-0.6430,-0.6510,-30.0000
1782997386.2272,-0.6430,-0.6470,-30.0000,0.6430,0.6430,32.0000,0.6430,0.6460,33.0000,-0.6430,-0.6390,-30.0000
1782997386.2773,-0.6430,-0.6530,-30.0000,0.6430,0.6360,32.0000,0.6430,0.6400,33.0000,-0.6430,-0.6420,-30.0000
1782997386.3273,-0.6430,-0.6390,-31.0000,0.6430,0.6460,31.0000,0.6430,0.6510,32.0000,-0.6430,-0.6370,-31.0000
1782997386.3772,-0.6430,-0.6410,-31.0000,0.6430,0.6500,31.0000,0.6430,0.6430,33.0000,-0.6430,-0.6550,-29.0000
1782997386.4272,-0.6430,-0.6450,-30.0000,0.6430,0.6440,32.0000,0.6430,0.6450,33.0000,-0.6430,-0.6410,-30.0000
1782997386.4772,-0.6430,-0.6540,-30.0000,0.6430,0.6320,32.0000,0.6430,0.6420,33.0000,-0.6430,-0.6450,-30.0000
1782997386.5272,-0.6430,-0.6350,-31.0000,0.6430,0.6440,32.0000,0.6430,0.6530,32.0000,-0.6430,-0.6300,-31.0000
1782997386.5773,-0.6430,-0.6490,-30.0000,0.6430,0.6460,31.0000,0.6430,0.6480,33.0000,-0.6430,-0.6550,-29.0000
1782997386.6272,-0.6430,-0.6410,-31.0000,0.6430,0.6450,31.0000,0.6430,0.6450,33.0000,-0.6430,-0.6440,-30.0000
1782997386.6773,-0.6430,-0.6530,-30.0000,0.6430,0.6320,32.0000,0.6430,0.6420,33.0000,-0.6430,-0.6440,-30.0000
1782997386.7273,-0.6430,-0.6330,-31.0000,0.6430,0.6370,32.0000,0.6430,0.6460,33.0000,-0.6430,-0.6310,-31.0000
1782997386.7772,-0.5230,-0.6470,-20.0000,0.5230,0.6510,21.0000,0.4030,0.6310,13.0000,-0.4030,-0.6330,-10.0000
1782997386.8272,0.0000,-0.1970,0.0000,0.0000,0.1900,0.0000,0.0000,0.2910,0.0000,0.0000,-0.0730,0.0000
1782997386.8772,0.0000,-0.0110,0.0000,0.0000,0.0110,0.0000,0.0000,0.0110,0.0000,0.0000,-0.0030,0.0000
1782997386.9270,0.0000,-0.0010,0.0000,0.0000,0.0010,0.0000,0.0000,0.0010,0.0000,0.0000,-0.0000,0.0000
1782997386.9770,0.0000,-0.0000,0.0000,0.0000,0.0000,0.0000,0.0000,0.0000,0.0000,0.0000,-0.0000,0.0000
1782997387.0270,0.0000,-0.0000,0.0000,0.0000,0.0000,0.0000,0.0000,0.0000,0.0000,0.0000,-0.0000,0.0000
1782997387.0772,0.0000,-0.0000,0.0000,0.0000,0.0000,0.0000,0.0000,0.0000,0.0000,0.0000,-0.0000,0.0000
1782997387.1271,0.0000,-0.0000,0.0000,0.0000,0.0000,0.0000,0.0000,0.0000,0.0000,0.0000,-0.0000,0.0000
1782997387.1771,0.0000,-0.0000,0.0000,0.0000,0.0000,0.0000,0.0000,0.0000,0.0000,0.0000,-0.0000,0.0000
1782997387.2271,0.0000,-0.0000,0.0000,0.0000,0.0000,0.0000,0.0000,0.0000,0.0000,0.0000,-0.0000,0.0000
1782997387.2770,0.0000,-0.0000,0.0000,0.0000,0.0000,0.0000,0.0000,0.0000,0.0000,0.0000,-0.0000,0.0000
1782997387.3272,0.0000,-0.0000,0.0000,0.0000,0.0000,0.0000,0.0000,0.0000,0.0000,0.0000,-0.0000,0.0000
1782997387.3771,0.0000,-0.0000,0.0000,0.0000,0.0000,0.0000,0.0000,0.0000,0.0000,0.0000,-0.0000,0.0000
1782997387.4271,0.0000,-0.0000,0.0000,0.0000,0.0000,0.0000,0.0000,0.0000,0.0000,0.0000,-0.0000,0.0000
1782997387.4773,-0.1180,-0.0000,-14.0000,0.1200,0.0000,14.0000,0.2400,0.0110,28.0000,-0.1180,-0.0190,-13.0000
1782997387.5272,0.1050,-0.0850,16.0000,0.1050,0.3040,-4.0000,0.1050,0.2520,0.0000,0.1050,-0.0440,14.0000
1782997387.5773,0.3450,0.1400,30.0000,-0.1350,0.0450,-17.0000,-0.1840,0.0000,-22.0000,0.4460,0.2000,37.0000
1782997387.6273,0.6860,0.5310,41.0000,-0.4240,-0.2430,-32.0000,-0.4860,-0.2290,-39.0000,0.7220,0.5570,44.0000
1782997387.6773,0.6430,0.7660,27.0000,-0.6430,-0.5510,-37.0000,-0.6430,-0.5530,-38.0000,0.6430,0.7460,30.0000
1782997387.7273,0.6430,0.6810,32.0000,-0.6430,-0.6760,-32.0000,-0.6430,-0.6670,-35.0000,0.6430,0.6800,34.0000
1782997387.7773,0.6430,0.6830,32.0000,-0.6430,-0.6700,-33.0000,-0.6430,-0.6370,-37.0000,0.6430,0.6990,32.0000
1782997387.8273,0.6430,0.6770,32.0000,-0.6430,-0.6750,-33.0000,-0.6430,-0.6580,-36.0000,0.6430,0.6660,34.0000
1782997387.8774,0.6430,0.6650,32.0000,-0.6430,-0.6730,-33.0000,-0.6430,-0.6700,-35.0000,0.6430,0.6810,32.0000
1782997387.9274,0.6430,0.6690,32.0000,-0.6430,-0.6650,-33.0000,-0.6430,-0.6700,-35.0000,0.6430,0.6600,33.0000
1782997387.9774,0.6430,0.6650,31.0000,-0.6430,-0.6710,-32.0000,-0.6430,-0.6370,-37.0000,0.6430,0.6740,32.0000
1782997388.0273,0.6430,0.6670,31.0000,-0.6430,-0.6600,-33.0000,-0.6430,-0.6480,-36.0000,0.6430,0.6590,33.0000
1782997388.0773,0.6430,0.6500,32.0000,-0.6430,-0.6580,-33.0000,-0.6430,-0.6570,-35.0000,0.6430,0.6680,32.0000
1782997388.1274,0.6430,0.6610,31.0000,-0.6430,-0.6620,-32.0000,-0.6430,-0.6640,-35.0000,0.6430,0.6580,32.0000
1782997388.1774,0.6430,0.6660,30.0000,-0.6430,-0.6560,-32.0000,-0.6430,-0.6410,-36.0000,0.6430,0.6700,31.0000
1782997388.2273,0.6430,0.6530,31.0000,-0.6430,-0.6530,-32.0000,-0.6430,-0.6410,-36.0000,0.6430,0.6320,33.0000
1782997388.2781,0.6430,0.6410,31.0000,-0.6430,-0.6490,-32.0000,-0.6430,-0.6570,-35.0000,0.6430,0.6550,32.0000
1782997388.3281,0.6430,0.6480,31.0000,-0.6430,-0.6500,-32.0000,-0.6430,-0.6520,-36.0000,0.6430,0.6290,33.0000
1782997388.3774,0.6430,0.6520,31.0000,-0.6430,-0.6560,-32.0000,-0.6430,-0.6440,-36.0000,0.6430,0.6590,31.0000
1782997388.4273,0.6430,0.6510,31.0000,-0.6430,-0.6400,-32.0000,-0.6430,-0.6310,-36.0000,0.6430,0.6360,33.0000
1782997388.4774,0.6430,0.6420,31.0000,-0.6430,-0.6480,-32.0000,-0.6430,-0.6590,-35.0000,0.6430,0.6500,32.0000
1782997388.5273,0.6430,0.6440,31.0000,-0.6430,-0.6350,-33.0000,-0.6430,-0.6480,-35.0000,0.6430,0.6340,33.0000
1782997388.5774,0.6430,0.6510,30.0000,-0.6430,-0.6520,-32.0000,-0.6430,-0.6520,-35.0000,0.6430,0.6550,32.0000
1782997388.6273,0.6430,0.6480,31.0000,-0.6430,-0.6450,-32.0000,-0.6430,-0.6280,-36.0000,0.6430,0.6360,33.0000
1782997388.6773,0.6430,0.6420,31.0000,-0.6430,-0.6490,-32.0000,-0.6430,-0.6560,-35.0000,0.6430,0.6490,32.0000
1782997388.7274,0.6430,0.6410,31.0000,-0.6430,-0.6410,-32.0000,-0.6430,-0.6430,-35.0000,0.6430,0.6380,33.0000
1782997388.7774,0.6430,0.6460,31.0000,-0.6430,-0.6510,-32.0000,-0.6430,-0.6570,-35.0000,0.6430,0.6540,32.0000
1782997388.8274,0.6430,0.6420,31.0000,-0.6430,-0.6470,-32.0000,-0.6430,-0.6190,-37.0000,0.6430,0.6440,32.0000
1782997388.8774,0.6430,0.6480,30.0000,-0.6430,-0.6500,-32.0000,-0.6430,-0.6510,-35.0000,0.6430,0.6450,32.0000
1782997388.9273,0.6430,0.6350,31.0000,-0.6430,-0.6420,-32.0000,-0.6430,-0.6500,-35.0000,0.6430,0.6380,32.0000
1782997388.9773,0.6430,0.6500,30.0000,-0.6430,-0.6480,-32.0000,-0.6430,-0.6640,-34.0000,0.6430,0.6450,32.0000
1782997389.0273,0.6430,0.6510,30.0000,-0.6430,-0.6400,-32.0000,-0.6430,-0.6260,-36.0000,0.6430,0.6500,32.0000
1782997389.0775,0.6430,0.6460,31.0000,-0.6430,-0.6450,-32.0000,-0.6430,-0.6470,-35.0000,0.6430,0.6350,32.0000
1782997389.1274,0.6430,0.6390,31.0000,-0.6430,-0.6390,-32.0000,-0.6430,-0.6520,-35.0000,0.6430,0.6440,32.0000
1782997389.1773,0.6430,0.6530,30.0000,-0.6430,-0.6430,-32.0000,-0.6430,-0.6600,-34.0000,0.6430,0.6300,33.0000
1782997389.2274,0.6430,0.6430,31.0000,-0.6430,-0.6440,-32.0000,-0.6430,-0.6280,-36.0000,0.6430,0.6520,32.0000
1782997389.2774,0.6430,0.6410,31.0000,-0.6430,-0.6440,-32.0000,-0.6430,-0.6380,-35.0000,0.6430,0.6330,33.0000
1782997389.3274,0.6430,0.6440,30.0000,-0.6430,-0.6430,-32.0000,-0.6430,-0.6520,-35.0000,0.6430,0.6500,32.0000
1782997389.3774,0.6430,0.6440,30.0000,-0.6430,-0.6460,-32.0000,-0.6430,-0.6480,-35.0000,0.6430,0.6310,33.0000
1782997389.4274,0.6430,0.6430,31.0000,-0.6430,-0.6470,-32.0000,-0.6430,-0.6400,-35.0000,0.6430,0.6570,31.0000
1782997389.4774,0.6430,0.6420,31.0000,-0.6430,-0.6440,-32.0000,-0.6430,-0.6320,-36.0000,0.6430,0.6340,33.0000
1782997389.5274,0.6430,0.6440,30.0000,-0.6430,-0.6430,-32.0000,-0.6430,-0.6530,-35.0000,0.6430,0.6490,32.0000
1782997389.5774,0.6430,0.6430,31.0000,-0.6430,-0.6430,-32.0000,-0.6430,-0.6440,-35.0000,0.6430,0.6270,33.0000
1782997389.6274,0.6430,0.6430,31.0000,-0.6430,-0.6430,-32.0000,-0.6430,-0.6490,-34.0000,0.6430,0.6500,32.0000
1782997389.6779,0.6430,0.6420,31.0000,-0.6430,-0.6380,-32.0000,-0.6430,-0.6280,-36.0000,0.6430,0.6380,33.0000
1782997389.7273,0.6430,0.6420,31.0000,-0.6430,-0.6470,-31.0000,-0.6430,-0.6540,-34.0000,0.6430,0.6400,32.0000
1782997389.7774,0.6430,0.6430,30.0000,-0.6430,-0.6350,-32.0000,-0.6430,-0.6410,-35.0000,0.6430,0.6300,33.0000
1782997389.8275,0.6430,0.6520,30.0000,-0.6430,-0.6460,-31.0000,-0.6430,-0.6550,-34.0000,0.6430,0.6400,33.0000
1782997389.8775,0.6430,0.6410,31.0000,-0.6430,-0.6430,-32.0000,-0.6430,-0.6210,-36.0000,0.6430,0.6430,33.0000
1782997389.9274,0.6430,0.6420,30.0000,-0.6430,-0.6460,-31.0000,-0.6430,-0.6530,-34.0000,0.6430,0.6370,33.0000
1782997389.9773,0.6430,0.6440,30.0000,-0.6430,-0.6320,-32.0000,-0.6430,-0.6380,-35.0000,0.6430,0.6390,33.0000
1782997390.0273,0.6430,0.6460,30.0000,-0.6430,-0.6450,-32.0000,-0.6430,-0.6570,-34.0000,0.6430,0.6410,33.0000
1782997390.0774,0.6430,0.6410,31.0000,-0.6430,-0.6430,-32.0000,-0.6430,-0.6280,-36.0000,0.6430,0.6520,32.0000
1782997390.1273,0.6430,0.6420,31.0000,-0.6430,-0.6460,-32.0000,-0.6430,-0.6480,-35.0000,0.6430,0.6350,33.0000
1782997390.1773,0.6430,0.6420,31.0000,-0.6430,-0.6390,-32.0000,-0.6430,-0.6450,-35.0000,0.6430,0.6460,32.0000
1782997390.2274,0.6430,0.6460,30.0000,-0.6430,-0.6450,-32.0000,-0.6430,-0.6590,-34.0000,0.6430,0.6280,34.0000
1782997390.2774,0.6430,0.6440,30.0000,-0.6430,-0.6430,-32.0000,-0.6430,-0.6290,-36.0000,0.6430,0.6550,32.0000
1782997390.3275,0.6430,0.6450,30.0000,-0.6430,-0.6430,-32.0000,-0.6430,-0.6370,-35.0000,0.6430,0.6280,34.0000
1782997390.3774,0.6430,0.6420,30.0000,-0.6430,-0.6440,-32.0000,-0.6430,-0.6480,-35.0000,0.6430,0.6520,32.0000
1782997390.4274,0.6430,0.6430,30.0000,-0.6430,-0.6410,-32.0000,-0.6430,-0.6540,-34.0000,0.6430,0.6240,34.0000
1782997390.4774,0.6430,0.6470,30.0000,-0.6430,-0.6460,-32.0000,-0.6430,-0.6410,-35.0000,0.6430,0.6530,32.0000
1782997390.5274,0.6430,0.6420,30.0000,-0.6430,-0.6430,-32.0000,-0.6430,-0.6350,-35.0000,0.6430,0.6370,33.0000
1782997390.5773,0.6430,0.6430,30.0000,-0.6430,-0.6440,-32.0000,-0.6430,-0.6490,-35.0000,0.6430,0.6410,33.0000
1782997390.6274,0.6430,0.6430,30.0000,-0.6430,-0.6380,-32.0000,-0.6430,-0.6450,-35.0000,0.6430,0.6360,33.0000
1782997390.6773,0.6430,0.6500,30.0000,-0.6430,-0.6460,-32.0000,-0.6430,-0.6480,-35.0000,0.6430,0.6540,32.0000
1782997390.7274,0.6430,0.6450,30.0000,-0.6430,-0.6410,-32.0000,-0.6430,-0.6280,-36.0000,0.6430,0.6460,33.0000
1782997390.7773,0.6430,0.6400,30.0000,-0.6430,-0.6470,-32.0000,-0.6430,-0.6530,-34.0000,0.6430,0.6490,33.0000
1782997390.8280,0.6430,0.6470,30.0000,-0.6430,-0.6400,-32.0000,-0.6430,-0.6410,-35.0000,0.6430,0.6370,33.0000
1782997390.8780,0.6430,0.6520,30.0000,-0.6430,-0.6450,-32.0000,-0.6430,-0.6580,-34.0000,0.6430,0.6470,33.0000
1782997390.9276,0.6430,0.6480,30.0000,-0.6430,-0.6430,-32.0000,-0.6430,-0.6210,-36.0000,0.6430,0.6440,33.0000
1782997390.9774,0.6430,0.6410,30.0000,-0.6430,-0.6490,-31.0000,-0.6430,-0.6520,-34.0000,0.6430,0.6410,33.0000
1782997391.0274,0.6430,0.6410,30.0000,-0.6430,-0.6360,-32.0000,-0.6430,-0.6350,-35.0000,0.6430,0.6430,33.0000
1782997391.0775,0.6430,0.6450,30.0000,-0.6430,-0.6470,-31.0000,-0.6430,-0.6570,-34.0000,0.6430,0.6450,33.0000
1782997391.1273,0.6430,0.6460,30.0000,-0.6430,-0.6420,-32.0000,-0.6430,-0.6230,-36.0000,0.6430,0.6470,33.0000
1782997391.1774,0.6430,0.6430,30.0000,-0.6430,-0.6470,-31.0000,-0.6430,-0.6500,-34.0000,0.6430,0.6330,33.0000
1782997391.2274,0.6430,0.6370,30.0000,-0.6430,-0.6420,-32.0000,-0.6430,-0.6430,-35.0000,0.6430,0.6450,33.0000
1782997391.2773,0.6430,0.6530,30.0000,-0.6430,-0.6460,-32.0000,-0.6430,-0.6610,-34.0000,0.6430,0.6330,33.0000
1782997391.3274,0.6430,0.6440,30.0000,-0.6430,-0.6420,-32.0000,-0.6430,-0.6310,-35.0000,0.6430,0.6560,32.0000
1782997391.3774,0.6430,0.6460,30.0000,-0.6430,-0.6400,-32.0000,-0.6430,-0.6400,-35.0000,0.6430,0.6370,33.0000
1782997391.4274,0.6430,0.6380,30.0000,-0.6430,-0.6420,-32.0000,-0.6430,-0.6450,-35.0000,0.6430,0.6570,32.0000
1782997391.4775,0.6430,0.6510,29.0000,-0.6430,-0.6470,-31.0000,-0.6430,-0.6590,-34.0000,0.6430,0.6380,33.0000
1782997391.5274,0.6430,0.6470,30.0000,-0.6430,-0.6470,-31.0000,-0.6430,-0.6410,-35.0000,0.6430,0.6590,32.0000
1782997391.5775,0.6430,0.6430,30.0000,-0.6430,-0.6390,-32.0000,-0.6430,-0.6330,-35.0000,0.6430,0.6400,33.0000
1782997391.6274,0.6430,0.6370,30.0000,-0.6430,-0.6430,-32.0000,-0.6430,-0.6520,-34.0000,0.6430,0.6510,32.0000
1782997391.6774,0.6430,0.6400,30.0000,-0.6430,-0.6480,-31.0000,-0.6430,-0.6470,-34.0000,0.6430,0.6300,33.0000
1782997391.7274,0.6430,0.6470,30.0000,-0.6430,-0.6430,-32.0000,-0.6430,-0.6460,-35.0000,0.6430,0.6570,32.0000
1782997391.7773,0.6430,0.6400,30.0000,-0.6430,-0.6390,-32.0000,-0.6430,-0.6250,-36.0000,0.6430,0.6400,33.0000
1782997391.8275,0.6430,0.6370,30.0000,-0.6430,-0.6430,-32.0000,-0.6430,-0.6510,-34.0000,0.6430,0.6470,32.0000
1782997391.8775,0.6430,0.6420,30.0000,-0.6430,-0.6450,-31.0000,-0.6430,-0.6410,-35.0000,0.6430,0.6310,33.0000
1782997391.9274,0.6430,0.6500,30.0000,-0.6430,-0.6470,-31.0000,-0.6430,-0.6580,-34.0000,0.6430,0.6450,33.0000
1782997391.9774,0.6430,0.6460,30.0000,-0.6430,-0.6420,-32.0000,-0.6430,-0.6220,-36.0000,0.6430,0.6430,33.0000
1782997392.0274,0.6430,0.6460,30.0000,-0.6430,-0.6450,-31.0000,-0.6430,-0.6540,-34.0000,0.6430,0.6430,33.0000
1782997392.0775,0.6430,0.6360,30.0000,-0.6430,-0.6400,-32.0000,-0.6430,-0.6350,-35.0000,0.6430,0.6440,33.0000
1782997392.1274,0.6430,0.6520,29.0000,-0.6430,-0.6460,-31.0000,-0.6430,-0.6620,-34.0000,0.6430,0.6470,32.0000
1782997392.1783,0.6430,0.6440,30.0000,-0.6430,-0.6370,-32.0000,-0.6430,-0.6250,-35.0000,0.6430,0.6550,32.0000
1782997392.2274,0.6430,0.6400,30.0000,-0.6430,-0.6410,-32.0000,-0.6430,-0.6550,-34.0000,0.6430,0.6430,33.0000
1782997392.2780,0.6430,0.6350,30.0000,-0.6430,-0.6410,-32.0000,-0.6430,-0.6430,-35.0000,0.6430,0.6470,32.0000
1782997392.3277,0.6430,0.6470,30.0000,-0.6430,-0.6460,-31.0000,-0.6430,-0.6610,-33.0000,0.6430,0.6360,33.0000
1782997392.3776,0.6430,0.6430,30.0000,-0.6430,-0.6460,-31.0000,-0.6430,-0.6290,-35.0000,0.6430,0.6530,32.0000
1782997392.4275,0.6430,0.6370,30.0000,-0.6430,-0.6410,-32.0000,-0.6430,-0.6470,-34.0000,0.6430,0.6380,33.0000
1782997392.4777,0.6430,0.6350,30.0000,-0.6430,-0.6400,-32.0000,-0.6430,-0.6460,-34.0000,0.6430,0.6470,32.0000
1782997392.5277,0.6430,0.6500,30.0000,-0.6430,-0.6490,-31.0000,-0.6430,-0.6560,-34.0000,0.6430,0.6320,33.0000
1782997392.5776,0.6430,0.6470,30.0000,-0.6430,-0.6460,-31.0000,-0.6430,-0.6340,-35.0000,0.6430,0.6580,32.0000
1782997392.6276,0.6430,0.6460,30.0000,-0.6430,-0.6390,-32.0000,-0.6430,-0.6370,-35.0000,0.6430,0.6400,33.0000
1782997392.6775,0.6430,0.6390,30.0000,-0.6430,-0.6430,-32.0000,-0.6430,-0.6520,-34.0000,0.6430,0.6500,32.0000
1782997392.7276,0.6430,0.6440,30.0000,-0.6430,-0.6470,-31.0000,-0.6430,-0.6470,-34.0000,0.6430,0.6350,33.0000
1782997392.7775,0.6430,0.6440,30.0000,-0.6430,-0.6450,-31.0000,-0.6430,-0.6460,-34.0000,0.6430,0.6540,32.0000
1782997392.8276,0.6430,0.6440,30.0000,-0.6430,-0.6410,-32.0000,-0.6430,-0.6220,-36.0000,0.6430,0.6400,33.0000
1782997392.8777,0.6430,0.6430,30.0000,-0.6430,-0.6390,-32.0000,-0.6430,-0.6510,-34.0000,0.6430,0.6480,32.0000
1782997392.9275,0.6430,0.6420,30.0000,-0.6430,-0.6430,-32.0000,-0.6430,-0.6440,-34.0000,0.6430,0.6370,33.0000
1782997392.9775,0.6430,0.6510,29.0000,-0.6430,-0.6440,-32.0000,-0.6430,-0.6550,-34.0000,0.6430,0.6530,32.0000
1782997393.0274,0.6430,0.6430,30.0000,-0.6430,-0.6380,-32.0000,-0.6430,-0.6210,-36.0000,0.6430,0.6460,32.0000
1782997393.0775,0.6430,0.6460,30.0000,-0.6430,-0.6480,-31.0000,-0.6430,-0.6540,-34.0000,0.6430,0.6420,32.0000
1782997393.1275,0.6430,0.6380,30.0000,-0.6430,-0.6390,-32.0000,-0.6430,-0.6350,-35.0000,0.6430,0.6350,33.0000
1782997393.1775,0.6430,0.6500,29.0000,-0.6430,-0.6480,-31.0000,-0.6430,-0.6620,-33.0000,0.6430,0.6420,32.0000
1782997393.2275,0.6430,0.6380,30.0000,-0.6430,-0.6410,-32.0000,-0.6430,-0.6180,-36.0000,0.6430,0.6420,32.0000
1782997393.2775,0.6430,0.6350,30.0000,-0.6430,-0.6480,-31.0000,-0.6430,-0.6510,-34.0000,0.6430,0.6330,33.0000
1782997393.3274,0.6430,0.6290,31.0000,-0.6430,-0.6440,-31.0000,-0.6430,-0.6400,-35.0000,0.6430,0.6440,32.0000
1782997393.3775,0.6430,0.6430,30.0000,-0.6430,-0.6470,-31.0000,-0.6430,-0.6640,-33.0000,0.6430,0.6290,33.0000
1782997393.4274,0.6430,0.6440,30.0000,-0.6430,-0.6410,-32.0000,-0.6430,-0.6300,-35.0000,0.6430,0.6530,32.0000
1782997393.4782,0.6430,0.6410,30.0000,-0.6430,-0.6470,-31.0000,-0.6430,-0.6480,-34.0000,0.6430,0.6380,33.0000
1782997393.5282,0.6430,0.6310,31.0000,-0.6430,-0.6410,-32.0000,-0.6430,-0.6470,-34.0000,0.6430,0.6530,32.0000
1782997393.5776,0.6430,0.6490,30.0000,-0.6430,-0.6410,-32.0000,-0.6430,-0.6590,-34.0000,0.6430,0.6360,33.0000
1782997393.6275,0.6430,0.6470,30.0000,-0.6430,-0.6500,-31.0000,-0.6430,-0.6360,-35.0000,0.6430,0.6600,32.0000
1782997393.6774,0.6430,0.6440,30.0000,-0.6430,-0.6410,-32.0000,-0.6430,-0.6390,-35.0000,0.6430,0.6420,33.0000
1782997393.7275,0.6430,0.6380,30.0000,-0.6430,-0.6430,-31.0000,-0.6430,-0.6520,-34.0000,0.6430,0.6510,32.0000
1782997393.7775,0.6430,0.6450,30.0000,-0.6430,-0.6440,-31.0000,-0.6430,-0.6490,-34.0000,0.6430,0.6340,33.0000
1782997393.8275,0.6430,0.6510,30.0000,-0.6430,-0.6470,-31.0000,-0.6430,-0.6380,-35.0000,0.6430,0.6530,32.0000
1782997393.8775,0.6430,0.6450,30.0000,-0.6430,-0.6390,-32.0000,-0.6430,-0.6240,-36.0000,0.6430,0.6410,33.0000
1782997393.9276,0.6430,0.6400,30.0000,-0.6430,-0.6400,-32.0000,-0.6430,-0.6520,-34.0000,0.6430,0.6500,32.0000
1782997393.9775,0.6430,0.6420,30.0000,-0.6430,-0.6390,-32.0000,-0.6430,-0.6370,-35.0000,0.6430,0.6360,33.0000
1782997394.0275,0.6430,0.6480,30.0000,-0.6430,-0.6460,-31.0000,-0.6430,-0.6460,-34.0000,0.6430,0.6460,32.0000
1782997394.0775,0.6430,0.6390,30.0000,-0.6430,-0.6370,-32.0000,-0.6430,-0.6230,-36.0000,0.6430,0.6480,32.0000
1782997394.1275,0.6430,0.6350,30.0000,-0.6430,-0.6450,-31.0000,-0.6430,-0.6530,-34.0000,0.6430,0.6380,33.0000
1782997394.1774,0.6430,0.6430,30.0000,-0.6430,-0.6440,-31.0000,-0.6430,-0.6350,-35.0000,0.6430,0.6410,32.0000
1782997394.2274,0.6430,0.6470,30.0000,-0.6430,-0.6490,-31.0000,-0.6430,-0.6480,-34.0000,0.6430,0.6410,32.0000
1782997394.2775,0.6430,0.6400,30.0000,-0.6430,-0.6390,-32.0000,-0.6430,-0.6190,-36.0000,0.6430,0.6500,32.0000
1782997394.3275,0.6430,0.6410,30.0000,-0.6430,-0.6430,-31.0000,-0.6430,-0.6530,-34.0000,0.6430,0.6410,32.0000
1782997394.3775,0.6430,0.6430,30.0000,-0.6430,-0.6430,-31.0000,-0.6430,-0.6440,-35.0000,0.6430,0.6400,32.0000
1782997394.4274,0.6430,0.6500,30.0000,-0.6430,-0.6470,-31.0000,-0.6430,-0.6610,-34.0000,0.6430,0.6350,33.0000
1782997394.4775,0.6430,0.6480,30.0000,-0.6430,-0.6440,-31.0000,-0.6430,-0.6300,-35.0000,0.6430,0.6560,32.0000
1782997394.5282,0.6430,0.6450,30.0000,-0.6430,-0.6430,-32.0000,-0.6430,-0.6480,-34.0000,0.6430,0.6350,33.0000
1782997394.5776,0.6430,0.6360,30.0000,-0.6430,-0.6410,-32.0000,-0.6430,-0.6410,-35.0000,0.6430,0.6530,32.0000
1782997394.6280,0.6430,0.6460,30.0000,-0.6430,-0.6480,-31.0000,-0.6430,-0.6510,-35.0000,0.6430,0.6340,33.0000
1782997394.6774,0.6430,0.6450,30.0000,-0.6430,-0.6440,-31.0000,-0.6430,-0.6340,-35.0000,0.6430,0.6600,31.0000
1782997394.7274,0.6430,0.6470,30.0000,-0.6430,-0.6430,-31.0000,-0.6430,-0.6420,-35.0000,0.6430,0.6340,33.0000
1782997394.7775,0.6430,0.6350,30.0000,-0.6430,-0.6430,-32.0000,-0.6430,-0.6510,-34.0000,0.6430,0.6490,32.0000
1782997394.8275,0.6430,0.6460,30.0000,-0.6430,-0.6450,-31.0000,-0.6430,-0.6480,-35.0000,0.6430,0.6310,33.0000
1782997394.8776,0.6430,0.6480,30.0000,-0.6430,-0.6460,-31.0000,-0.6430,-0.6370,-35.0000,0.6430,0.6540,32.0000
1782997394.9276,0.6430,0.6410,30.0000,-0.6430,-0.6440,-31.0000,-0.6430,-0.6300,-35.0000,0.6430,0.6350,33.0000
1782997395.0277,0.2830,0.5690,3.0000,-0.2830,-0.5710,-4.0000,-0.1630,-0.5620,5.0000,0.1630,0.5030,-4.0000
1782997395.0287,0.0000,0.0440,0.0000,0.0000,-0.0440,0.0000,0.0000,-0.1200,0.0000,0.0000,0.0290,0.0000
1782997395.0773,0.0000,0.0040,0.0000,0.0000,-0.0040,0.0000,0.0000,-0.0090,0.0000,0.0000,0.0020,0.0000
1782997395.1273,0.0000,0.0000,0.0000,0.0000,-0.0000,0.0000,0.0000,-0.0010,0.0000,0.0000,0.0000,0.0000
1782997395.1773,0.0000,0.0000,0.0000,0.0000,-0.0000,0.0000,0.0000,-0.0000,0.0000,0.0000,0.0000,0.0000
1782997395.2273,0.0000,0.0000,0.0000,0.0000,-0.0000,0.0000,0.0000,-0.0000,0.0000,0.0000,0.0000,0.0000
1782997395.2773,0.0000,0.0000,0.0000,0.0000,-0.0000,0.0000,0.0000,-0.0000,0.0000,0.0000,0.0000,0.0000
1782997395.3274,0.0000,0.0000,0.0000,0.0000,-0.0000,0.0000,0.0000,-0.0000,0.0000,0.0000,0.0000,0.0000
1782997395.3776,0.1570,0.0130,19.0000,-0.1570,-0.0160,-19.0000,-0.1570,-0.0390,-18.0000,0.1570,0.0530,17.0000
1782997395.4273,0.1440,0.1670,9.0000,0.0130,-0.1530,8.0000,0.0130,-0.0390,2.0000,0.1440,0.1620,10.0000
1782997395.4774,0.0520,0.1420,-1.0000,0.1330,-0.0040,16.0000,0.2530,0.0220,28.0000,0.0520,0.1210,0.0000
1782997395.5273,0.0260,0.0150,3.0000,0.7330,0.5250,44.0000,0.8530,0.5800,52.0000,0.0260,0.0080,3.0000
1782997395.5774,0.0000,0.0010,0.0000,0.9190,0.9510,42.0000,0.9190,0.9350,44.0000,0.0000,0.0010,0.0000
1782997395.6770,-0.0260,0.0000,-2.0000,0.9190,0.9440,45.0000,0.9190,0.9500,45.0000,-0.0260,0.0000,-2.0000
1782997395.6780,-0.0520,0.0000,-5.0000,0.9190,0.9680,44.0000,0.9190,0.9410,46.0000,-0.0520,-0.0050,-5.0000
1782997395.7274,-0.0520,-0.0090,-5.0000,0.9190,0.9480,45.0000,0.9190,0.9450,46.0000,-0.0520,-0.0080,-5.0000
1782997395.7775,-0.0520,-0.0190,-5.0000,0.9190,0.9540,44.0000,0.9190,0.9580,45.0000,-0.0520,-0.0100,-5.0000
1782997395.8275,-0.0520,-0.0200,-5.0000,0.9190,0.9600,44.0000,0.9190,0.9410,45.0000,-0.0520,-0.0200,-5.0000
1782997395.8775,-0.0520,-0.0250,-5.0000,0.9190,0.9330,45.0000,0.9190,0.9330,45.0000,-0.0520,-0.0230,-6.0000
1782997395.9276,-0.0520,-0.0310,-5.0000,0.9190,0.9460,44.0000,0.9190,0.9430,45.0000,-0.0520,-0.0370,-5.0000
1782997395.9775,-0.0520,-0.0190,-6.0000,0.9190,0.9460,43.0000,0.9190,0.9290,45.0000,-0.0520,-0.0340,-6.0000
1782997396.0275,-0.0520,-0.0270,-6.0000,0.9190,0.9220,44.0000,0.9190,0.9290,45.0000,-0.0520,-0.0150,-7.0000
1782997396.0775,-0.0520,-0.0350,-6.0000,0.9190,0.9380,43.0000,0.9190,0.9450,44.0000,-0.0520,-0.0270,-7.0000
1782997396.1275,-0.0520,-0.0250,-7.0000,0.9190,0.9380,43.0000,0.9190,0.9250,45.0000,-0.0520,-0.0410,-6.0000
1782997396.1774,-0.0520,-0.0220,-7.0000,0.9190,0.9220,44.0000,0.9190,0.9330,44.0000,-0.0520,-0.0300,-7.0000
1782997396.2282,-0.0520,-0.0300,-7.0000,0.9190,0.9330,43.0000,0.9190,0.9390,44.0000,-0.0520,-0.0240,-8.0000
1782997396.2775,-0.0520,-0.0480,-7.0000,0.9190,0.9330,43.0000,0.9190,0.9230,44.0000,-0.0520,-0.0370,-7.0000
1782997396.3275,-0.0520,-0.0320,-8.0000,0.9190,0.9160,44.0000,0.9190,0.9270,44.0000,-0.0520,-0.0460,-7.0000
1782997396.3775,-0.0520,-0.0400,-7.0000,0.9190,0.9290,43.0000,0.9190,0.9280,44.0000,-0.0520,-0.0230,-8.0000
1782997396.4275,-0.0520,-0.0350,-8.0000,0.9190,0.9330,43.0000,0.9190,0.9210,44.0000,-0.0520,-0.0240,-9.0000
1782997396.4775,-0.0520,-0.0320,-8.0000,0.9190,0.9180,43.0000,0.9190,0.9250,44.0000,-0.0520,-0.0420,-8.0000
1782997396.5275,-0.0520,-0.0420,-8.0000,0.9190,0.9310,43.0000,0.9190,0.9220,44.0000,-0.0520,-0.0260,-9.0000
1782997396.5776,-0.0520,-0.0560,-7.0000,0.9190,0.9230,43.0000,0.9190,0.9200,44.0000,-0.0520,-0.0210,-10.0000
1782997396.6275,-0.0520,-0.0420,-8.0000,0.9190,0.9180,43.0000,0.9190,0.9240,44.0000,-0.0520,-0.0510,-8.0000
1782997396.6775,-0.0520,-0.0580,-7.0000,0.9190,0.9310,42.0000,0.9190,0.9210,44.0000,-0.0520,-0.0580,-8.0000
1782997396.7275,-0.0520,-0.0400,-8.0000,0.9190,0.9150,43.0000,0.9190,0.9150,44.0000,-0.0520,-0.0530,-8.0000
1782997396.7775,-0.0520,-0.0680,-7.0000,0.9190,0.9200,43.0000,0.9190,0.9330,43.0000,-0.0520,-0.0520,-8.0000
1782997396.8275,-0.0520,-0.0460,-8.0000,0.9190,0.9290,42.0000,0.9190,0.9140,44.0000,-0.0520,-0.0560,-8.0000
1782997396.8775,-0.0520,-0.0660,-7.0000,0.9190,0.9190,43.0000,0.9190,0.9150,44.0000,-0.0520,-0.0590,-8.0000
1782997396.9275,-0.0520,-0.0470,-8.0000,0.9190,0.9140,43.0000,0.9190,0.9310,43.0000,-0.0520,-0.0550,-8.0000
1782997396.9775,-0.0520,-0.0770,-6.0000,0.9190,0.9360,42.0000,0.9190,0.9120,45.0000,-0.0520,-0.0540,-8.0000
1782997397.0274,-0.0520,-0.0500,-7.0000,0.9190,0.9170,43.0000,0.9190,0.9170,44.0000,-0.0520,-0.0770,-7.0000
1782997397.0775,-0.0520,-0.0580,-7.0000,0.9190,0.9190,43.0000,0.9190,0.9280,44.0000,-0.0520,-0.0510,-8.0000
1782997397.1275,-0.0520,-0.0370,-8.0000,0.9190,0.9310,42.0000,0.9190,0.9150,44.0000,-0.0520,-0.0640,-7.0000
1782997397.1775,-0.0520,-0.0680,-6.0000,0.9190,0.9110,43.0000,0.9190,0.9140,44.0000,-0.0520,-0.0390,-8.0000
1782997397.2274,-0.0520,-0.0490,-7.0000,0.9190,0.9190,43.0000,0.9190,0.9310,43.0000,-0.0520,-0.0650,-7.0000
1782997397.2775,-0.0520,-0.0490,-7.0000,0.9190,0.9310,42.0000,0.9190,0.9110,45.0000,-0.0520,-0.0580,-7.0000
1782997397.3275,-0.0520,-0.0410,-8.0000,0.9190,0.9080,43.0000,0.9190,0.9200,44.0000,-0.0520,-0.0630,-7.0000
1782997397.3775,-0.0520,-0.0450,-8.0000,0.9190,0.9170,43.0000,0.9190,0.9330,43.0000,-0.0520,-0.0290,-9.0000
1782997397.4281,-0.0520,-0.0520,-7.0000,0.9190,0.9270,42.0000,0.9190,0.9100,45.0000,-0.0520,-0.0490,-8.0000
1782997397.4775,-0.0520,-0.0380,-8.0000,0.9190,0.9110,43.0000,0.9190,0.9210,44.0000,-0.0520,-0.0610,-7.0000
1782997397.5274,-0.0520,-0.0500,-7.0000,0.9190,0.9190,43.0000,0.9190,0.9300,43.0000,-0.0520,-0.0510,-8.0000
1782997397.5775,-0.0520,-0.0420,-8.0000,0.9190,0.9290,42.0000,0.9190,0.9130,44.0000,-0.0520,-0.0460,-8.0000
1782997397.6275,-0.0520,-0.0560,-7.0000,0.9190,0.9060,43.0000,0.9190,0.9180,44.0000,-0.0520,-0.0300,-9.0000
1782997397.6775,-0.0520,-0.0460,-8.0000,0.9190,0.9210,43.0000,0.9190,0.9290,43.0000,-0.0520,-0.0640,-7.0000
1782997397.7275,-0.0520,-0.0460,-8.0000,0.9190,0.9270,42.0000,0.9190,0.9110,44.0000,-0.0520,-0.0390,-9.0000
1782997397.7776,-0.0520,-0.0430,-8.0000,0.9190,0.9070,43.0000,0.9190,0.9160,44.0000,-0.0520,-0.0450,-8.0000
1782997397.8276,-0.0390,-0.0340,-8.0000,0.9060,0.9250,41.0000,0.9060,0.9250,42.0000,-0.0390,-0.0370,-8.0000
1782997397.8775,-0.0260,-0.0320,-7.0000,0.9190,0.9270,42.0000,0.9190,0.9140,44.0000,-0.0260,-0.0100,-8.0000
1782997397.9275,-0.0260,-0.0350,-6.0000,0.9190,0.9070,43.0000,0.9190,0.9170,44.0000,-0.0260,-0.0070,-8.0000
1782997397.9775,-0.0260,-0.0250,-7.0000,0.9190,0.9280,42.0000,0.9190,0.9230,44.0000,-0.0260,-0.0070,-8.0000
1782997398.0275,-0.0260,-0.0270,-7.0000,0.9190,0.9250,42.0000,0.9190,0.9100,44.0000,-0.0260,-0.0070,-8.0000
1782997398.0775,-0.0260,-0.0240,-7.0000,0.9190,0.9070,43.0000,0.9190,0.9110,44.0000,-0.0260,-0.0210,-8.0000
1782997398.1275,-0.0260,-0.0230,-7.0000,0.9190,0.9240,42.0000,0.9190,0.9260,44.0000,-0.0260,-0.0460,-7.0000
1782997398.1775,-0.0260,-0.0240,-7.0000,0.9190,0.9210,42.0000,0.9190,0.9140,44.0000,-0.0260,-0.0420,-7.0000
1782997398.2275,-0.0260,-0.0170,-7.0000,0.9190,0.9070,43.0000,0.9190,0.9180,44.0000,-0.0260,-0.0230,-8.0000
1782997398.2775,-0.0260,-0.0130,-7.0000,0.9190,0.9240,42.0000,0.9190,0.9280,43.0000,-0.0260,-0.0410,-7.0000
1782997398.3275,-0.0260,-0.0210,-7.0000,0.9190,0.9190,43.0000,0.9190,0.9220,44.0000,-0.0260,-0.0310,-7.0000
1782997398.3775,-0.0260,-0.0380,-6.0000,0.9190,0.9150,43.0000,0.9190,0.9250,44.0000,-0.0260,-0.0220,-7.0000
1782997398.4275,-0.0260,-0.0300,-7.0000,0.9190,0.9250,42.0000,0.9190,0.9210,44.0000,-0.0260,-0.0250,-7.0000
1782997398.4775,-0.0260,-0.0250,-7.0000,0.9190,0.9170,43.0000,0.9190,0.9160,44.0000,-0.0260,-0.0370,-7.0000
1782997398.5274,-0.0260,-0.0240,-7.0000,0.9190,0.9140,43.0000,0.9190,0.9210,44.0000,-0.0260,-0.0370,-7.0000
1782997398.5775,-0.0260,-0.0440,-6.0000,0.9190,0.9250,42.0000,0.9190,0.9190,44.0000,-0.0260,-0.0200,-7.0000
1782997398.6274,-0.0260,-0.0260,-7.0000,0.9190,0.9160,43.0000,0.9190,0.9090,44.0000,-0.0260,-0.0230,-7.0000
1782997398.6775,-0.0260,-0.0300,-6.0000,0.9190,0.9160,43.0000,0.9190,0.9180,44.0000,-0.0260,-0.0400,-6.0000
1782997398.7275,-0.0260,-0.0420,-6.0000,0.9190,0.9240,42.0000,0.9190,0.9190,43.0000,-0.0260,-0.0280,-7.0000
1782997398.7777,-0.0260,-0.0350,-6.0000,0.9190,0.9170,43.0000,0.9190,0.9190,44.0000,-0.0260,-0.0260,-7.0000
1782997398.8276,-0.0260,-0.0250,-6.0000,0.9190,0.9170,43.0000,0.9190,0.9280,43.0000,-0.0260,-0.0450,-6.0000
1782997398.8775,-0.0260,-0.0230,-6.0000,0.9190,0.9220,42.0000,0.9190,0.9160,44.0000,-0.0260,-0.0420,-6.0000
1782997398.9275,-0.0260,-0.0330,-6.0000,0.9190,0.9180,43.0000,0.9190,0.9140,44.0000,-0.0260,-0.0230,-7.0000
1782997398.9775,-0.0260,-0.0250,-6.0000,0.9190,0.9140,43.0000,0.9190,0.9250,44.0000,-0.0260,-0.0310,-6.0000
1782997399.0275,-0.0260,-0.0220,-6.0000,0.9190,0.9240,42.0000,0.9190,0.9150,44.0000,-0.0260,-0.0310,-6.0000
1782997399.0775,-0.0260,-0.0270,-6.0000,0.9190,0.9170,43.0000,0.9190,0.9150,44.0000,-0.0260,-0.0170,-7.0000
1782997399.1275,-0.0260,-0.0450,-5.0000,0.9190,0.9150,43.0000,0.9190,0.9260,44.0000,-0.0260,-0.0190,-7.0000
1782997399.1776,-0.0260,-0.0340,-6.0000,0.9190,0.9250,42.0000,0.9190,0.9130,44.0000,-0.0260,-0.0270,-6.0000
1782997399.2275,-0.0260,-0.0270,-6.0000,0.9190,0.9180,43.0000,0.9190,0.9170,44.0000,-0.0260,-0.0430,-5.0000
1782997399.2775,-0.0260,-0.0330,-5.0000,0.9190,0.9170,43.0000,0.9190,0.9310,43.0000,-0.0260,-0.0380,-6.0000
1782997399.3275,-0.0260,-0.0230,-6.0000,0.9190,0.9230,42.0000,0.9190,0.9120,44.0000,-0.0260,-0.0230,-6.0000
1782997399.3775,0.0000,-0.0070,0.0000,0.6790,0.9030,23.0000,0.5590,0.8670,15.0000,0.0000,-0.0110,0.0000
1782997399.4274,0.0000,0.0000,0.0000,0.0790,0.3570,-9.0000,0.0790,0.2750,-10.0000,0.0000,-0.0000,0.0000
1782997399.4774,0.0000,0.0000,0.0000,0.0000,0.0260,0.0000,0.0000,0.0210,0.0000,0.0000,-0.0000,0.0000
1782997399.5274,0.0000,0.0000,0.0000,0.0000,0.0020,0.0000,0.0000,0.0030,0.0000,0.0000,-0.0000,0.0000
1782997399.5775,0.0000,0.0000,0.0000,0.0000,0.0000,0.0000,0.0000,0.0000,0.0000,0.0000,-0.0000,0.0000
1782997399.6274,0.0000,0.0000,0.0000,0.0000,0.0000,0.0000,0.0000,0.0000,0.0000,0.0000,-0.0000,0.0000
1782997399.6774,0.0000,0.0000,0.0000,0.0000,0.0000,0.0000,0.0000,0.0000,0.0000,0.0000,-0.0000,0.0000
1782997399.7273,0.0000,0.0000,0.0000,0.0000,0.0000,0.0000,0.0000,0.0000,0.0000,0.0000,-0.0000,0.0000
1782997399.7774,0.0000,0.0000,0.0000,0.0000,0.0000,0.0000,0.0520,0.0000,5.0000,0.0520,-0.0000,5.0000
1782997399.8274,0.0520,0.0060,5.0000,0.0520,0.0050,5.0000,-0.0680,0.0060,-7.0000,0.0520,0.0120,4.0000
1782997399.8775,0.0520,0.0130,5.0000,-0.3150,-0.3020,-19.0000,-0.4350,-0.2880,-31.0000,0.0260,0.0170,2.0000
1782997399.9275,0.0260,0.0010,3.0000,-0.9150,-0.6540,-55.0000,-0.9190,-0.7030,-54.0000,0.0000,0.0020,0.0000
1782997399.9776,0.0000,0.0000,0.0000,-0.9190,-0.9630,-42.0000,-0.9190,-0.9580,-45.0000,0.0000,0.0000,0.0000
1782997400.0280,0.0000,0.0000,0.0000,-0.9190,-0.9490,-44.0000,-0.9190,-0.9420,-47.0000,0.0000,0.0000,0.0000
1782997400.0776,0.0000,0.0000,0.0000,-0.9190,-0.9500,-45.0000,-0.9190,-0.9280,-48.0000,0.0000,0.0000,0.0000
1782997400.1277,-0.0260,0.0000,-2.0000,-0.9190,-0.9530,-44.0000,-0.9190,-0.9490,-46.0000,-0.0260,0.0000,-2.0000
1782997400.1776,-0.0260,0.0000,-3.0000,-0.9190,-0.9510,-44.0000,-0.9190,-0.9500,-46.0000,-0.0260,0.0000,-3.0000
1782997400.2276,-0.0260,0.0000,-3.0000,-0.9190,-0.9370,-44.0000,-0.9190,-0.9270,-47.0000,-0.0260,0.0000,-3.0000
1782997400.2776,-0.0520,-0.0110,-5.0000,-0.9190,-0.9370,-44.0000,-0.9190,-0.9470,-46.0000,-0.0520,-0.0210,-5.0000
1782997400.3277,-0.0520,-0.0040,-6.0000,-0.9190,-0.9400,-43.0000,-0.9190,-0.9370,-46.0000,-0.0520,-0.0150,-6.0000
1782997400.3777,-0.0520,-0.0070,-7.0000,-0.9190,-0.9310,-44.0000,-0.9190,-0.9250,-46.0000,-0.0520,-0.0230,-6.0000
1782997400.4276,-0.0520,-0.0090,-7.0000,-0.9190,-0.9280,-44.0000,-0.9190,-0.9310,-46.0000,-0.0520,-0.0220,-6.0000
1782997400.4777,-0.0520,-0.0100,-8.0000,-0.9190,-0.9390,-43.0000,-0.9190,-0.9280,-46.0000,-0.0520,-0.0160,-7.0000
1782997400.5276,-0.0520,-0.0180,-8.0000,-0.9190,-0.9250,-44.0000,-0.9190,-0.9240,-46.0000,-0.0520,-0.0150,-7.0000
1782997400.5777,-0.0520,-0.0320,-7.0000,-0.9190,-0.9210,-44.0000,-0.9190,-0.9290,-46.0000,-0.0520,-0.0240,-7.0000
1782997400.6276,-0.0520,-0.0530,-6.0000,-0.9190,-0.9340,-43.0000,-0.9190,-0.9190,-46.0000,-0.0520,-0.0400,-7.0000
1782997400.6776,-0.0520,-0.0310,-8.0000,-0.9190,-0.9250,-43.0000,-0.9190,-0.9250,-46.0000,-0.0520,-0.0390,-7.0000
1782997400.7276,-0.0520,-0.0440,-7.0000,-0.9190,-0.9190,-43.0000,-0.9190,-0.9260,-46.0000,-0.0520,-0.0390,-7.0000
1782997400.7776,-0.0520,-0.0350,-8.0000,-0.9190,-0.9280,-43.0000,-0.9190,-0.9130,-46.0000,-0.0520,-0.0500,-7.0000
1782997400.8277,-0.0520,-0.0240,-9.0000,-0.9190,-0.9250,-43.0000,-0.9190,-0.9260,-45.0000,-0.0520,-0.0290,-8.0000
1782997400.8777,-0.0520,-0.0370,-8.0000,-0.9190,-0.9220,-43.0000,-0.9190,-0.9250,-46.0000,-0.0520,-0.0400,-8.0000
1782997400.9276,-0.0520,-0.0540,-7.0000,-0.9190,-0.9300,-43.0000,-0.9190,-0.9150,-46.0000,-0.0520,-0.0530,-7.0000
1782997400.9777,-0.0520,-0.0370,-9.0000,-0.9190,-0.9300,-42.0000,-0.9190,-0.9300,-45.0000,-0.0520,-0.0270,-9.0000
1782997401.0277,-0.0520,-0.0480,-8.0000,-0.9190,-0.9260,-43.0000,-0.9190,-0.9260,-45.0000,-0.0520,-0.0390,-8.0000
1782997401.0778,-0.0520,-0.0400,-9.0000,-0.9190,-0.9230,-43.0000,-0.9190,-0.9030,-46.0000,-0.0520,-0.0410,-8.0000
1782997401.1277,-0.0520,-0.0360,-9.0000,-0.9190,-0.9250,-42.0000,-0.9190,-0.9310,-45.0000,-0.0520,-0.0200,-10.0000
1782997401.1776,-0.0520,-0.0680,-7.0000,-0.9190,-0.9220,-43.0000,-0.9190,-0.9270,-45.0000,-0.0520,-0.0420,-9.0000
1782997401.2276,-0.0520,-0.0430,-9.0000,-0.9190,-0.9190,-43.0000,-0.9190,-0.9060,-46.0000,-0.0520,-0.0660,-7.0000
1782997401.2776,-0.0520,-0.0660,-7.0000,-0.9190,-0.9210,-43.0000,-0.9190,-0.9330,-45.0000,-0.0520,-0.0450,-9.0000
1782997401.3284,-0.0520,-0.0370,-9.0000,-0.9190,-0.9230,-42.0000,-0.9190,-0.9320,-45.0000,-0.0520,-0.0580,-8.0000
1782997401.3777,-0.0520,-0.0580,-8.0000,-0.9190,-0.9150,-43.0000,-0.9190,-0.9050,-46.0000,-0.0520,-0.0430,-9.0000
1782997401.4277,-0.0520,-0.0510,-8.0000,-0.9190,-0.9200,-43.0000,-0.9190,-0.9290,-45.0000,-0.0520,-0.0650,-7.0000
1782997401.4777,-0.0520,-0.0640,-7.0000,-0.9190,-0.9250,-42.0000,-0.9190,-0.9300,-45.0000,-0.0520,-0.0340,-9.0000
1782997401.5276,-0.0520,-0.0440,-9.0000,-0.9190,-0.9190,-43.0000,-0.9190,-0.9020,-46.0000,-0.0520,-0.0540,-8.0000
1782997401.5777,-0.0520,-0.0660,-7.0000,-0.9190,-0.9190,-43.0000,-0.9190,-0.9300,-45.0000,-0.0520,-0.0550,-8.0000
1782997401.6277,-0.0520,-0.0580,-8.0000,-0.9190,-0.9200,-43.0000,-0.9190,-0.9320,-45.0000,-0.0520,-0.0770,-7.0000
1782997401.6777,-0.0520,-0.0670,-7.0000,-0.9190,-0.9180,-43.0000,-0.9190,-0.9020,-46.0000,-0.0520,-0.0440,-9.0000
1782997401.7276,-0.0520,-0.0440,-8.0000,-0.9190,-0.9180,-43.0000,-0.9190,-0.9320,-45.0000,-0.0520,-0.0590,-8.0000
1782997401.7777,-0.0520,-0.0690,-7.0000,-0.9190,-0.9240,-42.0000,-0.9190,-0.9290,-45.0000,-0.0520,-0.0400,-9.0000
1782997401.8277,-0.0520,-0.0600,-7.0000,-0.9190,-0.9140,-43.0000,-0.9190,-0.9030,-46.0000,-0.0520,-0.0680,-7.0000
1782997401.8777,-0.0520,-0.0520,-8.0000,-0.9190,-0.9160,-43.0000,-0.9190,-0.9310,-45.0000,-0.0520,-0.0540,-8.0000
1782997401.9277,-0.0520,-0.0450,-8.0000,-0.9190,-0.9240,-42.0000,-0.9190,-0.9320,-45.0000,-0.0520,-0.0600,-7.0000
1782997401.9777,-0.0520,-0.0580,-7.0000,-0.9190,-0.9150,-43.0000,-0.9190,-0.9040,-46.0000,-0.0520,-0.0330,-9.0000
1782997402.0276,-0.0520,-0.0490,-8.0000,-0.9190,-0.9190,-42.0000,-0.9190,-0.9330,-44.0000,-0.0520,-0.0420,-8.0000
1782997402.0777,-0.0520,-0.0430,-8.0000,-0.9190,-0.9290,-42.0000,-0.9190,-0.9260,-45.0000,-0.0520,-0.0660,-7.0000
1782997402.1277,-0.0520,-0.0520,-8.0000,-0.9190,-0.9150,-43.0000,-0.9190,-0.9040,-46.0000,-0.0520,-0.0480,-8.0000
1782997402.1776,-0.0520,-0.0430,-8.0000,-0.9190,-0.9170,-43.0000,-0.9190,-0.9300,-45.0000,-0.0520,-0.0550,-8.0000
1782997402.2276,-0.0520,-0.0620,-7.0000,-0.9190,-0.9210,-42.0000,-0.9190,-0.9240,-45.0000,-0.0520,-0.0290,-9.0000
1782997402.2777,-0.0520,-0.0400,-8.0000,-0.9190,-0.9180,-42.0000,-0.9190,-0.9070,-46.0000,-0.0520,-0.0530,-8.0000
1782997402.3277,-0.0520,-0.0460,-8.0000,-0.9190,-0.9160,-43.0000,-0.9190,-0.9240,-45.0000,-0.0520,-0.0470,-9.0000
1782997402.3777,-0.0520,-0.0410,-9.0000,-0.9190,-0.9180,-43.0000,-0.9190,-0.9200,-45.0000,-0.0520,-0.0340,-9.0000
1782997402.4281,-0.0520,-0.0470,-8.0000,-0.9190,-0.9170,-43.0000,-0.9190,-0.9110,-46.0000,-0.0520,-0.0500,-9.0000
1782997402.4777,-0.0520,-0.0610,-8.0000,-0.9190,-0.9120,-43.0000,-0.9190,-0.9240,-45.0000,-0.0520,-0.0280,-10.0000
1782997402.5277,-0.0520,-0.0510,-8.0000,-0.9190,-0.9240,-42.0000,-0.9190,-0.9200,-45.0000,-0.0520,-0.0340,-10.0000
1782997402.5778,-0.0520,-0.0490,-8.0000,-0.9190,-0.9230,-42.0000,-0.9190,-0.9110,-46.0000,-0.0520,-0.0760,-8.0000
1782997402.6277,-0.0520,-0.0420,-9.0000,-0.9190,-0.9210,-42.0000,-0.9190,-0.9230,-45.0000,-0.0520,-0.0550,-9.0000
1782997402.6777,-0.0520,-0.0610,-8.0000,-0.9190,-0.9240,-42.0000,-0.9190,-0.9200,-45.0000,-0.0520,-0.0590,-8.0000
1782997402.7277,-0.0520,-0.0510,-8.0000,-0.9190,-0.9230,-42.0000,-0.9190,-0.9200,-45.0000,-0.0520,-0.0460,-9.0000
1782997402.7777,-0.0520,-0.0620,-8.0000,-0.9190,-0.9130,-43.0000,-0.9190,-0.9250,-45.0000,-0.0520,-0.0730,-7.0000
1782997402.8278,-0.0520,-0.0500,-8.0000,-0.9190,-0.9260,-42.0000,-0.9190,-0.9120,-46.0000,-0.0520,-0.0490,-9.0000
1782997402.8778,-0.0520,-0.0770,-7.0000,-0.9190,-0.9170,-42.0000,-0.9190,-0.9190,-45.0000,-0.0520,-0.0660,-8.0000
1782997402.9277,-0.0520,-0.0500,-8.0000,-0.9190,-0.9140,-43.0000,-0.9190,-0.9220,-45.0000,-0.0520,-0.0630,-8.0000
1782997402.9778,-0.0520,-0.0610,-7.0000,-0.9190,-0.9280,-42.0000,-0.9190,-0.9100,-46.0000,-0.0520,-0.0640,-8.0000
1782997403.0277,-0.0520,-0.0530,-8.0000,-0.9190,-0.9160,-42.0000,-0.9190,-0.9190,-45.0000,-0.0520,-0.0590,-8.0000
1782997403.0778,-0.0520,-0.0750,-6.0000,-0.9190,-0.9200,-42.0000,-0.9190,-0.9250,-45.0000,-0.0520,-0.0420,-9.0000
1782997403.1277,-0.0520,-0.0510,-8.0000,-0.9190,-0.9270,-42.0000,-0.9190,-0.9110,-46.0000,-0.0520,-0.0620,-7.0000
1782997403.1777,-0.0520,-0.0480,-8.0000,-0.9190,-0.9150,-42.0000,-0.9190,-0.9250,-45.0000,-0.0520,-0.0600,-8.0000
1782997403.2277,-0.0520,-0.0320,-9.0000,-0.9190,-0.9210,-42.0000,-0.9190,-0.9260,-45.0000,-0.0520,-0.0620,-7.0000
1782997403.2778,-0.0520,-0.0650,-7.0000,-0.9190,-0.9210,-42.0000,-0.9190,-0.9100,-46.0000,-0.0520,-0.0390,-9.0000
1782997403.3278,-0.0520,-0.0450,-8.0000,-0.9190,-0.9170,-42.0000,-0.9190,-0.9280,-45.0000,-0.0520,-0.0600,-7.0000
1782997403.3777,-0.0520,-0.0500,-8.0000,-0.9190,-0.9230,-42.0000,-0.9190,-0.9230,-45.0000,-0.0520,-0.0530,-8.0000
1782997403.4277,-0.0520,-0.0390,-8.0000,-0.9190,-0.9200,-42.0000,-0.9190,-0.9050,-45.0000,-0.0520,-0.0580,-7.0000
1782997403.4778,-0.0520,-0.0390,-8.0000,-0.9190,-0.9160,-42.0000,-0.9190,-0.9290,-44.0000,-0.0520,-0.0400,-8.0000
1782997403.5276,0.0000,-0.0100,0.0000,-0.4390,-0.7360,-10.0000,-0.3190,-0.7060,-3.0000,0.0000,0.0120,0.0000
1782997403.5775,0.0000,-0.0010,0.0000,0.0000,-0.0940,0.0000,0.0000,-0.1930,0.0000,0.0000,0.0020,0.0000
1782997403.6275,0.0000,-0.0000,0.0000,0.0000,-0.0050,0.0000,0.0000,-0.0080,0.0000,0.0000,0.0000,0.0000
1782997403.6775,0.0000,-0.0000,0.0000,0.0000,-0.0000,0.0000,0.0000,-0.0010,0.0000,0.0000,0.0000,0.0000
1782997403.7275,0.0000,-0.0000,0.0000,0.0000,-0.0000,0.0000,0.0000,-0.0000,0.0000,0.0000,0.0000,0.0000
1782997403.7775,0.0000,-0.0000,0.0000,0.0000,-0.0000,0.0000,0.0000,-0.0000,0.0000,0.0000,0.0000,0.0000
1782997403.8276,0.0000,-0.0000,0.0000,0.0000,-0.0000,0.0000,0.0000,-0.0000,0.0000,0.0000,0.0000,0.0000
1782997403.8776,0.0000,-0.0000,0.0000,0.0000,-0.0000,0.0000,0.0000,-0.0000,0.0000,0.0000,0.0000,0.0000
1782997403.9275,0.0000,-0.0000,0.0000,0.0000,-0.0000,0.0000,0.0000,-0.0000,0.0000,0.0000,0.0000,0.0000
1782997403.9776,0.0000,-0.0000,0.0000,0.0000,-0.0000,0.0000,0.0000,-0.0000,0.0000,0.0000,0.0000,0.0000
1782997404.0274,0.0000,-0.0000,0.0000,0.0000,-0.0000,0.0000,0.0000,-0.0000,0.0000,0.0000,0.0000,0.0000
1782997404.0775,0.0000,-0.0000,0.0000,0.0000,-0.0000,0.0000,0.0000,-0.0000,0.0000,0.0000,0.0000,0.0000
1782997404.1275,0.0000,-0.0000,0.0000,0.0000,-0.0000,0.0000,0.0000,-0.0000,0.0000,0.0000,0.0000,0.0000
1782997404.1775,0.0000,-0.0000,0.0000,0.0000,-0.0000,0.0000,0.0000,-0.0000,0.0000,0.0000,0.0000,0.0000
1782997404.2275,0.0000,-0.0000,0.0000,0.0000,-0.0000,0.0000,0.0000,-0.0000,0.0000,0.0000,0.0000,0.0000
1782997404.2776,0.0000,-0.0000,0.0000,0.0000,-0.0000,0.0000,0.0000,-0.0000,0.0000,0.0000,0.0000,0.0000
1782997404.3276,0.0000,-0.0000,0.0000,0.0000,-0.0000,0.0000,0.0000,-0.0000,0.0000,0.0000,0.0000,0.0000
1782997404.3776,0.0790,0.0270,7.0000,0.2360,0.0920,24.0000,0.2360,0.1580,20.0000,0.0790,0.0440,6.0000
1782997404.4275,0.1840,0.1380,16.0000,0.1840,0.2610,10.0000,0.1840,0.2230,13.0000,0.1840,0.1720,15.0000
1782997404.4775,0.4240,0.2350,33.0000,0.0660,0.1960,-3.0000,0.0660,0.0980,3.0000,0.4590,0.2580,36.0000
1782997404.5276,0.6990,0.5330,42.0000,-0.0390,0.0210,-4.0000,-0.0390,-0.0020,-2.0000,0.8190,0.5630,53.0000
1782997404.5776,0.8270,0.9010,36.0000,-0.0390,0.0010,-4.0000,0.0000,-0.0010,0.0000,0.9190,0.8740,48.0000
1782997404.6276,0.9190,0.9570,43.0000,0.0260,0.0000,2.0000,0.0260,-0.0000,2.0000,0.9190,0.9540,45.0000
1782997404.6776,0.9190,0.9710,43.0000,0.0520,0.0000,5.0000,0.0520,-0.0000,5.0000,0.9190,0.9620,45.0000
1782997404.7275,0.9190,0.9600,43.0000,0.0520,0.0030,5.0000,0.0520,0.0000,6.0000,0.9190,0.9630,45.0000
1782997404.7776,0.9060,0.9530,42.0000,0.0920,0.0380,10.0000,0.0920,0.0080,12.0000,0.9060,0.9530,44.0000
1782997404.8276,0.9060,0.9480,41.0000,0.0920,0.0830,8.0000,0.0920,0.0050,13.0000,0.9060,0.9360,44.0000
1782997404.8776,0.9060,0.9340,42.0000,0.0920,0.0780,9.0000,0.0920,0.0110,14.0000,0.9060,0.9360,44.0000
1782997404.9276,0.9060,0.9260,42.0000,0.0920,0.0750,9.0000,0.0920,0.0090,15.0000,0.9060,0.9360,43.0000
1782997404.9776,0.9060,0.9370,41.0000,0.0920,0.0930,8.0000,0.0920,0.0240,15.0000,0.9060,0.9380,43.0000
1782997405.0276,0.9060,0.9270,41.0000,0.0920,0.0700,10.0000,0.0920,0.1040,11.0000,0.9060,0.9160,44.0000
1782997405.0776,0.9060,0.9150,41.0000,0.0920,0.0640,10.0000,0.0920,0.0840,13.0000,0.9060,0.9180,43.0000
1782997405.1277,0.9060,0.9280,40.0000,0.0920,0.0980,8.0000,0.0920,0.0990,13.0000,0.9060,0.9250,43.0000
1782997405.1785,0.9060,0.9240,40.0000,0.0920,0.0780,10.0000,0.0920,0.0970,12.0000,0.9060,0.9070,44.0000
1782997405.2276,0.9060,0.9140,41.0000,0.0920,0.0750,10.0000,0.0920,0.0410,15.0000,0.9060,0.9160,43.0000
1782997405.2776,0.9060,0.9150,41.0000,0.0920,0.0980,9.0000,0.0920,0.0770,14.0000,0.9060,0.9240,42.0000
1782997405.3276,0.9060,0.9150,40.0000,0.0920,0.0840,10.0000,0.0920,0.1090,12.0000,0.9060,0.9010,44.0000
1782997405.3776,0.9060,0.9120,40.0000,0.0920,0.1060,8.0000,0.0920,0.0660,14.0000,0.9060,0.9140,43.0000
1782997405.4276,0.9060,0.9100,41.0000,0.0920,0.0770,10.0000,0.0920,0.1260,11.0000,0.9060,0.9260,42.0000
1782997405.4776,0.9060,0.9140,40.0000,0.0920,0.0670,11.0000,0.0920,0.0850,13.0000,0.9060,0.9050,43.0000
1782997405.5276,0.9060,0.9070,41.0000,0.0920,0.1080,9.0000,0.0920,0.1340,10.0000,0.9060,0.9110,43.0000
1782997405.5776,0.9060,0.9150,40.0000,0.0920,0.0750,10.0000,0.0920,0.0900,13.0000,0.9060,0.9240,42.0000
1782997405.6276,0.9060,0.9090,40.0000,0.0920,0.0770,10.0000,0.0920,0.0880,13.0000,0.9060,0.9020,43.0000
1782997405.6776,0.9060,0.9020,41.0000,0.0920,0.0950,10.0000,0.0920,0.1060,12.0000,0.9060,0.9070,43.0000
1782997405.7276,0.9060,0.9120,40.0000,0.0920,0.0650,11.0000,0.0920,0.0560,15.0000,0.9060,0.9160,42.0000
1782997405.7776,0.9060,0.9110,40.0000,0.0920,0.0690,11.0000,0.0920,0.1240,11.0000,0.9060,0.9040,43.0000
1782997405.8278,0.9060,0.9090,40.0000,0.0920,0.0930,10.0000,0.0920,0.0780,13.0000,0.9060,0.9020,43.0000
1782997405.8776,0.9060,0.9070,40.0000,0.0920,0.0710,12.0000,0.0920,0.1130,11.0000,0.9060,0.9240,42.0000
1782997405.9275,0.9060,0.9110,40.0000,0.0920,0.1170,9.0000,0.0920,0.0920,13.0000,0.9060,0.9010,43.0000
1782997405.9776,0.9060,0.9100,40.0000,0.0920,0.0900,11.0000,0.0920,0.0680,14.0000,0.9060,0.9050,42.0000
1782997406.0276,0.9060,0.9110,40.0000,0.0920,0.0830,11.0000,0.0920,0.1140,11.0000,0.9060,0.9210,41.0000
1782997406.0777,0.9060,0.9050,40.0000,0.0920,0.0940,10.0000,0.0920,0.0710,14.0000,0.9060,0.9000,43.0000
1782997406.1276,0.9060,0.9130,40.0000,0.0920,0.0830,11.0000,0.0920,0.1260,11.0000,0.9060,0.8980,43.0000
1782997406.1776,0.9060,0.9100,40.0000,0.0920,0.1180,9.0000,0.0920,0.0870,13.0000,0.9060,0.9210,41.0000
1782997406.2276,0.9060,0.9060,40.0000,0.0920,0.0820,11.0000,0.0920,0.1130,11.0000,0.9060,0.9010,43.0000
1782997406.2777,0.9060,0.9020,40.0000,0.0920,0.0890,11.0000,0.0790,0.0970,10.0000,0.9190,0.9060,43.0000
1782997406.3276,0.9190,0.9240,40.0000,0.0790,0.0850,9.0000,0.0790,0.0290,14.0000,0.9190,0.9310,42.0000
1782997406.3776,0.9190,0.9210,41.0000,0.0790,0.0620,10.0000,0.0790,0.0860,11.0000,0.9190,0.9170,43.0000
1782997406.4276,0.9190,0.9280,40.0000,0.0790,0.0860,9.0000,0.0790,0.0750,11.0000,0.9190,0.9150,43.0000
1782997406.4776,0.9190,0.9260,40.0000,0.0790,0.0750,10.0000,0.0790,0.0370,14.0000,0.9190,0.9330,42.0000
1782997406.5276,0.9190,0.9180,41.0000,0.0790,0.0550,11.0000,0.0790,0.0240,15.0000,0.9190,0.9160,43.0000
1782997406.5777,0.9190,0.9210,41.0000,0.0790,0.0870,9.0000,0.0790,0.0470,14.0000,0.9190,0.9130,43.0000
1782997406.6276,0.9190,0.9180,41.0000,0.0790,0.0770,10.0000,0.0790,0.1140,11.0000,0.9190,0.9280,42.0000
1782997406.6776,0.9190,0.9160,41.0000,0.0790,0.0660,10.0000,0.0790,0.0680,13.0000,0.9190,0.9220,42.0000
1782997406.7276,0.9190,0.9250,40.0000,0.0790,0.0870,9.0000,0.0790,0.1160,10.0000,0.9190,0.9120,43.0000
1782997406.7776,0.9190,0.9210,40.0000,0.0790,0.0810,9.0000,0.0790,0.0630,13.0000,0.9190,0.9240,42.0000
1782997406.8277,0.9190,0.9180,41.0000,0.0790,0.0700,10.0000,0.0790,0.0340,15.0000,0.9190,0.9210,42.0000
1782997406.8776,0.9190,0.9210,40.0000,0.0790,0.1040,8.0000,0.0790,0.0960,11.0000,0.9190,0.9150,43.0000
1782997406.9276,0.9190,0.9190,41.0000,0.0790,0.0700,10.0000,0.0790,0.0910,12.0000,0.9190,0.9270,42.0000
1782997406.9777,0.9190,0.9190,40.0000,0.0790,0.0560,11.0000,0.0790,0.0510,14.0000,0.9190,0.9230,42.0000
1782997407.0276,0.9190,0.9230,40.0000,0.0790,0.1010,8.0000,0.0790,0.1130,11.0000,0.9190,0.9160,43.0000
1782997407.0777,0.9060,0.9080,40.0000,0.0920,0.0720,12.0000,0.0920,0.1010,13.0000,0.9060,0.9060,42.0000
1782997407.1277,0.9060,0.9010,40.0000,0.0920,0.0890,11.0000,0.0920,0.1400,11.0000,0.9060,0.9080,42.0000
1782997407.1776,0.9060,0.9070,40.0000,0.0920,0.1060,10.0000,0.0920,0.1020,13.0000,0.9060,0.8980,42.0000
1782997407.2276,0.9060,0.9100,40.0000,0.0920,0.0710,12.0000,0.0920,0.1120,12.0000,0.9060,0.9050,42.0000
1782997407.2777,0.9060,0.9050,40.0000,0.0920,0.1030,10.0000,0.0920,0.1010,12.0000,0.9060,0.9020,42.0000
1782997407.3277,0.9060,0.9110,40.0000,0.0920,0.0660,12.0000,0.0920,0.0730,14.0000,0.9060,0.9000,42.0000
1782997407.3787,0.9060,0.9020,40.0000,0.0920,0.0650,13.0000,0.0920,0.1240,11.0000,0.9060,0.9090,42.0000
1782997407.4277,0.9060,0.9050,40.0000,0.0920,0.1100,10.0000,0.0920,0.0730,14.0000,0.9060,0.9090,42.0000
1782997407.4776,0.9060,0.9150,39.0000,0.0920,0.0750,12.0000,0.0920,0.1220,11.0000,0.9060,0.9080,42.0000
1782997407.5276,0.9060,0.9070,40.0000,0.0920,0.1140,10.0000,0.0920,0.0570,14.0000,0.9060,0.9040,42.0000
1782997407.5777,0.9060,0.9040,40.0000,0.0920,0.0980,11.0000,0.0920,0.1060,12.0000,0.9060,0.9060,42.0000
1782997407.6277,0.9060,0.9080,40.0000,0.0920,0.0870,11.0000,0.1050,0.0880,15.0000,0.9190,0.9030,43.0000
1782997407.6777,0.9190,0.9170,40.0000,0.1050,0.1120,12.0000,0.1050,0.1340,12.0000,0.9190,0.9140,43.0000
1782997407.7277,0.9190,0.9100,41.0000,0.1050,0.1080,12.0000,0.1050,0.1180,13.0000,0.9190,0.9220,42.0000
1782997407.7778,0.9190,0.9250,40.0000,0.1050,0.1260,11.0000,0.1050,0.1340,12.0000,0.9190,0.9220,42.0000
1782997407.8285,0.9190,0.9170,41.0000,0.1050,0.1020,12.0000,0.1050,0.1010,13.0000,0.9190,0.9130,43.0000
1782997407.8778,0.9190,0.9160,41.0000,0.1050,0.1270,11.0000,0.1050,0.1250,12.0000,0.9190,0.9210,43.0000
1782997407.9277,0.9190,0.9270,40.0000,0.1050,0.1150,11.0000,0.1050,0.0930,14.0000,0.9190,0.9200,43.0000
1782997407.9777,0.9190,0.9170,40.0000,0.1050,0.1080,11.0000,0.1050,0.0560,16.0000,0.9190,0.9090,43.0000
1782997408.0276,0.6790,0.8930,21.0000,0.0000,0.0900,0.0000,0.0000,0.0920,0.0000,0.5590,0.8540,15.0000
1782997408.0776,0.0790,0.3280,-8.0000,0.0000,0.0080,0.0000,0.0000,0.0050,0.0000,0.0000,0.2540,0.0000
1782997408.2776,0.0000,0.0180,0.0000,0.0000,0.0010,0.0000,0.0000,0.0000,0.0000,0.0000,0.0190,0.0000
1782997408.2782,0.0000,0.0010,0.0000,0.0000,0.0000,0.0000,0.0000,0.0000,0.0000,0.0000,0.0010,0.0000
1782997408.2790,0.0000,0.0000,0.0000,0.0000,0.0000,0.0000,0.0000,0.0000,0.0000,0.0000,0.0000,0.0000
1782997408.2797,0.0000,0.0000,0.0000,0.0000,0.0000,0.0000,0.0000,0.0000,0.0000,0.0000,0.0000,0.0000
1782997408.4776,0.0000,0.0000,0.0000,0.0000,0.0000,0.0000,0.0000,0.0000,0.0000,0.0000,0.0000,0.0000
1782997408.4782,0.0000,0.0000,0.0000,0.0000,0.0000,0.0000,0.0000,0.0000,0.0000,0.0000,0.0000,0.0000
1782997408.4789,0.0000,0.0000,0.0000,0.0000,0.0000,0.0000,0.0000,0.0000,0.0000,0.0000,0.0000,0.0000
1782997408.4796,0.0000,0.0000,0.0000,0.0000,0.0000,0.0000,0.0000,0.0000,0.0000,0.0000,0.0000,0.0000
1782997408.6770,0.0000,0.0000,0.0000,0.0000,0.0000,0.0000,0.0000,0.0000,0.0000,0.0000,0.0000,0.0000
1782997408.6785,0.0000,0.0000,0.0000,0.0000,0.0000,0.0000,0.0000,0.0000,0.0000,0.0000,0.0000,0.0000
1782997408.6789,0.0000,0.0000,0.0000,0.0000,0.0000,0.0000,0.0000,0.0000,0.0000,0.0000,0.0000,0.0000
1782997408.6793,0.1200,0.0000,14.0000,0.1200,0.0000,14.0000,0.1840,0.0110,23.0000,0.2400,0.0190,28.0000
1782997408.7277,0.3020,0.4550,10.0000,0.1710,0.2080,11.0000,0.1710,0.1950,12.0000,0.3020,0.4070,14.0000
1782997408.7777,0.3020,0.3130,20.0000,0.1710,0.1810,13.0000,0.2490,0.1080,26.0000,0.1820,0.3100,9.0000
1782997408.8277,-0.2490,-0.0350,-26.0000,0.2490,0.2850,16.0000,0.2100,0.2680,15.0000,-0.3690,-0.1250,-31.0000
1782997408.8778,-0.6820,-0.5960,-37.0000,0.2100,0.2150,17.0000,0.1710,0.2160,13.0000,-0.8020,-0.6590,-45.0000
1782997408.9278,-0.9060,-0.9480,-41.0000,0.1710,0.1720,13.0000,0.1180,0.1700,7.0000,-0.9060,-0.9490,-43.0000
1782997408.9779,-0.9060,-0.9470,-44.0000,0.1180,0.0850,10.0000,0.1180,0.1030,10.0000,-0.9060,-0.9660,-43.0000
1782997409.0278,-0.9060,-0.9520,-44.0000,0.1180,0.0750,11.0000,0.1180,0.0860,11.0000,-0.9060,-0.9660,-43.0000
1782997409.0778,-0.9060,-0.9590,-43.0000,0.1180,0.0630,12.0000,0.1180,0.0470,14.0000,-0.9060,-0.9490,-44.0000
1782997409.1278,-0.9060,-0.9480,-43.0000,0.1180,0.1050,10.0000,0.1180,0.1100,11.0000,-0.9060,-0.9650,-42.0000
1782997409.1778,-0.9060,-0.9390,-43.0000,0.1180,0.0870,11.0000,0.1180,0.0830,13.0000,-0.9060,-0.9450,-43.0000
1782997409.2277,-0.9060,-0.9280,-43.0000,0.1180,0.0850,12.0000,0.1180,0.1040,12.0000,-0.9060,-0.9350,-43.0000
1782997409.2778,-0.9060,-0.9360,-42.0000,0.1180,0.1140,11.0000,0.1180,0.1030,12.0000,-0.9060,-0.9560,-41.0000
1782997409.3278,-0.9060,-0.9260,-42.0000,0.1180,0.0910,12.0000,0.1180,0.0790,14.0000,-0.9060,-0.9300,-42.0000
1782997409.3778,-0.9060,-0.9260,-42.0000,0.1180,0.1100,11.0000,0.1180,0.1220,12.0000,-0.9060,-0.9160,-43.0000
1782997409.4278,-0.9060,-0.9320,-41.0000,0.1180,0.0990,12.0000,0.1180,0.0890,14.0000,-0.9060,-0.9350,-41.0000
1782997409.4777,-0.9060,-0.9280,-41.0000,0.1180,0.1260,10.0000,0.1180,0.1390,11.0000,-0.9060,-0.9250,-42.0000
1782997409.5277,-0.9060,-0.9120,-42.0000,0.1180,0.0870,13.0000,0.1180,0.0950,14.0000,-0.9060,-0.9170,-42.0000
1782997409.5778,-0.9060,-0.9250,-41.0000,0.1180,0.1450,10.0000,0.1180,0.1320,11.0000,-0.9060,-0.9260,-41.0000
1782997409.6279,-0.9060,-0.9200,-41.0000,0.1180,0.1020,12.0000,0.1180,0.0810,14.0000,-0.9060,-0.9180,-41.0000
1782997409.6778,-0.9060,-0.9050,-42.0000,0.1180,0.1230,11.0000,0.1180,0.1350,11.0000,-0.9060,-0.9140,-41.0000
1782997409.7279,-0.9060,-0.9120,-42.0000,0.1180,0.1000,12.0000,0.1180,0.0570,16.0000,-0.9060,-0.9230,-41.0000
1782997409.7778,-0.9060,-0.9160,-41.0000,0.1180,0.1280,11.0000,0.1180,0.1180,13.0000,-0.9060,-0.9160,-41.0000
1782997409.8278,-0.9060,-0.9040,-42.0000,0.1180,0.0980,12.0000,0.1180,0.1110,14.0000,-0.9060,-0.9080,-41.0000
1782997409.8778,-0.9060,-0.9080,-42.0000,0.1180,0.1300,11.0000,0.1180,0.1370,12.0000,-0.9060,-0.9150,-41.0000
1782997409.9278,-0.9060,-0.9180,-41.0000,0.1180,0.1210,11.0000,0.1180,0.0830,15.0000,-0.9060,-0.9100,-41.0000
1782997409.9779,-0.9060,-0.9000,-42.0000,0.1180,0.1160,11.0000,0.1180,0.1250,13.0000,-0.9060,-0.9120,-41.0000
1782997410.0279,-0.9060,-0.9120,-41.0000,0.1180,0.1180,11.0000,0.1180,0.0970,15.0000,-0.9060,-0.9130,-41.0000
1782997410.0778,-0.9060,-0.9160,-41.0000,0.1180,0.1060,12.0000,0.1180,0.1420,12.0000,-0.9060,-0.9100,-41.0000
1782997410.1279,-0.9060,-0.9010,-42.0000,0.1180,0.1290,10.0000,0.1180,0.1170,14.0000,-0.9060,-0.9090,-41.0000
1782997410.1779,-0.9060,-0.9060,-41.0000,0.1180,0.1070,12.0000,0.1180,0.1540,11.0000,-0.9060,-0.9140,-40.0000
1782997410.2278,-0.9060,-0.9130,-41.0000,0.1180,0.1070,12.0000,0.1180,0.0970,14.0000,-0.9060,-0.9090,-41.0000
1782997410.2778,-0.9060,-0.8960,-42.0000,0.1180,0.1000,12.0000,0.1180,0.1390,12.0000,-0.9060,-0.9070,-41.0000
1782997410.3278,-0.9060,-0.9090,-41.0000,0.1180,0.1080,12.0000,0.1180,0.1010,15.0000,-0.9060,-0.9070,-41.0000
1782997410.3778,-0.9060,-0.9180,-41.0000,0.1180,0.1140,12.0000,0.1180,0.1330,12.0000,-0.9060,-0.9050,-41.0000
1782997410.4278,-0.9060,-0.8990,-42.0000,0.1180,0.1230,11.0000,0.1180,0.1270,13.0000,-0.9060,-0.9060,-41.0000
1782997410.4778,-0.9060,-0.9090,-41.0000,0.1180,0.1180,12.0000,0.1180,0.1070,14.0000,-0.9060,-0.9070,-41.0000
1782997410.5279,-0.9060,-0.9160,-41.0000,0.1180,0.1270,11.0000,0.1180,0.1220,13.0000,-0.9060,-0.9100,-41.0000
1782997410.5778,-0.9060,-0.9010,-42.0000,0.1180,0.1150,12.0000,0.1180,0.1020,14.0000,-0.9060,-0.9020,-41.0000
1782997410.6279,-0.9060,-0.9070,-41.0000,0.1180,0.1400,10.0000,0.1180,0.1400,12.0000,-0.9060,-0.9050,-41.0000
1782997410.6778,-0.9060,-0.9160,-41.0000,0.1180,0.1050,12.0000,0.1180,0.1090,13.0000,-0.9060,-0.9050,-41.0000
1782997410.7279,-0.9060,-0.8970,-42.0000,0.1180,0.1510,10.0000,0.1180,0.1400,12.0000,-0.9060,-0.9070,-41.0000
1782997410.7778,-0.9060,-0.9080,-41.0000,0.1180,0.1120,12.0000,0.1180,0.0890,15.0000,-0.9060,-0.9070,-41.0000
1782997410.8280,-0.9060,-0.9140,-41.0000,0.1180,0.1310,11.0000,0.1180,0.1360,12.0000,-0.9060,-0.9030,-41.0000
1782997410.8778,-0.9060,-0.8990,-42.0000,0.1180,0.1070,12.0000,0.1180,0.0690,16.0000,-0.9060,-0.9080,-41.0000
1782997410.9279,-0.9060,-0.9050,-41.0000,0.1180,0.1290,11.0000,0.1180,0.1300,12.0000,-0.9060,-0.9100,-40.0000
1782997410.9779,-0.9060,-0.9130,-41.0000,0.1180,0.1230,11.0000,0.1180,0.1100,14.0000,-0.9060,-0.9100,-40.0000
1782997411.0278,-0.9060,-0.8980,-42.0000,0.1180,0.1240,11.0000,0.1180,0.1390,12.0000,-0.9060,-0.9110,-40.0000
1782997411.0779,-0.9060,-0.9030,-41.0000,0.1180,0.1410,10.0000,0.1180,0.0670,16.0000,-0.9060,-0.9010,-41.0000
1782997411.1278,-0.9060,-0.9140,-41.0000,0.1180,0.1020,12.0000,0.1180,0.1400,12.0000,-0.9060,-0.9030,-41.0000
1782997411.1779,-0.9060,-0.8980,-42.0000,0.1180,0.1400,10.0000,0.1180,0.0890,15.0000,-0.9060,-0.9130,-40.0000
1782997411.2278,-0.9060,-0.9020,-41.0000,0.1180,0.0900,12.0000,0.1180,0.1510,12.0000,-0.9060,-0.9060,-41.0000
1782997411.2778,-0.9060,-0.9150,-41.0000,0.1180,0.1410,9.0000,0.1180,0.1150,14.0000,-0.9060,-0.9040,-41.0000
1782997411.3278,-0.9060,-0.9010,-42.0000,0.1180,0.0950,12.0000,0.1180,0.1480,12.0000,-0.9060,-0.9160,-40.0000
1782997411.3779,-0.9060,-0.9070,-41.0000,0.1180,0.1240,11.0000,0.1180,0.1020,14.0000,-0.9060,-0.9040,-41.0000
1782997411.4278,-0.9060,-0.9140,-41.0000,0.1180,0.0850,13.0000,0.1180,0.1250,13.0000,-0.9060,-0.9020,-41.0000
1782997411.4778,-0.9060,-0.9020,-41.0000,0.1180,0.1290,11.0000,0.1180,0.1060,14.0000,-0.9060,-0.9130,-40.0000
1782997411.5279,-0.9060,-0.9030,-41.0000,0.1180,0.1000,12.0000,0.1180,0.1270,13.0000,-0.9060,-0.9020,-41.0000
1782997411.5778,-0.9060,-0.9150,-41.0000,0.1180,0.1370,10.0000,0.1180,0.1350,12.0000,-0.9060,-0.9030,-41.0000
1782997411.6278,-0.9060,-0.8990,-42.0000,0.1180,0.1090,12.0000,0.1180,0.0930,14.0000,-0.9060,-0.9150,-40.0000
1782997411.6779,-0.9060,-0.9050,-41.0000,0.1180,0.1320,11.0000,0.1180,0.1270,12.0000,-0.9060,-0.9040,-41.0000
1782997411.7279,-0.9060,-0.9120,-41.0000,0.1180,0.1080,12.0000,0.1180,0.1030,13.0000,-0.9060,-0.9070,-41.0000
1782997411.7779,-0.9060,-0.9020,-41.0000,0.1180,0.1370,10.0000,0.1180,0.1470,11.0000,-0.9060,-0.9140,-40.0000
1782997411.8279,-0.9060,-0.8980,-42.0000,0.1180,0.0980,13.0000,0.1180,0.1070,14.0000,-0.9060,-0.9030,-41.0000
1782997411.8779,-0.9060,-0.9160,-41.0000,0.1180,0.1520,10.0000,0.1180,0.1390,12.0000,-0.9060,-0.9000,-41.0000
1782997411.9278,-0.9060,-0.9020,-42.0000,0.1180,0.1090,12.0000,0.1180,0.0930,14.0000,-0.9060,-0.9190,-40.0000
1782997411.9780,-0.9060,-0.9020,-42.0000,0.1180,0.1230,11.0000,0.1180,0.1380,12.0000,-0.9060,-0.9070,-41.0000
1782997412.0278,-0.9060,-0.9160,-41.0000,0.1180,0.1180,11.0000,0.1180,0.0630,16.0000,-0.9060,-0.9010,-41.0000
1782997412.0779,-0.9060,-0.9080,-41.0000,0.1180,0.1220,11.0000,0.1180,0.1410,12.0000,-0.9060,-0.9200,-40.0000
1782997412.1279,-0.9060,-0.9010,-42.0000,0.1180,0.1190,11.0000,0.1180,0.1070,14.0000,-0.9060,-0.9070,-40.0000
1782997412.1778,-0.5460,-0.8390,-14.0000,0.0000,0.0750,0.0000,0.0000,0.0550,0.0000,-0.4260,-0.7290,-8.0000
1782997412.2277,0.0000,-0.1860,0.0000,0.0000,0.0050,0.0000,0.0000,0.0030,0.0000,0.0000,-0.0840,0.0000
1782997412.2777,0.0000,-0.0060,0.0000,0.0000,0.0000,0.0000,0.0000,0.0000,0.0000,0.0000,-0.0050,0.0000
1782997412.3277,0.0000,-0.0000,0.0000,0.0000,0.0000,0.0000,0.0000,0.0000,0.0000,0.0000,-0.0000,0.0000
1782997412.3777,0.0000,-0.0000,0.0000,0.0000,0.0000,0.0000,0.0000,0.0000,0.0000,0.0000,-0.0000,0.0000
1782997412.4277,0.0000,-0.0000,0.0000,0.0000,0.0000,0.0000,0.0000,0.0000,0.0000,0.0000,-0.0000,0.0000
1782997412.4777,0.0000,-0.0000,0.0000,0.0000,0.0000,0.0000,0.0000,0.0000,0.0000,0.0000,-0.0000,0.0000
1782997412.5278,0.1200,-0.0000,14.0000,-0.1200,0.0000,-14.0000,0.2380,0.0110,28.0000,-0.2400,-0.0190,-28.0000
1782997412.5778,0.1520,0.3270,2.0000,-0.1180,-0.3050,2.0000,0.0000,0.2320,0.0000,-0.0320,-0.3110,13.0000
1782997412.6279,-0.1200,0.0240,-15.0000,0.1200,-0.0350,15.0000,-0.2400,-0.0040,-28.0000,0.2400,-0.0030,29.0000
1782997412.6778,-0.5840,-0.4770,-33.0000,0.5260,0.4400,31.0000,-0.6380,-0.4310,-42.0000,0.7040,0.4800,45.0000
1782997412.7279,-0.7280,-0.7560,-35.0000,0.6380,0.6710,31.0000,-0.6380,-0.6440,-34.0000,0.7280,0.7440,37.0000
1782997412.7779,-0.7280,-0.7450,-37.0000,0.6380,0.6560,34.0000,-0.6380,-0.6280,-36.0000,0.7280,0.7630,38.0000
1782997412.8279,-0.7280,-0.7810,-35.0000,0.6380,0.6740,33.0000,-0.6380,-0.6510,-36.0000,0.7280,0.7440,39.0000
1782997412.8778,-0.7280,-0.7590,-36.0000,0.6380,0.6730,33.0000,-0.6380,-0.6630,-35.0000,0.7280,0.7550,38.0000
1782997412.9278,-0.7280,-0.7660,-35.0000,0.6380,0.6630,33.0000,-0.6380,-0.6550,-35.0000,0.7280,0.7430,39.0000
1782997412.9779,-0.7280,-0.7540,-35.0000,0.6380,0.6470,34.0000,-0.6380,-0.6500,-35.0000,0.7280,0.7610,37.0000
1782997413.0279,-0.7280,-0.7570,-35.0000,0.6380,0.6610,33.0000,-0.6380,-0.6370,-36.0000,0.7280,0.7310,39.0000
1782997413.0780,-0.7280,-0.7490,-35.0000,0.6380,0.6590,32.0000,-0.6380,-0.6590,-34.0000,0.7280,0.7480,38.0000
1782997413.1279,-0.7280,-0.7410,-35.0000,0.6380,0.6510,33.0000,-0.6380,-0.6430,-35.0000,0.7280,0.7460,37.0000
1782997413.1779,-0.7280,-0.7510,-34.0000,0.6380,0.6370,33.0000,-0.6380,-0.6510,-35.0000,0.7280,0.7440,37.0000
1782997413.2279,-0.7280,-0.7320,-35.0000,0.6380,0.6430,33.0000,-0.6380,-0.6280,-36.0000,0.7280,0.7360,38.0000
1782997413.2779,-0.7280,-0.7520,-34.0000,0.6380,0.6560,32.0000,-0.6380,-0.6570,-34.0000,0.7280,0.7350,38.0000
1782997413.3279,-0.7280,-0.7340,-35.0000,0.6380,0.6500,32.0000,-0.6380,-0.6410,-35.0000,0.7280,0.7510,36.0000
1782997413.3779,-0.7280,-0.7460,-34.0000,0.6380,0.6320,33.0000,-0.6380,-0.6520,-34.0000,0.7280,0.7220,38.0000
1782997413.4279,-0.7280,-0.7330,-35.0000,0.6380,0.6430,32.0000,-0.6380,-0.6230,-36.0000,0.7280,0.7430,37.0000
1782997413.4779,-0.7280,-0.7330,-34.0000,0.6380,0.6480,32.0000,-0.6380,-0.6560,-34.0000,0.7280,0.7290,37.0000
1782997413.5278,-0.7280,-0.7350,-34.0000,0.6380,0.6460,32.0000,-0.6380,-0.6350,-35.0000,0.7280,0.7470,36.0000
1782997413.5778,-0.7280,-0.7290,-35.0000,0.6380,0.6350,32.0000,-0.6380,-0.6530,-34.0000,0.7280,0.7260,37.0000
1782997413.6279,-0.7280,-0.7370,-34.0000,0.6380,0.6390,32.0000,-0.6380,-0.6270,-35.0000,0.7280,0.7360,37.0000
1782997413.6779,-0.7280,-0.7220,-35.0000,0.6380,0.6490,31.0000,-0.6380,-0.6530,-34.0000,0.7280,0.7380,36.0000
1782997413.7279,-0.7280,-0.7370,-34.0000,0.6380,0.6500,31.0000,-0.6380,-0.6390,-35.0000,0.7280,0.7310,37.0000
1782997413.7779,-0.7280,-0.7240,-35.0000,0.6380,0.6420,32.0000,-0.6380,-0.6490,-34.0000,0.7280,0.7290,37.0000
1782997413.8279,-0.7280,-0.7380,-34.0000,0.6380,0.6330,32.0000,-0.6380,-0.6290,-35.0000,0.7280,0.7250,37.0000
1782997413.8779,-0.7280,-0.7230,-35.0000,0.6380,0.6410,32.0000,-0.6380,-0.6420,-34.0000,0.7280,0.7510,35.0000
1782997413.9279,-0.7280,-0.7410,-34.0000,0.6380,0.6470,31.0000,-0.6380,-0.6430,-34.0000,0.7280,0.7260,37.0000
1782997413.9780,-0.7280,-0.7250,-34.0000,0.6380,0.6400,32.0000,-0.6380,-0.6390,-35.0000,0.7280,0.7380,36.0000
1782997414.0279,-0.7280,-0.7320,-34.0000,0.6380,0.6330,32.0000,-0.6380,-0.6390,-35.0000,0.7280,0.7290,37.0000
1782997414.0779,-0.7280,-0.7300,-34.0000,0.6380,0.6360,32.0000,-0.6380,-0.6310,-35.0000,0.7280,0.7500,35.0000
1782997414.1279,-0.7280,-0.7290,-34.0000,0.6380,0.6480,31.0000,-0.6380,-0.6490,-34.0000,0.7280,0.7280,36.0000
1782997414.1779,-0.7280,-0.7300,-34.0000,0.6380,0.6380,32.0000,-0.6380,-0.6310,-35.0000,0.7280,0.7370,36.0000
1782997414.2279,-0.7280,-0.7240,-34.0000,0.6380,0.6300,32.0000,-0.6380,-0.6510,-34.0000,0.7280,0.7400,36.0000
1782997414.2779,-0.7280,-0.7360,-34.0000,0.6380,0.6380,32.0000,-0.6380,-0.6150,-36.0000,0.7280,0.7250,36.0000
1782997414.3279,-0.7280,-0.7190,-35.0000,0.6380,0.6450,31.0000,-0.6380,-0.6530,-34.0000,0.7280,0.7290,36.0000
1782997414.3779,-0.7280,-0.7350,-34.0000,0.6380,0.6450,31.0000,-0.6380,-0.6330,-35.0000,0.7280,0.7260,36.0000
1782997414.4279,-0.7280,-0.7180,-35.0000,0.6380,0.6300,32.0000,-0.6380,-0.6520,-34.0000,0.7280,0.7380,35.0000
1782997414.4779,-0.7280,-0.7400,-33.0000,0.6380,0.6350,32.0000,-0.6380,-0.6190,-36.0000,0.7280,0.7180,37.0000
1782997414.5279,-0.7280,-0.7210,-35.0000,0.6380,0.6420,32.0000,-0.6380,-0.6500,-34.0000,0.7280,0.7320,36.0000
1782997414.5780,-0.7280,-0.7350,-34.0000,0.6380,0.6460,31.0000,-0.6380,-0.6370,-35.0000,0.7280,0.7300,36.0000
1782997414.6279,-0.7280,-0.7250,-34.0000,0.6380,0.6340,32.0000,-0.6380,-0.6540,-34.0000,0.7280,0.7450,35.0000
1782997414.6779,-0.7280,-0.7320,-34.0000,0.6380,0.6340,32.0000,-0.6380,-0.6260,-35.0000,0.7280,0.7210,36.0000
1782997414.7279,-0.7280,-0.7320,-34.0000,0.6380,0.6470,31.0000,-0.6380,-0.6460,-34.0000,0.7280,0.7330,36.0000
1782997414.7779,-0.7280,-0.7250,-34.0000,0.6380,0.6450,31.0000,-0.6380,-0.6400,-34.0000,0.7280,0.7370,35.0000
1782997414.8280,-0.7280,-0.7360,-34.0000,0.6380,0.6380,32.0000,-0.6380,-0.6450,-34.0000,0.7280,0.7300,36.0000
1782997414.8779,-0.7280,-0.7180,-35.0000,0.6380,0.6350,32.0000,-0.6380,-0.6370,-35.0000,0.7280,0.7200,36.0000
1782997414.9279,-0.7280,-0.7320,-34.0000,0.6380,0.6410,32.0000,-0.6380,-0.6320,-35.0000,0.7280,0.7250,36.0000
1782997414.9780,-0.7280,-0.7190,-35.0000,0.6380,0.6430,31.0000,-0.6380,-0.6470,-34.0000,0.7280,0.7490,35.0000
1782997415.0279,-0.7280,-0.7370,-33.0000,0.6380,0.6370,32.0000,-0.6380,-0.6340,-35.0000,0.7280,0.7200,36.0000
1782997415.0780,-0.7280,-0.7180,-35.0000,0.6380,0.6300,32.0000,-0.6380,-0.6430,-34.0000,0.7280,0.7340,35.0000
1782997415.1279,-0.7280,-0.7330,-34.0000,0.6380,0.6380,32.0000,-0.6380,-0.6250,-35.0000,0.7280,0.7210,36.0000
1782997415.1779,-0.7280,-0.7200,-34.0000,0.6380,0.6430,31.0000,-0.6380,-0.6520,-34.0000,0.7280,0.7450,35.0000
1782997415.2280,-0.7280,-0.7360,-34.0000,0.6380,0.6380,32.0000,-0.6380,-0.6300,-35.0000,0.7280,0.7120,37.0000
1782997415.2780,-0.7280,-0.7230,-34.0000,0.6380,0.6290,32.0000,-0.6380,-0.6490,-34.0000,0.7280,0.7330,35.0000
1782997415.3280,-0.7280,-0.7310,-34.0000,0.6380,0.6350,32.0000,-0.6380,-0.6150,-36.0000,0.7280,0.7250,36.0000
1782997415.3780,-0.7280,-0.7300,-34.0000,0.6380,0.6380,32.0000,-0.6380,-0.6510,-34.0000,0.7280,0.7310,36.0000
1782997415.4279,-0.7280,-0.7270,-34.0000,0.6380,0.6420,31.0000,-0.6380,-0.6300,-35.0000,0.7280,0.7190,36.0000
1782997415.4779,-0.7280,-0.7310,-34.0000,0.6380,0.6320,32.0000,-0.6380,-0.6510,-34.0000,0.7280,0.7260,36.0000
1782997415.5279,-0.7280,-0.7210,-34.0000,0.6380,0.6330,32.0000,-0.6380,-0.6260,-35.0000,0.7280,0.7390,35.0000
1782997415.5780,-0.7280,-0.7400,-33.0000,0.6380,0.6450,31.0000,-0.6380,-0.6490,-34.0000,0.7280,0.7180,36.0000
1782997415.6288,-0.7280,-0.7220,-34.0000,0.6380,0.6460,31.0000,-0.6380,-0.6380,-34.0000,0.7280,0.7310,36.0000
1782997415.6779,-0.7280,-0.7290,-34.0000,0.6380,0.6330,32.0000,-0.6380,-0.6460,-34.0000,0.7280,0.7160,37.0000
1782997415.7279,-0.7280,-0.7190,-35.0000,0.6380,0.6330,32.0000,-0.6380,-0.6310,-35.0000,0.7280,0.7370,35.0000
1782997415.7779,-0.7280,-0.7410,-33.0000,0.6380,0.6380,32.0000,-0.6380,-0.6390,-34.0000,0.7280,0.7130,37.0000
1782997415.8279,-0.7280,-0.7240,-34.0000,0.6380,0.6440,31.0000,-0.6380,-0.6470,-34.0000,0.7280,0.7270,36.0000
1782997415.8780,-0.7280,-0.7300,-34.0000,0.6380,0.6400,32.0000,-0.6380,-0.6390,-34.0000,0.7280,0.7200,36.0000
1782997415.9279,-0.7280,-0.7260,-34.0000,0.6380,0.6310,32.0000,-0.6380,-0.6380,-34.0000,0.7280,0.7370,36.0000
1782997415.9781,-0.7280,-0.7320,-34.0000,0.6380,0.6350,32.0000,-0.6380,-0.6260,-35.0000,0.7280,0.7180,37.0000
1782997416.0280,-0.7280,-0.7310,-34.0000,0.6380,0.6390,32.0000,-0.6380,-0.6490,-34.0000,0.7280,0.7280,36.0000
1782997416.0780,-0.7280,-0.7260,-34.0000,0.6380,0.6370,32.0000,-0.6380,-0.6320,-35.0000,0.7280,0.7310,36.0000
1782997416.1279,-0.7280,-0.7330,-34.0000,0.6380,0.6280,32.0000,-0.6380,-0.6490,-34.0000,0.7280,0.7290,36.0000
1782997416.1779,-0.7280,-0.7170,-35.0000,0.6380,0.6340,32.0000,-0.6380,-0.6220,-35.0000,0.7280,0.7250,36.0000
1782997416.2279,-0.7280,-0.7340,-34.0000,0.6380,0.6450,31.0000,-0.6380,-0.6460,-34.0000,0.7280,0.7240,36.0000
1782997416.2779,-0.7280,-0.7180,-35.0000,0.6380,0.6400,32.0000,-0.6380,-0.6250,-35.0000,0.7280,0.7400,35.0000
1782997416.3280,-0.7280,-0.7380,-33.0000,0.6380,0.6350,32.0000,-0.6380,-0.6520,-34.0000,0.7280,0.7200,37.0000
1782997416.3780,-0.7280,-0.7190,-35.0000,0.6380,0.6340,32.0000,-0.6380,-0.6240,-35.0000,0.7280,0.7340,36.0000
1782997416.4280,-0.7280,-0.7320,-34.0000,0.6380,0.6430,31.0000,-0.6380,-0.6460,-34.0000,0.7280,0.7270,36.0000
1782997416.4779,-0.7280,-0.7220,-34.0000,0.6380,0.6450,31.0000,-0.6380,-0.6400,-34.0000,0.7280,0.7490,35.0000
1782997416.5279,-0.7280,-0.7360,-34.0000,0.6380,0.6410,32.0000,-0.6380,-0.6520,-34.0000,0.7280,0.7200,36.0000
1782997416.5779,-0.7280,-0.7270,-34.0000,0.6380,0.6370,32.0000,-0.6380,-0.6270,-35.0000,0.7280,0.7320,36.0000
1782997416.6279,-0.7280,-0.7310,-34.0000,0.6380,0.6400,32.0000,-0.6380,-0.6430,-34.0000,0.7280,0.7300,36.0000
1782997416.6780,-0.7280,-0.7300,-34.0000,0.6380,0.6470,31.0000,-0.6380,-0.6470,-34.0000,0.7280,0.7320,36.0000
1782997416.7279,-0.7280,-0.7260,-34.0000,0.6380,0.6380,32.0000,-0.6380,-0.6450,-34.0000,0.7280,0.7200,36.0000
1782997416.7780,-0.7280,-0.7350,-34.0000,0.6380,0.6360,32.0000,-0.6380,-0.6330,-35.0000,0.7280,0.7220,36.0000
1782997416.8279,-0.7280,-0.7190,-35.0000,0.6380,0.6400,32.0000,-0.6380,-0.6310,-35.0000,0.7280,0.7410,35.0000
1782997416.8780,-0.7280,-0.7400,-33.0000,0.6380,0.6400,32.0000,-0.6380,-0.6490,-34.0000,0.7280,0.7240,36.0000
1782997416.9279,-0.7280,-0.7210,-34.0000,0.6380,0.6360,32.0000,-0.6380,-0.6330,-35.0000,0.7280,0.7260,36.0000
1782997416.9787,-0.7280,-0.7340,-34.0000,0.6380,0.6330,32.0000,-0.6380,-0.6420,-34.0000,0.7280,0.7240,36.0000
1782997417.0279,-0.7280,-0.7180,-35.0000,0.6380,0.6350,32.0000,-0.6380,-0.6200,-36.0000,0.7280,0.7400,35.0000
1782997417.0780,-0.7280,-0.7380,-33.0000,0.6380,0.6400,32.0000,-0.6380,-0.6550,-33.0000,0.7280,0.7160,37.0000
1782997417.1280,-0.7280,-0.7270,-34.0000,0.6380,0.6420,31.0000,-0.6380,-0.6320,-35.0000,0.7280,0.7270,36.0000
1782997417.1780,-0.7280,-0.7280,-34.0000,0.6380,0.6300,32.0000,-0.6380,-0.6460,-34.0000,0.7280,0.7210,36.0000
1782997417.2279,-0.7280,-0.7290,-34.0000,0.6380,0.6380,32.0000,-0.6380,-0.6150,-36.0000,0.7280,0.7340,36.0000
1782997417.2780,-0.7280,-0.7270,-34.0000,0.6380,0.6400,32.0000,-0.6380,-0.6520,-33.0000,0.7280,0.7200,36.0000
1782997417.3280,-0.7280,-0.7290,-34.0000,0.6380,0.6410,31.0000,-0.6380,-0.6310,-35.0000,0.7280,0.7290,36.0000
1782997417.3780,-0.7280,-0.7250,-34.0000,0.6380,0.6340,32.0000,-0.6380,-0.6520,-33.0000,0.7280,0.7270,36.0000
1782997417.4279,-0.7280,-0.7360,-33.0000,0.6380,0.6400,32.0000,-0.6380,-0.6250,-35.0000,0.7280,0.7230,36.0000
1782997417.4779,-0.7280,-0.7210,-34.0000,0.6380,0.6420,31.0000,-0.6380,-0.6470,-34.0000,0.7280,0.7250,36.0000
1782997417.5279,-0.7280,-0.7360,-34.0000,0.6380,0.6450,31.0000,-0.6380,-0.6430,-34.0000,0.7280,0.7260,36.0000
1782997417.5780,-0.3680,-0.6530,-7.0000,0.2780,0.5680,4.0000,-0.1580,-0.5200,4.0000,0.2480,0.6110,0.0000
1782997417.6278,0.0000,-0.0930,0.0000,0.0000,0.0480,0.0000,0.0000,-0.0660,0.0000,0.0000,0.0900,0.0000
1782997417.6778,0.0000,-0.0070,0.0000,0.0000,0.0040,0.0000,0.0000,-0.0090,0.0000,0.0000,0.0070,0.0000
1782997417.7278,0.0000,-0.0010,0.0000,0.0000,0.0000,0.0000,0.0000,-0.0010,0.0000,0.0000,0.0010,0.0000
1782997417.7778,0.0000,-0.0000,0.0000,0.0000,0.0000,0.0000,0.0000,-0.0000,0.0000,0.0000,0.0000,0.0000
1782997417.8279,0.0000,-0.0000,0.0000,0.0000,0.0000,0.0000,0.0000,-0.0000,0.0000,0.0000,0.0000,0.0000
1782997417.8779,0.0000,-0.0000,0.0000,0.0000,0.0000,0.0000,0.0000,-0.0000,0.0000,0.0000,0.0000,0.0000
1782997417.9278,0.0000,-0.0000,0.0000,0.0000,0.0000,0.0000,0.0000,-0.0000,0.0000,0.0000,0.0000,0.0000
1782997417.9779,0.0000,-0.0000,0.0000,0.0000,0.0000,0.0000,0.0000,-0.0000,0.0000,0.0000,0.0000,0.0000
1782997418.0278,0.0000,-0.0000,0.0000,0.0000,0.0000,0.0000,0.0000,-0.0000,0.0000,0.0000,0.0000,0.0000
1782997418.0779,0.0000,-0.0000,0.0000,0.0000,0.0000,0.0000,0.0000,-0.0000,0.0000,0.0000,0.0000,0.0000
1782997418.1279,-0.1840,-0.1580,-15.0000,0.1610,0.1030,15.0000,-0.0410,-0.1220,2.0000,0.0640,0.1850,-3.0000
1782997418.1780,0.3830,0.1920,29.0000,-0.3350,-0.1950,-26.0000,0.4550,0.2810,32.0000,-0.5030,-0.2950,-35.0000
1782997418.2286,0.7280,0.7610,33.0000,-0.6380,-0.6680,-30.0000,0.6380,0.6320,33.0000,-0.7280,-0.7480,-34.0000
1782997418.2792,0.7280,0.7510,36.0000,-0.6380,-0.6490,-34.0000,0.6380,0.6360,35.0000,-0.7280,-0.7590,-37.0000
1782997418.3280,0.7280,0.7630,36.0000,-0.6380,-0.6710,-33.0000,0.6380,0.6500,35.0000,-0.7280,-0.7840,-35.0000
1782997418.3780,0.7280,0.7740,35.0000,-0.6380,-0.6760,-32.0000,0.6380,0.6580,34.0000,-0.7280,-0.7750,-36.0000
1782997418.4280,0.7280,0.7670,35.0000,-0.6380,-0.6650,-32.0000,0.6380,0.6630,34.0000,-0.7280,-0.7710,-35.0000
1782997418.4780,0.7280,0.7610,35.0000,-0.6380,-0.6570,-33.0000,0.6380,0.6380,35.0000,-0.7280,-0.7580,-35.0000
1782997418.5280,0.7280,0.7610,34.0000,-0.6380,-0.6570,-32.0000,0.6380,0.6540,34.0000,-0.7280,-0.7730,-34.0000
1782997418.5780,0.7280,0.7570,34.0000,-0.6380,-0.6580,-32.0000,0.6380,0.6470,34.0000,-0.7280,-0.7480,-35.0000
1782997418.6280,0.7280,0.7480,34.0000,-0.6380,-0.6440,-33.0000,0.6380,0.6590,33.0000,-0.7280,-0.7470,-35.0000
1782997418.6780,0.7280,0.7470,34.0000,-0.6380,-0.6530,-32.0000,0.6380,0.6400,34.0000,-0.7280,-0.7400,-35.0000
1782997418.7280,0.7280,0.7540,34.0000,-0.6380,-0.6400,-33.0000,0.6380,0.6480,33.0000,-0.7280,-0.7480,-34.0000
1782997418.7780,0.7280,0.7420,34.0000,-0.6380,-0.6530,-32.0000,0.6380,0.6430,34.0000,-0.7280,-0.7430,-34.0000
1782997418.8281,0.7280,0.7460,33.0000,-0.6380,-0.6450,-32.0000,0.6380,0.6590,33.0000,-0.7280,-0.7320,-35.0000
1782997418.8781,0.7280,0.7360,34.0000,-0.6380,-0.6480,-32.0000,0.6380,0.6380,34.0000,-0.7280,-0.7510,-34.0000
1782997418.9280,0.7280,0.7390,34.0000,-0.6380,-0.6430,-32.0000,0.6380,0.6490,33.0000,-0.7280,-0.7320,-34.0000
1782997418.9781,0.7280,0.7380,34.0000,-0.6380,-0.6500,-31.0000,0.6380,0.6370,34.0000,-0.7280,-0.7320,-34.0000
1782997419.0280,0.7280,0.7270,34.0000,-0.6380,-0.6450,-31.0000,0.6380,0.6520,33.0000,-0.7280,-0.7300,-34.0000
1782997419.0781,0.7280,0.7310,34.0000,-0.6380,-0.6480,-31.0000,0.6380,0.6440,33.0000,-0.7280,-0.7480,-33.0000
1782997419.1280,0.7280,0.7340,34.0000,-0.6380,-0.6390,-32.0000,0.6380,0.6420,33.0000,-0.7280,-0.7310,-34.0000
1782997419.1780,0.7280,0.7310,34.0000,-0.6380,-0.6460,-31.0000,0.6380,0.6370,33.0000,-0.7280,-0.7240,-34.0000
1782997419.2280,0.7280,0.7320,33.0000,-0.6380,-0.6410,-31.0000,0.6380,0.6480,33.0000,-0.7280,-0.7330,-34.0000
1782997419.2780,0.7280,0.7350,33.0000,-0.6380,-0.6410,-31.0000,0.6380,0.6420,33.0000,-0.7280,-0.7280,-34.0000
1782997419.3281,0.7280,0.7290,34.0000,-0.6380,-0.6390,-31.0000,0.6380,0.6380,33.0000,-0.7280,-0.7280,-34.0000
1782997419.3780,0.7280,0.7320,33.0000,-0.6380,-0.6470,-31.0000,0.6380,0.6410,33.0000,-0.7280,-0.7180,-35.0000
1782997419.4280,0.7280,0.7320,33.0000,-0.6380,-0.6420,-31.0000,0.6380,0.6360,33.0000,-0.7280,-0.7410,-33.0000
1782997419.4780,0.7280,0.7310,33.0000,-0.6380,-0.6390,-31.0000,0.6380,0.6410,33.0000,-0.7280,-0.7250,-34.0000
1782997419.5287,0.7280,0.7320,33.0000,-0.6380,-0.6380,-31.0000,0.6380,0.6290,34.0000,-0.7280,-0.7310,-34.0000
1782997419.5782,0.7280,0.7290,33.0000,-0.6380,-0.6420,-31.0000,0.6380,0.6400,33.0000,-0.7280,-0.7190,-35.0000
1782997419.6280,0.7280,0.7320,33.0000,-0.6380,-0.6460,-31.0000,0.6380,0.6350,33.0000,-0.7280,-0.7420,-33.0000
1782997419.6781,0.7280,0.7280,33.0000,-0.6380,-0.6350,-32.0000,0.6380,0.6480,32.0000,-0.7280,-0.7280,-34.0000
1782997419.7280,0.7280,0.7270,33.0000,-0.6380,-0.6360,-31.0000,0.6380,0.6350,33.0000,-0.7280,-0.7280,-34.0000
1782997419.7781,0.7280,0.7250,34.0000,-0.6380,-0.6390,-31.0000,0.6380,0.6380,33.0000,-0.7280,-0.7280,-34.0000
1782997419.8281,0.7280,0.7300,33.0000,-0.6380,-0.6450,-31.0000,0.6380,0.6350,33.0000,-0.7280,-0.7300,-34.0000
1782997419.8781,0.7280,0.7290,33.0000,-0.6380,-0.6410,-31.0000,0.6380,0.6500,32.0000,-0.7280,-0.7320,-34.0000
1782997419.9280,0.7280,0.7310,33.0000,-0.6380,-0.6340,-31.0000,0.6380,0.6370,33.0000,-0.7280,-0.7200,-35.0000
1782997419.9782,0.7280,0.7290,33.0000,-0.6380,-0.6350,-31.0000,0.6380,0.6360,33.0000,-0.7280,-0.7410,-33.0000
1782997420.0280,0.7280,0.7410,33.0000,-0.6380,-0.6380,-31.0000,0.6380,0.6320,33.0000,-0.7280,-0.7260,-34.0000
1782997420.0781,0.7280,0.7330,33.0000,-0.6380,-0.6340,-32.0000,0.6380,0.6480,32.0000,-0.7280,-0.7350,-34.0000
1782997420.1281,0.7280,0.7300,33.0000,-0.6380,-0.6390,-31.0000,0.6380,0.6450,33.0000,-0.7280,-0.7210,-34.0000
1782997420.1781,0.7280,0.7290,33.0000,-0.6380,-0.6350,-32.0000,0.6380,0.6360,33.0000,-0.7280,-0.7400,-33.0000
1782997420.2280,0.7280,0.7350,33.0000,-0.6380,-0.6470,-31.0000,0.6380,0.6360,33.0000,-0.7280,-0.7270,-34.0000
1782997420.2780,0.7280,0.7350,33.0000,-0.6380,-0.6410,-31.0000,0.6380,0.6410,33.0000,-0.7280,-0.7310,-34.0000
1782997420.3281,0.7280,0.7210,33.0000,-0.6380,-0.6380,-31.0000,0.6380,0.6410,33.0000,-0.7280,-0.7220,-34.0000
1782997420.3781,0.7280,0.7310,33.0000,-0.6380,-0.6320,-32.0000,0.6380,0.6340,33.0000,-0.7280,-0.7390,-33.0000
1782997420.4280,0.7280,0.7270,33.0000,-0.6380,-0.6420,-31.0000,0.6380,0.6410,33.0000,-0.7280,-0.7290,-34.0000
1782997420.4780,0.7280,0.7340,32.0000,-0.6380,-0.6450,-31.0000,0.6380,0.6360,33.0000,-0.7280,-0.7200,-34.0000
1782997420.5281,0.7280,0.7260,33.0000,-0.6380,-0.6400,-31.0000,0.6380,0.6430,33.0000,-0.7280,-0.7320,-34.0000
1782997420.5781,0.7280,0.7330,33.0000,-0.6380,-0.6360,-31.0000,0.6380,0.6310,33.0000,-0.7280,-0.7290,-34.0000
1782997420.6281,0.7280,0.7290,33.0000,-0.6380,-0.6410,-31.0000,0.6380,0.6420,33.0000,-0.7280,-0.7360,-33.0000
1782997420.6781,0.7280,0.7200,33.0000,-0.6380,-0.6480,-31.0000,0.6380,0.6320,33.0000,-0.7280,-0.7210,-34.0000
1782997420.7280,0.7280,0.7220,33.0000,-0.6380,-0.6410,-31.0000,0.6380,0.6410,33.0000,-0.7280,-0.7430,-33.0000
1782997420.7780,0.7280,0.7340,32.0000,-0.6380,-0.6330,-31.0000,0.6380,0.6310,33.0000,-0.7280,-0.7270,-34.0000
1782997420.8281,0.7280,0.7250,33.0000,-0.6380,-0.6320,-31.0000,0.6380,0.6400,33.0000,-0.7280,-0.7360,-33.0000
1782997420.8784,0.7280,0.7240,33.0000,-0.6380,-0.6430,-31.0000,0.6380,0.6340,33.0000,-0.7280,-0.7230,-34.0000
1782997420.9280,0.7280,0.7280,33.0000,-0.6380,-0.6430,-31.0000,0.6380,0.6420,33.0000,-0.7280,-0.7440,-33.0000
1782997420.9780,0.7280,0.7260,33.0000,-0.6380,-0.6330,-31.0000,0.6380,0.6420,33.0000,-0.7280,-0.7290,-34.0000
1782997421.0280,0.7280,0.7330,33.0000,-0.6380,-0.6270,-32.0000,0.6380,0.6360,33.0000,-0.7280,-0.7240,-34.0000
1782997421.0781,0.7280,0.7210,33.0000,-0.6380,-0.6440,-31.0000,0.6380,0.6370,33.0000,-0.7280,-0.7240,-34.0000
1782997421.1280,0.7280,0.7350,32.0000,-0.6380,-0.6450,-31.0000,0.6380,0.6400,33.0000,-0.7280,-0.7260,-34.0000
1782997421.1781,0.7280,0.7270,33.0000,-0.6380,-0.6400,-31.0000,0.6380,0.6430,33.0000,-0.7280,-0.7340,-33.0000
1782997421.2281,0.7280,0.7320,33.0000,-0.6380,-0.6310,-31.0000,0.6380,0.6320,33.0000,-0.7280,-0.7170,-34.0000
1782997421.2781,0.7280,0.7240,33.0000,-0.6380,-0.6460,-31.0000,0.6380,0.6400,33.0000,-0.7280,-0.7400,-33.0000
1782997421.3281,0.7280,0.7360,32.0000,-0.6380,-0.6510,-30.0000,0.6380,0.6390,33.0000,-0.7280,-0.7240,-34.0000
1782997421.3781,0.7280,0.7230,33.0000,-0.6380,-0.6360,-31.0000,0.6380,0.6380,33.0000,-0.7280,-0.7300,-33.0000
1782997421.4280,0.7280,0.7270,33.0000,-0.6380,-0.6340,-31.0000,0.6380,0.6280,33.0000,-0.7280,-0.7130,-34.0000
1782997421.4781,0.7280,0.7310,33.0000,-0.6380,-0.6350,-31.0000,0.6380,0.6280,34.0000,-0.7280,-0.7380,-33.0000
1782997421.5280,0.7280,0.7270,33.0000,-0.6380,-0.6510,-30.0000,0.6380,0.6220,34.0000,-0.7280,-0.7250,-34.0000
1782997421.5781,0.7280,0.7270,33.0000,-0.6380,-0.6370,-31.0000,0.6380,0.6400,33.0000,-0.7280,-0.7260,-34.0000
1782997421.6281,0.7280,0.7200,33.0000,-0.6380,-0.6340,-31.0000,0.6380,0.6340,33.0000,-0.7280,-0.7240,-34.0000
1782997421.6781,0.7280,0.7290,33.0000,-0.6380,-0.6330,-31.0000,0.6380,0.6420,33.0000,-0.7280,-0.7310,-34.0000
1782997421.7280,0.7280,0.7290,33.0000,-0.6380,-0.6430,-31.0000,0.6380,0.6220,34.0000,-0.7280,-0.7310,-34.0000
1782997421.7781,0.7280,0.7340,32.0000,-0.6380,-0.6400,-31.0000,0.6380,0.6390,33.0000,-0.7280,-0.7180,-34.0000
1782997421.8281,0.7280,0.7240,33.0000,-0.6380,-0.6330,-31.0000,0.6380,0.6410,33.0000,-0.7280,-0.7330,-33.0000
1782997421.8781,0.7280,0.7350,32.0000,-0.6380,-0.6290,-31.0000,0.6380,0.6460,33.0000,-0.7280,-0.7220,-34.0000
1782997421.9281,0.7280,0.7300,33.0000,-0.6380,-0.6470,-30.0000,0.6380,0.6360,34.0000,-0.7280,-0.7310,-34.0000
1782997421.9781,0.7280,0.7230,33.0000,-0.6380,-0.6430,-31.0000,0.6380,0.6370,34.0000,-0.7280,-0.7190,-34.0000
1782997422.0280,0.7280,0.7260,33.0000,-0.6380,-0.6360,-31.0000,0.6380,0.6410,33.0000,-0.7280,-0.7370,-33.0000
1782997422.0781,0.7280,0.7300,33.0000,-0.6380,-0.6300,-31.0000,0.6380,0.6400,33.0000,-0.7280,-0.7220,-34.0000
1782997422.1281,0.7280,0.7260,33.0000,-0.6380,-0.6460,-30.0000,0.6380,0.6400,33.0000,-0.7280,-0.7300,-34.0000
1782997422.1781,0.7280,0.7150,34.0000,-0.6380,-0.6470,-30.0000,0.6380,0.6370,34.0000,-0.7280,-0.7210,-34.0000
1782997422.2280,0.7280,0.7270,33.0000,-0.6380,-0.6400,-31.0000,0.6380,0.6410,33.0000,-0.7280,-0.7370,-33.0000
1782997422.2781,0.7280,0.7240,33.0000,-0.6380,-0.6330,-31.0000,0.6380,0.6310,34.0000,-0.7280,-0.7200,-34.0000
1782997422.3281,0.7280,0.7300,33.0000,-0.6380,-0.6390,-31.0000,0.6380,0.6390,33.0000,-0.7280,-0.7210,-34.0000
1782997422.3781,0.7280,0.7170,34.0000,-0.6380,-0.6440,-31.0000,0.6380,0.6270,34.0000,-0.7280,-0.7290,-34.0000
1782997422.4281,0.7280,0.7320,33.0000,-0.6380,-0.6370,-31.0000,0.6380,0.6460,33.0000,-0.7280,-0.7270,-34.0000
1782997422.4781,0.7280,0.7180,34.0000,-0.6380,-0.6320,-31.0000,0.6380,0.6350,34.0000,-0.7280,-0.7320,-34.0000
1782997422.5281,0.7280,0.7270,33.0000,-0.6380,-0.6350,-31.0000,0.6380,0.6430,33.0000,-0.7280,-0.7210,-34.0000
1782997422.5781,0.7280,0.7270,33.0000,-0.6380,-0.6470,-30.0000,0.6380,0.6350,34.0000,-0.7280,-0.7340,-34.0000
1782997422.6281,0.7280,0.7350,33.0000,-0.6380,-0.6380,-31.0000,0.6380,0.6460,33.0000,-0.7280,-0.7230,-34.0000
1782997422.6781,0.7280,0.7280,33.0000,-0.6380,-0.6340,-31.0000,0.6380,0.6410,33.0000,-0.7280,-0.7310,-34.0000
1782997422.7281,0.7280,0.7280,33.0000,-0.6380,-0.6290,-31.0000,0.6380,0.6420,33.0000,-0.7280,-0.7210,-34.0000
1782997422.7781,0.7280,0.7310,33.0000,-0.6380,-0.6460,-30.0000,0.6380,0.6340,34.0000,-0.7280,-0.7410,-33.0000
1782997422.8282,0.7280,0.7340,33.0000,-0.6380,-0.6410,-31.0000,0.6380,0.6420,33.0000,-0.7280,-0.7310,-34.0000
1782997422.8781,0.7280,0.7260,33.0000,-0.6380,-0.6350,-31.0000,0.6380,0.6460,33.0000,-0.7280,-0.7260,-34.0000
1782997422.9281,0.7280,0.7190,34.0000,-0.6380,-0.6290,-31.0000,0.6380,0.6380,33.0000,-0.7280,-0.7280,-34.0000
1782997422.9781,0.7280,0.7310,33.0000,-0.6380,-0.6490,-30.0000,0.6380,0.6330,34.0000,-0.7280,-0.7350,-33.0000
1782997423.0282,0.7280,0.7280,33.0000,-0.6380,-0.6450,-31.0000,0.6380,0.6370,33.0000,-0.7280,-0.7320,-33.0000
1782997423.0785,0.7280,0.7250,33.0000,-0.6380,-0.6390,-31.0000,0.6380,0.6430,33.0000,-0.7280,-0.7190,-34.0000
1782997423.1291,0.7280,0.7260,33.0000,-0.6380,-0.6300,-31.0000,0.6380,0.6360,33.0000,-0.7280,-0.7360,-33.0000
1782997423.1781,0.7280,0.7340,33.0000,-0.6380,-0.6400,-31.0000,0.6380,0.6380,33.0000,-0.7280,-0.7230,-34.0000
1782997423.2281,0.7280,0.7290,33.0000,-0.6380,-0.6490,-30.0000,0.6380,0.6300,34.0000,-0.7280,-0.7320,-34.0000
1782997423.2781,0.7280,0.7320,33.0000,-0.6380,-0.6360,-31.0000,0.6380,0.6460,33.0000,-0.7280,-0.7160,-34.0000
1782997423.3281,0.7280,0.7280,33.0000,-0.6380,-0.6330,-31.0000,0.6380,0.6350,34.0000,-0.7280,-0.7420,-33.0000
1782997423.3781,0.7280,0.7370,32.0000,-0.6380,-0.6370,-31.0000,0.6380,0.6410,33.0000,-0.7280,-0.7300,-34.0000
1782997423.4281,0.7280,0.7240,33.0000,-0.6380,-0.6440,-31.0000,0.6380,0.6280,34.0000,-0.7280,-0.7250,-34.0000
1782997423.4789,0.7280,0.7210,33.0000,-0.6380,-0.6360,-31.0000,0.6380,0.6470,33.0000,-0.7280,-0.7260,-34.0000
1782997423.5281,0.7280,0.7270,33.0000,-0.6380,-0.6340,-31.0000,0.6380,0.6380,33.0000,-0.7280,-0.7390,-33.0000
1782997423.5782,0.7280,0.7370,32.0000,-0.6380,-0.6290,-31.0000,0.6380,0.6460,33.0000,-0.7280,-0.7270,-34.0000
1782997423.6282,0.7280,0.7300,33.0000,-0.6380,-0.6480,-30.0000,0.6380,0.6250,34.0000,-0.7280,-0.7210,-34.0000
1782997423.6781,0.7280,0.7210,33.0000,-0.6380,-0.6430,-31.0000,0.6380,0.6420,33.0000,-0.7280,-0.7320,-33.0000
1782997423.7281,0.6080,0.7340,22.0000,-0.5180,-0.6400,-20.0000,0.3980,0.6390,12.0000,-0.4880,-0.7080,-14.0000
1782997423.7780,0.0080,0.2540,0.0000,0.0000,-0.1920,0.0000,0.0000,0.1230,0.0000,0.0000,-0.1590,0.0000
1782997423.8280,0.0000,0.0190,0.0000,0.0000,-0.0130,0.0000,0.0000,0.0000,0.0000,0.0000,-0.0110,0.0000
1782997423.8780,0.0000,0.0010,0.0000,0.0000,-0.0010,0.0000,0.0000,0.0000,0.0000,0.0000,-0.0010,0.0000
1782997423.9280,0.0000,0.0000,0.0000,0.0000,-0.0000,0.0000,0.0000,0.0000,0.0000,0.0000,-0.0000,0.0000
1782997423.9780,0.0000,0.0000,0.0000,0.0000,-0.0000,0.0000,0.0000,0.0000,0.0000,0.0000,-0.0000,0.0000
1782997424.0279,0.0000,0.0000,0.0000,0.0000,-0.0000,0.0000,0.0000,0.0000,0.0000,0.0000,-0.0000,0.0000
1782997424.0780,0.0000,0.0000,0.0000,0.0000,-0.0000,0.0000,0.0000,0.0000,0.0000,0.0000,-0.0000,0.0000
1782997424.1280,0.0000,0.0000,0.0000,0.0000,-0.0000,0.0000,0.0000,0.0000,0.0000,0.0000,-0.0000,0.0000
1782997424.1780,0.0000,0.0000,0.0000,0.0000,-0.0000,0.0000,0.0000,0.0000,0.0000,0.0000,-0.0000,0.0000
1782997424.2279,0.0000,0.0000,0.0000,0.0000,-0.0000,0.0000,0.0000,0.0000,0.0000,0.0000,-0.0000,0.0000
1782997424.2779,0.0000,0.0000,0.0000,0.0000,-0.0000,0.0000,0.0000,0.0000,0.0000,0.0000,-0.0000,0.0000
1782997424.3280,0.0000,0.0000,0.0000,0.0000,-0.0000,0.0000,0.0000,0.0000,0.0000,0.0000,-0.0000,0.0000
1782997424.3780,0.0000,0.0000,0.0000,0.0000,-0.0000,0.0000,0.0000,0.0000,0.0000,0.0000,-0.0000,0.0000
1782997424.4279,0.0000,0.0000,0.0000,0.0000,-0.0000,0.0000,0.0000,0.0000,0.0000,0.0000,-0.0000,0.0000
1782997424.4778,0.0000,0.0000,0.0000,0.0000,-0.0000,0.0000,0.0000,0.0000,0.0000,0.0000,-0.0000,0.0000
1782997424.5279,0.0000,0.0000,0.0000,0.0000,-0.0000,0.0000,0.0000,0.0000,0.0000,0.0000,-0.0000,0.0000
1782997424.5780,0.0000,0.0000,0.0000,0.0000,-0.0000,0.0000,0.0000,0.0000,0.0000,0.0000,-0.0000,0.0000
1782997424.6280,0.0000,0.0000,0.0000,0.0000,-0.0000,0.0000,0.0000,0.0000,0.0000,0.0000,-0.0000,0.0000
1782997424.6779,0.0000,0.0000,0.0000,0.0000,-0.0000,0.0000,0.0000,0.0000,0.0000,0.0000,-0.0000,0.0000
1782997424.7279,0.0000,0.0000,0.0000,0.0000,-0.0000,0.0000,0.0000,0.0000,0.0000,0.0000,-0.0000,0.0000
1782997424.7779,0.0000,0.0000,0.0000,0.0000,-0.0000,0.0000,0.0000,0.0000,0.0000,0.0000,-0.0000,0.0000
1782997424.8281,0.0000,0.0000,0.0000,0.0000,-0.0000,0.0000,0.0000,0.0000,0.0000,0.0000,-0.0000,0.0000
1782997424.8780,0.0000,0.0000,0.0000,0.0000,-0.0000,0.0000,0.0000,0.0000,0.0000,0.0000,-0.0000,0.0000
1782997424.9280,0.0000,0.0000,0.0000,0.0000,-0.0000,0.0000,0.0000,0.0000,0.0000,0.0000,-0.0000,0.0000
1782997424.9782,-0.3600,-0.0810,-35.0000,0.3600,0.0880,35.0000,-0.4510,-0.1650,-39.0000,0.4800,0.1890,40.0000
1782997425.0282,-0.7280,-0.6570,-38.0000,0.6380,0.5880,34.0000,-0.6380,-0.5800,-36.0000,0.7280,0.7110,36.0000
1782997425.0782,-0.7280,-0.7580,-36.0000,0.6380,0.6560,33.0000,-0.6380,-0.6460,-35.0000,0.7280,0.7390,38.0000
1782997425.1282,-0.7280,-0.7780,-35.0000,0.6380,0.6700,33.0000,-0.6380,-0.6250,-37.0000,0.7280,0.7590,37.0000
1782997425.1782,-0.7280,-0.7580,-36.0000,0.6380,0.6660,33.0000,-0.6380,-0.6670,-35.0000,0.7280,0.7690,37.0000
1782997425.2282,-0.7280,-0.7720,-35.0000,0.6380,0.6700,33.0000,-0.6380,-0.6600,-35.0000,0.7280,0.7370,38.0000
1782997425.2782,-0.7280,-0.7480,-36.0000,0.6380,0.6580,33.0000,-0.6380,-0.6630,-35.0000,0.7280,0.7410,37.0000
1782997425.3282,-0.7280,-0.7620,-35.0000,0.6380,0.6560,33.0000,-0.6380,-0.6350,-36.0000,0.7280,0.7290,38.0000
1782997425.3782,-0.7280,-0.7410,-35.0000,0.6380,0.6540,33.0000,-0.6380,-0.6560,-35.0000,0.7280,0.7480,37.0000
1782997425.4282,-0.7280,-0.7530,-34.0000,0.6380,0.6610,32.0000,-0.6380,-0.6510,-35.0000,0.7280,0.7230,38.0000
1782997425.4782,-0.7280,-0.7410,-35.0000,0.6380,0.6520,33.0000,-0.6380,-0.6530,-35.0000,0.7280,0.7410,37.0000
1782997425.5282,-0.7280,-0.7390,-35.0000,0.6380,0.6480,33.0000,-0.6380,-0.6370,-35.0000,0.7280,0.7300,38.0000
1782997425.5782,-0.7280,-0.7470,-34.0000,0.6380,0.6510,32.0000,-0.6380,-0.6460,-35.0000,0.7280,0.7550,36.0000
1782997425.6282,-0.7280,-0.7330,-35.0000,0.6380,0.6480,32.0000,-0.6380,-0.6560,-34.0000,0.7280,0.7240,38.0000
1782997425.6783,-0.7280,-0.7470,-34.0000,0.6380,0.6440,32.0000,-0.6380,-0.6470,-35.0000,0.7280,0.7280,37.0000
1782997425.7284,-0.7280,-0.7230,-35.0000,0.6380,0.6380,33.0000,-0.6380,-0.6350,-35.0000,0.7280,0.7370,37.0000
1782997425.7782,-0.7280,-0.7490,-33.0000,0.6380,0.6390,33.0000,-0.6380,-0.6360,-35.0000,0.7280,0.7250,37.0000
1782997425.8282,-0.7280,-0.7230,-35.0000,0.6380,0.6460,32.0000,-0.6380,-0.6590,-34.0000,0.7280,0.7270,37.0000
1782997425.8782,-0.7280,-0.7370,-34.0000,0.6380,0.6500,32.0000,-0.6380,-0.6350,-35.0000,0.7280,0.7270,37.0000
1782997425.9289,-0.7280,-0.7310,-34.0000,0.6380,0.6350,33.0000,-0.6380,-0.6420,-35.0000,0.7280,0.7450,36.0000
1782997425.9784,-0.7280,-0.7370,-34.0000,0.6380,0.6450,32.0000,-0.6380,-0.6200,-36.0000,0.7280,0.7200,38.0000
1782997426.0281,-0.7280,-0.7300,-34.0000,0.6380,0.6460,32.0000,-0.6380,-0.6580,-34.0000,0.7280,0.7350,37.0000
1782997426.0782,-0.7280,-0.7300,-34.0000,0.6380,0.6440,32.0000,-0.6380,-0.6340,-35.0000,0.7280,0.7230,38.0000
1782997426.1282,-0.7280,-0.7390,-34.0000,0.6380,0.6290,33.0000,-0.6380,-0.6430,-34.0000,0.7280,0.7410,36.0000
1782997426.1782,-0.7280,-0.7280,-34.0000,0.6380,0.6390,32.0000,-0.6380,-0.6180,-36.0000,0.7280,0.7160,38.0000
1782997426.2282,-0.7280,-0.7370,-34.0000,0.6380,0.6430,32.0000,-0.6380,-0.6510,-34.0000,0.7280,0.7300,37.0000
1782997426.2782,-0.7280,-0.7200,-35.0000,0.6380,0.6480,31.0000,-0.6380,-0.6370,-35.0000,0.7280,0.7360,37.0000
1782997426.3282,-0.7280,-0.7400,-33.0000,0.6380,0.6340,32.0000,-0.6380,-0.6510,-34.0000,0.7280,0.7290,37.0000
1782997426.3782,-0.7280,-0.7190,-35.0000,0.6380,0.6340,32.0000,-0.6380,-0.6250,-35.0000,0.7280,0.7260,37.0000
1782997426.4281,-0.7280,-0.7360,-34.0000,0.6380,0.6440,32.0000,-0.6380,-0.6500,-34.0000,0.7280,0.7260,37.0000
1782997426.4782,-0.7280,-0.7180,-35.0000,0.6380,0.6460,32.0000,-0.6380,-0.6460,-34.0000,0.7280,0.7450,36.0000
1782997426.5282,-0.7280,-0.7340,-34.0000,0.6380,0.6400,32.0000,-0.6380,-0.6430,-34.0000,0.7280,0.7240,37.0000
1782997426.5782,-0.7280,-0.7260,-34.0000,0.6380,0.6330,32.0000,-0.6380,-0.6330,-35.0000,0.7280,0.7360,36.0000
1782997426.6282,-0.7280,-0.7260,-34.0000,0.6380,0.6450,31.0000,-0.6380,-0.6380,-35.0000,0.7280,0.7240,37.0000
1782997426.6782,-0.7280,-0.7340,-34.0000,0.6380,0.6470,31.0000,-0.6380,-0.6510,-34.0000,0.7280,0.7430,36.0000
1782997426.7282,-0.7280,-0.7250,-34.0000,0.6380,0.6370,32.0000,-0.6380,-0.6290,-35.0000,0.7280,0.7160,37.0000
1782997426.7782,-0.6080,-0.7340,-24.0000,0.5180,0.6280,22.0000,-0.3980,-0.6270,-14.0000,0.4880,0.7140,17.0000
1782997426.8281,-0.0080,-0.2940,0.0000,0.0000,0.2020,0.0000,0.0000,-0.2040,0.0000,0.0000,0.2470,0.0000
1782997426.8780,0.0000,-0.0210,0.0000,0.0000,0.0090,0.0000,0.0000,-0.0090,0.0000,0.0000,0.0060,0.0000
1782997426.9280,0.0000,-0.0020,0.0000,0.0000,0.0010,0.0000,0.0000,-0.0010,0.0000,0.0000,-0.0040,0.0000
1782997426.9780,0.0000,-0.0000,0.0000,0.0000,0.0000,0.0000,0.0000,-0.0000,0.0000,0.0000,-0.0010,0.0000
1782997427.0280,0.0000,-0.0000,0.0000,0.0000,0.0000,0.0000,0.0000,-0.0000,0.0000,0.0000,-0.0010,0.0000
1782997427.0781,0.0000,-0.0000,0.0000,0.0000,0.0000,0.0000,0.0000,-0.0000,0.0000,0.0000,-0.0000,0.0000
1782997427.1281,0.0000,-0.0000,0.0000,0.0000,0.0000,0.0000,0.0000,-0.0000,0.0000,0.0000,-0.0000,0.0000
1782997427.1781,0.0000,-0.0000,0.0000,0.0000,0.0000,0.0000,0.0000,-0.0000,0.0000,0.0000,-0.0000,0.0000
1782997427.2280,0.0000,-0.0000,0.0000,0.0000,0.0000,0.0000,0.0000,-0.0000,0.0000,0.0000,-0.0000,0.0000
1782997427.2780,0.0000,-0.0000,0.0000,0.0000,0.0000,0.0000,0.0000,-0.0000,0.0000,0.0000,-0.0000,0.0000
1782997427.3281,0.0000,-0.0000,0.0000,0.0000,0.0000,0.0000,0.0000,-0.0000,0.0000,0.0000,-0.0000,0.0000
