epoch_s,map_x,map_y,map_yaw_deg,odom_x,odom_y,odom_yaw_deg,corr_x,corr_y,corr_yaw_deg
1788171797.020,-0.1102,0.0227,-1.35,0.0000,0.0000,0.00,-0.1245,-0.0168,-0.26
1788171797.120,-0.1102,0.0227,-1.35,0.0000,0.0000,0.00,-0.1245,-0.0168,-0.26
1788171797.220,-0.1102,0.0227,-1.35,0.0000,0.0000,0.00,-0.1245,-0.0168,-0.26
1788171797.320,-0.1102,0.0227,-1.35,0.0000,0.0000,0.00,-0.1245,-0.0168,-0.26
1788171797.420,-0.1102,0.0227,-1.35,0.0000,0.0000,0.00,-0.1245,-0.0168,-0.26
1788171797.520,-0.1102,0.0227,-1.35,0.0000,0.0000,0.00,-0.1245,-0.0168,-0.26
1788171797.620,-0.1102,0.0227,-1.35,0.0000,0.0000,0.00,-0.1245,-0.0168,-0.26
1788171797.720,-0.1102,0.0227,-1.35,0.0000,0.0000,0.00,-0.1245,-0.0168,-0.26
1788171797.820,-0.1102,0.0227,-1.35,0.0000,0.0000,0.00,-0.1245,-0.0168,-0.26
1788171797.920,-0.1102,0.0227,-1.35,0.0000,0.0000,0.00,-0.1245,-0.0168,-0.26
1788171798.023,-0.1102,0.0227,-1.35,0.0000,0.0000,0.00,-0.1245,-0.0168,-0.26
1788171798.120,-0.1102,0.0227,-1.35,0.0000,0.0000,0.00,-0.1245,-0.0168,-0.26
1788171798.220,-0.1102,0.0227,-1.35,0.0000,0.0000,0.00,-0.1245,-0.0168,-0.26
1788171798.320,-0.1102,0.0227,-1.35,0.0000,0.0000,0.00,-0.1245,-0.0168,-0.26
1788171798.420,-0.1102,0.0227,-1.35,0.0000,0.0000,0.00,-0.1245,-0.0168,-0.26
1788171798.520,-0.1102,0.0227,-1.35,0.0000,0.0000,0.00,-0.1245,-0.0168,-0.26
1788171798.620,-0.1102,0.0227,-1.35,0.0000,0.0000,0.00,-0.1245,-0.0168,-0.26
1788171798.720,-0.1102,0.0227,-1.35,0.0000,0.0000,0.00,-0.1245,-0.0168,-0.26
1788171798.820,-0.1102,0.0227,-1.35,0.0000,0.0000,0.00,-0.1245,-0.0168,-0.26
1788171798.920,-0.1102,0.0227,-1.35,0.0000,0.0000,0.00,-0.1245,-0.0168,-0.26
1788171799.020,-0.1102,0.0227,-1.35,0.0000,0.0000,0.00,-0.1245,-0.0168,-0.26
1788171799.120,-0.1102,0.0227,-1.35,0.0000,0.0000,0.00,-0.1245,-0.0168,-0.26
1788171799.220,-0.1102,0.0227,-1.35,0.0000,0.0000,0.00,-0.1245,-0.0168,-0.26
1788171799.320,-0.1102,0.0227,-1.35,0.0000,0.0000,0.00,-0.1245,-0.0168,-0.26
1788171799.420,-0.1102,0.0227,-1.35,0.0000,0.0000,0.00,-0.1245,-0.0168,-0.26
1788171799.520,-0.1102,0.0227,-1.35,0.0000,0.0000,0.00,-0.1245,-0.0168,-0.26
1788171799.620,-0.1102,0.0227,-1.35,0.0000,0.0000,0.00,-0.1245,-0.0168,-0.26
1788171799.720,-0.1102,0.0227,-1.35,0.0000,0.0000,0.00,-0.1245,-0.0168,-0.26
1788171799.820,-0.0037,-0.0005,-0.01,0.0000,0.0000,0.00,0.0000,0.0000,0.00
1788171799.920,-0.0009,-0.0001,-0.00,0.0000,0.0000,0.00,0.0000,0.0000,0.00
1788171800.019,0.0000,0.0000,0.00,0.0000,0.0000,0.00,0.0000,0.0000,0.00
1788171800.119,0.0000,0.0000,0.00,0.0000,0.0000,0.00,0.0000,0.0000,0.00
1788171800.219,0.0000,0.0000,0.00,0.0000,0.0000,0.00,0.0000,0.0000,0.00
1788171800.320,0.0000,0.0000,0.00,0.0000,0.0000,0.00,0.0000,0.0000,0.00
1788171800.419,0.0000,0.0000,0.00,0.0000,0.0000,0.00,0.0000,0.0000,0.00
1788171800.519,0.0000,0.0000,0.00,0.0000,0.0000,0.00,0.0000,0.0000,0.00
1788171800.619,0.0000,0.0000,0.00,0.0000,0.0000,0.00,0.0000,0.0000,0.00
1788171800.719,0.0000,0.0000,0.00,0.0000,0.0000,0.00,0.0000,0.0000,0.00
1788171800.819,0.0000,0.0000,0.00,0.0000,0.0000,0.00,0.0000,0.0000,0.00
1788171800.919,0.0000,0.0000,0.00,0.0000,0.0000,0.00,0.0000,0.0000,0.00
1788171801.019,0.0000,0.0000,0.00,0.0000,0.0000,0.00,0.0000,0.0000,0.00
1788171801.119,0.0000,0.0000,0.00,0.0000,0.0000,0.00,0.0000,0.0000,0.00
1788171801.219,0.0000,0.0000,0.00,0.0000,0.0000,0.00,0.0000,0.0000,0.00
1788171801.319,0.0000,0.0000,0.00,0.0000,0.0000,0.00,0.0000,0.0000,0.00
1788171801.419,0.0000,0.0000,0.00,0.0000,0.0000,0.00,0.0000,0.0000,0.00
1788171801.519,0.0000,0.0000,0.00,0.0000,0.0000,0.00,0.0000,0.0000,0.00
1788171801.619,0.0000,0.0000,0.00,0.0000,0.0000,0.00,0.0000,0.0000,0.00
1788171801.719,0.0000,0.0000,0.00,0.0000,0.0000,0.00,0.0000,0.0000,0.00
1788171801.819,0.0000,0.0000,0.00,0.0000,0.0000,0.00,0.0000,0.0000,0.00
1788171801.919,0.0000,0.0000,0.00,0.0000,0.0000,0.00,0.0000,0.0000,0.00
1788171802.019,-0.0000,0.0005,-0.01,-0.0000,0.0005,-0.01,0.0000,0.0000,0.00
1788171802.119,-0.0003,0.0052,-0.03,-0.0003,0.0052,-0.03,0.0000,0.0000,0.00
1788171802.220,-0.0003,0.0103,-0.03,-0.0003,0.0103,-0.03,0.0000,0.0000,0.00
1788171802.319,-0.0003,0.0156,-0.02,-0.0003,0.0156,-0.02,0.0000,0.0000,0.00
1788171802.419,-0.0003,0.0208,-0.02,-0.0003,0.0208,-0.02,0.0000,0.0000,0.00
1788171802.520,-0.0003,0.0260,-0.01,-0.0003,0.0260,-0.01,0.0000,0.0000,0.00
1788171802.620,-0.0003,0.0311,-0.00,-0.0003,0.0311,-0.00,0.0000,0.0000,0.00
1788171802.720,-0.0003,0.0362,0.00,-0.0003,0.0362,0.00,0.0000,0.0000,0.00
1788171802.820,-0.0003,0.0413,0.00,-0.0003,0.0413,0.00,0.0000,0.0000,0.00
1788171802.920,-0.0003,0.0462,-0.00,-0.0003,0.0462,-0.00,0.0000,0.0000,0.00
1788171803.020,-0.0003,0.0513,-0.00,-0.0003,0.0513,-0.00,0.0000,0.0000,0.00
1788171803.120,-0.0003,0.0563,0.00,-0.0003,0.0563,0.00,0.0000,0.0000,0.00
1788171803.220,-0.0003,0.0613,-0.00,-0.0003,0.0613,-0.00,0.0000,0.0000,0.00
1788171803.320,-0.0003,0.0664,0.00,-0.0003,0.0664,0.00,0.0000,0.0000,0.00
1788171803.420,-0.0003,0.0713,-0.00,-0.0003,0.0713,-0.00,0.0000,0.0000,0.00
1788171803.520,-0.0003,0.0762,-0.01,-0.0003,0.0762,-0.01,0.0000,0.0000,0.00
1788171803.620,-0.0003,0.0812,-0.01,-0.0003,0.0812,-0.01,0.0000,0.0000,0.00
1788171803.720,-0.0004,0.0896,-0.02,-0.0004,0.0896,-0.02,0.0000,0.0000,0.00
1788171803.819,-0.0004,0.0998,-0.02,-0.0004,0.0998,-0.02,0.0000,0.0000,0.00
1788171803.919,-0.0003,0.1102,-0.01,-0.0003,0.1102,-0.01,0.0000,0.0000,0.00
1788171804.019,-0.0002,0.1206,0.01,-0.0002,0.1206,0.01,0.0000,0.0000,0.00
1788171804.120,-0.0002,0.1308,0.02,-0.0002,0.1308,0.02,0.0000,0.0000,0.00
1788171804.219,-0.0002,0.1409,0.01,-0.0002,0.1409,0.01,0.0000,0.0000,0.00
1788171804.319,-0.0002,0.1512,0.02,-0.0002,0.1512,0.02,0.0000,0.0000,0.00
1788171804.420,-0.0001,0.1613,0.03,-0.0001,0.1613,0.03,0.0000,0.0000,0.00
1788171804.520,-0.0002,0.1714,0.03,-0.0002,0.1714,0.03,0.0000,0.0000,0.00
1788171804.620,-0.0002,0.1814,0.04,-0.0002,0.1814,0.04,0.0000,0.0000,0.00
1788171804.719,-0.0002,0.1914,0.03,-0.0002,0.1914,0.03,0.0000,0.0000,0.00
1788171804.819,-0.0002,0.2016,0.03,-0.0002,0.2016,0.03,0.0000,0.0000,0.00
1788171804.919,-0.0002,0.2117,0.04,-0.0002,0.2117,0.04,0.0000,0.0000,0.00
1788171805.020,-0.0002,0.2219,0.04,-0.0002,0.2219,0.04,0.0000,0.0000,0.00
1788171805.119,-0.0002,0.2320,0.04,-0.0002,0.2320,0.04,0.0000,0.0000,0.00
1788171805.220,-0.0002,0.2421,0.04,-0.0002,0.2421,0.04,0.0000,0.0000,0.00
1788171805.319,-0.0002,0.2521,0.05,-0.0002,0.2521,0.05,0.0000,0.0000,0.00
1788171805.420,-0.0002,0.2622,0.05,-0.0002,0.2622,0.05,0.0000,0.0000,0.00
1788171805.519,-0.0002,0.2724,0.04,-0.0002,0.2724,0.04,0.0000,0.0000,0.00
1788171805.619,0.0001,0.2826,0.36,0.0001,0.2826,0.36,0.0000,0.0000,0.00
1788171805.720,0.0001,0.2927,1.47,0.0001,0.2927,1.47,0.0000,0.0000,0.00
1788171805.820,-0.0005,0.3032,2.64,-0.0005,0.3032,2.64,0.0000,0.0000,0.00
1788171805.919,-0.0010,0.3134,3.81,-0.0010,0.3134,3.81,0.0000,0.0000,0.00
1788171806.019,-0.0017,0.3237,4.97,-0.0017,0.3237,4.97,0.0000,0.0000,0.00
1788171806.119,-0.0027,0.3338,6.13,-0.0027,0.3338,6.13,0.0000,0.0000,0.00
1788171806.219,-0.0040,0.3439,7.29,-0.0040,0.3439,7.29,0.0000,0.0000,0.00
1788171806.320,-0.0052,0.3540,8.45,-0.0052,0.3540,8.45,0.0000,0.0000,0.00
1788171806.420,-0.0069,0.3640,9.61,-0.0069,0.3640,9.61,0.0000,0.0000,0.00
1788171806.520,-0.0086,0.3739,10.77,-0.0086,0.3739,10.77,0.0000,0.0000,0.00
1788171806.620,-0.0278,0.3838,11.92,-0.0107,0.3838,11.93,-0.0303,-0.0000,-0.03
1788171806.719,-0.0432,0.3937,12.86,-0.0131,0.3937,12.88,-0.0303,-0.0000,-0.03
1788171806.819,-0.0456,0.4035,12.98,-0.0155,0.4035,13.00,-0.0303,-0.0000,-0.03
1788171806.919,-0.0480,0.4132,12.96,-0.0179,0.4132,12.99,-0.0303,-0.0000,-0.03
1788171807.020,-0.0503,0.4230,12.94,-0.0202,0.4230,12.97,-0.0303,-0.0000,-0.03
1788171807.120,-0.0524,0.4332,13.02,-0.0223,0.4332,13.05,-0.0303,-0.0000,-0.03
1788171807.219,-0.0547,0.4431,13.89,-0.0246,0.4432,13.92,-0.0303,-0.0000,-0.03
1788171807.319,-0.0575,0.4529,15.04,-0.0274,0.4529,15.07,-0.0303,-0.0000,-0.03
1788171807.419,-0.0603,0.4625,16.19,-0.0302,0.4625,16.22,-0.0303,-0.0000,-0.03
1788171807.519,-0.0633,0.4720,17.35,-0.0332,0.4720,17.38,-0.0303,-0.0000,-0.03
1788171807.619,-0.0665,0.4816,18.52,-0.0364,0.4816,18.55,-0.0303,-0.0000,-0.03
1788171807.719,-0.0698,0.4912,19.70,-0.0397,0.4912,19.73,-0.0303,-0.0000,-0.03
1788171807.820,-0.0733,0.5006,20.86,-0.0432,0.5006,20.89,-0.0303,-0.0000,-0.03
1788171807.919,-0.0771,0.5101,22.03,-0.0470,0.5101,22.06,-0.0303,-0.0000,-0.03
1788171808.019,-0.0810,0.5194,23.19,-0.0509,0.5194,23.22,-0.0303,-0.0000,-0.03
1788171808.119,-0.0853,0.5286,24.14,-0.0552,0.5286,24.17,-0.0303,-0.0000,-0.03
1788171808.219,-0.0896,0.5378,24.26,-0.0595,0.5378,24.29,-0.0303,-0.0000,-0.03
1788171808.319,-0.0937,0.5470,24.23,-0.0637,0.5470,24.26,-0.0303,-0.0000,-0.03
1788171808.420,-0.0746,0.5265,24.81,-0.0678,0.5564,24.23,0.0822,-0.1122,2.34
1788171808.519,-0.0128,0.4500,26.55,-0.0719,0.5656,24.21,0.0822,-0.1122,2.34
1788171808.619,-0.0173,0.4589,26.53,-0.0761,0.5747,24.19,0.0822,-0.1122,2.34
1788171808.720,-0.0218,0.4680,26.51,-0.0802,0.5839,24.17,0.0822,-0.1122,2.34
1788171808.819,-0.0263,0.4771,26.50,-0.0843,0.5933,24.16,0.0822,-0.1122,2.34
1788171808.919,-0.0308,0.4862,26.50,-0.0885,0.6026,24.16,0.0822,-0.1122,2.34
1788171809.019,-0.0353,0.4952,26.48,-0.0926,0.6117,24.14,0.0822,-0.1122,2.34
1788171809.120,-0.0398,0.5042,26.49,-0.0967,0.6209,24.14,0.0822,-0.1122,2.34
1788171809.220,-0.0443,0.5132,26.48,-0.1009,0.6300,24.14,0.0822,-0.1122,2.34
1788171809.320,-0.0488,0.5222,26.47,-0.1050,0.6392,24.13,0.0822,-0.1122,2.34
1788171809.420,-0.0532,0.5314,26.47,-0.1091,0.6485,24.13,0.0822,-0.1122,2.34
1788171809.520,-0.0577,0.5403,26.47,-0.1132,0.6577,24.13,0.0822,-0.1122,2.34
1788171809.619,-0.0622,0.5493,26.48,-0.1173,0.6669,24.13,0.0822,-0.1122,2.34
1788171809.720,-0.0661,0.5574,26.48,-0.1209,0.6751,24.13,0.0822,-0.1122,2.34
1788171809.820,-0.0684,0.5620,26.46,-0.1229,0.6798,24.12,0.0822,-0.1122,2.34
1788171809.919,-0.0708,0.5665,26.10,-0.1252,0.6844,23.76,0.0822,-0.1122,2.34
1788171810.019,-0.0730,0.5709,25.54,-0.1272,0.6888,23.20,0.0822,-0.1122,2.34
1788171810.119,-0.0751,0.5751,24.98,-0.1291,0.6931,22.64,0.0822,-0.1122,2.34
1788171810.220,-0.0771,0.5794,24.42,-0.1309,0.6975,22.08,0.0822,-0.1122,2.34
1788171810.319,-0.0791,0.5837,23.86,-0.1328,0.7019,21.52,0.0822,-0.1122,2.34
1788171810.420,-0.0812,0.5883,23.28,-0.1346,0.7066,20.94,0.0822,-0.1122,2.34
1788171810.520,-0.0831,0.5927,22.72,-0.1364,0.7110,20.38,0.0822,-0.1122,2.34
1788171810.619,-0.0850,0.5973,22.30,-0.1381,0.7157,19.96,0.0822,-0.1122,2.34
1788171810.719,-0.0868,0.6017,22.29,-0.1398,0.7202,19.95,0.0822,-0.1122,2.34
1788171810.819,-0.0886,0.6064,22.28,-0.1414,0.7249,19.94,0.0822,-0.1122,2.34
1788171810.919,-0.0904,0.6109,22.27,-0.1429,0.7296,19.92,0.0822,-0.1122,2.34
1788171811.019,-0.0922,0.6156,22.27,-0.1445,0.7343,19.93,0.0822,-0.1122,2.34
1788171811.120,-0.0940,0.6203,22.27,-0.1462,0.7390,19.93,0.0822,-0.1122,2.34
1788171811.219,-0.0959,0.6248,22.28,-0.1479,0.7437,19.94,0.0822,-0.1122,2.34
1788171811.319,-0.0978,0.6295,22.28,-0.1496,0.7484,19.94,0.0822,-0.1122,2.34
1788171811.419,-0.0997,0.6342,22.28,-0.1512,0.7532,19.94,0.0822,-0.1122,2.34
1788171811.519,-0.1015,0.6390,22.27,-0.1529,0.7580,19.93,0.0822,-0.1122,2.34
1788171811.619,-0.1034,0.6438,22.27,-0.1546,0.7629,19.93,0.0822,-0.1122,2.34
1788171811.720,-0.1053,0.6484,22.26,-0.1563,0.7676,19.92,0.0822,-0.1122,2.34
1788171811.820,-0.1072,0.6529,22.26,-0.1580,0.7722,19.92,0.0822,-0.1122,2.34
1788171811.920,-0.1092,0.6573,22.25,-0.1598,0.7766,19.91,0.0822,-0.1122,2.34
1788171812.020,-0.1133,0.6596,22.24,-0.1638,0.7792,19.89,0.0822,-0.1122,2.34
1788171812.119,-0.1151,0.6640,22.25,-0.1655,0.7836,19.91,0.0822,-0.1122,2.34
1788171812.220,-0.1170,0.6687,22.24,-0.1671,0.7884,19.90,0.0822,-0.1122,2.34
1788171812.320,-0.1197,0.6730,22.23,-0.1697,0.7928,19.89,0.0822,-0.1122,2.34
1788171812.420,-0.1237,0.6754,22.28,-0.1736,0.7954,19.93,0.0822,-0.1122,2.34
1788171812.520,-0.1279,0.6775,22.29,-0.1777,0.7976,19.95,0.0822,-0.1122,2.34
1788171812.619,-0.1322,0.6795,22.30,-0.1819,0.7997,19.95,0.0822,-0.1122,2.34
1788171812.719,-0.1364,0.6814,22.30,-0.1860,0.8019,19.96,0.0822,-0.1122,2.34
1788171812.820,-0.1407,0.6834,22.30,-0.1902,0.8041,19.96,0.0822,-0.1122,2.34
1788171812.920,-0.1450,0.6855,22.30,-0.1945,0.8063,19.95,0.0822,-0.1122,2.34
1788171813.019,-0.1494,0.6875,22.28,-0.1988,0.8085,19.94,0.0822,-0.1122,2.34
1788171813.119,-0.1538,0.6896,21.77,-0.2031,0.8108,19.43,0.0822,-0.1122,2.34
1788171813.220,-0.1581,0.6918,21.21,-0.2073,0.8132,18.86,0.0822,-0.1122,2.34
1788171813.319,-0.1624,0.6938,20.63,-0.2115,0.8154,18.29,0.0822,-0.1122,2.34
1788171813.419,-0.1666,0.6961,20.06,-0.2156,0.8177,17.71,0.0822,-0.1122,2.34
1788171813.520,-0.1709,0.6984,19.47,-0.2198,0.8202,17.13,0.0822,-0.1122,2.34
1788171813.620,-0.1750,0.7007,18.90,-0.2238,0.8228,16.56,0.0822,-0.1122,2.34
1788171813.719,-0.1793,0.7031,18.33,-0.2280,0.8253,15.98,0.0822,-0.1122,2.34
1788171813.819,-0.1834,0.7053,17.75,-0.2321,0.8277,15.41,0.0822,-0.1122,2.34
1788171813.920,-0.1875,0.7076,17.18,-0.2361,0.8302,14.84,0.0822,-0.1122,2.34
1788171814.019,-0.1917,0.7102,16.61,-0.2401,0.8329,14.27,0.0822,-0.1122,2.34
1788171814.119,-0.1958,0.7126,16.04,-0.2441,0.8354,13.70,0.0822,-0.1122,2.34
1788171814.220,-0.1998,0.7151,15.47,-0.2480,0.8382,13.13,0.0822,-0.1122,2.34
1788171814.319,-0.2039,0.7176,14.90,-0.2519,0.8408,12.56,0.0822,-0.1122,2.34
1788171814.420,-0.2078,0.7202,14.34,-0.2558,0.8436,12.00,0.0822,-0.1122,2.34
1788171814.520,-0.2119,0.7228,13.77,-0.2597,0.8464,11.43,0.0822,-0.1122,2.34
1788171814.619,-0.2271,0.7215,13.27,-0.2635,0.8490,10.87,0.0555,-0.1211,2.51
1788171814.719,-0.2490,0.7181,12.80,-0.2674,0.8518,10.28,0.0555,-0.1211,2.51
1788171814.820,-0.2529,0.7209,12.24,-0.2712,0.8547,9.72,0.0555,-0.1211,2.51
1788171814.920,-0.2567,0.7237,11.68,-0.2749,0.8577,9.17,0.0555,-0.1211,2.51
1788171815.020,-0.2607,0.7267,11.12,-0.2787,0.8609,8.61,0.0555,-0.1211,2.51
1788171815.119,-0.2645,0.7297,10.57,-0.2824,0.8640,8.05,0.0555,-0.1211,2.51
1788171815.220,-0.2683,0.7326,10.01,-0.2861,0.8671,7.49,0.0555,-0.1211,2.51
1788171815.319,-0.2723,0.7354,9.43,-0.2899,0.8701,6.92,0.0555,-0.1211,2.51
1788171815.419,-0.2759,0.7383,8.88,-0.2934,0.8731,6.37,0.0555,-0.1211,2.51
1788171815.519,-0.2795,0.7413,8.31,-0.2969,0.8763,5.79,0.0555,-0.1211,2.51
1788171815.619,-0.2832,0.7443,7.73,-0.3004,0.8794,5.22,0.0555,-0.1211,2.51
1788171815.719,-0.2868,0.7473,7.17,-0.3039,0.8826,4.65,0.0555,-0.1211,2.51
1788171815.819,-0.2904,0.7504,6.59,-0.3074,0.8859,4.08,0.0555,-0.1211,2.51
1788171815.920,-0.2940,0.7534,6.03,-0.3108,0.8890,3.52,0.0555,-0.1211,2.51
1788171816.019,-0.2965,0.7570,5.68,-0.3132,0.8928,3.17,0.0555,-0.1211,2.51
1788171816.119,-0.2971,0.7618,5.68,-0.3136,0.8976,3.17,0.0555,-0.1211,2.51
1788171816.220,-0.2976,0.7669,5.69,-0.3138,0.9027,3.17,0.0555,-0.1211,2.51
1788171816.320,-0.2980,0.7721,5.69,-0.3140,0.9079,3.18,0.0555,-0.1211,2.51
1788171816.419,-0.2985,0.7772,5.70,-0.3142,0.9130,3.18,0.0555,-0.1211,2.51
1788171816.520,-0.2990,0.7822,5.71,-0.3145,0.9180,3.20,0.0555,-0.1211,2.51
1788171816.620,-0.2995,0.7872,5.72,-0.3148,0.9230,3.20,0.0555,-0.1211,2.51
1788171816.719,-0.2999,0.7921,5.72,-0.3151,0.9280,3.21,0.0555,-0.1211,2.51
1788171816.819,-0.3004,0.7971,5.73,-0.3153,0.9329,3.21,0.0555,-0.1211,2.51
1788171816.919,-0.3009,0.8021,5.73,-0.3155,0.9379,3.21,0.0555,-0.1211,2.51
1788171817.019,-0.3014,0.8071,5.73,-0.3158,0.9429,3.22,0.0555,-0.1211,2.51
1788171817.119,-0.3018,0.8120,5.73,-0.3161,0.9479,3.22,0.0555,-0.1211,2.51
1788171817.219,-0.3023,0.8170,5.74,-0.3164,0.9529,3.23,0.0555,-0.1211,2.51
1788171817.320,-0.3029,0.8219,5.74,-0.3167,0.9578,3.23,0.0555,-0.1211,2.51
1788171817.419,-0.3033,0.8267,5.74,-0.3169,0.9627,3.23,0.0555,-0.1211,2.51
1788171817.519,-0.3038,0.8317,5.74,-0.3172,0.9677,3.22,0.0555,-0.1211,2.51
1788171817.620,-0.3043,0.8368,5.74,-0.3174,0.9728,3.22,0.0555,-0.1211,2.51
1788171817.719,-0.3038,0.8418,5.75,-0.3167,0.9777,3.24,0.0555,-0.1211,2.51
1788171817.819,-0.3011,0.8455,5.76,-0.3138,0.9813,3.25,0.0555,-0.1211,2.51
1788171817.920,-0.2987,0.8497,5.75,-0.3113,0.9854,3.23,0.0555,-0.1211,2.51
1788171818.020,-0.2961,0.8538,5.71,-0.3086,0.9894,3.20,0.0555,-0.1211,2.51
1788171818.120,-0.2938,0.8576,5.68,-0.3061,0.9931,3.17,0.0555,-0.1211,2.51
1788171818.220,-0.2923,0.8619,5.66,-0.3043,0.9973,3.15,0.0555,-0.1211,2.51
1788171818.319,-0.2929,0.8669,5.65,-0.3047,1.0023,3.14,0.0555,-0.1211,2.51
1788171818.420,-0.2934,0.8721,5.65,-0.3050,1.0075,3.14,0.0555,-0.1211,2.51
1788171818.520,-0.2939,0.8772,5.65,-0.3053,1.0127,3.14,0.0555,-0.1211,2.51
1788171818.620,-0.2947,0.8823,5.32,-0.3058,1.0178,2.81,0.0555,-0.1211,2.51
1788171818.720,-0.2953,0.8874,4.76,-0.3062,1.0229,2.25,0.0555,-0.1211,2.51
1788171818.820,-0.2956,0.8926,4.53,-0.3063,1.0282,2.01,0.0555,-0.1211,2.51
1788171818.919,-0.2959,0.8976,4.51,-0.3064,1.0332,2.00,0.0555,-0.1211,2.51
1788171819.019,-0.2962,0.9026,4.52,-0.3065,1.0382,2.01,0.0555,-0.1211,2.51
1788171819.119,-0.2968,0.9077,4.44,-0.3068,1.0432,1.92,0.0555,-0.1211,2.51
1788171819.219,-0.2970,0.9127,3.93,-0.3069,1.0483,1.42,0.0555,-0.1211,2.51
1788171819.320,-0.2972,0.9179,3.90,-0.3068,1.0535,1.38,0.0555,-0.1211,2.51
1788171819.419,-0.2975,0.9228,3.89,-0.3069,1.0584,1.38,0.0555,-0.1211,2.51
1788171819.519,-0.2977,0.9277,3.89,-0.3069,1.0633,1.37,0.0555,-0.1211,2.51
1788171819.619,-0.2980,0.9325,3.89,-0.3070,1.0681,1.38,0.0555,-0.1211,2.51
1788171819.719,-0.2983,0.9375,3.90,-0.3071,1.0731,1.38,0.0555,-0.1211,2.51
1788171819.819,-0.2987,0.9425,3.89,-0.3073,1.0782,1.38,0.0555,-0.1211,2.51
1788171819.919,-0.2991,0.9476,3.89,-0.3074,1.0832,1.38,0.0555,-0.1211,2.51
1788171820.020,-0.2995,0.9526,3.89,-0.3076,1.0882,1.38,0.0555,-0.1211,2.51
1788171820.119,-0.2998,0.9575,3.90,-0.3077,1.0931,1.39,0.0555,-0.1211,2.51
1788171820.219,-0.3001,0.9624,3.91,-0.3078,1.0980,1.39,0.0555,-0.1211,2.51
1788171820.319,-0.3005,0.9673,3.90,-0.3079,1.1030,1.39,0.0555,-0.1211,2.51
1788171820.419,-0.3009,0.9724,3.90,-0.3081,1.1081,1.39,0.0555,-0.1211,2.51
1788171820.519,-0.3012,0.9774,3.90,-0.3082,1.1131,1.38,0.0555,-0.1211,2.51
1788171820.619,-0.3016,0.9824,3.90,-0.3084,1.1181,1.39,0.0555,-0.1211,2.51
1788171820.720,-0.3019,0.9873,3.90,-0.3085,1.1230,1.38,0.0555,-0.1211,2.51
1788171820.819,-0.3022,0.9924,3.90,-0.3086,1.1281,1.38,0.0555,-0.1211,2.51
1788171820.919,-0.3026,0.9974,3.89,-0.3087,1.1331,1.38,0.0555,-0.1211,2.51
1788171821.019,-0.3029,1.0024,3.90,-0.3088,1.1381,1.38,0.0555,-0.1211,2.51
1788171821.120,-0.3033,1.0074,3.89,-0.3089,1.1432,1.38,0.0555,-0.1211,2.51
1788171821.220,-0.3036,1.0125,3.89,-0.3090,1.1483,1.38,0.0555,-0.1211,2.51
1788171821.320,-0.3040,1.0174,3.89,-0.3092,1.1532,1.38,0.0555,-0.1211,2.51
1788171821.419,-0.3043,1.0223,3.90,-0.3093,1.1581,1.39,0.0555,-0.1211,2.51
1788171821.519,-0.3046,1.0273,3.90,-0.3094,1.1631,1.38,0.0555,-0.1211,2.51
1788171821.619,-0.3050,1.0324,3.90,-0.3095,1.1683,1.38,0.0555,-0.1211,2.51
1788171821.719,-0.3052,1.0376,3.91,-0.3096,1.1734,1.39,0.0555,-0.1211,2.51
1788171821.819,-0.3055,1.0426,3.90,-0.3097,1.1784,1.39,0.0555,-0.1211,2.51
1788171821.919,-0.3060,1.0473,3.91,-0.3099,1.1831,1.40,0.0555,-0.1211,2.51
1788171822.019,-0.3064,1.0521,3.92,-0.3101,1.1880,1.40,0.0555,-0.1211,2.51
1788171822.119,-0.3067,1.0570,3.91,-0.3102,1.1929,1.40,0.0555,-0.1211,2.51
1788171822.219,-0.3070,1.0620,3.91,-0.3103,1.1979,1.40,0.0555,-0.1211,2.51
1788171822.319,-0.3074,1.0670,3.91,-0.3105,1.2029,1.40,-0.0908,-0.1102,1.09
1788171822.419,-0.3951,1.0868,2.84,-0.3106,1.2079,1.39,-0.0908,-0.1102,1.09
1788171822.520,-0.4245,1.0967,2.47,-0.3107,1.2129,1.39,-0.0908,-0.1102,1.09
1788171822.620,-0.4247,1.1016,2.48,-0.3108,1.2179,1.39,-0.0908,-0.1102,1.09
1788171822.720,-0.4249,1.1066,2.48,-0.3110,1.2228,1.39,-0.0908,-0.1102,1.09
1788171822.820,-0.4251,1.1117,2.47,-0.3111,1.2280,1.39,-0.0908,-0.1102,1.09
1788171822.920,-0.4253,1.1167,2.47,-0.3112,1.2330,1.38,-0.0908,-0.1102,1.09
1788171823.019,-0.4256,1.1217,2.47,-0.3113,1.2380,1.39,-0.0908,-0.1102,1.09
1788171823.119,-0.4258,1.1267,2.47,-0.3115,1.2430,1.39,-0.0908,-0.1102,1.09
1788171823.219,-0.4260,1.1317,2.47,-0.3116,1.2479,1.39,-0.0908,-0.1102,1.09
1788171823.319,-0.4263,1.1366,2.47,-0.3117,1.2529,1.39,-0.0908,-0.1102,1.09
1788171823.419,-0.4265,1.1416,2.45,-0.3119,1.2579,1.37,-0.0908,-0.1102,1.09
1788171823.520,-0.4268,1.1465,1.93,-0.3121,1.2628,0.85,-0.0908,-0.1102,1.09
1788171823.619,-0.4268,1.1520,1.81,-0.3120,1.2683,0.72,-0.0908,-0.1102,1.09
1788171823.719,-0.4270,1.1571,1.80,-0.3121,1.2734,0.71,-0.0908,-0.1102,1.09
1788171823.819,-0.4273,1.1622,1.70,-0.3123,1.2785,0.61,-0.0908,-0.1102,1.09
1788171823.919,-0.4273,1.1670,1.15,-0.3122,1.2833,0.07,-0.0908,-0.1102,1.09
1788171824.019,-0.4271,1.1722,1.04,-0.3119,1.2885,-0.05,-0.0908,-0.1102,1.09
1788171824.120,-0.4271,1.1771,1.03,-0.3119,1.2934,-0.05,-0.0908,-0.1102,1.09
1788171824.219,-0.4272,1.1820,1.03,-0.3119,1.2983,-0.05,-0.0908,-0.1102,1.09
1788171824.319,-0.4273,1.1870,1.03,-0.3118,1.3033,-0.05,-0.0908,-0.1102,1.09
1788171824.419,-0.4274,1.1920,1.03,-0.3119,1.3083,-0.06,-0.0908,-0.1102,1.09
1788171824.519,-0.4275,1.1970,1.04,-0.3119,1.3133,-0.05,-0.0908,-0.1102,1.09
1788171824.620,-0.4276,1.2019,1.04,-0.3119,1.3182,-0.05,-0.0908,-0.1102,1.09
1788171824.720,-0.4277,1.2067,1.05,-0.3119,1.3230,-0.04,-0.0908,-0.1102,1.09
1788171824.820,-0.4279,1.2115,1.06,-0.3120,1.3278,-0.02,-0.0908,-0.1102,1.09
1788171824.919,-0.4280,1.2165,1.07,-0.3120,1.3328,-0.02,-0.0908,-0.1102,1.09
1788171825.020,-0.4281,1.2216,1.06,-0.3120,1.3379,-0.03,-0.0908,-0.1102,1.09
1788171825.119,-0.4282,1.2267,1.06,-0.3120,1.3430,-0.03,-0.0908,-0.1102,1.09
1788171825.219,-0.4285,1.2318,0.69,-0.3122,1.3481,-0.39,-0.0908,-0.1102,1.09
1788171825.319,-0.4284,1.2371,0.50,-0.3120,1.3534,-0.59,-0.0908,-0.1102,1.09
1788171825.419,-0.4284,1.2421,0.48,-0.3119,1.3584,-0.60,-0.0908,-0.1102,1.09
1788171825.519,-0.4286,1.2469,0.48,-0.3120,1.3632,-0.60,-0.0908,-0.1102,1.09
1788171825.619,-0.4286,1.2517,0.49,-0.3119,1.3680,-0.59,-0.0908,-0.1102,1.09
1788171825.719,-0.4286,1.2568,0.48,-0.3118,1.3731,-0.60,-0.0908,-0.1102,1.09
1788171825.819,-0.4286,1.2618,0.48,-0.3117,1.3782,-0.61,-0.0908,-0.1102,1.09
1788171825.919,-0.4287,1.2669,0.47,-0.3117,1.3832,-0.62,-0.0908,-0.1102,1.09
1788171826.019,-0.4287,1.2718,0.47,-0.3117,1.3881,-0.61,-0.0908,-0.1102,1.09
1788171826.119,-0.4288,1.2766,0.49,-0.3117,1.3929,-0.60,-0.0908,-0.1102,1.09
1788171826.220,-0.4288,1.2814,0.50,-0.3116,1.3977,-0.58,-0.0908,-0.1102,1.09
1788171826.319,-0.4289,1.2865,0.50,-0.3115,1.4028,-0.59,-0.0908,-0.1102,1.09
1788171826.419,-0.4289,1.2916,0.49,-0.3115,1.4079,-0.60,-0.0908,-0.1102,1.09
1788171826.519,-0.4289,1.2967,0.48,-0.3114,1.4130,-0.60,-0.0908,-0.1102,1.09
1788171826.619,-0.4290,1.3019,0.48,-0.3114,1.4182,-0.60,-0.0908,-0.1102,1.09
1788171826.719,-0.4290,1.3070,0.48,-0.3113,1.4233,-0.61,-0.0908,-0.1102,1.09
1788171826.820,-0.4291,1.3118,0.49,-0.3112,1.4281,-0.60,-0.0908,-0.1102,1.09
1788171826.919,-0.4290,1.3166,0.50,-0.3111,1.4329,-0.59,-0.0908,-0.1102,1.09
1788171827.019,-0.4291,1.3216,0.49,-0.3111,1.4379,-0.59,-0.0908,-0.1102,1.09
1788171827.119,-0.4291,1.3267,0.49,-0.3110,1.4430,-0.59,-0.0908,-0.1102,1.09
1788171827.219,-0.4292,1.3317,0.48,-0.3110,1.4481,-0.60,-0.0908,-0.1102,1.09
1788171827.319,-0.4292,1.3368,0.48,-0.3109,1.4531,-0.60,-0.0908,-0.1102,1.09
1788171827.419,-0.4292,1.3418,0.48,-0.3108,1.4581,-0.61,-0.0908,-0.1102,1.09
1788171827.519,-0.4292,1.3466,0.49,-0.3108,1.4629,-0.60,-0.0908,-0.1102,1.09
1788171827.619,-0.4293,1.3516,0.48,-0.3107,1.4679,-0.61,-0.0908,-0.1102,1.09
1788171827.719,-0.4293,1.3566,0.48,-0.3107,1.4730,-0.61,-0.0908,-0.1102,1.09
1788171827.819,-0.4294,1.3617,0.47,-0.3106,1.4780,-0.62,-0.0908,-0.1102,1.09
1788171827.919,-0.4294,1.3668,0.47,-0.3105,1.4831,-0.62,-0.0908,-0.1102,1.09
1788171828.019,-0.4295,1.3718,0.46,-0.3105,1.4881,-0.62,-0.0908,-0.1102,1.09
1788171828.119,-0.4295,1.3766,0.48,-0.3104,1.4929,-0.60,-0.0908,-0.1102,1.09
1788171828.220,-0.4295,1.3815,0.48,-0.3103,1.4978,-0.60,-0.0908,-0.1102,1.09
1788171828.320,-0.4295,1.3866,0.48,-0.3103,1.5029,-0.60,-0.0908,-0.1102,1.09
1788171828.420,-0.4296,1.3916,0.48,-0.3103,1.5079,-0.61,-0.0908,-0.1102,1.09
1788171828.519,-0.4297,1.3966,0.48,-0.3102,1.5129,-0.61,-0.0908,-0.1102,1.09
1788171828.619,-0.4297,1.4017,0.47,-0.3102,1.5180,-0.61,-0.0908,-0.1102,1.09
1788171828.719,-0.4298,1.4068,0.47,-0.3102,1.5231,-0.62,-0.0908,-0.1102,1.09
1788171828.819,-0.4299,1.4119,0.47,-0.3101,1.5282,-0.62,-0.0908,-0.1102,1.09
1788171828.919,-0.4298,1.4168,0.47,-0.3100,1.5332,-0.62,-0.0908,-0.1102,1.09
1788171829.019,-0.4299,1.4217,0.47,-0.3100,1.5381,-0.62,-0.0908,-0.1102,1.09
1788171829.119,-0.4299,1.4267,0.47,-0.3099,1.5430,-0.61,-0.0908,-0.1102,1.09
1788171829.219,-0.4300,1.4316,0.47,-0.3099,1.5479,-0.61,-0.0908,-0.1102,1.09
1788171829.319,-0.4299,1.4366,0.47,-0.3097,1.5529,-0.61,-0.0908,-0.1102,1.09
1788171829.419,-0.4298,1.4414,0.47,-0.3095,1.5577,-0.61,-0.0908,-0.1102,1.09
1788171829.519,-0.4298,1.4464,0.47,-0.3094,1.5627,-0.61,-0.0908,-0.1102,1.09
1788171829.620,-0.4298,1.4514,0.47,-0.3093,1.5677,-0.61,-0.0908,-0.1102,1.09
1788171829.719,-0.4553,1.4614,0.26,-0.3093,1.5728,-0.62,-0.1545,-0.1027,0.66
1788171829.819,-0.4819,1.4716,0.03,-0.3093,1.5779,-0.62,-0.1545,-0.1027,0.66
1788171829.919,-0.4819,1.4767,0.03,-0.3093,1.5830,-0.62,-0.1545,-0.1027,0.66
1788171830.019,-0.4820,1.4817,0.04,-0.3093,1.5880,-0.62,-0.1545,-0.1027,0.66
1788171830.119,-0.4818,1.4864,0.04,-0.3091,1.5927,-0.62,-0.1545,-0.1027,0.66
1788171830.219,-0.4819,1.4915,0.04,-0.3091,1.5978,-0.62,-0.1545,-0.1027,0.66
1788171830.320,-0.4820,1.4965,0.03,-0.3091,1.6028,-0.62,-0.1545,-0.1027,0.66
1788171830.419,-0.4817,1.5017,0.30,-0.3088,1.6080,-0.36,-0.1545,-0.1027,0.66
1788171830.520,-0.4818,1.5066,0.85,-0.3088,1.6130,0.19,-0.1545,-0.1027,0.66
1788171830.619,-0.4821,1.5119,1.28,-0.3090,1.6182,0.62,-0.1545,-0.1027,0.66
1788171830.719,-0.4822,1.5169,1.28,-0.3091,1.6232,0.63,-0.1545,-0.1027,0.66
1788171830.820,-0.4823,1.5218,1.28,-0.3091,1.6281,0.62,-0.1545,-0.1027,0.66
1788171830.920,-0.4825,1.5268,1.27,-0.3092,1.6331,0.61,-0.1545,-0.1027,0.66
1788171831.019,-0.4828,1.5319,0.95,-0.3095,1.6382,0.29,-0.1545,-0.1027,0.66
1788171831.120,-0.4830,1.5370,0.40,-0.3097,1.6433,-0.26,-0.1545,-0.1027,0.66
1788171831.220,-0.4830,1.5418,0.31,-0.3096,1.6481,-0.34,-0.1545,-0.1027,0.66
1788171831.319,-0.4830,1.5466,0.32,-0.3096,1.6529,-0.34,-0.1545,-0.1027,0.66
1788171831.419,-0.4830,1.5516,0.32,-0.3095,1.6579,-0.34,-0.1545,-0.1027,0.66
1788171831.519,-0.4830,1.5567,0.31,-0.3094,1.6630,-0.35,-0.1545,-0.1027,0.66
1788171831.620,-0.4829,1.5618,0.31,-0.3093,1.6682,-0.34,-0.1545,-0.1027,0.66
1788171831.719,-0.4830,1.5667,0.32,-0.3093,1.6731,-0.34,-0.1545,-0.1027,0.66
1788171831.819,-0.4831,1.5715,0.33,-0.3094,1.6778,-0.33,-0.1545,-0.1027,0.66
1788171831.919,-0.4833,1.5763,0.34,-0.3095,1.6826,-0.31,-0.1545,-0.1027,0.66
1788171832.019,-0.4833,1.5812,0.34,-0.3095,1.6876,-0.31,-0.1545,-0.1027,0.66
1788171832.119,-0.4833,1.5863,0.33,-0.3093,1.6927,-0.33,-0.1545,-0.1027,0.66
1788171832.219,-0.4832,1.5915,0.32,-0.3092,1.6978,-0.34,-0.1545,-0.1027,0.66
1788171832.320,-0.4832,1.5965,0.32,-0.3092,1.7028,-0.34,-0.1545,-0.1027,0.66
1788171832.419,-0.4835,1.6016,0.13,-0.3094,1.7079,-0.53,-0.1545,-0.1027,0.66
1788171832.519,-0.4836,1.6066,-0.43,-0.3095,1.7129,-1.09,-0.1545,-0.1027,0.66
1788171832.619,-0.4834,1.6118,-1.01,-0.3092,1.7181,-1.66,-0.1545,-0.1027,0.66
1788171832.719,-0.4832,1.6167,-1.26,-0.3090,1.7231,-1.92,-0.1545,-0.1027,0.66
1788171832.819,-0.4832,1.6216,-1.27,-0.3089,1.7279,-1.92,-0.1545,-0.1027,0.66
1788171832.919,-0.4832,1.6265,-1.26,-0.3088,1.7328,-1.92,-0.1545,-0.1027,0.66
1788171833.020,-0.4830,1.6315,-1.27,-0.3086,1.7378,-1.92,-0.1545,-0.1027,0.66
1788171833.119,-0.4828,1.6366,-1.28,-0.3083,1.7429,-1.93,-0.1545,-0.1027,0.66
1788171833.219,-0.4826,1.6417,-1.29,-0.3081,1.7480,-1.94,-0.1545,-0.1027,0.66
1788171833.319,-0.4824,1.6468,-1.29,-0.3078,1.7531,-1.95,-0.1545,-0.1027,0.66
1788171833.419,-0.4823,1.6516,-1.29,-0.3076,1.7579,-1.95,-0.1545,-0.1027,0.66
1788171833.519,-0.4822,1.6565,-1.28,-0.3075,1.7628,-1.94,-0.1545,-0.1027,0.66
1788171833.619,-0.4821,1.6615,-1.28,-0.3073,1.7678,-1.94,-0.1545,-0.1027,0.66
1788171833.720,-0.4818,1.6666,-1.27,-0.3070,1.7729,-1.93,-0.1545,-0.1027,0.66
1788171833.820,-0.4815,1.6716,-0.74,-0.3066,1.7779,-1.40,-0.1545,-0.1027,0.66
1788171833.919,-0.4815,1.6767,-0.18,-0.3066,1.7830,-0.84,-0.1545,-0.1027,0.66
1788171834.020,-0.4816,1.6818,0.39,-0.3066,1.7881,-0.27,-0.1545,-0.1027,0.66
1788171834.120,-0.4819,1.6867,0.95,-0.3068,1.7930,0.29,-0.1545,-0.1027,0.66
1788171834.220,-0.4822,1.6918,1.42,-0.3071,1.7981,0.76,-0.1545,-0.1027,0.66
1788171834.319,-0.4823,1.6968,1.42,-0.3071,1.8031,0.76,-0.1545,-0.1027,0.66
1788171834.420,-0.4823,1.7018,1.41,-0.3071,1.8081,0.75,-0.1545,-0.1027,0.66
1788171834.519,-0.4824,1.7067,1.40,-0.3071,1.8130,0.75,-0.1545,-0.1027,0.66
1788171834.619,-0.4825,1.7116,1.39,-0.3071,1.8179,0.74,-0.1545,-0.1027,0.66
1788171834.719,-0.4825,1.7166,1.40,-0.3071,1.8229,0.74,-0.1545,-0.1027,0.66
1788171834.819,-0.4824,1.7217,1.87,-0.3070,1.8280,1.21,-0.1545,-0.1027,0.66
1788171834.919,-0.4826,1.7268,2.43,-0.3071,1.8331,1.78,-0.1545,-0.1027,0.66
1788171835.020,-0.4828,1.7320,3.02,-0.3073,1.8383,2.36,-0.1545,-0.1027,0.66
1788171835.120,-0.4831,1.7369,3.59,-0.3075,1.8432,2.93,-0.1545,-0.1027,0.66
1788171835.220,-0.4836,1.7419,3.68,-0.3079,1.8482,3.02,-0.1545,-0.1027,0.66
1788171835.319,-0.4839,1.7466,3.68,-0.3082,1.8530,3.02,-0.1545,-0.1027,0.66
1788171835.419,-0.4843,1.7516,3.68,-0.3085,1.8579,3.02,-0.1545,-0.1027,0.66
1788171835.519,-0.4846,1.7567,3.68,-0.3088,1.8630,3.03,-0.1545,-0.1027,0.66
1788171835.619,-0.4849,1.7616,3.68,-0.3090,1.8679,3.02,-0.1545,-0.1027,0.66
1788171835.720,-0.4852,1.7666,3.69,-0.3093,1.8730,3.03,-0.1545,-0.1027,0.66
1788171835.819,-0.4856,1.7717,3.68,-0.3095,1.8780,3.02,-0.1545,-0.1027,0.66
1788171835.919,-0.4859,1.7766,3.68,-0.3098,1.8830,3.03,-0.1545,-0.1027,0.66
1788171836.019,-0.4862,1.7815,3.68,-0.3100,1.8879,3.03,-0.1545,-0.1027,0.66
1788171836.119,-0.4865,1.7865,3.69,-0.3103,1.8929,3.03,-0.1545,-0.1027,0.66
1788171836.219,-0.4868,1.7914,3.68,-0.3105,1.8978,3.03,-0.1545,-0.1027,0.66
1788171836.319,-0.4873,1.7965,3.35,-0.3109,1.9029,2.70,-0.1545,-0.1027,0.66
1788171836.420,-0.4875,1.8014,2.91,-0.3111,1.9078,2.25,-0.1545,-0.1027,0.66
1788171836.519,-0.4877,1.8064,2.90,-0.3113,1.9127,2.25,-0.1545,-0.1027,0.66
1788171836.619,-0.4880,1.8113,2.91,-0.3115,1.9177,2.26,-0.1545,-0.1027,0.66
1788171836.719,-0.4885,1.8162,2.50,-0.3119,1.9226,1.84,-0.1545,-0.1027,0.66
1788171836.819,-0.4884,1.8215,2.19,-0.3118,1.9279,1.53,-0.1545,-0.1027,0.66
1788171836.920,-0.4886,1.8265,2.18,-0.3119,1.9329,1.52,-0.1121,-0.0938,2.03
1788171837.020,-0.4926,1.8317,3.43,-0.3121,1.9377,1.40,-0.1121,-0.0938,2.03
1788171837.120,-0.4929,1.8366,2.87,-0.3122,1.9426,0.84,-0.1121,-0.0938,2.03
1788171837.219,-0.4930,1.8417,2.67,-0.3121,1.9478,0.64,-0.1121,-0.0938,2.03
1788171837.320,-0.4932,1.8468,2.65,-0.3121,1.9528,0.62,-0.1121,-0.0938,2.03
1788171837.420,-0.4933,1.8516,2.66,-0.3121,1.9577,0.63,-0.1121,-0.0938,2.03
1788171837.519,-0.4936,1.8566,2.66,-0.3122,1.9626,0.63,-0.1121,-0.0938,2.03
1788171837.619,-0.4939,1.8616,2.66,-0.3123,1.9676,0.63,-0.1121,-0.0938,2.03
1788171837.720,-0.4941,1.8666,2.65,-0.3123,1.9727,0.62,-0.1121,-0.0938,2.03
1788171837.820,-0.4941,1.8717,2.80,-0.3122,1.9778,0.78,-0.1121,-0.0938,2.03
1788171837.919,-0.4944,1.8766,3.36,-0.3123,1.9827,1.33,-0.1121,-0.0938,2.03
1788171838.019,-0.4946,1.8815,3.92,-0.3123,1.9876,1.89,-0.1121,-0.0938,2.03
1788171838.119,-0.4951,1.8867,4.48,-0.3127,1.9928,2.45,-0.1121,-0.0938,2.03
1788171838.219,-0.4954,1.8917,5.05,-0.3128,1.9978,3.02,-0.1121,-0.0938,2.03
1788171838.320,-0.4958,1.8966,5.62,-0.3130,2.0027,3.60,-0.1121,-0.0938,2.03
1788171838.419,-0.4965,1.9016,5.99,-0.3135,2.0078,3.96,-0.1121,-0.0938,2.03
1788171838.520,-0.4970,1.9065,5.99,-0.3139,2.0127,3.96,-0.1121,-0.0938,2.03
1788171838.619,-0.4975,1.9115,5.99,-0.3142,2.0177,3.96,-0.1121,-0.0938,2.03
1788171838.719,-0.4980,1.9165,5.98,-0.3145,2.0227,3.95,-0.1121,-0.0938,2.03
1788171838.820,-0.4986,1.9216,5.97,-0.3149,2.0278,3.94,-0.1121,-0.0938,2.03
1788171838.919,-0.4993,1.9266,5.59,-0.3154,2.0328,3.56,-0.1121,-0.0938,2.03
1788171839.019,-0.4999,1.9315,5.04,-0.3159,2.0377,3.01,-0.1121,-0.0938,2.03
1788171839.119,-0.5004,1.9364,4.50,-0.3162,2.0427,2.47,-0.1121,-0.0938,2.03
1788171839.220,-0.5008,1.9415,3.94,-0.3164,2.0478,1.92,-0.1121,-0.0938,2.03
1788171839.319,-0.5012,1.9464,3.37,-0.3167,2.0527,1.35,-0.1121,-0.0938,2.03
1788171839.419,-0.5014,1.9514,2.80,-0.3167,2.0577,0.78,-0.1121,-0.0938,2.03
1788171839.519,-0.5015,1.9564,2.66,-0.3166,2.0627,0.63,-0.1121,-0.0938,2.03
1788171839.619,-0.5017,1.9613,2.66,-0.3166,2.0676,0.63,-0.1121,-0.0938,2.03
1788171839.719,-0.5019,1.9664,2.65,-0.3167,2.0727,0.63,-0.1121,-0.0938,2.03
1788171839.819,-0.5021,1.9714,2.65,-0.3167,2.0777,0.62,-0.1121,-0.0938,2.03
1788171839.919,-0.5023,1.9764,2.64,-0.3167,2.0827,0.62,-0.1121,-0.0938,2.03
1788171840.019,-0.5025,1.9813,2.65,-0.3167,2.0877,0.62,-0.1121,-0.0938,2.03
1788171840.120,-0.5028,1.9862,2.66,-0.3168,2.0925,0.63,-0.1121,-0.0938,2.03
1788171840.220,-0.5030,1.9912,2.66,-0.3168,2.0976,0.63,-0.1121,-0.0938,2.03
1788171840.320,-0.5029,1.9946,2.67,-0.3167,2.1009,0.64,-0.1121,-0.0938,2.03
1788171840.419,-0.5027,1.9948,3.02,-0.3164,2.1011,0.99,-0.1121,-0.0938,2.03
1788171840.520,-0.5026,1.9950,3.56,-0.3163,2.1013,1.53,-0.1121,-0.0938,2.03
1788171840.620,-0.5026,1.9950,4.13,-0.3163,2.1013,2.10,-0.1121,-0.0938,2.03
1788171840.720,-0.5025,1.9949,4.69,-0.3162,2.1012,2.67,-0.1121,-0.0938,2.03
1788171840.820,-0.5027,1.9948,5.26,-0.3164,2.1011,3.23,-0.1121,-0.0938,2.03
1788171840.920,-0.5027,1.9946,5.82,-0.3165,2.1009,3.79,-0.1121,-0.0938,2.03
1788171841.020,-0.5026,1.9947,6.28,-0.3163,2.1010,4.25,-0.1121,-0.0938,2.03
1788171841.120,-0.5028,1.9950,6.11,-0.3165,2.1013,4.08,-0.1121,-0.0938,2.03
1788171841.220,-0.5029,1.9952,5.56,-0.3166,2.1015,3.53,-0.1121,-0.0938,2.03
1788171841.320,-0.5029,1.9954,5.00,-0.3166,2.1017,2.97,-0.1121,-0.0938,2.03
1788171841.419,-0.5028,1.9952,4.44,-0.3165,2.1015,2.41,-0.1121,-0.0938,2.03
1788171841.519,-0.5029,1.9948,3.86,-0.3166,2.1011,1.83,-0.1121,-0.0938,2.03
1788171841.619,-0.5030,1.9947,3.28,-0.3167,2.1010,1.26,-0.1121,-0.0938,2.03
1788171841.719,-0.5030,1.9948,2.72,-0.3167,2.1011,0.69,-0.1121,-0.0938,2.03
1788171841.819,-0.5029,1.9967,2.48,-0.3165,2.1031,0.46,-0.1121,-0.0938,2.03
1788171841.920,-0.5032,2.0018,2.49,-0.3166,2.1081,0.47,-0.1121,-0.0938,2.03
1788171842.019,-0.5033,2.0071,2.49,-0.3166,2.1135,0.46,-0.1121,-0.0938,2.03
1788171842.119,-0.5035,2.0124,2.49,-0.3166,2.1188,0.46,-0.1121,-0.0938,2.03
1788171842.220,-0.5037,2.0175,2.50,-0.3167,2.1239,0.47,-0.1121,-0.0938,2.03
1788171842.319,-0.5039,2.0226,2.50,-0.3167,2.1289,0.47,-0.1121,-0.0938,2.03
1788171842.419,-0.5042,2.0277,2.49,-0.3168,2.1340,0.46,-0.1121,-0.0938,2.03
1788171842.520,-0.5074,2.0303,2.49,-0.3198,2.1368,0.47,-0.1121,-0.0938,2.03
1788171842.620,-0.5117,2.0305,2.49,-0.3241,2.1371,0.46,-0.1121,-0.0938,2.03
1788171842.719,-0.5161,2.0300,2.48,-0.3286,2.1367,0.45,-0.1121,-0.0938,2.03
1788171842.819,-0.5205,2.0293,2.48,-0.3330,2.1363,0.45,-0.1121,-0.0938,2.03
1788171842.919,-0.5253,2.0289,2.47,-0.3378,2.1359,0.44,-0.1121,-0.0938,2.03
1788171843.019,-0.5299,2.0285,2.46,-0.3424,2.1357,0.43,-0.1121,-0.0938,2.03
1788171843.119,-0.5344,2.0284,2.44,-0.3469,2.1358,0.41,-0.1121,-0.0938,2.03
1788171843.219,-0.5388,2.0283,2.43,-0.3513,2.1359,0.41,-0.1121,-0.0938,2.03
1788171843.319,-0.5432,2.0281,2.44,-0.3557,2.1358,0.41,-0.1121,-0.0938,2.03
1788171843.419,-0.5479,2.0277,2.44,-0.3604,2.1356,0.41,-0.1121,-0.0938,2.03
1788171843.519,-0.5507,2.0274,2.46,-0.3633,2.1354,0.43,-0.1121,-0.0938,2.03
1788171843.619,-0.5508,2.0274,2.46,-0.3633,2.1353,0.44,-0.1121,-0.0938,2.03
1788171843.720,-0.5508,2.0274,2.46,-0.3633,2.1353,0.44,-0.1121,-0.0938,2.03
1788171843.819,-0.5493,2.0274,2.50,-0.3619,2.1353,0.48,-0.1121,-0.0938,2.03
1788171843.920,-0.5447,2.0275,2.51,-0.3572,2.1353,0.48,-0.1121,-0.0938,2.03
1788171844.019,-0.5405,2.0276,2.50,-0.3530,2.1352,0.47,-0.1121,-0.0938,2.03
1788171844.119,-0.5360,2.0278,2.49,-0.3486,2.1353,0.46,-0.1121,-0.0938,2.03
1788171844.220,-0.5314,2.0280,2.49,-0.3439,2.1353,0.46,-0.1121,-0.0938,2.03
1788171844.319,-0.5267,2.0283,2.49,-0.3392,2.1354,0.46,-0.1121,-0.0938,2.03
1788171844.419,-0.5220,2.0286,2.48,-0.3345,2.1356,0.45,-0.1121,-0.0938,2.03
1788171844.519,-0.5174,2.0288,2.48,-0.3299,2.1356,0.45,-0.1121,-0.0938,2.03
1788171844.620,-0.5129,2.0288,2.47,-0.3254,2.1355,0.44,-0.1121,-0.0938,2.03
1788171844.719,-0.5085,2.0289,2.47,-0.3210,2.1354,0.44,-0.1121,-0.0938,2.03
1788171844.819,-0.5051,2.0321,2.46,-0.3175,2.1385,0.43,-0.1121,-0.0938,2.03
1788171844.919,-0.5020,2.0362,2.47,-0.3142,2.1425,0.44,-0.1121,-0.0938,2.03
1788171845.019,-0.4991,2.0399,2.49,-0.3112,2.1461,0.47,-0.1121,-0.0938,2.03
1788171845.119,-0.4950,2.0404,2.51,-0.3071,2.1465,0.48,-0.1121,-0.0938,2.03
1788171845.219,-0.4906,2.0404,2.51,-0.3027,2.1462,0.48,-0.1121,-0.0938,2.03
1788171845.319,-0.4861,2.0404,2.51,-0.2982,2.1461,0.48,-0.1121,-0.0938,2.03
1788171845.419,-0.4816,2.0415,2.51,-0.2936,2.1470,0.48,-0.1121,-0.0938,2.03
1788171845.520,-0.4782,2.0453,2.50,-0.2902,2.1507,0.47,-0.1121,-0.0938,2.03
1788171845.620,-0.4755,2.0494,2.50,-0.2873,2.1547,0.47,-0.1121,-0.0938,2.03
1788171845.719,-0.4728,2.0531,2.49,-0.2845,2.1583,0.46,-0.1121,-0.0938,2.03
1788171845.819,-0.4693,2.0552,2.50,-0.2809,2.1603,0.47,-0.1121,-0.0938,2.03
1788171845.919,-0.4647,2.0556,2.50,-0.2763,2.1605,0.47,-0.1121,-0.0938,2.03
1788171846.020,-0.4600,2.0559,2.49,-0.2716,2.1607,0.46,-0.1121,-0.0938,2.03
1788171846.119,-0.4553,2.0562,2.48,-0.2669,2.1608,0.45,-0.1121,-0.0938,2.03
1788171846.219,-0.4508,2.0561,2.49,-0.2624,2.1606,0.46,-0.1121,-0.0938,2.03
1788171846.319,-0.4463,2.0561,2.49,-0.2579,2.1604,0.47,-0.1121,-0.0938,2.03
1788171846.419,-0.4419,2.0561,2.50,-0.2535,2.1602,0.47,-0.1121,-0.0938,2.03
1788171846.519,-0.4373,2.0564,2.51,-0.2489,2.1604,0.48,-0.1121,-0.0938,2.03
1788171846.620,-0.4326,2.0567,2.50,-0.2442,2.1605,0.47,-0.1121,-0.0938,2.03
1788171846.720,-0.4278,2.0572,2.49,-0.2394,2.1608,0.46,-0.1121,-0.0938,2.03
1788171846.819,-0.4231,2.0575,2.49,-0.2347,2.1609,0.47,-0.1121,-0.0938,2.03
1788171846.919,-0.4186,2.0575,2.51,-0.2302,2.1608,0.48,-0.1121,-0.0938,2.03
1788171847.019,-0.4142,2.0575,2.50,-0.2257,2.1606,0.48,-0.1121,-0.0938,2.03
1788171847.119,-0.4096,2.0577,2.51,-0.2212,2.1607,0.48,-0.1121,-0.0938,2.03
1788171847.219,-0.4050,2.0579,2.50,-0.2166,2.1607,0.47,-0.1121,-0.0938,2.03
1788171847.320,-0.4003,2.0582,2.50,-0.2118,2.1608,0.47,-0.1121,-0.0938,2.03
1788171847.420,-0.3957,2.0583,2.50,-0.2072,2.1607,0.48,-0.1121,-0.0938,2.03
1788171847.519,-0.3911,2.0584,2.52,-0.2026,2.1608,0.49,-0.1121,-0.0938,2.03
1788171847.619,-0.3866,2.0586,2.51,-0.1981,2.1607,0.49,-0.1121,-0.0938,2.03
1788171847.719,-0.3820,2.0588,2.51,-0.1935,2.1608,0.49,-0.1121,-0.0938,2.03
1788171847.819,-0.3773,2.0591,2.51,-0.1888,2.1609,0.48,-0.1121,-0.0938,2.03
1788171847.920,-0.3725,2.0594,2.50,-0.1841,2.1611,0.48,-0.1121,-0.0938,2.03
1788171848.020,-0.3679,2.0596,2.50,-0.1794,2.1611,0.47,-0.1121,-0.0938,2.03
1788171848.120,-0.3633,2.0597,2.50,-0.1748,2.1610,0.47,-0.1121,-0.0938,2.03
1788171848.220,-0.3589,2.0596,2.50,-0.1704,2.1607,0.47,-0.1121,-0.0938,2.03
1788171848.319,-0.3547,2.0607,2.49,-0.1662,2.1618,0.46,-0.1121,-0.0938,2.03
1788171848.419,-0.3515,2.0645,2.49,-0.1629,2.1654,0.47,-0.1121,-0.0938,2.03
1788171848.520,-0.3486,2.0687,2.48,-0.1598,2.1695,0.45,-0.1121,-0.0938,2.03
1788171848.619,-0.3454,2.0716,2.51,-0.1565,2.1723,0.48,-0.1121,-0.0938,2.03
1788171848.720,-0.3410,2.0718,2.50,-0.1521,2.1723,0.48,-0.1121,-0.0938,2.03
1788171848.820,-0.3366,2.0717,2.50,-0.1477,2.1721,0.47,-0.1121,-0.0938,2.03
1788171848.919,-0.3333,2.0748,2.48,-0.1443,2.1751,0.46,-0.1434,-0.1439,2.00
1788171849.019,-0.3492,2.0475,2.48,-0.1410,2.1793,0.47,-0.1434,-0.1439,2.00
1788171849.119,-0.3573,2.0332,2.48,-0.1379,2.1832,0.48,-0.1434,-0.1439,2.00
1788171849.219,-0.3544,2.0368,2.48,-0.1348,2.1867,0.48,-0.1434,-0.1439,2.00
1788171849.319,-0.3514,2.0404,2.49,-0.1317,2.1903,0.50,-0.1434,-0.1439,2.00
1788171849.420,-0.3483,2.0442,2.50,-0.1285,2.1939,0.50,-0.1434,-0.1439,2.00
1788171849.520,-0.3451,2.0480,2.49,-0.1252,2.1976,0.50,-0.1434,-0.1439,2.00
1788171849.619,-0.3422,2.0515,2.49,-0.1221,2.2011,0.49,-0.1434,-0.1439,2.00
1788171849.719,-0.3393,2.0550,2.49,-0.1191,2.2044,0.49,-0.1434,-0.1439,2.00
1788171849.820,-0.3362,2.0586,2.48,-0.1159,2.2079,0.49,-0.1434,-0.1439,2.00
1788171849.920,-0.3329,2.0625,2.48,-0.1125,2.2117,0.48,-0.1434,-0.1439,2.00
1788171850.020,-0.3298,2.0663,2.48,-0.1092,2.2154,0.48,-0.1434,-0.1439,2.00
1788171850.120,-0.3268,2.0698,2.48,-0.1061,2.2188,0.48,-0.1434,-0.1439,2.00
1788171850.220,-0.3236,2.0725,2.49,-0.1028,2.2213,0.50,-0.1434,-0.1439,2.00
1788171850.319,-0.3192,2.0728,2.50,-0.0984,2.2215,0.50,-0.1434,-0.1439,2.00
1788171850.420,-0.3145,2.0730,2.49,-0.0938,2.2215,0.49,-0.1434,-0.1439,2.00
1788171850.520,-0.3098,2.0732,2.49,-0.0890,2.2216,0.49,-0.1434,-0.1439,2.00
1788171850.620,-0.3052,2.0732,2.50,-0.0844,2.2214,0.50,-0.1434,-0.1439,2.00
1788171850.720,-0.3008,2.0732,2.49,-0.0800,2.2213,0.49,-0.1434,-0.1439,2.00
1788171850.820,-0.2964,2.0733,2.48,-0.0756,2.2212,0.48,-0.1434,-0.1439,2.00
1788171850.920,-0.2919,2.0734,2.49,-0.0711,2.2211,0.49,-0.1434,-0.1439,2.00
1788171851.019,-0.2872,2.0737,2.50,-0.0664,2.2213,0.50,-0.1434,-0.1439,2.00
1788171851.119,-0.2825,2.0741,2.50,-0.0617,2.2215,0.50,-0.1434,-0.1439,2.00
1788171851.219,-0.2778,2.0743,2.52,-0.0570,2.2216,0.52,-0.1434,-0.1439,2.00
1788171851.319,-0.2732,2.0744,2.53,-0.0524,2.2215,0.53,-0.1434,-0.1439,2.00
1788171851.420,-0.2687,2.0745,2.51,-0.0478,2.2215,0.51,-0.1434,-0.1439,2.00
1788171851.520,-0.2641,2.0747,2.50,-0.0433,2.2214,0.50,-0.1434,-0.1439,2.00
1788171851.619,-0.2594,2.0749,2.50,-0.0386,2.2215,0.50,-0.1434,-0.1439,2.00
1788171851.719,-0.2548,2.0753,2.49,-0.0339,2.2217,0.49,-0.1434,-0.1439,2.00
1788171851.819,-0.2500,2.0759,2.51,-0.0292,2.2222,0.51,-0.1434,-0.1439,2.00
1788171851.919,-0.2470,2.0793,2.52,-0.0260,2.2255,0.53,-0.1434,-0.1439,2.00
1788171852.019,-0.2439,2.0829,2.51,-0.0228,2.2290,0.51,-0.1434,-0.1439,2.00
1788171852.119,-0.2412,2.0871,2.52,-0.0200,2.2331,0.52,-0.1434,-0.1439,2.00
1788171852.219,-0.2374,2.0891,2.53,-0.0161,2.2349,0.53,-0.1434,-0.1439,2.00
1788171852.319,-0.2328,2.0893,2.53,-0.0115,2.2350,0.54,-0.1434,-0.1439,2.00
1788171852.419,-0.2283,2.0893,2.54,-0.0069,2.2348,0.54,-0.1434,-0.1439,2.00
1788171852.519,-0.2238,2.0892,2.52,-0.0025,2.2346,0.52,-0.1434,-0.1439,2.00
1788171852.619,-0.2193,2.0892,2.51,0.0020,2.2344,0.51,-0.1434,-0.1439,2.00
1788171852.719,-0.2147,2.0895,2.52,0.0066,2.2345,0.53,-0.1434,-0.1439,2.00
1788171852.820,-0.2100,2.0898,2.54,0.0113,2.2347,0.54,-0.1434,-0.1439,2.00
1788171852.919,-0.2052,2.0901,2.54,0.0161,2.2348,0.54,-0.1434,-0.1439,2.00
1788171853.019,-0.2006,2.0903,2.55,0.0207,2.2349,0.55,-0.1434,-0.1439,2.00
1788171853.120,-0.1961,2.0905,2.54,0.0252,2.2348,0.54,-0.1434,-0.1439,2.00
1788171853.220,-0.1916,2.0905,2.53,0.0297,2.2347,0.53,-0.1434,-0.1439,2.00
1788171853.320,-0.1870,2.0907,2.53,0.0343,2.2348,0.53,-0.1434,-0.1439,2.00
1788171853.420,-0.1831,2.0930,2.53,0.0383,2.2369,0.53,-0.1434,-0.1439,2.00
1788171853.520,-0.1796,2.0959,2.55,0.0419,2.2398,0.55,-0.1434,-0.1439,2.00
1788171853.619,-0.1753,2.0966,2.57,0.0462,2.2403,0.57,-0.1434,-0.1439,2.00
1788171853.719,-0.1707,2.0963,2.56,0.0508,2.2398,0.56,-0.1434,-0.1439,2.00
1788171853.819,-0.1664,2.0964,2.55,0.0551,2.2398,0.55,-0.1434,-0.1439,2.00
1788171853.919,-0.1619,2.0966,2.55,0.0596,2.2398,0.55,-0.1434,-0.1439,2.00
1788171854.019,-0.1572,2.0969,2.56,0.0643,2.2399,0.56,-0.1434,-0.1439,2.00
1788171854.120,-0.1524,2.0973,2.54,0.0692,2.2402,0.55,-0.1434,-0.1439,2.00
1788171854.219,-0.1477,2.0976,2.57,0.0739,2.2403,0.57,-0.1434,-0.1439,2.00
1788171854.319,-0.1432,2.0977,2.56,0.0784,2.2402,0.56,-0.1434,-0.1439,2.00
1788171854.419,-0.1388,2.0977,2.55,0.0828,2.2401,0.55,-0.1434,-0.1439,2.00
1788171854.520,-0.1342,2.0979,2.55,0.0873,2.2401,0.55,-0.1434,-0.1439,2.00
1788171854.620,-0.1295,2.0981,2.55,0.0920,2.2402,0.55,-0.1434,-0.1439,2.00
1788171854.720,-0.1247,2.0985,2.54,0.0969,2.2404,0.54,-0.1434,-0.1439,2.00
1788171854.819,-0.1200,2.0990,2.54,0.1016,2.2407,0.54,-0.1434,-0.1439,2.00
1788171854.920,-0.1154,2.0990,2.55,0.1061,2.2406,0.55,-0.1434,-0.1439,2.00
1788171855.019,-0.1111,2.0991,2.54,0.1105,2.2405,0.54,-0.1434,-0.1439,2.00
1788171855.119,-0.1066,2.0992,2.54,0.1150,2.2404,0.54,-0.1434,-0.1439,2.00
1788171855.219,-0.1020,2.0993,2.54,0.1196,2.2404,0.54,-0.1434,-0.1439,2.00
1788171855.319,-0.0973,2.0997,2.55,0.1243,2.2407,0.55,-0.1434,-0.1439,2.00
1788171855.419,-0.0925,2.1001,2.54,0.1291,2.2409,0.54,-0.1434,-0.1439,2.00
1788171855.520,-0.0878,2.1004,2.54,0.1338,2.2410,0.54,-0.1434,-0.1439,2.00
1788171855.619,-0.0833,2.1003,2.55,0.1383,2.2408,0.55,-0.1434,-0.1439,2.00
1788171855.719,-0.0789,2.1006,2.54,0.1427,2.2409,0.54,-0.1434,-0.1439,2.00
1788171855.819,-0.0745,2.1008,2.53,0.1471,2.2409,0.53,-0.1434,-0.1439,2.00
1788171855.919,-0.0698,2.1011,2.54,0.1518,2.2411,0.54,-0.1434,-0.1439,2.00
1788171856.019,-0.0652,2.1013,2.54,0.1564,2.2411,0.54,-0.1434,-0.1439,2.00
1788171856.119,-0.0606,2.1014,2.55,0.1611,2.2411,0.55,-0.1434,-0.1439,2.00
1788171856.220,-0.0559,2.1014,2.55,0.1657,2.2409,0.55,-0.1434,-0.1439,2.00
1788171856.319,-0.0513,2.1016,2.55,0.1703,2.2410,0.55,-0.1434,-0.1439,2.00
1788171856.419,-0.0468,2.1019,2.55,0.1748,2.2411,0.55,-0.1434,-0.1439,2.00
1788171856.519,-0.0422,2.1022,2.55,0.1794,2.2412,0.55,-0.1434,-0.1439,2.00
1788171856.619,-0.0376,2.1025,2.54,0.1840,2.2414,0.54,-0.1434,-0.1439,2.00
1788171856.719,-0.0329,2.1028,2.53,0.1887,2.2414,0.54,-0.1434,-0.1439,2.00
1788171856.819,-0.0283,2.1028,2.55,0.1933,2.2413,0.55,-0.1434,-0.1439,2.00
1788171856.920,-0.0238,2.1028,2.54,0.1978,2.2411,0.54,-0.1434,-0.1439,2.00
1788171857.019,-0.0194,2.1029,2.53,0.2022,2.2411,0.53,-0.1434,-0.1439,2.00
1788171857.120,-0.0149,2.1031,2.54,0.2067,2.2412,0.54,-0.1497,-0.0820,1.17
1788171857.220,0.0083,2.1459,1.95,0.2114,2.2413,0.54,-0.1497,-0.0820,1.17
1788171857.320,0.0206,2.1636,1.70,0.2161,2.2416,0.53,-0.1497,-0.0820,1.17
1788171857.420,0.0252,2.1638,1.72,0.2208,2.2418,0.55,-0.1497,-0.0820,1.17
1788171857.520,0.0296,2.1638,1.74,0.2252,2.2417,0.57,-0.1497,-0.0820,1.17
1788171857.620,0.0341,2.1638,1.72,0.2297,2.2416,0.55,-0.1497,-0.0820,1.17
1788171857.720,0.0386,2.1639,1.72,0.2341,2.2416,0.55,-0.1497,-0.0820,1.17
1788171857.820,0.0432,2.1641,1.72,0.2388,2.2417,0.55,-0.1497,-0.0820,1.17
1788171857.920,0.0479,2.1643,1.71,0.2434,2.2418,0.54,-0.1497,-0.0820,1.17
1788171858.019,0.0528,2.1646,1.71,0.2484,2.2420,0.54,-0.1497,-0.0820,1.17
1788171858.119,0.0574,2.1646,1.73,0.2530,2.2420,0.56,-0.1497,-0.0820,1.17
1788171858.220,0.0619,2.1647,1.72,0.2575,2.2419,0.55,-0.1497,-0.0820,1.17
1788171858.319,0.0658,2.1665,1.70,0.2614,2.2436,0.53,-0.1497,-0.0820,1.17
1788171858.419,0.0660,2.1714,1.69,0.2617,2.2486,0.52,-0.1497,-0.0820,1.17
1788171858.519,0.0659,2.1768,1.69,0.2617,2.2539,0.52,-0.1497,-0.0820,1.17
1788171858.619,0.0658,2.1822,1.69,0.2617,2.2593,0.52,-0.1497,-0.0820,1.17
1788171858.719,0.0656,2.1875,1.70,0.2617,2.2646,0.53,-0.1497,-0.0820,1.17
1788171858.819,0.0653,2.1923,1.68,0.2615,2.2694,0.51,-0.1497,-0.0820,1.17
1788171858.920,0.0651,2.1972,1.68,0.2613,2.2744,0.51,-0.1497,-0.0820,1.17
1788171859.020,0.0653,2.2024,1.69,0.2617,2.2795,0.52,-0.1497,-0.0820,1.17
1788171859.119,0.0681,2.2066,1.69,0.2645,2.2836,0.52,-0.1497,-0.0820,1.17
1788171859.219,0.0707,2.2108,1.70,0.2672,2.2879,0.53,-0.1497,-0.0820,1.17
1788171859.320,0.0736,2.2143,1.70,0.2702,2.2913,0.53,-0.1497,-0.0820,1.17
1788171859.419,0.0765,2.2178,1.70,0.2732,2.2947,0.53,-0.1497,-0.0820,1.17
1788171859.519,0.0788,2.2216,1.69,0.2756,2.2984,0.52,-0.1497,-0.0820,1.17
1788171859.620,0.0787,2.2269,1.69,0.2756,2.3038,0.52,-0.1497,-0.0820,1.17
1788171859.720,0.0786,2.2322,1.69,0.2756,2.3090,0.52,-0.1497,-0.0820,1.17
1788171859.819,0.0784,2.2374,1.69,0.2755,2.3143,0.52,-0.1497,-0.0820,1.17
1788171859.919,0.0781,2.2424,1.68,0.2753,2.3192,0.51,-0.1497,-0.0820,1.17
1788171860.019,0.0778,2.2472,1.67,0.2751,2.3241,0.50,-0.1497,-0.0820,1.17
1788171860.119,0.0777,2.2523,1.67,0.2751,2.3292,0.50,-0.1497,-0.0820,1.17
1788171860.219,0.0776,2.2575,1.68,0.2751,2.3343,0.51,-0.1497,-0.0820,1.17
1788171860.320,0.0775,2.2626,1.68,0.2751,2.3394,0.51,-0.1497,-0.0820,1.17
1788171860.419,0.0774,2.2677,1.68,0.2751,2.3446,0.51,-0.1497,-0.0820,1.17
1788171860.519,0.0771,2.2728,1.59,0.2749,2.3497,0.42,-0.1497,-0.0820,1.17
1788171860.619,0.0768,2.2776,1.04,0.2747,2.3545,-0.13,-0.1497,-0.0820,1.17
1788171860.719,0.0766,2.2828,0.47,0.2746,2.3597,-0.70,-0.1497,-0.0820,1.17
1788171860.819,0.0766,2.2878,-0.08,0.2747,2.3647,-1.25,-0.1497,-0.0820,1.17
1788171860.919,0.0768,2.2927,-0.66,0.2750,2.3696,-1.83,-0.1497,-0.0820,1.17
1788171861.020,0.0767,2.2978,-1.23,0.2750,2.3747,-2.40,-0.1497,-0.0820,1.17
1788171861.119,0.0770,2.3029,-1.70,0.2754,2.3798,-2.87,-0.1497,-0.0820,1.17
1788171861.219,0.0772,2.3078,-1.70,0.2757,2.3847,-2.87,-0.1497,-0.0820,1.17
1788171861.319,0.0774,2.3127,-1.70,0.2760,2.3896,-2.87,-0.1497,-0.0820,1.17
1788171861.419,0.0776,2.3177,-1.69,0.2763,2.3946,-2.86,-0.1497,-0.0820,1.17
1788171861.519,0.0778,2.3226,-1.69,0.2766,2.3995,-2.86,-0.1497,-0.0820,1.17
1788171861.619,0.0780,2.3277,-1.69,0.2769,2.4045,-2.86,-0.1497,-0.0820,1.17
1788171861.719,0.0782,2.3326,-1.69,0.2772,2.4094,-2.86,-0.1497,-0.0820,1.17
1788171861.819,0.0784,2.3374,-1.68,0.2775,2.4143,-2.85,-0.1497,-0.0820,1.17
1788171861.919,0.0786,2.3424,-1.69,0.2778,2.4192,-2.86,-0.1497,-0.0820,1.17
1788171862.019,0.0787,2.3474,-1.69,0.2780,2.4242,-2.86,-0.1497,-0.0820,1.17
1788171862.119,0.0789,2.3524,-1.70,0.2783,2.4292,-2.87,-0.1497,-0.0820,1.17
1788171862.219,0.0790,2.3574,-1.70,0.2786,2.4343,-2.87,-0.1497,-0.0820,1.17
1788171862.320,0.0791,2.3623,-1.70,0.2787,2.4392,-2.87,-0.1497,-0.0820,1.17
1788171862.420,0.0790,2.3673,-2.15,0.2787,2.4442,-3.33,-0.1497,-0.0820,1.17
1788171862.519,0.0794,2.3726,-2.30,0.2792,2.4494,-3.47,-0.1497,-0.0820,1.17
1788171862.620,0.0796,2.3774,-2.30,0.2795,2.4542,-3.47,-0.1497,-0.0820,1.17
1788171862.719,0.0798,2.3825,-2.30,0.2799,2.4593,-3.47,-0.1497,-0.0820,1.17
1788171862.820,0.0801,2.3875,-2.30,0.2803,2.4643,-3.47,-0.1497,-0.0820,1.17
1788171862.919,0.0804,2.3925,-2.30,0.2806,2.4693,-3.47,-0.1497,-0.0820,1.17
1788171863.020,0.0805,2.3972,-2.28,0.2808,2.4740,-3.45,-0.1497,-0.0820,1.17
1788171863.120,0.0806,2.4021,-2.28,0.2811,2.4789,-3.45,-0.1497,-0.0820,1.17
1788171863.219,0.0808,2.4071,-2.29,0.2813,2.4839,-3.46,-0.1497,-0.0820,1.17
1788171863.319,0.0811,2.4122,-2.30,0.2817,2.4890,-3.47,-0.1497,-0.0820,1.17
1788171863.419,0.0813,2.4174,-2.31,0.2820,2.4942,-3.48,-0.1497,-0.0820,1.17
1788171863.519,0.0816,2.4225,-2.32,0.2824,2.4993,-3.49,-0.1497,-0.0820,1.17
1788171863.619,0.0817,2.4274,-2.32,0.2827,2.5042,-3.49,-0.1497,-0.0820,1.17
1788171863.720,0.0819,2.4322,-2.29,0.2829,2.5089,-3.46,-0.1497,-0.0820,1.17
1788171863.820,0.0818,2.4371,-2.70,0.2830,2.5139,-3.87,-0.1497,-0.0820,1.17
1788171863.919,0.0822,2.4427,-3.27,0.2835,2.5194,-4.44,-0.1497,-0.0820,1.17
1788171864.019,0.0823,2.4478,-3.84,0.2837,2.5245,-5.01,-0.1497,-0.0820,1.17
1788171864.119,0.0826,2.4527,-4.41,0.2841,2.5295,-5.58,-0.1497,-0.0820,1.17
1788171864.219,0.0830,2.4577,-4.98,0.2845,2.5345,-6.15,-0.1497,-0.0820,1.17
1788171864.320,0.0833,2.4628,-5.54,0.2850,2.5395,-6.71,-0.1497,-0.0820,1.17
1788171864.420,0.0837,2.4677,-6.10,0.2855,2.5445,-7.27,-0.1497,-0.0820,1.17
1788171864.519,0.0841,2.4727,-6.67,0.2860,2.5494,-7.85,-0.1497,-0.0820,1.17
1788171864.619,0.0847,2.4778,-7.24,0.2867,2.5545,-8.42,-0.1497,-0.0820,1.17
1788171864.719,0.0852,2.4827,-7.81,0.2873,2.5594,-8.98,-0.1497,-0.0820,1.17
1788171864.819,0.0858,2.4877,-8.37,0.2880,2.5643,-9.55,-0.1497,-0.0820,1.17
1788171864.920,0.0866,2.4926,-8.95,0.2889,2.5692,-10.12,-0.1497,-0.0820,1.17
1788171865.019,0.0875,2.4976,-9.37,0.2899,2.5742,-10.54,-0.1497,-0.0820,1.17
1788171865.120,0.0885,2.5023,-9.37,0.2909,2.5789,-10.54,-0.1497,-0.0820,1.17
1788171865.219,0.0894,2.5071,-9.37,0.2920,2.5837,-10.54,-0.1497,-0.0820,1.17
1788171865.319,0.0903,2.5119,-9.38,0.2930,2.5884,-10.55,-0.1497,-0.0820,1.17
1788171865.419,0.0912,2.5169,-9.57,0.2939,2.5934,-10.74,-0.4605,0.0070,-1.86
1788171865.519,-0.0597,2.5857,-12.78,0.2948,2.5984,-11.31,-0.4605,0.0070,-1.86
1788171865.619,-0.0805,2.5993,-13.74,0.2957,2.6033,-11.88,-0.4605,0.0070,-1.86
1788171865.720,-0.0793,2.6042,-14.31,0.2968,2.6082,-12.46,-0.4605,0.0070,-1.86
1788171865.820,-0.0781,2.6091,-14.88,0.2978,2.6132,-13.03,-0.4605,0.0070,-1.86
1788171865.919,-0.0769,2.6139,-15.45,0.2989,2.6180,-13.59,-0.4605,0.0070,-1.86
1788171866.019,-0.0755,2.6187,-16.02,0.3002,2.6228,-14.16,-0.4605,0.0070,-1.86
1788171866.119,-0.0739,2.6236,-16.61,0.3015,2.6278,-14.75,-0.4605,0.0070,-1.86
1788171866.220,-0.0727,2.6285,-17.17,0.3026,2.6327,-15.31,-0.4605,0.0070,-1.86
1788171866.320,-0.0712,2.6332,-17.73,0.3039,2.6374,-15.87,-0.4605,0.0070,-1.86
1788171866.420,-0.0693,2.6379,-18.22,0.3057,2.6422,-16.36,-0.4605,0.0070,-1.86
1788171866.520,-0.0676,2.6426,-18.23,0.3072,2.6470,-16.38,-0.4605,0.0070,-1.86
1788171866.619,-0.0659,2.6473,-18.23,0.3088,2.6517,-16.38,-0.4605,0.0070,-1.86
1788171866.720,-0.0644,2.6519,-18.23,0.3101,2.6564,-16.37,-0.4605,0.0070,-1.86
1788171866.820,-0.0627,2.6566,-18.23,0.3116,2.6611,-16.37,-0.4605,0.0070,-1.86
1788171866.920,-0.0611,2.6615,-18.22,0.3131,2.6660,-16.37,-0.4605,0.0070,-1.86
1788171867.019,-0.0594,2.6663,-18.22,0.3146,2.6709,-16.36,-0.4605,0.0070,-1.86
1788171867.120,-0.0579,2.6708,-18.21,0.3160,2.6754,-16.36,-0.4605,0.0070,-1.86
1788171867.219,-0.0564,2.6753,-18.19,0.3174,2.6800,-16.34,-0.4605,0.0070,-1.86
1788171867.319,-0.0548,2.6798,-18.19,0.3188,2.6846,-16.33,-0.4605,0.0070,-1.86
1788171867.419,-0.0532,2.6846,-18.19,0.3202,2.6894,-16.33,-0.4605,0.0070,-1.86
1788171867.519,-0.0516,2.6895,-18.20,0.3217,2.6943,-16.34,-0.4605,0.0070,-1.86
1788171867.619,-0.0500,2.6944,-18.19,0.3232,2.6993,-16.34,-0.4605,0.0070,-1.86
1788171867.719,-0.0484,2.6992,-18.21,0.3246,2.7042,-16.35,-0.4605,0.0070,-1.86
1788171867.820,-0.0469,2.7038,-18.20,0.3260,2.7088,-16.35,-0.4605,0.0070,-1.86
1788171867.919,-0.0441,2.7073,-18.18,0.3286,2.7124,-16.32,-0.4605,0.0070,-1.86
1788171868.019,-0.0401,2.7097,-18.17,0.3326,2.7149,-16.32,-0.4605,0.0070,-1.86
1788171868.119,-0.0371,2.7133,-18.18,0.3354,2.7186,-16.32,-0.4605,0.0070,-1.86
1788171868.219,-0.0355,2.7182,-18.19,0.3369,2.7236,-16.34,-0.4605,0.0070,-1.86
1788171868.319,-0.0327,2.7223,-18.16,0.3395,2.7277,-16.31,-0.4605,0.0070,-1.86
1788171868.419,-0.0292,2.7251,-18.15,0.3429,2.7306,-16.29,-0.4605,0.0070,-1.86
1788171868.520,-0.0252,2.7274,-18.14,0.3468,2.7331,-16.28,-0.4605,0.0070,-1.86
1788171868.620,-0.0210,2.7298,-18.13,0.3510,2.7356,-16.27,-0.4605,0.0070,-1.86
1788171868.720,-0.0174,2.7326,-18.15,0.3545,2.7386,-16.29,-0.4605,0.0070,-1.86
1788171868.819,-0.0149,2.7367,-18.13,0.3569,2.7427,-16.28,-0.4605,0.0070,-1.86
1788171868.920,-0.0113,2.7392,-18.14,0.3604,2.7454,-16.29,-0.4605,0.0070,-1.86
1788171869.019,-0.0072,2.7416,-18.14,0.3644,2.7479,-16.29,-0.4605,0.0070,-1.86
1788171869.120,-0.0028,2.7440,-18.14,0.3687,2.7504,-16.29,-0.4605,0.0070,-1.86
1788171869.220,0.0000,2.7477,-18.15,0.3714,2.7542,-16.30,-0.4605,0.0070,-1.86
1788171869.320,0.0014,2.7524,-18.15,0.3726,2.7590,-16.29,-0.4605,0.0070,-1.86
1788171869.419,0.0027,2.7572,-18.15,0.3737,2.7638,-16.29,-0.4605,0.0070,-1.86
1788171869.519,0.0040,2.7622,-18.24,0.3749,2.7688,-16.38,-0.4605,0.0070,-1.86
1788171869.619,0.0055,2.7671,-18.81,0.3762,2.7738,-16.95,-0.4605,0.0070,-1.86
1788171869.719,0.0074,2.7724,-19.38,0.3780,2.7791,-17.53,-0.4605,0.0070,-1.86
1788171869.820,0.0092,2.7772,-19.85,0.3796,2.7840,-17.99,-0.4605,0.0070,-1.86
1788171869.920,0.0110,2.7818,-19.85,0.3813,2.7886,-17.99,-0.4605,0.0070,-1.86
1788171870.019,0.0129,2.7866,-19.86,0.3830,2.7935,-18.00,-0.4605,0.0070,-1.86
1788171870.119,0.0153,2.7912,-19.84,0.3853,2.7982,-17.99,-0.4605,0.0070,-1.86
1788171870.219,0.0194,2.7938,-19.84,0.3893,2.8009,-17.98,-0.4605,0.0070,-1.86
1788171870.319,0.0233,2.7960,-19.81,0.3931,2.8032,-17.96,-0.4605,0.0070,-1.86
1788171870.419,0.0273,2.7981,-19.81,0.3970,2.8054,-17.95,-0.4605,0.0070,-1.86
1788171870.520,0.0314,2.8003,-19.82,0.4011,2.8078,-17.96,-0.4605,0.0070,-1.86
1788171870.620,0.0357,2.8030,-19.85,0.4052,2.8106,-18.00,-0.4605,0.0070,-1.86
1788171870.719,0.0394,2.8054,-19.88,0.4089,2.8132,-18.02,-0.4605,0.0070,-1.86
1788171870.819,0.0431,2.8074,-19.88,0.4125,2.8153,-18.02,-0.4605,0.0070,-1.86
1788171870.919,0.0475,2.8097,-19.88,0.4168,2.8177,-18.02,-0.4605,0.0070,-1.86
1788171871.019,0.0520,2.8120,-19.87,0.4212,2.8202,-18.02,-0.4605,0.0070,-1.86
1788171871.119,0.0563,2.8143,-19.86,0.4255,2.8226,-18.01,-0.4605,0.0070,-1.86
1788171871.219,0.0604,2.8165,-19.86,0.4295,2.8249,-18.00,-0.4605,0.0070,-1.86
1788171871.319,0.0646,2.8187,-19.86,0.4337,2.8273,-18.00,-0.4605,0.0070,-1.86
1788171871.419,0.0690,2.8210,-19.87,0.4380,2.8297,-18.01,-0.4605,0.0070,-1.86
1788171871.519,0.0734,2.8235,-19.86,0.4423,2.8323,-18.01,-0.4605,0.0070,-1.86
1788171871.619,0.0773,2.8257,-19.85,0.4461,2.8347,-17.99,-0.4605,0.0070,-1.86
1788171871.719,0.0814,2.8279,-19.85,0.4501,2.8370,-18.00,-0.4605,0.0070,-1.86
1788171871.819,0.0842,2.8316,-19.84,0.4528,2.8408,-17.99,-0.4605,0.0070,-1.86
1788171871.920,0.0861,2.8366,-19.84,0.4546,2.8458,-17.98,-0.4605,0.0070,-1.86
1788171872.019,0.0880,2.8417,-19.84,0.4563,2.8510,-17.98,-0.4605,0.0070,-1.86
1788171872.120,0.0898,2.8467,-19.83,0.4579,2.8560,-17.98,-0.4605,0.0070,-1.86
1788171872.219,0.0914,2.8515,-20.06,0.4593,2.8609,-18.20,-0.4605,0.0070,-1.86
1788171872.319,0.0929,2.8561,-20.61,0.4607,2.8656,-18.75,-0.4605,0.0070,-1.86
1788171872.419,0.0947,2.8609,-21.19,0.4624,2.8704,-19.34,-0.4605,0.0070,-1.86
1788171872.520,0.0966,2.8657,-21.76,0.4641,2.8752,-19.90,-0.4605,0.0070,-1.86
1788171872.620,0.0984,2.8703,-22.30,0.4658,2.8799,-20.45,-0.4605,0.0070,-1.86
1788171872.719,0.1003,2.8750,-22.88,0.4675,2.8846,-21.02,-0.4605,0.0070,-1.86
1788171872.820,0.1022,2.8796,-23.44,0.4693,2.8893,-21.59,-0.4605,0.0070,-1.86
1788171872.919,0.1041,2.8840,-24.01,0.4710,2.8938,-22.15,-0.4605,0.0070,-1.86
1788171873.019,0.1061,2.8886,-24.58,0.4729,2.8985,-22.73,-0.4605,0.0070,-1.86
1788171873.119,0.1082,2.8931,-25.17,0.4749,2.9030,-23.31,-0.4605,0.0070,-1.86
1788171873.220,0.1134,2.9137,-25.74,0.4767,2.9077,-23.87,-0.4520,0.0573,-1.89
1788171873.319,0.1222,2.9522,-26.33,0.4787,2.9122,-24.44,-0.4520,0.0573,-1.89
1788171873.419,0.1245,2.9567,-26.91,0.4808,2.9167,-25.03,-0.4520,0.0573,-1.89
1788171873.519,0.1268,2.9612,-27.31,0.4829,2.9214,-25.42,-0.4520,0.0573,-1.89
1788171873.619,0.1293,2.9657,-27.31,0.4853,2.9259,-25.43,-0.4520,0.0573,-1.89
1788171873.719,0.1317,2.9701,-27.31,0.4875,2.9304,-25.42,-0.4520,0.0573,-1.89
1788171873.819,0.1341,2.9745,-27.30,0.4898,2.9349,-25.41,-0.4520,0.0573,-1.89
1788171873.920,0.1365,2.9789,-27.30,0.4920,2.9394,-25.41,-0.4520,0.0573,-1.89
1788171874.019,0.1388,2.9834,-27.30,0.4942,2.9439,-25.41,-0.4520,0.0573,-1.89
1788171874.119,0.1411,2.9878,-27.30,0.4964,2.9484,-25.41,-0.4520,0.0573,-1.89
1788171874.220,0.1434,2.9921,-27.30,0.4985,2.9528,-25.41,-0.4520,0.0573,-1.89
1788171874.320,0.1457,2.9965,-27.30,0.5007,2.9573,-25.41,-0.4520,0.0573,-1.89
1788171874.419,0.1480,3.0009,-27.30,0.5028,2.9618,-25.42,-0.4520,0.0573,-1.89
1788171874.519,0.1503,3.0053,-27.31,0.5050,2.9662,-25.42,-0.4520,0.0573,-1.89
1788171874.620,0.1526,3.0097,-27.30,0.5071,2.9707,-25.41,-0.4520,0.0573,-1.89
1788171874.719,0.1549,3.0141,-27.30,0.5092,2.9752,-25.41,-0.4520,0.0573,-1.89
1788171874.819,0.1572,3.0186,-27.30,0.5115,2.9797,-25.41,-0.4520,0.0573,-1.89
1788171874.919,0.1596,3.0231,-27.30,0.5137,2.9843,-25.41,-0.4520,0.0573,-1.89
1788171875.019,0.1619,3.0276,-27.30,0.5158,2.9888,-25.41,-0.4520,0.0573,-1.89
1788171875.119,0.1642,3.0320,-27.30,0.5179,2.9934,-25.41,-0.4520,0.0573,-1.89
1788171875.219,0.1665,3.0364,-27.30,0.5201,2.9979,-25.41,-0.4520,0.0573,-1.89
1788171875.319,0.1688,3.0409,-27.30,0.5223,3.0024,-25.41,-0.4520,0.0573,-1.89
1788171875.419,0.1711,3.0453,-27.30,0.5245,3.0069,-25.42,-0.4520,0.0573,-1.89
1788171875.520,0.1735,3.0497,-27.30,0.5267,3.0114,-25.42,-0.4520,0.0573,-1.89
1788171875.619,0.1758,3.0542,-27.31,0.5288,3.0159,-25.42,-0.4520,0.0573,-1.89
1788171875.719,0.1781,3.0587,-27.31,0.5310,3.0205,-25.42,-0.4520,0.0573,-1.89
1788171875.819,0.1804,3.0631,-27.31,0.5331,3.0250,-25.42,-0.4520,0.0573,-1.89
1788171875.919,0.1827,3.0676,-27.31,0.5353,3.0295,-25.43,-0.4520,0.0573,-1.89
1788171876.020,0.1849,3.0720,-27.31,0.5374,3.0340,-25.43,-0.4520,0.0573,-1.89
1788171876.119,0.1873,3.0764,-27.31,0.5396,3.0385,-25.43,-0.4520,0.0573,-1.89
1788171876.219,0.1895,3.0808,-27.31,0.5417,3.0430,-25.42,-0.4520,0.0573,-1.89
1788171876.319,0.1918,3.0853,-27.31,0.5439,3.0475,-25.43,-0.4520,0.0573,-1.89
1788171876.419,0.1941,3.0897,-27.32,0.5460,3.0520,-25.43,-0.4520,0.0573,-1.89
1788171876.519,0.1964,3.0941,-27.31,0.5481,3.0565,-25.42,-0.4520,0.0573,-1.89
1788171876.620,0.1985,3.0985,-27.30,0.5501,3.0609,-25.41,-0.4520,0.0573,-1.89
1788171876.719,0.2008,3.1029,-27.30,0.5522,3.0654,-25.41,-0.4520,0.0573,-1.89
1788171876.819,0.2031,3.1074,-27.30,0.5544,3.0699,-25.41,-0.4520,0.0573,-1.89
1788171876.919,0.2055,3.1119,-27.30,0.5566,3.0745,-25.42,-0.4520,0.0573,-1.89
1788171877.019,0.2079,3.1163,-27.30,0.5588,3.0791,-25.42,-0.4520,0.0573,-1.89
1788171877.120,0.2102,3.1208,-27.31,0.5610,3.0836,-25.42,-0.4520,0.0573,-1.89
1788171877.219,0.2124,3.1251,-27.30,0.5630,3.0880,-25.42,-0.4520,0.0573,-1.89
1788171877.320,0.2145,3.1295,-27.30,0.5651,3.0924,-25.41,-0.4520,0.0573,-1.89
1788171877.419,0.2168,3.1339,-27.30,0.5672,3.0970,-25.42,-0.4520,0.0573,-1.89
1788171877.519,0.2192,3.1384,-27.30,0.5694,3.1015,-25.41,-0.4520,0.0573,-1.89
1788171877.619,0.2215,3.1429,-27.30,0.5716,3.1061,-25.42,-0.4520,0.0573,-1.89
1788171877.720,0.2238,3.1473,-27.30,0.5738,3.1106,-25.41,-0.4520,0.0573,-1.89
1788171877.820,0.2261,3.1518,-27.30,0.5759,3.1151,-25.42,-0.4520,0.0573,-1.89
1788171877.920,0.2285,3.1563,-27.31,0.5781,3.1197,-25.43,-0.4520,0.0573,-1.89
1788171878.020,0.2308,3.1609,-27.81,0.5803,3.1244,-25.92,-0.4520,0.0573,-1.89
1788171878.120,0.2331,3.1654,-28.36,0.5824,3.1289,-26.48,-0.4520,0.0573,-1.89
1788171878.220,0.2355,3.1698,-28.92,0.5847,3.1334,-27.03,-0.4520,0.0573,-1.89
1788171878.320,0.2379,3.1744,-29.49,0.5869,3.1381,-27.60,-0.4520,0.0573,-1.89
1788171878.419,0.2403,3.1787,-30.05,0.5892,3.1425,-28.16,-0.4520,0.0573,-1.89
1788171878.520,0.2427,3.1831,-30.60,0.5915,3.1469,-28.71,-0.4520,0.0573,-1.89
1788171878.620,0.2453,3.1874,-31.17,0.5939,3.1513,-29.29,-0.4520,0.0573,-1.89
1788171878.720,0.2477,3.1918,-31.73,0.5962,3.1558,-29.85,-0.4520,0.0573,-1.89
1788171878.819,0.2504,3.1960,-32.30,0.5988,3.1600,-30.42,-0.4520,0.0573,-1.89
1788171878.919,0.2530,3.2003,-32.87,0.6012,3.1645,-30.98,-0.4520,0.0573,-1.89
1788171879.019,0.2555,3.2046,-33.42,0.6036,3.1688,-31.53,-0.4520,0.0573,-1.89
1788171879.119,0.2582,3.2087,-33.98,0.6061,3.1730,-32.09,-0.4520,0.0573,-1.89
1788171879.219,0.2611,3.2127,-34.55,0.6089,3.1772,-32.67,-0.4520,0.0573,-1.89
1788171879.320,0.2639,3.2170,-35.12,0.6115,3.1815,-33.23,-0.4520,0.0573,-1.89
1788171879.419,0.2668,3.2210,-35.68,0.6143,3.1856,-33.79,-0.4520,0.0573,-1.89
1788171879.519,0.2698,3.2251,-36.26,0.6172,3.1898,-34.37,-0.4520,0.0573,-1.89
1788171879.619,0.2727,3.2293,-36.83,0.6199,3.1941,-34.94,-0.4520,0.0573,-1.89
1788171879.720,0.2757,3.2330,-37.39,0.6228,3.1979,-35.50,-0.4520,0.0573,-1.89
1788171879.820,0.2788,3.2369,-37.98,0.6258,3.2019,-36.09,-0.4520,0.0573,-1.89
1788171879.919,0.2819,3.2411,-38.55,0.6287,3.2062,-36.66,-0.4520,0.0573,-1.89
1788171880.019,0.2850,3.2447,-39.12,0.6317,3.2099,-37.23,-0.4520,0.0573,-1.89
1788171880.120,0.2882,3.2485,-39.70,0.6348,3.2138,-37.82,-0.4520,0.0573,-1.89
1788171880.219,0.2914,3.2525,-40.27,0.6378,3.2179,-38.39,-0.4520,0.0573,-1.89
1788171880.319,0.2946,3.2562,-40.84,0.6409,3.2217,-38.95,-0.4520,0.0573,-1.89
1788171880.420,0.2979,3.2601,-41.43,0.6441,3.2257,-39.54,-0.4520,0.0573,-1.89
1788171880.519,0.3013,3.2638,-41.92,0.6474,3.2295,-40.04,-0.5093,0.0977,-2.51
1788171880.619,0.2827,3.2992,-42.24,0.6508,3.2331,-39.72,-0.5093,0.0977,-2.51
1788171880.720,0.2863,3.3025,-41.69,0.6542,3.2366,-39.18,-0.5093,0.0977,-2.51
1788171880.819,0.2897,3.3059,-41.13,0.6575,3.2402,-38.61,-0.5093,0.0977,-2.51
1788171880.919,0.2931,3.3095,-40.56,0.6607,3.2439,-38.04,-0.5093,0.0977,-2.51
1788171881.019,0.2964,3.3134,-39.99,0.6639,3.2480,-37.47,-0.5093,0.0977,-2.51
1788171881.119,0.2996,3.3173,-39.42,0.6669,3.2519,-36.91,-0.5093,0.0977,-2.51
1788171881.219,0.3028,3.3211,-38.85,0.6699,3.2559,-36.34,-0.5093,0.0977,-2.51
1788171881.319,0.3059,3.3251,-38.28,0.6729,3.2600,-35.77,-0.5093,0.0977,-2.51
1788171881.420,0.3090,3.3293,-37.71,0.6757,3.2644,-35.20,-0.5093,0.0977,-2.51
1788171881.519,0.3120,3.3333,-37.15,0.6785,3.2686,-34.64,-0.5093,0.0977,-2.51
1788171881.620,0.3149,3.3374,-36.59,0.6813,3.2728,-34.07,-0.5093,0.0977,-2.51
1788171881.720,0.3178,3.3416,-36.02,0.6840,3.2770,-33.51,-0.5093,0.0977,-2.51
1788171881.820,0.3207,3.3456,-35.45,0.6867,3.2812,-32.94,-0.5093,0.0977,-2.51
1788171881.920,0.3235,3.3499,-34.89,0.6894,3.2856,-32.38,-0.5093,0.0977,-2.51
1788171882.020,0.3263,3.3540,-34.32,0.6920,3.2898,-31.81,-0.5093,0.0977,-2.51
1788171882.120,0.3291,3.3580,-33.75,0.6946,3.2939,-31.24,-0.5093,0.0977,-2.51
1788171882.220,0.3318,3.3621,-33.18,0.6971,3.2981,-30.67,-0.5093,0.0977,-2.51
1788171882.319,0.3345,3.3663,-32.60,0.6996,3.3024,-30.09,-0.5093,0.0977,-2.51
1788171882.419,0.3371,3.3705,-32.03,0.7020,3.3067,-29.52,-0.5093,0.0977,-2.51
1788171882.519,0.3397,3.3746,-31.46,0.7044,3.3110,-28.95,-0.5093,0.0977,-2.51
1788171882.619,0.3423,3.3788,-30.89,0.7068,3.3153,-28.38,-0.5093,0.0977,-2.51
1788171882.719,0.3448,3.3830,-30.31,0.7092,3.3196,-27.80,-0.5093,0.0977,-2.51
1788171882.820,0.3473,3.3873,-29.73,0.7114,3.3240,-27.22,-0.5093,0.0977,-2.51
1788171882.919,0.3497,3.3917,-29.16,0.7137,3.3285,-26.64,-0.5093,0.0977,-2.51
1788171883.019,0.3522,3.3960,-28.58,0.7159,3.3329,-26.06,-0.5093,0.0977,-2.51
1788171883.119,0.3545,3.4003,-28.02,0.7180,3.3373,-25.51,-0.5093,0.0977,-2.51
1788171883.219,0.3567,3.4048,-27.46,0.7201,3.3419,-24.94,-0.5093,0.0977,-2.51
1788171883.320,0.3590,3.4092,-26.89,0.7222,3.3464,-24.38,-0.5093,0.0977,-2.51
1788171883.419,0.3611,3.4137,-26.32,0.7241,3.3510,-23.81,-0.5093,0.0977,-2.51
1788171883.520,0.3633,3.4182,-25.75,0.7261,3.3556,-23.24,-0.5093,0.0977,-2.51
1788171883.619,0.3654,3.4227,-25.18,0.7280,3.3601,-22.67,-0.5093,0.0977,-2.51
1788171883.719,0.3675,3.4272,-24.61,0.7299,3.3648,-22.10,-0.5093,0.0977,-2.51
1788171883.819,0.3695,3.4318,-24.05,0.7317,3.3695,-21.54,-0.5093,0.0977,-2.51
1788171883.919,0.3716,3.4365,-23.49,0.7336,3.3743,-20.98,-0.5093,0.0977,-2.51
1788171884.020,0.3736,3.4411,-22.93,0.7353,3.3790,-20.41,-0.5093,0.0977,-2.51
1788171884.120,0.3755,3.4458,-22.37,0.7370,3.3837,-19.85,-0.5093,0.0977,-2.51
1788171884.220,0.3678,3.4082,-22.22,0.7386,3.3885,-19.30,-0.5937,0.0060,-3.54
1788171884.320,0.3549,3.3471,-22.28,0.7403,3.3933,-18.74,-0.5937,0.0060,-3.54
1788171884.419,0.3567,3.3519,-21.72,0.7418,3.3982,-18.17,-0.5937,0.0060,-3.54
1788171884.519,0.3585,3.3567,-21.16,0.7433,3.4031,-17.61,-0.5937,0.0060,-3.54
1788171884.619,0.3603,3.3614,-20.58,0.7448,3.4079,-17.04,-0.5937,0.0060,-3.54
1788171884.719,0.3619,3.3662,-20.01,0.7461,3.4128,-16.47,-0.5937,0.0060,-3.54
1788171884.820,0.3635,3.3711,-19.45,0.7475,3.4178,-15.91,-0.5937,0.0060,-3.54
1788171884.919,0.3653,3.3756,-18.90,0.7489,3.4224,-15.36,-0.5937,0.0060,-3.54
1788171885.019,0.3670,3.3802,-18.34,0.7503,3.4271,-14.80,-0.5937,0.0060,-3.54
1788171885.119,0.3685,3.3850,-17.78,0.7515,3.4320,-14.23,-0.5937,0.0060,-3.54
1788171885.219,0.3699,3.3899,-17.20,0.7526,3.4370,-13.65,-0.5937,0.0060,-3.54
1788171885.319,0.3714,3.3946,-16.63,0.7538,3.4418,-13.08,-0.5937,0.0060,-3.54
1788171885.419,0.3728,3.3993,-16.07,0.7550,3.4465,-12.52,-0.5937,0.0060,-3.54
1788171885.520,0.3742,3.4042,-15.50,0.7560,3.4515,-11.96,-0.5937,0.0060,-3.54
1788171885.619,0.3755,3.4091,-14.93,0.7570,3.4565,-11.39,-0.5937,0.0060,-3.54
1788171885.719,0.3767,3.4140,-14.38,0.7579,3.4614,-10.83,-0.5937,0.0060,-3.54
1788171885.820,0.3779,3.4188,-13.80,0.7588,3.4663,-10.26,-0.5937,0.0060,-3.54
1788171885.919,0.3790,3.4237,-13.23,0.7597,3.4712,-9.69,-0.5937,0.0060,-3.54
1788171886.019,0.3801,3.4286,-12.65,0.7604,3.4762,-9.11,-0.5937,0.0060,-3.54
1788171886.119,0.3812,3.4333,-12.08,0.7613,3.4810,-8.53,-0.5937,0.0060,-3.54
1788171886.219,0.3822,3.4381,-11.50,0.7620,3.4858,-7.96,-0.5937,0.0060,-3.54
1788171886.319,0.3832,3.4430,-10.93,0.7626,3.4908,-7.38,-0.5937,0.0060,-3.54
1788171886.420,0.3841,3.4478,-10.36,0.7632,3.4957,-6.82,-0.5937,0.0060,-3.54
1788171886.519,0.3850,3.4528,-9.79,0.7638,3.5006,-6.25,-0.5937,0.0060,-3.54
1788171886.619,0.3859,3.4576,-9.23,0.7644,3.5056,-5.69,-0.5937,0.0060,-3.54
1788171886.719,0.3867,3.4625,-8.67,0.7649,3.5105,-5.12,-0.5937,0.0060,-3.54
1788171886.819,0.3874,3.4674,-8.10,0.7653,3.5154,-4.56,-0.5937,0.0060,-3.54
1788171886.920,0.3881,3.4724,-7.53,0.7657,3.5205,-3.98,-0.5937,0.0060,-3.54
1788171887.019,0.3889,3.4773,-6.96,0.7661,3.5254,-3.42,-0.5937,0.0060,-3.54
1788171887.119,0.3895,3.4823,-6.40,0.7665,3.5304,-2.85,-0.5937,0.0060,-3.54
1788171887.219,0.3901,3.4873,-5.83,0.7668,3.5354,-2.29,-0.5937,0.0060,-3.54
1788171887.319,0.3907,3.4923,-5.26,0.7670,3.5405,-1.72,-0.5937,0.0060,-3.54
1788171887.420,0.3910,3.4974,-4.69,0.7670,3.5456,-1.15,-0.5937,0.0060,-3.54
1788171887.519,0.3913,3.5025,-4.12,0.7671,3.5507,-0.58,-0.5937,0.0060,-3.54
1788171887.619,0.3918,3.5073,-3.53,0.7672,3.5555,0.02,-0.5937,0.0060,-3.54
1788171887.719,0.3924,3.5122,-2.95,0.7675,3.5604,0.59,-0.5937,0.0060,-3.54
1788171887.819,0.3926,3.5173,-2.40,0.7674,3.5656,1.14,-1.2575,0.1070,-14.57
1788171887.919,0.3870,3.3936,-11.62,0.7672,3.5707,1.69,-1.2575,0.1070,-14.57
1788171888.019,0.3842,3.3747,-12.33,0.7669,3.5757,2.24,-1.2575,0.1070,-14.57
1788171888.119,0.3852,3.3796,-11.79,0.7666,3.5806,2.78,-1.2575,0.1070,-14.57
1788171888.220,0.3861,3.3845,-11.23,0.7663,3.5856,3.34,-1.2575,0.1070,-14.57
1788171888.319,0.3871,3.3893,-10.65,0.7661,3.5905,3.92,-1.2575,0.1070,-14.57
1788171888.420,0.3880,3.3941,-10.07,0.7657,3.5954,4.50,-1.2575,0.1070,-14.57
1788171888.519,0.3890,3.3990,-9.49,0.7654,3.6003,5.08,-1.2575,0.1070,-14.57
1788171888.619,0.3899,3.4036,-8.92,0.7651,3.6051,5.65,-1.2575,0.1070,-14.57
1788171888.719,0.3906,3.4086,-8.34,0.7646,3.6100,6.23,-1.2575,0.1070,-14.57
1788171888.819,0.3914,3.4134,-7.76,0.7642,3.6149,6.81,-1.2575,0.1070,-14.57
1788171888.920,0.3922,3.4182,-7.19,0.7637,3.6198,7.38,-1.2575,0.1070,-14.57
1788171889.019,0.3928,3.4232,-6.62,0.7631,3.6248,7.95,-1.2575,0.1070,-14.57
1788171889.119,0.3934,3.4281,-6.04,0.7624,3.6297,8.53,-1.2575,0.1070,-14.57
1788171889.219,0.3939,3.4332,-5.47,0.7616,3.6347,9.10,-1.2575,0.1070,-14.57
1788171889.320,0.3942,3.4382,-4.90,0.7606,3.6397,9.67,-1.2575,0.1070,-14.57
1788171889.419,0.3947,3.4433,-4.34,0.7598,3.6447,10.23,-1.2575,0.1070,-14.57
1788171889.519,0.3951,3.4482,-3.78,0.7589,3.6495,10.79,-1.2575,0.1070,-14.57
1788171889.620,0.3954,3.4532,-3.24,0.7580,3.6544,11.33,-1.2575,0.1070,-14.57
1788171889.719,0.3955,3.4583,-2.67,0.7568,3.6594,11.90,-1.2575,0.1070,-14.57
1788171889.819,0.3955,3.4634,-2.10,0.7556,3.6643,12.47,-1.2575,0.1070,-14.57
1788171889.920,0.3957,3.4684,-1.54,0.7545,3.6692,13.03,-1.2575,0.1070,-14.57
1788171890.019,0.3958,3.4735,-0.98,0.7532,3.6742,13.59,-1.2575,0.1070,-14.57
1788171890.119,0.3959,3.4786,-0.41,0.7521,3.6791,14.16,-1.2575,0.1070,-14.57
1788171890.220,0.3959,3.4836,0.16,0.7508,3.6840,14.73,-1.2575,0.1070,-14.57
1788171890.320,0.3960,3.4887,0.72,0.7496,3.6889,15.29,-1.2575,0.1070,-14.57
1788171890.419,0.3959,3.4937,1.29,0.7483,3.6938,15.86,-1.2575,0.1070,-14.57
1788171890.519,0.3957,3.4988,1.86,0.7468,3.6986,16.43,-1.2575,0.1070,-14.57
1788171890.619,0.3955,3.5038,2.43,0.7453,3.7034,17.00,-1.2575,0.1070,-14.57
1788171890.719,0.3953,3.5087,3.01,0.7439,3.7082,17.58,-1.2575,0.1070,-14.57
1788171890.819,0.3952,3.5136,3.56,0.7425,3.7129,18.13,-1.2575,0.1070,-14.57
1788171890.919,0.3947,3.5185,4.11,0.7408,3.7175,18.68,-1.2575,0.1070,-14.57
1788171891.019,0.3942,3.5236,4.67,0.7391,3.7223,19.24,-1.2575,0.1070,-14.57
1788171891.119,0.3938,3.5286,5.25,0.7374,3.7270,19.81,-1.2575,0.1070,-14.57
1788171891.220,0.3934,3.5336,5.57,0.7358,3.7317,20.14,-1.2575,0.1070,-14.57
1788171891.319,0.3930,3.5385,5.58,0.7342,3.7364,20.15,-1.2575,0.1070,-14.57
1788171891.420,0.3926,3.5434,5.57,0.7326,3.7410,20.14,-1.2575,0.1070,-14.57
1788171891.519,0.3922,3.5484,5.57,0.7310,3.7458,20.14,-1.8293,0.2941,-24.80
1788171891.620,0.4057,3.3930,-4.66,0.7293,3.7505,20.13,-1.8293,0.2941,-24.80
1788171891.719,0.4061,3.3981,-4.67,0.7275,3.7553,20.13,-1.8293,0.2941,-24.80
1788171891.819,0.4064,3.4033,-4.67,0.7256,3.7601,20.13,-1.8293,0.2941,-24.80
1788171891.919,0.4069,3.4082,-4.66,0.7240,3.7648,20.13,-1.8293,0.2941,-24.80
1788171892.019,0.4073,3.4131,-4.66,0.7223,3.7694,20.14,-1.8293,0.2941,-24.80
1788171892.119,0.4078,3.4180,-4.66,0.7207,3.7741,20.14,-1.8293,0.2941,-24.80
1788171892.219,0.4082,3.4230,-4.66,0.7190,3.7788,20.14,-1.8293,0.2941,-24.80
1788171892.320,0.4087,3.4280,-4.66,0.7173,3.7836,20.14,-1.8293,0.2941,-24.80
1788171892.419,0.4091,3.4331,-4.66,0.7156,3.7883,20.13,-1.8293,0.2941,-24.80
1788171892.519,0.4095,3.4381,-4.66,0.7138,3.7931,20.13,-1.8293,0.2941,-24.80
1788171892.619,0.4099,3.4431,-4.67,0.7121,3.7977,20.13,-1.8293,0.2941,-24.80
1788171892.719,0.4104,3.4482,-4.55,0.7104,3.8026,20.25,-1.8293,0.2941,-24.80
1788171892.819,0.4108,3.4532,-3.98,0.7086,3.8073,20.82,-1.8293,0.2941,-24.80
1788171892.920,0.4110,3.4583,-3.41,0.7068,3.8120,21.39,-1.8293,0.2941,-24.80
1788171893.020,0.4113,3.4634,-3.01,0.7049,3.8168,21.79,-1.8293,0.2941,-24.80
1788171893.120,0.4116,3.4682,-2.99,0.7031,3.8213,21.81,-1.8293,0.2941,-24.80
1788171893.219,0.4119,3.4731,-3.00,0.7013,3.8258,21.80,-1.8293,0.2941,-24.80
1788171893.319,0.4121,3.4782,-2.56,0.6994,3.8306,22.24,-1.8293,0.2941,-24.80
1788171893.419,0.4124,3.4833,-2.00,0.6975,3.8353,22.80,-1.8293,0.2941,-24.80
1788171893.519,0.4125,3.4884,-1.43,0.6955,3.8400,23.36,-1.8293,0.2941,-24.80
1788171893.619,0.4127,3.4934,-0.87,0.6935,3.8446,23.93,-1.8293,0.2941,-24.80
1788171893.720,0.4127,3.4984,-0.31,0.6915,3.8492,24.48,-1.8293,0.2941,-24.80
1788171893.820,0.4127,3.5034,0.25,0.6893,3.8537,25.05,-1.8293,0.2941,-24.80
1788171893.919,0.4126,3.5085,0.81,0.6871,3.8582,25.61,-1.8293,0.2941,-24.80
1788171894.019,0.4124,3.5134,1.38,0.6849,3.8627,26.17,-1.8293,0.2941,-24.80
1788171894.119,0.4123,3.5184,1.94,0.6826,3.8671,26.74,-1.8293,0.2941,-24.80
1788171894.219,0.4121,3.5234,2.52,0.6805,3.8716,27.32,-1.8293,0.2941,-24.80
1788171894.319,0.4119,3.5283,3.09,0.6782,3.8759,27.88,-1.8293,0.2941,-24.80
1788171894.419,0.4116,3.5332,3.66,0.6758,3.8803,28.45,-1.8293,0.2941,-24.80
1788171894.519,0.4113,3.5383,4.23,0.6735,3.8847,29.03,-1.8293,0.2941,-24.80
1788171894.619,0.4110,3.5433,4.80,0.6710,3.8892,29.60,-1.8293,0.2941,-24.80
1788171894.719,0.4105,3.5483,5.37,0.6685,3.8935,30.17,-1.8293,0.2941,-24.80
1788171894.819,0.4099,3.5534,5.82,0.6659,3.8979,30.62,-1.8293,0.2941,-24.80
1788171894.919,0.4095,3.5584,5.83,0.6634,3.9023,30.63,-1.8293,0.2941,-24.80
1788171895.020,0.4091,3.5632,5.83,0.6610,3.9065,30.63,-1.8293,0.2941,-24.80
1788171895.119,0.4087,3.5680,5.82,0.6586,3.9107,30.62,-1.8293,0.2941,-24.80
1788171895.219,0.4082,3.5728,5.82,0.6562,3.9148,30.62,-1.8293,0.2941,-24.80
1788171895.320,0.4077,3.5778,6.27,0.6536,3.9191,31.06,-1.8293,0.2941,-24.80
1788171895.419,0.4069,3.5829,6.84,0.6507,3.9234,31.64,-1.8293,0.2941,-24.80
1788171895.519,0.4062,3.5879,7.43,0.6480,3.9277,32.23,-1.8293,0.2941,-24.80
1788171895.619,0.4054,3.5927,7.98,0.6453,3.9317,32.78,-1.8293,0.2941,-24.80
1788171895.720,0.4047,3.5976,8.56,0.6426,3.9358,33.36,-1.8293,0.2941,-24.80
1788171895.819,0.4039,3.6025,9.13,0.6398,3.9400,33.93,-1.8293,0.2941,-24.80
1788171895.919,0.4030,3.6074,9.70,0.6369,3.9440,34.50,-1.8293,0.2941,-24.80
1788171896.019,0.4020,3.6124,10.28,0.6339,3.9481,35.07,-1.8293,0.2941,-24.80
1788171896.119,0.4012,3.6173,10.87,0.6311,3.9523,35.66,-1.8293,0.2941,-24.80
1788171896.219,0.4002,3.6221,11.43,0.6282,3.9562,36.23,-1.8293,0.2941,-24.80
1788171896.319,0.3990,3.6270,12.00,0.6251,3.9601,36.80,-1.8293,0.2941,-24.80
1788171896.420,0.3980,3.6319,12.59,0.6221,3.9642,37.38,-1.8293,0.2941,-24.80
1788171896.519,0.3969,3.6367,13.15,0.6191,3.9681,37.95,-1.8293,0.2941,-24.80
1788171896.619,0.3957,3.6415,13.72,0.6160,3.9719,38.52,-1.8293,0.2941,-24.80
1788171896.719,0.3935,3.6458,13.96,0.6122,3.9749,38.75,-1.8293,0.2941,-24.80
1788171896.819,0.3899,3.6484,13.94,0.6078,3.9758,38.74,-1.8293,0.2941,-24.80
1788171896.919,0.3858,3.6479,13.93,0.6043,3.9735,38.73,-1.8293,0.2941,-24.80
1788171897.020,0.3818,3.6467,13.93,0.6011,3.9708,38.72,-1.8293,0.2941,-24.80
1788171897.119,0.3775,3.6455,13.93,0.5978,3.9679,38.72,-1.8293,0.2941,-24.80
1788171897.219,0.3731,3.6441,13.94,0.5944,3.9648,38.74,-1.8293,0.2941,-24.80
1788171897.320,0.3688,3.6431,13.93,0.5909,3.9620,38.73,-1.8293,0.2941,-24.80
1788171897.420,0.3644,3.6420,13.91,0.5874,3.9592,38.71,-1.8293,0.2941,-24.80
1788171897.520,0.3601,3.6409,13.91,0.5839,3.9565,38.71,-1.8293,0.2941,-24.80
1788171897.619,0.3555,3.6398,13.92,0.5802,3.9535,38.71,-1.8293,0.2941,-24.80
1788171897.720,0.3509,3.6386,13.92,0.5765,3.9505,38.72,-1.8293,0.2941,-24.80
1788171897.820,0.3465,3.6374,13.93,0.5730,3.9476,38.73,-1.8293,0.2941,-24.80
1788171897.920,0.3422,3.6364,13.94,0.5696,3.9448,38.73,-1.8293,0.2941,-24.80
1788171898.019,0.3378,3.6354,13.90,0.5660,3.9421,38.70,-1.8293,0.2941,-24.80
1788171898.119,0.3334,3.6343,13.89,0.5625,3.9393,38.68,-1.8293,0.2941,-24.80
1788171898.220,0.3294,3.6365,13.92,0.5579,3.9395,38.72,-1.8293,0.2941,-24.80
1788171898.320,0.3259,3.6401,13.96,0.5532,3.9414,38.75,-1.8293,0.2941,-24.80
1788171898.420,0.3222,3.6432,13.95,0.5485,3.9426,38.75,-1.8293,0.2941,-24.80
1788171898.519,0.3181,3.6460,13.92,0.5437,3.9435,38.72,-1.8293,0.2941,-24.80
1788171898.619,0.3141,3.6472,13.91,0.5396,3.9428,38.71,-1.8293,0.2941,-24.80
1788171898.719,0.3098,3.6462,13.91,0.5360,3.9402,38.71,-1.8293,0.2941,-24.80
1788171898.819,0.3056,3.6453,13.93,0.5326,3.9375,38.73,-1.8293,0.2941,-24.80
1788171898.919,0.3011,3.6441,13.92,0.5290,3.9346,38.72,-1.8293,0.2941,-24.80
1788171899.020,0.2965,3.6429,13.92,0.5253,3.9316,38.72,-1.8293,0.2941,-24.80
1788171899.120,0.2922,3.6418,13.93,0.5219,3.9288,38.73,-1.8293,0.2941,-24.80
1788171899.219,0.2878,3.6408,13.91,0.5184,3.9260,38.71,-1.8293,0.2941,-24.80
1788171899.319,0.2832,3.6396,13.89,0.5147,3.9230,38.69,-1.8293,0.2941,-24.80
1788171899.419,0.2822,3.6393,13.90,0.5139,3.9223,38.70,-1.8293,0.2941,-24.80
1788171899.519,0.2823,3.6394,13.89,0.5139,3.9224,38.69,-1.8293,0.2941,-24.80
1788171899.620,0.2804,3.6392,13.88,0.5123,3.9215,38.68,-1.8293,0.2941,-24.80
1788171899.720,0.2764,3.6380,13.89,0.5091,3.9187,38.68,-1.8293,0.2941,-24.80
1788171899.820,0.2718,3.6368,13.89,0.5055,3.9157,38.69,-1.8293,0.2941,-24.80
1788171899.919,0.2713,3.6366,13.91,0.5051,3.9153,38.71,-1.8293,0.2941,-24.80
1788171900.020,0.2713,3.6366,13.91,0.5051,3.9153,38.71,-1.8293,0.2941,-24.80
1788171900.119,0.2713,3.6366,13.91,0.5051,3.9153,38.71,-1.8293,0.2941,-24.80
1788171900.219,0.2713,3.6366,13.91,0.5051,3.9153,38.71,-1.8293,0.2941,-24.80
1788171900.320,0.2713,3.6366,13.91,0.5051,3.9153,38.71,-1.8293,0.2941,-24.80
1788171900.420,0.2713,3.6366,13.91,0.5051,3.9153,38.71,-1.8293,0.2941,-24.80
1788171900.520,0.2695,3.6361,13.94,0.5037,3.9140,38.74,-1.8293,0.2941,-24.80
1788171900.619,0.2655,3.6351,13.94,0.5004,3.9115,38.74,-1.8293,0.2941,-24.80
1788171900.720,0.2608,3.6341,13.92,0.4966,3.9086,38.71,-1.8293,0.2941,-24.80
1788171900.819,0.2572,3.6333,13.89,0.4937,3.9063,38.69,-1.8293,0.2941,-24.80
1788171900.919,0.2571,3.6333,13.88,0.4936,3.9063,38.68,-1.8293,0.2941,-24.80
1788171901.019,0.2572,3.6333,13.88,0.4936,3.9064,38.67,-1.8293,0.2941,-24.80
1788171901.120,0.2571,3.6333,13.62,0.4936,3.9064,38.42,-1.8293,0.2941,-24.80
1788171901.219,0.2572,3.6334,13.06,0.4936,3.9065,37.86,-1.8293,0.2941,-24.80
1788171901.319,0.2571,3.6335,12.50,0.4935,3.9065,37.29,-1.8293,0.2941,-24.80
1788171901.420,0.2571,3.6335,11.93,0.4935,3.9065,36.72,-1.8293,0.2941,-24.80
1788171901.520,0.2572,3.6334,11.37,0.4937,3.9064,36.17,-1.8293,0.2941,-24.80
1788171901.619,0.2573,3.6333,10.81,0.4938,3.9064,35.60,-1.8293,0.2941,-24.80
1788171901.719,0.2549,3.6328,10.22,0.4918,3.9050,35.01,-1.8293,0.2941,-24.80
1788171901.819,0.2502,3.6322,9.65,0.4879,3.9024,34.44,-1.8293,0.2941,-24.80
1788171901.920,0.2456,3.6316,9.07,0.4839,3.8999,33.87,-1.8293,0.2941,-24.80
1788171902.019,0.2408,3.6310,8.49,0.4798,3.8974,33.28,-1.8293,0.2941,-24.80
1788171902.119,0.2362,3.6304,7.92,0.4759,3.8949,32.72,-1.3455,0.1017,-15.43
1788171902.219,0.1455,3.7285,16.71,0.4725,3.8928,32.14,-1.3455,0.1017,-15.43
1788171902.319,0.1455,3.7284,16.14,0.4725,3.8926,31.56,-1.3455,0.1017,-15.43
1788171902.420,0.1454,3.7284,15.58,0.4724,3.8926,31.01,-1.3455,0.1017,-15.43
1788171902.519,0.1455,3.7282,15.01,0.4726,3.8925,30.44,-1.3455,0.1017,-15.43
1788171902.619,0.1458,3.7281,14.46,0.4729,3.8925,29.89,-1.3455,0.1017,-15.43
1788171902.719,0.1459,3.7281,13.92,0.4730,3.8925,29.34,-1.3455,0.1017,-15.43
1788171902.820,0.1459,3.7282,13.65,0.4730,3.8926,29.08,-1.3455,0.1017,-15.43
1788171902.919,0.1452,3.7280,13.57,0.4724,3.8922,28.99,-1.3455,0.1017,-15.43
1788171903.019,0.1412,3.7271,13.07,0.4687,3.8903,28.50,-1.3455,0.1017,-15.43
1788171903.120,0.1364,3.7262,12.49,0.4644,3.8881,27.92,-1.3455,0.1017,-15.43
1788171903.219,0.1318,3.7251,11.93,0.4602,3.8859,27.36,-1.3455,0.1017,-15.43
1788171903.319,0.1271,3.7243,11.35,0.4559,3.8838,26.78,-1.3455,0.1017,-15.43
1788171903.419,0.1225,3.7235,10.78,0.4517,3.8818,26.21,-1.3455,0.1017,-15.43
1788171903.519,0.1192,3.7229,10.37,0.4486,3.8804,25.80,-1.3455,0.1017,-15.43
1788171903.619,0.1190,3.7230,10.35,0.4484,3.8804,25.77,-1.3455,0.1017,-15.43
1788171903.719,0.1190,3.7230,10.35,0.4484,3.8804,25.78,-1.3455,0.1017,-15.43
1788171903.819,0.1190,3.7230,10.35,0.4484,3.8804,25.78,-1.3455,0.1017,-15.43
1788171903.919,0.1179,3.7227,10.21,0.4474,3.8798,25.64,-1.3455,0.1017,-15.43
1788171904.020,0.1163,3.7226,9.71,0.4460,3.8793,25.13,-1.3455,0.1017,-15.43
1788171904.119,0.1161,3.7226,9.13,0.4458,3.8792,24.55,-1.3455,0.1017,-15.43
1788171904.219,0.1162,3.7224,8.53,0.4459,3.8791,23.96,-1.3455,0.1017,-15.43
1788171904.319,0.1162,3.7223,7.96,0.4459,3.8790,23.38,-1.3455,0.1017,-15.43
1788171904.420,0.1164,3.7221,7.39,0.4462,3.8788,22.82,-1.3455,0.1017,-15.43
1788171904.519,0.1164,3.7221,6.83,0.4462,3.8789,22.26,-1.3455,0.1017,-15.43
1788171904.619,0.1163,3.7223,6.27,0.4460,3.8790,21.69,-1.3455,0.1017,-15.43
1788171904.719,0.1164,3.7223,5.69,0.4461,3.8790,21.12,-1.3455,0.1017,-15.43
1788171904.819,0.1164,3.7223,5.12,0.4461,3.8791,20.54,-1.3455,0.1017,-15.43
1788171904.919,0.1165,3.7222,4.55,0.4462,3.8790,19.98,-1.3455,0.1017,-15.43
1788171905.019,0.1166,3.7221,3.98,0.4463,3.8789,19.41,-1.3455,0.1017,-15.43
1788171905.120,0.1165,3.7223,3.42,0.4462,3.8790,18.85,-1.3455,0.1017,-15.43
1788171905.219,0.1163,3.7225,2.87,0.4459,3.8792,18.29,-1.3455,0.1017,-15.43
1788171905.319,0.1163,3.7225,2.29,0.4459,3.8792,17.71,-1.3455,0.1017,-15.43
1788171905.420,0.1162,3.7226,1.71,0.4458,3.8792,17.14,-1.3455,0.1017,-15.43
1788171905.519,0.1164,3.7224,1.15,0.4460,3.8791,16.57,-1.3455,0.1017,-15.43
1788171905.619,0.1165,3.7222,0.58,0.4462,3.8790,16.01,-1.3455,0.1017,-15.43
1788171905.719,0.1164,3.7223,0.01,0.4461,3.8791,15.44,-1.3455,0.1017,-15.43
1788171905.820,0.1162,3.7225,-0.56,0.4458,3.8792,14.87,-1.3455,0.1017,-15.43
1788171905.919,0.1161,3.7225,-1.14,0.4458,3.8792,14.29,-1.3455,0.1017,-15.43
1788171906.019,0.1161,3.7224,-1.70,0.4458,3.8791,13.72,-1.3455,0.1017,-15.43
1788171906.119,0.1164,3.7222,-2.26,0.4461,3.8789,13.17,-1.3455,0.1017,-15.43
1788171906.220,0.1164,3.7223,-2.82,0.4462,3.8790,12.61,-1.3455,0.1017,-15.43
1788171906.319,0.1163,3.7225,-3.38,0.4460,3.8792,12.05,-1.3455,0.1017,-15.43
1788171906.419,0.1161,3.7227,-3.95,0.4457,3.8794,11.47,-1.3455,0.1017,-15.43
1788171906.520,0.1161,3.7227,-4.54,0.4457,3.8793,10.89,-1.3455,0.1017,-15.43
1788171906.619,0.1162,3.7225,-5.11,0.4458,3.8792,10.32,-1.3455,0.1017,-15.43
1788171906.719,0.1163,3.7223,-5.67,0.4460,3.8791,9.75,-1.3455,0.1017,-15.43
1788171906.820,0.1163,3.7224,-6.24,0.4460,3.8791,9.19,-1.3455,0.1017,-15.43
1788171906.920,0.1161,3.7226,-6.81,0.4458,3.8793,8.62,-1.3455,0.1017,-15.43
1788171907.019,0.1160,3.7227,-7.39,0.4456,3.8794,8.04,-1.3455,0.1017,-15.43
1788171907.119,0.1160,3.7227,-7.96,0.4456,3.8794,7.46,-1.3455,0.1017,-15.43
1788171907.219,0.1162,3.7225,-8.53,0.4458,3.8792,6.90,-1.3455,0.1017,-15.43
1788171907.319,0.1164,3.7224,-9.09,0.4461,3.8791,6.34,-1.3455,0.1017,-15.43
1788171907.419,0.1164,3.7225,-9.64,0.4461,3.8792,5.79,-1.3455,0.1017,-15.43
1788171907.519,0.1162,3.7226,-10.21,0.4459,3.8793,5.22,-1.3455,0.1017,-15.43
1788171907.619,0.1162,3.7226,-10.79,0.4458,3.8793,4.64,-1.3455,0.1017,-15.43
1788171907.719,0.1162,3.7226,-11.36,0.4458,3.8793,4.06,-1.3455,0.1017,-15.43
1788171907.820,0.1163,3.7225,-11.92,0.4459,3.8792,3.51,-1.3455,0.1017,-15.43
1788171907.919,0.1163,3.7225,-12.45,0.4460,3.8792,2.97,-1.3455,0.1017,-15.43
1788171908.019,0.1153,3.7180,-12.91,0.4461,3.8746,2.51,-1.3455,0.1017,-15.43
1788171908.119,0.1142,3.7126,-12.92,0.4465,3.8691,2.51,-1.3455,0.1017,-15.43
1788171908.220,0.1131,3.7073,-12.89,0.4469,3.8637,2.53,-1.3455,0.1017,-15.43
1788171908.319,0.1118,3.7025,-12.87,0.4469,3.8587,2.55,-1.3455,0.1017,-15.43
1788171908.420,0.1106,3.6978,-12.87,0.4470,3.8539,2.56,-1.3455,0.1017,-15.43
1788171908.520,0.1095,3.6928,-12.87,0.4473,3.8488,2.55,-1.3455,0.1017,-15.43
1788171908.619,0.1084,3.6877,-12.88,0.4476,3.8436,2.54,-1.3455,0.1017,-15.43
1788171908.719,0.1073,3.6826,-12.89,0.4479,3.8383,2.54,-1.3455,0.1017,-15.43
1788171908.819,0.1063,3.6775,-12.89,0.4483,3.8332,2.53,-1.3455,0.1017,-15.43
1788171908.920,0.1051,3.6724,-12.89,0.4485,3.8279,2.53,-1.3455,0.1017,-15.43
1788171909.019,0.1042,3.6679,-12.90,0.4488,3.8233,2.52,-1.3455,0.1017,-15.43
1788171909.120,0.1032,3.6632,-12.91,0.4491,3.8185,2.52,-1.3455,0.1017,-15.43
1788171909.219,0.1022,3.6583,-12.91,0.4494,3.8136,2.52,-1.3455,0.1017,-15.43
1788171909.319,0.1011,3.6534,-12.91,0.4497,3.8086,2.52,-1.3455,0.1017,-15.43
1788171909.419,0.1000,3.6484,-12.91,0.4499,3.8035,2.52,-1.3455,0.1017,-15.43
1788171909.519,0.0988,3.6434,-12.90,0.4502,3.7983,2.52,-1.3455,0.1017,-15.43
1788171909.620,0.0976,3.6385,-12.89,0.4503,3.7933,2.53,-1.3455,0.1017,-15.43
1788171909.719,0.0965,3.6339,-12.89,0.4504,3.7885,2.53,-1.3455,0.1017,-15.43
1788171909.820,0.0954,3.6291,-12.90,0.4506,3.7836,2.53,-1.3455,0.1017,-15.43
1788171909.920,0.0942,3.6241,-12.90,0.4509,3.7785,2.53,-1.3455,0.1017,-15.43
1788171910.020,0.0931,3.6191,-12.91,0.4511,3.7733,2.52,-1.3455,0.1017,-15.43
1788171910.120,0.0920,3.6141,-12.91,0.4513,3.7682,2.52,-1.3455,0.1017,-15.43
1788171910.219,0.0908,3.6091,-12.91,0.4516,3.7631,2.52,-1.3455,0.1017,-15.43
1788171910.319,0.0897,3.6044,-12.90,0.4517,3.7583,2.53,-1.3455,0.1017,-15.43
1788171910.420,0.0885,3.5997,-12.90,0.4519,3.7534,2.52,-1.3455,0.1017,-15.43
1788171910.520,0.0874,3.5947,-12.91,0.4521,3.7484,2.52,-1.3455,0.1017,-15.43
1788171910.619,0.0863,3.5899,-12.91,0.4523,3.7434,2.52,-1.3455,0.1017,-15.43
1788171910.720,0.0852,3.5849,-12.91,0.4526,3.7383,2.52,-1.3455,0.1017,-15.43
1788171910.820,0.0841,3.5799,-12.91,0.4528,3.7332,2.52,-1.3455,0.1017,-15.43
1788171910.919,0.0830,3.5750,-12.91,0.4531,3.7282,2.52,-1.3455,0.1017,-15.43
1788171911.020,0.0819,3.5704,-12.91,0.4532,3.7235,2.52,-1.3455,0.1017,-15.43
1788171911.119,0.0808,3.5656,-12.91,0.4535,3.7185,2.52,-1.3455,0.1017,-15.43
1788171911.220,0.0797,3.5608,-12.91,0.4537,3.7136,2.52,-1.3455,0.1017,-15.43
1788171911.319,0.0790,3.6625,-6.40,0.4540,3.7086,2.52,-0.6695,0.0469,-4.46
1788171911.420,0.0712,3.7038,-1.94,0.4542,3.7034,2.51,-0.6695,0.0469,-4.46
1788171911.520,0.0711,3.6986,-1.95,0.4545,3.6982,2.51,-0.6695,0.0469,-4.46
1788171911.620,0.0710,3.6937,-1.96,0.4548,3.6933,2.50,-0.6695,0.0469,-4.46
1788171911.720,0.0709,3.6890,-1.98,0.4551,3.6886,2.48,-0.6695,0.0469,-4.46
1788171911.820,0.0707,3.6840,-1.98,0.4553,3.6836,2.48,-0.6695,0.0469,-4.46
1788171911.919,0.0705,3.6789,-1.98,0.4555,3.6785,2.48,-0.6695,0.0469,-4.46
1788171912.020,0.0703,3.6737,-1.97,0.4557,3.6733,2.48,-0.6695,0.0469,-4.46
1788171912.119,0.0701,3.6686,-1.96,0.4559,3.6682,2.49,-0.6695,0.0469,-4.46
1788171912.219,0.0699,3.6636,-1.96,0.4560,3.6632,2.49,-0.6695,0.0469,-4.46
1788171912.319,0.0698,3.6590,-1.97,0.4563,3.6586,2.48,-0.6695,0.0469,-4.46
1788171912.420,0.0697,3.6540,-1.98,0.4565,3.6536,2.48,-0.6695,0.0469,-4.46
1788171912.520,0.0695,3.6489,-1.97,0.4567,3.6485,2.48,-0.6695,0.0469,-4.46
1788171912.619,0.0693,3.6439,-1.97,0.4569,3.6435,2.49,-0.6695,0.0469,-4.46
1788171912.719,0.0691,3.6387,-1.96,0.4572,3.6383,2.49,-0.6695,0.0469,-4.46
1788171912.819,0.0689,3.6335,-1.96,0.4574,3.6331,2.50,-0.6695,0.0469,-4.46
1788171912.919,0.0687,3.6288,-1.95,0.4575,3.6284,2.50,-0.6695,0.0469,-4.46
1788171913.020,0.0685,3.6240,-1.96,0.4577,3.6236,2.50,-0.6695,0.0469,-4.46
1788171913.120,0.0683,3.6190,-1.96,0.4579,3.6186,2.50,-0.6695,0.0469,-4.46
1788171913.220,0.0682,3.6139,-1.96,0.4582,3.6135,2.50,-0.6695,0.0469,-4.46
1788171913.320,0.0680,3.6088,-1.95,0.4584,3.6084,2.50,-0.6695,0.0469,-4.46
1788171913.420,0.0678,3.6036,-1.95,0.4586,3.6032,2.51,-0.6695,0.0469,-4.46
1788171913.520,0.0677,3.5988,-1.95,0.4589,3.5984,2.50,-0.6695,0.0469,-4.46
1788171913.620,0.0675,3.5940,-1.96,0.4591,3.5936,2.50,-0.6695,0.0469,-4.46
1788171913.719,0.0673,3.5890,-1.96,0.4593,3.5886,2.50,-0.6695,0.0469,-4.46
1788171913.820,0.0672,3.5838,-1.96,0.4595,3.5834,2.50,-0.6695,0.0469,-4.46
1788171913.920,0.0670,3.5787,-1.95,0.4597,3.5784,2.51,-0.6695,0.0469,-4.46
1788171914.020,0.0668,3.5736,-1.95,0.4600,3.5732,2.51,-0.6695,0.0469,-4.46
1788171914.119,0.0666,3.5686,-1.95,0.4602,3.5682,2.51,-0.6695,0.0469,-4.46
1788171914.220,0.0666,3.5640,-1.96,0.4605,3.5636,2.50,-0.6695,0.0469,-4.46
1788171914.320,0.0664,3.5591,-1.96,0.4607,3.5587,2.50,-0.6695,0.0469,-4.46
1788171914.419,0.0662,3.5540,-1.96,0.4609,3.5537,2.50,-0.6695,0.0469,-4.46
1788171914.520,0.0660,3.5490,-1.96,0.4611,3.5486,2.50,-0.6695,0.0469,-4.46
1788171914.619,0.0658,3.5439,-1.96,0.4613,3.5435,2.50,-0.6695,0.0469,-4.46
1788171914.719,0.0656,3.5388,-1.95,0.4615,3.5384,2.51,-0.6695,0.0469,-4.46
1788171914.819,0.0656,3.5341,-1.96,0.4618,3.5337,2.50,-0.6695,0.0469,-4.46
1788171914.919,0.0654,3.5291,-1.96,0.4620,3.5287,2.50,-0.6695,0.0469,-4.46
1788171915.019,0.0652,3.5240,-1.96,0.4622,3.5237,2.50,-0.6695,0.0469,-4.46
1788171915.119,0.0650,3.5189,-1.96,0.4624,3.5185,2.50,-0.6695,0.0469,-4.46
1788171915.220,0.0648,3.5138,-1.95,0.4626,3.5134,2.51,-0.6695,0.0469,-4.46
1788171915.319,0.0646,3.5087,-1.95,0.4628,3.5084,2.51,-0.6695,0.0469,-4.46
1788171915.419,0.0645,3.5041,-1.95,0.4630,3.5037,2.51,-0.6695,0.0469,-4.46
1788171915.519,0.0643,3.4992,-1.95,0.4632,3.4988,2.51,-0.6695,0.0469,-4.46
1788171915.620,0.0641,3.4941,-1.95,0.4634,3.4937,2.50,-0.6695,0.0469,-4.46
1788171915.719,0.0639,3.4890,-1.95,0.4636,3.4887,2.51,-0.6695,0.0469,-4.46
1788171915.819,0.0636,3.4840,-1.94,0.4638,3.4836,2.52,-0.6695,0.0469,-4.46
1788171915.920,0.0635,3.4789,-1.94,0.4640,3.4785,2.52,-0.6695,0.0469,-4.46
1788171916.020,0.0633,3.4739,-1.94,0.4642,3.4735,2.52,-0.6695,0.0469,-4.46
1788171916.120,0.0633,3.4692,-1.95,0.4645,3.4688,2.51,-0.6695,0.0469,-4.46
1788171916.220,0.0631,3.4642,-1.95,0.4648,3.4638,2.51,-0.6695,0.0469,-4.46
1788171916.320,0.0629,3.4591,-1.95,0.4650,3.4587,2.51,-0.6695,0.0469,-4.46
1788171916.420,0.0627,3.4540,-1.95,0.4652,3.4536,2.51,-0.6695,0.0469,-4.46
1788171916.520,0.0625,3.4488,-1.94,0.4654,3.4485,2.51,-0.6695,0.0469,-4.46
1788171916.620,0.0624,3.4438,-1.94,0.4656,3.4434,2.52,-0.6695,0.0469,-4.46
1788171916.720,0.0622,3.4390,-1.94,0.4658,3.4386,2.51,-0.6695,0.0469,-4.46
1788171916.820,0.0620,3.4300,-1.95,0.4663,3.4297,2.51,-0.6695,0.0469,-4.46
1788171916.919,0.0616,3.4195,-1.94,0.4667,3.4192,2.51,-0.6695,0.0469,-4.46
1788171917.020,0.0612,3.4089,-1.94,0.4671,3.4086,2.52,-0.6695,0.0469,-4.46
1788171917.120,0.0608,3.3987,-1.95,0.4676,3.3984,2.51,-0.6695,0.0469,-4.46
1788171917.220,0.0604,3.3885,-1.95,0.4680,3.3882,2.51,-0.6695,0.0469,-4.46
1788171917.320,0.0601,3.3783,-1.95,0.4684,3.3780,2.51,-0.6695,0.0469,-4.46
1788171917.420,0.0597,3.3683,-1.95,0.4688,3.3680,2.50,-0.6695,0.0469,-4.46
1788171917.519,0.0593,3.3580,-1.96,0.4692,3.3577,2.50,-0.6695,0.0469,-4.46
1788171917.619,0.0590,3.3478,-1.95,0.4697,3.3475,2.51,-0.6695,0.0469,-4.46
1788171917.719,0.0672,3.3389,-1.33,0.4702,3.3376,2.49,-0.4029,0.0062,-0.69
1788171917.820,0.1076,3.3278,1.81,0.4707,3.3275,2.49,-0.4029,0.0062,-0.69
1788171917.919,0.1079,3.3175,1.82,0.4710,3.3173,2.51,-0.4029,0.0062,-0.69
1788171918.020,0.1081,3.3074,1.83,0.4714,3.3072,2.51,-0.4029,0.0062,-0.69
1788171918.120,0.1084,3.2974,1.83,0.4718,3.2971,2.51,-0.4029,0.0062,-0.69
1788171918.219,0.1087,3.2872,1.83,0.4723,3.2869,2.51,-0.4029,0.0062,-0.69
1788171918.319,0.1090,3.2770,1.83,0.4727,3.2768,2.51,-0.4029,0.0062,-0.69
1788171918.419,0.1093,3.2670,1.83,0.4731,3.2668,2.52,-0.4029,0.0062,-0.69
1788171918.520,0.1096,3.2569,1.83,0.4735,3.2567,2.52,-0.4029,0.0062,-0.69
1788171918.620,0.1100,3.2469,1.83,0.4740,3.2467,2.52,-0.4029,0.0062,-0.69
1788171918.719,0.1103,3.2370,1.83,0.4745,3.2367,2.51,-0.4029,0.0062,-0.69
1788171918.819,0.1107,3.2268,1.83,0.4749,3.2265,2.51,-0.4029,0.0062,-0.69
1788171918.919,0.1110,3.2166,1.83,0.4754,3.2163,2.51,-0.4029,0.0062,-0.69
1788171919.019,0.1113,3.2066,1.82,0.4758,3.2064,2.51,-0.4029,0.0062,-0.69
1788171919.119,0.1117,3.1963,1.82,0.4763,3.1961,2.51,-0.4029,0.0062,-0.69
1788171919.219,0.1120,3.1861,1.82,0.4767,3.1859,2.51,-0.4029,0.0062,-0.69
1788171919.320,0.1123,3.1759,1.82,0.4772,3.1757,2.51,-0.4029,0.0062,-0.69
1788171919.419,0.1126,3.1660,1.82,0.4776,3.1658,2.51,-0.4029,0.0062,-0.69
1788171919.519,0.1130,3.1559,1.82,0.4781,3.1557,2.51,-0.4029,0.0062,-0.69
1788171919.619,0.1133,3.1458,1.82,0.4785,3.1456,2.51,-0.4029,0.0062,-0.69
1788171919.719,0.1136,3.1357,1.82,0.4790,3.1355,2.51,-0.4029,0.0062,-0.69
1788171919.819,0.1140,3.1257,1.82,0.4794,3.1255,2.51,-0.4029,0.0062,-0.69
1788171919.920,0.1144,3.1157,1.81,0.4800,3.1155,2.50,-0.4029,0.0062,-0.69
1788171920.019,0.1147,3.1056,1.81,0.4804,3.1055,2.50,-0.4029,0.0062,-0.69
1788171920.120,0.1151,3.0955,1.81,0.4809,3.0953,2.50,-0.4029,0.0062,-0.69
1788171920.219,0.1154,3.0853,1.81,0.4813,3.0852,2.49,-0.4029,0.0062,-0.69
1788171920.320,0.1157,3.0754,1.81,0.4818,3.0753,2.49,-0.4029,0.0062,-0.69
1788171920.419,0.1160,3.0653,1.81,0.4822,3.0651,2.50,-0.4029,0.0062,-0.69
1788171920.519,0.1163,3.0551,1.82,0.4826,3.0549,2.51,-0.4029,0.0062,-0.69
1788171920.619,0.1166,3.0451,1.81,0.4831,3.0449,2.50,-0.4029,0.0062,-0.69
1788171920.720,0.1169,3.0349,1.82,0.4834,3.0348,2.50,-0.4029,0.0062,-0.69
1788171920.820,0.1172,3.0248,1.82,0.4839,3.0246,2.51,-0.4029,0.0062,-0.69
1788171920.919,0.1175,3.0148,1.82,0.4843,3.0147,2.50,-0.4029,0.0062,-0.69
1788171921.019,0.1178,3.0047,1.82,0.4847,3.0046,2.51,-0.4029,0.0062,-0.69
1788171921.119,0.1182,2.9945,1.82,0.4852,2.9944,2.51,-0.4029,0.0062,-0.69
1788171921.219,0.1185,2.9845,1.81,0.4857,2.9844,2.50,-0.4029,0.0062,-0.69
1788171921.319,0.1189,2.9744,1.81,0.4861,2.9743,2.50,-0.4029,0.0062,-0.69
1788171921.419,0.1192,2.9642,1.82,0.4865,2.9641,2.51,-0.1126,-0.0773,2.48
1788171921.519,0.2459,2.8951,4.98,0.4870,2.9540,2.50,-0.1126,-0.0773,2.48
1788171921.619,0.2468,2.8852,4.97,0.4875,2.9441,2.49,-0.1126,-0.0773,2.48
1788171921.719,0.2476,2.8751,4.97,0.4879,2.9339,2.49,-0.1126,-0.0773,2.48
1788171921.819,0.2485,2.8650,4.98,0.4883,2.9238,2.49,-0.1126,-0.0773,2.48
1788171921.920,0.2494,2.8549,4.97,0.4888,2.9137,2.49,-0.1126,-0.0773,2.48
1788171922.019,0.2503,2.8449,4.97,0.4892,2.9037,2.49,-0.1126,-0.0773,2.48
1788171922.119,0.2511,2.8350,4.97,0.4896,2.8937,2.49,-0.1126,-0.0773,2.48
1788171922.220,0.2520,2.8249,4.97,0.4901,2.8836,2.49,-0.1126,-0.0773,2.48
1788171922.319,0.2529,2.8146,4.97,0.4905,2.8733,2.49,-0.1126,-0.0773,2.48
1788171922.419,0.2538,2.8046,4.97,0.4910,2.8633,2.48,-0.1126,-0.0773,2.48
1788171922.519,0.2548,2.7948,4.97,0.4915,2.8535,2.48,-0.1126,-0.0773,2.48
1788171922.620,0.2556,2.7846,4.97,0.4919,2.8433,2.49,-0.1126,-0.0773,2.48
1788171922.720,0.2564,2.7744,4.98,0.4923,2.8330,2.50,-0.1126,-0.0773,2.48
1788171922.820,0.2572,2.7644,4.99,0.4927,2.8229,2.51,-0.1126,-0.0773,2.48
1788171922.920,0.2581,2.7543,5.00,0.4931,2.8128,2.51,-0.1126,-0.0773,2.48
1788171923.020,0.2590,2.7440,5.00,0.4935,2.8025,2.52,-0.1126,-0.0773,2.48
1788171923.120,0.2598,2.7341,5.01,0.4939,2.7925,2.52,-0.1126,-0.0773,2.48
1788171923.220,0.2606,2.7241,5.02,0.4943,2.7825,2.53,-0.1126,-0.0773,2.48
1788171923.320,0.2614,2.7140,5.02,0.4947,2.7724,2.54,-0.1126,-0.0773,2.48
1788171923.420,0.2623,2.7040,5.03,0.4951,2.7624,2.54,-0.1126,-0.0773,2.48
1788171923.520,0.2632,2.6939,5.02,0.4956,2.7522,2.54,-0.1126,-0.0773,2.48
1788171923.620,0.2641,2.6839,5.02,0.4960,2.7422,2.54,-0.1126,-0.0773,2.48
1788171923.720,0.2649,2.6739,5.02,0.4965,2.7322,2.54,-0.1126,-0.0773,2.48
1788171923.819,0.2658,2.6638,5.02,0.4969,2.7221,2.54,-0.1126,-0.0773,2.48
1788171923.920,0.2667,2.6537,5.02,0.4973,2.7119,2.54,-0.1126,-0.0773,2.48
1788171924.020,0.2676,2.6436,5.02,0.4978,2.7018,2.54,-0.1126,-0.0773,2.48
1788171924.120,0.2685,2.6336,5.02,0.4982,2.6917,2.54,-0.1126,-0.0773,2.48
1788171924.220,0.2694,2.6235,5.02,0.4987,2.6817,2.54,-0.1126,-0.0773,2.48
1788171924.320,0.2703,2.6134,5.02,0.4992,2.6715,2.54,-0.1126,-0.0773,2.48
1788171924.420,0.2712,2.6033,5.02,0.4996,2.6614,2.54,-0.1126,-0.0773,2.48
1788171924.520,0.2720,2.5933,5.02,0.5001,2.6513,2.54,-0.1126,-0.0773,2.48
1788171924.619,0.2730,2.5833,5.02,0.5005,2.6414,2.53,-0.1126,-0.0773,2.48
1788171924.719,0.2740,2.5735,5.01,0.5012,2.6315,2.52,-0.1126,-0.0773,2.48
1788171924.819,0.2748,2.5633,5.01,0.5016,2.6213,2.52,-0.1126,-0.0773,2.48
1788171924.919,0.2757,2.5532,5.01,0.5020,2.6111,2.52,-0.1126,-0.0773,2.48
1788171925.019,0.2767,2.5433,4.99,0.5026,2.6012,2.51,-0.5154,0.0137,-2.34
1788171925.119,0.0931,2.5821,0.17,0.5030,2.5911,2.51,-0.5154,0.0137,-2.34
1788171925.220,0.0931,2.5717,0.17,0.5034,2.5807,2.52,-0.5154,0.0137,-2.34
1788171925.320,0.0931,2.5615,0.17,0.5038,2.5706,2.52,-0.5154,0.0137,-2.34
1788171925.419,0.0931,2.5516,0.17,0.5042,2.5606,2.52,-0.5154,0.0137,-2.34
1788171925.519,0.0931,2.5414,0.18,0.5046,2.5505,2.52,-0.5154,0.0137,-2.34
1788171925.620,0.0931,2.5312,0.18,0.5051,2.5403,2.52,-0.5154,0.0137,-2.34
1788171925.719,0.0932,2.5213,0.17,0.5056,2.5304,2.52,-0.5154,0.0137,-2.34
1788171925.819,0.0932,2.5110,0.18,0.5060,2.5201,2.52,-0.5154,0.0137,-2.34
1788171925.920,0.0933,2.5012,0.18,0.5064,2.5102,2.52,-0.5154,0.0137,-2.34
1788171926.020,0.0934,2.4911,0.17,0.5069,2.5002,2.52,-0.5154,0.0137,-2.34
1788171926.120,0.0933,2.4809,0.18,0.5073,2.4900,2.52,-0.5154,0.0137,-2.34
1788171926.220,0.0933,2.4708,0.18,0.5078,2.4799,2.52,-0.5154,0.0137,-2.34
1788171926.320,0.0934,2.4607,0.18,0.5082,2.4698,2.52,-0.5154,0.0137,-2.34
1788171926.420,0.0934,2.4506,0.18,0.5087,2.4598,2.52,-0.5154,0.0137,-2.34
1788171926.520,0.0934,2.4405,0.18,0.5091,2.4496,2.52,-0.5154,0.0137,-2.34
1788171926.620,0.0935,2.4304,0.18,0.5096,2.4396,2.52,-0.5154,0.0137,-2.34
1788171926.720,0.0935,2.4204,0.18,0.5100,2.4295,2.52,-0.5154,0.0137,-2.34
1788171926.820,0.0935,2.4101,0.18,0.5104,2.4193,2.52,-0.5154,0.0137,-2.34
1788171926.920,0.0937,2.4004,0.16,0.5110,2.4096,2.51,-0.5154,0.0137,-2.34
1788171927.020,0.0937,2.3903,0.16,0.5114,2.3994,2.51,-0.5154,0.0137,-2.34
1788171927.119,0.0936,2.3800,0.17,0.5118,2.3892,2.51,-0.5154,0.0137,-2.34
1788171927.220,0.0937,2.3700,0.16,0.5122,2.3792,2.51,-0.5154,0.0137,-2.34
1788171927.320,0.0939,2.3601,0.16,0.5128,2.3693,2.51,-0.5154,0.0137,-2.34
1788171927.419,0.0938,2.3498,0.17,0.5131,2.3590,2.52,-0.5154,0.0137,-2.34
1788171927.520,0.0937,2.3396,0.18,0.5135,2.3488,2.52,-0.5154,0.0137,-2.34
1788171927.619,0.0937,2.3296,0.17,0.5139,2.3388,2.52,-0.5154,0.0137,-2.34
1788171927.719,0.0937,2.3194,0.18,0.5144,2.3286,2.52,-0.5154,0.0137,-2.34
1788171927.820,0.0938,2.3092,0.18,0.5148,2.3185,2.53,-0.5154,0.0137,-2.34
1788171927.920,0.0937,2.2992,0.20,0.5152,2.3085,2.54,-0.5154,0.0137,-2.34
1788171928.020,0.0937,2.2891,0.20,0.5156,2.2984,2.54,-0.5154,0.0137,-2.34
1788171928.120,0.0938,2.2788,0.20,0.5161,2.2881,2.54,-0.5154,0.0137,-2.34
1788171928.219,0.0939,2.2690,0.20,0.5166,2.2783,2.54,-0.5154,0.0137,-2.34
1788171928.319,0.0939,2.2588,0.20,0.5170,2.2681,2.54,-0.5154,0.0137,-2.34
1788171928.419,0.0939,2.2484,0.19,0.5174,2.2577,2.54,-0.5154,0.0137,-2.34
1788171928.519,0.0903,2.2399,0.17,0.5142,2.2491,2.52,-0.5154,0.0137,-2.34
1788171928.619,0.0837,2.2367,0.17,0.5077,2.2456,2.51,-0.5154,0.0137,-2.34
1788171928.719,0.0748,2.2366,0.18,0.4988,2.2452,2.53,-0.5041,0.0183,-2.77
1788171928.819,0.0938,2.2374,-0.25,0.4898,2.2454,2.53,-0.5041,0.0183,-2.77
1788171928.919,0.0844,2.2377,-0.23,0.4804,2.2453,2.54,-0.5041,0.0183,-2.77
1788171929.019,0.0751,2.2379,-0.23,0.4711,2.2450,2.54,-0.5041,0.0183,-2.77
1788171929.119,0.0659,2.2383,-0.24,0.4619,2.2450,2.53,-0.5041,0.0183,-2.77
1788171929.219,0.0567,2.2384,-0.24,0.4527,2.2447,2.53,-0.5041,0.0183,-2.77
1788171929.320,0.0474,2.2386,-0.23,0.4434,2.2443,2.54,-0.5041,0.0183,-2.77
1788171929.419,0.0382,2.2389,-0.26,0.4342,2.2442,2.51,-0.5041,0.0183,-2.77
1788171929.519,0.0290,2.2388,-0.26,0.4251,2.2437,2.52,-0.5041,0.0183,-2.77
1788171929.619,0.0195,2.2387,-0.26,0.4155,2.2431,2.52,-0.5041,0.0183,-2.77
1788171929.720,0.0104,2.2389,-0.27,0.4064,2.2429,2.50,-0.5041,0.0183,-2.77
1788171929.820,0.0011,2.2391,-0.26,0.3971,2.2426,2.51,-0.5041,0.0183,-2.77
1788171929.920,-0.0083,2.2388,-0.25,0.3878,2.2419,2.53,-0.5041,0.0183,-2.77
1788171930.020,-0.0176,2.2385,-0.24,0.3785,2.2411,2.53,-0.5041,0.0183,-2.77
1788171930.120,-0.0253,2.2325,-0.26,0.3711,2.2347,2.52,-0.5041,0.0183,-2.77
1788171930.220,-0.0320,2.2252,-0.27,0.3647,2.2271,2.50,-0.5041,0.0183,-2.77
1788171930.319,-0.0401,2.2238,-0.29,0.3567,2.2254,2.48,-0.5041,0.0183,-2.77
1788171930.419,-0.0490,2.2235,-0.29,0.3479,2.2247,2.49,-0.5041,0.0183,-2.77
1788171930.519,-0.0584,2.2235,-0.29,0.3385,2.2242,2.48,-0.5041,0.0183,-2.77
1788171930.619,-0.0676,2.2241,-0.30,0.3293,2.2243,2.47,-0.5041,0.0183,-2.77
1788171930.719,-0.0769,2.2242,-0.30,0.3200,2.2240,2.47,-0.5041,0.0183,-2.77
1788171930.819,-0.0863,2.2242,-0.31,0.3106,2.2235,2.47,-0.5041,0.0183,-2.77
1788171930.919,-0.0955,2.2245,-0.31,0.3014,2.2233,2.46,-0.5041,0.0183,-2.77
1788171931.019,-0.1048,2.2246,-0.31,0.2921,2.2230,2.46,-0.5041,0.0183,-2.77
1788171931.119,-0.1144,2.2246,-0.31,0.2825,2.2225,2.46,-0.5041,0.0183,-2.77
1788171931.219,-0.1236,2.2247,-0.31,0.2733,2.2222,2.46,-0.5041,0.0183,-2.77
1788171931.320,-0.1327,2.2224,-0.31,0.2643,2.2195,2.46,-0.5041,0.0183,-2.77
1788171931.420,-0.1397,2.2155,-0.32,0.2576,2.2123,2.45,-0.5041,0.0183,-2.77
1788171931.519,-0.1474,2.2129,-0.35,0.2501,2.2092,2.42,-0.5041,0.0183,-2.77
1788171931.620,-0.1564,2.2126,-0.35,0.2411,2.2085,2.43,-0.5041,0.0183,-2.77
1788171931.720,-0.1658,2.2129,-0.34,0.2317,2.2084,2.43,-0.5041,0.0183,-2.77
1788171931.820,-0.1750,2.2133,-0.35,0.2225,2.2084,2.42,-0.5041,0.0183,-2.77
1788171931.920,-0.1844,2.2134,-0.34,0.2131,2.2080,2.43,-0.5041,0.0183,-2.77
1788171932.019,-0.1938,2.2133,-0.34,0.2037,2.2075,2.44,-0.5041,0.0183,-2.77
1788171932.119,-0.2031,2.2137,-0.35,0.1945,2.2074,2.42,-0.5041,0.0183,-2.77
1788171932.219,-0.2123,2.2137,-0.35,0.1852,2.2070,2.42,-0.5041,0.0183,-2.77
1788171932.319,-0.2218,2.2136,-0.34,0.1758,2.2063,2.44,-0.5041,0.0183,-2.77
1788171932.419,-0.2310,2.2138,-0.35,0.1665,2.2061,2.43,-0.5041,0.0183,-2.77
1788171932.519,-0.2403,2.2139,-0.34,0.1573,2.2058,2.43,-0.5041,0.0183,-2.77
1788171932.620,-0.2496,2.2138,-0.34,0.1480,2.2052,2.44,-0.5041,0.0183,-2.77
1788171932.719,-0.2541,2.1869,-0.47,0.1387,2.2050,2.43,-0.5039,-0.0306,-3.00
1788171932.819,-0.2591,2.1642,-0.59,0.1296,2.2047,2.41,-0.5039,-0.0306,-3.00
1788171932.919,-0.2684,2.1641,-0.57,0.1202,2.2040,2.43,-0.5039,-0.0306,-3.00
1788171933.019,-0.2777,2.1643,-0.59,0.1110,2.2037,2.42,-0.5039,-0.0306,-3.00
1788171933.119,-0.2871,2.1644,-0.60,0.1015,2.2034,2.41,-0.5039,-0.0306,-3.00
1788171933.219,-0.2963,2.1644,-0.59,0.0923,2.2029,2.41,-0.5039,-0.0306,-3.00
1788171933.320,-0.3056,2.1644,-0.59,0.0831,2.2024,2.42,-0.5039,-0.0306,-3.00
1788171933.419,-0.3149,2.1646,-0.59,0.0738,2.2021,2.41,-0.5039,-0.0306,-3.00
1788171933.519,-0.3242,2.1645,-0.59,0.0645,2.2016,2.41,-0.5039,-0.0306,-3.00
1788171933.619,-0.3335,2.1646,-0.57,0.0552,2.2011,2.43,-0.5039,-0.0306,-3.00
1788171933.720,-0.3428,2.1648,-0.59,0.0459,2.2008,2.42,-0.5039,-0.0306,-3.00
1788171933.820,-0.3520,2.1647,-0.59,0.0368,2.2003,2.41,-0.5039,-0.0306,-3.00
1788171933.920,-0.3613,2.1648,-0.58,0.0275,2.1999,2.42,-0.5039,-0.0306,-3.00
1788171934.020,-0.3704,2.1651,-0.60,0.0183,2.1997,2.40,-0.5039,-0.0306,-3.00
1788171934.120,-0.3798,2.1652,-0.60,0.0089,2.1993,2.40,-0.5039,-0.0306,-3.00
1788171934.220,-0.3891,2.1651,-0.59,-0.0003,2.1987,2.41,-0.5039,-0.0306,-3.00
1788171934.319,-0.3983,2.1654,-0.61,-0.0095,2.1986,2.39,-0.5039,-0.0306,-3.00
1788171934.419,-0.4076,2.1656,-0.61,-0.0188,2.1983,2.39,-0.5039,-0.0306,-3.00
1788171934.519,-0.4169,2.1655,-0.59,-0.0281,2.1977,2.41,-0.5039,-0.0306,-3.00
1788171934.620,-0.4260,2.1658,-0.60,-0.0372,2.1975,2.40,-0.5039,-0.0306,-3.00
1788171934.720,-0.4354,2.1661,-0.60,-0.0466,2.1973,2.40,-0.5039,-0.0306,-3.00
1788171934.819,-0.4449,2.1658,-0.60,-0.0561,2.1965,2.41,-0.5039,-0.0306,-3.00
1788171934.919,-0.4540,2.1661,-0.61,-0.0652,2.1963,2.39,-0.5039,-0.0306,-3.00
1788171935.019,-0.4633,2.1664,-0.60,-0.0745,2.1962,2.40,-0.5039,-0.0306,-3.00
1788171935.119,-0.4728,2.1664,-0.59,-0.0840,2.1956,2.42,-0.5039,-0.0306,-3.00
1788171935.219,-0.4817,2.1645,-0.59,-0.0928,2.1932,2.41,-0.5039,-0.0306,-3.00
1788171935.320,-0.4868,2.1581,-0.60,-0.0976,2.1867,2.40,-0.5039,-0.0306,-3.00
1788171935.419,-0.4876,2.1481,-0.60,-0.0978,2.1766,2.40,-0.5039,-0.0306,-3.00
1788171935.519,-0.4876,2.1378,-0.60,-0.0973,2.1663,2.40,-0.5039,-0.0306,-3.00
1788171935.619,-0.4876,2.1274,-0.60,-0.0967,2.1559,2.40,-0.5039,-0.0306,-3.00
1788171935.719,-0.4877,2.1170,-0.60,-0.0962,2.1455,2.40,-0.5039,-0.0306,-3.00
1788171935.820,-0.4878,2.1065,-0.61,-0.0958,2.1350,2.40,-0.5039,-0.0306,-3.00
1788171935.919,-0.4879,2.0962,-0.61,-0.0953,2.1247,2.39,-0.5039,-0.0306,-3.00
1788171936.020,-0.4880,2.0860,-0.61,-0.0949,2.1145,2.39,-0.5039,-0.0306,-3.00
1788171936.120,-0.4880,2.0759,-0.62,-0.0945,2.1045,2.38,-0.5039,-0.0306,-3.00
1788171936.219,-0.4881,2.0659,-0.63,-0.0940,2.0945,2.38,-0.5039,-0.0306,-3.00
1788171936.319,-0.4882,2.0557,-0.63,-0.0935,2.0843,2.38,-0.5039,-0.0306,-3.00
1788171936.419,-0.4883,2.0454,-0.63,-0.0931,2.0740,2.37,-0.5039,-0.0306,-3.00
1788171936.520,-0.4883,2.0354,-0.64,-0.0926,2.0640,2.37,-0.5039,-0.0306,-3.00
1788171936.620,-0.4883,2.0254,-0.63,-0.0921,2.0541,2.37,-0.5039,-0.0306,-3.00
1788171936.720,-0.4885,2.0152,-0.64,-0.0917,2.0438,2.37,-0.5039,-0.0306,-3.00
1788171936.820,-0.4886,2.0050,-0.64,-0.0913,2.0336,2.37,-0.5039,-0.0306,-3.00
1788171936.920,-0.4888,1.9949,-0.64,-0.0909,2.0235,2.36,-0.5039,-0.0306,-3.00
1788171937.019,-0.4889,1.9848,-0.64,-0.0906,2.0134,2.36,-0.3487,-0.0068,-2.14
1788171937.119,-0.3638,1.9983,0.22,-0.0902,2.0031,2.36,-0.3487,-0.0068,-2.14
1788171937.219,-0.3638,1.9882,0.22,-0.0898,1.9930,2.37,-0.3487,-0.0068,-2.14
1788171937.320,-0.3637,1.9781,0.23,-0.0893,1.9829,2.37,-0.3487,-0.0068,-2.14
1788171937.419,-0.3637,1.9680,0.23,-0.0889,1.9729,2.37,-0.3487,-0.0068,-2.14
1788171937.519,-0.3636,1.9579,0.23,-0.0885,1.9627,2.37,-0.3487,-0.0068,-2.14
1788171937.619,-0.3636,1.9479,0.23,-0.0881,1.9528,2.38,-0.3487,-0.0068,-2.14
1788171937.720,-0.3635,1.9377,0.23,-0.0876,1.9426,2.38,-0.3487,-0.0068,-2.14
1788171937.819,-0.3635,1.9278,0.24,-0.0872,1.9327,2.38,-0.3487,-0.0068,-2.14
1788171937.919,-0.3635,1.9176,0.24,-0.0868,1.9225,2.38,-0.3487,-0.0068,-2.14
1788171938.019,-0.3634,1.9074,0.24,-0.0864,1.9123,2.38,-0.3487,-0.0068,-2.14
1788171938.119,-0.3634,1.8972,0.24,-0.0860,1.9021,2.39,-0.3487,-0.0068,-2.14
1788171938.220,-0.3633,1.8872,0.24,-0.0855,1.8921,2.39,-0.3487,-0.0068,-2.14
1788171938.319,-0.3633,1.8770,0.24,-0.0851,1.8819,2.39,-0.3487,-0.0068,-2.14
1788171938.419,-0.3633,1.8669,0.24,-0.0847,1.8719,2.39,-0.3487,-0.0068,-2.14
1788171938.519,-0.3633,1.8570,0.25,-0.0844,1.8619,2.40,-0.3487,-0.0068,-2.14
1788171938.619,-0.3632,1.8469,0.25,-0.0839,1.8518,2.40,-0.3487,-0.0068,-2.14
1788171938.720,-0.3632,1.8370,0.26,-0.0835,1.8419,2.40,-0.3487,-0.0068,-2.14
1788171938.820,-0.3632,1.8269,0.26,-0.0831,1.8319,2.40,-0.3487,-0.0068,-2.14
1788171938.920,-0.3632,1.8166,0.02,-0.0827,1.8216,2.17,-0.3487,-0.0068,-2.14
1788171939.020,-0.3631,1.8064,0.01,-0.0823,1.8114,2.16,-0.3487,-0.0068,-2.14
1788171939.119,-0.3632,1.7963,-0.01,-0.0820,1.8013,2.13,-0.3487,-0.0068,-2.14
1788171939.219,-0.3633,1.7863,-0.55,-0.0817,1.7913,1.59,-0.3487,-0.0068,-2.14
1788171939.319,-0.3632,1.7760,-0.61,-0.0812,1.7810,1.53,-0.3487,-0.0068,-2.14
1788171939.420,-0.3633,1.7659,-0.62,-0.0809,1.7710,1.53,-0.3487,-0.0068,-2.14
1788171939.519,-0.3633,1.7558,-0.62,-0.0806,1.7608,1.53,-0.3487,-0.0068,-2.14
1788171939.619,-0.3640,1.7457,-1.06,-0.0809,1.7507,1.08,-0.3487,-0.0068,-2.14
1788171939.719,-0.3637,1.7356,-1.61,-0.0803,1.7406,0.54,-0.3487,-0.0068,-2.14
1788171939.819,-0.3639,1.7254,-1.62,-0.0801,1.7304,0.52,-0.3487,-0.0068,-2.14
1788171939.919,-0.3642,1.7153,-1.62,-0.0800,1.7203,0.53,-0.3487,-0.0068,-2.14
1788171940.019,-0.3645,1.7052,-1.62,-0.0799,1.7102,0.52,-0.3487,-0.0068,-2.14
1788171940.119,-0.3647,1.6952,-1.61,-0.0798,1.7002,0.54,-0.3487,-0.0068,-2.14
1788171940.219,-0.3650,1.6854,-1.60,-0.0796,1.6904,0.55,-0.3487,-0.0068,-2.14
1788171940.319,-0.3653,1.6752,-1.60,-0.0796,1.6802,0.54,-0.3487,-0.0068,-2.14
1788171940.419,-0.3656,1.6652,-1.60,-0.0795,1.6702,0.54,-0.3487,-0.0068,-2.14
1788171940.519,-0.3659,1.6551,-1.60,-0.0794,1.6601,0.54,-0.3487,-0.0068,-2.14
1788171940.620,-0.3662,1.6450,-1.61,-0.0794,1.6500,0.54,-0.3487,-0.0068,-2.14
1788171940.719,-0.3665,1.6349,-1.61,-0.0792,1.6399,0.53,-0.4372,0.0223,-4.79
1788171940.819,-0.3801,1.6529,-4.26,-0.0792,1.6297,0.53,-0.4372,0.0223,-4.79
1788171940.919,-0.3809,1.6429,-4.27,-0.0791,1.6196,0.52,-0.4372,0.0223,-4.79
1788171941.019,-0.3817,1.6329,-4.26,-0.0790,1.6096,0.52,-0.4372,0.0223,-4.79
1788171941.119,-0.3824,1.6228,-4.26,-0.0789,1.5995,0.52,-0.4372,0.0223,-4.79
1788171941.219,-0.3832,1.6127,-4.27,-0.0788,1.5894,0.52,-0.4372,0.0223,-4.79
1788171941.320,-0.3839,1.6026,-4.27,-0.0787,1.5793,0.52,-0.4372,0.0223,-4.79
1788171941.419,-0.3847,1.5925,-4.27,-0.0787,1.5691,0.52,-0.4372,0.0223,-4.79
1788171941.519,-0.3854,1.5824,-4.27,-0.0786,1.5590,0.52,-0.4372,0.0223,-4.79
1788171941.619,-0.3862,1.5723,-4.27,-0.0785,1.5489,0.52,-0.4372,0.0223,-4.79
1788171941.719,-0.3869,1.5622,-4.27,-0.0784,1.5388,0.52,-0.4372,0.0223,-4.79
1788171941.820,-0.3877,1.5522,-4.27,-0.0783,1.5287,0.52,-0.4372,0.0223,-4.79
1788171941.920,-0.3884,1.5421,-4.27,-0.0782,1.5186,0.52,-0.4372,0.0223,-4.79
1788171942.020,-0.3892,1.5320,-4.27,-0.0781,1.5085,0.52,-0.4372,0.0223,-4.79
1788171942.119,-0.3899,1.5219,-4.27,-0.0780,1.4984,0.52,-0.4372,0.0223,-4.79
1788171942.219,-0.3906,1.5119,-4.26,-0.0779,1.4884,0.53,-0.4372,0.0223,-4.79
1788171942.319,-0.3914,1.5020,-4.26,-0.0778,1.4784,0.53,-0.4372,0.0223,-4.79
1788171942.419,-0.3921,1.4919,-4.25,-0.0777,1.4683,0.53,-0.4372,0.0223,-4.79
1788171942.519,-0.3929,1.4818,-4.25,-0.0776,1.4582,0.53,-0.4372,0.0223,-4.79
1788171942.620,-0.3937,1.4718,-4.25,-0.0775,1.4481,0.53,-0.4372,0.0223,-4.79
1788171942.719,-0.3944,1.4617,-4.24,-0.0774,1.4380,0.54,-0.4372,0.0223,-4.79
1788171942.819,-0.3952,1.4517,-4.24,-0.0774,1.4280,0.55,-0.4372,0.0223,-4.79
1788171942.919,-0.3960,1.4416,-4.24,-0.0774,1.4178,0.55,-0.4372,0.0223,-4.79
1788171943.019,-0.3968,1.4315,-4.24,-0.0773,1.4077,0.55,-0.4372,0.0223,-4.79
1788171943.119,-0.3976,1.4214,-4.25,-0.0772,1.3975,0.54,-0.4372,0.0223,-4.79
1788171943.220,-0.3984,1.4114,-4.25,-0.0772,1.3875,0.54,-0.4372,0.0223,-4.79
1788171943.320,-0.3992,1.4014,-4.25,-0.0771,1.3775,0.54,-0.4372,0.0223,-4.79
1788171943.420,-0.3999,1.3913,-4.25,-0.0770,1.3674,0.54,-0.4372,0.0223,-4.79
1788171943.519,-0.4006,1.3812,-4.25,-0.0769,1.3573,0.53,-0.4372,0.0223,-4.79
1788171943.620,-0.4013,1.3711,-4.26,-0.0768,1.3471,0.53,-0.4372,0.0223,-4.79
1788171943.720,-0.4021,1.3610,-4.26,-0.0767,1.3370,0.52,-0.4372,0.0223,-4.79
1788171943.820,-0.4029,1.3510,-4.27,-0.0766,1.3270,0.52,-0.4372,0.0223,-4.79
1788171943.920,-0.4036,1.3409,-4.27,-0.0765,1.3169,0.52,-0.4372,0.0223,-4.79
1788171944.019,-0.4043,1.3308,-4.27,-0.0764,1.3067,0.52,-0.4372,0.0223,-4.79
1788171944.119,-0.4051,1.3208,-4.27,-0.0764,1.2967,0.51,-0.4372,0.0223,-4.79
1788171944.220,-0.4059,1.3107,-4.27,-0.0763,1.2866,0.52,-0.4372,0.0223,-4.79
1788171944.319,-0.4065,1.3005,-4.27,-0.0761,1.2763,0.52,-0.6433,0.1263,-12.13
1788171944.419,-0.4499,1.3771,-11.34,-0.0759,1.2660,0.51,-0.6433,0.1263,-12.13
1788171944.519,-0.4536,1.3703,-11.61,-0.0759,1.2561,0.51,-0.6433,0.1263,-12.13
1788171944.619,-0.4556,1.3605,-11.62,-0.0758,1.2461,0.51,-0.6433,0.1263,-12.13
1788171944.720,-0.4576,1.3506,-11.62,-0.0756,1.2359,0.51,-0.6433,0.1263,-12.13
1788171944.819,-0.4596,1.3407,-11.62,-0.0755,1.2258,0.51,-0.6433,0.1263,-12.13
1788171944.919,-0.4617,1.3309,-11.62,-0.0755,1.2159,0.51,-0.6433,0.1263,-12.13
1788171945.019,-0.4637,1.3212,-11.62,-0.0755,1.2059,0.51,-0.6433,0.1263,-12.13
1788171945.119,-0.4658,1.3112,-11.61,-0.0754,1.1958,0.52,-0.6433,0.1263,-12.13
1788171945.219,-0.4678,1.3013,-11.60,-0.0753,1.1856,0.53,-0.6433,0.1263,-12.13
1788171945.320,-0.4698,1.2914,-11.60,-0.0752,1.1755,0.53,-0.6433,0.1263,-12.13
1788171945.419,-0.4719,1.2815,-11.60,-0.0751,1.1654,0.53,-0.6433,0.1263,-12.13
1788171945.519,-0.4739,1.2716,-11.60,-0.0750,1.1553,0.53,-0.6433,0.1263,-12.13
1788171945.619,-0.4759,1.2617,-11.60,-0.0749,1.1452,0.53,-0.6433,0.1263,-12.13
1788171945.719,-0.4780,1.2518,-11.60,-0.0748,1.1351,0.53,-0.6433,0.1263,-12.13
1788171945.819,-0.4801,1.2420,-11.60,-0.0748,1.1251,0.53,-0.6433,0.1263,-12.13
1788171945.919,-0.4820,1.2321,-11.60,-0.0747,1.1150,0.53,-0.6433,0.1263,-12.13
1788171946.020,-0.4841,1.2220,-11.60,-0.0746,1.1047,0.53,-0.6433,0.1263,-12.13
1788171946.119,-0.4861,1.2123,-11.60,-0.0744,1.0948,0.53,-0.6433,0.1263,-12.13
1788171946.220,-0.4881,1.2023,-11.60,-0.0743,1.0846,0.53,-0.6433,0.1263,-12.13
1788171946.320,-0.4902,1.1924,-11.60,-0.0742,1.0745,0.52,-0.6433,0.1263,-12.13
1788171946.420,-0.4922,1.1825,-11.61,-0.0741,1.0643,0.52,-0.6433,0.1263,-12.13
1788171946.520,-0.4942,1.1726,-11.61,-0.0740,1.0542,0.52,-0.6433,0.1263,-12.13
1788171946.620,-0.4962,1.1626,-11.61,-0.0739,1.0441,0.51,-0.6433,0.1263,-12.13
1788171946.720,-0.4982,1.1527,-11.62,-0.0738,1.0340,0.51,-0.6433,0.1263,-12.13
1788171946.820,-0.5002,1.1428,-11.62,-0.0737,1.0238,0.51,-0.6433,0.1263,-12.13
1788171946.920,-0.5023,1.1328,-11.62,-0.0736,1.0136,0.51,-0.6433,0.1263,-12.13
1788171947.020,-0.5043,1.1230,-11.62,-0.0735,1.0037,0.51,-0.6433,0.1263,-12.13
1788171947.120,-0.5063,1.1132,-11.62,-0.0734,0.9936,0.51,-0.6433,0.1263,-12.13
1788171947.220,-0.5084,1.1033,-11.62,-0.0733,0.9835,0.51,-0.6433,0.1263,-12.13
1788171947.320,-0.5104,1.0933,-11.62,-0.0732,0.9734,0.51,-0.6433,0.1263,-12.13
1788171947.419,-0.5124,1.0834,-11.62,-0.0731,0.9632,0.51,-0.6433,0.1263,-12.13
1788171947.519,-0.5145,1.0736,-11.62,-0.0731,0.9533,0.51,-0.6433,0.1263,-12.13
1788171947.619,-0.5165,1.0638,-11.61,-0.0730,0.9432,0.51,-0.6433,0.1263,-12.13
1788171947.719,-0.5185,1.0539,-11.62,-0.0729,0.9331,0.51,-0.6433,0.1263,-12.13
1788171947.819,-0.5206,1.0439,-11.62,-0.0728,0.9229,0.51,-0.6433,0.1263,-12.13
1788171947.919,-0.5226,1.0340,-11.62,-0.0727,0.9128,0.51,-0.6433,0.1263,-12.13
1788171948.020,-0.5246,1.0242,-11.61,-0.0726,0.9028,0.52,-0.5881,0.1655,-10.97
1788171948.119,-0.4894,1.0557,-10.45,-0.0725,0.8927,0.52,-0.5881,0.1655,-10.97
1788171948.219,-0.4913,1.0458,-10.45,-0.0725,0.8826,0.52,-0.5881,0.1655,-10.97
1788171948.319,-0.4931,1.0357,-10.45,-0.0724,0.8724,0.52,-0.5881,0.1655,-10.97
1788171948.419,-0.4949,1.0259,-10.46,-0.0723,0.8624,0.52,-0.5881,0.1655,-10.97
1788171948.519,-0.4968,1.0160,-10.45,-0.0722,0.8523,0.52,-0.5881,0.1655,-10.97
1788171948.619,-0.4986,1.0061,-10.45,-0.0721,0.8422,0.52,-0.5881,0.1655,-10.97
1788171948.720,-0.5003,0.9962,-10.46,-0.0719,0.8323,0.51,-0.5881,0.1655,-10.97
1788171948.819,-0.5022,0.9863,-10.46,-0.0718,0.8221,0.51,-0.5881,0.1655,-10.97
1788171948.919,-0.5040,0.9762,-10.46,-0.0718,0.8119,0.51,-0.5881,0.1655,-10.97
1788171949.019,-0.5059,0.9662,-10.46,-0.0717,0.8017,0.51,-0.5881,0.1655,-10.97
1788171949.119,-0.5078,0.9563,-10.46,-0.0716,0.7916,0.51,-0.5881,0.1655,-10.97
1788171949.219,-0.5096,0.9465,-10.45,-0.0716,0.7817,0.52,-0.5881,0.1655,-10.97
1788171949.319,-0.5114,0.9366,-10.46,-0.0715,0.7716,0.51,-0.5881,0.1655,-10.97
1788171949.419,-0.5133,0.9266,-10.47,-0.0714,0.7615,0.51,-0.5881,0.1655,-10.97
1788171949.519,-0.5151,0.9166,-10.47,-0.0713,0.7512,0.50,-0.5881,0.1655,-10.97
1788171949.619,-0.5168,0.9068,-10.49,-0.0711,0.7413,0.48,-0.5881,0.1655,-10.97
1788171949.719,-0.5185,0.8971,-10.50,-0.0709,0.7315,0.48,-0.5881,0.1655,-10.97
1788171949.819,-0.5204,0.8870,-10.49,-0.0709,0.7212,0.48,-0.5881,0.1655,-10.97
1788171949.919,-0.5224,0.8770,-10.49,-0.0709,0.7110,0.48,-0.5881,0.1655,-10.97
1788171950.019,-0.5241,0.8671,-10.49,-0.0707,0.7009,0.48,-0.5881,0.1655,-10.97
1788171950.119,-0.5259,0.8572,-10.50,-0.0706,0.6909,0.47,-0.5881,0.1655,-10.97
1788171950.219,-0.5278,0.8472,-10.49,-0.0705,0.6808,0.48,-0.5881,0.1655,-10.97
1788171950.320,-0.5296,0.8373,-10.49,-0.0705,0.6706,0.49,-0.5881,0.1655,-10.97
1788171950.420,-0.5315,0.8275,-10.48,-0.0704,0.6607,0.49,-0.5881,0.1655,-10.97
1788171950.519,-0.5326,0.8221,-10.48,-0.0705,0.6552,0.49,-0.5881,0.1655,-10.97
1788171950.620,-0.5335,0.8174,-10.48,-0.0704,0.6504,0.49,-0.5881,0.1655,-10.97
1788171950.720,-0.5341,0.8129,-10.49,-0.0702,0.6459,0.48,-0.5881,0.1655,-10.97
1788171950.819,-0.5346,0.8085,-10.50,-0.0699,0.6414,0.47,-0.5881,0.1655,-10.97
1788171950.919,-0.5356,0.8036,-10.50,-0.0699,0.6365,0.47,-0.5881,0.1655,-10.97
1788171951.019,-0.5366,0.7987,-10.49,-0.0699,0.6314,0.48,-0.5881,0.1655,-10.97
1788171951.119,-0.5376,0.7936,-10.49,-0.0700,0.6262,0.48,-0.5881,0.1655,-10.97
1788171951.219,-0.5386,0.7887,-10.48,-0.0700,0.6212,0.49,-0.5881,0.1655,-10.97
1788171951.320,-0.5395,0.7840,-10.49,-0.0699,0.6164,0.48,-0.5881,0.1655,-10.97
1788171951.419,-0.5403,0.7792,-10.49,-0.0698,0.6116,0.48,-0.5881,0.1655,-10.97
1788171951.519,-0.5412,0.7743,-10.50,-0.0698,0.6066,0.48,-0.5881,0.1655,-10.97
1788171951.619,-0.5421,0.7694,-10.49,-0.0698,0.6016,0.48,-0.5881,0.1655,-10.97
1788171951.719,-0.5431,0.7643,-10.49,-0.0698,0.5964,0.48,-0.5881,0.1655,-10.97
1788171951.819,-0.5441,0.7593,-10.48,-0.0698,0.5913,0.49,-0.5881,0.1655,-10.97
1788171951.919,-0.5450,0.7544,-10.48,-0.0698,0.5864,0.49,-0.5881,0.1655,-10.97
1788171952.019,-0.5458,0.7496,-10.49,-0.0697,0.5814,0.48,-0.5881,0.1655,-10.97
1788171952.119,-0.5467,0.7448,-10.50,-0.0696,0.5766,0.47,-0.5881,0.1655,-10.97
1788171952.219,-0.5476,0.7398,-10.50,-0.0695,0.5715,0.48,-0.5881,0.1655,-10.97
1788171952.319,-0.5486,0.7348,-10.49,-0.0695,0.5664,0.48,-0.5881,0.1655,-10.97
1788171952.419,-0.5495,0.7298,-10.49,-0.0695,0.5613,0.48,-0.5881,0.1655,-10.97
1788171952.519,-0.5505,0.7249,-10.48,-0.0695,0.5563,0.49,-0.5881,0.1655,-10.97
1788171952.619,-0.5510,0.7198,-10.46,-0.0691,0.5513,0.51,-0.5881,0.1655,-10.97
1788171952.719,-0.5487,0.7159,-10.45,-0.0661,0.5478,0.52,-0.5719,0.1486,-12.01
1788171952.819,-0.5202,0.6944,-11.50,-0.0631,0.5446,0.51,-0.5719,0.1486,-12.01
1788171952.919,-0.5186,0.6898,-11.54,-0.0606,0.5405,0.47,-0.5719,0.1486,-12.01
1788171953.019,-0.5188,0.6852,-11.56,-0.0598,0.5359,0.45,-0.5719,0.1486,-12.01
1788171953.119,-0.5198,0.6802,-11.56,-0.0597,0.5308,0.45,-0.5719,0.1486,-12.01
1788171953.219,-0.5190,0.6753,-11.54,-0.0579,0.5262,0.48,-0.5719,0.1486,-12.01
1788171953.320,-0.5175,0.6708,-11.54,-0.0556,0.5221,0.47,-0.5719,0.1486,-12.01
1788171953.420,-0.5152,0.6667,-11.55,-0.0524,0.5186,0.47,-0.5719,0.1486,-12.01
1788171953.519,-0.5128,0.6627,-11.54,-0.0492,0.5151,0.47,-0.5719,0.1486,-12.01
1788171953.619,-0.5104,0.6586,-11.53,-0.0460,0.5116,0.48,-0.5719,0.1486,-12.01
1788171953.719,-0.5111,0.6538,-11.53,-0.0457,0.5068,0.48,-0.5719,0.1486,-12.01
1788171953.819,-0.5122,0.6489,-11.53,-0.0457,0.5017,0.48,-0.5719,0.1486,-12.01
1788171953.919,-0.5132,0.6439,-11.54,-0.0457,0.4966,0.47,-0.5719,0.1486,-12.01
1788171954.020,-0.5142,0.6388,-11.54,-0.0457,0.4915,0.47,-0.5719,0.1486,-12.01
1788171954.120,-0.5153,0.6336,-11.55,-0.0456,0.4862,0.46,-0.5719,0.1486,-12.01
1788171954.220,-0.5163,0.6286,-11.55,-0.0455,0.4810,0.46,-0.5719,0.1486,-12.01
1788171954.319,-0.5174,0.6234,-11.55,-0.0456,0.4758,0.46,-0.5719,0.1486,-12.01
1788171954.419,-0.5162,0.6188,-11.54,-0.0435,0.4716,0.48,-0.5719,0.1486,-12.01
1788171954.519,-0.5141,0.6149,-11.55,-0.0406,0.4681,0.46,-0.5719,0.1486,-12.01
1788171954.619,-0.5125,0.6109,-11.57,-0.0381,0.4646,0.44,-0.5719,0.1486,-12.01
1788171954.719,-0.5136,0.6060,-11.59,-0.0382,0.4595,0.43,-0.5719,0.1486,-12.01
1788171954.819,-0.5147,0.6011,-11.58,-0.0382,0.4545,0.43,-0.5719,0.1486,-12.01
1788171954.919,-0.5157,0.5959,-11.59,-0.0382,0.4492,0.43,-0.5719,0.1486,-12.01
1788171955.019,-0.5168,0.5909,-11.59,-0.0382,0.4441,0.43,-0.5719,0.1486,-12.01
1788171955.119,-0.5178,0.5858,-11.59,-0.0381,0.4389,0.42,-0.5719,0.1486,-12.01
1788171955.219,-0.5188,0.5808,-11.59,-0.0381,0.4338,0.43,-0.5719,0.1486,-12.01
1788171955.319,-0.5199,0.5758,-11.59,-0.0380,0.4287,0.42,-0.5719,0.1486,-12.01
1788171955.419,-0.5209,0.5709,-11.59,-0.0380,0.4237,0.43,-0.5719,0.1486,-12.01
1788171955.519,-0.5219,0.5660,-11.59,-0.0380,0.4187,0.43,-0.5719,0.1486,-12.01
1788171955.619,-0.5229,0.5612,-11.59,-0.0380,0.4137,0.43,-0.5719,0.1486,-12.01
1788171955.719,-0.5239,0.5563,-11.58,-0.0379,0.4088,0.43,-0.5719,0.1486,-12.01
1788171955.819,-0.5249,0.5514,-11.58,-0.0379,0.4038,0.44,-0.5719,0.1486,-12.01
1788171955.920,-0.5259,0.5465,-11.58,-0.0379,0.3987,0.44,-0.5719,0.1486,-12.01
1788171956.020,-0.5269,0.5416,-11.57,-0.0379,0.3938,0.44,-0.5719,0.1486,-12.01
1788171956.120,-0.5279,0.5367,-11.57,-0.0378,0.3888,0.44,-0.5719,0.1486,-12.01
1788171956.220,-0.5289,0.5317,-11.57,-0.0377,0.3837,0.44,-0.5719,0.1486,-12.01
1788171956.320,-0.5299,0.5268,-11.57,-0.0377,0.3786,0.44,-0.5719,0.1486,-12.01
1788171956.420,-0.5310,0.5220,-11.57,-0.0377,0.3737,0.44,-0.5719,0.1486,-12.01
1788171956.520,-0.5320,0.5171,-11.57,-0.0377,0.3688,0.44,-0.5719,0.1486,-12.01
1788171956.619,-0.5330,0.5123,-11.57,-0.0377,0.3638,0.45,-0.5719,0.1486,-12.01
1788171956.720,-0.5345,0.5055,-11.57,-0.0378,0.3569,0.44,-0.5719,0.1486,-12.01
1788171956.819,-0.5367,0.4958,-11.58,-0.0378,0.3469,0.44,-0.5719,0.1486,-12.01
1788171956.919,-0.5387,0.4855,-11.57,-0.0377,0.3365,0.44,-0.5719,0.1486,-12.01
1788171957.019,-0.5407,0.4754,-11.58,-0.0375,0.3261,0.44,-0.5719,0.1486,-12.01
1788171957.119,-0.5427,0.4651,-11.59,-0.0374,0.3157,0.43,-0.5719,0.1486,-12.01
1788171957.219,-0.5447,0.4550,-11.59,-0.0372,0.3054,0.43,-0.5719,0.1486,-12.01
1788171957.320,-0.5467,0.4451,-11.59,-0.0371,0.2953,0.42,-0.5719,0.1486,-12.01
1788171957.419,-0.5488,0.4353,-11.60,-0.0371,0.2853,0.42,-0.5719,0.1486,-12.01
1788171957.519,-0.5508,0.4255,-11.60,-0.0370,0.2752,0.42,-0.5719,0.1486,-12.01
1788171957.619,-0.5528,0.4155,-11.60,-0.0369,0.2651,0.42,-0.5719,0.1486,-12.01
1788171957.719,-0.5548,0.4056,-11.60,-0.0368,0.2549,0.41,-0.5719,0.1486,-12.01
1788171957.820,-0.5568,0.3956,-11.60,-0.0367,0.2447,0.41,-0.5719,0.1486,-12.01
1788171957.920,-0.5588,0.3856,-11.60,-0.0366,0.2345,0.41,-0.5719,0.1486,-12.01
1788171958.020,-0.5609,0.3757,-11.61,-0.0365,0.2244,0.41,-0.5719,0.1486,-12.01
1788171958.119,-0.5629,0.3658,-11.62,-0.0365,0.2144,0.40,-0.5719,0.1486,-12.01
1788171958.219,-0.5649,0.3560,-11.62,-0.0364,0.2044,0.40,-0.5719,0.1486,-12.01
1788171958.319,-0.5670,0.3461,-11.62,-0.0363,0.1943,0.40,-0.5719,0.1486,-12.01
1788171958.419,-0.5691,0.3363,-11.62,-0.0363,0.1842,0.39,-0.5537,0.1588,-12.24
1788171958.520,-0.5522,0.3367,-11.85,-0.0362,0.1742,0.40,-0.5537,0.1588,-12.24
1788171958.619,-0.5543,0.3267,-11.84,-0.0361,0.1640,0.40,-0.5537,0.1588,-12.24
1788171958.720,-0.5563,0.3168,-11.84,-0.0360,0.1538,0.40,-0.5537,0.1588,-12.24
1788171958.820,-0.5584,0.3068,-11.84,-0.0359,0.1436,0.41,-0.5537,0.1588,-12.24
1788171958.919,-0.5604,0.2970,-11.84,-0.0358,0.1336,0.40,-0.5537,0.1588,-12.24
1788171959.019,-0.5625,0.2872,-11.85,-0.0357,0.1236,0.40,-0.5537,0.1588,-12.24
1788171959.119,-0.5646,0.2771,-11.84,-0.0357,0.1133,0.40,-0.5537,0.1588,-12.24
1788171959.219,-0.5667,0.2672,-11.84,-0.0356,0.1031,0.40,-0.5537,0.1588,-12.24
1788171959.319,-0.5686,0.2573,-11.85,-0.0354,0.0930,0.39,-0.5537,0.1588,-12.24
1788171959.419,-0.5707,0.2475,-11.85,-0.0353,0.0831,0.39,-0.5537,0.1588,-12.24
1788171959.519,-0.5728,0.2375,-11.84,-0.0353,0.0729,0.40,-0.5537,0.1588,-12.24
1788171959.619,-0.5748,0.2277,-11.85,-0.0352,0.0628,0.39,-0.5537,0.1588,-12.24
1788171959.719,-0.5769,0.2177,-11.85,-0.0351,0.0527,0.39,-0.5537,0.1588,-12.24
1788171959.819,-0.5790,0.2078,-11.84,-0.0351,0.0425,0.40,-0.5537,0.1588,-12.24
1788171959.919,-0.5810,0.1980,-11.84,-0.0350,0.0325,0.41,-0.5537,0.1588,-12.24
1788171960.020,-0.5831,0.1881,-11.84,-0.0349,0.0224,0.41,-0.5537,0.1588,-12.24
1788171960.119,-0.5852,0.1782,-11.84,-0.0349,0.0122,0.41,-0.5537,0.1588,-12.24
1788171960.219,-0.5867,0.1716,-11.83,-0.0349,0.0055,0.41,-0.5537,0.1588,-12.24
1788171960.319,-0.5877,0.1668,-11.83,-0.0349,0.0006,0.41,-0.5537,0.1588,-12.24
1788171960.419,-0.5887,0.1619,-11.84,-0.0348,-0.0044,0.40,-0.5537,0.1588,-12.24
1788171960.519,-0.5896,0.1573,-11.84,-0.0348,-0.0091,0.41,-0.5537,0.1588,-12.24
1788171960.620,-0.5902,0.1525,-11.81,-0.0343,-0.0139,0.43,-0.5537,0.1588,-12.24
1788171960.720,-0.5873,0.1499,-11.81,-0.0309,-0.0158,0.44,-0.5537,0.1588,-12.24
1788171960.820,-0.5832,0.1490,-11.79,-0.0267,-0.0158,0.46,-0.5537,0.1588,-12.24
1788171960.920,-0.5788,0.1486,-11.79,-0.0224,-0.0153,0.46,-0.5537,0.1588,-12.24
1788171961.020,-0.5744,0.1479,-11.79,-0.0179,-0.0151,0.45,-0.5537,0.1588,-12.24
1788171961.120,-0.5700,0.1471,-11.80,-0.0134,-0.0149,0.44,-0.5537,0.1588,-12.24
1788171961.220,-0.5656,0.1462,-11.82,-0.0089,-0.0148,0.42,-0.5537,0.1588,-12.24
1788171961.319,-0.5613,0.1456,-11.84,-0.0046,-0.0146,0.41,-0.5537,0.1588,-12.24
1788171961.420,-0.5610,0.1456,-11.84,-0.0043,-0.0145,0.41,-0.5537,0.1588,-12.24
1788171961.519,-0.5610,0.1456,-11.84,-0.0043,-0.0145,0.41,-0.5537,0.1588,-12.24
1788171961.619,-0.5611,0.1454,-11.84,-0.0043,-0.0147,0.41,-0.5537,0.1588,-12.24
1788171961.719,-0.5621,0.1409,-11.84,-0.0044,-0.0193,0.40,-0.5537,0.1588,-12.24
1788171961.819,-0.5630,0.1370,-11.85,-0.0044,-0.0233,0.40,-0.5537,0.1588,-12.24
1788171961.919,-0.5631,0.1369,-11.85,-0.0045,-0.0234,0.39,-0.5537,0.1588,-12.24
1788171962.019,-0.5634,0.1367,-11.87,-0.0047,-0.0237,0.37,-0.5537,0.1588,-12.24
1788171962.119,-0.5634,0.1367,-11.87,-0.0047,-0.0237,0.37,-0.5537,0.1588,-12.24
1788171962.220,-0.5634,0.1367,-11.87,-0.0048,-0.0236,0.37,-0.5537,0.1588,-12.24
1788171962.319,-0.5634,0.1367,-11.87,-0.0048,-0.0236,0.37,-0.5537,0.1588,-12.24
1788171962.419,-0.5601,0.1357,-11.87,-0.0014,-0.0240,0.38,-0.5537,0.1588,-12.24
1788171962.519,-0.5597,0.1361,-11.88,-0.0011,-0.0235,0.36,-0.5537,0.1588,-12.24
1788171962.619,-0.5598,0.1362,-11.88,-0.0012,-0.0234,0.36,-0.5537,0.1588,-12.24
1788171962.720,-0.5598,0.1362,-11.88,-0.0012,-0.0234,0.36,-0.5537,0.1588,-12.24
1788171962.819,-0.5598,0.1362,-11.88,-0.0012,-0.0234,0.36,-0.5537,0.1588,-12.24
1788171962.919,-0.5598,0.1362,-11.88,-0.0012,-0.0234,0.36,-0.5537,0.1588,-12.24
1788171963.020,-0.5598,0.1362,-11.88,-0.0012,-0.0234,0.36,-0.5537,0.1588,-12.24
1788171963.119,-0.5607,0.1336,-11.88,-0.0015,-0.0261,0.36,-0.5537,0.1588,-12.24
1788171963.219,-0.5610,0.1324,-11.89,-0.0015,-0.0274,0.35,-0.5537,0.1588,-12.24
1788171963.319,-0.5612,0.1322,-11.90,-0.0016,-0.0275,0.34,-0.5537,0.1588,-12.24
1788171963.420,-0.5612,0.1322,-11.90,-0.0017,-0.0276,0.34,-0.5537,0.1588,-12.24
1788171963.519,-0.5612,0.1323,-11.90,-0.0017,-0.0275,0.34,-0.5537,0.1588,-12.24
1788171963.619,-0.5612,0.1323,-11.90,-0.0017,-0.0275,0.34,-0.5537,0.1588,-12.24
1788171963.719,-0.5612,0.1323,-11.90,-0.0017,-0.0275,0.34,-0.5537,0.1588,-12.24
1788171963.819,-0.5612,0.1323,-11.90,-0.0017,-0.0275,0.34,-0.5537,0.1588,-12.24
1788171963.919,-0.5612,0.1323,-11.90,-0.0017,-0.0275,0.34,-0.5537,0.1588,-12.24
1788171964.020,-0.5612,0.1323,-11.90,-0.0017,-0.0275,0.34,-0.5537,0.1588,-12.24
1788171964.120,-0.5612,0.1323,-11.90,-0.0017,-0.0275,0.34,-0.5537,0.1588,-12.24
1788171964.219,-0.5612,0.1323,-11.90,-0.0017,-0.0275,0.34,-0.5537,0.1588,-12.24
1788171964.319,-0.5612,0.1323,-11.90,-0.0017,-0.0275,0.34,-0.5537,0.1588,-12.24
1788171964.419,-0.5612,0.1323,-11.90,-0.0017,-0.0275,0.34,-0.5537,0.1588,-12.24
1788171964.519,-0.5612,0.1323,-11.90,-0.0017,-0.0275,0.34,-0.5537,0.1588,-12.24
1788171964.619,-0.5612,0.1323,-11.90,-0.0017,-0.0275,0.34,-0.5537,0.1588,-12.24
1788171964.720,-0.5612,0.1323,-11.90,-0.0017,-0.0275,0.34,-0.5537,0.1588,-12.24
1788171964.819,-0.5612,0.1323,-11.90,-0.0017,-0.0275,0.34,-0.5537,0.1588,-12.24
1788171964.919,-0.5612,0.1323,-11.90,-0.0017,-0.0275,0.34,-0.5537,0.1588,-12.24
1788171965.019,-0.5612,0.1323,-11.90,-0.0017,-0.0275,0.34,-0.5537,0.1588,-12.24
1788171965.119,-0.5612,0.1323,-11.90,-0.0017,-0.0275,0.34,-0.5537,0.1588,-12.24
1788171965.219,-0.5612,0.1323,-11.90,-0.0017,-0.0275,0.34,-0.5537,0.1588,-12.24
1788171965.319,-0.5612,0.1323,-11.90,-0.0017,-0.0275,0.34,-0.5537,0.1588,-12.24
1788171965.419,-0.5612,0.1323,-11.90,-0.0017,-0.0275,0.34,-0.5537,0.1588,-12.24
1788171965.519,-0.5612,0.1323,-11.90,-0.0017,-0.0275,0.34,-0.5537,0.1588,-12.24
1788171965.619,-0.5612,0.1323,-11.90,-0.0017,-0.0275,0.34,-0.5537,0.1588,-12.24
1788171965.719,-0.5612,0.1323,-11.90,-0.0017,-0.0275,0.34,-0.5537,0.1588,-12.24
1788171965.820,-0.5612,0.1323,-11.90,-0.0017,-0.0275,0.34,-0.5537,0.1588,-12.24
1788171965.919,-0.5612,0.1323,-11.90,-0.0017,-0.0275,0.34,-0.5537,0.1588,-12.24
1788171966.019,-0.5612,0.1323,-11.90,-0.0017,-0.0275,0.34,-0.5537,0.1588,-12.24
1788171966.119,-0.5612,0.1323,-11.90,-0.0017,-0.0275,0.34,-0.5537,0.1588,-12.24
1788171966.219,-0.5612,0.1323,-11.90,-0.0017,-0.0275,0.34,-0.5537,0.1588,-12.24
1788171966.319,-0.5612,0.1323,-11.90,-0.0017,-0.0275,0.34,-0.5537,0.1588,-12.24
1788171966.419,-0.5612,0.1323,-11.90,-0.0017,-0.0275,0.34,-0.5537,0.1588,-12.24
1788171966.519,-0.5612,0.1323,-11.90,-0.0017,-0.0275,0.34,-0.5537,0.1588,-12.24
1788171966.619,-0.5612,0.1323,-11.90,-0.0017,-0.0275,0.34,-0.5537,0.1588,-12.24
1788171966.720,-0.5612,0.1323,-11.90,-0.0017,-0.0275,0.34,-0.5537,0.1588,-12.24
1788171966.820,-0.5612,0.1323,-11.90,-0.0017,-0.0275,0.34,-0.5537,0.1588,-12.24
1788171966.919,-0.5612,0.1323,-11.90,-0.0017,-0.0275,0.34,-0.5537,0.1588,-12.24
1788171967.019,-0.5612,0.1323,-11.90,-0.0017,-0.0275,0.34,-0.5537,0.1588,-12.24
