epoch_s,map_x,map_y,map_yaw_deg,odom_x,odom_y,odom_yaw_deg,corr_x,corr_y,corr_yaw_deg
1788183909.263,,,,0.0000,0.0000,0.00,,,
1788183909.363,,,,0.0000,0.0000,0.00,,,
1788183909.463,,,,0.0000,0.0000,0.00,,,
1788183909.563,,,,0.0000,0.0000,0.00,,,
1788183909.663,,,,0.0000,0.0000,0.00,,,
1788183909.763,,,,0.0000,0.0000,0.00,,,
1788183909.863,,,,0.0000,0.0000,0.00,,,
1788183909.963,,,,0.0000,0.0000,0.00,,,
1788183910.063,,,,0.0000,0.0000,0.00,,,
1788183910.163,,,,0.0000,0.0000,0.00,,,
1788183910.263,,,,0.0000,0.0000,0.00,,,
1788183910.364,,,,0.0000,0.0000,0.00,,,
1788183910.464,,,,0.0000,0.0000,0.00,,,
1788183910.564,,,,0.0000,0.0000,0.00,,,
1788183910.663,,,,0.0000,0.0000,0.00,,,
1788183910.763,,,,0.0000,0.0000,0.00,,,
1788183910.863,,,,0.0000,0.0000,0.00,,,
1788183910.963,,,,0.0000,0.0000,0.00,,,
1788183911.063,,,,0.0000,0.0000,0.00,,,
1788183911.163,,,,0.0000,0.0000,0.00,,,
1788183911.263,,,,0.0000,0.0000,0.00,,,
1788183911.363,,,,0.0000,0.0000,0.00,,,
1788183911.463,,,,0.0000,0.0000,0.00,,,
1788183911.563,,,,0.0000,0.0000,0.00,,,
1788183911.663,,,,0.0000,0.0000,0.00,,,
1788183911.763,,,,0.0000,0.0000,0.00,,,
1788183911.863,,,,0.0000,0.0000,0.00,,,
1788183911.963,,,,0.0000,0.0000,0.00,,,
1788183912.063,,,,0.0000,0.0000,0.00,,,
1788183912.163,,,,0.0000,0.0000,0.00,0.0000,0.0000,0.00
1788183912.263,,,,0.0000,0.0000,0.00,0.0000,0.0000,0.00
1788183912.363,0.0000,0.0000,0.00,0.0000,0.0000,0.00,0.0000,0.0000,0.00
1788183912.463,0.0000,0.0000,0.00,0.0000,0.0000,0.00,0.0000,0.0000,0.00
1788183912.563,0.0000,0.0000,0.00,0.0000,0.0000,0.00,0.0000,0.0000,0.00
1788183912.663,0.0000,0.0000,0.00,0.0000,0.0000,0.00,0.0000,0.0000,0.00
1788183912.763,0.0000,0.0000,0.00,0.0000,0.0000,0.00,0.0000,0.0000,0.00
1788183912.863,0.0000,0.0000,0.00,0.0000,0.0000,0.00,0.0000,0.0000,0.00
1788183912.963,0.0000,0.0000,0.00,0.0000,0.0000,0.00,0.0000,0.0000,0.00
1788183913.063,0.0000,0.0000,0.00,0.0000,0.0000,0.00,0.0000,0.0000,0.00
1788183913.163,0.0000,0.0000,0.00,0.0000,0.0000,0.00,0.0000,0.0000,0.00
1788183913.263,0.0000,0.0000,0.00,0.0000,0.0000,0.00,0.0000,0.0000,0.00
1788183913.363,0.0000,0.0000,0.00,0.0000,0.0000,0.00,0.0000,0.0000,0.00
1788183913.463,0.0000,0.0000,0.00,0.0000,0.0000,0.00,0.0000,0.0000,0.00
1788183913.563,0.0000,0.0000,0.00,0.0000,0.0000,0.00,0.0000,0.0000,0.00
1788183913.663,0.0000,0.0000,0.00,0.0000,0.0000,0.00,0.0000,0.0000,0.00
1788183913.763,0.0000,0.0000,0.00,0.0000,0.0000,0.00,0.0000,0.0000,0.00
1788183913.863,0.0000,0.0000,0.00,0.0000,0.0000,0.00,0.0000,0.0000,0.00
1788183913.963,0.0000,0.0000,0.00,0.0000,0.0000,0.00,0.0000,0.0000,0.00
1788183914.063,0.0000,0.0000,0.00,0.0000,0.0000,0.00,0.0000,0.0000,0.00
1788183914.163,0.0000,0.0000,0.00,0.0000,0.0000,0.00,0.0000,0.0000,0.00
1788183914.263,0.0000,0.0000,0.00,0.0000,0.0000,0.00,0.0000,0.0000,0.00
1788183914.363,0.0000,0.0000,0.00,0.0000,0.0000,0.00,0.0000,0.0000,0.00
1788183914.463,0.0000,0.0000,0.00,0.0000,0.0000,0.00,0.0000,0.0000,0.00
1788183914.563,0.0000,0.0000,0.00,0.0000,0.0000,0.00,0.0000,0.0000,0.00
1788183914.663,0.0000,0.0000,0.00,0.0000,0.0000,0.00,0.0000,0.0000,0.00
1788183914.763,0.0000,0.0000,0.00,0.0000,0.0000,0.00,0.0000,0.0000,0.00
1788183914.863,0.0000,0.0000,0.00,0.0000,0.0000,0.00,0.0000,0.0000,0.00
1788183914.963,0.0000,0.0000,0.00,0.0000,0.0000,0.00,0.0000,0.0000,0.00
1788183915.063,0.0000,0.0000,0.00,0.0000,0.0000,0.00,0.0000,0.0000,0.00
1788183915.163,0.0000,0.0000,0.00,0.0000,0.0000,0.00,0.0000,0.0000,0.00
1788183915.263,0.0000,0.0000,0.00,0.0000,0.0000,0.00,0.0000,0.0000,0.00
1788183915.363,0.0000,0.0000,0.00,0.0000,0.0000,0.00,0.0000,0.0000,0.00
1788183915.463,0.0000,0.0000,0.00,0.0000,0.0000,0.00,0.0000,0.0000,0.00
1788183915.563,0.0000,0.0000,0.00,0.0000,0.0000,0.00,0.0000,0.0000,0.00
1788183915.663,0.0000,0.0000,0.00,0.0000,0.0000,0.00,0.0000,0.0000,0.00
1788183915.763,0.0000,0.0000,0.00,0.0000,0.0000,0.00,0.0000,0.0000,0.00
1788183915.863,0.0000,0.0000,0.00,0.0000,0.0000,0.00,0.0000,0.0000,0.00
1788183915.963,0.0000,0.0000,0.00,0.0000,0.0000,0.00,0.0000,0.0000,0.00
1788183916.063,0.0000,0.0000,0.00,0.0000,0.0000,0.00,0.0000,0.0000,0.00
1788183916.163,0.0000,0.0000,0.00,0.0000,0.0000,0.00,0.0000,0.0000,0.00
1788183916.263,0.0000,0.0000,0.00,0.0000,0.0000,0.00,0.0000,0.0000,0.00
1788183916.363,0.0000,0.0000,0.00,0.0000,0.0000,0.00,0.0000,0.0000,0.00
1788183916.463,0.0000,0.0000,0.00,0.0000,0.0000,0.00,0.0000,0.0000,0.00
1788183916.563,0.0000,0.0000,0.00,0.0000,0.0000,0.00,0.0000,0.0000,0.00
1788183916.663,0.0000,0.0000,0.00,0.0000,0.0000,0.00,0.0000,0.0000,0.00
1788183916.763,0.0000,0.0000,0.00,0.0000,0.0000,0.00,0.0000,0.0000,0.00
1788183916.863,0.0000,0.0000,0.00,0.0000,0.0000,0.00,0.0000,0.0000,0.00
1788183916.963,0.0000,0.0000,0.00,0.0000,0.0000,0.00,0.0000,0.0000,0.00
1788183917.063,0.0000,0.0000,0.00,0.0000,0.0000,0.00,0.0000,0.0000,0.00
1788183917.163,0.0000,0.0000,0.00,0.0000,0.0000,0.00,0.0000,0.0000,0.00
1788183917.263,0.0000,0.0000,0.00,0.0000,0.0000,0.00,0.0000,0.0000,0.00
1788183917.363,0.0000,0.0000,0.00,0.0000,0.0000,0.00,0.0000,0.0000,0.00
1788183917.463,0.0000,0.0000,0.00,0.0000,0.0000,0.00,0.0000,0.0000,0.00
1788183917.563,0.0000,0.0000,0.00,0.0000,0.0000,0.00,0.0000,0.0000,0.00
1788183917.663,0.0000,0.0000,0.00,0.0000,0.0000,0.00,0.0000,0.0000,0.00
1788183917.763,0.0000,0.0000,0.00,0.0000,0.0000,0.00,0.0000,0.0000,0.00
1788183917.863,0.0000,0.0000,0.00,0.0000,0.0000,0.00,0.0000,0.0000,0.00
1788183917.963,0.0000,0.0000,0.00,0.0000,0.0000,0.00,0.0000,0.0000,0.00
1788183918.063,0.0000,0.0000,0.00,0.0000,0.0000,0.00,0.0000,0.0000,0.00
1788183918.163,0.0000,0.0000,0.00,0.0000,0.0000,0.00,0.0000,0.0000,0.00
1788183918.263,0.0000,0.0000,0.00,0.0000,0.0000,0.00,0.0000,0.0000,0.00
1788183918.363,0.0000,0.0000,0.00,0.0000,0.0000,0.00,0.0000,0.0000,0.00
1788183918.463,0.0000,0.0000,0.00,0.0000,0.0000,0.00,0.0000,0.0000,0.00
1788183918.563,0.0000,0.0000,0.00,0.0000,0.0000,0.00,0.0000,0.0000,0.00
1788183918.663,0.0000,0.0000,0.00,0.0000,0.0000,0.00,0.0000,0.0000,0.00
1788183918.763,0.0000,0.0000,0.00,0.0000,0.0000,0.00,0.0000,0.0000,0.00
1788183918.863,0.0000,0.0000,0.00,0.0000,0.0000,0.00,0.0000,0.0000,0.00
1788183918.963,0.0000,0.0000,0.00,0.0000,0.0000,0.00,0.0000,0.0000,0.00
1788183919.063,0.0000,0.0000,0.00,0.0000,0.0000,0.00,0.0000,0.0000,0.00
1788183919.163,0.0000,0.0000,0.00,0.0000,0.0000,0.00,0.0000,0.0000,0.00
1788183919.263,0.0000,0.0000,0.00,0.0000,0.0000,0.00,0.0000,0.0000,0.00
1788183919.363,0.0000,0.0000,0.00,0.0000,0.0000,0.00,0.0000,0.0000,0.00
1788183919.463,0.0000,0.0000,0.00,0.0000,0.0000,0.00,0.0000,0.0000,0.00
1788183919.563,0.0000,0.0000,0.00,0.0000,0.0000,0.00,0.0000,0.0000,0.00
1788183919.663,0.0000,0.0000,0.00,0.0000,0.0000,0.00,0.0000,0.0000,0.00
1788183919.763,0.0000,0.0000,0.00,0.0000,0.0000,0.00,0.0000,0.0000,0.00
1788183919.863,0.0000,0.0000,0.00,0.0000,0.0000,0.00,0.0000,0.0000,0.00
1788183919.963,0.0000,0.0000,0.00,0.0000,0.0000,0.00,0.0000,0.0000,0.00
1788183920.063,0.0000,0.0000,0.00,0.0000,0.0000,0.00,0.0000,0.0000,0.00
1788183920.163,0.0000,0.0000,0.00,0.0000,0.0000,0.00,0.0000,0.0000,0.00
1788183920.263,0.0000,0.0000,0.00,0.0000,0.0000,0.00,0.0000,0.0000,0.00
1788183920.363,0.0000,0.0000,0.00,0.0000,0.0000,0.00,0.0000,0.0000,0.00
1788183920.463,0.0000,0.0000,0.00,0.0000,0.0000,0.00,0.0000,0.0000,0.00
1788183920.563,0.0000,0.0000,0.00,0.0000,0.0000,0.00,0.0000,0.0000,0.00
1788183920.663,0.0000,0.0000,0.00,0.0000,0.0000,0.00,0.0000,0.0000,0.00
1788183920.763,0.0000,0.0000,0.00,0.0000,0.0000,0.00,0.0000,0.0000,0.00
1788183920.863,0.0000,0.0000,0.00,0.0000,0.0000,0.00,0.0000,0.0000,0.00
1788183920.963,0.0000,0.0000,0.00,0.0000,0.0000,0.00,0.0000,0.0000,0.00
1788183921.063,0.0000,0.0000,0.00,0.0000,0.0000,0.00,0.0000,0.0000,0.00
1788183921.163,0.0000,0.0000,0.00,0.0000,0.0000,0.00,0.0000,0.0000,0.00
1788183921.263,0.0000,0.0000,0.00,0.0000,0.0000,0.00,0.0000,0.0000,0.00
1788183921.363,0.0000,0.0000,0.00,0.0000,0.0000,0.00,0.0000,0.0000,0.00
1788183921.463,0.0000,0.0000,0.00,0.0000,0.0000,0.00,0.0000,0.0000,0.00
1788183921.563,0.0000,0.0000,0.00,0.0000,0.0000,0.00,0.0000,0.0000,0.00
1788183921.663,0.0000,0.0000,0.00,0.0000,0.0000,0.00,0.0000,0.0000,0.00
1788183921.763,0.0000,0.0000,0.00,0.0000,0.0000,0.00,0.0000,0.0000,0.00
1788183921.863,0.0000,0.0000,0.00,0.0000,0.0000,0.00,0.0000,0.0000,0.00
1788183921.963,0.0000,0.0000,0.00,0.0000,0.0000,0.00,0.0000,0.0000,0.00
1788183922.063,0.0000,0.0000,0.00,0.0000,0.0000,0.00,0.0000,0.0000,0.00
1788183922.163,0.0000,0.0000,0.00,0.0000,0.0000,0.00,0.0000,0.0000,0.00
1788183922.263,0.0000,0.0000,0.00,0.0000,0.0000,0.00,0.0000,0.0000,0.00
1788183922.363,0.0000,0.0000,0.00,0.0000,0.0000,0.00,0.0000,0.0000,0.00
1788183922.463,0.0000,0.0000,0.00,0.0000,0.0000,0.00,0.0000,0.0000,0.00
1788183922.563,0.0000,0.0000,0.00,0.0000,0.0000,0.00,0.0000,0.0000,0.00
1788183922.663,0.0000,0.0000,0.00,0.0000,0.0000,0.00,0.0000,0.0000,0.00
1788183922.763,0.0000,0.0000,0.00,0.0000,0.0000,0.00,0.0000,0.0000,0.00
1788183922.863,0.0000,0.0000,0.00,0.0000,0.0000,0.00,0.0000,0.0000,0.00
1788183922.963,0.0000,0.0000,0.00,0.0000,0.0000,0.00,0.0000,0.0000,0.00
1788183923.063,0.0000,0.0000,0.00,0.0000,0.0000,0.00,0.0000,0.0000,0.00
1788183923.163,0.0000,0.0000,0.00,0.0000,0.0000,0.00,0.0000,0.0000,0.00
1788183923.263,0.0000,0.0000,0.00,0.0000,0.0000,0.00,0.0000,0.0000,0.00
1788183923.363,0.0000,0.0000,0.00,0.0000,0.0000,0.00,0.0000,0.0000,0.00
1788183923.463,0.0000,0.0000,0.00,0.0000,0.0000,0.00,0.0000,0.0000,0.00
1788183923.563,0.0000,0.0000,0.00,0.0000,0.0000,0.00,0.0000,0.0000,0.00
1788183923.663,0.0000,0.0000,0.00,0.0000,0.0000,0.00,0.0000,0.0000,0.00
1788183923.763,0.0000,0.0000,0.00,0.0000,0.0000,0.00,0.0000,0.0000,0.00
1788183923.863,0.0000,0.0000,0.00,0.0000,0.0000,0.00,0.0000,0.0000,0.00
1788183923.963,0.0000,0.0000,0.00,0.0000,0.0000,0.00,0.0000,0.0000,0.00
1788183924.063,0.0000,0.0000,0.00,0.0000,0.0000,0.00,0.0000,0.0000,0.00
1788183924.163,0.0000,0.0000,0.00,0.0000,0.0000,0.00,0.0000,0.0000,0.00
1788183924.263,0.0000,0.0000,0.00,0.0000,0.0000,0.00,0.0000,0.0000,0.00
1788183924.363,0.0000,0.0000,0.00,0.0000,0.0000,0.00,0.0000,0.0000,0.00
1788183924.463,0.0000,0.0000,0.00,0.0000,0.0000,0.00,0.0000,0.0000,0.00
1788183924.563,0.0000,0.0000,0.00,0.0000,0.0000,0.00,0.0000,0.0000,0.00
1788183924.663,0.0000,0.0000,0.00,0.0000,0.0000,0.00,0.0000,0.0000,0.00
1788183924.763,0.0000,0.0000,0.00,0.0000,0.0000,0.00,0.0000,0.0000,0.00
1788183924.863,0.0000,0.0000,0.00,0.0000,0.0000,0.00,0.0000,0.0000,0.00
1788183924.963,0.0000,0.0000,0.00,0.0000,0.0000,0.00,0.0000,0.0000,0.00
1788183925.063,0.0000,0.0000,0.00,0.0000,0.0000,0.00,0.0000,0.0000,0.00
1788183925.163,0.0000,0.0000,0.00,0.0000,0.0000,0.00,0.0000,0.0000,0.00
1788183925.263,0.0000,0.0000,0.00,0.0000,0.0000,0.00,0.0000,0.0000,0.00
1788183925.363,0.0000,0.0000,0.00,0.0000,0.0000,0.00,0.0000,0.0000,0.00
1788183925.463,0.0000,0.0000,0.00,0.0000,0.0000,0.00,0.0000,0.0000,0.00
1788183925.563,0.0000,0.0000,0.00,0.0000,0.0000,0.00,0.0000,0.0000,0.00
1788183925.663,0.0000,0.0000,0.00,0.0000,0.0000,0.00,0.0000,0.0000,0.00
1788183925.763,0.0000,0.0000,0.00,0.0000,0.0000,0.00,0.0000,0.0000,0.00
1788183925.863,0.0000,0.0000,0.00,0.0000,0.0000,0.00,0.0000,0.0000,0.00
1788183925.963,0.0000,0.0000,0.00,0.0000,0.0000,0.00,0.0000,0.0000,0.00
1788183926.063,0.0000,0.0000,0.00,0.0000,0.0000,0.00,0.0000,0.0000,0.00
1788183926.163,0.0000,0.0000,0.00,0.0000,0.0000,0.00,0.0000,0.0000,0.00
1788183926.263,0.0000,0.0000,0.00,0.0000,0.0000,0.00,0.0000,0.0000,0.00
1788183926.363,0.0000,0.0000,0.00,0.0000,0.0000,0.00,0.0000,0.0000,0.00
1788183926.463,0.0000,0.0000,0.00,0.0000,0.0000,0.00,0.0000,0.0000,0.00
1788183926.563,0.0000,0.0000,0.00,0.0000,0.0000,0.00,0.0000,0.0000,0.00
1788183926.663,0.0000,0.0000,0.00,0.0000,0.0000,0.00,0.0000,0.0000,0.00
1788183926.763,0.0000,0.0000,0.00,0.0000,0.0000,0.00,0.0000,0.0000,0.00
1788183926.863,0.0000,0.0000,0.00,0.0000,0.0000,0.00,0.0000,0.0000,0.00
1788183926.963,0.0000,0.0000,0.00,0.0000,0.0000,0.00,0.0000,0.0000,0.00
1788183927.063,0.0000,0.0000,0.00,0.0000,0.0000,0.00,0.0000,0.0000,0.00
1788183927.163,0.0000,0.0000,0.00,0.0000,0.0000,0.00,0.0000,0.0000,0.00
1788183927.263,0.0000,0.0000,0.00,0.0000,0.0000,0.00,0.0000,0.0000,0.00
1788183927.363,0.0000,0.0000,0.00,0.0000,0.0000,0.00,0.0000,0.0000,0.00
1788183927.463,0.0000,0.0000,0.00,0.0000,0.0000,0.00,0.0000,0.0000,0.00
1788183927.563,0.0000,0.0000,0.00,0.0000,0.0000,0.00,0.0000,0.0000,0.00
1788183927.663,0.0000,0.0000,0.00,0.0000,0.0000,0.00,0.0000,0.0000,0.00
1788183927.763,0.0000,0.0000,0.00,0.0000,0.0000,0.00,0.0000,0.0000,0.00
1788183927.863,0.0000,0.0000,0.00,0.0000,0.0000,0.00,0.0000,0.0000,0.00
1788183927.963,-0.0006,0.0000,-0.41,-0.0006,0.0000,-0.41,0.0000,0.0000,0.00
1788183928.063,-0.0007,-0.0000,-0.96,-0.0007,-0.0000,-0.96,0.0000,0.0000,0.00
1788183928.163,-0.0006,0.0000,-1.53,-0.0006,0.0000,-1.53,0.0000,0.0000,0.00
1788183928.263,-0.0004,0.0000,-2.10,-0.0004,0.0000,-2.10,0.0000,0.0000,0.00
1788183928.363,-0.0004,-0.0000,-2.67,-0.0004,-0.0000,-2.67,0.0000,0.0000,0.00
1788183928.463,-0.0004,-0.0001,-3.25,-0.0004,-0.0001,-3.25,0.0000,0.0000,0.00
1788183928.563,-0.0004,-0.0000,-3.82,-0.0004,-0.0000,-3.82,0.0000,0.0000,0.00
1788183928.663,-0.0006,0.0000,-4.38,-0.0006,0.0000,-4.38,0.0000,0.0000,0.00
1788183928.763,-0.0007,0.0000,-4.96,-0.0007,0.0000,-4.96,0.0000,0.0000,0.00
1788183928.863,-0.0005,-0.0001,-5.52,-0.0005,-0.0001,-5.52,0.0000,0.0000,0.00
1788183928.963,-0.0004,-0.0002,-6.09,-0.0004,-0.0002,-6.09,0.0000,0.0000,0.00
1788183929.063,-0.0004,-0.0002,-6.66,-0.0004,-0.0002,-6.66,0.0000,0.0000,0.00
1788183929.163,-0.0005,-0.0003,-7.24,-0.0005,-0.0003,-7.24,0.0000,0.0000,0.00
1788183929.263,-0.0007,-0.0002,-7.81,-0.0007,-0.0002,-7.81,0.0000,0.0000,0.00
1788183929.363,-0.0007,-0.0002,-8.38,-0.0007,-0.0002,-8.38,0.0000,0.0000,0.00
1788183929.463,-0.0006,-0.0003,-8.94,-0.0006,-0.0003,-8.94,0.0000,0.0000,0.00
1788183929.563,-0.0004,-0.0003,-9.51,-0.0004,-0.0003,-9.51,0.0000,0.0000,0.00
1788183929.663,-0.0004,-0.0002,-10.10,-0.0004,-0.0002,-10.10,0.0000,0.0000,0.00
1788183929.763,-0.0005,-0.0002,-10.67,-0.0005,-0.0002,-10.67,0.0000,0.0000,0.00
1788183929.863,-0.0006,-0.0003,-11.24,-0.0006,-0.0003,-11.24,0.0000,0.0000,0.00
1788183929.963,-0.0006,-0.0004,-11.81,-0.0006,-0.0004,-11.81,0.0000,0.0000,0.00
1788183930.064,-0.0005,-0.0005,-12.37,-0.0005,-0.0005,-12.37,0.0000,0.0000,0.00
1788183930.163,-0.0004,-0.0003,-12.92,-0.0004,-0.0003,-12.92,0.0000,0.0000,0.00
1788183930.263,-0.0005,-0.0001,-13.49,-0.0005,-0.0001,-13.49,0.0000,0.0000,0.00
1788183930.363,-0.0006,0.0001,-14.07,-0.0006,0.0001,-14.07,0.0000,0.0000,0.00
1788183930.463,-0.0007,0.0001,-14.64,-0.0007,0.0001,-14.64,0.0000,0.0000,0.00
1788183930.563,-0.0006,-0.0000,-15.20,-0.0006,-0.0000,-15.20,0.0000,0.0000,0.00
1788183930.663,-0.0006,-0.0002,-15.77,-0.0006,-0.0002,-15.77,0.0000,0.0000,0.00
1788183930.763,-0.0006,-0.0002,-16.34,-0.0006,-0.0002,-16.34,0.0000,0.0000,0.00
1788183930.863,-0.0006,-0.0000,-16.90,-0.0006,-0.0000,-16.90,0.0000,0.0000,0.00
1788183930.963,-0.0007,0.0000,-17.48,-0.0007,0.0000,-17.48,0.0000,0.0000,0.00
1788183931.063,-0.0007,-0.0000,-18.06,-0.0007,-0.0000,-18.06,0.0000,0.0000,0.00
1788183931.163,-0.0006,-0.0001,-18.62,-0.0006,-0.0001,-18.62,0.0000,0.0000,0.00
1788183931.263,-0.0005,-0.0003,-19.18,-0.0005,-0.0003,-19.18,0.0000,0.0000,0.00
1788183931.363,-0.0005,-0.0001,-19.74,-0.0005,-0.0001,-19.74,0.0000,0.0000,0.00
1788183931.463,-0.0006,0.0001,-20.30,-0.0006,0.0001,-20.30,0.0000,0.0000,0.00
1788183931.563,-0.0006,0.0001,-20.87,-0.0006,0.0001,-20.87,0.0000,0.0000,0.00
1788183931.663,-0.0006,-0.0000,-21.45,-0.0006,-0.0000,-21.45,0.0000,0.0000,0.00
1788183931.763,-0.0005,-0.0002,-22.01,-0.0005,-0.0002,-22.01,0.0000,0.0000,0.00
1788183931.863,-0.0005,-0.0003,-22.58,-0.0005,-0.0003,-22.58,0.0000,0.0000,0.00
1788183931.963,-0.0005,-0.0002,-23.15,-0.0005,-0.0002,-23.15,0.0000,0.0000,0.00
1788183932.063,-0.0006,0.0000,-23.71,-0.0006,0.0000,-23.71,0.0000,0.0000,0.00
1788183932.163,-0.0006,0.0000,-24.29,-0.0006,0.0000,-24.29,0.0000,0.0000,0.00
1788183932.263,-0.0005,-0.0001,-24.86,-0.0005,-0.0001,-24.86,0.0000,0.0000,0.00
1788183932.363,-0.0005,-0.0002,-25.42,-0.0005,-0.0002,-25.42,0.0000,0.0000,0.00
1788183932.463,-0.0006,-0.0001,-26.00,-0.0006,-0.0001,-26.00,0.0000,0.0000,0.00
1788183932.563,-0.0006,-0.0000,-26.57,-0.0006,-0.0000,-26.57,0.0000,0.0000,0.00
1788183932.663,-0.0006,0.0000,-27.14,-0.0006,0.0000,-27.14,0.0000,0.0000,0.00
1788183932.763,-0.0006,0.0001,-27.71,-0.0006,0.0001,-27.71,0.0000,0.0000,0.00
1788183932.863,-0.0007,-0.0000,-28.26,-0.0007,-0.0000,-28.26,0.0000,0.0000,0.00
1788183932.963,-0.0006,-0.0002,-28.82,-0.0006,-0.0002,-28.82,0.0000,0.0000,0.00
1788183933.063,-0.0006,0.0000,-29.38,-0.0006,0.0000,-29.38,0.0000,0.0000,0.00
1788183933.163,-0.0006,0.0001,-29.96,-0.0006,0.0001,-29.96,0.0000,0.0000,0.00
1788183933.263,-0.0006,0.0001,-30.53,-0.0006,0.0001,-30.53,0.0000,0.0000,0.00
1788183933.363,-0.0006,0.0001,-31.10,-0.0006,0.0001,-31.10,0.0000,0.0000,0.00
1788183933.463,-0.0006,-0.0000,-31.65,-0.0006,-0.0000,-31.65,0.0000,0.0000,0.00
1788183933.563,-0.0005,-0.0001,-32.21,-0.0005,-0.0001,-32.21,0.0000,0.0000,0.00
1788183933.663,-0.0005,0.0000,-32.78,-0.0005,0.0000,-32.78,0.0000,0.0000,0.00
1788183933.763,-0.0005,0.0002,-33.34,-0.0005,0.0002,-33.34,0.0000,0.0000,0.00
1788183933.863,-0.0005,0.0002,-33.92,-0.0005,0.0002,-33.92,0.0000,0.0000,0.00
1788183933.964,-0.0005,0.0002,-34.49,-0.0005,0.0002,-34.49,0.0000,0.0000,0.00
1788183934.063,-0.0006,0.0001,-35.05,-0.0006,0.0001,-35.05,0.0000,0.0000,0.00
1788183934.163,-0.0005,-0.0001,-35.61,-0.0005,-0.0001,-35.61,0.0000,0.0000,0.00
1788183934.263,-0.0005,0.0000,-36.18,-0.0005,0.0000,-36.18,0.0000,0.0000,0.00
1788183934.363,-0.0005,0.0002,-36.75,-0.0005,0.0002,-36.75,0.0000,0.0000,0.00
1788183934.463,-0.0005,0.0002,-37.33,-0.0005,0.0002,-37.33,0.0000,0.0000,0.00
1788183934.563,-0.0005,0.0002,-37.90,-0.0005,0.0002,-37.90,0.0000,0.0000,0.00
1788183934.663,-0.0005,-0.0001,-38.45,-0.0005,-0.0001,-38.45,0.0000,0.0000,0.00
1788183934.763,-0.0005,-0.0000,-39.01,-0.0005,-0.0000,-39.01,0.0000,0.0000,0.00
1788183934.863,-0.0005,0.0003,-39.58,-0.0005,0.0003,-39.58,0.0000,0.0000,0.00
1788183934.963,-0.0005,0.0005,-40.16,-0.0005,0.0005,-40.16,0.0000,0.0000,0.00
1788183935.063,-0.0006,0.0005,-40.74,-0.0006,0.0005,-40.74,0.0000,0.0000,0.00
1788183935.163,-0.0006,0.0002,-41.30,-0.0006,0.0002,-41.30,0.0000,0.0000,0.00
1788183935.263,-0.0006,-0.0001,-41.86,-0.0006,-0.0001,-41.86,0.0000,0.0000,0.00
1788183935.363,-0.0005,0.0000,-42.44,-0.0005,0.0000,-42.44,0.0000,0.0000,0.00
1788183935.463,-0.0005,0.0002,-43.02,-0.0005,0.0002,-43.02,0.0000,0.0000,0.00
1788183935.563,-0.0005,0.0004,-43.59,-0.0005,0.0004,-43.59,0.0000,0.0000,0.00
1788183935.663,-0.0005,0.0006,-44.18,-0.0005,0.0006,-44.18,0.0000,0.0000,0.00
1788183935.763,-0.0006,0.0001,-44.73,-0.0006,0.0001,-44.73,0.0000,0.0000,0.00
1788183935.863,-0.0005,-0.0001,-45.29,-0.0005,-0.0001,-45.29,0.0000,0.0000,0.00
1788183935.963,-0.0005,0.0002,-45.84,-0.0005,0.0002,-45.84,0.0000,0.0000,0.00
1788183936.063,-0.0005,0.0005,-46.42,-0.0005,0.0005,-46.42,0.0000,0.0000,0.00
1788183936.163,-0.0005,0.0006,-47.01,-0.0005,0.0006,-47.01,0.0000,0.0000,0.00
1788183936.263,-0.0005,0.0005,-47.58,-0.0005,0.0005,-47.58,0.0000,0.0000,0.00
1788183936.363,-0.0006,0.0000,-48.13,-0.0006,0.0000,-48.13,0.0000,0.0000,0.00
1788183936.463,-0.0006,-0.0001,-48.69,-0.0006,-0.0001,-48.69,0.0000,0.0000,0.00
1788183936.563,-0.0005,0.0002,-49.26,-0.0005,0.0002,-49.26,0.0000,0.0000,0.00
1788183936.663,-0.0005,0.0003,-49.83,-0.0005,0.0003,-49.83,0.0000,0.0000,0.00
1788183936.763,-0.0005,0.0004,-50.41,-0.0005,0.0004,-50.41,0.0000,0.0000,0.00
1788183936.863,-0.0005,0.0003,-50.97,-0.0005,0.0003,-50.97,0.0000,0.0000,0.00
1788183936.963,-0.0005,0.0001,-51.53,-0.0005,0.0001,-51.53,0.0000,0.0000,0.00
1788183937.063,-0.0005,0.0000,-52.09,-0.0005,0.0000,-52.09,0.0000,0.0000,0.00
1788183937.163,-0.0005,0.0000,-52.64,-0.0005,0.0000,-52.64,0.0000,0.0000,0.00
1788183937.263,-0.0006,-0.0001,-53.19,-0.0006,-0.0001,-53.19,0.0000,0.0000,0.00
1788183937.363,-0.0005,-0.0001,-53.77,-0.0005,-0.0001,-53.77,0.0000,0.0000,0.00
1788183937.463,-0.0005,-0.0001,-54.35,-0.0005,-0.0001,-54.35,0.0000,0.0000,0.00
1788183937.563,-0.0006,-0.0002,-54.91,-0.0006,-0.0002,-54.91,0.0000,0.0000,0.00
1788183937.663,-0.0005,-0.0001,-55.48,-0.0005,-0.0001,-55.48,0.0000,0.0000,0.00
1788183937.763,-0.0005,-0.0002,-56.06,-0.0005,-0.0002,-56.06,0.0000,0.0000,0.00
1788183937.863,-0.0005,-0.0001,-56.63,-0.0005,-0.0001,-56.63,0.0000,0.0000,0.00
1788183937.963,-0.0005,0.0000,-57.20,-0.0005,0.0000,-57.20,0.0000,0.0000,0.00
1788183938.063,-0.0007,-0.0001,-57.75,-0.0007,-0.0001,-57.75,0.0000,0.0000,0.00
1788183938.163,-0.0007,-0.0003,-58.32,-0.0007,-0.0003,-58.32,0.0000,0.0000,0.00
1788183938.263,-0.0006,-0.0001,-58.90,-0.0006,-0.0001,-58.90,0.0000,0.0000,0.00
1788183938.363,-0.0006,-0.0001,-59.49,-0.0006,-0.0001,-59.49,0.0000,0.0000,0.00
1788183938.463,-0.0006,-0.0002,-60.07,-0.0006,-0.0002,-60.07,0.0000,0.0000,0.00
1788183938.563,-0.0006,-0.0001,-60.63,-0.0006,-0.0001,-60.63,0.0000,0.0000,0.00
1788183938.663,-0.0007,-0.0004,-61.19,-0.0007,-0.0004,-61.19,0.0000,0.0000,0.00
1788183938.763,-0.0007,-0.0003,-61.73,-0.0007,-0.0003,-61.73,0.0000,0.0000,0.00
1788183938.863,-0.0005,0.0000,-62.28,-0.0005,0.0000,-62.28,0.0000,0.0000,0.00
1788183938.963,-0.0004,0.0002,-62.85,-0.0004,0.0002,-62.85,0.0000,0.0000,0.00
1788183939.063,-0.0005,0.0004,-63.43,-0.0005,0.0004,-63.43,0.0000,0.0000,0.00
1788183939.163,-0.0006,0.0002,-64.00,-0.0006,0.0002,-64.00,0.0000,0.0000,0.00
1788183939.263,-0.0007,0.0000,-64.56,-0.0007,0.0000,-64.56,0.0000,0.0000,0.00
1788183939.363,-0.0006,-0.0001,-65.12,-0.0006,-0.0001,-65.12,0.0000,0.0000,0.00
1788183939.463,-0.0004,0.0001,-65.69,-0.0004,0.0001,-65.69,0.0000,0.0000,0.00
1788183939.563,-0.0004,0.0002,-66.26,-0.0004,0.0002,-66.26,0.0000,0.0000,0.00
1788183939.663,-0.0004,0.0002,-66.84,-0.0004,0.0002,-66.84,0.0000,0.0000,0.00
1788183939.763,-0.0005,0.0000,-67.40,-0.0005,0.0000,-67.40,0.0000,0.0000,0.00
1788183939.863,-0.0006,-0.0002,-67.96,-0.0006,-0.0002,-67.96,0.0000,0.0000,0.00
1788183939.963,-0.0005,-0.0001,-68.53,-0.0005,-0.0001,-68.53,0.0000,0.0000,0.00
1788183940.063,-0.0004,0.0001,-69.10,-0.0004,0.0001,-69.10,0.0000,0.0000,0.00
1788183940.163,-0.0002,0.0002,-69.68,-0.0002,0.0002,-69.68,0.0000,0.0000,0.00
1788183940.263,-0.0001,0.0003,-70.25,-0.0001,0.0003,-70.25,0.0000,0.0000,0.00
1788183940.363,-0.0004,0.0001,-70.81,-0.0004,0.0001,-70.81,0.0000,0.0000,0.00
1788183940.463,-0.0004,0.0001,-71.37,-0.0004,0.0001,-71.37,0.0000,0.0000,0.00
1788183940.563,-0.0006,0.0002,-71.95,-0.0006,0.0002,-71.95,0.0000,0.0000,0.00
1788183940.663,-0.0004,0.0003,-72.51,-0.0004,0.0003,-72.51,0.0000,0.0000,0.00
1788183940.763,-0.0003,0.0004,-73.09,-0.0003,0.0004,-73.09,0.0000,0.0000,0.00
1788183940.863,-0.0002,0.0003,-73.66,-0.0002,0.0003,-73.66,0.0000,0.0000,0.00
1788183940.963,-0.0002,0.0001,-74.22,-0.0002,0.0001,-74.22,0.0000,0.0000,0.00
1788183941.063,-0.0003,0.0001,-74.78,-0.0003,0.0001,-74.78,0.0000,0.0000,0.00
1788183941.163,-0.0004,0.0001,-75.35,-0.0004,0.0001,-75.35,0.0000,0.0000,0.00
1788183941.263,-0.0004,0.0002,-75.92,-0.0004,0.0002,-75.92,0.0000,0.0000,0.00
1788183941.363,-0.0004,0.0004,-76.50,-0.0004,0.0004,-76.50,0.0000,0.0000,0.00
1788183941.463,-0.0003,0.0003,-77.06,-0.0003,0.0003,-77.06,0.0000,0.0000,0.00
1788183941.563,-0.0004,0.0001,-77.62,-0.0004,0.0001,-77.62,0.0000,0.0000,0.00
1788183941.663,-0.0005,0.0001,-78.19,-0.0005,0.0001,-78.19,0.0000,0.0000,0.00
1788183941.763,-0.0005,0.0001,-78.76,-0.0005,0.0001,-78.76,0.0000,0.0000,0.00
1788183941.863,-0.0006,0.0003,-79.33,-0.0006,0.0003,-79.33,0.0000,0.0000,0.00
1788183941.963,-0.0005,0.0003,-79.90,-0.0005,0.0003,-79.90,0.0000,0.0000,0.00
1788183942.063,-0.0005,0.0002,-80.47,-0.0005,0.0002,-80.47,0.0000,0.0000,0.00
1788183942.163,-0.0004,0.0001,-81.03,-0.0004,0.0001,-81.03,0.0000,0.0000,0.00
1788183942.263,-0.0005,0.0002,-81.58,-0.0005,0.0002,-81.58,0.0000,0.0000,0.00
1788183942.363,-0.0005,0.0004,-82.15,-0.0005,0.0004,-82.15,0.0000,0.0000,0.00
1788183942.463,-0.0005,0.0005,-82.72,-0.0005,0.0005,-82.72,0.0000,0.0000,0.00
1788183942.563,-0.0006,0.0006,-83.29,-0.0006,0.0006,-83.29,0.0000,0.0000,0.00
1788183942.663,-0.0006,0.0004,-83.85,-0.0006,0.0004,-83.85,0.0000,0.0000,0.00
1788183942.763,-0.0004,0.0005,-84.40,-0.0004,0.0005,-84.40,0.0000,0.0000,0.00
1788183942.863,-0.0003,0.0006,-84.98,-0.0003,0.0006,-84.98,0.0000,0.0000,0.00
1788183942.963,-0.0005,0.0005,-85.56,-0.0005,0.0005,-85.56,0.0000,0.0000,0.00
1788183943.063,-0.0005,0.0006,-86.12,-0.0005,0.0006,-86.12,0.0000,0.0000,0.00
1788183943.163,-0.0006,0.0007,-86.69,-0.0006,0.0007,-86.69,0.0000,0.0000,0.00
1788183943.263,-0.0006,0.0004,-87.25,-0.0006,0.0004,-87.25,0.0000,0.0000,0.00
1788183943.363,-0.0005,0.0004,-87.82,-0.0005,0.0004,-87.82,0.0000,0.0000,0.00
1788183943.463,-0.0003,0.0005,-88.40,-0.0003,0.0005,-88.40,0.0000,0.0000,0.00
1788183943.563,-0.0002,0.0007,-88.97,-0.0002,0.0007,-88.97,0.0000,0.0000,0.00
1788183943.663,-0.0003,0.0007,-89.53,-0.0003,0.0007,-89.53,0.0000,0.0000,0.00
1788183943.763,-0.0004,0.0006,-89.61,-0.0004,0.0006,-89.61,0.0000,0.0000,0.00
1788183943.863,-0.0004,0.0006,-89.61,-0.0004,0.0006,-89.61,0.0000,0.0000,0.00
1788183943.963,-0.0004,0.0006,-89.61,-0.0004,0.0006,-89.61,0.0000,0.0000,0.00
1788183944.063,-0.0004,0.0006,-89.61,-0.0004,0.0006,-89.61,0.0000,0.0000,0.00
1788183944.163,-0.0004,0.0007,-89.72,-0.0004,0.0007,-89.72,0.0000,0.0000,0.00
1788183944.263,-0.0005,0.0007,-90.04,-0.0005,0.0007,-90.04,0.0000,0.0000,0.00
1788183944.363,-0.0006,0.0007,-90.04,-0.0006,0.0007,-90.04,0.0000,0.0000,0.00
1788183944.463,-0.0007,0.0007,-90.04,-0.0007,0.0007,-90.04,0.0000,0.0000,0.00
1788183944.563,-0.0007,0.0007,-90.04,-0.0007,0.0007,-90.04,0.0000,0.0000,0.00
1788183944.663,-0.0007,0.0007,-90.04,-0.0007,0.0007,-90.04,0.0000,0.0000,0.00
1788183944.763,-0.0007,0.0007,-90.04,-0.0007,0.0007,-90.04,0.0000,0.0000,0.00
1788183944.863,-0.0007,0.0007,-90.04,-0.0007,0.0007,-90.04,0.0000,0.0000,0.00
1788183944.963,-0.0001,0.0008,-90.02,-0.0001,0.0008,-90.02,0.0000,0.0000,0.00
1788183945.063,0.0047,0.0007,-89.99,0.0047,0.0007,-89.99,0.0000,0.0000,0.00
1788183945.163,0.0100,0.0008,-90.01,0.0100,0.0008,-90.01,0.0000,0.0000,0.00
1788183945.263,0.0154,0.0009,-90.02,0.0154,0.0009,-90.02,0.0000,0.0000,0.00
1788183945.363,0.0207,0.0010,-90.02,0.0207,0.0010,-90.02,0.0000,0.0000,0.00
1788183945.463,0.0260,0.0010,-90.03,0.0260,0.0010,-90.03,0.0000,0.0000,0.00
1788183945.563,0.0310,0.0010,-90.04,0.0310,0.0010,-90.04,0.0000,0.0000,0.00
1788183945.663,0.0358,0.0010,-90.03,0.0358,0.0010,-90.03,0.0000,0.0000,0.00
1788183945.763,0.0409,0.0010,-90.04,0.0409,0.0010,-90.04,0.0000,0.0000,0.00
1788183945.863,0.0459,0.0010,-90.04,0.0459,0.0010,-90.04,0.0000,0.0000,0.00
1788183945.963,0.0510,0.0010,-90.05,0.0510,0.0010,-90.05,0.0000,0.0000,0.00
1788183946.063,0.0562,0.0010,-90.04,0.0562,0.0010,-90.04,0.0000,0.0000,0.00
1788183946.163,0.0612,0.0010,-90.04,0.0612,0.0010,-90.04,0.0000,0.0000,0.00
1788183946.263,0.0661,0.0009,-90.04,0.0661,0.0009,-90.04,0.0000,0.0000,0.00
1788183946.363,0.0709,0.0009,-90.03,0.0709,0.0009,-90.03,0.0000,0.0000,0.00
1788183946.463,0.0760,0.0009,-90.03,0.0760,0.0009,-90.03,0.0000,0.0000,0.00
1788183946.563,0.0811,0.0009,-90.04,0.0811,0.0009,-90.04,0.0000,0.0000,0.00
1788183946.663,0.0863,0.0010,-90.04,0.0863,0.0010,-90.04,0.0000,0.0000,0.00
1788183946.763,0.0913,0.0010,-90.04,0.0913,0.0010,-90.04,0.0000,0.0000,0.00
1788183946.863,0.0962,0.0010,-90.04,0.0962,0.0010,-90.04,0.0000,0.0000,0.00
1788183946.963,0.1009,0.0009,-90.04,0.1009,0.0009,-90.04,0.0000,0.0000,0.00
1788183947.063,0.1059,0.0009,-90.04,0.1059,0.0009,-90.04,0.0000,0.0000,0.00
1788183947.164,0.1110,0.0009,-90.04,0.1110,0.0009,-90.04,0.0000,0.0000,0.00
1788183947.263,0.1160,0.0009,-90.04,0.1160,0.0009,-90.04,0.0000,0.0000,0.00
1788183947.363,0.1211,0.0009,-90.05,0.1211,0.0009,-90.05,0.0000,0.0000,0.00
1788183947.463,0.1261,0.0009,-90.04,0.1261,0.0009,-90.04,0.0000,0.0000,0.00
1788183947.563,0.1308,0.0007,-90.04,0.1308,0.0007,-90.04,0.0000,0.0000,0.00
1788183947.663,0.1358,0.0007,-90.04,0.1358,0.0007,-90.04,0.0000,0.0000,0.00
1788183947.763,0.1409,0.0007,-90.04,0.1409,0.0007,-90.04,0.0000,0.0000,0.00
1788183947.863,0.1459,0.0007,-90.04,0.1459,0.0007,-90.04,0.0000,0.0000,0.00
1788183947.963,0.1509,0.0008,-90.04,0.1509,0.0008,-90.04,0.0000,0.0000,0.00
1788183948.063,0.1559,0.0008,-90.04,0.1559,0.0008,-90.04,0.0000,0.0000,0.00
1788183948.163,0.1608,0.0006,-90.04,0.1608,0.0006,-90.04,0.0000,0.0000,0.00
1788183948.263,0.1657,0.0006,-90.04,0.1657,0.0006,-90.04,0.0000,0.0000,0.00
1788183948.363,0.1707,0.0006,-90.05,0.1707,0.0006,-90.05,0.0000,0.0000,0.00
1788183948.463,0.1759,0.0007,-90.05,0.1759,0.0007,-90.05,0.0000,0.0000,0.00
1788183948.563,0.1810,0.0007,-90.06,0.1810,0.0007,-90.06,0.0000,0.0000,0.00
1788183948.663,0.1862,0.0008,-90.06,0.1862,0.0008,-90.06,-0.0100,0.0318,-0.23
1788183948.763,0.1812,0.0319,-90.29,0.1912,0.0008,-90.07,-0.0100,0.0318,-0.23
1788183948.863,0.1859,0.0317,-90.28,0.1959,0.0007,-90.06,-0.0100,0.0318,-0.23
1788183948.963,0.1909,0.0317,-90.28,0.2009,0.0007,-90.06,-0.0100,0.0318,-0.23
1788183949.063,0.1959,0.0317,-90.29,0.2059,0.0007,-90.06,-0.0100,0.0318,-0.23
1788183949.163,0.2010,0.0317,-90.29,0.2110,0.0007,-90.06,-0.0100,0.0318,-0.23
1788183949.263,0.2060,0.0317,-90.28,0.2160,0.0007,-90.06,-0.0100,0.0318,-0.23
1788183949.363,0.2110,0.0317,-90.28,0.2210,0.0007,-90.05,-0.0100,0.0318,-0.23
1788183949.463,0.2158,0.0316,-90.27,0.2258,0.0007,-90.04,-0.0100,0.0318,-0.23
1788183949.563,0.2207,0.0315,-90.26,0.2307,0.0006,-90.03,-0.0100,0.0318,-0.23
1788183949.663,0.2258,0.0314,-90.27,0.2358,0.0006,-90.04,-0.0100,0.0318,-0.23
1788183949.763,0.2309,0.0314,-90.27,0.2409,0.0006,-90.05,-0.0100,0.0318,-0.23
1788183949.863,0.2360,0.0315,-90.27,0.2460,0.0006,-90.04,-0.0100,0.0318,-0.23
1788183949.963,0.2411,0.0315,-90.28,0.2511,0.0007,-90.05,-0.0100,0.0318,-0.23
1788183950.063,0.2461,0.0314,-90.28,0.2561,0.0007,-90.05,-0.0100,0.0318,-0.23
1788183950.163,0.2508,0.0314,-90.26,0.2608,0.0006,-90.04,-0.0100,0.0318,-0.23
1788183950.263,0.2558,0.0314,-90.27,0.2658,0.0006,-90.04,-0.0100,0.0318,-0.23
1788183950.363,0.2609,0.0314,-90.28,0.2709,0.0006,-90.05,-0.0100,0.0318,-0.23
1788183950.463,0.2661,0.0313,-90.28,0.2761,0.0006,-90.06,-0.0100,0.0318,-0.23
1788183950.563,0.2713,0.0313,-90.28,0.2813,0.0007,-90.05,-0.0100,0.0318,-0.23
1788183950.663,0.2763,0.0313,-90.29,0.2863,0.0007,-90.06,-0.0100,0.0318,-0.23
1788183950.763,0.2808,0.0312,-90.27,0.2908,0.0006,-90.04,-0.0100,0.0318,-0.23
1788183950.863,0.2857,0.0312,-90.27,0.2957,0.0006,-90.04,-0.0100,0.0318,-0.23
1788183950.963,0.2908,0.0312,-90.27,0.3008,0.0006,-90.04,-0.0100,0.0318,-0.23
1788183951.063,0.2958,0.0311,-90.28,0.3058,0.0006,-90.05,-0.0100,0.0318,-0.23
1788183951.163,0.3009,0.0311,-90.28,0.3109,0.0006,-90.06,-0.0100,0.0318,-0.23
1788183951.263,0.3059,0.0311,-90.29,0.3159,0.0006,-90.06,-0.0100,0.0318,-0.23
1788183951.363,0.3109,0.0311,-90.29,0.3209,0.0005,-90.06,-0.0100,0.0318,-0.23
1788183951.463,0.3157,0.0310,-90.28,0.3257,0.0005,-90.05,-0.0100,0.0318,-0.23
1788183951.563,0.3206,0.0310,-90.28,0.3306,0.0005,-90.05,-0.0100,0.0318,-0.23
1788183951.663,0.3258,0.0310,-90.29,0.3358,0.0005,-90.06,-0.0100,0.0318,-0.23
1788183951.763,0.3309,0.0309,-90.30,0.3409,0.0005,-90.07,-0.0100,0.0318,-0.23
1788183951.863,0.3360,0.0309,-90.31,0.3460,0.0005,-90.08,-0.0100,0.0318,-0.23
1788183951.963,0.3410,0.0309,-90.31,0.3510,0.0005,-90.08,-0.0100,0.0318,-0.23
1788183952.063,0.3458,0.0307,-90.31,0.3558,0.0004,-90.08,-0.0100,0.0318,-0.23
1788183952.163,0.3507,0.0307,-90.31,0.3607,0.0003,-90.08,-0.0100,0.0318,-0.23
1788183952.263,0.3558,0.0307,-90.31,0.3658,0.0004,-90.09,-0.0100,0.0318,-0.23
1788183952.363,0.3609,0.0307,-90.31,0.3709,0.0004,-90.09,-0.0100,0.0318,-0.23
1788183952.463,0.3661,0.0307,-90.32,0.3761,0.0004,-90.09,-0.0100,0.0318,-0.23
1788183952.563,0.3711,0.0306,-90.32,0.3811,0.0004,-90.09,-0.0100,0.0318,-0.23
1788183952.663,0.3760,0.0306,-90.32,0.3860,0.0003,-90.09,-0.0100,0.0318,-0.23
1788183952.763,0.3807,0.0307,-90.30,0.3907,0.0004,-90.07,-0.0100,0.0318,-0.23
1788183952.863,0.3857,0.0306,-90.30,0.3957,0.0004,-90.07,-0.0100,0.0318,-0.23
1788183952.963,0.3908,0.0306,-90.30,0.4008,0.0004,-90.07,-0.0100,0.0318,-0.23
1788183953.063,0.3960,0.0305,-90.30,0.4060,0.0003,-90.07,-0.0100,0.0318,-0.23
1788183953.163,0.4011,0.0305,-90.29,0.4111,0.0003,-90.07,-0.0100,0.0318,-0.23
1788183953.263,0.4060,0.0306,-90.29,0.4160,0.0005,-90.06,-0.0100,0.0318,-0.23
1788183953.363,0.4108,0.0307,-90.28,0.4208,0.0006,-90.05,-0.0100,0.0318,-0.23
1788183953.463,0.4156,0.0307,-90.27,0.4256,0.0007,-90.04,-0.0100,0.0318,-0.23
1788183953.563,0.4207,0.0307,-90.28,0.4307,0.0006,-90.05,-0.0100,0.0318,-0.23
1788183953.663,0.4259,0.0305,-90.29,0.4359,0.0005,-90.06,-0.0100,0.0318,-0.23
1788183953.763,0.4311,0.0304,-90.28,0.4411,0.0004,-90.05,-0.0100,0.0318,-0.23
1788183953.863,0.4360,0.0304,-90.28,0.4460,0.0004,-90.05,-0.0100,0.0318,-0.23
1788183953.963,0.4407,0.0306,-90.27,0.4507,0.0006,-90.05,-0.0100,0.0318,-0.23
1788183954.063,0.4455,0.0307,-90.27,0.4555,0.0008,-90.04,-0.0100,0.0318,-0.23
1788183954.163,0.4505,0.0307,-90.28,0.4605,0.0007,-90.05,-0.0100,0.0318,-0.23
1788183954.263,0.4557,0.0305,-90.29,0.4657,0.0006,-90.06,-0.0100,0.0318,-0.23
1788183954.363,0.4610,0.0303,-90.29,0.4710,0.0004,-90.06,-0.0100,0.0318,-0.23
1788183954.463,0.4661,0.0302,-90.29,0.4761,0.0003,-90.06,-0.0100,0.0318,-0.23
1788183954.563,0.4709,0.0302,-90.29,0.4809,0.0003,-90.06,-0.0100,0.0318,-0.23
1788183954.663,0.4757,0.0303,-90.29,0.4857,0.0004,-90.06,-0.0100,0.0318,-0.23
1788183954.763,0.4806,0.0303,-90.29,0.4906,0.0005,-90.06,-0.0100,0.0318,-0.23
1788183954.863,0.4857,0.0302,-90.29,0.4957,0.0004,-90.06,-0.0100,0.0318,-0.23
1788183954.963,0.4909,0.0301,-90.29,0.5009,0.0003,-90.06,-0.0100,0.0318,-0.23
1788183955.063,0.4960,0.0300,-90.29,0.5060,0.0002,-90.06,-0.0100,0.0318,-0.23
1788183955.163,0.5008,0.0301,-90.29,0.5108,0.0003,-90.06,-0.0100,0.0318,-0.23
1788183955.263,0.5057,0.0302,-90.28,0.5157,0.0005,-90.05,-0.0100,0.0318,-0.23
1788183955.363,0.5106,0.0302,-90.28,0.5206,0.0005,-90.05,-0.0100,0.0318,-0.23
1788183955.463,0.5157,0.0302,-90.29,0.5257,0.0005,-90.06,-0.0100,0.0318,-0.23
1788183955.563,0.5208,0.0301,-90.29,0.5308,0.0004,-90.06,-0.0100,0.0318,-0.23
1788183955.663,0.5260,0.0300,-90.29,0.5360,0.0003,-90.06,-0.0100,0.0318,-0.23
1788183955.763,0.5310,0.0300,-90.29,0.5410,0.0003,-90.06,-0.0100,0.0318,-0.23
1788183955.863,0.5357,0.0301,-90.28,0.5457,0.0005,-90.05,-0.0200,0.0650,-0.46
1788183955.963,0.5406,0.0302,-90.28,0.5506,0.0006,-90.05,-0.0200,0.0650,-0.46
1788183956.063,0.5356,0.0612,-90.51,0.5556,0.0006,-90.05,-0.0200,0.0650,-0.46
1788183956.163,0.5407,0.0611,-90.52,0.5607,0.0005,-90.06,-0.0200,0.0650,-0.46
1788183956.263,0.5459,0.0609,-90.51,0.5659,0.0004,-90.06,-0.0200,0.0650,-0.46
1788183956.363,0.5510,0.0608,-90.51,0.5710,0.0003,-90.06,-0.0200,0.0650,-0.46
1788183956.463,0.5559,0.0607,-90.52,0.5759,0.0003,-90.06,-0.0200,0.0650,-0.46
1788183956.563,0.5607,0.0608,-90.51,0.5807,0.0004,-90.06,-0.0200,0.0650,-0.46
1788183956.663,0.5656,0.0608,-90.50,0.5856,0.0004,-90.05,-0.0200,0.0650,-0.46
1788183956.763,0.5707,0.0607,-90.51,0.5907,0.0004,-90.05,-0.0200,0.0650,-0.46
1788183956.863,0.5758,0.0606,-90.51,0.5958,0.0003,-90.06,-0.0200,0.0650,-0.46
1788183956.963,0.5809,0.0605,-90.52,0.6009,0.0002,-90.06,-0.0200,0.0650,-0.46
1788183957.063,0.5858,0.0605,-90.51,0.6058,0.0003,-90.05,-0.0200,0.0650,-0.46
1788183957.163,0.5907,0.0605,-90.51,0.6107,0.0003,-90.06,-0.0200,0.0650,-0.46
1788183957.263,0.5957,0.0604,-90.51,0.6157,0.0003,-90.05,-0.0200,0.0650,-0.46
1788183957.363,0.6008,0.0604,-90.52,0.6208,0.0003,-90.06,-0.0200,0.0650,-0.46
1788183957.463,0.6059,0.0603,-90.52,0.6259,0.0002,-90.06,-0.0200,0.0650,-0.46
1788183957.563,0.6109,0.0602,-90.52,0.6309,0.0002,-90.06,-0.0200,0.0650,-0.46
1788183957.663,0.6157,0.0602,-90.51,0.6357,0.0003,-90.05,-0.0200,0.0650,-0.46
1788183957.763,0.6206,0.0602,-90.51,0.6406,0.0003,-90.05,-0.0200,0.0650,-0.46
1788183957.863,0.6255,0.0601,-90.51,0.6455,0.0003,-90.06,-0.0200,0.0650,-0.46
1788183957.963,0.6304,0.0601,-90.51,0.6504,0.0003,-90.06,-0.0200,0.0650,-0.46
1788183958.063,0.6355,0.0600,-90.51,0.6555,0.0002,-90.06,-0.0200,0.0650,-0.46
1788183958.163,0.6407,0.0599,-90.51,0.6607,0.0001,-90.05,-0.0200,0.0650,-0.46
1788183958.263,0.6458,0.0598,-90.51,0.6658,0.0001,-90.05,-0.0200,0.0650,-0.46
1788183958.363,0.6507,0.0598,-90.50,0.6707,0.0002,-90.04,-0.0200,0.0650,-0.46
1788183958.463,0.6556,0.0598,-90.50,0.6756,0.0002,-90.04,-0.0200,0.0650,-0.46
1788183958.563,0.6607,0.0598,-90.50,0.6807,0.0002,-90.04,-0.0200,0.0650,-0.46
1788183958.663,0.6657,0.0597,-90.50,0.6857,0.0001,-90.04,-0.0200,0.0650,-0.46
1788183958.763,0.6708,0.0596,-90.51,0.6908,0.0001,-90.05,-0.0200,0.0650,-0.46
1788183958.863,0.6760,0.0595,-90.51,0.6960,0.0000,-90.05,-0.0200,0.0650,-0.46
1788183958.963,0.6809,0.0594,-90.51,0.7009,-0.0000,-90.05,-0.0200,0.0650,-0.46
1788183959.063,0.6857,0.0595,-90.52,0.7057,0.0001,-90.06,-0.0200,0.0650,-0.46
1788183959.163,0.6906,0.0595,-90.52,0.7106,0.0001,-90.06,-0.0200,0.0650,-0.46
1788183959.263,0.6956,0.0595,-90.52,0.7156,0.0001,-90.07,-0.0200,0.0650,-0.46
1788183959.363,0.7007,0.0594,-90.52,0.7207,0.0001,-90.07,-0.0200,0.0650,-0.46
1788183959.463,0.7058,0.0593,-90.52,0.7258,0.0001,-90.06,-0.0200,0.0650,-0.46
1788183959.563,0.7107,0.0593,-90.51,0.7307,0.0001,-90.06,-0.0200,0.0650,-0.46
1788183959.663,0.7156,0.0593,-90.51,0.7356,0.0002,-90.05,-0.0200,0.0650,-0.46
1788183959.763,0.7206,0.0593,-90.51,0.7406,0.0002,-90.05,-0.0200,0.0650,-0.46
1788183959.863,0.7257,0.0593,-90.51,0.7457,0.0002,-90.05,-0.0200,0.0650,-0.46
1788183959.963,0.7308,0.0592,-90.51,0.7508,0.0001,-90.06,-0.0200,0.0650,-0.46
1788183960.063,0.7359,0.0590,-90.52,0.7559,-0.0000,-90.06,-0.0200,0.0650,-0.46
1788183960.163,0.7410,0.0589,-90.52,0.7610,-0.0001,-90.06,-0.0200,0.0650,-0.46
1788183960.263,0.7459,0.0590,-90.51,0.7659,0.0001,-90.05,-0.0200,0.0650,-0.46
1788183960.363,0.7508,0.0591,-90.49,0.7708,0.0002,-90.04,-0.0200,0.0650,-0.46
1788183960.463,0.7557,0.0591,-90.49,0.7757,0.0002,-90.03,-0.0200,0.0650,-0.46
1788183960.563,0.7606,0.0590,-90.49,0.7807,0.0002,-90.04,-0.0200,0.0650,-0.46
1788183960.663,0.7658,0.0588,-90.51,0.7858,0.0000,-90.05,-0.0200,0.0650,-0.46
1788183960.763,0.7709,0.0587,-90.51,0.7909,-0.0001,-90.05,-0.0200,0.0650,-0.46
1788183960.863,0.7758,0.0587,-90.51,0.7958,-0.0000,-90.05,-0.0200,0.0650,-0.46
1788183960.963,0.7806,0.0588,-90.51,0.8006,0.0001,-90.05,-0.0200,0.0650,-0.46
1788183961.063,0.7855,0.0589,-90.51,0.8055,0.0003,-90.06,-0.0200,0.0650,-0.46
1788183961.163,0.7905,0.0589,-90.52,0.8105,0.0003,-90.06,-0.0200,0.0650,-0.46
1788183961.263,0.7956,0.0587,-90.53,0.8156,0.0002,-90.07,-0.0200,0.0650,-0.46
1788183961.363,0.8008,0.0585,-90.53,0.8208,-0.0000,-90.08,-0.0200,0.0650,-0.46
1788183961.463,0.8059,0.0583,-90.52,0.8259,-0.0001,-90.06,-0.0200,0.0650,-0.46
1788183961.563,0.8106,0.0583,-90.53,0.8306,-0.0001,-90.07,-0.0200,0.0650,-0.46
1788183961.663,0.8154,0.0582,-90.52,0.8354,-0.0001,-90.07,-0.0200,0.0650,-0.46
1788183961.763,0.8205,0.0581,-90.52,0.8405,-0.0002,-90.06,-0.0200,0.0650,-0.46
1788183961.863,0.8255,0.0581,-90.52,0.8456,-0.0002,-90.07,-0.0200,0.0650,-0.46
1788183961.963,0.8307,0.0580,-90.52,0.8507,-0.0002,-90.06,-0.0200,0.0650,-0.46
1788183962.063,0.8365,0.0580,-90.52,0.8565,-0.0002,-90.06,-0.0200,0.0650,-0.46
1788183962.163,0.8463,0.0580,-90.51,0.8663,-0.0001,-90.06,-0.0200,0.0650,-0.46
1788183962.263,0.8567,0.0578,-90.52,0.8767,-0.0002,-90.06,-0.0200,0.0650,-0.46
1788183962.363,0.8672,0.0577,-90.52,0.8872,-0.0002,-90.06,-0.0200,0.0650,-0.46
1788183962.463,0.8776,0.0576,-90.51,0.8976,-0.0002,-90.05,-0.0200,0.0650,-0.46
1788183962.563,0.8878,0.0576,-90.50,0.9078,-0.0002,-90.05,-0.0200,0.0650,-0.46
1788183962.663,0.8979,0.0574,-90.51,0.9180,-0.0003,-90.05,-0.0097,0.1121,-1.29
1788183962.763,0.9183,0.0910,-91.33,0.9283,-0.0002,-90.05,-0.0097,0.1121,-1.29
1788183962.863,0.9283,0.0908,-91.33,0.9382,-0.0002,-90.04,-0.0097,0.1121,-1.29
1788183962.963,0.9383,0.0905,-91.34,0.9483,-0.0003,-90.05,-0.0097,0.1121,-1.29
1788183963.063,0.9485,0.0903,-91.33,0.9584,-0.0003,-90.05,-0.0097,0.1121,-1.29
1788183963.163,0.9586,0.0900,-91.33,0.9685,-0.0003,-90.05,-0.0097,0.1121,-1.29
1788183963.263,0.9687,0.0898,-91.33,0.9787,-0.0003,-90.05,-0.0097,0.1121,-1.29
1788183963.363,0.9788,0.0895,-91.33,0.9888,-0.0004,-90.05,-0.0097,0.1121,-1.29
1788183963.463,0.9889,0.0893,-91.33,0.9989,-0.0004,-90.04,-0.0097,0.1121,-1.29
1788183963.563,0.9991,0.0890,-91.33,1.0090,-0.0004,-90.04,-0.0097,0.1121,-1.29
1788183963.663,1.0092,0.0888,-91.32,1.0192,-0.0004,-90.04,-0.0097,0.1121,-1.29
1788183963.763,1.0193,0.0886,-91.32,1.0292,-0.0004,-90.03,-0.0097,0.1121,-1.29
1788183963.863,1.0293,0.0884,-91.32,1.0393,-0.0004,-90.03,-0.0097,0.1121,-1.29
1788183963.963,1.0394,0.0881,-91.32,1.0494,-0.0004,-90.03,-0.0097,0.1121,-1.29
1788183964.063,1.0495,0.0879,-91.32,1.0595,-0.0004,-90.03,-0.0097,0.1121,-1.29
1788183964.163,1.0595,0.0877,-91.32,1.0695,-0.0004,-90.04,-0.0097,0.1121,-1.29
1788183964.263,1.0696,0.0874,-91.32,1.0796,-0.0004,-90.04,-0.0097,0.1121,-1.29
1788183964.363,1.0796,0.0872,-91.32,1.0896,-0.0004,-90.04,-0.0097,0.1121,-1.29
1788183964.463,1.0898,0.0870,-91.32,1.0998,-0.0004,-90.04,-0.0097,0.1121,-1.29
1788183964.563,1.1000,0.0867,-91.33,1.1100,-0.0004,-90.04,-0.0097,0.1121,-1.29
1788183964.663,1.1100,0.0866,-91.32,1.1200,-0.0004,-90.03,-0.0097,0.1121,-1.29
1788183964.763,1.1201,0.0863,-91.32,1.1301,-0.0004,-90.04,-0.0097,0.1121,-1.29
1788183964.863,1.1302,0.0861,-91.33,1.1402,-0.0004,-90.04,-0.0097,0.1121,-1.29
1788183964.963,1.1405,0.0859,-91.32,1.1506,-0.0004,-90.04,-0.0097,0.1121,-1.29
1788183965.063,1.1507,0.0856,-91.32,1.1607,-0.0004,-90.04,-0.0097,0.1121,-1.29
1788183965.163,1.1607,0.0854,-91.33,1.1707,-0.0004,-90.04,-0.0097,0.1121,-1.29
1788183965.263,1.1708,0.0851,-91.33,1.1808,-0.0005,-90.04,-0.0097,0.1121,-1.29
1788183965.363,1.1808,0.0849,-91.32,1.1908,-0.0004,-90.04,-0.0097,0.1121,-1.29
1788183965.463,1.1908,0.0847,-91.32,1.2008,-0.0004,-90.03,-0.0097,0.1121,-1.29
1788183965.563,1.2009,0.0845,-91.32,1.2109,-0.0004,-90.03,-0.0097,0.1121,-1.29
1788183965.663,1.2109,0.0843,-91.32,1.2209,-0.0004,-90.03,-0.0097,0.1121,-1.29
1788183965.763,1.2210,0.0840,-91.32,1.2310,-0.0004,-90.04,-0.0097,0.1121,-1.29
1788183965.863,1.2311,0.0837,-91.33,1.2412,-0.0005,-90.04,-0.0097,0.1121,-1.29
1788183965.963,1.2412,0.0835,-91.32,1.2513,-0.0005,-90.04,-0.0097,0.1121,-1.29
1788183966.063,1.2513,0.0833,-91.32,1.2614,-0.0005,-90.04,-0.0097,0.1121,-1.29
1788183966.163,1.2615,0.0830,-91.33,1.2715,-0.0006,-90.05,-0.0097,0.1121,-1.29
1788183966.263,1.2715,0.0827,-91.33,1.2816,-0.0006,-90.05,-0.0097,0.1121,-1.29
1788183966.363,1.2815,0.0825,-91.33,1.2916,-0.0005,-90.05,-0.0098,0.1374,-1.11
1788183966.463,1.2916,0.1115,-91.17,1.3017,-0.0006,-90.06,-0.0098,0.1374,-1.11
1788183966.563,1.3018,0.1113,-91.18,1.3119,-0.0007,-90.06,-0.0098,0.1374,-1.11
1788183966.663,1.3119,0.1110,-91.18,1.3220,-0.0007,-90.06,-0.0098,0.1374,-1.11
1788183966.763,1.3220,0.1108,-91.18,1.3321,-0.0007,-90.06,-0.0098,0.1374,-1.11
1788183966.863,1.3320,0.1106,-91.17,1.3421,-0.0007,-90.06,-0.0098,0.1374,-1.11
1788183966.963,1.3421,0.1104,-91.17,1.3522,-0.0007,-90.05,-0.0098,0.1374,-1.11
1788183967.063,1.3522,0.1102,-91.17,1.3623,-0.0007,-90.05,-0.0098,0.1374,-1.11
1788183967.163,1.3623,0.1101,-91.16,1.3724,-0.0006,-90.04,-0.0098,0.1374,-1.11
1788183967.263,1.3724,0.1100,-91.16,1.3825,-0.0006,-90.04,-0.0098,0.1374,-1.11
1788183967.363,1.3826,0.1098,-91.16,1.3926,-0.0006,-90.05,-0.0098,0.1374,-1.11
1788183967.463,1.3927,0.1096,-91.16,1.4027,-0.0006,-90.04,-0.0098,0.1374,-1.11
1788183967.563,1.4027,0.1094,-91.15,1.4128,-0.0005,-90.04,-0.0098,0.1374,-1.11
1788183967.663,1.4131,0.1092,-91.16,1.4232,-0.0006,-90.05,-0.0098,0.1374,-1.11
1788183967.763,1.4232,0.1090,-91.17,1.4332,-0.0006,-90.06,-0.0098,0.1374,-1.11
1788183967.863,1.4331,0.1088,-91.17,1.4432,-0.0006,-90.05,-0.0098,0.1374,-1.11
1788183967.963,1.4433,0.1086,-91.17,1.4534,-0.0006,-90.06,-0.0098,0.1374,-1.11
1788183968.063,1.4534,0.1084,-91.17,1.4635,-0.0006,-90.06,-0.0098,0.1374,-1.11
1788183968.163,1.4635,0.1081,-91.17,1.4736,-0.0006,-90.05,-0.0098,0.1374,-1.11
1788183968.263,1.4736,0.1079,-91.17,1.4837,-0.0007,-90.05,-0.0098,0.1374,-1.11
1788183968.363,1.4837,0.1076,-91.17,1.4938,-0.0007,-90.05,-0.0098,0.1374,-1.11
1788183968.463,1.4937,0.1074,-91.16,1.5039,-0.0007,-90.05,-0.0098,0.1374,-1.11
1788183968.563,1.5038,0.1072,-91.16,1.5139,-0.0008,-90.05,-0.0098,0.1374,-1.11
1788183968.663,1.5139,0.1070,-91.17,1.5240,-0.0008,-90.05,-0.0098,0.1374,-1.11
1788183968.763,1.5240,0.1067,-91.17,1.5341,-0.0009,-90.05,-0.0098,0.1374,-1.11
1788183968.863,1.5340,0.1065,-91.17,1.5441,-0.0010,-90.06,-0.0098,0.1374,-1.11
1788183968.963,1.5441,0.1062,-91.18,1.5542,-0.0010,-90.06,-0.0098,0.1374,-1.11
1788183969.063,1.5539,0.1060,-91.18,1.5641,-0.0010,-90.06,-0.0098,0.1374,-1.11
1788183969.163,1.5639,0.1057,-91.18,1.5741,-0.0011,-90.06,-0.0098,0.1374,-1.11
1788183969.263,1.5742,0.1056,-91.17,1.5843,-0.0010,-90.06,-0.0098,0.1374,-1.11
1788183969.363,1.5843,0.1055,-91.17,1.5944,-0.0010,-90.06,-0.0098,0.1374,-1.11
1788183969.463,1.5943,0.1052,-91.17,1.6045,-0.0010,-90.06,-0.0098,0.1374,-1.11
1788183969.563,1.6045,0.1050,-91.18,1.6146,-0.0010,-90.06,-0.0098,0.1374,-1.11
1788183969.663,1.6146,0.1048,-91.17,1.6248,-0.0010,-90.06,-0.0098,0.1374,-1.11
1788183969.763,1.6248,0.1047,-91.17,1.6349,-0.0009,-90.05,-0.0098,0.1374,-1.11
1788183969.863,1.6349,0.1045,-91.17,1.6450,-0.0010,-90.06,-0.0098,0.1374,-1.11
1788183969.963,1.6450,0.1043,-91.17,1.6552,-0.0009,-90.05,-0.0091,0.2051,-1.94
1788183970.063,1.6551,0.1452,-91.95,1.6652,-0.0010,-90.05,-0.0091,0.2051,-1.94
1788183970.163,1.6652,0.1473,-92.00,1.6752,-0.0010,-90.06,-0.0091,0.2051,-1.94
1788183970.263,1.6752,0.1470,-92.00,1.6853,-0.0010,-90.06,-0.0091,0.2051,-1.94
1788183970.363,1.6853,0.1467,-92.00,1.6954,-0.0010,-90.06,-0.0091,0.2051,-1.94
1788183970.463,1.6955,0.1463,-92.00,1.7055,-0.0010,-90.06,-0.0091,0.2051,-1.94
1788183970.563,1.7056,0.1459,-92.01,1.7157,-0.0010,-90.07,-0.0091,0.2051,-1.94
1788183970.663,1.7158,0.1456,-92.00,1.7259,-0.0010,-90.06,-0.0091,0.2051,-1.94
1788183970.763,1.7260,0.1453,-92.00,1.7361,-0.0010,-90.06,-0.0091,0.2051,-1.94
1788183970.863,1.7360,0.1448,-92.01,1.7461,-0.0011,-90.07,-0.0091,0.2051,-1.94
1788183970.963,1.7460,0.1445,-92.01,1.7561,-0.0011,-90.07,-0.0091,0.2051,-1.94
1788183971.063,1.7561,0.1442,-91.31,1.7662,-0.0010,-89.36,-0.0091,0.2051,-1.94
1788183971.163,1.7665,0.1443,-90.14,1.7766,-0.0006,-88.20,-0.0091,0.2051,-1.94
1788183971.263,1.7767,0.1443,-88.97,1.7868,-0.0002,-87.03,-0.0091,0.2051,-1.94
1788183971.363,1.7871,0.1445,-87.80,1.7972,0.0004,-85.85,-0.0091,0.2051,-1.94
1788183971.464,1.7973,0.1450,-86.64,1.8074,0.0011,-84.70,-0.0091,0.2051,-1.94
1788183971.563,1.8074,0.1458,-85.49,1.8175,0.0022,-83.54,-0.0091,0.2051,-1.94
1788183971.663,1.8177,0.1467,-84.33,1.8277,0.0035,-82.39,-0.0091,0.2051,-1.94
1788183971.763,1.8276,0.1477,-83.19,1.8376,0.0049,-81.25,-0.0091,0.2051,-1.94
1788183971.863,1.8375,0.1490,-82.03,1.8474,0.0065,-80.09,-0.0091,0.2051,-1.94
1788183971.963,1.8476,0.1504,-80.88,1.8575,0.0083,-78.94,-0.0091,0.2051,-1.94
1788183972.063,1.8575,0.1522,-79.73,1.8672,0.0104,-77.79,-0.0091,0.2051,-1.94
1788183972.163,1.8673,0.1540,-78.57,1.8770,0.0126,-76.63,-0.0091,0.2051,-1.94
1788183972.263,1.8771,0.1561,-77.43,1.8868,0.0149,-75.48,-0.0091,0.2051,-1.94
1788183972.363,1.8868,0.1584,-76.29,1.8964,0.0176,-74.35,-0.0091,0.2051,-1.94
1788183972.463,1.8966,0.1610,-75.14,1.9061,0.0205,-73.20,-0.0091,0.2051,-1.94
1788183972.563,1.9062,0.1637,-73.99,1.9156,0.0235,-72.05,-0.0091,0.2051,-1.94
1788183972.663,1.9158,0.1667,-72.85,1.9251,0.0269,-70.90,-0.0091,0.2051,-1.94
1788183972.763,1.9255,0.1698,-71.70,1.9346,0.0302,-69.75,-0.0091,0.2051,-1.94
1788183972.863,1.9352,0.1730,-70.55,1.9443,0.0338,-68.61,-0.0091,0.2051,-1.94
1788183972.963,1.9448,0.1765,-69.39,1.9537,0.0376,-67.45,-0.0091,0.2051,-1.94
1788183973.063,1.9542,0.1801,-68.23,1.9629,0.0415,-66.28,-0.0091,0.2051,-1.94
1788183973.163,1.9636,0.1838,-67.08,1.9723,0.0456,-65.13,-0.0091,0.2051,-1.94
1788183973.263,1.9730,0.1878,-65.92,1.9815,0.0499,-63.98,-0.0091,0.2051,-1.94
1788183973.363,1.9821,0.1921,-64.77,1.9905,0.0545,-62.83,-0.0091,0.2051,-1.94
1788183973.463,1.9912,0.1964,-63.61,1.9994,0.0591,-61.67,-0.0091,0.2051,-1.94
1788183973.563,2.0003,0.2010,-62.46,2.0083,0.0640,-60.51,-0.0091,0.2051,-1.94
1788183973.663,2.0063,0.2143,-61.42,2.0171,0.0691,-59.36,-0.0199,0.2519,-2.37
1788183973.763,2.0072,0.2424,-60.59,2.0258,0.0744,-58.21,-0.0199,0.2519,-2.37
1788183973.863,2.0159,0.2475,-59.44,2.0342,0.0798,-57.07,-0.0199,0.2519,-2.37
1788183973.963,2.0245,0.2527,-58.29,2.0426,0.0854,-55.92,-0.0199,0.2519,-2.37
1788183974.063,2.0333,0.2582,-57.21,2.0511,0.0912,-54.84,-0.0199,0.2519,-2.37
1788183974.163,2.0419,0.2637,-56.95,2.0595,0.0971,-54.58,-0.0199,0.2519,-2.37
1788183974.263,2.0502,0.2693,-56.96,2.0676,0.1030,-54.59,-0.0199,0.2519,-2.37
1788183974.363,2.0586,0.2749,-56.98,2.0758,0.1089,-54.61,-0.0199,0.2519,-2.37
1788183974.463,2.0670,0.2803,-57.00,2.0839,0.1147,-54.63,-0.0199,0.2519,-2.37
1788183974.563,2.0753,0.2858,-57.01,2.0920,0.1205,-54.64,-0.0199,0.2519,-2.37
1788183974.663,2.0838,0.2912,-57.02,2.1002,0.1263,-54.65,-0.0199,0.2519,-2.37
1788183974.763,2.0923,0.2968,-57.02,2.1085,0.1322,-54.65,-0.0199,0.2519,-2.37
1788183974.863,2.1008,0.3023,-57.02,2.1167,0.1381,-54.65,-0.0199,0.2519,-2.37
1788183974.963,2.1092,0.3078,-57.03,2.1249,0.1439,-54.66,-0.0199,0.2519,-2.37
1788183975.063,2.1176,0.3132,-57.04,2.1331,0.1496,-54.67,-0.0199,0.2519,-2.37
1788183975.163,2.1260,0.3187,-57.04,2.1413,0.1555,-54.67,-0.0199,0.2519,-2.37
1788183975.263,2.1345,0.3243,-57.03,2.1495,0.1614,-54.66,-0.0199,0.2519,-2.37
1788183975.363,2.1429,0.3298,-57.04,2.1577,0.1673,-54.67,-0.0199,0.2519,-2.37
1788183975.463,2.1513,0.3352,-57.05,2.1659,0.1730,-54.68,-0.0199,0.2519,-2.37
1788183975.563,2.1598,0.3408,-57.05,2.1742,0.1789,-54.68,-0.0199,0.2519,-2.37
1788183975.663,2.1683,0.3463,-57.05,2.1824,0.1849,-54.67,-0.0199,0.2519,-2.37
1788183975.763,2.1770,0.3519,-57.05,2.1908,0.1908,-54.68,-0.0199,0.2519,-2.37
1788183975.863,2.1855,0.3575,-57.05,2.1991,0.1967,-54.68,-0.0199,0.2519,-2.37
1788183975.963,2.1937,0.3629,-57.06,2.2071,0.2025,-54.68,-0.0199,0.2519,-2.37
1788183976.063,2.2025,0.3686,-57.29,2.2156,0.2085,-54.91,-0.0199,0.2519,-2.37
1788183976.163,2.2110,0.3743,-58.32,2.2239,0.2146,-55.95,-0.0199,0.2519,-2.37
1788183976.263,2.2199,0.3797,-59.50,2.2326,0.2204,-57.12,-0.0199,0.2519,-2.37
1788183976.363,2.2287,0.3849,-60.65,2.2412,0.2259,-58.28,-0.0199,0.2519,-2.37
1788183976.463,2.2375,0.3897,-61.82,2.2497,0.2310,-59.45,-0.0199,0.2519,-2.37
1788183976.563,2.2465,0.3943,-62.99,2.2586,0.2360,-60.62,-0.0199,0.2519,-2.37
1788183976.663,2.2555,0.3989,-64.13,2.2673,0.2410,-61.75,-0.0199,0.2519,-2.37
1788183976.763,2.2646,0.4031,-65.29,2.2763,0.2455,-62.92,-0.0199,0.2519,-2.37
1788183976.863,2.2739,0.4074,-66.44,2.2853,0.2502,-64.07,-0.0199,0.2519,-2.37
1788183976.963,2.2832,0.4114,-67.59,2.2945,0.2546,-65.22,-0.0199,0.2519,-2.37
1788183977.063,2.2925,0.4150,-68.74,2.3036,0.2586,-66.37,-0.0199,0.2519,-2.37
1788183977.163,2.3019,0.4188,-69.90,2.3129,0.2628,-67.53,-0.0199,0.2519,-2.37
1788183977.263,2.3114,0.4223,-71.05,2.3222,0.2667,-68.67,-0.0462,0.2473,-1.60
1788183977.363,2.3210,0.4256,-72.21,2.3317,0.2703,-69.84,-0.0462,0.2473,-1.60
1788183977.463,2.3017,0.4557,-72.58,2.3411,0.2740,-70.98,-0.0462,0.2473,-1.60
1788183977.563,2.3114,0.4587,-73.73,2.3507,0.2772,-72.13,-0.0462,0.2473,-1.60
1788183977.663,2.3211,0.4617,-74.86,2.3604,0.2804,-73.26,-0.0462,0.2473,-1.60
1788183977.763,2.3309,0.4643,-76.01,2.3701,0.2833,-74.41,-0.0462,0.2473,-1.60
1788183977.863,2.3406,0.4664,-77.16,2.3797,0.2858,-75.56,-0.0462,0.2473,-1.60
1788183977.963,2.3505,0.4687,-78.30,2.3895,0.2883,-76.70,-0.0462,0.2473,-1.60
1788183978.063,2.3605,0.4705,-79.45,2.3995,0.2903,-77.85,-0.0462,0.2473,-1.60
1788183978.163,2.3704,0.4721,-80.62,2.4093,0.2922,-79.02,-0.0462,0.2473,-1.60
1788183978.263,2.3805,0.4736,-81.77,2.4193,0.2940,-80.17,-0.0462,0.2473,-1.60
1788183978.363,2.3906,0.4748,-82.96,2.4294,0.2955,-81.36,-0.0462,0.2473,-1.60
1788183978.463,2.4004,0.4759,-84.11,2.4392,0.2969,-82.51,-0.0462,0.2473,-1.60
1788183978.563,2.4105,0.4769,-85.27,2.4493,0.2982,-83.67,-0.0462,0.2473,-1.60
1788183978.663,2.4206,0.4777,-86.43,2.4594,0.2993,-84.83,-0.0462,0.2473,-1.60
1788183978.763,2.4307,0.4784,-87.58,2.4694,0.3002,-85.98,-0.0462,0.2473,-1.60
1788183978.863,2.4408,0.4786,-88.76,2.4795,0.3008,-87.16,-0.0462,0.2473,-1.60
1788183978.963,2.4506,0.4787,-89.91,2.4894,0.3011,-88.31,-0.0462,0.2473,-1.60
1788183979.063,2.4606,0.4787,-91.05,2.4993,0.3013,-89.45,-0.0462,0.2473,-1.60
1788183979.163,2.4046,0.4991,-92.93,2.5092,0.3012,-90.61,-0.2015,0.3661,-3.23
1788183979.263,2.3307,0.5248,-94.99,2.5193,0.3010,-91.76,-0.2015,0.3661,-3.23
1788183979.363,2.3407,0.5238,-96.14,2.5293,0.3006,-92.91,-0.2015,0.3661,-3.23
1788183979.463,2.3505,0.5226,-97.29,2.5392,0.3000,-94.06,-0.2015,0.3661,-3.23
1788183979.563,2.3606,0.5215,-98.43,2.5493,0.2994,-95.21,-0.2015,0.3661,-3.23
1788183979.663,2.3706,0.5198,-99.58,2.5594,0.2983,-96.35,-0.2015,0.3661,-3.23
1788183979.763,2.3807,0.5180,-100.75,2.5696,0.2971,-97.52,-0.2015,0.3661,-3.23
1788183979.863,2.3906,0.5163,-101.87,2.5796,0.2960,-98.64,-0.2015,0.3661,-3.23
1788183979.963,2.4006,0.5140,-103.03,2.5896,0.2943,-99.80,-0.2015,0.3661,-3.23
1788183980.063,2.4107,0.5119,-104.17,2.5999,0.2927,-100.94,-0.2015,0.3661,-3.23
1788183980.163,2.4204,0.5093,-105.31,2.6097,0.2907,-102.08,-0.2015,0.3661,-3.23
1788183980.263,2.4301,0.5063,-106.05,2.6196,0.2882,-102.82,-0.2015,0.3661,-3.23
1788183980.363,2.4399,0.5034,-106.07,2.6295,0.2858,-102.84,-0.2015,0.3661,-3.23
1788183980.463,2.4494,0.5005,-106.05,2.6392,0.2834,-102.82,-0.2015,0.3661,-3.23
1788183980.563,2.4590,0.4975,-106.03,2.6489,0.2810,-102.80,-0.2015,0.3661,-3.23
1788183980.663,2.4687,0.4946,-106.02,2.6587,0.2786,-102.79,-0.2015,0.3661,-3.23
1788183980.763,2.4783,0.4917,-106.01,2.6685,0.2763,-102.78,-0.2015,0.3661,-3.23
1788183980.863,2.4880,0.4889,-106.00,2.6784,0.2740,-102.78,-0.2015,0.3661,-3.23
1788183980.963,2.4978,0.4860,-105.98,2.6883,0.2717,-102.76,-0.3192,0.6024,-6.66
1788183981.063,2.3920,0.5573,-109.40,2.6981,0.2695,-102.74,-0.3192,0.6024,-6.66
1788183981.163,2.4015,0.5539,-109.40,2.7079,0.2672,-102.74,-0.3192,0.6024,-6.66
1788183981.263,2.4110,0.5505,-109.40,2.7178,0.2650,-102.74,-0.3192,0.6024,-6.66
1788183981.363,2.4205,0.5472,-109.39,2.7276,0.2628,-102.73,-0.3192,0.6024,-6.66
1788183981.463,2.4300,0.5439,-109.39,2.7374,0.2605,-102.73,-0.3192,0.6024,-6.66
1788183981.563,2.4395,0.5405,-109.39,2.7473,0.2583,-102.74,-0.3192,0.6024,-6.66
1788183981.663,2.4489,0.5372,-109.39,2.7570,0.2561,-102.73,-0.3192,0.6024,-6.66
1788183981.763,2.4584,0.5339,-109.39,2.7668,0.2539,-102.73,-0.3192,0.6024,-6.66
1788183981.863,2.4680,0.5305,-109.39,2.7767,0.2516,-102.74,-0.3192,0.6024,-6.66
1788183981.963,2.4775,0.5271,-109.39,2.7866,0.2494,-102.73,-0.3192,0.6024,-6.66
1788183982.063,2.4870,0.5238,-109.39,2.7964,0.2471,-102.74,-0.3192,0.6024,-6.66
1788183982.163,2.4967,0.5204,-109.23,2.8064,0.2449,-102.57,-0.3192,0.6024,-6.66
1788183982.263,2.5061,0.5171,-108.25,2.8161,0.2427,-101.59,-0.3192,0.6024,-6.66
1788183982.363,2.5164,0.5142,-107.07,2.8267,0.2410,-100.42,-0.3192,0.6024,-6.66
1788183982.463,2.5264,0.5112,-105.90,2.8370,0.2393,-99.24,-0.3192,0.6024,-6.66
1788183982.563,2.5359,0.5087,-104.75,2.8467,0.2379,-98.10,-0.3192,0.6024,-6.66
1788183982.663,2.5460,0.5063,-103.57,2.8571,0.2366,-96.92,-0.3192,0.6024,-6.66
1788183982.763,2.5558,0.5040,-102.73,2.8671,0.2355,-96.07,-0.3192,0.6024,-6.66
1788183982.863,2.5657,0.5017,-102.67,2.8771,0.2344,-96.02,-0.3192,0.6024,-6.66
1788183982.963,2.5756,0.4995,-102.69,2.8872,0.2333,-96.04,-0.3192,0.6024,-6.66
1788183983.063,2.5854,0.4973,-102.71,2.8972,0.2323,-96.06,-0.3192,0.6024,-6.66
1788183983.163,2.5951,0.4950,-102.44,2.9071,0.2312,-95.78,-0.3192,0.6024,-6.66
1788183983.263,2.6052,0.4930,-101.36,2.9174,0.2303,-94.70,-0.3192,0.6024,-6.66
1788183983.363,2.6152,0.4913,-100.21,2.9275,0.2297,-93.56,-0.3192,0.6024,-6.66
1788183983.463,2.6252,0.4895,-99.77,2.9377,0.2291,-93.11,-0.3192,0.6024,-6.66
1788183983.563,2.6353,0.4878,-99.77,2.9479,0.2287,-93.12,-0.3192,0.6024,-6.66
1788183983.663,2.6452,0.4862,-99.79,2.9579,0.2282,-93.13,-0.3192,0.6024,-6.66
1788183983.763,2.6552,0.4845,-99.80,2.9680,0.2277,-93.15,-0.3192,0.6024,-6.66
1788183983.863,2.6653,0.4828,-99.64,2.9783,0.2271,-92.99,-0.3192,0.6024,-6.66
1788183983.963,2.6753,0.4813,-98.66,2.9884,0.2268,-92.00,-0.3192,0.6024,-6.66
1788183984.063,2.6855,0.4799,-97.72,2.9987,0.2266,-91.07,-0.3192,0.6024,-6.66
1788183984.163,2.6957,0.4787,-97.61,3.0089,0.2266,-90.95,-0.3192,0.6024,-6.66
1788183984.263,2.7056,0.4775,-97.62,3.0189,0.2265,-90.97,-0.3192,0.6024,-6.66
1788183984.363,2.7157,0.4762,-97.63,3.0291,0.2264,-90.98,-0.3192,0.6024,-6.66
1788183984.463,2.7258,0.4749,-97.65,3.0392,0.2263,-90.99,-0.3192,0.6024,-6.66
1788183984.563,2.7357,0.4738,-97.66,3.0492,0.2263,-91.01,-0.1930,0.4767,-4.49
1788183984.663,2.8288,0.4663,-96.28,3.0592,0.2261,-91.02,-0.1930,0.4767,-4.49
1788183984.763,2.8846,0.4619,-95.51,3.0694,0.2259,-91.02,-0.1930,0.4767,-4.49
1788183984.863,2.8949,0.4610,-95.29,3.0797,0.2258,-90.81,-0.1930,0.4767,-4.49
1788183984.963,2.9052,0.4601,-94.33,3.0901,0.2257,-89.84,-0.1930,0.4767,-4.49
1788183985.063,2.9155,0.4591,-94.07,3.1003,0.2256,-89.58,-0.1930,0.4767,-4.49
1788183985.163,2.9256,0.4585,-94.06,3.1105,0.2258,-89.58,-0.1930,0.4767,-4.49
1788183985.263,2.9356,0.4578,-94.08,3.1205,0.2259,-89.59,-0.1930,0.4767,-4.49
1788183985.363,2.9456,0.4572,-94.09,3.1305,0.2260,-89.61,-0.1930,0.4767,-4.49
1788183985.463,2.9557,0.4565,-94.10,3.1406,0.2262,-89.61,-0.1930,0.4767,-4.49
1788183985.563,2.9659,0.4559,-94.10,3.1509,0.2263,-89.61,-0.1930,0.4767,-4.49
1788183985.663,2.9760,0.4552,-94.10,3.1610,0.2264,-89.61,-0.1930,0.4767,-4.49
1788183985.763,2.9860,0.4545,-94.10,3.1710,0.2265,-89.61,-0.1930,0.4767,-4.49
1788183985.863,2.9961,0.4538,-94.10,3.1811,0.2266,-89.61,-0.1930,0.4767,-4.49
1788183985.963,3.0062,0.4531,-94.10,3.1912,0.2267,-89.61,-0.1930,0.4767,-4.49
1788183986.063,3.0163,0.4525,-94.09,3.2014,0.2268,-89.61,-0.1930,0.4767,-4.49
1788183986.163,3.0264,0.4518,-94.09,3.2115,0.2269,-89.60,-0.1930,0.4767,-4.49
1788183986.263,3.0365,0.4510,-94.13,3.2216,0.2269,-89.64,-0.1930,0.4767,-4.49
1788183986.363,3.0469,0.4502,-94.93,3.2321,0.2269,-90.45,-0.1930,0.4767,-4.49
1788183986.463,3.0569,0.4495,-96.05,3.2421,0.2271,-91.57,-0.1930,0.4767,-4.49
1788183986.563,3.0672,0.4484,-97.21,3.2524,0.2268,-92.72,-0.1930,0.4767,-4.49
1788183986.663,3.0774,0.4473,-98.38,3.2627,0.2264,-93.89,-0.1930,0.4767,-4.49
1788183986.763,3.0874,0.4459,-99.53,3.2728,0.2259,-95.05,-0.1930,0.4767,-4.49
1788183986.863,3.0974,0.4442,-100.70,3.2829,0.2250,-96.22,-0.1930,0.4767,-4.49
1788183986.963,3.1074,0.4424,-101.87,3.2930,0.2239,-97.38,-0.1930,0.4767,-4.49
1788183987.063,3.1172,0.4403,-103.02,3.3030,0.2226,-98.54,-0.1930,0.4767,-4.49
1788183987.163,3.1271,0.4380,-104.17,3.3130,0.2210,-99.69,-0.1930,0.4767,-4.49
1788183987.263,3.1369,0.4355,-104.82,3.3229,0.2193,-100.33,-0.1930,0.4767,-4.49
1788183987.363,3.1466,0.4328,-104.81,3.3328,0.2174,-100.33,-0.1930,0.4767,-4.49
1788183987.463,3.1561,0.4302,-104.78,3.3425,0.2155,-100.30,-0.1930,0.4767,-4.49
1788183987.563,3.1657,0.4265,-104.77,3.3523,0.2127,-100.28,-0.1930,0.4767,-4.49
1788183987.663,3.1723,0.4193,-104.72,3.3595,0.2059,-100.23,-0.1930,0.4767,-4.49
1788183987.763,3.1783,0.4116,-104.72,3.3660,0.1988,-100.23,-0.1930,0.4767,-4.49
1788183987.863,3.1836,0.4037,-104.74,3.3720,0.1913,-100.25,-0.1930,0.4767,-4.49
1788183987.963,3.1889,0.3956,-104.73,3.3779,0.1836,-100.25,-0.1930,0.4767,-4.49
1788183988.063,3.1942,0.3877,-104.74,3.3838,0.1761,-100.26,-0.1930,0.4767,-4.49
1788183988.163,3.1994,0.3796,-104.75,3.3896,0.1685,-100.26,-0.1930,0.4767,-4.49
1788183988.263,3.2047,0.3715,-104.75,3.3955,0.1609,-100.26,-0.1930,0.4767,-4.49
1788183988.363,3.2122,0.3672,-104.74,3.4034,0.1571,-100.25,-0.1835,0.5058,-4.31
1788183988.463,3.2320,0.4041,-104.27,3.4135,0.1556,-99.95,-0.1835,0.5058,-4.31
1788183988.563,3.2422,0.4018,-103.17,3.4238,0.1540,-98.85,-0.1835,0.5058,-4.31
1788183988.663,3.2524,0.3996,-101.99,3.4342,0.1526,-97.68,-0.1835,0.5058,-4.31
1788183988.763,3.2625,0.3977,-100.83,3.4443,0.1514,-96.51,-0.1835,0.5058,-4.31
1788183988.863,3.2726,0.3959,-99.65,3.4546,0.1504,-95.33,-0.1835,0.5058,-4.31
1788183988.963,3.2826,0.3944,-98.48,3.4647,0.1497,-94.17,-0.1835,0.5058,-4.31
1788183989.063,3.2928,0.3930,-97.31,3.4750,0.1491,-93.00,-0.1835,0.5058,-4.31
1788183989.163,3.3029,0.3919,-96.15,3.4851,0.1487,-91.84,-0.1835,0.5058,-4.31
1788183989.263,3.3129,0.3909,-95.00,3.4952,0.1485,-90.68,-0.1835,0.5058,-4.31
1788183989.363,3.3230,0.3902,-93.84,3.5053,0.1485,-89.52,-0.1835,0.5058,-4.31
1788183989.463,3.3330,0.3895,-92.68,3.5153,0.1486,-88.36,-0.1835,0.5058,-4.31
1788183989.563,3.3432,0.3894,-91.52,3.5255,0.1492,-87.21,-0.1835,0.5058,-4.31
1788183989.663,3.3532,0.3892,-90.36,3.5355,0.1498,-86.05,-0.1835,0.5058,-4.31
1788183989.763,3.3632,0.3894,-89.20,3.5454,0.1507,-84.89,-0.1835,0.5058,-4.31
1788183989.863,3.3732,0.3896,-88.05,3.5554,0.1518,-83.73,-0.1835,0.5058,-4.31
1788183989.963,3.3832,0.3900,-86.90,3.5653,0.1529,-82.58,-0.1835,0.5058,-4.31
1788183990.063,3.3932,0.3908,-85.74,3.5753,0.1544,-81.43,-0.1835,0.5058,-4.31
1788183990.163,3.4033,0.3916,-84.57,3.5852,0.1559,-80.25,-0.3422,0.5180,-4.94
1788183990.263,3.2528,0.3653,-84.06,3.5948,0.1576,-79.12,-0.3422,0.5180,-4.94
1788183990.363,3.2586,0.3659,-82.86,3.6006,0.1587,-77.92,-0.3422,0.5180,-4.94
1788183990.463,3.2588,0.3657,-81.72,3.6008,0.1586,-76.78,-0.3422,0.5180,-4.94
1788183990.563,3.2587,0.3654,-80.61,3.6007,0.1583,-75.67,-0.3422,0.5180,-4.94
1788183990.663,3.2579,0.3655,-79.50,3.5999,0.1583,-74.56,-0.3422,0.5180,-4.94
1788183990.763,3.2576,0.3656,-78.34,3.5995,0.1584,-73.40,-0.3422,0.5180,-4.94
1788183990.863,3.2573,0.3654,-77.21,3.5993,0.1582,-72.27,-0.3422,0.5180,-4.94
1788183990.963,3.2574,0.3652,-76.02,3.5994,0.1580,-71.08,-0.3422,0.5180,-4.94
1788183991.063,3.2573,0.3652,-74.97,3.5993,0.1580,-70.02,-0.3422,0.5180,-4.94
1788183991.163,3.2608,0.3660,-74.31,3.6027,0.1590,-69.37,-0.3422,0.5180,-4.94
1788183991.263,3.2691,0.3680,-74.17,3.6108,0.1618,-69.23,-0.3422,0.5180,-4.94
1788183991.363,3.2792,0.3709,-74.18,3.6206,0.1655,-69.24,-0.3422,0.5180,-4.94
1788183991.463,3.2891,0.3739,-74.22,3.6303,0.1694,-69.28,-0.3422,0.5180,-4.94
1788183991.563,3.2993,0.3768,-74.23,3.6402,0.1731,-69.29,-0.3422,0.5180,-4.94
1788183991.663,3.3094,0.3797,-74.70,3.6500,0.1768,-69.76,-0.3422,0.5180,-4.94
1788183991.763,3.3196,0.3824,-75.85,3.6599,0.1804,-70.91,-0.3422,0.5180,-4.94
1788183991.863,3.3299,0.3846,-77.01,3.6699,0.1836,-72.07,-0.3422,0.5180,-4.94
1788183991.963,3.3397,0.3869,-78.18,3.6796,0.1867,-73.24,-0.3422,0.5180,-4.94
1788183992.063,3.3497,0.3888,-79.35,3.6893,0.1895,-74.40,-0.3422,0.5180,-4.94
1788183992.163,3.3596,0.3908,-80.51,3.6991,0.1923,-75.57,-0.3422,0.5180,-4.94
1788183992.263,3.3696,0.3925,-81.67,3.7089,0.1948,-76.72,-0.3422,0.5180,-4.94
1788183992.363,3.3796,0.3939,-82.83,3.7186,0.1971,-77.89,-0.3422,0.5180,-4.94
1788183992.463,3.3896,0.3952,-83.99,3.7286,0.1993,-79.05,-0.3422,0.5180,-4.94
1788183992.563,3.3996,0.3962,-85.16,3.7384,0.2011,-80.21,-0.3422,0.5180,-4.94
1788183992.663,3.4096,0.3971,-86.30,3.7483,0.2029,-81.36,-0.3422,0.5180,-4.94
1788183992.763,3.4197,0.3975,-87.46,3.7584,0.2042,-82.51,-0.3422,0.5180,-4.94
1788183992.863,3.4298,0.3980,-88.60,3.7684,0.2055,-83.66,-0.3422,0.5180,-4.94
1788183992.963,3.4399,0.3982,-89.75,3.7784,0.2066,-84.80,-0.3422,0.5180,-4.94
1788183993.063,3.4500,0.3980,-90.91,3.7884,0.2072,-85.97,-0.3422,0.5180,-4.94
1788183993.163,3.4601,0.3978,-92.06,3.7986,0.2079,-87.11,-0.3422,0.5180,-4.94
1788183993.263,3.4703,0.3972,-93.22,3.8088,0.2082,-88.28,-0.3422,0.5180,-4.94
1788183993.363,3.4789,0.3967,-94.36,3.8173,0.2085,-89.41,-0.3422,0.5180,-4.94
1788183993.463,3.4843,0.3967,-94.94,3.8228,0.2089,-90.00,-0.3422,0.5180,-4.94
1788183993.563,3.4823,0.3972,-95.28,3.8207,0.2092,-90.34,-0.3422,0.5180,-4.94
1788183993.663,3.4734,0.3983,-95.39,3.8117,0.2096,-90.45,-0.3422,0.5180,-4.94
1788183993.763,3.4625,0.3992,-95.37,3.8008,0.2096,-90.43,-0.3422,0.5180,-4.94
1788183993.863,3.4515,0.4001,-95.35,3.7898,0.2095,-90.41,-0.3422,0.5180,-4.94
1788183993.963,3.4408,0.4010,-95.35,3.7790,0.2095,-90.40,-0.3422,0.5180,-4.94
1788183994.063,3.4302,0.4017,-95.33,3.7685,0.2093,-90.39,-0.3422,0.5180,-4.94
1788183994.163,3.4212,0.3975,-95.33,3.7598,0.2043,-90.39,-0.3422,0.5180,-4.94
1788183994.263,3.4131,0.3934,-95.34,3.7521,0.1995,-90.39,-0.3422,0.5180,-4.94
1788183994.363,3.4032,0.3937,-95.33,3.7422,0.1990,-90.39,-0.3422,0.5180,-4.94
1788183994.463,3.3931,0.3949,-95.33,3.7321,0.1993,-90.39,-0.3422,0.5180,-4.94
1788183994.563,3.3830,0.3942,-95.33,3.7221,0.1977,-90.39,-0.3422,0.5180,-4.94
1788183994.663,3.3744,0.3893,-95.31,3.7139,0.1921,-90.37,-0.3422,0.5180,-4.94
1788183994.763,3.3662,0.3861,-95.31,3.7060,0.1882,-90.37,-0.3422,0.5180,-4.94
1788183994.863,3.3562,0.3870,-95.32,3.6960,0.1882,-90.37,-0.3422,0.5180,-4.94
1788183994.963,3.3460,0.3882,-95.32,3.6857,0.1885,-90.37,-0.3422,0.5180,-4.94
1788183995.063,3.3358,0.3892,-95.32,3.6755,0.1887,-90.37,-0.3422,0.5180,-4.94
1788183995.163,3.3256,0.3903,-94.74,3.6652,0.1888,-89.80,-0.3422,0.5180,-4.94
1788183995.263,3.3151,0.3910,-94.51,3.6547,0.1886,-89.57,-0.3422,0.5180,-4.94
1788183995.363,3.3049,0.3917,-94.50,3.6444,0.1885,-89.56,-0.3422,0.5180,-4.94
1788183995.463,3.2948,0.3925,-94.51,3.6343,0.1884,-89.57,-0.3422,0.5180,-4.94
1788183995.563,3.2847,0.3933,-94.48,3.6242,0.1883,-89.54,-0.3422,0.5180,-4.94
1788183995.663,3.2745,0.3939,-93.86,3.6140,0.1880,-88.92,-0.3422,0.5180,-4.94
1788183995.763,3.2643,0.3946,-93.73,3.6038,0.1879,-88.78,-0.3422,0.5180,-4.94
1788183995.863,3.2542,0.3953,-93.72,3.5936,0.1876,-88.78,-0.3422,0.5180,-4.94
1788183995.963,3.2443,0.3960,-93.73,3.5837,0.1875,-88.79,-0.3422,0.5180,-4.94
1788183996.063,3.2344,0.3966,-93.73,3.5738,0.1872,-88.79,-0.3422,0.5180,-4.94
1788183996.163,3.2243,0.3972,-93.73,3.5636,0.1870,-88.79,-0.3422,0.5180,-4.94
1788183996.263,3.2142,0.3978,-93.73,3.5535,0.1868,-88.79,-0.3422,0.5180,-4.94
1788183996.363,3.2041,0.3985,-93.73,3.5435,0.1866,-88.79,-0.3422,0.5180,-4.94
1788183996.463,3.1940,0.3992,-93.73,3.5333,0.1864,-88.79,-0.3422,0.5180,-4.94
1788183996.563,3.1839,0.3998,-93.74,3.5232,0.1861,-88.80,-0.3422,0.5180,-4.94
1788183996.663,3.1738,0.4004,-93.74,3.5131,0.1859,-88.80,-0.3422,0.5180,-4.94
1788183996.763,3.1636,0.4011,-93.73,3.5029,0.1857,-88.79,-0.3422,0.5180,-4.94
1788183996.863,3.1536,0.4017,-93.73,3.4929,0.1854,-88.79,-0.3422,0.5180,-4.94
1788183996.963,3.1436,0.4024,-93.74,3.4829,0.1852,-88.79,-0.3422,0.5180,-4.94
1788183997.063,3.1336,0.4030,-93.74,3.4728,0.1850,-88.79,-0.3422,0.5180,-4.94
1788183997.163,3.1235,0.4037,-93.74,3.4627,0.1848,-88.80,-0.3422,0.5180,-4.94
1788183997.263,3.1135,0.4044,-93.75,3.4527,0.1846,-88.80,-0.3422,0.5180,-4.94
1788183997.363,3.1034,0.4050,-93.74,3.4425,0.1844,-88.80,-0.3422,0.5180,-4.94
1788183997.463,3.0932,0.4057,-93.74,3.4324,0.1842,-88.80,-0.3422,0.5180,-4.94
1788183997.563,3.0832,0.4064,-93.74,3.4223,0.1840,-88.80,-0.3422,0.5180,-4.94
1788183997.663,3.0732,0.4071,-93.74,3.4122,0.1839,-88.80,-0.3422,0.5180,-4.94
1788183997.763,3.0631,0.4078,-93.74,3.4022,0.1837,-88.80,-0.3422,0.5180,-4.94
1788183997.863,3.0531,0.4085,-93.75,3.3922,0.1835,-88.80,-0.3422,0.5180,-4.94
1788183997.963,3.0430,0.4092,-93.74,3.3820,0.1833,-88.80,-0.3422,0.5180,-4.94
1788183998.063,3.0329,0.4098,-93.74,3.3719,0.1831,-88.80,-0.3422,0.5180,-4.94
1788183998.163,3.0229,0.4105,-93.74,3.3619,0.1829,-88.80,-0.3422,0.5180,-4.94
1788183998.263,3.0128,0.4111,-93.74,3.3518,0.1827,-88.80,-0.3422,0.5180,-4.94
1788183998.363,3.0027,0.4118,-93.74,3.3416,0.1825,-88.79,-0.3422,0.5180,-4.94
1788183998.463,2.9926,0.4125,-93.74,3.3316,0.1823,-88.80,-0.3422,0.5180,-4.94
1788183998.563,2.9826,0.4132,-93.74,3.3215,0.1821,-88.80,-0.3422,0.5180,-4.94
1788183998.663,2.9725,0.4138,-93.74,3.3114,0.1819,-88.80,-0.3422,0.5180,-4.94
1788183998.763,2.9624,0.4145,-93.74,3.3013,0.1816,-88.79,-0.3422,0.5180,-4.94
1788183998.863,2.9524,0.4151,-93.74,3.2912,0.1814,-88.80,-0.3422,0.5180,-4.94
1788183998.963,2.9422,0.4157,-93.73,3.2811,0.1812,-88.79,-0.3422,0.5180,-4.94
1788183999.063,2.9321,0.4164,-93.73,3.2709,0.1810,-88.79,-0.3422,0.5180,-4.94
1788183999.163,2.9220,0.4170,-93.74,3.2608,0.1807,-88.79,-0.3422,0.5180,-4.94
1788183999.263,2.9121,0.4176,-93.74,3.2509,0.1804,-88.80,-0.3422,0.5180,-4.94
1788183999.363,2.9020,0.4183,-93.74,3.2407,0.1802,-88.80,-0.3422,0.5180,-4.94
1788183999.463,2.8920,0.4189,-93.75,3.2308,0.1800,-88.80,-0.3422,0.5180,-4.94
1788183999.563,2.8820,0.4195,-93.74,3.2207,0.1797,-88.80,-0.3422,0.5180,-4.94
1788183999.663,2.8719,0.4202,-93.74,3.2106,0.1795,-88.80,-0.3422,0.5180,-4.94
1788183999.763,2.8618,0.4208,-93.74,3.2005,0.1793,-88.80,-0.3422,0.5180,-4.94
1788183999.863,2.8517,0.4215,-93.74,3.1904,0.1791,-88.80,-0.3422,0.5180,-4.94
1788183999.963,2.8417,0.4222,-93.74,3.1803,0.1789,-88.79,-0.3143,0.6948,-7.37
1788184000.063,2.8528,0.4653,-96.17,3.1703,0.1787,-88.80,-0.3143,0.6948,-7.37
1788184000.163,2.8427,0.4664,-96.17,3.1602,0.1785,-88.80,-0.3143,0.6948,-7.37
1788184000.263,2.8326,0.4675,-96.17,3.1500,0.1783,-88.80,-0.3143,0.6948,-7.37
1788184000.363,2.8225,0.4686,-96.17,3.1399,0.1781,-88.80,-0.3143,0.6948,-7.37
1788184000.463,2.8125,0.4696,-96.17,3.1298,0.1779,-88.80,-0.3143,0.6948,-7.37
1788184000.563,2.8024,0.4707,-96.17,3.1197,0.1776,-88.80,-0.3143,0.6948,-7.37
1788184000.663,2.7923,0.4718,-96.17,3.1095,0.1775,-88.80,-0.3143,0.6948,-7.37
1788184000.763,2.7825,0.4729,-96.18,3.0996,0.1772,-88.81,-0.3143,0.6948,-7.37
1788184000.863,2.7724,0.4740,-96.18,3.0895,0.1770,-88.81,-0.3143,0.6948,-7.37
1788184000.963,2.7623,0.4751,-96.18,3.0794,0.1768,-88.81,-0.3143,0.6948,-7.37
1788184001.063,2.7523,0.4762,-96.18,3.0692,0.1766,-88.81,-0.3143,0.6948,-7.37
1788184001.163,2.7422,0.4773,-96.18,3.0591,0.1764,-88.81,-0.3143,0.6948,-7.37
1788184001.263,2.7322,0.4783,-96.18,3.0490,0.1762,-88.81,-0.3143,0.6948,-7.37
1788184001.363,2.7222,0.4792,-95.96,3.0390,0.1758,-88.59,-0.3143,0.6948,-7.37
1788184001.463,2.7121,0.4801,-94.89,3.0289,0.1754,-87.52,-0.3143,0.6948,-7.37
1788184001.563,2.7018,0.4810,-94.13,3.0186,0.1749,-86.76,-0.3143,0.6948,-7.37
1788184001.663,2.6915,0.4817,-94.10,3.0083,0.1743,-86.73,-0.3143,0.6948,-7.37
1788184001.763,2.6814,0.4824,-94.11,2.9982,0.1737,-86.74,-0.3143,0.6948,-7.37
1788184001.863,2.6714,0.4830,-94.12,2.9881,0.1730,-86.75,-0.3143,0.6948,-7.37
1788184001.963,2.6613,0.4837,-94.13,2.9781,0.1724,-86.76,-0.3143,0.6948,-7.37
1788184002.063,2.6511,0.4845,-94.21,2.9678,0.1719,-86.84,-0.3143,0.6948,-7.37
1788184002.163,2.6409,0.4855,-95.08,2.9576,0.1715,-87.71,-0.3143,0.6948,-7.37
1788184002.263,2.6304,0.4863,-95.62,2.9471,0.1710,-88.24,-0.3143,0.6948,-7.37
1788184002.363,2.6202,0.4871,-95.62,2.9369,0.1705,-88.24,-0.3143,0.6948,-7.37
1788184002.463,2.6102,0.4880,-95.60,2.9268,0.1701,-88.23,-0.3143,0.6948,-7.37
1788184002.563,2.6003,0.4889,-95.91,2.9170,0.1697,-88.54,-0.3143,0.6948,-7.37
1788184002.663,2.5901,0.4898,-95.95,2.9067,0.1694,-88.58,-0.3143,0.6948,-7.37
1788184002.763,2.5799,0.4909,-95.95,2.8965,0.1691,-88.58,-0.3143,0.6948,-7.37
1788184002.863,2.5700,0.4918,-95.95,2.8864,0.1688,-88.57,-0.3143,0.6948,-7.37
1788184002.963,2.5600,0.4928,-95.94,2.8764,0.1685,-88.57,-0.3143,0.6948,-7.37
1788184003.063,2.5500,0.4939,-95.93,2.8664,0.1682,-88.56,-0.3143,0.6948,-7.37
1788184003.163,2.5401,0.4949,-95.93,2.8564,0.1680,-88.56,-0.3143,0.6948,-7.37
1788184003.263,2.5300,0.4959,-95.93,2.8463,0.1677,-88.56,-0.3143,0.6948,-7.37
1788184003.363,2.5199,0.4970,-95.93,2.8361,0.1674,-88.56,-0.3143,0.6948,-7.37
1788184003.463,2.5099,0.4981,-95.93,2.8260,0.1672,-88.56,-0.3143,0.6948,-7.37
1788184003.563,2.4998,0.4991,-95.93,2.8159,0.1670,-88.56,-0.4034,0.6871,-7.60
1788184003.663,2.4092,0.4833,-96.14,2.8058,0.1667,-88.56,-0.4034,0.6871,-7.60
1788184003.763,2.3899,0.4825,-96.16,2.7958,0.1665,-88.56,-0.4034,0.6871,-7.60
1788184003.863,2.3799,0.4835,-96.15,2.7857,0.1663,-88.55,-0.4034,0.6871,-7.60
1788184003.963,2.3698,0.4846,-96.15,2.7756,0.1660,-88.55,-0.4034,0.6871,-7.60
1788184004.063,2.3598,0.4857,-96.15,2.7655,0.1657,-88.55,-0.4034,0.6871,-7.60
1788184004.163,2.3498,0.4867,-96.15,2.7554,0.1654,-88.55,-0.4034,0.6871,-7.60
1788184004.263,2.3397,0.4878,-96.15,2.7453,0.1652,-88.55,-0.4034,0.6871,-7.60
1788184004.363,2.3297,0.4889,-96.15,2.7352,0.1649,-88.55,-0.4034,0.6871,-7.60
1788184004.463,2.3196,0.4899,-96.15,2.7251,0.1647,-88.55,-0.4034,0.6871,-7.60
1788184004.563,2.3095,0.4910,-96.15,2.7150,0.1644,-88.55,-0.4034,0.6871,-7.60
1788184004.663,2.2995,0.4921,-96.15,2.7049,0.1641,-88.55,-0.4034,0.6871,-7.60
1788184004.763,2.2895,0.4932,-96.15,2.6949,0.1639,-88.55,-0.4034,0.6871,-7.60
1788184004.863,2.2794,0.4942,-96.15,2.6847,0.1636,-88.55,-0.4034,0.6871,-7.60
1788184004.963,2.2692,0.4953,-96.16,2.6745,0.1633,-88.56,-0.4034,0.6871,-7.60
1788184005.063,2.2593,0.4964,-96.15,2.6645,0.1631,-88.55,-0.4034,0.6871,-7.60
1788184005.163,2.2492,0.4974,-96.16,2.6544,0.1628,-88.56,-0.4034,0.6871,-7.60
1788184005.263,2.2391,0.4985,-96.16,2.6442,0.1625,-88.56,-0.4034,0.6871,-7.60
1788184005.363,2.2290,0.4996,-96.16,2.6340,0.1622,-88.56,-0.4034,0.6871,-7.60
1788184005.463,2.2189,0.5007,-96.17,2.6239,0.1620,-88.57,-0.4034,0.6871,-7.60
1788184005.563,2.2091,0.5017,-96.17,2.6140,0.1617,-88.57,-0.4034,0.6871,-7.60
1788184005.663,2.1990,0.5028,-96.17,2.6039,0.1614,-88.57,-0.4034,0.6871,-7.60
1788184005.763,2.1889,0.5039,-96.17,2.5938,0.1612,-88.57,-0.4034,0.6871,-7.60
1788184005.863,2.1789,0.5050,-96.17,2.5836,0.1610,-88.57,-0.4034,0.6871,-7.60
1788184005.963,2.1688,0.5061,-96.17,2.5735,0.1607,-88.57,-0.4034,0.6871,-7.60
1788184006.063,2.1590,0.5071,-96.18,2.5636,0.1604,-88.58,-0.4034,0.6871,-7.60
1788184006.163,2.1489,0.5082,-96.18,2.5535,0.1602,-88.58,-0.4034,0.6871,-7.60
1788184006.263,2.1388,0.5093,-96.17,2.5434,0.1599,-88.57,-0.4034,0.6871,-7.60
1788184006.363,2.1288,0.5103,-96.18,2.5333,0.1596,-88.58,-0.4034,0.6871,-7.60
1788184006.463,2.1188,0.5114,-96.18,2.5232,0.1594,-88.58,-0.4034,0.6871,-7.60
1788184006.563,2.1087,0.5125,-96.18,2.5130,0.1591,-88.58,-0.4034,0.6871,-7.60
1788184006.663,2.0986,0.5136,-96.18,2.5030,0.1589,-88.58,-0.4034,0.6871,-7.60
1788184006.763,2.0885,0.5147,-96.18,2.4928,0.1586,-88.58,-0.4034,0.6871,-7.60
1788184006.863,2.0785,0.5158,-96.18,2.4827,0.1584,-88.58,-0.4034,0.6871,-7.60
1788184006.963,2.0684,0.5169,-96.17,2.4725,0.1581,-88.57,-0.4034,0.6871,-7.60
1788184007.063,2.0584,0.5179,-96.17,2.4625,0.1579,-88.57,-0.4034,0.6871,-7.60
1788184007.163,2.0484,0.5190,-96.17,2.4525,0.1576,-88.57,-0.4034,0.6871,-7.60
1788184007.263,2.0233,0.4809,-95.47,2.4424,0.1573,-88.57,-0.4697,0.4152,-4.83
1788184007.363,1.9672,0.3670,-93.41,2.4323,0.1571,-88.58,-0.4697,0.4152,-4.83
1788184007.463,1.9571,0.3676,-93.40,2.4222,0.1568,-88.57,-0.4697,0.4152,-4.83
1788184007.563,1.9470,0.3682,-93.40,2.4121,0.1566,-88.57,-0.4697,0.4152,-4.83
1788184007.663,1.9370,0.3688,-93.40,2.4021,0.1564,-88.58,-0.4697,0.4152,-4.83
1788184007.763,1.9269,0.3694,-93.40,2.3919,0.1561,-88.57,-0.4697,0.4152,-4.83
1788184007.863,1.9168,0.3701,-93.40,2.3818,0.1559,-88.57,-0.4697,0.4152,-4.83
1788184007.963,1.9066,0.3707,-93.40,2.3717,0.1557,-88.57,-0.4697,0.4152,-4.83
1788184008.063,1.8966,0.3713,-93.40,2.3616,0.1554,-88.57,-0.4697,0.4152,-4.83
1788184008.163,1.8865,0.3719,-93.40,2.3515,0.1552,-88.57,-0.4697,0.4152,-4.83
1788184008.263,1.8764,0.3726,-93.40,2.3413,0.1550,-88.57,-0.4697,0.4152,-4.83
1788184008.363,1.8663,0.3732,-93.40,2.3312,0.1547,-88.57,-0.4697,0.4152,-4.83
1788184008.463,1.8562,0.3738,-93.40,2.3211,0.1545,-88.57,-0.4697,0.4152,-4.83
1788184008.563,1.8463,0.3744,-93.40,2.3112,0.1543,-88.58,-0.4697,0.4152,-4.83
1788184008.663,1.8362,0.3750,-93.40,2.3011,0.1541,-88.58,-0.4697,0.4152,-4.83
1788184008.763,1.8261,0.3757,-93.41,2.2910,0.1538,-88.58,-0.4697,0.4152,-4.83
1788184008.863,1.8160,0.3763,-93.41,2.2809,0.1536,-88.58,-0.4697,0.4152,-4.83
1788184008.963,1.8080,0.3768,-93.40,2.2728,0.1534,-88.57,-0.4697,0.4152,-4.83
1788184009.063,1.8070,0.3766,-93.40,2.2719,0.1532,-88.58,-0.4697,0.4152,-4.83
1788184009.163,1.8065,0.3766,-93.40,2.2714,0.1531,-88.57,-0.4697,0.4152,-4.83
1788184009.263,1.8065,0.3766,-93.40,2.2714,0.1532,-88.57,-0.4697,0.4152,-4.83
1788184009.363,1.8065,0.3767,-93.40,2.2714,0.1532,-88.58,-0.4697,0.4152,-4.83
1788184009.463,1.8065,0.3767,-93.40,2.2714,0.1532,-88.58,-0.4697,0.4152,-4.83
1788184009.563,1.8065,0.3767,-93.40,2.2714,0.1532,-88.58,-0.4697,0.4152,-4.83
1788184009.663,1.8065,0.3767,-93.40,2.2714,0.1532,-88.58,-0.4697,0.4152,-4.83
1788184009.763,1.8065,0.3767,-93.40,2.2714,0.1532,-88.58,-0.4697,0.4152,-4.83
1788184009.863,1.8065,0.3767,-93.40,2.2714,0.1532,-88.58,-0.4697,0.4152,-4.83
1788184009.963,1.8065,0.3767,-93.40,2.2714,0.1532,-88.58,-0.4697,0.4152,-4.83
1788184010.063,1.8035,0.3769,-93.41,2.2684,0.1531,-88.58,-0.4697,0.4152,-4.83
1788184010.163,1.7937,0.3775,-93.41,2.2586,0.1529,-88.58,-0.4697,0.4152,-4.83
1788184010.263,1.7833,0.3781,-93.41,2.2482,0.1526,-88.59,-0.4697,0.4152,-4.83
1788184010.363,1.7726,0.3787,-93.42,2.2375,0.1523,-88.59,-0.4697,0.4152,-4.83
1788184010.463,1.7622,0.3793,-93.42,2.2270,0.1521,-88.59,-0.4697,0.4152,-4.83
1788184010.563,1.7520,0.3800,-93.42,2.2168,0.1519,-88.59,-0.4697,0.4152,-4.83
1788184010.663,1.7417,0.3806,-93.42,2.2064,0.1516,-88.59,-0.4697,0.4152,-4.83
1788184010.763,1.7313,0.3811,-93.42,2.1961,0.1513,-88.59,-0.4697,0.4152,-4.83
1788184010.863,1.7211,0.3817,-93.42,2.1858,0.1510,-88.59,-0.4697,0.4152,-4.83
1788184010.963,1.7109,0.3823,-93.43,2.1757,0.1508,-88.60,-0.4697,0.4152,-4.83
1788184011.063,1.7008,0.3829,-93.43,2.1655,0.1505,-88.60,-0.4697,0.4152,-4.83
1788184011.163,1.6906,0.3835,-93.43,2.1553,0.1502,-88.60,-0.4697,0.4152,-4.83
1788184011.263,1.6805,0.3841,-93.43,2.1452,0.1500,-88.60,-0.4697,0.4152,-4.83
1788184011.363,1.6705,0.3847,-93.43,2.1352,0.1497,-88.60,-0.4697,0.4152,-4.83
1788184011.463,1.6606,0.3852,-93.43,2.1253,0.1495,-88.60,-0.4697,0.4152,-4.83
1788184011.563,1.6505,0.3859,-93.43,2.1151,0.1492,-88.60,-0.4697,0.4152,-4.83
1788184011.663,1.6403,0.3865,-93.43,2.1049,0.1490,-88.60,-0.4697,0.4152,-4.83
1788184011.763,1.6302,0.3871,-93.42,2.0948,0.1488,-88.60,-0.4697,0.4152,-4.83
1788184011.863,1.6201,0.3876,-93.44,2.0848,0.1484,-88.61,-0.4697,0.4152,-4.83
1788184011.963,1.6592,0.3756,-93.40,2.0748,0.1481,-88.62,-0.3098,0.3682,-4.66
1788184012.063,1.7597,0.3478,-92.87,2.0644,0.1477,-88.22,-0.3098,0.3682,-4.66
1788184012.163,1.7497,0.3480,-91.76,2.0543,0.1471,-87.10,-0.3098,0.3682,-4.66
1788184012.263,1.7390,0.3481,-90.57,2.0437,0.1464,-85.91,-0.3098,0.3682,-4.66
1788184012.363,1.7289,0.3479,-89.41,2.0337,0.1454,-84.75,-0.3098,0.3682,-4.66
1788184012.463,1.7187,0.3477,-88.49,2.0235,0.1443,-83.83,-0.3098,0.3682,-4.66
1788184012.563,1.7085,0.3475,-88.38,2.0133,0.1433,-83.72,-0.3098,0.3682,-4.66
1788184012.663,1.6987,0.3473,-88.39,2.0036,0.1423,-83.73,-0.3098,0.3682,-4.66
1788184012.763,1.6954,0.3474,-88.43,2.0003,0.1421,-83.77,-0.3098,0.3682,-4.66
1788184012.863,1.6951,0.3474,-88.46,2.0001,0.1421,-83.80,-0.3098,0.3682,-4.66
1788184012.963,1.6951,0.3474,-88.46,2.0001,0.1421,-83.80,-0.3098,0.3682,-4.66
1788184013.063,1.6952,0.3474,-88.46,2.0001,0.1421,-83.80,-0.3098,0.3682,-4.66
1788184013.163,1.6952,0.3474,-88.46,2.0001,0.1421,-83.80,-0.3098,0.3682,-4.66
1788184013.263,1.6952,0.3474,-88.46,2.0001,0.1421,-83.80,-0.3098,0.3682,-4.66
1788184013.363,1.6952,0.3474,-88.46,2.0001,0.1421,-83.80,-0.3098,0.3682,-4.66
1788184013.463,1.6952,0.3474,-88.46,2.0001,0.1421,-83.80,-0.3098,0.3682,-4.66
1788184013.563,1.6952,0.3474,-88.46,2.0001,0.1421,-83.80,-0.3098,0.3682,-4.66
1788184013.663,1.6952,0.3474,-88.46,2.0001,0.1421,-83.80,-0.3098,0.3682,-4.66
1788184013.763,1.6952,0.3474,-88.46,2.0001,0.1421,-83.80,-0.3098,0.3682,-4.66
1788184013.863,1.6952,0.3474,-88.46,2.0001,0.1421,-83.80,-0.3098,0.3682,-4.66
1788184013.963,1.6952,0.3474,-88.46,2.0001,0.1421,-83.80,-0.3098,0.3682,-4.66
1788184014.063,1.6952,0.3474,-88.46,2.0001,0.1421,-83.80,-0.3098,0.3682,-4.66
1788184014.163,1.6952,0.3474,-88.46,2.0001,0.1421,-83.80,-0.3098,0.3682,-4.66
1788184014.263,1.6952,0.3474,-88.46,2.0001,0.1421,-83.80,-0.3098,0.3682,-4.66
1788184014.363,1.6952,0.3474,-88.46,2.0001,0.1421,-83.80,-0.3098,0.3682,-4.66
1788184014.463,1.6952,0.3474,-88.46,2.0001,0.1421,-83.81,-0.3098,0.3682,-4.66
1788184014.563,1.6883,0.3473,-88.47,1.9933,0.1414,-83.81,-0.3098,0.3682,-4.66
1788184014.663,1.6785,0.3471,-88.49,1.9835,0.1405,-83.83,-0.3098,0.3682,-4.66
1788184014.763,1.6723,0.3469,-88.48,1.9773,0.1398,-83.83,-0.3098,0.3682,-4.66
1788184014.863,1.6712,0.3468,-88.49,1.9763,0.1395,-83.83,-0.3098,0.3682,-4.66
1788184014.963,1.6711,0.3468,-88.50,1.9761,0.1395,-83.84,-0.3098,0.3682,-4.66
1788184015.063,1.6711,0.3468,-88.50,1.9761,0.1396,-83.84,-0.3098,0.3682,-4.66
1788184015.163,1.6711,0.3468,-88.50,1.9761,0.1396,-83.84,-0.3098,0.3682,-4.66
1788184015.263,1.6711,0.3468,-88.50,1.9761,0.1396,-83.84,-0.3098,0.3682,-4.66
1788184015.363,1.6711,0.3468,-88.42,1.9761,0.1396,-83.77,-0.3098,0.3682,-4.66
1788184015.463,1.6708,0.3467,-87.54,1.9759,0.1394,-82.88,-0.3098,0.3682,-4.66
1788184015.563,1.6713,0.3467,-86.39,1.9763,0.1395,-81.74,-0.3098,0.3682,-4.66
1788184015.663,1.6711,0.3467,-85.21,1.9761,0.1395,-80.56,-0.3098,0.3682,-4.66
1788184015.763,1.6711,0.3468,-84.03,1.9761,0.1395,-79.37,-0.3098,0.3682,-4.66
1788184015.863,1.6711,0.3467,-82.88,1.9761,0.1395,-78.22,-0.3098,0.3682,-4.66
1788184015.963,1.6710,0.3467,-81.72,1.9761,0.1395,-77.06,-0.3098,0.3682,-4.66
1788184016.063,1.6684,0.3467,-80.91,1.9734,0.1392,-76.25,-0.3098,0.3682,-4.66
1788184016.163,1.6608,0.3457,-80.68,1.9660,0.1376,-76.03,-0.3098,0.3682,-4.66
1788184016.263,1.6505,0.3439,-80.71,1.9558,0.1350,-76.06,-0.3098,0.3682,-4.66
1788184016.363,1.6399,0.3422,-80.72,1.9454,0.1325,-76.07,-0.3098,0.3682,-4.66
1788184016.463,1.6294,0.3406,-80.73,1.9351,0.1300,-76.08,-0.3098,0.3682,-4.66
1788184016.563,1.6195,0.3389,-80.75,1.9253,0.1275,-76.09,-0.3098,0.3682,-4.66
1788184016.663,1.6163,0.3385,-80.75,1.9222,0.1268,-76.09,-0.3098,0.3682,-4.66
1788184016.763,1.6156,0.3383,-80.80,1.9215,0.1266,-76.14,-0.3098,0.3682,-4.66
1788184016.863,1.6155,0.3383,-80.81,1.9214,0.1266,-76.15,-0.3098,0.3682,-4.66
1788184016.963,1.6155,0.3384,-80.81,1.9214,0.1267,-76.15,-0.3098,0.3682,-4.66
1788184017.063,1.6155,0.3384,-80.81,1.9214,0.1267,-76.15,-0.3098,0.3682,-4.66
1788184017.163,1.6155,0.3384,-80.81,1.9214,0.1266,-76.15,-0.3098,0.3682,-4.66
1788184017.263,1.6155,0.3384,-80.81,1.9214,0.1267,-76.15,-0.3098,0.3682,-4.66
1788184017.363,1.6155,0.3384,-80.81,1.9214,0.1267,-76.15,-0.3098,0.3682,-4.66
1788184017.463,1.6155,0.3384,-80.81,1.9214,0.1267,-76.15,-0.3098,0.3682,-4.66
1788184017.563,1.6155,0.3384,-80.81,1.9214,0.1267,-76.15,-0.3098,0.3682,-4.66
1788184017.663,1.6155,0.3384,-80.81,1.9214,0.1267,-76.15,-0.3098,0.3682,-4.66
1788184017.763,1.6155,0.3384,-80.81,1.9214,0.1267,-76.15,-0.3098,0.3682,-4.66
1788184017.863,1.6155,0.3384,-80.81,1.9214,0.1267,-76.15,-0.3098,0.3682,-4.66
1788184017.963,1.6155,0.3384,-80.81,1.9214,0.1267,-76.15,-0.3098,0.3682,-4.66
1788184018.063,1.6155,0.3384,-80.81,1.9214,0.1267,-76.15,-0.3098,0.3682,-4.66
1788184018.163,1.6155,0.3384,-80.81,1.9214,0.1267,-76.15,-0.3098,0.3682,-4.66
1788184018.263,1.6155,0.3384,-80.81,1.9214,0.1267,-76.15,-0.3098,0.3682,-4.66
1788184018.363,1.6155,0.3384,-80.81,1.9214,0.1267,-76.15,-0.3098,0.3682,-4.66
1788184018.463,1.6155,0.3384,-80.81,1.9214,0.1267,-76.15,-0.3098,0.3682,-4.66
1788184018.563,1.6155,0.3384,-80.81,1.9214,0.1267,-76.15,-0.3098,0.3682,-4.66
1788184018.663,1.6155,0.3384,-80.81,1.9214,0.1267,-76.15,-0.3098,0.3682,-4.66
1788184018.763,1.6155,0.3384,-80.81,1.9214,0.1267,-76.15,-0.3098,0.3682,-4.66
1788184018.863,1.6155,0.3384,-80.81,1.9214,0.1267,-76.15,-0.3098,0.3682,-4.66
1788184018.963,1.6155,0.3384,-80.81,1.9214,0.1267,-76.15,-0.3098,0.3682,-4.66
1788184019.063,1.6155,0.3384,-80.81,1.9214,0.1267,-76.15,-0.3098,0.3682,-4.66
1788184019.163,1.6155,0.3384,-80.81,1.9214,0.1267,-76.15,-0.3098,0.3682,-4.66
1788184019.263,1.6155,0.3384,-80.81,1.9214,0.1267,-76.15,-0.3098,0.3682,-4.66
1788184019.363,1.6155,0.3384,-80.81,1.9214,0.1267,-76.15,-0.3098,0.3682,-4.66
1788184019.463,1.6155,0.3384,-80.81,1.9214,0.1267,-76.15,-0.3098,0.3682,-4.66
1788184019.563,1.6155,0.3384,-80.81,1.9214,0.1267,-76.15,-0.3098,0.3682,-4.66
1788184019.663,1.6126,0.3379,-80.81,1.9185,0.1259,-76.16,-0.3098,0.3682,-4.66
1788184019.763,1.6030,0.3366,-80.82,1.9091,0.1239,-76.17,-0.3098,0.3682,-4.66
1788184019.863,1.5936,0.3347,-80.82,1.8992,0.1214,-76.18,-0.1481,0.2532,-2.69
1788184019.963,1.7440,0.2832,-78.86,1.8887,0.1187,-76.17,-0.1481,0.2532,-2.69
1788184020.063,1.7334,0.2811,-78.73,1.8782,0.1161,-76.04,-0.1481,0.2532,-2.69
1788184020.163,1.7236,0.2790,-77.82,1.8685,0.1135,-75.13,-0.1481,0.2532,-2.69
1788184020.263,1.7135,0.2766,-76.65,1.8585,0.1106,-73.96,-0.1481,0.2532,-2.69
1788184020.363,1.7035,0.2738,-75.46,1.8486,0.1074,-72.77,-0.1481,0.2532,-2.69
1788184020.463,1.6937,0.2711,-74.38,1.8389,0.1043,-71.69,-0.1481,0.2532,-2.69
1788184020.563,1.6837,0.2683,-74.09,1.8291,0.1009,-71.40,-0.1481,0.2532,-2.69
1788184020.663,1.6738,0.2655,-74.10,1.8194,0.0978,-71.41,-0.1481,0.2532,-2.69
1788184020.763,1.6642,0.2627,-74.12,1.8099,0.0945,-71.43,-0.1481,0.2532,-2.69
1788184020.863,1.6545,0.2599,-74.12,1.8003,0.0913,-71.44,-0.1481,0.2532,-2.69
1788184020.963,1.6446,0.2571,-74.13,1.7906,0.0880,-71.45,-0.1481,0.2532,-2.69
1788184021.063,1.6351,0.2544,-74.14,1.7812,0.0848,-71.46,-0.1481,0.2532,-2.69
1788184021.163,1.6253,0.2516,-74.15,1.7716,0.0816,-71.46,-0.1481,0.2532,-2.69
1788184021.263,1.6157,0.2489,-74.17,1.7621,0.0784,-71.48,-0.1481,0.2532,-2.69
1788184021.363,1.6060,0.2461,-74.18,1.7526,0.0752,-71.49,-0.1481,0.2532,-2.69
1788184021.463,1.5963,0.2434,-74.17,1.7429,0.0720,-71.49,-0.1481,0.2532,-2.69
1788184021.563,1.5874,0.2409,-74.17,1.7342,0.0691,-71.49,-0.1481,0.2532,-2.69
1788184021.663,1.5855,0.2403,-74.20,1.7323,0.0685,-71.51,-0.1481,0.2532,-2.69
1788184021.763,1.5853,0.2401,-74.19,1.7321,0.0682,-71.51,-0.1481,0.2532,-2.69
1788184021.863,1.5846,0.2420,-74.19,1.7314,0.0701,-71.50,-0.1481,0.2532,-2.69
1788184021.963,1.5827,0.2500,-74.18,1.7291,0.0779,-71.49,-0.1481,0.2532,-2.69
1788184022.063,1.5802,0.2589,-74.17,1.7262,0.0868,-71.49,-0.1481,0.2532,-2.69
1788184022.163,1.5773,0.2681,-74.18,1.7229,0.0958,-71.49,-0.1481,0.2532,-2.69
1788184022.263,1.5748,0.2770,-74.21,1.7199,0.1046,-71.53,-0.1481,0.2532,-2.69
1788184022.363,1.5721,0.2860,-74.20,1.7168,0.1135,-71.52,-0.1481,0.2532,-2.69
1788184022.463,1.5694,0.2953,-74.20,1.7137,0.1226,-71.51,-0.1481,0.2532,-2.69
1788184022.563,1.5669,0.3042,-74.21,1.7108,0.1314,-71.53,-0.1481,0.2532,-2.69
1788184022.663,1.5645,0.3132,-74.22,1.7079,0.1402,-71.54,-0.1481,0.2532,-2.69
1788184022.763,1.5619,0.3220,-74.22,1.7049,0.1489,-71.54,-0.1481,0.2532,-2.69
1788184022.863,1.5611,0.3250,-74.21,1.7040,0.1519,-71.53,-0.1481,0.2532,-2.69
1788184022.963,1.5611,0.3250,-74.22,1.7040,0.1519,-71.53,-0.1481,0.2532,-2.69
1788184023.063,1.5612,0.3250,-74.22,1.7041,0.1519,-71.54,-0.1481,0.2532,-2.69
1788184023.163,1.5612,0.3250,-74.22,1.7041,0.1519,-71.54,-0.1481,0.2532,-2.69
1788184023.263,1.5612,0.3250,-74.22,1.7041,0.1519,-71.54,-0.1481,0.2532,-2.69
1788184023.363,1.5612,0.3250,-74.22,1.7041,0.1519,-71.54,-0.1481,0.2532,-2.69
1788184023.463,1.5612,0.3250,-74.22,1.7041,0.1519,-71.54,-0.1481,0.2532,-2.69
1788184023.563,1.5612,0.3250,-74.22,1.7041,0.1519,-71.54,-0.1481,0.2532,-2.69
1788184023.663,1.5612,0.3250,-74.22,1.7041,0.1519,-71.54,-0.1481,0.2532,-2.69
1788184023.763,1.5612,0.3250,-74.22,1.7041,0.1519,-71.54,-0.1481,0.2532,-2.69
1788184023.863,1.5612,0.3250,-74.22,1.7041,0.1519,-71.54,-0.1481,0.2532,-2.69
1788184023.963,1.5612,0.3250,-74.22,1.7041,0.1519,-71.54,-0.1481,0.2532,-2.69
1788184024.063,1.5612,0.3250,-74.22,1.7041,0.1519,-71.54,-0.1481,0.2532,-2.69
1788184024.163,1.5612,0.3250,-74.22,1.7041,0.1519,-71.54,-0.1481,0.2532,-2.69
1788184024.263,1.5612,0.3250,-74.22,1.7041,0.1519,-71.54,-0.1481,0.2532,-2.69
1788184024.363,1.5612,0.3250,-74.22,1.7041,0.1519,-71.54,-0.1481,0.2532,-2.69
1788184024.463,1.5612,0.3250,-74.22,1.7041,0.1519,-71.54,-0.1481,0.2532,-2.69
1788184024.563,1.5612,0.3250,-74.22,1.7041,0.1519,-71.54,-0.1481,0.2532,-2.69
1788184024.663,1.5612,0.3250,-74.22,1.7041,0.1519,-71.54,-0.1481,0.2532,-2.69
1788184024.763,1.5612,0.3250,-74.22,1.7041,0.1519,-71.54,-0.1481,0.2532,-2.69
1788184024.863,1.5612,0.3250,-74.22,1.7041,0.1519,-71.54,-0.1481,0.2532,-2.69
1788184024.963,1.5612,0.3250,-74.22,1.7041,0.1519,-71.54,-0.1481,0.2532,-2.69
1788184025.063,1.5612,0.3250,-74.22,1.7041,0.1519,-71.54,-0.1481,0.2532,-2.69
1788184025.163,1.5612,0.3250,-74.22,1.7041,0.1519,-71.54,-0.1481,0.2532,-2.69
1788184025.263,1.5612,0.3250,-74.22,1.7041,0.1519,-71.54,-0.1481,0.2532,-2.69
1788184025.363,1.5612,0.3250,-74.22,1.7041,0.1519,-71.54,-0.1481,0.2532,-2.69
1788184025.463,1.5612,0.3250,-74.22,1.7041,0.1519,-71.54,-0.1481,0.2532,-2.69
1788184025.563,1.5612,0.3250,-74.22,1.7041,0.1519,-71.54,-0.1481,0.2532,-2.69
1788184025.663,1.5612,0.3250,-74.22,1.7041,0.1519,-71.54,-0.1481,0.2532,-2.69
1788184025.763,1.5612,0.3250,-74.22,1.7041,0.1519,-71.54,-0.1481,0.2532,-2.69
1788184025.863,1.5612,0.3250,-74.22,1.7041,0.1519,-71.54,-0.1481,0.2532,-2.69
1788184025.963,1.5612,0.3250,-74.22,1.7041,0.1519,-71.54,-0.1481,0.2532,-2.69
1788184026.063,1.5612,0.3250,-74.22,1.7041,0.1519,-71.54,-0.1481,0.2532,-2.69
1788184026.163,1.5612,0.3250,-74.22,1.7041,0.1519,-71.54,-0.1481,0.2532,-2.69
1788184026.263,1.5612,0.3250,-74.22,1.7041,0.1519,-71.54,-0.1481,0.2532,-2.69
1788184026.363,1.5612,0.3250,-74.22,1.7041,0.1519,-71.54,-0.1481,0.2532,-2.69
1788184026.463,1.5612,0.3250,-74.22,1.7041,0.1519,-71.54,-0.1481,0.2532,-2.69
1788184026.563,1.5612,0.3250,-74.22,1.7041,0.1519,-71.54,-0.1481,0.2532,-2.69
1788184026.663,1.5612,0.3250,-74.22,1.7041,0.1519,-71.54,-0.1481,0.2532,-2.69
1788184026.763,1.5612,0.3250,-74.22,1.7041,0.1519,-71.54,-0.1481,0.2532,-2.69
1788184026.863,1.5612,0.3250,-74.22,1.7041,0.1519,-71.54,-0.1481,0.2532,-2.69
1788184026.963,1.5612,0.3250,-74.22,1.7041,0.1519,-71.54,-0.1481,0.2532,-2.69
1788184027.063,1.5612,0.3250,-74.22,1.7041,0.1519,-71.54,-0.1481,0.2532,-2.69
1788184027.163,1.5612,0.3250,-74.22,1.7041,0.1519,-71.54,-0.1481,0.2532,-2.69
1788184027.263,1.5612,0.3250,-74.22,1.7041,0.1519,-71.54,-0.1481,0.2532,-2.69
1788184027.363,1.5612,0.3250,-74.22,1.7041,0.1519,-71.54,-0.1481,0.2532,-2.69
1788184027.463,1.5612,0.3250,-74.22,1.7041,0.1519,-71.54,-0.1481,0.2532,-2.69
1788184027.563,1.5612,0.3250,-74.22,1.7041,0.1519,-71.54,-0.1481,0.2532,-2.69
1788184027.663,1.5612,0.3250,-74.22,1.7041,0.1519,-71.54,-0.1481,0.2532,-2.69
1788184027.763,1.5612,0.3250,-74.22,1.7041,0.1519,-71.54,-0.1481,0.2532,-2.69
1788184027.863,1.5612,0.3250,-74.22,1.7041,0.1519,-71.54,-0.1481,0.2532,-2.69
1788184027.963,1.5612,0.3250,-74.22,1.7041,0.1519,-71.54,-0.1481,0.2532,-2.69
1788184028.063,1.5612,0.3250,-74.22,1.7041,0.1519,-71.54,-0.1481,0.2532,-2.69
1788184028.163,1.5612,0.3250,-74.22,1.7041,0.1519,-71.54,-0.1481,0.2532,-2.69
1788184028.263,1.5612,0.3250,-74.22,1.7041,0.1519,-71.54,-0.1481,0.2532,-2.69
1788184028.363,1.5612,0.3250,-74.22,1.7041,0.1519,-71.54,-0.1481,0.2532,-2.69
1788184028.463,1.5612,0.3250,-74.22,1.7041,0.1519,-71.54,-0.1481,0.2532,-2.69
1788184028.563,1.5612,0.3250,-74.22,1.7041,0.1519,-71.54,-0.1481,0.2532,-2.69
1788184028.663,1.5612,0.3250,-74.22,1.7041,0.1519,-71.54,-0.1481,0.2532,-2.69
1788184028.763,1.5612,0.3250,-74.22,1.7041,0.1519,-71.54,-0.1481,0.2532,-2.69
1788184028.863,1.5612,0.3250,-74.22,1.7041,0.1519,-71.54,-0.1481,0.2532,-2.69
1788184028.963,1.5612,0.3250,-74.22,1.7041,0.1519,-71.54,-0.1481,0.2532,-2.69
1788184029.063,1.5612,0.3250,-74.22,1.7041,0.1519,-71.54,-0.1481,0.2532,-2.69
1788184029.163,1.5612,0.3250,-74.22,1.7041,0.1519,-71.54,-0.1481,0.2532,-2.69
1788184029.263,1.5612,0.3250,-74.22,1.7041,0.1519,-71.54,-0.1481,0.2532,-2.69
1788184029.363,1.5612,0.3250,-74.22,1.7041,0.1519,-71.54,-0.1481,0.2532,-2.69
1788184029.463,1.5612,0.3250,-74.22,1.7041,0.1519,-71.54,-0.1481,0.2532,-2.69
1788184029.563,1.5612,0.3250,-74.22,1.7041,0.1519,-71.54,-0.1481,0.2532,-2.69
1788184029.663,1.5612,0.3250,-74.22,1.7041,0.1519,-71.54,-0.1481,0.2532,-2.69
1788184029.763,1.5612,0.3250,-74.22,1.7041,0.1519,-71.54,-0.1481,0.2532,-2.69
1788184029.863,1.5612,0.3250,-74.22,1.7041,0.1519,-71.54,-0.1481,0.2532,-2.69
1788184029.963,1.5612,0.3250,-74.22,1.7041,0.1519,-71.54,-0.1481,0.2532,-2.69
1788184030.063,1.5612,0.3250,-74.22,1.7041,0.1519,-71.54,-0.1481,0.2532,-2.69
1788184030.163,1.5612,0.3250,-74.22,1.7041,0.1519,-71.54,-0.1481,0.2532,-2.69
1788184030.263,1.5612,0.3250,-74.22,1.7041,0.1519,-71.54,-0.1481,0.2532,-2.69
1788184030.363,1.5612,0.3250,-74.22,1.7041,0.1519,-71.54,-0.1481,0.2532,-2.69
1788184030.463,1.5612,0.3250,-74.22,1.7041,0.1519,-71.54,-0.1481,0.2532,-2.69
1788184030.563,1.5574,0.3254,-74.26,1.7002,0.1521,-71.57,-0.1481,0.2532,-2.69
1788184030.663,1.5492,0.3289,-74.25,1.6919,0.1552,-71.56,-0.1481,0.2532,-2.69
1788184030.763,1.5398,0.3328,-74.25,1.6823,0.1587,-71.57,-0.1481,0.2532,-2.69
1788184030.863,1.5339,0.3355,-74.25,1.6763,0.1610,-71.57,-0.1481,0.2532,-2.69
1788184030.963,1.5328,0.3355,-74.23,1.6753,0.1611,-71.54,-0.1481,0.2532,-2.69
1788184031.063,1.5328,0.3355,-74.23,1.6753,0.1611,-71.54,-0.1481,0.2532,-2.69
1788184031.163,1.5328,0.3355,-74.23,1.6753,0.1611,-71.54,-0.1481,0.2532,-2.69
1788184031.263,1.5328,0.3355,-74.23,1.6753,0.1611,-71.54,-0.1481,0.2532,-2.69
1788184031.363,1.5328,0.3355,-74.23,1.6753,0.1611,-71.54,-0.1481,0.2532,-2.69
1788184031.463,1.5328,0.3355,-74.23,1.6753,0.1611,-71.54,-0.1481,0.2532,-2.69
1788184031.563,1.5328,0.3355,-74.23,1.6753,0.1611,-71.54,-0.1481,0.2532,-2.69
1788184031.663,1.5328,0.3355,-74.23,1.6753,0.1611,-71.54,-0.1481,0.2532,-2.69
1788184031.763,1.5328,0.3355,-74.23,1.6753,0.1611,-71.54,-0.1481,0.2532,-2.69
1788184031.863,1.5328,0.3355,-74.23,1.6753,0.1611,-71.54,-0.1481,0.2532,-2.69
1788184031.963,1.5328,0.3355,-74.23,1.6753,0.1611,-71.54,-0.1481,0.2532,-2.69
1788184032.063,1.5328,0.3355,-74.23,1.6753,0.1611,-71.54,-0.1481,0.2532,-2.69
1788184032.163,1.5328,0.3355,-74.23,1.6753,0.1611,-71.54,-0.1481,0.2532,-2.69
1788184032.263,1.5328,0.3355,-74.23,1.6753,0.1611,-71.54,-0.1481,0.2532,-2.69
1788184032.363,1.5328,0.3355,-74.23,1.6753,0.1611,-71.54,-0.1481,0.2532,-2.69
1788184032.463,1.5328,0.3354,-74.36,1.6752,0.1609,-71.67,-0.1481,0.2532,-2.69
1788184032.563,1.5329,0.3353,-75.30,1.6753,0.1608,-72.61,-0.1481,0.2532,-2.69
1788184032.663,1.5328,0.3355,-76.48,1.6752,0.1611,-73.80,-0.1481,0.2532,-2.69
1788184032.763,1.5328,0.3356,-77.66,1.6752,0.1612,-74.98,-0.1481,0.2532,-2.69
1788184032.863,1.5327,0.3357,-78.84,1.6752,0.1612,-76.15,-0.1481,0.2532,-2.69
1788184032.963,1.5328,0.3357,-80.01,1.6752,0.1612,-77.32,-0.1481,0.2532,-2.69
1788184033.063,1.5327,0.3357,-81.18,1.6752,0.1612,-78.49,-0.1481,0.2532,-2.69
1788184033.163,1.5327,0.3357,-82.34,1.6752,0.1612,-79.65,-0.1481,0.2532,-2.69
1788184033.263,1.5329,0.3358,-83.48,1.6753,0.1613,-80.80,-0.1481,0.2532,-2.69
1788184033.363,1.5328,0.3359,-84.64,1.6752,0.1614,-81.95,-0.1481,0.2532,-2.69
1788184033.463,1.5327,0.3359,-85.79,1.6752,0.1614,-83.10,-0.1481,0.2532,-2.69
1788184033.563,1.5327,0.3360,-86.94,1.6751,0.1615,-84.25,-0.1481,0.2532,-2.69
1788184033.663,1.5327,0.3359,-88.11,1.6752,0.1615,-85.42,-0.1481,0.2532,-2.69
1788184033.763,1.5328,0.3360,-89.26,1.6752,0.1615,-86.57,-0.1481,0.2532,-2.69
1788184033.863,1.5327,0.3361,-89.82,1.6752,0.1616,-87.13,-0.1481,0.2532,-2.69
1788184033.963,1.5327,0.3361,-89.82,1.6751,0.1616,-87.13,-0.1481,0.2532,-2.69
1788184034.063,1.5327,0.3361,-89.82,1.6751,0.1616,-87.13,-0.1481,0.2532,-2.69
1788184034.163,1.5327,0.3361,-89.82,1.6751,0.1616,-87.13,-0.1481,0.2532,-2.69
1788184034.263,1.5327,0.3361,-89.82,1.6751,0.1616,-87.13,-0.1481,0.2532,-2.69
1788184034.363,1.5327,0.3361,-89.82,1.6751,0.1616,-87.13,-0.1481,0.2532,-2.69
1788184034.463,1.5327,0.3361,-89.82,1.6751,0.1616,-87.13,-0.1481,0.2532,-2.69
1788184034.563,1.5327,0.3361,-89.82,1.6751,0.1616,-87.13,-0.1481,0.2532,-2.69
1788184034.663,1.5327,0.3361,-89.82,1.6751,0.1616,-87.13,-0.1481,0.2532,-2.69
1788184034.763,1.5327,0.3361,-89.82,1.6751,0.1616,-87.13,-0.1481,0.2532,-2.69
1788184034.863,1.5327,0.3361,-89.82,1.6751,0.1616,-87.13,-0.1481,0.2532,-2.69
1788184034.963,1.5327,0.3361,-89.82,1.6751,0.1616,-87.13,-0.1481,0.2532,-2.69
1788184035.063,1.5327,0.3361,-89.82,1.6751,0.1616,-87.13,-0.1481,0.2532,-2.69
1788184035.163,1.5327,0.3361,-89.82,1.6751,0.1616,-87.13,-0.1481,0.2532,-2.69
1788184035.263,1.5327,0.3361,-89.82,1.6751,0.1616,-87.13,-0.1481,0.2532,-2.69
1788184035.363,1.5327,0.3361,-89.82,1.6751,0.1616,-87.13,-0.1481,0.2532,-2.69
1788184035.463,1.5327,0.3361,-89.82,1.6751,0.1616,-87.13,-0.1481,0.2532,-2.69
1788184035.563,1.5327,0.3361,-89.82,1.6751,0.1616,-87.13,-0.1481,0.2532,-2.69
1788184035.663,1.5327,0.3361,-89.82,1.6751,0.1616,-87.13,-0.1481,0.2532,-2.69
1788184035.763,1.5327,0.3361,-89.82,1.6751,0.1616,-87.13,-0.1481,0.2532,-2.69
1788184035.863,1.5327,0.3361,-89.82,1.6751,0.1616,-87.13,-0.1481,0.2532,-2.69
1788184035.963,1.5327,0.3361,-89.82,1.6751,0.1616,-87.13,-0.1481,0.2532,-2.69
1788184036.063,1.5327,0.3361,-89.82,1.6751,0.1616,-87.13,-0.1481,0.2532,-2.69
1788184036.163,1.5327,0.3361,-89.82,1.6751,0.1616,-87.13,-0.1481,0.2532,-2.69
1788184036.263,1.5327,0.3361,-89.82,1.6751,0.1616,-87.13,-0.1481,0.2532,-2.69
1788184036.363,1.5327,0.3361,-89.82,1.6751,0.1616,-87.13,-0.1481,0.2532,-2.69
1788184036.463,1.5314,0.3361,-89.81,1.6738,0.1616,-87.12,-0.1481,0.2532,-2.69
1788184036.563,1.5292,0.3361,-89.78,1.6716,0.1615,-87.10,-0.1481,0.2532,-2.69
1788184036.663,1.5289,0.3364,-89.75,1.6713,0.1617,-87.06,-0.1481,0.2532,-2.69
1788184036.763,1.5289,0.3364,-89.74,1.6713,0.1617,-87.06,-0.1481,0.2532,-2.69
1788184036.863,1.5289,0.3364,-89.74,1.6713,0.1617,-87.06,-0.1481,0.2532,-2.69
1788184036.963,1.5289,0.3364,-89.74,1.6713,0.1617,-87.06,-0.1481,0.2532,-2.69
1788184037.063,1.5289,0.3364,-89.74,1.6713,0.1617,-87.06,-0.1481,0.2532,-2.69
1788184037.163,1.5289,0.3364,-89.74,1.6713,0.1617,-87.06,-0.1481,0.2532,-2.69
1788184037.263,1.5289,0.3364,-89.74,1.6713,0.1617,-87.06,-0.1481,0.2532,-2.69
1788184037.363,1.5289,0.3364,-89.74,1.6713,0.1617,-87.06,-0.1481,0.2532,-2.69
1788184037.463,1.5289,0.3364,-89.74,1.6713,0.1617,-87.06,-0.1481,0.2532,-2.69
1788184037.563,1.5289,0.3364,-89.74,1.6713,0.1617,-87.06,-0.1481,0.2532,-2.69
1788184037.663,1.5289,0.3364,-89.74,1.6713,0.1617,-87.06,-0.1481,0.2532,-2.69
1788184037.763,1.5289,0.3364,-89.74,1.6713,0.1617,-87.06,-0.1481,0.2532,-2.69
1788184037.863,1.5289,0.3364,-89.74,1.6713,0.1617,-87.06,-0.1481,0.2532,-2.69
1788184037.963,1.5289,0.3364,-89.74,1.6713,0.1617,-87.06,-0.1481,0.2532,-2.69
1788184038.063,1.5289,0.3364,-89.74,1.6713,0.1617,-87.06,-0.1481,0.2532,-2.69
1788184038.163,1.5289,0.3364,-89.74,1.6713,0.1617,-87.06,-0.1481,0.2532,-2.69
1788184038.263,1.5250,0.3363,-89.75,1.6674,0.1615,-87.07,-0.1481,0.2532,-2.69
1788184038.363,1.5151,0.3363,-89.74,1.6575,0.1610,-87.05,-0.1481,0.2532,-2.69
1788184038.463,1.5045,0.3363,-89.76,1.6469,0.1605,-87.07,-0.1481,0.2532,-2.69
1788184038.563,1.4941,0.3362,-89.76,1.6366,0.1599,-87.07,-0.1481,0.2532,-2.69
1788184038.663,1.4907,0.3362,-89.75,1.6332,0.1598,-87.07,-0.1481,0.2532,-2.69
1788184038.763,1.4898,0.3363,-89.76,1.6322,0.1598,-87.08,-0.1481,0.2532,-2.69
1788184038.863,1.4898,0.3363,-89.76,1.6322,0.1598,-87.07,-0.1481,0.2532,-2.69
1788184038.963,1.4898,0.3363,-89.76,1.6323,0.1598,-87.07,-0.1481,0.2532,-2.69
1788184039.063,1.4898,0.3363,-89.76,1.6323,0.1598,-87.07,-0.1481,0.2532,-2.69
1788184039.163,1.4898,0.3363,-89.76,1.6322,0.1598,-87.07,-0.1481,0.2532,-2.69
1788184039.263,1.4898,0.3363,-89.76,1.6323,0.1598,-87.07,-0.1481,0.2532,-2.69
1788184039.363,1.4898,0.3363,-89.76,1.6323,0.1598,-87.07,-0.1481,0.2532,-2.69
1788184039.463,1.4898,0.3363,-89.76,1.6323,0.1598,-87.07,-0.1481,0.2532,-2.69
1788184039.563,1.4879,0.3362,-89.76,1.6304,0.1597,-87.07,-0.1481,0.2532,-2.69
1788184039.663,1.4789,0.3364,-89.75,1.6213,0.1594,-87.06,-0.1481,0.2532,-2.69
1788184039.763,1.4716,0.3363,-89.76,1.6141,0.1590,-87.08,-0.1481,0.2532,-2.69
1788184039.863,1.4690,0.3363,-89.77,1.6114,0.1589,-87.08,-0.1481,0.2532,-2.69
1788184039.963,1.4676,0.3363,-89.77,1.6100,0.1588,-87.08,-0.1481,0.2532,-2.69
1788184040.063,1.4673,0.3364,-89.77,1.6098,0.1589,-87.08,-0.1481,0.2532,-2.69
1788184040.163,1.4611,0.3364,-89.77,1.6035,0.1586,-87.09,-0.1481,0.2532,-2.69
1788184040.263,1.4595,0.3365,-89.76,1.6020,0.1586,-87.08,-0.1481,0.2532,-2.69
1788184040.363,1.4537,0.3366,-89.74,1.5961,0.1585,-87.06,-0.1481,0.2532,-2.69
1788184040.463,1.4437,0.3367,-89.76,1.5862,0.1580,-87.07,-0.1481,0.2532,-2.69
1788184040.563,1.4330,0.3366,-89.77,1.5755,0.1574,-87.08,-0.1481,0.2532,-2.69
1788184040.663,1.4223,0.3365,-89.77,1.5648,0.1568,-87.08,-0.1069,0.1876,-2.13
1788184040.763,1.4522,0.2860,-89.22,1.5543,0.1563,-87.09,-0.1069,0.1876,-2.13
1788184040.863,1.4419,0.2858,-89.22,1.5440,0.1557,-87.09,-0.1069,0.1876,-2.13
1788184040.963,1.4316,0.2856,-89.23,1.5338,0.1551,-87.10,-0.1069,0.1876,-2.13
1788184041.063,1.4213,0.2855,-89.23,1.5235,0.1546,-87.10,-0.1069,0.1876,-2.13
1788184041.163,1.4115,0.2852,-89.21,1.5137,0.1540,-87.08,-0.1069,0.1876,-2.13
1788184041.263,1.4015,0.2851,-89.21,1.5037,0.1535,-87.08,-0.1069,0.1876,-2.13
1788184041.363,1.3911,0.2850,-89.22,1.4934,0.1530,-87.09,-0.1069,0.1876,-2.13
1788184041.463,1.3809,0.2849,-89.23,1.4832,0.1525,-87.10,-0.1069,0.1876,-2.13
1788184041.563,1.3708,0.2847,-89.23,1.4730,0.1520,-87.10,-0.1069,0.1876,-2.13
1788184041.663,1.3607,0.2846,-89.24,1.4630,0.1515,-87.11,-0.1069,0.1876,-2.13
1788184041.763,1.3508,0.2843,-89.25,1.4530,0.1508,-87.12,-0.1069,0.1876,-2.13
1788184041.863,1.3407,0.2841,-89.24,1.4430,0.1503,-87.11,-0.1069,0.1876,-2.13
1788184041.963,1.3306,0.2840,-89.24,1.4329,0.1498,-87.11,-0.1069,0.1876,-2.13
1788184042.063,1.3204,0.2840,-89.25,1.4227,0.1494,-87.12,-0.1069,0.1876,-2.13
1788184042.163,1.3103,0.2838,-89.26,1.4126,0.1488,-87.13,-0.1069,0.1876,-2.13
1788184042.263,1.3002,0.2837,-89.25,1.4025,0.1483,-87.12,-0.1069,0.1876,-2.13
1788184042.363,1.2899,0.2837,-89.25,1.3923,0.1479,-87.12,-0.1069,0.1876,-2.13
1788184042.463,1.2796,0.2835,-89.24,1.3820,0.1474,-87.11,-0.1069,0.1876,-2.13
1788184042.563,1.2697,0.2834,-89.24,1.3721,0.1469,-87.11,-0.1069,0.1876,-2.13
1788184042.663,1.2596,0.2833,-89.23,1.3620,0.1464,-87.10,-0.1069,0.1876,-2.13
1788184042.763,1.2498,0.2830,-89.23,1.3522,0.1458,-87.10,-0.1069,0.1876,-2.13
1788184042.863,1.2396,0.2829,-89.23,1.3420,0.1453,-87.10,-0.1069,0.1876,-2.13
1788184042.963,1.2294,0.2829,-89.23,1.3318,0.1449,-87.10,-0.1069,0.1876,-2.13
1788184043.063,1.2194,0.2826,-89.24,1.3218,0.1443,-87.11,-0.1069,0.1876,-2.13
1788184043.163,1.2094,0.2824,-89.23,1.3119,0.1437,-87.10,-0.1069,0.1876,-2.13
1788184043.263,1.1991,0.2823,-89.23,1.3016,0.1432,-87.10,-0.1069,0.1876,-2.13
1788184043.363,1.1890,0.2822,-89.23,1.2915,0.1427,-87.10,-0.1069,0.1876,-2.13
1788184043.463,1.1790,0.2821,-89.23,1.2815,0.1422,-87.10,-0.1069,0.1876,-2.13
1788184043.563,1.1688,0.2820,-89.23,1.2713,0.1417,-87.10,-0.1069,0.1876,-2.13
1788184043.663,1.1587,0.2819,-89.23,1.2612,0.1412,-87.10,-0.1069,0.1876,-2.13
1788184043.763,1.1486,0.2817,-89.23,1.2512,0.1407,-87.10,-0.1069,0.1876,-2.13
1788184043.863,1.1386,0.2816,-89.23,1.2411,0.1402,-87.10,-0.1069,0.1876,-2.13
1788184043.963,1.1287,0.2813,-89.25,1.2313,0.1396,-87.12,-0.1069,0.1876,-2.13
1788184044.063,1.1187,0.2811,-89.25,1.2212,0.1390,-87.12,-0.1069,0.1876,-2.13
1788184044.163,1.1085,0.2811,-89.24,1.2110,0.1386,-87.11,-0.1069,0.1876,-2.13
1788184044.263,1.0982,0.2810,-89.24,1.2008,0.1381,-87.11,-0.1069,0.1876,-2.13
1788184044.363,1.0883,0.2808,-89.25,1.1909,0.1375,-87.12,0.0115,0.0066,0.93
1788184044.463,1.1898,0.1628,-86.19,1.1806,0.1371,-87.11,0.0115,0.0066,0.93
1788184044.563,1.1798,0.1622,-86.19,1.1706,0.1367,-87.11,0.0115,0.0066,0.93
1788184044.663,1.1696,0.1616,-86.19,1.1605,0.1362,-87.11,0.0115,0.0066,0.93
1788184044.763,1.1596,0.1610,-86.19,1.1504,0.1357,-87.11,0.0115,0.0066,0.93
1788184044.863,1.1495,0.1603,-86.18,1.1402,0.1352,-87.11,0.0115,0.0066,0.93
1788184044.963,1.1395,0.1597,-86.18,1.1302,0.1348,-87.11,0.0115,0.0066,0.93
1788184045.063,1.1294,0.1591,-86.18,1.1202,0.1343,-87.11,0.0115,0.0066,0.93
1788184045.163,1.1194,0.1585,-86.18,1.1101,0.1339,-87.10,0.0115,0.0066,0.93
1788184045.263,1.1093,0.1578,-86.17,1.1001,0.1334,-87.10,0.0115,0.0066,0.93
1788184045.363,1.0991,0.1571,-86.17,1.0899,0.1329,-87.10,0.0115,0.0066,0.93
1788184045.463,1.0890,0.1564,-86.17,1.0797,0.1323,-87.10,0.0115,0.0066,0.93
1788184045.563,1.0789,0.1557,-86.17,1.0696,0.1318,-87.10,0.0115,0.0066,0.93
1788184045.663,1.0688,0.1551,-86.17,1.0595,0.1313,-87.10,0.0115,0.0066,0.93
1788184045.763,1.0587,0.1544,-86.17,1.0494,0.1308,-87.10,0.0115,0.0066,0.93
1788184045.863,1.0486,0.1537,-86.17,1.0393,0.1303,-87.10,0.0115,0.0066,0.93
1788184045.963,1.0387,0.1530,-86.17,1.0294,0.1297,-87.09,0.0115,0.0066,0.93
1788184046.063,1.0286,0.1523,-86.16,1.0193,0.1292,-87.09,0.0115,0.0066,0.93
1788184046.164,1.0185,0.1516,-86.16,1.0092,0.1287,-87.09,0.0115,0.0066,0.93
1788184046.263,1.0082,0.1510,-86.16,0.9989,0.1282,-87.09,0.0115,0.0066,0.93
1788184046.363,0.9984,0.1503,-86.16,0.9890,0.1277,-87.09,0.0115,0.0066,0.93
1788184046.463,0.9882,0.1496,-86.16,0.9789,0.1272,-87.09,0.0115,0.0066,0.93
1788184046.563,0.9784,0.1489,-86.17,0.9690,0.1266,-87.09,0.0115,0.0066,0.93
1788184046.663,0.9682,0.1482,-86.16,0.9588,0.1261,-87.09,0.0115,0.0066,0.93
1788184046.763,0.9581,0.1476,-86.16,0.9487,0.1256,-87.09,0.0115,0.0066,0.93
1788184046.863,0.9480,0.1469,-86.17,0.9386,0.1251,-87.09,0.0115,0.0066,0.93
1788184046.963,0.9379,0.1462,-86.17,0.9285,0.1246,-87.10,0.0115,0.0066,0.93
1788184047.063,0.9278,0.1456,-86.17,0.9184,0.1241,-87.10,0.0115,0.0066,0.93
1788184047.163,0.9177,0.1449,-86.17,0.9083,0.1236,-87.10,0.0115,0.0066,0.93
1788184047.263,0.9077,0.1443,-86.17,0.8983,0.1231,-87.10,0.0115,0.0066,0.93
1788184047.363,0.8976,0.1436,-86.17,0.8881,0.1226,-87.10,0.0115,0.0066,0.93
1788184047.463,0.8878,0.1428,-86.18,0.8783,0.1220,-87.10,0.0115,0.0066,0.93
1788184047.563,0.8776,0.1421,-86.18,0.8682,0.1215,-87.10,0.0115,0.0066,0.93
1788184047.663,0.8674,0.1415,-86.17,0.8579,0.1210,-87.10,0.0115,0.0066,0.93
1788184047.763,0.8573,0.1408,-86.18,0.8478,0.1204,-87.11,0.0115,0.0066,0.93
1788184047.863,0.8474,0.1400,-86.18,0.8379,0.1198,-87.11,0.0115,0.0066,0.93
1788184047.963,0.8373,0.1394,-86.18,0.8278,0.1194,-87.11,0.0463,-0.0449,1.28
1788184048.063,0.8601,0.0936,-85.83,0.8176,0.1189,-87.10,0.0463,-0.0449,1.28
1788184048.163,0.8509,0.0916,-85.82,0.8075,0.1184,-87.10,0.0463,-0.0449,1.28
1788184048.263,0.8408,0.0909,-85.82,0.7974,0.1179,-87.10,0.0463,-0.0449,1.28
1788184048.363,0.8308,0.0902,-85.82,0.7873,0.1174,-87.10,0.0463,-0.0449,1.28
1788184048.463,0.8208,0.0895,-85.82,0.7773,0.1170,-87.10,0.0463,-0.0449,1.28
1788184048.563,0.8107,0.0887,-85.81,0.7671,0.1164,-87.10,0.0463,-0.0449,1.28
1788184048.663,0.8007,0.0880,-85.82,0.7572,0.1159,-87.10,0.0463,-0.0449,1.28
1788184048.763,0.7908,0.0872,-85.82,0.7472,0.1154,-87.10,0.0463,-0.0449,1.28
1788184048.863,0.7806,0.0864,-85.82,0.7370,0.1148,-87.10,0.0463,-0.0449,1.28
1788184048.963,0.7705,0.0857,-85.81,0.7269,0.1143,-87.10,0.0463,-0.0449,1.28
1788184049.063,0.7605,0.0849,-85.82,0.7169,0.1138,-87.10,0.0463,-0.0449,1.28
1788184049.163,0.7504,0.0842,-85.82,0.7068,0.1132,-87.10,0.0463,-0.0449,1.28
1788184049.263,0.7403,0.0835,-85.82,0.6967,0.1128,-87.10,0.0463,-0.0449,1.28
1788184049.363,0.7302,0.0827,-85.82,0.6866,0.1122,-87.10,0.0463,-0.0449,1.28
1788184049.463,0.7201,0.0819,-85.82,0.6764,0.1117,-87.11,0.0463,-0.0449,1.28
1788184049.563,0.7100,0.0812,-85.82,0.6664,0.1112,-87.11,0.0463,-0.0449,1.28
1788184049.663,0.7000,0.0805,-85.82,0.6563,0.1107,-87.10,0.0463,-0.0449,1.28
1788184049.763,0.6899,0.0798,-85.82,0.6462,0.1103,-87.10,0.0463,-0.0449,1.28
1788184049.863,0.6796,0.0791,-85.82,0.6359,0.1098,-87.10,0.0463,-0.0449,1.28
1788184049.963,0.6696,0.0785,-85.81,0.6259,0.1093,-87.10,0.0463,-0.0449,1.28
1788184050.063,0.6595,0.0777,-85.81,0.6158,0.1088,-87.10,0.0463,-0.0449,1.28
1788184050.163,0.6493,0.0769,-85.81,0.6055,0.1082,-87.10,0.0463,-0.0449,1.28
1788184050.263,0.6392,0.0762,-85.81,0.5954,0.1077,-87.10,0.0463,-0.0449,1.28
1788184050.363,0.6291,0.0754,-85.82,0.5853,0.1072,-87.10,0.0463,-0.0449,1.28
1788184050.463,0.6191,0.0747,-85.82,0.5753,0.1067,-87.10,0.0463,-0.0449,1.28
1788184050.563,0.6088,0.0739,-85.82,0.5650,0.1062,-87.10,0.0463,-0.0449,1.28
1788184050.663,0.5989,0.0732,-85.82,0.5551,0.1057,-87.10,0.0463,-0.0449,1.28
1788184050.763,0.5890,0.0725,-85.82,0.5452,0.1052,-87.10,0.0463,-0.0449,1.28
1788184050.863,0.5789,0.0718,-85.82,0.5351,0.1047,-87.10,0.0463,-0.0449,1.28
1788184050.963,0.5688,0.0711,-85.81,0.5249,0.1042,-87.10,0.0463,-0.0449,1.28
1788184051.063,0.5587,0.0703,-85.81,0.5148,0.1037,-87.10,0.0463,-0.0449,1.28
1788184051.163,0.5485,0.0695,-85.69,0.5046,0.1031,-86.97,0.0463,-0.0449,1.28
1788184051.263,0.5385,0.0684,-84.76,0.4946,0.1023,-86.05,0.0463,-0.0449,1.28
1788184051.363,0.5283,0.0673,-83.61,0.4844,0.1013,-84.89,0.0463,-0.0449,1.28
1788184051.463,0.5182,0.0659,-82.44,0.4742,0.1002,-83.72,0.0463,-0.0449,1.28
1788184051.563,0.5082,0.0644,-81.28,0.4642,0.0989,-82.56,0.0463,-0.0449,1.28
1788184051.663,0.4983,0.0627,-80.11,0.4543,0.0974,-81.39,0.0457,-0.0619,1.06
1788184051.763,0.4882,0.0419,-79.18,0.4443,0.0957,-80.23,0.0457,-0.0619,1.06
1788184051.863,0.4783,0.0396,-78.03,0.4344,0.0936,-79.08,0.0457,-0.0619,1.06
1788184051.963,0.4681,0.0376,-77.01,0.4241,0.0918,-78.07,0.0457,-0.0619,1.06
1788184052.063,0.4584,0.0357,-76.84,0.4144,0.0901,-77.89,0.0457,-0.0619,1.06
1788184052.163,0.4486,0.0334,-76.84,0.4046,0.0879,-77.90,0.0457,-0.0619,1.06
1788184052.263,0.4388,0.0311,-76.85,0.3947,0.0858,-77.90,0.0457,-0.0619,1.06
1788184052.363,0.4290,0.0288,-76.86,0.3849,0.0836,-77.91,0.0457,-0.0619,1.06
1788184052.463,0.4192,0.0267,-76.89,0.3751,0.0817,-77.94,0.0457,-0.0619,1.06
1788184052.563,0.4092,0.0243,-76.88,0.3650,0.0796,-77.94,0.0457,-0.0619,1.06
1788184052.663,0.3995,0.0220,-76.89,0.3553,0.0774,-77.95,0.0457,-0.0619,1.06
1788184052.763,0.3898,0.0197,-76.90,0.3455,0.0753,-77.96,0.0457,-0.0619,1.06
1788184052.863,0.3798,0.0174,-76.90,0.3355,0.0732,-77.96,0.0457,-0.0619,1.06
1788184052.963,0.3698,0.0150,-76.90,0.3255,0.0710,-77.95,0.0457,-0.0619,1.06
1788184053.063,0.3601,0.0128,-76.90,0.3156,0.0689,-77.96,0.0457,-0.0619,1.06
1788184053.163,0.3503,0.0105,-76.90,0.3059,0.0668,-77.96,0.0457,-0.0619,1.06
1788184053.263,0.3404,0.0082,-76.90,0.2959,0.0647,-77.96,0.0457,-0.0619,1.06
1788184053.363,0.3306,0.0059,-76.90,0.2861,0.0626,-77.96,0.0457,-0.0619,1.06
1788184053.463,0.3207,0.0036,-76.72,0.2762,0.0604,-77.78,0.0457,-0.0619,1.06
1788184053.563,0.3153,0.0021,-76.13,0.2707,0.0590,-77.18,0.0457,-0.0619,1.06
1788184053.663,0.3141,0.0017,-75.08,0.2695,0.0587,-76.14,0.0457,-0.0619,1.06
1788184053.763,0.3145,0.0020,-73.94,0.2699,0.0590,-75.00,0.0457,-0.0619,1.06
1788184053.863,0.3148,0.0020,-72.77,0.2702,0.0590,-73.83,0.0457,-0.0619,1.06
1788184053.963,0.3150,0.0019,-71.61,0.2704,0.0589,-72.67,0.0457,-0.0619,1.06
1788184054.063,0.3152,0.0020,-70.46,0.2706,0.0590,-71.51,0.0457,-0.0619,1.06
1788184054.163,0.3153,0.0020,-69.29,0.2707,0.0590,-70.34,0.0457,-0.0619,1.06
1788184054.263,0.3155,0.0020,-68.14,0.2709,0.0589,-69.20,0.0457,-0.0619,1.06
1788184054.363,0.3155,0.0018,-66.99,0.2709,0.0588,-68.04,0.0457,-0.0619,1.06
1788184054.463,0.3155,0.0018,-65.82,0.2709,0.0588,-66.88,0.0457,-0.0619,1.06
1788184054.563,0.3156,0.0020,-64.67,0.2710,0.0589,-65.72,0.0457,-0.0619,1.06
1788184054.663,0.3156,0.0020,-63.91,0.2710,0.0589,-64.96,0.0457,-0.0619,1.06
1788184054.763,0.3156,0.0019,-63.75,0.2710,0.0589,-64.81,0.0457,-0.0619,1.06
1788184054.863,0.3156,0.0018,-62.79,0.2710,0.0587,-63.84,0.0457,-0.0619,1.06
1788184054.963,0.3156,0.0017,-61.61,0.2710,0.0587,-62.67,0.0457,-0.0619,1.06
1788184055.063,0.3156,0.0018,-61.15,0.2710,0.0588,-62.20,0.0457,-0.0619,1.06
1788184055.163,0.3155,0.0018,-61.14,0.2709,0.0587,-62.20,0.0457,-0.0619,1.06
1788184055.263,0.3155,0.0017,-61.14,0.2709,0.0587,-62.20,0.0457,-0.0619,1.06
1788184055.363,0.3155,0.0017,-61.14,0.2709,0.0587,-62.20,0.0457,-0.0619,1.06
1788184055.463,0.3131,0.0004,-61.18,0.2685,0.0574,-62.23,0.0457,-0.0619,1.06
1788184055.563,0.3045,-0.0044,-61.19,0.2598,0.0528,-62.25,0.0457,-0.0619,1.06
1788184055.663,0.2952,-0.0096,-61.18,0.2504,0.0478,-62.23,0.0457,-0.0619,1.06
1788184055.763,0.2858,-0.0148,-61.17,0.2409,0.0427,-62.23,0.0457,-0.0619,1.06
1788184055.863,0.2768,-0.0198,-61.17,0.2318,0.0379,-62.23,0.0457,-0.0619,1.06
1788184055.963,0.2676,-0.0249,-61.13,0.2225,0.0330,-62.18,0.0457,-0.0619,1.06
1788184056.063,0.2588,-0.0299,-60.35,0.2136,0.0281,-61.40,0.0457,-0.0619,1.06
1788184056.163,0.2498,-0.0353,-59.18,0.2045,0.0229,-60.23,0.0457,-0.0619,1.06
1788184056.263,0.2410,-0.0407,-58.00,0.1957,0.0177,-59.05,0.0457,-0.0619,1.06
1788184056.363,0.2325,-0.0462,-56.85,0.1871,0.0123,-57.90,0.0457,-0.0619,1.06
1788184056.463,0.2241,-0.0520,-55.69,0.1785,0.0067,-56.74,0.0457,-0.0619,1.06
1788184056.563,0.2158,-0.0579,-54.53,0.1701,0.0010,-55.59,0.0457,-0.0619,1.06
1788184056.663,0.2076,-0.0639,-53.37,0.1618,-0.0049,-54.43,0.0457,-0.0619,1.06
1788184056.763,0.1996,-0.0700,-52.25,0.1537,-0.0109,-53.31,0.0457,-0.0619,1.06
1788184056.863,0.1915,-0.0761,-51.89,0.1455,-0.0169,-52.94,0.0457,-0.0619,1.06
1788184056.963,0.1868,-0.0849,-51.89,0.1407,-0.0255,-52.95,0.0457,-0.0619,1.06
1788184057.063,0.1849,-0.0944,-51.88,0.1386,-0.0350,-52.93,0.0457,-0.0619,1.06
1788184057.163,0.1832,-0.1038,-51.88,0.1367,-0.0444,-52.94,0.0021,-0.0719,-0.57
1788184057.263,0.1489,-0.1231,-53.06,0.1348,-0.0536,-52.94,0.0021,-0.0719,-0.57
1788184057.363,0.1309,-0.1337,-53.50,0.1294,-0.0605,-52.93,0.0021,-0.0719,-0.57
1788184057.463,0.1225,-0.1396,-53.51,0.1210,-0.0665,-52.94,0.0021,-0.0719,-0.57
1788184057.563,0.1143,-0.1452,-53.32,0.1129,-0.0722,-52.75,0.0021,-0.0719,-0.57
1788184057.663,0.1104,-0.1487,-52.70,0.1090,-0.0757,-52.13,0.0021,-0.0719,-0.57
1788184057.763,0.1098,-0.1495,-51.63,0.1084,-0.0765,-51.06,0.0021,-0.0719,-0.57
1788184057.863,0.1100,-0.1492,-50.47,0.1086,-0.0762,-49.90,0.0021,-0.0719,-0.57
1788184057.963,0.1102,-0.1491,-49.29,0.1089,-0.0761,-48.72,0.0021,-0.0719,-0.57
1788184058.063,0.1104,-0.1490,-48.14,0.1091,-0.0760,-47.57,0.0021,-0.0719,-0.57
1788184058.163,0.1106,-0.1489,-46.99,0.1092,-0.0758,-46.41,0.0021,-0.0719,-0.57
1788184058.263,0.1107,-0.1490,-45.81,0.1093,-0.0760,-45.24,0.0021,-0.0719,-0.57
1788184058.363,0.1107,-0.1491,-44.67,0.1094,-0.0761,-44.09,0.0021,-0.0719,-0.57
1788184058.463,0.1108,-0.1489,-43.51,0.1094,-0.0759,-42.93,0.0021,-0.0719,-0.57
1788184058.563,0.1108,-0.1489,-42.34,0.1095,-0.0758,-41.77,0.0021,-0.0719,-0.57
1788184058.663,0.1108,-0.1489,-41.20,0.1095,-0.0759,-40.63,0.0021,-0.0719,-0.57
1788184058.763,0.1109,-0.1490,-40.04,0.1095,-0.0759,-39.47,0.0021,-0.0719,-0.57
1788184058.863,0.1109,-0.1487,-38.89,0.1095,-0.0757,-38.31,0.0021,-0.0719,-0.57
1788184058.963,0.1109,-0.1489,-37.74,0.1095,-0.0758,-37.16,0.0021,-0.0719,-0.57
1788184059.063,0.1109,-0.1488,-36.59,0.1096,-0.0758,-36.02,0.0021,-0.0719,-0.57
1788184059.163,0.1110,-0.1487,-35.44,0.1096,-0.0757,-34.87,0.0021,-0.0719,-0.57
1788184059.263,0.1110,-0.1488,-34.30,0.1096,-0.0758,-33.72,0.0021,-0.0719,-0.57
1788184059.363,0.1109,-0.1487,-33.13,0.1095,-0.0757,-32.56,0.0021,-0.0719,-0.57
1788184059.463,0.1108,-0.1487,-31.98,0.1094,-0.0757,-31.41,0.0021,-0.0719,-0.57
1788184059.563,0.1108,-0.1486,-30.81,0.1094,-0.0756,-30.24,0.0021,-0.0719,-0.57
1788184059.663,0.1109,-0.1489,-29.66,0.1096,-0.0759,-29.09,0.0021,-0.0719,-0.57
1788184059.763,0.1109,-0.1488,-28.51,0.1095,-0.0758,-27.94,0.0021,-0.0719,-0.57
1788184059.863,0.1109,-0.1487,-27.38,0.1096,-0.0757,-26.81,0.0021,-0.0719,-0.57
1788184059.963,0.1110,-0.1489,-26.22,0.1096,-0.0759,-25.65,0.0021,-0.0719,-0.57
1788184060.063,0.1109,-0.1487,-25.08,0.1095,-0.0757,-24.51,0.0021,-0.0719,-0.57
1788184060.163,0.1110,-0.1487,-23.94,0.1096,-0.0757,-23.36,0.0021,-0.0719,-0.57
1788184060.263,0.1110,-0.1488,-22.77,0.1096,-0.0758,-22.20,0.0021,-0.0719,-0.57
1788184060.363,0.1108,-0.1486,-21.63,0.1095,-0.0755,-21.06,0.0021,-0.0719,-0.57
1788184060.463,0.1108,-0.1486,-20.49,0.1095,-0.0755,-19.91,0.0021,-0.0719,-0.57
1788184060.563,0.1109,-0.1487,-19.32,0.1095,-0.0757,-18.75,0.0021,-0.0719,-0.57
1788184060.663,0.1107,-0.1485,-18.17,0.1094,-0.0755,-17.60,0.0021,-0.0719,-0.57
1788184060.763,0.1107,-0.1486,-17.02,0.1094,-0.0756,-16.45,0.0021,-0.0719,-0.57
1788184060.863,0.1107,-0.1487,-15.86,0.1094,-0.0757,-15.29,0.0021,-0.0719,-0.57
1788184060.963,0.1107,-0.1486,-14.71,0.1093,-0.0756,-14.13,0.0021,-0.0719,-0.57
1788184061.063,0.1107,-0.1486,-13.56,0.1093,-0.0756,-12.98,0.0021,-0.0719,-0.57
1788184061.163,0.1107,-0.1486,-12.41,0.1094,-0.0756,-11.83,0.0021,-0.0719,-0.57
1788184061.263,0.1108,-0.1486,-11.26,0.1095,-0.0756,-10.69,0.0021,-0.0719,-0.57
1788184061.363,0.1109,-0.1488,-10.11,0.1095,-0.0758,-9.54,0.0021,-0.0719,-0.57
1788184061.463,0.1107,-0.1486,-8.96,0.1094,-0.0756,-8.39,0.0021,-0.0719,-0.57
1788184061.563,0.1109,-0.1486,-7.81,0.1095,-0.0756,-7.24,0.0021,-0.0719,-0.57
1788184061.663,0.1109,-0.1487,-6.64,0.1096,-0.0757,-6.07,0.0021,-0.0719,-0.57
1788184061.763,0.1108,-0.1487,-5.50,0.1095,-0.0757,-4.93,0.0021,-0.0719,-0.57
1788184061.863,0.1110,-0.1487,-4.37,0.1096,-0.0757,-3.79,0.0021,-0.0719,-0.57
1788184061.963,0.1110,-0.1488,-3.20,0.1096,-0.0758,-2.63,0.0021,-0.0719,-0.57
1788184062.063,0.1108,-0.1487,-2.05,0.1094,-0.0757,-1.48,0.0021,-0.0719,-0.57
1788184062.163,0.1109,-0.1488,-0.89,0.1095,-0.0758,-0.32,0.0021,-0.0719,-0.57
1788184062.263,0.1109,-0.1489,0.26,0.1096,-0.0759,0.83,0.0021,-0.0719,-0.57
1788184062.363,0.1106,-0.1487,0.82,0.1093,-0.0757,1.39,0.0021,-0.0719,-0.57
1788184062.463,0.1105,-0.1486,0.82,0.1092,-0.0756,1.39,0.0021,-0.0719,-0.57
1788184062.563,0.1105,-0.1450,0.79,0.1091,-0.0720,1.36,0.0021,-0.0719,-0.57
1788184062.663,0.1103,-0.1349,0.77,0.1088,-0.0619,1.35,0.0021,-0.0719,-0.57
1788184062.763,0.1101,-0.1244,0.79,0.1085,-0.0514,1.36,0.0021,-0.0719,-0.57
1788184062.863,0.1100,-0.1173,0.80,0.1083,-0.0443,1.37,0.0021,-0.0719,-0.57
1788184062.963,0.1098,-0.1167,0.80,0.1081,-0.0437,1.38,0.0021,-0.0719,-0.57
1788184063.063,0.1095,-0.1164,0.81,0.1079,-0.0434,1.38,0.0021,-0.0719,-0.57
1788184063.163,0.1095,-0.1105,0.81,0.1078,-0.0375,1.38,0.0021,-0.0719,-0.57
1788184063.263,0.1097,-0.1006,0.80,0.1078,-0.0276,1.37,0.0021,-0.0719,-0.57
1788184063.363,0.1095,-0.0921,0.80,0.1075,-0.0191,1.38,0.0021,-0.0719,-0.57
1788184063.463,0.1092,-0.0909,0.83,0.1073,-0.0179,1.40,0.0021,-0.0719,-0.57
1788184063.563,0.1071,-0.0904,0.80,0.1051,-0.0174,1.37,0.0021,-0.0719,-0.57
1788184063.663,0.0989,-0.0907,0.77,0.0970,-0.0178,1.35,0.0021,-0.0719,-0.57
1788184063.763,0.0896,-0.0909,0.78,0.0877,-0.0181,1.35,0.0021,-0.0719,-0.57
1788184063.863,0.0800,-0.0909,0.79,0.0781,-0.0182,1.36,0.0021,-0.0719,-0.57
1788184063.963,0.0719,-0.0909,0.78,0.0699,-0.0183,1.36,0.0021,-0.0719,-0.57
1788184064.063,0.0704,-0.0910,0.78,0.0685,-0.0184,1.35,0.0021,-0.0719,-0.57
1788184064.163,0.0704,-0.0911,0.78,0.0685,-0.0185,1.35,0.0021,-0.0719,-0.57
1788184064.263,0.0651,-0.0912,0.76,0.0632,-0.0186,1.34,0.0021,-0.0719,-0.57
1788184064.363,0.0563,-0.0910,0.78,0.0544,-0.0185,1.35,0.0021,-0.0719,-0.57
1788184064.463,0.0487,-0.0908,0.77,0.0468,-0.0184,1.34,0.0021,-0.0719,-0.57
1788184064.563,0.0478,-0.0908,0.76,0.0459,-0.0185,1.33,0.0021,-0.0719,-0.57
1788184064.663,0.0478,-0.0908,0.75,0.0459,-0.0184,1.32,0.0021,-0.0719,-0.57
1788184064.763,0.0478,-0.0908,0.75,0.0459,-0.0184,1.32,0.0021,-0.0719,-0.57
1788184064.863,0.0478,-0.0908,0.75,0.0459,-0.0184,1.32,0.0021,-0.0719,-0.57
1788184064.963,0.0478,-0.0908,0.75,0.0459,-0.0184,1.32,0.0021,-0.0719,-0.57
1788184065.063,0.0478,-0.0908,0.75,0.0459,-0.0184,1.32,0.0021,-0.0719,-0.57
1788184065.163,0.0478,-0.0908,0.75,0.0459,-0.0184,1.32,0.0021,-0.0719,-0.57
1788184065.263,0.0478,-0.0908,0.75,0.0459,-0.0184,1.32,0.0021,-0.0719,-0.57
1788184065.363,0.0478,-0.0908,0.75,0.0459,-0.0184,1.32,0.0021,-0.0719,-0.57
1788184065.463,0.0478,-0.0908,0.75,0.0459,-0.0184,1.32,0.0021,-0.0719,-0.57
1788184065.563,0.0478,-0.0908,0.75,0.0459,-0.0184,1.32,0.0021,-0.0719,-0.57
1788184065.663,0.0478,-0.0908,0.75,0.0459,-0.0184,1.32,0.0021,-0.0719,-0.57
1788184065.763,0.0478,-0.0908,0.75,0.0459,-0.0184,1.32,0.0021,-0.0719,-0.57
1788184065.863,0.0478,-0.0908,0.75,0.0459,-0.0184,1.32,0.0021,-0.0719,-0.57
1788184065.963,0.0478,-0.0908,0.75,0.0459,-0.0184,1.32,0.0021,-0.0719,-0.57
1788184066.063,0.0478,-0.0908,0.75,0.0459,-0.0184,1.32,0.0021,-0.0719,-0.57
1788184066.163,0.0478,-0.0908,0.75,0.0459,-0.0184,1.32,0.0021,-0.0719,-0.57
1788184066.263,0.0478,-0.0908,0.75,0.0459,-0.0184,1.32,0.0021,-0.0719,-0.57
1788184066.363,0.0478,-0.0908,0.75,0.0459,-0.0184,1.32,0.0021,-0.0719,-0.57
1788184066.463,0.0478,-0.0900,0.75,0.0459,-0.0177,1.32,0.0021,-0.0719,-0.57
1788184066.563,0.0480,-0.0851,0.73,0.0460,-0.0127,1.31,0.0021,-0.0719,-0.57
1788184066.663,0.0480,-0.0838,0.72,0.0460,-0.0114,1.29,0.0021,-0.0719,-0.57
1788184066.763,0.0482,-0.0836,0.70,0.0462,-0.0112,1.27,0.0021,-0.0719,-0.57
1788184066.863,0.0482,-0.0836,0.70,0.0462,-0.0112,1.27,0.0021,-0.0719,-0.57
1788184066.963,0.0475,-0.0835,0.69,0.0455,-0.0111,1.26,0.0021,-0.0719,-0.57
1788184067.063,0.0433,-0.0831,0.69,0.0413,-0.0107,1.26,0.0021,-0.0719,-0.57
1788184067.163,0.0421,-0.0832,0.68,0.0401,-0.0109,1.26,0.0021,-0.0719,-0.57
1788184067.263,0.0414,-0.0831,0.68,0.0394,-0.0108,1.25,0.0021,-0.0719,-0.57
1788184067.363,0.0375,-0.0827,0.67,0.0355,-0.0105,1.24,0.0021,-0.0719,-0.57
1788184067.463,0.0337,-0.0829,0.67,0.0317,-0.0107,1.24,0.0021,-0.0719,-0.57
1788184067.563,0.0337,-0.0830,0.67,0.0316,-0.0108,1.24,0.0021,-0.0719,-0.57
1788184067.663,0.0319,-0.0834,0.68,0.0299,-0.0112,1.25,0.0021,-0.0719,-0.57
1788184067.763,0.0276,-0.0832,0.68,0.0256,-0.0110,1.26,0.0021,-0.0719,-0.57
1788184067.863,0.0271,-0.0831,0.68,0.0250,-0.0109,1.26,0.0021,-0.0719,-0.57
1788184067.963,0.0271,-0.0831,0.68,0.0251,-0.0109,1.26,0.0021,-0.0719,-0.57
1788184068.063,0.0238,-0.0830,0.71,0.0217,-0.0109,1.29,0.0021,-0.0719,-0.57
1788184068.163,0.0195,-0.0830,0.71,0.0175,-0.0109,1.28,0.0021,-0.0719,-0.57
1788184068.263,0.0171,-0.0830,0.70,0.0151,-0.0110,1.27,0.0021,-0.0719,-0.57
1788184068.363,0.0171,-0.0830,0.70,0.0150,-0.0110,1.27,0.0021,-0.0719,-0.57
1788184068.463,0.0171,-0.0830,0.70,0.0150,-0.0110,1.27,0.0021,-0.0719,-0.57
1788184068.563,0.0171,-0.0830,0.70,0.0150,-0.0110,1.27,0.0021,-0.0719,-0.57
1788184068.663,0.0171,-0.0830,0.70,0.0150,-0.0110,1.27,0.0021,-0.0719,-0.57
1788184068.763,0.0171,-0.0830,0.70,0.0150,-0.0110,1.27,0.0021,-0.0719,-0.57
1788184068.863,0.0171,-0.0830,0.70,0.0150,-0.0110,1.27,0.0021,-0.0719,-0.57
1788184068.963,0.0171,-0.0830,0.70,0.0150,-0.0110,1.27,0.0021,-0.0719,-0.57
1788184069.063,0.0171,-0.0830,0.70,0.0150,-0.0110,1.27,0.0021,-0.0719,-0.57
1788184069.163,0.0171,-0.0830,0.70,0.0150,-0.0110,1.27,0.0021,-0.0719,-0.57
1788184069.263,0.0171,-0.0830,0.70,0.0150,-0.0110,1.27,0.0021,-0.0719,-0.57
1788184069.363,0.0171,-0.0830,0.70,0.0150,-0.0110,1.27,0.0021,-0.0719,-0.57
1788184069.463,0.0171,-0.0830,0.70,0.0150,-0.0110,1.27,0.0021,-0.0719,-0.57
1788184069.563,0.0171,-0.0830,0.70,0.0150,-0.0110,1.27,0.0021,-0.0719,-0.57
1788184069.663,0.0171,-0.0830,0.70,0.0150,-0.0110,1.27,0.0021,-0.0719,-0.57
1788184069.763,0.0171,-0.0830,0.70,0.0150,-0.0110,1.27,0.0021,-0.0719,-0.57
1788184069.863,0.0171,-0.0830,0.70,0.0150,-0.0110,1.27,0.0021,-0.0719,-0.57
1788184069.963,0.0171,-0.0830,0.70,0.0150,-0.0110,1.27,0.0021,-0.0719,-0.57
1788184070.063,0.0171,-0.0830,0.70,0.0150,-0.0110,1.27,0.0021,-0.0719,-0.57
1788184070.163,0.0171,-0.0830,0.70,0.0150,-0.0110,1.27,0.0021,-0.0719,-0.57
1788184070.263,0.0171,-0.0830,0.70,0.0150,-0.0110,1.27,0.0021,-0.0719,-0.57
1788184070.363,0.0171,-0.0830,0.70,0.0150,-0.0110,1.27,0.0021,-0.0719,-0.57
1788184070.463,0.0171,-0.0830,0.70,0.0150,-0.0110,1.27,0.0021,-0.0719,-0.57
1788184070.563,0.0171,-0.0830,0.70,0.0150,-0.0110,1.27,0.0021,-0.0719,-0.57
1788184070.663,0.0171,-0.0830,0.70,0.0150,-0.0110,1.27,0.0021,-0.0719,-0.57
1788184070.763,0.0171,-0.0830,0.70,0.0150,-0.0110,1.27,0.0021,-0.0719,-0.57
1788184070.863,0.0171,-0.0830,0.70,0.0150,-0.0110,1.27,0.0021,-0.0719,-0.57
1788184070.963,0.0171,-0.0830,0.70,0.0150,-0.0110,1.27,0.0021,-0.0719,-0.57
1788184071.063,0.0171,-0.0830,0.70,0.0150,-0.0110,1.27,0.0021,-0.0719,-0.57
1788184071.163,0.0171,-0.0830,0.70,0.0150,-0.0110,1.27,0.0021,-0.0719,-0.57
