pi_time_s,FR_target_rads,FR_actual_rads,FR_pwm,FL_target_rads,FL_actual_rads,FL_pwm,RR_target_rads,RR_actual_rads,RR_pwm,RL_target_rads,RL_actual_rads,RL_pwm
1789461174.0290,0.0000,0.0000,0.0000,0.0000,-0.0000,0.0000,0.0000,0.0000,0.0000,0.0000,0.0000,0.0000
1789461174.0792,0.0000,0.0000,0.0000,0.0000,-0.0000,0.0000,0.0000,0.0000,0.0000,0.0000,0.0000,0.0000
1789461174.1300,0.0000,0.0000,0.0000,0.0000,-0.0000,0.0000,0.0000,0.0000,0.0000,0.0000,0.0000,0.0000
1789461174.1790,0.0000,0.0000,0.0000,0.0000,-0.0000,0.0000,0.0000,0.0000,0.0000,0.0000,0.0000,0.0000
1789461174.2290,0.0000,0.0000,0.0000,0.0000,-0.0000,0.0000,0.0000,0.0000,0.0000,0.0000,0.0000,0.0000
1789461174.2800,0.0000,0.0000,0.0000,0.0000,-0.0000,0.0000,0.0000,0.0000,0.0000,0.0000,0.0000,0.0000
1789461174.3299,0.0000,0.0000,0.0000,0.0000,-0.0000,0.0000,0.0000,0.0000,0.0000,0.0000,0.0000,0.0000
1789461174.3790,0.0000,0.0000,0.0000,0.0000,-0.0000,0.0000,0.0000,0.0000,0.0000,0.0000,0.0000,0.0000
1789461174.4289,0.0000,0.0000,0.0000,0.0000,-0.0000,0.0000,0.0000,0.0000,0.0000,0.0000,0.0000,0.0000
1789461174.4799,0.0000,0.0000,0.0000,0.0000,-0.0000,0.0000,0.0000,0.0000,0.0000,0.0000,0.0000,0.0000
1789461174.5300,0.0000,0.0000,0.0000,0.0000,-0.0000,0.0000,0.0000,0.0000,0.0000,0.0000,0.0000,0.0000
1789461174.5794,0.0000,0.0000,0.0000,0.0000,-0.0000,0.0000,0.0000,0.0000,0.0000,0.0000,0.0000,0.0000
1789461174.6291,0.0000,0.0000,0.0000,0.0000,-0.0000,0.0000,0.0000,0.0000,0.0000,0.0000,0.0000,0.0000
1789461174.6793,0.0000,0.0000,0.0000,0.0000,-0.0000,0.0000,0.0000,0.0000,0.0000,0.0000,0.0000,0.0000
1789461174.7290,0.0000,0.0000,0.0000,0.0000,-0.0000,0.0000,0.0000,0.0000,0.0000,0.0000,0.0000,0.0000
1789461174.7791,0.0000,0.0000,0.0000,0.0000,-0.0000,0.0000,0.0000,0.0000,0.0000,0.0000,0.0000,0.0000
1789461174.8301,0.0000,0.0000,0.0000,0.0000,-0.0000,0.0000,0.0000,0.0000,0.0000,0.0000,0.0000,0.0000
1789461174.8801,0.0000,0.0000,0.0000,0.0000,-0.0000,0.0000,0.0000,0.0000,0.0000,0.0000,0.0000,0.0000
1789461174.9295,0.0000,0.0000,0.0000,0.0000,-0.0000,0.0000,0.0000,0.0000,0.0000,0.0000,0.0000,0.0000
1789461174.9789,0.0000,0.0000,0.0000,0.0000,-0.0000,0.0000,0.0000,0.0000,0.0000,0.0000,0.0000,0.0000
1789461175.0289,0.0000,0.0000,0.0000,0.0000,-0.0000,0.0000,0.0000,0.0000,0.0000,0.0000,0.0000,0.0000
1789461175.0889,0.0000,0.0000,0.0000,0.0000,-0.0000,0.0000,0.0000,0.0000,0.0000,0.0000,0.0000,0.0000
1789461175.1306,0.0000,0.0000,0.0000,0.0000,-0.0000,0.0000,0.0000,0.0000,0.0000,0.0000,0.0000,0.0000
1789461175.1850,0.0000,0.0000,0.0000,0.0000,-0.0000,0.0000,0.0000,0.0000,0.0000,0.0000,0.0000,0.0000
1789461175.2291,0.0000,0.0000,0.0000,0.0000,-0.0000,0.0000,0.0000,0.0000,0.0000,0.0000,0.0000,0.0000
1789461175.2871,0.0000,0.0000,0.0000,0.0000,-0.0000,0.0000,0.0000,0.0000,0.0000,0.0000,0.0000,0.0000
1789461175.3373,0.0000,0.0000,0.0000,0.0000,-0.0000,0.0000,0.0000,0.0000,0.0000,0.0000,0.0000,0.0000
1789461175.3795,0.0000,0.0000,0.0000,0.0000,-0.0000,0.0000,0.0000,0.0000,0.0000,0.0000,0.0000,0.0000
1789461175.4336,0.0000,0.0000,0.0000,0.0000,-0.0000,0.0000,0.0000,0.0000,0.0000,0.0000,0.0000,0.0000
1789461175.4848,0.0000,0.0000,0.0000,0.0000,-0.0000,0.0000,0.0000,0.0000,0.0000,0.0000,0.0000,0.0000
1789461175.5414,0.0000,0.0000,0.0000,0.0000,-0.0000,0.0000,0.0000,0.0000,0.0000,0.0000,0.0000,0.0000
1789461175.5793,0.0000,0.0000,0.0000,0.0000,-0.0000,0.0000,0.0000,0.0000,0.0000,0.0000,0.0000,0.0000
1789461175.6292,0.0000,0.0000,0.0000,0.0000,-0.0000,0.0000,0.0000,0.0000,0.0000,0.0000,0.0000,0.0000
1789461175.6827,0.0000,0.0000,0.0000,0.0000,-0.0000,0.0000,0.0000,0.0000,0.0000,0.0000,0.0000,0.0000
1789461175.7302,0.0000,0.0000,0.0000,0.0000,-0.0000,0.0000,0.0000,0.0000,0.0000,0.0000,0.0000,0.0000
1789461175.7829,0.0000,0.0000,0.0000,0.0000,-0.0000,0.0000,0.0000,0.0000,0.0000,0.0000,0.0000,0.0000
1789461175.8301,0.0000,0.0000,0.0000,0.0000,-0.0000,0.0000,0.0000,0.0000,0.0000,0.0000,0.0000,0.0000
1789461175.8801,0.0000,0.0000,0.0000,0.0000,-0.0000,0.0000,0.0000,0.0000,0.0000,0.0000,0.0000,0.0000
1789461175.9299,0.0000,0.0000,0.0000,0.0000,-0.0000,0.0000,0.0000,0.0000,0.0000,0.0000,0.0000,0.0000
1789461175.9790,0.0000,0.0000,0.0000,0.0000,-0.0000,0.0000,0.0000,0.0000,0.0000,0.0000,0.0000,0.0000
1789461176.0300,0.0000,0.0000,0.0000,0.0000,-0.0000,0.0000,0.0000,0.0000,0.0000,0.0000,0.0000,0.0000
1789461176.0867,0.0000,0.0000,0.0000,0.0000,-0.0000,0.0000,0.0000,0.0000,0.0000,0.0000,0.0000,0.0000
1789461176.1433,0.0000,0.0000,0.0000,0.0000,-0.0000,0.0000,0.0000,0.0000,0.0000,0.0000,0.0000,0.0000
1789461176.1839,0.0000,0.0000,0.0000,0.0000,-0.0000,0.0000,0.0000,0.0000,0.0000,0.0000,0.0000,0.0000
1789461176.2346,0.0000,0.0000,0.0000,0.0000,-0.0000,0.0000,0.0000,0.0000,0.0000,0.0000,0.0000,0.0000
1789461176.2793,0.0000,0.0000,0.0000,0.0000,-0.0000,0.0000,0.0000,0.0000,0.0000,0.0000,0.0000,0.0000
1789461176.3291,0.0000,0.0000,0.0000,0.0000,-0.0000,0.0000,0.0000,0.0000,0.0000,0.0000,0.0000,0.0000
1789461176.3792,0.0000,0.0000,0.0000,0.0000,-0.0000,0.0000,0.0000,0.0000,0.0000,0.0000,0.0000,0.0000
1789461176.4293,0.0000,0.0000,0.0000,0.0000,-0.0000,0.0000,0.0000,0.0000,0.0000,0.0000,0.0000,0.0000
1789461176.4790,0.0000,0.0000,0.0000,0.0000,-0.0000,0.0000,0.0000,0.0000,0.0000,0.0000,0.0000,0.0000
1789461176.5291,0.0000,0.0000,0.0000,0.0000,-0.0000,0.0000,0.0000,0.0000,0.0000,0.0000,0.0000,0.0000
1789461176.5792,0.0000,0.0000,0.0000,0.0000,-0.0000,0.0000,0.0000,0.0000,0.0000,0.0000,0.0000,0.0000
1789461176.6291,0.0000,0.0000,0.0000,0.0000,-0.0000,0.0000,0.0000,0.0000,0.0000,0.0000,0.0000,0.0000
1789461176.6792,0.0000,0.0000,0.0000,0.0000,-0.0000,0.0000,0.0000,0.0000,0.0000,0.0000,0.0000,0.0000
1789461176.7291,0.0000,0.0000,0.0000,0.0000,-0.0000,0.0000,0.0000,0.0000,0.0000,0.0000,0.0000,0.0000
1789461176.7792,0.0000,0.0000,0.0000,0.0000,-0.0000,0.0000,0.0000,0.0000,0.0000,0.0000,0.0000,0.0000
1789461176.8291,0.0000,0.0000,0.0000,0.0000,-0.0000,0.0000,0.0000,0.0000,0.0000,0.0000,0.0000,0.0000
1789461176.8791,0.0000,0.0000,0.0000,0.0000,-0.0000,0.0000,0.0000,0.0000,0.0000,0.0000,0.0000,0.0000
1789461176.9291,0.0000,0.0000,0.0000,0.0000,-0.0000,0.0000,0.0000,0.0000,0.0000,0.0000,0.0000,0.0000
1789461176.9791,0.0000,0.0000,0.0000,0.0000,-0.0000,0.0000,0.0000,0.0000,0.0000,0.0000,0.0000,0.0000
1789461177.0292,0.0000,0.0000,0.0000,0.0000,-0.0000,0.0000,0.0000,0.0000,0.0000,0.0000,0.0000,0.0000
1789461177.0792,0.0000,0.0000,0.0000,0.0000,-0.0000,0.0000,0.0000,0.0000,0.0000,0.0000,0.0000,0.0000
1789461177.1295,0.0000,0.0000,0.0000,0.0000,-0.0000,0.0000,0.0000,0.0000,0.0000,0.0000,0.0000,0.0000
1789461177.1793,0.0000,0.0000,0.0000,0.0000,-0.0000,0.0000,0.0000,0.0000,0.0000,0.0000,0.0000,0.0000
1789461177.2292,0.0000,0.0000,0.0000,0.0000,-0.0000,0.0000,0.0000,0.0000,0.0000,0.0000,0.0000,0.0000
1789461177.2791,0.0000,0.0000,0.0000,0.0000,-0.0000,0.0000,0.0000,0.0000,0.0000,0.0000,0.0000,0.0000
1789461177.3291,0.0000,0.0000,0.0000,0.0000,-0.0000,0.0000,0.0000,0.0000,0.0000,0.0000,0.0000,0.0000
1789461177.3790,0.0000,0.0000,0.0000,0.0000,-0.0000,0.0000,0.0000,0.0000,0.0000,0.0000,0.0000,0.0000
1789461177.4291,0.0000,0.0000,0.0000,0.0000,-0.0000,0.0000,0.0000,0.0000,0.0000,0.0000,0.0000,0.0000
1789461177.4790,0.0000,0.0000,0.0000,0.0000,-0.0000,0.0000,0.0000,0.0000,0.0000,0.0000,0.0000,0.0000
1789461177.5290,0.0000,0.0000,0.0000,0.0000,-0.0000,0.0000,0.0000,0.0000,0.0000,0.0000,0.0000,0.0000
1789461177.5792,0.0000,0.0000,0.0000,0.0000,-0.0000,0.0000,0.0000,0.0000,0.0000,0.0000,0.0000,0.0000
1789461177.6291,0.0000,0.0000,0.0000,0.0000,-0.0000,0.0000,0.0000,0.0000,0.0000,0.0000,0.0000,0.0000
1789461177.6791,0.0000,0.0000,0.0000,0.0000,-0.0000,0.0000,0.0000,0.0000,0.0000,0.0000,0.0000,0.0000
1789461177.7290,0.0000,0.0000,0.0000,0.0000,-0.0000,0.0000,0.0000,0.0000,0.0000,0.0000,0.0000,0.0000
1789461177.7792,0.0000,0.0000,0.0000,0.0000,-0.0000,0.0000,0.0000,0.0000,0.0000,0.0000,0.0000,0.0000
1789461177.8291,0.0000,0.0000,0.0000,0.0000,-0.0000,0.0000,0.0000,0.0000,0.0000,0.0000,0.0000,0.0000
1789461177.8791,0.0000,0.0000,0.0000,0.0000,-0.0000,0.0000,0.0000,0.0000,0.0000,0.0000,0.0000,0.0000
1789461177.9290,0.0000,0.0000,0.0000,0.0000,-0.0000,0.0000,0.0000,0.0000,0.0000,0.0000,0.0000,0.0000
1789461177.9791,0.0000,0.0000,0.0000,0.0000,-0.0000,0.0000,0.0000,0.0000,0.0000,0.0000,0.0000,0.0000
1789461178.0290,0.0000,0.0000,0.0000,0.0000,-0.0000,0.0000,0.0000,0.0000,0.0000,0.0000,0.0000,0.0000
1789461178.0793,0.0000,0.0000,0.0000,0.0000,-0.0000,0.0000,0.0000,0.0000,0.0000,0.0000,0.0000,0.0000
1789461178.1291,0.0000,0.0000,0.0000,0.0000,-0.0000,0.0000,0.0000,0.0000,0.0000,0.0000,0.0000,0.0000
1789461178.1791,0.0000,0.0000,0.0000,0.0000,-0.0000,0.0000,0.0000,0.0000,0.0000,0.0000,0.0000,0.0000
1789461178.2290,0.0000,0.0000,0.0000,0.0000,-0.0000,0.0000,0.0000,0.0000,0.0000,0.0000,0.0000,0.0000
1789461178.2793,0.0000,0.0000,0.0000,0.0000,-0.0000,0.0000,0.0000,0.0000,0.0000,0.0000,0.0000,0.0000
1789461178.3290,0.0000,0.0000,0.0000,0.0000,-0.0000,0.0000,0.0000,0.0000,0.0000,0.0000,0.0000,0.0000
1789461178.3792,0.0000,0.0000,0.0000,0.0000,-0.0000,0.0000,0.0000,0.0000,0.0000,0.0000,0.0000,0.0000
1789461178.4291,0.0000,0.0000,0.0000,0.0000,-0.0000,0.0000,0.0000,0.0000,0.0000,0.0000,0.0000,0.0000
1789461178.4791,0.0000,0.0000,0.0000,0.0000,-0.0000,0.0000,0.0000,0.0000,0.0000,0.0000,0.0000,0.0000
1789461178.5289,0.0000,0.0000,0.0000,0.0000,-0.0000,0.0000,0.0000,0.0000,0.0000,0.0000,0.0000,0.0000
1789461178.5792,0.0000,0.0000,0.0000,0.0000,-0.0000,0.0000,0.0000,0.0000,0.0000,0.0000,0.0000,0.0000
1789461178.6291,0.0000,0.0000,0.0000,0.0000,-0.0000,0.0000,0.0000,0.0000,0.0000,0.0000,0.0000,0.0000
1789461178.6791,0.0000,0.0000,0.0000,0.0000,-0.0000,0.0000,0.0000,0.0000,0.0000,0.0000,0.0000,0.0000
1789461178.7291,0.0000,0.0000,0.0000,0.0000,-0.0000,0.0000,0.0000,0.0000,0.0000,0.0000,0.0000,0.0000
1789461178.7794,0.0000,0.0000,0.0000,0.0000,-0.0000,0.0000,0.0000,0.0000,0.0000,0.0000,0.0000,0.0000
1789461178.8290,0.0000,0.0000,0.0000,0.0000,-0.0000,0.0000,0.0000,0.0000,0.0000,0.0000,0.0000,0.0000
1789461178.8792,0.0000,0.0000,0.0000,0.0000,-0.0000,0.0000,0.0000,0.0000,0.0000,0.0000,0.0000,0.0000
1789461178.9291,0.0000,0.0000,0.0000,0.0000,-0.0000,0.0000,0.0000,0.0000,0.0000,0.0000,0.0000,0.0000
1789461178.9791,0.0000,0.0000,0.0000,0.0000,-0.0000,0.0000,0.0000,0.0000,0.0000,0.0000,0.0000,0.0000
1789461179.0291,0.0000,0.0000,0.0000,0.0000,-0.0000,0.0000,0.0000,0.0000,0.0000,0.0000,0.0000,0.0000
1789461179.0793,0.0000,0.0000,0.0000,0.0000,-0.0000,0.0000,0.0000,0.0000,0.0000,0.0000,0.0000,0.0000
1789461179.1292,0.0000,0.0000,0.0000,0.0000,-0.0000,0.0000,0.0000,0.0000,0.0000,0.0000,0.0000,0.0000
1789461179.1791,0.0000,0.0000,0.0000,0.0000,-0.0000,0.0000,0.0000,0.0000,0.0000,0.0000,0.0000,0.0000
1789461179.2290,0.0000,0.0000,0.0000,0.0000,-0.0000,0.0000,0.0000,0.0000,0.0000,0.0000,0.0000,0.0000
1789461179.2793,0.0000,0.0000,0.0000,0.0000,-0.0000,0.0000,0.0000,0.0000,0.0000,0.0000,0.0000,0.0000
1789461179.3291,0.0000,0.0000,0.0000,0.0000,-0.0000,0.0000,0.0000,0.0000,0.0000,0.0000,0.0000,0.0000
1789461179.3791,0.0000,0.0000,0.0000,0.0000,-0.0000,0.0000,0.0000,0.0000,0.0000,0.0000,0.0000,0.0000
1789461179.4291,0.0000,0.0000,0.0000,0.0000,-0.0000,0.0000,0.0000,0.0000,0.0000,0.0000,0.0000,0.0000
1789461179.4802,0.0000,0.0000,0.0000,0.0000,-0.0000,0.0000,0.0000,0.0000,0.0000,0.0000,0.0000,0.0000
1789461179.5290,0.0000,0.0000,0.0000,0.0000,-0.0000,0.0000,0.0000,0.0000,0.0000,0.0000,0.0000,0.0000
1789461179.5791,0.0000,0.0000,0.0000,0.0000,-0.0000,0.0000,0.0000,0.0000,0.0000,0.0000,0.0000,0.0000
1789461179.6292,0.0000,0.0000,0.0000,0.0000,-0.0000,0.0000,0.0000,0.0000,0.0000,0.0000,0.0000,0.0000
1789461179.6790,0.0000,0.0000,0.0000,0.0000,-0.0000,0.0000,0.0000,0.0000,0.0000,0.0000,0.0000,0.0000
1789461179.7291,0.0000,0.0000,0.0000,0.0000,-0.0000,0.0000,0.0000,0.0000,0.0000,0.0000,0.0000,0.0000
1789461179.7792,0.0000,0.0000,0.0000,0.0000,-0.0000,0.0000,0.0000,0.0000,0.0000,0.0000,0.0000,0.0000
1789461179.8294,0.0000,0.0000,0.0000,0.0000,-0.0000,0.0000,0.0000,0.0000,0.0000,0.0000,0.0000,0.0000
1789461179.8792,0.0000,0.0000,0.0000,0.0000,-0.0000,0.0000,0.0000,0.0000,0.0000,0.0000,0.0000,0.0000
1789461179.9292,0.0000,0.0000,0.0000,0.0000,-0.0000,0.0000,0.0000,0.0000,0.0000,0.0000,0.0000,0.0000
1789461179.9790,0.0000,0.0000,0.0000,0.0000,-0.0000,0.0000,0.0000,0.0000,0.0000,0.0000,0.0000,0.0000
1789461180.0295,0.0000,0.0000,0.0000,0.0000,-0.0000,0.0000,0.0000,0.0000,0.0000,0.0000,0.0000,0.0000
1789461180.0792,0.0000,0.0000,0.0000,0.0000,-0.0000,0.0000,0.0000,0.0000,0.0000,0.0000,0.0000,0.0000
1789461180.1291,0.0000,0.0000,0.0000,0.0000,-0.0000,0.0000,0.0000,0.0000,0.0000,0.0000,0.0000,0.0000
1789461180.1807,0.0000,0.0000,0.0000,0.0000,-0.0000,0.0000,0.0000,0.0000,0.0000,0.0000,0.0000,0.0000
1789461180.2291,0.0000,0.0000,0.0000,0.0000,-0.0000,0.0000,0.0000,0.0000,0.0000,0.0000,0.0000,0.0000
1789461180.2790,0.0000,0.0000,0.0000,0.0000,-0.0000,0.0000,0.0000,0.0000,0.0000,0.0000,0.0000,0.0000
1789461180.3291,0.0000,0.0000,0.0000,0.0000,-0.0000,0.0000,0.0000,0.0000,0.0000,0.0000,0.0000,0.0000
1789461180.3793,0.0000,0.0000,0.0000,0.0000,-0.0000,0.0000,0.0000,0.0000,0.0000,0.0000,0.0000,0.0000
1789461180.4292,0.0000,0.0000,0.0000,0.0000,-0.0000,0.0000,0.0000,0.0000,0.0000,0.0000,0.0000,0.0000
1789461180.4791,0.0000,0.0000,0.0000,0.0000,-0.0000,0.0000,0.0000,0.0000,0.0000,0.0000,0.0000,0.0000
1789461180.5291,0.0000,0.0000,0.0000,0.0000,-0.0000,0.0000,0.0000,0.0000,0.0000,0.0000,0.0000,0.0000
1789461180.5791,0.0000,0.0000,0.0000,0.0000,-0.0000,0.0000,0.0000,0.0000,0.0000,0.0000,0.0000,0.0000
1789461180.6290,0.0000,0.0000,0.0000,0.0000,-0.0000,0.0000,0.0000,0.0000,0.0000,0.0000,0.0000,0.0000
1789461180.6792,0.0000,0.0000,0.0000,0.0000,-0.0000,0.0000,0.0000,0.0000,0.0000,0.0000,0.0000,0.0000
1789461180.7291,0.0000,0.0000,0.0000,0.0000,-0.0000,0.0000,0.0000,0.0000,0.0000,0.0000,0.0000,0.0000
1789461180.7791,0.0000,0.0000,0.0000,0.0000,-0.0000,0.0000,0.0000,0.0000,0.0000,0.0000,0.0000,0.0000
1789461180.8291,0.0000,0.0000,0.0000,0.0000,-0.0000,0.0000,0.0000,0.0000,0.0000,0.0000,0.0000,0.0000
1789461180.8793,0.0000,0.0000,0.0000,0.0000,-0.0000,0.0000,0.0000,0.0000,0.0000,0.0000,0.0000,0.0000
1789461180.9292,0.0000,0.0000,0.0000,0.0000,-0.0000,0.0000,0.0000,0.0000,0.0000,0.0000,0.0000,0.0000
1789461180.9791,0.0000,0.0000,0.0000,0.0000,-0.0000,0.0000,0.0000,0.0000,0.0000,0.0000,0.0000,0.0000
1789461181.0291,0.0000,0.0000,0.0000,0.0000,-0.0000,0.0000,0.0000,0.0000,0.0000,0.0000,0.0000,0.0000
1789461181.0792,0.0000,0.0000,0.0000,0.0000,-0.0000,0.0000,0.0000,0.0000,0.0000,0.0000,0.0000,0.0000
1789461181.1292,0.0000,0.0000,0.0000,0.0000,-0.0000,0.0000,0.0000,0.0000,0.0000,0.0000,0.0000,0.0000
1789461181.1793,0.0000,0.0000,0.0000,0.0000,-0.0000,0.0000,0.0000,0.0000,0.0000,0.0000,0.0000,0.0000
1789461181.2293,0.0000,0.0000,0.0000,0.0000,-0.0000,0.0000,0.0000,0.0000,0.0000,0.0000,0.0000,0.0000
1789461181.2791,0.0000,0.0000,0.0000,0.0000,-0.0000,0.0000,0.0000,0.0000,0.0000,0.0000,0.0000,0.0000
1789461181.3290,0.0000,0.0000,0.0000,0.0000,-0.0000,0.0000,0.0000,0.0000,0.0000,0.0000,0.0000,0.0000
1789461181.3792,0.0000,0.0000,0.0000,0.0000,-0.0000,0.0000,0.0000,0.0000,0.0000,0.0000,0.0000,0.0000
1789461181.4291,0.0000,0.0000,0.0000,0.0000,-0.0000,0.0000,0.0000,0.0000,0.0000,0.0000,0.0000,0.0000
1789461181.4791,0.0000,0.0000,0.0000,0.0000,-0.0000,0.0000,0.0000,0.0000,0.0000,0.0000,0.0000,0.0000
1789461181.5292,0.0000,0.0000,0.0000,0.0000,-0.0000,0.0000,0.0000,0.0000,0.0000,0.0000,0.0000,0.0000
1789461181.5792,0.0000,0.0000,0.0000,0.0000,-0.0000,0.0000,0.0000,0.0000,0.0000,0.0000,0.0000,0.0000
1789461181.6292,0.0000,0.0000,0.0000,0.0000,-0.0000,0.0000,0.0000,0.0000,0.0000,0.0000,0.0000,0.0000
1789461181.6793,0.0000,0.0000,0.0000,0.0000,-0.0000,0.0000,0.0000,0.0000,0.0000,0.0000,0.0000,0.0000
1789461181.7292,0.0000,0.0000,0.0000,0.0000,-0.0000,0.0000,0.0000,0.0000,0.0000,0.0000,0.0000,0.0000
1789461181.7792,0.0000,0.0000,0.0000,0.0000,-0.0000,0.0000,0.0000,0.0000,0.0000,0.0000,0.0000,0.0000
1789461181.8292,0.0000,0.0000,0.0000,0.0000,-0.0000,0.0000,0.0000,0.0000,0.0000,0.0000,0.0000,0.0000
1789461181.8792,0.0000,0.0000,0.0000,0.0000,-0.0000,0.0000,0.0000,0.0000,0.0000,0.0000,0.0000,0.0000
1789461181.9290,0.0000,0.0000,0.0000,0.0000,-0.0000,0.0000,0.0000,0.0000,0.0000,0.0000,0.0000,0.0000
1789461181.9793,0.0000,0.0000,0.0000,0.0000,-0.0000,0.0000,0.0000,0.0000,0.0000,0.0000,0.0000,0.0000
1789461182.0291,0.0000,0.0000,0.0000,0.0000,-0.0000,0.0000,0.0000,0.0000,0.0000,0.0000,0.0000,0.0000
1789461182.0793,0.0000,0.0000,0.0000,0.0000,-0.0000,0.0000,0.0000,0.0000,0.0000,0.0000,0.0000,0.0000
1789461182.1291,0.0000,0.0000,0.0000,0.0000,-0.0000,0.0000,0.0000,0.0000,0.0000,0.0000,0.0000,0.0000
1789461182.1793,0.0000,0.0000,0.0000,0.0000,-0.0000,0.0000,0.0000,0.0000,0.0000,0.0000,0.0000,0.0000
1789461182.2293,0.0000,0.0000,0.0000,0.0000,-0.0000,0.0000,0.0000,0.0000,0.0000,0.0000,0.0000,0.0000
1789461182.2792,0.0000,0.0000,0.0000,0.0000,-0.0000,0.0000,0.0000,0.0000,0.0000,0.0000,0.0000,0.0000
1789461182.3291,0.0000,0.0000,0.0000,0.0000,-0.0000,0.0000,0.0000,0.0000,0.0000,0.0000,0.0000,0.0000
1789461182.3791,0.0000,0.0000,0.0000,0.0000,-0.0000,0.0000,0.0000,0.0000,0.0000,0.0000,0.0000,0.0000
1789461182.4291,0.0000,0.0000,0.0000,0.0000,-0.0000,0.0000,0.0000,0.0000,0.0000,0.0000,0.0000,0.0000
1789461182.4791,0.0000,0.0000,0.0000,0.0000,-0.0000,0.0000,0.0000,0.0000,0.0000,0.0000,0.0000,0.0000
1789461182.5292,0.0000,0.0000,0.0000,0.0000,-0.0000,0.0000,0.0000,0.0000,0.0000,0.0000,0.0000,0.0000
1789461182.5792,0.0000,0.0000,0.0000,0.0000,-0.0000,0.0000,0.0000,0.0000,0.0000,0.0000,0.0000,0.0000
1789461182.6292,0.0000,0.0000,0.0000,0.0000,-0.0000,0.0000,0.0000,0.0000,0.0000,0.0000,0.0000,0.0000
1789461182.6793,0.0000,0.0000,0.0000,0.0000,-0.0000,0.0000,0.0000,0.0000,0.0000,0.0000,0.0000,0.0000
1789461182.7291,0.0000,0.0000,0.0000,0.0000,-0.0000,0.0000,0.0000,0.0000,0.0000,0.0000,0.0000,0.0000
1789461182.7792,0.0000,0.0000,0.0000,0.0000,-0.0000,0.0000,0.0000,0.0000,0.0000,0.0000,0.0000,0.0000
1789461182.8292,0.0000,0.0000,0.0000,0.0000,-0.0000,0.0000,0.0000,0.0000,0.0000,0.0000,0.0000,0.0000
1789461182.8793,0.0000,0.0000,0.0000,0.0000,-0.0000,0.0000,0.0000,0.0000,0.0000,0.0000,0.0000,0.0000
1789461182.9292,0.0000,0.0000,0.0000,0.0000,-0.0000,0.0000,0.0000,0.0000,0.0000,0.0000,0.0000,0.0000
1789461182.9792,0.0000,0.0000,0.0000,0.0000,-0.0000,0.0000,0.0000,0.0000,0.0000,0.0000,0.0000,0.0000
1789461183.0293,0.0000,0.0000,0.0000,0.0000,-0.0000,0.0000,0.0000,0.0000,0.0000,0.0000,0.0000,0.0000
1789461183.0791,0.0000,0.0000,0.0000,0.0000,-0.0000,0.0000,0.0000,0.0000,0.0000,0.0000,0.0000,0.0000
1789461183.1292,0.0000,0.0000,0.0000,0.0000,-0.0000,0.0000,0.0000,0.0000,0.0000,0.0000,0.0000,0.0000
1789461183.1794,0.0000,0.0000,0.0000,0.0000,-0.0000,0.0000,0.0000,0.0000,0.0000,0.0000,0.0000,0.0000
1789461183.2292,0.0000,0.0000,0.0000,0.0000,-0.0000,0.0000,0.0000,0.0000,0.0000,0.0000,0.0000,0.0000
1789461183.2794,0.0000,0.0000,0.0000,0.0000,-0.0000,0.0000,0.0000,0.0000,0.0000,0.0000,0.0000,0.0000
1789461183.3293,0.0000,0.0000,0.0000,0.0000,-0.0000,0.0000,0.0000,0.0000,0.0000,0.0000,0.0000,0.0000
1789461183.3793,0.0000,0.0000,0.0000,0.0000,-0.0000,0.0000,0.0000,0.0000,0.0000,0.0000,0.0000,0.0000
1789461183.4291,0.0000,0.0000,0.0000,0.0000,-0.0000,0.0000,0.0000,0.0000,0.0000,0.0000,0.0000,0.0000
1789461183.4793,0.0000,0.0000,0.0000,0.0000,-0.0000,0.0000,0.0000,0.0000,0.0000,0.0000,0.0000,0.0000
1789461183.5292,0.0000,0.0000,0.0000,0.0000,-0.0000,0.0000,0.0000,0.0000,0.0000,0.0000,0.0000,0.0000
1789461183.5792,0.0000,0.0000,0.0000,0.0000,-0.0000,0.0000,0.0000,0.0000,0.0000,0.0000,0.0000,0.0000
1789461183.6293,0.0000,0.0000,0.0000,0.0000,-0.0000,0.0000,0.0000,0.0000,0.0000,0.0000,0.0000,0.0000
1789461183.6794,0.0000,0.0000,0.0000,0.0000,-0.0000,0.0000,0.0000,0.0000,0.0000,0.0000,0.0000,0.0000
1789461183.7292,0.0000,0.0000,0.0000,0.0000,-0.0000,0.0000,0.0000,0.0000,0.0000,0.0000,0.0000,0.0000
1789461183.7792,0.0000,0.0000,0.0000,0.0000,-0.0000,0.0000,0.0000,0.0000,0.0000,0.0000,0.0000,0.0000
1789461183.8292,0.0000,0.0000,0.0000,0.0000,-0.0000,0.0000,0.0000,0.0000,0.0000,0.0000,0.0000,0.0000
1789461183.8792,0.0000,0.0000,0.0000,0.0000,-0.0000,0.0000,0.0000,0.0000,0.0000,0.0000,0.0000,0.0000
1789461183.9292,0.0000,0.0000,0.0000,0.0000,-0.0000,0.0000,0.0000,0.0000,0.0000,0.0000,0.0000,0.0000
1789461183.9793,0.0000,0.0000,0.0000,0.0000,-0.0000,0.0000,0.0000,0.0000,0.0000,0.0000,0.0000,0.0000
1789461184.0293,0.0000,0.0000,0.0000,0.0000,-0.0000,0.0000,0.0000,0.0000,0.0000,0.0000,0.0000,0.0000
1789461184.0794,0.0000,0.0000,0.0000,0.0000,-0.0000,0.0000,0.0000,0.0000,0.0000,0.0000,0.0000,0.0000
1789461184.1292,0.0000,0.0000,0.0000,0.0000,-0.0000,0.0000,0.0000,0.0000,0.0000,0.0000,0.0000,0.0000
1789461184.1793,0.0000,0.0000,0.0000,0.0000,-0.0000,0.0000,0.0000,0.0000,0.0000,0.0000,0.0000,0.0000
1789461184.2292,0.0000,0.0000,0.0000,0.0000,-0.0000,0.0000,0.0000,0.0000,0.0000,0.0000,0.0000,0.0000
1789461184.2793,0.0000,0.0000,0.0000,0.0000,-0.0000,0.0000,0.0000,0.0000,0.0000,0.0000,0.0000,0.0000
1789461184.3291,0.0000,0.0000,0.0000,0.0000,-0.0000,0.0000,0.0000,0.0000,0.0000,0.0000,0.0000,0.0000
1789461184.3792,0.0000,0.0000,0.0000,0.0000,-0.0000,0.0000,0.0000,0.0000,0.0000,0.0000,0.0000,0.0000
1789461184.4292,0.0000,0.0000,0.0000,0.0000,-0.0000,0.0000,0.0000,0.0000,0.0000,0.0000,0.0000,0.0000
1789461184.4792,0.0000,0.0000,0.0000,0.0000,-0.0000,0.0000,0.0000,0.0000,0.0000,0.0000,0.0000,0.0000
1789461184.5291,0.0000,0.0000,0.0000,0.0000,-0.0000,0.0000,0.0000,0.0000,0.0000,0.0000,0.0000,0.0000
1789461184.5793,0.0000,0.0000,0.0000,0.0000,-0.0000,0.0000,0.0000,0.0000,0.0000,0.0000,0.0000,0.0000
1789461184.6293,0.0000,0.0000,0.0000,0.0000,-0.0000,0.0000,0.0000,0.0000,0.0000,0.0000,0.0000,0.0000
1789461184.6793,0.0000,0.0000,0.0000,0.0000,-0.0000,0.0000,0.0000,0.0000,0.0000,0.0000,0.0000,0.0000
1789461184.7290,0.0000,0.0000,0.0000,0.0000,-0.0000,0.0000,0.0000,0.0000,0.0000,0.0000,0.0000,0.0000
1789461184.7793,0.0000,0.0000,0.0000,0.0000,-0.0000,0.0000,0.0000,0.0000,0.0000,0.0000,0.0000,0.0000
1789461184.8292,0.0000,0.0000,0.0000,0.0000,-0.0000,0.0000,0.0000,0.0000,0.0000,0.0000,0.0000,0.0000
1789461184.8793,0.0000,0.0000,0.0000,0.0000,-0.0000,0.0000,0.0000,0.0000,0.0000,0.0000,0.0000,0.0000
1789461184.9292,0.0000,0.0000,0.0000,0.0000,-0.0000,0.0000,0.0000,0.0000,0.0000,0.0000,0.0000,0.0000
1789461184.9792,0.0000,0.0000,0.0000,0.0000,-0.0000,0.0000,0.0000,0.0000,0.0000,0.0000,0.0000,0.0000
1789461185.0292,0.0000,0.0000,0.0000,0.0000,-0.0000,0.0000,0.0000,0.0000,0.0000,0.0000,0.0000,0.0000
1789461185.0793,0.0000,0.0000,0.0000,0.0000,-0.0000,0.0000,0.0000,0.0000,0.0000,0.0000,0.0000,0.0000
1789461185.1292,0.0000,0.0000,0.0000,0.0000,-0.0000,0.0000,0.0000,0.0000,0.0000,0.0000,0.0000,0.0000
1789461185.1792,0.0000,0.0000,0.0000,0.0000,-0.0000,0.0000,0.0000,0.0000,0.0000,0.0000,0.0000,0.0000
1789461185.2293,0.0000,0.0000,0.0000,0.0000,-0.0000,0.0000,0.0000,0.0000,0.0000,0.0000,0.0000,0.0000
1789461185.2793,0.0000,0.0000,0.0000,0.0000,-0.0000,0.0000,0.0000,0.0000,0.0000,0.0000,0.0000,0.0000
1789461185.3293,0.0000,0.0000,0.0000,0.0000,-0.0000,0.0000,0.0000,0.0000,0.0000,0.0000,0.0000,0.0000
1789461185.3793,0.0000,0.0000,0.0000,0.0000,-0.0000,0.0000,0.0000,0.0000,0.0000,0.0000,0.0000,0.0000
1789461185.4295,0.0000,0.0000,0.0000,0.0000,-0.0000,0.0000,0.0000,0.0000,0.0000,0.0000,0.0000,0.0000
1789461185.4793,0.0000,0.0000,0.0000,0.0000,-0.0000,0.0000,0.0000,0.0000,0.0000,0.0000,0.0000,0.0000
1789461185.5292,0.0000,0.0000,0.0000,0.0000,-0.0000,0.0000,0.0000,0.0000,0.0000,0.0000,0.0000,0.0000
1789461185.5793,0.0000,0.0000,0.0000,0.0000,-0.0000,0.0000,0.0000,0.0000,0.0000,0.0000,0.0000,0.0000
1789461185.6293,0.0000,0.0000,0.0000,0.0000,-0.0000,0.0000,0.0000,0.0000,0.0000,0.0000,0.0000,0.0000
1789461185.6795,0.0000,0.0000,0.0000,0.0000,-0.0000,0.0000,0.0000,0.0000,0.0000,0.0000,0.0000,0.0000
1789461185.7293,0.0000,0.0000,0.0000,0.0000,-0.0000,0.0000,0.0000,0.0000,0.0000,0.0000,0.0000,0.0000
1789461185.7791,0.0000,0.0000,0.0000,0.0000,-0.0000,0.0000,0.0000,0.0000,0.0000,0.0000,0.0000,0.0000
1789461185.8293,0.0000,0.0000,0.0000,0.0000,-0.0000,0.0000,0.0000,0.0000,0.0000,0.0000,0.0000,0.0000
1789461185.8793,0.0000,0.0000,0.0000,0.0000,-0.0000,0.0000,0.0000,0.0000,0.0000,0.0000,0.0000,0.0000
1789461185.9292,0.0000,0.0000,0.0000,0.0000,-0.0000,0.0000,0.0000,0.0000,0.0000,0.0000,0.0000,0.0000
1789461185.9794,0.0000,0.0000,0.0000,0.0000,-0.0000,0.0000,0.0000,0.0000,0.0000,0.0000,0.0000,0.0000
1789461186.0292,0.0000,0.0000,0.0000,0.0000,-0.0000,0.0000,0.0000,0.0000,0.0000,0.0000,0.0000,0.0000
1789461186.0794,0.0000,0.0000,0.0000,0.0000,-0.0000,0.0000,0.0000,0.0000,0.0000,0.0000,0.0000,0.0000
1789461186.1292,0.0000,0.0000,0.0000,0.0000,-0.0000,0.0000,0.0000,0.0000,0.0000,0.0000,0.0000,0.0000
1789461186.1793,0.0000,0.0000,0.0000,0.0000,-0.0000,0.0000,0.0000,0.0000,0.0000,0.0000,0.0000,0.0000
1789461186.2293,0.0000,0.0000,0.0000,0.0000,-0.0000,0.0000,0.0000,0.0000,0.0000,0.0000,0.0000,0.0000
1789461186.2793,0.0000,0.0000,0.0000,0.0000,-0.0000,0.0000,0.0000,0.0000,0.0000,0.0000,0.0000,0.0000
1789461186.3293,0.0000,0.0000,0.0000,0.0000,-0.0000,0.0000,0.0000,0.0000,0.0000,0.0000,0.0000,0.0000
1789461186.3793,0.0000,0.0000,0.0000,0.0000,-0.0000,0.0000,0.0000,0.0000,0.0000,0.0000,0.0000,0.0000
1789461186.4293,0.0000,0.0000,0.0000,0.0000,-0.0000,0.0000,0.0000,0.0000,0.0000,0.0000,0.0000,0.0000
1789461186.4793,0.0000,0.0000,0.0000,0.0000,-0.0000,0.0000,0.0000,0.0000,0.0000,0.0000,0.0000,0.0000
1789461186.5294,0.0000,0.0000,0.0000,0.0000,-0.0000,0.0000,0.0000,0.0000,0.0000,0.0000,0.0000,0.0000
1789461186.5793,0.0000,0.0000,0.0000,0.0000,-0.0000,0.0000,0.0000,0.0000,0.0000,0.0000,0.0000,0.0000
1789461186.6293,0.0000,0.0000,0.0000,0.0000,-0.0000,0.0000,0.0000,0.0000,0.0000,0.0000,0.0000,0.0000
1789461186.6794,0.0000,0.0000,0.0000,0.0000,-0.0000,0.0000,0.0000,0.0000,0.0000,0.0000,0.0000,0.0000
1789461186.7293,0.0000,0.0000,0.0000,0.0000,-0.0000,0.0000,0.0000,0.0000,0.0000,0.0000,0.0000,0.0000
1789461186.7794,0.0000,0.0000,0.0000,0.0000,-0.0000,0.0000,0.0000,0.0000,0.0000,0.0000,0.0000,0.0000
1789461186.8291,0.0000,0.0000,0.0000,0.0000,-0.0000,0.0000,0.0000,0.0000,0.0000,0.0000,0.0000,0.0000
1789461186.8793,0.0000,0.0000,0.0000,0.0000,-0.0000,0.0000,0.0000,0.0000,0.0000,0.0000,0.0000,0.0000
1789461186.9292,0.0000,0.0000,0.0000,0.0000,-0.0000,0.0000,0.0000,0.0000,0.0000,0.0000,0.0000,0.0000
1789461186.9794,0.0000,0.0000,0.0000,0.0000,-0.0000,0.0000,0.0000,0.0000,0.0000,0.0000,0.0000,0.0000
1789461187.0293,0.0000,0.0000,0.0000,0.0000,-0.0000,0.0000,0.0000,0.0000,0.0000,0.0000,0.0000,0.0000
1789461187.0793,0.0000,0.0000,0.0000,0.0000,-0.0000,0.0000,0.0000,0.0000,0.0000,0.0000,0.0000,0.0000
1789461187.1293,0.0000,0.0000,0.0000,0.0000,-0.0000,0.0000,0.0000,0.0000,0.0000,0.0000,0.0000,0.0000
1789461187.1793,0.0000,0.0000,0.0000,0.0000,-0.0000,0.0000,0.0000,0.0000,0.0000,0.0000,0.0000,0.0000
1789461187.2293,0.0000,0.0000,0.0000,0.0000,-0.0000,0.0000,0.0000,0.0000,0.0000,0.0000,0.0000,0.0000
1789461187.2795,0.0000,0.0000,0.0000,0.0000,-0.0000,0.0000,0.0000,0.0000,0.0000,0.0000,0.0000,0.0000
1789461187.3294,0.0000,0.0000,0.0000,0.0000,-0.0000,0.0000,0.0000,0.0000,0.0000,0.0000,0.0000,0.0000
1789461187.3793,0.0000,0.0000,0.0000,0.0000,-0.0000,0.0000,0.0000,0.0000,0.0000,0.0000,0.0000,0.0000
1789461187.4294,0.0000,0.0000,0.0000,0.0000,-0.0000,0.0000,0.0000,0.0000,0.0000,0.0000,0.0000,0.0000
1789461187.4794,0.0000,0.0000,0.0000,0.0000,-0.0000,0.0000,0.0000,0.0000,0.0000,0.0000,0.0000,0.0000
1789461187.5292,0.0000,0.0000,0.0000,0.0000,-0.0000,0.0000,0.0000,0.0000,0.0000,0.0000,0.0000,0.0000
1789461187.5793,0.0000,0.0000,0.0000,0.0000,-0.0000,0.0000,0.0000,0.0000,0.0000,0.0000,0.0000,0.0000
1789461187.6293,0.0000,0.0000,0.0000,0.0000,-0.0000,0.0000,0.0000,0.0000,0.0000,0.0000,0.0000,0.0000
1789461187.6794,0.0000,0.0000,0.0000,0.0000,-0.0000,0.0000,0.0000,0.0000,0.0000,0.0000,0.0000,0.0000
1789461187.7292,0.0000,0.0000,0.0000,0.0000,-0.0000,0.0000,0.0000,0.0000,0.0000,0.0000,0.0000,0.0000
1789461187.7799,0.0000,0.0000,0.0000,0.0000,-0.0000,0.0000,0.0000,0.0000,0.0000,0.0000,0.0000,0.0000
1789461187.8295,0.0000,0.0000,0.0000,0.0000,-0.0000,0.0000,0.0000,0.0000,0.0000,0.0000,0.0000,0.0000
1789461187.8792,0.0000,0.0000,0.0000,0.0000,-0.0000,0.0000,0.0000,0.0000,0.0000,0.0000,0.0000,0.0000
1789461187.9293,0.0000,0.0000,0.0000,0.0000,-0.0000,0.0000,0.0000,0.0000,0.0000,0.0000,0.0000,0.0000
1789461187.9794,0.0000,0.0000,0.0000,0.0000,-0.0000,0.0000,0.0000,0.0000,0.0000,0.0000,0.0000,0.0000
1789461188.0294,0.0000,0.0000,0.0000,0.0000,-0.0000,0.0000,0.0000,0.0000,0.0000,0.0000,0.0000,0.0000
1789461188.0793,0.0000,0.0000,0.0000,0.0000,-0.0000,0.0000,0.0000,0.0000,0.0000,0.0000,0.0000,0.0000
1789461188.1293,0.0000,0.0000,0.0000,0.0000,-0.0000,0.0000,0.0000,0.0000,0.0000,0.0000,0.0000,0.0000
1789461188.1795,0.0000,0.0000,0.0000,0.0000,-0.0000,0.0000,0.0000,0.0000,0.0000,0.0000,0.0000,0.0000
1789461188.2292,0.0000,0.0000,0.0000,0.0000,-0.0000,0.0000,0.0000,0.0000,0.0000,0.0000,0.0000,0.0000
1789461188.2794,0.0000,0.0000,0.0000,0.0000,-0.0000,0.0000,0.0000,0.0000,0.0000,0.0000,0.0000,0.0000
1789461188.3293,0.0000,0.0000,0.0000,0.0000,-0.0000,0.0000,0.0000,0.0000,0.0000,0.0000,0.0000,0.0000
1789461188.3793,0.0000,0.0000,0.0000,0.0000,-0.0000,0.0000,0.0000,0.0000,0.0000,0.0000,0.0000,0.0000
1789461188.4293,0.0000,0.0000,0.0000,0.0000,-0.0000,0.0000,0.0000,0.0000,0.0000,0.0000,0.0000,0.0000
1789461188.4804,0.0000,0.0000,0.0000,0.0000,-0.0000,0.0000,0.0000,0.0000,0.0000,0.0000,0.0000,0.0000
1789461188.5293,0.0000,0.0000,0.0000,0.0000,-0.0000,0.0000,0.0000,0.0000,0.0000,0.0000,0.0000,0.0000
1789461188.5795,0.0000,0.0000,0.0000,0.0000,-0.0000,0.0000,0.0000,0.0000,0.0000,0.0000,0.0000,0.0000
1789461188.6294,0.0000,0.0000,0.0000,0.0000,-0.0000,0.0000,0.0000,0.0000,0.0000,0.0000,0.0000,0.0000
1789461188.6793,0.0000,0.0000,0.0000,0.0000,-0.0000,0.0000,0.0000,0.0000,0.0000,0.0000,0.0000,0.0000
1789461188.7293,0.0000,0.0000,0.0000,0.0000,-0.0000,0.0000,0.0000,0.0000,0.0000,0.0000,0.0000,0.0000
1789461188.7795,0.0000,0.0000,0.0000,0.0000,-0.0000,0.0000,0.0000,0.0000,0.0000,0.0000,0.0000,0.0000
1789461188.8294,0.0000,0.0000,0.0000,0.0000,-0.0000,0.0000,0.0000,0.0000,0.0000,0.0000,0.0000,0.0000
1789461188.8794,0.0000,0.0000,0.0000,0.0000,-0.0000,0.0000,0.0000,0.0000,0.0000,0.0000,0.0000,0.0000
1789461188.9293,0.0000,0.0000,0.0000,0.0000,-0.0000,0.0000,0.0000,0.0000,0.0000,0.0000,0.0000,0.0000
1789461188.9794,0.0000,0.0000,0.0000,0.0000,-0.0000,0.0000,0.0000,0.0000,0.0000,0.0000,0.0000,0.0000
1789461189.0293,0.0000,0.0000,0.0000,0.0000,-0.0000,0.0000,0.0000,0.0000,0.0000,0.0000,0.0000,0.0000
1789461189.0793,0.0000,0.0000,0.0000,0.0000,-0.0000,0.0000,0.0000,0.0000,0.0000,0.0000,0.0000,0.0000
1789461189.1294,0.0000,0.0000,0.0000,0.0000,-0.0000,0.0000,0.0000,0.0000,0.0000,0.0000,0.0000,0.0000
1789461189.1795,0.0000,0.0000,0.0000,0.0000,-0.0000,0.0000,0.0000,0.0000,0.0000,0.0000,0.0000,0.0000
1789461189.2293,0.0000,0.0000,0.0000,0.0000,-0.0000,0.0000,0.0000,0.0000,0.0000,0.0000,0.0000,0.0000
1789461189.2793,0.0000,0.0000,0.0000,0.0000,-0.0000,0.0000,0.0000,0.0000,0.0000,0.0000,0.0000,0.0000
1789461189.3294,0.0000,0.0000,0.0000,0.0000,-0.0000,0.0000,0.0000,0.0000,0.0000,0.0000,0.0000,0.0000
1789461189.3793,0.0000,0.0000,0.0000,0.0000,-0.0000,0.0000,0.0000,0.0000,0.0000,0.0000,0.0000,0.0000
1789461189.4294,0.0000,0.0000,0.0000,0.0000,-0.0000,0.0000,0.0000,0.0000,0.0000,0.0000,0.0000,0.0000
1789461189.4795,0.0000,0.0000,0.0000,0.0000,-0.0000,0.0000,0.0000,0.0000,0.0000,0.0000,0.0000,0.0000
1789461189.5294,0.0000,0.0000,0.0000,0.0000,-0.0000,0.0000,0.0000,0.0000,0.0000,0.0000,0.0000,0.0000
1789461189.5794,0.0000,0.0000,0.0000,0.0000,-0.0000,0.0000,0.0000,0.0000,0.0000,0.0000,0.0000,0.0000
1789461189.6293,0.0000,0.0000,0.0000,0.0000,-0.0000,0.0000,0.0000,0.0000,0.0000,0.0000,0.0000,0.0000
1789461189.6795,0.0000,0.0000,0.0000,0.0000,-0.0000,0.0000,0.0000,0.0000,0.0000,0.0000,0.0000,0.0000
1789461189.7294,0.0000,0.0000,0.0000,0.0000,-0.0000,0.0000,0.0000,0.0000,0.0000,0.0000,0.0000,0.0000
1789461189.7795,0.0000,0.0000,0.0000,0.0000,-0.0000,0.0000,0.0000,0.0000,0.0000,0.0000,0.0000,0.0000
1789461189.8294,0.0000,0.0000,0.0000,0.0000,-0.0000,0.0000,0.0000,0.0000,0.0000,0.0000,0.0000,0.0000
1789461189.8795,0.0000,0.0000,0.0000,0.0000,-0.0000,0.0000,0.0000,0.0000,0.0000,0.0000,0.0000,0.0000
1789461189.9294,0.0000,0.0000,0.0000,0.0000,-0.0000,0.0000,0.0000,0.0000,0.0000,0.0000,0.0000,0.0000
1789461189.9793,0.0000,0.0000,0.0000,0.0000,-0.0000,0.0000,0.0000,0.0000,0.0000,0.0000,0.0000,0.0000
1789461190.0293,0.0000,0.0000,0.0000,0.0000,-0.0000,0.0000,0.0000,0.0000,0.0000,0.0000,0.0000,0.0000
1789461190.0795,0.0000,0.0000,0.0000,0.0000,-0.0000,0.0000,0.0000,0.0000,0.0000,0.0000,0.0000,0.0000
1789461190.1295,0.0000,0.0000,0.0000,0.0000,-0.0000,0.0000,0.0000,0.0000,0.0000,0.0000,0.0000,0.0000
1789461190.1795,0.0000,0.0000,0.0000,0.0000,-0.0000,0.0000,0.0000,0.0000,0.0000,0.0000,0.0000,0.0000
1789461190.2300,0.0000,0.0000,0.0000,0.0000,-0.0000,0.0000,0.0000,0.0000,0.0000,0.0000,0.0000,0.0000
1789461190.2795,0.0000,0.0000,0.0000,0.0000,-0.0000,0.0000,0.0000,0.0000,0.0000,0.0000,0.0000,0.0000
1789461190.3294,0.0000,0.0000,0.0000,0.0000,-0.0000,0.0000,0.0000,0.0000,0.0000,0.0000,0.0000,0.0000
1789461190.3794,0.0000,0.0000,0.0000,0.0000,-0.0000,0.0000,0.0000,0.0000,0.0000,0.0000,0.0000,0.0000
1789461190.4294,0.0000,0.0000,0.0000,0.0000,-0.0000,0.0000,0.0000,0.0000,0.0000,0.0000,0.0000,0.0000
1789461190.4794,0.0000,0.0000,0.0000,0.0000,-0.0000,0.0000,0.0000,0.0000,0.0000,0.0000,0.0000,0.0000
1789461190.5294,0.0000,0.0000,0.0000,0.0000,-0.0000,0.0000,0.0000,0.0000,0.0000,0.0000,0.0000,0.0000
1789461190.5795,0.0000,0.0000,0.0000,0.0000,-0.0000,0.0000,0.0000,0.0000,0.0000,0.0000,0.0000,0.0000
1789461190.6294,0.0000,0.0000,0.0000,0.0000,-0.0000,0.0000,0.0000,0.0000,0.0000,0.0000,0.0000,0.0000
1789461190.6794,0.0000,0.0000,0.0000,0.0000,-0.0000,0.0000,0.0000,0.0000,0.0000,0.0000,0.0000,0.0000
1789461190.7293,0.0000,0.0000,0.0000,0.0000,-0.0000,0.0000,0.0000,0.0000,0.0000,0.0000,0.0000,0.0000
1789461190.7795,0.0000,0.0000,0.0000,0.0000,-0.0000,0.0000,0.0000,0.0000,0.0000,0.0000,0.0000,0.0000
1789461190.8295,0.0000,0.0000,0.0000,0.0000,-0.0000,0.0000,0.0000,0.0000,0.0000,0.0000,0.0000,0.0000
1789461190.8795,0.0000,0.0000,0.0000,0.0000,-0.0000,0.0000,0.0000,0.0000,0.0000,0.0000,0.0000,0.0000
1789461190.9294,0.0000,0.0000,0.0000,0.0000,-0.0000,0.0000,0.0000,0.0000,0.0000,0.0000,0.0000,0.0000
1789461190.9795,0.0000,0.0000,0.0000,0.0000,-0.0000,0.0000,0.0000,0.0000,0.0000,0.0000,0.0000,0.0000
1789461191.0293,0.0000,0.0000,0.0000,0.0000,-0.0000,0.0000,0.0000,0.0000,0.0000,0.0000,0.0000,0.0000
1789461191.0795,0.0000,0.0000,0.0000,0.0000,-0.0000,0.0000,0.0000,0.0000,0.0000,0.0000,0.0000,0.0000
1789461191.1295,0.0000,0.0000,0.0000,0.0000,-0.0000,0.0000,0.0000,0.0000,0.0000,0.0000,0.0000,0.0000
1789461191.1795,0.0000,0.0000,0.0000,0.0000,-0.0000,0.0000,0.0000,0.0000,0.0000,0.0000,0.0000,0.0000
1789461191.2294,0.0000,0.0000,0.0000,0.0000,-0.0000,0.0000,0.0000,0.0000,0.0000,0.0000,0.0000,0.0000
1789461191.2802,0.0000,0.0000,0.0000,0.0000,-0.0000,0.0000,0.0000,0.0000,0.0000,0.0000,0.0000,0.0000
1789461191.3294,0.0000,0.0000,0.0000,0.0000,-0.0000,0.0000,0.0000,0.0000,0.0000,0.0000,0.0000,0.0000
1789461191.3803,0.0000,0.0000,0.0000,0.0000,-0.0000,0.0000,0.0000,0.0000,0.0000,0.0000,0.0000,0.0000
1789461191.4294,0.0000,0.0000,0.0000,0.0000,-0.0000,0.0000,0.0000,0.0000,0.0000,0.0000,0.0000,0.0000
1789461191.4796,0.0000,0.0000,0.0000,0.0000,-0.0000,0.0000,0.0000,0.0000,0.0000,0.0000,0.0000,0.0000
1789461191.5295,0.0000,0.0000,0.0000,0.0000,-0.0000,0.0000,0.0000,0.0000,0.0000,0.0000,0.0000,0.0000
1789461191.5795,0.0000,0.0000,0.0000,0.0000,-0.0000,0.0000,0.0000,0.0000,0.0000,0.0000,0.0000,0.0000
1789461191.6295,0.0000,0.0000,0.0000,0.0000,-0.0000,0.0000,0.0000,0.0000,0.0000,0.0000,0.0000,0.0000
1789461191.6795,0.0000,0.0000,0.0000,0.0000,-0.0000,0.0000,0.0000,0.0000,0.0000,0.0000,0.0000,0.0000
1789461191.7292,0.0000,0.0000,0.0000,0.0000,-0.0000,0.0000,0.0000,0.0000,0.0000,0.0000,0.0000,0.0000
1789461191.7795,0.0000,0.0000,0.0000,0.0000,-0.0000,0.0000,0.0000,0.0000,0.0000,0.0000,0.0000,0.0000
1789461191.8296,0.0000,0.0000,0.0000,0.0000,-0.0000,0.0000,0.0000,0.0000,0.0000,0.0000,0.0000,0.0000
1789461191.8795,0.0000,0.0000,0.0000,0.0000,-0.0000,0.0000,0.0000,0.0000,0.0000,0.0000,0.0000,0.0000
1789461191.9294,0.0000,0.0000,0.0000,0.0000,-0.0000,0.0000,0.0000,0.0000,0.0000,0.0000,0.0000,0.0000
1789461191.9801,0.0000,0.0000,0.0000,0.0000,-0.0000,0.0000,0.0000,0.0000,0.0000,0.0000,0.0000,0.0000
1789461192.0295,0.0000,0.0000,0.0000,0.0000,-0.0000,0.0000,0.0000,0.0000,0.0000,0.0000,0.0000,0.0000
1789461192.0794,0.0000,0.0000,0.0000,0.0000,-0.0000,0.0000,0.0000,0.0000,0.0000,0.0000,0.0000,0.0000
1789461192.1294,0.0000,0.0000,0.0000,0.0000,-0.0000,0.0000,0.0000,0.0000,0.0000,0.0000,0.0000,0.0000
1789461192.1795,0.0000,0.0000,0.0000,0.0000,-0.0000,0.0000,0.0000,0.0000,0.0000,0.0000,0.0000,0.0000
1789461192.2294,0.0000,0.0000,0.0000,0.0000,-0.0000,0.0000,0.0000,0.0000,0.0000,0.0000,0.0000,0.0000
1789461192.2795,0.0000,0.0000,0.0000,0.0000,-0.0000,0.0000,0.0000,0.0000,0.0000,0.0000,0.0000,0.0000
1789461192.3296,0.0000,0.0000,0.0000,0.0000,-0.0000,0.0000,0.0000,0.0000,0.0000,0.0000,0.0000,0.0000
1789461192.3795,0.0000,0.0000,0.0000,0.0000,-0.0000,0.0000,0.0000,0.0000,0.0000,0.0000,0.0000,0.0000
1789461192.4291,0.0000,0.0000,0.0000,0.0000,-0.0000,0.0000,0.0000,0.0000,0.0000,0.0000,0.0000,0.0000
1789461192.4797,0.0000,0.0000,0.0000,0.0000,-0.0000,0.0000,0.0000,0.0000,0.0000,0.0000,0.0000,0.0000
1789461192.5296,0.0000,0.0000,0.0000,0.0000,-0.0000,0.0000,0.0000,0.0000,0.0000,0.0000,0.0000,0.0000
1789461192.5798,0.0000,0.0000,0.0000,0.0000,-0.0000,0.0000,0.0000,0.0000,0.0000,0.0000,0.0000,0.0000
1789461192.6295,0.0000,0.0000,0.0000,0.0000,-0.0000,0.0000,0.0000,0.0000,0.0000,0.0000,0.0000,0.0000
1789461192.6795,0.0000,0.0000,0.0000,0.0000,-0.0000,0.0000,0.0000,0.0000,0.0000,0.0000,0.0000,0.0000
1789461192.7296,0.0000,0.0000,0.0000,0.0000,-0.0000,0.0000,0.0000,0.0000,0.0000,0.0000,0.0000,0.0000
1789461192.7795,0.0000,0.0000,0.0000,0.0000,-0.0000,0.0000,0.0000,0.0000,0.0000,0.0000,0.0000,0.0000
1789461192.8295,0.0000,0.0000,0.0000,0.0000,-0.0000,0.0000,0.0000,0.0000,0.0000,0.0000,0.0000,0.0000
1789461192.8797,0.0000,0.0000,0.0000,0.0000,-0.0000,0.0000,0.0000,0.0000,0.0000,0.0000,0.0000,0.0000
1789461192.9295,0.0000,0.0000,0.0000,0.0000,-0.0000,0.0000,0.0000,0.0000,0.0000,0.0000,0.0000,0.0000
1789461192.9796,0.0000,0.0000,0.0000,0.0000,-0.0000,0.0000,0.0000,0.0000,0.0000,0.0000,0.0000,0.0000
1789461193.0302,0.0000,0.0000,0.0000,0.0000,-0.0000,0.0000,0.0000,0.0000,0.0000,0.0000,0.0000,0.0000
1789461193.0796,0.0000,0.0000,0.0000,0.0000,-0.0000,0.0000,0.0000,0.0000,0.0000,0.0000,0.0000,0.0000
1789461193.1295,0.0000,0.0000,0.0000,0.0000,-0.0000,0.0000,0.0000,0.0000,0.0000,0.0000,0.0000,0.0000
1789461193.1796,0.0000,0.0000,0.0000,0.0000,-0.0000,0.0000,0.0000,0.0000,0.0000,0.0000,0.0000,0.0000
1789461193.2295,0.0000,0.0000,0.0000,0.0000,-0.0000,0.0000,0.0000,0.0000,0.0000,0.0000,0.0000,0.0000
1789461193.2795,0.0000,0.0000,0.0000,0.0000,-0.0000,0.0000,0.0000,0.0000,0.0000,0.0000,0.0000,0.0000
1789461193.3295,0.0000,0.0000,0.0000,0.0000,-0.0000,0.0000,0.0000,0.0000,0.0000,0.0000,0.0000,0.0000
1789461193.3796,0.0000,0.0000,0.0000,0.0000,-0.0000,0.0000,0.0000,0.0000,0.0000,0.0000,0.0000,0.0000
1789461193.4295,0.0000,0.0000,0.0000,0.0000,-0.0000,0.0000,0.0000,0.0000,0.0000,0.0000,0.0000,0.0000
1789461193.4794,0.0000,0.0000,0.0000,0.0000,-0.0000,0.0000,0.0000,0.0000,0.0000,0.0000,0.0000,0.0000
1789461193.5295,0.0000,0.0000,0.0000,0.0000,-0.0000,0.0000,0.0000,0.0000,0.0000,0.0000,0.0000,0.0000
1789461193.5795,0.0000,0.0000,0.0000,0.0000,-0.0000,0.0000,0.0000,0.0000,0.0000,0.0000,0.0000,0.0000
1789461193.6295,0.0000,0.0000,0.0000,0.0000,-0.0000,0.0000,0.0000,0.0000,0.0000,0.0000,0.0000,0.0000
1789461193.6795,0.0000,0.0000,0.0000,0.0000,-0.0000,0.0000,0.0000,0.0000,0.0000,0.0000,0.0000,0.0000
1789461193.7294,0.0000,0.0000,0.0000,0.0000,-0.0000,0.0000,0.0000,0.0000,0.0000,0.0000,0.0000,0.0000
1789461193.7796,0.0000,0.0000,0.0000,0.0000,-0.0000,0.0000,0.0000,0.0000,0.0000,0.0000,0.0000,0.0000
1789461193.8294,0.0000,0.0000,0.0000,0.0000,-0.0000,0.0000,0.0000,0.0000,0.0000,0.0000,0.0000,0.0000
1789461193.8795,0.0000,0.0000,0.0000,0.0000,-0.0000,0.0000,0.0000,0.0000,0.0000,0.0000,0.0000,0.0000
1789461193.9297,0.0000,0.0000,0.0000,0.0000,-0.0000,0.0000,0.0000,0.0000,0.0000,0.0000,0.0000,0.0000
1789461193.9796,0.0000,0.0000,0.0000,0.0000,-0.0000,0.0000,0.0000,0.0000,0.0000,0.0000,0.0000,0.0000
1789461194.0295,0.0000,0.0000,0.0000,0.0000,-0.0000,0.0000,0.0000,0.0000,0.0000,0.0000,0.0000,0.0000
1789461194.0797,0.0000,0.0000,0.0000,0.0000,-0.0000,0.0000,0.0000,0.0000,0.0000,0.0000,0.0000,0.0000
1789461194.1296,0.0000,0.0000,0.0000,0.0000,-0.0000,0.0000,0.0000,0.0000,0.0000,0.0000,0.0000,0.0000
1789461194.1796,0.0000,0.0000,0.0000,0.0000,-0.0000,0.0000,0.0000,0.0000,0.0000,0.0000,0.0000,0.0000
1789461194.2295,0.0000,0.0000,0.0000,0.0000,-0.0000,0.0000,0.0000,0.0000,0.0000,0.0000,0.0000,0.0000
1789461194.2797,0.0000,0.0000,0.0000,0.0000,-0.0000,0.0000,0.0000,0.0000,0.0000,0.0000,0.0000,0.0000
1789461194.3295,0.0000,0.0000,0.0000,0.0000,-0.0000,0.0000,0.0000,0.0000,0.0000,0.0000,0.0000,0.0000
1789461194.3796,0.0000,0.0000,0.0000,0.0000,-0.0000,0.0000,0.0000,0.0000,0.0000,0.0000,0.0000,0.0000
1789461194.4296,0.0000,0.0000,0.0000,0.0000,-0.0000,0.0000,0.0000,0.0000,0.0000,0.0000,0.0000,0.0000
1789461194.4797,0.0000,0.0000,0.0000,0.0000,-0.0000,0.0000,0.0000,0.0000,0.0000,0.0000,0.0000,0.0000
1789461194.5294,0.0000,0.0000,0.0000,0.0000,-0.0000,0.0000,0.0000,0.0000,0.0000,0.0000,0.0000,0.0000
1789461194.5796,0.0000,0.0000,0.0000,0.0000,-0.0000,0.0000,0.0000,0.0000,0.0000,0.0000,0.0000,0.0000
1789461194.6298,0.0000,0.0000,0.0000,0.0000,-0.0000,0.0000,0.0000,0.0000,0.0000,0.0000,0.0000,0.0000
1789461194.6796,0.0000,0.0000,0.0000,0.0000,-0.0000,0.0000,0.0000,0.0000,0.0000,0.0000,0.0000,0.0000
1789461194.7295,0.0000,0.0000,0.0000,0.0000,-0.0000,0.0000,0.0000,0.0000,0.0000,0.0000,0.0000,0.0000
1789461194.7796,0.0000,0.0000,0.0000,0.0000,-0.0000,0.0000,0.0000,0.0000,0.0000,0.0000,0.0000,0.0000
1789461194.8296,0.0000,0.0000,0.0000,0.0000,-0.0000,0.0000,0.0000,0.0000,0.0000,0.0000,0.0000,0.0000
1789461194.8795,0.0000,0.0000,0.0000,0.0000,-0.0000,0.0000,0.0000,0.0000,0.0000,0.0000,0.0000,0.0000
1789461194.9295,0.0000,0.0000,0.0000,0.0000,-0.0000,0.0000,0.0000,0.0000,0.0000,0.0000,0.0000,0.0000
1789461194.9796,0.0000,0.0000,0.0000,0.0000,-0.0000,0.0000,0.0000,0.0000,0.0000,0.0000,0.0000,0.0000
1789461195.0295,0.0000,0.0000,0.0000,0.0000,-0.0000,0.0000,0.0000,0.0000,0.0000,0.0000,0.0000,0.0000
1789461195.0795,0.0000,0.0000,0.0000,0.0000,-0.0000,0.0000,0.0000,0.0000,0.0000,0.0000,0.0000,0.0000
1789461195.1295,0.0000,0.0000,0.0000,0.0000,-0.0000,0.0000,0.0000,0.0000,0.0000,0.0000,0.0000,0.0000
1789461195.1795,0.0000,0.0000,0.0000,0.0000,-0.0000,0.0000,0.0000,0.0000,0.0000,0.0000,0.0000,0.0000
1789461195.2293,0.0000,0.0000,0.0000,0.0000,-0.0000,0.0000,0.0000,0.0000,0.0000,0.0000,0.0000,0.0000
1789461195.2797,0.0000,0.0000,0.0000,0.0000,-0.0000,0.0000,0.0000,0.0000,0.0000,0.0000,0.0000,0.0000
1789461195.3295,0.0000,0.0000,0.0000,0.0000,-0.0000,0.0000,0.0000,0.0000,0.0000,0.0000,0.0000,0.0000
1789461195.3795,0.0000,0.0000,0.0000,0.0000,-0.0000,0.0000,0.0000,0.0000,0.0000,0.0000,0.0000,0.0000
1789461195.4295,0.0000,0.0000,0.0000,0.0000,-0.0000,0.0000,0.0000,0.0000,0.0000,0.0000,0.0000,0.0000
1789461195.4796,0.0000,0.0000,0.0000,0.0000,-0.0000,0.0000,0.0000,0.0000,0.0000,0.0000,0.0000,0.0000
1789461195.5295,0.0000,0.0000,0.0000,0.0000,-0.0000,0.0000,0.0000,0.0000,0.0000,0.0000,0.0000,0.0000
1789461195.5795,0.0000,0.0000,0.0000,0.0000,-0.0000,0.0000,0.0000,0.0000,0.0000,0.0000,0.0000,0.0000
1789461195.6295,0.0000,0.0000,0.0000,0.0000,-0.0000,0.0000,0.0000,0.0000,0.0000,0.0000,0.0000,0.0000
1789461195.6796,0.0000,0.0000,0.0000,0.0000,-0.0000,0.0000,0.0000,0.0000,0.0000,0.0000,0.0000,0.0000
1789461195.7294,0.0000,0.0000,0.0000,0.0000,-0.0000,0.0000,0.0000,0.0000,0.0000,0.0000,0.0000,0.0000
1789461195.7796,0.0000,0.0000,0.0000,0.0000,-0.0000,0.0000,0.0000,0.0000,0.0000,0.0000,0.0000,0.0000
1789461195.8296,0.0000,0.0000,0.0000,0.0000,-0.0000,0.0000,0.0000,0.0000,0.0000,0.0000,0.0000,0.0000
1789461195.8795,0.0000,0.0000,0.0000,0.0000,-0.0000,0.0000,0.0000,0.0000,0.0000,0.0000,0.0000,0.0000
1789461195.9294,0.0000,0.0000,0.0000,0.0000,-0.0000,0.0000,0.0000,0.0000,0.0000,0.0000,0.0000,0.0000
1789461195.9797,0.0000,0.0000,0.0000,0.0000,-0.0000,0.0000,0.0000,0.0000,0.0000,0.0000,0.0000,0.0000
1789461196.0295,0.0000,0.0000,0.0000,0.0000,-0.0000,0.0000,0.0000,0.0000,0.0000,0.0000,0.0000,0.0000
1789461196.0795,0.0000,0.0000,0.0000,0.0000,-0.0000,0.0000,0.0000,0.0000,0.0000,0.0000,0.0000,0.0000
1789461196.1295,0.0000,0.0000,0.0000,0.0000,-0.0000,0.0000,0.0000,0.0000,0.0000,0.0000,0.0000,0.0000
1789461196.1796,0.0000,0.0000,0.0000,0.0000,-0.0000,0.0000,0.0000,0.0000,0.0000,0.0000,0.0000,0.0000
1789461196.2295,0.0000,0.0000,0.0000,0.0000,-0.0000,0.0000,0.0000,0.0000,0.0000,0.0000,0.0000,0.0000
1789461196.2797,0.0000,0.0000,0.0000,0.0000,-0.0000,0.0000,0.0000,0.0000,0.0000,0.0000,0.0000,0.0000
1789461196.3296,0.0000,0.0000,0.0000,0.0000,-0.0000,0.0000,0.0000,0.0000,0.0000,0.0000,0.0000,0.0000
1789461196.3796,0.0000,0.0000,0.0000,0.0000,-0.0000,0.0000,0.0000,0.0000,0.0000,0.0000,0.0000,0.0000
1789461196.4295,0.0000,0.0000,0.0000,0.0000,-0.0000,0.0000,0.0000,0.0000,0.0000,0.0000,0.0000,0.0000
1789461196.4797,0.0000,0.0000,0.0000,0.0000,-0.0000,0.0000,0.0000,0.0000,0.0000,0.0000,0.0000,0.0000
1789461196.5295,0.0000,0.0000,0.0000,0.0000,-0.0000,0.0000,0.0000,0.0000,0.0000,0.0000,0.0000,0.0000
1789461196.5796,0.0000,0.0000,0.0000,0.0000,-0.0000,0.0000,0.0000,0.0000,0.0000,0.0000,0.0000,0.0000
1789461196.6294,0.0000,0.0000,0.0000,0.0000,-0.0000,0.0000,0.0000,0.0000,0.0000,0.0000,0.0000,0.0000
1789461196.6796,0.0000,0.0000,0.0000,0.0000,-0.0000,0.0000,0.0000,0.0000,0.0000,0.0000,0.0000,0.0000
1789461196.7296,0.0000,0.0000,0.0000,0.0000,-0.0000,0.0000,0.0000,0.0000,0.0000,0.0000,0.0000,0.0000
1789461196.7797,0.0000,0.0000,0.0000,0.0000,-0.0000,0.0000,0.0000,0.0000,0.0000,0.0000,0.0000,0.0000
1789461196.8296,0.0000,0.0000,0.0000,0.0000,-0.0000,0.0000,0.0000,0.0000,0.0000,0.0000,0.0000,0.0000
1789461196.8796,0.0000,0.0000,0.0000,0.0000,-0.0000,0.0000,0.0000,0.0000,0.0000,0.0000,0.0000,0.0000
1789461196.9295,0.0000,0.0000,0.0000,0.0000,-0.0000,0.0000,0.0000,0.0000,0.0000,0.0000,0.0000,0.0000
1789461196.9795,0.0000,0.0000,0.0000,0.0000,-0.0000,0.0000,0.0000,0.0000,0.0000,0.0000,0.0000,0.0000
1789461197.0295,0.0000,0.0000,0.0000,0.0000,-0.0000,0.0000,0.0000,0.0000,0.0000,0.0000,0.0000,0.0000
1789461197.0796,0.0000,0.0000,0.0000,0.0000,-0.0000,0.0000,0.0000,0.0000,0.0000,0.0000,0.0000,0.0000
1789461197.1296,0.0000,0.0000,0.0000,0.0000,-0.0000,0.0000,0.0000,0.0000,0.0000,0.0000,0.0000,0.0000
1789461197.1797,0.0000,0.0000,0.0000,0.0000,-0.0000,0.0000,0.0000,0.0000,0.0000,0.0000,0.0000,0.0000
1789461197.2296,0.0000,0.0000,0.0000,0.0000,-0.0000,0.0000,0.0000,0.0000,0.0000,0.0000,0.0000,0.0000
1789461197.2796,0.0000,0.0000,0.0000,0.0000,-0.0000,0.0000,0.0000,0.0000,0.0000,0.0000,0.0000,0.0000
1789461197.3295,0.0000,0.0000,0.0000,0.0000,-0.0000,0.0000,0.0000,0.0000,0.0000,0.0000,0.0000,0.0000
1789461197.3797,0.0000,0.0000,0.0000,0.0000,-0.0000,0.0000,0.0000,0.0000,0.0000,0.0000,0.0000,0.0000
1789461197.4296,0.0000,0.0000,0.0000,0.0000,-0.0000,0.0000,0.0000,0.0000,0.0000,0.0000,0.0000,0.0000
1789461197.4795,0.0000,0.0000,0.0000,0.0000,-0.0000,0.0000,0.0000,0.0000,0.0000,0.0000,0.0000,0.0000
1789461197.5296,0.0000,0.0000,0.0000,0.0000,-0.0000,0.0000,0.0000,0.0000,0.0000,0.0000,0.0000,0.0000
1789461197.5796,0.0000,0.0000,0.0000,0.0000,-0.0000,0.0000,0.0000,0.0000,0.0000,0.0000,0.0000,0.0000
1789461197.6295,0.0000,0.0000,0.0000,0.0000,-0.0000,0.0000,0.0000,0.0000,0.0000,0.0000,0.0000,0.0000
1789461197.6796,0.0000,0.0000,0.0000,0.0000,-0.0000,0.0000,0.0000,0.0000,0.0000,0.0000,0.0000,0.0000
1789461197.7296,0.0000,0.0000,0.0000,0.0000,-0.0000,0.0000,0.0000,0.0000,0.0000,0.0000,0.0000,0.0000
1789461197.7796,0.0000,0.0000,0.0000,0.0000,-0.0000,0.0000,0.0000,0.0000,0.0000,0.0000,0.0000,0.0000
1789461197.8295,0.0000,0.0000,0.0000,0.0000,-0.0000,0.0000,0.0000,0.0000,0.0000,0.0000,0.0000,0.0000
1789461197.8797,0.0000,0.0000,0.0000,0.0000,-0.0000,0.0000,0.0000,0.0000,0.0000,0.0000,0.0000,0.0000
1789461197.9295,0.0000,0.0000,0.0000,0.0000,-0.0000,0.0000,0.0000,0.0000,0.0000,0.0000,0.0000,0.0000
1789461197.9795,0.0000,0.0000,0.0000,0.0000,-0.0000,0.0000,0.0000,0.0000,0.0000,0.0000,0.0000,0.0000
1789461198.0295,0.0000,0.0000,0.0000,0.0000,-0.0000,0.0000,0.0000,0.0000,0.0000,0.0000,0.0000,0.0000
1789461198.0798,0.0000,0.0000,0.0000,0.0000,-0.0000,0.0000,0.0000,0.0000,0.0000,0.0000,0.0000,0.0000
1789461198.1295,0.0000,0.0000,0.0000,0.0000,-0.0000,0.0000,0.0000,0.0000,0.0000,0.0000,0.0000,0.0000
1789461198.1796,0.0000,0.0000,0.0000,0.0000,-0.0000,0.0000,0.0000,0.0000,0.0000,0.0000,0.0000,0.0000
1789461198.2296,0.0000,0.0000,0.0000,0.0000,-0.0000,0.0000,0.0000,0.0000,0.0000,0.0000,0.0000,0.0000
1789461198.2797,0.0000,0.0000,0.0000,0.0000,-0.0000,0.0000,0.0000,0.0000,0.0000,0.0000,0.0000,0.0000
1789461198.3296,0.0000,0.0000,0.0000,0.0000,-0.0000,0.0000,0.0000,0.0000,0.0000,0.0000,0.0000,0.0000
1789461198.3796,0.0000,0.0000,0.0000,0.0000,-0.0000,0.0000,0.0000,0.0000,0.0000,0.0000,0.0000,0.0000
1789461198.4295,0.0000,0.0000,0.0000,0.0000,-0.0000,0.0000,0.0000,0.0000,0.0000,0.0000,0.0000,0.0000
1789461198.4796,0.0000,0.0000,0.0000,0.0000,-0.0000,0.0000,0.0000,0.0000,0.0000,0.0000,0.0000,0.0000
1789461198.5296,0.0000,0.0000,0.0000,0.0000,-0.0000,0.0000,0.0000,0.0000,0.0000,0.0000,0.0000,0.0000
1789461198.5797,0.0000,0.0000,0.0000,0.0000,-0.0000,0.0000,0.0000,0.0000,0.0000,0.0000,0.0000,0.0000
1789461198.6296,0.0000,0.0000,0.0000,0.0000,-0.0000,0.0000,0.0000,0.0000,0.0000,0.0000,0.0000,0.0000
1789461198.6798,0.0000,0.0000,0.0000,0.0000,-0.0000,0.0000,0.0000,0.0000,0.0000,0.0000,0.0000,0.0000
1789461198.7296,0.0000,0.0000,0.0000,0.0000,-0.0000,0.0000,0.0000,0.0000,0.0000,0.0000,0.0000,0.0000
1789461198.7797,0.0000,0.0000,0.0000,0.0000,-0.0000,0.0000,0.0000,0.0000,0.0000,0.0000,0.0000,0.0000
1789461198.8296,0.0000,0.0000,0.0000,0.0000,-0.0000,0.0000,0.0000,0.0000,0.0000,0.0000,0.0000,0.0000
1789461198.8797,0.0000,0.0000,0.0000,0.0000,-0.0000,0.0000,0.0000,0.0000,0.0000,0.0000,0.0000,0.0000
1789461198.9295,0.0000,0.0000,0.0000,0.0000,-0.0000,0.0000,0.0000,0.0000,0.0000,0.0000,0.0000,0.0000
1789461198.9809,0.0000,0.0000,0.0000,0.0000,-0.0000,0.0000,0.0000,0.0000,0.0000,0.0000,0.0000,0.0000
1789461199.0296,0.0000,0.0000,0.0000,0.0000,-0.0000,0.0000,0.0000,0.0000,0.0000,0.0000,0.0000,0.0000
1789461199.0796,0.0000,0.0000,0.0000,0.0000,-0.0000,0.0000,0.0000,0.0000,0.0000,0.0000,0.0000,0.0000
1789461199.1296,0.0000,0.0000,0.0000,0.0000,-0.0000,0.0000,0.0000,0.0000,0.0000,0.0000,0.0000,0.0000
1789461199.1811,0.0000,0.0000,0.0000,0.0000,-0.0000,0.0000,0.0000,0.0000,0.0000,0.0000,0.0000,0.0000
1789461199.2296,0.0000,0.0000,0.0000,0.0000,-0.0000,0.0000,0.0000,0.0000,0.0000,0.0000,0.0000,0.0000
1789461199.2799,0.0000,0.0000,0.0000,0.0000,-0.0000,0.0000,0.0000,0.0000,0.0000,0.0000,0.0000,0.0000
1789461199.3298,0.0000,0.0000,0.0000,0.0000,-0.0000,0.0000,0.0000,0.0000,0.0000,0.0000,0.0000,0.0000
1789461199.3798,0.0000,0.0000,0.0000,0.0000,-0.0000,0.0000,0.0000,0.0000,0.0000,0.0000,0.0000,0.0000
1789461199.4295,0.0000,0.0000,0.0000,0.0000,-0.0000,0.0000,0.0000,0.0000,0.0000,0.0000,0.0000,0.0000
1789461199.4797,0.0000,0.0000,0.0000,0.0000,-0.0000,0.0000,0.0000,0.0000,0.0000,0.0000,0.0000,0.0000
1789461199.5296,0.0000,0.0000,0.0000,0.0000,-0.0000,0.0000,0.0000,0.0000,0.0000,0.0000,0.0000,0.0000
1789461199.5797,0.0000,0.0000,0.0000,0.0000,-0.0000,0.0000,0.0000,0.0000,0.0000,0.0000,0.0000,0.0000
1789461199.6297,0.0000,0.0000,0.0000,0.0000,-0.0000,0.0000,0.0000,0.0000,0.0000,0.0000,0.0000,0.0000
1789461199.6796,0.0000,0.0000,0.0000,0.0000,-0.0000,0.0000,0.0000,0.0000,0.0000,0.0000,0.0000,0.0000
1789461199.7295,0.0000,0.0000,0.0000,0.0000,-0.0000,0.0000,0.0000,0.0000,0.0000,0.0000,0.0000,0.0000
1789461199.7798,0.0000,0.0000,0.0000,0.0000,-0.0000,0.0000,0.0000,0.0000,0.0000,0.0000,0.0000,0.0000
1789461199.8297,0.0000,0.0000,0.0000,0.0000,-0.0000,0.0000,0.0000,0.0000,0.0000,0.0000,0.0000,0.0000
1789461199.8797,0.0000,0.0000,0.0000,0.0000,-0.0000,0.0000,0.0000,0.0000,0.0000,0.0000,0.0000,0.0000
1789461199.9296,0.0000,0.0000,0.0000,0.0000,-0.0000,0.0000,0.0000,0.0000,0.0000,0.0000,0.0000,0.0000
1789461199.9797,0.0000,0.0000,0.0000,0.0000,-0.0000,0.0000,0.0000,0.0000,0.0000,0.0000,0.0000,0.0000
1789461200.0299,0.0000,0.0000,0.0000,0.0000,-0.0000,0.0000,0.0000,0.0000,0.0000,0.0000,0.0000,0.0000
1789461200.0797,0.0000,0.0000,0.0000,0.0000,-0.0000,0.0000,0.0000,0.0000,0.0000,0.0000,0.0000,0.0000
1789461200.1301,0.0000,0.0000,0.0000,0.0000,-0.0000,0.0000,0.0000,0.0000,0.0000,0.0000,0.0000,0.0000
1789461200.1797,0.0000,0.0000,0.0000,0.0000,-0.0000,0.0000,0.0000,0.0000,0.0000,0.0000,0.0000,0.0000
1789461200.2296,0.0000,0.0000,0.0000,0.0000,-0.0000,0.0000,0.0000,0.0000,0.0000,0.0000,0.0000,0.0000
1789461200.2797,0.0000,0.0000,0.0000,0.0000,-0.0000,0.0000,0.0000,0.0000,0.0000,0.0000,0.0000,0.0000
1789461200.3297,0.0000,0.0000,0.0000,0.0000,-0.0000,0.0000,0.0000,0.0000,0.0000,0.0000,0.0000,0.0000
1789461200.3801,0.0000,0.0000,0.0000,0.0000,-0.0000,0.0000,0.0000,0.0000,0.0000,0.0000,0.0000,0.0000
1789461200.4295,0.0000,0.0000,0.0000,0.0000,-0.0000,0.0000,0.0000,0.0000,0.0000,0.0000,0.0000,0.0000
1789461200.4798,0.0000,0.0000,0.0000,0.0000,-0.0000,0.0000,0.0000,0.0000,0.0000,0.0000,0.0000,0.0000
1789461200.5297,0.0000,0.0000,0.0000,0.0000,-0.0000,0.0000,0.0000,0.0000,0.0000,0.0000,0.0000,0.0000
1789461200.5797,0.0000,0.0000,0.0000,0.0000,-0.0000,0.0000,0.0000,0.0000,0.0000,0.0000,0.0000,0.0000
1789461200.6296,0.0000,0.0000,0.0000,0.0000,-0.0000,0.0000,0.0000,0.0000,0.0000,0.0000,0.0000,0.0000
1789461200.6798,0.0000,0.0000,0.0000,0.0000,-0.0000,0.0000,0.0000,0.0000,0.0000,0.0000,0.0000,0.0000
1789461200.7300,0.0000,0.0000,0.0000,0.0000,-0.0000,0.0000,0.0000,0.0000,0.0000,0.0000,0.0000,0.0000
1789461200.7798,0.0000,0.0000,0.0000,0.0000,-0.0000,0.0000,0.0000,0.0000,0.0000,0.0000,0.0000,0.0000
1789461200.8296,0.0000,0.0000,0.0000,0.0000,-0.0000,0.0000,0.0000,0.0000,0.0000,0.0000,0.0000,0.0000
1789461200.8797,0.0000,0.0000,0.0000,0.0000,-0.0000,0.0000,0.0000,0.0000,0.0000,0.0000,0.0000,0.0000
1789461200.9296,0.0000,0.0000,0.0000,0.0000,-0.0000,0.0000,0.0000,0.0000,0.0000,0.0000,0.0000,0.0000
1789461200.9798,0.0000,0.0000,0.0000,0.0000,-0.0000,0.0000,0.0000,0.0000,0.0000,0.0000,0.0000,0.0000
1789461201.0296,0.0000,0.0000,0.0000,0.0000,-0.0000,0.0000,0.0000,0.0000,0.0000,0.0000,0.0000,0.0000
1789461201.0798,0.0000,0.0000,0.0000,0.0000,-0.0000,0.0000,0.0000,0.0000,0.0000,0.0000,0.0000,0.0000
1789461201.1297,0.0000,0.0000,0.0000,0.0000,-0.0000,0.0000,0.0000,0.0000,0.0000,0.0000,0.0000,0.0000
1789461201.1798,0.0000,0.0000,0.0000,0.0000,-0.0000,0.0000,0.0000,0.0000,0.0000,0.0000,0.0000,0.0000
1789461201.2296,0.0000,0.0000,0.0000,0.0000,-0.0000,0.0000,0.0000,0.0000,0.0000,0.0000,0.0000,0.0000
1789461201.2799,0.0000,0.0000,0.0000,0.0000,-0.0000,0.0000,0.0000,0.0000,0.0000,0.0000,0.0000,0.0000
1789461201.3296,0.0000,0.0000,0.0000,0.0000,-0.0000,0.0000,0.0000,0.0000,0.0000,0.0000,0.0000,0.0000
1789461201.3797,0.0000,0.0000,0.0000,0.0000,-0.0000,0.0000,0.0000,0.0000,0.0000,0.0000,0.0000,0.0000
1789461201.4297,0.0000,0.0000,0.0000,0.0000,-0.0000,0.0000,0.0000,0.0000,0.0000,0.0000,0.0000,0.0000
1789461201.4797,0.0000,0.0000,0.0000,0.0000,-0.0000,0.0000,0.0000,0.0000,0.0000,0.0000,0.0000,0.0000
1789461201.5296,0.0000,0.0000,0.0000,0.0000,-0.0000,0.0000,0.0000,0.0000,0.0000,0.0000,0.0000,0.0000
1789461201.5798,0.0000,0.0000,0.0000,0.0000,-0.0000,0.0000,0.0000,0.0000,0.0000,0.0000,0.0000,0.0000
1789461201.6298,0.0000,0.0000,0.0000,0.0000,-0.0000,0.0000,0.0000,0.0000,0.0000,0.0000,0.0000,0.0000
1789461201.6797,0.0000,0.0000,0.0000,0.0000,-0.0000,0.0000,0.0000,0.0000,0.0000,0.0000,0.0000,0.0000
1789461201.7296,0.0000,0.0000,0.0000,0.0000,-0.0000,0.0000,0.0000,0.0000,0.0000,0.0000,0.0000,0.0000
1789461201.7811,0.0000,0.0000,0.0000,0.0000,-0.0000,0.0000,0.0000,0.0000,0.0000,0.0000,0.0000,0.0000
1789461201.8295,0.0000,0.0000,0.0000,0.0000,-0.0000,0.0000,0.0000,0.0000,0.0000,0.0000,0.0000,0.0000
1789461201.8798,0.0000,0.0000,0.0000,0.0000,-0.0000,0.0000,0.0000,0.0000,0.0000,0.0000,0.0000,0.0000
1789461201.9297,0.0000,0.0000,0.0000,0.0000,-0.0000,0.0000,0.0000,0.0000,0.0000,0.0000,0.0000,0.0000
1789461201.9797,0.0000,0.0000,0.0000,0.0000,-0.0000,0.0000,0.0000,0.0000,0.0000,0.0000,0.0000,0.0000
1789461202.0297,0.0000,0.0000,0.0000,0.0000,-0.0000,0.0000,0.0000,0.0000,0.0000,0.0000,0.0000,0.0000
1789461202.0798,0.0000,0.0000,0.0000,0.0000,-0.0000,0.0000,0.0000,0.0000,0.0000,0.0000,0.0000,0.0000
1789461202.1302,0.0000,0.0000,0.0000,0.0000,-0.0000,0.0000,0.0000,0.0000,0.0000,0.0000,0.0000,0.0000
1789461202.1798,0.0000,0.0000,0.0000,0.0000,-0.0000,0.0000,0.0000,0.0000,0.0000,0.0000,0.0000,0.0000
1789461202.2297,0.0000,0.0000,0.0000,0.0000,-0.0000,0.0000,0.0000,0.0000,0.0000,0.0000,0.0000,0.0000
1789461202.2797,0.0000,0.0000,0.0000,0.0000,-0.0000,0.0000,0.0000,0.0000,0.0000,0.0000,0.0000,0.0000
1789461202.3297,0.0000,0.0000,0.0000,0.0000,-0.0000,0.0000,0.0000,0.0000,0.0000,0.0000,0.0000,0.0000
1789461202.3797,0.0000,0.0000,0.0000,0.0000,-0.0000,0.0000,0.0000,0.0000,0.0000,0.0000,0.0000,0.0000
1789461202.4297,0.0000,0.0000,0.0000,0.0000,-0.0000,0.0000,0.0000,0.0000,0.0000,0.0000,0.0000,0.0000
1789461202.4798,0.0000,0.0000,0.0000,0.0000,-0.0000,0.0000,0.0000,0.0000,0.0000,0.0000,0.0000,0.0000
1789461202.5296,0.0000,0.0000,0.0000,0.0000,-0.0000,0.0000,0.0000,0.0000,0.0000,0.0000,0.0000,0.0000
1789461202.5799,0.0000,0.0000,0.0000,0.0000,-0.0000,0.0000,0.0000,0.0000,0.0000,0.0000,0.0000,0.0000
1789461202.6298,0.0000,0.0000,0.0000,0.0000,-0.0000,0.0000,0.0000,0.0000,0.0000,0.0000,0.0000,0.0000
1789461202.6798,0.0000,0.0000,0.0000,0.0000,-0.0000,0.0000,0.0000,0.0000,0.0000,0.0000,0.0000,0.0000
1789461202.7297,0.0000,0.0000,0.0000,0.0000,-0.0000,0.0000,0.0000,0.0000,0.0000,0.0000,0.0000,0.0000
1789461202.7798,0.0000,0.0000,0.0000,0.0000,-0.0000,0.0000,0.0000,0.0000,0.0000,0.0000,0.0000,0.0000
1789461202.8297,0.0000,0.0000,0.0000,0.0000,-0.0000,0.0000,0.0000,0.0000,0.0000,0.0000,0.0000,0.0000
1789461202.8798,0.0000,0.0000,0.0000,0.0000,-0.0000,0.0000,0.0000,0.0000,0.0000,0.0000,0.0000,0.0000
1789461202.9297,0.0000,0.0000,0.0000,0.0000,-0.0000,0.0000,0.0000,0.0000,0.0000,0.0000,0.0000,0.0000
1789461202.9797,0.0000,0.0000,0.0000,0.0000,-0.0000,0.0000,0.0000,0.0000,0.0000,0.0000,0.0000,0.0000
1789461203.0297,0.0000,0.0000,0.0000,0.0000,-0.0000,0.0000,0.0000,0.0000,0.0000,0.0000,0.0000,0.0000
1789461203.0798,0.0000,0.0000,0.0000,0.0000,-0.0000,0.0000,0.0000,0.0000,0.0000,0.0000,0.0000,0.0000
1789461203.1298,0.0000,0.0000,0.0000,0.0000,-0.0000,0.0000,0.0000,0.0000,0.0000,0.0000,0.0000,0.0000
1789461203.1798,0.0000,0.0000,0.0000,0.0000,-0.0000,0.0000,0.0000,0.0000,0.0000,0.0000,0.0000,0.0000
1789461203.2297,0.0000,0.0000,0.0000,0.0000,-0.0000,0.0000,0.0000,0.0000,0.0000,0.0000,0.0000,0.0000
1789461203.2797,0.0000,0.0000,0.0000,0.0000,-0.0000,0.0000,0.0000,0.0000,0.0000,0.0000,0.0000,0.0000
1789461203.3297,0.0000,0.0000,0.0000,0.0000,-0.0000,0.0000,0.0000,0.0000,0.0000,0.0000,0.0000,0.0000
1789461203.3799,0.0000,0.0000,0.0000,0.0000,-0.0000,0.0000,0.0000,0.0000,0.0000,0.0000,0.0000,0.0000
1789461203.4297,0.0000,0.0000,0.0000,0.0000,-0.0000,0.0000,0.0000,0.0000,0.0000,0.0000,0.0000,0.0000
1789461203.4797,0.0000,0.0000,0.0000,0.0000,-0.0000,0.0000,0.0000,0.0000,0.0000,0.0000,0.0000,0.0000
1789461203.5298,0.0000,0.0000,0.0000,0.0000,-0.0000,0.0000,0.0000,0.0000,0.0000,0.0000,0.0000,0.0000
1789461203.5799,0.0000,0.0000,0.0000,0.0000,-0.0000,0.0000,0.0000,0.0000,0.0000,0.0000,0.0000,0.0000
1789461203.6296,0.0000,0.0000,0.0000,0.0000,-0.0000,0.0000,0.0000,0.0000,0.0000,0.0000,0.0000,0.0000
1789461203.6798,0.0000,0.0000,0.0000,0.0000,-0.0000,0.0000,0.0000,0.0000,0.0000,0.0000,0.0000,0.0000
1789461203.7297,0.0000,0.0000,0.0000,0.0000,-0.0000,0.0000,0.0000,0.0000,0.0000,0.0000,0.0000,0.0000
1789461203.7799,0.0000,0.0000,0.0000,0.0000,-0.0000,0.0000,0.0000,0.0000,0.0000,0.0000,0.0000,0.0000
1789461203.8296,0.0000,0.0000,0.0000,0.0000,-0.0000,0.0000,0.0000,0.0000,0.0000,0.0000,0.0000,0.0000
1789461203.8798,0.0000,0.0000,0.0000,0.0000,-0.0000,0.0000,0.0000,0.0000,0.0000,0.0000,0.0000,0.0000
1789461203.9298,0.0000,0.0000,0.0000,0.0000,-0.0000,0.0000,0.0000,0.0000,0.0000,0.0000,0.0000,0.0000
1789461203.9798,0.0000,0.0000,0.0000,0.0000,-0.0000,0.0000,0.0000,0.0000,0.0000,0.0000,0.0000,0.0000
1789461204.0297,0.0000,0.0000,0.0000,0.0000,-0.0000,0.0000,0.0000,0.0000,0.0000,0.0000,0.0000,0.0000
1789461204.0799,0.0000,0.0000,0.0000,0.0000,-0.0000,0.0000,0.0000,0.0000,0.0000,0.0000,0.0000,0.0000
1789461204.1298,0.0000,0.0000,0.0000,0.0000,-0.0000,0.0000,0.0000,0.0000,0.0000,0.0000,0.0000,0.0000
1789461204.1798,0.0000,0.0000,0.0000,0.0000,-0.0000,0.0000,0.0000,0.0000,0.0000,0.0000,0.0000,0.0000
1789461204.2301,0.0000,0.0000,0.0000,0.0000,-0.0000,0.0000,0.0000,0.0000,0.0000,0.0000,0.0000,0.0000
1789461204.2799,0.0000,0.0000,0.0000,0.0000,-0.0000,0.0000,0.0000,0.0000,0.0000,0.0000,0.0000,0.0000
1789461204.3298,0.0000,0.0000,0.0000,0.0000,-0.0000,0.0000,0.0000,0.0000,0.0000,0.0000,0.0000,0.0000
1789461204.3798,0.0000,0.0000,0.0000,0.0000,-0.0000,0.0000,0.0000,0.0000,0.0000,0.0000,0.0000,0.0000
1789461204.4296,0.0000,0.0000,0.0000,0.0000,-0.0000,0.0000,0.0000,0.0000,0.0000,0.0000,0.0000,0.0000
1789461204.4799,0.0000,0.0000,0.0000,0.0000,-0.0000,0.0000,0.0000,0.0000,0.0000,0.0000,0.0000,0.0000
1789461204.5297,0.0000,0.0000,0.0000,0.0000,-0.0000,0.0000,0.0000,0.0000,0.0000,0.0000,0.0000,0.0000
1789461204.5802,0.0000,0.0000,0.0000,0.0000,-0.0000,0.0000,0.0000,0.0000,0.0000,0.0000,0.0000,0.0000
1789461204.6298,0.0000,0.0000,0.0000,0.0000,-0.0000,0.0000,0.0000,0.0000,0.0000,0.0000,0.0000,0.0000
1789461204.6797,0.0000,0.0000,0.0000,0.0000,-0.0000,0.0000,0.0000,0.0000,0.0000,0.0000,0.0000,0.0000
1789461204.7297,0.0000,0.0000,0.0000,0.0000,-0.0000,0.0000,0.0000,0.0000,0.0000,0.0000,0.0000,0.0000
1789461204.7799,0.0000,0.0000,0.0000,0.0000,-0.0000,0.0000,0.0000,0.0000,0.0000,0.0000,0.0000,0.0000
1789461204.8297,0.0000,0.0000,0.0000,0.0000,-0.0000,0.0000,0.0000,0.0000,0.0000,0.0000,0.0000,0.0000
1789461204.8798,0.0000,0.0000,0.0000,0.0000,-0.0000,0.0000,0.0000,0.0000,0.0000,0.0000,0.0000,0.0000
1789461204.9298,0.0000,0.0000,0.0000,0.0000,-0.0000,0.0000,0.0000,0.0000,0.0000,0.0000,0.0000,0.0000
1789461204.9798,0.0000,0.0000,0.0000,0.0000,-0.0000,0.0000,0.0000,0.0000,0.0000,0.0000,0.0000,0.0000
1789461205.0296,0.0000,0.0000,0.0000,0.0000,-0.0000,0.0000,0.0000,0.0000,0.0000,0.0000,0.0000,0.0000
1789461205.0799,0.0000,0.0000,0.0000,0.0000,-0.0000,0.0000,0.0000,0.0000,0.0000,0.0000,0.0000,0.0000
1789461205.1298,0.0000,0.0000,0.0000,0.0000,-0.0000,0.0000,0.0000,0.0000,0.0000,0.0000,0.0000,0.0000
1789461205.1798,0.0000,0.0000,0.0000,0.0000,-0.0000,0.0000,0.0000,0.0000,0.0000,0.0000,0.0000,0.0000
1789461205.2298,0.0000,0.0000,0.0000,0.0000,-0.0000,0.0000,0.0000,0.0000,0.0000,0.0000,0.0000,0.0000
1789461205.2799,0.0000,0.0000,0.0000,0.0000,-0.0000,0.0000,0.0000,0.0000,0.0000,0.0000,0.0000,0.0000
1789461205.3298,0.0000,0.0000,0.0000,0.0000,-0.0000,0.0000,0.0000,0.0000,0.0000,0.0000,0.0000,0.0000
1789461205.3798,0.0000,0.0000,0.0000,0.0000,-0.0000,0.0000,0.0000,0.0000,0.0000,0.0000,0.0000,0.0000
1789461205.4298,0.0000,0.0000,0.0000,0.0000,-0.0000,0.0000,0.0000,0.0000,0.0000,0.0000,0.0000,0.0000
1789461205.4798,0.0000,0.0000,0.0000,0.0000,-0.0000,0.0000,0.0000,0.0000,0.0000,0.0000,0.0000,0.0000
1789461205.5297,0.0000,0.0000,0.0000,0.0000,-0.0000,0.0000,0.0000,0.0000,0.0000,0.0000,0.0000,0.0000
1789461205.5799,0.0000,0.0000,0.0000,0.0000,-0.0000,0.0000,0.0000,0.0000,0.0000,0.0000,0.0000,0.0000
1789461205.6299,0.0000,0.0000,0.0000,0.0000,-0.0000,0.0000,0.0000,0.0000,0.0000,0.0000,0.0000,0.0000
1789461205.6798,0.0000,0.0000,0.0000,0.0000,-0.0000,0.0000,0.0000,0.0000,0.0000,0.0000,0.0000,0.0000
1789461205.7296,0.0000,0.0000,0.0000,0.0000,-0.0000,0.0000,0.0000,0.0000,0.0000,0.0000,0.0000,0.0000
1789461205.7799,0.0000,0.0000,0.0000,0.0000,-0.0000,0.0000,0.0000,0.0000,0.0000,0.0000,0.0000,0.0000
1789461205.8298,0.0000,0.0000,0.0000,0.0000,-0.0000,0.0000,0.0000,0.0000,0.0000,0.0000,0.0000,0.0000
1789461205.8797,0.0000,0.0000,0.0000,0.0000,-0.0000,0.0000,0.0000,0.0000,0.0000,0.0000,0.0000,0.0000
1789461205.9298,0.0000,0.0000,0.0000,0.0000,-0.0000,0.0000,0.0000,0.0000,0.0000,0.0000,0.0000,0.0000
1789461205.9798,0.0000,0.0000,0.0000,0.0000,-0.0000,0.0000,0.0000,0.0000,0.0000,0.0000,0.0000,0.0000
1789461206.0297,0.0000,0.0000,0.0000,0.0000,-0.0000,0.0000,0.0000,0.0000,0.0000,0.0000,0.0000,0.0000
1789461206.0799,0.0000,0.0000,0.0000,0.0000,-0.0000,0.0000,0.0000,0.0000,0.0000,0.0000,0.0000,0.0000
1789461206.1298,0.0000,0.0000,0.0000,0.0000,-0.0000,0.0000,0.0000,0.0000,0.0000,0.0000,0.0000,0.0000
1789461206.1798,0.0000,0.0000,0.0000,0.0000,-0.0000,0.0000,0.0000,0.0000,0.0000,0.0000,0.0000,0.0000
1789461206.2298,0.0000,0.0000,0.0000,0.0000,-0.0000,0.0000,0.0000,0.0000,0.0000,0.0000,0.0000,0.0000
1789461206.2799,0.0000,0.0000,0.0000,0.0000,-0.0000,0.0000,0.0000,0.0000,0.0000,0.0000,0.0000,0.0000
1789461206.3302,0.0000,0.0000,0.0000,0.0000,-0.0000,0.0000,0.0000,0.0000,0.0000,0.0000,0.0000,0.0000
1789461206.3798,0.0000,0.0000,0.0000,0.0000,-0.0000,0.0000,0.0000,0.0000,0.0000,0.0000,0.0000,0.0000
1789461206.4297,0.0000,0.0000,0.0000,0.0000,-0.0000,0.0000,0.0000,0.0000,0.0000,0.0000,0.0000,0.0000
1789461206.4799,0.0000,0.0000,0.0000,0.0000,-0.0000,0.0000,0.0000,0.0000,0.0000,0.0000,0.0000,0.0000
1789461206.5298,0.0000,0.0000,0.0000,0.0000,-0.0000,0.0000,0.0000,0.0000,0.0000,0.0000,0.0000,0.0000
1789461206.5798,0.0000,0.0000,0.0000,0.0000,-0.0000,0.0000,0.0000,0.0000,0.0000,0.0000,0.0000,0.0000
1789461206.6298,0.0000,0.0000,0.0000,0.0000,-0.0000,0.0000,0.0000,0.0000,0.0000,0.0000,0.0000,0.0000
1789461206.6799,0.0000,0.0000,0.0000,0.0000,-0.0000,0.0000,0.0000,0.0000,0.0000,0.0000,0.0000,0.0000
1789461206.7298,0.0000,0.0000,0.0000,0.0000,-0.0000,0.0000,0.0000,0.0000,0.0000,0.0000,0.0000,0.0000
1789461206.7799,0.0000,0.0000,0.0000,0.0000,-0.0000,0.0000,0.0000,0.0000,0.0000,0.0000,0.0000,0.0000
1789461206.8299,0.0000,0.0000,0.0000,0.0000,-0.0000,0.0000,0.0000,0.0000,0.0000,0.0000,0.0000,0.0000
1789461206.8799,0.0000,0.0000,0.0000,0.0000,-0.0000,0.0000,0.0000,0.0000,0.0000,0.0000,0.0000,0.0000
1789461206.9297,0.0000,0.0000,0.0000,0.0000,-0.0000,0.0000,0.0000,0.0000,0.0000,0.0000,0.0000,0.0000
1789461206.9799,0.0000,0.0000,0.0000,0.0000,-0.0000,0.0000,0.0000,0.0000,0.0000,0.0000,0.0000,0.0000
1789461207.0299,0.0000,0.0000,0.0000,0.0000,-0.0000,0.0000,0.0000,0.0000,0.0000,0.0000,0.0000,0.0000
1789461207.0800,0.0000,0.0000,0.0000,0.0000,-0.0000,0.0000,0.0000,0.0000,0.0000,0.0000,0.0000,0.0000
1789461207.1298,0.0000,0.0000,0.0000,0.0000,-0.0000,0.0000,0.0000,0.0000,0.0000,0.0000,0.0000,0.0000
1789461207.1799,0.0000,0.0000,0.0000,0.0000,-0.0000,0.0000,0.0000,0.0000,0.0000,0.0000,0.0000,0.0000
1789461207.2300,0.0000,0.0000,0.0000,0.0000,-0.0000,0.0000,0.0000,0.0000,0.0000,0.0000,0.0000,0.0000
1789461207.2799,0.0000,0.0000,0.0000,0.0000,-0.0000,0.0000,0.0000,0.0000,0.0000,0.0000,0.0000,0.0000
1789461207.3298,0.0000,0.0000,0.0000,0.0000,-0.0000,0.0000,0.0000,0.0000,0.0000,0.0000,0.0000,0.0000
1789461207.3798,0.0000,0.0000,0.0000,0.0000,-0.0000,0.0000,0.0000,0.0000,0.0000,0.0000,0.0000,0.0000
1789461207.4298,0.0000,0.0000,0.0000,0.0000,-0.0000,0.0000,0.0000,0.0000,0.0000,0.0000,0.0000,0.0000
1789461207.4799,0.0000,0.0000,0.0000,0.0000,-0.0000,0.0000,0.0000,0.0000,0.0000,0.0000,0.0000,0.0000
1789461207.5298,0.0000,0.0000,0.0000,0.0000,-0.0000,0.0000,0.0000,0.0000,0.0000,0.0000,0.0000,0.0000
1789461207.5800,0.0000,0.0000,0.0000,0.0000,-0.0000,0.0000,0.0000,0.0000,0.0000,0.0000,0.0000,0.0000
1789461207.6299,0.0000,0.0000,0.0000,0.0000,-0.0000,0.0000,0.0000,0.0000,0.0000,0.0000,0.0000,0.0000
1789461207.6798,0.0000,0.0000,0.0000,0.0000,-0.0000,0.0000,0.0000,0.0000,0.0000,0.0000,0.0000,0.0000
1789461207.7299,0.0000,0.0000,0.0000,0.0000,-0.0000,0.0000,0.0000,0.0000,0.0000,0.0000,0.0000,0.0000
1789461207.7799,0.0000,0.0000,0.0000,0.0000,-0.0000,0.0000,0.0000,0.0000,0.0000,0.0000,0.0000,0.0000
1789461207.8297,0.0000,0.0000,0.0000,0.0000,-0.0000,0.0000,0.0000,0.0000,0.0000,0.0000,0.0000,0.0000
1789461207.8800,0.0000,0.0000,0.0000,0.0000,-0.0000,0.0000,0.0000,0.0000,0.0000,0.0000,0.0000,0.0000
1789461207.9298,0.0000,0.0000,0.0000,0.0000,-0.0000,0.0000,0.0000,0.0000,0.0000,0.0000,0.0000,0.0000
1789461207.9798,0.0000,0.0000,0.0000,0.0000,-0.0000,0.0000,0.0000,0.0000,0.0000,0.0000,0.0000,0.0000
1789461208.0299,0.0000,0.0000,0.0000,0.0000,-0.0000,0.0000,0.0000,0.0000,0.0000,0.0000,0.0000,0.0000
1789461208.0807,0.0000,0.0000,0.0000,0.0000,-0.0000,0.0000,0.0000,0.0000,0.0000,0.0000,0.0000,0.0000
1789461208.1298,0.0000,0.0000,0.0000,0.0000,-0.0000,0.0000,0.0000,0.0000,0.0000,0.0000,0.0000,0.0000
1789461208.1800,0.0000,0.0000,0.0000,0.0000,-0.0000,0.0000,0.0000,0.0000,0.0000,0.0000,0.0000,0.0000
1789461208.2298,0.0000,0.0000,0.0000,0.0000,-0.0000,0.0000,0.0000,0.0000,0.0000,0.0000,0.0000,0.0000
1789461208.2799,0.0000,0.0000,0.0000,0.0000,-0.0000,0.0000,0.0000,0.0000,0.0000,0.0000,0.0000,0.0000
1789461208.3298,0.0000,0.0000,0.0000,0.0000,-0.0000,0.0000,0.0000,0.0000,0.0000,0.0000,0.0000,0.0000
1789461208.3799,0.0000,0.0000,0.0000,0.0000,-0.0000,0.0000,0.0000,0.0000,0.0000,0.0000,0.0000,0.0000
1789461208.4297,0.0000,0.0000,0.0000,0.0000,-0.0000,0.0000,0.0000,0.0000,0.0000,0.0000,0.0000,0.0000
1789461208.4799,0.0000,0.0000,0.0000,0.0000,-0.0000,0.0000,0.0000,0.0000,0.0000,0.0000,0.0000,0.0000
1789461208.5298,0.0000,0.0000,0.0000,0.0000,-0.0000,0.0000,0.0000,0.0000,0.0000,0.0000,0.0000,0.0000
1789461208.5799,0.0000,0.0000,0.0000,0.0000,-0.0000,0.0000,0.0000,0.0000,0.0000,0.0000,0.0000,0.0000
1789461208.6298,0.0000,0.0000,0.0000,0.0000,-0.0000,0.0000,0.0000,0.0000,0.0000,0.0000,0.0000,0.0000
1789461208.6800,0.0000,0.0000,0.0000,0.0000,-0.0000,0.0000,0.0000,0.0000,0.0000,0.0000,0.0000,0.0000
1789461208.7298,0.0000,0.0000,0.0000,0.0000,-0.0000,0.0000,0.0000,0.0000,0.0000,0.0000,0.0000,0.0000
1789461208.7798,0.0000,0.0000,0.0000,0.0000,-0.0000,0.0000,0.0000,0.0000,0.0000,0.0000,0.0000,0.0000
1789461208.8299,0.0000,0.0000,0.0000,0.0000,-0.0000,0.0000,0.0000,0.0000,0.0000,0.0000,0.0000,0.0000
1789461208.8795,0.0000,0.0000,0.0000,0.0000,-0.0000,0.0000,0.0000,0.0000,0.0000,0.0000,0.0000,0.0000
1789461208.9299,0.0000,0.0000,0.0000,0.0000,-0.0000,0.0000,0.0000,0.0000,0.0000,0.0000,0.0000,0.0000
1789461208.9800,0.0000,0.0000,0.0000,0.0000,-0.0000,0.0000,0.0000,0.0000,0.0000,0.0000,0.0000,0.0000
1789461209.0299,0.0000,0.0000,0.0000,0.0000,-0.0000,0.0000,0.0000,0.0000,0.0000,0.0000,0.0000,0.0000
1789461209.0800,0.0000,0.0000,0.0000,0.0000,-0.0000,0.0000,0.0000,0.0000,0.0000,0.0000,0.0000,0.0000
1789461209.1300,0.0000,0.0000,0.0000,0.0000,-0.0000,0.0000,0.0000,0.0000,0.0000,0.0000,0.0000,0.0000
1789461209.1799,0.0000,0.0000,0.0000,0.0000,-0.0000,0.0000,0.0000,0.0000,0.0000,0.0000,0.0000,0.0000
1789461209.2298,0.0000,0.0000,0.0000,0.0000,-0.0000,0.0000,0.0000,0.0000,0.0000,0.0000,0.0000,0.0000
1789461209.2800,0.0000,0.0000,0.0000,0.0000,-0.0000,0.0000,0.0000,0.0000,0.0000,0.0000,0.0000,0.0000
1789461209.3299,0.0000,0.0000,0.0000,0.0000,-0.0000,0.0000,0.0000,0.0000,0.0000,0.0000,0.0000,0.0000
1789461209.3799,0.0000,0.0000,0.0000,0.0000,-0.0000,0.0000,0.0000,0.0000,0.0000,0.0000,0.0000,0.0000
1789461209.4299,0.0000,0.0000,0.0000,0.0000,-0.0000,0.0000,0.0000,0.0000,0.0000,0.0000,0.0000,0.0000
1789461209.4799,0.0000,0.0000,0.0000,0.0000,-0.0000,0.0000,0.0000,0.0000,0.0000,0.0000,0.0000,0.0000
1789461209.5298,0.0000,0.0000,0.0000,0.0000,-0.0000,0.0000,0.0000,0.0000,0.0000,0.0000,0.0000,0.0000
1789461209.5799,0.0000,0.0000,0.0000,0.0000,-0.0000,0.0000,0.0000,0.0000,0.0000,0.0000,0.0000,0.0000
1789461209.6300,0.0000,0.0000,0.0000,0.0000,-0.0000,0.0000,0.0000,0.0000,0.0000,0.0000,0.0000,0.0000
1789461209.6799,0.0000,0.0000,0.0000,0.0000,-0.0000,0.0000,0.0000,0.0000,0.0000,0.0000,0.0000,0.0000
1789461209.7299,0.0000,0.0000,0.0000,0.0000,-0.0000,0.0000,0.0000,0.0000,0.0000,0.0000,0.0000,0.0000
1789461209.7800,0.0000,0.0000,0.0000,0.0000,-0.0000,0.0000,0.0000,0.0000,0.0000,0.0000,0.0000,0.0000
1789461209.8299,0.0000,0.0000,0.0000,0.0000,-0.0000,0.0000,0.0000,0.0000,0.0000,0.0000,0.0000,0.0000
1789461209.8799,0.0000,0.0000,0.0000,0.0000,-0.0000,0.0000,0.0000,0.0000,0.0000,0.0000,0.0000,0.0000
1789461209.9299,0.0000,0.0000,0.0000,0.0000,-0.0000,0.0000,0.0000,0.0000,0.0000,0.0000,0.0000,0.0000
1789461209.9800,0.0000,0.0000,0.0000,0.0000,-0.0000,0.0000,0.0000,0.0000,0.0000,0.0000,0.0000,0.0000
1789461210.0299,0.0000,0.0000,0.0000,0.0000,-0.0000,0.0000,0.0000,0.0000,0.0000,0.0000,0.0000,0.0000
1789461210.0801,0.0000,0.0000,0.0000,0.0000,-0.0000,0.0000,0.0000,0.0000,0.0000,0.0000,0.0000,0.0000
1789461210.1300,0.0000,0.0000,0.0000,0.0000,-0.0000,0.0000,0.0000,0.0000,0.0000,0.0000,0.0000,0.0000
1789461210.1799,0.0000,0.0000,0.0000,0.0000,-0.0000,0.0000,0.0000,0.0000,0.0000,0.0000,0.0000,0.0000
1789461210.2299,0.0000,0.0000,0.0000,0.0000,-0.0000,0.0000,0.0000,0.0000,0.0000,0.0000,0.0000,0.0000
1789461210.2802,0.0000,0.0000,0.0000,0.0000,-0.0000,0.0000,0.0000,0.0000,0.0000,0.0000,0.0000,0.0000
1789461210.3299,0.0000,0.0000,0.0000,0.0000,-0.0000,0.0000,0.0000,0.0000,0.0000,0.0000,0.0000,0.0000
1789461210.3800,0.0000,0.0000,0.0000,0.0000,-0.0000,0.0000,0.0000,0.0000,0.0000,0.0000,0.0000,0.0000
1789461210.4299,0.0000,0.0000,0.0000,0.0000,-0.0000,0.0000,0.0000,0.0000,0.0000,0.0000,0.0000,0.0000
1789461210.4800,0.0000,0.0000,0.0000,0.0000,-0.0000,0.0000,0.0000,0.0000,0.0000,0.0000,0.0000,0.0000
1789461210.5298,0.0000,0.0000,0.0000,0.0000,-0.0000,0.0000,0.0000,0.0000,0.0000,0.0000,0.0000,0.0000
1789461210.5800,0.0000,0.0000,0.0000,0.0000,-0.0000,0.0000,0.0000,0.0000,0.0000,0.0000,0.0000,0.0000
1789461210.6298,0.0000,0.0000,0.0000,0.0000,-0.0000,0.0000,0.0000,0.0000,0.0000,0.0000,0.0000,0.0000
1789461210.6800,0.0000,0.0000,0.0000,0.0000,-0.0000,0.0000,0.0000,0.0000,0.0000,0.0000,0.0000,0.0000
1789461210.7300,0.0000,0.0000,0.0000,0.0000,-0.0000,0.0000,0.0000,0.0000,0.0000,0.0000,0.0000,0.0000
1789461210.7801,0.0000,0.0000,0.0000,0.0000,-0.0000,0.0000,0.0000,0.0000,0.0000,0.0000,0.0000,0.0000
1789461210.8300,0.0000,0.0000,0.0000,0.0000,-0.0000,0.0000,0.0000,0.0000,0.0000,0.0000,0.0000,0.0000
1789461210.8800,0.0000,0.0000,0.0000,0.0000,-0.0000,0.0000,0.0000,0.0000,0.0000,0.0000,0.0000,0.0000
1789461210.9299,0.0000,0.0000,0.0000,0.0000,-0.0000,0.0000,0.0000,0.0000,0.0000,0.0000,0.0000,0.0000
1789461210.9800,0.0000,0.0000,0.0000,0.0000,-0.0000,0.0000,0.0000,0.0000,0.0000,0.0000,0.0000,0.0000
1789461211.0299,0.0000,0.0000,0.0000,0.0000,-0.0000,0.0000,0.0000,0.0000,0.0000,0.0000,0.0000,0.0000
1789461211.0799,0.0000,0.0000,0.0000,0.0000,-0.0000,0.0000,0.0000,0.0000,0.0000,0.0000,0.0000,0.0000
1789461211.1300,0.0000,0.0000,0.0000,0.0000,-0.0000,0.0000,0.0000,0.0000,0.0000,0.0000,0.0000,0.0000
1789461211.1801,0.0000,0.0000,0.0000,0.0000,-0.0000,0.0000,0.0000,0.0000,0.0000,0.0000,0.0000,0.0000
1789461211.2299,0.0000,0.0000,0.0000,0.0000,-0.0000,0.0000,0.0000,0.0000,0.0000,0.0000,0.0000,0.0000
1789461211.2800,0.0000,0.0000,0.0000,0.0000,-0.0000,0.0000,0.0000,0.0000,0.0000,0.0000,0.0000,0.0000
1789461211.3299,0.0000,0.0000,0.0000,0.0000,-0.0000,0.0000,0.0000,0.0000,0.0000,0.0000,0.0000,0.0000
1789461211.3800,0.0000,0.0000,0.0000,0.0000,-0.0000,0.0000,0.0000,0.0000,0.0000,0.0000,0.0000,0.0000
1789461211.4300,0.0000,0.0000,0.0000,0.0000,-0.0000,0.0000,0.0000,0.0000,0.0000,0.0000,0.0000,0.0000
1789461211.4800,0.0000,0.0000,0.0000,0.0000,-0.0000,0.0000,0.0000,0.0000,0.0000,0.0000,0.0000,0.0000
1789461211.5299,0.0000,0.0000,0.0000,0.0000,-0.0000,0.0000,0.0000,0.0000,0.0000,0.0000,0.0000,0.0000
1789461211.5800,0.0000,0.0000,0.0000,0.0000,-0.0000,0.0000,0.0000,0.0000,0.0000,0.0000,0.0000,0.0000
1789461211.6298,0.0000,0.0000,0.0000,0.0000,-0.0000,0.0000,0.0000,0.0000,0.0000,0.0000,0.0000,0.0000
1789461211.6799,0.0000,0.0000,0.0000,0.0000,-0.0000,0.0000,0.0000,0.0000,0.0000,0.0000,0.0000,0.0000
1789461211.7299,0.0000,0.0000,0.0000,0.0000,-0.0000,0.0000,0.0000,0.0000,0.0000,0.0000,0.0000,0.0000
1789461211.7800,0.0000,0.0000,0.0000,0.0000,-0.0000,0.0000,0.0000,0.0000,0.0000,0.0000,0.0000,0.0000
1789461211.8299,0.0000,0.0000,0.0000,0.0000,-0.0000,0.0000,0.0000,0.0000,0.0000,0.0000,0.0000,0.0000
1789461211.8801,0.0000,0.0000,0.0000,0.0000,-0.0000,0.0000,0.0000,0.0000,0.0000,0.0000,0.0000,0.0000
1789461211.9299,0.0000,0.0000,0.0000,0.0000,-0.0000,0.0000,0.0000,0.0000,0.0000,0.0000,0.0000,0.0000
1789461211.9800,0.0000,0.0000,0.0000,0.0000,-0.0000,0.0000,0.0000,0.0000,0.0000,0.0000,0.0000,0.0000
1789461212.0299,0.0000,0.0000,0.0000,0.0000,-0.0000,0.0000,0.0000,0.0000,0.0000,0.0000,0.0000,0.0000
1789461212.0801,0.0000,0.0000,0.0000,0.0000,-0.0000,0.0000,0.0000,0.0000,0.0000,0.0000,0.0000,0.0000
1789461212.1299,0.0000,0.0000,0.0000,0.0000,-0.0000,0.0000,0.0000,0.0000,0.0000,0.0000,0.0000,0.0000
1789461212.1801,0.0000,0.0000,0.0000,0.0000,-0.0000,0.0000,0.0000,0.0000,0.0000,0.0000,0.0000,0.0000
1789461212.2300,0.0000,0.0000,0.0000,0.0000,-0.0000,0.0000,0.0000,0.0000,0.0000,0.0000,0.0000,0.0000
1789461212.2801,0.0000,0.0000,0.0000,0.0000,-0.0000,0.0000,0.0000,0.0000,0.0000,0.0000,0.0000,0.0000
1789461212.3299,0.0000,0.0000,0.0000,0.0000,-0.0000,0.0000,0.0000,0.0000,0.0000,0.0000,0.0000,0.0000
1789461212.3802,0.0000,0.0000,0.0000,0.0000,-0.0000,0.0000,0.0000,0.0000,0.0000,0.0000,0.0000,0.0000
1789461212.4300,0.0000,0.0000,0.0000,0.0000,-0.0000,0.0000,0.0000,0.0000,0.0000,0.0000,0.0000,0.0000
1789461212.4800,0.0000,0.0000,0.0000,0.0000,-0.0000,0.0000,0.0000,0.0000,0.0000,0.0000,0.0000,0.0000
1789461212.5300,0.0000,0.0000,0.0000,0.0000,-0.0000,0.0000,0.0000,0.0000,0.0000,0.0000,0.0000,0.0000
1789461212.5801,0.0000,0.0000,0.0000,0.0000,-0.0000,0.0000,0.0000,0.0000,0.0000,0.0000,0.0000,0.0000
1789461212.6300,0.0000,0.0000,0.0000,0.0000,-0.0000,0.0000,0.0000,0.0000,0.0000,0.0000,0.0000,0.0000
1789461212.6801,0.0000,0.0000,0.0000,0.0000,-0.0000,0.0000,0.0000,0.0000,0.0000,0.0000,0.0000,0.0000
1789461212.7299,0.0000,0.0000,0.0000,0.0000,-0.0000,0.0000,0.0000,0.0000,0.0000,0.0000,0.0000,0.0000
1789461212.7800,0.0000,0.0000,0.0000,0.0000,-0.0000,0.0000,0.0000,0.0000,0.0000,0.0000,0.0000,0.0000
1789461212.8299,0.0000,0.0000,0.0000,0.0000,-0.0000,0.0000,0.0000,0.0000,0.0000,0.0000,0.0000,0.0000
1789461212.8800,0.0000,0.0000,0.0000,0.0000,-0.0000,0.0000,0.0000,0.0000,0.0000,0.0000,0.0000,0.0000
1789461212.9300,0.0000,0.0000,0.0000,0.0000,-0.0000,0.0000,0.0000,0.0000,0.0000,0.0000,0.0000,0.0000
1789461212.9799,0.0000,0.0000,0.0000,0.0000,-0.0000,0.0000,0.0000,0.0000,0.0000,0.0000,0.0000,0.0000
1789461213.0300,0.0000,0.0000,0.0000,0.0000,-0.0000,0.0000,0.0000,0.0000,0.0000,0.0000,0.0000,0.0000
1789461213.0801,0.0000,0.0000,0.0000,0.0000,-0.0000,0.0000,0.0000,0.0000,0.0000,0.0000,0.0000,0.0000
1789461213.1299,0.0000,0.0000,0.0000,0.0000,-0.0000,0.0000,0.0000,0.0000,0.0000,0.0000,0.0000,0.0000
1789461213.1802,0.0000,0.0000,0.0000,0.0000,-0.0000,0.0000,0.0000,0.0000,0.0000,0.0000,0.0000,0.0000
1789461213.2300,0.0000,0.0000,0.0000,0.0000,-0.0000,0.0000,0.0000,0.0000,0.0000,0.0000,0.0000,0.0000
1789461213.2800,0.0000,0.0000,0.0000,0.0000,-0.0000,0.0000,0.0000,0.0000,0.0000,0.0000,0.0000,0.0000
1789461213.3299,0.0000,0.0000,0.0000,0.0000,-0.0000,0.0000,0.0000,0.0000,0.0000,0.0000,0.0000,0.0000
1789461213.3801,0.0000,0.0000,0.0000,0.0000,-0.0000,0.0000,0.0000,0.0000,0.0000,0.0000,0.0000,0.0000
1789461213.4299,0.0000,0.0000,0.0000,0.0000,-0.0000,0.0000,0.0000,0.0000,0.0000,0.0000,0.0000,0.0000
1789461213.4801,0.0000,0.0000,0.0000,0.0000,-0.0000,0.0000,0.0000,0.0000,0.0000,0.0000,0.0000,0.0000
1789461213.5300,0.0000,0.0000,0.0000,0.0000,-0.0000,0.0000,0.0000,0.0000,0.0000,0.0000,0.0000,0.0000
1789461213.5801,0.0000,0.0000,0.0000,0.0000,-0.0000,0.0000,0.0000,0.0000,0.0000,0.0000,0.0000,0.0000
1789461213.6300,0.0000,0.0000,0.0000,0.0000,-0.0000,0.0000,0.0000,0.0000,0.0000,0.0000,0.0000,0.0000
1789461213.6800,0.0000,0.0000,0.0000,0.0000,-0.0000,0.0000,0.0000,0.0000,0.0000,0.0000,0.0000,0.0000
1789461213.7300,0.0000,0.0000,0.0000,0.0000,-0.0000,0.0000,0.0000,0.0000,0.0000,0.0000,0.0000,0.0000
1789461213.7801,0.0000,0.0000,0.0000,0.0000,-0.0000,0.0000,0.0000,0.0000,0.0000,0.0000,0.0000,0.0000
1789461213.8300,0.0000,0.0000,0.0000,0.0000,-0.0000,0.0000,0.0000,0.0000,0.0000,0.0000,0.0000,0.0000
1789461213.8801,0.0000,0.0000,0.0000,0.0000,-0.0000,0.0000,0.0000,0.0000,0.0000,0.0000,0.0000,0.0000
1789461213.9301,0.0000,0.0000,0.0000,0.0000,-0.0000,0.0000,0.0000,0.0000,0.0000,0.0000,0.0000,0.0000
1789461213.9801,0.0000,0.0000,0.0000,0.0000,-0.0000,0.0000,0.0000,0.0000,0.0000,0.0000,0.0000,0.0000
1789461214.0300,0.0000,0.0000,0.0000,0.0000,-0.0000,0.0000,0.0000,0.0000,0.0000,0.0000,0.0000,0.0000
1789461214.0802,0.0000,0.0000,0.0000,0.0000,-0.0000,0.0000,0.0000,0.0000,0.0000,0.0000,0.0000,0.0000
1789461214.1299,0.0000,0.0000,0.0000,0.0000,-0.0000,0.0000,0.0000,0.0000,0.0000,0.0000,0.0000,0.0000
1789461214.1801,0.0000,0.0000,0.0000,0.0000,-0.0000,0.0000,0.0000,0.0000,0.0000,0.0000,0.0000,0.0000
1789461214.2300,0.0000,0.0000,0.0000,0.0000,-0.0000,0.0000,0.0000,0.0000,0.0000,0.0000,0.0000,0.0000
1789461214.2801,0.0000,0.0000,0.0000,0.0000,-0.0000,0.0000,0.0000,0.0000,0.0000,0.0000,0.0000,0.0000
1789461214.3300,0.0000,0.0000,0.0000,0.0000,-0.0000,0.0000,0.0000,0.0000,0.0000,0.0000,0.0000,0.0000
1789461214.3801,0.0000,0.0000,0.0000,0.0000,-0.0000,0.0000,0.0000,0.0000,0.0000,0.0000,0.0000,0.0000
1789461214.4301,0.0000,0.0000,0.0000,0.0000,-0.0000,0.0000,0.0000,0.0000,0.0000,0.0000,0.0000,0.0000
1789461214.4801,0.0000,0.0000,0.0000,0.0000,-0.0000,0.0000,0.0000,0.0000,0.0000,0.0000,0.0000,0.0000
1789461214.5300,0.0000,0.0000,0.0000,0.0000,-0.0000,0.0000,0.0000,0.0000,0.0000,0.0000,0.0000,0.0000
1789461214.5800,0.0000,0.0000,0.0000,0.0000,-0.0000,0.0000,0.0000,0.0000,0.0000,0.0000,0.0000,0.0000
1789461214.6300,0.0000,0.0000,0.0000,0.0000,-0.0000,0.0000,0.0000,0.0000,0.0000,0.0000,0.0000,0.0000
1789461214.6802,0.0000,0.0000,0.0000,0.0000,-0.0000,0.0000,0.0000,0.0000,0.0000,0.0000,0.0000,0.0000
1789461214.7300,0.0000,0.0000,0.0000,0.0000,-0.0000,0.0000,0.0000,0.0000,0.0000,0.0000,0.0000,0.0000
1789461214.7802,0.0000,0.0000,0.0000,0.0000,-0.0000,0.0000,0.0000,0.0000,0.0000,0.0000,0.0000,0.0000
1789461214.8300,0.0000,0.0000,0.0000,0.0000,-0.0000,0.0000,0.0000,0.0000,0.0000,0.0000,0.0000,0.0000
1789461214.8801,0.0000,0.0000,0.0000,0.0000,-0.0000,0.0000,0.0000,0.0000,0.0000,0.0000,0.0000,0.0000
1789461214.9301,0.0000,0.0000,0.0000,0.0000,-0.0000,0.0000,0.0000,0.0000,0.0000,0.0000,0.0000,0.0000
1789461214.9801,0.0000,0.0000,0.0000,0.0000,-0.0000,0.0000,0.0000,0.0000,0.0000,0.0000,0.0000,0.0000
1789461215.0301,0.0000,0.0000,0.0000,0.0000,-0.0000,0.0000,0.0000,0.0000,0.0000,0.0000,0.0000,0.0000
1789461215.0802,0.0000,0.0000,0.0000,0.0000,-0.0000,0.0000,0.0000,0.0000,0.0000,0.0000,0.0000,0.0000
1789461215.1300,0.0000,0.0000,0.0000,0.0000,-0.0000,0.0000,0.0000,0.0000,0.0000,0.0000,0.0000,0.0000
1789461215.1802,0.0000,0.0000,0.0000,0.0000,-0.0000,0.0000,0.0000,0.0000,0.0000,0.0000,0.0000,0.0000
1789461215.2300,0.0000,0.0000,0.0000,0.0000,-0.0000,0.0000,0.0000,0.0000,0.0000,0.0000,0.0000,0.0000
1789461215.2801,0.0000,0.0000,0.0000,0.0000,-0.0000,0.0000,0.0000,0.0000,0.0000,0.0000,0.0000,0.0000
1789461215.3300,0.0000,0.0000,0.0000,0.0000,-0.0000,0.0000,0.0000,0.0000,0.0000,0.0000,0.0000,0.0000
1789461215.3801,0.0000,0.0000,0.0000,0.0000,-0.0000,0.0000,0.0000,0.0000,0.0000,0.0000,0.0000,0.0000
1789461215.4299,0.0000,0.0000,0.0000,0.0000,-0.0000,0.0000,0.0000,0.0000,0.0000,0.0000,0.0000,0.0000
1789461215.4800,0.0000,0.0000,0.0000,0.0000,-0.0000,0.0000,0.0000,0.0000,0.0000,0.0000,0.0000,0.0000
1789461215.5299,0.0000,0.0000,0.0000,0.0000,-0.0000,0.0000,0.0000,0.0000,0.0000,0.0000,0.0000,0.0000
1789461215.5801,0.0000,0.0000,0.0000,0.0000,-0.0000,0.0000,0.0000,0.0000,0.0000,0.0000,0.0000,0.0000
1789461215.6300,0.0000,0.0000,0.0000,0.0000,-0.0000,0.0000,0.0000,0.0000,0.0000,0.0000,0.0000,0.0000
1789461215.6802,0.0000,0.0000,0.0000,0.0000,-0.0000,0.0000,0.0000,0.0000,0.0000,0.0000,0.0000,0.0000
1789461215.7300,0.0000,0.0000,0.0000,0.0000,-0.0000,0.0000,0.0000,0.0000,0.0000,0.0000,0.0000,0.0000
1789461215.7801,0.0000,0.0000,0.0000,0.0000,-0.0000,0.0000,0.0000,0.0000,0.0000,0.0000,0.0000,0.0000
1789461215.8300,0.0000,0.0000,0.0000,0.0000,-0.0000,0.0000,0.0000,0.0000,0.0000,0.0000,0.0000,0.0000
1789461215.8813,0.0000,0.0000,0.0000,0.0000,-0.0000,0.0000,0.0000,0.0000,0.0000,0.0000,0.0000,0.0000
1789461215.9299,0.0000,0.0000,0.0000,0.0000,-0.0000,0.0000,0.0000,0.0000,0.0000,0.0000,0.0000,0.0000
1789461215.9801,0.0000,0.0000,0.0000,0.0000,-0.0000,0.0000,0.0000,0.0000,0.0000,0.0000,0.0000,0.0000
1789461216.0300,0.0000,0.0000,0.0000,0.0000,-0.0000,0.0000,0.0000,0.0000,0.0000,0.0000,0.0000,0.0000
1789461216.0802,0.0000,0.0000,0.0000,0.0000,-0.0000,0.0000,0.0000,0.0000,0.0000,0.0000,0.0000,0.0000
1789461216.1304,0.0000,0.0000,0.0000,0.0000,-0.0000,0.0000,0.0000,0.0000,0.0000,0.0000,0.0000,0.0000
1789461216.1802,0.0000,0.0000,0.0000,0.0000,-0.0000,0.0000,0.0000,0.0000,0.0000,0.0000,0.0000,0.0000
1789461216.2302,0.0000,0.0000,0.0000,0.0000,-0.0000,0.0000,0.0000,0.0000,0.0000,0.0000,0.0000,0.0000
1789461216.2801,0.0000,0.0000,0.0000,0.0000,-0.0000,0.0000,0.0000,0.0000,0.0000,0.0000,0.0000,0.0000
1789461216.3301,0.0000,0.0000,0.0000,0.0000,-0.0000,0.0000,0.0000,0.0000,0.0000,0.0000,0.0000,0.0000
1789461216.3802,0.0000,0.0000,0.0000,0.0000,-0.0000,0.0000,0.0000,0.0000,0.0000,0.0000,0.0000,0.0000
1789461216.4301,0.0000,0.0000,0.0000,0.0000,-0.0000,0.0000,0.0000,0.0000,0.0000,0.0000,0.0000,0.0000
1789461216.4801,0.0000,0.0000,0.0000,0.0000,-0.0000,0.0000,0.0000,0.0000,0.0000,0.0000,0.0000,0.0000
1789461216.5301,0.0000,0.0000,0.0000,0.0000,-0.0000,0.0000,0.0000,0.0000,0.0000,0.0000,0.0000,0.0000
1789461216.5801,0.0000,0.0000,0.0000,0.0000,-0.0000,0.0000,0.0000,0.0000,0.0000,0.0000,0.0000,0.0000
1789461216.6300,0.0000,0.0000,0.0000,0.0000,-0.0000,0.0000,0.0000,0.0000,0.0000,0.0000,0.0000,0.0000
1789461216.6802,0.0000,0.0000,0.0000,0.0000,-0.0000,0.0000,0.0000,0.0000,0.0000,0.0000,0.0000,0.0000
1789461216.7302,0.0000,0.0000,0.0000,0.0000,-0.0000,0.0000,0.0000,0.0000,0.0000,0.0000,0.0000,0.0000
1789461216.7801,0.0000,0.0000,0.0000,0.0000,-0.0000,0.0000,0.0000,0.0000,0.0000,0.0000,0.0000,0.0000
1789461216.8311,0.0000,0.0000,0.0000,0.0000,-0.0000,0.0000,0.0000,0.0000,0.0000,0.0000,0.0000,0.0000
1789461216.8801,0.0000,0.0000,0.0000,0.0000,-0.0000,0.0000,0.0000,0.0000,0.0000,0.0000,0.0000,0.0000
1789461216.9301,0.0000,0.0000,0.0000,0.0000,-0.0000,0.0000,0.0000,0.0000,0.0000,0.0000,0.0000,0.0000
1789461216.9802,0.0000,0.0000,0.0000,0.0000,-0.0000,0.0000,0.0000,0.0000,0.0000,0.0000,0.0000,0.0000
1789461217.0300,0.0000,0.0000,0.0000,0.0000,-0.0000,0.0000,0.0000,0.0000,0.0000,0.0000,0.0000,0.0000
1789461217.0801,0.0000,0.0000,0.0000,0.0000,-0.0000,0.0000,0.0000,0.0000,0.0000,0.0000,0.0000,0.0000
1789461217.1300,0.0000,0.0000,0.0000,0.0000,-0.0000,0.0000,0.0000,0.0000,0.0000,0.0000,0.0000,0.0000
1789461217.1802,0.0000,0.0000,0.0000,0.0000,-0.0000,0.0000,0.0000,0.0000,0.0000,0.0000,0.0000,0.0000
1789461217.2301,0.0000,0.0000,0.0000,0.0000,-0.0000,0.0000,0.0000,0.0000,0.0000,0.0000,0.0000,0.0000
1789461217.2800,0.0000,0.0000,0.0000,0.0000,-0.0000,0.0000,0.0000,0.0000,0.0000,0.0000,0.0000,0.0000
1789461217.3301,0.0000,0.0000,0.0000,0.0000,-0.0000,0.0000,0.0000,0.0000,0.0000,0.0000,0.0000,0.0000
1789461217.3803,0.0000,0.0000,0.0000,0.0000,-0.0000,0.0000,0.0000,0.0000,0.0000,0.0000,0.0000,0.0000
1789461217.4301,0.0000,0.0000,0.0000,0.0000,-0.0000,0.0000,0.0000,0.0000,0.0000,0.0000,0.0000,0.0000
1789461217.4802,0.0000,0.0000,0.0000,0.0000,-0.0000,0.0000,0.0000,0.0000,0.0000,0.0000,0.0000,0.0000
1789461217.5304,0.0000,0.0000,0.0000,0.0000,-0.0000,0.0000,0.0000,0.0000,0.0000,0.0000,0.0000,0.0000
1789461217.5801,0.0000,0.0000,0.0000,0.0000,-0.0000,0.0000,0.0000,0.0000,0.0000,0.0000,0.0000,0.0000
1789461217.6300,0.0000,0.0000,0.0000,0.0000,-0.0000,0.0000,0.0000,0.0000,0.0000,0.0000,0.0000,0.0000
1789461217.6803,0.0000,0.0000,0.0000,0.0000,-0.0000,0.0000,0.0000,0.0000,0.0000,0.0000,0.0000,0.0000
1789461217.7302,0.0000,0.0000,0.0000,0.0000,-0.0000,0.0000,0.0000,0.0000,0.0000,0.0000,0.0000,0.0000
1789461217.7801,0.0000,0.0000,0.0000,0.0000,-0.0000,0.0000,0.0000,0.0000,0.0000,0.0000,0.0000,0.0000
1789461217.8301,0.0000,0.0000,0.0000,0.0000,-0.0000,0.0000,0.0000,0.0000,0.0000,0.0000,0.0000,0.0000
1789461217.8802,0.0000,0.0000,0.0000,0.0000,-0.0000,0.0000,0.0000,0.0000,0.0000,0.0000,0.0000,0.0000
1789461217.9301,0.0000,0.0000,0.0000,0.0000,-0.0000,0.0000,0.0000,0.0000,0.0000,0.0000,0.0000,0.0000
1789461217.9801,0.0000,0.0000,0.0000,0.0000,-0.0000,0.0000,0.0000,0.0000,0.0000,0.0000,0.0000,0.0000
1789461218.0301,0.0000,0.0000,0.0000,0.0000,-0.0000,0.0000,0.0000,0.0000,0.0000,0.0000,0.0000,0.0000
1789461218.0802,0.0000,0.0000,0.0000,0.0000,-0.0000,0.0000,0.0000,0.0000,0.0000,0.0000,0.0000,0.0000
1789461218.1301,0.0000,0.0000,0.0000,0.0000,-0.0000,0.0000,0.0000,0.0000,0.0000,0.0000,0.0000,0.0000
1789461218.1802,0.0000,0.0000,0.0000,0.0000,-0.0000,0.0000,0.0000,0.0000,0.0000,0.0000,0.0000,0.0000
1789461218.2302,0.0000,0.0000,0.0000,0.0000,-0.0000,0.0000,0.0000,0.0000,0.0000,0.0000,0.0000,0.0000
1789461218.2801,0.0000,0.0000,0.0000,0.0000,-0.0000,0.0000,0.0000,0.0000,0.0000,0.0000,0.0000,0.0000
1789461218.3299,0.0000,0.0000,0.0000,0.0000,-0.0000,0.0000,0.0000,0.0000,0.0000,0.0000,0.0000,0.0000
1789461218.3802,0.0000,0.0000,0.0000,0.0000,-0.0000,0.0000,0.0000,0.0000,0.0000,0.0000,0.0000,0.0000
1789461218.4302,0.0000,0.0000,0.0000,0.0000,-0.0000,0.0000,0.0000,0.0000,0.0000,0.0000,0.0000,0.0000
1789461218.4801,0.0000,0.0000,0.0000,0.0000,-0.0000,0.0000,0.0000,0.0000,0.0000,0.0000,0.0000,0.0000
1789461218.5301,0.0000,0.0000,0.0000,0.0000,-0.0000,0.0000,0.0000,0.0000,0.0000,0.0000,0.0000,0.0000
1789461218.5802,0.0000,0.0000,0.0000,0.0000,-0.0000,0.0000,0.0000,0.0000,0.0000,0.0000,0.0000,0.0000
1789461218.6301,0.0000,0.0000,0.0000,0.0000,-0.0000,0.0000,0.0000,0.0000,0.0000,0.0000,0.0000,0.0000
1789461218.6800,0.0000,0.0000,0.0000,0.0000,-0.0000,0.0000,0.0000,0.0000,0.0000,0.0000,0.0000,0.0000
1789461218.7301,0.0000,0.0000,0.0000,0.0000,-0.0000,0.0000,0.0000,0.0000,0.0000,0.0000,0.0000,0.0000
1789461218.7802,0.0000,0.0000,0.0000,0.0000,-0.0000,0.0000,0.0000,0.0000,0.0000,0.0000,0.0000,0.0000
1789461218.8301,0.0000,0.0000,0.0000,0.0000,-0.0000,0.0000,0.0000,0.0000,0.0000,0.0000,0.0000,0.0000
1789461218.8802,0.0000,0.0000,0.0000,0.0000,-0.0000,0.0000,0.0000,0.0000,0.0000,0.0000,0.0000,0.0000
1789461218.9302,0.0000,0.0000,0.0000,0.0000,-0.0000,0.0000,0.0000,0.0000,0.0000,0.0000,0.0000,0.0000
1789461218.9801,0.0000,0.0000,0.0000,0.0000,-0.0000,0.0000,0.0000,0.0000,0.0000,0.0000,0.0000,0.0000
1789461219.0302,0.0000,0.0000,0.0000,0.0000,-0.0000,0.0000,0.0000,0.0000,0.0000,0.0000,0.0000,0.0000
1789461219.0802,0.0000,0.0000,0.0000,0.0000,-0.0000,0.0000,0.0000,0.0000,0.0000,0.0000,0.0000,0.0000
1789461219.1300,0.0000,0.0000,0.0000,0.0000,-0.0000,0.0000,0.0000,0.0000,0.0000,0.0000,0.0000,0.0000
1789461219.1803,0.0000,0.0000,0.0000,0.0000,-0.0000,0.0000,0.0000,0.0000,0.0000,0.0000,0.0000,0.0000
1789461219.2302,0.0000,0.0000,0.0000,0.0000,-0.0000,0.0000,0.0000,0.0000,0.0000,0.0000,0.0000,0.0000
1789461219.2801,0.0000,0.0000,0.0000,0.0000,-0.0000,0.0000,0.0000,0.0000,0.0000,0.0000,0.0000,0.0000
1789461219.3301,0.0000,0.0000,0.0000,0.0000,-0.0000,0.0000,0.0000,0.0000,0.0000,0.0000,0.0000,0.0000
1789461219.3801,0.0000,0.0000,0.0000,0.0000,-0.0000,0.0000,0.0000,0.0000,0.0000,0.0000,0.0000,0.0000
1789461219.4302,0.0000,0.0000,0.0000,0.0000,-0.0000,0.0000,0.0000,0.0000,0.0000,0.0000,0.0000,0.0000
1789461219.4803,0.0000,0.0000,0.0000,0.0000,-0.0000,0.0000,0.0000,0.0000,0.0000,0.0000,0.0000,0.0000
1789461219.5302,0.0000,0.0000,0.0000,0.0000,-0.0000,0.0000,0.0000,0.0000,0.0000,0.0000,0.0000,0.0000
1789461219.5802,0.0000,0.0000,0.0000,0.0000,-0.0000,0.0000,0.0000,0.0000,0.0000,0.0000,0.0000,0.0000
1789461219.6305,0.0000,0.0000,0.0000,0.0000,-0.0000,0.0000,0.0000,0.0000,0.0000,0.0000,0.0000,0.0000
1789461219.6803,0.0000,0.0000,0.0000,0.0000,-0.0000,0.0000,0.0000,0.0000,0.0000,0.0000,0.0000,0.0000
1789461219.7301,0.0000,0.0000,0.0000,0.0000,-0.0000,0.0000,0.0000,0.0000,0.0000,0.0000,0.0000,0.0000
1789461219.7801,0.0000,0.0000,0.0000,0.0000,-0.0000,0.0000,0.0000,0.0000,0.0000,0.0000,0.0000,0.0000
1789461219.8301,0.0000,0.0000,0.0000,0.0000,-0.0000,0.0000,0.0000,0.0000,0.0000,0.0000,0.0000,0.0000
1789461219.8803,0.0000,0.0000,0.0000,0.0000,-0.0000,0.0000,0.0000,0.0000,0.0000,0.0000,0.0000,0.0000
1789461219.9300,0.0000,0.0000,0.0000,0.0000,-0.0000,0.0000,0.0000,0.0000,0.0000,0.0000,0.0000,0.0000
1789461219.9801,0.0000,0.0000,0.0000,0.0000,-0.0000,0.0000,0.0000,0.0000,0.0000,0.0000,0.0000,0.0000
1789461220.0302,0.0000,0.0000,0.0000,0.0000,-0.0000,0.0000,0.0000,0.0000,0.0000,0.0000,0.0000,0.0000
1789461220.0802,0.0000,0.0000,0.0000,0.0000,-0.0000,0.0000,0.0000,0.0000,0.0000,0.0000,0.0000,0.0000
1789461220.1301,0.0000,0.0000,0.0000,0.0000,-0.0000,0.0000,0.0000,0.0000,0.0000,0.0000,0.0000,0.0000
1789461220.1803,0.0000,0.0000,0.0000,0.0000,-0.0000,0.0000,0.0000,0.0000,0.0000,0.0000,0.0000,0.0000
1789461220.2302,0.0000,0.0000,0.0000,0.0000,-0.0000,0.0000,0.0000,0.0000,0.0000,0.0000,0.0000,0.0000
1789461220.2802,0.0000,0.0000,0.0000,0.0000,-0.0000,0.0000,0.0000,0.0000,0.0000,0.0000,0.0000,0.0000
1789461220.3302,0.0000,0.0000,0.0000,0.0000,-0.0000,0.0000,0.0000,0.0000,0.0000,0.0000,0.0000,0.0000
1789461220.3802,0.0000,0.0000,0.0000,0.0000,-0.0000,0.0000,0.0000,0.0000,0.0000,0.0000,0.0000,0.0000
1789461220.4302,0.0000,0.0000,0.0000,0.0000,-0.0000,0.0000,0.0000,0.0000,0.0000,0.0000,0.0000,0.0000
1789461220.4803,0.0000,0.0000,0.0000,0.0000,-0.0000,0.0000,0.0000,0.0000,0.0000,0.0000,0.0000,0.0000
1789461220.5303,0.0000,0.0000,0.0000,0.0000,-0.0000,0.0000,0.0000,0.0000,0.0000,0.0000,0.0000,0.0000
1789461220.5802,0.0000,0.0000,0.0000,0.0000,-0.0000,0.0000,0.0000,0.0000,0.0000,0.0000,0.0000,0.0000
1789461220.6302,0.0000,0.0000,0.0000,0.0000,-0.0000,0.0000,0.0000,0.0000,0.0000,0.0000,0.0000,0.0000
1789461220.6804,0.0000,0.0000,0.0000,0.0000,-0.0000,0.0000,0.0000,0.0000,0.0000,0.0000,0.0000,0.0000
1789461220.7303,0.0000,0.0000,0.0000,0.0000,-0.0000,0.0000,0.0000,0.0000,0.0000,0.0000,0.0000,0.0000
1789461220.7802,0.0000,0.0000,0.0000,0.0000,-0.0000,0.0000,0.0000,0.0000,0.0000,0.0000,0.0000,0.0000
1789461220.8302,0.0000,0.0000,0.0000,0.0000,-0.0000,0.0000,0.0000,0.0000,0.0000,0.0000,0.0000,0.0000
1789461220.8803,0.0000,0.0000,0.0000,0.0000,-0.0000,0.0000,0.0000,0.0000,0.0000,0.0000,0.0000,0.0000
1789461220.9302,0.0000,0.0000,0.0000,0.0000,-0.0000,0.0000,0.0000,0.0000,0.0000,0.0000,0.0000,0.0000
1789461220.9802,0.0000,0.0000,0.0000,0.0000,-0.0000,0.0000,0.0000,0.0000,0.0000,0.0000,0.0000,0.0000
1789461221.0303,0.0000,0.0000,0.0000,0.0000,-0.0000,0.0000,0.0000,0.0000,0.0000,0.0000,0.0000,0.0000
1789461221.0804,0.0000,0.0000,0.0000,0.0000,-0.0000,0.0000,0.0000,0.0000,0.0000,0.0000,0.0000,0.0000
1789461221.1301,0.0000,0.0000,0.0000,0.0000,-0.0000,0.0000,0.0000,0.0000,0.0000,0.0000,0.0000,0.0000
1789461221.1804,0.0000,0.0000,0.0000,0.0000,-0.0000,0.0000,0.0000,0.0000,0.0000,0.0000,0.0000,0.0000
1789461221.2302,0.0000,0.0000,0.0000,0.0000,-0.0000,0.0000,0.0000,0.0000,0.0000,0.0000,0.0000,0.0000
1789461221.2803,0.0000,0.0000,0.0000,0.0000,-0.0000,0.0000,0.0000,0.0000,0.0000,0.0000,0.0000,0.0000
1789461221.3303,0.0000,0.0000,0.0000,0.0000,-0.0000,0.0000,0.0000,0.0000,0.0000,0.0000,0.0000,0.0000
1789461221.3818,0.0000,0.0000,0.0000,0.0000,-0.0000,0.0000,0.0000,0.0000,0.0000,0.0000,0.0000,0.0000
1789461221.4303,0.0000,0.0000,0.0000,0.0000,-0.0000,0.0000,0.0000,0.0000,0.0000,0.0000,0.0000,0.0000
1789461221.4802,0.0000,0.0000,0.0000,0.0000,-0.0000,0.0000,0.0000,0.0000,0.0000,0.0000,0.0000,0.0000
1789461221.5303,0.0000,0.0000,0.0000,0.0000,-0.0000,0.0000,0.0000,0.0000,0.0000,0.0000,0.0000,0.0000
1789461221.5804,0.0000,0.0000,0.0000,0.0000,-0.0000,0.0000,0.0000,0.0000,0.0000,0.0000,0.0000,0.0000
1789461221.6302,0.0000,0.0000,0.0000,0.0000,-0.0000,0.0000,0.0000,0.0000,0.0000,0.0000,0.0000,0.0000
1789461221.6804,0.0000,0.0000,0.0000,0.0000,-0.0000,0.0000,0.0000,0.0000,0.0000,0.0000,0.0000,0.0000
1789461221.7304,0.0000,0.0000,0.0000,0.0000,-0.0000,0.0000,0.0000,0.0000,0.0000,0.0000,0.0000,0.0000
1789461221.7803,0.0000,0.0000,0.0000,0.0000,-0.0000,0.0000,0.0000,0.0000,0.0000,0.0000,0.0000,0.0000
1789461221.8302,0.0000,0.0000,0.0000,0.0000,-0.0000,0.0000,0.0000,0.0000,0.0000,0.0000,0.0000,0.0000
1789461221.8804,0.0000,0.0000,0.0000,0.0000,-0.0000,0.0000,0.0000,0.0000,0.0000,0.0000,0.0000,0.0000
1789461221.9302,0.0000,0.0000,0.0000,0.0000,-0.0000,0.0000,0.0000,0.0000,0.0000,0.0000,0.0000,0.0000
1789461221.9802,0.0000,0.0000,0.0000,0.0000,-0.0000,0.0000,0.0000,0.0000,0.0000,0.0000,0.0000,0.0000
1789461222.0303,0.0000,0.0000,0.0000,0.0000,-0.0000,0.0000,0.0000,0.0000,0.0000,0.0000,0.0000,0.0000
1789461222.0805,0.0000,0.0000,0.0000,0.0000,-0.0000,0.0000,0.0000,0.0000,0.0000,0.0000,0.0000,0.0000
1789461222.1303,0.0000,0.0000,0.0000,0.0000,-0.0000,0.0000,0.0000,0.0000,0.0000,0.0000,0.0000,0.0000
1789461222.1804,0.0000,0.0000,0.0000,0.0000,-0.0000,0.0000,0.0000,0.0000,0.0000,0.0000,0.0000,0.0000
1789461222.2304,0.0000,0.0000,0.0000,0.0000,-0.0000,0.0000,0.0000,0.0000,0.0000,0.0000,0.0000,0.0000
1789461222.2802,0.0000,0.0000,0.0000,0.0000,-0.0000,0.0000,0.0000,0.0000,0.0000,0.0000,0.0000,0.0000
1789461222.3303,0.0000,0.0000,0.0000,0.0000,-0.0000,0.0000,0.0000,0.0000,0.0000,0.0000,0.0000,0.0000
1789461222.3804,0.0000,0.0000,0.0000,0.0000,-0.0000,0.0000,0.0000,0.0000,0.0000,0.0000,0.0000,0.0000
1789461222.4303,0.0000,0.0000,0.0000,0.0000,-0.0000,0.0000,0.0000,0.0000,0.0000,0.0000,0.0000,0.0000
1789461222.4802,0.0000,0.0000,0.0000,0.0000,-0.0000,0.0000,0.0000,0.0000,0.0000,0.0000,0.0000,0.0000
1789461222.5302,0.0000,0.0000,0.0000,0.0000,-0.0000,0.0000,0.0000,0.0000,0.0000,0.0000,0.0000,0.0000
1789461222.5803,0.0000,0.0000,0.0000,0.0000,-0.0000,0.0000,0.0000,0.0000,0.0000,0.0000,0.0000,0.0000
1789461222.6303,0.0000,0.0000,0.0000,0.0000,-0.0000,0.0000,0.0000,0.0000,0.0000,0.0000,0.0000,0.0000
1789461222.6803,0.0000,0.0000,0.0000,0.0000,-0.0000,0.0000,0.0000,0.0000,0.0000,0.0000,0.0000,0.0000
1789461222.7303,0.0000,0.0000,0.0000,0.0000,-0.0000,0.0000,0.0000,0.0000,0.0000,0.0000,0.0000,0.0000
1789461222.7802,0.0000,0.0000,0.0000,0.0000,-0.0000,0.0000,0.0000,0.0000,0.0000,0.0000,0.0000,0.0000
1789461222.8303,0.0000,0.0000,0.0000,0.0000,-0.0000,0.0000,0.0000,0.0000,0.0000,0.0000,0.0000,0.0000
1789461222.8802,0.0000,0.0000,0.0000,0.0000,-0.0000,0.0000,0.0000,0.0000,0.0000,0.0000,0.0000,0.0000
1789461222.9303,0.0000,0.0000,0.0000,0.0000,-0.0000,0.0000,0.0000,0.0000,0.0000,0.0000,0.0000,0.0000
1789461222.9803,0.0000,0.0000,0.0000,0.0000,-0.0000,0.0000,0.0000,0.0000,0.0000,0.0000,0.0000,0.0000
1789461223.0303,0.0000,0.0000,0.0000,0.0000,-0.0000,0.0000,0.0000,0.0000,0.0000,0.0000,0.0000,0.0000
1789461223.0804,0.0000,0.0000,0.0000,0.0000,-0.0000,0.0000,0.0000,0.0000,0.0000,0.0000,0.0000,0.0000
1789461223.1303,0.0000,0.0000,0.0000,0.0000,-0.0000,0.0000,0.0000,0.0000,0.0000,0.0000,0.0000,0.0000
1789461223.1805,0.0000,0.0000,0.0000,0.0000,-0.0000,0.0000,0.0000,0.0000,0.0000,0.0000,0.0000,0.0000
1789461223.2302,0.0000,0.0000,0.0000,0.0000,-0.0000,0.0000,0.0000,0.0000,0.0000,0.0000,0.0000,0.0000
1789461223.2804,0.0000,0.0000,0.0000,0.0000,-0.0000,0.0000,0.0000,0.0000,0.0000,0.0000,0.0000,0.0000
1789461223.3303,0.0000,0.0000,0.0000,0.0000,-0.0000,0.0000,0.0000,0.0000,0.0000,0.0000,0.0000,0.0000
1789461223.3804,0.0000,0.0000,0.0000,0.0000,-0.0000,0.0000,0.0000,0.0000,0.0000,0.0000,0.0000,0.0000
1789461223.4303,0.0000,0.0000,0.0000,0.0000,-0.0000,0.0000,0.0000,0.0000,0.0000,0.0000,0.0000,0.0000
1789461223.4804,0.0000,0.0000,0.0000,0.0000,-0.0000,0.0000,0.0000,0.0000,0.0000,0.0000,0.0000,0.0000
1789461223.5303,0.0000,0.0000,0.0000,0.0000,-0.0000,0.0000,0.0000,0.0000,0.0000,0.0000,0.0000,0.0000
1789461223.5804,0.0000,0.0000,0.0000,0.0000,-0.0000,0.0000,0.0000,0.0000,0.0000,0.0000,0.0000,0.0000
1789461223.6303,0.0000,0.0000,0.0000,0.0000,-0.0000,0.0000,0.0000,0.0000,0.0000,0.0000,0.0000,0.0000
1789461223.6804,0.0000,0.0000,0.0000,0.0000,-0.0000,0.0000,0.0000,0.0000,0.0000,0.0000,0.0000,0.0000
1789461223.7302,0.0000,0.0000,0.0000,0.0000,-0.0000,0.0000,0.0000,0.0000,0.0000,0.0000,0.0000,0.0000
1789461223.7805,0.0000,0.0000,0.0000,0.0000,-0.0000,0.0000,0.0000,0.0000,0.0000,0.0000,0.0000,0.0000
1789461223.8312,0.0000,0.0000,0.0000,0.0000,-0.0000,0.0000,0.0000,0.0000,0.0000,0.0000,0.0000,0.0000
1789461223.8803,0.0000,0.0000,0.0000,0.0000,-0.0000,0.0000,0.0000,0.0000,0.0000,0.0000,0.0000,0.0000
1789461223.9315,0.0000,0.0000,0.0000,0.0000,-0.0000,0.0000,0.0000,0.0000,0.0000,0.0000,0.0000,0.0000
1789461223.9804,0.0000,0.0000,0.0000,0.0000,-0.0000,0.0000,0.0000,0.0000,0.0000,0.0000,0.0000,0.0000
1789461224.0302,0.0000,0.0000,0.0000,0.0000,-0.0000,0.0000,0.0000,0.0000,0.0000,0.0000,0.0000,0.0000
1789461224.0803,0.0000,0.0000,0.0000,0.0000,-0.0000,0.0000,0.0000,0.0000,0.0000,0.0000,0.0000,0.0000
1789461224.1303,0.0000,0.0000,0.0000,0.0000,-0.0000,0.0000,0.0000,0.0000,0.0000,0.0000,0.0000,0.0000
1789461224.1804,0.0000,0.0000,0.0000,0.0000,-0.0000,0.0000,0.0000,0.0000,0.0000,0.0000,0.0000,0.0000
1789461224.2302,0.0000,0.0000,0.0000,0.0000,-0.0000,0.0000,0.0000,0.0000,0.0000,0.0000,0.0000,0.0000
1789461224.2803,0.0000,0.0000,0.0000,0.0000,-0.0000,0.0000,0.0000,0.0000,0.0000,0.0000,0.0000,0.0000
1789461224.3303,0.0000,0.0000,0.0000,0.0000,-0.0000,0.0000,0.0000,0.0000,0.0000,0.0000,0.0000,0.0000
1789461224.3802,0.0000,0.0000,0.0000,0.0000,-0.0000,0.0000,0.0000,0.0000,0.0000,0.0000,0.0000,0.0000
1789461224.4302,0.0000,0.0000,0.0000,0.0000,-0.0000,0.0000,0.0000,0.0000,0.0000,0.0000,0.0000,0.0000
1789461224.4804,0.0000,0.0000,0.0000,0.0000,-0.0000,0.0000,0.0000,0.0000,0.0000,0.0000,0.0000,0.0000
1789461224.5307,0.0000,0.0000,0.0000,0.0000,-0.0000,0.0000,0.0000,0.0000,0.0000,0.0000,0.0000,0.0000
1789461224.5803,0.0000,0.0000,0.0000,0.0000,-0.0000,0.0000,0.0000,0.0000,0.0000,0.0000,0.0000,0.0000
1789461224.6305,0.0000,0.0000,0.0000,0.0000,-0.0000,0.0000,0.0000,0.0000,0.0000,0.0000,0.0000,0.0000
1789461224.6805,0.0000,0.0000,0.0000,0.0000,-0.0000,0.0000,0.0000,0.0000,0.0000,0.0000,0.0000,0.0000
1789461224.7302,0.0000,0.0000,0.0000,0.0000,-0.0000,0.0000,0.0000,0.0000,0.0000,0.0000,0.0000,0.0000
1789461224.7804,0.0000,0.0000,0.0000,0.0000,-0.0000,0.0000,0.0000,0.0000,0.0000,0.0000,0.0000,0.0000
1789461224.8303,0.0000,0.0000,0.0000,0.0000,-0.0000,0.0000,0.0000,0.0000,0.0000,0.0000,0.0000,0.0000
1789461224.8806,0.0000,0.0000,0.0000,0.0000,-0.0000,0.0000,0.0000,0.0000,0.0000,0.0000,0.0000,0.0000
1789461224.9303,0.0000,0.0000,0.0000,0.0000,-0.0000,0.0000,0.0000,0.0000,0.0000,0.0000,0.0000,0.0000
1789461224.9803,0.0000,0.0000,0.0000,0.0000,-0.0000,0.0000,0.0000,0.0000,0.0000,0.0000,0.0000,0.0000
1789461225.0303,0.0000,0.0000,0.0000,0.0000,-0.0000,0.0000,0.0000,0.0000,0.0000,0.0000,0.0000,0.0000
1789461225.0802,0.0000,0.0000,0.0000,0.0000,-0.0000,0.0000,0.0000,0.0000,0.0000,0.0000,0.0000,0.0000
1789461225.1303,0.0000,0.0000,0.0000,0.0000,-0.0000,0.0000,0.0000,0.0000,0.0000,0.0000,0.0000,0.0000
1789461225.1805,0.0000,0.0000,0.0000,0.0000,-0.0000,0.0000,0.0000,0.0000,0.0000,0.0000,0.0000,0.0000
1789461225.2303,0.0000,0.0000,0.0000,0.0000,-0.0000,0.0000,0.0000,0.0000,0.0000,0.0000,0.0000,0.0000
1789461225.2803,0.0000,0.0000,0.0000,0.0000,-0.0000,0.0000,0.0000,0.0000,0.0000,0.0000,0.0000,0.0000
1789461225.3303,0.0000,0.0000,0.0000,0.0000,-0.0000,0.0000,0.0000,0.0000,0.0000,0.0000,0.0000,0.0000
1789461225.3805,0.0000,0.0000,0.0000,0.0000,-0.0000,0.0000,0.0000,0.0000,0.0000,0.0000,0.0000,0.0000
1789461225.4301,0.0000,0.0000,0.0000,0.0000,-0.0000,0.0000,0.0000,0.0000,0.0000,0.0000,0.0000,0.0000
1789461225.4804,0.0000,0.0000,0.0000,0.0000,-0.0000,0.0000,0.0000,0.0000,0.0000,0.0000,0.0000,0.0000
1789461225.5303,0.0000,0.0000,0.0000,0.0000,-0.0000,0.0000,0.0000,0.0000,0.0000,0.0000,0.0000,0.0000
1789461225.5806,0.0000,0.0000,0.0000,0.0000,-0.0000,0.0000,0.0000,0.0000,0.0000,0.0000,0.0000,0.0000
1789461225.6302,0.0000,0.0000,0.0000,0.0000,-0.0000,0.0000,0.0000,0.0000,0.0000,0.0000,0.0000,0.0000
1789461225.6804,0.0000,0.0000,0.0000,0.0000,-0.0000,0.0000,0.0000,0.0000,0.0000,0.0000,0.0000,0.0000
1789461225.7303,0.0000,0.0000,0.0000,0.0000,-0.0000,0.0000,0.0000,0.0000,0.0000,0.0000,0.0000,0.0000
1789461225.7804,0.0000,0.0000,0.0000,0.0000,-0.0000,0.0000,0.0000,0.0000,0.0000,0.0000,0.0000,0.0000
1789461225.8303,0.0000,0.0000,0.0000,0.0000,-0.0000,0.0000,0.0000,0.0000,0.0000,0.0000,0.0000,0.0000
1789461225.8799,0.0000,0.0000,0.0000,0.0000,-0.0000,0.0000,0.0000,0.0000,0.0000,0.0000,0.0000,0.0000
1789461225.9303,0.0000,0.0000,0.0000,0.0000,-0.0000,0.0000,0.0000,0.0000,0.0000,0.0000,0.0000,0.0000
1789461225.9804,0.0000,0.0000,0.0000,0.0000,-0.0000,0.0000,0.0000,0.0000,0.0000,0.0000,0.0000,0.0000
1789461226.0302,0.0000,0.0000,0.0000,0.0000,-0.0000,0.0000,0.0000,0.0000,0.0000,0.0000,0.0000,0.0000
1789461226.0804,0.0000,0.0000,0.0000,0.0000,-0.0000,0.0000,0.0000,0.0000,0.0000,0.0000,0.0000,0.0000
1789461226.1302,0.0000,0.0000,0.0000,0.0000,-0.0000,0.0000,0.0000,0.0000,0.0000,0.0000,0.0000,0.0000
1789461226.1804,0.0000,0.0000,0.0000,0.0000,-0.0000,0.0000,0.0000,0.0000,0.0000,0.0000,0.0000,0.0000
1789461226.2302,0.0000,0.0000,0.0000,0.0000,-0.0000,0.0000,0.0000,0.0000,0.0000,0.0000,0.0000,0.0000
1789461226.2805,0.0000,0.0000,0.0000,0.0000,-0.0000,0.0000,0.0000,0.0000,0.0000,0.0000,0.0000,0.0000
1789461226.3304,0.0000,0.0000,0.0000,0.0000,-0.0000,0.0000,0.0000,0.0000,0.0000,0.0000,0.0000,0.0000
1789461226.3808,0.0000,0.0000,0.0000,0.0000,-0.0000,0.0000,0.0000,0.0000,0.0000,0.0000,0.0000,0.0000
1789461226.4303,0.0000,0.0000,0.0000,0.0000,-0.0000,0.0000,0.0000,0.0000,0.0000,0.0000,0.0000,0.0000
1789461226.4804,0.0000,0.0000,0.0000,0.0000,-0.0000,0.0000,0.0000,0.0000,0.0000,0.0000,0.0000,0.0000
1789461226.5302,0.0000,0.0000,0.0000,0.0000,-0.0000,0.0000,0.0000,0.0000,0.0000,0.0000,0.0000,0.0000
1789461226.5805,0.0000,0.0000,0.0000,0.0000,-0.0000,0.0000,0.0000,0.0000,0.0000,0.0000,0.0000,0.0000
1789461226.6303,0.0000,0.0000,0.0000,0.0000,-0.0000,0.0000,0.0000,0.0000,0.0000,0.0000,0.0000,0.0000
1789461226.6804,0.0000,0.0000,0.0000,0.0000,-0.0000,0.0000,0.0000,0.0000,0.0000,0.0000,0.0000,0.0000
1789461226.7303,0.0000,0.0000,0.0000,0.0000,-0.0000,0.0000,0.0000,0.0000,0.0000,0.0000,0.0000,0.0000
1789461226.7804,0.0000,0.0000,0.0000,0.0000,-0.0000,0.0000,0.0000,0.0000,0.0000,0.0000,0.0000,0.0000
1789461226.8302,0.0000,0.0000,0.0000,0.0000,-0.0000,0.0000,0.0000,0.0000,0.0000,0.0000,0.0000,0.0000
1789461226.8804,0.0000,0.0000,0.0000,0.0000,-0.0000,0.0000,0.0000,0.0000,0.0000,0.0000,0.0000,0.0000
1789461226.9303,0.0000,0.0000,0.0000,0.0000,-0.0000,0.0000,0.0000,0.0000,0.0000,0.0000,0.0000,0.0000
1789461226.9804,0.0000,0.0000,0.0000,0.0000,-0.0000,0.0000,0.0000,0.0000,0.0000,0.0000,0.0000,0.0000
1789461227.0303,0.0000,0.0000,0.0000,0.0000,-0.0000,0.0000,0.0000,0.0000,0.0000,0.0000,0.0000,0.0000
1789461227.0813,0.0000,0.0000,0.0000,0.0000,-0.0000,0.0000,0.0000,0.0000,0.0000,0.0000,0.0000,0.0000
1789461227.1304,0.0000,0.0000,0.0000,0.0000,-0.0000,0.0000,0.0000,0.0000,0.0000,0.0000,0.0000,0.0000
1789461227.1805,0.0000,0.0000,0.0000,0.0000,-0.0000,0.0000,0.0000,0.0000,0.0000,0.0000,0.0000,0.0000
1789461227.2303,0.0000,0.0000,0.0000,0.0000,-0.0000,0.0000,0.0000,0.0000,0.0000,0.0000,0.0000,0.0000
1789461227.2805,0.0000,0.0000,0.0000,0.0000,-0.0000,0.0000,0.0000,0.0000,0.0000,0.0000,0.0000,0.0000
1789461227.3304,0.0000,0.0000,0.0000,0.0000,-0.0000,0.0000,0.0000,0.0000,0.0000,0.0000,0.0000,0.0000
1789461227.3804,0.0000,0.0000,0.0000,0.0000,-0.0000,0.0000,0.0000,0.0000,0.0000,0.0000,0.0000,0.0000
1789461227.4304,0.0000,0.0000,0.0000,0.0000,-0.0000,0.0000,0.0000,0.0000,0.0000,0.0000,0.0000,0.0000
1789461227.4805,0.0000,0.0000,0.0000,0.0000,-0.0000,0.0000,0.0000,0.0000,0.0000,0.0000,0.0000,0.0000
1789461227.5304,0.0000,0.0000,0.0000,0.0000,-0.0000,0.0000,0.0000,0.0000,0.0000,0.0000,0.0000,0.0000
1789461227.5805,0.0000,0.0000,0.0000,0.0000,-0.0000,0.0000,0.0000,0.0000,0.0000,0.0000,0.0000,0.0000
1789461227.6303,0.0000,0.0000,0.0000,0.0000,-0.0000,0.0000,0.0000,0.0000,0.0000,0.0000,0.0000,0.0000
1789461227.6804,0.0000,0.0000,0.0000,0.0000,-0.0000,0.0000,0.0000,0.0000,0.0000,0.0000,0.0000,0.0000
1789461227.7303,0.0000,0.0000,0.0000,0.0000,-0.0000,0.0000,0.0000,0.0000,0.0000,0.0000,0.0000,0.0000
1789461227.7803,0.0000,0.0000,0.0000,0.0000,-0.0000,0.0000,0.0000,0.0000,0.0000,0.0000,0.0000,0.0000
1789461227.8305,0.0000,0.0000,0.0000,0.0000,-0.0000,0.0000,0.0000,0.0000,0.0000,0.0000,0.0000,0.0000
1789461227.8803,0.0000,0.0000,0.0000,0.0000,-0.0000,0.0000,0.0000,0.0000,0.0000,0.0000,0.0000,0.0000
1789461227.9303,0.0000,0.0000,0.0000,0.0000,-0.0000,0.0000,0.0000,0.0000,0.0000,0.0000,0.0000,0.0000
1789461227.9805,0.0000,0.0000,0.0000,0.0000,-0.0000,0.0000,0.0000,0.0000,0.0000,0.0000,0.0000,0.0000
1789461228.0305,0.0000,0.0000,0.0000,0.0000,-0.0000,0.0000,0.0000,0.0000,0.0000,0.0000,0.0000,0.0000
1789461228.0804,0.0000,0.0000,0.0000,0.0000,-0.0000,0.0000,0.0000,0.0000,0.0000,0.0000,0.0000,0.0000
1789461228.1798,0.0880,0.0100,9.0000,-0.0770,-0.0100,-8.0000,0.0770,0.0170,8.0000,-0.0880,-0.0480,-7.0000
1789461228.1812,0.1320,0.1040,11.0000,-0.1160,-0.0520,-12.0000,0.1160,0.0530,12.0000,-0.1320,-0.1000,-12.0000
1789461228.2305,0.1840,0.1480,17.0000,-0.1610,-0.0820,-18.0000,0.1610,0.1670,13.0000,-0.1840,-0.1320,-18.0000
1789461228.2805,0.2280,0.2130,19.0000,-0.2000,-0.1850,-18.0000,0.2000,0.2270,16.0000,-0.2280,-0.1650,-22.0000
1789461228.3306,0.2280,0.2320,18.0000,-0.2000,-0.2010,-18.0000,0.2000,0.2380,16.0000,-0.2280,-0.1700,-23.0000
1789461228.3807,0.3310,0.2950,24.0000,-0.2900,-0.2650,-23.0000,0.2900,0.2760,21.0000,-0.3310,-0.2740,-27.0000
1789461228.4304,0.3380,0.2520,28.0000,-0.2960,-0.3170,-21.0000,0.2960,0.1960,27.0000,-0.3380,-0.3330,-26.0000
1789461228.4817,0.3380,0.3250,24.0000,-0.2960,-0.2940,-22.0000,0.2960,0.2650,24.0000,-0.3380,-0.2700,-30.0000
1789461228.5305,0.6980,0.3940,52.0000,0.0640,-0.2370,15.0000,0.7760,0.5000,54.0000,0.1420,-0.0940,14.0000
1789461228.5804,0.9950,0.9250,52.0000,0.3600,0.3830,17.0000,0.9520,0.9230,51.0000,0.3180,0.2440,18.0000
1789461228.6304,0.9950,1.0040,51.0000,0.3600,0.3540,22.0000,0.9520,0.9300,53.0000,0.3180,0.2340,22.0000
1789461228.6807,0.9950,1.0240,51.0000,0.3600,0.3860,21.0000,0.9520,1.0190,49.0000,0.3180,0.3680,15.0000
1789461228.7304,0.9950,1.0690,49.0000,0.3600,0.3760,21.0000,0.9520,1.0260,48.0000,0.3180,0.4640,10.0000
1789461228.7806,0.9950,1.0430,50.0000,0.3600,0.3830,21.0000,0.9520,1.0180,48.0000,0.3180,0.3770,14.0000
1789461228.8306,0.9950,1.0400,49.0000,0.3600,0.3670,21.0000,0.9520,1.0040,48.0000,0.3180,0.3180,16.0000
1789461228.8805,0.9950,1.0500,48.0000,0.3600,0.3730,21.0000,0.9520,0.9930,48.0000,0.3180,0.3540,14.0000
1789461228.9304,0.9950,1.0330,48.0000,0.3600,0.3610,21.0000,0.9520,0.9590,49.0000,0.3180,0.3610,13.0000
1789461228.9806,0.9950,1.0310,48.0000,0.3600,0.3630,21.0000,0.9520,0.9680,49.0000,0.3180,0.3230,15.0000
1789461229.0305,0.9950,1.0380,47.0000,0.3600,0.3620,21.0000,0.9520,0.9570,49.0000,0.3180,0.3270,14.0000
1789461229.0806,0.9950,1.0190,48.0000,0.3600,0.3740,21.0000,0.9520,0.9660,48.0000,0.3180,0.3300,14.0000
1789461229.1305,0.9950,0.9720,50.0000,0.3600,0.3570,21.0000,0.9520,0.9920,47.0000,0.3180,0.3130,15.0000
1789461229.1805,0.9950,1.0080,48.0000,0.3600,0.3690,21.0000,0.9520,0.9970,46.0000,0.3180,0.3050,15.0000
1789461229.2305,0.9950,0.9920,49.0000,0.3600,0.3700,21.0000,0.9520,0.9780,47.0000,0.3180,0.3200,15.0000
1789461229.2806,0.9950,0.9890,49.0000,0.3600,0.3670,21.0000,0.9520,0.9430,48.0000,0.3180,0.3700,12.0000
1789461229.3305,0.9950,0.9650,50.0000,0.3600,0.3630,21.0000,0.9520,0.8980,51.0000,0.3180,0.3740,11.0000
1789461229.3806,0.9730,0.9690,48.0000,0.3790,0.3740,22.0000,0.9330,0.9170,48.0000,0.3400,0.3670,13.0000
1789461229.4305,0.9580,0.9490,48.0000,0.3920,0.4070,21.0000,0.9200,0.9280,47.0000,0.3540,0.3480,15.0000
1789461229.4806,0.9580,0.8970,51.0000,0.3920,0.3890,22.0000,0.9200,0.9710,44.0000,0.3540,0.3500,15.0000
1789461229.5306,0.9580,0.9360,49.0000,0.3920,0.4040,21.0000,0.9200,0.9660,44.0000,0.3540,0.3250,16.0000
1789461229.5806,0.9580,0.9590,49.0000,0.3920,0.4410,19.0000,0.9200,0.9590,44.0000,0.3540,0.2800,19.0000
1789461229.6304,0.9580,0.9800,47.0000,0.3920,0.4110,20.0000,0.9200,0.9710,43.0000,0.3540,0.2710,20.0000
1789461229.6808,0.9580,0.9580,49.0000,0.3920,0.3850,22.0000,0.9200,0.9390,44.0000,0.3540,0.3040,19.0000
1789461229.7305,0.9580,0.9410,49.0000,0.3920,0.3850,21.0000,0.9200,0.9310,44.0000,0.3540,0.3460,18.0000
1789461229.7805,0.9580,0.9660,48.0000,0.3920,0.3580,23.0000,0.9200,0.7960,52.0000,0.3540,0.3420,18.0000
1789461229.8303,0.9580,0.9670,48.0000,0.3920,0.3520,24.0000,0.9200,0.8390,50.0000,0.3540,0.3200,20.0000
1789461229.8805,0.9580,0.9470,49.0000,0.3920,0.3880,22.0000,0.9200,0.8840,48.0000,0.3540,0.3520,18.0000
1789461229.9304,0.9580,0.9600,48.0000,0.3920,0.3950,22.0000,0.9200,0.9050,48.0000,0.3540,0.3630,18.0000
1789461229.9804,0.9580,0.9360,50.0000,0.3920,0.3920,22.0000,0.9200,0.9530,45.0000,0.3540,0.3330,19.0000
1789461230.0306,0.9580,0.9670,48.0000,0.3920,0.3890,22.0000,0.9200,0.9320,47.0000,0.3540,0.3510,19.0000
1789461230.0805,0.9580,0.9630,48.0000,0.3920,0.3940,22.0000,0.9200,0.9170,47.0000,0.3540,0.3560,18.0000
1789461230.1303,0.8380,0.9650,38.0000,0.2720,0.3940,12.0000,0.6800,0.9090,27.0000,0.1140,0.3490,-7.0000
1789461230.1807,0.3020,0.6260,8.0000,-0.2640,-0.0500,-28.0000,0.2640,0.4490,13.0000,-0.3020,-0.1180,-27.0000
1789461230.2304,0.3020,0.3170,21.0000,-0.2640,-0.2320,-23.0000,0.2640,0.3250,15.0000,-0.3020,-0.1740,-29.0000
1789461230.2806,0.3020,0.3180,19.0000,-0.2640,-0.2520,-23.0000,0.2640,0.2730,16.0000,-0.3020,-0.2740,-25.0000
1789461230.3305,0.3020,0.2600,21.0000,-0.2640,-0.2820,-22.0000,0.2640,0.2340,18.0000,-0.3020,-0.3070,-24.0000
1789461230.3806,0.3020,0.2580,21.0000,-0.2640,-0.3080,-20.0000,0.2640,0.1620,22.0000,-0.3020,-0.3480,-22.0000
1789461230.4306,0.3020,0.2820,21.0000,-0.2640,-0.2950,-21.0000,0.2640,0.1840,22.0000,-0.3020,-0.3270,-23.0000
1789461230.4807,0.3020,0.2560,23.0000,-0.2640,-0.2970,-20.0000,0.2640,0.2130,21.0000,-0.3020,-0.2920,-25.0000
1789461230.5305,0.3020,0.2450,24.0000,-0.2640,-0.2950,-20.0000,0.2640,0.2220,21.0000,-0.3020,-0.2960,-25.0000
1789461230.5806,0.3020,0.2660,23.0000,-0.2640,-0.2870,-20.0000,0.2640,0.2270,22.0000,-0.3020,-0.3110,-24.0000
1789461230.6307,0.3020,0.2800,23.0000,-0.2640,-0.2850,-20.0000,0.2640,0.2380,22.0000,-0.3020,-0.3010,-24.0000
1789461230.6805,0.3020,0.2780,23.0000,-0.2640,-0.2780,-20.0000,0.2640,0.2310,23.0000,-0.3020,-0.2980,-25.0000
1789461230.7306,0.3020,0.2830,23.0000,-0.2640,-0.2770,-20.0000,0.2640,0.2390,23.0000,-0.3020,-0.3120,-24.0000
1789461230.7819,0.3020,0.2810,24.0000,-0.2640,-0.2750,-20.0000,0.2640,0.2600,22.0000,-0.3020,-0.3210,-23.0000
1789461230.8305,0.7820,0.4990,54.0000,0.2160,-0.1060,29.0000,0.8640,0.5370,60.0000,0.2980,-0.0210,29.0000
1789461230.8806,0.9580,0.8890,52.0000,0.3920,0.4140,20.0000,0.9200,0.9500,47.0000,0.3540,0.3240,20.0000
1789461230.9311,0.9580,0.9000,55.0000,0.3920,0.3830,25.0000,0.9200,0.9620,48.0000,0.3540,0.3030,24.0000
1789461230.9806,0.9580,0.9900,50.0000,0.3920,0.4120,24.0000,0.9200,1.0040,46.0000,0.3540,0.3460,22.0000
1789461231.0312,0.9580,1.0230,48.0000,0.3920,0.4090,24.0000,0.9200,0.9480,49.0000,0.3540,0.3470,23.0000
1789461231.0807,0.9580,1.0240,48.0000,0.3920,0.4230,23.0000,0.9200,0.9150,50.0000,0.3540,0.3470,23.0000
1789461231.1305,0.9580,1.0340,46.0000,0.3920,0.4220,23.0000,0.9200,0.8450,53.0000,0.3540,0.3480,23.0000
1789461231.1806,0.9580,1.0170,47.0000,0.3920,0.4020,24.0000,0.8000,0.8330,45.0000,0.4740,0.3600,33.0000
1789461231.2316,0.7740,0.8440,39.0000,0.5530,0.5470,30.0000,0.7590,0.7670,45.0000,0.5380,0.5440,29.0000
1789461231.2806,0.5020,0.6860,22.0000,0.7910,0.7250,42.0000,0.4570,0.6050,26.0000,0.8840,0.7780,48.0000
1789461231.3304,0.3620,0.4350,20.0000,0.9140,0.8540,48.0000,0.3790,0.5160,21.0000,0.9730,0.9090,51.0000
1789461231.3818,0.3180,0.3480,19.0000,0.9520,0.9400,48.0000,0.3600,0.4350,22.0000,0.9950,0.9910,50.0000
1789461231.4304,0.3180,0.3420,18.0000,0.9520,0.9530,48.0000,0.3600,0.4270,21.0000,0.9950,1.0310,49.0000
1789461231.4806,0.3180,0.3180,19.0000,0.9520,0.9350,50.0000,0.3600,0.4350,20.0000,0.9950,1.0080,50.0000
1789461231.5315,0.3180,0.3110,19.0000,0.9520,0.9530,49.0000,0.3600,0.4420,18.0000,0.9950,1.0210,49.0000
1789461231.5805,0.3180,0.3200,19.0000,0.9520,0.9170,51.0000,0.3600,0.4300,18.0000,0.9950,1.0190,49.0000
1789461231.6308,0.3180,0.3380,18.0000,0.9520,0.8830,53.0000,0.3600,0.4280,17.0000,0.9950,1.0040,49.0000
1789461231.6806,0.3030,0.3320,17.0000,0.9650,0.9070,53.0000,0.3470,0.4080,16.0000,1.0090,1.0260,49.0000
1789461231.7314,0.2880,0.2970,17.0000,0.9780,0.9120,55.0000,0.3280,0.3940,15.0000,1.0310,1.0300,51.0000
1789461231.7806,0.2810,0.2810,17.0000,0.9850,0.9440,54.0000,0.3280,0.3680,15.0000,1.0310,1.0350,50.0000
1789461231.8304,0.2810,0.2790,17.0000,0.9850,0.9560,54.0000,0.3280,0.3420,16.0000,1.0310,1.0490,50.0000
1789461231.8806,0.2810,0.2850,17.0000,0.9850,0.9720,54.0000,0.3280,0.3470,15.0000,1.0310,1.0310,51.0000
1789461231.9305,0.2810,0.2830,17.0000,0.9850,0.9850,53.0000,0.3280,0.3330,16.0000,1.0310,1.0380,50.0000
1789461231.9813,0.2810,0.2690,17.0000,0.9850,1.0480,50.0000,0.3280,0.3330,16.0000,1.0310,1.0390,50.0000
1789461232.0305,0.2440,0.2660,14.0000,1.0170,1.0750,50.0000,0.2960,0.2780,16.0000,1.0680,1.0510,52.0000
1789461232.0819,0.2440,0.2580,15.0000,1.0170,1.0380,52.0000,0.2960,0.2570,17.0000,1.0680,1.0920,50.0000
1789461232.1305,0.2440,0.2580,14.0000,1.0170,0.9720,56.0000,0.2960,0.2850,16.0000,1.0680,1.0610,52.0000
1789461232.1807,0.2440,0.2740,13.0000,1.0170,0.9790,56.0000,0.2960,0.3520,12.0000,1.0680,1.0790,51.0000
1789461232.2306,0.2440,0.2420,15.0000,1.0170,0.9770,56.0000,0.2960,0.3620,11.0000,1.0680,1.0650,52.0000
1789461232.2807,0.2440,0.2330,15.0000,1.0170,0.9870,56.0000,0.2960,0.3430,12.0000,1.0680,1.0620,52.0000
1789461232.3306,0.2440,0.2310,16.0000,1.0170,1.0050,55.0000,0.2960,0.3460,11.0000,1.0680,1.0800,51.0000
1789461232.3807,0.2440,0.2380,15.0000,1.0170,1.0440,53.0000,0.2960,0.3320,11.0000,1.0680,1.0610,52.0000
1789461232.4306,0.2440,0.2320,16.0000,1.0170,1.0870,50.0000,0.2960,0.3330,10.0000,1.0680,1.0730,51.0000
1789461232.4806,0.2440,0.2400,15.0000,1.0170,1.0800,50.0000,0.2960,0.3420,9.0000,1.0680,1.0760,51.0000
1789461232.5304,0.2440,0.2930,12.0000,1.0170,1.0080,54.0000,0.2960,0.2950,12.0000,1.0680,1.0650,52.0000
1789461232.5819,0.2440,0.2620,14.0000,1.0170,0.9830,55.0000,0.2960,0.2740,13.0000,1.0680,1.0820,51.0000
1789461232.6305,0.2440,0.2470,14.0000,1.0170,0.9910,55.0000,0.2960,0.2920,12.0000,1.0680,1.0600,52.0000
1789461232.6824,0.2440,0.2520,14.0000,1.0170,1.0030,54.0000,0.2960,0.2930,12.0000,1.0680,1.0670,51.0000
1789461232.7305,0.2440,0.2390,15.0000,1.0170,1.0080,54.0000,0.2960,0.3060,11.0000,1.0680,1.0660,52.0000
1789461232.7807,0.2440,0.2280,15.0000,1.0170,1.0290,53.0000,0.2960,0.3150,11.0000,1.0680,1.0630,52.0000
1789461232.8305,0.2440,0.2290,16.0000,1.0170,1.0710,51.0000,0.2960,0.3350,9.0000,1.0680,1.0670,52.0000
1789461232.8807,0.2440,0.2130,17.0000,1.0170,1.0810,50.0000,0.2960,0.3030,11.0000,1.0680,1.0470,53.0000
1789461232.9305,0.2440,0.2170,17.0000,1.0170,1.0250,52.0000,0.2960,0.2800,12.0000,1.0680,1.0560,52.0000
1789461232.9807,0.2440,0.2330,16.0000,1.0170,0.9830,54.0000,0.2960,0.2520,14.0000,1.0680,1.0740,51.0000
1789461233.0304,0.2440,0.2270,17.0000,1.0170,0.9860,54.0000,0.2960,0.2220,16.0000,1.0680,1.0520,53.0000
1789461233.0810,0.2440,0.2240,17.0000,1.0170,0.9980,54.0000,0.2960,0.2400,15.0000,1.0680,1.0630,52.0000
1789461233.1305,0.2440,0.2280,17.0000,1.0170,1.0110,54.0000,0.2960,0.2500,15.0000,1.0680,1.0540,53.0000
1789461233.1817,0.2440,0.2290,17.0000,1.0170,1.0040,54.0000,0.2960,0.2730,15.0000,1.0680,1.0590,53.0000
1789461233.2306,0.2440,0.2550,16.0000,1.0170,1.0090,54.0000,0.2960,0.3390,11.0000,1.0680,1.0850,51.0000
1789461233.2809,0.2440,0.2470,17.0000,1.0170,0.9980,55.0000,0.2960,0.3690,9.0000,1.0680,1.0400,54.0000
1789461233.3305,0.2440,0.2340,17.0000,1.0170,0.9900,55.0000,0.2960,0.3440,10.0000,1.0680,1.0480,54.0000
1789461233.3805,0.2440,0.2310,18.0000,1.0170,1.0040,55.0000,0.2960,0.3120,11.0000,1.0680,1.0510,54.0000
1789461233.4305,0.2440,0.2490,17.0000,1.0170,1.0140,54.0000,0.2960,0.3150,11.0000,1.0680,1.0700,53.0000
1789461233.4806,0.2440,0.2440,17.0000,1.0170,1.0340,53.0000,0.2960,0.3470,9.0000,1.0680,1.0720,53.0000
1789461233.5306,0.2440,0.2500,17.0000,1.0170,1.0190,54.0000,0.2960,0.3270,9.0000,1.0680,1.0640,53.0000
1789461233.5807,0.2440,0.2460,17.0000,1.0170,1.0320,53.0000,0.2960,0.3190,9.0000,1.0680,1.0770,52.0000
1789461233.6305,0.2440,0.2430,17.0000,1.0170,1.0670,51.0000,0.2960,0.3400,8.0000,1.0680,1.0430,54.0000
1789461233.6808,0.2440,0.2400,17.0000,1.0170,1.0500,52.0000,0.2960,0.3350,8.0000,1.0680,1.0570,54.0000
1789461233.7305,0.2440,0.2580,16.0000,1.0170,0.9900,55.0000,0.2960,0.3320,7.0000,1.0680,1.1030,51.0000
1789461233.7807,0.2440,0.2760,15.0000,1.0170,0.9960,55.0000,0.2960,0.3070,8.0000,1.0680,1.0790,52.0000
1789461233.8305,0.2440,0.3150,12.0000,1.0170,1.0050,54.0000,0.2960,0.2890,9.0000,1.0680,1.0990,51.0000
1789461233.8806,0.2440,0.3310,11.0000,1.0170,1.0180,54.0000,0.2960,0.2850,9.0000,1.0680,1.0950,51.0000
1789461233.9306,0.2440,0.3390,9.0000,1.0170,1.0470,52.0000,0.2960,0.2970,9.0000,1.0680,1.0890,51.0000
1789461233.9806,0.2440,0.3620,7.0000,1.0170,1.0210,54.0000,0.2960,0.3280,7.0000,1.0680,1.0980,50.0000
1789461234.0306,0.2440,0.3340,7.0000,1.0170,1.0020,55.0000,0.2960,0.3540,5.0000,1.0680,1.0630,52.0000
1789461234.0806,0.2440,0.2810,9.0000,1.0170,1.0450,52.0000,0.2960,0.3420,5.0000,1.0680,1.0240,54.0000
1789461234.1317,0.2440,0.2990,7.0000,1.0170,1.0260,53.0000,0.2960,0.2970,7.0000,1.0680,1.0510,53.0000
1789461234.1806,0.2440,0.3170,5.0000,1.0170,1.0160,53.0000,0.2960,0.2300,11.0000,1.0680,1.0910,51.0000
1789461234.2307,0.2590,0.2760,8.0000,1.0040,1.0210,52.0000,0.3080,0.1970,15.0000,1.0540,1.0970,49.0000
1789461234.2818,0.2590,0.2190,11.0000,1.0040,0.9850,54.0000,0.3080,0.2420,13.0000,1.0540,1.0560,51.0000
1789461234.3305,0.2590,0.1850,14.0000,1.0040,0.9870,54.0000,0.3080,0.2580,13.0000,1.0540,1.0660,50.0000
1789461234.3807,0.2590,0.1750,15.0000,1.0040,0.9810,54.0000,0.3080,0.2840,12.0000,1.0540,1.0360,52.0000
1789461234.4315,0.2590,0.1810,15.0000,1.0040,1.0390,51.0000,0.3080,0.3310,10.0000,1.0540,0.9970,54.0000
1789461234.4817,0.2590,0.2020,15.0000,1.0040,1.0470,51.0000,0.3080,0.3000,12.0000,1.0540,1.0310,53.0000
1789461234.5319,0.2590,0.2040,16.0000,1.0040,1.0690,49.0000,0.3080,0.2940,12.0000,1.0540,1.0220,54.0000
1789461234.5808,0.2590,0.2110,16.0000,1.0040,1.0600,49.0000,0.3080,0.2940,12.0000,1.0540,1.0640,52.0000
1789461234.6308,0.2590,0.2280,16.0000,1.0040,1.0010,52.0000,0.3080,0.2850,13.0000,1.0540,1.0900,50.0000
1789461234.6806,0.2590,0.2350,16.0000,1.0040,1.0050,51.0000,0.3080,0.2680,14.0000,1.0540,1.0700,51.0000
1789461234.7307,0.2590,0.2300,17.0000,1.0040,1.0130,51.0000,0.3080,0.2640,15.0000,1.0540,1.0600,51.0000
1789461234.7808,0.2590,0.2400,16.0000,1.0040,0.9840,52.0000,0.3080,0.2720,15.0000,1.0540,1.0370,53.0000
1789461234.8306,0.2590,0.2480,16.0000,1.0040,1.0000,51.0000,0.3080,0.2880,14.0000,1.0540,1.0120,54.0000
1789461234.8806,0.2590,0.2510,16.0000,1.0040,1.0290,50.0000,0.3080,0.3110,13.0000,1.0540,1.0220,54.0000
1789461234.9304,0.2590,0.2320,18.0000,1.0040,1.0010,51.0000,0.3080,0.2730,15.0000,1.0540,1.0300,54.0000
1789461234.9807,0.2590,0.2350,18.0000,1.0040,0.9850,52.0000,0.3080,0.2620,16.0000,1.0540,1.0200,55.0000
1789461235.0305,0.2590,0.2340,18.0000,1.0040,0.9580,54.0000,0.3080,0.2500,18.0000,1.0540,1.0300,55.0000
1789461235.0819,0.2590,0.2390,18.0000,1.0040,0.9820,53.0000,0.3080,0.2690,17.0000,1.0540,1.0420,54.0000
1789461235.1305,0.2590,0.2500,17.0000,1.0040,1.0010,52.0000,0.3080,0.3100,15.0000,1.0540,1.0900,52.0000
1789461235.1807,0.2590,0.2510,18.0000,1.0040,1.0080,52.0000,0.3080,0.2860,17.0000,1.0540,1.0560,53.0000
1789461235.2305,0.2590,0.2540,18.0000,1.0040,0.9990,52.0000,0.3080,0.3050,16.0000,1.0540,1.0300,55.0000
1789461235.2808,0.2590,0.2550,18.0000,1.0040,1.0130,52.0000,0.3080,0.3550,13.0000,1.0540,1.0280,55.0000
1789461235.3304,0.2590,0.2590,17.0000,1.0040,1.0400,50.0000,0.3080,0.3340,14.0000,1.0540,1.0160,56.0000
1789461235.3808,0.2590,0.2710,17.0000,1.0040,1.0540,49.0000,0.3080,0.2980,16.0000,1.0540,1.0410,55.0000
1789461235.4306,0.2590,0.2690,17.0000,1.0040,0.9830,53.0000,0.3080,0.2960,16.0000,1.0540,1.0780,53.0000
1789461235.4808,0.2590,0.2540,18.0000,1.0040,0.9840,52.0000,0.3080,0.2970,16.0000,1.0540,1.1010,52.0000
1789461235.5305,0.2590,0.2440,18.0000,1.0040,1.0160,51.0000,0.3080,0.3060,16.0000,1.0540,1.0730,53.0000
1789461235.5827,0.2590,0.2370,19.0000,1.0040,0.9880,52.0000,0.3080,0.2960,16.0000,1.0540,1.0270,55.0000
1789461235.6305,0.2590,0.2470,18.0000,1.0040,0.9950,52.0000,0.3080,0.2880,17.0000,1.0540,1.0040,57.0000
1789461235.6818,0.2590,0.2480,18.0000,1.0040,1.0080,51.0000,0.3080,0.3340,15.0000,1.0540,1.0010,57.0000
1789461235.7307,0.2590,0.2600,18.0000,1.0040,1.0270,50.0000,0.3080,0.3150,16.0000,1.0540,0.9860,59.0000
1789461235.7807,0.2590,0.2490,19.0000,1.0040,1.0300,50.0000,0.3080,0.2740,18.0000,1.0540,1.0360,57.0000
1789461235.8306,0.2590,0.2560,18.0000,1.0040,1.0290,50.0000,0.3080,0.2800,18.0000,1.0540,1.0610,56.0000
1789461235.8817,0.2590,0.3630,12.0000,1.0040,1.0030,51.0000,0.3080,0.2910,17.0000,1.0540,1.1300,52.0000
1789461235.9305,0.2590,0.3420,13.0000,1.0040,1.0070,50.0000,0.3080,0.3140,16.0000,1.0540,1.0960,53.0000
1789461235.9807,0.2590,0.2850,15.0000,1.0040,1.0210,50.0000,0.3080,0.3320,15.0000,1.0540,1.0410,56.0000
1789461236.0308,0.2590,0.2780,15.0000,1.0040,1.0000,51.0000,0.3080,0.3180,16.0000,1.0540,1.0010,58.0000
1789461236.0824,0.2590,0.2940,13.0000,1.0040,1.0030,50.0000,0.3080,0.2930,17.0000,1.0540,0.9900,59.0000
1789461236.1316,0.2590,0.2970,13.0000,1.0040,1.0290,49.0000,0.3080,0.3070,16.0000,1.0540,1.0220,58.0000
1789461236.1828,0.2590,0.2850,13.0000,1.0040,1.0270,49.0000,0.3080,0.3070,17.0000,1.0540,1.0720,55.0000
1789461236.2326,0.2590,0.2720,14.0000,1.0040,1.0200,49.0000,0.3080,0.2980,17.0000,1.0540,1.0810,55.0000
1789461236.2826,0.2590,0.2990,12.0000,1.0040,1.0170,49.0000,0.3080,0.2920,18.0000,1.0540,1.1450,51.0000
1789461236.3327,0.2590,0.2970,11.0000,1.0040,1.0180,49.0000,0.3080,0.2850,18.0000,1.0540,1.1160,52.0000
1789461236.3826,0.2290,0.2450,11.0000,1.0300,1.0210,51.0000,0.2830,0.2760,17.0000,1.0830,1.0730,56.0000
1789461236.4344,0.2290,0.2460,11.0000,1.0300,1.0160,51.0000,0.2830,0.2810,16.0000,1.0830,1.0240,59.0000
1789461236.4828,0.2290,0.2390,11.0000,1.0300,1.0280,51.0000,0.2830,0.3080,15.0000,1.0830,1.0110,60.0000
1789461236.5338,0.2290,0.2050,13.0000,1.0300,1.0440,50.0000,0.2830,0.3000,15.0000,1.0830,1.0570,59.0000
1789461236.5829,0.2290,0.2180,12.0000,1.0300,1.0390,50.0000,0.2830,0.2970,15.0000,1.0830,1.1110,56.0000
1789461236.6332,0.2290,0.2780,9.0000,1.0300,1.0250,51.0000,0.2830,0.2790,16.0000,1.0830,1.1490,54.0000
1789461236.6827,0.2070,0.2860,6.0000,1.0490,1.0380,52.0000,0.2630,0.2760,14.0000,1.1050,1.1850,53.0000
1789461236.7327,0.2070,0.2520,7.0000,1.0490,1.0490,51.0000,0.2630,0.2380,16.0000,1.1050,1.1660,53.0000
1789461236.7846,0.1930,0.2420,5.0000,1.0620,1.0330,53.0000,0.2500,0.2540,14.0000,1.1200,1.1270,56.0000
1789461236.8326,0.1560,0.1940,2.0000,1.0940,1.0720,54.0000,0.2180,0.2140,14.0000,1.1570,1.0660,63.0000
1789461236.8826,0.1560,0.1080,7.0000,1.0940,1.0800,54.0000,0.2180,0.2140,13.0000,1.1570,1.0830,63.0000
1789461236.9327,0.1560,0.1320,5.0000,1.0940,1.1240,52.0000,0.2180,0.2400,12.0000,1.1570,1.1270,61.0000
1789461236.9826,0.1560,0.1500,4.0000,1.0940,1.1200,52.0000,0.2180,0.2140,13.0000,1.1570,1.1610,60.0000
1789461237.0331,0.1560,0.1560,4.0000,1.0940,1.1040,53.0000,0.2180,0.1750,15.0000,1.1570,1.2050,57.0000
1789461237.0827,0.1560,0.1570,4.0000,1.0940,1.0920,53.0000,0.2180,0.1810,15.0000,1.1570,1.2200,56.0000
1789461237.1331,0.1560,0.1110,7.0000,1.0940,1.0860,54.0000,0.2180,0.1920,15.0000,1.1570,1.1740,58.0000
1789461237.1826,0.1560,0.1030,8.0000,1.0940,1.0760,54.0000,0.2180,0.1930,15.0000,1.1570,1.0680,64.0000
1789461237.2330,0.1560,0.1070,8.0000,1.0940,1.0980,53.0000,0.2180,0.1860,16.0000,1.1570,1.0820,64.0000
1789461237.2826,0.1560,0.1320,7.0000,1.0940,1.1000,53.0000,0.2180,0.1940,16.0000,1.1570,1.1210,62.0000
1789461237.3326,0.1560,0.1080,9.0000,1.0940,1.1130,52.0000,0.2180,0.2170,15.0000,1.1570,1.1340,62.0000
1789461237.3828,0.1560,0.1330,8.0000,1.0940,1.1140,52.0000,0.2180,0.1970,16.0000,1.1570,1.1390,62.0000
1789461237.4326,0.1560,0.1930,5.0000,1.0940,1.0880,53.0000,0.2180,0.1920,16.0000,1.1570,1.1580,62.0000
1789461237.4828,0.1560,0.2000,4.0000,1.0940,1.0880,53.0000,0.2180,0.2130,15.0000,1.1570,1.2190,58.0000
1789461237.5327,0.1560,0.1480,7.0000,1.0940,1.0830,54.0000,0.2180,0.2200,15.0000,1.1570,1.1010,65.0000
1789461237.5827,0.1560,0.1160,9.0000,1.0940,1.0750,54.0000,0.2180,0.2360,14.0000,1.1570,1.0650,67.0000
1789461237.6328,0.1560,0.1050,10.0000,1.0940,1.0730,54.0000,0.2180,0.2310,14.0000,1.1570,1.1380,63.0000
1789461237.6827,0.1560,0.1310,9.0000,1.0940,1.1140,52.0000,0.2180,0.2270,15.0000,1.1570,1.1420,64.0000
1789461237.7327,0.1560,0.1170,10.0000,1.0940,1.1090,52.0000,0.2180,0.2200,15.0000,1.1570,1.2270,59.0000
1789461237.7827,0.1560,0.1490,8.0000,1.0940,1.0930,53.0000,0.2180,0.2300,14.0000,1.1570,1.2130,59.0000
1789461237.8329,0.1560,0.1670,8.0000,1.0940,1.1160,52.0000,0.2180,0.2250,15.0000,1.1570,1.2400,57.0000
1789461237.8828,0.1560,0.1350,10.0000,1.0940,1.0730,54.0000,0.2180,0.2190,15.0000,1.1570,1.1390,62.0000
1789461237.9327,0.1560,0.1290,10.0000,1.0940,1.0770,54.0000,0.2180,0.2390,14.0000,1.1570,1.0660,66.0000
1789461237.9828,0.1560,0.1430,9.0000,1.0940,1.0970,53.0000,0.2180,0.2310,14.0000,1.1570,1.1270,63.0000
1789461238.0326,0.1560,0.1240,11.0000,1.0940,1.0870,54.0000,0.2180,0.2240,14.0000,1.1570,1.1690,61.0000
1789461238.0827,0.1560,0.1270,11.0000,1.0940,1.1090,53.0000,0.2180,0.2270,14.0000,1.1570,1.1940,60.0000
1789461238.1327,0.1560,0.1360,11.0000,1.0940,1.1130,52.0000,0.2180,0.2190,15.0000,1.1570,1.1850,60.0000
1789461238.1826,0.1560,0.1630,9.0000,1.0940,1.1040,53.0000,0.2180,0.2200,15.0000,1.1570,1.2190,58.0000
1789461238.2327,0.1560,0.1790,9.0000,1.0940,1.0970,53.0000,0.2180,0.2230,15.0000,1.1570,1.1410,62.0000
1789461238.2827,0.1560,0.1620,9.0000,1.0940,1.0840,53.0000,0.2180,0.2190,15.0000,1.1570,1.0770,66.0000
1789461238.3327,0.1560,0.1350,11.0000,1.0940,1.0790,54.0000,0.2180,0.2130,15.0000,1.1570,1.0850,66.0000
1789461238.3827,0.1560,0.1450,10.0000,1.0940,1.1010,53.0000,0.2180,0.2060,16.0000,1.1570,1.1450,63.0000
1789461238.4327,0.1710,0.1750,11.0000,1.0810,1.0920,52.0000,0.2310,0.2310,16.0000,1.1420,1.2140,58.0000
1789461238.4827,0.1710,0.1740,11.0000,1.0810,1.1020,51.0000,0.2310,0.2430,15.0000,1.1420,1.1900,59.0000
1789461238.5326,0.1710,0.1920,10.0000,1.0810,1.1070,51.0000,0.2310,0.2210,16.0000,1.1420,1.1780,59.0000
1789461238.5832,0.1710,0.2070,9.0000,1.0810,1.0880,52.0000,0.2310,0.2190,16.0000,1.1420,1.1340,61.0000
1789461238.6326,0.1710,0.2340,7.0000,1.0810,1.0590,53.0000,0.2310,0.2040,17.0000,1.1420,1.0600,65.0000
1789461238.6828,0.1710,0.2260,7.0000,1.0810,1.0840,52.0000,0.2310,0.1990,18.0000,1.1420,1.0490,66.0000
1789461238.7327,0.1710,0.2250,6.0000,1.0810,1.1080,50.0000,0.2310,0.2240,17.0000,1.1420,1.0610,67.0000
1789461238.7828,0.1710,0.2280,6.0000,1.0810,1.1140,50.0000,0.2310,0.2420,16.0000,1.1420,1.1200,64.0000
1789461238.8326,0.1710,0.2270,5.0000,1.0810,1.1080,50.0000,0.2310,0.2530,15.0000,1.1420,1.1510,63.0000
1789461238.8828,0.1710,0.2010,6.0000,1.0810,1.0900,51.0000,0.2310,0.2420,16.0000,1.1420,1.1600,63.0000
1789461238.9327,0.1710,0.1890,6.0000,1.0810,1.0990,50.0000,0.2310,0.2220,17.0000,1.1420,1.1860,61.0000
1789461238.9827,0.1710,0.2050,5.0000,1.0810,1.1040,49.0000,0.2310,0.2210,17.0000,1.1420,1.1930,60.0000
1789461239.0326,0.1710,0.2320,3.0000,1.0810,1.1000,49.0000,0.2310,0.2270,16.0000,1.1420,1.1170,64.0000
1789461239.0826,0.1710,0.2570,1.0000,1.0810,1.0880,50.0000,0.2310,0.2260,17.0000,1.1420,1.0670,67.0000
1789461239.1327,0.1710,0.2090,3.0000,1.0810,1.0780,50.0000,0.2310,0.2260,17.0000,1.1420,1.0990,66.0000
1789461239.1827,0.1710,0.1730,4.0000,1.0810,1.0880,50.0000,0.2310,0.2260,17.0000,1.1420,1.1160,65.0000
1789461239.2326,0.1710,0.1780,3.0000,1.0810,1.0810,50.0000,0.2310,0.2220,17.0000,1.1420,1.1430,64.0000
1789461239.2826,0.1710,0.1950,2.0000,1.0810,1.0870,50.0000,0.2310,0.2200,17.0000,1.1420,1.2090,60.0000
1789461239.3327,0.1710,0.2110,1.0000,1.0810,1.0860,50.0000,0.2310,0.2240,17.0000,1.1420,1.1990,61.0000
1789461239.3826,0.1710,0.2290,0.0000,1.0810,1.0750,50.0000,0.2310,0.2280,17.0000,1.1420,1.1060,65.0000
1789461239.4326,0.1710,0.2070,0.0000,1.0810,1.0790,50.0000,0.2310,0.2490,16.0000,1.1420,1.0330,70.0000
1789461239.4827,0.1710,0.1990,0.0000,1.0810,1.0810,50.0000,0.2310,0.2460,16.0000,1.1420,1.1110,66.0000
1789461239.5326,0.1710,0.2070,-1.0000,1.0810,1.0790,50.0000,0.2310,0.2340,17.0000,1.1420,1.2050,61.0000
1789461239.5834,0.1710,0.2370,-3.0000,1.0810,1.0860,50.0000,0.2310,0.2380,16.0000,1.1420,1.2530,58.0000
1789461239.6327,0.1710,0.2510,-4.0000,1.0810,1.0720,50.0000,0.2310,0.2350,17.0000,1.1420,1.2230,59.0000
1789461239.6830,0.1710,0.2190,-3.0000,1.0810,1.0570,51.0000,0.2310,0.2350,17.0000,1.1420,1.2040,59.0000
1789461239.7327,0.1710,0.2160,-4.0000,1.0810,1.0460,52.0000,0.2310,0.2380,17.0000,1.1420,1.1450,62.0000
1789461239.7826,0.1710,0.1760,-2.0000,1.0810,1.0270,54.0000,0.2310,0.2310,17.0000,1.1420,1.1230,62.0000
1789461239.8328,0.1710,0.1400,0.0000,1.0810,1.0180,55.0000,0.2310,0.2260,17.0000,1.1420,1.1860,59.0000
1789461239.8826,0.1710,0.1280,0.0000,1.0810,1.0380,54.0000,0.2310,0.2360,17.0000,1.1420,1.2180,57.0000
1789461239.9335,0.1710,0.1630,-1.0000,1.0810,1.0810,52.0000,0.2310,0.2370,17.0000,1.1420,1.1960,57.0000
1789461239.9833,0.1930,0.1470,3.0000,1.0620,1.0960,50.0000,0.2500,0.2550,18.0000,1.1200,1.1950,54.0000
1789461240.0327,0.1930,0.1330,5.0000,1.0620,1.0880,50.0000,0.2500,0.2750,17.0000,1.1200,1.1530,56.0000
1789461240.0826,0.1930,0.1620,4.0000,1.0620,1.0940,49.0000,0.2500,0.2480,18.0000,1.1200,1.1250,57.0000
1789461240.1331,0.1930,0.1470,5.0000,1.0620,1.0610,51.0000,0.2500,0.2280,19.0000,1.1200,1.0810,59.0000
1789461240.1827,0.1930,0.1490,5.0000,1.0620,0.9630,57.0000,0.2500,0.2540,18.0000,1.1200,1.1180,57.0000
1789461240.2340,0.1930,0.1690,5.0000,1.0620,0.9960,55.0000,0.2500,0.2460,18.0000,1.1200,1.1730,54.0000
1789461240.2837,0.1930,0.1810,4.0000,1.0620,1.0600,52.0000,0.2500,0.2630,17.0000,1.1200,1.1720,54.0000
1789461240.3337,0.1930,0.1510,7.0000,1.0620,1.1040,50.0000,0.2500,0.2580,17.0000,1.1200,1.0800,59.0000
1789461240.3835,0.1930,0.1400,8.0000,1.0620,1.0930,51.0000,0.2500,0.2490,18.0000,1.1200,1.0730,59.0000
1789461240.4338,0.1930,0.1500,7.0000,1.0620,1.0960,50.0000,0.2500,0.2500,18.0000,1.1200,1.1220,57.0000
1789461240.4836,0.1850,0.2020,4.0000,1.0680,1.0830,51.0000,0.2440,0.2540,17.0000,1.1270,1.0230,63.0000
1789461240.5337,0.1190,0.1630,-3.0000,1.1260,1.1050,55.0000,0.1860,0.2120,13.0000,1.1930,1.0860,66.0000
1789461240.5837,0.0010,0.0290,0.0000,1.2290,1.1750,61.0000,0.0830,0.0790,6.0000,1.3110,1.3180,65.0000
1789461240.6340,0.0010,0.0600,0.0000,1.2290,1.2410,58.0000,0.0830,0.0330,8.0000,1.3110,1.3770,63.0000
1789461240.6836,0.0010,0.0860,0.0000,1.2290,1.2520,57.0000,0.0830,0.0110,9.0000,1.3110,1.3720,63.0000
1789461240.7341,0.0010,0.0470,0.0000,1.2290,1.2660,56.0000,0.0830,0.0110,10.0000,1.3110,1.2800,68.0000
1789461240.7839,0.0010,0.0270,0.0000,1.2290,1.2670,56.0000,0.0830,0.0420,9.0000,1.3110,1.2620,69.0000
1789461240.8335,0.0010,0.0160,0.0000,1.2290,1.2450,57.0000,0.0830,0.0310,10.0000,1.3110,1.2020,73.0000
1789461240.8837,0.0010,0.0150,0.0000,1.2290,1.2450,57.0000,0.0830,0.0800,8.0000,1.3110,1.2550,71.0000
1789461240.9336,0.0010,0.0560,0.0000,1.2290,1.2150,58.0000,0.0830,0.0590,9.0000,1.3110,1.3880,64.0000
1789461240.9838,0.0010,0.0620,0.0000,1.2290,1.2400,57.0000,0.0830,0.0450,10.0000,1.3110,1.4240,61.0000
1789461241.0341,0.0010,0.0070,0.0000,1.2290,1.2490,56.0000,0.0830,0.0370,11.0000,1.3110,1.2930,68.0000
1789461241.0836,0.0010,0.0000,0.0000,1.2290,1.2380,57.0000,0.0830,0.0880,9.0000,1.3110,1.3290,65.0000
1789461241.1338,0.0010,0.0000,0.0000,1.2290,1.2420,56.0000,0.0830,0.0610,11.0000,1.3110,1.2240,71.0000
1789461241.1838,0.0010,0.0000,0.0000,1.2290,1.2150,58.0000,0.0830,0.0450,12.0000,1.3110,1.2470,71.0000
1789461241.2338,0.0010,0.0140,0.0000,1.2290,1.2210,57.0000,0.0830,0.0500,12.0000,1.3110,1.3020,68.0000
1789461241.2837,0.0010,0.1070,0.0000,1.2290,1.2450,56.0000,0.0830,0.0970,10.0000,1.3110,1.3670,65.0000
1789461241.3338,0.0010,0.0940,0.0000,1.2290,1.2430,56.0000,0.0830,0.0670,11.0000,1.3110,1.2940,69.0000
1789461241.3839,0.0010,0.0090,0.0000,1.2290,1.2360,56.0000,0.0830,0.0760,11.0000,1.3110,1.3070,68.0000
1789461241.4336,0.0010,0.0010,0.0000,1.2290,1.2420,56.0000,0.0830,0.1200,8.0000,1.3110,1.2860,69.0000
1789461241.4837,0.0010,0.0000,0.0000,1.2290,1.2330,56.0000,0.0830,0.0400,13.0000,1.3110,1.2310,73.0000
1789461241.5337,0.0010,0.0230,0.0000,1.2290,1.2350,56.0000,0.0830,0.0540,12.0000,1.3110,1.2830,70.0000
1789461241.5848,0.0010,0.0950,0.0000,1.2290,1.2220,56.0000,0.0830,0.0950,10.0000,1.3110,1.3870,65.0000
1789461241.6336,0.0010,0.0940,0.0000,1.2290,1.2320,56.0000,0.0830,0.0590,12.0000,1.3110,1.3430,67.0000
1789461241.6839,0.0010,0.0150,0.0000,1.2290,1.2360,56.0000,0.0830,0.0630,12.0000,1.3110,1.3400,67.0000
1789461241.7338,0.0010,0.0010,0.0000,1.2290,1.2240,56.0000,0.0830,0.1090,10.0000,1.3110,1.3070,68.0000
1789461241.7837,0.0010,0.0000,0.0000,1.2290,1.1950,58.0000,0.0830,0.0650,12.0000,1.3110,1.2470,72.0000
1789461241.8337,0.0010,0.0000,0.0000,1.2290,1.2030,58.0000,0.0830,0.0690,12.0000,1.3110,1.2590,71.0000
1789461241.8837,0.0010,0.0010,0.0000,1.2290,1.2190,57.0000,0.0830,0.0920,11.0000,1.3110,1.3460,67.0000
1789461241.9337,0.0010,0.0000,0.0000,1.2290,1.2290,57.0000,0.0830,0.0590,13.0000,1.3110,1.3910,64.0000
1789461241.9838,0.0010,0.0000,0.0000,1.2290,1.2420,56.0000,0.0830,0.0470,14.0000,1.3110,1.3500,66.0000
1789461242.0337,0.0010,0.0000,0.0000,1.2290,1.2400,56.0000,0.0830,0.0930,11.0000,1.3110,1.3400,66.0000
1789461242.0837,0.0010,0.0000,0.0000,1.2290,1.2350,56.0000,0.0830,0.0500,14.0000,1.3110,1.2550,71.0000
1789461242.1337,0.0010,0.0000,0.0000,1.2290,1.2260,57.0000,0.0830,0.0540,14.0000,1.3110,1.2250,72.0000
1789461242.1838,0.0010,0.0000,0.0000,1.2290,1.2170,57.0000,0.0830,0.0980,12.0000,1.3110,1.2840,70.0000
1789461242.2335,0.0010,0.0000,0.0000,1.2290,1.2130,58.0000,0.0830,0.0860,12.0000,1.3110,1.3760,65.0000
1789461242.2838,0.0010,0.0000,0.0000,1.2290,1.2260,57.0000,0.0830,0.0650,14.0000,1.3110,1.4010,63.0000
1789461242.3337,0.0010,-0.0010,0.0000,1.2290,1.2480,56.0000,0.0830,0.1180,10.0000,1.3110,1.3390,66.0000
1789461242.3839,0.0010,-0.0020,0.0000,1.2290,1.2440,56.0000,0.0830,0.0790,13.0000,1.3110,1.2730,69.0000
1789461242.4337,0.0010,-0.0010,0.0000,1.2290,1.2320,56.0000,0.0830,0.1030,11.0000,1.3110,1.2250,72.0000
1789461242.4844,0.0010,0.0010,0.0000,1.2290,1.2360,56.0000,0.0830,0.0950,12.0000,1.3110,1.2240,73.0000
1789461242.5338,0.0010,0.0040,0.0000,1.2290,1.2380,56.0000,0.0830,0.0750,12.0000,1.3110,1.3190,68.0000
1789461242.5837,0.0010,0.0050,0.0000,1.2290,1.2560,55.0000,0.0830,0.1210,10.0000,1.3110,1.3570,66.0000
1789461242.6338,0.0010,0.0030,0.0000,1.2290,1.2460,55.0000,0.0830,0.0790,12.0000,1.3110,1.3790,65.0000
1789461242.6837,0.0230,0.0000,2.0000,1.2100,1.2220,55.0000,0.1020,0.1380,11.0000,1.2890,1.2870,68.0000
1789461242.7339,0.0230,-0.0000,2.0000,1.2100,1.2080,55.0000,0.1020,0.0860,14.0000,1.2890,1.2190,71.0000
1789461242.7838,0.0230,-0.0000,3.0000,1.2100,1.2140,55.0000,0.1020,0.1230,12.0000,1.2890,1.1890,73.0000
1789461242.8336,0.0230,-0.0000,3.0000,1.2100,1.1970,56.0000,0.1020,0.0820,14.0000,1.2890,1.2670,70.0000
1789461242.8837,0.0230,0.0040,3.0000,1.2100,1.2080,55.0000,0.1020,0.1270,11.0000,1.2890,1.3210,67.0000
1789461242.9337,0.0160,0.0180,2.0000,1.2160,1.1840,57.0000,0.0960,0.0920,13.0000,1.2960,1.3890,64.0000
1789461242.9837,0.0010,0.0120,0.0000,1.2290,1.2060,57.0000,0.0830,0.1130,9.0000,1.3110,1.3140,69.0000
1789461243.0339,0.0010,0.0020,0.0000,1.2290,1.2290,56.0000,0.0830,0.0770,11.0000,1.3110,1.2880,70.0000
1789461243.0837,0.0010,0.0000,0.0000,1.2290,1.2180,57.0000,0.0830,0.0420,13.0000,1.3110,1.1850,76.0000
1789461243.1344,0.0010,0.0080,0.0000,1.2290,1.2200,57.0000,0.0830,0.0660,12.0000,1.3110,1.2580,73.0000
1789461243.1837,0.0010,0.0260,0.0000,1.2290,1.2210,57.0000,0.0830,0.0890,11.0000,1.3110,1.3450,68.0000
1789461243.2338,0.0010,0.0190,0.0000,1.2290,1.2350,57.0000,0.0830,0.0580,13.0000,1.3110,1.3720,67.0000
1789461243.2836,0.0010,0.0370,0.0000,1.2290,1.2340,57.0000,0.0830,0.0850,12.0000,1.3110,1.3900,65.0000
1789461243.3339,0.0010,0.0420,0.0000,1.2290,1.2150,58.0000,0.0830,0.1030,11.0000,1.3110,1.3860,65.0000
1789461243.3837,0.0010,0.0090,0.0000,1.2290,1.2000,59.0000,0.0830,0.0620,13.0000,1.3110,1.2290,73.0000
1789461243.4339,0.0010,0.0010,0.0000,1.2290,1.1990,59.0000,0.0830,0.1180,10.0000,1.3110,1.2570,72.0000
1789461243.4838,0.0010,0.0050,0.0000,1.2290,1.2120,59.0000,0.0830,0.0620,13.0000,1.3110,1.3390,67.0000
1789461243.5338,0.0010,0.0000,0.0000,1.2290,1.2620,56.0000,0.0830,0.0680,12.0000,1.3110,1.3290,68.0000
1789461243.5837,-0.0720,-0.0020,-8.0000,1.2940,1.3180,59.0000,0.0190,0.0450,6.0000,1.3850,1.3880,71.0000
1789461243.6337,-0.0720,0.0000,-9.0000,1.2940,1.3180,59.0000,0.0190,0.0300,6.0000,1.3850,1.4810,66.0000
1789461243.6839,-0.0720,0.0000,-10.0000,1.2940,1.3030,59.0000,0.0190,0.0050,8.0000,1.3850,1.3640,73.0000
1789461243.7832,-0.0720,-0.0050,-10.0000,1.2940,1.2940,60.0000,0.0190,0.0060,8.0000,1.3850,1.2800,77.0000
1789461243.8330,-0.0720,-0.0030,-11.0000,1.2940,1.2770,61.0000,0.0190,0.0180,7.0000,1.3850,1.3940,71.0000
1789461243.8832,-0.0720,-0.0000,-12.0000,1.2940,1.3010,59.0000,0.0190,0.0130,7.0000,1.3850,1.4690,67.0000
1789461243.9332,-0.0720,-0.0030,-13.0000,1.2940,1.3080,59.0000,0.0190,0.0050,8.0000,1.3850,1.4520,68.0000
1789461243.9833,-0.0720,-0.0000,-14.0000,1.2940,1.2780,61.0000,0.0190,0.0000,8.0000,1.3850,1.4450,67.0000
1789461244.0343,-0.0720,-0.0000,-15.0000,1.2940,1.2510,62.0000,0.0190,0.0000,9.0000,1.3850,1.4410,67.0000
1789461244.0837,-0.0720,-0.0010,-16.0000,1.2940,1.2520,63.0000,0.0190,0.0000,9.0000,1.3850,1.3150,74.0000
1789461244.1342,-0.0720,-0.0330,-15.0000,1.2940,1.2710,62.0000,0.0190,0.0050,9.0000,1.3850,1.3450,72.0000
1789461244.1833,-0.0720,-0.0850,-12.0000,1.2940,1.2810,62.0000,0.0190,0.0260,8.0000,1.3850,1.4560,66.0000
1789461244.2331,-0.0720,-0.0700,-13.0000,1.2940,1.3190,60.0000,0.0190,0.0130,8.0000,1.3850,1.4100,69.0000
1789461244.2832,-0.0720,-0.0220,-16.0000,1.2940,1.3110,60.0000,0.0190,0.0040,9.0000,1.3850,1.4130,68.0000
1789461244.3331,-0.0720,-0.0030,-18.0000,1.2940,1.2830,61.0000,0.0190,0.0000,9.0000,1.3850,1.3260,73.0000
1789461244.3344,-0.0720,-0.0000,-18.0000,1.2940,1.2390,64.0000,0.0190,0.0000,10.0000,1.3850,1.3690,70.0000
1789461244.3839,-0.0720,-0.0000,-19.0000,1.2940,1.2760,62.0000,0.0190,0.0000,10.0000,1.3850,1.3630,71.0000
1789461244.4831,-0.0720,-0.0070,-20.0000,1.2940,1.3120,60.0000,0.0190,0.0120,9.0000,1.3850,1.3550,72.0000
1789461244.5332,-0.0720,-0.1060,-15.0000,1.2940,1.3200,60.0000,0.0190,0.0240,9.0000,1.3850,1.3530,72.0000
1789461244.5831,-0.0720,-0.1080,-15.0000,1.2940,1.3090,60.0000,0.0190,0.0440,8.0000,1.3850,1.3890,71.0000
1789461244.6332,-0.0720,-0.0490,-18.0000,1.2940,1.2730,62.0000,0.0190,0.0450,7.0000,1.3850,1.4110,69.0000
1789461244.6831,-0.0720,-0.0690,-17.0000,1.2940,1.2670,62.0000,0.0190,0.0200,9.0000,1.3850,1.3490,73.0000
1789461244.7331,-0.0720,-0.0840,-16.0000,1.2940,1.3060,60.0000,0.0190,0.0230,8.0000,1.3850,1.3310,74.0000
1789461244.7832,-0.0720,-0.0770,-17.0000,1.2940,1.3230,59.0000,0.0190,0.0160,9.0000,1.3850,1.3860,71.0000
1789461244.8330,-0.0720,-0.1000,-15.0000,1.2940,1.3300,59.0000,0.0190,0.0030,9.0000,1.3850,1.3930,71.0000
1789461244.8349,-0.0720,-0.0670,-17.0000,1.2940,1.3230,59.0000,0.0190,0.0030,10.0000,1.3850,1.4350,69.0000
1789461244.8839,-0.0720,-0.0810,-16.0000,1.2940,1.3080,59.0000,0.0190,0.0000,10.0000,1.3850,1.3960,70.0000
1789461244.9338,-0.0720,-0.0460,-18.0000,1.2940,1.2720,61.0000,0.0190,0.0000,10.0000,1.3850,1.3810,71.0000
1789461244.9838,-0.0720,-0.0770,-16.0000,1.2940,1.2780,61.0000,0.0190,0.0000,10.0000,1.3850,1.4040,70.0000
1789461245.0338,-0.0720,-0.0240,-19.0000,1.2940,1.3010,60.0000,0.0190,0.0000,11.0000,1.3850,1.4090,69.0000
1789461245.1331,-0.0720,-0.0970,-15.0000,1.2940,1.2990,60.0000,0.0190,0.0300,9.0000,1.3850,1.4010,69.0000
1789461245.1344,-0.0720,-0.0870,-16.0000,1.2940,1.3120,59.0000,0.0190,0.0140,10.0000,1.3850,1.4210,68.0000
1789461245.1839,-0.0720,-0.0410,-18.0000,1.2940,1.3150,59.0000,0.0190,0.0040,11.0000,1.3850,1.4000,69.0000
1789461245.2338,-0.0720,-0.0030,-21.0000,1.2940,1.2790,61.0000,0.0190,0.0030,11.0000,1.3850,1.3060,74.0000
1789461245.2838,-0.0720,-0.0000,-22.0000,1.2940,1.2720,61.0000,0.0190,0.0050,11.0000,1.3850,1.4070,69.0000
1789461245.3338,-0.0720,-0.0220,-21.0000,1.2940,1.2630,62.0000,0.0190,0.0230,10.0000,1.3850,1.4510,66.0000
1789461245.4332,-0.0720,-0.1290,-16.0000,1.2940,1.2680,62.0000,0.0190,0.0870,6.0000,1.3850,1.4190,68.0000
1789461245.4831,-0.0720,-0.0860,-18.0000,1.2940,1.2970,61.0000,0.0190,0.0460,8.0000,1.3850,1.3960,68.0000
1789461245.5332,-0.0720,-0.0800,-18.0000,1.2940,1.3050,61.0000,0.0190,0.0390,8.0000,1.3850,1.4340,66.0000
1789461245.5344,-0.0720,-0.0950,-17.0000,1.2940,1.3140,60.0000,0.0190,0.0110,10.0000,1.3850,1.2810,74.0000
1789461245.5840,-0.0720,-0.0310,-20.0000,1.2940,1.2940,61.0000,0.0190,0.0030,10.0000,1.3850,1.3500,71.0000
1789461245.6337,-0.0720,-0.0260,-21.0000,1.2940,1.2840,61.0000,0.0190,0.0040,10.0000,1.3850,1.4570,65.0000
1789461245.6839,-0.0720,-0.0770,-18.0000,1.2940,1.2730,62.0000,0.0190,0.0080,10.0000,1.3850,1.4470,66.0000
1789461245.7340,-0.0720,-0.1150,-16.0000,1.2940,1.2710,62.0000,0.0190,0.0030,10.0000,1.3850,1.3930,68.0000
1789461245.7851,-0.0720,-0.0870,-17.0000,1.2940,1.2950,61.0000,0.0190,0.0030,11.0000,1.3850,1.3970,68.0000
1789461245.8338,-0.0720,-0.0840,-17.0000,1.2940,1.2960,61.0000,0.0190,0.0060,11.0000,1.3850,1.3300,71.0000
1789461245.9332,-0.0720,-0.0270,-21.0000,1.2940,1.3040,61.0000,0.0190,0.0660,7.0000,1.3850,1.3680,69.0000
1789461245.9831,-0.0720,-0.0040,-22.0000,1.2940,1.2920,61.0000,0.0190,0.0760,6.0000,1.3850,1.3620,70.0000
1789461246.0332,-0.0720,-0.0090,-22.0000,1.2940,1.2720,63.0000,0.0190,0.0480,7.0000,1.3850,1.4170,67.0000
1789461246.0832,-0.0720,-0.0520,-21.0000,1.2940,1.2530,64.0000,0.0190,0.0190,8.0000,1.3850,1.4500,65.0000
1789461246.1332,-0.0720,-0.0700,-20.0000,1.2940,1.2830,62.0000,0.0190,0.0130,9.0000,1.3850,1.4540,64.0000
1789461246.1832,-0.0720,-0.1030,-18.0000,1.2940,1.3130,61.0000,0.0190,0.0810,5.0000,1.3850,1.3220,71.0000
1789461246.2332,-0.0720,-0.0710,-20.0000,1.2940,1.3270,60.0000,0.0190,0.0640,5.0000,1.3850,1.3650,69.0000
1789461246.2832,-0.0720,-0.0950,-19.0000,1.2940,1.3080,61.0000,0.0190,0.0430,6.0000,1.3850,1.4400,65.0000
1789461246.3331,-0.0720,-0.0590,-21.0000,1.2940,1.3020,61.0000,0.0190,0.0060,8.0000,1.3850,1.4520,64.0000
1789461246.3832,-0.0720,-0.1330,-16.0000,1.2940,1.2570,64.0000,0.0190,0.0080,7.0000,1.3850,1.3740,68.0000
1789461246.4332,-0.0720,-0.1340,-16.0000,1.2940,1.2710,63.0000,0.0190,0.0010,8.0000,1.3850,1.3840,67.0000
1789461246.4831,-0.0720,-0.0990,-17.0000,1.2940,1.2960,62.0000,0.0190,0.0030,8.0000,1.3850,1.3290,70.0000
1789461246.5331,-0.0720,-0.1340,-15.0000,1.2940,1.3290,60.0000,0.0190,0.0130,8.0000,1.3850,1.3260,71.0000
1789461246.5836,-0.0720,-0.0590,-18.0000,1.2940,1.3110,61.0000,0.0190,0.0560,5.0000,1.3850,1.3650,69.0000
1789461246.6332,-0.0720,-0.0140,-21.0000,1.2940,1.2810,62.0000,0.0190,0.0400,6.0000,1.3850,1.4440,65.0000
1789461246.6832,-0.0720,-0.0860,-17.0000,1.2940,1.2670,63.0000,0.0190,0.0250,7.0000,1.3850,1.4330,65.0000
1789461246.7332,-0.0720,-0.0840,-17.0000,1.2940,1.2520,64.0000,0.0190,0.0140,7.0000,1.3850,1.3680,69.0000
1789461246.7831,-0.0720,-0.1070,-16.0000,1.2940,1.2600,64.0000,0.0190,0.0120,7.0000,1.3850,1.3180,71.0000
1789461246.8331,-0.0720,-0.0480,-19.0000,1.2940,1.3220,61.0000,0.0190,0.0210,7.0000,1.3850,1.3470,70.0000
1789461246.8832,-0.0720,-0.0720,-17.0000,1.2940,1.3260,61.0000,0.0190,0.0310,6.0000,1.3850,1.3510,70.0000
1789461246.9334,-0.0720,-0.0550,-19.0000,1.2940,1.3110,61.0000,0.0190,0.0030,8.0000,1.3850,1.4320,66.0000
1789461246.9832,-0.0720,-0.0630,-18.0000,1.2940,1.2790,63.0000,0.0190,0.0000,8.0000,1.3850,1.4650,64.0000
1789461247.0336,-0.0720,-0.0300,-20.0000,1.2940,1.2670,64.0000,0.0190,0.0000,8.0000,1.3850,1.4030,67.0000
1789461247.0832,-0.0720,-0.0870,-17.0000,1.2940,1.2680,64.0000,0.0190,0.0000,8.0000,1.3850,1.3240,71.0000
1789461247.1332,-0.0720,-0.0940,-17.0000,1.2940,1.2890,63.0000,0.0190,0.0050,8.0000,1.3850,1.3370,71.0000
1789461247.1832,-0.0720,-0.0620,-19.0000,1.2940,1.3270,61.0000,0.0190,0.0250,7.0000,1.3850,1.3920,68.0000
1789461247.2333,-0.0720,-0.0740,-18.0000,1.2940,1.3030,62.0000,0.0190,0.0660,5.0000,1.3850,1.4000,68.0000
1789461247.2848,-0.0720,-0.0410,-20.0000,1.2940,1.2620,64.0000,0.0190,0.0120,8.0000,1.3850,1.4680,64.0000
1789461247.3336,-0.0720,-0.0800,-18.0000,1.2940,1.3000,62.0000,0.0190,0.0010,8.0000,1.3850,1.4340,65.0000
1789461247.3832,-0.0720,-0.0220,-21.0000,1.2940,1.2200,67.0000,0.0190,0.0000,8.0000,1.3850,1.2930,73.0000
1789461247.4332,-0.0720,-0.0950,-17.0000,1.2940,1.3030,63.0000,0.0190,0.0270,7.0000,1.3850,1.3220,71.0000
1789461247.4831,-0.0720,-0.1310,-15.0000,1.2940,1.3270,61.0000,0.0190,0.0340,7.0000,1.3850,1.3910,68.0000
1789461247.5343,-0.0720,-0.0930,-17.0000,1.2940,1.3490,60.0000,0.0190,0.0140,8.0000,1.3850,1.3790,69.0000
1789461247.5833,-0.0720,-0.0550,-19.0000,1.2940,1.3050,62.0000,0.0190,0.0040,8.0000,1.3850,1.4270,66.0000
1789461247.6333,-0.0720,-0.0690,-18.0000,1.2940,1.2840,63.0000,0.0190,0.0000,9.0000,1.3850,1.4310,65.0000
1789461247.6833,-0.0720,-0.0500,-19.0000,1.2940,1.2800,63.0000,0.0190,0.0000,9.0000,1.3850,1.2840,73.0000
1789461247.7333,-0.0720,-0.0940,-17.0000,1.2940,1.2840,63.0000,0.0190,0.0060,9.0000,1.3850,1.3030,73.0000
1789461247.7832,-0.0720,-0.0820,-17.0000,1.2940,1.3130,61.0000,0.0190,0.0100,9.0000,1.3850,1.4190,67.0000
1789461247.8334,-0.0720,-0.1210,-15.0000,1.2940,1.3310,60.0000,0.0190,0.0300,8.0000,1.3850,1.3870,69.0000
1789461247.8832,-0.0720,-0.1040,-16.0000,1.2940,1.3130,61.0000,0.0190,0.0120,9.0000,1.3850,1.4490,65.0000
1789461247.9071,-0.0720,-0.0140,-21.0000,1.2940,1.2950,62.0000,0.0190,0.0120,9.0000,1.3850,1.4220,66.0000
1789461247.9832,-0.0720,-0.0070,-21.0000,1.2940,1.2670,63.0000,0.0190,0.0460,7.0000,1.3850,1.3360,71.0000
1789461248.0333,-0.0720,-0.0910,-17.0000,1.2940,1.2700,63.0000,0.0190,0.0430,7.0000,1.3850,1.3010,73.0000
1789461248.0837,-0.0720,-0.1220,-15.0000,1.2940,1.3060,61.0000,0.0190,0.0340,7.0000,1.3850,1.4030,68.0000
1789461248.1332,-0.0720,-0.0960,-17.0000,1.2940,1.3120,61.0000,0.0190,0.0500,6.0000,1.3850,1.4020,68.0000
1789461248.1833,-0.0720,-0.0730,-18.0000,1.2940,1.2990,62.0000,0.0190,0.0060,8.0000,1.3850,1.4560,65.0000
1789461248.2340,-0.0720,-0.0750,-17.0000,1.2940,1.2680,63.0000,0.0190,0.0000,8.0000,1.3850,1.4390,65.0000
1789461248.2832,-0.0720,-0.0850,-17.0000,1.2940,1.2520,64.0000,0.0190,0.0000,9.0000,1.3850,1.3180,72.0000
1789461248.3333,-0.0720,-0.1190,-15.0000,1.2940,1.2680,64.0000,0.0190,0.0120,8.0000,1.3850,1.3210,72.0000
1789461248.3833,-0.0720,-0.0640,-18.0000,1.2940,1.2980,62.0000,0.0190,0.0180,8.0000,1.3850,1.4170,67.0000
1789461248.4332,-0.0720,-0.0930,-16.0000,1.2940,1.3170,61.0000,0.0190,0.0330,7.0000,1.3850,1.4160,67.0000
1789461248.4832,-0.0720,-0.0650,-17.0000,1.2940,1.3470,59.0000,0.0190,0.0620,5.0000,1.3850,1.4190,66.0000
1789461248.5332,-0.0720,-0.0620,-17.0000,1.2940,1.2920,62.0000,0.0190,0.0380,6.0000,1.3850,1.4340,65.0000
1789461248.5834,-0.0720,-0.0530,-17.0000,1.2940,1.2890,62.0000,0.0190,0.0170,7.0000,1.3850,1.3660,69.0000
1789461248.6333,-0.0720,-0.1320,-13.0000,1.2940,1.2610,64.0000,0.0190,0.0300,6.0000,1.3850,1.2900,73.0000
1789461248.6833,-0.0720,-0.1100,-14.0000,1.2940,1.3030,62.0000,0.0190,0.0210,7.0000,1.3850,1.3660,69.0000
1789461248.7332,-0.0720,-0.1070,-14.0000,1.2940,1.3050,62.0000,0.0190,0.0090,7.0000,1.3850,1.4110,67.0000
1789461248.7833,-0.0720,-0.1060,-14.0000,1.2940,1.3280,60.0000,0.0190,0.0010,8.0000,1.3850,1.4220,66.0000
1789461248.8333,-0.0720,-0.0930,-14.0000,1.2940,1.3430,59.0000,0.0190,0.0000,8.0000,1.3850,1.4270,66.0000
1789461248.8832,-0.0720,-0.0300,-17.0000,1.2940,1.2780,62.0000,0.0190,0.0000,8.0000,1.3850,1.3770,68.0000
1789461248.9331,-0.0720,-0.0400,-17.0000,1.2940,1.2620,63.0000,0.0190,0.0030,9.0000,1.3850,1.3310,71.0000
1789461248.9833,-0.0720,-0.1270,-12.0000,1.2940,1.2860,62.0000,0.0190,0.0170,8.0000,1.3850,1.3430,70.0000
1789461249.0333,-0.0720,-0.0760,-15.0000,1.2940,1.2990,61.0000,0.0190,0.0740,5.0000,1.3850,1.4190,66.0000
1789461249.0833,-0.0720,-0.0680,-15.0000,1.2940,1.3170,60.0000,0.0190,0.0270,7.0000,1.3850,1.4110,67.0000
1789461249.1332,-0.0720,-0.1080,-12.0000,1.2940,1.3310,59.0000,0.0190,0.0270,7.0000,1.3850,1.4230,66.0000
1789461249.1834,-0.0720,-0.0750,-14.0000,1.2940,1.3180,60.0000,0.0190,0.0230,7.0000,1.3850,1.3570,69.0000
1789461249.2331,-0.0720,-0.0160,-18.0000,1.2940,1.2840,61.0000,0.0190,0.0020,8.0000,1.3850,1.3400,70.0000
1789461249.2833,-0.0720,-0.0500,-16.0000,1.2940,1.2650,62.0000,0.0190,0.0000,8.0000,1.3850,1.3680,69.0000
1789461249.3332,-0.0720,-0.1140,-12.0000,1.2940,1.3030,60.0000,0.0190,0.0180,7.0000,1.3850,1.3570,70.0000
1789461249.3838,-0.0720,-0.0550,-16.0000,1.2940,1.2870,61.0000,0.0190,0.0090,8.0000,1.3850,1.4010,68.0000
1789461249.4331,-0.0720,-0.0530,-16.0000,1.2940,1.2990,61.0000,0.0190,0.0010,9.0000,1.3850,1.4560,64.0000
1789461249.4833,-0.0720,-0.0290,-18.0000,1.2940,1.2710,62.0000,0.0190,0.0000,9.0000,1.3850,1.4060,67.0000
1789461249.5332,-0.0720,-0.0930,-14.0000,1.2940,1.2930,61.0000,0.0190,0.0020,9.0000,1.3850,1.3460,70.0000
1789461249.5832,-0.0720,-0.0370,-18.0000,1.2940,1.3030,60.0000,0.0190,0.0000,9.0000,1.3850,1.3380,71.0000
1789461249.6333,-0.0720,-0.0950,-15.0000,1.2940,1.3040,60.0000,0.0190,0.0020,9.0000,1.3850,1.4650,64.0000
1789461249.6346,-0.0720,-0.1120,-13.0000,1.2940,1.2950,61.0000,0.0190,0.0010,10.0000,1.3850,1.4040,67.0000
1789461249.6840,-0.0720,-0.0840,-15.0000,1.2940,1.2900,61.0000,0.0190,0.0010,10.0000,1.3850,1.4260,65.0000
1789461249.7346,-0.0720,-0.0910,-14.0000,1.2940,1.3040,60.0000,0.0190,0.0010,10.0000,1.3850,1.3790,68.0000
1789461249.7839,-0.0720,-0.0420,-17.0000,1.2940,1.2690,62.0000,0.0190,0.0000,10.0000,1.3850,1.3530,69.0000
1789461249.8338,-0.0720,-0.0210,-18.0000,1.2940,1.2530,63.0000,0.0190,0.0140,10.0000,1.3850,1.3750,68.0000
1789461249.9331,-0.0720,-0.1180,-13.0000,1.2940,1.3020,61.0000,0.0190,0.0580,7.0000,1.3850,1.3790,68.0000
1789461249.9834,-0.0720,-0.0930,-15.0000,1.2940,1.2850,62.0000,0.0190,0.0680,6.0000,1.3850,1.3640,69.0000
1789461250.0333,-0.0720,-0.0660,-16.0000,1.2940,1.3080,61.0000,0.0190,0.0280,8.0000,1.3850,1.4250,65.0000
1789461250.0833,-0.0720,-0.1100,-13.0000,1.2940,1.3440,59.0000,0.0190,0.0310,8.0000,1.3850,1.3830,67.0000
1789461250.1333,-0.0720,-0.0470,-17.0000,1.2940,1.3190,60.0000,0.0190,0.0220,8.0000,1.3850,1.3340,70.0000
1789461250.1832,-0.0720,-0.0420,-17.0000,1.2940,1.2460,64.0000,0.0190,0.0040,9.0000,1.3850,1.3980,67.0000
1789461250.2334,-0.0720,-0.1050,-13.0000,1.2940,1.2620,63.0000,0.0190,0.0020,9.0000,1.3850,1.3890,67.0000
1789461250.2833,-0.0720,-0.1040,-13.0000,1.2940,1.2670,63.0000,0.0190,0.0130,9.0000,1.3850,1.3840,68.0000
1789461250.3333,-0.0720,-0.0590,-15.0000,1.2940,1.2890,62.0000,0.0190,0.0090,9.0000,1.3850,1.4540,64.0000
1789461250.3831,-0.0720,-0.1140,-12.0000,1.2940,1.3170,61.0000,0.0190,0.0310,8.0000,1.3850,1.3950,67.0000
1789461250.4347,-0.0720,-0.1050,-12.0000,1.2940,1.3230,60.0000,0.0190,0.0940,4.0000,1.3850,1.3610,68.0000
1789461250.4847,-0.0720,-0.0250,-17.0000,1.2940,1.3150,60.0000,0.0190,0.0460,6.0000,1.3850,1.3810,67.0000
1789461250.5343,-0.0720,-0.0540,-15.0000,1.2940,1.2630,63.0000,0.0190,0.0120,8.0000,1.3850,1.4170,65.0000
1789461250.5843,-0.0720,-0.0960,-13.0000,1.2940,1.2840,62.0000,0.0190,0.0140,8.0000,1.3850,1.3520,69.0000
1789461250.6347,-0.0720,-0.0890,-13.0000,1.2940,1.2740,62.0000,0.0190,0.0100,8.0000,1.3850,1.3980,66.0000
1789461250.6844,-0.0720,-0.0850,-13.0000,1.2940,1.3330,59.0000,0.0190,0.0030,9.0000,1.3850,1.4210,65.0000
1789461250.7361,-0.0720,-0.1010,-12.0000,1.2940,1.2760,62.0000,0.0190,0.0200,8.0000,1.3850,1.3600,68.0000
1789461250.7845,-0.0720,-0.0700,-14.0000,1.2940,1.2670,63.0000,0.0190,0.0180,8.0000,1.3850,1.4090,65.0000
1789461250.8353,-0.0720,-0.0480,-15.0000,1.2940,1.2720,63.0000,0.0190,0.0500,6.0000,1.3850,1.3580,68.0000
1789461250.8845,-0.0720,-0.1000,-12.0000,1.2940,1.2520,64.0000,0.0190,0.0440,6.0000,1.3850,1.3920,66.0000
1789461250.9343,-0.0720,-0.0900,-12.0000,1.2940,1.2590,64.0000,0.0190,0.0410,6.0000,1.3850,1.4200,65.0000
1789461250.9842,-0.0720,-0.0540,-14.0000,1.2940,1.2860,63.0000,0.0190,0.0180,7.0000,1.3850,1.4000,65.0000
1789461251.0343,-0.0720,-0.1100,-11.0000,1.2940,1.3240,61.0000,0.0190,0.0160,7.0000,1.3850,1.3730,67.0000
1789461251.0855,-0.0720,-0.1140,-11.0000,1.2940,1.3230,61.0000,0.0190,0.0170,7.0000,1.3850,1.4270,64.0000
1789461251.1344,-0.0720,-0.0600,-13.0000,1.2940,1.2780,64.0000,0.0190,0.0070,8.0000,1.3850,1.4170,64.0000
1789461251.1857,-0.0720,-0.0710,-13.0000,1.2940,1.2660,64.0000,0.0190,0.0010,8.0000,1.3850,1.4300,63.0000
1789461251.2348,-0.0720,-0.0960,-11.0000,1.2940,1.2720,64.0000,0.0190,0.0020,8.0000,1.3850,1.3520,67.0000
1789461251.2844,-0.0720,-0.0930,-11.0000,1.2940,1.2780,64.0000,0.0190,0.0300,7.0000,1.3850,1.3930,65.0000
1789461251.3344,-0.0720,-0.0850,-12.0000,1.2940,1.3130,62.0000,0.0190,0.0850,3.0000,1.3850,1.3200,69.0000
1789461251.3845,-0.0720,-0.0770,-12.0000,1.2940,1.3490,60.0000,0.0190,0.0670,4.0000,1.3850,1.4020,65.0000
1789461251.4344,-0.0720,-0.0710,-12.0000,1.2940,1.2960,63.0000,0.0190,0.0380,5.0000,1.3850,1.4130,64.0000
1789461251.4856,-0.0720,-0.0270,-15.0000,1.2940,1.2490,65.0000,0.0190,0.0030,7.0000,1.3850,1.4370,63.0000
1789461251.5343,-0.0720,-0.1010,-10.0000,1.2940,1.2720,64.0000,0.0190,0.0000,7.0000,1.3850,1.3960,64.0000
1789461251.5844,-0.0720,-0.1050,-10.0000,1.2940,1.2750,64.0000,0.0190,0.0040,7.0000,1.3850,1.3910,65.0000
1789461251.6343,-0.0720,-0.0950,-11.0000,1.2940,1.2920,64.0000,0.0190,0.0090,7.0000,1.3850,1.3570,66.0000
1789461251.6842,-0.0720,-0.0860,-11.0000,1.2940,1.3250,62.0000,0.0190,0.0080,7.0000,1.3850,1.3860,65.0000
1789461251.7344,-0.0720,-0.0770,-11.0000,1.2940,1.2900,64.0000,0.0190,0.0750,3.0000,1.3850,1.4030,64.0000
1789461251.7844,-0.0720,-0.0610,-12.0000,1.2940,1.2840,64.0000,0.0190,0.0470,5.0000,1.3850,1.3850,65.0000
1789461251.8342,-0.0720,-0.0420,-13.0000,1.2940,1.2900,64.0000,0.0190,0.0210,6.0000,1.3850,1.3640,66.0000
1789461251.8844,-0.0720,-0.0880,-11.0000,1.2940,1.2640,65.0000,0.0190,0.0310,5.0000,1.3850,1.3770,65.0000
1789461251.8856,-0.0720,-0.1060,-9.0000,1.2940,1.2740,65.0000,0.0190,0.0070,6.0000,1.3850,1.3740,66.0000
1789461251.9844,-0.0720,-0.0570,-12.0000,1.2940,1.3040,63.0000,0.0190,0.0070,6.0000,1.3850,1.3930,65.0000
1789461252.0342,-0.0720,-0.0960,-10.0000,1.2940,1.3140,63.0000,0.0190,0.0080,6.0000,1.3850,1.4100,64.0000
1789461252.0844,-0.0720,-0.0700,-11.0000,1.2940,1.3040,63.0000,0.0190,0.0010,7.0000,1.3850,1.4160,63.0000
1789461252.1343,-0.0720,-0.0050,-15.0000,1.2940,1.2490,67.0000,0.0190,0.0000,7.0000,1.3850,1.4060,63.0000
1789461252.1843,-0.0720,-0.0520,-13.0000,1.2940,1.2780,65.0000,0.0190,0.0080,7.0000,1.3850,1.3840,64.0000
1789461252.2343,-0.0720,-0.0690,-12.0000,1.2940,1.2760,66.0000,0.0190,0.0030,7.0000,1.3850,1.3480,66.0000
1789461252.2844,-0.0720,-0.1020,-10.0000,1.2940,1.2980,65.0000,0.0190,0.0060,7.0000,1.3850,1.3730,65.0000
1789461252.3343,-0.0720,-0.1010,-10.0000,1.2940,1.3510,62.0000,0.0190,0.0270,6.0000,1.3850,1.3700,65.0000
1789461252.3843,-0.0720,-0.0850,-11.0000,1.2940,1.2930,65.0000,0.0190,0.1080,1.0000,1.3850,1.4020,64.0000
1789461252.4343,-0.0720,-0.0180,-15.0000,1.2940,1.2870,65.0000,0.0190,0.0270,6.0000,1.3850,1.4230,62.0000
1789461252.4843,-0.0720,-0.0220,-15.0000,1.2940,1.2850,65.0000,0.0190,0.0060,6.0000,1.3850,1.3600,66.0000
1789461252.5344,-0.0720,-0.0600,-13.0000,1.2940,1.2610,66.0000,0.0190,0.0320,5.0000,1.3850,1.3390,67.0000
1789461252.5845,-0.0720,-0.0780,-12.0000,1.2940,1.2850,65.0000,0.0190,0.0070,6.0000,1.3850,1.3580,66.0000
1789461252.6344,-0.0720,-0.1080,-10.0000,1.2940,1.3320,63.0000,0.0190,0.0250,5.0000,1.3850,1.4050,64.0000
1789461252.6845,-0.0720,-0.1070,-10.0000,1.2940,1.3490,61.0000,0.0190,0.0670,3.0000,1.3850,1.3860,65.0000
1789461252.7344,-0.0720,-0.0620,-12.0000,1.2940,1.2760,65.0000,0.0190,0.0690,2.0000,1.3850,1.4190,63.0000
1789461252.7851,-0.0720,-0.0150,-15.0000,1.2940,1.2890,64.0000,0.0190,0.0100,5.0000,1.3850,1.3900,64.0000
1789461252.8344,-0.0720,-0.0600,-13.0000,1.2940,1.2810,65.0000,0.0190,0.0150,5.0000,1.3850,1.3210,68.0000
1789461252.8844,-0.0720,-0.0690,-13.0000,1.2940,1.2720,65.0000,0.0190,0.0140,5.0000,1.3850,1.3610,66.0000
1789461252.9062,-0.0720,-0.1070,-10.0000,1.2940,1.3280,62.0000,0.0190,0.0180,5.0000,1.3850,1.4000,64.0000
1789461252.9353,-0.0720,-0.0990,-11.0000,1.2940,1.3200,63.0000,0.0190,0.0060,5.0000,1.3850,1.3790,66.0000
1789461253.0344,-0.0720,-0.0310,-14.0000,1.2940,1.2720,65.0000,0.0190,0.0010,6.0000,1.3850,1.4350,62.0000
1789461253.0845,-0.0720,-0.0280,-15.0000,1.2940,1.2890,64.0000,0.0190,0.0000,6.0000,1.3850,1.3900,65.0000
1789461253.1344,-0.0720,-0.0910,-11.0000,1.2940,1.2780,65.0000,0.0190,0.0070,6.0000,1.3850,1.3680,66.0000
1789461253.1844,-0.0720,-0.1050,-11.0000,1.2940,1.2560,67.0000,0.0190,0.0150,5.0000,1.3850,1.3480,67.0000
1789461253.2343,-0.0720,-0.1150,-10.0000,1.2940,1.2900,65.0000,0.0190,0.0660,2.0000,1.3850,1.4080,64.0000
1789461253.2844,-0.0720,-0.0820,-12.0000,1.2940,1.3330,63.0000,0.0190,0.0820,1.0000,1.3850,1.3600,67.0000
1789461253.3350,-0.0720,-0.0720,-12.0000,1.2940,1.3750,60.0000,0.0190,0.0290,4.0000,1.3850,1.4340,62.0000
1789461253.3845,-0.0720,-0.0500,-13.0000,1.2940,1.2920,64.0000,0.0190,0.0030,5.0000,1.3850,1.4100,64.0000
1789461253.4344,-0.0720,-0.0160,-15.0000,1.2940,1.2520,66.0000,0.0190,0.0000,5.0000,1.3850,1.3520,67.0000
1789461253.4843,-0.0720,-0.0270,-15.0000,1.2940,1.2540,66.0000,0.0190,0.0000,5.0000,1.3850,1.3500,67.0000
1789461253.5344,-0.0720,-0.1100,-11.0000,1.2940,1.2820,65.0000,0.0190,0.0040,5.0000,1.3850,1.4130,64.0000
1789461253.5843,-0.0720,-0.0940,-12.0000,1.2940,1.3240,63.0000,0.0190,0.0040,5.0000,1.3850,1.3980,64.0000
1789461253.6343,-0.0720,-0.1030,-11.0000,1.2940,1.3400,62.0000,0.0190,0.0080,5.0000,1.3850,1.4120,63.0000
1789461253.6844,-0.0720,-0.1130,-10.0000,1.2940,1.3530,60.0000,0.0190,0.0070,6.0000,1.3850,1.4120,63.0000
1789461253.7343,-0.0720,-0.0280,-15.0000,1.2940,1.2320,67.0000,0.0190,0.0050,6.0000,1.3850,1.3460,67.0000
1789461253.7843,-0.0720,-0.0470,-14.0000,1.2940,1.2570,66.0000,0.0190,0.0030,6.0000,1.3850,1.3560,66.0000
1789461253.8343,-0.0720,-0.0930,-11.0000,1.2940,1.2920,64.0000,0.0190,0.0250,5.0000,1.3850,1.3790,65.0000
1789461253.8844,-0.0720,-0.0800,-12.0000,1.2940,1.2880,64.0000,0.0190,0.0530,3.0000,1.3850,1.3820,65.0000
1789461253.9343,-0.0720,-0.0600,-13.0000,1.2940,1.3230,62.0000,0.0190,0.0170,5.0000,1.3850,1.4140,64.0000
1789461253.9845,-0.0720,-0.0920,-11.0000,1.2940,1.3600,60.0000,0.0190,0.0280,5.0000,1.3850,1.4100,64.0000
1789461254.0343,-0.0720,-0.0600,-13.0000,1.2940,1.3450,60.0000,0.0190,0.0520,3.0000,1.3850,1.3550,67.0000
1789461254.0845,-0.0720,-0.0040,-16.0000,1.2940,1.2480,65.0000,0.0190,0.0050,5.0000,1.3850,1.3870,65.0000
1789461254.1345,-0.0720,-0.0290,-15.0000,1.2940,1.2860,63.0000,0.0190,0.0090,5.0000,1.3850,1.3900,65.0000
1789461254.1843,-0.0720,-0.0890,-12.0000,1.2940,1.2850,64.0000,0.0190,0.0020,6.0000,1.3850,1.4060,64.0000
1789461254.2344,-0.0720,-0.0650,-14.0000,1.2940,1.2890,63.0000,0.0190,0.0000,6.0000,1.3850,1.4160,63.0000
1789461254.2843,-0.0720,-0.0410,-15.0000,1.2940,1.3100,62.0000,0.0190,0.0000,6.0000,1.3850,1.4240,62.0000
1789461254.3344,-0.0720,-0.0370,-16.0000,1.2940,1.2800,64.0000,0.0190,0.0070,6.0000,1.3850,1.3220,68.0000
1789461254.3844,-0.0720,-0.0650,-15.0000,1.2940,1.2710,65.0000,0.0190,0.0010,7.0000,1.3850,1.3860,64.0000
1789461254.4344,-0.0720,-0.1150,-12.0000,1.2940,1.2930,63.0000,0.0190,0.0100,6.0000,1.3850,1.3620,66.0000
1789461254.4843,-0.0720,-0.0560,-15.0000,1.2940,1.2710,65.0000,0.0190,0.0030,7.0000,1.3850,1.3970,64.0000
1789461254.5343,-0.0720,-0.0560,-15.0000,1.2940,1.2910,64.0000,0.0190,0.0010,7.0000,1.3850,1.4020,64.0000
1789461254.5844,-0.0720,-0.1020,-12.0000,1.2940,1.3310,61.0000,0.0190,0.0070,7.0000,1.3850,1.4180,62.0000
1789461254.6345,-0.0720,-0.1120,-12.0000,1.2940,1.3270,62.0000,0.0190,0.0340,6.0000,1.3850,1.3180,68.0000
1789461254.6844,-0.0720,-0.0620,-14.0000,1.2940,1.2870,64.0000,0.0190,0.0560,4.0000,1.3850,1.3350,67.0000
1789461254.7342,-0.0720,-0.0850,-13.0000,1.2940,1.2880,63.0000,0.0190,0.0210,6.0000,1.3850,1.3750,66.0000
1789461254.7852,-0.0720,-0.0820,-13.0000,1.2940,1.2790,64.0000,0.0190,0.0380,5.0000,1.3850,1.3930,65.0000
1789461254.8343,-0.0720,-0.0320,-16.0000,1.2940,1.2880,64.0000,0.0190,0.0130,6.0000,1.3850,1.3980,64.0000
1789461254.8854,-0.0720,-0.0440,-15.0000,1.2940,1.3050,63.0000,0.0190,0.0090,6.0000,1.3850,1.4410,62.0000
1789461254.9344,-0.0720,-0.0570,-15.0000,1.2940,1.3340,61.0000,0.0190,0.0280,5.0000,1.3850,1.3740,65.0000
1789461254.9844,-0.0720,-0.0470,-16.0000,1.2940,1.2750,64.0000,0.0190,0.0140,6.0000,1.3850,1.3950,64.0000
1789461255.0351,-0.0720,-0.0490,-16.0000,1.2940,1.2810,64.0000,0.0190,0.0020,7.0000,1.3850,1.3910,64.0000
1789461255.0845,-0.0720,-0.0910,-14.0000,1.2940,1.2770,64.0000,0.0190,0.0010,7.0000,1.3850,1.3770,65.0000
1789461255.1345,-0.0720,-0.0590,-16.0000,1.2940,1.2340,67.0000,0.0190,0.0070,7.0000,1.3850,1.3850,64.0000
1789461255.1843,-0.0720,-0.0710,-15.0000,1.2940,1.3060,63.0000,0.0190,0.0440,5.0000,1.3850,1.4300,62.0000
1789461255.2344,-0.0720,-0.0950,-13.0000,1.2940,1.3000,64.0000,0.0190,0.0720,3.0000,1.3850,1.3290,67.0000
1789461255.2854,-0.0720,-0.0930,-13.0000,1.2940,1.3730,59.0000,0.0190,0.0450,4.0000,1.3850,1.3800,65.0000
1789461255.3344,-0.0720,-0.0640,-15.0000,1.2940,1.3430,61.0000,0.0190,0.0570,3.0000,1.3850,1.4030,63.0000
1789461255.3855,-0.0720,-0.0710,-14.0000,1.2940,1.2790,64.0000,0.0190,0.0150,5.0000,1.3850,1.4220,62.0000
1789461255.4343,-0.0720,-0.0540,-15.0000,1.2940,1.2760,64.0000,0.0190,0.0090,5.0000,1.3850,1.4000,63.0000
1789461255.4844,-0.0720,-0.0840,-14.0000,1.2940,1.2900,63.0000,0.0190,0.0390,3.0000,1.3850,1.3970,63.0000
1789461255.5343,-0.0720,-0.0970,-13.0000,1.2940,1.2870,63.0000,0.0190,0.0580,2.0000,1.3850,1.3010,69.0000
1789461255.5843,-0.0720,-0.0870,-13.0000,1.2940,1.3020,62.0000,0.0190,0.0180,4.0000,1.3850,1.3640,66.0000
1789461255.6343,-0.0720,-0.0940,-13.0000,1.2940,1.3130,62.0000,0.0190,0.0380,3.0000,1.3850,1.3820,65.0000
1789461255.6845,-0.0720,-0.0860,-13.0000,1.2940,1.2910,63.0000,0.0190,0.0040,5.0000,1.3850,1.4040,64.0000
1789461255.7356,-0.0720,-0.0750,-13.0000,1.2940,1.2700,64.0000,0.0190,0.0000,5.0000,1.3850,1.4200,63.0000
1789461255.7855,-0.0720,-0.0830,-13.0000,1.2940,1.2680,64.0000,0.0190,0.0250,4.0000,1.3850,1.4040,64.0000
1789461255.8344,-0.0720,-0.0410,-15.0000,1.2940,1.2650,65.0000,0.0190,0.0040,5.0000,1.3850,1.3280,68.0000
1789461255.8858,-0.0720,-0.1020,-12.0000,1.2940,1.3310,61.0000,0.0190,0.0310,4.0000,1.3850,1.3610,66.0000
1789461255.8882,-0.0720,-0.1350,-10.0000,1.2940,1.3610,60.0000,0.0190,0.1360,-3.0000,1.3850,1.3920,65.0000
1789461255.9361,-0.0720,-0.1120,-11.0000,1.2940,1.3520,60.0000,0.0190,0.0930,-1.0000,1.3850,1.4040,64.0000
1789461256.0361,-0.0720,-0.0550,-14.0000,1.2940,1.2360,66.0000,0.0190,0.0060,3.0000,1.3850,1.4250,63.0000
1789461256.0855,-0.0720,-0.0620,-13.0000,1.2940,1.2320,66.0000,0.0190,0.0000,3.0000,1.3850,1.3480,67.0000
1789461256.1362,-0.0720,-0.0170,-16.0000,1.2940,1.2380,66.0000,0.0190,0.0000,3.0000,1.3850,1.3560,66.0000
1789461256.1857,-0.0720,-0.0920,-12.0000,1.2940,1.3100,63.0000,0.0190,0.0030,3.0000,1.3850,1.3820,65.0000
1789461256.2362,-0.0720,-0.1300,-10.0000,1.2940,1.3630,60.0000,0.0190,0.0000,4.0000,1.3850,1.4210,63.0000
1789461256.2389,0.0160,-0.0620,-4.0000,1.2160,1.3080,55.0000,0.0960,0.0390,11.0000,1.2960,1.3780,57.0000
1789461256.2877,0.1120,0.0300,4.0000,1.1330,1.0370,62.0000,0.1800,0.1820,16.0000,1.2010,1.2330,56.0000
1789461256.3371,0.1120,0.0400,5.0000,1.1330,1.1260,56.0000,0.1800,0.2010,16.0000,1.2010,1.1850,57.0000
1789461256.3864,0.1120,0.0070,8.0000,1.1330,1.1230,57.0000,0.1800,0.2210,14.0000,1.2010,1.1340,60.0000
1789461256.4361,0.1120,0.0080,9.0000,1.1330,1.1300,56.0000,0.1800,0.1810,17.0000,1.2010,1.1500,60.0000
1789461256.4861,0.1120,0.0180,10.0000,1.1330,1.1380,56.0000,0.1800,0.1830,16.0000,1.2010,1.1960,57.0000
1789461256.5361,0.1120,0.0120,11.0000,1.1330,1.1650,54.0000,0.1800,0.1900,16.0000,1.2010,1.2290,56.0000
1789461256.5861,0.1120,0.0680,9.0000,1.1330,1.1140,57.0000,0.1800,0.1880,16.0000,1.2010,1.2030,57.0000
1789461256.6362,0.1120,0.0810,9.0000,1.1330,1.0710,60.0000,0.1800,0.1750,16.0000,1.2010,1.2290,56.0000
1789461256.6862,0.1120,0.0770,10.0000,1.1330,1.0890,59.0000,0.1800,0.1820,16.0000,1.2010,1.2080,57.0000
1789461256.7374,0.1120,0.0720,11.0000,1.1330,1.0720,61.0000,0.1800,0.1800,16.0000,1.2010,1.1690,59.0000
1789461256.7860,0.1340,0.0750,14.0000,1.1130,1.0940,58.0000,0.1990,0.1250,22.0000,1.1790,1.2090,55.0000
1789461256.8362,0.1710,0.1670,15.0000,1.0810,1.0970,55.0000,0.2310,0.2260,20.0000,1.1420,1.1720,53.0000
1789461256.8863,0.1850,0.1820,16.0000,1.0680,1.0860,55.0000,0.2440,0.2570,20.0000,1.1270,1.1790,51.0000
1789461256.9366,0.1850,0.1810,17.0000,1.0680,1.0950,54.0000,0.2440,0.2690,19.0000,1.1270,1.1410,52.0000
1789461256.9863,0.1850,0.2060,15.0000,1.0680,1.0680,55.0000,0.2440,0.2630,19.0000,1.1270,1.1370,52.0000
1789461257.0363,0.1850,0.2000,16.0000,1.0680,1.0230,57.0000,0.2440,0.2890,17.0000,1.1270,1.1280,53.0000
1789461257.0865,0.1850,0.2100,15.0000,1.0680,1.0340,57.0000,0.2440,0.3330,14.0000,1.1270,1.0840,55.0000
1789461257.1362,0.1850,0.2030,15.0000,1.0680,1.0670,56.0000,0.2440,0.3040,15.0000,1.1270,1.0600,57.0000
1789461257.1862,0.1850,0.1990,15.0000,1.0680,1.0580,56.0000,0.2440,0.3280,13.0000,1.1270,1.0790,56.0000
1789461257.2362,0.1850,0.1790,16.0000,1.0680,1.0990,54.0000,0.2440,0.3200,12.0000,1.1270,1.1350,54.0000
1789461257.2863,0.1850,0.1830,16.0000,1.0680,1.1280,52.0000,0.2440,0.3150,12.0000,1.1270,1.1480,53.0000
1789461257.3362,0.1850,0.1780,16.0000,1.0680,1.1060,53.0000,0.2440,0.2810,13.0000,1.1270,1.1690,52.0000
1789461257.3863,0.1850,0.1840,16.0000,1.0680,1.0560,55.0000,0.2440,0.2890,12.0000,1.1270,1.1490,53.0000
1789461257.4362,0.1850,0.1850,16.0000,1.0680,1.0380,56.0000,0.2440,0.3150,9.0000,1.1270,1.1510,52.0000
1789461257.4863,0.1850,0.1960,15.0000,1.0680,1.0050,58.0000,0.2440,0.3170,9.0000,1.1270,1.1540,52.0000
1789461257.5364,0.1850,0.1900,15.0000,1.0680,1.0300,57.0000,0.2440,0.2930,9.0000,1.1270,1.1250,53.0000
1789461257.5862,0.1850,0.1920,15.0000,1.0680,1.0570,56.0000,0.2440,0.2660,10.0000,1.1270,1.1490,52.0000
1789461257.6362,0.1850,0.1800,16.0000,1.0680,1.0970,54.0000,0.2440,0.2490,11.0000,1.1270,1.1250,53.0000
1789461257.6862,0.1850,0.1850,15.0000,1.0680,1.1310,52.0000,0.2440,0.2350,11.0000,1.1270,1.1480,51.0000
1789461257.7363,0.1850,0.1850,15.0000,1.0680,1.1150,52.0000,0.2440,0.2440,11.0000,1.1270,1.1470,51.0000
1789461257.7862,0.1850,0.2030,14.0000,1.0680,1.0990,53.0000,0.2440,0.2920,8.0000,1.1270,1.1480,51.0000
1789461257.8362,0.1850,0.1890,15.0000,1.0680,1.0390,56.0000,0.2440,0.3380,5.0000,1.1270,1.1390,51.0000
1789461257.8862,0.1850,0.1940,15.0000,1.0680,1.0530,55.0000,0.2440,0.2590,9.0000,1.1270,1.0310,57.0000
1789461257.9362,0.1850,0.1760,16.0000,1.0680,1.0480,56.0000,0.2440,0.1960,12.0000,1.1270,1.0360,58.0000
1789461257.9868,0.1850,0.1660,16.0000,1.0680,1.0740,54.0000,0.2440,0.1910,13.0000,1.1270,1.1040,55.0000
1789461258.0362,0.1850,0.1610,17.0000,1.0680,1.0790,54.0000,0.2440,0.1890,13.0000,1.1270,1.1380,53.0000
1789461258.0863,0.1850,0.1740,16.0000,1.0680,1.0550,55.0000,0.2440,0.1920,14.0000,1.1270,1.1350,54.0000
1789461258.1366,0.1850,0.1870,15.0000,1.0680,1.0350,56.0000,0.2440,0.1900,15.0000,1.1270,1.1370,53.0000
1789461258.1869,0.1850,0.1880,16.0000,1.0680,1.0120,58.0000,0.2440,0.2160,14.0000,1.1270,1.1400,53.0000
1789461258.2361,0.1850,0.1860,16.0000,1.0680,1.0260,58.0000,0.2440,0.1870,16.0000,1.1270,1.0490,58.0000
1789461258.2862,0.1850,0.1790,16.0000,1.0680,1.0230,59.0000,0.2440,0.1800,17.0000,1.1270,1.0900,56.0000
1789461258.3362,0.1850,0.1640,17.0000,1.0680,1.0370,58.0000,0.2440,0.2010,16.0000,1.1270,1.1220,55.0000
1789461258.3863,0.1850,0.1790,16.0000,1.0680,1.0640,57.0000,0.2440,0.2060,17.0000,1.1270,1.1230,55.0000
1789461258.4363,0.1850,0.1870,16.0000,1.0680,1.0780,56.0000,0.2440,0.2130,17.0000,1.1270,1.1720,52.0000
1789461258.4867,0.1850,0.1920,16.0000,1.0680,1.1170,54.0000,0.2440,0.1910,19.0000,1.1270,1.1510,53.0000
1789461258.5361,0.1850,0.1790,16.0000,1.0680,1.1120,54.0000,0.2440,0.2100,18.0000,1.1270,1.1420,53.0000
1789461258.5871,0.1850,0.2020,15.0000,1.0680,1.0480,57.0000,0.2440,0.2120,18.0000,1.1270,1.0800,57.0000
1789461258.6362,0.1850,0.2130,14.0000,1.0680,1.0660,56.0000,0.2440,0.2130,19.0000,1.1270,1.0580,58.0000
1789461258.6863,0.1850,0.1800,16.0000,1.0680,1.0750,56.0000,0.2440,0.2950,14.0000,1.1270,1.0980,57.0000
1789461258.7362,0.1850,0.1820,16.0000,1.0680,1.0610,57.0000,0.2440,0.3120,13.0000,1.1270,1.1070,57.0000
1789461258.7864,0.1850,0.1660,17.0000,1.0680,1.0830,56.0000,0.2440,0.2990,13.0000,1.1270,1.1560,54.0000
1789461258.8361,0.1850,0.1890,16.0000,1.0680,1.1030,54.0000,0.2440,0.2820,13.0000,1.1270,1.1530,54.0000
1789461258.8862,0.1850,0.1860,16.0000,1.0680,1.1250,53.0000,0.2440,0.3220,10.0000,1.1270,1.1700,53.0000
1789461258.9360,0.1850,0.1950,15.0000,1.0680,1.1070,53.0000,0.2440,0.3150,10.0000,1.1270,1.1640,53.0000
1789461258.9860,0.1850,0.2130,14.0000,1.0680,1.0250,57.0000,0.2440,0.3570,6.0000,1.1270,1.0990,56.0000
1789461259.0362,0.1850,0.2170,13.0000,1.0680,1.0410,57.0000,0.2440,0.2920,9.0000,1.1270,1.1050,56.0000
1789461259.0880,0.1850,0.1940,14.0000,1.0680,1.0310,58.0000,0.2440,0.2510,11.0000,1.1270,1.0880,57.0000
1789461259.1362,0.1850,0.2050,14.0000,1.0680,1.0550,56.0000,0.2440,0.2270,12.0000,1.1270,1.1400,54.0000
1789461259.1870,0.1850,0.1880,15.0000,1.0680,1.0500,57.0000,0.2440,0.2270,12.0000,1.1270,1.1620,53.0000
1789461259.2363,0.1850,0.2010,14.0000,1.0680,1.1190,53.0000,0.2440,0.2090,13.0000,1.1270,1.1680,52.0000
1789461259.2862,0.1850,0.2020,13.0000,1.0680,1.1420,52.0000,0.2440,0.2400,11.0000,1.1270,1.1810,51.0000
1789461259.3381,0.1850,0.2050,13.0000,1.0680,1.0820,55.0000,0.2440,0.2770,9.0000,1.1270,1.1330,53.0000
1789461259.3864,0.1850,0.1800,14.0000,1.0680,1.0830,54.0000,0.2440,0.2710,10.0000,1.1270,1.0610,58.0000
1789461259.4370,0.1850,0.1610,15.0000,1.0680,1.0890,53.0000,0.2440,0.3220,6.0000,1.1270,1.0400,59.0000
1789461259.4863,0.1850,0.1710,15.0000,1.0680,1.0750,54.0000,0.2440,0.2650,9.0000,1.1270,1.0880,57.0000
1789461259.5373,0.1850,0.1680,15.0000,1.0680,1.0740,54.0000,0.2440,0.2400,10.0000,1.1270,1.1570,54.0000
1789461259.5862,0.1850,0.2090,13.0000,1.0680,1.0820,54.0000,0.2440,0.2200,11.0000,1.1270,1.1720,53.0000
1789461259.6362,0.1850,0.1910,14.0000,1.0680,1.1100,52.0000,0.2440,0.1710,14.0000,1.1270,1.1880,52.0000
1789461259.6861,0.1850,0.1890,14.0000,1.0680,1.1150,51.0000,0.2440,0.1460,16.0000,1.1270,1.1720,52.0000
1789461259.7363,0.1850,0.1990,13.0000,1.0680,0.9560,60.0000,0.2440,0.3210,7.0000,1.1270,1.0880,56.0000
1789461259.7863,0.1850,0.1820,14.0000,1.0680,1.0470,55.0000,0.2440,0.3130,7.0000,1.1270,1.0880,56.0000
1789461259.8363,0.1850,0.1690,15.0000,1.0680,1.1030,53.0000,0.2440,0.3010,7.0000,1.1270,1.0630,58.0000
1789461259.8865,0.1850,0.1610,16.0000,1.0680,1.1190,52.0000,0.2440,0.2140,11.0000,1.1270,1.0890,57.0000
1789461259.9362,0.1850,0.1840,14.0000,1.0680,1.0460,55.0000,0.2440,0.1880,13.0000,1.1270,1.1680,53.0000
1789461259.9861,0.1850,0.1980,14.0000,1.0680,1.0810,53.0000,0.2440,0.2080,12.0000,1.1270,1.1820,52.0000
1789461260.0363,0.1850,0.1930,14.0000,1.0680,1.1090,52.0000,0.2440,0.2240,11.0000,1.1270,1.1550,53.0000
1789461260.0862,0.1850,0.1960,14.0000,1.0680,1.0890,53.0000,0.2440,0.2020,13.0000,1.1270,1.1660,52.0000
1789461260.1364,0.1850,0.1730,15.0000,1.0680,0.9790,59.0000,0.2440,0.2430,11.0000,1.1270,1.1200,54.0000
1789461260.1864,0.1850,0.1770,15.0000,1.0680,1.0300,56.0000,0.2440,0.2490,11.0000,1.1270,1.1360,53.0000
1789461260.2365,0.1850,0.1810,15.0000,1.0680,1.0370,56.0000,0.2440,0.2610,10.0000,1.1270,1.1430,53.0000
1789461260.2873,0.1850,0.1740,15.0000,1.0680,1.0510,56.0000,0.2440,0.2490,11.0000,1.1270,1.1460,53.0000
1789461260.3371,0.1850,0.1870,14.0000,1.0680,1.0330,57.0000,0.2440,0.2310,12.0000,1.1270,1.1620,51.0000
1789461260.3868,0.1850,0.1850,15.0000,1.0680,1.0300,58.0000,0.2440,0.2580,10.0000,1.1270,1.1410,52.0000
1789461260.4363,0.1850,0.1830,15.0000,1.0680,1.1110,54.0000,0.2440,0.2750,9.0000,1.1270,1.1440,52.0000
1789461260.4863,0.1850,0.1960,14.0000,1.0680,1.1000,54.0000,0.2440,0.3030,7.0000,1.1270,1.1420,52.0000
1789461260.5369,0.1850,0.2390,11.0000,1.0680,1.0330,58.0000,0.2440,0.2880,7.0000,1.1270,1.1400,52.0000
1789461260.5871,0.2290,0.2730,14.0000,1.0300,0.9780,58.0000,0.2830,0.2610,12.0000,1.0830,1.1070,49.0000
1789461260.6363,0.2290,0.2400,16.0000,1.0300,0.9780,58.0000,0.2830,0.2870,11.0000,1.0830,1.0790,50.0000
1789461260.6863,0.2290,0.2400,15.0000,1.0300,0.9550,60.0000,0.2830,0.2710,12.0000,1.0830,1.0910,50.0000
1789461260.7363,0.2290,0.2530,14.0000,1.0300,0.9780,59.0000,0.2830,0.2660,12.0000,1.0830,1.0860,50.0000
1789461260.7863,0.2290,0.2080,17.0000,1.0300,1.0120,58.0000,0.2830,0.3060,10.0000,1.0830,1.0890,50.0000
1789461260.8362,0.2290,0.2530,14.0000,1.0300,1.0500,56.0000,0.2830,0.3330,8.0000,1.0830,1.0940,49.0000
1789461260.8868,0.2290,0.2460,14.0000,1.0300,1.0980,53.0000,0.2830,0.2880,11.0000,1.0830,1.0790,50.0000
1789461260.9377,0.2290,0.2200,16.0000,1.0300,1.1250,51.0000,0.2830,0.2820,11.0000,1.0830,1.0910,49.0000
1789461260.9863,0.2290,0.2610,13.0000,1.0300,1.0850,52.0000,0.2830,0.2950,10.0000,1.0830,1.0830,50.0000
1789461261.0367,0.2290,0.2540,14.0000,1.0300,1.0280,55.0000,0.2830,0.2450,13.0000,1.0830,1.0910,49.0000
1789461261.0863,0.2290,0.2050,16.0000,1.0300,1.0340,54.0000,0.2830,0.2600,12.0000,1.0830,1.1010,49.0000
1789461261.1365,0.2290,0.2100,16.0000,1.0300,1.0200,55.0000,0.2830,0.2610,12.0000,1.0830,1.0670,50.0000
1789461261.1863,0.2290,0.2170,16.0000,1.0300,1.0300,54.0000,0.2830,0.2560,13.0000,1.0830,1.0840,49.0000
1789461261.2364,0.2290,0.2290,15.0000,1.0300,1.0300,54.0000,0.2830,0.3090,10.0000,1.0830,1.0680,51.0000
1789461261.2864,0.2290,0.2290,15.0000,1.0300,1.0340,54.0000,0.2830,0.3350,8.0000,1.0830,1.0580,51.0000
1789461261.3364,0.2290,0.2150,16.0000,1.0300,1.0370,54.0000,0.2830,0.3000,10.0000,1.0830,1.0260,53.0000
1789461261.3868,0.2290,0.2010,17.0000,1.0300,1.0260,54.0000,0.2830,0.2430,13.0000,1.0830,1.0250,54.0000
1789461261.4364,0.2290,0.1990,18.0000,1.0300,1.0360,54.0000,0.2830,0.2230,14.0000,1.0830,1.0760,52.0000
1789461261.4871,0.2290,0.2060,18.0000,1.0300,1.0150,55.0000,0.2830,0.2270,15.0000,1.0830,1.0970,51.0000
1789461261.5363,0.2290,0.2100,18.0000,1.0300,1.0230,55.0000,0.2830,0.2480,14.0000,1.0830,1.1040,50.0000
1789461261.5865,0.2290,0.2160,17.0000,1.0300,1.0320,54.0000,0.2830,0.2700,14.0000,1.0830,1.1080,50.0000
1789461261.6367,0.2290,0.2130,18.0000,1.0300,1.0500,53.0000,0.2830,0.2800,14.0000,1.0830,1.0840,51.0000
1789461261.6862,0.2290,0.2110,18.0000,1.0300,1.0650,52.0000,0.2830,0.2740,14.0000,1.0830,1.0600,52.0000
1789461261.7362,0.2290,0.2080,18.0000,1.0300,1.0610,52.0000,0.2830,0.2900,13.0000,1.0830,1.0680,52.0000
1789461261.7863,0.2290,0.2180,18.0000,1.0300,1.0300,53.0000,0.2830,0.2980,13.0000,1.0830,1.1020,50.0000
1789461261.8362,0.2290,0.2460,17.0000,1.0300,1.0310,53.0000,0.2830,0.2720,14.0000,1.0830,1.1090,50.0000
1789461261.8864,0.2290,0.2520,16.0000,1.0300,1.0280,53.0000,0.2830,0.2860,13.0000,1.0830,1.0820,51.0000
1789461261.9363,0.2290,0.2570,16.0000,1.0300,1.0060,55.0000,0.2830,0.2930,13.0000,1.0830,1.0970,50.0000
1789461261.9864,0.2290,0.2310,17.0000,1.0300,0.9960,56.0000,0.2830,0.3060,12.0000,1.0830,1.0900,50.0000
1789461262.0365,0.2290,0.2570,15.0000,1.0300,1.0070,55.0000,0.2830,0.3380,10.0000,1.0830,1.0880,50.0000
1789461262.0862,0.2290,0.2440,16.0000,1.0300,1.0290,54.0000,0.2830,0.3360,10.0000,1.0830,1.0510,53.0000
1789461262.1363,0.2290,0.2350,16.0000,1.0300,1.0370,54.0000,0.2830,0.2900,12.0000,1.0830,1.0360,54.0000
1789461262.1865,0.2290,0.3010,12.0000,1.0300,1.0420,53.0000,0.2830,0.2570,13.0000,1.0830,1.0690,52.0000
1789461262.2363,0.2290,0.3360,9.0000,1.0300,1.0230,54.0000,0.2830,0.2740,12.0000,1.0830,1.1000,51.0000
1789461262.2865,0.2290,0.2930,11.0000,1.0300,1.0140,55.0000,0.2830,0.2870,12.0000,1.0830,1.1020,50.0000
1789461262.3363,0.2290,0.2730,11.0000,1.0300,1.0250,55.0000,0.2830,0.2850,12.0000,1.0830,1.1100,50.0000
1789461262.3865,0.2290,0.2830,10.0000,1.0300,1.0110,55.0000,0.2830,0.2430,14.0000,1.0830,1.0890,51.0000
1789461262.4362,0.2290,0.2440,11.0000,1.0300,0.9990,56.0000,0.2830,0.3070,11.0000,1.0830,1.0330,54.0000
1789461262.4863,0.2290,0.2110,13.0000,1.0300,1.0440,54.0000,0.2830,0.3450,9.0000,1.0830,0.9920,57.0000
1789461262.5364,0.2290,0.2270,12.0000,1.0300,1.0650,53.0000,0.2830,0.3190,10.0000,1.0830,1.0070,57.0000
1789461262.5863,0.2290,0.2780,9.0000,1.0300,1.0380,54.0000,0.2830,0.2560,13.0000,1.0830,1.0810,53.0000
1789461262.6374,0.2290,0.2880,8.0000,1.0300,1.0310,54.0000,0.2830,0.2390,14.0000,1.0830,1.1080,52.0000
1789461262.6863,0.2290,0.2470,10.0000,1.0300,1.0460,53.0000,0.2830,0.2440,14.0000,1.0830,1.1060,52.0000
1789461262.7363,0.2290,0.1950,13.0000,1.0300,1.0430,53.0000,0.2830,0.2520,14.0000,1.0830,1.1110,52.0000
1789461262.7862,0.1930,0.1890,10.0000,1.0620,1.0480,56.0000,0.2500,0.2410,12.0000,1.1200,1.0700,57.0000
1789461262.8362,0.1930,0.1680,11.0000,1.0620,1.0790,54.0000,0.2500,0.2050,15.0000,1.1200,1.0440,59.0000
1789461262.8876,0.1930,0.1260,14.0000,1.0620,1.0990,53.0000,0.2500,0.2220,14.0000,1.1200,1.0060,62.0000
1789461262.9362,0.1930,0.1440,13.0000,1.0620,1.1100,52.0000,0.2500,0.2150,15.0000,1.1200,1.0420,61.0000
1789461262.9865,0.1930,0.1530,13.0000,1.0620,1.1020,52.0000,0.2500,0.2210,15.0000,1.1200,1.0990,59.0000
1789461263.0365,0.1930,0.1980,11.0000,1.0620,1.0840,52.0000,0.2500,0.2140,16.0000,1.1200,1.1620,55.0000
1789461263.0862,0.1930,0.1760,13.0000,1.0620,1.0880,52.0000,0.2500,0.2300,15.0000,1.1200,1.1660,55.0000
1789461263.1364,0.1930,0.1560,14.0000,1.0620,1.1060,50.0000,0.2500,0.2320,16.0000,1.1200,1.1220,57.0000
1789461263.1863,0.1930,0.1430,15.0000,1.0620,1.0860,51.0000,0.2500,0.2190,17.0000,1.1200,1.0700,60.0000
1789461263.2370,0.1930,0.1490,15.0000,1.0620,1.0690,52.0000,0.2500,0.2220,17.0000,1.1200,1.0180,64.0000
1789461263.2863,0.1930,0.1680,15.0000,1.0620,1.0700,52.0000,0.2500,0.2250,17.0000,1.1200,1.0410,63.0000
1789461263.3365,0.1930,0.1930,14.0000,1.0620,1.0780,51.0000,0.2500,0.2410,17.0000,1.1200,1.0930,61.0000
1789461263.3873,0.1930,0.1890,14.0000,1.0620,1.0880,50.0000,0.2500,0.2430,17.0000,1.1200,1.1020,61.0000
1789461263.4365,0.1930,0.2080,13.0000,1.0620,1.0670,51.0000,0.2500,0.2460,17.0000,1.1200,1.1660,58.0000
1789461263.4862,0.1930,0.2470,11.0000,1.0620,1.0720,51.0000,0.2500,0.2330,18.0000,1.1200,1.1590,58.0000
1789461263.5364,0.1930,0.2250,11.0000,1.0620,1.0690,51.0000,0.2500,0.2400,17.0000,1.1200,1.1320,59.0000
1789461263.5863,0.1930,0.1920,13.0000,1.0620,1.0700,51.0000,0.2500,0.2490,17.0000,1.1200,1.0790,62.0000
1789461263.6364,0.1930,0.1910,13.0000,1.0620,1.0780,50.0000,0.2500,0.2520,17.0000,1.1200,1.0100,66.0000
1789461263.6864,0.1930,0.1930,13.0000,1.0620,1.0740,50.0000,0.2500,0.2440,18.0000,1.1200,1.0700,64.0000
1789461263.7365,0.1930,0.2170,11.0000,1.0620,1.0740,50.0000,0.2500,0.2190,19.0000,1.1200,1.1250,61.0000
1789461263.7864,0.1930,0.2440,9.0000,1.0620,1.0480,51.0000,0.2500,0.2280,19.0000,1.1200,1.1550,60.0000
1789461263.8364,0.1930,0.2490,9.0000,1.0620,1.0500,51.0000,0.2500,0.2400,18.0000,1.1200,1.1940,57.0000
1789461263.8864,0.1930,0.2200,10.0000,1.0620,1.0730,50.0000,0.2500,0.2570,17.0000,1.1200,1.1370,60.0000
1789461263.9363,0.1930,0.1950,11.0000,1.0620,1.0660,50.0000,0.2500,0.2660,17.0000,1.1200,1.0930,62.0000
1789461263.9862,0.1930,0.2130,9.0000,1.0620,1.0480,51.0000,0.2500,0.2570,17.0000,1.1200,1.0520,65.0000
1789461264.0364,0.1930,0.2520,7.0000,1.0620,1.0420,52.0000,0.2500,0.2420,18.0000,1.1200,1.0850,63.0000
1789461264.0863,0.1930,0.2600,6.0000,1.0620,1.0490,52.0000,0.2500,0.2470,18.0000,1.1200,1.1080,62.0000
1789461264.1364,0.1930,0.2710,4.0000,1.0620,1.0570,51.0000,0.2500,0.2380,18.0000,1.1200,1.1580,60.0000
1789461264.1864,0.1930,0.2700,4.0000,1.0620,1.0380,52.0000,0.2500,0.2440,18.0000,1.1200,1.2080,57.0000
1789461264.2363,0.1930,0.2470,4.0000,1.0620,1.0230,54.0000,0.2500,0.2560,17.0000,1.1200,1.1720,58.0000
1789461264.2863,0.1930,0.2370,4.0000,1.0620,1.0530,52.0000,0.2500,0.2520,17.0000,1.1200,1.1680,57.0000
1789461264.3363,0.1930,0.2390,3.0000,1.0620,1.0450,53.0000,0.2500,0.2730,16.0000,1.1200,1.0860,62.0000
1789461264.3864,0.1930,0.2300,3.0000,1.0620,1.0430,53.0000,0.2500,0.2580,17.0000,1.1200,1.0950,61.0000
1789461264.4362,0.1930,0.2200,4.0000,1.0620,1.0570,53.0000,0.2500,0.2750,16.0000,1.1200,1.1120,61.0000
1789461264.4871,0.1930,0.2200,3.0000,1.0620,1.0900,51.0000,0.2500,0.2930,14.0000,1.1200,1.1230,60.0000
1789461264.5365,0.1930,0.2380,2.0000,1.0620,1.0980,50.0000,0.2500,0.2560,16.0000,1.1200,1.1550,58.0000
1789461264.5863,0.1930,0.2840,-1.0000,1.0620,1.0610,52.0000,0.2500,0.2400,17.0000,1.1200,1.1760,57.0000
1789461264.6363,0.1930,0.2390,0.0000,1.0620,1.0450,53.0000,0.2500,0.2380,17.0000,1.1200,1.2010,55.0000
1789461264.6863,0.1930,0.1340,6.0000,1.0620,1.0320,54.0000,0.2500,0.2430,17.0000,1.1200,1.1360,58.0000
1789461264.7363,0.1930,0.1130,7.0000,1.0620,1.0310,54.0000,0.2500,0.2500,17.0000,1.1200,1.0910,60.0000
1789461264.7864,0.1930,0.1410,6.0000,1.0620,1.0350,54.0000,0.2500,0.2420,17.0000,1.1200,1.0960,60.0000
1789461264.8363,0.1930,0.0960,10.0000,1.0620,1.0500,54.0000,0.2500,0.2350,18.0000,1.1200,1.1100,59.0000
1789461264.8864,0.1930,0.1030,10.0000,1.0620,1.1050,51.0000,0.2500,0.2480,17.0000,1.1200,1.1490,57.0000
1789461264.9363,0.1930,0.1120,11.0000,1.0620,1.0990,51.0000,0.2500,0.2520,17.0000,1.1200,1.1490,57.0000
1789461264.9863,0.1930,0.1860,8.0000,1.0620,1.0910,51.0000,0.2500,0.2530,17.0000,1.1200,1.1860,54.0000
1789461265.0363,0.1930,0.1590,10.0000,1.0620,1.0550,52.0000,0.2500,0.2480,18.0000,1.1200,1.1650,55.0000
1789461265.0863,0.1930,0.1230,12.0000,1.0620,1.0420,53.0000,0.2500,0.2390,18.0000,1.1200,1.0630,60.0000
1789461265.1363,0.1930,0.1770,10.0000,1.0620,1.0330,54.0000,0.2500,0.2300,19.0000,1.1200,1.0820,59.0000
1789461265.1864,0.1930,0.2030,9.0000,1.0620,1.0580,52.0000,0.2500,0.2520,17.0000,1.1200,1.0960,59.0000
1789461265.2364,0.1930,0.1670,11.0000,1.0620,1.0950,50.0000,0.2500,0.2710,16.0000,1.1200,1.1010,59.0000
1789461265.2864,0.1930,0.1140,14.0000,1.0620,1.0990,50.0000,0.2500,0.3220,13.0000,1.1200,1.1630,56.0000
1789461265.3364,0.1930,0.1470,13.0000,1.0620,1.0970,50.0000,0.2500,0.3100,13.0000,1.1200,1.1790,54.0000
1789461265.3865,0.1930,0.2250,9.0000,1.0620,1.0880,50.0000,0.2500,0.2760,15.0000,1.1200,1.1720,54.0000
1789461265.4363,0.1930,0.2430,8.0000,1.0620,1.0730,50.0000,0.2500,0.2530,15.0000,1.1200,1.0540,61.0000
1789461265.4863,0.1930,0.2030,10.0000,1.0620,1.0180,53.0000,0.2500,0.2460,16.0000,1.1200,1.0080,64.0000
1789461265.5364,0.1930,0.1930,10.0000,1.0620,1.0410,52.0000,0.2500,0.2650,15.0000,1.1200,1.0630,61.0000
1789461265.5871,0.1930,0.1970,10.0000,1.0620,1.0560,52.0000,0.2500,0.2540,15.0000,1.1200,1.1150,59.0000
1789461265.6363,0.1930,0.1490,13.0000,1.0620,1.0740,51.0000,0.2500,0.2550,15.0000,1.1200,1.1560,57.0000
1789461265.6864,0.1930,0.1800,11.0000,1.0620,1.0720,51.0000,0.2500,0.2360,16.0000,1.1200,1.1540,57.0000
1789461265.7364,0.1930,0.2420,8.0000,1.0620,1.0370,53.0000,0.2500,0.2230,17.0000,1.1200,1.2040,54.0000
1789461265.7864,0.1930,0.2220,9.0000,1.0620,1.0530,52.0000,0.2500,0.2440,16.0000,1.1200,1.1450,56.0000
1789461265.8363,0.1930,0.1950,10.0000,1.0620,1.0490,52.0000,0.2500,0.2550,15.0000,1.1200,1.0890,59.0000
1789461265.8866,0.1930,0.2040,9.0000,1.0620,1.0330,53.0000,0.2500,0.2540,15.0000,1.1200,1.0850,59.0000
1789461265.9362,0.1930,0.1780,10.0000,1.0620,1.0420,53.0000,0.2500,0.2680,15.0000,1.1200,1.0980,59.0000
1789461265.9864,0.1930,0.1790,10.0000,1.0620,1.0790,51.0000,0.2500,0.2780,14.0000,1.1200,1.1280,58.0000
1789461266.0365,0.1930,0.1980,10.0000,1.0620,1.0970,50.0000,0.2500,0.2860,13.0000,1.1200,1.1170,58.0000
1789461266.0865,0.1930,0.2100,9.0000,1.0620,1.0840,50.0000,0.2500,0.2800,13.0000,1.1200,1.1230,58.0000
1789461266.1364,0.1930,0.2480,6.0000,1.0620,1.0580,52.0000,0.2500,0.2600,14.0000,1.1200,1.1540,56.0000
1789461266.1865,0.1930,0.2680,5.0000,1.0620,1.0290,53.0000,0.2500,0.2420,15.0000,1.1200,1.1400,57.0000
1789461266.2364,0.1930,0.1960,8.0000,1.0620,1.0140,54.0000,0.2500,0.2660,14.0000,1.1200,1.0560,61.0000
1789461266.2864,0.1930,0.1910,8.0000,1.0620,1.0440,53.0000,0.2500,0.2740,13.0000,1.1200,1.0820,60.0000
1789461266.3364,0.1930,0.2080,7.0000,1.0620,1.0560,53.0000,0.2500,0.2710,13.0000,1.1200,1.1380,57.0000
1789461266.3865,0.1930,0.1890,8.0000,1.0620,1.0580,53.0000,0.2500,0.2330,15.0000,1.1200,1.1320,58.0000
1789461266.4365,0.1930,0.2150,6.0000,1.0620,1.0750,52.0000,0.2500,0.2190,16.0000,1.1200,1.1730,55.0000
1789461266.4864,0.1930,0.2350,5.0000,1.0620,1.0780,52.0000,0.2500,0.2320,15.0000,1.1200,1.1750,55.0000
1789461266.5364,0.1930,0.2370,4.0000,1.0620,1.0320,54.0000,0.2500,0.2280,16.0000,1.1200,1.1550,55.0000
1789461266.5863,0.1930,0.2220,5.0000,1.0620,1.0280,55.0000,0.2500,0.2270,16.0000,1.1200,1.0760,59.0000
1789461266.6375,0.1930,0.1750,7.0000,1.0620,1.0280,55.0000,0.2500,0.2440,15.0000,1.1200,1.0330,62.0000
1789461266.6865,0.1930,0.1160,11.0000,1.0620,1.0600,54.0000,0.2500,0.2720,14.0000,1.1200,1.0930,59.0000
1789461266.7377,0.1930,0.1260,11.0000,1.0620,1.0360,55.0000,0.2500,0.2770,13.0000,1.1200,1.1500,56.0000
1789461266.7875,0.1930,0.1410,10.0000,1.0620,1.0750,53.0000,0.2500,0.2680,14.0000,1.1200,1.1640,55.0000
1789461266.8378,0.1930,0.1570,10.0000,1.0620,1.0880,53.0000,0.2500,0.2540,14.0000,1.1200,1.1550,56.0000
1789461266.8872,0.1930,0.1410,12.0000,1.0620,1.1110,51.0000,0.2500,0.2990,11.0000,1.1200,1.1710,54.0000
1789461266.9374,0.1930,0.1890,9.0000,1.0620,1.0790,52.0000,0.2500,0.2640,13.0000,1.1200,1.1280,56.0000
1789461266.9874,0.1930,0.2120,8.0000,1.0620,1.0390,54.0000,0.2500,0.2420,14.0000,1.1200,1.0600,60.0000
1789461267.0392,0.1930,0.1500,12.0000,1.0620,1.0650,53.0000,0.2500,0.2670,13.0000,1.1200,1.0440,61.0000
1789461267.0875,0.1930,0.1260,14.0000,1.0620,1.0750,53.0000,0.2500,0.2900,11.0000,1.1200,1.0680,61.0000
1789461267.1393,0.1930,0.1660,12.0000,1.0620,1.0600,53.0000,0.2500,0.2550,13.0000,1.1200,1.1610,56.0000
1789461267.1875,0.1930,0.1790,12.0000,1.0620,1.0810,52.0000,0.2500,0.2340,14.0000,1.1200,1.2010,53.0000
1789461267.2377,0.1930,0.1680,13.0000,1.0620,1.0860,52.0000,0.2500,0.2560,13.0000,1.1200,1.1560,55.0000
1789461267.2881,0.1930,0.1810,12.0000,1.0620,1.0590,53.0000,0.2500,0.2440,14.0000,1.1200,1.1650,54.0000
1789461267.3381,0.1930,0.1880,12.0000,1.0620,1.0500,53.0000,0.2500,0.2480,13.0000,1.1200,1.0870,58.0000
1789461267.3877,0.1930,0.1630,14.0000,1.0620,1.0530,53.0000,0.2500,0.2720,12.0000,1.1200,1.0520,60.0000
1789461267.4375,0.1930,0.1580,14.0000,1.0620,1.0510,54.0000,0.2500,0.2570,13.0000,1.1200,1.1010,58.0000
1789461267.4881,0.1930,0.1550,15.0000,1.0620,1.0510,54.0000,0.2500,0.2580,13.0000,1.1200,1.1480,56.0000
1789461267.5375,0.1930,0.1710,14.0000,1.0620,1.0600,53.0000,0.2500,0.2490,13.0000,1.1200,1.1480,56.0000
1789461267.5877,0.1930,0.1800,14.0000,1.0620,1.0840,52.0000,0.2500,0.2580,13.0000,1.1200,1.1430,56.0000
1789461267.6375,0.1930,0.1770,14.0000,1.0620,1.1070,51.0000,0.2500,0.2730,12.0000,1.1200,1.1730,54.0000
1789461267.6875,0.1930,0.1820,14.0000,1.0620,1.0860,51.0000,0.2500,0.2630,12.0000,1.1200,1.1430,55.0000
1789461267.7382,0.1930,0.2240,12.0000,1.0620,1.0280,54.0000,0.2500,0.2210,14.0000,1.1200,1.1030,57.0000
1789461267.7874,0.1930,0.1830,14.0000,1.0620,1.0370,54.0000,0.2500,0.2270,14.0000,1.1200,1.1140,56.0000
1789461267.8383,0.1340,0.1440,8.0000,1.1130,1.0870,56.0000,0.1990,0.2150,10.0000,1.1790,1.1240,61.0000
1789461267.8875,0.1190,0.0740,9.0000,1.1260,1.1200,56.0000,0.1860,0.1640,11.0000,1.1930,1.2480,56.0000
1789461267.9373,0.1190,0.0960,8.0000,1.1260,1.1180,56.0000,0.1860,0.1230,14.0000,1.1930,1.2160,58.0000
1789461267.9879,0.1190,0.0580,11.0000,1.1260,1.1270,56.0000,0.1860,0.1640,12.0000,1.1930,1.2180,58.0000
1789461268.0375,0.1190,0.0940,9.0000,1.1260,1.1430,55.0000,0.1860,0.1510,13.0000,1.1930,1.1950,59.0000
1789461268.0875,0.1190,0.1250,8.0000,1.1260,1.1020,57.0000,0.1860,0.1470,14.0000,1.1930,1.1520,61.0000
1789461268.1377,0.1190,0.1330,7.0000,1.1260,1.1180,56.0000,0.1860,0.1560,14.0000,1.1930,1.1730,60.0000
1789461268.1875,0.1190,0.0900,10.0000,1.1260,1.1210,56.0000,0.1860,0.1600,14.0000,1.1930,1.1890,59.0000
1789461268.2375,0.1190,0.0740,11.0000,1.1260,1.1260,56.0000,0.1860,0.1340,16.0000,1.1930,1.2030,59.0000
1789461268.2875,0.1190,0.1150,9.0000,1.1260,1.1150,57.0000,0.1860,0.1760,14.0000,1.1930,1.2120,58.0000
1789461268.3375,0.1190,0.0760,12.0000,1.1260,1.1220,57.0000,0.1860,0.1900,13.0000,1.1930,1.2300,57.0000
1789461268.3875,0.1190,0.0820,12.0000,1.1260,1.1610,54.0000,0.1860,0.2100,12.0000,1.1930,1.1760,60.0000
1789461268.4376,0.1190,0.1210,10.0000,1.1260,1.1220,57.0000,0.1860,0.2250,11.0000,1.1930,1.1670,60.0000
1789461268.4876,0.1190,0.1460,8.0000,1.1260,1.1050,57.0000,0.1860,0.2000,12.0000,1.1930,1.1590,61.0000
1789461268.5383,0.1190,0.1180,10.0000,1.1260,1.1270,56.0000,0.1860,0.1670,14.0000,1.1930,1.1780,60.0000
1789461268.5875,0.1190,0.1140,10.0000,1.1260,1.1190,57.0000,0.1860,0.1770,14.0000,1.1930,1.1900,60.0000
1789461268.6375,0.1190,0.1160,10.0000,1.1260,1.1110,57.0000,0.1860,0.2030,12.0000,1.1930,1.1990,59.0000
1789461268.6875,0.1190,0.1320,9.0000,1.1260,1.1320,56.0000,0.1860,0.1920,12.0000,1.1930,1.2300,57.0000
1789461268.7373,0.1190,0.0960,11.0000,1.1260,1.1310,56.0000,0.1860,0.2230,11.0000,1.1930,1.2020,59.0000
1789461268.7876,0.1340,0.1470,10.0000,1.1130,1.1140,56.0000,0.1990,0.2140,13.0000,1.1790,1.1610,60.0000
1789461268.8374,0.1340,0.1760,8.0000,1.1130,1.1030,57.0000,0.1990,0.2290,12.0000,1.1790,1.1350,61.0000
1789461268.8874,0.1340,0.1700,9.0000,1.1130,1.1070,56.0000,0.1990,0.2180,12.0000,1.1790,1.1650,60.0000
1789461268.9375,0.1340,0.1370,10.0000,1.1130,1.1170,56.0000,0.1990,0.2170,12.0000,1.1790,1.1720,60.0000
1789461268.9874,0.1340,0.1680,8.0000,1.1130,1.1190,56.0000,0.1990,0.2060,13.0000,1.1790,1.1740,60.0000
1789461269.0374,0.0970,0.1730,2.0000,1.1460,1.1310,58.0000,0.1670,0.1890,9.0000,1.2150,1.2140,61.0000
1789461269.0874,0.0600,0.0890,1.0000,1.1780,1.1780,58.0000,0.1350,0.1320,7.0000,1.2520,1.2420,63.0000
1789461269.1373,0.0600,0.0140,5.0000,1.1780,1.2010,57.0000,0.1350,0.1420,6.0000,1.2520,1.2660,62.0000
1789461269.2374,-0.0720,0.0540,-11.0000,1.2940,1.2550,65.0000,0.0190,0.0420,-3.0000,1.3850,1.2560,74.0000
1789461269.2869,-0.0720,0.0140,-10.0000,1.2940,1.2830,64.0000,0.0190,0.0010,-2.0000,1.3850,1.4020,67.0000
1789461269.2883,-0.0720,-0.0000,-11.0000,1.2940,1.2900,64.0000,0.0190,0.0020,-2.0000,1.3850,1.3820,69.0000
1789461269.3374,-0.0720,-0.0020,-12.0000,1.2940,1.2780,64.0000,0.0190,0.0000,-2.0000,1.3850,1.4210,67.0000
1789461269.3875,-0.0720,-0.0010,-13.0000,1.2940,1.2780,65.0000,0.0190,0.0000,-1.0000,1.3850,1.4030,68.0000
1789461269.4375,-0.0720,-0.0000,-14.0000,1.2940,1.2820,64.0000,0.0190,0.0000,-1.0000,1.3850,1.4190,67.0000
1789461269.4874,-0.0720,-0.0010,-14.0000,1.2940,1.3200,62.0000,0.0190,0.0000,-1.0000,1.3850,1.3430,71.0000
1789461269.5869,-0.0720,0.0000,-15.0000,1.2940,1.3070,63.0000,0.0190,0.0000,-1.0000,1.3850,1.3950,68.0000
1789461269.6375,-0.0720,0.0000,-16.0000,1.2940,1.2710,65.0000,0.0190,-0.0030,0.0000,1.3850,1.4310,66.0000
1789461269.6868,-0.0720,0.0000,-17.0000,1.2940,1.2850,64.0000,0.0190,-0.0000,0.0000,1.3850,1.4290,66.0000
1789461269.6882,-0.0720,-0.0000,-18.0000,1.2940,1.2830,65.0000,0.0190,-0.0000,0.0000,1.3850,1.4080,66.0000
1789461269.7376,-0.0720,-0.0330,-17.0000,1.2940,1.2810,65.0000,0.0190,-0.0000,0.0000,1.3850,1.3750,68.0000
1789461269.7874,-0.0720,-0.0470,-17.0000,1.2940,1.3050,64.0000,0.0190,-0.0000,1.0000,1.3850,1.3390,70.0000
1789461269.8374,-0.0720,-0.0150,-19.0000,1.2940,1.2980,64.0000,0.0190,-0.0000,1.0000,1.3850,1.4080,66.0000
1789461269.8874,-0.0720,-0.0100,-20.0000,1.2940,1.2930,64.0000,0.0190,-0.0000,1.0000,1.3850,1.4190,66.0000
1789461269.9377,-0.0720,-0.0130,-21.0000,1.2940,1.2780,65.0000,0.0190,-0.0000,1.0000,1.3850,1.4480,64.0000
1789461270.0375,-0.0720,-0.0700,-18.0000,1.2940,1.2890,65.0000,0.0190,0.0010,2.0000,1.3850,1.4320,64.0000
1789461270.0868,-0.0720,-0.0850,-17.0000,1.2940,1.2670,66.0000,0.0190,0.0000,2.0000,1.3850,1.3780,66.0000
1789461270.1369,-0.0720,-0.1180,-15.0000,1.2940,1.2980,64.0000,0.0190,0.0000,2.0000,1.3850,1.3600,67.0000
1789461270.1871,-0.0720,-0.1110,-15.0000,1.2940,1.3480,61.0000,0.0190,0.0050,2.0000,1.3850,1.3810,66.0000
1789461270.1899,-0.0720,-0.0390,-19.0000,1.2940,1.3120,63.0000,0.0190,-0.0010,3.0000,1.3850,1.4340,63.0000
1789461270.2375,-0.0720,-0.0270,-20.0000,1.2940,1.2630,66.0000,0.0190,-0.0040,3.0000,1.3850,1.4210,64.0000
1789461270.2875,-0.0720,-0.0500,-19.0000,1.2940,1.2630,66.0000,0.0190,-0.0010,3.0000,1.3850,1.4410,62.0000
1789461270.3867,-0.0720,-0.0770,-17.0000,1.2940,1.2660,66.0000,0.0190,0.0160,2.0000,1.3850,1.3380,67.0000
1789461270.4376,-0.0720,-0.0960,-16.0000,1.2940,1.2850,65.0000,0.0190,0.0010,3.0000,1.3850,1.3760,65.0000
1789461270.4867,-0.0720,-0.1350,-14.0000,1.2940,1.3140,63.0000,0.0190,0.0000,4.0000,1.3850,1.3790,65.0000
1789461270.5377,-0.0720,-0.1170,-14.0000,1.2940,1.3570,61.0000,0.0190,0.0000,4.0000,1.3850,1.3970,64.0000
1789461270.5401,-0.0720,-0.0190,-19.0000,1.2940,1.2770,65.0000,0.0190,-0.0050,4.0000,1.3850,1.4070,63.0000
1789461270.5875,-0.0720,-0.0420,-18.0000,1.2940,1.2700,65.0000,0.0190,-0.0010,4.0000,1.3850,1.3950,64.0000
1789461270.6869,-0.0720,-0.1210,-14.0000,1.2940,1.2930,64.0000,0.0190,0.0020,4.0000,1.3850,1.3260,68.0000
1789461270.7368,-0.0720,-0.1290,-13.0000,1.2940,1.2810,65.0000,0.0190,0.0050,5.0000,1.3850,1.3780,65.0000
1789461270.7868,-0.0720,-0.1120,-13.0000,1.2940,1.3130,63.0000,0.0190,0.0010,5.0000,1.3850,1.3960,64.0000
1789461270.8375,-0.0720,-0.0990,-14.0000,1.2940,1.3290,62.0000,0.0190,0.0000,5.0000,1.3850,1.3610,67.0000
1789461270.8868,-0.0720,-0.0930,-13.0000,1.2940,1.3340,62.0000,0.0190,0.0000,5.0000,1.3850,1.3450,68.0000
1789461270.9369,-0.0720,-0.0450,-16.0000,1.2940,1.3190,62.0000,0.0190,0.0000,6.0000,1.3850,1.4520,62.0000
1789461270.9867,-0.0720,-0.0460,-16.0000,1.2940,1.2820,64.0000,0.0190,0.0000,6.0000,1.3850,1.4160,63.0000
1789461271.0368,-0.0720,-0.1210,-12.0000,1.2940,1.2720,64.0000,0.0190,0.0050,6.0000,1.3850,1.2610,72.0000
1789461271.0868,-0.0720,-0.0840,-14.0000,1.2940,1.3180,62.0000,0.0190,0.0170,5.0000,1.3850,1.3540,67.0000
1789461271.1370,-0.0720,-0.1040,-12.0000,1.2940,1.3220,62.0000,0.0190,0.0240,5.0000,1.3850,1.4290,63.0000
1789461271.1869,-0.0720,-0.0400,-16.0000,1.2940,1.3080,62.0000,0.0190,0.0350,4.0000,1.3850,1.4210,64.0000
1789461271.2368,-0.0720,-0.0290,-16.0000,1.2940,1.2850,63.0000,0.0190,0.0120,6.0000,1.3850,1.4530,62.0000
1789461271.2869,-0.0720,-0.0450,-16.0000,1.2940,1.2520,65.0000,0.0190,0.0430,4.0000,1.3850,1.3900,65.0000
1789461271.3367,-0.0720,-0.1120,-12.0000,1.2940,1.2770,64.0000,0.0190,0.0210,5.0000,1.3850,1.3190,69.0000
1789461271.3868,-0.0720,-0.0820,-14.0000,1.2940,1.3030,63.0000,0.0190,0.0240,5.0000,1.3850,1.4000,64.0000
1789461271.4368,-0.0720,-0.1040,-12.0000,1.2940,1.3440,61.0000,0.0190,0.0190,5.0000,1.3850,1.4160,64.0000
1789461271.4875,-0.0720,-0.0890,-13.0000,1.2940,1.3400,60.0000,0.0190,0.0040,6.0000,1.3850,1.4310,62.0000
1789461271.5368,-0.0720,-0.0110,-17.0000,1.2940,1.3140,62.0000,0.0190,0.0000,6.0000,1.3850,1.4320,62.0000
1789461271.5873,-0.0720,-0.0120,-17.0000,1.2940,1.2330,66.0000,0.0190,0.0050,6.0000,1.3850,1.4180,62.0000
1789461271.6369,-0.0720,-0.1220,-11.0000,1.2940,1.2560,65.0000,0.0190,0.0330,4.0000,1.3850,1.3860,64.0000
1789461271.6869,-0.0720,-0.0910,-13.0000,1.2940,1.2930,63.0000,0.0190,0.0640,3.0000,1.3850,1.3600,65.0000
1789461271.6882,-0.0720,-0.1030,-12.0000,1.2940,1.3080,62.0000,0.0190,0.1260,-1.0000,1.3850,1.4000,63.0000
1789461271.7375,-0.0720,-0.1210,-11.0000,1.2940,1.3590,59.0000,0.0190,0.1170,-2.0000,1.3850,1.3850,64.0000
1789461271.7876,-0.0720,-0.1020,-12.0000,1.2940,1.3090,62.0000,0.0190,0.1330,-4.0000,1.3850,1.3720,64.0000
1789461271.8375,-0.0720,-0.0370,-15.0000,1.2940,1.2280,66.0000,0.0190,0.1010,-3.0000,1.3850,1.4120,62.0000
1789461271.8891,-0.0720,-0.0650,-13.0000,1.2940,1.2350,67.0000,0.0190,0.0760,-3.0000,1.3850,1.3540,65.0000
1789461271.9400,-0.0720,-0.0850,-12.0000,1.2940,1.2300,68.0000,0.0190,0.0480,-2.0000,1.3850,1.4000,63.0000
1789461271.9891,-0.0720,-0.0880,-12.0000,1.2940,1.2690,66.0000,0.0190,0.0480,-3.0000,1.3850,1.4000,63.0000
1789461272.0375,-0.0720,-0.0950,-11.0000,1.2940,1.2930,65.0000,0.0190,0.0990,-6.0000,1.3850,1.4080,62.0000
1789461272.0876,-0.0720,-0.1090,-10.0000,1.2940,1.3910,59.0000,0.0190,0.0520,-4.0000,1.3850,1.3950,62.0000
1789461272.1376,-0.0720,-0.0820,-12.0000,1.2940,1.3600,61.0000,0.0190,0.0440,-4.0000,1.3850,1.4140,61.0000
1789461272.1877,-0.0720,-0.0130,-16.0000,1.2940,1.2120,69.0000,0.0190,0.0150,-3.0000,1.3850,1.3810,63.0000
1789461272.2376,-0.0720,-0.0460,-14.0000,1.2940,1.2810,64.0000,0.0190,0.0140,-3.0000,1.3850,1.4070,61.0000
1789461272.2884,-0.0720,-0.0930,-12.0000,1.2940,1.2490,67.0000,0.0190,0.0650,-6.0000,1.3850,1.3710,63.0000
1789461272.3378,-0.0720,-0.0560,-14.0000,1.2940,1.3070,63.0000,0.0190,0.0310,-4.0000,1.3850,1.4060,61.0000
1789461272.3874,-0.0720,-0.0870,-12.0000,1.2940,1.3340,62.0000,0.0190,0.0280,-5.0000,1.3850,1.3780,63.0000
1789461272.4376,-0.0720,-0.0740,-13.0000,1.2940,1.2890,64.0000,0.0190,0.0090,-4.0000,1.3850,1.3990,61.0000
1789461272.4876,-0.0720,-0.0210,-16.0000,1.2940,1.2510,67.0000,0.0190,0.0010,-3.0000,1.3850,1.3730,63.0000
1789461272.5375,-0.0720,-0.1010,-11.0000,1.2940,1.2590,66.0000,0.0190,0.0020,-3.0000,1.3850,1.3760,63.0000
1789461272.5883,-0.0720,-0.1100,-11.0000,1.2940,1.2670,66.0000,0.0190,0.0100,-3.0000,1.3850,1.3710,63.0000
1789461272.6381,-0.0720,-0.1010,-11.0000,1.2940,1.2960,65.0000,0.0190,0.0040,-3.0000,1.3850,1.4110,61.0000
1789461272.6876,-0.0720,-0.0940,-11.0000,1.2940,1.3290,63.0000,0.0190,0.0030,-3.0000,1.3850,1.3850,62.0000
1789461272.7376,-0.0720,-0.1090,-10.0000,1.2940,1.3630,61.0000,0.0190,0.0080,-3.0000,1.3850,1.4090,61.0000
1789461272.7876,-0.0720,-0.0390,-14.0000,1.2940,1.2590,67.0000,0.0190,0.0060,-2.0000,1.3850,1.3810,62.0000
1789461272.8375,-0.0720,-0.0460,-13.0000,1.2940,1.3070,64.0000,0.0190,0.0000,-2.0000,1.3850,1.4120,60.0000
1789461272.8875,-0.0720,-0.0850,-11.0000,1.2940,1.3010,64.0000,0.0190,0.0000,-2.0000,1.3850,1.3830,62.0000
1789461272.9375,-0.0720,-0.0670,-12.0000,1.2940,1.2740,65.0000,0.0190,0.0000,-1.0000,1.3850,1.3880,61.0000
1789461272.9876,-0.0720,-0.0580,-13.0000,1.2940,1.3050,64.0000,0.0190,0.0000,-1.0000,1.3850,1.3810,62.0000
1789461273.0377,-0.0720,-0.0800,-12.0000,1.2940,1.3180,63.0000,0.0190,0.0030,-1.0000,1.3850,1.3860,62.0000
1789461273.0875,-0.0720,-0.0570,-13.0000,1.2940,1.2760,65.0000,0.0190,0.0010,-1.0000,1.3850,1.3570,63.0000
1789461273.1376,-0.0720,-0.0530,-14.0000,1.2940,1.2850,64.0000,0.0190,0.0000,-1.0000,1.3850,1.3690,63.0000
1789461273.2370,-0.0720,-0.0620,-13.0000,1.2940,1.2620,66.0000,0.0190,0.0000,0.0000,1.3850,1.3740,63.0000
1789461273.2869,-0.0720,-0.0950,-11.0000,1.2940,1.2710,66.0000,0.0190,0.0000,0.0000,1.3850,1.3510,64.0000
1789461273.3370,-0.0720,-0.0810,-12.0000,1.2940,1.2710,66.0000,0.0190,0.0000,0.0000,1.3850,1.3820,63.0000
1789461273.3869,-0.0720,-0.1040,-11.0000,1.2940,1.3250,63.0000,0.0190,0.0000,0.0000,1.3850,1.3640,64.0000
1789461273.4368,-0.0720,-0.0650,-13.0000,1.2940,1.2920,65.0000,0.0190,0.0000,1.0000,1.3850,1.3440,65.0000
1789461273.4868,-0.0720,-0.0530,-13.0000,1.2940,1.2740,66.0000,0.0190,0.0000,1.0000,1.3850,1.4070,62.0000
1789461273.5381,-0.0720,-0.0840,-12.0000,1.2940,1.2970,65.0000,0.0190,0.0000,1.0000,1.3850,1.4060,62.0000
1789461273.5871,-0.0720,-0.0520,-13.0000,1.2940,1.2730,66.0000,0.0190,0.0000,1.0000,1.3850,1.3980,63.0000
1789461273.6369,-0.0720,-0.0700,-12.0000,1.2940,1.2900,65.0000,0.0190,0.0000,2.0000,1.3850,1.4070,62.0000
1789461273.6869,-0.0720,-0.0930,-11.0000,1.2940,1.3300,63.0000,0.0190,0.0000,2.0000,1.3850,1.3850,63.0000
1789461273.7370,-0.0720,-0.0850,-12.0000,1.2940,1.2990,65.0000,0.0190,0.0040,2.0000,1.3850,1.3450,65.0000
1789461273.7869,-0.0720,-0.0820,-12.0000,1.2940,1.3110,64.0000,0.0190,0.0000,2.0000,1.3850,1.3610,64.0000
1789461273.8368,-0.0720,-0.0830,-11.0000,1.2940,1.2770,66.0000,0.0190,0.0000,2.0000,1.3850,1.3970,62.0000
1789461273.8869,-0.0720,-0.0550,-13.0000,1.2940,1.2950,64.0000,0.0190,0.0000,3.0000,1.3850,1.3830,63.0000
1789461273.9376,-0.0720,-0.0670,-12.0000,1.2940,1.3010,64.0000,0.0190,0.0000,3.0000,1.3850,1.3970,63.0000
1789461273.9869,-0.0720,-0.0990,-10.0000,1.2940,1.3020,64.0000,0.0190,0.0000,3.0000,1.3850,1.3630,64.0000
1789461274.0368,-0.0720,-0.0550,-13.0000,1.2940,1.3330,62.0000,0.0190,0.0000,3.0000,1.3850,1.3330,66.0000
1789461274.0870,-0.0720,-0.0730,-12.0000,1.2940,1.3050,63.0000,0.0190,0.0010,4.0000,1.3850,1.3600,65.0000
1789461274.1368,-0.0720,-0.0640,-12.0000,1.2940,1.2980,64.0000,0.0190,0.0010,4.0000,1.3850,1.4170,62.0000
1789461274.1381,-0.0720,-0.0220,-15.0000,1.2940,1.2860,64.0000,0.0190,-0.0010,4.0000,1.3850,1.4000,63.0000
1789461274.1877,-0.0720,-0.0220,-15.0000,1.2940,1.2940,64.0000,0.0190,-0.0000,4.0000,1.3850,1.4230,61.0000
1789461274.2870,-0.0720,-0.0520,-14.0000,1.2940,1.2830,65.0000,0.0190,0.0030,4.0000,1.3850,1.3720,64.0000
1789461274.3371,-0.0720,-0.0760,-13.0000,1.2940,1.2730,65.0000,0.0190,0.0000,5.0000,1.3850,1.3340,66.0000
1789461274.3870,-0.0720,-0.1020,-12.0000,1.2940,1.3180,63.0000,0.0190,0.0080,5.0000,1.3850,1.3600,65.0000
1789461274.4368,-0.0720,-0.0810,-13.0000,1.2940,1.3210,62.0000,0.0190,0.0110,5.0000,1.3850,1.3990,63.0000
1789461274.4869,-0.0720,-0.0250,-16.0000,1.2940,1.2610,66.0000,0.0190,0.0010,5.0000,1.3850,1.4040,63.0000
1789461274.5369,-0.0720,-0.0400,-15.0000,1.2940,1.2950,64.0000,0.0190,0.0000,6.0000,1.3850,1.4290,61.0000
1789461274.5870,-0.0720,-0.0850,-13.0000,1.2940,1.2820,65.0000,0.0190,0.0240,4.0000,1.3850,1.3950,63.0000
1789461274.6370,-0.0720,-0.0800,-13.0000,1.2940,1.2760,65.0000,0.0190,0.0800,1.0000,1.3850,1.3500,65.0000
1789461274.6870,-0.0720,-0.0830,-13.0000,1.2940,1.3010,64.0000,0.0190,0.0540,2.0000,1.3850,1.3310,67.0000
1789461274.7369,-0.0720,-0.0750,-14.0000,1.2940,1.3180,63.0000,0.0190,0.0170,4.0000,1.3850,1.4050,63.0000
1789461274.7869,-0.0720,-0.0370,-16.0000,1.2940,1.2740,65.0000,0.0190,0.0010,5.0000,1.3850,1.4090,63.0000
1789461274.7882,-0.0720,-0.0390,-16.0000,1.2940,1.2690,65.0000,0.0190,-0.0000,5.0000,1.3850,1.4250,62.0000
1789461274.8870,-0.0720,-0.0570,-15.0000,1.2940,1.2490,67.0000,0.0190,0.0000,5.0000,1.3850,1.3900,63.0000
1789461274.9369,-0.0720,-0.1050,-13.0000,1.2940,1.2580,67.0000,0.0190,0.0000,5.0000,1.3850,1.3080,68.0000
1789461274.9870,-0.0720,-0.1160,-12.0000,1.2940,1.2850,66.0000,0.0190,0.0000,5.0000,1.3850,1.3290,67.0000
1789461275.0369,-0.0720,-0.1170,-12.0000,1.2940,1.3330,63.0000,0.0190,0.0040,5.0000,1.3850,1.3540,66.0000
1789461275.0874,-0.0720,-0.0610,-14.0000,1.2940,1.3180,64.0000,0.0190,0.0040,6.0000,1.3850,1.4090,64.0000
1789461275.0887,-0.0720,-0.0080,-18.0000,1.2940,1.2820,65.0000,0.0190,-0.0070,7.0000,1.3850,1.4390,62.0000
1789461275.1876,-0.0720,-0.0080,-18.0000,1.2940,1.2990,64.0000,0.0190,0.0020,6.0000,1.3850,1.4180,63.0000
1789461275.2369,-0.0720,-0.0810,-14.0000,1.2940,1.2530,67.0000,0.0190,0.0080,6.0000,1.3850,1.2900,70.0000
1789461275.2877,-0.0720,-0.1010,-14.0000,1.2940,1.3050,64.0000,0.0190,0.0150,6.0000,1.3850,1.3400,67.0000
1789461275.3371,-0.0720,-0.0950,-14.0000,1.2940,1.3030,65.0000,0.0190,0.0080,6.0000,1.3850,1.3960,65.0000
1789461275.3869,-0.0720,-0.1060,-13.0000,1.2940,1.3280,63.0000,0.0190,0.0170,6.0000,1.3850,1.4120,64.0000
1789461275.4368,-0.0720,-0.0110,-18.0000,1.2940,1.3140,64.0000,0.0190,0.0020,7.0000,1.3850,1.4360,62.0000
1789461275.4869,-0.0720,-0.0020,-19.0000,1.2940,1.2810,65.0000,0.0190,0.0000,7.0000,1.3850,1.4220,62.0000
1789461275.5370,-0.0720,-0.0640,-16.0000,1.2940,1.2530,67.0000,0.0190,0.0680,3.0000,1.3850,1.2990,69.0000
1789461275.5869,-0.0720,-0.0640,-17.0000,1.2940,1.2830,65.0000,0.0190,0.0660,3.0000,1.3850,1.3310,68.0000
1789461275.6367,-0.0720,-0.0980,-15.0000,1.2940,1.3010,64.0000,0.0190,0.0460,4.0000,1.3850,1.4030,64.0000
1789461275.6868,-0.0720,-0.0870,-15.0000,1.2940,1.3500,61.0000,0.0190,0.0050,6.0000,1.3850,1.4220,63.0000
1789461275.7370,-0.0720,-0.0450,-17.0000,1.2940,1.3320,62.0000,0.0190,0.0030,6.0000,1.3850,1.4130,63.0000
1789461275.7869,-0.0720,-0.0190,-19.0000,1.2940,1.3020,64.0000,0.0190,0.0000,6.0000,1.3850,1.4060,63.0000
1789461275.8368,-0.0720,-0.0230,-19.0000,1.2940,1.2580,66.0000,0.0190,0.0000,6.0000,1.3850,1.3490,66.0000
1789461275.8869,-0.0720,-0.1190,-14.0000,1.2940,1.2950,64.0000,0.0190,0.0030,6.0000,1.3850,1.3150,69.0000
1789461275.9368,-0.0720,-0.0990,-15.0000,1.2940,1.3040,63.0000,0.0190,0.0100,6.0000,1.3850,1.3680,66.0000
1789461275.9869,-0.0720,-0.0640,-17.0000,1.2940,1.3110,63.0000,0.0190,0.0010,7.0000,1.3850,1.4160,64.0000
1789461276.0370,-0.0720,-0.0680,-17.0000,1.2940,1.3000,63.0000,0.0190,0.0000,7.0000,1.3850,1.4190,63.0000
1789461276.0869,-0.0720,-0.0310,-19.0000,1.2940,1.2810,65.0000,0.0190,0.0000,7.0000,1.3850,1.4350,62.0000
1789461276.1372,-0.0720,-0.0780,-16.0000,1.2940,1.2730,65.0000,0.0190,0.0030,8.0000,1.3850,1.3310,68.0000
1789461276.1869,-0.0720,-0.0710,-17.0000,1.2940,1.3010,64.0000,0.0190,0.0020,8.0000,1.3850,1.3240,68.0000
1789461276.2370,-0.0720,-0.1030,-15.0000,1.2940,1.3430,61.0000,0.0190,0.0240,7.0000,1.3850,1.3650,66.0000
1789461276.2870,-0.0720,-0.0660,-17.0000,1.2940,1.3360,61.0000,0.0190,0.0680,4.0000,1.3850,1.3950,65.0000
1789461276.3379,-0.0720,-0.0050,-20.0000,1.2940,1.2670,65.0000,0.0190,0.0100,7.0000,1.3850,1.4160,64.0000
1789461276.3876,-0.0720,-0.0330,-19.0000,1.2940,1.3060,62.0000,0.0190,0.0050,7.0000,1.3850,1.4480,62.0000
1789461276.4370,-0.0720,-0.1270,-14.0000,1.2940,1.3260,61.0000,0.0190,0.0410,5.0000,1.3850,1.2670,72.0000
1789461276.4872,-0.0500,-0.0590,-15.0000,1.2740,1.3030,60.0000,0.0380,0.0310,8.0000,1.3630,1.2520,71.0000
1789461276.4885,0.0380,0.0360,-11.0000,1.1970,1.1890,60.0000,0.1150,0.1170,13.0000,1.2740,1.3130,60.0000
1789461276.5376,0.0380,0.0070,-9.0000,1.1970,1.1970,58.0000,0.1150,0.1390,13.0000,1.2740,1.3260,59.0000
1789461276.5875,0.1480,0.0010,7.0000,1.1000,1.1930,50.0000,0.2120,0.1950,22.0000,1.1640,1.2100,56.0000
1789461276.6377,0.2290,0.0750,14.0000,1.0300,1.1090,48.0000,0.2830,0.2920,23.0000,1.0830,1.1460,51.0000
1789461276.6878,0.2440,0.2570,7.0000,1.0170,1.0330,50.0000,0.2960,0.3270,23.0000,1.0680,1.1180,50.0000
1789461276.7377,0.2440,0.2530,8.0000,1.0170,0.9910,51.0000,0.2960,0.3390,22.0000,1.0680,1.0350,55.0000
1789461276.7877,0.2440,0.2420,8.0000,1.0170,0.9680,53.0000,0.2960,0.3280,22.0000,1.0680,0.9700,58.0000
1789461276.8376,0.2440,0.2320,9.0000,1.0170,0.9930,52.0000,0.2960,0.3310,22.0000,1.0680,0.9810,58.0000
1789461276.8877,0.2440,0.2420,8.0000,1.0170,1.0090,51.0000,0.2960,0.3200,22.0000,1.0680,1.0640,55.0000
1789461276.9376,0.2440,0.2770,6.0000,1.0170,1.0200,51.0000,0.2960,0.3280,21.0000,1.0680,1.0860,54.0000
1789461276.9877,0.2440,0.2500,7.0000,1.0170,1.0320,50.0000,0.2960,0.3440,20.0000,1.0680,1.0630,55.0000
1789461277.0388,0.2440,0.2390,8.0000,1.0170,1.0490,49.0000,0.2960,0.3380,20.0000,1.0680,1.0930,53.0000
1789461277.0879,0.2440,0.2200,9.0000,1.0170,1.0490,49.0000,0.2960,0.3080,21.0000,1.0680,1.0730,54.0000
1789461277.1390,0.2440,0.2390,8.0000,1.0170,1.0070,51.0000,0.2960,0.3100,20.0000,1.0680,1.0140,58.0000
1789461277.1887,0.2440,0.2610,7.0000,1.0170,0.9910,51.0000,0.2960,0.3070,20.0000,1.0680,1.0210,58.0000
1789461277.2388,0.2440,0.2100,10.0000,1.0170,1.0110,50.0000,0.2960,0.3150,20.0000,1.0680,1.0060,59.0000
1789461277.2888,0.2440,0.1690,13.0000,1.0170,1.0380,49.0000,0.2960,0.3320,18.0000,1.0680,1.0320,58.0000
1789461277.3393,0.2440,0.1840,12.0000,1.0170,1.0350,49.0000,0.2960,0.3250,19.0000,1.0680,1.0920,55.0000
1789461277.3891,0.2440,0.1980,12.0000,1.0170,1.0410,48.0000,0.2960,0.3360,18.0000,1.0680,1.0960,55.0000
1789461277.4389,0.2440,0.1760,14.0000,1.0170,1.0340,49.0000,0.2960,0.3200,18.0000,1.0680,1.0920,55.0000
1789461277.4887,0.2440,0.1900,14.0000,1.0170,1.0330,48.0000,0.2960,0.3050,19.0000,1.0680,1.0800,55.0000
1789461277.5398,0.2440,0.2280,13.0000,1.0170,1.0090,50.0000,0.2960,0.2860,19.0000,1.0680,1.0230,59.0000
1789461277.5897,0.2440,0.2010,15.0000,1.0170,1.0150,49.0000,0.2960,0.3060,18.0000,1.0680,0.9760,62.0000
1789461277.6399,0.2440,0.2030,15.0000,1.0170,1.0190,49.0000,0.2960,0.3230,17.0000,1.0680,1.0180,60.0000
1789461277.6888,0.2440,0.2090,15.0000,1.0170,1.0150,49.0000,0.2960,0.3320,17.0000,1.0680,1.1010,56.0000
1789461277.7389,0.2440,0.2100,15.0000,1.0170,1.0320,48.0000,0.2960,0.2910,19.0000,1.0680,1.0810,57.0000
1789461277.7888,0.2440,0.2140,16.0000,1.0170,1.0290,48.0000,0.2960,0.2890,19.0000,1.0680,1.1050,56.0000
1789461277.8390,0.2440,0.2080,16.0000,1.0170,1.0270,48.0000,0.2960,0.2930,18.0000,1.0680,1.1270,54.0000
1789461277.8887,0.2440,0.2210,16.0000,1.0170,1.0430,47.0000,0.2960,0.2900,19.0000,1.0680,1.0730,57.0000
1789461277.9390,0.2440,0.2610,14.0000,1.0170,1.0140,49.0000,0.2960,0.2740,20.0000,1.0680,1.0130,60.0000
1789461277.9889,0.2440,0.2700,14.0000,1.0170,1.0070,49.0000,0.2960,0.2840,19.0000,1.0680,1.0190,60.0000
1789461278.0387,0.2440,0.2470,15.0000,1.0170,1.0180,48.0000,0.2960,0.2880,19.0000,1.0680,1.0520,58.0000
1789461278.0895,0.2440,0.2420,15.0000,1.0170,1.0180,48.0000,0.2960,0.2880,19.0000,1.0680,1.0760,57.0000
1789461278.1389,0.2440,0.2590,14.0000,1.0170,1.0150,49.0000,0.2960,0.3120,18.0000,1.0680,1.1030,56.0000
1789461278.1887,0.2440,0.2720,13.0000,1.0170,1.0070,49.0000,0.2960,0.2820,20.0000,1.0680,1.1420,53.0000
1789461278.2389,0.2440,0.3030,11.0000,1.0170,1.0030,49.0000,0.2960,0.2950,19.0000,1.0680,1.1130,54.0000
1789461278.2889,0.2440,0.2520,13.0000,1.0170,1.0180,49.0000,0.2960,0.3010,18.0000,1.0680,1.0610,57.0000
1789461278.3389,0.2440,0.2520,13.0000,1.0170,1.0210,49.0000,0.2960,0.3060,18.0000,1.0680,0.9920,61.0000
1789461278.3887,0.2440,0.3130,9.0000,1.0170,0.9990,50.0000,0.2960,0.2880,19.0000,1.0680,1.0230,59.0000
1789461278.4388,0.2440,0.3170,8.0000,1.0170,0.9930,50.0000,0.2960,0.2820,20.0000,1.0680,1.0950,56.0000
1789461278.4889,0.2440,0.2660,11.0000,1.0170,1.0210,49.0000,0.2960,0.3110,18.0000,1.0680,1.0640,58.0000
1789461278.5389,0.2440,0.2630,10.0000,1.0170,1.0310,48.0000,0.2960,0.3050,18.0000,1.0680,1.0690,57.0000
1789461278.5893,0.2440,0.2960,8.0000,1.0170,0.9920,51.0000,0.2960,0.3080,18.0000,1.0680,1.1090,55.0000
1789461278.6388,0.2440,0.3400,5.0000,1.0170,1.0010,50.0000,0.2960,0.3020,18.0000,1.0680,1.1000,55.0000
1789461278.6889,0.2440,0.3250,5.0000,1.0170,1.0230,49.0000,0.2960,0.3080,18.0000,1.0680,1.0690,57.0000
1789461278.7388,0.2440,0.3310,3.0000,1.0170,0.9950,51.0000,0.2960,0.3010,18.0000,1.0680,0.9900,61.0000
1789461278.7886,0.2440,0.3170,3.0000,1.0170,0.9700,53.0000,0.2960,0.3050,18.0000,1.0680,1.0380,59.0000
1789461278.8388,0.2440,0.3260,2.0000,1.0170,1.0020,51.0000,0.2960,0.3060,18.0000,1.0680,1.0760,57.0000
1789461278.8887,0.2440,0.2770,4.0000,1.0170,1.0230,50.0000,0.2960,0.3230,16.0000,1.0680,1.0550,58.0000
1789461278.9387,0.2440,0.2470,5.0000,1.0170,1.0300,50.0000,0.2960,0.3070,17.0000,1.0680,1.0710,57.0000
1789461278.9888,0.2440,0.2460,5.0000,1.0170,1.0140,51.0000,0.2960,0.2910,18.0000,1.0680,1.1050,55.0000
1789461279.0388,0.2440,0.2010,7.0000,1.0170,1.0080,51.0000,0.2960,0.3030,17.0000,1.0680,1.0860,56.0000
1789461279.0886,0.2440,0.1660,9.0000,1.0170,1.0410,49.0000,0.2960,0.2780,19.0000,1.0680,1.0500,58.0000
1789461279.1388,0.2440,0.2020,8.0000,1.0170,1.0290,50.0000,0.2960,0.2720,19.0000,1.0680,1.0110,61.0000
1789461279.1889,0.2440,0.2300,7.0000,1.0170,1.0120,50.0000,0.2960,0.2880,18.0000,1.0680,1.0680,58.0000
1789461279.2388,0.2440,0.2260,7.0000,1.0170,1.0160,50.0000,0.2960,0.2980,18.0000,1.0680,1.0910,57.0000
1789461279.2887,0.2440,0.2100,9.0000,1.0170,1.0310,49.0000,0.2960,0.2790,19.0000,1.0680,1.0730,58.0000
1789461279.3388,0.2440,0.1970,10.0000,1.0170,1.0420,49.0000,0.2960,0.2750,19.0000,1.0680,1.0840,57.0000
1789461279.3888,0.2440,0.2130,9.0000,1.0170,1.0320,49.0000,0.2960,0.2940,19.0000,1.0680,1.0740,57.0000
1789461279.4388,0.2880,0.2530,11.0000,0.9780,1.0010,47.0000,0.3340,0.3050,21.0000,1.0240,1.0890,52.0000
1789461279.4887,0.3180,0.2810,13.0000,0.9520,0.9700,46.0000,0.3600,0.3570,21.0000,0.9950,0.9670,56.0000
1789461279.5387,0.3180,0.2850,14.0000,0.9520,0.9750,45.0000,0.3600,0.3460,22.0000,0.9950,0.8880,60.0000
1789461279.5887,0.3180,0.2850,14.0000,0.9520,0.9590,46.0000,0.3600,0.3580,22.0000,0.9950,0.9240,59.0000
1789461279.6386,0.3180,0.3160,13.0000,0.9520,0.9430,47.0000,0.3600,0.3620,21.0000,0.9950,1.0060,55.0000
1789461279.6886,0.3180,0.3620,10.0000,0.9520,0.9410,47.0000,0.3600,0.3580,22.0000,0.9950,1.0550,52.0000
1789461279.7401,0.3180,0.3370,11.0000,0.9520,0.9670,45.0000,0.3600,0.3490,22.0000,0.9950,1.0700,51.0000
1789461279.7887,0.3180,0.2960,13.0000,0.9520,0.9620,46.0000,0.3600,0.3550,22.0000,0.9950,1.0230,53.0000
1789461279.8393,0.3180,0.2610,16.0000,0.9520,0.9460,46.0000,0.3600,0.3530,22.0000,0.9950,1.0320,52.0000
1789461279.8886,0.3180,0.2800,15.0000,0.9520,0.9290,47.0000,0.3600,0.3570,22.0000,0.9950,1.0280,52.0000
1789461279.9387,0.3180,0.3180,13.0000,0.9520,0.9380,47.0000,0.3600,0.3560,22.0000,0.9950,0.9560,56.0000
1789461279.9887,0.3180,0.3400,12.0000,0.9520,0.9460,47.0000,0.3600,0.3590,22.0000,0.9950,0.9310,57.0000
1789461280.0388,0.3180,0.3730,10.0000,0.9520,0.9600,46.0000,0.3600,0.3740,21.0000,0.9950,0.9310,58.0000
1789461280.0887,0.3180,0.3790,9.0000,0.9520,0.9290,48.0000,0.3600,0.3540,22.0000,0.9950,1.0120,53.0000
1789461280.1389,0.3180,0.3810,8.0000,0.9520,0.9290,48.0000,0.3600,0.3520,22.0000,0.9950,1.0720,50.0000
1789461280.1886,0.3180,0.3480,10.0000,0.9520,0.9660,46.0000,0.3600,0.3570,22.0000,0.9950,1.0130,53.0000
1789461280.2392,0.3180,0.3030,12.0000,0.9520,0.9430,47.0000,0.3600,0.3570,22.0000,0.9950,1.0210,52.0000
1789461280.2886,0.3180,0.2930,12.0000,0.9520,0.9240,49.0000,0.3600,0.3520,23.0000,0.9950,1.0430,50.0000
1789461280.3387,0.3180,0.3030,12.0000,0.9520,0.9420,48.0000,0.3600,0.3630,22.0000,0.9950,0.9860,53.0000
1789461280.3887,0.3180,0.2920,13.0000,0.9520,0.9480,48.0000,0.3600,0.3670,22.0000,0.9950,0.9490,55.0000
1789461280.4401,0.3180,0.2870,13.0000,0.9520,0.9410,48.0000,0.3600,0.3700,22.0000,0.9950,0.9390,56.0000
1789461280.4898,0.3180,0.3080,12.0000,0.9520,0.9280,49.0000,0.3600,0.3420,23.0000,0.9950,1.0090,53.0000
1789461280.5398,0.3180,0.3530,10.0000,0.9520,0.9610,47.0000,0.3600,0.3610,22.0000,0.9950,1.0540,50.0000
1789461280.5898,0.3180,0.3160,12.0000,0.9520,0.9670,47.0000,0.3600,0.3560,22.0000,0.9950,1.0090,52.0000
1789461280.6401,0.3180,0.2740,14.0000,0.9520,0.9820,46.0000,0.3600,0.3620,22.0000,0.9950,1.0030,52.0000
1789461280.6909,0.3180,0.2820,14.0000,0.9520,0.9730,46.0000,0.3600,0.3540,22.0000,0.9950,1.0380,50.0000
1789461280.7403,0.3180,0.2960,14.0000,0.9520,0.9700,46.0000,0.3600,0.3610,22.0000,0.9950,0.9960,52.0000
1789461280.7898,0.3180,0.3010,14.0000,0.9520,0.9730,46.0000,0.3600,0.3790,21.0000,0.9950,0.9260,56.0000
1789461280.8403,0.3180,0.3030,14.0000,0.9520,0.9690,46.0000,0.3600,0.3590,22.0000,0.9950,0.9040,58.0000
1789461280.8897,0.3180,0.3100,14.0000,0.9520,0.9790,45.0000,0.3600,0.3560,22.0000,0.9950,0.9550,56.0000
1789461280.9398,0.3180,0.3670,11.0000,0.9520,0.9620,46.0000,0.3600,0.3640,22.0000,0.9950,1.0440,51.0000
1789461280.9898,0.3180,0.3880,9.0000,0.9520,0.9380,47.0000,0.3600,0.3730,21.0000,0.9950,1.0570,50.0000
1789461281.0397,0.3180,0.3410,11.0000,0.9520,0.9410,47.0000,0.3600,0.3540,22.0000,0.9950,1.0070,53.0000
1789461281.0898,0.3180,0.2960,13.0000,0.9520,0.9390,47.0000,0.3600,0.3720,21.0000,0.9950,1.0260,51.0000
1789461281.1398,0.3180,0.3530,10.0000,0.9520,0.9190,48.0000,0.3600,0.3710,21.0000,0.9950,1.0280,51.0000
1789461281.1904,0.3180,0.3750,8.0000,0.9520,0.9310,48.0000,0.3600,0.3640,22.0000,0.9950,1.0100,51.0000
1789461281.2419,0.3180,0.3350,10.0000,0.9520,0.9360,48.0000,0.3600,0.3710,21.0000,0.9950,0.9400,55.0000
1789461281.2909,0.3180,0.3260,10.0000,0.9520,0.9490,47.0000,0.3600,0.4030,19.0000,0.9950,0.9510,55.0000
1789461281.3398,0.3180,0.3620,8.0000,0.9520,0.9860,45.0000,0.3600,0.3940,19.0000,0.9950,0.9630,55.0000
1789461281.3898,0.3180,0.3870,6.0000,0.9520,0.9510,47.0000,0.3600,0.3600,21.0000,0.9950,0.9900,54.0000
1789461281.4400,0.3180,0.3870,5.0000,0.9520,0.9300,48.0000,0.3600,0.3600,21.0000,0.9950,1.0440,51.0000
1789461281.4899,0.3180,0.3420,7.0000,0.9520,0.9240,49.0000,0.3600,0.3700,20.0000,0.9950,1.0380,51.0000
1789461281.5398,0.3180,0.2910,10.0000,0.9520,0.9410,48.0000,0.3600,0.3690,20.0000,0.9950,0.9970,53.0000
1789461281.5897,0.3180,0.2850,10.0000,0.9520,0.9360,48.0000,0.3600,0.3460,21.0000,0.9950,1.0310,50.0000
1789461281.6398,0.3180,0.2840,10.0000,0.9520,0.9330,49.0000,0.3600,0.3560,21.0000,0.9950,0.9730,54.0000
1789461281.6899,0.3180,0.2360,14.0000,0.9520,0.9580,47.0000,0.3600,0.3660,20.0000,0.9950,0.9370,56.0000
1789461281.7398,0.3180,0.2490,14.0000,0.9520,0.9910,46.0000,0.3600,0.3700,20.0000,0.9950,0.9770,54.0000
1789461281.7904,0.3180,0.2800,13.0000,0.9520,0.9830,46.0000,0.3600,0.3430,21.0000,0.9950,0.9870,54.0000
1789461281.8397,0.3180,0.3010,12.0000,0.9520,0.9720,46.0000,0.3600,0.3490,21.0000,0.9950,1.0430,50.0000
1789461281.8898,0.3180,0.3200,11.0000,0.9520,0.9610,46.0000,0.3600,0.3560,21.0000,0.9950,1.0900,47.0000
1789461281.9398,0.3180,0.2670,15.0000,0.9520,0.9550,46.0000,0.3600,0.3390,22.0000,0.9950,1.0510,49.0000
1789461281.9897,0.3030,0.2240,16.0000,0.9650,0.9490,48.0000,0.3470,0.3390,21.0000,1.0090,0.9470,55.0000
1789461282.0400,0.3030,0.2450,15.0000,0.9650,0.9710,47.0000,0.3470,0.3310,21.0000,1.0090,0.9370,56.0000
1789461282.0898,0.3030,0.2770,14.0000,0.9650,0.9630,47.0000,0.3470,0.3410,21.0000,1.0090,0.9360,56.0000
1789461282.1400,0.3030,0.2530,16.0000,0.9650,0.9940,45.0000,0.3470,0.3530,20.0000,1.0090,0.9570,56.0000
1789461282.1899,0.3030,0.2700,16.0000,0.9650,1.0000,45.0000,0.3470,0.3550,20.0000,1.0090,1.0130,54.0000
1789461282.2401,0.3030,0.3220,13.0000,0.9650,0.9740,46.0000,0.3470,0.3640,20.0000,1.0090,1.0600,51.0000
1789461282.2900,0.2590,0.2910,11.0000,1.0040,0.9820,49.0000,0.3080,0.3370,18.0000,1.0540,1.0570,55.0000
1789461282.3400,0.1850,0.1840,10.0000,1.0680,1.0770,49.0000,0.2440,0.2560,16.0000,1.1270,1.1270,58.0000
1789461282.3900,0.1560,0.1420,7.0000,1.0940,1.0800,52.0000,0.2180,0.2300,14.0000,1.1570,1.1870,57.0000
1789461282.4399,0.0600,0.0510,-1.0000,1.1780,1.1370,57.0000,0.1350,0.1460,8.0000,1.2520,1.1920,66.0000
1789461282.4897,0.0230,0.0040,-3.0000,1.2100,1.1940,57.0000,0.1020,0.1100,4.0000,1.2890,1.2460,67.0000
1789461282.5400,0.0160,0.0000,-4.0000,1.2160,1.2350,56.0000,0.0960,0.0770,5.0000,1.2960,1.3290,63.0000
1789461282.5897,0.0160,0.0020,-4.0000,1.2160,1.1940,59.0000,0.0960,0.0150,9.0000,1.2960,1.3430,63.0000
1789461282.6400,0.0160,0.0050,-4.0000,1.2160,1.1950,59.0000,0.0960,0.0060,10.0000,1.2960,1.3930,59.0000
1789461282.6900,0.0160,0.0000,-3.0000,1.2160,1.1810,60.0000,0.0960,0.0130,10.0000,1.2960,1.3560,61.0000
1789461282.7399,0.0160,-0.0010,-3.0000,1.2160,1.1890,60.0000,0.0960,0.1010,6.0000,1.2960,1.3060,63.0000
1789461282.7899,0.0160,0.0040,-3.0000,1.2160,1.1840,60.0000,0.0960,0.1120,6.0000,1.2960,1.2610,65.0000
1789461282.8401,0.0160,-0.0050,-2.0000,1.2160,1.2100,59.0000,0.0960,0.0990,7.0000,1.2960,1.2930,63.0000
1789461282.8911,0.0160,-0.0020,-2.0000,1.2160,1.2590,56.0000,0.0960,0.1470,4.0000,1.2960,1.2810,64.0000
1789461282.9397,0.0160,0.0100,-3.0000,1.2160,1.2370,58.0000,0.0960,0.1350,4.0000,1.2960,1.3380,61.0000
1789461282.9897,0.0160,0.0310,-4.0000,1.2160,1.2020,59.0000,0.0960,0.0480,9.0000,1.2960,1.3470,60.0000
1789461283.0399,0.0160,0.0030,-2.0000,1.2160,1.1910,60.0000,0.0960,0.0410,9.0000,1.2960,1.3220,61.0000
1789461283.0899,0.0160,-0.0070,-2.0000,1.2160,1.1750,61.0000,0.0960,0.0990,7.0000,1.2960,1.2280,66.0000
1789461283.1398,0.0160,0.0030,-2.0000,1.2160,1.1980,60.0000,0.0960,0.1240,5.0000,1.2960,1.3130,62.0000
1789461283.1900,0.0160,0.0010,-2.0000,1.2160,1.2360,58.0000,0.0960,0.1200,5.0000,1.2960,1.2970,63.0000
1789461283.2399,0.0160,-0.0030,-1.0000,1.2160,1.2660,57.0000,0.0960,0.1260,5.0000,1.2960,1.3260,61.0000
1789461283.2899,0.0160,0.0050,-2.0000,1.2160,1.2520,57.0000,0.0960,0.1330,4.0000,1.2960,1.3240,61.0000
1789461283.3399,0.0160,0.0280,-3.0000,1.2160,1.2320,58.0000,0.0960,0.0650,8.0000,1.2960,1.3510,59.0000
1789461283.3897,0.0160,0.0030,-1.0000,1.2160,1.1970,59.0000,0.0960,0.0400,9.0000,1.2960,1.2560,64.0000
1789461283.4401,0.0160,-0.0040,-1.0000,1.2160,1.2170,58.0000,0.0960,0.1020,6.0000,1.2960,1.1960,68.0000
1789461283.4898,0.0160,-0.0000,-1.0000,1.2160,1.2060,59.0000,0.0960,0.1030,7.0000,1.2960,1.2610,65.0000
1789461283.5404,0.0160,-0.0000,-1.0000,1.2160,1.2350,57.0000,0.0960,0.1040,6.0000,1.2960,1.3130,62.0000
1789461283.5898,0.0160,0.0030,-1.0000,1.2160,1.2240,58.0000,0.0960,0.1160,6.0000,1.2960,1.3070,63.0000
1789461283.6400,0.0160,0.0010,0.0000,1.2160,1.2250,58.0000,0.0960,0.0530,9.0000,1.2960,1.3330,61.0000
1789461283.6898,0.0160,0.0000,0.0000,1.2160,1.2160,58.0000,0.0960,0.0890,7.0000,1.2960,1.2750,64.0000
1789461283.7398,0.0160,-0.0140,1.0000,1.2160,1.2050,59.0000,0.0960,0.0590,9.0000,1.2960,1.2480,66.0000
1789461283.7899,0.0160,-0.0020,1.0000,1.2160,1.2210,58.0000,0.0960,0.0680,9.0000,1.2960,1.2710,65.0000
1789461283.8399,0.0160,-0.0000,1.0000,1.2160,1.2250,58.0000,0.0960,0.1610,4.0000,1.2960,1.2880,64.0000
1789461283.8901,0.0160,-0.0000,1.0000,1.2160,1.2400,57.0000,0.0960,0.0900,8.0000,1.2960,1.3270,62.0000
1789461283.9396,0.0160,0.0210,0.0000,1.2160,1.2150,58.0000,0.0960,0.0890,8.0000,1.2960,1.3570,60.0000
1789461283.9911,0.0160,0.0220,0.0000,1.2160,1.2280,57.0000,0.0960,0.0470,10.0000,1.2960,1.3690,59.0000
1789461284.0399,0.0160,0.0120,0.0000,1.2160,1.1610,61.0000,0.0960,0.0520,10.0000,1.2960,1.3150,61.0000
1789461284.0905,0.0160,-0.0040,1.0000,1.2160,1.2070,59.0000,0.0960,0.1130,7.0000,1.2960,1.1900,68.0000
1789461284.1401,0.0160,-0.0000,1.0000,1.2160,1.2090,59.0000,0.0960,0.0810,9.0000,1.2960,1.2530,65.0000
1789461284.1897,0.0160,0.0050,1.0000,1.2160,1.2400,57.0000,0.0960,0.0960,8.0000,1.2960,1.3440,61.0000
1789461284.2398,0.0160,0.0010,2.0000,1.2160,1.2540,56.0000,0.0960,0.0820,9.0000,1.2960,1.3250,62.0000
1789461284.2898,0.0160,0.0000,2.0000,1.2160,1.2300,57.0000,0.0960,0.0490,11.0000,1.2960,1.3010,63.0000
1789461284.3400,0.0160,0.0020,2.0000,1.2160,1.2080,58.0000,0.0960,0.0770,10.0000,1.2960,1.2740,65.0000
1789461284.3898,0.0160,0.0210,1.0000,1.2160,1.1950,59.0000,0.0960,0.0970,9.0000,1.2960,1.3010,63.0000
1789461284.4398,0.0160,0.0030,2.0000,1.2160,1.2220,58.0000,0.0960,0.0680,11.0000,1.2960,1.2470,66.0000
1789461284.4897,0.0160,0.0020,2.0000,1.2160,1.2040,59.0000,0.0960,0.1340,7.0000,1.2960,1.2450,67.0000
1789461284.5398,0.0160,0.0070,2.0000,1.2160,1.2120,58.0000,0.0960,0.0790,10.0000,1.2960,1.2740,66.0000
1789461284.5898,0.0160,0.0010,2.0000,1.2160,1.2300,57.0000,0.0960,0.1090,9.0000,1.2960,1.3140,64.0000
1789461284.6399,0.0160,0.0040,2.0000,1.2160,1.2360,57.0000,0.0960,0.0900,10.0000,1.2960,1.2990,65.0000
1789461284.6904,0.0160,0.0100,2.0000,1.2160,1.2180,58.0000,0.0960,0.0260,13.0000,1.2960,1.2970,65.0000
1789461284.7400,0.0160,0.0190,2.0000,1.2160,1.2070,58.0000,0.0960,0.0510,12.0000,1.2960,1.2350,68.0000
1789461284.7911,0.0160,0.0010,3.0000,1.2160,1.2220,58.0000,0.0960,0.1250,9.0000,1.2960,1.2430,68.0000
1789461284.8399,0.0160,0.0000,3.0000,1.2160,1.2210,58.0000,0.0960,0.0890,11.0000,1.2960,1.3110,65.0000
1789461284.8912,0.0160,0.0000,3.0000,1.2160,1.2350,57.0000,0.0960,0.1290,8.0000,1.2960,1.3370,63.0000
1789461284.9418,0.0160,0.0000,3.0000,1.2160,1.2340,56.0000,0.0960,0.0940,10.0000,1.2960,1.3280,64.0000
1789461284.9908,0.0160,0.0000,4.0000,1.2160,1.2290,57.0000,0.0960,0.1240,8.0000,1.2960,1.3150,64.0000
1789461285.0418,0.0160,0.0030,4.0000,1.2160,1.2190,57.0000,0.0960,0.0810,10.0000,1.2960,1.2450,68.0000
1789461285.0915,0.0160,0.0000,4.0000,1.2160,1.2240,57.0000,0.0960,0.1210,8.0000,1.2960,1.2380,68.0000
1789461285.1417,0.0160,-0.0030,4.0000,1.2160,1.2290,56.0000,0.0960,0.1010,9.0000,1.2960,1.3030,65.0000
1789461285.1911,0.0160,0.0020,4.0000,1.2160,1.2240,56.0000,0.0960,0.1380,7.0000,1.2960,1.3110,65.0000
1789461285.2424,0.0160,0.0010,5.0000,1.2160,1.2340,56.0000,0.0960,0.0550,11.0000,1.2960,1.3700,61.0000
1789461285.2935,0.0160,0.0010,5.0000,1.2160,1.2430,55.0000,0.0960,0.0980,9.0000,1.2960,1.3250,63.0000
1789461285.3418,0.0160,0.0020,5.0000,1.2160,1.2260,56.0000,0.0960,0.0750,10.0000,1.2960,1.3030,64.0000
1789461285.3909,0.0160,0.0110,4.0000,1.2160,1.1930,57.0000,0.0960,0.0550,12.0000,1.2960,1.2670,66.0000
1789461285.4417,0.0160,0.0010,5.0000,1.2160,1.2140,56.0000,0.0960,0.1000,9.0000,1.2960,1.2910,65.0000
1789461285.4909,0.0160,-0.0010,5.0000,1.2160,1.2110,57.0000,0.0960,0.0960,10.0000,1.2960,1.2950,65.0000
1789461285.5417,0.0160,0.0030,5.0000,1.2160,1.2300,55.0000,0.0960,0.1040,9.0000,1.2960,1.3590,61.0000
1789461285.5908,0.0160,0.0350,4.0000,1.2160,1.2200,56.0000,0.0960,0.0520,13.0000,1.2960,1.3400,62.0000
1789461285.6417,0.0160,0.0030,5.0000,1.2160,1.2410,55.0000,0.0960,0.0700,12.0000,1.2960,1.3220,62.0000
1789461285.6909,0.0160,0.0110,5.0000,1.2160,1.2150,56.0000,0.0960,0.1060,10.0000,1.2960,1.2630,65.0000
1789461285.7417,0.0160,0.0420,3.0000,1.2160,1.1960,57.0000,0.0960,0.0800,12.0000,1.2960,1.3130,62.0000
1789461285.7909,0.0160,0.0040,5.0000,1.2160,1.2130,56.0000,0.0960,0.0540,13.0000,1.2960,1.2780,65.0000
1789461285.8416,0.0160,0.0010,6.0000,1.2160,1.1950,57.0000,0.0960,0.1200,9.0000,1.2960,1.3040,63.0000
1789461285.8909,0.0160,0.0000,6.0000,1.2160,1.1960,57.0000,0.0960,0.0800,12.0000,1.2960,1.3530,60.0000
1789461285.9418,0.0160,0.0000,6.0000,1.2160,1.2080,57.0000,0.0960,0.0490,14.0000,1.2960,1.3400,60.0000
1789461285.9908,0.0160,0.0000,6.0000,1.2160,1.1950,58.0000,0.0960,0.1070,11.0000,1.2960,1.2620,64.0000
1789461286.0416,0.0160,0.0060,6.0000,1.2160,1.1760,59.0000,0.0960,0.0650,13.0000,1.2960,1.2790,63.0000
1789461286.0909,0.0160,0.0050,6.0000,1.2160,1.1940,59.0000,0.0960,0.0620,14.0000,1.2960,1.2900,63.0000
1789461286.1417,0.0160,0.0000,7.0000,1.2160,1.1640,61.0000,0.0960,0.1050,12.0000,1.2960,1.2910,63.0000
1789461286.1908,0.0160,0.0000,7.0000,1.2160,1.1600,62.0000,0.0960,0.0560,15.0000,1.2960,1.3030,62.0000
1789461286.2418,0.0160,0.0000,7.0000,1.2160,1.1690,62.0000,0.0960,0.0480,16.0000,1.2960,1.3330,61.0000
1789461286.2910,0.0160,0.0000,7.0000,1.2160,1.2110,60.0000,0.0960,0.1190,12.0000,1.2960,1.3240,61.0000
1789461286.3418,0.0160,0.0000,7.0000,1.2160,1.2730,56.0000,0.0960,0.0890,14.0000,1.2960,1.2870,63.0000
1789461286.3908,0.0160,0.0000,8.0000,1.2160,1.2060,60.0000,0.0960,0.0960,13.0000,1.2960,1.3040,62.0000
1789461286.4417,0.0160,0.0000,8.0000,1.2160,1.1760,62.0000,0.0960,0.1120,12.0000,1.2960,1.2970,62.0000
1789461286.4909,0.0160,0.0000,8.0000,1.2160,1.1720,62.0000,0.0960,0.0830,14.0000,1.2960,1.3290,60.0000
1789461286.5418,0.0160,0.0000,8.0000,1.2160,1.1290,65.0000,0.0960,0.1280,11.0000,1.2960,1.3380,59.0000
1789461286.5908,0.0160,0.0000,8.0000,1.2160,1.1730,64.0000,0.0960,0.1550,9.0000,1.2960,1.3470,58.0000
1789461286.6417,0.0160,0.0000,9.0000,1.2160,1.2200,61.0000,0.0960,0.1470,9.0000,1.2960,1.3260,59.0000
1789461286.6912,0.0160,0.0000,9.0000,1.2160,1.3050,57.0000,0.0960,0.1840,6.0000,1.2960,1.3290,58.0000
1789461286.7417,0.0160,0.0000,9.0000,1.2160,1.2910,57.0000,0.0960,0.1800,6.0000,1.2960,1.3160,59.0000
1789461286.7908,0.0160,0.0000,9.0000,1.2160,1.0990,68.0000,0.0960,0.1730,5.0000,1.2960,1.3110,59.0000
1789461286.8418,0.0160,0.0000,9.0000,1.2160,1.1250,66.0000,0.0960,0.1160,8.0000,1.2960,1.3100,58.0000
1789461286.8908,0.0160,0.0000,10.0000,1.2160,1.1690,64.0000,0.0960,0.1520,5.0000,1.2960,1.3220,58.0000
1789461286.9418,0.0160,0.0000,10.0000,1.2160,1.1880,64.0000,0.0960,0.1610,4.0000,1.2960,1.3060,58.0000
1789461286.9909,0.0160,0.0000,10.0000,1.2160,1.2420,61.0000,0.0960,0.1290,5.0000,1.2960,1.3170,57.0000
1789461287.0418,0.0160,0.0000,10.0000,1.2160,1.3140,57.0000,0.0960,0.1990,0.0000,1.2960,1.2910,59.0000
1789461287.0910,0.0160,-0.0040,11.0000,1.2160,1.3070,57.0000,0.0960,0.2480,-3.0000,1.2960,1.3120,58.0000
1789461287.1417,0.0160,0.0070,10.0000,1.2160,1.2180,61.0000,0.0960,0.1830,-1.0000,1.2960,1.2870,59.0000
1789461287.1909,0.0160,0.0010,11.0000,1.2160,1.1580,64.0000,0.0960,0.0730,4.0000,1.2960,1.3100,58.0000
1789461287.2421,0.0160,0.0380,9.0000,1.2160,1.1880,63.0000,0.0960,0.0680,4.0000,1.2960,1.2920,59.0000
1789461287.2928,0.0160,0.0270,9.0000,1.2160,1.2070,62.0000,0.0960,0.1400,0.0000,1.2960,1.3140,57.0000
1789461287.3418,0.0160,0.0170,10.0000,1.2160,1.2370,60.0000,0.0960,0.1160,1.0000,1.2960,1.2880,59.0000
1789461287.3910,0.0160,0.0330,9.0000,1.2160,1.2480,60.0000,0.0960,0.1090,2.0000,1.2960,1.3120,57.0000
1789461287.4418,0.0160,0.0210,9.0000,1.2160,1.1830,63.0000,0.0960,0.0320,6.0000,1.2960,1.2800,59.0000
1789461287.4907,0.0160,0.0240,9.0000,1.2160,1.1700,64.0000,0.0960,0.0850,3.0000,1.2960,1.3090,57.0000
1789461287.5418,0.0160,0.0100,10.0000,1.2160,1.2070,62.0000,0.0960,0.1060,2.0000,1.2960,1.2810,59.0000
1789461287.5909,0.0160,0.0050,10.0000,1.2160,1.1810,64.0000,0.0960,0.0690,5.0000,1.2960,1.3090,57.0000
1789461287.6417,0.0160,0.0090,10.0000,1.2160,1.2090,63.0000,0.0960,0.1360,1.0000,1.2960,1.2870,59.0000
1789461287.6908,0.0160,0.0020,10.0000,1.2160,1.2960,58.0000,0.0960,0.1190,2.0000,1.2960,1.3040,58.0000
1789461287.7418,0.0160,0.0050,10.0000,1.2160,1.2980,57.0000,0.0960,0.1200,1.0000,1.2960,1.2840,59.0000
1789461287.7912,0.0160,0.0050,11.0000,1.2160,1.2060,62.0000,0.0960,0.0930,2.0000,1.2960,1.3000,58.0000
1789461287.8416,0.0160,0.0200,10.0000,1.2160,1.1610,64.0000,0.0960,0.0780,3.0000,1.2960,1.2890,58.0000
1789461287.8909,0.0160,0.0380,9.0000,1.2160,1.1770,63.0000,0.0960,0.0540,5.0000,1.2960,1.3010,58.0000
1789461287.9418,0.0160,0.0350,9.0000,1.2160,1.1770,64.0000,0.0960,0.0720,4.0000,1.2960,1.2950,58.0000
1789461287.9908,0.0160,0.0090,10.0000,1.2160,1.1830,64.0000,0.0960,0.1210,2.0000,1.2960,1.2960,58.0000
1789461288.0418,0.0160,0.0010,11.0000,1.2160,1.2840,58.0000,0.0960,0.0970,3.0000,1.2960,1.2970,58.0000
1789461288.0910,0.0160,0.0030,10.0000,1.2160,1.3070,56.0000,0.0960,0.1390,0.0000,1.2960,1.2950,58.0000
1789461288.1419,0.0160,0.0400,8.0000,1.2160,1.2030,62.0000,0.0960,0.1530,-1.0000,1.2960,1.3010,58.0000
1789461288.1914,0.0160,0.0290,9.0000,1.2160,1.1530,64.0000,0.0960,0.0830,3.0000,1.2960,1.2920,58.0000
1789461288.2418,0.0160,0.0260,9.0000,1.2160,1.1530,65.0000,0.0960,0.0320,6.0000,1.2960,1.3070,57.0000
1789461288.2913,0.0160,0.0170,9.0000,1.2160,1.1630,65.0000,0.0960,0.0780,3.0000,1.2960,1.2920,58.0000
1789461288.3418,0.0160,0.0120,10.0000,1.2160,1.2240,62.0000,0.0960,0.1780,-2.0000,1.2960,1.3110,57.0000
1789461288.3909,0.0160,0.0130,10.0000,1.2160,1.2670,60.0000,0.0960,0.2120,-5.0000,1.2960,1.2830,59.0000
1789461288.4419,0.0160,0.0130,10.0000,1.2160,1.3200,56.0000,0.0960,0.1870,-4.0000,1.2960,1.3110,57.0000
1789461288.4928,0.0160,0.0340,8.0000,1.2160,1.2920,57.0000,0.0960,0.0120,5.0000,1.2960,1.2900,58.0000
1789461288.5420,0.0160,0.0560,7.0000,1.2160,1.2880,56.0000,0.0960,-0.0150,7.0000,1.2960,1.3290,56.0000
1789461288.5944,0.0160,0.1300,2.0000,1.2160,1.1720,62.0000,0.0960,-0.0030,7.0000,1.2960,1.2880,58.0000
1789461288.6424,0.0160,0.0420,7.0000,1.2160,1.1820,61.0000,0.0960,0.0190,7.0000,1.2960,1.3020,57.0000
1789461288.6931,0.0160,0.0220,7.0000,1.2160,1.2110,60.0000,0.0960,0.0990,3.0000,1.2960,1.2670,59.0000
1789461288.7422,0.0160,0.0230,7.0000,1.2160,1.2800,56.0000,0.0960,0.1890,-2.0000,1.2960,1.3060,57.0000
1789461288.7927,0.0160,0.0070,7.0000,1.2160,1.2320,58.0000,0.0960,0.2230,-4.0000,1.2960,1.2840,59.0000
1789461288.8422,0.0160,0.0090,7.0000,1.2160,1.1580,62.0000,0.0960,0.1480,-1.0000,1.2960,1.3000,58.0000
1789461288.8927,0.0160,0.0010,8.0000,1.2160,1.1440,64.0000,0.0960,0.0980,1.0000,1.2960,1.2490,61.0000
1789461288.9423,0.0230,0.0030,9.0000,1.2100,1.1610,63.0000,0.1020,0.1250,-1.0000,1.2890,1.3040,57.0000
1789461288.9927,0.0230,0.0030,9.0000,1.2100,1.1880,62.0000,0.1150,0.1300,1.0000,1.2740,1.2820,57.0000
1789461289.0420,0.0380,0.0160,10.0000,1.1970,1.2300,59.0000,0.1150,0.1240,1.0000,1.2740,1.2870,57.0000
1789461289.0926,0.0380,0.0250,10.0000,1.1970,1.2580,57.0000,0.1150,0.1030,2.0000,1.2740,1.2650,58.0000
1789461289.1424,0.0380,0.0210,10.0000,1.1970,1.2420,57.0000,0.1150,0.0390,6.0000,1.2740,1.2720,58.0000
1789461289.1927,0.0380,0.0110,11.0000,1.1970,1.1460,62.0000,0.1150,0.0570,6.0000,1.2740,1.2510,59.0000
1789461289.2425,0.0970,0.0790,15.0000,1.1460,1.1090,60.0000,0.1670,0.1620,8.0000,1.2150,1.2160,56.0000
1789461289.2927,0.1120,0.1290,15.0000,1.1330,1.1120,59.0000,0.1800,0.2120,7.0000,1.2010,1.1480,58.0000
1789461289.3428,0.1120,0.1500,14.0000,1.1330,1.1230,58.0000,0.1800,0.1840,9.0000,1.2010,1.1630,57.0000
1789461289.3926,0.1120,0.1500,14.0000,1.1330,1.1220,58.0000,0.1800,0.1550,11.0000,1.2010,1.1820,57.0000
1789461289.4426,0.1120,0.1460,13.0000,1.1330,1.1900,54.0000,0.1800,0.1830,9.0000,1.2010,1.1790,57.0000
1789461289.4929,0.1120,0.1450,13.0000,1.1330,1.1750,55.0000,0.2180,0.1840,13.0000,1.1570,1.2270,51.0000
1789461289.5421,0.1930,0.2470,18.0000,1.0620,1.0910,53.0000,0.2500,0.2320,14.0000,1.1200,1.0970,55.0000
1789461289.5926,0.2810,0.3510,21.0000,0.9850,0.9620,52.0000,0.3280,0.2890,19.0000,1.0310,1.0260,50.0000
1789461289.6428,0.2810,0.3160,23.0000,0.9850,0.9590,52.0000,0.3280,0.3050,19.0000,1.0310,1.0040,51.0000
1789461289.6926,0.2810,0.3280,22.0000,0.9850,0.9810,51.0000,0.3280,0.3280,18.0000,1.0310,0.9990,51.0000
1789461289.7423,0.2810,0.3280,21.0000,0.9850,0.9820,51.0000,0.3280,0.3250,18.0000,1.0310,1.0180,50.0000
1789461289.7927,0.2810,0.3270,21.0000,0.9850,0.9640,52.0000,0.3280,0.3280,18.0000,1.0310,1.0320,50.0000
1789461289.8431,0.2810,0.2950,22.0000,0.9850,1.0180,49.0000,0.3280,0.3880,15.0000,1.0310,1.0370,49.0000
1789461289.8927,0.2810,0.3040,21.0000,0.9850,1.0140,49.0000,0.3280,0.4380,11.0000,1.0310,1.0580,48.0000
1789461289.9418,0.2810,0.3330,19.0000,0.9850,0.9830,51.0000,0.3280,0.4210,11.0000,1.0310,1.0220,50.0000
1789461289.9926,0.2810,0.3300,19.0000,0.9850,0.9560,52.0000,0.3280,0.3960,11.0000,1.0310,1.0350,49.0000
1789461290.0424,0.2810,0.3110,19.0000,0.9850,0.9650,52.0000,0.3280,0.3850,11.0000,1.0310,1.0250,50.0000
1789461290.0927,0.2810,0.3040,19.0000,0.9850,0.9820,51.0000,0.3280,0.3630,12.0000,1.0310,1.0230,50.0000
1789461290.1422,0.2810,0.2900,20.0000,0.9850,0.9720,52.0000,0.3280,0.3450,12.0000,1.0310,1.0540,48.0000
1789461290.1930,0.2880,0.2980,19.0000,0.9780,0.9780,51.0000,0.3340,0.3450,12.0000,1.0240,1.0290,49.0000
1789461290.2422,0.2880,0.3090,19.0000,0.9780,1.0130,49.0000,0.3340,0.3820,10.0000,1.0240,1.0280,49.0000
1789461290.2927,0.2880,0.2930,19.0000,0.9780,1.0180,48.0000,0.3340,0.3760,10.0000,1.0240,1.0550,47.0000
1789461290.3421,0.2880,0.2910,19.0000,0.9780,0.9960,49.0000,0.3340,0.3680,10.0000,1.0240,1.0300,48.0000
1789461290.3927,0.2880,0.3190,18.0000,0.9780,0.9620,51.0000,0.3340,0.3950,8.0000,1.0240,1.0280,48.0000
1789461290.4422,0.2880,0.3140,18.0000,0.9780,0.9250,53.0000,0.3340,0.3740,8.0000,1.0240,1.0080,49.0000
1789461290.4928,0.2880,0.2770,20.0000,0.9780,0.9400,53.0000,0.3340,0.3170,11.0000,1.0240,0.9990,50.0000
1789461290.5422,0.2880,0.2850,19.0000,0.9780,0.9700,51.0000,0.3340,0.3230,11.0000,1.0240,1.0330,48.0000
1789461290.5927,0.2880,0.2820,19.0000,0.9780,0.9620,52.0000,0.3340,0.3110,12.0000,1.0240,1.0180,49.0000
1789461290.6420,0.2880,0.2910,19.0000,0.9780,0.9730,51.0000,0.3340,0.2710,14.0000,1.0240,1.0330,49.0000
1789461290.6928,0.2880,0.2870,19.0000,0.9780,1.0180,49.0000,0.3340,0.2470,16.0000,1.0240,1.0470,48.0000
1789461290.7421,0.2880,0.2520,21.0000,0.9780,1.0340,48.0000,0.3340,0.2340,18.0000,1.0240,1.0280,49.0000
1789461290.7926,0.2880,0.2850,19.0000,0.9780,0.9870,50.0000,0.3340,0.2660,17.0000,1.0240,1.0390,48.0000
1789461290.8421,0.2880,0.3090,18.0000,0.9780,0.9380,53.0000,0.3340,0.2790,17.0000,1.0240,1.0270,48.0000
1789461290.8926,0.2880,0.3100,18.0000,0.9780,0.9520,52.0000,0.3340,0.2860,17.0000,1.0240,1.0290,48.0000
1789461290.9421,0.2880,0.2860,19.0000,0.9780,0.9370,53.0000,0.3340,0.2660,19.0000,1.0240,1.0210,49.0000
1789461290.9927,0.2590,0.2810,17.0000,1.0040,0.9360,56.0000,0.3080,0.2570,18.0000,1.0540,1.0240,51.0000
1789461291.0421,0.2440,0.2490,17.0000,1.0170,0.9740,56.0000,0.2960,0.2690,17.0000,1.0680,1.0520,51.0000
1789461291.0927,0.2290,0.2130,18.0000,1.0300,1.0520,53.0000,0.2830,0.3020,14.0000,1.0830,1.0790,51.0000
1789461291.1422,0.2220,0.2270,16.0000,1.0360,1.0870,51.0000,0.2630,0.3140,12.0000,1.1050,1.0890,53.0000
1789461291.1927,0.1850,0.1880,14.0000,1.0680,1.1220,52.0000,0.1800,0.3060,3.0000,1.2010,1.1460,58.0000
1789461291.2421,0.0820,0.0750,6.0000,1.1580,1.1220,60.0000,0.1470,0.2220,2.0000,1.2370,1.2110,58.0000
1789461291.2929,0.0160,0.0130,1.0000,1.2160,1.1670,63.0000,0.0960,0.0940,1.0000,1.2960,1.3150,58.0000
1789461291.3915,-0.0720,-0.0170,-7.0000,1.2940,1.2610,66.0000,0.0190,0.0120,-5.0000,1.3850,1.3870,63.0000
1789461291.4418,-0.0720,-0.0510,-6.0000,1.2940,1.2420,68.0000,0.0190,0.0010,-5.0000,1.3850,1.4260,61.0000
1789461291.4932,-0.0720,-0.0290,-8.0000,1.2940,1.2730,67.0000,0.0190,0.0000,-4.0000,1.3850,1.3940,63.0000
1789461291.5418,-0.0720,-0.0380,-8.0000,1.2940,1.3370,63.0000,0.0190,0.0350,-6.0000,1.3850,1.4190,61.0000
1789461291.5922,-0.0720,-0.0580,-7.0000,1.2940,1.2870,66.0000,0.0190,0.0220,-6.0000,1.3850,1.3930,63.0000
1789461291.6418,-0.0720,-0.0200,-9.0000,1.2940,1.2550,68.0000,0.0190,0.0020,-5.0000,1.3850,1.4230,61.0000
1789461291.6426,-0.0720,-0.0030,-11.0000,1.2940,1.2590,68.0000,0.0190,0.0030,-4.0000,1.3850,1.3890,62.0000
1789461291.6932,-0.0720,-0.0040,-12.0000,1.2940,1.2620,68.0000,0.0190,0.0060,-4.0000,1.3850,1.4120,61.0000
1789461291.7423,-0.0720,-0.0190,-11.0000,1.2940,1.2710,68.0000,0.0190,0.0090,-4.0000,1.3850,1.3800,62.0000
1789461291.8418,-0.0720,-0.0740,-9.0000,1.2940,1.3210,65.0000,0.0190,0.0130,-5.0000,1.3850,1.4000,61.0000
1789461291.8427,-0.0720,-0.0490,-11.0000,1.2940,1.4030,60.0000,0.0190,0.0280,-5.0000,1.3850,1.3840,62.0000
1789461291.9435,-0.0720,-0.0850,-9.0000,1.2940,1.3320,64.0000,0.0190,0.0080,-4.0000,1.3850,1.4000,61.0000
1789461291.9447,-0.0720,-0.0170,-13.0000,1.2940,1.2500,68.0000,0.0190,0.0010,-4.0000,1.3850,1.3850,62.0000
1789461292.0429,-0.0720,-0.0850,-9.0000,1.2940,1.2480,68.0000,0.0190,0.0080,-4.0000,1.3850,1.3950,61.0000
1789461292.0441,-0.0720,-0.0600,-11.0000,1.2940,1.2590,68.0000,0.0190,0.0080,-4.0000,1.3850,1.3810,62.0000
1789461292.0930,-0.0720,-0.0790,-10.0000,1.2940,1.3010,65.0000,0.0190,0.0100,-4.0000,1.3850,1.3920,61.0000
1789461292.1424,-0.0720,-0.0500,-12.0000,1.2940,1.3520,63.0000,0.0190,0.0170,-4.0000,1.3850,1.3840,62.0000
1789461292.1927,-0.0720,-0.0830,-10.0000,1.2940,1.3950,60.0000,0.0190,0.0100,-4.0000,1.3850,1.3880,61.0000
1789461292.2931,-0.0720,-0.0960,-9.0000,1.2940,1.2610,67.0000,0.0190,0.0010,-3.0000,1.3850,1.3770,62.0000
1789461292.3420,-0.0720,-0.0890,-9.0000,1.2940,1.2470,67.0000,0.0190,0.0000,-3.0000,1.3850,1.3790,62.0000
1789461292.3434,-0.0720,-0.0800,-10.0000,1.2940,1.2450,68.0000,0.0190,0.0000,-3.0000,1.3850,1.3870,62.0000
1789461292.3926,-0.0720,-0.0710,-10.0000,1.2940,1.2690,67.0000,0.0190,0.0000,-2.0000,1.3850,1.3880,62.0000
1789461292.4428,-0.0720,-0.0760,-10.0000,1.2940,1.3250,64.0000,0.0190,0.0000,-2.0000,1.3850,1.3880,61.0000
1789461292.4929,-0.0720,-0.0610,-10.0000,1.2940,1.3990,59.0000,0.0190,0.0010,-2.0000,1.3850,1.3820,62.0000
1789461292.5422,-0.0720,-0.0780,-10.0000,1.2940,1.3700,60.0000,0.0190,0.0000,-2.0000,1.3850,1.3980,61.0000
1789461292.5926,-0.0720,-0.0750,-10.0000,1.2940,1.2150,69.0000,0.0190,0.0000,-1.0000,1.3850,1.3720,62.0000
1789461292.6424,-0.0720,-0.0520,-11.0000,1.2940,1.2720,65.0000,0.0190,0.0000,-1.0000,1.3850,1.3890,61.0000
1789461292.6926,-0.0720,-0.0710,-10.0000,1.2940,1.2900,64.0000,0.0190,0.0000,-1.0000,1.3850,1.3780,62.0000
1789461292.7421,-0.0720,-0.0160,-13.0000,1.2940,1.2900,65.0000,0.0190,0.0020,-1.0000,1.3850,1.3960,61.0000
1789461292.8422,-0.0720,-0.0750,-10.0000,1.2940,1.3240,63.0000,0.0190,0.0000,0.0000,1.3850,1.3710,62.0000
1789461292.8913,-0.0720,-0.0650,-11.0000,1.2940,1.2740,65.0000,0.0190,0.0000,0.0000,1.3850,1.3940,61.0000
1789461292.9065,-0.0720,-0.0820,-10.0000,1.2940,1.2560,66.0000,0.0190,0.0000,0.0000,1.3850,1.3710,62.0000
1789461292.9917,-0.0720,-0.0480,-12.0000,1.2940,1.2820,65.0000,0.0190,0.0000,0.0000,1.3850,1.3960,61.0000
1789461293.0417,-0.0720,-0.0630,-11.0000,1.2940,1.2670,66.0000,0.0190,0.0000,1.0000,1.3850,1.3720,62.0000
1789461293.0912,-0.0720,-0.0680,-11.0000,1.2940,1.3010,65.0000,0.0190,0.0000,1.0000,1.3850,1.4010,61.0000
1789461293.1417,-0.0720,-0.0540,-12.0000,1.2940,1.3400,62.0000,0.0190,0.0000,1.0000,1.3850,1.3780,62.0000
1789461293.1914,-0.0720,-0.0860,-10.0000,1.2940,1.3590,61.0000,0.0190,0.0000,1.0000,1.3850,1.4060,60.0000
1789461293.2417,-0.0720,-0.0830,-11.0000,1.2940,1.2690,66.0000,0.0190,0.0000,1.0000,1.3850,1.3710,62.0000
1789461293.2913,-0.0720,-0.0740,-11.0000,1.2940,1.2210,68.0000,0.0190,0.0000,2.0000,1.3850,1.3910,61.0000
1789461293.3418,-0.0720,-0.0800,-10.0000,1.2940,1.2520,67.0000,0.0190,0.0000,2.0000,1.3850,1.3630,63.0000
1789461293.3914,-0.0720,-0.0790,-10.0000,1.2940,1.3020,64.0000,0.0190,0.0000,2.0000,1.3850,1.3940,61.0000
1789461293.4417,-0.0720,-0.0660,-11.0000,1.2940,1.2880,65.0000,0.0190,0.0000,2.0000,1.3850,1.3660,63.0000
1789461293.4914,-0.0720,-0.0750,-11.0000,1.2940,1.3530,62.0000,0.0190,0.0000,3.0000,1.3850,1.4060,61.0000
1789461293.5423,-0.0720,-0.0770,-10.0000,1.2940,1.3250,63.0000,0.0190,0.0010,3.0000,1.3850,1.3770,62.0000
1789461293.5927,-0.0720,-0.0150,-14.0000,1.2940,1.2510,67.0000,0.0190,0.0000,3.0000,1.3850,1.4080,60.0000
1789461293.6418,-0.0720,-0.0090,-15.0000,1.2940,1.2630,66.0000,0.0190,0.0000,3.0000,1.3850,1.3820,62.0000
1789461293.6915,-0.0720,-0.0740,-11.0000,1.2940,1.2510,67.0000,0.0190,0.0000,4.0000,1.3850,1.3890,61.0000
1789461293.7418,-0.0720,-0.0970,-11.0000,1.2940,1.2630,67.0000,0.0190,0.0000,4.0000,1.3850,1.3750,62.0000
1789461293.7914,-0.0720,-0.0590,-13.0000,1.2940,1.3070,65.0000,0.0190,0.0000,4.0000,1.3850,1.3920,61.0000
1789461293.8417,-0.0720,-0.0920,-10.0000,1.2940,1.3720,61.0000,0.0190,0.0040,4.0000,1.3850,1.4070,60.0000
1789461293.8915,-0.0720,-0.0780,-11.0000,1.2940,1.3370,62.0000,0.0190,0.0130,4.0000,1.3850,1.4010,60.0000
1789461293.9416,-0.0720,-0.0230,-14.0000,1.2940,1.2780,65.0000,0.0190,0.0020,5.0000,1.3850,1.4000,60.0000
1789461293.9916,-0.0720,-0.0510,-13.0000,1.2940,1.2990,64.0000,0.0190,0.0080,4.0000,1.3850,1.3830,61.0000
1789461294.0417,-0.0720,-0.0990,-11.0000,1.2940,1.2750,66.0000,0.0190,0.0670,1.0000,1.3850,1.3720,62.0000
1789461294.0914,-0.0720,-0.1000,-10.0000,1.2940,1.2940,64.0000,0.0190,0.0670,1.0000,1.3850,1.3690,62.0000
1789461294.1416,-0.0720,-0.0890,-11.0000,1.2940,1.3270,63.0000,0.0190,0.0300,2.0000,1.3850,1.3760,62.0000
1789461294.1915,-0.0720,-0.0850,-11.0000,1.2940,1.3100,63.0000,0.0190,0.0220,3.0000,1.3850,1.3730,62.0000
1789461294.2416,-0.0720,-0.0330,-14.0000,1.2940,1.2390,67.0000,0.0190,0.0020,4.0000,1.3850,1.3690,62.0000
1789461294.2914,-0.0720,-0.0920,-10.0000,1.2940,1.2630,66.0000,0.0190,0.0000,4.0000,1.3850,1.3660,63.0000
1789461294.3417,-0.0720,-0.1050,-10.0000,1.2940,1.2900,65.0000,0.0190,0.0000,4.0000,1.3850,1.3690,63.0000
1789461294.3914,-0.0720,-0.0960,-10.0000,1.2940,1.2920,65.0000,0.0190,0.0000,4.0000,1.3850,1.3700,63.0000
1789461294.4417,-0.0720,-0.0890,-10.0000,1.2940,1.3270,63.0000,0.0190,0.0000,5.0000,1.3850,1.3720,63.0000
1789461294.4915,-0.0720,-0.0880,-10.0000,1.2940,1.3600,61.0000,0.0190,0.0040,5.0000,1.3850,1.3720,63.0000
1789461294.5416,-0.0720,-0.0780,-10.0000,1.2940,1.2810,65.0000,0.0190,0.0060,5.0000,1.3850,1.3890,62.0000
1789461294.5928,-0.0720,-0.0800,-10.0000,1.2940,1.2780,65.0000,0.0190,0.0210,4.0000,1.3850,1.3700,63.0000
1789461294.6417,-0.0720,-0.0300,-12.0000,1.2940,1.3160,63.0000,0.0190,0.0490,2.0000,1.3850,1.3980,62.0000
1789461294.6915,-0.0720,-0.0800,-10.0000,1.2940,1.2880,64.0000,0.0190,0.0750,1.0000,1.3850,1.3600,64.0000
1789461294.7416,-0.0720,-0.0570,-11.0000,1.2940,1.3060,63.0000,0.0190,0.0270,3.0000,1.3850,1.3910,62.0000
1789461294.7915,-0.0720,-0.0670,-11.0000,1.2940,1.3290,62.0000,0.0190,0.0030,4.0000,1.3850,1.3700,64.0000
1789461294.8415,-0.0720,-0.0160,-14.0000,1.2940,1.3050,63.0000,0.0190,0.0130,3.0000,1.3850,1.3870,63.0000
1789461294.8915,-0.0720,-0.0030,-15.0000,1.2940,1.2370,67.0000,0.0190,0.0040,4.0000,1.3850,1.3590,64.0000
1789461294.9415,-0.0720,-0.0840,-11.0000,1.2940,1.2790,65.0000,0.0190,0.0110,4.0000,1.3850,1.3600,65.0000
1789461294.9913,-0.0720,-0.0700,-12.0000,1.2940,1.3210,62.0000,0.0190,0.0010,4.0000,1.3850,1.3640,65.0000
1789461295.0416,-0.0720,-0.0770,-12.0000,1.2940,1.3040,63.0000,0.0190,0.0000,5.0000,1.3850,1.3940,63.0000
1789461295.0914,-0.0720,-0.0900,-11.0000,1.2940,1.3060,63.0000,0.0190,0.0000,5.0000,1.3850,1.3950,63.0000
1789461295.1417,-0.0720,-0.0260,-14.0000,1.2940,1.3290,61.0000,0.0190,0.0010,5.0000,1.3850,1.4200,61.0000
1789461295.1912,-0.0720,-0.0170,-15.0000,1.2940,1.2740,64.0000,0.0190,0.0000,5.0000,1.3850,1.3140,68.0000
1789461295.2418,-0.0720,-0.0610,-13.0000,1.2940,1.3100,62.0000,0.0190,0.0020,5.0000,1.3850,1.3600,65.0000
1789461295.2914,-0.0720,-0.0620,-13.0000,1.2940,1.3110,62.0000,0.0190,0.0090,5.0000,1.3850,1.3470,66.0000
1789461295.3415,-0.0720,-0.0930,-12.0000,1.2940,1.3120,62.0000,0.0190,0.0030,6.0000,1.3850,1.4040,63.0000
1789461295.3915,-0.0720,-0.0680,-13.0000,1.2940,1.3050,62.0000,0.0190,0.0000,6.0000,1.3850,1.3960,64.0000
1789461295.4431,-0.0720,-0.0630,-13.0000,1.2940,1.3260,61.0000,0.0190,0.0000,6.0000,1.3850,1.4270,62.0000
1789461295.4915,-0.0720,-0.0420,-14.0000,1.2940,1.3140,61.0000,0.0190,0.0010,7.0000,1.3850,1.2920,70.0000
1789461295.5427,-0.0720,-0.0430,-15.0000,1.2940,1.2860,62.0000,0.0190,0.0000,7.0000,1.3850,1.3450,67.0000
1789461295.5915,-0.0720,-0.0720,-13.0000,1.2940,1.3150,61.0000,0.0190,0.0080,7.0000,1.3850,1.3880,65.0000
1789461295.6418,-0.0720,-0.0850,-13.0000,1.2940,1.3260,60.0000,0.0190,0.0090,7.0000,1.3850,1.3910,65.0000
1789461295.6913,-0.0720,-0.0900,-12.0000,1.2940,1.2820,62.0000,0.0190,0.0220,6.0000,1.3850,1.4040,64.0000
1789461295.7418,-0.0720,-0.0740,-13.0000,1.2940,1.3180,60.0000,0.0190,0.0460,5.0000,1.3850,1.4220,63.0000
1789461295.7928,-0.0720,-0.0350,-16.0000,1.2940,1.2960,61.0000,0.0190,0.0320,5.0000,1.3850,1.3050,70.0000
1789461295.8418,-0.0720,-0.0420,-15.0000,1.2940,1.3070,60.0000,0.0190,0.0210,6.0000,1.3850,1.3240,69.0000
1789461295.8915,-0.0720,-0.0170,-17.0000,1.2940,1.3110,60.0000,0.0190,0.0240,5.0000,1.3850,1.3810,66.0000
1789461295.9419,-0.0720,-0.0700,-14.0000,1.2940,1.3240,59.0000,0.0190,0.0190,6.0000,1.3850,1.4320,64.0000
1789461295.9914,-0.0720,-0.0690,-15.0000,1.2940,1.3000,60.0000,0.0190,0.0030,7.0000,1.3850,1.3940,66.0000
1789461296.0418,-0.0720,-0.0810,-14.0000,1.2940,1.2860,61.0000,0.0190,0.0010,7.0000,1.3850,1.4310,63.0000
1789461296.0915,-0.0720,-0.0880,-14.0000,1.2940,1.2920,61.0000,0.0190,0.0000,7.0000,1.3850,1.3210,69.0000
1789461296.1416,-0.0720,-0.0310,-17.0000,1.2940,1.3120,59.0000,0.0190,0.0030,7.0000,1.3850,1.3180,70.0000
1789461296.1914,-0.0720,-0.0590,-15.0000,1.2940,1.3010,60.0000,0.0190,0.0210,6.0000,1.3850,1.3480,69.0000
1789461296.2416,-0.0720,-0.0820,-14.0000,1.2940,1.3210,59.0000,0.0190,0.0250,6.0000,1.3850,1.3910,67.0000
1789461296.2914,-0.0720,-0.1090,-13.0000,1.2940,1.2960,60.0000,0.0190,0.0510,5.0000,1.3850,1.3990,67.0000
1789461296.3418,-0.0720,-0.1050,-12.0000,1.2940,1.2870,60.0000,0.0190,0.0290,6.0000,1.3850,1.4290,65.0000
1789461296.3914,-0.0720,-0.0760,-14.0000,1.2940,1.3100,59.0000,0.0190,0.0030,7.0000,1.3850,1.3750,68.0000
1789461296.4417,-0.0720,-0.0530,-15.0000,1.2940,1.2760,61.0000,0.0190,0.0160,6.0000,1.3850,1.3140,71.0000
1789461296.4936,-0.0720,-0.0370,-16.0000,1.2940,1.2790,61.0000,0.0190,0.0180,6.0000,1.3850,1.3870,67.0000
1789461296.5417,-0.0720,-0.0750,-14.0000,1.2940,1.2670,62.0000,0.0190,0.0150,6.0000,1.3850,1.4200,66.0000
1789461296.5914,-0.0720,-0.0970,-13.0000,1.2940,1.2820,61.0000,0.0190,0.0050,7.0000,1.3850,1.4200,65.0000
1789461296.6417,-0.0720,-0.0620,-15.0000,1.2940,1.2470,63.0000,0.0190,0.0040,7.0000,1.3850,1.4480,63.0000
1789461296.6927,-0.0720,-0.0790,-14.0000,1.2940,1.2860,61.0000,0.0190,0.0110,7.0000,1.3850,1.3940,66.0000
1789461296.7417,-0.0720,-0.0810,-13.0000,1.2940,1.3100,60.0000,0.0190,0.0230,6.0000,1.3850,1.3270,69.0000
1789461296.7928,-0.0720,-0.0440,-15.0000,1.2940,1.3010,61.0000,0.0190,0.0150,7.0000,1.3850,1.3840,66.0000
1789461296.8421,-0.0720,-0.0280,-17.0000,1.2940,1.2880,61.0000,0.0190,0.0060,7.0000,1.3850,1.4360,64.0000
1789461296.8915,-0.0720,-0.0620,-15.0000,1.2940,1.2740,62.0000,0.0190,0.0030,8.0000,1.3850,1.4410,63.0000
1789461296.9417,-0.0720,-0.0710,-15.0000,1.2940,1.2450,64.0000,0.0190,0.0030,8.0000,1.3850,1.4120,64.0000
1789461296.9916,-0.0720,-0.0600,-15.0000,1.2940,1.2650,63.0000,0.0190,0.0070,8.0000,1.3850,1.4330,62.0000
1789461297.0417,-0.0720,-0.0710,-15.0000,1.2940,1.2720,63.0000,0.0190,0.0170,7.0000,1.3850,1.3590,66.0000
1789461297.0928,-0.0720,-0.0700,-15.0000,1.2940,1.3350,60.0000,0.0190,0.0520,5.0000,1.3850,1.4130,63.0000
1789461297.1424,-0.0720,-0.0210,-18.0000,1.2940,1.2890,62.0000,0.0190,0.0410,6.0000,1.3850,1.3950,64.0000
1789461297.1920,-0.0720,-0.0370,-17.0000,1.2940,1.2680,63.0000,0.0190,0.0060,8.0000,1.3850,1.4400,61.0000
1789461297.2422,-0.0720,-0.0630,-16.0000,1.2940,1.2730,63.0000,0.0190,0.0150,7.0000,1.3850,1.4050,63.0000
1789461297.2930,-0.0720,-0.0990,-14.0000,1.2940,1.2550,65.0000,0.0190,0.0360,6.0000,1.3850,1.3800,64.0000
1789461297.3417,-0.0720,-0.0890,-15.0000,1.2940,1.2900,63.0000,0.0190,0.0300,6.0000,1.3850,1.3570,65.0000
1789461297.3915,-0.0720,-0.1140,-13.0000,1.2940,1.3380,60.0000,0.0190,0.0190,7.0000,1.3850,1.3880,64.0000
1789461297.4416,-0.0720,-0.1070,-13.0000,1.2940,1.3610,59.0000,0.0190,0.0180,7.0000,1.3850,1.3780,64.0000
1789461297.4915,-0.0720,-0.0170,-18.0000,1.2940,1.2940,62.0000,0.0190,0.0200,6.0000,1.3850,1.4040,63.0000
1789461297.5421,-0.0720,-0.0090,-19.0000,1.2940,1.2670,64.0000,0.0190,0.0490,5.0000,1.3850,1.4070,63.0000
1789461297.5915,-0.0720,-0.0630,-16.0000,1.2940,1.2710,63.0000,0.0190,0.0490,4.0000,1.3850,1.3330,67.0000
1789461297.6417,-0.0720,-0.0750,-16.0000,1.2940,1.2800,63.0000,0.0190,0.0550,4.0000,1.3850,1.2900,69.0000
1789461297.6915,-0.0720,-0.0880,-15.0000,1.2940,1.3040,62.0000,0.0190,0.0100,6.0000,1.3850,1.4100,63.0000
1789461297.7417,-0.0720,-0.1330,-12.0000,1.2940,1.3460,59.0000,0.0190,0.0020,6.0000,1.3850,1.3780,65.0000
1789461297.7927,-0.0720,-0.0710,-15.0000,1.2940,1.2860,63.0000,0.0190,0.0030,7.0000,1.3850,1.4260,63.0000
1789461297.8417,-0.0720,-0.0120,-19.0000,1.2940,1.2790,63.0000,0.0190,0.0030,7.0000,1.3850,1.4120,63.0000
1789461297.8916,-0.0720,-0.0440,-17.0000,1.2940,1.2740,63.0000,0.0190,0.0200,6.0000,1.3850,1.2980,70.0000
1789461297.9067,-0.0720,-0.0470,-17.0000,1.2940,1.2800,63.0000,0.0190,0.0070,7.0000,1.3850,1.3650,66.0000
1789461297.9916,-0.0720,-0.0130,-20.0000,1.2940,1.2950,62.0000,0.0190,0.0040,7.0000,1.3850,1.3850,66.0000
1789461298.0417,-0.0720,-0.0220,-20.0000,1.2940,1.2830,63.0000,0.0190,0.0260,6.0000,1.3850,1.3980,65.0000
1789461298.0915,-0.0720,-0.0150,-21.0000,1.2940,1.2520,65.0000,0.0190,0.0530,4.0000,1.3850,1.4340,63.0000
1789461298.1416,-0.0720,-0.0110,-22.0000,1.2940,1.2840,63.0000,0.0190,0.0140,6.0000,1.3850,1.3880,65.0000
1789461298.1915,-0.0720,-0.0700,-19.0000,1.2940,1.3010,63.0000,0.0190,0.0350,5.0000,1.3850,1.3530,67.0000
1789461298.2421,-0.0720,-0.1680,-13.0000,1.2940,1.3220,62.0000,0.0190,0.0210,6.0000,1.3850,1.3600,67.0000
1789461298.2928,-0.0720,-0.1720,-12.0000,1.2940,1.3270,61.0000,0.0190,0.0200,6.0000,1.3850,1.3770,66.0000
1789461298.3415,-0.0720,-0.1550,-12.0000,1.2940,1.3550,59.0000,0.0190,0.0420,4.0000,1.3850,1.3610,67.0000
1789461298.3921,-0.0720,-0.1380,-12.0000,1.2940,1.3500,59.0000,0.0190,0.0160,6.0000,1.3850,1.3850,66.0000
1789461298.4416,-0.0720,-0.0580,-16.0000,1.2940,1.2130,66.0000,0.0190,0.0010,7.0000,1.3850,1.4410,63.0000
1789461298.4915,-0.0720,-0.0720,-15.0000,1.2940,1.2580,64.0000,0.0190,0.0000,7.0000,1.3850,1.4200,64.0000
1789461298.5426,-0.0720,-0.1160,-12.0000,1.2940,1.2280,66.0000,0.0190,0.0380,5.0000,1.3850,1.3250,69.0000
1789461298.5915,-0.0720,-0.1200,-12.0000,1.2940,1.2930,63.0000,0.0190,0.1010,1.0000,1.3850,1.3590,67.0000
1789461298.6417,-0.0720,-0.0550,-15.0000,1.2940,1.3300,61.0000,0.0190,0.0660,2.0000,1.3850,1.3710,67.0000
1789461298.6914,-0.0720,-0.0990,-13.0000,1.2940,1.3740,59.0000,0.0190,0.0150,5.0000,1.3850,1.4120,64.0000
1789461298.7417,-0.0720,-0.0760,-14.0000,1.2940,1.3480,59.0000,0.0190,0.0020,5.0000,1.3850,1.4380,63.0000
1789461298.7431,-0.0720,-0.0100,-17.0000,1.2940,1.2590,64.0000,0.0190,-0.0030,6.0000,1.3850,1.4120,64.0000
1789461298.8418,-0.0720,-0.0770,-14.0000,1.2940,1.2670,63.0000,0.0190,0.0070,5.0000,1.3850,1.3600,66.0000
1789461298.8915,-0.0720,-0.0930,-13.0000,1.2940,1.2830,63.0000,0.0190,0.0020,6.0000,1.3850,1.3340,68.0000
1789461298.9415,-0.0720,-0.0680,-15.0000,1.2940,1.3030,62.0000,0.0190,0.0120,5.0000,1.3850,1.3990,64.0000
1789461298.9915,-0.0720,-0.0730,-14.0000,1.2940,1.3180,61.0000,0.0190,0.0510,3.0000,1.3850,1.3930,65.0000
1789461299.0427,-0.0720,-0.0380,-16.0000,1.2940,1.2820,63.0000,0.0190,0.0320,4.0000,1.3850,1.4180,63.0000
1789461299.0915,-0.0720,-0.0270,-17.0000,1.2940,1.2890,62.0000,0.0190,0.0030,6.0000,1.3850,1.3890,65.0000
1789461299.1424,-0.0720,-0.0480,-16.0000,1.2940,1.2710,63.0000,0.0190,0.0040,6.0000,1.3850,1.3500,67.0000
1789461299.1916,-0.0720,-0.0710,-15.0000,1.2940,1.2710,64.0000,0.0190,0.0120,5.0000,1.3850,1.3790,65.0000
1789461299.2417,-0.0720,-0.0770,-15.0000,1.2940,1.2800,63.0000,0.0190,0.0380,4.0000,1.3850,1.4130,64.0000
1789461299.2915,-0.0720,-0.0760,-15.0000,1.2940,1.3270,61.0000,0.0190,0.0200,5.0000,1.3850,1.4040,64.0000
1789461299.3419,-0.0720,-0.0810,-15.0000,1.2940,1.3450,60.0000,0.0190,0.0260,4.0000,1.3850,1.4090,63.0000
1789461299.3915,-0.0720,-0.0500,-17.0000,1.2940,1.3150,61.0000,0.0190,0.0020,6.0000,1.3850,1.4090,63.0000
1789461299.4420,-0.0720,-0.0360,-18.0000,1.2940,1.2730,63.0000,0.0190,0.0000,6.0000,1.3850,1.4260,62.0000
1789461299.4915,-0.0720,-0.0560,-17.0000,1.2940,1.2770,63.0000,0.0190,0.0030,6.0000,1.3850,1.3260,67.0000
1789461299.5422,-0.0720,-0.1070,-14.0000,1.2940,1.2880,62.0000,0.0190,0.0000,6.0000,1.3850,1.3850,64.0000
1789461299.5915,-0.0720,-0.0860,-15.0000,1.2940,1.3270,60.0000,0.0190,0.0020,7.0000,1.3850,1.3850,65.0000
1789461299.6423,-0.0720,-0.0760,-15.0000,1.2940,1.3340,60.0000,0.0190,0.0070,6.0000,1.3850,1.3930,64.0000
1789461299.6916,-0.0720,-0.1140,-13.0000,1.2940,1.3210,60.0000,0.0190,0.0010,7.0000,1.3850,1.4090,63.0000
1789461299.7418,-0.0720,-0.0370,-17.0000,1.2940,1.3250,60.0000,0.0190,0.0000,7.0000,1.3850,1.4220,62.0000
1789461299.7916,-0.0720,-0.0230,-18.0000,1.2940,1.2300,65.0000,0.0190,0.0030,7.0000,1.3850,1.3950,63.0000
1789461299.8417,-0.0720,-0.0960,-14.0000,1.2940,1.2830,62.0000,0.0190,0.0060,7.0000,1.3850,1.3560,66.0000
1789461299.8916,-0.0720,-0.1110,-13.0000,1.2940,1.2710,63.0000,0.0190,0.0090,7.0000,1.3850,1.3750,65.0000
1789461299.9421,-0.0720,-0.0850,-14.0000,1.2940,1.3060,61.0000,0.0190,0.0010,8.0000,1.3850,1.3940,64.0000
1789461299.9915,-0.0720,-0.1150,-12.0000,1.2940,1.3400,59.0000,0.0190,0.0010,8.0000,1.3850,1.4000,63.0000
1789461300.0423,-0.0720,-0.0790,-14.0000,1.2940,1.3020,61.0000,0.0190,0.0170,7.0000,1.3850,1.4120,62.0000
1789461300.0915,-0.0720,-0.0520,-15.0000,1.2940,1.2570,64.0000,0.0190,0.0190,7.0000,1.3850,1.3830,64.0000
1789461300.1418,-0.0720,-0.0560,-15.0000,1.2940,1.2790,63.0000,0.0190,0.0070,8.0000,1.3850,1.4030,63.0000
1789461300.1920,-0.0720,-0.0680,-15.0000,1.2940,1.3000,61.0000,0.0190,0.0130,8.0000,1.3850,1.4210,61.0000
1789461300.2417,-0.0720,-0.0060,-18.0000,1.2940,1.3110,61.0000,0.0190,0.0940,3.0000,1.3850,1.3910,63.0000
1789461300.2920,-0.0720,-0.1090,-13.0000,1.2940,1.3260,60.0000,0.0190,0.0450,6.0000,1.3850,1.3680,64.0000
1789461300.3415,-0.0720,-0.1280,-12.0000,1.2940,1.3110,60.0000,0.0190,0.0220,6.0000,1.3850,1.3650,64.0000
1789461300.3921,-0.0720,-0.0890,-14.0000,1.2940,1.2600,63.0000,0.0190,0.0020,8.0000,1.3850,1.3530,65.0000
1789461300.4416,-0.0720,-0.0650,-15.0000,1.2940,1.2730,62.0000,0.0190,0.0000,8.0000,1.3850,1.3570,65.0000
1789461300.4929,-0.0720,-0.0910,-14.0000,1.2940,1.2760,63.0000,0.0190,0.0020,8.0000,1.3850,1.3700,65.0000
1789461300.5418,-0.0720,-0.0920,-13.0000,1.2940,1.2950,62.0000,0.0190,0.0060,8.0000,1.3850,1.3960,64.0000
1789461300.5928,-0.0720,-0.1130,-12.0000,1.2940,1.3140,61.0000,0.0190,0.0060,8.0000,1.3850,1.3990,63.0000
1789461300.6418,-0.0720,-0.1160,-11.0000,1.2940,1.3400,59.0000,0.0190,0.0210,7.0000,1.3850,1.3810,64.0000
1789461300.6928,-0.0720,-0.0750,-13.0000,1.2940,1.2780,62.0000,0.0190,0.1000,3.0000,1.3850,1.4040,63.0000
1789461300.7418,-0.0720,-0.0350,-15.0000,1.2940,1.2790,62.0000,0.0190,0.0530,5.0000,1.3850,1.3380,67.0000
1789461300.7926,-0.0720,-0.0650,-14.0000,1.2940,1.2570,63.0000,0.0190,0.0450,5.0000,1.3850,1.3570,66.0000
1789461300.8416,-0.0720,-0.0760,-13.0000,1.2940,1.2820,62.0000,0.0190,0.0130,6.0000,1.3850,1.3710,65.0000
1789461300.8931,-0.0720,-0.0800,-13.0000,1.2940,1.2860,62.0000,0.0190,0.0020,7.0000,1.3850,1.4020,64.0000
1789461300.9421,-0.0720,-0.1050,-11.0000,1.2940,1.3460,59.0000,0.0190,0.0230,6.0000,1.3850,1.3850,65.0000
1789461300.9921,-0.0720,-0.0980,-12.0000,1.2940,1.3170,60.0000,0.0190,0.0860,2.0000,1.3850,1.4130,63.0000
1789461301.0420,-0.0720,-0.0230,-16.0000,1.2940,1.2630,63.0000,0.0190,0.0510,4.0000,1.3850,1.3890,64.0000
1789461301.0916,-0.0720,-0.0440,-15.0000,1.2940,1.2530,64.0000,0.0190,0.0340,4.0000,1.3850,1.3840,64.0000
1789461301.1416,-0.0720,-0.0740,-13.0000,1.2940,1.2320,65.0000,0.0190,0.0150,5.0000,1.3850,1.3720,65.0000
1789461301.1920,-0.0720,-0.0950,-12.0000,1.2940,1.2600,64.0000,0.0190,0.0150,5.0000,1.3850,1.4170,62.0000
1789461301.2417,-0.0720,-0.0750,-13.0000,1.2940,1.3080,62.0000,0.0190,0.0250,4.0000,1.3850,1.3810,64.0000
1789461301.2920,-0.0720,-0.0910,-12.0000,1.2940,1.3140,62.0000,0.0190,0.0410,4.0000,1.3850,1.4240,62.0000
1789461301.3418,-0.0720,-0.0500,-14.0000,1.2940,1.2710,64.0000,0.0190,0.0760,1.0000,1.3850,1.3890,64.0000
1789461301.3921,-0.0720,-0.0330,-15.0000,1.2940,1.2390,66.0000,0.0190,0.0500,2.0000,1.3850,1.4150,62.0000
1789461301.4417,-0.0720,-0.1080,-11.0000,1.2940,1.2320,67.0000,0.0190,0.0150,4.0000,1.3850,1.4030,62.0000
1789461301.4927,-0.0720,-0.1230,-10.0000,1.2940,1.2670,66.0000,0.0190,0.0110,4.0000,1.3850,1.4120,61.0000
1789461301.5417,-0.0720,-0.1070,-11.0000,1.2940,1.2860,65.0000,0.0190,0.0070,4.0000,1.3850,1.3910,62.0000
1789461301.5916,-0.0720,-0.1120,-10.0000,1.2940,1.3550,61.0000,0.0190,0.0090,4.0000,1.3850,1.3990,62.0000
1789461301.6421,-0.0720,-0.0980,-11.0000,1.2940,1.3830,60.0000,0.0190,0.0110,4.0000,1.3850,1.3920,62.0000
1789461301.6915,-0.0720,-0.0980,-10.0000,1.2940,1.2470,67.0000,0.0190,0.0090,5.0000,1.3850,1.3880,62.0000
1789461301.7421,-0.0720,-0.0730,-11.0000,1.2940,1.2490,66.0000,0.0190,0.0080,5.0000,1.3850,1.3850,62.0000
1789461301.7915,-0.0720,-0.0980,-10.0000,1.2940,1.2410,67.0000,0.0190,0.0130,5.0000,1.3850,1.3880,62.0000
1789461301.7932,-0.0720,-0.1050,-9.0000,1.2940,1.2820,65.0000,0.0190,0.0670,1.0000,1.3850,1.3930,62.0000
1789461301.8916,-0.0720,-0.0820,-10.0000,1.2940,1.3300,63.0000,0.0190,0.0580,2.0000,1.3850,1.3910,62.0000
1789461301.9421,-0.0720,-0.0490,-12.0000,1.2940,1.4020,59.0000,0.0190,0.0410,2.0000,1.3850,1.4010,61.0000
1789461301.9921,-0.0720,-0.0630,-11.0000,1.2940,1.4000,58.0000,0.0190,0.0150,3.0000,1.3850,1.3820,62.0000
1789461301.9935,-0.0720,-0.0200,-14.0000,1.2940,1.3000,63.0000,0.0190,-0.0010,4.0000,1.3850,1.3900,62.0000
1789461302.0424,-0.0720,-0.1010,-9.0000,1.2940,1.2590,65.0000,0.0190,0.0020,4.0000,1.3850,1.3790,62.0000
1789461302.0925,-0.0720,-0.1000,-9.0000,1.2940,1.2570,65.0000,0.0190,0.0000,5.0000,1.3850,1.3940,61.0000
1789461302.1915,-0.0720,-0.0580,-12.0000,1.2940,1.2880,64.0000,0.0190,0.0010,5.0000,1.3850,1.3800,62.0000
1789461302.2422,-0.0720,-0.0830,-10.0000,1.2940,1.3740,59.0000,0.0190,0.0010,5.0000,1.3850,1.3960,61.0000
1789461302.2915,-0.0720,-0.0870,-10.0000,1.2940,1.3740,58.0000,0.0190,0.0040,5.0000,1.3850,1.3720,63.0000
1789461302.3423,-0.0720,-0.0610,-11.0000,1.2940,1.4020,56.0000,0.0190,0.0380,3.0000,1.3850,1.3890,62.0000
1789461302.3921,-0.0720,-0.0220,-14.0000,1.2940,1.2910,61.0000,0.0190,0.0370,3.0000,1.3850,1.3670,63.0000
1789461302.4416,-0.0720,-0.0550,-12.0000,1.2940,1.2290,65.0000,0.0190,0.0240,4.0000,1.3850,1.3980,61.0000
1789461302.4920,-0.0720,-0.0930,-10.0000,1.2940,1.2480,64.0000,0.0190,0.0090,5.0000,1.3850,1.3820,62.0000
1789461302.5417,-0.0720,-0.0260,-14.0000,1.2940,1.3170,60.0000,0.0190,0.0230,4.0000,1.3850,1.3990,61.0000
1789461302.5915,-0.0720,-0.0680,-12.0000,1.2940,1.3410,59.0000,0.0190,0.0400,3.0000,1.3850,1.3740,62.0000
1789461302.6417,-0.0720,-0.0590,-13.0000,1.2940,1.2610,64.0000,0.0190,0.0060,4.0000,1.3850,1.3950,61.0000
1789461302.6920,-0.0720,-0.0860,-11.0000,1.2940,1.2250,66.0000,0.0190,0.0060,4.0000,1.3850,1.3790,62.0000
1789461302.7418,-0.0720,-0.1000,-10.0000,1.2940,1.1820,69.0000,0.0190,0.0060,5.0000,1.3850,1.3910,61.0000
1789461302.7920,-0.0720,-0.0930,-10.0000,1.2940,1.2010,69.0000,0.0190,0.0090,5.0000,1.3850,1.3610,63.0000
1789461302.8417,-0.0720,-0.0680,-12.0000,1.2940,1.3060,64.0000,0.0190,0.0040,5.0000,1.3850,1.3940,61.0000
1789461302.8915,-0.0720,-0.0840,-11.0000,1.2940,1.3820,60.0000,0.0190,0.0090,5.0000,1.3850,1.3620,63.0000
1789461302.8931,-0.0720,-0.1050,-9.0000,1.2940,1.3720,60.0000,0.0190,0.0090,5.0000,1.3850,1.3970,61.0000
1789461302.9921,-0.0720,-0.0550,-12.0000,1.2940,1.2400,67.0000,0.0190,0.0030,5.0000,1.3850,1.3680,63.0000
1789461303.0418,-0.0720,-0.0780,-11.0000,1.2940,1.2360,67.0000,0.0190,0.0040,6.0000,1.3850,1.3900,62.0000
1789461303.0920,-0.0720,-0.0930,-10.0000,1.2940,1.2400,67.0000,0.0190,0.0370,4.0000,1.3850,1.3750,63.0000
1789461303.1416,-0.0720,-0.0530,-12.0000,1.2940,1.2850,65.0000,0.0190,0.0700,2.0000,1.3850,1.3930,62.0000
1789461303.1921,-0.0720,-0.0670,-11.0000,1.2940,1.3650,61.0000,0.0190,0.0580,2.0000,1.3850,1.3730,63.0000
1789461303.1928,-0.0720,-0.1080,-9.0000,1.2940,1.3910,59.0000,0.0190,0.0470,2.0000,1.3850,1.4000,62.0000
1789461303.2921,-0.0720,-0.0900,-10.0000,1.2940,1.3610,60.0000,0.0190,0.0500,2.0000,1.3850,1.3830,63.0000
1789461303.3417,-0.0720,-0.0590,-11.0000,1.2940,1.1850,70.0000,0.0190,0.0530,1.0000,1.3850,1.3780,63.0000
1789461303.3920,-0.0720,-0.0880,-10.0000,1.2940,1.2210,68.0000,0.0190,0.0300,2.0000,1.3850,1.3570,64.0000
1789461303.4418,-0.0720,-0.0870,-10.0000,1.2940,1.2540,67.0000,0.0190,0.0130,3.0000,1.3850,1.3920,62.0000
1789461303.4916,-0.0720,-0.0700,-10.0000,1.2940,1.3150,64.0000,0.0190,0.0300,2.0000,1.3850,1.3910,62.0000
1789461303.5418,-0.0720,-0.0820,-10.0000,1.2940,1.3680,61.0000,0.0190,0.0370,1.0000,1.3850,1.3910,62.0000
1789461303.5430,-0.0720,-0.0840,-9.0000,1.2940,1.3870,59.0000,0.0190,0.0350,1.0000,1.3850,1.3850,63.0000
1789461303.6418,-0.0720,-0.1040,-8.0000,1.2940,1.3580,60.0000,0.0190,0.0640,-1.0000,1.3850,1.3890,62.0000
1789461303.6928,-0.0720,-0.0720,-10.0000,1.2940,1.1700,70.0000,0.0190,0.0100,2.0000,1.3850,1.3730,63.0000
1789461303.7422,-0.0720,-0.0520,-11.0000,1.2940,1.2930,63.0000,0.0190,0.0260,1.0000,1.3850,1.3900,62.0000
1789461303.7927,-0.0720,-0.0870,-9.0000,1.2940,1.3300,61.0000,0.0190,0.0690,-2.0000,1.3850,1.3930,62.0000
1789461303.8415,-0.0720,-0.0620,-10.0000,1.2940,1.3210,62.0000,0.0190,0.0150,1.0000,1.3850,1.3800,63.0000
1789461303.8921,-0.0720,-0.0710,-10.0000,1.2940,1.2670,65.0000,0.0190,0.0010,2.0000,1.3850,1.3890,62.0000
1789461303.8931,-0.0720,-0.0800,-9.0000,1.2940,1.2490,66.0000,0.0190,0.0000,2.0000,1.3850,1.3840,63.0000
1789461303.9921,-0.0720,-0.0330,-12.0000,1.2940,1.2690,65.0000,0.0190,0.0000,2.0000,1.3850,1.3950,62.0000
1789461304.0417,-0.0720,-0.0590,-11.0000,1.2940,1.2610,66.0000,0.0190,0.0000,2.0000,1.3850,1.3820,63.0000
1789461304.0920,-0.0720,-0.0700,-10.0000,1.2940,1.2870,65.0000,0.0190,0.0000,3.0000,1.3850,1.4000,62.0000
1789461304.0927,-0.0720,-0.0910,-9.0000,1.2940,1.3270,62.0000,0.0190,0.0000,3.0000,1.3850,1.3750,63.0000
1789461304.1931,-0.0720,-0.0580,-11.0000,1.2940,1.3750,59.0000,0.0190,0.0000,3.0000,1.3850,1.4020,61.0000
1789461304.2421,-0.0720,-0.0650,-10.0000,1.2940,1.3650,59.0000,0.0190,0.0000,3.0000,1.3850,1.3830,62.0000
1789461304.2428,-0.0720,-0.0900,-9.0000,1.2940,1.2160,67.0000,0.0190,0.0000,3.0000,1.3850,1.3940,62.0000
1789461304.3422,-0.0720,-0.0470,-12.0000,1.2940,1.2780,64.0000,0.0190,0.0000,4.0000,1.3850,1.3750,63.0000
1789461304.3431,-0.0720,-0.0890,-9.0000,1.2940,1.2730,65.0000,0.0190,0.0000,4.0000,1.3850,1.3990,61.0000
1789461304.4421,-0.0720,-0.0810,-10.0000,1.2940,1.2850,64.0000,0.0190,0.0000,4.0000,1.3850,1.3650,63.0000
1789461304.4927,-0.0720,-0.0570,-11.0000,1.2940,1.3420,61.0000,0.0190,0.0000,4.0000,1.3850,1.3960,61.0000
1789461304.5420,-0.0720,-0.0830,-10.0000,1.2940,1.3320,61.0000,0.0190,0.0000,5.0000,1.3850,1.3700,63.0000
1789461304.5427,-0.0720,-0.0860,-9.0000,1.2940,1.3060,63.0000,0.0190,0.0000,5.0000,1.3850,1.4010,61.0000
1789461304.6418,-0.0720,-0.0510,-11.0000,1.2940,1.2470,66.0000,0.0190,0.0000,5.0000,1.3850,1.3720,63.0000
1789461304.6929,-0.0720,-0.0810,-10.0000,1.2940,1.2880,63.0000,0.0190,0.0000,5.0000,1.3850,1.4060,61.0000
1789461304.7420,-0.0720,-0.0690,-10.0000,1.2940,1.2810,64.0000,0.0190,0.0000,6.0000,1.3850,1.3680,63.0000
1789461304.7931,-0.0720,-0.0620,-11.0000,1.2940,1.3000,63.0000,0.0190,0.0000,6.0000,1.3850,1.3970,61.0000
1789461304.8421,-0.0720,-0.0800,-10.0000,1.2940,1.3390,61.0000,0.0190,0.0000,6.0000,1.3850,1.3780,63.0000
1789461304.8915,-0.0720,-0.0720,-10.0000,1.2940,1.3250,61.0000,0.0190,0.0000,6.0000,1.3850,1.3930,62.0000
1789461304.9422,-0.0720,-0.0600,-11.0000,1.2940,1.2620,64.0000,0.0190,0.0000,7.0000,1.3850,1.3610,64.0000
1789461304.9920,-0.0720,-0.0420,-12.0000,1.2940,1.2830,63.0000,0.0190,0.0030,7.0000,1.3850,1.3850,62.0000
1789461305.0423,-0.0720,-0.0680,-11.0000,1.2940,1.2650,65.0000,0.0190,0.0000,7.0000,1.3850,1.3690,63.0000
1789461305.0921,-0.0720,-0.0680,-11.0000,1.2940,1.3100,62.0000,0.0190,0.0020,7.0000,1.3850,1.3850,63.0000
1789461305.1417,-0.0720,-0.0600,-12.0000,1.2940,1.3160,62.0000,0.0190,0.0000,7.0000,1.3850,1.3790,63.0000
1789461305.1430,-0.0720,-0.0970,-9.0000,1.2940,1.3240,62.0000,0.0190,0.0000,8.0000,1.3850,1.3950,62.0000
1789461305.2420,-0.0720,-0.0780,-10.0000,1.2940,1.2750,64.0000,0.0190,0.0040,8.0000,1.3850,1.3720,63.0000
1789461305.2928,-0.0720,-0.0470,-12.0000,1.2940,1.2510,66.0000,0.0190,0.0130,7.0000,1.3850,1.4050,62.0000
1789461305.2937,-0.0720,-0.0950,-9.0000,1.2940,1.2730,65.0000,0.0190,0.0250,7.0000,1.3850,1.3930,62.0000
1789461305.3920,-0.0720,-0.0760,-10.0000,1.2940,1.2520,66.0000,0.0190,0.0740,4.0000,1.3850,1.3910,62.0000
1789461305.4429,-0.0720,-0.0770,-10.0000,1.2940,1.3220,62.0000,0.0190,0.0190,7.0000,1.3850,1.3770,63.0000
1789461305.4920,-0.0720,-0.0820,-10.0000,1.2940,1.3650,60.0000,0.0190,0.0400,5.0000,1.3850,1.3920,62.0000
1789461305.4928,-0.0720,-0.1010,-9.0000,1.2940,1.3450,60.0000,0.0190,0.0350,5.0000,1.3850,1.3720,63.0000
1789461305.5921,-0.0720,-0.0770,-10.0000,1.2940,1.2620,65.0000,0.0190,0.0030,7.0000,1.3850,1.3810,63.0000
1789461305.6417,-0.0720,-0.0490,-11.0000,1.2940,1.2410,66.0000,0.0190,0.0000,7.0000,1.3850,1.3760,63.0000
1789461305.6431,-0.0720,-0.0880,-9.0000,1.2940,1.2660,65.0000,0.0190,0.0000,7.0000,1.3850,1.3810,63.0000
1789461305.7423,-0.0720,-0.0710,-10.0000,1.2940,1.3020,63.0000,0.0190,0.0000,8.0000,1.3850,1.3980,62.0000
1789461305.7928,-0.0720,-0.0650,-10.0000,1.2940,1.3230,62.0000,0.0190,0.0000,8.0000,1.3850,1.3850,63.0000
1789461305.7938,-0.0720,-0.1190,-7.0000,1.2940,1.3490,60.0000,0.0190,0.0150,7.0000,1.3850,1.3990,62.0000
1789461305.8431,-0.0720,-0.0770,-9.0000,1.2940,1.2900,63.0000,0.0190,0.0210,7.0000,1.3850,1.3790,63.0000
1789461305.9427,-0.0720,-0.0470,-11.0000,1.2940,1.2600,65.0000,0.0190,0.0370,6.0000,1.3850,1.3890,62.0000
1789461305.9439,-0.0720,-0.0880,-9.0000,1.2940,1.2520,65.0000,0.0190,0.0460,6.0000,1.3850,1.3580,64.0000
1789461306.0431,-0.0720,-0.0410,-12.0000,1.2940,1.2720,65.0000,0.0190,0.0520,5.0000,1.3850,1.4030,62.0000
1789461306.0927,-0.0720,-0.0680,-10.0000,1.2940,1.3090,63.0000,0.0190,0.0430,5.0000,1.3850,1.3880,62.0000
1789461306.1422,-0.0720,-0.0420,-12.0000,1.2940,1.3080,63.0000,0.0190,0.0230,6.0000,1.3850,1.4000,62.0000
1789461306.1435,-0.0720,-0.0880,-9.0000,1.2940,1.2800,65.0000,0.0190,0.0030,7.0000,1.3850,1.3740,63.0000
1789461306.2418,-0.0720,-0.0400,-12.0000,1.2940,1.2390,67.0000,0.0190,0.0000,7.0000,1.3850,1.3990,62.0000
1789461306.2927,-0.0720,-0.0780,-10.0000,1.2940,1.2620,66.0000,0.0190,0.0000,7.0000,1.3850,1.3730,63.0000
1789461306.3418,-0.0720,-0.0560,-12.0000,1.2940,1.2450,68.0000,0.0190,0.0020,7.0000,1.3850,1.4000,61.0000
1789461306.3926,-0.0720,-0.0820,-10.0000,1.2940,1.2640,67.0000,0.0190,0.0050,7.0000,1.3850,1.3740,63.0000
1789461306.4422,-0.0720,-0.0810,-10.0000,1.2940,1.3260,64.0000,0.0190,0.0050,8.0000,1.3850,1.3970,62.0000
1789461306.4927,-0.0720,-0.0740,-11.0000,1.2940,1.4000,60.0000,0.0190,0.0160,7.0000,1.3850,1.3830,62.0000
1789461306.5421,-0.0720,-0.0800,-10.0000,1.2940,1.3300,63.0000,0.0190,0.0580,5.0000,1.3850,1.4060,61.0000
1789461306.5921,-0.0720,-0.0810,-10.0000,1.2940,1.2750,65.0000,0.0190,0.0400,6.0000,1.3850,1.3700,63.0000
1789461306.6420,-0.0720,-0.0670,-11.0000,1.2940,1.2410,67.0000,0.0190,0.0140,7.0000,1.3850,1.3970,61.0000
1789461306.6927,-0.0720,-0.0620,-11.0000,1.2940,1.2350,68.0000,0.0190,0.0170,7.0000,1.3850,1.3680,63.0000
1789461306.7422,-0.0720,-0.0840,-10.0000,1.2940,1.2950,65.0000,0.0190,0.0130,7.0000,1.3850,1.4030,61.0000
1789461306.7927,-0.0720,-0.0790,-10.0000,1.2940,1.3910,60.0000,0.0190,0.0120,7.0000,1.3850,1.3830,62.0000
1789461306.8423,-0.0720,-0.0730,-11.0000,1.2940,1.3770,60.0000,0.0190,0.0160,7.0000,1.3850,1.4100,61.0000
1789461306.8927,-0.0720,-0.0800,-10.0000,1.2940,1.3280,62.0000,0.0190,0.0080,7.0000,1.3850,1.3800,62.0000
1789461306.9420,-0.0720,-0.0570,-11.0000,1.2940,1.2330,67.0000,0.0190,0.0010,8.0000,1.3850,1.3950,61.0000
1789461306.9926,-0.0720,-0.0770,-10.0000,1.2940,1.2620,66.0000,0.0190,0.0000,8.0000,1.3850,1.3830,62.0000
1789461307.0422,-0.0720,-0.0730,-10.0000,1.2940,1.2760,65.0000,0.0190,0.0020,8.0000,1.3850,1.3820,62.0000
1789461307.0933,-0.0720,-0.0610,-11.0000,1.2940,1.3300,63.0000,0.0190,0.0030,8.0000,1.3850,1.3900,62.0000
1789461307.0942,-0.0720,-0.1180,-8.0000,1.2940,1.3820,59.0000,0.0190,0.0360,7.0000,1.3850,1.4000,61.0000
1789461307.1425,-0.0720,-0.0950,-9.0000,1.2940,1.3560,60.0000,0.0190,0.0080,8.0000,1.3850,1.3860,62.0000
1789461307.1928,-0.0720,-0.0920,-9.0000,1.2940,1.1890,69.0000,0.0190,0.0010,9.0000,1.3850,1.3850,62.0000
1789461307.2927,-0.0720,-0.0530,-11.0000,1.2940,1.2470,66.0000,0.0190,0.0000,9.0000,1.3850,1.3840,62.0000
1789461307.3432,-0.0720,-0.0560,-11.0000,1.2940,1.2900,64.0000,0.0190,0.0770,5.0000,1.3850,1.3800,62.0000
1789461307.3441,-0.0720,-0.0770,-9.0000,1.2940,1.2880,65.0000,0.0190,0.0660,5.0000,1.3850,1.3780,62.0000
1789461307.4423,-0.0720,-0.0580,-11.0000,1.2940,1.3010,64.0000,0.0190,0.0100,8.0000,1.3850,1.3770,62.0000
1789461307.4927,-0.0720,-0.0610,-11.0000,1.2940,1.2840,65.0000,0.0190,0.0010,8.0000,1.3850,1.3880,62.0000
1789461307.5422,-0.0720,-0.0370,-12.0000,1.2940,1.3080,64.0000,0.0190,0.0080,8.0000,1.3850,1.3830,62.0000
1789461307.5430,-0.0720,-0.0940,-9.0000,1.2940,1.2940,64.0000,0.0190,0.0030,8.0000,1.3850,1.3840,62.0000
1789461307.6422,-0.0720,-0.0730,-10.0000,1.2940,1.2710,66.0000,0.0190,0.0000,9.0000,1.3850,1.3720,63.0000
1789461307.6921,-0.0720,-0.0690,-11.0000,1.2940,1.2770,66.0000,0.0190,0.0020,9.0000,1.3850,1.3790,62.0000
1789461307.6929,-0.0720,-0.0940,-9.0000,1.2940,1.3360,62.0000,0.0190,0.0090,8.0000,1.3850,1.3550,64.0000
1789461307.7928,-0.0720,-0.0810,-10.0000,1.2940,1.3050,64.0000,0.0190,0.0040,9.0000,1.3850,1.3970,62.0000
1789461307.8419,-0.0720,-0.0580,-11.0000,1.2940,1.2720,65.0000,0.0190,0.0000,9.0000,1.3850,1.3640,64.0000
1789461307.8432,-0.0720,-0.0820,-9.0000,1.2940,1.2550,67.0000,0.0190,0.0030,9.0000,1.3850,1.3970,62.0000
1789461307.9060,-0.0720,-0.0440,-12.0000,1.2940,1.2780,66.0000,0.0190,0.0050,9.0000,1.3850,1.3700,63.0000
1789461307.9427,-0.0720,-0.0610,-11.0000,1.2940,1.2980,65.0000,0.0190,0.0000,10.0000,1.3850,1.3710,63.0000
1789461307.9925,-0.0720,-0.0620,-11.0000,1.2940,1.3060,64.0000,0.0190,0.0040,10.0000,1.3850,1.3580,64.0000
1789461308.0427,-0.0720,-0.0830,-10.0000,1.2940,1.3400,62.0000,0.0190,0.0120,10.0000,1.3850,1.3790,63.0000
1789461308.0932,-0.0720,-0.0810,-10.0000,1.2940,1.2910,65.0000,0.0190,0.0050,10.0000,1.3850,1.3700,64.0000
1789461308.1432,-0.0720,-0.0480,-12.0000,1.2940,1.2470,67.0000,0.0190,0.0000,11.0000,1.3850,1.4160,61.0000
1789461308.1927,-0.0720,-0.0670,-11.0000,1.2940,1.2670,66.0000,0.0190,0.0130,10.0000,1.3850,1.3830,63.0000
1789461308.2426,-0.0720,-0.0580,-12.0000,1.2940,1.2640,67.0000,0.0190,0.0120,10.0000,1.3850,1.4090,61.0000
1789461308.2925,-0.0720,-0.0700,-11.0000,1.2940,1.2880,66.0000,0.0190,0.0230,10.0000,1.3850,1.3730,63.0000
1789461308.3426,-0.0720,-0.1000,-9.0000,1.2940,1.3110,65.0000,0.0190,0.0550,8.0000,1.3850,1.3960,62.0000
1789461308.4414,-0.0720,-0.0690,-11.0000,1.2940,1.3670,61.0000,0.0190,0.0620,7.0000,1.3850,1.3620,64.0000
1789461308.4929,-0.0720,-0.0330,-13.0000,1.2940,1.3320,63.0000,0.0190,0.0240,9.0000,1.3850,1.3860,63.0000
1789461308.5422,-0.0720,-0.0170,-14.0000,1.2940,1.2260,68.0000,0.0190,0.0140,9.0000,1.3850,1.3420,65.0000
1789461308.5928,-0.0720,-0.0460,-13.0000,1.2940,1.3060,64.0000,0.0190,0.0180,9.0000,1.3850,1.3960,62.0000
1789461308.6423,-0.0720,-0.0610,-13.0000,1.2940,1.3030,64.0000,0.0190,0.0270,8.0000,1.3850,1.3670,64.0000
1789461308.6927,-0.0720,-0.0850,-11.0000,1.2940,1.3150,63.0000,0.0190,0.0650,6.0000,1.3850,1.4070,62.0000
1789461308.7428,-0.0720,-0.0560,-13.0000,1.2940,1.3120,63.0000,0.0190,0.0140,9.0000,1.3850,1.3910,63.0000
1789461308.7927,-0.0720,-0.0590,-13.0000,1.2940,1.3040,64.0000,0.0190,0.0070,9.0000,1.3850,1.4140,62.0000
1789461308.8421,-0.0720,-0.0260,-15.0000,1.2940,1.2570,66.0000,0.0190,0.0170,9.0000,1.3850,1.3290,66.0000
1789461308.8927,-0.0720,-0.0410,-15.0000,1.2940,1.2750,65.0000,0.0190,0.0160,9.0000,1.3850,1.3470,66.0000
1789461308.9420,-0.0720,-0.0750,-13.0000,1.2940,1.2950,64.0000,0.0190,0.0430,7.0000,1.3850,1.3790,64.0000
1789461308.9933,-0.0720,-0.0860,-13.0000,1.2940,1.3020,64.0000,0.0190,0.0100,9.0000,1.3850,1.4110,63.0000
1789461309.0421,-0.0720,-0.0840,-13.0000,1.2940,1.3160,63.0000,0.0190,0.0010,9.0000,1.3850,1.4110,63.0000
1789461309.0926,-0.0720,-0.0980,-12.0000,1.2940,1.3470,61.0000,0.0190,0.0090,9.0000,1.3850,1.4210,62.0000
1789461309.1418,-0.0720,-0.0450,-15.0000,1.2940,1.2540,66.0000,0.0190,0.0230,8.0000,1.3850,1.3670,65.0000
1789461309.1926,-0.0720,-0.0190,-16.0000,1.2940,1.2980,64.0000,0.0190,0.0090,9.0000,1.3850,1.3990,63.0000
1789461309.2422,-0.0720,-0.0930,-12.0000,1.2940,1.3120,63.0000,0.0190,0.0490,7.0000,1.3850,1.3620,65.0000
1789461309.2926,-0.0720,-0.0650,-14.0000,1.2940,1.2950,64.0000,0.0190,0.0500,7.0000,1.3850,1.3990,63.0000
1789461309.3423,-0.0720,-0.0650,-14.0000,1.2940,1.3150,63.0000,0.0190,0.0080,9.0000,1.3850,1.4090,62.0000
1789461309.3926,-0.0720,-0.0490,-15.0000,1.2940,1.3320,62.0000,0.0190,0.0240,8.0000,1.3850,1.4010,62.0000
1789461309.4421,-0.0720,-0.0460,-15.0000,1.2940,1.2900,64.0000,0.0190,0.0530,6.0000,1.3850,1.3200,67.0000
1789461309.4926,-0.0720,-0.0220,-17.0000,1.2940,1.2770,64.0000,0.0190,0.0100,8.0000,1.3850,1.3710,64.0000
1789461309.5426,-0.0720,-0.1020,-13.0000,1.2940,1.3010,63.0000,0.0190,0.0110,8.0000,1.3850,1.3800,64.0000
1789461309.5438,0.0000,-0.0840,0.0000,1.0540,1.2890,43.0000,0.0000,0.0770,0.0000,1.0250,1.3090,37.0000
1789461309.5926,0.0000,0.0300,0.0000,0.4540,0.7610,17.0000,0.0000,0.0330,0.0000,0.4250,0.8010,9.0000
1789461309.7925,0.0000,0.0700,0.0000,0.0000,0.1930,0.0000,0.0000,0.0040,0.0000,0.0000,0.1680,0.0000
1789461309.7937,0.0000,0.0410,0.0000,0.0000,0.0150,0.0000,0.0000,0.0000,0.0000,0.0000,0.0130,0.0000
1789461309.7962,0.0000,0.0170,0.0000,0.0000,0.0010,0.0000,0.0000,0.0000,0.0000,0.0000,0.0010,0.0000
1789461309.7971,0.0000,-0.0030,0.0000,0.0000,0.0000,0.0000,0.0000,-0.0010,0.0000,0.0000,-0.0000,0.0000
1789461309.8425,0.0000,-0.0020,0.0000,0.0000,0.0000,0.0000,0.0000,-0.0000,0.0000,0.0000,-0.0000,0.0000
1789461309.8926,0.0000,-0.0000,0.0000,0.0000,0.0000,0.0000,0.0000,-0.0000,0.0000,0.0000,-0.0000,0.0000
1789461309.9426,0.0000,-0.0000,0.0000,0.0000,0.0000,0.0000,0.0000,-0.0000,0.0000,0.0000,-0.0000,0.0000
1789461309.9926,0.0000,-0.0000,0.0000,0.0000,0.0000,0.0000,0.0000,-0.0000,0.0000,0.0000,-0.0000,0.0000
1789461310.0426,0.0000,-0.0000,0.0000,0.0000,0.0000,0.0000,0.0000,-0.0000,0.0000,0.0000,-0.0000,0.0000
1789461310.0926,0.0000,-0.0000,0.0000,0.0000,0.0000,0.0000,0.0000,-0.0000,0.0000,0.0000,-0.0000,0.0000
1789461310.1427,0.0000,-0.0000,0.0000,0.0000,0.0000,0.0000,0.0000,-0.0000,0.0000,0.0000,-0.0000,0.0000
1789461310.1930,0.0000,-0.0000,0.0000,0.0000,0.0000,0.0000,0.0000,-0.0000,0.0000,0.0000,-0.0000,0.0000
1789461310.2429,0.0000,-0.0000,0.0000,0.0000,0.0000,0.0000,0.0000,-0.0000,0.0000,0.0000,-0.0000,0.0000
1789461310.2926,0.0000,-0.0000,0.0000,0.0000,0.0000,0.0000,0.0000,-0.0000,0.0000,0.0000,-0.0000,0.0000
1789461310.3426,0.0000,-0.0000,0.0000,0.0000,0.0000,0.0000,0.0000,-0.0000,0.0000,0.0000,-0.0000,0.0000
1789461310.3926,0.0000,-0.0000,0.0000,0.0000,0.0000,0.0000,0.0000,-0.0000,0.0000,0.0000,-0.0000,0.0000
1789461310.4426,0.0000,-0.0000,0.0000,0.0000,0.0000,0.0000,0.0000,-0.0000,0.0000,0.0000,-0.0000,0.0000
1789461310.4925,0.0000,-0.0000,0.0000,0.0000,0.0000,0.0000,0.0000,-0.0000,0.0000,0.0000,-0.0000,0.0000
1789461310.5425,0.0000,-0.0000,0.0000,0.0000,0.0000,0.0000,0.0000,-0.0000,0.0000,0.0000,-0.0000,0.0000
1789461310.5926,0.0000,-0.0000,0.0000,0.0000,0.0000,0.0000,0.0000,-0.0000,0.0000,0.0000,-0.0000,0.0000
1789461310.6426,0.0000,-0.0000,0.0000,0.0000,0.0000,0.0000,0.0000,-0.0000,0.0000,0.0000,-0.0000,0.0000
1789461310.6926,0.0000,-0.0000,0.0000,0.0000,0.0000,0.0000,0.0000,-0.0000,0.0000,0.0000,-0.0000,0.0000
1789461310.7426,0.0000,-0.0000,0.0000,0.0000,0.0000,0.0000,0.0000,-0.0000,0.0000,0.0000,-0.0000,0.0000
1789461310.7925,0.0000,-0.0000,0.0000,0.0000,0.0000,0.0000,0.0000,-0.0000,0.0000,0.0000,-0.0000,0.0000
1789461310.8424,0.0000,-0.0000,0.0000,0.0000,0.0000,0.0000,0.0000,-0.0000,0.0000,0.0000,-0.0000,0.0000
1789461310.8925,0.0000,-0.0000,0.0000,0.0000,0.0000,0.0000,0.0000,-0.0000,0.0000,0.0000,-0.0000,0.0000
1789461310.9425,0.0000,-0.0000,0.0000,0.0000,0.0000,0.0000,0.0000,-0.0000,0.0000,0.0000,-0.0000,0.0000
1789461310.9925,0.0000,-0.0000,0.0000,0.0000,0.0000,0.0000,0.0000,-0.0000,0.0000,0.0000,-0.0000,0.0000
1789461311.0426,0.0000,-0.0000,0.0000,0.0000,0.0000,0.0000,0.0000,-0.0000,0.0000,0.0000,-0.0000,0.0000
1789461311.0927,0.0000,-0.0000,0.0000,0.0000,0.0000,0.0000,0.0000,-0.0000,0.0000,0.0000,-0.0000,0.0000
1789461311.1426,0.0000,-0.0000,0.0000,0.0000,0.0000,0.0000,0.0000,-0.0000,0.0000,0.0000,-0.0000,0.0000
1789461311.1925,0.0000,-0.0000,0.0000,0.0000,0.0000,0.0000,0.0000,-0.0000,0.0000,0.0000,-0.0000,0.0000
1789461311.2427,0.0000,-0.0000,0.0000,0.0000,0.0000,0.0000,0.0000,-0.0000,0.0000,0.0000,-0.0000,0.0000
1789461311.2925,0.0000,-0.0000,0.0000,0.0000,0.0000,0.0000,0.0000,-0.0000,0.0000,0.0000,-0.0000,0.0000
1789461311.3425,0.0000,-0.0000,0.0000,0.0000,0.0000,0.0000,0.0000,-0.0000,0.0000,0.0000,-0.0000,0.0000
1789461311.3926,0.0000,-0.0000,0.0000,0.0000,0.0000,0.0000,0.0000,-0.0000,0.0000,0.0000,-0.0000,0.0000
1789461311.4428,0.0000,-0.0000,0.0000,0.0000,0.0000,0.0000,0.0000,-0.0000,0.0000,0.0000,-0.0000,0.0000
1789461311.4930,0.0000,-0.0000,0.0000,0.0000,0.0000,0.0000,0.0000,-0.0000,0.0000,0.0000,-0.0000,0.0000
1789461311.5426,0.0000,-0.0000,0.0000,0.0000,0.0000,0.0000,0.0000,-0.0000,0.0000,0.0000,-0.0000,0.0000
1789461311.5926,0.0000,-0.0000,0.0000,0.0000,0.0000,0.0000,0.0000,-0.0000,0.0000,0.0000,-0.0000,0.0000
1789461311.6424,0.0000,-0.0000,0.0000,0.0000,0.0000,0.0000,0.0000,-0.0000,0.0000,0.0000,-0.0000,0.0000
1789461311.6926,0.0000,-0.0000,0.0000,0.0000,0.0000,0.0000,0.0000,-0.0000,0.0000,0.0000,-0.0000,0.0000
1789461311.7427,0.0000,-0.0000,0.0000,0.0000,0.0000,0.0000,0.0000,-0.0000,0.0000,0.0000,-0.0000,0.0000
1789461311.7926,0.0000,-0.0000,0.0000,0.0000,0.0000,0.0000,0.0000,-0.0000,0.0000,0.0000,-0.0000,0.0000
1789461311.8425,0.0000,-0.0000,0.0000,0.0000,0.0000,0.0000,0.0000,-0.0000,0.0000,0.0000,-0.0000,0.0000
1789461311.8926,0.0000,-0.0000,0.0000,0.0000,0.0000,0.0000,0.0000,-0.0000,0.0000,0.0000,-0.0000,0.0000
1789461311.9426,0.0000,-0.0000,0.0000,0.0000,0.0000,0.0000,0.0000,-0.0000,0.0000,0.0000,-0.0000,0.0000
1789461311.9930,0.0000,-0.0000,0.0000,0.0000,0.0000,0.0000,0.0000,-0.0000,0.0000,0.0000,-0.0000,0.0000
1789461312.0426,0.0000,-0.0000,0.0000,0.0000,0.0000,0.0000,0.0000,-0.0000,0.0000,0.0000,-0.0000,0.0000
1789461312.0931,0.0000,-0.0000,0.0000,0.0000,0.0000,0.0000,0.0000,-0.0000,0.0000,0.0000,-0.0000,0.0000
1789461312.1426,0.0000,-0.0000,0.0000,0.0000,0.0000,0.0000,0.0000,-0.0000,0.0000,0.0000,-0.0000,0.0000
1789461312.1930,0.0000,-0.0000,0.0000,0.0000,0.0000,0.0000,0.0000,-0.0000,0.0000,0.0000,-0.0000,0.0000
1789461312.2425,0.0000,-0.0000,0.0000,0.0000,0.0000,0.0000,0.0000,-0.0000,0.0000,0.0000,-0.0000,0.0000
1789461312.2930,0.0000,-0.0000,0.0000,0.0000,0.0000,0.0000,0.0000,-0.0000,0.0000,0.0000,-0.0000,0.0000
1789461312.3426,0.0000,-0.0000,0.0000,0.0000,0.0000,0.0000,0.0000,-0.0000,0.0000,0.0000,-0.0000,0.0000
1789461312.3930,0.0000,-0.0000,0.0000,0.0000,0.0000,0.0000,0.0000,-0.0000,0.0000,0.0000,-0.0000,0.0000
1789461312.4427,0.0000,-0.0000,0.0000,0.0000,0.0000,0.0000,0.0000,-0.0000,0.0000,0.0000,-0.0000,0.0000
1789461312.4926,0.0000,-0.0000,0.0000,0.0000,0.0000,0.0000,0.0000,-0.0000,0.0000,0.0000,-0.0000,0.0000
1789461312.5426,0.0000,-0.0000,0.0000,0.0000,0.0000,0.0000,0.0000,-0.0000,0.0000,0.0000,-0.0000,0.0000
1789461312.5925,0.0000,-0.0000,0.0000,0.0000,0.0000,0.0000,0.0000,-0.0000,0.0000,0.0000,-0.0000,0.0000
1789461312.6427,0.0000,-0.0000,0.0000,0.0000,0.0000,0.0000,0.0000,-0.0000,0.0000,0.0000,-0.0000,0.0000
1789461312.6931,0.0000,-0.0000,0.0000,0.0000,0.0000,0.0000,0.0000,-0.0000,0.0000,0.0000,-0.0000,0.0000
1789461312.7426,0.0000,-0.0000,0.0000,0.0000,0.0000,0.0000,0.0000,-0.0000,0.0000,0.0000,-0.0000,0.0000
1789461312.7930,0.0000,-0.0000,0.0000,0.0000,0.0000,0.0000,0.0000,-0.0000,0.0000,0.0000,-0.0000,0.0000
1789461312.8426,0.0000,-0.0000,0.0000,0.0000,0.0000,0.0000,0.0000,-0.0000,0.0000,0.0000,-0.0000,0.0000
1789461312.8926,0.0000,-0.0000,0.0000,0.0000,0.0000,0.0000,0.0000,-0.0000,0.0000,0.0000,-0.0000,0.0000
1789461312.9425,0.0000,-0.0000,0.0000,0.0000,0.0000,0.0000,0.0000,-0.0000,0.0000,0.0000,-0.0000,0.0000
1789461312.9930,0.0000,-0.0000,0.0000,0.0000,0.0000,0.0000,0.0000,-0.0000,0.0000,0.0000,-0.0000,0.0000
1789461313.0428,0.0000,-0.0000,0.0000,0.0000,0.0000,0.0000,0.0000,-0.0000,0.0000,0.0000,-0.0000,0.0000
1789461313.0930,0.0000,-0.0000,0.0000,0.0000,0.0000,0.0000,0.0000,-0.0000,0.0000,0.0000,-0.0000,0.0000
1789461313.1428,0.0000,-0.0000,0.0000,0.0000,0.0000,0.0000,0.0000,-0.0000,0.0000,0.0000,-0.0000,0.0000
1789461313.1931,0.0000,-0.0000,0.0000,0.0000,0.0000,0.0000,0.0000,-0.0000,0.0000,0.0000,-0.0000,0.0000
1789461313.2426,0.0000,-0.0000,0.0000,0.0000,0.0000,0.0000,0.0000,-0.0000,0.0000,0.0000,-0.0000,0.0000
1789461313.2930,0.0000,-0.0000,0.0000,0.0000,0.0000,0.0000,0.0000,-0.0000,0.0000,0.0000,-0.0000,0.0000
1789461313.3427,0.0000,-0.0000,0.0000,0.0000,0.0000,0.0000,0.0000,-0.0000,0.0000,0.0000,-0.0000,0.0000
1789461313.3931,0.0000,-0.0000,0.0000,0.0000,0.0000,0.0000,0.0000,-0.0000,0.0000,0.0000,-0.0000,0.0000
1789461313.4427,0.0000,-0.0000,0.0000,0.0000,0.0000,0.0000,0.0000,-0.0000,0.0000,0.0000,-0.0000,0.0000
1789461313.4931,0.0000,-0.0000,0.0000,0.0000,0.0000,0.0000,0.0000,-0.0000,0.0000,0.0000,-0.0000,0.0000
1789461313.5436,0.0000,-0.0000,0.0000,0.0000,0.0000,0.0000,0.0000,-0.0000,0.0000,0.0000,-0.0000,0.0000
1789461313.5931,0.0000,-0.0000,0.0000,0.0000,0.0000,0.0000,0.0000,-0.0000,0.0000,0.0000,-0.0000,0.0000
1789461313.6427,0.0000,-0.0000,0.0000,0.0000,0.0000,0.0000,0.0000,-0.0000,0.0000,0.0000,-0.0000,0.0000
1789461313.6926,0.0000,-0.0000,0.0000,0.0000,0.0000,0.0000,0.0000,-0.0000,0.0000,0.0000,-0.0000,0.0000
1789461313.7426,0.0000,-0.0000,0.0000,0.0000,0.0000,0.0000,0.0000,-0.0000,0.0000,0.0000,-0.0000,0.0000
1789461313.7930,0.0000,-0.0000,0.0000,0.0000,0.0000,0.0000,0.0000,-0.0000,0.0000,0.0000,-0.0000,0.0000
1789461313.8426,0.0000,-0.0000,0.0000,0.0000,0.0000,0.0000,0.0000,-0.0000,0.0000,0.0000,-0.0000,0.0000
1789461313.8930,0.0000,-0.0000,0.0000,0.0000,0.0000,0.0000,0.0000,-0.0000,0.0000,0.0000,-0.0000,0.0000
1789461313.9426,0.0000,-0.0000,0.0000,0.0000,0.0000,0.0000,0.0000,-0.0000,0.0000,0.0000,-0.0000,0.0000
1789461313.9929,0.0000,-0.0000,0.0000,0.0000,0.0000,0.0000,0.0000,-0.0000,0.0000,0.0000,-0.0000,0.0000
1789461314.0426,0.0000,-0.0000,0.0000,0.0000,0.0000,0.0000,0.0000,-0.0000,0.0000,0.0000,-0.0000,0.0000
1789461314.0930,0.0000,-0.0000,0.0000,0.0000,0.0000,0.0000,0.0000,-0.0000,0.0000,0.0000,-0.0000,0.0000
1789461314.1427,0.0000,-0.0000,0.0000,0.0000,0.0000,0.0000,0.0000,-0.0000,0.0000,0.0000,-0.0000,0.0000
1789461314.1931,0.0000,-0.0000,0.0000,0.0000,0.0000,0.0000,0.0000,-0.0000,0.0000,0.0000,-0.0000,0.0000
1789461314.2426,0.0000,-0.0000,0.0000,0.0000,0.0000,0.0000,0.0000,-0.0000,0.0000,0.0000,-0.0000,0.0000
1789461314.2930,0.0000,-0.0000,0.0000,0.0000,0.0000,0.0000,0.0000,-0.0000,0.0000,0.0000,-0.0000,0.0000
1789461314.3425,0.0000,-0.0000,0.0000,0.0000,0.0000,0.0000,0.0000,-0.0000,0.0000,0.0000,-0.0000,0.0000
1789461314.3930,0.0000,-0.0000,0.0000,0.0000,0.0000,0.0000,0.0000,-0.0000,0.0000,0.0000,-0.0000,0.0000
1789461314.4427,0.0000,-0.0000,0.0000,0.0000,0.0000,0.0000,0.0000,-0.0000,0.0000,0.0000,-0.0000,0.0000
1789461314.4931,0.0000,-0.0000,0.0000,0.0000,0.0000,0.0000,0.0000,-0.0000,0.0000,0.0000,-0.0000,0.0000
1789461314.5426,0.0000,-0.0000,0.0000,0.0000,0.0000,0.0000,0.0000,-0.0000,0.0000,0.0000,-0.0000,0.0000
1789461314.5929,0.0000,-0.0000,0.0000,0.0000,0.0000,0.0000,0.0000,-0.0000,0.0000,0.0000,-0.0000,0.0000
1789461314.6428,0.0000,-0.0000,0.0000,0.0000,0.0000,0.0000,0.0000,-0.0000,0.0000,0.0000,-0.0000,0.0000
1789461314.6930,0.0000,-0.0000,0.0000,0.0000,0.0000,0.0000,0.0000,-0.0000,0.0000,0.0000,-0.0000,0.0000
1789461314.7427,0.0000,-0.0000,0.0000,0.0000,0.0000,0.0000,0.0000,-0.0000,0.0000,0.0000,-0.0000,0.0000
1789461314.7929,0.0000,-0.0000,0.0000,0.0000,0.0000,0.0000,0.0000,-0.0000,0.0000,0.0000,-0.0000,0.0000
1789461314.8427,0.0000,-0.0000,0.0000,0.0000,0.0000,0.0000,0.0000,-0.0000,0.0000,0.0000,-0.0000,0.0000
1789461314.8929,0.0000,-0.0000,0.0000,0.0000,0.0000,0.0000,0.0000,-0.0000,0.0000,0.0000,-0.0000,0.0000
1789461314.9426,0.0000,-0.0000,0.0000,0.0000,0.0000,0.0000,0.0000,-0.0000,0.0000,0.0000,-0.0000,0.0000
1789461314.9930,0.0000,-0.0000,0.0000,0.0000,0.0000,0.0000,0.0000,-0.0000,0.0000,0.0000,-0.0000,0.0000
1789461315.0427,0.0000,-0.0000,0.0000,0.0000,0.0000,0.0000,0.0000,-0.0000,0.0000,0.0000,-0.0000,0.0000
1789461315.0930,0.0000,-0.0000,0.0000,0.0000,0.0000,0.0000,0.0000,-0.0000,0.0000,0.0000,-0.0000,0.0000
1789461315.1427,0.0000,-0.0000,0.0000,0.0000,0.0000,0.0000,0.0000,-0.0000,0.0000,0.0000,-0.0000,0.0000
1789461315.1928,0.0000,-0.0000,0.0000,0.0000,0.0000,0.0000,0.0000,-0.0000,0.0000,0.0000,-0.0000,0.0000
1789461315.2433,0.0000,-0.0000,0.0000,0.0000,0.0000,0.0000,0.0000,-0.0000,0.0000,0.0000,-0.0000,0.0000
1789461315.2927,0.0000,-0.0000,0.0000,0.0000,0.0000,0.0000,0.0000,-0.0000,0.0000,0.0000,-0.0000,0.0000
1789461315.3428,0.0000,-0.0000,0.0000,0.0000,0.0000,0.0000,0.0000,-0.0000,0.0000,0.0000,-0.0000,0.0000
1789461315.3929,0.0000,-0.0000,0.0000,0.0000,0.0000,0.0000,0.0000,-0.0000,0.0000,0.0000,-0.0000,0.0000
1789461315.4428,0.0000,-0.0000,0.0000,0.0000,0.0000,0.0000,0.0000,-0.0000,0.0000,0.0000,-0.0000,0.0000
1789461315.4931,0.0000,-0.0000,0.0000,0.0000,0.0000,0.0000,0.0000,-0.0000,0.0000,0.0000,-0.0000,0.0000
1789461315.5427,0.0000,-0.0000,0.0000,0.0000,0.0000,0.0000,0.0000,-0.0000,0.0000,0.0000,-0.0000,0.0000
1789461315.5931,0.0000,-0.0000,0.0000,0.0000,0.0000,0.0000,0.0000,-0.0000,0.0000,0.0000,-0.0000,0.0000
1789461315.6428,0.0000,-0.0000,0.0000,0.0000,0.0000,0.0000,0.0000,-0.0000,0.0000,0.0000,-0.0000,0.0000
1789461315.6931,0.0000,-0.0000,0.0000,0.0000,0.0000,0.0000,0.0000,-0.0000,0.0000,0.0000,-0.0000,0.0000
1789461315.7426,0.0000,-0.0000,0.0000,0.0000,0.0000,0.0000,0.0000,-0.0000,0.0000,0.0000,-0.0000,0.0000
1789461315.7931,0.0000,-0.0000,0.0000,0.0000,0.0000,0.0000,0.0000,-0.0000,0.0000,0.0000,-0.0000,0.0000
1789461315.8426,0.0000,-0.0000,0.0000,0.0000,0.0000,0.0000,0.0000,-0.0000,0.0000,0.0000,-0.0000,0.0000
1789461315.8931,0.0000,-0.0000,0.0000,0.0000,0.0000,0.0000,0.0000,-0.0000,0.0000,0.0000,-0.0000,0.0000
1789461315.9427,0.0000,-0.0000,0.0000,0.0000,0.0000,0.0000,0.0000,-0.0000,0.0000,0.0000,-0.0000,0.0000
1789461315.9930,0.0000,-0.0000,0.0000,0.0000,0.0000,0.0000,0.0000,-0.0000,0.0000,0.0000,-0.0000,0.0000
1789461316.0427,0.0000,-0.0000,0.0000,0.0000,0.0000,0.0000,0.0000,-0.0000,0.0000,0.0000,-0.0000,0.0000
1789461316.0929,0.0000,-0.0000,0.0000,0.0000,0.0000,0.0000,0.0000,-0.0000,0.0000,0.0000,-0.0000,0.0000
1789461316.1427,0.0000,-0.0000,0.0000,0.0000,0.0000,0.0000,0.0000,-0.0000,0.0000,0.0000,-0.0000,0.0000
1789461316.1931,0.0000,-0.0000,0.0000,0.0000,0.0000,0.0000,0.0000,-0.0000,0.0000,0.0000,-0.0000,0.0000
1789461316.2427,0.0000,-0.0000,0.0000,0.0000,0.0000,0.0000,0.0000,-0.0000,0.0000,0.0000,-0.0000,0.0000
1789461316.2931,0.0000,-0.0000,0.0000,0.0000,0.0000,0.0000,0.0000,-0.0000,0.0000,0.0000,-0.0000,0.0000
1789461316.3427,0.0000,-0.0000,0.0000,0.0000,0.0000,0.0000,0.0000,-0.0000,0.0000,0.0000,-0.0000,0.0000
1789461316.3930,0.0000,-0.0000,0.0000,0.0000,0.0000,0.0000,0.0000,-0.0000,0.0000,0.0000,-0.0000,0.0000
1789461316.4427,0.0000,-0.0000,0.0000,0.0000,0.0000,0.0000,0.0000,-0.0000,0.0000,0.0000,-0.0000,0.0000
1789461316.4930,0.0000,-0.0000,0.0000,0.0000,0.0000,0.0000,0.0000,-0.0000,0.0000,0.0000,-0.0000,0.0000
1789461316.5426,0.0000,-0.0000,0.0000,0.0000,0.0000,0.0000,0.0000,-0.0000,0.0000,0.0000,-0.0000,0.0000
1789461316.5931,0.0000,-0.0000,0.0000,0.0000,0.0000,0.0000,0.0000,-0.0000,0.0000,0.0000,-0.0000,0.0000
1789461316.6428,0.0000,-0.0000,0.0000,0.0000,0.0000,0.0000,0.0000,-0.0000,0.0000,0.0000,-0.0000,0.0000
1789461316.6931,0.0000,-0.0000,0.0000,0.0000,0.0000,0.0000,0.0000,-0.0000,0.0000,0.0000,-0.0000,0.0000
1789461316.7428,0.0000,-0.0000,0.0000,0.0000,0.0000,0.0000,0.0000,-0.0000,0.0000,0.0000,-0.0000,0.0000
1789461316.7930,0.0000,-0.0000,0.0000,0.0000,0.0000,0.0000,0.0000,-0.0000,0.0000,0.0000,-0.0000,0.0000
1789461316.8427,0.0000,-0.0000,0.0000,0.0000,0.0000,0.0000,0.0000,-0.0000,0.0000,0.0000,-0.0000,0.0000
1789461316.8930,0.0000,-0.0000,0.0000,0.0000,0.0000,0.0000,0.0000,-0.0000,0.0000,0.0000,-0.0000,0.0000
1789461316.9427,0.0000,-0.0000,0.0000,0.0000,0.0000,0.0000,0.0000,-0.0000,0.0000,0.0000,-0.0000,0.0000
1789461316.9930,0.0000,-0.0000,0.0000,0.0000,0.0000,0.0000,0.0000,-0.0000,0.0000,0.0000,-0.0000,0.0000
1789461317.0427,0.0000,-0.0000,0.0000,0.0000,0.0000,0.0000,0.0000,-0.0000,0.0000,0.0000,-0.0000,0.0000
1789461317.0930,0.0000,-0.0000,0.0000,0.0000,0.0000,0.0000,0.0000,-0.0000,0.0000,0.0000,-0.0000,0.0000
1789461317.1428,0.0000,-0.0000,0.0000,0.0000,0.0000,0.0000,0.0000,-0.0000,0.0000,0.0000,-0.0000,0.0000
1789461317.1928,0.0000,-0.0000,0.0000,0.0000,0.0000,0.0000,0.0000,-0.0000,0.0000,0.0000,-0.0000,0.0000
1789461317.2428,0.0000,-0.0000,0.0000,0.0000,0.0000,0.0000,0.0000,-0.0000,0.0000,0.0000,-0.0000,0.0000
1789461317.2930,0.0000,-0.0000,0.0000,0.0000,0.0000,0.0000,0.0000,-0.0000,0.0000,0.0000,-0.0000,0.0000
1789461317.3427,0.0000,-0.0000,0.0000,0.0000,0.0000,0.0000,0.0000,-0.0000,0.0000,0.0000,-0.0000,0.0000
1789461317.3931,0.0000,-0.0000,0.0000,0.0000,0.0000,0.0000,0.0000,-0.0000,0.0000,0.0000,-0.0000,0.0000
1789461317.4428,0.0000,-0.0000,0.0000,0.0000,0.0000,0.0000,0.0000,-0.0000,0.0000,0.0000,-0.0000,0.0000
1789461317.4929,0.0000,-0.0000,0.0000,0.0000,0.0000,0.0000,0.0000,-0.0000,0.0000,0.0000,-0.0000,0.0000
1789461317.5427,0.0000,-0.0000,0.0000,0.0000,0.0000,0.0000,0.0000,-0.0000,0.0000,0.0000,-0.0000,0.0000
1789461317.5931,0.0000,-0.0000,0.0000,0.0000,0.0000,0.0000,0.0000,-0.0000,0.0000,0.0000,-0.0000,0.0000
1789461317.6428,0.0000,-0.0000,0.0000,0.0000,0.0000,0.0000,0.0000,-0.0000,0.0000,0.0000,-0.0000,0.0000
1789461317.6931,0.0000,-0.0000,0.0000,0.0000,0.0000,0.0000,0.0000,-0.0000,0.0000,0.0000,-0.0000,0.0000
1789461317.7428,0.0000,-0.0000,0.0000,0.0000,0.0000,0.0000,0.0000,-0.0000,0.0000,0.0000,-0.0000,0.0000
1789461317.7930,0.0000,-0.0000,0.0000,0.0000,0.0000,0.0000,0.0000,-0.0000,0.0000,0.0000,-0.0000,0.0000
1789461317.8426,0.0000,-0.0000,0.0000,0.0000,0.0000,0.0000,0.0000,-0.0000,0.0000,0.0000,-0.0000,0.0000
1789461317.8930,0.0000,-0.0000,0.0000,0.0000,0.0000,0.0000,0.0000,-0.0000,0.0000,0.0000,-0.0000,0.0000
1789461317.9427,0.0000,-0.0000,0.0000,0.0000,0.0000,0.0000,0.0000,-0.0000,0.0000,0.0000,-0.0000,0.0000
1789461317.9930,0.0000,-0.0000,0.0000,0.0000,0.0000,0.0000,0.0000,-0.0000,0.0000,0.0000,-0.0000,0.0000
1789461318.0427,0.0000,-0.0000,0.0000,0.0000,0.0000,0.0000,0.0000,-0.0000,0.0000,0.0000,-0.0000,0.0000
1789461318.0931,0.0000,-0.0000,0.0000,0.0000,0.0000,0.0000,0.0000,-0.0000,0.0000,0.0000,-0.0000,0.0000
1789461318.1428,0.0000,-0.0000,0.0000,0.0000,0.0000,0.0000,0.0000,-0.0000,0.0000,0.0000,-0.0000,0.0000
1789461318.1928,0.0000,-0.0000,0.0000,0.0000,0.0000,0.0000,0.0000,-0.0000,0.0000,0.0000,-0.0000,0.0000
1789461318.2428,0.0000,-0.0000,0.0000,0.0000,0.0000,0.0000,0.0000,-0.0000,0.0000,0.0000,-0.0000,0.0000
1789461318.2930,0.0000,-0.0000,0.0000,0.0000,0.0000,0.0000,0.0000,-0.0000,0.0000,0.0000,-0.0000,0.0000
1789461318.3428,0.0000,-0.0000,0.0000,0.0000,0.0000,0.0000,0.0000,-0.0000,0.0000,0.0000,-0.0000,0.0000
1789461318.3930,0.0000,-0.0000,0.0000,0.0000,0.0000,0.0000,0.0000,-0.0000,0.0000,0.0000,-0.0000,0.0000
1789461318.4428,0.0000,-0.0000,0.0000,0.0000,0.0000,0.0000,0.0000,-0.0000,0.0000,0.0000,-0.0000,0.0000
1789461318.4930,0.0000,-0.0000,0.0000,0.0000,0.0000,0.0000,0.0000,-0.0000,0.0000,0.0000,-0.0000,0.0000
1789461318.5427,0.0000,-0.0000,0.0000,0.0000,0.0000,0.0000,0.0000,-0.0000,0.0000,0.0000,-0.0000,0.0000
1789461318.5930,0.0000,-0.0000,0.0000,0.0000,0.0000,0.0000,0.0000,-0.0000,0.0000,0.0000,-0.0000,0.0000
1789461318.6428,0.0000,-0.0000,0.0000,0.0000,0.0000,0.0000,0.0000,-0.0000,0.0000,0.0000,-0.0000,0.0000
1789461318.6930,0.0000,-0.0000,0.0000,0.0000,0.0000,0.0000,0.0000,-0.0000,0.0000,0.0000,-0.0000,0.0000
1789461318.7427,0.0000,-0.0000,0.0000,0.0000,0.0000,0.0000,0.0000,-0.0000,0.0000,0.0000,-0.0000,0.0000
1789461318.7929,0.0000,-0.0000,0.0000,0.0000,0.0000,0.0000,0.0000,-0.0000,0.0000,0.0000,-0.0000,0.0000
1789461318.8427,0.0000,-0.0000,0.0000,0.0000,0.0000,0.0000,0.0000,-0.0000,0.0000,0.0000,-0.0000,0.0000
1789461318.8930,0.0000,-0.0000,0.0000,0.0000,0.0000,0.0000,0.0000,-0.0000,0.0000,0.0000,-0.0000,0.0000
1789461318.9428,0.0000,-0.0000,0.0000,0.0000,0.0000,0.0000,0.0000,-0.0000,0.0000,0.0000,-0.0000,0.0000
1789461318.9931,0.0000,-0.0000,0.0000,0.0000,0.0000,0.0000,0.0000,-0.0000,0.0000,0.0000,-0.0000,0.0000
1789461319.0428,0.0000,-0.0000,0.0000,0.0000,0.0000,0.0000,0.0000,-0.0000,0.0000,0.0000,-0.0000,0.0000
1789461319.0931,0.0000,-0.0000,0.0000,0.0000,0.0000,0.0000,0.0000,-0.0000,0.0000,0.0000,-0.0000,0.0000
1789461319.1432,0.0000,-0.0000,0.0000,0.0000,0.0000,0.0000,0.0000,-0.0000,0.0000,0.0000,-0.0000,0.0000
1789461319.1930,0.0000,-0.0000,0.0000,0.0000,0.0000,0.0000,0.0000,-0.0000,0.0000,0.0000,-0.0000,0.0000
1789461319.2429,0.0000,-0.0000,0.0000,0.0000,0.0000,0.0000,0.0000,-0.0000,0.0000,0.0000,-0.0000,0.0000
1789461319.2931,0.0000,-0.0000,0.0000,0.0000,0.0000,0.0000,0.0000,-0.0000,0.0000,0.0000,-0.0000,0.0000
1789461319.3428,0.0000,-0.0000,0.0000,0.0000,0.0000,0.0000,0.0000,-0.0000,0.0000,0.0000,-0.0000,0.0000
1789461319.3930,0.0000,-0.0000,0.0000,0.0000,0.0000,0.0000,0.0000,-0.0000,0.0000,0.0000,-0.0000,0.0000
1789461319.4429,0.0000,-0.0000,0.0000,0.0000,0.0000,0.0000,0.0000,-0.0000,0.0000,0.0000,-0.0000,0.0000
1789461319.4930,0.0000,-0.0000,0.0000,0.0000,0.0000,0.0000,0.0000,-0.0000,0.0000,0.0000,-0.0000,0.0000
1789461319.5428,0.0000,-0.0000,0.0000,0.0000,0.0000,0.0000,0.0000,-0.0000,0.0000,0.0000,-0.0000,0.0000
1789461319.5928,0.0000,-0.0000,0.0000,0.0000,0.0000,0.0000,0.0000,-0.0000,0.0000,0.0000,-0.0000,0.0000
1789461319.6429,0.0000,-0.0000,0.0000,0.0000,0.0000,0.0000,0.0000,-0.0000,0.0000,0.0000,-0.0000,0.0000
1789461319.6930,0.0000,-0.0000,0.0000,0.0000,0.0000,0.0000,0.0000,-0.0000,0.0000,0.0000,-0.0000,0.0000
1789461319.7428,0.0000,-0.0000,0.0000,0.0000,0.0000,0.0000,0.0000,-0.0000,0.0000,0.0000,-0.0000,0.0000
1789461319.7931,0.0000,-0.0000,0.0000,0.0000,0.0000,0.0000,0.0000,-0.0000,0.0000,0.0000,-0.0000,0.0000
1789461319.8427,0.0000,-0.0000,0.0000,0.0000,0.0000,0.0000,0.0000,-0.0000,0.0000,0.0000,-0.0000,0.0000
1789461319.8929,0.0000,-0.0000,0.0000,0.0000,0.0000,0.0000,0.0000,-0.0000,0.0000,0.0000,-0.0000,0.0000
1789461319.9428,0.0000,-0.0000,0.0000,0.0000,0.0000,0.0000,0.0000,-0.0000,0.0000,0.0000,-0.0000,0.0000
1789461319.9930,0.0000,-0.0000,0.0000,0.0000,0.0000,0.0000,0.0000,-0.0000,0.0000,0.0000,-0.0000,0.0000
1789461320.0429,0.0000,-0.0000,0.0000,0.0000,0.0000,0.0000,0.0000,-0.0000,0.0000,0.0000,-0.0000,0.0000
1789461320.0938,0.0000,-0.0000,0.0000,0.0000,0.0000,0.0000,0.0000,-0.0000,0.0000,0.0000,-0.0000,0.0000
1789461320.1429,0.0000,-0.0000,0.0000,0.0000,0.0000,0.0000,0.0000,-0.0000,0.0000,0.0000,-0.0000,0.0000
1789461320.1929,0.0000,-0.0000,0.0000,0.0000,0.0000,0.0000,0.0000,-0.0000,0.0000,0.0000,-0.0000,0.0000
1789461320.2428,0.0000,-0.0000,0.0000,0.0000,0.0000,0.0000,0.0000,-0.0000,0.0000,0.0000,-0.0000,0.0000
1789461320.2928,0.0000,-0.0000,0.0000,0.0000,0.0000,0.0000,0.0000,-0.0000,0.0000,0.0000,-0.0000,0.0000
1789461320.3428,0.0000,-0.0000,0.0000,0.0000,0.0000,0.0000,0.0000,-0.0000,0.0000,0.0000,-0.0000,0.0000
1789461320.3929,0.0000,-0.0000,0.0000,0.0000,0.0000,0.0000,0.0000,-0.0000,0.0000,0.0000,-0.0000,0.0000
1789461320.4426,0.0000,-0.0000,0.0000,0.0000,0.0000,0.0000,0.0000,-0.0000,0.0000,0.0000,-0.0000,0.0000
1789461320.4944,0.0000,-0.0000,0.0000,0.0000,0.0000,0.0000,0.0000,-0.0000,0.0000,0.0000,-0.0000,0.0000
1789461320.5436,0.0000,-0.0000,0.0000,0.0000,0.0000,0.0000,0.0000,-0.0000,0.0000,0.0000,-0.0000,0.0000
1789461320.5926,0.0000,-0.0000,0.0000,0.0000,0.0000,0.0000,0.0000,-0.0000,0.0000,0.0000,-0.0000,0.0000
1789461320.6426,0.0000,-0.0000,0.0000,0.0000,0.0000,0.0000,0.0000,-0.0000,0.0000,0.0000,-0.0000,0.0000
1789461320.6941,0.0000,-0.0000,0.0000,0.0000,0.0000,0.0000,0.0000,-0.0000,0.0000,0.0000,-0.0000,0.0000
1789461320.7437,0.0000,-0.0000,0.0000,0.0000,0.0000,0.0000,0.0000,-0.0000,0.0000,0.0000,-0.0000,0.0000
1789461320.7927,0.0000,-0.0000,0.0000,0.0000,0.0000,0.0000,0.0000,-0.0000,0.0000,0.0000,-0.0000,0.0000
1789461320.8425,0.0000,-0.0000,0.0000,0.0000,0.0000,0.0000,0.0000,-0.0000,0.0000,0.0000,-0.0000,0.0000
1789461320.8931,0.0000,-0.0000,0.0000,0.0000,0.0000,0.0000,0.0000,-0.0000,0.0000,0.0000,-0.0000,0.0000
1789461320.9427,0.0000,-0.0000,0.0000,0.0000,0.0000,0.0000,0.0000,-0.0000,0.0000,0.0000,-0.0000,0.0000
1789461321.0024,0.0000,-0.0000,0.0000,0.0000,0.0000,0.0000,0.0000,-0.0000,0.0000,0.0000,-0.0000,0.0000
1789461321.0430,0.0000,-0.0000,0.0000,0.0000,0.0000,0.0000,0.0000,-0.0000,0.0000,0.0000,-0.0000,0.0000
1789461321.0936,0.0000,-0.0000,0.0000,0.0000,0.0000,0.0000,0.0000,-0.0000,0.0000,0.0000,-0.0000,0.0000
1789461321.1425,0.0000,-0.0000,0.0000,0.0000,0.0000,0.0000,0.0000,-0.0000,0.0000,0.0000,-0.0000,0.0000
1789461321.1933,0.0000,-0.0000,0.0000,0.0000,0.0000,0.0000,0.0000,-0.0000,0.0000,0.0000,-0.0000,0.0000
1789461321.2432,0.0000,-0.0000,0.0000,0.0000,0.0000,0.0000,0.0000,-0.0000,0.0000,0.0000,-0.0000,0.0000
1789461321.2932,0.0000,-0.0000,0.0000,0.0000,0.0000,0.0000,0.0000,-0.0000,0.0000,0.0000,-0.0000,0.0000
1789461321.3429,0.0000,-0.0000,0.0000,0.0000,0.0000,0.0000,0.0000,-0.0000,0.0000,0.0000,-0.0000,0.0000
1789461321.3930,0.0000,-0.0000,0.0000,0.0000,0.0000,0.0000,0.0000,-0.0000,0.0000,0.0000,-0.0000,0.0000
1789461321.4437,0.0000,-0.0000,0.0000,0.0000,0.0000,0.0000,0.0000,-0.0000,0.0000,0.0000,-0.0000,0.0000
1789461321.4940,0.0000,-0.0000,0.0000,0.0000,0.0000,0.0000,0.0000,-0.0000,0.0000,0.0000,-0.0000,0.0000
1789461321.5444,0.0000,-0.0000,0.0000,0.0000,0.0000,0.0000,0.0000,-0.0000,0.0000,0.0000,-0.0000,0.0000
1789461321.5999,0.0000,-0.0000,0.0000,0.0000,0.0000,0.0000,0.0000,-0.0000,0.0000,0.0000,-0.0000,0.0000
1789461321.6430,0.0000,-0.0000,0.0000,0.0000,0.0000,0.0000,0.0000,-0.0000,0.0000,0.0000,-0.0000,0.0000
1789461321.6929,0.0000,-0.0000,0.0000,0.0000,0.0000,0.0000,0.0000,-0.0000,0.0000,0.0000,-0.0000,0.0000
1789461321.7457,0.0000,-0.0000,0.0000,0.0000,0.0000,0.0000,0.0000,-0.0000,0.0000,0.0000,-0.0000,0.0000
1789461321.7937,0.0000,-0.0000,0.0000,0.0000,0.0000,0.0000,0.0000,-0.0000,0.0000,0.0000,-0.0000,0.0000
1789461321.8439,0.0000,-0.0000,0.0000,0.0000,0.0000,0.0000,0.0000,-0.0000,0.0000,0.0000,-0.0000,0.0000
1789461321.8930,0.0000,-0.0000,0.0000,0.0000,0.0000,0.0000,0.0000,-0.0000,0.0000,0.0000,-0.0000,0.0000
1789461321.9437,0.0000,-0.0000,0.0000,0.0000,0.0000,0.0000,0.0000,-0.0000,0.0000,0.0000,-0.0000,0.0000
1789461321.9948,0.0000,-0.0000,0.0000,0.0000,0.0000,0.0000,0.0000,-0.0000,0.0000,0.0000,-0.0000,0.0000
1789461322.0432,0.0000,-0.0000,0.0000,0.0000,0.0000,0.0000,0.0000,-0.0000,0.0000,0.0000,-0.0000,0.0000
1789461322.0934,0.0000,-0.0000,0.0000,0.0000,0.0000,0.0000,0.0000,-0.0000,0.0000,0.0000,-0.0000,0.0000
1789461322.1429,0.0000,-0.0000,0.0000,0.0000,0.0000,0.0000,0.0000,-0.0000,0.0000,0.0000,-0.0000,0.0000
1789461322.1931,0.0000,-0.0000,0.0000,0.0000,0.0000,0.0000,0.0000,-0.0000,0.0000,0.0000,-0.0000,0.0000
1789461322.2430,0.0000,-0.0000,0.0000,0.0000,0.0000,0.0000,0.0000,-0.0000,0.0000,0.0000,-0.0000,0.0000
1789461322.2931,0.0000,-0.0000,0.0000,0.0000,0.0000,0.0000,0.0000,-0.0000,0.0000,0.0000,-0.0000,0.0000
1789461322.3430,0.0000,-0.0000,0.0000,0.0000,0.0000,0.0000,0.0000,-0.0000,0.0000,0.0000,-0.0000,0.0000
1789461322.3930,0.0000,-0.0000,0.0000,0.0000,0.0000,0.0000,0.0000,-0.0000,0.0000,0.0000,-0.0000,0.0000
1789461322.4430,0.0000,-0.0000,0.0000,0.0000,0.0000,0.0000,0.0000,-0.0000,0.0000,0.0000,-0.0000,0.0000
1789461322.4932,0.0000,-0.0000,0.0000,0.0000,0.0000,0.0000,0.0000,-0.0000,0.0000,0.0000,-0.0000,0.0000
1789461322.5450,0.0000,-0.0000,0.0000,0.0000,0.0000,0.0000,0.0000,-0.0000,0.0000,0.0000,-0.0000,0.0000
1789461322.5934,0.0000,-0.0000,0.0000,0.0000,0.0000,0.0000,0.0000,-0.0000,0.0000,0.0000,-0.0000,0.0000
1789461322.6431,0.0000,-0.0000,0.0000,0.0000,0.0000,0.0000,0.0000,-0.0000,0.0000,0.0000,-0.0000,0.0000
1789461322.6931,0.0000,-0.0000,0.0000,0.0000,0.0000,0.0000,0.0000,-0.0000,0.0000,0.0000,-0.0000,0.0000
1789461322.7441,0.0000,-0.0000,0.0000,0.0000,0.0000,0.0000,0.0000,-0.0000,0.0000,0.0000,-0.0000,0.0000
1789461322.7935,0.0000,-0.0000,0.0000,0.0000,0.0000,0.0000,0.0000,-0.0000,0.0000,0.0000,-0.0000,0.0000
1789461322.8432,0.0000,-0.0000,0.0000,0.0000,0.0000,0.0000,0.0000,-0.0000,0.0000,0.0000,-0.0000,0.0000
1789461322.8943,0.0000,-0.0000,0.0000,0.0000,0.0000,0.0000,0.0000,-0.0000,0.0000,0.0000,-0.0000,0.0000
1789461322.9429,0.0000,-0.0000,0.0000,0.0000,0.0000,0.0000,0.0000,-0.0000,0.0000,0.0000,-0.0000,0.0000
