pi_time_s,FR_target_rads,FR_actual_rads,FR_pwm,FL_target_rads,FL_actual_rads,FL_pwm,RR_target_rads,RR_actual_rads,RR_pwm,RL_target_rads,RL_actual_rads,RL_pwm
1789471065.2785,0.0000,-0.0000,0.0000,0.0000,0.0000,0.0000,0.0000,0.0000,0.0000,0.0000,-0.0000,0.0000
1789471065.3283,0.0000,-0.0000,0.0000,0.0000,0.0000,0.0000,0.0000,0.0000,0.0000,0.0000,-0.0000,0.0000
1789471065.3795,0.0000,-0.0000,0.0000,0.0000,0.0000,0.0000,0.0000,0.0000,0.0000,0.0000,-0.0000,0.0000
1789471065.4293,0.0000,-0.0000,0.0000,0.0000,0.0000,0.0000,0.0000,0.0000,0.0000,0.0000,-0.0000,0.0000
1789471065.4783,0.0000,-0.0000,0.0000,0.0000,0.0000,0.0000,0.0000,0.0000,0.0000,0.0000,-0.0000,0.0000
1789471065.5284,0.0000,-0.0000,0.0000,0.0000,0.0000,0.0000,0.0000,0.0000,0.0000,0.0000,-0.0000,0.0000
1789471065.5782,0.0000,-0.0000,0.0000,0.0000,0.0000,0.0000,0.0000,0.0000,0.0000,0.0000,-0.0000,0.0000
1789471065.6294,0.0000,-0.0000,0.0000,0.0000,0.0000,0.0000,0.0000,0.0000,0.0000,0.0000,-0.0000,0.0000
1789471065.6794,0.0000,-0.0000,0.0000,0.0000,0.0000,0.0000,0.0000,0.0000,0.0000,0.0000,-0.0000,0.0000
1789471065.7283,0.0000,-0.0000,0.0000,0.0000,0.0000,0.0000,0.0000,0.0000,0.0000,0.0000,-0.0000,0.0000
1789471065.7785,0.0000,-0.0000,0.0000,0.0000,0.0000,0.0000,0.0000,0.0000,0.0000,0.0000,-0.0000,0.0000
1789471065.8284,0.0000,-0.0000,0.0000,0.0000,0.0000,0.0000,0.0000,0.0000,0.0000,0.0000,-0.0000,0.0000
1789471065.8784,0.0000,-0.0000,0.0000,0.0000,0.0000,0.0000,0.0000,0.0000,0.0000,0.0000,-0.0000,0.0000
1789471065.9296,0.0000,-0.0000,0.0000,0.0000,0.0000,0.0000,0.0000,0.0000,0.0000,0.0000,-0.0000,0.0000
1789471065.9795,0.0000,-0.0000,0.0000,0.0000,0.0000,0.0000,0.0000,0.0000,0.0000,0.0000,-0.0000,0.0000
1789471066.0293,0.0000,-0.0000,0.0000,0.0000,0.0000,0.0000,0.0000,0.0000,0.0000,0.0000,-0.0000,0.0000
1789471066.0784,0.0000,-0.0000,0.0000,0.0000,0.0000,0.0000,0.0000,0.0000,0.0000,0.0000,-0.0000,0.0000
1789471066.1285,0.0000,-0.0000,0.0000,0.0000,0.0000,0.0000,0.0000,0.0000,0.0000,0.0000,-0.0000,0.0000
1789471066.1795,0.0000,-0.0000,0.0000,0.0000,0.0000,0.0000,0.0000,0.0000,0.0000,0.0000,-0.0000,0.0000
1789471066.2298,0.0000,-0.0000,0.0000,0.0000,0.0000,0.0000,0.0000,0.0000,0.0000,0.0000,-0.0000,0.0000
1789471066.2783,0.0000,-0.0000,0.0000,0.0000,0.0000,0.0000,0.0000,0.0000,0.0000,0.0000,-0.0000,0.0000
1789471066.3290,0.0000,-0.0000,0.0000,0.0000,0.0000,0.0000,0.0000,0.0000,0.0000,0.0000,-0.0000,0.0000
1789471066.3902,0.0000,-0.0000,0.0000,0.0000,0.0000,0.0000,0.0000,0.0000,0.0000,0.0000,-0.0000,0.0000
1789471066.4358,0.0000,-0.0000,0.0000,0.0000,0.0000,0.0000,0.0000,0.0000,0.0000,0.0000,-0.0000,0.0000
1789471066.4824,0.0000,-0.0000,0.0000,0.0000,0.0000,0.0000,0.0000,0.0000,0.0000,0.0000,-0.0000,0.0000
1789471066.5283,0.0000,-0.0000,0.0000,0.0000,0.0000,0.0000,0.0000,0.0000,0.0000,0.0000,-0.0000,0.0000
1789471066.5831,0.0000,-0.0000,0.0000,0.0000,0.0000,0.0000,0.0000,0.0000,0.0000,0.0000,-0.0000,0.0000
1789471066.6302,0.0000,-0.0000,0.0000,0.0000,0.0000,0.0000,0.0000,0.0000,0.0000,0.0000,-0.0000,0.0000
1789471066.6784,0.0000,-0.0000,0.0000,0.0000,0.0000,0.0000,0.0000,0.0000,0.0000,0.0000,-0.0000,0.0000
1789471066.7317,0.0000,-0.0000,0.0000,0.0000,0.0000,0.0000,0.0000,0.0000,0.0000,0.0000,-0.0000,0.0000
1789471066.7835,0.0000,-0.0000,0.0000,0.0000,0.0000,0.0000,0.0000,0.0000,0.0000,0.0000,-0.0000,0.0000
1789471066.8363,0.0000,-0.0000,0.0000,0.0000,0.0000,0.0000,0.0000,0.0000,0.0000,0.0000,-0.0000,0.0000
1789471066.8785,0.0000,-0.0000,0.0000,0.0000,0.0000,0.0000,0.0000,0.0000,0.0000,0.0000,-0.0000,0.0000
1789471066.9286,0.0000,-0.0000,0.0000,0.0000,0.0000,0.0000,0.0000,0.0000,0.0000,0.0000,-0.0000,0.0000
1789471066.9829,0.0000,-0.0000,0.0000,0.0000,0.0000,0.0000,0.0000,0.0000,0.0000,0.0000,-0.0000,0.0000
1789471067.0296,0.0000,-0.0000,0.0000,0.0000,0.0000,0.0000,0.0000,0.0000,0.0000,0.0000,-0.0000,0.0000
1789471067.0819,0.0000,-0.0000,0.0000,0.0000,0.0000,0.0000,0.0000,0.0000,0.0000,0.0000,-0.0000,0.0000
1789471067.1284,0.0000,-0.0000,0.0000,0.0000,0.0000,0.0000,0.0000,0.0000,0.0000,0.0000,-0.0000,0.0000
1789471067.1795,0.0000,-0.0000,0.0000,0.0000,0.0000,0.0000,0.0000,0.0000,0.0000,0.0000,-0.0000,0.0000
1789471067.2295,0.0000,-0.0000,0.0000,0.0000,0.0000,0.0000,0.0000,0.0000,0.0000,0.0000,-0.0000,0.0000
1789471067.2789,0.0000,-0.0000,0.0000,0.0000,0.0000,0.0000,0.0000,0.0000,0.0000,0.0000,-0.0000,0.0000
1789471067.3329,0.0000,-0.0000,0.0000,0.0000,0.0000,0.0000,0.0000,0.0000,0.0000,0.0000,-0.0000,0.0000
1789471067.3786,0.0000,-0.0000,0.0000,0.0000,0.0000,0.0000,0.0000,0.0000,0.0000,0.0000,-0.0000,0.0000
1789471067.4298,0.0000,-0.0000,0.0000,0.0000,0.0000,0.0000,0.0000,0.0000,0.0000,0.0000,-0.0000,0.0000
1789471067.4797,0.0000,-0.0000,0.0000,0.0000,0.0000,0.0000,0.0000,0.0000,0.0000,0.0000,-0.0000,0.0000
1789471067.5282,0.0000,-0.0000,0.0000,0.0000,0.0000,0.0000,0.0000,0.0000,0.0000,0.0000,-0.0000,0.0000
1789471067.5785,0.0000,-0.0000,0.0000,0.0000,0.0000,0.0000,0.0000,0.0000,0.0000,0.0000,-0.0000,0.0000
1789471067.6286,0.0000,-0.0000,0.0000,0.0000,0.0000,0.0000,0.0000,0.0000,0.0000,0.0000,-0.0000,0.0000
1789471067.6786,0.0000,-0.0000,0.0000,0.0000,0.0000,0.0000,0.0000,0.0000,0.0000,0.0000,-0.0000,0.0000
1789471067.7285,0.0000,-0.0000,0.0000,0.0000,0.0000,0.0000,0.0000,0.0000,0.0000,0.0000,-0.0000,0.0000
1789471067.7785,0.0000,-0.0000,0.0000,0.0000,0.0000,0.0000,0.0000,0.0000,0.0000,0.0000,-0.0000,0.0000
1789471067.8285,0.0000,-0.0000,0.0000,0.0000,0.0000,0.0000,0.0000,0.0000,0.0000,0.0000,-0.0000,0.0000
1789471067.8784,0.0000,-0.0000,0.0000,0.0000,0.0000,0.0000,0.0000,0.0000,0.0000,0.0000,-0.0000,0.0000
1789471067.9342,0.0000,-0.0000,0.0000,0.0000,0.0000,0.0000,0.0000,0.0000,0.0000,0.0000,-0.0000,0.0000
1789471067.9785,0.0000,-0.0000,0.0000,0.0000,0.0000,0.0000,0.0000,0.0000,0.0000,0.0000,-0.0000,0.0000
1789471068.0286,0.0000,-0.0000,0.0000,0.0000,0.0000,0.0000,0.0000,0.0000,0.0000,0.0000,-0.0000,0.0000
1789471068.0785,0.0000,-0.0000,0.0000,0.0000,0.0000,0.0000,0.0000,0.0000,0.0000,0.0000,-0.0000,0.0000
1789471068.1287,0.0000,-0.0000,0.0000,0.0000,0.0000,0.0000,0.0000,0.0000,0.0000,0.0000,-0.0000,0.0000
1789471068.1785,0.0000,-0.0000,0.0000,0.0000,0.0000,0.0000,0.0000,0.0000,0.0000,0.0000,-0.0000,0.0000
1789471068.2285,0.0000,-0.0000,0.0000,0.0000,0.0000,0.0000,0.0000,0.0000,0.0000,0.0000,-0.0000,0.0000
1789471068.2784,0.0000,-0.0000,0.0000,0.0000,0.0000,0.0000,0.0000,0.0000,0.0000,0.0000,-0.0000,0.0000
1789471068.3287,0.0000,-0.0000,0.0000,0.0000,0.0000,0.0000,0.0000,0.0000,0.0000,0.0000,-0.0000,0.0000
1789471068.3784,0.0000,-0.0000,0.0000,0.0000,0.0000,0.0000,0.0000,0.0000,0.0000,0.0000,-0.0000,0.0000
1789471068.4286,0.0000,-0.0000,0.0000,0.0000,0.0000,0.0000,0.0000,0.0000,0.0000,0.0000,-0.0000,0.0000
1789471068.4802,0.0000,-0.0000,0.0000,0.0000,0.0000,0.0000,0.0000,0.0000,0.0000,0.0000,-0.0000,0.0000
1789471068.5285,0.0000,-0.0000,0.0000,0.0000,0.0000,0.0000,0.0000,0.0000,0.0000,0.0000,-0.0000,0.0000
1789471068.5783,0.0000,-0.0000,0.0000,0.0000,0.0000,0.0000,0.0000,0.0000,0.0000,0.0000,-0.0000,0.0000
1789471068.6284,0.0000,-0.0000,0.0000,0.0000,0.0000,0.0000,0.0000,0.0000,0.0000,0.0000,-0.0000,0.0000
1789471068.6784,0.0000,-0.0000,0.0000,0.0000,0.0000,0.0000,0.0000,0.0000,0.0000,0.0000,-0.0000,0.0000
1789471068.7284,0.0000,-0.0000,0.0000,0.0000,0.0000,0.0000,0.0000,0.0000,0.0000,0.0000,-0.0000,0.0000
1789471068.7784,0.0000,-0.0000,0.0000,0.0000,0.0000,0.0000,0.0000,0.0000,0.0000,0.0000,-0.0000,0.0000
1789471068.8290,0.0000,-0.0000,0.0000,0.0000,0.0000,0.0000,0.0000,0.0000,0.0000,0.0000,-0.0000,0.0000
1789471068.8784,0.0000,-0.0000,0.0000,0.0000,0.0000,0.0000,0.0000,0.0000,0.0000,0.0000,-0.0000,0.0000
1789471068.9283,0.0000,-0.0000,0.0000,0.0000,0.0000,0.0000,0.0000,0.0000,0.0000,0.0000,-0.0000,0.0000
1789471068.9783,0.0000,-0.0000,0.0000,0.0000,0.0000,0.0000,0.0000,0.0000,0.0000,0.0000,-0.0000,0.0000
1789471069.0285,0.0000,-0.0000,0.0000,0.0000,0.0000,0.0000,0.0000,0.0000,0.0000,0.0000,-0.0000,0.0000
1789471069.0784,0.0000,-0.0000,0.0000,0.0000,0.0000,0.0000,0.0000,0.0000,0.0000,0.0000,-0.0000,0.0000
1789471069.1285,0.0000,-0.0000,0.0000,0.0000,0.0000,0.0000,0.0000,0.0000,0.0000,0.0000,-0.0000,0.0000
1789471069.1786,0.0000,-0.0000,0.0000,0.0000,0.0000,0.0000,0.0000,0.0000,0.0000,0.0000,-0.0000,0.0000
1789471069.2285,0.0000,-0.0000,0.0000,0.0000,0.0000,0.0000,0.0000,0.0000,0.0000,0.0000,-0.0000,0.0000
1789471069.2785,0.0000,-0.0000,0.0000,0.0000,0.0000,0.0000,0.0000,0.0000,0.0000,0.0000,-0.0000,0.0000
1789471069.3286,0.0000,-0.0000,0.0000,0.0000,0.0000,0.0000,0.0000,0.0000,0.0000,0.0000,-0.0000,0.0000
1789471069.3785,0.0000,-0.0000,0.0000,0.0000,0.0000,0.0000,0.0000,0.0000,0.0000,0.0000,-0.0000,0.0000
1789471069.4284,0.0000,-0.0000,0.0000,0.0000,0.0000,0.0000,0.0000,0.0000,0.0000,0.0000,-0.0000,0.0000
1789471069.4782,0.0000,-0.0000,0.0000,0.0000,0.0000,0.0000,0.0000,0.0000,0.0000,0.0000,-0.0000,0.0000
1789471069.5287,0.0000,-0.0000,0.0000,0.0000,0.0000,0.0000,0.0000,0.0000,0.0000,0.0000,-0.0000,0.0000
1789471069.5785,0.0000,-0.0000,0.0000,0.0000,0.0000,0.0000,0.0000,0.0000,0.0000,0.0000,-0.0000,0.0000
1789471069.6284,0.0000,-0.0000,0.0000,0.0000,0.0000,0.0000,0.0000,0.0000,0.0000,0.0000,-0.0000,0.0000
1789471069.6785,0.0000,-0.0000,0.0000,0.0000,0.0000,0.0000,0.0000,0.0000,0.0000,0.0000,-0.0000,0.0000
1789471069.7284,0.0000,-0.0000,0.0000,0.0000,0.0000,0.0000,0.0000,0.0000,0.0000,0.0000,-0.0000,0.0000
1789471069.7784,0.0000,-0.0000,0.0000,0.0000,0.0000,0.0000,0.0000,0.0000,0.0000,0.0000,-0.0000,0.0000
1789471069.8285,0.0000,-0.0000,0.0000,0.0000,0.0000,0.0000,0.0000,0.0000,0.0000,0.0000,-0.0000,0.0000
1789471069.8784,0.0000,-0.0000,0.0000,0.0000,0.0000,0.0000,0.0000,0.0000,0.0000,0.0000,-0.0000,0.0000
1789471069.9286,0.0000,-0.0000,0.0000,0.0000,0.0000,0.0000,0.0000,0.0000,0.0000,0.0000,-0.0000,0.0000
1789471069.9782,0.0000,-0.0000,0.0000,0.0000,0.0000,0.0000,0.0000,0.0000,0.0000,0.0000,-0.0000,0.0000
1789471070.0285,0.0000,-0.0000,0.0000,0.0000,0.0000,0.0000,0.0000,0.0000,0.0000,0.0000,-0.0000,0.0000
1789471070.0785,0.0000,-0.0000,0.0000,0.0000,0.0000,0.0000,0.0000,0.0000,0.0000,0.0000,-0.0000,0.0000
1789471070.1284,0.0000,-0.0000,0.0000,0.0000,0.0000,0.0000,0.0000,0.0000,0.0000,0.0000,-0.0000,0.0000
1789471070.1784,0.0000,-0.0000,0.0000,0.0000,0.0000,0.0000,0.0000,0.0000,0.0000,0.0000,-0.0000,0.0000
1789471070.2285,0.0000,-0.0000,0.0000,0.0000,0.0000,0.0000,0.0000,0.0000,0.0000,0.0000,-0.0000,0.0000
1789471070.2784,0.0000,-0.0000,0.0000,0.0000,0.0000,0.0000,0.0000,0.0000,0.0000,0.0000,-0.0000,0.0000
1789471070.3285,0.0000,-0.0000,0.0000,0.0000,0.0000,0.0000,0.0000,0.0000,0.0000,0.0000,-0.0000,0.0000
1789471070.3785,0.0000,-0.0000,0.0000,0.0000,0.0000,0.0000,0.0000,0.0000,0.0000,0.0000,-0.0000,0.0000
1789471070.4284,0.0000,-0.0000,0.0000,0.0000,0.0000,0.0000,0.0000,0.0000,0.0000,0.0000,-0.0000,0.0000
1789471070.4783,0.0000,-0.0000,0.0000,0.0000,0.0000,0.0000,0.0000,0.0000,0.0000,0.0000,-0.0000,0.0000
1789471070.5285,0.0000,-0.0000,0.0000,0.0000,0.0000,0.0000,0.0000,0.0000,0.0000,0.0000,-0.0000,0.0000
1789471070.5785,0.0000,-0.0000,0.0000,0.0000,0.0000,0.0000,0.0000,0.0000,0.0000,0.0000,-0.0000,0.0000
1789471070.6286,0.0000,-0.0000,0.0000,0.0000,0.0000,0.0000,0.0000,0.0000,0.0000,0.0000,-0.0000,0.0000
1789471070.6784,0.0000,-0.0000,0.0000,0.0000,0.0000,0.0000,0.0000,0.0000,0.0000,0.0000,-0.0000,0.0000
1789471070.7286,0.0000,-0.0000,0.0000,0.0000,0.0000,0.0000,0.0000,0.0000,0.0000,0.0000,-0.0000,0.0000
1789471070.7785,0.0000,-0.0000,0.0000,0.0000,0.0000,0.0000,0.0000,0.0000,0.0000,0.0000,-0.0000,0.0000
1789471070.8285,0.0000,-0.0000,0.0000,0.0000,0.0000,0.0000,0.0000,0.0000,0.0000,0.0000,-0.0000,0.0000
1789471070.8785,0.0000,-0.0000,0.0000,0.0000,0.0000,0.0000,0.0000,0.0000,0.0000,0.0000,-0.0000,0.0000
1789471070.9286,0.0000,-0.0000,0.0000,0.0000,0.0000,0.0000,0.0000,0.0000,0.0000,0.0000,-0.0000,0.0000
1789471070.9784,0.0000,-0.0000,0.0000,0.0000,0.0000,0.0000,0.0000,0.0000,0.0000,0.0000,-0.0000,0.0000
1789471071.0287,0.0000,-0.0000,0.0000,0.0000,0.0000,0.0000,0.0000,0.0000,0.0000,0.0000,-0.0000,0.0000
1789471071.0785,0.0000,-0.0000,0.0000,0.0000,0.0000,0.0000,0.0000,0.0000,0.0000,0.0000,-0.0000,0.0000
1789471071.1286,0.0000,-0.0000,0.0000,0.0000,0.0000,0.0000,0.0000,0.0000,0.0000,0.0000,-0.0000,0.0000
1789471071.1785,0.0000,-0.0000,0.0000,0.0000,0.0000,0.0000,0.0000,0.0000,0.0000,0.0000,-0.0000,0.0000
1789471071.2286,0.0000,-0.0000,0.0000,0.0000,0.0000,0.0000,0.0000,0.0000,0.0000,0.0000,-0.0000,0.0000
1789471071.2785,0.0000,-0.0000,0.0000,0.0000,0.0000,0.0000,0.0000,0.0000,0.0000,0.0000,-0.0000,0.0000
1789471071.3286,0.0000,-0.0000,0.0000,0.0000,0.0000,0.0000,0.0000,0.0000,0.0000,0.0000,-0.0000,0.0000
1789471071.3785,0.0000,-0.0000,0.0000,0.0000,0.0000,0.0000,0.0000,0.0000,0.0000,0.0000,-0.0000,0.0000
1789471071.4286,0.0000,-0.0000,0.0000,0.0000,0.0000,0.0000,0.0000,0.0000,0.0000,0.0000,-0.0000,0.0000
1789471071.4783,0.0000,-0.0000,0.0000,0.0000,0.0000,0.0000,0.0000,0.0000,0.0000,0.0000,-0.0000,0.0000
1789471071.5285,0.0000,-0.0000,0.0000,0.0000,0.0000,0.0000,0.0000,0.0000,0.0000,0.0000,-0.0000,0.0000
1789471071.5786,0.0000,-0.0000,0.0000,0.0000,0.0000,0.0000,0.0000,0.0000,0.0000,0.0000,-0.0000,0.0000
1789471071.6286,0.0000,-0.0000,0.0000,0.0000,0.0000,0.0000,0.0000,0.0000,0.0000,0.0000,-0.0000,0.0000
1789471071.6785,0.0000,-0.0000,0.0000,0.0000,0.0000,0.0000,0.0000,0.0000,0.0000,0.0000,-0.0000,0.0000
1789471071.7287,0.0000,-0.0000,0.0000,0.0000,0.0000,0.0000,0.0000,0.0000,0.0000,0.0000,-0.0000,0.0000
1789471071.7785,0.0000,-0.0000,0.0000,0.0000,0.0000,0.0000,0.0000,0.0000,0.0000,0.0000,-0.0000,0.0000
1789471071.8285,0.0000,-0.0000,0.0000,0.0000,0.0000,0.0000,0.0000,0.0000,0.0000,0.0000,-0.0000,0.0000
1789471071.8785,0.0000,-0.0000,0.0000,0.0000,0.0000,0.0000,0.0000,0.0000,0.0000,0.0000,-0.0000,0.0000
1789471071.9286,0.0000,-0.0000,0.0000,0.0000,0.0000,0.0000,0.0000,0.0000,0.0000,0.0000,-0.0000,0.0000
1789471071.9784,0.0000,-0.0000,0.0000,0.0000,0.0000,0.0000,0.0000,0.0000,0.0000,0.0000,-0.0000,0.0000
1789471072.0285,0.0000,-0.0000,0.0000,0.0000,0.0000,0.0000,0.0000,0.0000,0.0000,0.0000,-0.0000,0.0000
1789471072.0785,0.0000,-0.0000,0.0000,0.0000,0.0000,0.0000,0.0000,0.0000,0.0000,0.0000,-0.0000,0.0000
1789471072.1286,0.0000,-0.0000,0.0000,0.0000,0.0000,0.0000,0.0000,0.0000,0.0000,0.0000,-0.0000,0.0000
1789471072.1785,0.0000,-0.0000,0.0000,0.0000,0.0000,0.0000,0.0000,0.0000,0.0000,0.0000,-0.0000,0.0000
1789471072.2286,0.0000,-0.0000,0.0000,0.0000,0.0000,0.0000,0.0000,0.0000,0.0000,0.0000,-0.0000,0.0000
1789471072.2785,0.0000,-0.0000,0.0000,0.0000,0.0000,0.0000,0.0000,0.0000,0.0000,0.0000,-0.0000,0.0000
1789471072.3285,0.0000,-0.0000,0.0000,0.0000,0.0000,0.0000,0.0000,0.0000,0.0000,0.0000,-0.0000,0.0000
1789471072.3786,0.0000,-0.0000,0.0000,0.0000,0.0000,0.0000,0.0000,0.0000,0.0000,0.0000,-0.0000,0.0000
1789471072.4288,0.0000,-0.0000,0.0000,0.0000,0.0000,0.0000,0.0000,0.0000,0.0000,0.0000,-0.0000,0.0000
1789471072.4783,0.0000,-0.0000,0.0000,0.0000,0.0000,0.0000,0.0000,0.0000,0.0000,0.0000,-0.0000,0.0000
1789471072.5284,0.0000,-0.0000,0.0000,0.0000,0.0000,0.0000,0.0000,0.0000,0.0000,0.0000,-0.0000,0.0000
1789471072.5786,0.0000,-0.0000,0.0000,0.0000,0.0000,0.0000,0.0000,0.0000,0.0000,0.0000,-0.0000,0.0000
1789471072.6286,0.0000,-0.0000,0.0000,0.0000,0.0000,0.0000,0.0000,0.0000,0.0000,0.0000,-0.0000,0.0000
1789471072.6785,0.0000,-0.0000,0.0000,0.0000,0.0000,0.0000,0.0000,0.0000,0.0000,0.0000,-0.0000,0.0000
1789471072.7282,0.0000,-0.0000,0.0000,0.0000,0.0000,0.0000,0.0000,0.0000,0.0000,0.0000,-0.0000,0.0000
1789471072.7786,0.0000,-0.0000,0.0000,0.0000,0.0000,0.0000,0.0000,0.0000,0.0000,0.0000,-0.0000,0.0000
1789471072.8286,0.0000,-0.0000,0.0000,0.0000,0.0000,0.0000,0.0000,0.0000,0.0000,0.0000,-0.0000,0.0000
1789471072.8785,0.0000,-0.0000,0.0000,0.0000,0.0000,0.0000,0.0000,0.0000,0.0000,0.0000,-0.0000,0.0000
1789471072.9286,0.0000,-0.0000,0.0000,0.0000,0.0000,0.0000,0.0000,0.0000,0.0000,0.0000,-0.0000,0.0000
1789471072.9784,0.0000,-0.0000,0.0000,0.0000,0.0000,0.0000,0.0000,0.0000,0.0000,0.0000,-0.0000,0.0000
1789471073.0285,0.0000,-0.0000,0.0000,0.0000,0.0000,0.0000,0.0000,0.0000,0.0000,0.0000,-0.0000,0.0000
1789471073.0785,0.0000,-0.0000,0.0000,0.0000,0.0000,0.0000,0.0000,0.0000,0.0000,0.0000,-0.0000,0.0000
1789471073.1286,0.0000,-0.0000,0.0000,0.0000,0.0000,0.0000,0.0000,0.0000,0.0000,0.0000,-0.0000,0.0000
1789471073.1785,0.0000,-0.0000,0.0000,0.0000,0.0000,0.0000,0.0000,0.0000,0.0000,0.0000,-0.0000,0.0000
1789471073.2286,0.0000,-0.0000,0.0000,0.0000,0.0000,0.0000,0.0000,0.0000,0.0000,0.0000,-0.0000,0.0000
1789471073.2785,0.0000,-0.0000,0.0000,0.0000,0.0000,0.0000,0.0000,0.0000,0.0000,0.0000,-0.0000,0.0000
1789471073.3285,0.0000,-0.0000,0.0000,0.0000,0.0000,0.0000,0.0000,0.0000,0.0000,0.0000,-0.0000,0.0000
1789471073.3786,0.0000,-0.0000,0.0000,0.0000,0.0000,0.0000,0.0000,0.0000,0.0000,0.0000,-0.0000,0.0000
1789471073.4286,0.0000,-0.0000,0.0000,0.0000,0.0000,0.0000,0.0000,0.0000,0.0000,0.0000,-0.0000,0.0000
1789471073.4785,0.0000,-0.0000,0.0000,0.0000,0.0000,0.0000,0.0000,0.0000,0.0000,0.0000,-0.0000,0.0000
1789471073.5286,0.0000,-0.0000,0.0000,0.0000,0.0000,0.0000,0.0000,0.0000,0.0000,0.0000,-0.0000,0.0000
1789471073.5786,0.0000,-0.0000,0.0000,0.0000,0.0000,0.0000,0.0000,0.0000,0.0000,0.0000,-0.0000,0.0000
1789471073.6285,0.0000,-0.0000,0.0000,0.0000,0.0000,0.0000,0.0000,0.0000,0.0000,0.0000,-0.0000,0.0000
1789471073.6787,0.0000,-0.0000,0.0000,0.0000,0.0000,0.0000,0.0000,0.0000,0.0000,0.0000,-0.0000,0.0000
1789471073.7287,0.0000,-0.0000,0.0000,0.0000,0.0000,0.0000,0.0000,0.0000,0.0000,0.0000,-0.0000,0.0000
1789471073.7786,0.0000,-0.0000,0.0000,0.0000,0.0000,0.0000,0.0000,0.0000,0.0000,0.0000,-0.0000,0.0000
1789471073.8286,0.0000,-0.0000,0.0000,0.0000,0.0000,0.0000,0.0000,0.0000,0.0000,0.0000,-0.0000,0.0000
1789471073.8786,0.0000,-0.0000,0.0000,0.0000,0.0000,0.0000,0.0000,0.0000,0.0000,0.0000,-0.0000,0.0000
1789471073.9286,0.0000,-0.0000,0.0000,0.0000,0.0000,0.0000,0.0000,0.0000,0.0000,0.0000,-0.0000,0.0000
1789471073.9785,0.0000,-0.0000,0.0000,0.0000,0.0000,0.0000,0.0000,0.0000,0.0000,0.0000,-0.0000,0.0000
1789471074.0285,0.0000,-0.0000,0.0000,0.0000,0.0000,0.0000,0.0000,0.0000,0.0000,0.0000,-0.0000,0.0000
1789471074.0787,0.0000,-0.0000,0.0000,0.0000,0.0000,0.0000,0.0000,0.0000,0.0000,0.0000,-0.0000,0.0000
1789471074.1286,0.0000,-0.0000,0.0000,0.0000,0.0000,0.0000,0.0000,0.0000,0.0000,0.0000,-0.0000,0.0000
1789471074.1787,0.0000,-0.0000,0.0000,0.0000,0.0000,0.0000,0.0000,0.0000,0.0000,0.0000,-0.0000,0.0000
1789471074.2287,0.0000,-0.0000,0.0000,0.0000,0.0000,0.0000,0.0000,0.0000,0.0000,0.0000,-0.0000,0.0000
1789471074.2786,0.0000,-0.0000,0.0000,0.0000,0.0000,0.0000,0.0000,0.0000,0.0000,0.0000,-0.0000,0.0000
1789471074.3286,0.0000,-0.0000,0.0000,0.0000,0.0000,0.0000,0.0000,0.0000,0.0000,0.0000,-0.0000,0.0000
1789471074.3787,0.0000,-0.0000,0.0000,0.0000,0.0000,0.0000,0.0000,0.0000,0.0000,0.0000,-0.0000,0.0000
1789471074.4285,0.0000,-0.0000,0.0000,0.0000,0.0000,0.0000,0.0000,0.0000,0.0000,0.0000,-0.0000,0.0000
1789471074.4788,0.0000,-0.0000,0.0000,0.0000,0.0000,0.0000,0.0000,0.0000,0.0000,0.0000,-0.0000,0.0000
1789471074.5287,0.0000,-0.0000,0.0000,0.0000,0.0000,0.0000,0.0000,0.0000,0.0000,0.0000,-0.0000,0.0000
1789471074.5786,0.0000,-0.0000,0.0000,0.0000,0.0000,0.0000,0.0000,0.0000,0.0000,0.0000,-0.0000,0.0000
1789471074.6285,0.0000,-0.0000,0.0000,0.0000,0.0000,0.0000,0.0000,0.0000,0.0000,0.0000,-0.0000,0.0000
1789471074.6786,0.0000,-0.0000,0.0000,0.0000,0.0000,0.0000,0.0000,0.0000,0.0000,0.0000,-0.0000,0.0000
1789471074.7286,0.0000,-0.0000,0.0000,0.0000,0.0000,0.0000,0.0000,0.0000,0.0000,0.0000,-0.0000,0.0000
1789471074.7787,0.0000,-0.0000,0.0000,0.0000,0.0000,0.0000,0.0000,0.0000,0.0000,0.0000,-0.0000,0.0000
1789471074.8287,0.0000,-0.0000,0.0000,0.0000,0.0000,0.0000,0.0000,0.0000,0.0000,0.0000,-0.0000,0.0000
1789471074.8785,0.0000,-0.0000,0.0000,0.0000,0.0000,0.0000,0.0000,0.0000,0.0000,0.0000,-0.0000,0.0000
1789471074.9286,0.0000,-0.0000,0.0000,0.0000,0.0000,0.0000,0.0000,0.0000,0.0000,0.0000,-0.0000,0.0000
1789471074.9786,0.0000,-0.0000,0.0000,0.0000,0.0000,0.0000,0.0000,0.0000,0.0000,0.0000,-0.0000,0.0000
1789471075.0285,0.0000,-0.0000,0.0000,0.0000,0.0000,0.0000,0.0000,0.0000,0.0000,0.0000,-0.0000,0.0000
1789471075.0786,0.0000,-0.0000,0.0000,0.0000,0.0000,0.0000,0.0000,0.0000,0.0000,0.0000,-0.0000,0.0000
1789471075.1287,0.0000,-0.0000,0.0000,0.0000,0.0000,0.0000,0.0000,0.0000,0.0000,0.0000,-0.0000,0.0000
1789471075.1786,0.0000,-0.0000,0.0000,0.0000,0.0000,0.0000,0.0000,0.0000,0.0000,0.0000,-0.0000,0.0000
1789471075.2286,0.0000,-0.0000,0.0000,0.0000,0.0000,0.0000,0.0000,0.0000,0.0000,0.0000,-0.0000,0.0000
1789471075.2786,0.0000,-0.0000,0.0000,0.0000,0.0000,0.0000,0.0000,0.0000,0.0000,0.0000,-0.0000,0.0000
1789471075.3286,0.0000,-0.0000,0.0000,0.0000,0.0000,0.0000,0.0000,0.0000,0.0000,0.0000,-0.0000,0.0000
1789471075.3786,0.0000,-0.0000,0.0000,0.0000,0.0000,0.0000,0.0000,0.0000,0.0000,0.0000,-0.0000,0.0000
1789471075.4286,0.0000,-0.0000,0.0000,0.0000,0.0000,0.0000,0.0000,0.0000,0.0000,0.0000,-0.0000,0.0000
1789471075.4785,0.0000,-0.0000,0.0000,0.0000,0.0000,0.0000,0.0000,0.0000,0.0000,0.0000,-0.0000,0.0000
1789471075.5286,0.0000,-0.0000,0.0000,0.0000,0.0000,0.0000,0.0000,0.0000,0.0000,0.0000,-0.0000,0.0000
1789471075.5786,0.0000,-0.0000,0.0000,0.0000,0.0000,0.0000,0.0000,0.0000,0.0000,0.0000,-0.0000,0.0000
1789471075.6287,0.0000,-0.0000,0.0000,0.0000,0.0000,0.0000,0.0000,0.0000,0.0000,0.0000,-0.0000,0.0000
1789471075.6786,0.0000,-0.0000,0.0000,0.0000,0.0000,0.0000,0.0000,0.0000,0.0000,0.0000,-0.0000,0.0000
1789471075.7286,0.0000,-0.0000,0.0000,0.0000,0.0000,0.0000,0.0000,0.0000,0.0000,0.0000,-0.0000,0.0000
1789471075.7785,0.0000,-0.0000,0.0000,0.0000,0.0000,0.0000,0.0000,0.0000,0.0000,0.0000,-0.0000,0.0000
1789471075.8286,0.0000,-0.0000,0.0000,0.0000,0.0000,0.0000,0.0000,0.0000,0.0000,0.0000,-0.0000,0.0000
1789471075.8786,0.0000,-0.0000,0.0000,0.0000,0.0000,0.0000,0.0000,0.0000,0.0000,0.0000,-0.0000,0.0000
1789471075.9286,0.0000,-0.0000,0.0000,0.0000,0.0000,0.0000,0.0000,0.0000,0.0000,0.0000,-0.0000,0.0000
1789471075.9786,0.0000,-0.0000,0.0000,0.0000,0.0000,0.0000,0.0000,0.0000,0.0000,0.0000,-0.0000,0.0000
1789471076.0287,0.0000,-0.0000,0.0000,0.0000,0.0000,0.0000,0.0000,0.0000,0.0000,0.0000,-0.0000,0.0000
1789471076.0787,0.0000,-0.0000,0.0000,0.0000,0.0000,0.0000,0.0000,0.0000,0.0000,0.0000,-0.0000,0.0000
1789471076.1287,0.0000,-0.0000,0.0000,0.0000,0.0000,0.0000,0.0000,0.0000,0.0000,0.0000,-0.0000,0.0000
1789471076.1785,0.0000,-0.0000,0.0000,0.0000,0.0000,0.0000,0.0000,0.0000,0.0000,0.0000,-0.0000,0.0000
1789471076.2287,0.0000,-0.0000,0.0000,0.0000,0.0000,0.0000,0.0000,0.0000,0.0000,0.0000,-0.0000,0.0000
1789471076.2787,0.0000,-0.0000,0.0000,0.0000,0.0000,0.0000,0.0000,0.0000,0.0000,0.0000,-0.0000,0.0000
1789471076.3286,0.0000,-0.0000,0.0000,0.0000,0.0000,0.0000,0.0000,0.0000,0.0000,0.0000,-0.0000,0.0000
1789471076.3788,0.0000,-0.0000,0.0000,0.0000,0.0000,0.0000,0.0000,0.0000,0.0000,0.0000,-0.0000,0.0000
1789471076.4287,0.0000,-0.0000,0.0000,0.0000,0.0000,0.0000,0.0000,0.0000,0.0000,0.0000,-0.0000,0.0000
1789471076.4784,0.0000,-0.0000,0.0000,0.0000,0.0000,0.0000,0.0000,0.0000,0.0000,0.0000,-0.0000,0.0000
1789471076.5286,0.0000,-0.0000,0.0000,0.0000,0.0000,0.0000,0.0000,0.0000,0.0000,0.0000,-0.0000,0.0000
1789471076.5787,0.0000,-0.0000,0.0000,0.0000,0.0000,0.0000,0.0000,0.0000,0.0000,0.0000,-0.0000,0.0000
1789471076.6286,0.0000,-0.0000,0.0000,0.0000,0.0000,0.0000,0.0000,0.0000,0.0000,0.0000,-0.0000,0.0000
1789471076.6787,0.0000,-0.0000,0.0000,0.0000,0.0000,0.0000,0.0000,0.0000,0.0000,0.0000,-0.0000,0.0000
1789471076.7287,0.0000,-0.0000,0.0000,0.0000,0.0000,0.0000,0.0000,0.0000,0.0000,0.0000,-0.0000,0.0000
1789471076.7786,0.0000,-0.0000,0.0000,0.0000,0.0000,0.0000,0.0000,0.0000,0.0000,0.0000,-0.0000,0.0000
1789471076.8286,0.0000,-0.0000,0.0000,0.0000,0.0000,0.0000,0.0000,0.0000,0.0000,0.0000,-0.0000,0.0000
1789471076.8787,0.0000,-0.0000,0.0000,0.0000,0.0000,0.0000,0.0000,0.0000,0.0000,0.0000,-0.0000,0.0000
1789471076.9286,0.0000,-0.0000,0.0000,0.0000,0.0000,0.0000,0.0000,0.0000,0.0000,0.0000,-0.0000,0.0000
1789471076.9785,0.0000,-0.0000,0.0000,0.0000,0.0000,0.0000,0.0000,0.0000,0.0000,0.0000,-0.0000,0.0000
1789471077.0286,0.0000,-0.0000,0.0000,0.0000,0.0000,0.0000,0.0000,0.0000,0.0000,0.0000,-0.0000,0.0000
1789471077.0787,0.0000,-0.0000,0.0000,0.0000,0.0000,0.0000,0.0000,0.0000,0.0000,0.0000,-0.0000,0.0000
1789471077.1285,0.0000,-0.0000,0.0000,0.0000,0.0000,0.0000,0.0000,0.0000,0.0000,0.0000,-0.0000,0.0000
1789471077.1787,0.0000,-0.0000,0.0000,0.0000,0.0000,0.0000,0.0000,0.0000,0.0000,0.0000,-0.0000,0.0000
1789471077.2286,0.0000,-0.0000,0.0000,0.0000,0.0000,0.0000,0.0000,0.0000,0.0000,0.0000,-0.0000,0.0000
1789471077.2787,0.0000,-0.0000,0.0000,0.0000,0.0000,0.0000,0.0000,0.0000,0.0000,0.0000,-0.0000,0.0000
1789471077.3287,0.0000,-0.0000,0.0000,0.0000,0.0000,0.0000,0.0000,0.0000,0.0000,0.0000,-0.0000,0.0000
1789471077.3787,0.0000,-0.0000,0.0000,0.0000,0.0000,0.0000,0.0000,0.0000,0.0000,0.0000,-0.0000,0.0000
1789471077.4287,0.0000,-0.0000,0.0000,0.0000,0.0000,0.0000,0.0000,0.0000,0.0000,0.0000,-0.0000,0.0000
1789471077.4786,0.0000,-0.0000,0.0000,0.0000,0.0000,0.0000,0.0000,0.0000,0.0000,0.0000,-0.0000,0.0000
1789471077.5287,0.0000,-0.0000,0.0000,0.0000,0.0000,0.0000,0.0000,0.0000,0.0000,0.0000,-0.0000,0.0000
1789471077.5787,0.0000,-0.0000,0.0000,0.0000,0.0000,0.0000,0.0000,0.0000,0.0000,0.0000,-0.0000,0.0000
1789471077.6286,0.0000,-0.0000,0.0000,0.0000,0.0000,0.0000,0.0000,0.0000,0.0000,0.0000,-0.0000,0.0000
1789471077.6788,0.0000,-0.0000,0.0000,0.0000,0.0000,0.0000,0.0000,0.0000,0.0000,0.0000,-0.0000,0.0000
1789471077.7287,0.0000,-0.0000,0.0000,0.0000,0.0000,0.0000,0.0000,0.0000,0.0000,0.0000,-0.0000,0.0000
1789471077.7787,0.0000,-0.0000,0.0000,0.0000,0.0000,0.0000,0.0000,0.0000,0.0000,0.0000,-0.0000,0.0000
1789471077.8286,0.0000,-0.0000,0.0000,0.0000,0.0000,0.0000,0.0000,0.0000,0.0000,0.0000,-0.0000,0.0000
1789471077.8786,0.0000,-0.0000,0.0000,0.0000,0.0000,0.0000,0.0000,0.0000,0.0000,0.0000,-0.0000,0.0000
1789471077.9287,0.0000,-0.0000,0.0000,0.0000,0.0000,0.0000,0.0000,0.0000,0.0000,0.0000,-0.0000,0.0000
1789471077.9785,0.0000,-0.0000,0.0000,0.0000,0.0000,0.0000,0.0000,0.0000,0.0000,0.0000,-0.0000,0.0000
1789471078.0287,0.0000,-0.0000,0.0000,0.0000,0.0000,0.0000,0.0000,0.0000,0.0000,0.0000,-0.0000,0.0000
1789471078.0788,0.0000,-0.0000,0.0000,0.0000,0.0000,0.0000,0.0000,0.0000,0.0000,0.0000,-0.0000,0.0000
1789471078.1286,0.0000,-0.0000,0.0000,0.0000,0.0000,0.0000,0.0000,0.0000,0.0000,0.0000,-0.0000,0.0000
1789471078.1788,0.0000,-0.0000,0.0000,0.0000,0.0000,0.0000,0.0000,0.0000,0.0000,0.0000,-0.0000,0.0000
1789471078.2289,0.0000,-0.0000,0.0000,0.0000,0.0000,0.0000,0.0000,0.0000,0.0000,0.0000,-0.0000,0.0000
1789471078.2787,0.0000,-0.0000,0.0000,0.0000,0.0000,0.0000,0.0000,0.0000,0.0000,0.0000,-0.0000,0.0000
1789471078.3286,0.0000,-0.0000,0.0000,0.0000,0.0000,0.0000,0.0000,0.0000,0.0000,0.0000,-0.0000,0.0000
1789471078.3787,0.0000,-0.0000,0.0000,0.0000,0.0000,0.0000,0.0000,0.0000,0.0000,0.0000,-0.0000,0.0000
1789471078.4287,0.0000,-0.0000,0.0000,0.0000,0.0000,0.0000,0.0000,0.0000,0.0000,0.0000,-0.0000,0.0000
1789471078.4785,0.0000,-0.0000,0.0000,0.0000,0.0000,0.0000,0.0000,0.0000,0.0000,0.0000,-0.0000,0.0000
1789471078.5287,0.0000,-0.0000,0.0000,0.0000,0.0000,0.0000,0.0000,0.0000,0.0000,0.0000,-0.0000,0.0000
1789471078.5788,0.0000,-0.0000,0.0000,0.0000,0.0000,0.0000,0.0000,0.0000,0.0000,0.0000,-0.0000,0.0000
1789471078.6287,0.0000,-0.0000,0.0000,0.0000,0.0000,0.0000,0.0000,0.0000,0.0000,0.0000,-0.0000,0.0000
1789471078.6786,0.0000,-0.0000,0.0000,0.0000,0.0000,0.0000,0.0000,0.0000,0.0000,0.0000,-0.0000,0.0000
1789471078.7287,0.0000,-0.0000,0.0000,0.0000,0.0000,0.0000,0.0000,0.0000,0.0000,0.0000,-0.0000,0.0000
1789471078.7786,0.0000,-0.0000,0.0000,0.0000,0.0000,0.0000,0.0000,0.0000,0.0000,0.0000,-0.0000,0.0000
1789471078.8287,0.0000,-0.0000,0.0000,0.0000,0.0000,0.0000,0.0000,0.0000,0.0000,0.0000,-0.0000,0.0000
1789471078.8788,0.0000,-0.0000,0.0000,0.0000,0.0000,0.0000,0.0000,0.0000,0.0000,0.0000,-0.0000,0.0000
1789471078.9288,0.0000,-0.0000,0.0000,0.0000,0.0000,0.0000,0.0000,0.0000,0.0000,0.0000,-0.0000,0.0000
1789471078.9785,0.0000,-0.0000,0.0000,0.0000,0.0000,0.0000,0.0000,0.0000,0.0000,0.0000,-0.0000,0.0000
1789471079.0287,0.0000,-0.0000,0.0000,0.0000,0.0000,0.0000,0.0000,0.0000,0.0000,0.0000,-0.0000,0.0000
1789471079.0787,0.0000,-0.0000,0.0000,0.0000,0.0000,0.0000,0.0000,0.0000,0.0000,0.0000,-0.0000,0.0000
1789471079.1288,0.0000,-0.0000,0.0000,0.0000,0.0000,0.0000,0.0000,0.0000,0.0000,0.0000,-0.0000,0.0000
1789471079.1786,0.0000,-0.0000,0.0000,0.0000,0.0000,0.0000,0.0000,0.0000,0.0000,0.0000,-0.0000,0.0000
1789471079.2287,0.0000,-0.0000,0.0000,0.0000,0.0000,0.0000,0.0000,0.0000,0.0000,0.0000,-0.0000,0.0000
1789471079.2787,0.0000,-0.0000,0.0000,0.0000,0.0000,0.0000,0.0000,0.0000,0.0000,0.0000,-0.0000,0.0000
1789471079.3287,0.0000,-0.0000,0.0000,0.0000,0.0000,0.0000,0.0000,0.0000,0.0000,0.0000,-0.0000,0.0000
1789471079.3787,0.0000,-0.0000,0.0000,0.0000,0.0000,0.0000,0.0000,0.0000,0.0000,0.0000,-0.0000,0.0000
1789471079.4287,0.0000,-0.0000,0.0000,0.0000,0.0000,0.0000,0.0000,0.0000,0.0000,0.0000,-0.0000,0.0000
1789471079.4787,0.0000,-0.0000,0.0000,0.0000,0.0000,0.0000,0.0000,0.0000,0.0000,0.0000,-0.0000,0.0000
1789471079.5287,0.0000,-0.0000,0.0000,0.0000,0.0000,0.0000,0.0000,0.0000,0.0000,0.0000,-0.0000,0.0000
1789471079.5787,0.0000,-0.0000,0.0000,0.0000,0.0000,0.0000,0.0000,0.0000,0.0000,0.0000,-0.0000,0.0000
1789471079.6288,0.0000,-0.0000,0.0000,0.0000,0.0000,0.0000,0.0000,0.0000,0.0000,0.0000,-0.0000,0.0000
1789471079.6787,0.0000,-0.0000,0.0000,0.0000,0.0000,0.0000,0.0000,0.0000,0.0000,0.0000,-0.0000,0.0000
1789471079.7287,0.0000,-0.0000,0.0000,0.0000,0.0000,0.0000,0.0000,0.0000,0.0000,0.0000,-0.0000,0.0000
1789471079.7787,0.0000,-0.0000,0.0000,0.0000,0.0000,0.0000,0.0000,0.0000,0.0000,0.0000,-0.0000,0.0000
1789471079.8287,0.0000,-0.0000,0.0000,0.0000,0.0000,0.0000,0.0000,0.0000,0.0000,0.0000,-0.0000,0.0000
1789471079.8787,0.0000,-0.0000,0.0000,0.0000,0.0000,0.0000,0.0000,0.0000,0.0000,0.0000,-0.0000,0.0000
1789471079.9288,0.0000,-0.0000,0.0000,0.0000,0.0000,0.0000,0.0000,0.0000,0.0000,0.0000,-0.0000,0.0000
1789471079.9786,0.0000,-0.0000,0.0000,0.0000,0.0000,0.0000,0.0000,0.0000,0.0000,0.0000,-0.0000,0.0000
1789471080.0287,0.0000,-0.0000,0.0000,0.0000,0.0000,0.0000,0.0000,0.0000,0.0000,0.0000,-0.0000,0.0000
1789471080.0787,0.0000,-0.0000,0.0000,0.0000,0.0000,0.0000,0.0000,0.0000,0.0000,0.0000,-0.0000,0.0000
1789471080.1288,0.0000,-0.0000,0.0000,0.0000,0.0000,0.0000,0.0000,0.0000,0.0000,0.0000,-0.0000,0.0000
1789471080.1786,0.0000,-0.0000,0.0000,0.0000,0.0000,0.0000,0.0000,0.0000,0.0000,0.0000,-0.0000,0.0000
1789471080.2287,0.0000,-0.0000,0.0000,0.0000,0.0000,0.0000,0.0000,0.0000,0.0000,0.0000,-0.0000,0.0000
1789471080.2787,0.0000,-0.0000,0.0000,0.0000,0.0000,0.0000,0.0000,0.0000,0.0000,0.0000,-0.0000,0.0000
1789471080.3287,0.0000,-0.0000,0.0000,0.0000,0.0000,0.0000,0.0000,0.0000,0.0000,0.0000,-0.0000,0.0000
1789471080.3788,0.0000,-0.0000,0.0000,0.0000,0.0000,0.0000,0.0000,0.0000,0.0000,0.0000,-0.0000,0.0000
1789471080.4288,0.0000,-0.0000,0.0000,0.0000,0.0000,0.0000,0.0000,0.0000,0.0000,0.0000,-0.0000,0.0000
1789471080.4786,0.0000,-0.0000,0.0000,0.0000,0.0000,0.0000,0.0000,0.0000,0.0000,0.0000,-0.0000,0.0000
1789471080.5286,0.0000,-0.0000,0.0000,0.0000,0.0000,0.0000,0.0000,0.0000,0.0000,0.0000,-0.0000,0.0000
1789471080.5787,0.0000,-0.0000,0.0000,0.0000,0.0000,0.0000,0.0000,0.0000,0.0000,0.0000,-0.0000,0.0000
1789471080.6288,0.0000,-0.0000,0.0000,0.0000,0.0000,0.0000,0.0000,0.0000,0.0000,0.0000,-0.0000,0.0000
1789471080.6787,0.0000,-0.0000,0.0000,0.0000,0.0000,0.0000,0.0000,0.0000,0.0000,0.0000,-0.0000,0.0000
1789471080.7287,0.0000,-0.0000,0.0000,0.0000,0.0000,0.0000,0.0000,0.0000,0.0000,0.0000,-0.0000,0.0000
1789471080.7795,0.0000,-0.0000,0.0000,0.0000,0.0000,0.0000,0.0000,0.0000,0.0000,0.0000,-0.0000,0.0000
1789471080.8288,0.0000,-0.0000,0.0000,0.0000,0.0000,0.0000,0.0000,0.0000,0.0000,0.0000,-0.0000,0.0000
1789471080.8786,0.0000,-0.0000,0.0000,0.0000,0.0000,0.0000,0.0000,0.0000,0.0000,0.0000,-0.0000,0.0000
1789471080.9287,0.0000,-0.0000,0.0000,0.0000,0.0000,0.0000,0.0000,0.0000,0.0000,0.0000,-0.0000,0.0000
1789471080.9788,0.0000,-0.0000,0.0000,0.0000,0.0000,0.0000,0.0000,0.0000,0.0000,0.0000,-0.0000,0.0000
1789471081.0288,0.0000,-0.0000,0.0000,0.0000,0.0000,0.0000,0.0000,0.0000,0.0000,0.0000,-0.0000,0.0000
1789471081.0787,0.0000,-0.0000,0.0000,0.0000,0.0000,0.0000,0.0000,0.0000,0.0000,0.0000,-0.0000,0.0000
1789471081.1293,0.0000,-0.0000,0.0000,0.0000,0.0000,0.0000,0.0000,0.0000,0.0000,0.0000,-0.0000,0.0000
1789471081.1787,0.0000,-0.0000,0.0000,0.0000,0.0000,0.0000,0.0000,0.0000,0.0000,0.0000,-0.0000,0.0000
1789471081.2286,0.0000,-0.0000,0.0000,0.0000,0.0000,0.0000,0.0000,0.0000,0.0000,0.0000,-0.0000,0.0000
1789471081.2787,0.0000,-0.0000,0.0000,0.0000,0.0000,0.0000,0.0000,0.0000,0.0000,0.0000,-0.0000,0.0000
1789471081.3289,0.0000,-0.0000,0.0000,0.0000,0.0000,0.0000,0.0000,0.0000,0.0000,0.0000,-0.0000,0.0000
1789471081.3787,0.0000,-0.0000,0.0000,0.0000,0.0000,0.0000,0.0000,0.0000,0.0000,0.0000,-0.0000,0.0000
1789471081.4287,0.0000,-0.0000,0.0000,0.0000,0.0000,0.0000,0.0000,0.0000,0.0000,0.0000,-0.0000,0.0000
1789471081.4793,0.0000,-0.0000,0.0000,0.0000,0.0000,0.0000,0.0000,0.0000,0.0000,0.0000,-0.0000,0.0000
1789471081.5288,0.0000,-0.0000,0.0000,0.0000,0.0000,0.0000,0.0000,0.0000,0.0000,0.0000,-0.0000,0.0000
1789471081.5786,0.0000,-0.0000,0.0000,0.0000,0.0000,0.0000,0.0000,0.0000,0.0000,0.0000,-0.0000,0.0000
1789471081.6287,0.0000,-0.0000,0.0000,0.0000,0.0000,0.0000,0.0000,0.0000,0.0000,0.0000,-0.0000,0.0000
1789471081.6788,0.0000,-0.0000,0.0000,0.0000,0.0000,0.0000,0.0000,0.0000,0.0000,0.0000,-0.0000,0.0000
1789471081.7288,0.0000,-0.0000,0.0000,0.0000,0.0000,0.0000,0.0000,0.0000,0.0000,0.0000,-0.0000,0.0000
1789471081.7788,0.0000,-0.0000,0.0000,0.0000,0.0000,0.0000,0.0000,0.0000,0.0000,0.0000,-0.0000,0.0000
1789471081.8288,0.0000,-0.0000,0.0000,0.0000,0.0000,0.0000,0.0000,0.0000,0.0000,0.0000,-0.0000,0.0000
1789471081.8788,0.0000,-0.0000,0.0000,0.0000,0.0000,0.0000,0.0000,0.0000,0.0000,0.0000,-0.0000,0.0000
1789471081.9286,0.0000,-0.0000,0.0000,0.0000,0.0000,0.0000,0.0000,0.0000,0.0000,0.0000,-0.0000,0.0000
1789471081.9787,0.0000,-0.0000,0.0000,0.0000,0.0000,0.0000,0.0000,0.0000,0.0000,0.0000,-0.0000,0.0000
1789471082.0288,0.0000,-0.0000,0.0000,0.0000,0.0000,0.0000,0.0000,0.0000,0.0000,0.0000,-0.0000,0.0000
1789471082.0789,0.0000,-0.0000,0.0000,0.0000,0.0000,0.0000,0.0000,0.0000,0.0000,0.0000,-0.0000,0.0000
1789471082.1288,0.0000,-0.0000,0.0000,0.0000,0.0000,0.0000,0.0000,0.0000,0.0000,0.0000,-0.0000,0.0000
1789471082.1790,0.0000,-0.0000,0.0000,0.0000,0.0000,0.0000,0.0000,0.0000,0.0000,0.0000,-0.0000,0.0000
1789471082.2289,0.0000,-0.0000,0.0000,0.0000,0.0000,0.0000,0.0000,0.0000,0.0000,0.0000,-0.0000,0.0000
1789471082.2787,0.0000,-0.0000,0.0000,0.0000,0.0000,0.0000,0.0000,0.0000,0.0000,0.0000,-0.0000,0.0000
1789471082.3284,0.0000,-0.0000,0.0000,0.0000,0.0000,0.0000,0.0000,0.0000,0.0000,0.0000,-0.0000,0.0000
1789471082.3790,0.0000,-0.0000,0.0000,0.0000,0.0000,0.0000,0.0000,0.0000,0.0000,0.0000,-0.0000,0.0000
1789471082.4288,0.0000,-0.0000,0.0000,0.0000,0.0000,0.0000,0.0000,0.0000,0.0000,0.0000,-0.0000,0.0000
1789471082.4787,0.0000,-0.0000,0.0000,0.0000,0.0000,0.0000,0.0000,0.0000,0.0000,0.0000,-0.0000,0.0000
1789471082.5288,0.0000,-0.0000,0.0000,0.0000,0.0000,0.0000,0.0000,0.0000,0.0000,0.0000,-0.0000,0.0000
1789471082.5788,0.0000,-0.0000,0.0000,0.0000,0.0000,0.0000,0.0000,0.0000,0.0000,0.0000,-0.0000,0.0000
1789471082.6286,0.0000,-0.0000,0.0000,0.0000,0.0000,0.0000,0.0000,0.0000,0.0000,0.0000,-0.0000,0.0000
1789471082.6788,0.0000,-0.0000,0.0000,0.0000,0.0000,0.0000,0.0000,0.0000,0.0000,0.0000,-0.0000,0.0000
1789471082.7287,0.0000,-0.0000,0.0000,0.0000,0.0000,0.0000,0.0000,0.0000,0.0000,0.0000,-0.0000,0.0000
1789471082.7787,0.0000,-0.0000,0.0000,0.0000,0.0000,0.0000,0.0000,0.0000,0.0000,0.0000,-0.0000,0.0000
1789471082.8288,0.0000,-0.0000,0.0000,0.0000,0.0000,0.0000,0.0000,0.0000,0.0000,0.0000,-0.0000,0.0000
1789471082.8788,0.0000,-0.0000,0.0000,0.0000,0.0000,0.0000,0.0000,0.0000,0.0000,0.0000,-0.0000,0.0000
1789471082.9288,0.0000,-0.0000,0.0000,0.0000,0.0000,0.0000,0.0000,0.0000,0.0000,0.0000,-0.0000,0.0000
1789471082.9786,0.0000,-0.0000,0.0000,0.0000,0.0000,0.0000,0.0000,0.0000,0.0000,0.0000,-0.0000,0.0000
1789471083.0288,0.0000,-0.0000,0.0000,0.0000,0.0000,0.0000,0.0000,0.0000,0.0000,0.0000,-0.0000,0.0000
1789471083.0788,0.0000,-0.0000,0.0000,0.0000,0.0000,0.0000,0.0000,0.0000,0.0000,0.0000,-0.0000,0.0000
1789471083.1288,0.0000,-0.0000,0.0000,0.0000,0.0000,0.0000,0.0000,0.0000,0.0000,0.0000,-0.0000,0.0000
1789471083.1788,0.0000,-0.0000,0.0000,0.0000,0.0000,0.0000,0.0000,0.0000,0.0000,0.0000,-0.0000,0.0000
1789471083.2289,0.0000,-0.0000,0.0000,0.0000,0.0000,0.0000,0.0000,0.0000,0.0000,0.0000,-0.0000,0.0000
1789471083.2788,0.0000,-0.0000,0.0000,0.0000,0.0000,0.0000,0.0000,0.0000,0.0000,0.0000,-0.0000,0.0000
1789471083.3288,0.0000,-0.0000,0.0000,0.0000,0.0000,0.0000,0.0000,0.0000,0.0000,0.0000,-0.0000,0.0000
1789471083.3788,0.0000,-0.0000,0.0000,0.0000,0.0000,0.0000,0.0000,0.0000,0.0000,0.0000,-0.0000,0.0000
1789471083.4288,0.0000,-0.0000,0.0000,0.0000,0.0000,0.0000,0.0000,0.0000,0.0000,0.0000,-0.0000,0.0000
1789471083.4787,0.0000,-0.0000,0.0000,0.0000,0.0000,0.0000,0.0000,0.0000,0.0000,0.0000,-0.0000,0.0000
1789471083.5288,0.0000,-0.0000,0.0000,0.0000,0.0000,0.0000,0.0000,0.0000,0.0000,0.0000,-0.0000,0.0000
1789471083.5788,0.0000,-0.0000,0.0000,0.0000,0.0000,0.0000,0.0000,0.0000,0.0000,0.0000,-0.0000,0.0000
1789471083.6289,0.0000,-0.0000,0.0000,0.0000,0.0000,0.0000,0.0000,0.0000,0.0000,0.0000,-0.0000,0.0000
1789471083.6787,0.0000,-0.0000,0.0000,0.0000,0.0000,0.0000,0.0000,0.0000,0.0000,0.0000,-0.0000,0.0000
1789471083.7289,0.0000,-0.0000,0.0000,0.0000,0.0000,0.0000,0.0000,0.0000,0.0000,0.0000,-0.0000,0.0000
1789471083.7787,0.0000,-0.0000,0.0000,0.0000,0.0000,0.0000,0.0000,0.0000,0.0000,0.0000,-0.0000,0.0000
1789471083.8288,0.0000,-0.0000,0.0000,0.0000,0.0000,0.0000,0.0000,0.0000,0.0000,0.0000,-0.0000,0.0000
1789471083.8788,0.0000,-0.0000,0.0000,0.0000,0.0000,0.0000,0.0000,0.0000,0.0000,0.0000,-0.0000,0.0000
1789471083.9289,0.0000,-0.0000,0.0000,0.0000,0.0000,0.0000,0.0000,0.0000,0.0000,0.0000,-0.0000,0.0000
1789471083.9786,0.0000,-0.0000,0.0000,0.0000,0.0000,0.0000,0.0000,0.0000,0.0000,0.0000,-0.0000,0.0000
1789471084.0289,0.0000,-0.0000,0.0000,0.0000,0.0000,0.0000,0.0000,0.0000,0.0000,0.0000,-0.0000,0.0000
1789471084.0788,0.0000,-0.0000,0.0000,0.0000,0.0000,0.0000,0.0000,0.0000,0.0000,0.0000,-0.0000,0.0000
1789471084.1287,0.0000,-0.0000,0.0000,0.0000,0.0000,0.0000,0.0000,0.0000,0.0000,0.0000,-0.0000,0.0000
1789471084.1788,0.0000,-0.0000,0.0000,0.0000,0.0000,0.0000,0.0000,0.0000,0.0000,0.0000,-0.0000,0.0000
1789471084.2289,0.0000,-0.0000,0.0000,0.0000,0.0000,0.0000,0.0000,0.0000,0.0000,0.0000,-0.0000,0.0000
1789471084.2788,0.0000,-0.0000,0.0000,0.0000,0.0000,0.0000,0.0000,0.0000,0.0000,0.0000,-0.0000,0.0000
1789471084.3288,0.0000,-0.0000,0.0000,0.0000,0.0000,0.0000,0.0000,0.0000,0.0000,0.0000,-0.0000,0.0000
1789471084.3791,0.0000,-0.0000,0.0000,0.0000,0.0000,0.0000,0.0000,0.0000,0.0000,0.0000,-0.0000,0.0000
1789471084.4289,0.0000,-0.0000,0.0000,0.0000,0.0000,0.0000,0.0000,0.0000,0.0000,0.0000,-0.0000,0.0000
1789471084.4786,0.0000,-0.0000,0.0000,0.0000,0.0000,0.0000,0.0000,0.0000,0.0000,0.0000,-0.0000,0.0000
1789471084.5289,0.0000,-0.0000,0.0000,0.0000,0.0000,0.0000,0.0000,0.0000,0.0000,0.0000,-0.0000,0.0000
1789471084.5788,0.0000,-0.0000,0.0000,0.0000,0.0000,0.0000,0.0000,0.0000,0.0000,0.0000,-0.0000,0.0000
1789471084.6288,0.0000,-0.0000,0.0000,0.0000,0.0000,0.0000,0.0000,0.0000,0.0000,0.0000,-0.0000,0.0000
1789471084.6788,0.0000,-0.0000,0.0000,0.0000,0.0000,0.0000,0.0000,0.0000,0.0000,0.0000,-0.0000,0.0000
1789471084.7290,0.0000,-0.0000,0.0000,0.0000,0.0000,0.0000,0.0000,0.0000,0.0000,0.0000,-0.0000,0.0000
1789471084.7788,0.0000,-0.0000,0.0000,0.0000,0.0000,0.0000,0.0000,0.0000,0.0000,0.0000,-0.0000,0.0000
1789471084.8288,0.0000,-0.0000,0.0000,0.0000,0.0000,0.0000,0.0000,0.0000,0.0000,0.0000,-0.0000,0.0000
1789471084.8788,0.0000,-0.0000,0.0000,0.0000,0.0000,0.0000,0.0000,0.0000,0.0000,0.0000,-0.0000,0.0000
1789471084.9289,0.0000,-0.0000,0.0000,0.0000,0.0000,0.0000,0.0000,0.0000,0.0000,0.0000,-0.0000,0.0000
1789471084.9786,0.0000,-0.0000,0.0000,0.0000,0.0000,0.0000,0.0000,0.0000,0.0000,0.0000,-0.0000,0.0000
1789471085.0289,0.0000,-0.0000,0.0000,0.0000,0.0000,0.0000,0.0000,0.0000,0.0000,0.0000,-0.0000,0.0000
1789471085.0788,0.0000,-0.0000,0.0000,0.0000,0.0000,0.0000,0.0000,0.0000,0.0000,0.0000,-0.0000,0.0000
1789471085.1288,0.0000,-0.0000,0.0000,0.0000,0.0000,0.0000,0.0000,0.0000,0.0000,0.0000,-0.0000,0.0000
1789471085.1788,0.0000,-0.0000,0.0000,0.0000,0.0000,0.0000,0.0000,0.0000,0.0000,0.0000,-0.0000,0.0000
1789471085.2289,0.0000,-0.0000,0.0000,0.0000,0.0000,0.0000,0.0000,0.0000,0.0000,0.0000,-0.0000,0.0000
1789471085.2787,0.0000,-0.0000,0.0000,0.0000,0.0000,0.0000,0.0000,0.0000,0.0000,0.0000,-0.0000,0.0000
1789471085.3290,0.0000,-0.0000,0.0000,0.0000,0.0000,0.0000,0.0000,0.0000,0.0000,0.0000,-0.0000,0.0000
1789471085.3789,0.0000,-0.0000,0.0000,0.0000,0.0000,0.0000,0.0000,0.0000,0.0000,0.0000,-0.0000,0.0000
1789471085.4289,0.0000,-0.0000,0.0000,0.0000,0.0000,0.0000,0.0000,0.0000,0.0000,0.0000,-0.0000,0.0000
1789471085.4789,0.0000,-0.0000,0.0000,0.0000,0.0000,0.0000,0.0000,0.0000,0.0000,0.0000,-0.0000,0.0000
1789471085.5288,0.0000,-0.0000,0.0000,0.0000,0.0000,0.0000,0.0000,0.0000,0.0000,0.0000,-0.0000,0.0000
1789471085.5788,0.0000,-0.0000,0.0000,0.0000,0.0000,0.0000,0.0000,0.0000,0.0000,0.0000,-0.0000,0.0000
1789471085.6287,0.0000,-0.0000,0.0000,0.0000,0.0000,0.0000,0.0000,0.0000,0.0000,0.0000,-0.0000,0.0000
1789471085.6788,0.0000,-0.0000,0.0000,0.0000,0.0000,0.0000,0.0000,0.0000,0.0000,0.0000,-0.0000,0.0000
1789471085.7289,0.0000,-0.0000,0.0000,0.0000,0.0000,0.0000,0.0000,0.0000,0.0000,0.0000,-0.0000,0.0000
1789471085.7788,0.0000,-0.0000,0.0000,0.0000,0.0000,0.0000,0.0000,0.0000,0.0000,0.0000,-0.0000,0.0000
1789471085.8289,0.0000,-0.0000,0.0000,0.0000,0.0000,0.0000,0.0000,0.0000,0.0000,0.0000,-0.0000,0.0000
1789471085.8789,0.0000,-0.0000,0.0000,0.0000,0.0000,0.0000,0.0000,0.0000,0.0000,0.0000,-0.0000,0.0000
1789471085.9288,0.0000,-0.0000,0.0000,0.0000,0.0000,0.0000,0.0000,0.0000,0.0000,0.0000,-0.0000,0.0000
1789471085.9786,0.0000,-0.0000,0.0000,0.0000,0.0000,0.0000,0.0000,0.0000,0.0000,0.0000,-0.0000,0.0000
1789471086.0290,0.0000,-0.0000,0.0000,0.0000,0.0000,0.0000,0.0000,0.0000,0.0000,0.0000,-0.0000,0.0000
1789471086.0789,0.0000,-0.0000,0.0000,0.0000,0.0000,0.0000,0.0000,0.0000,0.0000,0.0000,-0.0000,0.0000
1789471086.1289,0.0000,-0.0000,0.0000,0.0000,0.0000,0.0000,0.0000,0.0000,0.0000,0.0000,-0.0000,0.0000
1789471086.1790,0.0000,-0.0000,0.0000,0.0000,0.0000,0.0000,0.0000,0.0000,0.0000,0.0000,-0.0000,0.0000
1789471086.2290,0.0000,-0.0000,0.0000,0.0000,0.0000,0.0000,0.0000,0.0000,0.0000,0.0000,-0.0000,0.0000
1789471086.2789,0.0000,-0.0000,0.0000,0.0000,0.0000,0.0000,0.0000,0.0000,0.0000,0.0000,-0.0000,0.0000
1789471086.3288,0.0000,-0.0000,0.0000,0.0000,0.0000,0.0000,0.0000,0.0000,0.0000,0.0000,-0.0000,0.0000
1789471086.3789,0.0000,-0.0000,0.0000,0.0000,0.0000,0.0000,0.0000,0.0000,0.0000,0.0000,-0.0000,0.0000
1789471086.4289,0.0000,-0.0000,0.0000,0.0000,0.0000,0.0000,0.0000,0.0000,0.0000,0.0000,-0.0000,0.0000
1789471086.4787,0.0000,-0.0000,0.0000,0.0000,0.0000,0.0000,0.0000,0.0000,0.0000,0.0000,-0.0000,0.0000
1789471086.5290,0.0000,-0.0000,0.0000,0.0000,0.0000,0.0000,0.0000,0.0000,0.0000,0.0000,-0.0000,0.0000
1789471086.5793,0.0000,-0.0000,0.0000,0.0000,0.0000,0.0000,0.0000,0.0000,0.0000,0.0000,-0.0000,0.0000
1789471086.6289,0.0000,-0.0000,0.0000,0.0000,0.0000,0.0000,0.0000,0.0000,0.0000,0.0000,-0.0000,0.0000
1789471086.6790,0.0000,-0.0000,0.0000,0.0000,0.0000,0.0000,0.0000,0.0000,0.0000,0.0000,-0.0000,0.0000
1789471086.7290,0.0000,-0.0000,0.0000,0.0000,0.0000,0.0000,0.0000,0.0000,0.0000,0.0000,-0.0000,0.0000
1789471086.7788,0.0000,-0.0000,0.0000,0.0000,0.0000,0.0000,0.0000,0.0000,0.0000,0.0000,-0.0000,0.0000
1789471086.8288,0.0000,-0.0000,0.0000,0.0000,0.0000,0.0000,0.0000,0.0000,0.0000,0.0000,-0.0000,0.0000
1789471086.8790,0.0000,-0.0000,0.0000,0.0000,0.0000,0.0000,0.0000,0.0000,0.0000,0.0000,-0.0000,0.0000
1789471086.9295,0.0000,-0.0000,0.0000,0.0000,0.0000,0.0000,0.0000,0.0000,0.0000,0.0000,-0.0000,0.0000
1789471086.9788,0.0000,-0.0000,0.0000,0.0000,0.0000,0.0000,0.0000,0.0000,0.0000,0.0000,-0.0000,0.0000
1789471087.0288,0.0000,-0.0000,0.0000,0.0000,0.0000,0.0000,0.0000,0.0000,0.0000,0.0000,-0.0000,0.0000
1789471087.0789,0.0000,-0.0000,0.0000,0.0000,0.0000,0.0000,0.0000,0.0000,0.0000,0.0000,-0.0000,0.0000
1789471087.1290,0.0000,-0.0000,0.0000,0.0000,0.0000,0.0000,0.0000,0.0000,0.0000,0.0000,-0.0000,0.0000
1789471087.1789,0.0000,-0.0000,0.0000,0.0000,0.0000,0.0000,0.0000,0.0000,0.0000,0.0000,-0.0000,0.0000
1789471087.2289,0.0000,-0.0000,0.0000,0.0000,0.0000,0.0000,0.0000,0.0000,0.0000,0.0000,-0.0000,0.0000
1789471087.2790,0.0000,-0.0000,0.0000,0.0000,0.0000,0.0000,0.0000,0.0000,0.0000,0.0000,-0.0000,0.0000
1789471087.3290,0.0000,-0.0000,0.0000,0.0000,0.0000,0.0000,0.0000,0.0000,0.0000,0.0000,-0.0000,0.0000
1789471087.3788,0.0000,-0.0000,0.0000,0.0000,0.0000,0.0000,0.0000,0.0000,0.0000,0.0000,-0.0000,0.0000
1789471087.4289,0.0000,-0.0000,0.0000,0.0000,0.0000,0.0000,0.0000,0.0000,0.0000,0.0000,-0.0000,0.0000
1789471087.4790,0.0000,-0.0000,0.0000,0.0000,0.0000,0.0000,0.0000,0.0000,0.0000,0.0000,-0.0000,0.0000
1789471087.5290,0.0000,-0.0000,0.0000,0.0000,0.0000,0.0000,0.0000,0.0000,0.0000,0.0000,-0.0000,0.0000
1789471087.5790,0.0000,-0.0000,0.0000,0.0000,0.0000,0.0000,0.0000,0.0000,0.0000,0.0000,-0.0000,0.0000
1789471087.6290,0.0000,-0.0000,0.0000,0.0000,0.0000,0.0000,0.0000,0.0000,0.0000,0.0000,-0.0000,0.0000
1789471087.6789,0.0000,-0.0000,0.0000,0.0000,0.0000,0.0000,0.0000,0.0000,0.0000,0.0000,-0.0000,0.0000
1789471087.7290,0.0000,-0.0000,0.0000,0.0000,0.0000,0.0000,0.0000,0.0000,0.0000,0.0000,-0.0000,0.0000
1789471087.7790,0.0000,-0.0000,0.0000,0.0000,0.0000,0.0000,0.0000,0.0000,0.0000,0.0000,-0.0000,0.0000
1789471087.8290,0.0000,-0.0000,0.0000,0.0000,0.0000,0.0000,0.0000,0.0000,0.0000,0.0000,-0.0000,0.0000
1789471087.8790,0.0000,-0.0000,0.0000,0.0000,0.0000,0.0000,0.0000,0.0000,0.0000,0.0000,-0.0000,0.0000
1789471087.9290,0.0000,-0.0000,0.0000,0.0000,0.0000,0.0000,0.0000,0.0000,0.0000,0.0000,-0.0000,0.0000
1789471087.9788,0.0000,-0.0000,0.0000,0.0000,0.0000,0.0000,0.0000,0.0000,0.0000,0.0000,-0.0000,0.0000
1789471088.0289,0.0000,-0.0000,0.0000,0.0000,0.0000,0.0000,0.0000,0.0000,0.0000,0.0000,-0.0000,0.0000
1789471088.0789,0.0000,-0.0000,0.0000,0.0000,0.0000,0.0000,0.0000,0.0000,0.0000,0.0000,-0.0000,0.0000
1789471088.1290,0.0000,-0.0000,0.0000,0.0000,0.0000,0.0000,0.0000,0.0000,0.0000,0.0000,-0.0000,0.0000
1789471088.1789,0.0000,-0.0000,0.0000,0.0000,0.0000,0.0000,0.0000,0.0000,0.0000,0.0000,-0.0000,0.0000
1789471088.2289,0.0000,-0.0000,0.0000,0.0000,0.0000,0.0000,0.0000,0.0000,0.0000,0.0000,-0.0000,0.0000
1789471088.2790,0.0000,-0.0000,0.0000,0.0000,0.0000,0.0000,0.0000,0.0000,0.0000,0.0000,-0.0000,0.0000
1789471088.3290,0.0000,-0.0000,0.0000,0.0000,0.0000,0.0000,0.0000,0.0000,0.0000,0.0000,-0.0000,0.0000
1789471088.3790,0.0000,-0.0000,0.0000,0.0000,0.0000,0.0000,0.0000,0.0000,0.0000,0.0000,-0.0000,0.0000
1789471088.4290,0.0000,-0.0000,0.0000,0.0000,0.0000,0.0000,0.0000,0.0000,0.0000,0.0000,-0.0000,0.0000
1789471088.4789,0.0000,-0.0000,0.0000,0.0000,0.0000,0.0000,0.0000,0.0000,0.0000,0.0000,-0.0000,0.0000
1789471088.5290,0.0000,-0.0000,0.0000,0.0000,0.0000,0.0000,0.0000,0.0000,0.0000,0.0000,-0.0000,0.0000
1789471088.5790,0.0000,-0.0000,0.0000,0.0000,0.0000,0.0000,0.0000,0.0000,0.0000,0.0000,-0.0000,0.0000
1789471088.6290,0.0000,-0.0000,0.0000,0.0000,0.0000,0.0000,0.0000,0.0000,0.0000,0.0000,-0.0000,0.0000
1789471088.6789,0.0000,-0.0000,0.0000,0.0000,0.0000,0.0000,0.0000,0.0000,0.0000,0.0000,-0.0000,0.0000
1789471088.7291,0.0000,-0.0000,0.0000,0.0000,0.0000,0.0000,0.0000,0.0000,0.0000,0.0000,-0.0000,0.0000
1789471088.7790,0.0000,-0.0000,0.0000,0.0000,0.0000,0.0000,0.0000,0.0000,0.0000,0.0000,-0.0000,0.0000
1789471088.8290,0.0000,-0.0000,0.0000,0.0000,0.0000,0.0000,0.0000,0.0000,0.0000,0.0000,-0.0000,0.0000
1789471088.8791,0.0000,-0.0000,0.0000,0.0000,0.0000,0.0000,0.0000,0.0000,0.0000,0.0000,-0.0000,0.0000
1789471088.9291,0.0000,-0.0000,0.0000,0.0000,0.0000,0.0000,0.0000,0.0000,0.0000,0.0000,-0.0000,0.0000
1789471088.9789,0.0000,-0.0000,0.0000,0.0000,0.0000,0.0000,0.0000,0.0000,0.0000,0.0000,-0.0000,0.0000
1789471089.0290,0.0000,-0.0000,0.0000,0.0000,0.0000,0.0000,0.0000,0.0000,0.0000,0.0000,-0.0000,0.0000
1789471089.0790,0.0000,-0.0000,0.0000,0.0000,0.0000,0.0000,0.0000,0.0000,0.0000,0.0000,-0.0000,0.0000
1789471089.1289,0.0000,-0.0000,0.0000,0.0000,0.0000,0.0000,0.0000,0.0000,0.0000,0.0000,-0.0000,0.0000
1789471089.1790,0.0000,-0.0000,0.0000,0.0000,0.0000,0.0000,0.0000,0.0000,0.0000,0.0000,-0.0000,0.0000
1789471089.2289,0.0000,-0.0000,0.0000,0.0000,0.0000,0.0000,0.0000,0.0000,0.0000,0.0000,-0.0000,0.0000
1789471089.2790,0.0000,-0.0000,0.0000,0.0000,0.0000,0.0000,0.0000,0.0000,0.0000,0.0000,-0.0000,0.0000
1789471089.3290,0.0000,-0.0000,0.0000,0.0000,0.0000,0.0000,0.0000,0.0000,0.0000,0.0000,-0.0000,0.0000
1789471089.3790,0.0000,-0.0000,0.0000,0.0000,0.0000,0.0000,0.0000,0.0000,0.0000,0.0000,-0.0000,0.0000
1789471089.4291,0.0000,-0.0000,0.0000,0.0000,0.0000,0.0000,0.0000,0.0000,0.0000,0.0000,-0.0000,0.0000
1789471089.4789,0.0000,-0.0000,0.0000,0.0000,0.0000,0.0000,0.0000,0.0000,0.0000,0.0000,-0.0000,0.0000
1789471089.5290,0.0000,-0.0000,0.0000,0.0000,0.0000,0.0000,0.0000,0.0000,0.0000,0.0000,-0.0000,0.0000
1789471089.5789,0.0000,-0.0000,0.0000,0.0000,0.0000,0.0000,0.0000,0.0000,0.0000,0.0000,-0.0000,0.0000
1789471089.6290,0.0000,-0.0000,0.0000,0.0000,0.0000,0.0000,0.0000,0.0000,0.0000,0.0000,-0.0000,0.0000
1789471089.6790,0.0000,-0.0000,0.0000,0.0000,0.0000,0.0000,0.0000,0.0000,0.0000,0.0000,-0.0000,0.0000
1789471089.7290,0.0000,-0.0000,0.0000,0.0000,0.0000,0.0000,0.0000,0.0000,0.0000,0.0000,-0.0000,0.0000
1789471089.7790,0.0000,-0.0000,0.0000,0.0000,0.0000,0.0000,0.0000,0.0000,0.0000,0.0000,-0.0000,0.0000
1789471089.8291,0.0000,-0.0000,0.0000,0.0000,0.0000,0.0000,0.0000,0.0000,0.0000,0.0000,-0.0000,0.0000
1789471089.8789,0.0000,-0.0000,0.0000,0.0000,0.0000,0.0000,0.0000,0.0000,0.0000,0.0000,-0.0000,0.0000
1789471089.9289,0.0000,-0.0000,0.0000,0.0000,0.0000,0.0000,0.0000,0.0000,0.0000,0.0000,-0.0000,0.0000
1789471089.9790,0.0000,-0.0000,0.0000,0.0000,0.0000,0.0000,0.0000,0.0000,0.0000,0.0000,-0.0000,0.0000
1789471090.0289,0.0000,-0.0000,0.0000,0.0000,0.0000,0.0000,0.0000,0.0000,0.0000,0.0000,-0.0000,0.0000
1789471090.0791,0.0000,-0.0000,0.0000,0.0000,0.0000,0.0000,0.0000,0.0000,0.0000,0.0000,-0.0000,0.0000
1789471090.1290,0.0000,-0.0000,0.0000,0.0000,0.0000,0.0000,0.0000,0.0000,0.0000,0.0000,-0.0000,0.0000
1789471090.1790,0.0000,-0.0000,0.0000,0.0000,0.0000,0.0000,0.0000,0.0000,0.0000,0.0000,-0.0000,0.0000
1789471090.2290,0.0000,-0.0000,0.0000,0.0000,0.0000,0.0000,0.0000,0.0000,0.0000,0.0000,-0.0000,0.0000
1789471090.2789,0.0000,-0.0000,0.0000,0.0000,0.0000,0.0000,0.0000,0.0000,0.0000,0.0000,-0.0000,0.0000
1789471090.3291,0.0000,-0.0000,0.0000,0.0000,0.0000,0.0000,0.0000,0.0000,0.0000,0.0000,-0.0000,0.0000
1789471090.3790,0.0000,-0.0000,0.0000,0.0000,0.0000,0.0000,0.0000,0.0000,0.0000,0.0000,-0.0000,0.0000
1789471090.4291,0.0000,-0.0000,0.0000,0.0000,0.0000,0.0000,0.0000,0.0000,0.0000,0.0000,-0.0000,0.0000
1789471090.4789,0.0000,-0.0000,0.0000,0.0000,0.0000,0.0000,0.0000,0.0000,0.0000,0.0000,-0.0000,0.0000
1789471090.5290,0.0000,-0.0000,0.0000,0.0000,0.0000,0.0000,0.0000,0.0000,0.0000,0.0000,-0.0000,0.0000
1789471090.5790,0.0000,-0.0000,0.0000,0.0000,0.0000,0.0000,0.0000,0.0000,0.0000,0.0000,-0.0000,0.0000
1789471090.6290,0.0000,-0.0000,0.0000,0.0000,0.0000,0.0000,0.0000,0.0000,0.0000,0.0000,-0.0000,0.0000
1789471090.6789,0.0000,-0.0000,0.0000,0.0000,0.0000,0.0000,0.0000,0.0000,0.0000,0.0000,-0.0000,0.0000
1789471090.7290,0.0000,-0.0000,0.0000,0.0000,0.0000,0.0000,0.0000,0.0000,0.0000,0.0000,-0.0000,0.0000
1789471090.7790,0.0000,-0.0000,0.0000,0.0000,0.0000,0.0000,0.0000,0.0000,0.0000,0.0000,-0.0000,0.0000
1789471090.8290,0.0000,-0.0000,0.0000,0.0000,0.0000,0.0000,0.0000,0.0000,0.0000,0.0000,-0.0000,0.0000
1789471090.8790,0.0000,-0.0000,0.0000,0.0000,0.0000,0.0000,0.0000,0.0000,0.0000,0.0000,-0.0000,0.0000
1789471090.9290,0.0000,-0.0000,0.0000,0.0000,0.0000,0.0000,0.0000,0.0000,0.0000,0.0000,-0.0000,0.0000
1789471090.9789,0.0000,-0.0000,0.0000,0.0000,0.0000,0.0000,0.0000,0.0000,0.0000,0.0000,-0.0000,0.0000
1789471091.0289,0.0000,-0.0000,0.0000,0.0000,0.0000,0.0000,0.0000,0.0000,0.0000,0.0000,-0.0000,0.0000
1789471091.0790,0.0000,-0.0000,0.0000,0.0000,0.0000,0.0000,0.0000,0.0000,0.0000,0.0000,-0.0000,0.0000
1789471091.1291,0.0000,-0.0000,0.0000,0.0000,0.0000,0.0000,0.0000,0.0000,0.0000,0.0000,-0.0000,0.0000
1789471091.1789,0.0000,-0.0000,0.0000,0.0000,0.0000,0.0000,0.0000,0.0000,0.0000,0.0000,-0.0000,0.0000
1789471091.2290,0.0000,-0.0000,0.0000,0.0000,0.0000,0.0000,0.0000,0.0000,0.0000,0.0000,-0.0000,0.0000
1789471091.2790,0.0000,-0.0000,0.0000,0.0000,0.0000,0.0000,0.0000,0.0000,0.0000,0.0000,-0.0000,0.0000
1789471091.3291,0.0000,-0.0000,0.0000,0.0000,0.0000,0.0000,0.0000,0.0000,0.0000,0.0000,-0.0000,0.0000
1789471091.3790,0.0000,-0.0000,0.0000,0.0000,0.0000,0.0000,0.0000,0.0000,0.0000,0.0000,-0.0000,0.0000
1789471091.4291,0.0000,-0.0000,0.0000,0.0000,0.0000,0.0000,0.0000,0.0000,0.0000,0.0000,-0.0000,0.0000
1789471091.4789,0.0000,-0.0000,0.0000,0.0000,0.0000,0.0000,0.0000,0.0000,0.0000,0.0000,-0.0000,0.0000
1789471091.5290,0.0000,-0.0000,0.0000,0.0000,0.0000,0.0000,0.0000,0.0000,0.0000,0.0000,-0.0000,0.0000
1789471091.5790,0.0000,-0.0000,0.0000,0.0000,0.0000,0.0000,0.0000,0.0000,0.0000,0.0000,-0.0000,0.0000
1789471091.6291,0.0000,-0.0000,0.0000,0.0000,0.0000,0.0000,0.0000,0.0000,0.0000,0.0000,-0.0000,0.0000
1789471091.6789,0.0000,-0.0000,0.0000,0.0000,0.0000,0.0000,0.0000,0.0000,0.0000,0.0000,-0.0000,0.0000
1789471091.7290,0.0000,-0.0000,0.0000,0.0000,0.0000,0.0000,0.0000,0.0000,0.0000,0.0000,-0.0000,0.0000
1789471091.7790,0.0000,-0.0000,0.0000,0.0000,0.0000,0.0000,0.0000,0.0000,0.0000,0.0000,-0.0000,0.0000
1789471091.8291,0.0000,-0.0000,0.0000,0.0000,0.0000,0.0000,0.0000,0.0000,0.0000,0.0000,-0.0000,0.0000
1789471091.8790,0.0000,-0.0000,0.0000,0.0000,0.0000,0.0000,0.0000,0.0000,0.0000,0.0000,-0.0000,0.0000
1789471091.9290,0.0000,-0.0000,0.0000,0.0000,0.0000,0.0000,0.0000,0.0000,0.0000,0.0000,-0.0000,0.0000
1789471091.9792,0.0000,-0.0000,0.0000,0.0000,0.0000,0.0000,0.0000,0.0000,0.0000,0.0000,-0.0000,0.0000
1789471092.0292,0.0000,-0.0000,0.0000,0.0000,0.0000,0.0000,0.0000,0.0000,0.0000,0.0000,-0.0000,0.0000
1789471092.0790,0.0000,-0.0000,0.0000,0.0000,0.0000,0.0000,0.0000,0.0000,0.0000,0.0000,-0.0000,0.0000
1789471092.1289,0.0000,-0.0000,0.0000,0.0000,0.0000,0.0000,0.0000,0.0000,0.0000,0.0000,-0.0000,0.0000
1789471092.1790,0.0000,-0.0000,0.0000,0.0000,0.0000,0.0000,0.0000,0.0000,0.0000,0.0000,-0.0000,0.0000
1789471092.2289,0.0000,-0.0000,0.0000,0.0000,0.0000,0.0000,0.0000,0.0000,0.0000,0.0000,-0.0000,0.0000
1789471092.2791,0.0000,-0.0000,0.0000,0.0000,0.0000,0.0000,0.0000,0.0000,0.0000,0.0000,-0.0000,0.0000
1789471092.3292,0.0000,-0.0000,0.0000,0.0000,0.0000,0.0000,0.0000,0.0000,0.0000,0.0000,-0.0000,0.0000
1789471092.3790,0.0000,-0.0000,0.0000,0.0000,0.0000,0.0000,0.0000,0.0000,0.0000,0.0000,-0.0000,0.0000
1789471092.4290,0.0000,-0.0000,0.0000,0.0000,0.0000,0.0000,0.0000,0.0000,0.0000,0.0000,-0.0000,0.0000
1789471092.4789,0.0000,-0.0000,0.0000,0.0000,0.0000,0.0000,0.0000,0.0000,0.0000,0.0000,-0.0000,0.0000
1789471092.5290,0.0000,-0.0000,0.0000,0.0000,0.0000,0.0000,0.0000,0.0000,0.0000,0.0000,-0.0000,0.0000
1789471092.5791,0.0000,-0.0000,0.0000,0.0000,0.0000,0.0000,0.0000,0.0000,0.0000,0.0000,-0.0000,0.0000
1789471092.6290,0.0000,-0.0000,0.0000,0.0000,0.0000,0.0000,0.0000,0.0000,0.0000,0.0000,-0.0000,0.0000
1789471092.6790,0.0000,-0.0000,0.0000,0.0000,0.0000,0.0000,0.0000,0.0000,0.0000,0.0000,-0.0000,0.0000
1789471092.7291,0.0000,-0.0000,0.0000,0.0000,0.0000,0.0000,0.0000,0.0000,0.0000,0.0000,-0.0000,0.0000
1789471092.7792,0.0000,-0.0000,0.0000,0.0000,0.0000,0.0000,0.0000,0.0000,0.0000,0.0000,-0.0000,0.0000
1789471092.8291,0.0000,-0.0000,0.0000,0.0000,0.0000,0.0000,0.0000,0.0000,0.0000,0.0000,-0.0000,0.0000
1789471092.8790,0.0000,-0.0000,0.0000,0.0000,0.0000,0.0000,0.0000,0.0000,0.0000,0.0000,-0.0000,0.0000
1789471092.9290,0.0000,-0.0000,0.0000,0.0000,0.0000,0.0000,0.0000,0.0000,0.0000,0.0000,-0.0000,0.0000
1789471092.9790,0.0000,-0.0000,0.0000,0.0000,0.0000,0.0000,0.0000,0.0000,0.0000,0.0000,-0.0000,0.0000
1789471093.0290,0.0000,-0.0000,0.0000,0.0000,0.0000,0.0000,0.0000,0.0000,0.0000,0.0000,-0.0000,0.0000
1789471093.0794,0.0000,-0.0000,0.0000,0.0000,0.0000,0.0000,0.0000,0.0000,0.0000,0.0000,-0.0000,0.0000
1789471093.1291,0.0000,-0.0000,0.0000,0.0000,0.0000,0.0000,0.0000,0.0000,0.0000,0.0000,-0.0000,0.0000
1789471093.1789,0.0000,-0.0000,0.0000,0.0000,0.0000,0.0000,0.0000,0.0000,0.0000,0.0000,-0.0000,0.0000
1789471093.2290,0.0000,-0.0000,0.0000,0.0000,0.0000,0.0000,0.0000,0.0000,0.0000,0.0000,-0.0000,0.0000
1789471093.2790,0.0000,-0.0000,0.0000,0.0000,0.0000,0.0000,0.0000,0.0000,0.0000,0.0000,-0.0000,0.0000
1789471093.3291,0.0000,-0.0000,0.0000,0.0000,0.0000,0.0000,0.0000,0.0000,0.0000,0.0000,-0.0000,0.0000
1789471093.3790,0.0000,-0.0000,0.0000,0.0000,0.0000,0.0000,0.0000,0.0000,0.0000,0.0000,-0.0000,0.0000
1789471093.4290,0.0000,-0.0000,0.0000,0.0000,0.0000,0.0000,0.0000,0.0000,0.0000,0.0000,-0.0000,0.0000
1789471093.4791,0.0000,-0.0000,0.0000,0.0000,0.0000,0.0000,0.0000,0.0000,0.0000,0.0000,-0.0000,0.0000
1789471093.5289,0.0000,-0.0000,0.0000,0.0000,0.0000,0.0000,0.0000,0.0000,0.0000,0.0000,-0.0000,0.0000
1789471093.5790,0.0000,-0.0000,0.0000,0.0000,0.0000,0.0000,0.0000,0.0000,0.0000,0.0000,-0.0000,0.0000
1789471093.6290,0.0000,-0.0000,0.0000,0.0000,0.0000,0.0000,0.0000,0.0000,0.0000,0.0000,-0.0000,0.0000
1789471093.6790,0.0000,-0.0000,0.0000,0.0000,0.0000,0.0000,0.0000,0.0000,0.0000,0.0000,-0.0000,0.0000
1789471093.7290,0.0000,-0.0000,0.0000,0.0000,0.0000,0.0000,0.0000,0.0000,0.0000,0.0000,-0.0000,0.0000
1789471093.7791,0.0000,-0.0000,0.0000,0.0000,0.0000,0.0000,0.0000,0.0000,0.0000,0.0000,-0.0000,0.0000
1789471093.8292,0.0000,-0.0000,0.0000,0.0000,0.0000,0.0000,0.0000,0.0000,0.0000,0.0000,-0.0000,0.0000
1789471093.8791,0.0000,-0.0000,0.0000,0.0000,0.0000,0.0000,0.0000,0.0000,0.0000,0.0000,-0.0000,0.0000
1789471093.9291,0.0000,-0.0000,0.0000,0.0000,0.0000,0.0000,0.0000,0.0000,0.0000,0.0000,-0.0000,0.0000
1789471093.9790,0.0000,-0.0000,0.0000,0.0000,0.0000,0.0000,0.0000,0.0000,0.0000,0.0000,-0.0000,0.0000
1789471094.0290,0.0000,-0.0000,0.0000,0.0000,0.0000,0.0000,0.0000,0.0000,0.0000,0.0000,-0.0000,0.0000
1789471094.0791,0.0000,-0.0000,0.0000,0.0000,0.0000,0.0000,0.0000,0.0000,0.0000,0.0000,-0.0000,0.0000
1789471094.1292,0.0000,-0.0000,0.0000,0.0000,0.0000,0.0000,0.0000,0.0000,0.0000,0.0000,-0.0000,0.0000
1789471094.1791,0.0000,-0.0000,0.0000,0.0000,0.0000,0.0000,0.0000,0.0000,0.0000,0.0000,-0.0000,0.0000
1789471094.2289,0.0000,-0.0000,0.0000,0.0000,0.0000,0.0000,0.0000,0.0000,0.0000,0.0000,-0.0000,0.0000
1789471094.2791,0.0000,-0.0000,0.0000,0.0000,0.0000,0.0000,0.0000,0.0000,0.0000,0.0000,-0.0000,0.0000
1789471094.3290,0.0000,-0.0000,0.0000,0.0000,0.0000,0.0000,0.0000,0.0000,0.0000,0.0000,-0.0000,0.0000
1789471094.3791,0.0000,-0.0000,0.0000,0.0000,0.0000,0.0000,0.0000,0.0000,0.0000,0.0000,-0.0000,0.0000
1789471094.4291,0.0000,-0.0000,0.0000,0.0000,0.0000,0.0000,0.0000,0.0000,0.0000,0.0000,-0.0000,0.0000
1789471094.4791,0.0000,-0.0000,0.0000,0.0000,0.0000,0.0000,0.0000,0.0000,0.0000,0.0000,-0.0000,0.0000
1789471094.5291,0.0000,-0.0000,0.0000,0.0000,0.0000,0.0000,0.0000,0.0000,0.0000,0.0000,-0.0000,0.0000
1789471094.5792,0.0000,-0.0000,0.0000,0.0000,0.0000,0.0000,0.0000,0.0000,0.0000,0.0000,-0.0000,0.0000
1789471094.6291,0.0000,-0.0000,0.0000,0.0000,0.0000,0.0000,0.0000,0.0000,0.0000,0.0000,-0.0000,0.0000
1789471094.6790,0.0000,-0.0000,0.0000,0.0000,0.0000,0.0000,0.0000,0.0000,0.0000,0.0000,-0.0000,0.0000
1789471094.7291,0.0000,-0.0000,0.0000,0.0000,0.0000,0.0000,0.0000,0.0000,0.0000,0.0000,-0.0000,0.0000
1789471094.7791,0.0000,-0.0000,0.0000,0.0000,0.0000,0.0000,0.0000,0.0000,0.0000,0.0000,-0.0000,0.0000
1789471094.8292,0.0000,-0.0000,0.0000,0.0000,0.0000,0.0000,0.0000,0.0000,0.0000,0.0000,-0.0000,0.0000
1789471094.8791,0.0000,-0.0000,0.0000,0.0000,0.0000,0.0000,0.0000,0.0000,0.0000,0.0000,-0.0000,0.0000
1789471094.9298,0.0000,-0.0000,0.0000,0.0000,0.0000,0.0000,0.0000,0.0000,0.0000,0.0000,-0.0000,0.0000
1789471094.9789,0.0000,-0.0000,0.0000,0.0000,0.0000,0.0000,0.0000,0.0000,0.0000,0.0000,-0.0000,0.0000
1789471095.0290,0.0000,-0.0000,0.0000,0.0000,0.0000,0.0000,0.0000,0.0000,0.0000,0.0000,-0.0000,0.0000
1789471095.0791,0.0000,-0.0000,0.0000,0.0000,0.0000,0.0000,0.0000,0.0000,0.0000,0.0000,-0.0000,0.0000
1789471095.1291,0.0000,-0.0000,0.0000,0.0000,0.0000,0.0000,0.0000,0.0000,0.0000,0.0000,-0.0000,0.0000
1789471095.1792,0.0000,-0.0000,0.0000,0.0000,0.0000,0.0000,0.0000,0.0000,0.0000,0.0000,-0.0000,0.0000
1789471095.2292,0.0000,-0.0000,0.0000,0.0000,0.0000,0.0000,0.0000,0.0000,0.0000,0.0000,-0.0000,0.0000
1789471095.2792,0.0000,-0.0000,0.0000,0.0000,0.0000,0.0000,0.0000,0.0000,0.0000,0.0000,-0.0000,0.0000
1789471095.3291,0.0000,-0.0000,0.0000,0.0000,0.0000,0.0000,0.0000,0.0000,0.0000,0.0000,-0.0000,0.0000
1789471095.3791,0.0000,-0.0000,0.0000,0.0000,0.0000,0.0000,0.0000,0.0000,0.0000,0.0000,-0.0000,0.0000
1789471095.4292,0.0000,-0.0000,0.0000,0.0000,0.0000,0.0000,0.0000,0.0000,0.0000,0.0000,-0.0000,0.0000
1789471095.4789,0.0000,-0.0000,0.0000,0.0000,0.0000,0.0000,0.0000,0.0000,0.0000,0.0000,-0.0000,0.0000
1789471095.5292,0.0000,-0.0000,0.0000,0.0000,0.0000,0.0000,0.0000,0.0000,0.0000,0.0000,-0.0000,0.0000
1789471095.5791,0.0000,-0.0000,0.0000,0.0000,0.0000,0.0000,0.0000,0.0000,0.0000,0.0000,-0.0000,0.0000
1789471095.6298,0.0000,-0.0000,0.0000,0.0000,0.0000,0.0000,0.0000,0.0000,0.0000,0.0000,-0.0000,0.0000
1789471095.6792,0.0000,-0.0000,0.0000,0.0000,0.0000,0.0000,0.0000,0.0000,0.0000,0.0000,-0.0000,0.0000
1789471095.7291,0.0000,-0.0000,0.0000,0.0000,0.0000,0.0000,0.0000,0.0000,0.0000,0.0000,-0.0000,0.0000
1789471095.7791,0.0000,-0.0000,0.0000,0.0000,0.0000,0.0000,0.0000,0.0000,0.0000,0.0000,-0.0000,0.0000
1789471095.8291,0.0000,-0.0000,0.0000,0.0000,0.0000,0.0000,0.0000,0.0000,0.0000,0.0000,-0.0000,0.0000
1789471095.8791,0.0000,-0.0000,0.0000,0.0000,0.0000,0.0000,0.0000,0.0000,0.0000,0.0000,-0.0000,0.0000
1789471095.9290,0.0000,-0.0000,0.0000,0.0000,0.0000,0.0000,0.0000,0.0000,0.0000,0.0000,-0.0000,0.0000
1789471095.9790,0.0000,-0.0000,0.0000,0.0000,0.0000,0.0000,0.0000,0.0000,0.0000,0.0000,-0.0000,0.0000
1789471096.0291,0.0000,-0.0000,0.0000,0.0000,0.0000,0.0000,0.0000,0.0000,0.0000,0.0000,-0.0000,0.0000
1789471096.0791,0.0000,-0.0000,0.0000,0.0000,0.0000,0.0000,0.0000,0.0000,0.0000,0.0000,-0.0000,0.0000
1789471096.1291,0.0000,-0.0000,0.0000,0.0000,0.0000,0.0000,0.0000,0.0000,0.0000,0.0000,-0.0000,0.0000
1789471096.1792,0.0000,-0.0000,0.0000,0.0000,0.0000,0.0000,0.0000,0.0000,0.0000,0.0000,-0.0000,0.0000
1789471096.2292,0.0000,-0.0000,0.0000,0.0000,0.0000,0.0000,0.0000,0.0000,0.0000,0.0000,-0.0000,0.0000
1789471096.2791,0.0000,-0.0000,0.0000,0.0000,0.0000,0.0000,0.0000,0.0000,0.0000,0.0000,-0.0000,0.0000
1789471096.3291,0.0000,-0.0000,0.0000,0.0000,0.0000,0.0000,0.0000,0.0000,0.0000,0.0000,-0.0000,0.0000
1789471096.3792,0.0000,-0.0000,0.0000,0.0000,0.0000,0.0000,0.0000,0.0000,0.0000,0.0000,-0.0000,0.0000
1789471096.4292,0.0000,-0.0000,0.0000,0.0000,0.0000,0.0000,0.0000,0.0000,0.0000,0.0000,-0.0000,0.0000
1789471096.4790,0.0000,-0.0000,0.0000,0.0000,0.0000,0.0000,0.0000,0.0000,0.0000,0.0000,-0.0000,0.0000
1789471096.5292,0.0000,-0.0000,0.0000,0.0000,0.0000,0.0000,0.0000,0.0000,0.0000,0.0000,-0.0000,0.0000
1789471096.5791,0.0000,-0.0000,0.0000,0.0000,0.0000,0.0000,0.0000,0.0000,0.0000,0.0000,-0.0000,0.0000
1789471096.6291,0.0000,-0.0000,0.0000,0.0000,0.0000,0.0000,0.0000,0.0000,0.0000,0.0000,-0.0000,0.0000
1789471096.6793,0.0000,-0.0000,0.0000,0.0000,0.0000,0.0000,0.0000,0.0000,0.0000,0.0000,-0.0000,0.0000
1789471096.7292,0.0000,-0.0000,0.0000,0.0000,0.0000,0.0000,0.0000,0.0000,0.0000,0.0000,-0.0000,0.0000
1789471096.7790,0.0000,-0.0000,0.0000,0.0000,0.0000,0.0000,0.0000,0.0000,0.0000,0.0000,-0.0000,0.0000
1789471096.8292,0.0000,-0.0000,0.0000,0.0000,0.0000,0.0000,0.0000,0.0000,0.0000,0.0000,-0.0000,0.0000
1789471096.8792,0.0000,-0.0000,0.0000,0.0000,0.0000,0.0000,0.0000,0.0000,0.0000,0.0000,-0.0000,0.0000
1789471096.9292,0.0000,-0.0000,0.0000,0.0000,0.0000,0.0000,0.0000,0.0000,0.0000,0.0000,-0.0000,0.0000
1789471096.9790,0.0000,-0.0000,0.0000,0.0000,0.0000,0.0000,0.0000,0.0000,0.0000,0.0000,-0.0000,0.0000
1789471097.0291,0.0000,-0.0000,0.0000,0.0000,0.0000,0.0000,0.0000,0.0000,0.0000,0.0000,-0.0000,0.0000
1789471097.0791,0.0000,-0.0000,0.0000,0.0000,0.0000,0.0000,0.0000,0.0000,0.0000,0.0000,-0.0000,0.0000
1789471097.1290,0.0000,-0.0000,0.0000,0.0000,0.0000,0.0000,0.0000,0.0000,0.0000,0.0000,-0.0000,0.0000
1789471097.1791,0.0000,-0.0000,0.0000,0.0000,0.0000,0.0000,0.0000,0.0000,0.0000,0.0000,-0.0000,0.0000
1789471097.2291,0.0000,-0.0000,0.0000,0.0000,0.0000,0.0000,0.0000,0.0000,0.0000,0.0000,-0.0000,0.0000
1789471097.2792,0.0000,-0.0000,0.0000,0.0000,0.0000,0.0000,0.0000,0.0000,0.0000,0.0000,-0.0000,0.0000
1789471097.3291,0.0000,-0.0000,0.0000,0.0000,0.0000,0.0000,0.0000,0.0000,0.0000,0.0000,-0.0000,0.0000
1789471097.3792,0.0000,-0.0000,0.0000,0.0000,0.0000,0.0000,0.0000,0.0000,0.0000,0.0000,-0.0000,0.0000
1789471097.4292,0.0000,-0.0000,0.0000,0.0000,0.0000,0.0000,0.0000,0.0000,0.0000,0.0000,-0.0000,0.0000
1789471097.4790,0.0000,-0.0000,0.0000,0.0000,0.0000,0.0000,0.0000,0.0000,0.0000,0.0000,-0.0000,0.0000
1789471097.5291,0.0000,-0.0000,0.0000,0.0000,0.0000,0.0000,0.0000,0.0000,0.0000,0.0000,-0.0000,0.0000
1789471097.5792,0.0000,-0.0000,0.0000,0.0000,0.0000,0.0000,0.0000,0.0000,0.0000,0.0000,-0.0000,0.0000
1789471097.6293,0.0000,-0.0000,0.0000,0.0000,0.0000,0.0000,0.0000,0.0000,0.0000,0.0000,-0.0000,0.0000
1789471097.6791,0.0000,-0.0000,0.0000,0.0000,0.0000,0.0000,0.0000,0.0000,0.0000,0.0000,-0.0000,0.0000
1789471097.7291,0.0000,-0.0000,0.0000,0.0000,0.0000,0.0000,0.0000,0.0000,0.0000,0.0000,-0.0000,0.0000
1789471097.7791,0.0000,-0.0000,0.0000,0.0000,0.0000,0.0000,0.0000,0.0000,0.0000,0.0000,-0.0000,0.0000
1789471097.8301,0.0000,-0.0000,0.0000,0.0000,0.0000,0.0000,0.0000,0.0000,0.0000,0.0000,-0.0000,0.0000
1789471097.8792,0.0000,-0.0000,0.0000,0.0000,0.0000,0.0000,0.0000,0.0000,0.0000,0.0000,-0.0000,0.0000
1789471097.9292,0.0000,-0.0000,0.0000,0.0000,0.0000,0.0000,0.0000,0.0000,0.0000,0.0000,-0.0000,0.0000
1789471097.9792,0.0000,-0.0000,0.0000,0.0000,0.0000,0.0000,0.0000,0.0000,0.0000,0.0000,-0.0000,0.0000
1789471098.0292,0.0000,-0.0000,0.0000,0.0000,0.0000,0.0000,0.0000,0.0000,0.0000,0.0000,-0.0000,0.0000
1789471098.0795,0.0000,-0.0000,0.0000,0.0000,0.0000,0.0000,0.0000,0.0000,0.0000,0.0000,-0.0000,0.0000
1789471098.1293,0.0000,-0.0000,0.0000,0.0000,0.0000,0.0000,0.0000,0.0000,0.0000,0.0000,-0.0000,0.0000
1789471098.1791,0.0000,-0.0000,0.0000,0.0000,0.0000,0.0000,0.0000,0.0000,0.0000,0.0000,-0.0000,0.0000
1789471098.2292,0.0000,-0.0000,0.0000,0.0000,0.0000,0.0000,0.0000,0.0000,0.0000,0.0000,-0.0000,0.0000
1789471098.2793,0.0000,-0.0000,0.0000,0.0000,0.0000,0.0000,0.0000,0.0000,0.0000,0.0000,-0.0000,0.0000
1789471098.3292,0.0000,-0.0000,0.0000,0.0000,0.0000,0.0000,0.0000,0.0000,0.0000,0.0000,-0.0000,0.0000
1789471098.3794,0.0000,-0.0000,0.0000,0.0000,0.0000,0.0000,0.0000,0.0000,0.0000,0.0000,-0.0000,0.0000
1789471098.4293,0.0000,-0.0000,0.0000,0.0000,0.0000,0.0000,0.0000,0.0000,0.0000,0.0000,-0.0000,0.0000
1789471098.4792,0.0000,-0.0000,0.0000,0.0000,0.0000,0.0000,0.0000,0.0000,0.0000,0.0000,-0.0000,0.0000
1789471098.5303,0.0000,-0.0000,0.0000,0.0000,0.0000,0.0000,0.0000,0.0000,0.0000,0.0000,-0.0000,0.0000
1789471098.5792,0.0000,-0.0000,0.0000,0.0000,0.0000,0.0000,0.0000,0.0000,0.0000,0.0000,-0.0000,0.0000
1789471098.6290,0.0000,-0.0000,0.0000,0.0000,0.0000,0.0000,0.0000,0.0000,0.0000,0.0000,-0.0000,0.0000
1789471098.6793,0.0000,-0.0000,0.0000,0.0000,0.0000,0.0000,0.0000,0.0000,0.0000,0.0000,-0.0000,0.0000
1789471098.7293,0.0000,-0.0000,0.0000,0.0000,0.0000,0.0000,0.0000,0.0000,0.0000,0.0000,-0.0000,0.0000
1789471098.7792,0.0000,-0.0000,0.0000,0.0000,0.0000,0.0000,0.0000,0.0000,0.0000,0.0000,-0.0000,0.0000
1789471098.8293,0.0000,-0.0000,0.0000,0.0000,0.0000,0.0000,0.0000,0.0000,0.0000,0.0000,-0.0000,0.0000
1789471098.8792,0.0000,-0.0000,0.0000,0.0000,0.0000,0.0000,0.0000,0.0000,0.0000,0.0000,-0.0000,0.0000
1789471098.9292,0.0000,-0.0000,0.0000,0.0000,0.0000,0.0000,0.0000,0.0000,0.0000,0.0000,-0.0000,0.0000
1789471098.9791,0.0000,-0.0000,0.0000,0.0000,0.0000,0.0000,0.0000,0.0000,0.0000,0.0000,-0.0000,0.0000
1789471099.0293,0.0000,-0.0000,0.0000,0.0000,0.0000,0.0000,0.0000,0.0000,0.0000,0.0000,-0.0000,0.0000
1789471099.0792,0.0000,-0.0000,0.0000,0.0000,0.0000,0.0000,0.0000,0.0000,0.0000,0.0000,-0.0000,0.0000
1789471099.1292,0.0000,-0.0000,0.0000,0.0000,0.0000,0.0000,0.0000,0.0000,0.0000,0.0000,-0.0000,0.0000
1789471099.1793,0.0000,-0.0000,0.0000,0.0000,0.0000,0.0000,0.0000,0.0000,0.0000,0.0000,-0.0000,0.0000
1789471099.2293,0.0000,-0.0000,0.0000,0.0000,0.0000,0.0000,0.0000,0.0000,0.0000,0.0000,-0.0000,0.0000
1789471099.2791,0.0000,-0.0000,0.0000,0.0000,0.0000,0.0000,0.0000,0.0000,0.0000,0.0000,-0.0000,0.0000
1789471099.3294,0.0000,-0.0000,0.0000,0.0000,0.0000,0.0000,0.0000,0.0000,0.0000,0.0000,-0.0000,0.0000
1789471099.3792,0.0000,-0.0000,0.0000,0.0000,0.0000,0.0000,0.0000,0.0000,0.0000,0.0000,-0.0000,0.0000
1789471099.4292,0.0000,-0.0000,0.0000,0.0000,0.0000,0.0000,0.0000,0.0000,0.0000,0.0000,-0.0000,0.0000
1789471099.4790,0.0000,-0.0000,0.0000,0.0000,0.0000,0.0000,0.0000,0.0000,0.0000,0.0000,-0.0000,0.0000
1789471099.5292,0.0000,-0.0000,0.0000,0.0000,0.0000,0.0000,0.0000,0.0000,0.0000,0.0000,-0.0000,0.0000
1789471099.5792,0.0000,-0.0000,0.0000,0.0000,0.0000,0.0000,0.0000,0.0000,0.0000,0.0000,-0.0000,0.0000
1789471099.6293,0.0000,-0.0000,0.0000,0.0000,0.0000,0.0000,0.0000,0.0000,0.0000,0.0000,-0.0000,0.0000
1789471099.6793,0.0000,-0.0000,0.0000,0.0000,0.0000,0.0000,0.0000,0.0000,0.0000,0.0000,-0.0000,0.0000
1789471099.7292,0.0000,-0.0000,0.0000,0.0000,0.0000,0.0000,0.0000,0.0000,0.0000,0.0000,-0.0000,0.0000
1789471099.7790,0.0000,-0.0000,0.0000,0.0000,0.0000,0.0000,0.0000,0.0000,0.0000,0.0000,-0.0000,0.0000
1789471099.8292,0.0000,-0.0000,0.0000,0.0000,0.0000,0.0000,0.0000,0.0000,0.0000,0.0000,-0.0000,0.0000
1789471099.8793,0.0000,-0.0000,0.0000,0.0000,0.0000,0.0000,0.0000,0.0000,0.0000,0.0000,-0.0000,0.0000
1789471099.9293,0.0000,-0.0000,0.0000,0.0000,0.0000,0.0000,0.0000,0.0000,0.0000,0.0000,-0.0000,0.0000
1789471099.9791,0.0000,-0.0000,0.0000,0.0000,0.0000,0.0000,0.0000,0.0000,0.0000,0.0000,-0.0000,0.0000
1789471100.0291,0.0000,-0.0000,0.0000,0.0000,0.0000,0.0000,0.0000,0.0000,0.0000,0.0000,-0.0000,0.0000
1789471100.0792,0.0000,-0.0000,0.0000,0.0000,0.0000,0.0000,0.0000,0.0000,0.0000,0.0000,-0.0000,0.0000
1789471100.1292,0.0000,-0.0000,0.0000,0.0000,0.0000,0.0000,0.0000,0.0000,0.0000,0.0000,-0.0000,0.0000
1789471100.1792,0.0000,-0.0000,0.0000,0.0000,0.0000,0.0000,0.0000,0.0000,0.0000,0.0000,-0.0000,0.0000
1789471100.2293,0.0000,-0.0000,0.0000,0.0000,0.0000,0.0000,0.0000,0.0000,0.0000,0.0000,-0.0000,0.0000
1789471100.2792,0.0000,-0.0000,0.0000,0.0000,0.0000,0.0000,0.0000,0.0000,0.0000,0.0000,-0.0000,0.0000
1789471100.3292,0.0000,-0.0000,0.0000,0.0000,0.0000,0.0000,0.0000,0.0000,0.0000,0.0000,-0.0000,0.0000
1789471100.3793,0.0000,-0.0000,0.0000,0.0000,0.0000,0.0000,0.0000,0.0000,0.0000,0.0000,-0.0000,0.0000
1789471100.4292,0.0000,-0.0000,0.0000,0.0000,0.0000,0.0000,0.0000,0.0000,0.0000,0.0000,-0.0000,0.0000
1789471100.4790,0.0000,-0.0000,0.0000,0.0000,0.0000,0.0000,0.0000,0.0000,0.0000,0.0000,-0.0000,0.0000
1789471100.5293,0.0000,-0.0000,0.0000,0.0000,0.0000,0.0000,0.0000,0.0000,0.0000,0.0000,-0.0000,0.0000
1789471100.5792,0.0000,-0.0000,0.0000,0.0000,0.0000,0.0000,0.0000,0.0000,0.0000,0.0000,-0.0000,0.0000
1789471100.6292,0.0000,-0.0000,0.0000,0.0000,0.0000,0.0000,0.0000,0.0000,0.0000,0.0000,-0.0000,0.0000
1789471100.6793,0.0000,-0.0000,0.0000,0.0000,0.0000,0.0000,0.0000,0.0000,0.0000,0.0000,-0.0000,0.0000
1789471100.7302,0.0000,-0.0000,0.0000,0.0000,0.0000,0.0000,0.0000,0.0000,0.0000,0.0000,-0.0000,0.0000
1789471100.7792,0.0000,-0.0000,0.0000,0.0000,0.0000,0.0000,0.0000,0.0000,0.0000,0.0000,-0.0000,0.0000
1789471100.8292,0.0000,-0.0000,0.0000,0.0000,0.0000,0.0000,0.0000,0.0000,0.0000,0.0000,-0.0000,0.0000
1789471100.8792,0.0000,-0.0000,0.0000,0.0000,0.0000,0.0000,0.0000,0.0000,0.0000,0.0000,-0.0000,0.0000
1789471100.9292,0.0000,-0.0000,0.0000,0.0000,0.0000,0.0000,0.0000,0.0000,0.0000,0.0000,-0.0000,0.0000
1789471100.9790,0.0000,-0.0000,0.0000,0.0000,0.0000,0.0000,0.0000,0.0000,0.0000,0.0000,-0.0000,0.0000
1789471101.0293,0.0000,-0.0000,0.0000,0.0000,0.0000,0.0000,0.0000,0.0000,0.0000,0.0000,-0.0000,0.0000
1789471101.0793,0.0000,-0.0000,0.0000,0.0000,0.0000,0.0000,0.0000,0.0000,0.0000,0.0000,-0.0000,0.0000
1789471101.1292,0.0000,-0.0000,0.0000,0.0000,0.0000,0.0000,0.0000,0.0000,0.0000,0.0000,-0.0000,0.0000
1789471101.1793,0.0000,-0.0000,0.0000,0.0000,0.0000,0.0000,0.0000,0.0000,0.0000,0.0000,-0.0000,0.0000
1789471101.2293,0.0000,-0.0000,0.0000,0.0000,0.0000,0.0000,0.0000,0.0000,0.0000,0.0000,-0.0000,0.0000
1789471101.2792,0.0000,-0.0000,0.0000,0.0000,0.0000,0.0000,0.0000,0.0000,0.0000,0.0000,-0.0000,0.0000
1789471101.3292,0.0000,-0.0000,0.0000,0.0000,0.0000,0.0000,0.0000,0.0000,0.0000,0.0000,-0.0000,0.0000
1789471101.3793,0.0000,-0.0000,0.0000,0.0000,0.0000,0.0000,0.0000,0.0000,0.0000,0.0000,-0.0000,0.0000
1789471101.4293,0.0000,-0.0000,0.0000,0.0000,0.0000,0.0000,0.0000,0.0000,0.0000,0.0000,-0.0000,0.0000
1789471101.4790,0.0000,-0.0000,0.0000,0.0000,0.0000,0.0000,0.0000,0.0000,0.0000,0.0000,-0.0000,0.0000
1789471101.5292,0.0000,-0.0000,0.0000,0.0000,0.0000,0.0000,0.0000,0.0000,0.0000,0.0000,-0.0000,0.0000
1789471101.5792,0.0000,-0.0000,0.0000,0.0000,0.0000,0.0000,0.0000,0.0000,0.0000,0.0000,-0.0000,0.0000
1789471101.6293,0.0000,-0.0000,0.0000,0.0000,0.0000,0.0000,0.0000,0.0000,0.0000,0.0000,-0.0000,0.0000
1789471101.6793,0.0000,-0.0000,0.0000,0.0000,0.0000,0.0000,0.0000,0.0000,0.0000,0.0000,-0.0000,0.0000
1789471101.7294,0.0000,-0.0000,0.0000,0.0000,0.0000,0.0000,0.0000,0.0000,0.0000,0.0000,-0.0000,0.0000
1789471101.7792,0.0000,-0.0000,0.0000,0.0000,0.0000,0.0000,0.0000,0.0000,0.0000,0.0000,-0.0000,0.0000
1789471101.8292,0.0000,-0.0000,0.0000,0.0000,0.0000,0.0000,0.0000,0.0000,0.0000,0.0000,-0.0000,0.0000
1789471101.8792,0.0000,-0.0000,0.0000,0.0000,0.0000,0.0000,0.0000,0.0000,0.0000,0.0000,-0.0000,0.0000
1789471101.9292,0.0000,-0.0000,0.0000,0.0000,0.0000,0.0000,0.0000,0.0000,0.0000,0.0000,-0.0000,0.0000
1789471101.9791,0.0000,-0.0000,0.0000,0.0000,0.0000,0.0000,0.0000,0.0000,0.0000,0.0000,-0.0000,0.0000
1789471102.0293,0.0000,-0.0000,0.0000,0.0000,0.0000,0.0000,0.0000,0.0000,0.0000,0.0000,-0.0000,0.0000
1789471102.0793,0.0000,-0.0000,0.0000,0.0000,0.0000,0.0000,0.0000,0.0000,0.0000,0.0000,-0.0000,0.0000
1789471102.1293,0.0000,-0.0000,0.0000,0.0000,0.0000,0.0000,0.0000,0.0000,0.0000,0.0000,-0.0000,0.0000
1789471102.1794,0.0000,-0.0000,0.0000,0.0000,0.0000,0.0000,0.0000,0.0000,0.0000,0.0000,-0.0000,0.0000
1789471102.2294,0.0000,-0.0000,0.0000,0.0000,0.0000,0.0000,0.0000,0.0000,0.0000,0.0000,-0.0000,0.0000
1789471102.2793,0.0000,-0.0000,0.0000,0.0000,0.0000,0.0000,0.0000,0.0000,0.0000,0.0000,-0.0000,0.0000
1789471102.3293,0.0000,-0.0000,0.0000,0.0000,0.0000,0.0000,0.0000,0.0000,0.0000,0.0000,-0.0000,0.0000
1789471102.3793,0.0000,-0.0000,0.0000,0.0000,0.0000,0.0000,0.0000,0.0000,0.0000,0.0000,-0.0000,0.0000
1789471102.4293,0.0000,-0.0000,0.0000,0.0000,0.0000,0.0000,0.0000,0.0000,0.0000,0.0000,-0.0000,0.0000
1789471102.4794,0.0000,-0.0000,0.0000,0.0000,0.0000,0.0000,0.0000,0.0000,0.0000,0.0000,-0.0000,0.0000
1789471102.5293,0.0000,-0.0000,0.0000,0.0000,0.0000,0.0000,0.0000,0.0000,0.0000,0.0000,-0.0000,0.0000
1789471102.5794,0.0000,-0.0000,0.0000,0.0000,0.0000,0.0000,0.0000,0.0000,0.0000,0.0000,-0.0000,0.0000
1789471102.6293,0.0000,-0.0000,0.0000,0.0000,0.0000,0.0000,0.0000,0.0000,0.0000,0.0000,-0.0000,0.0000
1789471102.6793,0.0000,-0.0000,0.0000,0.0000,0.0000,0.0000,0.0000,0.0000,0.0000,0.0000,-0.0000,0.0000
1789471102.7292,0.0000,-0.0000,0.0000,0.0000,0.0000,0.0000,0.0000,0.0000,0.0000,0.0000,-0.0000,0.0000
1789471102.7793,0.0000,-0.0000,0.0000,0.0000,0.0000,0.0000,0.0000,0.0000,0.0000,0.0000,-0.0000,0.0000
1789471102.8294,0.0000,-0.0000,0.0000,0.0000,0.0000,0.0000,0.0000,0.0000,0.0000,0.0000,-0.0000,0.0000
1789471102.8793,0.0000,-0.0000,0.0000,0.0000,0.0000,0.0000,0.0000,0.0000,0.0000,0.0000,-0.0000,0.0000
1789471102.9293,0.0000,-0.0000,0.0000,0.0000,0.0000,0.0000,0.0000,0.0000,0.0000,0.0000,-0.0000,0.0000
1789471102.9793,0.0000,-0.0000,0.0000,0.0000,0.0000,0.0000,0.0000,0.0000,0.0000,0.0000,-0.0000,0.0000
1789471103.0292,0.0000,-0.0000,0.0000,0.0000,0.0000,0.0000,0.0000,0.0000,0.0000,0.0000,-0.0000,0.0000
1789471103.0793,0.0000,-0.0000,0.0000,0.0000,0.0000,0.0000,0.0000,0.0000,0.0000,0.0000,-0.0000,0.0000
1789471103.1293,0.0000,-0.0000,0.0000,0.0000,0.0000,0.0000,0.0000,0.0000,0.0000,0.0000,-0.0000,0.0000
1789471103.1793,0.0000,-0.0000,0.0000,0.0000,0.0000,0.0000,0.0000,0.0000,0.0000,0.0000,-0.0000,0.0000
1789471103.2294,0.0000,-0.0000,0.0000,0.0000,0.0000,0.0000,0.0000,0.0000,0.0000,0.0000,-0.0000,0.0000
1789471103.2793,0.0000,-0.0000,0.0000,0.0000,0.0000,0.0000,0.0000,0.0000,0.0000,0.0000,-0.0000,0.0000
1789471103.3293,0.0000,-0.0000,0.0000,0.0000,0.0000,0.0000,0.0000,0.0000,0.0000,0.0000,-0.0000,0.0000
1789471103.3793,0.0000,-0.0000,0.0000,0.0000,0.0000,0.0000,0.0000,0.0000,0.0000,0.0000,-0.0000,0.0000
1789471103.4294,0.0000,-0.0000,0.0000,0.0000,0.0000,0.0000,0.0000,0.0000,0.0000,0.0000,-0.0000,0.0000
1789471103.4792,0.0000,-0.0000,0.0000,0.0000,0.0000,0.0000,0.0000,0.0000,0.0000,0.0000,-0.0000,0.0000
1789471103.5293,0.0000,-0.0000,0.0000,0.0000,0.0000,0.0000,0.0000,0.0000,0.0000,0.0000,-0.0000,0.0000
1789471103.5793,0.0000,-0.0000,0.0000,0.0000,0.0000,0.0000,0.0000,0.0000,0.0000,0.0000,-0.0000,0.0000
1789471103.6297,0.0000,-0.0000,0.0000,0.0000,0.0000,0.0000,0.0000,0.0000,0.0000,0.0000,-0.0000,0.0000
1789471103.6793,0.0000,-0.0000,0.0000,0.0000,0.0000,0.0000,0.0000,0.0000,0.0000,0.0000,-0.0000,0.0000
1789471103.7293,0.0000,-0.0000,0.0000,0.0000,0.0000,0.0000,0.0000,0.0000,0.0000,0.0000,-0.0000,0.0000
1789471103.7793,0.0000,-0.0000,0.0000,0.0000,0.0000,0.0000,0.0000,0.0000,0.0000,0.0000,-0.0000,0.0000
1789471103.8293,0.0000,-0.0000,0.0000,0.0000,0.0000,0.0000,0.0000,0.0000,0.0000,0.0000,-0.0000,0.0000
1789471103.8793,0.0000,-0.0000,0.0000,0.0000,0.0000,0.0000,0.0000,0.0000,0.0000,0.0000,-0.0000,0.0000
1789471103.9293,0.0000,-0.0000,0.0000,0.0000,0.0000,0.0000,0.0000,0.0000,0.0000,0.0000,-0.0000,0.0000
1789471103.9791,0.0000,-0.0000,0.0000,0.0000,0.0000,0.0000,0.0000,0.0000,0.0000,0.0000,-0.0000,0.0000
1789471104.0293,0.0000,-0.0000,0.0000,0.0000,0.0000,0.0000,0.0000,0.0000,0.0000,0.0000,-0.0000,0.0000
1789471104.0793,0.0000,-0.0000,0.0000,0.0000,0.0000,0.0000,0.0000,0.0000,0.0000,0.0000,-0.0000,0.0000
1789471104.1293,0.0000,-0.0000,0.0000,0.0000,0.0000,0.0000,0.0000,0.0000,0.0000,0.0000,-0.0000,0.0000
1789471104.1794,0.0000,-0.0000,0.0000,0.0000,0.0000,0.0000,0.0000,0.0000,0.0000,0.0000,-0.0000,0.0000
1789471104.2294,0.0000,-0.0000,0.0000,0.0000,0.0000,0.0000,0.0000,0.0000,0.0000,0.0000,-0.0000,0.0000
1789471104.2793,0.0000,-0.0000,0.0000,0.0000,0.0000,0.0000,0.0000,0.0000,0.0000,0.0000,-0.0000,0.0000
1789471104.3297,0.0000,-0.0000,0.0000,0.0000,0.0000,0.0000,0.0000,0.0000,0.0000,0.0000,-0.0000,0.0000
1789471104.3793,0.0000,-0.0000,0.0000,0.0000,0.0000,0.0000,0.0000,0.0000,0.0000,0.0000,-0.0000,0.0000
1789471104.4292,0.0000,-0.0000,0.0000,0.0000,0.0000,0.0000,0.0000,0.0000,0.0000,0.0000,-0.0000,0.0000
1789471104.4792,0.0000,-0.0000,0.0000,0.0000,0.0000,0.0000,0.0000,0.0000,0.0000,0.0000,-0.0000,0.0000
1789471104.5293,0.0000,-0.0000,0.0000,0.0000,0.0000,0.0000,0.0000,0.0000,0.0000,0.0000,-0.0000,0.0000
1789471104.5793,0.0000,-0.0000,0.0000,0.0000,0.0000,0.0000,0.0000,0.0000,0.0000,0.0000,-0.0000,0.0000
1789471104.6293,0.0000,-0.0000,0.0000,0.0000,0.0000,0.0000,0.0000,0.0000,0.0000,0.0000,-0.0000,0.0000
1789471104.6793,0.0000,-0.0000,0.0000,0.0000,0.0000,0.0000,0.0000,0.0000,0.0000,0.0000,-0.0000,0.0000
1789471104.7294,0.0000,-0.0000,0.0000,0.0000,0.0000,0.0000,0.0000,0.0000,0.0000,0.0000,-0.0000,0.0000
1789471104.7792,0.0000,-0.0000,0.0000,0.0000,0.0000,0.0000,0.0000,0.0000,0.0000,0.0000,-0.0000,0.0000
1789471104.8293,0.0000,-0.0000,0.0000,0.0000,0.0000,0.0000,0.0000,0.0000,0.0000,0.0000,-0.0000,0.0000
1789471104.8793,0.0000,-0.0000,0.0000,0.0000,0.0000,0.0000,0.0000,0.0000,0.0000,0.0000,-0.0000,0.0000
1789471104.9293,0.0000,-0.0000,0.0000,0.0000,0.0000,0.0000,0.0000,0.0000,0.0000,0.0000,-0.0000,0.0000
1789471104.9791,0.0000,-0.0000,0.0000,0.0000,0.0000,0.0000,0.0000,0.0000,0.0000,0.0000,-0.0000,0.0000
1789471105.0295,0.0000,-0.0000,0.0000,0.0000,0.0000,0.0000,0.0000,0.0000,0.0000,0.0000,-0.0000,0.0000
1789471105.0794,0.0000,-0.0000,0.0000,0.0000,0.0000,0.0000,0.0000,0.0000,0.0000,0.0000,-0.0000,0.0000
1789471105.1292,0.0000,-0.0000,0.0000,0.0000,0.0000,0.0000,0.0000,0.0000,0.0000,0.0000,-0.0000,0.0000
1789471105.1795,0.0000,-0.0000,0.0000,0.0000,0.0000,0.0000,0.0000,0.0000,0.0000,0.0000,-0.0000,0.0000
1789471105.2293,0.0000,-0.0000,0.0000,0.0000,0.0000,0.0000,0.0000,0.0000,0.0000,0.0000,-0.0000,0.0000
1789471105.2794,0.0000,-0.0000,0.0000,0.0000,0.0000,0.0000,0.0000,0.0000,0.0000,0.0000,-0.0000,0.0000
1789471105.3293,0.0000,-0.0000,0.0000,0.0000,0.0000,0.0000,0.0000,0.0000,0.0000,0.0000,-0.0000,0.0000
1789471105.3796,0.0000,-0.0000,0.0000,0.0000,0.0000,0.0000,0.0000,0.0000,0.0000,0.0000,-0.0000,0.0000
1789471105.4293,0.0000,-0.0000,0.0000,0.0000,0.0000,0.0000,0.0000,0.0000,0.0000,0.0000,-0.0000,0.0000
1789471105.4791,0.0000,-0.0000,0.0000,0.0000,0.0000,0.0000,0.0000,0.0000,0.0000,0.0000,-0.0000,0.0000
1789471105.5294,0.0000,-0.0000,0.0000,0.0000,0.0000,0.0000,0.0000,0.0000,0.0000,0.0000,-0.0000,0.0000
1789471105.5792,0.0000,-0.0000,0.0000,0.0000,0.0000,0.0000,0.0000,0.0000,0.0000,0.0000,-0.0000,0.0000
1789471105.6293,0.0000,-0.0000,0.0000,0.0000,0.0000,0.0000,0.0000,0.0000,0.0000,0.0000,-0.0000,0.0000
1789471105.6794,0.0000,-0.0000,0.0000,0.0000,0.0000,0.0000,0.0000,0.0000,0.0000,0.0000,-0.0000,0.0000
1789471105.7294,0.0000,-0.0000,0.0000,0.0000,0.0000,0.0000,0.0000,0.0000,0.0000,0.0000,-0.0000,0.0000
1789471105.7794,0.0000,-0.0000,0.0000,0.0000,0.0000,0.0000,0.0000,0.0000,0.0000,0.0000,-0.0000,0.0000
1789471105.8293,0.0000,-0.0000,0.0000,0.0000,0.0000,0.0000,0.0000,0.0000,0.0000,0.0000,-0.0000,0.0000
1789471105.8794,0.0000,-0.0000,0.0000,0.0000,0.0000,0.0000,0.0000,0.0000,0.0000,0.0000,-0.0000,0.0000
1789471105.9294,0.0000,-0.0000,0.0000,0.0000,0.0000,0.0000,0.0000,0.0000,0.0000,0.0000,-0.0000,0.0000
1789471105.9793,0.0000,-0.0000,0.0000,0.0000,0.0000,0.0000,0.0000,0.0000,0.0000,0.0000,-0.0000,0.0000
1789471106.0295,0.0000,-0.0000,0.0000,0.0000,0.0000,0.0000,0.0000,0.0000,0.0000,0.0000,-0.0000,0.0000
1789471106.0795,0.0000,-0.0000,0.0000,0.0000,0.0000,0.0000,0.0000,0.0000,0.0000,0.0000,-0.0000,0.0000
1789471106.1294,0.0000,-0.0000,0.0000,0.0000,0.0000,0.0000,0.0000,0.0000,0.0000,0.0000,-0.0000,0.0000
1789471106.1796,0.0000,-0.0000,0.0000,0.0000,0.0000,0.0000,0.0000,0.0000,0.0000,0.0000,-0.0000,0.0000
1789471106.2294,0.0000,-0.0000,0.0000,0.0000,0.0000,0.0000,0.0000,0.0000,0.0000,0.0000,-0.0000,0.0000
1789471106.2793,0.0000,-0.0000,0.0000,0.0000,0.0000,0.0000,0.0000,0.0000,0.0000,0.0000,-0.0000,0.0000
1789471106.3295,0.0000,-0.0000,0.0000,0.0000,0.0000,0.0000,0.0000,0.0000,0.0000,0.0000,-0.0000,0.0000
1789471106.3795,0.0000,-0.0000,0.0000,0.0000,0.0000,0.0000,0.0000,0.0000,0.0000,0.0000,-0.0000,0.0000
1789471106.4293,0.0000,-0.0000,0.0000,0.0000,0.0000,0.0000,0.0000,0.0000,0.0000,0.0000,-0.0000,0.0000
1789471106.4797,0.0000,-0.0000,0.0000,0.0000,0.0000,0.0000,0.0000,0.0000,0.0000,0.0000,-0.0000,0.0000
1789471106.5295,0.0000,-0.0000,0.0000,0.0000,0.0000,0.0000,0.0000,0.0000,0.0000,0.0000,-0.0000,0.0000
1789471106.5794,0.0000,-0.0000,0.0000,0.0000,0.0000,0.0000,0.0000,0.0000,0.0000,0.0000,-0.0000,0.0000
1789471106.6292,0.0000,-0.0000,0.0000,0.0000,0.0000,0.0000,0.0000,0.0000,0.0000,0.0000,-0.0000,0.0000
1789471106.6794,0.0000,-0.0000,0.0000,0.0000,0.0000,0.0000,0.0000,0.0000,0.0000,0.0000,-0.0000,0.0000
1789471106.7294,0.0000,-0.0000,0.0000,0.0000,0.0000,0.0000,0.0000,0.0000,0.0000,0.0000,-0.0000,0.0000
1789471106.7794,0.0000,-0.0000,0.0000,0.0000,0.0000,0.0000,0.0000,0.0000,0.0000,0.0000,-0.0000,0.0000
1789471106.8295,0.0000,-0.0000,0.0000,0.0000,0.0000,0.0000,0.0000,0.0000,0.0000,0.0000,-0.0000,0.0000
1789471106.8795,0.0000,-0.0000,0.0000,0.0000,0.0000,0.0000,0.0000,0.0000,0.0000,0.0000,-0.0000,0.0000
1789471106.9294,0.0000,-0.0000,0.0000,0.0000,0.0000,0.0000,0.0000,0.0000,0.0000,0.0000,-0.0000,0.0000
1789471106.9794,0.0000,-0.0000,0.0000,0.0000,0.0000,0.0000,0.0000,0.0000,0.0000,0.0000,-0.0000,0.0000
1789471107.0294,0.0000,-0.0000,0.0000,0.0000,0.0000,0.0000,0.0000,0.0000,0.0000,0.0000,-0.0000,0.0000
1789471107.0794,0.0000,-0.0000,0.0000,0.0000,0.0000,0.0000,0.0000,0.0000,0.0000,0.0000,-0.0000,0.0000
1789471107.1295,0.0000,-0.0000,0.0000,0.0000,0.0000,0.0000,0.0000,0.0000,0.0000,0.0000,-0.0000,0.0000
1789471107.1794,0.0000,-0.0000,0.0000,0.0000,0.0000,0.0000,0.0000,0.0000,0.0000,0.0000,-0.0000,0.0000
1789471107.2295,0.0000,-0.0000,0.0000,0.0000,0.0000,0.0000,0.0000,0.0000,0.0000,0.0000,-0.0000,0.0000
1789471107.2795,0.0000,-0.0000,0.0000,0.0000,0.0000,0.0000,0.0000,0.0000,0.0000,0.0000,-0.0000,0.0000
1789471107.3295,0.0000,-0.0000,0.0000,0.0000,0.0000,0.0000,0.0000,0.0000,0.0000,0.0000,-0.0000,0.0000
1789471107.3794,0.0000,-0.0000,0.0000,0.0000,0.0000,0.0000,0.0000,0.0000,0.0000,0.0000,-0.0000,0.0000
1789471107.4295,0.0000,-0.0000,0.0000,0.0000,0.0000,0.0000,0.0000,0.0000,0.0000,0.0000,-0.0000,0.0000
1789471107.4794,0.0000,-0.0000,0.0000,0.0000,0.0000,0.0000,0.0000,0.0000,0.0000,0.0000,-0.0000,0.0000
1789471107.5294,0.0000,-0.0000,0.0000,0.0000,0.0000,0.0000,0.0000,0.0000,0.0000,0.0000,-0.0000,0.0000
1789471107.5794,0.0000,-0.0000,0.0000,0.0000,0.0000,0.0000,0.0000,0.0000,0.0000,0.0000,-0.0000,0.0000
1789471107.6294,0.0000,-0.0000,0.0000,0.0000,0.0000,0.0000,0.0000,0.0000,0.0000,0.0000,-0.0000,0.0000
1789471107.6793,0.0000,-0.0000,0.0000,0.0000,0.0000,0.0000,0.0000,0.0000,0.0000,0.0000,-0.0000,0.0000
1789471107.7295,0.0000,-0.0000,0.0000,0.0000,0.0000,0.0000,0.0000,0.0000,0.0000,0.0000,-0.0000,0.0000
1789471107.7794,0.0000,-0.0000,0.0000,0.0000,0.0000,0.0000,0.0000,0.0000,0.0000,0.0000,-0.0000,0.0000
1789471107.8294,0.0000,-0.0000,0.0000,0.0000,0.0000,0.0000,0.0000,0.0000,0.0000,0.0000,-0.0000,0.0000
1789471107.8795,0.0000,-0.0000,0.0000,0.0000,0.0000,0.0000,0.0000,0.0000,0.0000,0.0000,-0.0000,0.0000
1789471107.9295,0.0000,-0.0000,0.0000,0.0000,0.0000,0.0000,0.0000,0.0000,0.0000,0.0000,-0.0000,0.0000
1789471107.9792,0.0000,-0.0000,0.0000,0.0000,0.0000,0.0000,0.0000,0.0000,0.0000,0.0000,-0.0000,0.0000
1789471108.0293,0.0000,-0.0000,0.0000,0.0000,0.0000,0.0000,0.0000,0.0000,0.0000,0.0000,-0.0000,0.0000
1789471108.0794,0.0000,-0.0000,0.0000,0.0000,0.0000,0.0000,0.0000,0.0000,0.0000,0.0000,-0.0000,0.0000
1789471108.1295,0.0000,-0.0000,0.0000,0.0000,0.0000,0.0000,0.0000,0.0000,0.0000,0.0000,-0.0000,0.0000
1789471108.1795,0.0000,-0.0000,0.0000,0.0000,0.0000,0.0000,0.0000,0.0000,0.0000,0.0000,-0.0000,0.0000
1789471108.2295,0.0000,-0.0000,0.0000,0.0000,0.0000,0.0000,0.0000,0.0000,0.0000,0.0000,-0.0000,0.0000
1789471108.2794,0.0000,-0.0000,0.0000,0.0000,0.0000,0.0000,0.0000,0.0000,0.0000,0.0000,-0.0000,0.0000
1789471108.3294,0.0000,-0.0000,0.0000,0.0000,0.0000,0.0000,0.0000,0.0000,0.0000,0.0000,-0.0000,0.0000
1789471108.3794,0.0000,-0.0000,0.0000,0.0000,0.0000,0.0000,0.0000,0.0000,0.0000,0.0000,-0.0000,0.0000
1789471108.4295,0.0000,-0.0000,0.0000,0.0000,0.0000,0.0000,0.0000,0.0000,0.0000,0.0000,-0.0000,0.0000
1789471108.4792,0.0000,-0.0000,0.0000,0.0000,0.0000,0.0000,0.0000,0.0000,0.0000,0.0000,-0.0000,0.0000
1789471108.5294,0.0000,-0.0000,0.0000,0.0000,0.0000,0.0000,0.0000,0.0000,0.0000,0.0000,-0.0000,0.0000
1789471108.5794,0.0000,-0.0000,0.0000,0.0000,0.0000,0.0000,0.0000,0.0000,0.0000,0.0000,-0.0000,0.0000
1789471108.6295,0.0000,-0.0000,0.0000,0.0000,0.0000,0.0000,0.0000,0.0000,0.0000,0.0000,-0.0000,0.0000
1789471108.6794,0.0000,-0.0000,0.0000,0.0000,0.0000,0.0000,0.0000,0.0000,0.0000,0.0000,-0.0000,0.0000
1789471108.7296,0.0000,-0.0000,0.0000,0.0000,0.0000,0.0000,0.0000,0.0000,0.0000,0.0000,-0.0000,0.0000
1789471108.7794,0.0000,-0.0000,0.0000,0.0000,0.0000,0.0000,0.0000,0.0000,0.0000,0.0000,-0.0000,0.0000
1789471108.8295,0.0000,-0.0000,0.0000,0.0000,0.0000,0.0000,0.0000,0.0000,0.0000,0.0000,-0.0000,0.0000
1789471108.8794,0.0000,-0.0000,0.0000,0.0000,0.0000,0.0000,0.0000,0.0000,0.0000,0.0000,-0.0000,0.0000
1789471108.9295,0.0000,-0.0000,0.0000,0.0000,0.0000,0.0000,0.0000,0.0000,0.0000,0.0000,-0.0000,0.0000
1789471108.9796,0.0000,-0.0000,0.0000,0.0000,0.0000,0.0000,0.0000,0.0000,0.0000,0.0000,-0.0000,0.0000
1789471109.0295,0.0000,-0.0000,0.0000,0.0000,0.0000,0.0000,0.0000,0.0000,0.0000,0.0000,-0.0000,0.0000
1789471109.0795,0.0000,-0.0000,0.0000,0.0000,0.0000,0.0000,0.0000,0.0000,0.0000,0.0000,-0.0000,0.0000
1789471109.1295,0.0000,-0.0000,0.0000,0.0000,0.0000,0.0000,0.0000,0.0000,0.0000,0.0000,-0.0000,0.0000
1789471109.1796,0.0000,-0.0000,0.0000,0.0000,0.0000,0.0000,0.0000,0.0000,0.0000,0.0000,-0.0000,0.0000
1789471109.2295,0.0000,-0.0000,0.0000,0.0000,0.0000,0.0000,0.0000,0.0000,0.0000,0.0000,-0.0000,0.0000
1789471109.2795,0.0000,-0.0000,0.0000,0.0000,0.0000,0.0000,0.0000,0.0000,0.0000,0.0000,-0.0000,0.0000
1789471109.3295,0.0000,-0.0000,0.0000,0.0000,0.0000,0.0000,0.0000,0.0000,0.0000,0.0000,-0.0000,0.0000
1789471109.3795,0.0000,-0.0000,0.0000,0.0000,0.0000,0.0000,0.0000,0.0000,0.0000,0.0000,-0.0000,0.0000
1789471109.4297,0.0000,-0.0000,0.0000,0.0000,0.0000,0.0000,0.0000,0.0000,0.0000,0.0000,-0.0000,0.0000
1789471109.4793,0.0000,-0.0000,0.0000,0.0000,0.0000,0.0000,0.0000,0.0000,0.0000,0.0000,-0.0000,0.0000
1789471109.5293,0.0000,-0.0000,0.0000,0.0000,0.0000,0.0000,0.0000,0.0000,0.0000,0.0000,-0.0000,0.0000
1789471109.5794,0.0000,-0.0000,0.0000,0.0000,0.0000,0.0000,0.0000,0.0000,0.0000,0.0000,-0.0000,0.0000
1789471109.6295,0.0000,-0.0000,0.0000,0.0000,0.0000,0.0000,0.0000,0.0000,0.0000,0.0000,-0.0000,0.0000
1789471109.6795,0.0000,-0.0000,0.0000,0.0000,0.0000,0.0000,0.0000,0.0000,0.0000,0.0000,-0.0000,0.0000
1789471109.7294,0.0000,-0.0000,0.0000,0.0000,0.0000,0.0000,0.0000,0.0000,0.0000,0.0000,-0.0000,0.0000
1789471109.7797,0.0000,-0.0000,0.0000,0.0000,0.0000,0.0000,0.0000,0.0000,0.0000,0.0000,-0.0000,0.0000
1789471109.8296,0.0000,-0.0000,0.0000,0.0000,0.0000,0.0000,0.0000,0.0000,0.0000,0.0000,-0.0000,0.0000
1789471109.8796,0.0000,-0.0000,0.0000,0.0000,0.0000,0.0000,0.0000,0.0000,0.0000,0.0000,-0.0000,0.0000
1789471109.9295,0.0000,-0.0000,0.0000,0.0000,0.0000,0.0000,0.0000,0.0000,0.0000,0.0000,-0.0000,0.0000
1789471109.9795,0.0000,-0.0000,0.0000,0.0000,0.0000,0.0000,0.0000,0.0000,0.0000,0.0000,-0.0000,0.0000
1789471110.0294,0.0000,-0.0000,0.0000,0.0000,0.0000,0.0000,0.0000,0.0000,0.0000,0.0000,-0.0000,0.0000
1789471110.0794,0.0000,-0.0000,0.0000,0.0000,0.0000,0.0000,0.0000,0.0000,0.0000,0.0000,-0.0000,0.0000
1789471110.1296,0.0000,-0.0000,0.0000,0.0000,0.0000,0.0000,0.0000,0.0000,0.0000,0.0000,-0.0000,0.0000
1789471110.1795,0.0000,-0.0000,0.0000,0.0000,0.0000,0.0000,0.0000,0.0000,0.0000,0.0000,-0.0000,0.0000
1789471110.2293,0.0000,-0.0000,0.0000,0.0000,0.0000,0.0000,0.0000,0.0000,0.0000,0.0000,-0.0000,0.0000
1789471110.2796,0.0000,-0.0000,0.0000,0.0000,0.0000,0.0000,0.0000,0.0000,0.0000,0.0000,-0.0000,0.0000
1789471110.3295,0.0000,-0.0000,0.0000,0.0000,0.0000,0.0000,0.0000,0.0000,0.0000,0.0000,-0.0000,0.0000
1789471110.3795,0.0000,-0.0000,0.0000,0.0000,0.0000,0.0000,0.0000,0.0000,0.0000,0.0000,-0.0000,0.0000
1789471110.4295,0.0000,-0.0000,0.0000,0.0000,0.0000,0.0000,0.0000,0.0000,0.0000,0.0000,-0.0000,0.0000
1789471110.4796,0.0000,-0.0000,0.0000,0.0000,0.0000,0.0000,0.0000,0.0000,0.0000,0.0000,-0.0000,0.0000
1789471110.5296,0.0000,-0.0000,0.0000,0.0000,0.0000,0.0000,0.0000,0.0000,0.0000,0.0000,-0.0000,0.0000
1789471110.5794,0.0000,-0.0000,0.0000,0.0000,0.0000,0.0000,0.0000,0.0000,0.0000,0.0000,-0.0000,0.0000
1789471110.6295,0.0000,-0.0000,0.0000,0.0000,0.0000,0.0000,0.0000,0.0000,0.0000,0.0000,-0.0000,0.0000
1789471110.6796,0.0000,-0.0000,0.0000,0.0000,0.0000,0.0000,0.0000,0.0000,0.0000,0.0000,-0.0000,0.0000
1789471110.7296,0.0000,-0.0000,0.0000,0.0000,0.0000,0.0000,0.0000,0.0000,0.0000,0.0000,-0.0000,0.0000
1789471110.7794,0.0000,-0.0000,0.0000,0.0000,0.0000,0.0000,0.0000,0.0000,0.0000,0.0000,-0.0000,0.0000
1789471110.8297,0.0000,-0.0000,0.0000,0.0000,0.0000,0.0000,0.0000,0.0000,0.0000,0.0000,-0.0000,0.0000
1789471110.8796,0.0000,-0.0000,0.0000,0.0000,0.0000,0.0000,0.0000,0.0000,0.0000,0.0000,-0.0000,0.0000
1789471110.9295,0.0000,-0.0000,0.0000,0.0000,0.0000,0.0000,0.0000,0.0000,0.0000,0.0000,-0.0000,0.0000
1789471110.9794,0.0000,-0.0000,0.0000,0.0000,0.0000,0.0000,0.0000,0.0000,0.0000,0.0000,-0.0000,0.0000
1789471111.0295,0.0000,-0.0000,0.0000,0.0000,0.0000,0.0000,0.0000,0.0000,0.0000,0.0000,-0.0000,0.0000
1789471111.0795,0.0000,-0.0000,0.0000,0.0000,0.0000,0.0000,0.0000,0.0000,0.0000,0.0000,-0.0000,0.0000
1789471111.1295,0.0000,-0.0000,0.0000,0.0000,0.0000,0.0000,0.0000,0.0000,0.0000,0.0000,-0.0000,0.0000
1789471111.1796,0.0000,-0.0000,0.0000,0.0000,0.0000,0.0000,0.0000,0.0000,0.0000,0.0000,-0.0000,0.0000
1789471111.2297,0.0000,-0.0000,0.0000,0.0000,0.0000,0.0000,0.0000,0.0000,0.0000,0.0000,-0.0000,0.0000
1789471111.2795,0.0000,-0.0000,0.0000,0.0000,0.0000,0.0000,0.0000,0.0000,0.0000,0.0000,-0.0000,0.0000
1789471111.3295,0.0000,-0.0000,0.0000,0.0000,0.0000,0.0000,0.0000,0.0000,0.0000,0.0000,-0.0000,0.0000
1789471111.3795,0.0000,-0.0000,0.0000,0.0000,0.0000,0.0000,0.0000,0.0000,0.0000,0.0000,-0.0000,0.0000
1789471111.4295,0.0000,-0.0000,0.0000,0.0000,0.0000,0.0000,0.0000,0.0000,0.0000,0.0000,-0.0000,0.0000
1789471111.4795,0.0000,-0.0000,0.0000,0.0000,0.0000,0.0000,0.0000,0.0000,0.0000,0.0000,-0.0000,0.0000
1789471111.5295,0.0000,-0.0000,0.0000,0.0000,0.0000,0.0000,0.0000,0.0000,0.0000,0.0000,-0.0000,0.0000
1789471111.5795,0.0000,-0.0000,0.0000,0.0000,0.0000,0.0000,0.0000,0.0000,0.0000,0.0000,-0.0000,0.0000
1789471111.6294,0.0000,-0.0000,0.0000,0.0000,0.0000,0.0000,0.0000,0.0000,0.0000,0.0000,-0.0000,0.0000
1789471111.6796,0.0000,-0.0000,0.0000,0.0000,0.0000,0.0000,0.0000,0.0000,0.0000,0.0000,-0.0000,0.0000
1789471111.7295,0.0000,-0.0000,0.0000,0.0000,0.0000,0.0000,0.0000,0.0000,0.0000,0.0000,-0.0000,0.0000
1789471111.7795,0.0000,-0.0000,0.0000,0.0000,0.0000,0.0000,0.0000,0.0000,0.0000,0.0000,-0.0000,0.0000
1789471111.8295,0.0000,-0.0000,0.0000,0.0000,0.0000,0.0000,0.0000,0.0000,0.0000,0.0000,-0.0000,0.0000
1789471111.8795,0.0000,-0.0000,0.0000,0.0000,0.0000,0.0000,0.0000,0.0000,0.0000,0.0000,-0.0000,0.0000
1789471111.9295,0.0000,-0.0000,0.0000,0.0000,0.0000,0.0000,0.0000,0.0000,0.0000,0.0000,-0.0000,0.0000
1789471111.9794,0.0000,-0.0000,0.0000,0.0000,0.0000,0.0000,0.0000,0.0000,0.0000,0.0000,-0.0000,0.0000
1789471112.0295,0.0000,-0.0000,0.0000,0.0000,0.0000,0.0000,0.0000,0.0000,0.0000,0.0000,-0.0000,0.0000
1789471112.0795,0.0000,-0.0000,0.0000,0.0000,0.0000,0.0000,0.0000,0.0000,0.0000,0.0000,-0.0000,0.0000
1789471112.1296,0.0000,-0.0000,0.0000,0.0000,0.0000,0.0000,0.0000,0.0000,0.0000,0.0000,-0.0000,0.0000
1789471112.1795,0.0000,-0.0000,0.0000,0.0000,0.0000,0.0000,0.0000,0.0000,0.0000,0.0000,-0.0000,0.0000
1789471112.2297,0.0000,-0.0000,0.0000,0.0000,0.0000,0.0000,0.0000,0.0000,0.0000,0.0000,-0.0000,0.0000
1789471112.2796,0.0000,-0.0000,0.0000,0.0000,0.0000,0.0000,0.0000,0.0000,0.0000,0.0000,-0.0000,0.0000
1789471112.3295,0.0000,-0.0000,0.0000,0.0000,0.0000,0.0000,0.0000,0.0000,0.0000,0.0000,-0.0000,0.0000
1789471112.3795,0.0000,-0.0000,0.0000,0.0000,0.0000,0.0000,0.0000,0.0000,0.0000,0.0000,-0.0000,0.0000
1789471112.4294,0.0000,-0.0000,0.0000,0.0000,0.0000,0.0000,0.0000,0.0000,0.0000,0.0000,-0.0000,0.0000
1789471112.4793,0.0000,-0.0000,0.0000,0.0000,0.0000,0.0000,0.0000,0.0000,0.0000,0.0000,-0.0000,0.0000
1789471112.5295,0.0000,-0.0000,0.0000,0.0000,0.0000,0.0000,0.0000,0.0000,0.0000,0.0000,-0.0000,0.0000
1789471112.5795,0.0000,-0.0000,0.0000,0.0000,0.0000,0.0000,0.0000,0.0000,0.0000,0.0000,-0.0000,0.0000
1789471112.6296,0.0000,-0.0000,0.0000,0.0000,0.0000,0.0000,0.0000,0.0000,0.0000,0.0000,-0.0000,0.0000
1789471112.6804,0.0000,-0.0000,0.0000,0.0000,0.0000,0.0000,0.0000,0.0000,0.0000,0.0000,-0.0000,0.0000
1789471112.7298,0.0000,-0.0000,0.0000,0.0000,0.0000,0.0000,0.0000,0.0000,0.0000,0.0000,-0.0000,0.0000
1789471112.7794,0.0000,-0.0000,0.0000,0.0000,0.0000,0.0000,0.0000,0.0000,0.0000,0.0000,-0.0000,0.0000
1789471112.8296,0.0000,-0.0000,0.0000,0.0000,0.0000,0.0000,0.0000,0.0000,0.0000,0.0000,-0.0000,0.0000
1789471112.8796,0.0000,-0.0000,0.0000,0.0000,0.0000,0.0000,0.0000,0.0000,0.0000,0.0000,-0.0000,0.0000
1789471112.9295,0.0000,-0.0000,0.0000,0.0000,0.0000,0.0000,0.0000,0.0000,0.0000,0.0000,-0.0000,0.0000
1789471112.9797,0.0000,-0.0000,0.0000,0.0000,0.0000,0.0000,0.0000,0.0000,0.0000,0.0000,-0.0000,0.0000
1789471113.0297,0.0000,-0.0000,0.0000,0.0000,0.0000,0.0000,0.0000,0.0000,0.0000,0.0000,-0.0000,0.0000
1789471113.0796,0.0000,-0.0000,0.0000,0.0000,0.0000,0.0000,0.0000,0.0000,0.0000,0.0000,-0.0000,0.0000
1789471113.1295,0.0000,-0.0000,0.0000,0.0000,0.0000,0.0000,0.0000,0.0000,0.0000,0.0000,-0.0000,0.0000
1789471113.1797,0.0000,-0.0000,0.0000,0.0000,0.0000,0.0000,0.0000,0.0000,0.0000,0.0000,-0.0000,0.0000
1789471113.2296,0.0000,-0.0000,0.0000,0.0000,0.0000,0.0000,0.0000,0.0000,0.0000,0.0000,-0.0000,0.0000
1789471113.2796,0.0000,-0.0000,0.0000,0.0000,0.0000,0.0000,0.0000,0.0000,0.0000,0.0000,-0.0000,0.0000
1789471113.3296,0.0000,-0.0000,0.0000,0.0000,0.0000,0.0000,0.0000,0.0000,0.0000,0.0000,-0.0000,0.0000
1789471113.3796,0.0000,-0.0000,0.0000,0.0000,0.0000,0.0000,0.0000,0.0000,0.0000,0.0000,-0.0000,0.0000
1789471113.4295,0.0000,-0.0000,0.0000,0.0000,0.0000,0.0000,0.0000,0.0000,0.0000,0.0000,-0.0000,0.0000
1789471113.4793,0.0000,-0.0000,0.0000,0.0000,0.0000,0.0000,0.0000,0.0000,0.0000,0.0000,-0.0000,0.0000
1789471113.5297,0.0000,-0.0000,0.0000,0.0000,0.0000,0.0000,0.0000,0.0000,0.0000,0.0000,-0.0000,0.0000
1789471113.5796,0.0000,-0.0000,0.0000,0.0000,0.0000,0.0000,0.0000,0.0000,0.0000,0.0000,-0.0000,0.0000
1789471113.6296,0.0000,-0.0000,0.0000,0.0000,0.0000,0.0000,0.0000,0.0000,0.0000,0.0000,-0.0000,0.0000
1789471113.6796,0.0000,-0.0000,0.0000,0.0000,0.0000,0.0000,0.0000,0.0000,0.0000,0.0000,-0.0000,0.0000
1789471113.7297,0.0000,-0.0000,0.0000,0.0000,0.0000,0.0000,0.0000,0.0000,0.0000,0.0000,-0.0000,0.0000
1789471113.7796,0.0000,-0.0000,0.0000,0.0000,0.0000,0.0000,0.0000,0.0000,0.0000,0.0000,-0.0000,0.0000
1789471113.8295,0.0000,-0.0000,0.0000,0.0000,0.0000,0.0000,0.0000,0.0000,0.0000,0.0000,-0.0000,0.0000
1789471113.8796,0.0000,-0.0000,0.0000,0.0000,0.0000,0.0000,0.0000,0.0000,0.0000,0.0000,-0.0000,0.0000
1789471113.9297,0.0000,-0.0000,0.0000,0.0000,0.0000,0.0000,0.0000,0.0000,0.0000,0.0000,-0.0000,0.0000
1789471113.9795,0.0000,-0.0000,0.0000,0.0000,0.0000,0.0000,0.0000,0.0000,0.0000,0.0000,-0.0000,0.0000
1789471114.0296,0.0000,-0.0000,0.0000,0.0000,0.0000,0.0000,0.0000,0.0000,0.0000,0.0000,-0.0000,0.0000
1789471114.0798,0.0000,-0.0000,0.0000,0.0000,0.0000,0.0000,0.0000,0.0000,0.0000,0.0000,-0.0000,0.0000
1789471114.1296,0.0000,-0.0000,0.0000,0.0000,0.0000,0.0000,0.0000,0.0000,0.0000,0.0000,-0.0000,0.0000
1789471114.1797,0.0000,-0.0000,0.0000,0.0000,0.0000,0.0000,0.0000,0.0000,0.0000,0.0000,-0.0000,0.0000
1789471114.2297,0.0000,-0.0000,0.0000,0.0000,0.0000,0.0000,0.0000,0.0000,0.0000,0.0000,-0.0000,0.0000
1789471114.2796,0.0000,-0.0000,0.0000,0.0000,0.0000,0.0000,0.0000,0.0000,0.0000,0.0000,-0.0000,0.0000
1789471114.3296,0.0000,-0.0000,0.0000,0.0000,0.0000,0.0000,0.0000,0.0000,0.0000,0.0000,-0.0000,0.0000
1789471114.3798,0.0000,-0.0000,0.0000,0.0000,0.0000,0.0000,0.0000,0.0000,0.0000,0.0000,-0.0000,0.0000
1789471114.4297,0.0000,-0.0000,0.0000,0.0000,0.0000,0.0000,0.0000,0.0000,0.0000,0.0000,-0.0000,0.0000
1789471114.4795,0.0000,-0.0000,0.0000,0.0000,0.0000,0.0000,0.0000,0.0000,0.0000,0.0000,-0.0000,0.0000
1789471114.5295,0.0000,-0.0000,0.0000,0.0000,0.0000,0.0000,0.0000,0.0000,0.0000,0.0000,-0.0000,0.0000
1789471114.5796,0.0000,-0.0000,0.0000,0.0000,0.0000,0.0000,0.0000,0.0000,0.0000,0.0000,-0.0000,0.0000
1789471114.6296,0.0000,-0.0000,0.0000,0.0000,0.0000,0.0000,0.0000,0.0000,0.0000,0.0000,-0.0000,0.0000
1789471114.6796,0.0000,-0.0000,0.0000,0.0000,0.0000,0.0000,0.0000,0.0000,0.0000,0.0000,-0.0000,0.0000
1789471114.7296,0.0000,-0.0000,0.0000,0.0000,0.0000,0.0000,0.0000,0.0000,0.0000,0.0000,-0.0000,0.0000
1789471114.7796,0.0000,-0.0000,0.0000,0.0000,0.0000,0.0000,0.0000,0.0000,0.0000,0.0000,-0.0000,0.0000
1789471114.8296,0.0000,-0.0000,0.0000,0.0000,0.0000,0.0000,0.0000,0.0000,0.0000,0.0000,-0.0000,0.0000
1789471114.8796,0.0000,-0.0000,0.0000,0.0000,0.0000,0.0000,0.0000,0.0000,0.0000,0.0000,-0.0000,0.0000
1789471114.9296,0.0000,-0.0000,0.0000,0.0000,0.0000,0.0000,0.0000,0.0000,0.0000,0.0000,-0.0000,0.0000
1789471114.9794,0.0000,-0.0000,0.0000,0.0000,0.0000,0.0000,0.0000,0.0000,0.0000,0.0000,-0.0000,0.0000
1789471115.0296,0.0000,-0.0000,0.0000,0.0000,0.0000,0.0000,0.0000,0.0000,0.0000,0.0000,-0.0000,0.0000
1789471115.0797,0.0000,-0.0000,0.0000,0.0000,0.0000,0.0000,0.0000,0.0000,0.0000,0.0000,-0.0000,0.0000
1789471115.1297,0.0000,-0.0000,0.0000,0.0000,0.0000,0.0000,0.0000,0.0000,0.0000,0.0000,-0.0000,0.0000
1789471115.1796,0.0000,-0.0000,0.0000,0.0000,0.0000,0.0000,0.0000,0.0000,0.0000,0.0000,-0.0000,0.0000
1789471115.2297,0.0000,-0.0000,0.0000,0.0000,0.0000,0.0000,0.0000,0.0000,0.0000,0.0000,-0.0000,0.0000
1789471115.2796,0.0000,-0.0000,0.0000,0.0000,0.0000,0.0000,0.0000,0.0000,0.0000,0.0000,-0.0000,0.0000
1789471115.3296,0.0000,-0.0000,0.0000,0.0000,0.0000,0.0000,0.0000,0.0000,0.0000,0.0000,-0.0000,0.0000
1789471115.3797,0.0000,-0.0000,0.0000,0.0000,0.0000,0.0000,0.0000,0.0000,0.0000,0.0000,-0.0000,0.0000
1789471115.4297,0.0000,-0.0000,0.0000,0.0000,0.0000,0.0000,0.0000,0.0000,0.0000,0.0000,-0.0000,0.0000
1789471115.4794,0.0000,-0.0000,0.0000,0.0000,0.0000,0.0000,0.0000,0.0000,0.0000,0.0000,-0.0000,0.0000
1789471115.5297,0.0000,-0.0000,0.0000,0.0000,0.0000,0.0000,0.0000,0.0000,0.0000,0.0000,-0.0000,0.0000
1789471115.5796,0.0000,-0.0000,0.0000,0.0000,0.0000,0.0000,0.0000,0.0000,0.0000,0.0000,-0.0000,0.0000
1789471115.6296,0.0000,-0.0000,0.0000,0.0000,0.0000,0.0000,0.0000,0.0000,0.0000,0.0000,-0.0000,0.0000
1789471115.6796,0.0000,-0.0000,0.0000,0.0000,0.0000,0.0000,0.0000,0.0000,0.0000,0.0000,-0.0000,0.0000
1789471115.7297,0.0000,-0.0000,0.0000,0.0000,0.0000,0.0000,0.0000,0.0000,0.0000,0.0000,-0.0000,0.0000
1789471115.7797,0.0000,-0.0000,0.0000,0.0000,0.0000,0.0000,0.0000,0.0000,0.0000,0.0000,-0.0000,0.0000
1789471115.8296,0.0000,-0.0000,0.0000,0.0000,0.0000,0.0000,0.0000,0.0000,0.0000,0.0000,-0.0000,0.0000
1789471115.8796,0.0000,-0.0000,0.0000,0.0000,0.0000,0.0000,0.0000,0.0000,0.0000,0.0000,-0.0000,0.0000
1789471115.9297,0.0000,-0.0000,0.0000,0.0000,0.0000,0.0000,0.0000,0.0000,0.0000,0.0000,-0.0000,0.0000
1789471115.9798,0.0000,-0.0000,0.0000,0.0000,0.0000,0.0000,0.0000,0.0000,0.0000,0.0000,-0.0000,0.0000
1789471116.0297,0.0000,-0.0000,0.0000,0.0000,0.0000,0.0000,0.0000,0.0000,0.0000,0.0000,-0.0000,0.0000
1789471116.0797,0.0000,-0.0000,0.0000,0.0000,0.0000,0.0000,0.0000,0.0000,0.0000,0.0000,-0.0000,0.0000
1789471116.1297,0.0000,-0.0000,0.0000,0.0000,0.0000,0.0000,0.0000,0.0000,0.0000,0.0000,-0.0000,0.0000
1789471116.1796,0.0000,-0.0000,0.0000,0.0000,0.0000,0.0000,0.0000,0.0000,0.0000,0.0000,-0.0000,0.0000
1789471116.2296,0.0000,-0.0000,0.0000,0.0000,0.0000,0.0000,0.0000,0.0000,0.0000,0.0000,-0.0000,0.0000
1789471116.2799,0.0000,-0.0000,0.0000,0.0000,0.0000,0.0000,0.0000,0.0000,0.0000,0.0000,-0.0000,0.0000
1789471116.3297,0.0000,-0.0000,0.0000,0.0000,0.0000,0.0000,0.0000,0.0000,0.0000,0.0000,-0.0000,0.0000
1789471116.3796,0.0000,-0.0000,0.0000,0.0000,0.0000,0.0000,0.0000,0.0000,0.0000,0.0000,-0.0000,0.0000
1789471116.4296,0.0000,-0.0000,0.0000,0.0000,0.0000,0.0000,0.0000,0.0000,0.0000,0.0000,-0.0000,0.0000
1789471116.4798,0.0000,-0.0000,0.0000,0.0000,0.0000,0.0000,0.0000,0.0000,0.0000,0.0000,-0.0000,0.0000
1789471116.5297,0.0000,-0.0000,0.0000,0.0000,0.0000,0.0000,0.0000,0.0000,0.0000,0.0000,-0.0000,0.0000
1789471116.5797,0.0000,-0.0000,0.0000,0.0000,0.0000,0.0000,0.0000,0.0000,0.0000,0.0000,-0.0000,0.0000
1789471116.6300,0.0000,-0.0000,0.0000,0.0000,0.0000,0.0000,0.0000,0.0000,0.0000,0.0000,-0.0000,0.0000
1789471116.6797,0.0000,-0.0000,0.0000,0.0000,0.0000,0.0000,0.0000,0.0000,0.0000,0.0000,-0.0000,0.0000
1789471116.7295,0.0000,-0.0000,0.0000,0.0000,0.0000,0.0000,0.0000,0.0000,0.0000,0.0000,-0.0000,0.0000
1789471116.7797,0.0000,-0.0000,0.0000,0.0000,0.0000,0.0000,0.0000,0.0000,0.0000,0.0000,-0.0000,0.0000
1789471116.8297,0.0000,-0.0000,0.0000,0.0000,0.0000,0.0000,0.0000,0.0000,0.0000,0.0000,-0.0000,0.0000
1789471116.8797,0.0000,-0.0000,0.0000,0.0000,0.0000,0.0000,0.0000,0.0000,0.0000,0.0000,-0.0000,0.0000
1789471116.9297,0.0000,-0.0000,0.0000,0.0000,0.0000,0.0000,0.0000,0.0000,0.0000,0.0000,-0.0000,0.0000
1789471116.9798,0.0000,-0.0000,0.0000,0.0000,0.0000,0.0000,0.0000,0.0000,0.0000,0.0000,-0.0000,0.0000
1789471117.0297,0.0000,-0.0000,0.0000,0.0000,0.0000,0.0000,0.0000,0.0000,0.0000,0.0000,-0.0000,0.0000
1789471117.0797,0.0000,-0.0000,0.0000,0.0000,0.0000,0.0000,0.0000,0.0000,0.0000,0.0000,-0.0000,0.0000
1789471117.1297,0.0000,-0.0000,0.0000,0.0000,0.0000,0.0000,0.0000,0.0000,0.0000,0.0000,-0.0000,0.0000
1789471117.1797,0.0000,-0.0000,0.0000,0.0000,0.0000,0.0000,0.0000,0.0000,0.0000,0.0000,-0.0000,0.0000
1789471117.2297,0.0000,-0.0000,0.0000,0.0000,0.0000,0.0000,0.0000,0.0000,0.0000,0.0000,-0.0000,0.0000
1789471117.2798,0.0000,-0.0000,0.0000,0.0000,0.0000,0.0000,0.0000,0.0000,0.0000,0.0000,-0.0000,0.0000
1789471117.3298,0.0000,-0.0000,0.0000,0.0000,0.0000,0.0000,0.0000,0.0000,0.0000,0.0000,-0.0000,0.0000
1789471117.3797,0.0000,-0.0000,0.0000,0.0000,0.0000,0.0000,0.0000,0.0000,0.0000,0.0000,-0.0000,0.0000
1789471117.4297,0.0000,-0.0000,0.0000,0.0000,0.0000,0.0000,0.0000,0.0000,0.0000,0.0000,-0.0000,0.0000
1789471117.4798,0.0000,-0.0000,0.0000,0.0000,0.0000,0.0000,0.0000,0.0000,0.0000,0.0000,-0.0000,0.0000
1789471117.5298,0.0000,-0.0000,0.0000,0.0000,0.0000,0.0000,0.0000,0.0000,0.0000,0.0000,-0.0000,0.0000
1789471117.5797,0.0000,-0.0000,0.0000,0.0000,0.0000,0.0000,0.0000,0.0000,0.0000,0.0000,-0.0000,0.0000
1789471117.6299,0.0000,-0.0000,0.0000,0.0000,0.0000,0.0000,0.0000,0.0000,0.0000,0.0000,-0.0000,0.0000
1789471117.6797,0.0000,-0.0000,0.0000,0.0000,0.0000,0.0000,0.0000,0.0000,0.0000,0.0000,-0.0000,0.0000
1789471117.7297,0.0000,-0.0000,0.0000,0.0000,0.0000,0.0000,0.0000,0.0000,0.0000,0.0000,-0.0000,0.0000
1789471117.7798,0.0000,-0.0000,0.0000,0.0000,0.0000,0.0000,0.0000,0.0000,0.0000,0.0000,-0.0000,0.0000
1789471117.8298,0.0000,-0.0000,0.0000,0.0000,0.0000,0.0000,0.0000,0.0000,0.0000,0.0000,-0.0000,0.0000
1789471117.8797,0.0000,-0.0000,0.0000,0.0000,0.0000,0.0000,0.0000,0.0000,0.0000,0.0000,-0.0000,0.0000
1789471117.9297,0.0000,-0.0000,0.0000,0.0000,0.0000,0.0000,0.0000,0.0000,0.0000,0.0000,-0.0000,0.0000
1789471117.9798,0.0000,-0.0000,0.0000,0.0000,0.0000,0.0000,0.0000,0.0000,0.0000,0.0000,-0.0000,0.0000
1789471118.0297,0.0000,-0.0000,0.0000,0.0000,0.0000,0.0000,0.0000,0.0000,0.0000,0.0000,-0.0000,0.0000
1789471118.0800,0.0000,-0.0000,0.0000,0.0000,0.0000,0.0000,0.0000,0.0000,0.0000,0.0000,-0.0000,0.0000
1789471118.1298,0.0000,-0.0000,0.0000,0.0000,0.0000,0.0000,0.0000,0.0000,0.0000,0.0000,-0.0000,0.0000
1789471118.1797,0.0000,-0.0000,0.0000,0.0000,0.0000,0.0000,0.0000,0.0000,0.0000,0.0000,-0.0000,0.0000
1789471118.2298,0.0000,-0.0000,0.0000,0.0000,0.0000,0.0000,0.0000,0.0000,0.0000,0.0000,-0.0000,0.0000
1789471118.2797,0.0000,-0.0000,0.0000,0.0000,0.0000,0.0000,0.0000,0.0000,0.0000,0.0000,-0.0000,0.0000
1789471118.3298,0.0000,-0.0000,0.0000,0.0000,0.0000,0.0000,0.0000,0.0000,0.0000,0.0000,-0.0000,0.0000
1789471118.3797,0.0000,-0.0000,0.0000,0.0000,0.0000,0.0000,0.0000,0.0000,0.0000,0.0000,-0.0000,0.0000
1789471118.4298,0.0000,-0.0000,0.0000,0.0000,0.0000,0.0000,0.0000,0.0000,0.0000,0.0000,-0.0000,0.0000
1789471118.4796,0.0000,-0.0000,0.0000,0.0000,0.0000,0.0000,0.0000,0.0000,0.0000,0.0000,-0.0000,0.0000
1789471118.5297,0.0000,-0.0000,0.0000,0.0000,0.0000,0.0000,0.0000,0.0000,0.0000,0.0000,-0.0000,0.0000
1789471118.5797,0.0000,-0.0000,0.0000,0.0000,0.0000,0.0000,0.0000,0.0000,0.0000,0.0000,-0.0000,0.0000
1789471118.6298,0.0000,-0.0000,0.0000,0.0000,0.0000,0.0000,0.0000,0.0000,0.0000,0.0000,-0.0000,0.0000
1789471118.6797,0.0000,-0.0000,0.0000,0.0000,0.0000,0.0000,0.0000,0.0000,0.0000,0.0000,-0.0000,0.0000
1789471118.7297,0.0000,-0.0000,0.0000,0.0000,0.0000,0.0000,0.0000,0.0000,0.0000,0.0000,-0.0000,0.0000
1789471118.7798,0.0000,-0.0000,0.0000,0.0000,0.0000,0.0000,0.0000,0.0000,0.0000,0.0000,-0.0000,0.0000
1789471118.8298,0.0000,-0.0000,0.0000,0.0000,0.0000,0.0000,0.0000,0.0000,0.0000,0.0000,-0.0000,0.0000
1789471118.8798,0.0000,-0.0000,0.0000,0.0000,0.0000,0.0000,0.0000,0.0000,0.0000,0.0000,-0.0000,0.0000
1789471118.9297,0.0000,-0.0000,0.0000,0.0000,0.0000,0.0000,0.0000,0.0000,0.0000,0.0000,-0.0000,0.0000
1789471118.9796,0.0000,-0.0000,0.0000,0.0000,0.0000,0.0000,0.0000,0.0000,0.0000,0.0000,-0.0000,0.0000
1789471119.0298,0.0000,-0.0000,0.0000,0.0000,0.0000,0.0000,0.0000,0.0000,0.0000,0.0000,-0.0000,0.0000
1789471119.0798,0.0000,-0.0000,0.0000,0.0000,0.0000,0.0000,0.0000,0.0000,0.0000,0.0000,-0.0000,0.0000
1789471119.1298,0.0000,-0.0000,0.0000,0.0000,0.0000,0.0000,0.0000,0.0000,0.0000,0.0000,-0.0000,0.0000
1789471119.1797,0.0000,-0.0000,0.0000,0.0000,0.0000,0.0000,0.0000,0.0000,0.0000,0.0000,-0.0000,0.0000
1789471119.2298,0.0000,-0.0000,0.0000,0.0000,0.0000,0.0000,0.0000,0.0000,0.0000,0.0000,-0.0000,0.0000
1789471119.2796,0.0000,-0.0000,0.0000,0.0000,0.0000,0.0000,0.0000,0.0000,0.0000,0.0000,-0.0000,0.0000
1789471119.3297,0.0000,-0.0000,0.0000,0.0000,0.0000,0.0000,0.0000,0.0000,0.0000,0.0000,-0.0000,0.0000
1789471119.3798,0.0000,-0.0000,0.0000,0.0000,0.0000,0.0000,0.0000,0.0000,0.0000,0.0000,-0.0000,0.0000
1789471119.4297,0.0000,-0.0000,0.0000,0.0000,0.0000,0.0000,0.0000,0.0000,0.0000,0.0000,-0.0000,0.0000
1789471119.4796,0.0000,-0.0000,0.0000,0.0000,0.0000,0.0000,0.0000,0.0000,0.0000,0.0000,-0.0000,0.0000
1789471119.5308,0.0000,-0.0000,0.0000,0.0000,0.0000,0.0000,0.0000,0.0000,0.0000,0.0000,-0.0000,0.0000
1789471119.5798,0.0000,-0.0000,0.0000,0.0000,0.0000,0.0000,0.0000,0.0000,0.0000,0.0000,-0.0000,0.0000
1789471119.6296,0.0000,-0.0000,0.0000,0.0000,0.0000,0.0000,0.0000,0.0000,0.0000,0.0000,-0.0000,0.0000
1789471119.6799,0.0000,-0.0000,0.0000,0.0000,0.0000,0.0000,0.0000,0.0000,0.0000,0.0000,-0.0000,0.0000
1789471119.7299,0.0000,-0.0000,0.0000,0.0000,0.0000,0.0000,0.0000,0.0000,0.0000,0.0000,-0.0000,0.0000
1789471119.7798,0.0000,-0.0000,0.0000,0.0000,0.0000,0.0000,0.0000,0.0000,0.0000,0.0000,-0.0000,0.0000
1789471119.8298,0.0000,-0.0000,0.0000,0.0000,0.0000,0.0000,0.0000,0.0000,0.0000,0.0000,-0.0000,0.0000
1789471119.8812,0.0000,-0.0000,0.0000,0.0000,0.0000,0.0000,0.0000,0.0000,0.0000,0.0000,-0.0000,0.0000
1789471119.9298,0.0000,-0.0000,0.0000,0.0000,0.0000,0.0000,0.0000,0.0000,0.0000,0.0000,-0.0000,0.0000
1789471119.9796,0.0000,-0.0000,0.0000,0.0000,0.0000,0.0000,0.0000,0.0000,0.0000,0.0000,-0.0000,0.0000
1789471120.0299,0.0000,-0.0000,0.0000,0.0000,0.0000,0.0000,0.0000,0.0000,0.0000,0.0000,-0.0000,0.0000
1789471120.0799,0.0000,-0.0000,0.0000,0.0000,0.0000,0.0000,0.0000,0.0000,0.0000,0.0000,-0.0000,0.0000
1789471120.1298,0.0000,-0.0000,0.0000,0.0000,0.0000,0.0000,0.0000,0.0000,0.0000,0.0000,-0.0000,0.0000
1789471120.1799,0.0000,-0.0000,0.0000,0.0000,0.0000,0.0000,0.0000,0.0000,0.0000,0.0000,-0.0000,0.0000
1789471120.2298,0.0000,-0.0000,0.0000,0.0000,0.0000,0.0000,0.0000,0.0000,0.0000,0.0000,-0.0000,0.0000
1789471120.2798,0.0000,-0.0000,0.0000,0.0000,0.0000,0.0000,0.0000,0.0000,0.0000,0.0000,-0.0000,0.0000
1789471120.3298,0.0000,-0.0000,0.0000,0.0000,0.0000,0.0000,0.0000,0.0000,0.0000,0.0000,-0.0000,0.0000
1789471120.3798,0.0000,-0.0000,0.0000,0.0000,0.0000,0.0000,0.0000,0.0000,0.0000,0.0000,-0.0000,0.0000
1789471120.4298,0.0000,-0.0000,0.0000,0.0000,0.0000,0.0000,0.0000,0.0000,0.0000,0.0000,-0.0000,0.0000
1789471120.4797,0.0000,-0.0000,0.0000,0.0000,0.0000,0.0000,0.0000,0.0000,0.0000,0.0000,-0.0000,0.0000
1789471120.5297,0.0000,-0.0000,0.0000,0.0000,0.0000,0.0000,0.0000,0.0000,0.0000,0.0000,-0.0000,0.0000
1789471120.5798,0.0000,-0.0000,0.0000,0.0000,0.0000,0.0000,0.0000,0.0000,0.0000,0.0000,-0.0000,0.0000
1789471120.6298,0.0000,-0.0000,0.0000,0.0000,0.0000,0.0000,0.0000,0.0000,0.0000,0.0000,-0.0000,0.0000
1789471120.6797,0.0000,-0.0000,0.0000,0.0000,0.0000,0.0000,0.0000,0.0000,0.0000,0.0000,-0.0000,0.0000
1789471120.7297,0.0000,-0.0000,0.0000,0.0000,0.0000,0.0000,0.0000,0.0000,0.0000,0.0000,-0.0000,0.0000
1789471120.7798,0.0000,-0.0000,0.0000,0.0000,0.0000,0.0000,0.0000,0.0000,0.0000,0.0000,-0.0000,0.0000
1789471120.8298,0.0000,-0.0000,0.0000,0.0000,0.0000,0.0000,0.0000,0.0000,0.0000,0.0000,-0.0000,0.0000
1789471120.8798,0.0000,-0.0000,0.0000,0.0000,0.0000,0.0000,0.0000,0.0000,0.0000,0.0000,-0.0000,0.0000
1789471120.9297,0.0000,-0.0000,0.0000,0.0000,0.0000,0.0000,0.0000,0.0000,0.0000,0.0000,-0.0000,0.0000
1789471120.9797,0.0000,-0.0000,0.0000,0.0000,0.0000,0.0000,0.0000,0.0000,0.0000,0.0000,-0.0000,0.0000
1789471121.0297,0.0000,-0.0000,0.0000,0.0000,0.0000,0.0000,0.0000,0.0000,0.0000,0.0000,-0.0000,0.0000
1789471121.0798,0.0000,-0.0000,0.0000,0.0000,0.0000,0.0000,0.0000,0.0000,0.0000,0.0000,-0.0000,0.0000
1789471121.1298,0.0000,-0.0000,0.0000,0.0000,0.0000,0.0000,0.0000,0.0000,0.0000,0.0000,-0.0000,0.0000
1789471121.1798,0.0000,-0.0000,0.0000,0.0000,0.0000,0.0000,0.0000,0.0000,0.0000,0.0000,-0.0000,0.0000
1789471121.2298,0.0000,-0.0000,0.0000,0.0000,0.0000,0.0000,0.0000,0.0000,0.0000,0.0000,-0.0000,0.0000
1789471121.2797,0.0000,-0.0000,0.0000,0.0000,0.0000,0.0000,0.0000,0.0000,0.0000,0.0000,-0.0000,0.0000
1789471121.3297,0.0000,-0.0000,0.0000,0.0000,0.0000,0.0000,0.0000,0.0000,0.0000,0.0000,-0.0000,0.0000
1789471121.3798,0.0000,-0.0000,0.0000,0.0000,0.0000,0.0000,0.0000,0.0000,0.0000,0.0000,-0.0000,0.0000
1789471121.4298,0.0000,-0.0000,0.0000,0.0000,0.0000,0.0000,0.0000,0.0000,0.0000,0.0000,-0.0000,0.0000
1789471121.4796,0.0000,-0.0000,0.0000,0.0000,0.0000,0.0000,0.0000,0.0000,0.0000,0.0000,-0.0000,0.0000
1789471121.5297,0.0000,-0.0000,0.0000,0.0000,0.0000,0.0000,0.0000,0.0000,0.0000,0.0000,-0.0000,0.0000
1789471121.5797,0.0000,-0.0000,0.0000,0.0000,0.0000,0.0000,0.0000,0.0000,0.0000,0.0000,-0.0000,0.0000
1789471121.6298,0.0000,-0.0000,0.0000,0.0000,0.0000,0.0000,0.0000,0.0000,0.0000,0.0000,-0.0000,0.0000
1789471121.6799,0.0000,-0.0000,0.0000,0.0000,0.0000,0.0000,0.0000,0.0000,0.0000,0.0000,-0.0000,0.0000
1789471121.7299,0.0000,-0.0000,0.0000,0.0000,0.0000,0.0000,0.0000,0.0000,0.0000,0.0000,-0.0000,0.0000
1789471121.7798,0.0000,-0.0000,0.0000,0.0000,0.0000,0.0000,0.0000,0.0000,0.0000,0.0000,-0.0000,0.0000
1789471121.8297,0.0000,-0.0000,0.0000,0.0000,0.0000,0.0000,0.0000,0.0000,0.0000,0.0000,-0.0000,0.0000
1789471121.8798,0.0000,-0.0000,0.0000,0.0000,0.0000,0.0000,0.0000,0.0000,0.0000,0.0000,-0.0000,0.0000
1789471121.9298,0.0000,-0.0000,0.0000,0.0000,0.0000,0.0000,0.0000,0.0000,0.0000,0.0000,-0.0000,0.0000
1789471121.9797,0.0000,-0.0000,0.0000,0.0000,0.0000,0.0000,0.0000,0.0000,0.0000,0.0000,-0.0000,0.0000
1789471122.0296,0.0000,-0.0000,0.0000,0.0000,0.0000,0.0000,0.0000,0.0000,0.0000,0.0000,-0.0000,0.0000
1789471122.0798,0.0000,-0.0000,0.0000,0.0000,0.0000,0.0000,0.0000,0.0000,0.0000,0.0000,-0.0000,0.0000
1789471122.1298,0.0000,-0.0000,0.0000,0.0000,0.0000,0.0000,0.0000,0.0000,0.0000,0.0000,-0.0000,0.0000
1789471122.1798,0.0000,-0.0000,0.0000,0.0000,0.0000,0.0000,0.0000,0.0000,0.0000,0.0000,-0.0000,0.0000
1789471122.2298,0.0000,-0.0000,0.0000,0.0000,0.0000,0.0000,0.0000,0.0000,0.0000,0.0000,-0.0000,0.0000
1789471122.2800,0.0000,-0.0000,0.0000,0.0000,0.0000,0.0000,0.0000,0.0000,0.0000,0.0000,-0.0000,0.0000
1789471122.3298,0.0000,-0.0000,0.0000,0.0000,0.0000,0.0000,0.0000,0.0000,0.0000,0.0000,-0.0000,0.0000
1789471122.3800,0.0000,-0.0000,0.0000,0.0000,0.0000,0.0000,0.0000,0.0000,0.0000,0.0000,-0.0000,0.0000
1789471122.4298,0.0000,-0.0000,0.0000,0.0000,0.0000,0.0000,0.0000,0.0000,0.0000,0.0000,-0.0000,0.0000
1789471122.4801,0.0000,-0.0000,0.0000,0.0000,0.0000,0.0000,0.0000,0.0000,0.0000,0.0000,-0.0000,0.0000
1789471122.5297,0.0000,-0.0000,0.0000,0.0000,0.0000,0.0000,0.0000,0.0000,0.0000,0.0000,-0.0000,0.0000
1789471122.5798,0.0000,-0.0000,0.0000,0.0000,0.0000,0.0000,0.0000,0.0000,0.0000,0.0000,-0.0000,0.0000
1789471122.6298,0.0000,-0.0000,0.0000,0.0000,0.0000,0.0000,0.0000,0.0000,0.0000,0.0000,-0.0000,0.0000
1789471122.6799,0.0000,-0.0000,0.0000,0.0000,0.0000,0.0000,0.0000,0.0000,0.0000,0.0000,-0.0000,0.0000
1789471122.7297,0.0000,-0.0000,0.0000,0.0000,0.0000,0.0000,0.0000,0.0000,0.0000,0.0000,-0.0000,0.0000
1789471122.7798,0.0000,-0.0000,0.0000,0.0000,0.0000,0.0000,0.0000,0.0000,0.0000,0.0000,-0.0000,0.0000
1789471122.8298,0.0000,-0.0000,0.0000,0.0000,0.0000,0.0000,0.0000,0.0000,0.0000,0.0000,-0.0000,0.0000
1789471122.8798,0.0000,-0.0000,0.0000,0.0000,0.0000,0.0000,0.0000,0.0000,0.0000,0.0000,-0.0000,0.0000
1789471122.9297,0.0000,-0.0000,0.0000,0.0000,0.0000,0.0000,0.0000,0.0000,0.0000,0.0000,-0.0000,0.0000
1789471122.9802,0.0000,-0.0000,0.0000,0.0000,0.0000,0.0000,0.0000,0.0000,0.0000,0.0000,-0.0000,0.0000
1789471123.0299,0.0000,-0.0000,0.0000,0.0000,0.0000,0.0000,0.0000,0.0000,0.0000,0.0000,-0.0000,0.0000
1789471123.0798,0.0000,-0.0000,0.0000,0.0000,0.0000,0.0000,0.0000,0.0000,0.0000,0.0000,-0.0000,0.0000
1789471123.1298,0.0000,-0.0000,0.0000,0.0000,0.0000,0.0000,0.0000,0.0000,0.0000,0.0000,-0.0000,0.0000
1789471123.1799,0.0000,-0.0000,0.0000,0.0000,0.0000,0.0000,0.0000,0.0000,0.0000,0.0000,-0.0000,0.0000
1789471123.2298,0.0000,-0.0000,0.0000,0.0000,0.0000,0.0000,0.0000,0.0000,0.0000,0.0000,-0.0000,0.0000
1789471123.2798,0.0000,-0.0000,0.0000,0.0000,0.0000,0.0000,0.0000,0.0000,0.0000,0.0000,-0.0000,0.0000
1789471123.3299,0.0000,-0.0000,0.0000,0.0000,0.0000,0.0000,0.0000,0.0000,0.0000,0.0000,-0.0000,0.0000
1789471123.3798,0.0000,-0.0000,0.0000,0.0000,0.0000,0.0000,0.0000,0.0000,0.0000,0.0000,-0.0000,0.0000
1789471123.4299,0.0000,-0.0000,0.0000,0.0000,0.0000,0.0000,0.0000,0.0000,0.0000,0.0000,-0.0000,0.0000
1789471123.4800,0.0000,-0.0000,0.0000,0.0000,0.0000,0.0000,0.0000,0.0000,0.0000,0.0000,-0.0000,0.0000
1789471123.5299,0.0000,-0.0000,0.0000,0.0000,0.0000,0.0000,0.0000,0.0000,0.0000,0.0000,-0.0000,0.0000
1789471123.5799,0.0000,-0.0000,0.0000,0.0000,0.0000,0.0000,0.0000,0.0000,0.0000,0.0000,-0.0000,0.0000
1789471123.6298,0.0000,-0.0000,0.0000,0.0000,0.0000,0.0000,0.0000,0.0000,0.0000,0.0000,-0.0000,0.0000
1789471123.6798,0.0000,-0.0000,0.0000,0.0000,0.0000,0.0000,0.0000,0.0000,0.0000,0.0000,-0.0000,0.0000
1789471123.7299,0.0000,-0.0000,0.0000,0.0000,0.0000,0.0000,0.0000,0.0000,0.0000,0.0000,-0.0000,0.0000
1789471123.7798,0.0000,-0.0000,0.0000,0.0000,0.0000,0.0000,0.0000,0.0000,0.0000,0.0000,-0.0000,0.0000
1789471123.8298,0.0000,-0.0000,0.0000,0.0000,0.0000,0.0000,0.0000,0.0000,0.0000,0.0000,-0.0000,0.0000
1789471123.8798,0.0000,-0.0000,0.0000,0.0000,0.0000,0.0000,0.0000,0.0000,0.0000,0.0000,-0.0000,0.0000
1789471123.9298,0.0000,-0.0000,0.0000,0.0000,0.0000,0.0000,0.0000,0.0000,0.0000,0.0000,-0.0000,0.0000
1789471123.9797,0.0000,-0.0000,0.0000,0.0000,0.0000,0.0000,0.0000,0.0000,0.0000,0.0000,-0.0000,0.0000
1789471124.0298,0.0000,-0.0000,0.0000,0.0000,0.0000,0.0000,0.0000,0.0000,0.0000,0.0000,-0.0000,0.0000
1789471124.0798,0.0000,-0.0000,0.0000,0.0000,0.0000,0.0000,0.0000,0.0000,0.0000,0.0000,-0.0000,0.0000
1789471124.1298,0.0000,-0.0000,0.0000,0.0000,0.0000,0.0000,0.0000,0.0000,0.0000,0.0000,-0.0000,0.0000
1789471124.1798,0.0000,-0.0000,0.0000,0.0000,0.0000,0.0000,0.0000,0.0000,0.0000,0.0000,-0.0000,0.0000
1789471124.2299,0.0000,-0.0000,0.0000,0.0000,0.0000,0.0000,0.0000,0.0000,0.0000,0.0000,-0.0000,0.0000
1789471124.2799,0.0000,-0.0000,0.0000,0.0000,0.0000,0.0000,0.0000,0.0000,0.0000,0.0000,-0.0000,0.0000
1789471124.3298,0.0000,-0.0000,0.0000,0.0000,0.0000,0.0000,0.0000,0.0000,0.0000,0.0000,-0.0000,0.0000
1789471124.3800,0.0000,-0.0000,0.0000,0.0000,0.0000,0.0000,0.0000,0.0000,0.0000,0.0000,-0.0000,0.0000
1789471124.4299,0.0000,-0.0000,0.0000,0.0000,0.0000,0.0000,0.0000,0.0000,0.0000,0.0000,-0.0000,0.0000
1789471124.4797,0.0000,-0.0000,0.0000,0.0000,0.0000,0.0000,0.0000,0.0000,0.0000,0.0000,-0.0000,0.0000
1789471124.5298,0.0000,-0.0000,0.0000,0.0000,0.0000,0.0000,0.0000,0.0000,0.0000,0.0000,-0.0000,0.0000
1789471124.5799,0.0000,-0.0000,0.0000,0.0000,0.0000,0.0000,0.0000,0.0000,0.0000,0.0000,-0.0000,0.0000
1789471124.6298,0.0000,-0.0000,0.0000,0.0000,0.0000,0.0000,0.0000,0.0000,0.0000,0.0000,-0.0000,0.0000
1789471124.6798,0.0000,-0.0000,0.0000,0.0000,0.0000,0.0000,0.0000,0.0000,0.0000,0.0000,-0.0000,0.0000
1789471124.7298,0.0000,-0.0000,0.0000,0.0000,0.0000,0.0000,0.0000,0.0000,0.0000,0.0000,-0.0000,0.0000
1789471124.7799,0.0000,-0.0000,0.0000,0.0000,0.0000,0.0000,0.0000,0.0000,0.0000,0.0000,-0.0000,0.0000
1789471124.8299,0.0000,-0.0000,0.0000,0.0000,0.0000,0.0000,0.0000,0.0000,0.0000,0.0000,-0.0000,0.0000
1789471124.8799,0.0000,-0.0000,0.0000,0.0000,0.0000,0.0000,0.0000,0.0000,0.0000,0.0000,-0.0000,0.0000
1789471124.9299,0.0000,-0.0000,0.0000,0.0000,0.0000,0.0000,0.0000,0.0000,0.0000,0.0000,-0.0000,0.0000
1789471124.9800,0.0000,-0.0000,0.0000,0.0000,0.0000,0.0000,0.0000,0.0000,0.0000,0.0000,-0.0000,0.0000
1789471125.0298,0.0000,-0.0000,0.0000,0.0000,0.0000,0.0000,0.0000,0.0000,0.0000,0.0000,-0.0000,0.0000
1789471125.0798,0.0000,-0.0000,0.0000,0.0000,0.0000,0.0000,0.0000,0.0000,0.0000,0.0000,-0.0000,0.0000
1789471125.1300,0.0000,-0.0000,0.0000,0.0000,0.0000,0.0000,0.0000,0.0000,0.0000,0.0000,-0.0000,0.0000
1789471125.1799,0.0000,-0.0000,0.0000,0.0000,0.0000,0.0000,0.0000,0.0000,0.0000,0.0000,-0.0000,0.0000
1789471125.2299,0.0000,-0.0000,0.0000,0.0000,0.0000,0.0000,0.0000,0.0000,0.0000,0.0000,-0.0000,0.0000
1789471125.2799,0.0000,-0.0000,0.0000,0.0000,0.0000,0.0000,0.0000,0.0000,0.0000,0.0000,-0.0000,0.0000
1789471125.3299,0.0000,-0.0000,0.0000,0.0000,0.0000,0.0000,0.0000,0.0000,0.0000,0.0000,-0.0000,0.0000
1789471125.3799,0.0000,-0.0000,0.0000,0.0000,0.0000,0.0000,0.0000,0.0000,0.0000,0.0000,-0.0000,0.0000
1789471125.4312,0.0000,-0.0000,0.0000,0.0000,0.0000,0.0000,0.0000,0.0000,0.0000,0.0000,-0.0000,0.0000
1789471125.4797,0.0000,-0.0000,0.0000,0.0000,0.0000,0.0000,0.0000,0.0000,0.0000,0.0000,-0.0000,0.0000
1789471125.5299,0.0000,-0.0000,0.0000,0.0000,0.0000,0.0000,0.0000,0.0000,0.0000,0.0000,-0.0000,0.0000
1789471125.5799,0.0000,-0.0000,0.0000,0.0000,0.0000,0.0000,0.0000,0.0000,0.0000,0.0000,-0.0000,0.0000
1789471125.6300,0.0000,-0.0000,0.0000,0.0000,0.0000,0.0000,0.0000,0.0000,0.0000,0.0000,-0.0000,0.0000
1789471125.6798,0.0000,-0.0000,0.0000,0.0000,0.0000,0.0000,0.0000,0.0000,0.0000,0.0000,-0.0000,0.0000
1789471125.7299,0.0000,-0.0000,0.0000,0.0000,0.0000,0.0000,0.0000,0.0000,0.0000,0.0000,-0.0000,0.0000
1789471125.7798,0.0000,-0.0000,0.0000,0.0000,0.0000,0.0000,0.0000,0.0000,0.0000,0.0000,-0.0000,0.0000
1789471125.8299,0.0000,-0.0000,0.0000,0.0000,0.0000,0.0000,0.0000,0.0000,0.0000,0.0000,-0.0000,0.0000
1789471125.8800,0.0000,-0.0000,0.0000,0.0000,0.0000,0.0000,0.0000,0.0000,0.0000,0.0000,-0.0000,0.0000
1789471125.9300,0.0000,-0.0000,0.0000,0.0000,0.0000,0.0000,0.0000,0.0000,0.0000,0.0000,-0.0000,0.0000
1789471125.9798,0.0000,-0.0000,0.0000,0.0000,0.0000,0.0000,0.0000,0.0000,0.0000,0.0000,-0.0000,0.0000
1789471126.0305,0.0000,-0.0000,0.0000,0.0000,0.0000,0.0000,0.0000,0.0000,0.0000,0.0000,-0.0000,0.0000
1789471126.0799,0.0000,-0.0000,0.0000,0.0000,0.0000,0.0000,0.0000,0.0000,0.0000,0.0000,-0.0000,0.0000
1789471126.1298,0.0000,-0.0000,0.0000,0.0000,0.0000,0.0000,0.0000,0.0000,0.0000,0.0000,-0.0000,0.0000
1789471126.1799,0.0000,-0.0000,0.0000,0.0000,0.0000,0.0000,0.0000,0.0000,0.0000,0.0000,-0.0000,0.0000
1789471126.2298,0.0000,-0.0000,0.0000,0.0000,0.0000,0.0000,0.0000,0.0000,0.0000,0.0000,-0.0000,0.0000
1789471126.2799,0.0000,-0.0000,0.0000,0.0000,0.0000,0.0000,0.0000,0.0000,0.0000,0.0000,-0.0000,0.0000
1789471126.3299,0.0000,-0.0000,0.0000,0.0000,0.0000,0.0000,0.0000,0.0000,0.0000,0.0000,-0.0000,0.0000
1789471126.3800,0.0000,-0.0000,0.0000,0.0000,0.0000,0.0000,0.0000,0.0000,0.0000,0.0000,-0.0000,0.0000
1789471126.4300,0.0000,-0.0000,0.0000,0.0000,0.0000,0.0000,0.0000,0.0000,0.0000,0.0000,-0.0000,0.0000
1789471126.4797,0.0000,-0.0000,0.0000,0.0000,0.0000,0.0000,0.0000,0.0000,0.0000,0.0000,-0.0000,0.0000
1789471126.5299,0.0000,-0.0000,0.0000,0.0000,0.0000,0.0000,0.0000,0.0000,0.0000,0.0000,-0.0000,0.0000
1789471126.5799,0.0000,-0.0000,0.0000,0.0000,0.0000,0.0000,0.0000,0.0000,0.0000,0.0000,-0.0000,0.0000
1789471126.6299,0.0000,-0.0000,0.0000,0.0000,0.0000,0.0000,0.0000,0.0000,0.0000,0.0000,-0.0000,0.0000
1789471126.6799,0.0000,-0.0000,0.0000,0.0000,0.0000,0.0000,0.0000,0.0000,0.0000,0.0000,-0.0000,0.0000
1789471126.7299,0.0000,-0.0000,0.0000,0.0000,0.0000,0.0000,0.0000,0.0000,0.0000,0.0000,-0.0000,0.0000
1789471126.7799,0.0000,-0.0000,0.0000,0.0000,0.0000,0.0000,0.0000,0.0000,0.0000,0.0000,-0.0000,0.0000
1789471126.8298,0.0000,-0.0000,0.0000,0.0000,0.0000,0.0000,0.0000,0.0000,0.0000,0.0000,-0.0000,0.0000
1789471126.8799,0.0000,-0.0000,0.0000,0.0000,0.0000,0.0000,0.0000,0.0000,0.0000,0.0000,-0.0000,0.0000
1789471126.9298,0.0000,-0.0000,0.0000,0.0000,0.0000,0.0000,0.0000,0.0000,0.0000,0.0000,-0.0000,0.0000
1789471126.9798,0.0000,-0.0000,0.0000,0.0000,0.0000,0.0000,0.0000,0.0000,0.0000,0.0000,-0.0000,0.0000
1789471127.0299,0.0000,-0.0000,0.0000,0.0000,0.0000,0.0000,0.0000,0.0000,0.0000,0.0000,-0.0000,0.0000
1789471127.0800,0.0000,-0.0000,0.0000,0.0000,0.0000,0.0000,0.0000,0.0000,0.0000,0.0000,-0.0000,0.0000
1789471127.1300,0.0000,-0.0000,0.0000,0.0000,0.0000,0.0000,0.0000,0.0000,0.0000,0.0000,-0.0000,0.0000
1789471127.1800,0.0000,-0.0000,0.0000,0.0000,0.0000,0.0000,0.0000,0.0000,0.0000,0.0000,-0.0000,0.0000
1789471127.2299,0.0000,-0.0000,0.0000,0.0000,0.0000,0.0000,0.0000,0.0000,0.0000,0.0000,-0.0000,0.0000
1789471127.2799,0.0000,-0.0000,0.0000,0.0000,0.0000,0.0000,0.0000,0.0000,0.0000,0.0000,-0.0000,0.0000
1789471127.3300,0.0000,-0.0000,0.0000,0.0000,0.0000,0.0000,0.0000,0.0000,0.0000,0.0000,-0.0000,0.0000
1789471127.3799,0.0000,-0.0000,0.0000,0.0000,0.0000,0.0000,0.0000,0.0000,0.0000,0.0000,-0.0000,0.0000
1789471127.4299,0.0000,-0.0000,0.0000,0.0000,0.0000,0.0000,0.0000,0.0000,0.0000,0.0000,-0.0000,0.0000
1789471127.4800,0.0000,-0.0000,0.0000,0.0000,0.0000,0.0000,0.0000,0.0000,0.0000,0.0000,-0.0000,0.0000
1789471127.5300,0.0000,-0.0000,0.0000,0.0000,0.0000,0.0000,0.0000,0.0000,0.0000,0.0000,-0.0000,0.0000
1789471127.5799,0.0000,-0.0000,0.0000,0.0000,0.0000,0.0000,0.0000,0.0000,0.0000,0.0000,-0.0000,0.0000
1789471127.6298,0.0000,-0.0000,0.0000,0.0000,0.0000,0.0000,0.0000,0.0000,0.0000,0.0000,-0.0000,0.0000
1789471127.6799,0.0000,-0.0000,0.0000,0.0000,0.0000,0.0000,0.0000,0.0000,0.0000,0.0000,-0.0000,0.0000
1789471127.7299,0.0000,-0.0000,0.0000,0.0000,0.0000,0.0000,0.0000,0.0000,0.0000,0.0000,-0.0000,0.0000
1789471127.7800,0.0000,-0.0000,0.0000,0.0000,0.0000,0.0000,0.0000,0.0000,0.0000,0.0000,-0.0000,0.0000
1789471127.8299,0.0000,-0.0000,0.0000,0.0000,0.0000,0.0000,0.0000,0.0000,0.0000,0.0000,-0.0000,0.0000
1789471127.8800,0.0000,-0.0000,0.0000,0.0000,0.0000,0.0000,0.0000,0.0000,0.0000,0.0000,-0.0000,0.0000
1789471127.9300,0.0000,-0.0000,0.0000,0.0000,0.0000,0.0000,0.0000,0.0000,0.0000,0.0000,-0.0000,0.0000
1789471127.9799,0.0000,-0.0000,0.0000,0.0000,0.0000,0.0000,0.0000,0.0000,0.0000,0.0000,-0.0000,0.0000
1789471128.0299,0.0000,-0.0000,0.0000,0.0000,0.0000,0.0000,0.0000,0.0000,0.0000,0.0000,-0.0000,0.0000
1789471128.0801,0.0000,-0.0000,0.0000,0.0000,0.0000,0.0000,0.0000,0.0000,0.0000,0.0000,-0.0000,0.0000
1789471128.1300,0.0000,-0.0000,0.0000,0.0000,0.0000,0.0000,0.0000,0.0000,0.0000,0.0000,-0.0000,0.0000
1789471128.1800,0.0000,-0.0000,0.0000,0.0000,0.0000,0.0000,0.0000,0.0000,0.0000,0.0000,-0.0000,0.0000
1789471128.2299,0.0000,-0.0000,0.0000,0.0000,0.0000,0.0000,0.0000,0.0000,0.0000,0.0000,-0.0000,0.0000
1789471128.2801,0.0000,-0.0000,0.0000,0.0000,0.0000,0.0000,0.0000,0.0000,0.0000,0.0000,-0.0000,0.0000
1789471128.3300,0.0000,-0.0000,0.0000,0.0000,0.0000,0.0000,0.0000,0.0000,0.0000,0.0000,-0.0000,0.0000
1789471128.3799,0.0000,-0.0000,0.0000,0.0000,0.0000,0.0000,0.0000,0.0000,0.0000,0.0000,-0.0000,0.0000
1789471128.4300,0.0000,-0.0000,0.0000,0.0000,0.0000,0.0000,0.0000,0.0000,0.0000,0.0000,-0.0000,0.0000
1789471128.4800,0.0000,-0.0000,0.0000,0.0000,0.0000,0.0000,0.0000,0.0000,0.0000,0.0000,-0.0000,0.0000
1789471128.5299,0.0000,-0.0000,0.0000,0.0000,0.0000,0.0000,0.0000,0.0000,0.0000,0.0000,-0.0000,0.0000
1789471128.5800,0.0000,-0.0000,0.0000,0.0000,0.0000,0.0000,0.0000,0.0000,0.0000,0.0000,-0.0000,0.0000
1789471128.6301,0.0000,-0.0000,0.0000,0.0000,0.0000,0.0000,0.0000,0.0000,0.0000,0.0000,-0.0000,0.0000
1789471128.6800,0.0000,-0.0000,0.0000,0.0000,0.0000,0.0000,0.0000,0.0000,0.0000,0.0000,-0.0000,0.0000
1789471128.7300,0.0000,-0.0000,0.0000,0.0000,0.0000,0.0000,0.0000,0.0000,0.0000,0.0000,-0.0000,0.0000
1789471128.7800,0.0000,-0.0000,0.0000,0.0000,0.0000,0.0000,0.0000,0.0000,0.0000,0.0000,-0.0000,0.0000
1789471128.8299,0.0000,-0.0000,0.0000,0.0000,0.0000,0.0000,0.0000,0.0000,0.0000,0.0000,-0.0000,0.0000
1789471128.8800,0.0000,-0.0000,0.0000,0.0000,0.0000,0.0000,0.0000,0.0000,0.0000,0.0000,-0.0000,0.0000
1789471128.9299,0.0000,-0.0000,0.0000,0.0000,0.0000,0.0000,0.0000,0.0000,0.0000,0.0000,-0.0000,0.0000
1789471128.9800,0.0000,-0.0000,0.0000,0.0000,0.0000,0.0000,0.0000,0.0000,0.0000,0.0000,-0.0000,0.0000
1789471129.0311,0.0000,-0.0000,0.0000,0.0000,0.0000,0.0000,0.0000,0.0000,0.0000,0.0000,-0.0000,0.0000
1789471129.0801,0.0000,-0.0000,0.0000,0.0000,0.0000,0.0000,0.0000,0.0000,0.0000,0.0000,-0.0000,0.0000
1789471129.1299,0.0000,-0.0000,0.0000,0.0000,0.0000,0.0000,0.0000,0.0000,0.0000,0.0000,-0.0000,0.0000
1789471129.1799,0.0000,-0.0000,0.0000,0.0000,0.0000,0.0000,0.0000,0.0000,0.0000,0.0000,-0.0000,0.0000
1789471129.2300,0.0000,-0.0000,0.0000,0.0000,0.0000,0.0000,0.0000,0.0000,0.0000,0.0000,-0.0000,0.0000
1789471129.2801,0.0000,-0.0000,0.0000,0.0000,0.0000,0.0000,0.0000,0.0000,0.0000,0.0000,-0.0000,0.0000
1789471129.3300,0.0000,-0.0000,0.0000,0.0000,0.0000,0.0000,0.0000,0.0000,0.0000,0.0000,-0.0000,0.0000
1789471129.3800,0.0000,-0.0000,0.0000,0.0000,0.0000,0.0000,0.0000,0.0000,0.0000,0.0000,-0.0000,0.0000
1789471129.4300,0.0000,-0.0000,0.0000,0.0000,0.0000,0.0000,0.0000,0.0000,0.0000,0.0000,-0.0000,0.0000
1789471129.4801,0.0000,-0.0000,0.0000,0.0000,0.0000,0.0000,0.0000,0.0000,0.0000,0.0000,-0.0000,0.0000
1789471129.5301,0.0000,-0.0000,0.0000,0.0000,0.0000,0.0000,0.0000,0.0000,0.0000,0.0000,-0.0000,0.0000
1789471129.5800,0.0000,-0.0000,0.0000,0.0000,0.0000,0.0000,0.0000,0.0000,0.0000,0.0000,-0.0000,0.0000
1789471129.6300,0.0000,-0.0000,0.0000,0.0000,0.0000,0.0000,0.0000,0.0000,0.0000,0.0000,-0.0000,0.0000
1789471129.6800,0.0000,-0.0000,0.0000,0.0000,0.0000,0.0000,0.0000,0.0000,0.0000,0.0000,-0.0000,0.0000
1789471129.7298,0.0000,-0.0000,0.0000,0.0000,0.0000,0.0000,0.0000,0.0000,0.0000,0.0000,-0.0000,0.0000
1789471129.7800,0.0000,-0.0000,0.0000,0.0000,0.0000,0.0000,0.0000,0.0000,0.0000,0.0000,-0.0000,0.0000
1789471129.8299,0.0000,-0.0000,0.0000,0.0000,0.0000,0.0000,0.0000,0.0000,0.0000,0.0000,-0.0000,0.0000
1789471129.8800,0.0000,-0.0000,0.0000,0.0000,0.0000,0.0000,0.0000,0.0000,0.0000,0.0000,-0.0000,0.0000
1789471129.9300,0.0000,-0.0000,0.0000,0.0000,0.0000,0.0000,0.0000,0.0000,0.0000,0.0000,-0.0000,0.0000
1789471129.9800,0.0000,-0.0000,0.0000,0.0000,0.0000,0.0000,0.0000,0.0000,0.0000,0.0000,-0.0000,0.0000
1789471130.0301,0.0000,-0.0000,0.0000,0.0000,0.0000,0.0000,0.0000,0.0000,0.0000,0.0000,-0.0000,0.0000
1789471130.0800,0.0000,-0.0000,0.0000,0.0000,0.0000,0.0000,0.0000,0.0000,0.0000,0.0000,-0.0000,0.0000
1789471130.1300,0.0000,-0.0000,0.0000,0.0000,0.0000,0.0000,0.0000,0.0000,0.0000,0.0000,-0.0000,0.0000
1789471130.1801,0.0000,-0.0000,0.0000,0.0000,0.0000,0.0000,0.0000,0.0000,0.0000,0.0000,-0.0000,0.0000
1789471130.2301,0.0000,-0.0000,0.0000,0.0000,0.0000,0.0000,0.0000,0.0000,0.0000,0.0000,-0.0000,0.0000
1789471130.2801,0.0000,-0.0000,0.0000,0.0000,0.0000,0.0000,0.0000,0.0000,0.0000,0.0000,-0.0000,0.0000
1789471130.3302,0.0000,-0.0000,0.0000,0.0000,0.0000,0.0000,0.0000,0.0000,0.0000,0.0000,-0.0000,0.0000
1789471130.3802,0.0000,-0.0000,0.0000,0.0000,0.0000,0.0000,0.0000,0.0000,0.0000,0.0000,-0.0000,0.0000
1789471130.4301,0.0000,-0.0000,0.0000,0.0000,0.0000,0.0000,0.0000,0.0000,0.0000,0.0000,-0.0000,0.0000
1789471130.4800,0.0000,-0.0000,0.0000,0.0000,0.0000,0.0000,0.0000,0.0000,0.0000,0.0000,-0.0000,0.0000
1789471130.5299,0.0000,-0.0000,0.0000,0.0000,0.0000,0.0000,0.0000,0.0000,0.0000,0.0000,-0.0000,0.0000
1789471130.5800,0.0000,-0.0000,0.0000,0.0000,0.0000,0.0000,0.0000,0.0000,0.0000,0.0000,-0.0000,0.0000
1789471130.6300,0.0000,-0.0000,0.0000,0.0000,0.0000,0.0000,0.0000,0.0000,0.0000,0.0000,-0.0000,0.0000
1789471130.6801,0.0000,-0.0000,0.0000,0.0000,0.0000,0.0000,0.0000,0.0000,0.0000,0.0000,-0.0000,0.0000
1789471130.7300,0.0000,-0.0000,0.0000,0.0000,0.0000,0.0000,0.0000,0.0000,0.0000,0.0000,-0.0000,0.0000
1789471130.7800,0.0000,-0.0000,0.0000,0.0000,0.0000,0.0000,0.0000,0.0000,0.0000,0.0000,-0.0000,0.0000
1789471130.8300,0.0000,-0.0000,0.0000,0.0000,0.0000,0.0000,0.0000,0.0000,0.0000,0.0000,-0.0000,0.0000
1789471130.8801,0.0000,-0.0000,0.0000,0.0000,0.0000,0.0000,0.0000,0.0000,0.0000,0.0000,-0.0000,0.0000
1789471130.9300,0.0000,-0.0000,0.0000,0.0000,0.0000,0.0000,0.0000,0.0000,0.0000,0.0000,-0.0000,0.0000
1789471130.9799,0.0000,-0.0000,0.0000,0.0000,0.0000,0.0000,0.0000,0.0000,0.0000,0.0000,-0.0000,0.0000
1789471131.0300,0.0000,-0.0000,0.0000,0.0000,0.0000,0.0000,0.0000,0.0000,0.0000,0.0000,-0.0000,0.0000
1789471131.0800,0.0000,-0.0000,0.0000,0.0000,0.0000,0.0000,0.0000,0.0000,0.0000,0.0000,-0.0000,0.0000
1789471131.1302,0.0000,-0.0000,0.0000,0.0000,0.0000,0.0000,0.0000,0.0000,0.0000,0.0000,-0.0000,0.0000
1789471131.1800,0.0000,-0.0000,0.0000,0.0000,0.0000,0.0000,0.0000,0.0000,0.0000,0.0000,-0.0000,0.0000
1789471131.2300,0.0000,-0.0000,0.0000,0.0000,0.0000,0.0000,0.0000,0.0000,0.0000,0.0000,-0.0000,0.0000
1789471131.2800,0.0000,-0.0000,0.0000,0.0000,0.0000,0.0000,0.0000,0.0000,0.0000,0.0000,-0.0000,0.0000
1789471131.3302,0.0000,-0.0000,0.0000,0.0000,0.0000,0.0000,0.0000,0.0000,0.0000,0.0000,-0.0000,0.0000
1789471131.3800,0.0000,-0.0000,0.0000,0.0000,0.0000,0.0000,0.0000,0.0000,0.0000,0.0000,-0.0000,0.0000
1789471131.4301,0.0000,-0.0000,0.0000,0.0000,0.0000,0.0000,0.0000,0.0000,0.0000,0.0000,-0.0000,0.0000
1789471131.4798,0.0000,-0.0000,0.0000,0.0000,0.0000,0.0000,0.0000,0.0000,0.0000,0.0000,-0.0000,0.0000
1789471131.5301,0.0000,-0.0000,0.0000,0.0000,0.0000,0.0000,0.0000,0.0000,0.0000,0.0000,-0.0000,0.0000
1789471131.5800,0.0000,-0.0000,0.0000,0.0000,0.0000,0.0000,0.0000,0.0000,0.0000,0.0000,-0.0000,0.0000
1789471131.6300,0.0000,-0.0000,0.0000,0.0000,0.0000,0.0000,0.0000,0.0000,0.0000,0.0000,-0.0000,0.0000
1789471131.6802,0.0000,-0.0000,0.0000,0.0000,0.0000,0.0000,0.0000,0.0000,0.0000,0.0000,-0.0000,0.0000
1789471131.7301,0.0000,-0.0000,0.0000,0.0000,0.0000,0.0000,0.0000,0.0000,0.0000,0.0000,-0.0000,0.0000
1789471131.7801,0.0000,-0.0000,0.0000,0.0000,0.0000,0.0000,0.0000,0.0000,0.0000,0.0000,-0.0000,0.0000
1789471131.8301,0.0000,-0.0000,0.0000,0.0000,0.0000,0.0000,0.0000,0.0000,0.0000,0.0000,-0.0000,0.0000
1789471131.8800,0.0000,-0.0000,0.0000,0.0000,0.0000,0.0000,0.0000,0.0000,0.0000,0.0000,-0.0000,0.0000
1789471131.9300,0.0000,-0.0000,0.0000,0.0000,0.0000,0.0000,0.0000,0.0000,0.0000,0.0000,-0.0000,0.0000
1789471131.9801,0.0000,-0.0000,0.0000,0.0000,0.0000,0.0000,0.0000,0.0000,0.0000,0.0000,-0.0000,0.0000
1789471132.0300,0.0000,-0.0000,0.0000,0.0000,0.0000,0.0000,0.0000,0.0000,0.0000,0.0000,-0.0000,0.0000
1789471132.0801,0.0000,-0.0000,0.0000,0.0000,0.0000,0.0000,0.0000,0.0000,0.0000,0.0000,-0.0000,0.0000
1789471132.1301,0.0000,-0.0000,0.0000,0.0000,0.0000,0.0000,0.0000,0.0000,0.0000,0.0000,-0.0000,0.0000
1789471132.1801,0.0000,-0.0000,0.0000,0.0000,0.0000,0.0000,0.0000,0.0000,0.0000,0.0000,-0.0000,0.0000
1789471132.2300,0.0000,-0.0000,0.0000,0.0000,0.0000,0.0000,0.0000,0.0000,0.0000,0.0000,-0.0000,0.0000
1789471132.2801,0.0000,-0.0000,0.0000,0.0000,0.0000,0.0000,0.0000,0.0000,0.0000,0.0000,-0.0000,0.0000
1789471132.3301,0.0000,-0.0000,0.0000,0.0000,0.0000,0.0000,0.0000,0.0000,0.0000,0.0000,-0.0000,0.0000
1789471132.3801,0.0000,-0.0000,0.0000,0.0000,0.0000,0.0000,0.0000,0.0000,0.0000,0.0000,-0.0000,0.0000
1789471132.4300,0.0000,-0.0000,0.0000,0.0000,0.0000,0.0000,0.0000,0.0000,0.0000,0.0000,-0.0000,0.0000
1789471132.4803,0.0000,-0.0000,0.0000,0.0000,0.0000,0.0000,0.0000,0.0000,0.0000,0.0000,-0.0000,0.0000
1789471132.5301,0.0000,-0.0000,0.0000,0.0000,0.0000,0.0000,0.0000,0.0000,0.0000,0.0000,-0.0000,0.0000
1789471132.5801,0.0000,-0.0000,0.0000,0.0000,0.0000,0.0000,0.0000,0.0000,0.0000,0.0000,-0.0000,0.0000
1789471132.6301,0.0000,-0.0000,0.0000,0.0000,0.0000,0.0000,0.0000,0.0000,0.0000,0.0000,-0.0000,0.0000
1789471132.6801,0.0000,-0.0000,0.0000,0.0000,0.0000,0.0000,0.0000,0.0000,0.0000,0.0000,-0.0000,0.0000
1789471132.7301,0.0000,-0.0000,0.0000,0.0000,0.0000,0.0000,0.0000,0.0000,0.0000,0.0000,-0.0000,0.0000
1789471132.7800,0.0000,-0.0000,0.0000,0.0000,0.0000,0.0000,0.0000,0.0000,0.0000,0.0000,-0.0000,0.0000
1789471132.8302,0.0000,-0.0000,0.0000,0.0000,0.0000,0.0000,0.0000,0.0000,0.0000,0.0000,-0.0000,0.0000
1789471132.8801,0.0000,-0.0000,0.0000,0.0000,0.0000,0.0000,0.0000,0.0000,0.0000,0.0000,-0.0000,0.0000
1789471132.9300,0.0000,-0.0000,0.0000,0.0000,0.0000,0.0000,0.0000,0.0000,0.0000,0.0000,-0.0000,0.0000
1789471132.9801,0.0000,-0.0000,0.0000,0.0000,0.0000,0.0000,0.0000,0.0000,0.0000,0.0000,-0.0000,0.0000
1789471133.0301,0.0000,-0.0000,0.0000,0.0000,0.0000,0.0000,0.0000,0.0000,0.0000,0.0000,-0.0000,0.0000
1789471133.0800,0.0000,-0.0000,0.0000,0.0000,0.0000,0.0000,0.0000,0.0000,0.0000,0.0000,-0.0000,0.0000
1789471133.1301,0.0000,-0.0000,0.0000,0.0000,0.0000,0.0000,0.0000,0.0000,0.0000,0.0000,-0.0000,0.0000
1789471133.1801,0.0000,-0.0000,0.0000,0.0000,0.0000,0.0000,0.0000,0.0000,0.0000,0.0000,-0.0000,0.0000
1789471133.2301,0.0000,-0.0000,0.0000,0.0000,0.0000,0.0000,0.0000,0.0000,0.0000,0.0000,-0.0000,0.0000
1789471133.2802,0.0000,-0.0000,0.0000,0.0000,0.0000,0.0000,0.0000,0.0000,0.0000,0.0000,-0.0000,0.0000
1789471133.3301,0.0000,-0.0000,0.0000,0.0000,0.0000,0.0000,0.0000,0.0000,0.0000,0.0000,-0.0000,0.0000
1789471133.3801,0.0000,-0.0000,0.0000,0.0000,0.0000,0.0000,0.0000,0.0000,0.0000,0.0000,-0.0000,0.0000
1789471133.4299,0.0000,-0.0000,0.0000,0.0000,0.0000,0.0000,0.0000,0.0000,0.0000,0.0000,-0.0000,0.0000
1789471133.4802,0.0000,-0.0000,0.0000,0.0000,0.0000,0.0000,0.0000,0.0000,0.0000,0.0000,-0.0000,0.0000
1789471133.5299,0.0000,-0.0000,0.0000,0.0000,0.0000,0.0000,0.0000,0.0000,0.0000,0.0000,-0.0000,0.0000
1789471133.5801,0.0000,-0.0000,0.0000,0.0000,0.0000,0.0000,0.0000,0.0000,0.0000,0.0000,-0.0000,0.0000
1789471133.6301,0.0000,-0.0000,0.0000,0.0000,0.0000,0.0000,0.0000,0.0000,0.0000,0.0000,-0.0000,0.0000
1789471133.6803,0.0000,-0.0000,0.0000,0.0000,0.0000,0.0000,0.0000,0.0000,0.0000,0.0000,-0.0000,0.0000
1789471133.7301,0.0000,-0.0000,0.0000,0.0000,0.0000,0.0000,0.0000,0.0000,0.0000,0.0000,-0.0000,0.0000
1789471133.7799,0.0000,-0.0000,0.0000,0.0000,0.0000,0.0000,0.0000,0.0000,0.0000,0.0000,-0.0000,0.0000
1789471133.8301,0.0000,-0.0000,0.0000,0.0000,0.0000,0.0000,0.0000,0.0000,0.0000,0.0000,-0.0000,0.0000
1789471133.8801,0.0000,-0.0000,0.0000,0.0000,0.0000,0.0000,0.0000,0.0000,0.0000,0.0000,-0.0000,0.0000
1789471133.9301,-0.0720,-0.0480,-5.0000,0.4800,0.1990,39.0000,0.0190,0.0000,2.0000,0.6000,0.2820,45.0000
1789471133.9803,-0.0720,-0.0170,-7.0000,1.0800,0.7460,66.0000,0.0190,0.0000,2.0000,1.2000,0.9100,68.0000
1789471134.0304,-0.0720,-0.0290,-7.0000,1.2940,1.1060,72.0000,0.0190,0.0000,2.0000,1.3850,1.4160,63.0000
1789471134.0802,-0.0720,-0.0470,-7.0000,1.2940,1.3000,65.0000,0.0190,0.0000,3.0000,1.3850,1.3430,70.0000
1789471134.1300,-0.0720,-0.0370,-8.0000,1.2940,1.3700,63.0000,0.0190,0.0000,3.0000,1.3850,1.3100,73.0000
1789471134.2294,-0.0720,-0.0040,-10.0000,1.2940,1.3670,63.0000,0.0190,0.0110,2.0000,1.3850,1.3810,70.0000
1789471134.2794,-0.0720,0.0120,-12.0000,1.2940,1.3860,61.0000,0.0190,0.0730,-1.0000,1.3850,1.4830,64.0000
1789471134.3294,-0.0720,0.0030,-12.0000,1.2940,1.3720,60.0000,0.0190,0.0890,-2.0000,1.3850,1.4700,64.0000
1789471134.3307,-0.0720,0.0000,-13.0000,1.2940,1.3630,60.0000,0.0190,0.0070,2.0000,1.3850,1.4760,63.0000
1789471134.4294,-0.0720,-0.0210,-13.0000,1.2940,1.2870,64.0000,0.0190,0.0000,2.0000,1.3850,1.3120,72.0000
1789471134.4810,-0.0720,-0.0270,-13.0000,1.2940,1.3120,62.0000,0.0190,0.0000,2.0000,1.3850,1.3770,68.0000
1789471134.5293,-0.0720,-0.0080,-15.0000,1.2940,1.3230,61.0000,0.0190,0.0000,2.0000,1.3850,1.4270,65.0000
1789471134.5801,-0.0720,-0.0310,-14.0000,1.2940,1.3230,61.0000,0.0190,0.0010,2.0000,1.3850,1.4740,62.0000
1789471134.6294,-0.0720,-0.0740,-12.0000,1.2940,1.3220,60.0000,0.0190,0.0000,3.0000,1.3850,1.4110,65.0000
1789471134.6794,-0.0720,-0.0850,-12.0000,1.2940,1.2880,62.0000,0.0190,0.0000,3.0000,1.3850,1.4130,65.0000
1789471134.7301,-0.0720,-0.0170,-16.0000,1.2940,1.2950,62.0000,0.0190,0.0000,3.0000,1.3850,1.3510,68.0000
1789471134.7314,-0.0720,-0.0350,-15.0000,1.2940,1.3120,61.0000,0.0190,0.0000,3.0000,1.3850,1.3440,68.0000
1789471134.7816,-0.0720,-0.0510,-15.0000,1.2940,1.3060,61.0000,0.0190,0.0010,4.0000,1.3850,1.4210,64.0000
1789471134.8795,-0.0720,-0.0600,-15.0000,1.2940,1.2990,61.0000,0.0190,0.0000,4.0000,1.3850,1.4510,62.0000
1789471134.9295,-0.0720,-0.0770,-14.0000,1.2940,1.2940,61.0000,0.0190,0.0000,4.0000,1.3850,1.4240,63.0000
1789471134.9797,-0.0720,-0.0730,-14.0000,1.2940,1.2900,61.0000,0.0190,0.0000,4.0000,1.3850,1.3950,65.0000
1789471135.0295,-0.0720,-0.0530,-15.0000,1.2940,1.2880,61.0000,0.0190,0.0000,5.0000,1.3850,1.3440,67.0000
1789471135.0802,-0.0720,-0.0700,-14.0000,1.2940,1.2970,61.0000,0.0190,0.0020,5.0000,1.3850,1.3480,67.0000
1789471135.0815,-0.0720,-0.0330,-17.0000,1.2940,1.3100,60.0000,0.0190,0.0140,4.0000,1.3850,1.3550,67.0000
1789471135.1794,-0.0720,-0.0490,-16.0000,1.2940,1.2890,61.0000,0.0190,0.0060,5.0000,1.3850,1.4270,63.0000
1789471135.2294,-0.0720,-0.0810,-15.0000,1.2940,1.3030,60.0000,0.0190,0.0030,5.0000,1.3850,1.4210,64.0000
1789471135.2794,-0.0720,-0.0850,-14.0000,1.2940,1.3000,60.0000,0.0190,0.0010,5.0000,1.3850,1.3630,67.0000
1789471135.3295,-0.0720,-0.0290,-18.0000,1.2940,1.2900,61.0000,0.0190,0.0020,6.0000,1.3850,1.3450,68.0000
1789471135.3794,-0.0720,-0.0860,-14.0000,1.2940,1.2940,61.0000,0.0190,0.0000,6.0000,1.3850,1.3450,68.0000
1789471135.4295,-0.0720,-0.0830,-15.0000,1.2940,1.3250,59.0000,0.0190,0.0150,5.0000,1.3850,1.3590,68.0000
1789471135.4796,-0.0720,-0.0630,-16.0000,1.2940,1.3000,60.0000,0.0190,0.0030,6.0000,1.3850,1.3640,68.0000
1789471135.5294,-0.0720,-0.0570,-16.0000,1.2940,1.3180,59.0000,0.0190,0.0010,6.0000,1.3850,1.4320,64.0000
1789471135.5802,-0.0720,-0.0840,-15.0000,1.2940,1.2940,60.0000,0.0190,0.0020,7.0000,1.3850,1.3810,67.0000
1789471135.5816,-0.0720,-0.0830,-15.0000,1.2940,1.3010,60.0000,0.0190,0.0010,7.0000,1.3850,1.3290,70.0000
1789471135.6795,-0.0720,-0.0730,-15.0000,1.2940,1.2790,61.0000,0.0190,0.0000,7.0000,1.3850,1.3610,68.0000
1789471135.7293,-0.0720,-0.0930,-14.0000,1.2940,1.3240,58.0000,0.0190,0.0000,7.0000,1.3850,1.3680,68.0000
1789471135.7796,-0.0720,-0.0700,-15.0000,1.2940,1.3060,59.0000,0.0190,0.0010,7.0000,1.3850,1.3770,68.0000
1789471135.8295,-0.0720,-0.0440,-16.0000,1.2940,1.3010,59.0000,0.0190,0.0000,8.0000,1.3850,1.3930,67.0000
1789471135.8802,-0.0720,-0.0470,-17.0000,1.2940,1.2830,60.0000,0.0190,0.0030,8.0000,1.3850,1.3730,68.0000
1789471135.8815,-0.0720,-0.0870,-14.0000,1.2940,1.3030,59.0000,0.0190,0.0000,8.0000,1.3850,1.3450,70.0000
1789471135.9801,-0.0720,-0.0640,-16.0000,1.2940,1.2670,61.0000,0.0190,0.0000,8.0000,1.3850,1.3190,72.0000
1789471136.0295,-0.0720,-0.0450,-17.0000,1.2940,1.3100,59.0000,0.0190,0.0000,9.0000,1.3850,1.4030,67.0000
1789471136.0796,-0.0720,-0.0690,-16.0000,1.2940,1.2980,60.0000,0.0190,0.0020,9.0000,1.3850,1.3920,68.0000
1789471136.1319,-0.0720,-0.0290,-18.0000,1.2940,1.3070,59.0000,0.0190,0.0030,9.0000,1.3850,1.4310,66.0000
1789471136.1795,-0.0720,-0.0120,-19.0000,1.2940,1.2700,61.0000,0.0190,0.0000,9.0000,1.3850,1.4100,67.0000
1789471136.1807,-0.0720,-0.1010,-15.0000,1.2940,1.2840,60.0000,0.0190,0.0000,10.0000,1.3850,1.3710,69.0000
1789471136.2312,-0.0720,-0.0800,-16.0000,1.2940,1.2820,61.0000,0.0190,0.0000,10.0000,1.3850,1.3290,71.0000
1789471136.2813,-0.0720,-0.0710,-16.0000,1.2940,1.3050,59.0000,0.0190,0.0100,9.0000,1.3850,1.3940,68.0000
1789471136.3805,-0.0720,-0.1170,-14.0000,1.2940,1.3250,58.0000,0.0190,0.0130,9.0000,1.3850,1.3950,68.0000
1789471136.3819,-0.0720,-0.0480,-18.0000,1.2940,1.3090,59.0000,0.0190,0.0090,10.0000,1.3850,1.4070,67.0000
1789471136.4334,-0.0720,-0.0360,-18.0000,1.2940,1.2970,59.0000,0.0190,0.0170,9.0000,1.3850,1.4160,66.0000
1789471136.5305,-0.0720,-0.0750,-16.0000,1.2940,1.2860,60.0000,0.0190,0.0380,8.0000,1.3850,1.3640,69.0000
1789471136.5809,-0.0720,-0.1140,-14.0000,1.2940,1.2960,59.0000,0.0190,0.0520,7.0000,1.3850,1.2780,74.0000
1789471136.6303,-0.0720,-0.1010,-14.0000,1.2940,1.2950,59.0000,0.0190,0.0270,8.0000,1.3850,1.3620,70.0000
1789471136.6805,-0.0720,-0.1080,-13.0000,1.2940,1.3140,58.0000,0.0190,0.0220,9.0000,1.3850,1.3870,69.0000
1789471136.6818,-0.0720,-0.0650,-16.0000,1.2940,1.3050,59.0000,0.0190,0.0050,10.0000,1.3850,1.4110,68.0000
1789471136.7319,-0.0720,-0.0710,-15.0000,1.2940,1.3180,58.0000,0.0190,0.0030,10.0000,1.3850,1.4120,68.0000
1789471136.7812,-0.0720,-0.0580,-16.0000,1.2940,1.3090,58.0000,0.0190,0.0030,10.0000,1.3850,1.4140,68.0000
1789471136.8313,-0.0720,-0.0600,-16.0000,1.2940,1.3130,57.0000,0.0190,0.0110,10.0000,1.3850,1.2920,74.0000
1789471136.8813,-0.0720,-0.0570,-16.0000,1.2940,1.2870,59.0000,0.0190,0.0090,10.0000,1.3850,1.3570,71.0000
1789471136.9313,-0.0720,-0.0400,-17.0000,1.2940,1.2980,58.0000,0.0190,0.0010,10.0000,1.3850,1.3810,70.0000
1789471136.9812,-0.0720,-0.0520,-17.0000,1.2940,1.2920,58.0000,0.0190,0.0030,11.0000,1.3850,1.3990,70.0000
1789471137.0310,-0.0720,-0.0540,-17.0000,1.2940,1.3070,57.0000,0.0190,0.0040,11.0000,1.3850,1.4080,69.0000
1789471137.0813,-0.0720,-0.0550,-17.0000,1.2940,1.2840,59.0000,0.0190,0.0030,11.0000,1.3850,1.4000,69.0000
1789471137.1318,-0.0720,-0.0550,-17.0000,1.2940,1.2810,59.0000,0.0190,0.0060,11.0000,1.3850,1.3670,71.0000
1789471137.1813,-0.0720,-0.0740,-17.0000,1.2940,1.2840,59.0000,0.0190,0.0120,11.0000,1.3850,1.3830,70.0000
1789471137.2346,-0.0720,-0.0280,-19.0000,1.2940,1.3090,57.0000,0.0190,0.0150,11.0000,1.3850,1.3720,71.0000
1789471137.3349,-0.0720,-0.0110,-21.0000,1.2940,1.3040,58.0000,0.0190,0.0360,9.0000,1.3850,1.4010,69.0000
1789471137.3366,-0.0720,-0.0910,-17.0000,1.2940,1.3210,57.0000,0.0190,0.0630,8.0000,1.3850,1.3940,70.0000
1789471137.4342,-0.0720,-0.0830,-17.0000,1.2940,1.3080,57.0000,0.0190,0.0280,9.0000,1.3850,1.3800,70.0000
1789471137.4359,-0.0720,-0.0430,-19.0000,1.2940,1.2840,58.0000,0.0190,0.0210,10.0000,1.3850,1.3080,75.0000
1789471137.4813,-0.0720,-0.0770,-17.0000,1.2940,1.2810,59.0000,0.0190,0.0160,10.0000,1.3850,1.3970,70.0000
1789471137.5312,-0.0720,-0.0600,-19.0000,1.2940,1.2880,58.0000,0.0190,0.0180,10.0000,1.3850,1.4070,69.0000
1789471137.5812,-0.0720,-0.0720,-18.0000,1.2940,1.3030,57.0000,0.0190,0.0100,10.0000,1.3850,1.4330,68.0000
1789471137.6314,-0.0720,-0.0100,-22.0000,1.2940,1.2820,59.0000,0.0190,0.0070,10.0000,1.3850,1.4350,67.0000
1789471137.6813,-0.0720,-0.0790,-18.0000,1.2940,1.2720,59.0000,0.0190,0.0080,10.0000,1.3850,1.4400,66.0000
1789471137.7312,-0.0720,-0.0710,-19.0000,1.2940,1.2530,61.0000,0.0190,0.0150,10.0000,1.3850,1.3450,71.0000
1789471137.8305,-0.0720,-0.0660,-19.0000,1.2940,1.2820,59.0000,0.0190,0.0480,8.0000,1.3850,1.3740,70.0000
1789471137.8806,-0.0720,-0.0120,-22.0000,1.2940,1.2980,59.0000,0.0190,0.0520,8.0000,1.3850,1.4220,67.0000
1789471137.9312,-0.0720,-0.0520,-20.0000,1.2940,1.2980,59.0000,0.0190,0.0280,9.0000,1.3850,1.3930,68.0000
1789471137.9325,-0.0720,-0.0760,-20.0000,1.2940,1.3010,58.0000,0.0190,0.0210,9.0000,1.3850,1.4310,66.0000
1789471137.9817,-0.0720,-0.0740,-20.0000,1.2940,1.3190,57.0000,0.0190,0.0070,10.0000,1.3850,1.3910,68.0000
1789471138.0312,-0.0720,-0.0240,-23.0000,1.2940,1.2140,63.0000,0.0190,0.0010,10.0000,1.3850,1.3630,69.0000
1789471138.0828,-0.0720,-0.0720,-20.0000,1.2940,1.2370,62.0000,0.0190,0.0010,11.0000,1.3850,1.4060,67.0000
1789471138.1312,-0.0720,-0.0620,-21.0000,1.2940,1.2710,61.0000,0.0190,0.0050,10.0000,1.3850,1.3850,68.0000
1789471138.1812,-0.0720,-0.0980,-19.0000,1.2940,1.3220,58.0000,0.0190,0.0110,10.0000,1.3850,1.3150,72.0000
1789471138.2317,-0.0720,-0.1170,-18.0000,1.2940,1.3050,59.0000,0.0190,0.0150,10.0000,1.3850,1.3490,71.0000
1789471138.2813,-0.0720,-0.0830,-19.0000,1.2940,1.3380,57.0000,0.0190,0.0060,11.0000,1.3850,1.3680,70.0000
1789471138.3313,-0.0720,-0.0080,-23.0000,1.2940,1.3200,58.0000,0.0190,0.0090,11.0000,1.3850,1.3300,73.0000
1789471138.3814,-0.0720,-0.0660,-20.0000,1.2940,1.2780,60.0000,0.0190,0.0060,11.0000,1.3850,1.3580,71.0000
1789471138.4311,-0.0720,-0.0340,-22.0000,1.2940,1.2980,59.0000,0.0190,0.0050,11.0000,1.3850,1.4900,64.0000
1789471138.4812,-0.0720,-0.0540,-22.0000,1.2940,1.3060,59.0000,0.0190,0.0050,11.0000,1.3850,1.4420,66.0000
1789471138.5311,-0.0720,-0.0770,-21.0000,1.2940,1.3220,58.0000,0.0190,0.0100,11.0000,1.3850,1.3690,70.0000
1789471138.5813,-0.0720,-0.1000,-19.0000,1.2940,1.3250,57.0000,0.0190,0.0330,10.0000,1.3850,1.3540,71.0000
1789471138.6410,-0.0720,-0.0730,-21.0000,1.2940,1.3060,58.0000,0.0190,0.0600,8.0000,1.3850,1.3300,72.0000
1789471138.6813,-0.0720,-0.0220,-23.0000,1.2940,1.3110,57.0000,0.0190,0.0220,10.0000,1.3850,1.3690,70.0000
1789471138.7314,-0.0720,-0.0040,-25.0000,1.2940,1.2800,59.0000,0.0190,0.0200,10.0000,1.3850,1.4380,67.0000
1789471138.7825,-0.0720,-0.0040,-25.0000,1.2940,1.3000,58.0000,0.0190,0.0240,10.0000,1.3850,1.4070,68.0000
1789471138.8323,-0.0720,-0.0400,-24.0000,1.2940,1.3060,58.0000,0.0190,0.0200,10.0000,1.3850,1.3770,70.0000
1789471138.8823,-0.0720,-0.1040,-21.0000,1.2940,1.2940,58.0000,0.0190,0.0080,11.0000,1.3850,1.3750,70.0000
1789471138.9322,-0.0720,-0.0820,-22.0000,1.2940,1.2980,58.0000,0.0190,0.0040,11.0000,1.3850,1.3400,72.0000
1789471138.9823,-0.0720,-0.0800,-22.0000,1.2940,1.2530,61.0000,0.0190,0.0040,11.0000,1.3850,1.3670,71.0000
1789471139.0321,-0.0720,-0.0650,-23.0000,1.2940,1.2840,59.0000,0.0190,0.0040,12.0000,1.3850,1.4470,66.0000
1789471139.0822,-0.0720,-0.0760,-22.0000,1.2940,1.2840,59.0000,0.0190,0.0050,12.0000,1.3850,1.4440,66.0000
1789471139.1321,-0.0720,-0.0880,-22.0000,1.2940,1.2890,59.0000,0.0190,0.0100,12.0000,1.3850,1.4390,66.0000
1789471139.1843,-0.0720,-0.1190,-20.0000,1.2940,1.2710,60.0000,0.0190,0.0070,12.0000,1.3850,1.3510,70.0000
1789471139.2332,-0.0720,-0.0990,-21.0000,1.2940,1.2780,60.0000,0.0190,0.0050,12.0000,1.3850,1.3050,73.0000
1789471139.2855,-0.0720,-0.0670,-22.0000,1.2940,1.2910,59.0000,0.0190,0.0190,11.0000,1.3850,1.3250,73.0000
1789471139.3845,-0.0720,-0.0700,-22.0000,1.2940,1.3060,59.0000,0.0190,0.0660,9.0000,1.3850,1.4190,68.0000
1789471139.3858,-0.0720,-0.0160,-25.0000,1.2940,1.2800,60.0000,0.0190,0.0390,10.0000,1.3850,1.4690,65.0000
1789471139.4354,-0.0720,-0.0300,-24.0000,1.2940,1.3040,59.0000,0.0190,0.0330,10.0000,1.3850,1.4270,67.0000
1789471139.4850,-0.0720,-0.1240,-19.0000,1.2940,1.2800,60.0000,0.0190,0.0110,11.0000,1.3850,1.4130,67.0000
1789471139.5351,-0.0720,-0.1010,-21.0000,1.2940,1.2870,60.0000,0.0190,0.0040,12.0000,1.3850,1.3170,72.0000
1789471139.5854,-0.0720,-0.0800,-21.0000,1.2940,1.2920,59.0000,0.0190,0.0180,11.0000,1.3850,1.3630,70.0000
1789471139.6367,-0.0720,-0.0830,-21.0000,1.2940,1.3100,59.0000,0.0190,0.0080,12.0000,1.3850,1.3650,70.0000
1789471139.6873,-0.0720,-0.0820,-21.0000,1.2940,1.2980,59.0000,0.0190,0.0100,11.0000,1.3850,1.4370,66.0000
1789471139.7373,-0.0720,-0.0650,-22.0000,1.2940,1.3060,59.0000,0.0190,0.0100,12.0000,1.3850,1.4340,66.0000
1789471139.7874,-0.0720,-0.0950,-20.0000,1.2940,1.3110,58.0000,0.0190,0.0150,11.0000,1.3850,1.4070,67.0000
1789471139.8371,-0.0720,-0.1000,-19.0000,1.2940,1.3230,57.0000,0.0190,0.0250,11.0000,1.3850,1.2650,75.0000
1789471139.9365,-0.0720,-0.1170,-18.0000,1.2940,1.3130,58.0000,0.0190,0.0670,8.0000,1.3850,1.3090,73.0000
1789471139.9379,-0.0720,-0.0750,-20.0000,1.2940,1.3190,57.0000,0.0190,0.0290,10.0000,1.3850,1.3560,71.0000
1789471139.9876,-0.0720,-0.0640,-21.0000,1.2940,1.2920,58.0000,0.0190,0.0250,10.0000,1.3850,1.4050,69.0000
1789471140.0373,-0.0720,-0.0660,-21.0000,1.2940,1.2730,59.0000,0.0190,0.0340,10.0000,1.3850,1.4580,66.0000
1789471140.0886,-0.0720,-0.0390,-22.0000,1.2940,1.2920,58.0000,0.0190,0.0150,11.0000,1.3850,1.4660,65.0000
1789471140.1372,-0.0720,-0.0920,-19.0000,1.2940,1.2960,58.0000,0.0190,0.0190,10.0000,1.3850,1.3280,72.0000
1789471140.1888,-0.0720,-0.1170,-18.0000,1.2940,1.3090,57.0000,0.0190,0.0140,11.0000,1.3850,1.3200,73.0000
1789471140.2373,-0.0720,-0.0960,-18.0000,1.2940,1.2940,58.0000,0.0190,0.0210,10.0000,1.3850,1.3490,72.0000
1789471140.3366,-0.0720,-0.1050,-17.0000,1.2940,1.3050,57.0000,0.0190,0.0740,7.0000,1.3850,1.4260,68.0000
1789471140.3379,-0.0720,-0.0930,-18.0000,1.2940,1.2850,58.0000,0.0190,0.0200,10.0000,1.3850,1.4080,69.0000
1789471140.4366,-0.0720,-0.0740,-19.0000,1.2940,1.2980,58.0000,0.0190,0.0260,9.0000,1.3850,1.4650,65.0000
1789471140.4382,-0.0720,-0.0790,-18.0000,1.2940,1.2790,59.0000,0.0190,0.0170,10.0000,1.3850,1.3390,72.0000
1789471140.5371,-0.0720,-0.1060,-17.0000,1.2940,1.3120,57.0000,0.0190,0.0230,9.0000,1.3850,1.3120,73.0000
1789471140.5384,-0.0720,-0.1090,-16.0000,1.2940,1.2890,58.0000,0.0190,0.0170,10.0000,1.3850,1.3790,70.0000
1789471140.5874,-0.0720,-0.0870,-17.0000,1.2940,1.3050,57.0000,0.0190,0.0040,11.0000,1.3850,1.4110,68.0000
1789471140.6372,-0.0720,-0.0820,-17.0000,1.2940,1.2870,58.0000,0.0190,0.0040,11.0000,1.3850,1.4170,68.0000
1789471140.6873,-0.0720,-0.0970,-16.0000,1.2940,1.3000,57.0000,0.0190,0.0090,10.0000,1.3850,1.4090,68.0000
1789471140.7374,-0.0720,-0.0920,-16.0000,1.2940,1.2730,59.0000,0.0190,0.0240,10.0000,1.3850,1.3440,72.0000
1789471140.8368,-0.0720,-0.0770,-17.0000,1.2940,1.2760,59.0000,0.0190,0.0720,7.0000,1.3850,1.3540,71.0000
1789471140.8865,-0.0720,-0.0980,-16.0000,1.2940,1.2910,58.0000,0.0190,0.0490,8.0000,1.3850,1.3850,70.0000
1789471140.8877,-0.0720,-0.0830,-16.0000,1.2940,1.3100,57.0000,0.0190,0.0120,10.0000,1.3850,1.4390,67.0000
1789471140.9373,-0.0720,-0.1030,-15.0000,1.2940,1.2920,58.0000,0.0190,0.0010,10.0000,1.3850,1.4040,69.0000
1789471140.9871,-0.0720,-0.0700,-17.0000,1.2940,1.3060,57.0000,0.0190,0.0010,10.0000,1.3850,1.4630,65.0000
1789471141.0372,-0.0720,-0.0470,-18.0000,1.2940,1.2960,58.0000,0.0190,0.0030,10.0000,1.3850,1.3760,69.0000
1789471141.0872,-0.0720,-0.0920,-15.0000,1.2940,1.3000,58.0000,0.0190,0.0100,10.0000,1.3850,1.2810,75.0000
1789471141.1866,-0.0720,-0.1000,-15.0000,1.2940,1.2990,58.0000,0.0190,0.0300,9.0000,1.3850,1.3590,71.0000
1789471141.1879,-0.0720,-0.0920,-15.0000,1.2940,1.2980,58.0000,0.0190,0.0120,10.0000,1.3850,1.4030,69.0000
1789471141.2372,-0.0720,-0.0690,-16.0000,1.2940,1.2940,58.0000,0.0190,0.0050,11.0000,1.3850,1.4090,68.0000
1789471141.2874,-0.0720,-0.0440,-18.0000,1.2940,1.2960,58.0000,0.0190,0.0070,11.0000,1.3850,1.4390,66.0000
1789471141.3372,-0.0720,-0.0440,-18.0000,1.2940,1.2910,58.0000,0.0190,0.0150,10.0000,1.3850,1.4250,67.0000
1789471141.4381,-0.0720,-0.0930,-15.0000,1.2940,1.2870,58.0000,0.0190,0.0420,9.0000,1.3850,1.3030,74.0000
1789471141.4866,-0.0720,-0.1080,-15.0000,1.2940,1.2990,57.0000,0.0190,0.0490,8.0000,1.3850,1.3530,71.0000
1789471141.5383,-0.0720,-0.0710,-16.0000,1.2940,1.2890,58.0000,0.0190,0.0380,9.0000,1.3850,1.3950,69.0000
1789471141.5410,-0.0720,-0.0860,-15.0000,1.2940,1.3000,57.0000,0.0190,0.0080,10.0000,1.3850,1.4250,67.0000
1789471141.6367,-0.0720,-0.0380,-18.0000,1.2940,1.2880,58.0000,0.0190,0.0260,9.0000,1.3850,1.4320,67.0000
1789471141.6377,-0.0720,-0.0240,-19.0000,1.2940,1.2980,57.0000,0.0190,0.0160,10.0000,1.3850,1.3990,68.0000
1789471141.6872,-0.0720,-0.0560,-18.0000,1.2940,1.2850,58.0000,0.0190,0.0140,10.0000,1.3850,1.2830,75.0000
1789471141.7373,-0.0720,-0.1030,-15.0000,1.2940,1.2970,57.0000,0.0190,0.0040,10.0000,1.3850,1.3720,70.0000
1789471141.7874,-0.0720,-0.0930,-16.0000,1.2940,1.2790,59.0000,0.0190,0.0050,10.0000,1.3850,1.4140,68.0000
1789471141.8384,-0.0720,-0.0740,-17.0000,1.2940,1.2980,58.0000,0.0190,0.0030,11.0000,1.3850,1.4130,68.0000
1789471141.8873,-0.0720,-0.0830,-16.0000,1.2940,1.2910,58.0000,0.0190,0.0110,10.0000,1.3850,1.3790,70.0000
1789471141.9402,-0.0720,-0.0350,-19.0000,1.2940,1.2940,58.0000,0.0190,0.0300,9.0000,1.3850,1.3650,70.0000
1789471142.0373,-0.0720,-0.0520,-18.0000,1.2940,1.2600,60.0000,0.0190,0.0470,8.0000,1.3850,1.3360,72.0000
1789471142.0386,-0.0720,-0.0870,-16.0000,1.2940,1.2880,58.0000,0.0190,0.0110,10.0000,1.3850,1.4020,69.0000
1789471142.0874,-0.0720,-0.0700,-17.0000,1.2940,1.2970,58.0000,0.0190,0.0100,10.0000,1.3850,1.3900,70.0000
1789471142.1372,-0.0720,-0.1150,-15.0000,1.2940,1.3090,58.0000,0.0190,0.0200,10.0000,1.3850,1.4800,64.0000
1789471142.1873,-0.0720,-0.1050,-15.0000,1.2940,1.2880,59.0000,0.0190,0.0130,10.0000,1.3850,1.4080,68.0000
1789471142.2375,-0.0720,-0.0930,-15.0000,1.2940,1.2780,59.0000,0.0190,0.0030,11.0000,1.3850,1.4050,67.0000
1789471142.2872,-0.0720,-0.0880,-15.0000,1.2940,1.2620,60.0000,0.0190,0.0010,11.0000,1.3850,1.3430,71.0000
1789471142.3375,-0.0720,-0.0950,-14.0000,1.2940,1.3040,58.0000,0.0190,0.0060,11.0000,1.3850,1.3550,70.0000
1789471142.3873,-0.0720,-0.1180,-12.0000,1.2940,1.3130,58.0000,0.0190,0.0120,11.0000,1.3850,1.3910,68.0000
1789471142.4373,-0.0720,-0.1010,-13.0000,1.2940,1.3030,58.0000,0.0190,0.0240,10.0000,1.3850,1.3860,69.0000
1789471142.4873,-0.0720,-0.0810,-14.0000,1.2940,1.3050,58.0000,0.0190,0.0200,10.0000,1.3850,1.4310,66.0000
1789471142.5374,-0.0720,-0.0490,-16.0000,1.2940,1.2960,58.0000,0.0190,0.0140,11.0000,1.3850,1.3940,68.0000
1789471142.5874,-0.0720,-0.0270,-17.0000,1.2940,1.3010,58.0000,0.0190,0.0060,11.0000,1.3850,1.3540,70.0000
1789471142.6373,-0.0720,-0.0850,-14.0000,1.2940,1.2490,61.0000,0.0190,0.0140,11.0000,1.3850,1.3790,69.0000
1789471142.6874,-0.0720,-0.1120,-12.0000,1.2940,1.2950,58.0000,0.0190,0.0410,10.0000,1.3850,1.3660,70.0000
1789471142.7866,-0.0720,-0.0790,-14.0000,1.2940,1.2830,59.0000,0.0190,0.0480,9.0000,1.3850,1.3850,69.0000
1789471142.7881,-0.0720,-0.0660,-15.0000,1.2940,1.3170,57.0000,0.0190,0.0240,10.0000,1.3850,1.3960,68.0000
1789471142.8374,-0.0720,-0.0620,-15.0000,1.2940,1.2930,59.0000,0.0190,0.0130,11.0000,1.3850,1.3950,68.0000
1789471142.8875,-0.0720,-0.0200,-17.0000,1.2940,1.2940,58.0000,0.0190,0.0120,11.0000,1.3850,1.3480,71.0000
1789471142.9374,-0.0720,-0.0060,-19.0000,1.2940,1.2730,60.0000,0.0190,0.0160,10.0000,1.3850,1.4070,67.0000
1789471142.9872,-0.0720,-0.0180,-19.0000,1.2940,1.2830,59.0000,0.0190,0.0180,10.0000,1.3850,1.4120,67.0000
1789471143.0374,-0.0720,-0.0870,-15.0000,1.2940,1.2800,59.0000,0.0190,0.0230,10.0000,1.3850,1.4170,67.0000
1789471143.0872,-0.0720,-0.0370,-18.0000,1.2940,1.2940,59.0000,0.0190,0.0070,11.0000,1.3850,1.4400,65.0000
1789471143.1374,-0.0720,-0.0580,-17.0000,1.2940,1.2900,59.0000,0.0190,0.0010,11.0000,1.3850,1.4070,67.0000
1789471143.1873,-0.0720,-0.0200,-20.0000,1.2940,1.3150,58.0000,0.0190,0.0150,11.0000,1.3850,1.3370,70.0000
1789471143.2373,-0.0720,-0.0020,-22.0000,1.2940,1.2730,60.0000,0.0190,0.0170,11.0000,1.3850,1.3790,68.0000
1789471143.3366,-0.0720,-0.0200,-21.0000,1.2940,1.2960,59.0000,0.0190,0.0710,8.0000,1.3850,1.4520,64.0000
1789471143.3866,-0.0720,-0.1630,-13.0000,1.2940,1.3100,58.0000,0.0190,0.0410,9.0000,1.3850,1.4390,64.0000
1789471143.4368,-0.0720,-0.0820,-18.0000,1.2940,1.3160,58.0000,0.0190,0.1200,4.0000,1.3850,1.4030,66.0000
1789471143.4866,-0.0720,-0.0180,-21.0000,1.2940,1.3160,58.0000,0.0190,0.0880,5.0000,1.3850,1.3740,67.0000
1789471143.5366,-0.0720,-0.0030,-22.0000,1.2940,1.2660,60.0000,0.0190,0.0290,8.0000,1.3850,1.3420,69.0000
1789471143.5380,-0.0720,0.0010,-23.0000,1.2940,1.2630,61.0000,0.0190,0.0050,9.0000,1.3850,1.3780,67.0000
1789471143.5874,-0.0720,-0.0140,-23.0000,1.2940,1.2640,61.0000,0.0190,0.0050,9.0000,1.3850,1.3480,69.0000
1789471143.6411,-0.0720,-0.1050,-18.0000,1.2940,1.2620,61.0000,0.0190,0.0070,9.0000,1.3850,1.4030,66.0000
1789471143.7366,-0.0720,-0.1290,-17.0000,1.2940,1.2670,61.0000,0.0190,0.0090,9.0000,1.3850,1.4550,63.0000
1789471143.7867,-0.0720,-0.1490,-16.0000,1.2940,1.2990,60.0000,0.0190,0.0130,8.0000,1.3850,1.4080,65.0000
1789471143.8366,-0.0720,-0.1620,-14.0000,1.2940,1.3230,58.0000,0.0190,0.0140,8.0000,1.3850,1.3230,70.0000
1789471143.8866,-0.0720,-0.1620,-13.0000,1.2940,1.3280,58.0000,0.0190,0.0210,8.0000,1.3850,1.3590,68.0000
1789471143.9366,-0.0720,-0.1490,-13.0000,1.2940,1.2980,59.0000,0.0190,0.0270,8.0000,1.3850,1.3690,68.0000
1789471143.9885,-0.0720,-0.1170,-14.0000,1.2940,1.2670,61.0000,0.0190,0.0430,7.0000,1.3850,1.3890,67.0000
1789471144.0375,-0.0720,-0.0890,-15.0000,1.2940,1.2360,63.0000,0.0190,0.0410,7.0000,1.3850,1.4040,66.0000
1789471144.0877,-0.0720,-0.0600,-16.0000,1.2940,1.2810,61.0000,0.0190,0.0210,8.0000,1.3850,1.4070,66.0000
1789471144.1376,-0.0720,-0.0970,-14.0000,1.2940,1.3100,59.0000,0.0190,0.0680,5.0000,1.3850,1.3440,69.0000
1789471144.1878,-0.0720,-0.0750,-15.0000,1.2940,1.3330,58.0000,0.0190,0.0420,6.0000,1.3850,1.4030,66.0000
1789471144.2376,-0.0720,-0.0200,-18.0000,1.2940,1.2700,61.0000,0.0190,0.0650,4.0000,1.3850,1.4280,64.0000
1789471144.2884,-0.0720,-0.0360,-17.0000,1.2940,1.2620,62.0000,0.0190,0.0160,7.0000,1.3850,1.3970,66.0000
1789471144.2912,-0.0720,-0.0790,-15.0000,1.2940,1.2710,62.0000,0.0190,0.0180,6.0000,1.3850,1.3740,67.0000
1789471144.3898,-0.0720,-0.0580,-16.0000,1.2940,1.2960,60.0000,0.0190,0.0440,5.0000,1.3850,1.3920,66.0000
1789471144.4377,-0.0720,-0.0450,-17.0000,1.2940,1.2870,61.0000,0.0190,0.0290,6.0000,1.3850,1.3540,68.0000
1789471144.4876,-0.0720,-0.0630,-16.0000,1.2940,1.3210,59.0000,0.0190,0.0250,6.0000,1.3850,1.3590,68.0000
1789471144.5377,-0.0720,-0.0480,-18.0000,1.2940,1.2810,62.0000,0.0190,0.0320,5.0000,1.3850,1.4270,64.0000
1789471144.5879,-0.0720,-0.0620,-17.0000,1.2940,1.2740,62.0000,0.0190,0.0080,6.0000,1.3850,1.4060,65.0000
1789471144.6376,-0.0720,-0.0590,-17.0000,1.2940,1.2760,62.0000,0.0190,0.0050,7.0000,1.3850,1.3680,67.0000
1789471144.6878,-0.0720,-0.1030,-15.0000,1.2940,1.2650,63.0000,0.0190,0.0110,6.0000,1.3850,1.3820,66.0000
1789471144.7376,-0.0720,-0.0710,-17.0000,1.2940,1.2980,61.0000,0.0190,0.0660,3.0000,1.3850,1.3610,68.0000
1789471144.7884,-0.0720,-0.0940,-15.0000,1.2940,1.3100,61.0000,0.0190,0.0190,6.0000,1.3850,1.3740,67.0000
1789471144.7897,-0.0720,-0.1380,-12.0000,1.2940,1.3270,60.0000,0.0190,0.0410,4.0000,1.3850,1.3850,66.0000
1789471144.8878,-0.0720,-0.0860,-15.0000,1.2940,1.3010,61.0000,0.0190,0.0110,6.0000,1.3850,1.4040,65.0000
1789471144.9376,-0.0720,-0.1110,-13.0000,1.2940,1.2920,61.0000,0.0190,0.0010,6.0000,1.3850,1.3520,68.0000
1789471144.9878,-0.0720,-0.1160,-12.0000,1.2940,1.2760,62.0000,0.0190,0.0010,7.0000,1.3850,1.3740,67.0000
1789471145.0376,-0.0720,-0.1250,-11.0000,1.2940,1.2730,62.0000,0.0190,0.0180,6.0000,1.3850,1.3440,69.0000
1789471145.0877,-0.0720,-0.1160,-11.0000,1.2940,1.2960,61.0000,0.0190,0.0120,6.0000,1.3850,1.3610,68.0000
1789471145.1381,-0.0720,-0.1280,-10.0000,1.2940,1.3450,58.0000,0.0190,0.0220,6.0000,1.3850,1.3760,68.0000
1789471145.1884,-0.0720,-0.0760,-13.0000,1.2940,1.3020,60.0000,0.0190,0.0130,6.0000,1.3850,1.4170,65.0000
1789471145.1912,-0.0720,-0.0100,-16.0000,1.2940,1.2740,62.0000,0.0190,-0.0100,8.0000,1.3850,1.4170,65.0000
1789471145.2877,-0.0720,-0.0320,-15.0000,1.2940,1.2520,63.0000,0.0190,0.0020,7.0000,1.3850,1.3910,67.0000
1789471145.3376,-0.0720,-0.0980,-12.0000,1.2940,1.2740,62.0000,0.0190,0.0100,7.0000,1.3850,1.3320,70.0000
1789471145.3878,-0.0720,-0.0190,-17.0000,1.2940,1.2760,62.0000,0.0190,0.0080,7.0000,1.3850,1.3830,67.0000
1789471145.4398,-0.0720,-0.0560,-15.0000,1.2940,1.3200,60.0000,0.0190,0.0140,7.0000,1.3850,1.3850,67.0000
1789471145.4886,-0.0720,-0.0700,-14.0000,1.2940,1.3370,59.0000,0.0190,0.0740,3.0000,1.3850,1.4180,65.0000
1789471145.5392,-0.0720,-0.0090,-18.0000,1.2940,1.3000,61.0000,0.0190,0.0280,6.0000,1.3850,1.4130,65.0000
1789471145.5886,-0.0720,-0.0190,-18.0000,1.2940,1.2780,62.0000,0.0190,0.0020,7.0000,1.3850,1.4300,64.0000
1789471145.6387,-0.0720,-0.0570,-16.0000,1.2940,1.2820,62.0000,0.0190,0.0120,7.0000,1.3850,1.2880,72.0000
1789471145.6888,-0.0720,-0.0390,-18.0000,1.2940,1.2590,63.0000,0.0190,0.0350,5.0000,1.3850,1.3620,68.0000
1789471145.7408,-0.0720,-0.0510,-17.0000,1.2940,1.3170,60.0000,0.0190,0.0430,5.0000,1.3850,1.3950,67.0000
1789471145.7906,-0.0720,-0.0940,-15.0000,1.2940,1.3240,59.0000,0.0190,0.0220,6.0000,1.3850,1.4070,66.0000
1789471145.8408,-0.0720,-0.0270,-19.0000,1.2940,1.2710,62.0000,0.0190,0.0160,6.0000,1.3850,1.4310,65.0000
1789471145.8909,-0.0720,-0.0120,-20.0000,1.2940,1.2480,64.0000,0.0190,0.0060,7.0000,1.3850,1.4040,66.0000
1789471145.9415,-0.0720,-0.0870,-16.0000,1.2940,1.2630,63.0000,0.0190,0.0540,4.0000,1.3850,1.3160,71.0000
1789471145.9908,-0.0720,-0.0830,-17.0000,1.2940,1.2840,62.0000,0.0190,0.0320,5.0000,1.3850,1.3400,70.0000
1789471146.0415,-0.0720,-0.0760,-17.0000,1.2940,1.3020,62.0000,0.0190,0.0260,5.0000,1.3850,1.3810,68.0000
1789471146.0429,-0.0720,-0.1170,-15.0000,1.2940,1.3300,60.0000,0.0190,0.0340,5.0000,1.3850,1.3910,67.0000
1789471146.1409,-0.0720,-0.1160,-14.0000,1.2940,1.3460,59.0000,0.0190,0.0280,5.0000,1.3850,1.4370,65.0000
1789471146.1907,-0.0720,-0.0130,-20.0000,1.2940,1.2980,61.0000,0.0190,0.0030,6.0000,1.3850,1.4130,66.0000
1789471146.1920,-0.0720,-0.0430,-19.0000,1.2940,1.2630,63.0000,0.0190,-0.0030,6.0000,1.3850,1.3360,70.0000
1789471146.2437,-0.0720,-0.0710,-17.0000,1.2940,1.2670,63.0000,0.0190,0.0080,6.0000,1.3850,1.3460,69.0000
1789471146.3416,-0.0720,-0.1020,-16.0000,1.2940,1.3100,61.0000,0.0190,0.0260,5.0000,1.3850,1.3920,67.0000
1789471146.3429,-0.0720,-0.0740,-17.0000,1.2940,1.3210,60.0000,0.0190,0.0560,3.0000,1.3850,1.3970,67.0000
1789471146.4410,-0.0720,-0.0880,-16.0000,1.2940,1.3330,59.0000,0.0190,0.0220,5.0000,1.3850,1.4160,66.0000
1789471146.4907,-0.0720,-0.0680,-17.0000,1.2940,1.3380,58.0000,0.0190,0.0280,5.0000,1.3850,1.4320,64.0000
1789471146.5415,-0.0720,-0.0070,-21.0000,1.2940,1.2640,62.0000,0.0190,0.0100,6.0000,1.3850,1.3590,68.0000
1789471146.5428,-0.0720,-0.0830,-17.0000,1.2940,1.2640,62.0000,0.0190,0.0010,6.0000,1.3850,1.3310,70.0000
1789471146.6408,-0.0720,-0.0800,-17.0000,1.2940,1.2930,61.0000,0.0190,0.0270,5.0000,1.3850,1.3400,70.0000
1789471146.6912,-0.0720,-0.0670,-18.0000,1.2940,1.3140,60.0000,0.0190,0.0090,6.0000,1.3850,1.4000,66.0000
1789471146.7409,-0.0720,-0.0800,-17.0000,1.2940,1.3200,59.0000,0.0190,0.0030,6.0000,1.3850,1.4410,64.0000
1789471146.7907,-0.0720,-0.1190,-15.0000,1.2940,1.3350,58.0000,0.0190,0.0060,6.0000,1.3850,1.4050,66.0000
1789471146.8416,-0.0720,-0.0820,-17.0000,1.2940,1.3160,59.0000,0.0190,0.0240,5.0000,1.3850,1.4050,65.0000
1789471146.8432,-0.0720,-0.0130,-20.0000,1.2940,1.3210,58.0000,0.0190,0.0030,7.0000,1.3850,1.3220,70.0000
1789471146.9408,-0.0720,-0.0250,-20.0000,1.2940,1.2970,59.0000,0.0190,0.0000,7.0000,1.3850,1.3910,66.0000
1789471146.9908,-0.0720,-0.0580,-19.0000,1.2940,1.2910,59.0000,0.0190,0.0010,7.0000,1.3850,1.3960,66.0000
1789471147.0407,-0.0720,-0.0460,-20.0000,1.2940,1.2890,59.0000,0.0190,0.0000,7.0000,1.3850,1.4200,65.0000
1789471147.0910,-0.0720,-0.0670,-19.0000,1.2940,1.2930,59.0000,0.0190,0.0000,8.0000,1.3850,1.3970,66.0000
1789471147.1407,-0.0720,-0.0090,-22.0000,1.2940,1.2690,61.0000,0.0190,0.0000,8.0000,1.3850,1.4160,64.0000
1789471147.1907,-0.0720,-0.0360,-21.0000,1.2940,1.2660,61.0000,0.0190,0.0000,8.0000,1.3850,1.3470,68.0000
1789471147.2408,-0.0720,-0.0980,-18.0000,1.2940,1.3010,59.0000,0.0190,0.0070,8.0000,1.3850,1.3530,68.0000
1789471147.2908,-0.0720,-0.0890,-19.0000,1.2940,1.2880,60.0000,0.0190,0.0140,8.0000,1.3850,1.3710,67.0000
1789471147.3408,-0.0720,-0.0610,-20.0000,1.2940,1.2900,60.0000,0.0190,0.0060,8.0000,1.3850,1.4140,65.0000
1789471147.3908,-0.0720,-0.0940,-18.0000,1.2940,1.3250,58.0000,0.0190,0.0310,7.0000,1.3850,1.3690,67.0000
1789471147.4407,-0.0720,-0.0780,-19.0000,1.2940,1.3180,59.0000,0.0190,0.0640,5.0000,1.3850,1.3570,68.0000
1789471147.4907,-0.0720,-0.0310,-21.0000,1.2940,1.2730,61.0000,0.0190,0.0260,7.0000,1.3850,1.3190,71.0000
1789471147.5408,-0.0720,-0.1050,-17.0000,1.2940,1.2800,60.0000,0.0190,0.0200,7.0000,1.3850,1.3710,68.0000
1789471147.5908,-0.0720,-0.1080,-17.0000,1.2940,1.2770,61.0000,0.0190,0.0220,7.0000,1.3850,1.3590,69.0000
1789471147.6408,-0.0720,-0.0920,-18.0000,1.2940,1.2660,62.0000,0.0190,0.0070,7.0000,1.3850,1.4060,67.0000
1789471147.6916,-0.0720,-0.0680,-19.0000,1.2940,1.2940,60.0000,0.0190,0.0050,8.0000,1.3850,1.4200,66.0000
1789471147.7407,-0.0720,-0.1290,-15.0000,1.2940,1.3340,58.0000,0.0190,0.0090,8.0000,1.3850,1.3870,68.0000
1789471147.7906,-0.0720,-0.0460,-20.0000,1.2940,1.2930,60.0000,0.0190,0.0130,7.0000,1.3850,1.3500,70.0000
1789471147.8410,-0.0720,-0.0930,-17.0000,1.2940,1.2740,61.0000,0.0190,0.0010,8.0000,1.3850,1.3920,67.0000
1789471147.8909,-0.0720,-0.1440,-13.0000,1.2940,1.2730,61.0000,0.0190,0.0060,8.0000,1.3850,1.3750,68.0000
1789471147.9408,-0.0720,-0.1150,-15.0000,1.2940,1.2700,62.0000,0.0190,0.0080,8.0000,1.3850,1.4040,67.0000
1789471147.9907,-0.0720,-0.1080,-15.0000,1.2940,1.2930,61.0000,0.0190,0.0030,9.0000,1.3850,1.4100,66.0000
1789471148.0408,-0.0720,-0.1310,-13.0000,1.2940,1.3210,59.0000,0.0190,0.0360,7.0000,1.3850,1.3820,68.0000
1789471148.0962,-0.0720,-0.1370,-12.0000,1.2940,1.3210,59.0000,0.0190,0.0700,5.0000,1.3850,1.3510,69.0000
1789471148.0989,-0.0720,-0.0490,-17.0000,1.2940,1.3250,58.0000,0.0190,0.0400,6.0000,1.3850,1.4320,65.0000
1789471148.1915,-0.0720,-0.0480,-16.0000,1.2940,1.2710,61.0000,0.0190,0.0040,8.0000,1.3850,1.3830,67.0000
1789471148.2409,-0.0720,-0.1080,-13.0000,1.2940,1.2830,60.0000,0.0190,0.0030,8.0000,1.3850,1.3700,68.0000
1789471148.2916,-0.0720,-0.0830,-15.0000,1.2940,1.2560,62.0000,0.0190,0.0000,8.0000,1.3850,1.4170,65.0000
1789471148.3409,-0.0720,-0.0720,-15.0000,1.2940,1.3030,60.0000,0.0190,0.0130,8.0000,1.3850,1.3160,71.0000
1789471148.3915,-0.0720,-0.0800,-15.0000,1.2940,1.2660,62.0000,0.0190,0.0130,8.0000,1.3850,1.3440,70.0000
1789471148.3928,-0.0720,-0.0440,-17.0000,1.2940,1.2830,61.0000,0.0190,0.0140,8.0000,1.3850,1.3740,69.0000
1789471148.4932,-0.0720,-0.0820,-15.0000,1.2940,1.2840,61.0000,0.0190,0.0010,9.0000,1.3850,1.3770,69.0000
1789471148.4944,-0.0720,-0.0910,-14.0000,1.2940,1.2630,63.0000,0.0190,0.0000,9.0000,1.3850,1.3940,68.0000
1789471148.5912,-0.0720,-0.0870,-14.0000,1.2940,1.2740,62.0000,0.0190,0.0000,9.0000,1.3850,1.4350,65.0000
1789471148.6419,-0.0720,-0.0600,-16.0000,1.2940,1.2950,61.0000,0.0190,0.0200,8.0000,1.3850,1.3650,69.0000
1789471148.6447,-0.0720,-0.0820,-14.0000,1.2940,1.3220,60.0000,0.0190,0.0350,7.0000,1.3850,1.3730,68.0000
1789471148.7408,-0.0720,-0.0520,-16.0000,1.2940,1.2920,61.0000,0.0190,0.0620,6.0000,1.3850,1.3810,68.0000
1789471148.7918,-0.0720,-0.0450,-16.0000,1.2940,1.2850,62.0000,0.0190,0.0200,8.0000,1.3850,1.4420,65.0000
1789471148.7949,-0.0720,-0.0490,-17.0000,1.2940,1.2780,62.0000,0.0190,0.0020,9.0000,1.3850,1.4170,66.0000
1789471148.8916,-0.0720,-0.0900,-14.0000,1.2940,1.2780,62.0000,0.0190,0.0010,9.0000,1.3850,1.3920,67.0000
1789471148.8929,-0.0720,-0.0700,-16.0000,1.2940,1.2770,63.0000,0.0190,0.0000,9.0000,1.3850,1.3560,69.0000
1789471148.9909,-0.0720,-0.0800,-15.0000,1.2940,1.3000,62.0000,0.0190,0.0040,9.0000,1.3850,1.3480,69.0000
1789471149.0442,-0.0720,-0.1040,-13.0000,1.2940,1.3310,60.0000,0.0190,0.0250,8.0000,1.3850,1.3760,68.0000
1789471149.0928,-0.0720,-0.0700,-15.0000,1.2940,1.2810,63.0000,0.0190,0.0180,8.0000,1.3850,1.4530,64.0000
1789471149.1440,-0.0720,-0.0630,-15.0000,1.2940,1.2690,63.0000,0.0190,0.0010,9.0000,1.3850,1.4290,65.0000
1789471149.1457,-0.0720,-0.0800,-14.0000,1.2940,1.2910,62.0000,0.0190,0.0020,9.0000,1.3850,1.3950,66.0000
1789471149.2451,-0.0720,-0.0930,-14.0000,1.2940,1.2670,63.0000,0.0190,0.0090,9.0000,1.3850,1.3380,69.0000
1789471149.2945,-0.0720,-0.0670,-15.0000,1.2940,1.2900,62.0000,0.0190,0.0090,9.0000,1.3850,1.3590,68.0000
1789471149.2959,-0.0720,-0.0950,-13.0000,1.2940,1.3080,61.0000,0.0190,0.0220,9.0000,1.3850,1.3620,69.0000
1789471149.3944,-0.0720,-0.1010,-12.0000,1.2940,1.3100,61.0000,0.0190,0.0340,8.0000,1.3850,1.4180,66.0000
1789471149.3951,-0.0720,-0.0450,-16.0000,1.2940,1.2740,63.0000,0.0190,0.0550,7.0000,1.3850,1.4380,64.0000
1789471149.4937,-0.0720,-0.0780,-14.0000,1.2940,1.2990,62.0000,0.0190,0.0130,9.0000,1.3850,1.4160,65.0000
1789471149.5428,-0.0720,-0.1240,-11.0000,1.2940,1.2710,63.0000,0.0190,0.0130,9.0000,1.3850,1.3550,68.0000
1789471149.5932,-0.0720,-0.1120,-11.0000,1.2940,1.2930,62.0000,0.0190,0.0170,9.0000,1.3850,1.3120,71.0000
1789471149.6429,-0.0720,-0.0920,-12.0000,1.2940,1.3240,61.0000,0.0190,0.0220,8.0000,1.3850,1.3900,67.0000
1789471149.6929,-0.0720,-0.1110,-10.0000,1.2940,1.3290,60.0000,0.0190,0.0340,8.0000,1.3850,1.4160,66.0000
1789471149.7431,-0.0720,-0.0960,-11.0000,1.2940,1.3110,61.0000,0.0190,0.0040,9.0000,1.3850,1.4470,63.0000
1789471149.7928,-0.0720,-0.0470,-13.0000,1.2940,1.2770,63.0000,0.0190,0.0010,9.0000,1.3850,1.4510,63.0000
1789471149.7942,-0.0720,-0.0980,-10.0000,1.2940,1.2770,63.0000,0.0190,0.0000,10.0000,1.3850,1.3650,67.0000
1789471149.8442,-0.0720,-0.0750,-12.0000,1.2940,1.2630,64.0000,0.0190,0.0000,10.0000,1.3850,1.3410,68.0000
1789471149.9429,-0.0720,-0.0770,-11.0000,1.2940,1.3100,61.0000,0.0190,0.0130,9.0000,1.3850,1.3880,66.0000
1789471149.9446,-0.0720,-0.0840,-11.0000,1.2940,1.3370,60.0000,0.0190,0.0070,10.0000,1.3850,1.3990,65.0000
1789471150.0430,-0.0720,-0.1190,-9.0000,1.2940,1.3320,60.0000,0.0190,0.0010,10.0000,1.3850,1.4040,65.0000
1789471150.0446,-0.0720,-0.0850,-10.0000,1.2940,1.2620,63.0000,0.0190,0.0000,11.0000,1.3850,1.3910,65.0000
1789471150.0936,-0.0720,-0.0520,-12.0000,1.2940,1.2630,63.0000,0.0190,0.0000,11.0000,1.3850,1.3780,66.0000
1789471150.1440,-0.0720,-0.0810,-10.0000,1.2940,1.2490,64.0000,0.0190,0.0000,11.0000,1.3850,1.3190,70.0000
1789471150.1936,-0.0720,-0.0520,-12.0000,1.2940,1.2750,63.0000,0.0190,0.0020,11.0000,1.3850,1.3840,66.0000
1789471150.2446,-0.0720,-0.0750,-11.0000,1.2940,1.3050,62.0000,0.0190,0.0190,10.0000,1.3850,1.3720,67.0000
1789471150.3429,-0.0720,-0.0800,-11.0000,1.2940,1.3510,59.0000,0.0190,0.0390,9.0000,1.3850,1.3920,66.0000
1789471150.3928,-0.0720,-0.0650,-12.0000,1.2940,1.2870,63.0000,0.0190,0.0630,8.0000,1.3850,1.3890,66.0000
1789471150.3941,-0.0720,-0.0230,-14.0000,1.2940,1.2820,63.0000,0.0190,0.0100,11.0000,1.3850,1.4120,65.0000
1789471150.4439,-0.0720,-0.0520,-13.0000,1.2940,1.2710,63.0000,0.0190,0.0140,10.0000,1.3850,1.3360,69.0000
1789471150.5440,-0.0720,-0.0940,-11.0000,1.2940,1.2720,63.0000,0.0190,0.0260,9.0000,1.3850,1.3810,67.0000
1789471150.5458,-0.0720,-0.0840,-11.0000,1.2940,1.2720,64.0000,0.0190,0.0220,10.0000,1.3850,1.3900,67.0000
1789471150.5952,-0.0720,-0.0830,-11.0000,1.2940,1.3330,60.0000,0.0190,0.0090,10.0000,1.3850,1.4000,66.0000
1789471150.6454,-0.0720,-0.1000,-10.0000,1.2940,1.2750,64.0000,0.0190,0.0020,11.0000,1.3850,1.3890,67.0000
1789471150.6935,-0.0720,-0.0610,-12.0000,1.2940,1.2660,64.0000,0.0190,0.0000,11.0000,1.3850,1.3990,66.0000
1789471150.7442,-0.0720,-0.0750,-11.0000,1.2940,1.2350,66.0000,0.0190,0.0000,11.0000,1.3850,1.3330,70.0000
1789471150.7935,-0.0720,-0.0640,-12.0000,1.2940,1.2660,65.0000,0.0190,0.0000,11.0000,1.3850,1.3950,66.0000
1789471150.8441,-0.0720,-0.0870,-10.0000,1.2940,1.2800,65.0000,0.0190,0.0110,11.0000,1.3850,1.3820,67.0000
1789471150.8936,-0.0720,-0.0860,-10.0000,1.2940,1.3140,63.0000,0.0190,0.0050,12.0000,1.3850,1.4100,66.0000
1789471150.9440,-0.0720,-0.0660,-11.0000,1.2940,1.3640,60.0000,0.0190,0.0200,11.0000,1.3850,1.3950,67.0000
1789471151.0440,-0.0720,-0.0740,-11.0000,1.2940,1.2900,64.0000,0.0190,0.0760,8.0000,1.3850,1.4140,65.0000
1789471151.0465,-0.0720,-0.0380,-13.0000,1.2940,1.2380,66.0000,0.0190,0.0590,8.0000,1.3850,1.3730,67.0000
1789471151.0970,-0.0720,-0.0370,-13.0000,1.2940,1.2520,66.0000,0.0190,0.0210,10.0000,1.3850,1.3660,68.0000
1789471151.1959,-0.0720,-0.0810,-11.0000,1.2940,1.2700,65.0000,0.0190,0.0340,9.0000,1.3850,1.3830,67.0000
1789471151.1973,-0.0720,-0.0880,-10.0000,1.2940,1.3180,63.0000,0.0190,0.0160,10.0000,1.3850,1.3940,66.0000
1789471151.2958,-0.0720,-0.1010,-10.0000,1.2940,1.3350,62.0000,0.0190,0.0250,9.0000,1.3850,1.4120,65.0000
1789471151.3471,-0.0720,-0.0860,-10.0000,1.2940,1.3470,61.0000,0.0190,0.0970,5.0000,1.3850,1.4280,64.0000
1789471151.3967,-0.0720,-0.0240,-14.0000,1.2940,1.2560,66.0000,0.0190,0.0630,6.0000,1.3850,1.3790,67.0000
1789471151.4467,-0.0720,-0.0280,-14.0000,1.2940,1.2570,66.0000,0.0190,0.0130,9.0000,1.3850,1.3780,67.0000
1789471151.4977,-0.0720,-0.0970,-10.0000,1.2940,1.2840,64.0000,0.0190,0.0170,8.0000,1.3850,1.3620,67.0000
1789471151.4993,-0.0720,-0.0980,-10.0000,1.2940,1.2770,65.0000,0.0190,0.0180,8.0000,1.3850,1.4110,65.0000
1789471151.5969,-0.0720,-0.1020,-10.0000,1.2940,1.3200,63.0000,0.0190,0.0070,9.0000,1.3850,1.4110,65.0000
1789471151.6469,-0.0720,-0.0830,-10.0000,1.2940,1.3520,61.0000,0.0190,0.0340,7.0000,1.3850,1.4050,65.0000
1789471151.6967,-0.0720,-0.0610,-12.0000,1.2940,1.3540,60.0000,0.0190,0.0870,4.0000,1.3850,1.3520,68.0000
1789471151.7469,-0.0720,-0.0500,-12.0000,1.2940,1.2560,65.0000,0.0190,0.0420,6.0000,1.3850,1.4090,64.0000
1789471151.7980,-0.0720,-0.0690,-11.0000,1.2940,1.2970,63.0000,0.0190,0.0080,8.0000,1.3850,1.4060,64.0000
1789471151.8470,-0.0720,-0.0820,-11.0000,1.2940,1.3000,63.0000,0.0190,0.0170,7.0000,1.3850,1.3700,66.0000
1789471151.8969,-0.0720,-0.0960,-10.0000,1.2940,1.2980,63.0000,0.0190,0.0060,8.0000,1.3850,1.4170,63.0000
1789471151.9469,-0.0720,-0.0670,-11.0000,1.2940,1.3090,62.0000,0.0190,0.0090,8.0000,1.3850,1.3920,65.0000
1789471151.9969,-0.0720,-0.0670,-11.0000,1.2940,1.2830,63.0000,0.0190,0.0130,8.0000,1.3850,1.3590,67.0000
1789471152.0473,-0.0720,-0.0840,-10.0000,1.2940,1.2700,64.0000,0.0190,0.0100,8.0000,1.3850,1.3890,65.0000
1789471152.0969,-0.0720,-0.0680,-11.0000,1.2940,1.3170,62.0000,0.0190,0.0040,9.0000,1.3850,1.3970,64.0000
1789471152.1467,-0.0720,-0.0610,-11.0000,1.2940,1.2860,64.0000,0.0190,0.0070,9.0000,1.3850,1.3880,65.0000
1789471152.1969,-0.0720,-0.0700,-11.0000,1.2940,1.2780,64.0000,0.0190,0.0010,9.0000,1.3850,1.4340,62.0000
1789471152.2467,-0.0720,-0.0550,-12.0000,1.2940,1.3330,61.0000,0.0190,0.0220,8.0000,1.3850,1.4110,63.0000
1789471152.2970,-0.0720,-0.0730,-11.0000,1.2940,1.3080,62.0000,0.0190,0.0770,5.0000,1.3850,1.4050,63.0000
1789471152.3470,-0.0720,-0.0320,-13.0000,1.2940,1.2790,63.0000,0.0190,0.0420,7.0000,1.3850,1.3750,64.0000
1789471152.3969,-0.0720,-0.0880,-10.0000,1.2940,1.2720,64.0000,0.0190,0.0160,8.0000,1.3850,1.3870,64.0000
1789471152.4469,-0.0720,-0.0920,-10.0000,1.2940,1.3050,62.0000,0.0190,0.0070,8.0000,1.3850,1.3770,64.0000
1789471152.4969,-0.0720,-0.0750,-11.0000,1.2940,1.2880,63.0000,0.0190,0.0010,8.0000,1.3850,1.3870,64.0000
1789471152.4981,-0.0720,-0.0970,-9.0000,1.2940,1.3020,62.0000,0.0190,0.0020,9.0000,1.3850,1.4070,62.0000
1789471152.5986,-0.0720,-0.0860,-10.0000,1.2940,1.3550,59.0000,0.0190,0.0140,8.0000,1.3850,1.3880,63.0000
1789471152.6005,-0.0720,-0.0920,-9.0000,1.2940,1.3040,62.0000,0.0190,0.0150,8.0000,1.3850,1.3570,65.0000
1789471152.6996,-0.0720,-0.0540,-11.0000,1.2940,1.2720,63.0000,0.0190,0.0060,9.0000,1.3850,1.4150,62.0000
1789471152.7011,-0.0720,-0.0790,-10.0000,1.2940,1.2850,63.0000,0.0190,0.0010,9.0000,1.3850,1.3540,66.0000
1789471152.7481,-0.0720,-0.0950,-9.0000,1.2940,1.2550,65.0000,0.0190,0.0000,9.0000,1.3850,1.4090,62.0000
1789471152.7977,-0.0720,-0.0680,-10.0000,1.2940,1.3010,62.0000,0.0190,0.0090,9.0000,1.3850,1.3990,63.0000
1789471152.8968,-0.0720,-0.0650,-11.0000,1.2940,1.3030,62.0000,0.0190,0.0110,9.0000,1.3850,1.3730,64.0000
1789471152.8978,-0.0720,-0.0960,-9.0000,1.2940,1.3560,59.0000,0.0190,0.0460,7.0000,1.3850,1.3950,63.0000
1789471152.9977,-0.0720,-0.0710,-10.0000,1.2940,1.3400,60.0000,0.0190,0.0840,5.0000,1.3850,1.4140,62.0000
1789471153.0008,-0.0720,-0.0720,-10.0000,1.2940,1.2790,63.0000,0.0190,0.0370,7.0000,1.3850,1.4220,61.0000
1789471153.0475,-0.0720,-0.0940,-9.0000,1.2940,1.2840,62.0000,0.0190,0.0060,8.0000,1.3850,1.4050,62.0000
1789471153.0980,-0.0720,-0.0630,-10.0000,1.2940,1.2830,62.0000,0.0190,0.0120,8.0000,1.3850,1.3850,63.0000
1789471153.1976,-0.0720,-0.0660,-10.0000,1.2940,1.2870,62.0000,0.0190,0.0220,8.0000,1.3850,1.3440,65.0000
1789471153.1989,-0.0720,-0.0910,-9.0000,1.2940,1.3070,61.0000,0.0190,0.0220,7.0000,1.3850,1.3260,66.0000
1789471153.2969,-0.0720,-0.0700,-10.0000,1.2940,1.2990,62.0000,0.0190,0.0460,6.0000,1.3850,1.3600,65.0000
1789471153.3468,-0.0720,-0.0620,-10.0000,1.2940,1.2750,63.0000,0.0190,0.0470,6.0000,1.3850,1.3390,66.0000
1789471153.3480,-0.0720,-0.0890,-9.0000,1.2940,1.2480,65.0000,0.0190,0.0210,7.0000,1.3850,1.3990,63.0000
1789471153.3976,-0.0720,-0.0690,-10.0000,1.2940,1.2700,64.0000,0.0190,0.0240,7.0000,1.3850,1.4010,63.0000
1789471153.4969,-0.0720,-0.0610,-10.0000,1.2940,1.3120,62.0000,0.0190,0.0400,6.0000,1.3850,1.3750,65.0000
1789471153.4982,-0.0720,-0.0980,-8.0000,1.2940,1.3320,61.0000,0.0190,0.0500,5.0000,1.3850,1.3290,67.0000
1789471153.5969,-0.0720,-0.0680,-10.0000,1.2940,1.3110,62.0000,0.0190,0.1070,1.0000,1.3850,1.3610,66.0000
1789471153.6411,-0.0720,-0.0550,-10.0000,1.2940,1.2570,64.0000,0.0190,0.0650,3.0000,1.3850,1.4040,64.0000
1789471153.6503,-0.0720,-0.0820,-9.0000,1.2940,1.3050,62.0000,0.0190,0.0110,5.0000,1.3850,1.4080,64.0000
1789471153.7469,-0.0720,-0.0320,-12.0000,1.2940,1.2740,64.0000,0.0190,0.0190,5.0000,1.3850,1.4170,63.0000
1789471153.7969,-0.0720,-0.0210,-13.0000,1.2940,1.2310,66.0000,0.0190,0.0030,6.0000,1.3850,1.3610,66.0000
1789471153.8471,-0.0720,-0.0780,-10.0000,1.2940,1.2770,64.0000,0.0190,0.0020,6.0000,1.3850,1.3630,66.0000
1789471153.8969,-0.0720,-0.0620,-11.0000,1.2940,1.3220,62.0000,0.0190,0.0320,4.0000,1.3850,1.3650,66.0000
1789471153.9471,-0.0720,-0.0690,-11.0000,1.2940,1.3030,63.0000,0.0190,0.0860,1.0000,1.3850,1.4240,62.0000
1789471153.9968,-0.0720,-0.0100,-14.0000,1.2940,1.2860,64.0000,0.0190,0.0180,5.0000,1.3850,1.3900,64.0000
1789471154.0482,-0.0720,-0.0070,-15.0000,1.2940,1.2650,65.0000,0.0190,0.0110,5.0000,1.3850,1.4200,62.0000
1789471154.0968,-0.0720,-0.0870,-11.0000,1.2940,1.2780,64.0000,0.0190,0.0270,4.0000,1.3850,1.3240,68.0000
1789471154.1473,-0.0720,-0.0900,-11.0000,1.2940,1.2470,66.0000,0.0190,0.0090,5.0000,1.3850,1.3470,67.0000
1789471154.1975,-0.0720,-0.0710,-12.0000,1.2940,1.3280,62.0000,0.0190,0.0150,4.0000,1.3850,1.3990,64.0000
1789471154.1988,-0.0720,-0.0630,-12.0000,1.2940,1.3360,62.0000,0.0190,0.0100,5.0000,1.3850,1.4250,63.0000
1789471154.2969,-0.0720,-0.0400,-14.0000,1.2940,1.2800,65.0000,0.0190,0.0020,5.0000,1.3850,1.4290,62.0000
1789471154.3475,-0.0720,-0.0380,-14.0000,1.2940,1.2860,64.0000,0.0190,0.0000,5.0000,1.3850,1.4270,62.0000
1789471154.3969,-0.0720,-0.0550,-14.0000,1.2940,1.2780,65.0000,0.0190,0.0120,5.0000,1.3850,1.3320,67.0000
1789471154.4470,-0.0720,-0.0590,-14.0000,1.2940,1.2860,64.0000,0.0190,0.0040,6.0000,1.3850,1.3600,65.0000
1789471154.4969,-0.0720,-0.0960,-11.0000,1.2940,1.3160,63.0000,0.0190,0.0150,5.0000,1.3850,1.3530,66.0000
1789471154.5470,-0.0720,-0.0690,-13.0000,1.2940,1.3370,61.0000,0.0190,0.0670,2.0000,1.3850,1.4130,63.0000
1789471154.5981,-0.0720,-0.0300,-15.0000,1.2940,1.2850,64.0000,0.0190,0.0420,3.0000,1.3850,1.3980,64.0000
1789471154.6466,-0.0720,-0.0100,-17.0000,1.2940,1.2850,64.0000,0.0190,0.0060,5.0000,1.3850,1.4220,62.0000
1789471154.6985,-0.0720,-0.0280,-16.0000,1.2940,1.2760,65.0000,0.0190,0.0380,3.0000,1.3850,1.3810,64.0000
1789471154.6993,-0.0720,-0.0870,-13.0000,1.2940,1.2900,64.0000,0.0190,0.0140,4.0000,1.3850,1.3080,69.0000
1789471154.7970,-0.0720,-0.0310,-17.0000,1.2940,1.2900,64.0000,0.0190,0.0090,5.0000,1.3850,1.3670,66.0000
1789471154.8468,-0.0720,-0.0960,-13.0000,1.2940,1.3280,62.0000,0.0190,0.0100,5.0000,1.3850,1.4080,64.0000
1789471154.8979,-0.0720,-0.0530,-16.0000,1.2940,1.3250,62.0000,0.0190,0.0070,5.0000,1.3850,1.4140,64.0000
1789471154.9474,-0.0720,-0.0360,-17.0000,1.2940,1.3030,63.0000,0.0190,0.0010,5.0000,1.3850,1.4280,62.0000
1789471154.9970,-0.0720,-0.0070,-19.0000,1.2940,1.2780,64.0000,0.0190,0.0000,6.0000,1.3850,1.4070,63.0000
1789471155.0469,-0.0720,-0.0440,-17.0000,1.2940,1.2790,64.0000,0.0190,0.0080,5.0000,1.3850,1.2970,69.0000
1789471155.0976,-0.0720,-0.0490,-18.0000,1.2940,1.2700,65.0000,0.0190,0.0030,6.0000,1.3850,1.3440,67.0000
1789471155.1477,-0.0720,-0.0320,-19.0000,1.2940,1.2920,64.0000,0.0190,0.0000,6.0000,1.3850,1.4270,63.0000
1789471155.1493,-0.0720,-0.0210,-20.0000,1.2940,1.3140,63.0000,0.0190,0.0090,6.0000,1.3850,1.4320,62.0000
1789471155.2471,-0.0720,-0.0030,-22.0000,1.2940,1.3250,62.0000,0.0190,0.0280,5.0000,1.3850,1.4240,62.0000
1789471155.2973,-0.0720,-0.0000,-23.0000,1.2940,1.2690,65.0000,0.0190,0.0350,5.0000,1.3850,1.4070,63.0000
1789471155.3469,-0.0720,-0.0660,-20.0000,1.2940,1.2670,65.0000,0.0190,0.0250,5.0000,1.3850,1.2720,71.0000
1789471155.3983,-0.0720,-0.0610,-20.0000,1.2940,1.2860,64.0000,0.0190,0.0370,4.0000,1.3850,1.3320,67.0000
1789471155.4488,-0.0720,-0.0570,-21.0000,1.2940,1.2990,63.0000,0.0190,0.0220,5.0000,1.3850,1.3900,65.0000
1789471155.4516,-0.0720,-0.0540,-21.0000,1.2940,1.3020,63.0000,0.0190,0.0030,6.0000,1.3850,1.4220,63.0000
1789471155.5480,-0.0720,-0.0670,-20.0000,1.2940,1.3190,62.0000,0.0190,0.0050,6.0000,1.3850,1.3990,64.0000
1789471155.5983,-0.0720,-0.0210,-23.0000,1.2940,1.2780,64.0000,0.0190,0.0000,6.0000,1.3850,1.3970,64.0000
1789471155.6481,-0.0720,-0.0510,-22.0000,1.2940,1.2480,66.0000,0.0190,0.0010,6.0000,1.3850,1.3020,69.0000
1789471155.6999,-0.0720,-0.0910,-20.0000,1.2940,1.2890,64.0000,0.0190,0.0060,6.0000,1.3850,1.3700,66.0000
1789471155.7480,-0.0720,-0.0930,-20.0000,1.2940,1.2960,64.0000,0.0190,0.0180,6.0000,1.3850,1.3870,65.0000
1789471155.7980,-0.0720,-0.1210,-18.0000,1.2940,1.3110,63.0000,0.0190,0.0050,7.0000,1.3850,1.4130,64.0000
1789471155.8480,-0.0720,-0.0950,-19.0000,1.2940,1.3440,61.0000,0.0190,0.0050,7.0000,1.3850,1.4070,64.0000
1789471155.8980,-0.0720,-0.0620,-20.0000,1.2940,1.3130,63.0000,0.0190,0.0000,7.0000,1.3850,1.4230,63.0000
1789471155.9481,-0.0720,-0.0460,-21.0000,1.2940,1.2810,64.0000,0.0190,0.0000,8.0000,1.3850,1.3580,66.0000
1789471155.9983,-0.0720,-0.1050,-18.0000,1.2940,1.2840,64.0000,0.0190,0.0030,8.0000,1.3850,1.3380,67.0000
1789471156.0481,-0.0720,-0.1280,-17.0000,1.2940,1.2770,65.0000,0.0190,0.0130,7.0000,1.3850,1.3620,66.0000
1789471156.0979,-0.0720,-0.1390,-16.0000,1.2940,1.2820,64.0000,0.0190,0.0210,7.0000,1.3850,1.4360,62.0000
1789471156.1480,-0.0720,-0.1060,-17.0000,1.2940,1.3100,63.0000,0.0190,0.0670,4.0000,1.3850,1.3930,65.0000
1789471156.1979,-0.0720,-0.1130,-16.0000,1.2940,1.3610,60.0000,0.0190,0.0640,4.0000,1.3850,1.4140,63.0000
1789471156.2480,-0.0720,-0.0270,-21.0000,1.2940,1.2750,64.0000,0.0190,0.0290,6.0000,1.3850,1.3230,68.0000
1789471156.2978,-0.0720,-0.0510,-19.0000,1.2940,1.2780,64.0000,0.0190,0.0020,7.0000,1.3850,1.3930,64.0000
1789471156.3482,-0.0720,-0.1090,-16.0000,1.2940,1.2810,64.0000,0.0190,0.0220,6.0000,1.3850,1.3440,68.0000
1789471156.3981,-0.0720,-0.1180,-16.0000,1.2940,1.2560,65.0000,0.0190,0.0020,7.0000,1.3850,1.4130,64.0000
1789471156.4479,-0.0720,-0.0800,-17.0000,1.2940,1.2950,63.0000,0.0190,0.0020,7.0000,1.3850,1.4170,64.0000
1789471156.4979,-0.0720,-0.0920,-16.0000,1.2940,1.3650,59.0000,0.0190,0.0040,7.0000,1.3850,1.4360,62.0000
1789471156.5479,-0.0720,-0.1140,-15.0000,1.2940,1.3320,61.0000,0.0190,0.0210,6.0000,1.3850,1.3420,67.0000
1789471156.5988,-0.0720,-0.0660,-17.0000,1.2940,1.2890,63.0000,0.0190,0.0030,8.0000,1.3850,1.3870,65.0000
1789471156.6479,-0.0720,-0.0880,-15.0000,1.2940,1.2700,64.0000,0.0190,0.0050,8.0000,1.3850,1.3920,64.0000
1789471156.6982,-0.0720,-0.1450,-12.0000,1.2940,1.2870,63.0000,0.0190,0.0340,6.0000,1.3850,1.3690,66.0000
1789471156.7480,-0.0720,-0.0710,-16.0000,1.2940,1.2840,63.0000,0.0190,0.0690,4.0000,1.3850,1.3800,65.0000
1789471156.7979,-0.0720,-0.0920,-14.0000,1.2940,1.3270,61.0000,0.0190,0.0340,6.0000,1.3850,1.4240,63.0000
1789471156.8485,-0.0720,-0.0610,-16.0000,1.2940,1.3110,62.0000,0.0190,0.0490,4.0000,1.3850,1.3400,67.0000
1789471156.8501,-0.0720,-0.0530,-16.0000,1.2940,1.2470,65.0000,0.0190,0.0050,7.0000,1.3850,1.3940,64.0000
1789471156.9509,-0.0720,-0.0950,-14.0000,1.2940,1.2860,63.0000,0.0190,0.0070,6.0000,1.3850,1.3730,66.0000
1789471156.9522,-0.0720,-0.0910,-14.0000,1.2940,1.2880,63.0000,0.0190,0.0040,7.0000,1.3850,1.3830,65.0000
1789471157.0480,-0.0720,-0.1020,-13.0000,1.2940,1.2690,65.0000,0.0190,0.0070,7.0000,1.3850,1.4020,64.0000
1789471157.0980,-0.0720,-0.1200,-12.0000,1.2940,1.3060,63.0000,0.0190,0.0040,7.0000,1.3850,1.4210,63.0000
1789471157.1480,-0.0720,-0.1170,-11.0000,1.2940,1.3510,60.0000,0.0190,0.0180,6.0000,1.3850,1.4140,63.0000
1789471157.1981,-0.0720,-0.0950,-12.0000,1.2940,1.2830,64.0000,0.0190,0.1070,1.0000,1.3850,1.4050,63.0000
1789471157.2480,-0.0720,-0.0440,-15.0000,1.2940,1.2490,66.0000,0.0190,0.0790,2.0000,1.3850,1.4050,63.0000
1789471157.2980,-0.0720,-0.1070,-11.0000,1.2940,1.2420,66.0000,0.0190,0.0170,5.0000,1.3850,1.3510,66.0000
1789471157.3481,-0.0720,-0.0970,-11.0000,1.2940,1.2510,66.0000,0.0190,0.0120,5.0000,1.3850,1.4050,63.0000
1789471157.3985,-0.0720,-0.0760,-12.0000,1.2940,1.2550,67.0000,0.0190,0.0400,4.0000,1.3850,1.3970,63.0000
1789471157.3994,-0.0720,-0.1110,-10.0000,1.2940,1.3240,63.0000,0.0190,0.1420,-3.0000,1.3850,1.4110,62.0000
1789471157.4487,-0.0720,-0.0690,-12.0000,1.2940,1.3460,62.0000,0.0190,0.1650,-5.0000,1.3850,1.3790,64.0000
1789471157.4985,-0.0720,-0.0180,-15.0000,1.2940,1.2830,65.0000,0.0190,0.0960,-2.0000,1.3850,1.4070,62.0000
1789471157.5979,-0.0720,-0.0690,-12.0000,1.2940,1.2590,66.0000,0.0190,0.0100,2.0000,1.3850,1.3760,64.0000
1789471157.6503,-0.0720,-0.0770,-12.0000,1.2940,1.2230,69.0000,0.0190,0.0010,2.0000,1.3850,1.3920,63.0000
1789471157.6991,-0.0720,-0.0920,-11.0000,1.2940,1.2600,67.0000,0.0190,0.0000,2.0000,1.3850,1.3780,63.0000
1789471157.7502,-0.0720,-0.0970,-11.0000,1.2940,1.3100,65.0000,0.0190,0.0000,2.0000,1.3850,1.4090,62.0000
1789471157.7990,-0.0720,-0.0980,-10.0000,1.2940,1.3690,61.0000,0.0190,0.0000,2.0000,1.3850,1.3770,63.0000
1789471157.8498,-0.0720,-0.0720,-12.0000,1.2940,1.3930,60.0000,0.0190,0.0000,2.0000,1.3850,1.4190,61.0000
1789471157.8990,-0.0720,-0.0280,-14.0000,1.2940,1.3280,62.0000,0.0190,0.0010,3.0000,1.3850,1.3820,63.0000
1789471157.9002,-0.0720,-0.0050,-16.0000,1.2940,1.2950,64.0000,0.0190,-0.0080,3.0000,1.3850,1.4060,61.0000
1789471157.9998,-0.0720,-0.0640,-13.0000,1.2940,1.2610,66.0000,0.0190,0.0230,2.0000,1.3850,1.3680,63.0000
1789471158.0018,-0.0720,-0.0790,-12.0000,1.2940,1.2670,65.0000,0.0190,0.0070,3.0000,1.3850,1.3990,62.0000
1789471158.0990,-0.0720,-0.1220,-10.0000,1.2940,1.3260,62.0000,0.0190,0.0340,1.0000,1.3850,1.3740,63.0000
1789471158.1011,-0.0720,-0.0960,-11.0000,1.2940,1.3080,63.0000,0.0190,0.0960,-2.0000,1.3850,1.3930,62.0000
1789471158.2001,-0.0720,-0.0730,-12.0000,1.2940,1.2680,66.0000,0.0190,0.0320,1.0000,1.3850,1.3860,62.0000
1789471158.2500,-0.0720,-0.0500,-13.0000,1.2940,1.2730,65.0000,0.0190,0.0020,2.0000,1.3850,1.3810,63.0000
1789471158.3000,-0.0720,-0.1010,-10.0000,1.2940,1.2520,67.0000,0.0190,0.0000,2.0000,1.3850,1.3820,63.0000
1789471158.3502,-0.0720,-0.0970,-11.0000,1.2940,1.2560,67.0000,0.0190,0.0000,2.0000,1.3850,1.3870,62.0000
1789471158.4008,-0.0720,-0.0720,-12.0000,1.2940,1.3010,65.0000,0.0190,0.0030,2.0000,1.3850,1.3840,63.0000
1789471158.4020,-0.0720,-0.0870,-11.0000,1.2940,1.3670,61.0000,0.0190,0.0030,2.0000,1.3850,1.3870,62.0000
1789471158.5001,-0.0720,-0.0770,-11.0000,1.2940,1.3390,62.0000,0.0190,0.0000,3.0000,1.3850,1.3970,62.0000
1789471158.5014,-0.0720,-0.0060,-15.0000,1.2940,1.2640,66.0000,0.0190,-0.0070,4.0000,1.3850,1.3860,62.0000
1789471158.6001,-0.0720,-0.0240,-15.0000,1.2940,1.3080,63.0000,0.0190,0.0170,2.0000,1.3850,1.3900,62.0000
1789471158.6413,-0.0720,-0.0940,-11.0000,1.2940,1.2590,66.0000,0.0190,0.0020,3.0000,1.3850,1.3660,63.0000
1789471158.7001,-0.0720,-0.0990,-11.0000,1.2940,1.2850,65.0000,0.0190,0.0000,4.0000,1.3850,1.3830,63.0000
1789471158.7500,-0.0720,-0.1010,-11.0000,1.2940,1.3330,62.0000,0.0190,0.0000,4.0000,1.3850,1.3600,64.0000
1789471158.8001,-0.0720,-0.1020,-10.0000,1.2940,1.3060,63.0000,0.0190,0.0000,4.0000,1.3850,1.4010,62.0000
1789471158.8502,-0.0720,-0.0870,-11.0000,1.2940,1.3140,63.0000,0.0190,0.0000,4.0000,1.3850,1.3810,63.0000
1789471158.9011,-0.0720,-0.0680,-12.0000,1.2940,1.2940,64.0000,0.0190,0.0000,5.0000,1.3850,1.4030,62.0000
1789471158.9499,-0.0720,-0.0970,-10.0000,1.2940,1.2570,66.0000,0.0190,0.0010,5.0000,1.3850,1.3530,64.0000
1789471158.9999,-0.0720,-0.0760,-11.0000,1.2940,1.2740,65.0000,0.0190,0.0000,5.0000,1.3850,1.3680,64.0000
1789471159.0506,-0.0720,-0.0940,-10.0000,1.2940,1.3180,63.0000,0.0190,0.0030,5.0000,1.3850,1.3780,63.0000
1789471159.0517,-0.0720,-0.0930,-9.0000,1.2940,1.3320,62.0000,0.0190,0.0000,6.0000,1.3850,1.4010,62.0000
1789471159.1505,-0.0720,-0.0690,-11.0000,1.2940,1.3090,63.0000,0.0190,0.0000,6.0000,1.3850,1.3770,63.0000
1789471159.2001,-0.0720,-0.0630,-11.0000,1.2940,1.2830,64.0000,0.0190,0.0000,6.0000,1.3850,1.4070,62.0000
1789471159.2508,-0.0720,-0.0390,-12.0000,1.2940,1.2700,65.0000,0.0190,0.0030,6.0000,1.3850,1.3670,64.0000
1789471159.2519,-0.0720,-0.0740,-10.0000,1.2940,1.2950,63.0000,0.0190,0.0030,6.0000,1.3850,1.3580,64.0000
1789471159.3511,-0.0720,-0.0720,-11.0000,1.2940,1.2780,65.0000,0.0190,0.0060,6.0000,1.3850,1.3400,66.0000
1789471159.3519,-0.0720,-0.0930,-10.0000,1.2940,1.3200,62.0000,0.0190,0.0000,7.0000,1.3850,1.4110,62.0000
1789471159.4008,-0.0720,-0.0910,-9.0000,1.2940,1.3590,60.0000,0.0190,0.0150,6.0000,1.3850,1.3940,63.0000
1789471159.4509,-0.0720,-0.0070,-14.0000,1.2940,1.3170,62.0000,0.0190,0.1440,-1.0000,1.3850,1.4100,62.0000
1789471159.5008,-0.0720,0.0050,-15.0000,1.2940,1.2900,63.0000,0.0190,0.0840,1.0000,1.3850,1.3780,64.0000
1789471159.5508,-0.0720,-0.0260,-14.0000,1.2940,1.2460,66.0000,0.0190,0.0340,3.0000,1.3850,1.3680,64.0000
1789471159.6504,-0.0720,-0.0160,-16.0000,1.2940,1.2580,65.0000,0.0190,0.0780,0.0000,1.3850,1.3630,65.0000
1789471159.6515,-0.0720,-0.0630,-14.0000,1.2940,1.3460,60.0000,0.0190,0.1160,-2.0000,1.3850,1.3800,64.0000
1789471159.7008,-0.0720,-0.0570,-14.0000,1.2940,1.3240,62.0000,0.0190,0.1030,-3.0000,1.3850,1.3940,63.0000
1789471159.7509,-0.0720,-0.0300,-16.0000,1.2940,1.3310,61.0000,0.0190,0.0270,0.0000,1.3850,1.4200,62.0000
1789471159.8009,-0.0720,-0.0360,-16.0000,1.2940,1.2960,62.0000,0.0190,0.0510,-1.0000,1.3850,1.3790,64.0000
1789471159.8509,-0.0720,-0.0810,-14.0000,1.2940,1.2690,64.0000,0.0190,0.0210,0.0000,1.3850,1.3080,68.0000
1789471159.9009,-0.0720,-0.0800,-14.0000,1.2940,1.2790,64.0000,0.0190,-0.0190,3.0000,1.3850,1.3780,64.0000
1789471159.9515,-0.0720,-0.0290,-17.0000,1.2940,1.3230,61.0000,0.0190,-0.0040,2.0000,1.3850,1.4460,61.0000
1789471160.0508,-0.0720,-0.0080,-18.0000,1.2940,1.3390,60.0000,0.0190,0.0010,2.0000,1.3850,1.3970,63.0000
1789471160.0521,-0.0720,-0.0520,-16.0000,1.2940,1.3230,61.0000,0.0190,0.0000,2.0000,1.3850,1.2750,70.0000
1789471160.1508,-0.0720,-0.0420,-18.0000,1.2940,1.3250,60.0000,0.0190,0.0000,2.0000,1.3850,1.3220,68.0000
1789471160.1521,-0.0720,-0.0450,-18.0000,1.2940,1.3090,60.0000,0.0190,0.0040,2.0000,1.3850,1.2920,71.0000
1789471160.2507,-0.0720,-0.0900,-15.0000,1.2940,1.3210,59.0000,0.0190,0.0010,3.0000,1.3850,1.3380,69.0000
1789471160.2519,-0.0720,-0.0680,-17.0000,1.2940,1.2900,61.0000,0.0190,-0.0020,3.0000,1.3850,1.4000,66.0000
1789471160.3010,-0.0720,-0.0660,-17.0000,1.2940,1.3010,60.0000,0.0190,-0.0010,3.0000,1.3850,1.4160,65.0000
1789471160.3508,-0.0720,-0.0600,-17.0000,1.2940,1.2760,62.0000,0.0190,-0.0000,4.0000,1.3850,1.4270,64.0000
1789471160.4007,-0.0720,-0.0480,-18.0000,1.2940,1.2890,61.0000,0.0190,-0.0010,4.0000,1.3850,1.3430,69.0000
1789471160.4508,-0.0720,-0.0580,-18.0000,1.2940,1.2570,63.0000,0.0190,-0.0000,4.0000,1.3850,1.3190,71.0000
1789471160.5503,-0.0720,-0.0960,-16.0000,1.2940,1.2850,62.0000,0.0190,0.0010,4.0000,1.3850,1.3460,69.0000
1789471160.6001,-0.0720,-0.0890,-16.0000,1.2940,1.2820,62.0000,0.0190,0.0000,4.0000,1.3850,1.4200,66.0000
1789471160.6504,-0.0720,-0.0900,-15.0000,1.2940,1.2870,62.0000,0.0190,0.0010,5.0000,1.3850,1.4410,64.0000
1789471160.7002,-0.0720,-0.0800,-16.0000,1.2940,1.3140,60.0000,0.0190,0.0030,5.0000,1.3850,1.4250,65.0000
1789471160.7503,-0.0720,-0.0470,-18.0000,1.2940,1.3020,61.0000,0.0190,0.0040,5.0000,1.3850,1.4010,66.0000
1789471160.8002,-0.0720,-0.0320,-19.0000,1.2940,1.2680,63.0000,0.0190,0.0000,5.0000,1.3850,1.3380,69.0000
1789471160.8503,-0.0720,-0.0700,-17.0000,1.2940,1.2840,62.0000,0.0190,0.0000,6.0000,1.3850,1.3600,68.0000
1789471160.9023,-0.0720,-0.1260,-14.0000,1.2940,1.2770,63.0000,0.0190,0.0040,6.0000,1.3850,1.3720,68.0000
1789471160.9521,-0.0720,-0.1030,-15.0000,1.2940,1.2670,64.0000,0.0190,0.0010,6.0000,1.3850,1.4370,64.0000
1789471161.0021,-0.0720,-0.0710,-16.0000,1.2940,1.2990,62.0000,0.0190,0.0000,6.0000,1.3850,1.4340,64.0000
1789471161.0522,-0.0720,-0.0800,-15.0000,1.2940,1.3360,60.0000,0.0190,0.0120,6.0000,1.3850,1.3950,66.0000
1789471161.1022,-0.0720,-0.0430,-17.0000,1.2940,1.2530,64.0000,0.0190,0.0140,6.0000,1.3850,1.3350,69.0000
1789471161.1556,-0.0720,-0.0610,-16.0000,1.2940,1.2550,64.0000,0.0190,0.0040,6.0000,1.3850,1.3910,66.0000
1789471161.1573,-0.0720,-0.1290,-13.0000,1.2940,1.2970,62.0000,0.0190,0.0530,4.0000,1.3850,1.3580,68.0000
1789471161.2527,-0.0720,-0.0970,-14.0000,1.2940,1.2580,65.0000,0.0190,0.0440,4.0000,1.3850,1.3880,66.0000
1789471161.2539,-0.0720,-0.0490,-17.0000,1.2940,1.2910,63.0000,0.0190,0.0260,5.0000,1.3850,1.4210,65.0000
1789471161.3522,-0.0720,-0.1100,-13.0000,1.2940,1.3390,60.0000,0.0190,0.0320,4.0000,1.3850,1.3990,66.0000
1789471161.4023,-0.0720,-0.1080,-13.0000,1.2940,1.3290,60.0000,0.0190,0.0320,4.0000,1.3850,1.3290,69.0000
1789471161.4523,-0.0720,-0.0390,-17.0000,1.2940,1.2730,63.0000,0.0190,0.0030,6.0000,1.3850,1.4250,64.0000
1789471161.5022,-0.0720,-0.0760,-15.0000,1.2940,1.2660,64.0000,0.0190,0.0000,6.0000,1.3850,1.3960,66.0000
1789471161.5524,-0.0720,-0.1030,-13.0000,1.2940,1.2690,64.0000,0.0190,0.0040,6.0000,1.3850,1.3950,66.0000
1789471161.6022,-0.0720,-0.0660,-15.0000,1.2940,1.2870,63.0000,0.0190,0.0010,6.0000,1.3850,1.3990,65.0000
1789471161.6520,-0.0720,-0.0730,-15.0000,1.2940,1.2930,63.0000,0.0190,0.0000,7.0000,1.3850,1.4130,64.0000
1789471161.7047,-0.0720,-0.0650,-15.0000,1.2940,1.2790,64.0000,0.0190,0.0060,6.0000,1.3850,1.3420,68.0000
1789471161.7529,-0.0720,-0.0390,-17.0000,1.2940,1.2630,65.0000,0.0190,0.0000,7.0000,1.3850,1.4080,64.0000
1789471161.8040,-0.0720,-0.0820,-15.0000,1.2940,1.2890,63.0000,0.0190,0.0010,7.0000,1.3850,1.4000,65.0000
1789471161.8531,-0.0720,-0.0510,-16.0000,1.2940,1.2950,63.0000,0.0190,0.0000,7.0000,1.3850,1.4110,64.0000
1789471161.9049,-0.0720,-0.0600,-16.0000,1.2940,1.2950,63.0000,0.0190,0.0000,8.0000,1.3850,1.4120,64.0000
1789471161.9063,-0.0720,-0.0640,-16.0000,1.2940,1.2970,63.0000,0.0190,0.0150,7.0000,1.3850,1.4080,64.0000
1789471162.0040,-0.0720,-0.0920,-14.0000,1.2940,1.3060,63.0000,0.0190,0.0430,5.0000,1.3850,1.3230,69.0000
1789471162.0054,-0.0720,-0.0720,-15.0000,1.2940,1.2940,63.0000,0.0190,0.0830,3.0000,1.3850,1.3680,66.0000
1789471162.1040,-0.0720,-0.0410,-17.0000,1.2940,1.2940,63.0000,0.0190,0.0240,6.0000,1.3850,1.3830,66.0000
1789471162.1067,-0.0720,-0.0990,-14.0000,1.2940,1.2770,64.0000,0.0190,0.0250,5.0000,1.3850,1.4240,63.0000
1789471162.2041,-0.0720,-0.0900,-14.0000,1.2940,1.2840,64.0000,0.0190,0.0090,6.0000,1.3850,1.3970,65.0000
1789471162.2058,-0.0720,-0.0560,-16.0000,1.2940,1.2780,65.0000,0.0190,0.0070,6.0000,1.3850,1.4150,64.0000
1789471162.3033,-0.0720,-0.1050,-13.0000,1.2940,1.3050,63.0000,0.0190,0.0110,6.0000,1.3850,1.3440,67.0000
1789471162.3530,-0.0720,-0.0790,-15.0000,1.2940,1.3410,61.0000,0.0190,0.0260,6.0000,1.3850,1.3880,65.0000
1789471162.4041,-0.0720,-0.0500,-16.0000,1.2940,1.2940,64.0000,0.0190,0.0630,3.0000,1.3850,1.4130,64.0000
1789471162.4532,-0.0720,-0.0440,-17.0000,1.2940,1.2820,64.0000,0.0190,0.0100,6.0000,1.3850,1.4090,64.0000
1789471162.5033,-0.0720,-0.0620,-16.0000,1.2940,1.2640,65.0000,0.0190,0.0190,6.0000,1.3850,1.3960,64.0000
1789471162.5530,-0.0720,-0.0950,-14.0000,1.2940,1.2790,64.0000,0.0190,0.0370,5.0000,1.3850,1.3850,65.0000
1789471162.6041,-0.0720,-0.0630,-16.0000,1.2940,1.2850,64.0000,0.0190,0.0270,5.0000,1.3850,1.3700,65.0000
1789471162.6532,-0.0720,-0.0670,-16.0000,1.2940,1.3290,62.0000,0.0190,0.0330,4.0000,1.3850,1.3680,66.0000
1789471162.7043,-0.0720,-0.0800,-15.0000,1.2940,1.3370,61.0000,0.0190,0.0260,5.0000,1.3850,1.4030,64.0000
1789471162.7531,-0.0720,-0.0490,-17.0000,1.2940,1.2970,63.0000,0.0190,0.0090,6.0000,1.3850,1.3960,64.0000
1789471162.8031,-0.0720,-0.0490,-17.0000,1.2940,1.2880,63.0000,0.0190,0.0010,6.0000,1.3850,1.4200,62.0000
1789471162.8541,-0.0720,-0.0590,-16.0000,1.2940,1.2850,63.0000,0.0190,0.0070,6.0000,1.3850,1.3550,66.0000
1789471162.8553,-0.0720,-0.0740,-16.0000,1.2940,1.2740,64.0000,0.0190,0.0220,5.0000,1.3850,1.3650,65.0000
1789471162.9553,-0.0720,-0.1080,-14.0000,1.2940,1.3360,60.0000,0.0190,0.0610,3.0000,1.3850,1.3330,68.0000
1789471162.9562,-0.0720,-0.0660,-16.0000,1.2940,1.3180,61.0000,0.0190,0.0480,3.0000,1.3850,1.3620,66.0000
1789471163.0531,-0.0720,-0.0300,-18.0000,1.2940,1.2810,63.0000,0.0190,0.0070,5.0000,1.3850,1.3970,65.0000
1789471163.1044,-0.0720,-0.0810,-15.0000,1.2940,1.2840,63.0000,0.0190,0.0050,6.0000,1.3850,1.4010,64.0000
1789471163.1532,-0.0720,-0.0650,-16.0000,1.2940,1.2780,64.0000,0.0190,0.0050,6.0000,1.3850,1.3820,65.0000
1789471163.2039,-0.0720,-0.1080,-14.0000,1.2940,1.3090,62.0000,0.0190,0.0160,5.0000,1.3850,1.3610,67.0000
1789471163.2531,-0.0720,-0.1500,-11.0000,1.2940,1.3690,58.0000,0.0190,0.0210,5.0000,1.3850,1.3090,70.0000
1789471163.3040,-0.0720,-0.1240,-12.0000,1.2940,1.3310,60.0000,0.0190,0.0170,5.0000,1.3850,1.3690,67.0000
1789471163.3533,-0.0720,-0.0230,-17.0000,1.2940,1.2700,63.0000,0.0190,0.0020,6.0000,1.3850,1.4250,64.0000
1789471163.4040,-0.0720,-0.0270,-17.0000,1.2940,1.2530,64.0000,0.0190,0.0010,6.0000,1.3850,1.4430,63.0000
1789471163.4054,-0.0720,-0.0660,-15.0000,1.2940,1.2990,62.0000,0.0190,0.0030,6.0000,1.3850,1.3860,66.0000
1789471163.5040,-0.0720,-0.1050,-13.0000,1.2940,1.3350,60.0000,0.0190,0.0100,6.0000,1.3850,1.3320,68.0000
1789471163.5052,-0.0720,-0.1250,-12.0000,1.2940,1.3410,59.0000,0.0190,0.0350,5.0000,1.3850,1.2660,73.0000
1789471163.6032,-0.0720,-0.0050,-18.0000,1.2940,1.2780,63.0000,0.0190,0.0720,3.0000,1.3850,1.3850,67.0000
1789471163.6404,-0.0720,-0.0030,-19.0000,1.2940,1.2970,61.0000,0.0190,0.0080,6.0000,1.3850,1.4250,65.0000
1789471163.6540,-0.0720,-0.0700,-15.0000,1.2940,1.3090,61.0000,0.0190,0.0140,5.0000,1.3850,1.3740,68.0000
1789471163.7539,-0.0720,-0.0620,-16.0000,1.2940,1.3210,60.0000,0.0190,0.0020,6.0000,1.3850,1.3990,66.0000
1789471163.7551,-0.0720,-0.0520,-17.0000,1.2940,1.3330,59.0000,0.0190,0.0000,6.0000,1.3850,1.3790,67.0000
1789471163.8538,-0.0720,-0.0090,-20.0000,1.2940,1.2700,62.0000,0.0190,0.0010,7.0000,1.3850,1.2990,72.0000
1789471163.8551,-0.0720,-0.0020,-21.0000,1.2940,1.2820,61.0000,0.0190,0.0030,7.0000,1.3850,1.4290,65.0000
1789471163.9533,-0.0720,-0.0650,-18.0000,1.2940,1.2990,60.0000,0.0190,0.0240,6.0000,1.3850,1.3420,70.0000
1789471164.0031,-0.0720,-0.1270,-14.0000,1.2940,1.3110,60.0000,0.0190,0.0070,7.0000,1.3850,1.3690,69.0000
1789471164.0531,-0.0720,-0.1050,-15.0000,1.2940,1.3160,59.0000,0.0190,0.0060,7.0000,1.3850,1.3620,70.0000
1789471164.1040,-0.0720,-0.0660,-17.0000,1.2940,1.3220,59.0000,0.0190,0.0000,7.0000,1.3850,1.3470,71.0000
1789471164.1530,-0.0720,-0.0120,-20.0000,1.2940,1.2630,62.0000,0.0190,0.0000,8.0000,1.3850,1.3260,72.0000
1789471164.2041,-0.0720,-0.0030,-21.0000,1.2940,1.2750,61.0000,0.0190,0.0000,8.0000,1.3850,1.4010,69.0000
1789471164.2532,-0.0720,-0.0780,-17.0000,1.2940,1.2960,60.0000,0.0190,0.0000,8.0000,1.3850,1.3910,69.0000
1789471164.3042,-0.0720,-0.1710,-12.0000,1.2940,1.3320,58.0000,0.0190,0.0220,7.0000,1.3850,1.3660,71.0000
1789471164.3539,-0.0720,-0.1430,-13.0000,1.2940,1.3120,59.0000,0.0190,0.0040,8.0000,1.3850,1.4010,69.0000
1789471164.3551,-0.0720,-0.0250,-19.0000,1.2940,1.3190,58.0000,0.0190,0.0000,8.0000,1.3850,1.3820,70.0000
1789471164.4532,-0.0720,-0.0020,-21.0000,1.2940,1.2930,59.0000,0.0190,0.0000,9.0000,1.3850,1.3940,70.0000
1789471164.5043,-0.0720,-0.0490,-18.0000,1.2940,1.3170,58.0000,0.0190,0.0000,9.0000,1.3850,1.3780,70.0000
1789471164.5531,-0.0720,-0.0650,-18.0000,1.2940,1.3120,58.0000,0.0190,0.0000,9.0000,1.3850,1.3480,72.0000
1789471164.6045,-0.0720,-0.0840,-17.0000,1.2940,1.3140,58.0000,0.0190,0.0000,9.0000,1.3850,1.3830,70.0000
1789471164.6057,-0.0720,-0.0660,-18.0000,1.2940,1.3070,58.0000,0.0190,0.0000,10.0000,1.3850,1.3680,71.0000
1789471164.6550,-0.0720,-0.0550,-19.0000,1.2940,1.3020,58.0000,0.0190,0.0000,10.0000,1.3850,1.3720,71.0000
1789471164.7048,-0.0720,-0.0220,-21.0000,1.2940,1.2680,60.0000,0.0190,0.0000,10.0000,1.3850,1.3680,72.0000
1789471164.7548,-0.0720,-0.0620,-19.0000,1.2940,1.2880,59.0000,0.0190,0.0000,10.0000,1.3850,1.4240,69.0000
1789471164.8050,-0.0720,-0.0640,-19.0000,1.2940,1.2980,59.0000,0.0190,0.0000,11.0000,1.3850,1.4040,69.0000
1789471164.8549,-0.0720,-0.0820,-18.0000,1.2940,1.3100,58.0000,0.0190,0.0000,11.0000,1.3850,1.3960,70.0000
1789471164.9062,-0.0720,-0.1140,-16.0000,1.2940,1.3060,58.0000,0.0190,0.0000,11.0000,1.3850,1.3980,69.0000
1789471164.9560,-0.0720,-0.0990,-17.0000,1.2940,1.3040,58.0000,0.0190,0.0000,11.0000,1.3850,1.3520,72.0000
1789471165.0058,-0.0720,-0.0800,-17.0000,1.2940,1.2580,61.0000,0.0190,0.0000,11.0000,1.3850,1.3640,71.0000
1789471165.0561,-0.0720,-0.0740,-18.0000,1.2940,1.2250,63.0000,0.0190,0.0020,12.0000,1.3850,1.4520,66.0000
1789471165.1058,-0.0720,-0.0880,-17.0000,1.2940,1.2670,61.0000,0.0190,0.0000,12.0000,1.3850,1.4920,64.0000
1789471165.1557,-0.0720,-0.0830,-17.0000,1.2940,1.3040,59.0000,0.0190,0.0030,12.0000,1.3850,1.3950,68.0000
1789471165.2061,-0.0720,-0.0960,-16.0000,1.2940,1.3160,58.0000,0.0190,0.0020,12.0000,1.3850,1.4090,67.0000
1789471165.2558,-0.0720,-0.0820,-16.0000,1.2940,1.3040,59.0000,0.0190,0.0000,13.0000,1.3850,1.3340,71.0000
1789471165.3060,-0.0720,-0.0760,-17.0000,1.2940,1.2700,61.0000,0.0190,0.0060,12.0000,1.3850,1.3480,70.0000
1789471165.3557,-0.0720,-0.0500,-18.0000,1.2940,1.2410,63.0000,0.0190,0.0120,12.0000,1.3850,1.4300,66.0000
1789471165.4062,-0.0720,-0.0510,-18.0000,1.2940,1.2950,60.0000,0.0190,0.0150,12.0000,1.3850,1.4430,65.0000
1789471165.4559,-0.0720,-0.0890,-16.0000,1.2940,1.3050,59.0000,0.0190,0.0760,9.0000,1.3850,1.3840,68.0000
1789471165.5073,-0.0720,-0.1150,-14.0000,1.2940,1.3240,58.0000,0.0190,0.0480,10.0000,1.3850,1.3610,69.0000
1789471165.5569,-0.0720,-0.0900,-16.0000,1.2940,1.3170,58.0000,0.0190,0.0250,11.0000,1.3850,1.3530,70.0000
1789471165.6069,-0.0720,-0.0270,-19.0000,1.2940,1.3180,58.0000,0.0190,0.0090,12.0000,1.3850,1.3720,69.0000
1789471165.6587,-0.0720,-0.0030,-21.0000,1.2940,1.3080,58.0000,0.0190,0.0120,11.0000,1.3850,1.4170,66.0000
1789471165.7070,-0.0720,-0.0610,-18.0000,1.2940,1.3090,58.0000,0.0190,0.0210,11.0000,1.3850,1.4080,67.0000
1789471165.7570,-0.0720,-0.1490,-13.0000,1.2940,1.3000,58.0000,0.0190,0.0210,11.0000,1.3850,1.3200,72.0000
1789471165.8071,-0.0720,-0.0940,-16.0000,1.2940,1.3120,58.0000,0.0190,0.0390,10.0000,1.3850,1.4350,65.0000
1789471165.9062,-0.0720,-0.0590,-17.0000,1.2940,1.3060,58.0000,0.0190,0.0690,8.0000,1.3850,1.3960,68.0000
1789471165.9075,-0.0720,-0.0410,-18.0000,1.2940,1.3050,58.0000,0.0190,0.0330,10.0000,1.3850,1.3370,71.0000
1789471165.9569,-0.0720,-0.0610,-17.0000,1.2940,1.2890,59.0000,0.0190,0.0310,10.0000,1.3850,1.3670,69.0000
1789471166.0069,-0.0720,-0.0710,-17.0000,1.2940,1.2970,58.0000,0.0190,0.0200,10.0000,1.3850,1.4130,67.0000
1789471166.0569,-0.0720,-0.0810,-17.0000,1.2940,1.2910,59.0000,0.0190,0.0110,10.0000,1.3850,1.3870,68.0000
1789471166.1068,-0.0720,-0.0620,-18.0000,1.2940,1.3050,58.0000,0.0190,0.0130,10.0000,1.3850,1.4320,66.0000
1789471166.1571,-0.0720,-0.0470,-19.0000,1.2940,1.3060,58.0000,0.0190,0.0110,11.0000,1.3850,1.3980,67.0000
1789471166.2562,-0.0720,-0.0650,-18.0000,1.2940,1.2870,59.0000,0.0190,0.0340,9.0000,1.3850,1.2910,74.0000
1789471166.3069,-0.0720,-0.0410,-19.0000,1.2940,1.2910,58.0000,0.0190,0.0620,8.0000,1.3850,1.3350,71.0000
1789471166.3082,-0.0720,-0.0180,-21.0000,1.2940,1.2920,58.0000,0.0190,0.0240,9.0000,1.3850,1.4420,66.0000
1789471166.4062,-0.0720,-0.0530,-19.0000,1.2940,1.2810,59.0000,0.0190,0.0270,9.0000,1.3850,1.4400,66.0000
1789471166.4076,-0.0720,-0.0770,-18.0000,1.2940,1.2710,60.0000,0.0190,0.0070,10.0000,1.3850,1.4170,67.0000
1789471166.4569,-0.0720,-0.0710,-19.0000,1.2940,1.2760,60.0000,0.0190,0.0030,10.0000,1.3850,1.3370,71.0000
1789471166.5069,-0.0720,-0.0530,-20.0000,1.2940,1.2530,61.0000,0.0190,0.0030,10.0000,1.3850,1.3380,71.0000
1789471166.5584,-0.0720,-0.0480,-20.0000,1.2940,1.2660,61.0000,0.0190,0.0070,10.0000,1.3850,1.3750,69.0000
1789471166.6080,-0.0720,-0.0830,-19.0000,1.2940,1.2950,59.0000,0.0190,0.0280,9.0000,1.3850,1.4260,66.0000
1789471166.6580,-0.0720,-0.1170,-17.0000,1.2940,1.3050,59.0000,0.0190,0.0100,11.0000,1.3850,1.4240,66.0000
1789471166.7080,-0.0720,-0.0720,-19.0000,1.2940,1.2760,61.0000,0.0190,0.0070,11.0000,1.3850,1.4410,65.0000
1789471166.7579,-0.0720,-0.0680,-19.0000,1.2940,1.2890,60.0000,0.0190,0.0010,11.0000,1.3850,1.4250,65.0000
1789471166.8078,-0.0720,-0.0910,-18.0000,1.2940,1.2800,60.0000,0.0190,0.0050,11.0000,1.3850,1.2880,73.0000
1789471166.8580,-0.0720,-0.0880,-18.0000,1.2940,1.3010,59.0000,0.0190,0.0170,11.0000,1.3850,1.3530,69.0000
1789471166.9079,-0.0720,-0.0390,-20.0000,1.2940,1.2900,60.0000,0.0190,0.0210,11.0000,1.3850,1.4320,65.0000
1789471167.0072,-0.0720,-0.0760,-18.0000,1.2940,1.2650,62.0000,0.0190,0.0440,9.0000,1.3850,1.4810,62.0000
1789471167.0085,-0.0720,-0.1090,-17.0000,1.2940,1.2580,62.0000,0.0190,0.0270,10.0000,1.3850,1.4150,65.0000
1789471167.0579,-0.0720,-0.0530,-20.0000,1.2940,1.2750,62.0000,0.0190,0.0160,10.0000,1.3850,1.3620,68.0000
1789471167.1081,-0.0720,-0.0880,-18.0000,1.2940,1.2820,62.0000,0.0190,0.0170,10.0000,1.3850,1.2960,72.0000
1789471167.2071,-0.0720,-0.1020,-17.0000,1.2940,1.3350,59.0000,0.0190,0.0370,9.0000,1.3850,1.3410,70.0000
1789471167.2084,-0.0720,-0.0700,-18.0000,1.2940,1.3120,60.0000,0.0190,0.0240,10.0000,1.3850,1.3950,67.0000
1789471167.2580,-0.0720,-0.0550,-19.0000,1.2940,1.2770,62.0000,0.0190,0.0050,11.0000,1.3850,1.4640,63.0000
1789471167.3080,-0.0720,-0.0620,-19.0000,1.2940,1.2470,63.0000,0.0190,0.0010,11.0000,1.3850,1.4430,64.0000
1789471167.3579,-0.0720,-0.1060,-16.0000,1.2940,1.2710,62.0000,0.0190,0.0000,11.0000,1.3850,1.3750,67.0000
1789471167.4097,-0.0720,-0.0640,-19.0000,1.2940,1.2960,61.0000,0.0190,0.0060,11.0000,1.3850,1.3400,69.0000
1789471167.4580,-0.0720,-0.0730,-18.0000,1.2940,1.2990,61.0000,0.0190,0.0090,11.0000,1.3850,1.4090,65.0000
1789471167.5087,-0.0720,-0.0900,-17.0000,1.2940,1.3280,59.0000,0.0190,0.0180,11.0000,1.3850,1.3710,68.0000
1789471167.5587,-0.0720,-0.0370,-20.0000,1.2940,1.3040,61.0000,0.0190,0.0270,10.0000,1.3850,1.4170,65.0000
1789471167.6080,-0.0720,-0.0110,-22.0000,1.2940,1.2750,62.0000,0.0190,0.0620,8.0000,1.3850,1.3930,66.0000
1789471167.6579,-0.0720,-0.0600,-19.0000,1.2940,1.2880,61.0000,0.0190,0.0210,10.0000,1.3850,1.3870,67.0000
1789471167.7081,-0.0720,-0.1090,-17.0000,1.2940,1.2920,61.0000,0.0190,0.0290,10.0000,1.3850,1.2740,73.0000
1789471167.7579,-0.0720,-0.0950,-17.0000,1.2940,1.2970,61.0000,0.0190,0.0210,10.0000,1.3850,1.3520,69.0000
1789471167.8080,-0.0720,-0.0530,-19.0000,1.2940,1.3200,59.0000,0.0190,0.0120,10.0000,1.3850,1.3660,69.0000
1789471167.8583,-0.0720,-0.0350,-20.0000,1.2940,1.3070,60.0000,0.0190,0.0060,11.0000,1.3850,1.4250,66.0000
1789471167.9080,-0.0720,-0.0380,-21.0000,1.2940,1.2930,61.0000,0.0190,0.0020,11.0000,1.3850,1.4200,67.0000
1789471167.9579,-0.0720,-0.1050,-17.0000,1.2940,1.2520,63.0000,0.0190,0.0010,11.0000,1.3850,1.3970,67.0000
1789471168.0080,-0.0720,-0.0800,-18.0000,1.2940,1.2730,62.0000,0.0190,0.0020,12.0000,1.3850,1.3080,72.0000
1789471168.0579,-0.0720,-0.0720,-19.0000,1.2940,1.2800,62.0000,0.0190,0.0100,11.0000,1.3850,1.3770,69.0000
1789471168.1080,-0.0720,-0.0190,-22.0000,1.2940,1.3280,59.0000,0.0190,0.0090,11.0000,1.3850,1.3360,72.0000
1789471168.1579,-0.0720,-0.0670,-19.0000,1.2940,1.3240,59.0000,0.0190,0.0090,12.0000,1.3850,1.3890,69.0000
1789471168.2084,-0.0720,-0.0320,-22.0000,1.2940,1.2970,61.0000,0.0190,0.0190,11.0000,1.3850,1.3950,69.0000
1789471168.3079,-0.0720,-0.0210,-23.0000,1.2940,1.2990,60.0000,0.0190,0.0560,9.0000,1.3850,1.4620,65.0000
1789471168.3091,-0.0720,-0.0530,-21.0000,1.2940,1.2670,62.0000,0.0190,0.0330,10.0000,1.3850,1.3820,69.0000
1789471168.3580,-0.0720,-0.0650,-21.0000,1.2940,1.2960,61.0000,0.0190,0.0200,11.0000,1.3850,1.3050,73.0000
1789471168.4080,-0.0720,-0.0700,-21.0000,1.2940,1.3120,60.0000,0.0190,0.0320,10.0000,1.3850,1.3710,70.0000
1789471168.4581,-0.0720,-0.0460,-22.0000,1.2940,1.3220,59.0000,0.0190,0.0210,10.0000,1.3850,1.3960,69.0000
1789471168.5080,-0.0720,-0.0720,-21.0000,1.2940,1.3250,59.0000,0.0190,0.0120,11.0000,1.3850,1.3980,69.0000
1789471168.5586,-0.0720,-0.0220,-24.0000,1.2940,1.2890,61.0000,0.0190,0.0030,11.0000,1.3850,1.4110,68.0000
1789471168.6081,-0.0720,-0.0420,-23.0000,1.2940,1.2730,61.0000,0.0190,0.0050,11.0000,1.3850,1.4290,66.0000
1789471168.6578,-0.0720,-0.0960,-20.0000,1.2940,1.2920,60.0000,0.0190,0.0060,12.0000,1.3850,1.3160,73.0000
1789471168.7080,-0.0720,-0.0990,-20.0000,1.2940,1.3080,59.0000,0.0190,0.0080,12.0000,1.3850,1.3590,70.0000
1789471168.7579,-0.0720,-0.0920,-20.0000,1.2940,1.3210,59.0000,0.0190,0.0070,12.0000,1.3850,1.3460,72.0000
1789471168.8080,-0.0720,-0.0890,-20.0000,1.2940,1.3120,59.0000,0.0190,0.0090,12.0000,1.3850,1.3610,71.0000
1789471168.8580,-0.0720,-0.0410,-23.0000,1.2940,1.3030,59.0000,0.0190,0.0120,12.0000,1.3850,1.3980,70.0000
1789471168.9573,-0.0720,-0.0620,-22.0000,1.2940,1.2910,60.0000,0.0190,0.0690,9.0000,1.3850,1.4100,69.0000
1789471168.9585,-0.0720,-0.0670,-22.0000,1.2940,1.2810,60.0000,0.0190,0.0370,10.0000,1.3850,1.3420,73.0000
1789471169.0079,-0.0720,-0.0720,-21.0000,1.2940,1.3060,59.0000,0.0190,0.0330,10.0000,1.3850,1.3450,73.0000
1789471169.0579,-0.0720,-0.0430,-23.0000,1.2940,1.3150,58.0000,0.0190,0.0240,10.0000,1.3850,1.3670,72.0000
1789471169.1085,-0.0720,-0.0570,-22.0000,1.2940,1.3020,59.0000,0.0190,0.0230,10.0000,1.3850,1.4090,70.0000
1789471169.1579,-0.0720,-0.0670,-22.0000,1.2940,1.3080,58.0000,0.0190,0.0150,11.0000,1.3850,1.4250,69.0000
1789471169.2079,-0.0720,-0.0740,-22.0000,1.2940,1.2940,59.0000,0.0190,0.0110,11.0000,1.3850,1.4150,69.0000
1789471169.2579,-0.0720,-0.0840,-21.0000,1.2940,1.2620,60.0000,0.0190,0.0240,10.0000,1.3850,1.3380,73.0000
1789471169.3573,-0.0720,-0.1150,-19.0000,1.2940,1.2600,61.0000,0.0190,0.0680,8.0000,1.3850,1.4240,68.0000
1789471169.4072,-0.0720,-0.0970,-20.0000,1.2940,1.2950,59.0000,0.0190,0.0530,8.0000,1.3850,1.4150,69.0000
1789471169.4085,-0.0720,-0.0930,-20.0000,1.2940,1.3130,58.0000,0.0190,0.0150,10.0000,1.3850,1.4480,66.0000
1789471169.4580,-0.0720,-0.1000,-19.0000,1.2940,1.3240,57.0000,0.0190,0.0180,10.0000,1.3850,1.4310,67.0000
1789471169.5079,-0.0720,-0.0910,-20.0000,1.2940,1.3020,58.0000,0.0190,0.0200,10.0000,1.3850,1.3890,69.0000
1789471169.5580,-0.0720,-0.0940,-19.0000,1.2940,1.3170,57.0000,0.0190,0.0070,10.0000,1.3850,1.2850,74.0000
1789471169.6080,-0.0720,-0.0880,-19.0000,1.2940,1.2950,59.0000,0.0190,0.0050,11.0000,1.3850,1.3720,70.0000
1789471169.6580,-0.0720,-0.0720,-20.0000,1.2940,1.2920,59.0000,0.0190,0.0050,11.0000,1.3850,1.4440,66.0000
1789471169.7079,-0.0720,-0.0630,-20.0000,1.2940,1.2970,58.0000,0.0190,0.0020,11.0000,1.3850,1.4800,64.0000
1789471169.7579,-0.0720,-0.0780,-19.0000,1.2940,1.3060,58.0000,0.0190,0.0060,11.0000,1.3850,1.4350,66.0000
1789471169.8080,-0.0720,-0.0960,-18.0000,1.2940,1.3090,58.0000,0.0190,0.0170,11.0000,1.3850,1.3810,68.0000
1789471169.9072,-0.0720,-0.1090,-17.0000,1.2940,1.2970,58.0000,0.0190,0.0620,8.0000,1.3850,1.2700,74.0000
1789471169.9574,-0.0720,-0.0940,-18.0000,1.2940,1.2910,58.0000,0.0190,0.0390,9.0000,1.3850,1.3760,69.0000
1789471170.0072,-0.0720,-0.0750,-19.0000,1.2940,1.2640,60.0000,0.0190,0.0280,9.0000,1.3850,1.4360,66.0000
1789471170.0084,-0.0720,-0.0630,-19.0000,1.2940,1.2840,59.0000,0.0190,0.0060,10.0000,1.3850,1.4840,63.0000
1789471170.0581,-0.0720,-0.0570,-19.0000,1.2940,1.2960,59.0000,0.0190,0.0200,10.0000,1.3850,1.4270,65.0000
1789471170.1082,-0.0720,-0.0860,-18.0000,1.2940,1.3070,58.0000,0.0190,0.0210,10.0000,1.3850,1.3420,70.0000
1789471170.1578,-0.0720,-0.0890,-18.0000,1.2940,1.2840,59.0000,0.0190,0.0160,10.0000,1.3850,1.2760,74.0000
1789471170.2082,-0.0720,-0.0740,-18.0000,1.2940,1.2940,59.0000,0.0190,0.0070,10.0000,1.3850,1.3690,69.0000
1789471170.2579,-0.0720,-0.0480,-20.0000,1.2940,1.2910,59.0000,0.0190,0.0130,10.0000,1.3850,1.4560,64.0000
1789471170.3081,-0.0720,-0.1020,-17.0000,1.2940,1.3040,58.0000,0.0190,0.0560,8.0000,1.3850,1.4430,65.0000
1789471170.4096,-0.0720,-0.1610,-13.0000,1.2940,1.2980,58.0000,0.0190,0.0310,9.0000,1.3850,1.4300,65.0000
1789471170.4111,-0.0720,-0.1440,-13.0000,1.2940,1.2990,58.0000,0.0190,0.0140,10.0000,1.3850,1.3240,71.0000
1789471170.5073,-0.0720,-0.0670,-17.0000,1.2940,1.2840,59.0000,0.0190,0.0260,9.0000,1.3850,1.3180,71.0000
1789471170.5085,-0.0720,-0.0500,-18.0000,1.2940,1.2990,58.0000,0.0190,0.0130,10.0000,1.3850,1.4080,66.0000
1789471170.5578,-0.0720,-0.1090,-14.0000,1.2940,1.2980,58.0000,0.0190,0.0090,10.0000,1.3850,1.4270,65.0000
1789471170.6081,-0.0720,-0.1410,-12.0000,1.2940,1.3010,58.0000,0.0190,0.0100,10.0000,1.3850,1.3830,68.0000
1789471170.6580,-0.0720,-0.1120,-13.0000,1.2940,1.2990,58.0000,0.0190,0.0120,10.0000,1.3850,1.4130,66.0000
1789471170.7081,-0.0720,-0.0810,-14.0000,1.2940,1.3070,57.0000,0.0190,0.0030,11.0000,1.3850,1.3820,67.0000
1789471170.7579,-0.0720,-0.0460,-16.0000,1.2940,1.2900,58.0000,0.0190,0.0060,11.0000,1.3850,1.3120,71.0000
1789471170.8091,-0.0720,-0.0230,-18.0000,1.2940,1.2940,58.0000,0.0190,0.0070,11.0000,1.3850,1.3660,69.0000
1789471170.8590,-0.0720,-0.0940,-14.0000,1.2940,1.2740,59.0000,0.0190,0.0080,11.0000,1.3850,1.4140,66.0000
1789471170.9091,-0.0720,-0.0930,-14.0000,1.2940,1.2890,59.0000,0.0190,0.0050,11.0000,1.3850,1.3760,68.0000
1789471170.9591,-0.0720,-0.1020,-14.0000,1.2940,1.2580,61.0000,0.0190,0.0080,11.0000,1.3850,1.4720,63.0000
1789471171.0090,-0.0720,-0.0950,-14.0000,1.2940,1.2790,60.0000,0.0190,0.0110,11.0000,1.3850,1.3600,69.0000
1789471171.1083,-0.0720,-0.0730,-15.0000,1.2940,1.2790,60.0000,0.0190,0.0430,9.0000,1.3850,1.3170,71.0000
1789471171.1582,-0.0720,-0.0540,-16.0000,1.2940,1.2950,59.0000,0.0190,0.0410,9.0000,1.3850,1.3310,71.0000
1789471171.1593,-0.0720,-0.0080,-18.0000,1.2940,1.3100,58.0000,0.0190,0.0170,10.0000,1.3850,1.4440,65.0000
1789471171.2091,-0.0720,-0.0250,-18.0000,1.2940,1.2790,60.0000,0.0190,0.0120,11.0000,1.3850,1.4520,64.0000
1789471171.2589,-0.0720,-0.1160,-13.0000,1.2940,1.2840,60.0000,0.0190,0.0150,10.0000,1.3850,1.4050,66.0000
1789471171.3089,-0.0720,-0.1530,-11.0000,1.2940,1.2990,59.0000,0.0190,0.0170,10.0000,1.3850,1.4000,66.0000
1789471171.3590,-0.0720,-0.1300,-12.0000,1.2940,1.3110,58.0000,0.0190,0.0160,11.0000,1.3850,1.3060,71.0000
1789471171.4090,-0.0720,-0.0460,-16.0000,1.2940,1.2620,61.0000,0.0190,0.0160,11.0000,1.3850,1.3330,70.0000
1789471171.4590,-0.0720,-0.0810,-13.0000,1.2940,1.2960,59.0000,0.0190,0.0090,11.0000,1.3850,1.3850,68.0000
1789471171.5091,-0.0720,-0.0400,-16.0000,1.2940,1.2760,60.0000,0.0190,0.0010,12.0000,1.3850,1.4290,65.0000
1789471171.5589,-0.0720,-0.1080,-12.0000,1.2940,1.2470,62.0000,0.0190,0.0000,12.0000,1.3850,1.4350,65.0000
1789471171.6091,-0.0720,-0.0860,-13.0000,1.2940,1.2590,62.0000,0.0190,0.0030,12.0000,1.3850,1.3970,66.0000
1789471171.6590,-0.0720,-0.0430,-15.0000,1.2940,1.2820,61.0000,0.0190,0.0080,12.0000,1.3850,1.3490,69.0000
1789471171.7091,-0.0720,-0.0640,-14.0000,1.2940,1.2930,60.0000,0.0190,0.0070,12.0000,1.3850,1.3510,69.0000
1789471171.7591,-0.0720,-0.0130,-18.0000,1.2940,1.3120,59.0000,0.0190,0.0230,11.0000,1.3850,1.4140,66.0000
1789471171.8583,-0.0720,-0.0320,-17.0000,1.2940,1.2550,63.0000,0.0190,0.0670,9.0000,1.3850,1.4050,66.0000
1789471171.8599,-0.0720,-0.0960,-14.0000,1.2940,1.2730,62.0000,0.0190,0.0180,11.0000,1.3850,1.3910,67.0000
1789471171.9091,-0.0720,-0.0900,-14.0000,1.2940,1.2830,62.0000,0.0190,0.0200,11.0000,1.3850,1.3790,67.0000
1789471171.9591,-0.0720,-0.0980,-13.0000,1.2940,1.2870,62.0000,0.0190,0.0270,10.0000,1.3850,1.3340,70.0000
1789471172.0092,-0.0720,-0.0950,-13.0000,1.2940,1.3130,60.0000,0.0190,0.0360,10.0000,1.3850,1.3360,70.0000
1789471172.0589,-0.0720,-0.0430,-16.0000,1.2940,1.3140,60.0000,0.0190,0.0230,10.0000,1.3850,1.4000,67.0000
1789471172.1091,-0.0720,-0.0390,-16.0000,1.2940,1.2760,62.0000,0.0190,0.0120,11.0000,1.3850,1.4440,65.0000
1789471172.1591,-0.0720,-0.0820,-14.0000,1.2940,1.2770,62.0000,0.0190,0.0100,11.0000,1.3850,1.4070,67.0000
1789471172.2091,-0.0720,-0.1210,-12.0000,1.2940,1.2540,64.0000,0.0190,0.0310,10.0000,1.3850,1.4090,66.0000
1789471172.3084,-0.0720,-0.0880,-14.0000,1.2940,1.2560,64.0000,0.0190,0.0540,8.0000,1.3850,1.3080,72.0000
1789471172.3103,-0.0720,-0.0750,-14.0000,1.2940,1.3100,61.0000,0.0190,0.0290,10.0000,1.3850,1.3360,70.0000
1789471172.4083,-0.0720,-0.0850,-13.0000,1.2940,1.3430,59.0000,0.0190,0.0830,6.0000,1.3850,1.3750,68.0000
1789471172.4592,-0.0720,-0.0230,-17.0000,1.2940,1.3330,59.0000,0.0190,0.0510,8.0000,1.3850,1.4180,66.0000
1789471172.4605,-0.0720,-0.0090,-18.0000,1.2940,1.2770,62.0000,0.0190,0.0660,6.0000,1.3850,1.4540,64.0000
1789471172.5584,-0.0720,-0.0370,-17.0000,1.2940,1.2830,62.0000,0.0190,0.0170,8.0000,1.3850,1.4540,63.0000
1789471172.6083,-0.0720,-0.0440,-17.0000,1.2940,1.2570,63.0000,0.0190,0.0160,8.0000,1.3850,1.2520,75.0000
1789471172.6584,-0.0720,-0.0580,-17.0000,1.2940,1.3170,60.0000,0.0190,0.0490,6.0000,1.3850,1.3500,69.0000
1789471172.7084,-0.0720,-0.0360,-18.0000,1.2940,1.3160,60.0000,0.0190,0.0420,7.0000,1.3850,1.3620,69.0000
1789471172.7583,-0.0720,-0.0340,-19.0000,1.2940,1.3000,61.0000,0.0190,0.0670,5.0000,1.3850,1.4470,65.0000
1789471172.8084,-0.0720,-0.0100,-21.0000,1.2940,1.2630,63.0000,0.0190,0.0220,7.0000,1.3850,1.4150,66.0000
1789471172.8583,-0.0720,-0.0510,-19.0000,1.2940,1.2730,62.0000,0.0190,0.0050,8.0000,1.3850,1.4180,66.0000
1789471172.9083,-0.0720,-0.0750,-18.0000,1.2940,1.2540,64.0000,0.0190,0.0050,8.0000,1.3850,1.3270,71.0000
1789471172.9585,-0.0720,-0.0630,-19.0000,1.2940,1.2770,63.0000,0.0190,0.0140,7.0000,1.3850,1.3720,68.0000
1789471173.0082,-0.0720,-0.0730,-18.0000,1.2940,1.3240,60.0000,0.0190,0.0660,4.0000,1.3850,1.3890,68.0000
1789471173.0583,-0.0720,-0.0690,-18.0000,1.2940,1.3420,59.0000,0.0190,0.0370,6.0000,1.3850,1.4180,66.0000
1789471173.1085,-0.0720,-0.0360,-20.0000,1.2940,1.2630,64.0000,0.0190,0.0070,7.0000,1.3850,1.4270,65.0000
1789471173.1590,-0.0720,-0.0230,-22.0000,1.2940,1.2830,63.0000,0.0190,0.0010,8.0000,1.3850,1.4270,65.0000
1789471173.1601,-0.0720,-0.0670,-19.0000,1.2940,1.2770,63.0000,0.0190,0.0050,7.0000,1.3850,1.3470,69.0000
1789471173.2598,-0.0720,-0.0660,-20.0000,1.2940,1.2640,64.0000,0.0190,0.0000,8.0000,1.3850,1.3680,68.0000
1789471173.3093,-0.0720,-0.0840,-19.0000,1.2940,1.2890,63.0000,0.0190,0.0000,8.0000,1.3850,1.4080,66.0000
1789471173.3595,-0.0720,-0.0860,-19.0000,1.2940,1.3210,61.0000,0.0190,0.0070,8.0000,1.3850,1.3970,66.0000
1789471173.4094,-0.0720,-0.0780,-19.0000,1.2940,1.2870,63.0000,0.0190,0.0330,7.0000,1.3850,1.4150,65.0000
1789471173.4594,-0.0720,-0.0340,-22.0000,1.2940,1.2910,63.0000,0.0190,0.0330,7.0000,1.3850,1.4240,64.0000
1789471173.5095,-0.0720,-0.0540,-21.0000,1.2940,1.2740,64.0000,0.0190,0.0150,8.0000,1.3850,1.3340,69.0000
1789471173.5594,-0.0720,-0.0950,-18.0000,1.2940,1.2880,63.0000,0.0190,0.0300,7.0000,1.3850,1.3390,69.0000
1789471173.6094,-0.0720,-0.1150,-17.0000,1.2940,1.2930,63.0000,0.0190,0.0370,6.0000,1.3850,1.3680,68.0000
1789471173.6417,-0.0720,-0.1110,-17.0000,1.2940,1.3240,61.0000,0.0190,0.0130,7.0000,1.3850,1.4140,65.0000
1789471173.6600,-0.0720,-0.1020,-17.0000,1.2940,1.3070,62.0000,0.0190,0.0110,7.0000,1.3850,1.4100,65.0000
1789471173.7594,-0.0720,-0.0420,-20.0000,1.2940,1.2690,64.0000,0.0190,0.0070,8.0000,1.3850,1.4220,64.0000
1789471173.8105,-0.0720,-0.0490,-20.0000,1.2940,1.2800,63.0000,0.0190,0.0050,8.0000,1.3850,1.3650,67.0000
1789471173.8594,-0.0720,-0.0920,-18.0000,1.2940,1.2730,64.0000,0.0190,0.0060,8.0000,1.3850,1.3310,69.0000
1789471173.9095,-0.0720,-0.0840,-18.0000,1.2940,1.2960,62.0000,0.0190,0.0060,8.0000,1.3850,1.3790,67.0000
1789471173.9594,-0.0720,-0.0800,-18.0000,1.2940,1.3120,61.0000,0.0190,0.0030,9.0000,1.3850,1.3910,67.0000
1789471174.0092,-0.0720,-0.1090,-16.0000,1.2940,1.3200,61.0000,0.0190,0.0020,9.0000,1.3850,1.4240,65.0000
1789471174.0594,-0.0720,-0.0990,-16.0000,1.2940,1.2820,63.0000,0.0190,0.0020,9.0000,1.3850,1.4360,64.0000
1789471174.1101,-0.0720,-0.0250,-21.0000,1.2940,1.2640,64.0000,0.0190,0.0000,9.0000,1.3850,1.4300,63.0000
1789471174.1592,-0.0720,-0.1180,-15.0000,1.2940,1.2640,64.0000,0.0190,0.0040,9.0000,1.3850,1.3350,69.0000
1789471174.1603,-0.0720,-0.1190,-15.0000,1.2940,1.3010,62.0000,0.0190,0.0040,10.0000,1.3850,1.3530,68.0000
1789471174.2601,-0.0720,-0.1360,-14.0000,1.2940,1.2850,64.0000,0.0190,0.0130,9.0000,1.3850,1.4090,65.0000
1789471174.2613,-0.0720,-0.1090,-15.0000,1.2940,1.3430,60.0000,0.0190,0.0090,10.0000,1.3850,1.4270,63.0000
1789471174.3603,-0.0720,-0.1280,-13.0000,1.2940,1.3050,62.0000,0.0190,0.0310,8.0000,1.3850,1.4060,64.0000
1789471174.4118,-0.0720,-0.0620,-16.0000,1.2940,1.3040,62.0000,0.0190,0.0810,5.0000,1.3850,1.4030,64.0000
1789471174.4607,-0.0720,-0.0230,-18.0000,1.2940,1.2650,64.0000,0.0190,0.0380,8.0000,1.3850,1.3440,67.0000
1789471174.5124,-0.0720,-0.1140,-13.0000,1.2940,1.2880,63.0000,0.0190,0.0200,8.0000,1.3850,1.3710,66.0000
1789471174.5133,-0.0720,-0.1190,-13.0000,1.2940,1.2910,63.0000,0.0190,0.0210,8.0000,1.3850,1.3710,66.0000
1789471174.6103,-0.0720,-0.1000,-14.0000,1.2940,1.3040,62.0000,0.0190,0.0050,9.0000,1.3850,1.4380,62.0000
1789471174.6605,-0.0720,-0.1180,-12.0000,1.2940,1.3370,60.0000,0.0190,0.0170,8.0000,1.3850,1.4050,64.0000
1789471174.7146,-0.0720,-0.1010,-13.0000,1.2940,1.3100,62.0000,0.0190,0.0210,8.0000,1.3850,1.4140,63.0000
1789471174.7625,-0.0720,-0.0620,-15.0000,1.2940,1.2660,64.0000,0.0190,0.0130,9.0000,1.3850,1.3490,67.0000
1789471174.8131,-0.0720,-0.0750,-14.0000,1.2940,1.2810,63.0000,0.0190,0.0480,7.0000,1.3850,1.3400,67.0000
1789471174.8143,-0.0720,-0.1040,-12.0000,1.2940,1.2570,65.0000,0.0190,0.0740,5.0000,1.3850,1.3600,67.0000
1789471174.9135,-0.0720,-0.0620,-15.0000,1.2940,1.2880,63.0000,0.0190,0.0530,6.0000,1.3850,1.4090,64.0000
1789471174.9645,-0.0720,-0.0620,-14.0000,1.2940,1.2720,64.0000,0.0190,0.0220,7.0000,1.3850,1.3970,65.0000
1789471174.9660,-0.0720,-0.0750,-14.0000,1.2940,1.2490,66.0000,0.0190,0.0080,8.0000,1.3850,1.3960,65.0000
1789471175.0641,-0.0720,-0.1080,-12.0000,1.2940,1.3250,62.0000,0.0190,0.0010,8.0000,1.3850,1.3500,68.0000
1789471175.1135,-0.0720,-0.1140,-11.0000,1.2940,1.2790,64.0000,0.0190,0.0080,8.0000,1.3850,1.3440,68.0000
1789471175.1639,-0.0720,-0.1080,-11.0000,1.2940,1.2810,64.0000,0.0190,0.0650,5.0000,1.3850,1.4080,65.0000
1789471175.2139,-0.0720,-0.0800,-12.0000,1.2940,1.2190,68.0000,0.0190,0.1020,2.0000,1.3850,1.4140,64.0000
1789471175.2639,-0.0720,-0.0950,-11.0000,1.2940,1.2900,64.0000,0.0190,0.0430,5.0000,1.3850,1.4220,64.0000
1789471175.3134,-0.0720,-0.0860,-11.0000,1.2940,1.3290,62.0000,0.0190,0.0710,3.0000,1.3850,1.4180,64.0000
1789471175.3639,-0.0720,-0.1000,-10.0000,1.2940,1.2920,64.0000,0.0190,0.1000,0.0000,1.3850,1.3920,65.0000
1789471175.4133,-0.0720,-0.0840,-11.0000,1.2940,1.3400,61.0000,0.0190,0.0360,3.0000,1.3850,1.4020,64.0000
1789471175.4642,-0.0720,-0.0610,-12.0000,1.2940,1.2240,68.0000,0.0190,0.0080,4.0000,1.3850,1.4230,62.0000
1789471175.5152,-0.0720,-0.0980,-10.0000,1.2940,1.2080,69.0000,0.0190,0.0050,4.0000,1.3850,1.4030,63.0000
1789471175.5642,-0.0720,-0.0960,-10.0000,1.2940,1.3030,64.0000,0.0190,0.0130,4.0000,1.3850,1.4160,62.0000
1789471175.5649,-0.0720,-0.1040,-9.0000,1.2940,1.3350,63.0000,0.0190,0.0570,2.0000,1.3850,1.3910,63.0000
1789471175.6647,-0.0720,-0.1700,-5.0000,1.2940,1.3480,62.0000,0.0190,0.1700,-5.0000,1.3850,1.4160,61.0000
1789471175.7135,-0.0720,-0.0920,-9.0000,1.2940,1.2380,68.0000,0.0190,0.1300,-4.0000,1.3850,1.3780,63.0000
1789471175.7638,-0.0720,-0.0710,-9.0000,1.2940,1.1850,71.0000,0.0190,0.0850,-3.0000,1.3850,1.4050,62.0000
1789471175.7645,-0.0720,-0.0510,-10.0000,1.2940,1.2690,67.0000,0.0190,0.0290,-1.0000,1.3850,1.3680,64.0000
1789471175.8160,-0.0720,-0.0880,-8.0000,1.2940,1.2760,68.0000,0.0190,0.0830,-4.0000,1.3850,1.3970,62.0000
1789471175.8643,-0.0720,-0.0650,-10.0000,1.2940,1.3510,64.0000,0.0190,0.0950,-5.0000,1.3850,1.3690,64.0000
1789471175.9142,-0.0720,-0.0640,-10.0000,1.2940,1.3990,60.0000,0.0190,0.0930,-6.0000,1.3850,1.4110,61.0000
1789471176.0135,-0.0720,-0.1270,-6.0000,1.2940,1.3860,60.0000,0.0190,0.1000,-7.0000,1.3850,1.3750,63.0000
1789471176.0147,-0.0720,-0.0630,-10.0000,1.2940,1.3490,61.0000,0.0190,0.0210,-4.0000,1.3850,1.3990,62.0000
1789471176.0645,-0.0720,-0.0410,-11.0000,1.2940,1.1970,69.0000,0.0190,-0.0070,-3.0000,1.3850,1.3730,63.0000
1789471176.1143,-0.0720,-0.0850,-8.0000,1.2940,1.3300,63.0000,0.0190,-0.0030,-3.0000,1.3850,1.4050,61.0000
1789471176.1643,-0.0720,-0.0390,-11.0000,1.2940,1.2510,67.0000,0.0190,-0.0090,-2.0000,1.3850,1.3810,63.0000
1789471176.2639,-0.0720,-0.0760,-9.0000,1.2940,1.3560,61.0000,0.0190,0.0270,-4.0000,1.3850,1.4040,61.0000
1789471176.2655,-0.0720,-0.0460,-11.0000,1.2940,1.3480,61.0000,0.0190,0.1300,-10.0000,1.3850,1.3820,63.0000
1789471176.3141,-0.0720,-0.0690,-10.0000,1.2940,1.2620,66.0000,0.0190,0.0300,-5.0000,1.3850,1.3970,62.0000
1789471176.3645,-0.0720,-0.0480,-11.0000,1.2940,1.2610,66.0000,0.0190,0.0230,-5.0000,1.3850,1.3750,63.0000
1789471176.4141,-0.0720,-0.0650,-10.0000,1.2940,1.2400,67.0000,0.0190,0.0080,-4.0000,1.3850,1.3970,62.0000
1789471176.4640,-0.0720,-0.0360,-12.0000,1.2940,1.3060,64.0000,0.0190,0.0130,-5.0000,1.3850,1.3810,63.0000
1789471176.5141,-0.0720,-0.0820,-10.0000,1.2940,1.3150,64.0000,0.0190,0.0140,-5.0000,1.3850,1.3960,62.0000
1789471176.5644,-0.0720,-0.0640,-11.0000,1.2940,1.3950,59.0000,0.0190,0.0210,-5.0000,1.3850,1.3850,62.0000
1789471176.6142,-0.0720,-0.0680,-11.0000,1.2940,1.2630,66.0000,0.0190,0.0160,-5.0000,1.3850,1.3890,62.0000
1789471176.6648,-0.0720,-0.0820,-10.0000,1.2940,1.2140,68.0000,0.0190,0.0010,-4.0000,1.3850,1.3840,62.0000
1789471176.7143,-0.0720,-0.0740,-11.0000,1.2940,1.2180,69.0000,0.0190,0.0030,-4.0000,1.3850,1.3820,62.0000
1789471176.7642,-0.0720,-0.0600,-11.0000,1.2940,1.3020,65.0000,0.0190,0.0000,-3.0000,1.3850,1.3830,62.0000
1789471176.8142,-0.0720,-0.0840,-10.0000,1.2940,1.3230,64.0000,0.0190,0.0110,-4.0000,1.3850,1.3810,63.0000
1789471176.8646,-0.0720,-0.0710,-11.0000,1.2940,1.3750,61.0000,0.0190,0.0970,-9.0000,1.3850,1.3880,62.0000
1789471176.9141,-0.0720,-0.0700,-11.0000,1.2940,1.3650,61.0000,0.0190,0.0660,-7.0000,1.3850,1.3840,62.0000
1789471176.9646,-0.0720,-0.0800,-10.0000,1.2940,1.2080,69.0000,0.0190,0.0080,-4.0000,1.3850,1.3920,62.0000
1789471177.0147,-0.0720,-0.0600,-11.0000,1.2940,1.2170,69.0000,0.0190,0.0100,-5.0000,1.3850,1.3770,63.0000
1789471177.0644,-0.0720,-0.0730,-11.0000,1.2940,1.2350,68.0000,0.0190,0.0060,-4.0000,1.3850,1.3850,62.0000
1789471177.1141,-0.0720,-0.0750,-10.0000,1.2940,1.3430,63.0000,0.0190,0.0090,-4.0000,1.3850,1.3740,63.0000
1789471177.1643,-0.0720,-0.0670,-11.0000,1.2940,1.3190,64.0000,0.0190,0.0070,-4.0000,1.3850,1.3880,62.0000
1789471177.2142,-0.0720,-0.0800,-10.0000,1.2940,1.3900,60.0000,0.0190,0.0180,-5.0000,1.3850,1.3820,62.0000
1789471177.2643,-0.0720,-0.0630,-11.0000,1.2940,1.3710,60.0000,0.0190,0.0030,-4.0000,1.3850,1.3950,62.0000
1789471177.3142,-0.0720,-0.0690,-11.0000,1.2940,1.1980,69.0000,0.0190,0.0010,-3.0000,1.3850,1.3580,64.0000
1789471177.3643,-0.0720,-0.0810,-10.0000,1.2940,1.2500,66.0000,0.0190,0.0000,-3.0000,1.3850,1.4020,61.0000
1789471177.4142,-0.0720,-0.0680,-11.0000,1.2940,1.3090,63.0000,0.0190,0.0000,-3.0000,1.3850,1.3780,63.0000
1789471177.4649,-0.0720,-0.0710,-11.0000,1.2940,1.3490,61.0000,0.0190,0.0140,-4.0000,1.3850,1.4010,61.0000
1789471177.5143,-0.0720,-0.0760,-10.0000,1.2940,1.3280,62.0000,0.0190,0.0600,-6.0000,1.3850,1.3650,63.0000
1789471177.5644,-0.0720,-0.0540,-12.0000,1.2940,1.2650,65.0000,0.0190,0.0400,-5.0000,1.3850,1.3990,61.0000
1789471177.6641,-0.0720,-0.0970,-9.0000,1.2940,1.2250,67.0000,0.0190,0.0110,-4.0000,1.3850,1.3680,63.0000
1789471177.6649,-0.0720,-0.0810,-10.0000,1.2940,1.2230,68.0000,0.0190,0.0180,-4.0000,1.3850,1.4020,61.0000
1789471177.7142,-0.0720,-0.0740,-10.0000,1.2940,1.3090,64.0000,0.0190,0.0220,-5.0000,1.3850,1.3720,63.0000
1789471177.8136,-0.0720,-0.0920,-9.0000,1.2940,1.3120,64.0000,0.0190,0.0130,-4.0000,1.3850,1.4000,61.0000
1789471177.8146,-0.0720,-0.0740,-10.0000,1.2940,1.3410,62.0000,0.0190,0.0140,-4.0000,1.3850,1.3680,63.0000
1789471177.8645,-0.0720,-0.0730,-10.0000,1.2940,1.3710,60.0000,0.0190,0.0010,-3.0000,1.3850,1.3990,61.0000
1789471177.9146,-0.0720,-0.0730,-10.0000,1.2940,1.2800,64.0000,0.0190,0.0000,-3.0000,1.3850,1.3710,63.0000
1789471177.9645,-0.0720,-0.0670,-10.0000,1.2940,1.2230,67.0000,0.0190,0.0000,-3.0000,1.3850,1.3950,62.0000
1789471178.0147,-0.0720,-0.0700,-10.0000,1.2940,1.3280,61.0000,0.0190,0.0000,-3.0000,1.3850,1.3840,62.0000
1789471178.0650,-0.0720,-0.0620,-11.0000,1.2940,1.3210,62.0000,0.0190,0.0030,-3.0000,1.3850,1.4030,61.0000
1789471178.1142,-0.0720,-0.0790,-10.0000,1.2940,1.3350,61.0000,0.0190,0.0000,-2.0000,1.3850,1.3830,62.0000
1789471178.1646,-0.0720,-0.0550,-11.0000,1.2940,1.3090,62.0000,0.0190,0.0000,-2.0000,1.3850,1.3960,61.0000
1789471178.2142,-0.0720,-0.0820,-10.0000,1.2940,1.3290,61.0000,0.0190,0.0000,-2.0000,1.3850,1.3950,61.0000
1789471178.2643,-0.0720,-0.0650,-11.0000,1.2940,1.2480,65.0000,0.0190,0.0000,-1.0000,1.3850,1.4020,61.0000
1789471178.3141,-0.0720,-0.0430,-12.0000,1.2940,1.3090,62.0000,0.0190,0.0000,-1.0000,1.3850,1.3840,62.0000
1789471178.3643,-0.0720,-0.0780,-10.0000,1.2940,1.2940,63.0000,0.0190,0.0000,-1.0000,1.3850,1.3860,62.0000
1789471178.4148,-0.0720,-0.0610,-11.0000,1.2940,1.2850,63.0000,0.0190,0.0000,-1.0000,1.3850,1.3810,62.0000
1789471178.4645,-0.0720,-0.0720,-11.0000,1.2940,1.3120,62.0000,0.0190,0.0000,-1.0000,1.3850,1.3630,63.0000
1789471178.5639,-0.0720,-0.0680,-11.0000,1.2940,1.3060,62.0000,0.0190,0.0000,0.0000,1.3850,1.3870,62.0000
1789471178.6135,-0.0720,-0.0770,-10.0000,1.2940,1.2450,66.0000,0.0190,0.0000,0.0000,1.3850,1.3840,62.0000
1789471178.6410,-0.0720,-0.0780,-10.0000,1.2940,1.3350,61.0000,0.0190,0.0000,0.0000,1.3850,1.3950,61.0000
1789471178.7154,-0.0720,-0.0680,-11.0000,1.2940,1.2740,64.0000,0.0190,0.0000,0.0000,1.3850,1.3790,62.0000
1789471178.7639,-0.0720,-0.0820,-10.0000,1.2940,1.2780,64.0000,0.0190,0.0000,1.0000,1.3850,1.3830,62.0000
1789471178.8133,-0.0720,-0.0790,-10.0000,1.2940,1.3020,63.0000,0.0190,0.0000,1.0000,1.3850,1.3770,63.0000
1789471178.8639,-0.0720,-0.0430,-12.0000,1.2940,1.2790,64.0000,0.0190,0.0000,1.0000,1.3850,1.3860,62.0000
1789471178.9139,-0.0720,-0.0790,-10.0000,1.2940,1.3270,61.0000,0.0190,0.0000,1.0000,1.3850,1.3780,63.0000
1789471178.9641,-0.0720,-0.0720,-11.0000,1.2940,1.2910,63.0000,0.0190,0.0000,2.0000,1.3850,1.3840,62.0000
1789471179.0172,-0.0720,-0.0630,-11.0000,1.2940,1.2760,64.0000,0.0190,0.0000,2.0000,1.3850,1.3690,63.0000
1789471179.0189,-0.0720,-0.0880,-10.0000,1.2940,1.2600,65.0000,0.0190,0.0000,2.0000,1.3850,1.3850,62.0000
1789471179.1145,-0.0720,-0.0690,-11.0000,1.2940,1.2750,64.0000,0.0190,0.0000,2.0000,1.3850,1.3770,63.0000
1789471179.1176,-0.0720,-0.0510,-12.0000,1.2940,1.3060,63.0000,0.0190,0.0000,3.0000,1.3850,1.3970,62.0000
1789471179.2158,-0.0720,-0.0770,-10.0000,1.2940,1.3350,61.0000,0.0190,0.0000,3.0000,1.3850,1.3740,63.0000
1789471179.2669,-0.0720,-0.0660,-11.0000,1.2940,1.3530,60.0000,0.0190,0.0000,3.0000,1.3850,1.3910,62.0000
1789471179.3166,-0.0720,-0.0700,-11.0000,1.2940,1.2620,65.0000,0.0190,0.0000,3.0000,1.3850,1.3600,64.0000
1789471179.3664,-0.0720,-0.0800,-10.0000,1.2940,1.2520,65.0000,0.0190,0.0000,4.0000,1.3850,1.4020,61.0000
1789471179.4170,-0.0720,-0.0570,-12.0000,1.2940,1.2720,64.0000,0.0190,0.0000,4.0000,1.3850,1.3710,63.0000
1789471179.4664,-0.0720,-0.0790,-10.0000,1.2940,1.2990,63.0000,0.0190,0.0000,4.0000,1.3850,1.4020,62.0000
1789471179.5166,-0.0720,-0.0690,-11.0000,1.2940,1.3370,61.0000,0.0190,0.0010,4.0000,1.3850,1.3730,63.0000
1789471179.5665,-0.0720,-0.0840,-10.0000,1.2940,1.3330,61.0000,0.0190,0.0030,4.0000,1.3850,1.4020,61.0000
1789471179.6189,-0.0720,-0.0650,-11.0000,1.2940,1.2790,64.0000,0.0190,0.0050,4.0000,1.3850,1.3720,63.0000
1789471179.6198,-0.0720,-0.0500,-12.0000,1.2940,1.2540,65.0000,0.0190,0.0060,5.0000,1.3850,1.3980,62.0000
1789471179.7173,-0.0720,-0.0850,-10.0000,1.2940,1.2440,66.0000,0.0190,0.0050,5.0000,1.3850,1.3740,63.0000
1789471179.7186,-0.0720,-0.0690,-11.0000,1.2940,1.2730,65.0000,0.0190,0.0010,5.0000,1.3850,1.4010,61.0000
1789471179.8173,-0.0720,-0.0440,-13.0000,1.2940,1.3290,62.0000,0.0190,0.0180,4.0000,1.3850,1.3650,63.0000
1789471179.8185,-0.0720,-0.0850,-10.0000,1.2940,1.3190,63.0000,0.0190,0.0400,3.0000,1.3850,1.4060,61.0000
1789471179.9173,-0.0720,-0.0260,-14.0000,1.2940,1.2760,65.0000,0.0190,0.0530,2.0000,1.3850,1.3760,63.0000
1789471179.9187,-0.0720,-0.0600,-12.0000,1.2940,1.2500,66.0000,0.0190,0.0070,5.0000,1.3850,1.4000,61.0000
1789471180.0173,-0.0720,-0.0530,-13.0000,1.2940,1.2410,67.0000,0.0190,0.0090,4.0000,1.3850,1.3750,63.0000
1789471180.0186,-0.0720,-0.1000,-10.0000,1.2940,1.2580,67.0000,0.0190,0.0080,5.0000,1.3850,1.3990,61.0000
1789471180.1167,-0.0720,-0.0510,-13.0000,1.2940,1.2720,66.0000,0.0190,0.0250,4.0000,1.3850,1.3780,63.0000
1789471180.1665,-0.0720,-0.0750,-12.0000,1.2940,1.3720,61.0000,0.0190,0.0140,4.0000,1.3850,1.3990,61.0000
1789471180.2165,-0.0720,-0.1020,-10.0000,1.2940,1.3700,60.0000,0.0190,0.0190,4.0000,1.3850,1.3890,62.0000
1789471180.2665,-0.0720,-0.0280,-14.0000,1.2940,1.2520,67.0000,0.0190,0.0020,5.0000,1.3850,1.4020,61.0000
1789471180.3166,-0.0720,-0.0150,-15.0000,1.2940,1.2740,65.0000,0.0190,0.0030,5.0000,1.3850,1.3840,62.0000
1789471180.3666,-0.0720,-0.0790,-12.0000,1.2940,1.2450,67.0000,0.0190,0.0010,5.0000,1.3850,1.3830,62.0000
1789471180.4165,-0.0720,-0.0890,-12.0000,1.2940,1.2750,66.0000,0.0190,0.0040,6.0000,1.3850,1.3790,62.0000
1789471180.4664,-0.0720,-0.0690,-13.0000,1.2940,1.3330,63.0000,0.0190,0.0070,6.0000,1.3850,1.3810,62.0000
1789471180.5167,-0.0720,-0.0960,-11.0000,1.2940,1.3880,59.0000,0.0190,0.0160,5.0000,1.3850,1.3800,62.0000
1789471180.5666,-0.0720,-0.0960,-11.0000,1.2940,1.3610,60.0000,0.0190,0.0030,6.0000,1.3850,1.3870,62.0000
1789471180.5679,-0.0720,-0.0120,-16.0000,1.2940,1.2410,67.0000,0.0190,-0.0020,7.0000,1.3850,1.3870,62.0000
1789471180.6665,-0.0720,-0.0680,-13.0000,1.2940,1.2610,66.0000,0.0190,0.0020,6.0000,1.3850,1.3840,62.0000
1789471180.7167,-0.0720,-0.0680,-13.0000,1.2940,1.2230,69.0000,0.0190,0.0050,6.0000,1.3850,1.3750,63.0000
1789471180.7664,-0.0720,-0.0970,-11.0000,1.2940,1.3150,64.0000,0.0190,0.0090,6.0000,1.3850,1.3720,63.0000
1789471180.8167,-0.0720,-0.0880,-12.0000,1.2940,1.3670,61.0000,0.0190,0.0300,5.0000,1.3850,1.3900,62.0000
1789471180.8663,-0.0720,-0.1110,-10.0000,1.2940,1.3780,60.0000,0.0190,0.0930,2.0000,1.3850,1.3760,63.0000
1789471180.9166,-0.0720,-0.0250,-15.0000,1.2940,1.3350,61.0000,0.0190,0.0770,2.0000,1.3850,1.4010,61.0000
1789471180.9667,-0.0720,-0.0080,-16.0000,1.2940,1.2630,65.0000,0.0190,0.0060,5.0000,1.3850,1.3800,63.0000
1789471181.0167,-0.0720,-0.0690,-13.0000,1.2940,1.2480,66.0000,0.0190,0.0160,5.0000,1.3850,1.3980,61.0000
1789471181.0665,-0.0720,-0.1030,-11.0000,1.2940,1.2610,66.0000,0.0190,0.0380,3.0000,1.3850,1.3670,63.0000
1789471181.1166,-0.0720,-0.0720,-13.0000,1.2940,1.3260,62.0000,0.0190,0.0980,0.0000,1.3850,1.3880,62.0000
1789471181.1666,-0.0720,-0.0410,-15.0000,1.2940,1.3230,62.0000,0.0190,0.0430,2.0000,1.3850,1.3760,63.0000
1789471181.2167,-0.0720,-0.0080,-17.0000,1.2940,1.2810,64.0000,0.0190,0.0020,4.0000,1.3850,1.3970,62.0000
1789471181.2673,-0.0720,-0.0260,-17.0000,1.2940,1.2770,65.0000,0.0190,0.0000,4.0000,1.3850,1.3640,63.0000
1789471181.2686,-0.0720,-0.0950,-13.0000,1.2940,1.2740,65.0000,0.0190,0.0010,4.0000,1.3850,1.3980,61.0000
1789471181.3674,-0.0720,-0.1130,-12.0000,1.2940,1.2830,65.0000,0.0190,0.0080,4.0000,1.3850,1.3700,63.0000
1789471181.3699,-0.0720,-0.1260,-11.0000,1.2940,1.3120,63.0000,0.0190,0.0050,4.0000,1.3850,1.3920,62.0000
1789471181.4686,-0.0720,-0.1060,-12.0000,1.2940,1.3400,61.0000,0.0190,0.0070,5.0000,1.3850,1.3740,63.0000
1789471181.5187,-0.0720,-0.0790,-13.0000,1.2940,1.3240,62.0000,0.0190,0.0060,5.0000,1.3850,1.4050,61.0000
1789471181.5694,-0.0720,-0.0290,-16.0000,1.2940,1.2550,66.0000,0.0190,0.0000,5.0000,1.3850,1.3750,63.0000
1789471181.5718,-0.0720,-0.0840,-13.0000,1.2940,1.2430,66.0000,0.0190,0.0240,4.0000,1.3850,1.3960,62.0000
1789471181.6694,-0.0720,-0.1110,-11.0000,1.2940,1.2770,65.0000,0.0190,0.0740,1.0000,1.3850,1.3620,64.0000
1789471181.6710,-0.0720,-0.0920,-12.0000,1.2940,1.2900,64.0000,0.0190,0.0820,0.0000,1.3850,1.3870,62.0000
1789471181.7686,-0.0720,-0.0820,-12.0000,1.2940,1.3290,62.0000,0.0190,0.0190,3.0000,1.3850,1.3760,63.0000
1789471181.8186,-0.0720,-0.1000,-11.0000,1.2940,1.3810,59.0000,0.0190,0.0010,4.0000,1.3850,1.4030,62.0000
1789471181.8686,-0.0720,-0.0380,-14.0000,1.2940,1.3030,63.0000,0.0190,0.0000,4.0000,1.3850,1.3770,63.0000
1789471181.9186,-0.0720,-0.0140,-16.0000,1.2940,1.2550,65.0000,0.0190,0.0000,4.0000,1.3850,1.3960,62.0000
1789471181.9693,-0.0720,-0.0860,-12.0000,1.2940,1.2520,66.0000,0.0190,0.0170,4.0000,1.3850,1.3640,64.0000
1789471181.9705,-0.0720,-0.1050,-11.0000,1.2940,1.2840,64.0000,0.0190,0.0330,3.0000,1.3850,1.3920,62.0000
1789471182.0696,-0.0720,-0.1080,-11.0000,1.2940,1.3190,63.0000,0.0190,0.0600,1.0000,1.3850,1.3660,64.0000
1789471182.1186,-0.0720,-0.1010,-10.0000,1.2940,1.3380,61.0000,0.0190,0.0600,1.0000,1.3850,1.3700,64.0000
1789471182.1685,-0.0720,-0.0810,-11.0000,1.2940,1.3580,60.0000,0.0190,0.0400,1.0000,1.3850,1.3850,63.0000
1789471182.2195,-0.0720,-0.0970,-10.0000,1.2940,1.2910,63.0000,0.0190,0.0030,3.0000,1.3850,1.3870,63.0000
1789471182.2228,-0.0720,-0.0260,-14.0000,1.2940,1.2500,65.0000,0.0190,0.0000,3.0000,1.3850,1.3770,64.0000
1789471182.3188,-0.0720,-0.0960,-10.0000,1.2940,1.2800,64.0000,0.0190,0.0080,3.0000,1.3850,1.3710,64.0000
1789471182.3686,-0.0720,-0.1030,-10.0000,1.2940,1.2960,63.0000,0.0190,0.0020,4.0000,1.3850,1.3610,65.0000
1789471182.3699,-0.0720,-0.1200,-9.0000,1.2940,1.3050,63.0000,0.0190,0.0000,4.0000,1.3850,1.3430,66.0000
1789471182.4688,-0.0720,-0.0930,-10.0000,1.2940,1.3050,62.0000,0.0190,0.0000,4.0000,1.3850,1.3440,66.0000
1789471182.5188,-0.0720,-0.0720,-11.0000,1.2940,1.2760,64.0000,0.0190,0.0000,4.0000,1.3850,1.3850,65.0000
1789471182.5687,-0.0720,-0.0550,-11.0000,1.2940,1.2680,65.0000,0.0190,0.0040,4.0000,1.3850,1.3800,65.0000
1789471182.6187,-0.0720,-0.0670,-11.0000,1.2940,1.2630,65.0000,0.0190,0.0070,5.0000,1.3850,1.3520,67.0000
1789471182.6690,-0.0720,-0.0640,-11.0000,1.2940,1.3150,62.0000,0.0190,0.0060,5.0000,1.3850,1.3950,65.0000
1789471182.7185,-0.0720,-0.0750,-10.0000,1.2940,1.2940,63.0000,0.0190,0.0010,5.0000,1.3850,1.3930,65.0000
1789471182.7685,-0.0720,-0.0700,-11.0000,1.2940,1.3430,60.0000,0.0190,0.0020,5.0000,1.3850,1.4200,63.0000
1789471182.8186,-0.0720,-0.0660,-11.0000,1.2940,1.3010,63.0000,0.0190,0.0030,5.0000,1.3850,1.4020,64.0000
1789471182.8686,-0.0720,-0.0130,-14.0000,1.2940,1.2800,64.0000,0.0190,0.0000,6.0000,1.3850,1.3770,65.0000
1789471182.9197,-0.0720,-0.0400,-13.0000,1.2940,1.2760,64.0000,0.0190,0.0080,6.0000,1.3850,1.2940,70.0000
1789471182.9685,-0.0720,-0.0740,-12.0000,1.2940,1.3140,62.0000,0.0190,0.0320,4.0000,1.3850,1.3480,67.0000
1789471183.0187,-0.0720,-0.0780,-12.0000,1.2940,1.3070,62.0000,0.0190,0.0560,3.0000,1.3850,1.3820,66.0000
1789471183.0687,-0.0720,-0.0300,-14.0000,1.2940,1.3350,60.0000,0.0190,0.0140,5.0000,1.3850,1.3910,65.0000
1789471183.1186,-0.0720,-0.0370,-14.0000,1.2940,1.3140,61.0000,0.0190,0.0290,4.0000,1.3850,1.3950,65.0000
1789471183.1687,-0.0720,-0.0520,-14.0000,1.2940,1.3430,59.0000,0.0190,0.0050,6.0000,1.3850,1.3390,69.0000
1789471183.2192,-0.0720,-0.0240,-16.0000,1.2940,1.2950,62.0000,0.0190,0.0000,6.0000,1.3850,1.3340,69.0000
1789471183.2685,-0.0720,-0.0660,-14.0000,1.2940,1.3190,60.0000,0.0190,0.0140,5.0000,1.3850,1.3400,69.0000
1789471183.3194,-0.0720,-0.0670,-14.0000,1.2940,1.3170,60.0000,0.0190,0.0060,6.0000,1.3850,1.3720,68.0000
1789471183.3228,-0.0720,-0.0710,-14.0000,1.2940,1.3060,60.0000,0.0190,0.0060,6.0000,1.3850,1.4090,66.0000
1789471183.4187,-0.0720,-0.0690,-14.0000,1.2940,1.3070,60.0000,0.0190,0.0000,6.0000,1.3850,1.3900,67.0000
1789471183.4687,-0.0720,-0.0560,-15.0000,1.2940,1.3000,60.0000,0.0190,0.0000,7.0000,1.3850,1.3810,67.0000
1789471183.5187,-0.0720,-0.0420,-16.0000,1.2940,1.2960,61.0000,0.0190,0.0100,6.0000,1.3850,1.3060,72.0000
1789471183.5685,-0.0720,-0.0630,-15.0000,1.2940,1.3110,60.0000,0.0190,0.0120,6.0000,1.3850,1.3790,68.0000
1789471183.6187,-0.0720,-0.0870,-13.0000,1.2940,1.3060,60.0000,0.0190,0.0110,7.0000,1.3850,1.3790,69.0000
1789471183.6409,-0.0720,-0.0650,-15.0000,1.2940,1.2910,61.0000,0.0190,0.0010,7.0000,1.3850,1.4110,67.0000
1789471183.7194,-0.0720,-0.0550,-15.0000,1.2940,1.2950,60.0000,0.0190,0.0010,7.0000,1.3850,1.3930,68.0000
1789471183.7222,-0.0720,-0.0350,-17.0000,1.2940,1.2940,60.0000,0.0190,0.0020,8.0000,1.3850,1.3760,68.0000
1789471183.8192,-0.0720,-0.0060,-19.0000,1.2940,1.2720,62.0000,0.0190,0.0000,8.0000,1.3850,1.3120,72.0000
1789471183.8688,-0.0720,-0.0610,-16.0000,1.2940,1.2800,61.0000,0.0190,0.0180,7.0000,1.3850,1.3480,71.0000
1789471183.9202,-0.0720,-0.0870,-15.0000,1.2940,1.3180,59.0000,0.0190,0.0090,8.0000,1.3850,1.3710,70.0000
1789471183.9686,-0.0720,-0.0690,-16.0000,1.2940,1.2870,61.0000,0.0190,0.0070,8.0000,1.3850,1.3850,69.0000
1789471184.0187,-0.0720,-0.0820,-15.0000,1.2940,1.2960,60.0000,0.0190,0.0010,8.0000,1.3850,1.4130,68.0000
1789471184.0687,-0.0720,-0.0540,-17.0000,1.2940,1.3010,60.0000,0.0190,0.0070,8.0000,1.3850,1.4140,68.0000
1789471184.1187,-0.0720,-0.0620,-16.0000,1.2940,1.3060,60.0000,0.0190,0.0080,8.0000,1.3850,1.3290,72.0000
1789471184.1686,-0.0720,-0.0360,-18.0000,1.2940,1.2910,60.0000,0.0190,0.0320,7.0000,1.3850,1.3860,69.0000
1789471184.2187,-0.0720,-0.0750,-16.0000,1.2940,1.3060,59.0000,0.0190,0.0570,6.0000,1.3850,1.3570,71.0000
1789471184.2687,-0.0720,-0.0860,-15.0000,1.2940,1.3060,59.0000,0.0190,0.0390,6.0000,1.3850,1.3770,70.0000
1789471184.3187,-0.0720,-0.0710,-16.0000,1.2940,1.3000,60.0000,0.0190,0.0250,7.0000,1.3850,1.3660,71.0000
1789471184.3685,-0.0720,-0.0790,-16.0000,1.2940,1.2930,60.0000,0.0190,0.0040,8.0000,1.3850,1.4200,68.0000
1789471184.4186,-0.0720,-0.0260,-19.0000,1.2940,1.3190,58.0000,0.0190,0.0010,8.0000,1.3850,1.3460,72.0000
1789471184.4686,-0.0720,-0.0470,-18.0000,1.2940,1.2720,61.0000,0.0190,0.0020,8.0000,1.3850,1.3590,72.0000
1789471184.5188,-0.0720,-0.0350,-19.0000,1.2940,1.3020,59.0000,0.0190,0.0110,8.0000,1.3850,1.4330,68.0000
1789471184.5687,-0.0720,-0.0830,-16.0000,1.2940,1.2920,60.0000,0.0190,0.0130,8.0000,1.3850,1.4120,69.0000
1789471184.6187,-0.0720,-0.0810,-17.0000,1.2940,1.2910,60.0000,0.0190,0.0060,9.0000,1.3850,1.3960,69.0000
1789471184.6687,-0.0720,-0.0590,-18.0000,1.2940,1.2800,61.0000,0.0190,0.0000,9.0000,1.3850,1.4080,68.0000
1789471184.7187,-0.0720,-0.0470,-19.0000,1.2940,1.2960,60.0000,0.0190,0.0000,9.0000,1.3850,1.3360,72.0000
1789471184.7686,-0.0720,-0.0580,-18.0000,1.2940,1.2780,61.0000,0.0190,0.0090,9.0000,1.3850,1.3370,72.0000
1789471184.8187,-0.0720,-0.0360,-20.0000,1.2940,1.2940,60.0000,0.0190,0.0210,9.0000,1.3850,1.3940,70.0000
1789471184.8689,-0.0720,-0.0740,-18.0000,1.2940,1.2910,61.0000,0.0190,0.0480,7.0000,1.3850,1.4600,66.0000
1789471184.9187,-0.0720,-0.1030,-16.0000,1.2940,1.2840,61.0000,0.0190,0.0490,7.0000,1.3850,1.3710,71.0000
1789471184.9699,-0.0720,-0.0780,-17.0000,1.2940,1.2700,62.0000,0.0190,0.0230,8.0000,1.3850,1.4150,68.0000
1789471185.0202,-0.0720,-0.0450,-19.0000,1.2940,1.3120,60.0000,0.0190,0.0250,8.0000,1.3850,1.4100,68.0000
1789471185.0696,-0.0720,-0.0740,-18.0000,1.2940,1.3210,59.0000,0.0190,0.0310,7.0000,1.3850,1.3190,73.0000
1789471185.1198,-0.0720,-0.0320,-20.0000,1.2940,1.2900,61.0000,0.0190,0.0050,9.0000,1.3850,1.3660,71.0000
1789471185.1737,-0.0720,-0.0060,-22.0000,1.2940,1.2900,61.0000,0.0190,0.0050,9.0000,1.3850,1.4410,67.0000
1789471185.2225,-0.0720,-0.0790,-19.0000,1.2940,1.2640,62.0000,0.0190,0.0080,9.0000,1.3850,1.4240,67.0000
1789471185.2726,-0.0720,-0.1080,-17.0000,1.2940,1.2860,61.0000,0.0190,0.0100,9.0000,1.3850,1.3830,69.0000
1789471185.3228,-0.0720,-0.0790,-19.0000,1.2940,1.2770,62.0000,0.0190,0.0030,9.0000,1.3850,1.3950,68.0000
1789471185.3726,-0.0720,-0.0770,-19.0000,1.2940,1.3170,60.0000,0.0190,0.0260,8.0000,1.3850,1.3170,73.0000
1789471185.4227,-0.0720,-0.0400,-21.0000,1.2940,1.3030,60.0000,0.0190,0.0590,6.0000,1.3850,1.3850,69.0000
1789471185.4725,-0.0720,-0.0690,-19.0000,1.2940,1.2900,61.0000,0.0190,0.0260,8.0000,1.3850,1.4260,67.0000
1789471185.5228,-0.0720,-0.0810,-19.0000,1.2940,1.2750,62.0000,0.0190,0.0090,9.0000,1.3850,1.4190,67.0000
1789471185.5727,-0.0720,-0.0740,-19.0000,1.2940,1.2680,62.0000,0.0190,0.0120,8.0000,1.3850,1.4160,67.0000
1789471185.6229,-0.0720,-0.0850,-18.0000,1.2940,1.2800,62.0000,0.0190,0.0230,8.0000,1.3850,1.3960,68.0000
1789471185.6732,-0.0720,-0.0830,-18.0000,1.2940,1.3230,59.0000,0.0190,0.0530,6.0000,1.3850,1.3420,71.0000
1789471185.7227,-0.0720,-0.0950,-17.0000,1.2940,1.3170,60.0000,0.0190,0.0160,8.0000,1.3850,1.3810,69.0000
1789471185.7742,-0.0720,-0.0560,-20.0000,1.2940,1.2950,61.0000,0.0190,0.0020,9.0000,1.3850,1.4210,66.0000
1789471185.8242,-0.0720,-0.0600,-19.0000,1.2940,1.2650,62.0000,0.0190,0.0000,9.0000,1.3850,1.4480,65.0000
1789471185.8737,-0.0720,-0.0950,-17.0000,1.2940,1.3040,60.0000,0.0190,0.0030,9.0000,1.3850,1.4010,67.0000
1789471185.9240,-0.0720,-0.0760,-18.0000,1.2940,1.2770,62.0000,0.0190,0.0030,9.0000,1.3850,1.3570,69.0000
1789471185.9737,-0.0720,-0.0740,-18.0000,1.2940,1.2810,62.0000,0.0190,0.0040,9.0000,1.3850,1.3450,70.0000
1789471186.0239,-0.0720,-0.0780,-18.0000,1.2940,1.2950,61.0000,0.0190,0.0190,9.0000,1.3850,1.4240,66.0000
1789471186.0738,-0.0720,-0.0610,-19.0000,1.2940,1.2850,62.0000,0.0190,0.0620,6.0000,1.3850,1.3910,67.0000
1789471186.1240,-0.0720,-0.0660,-19.0000,1.2940,1.2970,61.0000,0.0190,0.0260,8.0000,1.3850,1.4210,65.0000
1789471186.1737,-0.0720,-0.0740,-18.0000,1.2940,1.2870,62.0000,0.0190,0.0310,7.0000,1.3850,1.3710,68.0000
1789471186.2240,-0.0720,-0.0790,-18.0000,1.2940,1.2980,61.0000,0.0190,0.0380,7.0000,1.3850,1.3540,69.0000
1789471186.2771,-0.0720,-0.0840,-18.0000,1.2940,1.2930,62.0000,0.0190,0.0320,7.0000,1.3850,1.3420,70.0000
1789471186.3268,-0.0720,-0.0870,-17.0000,1.2940,1.3200,60.0000,0.0190,0.0270,7.0000,1.3850,1.3870,68.0000
1789471186.3770,-0.0720,-0.0250,-21.0000,1.2940,1.2740,63.0000,0.0190,0.0400,6.0000,1.3850,1.3990,67.0000
1789471186.4268,-0.0720,-0.0060,-22.0000,1.2940,1.2760,62.0000,0.0190,0.0540,5.0000,1.3850,1.4220,66.0000
1789471186.4774,-0.0720,-0.0710,-19.0000,1.2940,1.2850,62.0000,0.0190,0.0360,6.0000,1.3850,1.3970,67.0000
1789471186.4787,-0.0720,-0.0840,-19.0000,1.2940,1.2920,62.0000,0.0190,0.0470,5.0000,1.3850,1.3350,71.0000
1789471186.5774,-0.0720,-0.0680,-19.0000,1.2940,1.2740,63.0000,0.0190,0.0080,7.0000,1.3850,1.3580,69.0000
1789471186.5787,-0.0720,-0.0930,-18.0000,1.2940,1.3070,61.0000,0.0190,0.0270,6.0000,1.3850,1.3770,69.0000
1789471186.6768,-0.0720,-0.0850,-18.0000,1.2940,1.3190,60.0000,0.0190,0.0130,7.0000,1.3850,1.3620,70.0000
1789471186.7279,-0.0720,-0.0330,-21.0000,1.2940,1.2930,62.0000,0.0190,0.0010,7.0000,1.3850,1.4120,67.0000
1789471186.7775,-0.0720,-0.0230,-22.0000,1.2940,1.2820,62.0000,0.0190,0.0000,8.0000,1.3850,1.3950,68.0000
1789471186.7788,-0.0720,-0.0670,-20.0000,1.2940,1.2850,62.0000,0.0190,0.0000,8.0000,1.3850,1.3500,70.0000
1789471186.8775,-0.0720,-0.0570,-21.0000,1.2940,1.2600,64.0000,0.0190,0.0200,7.0000,1.3850,1.3630,70.0000
1789471186.8789,-0.0720,-0.0670,-20.0000,1.2940,1.3010,62.0000,0.0190,0.0280,6.0000,1.3850,1.3930,68.0000
1789471186.9773,-0.0720,-0.1470,-16.0000,1.2940,1.3220,61.0000,0.0190,0.0820,3.0000,1.3850,1.4180,67.0000
1789471186.9784,-0.0720,-0.1880,-13.0000,1.2940,1.3690,58.0000,0.0190,0.0200,6.0000,1.3850,1.4440,65.0000
1789471187.0775,-0.0720,-0.1660,-13.0000,1.2940,1.3360,59.0000,0.0190,0.1000,1.0000,1.3850,1.4410,65.0000
1789471187.0789,-0.0720,-0.0970,-16.0000,1.2940,1.3360,58.0000,0.0190,0.0300,5.0000,1.3850,1.2970,73.0000
1789471187.1775,-0.0720,-0.1110,-14.0000,1.2940,1.2610,62.0000,0.0190,0.0020,6.0000,1.3850,1.2810,74.0000
1789471187.1788,-0.0720,-0.0780,-16.0000,1.2940,1.2650,62.0000,0.0190,0.0000,6.0000,1.3850,1.4240,66.0000
1789471187.2769,-0.0720,-0.1390,-12.0000,1.2940,1.3180,59.0000,0.0190,0.0000,7.0000,1.3850,1.3730,69.0000
1789471187.3268,-0.0720,-0.0990,-14.0000,1.2940,1.3080,60.0000,0.0190,0.0110,6.0000,1.3850,1.3810,69.0000
1789471187.3768,-0.0720,-0.0340,-17.0000,1.2940,1.2920,61.0000,0.0190,0.0180,6.0000,1.3850,1.4460,65.0000
1789471187.4268,-0.0720,-0.0900,-14.0000,1.2940,1.2850,61.0000,0.0190,0.0040,7.0000,1.3850,1.3460,71.0000
1789471187.4767,-0.0720,-0.1110,-13.0000,1.2940,1.2720,62.0000,0.0190,0.0190,6.0000,1.3850,1.3310,72.0000
1789471187.5269,-0.0720,-0.0420,-17.0000,1.2940,1.2840,61.0000,0.0190,0.0180,6.0000,1.3850,1.3870,69.0000
1789471187.5768,-0.0720,-0.0940,-14.0000,1.2940,1.3080,60.0000,0.0190,0.0090,7.0000,1.3850,1.4130,67.0000
1789471187.6267,-0.0720,-0.1150,-12.0000,1.2940,1.3300,58.0000,0.0190,0.0090,7.0000,1.3850,1.4000,68.0000
1789471187.6789,-0.0720,-0.0580,-15.0000,1.2940,1.3010,60.0000,0.0190,0.0010,7.0000,1.3850,1.4880,63.0000
1789471187.7284,-0.0720,-0.0400,-16.0000,1.2940,1.2930,60.0000,0.0190,0.0000,7.0000,1.3850,1.4460,64.0000
1789471187.7788,-0.0720,-0.0360,-17.0000,1.2940,1.2710,61.0000,0.0190,0.0000,8.0000,1.3850,1.3360,70.0000
1789471187.8288,-0.0720,-0.1300,-12.0000,1.2940,1.2880,60.0000,0.0190,0.0250,6.0000,1.3850,1.3370,70.0000
1789471187.8803,-0.0720,-0.0790,-14.0000,1.2940,1.3110,59.0000,0.0190,0.0110,7.0000,1.3850,1.3920,67.0000
1789471187.9297,-0.0720,-0.0850,-14.0000,1.2940,1.3130,59.0000,0.0190,0.0200,7.0000,1.3850,1.3960,67.0000
1789471187.9797,-0.0720,-0.0780,-14.0000,1.2940,1.2970,60.0000,0.0190,0.0020,8.0000,1.3850,1.4300,65.0000
1789471188.0306,-0.0720,-0.0320,-17.0000,1.2940,1.2850,60.0000,0.0190,0.0000,8.0000,1.3850,1.4190,65.0000
1789471188.0799,-0.0720,-0.0150,-18.0000,1.2940,1.2830,61.0000,0.0190,0.0030,8.0000,1.3850,1.3470,69.0000
1789471188.1329,-0.0720,-0.0800,-14.0000,1.2940,1.2790,61.0000,0.0190,0.0040,8.0000,1.3850,1.3490,69.0000
1789471188.1347,-0.0720,-0.0890,-14.0000,1.2940,1.3000,60.0000,0.0190,0.0060,9.0000,1.3850,1.3830,68.0000
1789471188.2318,-0.0720,-0.0730,-15.0000,1.2940,1.2880,61.0000,0.0190,0.0010,9.0000,1.3850,1.4280,65.0000
1789471188.2331,-0.0720,-0.0700,-15.0000,1.2940,1.3170,59.0000,0.0190,0.0000,9.0000,1.3850,1.4310,65.0000
1789471188.3305,-0.0720,-0.0770,-15.0000,1.2940,1.2750,61.0000,0.0190,0.0020,9.0000,1.3850,1.4150,65.0000
1789471188.3318,-0.0720,-0.0520,-16.0000,1.2940,1.2780,61.0000,0.0190,0.0070,9.0000,1.3850,1.3490,69.0000
1789471188.4313,-0.0720,-0.0960,-14.0000,1.2940,1.2910,61.0000,0.0190,0.0100,9.0000,1.3850,1.3580,68.0000
1789471188.4331,-0.0720,-0.1230,-12.0000,1.2940,1.2910,61.0000,0.0190,0.0100,10.0000,1.3850,1.4010,66.0000
1789471188.4817,-0.0720,-0.0860,-14.0000,1.2940,1.3010,60.0000,0.0190,0.0050,10.0000,1.3850,1.4220,65.0000
1789471188.5810,-0.0720,-0.0710,-14.0000,1.2940,1.3140,59.0000,0.0190,0.0200,9.0000,1.3850,1.4130,65.0000
1789471188.6309,-0.0720,-0.1100,-12.0000,1.2940,1.2850,61.0000,0.0190,0.0730,6.0000,1.3850,1.4170,64.0000
1789471188.6421,-0.0720,-0.0380,-16.0000,1.2940,1.2820,61.0000,0.0190,0.0520,7.0000,1.3850,1.3330,69.0000
1789471188.7315,-0.0720,-0.0770,-14.0000,1.2940,1.2800,61.0000,0.0190,0.0370,7.0000,1.3850,1.3660,67.0000
1789471188.7332,-0.0720,-0.1110,-12.0000,1.2940,1.2840,61.0000,0.0190,0.0130,8.0000,1.3850,1.3590,68.0000
1789471188.8324,-0.0720,-0.0780,-13.0000,1.2940,1.2870,61.0000,0.0190,0.0080,9.0000,1.3850,1.4320,64.0000
1789471188.8340,-0.0720,-0.0640,-14.0000,1.2940,1.2910,61.0000,0.0190,0.0040,9.0000,1.3850,1.4010,66.0000
1789471188.9317,-0.0720,-0.0860,-13.0000,1.2940,1.3320,59.0000,0.0190,0.0190,8.0000,1.3850,1.4090,65.0000
1789471188.9330,-0.0720,-0.0550,-15.0000,1.2940,1.2670,62.0000,0.0190,0.0870,5.0000,1.3850,1.3410,69.0000
1789471189.0315,-0.0720,-0.0280,-16.0000,1.2940,1.2830,61.0000,0.0190,0.0340,7.0000,1.3850,1.3660,68.0000
1789471189.0327,-0.0720,-0.1200,-11.0000,1.2940,1.2730,62.0000,0.0190,0.0480,6.0000,1.3850,1.3540,69.0000
1789471189.1316,-0.0720,-0.0990,-12.0000,1.2940,1.3030,60.0000,0.0190,0.0200,7.0000,1.3850,1.4090,66.0000
1789471189.1327,-0.0720,-0.0380,-16.0000,1.2940,1.2850,61.0000,0.0190,0.0020,8.0000,1.3850,1.4210,65.0000
1789471189.2309,-0.0720,-0.1040,-12.0000,1.2940,1.3350,58.0000,0.0190,0.0090,8.0000,1.3850,1.4120,65.0000
1789471189.2810,-0.0720,-0.0770,-13.0000,1.2940,1.2990,60.0000,0.0190,0.0200,7.0000,1.3850,1.3540,68.0000
1789471189.3308,-0.0720,-0.0270,-16.0000,1.2940,1.2820,61.0000,0.0190,0.0030,8.0000,1.3850,1.3980,66.0000
1789471189.3809,-0.0720,-0.0770,-13.0000,1.2940,1.2720,62.0000,0.0190,0.0020,9.0000,1.3850,1.3700,68.0000
1789471189.4309,-0.0720,-0.0930,-13.0000,1.2940,1.2650,63.0000,0.0190,0.0030,9.0000,1.3850,1.3960,66.0000
1789471189.4808,-0.0720,-0.0520,-15.0000,1.2940,1.2690,63.0000,0.0190,0.0060,9.0000,1.3850,1.4350,64.0000
1789471189.5308,-0.0720,-0.0940,-12.0000,1.2940,1.3220,60.0000,0.0190,0.0180,8.0000,1.3850,1.4160,65.0000
1789471189.5809,-0.0720,-0.0950,-12.0000,1.2940,1.2920,62.0000,0.0190,0.0800,5.0000,1.3850,1.3510,68.0000
1789471189.6307,-0.0720,-0.0310,-16.0000,1.2940,1.2650,63.0000,0.0190,0.0220,8.0000,1.3850,1.3910,66.0000
1789471189.6809,-0.0720,-0.0740,-14.0000,1.2940,1.2540,64.0000,0.0190,0.0300,7.0000,1.3850,1.3590,68.0000
1789471189.7308,-0.0720,-0.1010,-12.0000,1.2940,1.2470,65.0000,0.0190,0.0240,7.0000,1.3850,1.3620,68.0000
1789471189.7808,-0.0720,-0.0470,-15.0000,1.2940,1.2260,67.0000,0.0190,0.0110,8.0000,1.3850,1.4090,65.0000
1789471189.8310,-0.0720,-0.0660,-14.0000,1.2940,1.2480,66.0000,0.0190,0.0090,8.0000,1.3850,1.4250,64.0000
1789471189.8810,-0.0720,-0.0760,-13.0000,1.2940,1.3370,61.0000,0.0190,0.0160,8.0000,1.3850,1.4390,63.0000
1789471189.9308,-0.0720,-0.0820,-13.0000,1.2940,1.3360,61.0000,0.0190,0.0350,6.0000,1.3850,1.4140,64.0000
1789471189.9809,-0.0720,-0.0460,-15.0000,1.2940,1.2500,66.0000,0.0190,0.0630,5.0000,1.3850,1.4260,63.0000
1789471190.0307,-0.0720,-0.0700,-14.0000,1.2940,1.2380,67.0000,0.0190,0.0200,7.0000,1.3850,1.3570,66.0000
1789471190.0824,-0.0720,-0.0890,-13.0000,1.2940,1.2150,69.0000,0.0190,0.0220,7.0000,1.3850,1.4180,63.0000
1789471190.1317,-0.0720,-0.1060,-12.0000,1.2940,1.2550,67.0000,0.0190,0.0440,5.0000,1.3850,1.3980,64.0000
1789471190.1820,-0.0720,-0.1010,-12.0000,1.2940,1.3130,64.0000,0.0190,0.0260,6.0000,1.3850,1.4230,62.0000
1789471190.2320,-0.0720,-0.0950,-12.0000,1.2940,1.3820,60.0000,0.0190,0.0180,6.0000,1.3850,1.3920,63.0000
1789471190.2820,-0.0720,-0.0970,-11.0000,1.2940,1.3340,63.0000,0.0190,0.0250,6.0000,1.3850,1.3810,64.0000
1789471190.3319,-0.0720,-0.0810,-12.0000,1.2940,1.2170,69.0000,0.0190,0.0280,6.0000,1.3850,1.3790,64.0000
1789471190.3841,-0.0720,-0.0920,-11.0000,1.2940,1.2620,67.0000,0.0190,0.0420,5.0000,1.3850,1.4200,61.0000
1789471190.4318,-0.0720,-0.0850,-11.0000,1.2940,1.2430,68.0000,0.0190,0.0280,5.0000,1.3850,1.4010,62.0000
1789471190.4828,-0.0720,-0.0620,-12.0000,1.2940,1.3000,65.0000,0.0190,0.0180,6.0000,1.3850,1.4170,61.0000
1789471190.4851,-0.0720,-0.0930,-11.0000,1.2940,1.3840,61.0000,0.0190,0.0350,5.0000,1.3850,1.3920,62.0000
1789471190.5819,-0.0720,-0.0920,-11.0000,1.2940,1.3850,60.0000,0.0190,0.0130,6.0000,1.3850,1.4120,61.0000
1789471190.6317,-0.0720,-0.0950,-10.0000,1.2940,1.3600,61.0000,0.0190,0.0030,7.0000,1.3850,1.3950,62.0000
1789471190.6336,-0.0720,-0.0430,-13.0000,1.2940,1.1820,70.0000,0.0190,-0.0060,7.0000,1.3850,1.4050,61.0000
1789471190.6832,-0.0720,-0.0890,-10.0000,1.2940,1.2810,65.0000,0.0190,-0.0030,7.0000,1.3850,1.3930,61.0000
1789471190.7325,-0.0720,-0.0810,-11.0000,1.2940,1.2680,66.0000,0.0190,-0.0000,7.0000,1.3850,1.3980,61.0000
1789471190.7826,-0.0720,-0.0620,-12.0000,1.2940,1.2960,64.0000,0.0190,0.0010,8.0000,1.3850,1.3820,62.0000
1789471190.8826,-0.0720,-0.0830,-11.0000,1.2940,1.3170,63.0000,0.0190,0.0120,7.0000,1.3850,1.3850,62.0000
1789471190.8844,-0.0720,-0.0990,-10.0000,1.2940,1.2570,67.0000,0.0190,0.0030,8.0000,1.3850,1.3780,62.0000
1789471190.9821,-0.0720,-0.0820,-10.0000,1.2940,1.2630,67.0000,0.0190,0.0000,8.0000,1.3850,1.3730,63.0000
1789471191.0319,-0.0720,-0.0590,-12.0000,1.2940,1.3090,64.0000,0.0190,0.0050,8.0000,1.3850,1.3750,62.0000
1789471191.0331,-0.0720,-0.1050,-9.0000,1.2940,1.2900,65.0000,0.0190,0.0050,8.0000,1.3850,1.3570,64.0000
1789471191.0828,-0.0720,-0.0850,-10.0000,1.2940,1.3280,63.0000,0.0190,0.0000,9.0000,1.3850,1.3450,65.0000
1789471191.1821,-0.0720,-0.0740,-10.0000,1.2940,1.3570,61.0000,0.0190,0.0000,9.0000,1.3850,1.3450,65.0000
1789471191.2331,-0.0720,-0.0750,-10.0000,1.2940,1.3220,63.0000,0.0190,0.0030,9.0000,1.3850,1.3860,63.0000
1789471191.2820,-0.0720,-0.0840,-10.0000,1.2940,1.2670,65.0000,0.0190,0.0000,9.0000,1.3850,1.3980,63.0000
1789471191.3320,-0.0720,-0.0690,-10.0000,1.2940,1.2300,68.0000,0.0190,0.0030,9.0000,1.3850,1.4030,62.0000
1789471191.3333,-0.0720,-0.0640,-11.0000,1.2940,1.1640,72.0000,0.0190,0.0000,10.0000,1.3850,1.3600,65.0000
1789471191.3826,-0.0720,-0.0750,-10.0000,1.2940,1.2150,70.0000,0.0190,0.0040,10.0000,1.3850,1.3980,62.0000
1789471191.4819,-0.0720,-0.0370,-12.0000,1.2940,1.2910,67.0000,0.0190,0.0440,8.0000,1.3850,1.3990,62.0000
1789471191.5325,-0.0720,-0.0720,-10.0000,1.2940,1.3970,61.0000,0.0190,0.0560,7.0000,1.3850,1.4150,61.0000
1789471191.5821,-0.0720,-0.0500,-12.0000,1.2940,1.2590,69.0000,0.0190,0.0260,8.0000,1.3850,1.3780,63.0000
1789471191.6320,-0.0720,-0.0750,-11.0000,1.2940,1.2410,70.0000,0.0190,0.0110,9.0000,1.3850,1.4010,62.0000
1789471191.6333,-0.0720,-0.0600,-12.0000,1.2940,1.2270,71.0000,0.0190,0.0010,10.0000,1.3850,1.3770,63.0000
1789471191.7338,-0.0720,-0.0860,-10.0000,1.2940,1.2580,70.0000,0.0190,0.0130,9.0000,1.3850,1.4030,61.0000
1789471191.7821,-0.0720,-0.0810,-10.0000,1.2940,1.3190,67.0000,0.0190,0.0280,8.0000,1.3850,1.3720,63.0000
1789471191.8320,-0.0720,-0.0620,-11.0000,1.2940,1.3680,64.0000,0.0190,0.0320,8.0000,1.3850,1.4030,61.0000
1789471191.8338,-0.0720,-0.1110,-9.0000,1.2940,1.4090,61.0000,0.0190,0.0310,8.0000,1.3850,1.3730,63.0000
1789471191.9319,-0.0720,-0.0690,-11.0000,1.2940,1.3970,60.0000,0.0190,0.0410,7.0000,1.3850,1.3960,62.0000
1789471191.9820,-0.0720,-0.0840,-10.0000,1.2940,1.1910,71.0000,0.0190,0.0350,7.0000,1.3850,1.3390,65.0000
1789471192.0319,-0.0720,-0.0640,-11.0000,1.2940,1.2780,66.0000,0.0190,0.0040,9.0000,1.3850,1.4120,61.0000
1789471192.0336,-0.0720,-0.0910,-9.0000,1.2940,1.2800,67.0000,0.0190,0.0120,9.0000,1.3850,1.3790,63.0000
1789471192.0826,-0.0720,-0.0840,-9.0000,1.2940,1.3420,63.0000,0.0190,0.0500,6.0000,1.3850,1.4050,61.0000
1789471192.1326,-0.0720,-0.0960,-9.0000,1.2940,1.2970,66.0000,0.0190,0.0220,8.0000,1.3850,1.3740,63.0000
1789471192.2319,-0.0720,-0.0420,-12.0000,1.2940,1.2720,67.0000,0.0190,0.0050,9.0000,1.3850,1.3980,61.0000
1789471192.2331,-0.0720,-0.0870,-9.0000,1.2940,1.2490,68.0000,0.0190,0.0000,9.0000,1.3850,1.3670,63.0000
1789471192.2826,-0.0720,-0.0810,-9.0000,1.2940,1.2380,70.0000,0.0190,0.0110,9.0000,1.3850,1.3990,61.0000
1789471192.3821,-0.0720,-0.0680,-10.0000,1.2940,1.2660,69.0000,0.0190,0.0050,9.0000,1.3850,1.3750,63.0000
1789471192.3839,-0.0720,-0.1270,-6.0000,1.2940,1.3100,66.0000,0.0190,0.0200,8.0000,1.3850,1.3940,62.0000
1789471192.4334,-0.0720,-0.1490,-5.0000,1.2940,1.3550,64.0000,0.0190,0.0400,7.0000,1.3850,1.3820,62.0000
1789471192.4828,-0.0720,-0.1040,-7.0000,1.2940,1.3370,64.0000,0.0190,0.0680,5.0000,1.3850,1.3940,62.0000
1789471192.5819,-0.0720,-0.0410,-10.0000,1.2940,1.2680,68.0000,0.0190,0.0060,9.0000,1.3850,1.3760,63.0000
1789471192.5834,-0.0720,-0.0690,-8.0000,1.2940,1.2640,68.0000,0.0190,0.0000,9.0000,1.3850,1.3940,62.0000
1789471192.6326,-0.0720,-0.0710,-8.0000,1.2940,1.3020,66.0000,0.0190,0.0000,9.0000,1.3850,1.3830,62.0000
1789471192.6828,-0.0720,-0.0500,-9.0000,1.2940,1.3010,66.0000,0.0190,0.0000,9.0000,1.3850,1.3910,62.0000
1789471192.7822,-0.0720,-0.0350,-10.0000,1.2940,1.3640,62.0000,0.0190,0.0260,8.0000,1.3850,1.3870,62.0000
1789471192.7841,-0.0720,-0.1030,-7.0000,1.2940,1.3200,64.0000,0.0190,0.0230,8.0000,1.3850,1.3940,62.0000
1789471192.8345,-0.0720,-0.0900,-7.0000,1.2940,1.3380,63.0000,0.0190,0.0210,8.0000,1.3850,1.3870,62.0000
1789471192.9357,-0.0720,-0.0400,-10.0000,1.2940,1.2270,69.0000,0.0190,0.0020,9.0000,1.3850,1.3860,62.0000
1789471192.9366,-0.0720,-0.0830,-8.0000,1.2940,1.2860,66.0000,0.0190,0.0040,9.0000,1.3850,1.3830,62.0000
1789471193.0331,-0.0720,-0.0630,-9.0000,1.2940,1.2670,67.0000,0.0190,0.0030,10.0000,1.3850,1.3820,62.0000
1789471193.0831,-0.0720,-0.0750,-8.0000,1.2940,1.2970,65.0000,0.0190,0.0060,10.0000,1.3850,1.3900,62.0000
1789471193.1352,-0.0720,-0.0950,-7.0000,1.2940,1.3220,64.0000,0.0190,0.0050,10.0000,1.3850,1.3850,62.0000
1789471193.1364,-0.0720,-0.0770,-8.0000,1.2940,1.3220,64.0000,0.0190,0.0040,10.0000,1.3850,1.3920,62.0000
1789471193.1840,-0.0720,-0.0420,-10.0000,1.2940,1.2500,68.0000,0.0190,0.0010,10.0000,1.3850,1.3750,63.0000
1789471193.2831,-0.0720,-0.0770,-8.0000,1.2940,1.2870,66.0000,0.0190,0.0060,10.0000,1.3850,1.3870,62.0000
1789471193.3329,-0.0720,-0.0790,-8.0000,1.2940,1.2670,67.0000,0.0190,0.0020,11.0000,1.3850,1.3690,63.0000
1789471193.3830,-0.0720,-0.0700,-9.0000,1.2940,1.3070,65.0000,0.0190,0.0020,11.0000,1.3850,1.3850,62.0000
1789471193.4337,-0.0720,-0.0860,-8.0000,1.2940,1.3220,65.0000,0.0190,0.0000,11.0000,1.3850,1.3720,63.0000
1789471193.4349,-0.0720,-0.1020,-7.0000,1.2940,1.3080,65.0000,0.0190,0.0040,11.0000,1.3850,1.3960,62.0000
1789471193.5330,-0.0720,-0.0670,-8.0000,1.2940,1.2770,67.0000,0.0190,0.0120,11.0000,1.3850,1.3730,63.0000
1789471193.5835,-0.0720,-0.0780,-8.0000,1.2940,1.2460,69.0000,0.0190,0.0020,12.0000,1.3850,1.3960,62.0000
1789471193.6330,-0.0720,-0.0760,-8.0000,1.2940,1.2860,67.0000,0.0190,0.0370,10.0000,1.3850,1.3730,63.0000
1789471193.6412,-0.0720,-0.0330,-10.0000,1.2940,1.2690,68.0000,0.0190,0.0820,7.0000,1.3850,1.4000,61.0000
1789471193.6843,-0.0720,-0.0730,-8.0000,1.2940,1.3150,66.0000,0.0190,0.0590,8.0000,1.3850,1.3730,63.0000
1789471193.7337,-0.0720,-0.1160,-6.0000,1.2940,1.3550,63.0000,0.0190,0.0610,7.0000,1.3850,1.4030,61.0000
1789471193.7841,-0.0720,-0.1110,-6.0000,1.2940,1.2940,66.0000,0.0190,0.1280,3.0000,1.3850,1.3720,63.0000
1789471193.8337,-0.0720,-0.0500,-9.0000,1.2940,1.2510,68.0000,0.0190,0.0480,7.0000,1.3850,1.3910,62.0000
1789471193.8847,-0.0720,-0.0550,-8.0000,1.2940,1.2610,68.0000,0.0190,0.0040,8.0000,1.3850,1.3720,63.0000
1789471193.9338,-0.0720,-0.0510,-9.0000,1.2940,1.2740,68.0000,0.0190,0.0080,8.0000,1.3850,1.3980,61.0000
1789471193.9841,-0.0720,-0.0910,-7.0000,1.2940,1.2880,67.0000,0.0190,0.0070,8.0000,1.3850,1.3630,63.0000
1789471194.0339,-0.0720,-0.0660,-8.0000,1.2940,1.3360,64.0000,0.0190,0.0100,8.0000,1.3850,1.3960,62.0000
1789471194.0844,-0.0720,-0.0660,-8.0000,1.2940,1.3710,62.0000,0.0190,0.0310,7.0000,1.3850,1.3730,63.0000
1789471194.1337,-0.0720,-0.0700,-8.0000,1.2940,1.2780,67.0000,0.0190,0.0850,4.0000,1.3850,1.4030,61.0000
1789471194.2329,-0.0720,-0.0260,-10.0000,1.2940,1.2560,68.0000,0.0190,0.0320,7.0000,1.3850,1.3750,63.0000
1789471194.2842,-0.0720,-0.0320,-10.0000,1.2940,1.2680,68.0000,0.0190,0.0360,6.0000,1.3850,1.3990,61.0000
1789471194.2850,-0.0720,-0.0800,-8.0000,1.2940,1.2610,68.0000,0.0190,0.0320,6.0000,1.3850,1.3750,63.0000
1789471194.3339,-0.0720,-0.0690,-9.0000,1.2940,1.3310,65.0000,0.0190,0.0150,7.0000,1.3850,1.3970,62.0000
1789471194.3841,-0.0720,-0.0920,-8.0000,1.2940,1.3160,66.0000,0.0190,0.0090,7.0000,1.3850,1.3800,63.0000
1789471194.4336,-0.0720,-0.0770,-8.0000,1.2940,1.2750,68.0000,0.0190,0.0080,7.0000,1.3850,1.3940,62.0000
1789471194.4841,-0.0720,-0.0840,-8.0000,1.2940,1.2500,69.0000,0.0190,0.0030,8.0000,1.3850,1.3820,62.0000
1789471194.5337,-0.0720,-0.0720,-8.0000,1.2940,1.2520,70.0000,0.0190,0.0090,8.0000,1.3850,1.3980,62.0000
1789471194.5842,-0.0720,-0.0590,-9.0000,1.2940,1.2620,70.0000,0.0190,0.0370,6.0000,1.3850,1.3850,62.0000
1789471194.6336,-0.0720,-0.0960,-7.0000,1.2940,1.2520,71.0000,0.0190,0.0750,4.0000,1.3850,1.3890,62.0000
1789471194.6842,-0.0720,-0.0960,-7.0000,1.2940,1.3330,66.0000,0.0190,0.0560,4.0000,1.3850,1.3830,62.0000
1789471194.7336,-0.0720,-0.1050,-6.0000,1.2940,1.3870,63.0000,0.0190,0.0460,4.0000,1.3850,1.3860,62.0000
1789471194.7849,-0.0720,-0.0600,-8.0000,1.2940,1.3040,67.0000,0.0190,0.0130,6.0000,1.3850,1.3810,62.0000
1789471194.8338,-0.0720,-0.0550,-8.0000,1.2940,1.2920,67.0000,0.0190,0.0010,7.0000,1.3850,1.3830,62.0000
1789471194.8839,-0.0720,-0.0320,-10.0000,1.2940,1.2460,70.0000,0.0190,0.0000,7.0000,1.3850,1.3880,62.0000
1789471194.9337,-0.0720,-0.0790,-8.0000,1.2940,1.2660,69.0000,0.0190,0.0090,7.0000,1.3850,1.3820,62.0000
1789471194.9840,-0.0720,-0.0980,-7.0000,1.2940,1.3310,66.0000,0.0190,0.0830,2.0000,1.3850,1.3890,62.0000
1789471195.0336,-0.0720,-0.0470,-9.0000,1.2940,1.3350,65.0000,0.0190,0.1210,0.0000,1.3850,1.3770,63.0000
1789471195.1350,-0.0720,-0.0700,-8.0000,1.2940,1.3560,64.0000,0.0190,0.1570,-3.0000,1.3850,1.3920,62.0000
1789471195.1364,-0.0720,-0.0320,-10.0000,1.2940,1.2180,71.0000,0.0190,0.1190,-3.0000,1.3850,1.3760,63.0000
1789471195.1858,-0.0720,-0.0200,-11.0000,1.2940,1.2350,70.0000,0.0190,0.1060,-3.0000,1.3850,1.3920,62.0000
1789471195.2356,-0.0720,-0.0600,-10.0000,1.2940,1.2740,69.0000,0.0190,0.0780,-3.0000,1.3850,1.3770,63.0000
1789471195.2859,-0.0720,-0.0550,-10.0000,1.2940,1.2870,68.0000,0.0190,0.0940,-5.0000,1.3850,1.3940,62.0000
1789471195.3857,-0.0720,-0.1000,-8.0000,1.2940,1.3120,67.0000,0.0190,0.1020,-6.0000,1.3850,1.3710,63.0000
1789471195.3869,-0.0720,-0.0950,-8.0000,1.2940,1.3570,65.0000,0.0190,0.0660,-5.0000,1.3850,1.3980,61.0000
1789471195.4357,-0.0720,-0.0370,-11.0000,1.2940,1.3890,62.0000,0.0190,0.0740,-6.0000,1.3850,1.3730,63.0000
1789471195.5365,-0.0720,-0.0800,-9.0000,1.2940,1.3120,66.0000,0.0190,0.0170,-3.0000,1.3850,1.4000,61.0000
1789471195.5379,-0.0720,-0.0540,-11.0000,1.2940,1.2970,66.0000,0.0190,0.0350,-5.0000,1.3850,1.3740,63.0000
1789471195.5858,-0.0720,-0.0650,-10.0000,1.2940,1.2980,66.0000,0.0190,0.0400,-5.0000,1.3850,1.3950,61.0000
1789471195.6850,-0.0720,-0.0870,-9.0000,1.2940,1.2850,67.0000,0.0190,0.0390,-5.0000,1.3850,1.3670,63.0000
1789471195.7349,-0.0720,-0.0780,-9.0000,1.2940,1.3030,66.0000,0.0190,0.0260,-5.0000,1.3850,1.3890,62.0000
1789471195.7857,-0.0720,-0.0840,-9.0000,1.2940,1.2720,68.0000,0.0190,0.0530,-7.0000,1.3850,1.3360,65.0000
1789471195.7870,-0.0720,-0.0830,-9.0000,1.2940,1.3040,66.0000,0.0190,0.0290,-5.0000,1.3850,1.3890,62.0000
1789471195.8861,-0.0720,-0.0720,-9.0000,1.2940,1.2920,67.0000,0.0190,0.0340,-6.0000,1.3850,1.3600,64.0000
1789471195.8878,-0.0720,-0.0380,-11.0000,1.2940,1.2600,69.0000,0.0190,0.0060,-4.0000,1.3850,1.3920,62.0000
1789471195.9368,-0.0720,-0.0520,-10.0000,1.2940,1.2750,68.0000,0.0190,0.0070,-5.0000,1.3850,1.3720,64.0000
1789471196.0370,-0.0720,-0.0860,-9.0000,1.2940,1.3570,63.0000,0.0190,0.0090,-5.0000,1.3850,1.4100,61.0000
1789471196.0860,-0.0720,-0.0940,-8.0000,1.2940,1.3370,64.0000,0.0190,0.0090,-4.0000,1.3850,1.3740,63.0000
1789471196.0873,-0.0720,-0.0690,-10.0000,1.2940,1.2780,67.0000,0.0190,0.0020,-4.0000,1.3850,1.4020,62.0000
1789471196.1366,-0.0720,-0.0520,-11.0000,1.2940,1.2360,69.0000,0.0190,0.0000,-4.0000,1.3850,1.3780,63.0000
1789471196.1868,-0.0720,-0.0630,-10.0000,1.2940,1.2790,67.0000,0.0190,0.0010,-4.0000,1.3850,1.3970,62.0000
1789471196.2366,-0.0720,-0.0680,-10.0000,1.2940,1.2840,67.0000,0.0190,0.0000,-3.0000,1.3850,1.3630,64.0000
1789471196.2868,-0.0720,-0.0990,-8.0000,1.2940,1.2990,67.0000,0.0190,0.0000,-3.0000,1.3850,1.3810,63.0000
1789471196.3880,-0.0720,-0.1100,-7.0000,1.2940,1.3560,63.0000,0.0190,0.0080,-3.0000,1.3850,1.3900,63.0000
1789471196.4388,-0.0720,-0.0840,-8.0000,1.2940,1.3180,65.0000,0.0190,0.0090,-3.0000,1.3850,1.3980,62.0000
1789471196.4413,-0.0720,-0.0530,-10.0000,1.2940,1.2480,69.0000,0.0190,0.0010,-3.0000,1.3850,1.3860,63.0000
1789471196.4887,-0.0720,-0.0530,-10.0000,1.2940,1.2350,70.0000,0.0190,0.0230,-4.0000,1.3850,1.3980,62.0000
1789471196.5401,-0.0720,-0.0320,-12.0000,1.2940,1.2540,69.0000,0.0190,0.0820,-7.0000,1.3850,1.3850,63.0000
1789471196.5888,-0.0720,-0.0530,-11.0000,1.2940,1.2840,68.0000,0.0190,0.0480,-6.0000,1.3850,1.3910,62.0000
1789471196.6388,-0.0720,-0.0700,-10.0000,1.2940,1.2930,68.0000,0.0190,0.0240,-5.0000,1.3850,1.3860,63.0000
1789471196.7390,-0.0720,-0.0810,-9.0000,1.2940,1.4050,61.0000,0.0190,0.0130,-4.0000,1.3850,1.3980,62.0000
1789471196.7406,-0.0720,-0.0500,-11.0000,1.2940,1.3380,64.0000,0.0190,0.0120,-4.0000,1.3850,1.4090,61.0000
1789471196.7888,-0.0720,-0.0720,-10.0000,1.2940,1.2490,69.0000,0.0190,0.0080,-4.0000,1.3850,1.3830,62.0000
1789471196.8401,-0.0720,-0.0340,-12.0000,1.2940,1.3040,66.0000,0.0190,0.0010,-3.0000,1.3850,1.3880,62.0000
1789471196.8887,-0.0720,-0.0840,-10.0000,1.2940,1.3000,66.0000,0.0190,0.0010,-3.0000,1.3850,1.3820,62.0000
1789471196.9387,-0.0720,-0.0780,-10.0000,1.2940,1.3100,65.0000,0.0190,0.0000,-3.0000,1.3850,1.3950,61.0000
1789471196.9892,-0.0720,-0.0570,-11.0000,1.2940,1.3200,65.0000,0.0190,0.0000,-3.0000,1.3850,1.3770,63.0000
1789471197.0392,-0.0720,-0.0670,-11.0000,1.2940,1.3040,65.0000,0.0190,0.0000,-2.0000,1.3850,1.3960,61.0000
1789471197.0903,-0.0720,-0.0330,-13.0000,1.2940,1.2500,68.0000,0.0190,0.0010,-2.0000,1.3850,1.3700,63.0000
1789471197.1408,-0.0720,-0.0630,-12.0000,1.2940,1.2710,67.0000,0.0190,0.0000,-2.0000,1.3850,1.3910,62.0000
1789471197.1901,-0.0720,-0.0610,-12.0000,1.2940,1.3110,65.0000,0.0190,0.0000,-2.0000,1.3850,1.3660,63.0000
1789471197.2412,-0.0720,-0.0790,-11.0000,1.2940,1.2960,66.0000,0.0190,0.0000,-1.0000,1.3850,1.3860,62.0000
1789471197.2902,-0.0720,-0.0660,-12.0000,1.2940,1.3100,65.0000,0.0190,0.0000,-1.0000,1.3850,1.3780,63.0000
1789471197.3407,-0.0720,-0.0820,-11.0000,1.2940,1.3460,63.0000,0.0190,0.0030,-1.0000,1.3850,1.4100,61.0000
1789471197.3906,-0.0720,-0.0670,-12.0000,1.2940,1.2290,70.0000,0.0190,0.0090,-1.0000,1.3850,1.3580,64.0000
1789471197.4413,-0.0720,-0.0600,-12.0000,1.2940,1.2740,67.0000,0.0190,0.0020,-1.0000,1.3850,1.3760,63.0000
1789471197.5399,-0.0720,-0.1010,-10.0000,1.2940,1.3040,66.0000,0.0190,0.0000,0.0000,1.3850,1.3540,64.0000
1789471197.5900,-0.0720,-0.0810,-11.0000,1.2940,1.2880,67.0000,0.0190,0.0000,0.0000,1.3850,1.4100,61.0000
1789471197.6400,-0.0720,-0.0230,-14.0000,1.2940,1.3060,66.0000,0.0190,0.0000,0.0000,1.3850,1.3750,63.0000
1789471197.6896,-0.0720,-0.0430,-13.0000,1.2940,1.3110,65.0000,0.0190,0.0030,0.0000,1.3850,1.4040,61.0000
1789471197.7400,-0.0720,-0.0360,-14.0000,1.2940,1.2820,67.0000,0.0190,0.0020,0.0000,1.3850,1.3650,64.0000
1789471197.7899,-0.0720,-0.0170,-16.0000,1.2940,1.2790,67.0000,0.0190,0.0000,1.0000,1.3850,1.3800,63.0000
1789471197.8399,-0.0720,-0.0300,-15.0000,1.2940,1.2930,66.0000,0.0190,0.0000,1.0000,1.3850,1.3720,63.0000
1789471197.8901,-0.0720,-0.0840,-13.0000,1.2940,1.3220,65.0000,0.0190,0.0000,1.0000,1.3850,1.3800,63.0000
1789471197.9399,-0.0720,-0.0550,-15.0000,1.2940,1.2770,67.0000,0.0190,0.0000,1.0000,1.3850,1.3710,64.0000
1789471197.9897,-0.0720,-0.0640,-14.0000,1.2940,1.3350,64.0000,0.0190,0.0000,2.0000,1.3850,1.4120,61.0000
1789471198.0401,-0.0720,-0.0620,-14.0000,1.2940,1.2980,66.0000,0.0190,0.0150,1.0000,1.3850,1.3500,65.0000
1789471198.0415,-0.0720,-0.0720,-14.0000,1.2940,1.2920,66.0000,0.0190,0.0770,-2.0000,1.3850,1.3290,66.0000
1789471198.0904,-0.0720,-0.0860,-13.0000,1.2940,1.3140,65.0000,0.0190,0.0590,-2.0000,1.3850,1.3570,65.0000
1789471198.1899,-0.0720,-0.1110,-12.0000,1.2940,1.3190,64.0000,0.0190,0.0290,0.0000,1.3850,1.3710,65.0000
1789471198.2399,-0.0720,-0.0920,-13.0000,1.2940,1.3130,64.0000,0.0190,0.0030,1.0000,1.3850,1.4010,63.0000
1789471198.2411,-0.0720,-0.0610,-14.0000,1.2940,1.3190,64.0000,0.0190,-0.0020,1.0000,1.3850,1.4160,63.0000
1789471198.3399,-0.0720,-0.0860,-13.0000,1.2940,1.3050,64.0000,0.0190,0.0110,1.0000,1.3850,1.3470,66.0000
1789471198.3899,-0.0720,-0.0870,-12.0000,1.2940,1.2910,65.0000,0.0190,0.0020,1.0000,1.3850,1.3280,68.0000
1789471198.4399,-0.0720,-0.0660,-14.0000,1.2940,1.2980,65.0000,0.0190,0.0000,2.0000,1.3850,1.3640,66.0000
1789471198.4892,-0.0720,-0.0840,-13.0000,1.2940,1.3070,64.0000,0.0190,0.0000,2.0000,1.3850,1.4170,63.0000
1789471198.5399,-0.0720,-0.0830,-12.0000,1.2940,1.2990,64.0000,0.0190,0.0000,2.0000,1.3850,1.4010,64.0000
1789471198.5897,-0.0720,-0.0640,-13.0000,1.2940,1.2850,65.0000,0.0190,0.0000,2.0000,1.3850,1.4080,64.0000
1789471198.6401,-0.0720,-0.0900,-12.0000,1.2940,1.3210,63.0000,0.0190,0.0040,2.0000,1.3850,1.3880,65.0000
1789471198.6422,-0.0720,-0.1150,-10.0000,1.2940,1.3120,63.0000,0.0190,0.0020,3.0000,1.3850,1.3310,68.0000
1789471198.7399,-0.0720,-0.0750,-12.0000,1.2940,1.2840,65.0000,0.0190,0.0000,3.0000,1.3850,1.3840,65.0000
1789471198.7901,-0.0720,-0.0540,-13.0000,1.2940,1.2950,64.0000,0.0190,0.0000,3.0000,1.3850,1.3990,65.0000
1789471198.8400,-0.0720,-0.0780,-12.0000,1.2940,1.2860,64.0000,0.0190,0.0000,3.0000,1.3850,1.4100,64.0000
1789471198.8899,-0.0720,-0.0330,-15.0000,1.2940,1.2820,65.0000,0.0190,0.0000,4.0000,1.3850,1.3930,65.0000
1789471198.9398,-0.0720,-0.0700,-13.0000,1.2940,1.2980,64.0000,0.0190,0.0000,4.0000,1.3850,1.3820,65.0000
1789471198.9900,-0.0720,-0.1020,-11.0000,1.2940,1.3070,63.0000,0.0190,0.0030,4.0000,1.3850,1.3240,68.0000
1789471199.0397,-0.0720,-0.0290,-16.0000,1.2940,1.3140,63.0000,0.0190,0.0000,4.0000,1.3850,1.3580,67.0000
1789471199.0902,-0.0720,-0.0260,-16.0000,1.2940,1.2660,65.0000,0.0190,0.0000,4.0000,1.3850,1.4200,64.0000
1789471199.1398,-0.0720,-0.0720,-14.0000,1.2940,1.3050,63.0000,0.0190,0.0000,5.0000,1.3850,1.4010,65.0000
1789471199.1900,-0.0720,-0.0490,-15.0000,1.2940,1.2830,65.0000,0.0190,0.0000,5.0000,1.3850,1.3810,66.0000
1789471199.2398,-0.0720,-0.0840,-13.0000,1.2940,1.3060,63.0000,0.0190,0.0000,5.0000,1.3850,1.4330,62.0000
1789471199.2907,-0.0720,-0.0930,-13.0000,1.2940,1.2920,64.0000,0.0190,0.0050,5.0000,1.3850,1.3290,68.0000
1789471199.2920,-0.0720,-0.0830,-13.0000,1.2940,1.3110,63.0000,0.0190,0.0010,6.0000,1.3850,1.3610,67.0000
1789471199.3901,-0.0720,-0.0750,-14.0000,1.2940,1.2950,64.0000,0.0190,0.0000,6.0000,1.3850,1.3820,66.0000
1789471199.4400,-0.0720,-0.1020,-12.0000,1.2940,1.2800,65.0000,0.0190,0.0030,6.0000,1.3850,1.3940,65.0000
1789471199.4902,-0.0720,-0.1180,-11.0000,1.2940,1.3070,63.0000,0.0190,0.0000,6.0000,1.3850,1.3680,67.0000
1789471199.5397,-0.0720,-0.1090,-11.0000,1.2940,1.2930,64.0000,0.0190,0.0000,7.0000,1.3850,1.3750,66.0000
1789471199.5900,-0.0720,-0.1020,-11.0000,1.2940,1.3130,63.0000,0.0190,0.0030,7.0000,1.3850,1.3180,70.0000
1789471199.6398,-0.0720,-0.0970,-11.0000,1.2940,1.3390,61.0000,0.0190,0.0040,7.0000,1.3850,1.3510,68.0000
1789471199.6924,-0.0720,-0.0790,-12.0000,1.2940,1.3140,62.0000,0.0190,0.0020,7.0000,1.3850,1.3720,67.0000
1789471199.7412,-0.0720,-0.0360,-14.0000,1.2940,1.2660,65.0000,0.0190,0.0000,7.0000,1.3850,1.4300,64.0000
1789471199.7919,-0.0720,-0.0440,-13.0000,1.2940,1.2810,64.0000,0.0190,0.0010,8.0000,1.3850,1.3870,67.0000
1789471199.7932,-0.0720,-0.0670,-12.0000,1.2940,1.3000,63.0000,0.0190,0.0060,8.0000,1.3850,1.3880,66.0000
1789471199.8918,-0.0720,-0.0620,-13.0000,1.2940,1.2880,64.0000,0.0190,0.0600,4.0000,1.3850,1.3280,70.0000
1789471199.8932,-0.0720,-0.0620,-13.0000,1.2940,1.2960,63.0000,0.0190,0.0550,4.0000,1.3850,1.3510,69.0000
1789471199.9910,-0.0720,-0.0690,-13.0000,1.2940,1.3350,61.0000,0.0190,0.0430,5.0000,1.3850,1.3510,70.0000
1789471200.0410,-0.0720,-0.0140,-16.0000,1.2940,1.2900,63.0000,0.0190,0.0040,7.0000,1.3850,1.4090,67.0000
1789471200.0919,-0.0720,-0.0150,-16.0000,1.2940,1.2860,63.0000,0.0190,0.0020,7.0000,1.3850,1.4050,67.0000
1789471200.0932,-0.0720,-0.0510,-15.0000,1.2940,1.2920,63.0000,0.0190,0.0060,7.0000,1.3850,1.3830,68.0000
1789471200.1911,-0.0720,-0.0770,-14.0000,1.2940,1.2810,64.0000,0.0190,0.0050,7.0000,1.3850,1.3060,72.0000
1789471200.2413,-0.0720,-0.0490,-15.0000,1.2940,1.2950,63.0000,0.0190,0.0010,7.0000,1.3850,1.3550,70.0000
1789471200.2912,-0.0720,-0.0500,-16.0000,1.2940,1.3390,61.0000,0.0190,0.0020,8.0000,1.3850,1.3010,74.0000
1789471200.3412,-0.0720,-0.0400,-16.0000,1.2940,1.3160,62.0000,0.0190,0.0000,8.0000,1.3850,1.3450,72.0000
1789471200.3911,-0.0720,-0.0540,-16.0000,1.2940,1.3030,62.0000,0.0190,0.0000,8.0000,1.3850,1.3880,70.0000
1789471200.4413,-0.0720,-0.0210,-18.0000,1.2940,1.3010,62.0000,0.0190,0.0000,8.0000,1.3850,1.4420,67.0000
1789471200.4912,-0.0720,-0.0470,-17.0000,1.2940,1.3050,61.0000,0.0190,0.0030,8.0000,1.3850,1.3290,74.0000
1789471200.5411,-0.0720,-0.0920,-15.0000,1.2940,1.3100,61.0000,0.0190,0.0000,9.0000,1.3850,1.3350,73.0000
1789471200.5911,-0.0720,-0.0900,-15.0000,1.2940,1.2990,61.0000,0.0190,0.0000,9.0000,1.3850,1.3740,72.0000
1789471200.6412,-0.0720,-0.0690,-16.0000,1.2940,1.3150,60.0000,0.0190,0.0000,9.0000,1.3850,1.4040,70.0000
1789471200.6910,-0.0720,-0.0440,-17.0000,1.2940,1.3160,60.0000,0.0190,0.0050,9.0000,1.3850,1.3940,71.0000
1789471200.7410,-0.0720,-0.0700,-16.0000,1.2940,1.3090,60.0000,0.0190,0.0180,9.0000,1.3850,1.3990,70.0000
1789471200.7418,-0.0720,-0.0460,-18.0000,1.2940,1.2950,61.0000,0.0190,0.0050,10.0000,1.3850,1.3100,75.0000
1789471200.7918,-0.0720,-0.0450,-18.0000,1.2940,1.2640,63.0000,0.0190,0.0040,10.0000,1.3850,1.3680,72.0000
1789471200.8431,-0.0720,-0.0330,-19.0000,1.2940,1.3060,61.0000,0.0190,0.0010,10.0000,1.3850,1.3750,72.0000
1789471200.8919,-0.0720,-0.0360,-19.0000,1.2940,1.3240,60.0000,0.0190,0.0000,10.0000,1.3850,1.4190,70.0000
1789471200.9427,-0.0720,-0.0430,-19.0000,1.2940,1.3240,59.0000,0.0190,0.0000,11.0000,1.3850,1.4350,69.0000
1789471200.9918,-0.0720,-0.0380,-20.0000,1.2940,1.2870,61.0000,0.0190,0.0090,10.0000,1.3850,1.4510,67.0000
1789471201.0419,-0.0720,-0.0170,-22.0000,1.2940,1.2730,62.0000,0.0190,0.0120,10.0000,1.3850,1.3320,74.0000
1789471201.1421,-0.0720,-0.0710,-19.0000,1.2940,1.2780,62.0000,0.0190,0.0460,8.0000,1.3850,1.3270,74.0000
1789471201.1911,-0.0720,-0.0440,-21.0000,1.2940,1.2980,61.0000,0.0190,0.0500,8.0000,1.3850,1.3800,71.0000
1789471201.2412,-0.0720,-0.0600,-20.0000,1.2940,1.3240,59.0000,0.0190,0.0320,9.0000,1.3850,1.4010,70.0000
1789471201.2912,-0.0720,-0.0420,-21.0000,1.2940,1.2970,61.0000,0.0190,0.0210,9.0000,1.3850,1.4390,68.0000
1789471201.3446,-0.0720,-0.0220,-23.0000,1.2940,1.2790,62.0000,0.0190,0.0160,9.0000,1.3850,1.4840,65.0000
1789471201.3453,-0.0720,-0.0400,-22.0000,1.2940,1.2520,63.0000,0.0190,0.0060,10.0000,1.3850,1.4280,67.0000
1789471201.3918,-0.0720,-0.0790,-20.0000,1.2940,1.2740,62.0000,0.0190,0.0120,10.0000,1.3850,1.3090,74.0000
1789471201.4910,-0.0720,-0.1030,-19.0000,1.2940,1.2810,62.0000,0.0190,0.0200,9.0000,1.3850,1.3830,69.0000
1789471201.5411,-0.0720,-0.0740,-20.0000,1.2940,1.2950,62.0000,0.0190,0.0530,7.0000,1.3850,1.4480,66.0000
1789471201.5912,-0.0720,-0.0580,-21.0000,1.2940,1.3090,61.0000,0.0190,0.0610,7.0000,1.3850,1.4590,65.0000
1789471201.6412,-0.0720,-0.0460,-22.0000,1.2940,1.3220,60.0000,0.0190,0.0120,9.0000,1.3850,1.4140,67.0000
1789471201.6912,-0.0720,-0.0090,-24.0000,1.2940,1.2780,62.0000,0.0190,0.0130,9.0000,1.3850,1.3870,68.0000
1789471201.7418,-0.0720,-0.0300,-24.0000,1.2940,1.2730,62.0000,0.0190,0.0160,9.0000,1.3850,1.3240,71.0000
1789471201.7912,-0.0720,-0.0760,-22.0000,1.2940,1.2970,61.0000,0.0190,0.0200,8.0000,1.3850,1.3780,69.0000
1789471201.8419,-0.0720,-0.1010,-20.0000,1.2940,1.3000,61.0000,0.0190,0.0300,8.0000,1.3850,1.3550,70.0000
1789471201.8912,-0.0720,-0.0750,-22.0000,1.2940,1.2950,61.0000,0.0190,0.0040,9.0000,1.3850,1.3630,70.0000
1789471201.9419,-0.0720,-0.0450,-23.0000,1.2940,1.3070,61.0000,0.0190,0.0020,9.0000,1.3850,1.3700,70.0000
1789471201.9912,-0.0720,-0.0350,-24.0000,1.2940,1.2950,61.0000,0.0190,0.0100,9.0000,1.3850,1.3720,70.0000
1789471202.0413,-0.0720,-0.0680,-23.0000,1.2940,1.2910,61.0000,0.0190,0.0370,8.0000,1.3850,1.3160,74.0000
1789471202.0911,-0.0720,-0.0500,-24.0000,1.2940,1.2940,61.0000,0.0190,0.0700,6.0000,1.3850,1.4230,68.0000
1789471202.1420,-0.0720,-0.0520,-24.0000,1.2940,1.2920,61.0000,0.0190,0.0310,8.0000,1.3850,1.4150,69.0000
1789471202.1434,-0.0720,-0.0570,-24.0000,1.2940,1.2820,62.0000,0.0190,0.0290,8.0000,1.3850,1.4530,66.0000
1789471202.2413,-0.0720,-0.0510,-25.0000,1.2940,1.2980,61.0000,0.0190,0.0050,9.0000,1.3850,1.4270,67.0000
1789471202.2912,-0.0720,-0.0210,-27.0000,1.2940,1.2530,64.0000,0.0190,0.0000,9.0000,1.3850,1.3930,68.0000
1789471202.3413,-0.0720,-0.0210,-27.0000,1.2940,1.2600,64.0000,0.0190,0.0030,9.0000,1.3850,1.3430,71.0000
1789471202.3920,-0.0720,-0.0630,-25.0000,1.2940,1.3000,62.0000,0.0190,0.0180,8.0000,1.3850,1.3730,69.0000
1789471202.4415,-0.0720,-0.0620,-25.0000,1.2940,1.2800,63.0000,0.0190,0.0130,9.0000,1.3850,1.3950,68.0000
1789471202.4912,-0.0720,-0.0800,-24.0000,1.2940,1.2950,62.0000,0.0190,0.0020,9.0000,1.3850,1.4440,65.0000
1789471202.4926,-0.0720,-0.0580,-26.0000,1.2940,1.3080,62.0000,0.0190,0.0020,10.0000,1.3850,1.4100,67.0000
1789471202.5420,-0.0720,-0.0660,-25.0000,1.2940,1.3090,62.0000,0.0190,0.0040,10.0000,1.3850,1.3220,72.0000
1789471202.5920,-0.0720,-0.0560,-26.0000,1.2940,1.2700,64.0000,0.0190,0.0000,10.0000,1.3850,1.3320,71.0000
1789471202.6420,-0.0720,-0.0570,-26.0000,1.2940,1.2880,63.0000,0.0190,0.0070,10.0000,1.3850,1.4140,67.0000
1789471202.6926,-0.0720,-0.0940,-24.0000,1.2940,1.3050,62.0000,0.0190,0.0150,10.0000,1.3850,1.4020,68.0000
1789471202.7421,-0.0720,-0.0880,-25.0000,1.2940,1.3000,62.0000,0.0190,0.0040,10.0000,1.3850,1.4050,68.0000
1789471202.7923,-0.0720,-0.0810,-25.0000,1.2940,1.2910,62.0000,0.0190,0.0000,11.0000,1.3850,1.4430,65.0000
1789471202.8421,-0.0720,-0.0710,-25.0000,1.2940,1.3170,61.0000,0.0190,0.0010,11.0000,1.3850,1.3210,72.0000
1789471202.8917,-0.0720,-0.0820,-24.0000,1.2940,1.2790,63.0000,0.0190,0.0060,11.0000,1.3850,1.3170,72.0000
1789471202.9915,-0.0720,-0.0720,-25.0000,1.2940,1.3070,61.0000,0.0190,0.0360,9.0000,1.3850,1.3790,69.0000
1789471203.0411,-0.0720,-0.0810,-24.0000,1.2940,1.3010,62.0000,0.0190,0.0760,7.0000,1.3850,1.4170,67.0000
1789471203.0912,-0.0720,-0.1230,-22.0000,1.2940,1.3010,62.0000,0.0190,0.0250,9.0000,1.3850,1.4110,68.0000
1789471203.1413,-0.0720,-0.0900,-23.0000,1.2940,1.2930,62.0000,0.0190,0.0210,9.0000,1.3850,1.4680,64.0000
1789471203.1425,-0.0720,-0.0590,-25.0000,1.2940,1.3180,60.0000,0.0190,0.0030,10.0000,1.3850,1.4100,67.0000
1789471203.1918,-0.0720,-0.0970,-23.0000,1.2940,1.3110,61.0000,0.0190,0.0110,10.0000,1.3850,1.2620,75.0000
1789471203.2419,-0.0720,-0.0750,-24.0000,1.2940,1.2940,62.0000,0.0190,0.0120,10.0000,1.3850,1.3520,70.0000
1789471203.2920,-0.0720,-0.0770,-24.0000,1.2940,1.3020,61.0000,0.0190,0.0240,10.0000,1.3850,1.3760,70.0000
1789471203.3420,-0.0720,-0.0850,-23.0000,1.2940,1.3170,60.0000,0.0190,0.0210,10.0000,1.3850,1.3850,70.0000
1789471203.4415,-0.0720,-0.0910,-23.0000,1.2940,1.2910,61.0000,0.0190,0.0250,9.0000,1.3850,1.4140,68.0000
1789471203.4913,-0.0720,-0.0920,-23.0000,1.2940,1.3080,60.0000,0.0190,0.0380,9.0000,1.3850,1.3370,72.0000
1789471203.5412,-0.0720,-0.0840,-23.0000,1.2940,1.3150,60.0000,0.0190,0.0380,8.0000,1.3850,1.2860,75.0000
1789471203.5912,-0.0720,-0.0790,-23.0000,1.2940,1.3210,59.0000,0.0190,0.0180,9.0000,1.3850,1.3500,72.0000
1789471203.5925,-0.0720,-0.1000,-22.0000,1.2940,1.2890,61.0000,0.0190,0.0080,10.0000,1.3850,1.4800,65.0000
1789471203.6427,-0.0720,-0.0970,-22.0000,1.2940,1.2640,62.0000,0.0190,0.0050,10.0000,1.3850,1.4710,66.0000
1789471203.6961,-0.0720,-0.1180,-20.0000,1.2940,1.2940,61.0000,0.0190,0.0030,10.0000,1.3850,1.4450,66.0000
1789471203.7458,-0.0720,-0.1200,-19.0000,1.2940,1.3010,60.0000,0.0190,0.0040,11.0000,1.3850,1.3040,74.0000
1789471203.7968,-0.0720,-0.1120,-19.0000,1.2940,1.3200,59.0000,0.0190,0.0200,10.0000,1.3850,1.2810,75.0000
1789471203.8459,-0.0720,-0.1000,-19.0000,1.2940,1.3180,59.0000,0.0190,0.0240,10.0000,1.3850,1.3090,75.0000
1789471203.8987,-0.0720,-0.0670,-21.0000,1.2940,1.2940,60.0000,0.0190,0.0120,10.0000,1.3850,1.4330,68.0000
1789471203.9477,-0.0720,-0.0540,-21.0000,1.2940,1.2930,60.0000,0.0190,0.0090,11.0000,1.3850,1.4540,67.0000
1789471203.9960,-0.0720,-0.0870,-19.0000,1.2940,1.2980,60.0000,0.0190,0.0100,11.0000,1.3850,1.4360,68.0000
1789471204.0473,-0.0720,-0.1060,-18.0000,1.2940,1.3070,59.0000,0.0190,0.0130,11.0000,1.3850,1.3370,73.0000
1789471204.0970,-0.0720,-0.1220,-17.0000,1.2940,1.3010,60.0000,0.0190,0.0280,10.0000,1.3850,1.2610,78.0000
1789471204.1969,-0.0720,-0.0990,-18.0000,1.2940,1.2980,60.0000,0.0190,0.0750,7.0000,1.3850,1.2970,76.0000
1789471204.1981,-0.0720,-0.0760,-18.0000,1.2940,1.2790,61.0000,0.0190,0.0260,9.0000,1.3850,1.4390,69.0000
1789471204.2961,-0.0720,-0.0650,-19.0000,1.2940,1.2780,61.0000,0.0190,0.0380,8.0000,1.3850,1.4610,68.0000
1789471204.3462,-0.0720,-0.0810,-18.0000,1.2940,1.3000,60.0000,0.0190,0.0160,9.0000,1.3850,1.4830,66.0000
1789471204.3475,-0.0720,-0.1210,-15.0000,1.2940,1.2940,60.0000,0.0190,0.0120,10.0000,1.3850,1.3380,74.0000
1789471204.3970,-0.0720,-0.1170,-15.0000,1.2940,1.2950,60.0000,0.0190,0.0090,10.0000,1.3850,1.2960,76.0000
1789471204.4470,-0.0720,-0.0600,-18.0000,1.2940,1.3020,60.0000,0.0190,0.0010,10.0000,1.3850,1.3250,75.0000
1789471204.4969,-0.0720,-0.1000,-15.0000,1.2940,1.3030,59.0000,0.0190,0.0050,10.0000,1.3850,1.4200,70.0000
1789471204.5470,-0.0720,-0.0580,-18.0000,1.2940,1.2970,60.0000,0.0190,0.0100,10.0000,1.3850,1.4530,69.0000
1789471204.5970,-0.0720,-0.0540,-18.0000,1.2940,1.2860,60.0000,0.0190,0.0190,10.0000,1.3850,1.5030,65.0000
1789471204.6963,-0.0720,-0.1220,-14.0000,1.2940,1.2850,60.0000,0.0190,0.0550,8.0000,1.3850,1.3800,71.0000
1789471204.7462,-0.0720,-0.1160,-14.0000,1.2940,1.2890,60.0000,0.0190,0.0550,8.0000,1.3850,1.2710,77.0000
1789471204.7970,-0.0720,-0.0940,-15.0000,1.2940,1.2900,60.0000,0.0190,0.0260,9.0000,1.3850,1.3300,74.0000
1789471204.7987,-0.0720,-0.0780,-16.0000,1.2940,1.3190,59.0000,0.0190,0.0310,8.0000,1.3850,1.2620,79.0000
1789471204.8969,-0.0720,-0.0430,-18.0000,1.2940,1.3160,59.0000,0.0190,0.0200,9.0000,1.3850,1.3760,74.0000
1789471204.8981,-0.0720,-0.0360,-18.0000,1.2940,1.3330,57.0000,0.0190,0.0300,8.0000,1.3850,1.5410,64.0000
1789471204.9962,-0.0720,-0.0850,-16.0000,1.2940,1.3160,58.0000,0.0190,0.0690,6.0000,1.3850,1.5080,65.0000
1789471205.0477,-0.0720,-0.1080,-14.0000,1.2940,1.3080,58.0000,0.0190,0.0520,6.0000,1.3850,1.2620,79.0000
1789471205.0961,-0.0720,-0.0590,-17.0000,1.2940,1.3000,59.0000,0.0190,0.0090,8.0000,1.3850,1.3410,74.0000
1789471205.1462,-0.0720,-0.0880,-15.0000,1.2940,1.2980,58.0000,0.0190,0.0020,9.0000,1.3850,1.3990,71.0000
1789471205.1962,-0.0720,-0.0770,-16.0000,1.2940,1.3000,58.0000,0.0190,0.0010,9.0000,1.3850,1.3930,72.0000
1789471205.2462,-0.0720,-0.0370,-18.0000,1.2940,1.2910,59.0000,0.0190,0.0020,9.0000,1.3850,1.4360,69.0000
1789471205.2969,-0.0720,-0.0590,-17.0000,1.2940,1.2700,60.0000,0.0190,0.0000,9.0000,1.3850,1.4520,68.0000
1789471205.2978,-0.0720,-0.0740,-16.0000,1.2940,1.2750,60.0000,0.0190,0.0000,10.0000,1.3850,1.3260,75.0000
1789471205.3469,-0.0720,-0.0770,-16.0000,1.2940,1.2890,59.0000,0.0190,0.0030,10.0000,1.3850,1.3420,74.0000
1789471205.4461,-0.0720,-0.0900,-15.0000,1.2940,1.2920,59.0000,0.0190,0.0270,8.0000,1.3850,1.3790,72.0000
1789471205.4962,-0.0720,-0.0460,-18.0000,1.2940,1.3040,59.0000,0.0190,0.0180,9.0000,1.3850,1.4340,69.0000
1789471205.4975,-0.0720,-0.0470,-18.0000,1.2940,1.2830,60.0000,0.0190,0.0080,10.0000,1.3850,1.4410,68.0000
1789471205.5964,-0.0720,-0.0880,-16.0000,1.2940,1.2950,59.0000,0.0190,0.0090,9.0000,1.3850,1.4490,67.0000
1789471205.6461,-0.0720,-0.0920,-16.0000,1.2940,1.2790,60.0000,0.0190,0.0150,9.0000,1.3850,1.2890,76.0000
1789471205.6962,-0.0720,-0.0990,-15.0000,1.2940,1.2920,59.0000,0.0190,0.0470,7.0000,1.3850,1.3380,73.0000
1789471205.7461,-0.0720,-0.0780,-16.0000,1.2940,1.2990,59.0000,0.0190,0.0410,8.0000,1.3850,1.3940,71.0000
1789471205.7961,-0.0720,-0.1240,-13.0000,1.2940,1.3100,58.0000,0.0190,0.0420,7.0000,1.3850,1.4130,70.0000
1789471205.8462,-0.0720,-0.1040,-14.0000,1.2940,1.3030,59.0000,0.0190,0.0180,8.0000,1.3850,1.4140,70.0000
1789471205.8963,-0.0720,-0.0510,-16.0000,1.2940,1.3040,59.0000,0.0190,0.0340,7.0000,1.3850,1.4650,66.0000
1789471205.9461,-0.0720,-0.1030,-13.0000,1.2940,1.2920,59.0000,0.0190,0.0090,9.0000,1.3850,1.3320,73.0000
1789471205.9963,-0.0720,-0.1040,-13.0000,1.2940,1.2970,59.0000,0.0190,0.0010,9.0000,1.3850,1.3180,74.0000
1789471206.0460,-0.0720,-0.0690,-15.0000,1.2940,1.2970,59.0000,0.0190,0.0000,9.0000,1.3850,1.3900,71.0000
1789471206.0962,-0.0720,-0.1010,-13.0000,1.2940,1.3020,59.0000,0.0190,0.0030,9.0000,1.3850,1.4650,66.0000
1789471206.0977,-0.0720,-0.1080,-12.0000,1.2940,1.3020,59.0000,0.0190,0.0050,10.0000,1.3850,1.4320,68.0000
1789471206.1472,-0.0720,-0.0130,-17.0000,1.2940,1.2850,59.0000,0.0190,0.0040,10.0000,1.3850,1.4650,65.0000
1789471206.1968,-0.0720,-0.0300,-17.0000,1.2940,1.2470,62.0000,0.0190,0.0040,10.0000,1.3850,1.3720,70.0000
1789471206.2471,-0.0720,-0.1120,-12.0000,1.2940,1.2610,61.0000,0.0190,0.0240,9.0000,1.3850,1.3200,73.0000
1789471206.3470,-0.0720,-0.0840,-14.0000,1.2940,1.2910,60.0000,0.0190,0.0910,5.0000,1.3850,1.3770,70.0000
1789471206.3962,-0.0720,-0.0720,-15.0000,1.2940,1.3100,59.0000,0.0190,0.0290,8.0000,1.3850,1.4430,66.0000
1789471206.4470,-0.0720,-0.0920,-13.0000,1.2940,1.3130,59.0000,0.0190,0.0290,8.0000,1.3850,1.4410,66.0000
1789471206.4484,-0.0720,-0.0390,-16.0000,1.2940,1.3070,59.0000,0.0190,0.0240,8.0000,1.3850,1.4460,65.0000
1789471206.5470,-0.0720,-0.0140,-18.0000,1.2940,1.2880,60.0000,0.0190,0.0050,9.0000,1.3850,1.3770,69.0000
1789471206.5483,-0.0720,-0.1460,-10.0000,1.2940,1.2850,60.0000,0.0190,0.0050,9.0000,1.3850,1.3270,71.0000
1789471206.6470,-0.0720,-0.1080,-12.0000,1.2940,1.3130,58.0000,0.0190,0.0310,8.0000,1.3850,1.4140,66.0000
1789471206.6484,-0.0720,0.0010,-18.0000,1.2940,1.3000,59.0000,0.0190,0.1490,1.0000,1.3850,1.4070,67.0000
1789471206.7467,-0.0720,-0.0000,-19.0000,1.2940,1.3080,58.0000,0.0190,0.0360,6.0000,1.3850,1.4140,66.0000
1789471206.7962,-0.0720,-0.0000,-19.0000,1.2940,1.2030,64.0000,0.0190,0.0030,8.0000,1.3850,1.4450,64.0000
1789471206.8470,-0.0720,-0.0000,-20.0000,1.2940,1.2280,63.0000,0.0190,0.0000,8.0000,1.3850,1.3700,68.0000
1789471206.8497,-0.0720,-0.0110,-21.0000,1.2940,1.2300,64.0000,0.0190,0.0200,7.0000,1.3850,1.3270,70.0000
1789471206.9470,-0.0720,-0.0880,-17.0000,1.2940,1.2470,64.0000,0.0190,0.0080,8.0000,1.3850,1.4220,65.0000
1789471206.9962,-0.0720,-0.0800,-17.0000,1.2940,1.2890,62.0000,0.0190,0.0210,7.0000,1.3850,1.4270,65.0000
1789471207.0464,-0.0720,-0.0940,-17.0000,1.2940,1.3060,61.0000,0.0190,0.0460,5.0000,1.3850,1.4240,64.0000
1789471207.0962,-0.0720,-0.1490,-13.0000,1.2940,1.3440,59.0000,0.0190,0.0780,3.0000,1.3850,1.4080,65.0000
1789471207.1464,-0.0720,-0.0760,-17.0000,1.2940,1.3310,60.0000,0.0190,0.0610,4.0000,1.3850,1.4150,64.0000
1789471207.1972,-0.0720,-0.0640,-17.0000,1.2940,1.2320,65.0000,0.0190,0.0060,7.0000,1.3850,1.3480,68.0000
1789471207.2464,-0.0720,-0.1180,-14.0000,1.2940,1.2790,63.0000,0.0190,0.0060,6.0000,1.3850,1.3610,67.0000
1789471207.2963,-0.0720,-0.1120,-14.0000,1.2940,1.2480,65.0000,0.0190,0.0080,6.0000,1.3850,1.3580,68.0000
1789471207.3464,-0.0720,-0.0710,-16.0000,1.2940,1.2930,63.0000,0.0190,0.0090,6.0000,1.3850,1.4300,64.0000
1789471207.3963,-0.0720,-0.1110,-14.0000,1.2940,1.3390,60.0000,0.0190,0.0060,7.0000,1.3850,1.4070,65.0000
1789471207.4462,-0.0720,-0.1170,-13.0000,1.2940,1.3180,61.0000,0.0190,0.0930,2.0000,1.3850,1.4160,64.0000
1789471207.4961,-0.0720,-0.0330,-17.0000,1.2940,1.2840,63.0000,0.0190,0.0580,4.0000,1.3850,1.3610,67.0000
1789471207.5479,-0.0720,-0.0880,-14.0000,1.2940,1.2670,64.0000,0.0190,0.0210,5.0000,1.3850,1.3910,65.0000
1789471207.5962,-0.0720,-0.1270,-12.0000,1.2940,1.2760,63.0000,0.0190,0.0220,5.0000,1.3850,1.3690,67.0000
1789471207.6462,-0.0720,-0.0820,-14.0000,1.2940,1.2620,64.0000,0.0190,0.0030,6.0000,1.3850,1.4000,65.0000
1789471207.6962,-0.0720,-0.0970,-13.0000,1.2940,1.3180,61.0000,0.0190,0.0080,6.0000,1.3850,1.4100,64.0000
1789471207.7464,-0.0720,-0.1080,-12.0000,1.2940,1.3180,61.0000,0.0190,0.0190,5.0000,1.3850,1.3960,65.0000
1789471207.7963,-0.0720,-0.0840,-13.0000,1.2940,1.2770,63.0000,0.0190,0.0340,4.0000,1.3850,1.3820,66.0000
1789471207.8464,-0.0720,-0.0680,-13.0000,1.2940,1.2690,64.0000,0.0190,0.0370,4.0000,1.3850,1.3980,65.0000
1789471207.8963,-0.0720,-0.0860,-12.0000,1.2940,1.2700,64.0000,0.0190,0.0390,4.0000,1.3850,1.3490,67.0000
1789471207.9463,-0.0720,-0.0920,-12.0000,1.2940,1.2720,64.0000,0.0190,0.0200,5.0000,1.3850,1.4130,64.0000
1789471207.9990,-0.0720,-0.0520,-14.0000,1.2940,1.3090,62.0000,0.0190,0.0170,5.0000,1.3850,1.3930,65.0000
1789471208.0008,-0.0720,-0.0650,-13.0000,1.2940,1.3150,62.0000,0.0190,0.0290,4.0000,1.3850,1.3850,65.0000
1789471208.0969,-0.0720,-0.0460,-15.0000,1.2940,1.2870,63.0000,0.0190,0.0240,4.0000,1.3850,1.3730,66.0000
1789471208.0980,-0.0720,-0.0050,-17.0000,1.2940,1.2640,65.0000,0.0190,0.0030,5.0000,1.3850,1.3980,65.0000
1789471208.1963,-0.0720,-0.0660,-14.0000,1.2940,1.2730,64.0000,0.0190,0.0010,5.0000,1.3850,1.3660,66.0000
1789471208.2463,-0.0720,-0.0550,-15.0000,1.2940,1.2710,65.0000,0.0190,0.0000,6.0000,1.3850,1.3810,65.0000
1789471208.2991,-0.0720,-0.0830,-14.0000,1.2940,1.2630,66.0000,0.0190,0.0040,6.0000,1.3850,1.4280,63.0000
1789471208.3503,-0.0720,-0.0700,-15.0000,1.2940,1.3220,62.0000,0.0190,0.0090,6.0000,1.3850,1.3800,65.0000
1789471208.3996,-0.0720,-0.0630,-15.0000,1.2940,1.3510,61.0000,0.0190,0.0170,5.0000,1.3850,1.3790,65.0000
1789471208.4483,-0.0720,-0.0580,-15.0000,1.2940,1.2800,64.0000,0.0190,0.0680,2.0000,1.3850,1.3910,64.0000
1789471208.4991,-0.0720,-0.0110,-18.0000,1.2940,1.2770,64.0000,0.0190,0.0240,5.0000,1.3850,1.3950,64.0000
1789471208.5009,-0.0720,-0.0550,-16.0000,1.2940,1.2640,65.0000,0.0190,0.0090,5.0000,1.3850,1.3570,66.0000
1789471208.5990,-0.0720,-0.0940,-14.0000,1.2940,1.2670,65.0000,0.0190,0.0120,5.0000,1.3850,1.3790,65.0000
1789471208.6002,-0.0720,-0.0370,-18.0000,1.2940,1.2940,64.0000,0.0190,0.0250,4.0000,1.3850,1.3700,66.0000
1789471208.6500,-0.0720,-0.0980,-14.0000,1.2940,1.3200,63.0000,0.0190,0.0100,5.0000,1.3850,1.3680,66.0000
1789471208.7482,-0.0720,-0.1010,-14.0000,1.2940,1.3490,61.0000,0.0190,0.0260,4.0000,1.3850,1.3810,66.0000
1789471208.7993,-0.0720,-0.0490,-17.0000,1.2940,1.2920,64.0000,0.0190,0.0070,6.0000,1.3850,1.4150,64.0000
1789471208.8042,-0.0720,-0.0640,-16.0000,1.2940,1.2860,64.0000,0.0190,0.0010,6.0000,1.3850,1.3850,65.0000
1789471208.8991,-0.0720,-0.1060,-14.0000,1.2940,1.2560,66.0000,0.0190,0.0000,6.0000,1.3850,1.3710,66.0000
1789471208.9014,-0.0720,-0.1150,-13.0000,1.2940,1.2830,64.0000,0.0190,0.0090,6.0000,1.3850,1.3580,67.0000
1789471208.9990,-0.0720,-0.1180,-12.0000,1.2940,1.3120,63.0000,0.0190,0.0010,7.0000,1.3850,1.3660,66.0000
1789471209.0016,-0.0720,-0.1240,-12.0000,1.2940,1.3600,60.0000,0.0190,0.0040,7.0000,1.3850,1.3660,67.0000
1789471209.0990,-0.0720,-0.1130,-12.0000,1.2940,1.3080,62.0000,0.0190,0.0040,7.0000,1.3850,1.3870,66.0000
1789471209.1003,-0.0720,-0.0910,-12.0000,1.2940,1.2310,67.0000,0.0190,0.0010,7.0000,1.3850,1.3790,67.0000
1789471209.1984,-0.0720,-0.0470,-15.0000,1.2940,1.2340,67.0000,0.0190,0.0030,7.0000,1.3850,1.4200,64.0000
1789471209.2485,-0.0720,-0.0500,-15.0000,1.2940,1.2510,66.0000,0.0190,0.0030,7.0000,1.3850,1.3990,65.0000
1789471209.2984,-0.0720,-0.0590,-14.0000,1.2940,1.2700,66.0000,0.0190,0.0140,7.0000,1.3850,1.3960,65.0000
1789471209.3502,-0.0720,-0.1000,-12.0000,1.2940,1.3580,61.0000,0.0190,0.0950,2.0000,1.3850,1.4050,65.0000
1789471209.3983,-0.0720,-0.0960,-12.0000,1.2940,1.3740,60.0000,0.0190,0.1250,0.0000,1.3850,1.4290,63.0000
1789471209.4483,-0.0720,-0.0080,-17.0000,1.2940,1.2660,66.0000,0.0190,0.0690,2.0000,1.3850,1.4060,64.0000
1789471209.4984,-0.0720,-0.0070,-18.0000,1.2940,1.2880,64.0000,0.0190,0.0410,3.0000,1.3850,1.3990,64.0000
1789471209.5484,-0.0720,-0.0840,-14.0000,1.2940,1.2460,67.0000,0.0190,0.0320,3.0000,1.3850,1.3650,66.0000
1789471209.5984,-0.0720,-0.0720,-15.0000,1.2940,1.2860,65.0000,0.0190,0.0090,4.0000,1.3850,1.3810,65.0000
1789471209.6490,-0.0720,-0.0710,-15.0000,1.2940,1.3080,64.0000,0.0190,0.0280,3.0000,1.3850,1.3970,64.0000
1789471209.6983,-0.0720,-0.1060,-13.0000,1.2940,1.3730,60.0000,0.0190,0.0500,2.0000,1.3850,1.4180,63.0000
1789471209.7483,-0.0720,-0.0850,-14.0000,1.2940,1.3530,60.0000,0.0190,0.0370,2.0000,1.3850,1.4120,63.0000
1789471209.7985,-0.0720,-0.0150,-18.0000,1.2940,1.2440,66.0000,0.0190,0.0060,4.0000,1.3850,1.4050,63.0000
1789471209.8482,-0.0720,-0.0650,-15.0000,1.2940,1.2600,65.0000,0.0190,0.0340,2.0000,1.3850,1.3410,66.0000
1789471209.8984,-0.0720,-0.0770,-15.0000,1.2940,1.2580,66.0000,0.0190,0.0570,1.0000,1.3850,1.3110,68.0000
1789471209.9481,-0.0720,-0.0820,-14.0000,1.2940,1.2920,64.0000,0.0190,0.0650,0.0000,1.3850,1.3710,65.0000
1789471209.9982,-0.0720,-0.0680,-15.0000,1.2940,1.3660,60.0000,0.0190,0.0340,1.0000,1.3850,1.3790,65.0000
1789471210.0502,-0.0720,-0.1150,-12.0000,1.2940,1.3510,60.0000,0.0190,0.0050,3.0000,1.3850,1.4280,63.0000
1789471210.0993,-0.0720,-0.0390,-16.0000,1.2940,1.3390,60.0000,0.0190,0.0000,3.0000,1.3850,1.4230,63.0000
1789471210.1016,-0.0720,-0.0040,-18.0000,1.2940,1.2350,66.0000,0.0190,-0.0110,4.0000,1.3850,1.4260,62.0000
1789471210.1512,-0.0720,-0.1120,-12.0000,1.2940,1.2910,62.0000,0.0190,0.0090,3.0000,1.3850,1.2760,71.0000
1789471210.2501,-0.0720,-0.1030,-13.0000,1.2940,1.3230,61.0000,0.0190,0.0030,4.0000,1.3850,1.3500,67.0000
1789471210.2993,-0.0720,-0.0540,-16.0000,1.2940,1.3200,61.0000,0.0190,0.0000,4.0000,1.3850,1.3930,65.0000
1789471210.3006,-0.0720,-0.0400,-17.0000,1.2940,1.2820,63.0000,0.0190,-0.0030,4.0000,1.3850,1.4290,62.0000
1789471210.3519,-0.0720,-0.0360,-17.0000,1.2940,1.2700,64.0000,0.0190,-0.0000,5.0000,1.3850,1.3820,65.0000
1789471210.4526,-0.0720,-0.0570,-16.0000,1.2940,1.2870,62.0000,0.0190,0.0070,4.0000,1.3850,1.3820,65.0000
1789471210.5025,-0.0720,-0.0430,-17.0000,1.2940,1.2590,64.0000,0.0190,0.0010,5.0000,1.3850,1.3170,69.0000
1789471210.5530,-0.0720,-0.0390,-18.0000,1.2940,1.2610,64.0000,0.0190,0.0040,5.0000,1.3850,1.3890,65.0000
1789471210.5541,-0.0720,-0.0850,-15.0000,1.2940,1.3230,61.0000,0.0190,0.0020,5.0000,1.3850,1.3850,66.0000
1789471210.6536,-0.0720,-0.0880,-15.0000,1.2940,1.3220,61.0000,0.0190,0.0080,5.0000,1.3850,1.4050,64.0000
1789471210.7038,-0.0720,-0.0150,-20.0000,1.2940,1.2730,64.0000,0.0190,0.0020,6.0000,1.3850,1.4080,64.0000
1789471210.7578,-0.0720,-0.0010,-21.0000,1.2940,1.2580,65.0000,0.0190,0.0000,6.0000,1.3850,1.4210,63.0000
1789471210.7594,-0.0720,-0.0730,-17.0000,1.2940,1.2680,64.0000,0.0190,0.0330,4.0000,1.3850,1.3040,70.0000
1789471210.8541,-0.0720,-0.0730,-18.0000,1.2940,1.2940,63.0000,0.0190,0.0730,2.0000,1.3850,1.3700,66.0000
1789471210.8553,-0.0720,-0.0760,-17.0000,1.2940,1.3030,63.0000,0.0190,0.0360,4.0000,1.3850,1.3650,67.0000
1789471210.9545,-0.0720,-0.1320,-14.0000,1.2940,1.3400,61.0000,0.0190,0.0230,4.0000,1.3850,1.4070,65.0000
1789471211.0040,-0.0720,-0.1240,-14.0000,1.2940,1.3530,59.0000,0.0190,0.0230,4.0000,1.3850,1.3940,65.0000
1789471211.0532,-0.0720,-0.0600,-17.0000,1.2940,1.2580,64.0000,0.0190,0.0030,5.0000,1.3850,1.4140,64.0000
1789471211.1040,-0.0720,-0.0590,-17.0000,1.2940,1.2490,65.0000,0.0190,0.0050,5.0000,1.3850,1.3190,70.0000
1789471211.1532,-0.0720,-0.1200,-14.0000,1.2940,1.2410,66.0000,0.0190,0.0190,4.0000,1.3850,1.3420,69.0000
1789471211.2041,-0.0720,-0.1140,-14.0000,1.2940,1.2830,64.0000,0.0190,0.0290,4.0000,1.3850,1.3690,68.0000
1789471211.2534,-0.0720,-0.0950,-15.0000,1.2940,1.3210,62.0000,0.0190,0.0580,2.0000,1.3850,1.3740,68.0000
1789471211.3047,-0.0720,-0.1080,-14.0000,1.2940,1.3450,60.0000,0.0190,0.0590,2.0000,1.3850,1.4000,66.0000
1789471211.3550,-0.0720,-0.1190,-13.0000,1.2940,1.3520,60.0000,0.0190,0.0600,1.0000,1.3850,1.4210,65.0000
1789471211.3562,-0.0720,-0.0270,-18.0000,1.2940,1.3090,61.0000,0.0190,0.0130,4.0000,1.3850,1.3430,69.0000
1789471211.4051,-0.0720,-0.0890,-14.0000,1.2940,1.2750,63.0000,0.0190,-0.0030,4.0000,1.3850,1.3810,67.0000
1789471211.4551,-0.0720,-0.1100,-13.0000,1.2940,1.2940,62.0000,0.0190,-0.0000,4.0000,1.3850,1.3590,69.0000
1789471211.5051,-0.0720,-0.0600,-16.0000,1.2940,1.2930,62.0000,0.0190,-0.0000,5.0000,1.3850,1.4180,65.0000
1789471211.6048,-0.0720,-0.0900,-14.0000,1.2940,1.3180,61.0000,0.0190,0.0000,5.0000,1.3850,1.4330,64.0000
1789471211.6543,-0.0720,-0.0780,-14.0000,1.2940,1.2870,62.0000,0.0190,0.0030,5.0000,1.3850,1.3920,66.0000
1789471211.7045,-0.0720,-0.0500,-16.0000,1.2940,1.2490,65.0000,0.0190,0.0010,5.0000,1.3850,1.3290,70.0000
1789471211.7544,-0.0720,-0.0980,-13.0000,1.2940,1.2870,63.0000,0.0190,0.0000,5.0000,1.3850,1.3330,70.0000
1789471211.8045,-0.0720,-0.1050,-13.0000,1.2940,1.2620,64.0000,0.0190,0.0030,5.0000,1.3850,1.3940,67.0000
1789471211.8543,-0.0720,-0.0890,-13.0000,1.2940,1.2800,63.0000,0.0190,0.0000,6.0000,1.3850,1.4040,66.0000
1789471211.9048,-0.0720,-0.0680,-14.0000,1.2940,1.2980,63.0000,0.0190,0.0030,6.0000,1.3850,1.4230,65.0000
1789471211.9544,-0.0720,-0.0960,-13.0000,1.2940,1.3490,60.0000,0.0190,0.0040,6.0000,1.3850,1.3890,67.0000
1789471212.0045,-0.0720,-0.0760,-14.0000,1.2940,1.2800,63.0000,0.0190,0.0090,6.0000,1.3850,1.3610,68.0000
1789471212.0551,-0.0720,-0.0520,-15.0000,1.2940,1.2760,64.0000,0.0190,0.0210,5.0000,1.3850,1.3780,67.0000
1789471212.0563,-0.0720,-0.0820,-13.0000,1.2940,1.3050,62.0000,0.0190,0.0390,4.0000,1.3850,1.3680,68.0000
1789471212.1545,-0.0720,-0.0790,-13.0000,1.2940,1.2860,63.0000,0.0190,0.0240,5.0000,1.3850,1.3860,67.0000
1789471212.2044,-0.0720,-0.0350,-16.0000,1.2940,1.2980,62.0000,0.0190,0.0020,6.0000,1.3850,1.4160,65.0000
1789471212.2543,-0.0720,-0.0870,-13.0000,1.2940,1.3220,61.0000,0.0190,0.0030,6.0000,1.3850,1.3950,66.0000
1789471212.3045,-0.0720,-0.0820,-13.0000,1.2940,1.3020,62.0000,0.0190,0.0370,4.0000,1.3850,1.3480,69.0000
1789471212.3542,-0.0720,-0.0430,-16.0000,1.2940,1.3000,62.0000,0.0190,0.0300,5.0000,1.3850,1.3920,67.0000
1789471212.4045,-0.0720,-0.0770,-14.0000,1.2940,1.2880,63.0000,0.0190,0.0160,6.0000,1.3850,1.3940,67.0000
1789471212.4543,-0.0720,-0.0850,-13.0000,1.2940,1.2780,63.0000,0.0190,0.0020,6.0000,1.3850,1.3680,68.0000
1789471212.5046,-0.0720,-0.0720,-14.0000,1.2940,1.2630,64.0000,0.0190,0.0000,7.0000,1.3850,1.4320,64.0000
1789471212.5544,-0.0720,-0.0810,-13.0000,1.2940,1.3000,62.0000,0.0190,0.0070,6.0000,1.3850,1.3930,66.0000
1789471212.6052,-0.0720,-0.0890,-13.0000,1.2940,1.3140,62.0000,0.0190,0.0170,6.0000,1.3850,1.3530,69.0000
1789471212.6064,-0.0720,-0.0640,-14.0000,1.2940,1.2660,64.0000,0.0190,0.0130,6.0000,1.3850,1.3790,67.0000
1789471212.7053,-0.0720,-0.0680,-14.0000,1.2940,1.2890,63.0000,0.0190,0.0010,7.0000,1.3850,1.4330,64.0000
1789471212.7553,-0.0720,-0.0640,-14.0000,1.2940,1.2770,64.0000,0.0190,0.0020,7.0000,1.3850,1.3670,68.0000
1789471212.8063,-0.0720,-0.0720,-14.0000,1.2940,1.2800,64.0000,0.0190,0.0010,7.0000,1.3850,1.4450,63.0000
1789471212.8075,-0.0720,-0.0590,-15.0000,1.2940,1.2960,63.0000,0.0190,0.0210,6.0000,1.3850,1.4110,65.0000
1789471212.9053,-0.0720,-0.0650,-14.0000,1.2940,1.3210,62.0000,0.0190,0.0630,4.0000,1.3850,1.3330,69.0000
1789471212.9558,-0.0720,-0.0760,-14.0000,1.2940,1.2740,64.0000,0.0190,0.0660,4.0000,1.3850,1.3690,67.0000
1789471213.0054,-0.0720,-0.0180,-17.0000,1.2940,1.3080,62.0000,0.0190,0.0210,6.0000,1.3850,1.3880,66.0000
1789471213.0561,-0.0720,-0.0450,-16.0000,1.2940,1.2580,65.0000,0.0190,0.0020,7.0000,1.3850,1.3810,67.0000
1789471213.1055,-0.0720,-0.0670,-15.0000,1.2940,1.2840,64.0000,0.0190,0.0000,7.0000,1.3850,1.3870,66.0000
1789471213.1553,-0.0720,-0.0870,-14.0000,1.2940,1.2640,65.0000,0.0190,0.0080,6.0000,1.3850,1.4130,65.0000
1789471213.2055,-0.0720,-0.0830,-14.0000,1.2940,1.3230,62.0000,0.0190,0.0080,7.0000,1.3850,1.3640,67.0000
1789471213.2554,-0.0720,-0.0730,-15.0000,1.2940,1.3400,61.0000,0.0190,0.0040,7.0000,1.3850,1.3650,67.0000
1789471213.3053,-0.0720,-0.0780,-14.0000,1.2940,1.2920,63.0000,0.0190,0.0090,7.0000,1.3850,1.4290,64.0000
1789471213.3553,-0.0720,-0.0180,-18.0000,1.2940,1.2840,64.0000,0.0190,0.0010,8.0000,1.3850,1.3890,66.0000
1789471213.4062,-0.0720,-0.0380,-17.0000,1.2940,1.2590,65.0000,0.0190,0.0000,8.0000,1.3850,1.3960,65.0000
1789471213.4075,-0.0720,-0.0750,-15.0000,1.2940,1.2690,65.0000,0.0190,0.0000,8.0000,1.3850,1.3710,67.0000
1789471213.5054,-0.0720,-0.0860,-15.0000,1.2940,1.2710,65.0000,0.0190,0.0000,8.0000,1.3850,1.3350,69.0000
1789471213.5552,-0.0720,-0.0640,-16.0000,1.2940,1.3060,63.0000,0.0190,0.0040,8.0000,1.3850,1.3450,69.0000
1789471213.6052,-0.0720,-0.0550,-17.0000,1.2940,1.3320,62.0000,0.0190,0.0130,8.0000,1.3850,1.3800,67.0000
1789471213.6408,-0.0720,-0.0210,-19.0000,1.2940,1.2850,64.0000,0.0190,0.0040,9.0000,1.3850,1.4100,66.0000
1789471213.6581,-0.0720,-0.0290,-18.0000,1.2940,1.2700,65.0000,0.0190,0.0000,9.0000,1.3850,1.4170,65.0000
1789471213.7554,-0.0720,-0.0780,-16.0000,1.2940,1.2880,64.0000,0.0190,0.0040,9.0000,1.3850,1.3740,67.0000
1789471213.8061,-0.0720,-0.0730,-17.0000,1.2940,1.2580,66.0000,0.0190,0.0350,7.0000,1.3850,1.3220,70.0000
1789471213.8073,-0.0720,-0.0520,-18.0000,1.2940,1.2950,64.0000,0.0190,0.0590,6.0000,1.3850,1.3490,69.0000
1789471213.9062,-0.0720,-0.0800,-16.0000,1.2940,1.3110,63.0000,0.0190,0.0550,6.0000,1.3850,1.3870,67.0000
1789471213.9076,-0.0720,-0.0350,-19.0000,1.2940,1.3030,64.0000,0.0190,0.0130,8.0000,1.3850,1.4150,66.0000
1789471214.0055,-0.0720,-0.0340,-19.0000,1.2940,1.2470,67.0000,0.0190,0.0010,8.0000,1.3850,1.4150,66.0000
1789471214.0564,-0.0720,-0.0830,-17.0000,1.2940,1.2660,66.0000,0.0190,0.0000,8.0000,1.3850,1.4170,65.0000
1789471214.1055,-0.0720,-0.0970,-16.0000,1.2940,1.2610,67.0000,0.0190,0.0000,9.0000,1.3850,1.3520,69.0000
1789471214.1554,-0.0720,-0.0900,-16.0000,1.2940,1.3030,65.0000,0.0190,0.0160,8.0000,1.3850,1.3470,69.0000
1789471214.2055,-0.0720,-0.1160,-15.0000,1.2940,1.3270,63.0000,0.0190,0.0300,7.0000,1.3850,1.3620,68.0000
1789471214.2563,-0.0720,-0.1000,-15.0000,1.2940,1.3600,61.0000,0.0190,0.0510,6.0000,1.3850,1.3860,67.0000
1789471214.3053,-0.0720,-0.0160,-20.0000,1.2940,1.2780,66.0000,0.0190,0.0360,7.0000,1.3850,1.4000,67.0000
1789471214.3553,-0.0720,-0.0220,-20.0000,1.2940,1.2780,65.0000,0.0190,0.0030,8.0000,1.3850,1.4440,64.0000
1789471214.4055,-0.0720,-0.0900,-16.0000,1.2940,1.2460,67.0000,0.0190,0.0000,8.0000,1.3850,1.3450,69.0000
1789471214.4573,-0.0720,-0.0870,-17.0000,1.2940,1.2590,67.0000,0.0190,0.0000,9.0000,1.3850,1.3540,69.0000
1789471214.5064,-0.0720,-0.0600,-18.0000,1.2940,1.3150,64.0000,0.0190,0.0460,6.0000,1.3850,1.3870,67.0000
1789471214.5564,-0.0720,-0.1060,-15.0000,1.2940,1.3550,62.0000,0.0190,0.0440,6.0000,1.3850,1.4050,66.0000
1789471214.6065,-0.0720,-0.0910,-16.0000,1.2940,1.3460,62.0000,0.0190,0.0210,7.0000,1.3850,1.3940,67.0000
1789471214.6563,-0.0720,-0.0100,-21.0000,1.2940,1.2550,67.0000,0.0190,0.0020,8.0000,1.3850,1.4310,64.0000
1789471214.7065,-0.0720,-0.0570,-18.0000,1.2940,1.2590,66.0000,0.0190,0.0000,8.0000,1.3850,1.3660,68.0000
1789471214.7563,-0.0720,-0.1030,-16.0000,1.2940,1.2670,66.0000,0.0190,0.0000,9.0000,1.3850,1.3020,72.0000
1789471214.8065,-0.0720,-0.0830,-17.0000,1.2940,1.2920,65.0000,0.0190,0.0130,8.0000,1.3850,1.3970,67.0000
1789471214.8563,-0.0720,-0.1000,-16.0000,1.2940,1.3360,63.0000,0.0190,0.0110,8.0000,1.3850,1.4200,66.0000
1789471214.9065,-0.0720,-0.0960,-16.0000,1.2940,1.3540,61.0000,0.0190,0.0130,8.0000,1.3850,1.4100,66.0000
1789471214.9586,-0.0720,-0.0590,-18.0000,1.2940,1.3080,63.0000,0.0190,0.0220,8.0000,1.3850,1.4630,63.0000
1789471215.0085,-0.0720,-0.0190,-20.0000,1.2940,1.2490,67.0000,0.0190,0.0500,6.0000,1.3850,1.3750,67.0000
1789471215.0583,-0.0720,-0.0750,-17.0000,1.2940,1.2840,64.0000,0.0190,0.0470,6.0000,1.3850,1.3120,71.0000
1789471215.1089,-0.0720,-0.1130,-15.0000,1.2940,1.3280,62.0000,0.0190,0.0540,5.0000,1.3850,1.3260,70.0000
1789471215.1591,-0.0720,-0.0990,-16.0000,1.2940,1.3150,63.0000,0.0190,0.0120,8.0000,1.3850,1.4120,66.0000
1789471215.1615,-0.0720,-0.0970,-15.0000,1.2940,1.2990,63.0000,0.0190,0.0010,8.0000,1.3850,1.4300,65.0000
1789471215.2591,-0.0720,-0.0450,-18.0000,1.2940,1.2770,65.0000,0.0190,0.0000,8.0000,1.3850,1.4470,64.0000
1789471215.3085,-0.0720,-0.0940,-15.0000,1.2940,1.2720,65.0000,0.0190,0.0000,8.0000,1.3850,1.4140,65.0000
1789471215.3591,-0.0720,-0.1040,-15.0000,1.2940,1.2910,64.0000,0.0190,0.0000,9.0000,1.3850,1.3070,71.0000
1789471215.3614,-0.0720,-0.0760,-16.0000,1.2940,1.3090,63.0000,0.0190,0.0240,7.0000,1.3850,1.3680,68.0000
1789471215.4593,-0.0720,-0.0960,-15.0000,1.2940,1.3230,62.0000,0.0190,0.0480,6.0000,1.3850,1.3800,67.0000
1789471215.4624,-0.0720,-0.0830,-15.0000,1.2940,1.3280,61.0000,0.0190,0.0490,6.0000,1.3850,1.3820,67.0000
1789471215.5591,-0.0720,-0.0860,-15.0000,1.2940,1.2900,63.0000,0.0190,0.0130,8.0000,1.3850,1.4340,64.0000
1789471215.5619,-0.0720,-0.0480,-17.0000,1.2940,1.2810,64.0000,0.0190,0.0010,8.0000,1.3850,1.3930,67.0000
1789471215.6591,-0.0720,-0.0950,-14.0000,1.2940,1.2380,66.0000,0.0190,0.0030,8.0000,1.3850,1.3140,71.0000
1789471215.6602,-0.0720,-0.1250,-13.0000,1.2940,1.3100,62.0000,0.0190,0.0370,6.0000,1.3850,1.3510,69.0000
1789471215.7592,-0.0720,-0.0860,-14.0000,1.2940,1.3060,63.0000,0.0190,0.0190,7.0000,1.3850,1.3920,67.0000
1789471215.7608,-0.0720,-0.1220,-12.0000,1.2940,1.3230,62.0000,0.0190,0.0030,8.0000,1.3850,1.4120,66.0000
1789471215.8592,-0.0720,-0.0870,-13.0000,1.2940,1.3340,61.0000,0.0190,0.0030,8.0000,1.3850,1.4200,66.0000
1789471215.8608,-0.0720,-0.0410,-16.0000,1.2940,1.2740,64.0000,0.0190,0.0010,9.0000,1.3850,1.4090,66.0000
1789471215.9601,-0.0720,-0.0700,-14.0000,1.2940,1.2670,64.0000,0.0190,0.0000,9.0000,1.3850,1.3030,72.0000
1789471215.9610,-0.0720,-0.1050,-12.0000,1.2940,1.2750,64.0000,0.0190,0.0050,9.0000,1.3850,1.3550,69.0000
1789471216.0586,-0.0720,-0.0970,-13.0000,1.2940,1.2790,64.0000,0.0190,0.0110,9.0000,1.3850,1.4000,67.0000
1789471216.1085,-0.0720,-0.1080,-12.0000,1.2940,1.3240,61.0000,0.0190,0.0050,9.0000,1.3850,1.4510,64.0000
1789471216.1099,-0.0720,-0.0800,-13.0000,1.2940,1.3250,61.0000,0.0190,0.0010,10.0000,1.3850,1.4320,65.0000
1789471216.2085,-0.0720,-0.1090,-11.0000,1.2940,1.3420,60.0000,0.0190,0.0150,9.0000,1.3850,1.4320,64.0000
1789471216.2586,-0.0720,-0.0370,-15.0000,1.2940,1.2930,63.0000,0.0190,0.0240,8.0000,1.3850,1.3390,69.0000
1789471216.3085,-0.0720,-0.0440,-14.0000,1.2940,1.2820,63.0000,0.0190,0.0360,8.0000,1.3850,1.3740,67.0000
1789471216.3585,-0.0720,-0.1120,-11.0000,1.2940,1.3220,61.0000,0.0190,0.0580,6.0000,1.3850,1.3320,70.0000
1789471216.4084,-0.0720,-0.0930,-12.0000,1.2940,1.2870,63.0000,0.0190,0.0240,8.0000,1.3850,1.4360,64.0000
1789471216.4588,-0.0720,-0.0560,-14.0000,1.2940,1.3040,62.0000,0.0190,0.0090,9.0000,1.3850,1.4350,64.0000
1789471216.5084,-0.0720,-0.0480,-14.0000,1.2940,1.2990,62.0000,0.0190,0.0050,9.0000,1.3850,1.3590,68.0000
1789471216.5585,-0.0720,-0.0340,-15.0000,1.2940,1.2560,64.0000,0.0190,0.0020,9.0000,1.3850,1.3130,70.0000
1789471216.6085,-0.0720,-0.0860,-13.0000,1.2940,1.2920,62.0000,0.0190,0.0020,9.0000,1.3850,1.3630,68.0000
1789471216.6586,-0.0720,-0.0920,-12.0000,1.2940,1.2910,62.0000,0.0190,0.0230,8.0000,1.3850,1.3860,67.0000
1789471216.7084,-0.0720,-0.0710,-13.0000,1.2940,1.2840,63.0000,0.0190,0.0160,9.0000,1.3850,1.4320,65.0000
1789471216.7585,-0.0720,-0.0730,-13.0000,1.2940,1.2690,64.0000,0.0190,0.0060,9.0000,1.3850,1.4140,65.0000
1789471216.8086,-0.0720,-0.1140,-11.0000,1.2940,1.3180,61.0000,0.0190,0.0250,8.0000,1.3850,1.4160,65.0000
1789471216.8583,-0.0720,-0.0860,-12.0000,1.2940,1.2810,63.0000,0.0190,0.0310,8.0000,1.3850,1.3220,70.0000
1789471216.9085,-0.0720,-0.0580,-14.0000,1.2940,1.2730,64.0000,0.0190,0.0810,5.0000,1.3850,1.3760,67.0000
1789471216.9585,-0.0720,-0.1040,-11.0000,1.2940,1.3190,61.0000,0.0190,0.0570,6.0000,1.3850,1.3630,69.0000
1789471217.0086,-0.0720,-0.0990,-11.0000,1.2940,1.3060,62.0000,0.0190,0.0120,8.0000,1.3850,1.4040,66.0000
1789471217.0585,-0.0720,-0.0660,-13.0000,1.2940,1.2940,63.0000,0.0190,0.0020,9.0000,1.3850,1.4150,66.0000
1789471217.1096,-0.0720,-0.0780,-12.0000,1.2940,1.3170,61.0000,0.0190,0.0000,9.0000,1.3850,1.4080,66.0000
1789471217.1585,-0.0720,-0.0910,-11.0000,1.2940,1.3100,61.0000,0.0190,0.0140,8.0000,1.3850,1.3340,70.0000
1789471217.2096,-0.0720,-0.0780,-12.0000,1.2940,1.2930,62.0000,0.0190,0.0080,9.0000,1.3850,1.3620,68.0000
1789471217.2596,-0.0720,-0.0760,-12.0000,1.2940,1.2910,62.0000,0.0190,0.0070,9.0000,1.3850,1.3910,67.0000
1789471217.3096,-0.0720,-0.0750,-12.0000,1.2940,1.2940,62.0000,0.0190,0.0010,9.0000,1.3850,1.3710,68.0000
1789471217.3112,-0.0720,-0.1020,-10.0000,1.2940,1.3140,61.0000,0.0190,0.0000,10.0000,1.3850,1.3900,67.0000
1789471217.3605,-0.0720,-0.0930,-10.0000,1.2940,1.3010,62.0000,0.0190,0.0030,10.0000,1.3850,1.4130,66.0000
1789471217.4109,-0.0720,-0.0420,-13.0000,1.2940,1.2800,63.0000,0.0190,0.0030,10.0000,1.3850,1.3650,68.0000
1789471217.4610,-0.0720,-0.0640,-12.0000,1.2940,1.2680,64.0000,0.0190,0.0010,10.0000,1.3850,1.3840,67.0000
1789471217.5103,-0.0720,-0.0610,-12.0000,1.2940,1.2930,62.0000,0.0190,0.0050,10.0000,1.3850,1.4020,66.0000
1789471217.5615,-0.0720,-0.0580,-13.0000,1.2940,1.3020,62.0000,0.0190,0.0120,10.0000,1.3850,1.4030,66.0000
1789471217.6596,-0.0720,-0.0360,-14.0000,1.2940,1.2670,64.0000,0.0190,0.0230,9.0000,1.3850,1.4250,65.0000
1789471217.7096,-0.0720,-0.0520,-13.0000,1.2940,1.2780,63.0000,0.0190,0.0540,8.0000,1.3850,1.3710,67.0000
1789471217.7594,-0.0720,-0.0680,-13.0000,1.2940,1.2980,62.0000,0.0190,0.0400,8.0000,1.3850,1.2990,71.0000
1789471217.8094,-0.0720,-0.0870,-12.0000,1.2940,1.3140,62.0000,0.0190,0.0620,7.0000,1.3850,1.3250,71.0000
1789471217.8595,-0.0720,-0.0360,-15.0000,1.2940,1.2880,63.0000,0.0190,0.0220,9.0000,1.3850,1.4140,66.0000
1789471217.9096,-0.0720,-0.0510,-14.0000,1.2940,1.2760,64.0000,0.0190,0.0030,9.0000,1.3850,1.4390,65.0000
1789471217.9109,-0.0720,-0.0570,-14.0000,1.2940,1.2780,64.0000,0.0190,0.0000,10.0000,1.3850,1.4420,64.0000
1789471217.9605,-0.0720,-0.0620,-14.0000,1.2940,1.2780,64.0000,0.0190,0.0040,10.0000,1.3850,1.3660,68.0000
1789471218.0597,-0.0720,-0.0650,-14.0000,1.2940,1.2620,65.0000,0.0190,0.0130,9.0000,1.3850,1.3390,69.0000
1789471218.1096,-0.0720,-0.0900,-13.0000,1.2940,1.3330,61.0000,0.0190,0.0520,7.0000,1.3850,1.3400,70.0000
1789471218.1595,-0.0720,-0.0720,-14.0000,1.2940,1.3140,62.0000,0.0190,0.0800,5.0000,1.3850,1.3980,67.0000
1789471218.2096,-0.0720,-0.0340,-16.0000,1.2940,1.3100,62.0000,0.0190,0.0390,7.0000,1.3850,1.4260,65.0000
1789471218.2595,-0.0720,-0.0330,-16.0000,1.2940,1.2760,64.0000,0.0190,0.0030,9.0000,1.3850,1.4430,64.0000
1789471218.3097,-0.0720,-0.0960,-13.0000,1.2940,1.2970,63.0000,0.0190,0.0100,8.0000,1.3850,1.3720,68.0000
1789471218.3594,-0.0720,-0.0840,-13.0000,1.2940,1.2780,64.0000,0.0190,0.0130,8.0000,1.3850,1.3180,71.0000
1789471218.4095,-0.0720,-0.0710,-14.0000,1.2940,1.3060,62.0000,0.0190,0.0320,7.0000,1.3850,1.3380,70.0000
1789471218.4595,-0.0720,-0.0720,-14.0000,1.2940,1.3360,61.0000,0.0190,0.0870,4.0000,1.3850,1.3800,68.0000
1789471218.5096,-0.0720,-0.0340,-16.0000,1.2940,1.3060,62.0000,0.0190,0.0390,6.0000,1.3850,1.4050,67.0000
1789471218.5596,-0.0720,-0.0170,-17.0000,1.2940,1.2730,64.0000,0.0190,0.0080,8.0000,1.3850,1.4740,63.0000
1789471218.6094,-0.0720,-0.0590,-15.0000,1.2940,1.2980,62.0000,0.0190,0.0030,8.0000,1.3850,1.3970,67.0000
1789471218.6409,-0.0720,-0.0810,-15.0000,1.2940,1.2720,64.0000,0.0190,0.0040,8.0000,1.3850,1.3480,69.0000
1789471218.6602,-0.0720,-0.0790,-15.0000,1.2940,1.2810,63.0000,0.0190,0.0220,7.0000,1.3850,1.3480,69.0000
1789471218.7596,-0.0720,-0.0650,-15.0000,1.2940,1.3170,62.0000,0.0190,0.0300,7.0000,1.3850,1.3840,67.0000
1789471218.8096,-0.0720,-0.0550,-16.0000,1.2940,1.2970,63.0000,0.0190,0.0150,7.0000,1.3850,1.3940,67.0000
1789471218.8612,-0.0720,-0.0150,-19.0000,1.2940,1.2750,64.0000,0.0190,0.0010,8.0000,1.3850,1.4200,65.0000
1789471218.9096,-0.0720,-0.0770,-15.0000,1.2940,1.2710,64.0000,0.0190,0.0030,8.0000,1.3850,1.3880,67.0000
1789471218.9596,-0.0720,-0.0730,-16.0000,1.2940,1.2740,64.0000,0.0190,0.0080,8.0000,1.3850,1.3570,69.0000
1789471219.0096,-0.0720,-0.0890,-15.0000,1.2940,1.2560,66.0000,0.0190,0.0270,7.0000,1.3850,1.3580,69.0000
1789471219.0609,-0.0720,-0.0930,-14.0000,1.2940,1.3230,62.0000,0.0190,0.0880,4.0000,1.3850,1.3800,68.0000
1789471219.0623,-0.0720,-0.0620,-16.0000,1.2940,1.3390,61.0000,0.0190,0.0680,4.0000,1.3850,1.3970,67.0000
1789471219.1599,-0.0720,-0.0290,-18.0000,1.2940,1.3000,63.0000,0.0190,0.0110,7.0000,1.3850,1.4350,64.0000
1789471219.2097,-0.0720,-0.0250,-19.0000,1.2940,1.2740,64.0000,0.0190,0.0010,7.0000,1.3850,1.4010,66.0000
1789471219.2624,-0.0720,-0.0650,-17.0000,1.2940,1.2740,64.0000,0.0190,0.0160,7.0000,1.3850,1.3040,71.0000
1789471219.3116,-0.0720,-0.0990,-15.0000,1.2940,1.2750,65.0000,0.0190,0.0180,7.0000,1.3850,1.3650,68.0000
1789471219.3623,-0.0720,-0.1000,-15.0000,1.2940,1.2920,64.0000,0.0190,0.0500,5.0000,1.3850,1.4070,67.0000
1789471219.4117,-0.0720,-0.0810,-16.0000,1.2940,1.3270,62.0000,0.0190,0.0550,4.0000,1.3850,1.4040,67.0000
1789471219.4650,-0.0720,-0.0290,-19.0000,1.2940,1.3070,62.0000,0.0190,0.0190,6.0000,1.3850,1.4390,65.0000
1789471219.4662,-0.0720,-0.0050,-20.0000,1.2940,1.2630,65.0000,0.0190,0.0020,7.0000,1.3850,1.4630,63.0000
1789471219.5623,-0.0720,-0.0610,-18.0000,1.2940,1.2490,66.0000,0.0190,0.0090,7.0000,1.3850,1.3130,71.0000
1789471219.5655,-0.0720,-0.0930,-16.0000,1.2940,1.2680,65.0000,0.0190,0.0270,6.0000,1.3850,1.3480,69.0000
1789471219.6652,-0.0720,-0.0890,-16.0000,1.2940,1.2730,65.0000,0.0190,0.0280,5.0000,1.3850,1.3910,66.0000
1789471219.6666,-0.0720,-0.0870,-16.0000,1.2940,1.3360,62.0000,0.0190,0.0220,6.0000,1.3850,1.4410,64.0000
1789471219.7617,-0.0720,-0.0730,-17.0000,1.2940,1.3450,61.0000,0.0190,0.0060,7.0000,1.3850,1.4210,64.0000
1789471219.8115,-0.0720,-0.0570,-18.0000,1.2940,1.3200,62.0000,0.0190,0.0050,7.0000,1.3850,1.4500,62.0000
1789471219.8622,-0.0720,-0.0070,-21.0000,1.2940,1.2540,66.0000,0.0190,0.0000,7.0000,1.3850,1.4060,64.0000
1789471219.8634,-0.0720,-0.0680,-18.0000,1.2940,1.2730,65.0000,0.0190,0.0110,7.0000,1.3850,1.3510,67.0000
1789471219.9624,-0.0720,-0.0920,-17.0000,1.2940,1.2930,64.0000,0.0190,0.0880,2.0000,1.3850,1.3530,67.0000
1789471219.9642,-0.0720,-0.0450,-19.0000,1.2940,1.2990,64.0000,0.0190,0.0380,5.0000,1.3850,1.4230,63.0000
1789471220.0617,-0.0720,-0.0560,-19.0000,1.2940,1.3150,63.0000,0.0190,0.0100,6.0000,1.3850,1.4230,63.0000
1789471220.1137,-0.0720,-0.0180,-21.0000,1.2940,1.3150,62.0000,0.0190,0.0040,6.0000,1.3850,1.4300,63.0000
1789471220.1643,-0.0720,-0.0620,-19.0000,1.2940,1.2420,67.0000,0.0190,0.0460,4.0000,1.3850,1.3640,66.0000
1789471220.1656,-0.0720,-0.1180,-16.0000,1.2940,1.2840,64.0000,0.0190,0.0130,6.0000,1.3850,1.3350,68.0000
1789471220.2639,-0.0720,-0.1280,-15.0000,1.2940,1.2900,64.0000,0.0190,0.0120,6.0000,1.3850,1.3740,66.0000
1789471220.3158,-0.0720,-0.1200,-15.0000,1.2940,1.2950,64.0000,0.0190,0.0160,6.0000,1.3850,1.4100,64.0000
1789471220.3638,-0.0720,-0.1040,-16.0000,1.2940,1.3320,62.0000,0.0190,0.0060,6.0000,1.3850,1.4130,64.0000
1789471220.4158,-0.0720,-0.1220,-14.0000,1.2940,1.3630,60.0000,0.0190,0.0940,1.0000,1.3850,1.4210,63.0000
1789471220.4651,-0.0720,-0.0220,-20.0000,1.2940,1.2300,67.0000,0.0190,0.0680,2.0000,1.3850,1.4020,64.0000
1789471220.5136,-0.0720,-0.0710,-17.0000,1.2940,1.2170,68.0000,0.0190,0.0160,5.0000,1.3850,1.3950,64.0000
1789471220.5635,-0.0720,-0.1310,-13.0000,1.2940,1.2460,67.0000,0.0190,0.0250,4.0000,1.3850,1.3700,65.0000
1789471220.5644,-0.0720,-0.1240,-13.0000,1.2940,1.2510,68.0000,0.0190,0.1050,-1.0000,1.3850,1.3840,64.0000
1789471220.6143,-0.0720,-0.1090,-14.0000,1.2940,1.2950,66.0000,0.0190,0.1410,-3.0000,1.3850,1.3680,65.0000
1789471220.6643,-0.0720,-0.1110,-13.0000,1.2940,1.3830,61.0000,0.0190,0.1660,-6.0000,1.3850,1.3670,65.0000
1789471220.7158,-0.0720,-0.0770,-15.0000,1.2940,1.3580,62.0000,0.0190,0.1140,-5.0000,1.3850,1.4160,63.0000
1789471220.7644,-0.0720,-0.0430,-16.0000,1.2940,1.2410,68.0000,0.0190,0.0540,-3.0000,1.3850,1.3760,65.0000
1789471220.8144,-0.0720,-0.0910,-14.0000,1.2940,1.2460,68.0000,0.0190,0.0230,-2.0000,1.3850,1.3520,66.0000
1789471220.8645,-0.0720,-0.1190,-12.0000,1.2940,1.2670,67.0000,0.0190,0.0720,-5.0000,1.3850,1.3470,67.0000
1789471220.9145,-0.0720,-0.1080,-12.0000,1.2940,1.3020,65.0000,0.0190,0.0220,-2.0000,1.3850,1.4040,64.0000
1789471220.9646,-0.0720,-0.1030,-12.0000,1.2940,1.3220,64.0000,0.0190,0.0020,-1.0000,1.3850,1.3970,64.0000
1789471221.0143,-0.0720,-0.1230,-10.0000,1.2940,1.3920,60.0000,0.0190,0.0090,-2.0000,1.3850,1.4270,62.0000
1789471221.0644,-0.0720,-0.0820,-12.0000,1.2940,1.3390,62.0000,0.0190,0.0800,-6.0000,1.3850,1.3980,64.0000
1789471221.1143,-0.0720,-0.0370,-15.0000,1.2940,1.2690,66.0000,0.0190,0.0240,-3.0000,1.3850,1.4160,62.0000
1789471221.1644,-0.0720,-0.0970,-11.0000,1.2940,1.2810,65.0000,0.0190,0.0060,-2.0000,1.3850,1.3790,64.0000
1789471221.2144,-0.0720,-0.0920,-11.0000,1.2940,1.2810,65.0000,0.0190,0.0030,-2.0000,1.3850,1.4080,62.0000
1789471221.2643,-0.0720,-0.0660,-13.0000,1.2940,1.3260,63.0000,0.0190,0.0010,-2.0000,1.3850,1.3920,63.0000
1789471221.3143,-0.0720,-0.0680,-12.0000,1.2940,1.3010,64.0000,0.0190,0.0100,-2.0000,1.3850,1.4150,62.0000
1789471221.3645,-0.0720,-0.0190,-15.0000,1.2940,1.2550,66.0000,0.0190,0.0010,-1.0000,1.3850,1.3810,63.0000
1789471221.4144,-0.0720,-0.0550,-14.0000,1.2940,1.2740,66.0000,0.0190,0.0030,-1.0000,1.3850,1.3790,63.0000
1789471221.4645,-0.0720,-0.1020,-11.0000,1.2940,1.2900,65.0000,0.0190,0.0030,-1.0000,1.3850,1.3340,66.0000
1789471221.5157,-0.0720,-0.0690,-13.0000,1.2940,1.2490,67.0000,0.0190,0.0110,-1.0000,1.3850,1.3980,63.0000
1789471221.5652,-0.0720,-0.0980,-11.0000,1.2940,1.2810,66.0000,0.0190,0.0350,-2.0000,1.3850,1.3960,63.0000
1789471221.6153,-0.0720,-0.0710,-12.0000,1.2940,1.3580,62.0000,0.0190,0.0190,-2.0000,1.3850,1.4230,61.0000
1789471221.6655,-0.0720,-0.0840,-12.0000,1.2940,1.3310,63.0000,0.0190,0.0040,-1.0000,1.3850,1.3980,63.0000
1789471221.7646,-0.0720,-0.0930,-11.0000,1.2940,1.2880,65.0000,0.0190,0.0000,0.0000,1.3850,1.4110,62.0000
1789471221.8147,-0.0720,-0.0760,-12.0000,1.2940,1.2860,65.0000,0.0190,0.0000,0.0000,1.3850,1.3900,63.0000
1789471221.8648,-0.0720,-0.0600,-13.0000,1.2940,1.2580,67.0000,0.0190,0.0000,0.0000,1.3850,1.3940,62.0000
1789471221.9148,-0.0720,-0.0710,-12.0000,1.2940,1.2450,68.0000,0.0190,0.0000,0.0000,1.3850,1.3790,63.0000
1789471221.9647,-0.0720,-0.0950,-11.0000,1.2940,1.3380,62.0000,0.0190,0.0000,0.0000,1.3850,1.3720,64.0000
1789471222.0155,-0.0720,-0.0800,-11.0000,1.2940,1.3200,64.0000,0.0190,0.0030,1.0000,1.3850,1.3750,63.0000
1789471222.0183,-0.0720,-0.0860,-11.0000,1.2940,1.3200,63.0000,0.0190,0.0000,1.0000,1.3850,1.3990,62.0000
1789471222.1167,-0.0720,-0.0800,-11.0000,1.2940,1.2720,66.0000,0.0190,0.0000,1.0000,1.3850,1.3520,65.0000
1789471222.1646,-0.0720,-0.0940,-10.0000,1.2940,1.2910,65.0000,0.0190,0.0000,1.0000,1.3850,1.3790,63.0000
1789471222.2154,-0.0720,-0.0670,-12.0000,1.2940,1.2840,65.0000,0.0190,0.0000,2.0000,1.3850,1.3590,65.0000
1789471222.2167,-0.0720,-0.0640,-12.0000,1.2940,1.3070,64.0000,0.0190,0.0000,2.0000,1.3850,1.3800,64.0000
1789471222.3147,-0.0720,-0.0990,-10.0000,1.2940,1.3200,63.0000,0.0190,0.0000,2.0000,1.3850,1.3420,66.0000
1789471222.3649,-0.0720,-0.0910,-10.0000,1.2940,1.3110,63.0000,0.0190,0.0000,2.0000,1.3850,1.3650,65.0000
1789471222.4146,-0.0720,-0.0730,-11.0000,1.2940,1.2910,64.0000,0.0190,0.0000,3.0000,1.3850,1.3780,65.0000
1789471222.4159,-0.0720,-0.0930,-9.0000,1.2940,1.3100,63.0000,0.0190,0.0000,3.0000,1.3850,1.3700,65.0000
1789471222.5146,-0.0720,-0.0770,-10.0000,1.2940,1.2740,65.0000,0.0190,0.0000,3.0000,1.3850,1.4040,63.0000
1789471222.5646,-0.0720,-0.0580,-11.0000,1.2940,1.3020,64.0000,0.0190,0.0000,3.0000,1.3850,1.3870,64.0000
1789471222.6161,-0.0720,-0.0750,-10.0000,1.2940,1.3030,64.0000,0.0190,0.0000,4.0000,1.3850,1.4000,64.0000
1789471222.6645,-0.0720,-0.0780,-10.0000,1.2940,1.2940,64.0000,0.0190,0.0000,4.0000,1.3850,1.3930,64.0000
1789471222.7162,-0.0720,-0.0540,-11.0000,1.2940,1.2950,64.0000,0.0190,0.0000,4.0000,1.3850,1.4280,62.0000
1789471222.7170,-0.0720,-0.0840,-10.0000,1.2940,1.2770,65.0000,0.0190,0.0000,4.0000,1.3850,1.3850,64.0000
1789471222.8152,-0.0720,-0.0780,-10.0000,1.2940,1.3010,64.0000,0.0190,0.0000,4.0000,1.3850,1.4010,63.0000
1789471222.8177,-0.0720,-0.0510,-12.0000,1.2940,1.2900,64.0000,0.0190,0.0030,5.0000,1.3850,1.3610,65.0000
1789471222.8653,-0.0720,-0.0910,-9.0000,1.2940,1.3060,63.0000,0.0190,0.0010,5.0000,1.3850,1.3450,66.0000
1789471222.9647,-0.0720,-0.0780,-10.0000,1.2940,1.3430,61.0000,0.0190,0.0040,5.0000,1.3850,1.3280,67.0000
1789471223.0154,-0.0720,-0.0710,-10.0000,1.2940,1.3120,63.0000,0.0190,0.0080,5.0000,1.3850,1.3740,65.0000
1789471223.0166,-0.0720,-0.0880,-9.0000,1.2940,1.2850,64.0000,0.0190,0.0180,4.0000,1.3850,1.3720,66.0000
1789471223.1146,-0.0720,-0.0530,-11.0000,1.2940,1.2910,63.0000,0.0190,0.0030,5.0000,1.3850,1.4140,63.0000
1789471223.1645,-0.0720,-0.0440,-12.0000,1.2940,1.3080,62.0000,0.0190,0.0030,6.0000,1.3850,1.4110,63.0000
1789471223.2147,-0.0720,-0.0050,-15.0000,1.2940,1.2850,64.0000,0.0190,0.0750,1.0000,1.3850,1.3520,67.0000
1789471223.2160,-0.0720,-0.1130,-9.0000,1.2940,1.3350,61.0000,0.0190,0.0510,3.0000,1.3850,1.3540,66.0000
1789471223.2653,-0.0720,-0.0810,-11.0000,1.2940,1.3610,59.0000,0.0190,0.1450,-3.0000,1.3850,1.3510,67.0000
1789471223.3652,-0.0720,0.0210,-17.0000,1.2940,1.3390,59.0000,0.0190,0.2060,-8.0000,1.3850,1.3570,67.0000
1789471223.4151,-0.0720,0.0010,-16.0000,1.2940,1.3420,59.0000,0.0190,0.0880,-3.0000,1.3850,1.3730,67.0000
1789471223.4160,-0.0720,-0.0020,-17.0000,1.2940,1.2850,61.0000,0.0190,0.0320,-1.0000,1.3850,1.3290,69.0000
1789471223.5146,-0.0720,-0.0000,-18.0000,1.2940,1.2660,62.0000,0.0190,0.0090,0.0000,1.3850,1.2430,75.0000
1789471223.5647,-0.0720,-0.0160,-18.0000,1.2940,1.2900,61.0000,0.0190,0.0020,0.0000,1.3850,1.3160,72.0000
1789471223.6146,-0.0720,-0.0350,-17.0000,1.2940,1.3060,60.0000,0.0190,0.0000,0.0000,1.3850,1.4260,66.0000
1789471223.6410,-0.0720,-0.0190,-19.0000,1.2940,1.2940,61.0000,0.0190,0.0000,0.0000,1.3850,1.4350,66.0000
1789471223.6653,-0.0720,-0.0450,-18.0000,1.2940,1.2720,62.0000,0.0190,-0.0080,1.0000,1.3850,1.4490,65.0000
1789471223.7161,-0.0720,-0.0650,-17.0000,1.2940,1.2580,63.0000,0.0190,-0.0020,1.0000,1.3850,1.3870,68.0000
1789471223.8147,-0.0720,-0.0680,-17.0000,1.2940,1.2620,63.0000,0.0190,0.0000,1.0000,1.3850,1.3370,70.0000
1789471223.8646,-0.0720,-0.0610,-18.0000,1.2940,1.2540,64.0000,0.0190,0.0020,1.0000,1.3850,1.3520,70.0000
1789471223.9146,-0.0720,-0.0930,-16.0000,1.2940,1.3120,61.0000,0.0190,0.0030,1.0000,1.3850,1.4320,65.0000
1789471223.9652,-0.0720,-0.0780,-17.0000,1.2940,1.3310,60.0000,0.0190,0.0000,2.0000,1.3850,1.3950,67.0000
1789471223.9665,-0.0720,-0.0290,-19.0000,1.2940,1.2860,63.0000,0.0190,-0.0040,2.0000,1.3850,1.4620,63.0000
1789471224.0154,-0.0720,-0.0540,-18.0000,1.2940,1.2890,62.0000,0.0190,-0.0000,2.0000,1.3850,1.4410,64.0000
1789471224.0654,-0.0720,-0.0680,-18.0000,1.2940,1.2150,67.0000,0.0190,-0.0000,3.0000,1.3850,1.3540,68.0000
1789471224.1164,-0.0720,-0.0720,-17.0000,1.2940,1.2710,64.0000,0.0190,-0.0000,3.0000,1.3850,1.3190,70.0000
1789471224.2146,-0.0720,-0.1120,-15.0000,1.2940,1.2940,63.0000,0.0190,0.0100,2.0000,1.3850,1.4130,65.0000
1789471224.2666,-0.0720,-0.1040,-15.0000,1.2940,1.3390,60.0000,0.0190,0.0010,3.0000,1.3850,1.4310,64.0000
1789471224.2679,-0.0720,-0.0970,-15.0000,1.2940,1.3180,61.0000,0.0190,-0.0100,4.0000,1.3850,1.4320,64.0000
1789471224.3154,-0.0720,-0.0280,-19.0000,1.2940,1.2910,63.0000,0.0190,-0.0030,4.0000,1.3850,1.4320,63.0000
1789471224.3655,-0.0720,-0.0590,-17.0000,1.2940,1.2580,64.0000,0.0190,-0.0000,4.0000,1.3850,1.3290,69.0000
1789471224.4654,-0.0720,-0.1020,-15.0000,1.2940,1.2840,63.0000,0.0190,0.0030,4.0000,1.3850,1.3180,70.0000
1789471224.4665,-0.0720,-0.1150,-14.0000,1.2940,1.2830,63.0000,0.0190,0.0020,4.0000,1.3850,1.4110,65.0000
1789471224.5653,-0.0720,-0.0910,-15.0000,1.2940,1.3200,61.0000,0.0190,0.0010,5.0000,1.3850,1.4280,64.0000
1789471224.5665,-0.0720,-0.0860,-15.0000,1.2940,1.3430,60.0000,0.0190,0.0000,5.0000,1.3850,1.4150,64.0000
1789471224.6654,-0.0720,-0.0710,-16.0000,1.2940,1.3130,61.0000,0.0190,0.0030,5.0000,1.3850,1.4370,62.0000
1789471224.6675,-0.0720,-0.0170,-19.0000,1.2940,1.2660,64.0000,0.0190,0.0000,5.0000,1.3850,1.3380,68.0000
1789471224.7654,-0.0720,-0.1160,-13.0000,1.2940,1.2740,63.0000,0.0190,0.0020,5.0000,1.3850,1.3240,69.0000
1789471224.7667,-0.0720,-0.1130,-13.0000,1.2940,1.3070,62.0000,0.0190,0.0160,5.0000,1.3850,1.3510,68.0000
1789471224.8647,-0.0720,-0.1010,-13.0000,1.2940,1.2870,63.0000,0.0190,0.0040,6.0000,1.3850,1.4140,64.0000
1789471224.9157,-0.0720,-0.0650,-15.0000,1.2940,1.2910,63.0000,0.0190,0.0000,6.0000,1.3850,1.4160,64.0000
1789471224.9664,-0.0720,-0.0330,-17.0000,1.2940,1.2830,63.0000,0.0190,0.0000,6.0000,1.3850,1.4380,63.0000
1789471224.9675,-0.0720,-0.0490,-16.0000,1.2940,1.2520,65.0000,0.0190,0.0040,6.0000,1.3850,1.3190,69.0000
1789471225.0658,-0.0720,-0.0970,-14.0000,1.2940,1.2560,65.0000,0.0190,0.0030,6.0000,1.3850,1.3560,67.0000
1789471225.1157,-0.0720,-0.0910,-14.0000,1.2940,1.2780,64.0000,0.0190,0.0160,6.0000,1.3850,1.3590,67.0000
1789471225.1658,-0.0720,-0.0700,-15.0000,1.2940,1.2810,64.0000,0.0190,0.0480,4.0000,1.3850,1.4240,64.0000
1789471225.2157,-0.0720,-0.0770,-15.0000,1.2940,1.3290,62.0000,0.0190,0.0190,6.0000,1.3850,1.4010,65.0000
1789471225.2658,-0.0720,-0.0840,-14.0000,1.2940,1.3270,62.0000,0.0190,0.0310,5.0000,1.3850,1.4340,63.0000
1789471225.3156,-0.0720,-0.0230,-18.0000,1.2940,1.2620,65.0000,0.0190,0.0210,5.0000,1.3850,1.3590,67.0000
1789471225.3658,-0.0720,-0.0420,-17.0000,1.2940,1.2320,67.0000,0.0190,0.0070,6.0000,1.3850,1.3740,66.0000
1789471225.4157,-0.0720,-0.1000,-14.0000,1.2940,1.2920,64.0000,0.0190,0.0210,5.0000,1.3850,1.3780,66.0000
1789471225.4657,-0.0720,-0.0840,-15.0000,1.2940,1.2980,64.0000,0.0190,0.0140,6.0000,1.3850,1.4020,65.0000
1789471225.5163,-0.0720,-0.0820,-15.0000,1.2940,1.2900,64.0000,0.0190,0.0010,7.0000,1.3850,1.4180,64.0000
1789471225.5658,-0.0720,-0.0830,-15.0000,1.2940,1.3430,61.0000,0.0190,0.0110,6.0000,1.3850,1.4360,62.0000
1789471225.6163,-0.0720,-0.0410,-17.0000,1.2940,1.2880,64.0000,0.0190,0.0150,6.0000,1.3850,1.3240,68.0000
1789471225.6658,-0.0720,-0.0190,-19.0000,1.2940,1.2610,66.0000,0.0190,0.0040,7.0000,1.3850,1.3850,65.0000
1789471225.7164,-0.0720,-0.1000,-14.0000,1.2940,1.3020,63.0000,0.0190,0.0000,7.0000,1.3850,1.3700,66.0000
1789471225.7658,-0.0720,-0.1260,-13.0000,1.2940,1.2710,65.0000,0.0190,0.0030,7.0000,1.3850,1.4030,64.0000
1789471225.8163,-0.0720,-0.1270,-12.0000,1.2940,1.2640,66.0000,0.0190,0.0000,8.0000,1.3850,1.4280,63.0000
1789471225.8658,-0.0720,-0.0890,-14.0000,1.2940,1.3420,62.0000,0.0190,0.0040,7.0000,1.3850,1.4320,62.0000
1789471225.9165,-0.0720,-0.1120,-12.0000,1.2940,1.3510,61.0000,0.0190,0.0630,4.0000,1.3850,1.3820,65.0000
1789471225.9178,-0.0720,-0.0370,-16.0000,1.2940,1.3160,62.0000,0.0190,0.0650,4.0000,1.3850,1.3230,68.0000
1789471226.0158,-0.0720,-0.0080,-18.0000,1.2940,1.2760,64.0000,0.0190,0.0310,5.0000,1.3850,1.3810,65.0000
1789471226.0657,-0.0720,-0.0680,-15.0000,1.2940,1.3130,62.0000,0.0190,0.0330,5.0000,1.3850,1.3690,66.0000
1789471226.1169,-0.0720,-0.0770,-15.0000,1.2940,1.2710,65.0000,0.0190,0.0100,6.0000,1.3850,1.3980,64.0000
1789471226.1681,-0.0720,-0.0570,-16.0000,1.2940,1.2950,63.0000,0.0190,0.0020,7.0000,1.3850,1.4280,63.0000
1789471226.2188,-0.0720,-0.0620,-16.0000,1.2940,1.2870,64.0000,0.0190,0.0120,6.0000,1.3850,1.3680,66.0000
1789471226.2682,-0.0720,-0.0270,-18.0000,1.2940,1.2770,64.0000,0.0190,0.0040,7.0000,1.3850,1.3300,68.0000
1789471226.3185,-0.0720,-0.0430,-17.0000,1.2940,1.2750,65.0000,0.0190,0.0020,7.0000,1.3850,1.3840,65.0000
1789471226.3198,-0.0720,-0.0870,-15.0000,1.2940,1.2650,66.0000,0.0190,0.0010,7.0000,1.3850,1.3910,65.0000
1789471226.4178,-0.0720,-0.0870,-15.0000,1.2940,1.2730,65.0000,0.0190,0.0030,7.0000,1.3850,1.4170,63.0000
1789471226.4676,-0.0720,-0.0880,-15.0000,1.2940,1.2890,65.0000,0.0190,0.0050,7.0000,1.3850,1.4020,64.0000
1789471226.5192,-0.0720,-0.1130,-14.0000,1.2940,1.3270,62.0000,0.0190,0.0400,6.0000,1.3850,1.3900,64.0000
1789471226.5688,-0.0720,-0.0470,-17.0000,1.2940,1.3430,61.0000,0.0190,0.0590,4.0000,1.3850,1.3360,67.0000
1789471226.6189,-0.0720,-0.0620,-16.0000,1.2940,1.2850,64.0000,0.0190,0.0390,5.0000,1.3850,1.4160,63.0000
1789471226.6687,-0.0720,-0.0510,-17.0000,1.2940,1.3030,63.0000,0.0190,0.0050,7.0000,1.3850,1.4010,64.0000
1789471226.7190,-0.0720,-0.0570,-17.0000,1.2940,1.2880,64.0000,0.0190,0.0020,7.0000,1.3850,1.4270,62.0000
1789471226.7687,-0.0720,-0.0590,-17.0000,1.2940,1.2880,64.0000,0.0190,0.0000,7.0000,1.3850,1.3900,64.0000
1789471226.8195,-0.0720,-0.0710,-16.0000,1.2940,1.2970,63.0000,0.0190,0.0000,8.0000,1.3850,1.3850,64.0000
1789471226.8228,-0.0720,-0.0760,-16.0000,1.2940,1.3140,62.0000,0.0190,0.0100,7.0000,1.3850,1.3000,69.0000
1789471226.9188,-0.0720,-0.0560,-17.0000,1.2940,1.3090,63.0000,0.0190,0.0350,6.0000,1.3850,1.3810,65.0000
1789471226.9686,-0.0720,-0.0220,-19.0000,1.2940,1.3150,62.0000,0.0190,0.0080,7.0000,1.3850,1.3630,66.0000
1789471227.0186,-0.0720,-0.0280,-19.0000,1.2940,1.2850,64.0000,0.0190,0.0010,8.0000,1.3850,1.4120,64.0000
1789471227.0688,-0.0720,-0.0820,-17.0000,1.2940,1.2970,63.0000,0.0190,0.0050,8.0000,1.3850,1.3840,65.0000
1789471227.1187,-0.0720,-0.0710,-18.0000,1.2940,1.2830,64.0000,0.0190,0.0020,8.0000,1.3850,1.3720,66.0000
1789471227.1687,-0.0720,-0.0870,-17.0000,1.2940,1.2900,63.0000,0.0190,0.0300,7.0000,1.3850,1.3230,69.0000
1789471227.2187,-0.0720,-0.0660,-18.0000,1.2940,1.3280,61.0000,0.0190,0.0860,3.0000,1.3850,1.3510,68.0000
1789471227.2688,-0.0720,-0.0750,-17.0000,1.2940,1.3090,62.0000,0.0190,0.0540,5.0000,1.3850,1.3970,65.0000
1789471227.3188,-0.0720,-0.0700,-17.0000,1.2940,1.3150,61.0000,0.0190,0.0220,6.0000,1.3850,1.3990,65.0000
1789471227.3708,-0.0720,-0.0770,-17.0000,1.2940,1.3020,62.0000,0.0190,0.0100,7.0000,1.3850,1.3840,66.0000
1789471227.4188,-0.0720,-0.0760,-17.0000,1.2940,1.3040,62.0000,0.0190,0.0010,7.0000,1.3850,1.3700,67.0000
1789471227.4686,-0.0720,-0.0340,-20.0000,1.2940,1.3050,61.0000,0.0190,0.0040,7.0000,1.3850,1.3060,71.0000
1789471227.5188,-0.0720,-0.0920,-16.0000,1.2940,1.3040,61.0000,0.0190,0.0070,7.0000,1.3850,1.3620,68.0000
1789471227.5687,-0.0720,-0.0850,-17.0000,1.2940,1.3020,61.0000,0.0190,0.0050,7.0000,1.3850,1.3400,70.0000
1789471227.6188,-0.0720,-0.0440,-19.0000,1.2940,1.2930,62.0000,0.0190,0.0000,8.0000,1.3850,1.4580,64.0000
1789471227.6696,-0.0720,-0.0540,-19.0000,1.2940,1.2990,61.0000,0.0190,0.0040,8.0000,1.3850,1.4030,67.0000
1789471227.7188,-0.0720,-0.0790,-17.0000,1.2940,1.3130,60.0000,0.0190,0.0000,8.0000,1.3850,1.3890,67.0000
1789471227.7688,-0.0720,-0.0650,-18.0000,1.2940,1.2890,62.0000,0.0190,0.0010,8.0000,1.3850,1.3410,70.0000
1789471227.8188,-0.0720,-0.0810,-17.0000,1.2940,1.2990,61.0000,0.0190,0.0070,8.0000,1.3850,1.3540,69.0000
1789471227.8688,-0.0720,-0.1060,-16.0000,1.2940,1.3210,60.0000,0.0190,0.0130,8.0000,1.3850,1.3750,68.0000
1789471227.9188,-0.0720,-0.0530,-19.0000,1.2940,1.3110,60.0000,0.0190,0.0170,8.0000,1.3850,1.3920,68.0000
1789471227.9703,-0.0720,-0.0260,-20.0000,1.2940,1.2900,61.0000,0.0190,0.0520,6.0000,1.3850,1.4320,65.0000
1789471228.0189,-0.0720,-0.0770,-17.0000,1.2940,1.3090,60.0000,0.0190,0.0100,8.0000,1.3850,1.4130,66.0000
1789471228.0706,-0.0720,-0.0640,-18.0000,1.2940,1.2940,61.0000,0.0190,0.0130,8.0000,1.3850,1.3160,72.0000
1789471228.0740,-0.0720,-0.0670,-18.0000,1.2940,1.3210,59.0000,0.0190,0.0090,8.0000,1.3850,1.3340,71.0000
1789471228.1705,-0.0720,-0.0810,-18.0000,1.2940,1.3170,59.0000,0.0190,0.0060,9.0000,1.3850,1.3140,73.0000
1789471228.2189,-0.0720,-0.0280,-21.0000,1.2940,1.3010,59.0000,0.0190,0.0040,9.0000,1.3850,1.4150,67.0000
1789471228.2696,-0.0720,-0.0170,-22.0000,1.2940,1.2860,60.0000,0.0190,0.0110,9.0000,1.3850,1.4230,67.0000
1789471228.3188,-0.0720,-0.0880,-18.0000,1.2940,1.3180,58.0000,0.0190,0.0160,8.0000,1.3850,1.3960,68.0000
1789471228.3710,-0.0720,-0.1130,-17.0000,1.2940,1.3170,58.0000,0.0190,0.0130,9.0000,1.3850,1.2520,77.0000
1789471228.4189,-0.0720,-0.1060,-17.0000,1.2940,1.3140,58.0000,0.0190,0.0030,9.0000,1.3850,1.2800,76.0000
1789471228.4696,-0.0720,-0.0580,-19.0000,1.2940,1.2700,61.0000,0.0190,0.0030,9.0000,1.3850,1.3980,70.0000
1789471228.4708,-0.0720,-0.0380,-20.0000,1.2940,1.3000,59.0000,0.0190,0.0090,9.0000,1.3850,1.4430,68.0000
1789471228.5707,-0.0720,-0.0640,-19.0000,1.2940,1.3120,58.0000,0.0190,0.0220,9.0000,1.3850,1.4010,70.0000
1789471228.5725,-0.0720,-0.1380,-15.0000,1.2940,1.3230,57.0000,0.0190,0.0130,9.0000,1.3850,1.3460,73.0000
1789471228.6196,-0.0720,-0.1270,-15.0000,1.2940,1.3220,57.0000,0.0190,0.0020,10.0000,1.3850,1.3060,76.0000
1789471228.6696,-0.0720,-0.0430,-19.0000,1.2940,1.3010,58.0000,0.0190,0.0010,10.0000,1.3850,1.3340,75.0000
1789471228.7197,-0.0720,-0.0040,-22.0000,1.2940,1.2560,61.0000,0.0190,0.0000,10.0000,1.3850,1.4900,66.0000
1789471228.7700,-0.0720,-0.0310,-21.0000,1.2940,1.2810,59.0000,0.0190,0.0020,10.0000,1.3850,1.4960,65.0000
1789471228.8195,-0.0720,-0.1060,-17.0000,1.2940,1.3180,58.0000,0.0190,0.0070,10.0000,1.3850,1.3320,74.0000
1789471228.8697,-0.0720,-0.1090,-17.0000,1.2940,1.3120,58.0000,0.0190,0.0080,11.0000,1.3850,1.3540,72.0000
1789471228.9695,-0.0720,-0.1050,-17.0000,1.2940,1.3150,57.0000,0.0190,0.0520,8.0000,1.3850,1.2980,76.0000
1789471228.9706,-0.0720,-0.0660,-19.0000,1.2940,1.2940,58.0000,0.0190,0.0270,9.0000,1.3850,1.3610,73.0000
1789471229.0202,-0.0720,-0.0080,-22.0000,1.2940,1.3000,58.0000,0.0190,0.0140,10.0000,1.3850,1.4780,66.0000
1789471229.1188,-0.0720,-0.0340,-21.0000,1.2940,1.3000,58.0000,0.0190,0.0350,9.0000,1.3850,1.4310,69.0000
1789471229.1199,-0.0720,-0.1070,-17.0000,1.2940,1.3130,57.0000,0.0190,0.0170,10.0000,1.3850,1.3980,70.0000
1789471229.1696,-0.0720,-0.1350,-16.0000,1.2940,1.3010,58.0000,0.0190,0.0050,10.0000,1.3850,1.4000,69.0000
1789471229.2194,-0.0720,-0.0760,-19.0000,1.2940,1.2990,58.0000,0.0190,0.0010,11.0000,1.3850,1.3390,73.0000
1789471229.2696,-0.0720,-0.0230,-21.0000,1.2940,1.2880,58.0000,0.0190,0.0000,11.0000,1.3850,1.3330,73.0000
1789471229.3213,-0.0720,-0.0410,-21.0000,1.2940,1.2840,58.0000,0.0190,0.0000,11.0000,1.3850,1.4230,69.0000
1789471229.3696,-0.0720,-0.1070,-17.0000,1.2940,1.2940,58.0000,0.0190,0.0030,11.0000,1.3850,1.3550,73.0000
1789471229.4196,-0.0720,-0.1320,-16.0000,1.2940,1.3010,57.0000,0.0190,0.0140,11.0000,1.3850,1.4210,69.0000
1789471229.4696,-0.0720,-0.1090,-17.0000,1.2940,1.2930,58.0000,0.0190,0.0140,11.0000,1.3850,1.4240,68.0000
1789471229.5196,-0.0720,-0.0810,-18.0000,1.2940,1.3010,57.0000,0.0190,0.0150,11.0000,1.3850,1.3600,72.0000
1789471229.5695,-0.0720,-0.0120,-22.0000,1.2940,1.2900,58.0000,0.0190,0.0220,10.0000,1.3850,1.3850,70.0000
1789471229.6689,-0.0720,-0.0680,-19.0000,1.2940,1.2700,59.0000,0.0190,0.0400,9.0000,1.3850,1.4240,68.0000
1789471229.7187,-0.0720,-0.1130,-16.0000,1.2940,1.3010,58.0000,0.0190,0.0610,8.0000,1.3850,1.3610,72.0000
1789471229.7688,-0.0720,-0.1070,-16.0000,1.2940,1.3120,57.0000,0.0190,0.0300,9.0000,1.3850,1.3730,71.0000
1789471229.8189,-0.0720,-0.0750,-18.0000,1.2940,1.2990,58.0000,0.0190,0.0330,9.0000,1.3850,1.4070,69.0000
1789471229.8202,-0.0720,-0.0400,-19.0000,1.2940,1.3060,57.0000,0.0190,0.0100,10.0000,1.3850,1.3990,69.0000
1789471229.8696,-0.0720,-0.0500,-19.0000,1.2940,1.2680,59.0000,0.0190,0.0110,10.0000,1.3850,1.3020,75.0000
1789471229.9203,-0.0720,-0.0950,-17.0000,1.2940,1.2840,58.0000,0.0190,0.0050,10.0000,1.3850,1.3810,71.0000
1789471230.0229,-0.0720,-0.1200,-15.0000,1.2940,1.2930,58.0000,0.0190,0.0250,9.0000,1.3850,1.4020,70.0000
1789471230.0245,-0.0720,-0.0740,-18.0000,1.2940,1.2970,58.0000,0.0190,0.0300,9.0000,1.3850,1.4820,65.0000
1789471230.1188,-0.0720,-0.0650,-18.0000,1.2940,1.3000,58.0000,0.0190,0.0520,8.0000,1.3850,1.4610,66.0000
1789471230.1689,-0.0720,-0.0520,-19.0000,1.2940,1.2660,60.0000,0.0190,0.0190,9.0000,1.3850,1.3220,73.0000
1789471230.2204,-0.0720,-0.0520,-19.0000,1.2940,1.2370,62.0000,0.0190,0.0190,9.0000,1.3850,1.3540,71.0000
1789471230.2688,-0.0720,-0.0900,-17.0000,1.2940,1.2790,60.0000,0.0190,0.0240,9.0000,1.3850,1.3880,70.0000
1789471230.3202,-0.0720,-0.1310,-14.0000,1.2940,1.3170,58.0000,0.0190,0.0300,8.0000,1.3850,1.4000,69.0000
1789471230.3698,-0.0720,-0.0830,-17.0000,1.2940,1.2990,59.0000,0.0190,0.0130,9.0000,1.3850,1.4230,68.0000
1789471230.3711,-0.0720,-0.0690,-17.0000,1.2940,1.3030,58.0000,0.0190,0.0040,10.0000,1.3850,1.4380,66.0000
1789471230.4206,-0.0720,-0.0910,-16.0000,1.2940,1.2850,59.0000,0.0190,0.0070,10.0000,1.3850,1.3440,71.0000
1789471230.4705,-0.0720,-0.0460,-19.0000,1.2940,1.2670,60.0000,0.0190,0.0150,10.0000,1.3850,1.3430,71.0000
1789471230.5208,-0.0720,-0.0680,-17.0000,1.2940,1.2700,60.0000,0.0190,0.0170,9.0000,1.3850,1.3690,70.0000
1789471230.6199,-0.0720,-0.1260,-14.0000,1.2940,1.2720,60.0000,0.0190,0.0510,8.0000,1.3850,1.3850,70.0000
1789471230.6698,-0.0720,-0.0790,-17.0000,1.2940,1.2760,61.0000,0.0190,0.0580,7.0000,1.3850,1.4070,68.0000
1789471230.7218,-0.0720,-0.0580,-18.0000,1.2940,1.3000,59.0000,0.0190,0.0230,9.0000,1.3850,1.4380,66.0000
1789471230.7709,-0.0720,-0.1010,-15.0000,1.2940,1.3130,59.0000,0.0190,0.0190,9.0000,1.3850,1.3510,71.0000
1789471230.8210,-0.0720,-0.0720,-17.0000,1.2940,1.3130,59.0000,0.0190,0.0130,9.0000,1.3850,1.3310,72.0000
1789471230.8709,-0.0720,-0.0290,-19.0000,1.2940,1.2820,60.0000,0.0190,0.0140,9.0000,1.3850,1.3690,70.0000
1789471230.9209,-0.0720,-0.0880,-16.0000,1.2940,1.2920,60.0000,0.0190,0.0070,9.0000,1.3850,1.4360,67.0000
1789471230.9709,-0.0720,-0.1020,-15.0000,1.2940,1.2750,61.0000,0.0190,0.0050,9.0000,1.3850,1.3750,70.0000
1789471230.9721,-0.0720,-0.0830,-16.0000,1.2940,1.2870,60.0000,0.0190,0.0050,10.0000,1.3850,1.4230,67.0000
1789471231.0216,-0.0720,-0.0660,-17.0000,1.2940,1.3030,59.0000,0.0190,0.0030,10.0000,1.3850,1.3670,70.0000
1789471231.0716,-0.0720,-0.0760,-16.0000,1.2940,1.2870,60.0000,0.0190,0.0070,10.0000,1.3850,1.3600,71.0000
1789471231.1217,-0.0720,-0.0430,-18.0000,1.2940,1.2830,61.0000,0.0190,0.0120,10.0000,1.3850,1.3550,71.0000
1789471231.1716,-0.0720,-0.0790,-16.0000,1.2940,1.2740,61.0000,0.0190,0.0160,10.0000,1.3850,1.4030,69.0000
1789471231.2708,-0.0720,-0.0840,-16.0000,1.2940,1.2750,61.0000,0.0190,0.0580,7.0000,1.3850,1.3940,69.0000
1789471231.3215,-0.0720,-0.0750,-16.0000,1.2940,1.2770,61.0000,0.0190,0.0510,7.0000,1.3850,1.4180,68.0000
1789471231.3226,-0.0720,-0.0880,-16.0000,1.2940,1.3040,60.0000,0.0190,0.0340,8.0000,1.3850,1.3870,69.0000
1789471231.4211,-0.0720,-0.0990,-15.0000,1.2940,1.3160,59.0000,0.0190,0.0110,9.0000,1.3850,1.3250,73.0000
1789471231.4709,-0.0720,-0.0440,-18.0000,1.2940,1.2640,62.0000,0.0190,0.0090,9.0000,1.3850,1.3510,72.0000
1789471231.5209,-0.0720,-0.0520,-17.0000,1.2940,1.2760,62.0000,0.0190,0.0050,9.0000,1.3850,1.4390,67.0000
1789471231.5708,-0.0720,-0.0610,-17.0000,1.2940,1.2980,60.0000,0.0190,0.0090,9.0000,1.3850,1.3900,70.0000
1789471231.5727,-0.0720,-0.0720,-16.0000,1.2940,1.2750,62.0000,0.0190,0.0090,10.0000,1.3850,1.4260,67.0000
1789471231.6217,-0.0720,-0.0760,-16.0000,1.2940,1.2910,61.0000,0.0190,0.0020,10.0000,1.3850,1.3730,70.0000
1789471231.6729,-0.0720,-0.0560,-17.0000,1.2940,1.2870,61.0000,0.0190,0.0030,10.0000,1.3850,1.3270,73.0000
1789471231.7226,-0.0720,-0.0760,-16.0000,1.2940,1.3200,59.0000,0.0190,0.0020,10.0000,1.3850,1.3110,75.0000
1789471231.7725,-0.0720,-0.0690,-17.0000,1.2940,1.3090,60.0000,0.0190,0.0030,11.0000,1.3850,1.4090,70.0000
1789471231.8227,-0.0720,-0.0450,-18.0000,1.2940,1.2820,61.0000,0.0190,0.0060,11.0000,1.3850,1.4520,67.0000
1789471231.8726,-0.0720,-0.0720,-17.0000,1.2940,1.2840,61.0000,0.0190,0.0130,10.0000,1.3850,1.4070,69.0000
1789471231.9229,-0.0720,-0.1060,-15.0000,1.2940,1.3100,60.0000,0.0190,0.0280,10.0000,1.3850,1.3180,74.0000
1789471232.0219,-0.0720,-0.0970,-15.0000,1.2940,1.2940,61.0000,0.0190,0.0560,8.0000,1.3850,1.2790,77.0000
1789471232.0239,-0.0720,-0.0750,-16.0000,1.2940,1.3110,60.0000,0.0190,0.0240,10.0000,1.3850,1.3380,74.0000
1789471232.0726,-0.0720,-0.0840,-15.0000,1.2940,1.2690,62.0000,0.0190,0.0180,10.0000,1.3850,1.4140,71.0000
1789471232.1719,-0.0720,-0.0320,-18.0000,1.2940,1.2830,61.0000,0.0190,0.0290,9.0000,1.3850,1.4470,69.0000
1789471232.2220,-0.0720,-0.0610,-17.0000,1.2940,1.2840,62.0000,0.0190,0.0330,9.0000,1.3850,1.4040,71.0000
1789471232.2237,-0.0720,-0.0740,-16.0000,1.2940,1.3140,60.0000,0.0190,0.0110,10.0000,1.3850,1.3700,72.0000
1789471232.2731,-0.0720,-0.0770,-16.0000,1.2940,1.3140,60.0000,0.0190,0.0040,10.0000,1.3850,1.2780,78.0000
1789471232.3227,-0.0720,-0.0720,-16.0000,1.2940,1.3070,60.0000,0.0190,0.0020,11.0000,1.3850,1.3020,77.0000
1789471232.3728,-0.0720,-0.0420,-18.0000,1.2940,1.3180,59.0000,0.0190,0.0030,11.0000,1.3850,1.3730,74.0000
1789471232.4227,-0.0720,-0.0490,-18.0000,1.2940,1.2550,63.0000,0.0190,0.0060,11.0000,1.3850,1.4690,69.0000
1789471232.4731,-0.0720,-0.0380,-19.0000,1.2940,1.2750,62.0000,0.0190,0.0140,10.0000,1.3850,1.4800,68.0000
1789471232.5720,-0.0720,-0.0490,-19.0000,1.2940,1.3060,60.0000,0.0190,0.0610,8.0000,1.3850,1.3730,73.0000
1789471232.6224,-0.0720,-0.0590,-18.0000,1.2940,1.3220,59.0000,0.0190,0.0320,9.0000,1.3850,1.2570,79.0000
1789471232.6242,-0.0720,-0.0430,-19.0000,1.2940,1.3140,59.0000,0.0190,0.0190,10.0000,1.3850,1.3150,77.0000
1789471232.6745,-0.0720,-0.0520,-19.0000,1.2940,1.3140,59.0000,0.0190,0.0260,9.0000,1.3850,1.3770,74.0000
1789471232.7227,-0.0720,-0.0180,-21.0000,1.2940,1.2820,61.0000,0.0190,0.0140,10.0000,1.3850,1.4590,70.0000
1789471232.7726,-0.0720,-0.0330,-21.0000,1.2940,1.2340,64.0000,0.0190,0.0220,9.0000,1.3850,1.5070,67.0000
1789471232.8242,-0.0720,-0.0590,-20.0000,1.2940,1.2470,63.0000,0.0190,0.0180,10.0000,1.3850,1.5230,64.0000
1789471232.8738,-0.0720,-0.0800,-19.0000,1.2940,1.3110,60.0000,0.0190,0.0150,10.0000,1.3850,1.2340,80.0000
1789471232.9735,-0.0720,-0.0770,-20.0000,1.2940,1.3260,59.0000,0.0190,0.0220,9.0000,1.3850,1.3340,74.0000
1789471232.9747,-0.0720,-0.0750,-20.0000,1.2940,1.3230,59.0000,0.0190,0.0630,7.0000,1.3850,1.3770,72.0000
1789471233.0730,-0.0720,-0.0790,-19.0000,1.2940,1.3140,60.0000,0.0190,0.0410,8.0000,1.3850,1.4270,70.0000
1789471233.1230,-0.0720,-0.0560,-21.0000,1.2940,1.3010,60.0000,0.0190,0.0260,8.0000,1.3850,1.4450,69.0000
1789471233.1246,-0.0720,-0.0610,-20.0000,1.2940,1.2450,63.0000,0.0190,0.0030,10.0000,1.3850,1.5180,64.0000
1789471233.1738,-0.0720,-0.0560,-21.0000,1.2940,1.2580,63.0000,0.0190,0.0000,10.0000,1.3850,1.3560,72.0000
1789471233.2240,-0.0720,-0.0410,-22.0000,1.2940,1.3050,60.0000,0.0190,0.0010,10.0000,1.3850,1.3400,73.0000
1789471233.2736,-0.0720,-0.0610,-21.0000,1.2940,1.3310,59.0000,0.0190,0.0000,10.0000,1.3850,1.3730,71.0000
1789471233.3243,-0.0720,-0.0190,-24.0000,1.2940,1.3250,59.0000,0.0190,0.0000,11.0000,1.3850,1.4060,69.0000
1789471233.3737,-0.0720,-0.0260,-24.0000,1.2940,1.2840,61.0000,0.0190,0.0030,11.0000,1.3850,1.4450,67.0000
1789471233.4242,-0.0720,-0.0760,-21.0000,1.2940,1.2260,64.0000,0.0190,0.0140,10.0000,1.3850,1.4650,65.0000
1789471233.4736,-0.0720,-0.0910,-21.0000,1.2940,1.2430,64.0000,0.0190,0.0270,9.0000,1.3850,1.3280,72.0000
1789471233.5241,-0.0720,-0.0520,-23.0000,1.2940,1.2940,61.0000,0.0190,0.0230,10.0000,1.3850,1.3490,71.0000
1789471233.5737,-0.0720,-0.0700,-22.0000,1.2940,1.3250,60.0000,0.0190,0.0410,9.0000,1.3850,1.3680,70.0000
1789471233.6412,-0.0720,-0.0770,-22.0000,1.2940,1.3310,59.0000,0.0190,0.0620,7.0000,1.3850,1.3790,70.0000
1789471233.6737,-0.0720,-0.0770,-22.0000,1.2940,1.3290,59.0000,0.0190,0.0330,8.0000,1.3850,1.3940,69.0000
1789471233.7737,-0.0720,-0.0450,-23.0000,1.2940,1.3200,59.0000,0.0190,0.0180,9.0000,1.3850,1.4040,69.0000
1789471233.7750,-0.0720,-0.0250,-25.0000,1.2940,1.2880,61.0000,0.0190,0.0050,10.0000,1.3850,1.3230,73.0000
1789471233.8737,-0.0720,-0.0800,-22.0000,1.2940,1.2820,61.0000,0.0190,0.0240,9.0000,1.3850,1.3320,73.0000
1789471233.8750,-0.0720,-0.0850,-22.0000,1.2940,1.3130,59.0000,0.0190,0.0230,9.0000,1.3850,1.3740,71.0000
1789471233.9242,-0.0720,-0.0790,-22.0000,1.2940,1.3040,60.0000,0.0190,0.0070,10.0000,1.3850,1.3950,70.0000
1789471233.9737,-0.0720,-0.0930,-21.0000,1.2940,1.3110,59.0000,0.0190,0.0080,10.0000,1.3850,1.4050,70.0000
1789471234.0240,-0.0720,-0.0870,-21.0000,1.2940,1.2700,62.0000,0.0190,0.0030,10.0000,1.3850,1.4160,69.0000
1789471234.0737,-0.0720,-0.0970,-21.0000,1.2940,1.2250,64.0000,0.0190,0.0030,10.0000,1.3850,1.3910,70.0000
1789471234.1245,-0.0720,-0.0900,-21.0000,1.2940,1.2760,62.0000,0.0190,0.0150,10.0000,1.3850,1.3770,71.0000
1789471234.2229,-0.0720,-0.1220,-19.0000,1.2940,1.3130,60.0000,0.0190,0.0680,7.0000,1.3850,1.4040,69.0000
1789471234.2731,-0.0720,-0.1590,-16.0000,1.2940,1.3320,59.0000,0.0190,0.0520,7.0000,1.3850,1.3950,69.0000
1789471234.3230,-0.0720,-0.1560,-15.0000,1.2940,1.3200,59.0000,0.0190,0.0160,9.0000,1.3850,1.4230,68.0000
1789471234.3246,-0.0720,-0.1000,-17.0000,1.2940,1.3160,59.0000,0.0190,0.0010,10.0000,1.3850,1.4220,67.0000
1789471234.3737,-0.0720,-0.0550,-19.0000,1.2940,1.3110,59.0000,0.0190,0.0010,10.0000,1.3850,1.3270,73.0000
1789471234.4241,-0.0720,-0.0590,-19.0000,1.2940,1.2740,61.0000,0.0190,0.0000,10.0000,1.3850,1.3620,71.0000
1789471234.4739,-0.0720,-0.0970,-17.0000,1.2940,1.3060,59.0000,0.0190,0.0000,10.0000,1.3850,1.4260,67.0000
1789471234.5258,-0.0720,-0.1060,-16.0000,1.2940,1.3230,58.0000,0.0190,0.0030,10.0000,1.3850,1.4040,68.0000
1789471234.5756,-0.0720,-0.0920,-17.0000,1.2940,1.3220,58.0000,0.0190,0.0070,10.0000,1.3850,1.4600,65.0000
1789471234.6255,-0.0720,-0.0540,-18.0000,1.2940,1.2890,60.0000,0.0190,0.0150,10.0000,1.3850,1.4020,68.0000
1789471234.6756,-0.0720,-0.0460,-19.0000,1.2940,1.2370,63.0000,0.0190,0.0180,10.0000,1.3850,1.3600,70.0000
1789471234.7258,-0.0720,-0.0930,-16.0000,1.2940,1.2890,60.0000,0.0190,0.0160,10.0000,1.3850,1.3070,73.0000
1789471234.7765,-0.0720,-0.0780,-17.0000,1.2940,1.3280,58.0000,0.0190,0.0180,10.0000,1.3850,1.3730,70.0000
1789471234.8750,-0.0720,-0.0540,-19.0000,1.2940,1.3250,58.0000,0.0190,0.0310,9.0000,1.3850,1.4200,67.0000
1789471234.9250,-0.0720,-0.0570,-18.0000,1.2940,1.3160,58.0000,0.0190,0.0620,8.0000,1.3850,1.4510,65.0000
1789471234.9263,-0.0720,-0.0810,-17.0000,1.2940,1.3110,58.0000,0.0190,0.0160,10.0000,1.3850,1.4200,67.0000
1789471234.9757,-0.0720,-0.0560,-19.0000,1.2940,1.2530,62.0000,0.0190,0.0140,10.0000,1.3850,1.3320,72.0000
1789471235.0299,-0.0720,-0.0290,-20.0000,1.2940,1.2420,62.0000,0.0190,0.0070,10.0000,1.3850,1.3680,70.0000
1789471235.0788,-0.0720,-0.0870,-17.0000,1.2940,1.2800,61.0000,0.0190,0.0080,10.0000,1.3850,1.3750,70.0000
1789471235.1299,-0.0720,-0.0930,-17.0000,1.2940,1.3110,59.0000,0.0190,0.0180,10.0000,1.3850,1.3610,70.0000
1789471235.2311,-0.0720,-0.0670,-18.0000,1.2940,1.2830,61.0000,0.0190,0.0320,9.0000,1.3850,1.4290,67.0000
1789471235.2329,-0.0720,-0.0990,-16.0000,1.2940,1.3060,59.0000,0.0190,0.0120,10.0000,1.3850,1.4080,68.0000
1789471235.2818,-0.0720,-0.0970,-16.0000,1.2940,1.3060,59.0000,0.0190,0.0070,11.0000,1.3850,1.3160,73.0000
1789471235.3319,-0.0720,-0.0560,-18.0000,1.2940,1.2660,61.0000,0.0190,0.0070,11.0000,1.3850,1.3420,72.0000
1789471235.3818,-0.0720,-0.0540,-18.0000,1.2940,1.2810,61.0000,0.0190,0.0070,11.0000,1.3850,1.4080,68.0000
1789471235.4344,-0.0720,-0.1240,-14.0000,1.2940,1.2660,62.0000,0.0190,0.0100,11.0000,1.3850,1.3740,70.0000
1789471235.4843,-0.0720,-0.0960,-16.0000,1.2940,1.2600,63.0000,0.0190,0.0330,10.0000,1.3850,1.4390,66.0000
1789471235.5337,-0.0720,-0.1330,-13.0000,1.2940,1.3100,60.0000,0.0190,0.0470,9.0000,1.3850,1.4550,65.0000
1789471235.5848,-0.0720,-0.1240,-13.0000,1.2940,1.3340,59.0000,0.0190,0.0150,10.0000,1.3850,1.3210,72.0000
1789471235.6862,-0.0720,-0.1130,-13.0000,1.2940,1.3260,59.0000,0.0190,0.0410,9.0000,1.3850,1.3100,73.0000
1789471235.6878,-0.0720,-0.0240,-18.0000,1.2940,1.3120,59.0000,0.0190,0.0230,10.0000,1.3850,1.4220,67.0000
1789471235.7400,-0.0720,-0.0400,-17.0000,1.2940,1.2820,60.0000,0.0190,0.0100,10.0000,1.3850,1.4320,66.0000
1789471235.7891,-0.0720,-0.0880,-15.0000,1.2940,1.2550,62.0000,0.0190,0.0030,10.0000,1.3850,1.3800,69.0000
1789471235.8411,-0.0720,-0.0820,-15.0000,1.2940,1.2680,62.0000,0.0190,0.0020,11.0000,1.3850,1.4460,65.0000
1789471235.8888,-0.0720,-0.0460,-17.0000,1.2940,1.2910,61.0000,0.0190,0.0030,11.0000,1.3850,1.3240,72.0000
1789471235.9398,-0.0720,-0.0170,-19.0000,1.2940,1.2840,61.0000,0.0190,0.0080,11.0000,1.3850,1.3460,71.0000
1789471235.9899,-0.0720,-0.0360,-18.0000,1.2940,1.2950,61.0000,0.0190,0.0040,11.0000,1.3850,1.3920,69.0000
1789471236.0390,-0.0720,-0.0750,-16.0000,1.2940,1.2840,62.0000,0.0190,0.0000,12.0000,1.3850,1.4290,66.0000
1789471236.0903,-0.0720,-0.0680,-17.0000,1.2940,1.2740,62.0000,0.0190,0.0000,12.0000,1.3850,1.4290,66.0000
1789471236.1387,-0.0720,-0.0740,-17.0000,1.2940,1.2650,63.0000,0.0190,0.0000,12.0000,1.3850,1.4130,67.0000
1789471236.1898,-0.0720,-0.1060,-15.0000,1.2940,1.2960,61.0000,0.0190,0.0000,12.0000,1.3850,1.3130,72.0000
1789471236.2387,-0.0720,-0.0740,-17.0000,1.2940,1.3330,59.0000,0.0190,0.0110,12.0000,1.3850,1.3280,72.0000
1789471236.3380,-0.0720,-0.0570,-17.0000,1.2940,1.3090,61.0000,0.0190,0.0520,9.0000,1.3850,1.3920,69.0000
1789471236.3879,-0.0720,-0.0580,-17.0000,1.2940,1.3150,60.0000,0.0190,0.0600,9.0000,1.3850,1.4800,64.0000
1789471236.3900,-0.0720,-0.0920,-16.0000,1.2940,1.3040,60.0000,0.0190,0.0330,10.0000,1.3850,1.4060,67.0000
1789471236.4388,-0.0720,-0.1110,-14.0000,1.2940,1.2780,62.0000,0.0190,0.0050,11.0000,1.3850,1.4100,67.0000
1789471236.4894,-0.0720,-0.0860,-16.0000,1.2940,1.2570,63.0000,0.0190,0.0010,12.0000,1.3850,1.3200,72.0000
1789471236.5391,-0.0720,-0.0900,-15.0000,1.2940,1.2920,61.0000,0.0190,0.0110,11.0000,1.3850,1.3370,71.0000
1789471236.5887,-0.0720,-0.0670,-16.0000,1.2940,1.3030,61.0000,0.0190,0.0080,11.0000,1.3850,1.3800,69.0000
1789471236.6395,-0.0720,-0.0470,-17.0000,1.2940,1.3350,59.0000,0.0190,0.0120,11.0000,1.3850,1.4450,66.0000
1789471236.6887,-0.0720,-0.0550,-17.0000,1.2940,1.2680,63.0000,0.0190,0.0060,12.0000,1.3850,1.4450,65.0000
1789471236.7388,-0.0720,-0.0740,-16.0000,1.2940,1.2870,61.0000,0.0190,0.0130,11.0000,1.3850,1.3690,69.0000
1789471236.7889,-0.0720,-0.0940,-15.0000,1.2940,1.2670,63.0000,0.0190,0.0110,12.0000,1.3850,1.3560,70.0000
1789471236.8388,-0.0720,-0.0770,-16.0000,1.2940,1.2840,62.0000,0.0190,0.0200,11.0000,1.3850,1.3410,71.0000
1789471236.8901,-0.0720,-0.0760,-16.0000,1.2940,1.3060,61.0000,0.0190,0.0470,10.0000,1.3850,1.3460,71.0000
1789471236.9898,-0.0720,-0.0400,-18.0000,1.2940,1.2900,62.0000,0.0190,0.0590,9.0000,1.3850,1.4030,68.0000
1789471236.9909,-0.0720,-0.0420,-18.0000,1.2940,1.3000,61.0000,0.0190,0.0320,10.0000,1.3850,1.4190,67.0000
1789471237.0427,-0.0720,-0.0620,-17.0000,1.2940,1.3010,61.0000,0.0190,0.0220,10.0000,1.3850,1.4110,67.0000
1789471237.0902,-0.0720,-0.0840,-16.0000,1.2940,1.2750,62.0000,0.0190,0.0100,11.0000,1.3850,1.3710,69.0000
1789471237.1405,-0.0720,-0.0720,-16.0000,1.2940,1.2700,63.0000,0.0190,0.0070,11.0000,1.3850,1.3430,71.0000
1789471237.1901,-0.0720,-0.0920,-15.0000,1.2940,1.3000,61.0000,0.0190,0.0090,11.0000,1.3850,1.3620,70.0000
1789471237.2408,-0.0720,-0.0980,-15.0000,1.2940,1.3090,61.0000,0.0190,0.0120,11.0000,1.3850,1.3800,69.0000
1789471237.2903,-0.0720,-0.0550,-17.0000,1.2940,1.3150,60.0000,0.0190,0.0300,10.0000,1.3850,1.4060,68.0000
1789471237.3900,-0.0720,-0.0790,-16.0000,1.2940,1.2960,61.0000,0.0190,0.0630,8.0000,1.3850,1.4090,68.0000
1789471237.3913,-0.0720,-0.1270,-13.0000,1.2940,1.2920,61.0000,0.0190,0.0300,10.0000,1.3850,1.3830,69.0000
1789471237.4405,-0.0720,-0.1080,-13.0000,1.2940,1.2830,62.0000,0.0190,0.0140,10.0000,1.3850,1.3360,72.0000
1789471237.4906,-0.0720,-0.0720,-15.0000,1.2940,1.3130,60.0000,0.0190,0.0190,10.0000,1.3850,1.3870,69.0000
1789471237.5404,-0.0720,-0.0940,-13.0000,1.2940,1.3330,59.0000,0.0190,0.0150,10.0000,1.3850,1.3460,72.0000
1789471237.5902,-0.0720,-0.0780,-14.0000,1.2940,1.2900,61.0000,0.0190,0.0120,10.0000,1.3850,1.4130,68.0000
1789471237.6404,-0.0720,-0.0230,-17.0000,1.2940,1.2830,62.0000,0.0190,0.0180,10.0000,1.3850,1.4440,66.0000
1789471237.6903,-0.0720,-0.1080,-13.0000,1.2940,1.2750,62.0000,0.0190,0.0120,11.0000,1.3850,1.4010,68.0000
1789471237.7407,-0.0720,-0.1270,-11.0000,1.2940,1.2560,63.0000,0.0190,0.0070,11.0000,1.3850,1.3540,71.0000
1789471237.7903,-0.0720,-0.1040,-12.0000,1.2940,1.2680,63.0000,0.0190,0.0020,11.0000,1.3850,1.4280,66.0000
1789471237.8411,-0.0720,-0.1180,-11.0000,1.2940,1.3110,61.0000,0.0190,0.0010,12.0000,1.3850,1.4280,66.0000
1789471237.8906,-0.0720,-0.1120,-11.0000,1.2940,1.3050,61.0000,0.0190,0.0030,12.0000,1.3850,1.4330,65.0000
1789471237.9408,-0.0720,-0.0270,-16.0000,1.2940,1.2600,64.0000,0.0190,0.0040,12.0000,1.3850,1.4460,64.0000
1789471237.9903,-0.0720,-0.0800,-12.0000,1.2940,1.2510,65.0000,0.0190,0.0000,12.0000,1.3850,1.4530,63.0000
1789471238.0398,-0.0720,-0.1030,-11.0000,1.2940,1.2270,66.0000,0.0190,0.0010,12.0000,1.3850,1.3330,69.0000
1789471238.0902,-0.0720,-0.0740,-13.0000,1.2940,1.2660,65.0000,0.0190,0.0030,12.0000,1.3850,1.4250,64.0000
1789471238.1407,-0.0720,-0.1010,-11.0000,1.2940,1.3450,61.0000,0.0190,0.0140,12.0000,1.3850,1.4080,65.0000
1789471238.1927,-0.0720,-0.0880,-11.0000,1.2940,1.3300,61.0000,0.0190,0.0370,11.0000,1.3850,1.4270,64.0000
1789471238.2405,-0.0720,-0.0940,-11.0000,1.2940,1.2640,65.0000,0.0190,0.0460,10.0000,1.3850,1.4000,65.0000
1789471238.2904,-0.0720,-0.0590,-13.0000,1.2940,1.2460,66.0000,0.0190,0.0060,12.0000,1.3850,1.3760,66.0000
1789471238.3402,-0.0720,-0.0810,-11.0000,1.2940,1.2360,67.0000,0.0190,0.0070,12.0000,1.3850,1.3470,68.0000
1789471238.3904,-0.0720,-0.0980,-10.0000,1.2940,1.2760,65.0000,0.0190,0.0190,12.0000,1.3850,1.3870,65.0000
1789471238.4401,-0.0720,-0.0740,-12.0000,1.2940,1.2620,67.0000,0.0190,0.0360,11.0000,1.3850,1.4210,64.0000
1789471238.4908,-0.0720,-0.0750,-11.0000,1.2940,1.3570,61.0000,0.0190,0.0170,12.0000,1.3850,1.4010,65.0000
1789471238.5401,-0.0720,-0.0990,-10.0000,1.2940,1.3670,60.0000,0.0190,0.0190,12.0000,1.3850,1.4160,63.0000
1789471238.5909,-0.0720,-0.0820,-11.0000,1.2940,1.2450,67.0000,0.0190,0.0180,12.0000,1.3850,1.3950,64.0000
1789471238.6405,-0.0720,-0.0760,-11.0000,1.2940,1.2590,66.0000,0.0190,0.0090,12.0000,1.3850,1.3840,65.0000
1789471238.6907,-0.0720,-0.0870,-10.0000,1.2940,1.2340,68.0000,0.0190,0.0050,12.0000,1.3850,1.4050,63.0000
1789471238.7401,-0.0720,-0.0690,-11.0000,1.2940,1.2900,65.0000,0.0190,0.0170,12.0000,1.3850,1.4240,62.0000
1789471238.7905,-0.0720,-0.0820,-10.0000,1.2940,1.2840,66.0000,0.0190,0.0470,10.0000,1.3850,1.4070,63.0000
1789471238.8405,-0.0720,-0.0630,-11.0000,1.2940,1.3930,59.0000,0.0190,0.0520,10.0000,1.3850,1.4110,62.0000
1789471238.8905,-0.0720,-0.0780,-10.0000,1.2940,1.3650,61.0000,0.0190,0.0390,10.0000,1.3850,1.3850,63.0000
1789471238.9903,-0.0720,-0.0910,-9.0000,1.2940,1.1930,70.0000,0.0190,0.0100,12.0000,1.3850,1.3910,63.0000
1789471238.9916,-0.0720,-0.0540,-12.0000,1.2940,1.2400,68.0000,0.0190,0.0010,12.0000,1.3850,1.3860,63.0000
1789471239.0401,-0.0720,-0.0680,-11.0000,1.2940,1.2300,69.0000,0.0190,0.0010,12.0000,1.3850,1.4100,62.0000
1789471239.0907,-0.0720,-0.0690,-11.0000,1.2940,1.2950,66.0000,0.0190,0.0000,12.0000,1.3850,1.3870,63.0000
1789471239.1405,-0.0720,-0.0860,-10.0000,1.2940,1.3810,61.0000,0.0190,0.0100,12.0000,1.3850,1.4030,62.0000
1789471239.2404,-0.0720,-0.1180,-8.0000,1.2940,1.3880,60.0000,0.0190,0.0220,12.0000,1.3850,1.3750,63.0000
1789471239.2417,-0.0720,-0.0670,-10.0000,1.2940,1.3610,61.0000,0.0190,0.0300,11.0000,1.3850,1.4080,61.0000
1789471239.2904,-0.0720,-0.0690,-10.0000,1.2940,1.1780,71.0000,0.0190,0.0200,12.0000,1.3850,1.3710,63.0000
1789471239.3415,-0.0720,-0.0540,-11.0000,1.2940,1.2630,66.0000,0.0190,0.0260,11.0000,1.3850,1.4110,61.0000
1789471239.4400,-0.0720,-0.1030,-8.0000,1.2940,1.2570,67.0000,0.0190,0.0490,10.0000,1.3850,1.3780,63.0000
1789471239.4900,-0.0720,-0.0850,-9.0000,1.2940,1.3080,65.0000,0.0190,0.0360,10.0000,1.3850,1.4050,61.0000
1789471239.5415,-0.0720,-0.1190,-7.0000,1.2940,1.3640,62.0000,0.0190,0.0180,11.0000,1.3850,1.3810,62.0000
1789471239.5911,-0.0720,-0.0950,-8.0000,1.2940,1.2620,67.0000,0.0190,0.0350,10.0000,1.3850,1.3930,62.0000
1789471239.5924,-0.0720,-0.0420,-11.0000,1.2940,1.2560,67.0000,0.0190,0.0070,12.0000,1.3850,1.3840,62.0000
1789471239.6910,-0.0720,-0.0860,-8.0000,1.2940,1.2500,68.0000,0.0190,0.0080,12.0000,1.3850,1.3970,61.0000
1789471239.7410,-0.0720,-0.0650,-9.0000,1.2940,1.2480,69.0000,0.0190,0.0110,11.0000,1.3850,1.3850,62.0000
1789471239.7912,-0.0720,-0.0650,-9.0000,1.2940,1.3020,66.0000,0.0190,0.0110,12.0000,1.3850,1.3930,62.0000
1789471239.8411,-0.0720,-0.1050,-7.0000,1.2940,1.3600,63.0000,0.0190,0.0360,10.0000,1.3850,1.3890,62.0000
1789471239.8419,-0.0720,-0.0880,-8.0000,1.2940,1.3240,65.0000,0.0190,0.0870,7.0000,1.3850,1.3840,62.0000
1789471239.8919,-0.0720,-0.0350,-11.0000,1.2940,1.3080,65.0000,0.0190,0.0230,10.0000,1.3850,1.3780,62.0000
1789471239.9911,-0.0720,-0.0360,-11.0000,1.2940,1.2580,68.0000,0.0190,0.0370,9.0000,1.3850,1.3830,62.0000
1789471239.9924,-0.0720,-0.0700,-9.0000,1.2940,1.3140,65.0000,0.0190,0.1700,1.0000,1.3850,1.3810,62.0000
1789471240.0419,-0.0720,-0.0510,-11.0000,1.2940,1.2630,68.0000,0.0190,0.2180,-3.0000,1.3850,1.3850,62.0000
1789471240.0917,-0.0720,-0.0550,-11.0000,1.2940,1.3350,64.0000,0.0190,0.1790,-3.0000,1.3850,1.3900,62.0000
1789471240.1443,-0.0720,-0.0400,-12.0000,1.2940,1.3920,60.0000,0.0190,0.1610,-4.0000,1.3850,1.3850,62.0000
1789471240.1918,-0.0720,-0.0790,-10.0000,1.2940,1.2130,70.0000,0.0190,0.1520,-6.0000,1.3850,1.3860,62.0000
1789471240.2450,-0.0720,-0.0340,-12.0000,1.2940,1.2720,66.0000,0.0190,0.1110,-5.0000,1.3850,1.3770,63.0000
1789471240.2918,-0.0720,-0.0800,-10.0000,1.2940,1.2520,68.0000,0.0190,0.0980,-6.0000,1.3850,1.3900,62.0000
1789471240.3419,-0.0720,-0.0590,-11.0000,1.2940,1.2510,68.0000,0.0190,0.0300,-3.0000,1.3850,1.3760,63.0000
1789471240.3917,-0.0720,-0.0810,-10.0000,1.2940,1.3080,65.0000,0.0190,0.0040,-2.0000,1.3850,1.3940,61.0000
1789471240.4420,-0.0720,-0.0820,-10.0000,1.2940,1.3690,62.0000,0.0190,0.0010,-1.0000,1.3850,1.3700,63.0000
1789471240.4918,-0.0720,-0.0650,-11.0000,1.2940,1.3860,60.0000,0.0190,0.0060,-2.0000,1.3850,1.3960,61.0000
1789471240.5420,-0.0720,-0.0850,-10.0000,1.2940,1.3700,60.0000,0.0190,0.0080,-1.0000,1.3850,1.3730,63.0000
1789471240.5918,-0.0720,-0.0720,-11.0000,1.2940,1.2220,68.0000,0.0190,0.0010,-1.0000,1.3850,1.3910,62.0000
1789471240.6421,-0.0720,-0.0400,-12.0000,1.2940,1.2630,66.0000,0.0190,0.0000,-1.0000,1.3850,1.3700,63.0000
1789471240.7413,-0.0720,-0.1030,-9.0000,1.2940,1.2840,65.0000,0.0190,0.0050,-1.0000,1.3850,1.4020,61.0000
1789471240.7914,-0.0720,-0.1210,-8.0000,1.2940,1.3030,64.0000,0.0190,0.0900,-6.0000,1.3850,1.3720,63.0000
1789471240.8413,-0.0720,-0.1270,-7.0000,1.2940,1.2870,65.0000,0.0190,0.1180,-8.0000,1.3850,1.4010,61.0000
1789471240.8426,-0.0720,-0.0670,-10.0000,1.2940,1.2230,69.0000,0.0190,0.0220,-3.0000,1.3850,1.3730,63.0000
1789471240.8917,-0.0720,-0.0520,-11.0000,1.2940,1.2640,67.0000,0.0190,0.0050,-2.0000,1.3850,1.3970,61.0000
1789471240.9911,-0.0720,-0.0790,-9.0000,1.2940,1.2530,68.0000,0.0190,0.0000,-2.0000,1.3850,1.3680,63.0000
1789471241.0419,-0.0720,-0.0900,-8.0000,1.2940,1.2650,68.0000,0.0190,0.0210,-3.0000,1.3850,1.3920,62.0000
1789471241.0432,-0.0720,-0.0810,-9.0000,1.2940,1.2940,67.0000,0.0190,0.0970,-8.0000,1.3850,1.3710,63.0000
1789471241.1412,-0.0720,-0.0780,-9.0000,1.2940,1.3660,63.0000,0.0190,0.0630,-6.0000,1.3850,1.3990,61.0000
1789471241.1913,-0.0720,-0.0830,-9.0000,1.2940,1.3770,62.0000,0.0190,0.0110,-4.0000,1.3850,1.3760,63.0000
1789471241.1926,-0.0720,-0.0550,-10.0000,1.2940,1.2660,67.0000,0.0190,0.0010,-3.0000,1.3850,1.3990,61.0000
1789471241.2428,-0.0720,-0.0640,-10.0000,1.2940,1.2700,67.0000,0.0190,0.0000,-3.0000,1.3850,1.3720,63.0000
1789471241.3412,-0.0720,-0.0710,-9.0000,1.2940,1.2690,67.0000,0.0190,0.0000,-3.0000,1.3850,1.3920,62.0000
1789471241.3426,-0.0720,-0.0440,-11.0000,1.2940,1.2940,66.0000,0.0190,0.0230,-4.0000,1.3850,1.3730,63.0000
1789471241.4414,-0.0720,-0.0820,-9.0000,1.2940,1.3520,62.0000,0.0190,0.0630,-6.0000,1.3850,1.3920,62.0000
1789471241.4428,-0.0720,-0.0700,-10.0000,1.2940,1.3380,63.0000,0.0190,0.0570,-6.0000,1.3850,1.3740,63.0000
1789471241.4927,-0.0720,-0.0620,-10.0000,1.2940,1.3540,61.0000,0.0190,0.0130,-4.0000,1.3850,1.3980,62.0000
1789471241.5419,-0.0720,-0.0590,-10.0000,1.2940,1.1990,70.0000,0.0190,0.0120,-4.0000,1.3850,1.3730,63.0000
1789471241.5917,-0.0720,-0.0620,-10.0000,1.2940,1.2560,67.0000,0.0190,0.0210,-5.0000,1.3850,1.3850,62.0000
1789471241.6420,-0.0720,-0.0740,-10.0000,1.2940,1.2770,66.0000,0.0190,0.0180,-4.0000,1.3850,1.3800,63.0000
1789471241.6924,-0.0720,-0.0630,-10.0000,1.2940,1.3220,64.0000,0.0190,0.0210,-5.0000,1.3850,1.3920,62.0000
1789471241.7913,-0.0720,-0.0930,-9.0000,1.2940,1.3370,63.0000,0.0190,0.0210,-5.0000,1.3850,1.3880,62.0000
1789471241.8430,-0.0720,-0.0850,-9.0000,1.2940,1.3150,64.0000,0.0190,0.0040,-4.0000,1.3850,1.3920,62.0000
1789471241.8444,-0.0720,-0.0480,-11.0000,1.2940,1.2530,67.0000,0.0190,-0.0010,-3.0000,1.3850,1.3920,62.0000
1789471241.8920,-0.0720,-0.0690,-10.0000,1.2940,1.2830,66.0000,0.0190,-0.0000,-3.0000,1.3850,1.3920,62.0000
1789471241.9420,-0.0720,-0.0710,-10.0000,1.2940,1.2930,65.0000,0.0190,0.0010,-3.0000,1.3850,1.3820,62.0000
1789471241.9919,-0.0720,-0.0570,-11.0000,1.2940,1.3120,64.0000,0.0190,0.0000,-3.0000,1.3850,1.3820,62.0000
1789471242.0912,-0.0720,-0.0860,-9.0000,1.2940,1.3200,64.0000,0.0190,0.0000,-2.0000,1.3850,1.3860,62.0000
1789471242.0925,-0.0720,-0.0610,-11.0000,1.2940,1.3320,63.0000,0.0190,0.0000,-2.0000,1.3850,1.3890,62.0000
1789471242.1420,-0.0720,-0.0620,-11.0000,1.2940,1.2840,65.0000,0.0190,0.0000,-2.0000,1.3850,1.3960,62.0000
1789471242.1924,-0.0720,-0.0790,-10.0000,1.2940,1.2490,67.0000,0.0190,0.0000,-2.0000,1.3850,1.3740,63.0000
1789471242.2420,-0.0720,-0.0700,-10.0000,1.2940,1.2800,66.0000,0.0190,0.0000,-1.0000,1.3850,1.3900,62.0000
1789471242.2919,-0.0720,-0.0790,-10.0000,1.2940,1.2690,67.0000,0.0190,0.0000,-1.0000,1.3850,1.3690,63.0000
1789471242.3913,-0.0720,-0.1130,-7.0000,1.2940,1.3170,64.0000,0.0190,0.0000,-1.0000,1.3850,1.3830,62.0000
1789471242.4414,-0.0720,-0.0880,-9.0000,1.2940,1.3630,61.0000,0.0190,0.0000,-1.0000,1.3850,1.3650,63.0000
1789471242.4911,-0.0720,-0.0520,-11.0000,1.2940,1.3240,63.0000,0.0190,0.0000,0.0000,1.3850,1.3990,61.0000
1789471242.4924,-0.0720,-0.0770,-9.0000,1.2940,1.2530,67.0000,0.0190,0.0000,0.0000,1.3850,1.3870,62.0000
1789471242.5912,-0.0720,-0.0390,-11.0000,1.2940,1.2580,67.0000,0.0190,0.0000,0.0000,1.3850,1.3900,62.0000
1789471242.6412,-0.0720,-0.0630,-10.0000,1.2940,1.2720,66.0000,0.0190,0.0000,0.0000,1.3850,1.3750,63.0000
1789471242.6914,-0.0720,-0.0600,-11.0000,1.2940,1.3230,63.0000,0.0190,0.0000,0.0000,1.3850,1.3990,61.0000
1789471242.7413,-0.0720,-0.0650,-10.0000,1.2940,1.3420,62.0000,0.0190,0.0000,1.0000,1.3850,1.3620,63.0000
1789471242.7912,-0.0720,-0.0570,-11.0000,1.2940,1.3670,60.0000,0.0190,0.0000,1.0000,1.3850,1.3880,62.0000
1789471242.8412,-0.0720,-0.0530,-11.0000,1.2940,1.2770,65.0000,0.0190,0.0000,1.0000,1.3850,1.3620,64.0000
1789471242.8912,-0.0720,-0.0720,-10.0000,1.2940,1.2530,66.0000,0.0190,0.0000,1.0000,1.3850,1.3970,62.0000
1789471242.9413,-0.0720,-0.0580,-11.0000,1.2940,1.2760,65.0000,0.0190,0.0000,2.0000,1.3850,1.3690,63.0000
1789471242.9921,-0.0720,-0.0850,-10.0000,1.2940,1.2580,66.0000,0.0190,0.0000,2.0000,1.3850,1.4080,61.0000
1789471243.0412,-0.0720,-0.0820,-10.0000,1.2940,1.3110,64.0000,0.0190,0.0000,2.0000,1.3850,1.3740,63.0000
1789471243.0927,-0.0720,-0.0600,-11.0000,1.2940,1.3280,63.0000,0.0190,0.0000,2.0000,1.3850,1.4030,61.0000
1789471243.1430,-0.0720,-0.0700,-11.0000,1.2940,1.2550,67.0000,0.0190,0.0000,3.0000,1.3850,1.3750,63.0000
1789471243.1447,-0.0720,-0.0840,-10.0000,1.2940,1.2190,69.0000,0.0190,0.0000,3.0000,1.3850,1.3960,62.0000
1789471243.2440,-0.0720,-0.0680,-11.0000,1.2940,1.2660,67.0000,0.0190,0.0000,3.0000,1.3850,1.3910,62.0000
1789471243.2931,-0.0720,-0.0700,-10.0000,1.2940,1.2600,68.0000,0.0190,0.0000,3.0000,1.3850,1.3950,62.0000
1789471243.2943,-0.0720,-0.0960,-9.0000,1.2940,1.2800,67.0000,0.0190,0.0000,4.0000,1.3850,1.3920,62.0000
1789471243.3440,-0.0720,-0.0770,-10.0000,1.2940,1.3520,63.0000,0.0190,0.0000,4.0000,1.3850,1.3920,62.0000
1789471243.4443,-0.0720,-0.0530,-11.0000,1.2940,1.4010,60.0000,0.0190,0.0000,4.0000,1.3850,1.3930,62.0000
1789471243.4453,-0.0720,-0.0860,-9.0000,1.2940,1.2460,68.0000,0.0190,0.0000,4.0000,1.3850,1.3850,62.0000
1789471243.5442,-0.0720,-0.0690,-10.0000,1.2940,1.2420,68.0000,0.0190,0.0000,5.0000,1.3850,1.3890,62.0000
1789471243.5932,-0.0720,-0.0550,-11.0000,1.2940,1.2330,69.0000,0.0190,0.0020,5.0000,1.3850,1.3790,62.0000
1789471243.6416,-0.0720,-0.0690,-10.0000,1.2940,1.2880,66.0000,0.0190,0.0020,5.0000,1.3850,1.3870,62.0000
1789471243.6446,-0.0720,-0.0490,-12.0000,1.2940,1.3070,66.0000,0.0190,0.0150,4.0000,1.3850,1.3740,63.0000
1789471243.7471,-0.0720,-0.0840,-10.0000,1.2940,1.4000,60.0000,0.0190,0.0230,4.0000,1.3850,1.3910,62.0000
1789471243.7952,-0.0720,-0.0500,-12.0000,1.2940,1.3820,60.0000,0.0190,0.0770,1.0000,1.3850,1.3660,63.0000
1789471243.8452,-0.0720,-0.0750,-10.0000,1.2940,1.1370,74.0000,0.0190,0.0710,1.0000,1.3850,1.3900,62.0000
1789471243.8953,-0.0720,-0.0260,-13.0000,1.2940,1.2660,66.0000,0.0190,0.0060,4.0000,1.3850,1.3670,63.0000
1789471243.9454,-0.0720,-0.0680,-11.0000,1.2940,1.2400,69.0000,0.0190,0.0000,4.0000,1.3850,1.3950,62.0000
1789471243.9952,-0.0720,-0.0290,-14.0000,1.2940,1.2980,66.0000,0.0190,0.0010,4.0000,1.3850,1.3680,63.0000
1789471244.0451,-0.0720,-0.0860,-11.0000,1.2940,1.3650,62.0000,0.0190,0.0100,4.0000,1.3850,1.3920,62.0000
1789471244.0965,-0.0720,-0.0670,-12.0000,1.2940,1.3980,59.0000,0.0190,0.0200,3.0000,1.3850,1.3730,63.0000
1789471244.1463,-0.0720,-0.0810,-11.0000,1.2940,1.3750,60.0000,0.0190,0.0020,5.0000,1.3850,1.3980,61.0000
1789471244.1963,-0.0720,-0.0440,-13.0000,1.2940,1.1630,71.0000,0.0190,0.0030,5.0000,1.3850,1.3630,64.0000
1789471244.2471,-0.0720,-0.0710,-12.0000,1.2940,1.2840,64.0000,0.0190,0.0340,3.0000,1.3850,1.3910,62.0000
1789471244.2485,-0.0720,-0.0780,-11.0000,1.2940,1.2550,66.0000,0.0190,0.0980,-1.0000,1.3850,1.3680,63.0000
1789471244.2972,-0.0720,-0.0660,-12.0000,1.2940,1.3050,63.0000,0.0190,0.0900,-1.0000,1.3850,1.4000,62.0000
1789471244.3470,-0.0720,-0.0850,-11.0000,1.2940,1.3200,63.0000,0.0190,0.1090,-3.0000,1.3850,1.3770,63.0000
1789471244.3968,-0.0720,-0.0430,-13.0000,1.2940,1.2650,66.0000,0.0190,0.1110,-4.0000,1.3850,1.3990,62.0000
1789471244.4505,-0.0720,-0.0460,-13.0000,1.2940,1.2600,66.0000,0.0190,0.0360,-1.0000,1.3850,1.3700,63.0000
1789471244.5000,-0.0720,-0.1050,-10.0000,1.2940,1.2660,66.0000,0.0190,0.0870,-4.0000,1.3850,1.4000,61.0000
1789471244.5502,-0.0720,-0.0730,-12.0000,1.2940,1.2690,66.0000,0.0190,0.0920,-5.0000,1.3850,1.3730,63.0000
1789471244.6000,-0.0720,-0.0750,-12.0000,1.2940,1.2950,65.0000,0.0190,0.0240,-2.0000,1.3850,1.4040,61.0000
1789471244.6506,-0.0720,-0.0910,-11.0000,1.2940,1.3560,62.0000,0.0190,0.0240,-2.0000,1.3850,1.3800,63.0000
1789471244.7013,-0.0720,-0.0880,-11.0000,1.2940,1.3490,62.0000,0.0190,0.0900,-6.0000,1.3850,1.4040,61.0000
1789471244.7507,-0.0720,-0.0510,-13.0000,1.2940,1.2420,68.0000,0.0190,0.0270,-3.0000,1.3850,1.3730,63.0000
1789471244.8004,-0.0720,-0.0630,-12.0000,1.2940,1.2530,67.0000,0.0190,0.0080,-3.0000,1.3850,1.3990,61.0000
1789471244.8531,-0.0720,-0.0530,-13.0000,1.2940,1.2730,67.0000,0.0190,0.0240,-3.0000,1.3850,1.3810,62.0000
1789471244.9048,-0.0720,-0.0670,-12.0000,1.2940,1.2680,67.0000,0.0190,0.0040,-2.0000,1.3850,1.3830,62.0000
1789471244.9530,-0.0720,-0.0940,-11.0000,1.2940,1.3500,62.0000,0.0190,0.0010,-2.0000,1.3850,1.3900,62.0000
1789471245.0033,-0.0720,-0.0840,-11.0000,1.2940,1.3880,60.0000,0.0190,0.0000,-2.0000,1.3850,1.3870,62.0000
1789471245.0530,-0.0720,-0.0390,-14.0000,1.2940,1.2670,64.0000,0.0190,0.0000,-2.0000,1.3850,1.3930,62.0000
1789471245.1031,-0.0720,-0.0140,-15.0000,1.2940,1.2680,66.0000,0.0190,0.0030,-2.0000,1.3850,1.3780,63.0000
1789471245.1530,-0.0720,-0.0780,-12.0000,1.2940,1.2250,68.0000,0.0190,0.0000,-1.0000,1.3850,1.3870,62.0000
1789471245.2029,-0.0720,-0.0860,-12.0000,1.2940,1.2600,67.0000,0.0190,0.0060,-1.0000,1.3850,1.3730,63.0000
1789471245.2582,-0.0720,-0.0880,-12.0000,1.2940,1.3100,64.0000,0.0190,0.0000,-1.0000,1.3850,1.3860,62.0000
1789471245.3532,-0.0720,-0.1080,-10.0000,1.2940,1.3570,62.0000,0.0190,0.0000,0.0000,1.3850,1.3720,63.0000
1789471245.4023,-0.0720,-0.0820,-11.0000,1.2940,1.3780,60.0000,0.0190,0.0000,0.0000,1.3850,1.4030,61.0000
1789471245.4522,-0.0720,-0.0880,-11.0000,1.2940,1.3540,60.0000,0.0190,0.0000,0.0000,1.3850,1.3850,62.0000
1789471245.5023,-0.0720,-0.0110,-15.0000,1.2940,1.2820,64.0000,0.0190,0.0010,0.0000,1.3850,1.4010,61.0000
1789471245.5523,-0.0720,-0.0860,-11.0000,1.2940,1.2670,65.0000,0.0190,0.0120,0.0000,1.3850,1.3650,63.0000
1789471245.6042,-0.0720,-0.0710,-12.0000,1.2940,1.2600,65.0000,0.0190,0.0010,0.0000,1.3850,1.3870,62.0000
1789471245.6532,-0.0720,-0.0830,-11.0000,1.2940,1.3330,61.0000,0.0190,0.0000,1.0000,1.3850,1.3700,63.0000
1789471245.7042,-0.0720,-0.0900,-11.0000,1.2940,1.2900,64.0000,0.0190,0.0000,1.0000,1.3850,1.3950,62.0000
1789471245.7533,-0.0720,-0.0160,-15.0000,1.2940,1.2810,64.0000,0.0190,0.0000,1.0000,1.3850,1.3690,63.0000
1789471245.8041,-0.0720,-0.0530,-13.0000,1.2940,1.2780,65.0000,0.0190,0.0030,1.0000,1.3850,1.3970,62.0000
1789471245.8533,-0.0720,-0.0760,-12.0000,1.2940,1.2680,65.0000,0.0190,0.0000,2.0000,1.3850,1.3660,63.0000
1789471245.9042,-0.0720,-0.0820,-12.0000,1.2940,1.2680,66.0000,0.0190,0.0000,2.0000,1.3850,1.3850,62.0000
1789471245.9533,-0.0720,-0.0950,-11.0000,1.2940,1.2910,65.0000,0.0190,0.0000,2.0000,1.3850,1.3640,64.0000
1789471246.0042,-0.0720,-0.0940,-11.0000,1.2940,1.3660,60.0000,0.0190,0.0000,2.0000,1.3850,1.4020,62.0000
1789471246.0533,-0.0720,-0.0820,-11.0000,1.2940,1.3150,63.0000,0.0190,0.0000,3.0000,1.3850,1.3730,63.0000
1789471246.1039,-0.0720,-0.0850,-11.0000,1.2940,1.2670,65.0000,0.0190,0.0000,3.0000,1.3850,1.4050,62.0000
1789471246.1532,-0.0720,-0.0320,-14.0000,1.2940,1.2720,65.0000,0.0190,0.0000,3.0000,1.3850,1.3840,63.0000
1789471246.2043,-0.0720,-0.0490,-13.0000,1.2940,1.2670,66.0000,0.0190,0.0000,3.0000,1.3850,1.3960,62.0000
1789471246.2532,-0.0720,-0.0810,-12.0000,1.2940,1.3000,64.0000,0.0190,0.0000,4.0000,1.3850,1.3710,63.0000
1789471246.3042,-0.0720,-0.0730,-12.0000,1.2940,1.3290,62.0000,0.0190,0.0000,4.0000,1.3850,1.3990,62.0000
1789471246.3533,-0.0720,-0.0520,-13.0000,1.2940,1.3430,61.0000,0.0190,0.0000,4.0000,1.3850,1.3830,63.0000
1789471246.3545,-0.0720,-0.0110,-16.0000,1.2940,1.3060,63.0000,0.0190,-0.0050,5.0000,1.3850,1.4040,61.0000
1789471246.4546,-0.0720,-0.0100,-16.0000,1.2940,1.2760,64.0000,0.0190,0.0010,4.0000,1.3850,1.3790,63.0000
1789471246.4555,-0.0720,-0.1080,-11.0000,1.2940,1.2580,66.0000,0.0190,0.0210,4.0000,1.3850,1.3800,63.0000
1789471246.5533,-0.0720,-0.1210,-11.0000,1.2940,1.2960,63.0000,0.0190,0.0830,0.0000,1.3850,1.3360,65.0000
1789471246.6041,-0.0720,-0.1540,-8.0000,1.2940,1.2960,64.0000,0.0190,0.1040,-2.0000,1.3850,1.3390,66.0000
1789471246.6533,-0.0720,-0.1070,-10.0000,1.2940,1.3320,61.0000,0.0190,0.0210,2.0000,1.3850,1.3240,67.0000
1789471246.7047,-0.0720,-0.0880,-11.0000,1.2940,1.2980,63.0000,0.0190,0.0020,3.0000,1.3850,1.4120,63.0000
1789471246.7058,-0.0720,-0.0830,-11.0000,1.2940,1.2850,64.0000,0.0190,-0.0010,3.0000,1.3850,1.4070,63.0000
1789471246.7542,-0.0720,-0.0070,-15.0000,1.2940,1.2770,64.0000,0.0190,-0.0000,3.0000,1.3850,1.4170,62.0000
1789471246.8532,-0.0720,-0.0850,-11.0000,1.2940,1.2740,65.0000,0.0190,0.0010,3.0000,1.3850,1.3500,66.0000
1789471246.9043,-0.0720,-0.0710,-12.0000,1.2940,1.3180,62.0000,0.0190,0.0000,4.0000,1.3850,1.3780,64.0000
1789471246.9532,-0.0720,-0.0720,-12.0000,1.2940,1.3110,62.0000,0.0190,0.0000,4.0000,1.3850,1.3810,64.0000
1789471246.9544,-0.0720,-0.0780,-11.0000,1.2940,1.3160,62.0000,0.0190,-0.0040,4.0000,1.3850,1.4100,63.0000
1789471247.0045,-0.0720,-0.0210,-15.0000,1.2940,1.2970,63.0000,0.0190,-0.0030,5.0000,1.3850,1.4070,63.0000
1789471247.0540,-0.0720,-0.0070,-16.0000,1.2940,1.2980,63.0000,0.0190,0.0000,5.0000,1.3850,1.3910,63.0000
1789471247.1041,-0.0720,-0.0960,-11.0000,1.2940,1.2920,63.0000,0.0190,0.0050,5.0000,1.3850,1.2950,69.0000
1789471247.2041,-0.0720,-0.1020,-11.0000,1.2940,1.2960,63.0000,0.0190,0.0000,5.0000,1.3850,1.3590,66.0000
1789471247.2532,-0.0720,-0.0900,-12.0000,1.2940,1.3070,62.0000,0.0190,0.0000,5.0000,1.3850,1.3860,65.0000
1789471247.3041,-0.0720,-0.0410,-14.0000,1.2940,1.3260,61.0000,0.0190,0.0000,6.0000,1.3850,1.4150,63.0000
1789471247.3531,-0.0720,-0.0190,-16.0000,1.2940,1.3090,61.0000,0.0190,0.0000,6.0000,1.3850,1.4240,62.0000
1789471247.4042,-0.0720,-0.0040,-17.0000,1.2940,1.2900,62.0000,0.0190,0.0000,6.0000,1.3850,1.3360,67.0000
1789471247.4531,-0.0720,-0.0390,-16.0000,1.2940,1.2680,64.0000,0.0190,0.0000,6.0000,1.3850,1.3200,68.0000
1789471247.5044,-0.0720,-0.0790,-14.0000,1.2940,1.3150,61.0000,0.0190,0.0030,6.0000,1.3850,1.3310,68.0000
1789471247.5533,-0.0720,-0.0660,-15.0000,1.2940,1.3010,62.0000,0.0190,0.0010,7.0000,1.3850,1.3950,65.0000
1789471247.6041,-0.0720,-0.0490,-16.0000,1.2940,1.3100,61.0000,0.0190,0.0000,7.0000,1.3850,1.3890,66.0000
1789471247.6538,-0.0720,-0.0740,-14.0000,1.2940,1.3200,60.0000,0.0190,0.0000,7.0000,1.3850,1.4160,64.0000
1789471247.6557,-0.0720,-0.0160,-18.0000,1.2940,1.2900,62.0000,0.0190,0.0000,8.0000,1.3850,1.3490,68.0000
1789471247.7532,-0.0720,-0.0350,-17.0000,1.2940,1.2770,63.0000,0.0190,0.0000,8.0000,1.3850,1.3260,69.0000
1789471247.8042,-0.0720,-0.0660,-16.0000,1.2940,1.3160,60.0000,0.0190,0.0080,8.0000,1.3850,1.3210,70.0000
1789471247.8532,-0.0720,-0.0800,-15.0000,1.2940,1.3080,61.0000,0.0190,0.0610,5.0000,1.3850,1.3690,68.0000
1789471247.9040,-0.0720,-0.0470,-17.0000,1.2940,1.3040,61.0000,0.0190,0.0240,7.0000,1.3850,1.3810,68.0000
1789471247.9531,-0.0720,-0.0590,-17.0000,1.2940,1.2870,62.0000,0.0190,0.0160,7.0000,1.3850,1.4270,65.0000
1789471248.0042,-0.0720,-0.0280,-19.0000,1.2940,1.2990,61.0000,0.0190,0.0150,7.0000,1.3850,1.3800,68.0000
1789471248.0533,-0.0720,-0.0410,-18.0000,1.2940,1.2580,63.0000,0.0190,0.0160,7.0000,1.3850,1.3410,70.0000
1789471248.1041,-0.0720,-0.0970,-16.0000,1.2940,1.2780,62.0000,0.0190,0.0220,6.0000,1.3850,1.3500,69.0000
1789471248.1532,-0.0720,-0.1020,-15.0000,1.2940,1.2880,62.0000,0.0190,0.0170,7.0000,1.3850,1.4160,66.0000
1789471248.2040,-0.0720,-0.1030,-15.0000,1.2940,1.2730,63.0000,0.0190,0.0030,8.0000,1.3850,1.4190,66.0000
1789471248.2052,-0.0720,-0.0950,-15.0000,1.2940,1.3310,60.0000,0.0190,0.0080,7.0000,1.3850,1.4540,63.0000
1789471248.3046,-0.0720,-0.0540,-17.0000,1.2940,1.3180,61.0000,0.0190,0.0040,8.0000,1.3850,1.3870,67.0000
1789471248.3549,-0.0720,-0.0290,-19.0000,1.2940,1.2880,62.0000,0.0190,0.0060,8.0000,1.3850,1.3570,68.0000
1789471248.3564,-0.0720,-0.0540,-18.0000,1.2940,1.2680,63.0000,0.0190,0.0060,8.0000,1.3850,1.3570,68.0000
1789471248.4551,-0.0720,-0.1060,-15.0000,1.2940,1.2920,62.0000,0.0190,0.0190,7.0000,1.3850,1.3790,67.0000
1789471248.4564,-0.0720,-0.0840,-16.0000,1.2940,1.2650,64.0000,0.0190,0.0610,5.0000,1.3850,1.4010,66.0000
1789471248.5562,-0.0720,-0.0710,-17.0000,1.2940,1.2940,62.0000,0.0190,0.0240,7.0000,1.3850,1.4500,63.0000
1789471248.6062,-0.0720,-0.0820,-16.0000,1.2940,1.3340,60.0000,0.0190,0.0400,6.0000,1.3850,1.3980,66.0000
1789471248.6416,-0.0720,-0.0560,-17.0000,1.2940,1.3160,60.0000,0.0190,0.0500,5.0000,1.3850,1.3610,68.0000
1789471248.7101,-0.0720,-0.0190,-20.0000,1.2940,1.2560,64.0000,0.0190,0.0070,7.0000,1.3850,1.3630,68.0000
1789471248.7113,-0.0720,-0.0780,-17.0000,1.2940,1.2820,62.0000,0.0190,0.0120,7.0000,1.3850,1.3740,67.0000
1789471248.8151,-0.0720,-0.0850,-16.0000,1.2940,1.2580,64.0000,0.0190,0.0030,7.0000,1.3850,1.3880,67.0000
1789471248.8165,-0.0720,-0.0880,-16.0000,1.2940,1.2700,63.0000,0.0190,0.0000,8.0000,1.3850,1.4220,65.0000
1789471248.9143,-0.0720,-0.0320,-19.0000,1.2940,1.3380,60.0000,0.0190,0.0030,8.0000,1.3850,1.4240,64.0000
1789471248.9655,-0.0720,-0.0850,-16.0000,1.2940,1.3340,60.0000,0.0190,0.0280,6.0000,1.3850,1.3320,69.0000
1789471249.0150,-0.0720,-0.0220,-20.0000,1.2940,1.2930,62.0000,0.0190,0.0570,5.0000,1.3850,1.3550,68.0000
1789471249.0163,-0.0720,-0.0100,-21.0000,1.2940,1.2750,63.0000,0.0190,0.0120,7.0000,1.3850,1.4010,66.0000
1789471249.0651,-0.0720,-0.0900,-17.0000,1.2940,1.2880,62.0000,0.0190,0.0460,5.0000,1.3850,1.3700,68.0000
1789471249.1651,-0.0720,-0.0640,-19.0000,1.2940,1.3040,61.0000,0.0190,0.0410,5.0000,1.3850,1.3560,69.0000
1789471249.1663,-0.0720,-0.0700,-19.0000,1.2940,1.3050,61.0000,0.0190,0.0090,7.0000,1.3850,1.3930,67.0000
1789471249.2648,-0.0720,-0.0620,-19.0000,1.2940,1.3090,61.0000,0.0190,0.0100,6.0000,1.3850,1.3650,68.0000
1789471249.3144,-0.0720,-0.0550,-20.0000,1.2940,1.2830,62.0000,0.0190,0.0020,7.0000,1.3850,1.3880,67.0000
1789471249.3664,-0.0720,-0.0660,-19.0000,1.2940,1.2820,62.0000,0.0190,0.0050,7.0000,1.3850,1.3780,68.0000
1789471249.4170,-0.0720,-0.0690,-19.0000,1.2940,1.2970,61.0000,0.0190,0.0010,7.0000,1.3850,1.3840,67.0000
1789471249.4183,-0.0720,-0.0840,-18.0000,1.2940,1.2810,62.0000,0.0190,0.0030,8.0000,1.3850,1.3930,67.0000
1789471249.4672,-0.0720,-0.0490,-20.0000,1.2940,1.2870,62.0000,0.0190,0.0010,8.0000,1.3850,1.4070,66.0000
1789471249.5171,-0.0720,-0.0450,-21.0000,1.2940,1.2760,63.0000,0.0190,0.0070,8.0000,1.3850,1.3550,69.0000
1789471249.5673,-0.0720,-0.0660,-20.0000,1.2940,1.2980,62.0000,0.0190,0.0110,8.0000,1.3850,1.3400,70.0000
1789471249.6171,-0.0720,-0.0680,-20.0000,1.2940,1.3030,62.0000,0.0190,0.0160,8.0000,1.3850,1.3770,68.0000
1789471249.6671,-0.0720,-0.0950,-18.0000,1.2940,1.2980,62.0000,0.0190,0.0570,5.0000,1.3850,1.3860,68.0000
1789471249.7171,-0.0720,-0.1040,-18.0000,1.2940,1.3030,62.0000,0.0190,0.0530,5.0000,1.3850,1.3590,69.0000
1789471249.7671,-0.0720,-0.0600,-20.0000,1.2940,1.2930,62.0000,0.0190,0.0210,7.0000,1.3850,1.4190,66.0000
1789471249.8172,-0.0720,-0.0840,-19.0000,1.2940,1.3100,61.0000,0.0190,0.0110,7.0000,1.3850,1.3590,69.0000
1789471249.9164,-0.0720,-0.0830,-19.0000,1.2940,1.3040,61.0000,0.0190,0.0290,6.0000,1.3850,1.3440,70.0000
1789471249.9665,-0.0720,-0.0420,-21.0000,1.2940,1.2890,62.0000,0.0190,0.0050,7.0000,1.3850,1.3940,68.0000
1789471250.0163,-0.0720,-0.0920,-18.0000,1.2940,1.2990,61.0000,0.0190,0.0000,8.0000,1.3850,1.4030,67.0000
1789471250.0665,-0.0720,-0.1220,-16.0000,1.2940,1.2670,63.0000,0.0190,0.0080,7.0000,1.3850,1.3740,69.0000
1789471250.1163,-0.0720,-0.1080,-16.0000,1.2940,1.2680,63.0000,0.0190,0.0090,8.0000,1.3850,1.4590,64.0000
1789471250.1664,-0.0720,-0.0850,-17.0000,1.2940,1.3070,61.0000,0.0190,0.0230,7.0000,1.3850,1.3490,70.0000
1789471250.2167,-0.0720,-0.0860,-17.0000,1.2940,1.3270,60.0000,0.0190,0.0640,4.0000,1.3850,1.3600,69.0000
1789471250.2677,-0.0720,-0.0480,-19.0000,1.2940,1.3210,60.0000,0.0190,0.0690,4.0000,1.3850,1.3770,69.0000
1789471250.2692,-0.0720,-0.0230,-21.0000,1.2940,1.3020,61.0000,0.0190,0.0090,7.0000,1.3850,1.4200,66.0000
1789471250.3664,-0.0720,-0.0580,-19.0000,1.2940,1.2810,62.0000,0.0190,0.0020,7.0000,1.3850,1.3780,69.0000
1789471250.4166,-0.0720,-0.0660,-19.0000,1.2940,1.2950,61.0000,0.0190,0.0000,7.0000,1.3850,1.3940,68.0000
1789471250.4665,-0.0720,-0.0980,-17.0000,1.2940,1.2840,62.0000,0.0190,0.0000,7.0000,1.3850,1.3760,69.0000
1789471250.5165,-0.0720,-0.1810,-12.0000,1.2940,1.3130,60.0000,0.0190,0.0160,7.0000,1.3850,1.3890,68.0000
1789471250.5664,-0.0720,-0.1680,-12.0000,1.2940,1.3390,58.0000,0.0190,0.0410,5.0000,1.3850,1.3510,70.0000
1789471250.6179,-0.0720,-0.1200,-14.0000,1.2940,1.3320,58.0000,0.0190,0.1170,1.0000,1.3850,1.3820,68.0000
1789471250.6670,-0.0720,-0.1340,-12.0000,1.2940,1.3170,59.0000,0.0190,0.0460,4.0000,1.3850,1.3250,72.0000
1789471250.7167,-0.0720,-0.0130,-18.0000,1.2940,1.2090,65.0000,0.0190,0.0040,6.0000,1.3850,1.4730,64.0000
1789471250.7671,-0.0720,-0.0010,-19.0000,1.2940,1.2760,62.0000,0.0190,0.0000,6.0000,1.3850,1.4410,65.0000
1789471250.7683,-0.0720,-0.0870,-14.0000,1.2940,1.3080,60.0000,0.0190,0.0250,5.0000,1.3850,1.3720,69.0000
1789471250.8665,-0.0720,-0.0940,-14.0000,1.2940,1.3320,59.0000,0.0190,0.0150,5.0000,1.3850,1.4130,66.0000
1789471250.9165,-0.0720,-0.0350,-18.0000,1.2940,1.2940,61.0000,0.0190,0.0060,6.0000,1.3850,1.4430,64.0000
1789471250.9664,-0.0720,-0.0310,-18.0000,1.2940,1.2710,62.0000,0.0190,0.0000,6.0000,1.3850,1.4290,64.0000
1789471251.0165,-0.0720,-0.0960,-15.0000,1.2940,1.2960,61.0000,0.0190,0.0000,7.0000,1.3850,1.3740,67.0000
1789471251.0670,-0.0720,-0.0870,-15.0000,1.2940,1.2880,61.0000,0.0190,0.0030,7.0000,1.3850,1.3430,69.0000
1789471251.0682,-0.0720,-0.0580,-17.0000,1.2940,1.2910,61.0000,0.0190,0.0020,7.0000,1.3850,1.3300,70.0000
1789471251.1172,-0.0720,-0.1050,-14.0000,1.2940,1.3260,59.0000,0.0190,0.0040,7.0000,1.3850,1.3820,67.0000
1789471251.2166,-0.0720,-0.1060,-14.0000,1.2940,1.2950,61.0000,0.0190,0.0130,7.0000,1.3850,1.3920,67.0000
1789471251.2664,-0.0720,-0.0490,-17.0000,1.2940,1.2870,61.0000,0.0190,0.0020,7.0000,1.3850,1.4500,63.0000
1789471251.3164,-0.0720,-0.0530,-17.0000,1.2940,1.2580,63.0000,0.0190,0.0000,8.0000,1.3850,1.4260,64.0000
1789471251.3665,-0.0720,-0.1040,-14.0000,1.2940,1.2850,61.0000,0.0190,0.0010,8.0000,1.3850,1.3570,68.0000
1789471251.4163,-0.0720,-0.0760,-15.0000,1.2940,1.2670,63.0000,0.0190,0.0160,7.0000,1.3850,1.3520,68.0000
1789471251.4667,-0.0720,-0.0640,-16.0000,1.2940,1.3110,60.0000,0.0190,0.0200,7.0000,1.3850,1.4080,65.0000
1789471251.5165,-0.0720,-0.0930,-14.0000,1.2940,1.3240,59.0000,0.0190,0.0750,4.0000,1.3850,1.4060,65.0000
1789471251.5665,-0.0720,-0.0770,-15.0000,1.2940,1.3010,61.0000,0.0190,0.0190,7.0000,1.3850,1.4480,62.0000
1789471251.6164,-0.0720,-0.0390,-17.0000,1.2940,1.2960,61.0000,0.0190,0.0040,8.0000,1.3850,1.4190,64.0000
1789471251.6695,-0.0720,-0.0440,-17.0000,1.2940,1.2530,63.0000,0.0190,0.0330,6.0000,1.3850,1.3780,66.0000
1789471251.7186,-0.0720,-0.0600,-17.0000,1.2940,1.2580,63.0000,0.0190,0.0070,7.0000,1.3850,1.3480,67.0000
1789471251.7705,-0.0720,-0.0640,-17.0000,1.2940,1.2930,61.0000,0.0190,0.0070,7.0000,1.3850,1.4090,64.0000
1789471251.8222,-0.0720,-0.0850,-15.0000,1.2940,1.3250,60.0000,0.0190,0.0090,8.0000,1.3850,1.3950,65.0000
1789471251.8705,-0.0720,-0.0850,-15.0000,1.2940,1.2860,62.0000,0.0190,0.0170,7.0000,1.3850,1.4410,62.0000
1789471251.9205,-0.0720,-0.0240,-19.0000,1.2940,1.2840,62.0000,0.0190,0.0010,8.0000,1.3850,1.4110,63.0000
1789471251.9721,-0.0720,-0.0460,-18.0000,1.2940,1.2720,63.0000,0.0190,0.0000,8.0000,1.3850,1.4210,62.0000
1789471252.0216,-0.0720,-0.0430,-18.0000,1.2940,1.2730,63.0000,0.0190,0.0000,9.0000,1.3850,1.3770,64.0000
1789471252.0720,-0.0720,-0.1280,-13.0000,1.2940,1.2900,62.0000,0.0190,0.0410,6.0000,1.3850,1.3160,68.0000
1789471252.1226,-0.0720,-0.1020,-15.0000,1.2940,1.3190,60.0000,0.0190,0.0830,4.0000,1.3850,1.3780,65.0000
1789471252.1724,-0.0720,-0.0860,-15.0000,1.2940,1.3430,59.0000,0.0190,0.0530,5.0000,1.3850,1.4050,64.0000
1789471252.2240,-0.0720,-0.0860,-15.0000,1.2940,1.3100,60.0000,0.0190,0.0200,6.0000,1.3850,1.4220,63.0000
1789471252.2247,-0.0720,-0.0250,-18.0000,1.2940,1.2780,62.0000,0.0190,0.0100,7.0000,1.3850,1.3410,67.0000
1789471252.2732,-0.0720,-0.1020,-14.0000,1.2940,1.2700,62.0000,0.0190,0.0100,7.0000,1.3850,1.3140,69.0000
1789471252.3241,-0.0720,-0.1390,-12.0000,1.2940,1.2870,62.0000,0.0190,0.0200,7.0000,1.3850,1.3320,68.0000
1789471252.3734,-0.0720,-0.0800,-15.0000,1.2940,1.3010,61.0000,0.0190,0.0060,7.0000,1.3850,1.3800,66.0000
1789471252.4240,-0.0720,-0.0720,-15.0000,1.2940,1.3110,60.0000,0.0190,0.0090,7.0000,1.3850,1.4040,65.0000
1789471252.4731,-0.0720,-0.0930,-14.0000,1.2940,1.3270,59.0000,0.0190,0.0350,6.0000,1.3850,1.4430,62.0000
1789471252.5240,-0.0720,-0.0370,-17.0000,1.2940,1.2590,63.0000,0.0190,0.0530,4.0000,1.3850,1.3720,66.0000
1789471252.5732,-0.0720,-0.0770,-15.0000,1.2940,1.2610,63.0000,0.0190,0.0190,6.0000,1.3850,1.3240,69.0000
1789471252.6724,-0.0720,-0.1170,-12.0000,1.2940,1.2640,63.0000,0.0190,0.0600,4.0000,1.3850,1.3380,68.0000
1789471252.7232,-0.0720,-0.0910,-14.0000,1.2940,1.2860,62.0000,0.0190,0.0400,5.0000,1.3850,1.3810,66.0000
1789471252.7726,-0.0720,-0.0670,-15.0000,1.2940,1.3060,61.0000,0.0190,0.0090,6.0000,1.3850,1.4000,66.0000
1789471252.8226,-0.0720,-0.0780,-14.0000,1.2940,1.3170,60.0000,0.0190,0.0400,4.0000,1.3850,1.4410,63.0000
1789471252.8725,-0.0720,-0.0470,-16.0000,1.2940,1.2410,65.0000,0.0190,0.0650,2.0000,1.3850,1.3590,67.0000
1789471252.9226,-0.0720,-0.0360,-17.0000,1.2940,1.2370,65.0000,0.0190,0.0180,5.0000,1.3850,1.3770,66.0000
1789471252.9725,-0.0720,-0.1060,-13.0000,1.2940,1.2440,65.0000,0.0190,0.0420,3.0000,1.3850,1.3620,67.0000
1789471253.0225,-0.0720,-0.0840,-14.0000,1.2940,1.2530,66.0000,0.0190,0.0460,3.0000,1.3850,1.4290,64.0000
1789471253.0723,-0.0720,-0.0790,-14.0000,1.2940,1.2500,66.0000,0.0190,0.0060,5.0000,1.3850,1.4060,65.0000
1789471253.1226,-0.0720,-0.1120,-12.0000,1.2940,1.3380,62.0000,0.0190,0.0060,5.0000,1.3850,1.4330,63.0000
1789471253.1731,-0.0720,-0.0890,-13.0000,1.2940,1.3640,60.0000,0.0190,0.0400,3.0000,1.3850,1.4130,64.0000
1789471253.1743,-0.0720,-0.0340,-16.0000,1.2940,1.2580,66.0000,0.0190,0.0750,0.0000,1.3850,1.4430,61.0000
1789471253.2723,-0.0720,-0.0530,-15.0000,1.2940,1.2690,65.0000,0.0190,0.0730,0.0000,1.3850,1.3970,64.0000
1789471253.2735,-0.0720,-0.1130,-12.0000,1.2940,1.2370,67.0000,0.0190,0.0770,-1.0000,1.3850,1.4150,62.0000
1789471253.3242,-0.0720,-0.1160,-11.0000,1.2940,1.2530,67.0000,0.0190,0.1420,-5.0000,1.3850,1.4050,63.0000
1789471253.3732,-0.0720,-0.1050,-12.0000,1.2940,1.2950,65.0000,0.0190,0.1050,-4.0000,1.3850,1.4100,62.0000
1789471253.4242,-0.0720,-0.0940,-12.0000,1.2940,1.3770,60.0000,0.0190,0.1040,-5.0000,1.3850,1.3930,63.0000
1789471253.4730,-0.0720,-0.0770,-13.0000,1.2940,1.3650,61.0000,0.0190,0.0460,-3.0000,1.3850,1.3990,62.0000
1789471253.5240,-0.0720,-0.0500,-14.0000,1.2940,1.1750,71.0000,0.0190,0.0160,-2.0000,1.3850,1.3870,63.0000
1789471253.5734,-0.0720,-0.0690,-13.0000,1.2940,1.2420,67.0000,0.0190,0.0360,-3.0000,1.3850,1.3910,62.0000
1789471253.6240,-0.0720,-0.0790,-12.0000,1.2940,1.2570,67.0000,0.0190,0.0620,-5.0000,1.3850,1.3860,63.0000
1789471253.6737,-0.0720,-0.0710,-13.0000,1.2940,1.2860,66.0000,0.0190,0.0390,-4.0000,1.3850,1.3860,63.0000
1789471253.7241,-0.0720,-0.0760,-12.0000,1.2940,1.3770,61.0000,0.0190,0.0410,-4.0000,1.3850,1.3910,62.0000
1789471253.7733,-0.0720,-0.0980,-11.0000,1.2940,1.3910,60.0000,0.0190,0.0220,-4.0000,1.3850,1.3810,63.0000
1789471253.8240,-0.0720,-0.0690,-13.0000,1.2940,1.3850,59.0000,0.0190,0.0390,-5.0000,1.3850,1.3950,62.0000
1789471253.8731,-0.0720,-0.0880,-11.0000,1.2940,1.1570,71.0000,0.0190,0.0440,-5.0000,1.3850,1.3770,63.0000
1789471253.9243,-0.0720,-0.0930,-11.0000,1.2940,1.2690,65.0000,0.0190,0.0380,-5.0000,1.3850,1.3930,62.0000
1789471253.9749,-0.0720,-0.0890,-11.0000,1.2940,1.2760,65.0000,0.0190,0.0260,-5.0000,1.3850,1.3770,63.0000
1789471254.0244,-0.0720,-0.0610,-12.0000,1.2940,1.3080,63.0000,0.0190,0.0430,-6.0000,1.3850,1.3990,62.0000
1789471254.0741,-0.0720,-0.0840,-11.0000,1.2940,1.3370,62.0000,0.0190,0.0430,-6.0000,1.3850,1.3740,63.0000
1789471254.1244,-0.0720,-0.0650,-12.0000,1.2940,1.2760,65.0000,0.0190,0.0090,-4.0000,1.3850,1.4010,61.0000
1789471254.1742,-0.0720,-0.0640,-12.0000,1.2940,1.2680,65.0000,0.0190,0.0010,-4.0000,1.3850,1.3720,63.0000
1789471254.2246,-0.0720,-0.0960,-10.0000,1.2940,1.2750,65.0000,0.0190,0.0000,-3.0000,1.3850,1.3950,62.0000
1789471254.2761,-0.0720,-0.0870,-11.0000,1.2940,1.2760,65.0000,0.0190,0.0000,-3.0000,1.3850,1.3720,63.0000
1789471254.3252,-0.0720,-0.0670,-12.0000,1.2940,1.3100,64.0000,0.0190,0.0000,-3.0000,1.3850,1.3970,61.0000
1789471254.3753,-0.0720,-0.0790,-11.0000,1.2940,1.3580,61.0000,0.0190,0.0010,-3.0000,1.3850,1.3760,63.0000
1789471254.4254,-0.0720,-0.0860,-10.0000,1.2940,1.3130,63.0000,0.0190,0.0000,-3.0000,1.3850,1.4040,61.0000
1789471254.4750,-0.0720,-0.0270,-14.0000,1.2940,1.2690,65.0000,0.0190,0.0000,-2.0000,1.3850,1.3760,63.0000
1789471254.5253,-0.0720,-0.0920,-10.0000,1.2940,1.2410,67.0000,0.0190,0.0000,-2.0000,1.3850,1.3930,62.0000
1789471254.5753,-0.0720,-0.0770,-11.0000,1.2940,1.2680,66.0000,0.0190,0.0000,-2.0000,1.3850,1.3730,63.0000
1789471254.6251,-0.0720,-0.0870,-11.0000,1.2940,1.2580,67.0000,0.0190,0.0000,-2.0000,1.3850,1.3940,61.0000
1789471254.6752,-0.0720,-0.0760,-11.0000,1.2940,1.3450,62.0000,0.0190,0.0000,-1.0000,1.3850,1.3710,63.0000
1789471254.7252,-0.0720,-0.0870,-10.0000,1.2940,1.3740,60.0000,0.0190,0.0130,-2.0000,1.3850,1.4060,61.0000
1789471254.7766,-0.0720,-0.0490,-12.0000,1.2940,1.2940,64.0000,0.0190,0.0990,-7.0000,1.3850,1.3800,62.0000
1789471254.8261,-0.0720,-0.0580,-12.0000,1.2940,1.2040,69.0000,0.0190,0.0090,-2.0000,1.3850,1.3990,61.0000
1789471254.8761,-0.0720,-0.0480,-13.0000,1.2940,1.1480,73.0000,0.0190,0.0010,-2.0000,1.3850,1.3740,63.0000
1789471254.9274,-0.0720,-0.0970,-10.0000,1.2940,1.2190,70.0000,0.0190,0.0040,-2.0000,1.3850,1.3950,61.0000
1789471254.9761,-0.0720,-0.0890,-10.0000,1.2940,1.2900,67.0000,0.0190,0.0100,-2.0000,1.3850,1.3690,63.0000
1789471255.0262,-0.0720,-0.0620,-12.0000,1.2940,1.3540,63.0000,0.0190,0.0180,-2.0000,1.3850,1.3920,62.0000
1789471255.0763,-0.0720,-0.0910,-10.0000,1.2940,1.4090,60.0000,0.0190,0.0670,-5.0000,1.3850,1.3770,63.0000
1789471255.1263,-0.0720,-0.0850,-10.0000,1.2940,1.3800,61.0000,0.0190,0.0540,-5.0000,1.3850,1.3940,62.0000
1789471255.1762,-0.0720,-0.0490,-12.0000,1.2940,1.2260,69.0000,0.0190,0.0460,-5.0000,1.3850,1.3760,63.0000
1789471255.2262,-0.0720,-0.0860,-10.0000,1.2940,1.2760,66.0000,0.0190,0.0320,-4.0000,1.3850,1.3810,62.0000
1789471255.2762,-0.0720,-0.0530,-12.0000,1.2940,1.2960,65.0000,0.0190,0.0290,-4.0000,1.3850,1.3600,64.0000
1789471255.3262,-0.0720,-0.0750,-11.0000,1.2940,1.3430,62.0000,0.0190,0.0410,-5.0000,1.3850,1.3930,62.0000
1789471255.3760,-0.0720,-0.1000,-10.0000,1.2940,1.3160,63.0000,0.0190,0.0210,-4.0000,1.3850,1.3840,63.0000
1789471255.4263,-0.0720,-0.0860,-10.0000,1.2940,1.2530,67.0000,0.0190,0.0020,-3.0000,1.3850,1.3820,63.0000
1789471255.4762,-0.0720,-0.0600,-12.0000,1.2940,1.2240,69.0000,0.0190,0.0000,-3.0000,1.3850,1.3940,62.0000
1789471255.5262,-0.0720,-0.0930,-10.0000,1.2940,1.2520,68.0000,0.0190,0.0000,-3.0000,1.3850,1.3920,62.0000
1789471255.5764,-0.0720,-0.0830,-10.0000,1.2940,1.2870,66.0000,0.0190,0.0000,-2.0000,1.3850,1.3960,62.0000
1789471255.6274,-0.0720,-0.0560,-12.0000,1.2940,1.3490,63.0000,0.0190,0.0020,-2.0000,1.3850,1.3820,63.0000
1789471255.6763,-0.0720,-0.0910,-10.0000,1.2940,1.3830,61.0000,0.0190,0.0000,-2.0000,1.3850,1.3930,62.0000
1789471255.7303,-0.0720,-0.0830,-10.0000,1.2940,1.3770,60.0000,0.0190,0.0000,-2.0000,1.3850,1.3770,63.0000
1789471255.7762,-0.0720,-0.0620,-11.0000,1.2940,1.2330,68.0000,0.0190,0.0000,-1.0000,1.3850,1.3950,62.0000
1789471255.8261,-0.0720,-0.0800,-10.0000,1.2940,1.2850,65.0000,0.0190,0.0000,-1.0000,1.3850,1.3720,63.0000
1789471255.8762,-0.0720,-0.0670,-11.0000,1.2940,1.2840,65.0000,0.0190,0.0000,-1.0000,1.3850,1.3960,62.0000
1789471255.9261,-0.0720,-0.0550,-12.0000,1.2940,1.3230,63.0000,0.0190,0.0000,-1.0000,1.3850,1.3690,63.0000
1789471255.9763,-0.0720,-0.0970,-9.0000,1.2940,1.3530,61.0000,0.0190,0.0000,0.0000,1.3850,1.3720,63.0000
1789471256.0755,-0.0720,-0.0750,-11.0000,1.2940,1.3500,61.0000,0.0190,0.0000,0.0000,1.3850,1.3700,63.0000
1789471256.1256,-0.0720,-0.0650,-11.0000,1.2940,1.2970,63.0000,0.0190,0.0000,0.0000,1.3850,1.4010,62.0000
1789471256.1756,-0.0720,-0.0890,-10.0000,1.2940,1.2360,66.0000,0.0190,0.0000,0.0000,1.3850,1.3650,64.0000
1789471256.2253,-0.0720,-0.0640,-11.0000,1.2940,1.2510,66.0000,0.0190,0.0000,0.0000,1.3850,1.3930,62.0000
1789471256.2756,-0.0720,-0.0620,-11.0000,1.2940,1.2760,65.0000,0.0190,0.0000,1.0000,1.3850,1.3700,64.0000
1789471256.2769,-0.0720,-0.0980,-9.0000,1.2940,1.3250,62.0000,0.0190,0.0000,1.0000,1.3850,1.4090,61.0000
1789471256.3756,-0.0720,-0.0810,-10.0000,1.2940,1.3350,61.0000,0.0190,0.0000,1.0000,1.3850,1.3790,63.0000
1789471256.4256,-0.0720,-0.0660,-11.0000,1.2940,1.3040,63.0000,0.0190,0.0000,1.0000,1.3850,1.4050,61.0000
1789471256.4269,-0.0720,-0.0910,-9.0000,1.2940,1.2710,64.0000,0.0190,0.0000,2.0000,1.3850,1.3680,63.0000
1789471256.5256,-0.0720,-0.0800,-10.0000,1.2940,1.2820,64.0000,0.0190,0.0000,2.0000,1.3850,1.3710,63.0000
1789471256.5755,-0.0720,-0.0520,-11.0000,1.2940,1.2780,64.0000,0.0190,0.0000,2.0000,1.3850,1.3550,64.0000
1789471256.5769,-0.0720,-0.0970,-9.0000,1.2940,1.3100,63.0000,0.0190,0.0000,2.0000,1.3850,1.4010,62.0000
1789471256.6262,-0.0720,-0.0880,-9.0000,1.2940,1.3220,62.0000,0.0190,0.0000,3.0000,1.3850,1.3700,64.0000
1789471256.6764,-0.0720,-0.0980,-8.0000,1.2940,1.3140,62.0000,0.0190,0.0000,3.0000,1.3850,1.4010,62.0000
1789471256.7755,-0.0720,-0.0530,-11.0000,1.2940,1.2660,65.0000,0.0190,0.0000,3.0000,1.3850,1.3800,63.0000
1789471256.7766,-0.0720,-0.0800,-9.0000,1.2940,1.2590,65.0000,0.0190,0.0000,3.0000,1.3850,1.4100,62.0000
1789471256.8263,-0.0720,-0.0530,-11.0000,1.2940,1.2770,64.0000,0.0190,0.0000,4.0000,1.3850,1.3700,64.0000
1789471256.8762,-0.0720,-0.0940,-9.0000,1.2940,1.2610,66.0000,0.0190,0.0000,4.0000,1.3850,1.4110,61.0000
1789471256.9262,-0.0720,-0.0840,-9.0000,1.2940,1.3020,64.0000,0.0190,0.0000,4.0000,1.3850,1.3830,63.0000
1789471256.9775,-0.0720,-0.0870,-9.0000,1.2940,1.3520,61.0000,0.0190,0.0020,4.0000,1.3850,1.4030,62.0000
1789471257.0766,-0.0720,-0.0710,-10.0000,1.2940,1.3150,62.0000,0.0190,0.0000,4.0000,1.3850,1.3770,63.0000
1789471257.1265,-0.0720,-0.0550,-10.0000,1.2940,1.2450,66.0000,0.0190,0.0000,5.0000,1.3850,1.3910,62.0000
1789471257.1766,-0.0720,-0.0540,-10.0000,1.2940,1.2500,66.0000,0.0190,0.0000,5.0000,1.3850,1.3770,63.0000
1789471257.1778,-0.0720,-0.0750,-9.0000,1.2940,1.2740,65.0000,0.0190,0.0000,5.0000,1.3850,1.3930,62.0000
1789471257.2272,-0.0720,-0.0800,-9.0000,1.2940,1.3220,63.0000,0.0190,0.0000,5.0000,1.3850,1.3840,63.0000
1789471257.3265,-0.0720,-0.0670,-10.0000,1.2940,1.3300,62.0000,0.0190,0.0000,6.0000,1.3850,1.3900,62.0000
1789471257.3277,-0.0720,-0.1050,-8.0000,1.2940,1.3430,61.0000,0.0190,0.0010,6.0000,1.3850,1.3880,62.0000
1789471257.3773,-0.0720,-0.0700,-9.0000,1.2940,1.2540,66.0000,0.0190,0.0050,6.0000,1.3850,1.3690,63.0000
1789471257.4763,-0.0720,-0.0600,-10.0000,1.2940,1.2370,67.0000,0.0190,0.0030,6.0000,1.3850,1.3760,63.0000
1789471257.4774,-0.0720,-0.0780,-9.0000,1.2940,1.2920,64.0000,0.0190,0.0100,6.0000,1.3850,1.3900,62.0000
1789471257.5273,-0.0720,-0.0680,-9.0000,1.2940,1.2690,66.0000,0.0190,0.0010,7.0000,1.3850,1.3910,62.0000
1789471257.6276,-0.0720,-0.0450,-11.0000,1.2940,1.3140,63.0000,0.0190,0.0000,7.0000,1.3850,1.3770,63.0000
1789471257.6289,-0.0720,-0.0890,-8.0000,1.2940,1.3030,64.0000,0.0190,0.0050,7.0000,1.3850,1.3950,62.0000
1789471257.6790,-0.0720,-0.0720,-9.0000,1.2940,1.2630,66.0000,0.0190,0.0150,6.0000,1.3850,1.3820,63.0000
1789471257.7775,-0.0720,-0.0540,-11.0000,1.2940,1.2530,67.0000,0.0190,0.0550,4.0000,1.3850,1.3970,62.0000
1789471257.7789,-0.0720,-0.0840,-9.0000,1.2940,1.2670,67.0000,0.0190,0.0580,4.0000,1.3850,1.3720,63.0000
1789471257.8775,-0.0720,-0.0610,-10.0000,1.2940,1.2550,68.0000,0.0190,0.0250,5.0000,1.3850,1.3920,62.0000
1789471257.9277,-0.0720,-0.0680,-10.0000,1.2940,1.2760,67.0000,0.0190,0.0280,5.0000,1.3850,1.3740,63.0000
1789471257.9290,-0.0720,-0.1040,-8.0000,1.2940,1.3430,63.0000,0.0190,0.0230,5.0000,1.3850,1.3940,62.0000
1789471257.9783,-0.0720,-0.1180,-7.0000,1.2940,1.3790,61.0000,0.0190,0.0230,5.0000,1.3850,1.3730,63.0000
1789471258.0283,-0.0720,-0.0680,-9.0000,1.2940,1.2740,66.0000,0.0190,0.0030,6.0000,1.3850,1.4020,61.0000
1789471258.1276,-0.0720,-0.0560,-10.0000,1.2940,1.2560,67.0000,0.0190,0.0000,6.0000,1.3850,1.3720,63.0000
1789471258.1289,-0.0720,-0.0660,-9.0000,1.2940,1.2470,68.0000,0.0190,0.0000,7.0000,1.3850,1.3970,62.0000
1789471258.2276,-0.0720,-0.0480,-10.0000,1.2940,1.2730,67.0000,0.0190,0.0000,7.0000,1.3850,1.3700,63.0000
1789471258.2288,-0.0720,-0.0790,-9.0000,1.2940,1.3410,63.0000,0.0190,0.0070,7.0000,1.3850,1.3980,62.0000
1789471258.2787,-0.0720,-0.0800,-9.0000,1.2940,1.3780,61.0000,0.0190,0.0480,4.0000,1.3850,1.3690,63.0000
1789471258.3777,-0.0720,-0.0650,-10.0000,1.2940,1.3830,60.0000,0.0190,0.0900,2.0000,1.3850,1.3980,62.0000
1789471258.3786,-0.0720,-0.0690,-9.0000,1.2940,1.2050,69.0000,0.0190,0.0150,5.0000,1.3850,1.3740,63.0000
1789471258.4776,-0.0720,-0.0470,-11.0000,1.2940,1.2560,66.0000,0.0190,0.0020,6.0000,1.3850,1.3970,62.0000
1789471258.5283,-0.0720,-0.0680,-10.0000,1.2940,1.2560,67.0000,0.0190,0.0000,6.0000,1.3850,1.3730,63.0000
1789471258.5295,-0.0720,-0.0450,-11.0000,1.2940,1.2890,65.0000,0.0190,0.0040,6.0000,1.3850,1.3950,62.0000
1789471258.5783,-0.0720,-0.0850,-9.0000,1.2940,1.3420,62.0000,0.0190,0.0080,6.0000,1.3850,1.3860,62.0000
1789471258.6283,-0.0720,-0.0480,-11.0000,1.2940,1.3980,59.0000,0.0190,0.0090,6.0000,1.3850,1.4070,61.0000
1789471258.7285,-0.0720,-0.0700,-10.0000,1.2940,1.3400,61.0000,0.0190,0.0020,7.0000,1.3850,1.3810,62.0000
1789471258.7776,-0.0720,-0.0460,-11.0000,1.2940,1.2360,67.0000,0.0190,0.0000,7.0000,1.3850,1.4000,61.0000
1789471258.8295,-0.0720,-0.0720,-10.0000,1.2940,1.2830,64.0000,0.0190,0.0000,7.0000,1.3850,1.3810,62.0000
1789471258.8780,-0.0720,-0.0610,-11.0000,1.2940,1.2890,64.0000,0.0190,0.0000,7.0000,1.3850,1.3910,62.0000
1789471258.9277,-0.0720,-0.0460,-12.0000,1.2940,1.2620,66.0000,0.0190,0.0000,8.0000,1.3850,1.3760,62.0000
1789471258.9797,-0.0720,-0.0540,-12.0000,1.2940,1.3030,64.0000,0.0190,0.0010,8.0000,1.3850,1.3910,62.0000
1789471258.9820,-0.0720,-0.0590,-12.0000,1.2940,1.3350,62.0000,0.0190,0.0040,8.0000,1.3850,1.3830,62.0000
1789471259.0784,-0.0720,-0.0660,-11.0000,1.2940,1.2950,64.0000,0.0190,0.0000,8.0000,1.3850,1.3910,62.0000
1789471259.0798,-0.0720,-0.0680,-11.0000,1.2940,1.2840,65.0000,0.0190,0.0000,9.0000,1.3850,1.3820,62.0000
1789471259.1776,-0.0720,-0.0910,-10.0000,1.2940,1.2540,67.0000,0.0190,0.0000,9.0000,1.3850,1.3830,62.0000
1789471259.2275,-0.0720,-0.0880,-10.0000,1.2940,1.2890,65.0000,0.0190,0.0050,9.0000,1.3850,1.3820,62.0000
1789471259.2783,-0.0720,-0.0650,-11.0000,1.2940,1.3600,61.0000,0.0190,0.0180,8.0000,1.3850,1.3810,62.0000
1789471259.2795,-0.0720,-0.0990,-9.0000,1.2940,1.3370,62.0000,0.0190,0.0090,9.0000,1.3850,1.3860,62.0000
1789471259.3777,-0.0720,-0.0750,-11.0000,1.2940,1.2420,67.0000,0.0190,0.0010,9.0000,1.3850,1.3820,62.0000
1789471259.4278,-0.0720,-0.0530,-12.0000,1.2940,1.2430,67.0000,0.0190,0.0050,9.0000,1.3850,1.3800,62.0000
1789471259.4775,-0.0720,-0.0860,-10.0000,1.2940,1.2810,65.0000,0.0190,0.0660,6.0000,1.3850,1.3790,63.0000
1789471259.5276,-0.0720,-0.0730,-11.0000,1.2940,1.2690,66.0000,0.0190,0.0770,5.0000,1.3850,1.3890,62.0000
1789471259.5776,-0.0720,-0.0650,-11.0000,1.2940,1.2900,65.0000,0.0190,0.0290,7.0000,1.3850,1.3730,63.0000
1789471259.6277,-0.0720,-0.0920,-10.0000,1.2940,1.3900,60.0000,0.0190,0.0170,8.0000,1.3850,1.3870,62.0000
1789471259.6776,-0.0720,-0.0750,-11.0000,1.2940,1.2930,65.0000,0.0190,0.0300,7.0000,1.3850,1.3680,63.0000
1789471259.7297,-0.0720,-0.0480,-12.0000,1.2940,1.2500,67.0000,0.0190,0.0090,8.0000,1.3850,1.3720,63.0000
1789471259.7315,-0.0720,-0.0880,-10.0000,1.2940,1.2500,67.0000,0.0190,0.0310,6.0000,1.3850,1.3480,65.0000
1789471259.8276,-0.0720,-0.0560,-12.0000,1.2940,1.2710,66.0000,0.0190,0.0740,4.0000,1.3850,1.3790,63.0000
1789471259.8777,-0.0720,-0.0680,-11.0000,1.2940,1.2790,66.0000,0.0190,0.0500,5.0000,1.3850,1.3730,64.0000
1789471259.9276,-0.0720,-0.0880,-10.0000,1.2940,1.3320,64.0000,0.0190,0.0390,5.0000,1.3850,1.3850,63.0000
1789471259.9775,-0.0720,-0.0780,-11.0000,1.2940,1.3800,60.0000,0.0190,0.0160,6.0000,1.3850,1.3810,63.0000
1789471260.0276,-0.0720,-0.0610,-11.0000,1.2940,1.3160,64.0000,0.0190,0.0150,6.0000,1.3850,1.4060,62.0000
1789471260.0777,-0.0720,-0.0830,-10.0000,1.2940,1.2500,67.0000,0.0190,0.0440,4.0000,1.3850,1.3820,63.0000
1789471260.1276,-0.0720,-0.0370,-13.0000,1.2940,1.2940,64.0000,0.0190,0.0540,4.0000,1.3850,1.4120,61.0000
1789471260.1775,-0.0720,-0.0690,-11.0000,1.2940,1.2640,66.0000,0.0190,0.0590,3.0000,1.3850,1.3780,63.0000
1789471260.2275,-0.0720,-0.0500,-12.0000,1.2940,1.3040,64.0000,0.0190,0.0150,5.0000,1.3850,1.3890,62.0000
1789471260.2779,-0.0720,-0.1020,-10.0000,1.2940,1.3160,64.0000,0.0190,0.0110,5.0000,1.3850,1.3460,65.0000
1789471260.3275,-0.0720,-0.0600,-12.0000,1.2940,1.2860,65.0000,0.0190,0.0010,6.0000,1.3850,1.3850,63.0000
1789471260.3286,-0.0720,-0.0400,-13.0000,1.2940,1.2670,66.0000,0.0190,-0.0020,6.0000,1.3850,1.3860,63.0000
1789471260.4277,-0.0720,-0.0280,-14.0000,1.2940,1.2740,66.0000,0.0190,0.0030,6.0000,1.3850,1.4110,62.0000
1789471260.4775,-0.0720,-0.0760,-12.0000,1.2940,1.2860,66.0000,0.0190,0.0080,6.0000,1.3850,1.3750,64.0000
1789471260.5276,-0.0720,-0.0800,-12.0000,1.2940,1.2960,65.0000,0.0190,0.0010,7.0000,1.3850,1.3650,64.0000
1789471260.5777,-0.0720,-0.0680,-12.0000,1.2940,1.3180,64.0000,0.0190,0.0120,6.0000,1.3850,1.3800,63.0000
1789471260.6277,-0.0720,-0.0780,-12.0000,1.2940,1.3300,63.0000,0.0190,0.0350,5.0000,1.3850,1.4090,62.0000
1789471260.6777,-0.0720,-0.0160,-15.0000,1.2940,1.2770,66.0000,0.0190,0.0360,5.0000,1.3850,1.3850,63.0000
1789471260.7297,-0.0720,-0.0010,-17.0000,1.2940,1.2720,66.0000,0.0190,0.0390,4.0000,1.3850,1.4070,62.0000
1789471260.7796,-0.0720,-0.0220,-16.0000,1.2940,1.2760,66.0000,0.0190,0.0600,3.0000,1.3850,1.3500,65.0000
1789471260.8320,-0.0720,-0.0670,-14.0000,1.2940,1.2980,65.0000,0.0190,0.0320,4.0000,1.3850,1.3650,64.0000
1789471260.8816,-0.0720,-0.0690,-14.0000,1.2940,1.3140,64.0000,0.0190,0.0020,6.0000,1.3850,1.3650,65.0000
1789471260.9317,-0.0720,-0.0500,-16.0000,1.2940,1.3270,63.0000,0.0190,0.0010,6.0000,1.3850,1.4130,62.0000
1789471260.9822,-0.0720,-0.0110,-18.0000,1.2940,1.3250,63.0000,0.0190,0.0000,6.0000,1.3850,1.3930,63.0000
1789471261.0317,-0.0720,-0.0010,-19.0000,1.2940,1.2770,65.0000,0.0190,0.0000,6.0000,1.3850,1.3940,63.0000
1789471261.0817,-0.0720,-0.0800,-15.0000,1.2940,1.2810,65.0000,0.0190,0.0040,6.0000,1.3850,1.3130,68.0000
1789471261.1336,-0.0720,-0.0930,-15.0000,1.2940,1.3160,63.0000,0.0190,0.0270,5.0000,1.3850,1.3220,68.0000
1789471261.1817,-0.0720,-0.0550,-17.0000,1.2940,1.3150,63.0000,0.0190,0.0470,4.0000,1.3850,1.3800,65.0000
1789471261.2351,-0.0720,-0.0370,-18.0000,1.2940,1.3170,63.0000,0.0190,0.0250,5.0000,1.3850,1.4140,63.0000
1789471261.2369,-0.0720,-0.0340,-19.0000,1.2940,1.3190,62.0000,0.0190,0.0100,6.0000,1.3850,1.4090,63.0000
1789471261.3327,-0.0720,-0.0270,-19.0000,1.2940,1.2800,64.0000,0.0190,0.0080,6.0000,1.3850,1.4170,63.0000
1789471261.3348,-0.0720,-0.0640,-18.0000,1.2940,1.3050,63.0000,0.0190,0.0290,5.0000,1.3850,1.3210,68.0000
1789471261.4323,-0.0720,-0.0930,-16.0000,1.2940,1.2930,64.0000,0.0190,0.0320,5.0000,1.3850,1.3460,67.0000
1789471261.4336,-0.0720,-0.0950,-16.0000,1.2940,1.3260,62.0000,0.0190,0.0120,6.0000,1.3850,1.3760,66.0000
1789471261.5325,-0.0720,-0.0740,-17.0000,1.2940,1.3120,62.0000,0.0190,0.0010,6.0000,1.3850,1.4030,64.0000
1789471261.5338,-0.0720,-0.0580,-18.0000,1.2940,1.3170,62.0000,0.0190,0.0000,6.0000,1.3850,1.4230,63.0000
1789471261.6317,-0.0720,-0.0300,-20.0000,1.2940,1.2800,64.0000,0.0190,0.0000,7.0000,1.3850,1.3910,65.0000
1789471261.6818,-0.0720,-0.0320,-20.0000,1.2940,1.2790,64.0000,0.0190,0.0060,6.0000,1.3850,1.3450,67.0000
1789471261.7317,-0.0720,-0.0590,-19.0000,1.2940,1.2850,64.0000,0.0190,0.0090,6.0000,1.3850,1.3260,68.0000
1789471261.7816,-0.0720,-0.0810,-18.0000,1.2940,1.3080,62.0000,0.0190,0.0040,7.0000,1.3850,1.3870,65.0000
1789471261.8316,-0.0720,-0.0760,-18.0000,1.2940,1.2940,63.0000,0.0190,0.0000,7.0000,1.3850,1.4130,64.0000
1789471261.8819,-0.0720,-0.0820,-18.0000,1.2940,1.3210,61.0000,0.0190,0.0000,7.0000,1.3850,1.4330,63.0000
1789471261.9317,-0.0720,-0.0740,-18.0000,1.2940,1.3090,62.0000,0.0190,0.0080,7.0000,1.3850,1.3890,65.0000
1789471261.9816,-0.0720,-0.0420,-20.0000,1.2940,1.2710,64.0000,0.0190,0.0040,8.0000,1.3850,1.3140,69.0000
1789471262.0324,-0.0720,-0.0500,-20.0000,1.2940,1.2840,63.0000,0.0190,0.0020,8.0000,1.3850,1.3410,68.0000
1789471262.0336,-0.0720,-0.1050,-17.0000,1.2940,1.3140,61.0000,0.0190,0.0180,7.0000,1.3850,1.3770,66.0000
1789471262.1323,-0.0720,-0.0950,-17.0000,1.2940,1.3100,62.0000,0.0190,0.0590,5.0000,1.3850,1.3960,65.0000
1789471262.1818,-0.0720,-0.0870,-17.0000,1.2940,1.3000,62.0000,0.0190,0.0180,7.0000,1.3850,1.4380,63.0000
1789471262.2317,-0.0720,-0.0930,-17.0000,1.2940,1.3400,60.0000,0.0190,0.0150,7.0000,1.3850,1.3930,65.0000
1789471262.2817,-0.0720,-0.0600,-19.0000,1.2940,1.2910,62.0000,0.0190,0.0520,5.0000,1.3850,1.3310,68.0000
1789471262.3318,-0.0720,-0.0580,-19.0000,1.2940,1.2750,63.0000,0.0190,0.0050,7.0000,1.3850,1.3510,67.0000
1789471262.3825,-0.0720,-0.0880,-17.0000,1.2940,1.3110,61.0000,0.0190,0.0040,7.0000,1.3850,1.3860,66.0000
1789471262.3842,-0.0720,-0.0980,-16.0000,1.2940,1.3000,61.0000,0.0190,0.0090,7.0000,1.3850,1.3940,65.0000
1789471262.4865,-0.0720,-0.1010,-16.0000,1.2940,1.2850,62.0000,0.0190,0.0010,8.0000,1.3850,1.4410,63.0000
1789471262.5338,-0.0720,-0.0910,-16.0000,1.2940,1.3130,61.0000,0.0190,0.0060,8.0000,1.3850,1.3970,65.0000
1789471262.5842,-0.0720,-0.0790,-16.0000,1.2940,1.3000,61.0000,0.0190,0.0210,7.0000,1.3850,1.3690,66.0000
1789471262.6336,-0.0720,-0.0840,-16.0000,1.2940,1.2590,64.0000,0.0190,0.0050,8.0000,1.3850,1.3310,68.0000
1789471262.6842,-0.0720,-0.1010,-15.0000,1.2940,1.2780,63.0000,0.0190,0.0160,8.0000,1.3850,1.3610,67.0000
1789471262.7338,-0.0720,-0.0970,-15.0000,1.2940,1.2910,62.0000,0.0190,0.0740,4.0000,1.3850,1.3700,67.0000
1789471262.7841,-0.0720,-0.0700,-16.0000,1.2940,1.2720,63.0000,0.0190,0.0290,7.0000,1.3850,1.4180,64.0000
1789471262.8339,-0.0720,-0.1020,-14.0000,1.2940,1.3250,60.0000,0.0190,0.0230,7.0000,1.3850,1.3950,66.0000
1789471262.8858,-0.0720,-0.0830,-15.0000,1.2940,1.3290,60.0000,0.0190,0.0520,5.0000,1.3850,1.3780,67.0000
1789471262.8871,-0.0720,-0.0330,-17.0000,1.2940,1.2980,61.0000,0.0190,0.0080,7.0000,1.3850,1.3630,67.0000
1789471262.9880,-0.0720,-0.0660,-16.0000,1.2940,1.2710,63.0000,0.0190,0.0010,7.0000,1.3850,1.3660,67.0000
1789471262.9904,-0.0720,-0.0910,-14.0000,1.2940,1.2900,62.0000,0.0190,0.0030,7.0000,1.3850,1.3770,67.0000
1789471263.0876,-0.0720,-0.1070,-13.0000,1.2940,1.2800,63.0000,0.0190,0.0080,7.0000,1.3850,1.4210,65.0000
1789471263.1357,-0.0720,-0.1110,-13.0000,1.2940,1.3000,61.0000,0.0190,0.0060,8.0000,1.3850,1.4020,65.0000
1789471263.1870,-0.0720,-0.1010,-13.0000,1.2940,1.3190,60.0000,0.0190,0.0230,7.0000,1.3850,1.3390,69.0000
1789471263.1878,-0.0720,-0.0800,-14.0000,1.2940,1.3050,61.0000,0.0190,0.0800,3.0000,1.3850,1.3140,71.0000
1789471263.2865,-0.0720,-0.0510,-15.0000,1.2940,1.3000,61.0000,0.0190,0.0240,6.0000,1.3850,1.3680,68.0000
1789471263.2905,-0.0720,-0.0650,-14.0000,1.2940,1.2910,62.0000,0.0190,0.0170,6.0000,1.3850,1.3730,68.0000
1789471263.3864,-0.0720,-0.0800,-14.0000,1.2940,1.2930,61.0000,0.0190,0.0240,6.0000,1.3850,1.3950,67.0000
1789471263.3877,-0.0720,-0.0600,-15.0000,1.2940,1.2770,62.0000,0.0190,0.0130,7.0000,1.3850,1.4060,66.0000
1789471263.4866,-0.0720,-0.0800,-14.0000,1.2940,1.3130,60.0000,0.0190,0.0120,7.0000,1.3850,1.3440,70.0000
1789471263.4879,-0.0720,-0.0890,-13.0000,1.2940,1.3220,60.0000,0.0190,0.0120,7.0000,1.3850,1.3200,71.0000
1789471263.5896,-0.0720,-0.0430,-16.0000,1.2940,1.3020,61.0000,0.0190,0.0010,7.0000,1.3850,1.3230,72.0000
1789471263.5906,-0.0720,-0.0260,-17.0000,1.2940,1.3060,60.0000,0.0190,0.0000,8.0000,1.3850,1.3720,70.0000
1789471263.6410,-0.0720,-0.0410,-16.0000,1.2940,1.3080,60.0000,0.0190,0.0070,7.0000,1.3850,1.3700,70.0000
1789471263.6865,-0.0720,-0.0850,-14.0000,1.2940,1.3100,60.0000,0.0190,0.0090,8.0000,1.3850,1.3880,69.0000
1789471263.7858,-0.0720,-0.0660,-15.0000,1.2940,1.2800,61.0000,0.0190,0.0010,8.0000,1.3850,1.3370,73.0000
1789471263.8379,-0.0720,-0.0650,-16.0000,1.2940,1.2830,61.0000,0.0190,0.0000,8.0000,1.3850,1.3230,74.0000
1789471263.8402,-0.0720,-0.0390,-17.0000,1.2940,1.3010,60.0000,0.0190,0.0000,9.0000,1.3850,1.3700,71.0000
1789471263.9357,-0.0720,-0.0980,-14.0000,1.2940,1.3020,60.0000,0.0190,0.0000,9.0000,1.3850,1.3900,71.0000
1789471263.9858,-0.0720,-0.0890,-14.0000,1.2940,1.3000,60.0000,0.0190,0.0000,9.0000,1.3850,1.3770,72.0000
1789471264.0356,-0.0720,-0.0680,-16.0000,1.2940,1.2780,61.0000,0.0190,0.0000,9.0000,1.3850,1.4160,69.0000
1789471264.0368,-0.0720,-0.0680,-16.0000,1.2940,1.2900,60.0000,0.0190,0.0000,10.0000,1.3850,1.4240,68.0000
1789471264.0869,-0.0720,-0.0710,-15.0000,1.2940,1.2880,61.0000,0.0190,0.0000,10.0000,1.3850,1.3270,74.0000
1789471264.1364,-0.0720,-0.0700,-16.0000,1.2940,1.3200,59.0000,0.0190,0.0000,10.0000,1.3850,1.3180,75.0000
1789471264.1865,-0.0720,-0.0760,-15.0000,1.2940,1.3230,59.0000,0.0190,0.0000,10.0000,1.3850,1.3780,72.0000
1789471264.2364,-0.0720,-0.0300,-18.0000,1.2940,1.3290,58.0000,0.0190,0.0000,11.0000,1.3850,1.4090,70.0000
1789471264.2865,-0.0720,-0.0360,-18.0000,1.2940,1.3140,58.0000,0.0190,0.0000,11.0000,1.3850,1.4470,68.0000
1789471264.3403,-0.0720,-0.0640,-17.0000,1.2940,1.3220,58.0000,0.0190,0.0000,11.0000,1.3850,1.3510,73.0000
1789471264.3865,-0.0720,-0.0370,-18.0000,1.2940,1.3150,58.0000,0.0190,0.0000,11.0000,1.3850,1.3240,75.0000
1789471264.4365,-0.0720,-0.0240,-20.0000,1.2940,1.3040,58.0000,0.0190,0.0000,12.0000,1.3850,1.3460,74.0000
1789471264.4865,-0.0720,-0.0040,-21.0000,1.2940,1.3070,58.0000,0.0190,0.0000,12.0000,1.3850,1.4420,69.0000
1789471264.5365,-0.0720,-0.0000,-22.0000,1.2940,1.3090,57.0000,0.0190,0.0000,12.0000,1.3850,1.4660,67.0000
1789471264.5864,-0.0720,-0.0300,-21.0000,1.2940,1.3010,58.0000,0.0190,0.0040,12.0000,1.3850,1.4050,70.0000
1789471264.6870,-0.0720,-0.0640,-20.0000,1.2940,1.3050,57.0000,0.0190,0.0620,9.0000,1.3850,1.3840,71.0000
1789471264.6921,-0.0720,-0.0260,-23.0000,1.2940,1.3030,57.0000,0.0190,0.0740,8.0000,1.3850,1.3400,73.0000
1789471264.7867,-0.0720,-0.0340,-22.0000,1.2940,1.2930,58.0000,0.0190,0.0370,9.0000,1.3850,1.3510,73.0000
1789471264.7904,-0.0720,-0.0870,-20.0000,1.2940,1.3010,58.0000,0.0190,0.0080,11.0000,1.3850,1.4200,69.0000
1789471264.8366,-0.0720,-0.0620,-21.0000,1.2940,1.2940,58.0000,0.0190,0.0180,10.0000,1.3850,1.4010,70.0000
1789471264.8864,-0.0720,-0.0580,-22.0000,1.2940,1.2980,58.0000,0.0190,0.0190,10.0000,1.3850,1.4940,64.0000
1789471264.9364,-0.0720,-0.1190,-18.0000,1.2940,1.2970,58.0000,0.0190,0.0140,10.0000,1.3850,1.4100,69.0000
1789471264.9866,-0.0720,-0.1560,-16.0000,1.2940,1.2800,59.0000,0.0190,0.0040,11.0000,1.3850,1.3080,74.0000
1789471265.0362,-0.0720,-0.1020,-18.0000,1.2940,1.2760,59.0000,0.0190,0.0050,11.0000,1.3850,1.3490,72.0000
1789471265.0870,-0.0720,-0.0870,-18.0000,1.2940,1.2680,59.0000,0.0190,0.0110,11.0000,1.3850,1.4430,67.0000
1789471265.1369,-0.0720,-0.1090,-17.0000,1.2940,1.2670,60.0000,0.0190,0.0290,10.0000,1.3850,1.4220,68.0000
1789471265.2357,-0.0720,-0.1210,-16.0000,1.2940,1.2680,60.0000,0.0190,0.0530,9.0000,1.3850,1.3930,69.0000
1789471265.2369,-0.0720,-0.1370,-14.0000,1.2940,1.2480,61.0000,0.0190,0.0260,10.0000,1.3850,1.3550,71.0000
1789471265.2864,-0.0720,-0.1100,-15.0000,1.2940,1.2570,61.0000,0.0190,0.0120,10.0000,1.3850,1.3240,73.0000
1789471265.3376,-0.0720,-0.1200,-14.0000,1.2940,1.2590,62.0000,0.0190,0.0210,10.0000,1.3850,1.3480,72.0000
1789471265.3873,-0.0720,-0.1150,-14.0000,1.2940,1.3010,60.0000,0.0190,0.0220,10.0000,1.3850,1.3470,73.0000
1789471265.4375,-0.0720,-0.0820,-15.0000,1.2940,1.3090,59.0000,0.0190,0.0170,10.0000,1.3850,1.3840,71.0000
1789471265.4875,-0.0720,-0.0280,-18.0000,1.2940,1.3170,59.0000,0.0190,0.0100,11.0000,1.3850,1.4750,66.0000
1789471265.5404,-0.0720,-0.0510,-17.0000,1.2940,1.3070,59.0000,0.0190,0.0060,11.0000,1.3850,1.4250,68.0000
1789471265.5879,-0.0720,-0.0640,-17.0000,1.2940,1.3020,59.0000,0.0190,0.0100,11.0000,1.3850,1.2950,75.0000
1789471265.6376,-0.0720,-0.0970,-15.0000,1.2940,1.2590,62.0000,0.0190,0.0190,10.0000,1.3850,1.3300,73.0000
1789471265.7368,-0.0720,-0.0720,-16.0000,1.2940,1.3070,59.0000,0.0190,0.0540,8.0000,1.3850,1.3960,70.0000
1789471265.7868,-0.0720,-0.0870,-15.0000,1.2940,1.3070,59.0000,0.0190,0.0370,9.0000,1.3850,1.3950,70.0000
1789471265.7880,-0.0720,-0.0730,-16.0000,1.2940,1.3010,59.0000,0.0190,0.0220,10.0000,1.3850,1.4010,70.0000
1789471265.8869,-0.0720,-0.0210,-19.0000,1.2940,1.2810,61.0000,0.0190,0.0220,9.0000,1.3850,1.4540,67.0000
1789471265.8882,-0.0720,-0.0280,-19.0000,1.2940,1.2850,60.0000,0.0190,0.0040,11.0000,1.3850,1.3580,72.0000
1789471265.9379,-0.0720,-0.0830,-16.0000,1.2940,1.3000,60.0000,0.0190,0.0090,10.0000,1.3850,1.3300,73.0000
1789471265.9887,-0.0720,-0.0960,-15.0000,1.2940,1.2930,60.0000,0.0190,0.0080,11.0000,1.3850,1.3770,71.0000
1789471266.0377,-0.0720,-0.0770,-16.0000,1.2940,1.3010,59.0000,0.0190,0.0200,10.0000,1.3850,1.4340,68.0000
1789471266.0881,-0.0720,-0.0530,-18.0000,1.2940,1.2890,60.0000,0.0190,0.0140,10.0000,1.3850,1.3990,70.0000
1789471266.1376,-0.0720,-0.0740,-17.0000,1.2940,1.2820,60.0000,0.0190,0.0050,11.0000,1.3850,1.4710,65.0000
1789471266.1876,-0.0720,-0.0500,-18.0000,1.2940,1.2770,61.0000,0.0190,0.0070,11.0000,1.3850,1.3350,72.0000
1789471266.2377,-0.0720,-0.0890,-16.0000,1.2940,1.2910,60.0000,0.0190,0.0110,11.0000,1.3850,1.3450,72.0000
1789471266.2875,-0.0720,-0.1020,-15.0000,1.2940,1.2850,61.0000,0.0190,0.0240,10.0000,1.3850,1.4000,69.0000
1789471266.3878,-0.0720,-0.0850,-16.0000,1.2940,1.2960,60.0000,0.0190,0.0510,9.0000,1.3850,1.4430,66.0000
1789471266.3888,-0.0720,-0.0370,-19.0000,1.2940,1.3080,59.0000,0.0190,0.0180,10.0000,1.3850,1.4510,66.0000
1789471266.4375,-0.0720,-0.0500,-18.0000,1.2940,1.3140,59.0000,0.0190,0.0060,11.0000,1.3850,1.4210,67.0000
1789471266.4876,-0.0720,-0.0420,-19.0000,1.2940,1.2670,62.0000,0.0190,0.0080,11.0000,1.3850,1.2980,73.0000
1789471266.5376,-0.0720,-0.0210,-20.0000,1.2940,1.2670,62.0000,0.0190,0.0120,11.0000,1.3850,1.3330,72.0000
1789471266.5876,-0.0720,-0.0310,-20.0000,1.2940,1.3070,60.0000,0.0190,0.0170,11.0000,1.3850,1.3760,70.0000
1789471266.6373,-0.0720,-0.0630,-19.0000,1.2940,1.3210,59.0000,0.0190,0.0150,11.0000,1.3850,1.4330,67.0000
1789471266.6876,-0.0720,-0.0760,-18.0000,1.2940,1.3230,58.0000,0.0190,0.0120,11.0000,1.3850,1.4090,68.0000
1789471266.7376,-0.0720,-0.0480,-20.0000,1.2940,1.3230,58.0000,0.0190,0.0150,11.0000,1.3850,1.4430,66.0000
1789471266.7874,-0.0720,-0.0380,-21.0000,1.2940,1.2890,60.0000,0.0190,0.0090,11.0000,1.3850,1.3070,73.0000
1789471266.8376,-0.0720,-0.0410,-21.0000,1.2940,1.2570,62.0000,0.0190,0.0070,11.0000,1.3850,1.3620,70.0000
1789471266.8876,-0.0720,-0.0310,-22.0000,1.2940,1.2790,61.0000,0.0190,0.0060,12.0000,1.3850,1.4030,69.0000
1789471266.9375,-0.0720,-0.0670,-20.0000,1.2940,1.3190,59.0000,0.0190,0.0080,12.0000,1.3850,1.4090,68.0000
1789471266.9876,-0.0720,-0.0410,-22.0000,1.2940,1.3120,59.0000,0.0190,0.0120,12.0000,1.3850,1.4210,67.0000
1789471267.0375,-0.0720,-0.0530,-21.0000,1.2940,1.3000,59.0000,0.0190,0.0080,12.0000,1.3850,1.4070,68.0000
1789471267.0897,-0.0720,-0.0250,-23.0000,1.2940,1.3080,59.0000,0.0190,0.0180,11.0000,1.3850,1.2990,74.0000
1789471267.1867,-0.0720,-0.0430,-23.0000,1.2940,1.2310,63.0000,0.0190,0.0530,9.0000,1.3850,1.3400,72.0000
1789471267.1878,-0.0720,-0.0710,-21.0000,1.2940,1.2770,61.0000,0.0190,0.0310,11.0000,1.3850,1.4240,68.0000
1789471267.2375,-0.0720,-0.0640,-22.0000,1.2940,1.3140,59.0000,0.0190,0.0290,10.0000,1.3850,1.4160,68.0000
1789471267.2878,-0.0720,-0.1030,-20.0000,1.2940,1.3270,58.0000,0.0190,0.0330,10.0000,1.3850,1.3840,70.0000
1789471267.3377,-0.0720,-0.1350,-18.0000,1.2940,1.3150,59.0000,0.0190,0.0300,10.0000,1.3850,1.4090,68.0000
1789471267.3874,-0.0720,-0.0640,-21.0000,1.2940,1.3110,59.0000,0.0190,0.0060,11.0000,1.3850,1.3320,72.0000
1789471267.4376,-0.0720,-0.0730,-21.0000,1.2940,1.2550,62.0000,0.0190,0.0010,12.0000,1.3850,1.3520,71.0000
1789471267.4875,-0.0720,-0.0590,-21.0000,1.2940,1.2480,62.0000,0.0190,0.0130,11.0000,1.3850,1.4060,69.0000
1789471267.5376,-0.0720,-0.0960,-19.0000,1.2940,1.2960,60.0000,0.0190,0.0300,10.0000,1.3850,1.4000,69.0000
1789471267.6369,-0.0720,-0.1160,-18.0000,1.2940,1.2920,60.0000,0.0190,0.0790,7.0000,1.3850,1.3710,71.0000
1789471267.6869,-0.0720,-0.0980,-19.0000,1.2940,1.2870,61.0000,0.0190,0.0610,8.0000,1.3850,1.4010,69.0000
1789471267.7377,-0.0720,-0.0910,-18.0000,1.2940,1.3240,58.0000,0.0190,0.0310,9.0000,1.3850,1.3580,71.0000
1789471267.7418,-0.0720,-0.0720,-19.0000,1.2940,1.2970,60.0000,0.0190,0.0130,10.0000,1.3850,1.2780,76.0000
1789471267.7875,-0.0720,-0.0710,-19.0000,1.2940,1.3110,59.0000,0.0190,0.0090,10.0000,1.3850,1.3770,71.0000
1789471267.8375,-0.0720,-0.0920,-18.0000,1.2940,1.2880,60.0000,0.0190,0.0070,10.0000,1.3850,1.3940,71.0000
1789471267.8878,-0.0720,-0.1070,-17.0000,1.2940,1.2850,60.0000,0.0190,0.0070,10.0000,1.3850,1.4130,69.0000
1789471267.9376,-0.0720,-0.1140,-17.0000,1.2940,1.2820,61.0000,0.0190,0.0090,10.0000,1.3850,1.4170,69.0000
1789471267.9877,-0.0720,-0.0910,-17.0000,1.2940,1.3020,60.0000,0.0190,0.0210,10.0000,1.3850,1.3950,70.0000
1789471268.0877,-0.0720,-0.0610,-19.0000,1.2940,1.3110,59.0000,0.0190,0.0700,7.0000,1.3850,1.3110,74.0000
1789471268.0902,-0.0720,-0.0670,-19.0000,1.2940,1.3070,59.0000,0.0190,0.0270,9.0000,1.3850,1.3730,71.0000
1789471268.1868,-0.0720,-0.0450,-20.0000,1.2940,1.2800,61.0000,0.0190,0.0370,8.0000,1.3850,1.4550,67.0000
1789471268.2368,-0.0720,-0.0830,-18.0000,1.2940,1.2890,60.0000,0.0190,0.0180,9.0000,1.3850,1.4480,67.0000
1789471268.2868,-0.0720,-0.1090,-16.0000,1.2940,1.2780,61.0000,0.0190,0.0300,8.0000,1.3850,1.3500,72.0000
1789471268.3369,-0.0720,-0.1020,-17.0000,1.2940,1.3240,58.0000,0.0190,0.0430,8.0000,1.3850,1.4020,69.0000
1789471268.3868,-0.0720,-0.0590,-19.0000,1.2940,1.3180,59.0000,0.0190,0.0820,5.0000,1.3850,1.3190,74.0000
1789471268.4375,-0.0720,-0.1080,-16.0000,1.2940,1.3150,58.0000,0.0190,0.0380,7.0000,1.3850,1.3340,73.0000
1789471268.4870,-0.0720,-0.0460,-19.0000,1.2940,1.3170,58.0000,0.0190,0.0070,9.0000,1.3850,1.4010,70.0000
1789471268.5375,-0.0720,-0.0240,-20.0000,1.2940,1.3110,58.0000,0.0190,0.0190,8.0000,1.3850,1.5140,63.0000
1789471268.5387,-0.0720,-0.0560,-19.0000,1.2940,1.3070,58.0000,0.0190,0.0250,8.0000,1.3850,1.4210,68.0000
1789471268.5876,-0.0720,-0.0910,-17.0000,1.2940,1.2860,59.0000,0.0190,0.0080,9.0000,1.3850,1.3520,71.0000
1789471268.6413,-0.0720,-0.0730,-18.0000,1.2940,1.2970,58.0000,0.0190,0.0050,9.0000,1.3850,1.2870,75.0000
1789471268.7369,-0.0720,-0.0420,-20.0000,1.2940,1.2800,60.0000,0.0190,0.0020,9.0000,1.3850,1.3790,70.0000
1789471268.7880,-0.0720,-0.0500,-19.0000,1.2940,1.2900,59.0000,0.0190,0.0110,9.0000,1.3850,1.4150,69.0000
1789471268.7899,-0.0720,-0.0530,-20.0000,1.2940,1.2940,59.0000,0.0190,0.0320,8.0000,1.3850,1.4000,70.0000
1789471268.8378,-0.0720,-0.1050,-17.0000,1.2940,1.2920,59.0000,0.0190,0.0670,6.0000,1.3850,1.3950,70.0000
1789471268.9367,-0.0720,-0.1080,-16.0000,1.2940,1.3000,58.0000,0.0190,0.0230,8.0000,1.3850,1.3950,70.0000
1789471268.9869,-0.0720,-0.0580,-19.0000,1.2940,1.3000,58.0000,0.0190,0.0130,8.0000,1.3850,1.3330,73.0000
1789471269.0368,-0.0720,-0.0920,-17.0000,1.2940,1.2990,58.0000,0.0190,0.0130,8.0000,1.3850,1.3450,73.0000
1789471269.0871,-0.0720,-0.0820,-17.0000,1.2940,1.3060,58.0000,0.0190,0.0060,9.0000,1.3850,1.3660,72.0000
1789471269.1367,-0.0720,-0.0320,-20.0000,1.2940,1.3040,58.0000,0.0190,0.0260,7.0000,1.3850,1.4580,67.0000
1789471269.1901,-0.0720,-0.0510,-19.0000,1.2940,1.2940,58.0000,0.0190,0.0210,8.0000,1.3850,1.4280,68.0000
1789471269.1910,-0.0720,-0.1140,-16.0000,1.2940,1.2850,59.0000,0.0190,0.0060,9.0000,1.3850,1.3790,71.0000
1789471269.2868,-0.0720,-0.0920,-17.0000,1.2940,1.2720,60.0000,0.0190,0.0030,9.0000,1.3850,1.3170,74.0000
1789471269.3369,-0.0720,-0.0980,-16.0000,1.2940,1.3020,58.0000,0.0190,0.0050,9.0000,1.3850,1.3820,71.0000
1789471269.3869,-0.0720,-0.1230,-14.0000,1.2940,1.3140,58.0000,0.0190,0.0070,9.0000,1.3850,1.3980,70.0000
1789471269.4368,-0.0720,-0.0870,-16.0000,1.2940,1.3100,58.0000,0.0190,0.0180,8.0000,1.3850,1.4400,68.0000
1789471269.4871,-0.0720,-0.0310,-19.0000,1.2940,1.3030,58.0000,0.0190,0.0520,7.0000,1.3850,1.4750,65.0000
1789471269.5369,-0.0720,-0.1040,-15.0000,1.2940,1.2680,60.0000,0.0190,0.0220,8.0000,1.3850,1.3960,69.0000
1789471269.5881,-0.0720,-0.1160,-14.0000,1.2940,1.2870,59.0000,0.0190,0.0140,8.0000,1.3850,1.3530,71.0000
1789471269.6369,-0.0720,-0.0580,-17.0000,1.2940,1.2890,59.0000,0.0190,0.0300,7.0000,1.3850,1.3750,70.0000
1789471269.6867,-0.0720,-0.1090,-14.0000,1.2940,1.3080,58.0000,0.0190,0.0240,8.0000,1.3850,1.4420,66.0000
1789471269.7375,-0.0720,-0.1070,-14.0000,1.2940,1.3050,58.0000,0.0190,0.0140,8.0000,1.3850,1.4330,66.0000
1789471269.7388,-0.0720,-0.0270,-18.0000,1.2940,1.3010,58.0000,0.0190,0.0030,9.0000,1.3850,1.4700,63.0000
1789471269.8367,-0.0720,-0.0490,-17.0000,1.2940,1.2860,59.0000,0.0190,0.0010,9.0000,1.3850,1.4280,65.0000
1789471269.8869,-0.0720,-0.1270,-13.0000,1.2940,1.2710,60.0000,0.0190,0.0080,9.0000,1.3850,1.3050,72.0000
1789471269.9367,-0.0720,-0.0870,-15.0000,1.2940,1.2960,58.0000,0.0190,0.0200,8.0000,1.3850,1.3660,69.0000
1789471269.9869,-0.0720,-0.1050,-13.0000,1.2940,1.3020,58.0000,0.0190,0.0220,8.0000,1.3850,1.4300,65.0000
1789471270.0369,-0.0720,-0.0700,-15.0000,1.2940,1.2800,59.0000,0.0190,0.0260,8.0000,1.3850,1.4310,65.0000
1789471270.0869,-0.0720,-0.0790,-15.0000,1.2940,1.2720,60.0000,0.0190,0.0520,6.0000,1.3850,1.4690,62.0000
1789471270.1376,-0.0720,-0.1360,-11.0000,1.2940,1.2930,59.0000,0.0190,0.0140,9.0000,1.3850,1.3950,66.0000
1789471270.1388,-0.0720,-0.0420,-16.0000,1.2940,1.2340,62.0000,0.0190,0.0490,6.0000,1.3850,1.3490,68.0000
1789471270.2376,-0.0720,-0.0330,-17.0000,1.2940,1.2930,59.0000,0.0190,0.0590,6.0000,1.3850,1.3740,67.0000
1789471270.2387,-0.0720,-0.0880,-14.0000,1.2940,1.3020,59.0000,0.0190,0.0120,8.0000,1.3850,1.4240,64.0000
1789471270.3376,-0.0720,-0.0470,-16.0000,1.2940,1.3210,58.0000,0.0190,0.0010,8.0000,1.3850,1.4300,64.0000
1789471270.3405,-0.0720,-0.0070,-19.0000,1.2940,1.2710,60.0000,0.0190,0.0030,8.0000,1.3850,1.4400,63.0000
1789471270.4375,-0.0720,-0.0330,-18.0000,1.2940,1.2360,63.0000,0.0190,0.0020,9.0000,1.3850,1.4200,63.0000
1789471270.4387,-0.0720,-0.0660,-16.0000,1.2940,1.2170,64.0000,0.0190,0.0020,9.0000,1.3850,1.3320,68.0000
1789471270.5377,-0.0720,-0.0850,-16.0000,1.2940,1.2380,64.0000,0.0190,0.0040,9.0000,1.3850,1.3720,66.0000
1789471270.5391,-0.0720,-0.0850,-16.0000,1.2940,1.2910,61.0000,0.0190,0.0270,8.0000,1.3850,1.3920,65.0000
1789471270.6369,-0.0720,-0.0820,-16.0000,1.2940,1.3330,59.0000,0.0190,0.0770,5.0000,1.3850,1.4150,63.0000
1789471270.6870,-0.0720,-0.1190,-13.0000,1.2940,1.3120,60.0000,0.0190,0.0570,6.0000,1.3850,1.4150,63.0000
1789471270.7376,-0.0720,-0.0310,-18.0000,1.2940,1.2950,61.0000,0.0190,0.0280,7.0000,1.3850,1.4170,63.0000
1789471270.7389,-0.0720,-0.0820,-15.0000,1.2940,1.2340,65.0000,0.0190,0.0080,8.0000,1.3850,1.3440,67.0000
1789471270.8371,-0.0720,-0.1170,-13.0000,1.2940,1.2520,64.0000,0.0190,0.0050,8.0000,1.3850,1.3630,66.0000
1789471270.8876,-0.0720,-0.0670,-16.0000,1.2940,1.2720,63.0000,0.0190,0.0040,8.0000,1.3850,1.3770,65.0000
1789471270.9370,-0.0720,-0.0990,-14.0000,1.2940,1.3110,61.0000,0.0190,0.0020,8.0000,1.3850,1.4230,62.0000
1789471270.9870,-0.0720,-0.0960,-13.0000,1.2940,1.3230,61.0000,0.0190,0.0030,8.0000,1.3850,1.4040,63.0000
1789471271.0369,-0.0720,-0.0780,-14.0000,1.2940,1.2960,62.0000,0.0190,0.0060,8.0000,1.3850,1.4200,62.0000
1789471271.0868,-0.0720,-0.0670,-15.0000,1.2940,1.2430,65.0000,0.0190,0.0180,8.0000,1.3850,1.3720,64.0000
1789471271.1369,-0.0720,-0.0990,-13.0000,1.2940,1.2570,64.0000,0.0190,0.0850,4.0000,1.3850,1.3410,66.0000
1789471271.1868,-0.0720,-0.1160,-12.0000,1.2940,1.3050,62.0000,0.0190,0.0680,5.0000,1.3850,1.3480,66.0000
1789471271.2371,-0.0720,-0.0760,-14.0000,1.2940,1.2990,63.0000,0.0190,0.0370,6.0000,1.3850,1.4000,64.0000
1789471271.2870,-0.0720,-0.0880,-13.0000,1.2940,1.3320,61.0000,0.0190,0.0160,7.0000,1.3850,1.3870,64.0000
1789471271.3409,-0.0720,-0.1080,-11.0000,1.2940,1.3050,62.0000,0.0190,0.0300,6.0000,1.3850,1.4210,62.0000
1789471271.3425,-0.0720,-0.0270,-16.0000,1.2940,1.2550,65.0000,0.0190,0.0930,2.0000,1.3850,1.3740,65.0000
1789471271.4370,-0.0720,-0.0930,-12.0000,1.2940,1.2750,63.0000,0.0190,0.0420,4.0000,1.3850,1.3470,67.0000
1789471271.4869,-0.0720,-0.1050,-11.0000,1.2940,1.2860,63.0000,0.0190,0.0320,4.0000,1.3850,1.3390,67.0000
1789471271.5370,-0.0720,-0.0710,-13.0000,1.2940,1.2810,64.0000,0.0190,0.0130,5.0000,1.3850,1.4140,63.0000
1789471271.5871,-0.0720,-0.0710,-13.0000,1.2940,1.3030,62.0000,0.0190,0.0010,6.0000,1.3850,1.4090,64.0000
1789471271.6371,-0.0720,-0.0820,-12.0000,1.2940,1.3550,59.0000,0.0190,0.0070,6.0000,1.3850,1.4160,63.0000
1789471271.6869,-0.0720,-0.0260,-15.0000,1.2940,1.2800,63.0000,0.0190,0.0170,5.0000,1.3850,1.4050,63.0000
1789471271.7370,-0.0720,-0.0140,-16.0000,1.2940,1.2580,65.0000,0.0190,0.0030,6.0000,1.3850,1.3870,64.0000
1789471271.7869,-0.0720,-0.0570,-14.0000,1.2940,1.2650,64.0000,0.0190,0.0050,6.0000,1.3850,1.3500,66.0000
1789471271.8369,-0.0720,-0.0780,-13.0000,1.2940,1.2560,65.0000,0.0190,0.0210,6.0000,1.3850,1.3600,66.0000
1789471271.8871,-0.0720,-0.0400,-16.0000,1.2940,1.2900,64.0000,0.0190,0.0610,3.0000,1.3850,1.3950,64.0000
1789471271.9369,-0.0720,-0.0780,-14.0000,1.2940,1.3450,61.0000,0.0190,0.0460,4.0000,1.3850,1.4060,64.0000
1789471271.9870,-0.0720,-0.0710,-14.0000,1.2940,1.3300,61.0000,0.0190,0.0650,2.0000,1.3850,1.3760,65.0000
1789471272.0368,-0.0720,-0.0440,-16.0000,1.2940,1.2840,64.0000,0.0190,0.0120,5.0000,1.3850,1.4030,64.0000
1789471272.0872,-0.0720,-0.0490,-16.0000,1.2940,1.2660,65.0000,0.0190,0.0010,6.0000,1.3850,1.3600,66.0000
1789471272.1369,-0.0720,-0.0980,-13.0000,1.2940,1.2700,64.0000,0.0190,0.0000,6.0000,1.3850,1.3810,65.0000
1789471272.1878,-0.0720,-0.0820,-14.0000,1.2940,1.2600,65.0000,0.0190,0.0020,6.0000,1.3850,1.4060,64.0000
1789471272.1906,-0.0720,-0.0500,-16.0000,1.2940,1.3230,62.0000,0.0190,0.0000,6.0000,1.3850,1.4100,63.0000
1789471272.2878,-0.0720,-0.0730,-14.0000,1.2940,1.2870,64.0000,0.0190,0.0110,6.0000,1.3850,1.3740,65.0000
1789471272.2905,-0.0720,-0.0250,-17.0000,1.2940,1.2800,64.0000,0.0190,0.0030,6.0000,1.3850,1.3900,64.0000
1789471272.3879,-0.0720,-0.0470,-16.0000,1.2940,1.2520,66.0000,0.0190,0.0000,7.0000,1.3850,1.3890,64.0000
1789471272.3899,-0.0720,-0.1030,-13.0000,1.2940,1.2700,65.0000,0.0190,0.0010,7.0000,1.3850,1.3740,65.0000
1789471272.4877,-0.0720,-0.0860,-14.0000,1.2940,1.2370,68.0000,0.0190,0.0000,7.0000,1.3850,1.4100,63.0000
1789471272.4897,-0.0720,-0.0940,-13.0000,1.2940,1.2840,66.0000,0.0190,0.0070,7.0000,1.3850,1.3920,64.0000
1789471272.5878,-0.0720,-0.0920,-13.0000,1.2940,1.3300,63.0000,0.0190,0.0290,6.0000,1.3850,1.3750,65.0000
1789471272.5899,-0.0720,-0.0710,-14.0000,1.2940,1.3520,62.0000,0.0190,0.0890,2.0000,1.3850,1.3640,66.0000
1789471272.6871,-0.0720,-0.0430,-16.0000,1.2940,1.2830,65.0000,0.0190,0.0530,4.0000,1.3850,1.4050,63.0000
1789471272.7370,-0.0720,-0.0280,-17.0000,1.2940,1.2600,66.0000,0.0190,0.0090,6.0000,1.3850,1.3900,64.0000
1789471272.7878,-0.0720,-0.0870,-14.0000,1.2940,1.2300,68.0000,0.0190,0.0050,6.0000,1.3850,1.3850,64.0000
1789471272.7905,-0.0720,-0.0650,-15.0000,1.2940,1.2650,67.0000,0.0190,0.0080,6.0000,1.3850,1.3940,64.0000
1789471272.8870,-0.0720,-0.0790,-14.0000,1.2940,1.3070,65.0000,0.0190,0.0080,6.0000,1.3850,1.3960,63.0000
1789471272.9370,-0.0720,-0.1100,-13.0000,1.2940,1.3740,61.0000,0.0190,0.0160,6.0000,1.3850,1.3840,64.0000
1789471272.9871,-0.0720,-0.0900,-13.0000,1.2940,1.3720,61.0000,0.0190,0.0640,3.0000,1.3850,1.4150,62.0000
1789471273.0369,-0.0720,-0.0270,-17.0000,1.2940,1.2520,67.0000,0.0190,0.0560,3.0000,1.3850,1.3860,64.0000
1789471273.0871,-0.0720,-0.0530,-16.0000,1.2940,1.2630,66.0000,0.0190,0.0090,6.0000,1.3850,1.4190,62.0000
1789471273.1371,-0.0720,-0.0690,-15.0000,1.2940,1.2640,66.0000,0.0190,0.0300,4.0000,1.3850,1.3580,65.0000
1789471273.1869,-0.0720,-0.0890,-14.0000,1.2940,1.2840,66.0000,0.0190,0.0270,4.0000,1.3850,1.3930,63.0000
1789471273.2369,-0.0720,-0.0740,-15.0000,1.2940,1.3320,63.0000,0.0190,0.0140,5.0000,1.3850,1.3640,65.0000
1789471273.2871,-0.0720,-0.0810,-14.0000,1.2940,1.3830,60.0000,0.0190,0.0160,5.0000,1.3850,1.4240,61.0000
1789471273.3369,-0.0720,-0.0860,-14.0000,1.2940,1.3440,61.0000,0.0190,0.0220,4.0000,1.3850,1.3950,63.0000
1789471273.3385,-0.0720,-0.0140,-18.0000,1.2940,1.2540,66.0000,0.0190,-0.0000,6.0000,1.3850,1.4180,61.0000
1789471273.4370,-0.0720,-0.0400,-17.0000,1.2940,1.2860,64.0000,0.0190,0.0060,5.0000,1.3850,1.3950,62.0000
1789471273.4873,-0.0720,-0.0900,-15.0000,1.2940,1.2810,64.0000,0.0190,0.0980,0.0000,1.3850,1.3250,66.0000
1789471273.5369,-0.0720,-0.0860,-15.0000,1.2940,1.2950,64.0000,0.0190,0.0450,3.0000,1.3850,1.3290,66.0000
1789471273.5870,-0.0720,-0.1290,-12.0000,1.2940,1.3480,60.0000,0.0190,0.0130,4.0000,1.3850,1.3610,65.0000
1789471273.6400,-0.0720,-0.0950,-14.0000,1.2940,1.2810,64.0000,0.0190,0.0030,5.0000,1.3850,1.3910,64.0000
1789471273.6427,-0.0720,-0.0780,-14.0000,1.2940,1.2830,64.0000,0.0190,0.0000,5.0000,1.3850,1.4220,62.0000
1789471273.7379,-0.0720,-0.1130,-12.0000,1.2940,1.3230,61.0000,0.0190,0.0000,5.0000,1.3850,1.3760,65.0000
1789471273.7880,-0.0720,-0.1100,-12.0000,1.2940,1.3580,59.0000,0.0190,0.0020,5.0000,1.3850,1.3760,65.0000
1789471273.8379,-0.0720,-0.1030,-12.0000,1.2940,1.3160,61.0000,0.0190,0.0050,5.0000,1.3850,1.3250,68.0000
1789471273.8881,-0.0720,-0.1030,-11.0000,1.2940,1.3640,58.0000,0.0190,0.0030,6.0000,1.3850,1.3460,67.0000
1789471273.9406,-0.0720,-0.1220,-10.0000,1.2940,1.3290,59.0000,0.0190,0.0220,5.0000,1.3850,1.3240,69.0000
1789471273.9903,-0.0720,-0.0670,-12.0000,1.2940,1.2240,65.0000,0.0190,0.0070,6.0000,1.3850,1.3680,67.0000
1789471274.0400,-0.0720,-0.0710,-12.0000,1.2940,1.1990,66.0000,0.0190,0.0370,4.0000,1.3850,1.4310,63.0000
1789471274.0904,-0.0720,-0.0210,-15.0000,1.2940,1.2330,66.0000,0.0190,0.0810,1.0000,1.3850,1.3870,66.0000
1789471274.1399,-0.0720,-0.0200,-15.0000,1.2940,1.2560,65.0000,0.0190,0.0820,1.0000,1.3850,1.3720,66.0000
1789471274.1898,-0.0720,-0.0810,-12.0000,1.2940,1.3190,62.0000,0.0190,0.0230,4.0000,1.3850,1.3710,67.0000
1789471274.2409,-0.0720,-0.0760,-13.0000,1.2940,1.3520,60.0000,0.0190,0.0020,4.0000,1.3850,1.4310,63.0000
1789471274.2904,-0.0720,-0.0140,-16.0000,1.2940,1.2470,66.0000,0.0190,0.0000,5.0000,1.3850,1.4370,63.0000
1789471274.2917,-0.0720,-0.0090,-17.0000,1.2940,1.2550,65.0000,0.0190,-0.0070,5.0000,1.3850,1.4190,63.0000
1789471274.3408,-0.0720,-0.0580,-15.0000,1.2940,1.2310,67.0000,0.0190,0.0060,5.0000,1.3850,1.3660,66.0000
1789471274.4409,-0.0720,-0.1070,-12.0000,1.2940,1.2770,65.0000,0.0190,0.0110,5.0000,1.3850,1.3600,66.0000
1789471274.4424,-0.0720,-0.0720,-14.0000,1.2940,1.3090,64.0000,0.0190,0.0110,5.0000,1.3850,1.3910,64.0000
1789471274.5410,-0.0720,-0.1090,-12.0000,1.2940,1.3630,60.0000,0.0190,0.0670,1.0000,1.3850,1.3930,64.0000
1789471274.5423,-0.0720,-0.1110,-12.0000,1.2940,1.3670,60.0000,0.0190,0.1080,-1.0000,1.3850,1.4130,63.0000
1789471274.6409,-0.0720,-0.0160,-17.0000,1.2940,1.3050,63.0000,0.0190,0.0340,2.0000,1.3850,1.4270,62.0000
1789471274.6423,-0.0720,-0.0130,-17.0000,1.2940,1.2720,64.0000,0.0190,0.0010,4.0000,1.3850,1.3880,64.0000
1789471274.7404,-0.0720,-0.0970,-13.0000,1.2940,1.2580,65.0000,0.0190,0.0020,4.0000,1.3850,1.3180,68.0000
1789471274.7907,-0.0720,-0.0660,-15.0000,1.2940,1.2820,64.0000,0.0190,0.0060,4.0000,1.3850,1.3610,65.0000
1789471274.8406,-0.0720,-0.0770,-14.0000,1.2940,1.3340,61.0000,0.0190,0.0290,2.0000,1.3850,1.4270,62.0000
1789471274.8904,-0.0720,-0.0540,-16.0000,1.2940,1.2690,65.0000,0.0190,0.0510,1.0000,1.3850,1.3820,64.0000
1789471274.9403,-0.0720,-0.0240,-18.0000,1.2940,1.2850,64.0000,0.0190,0.0060,3.0000,1.3850,1.4210,62.0000
1789471274.9904,-0.0720,-0.0610,-16.0000,1.2940,1.2510,66.0000,0.0190,0.0000,4.0000,1.3850,1.3240,68.0000
1789471275.0403,-0.0720,-0.0840,-15.0000,1.2940,1.2570,66.0000,0.0190,0.0000,4.0000,1.3850,1.3580,66.0000
1789471275.0905,-0.0720,-0.1010,-14.0000,1.2940,1.2620,66.0000,0.0190,0.0170,3.0000,1.3850,1.3850,65.0000
1789471275.1405,-0.0720,-0.1070,-13.0000,1.2940,1.3220,63.0000,0.0190,0.0190,3.0000,1.3850,1.4030,64.0000
1789471275.1915,-0.0720,-0.0990,-13.0000,1.2940,1.3410,62.0000,0.0190,0.0080,4.0000,1.3850,1.4070,63.0000
1789471275.2419,-0.0720,-0.0970,-13.0000,1.2940,1.3360,62.0000,0.0190,0.0040,4.0000,1.3850,1.4330,62.0000
1789471275.2433,-0.0720,-0.0280,-17.0000,1.2940,1.2630,65.0000,0.0190,0.0030,4.0000,1.3850,1.4000,63.0000
1789471275.3418,-0.0720,-0.0720,-14.0000,1.2940,1.2650,65.0000,0.0190,0.0020,5.0000,1.3850,1.3460,66.0000
1789471275.3430,-0.0720,-0.0810,-14.0000,1.2940,1.2640,66.0000,0.0190,0.0140,4.0000,1.3850,1.3320,67.0000
1789471275.4412,-0.0720,-0.0880,-14.0000,1.2940,1.2890,65.0000,0.0190,0.0060,5.0000,1.3850,1.3890,64.0000
1789471275.4925,-0.0720,-0.0780,-14.0000,1.2940,1.3290,62.0000,0.0190,0.0080,5.0000,1.3850,1.3880,64.0000
1789471275.5411,-0.0720,-0.0950,-13.0000,1.2940,1.3160,63.0000,0.0190,0.0110,5.0000,1.3850,1.4320,62.0000
1789471275.5909,-0.0720,-0.0670,-14.0000,1.2940,1.3040,63.0000,0.0190,0.0100,5.0000,1.3850,1.3990,63.0000
1789471275.6410,-0.0720,-0.0510,-15.0000,1.2940,1.2550,66.0000,0.0190,0.0010,5.0000,1.3850,1.3470,66.0000
1789471275.6945,-0.0720,-0.1070,-12.0000,1.2940,1.3100,63.0000,0.0190,0.0050,5.0000,1.3850,1.3420,67.0000
1789471275.7441,-0.0720,-0.1120,-11.0000,1.2940,1.3130,63.0000,0.0190,0.0020,6.0000,1.3850,1.3690,66.0000
1789471275.7949,-0.0720,-0.0910,-12.0000,1.2940,1.3150,63.0000,0.0190,0.0020,6.0000,1.3850,1.4040,64.0000
1789471275.8444,-0.0720,-0.0960,-12.0000,1.2940,1.3070,63.0000,0.0190,0.0040,6.0000,1.3850,1.4160,63.0000
1789471275.8941,-0.0720,-0.0610,-13.0000,1.2940,1.2790,64.0000,0.0190,0.0330,5.0000,1.3850,1.4170,63.0000
1789471275.9447,-0.0720,-0.0230,-16.0000,1.2940,1.2610,65.0000,0.0190,0.0470,4.0000,1.3850,1.3550,66.0000
1789471275.9460,-0.0720,-0.0850,-12.0000,1.2940,1.2970,64.0000,0.0190,0.0270,5.0000,1.3850,1.3640,66.0000
1789471276.0454,-0.0720,-0.0960,-12.0000,1.2940,1.2940,64.0000,0.0190,0.0170,5.0000,1.3850,1.3750,65.0000
1789471276.0939,-0.0720,-0.0650,-13.0000,1.2940,1.3030,63.0000,0.0190,0.0030,6.0000,1.3850,1.4110,63.0000
1789471276.1441,-0.0720,-0.0780,-13.0000,1.2940,1.3250,62.0000,0.0190,0.0030,6.0000,1.3850,1.4080,63.0000
1789471276.1941,-0.0720,-0.1010,-11.0000,1.2940,1.3260,62.0000,0.0190,0.0200,5.0000,1.3850,1.4240,62.0000
1789471276.2444,-0.0720,-0.0320,-15.0000,1.2940,1.2600,65.0000,0.0190,0.0090,6.0000,1.3850,1.3300,67.0000
1789471276.2955,-0.0720,-0.0870,-12.0000,1.2940,1.2880,64.0000,0.0190,0.0010,6.0000,1.3850,1.3720,65.0000
1789471276.3450,-0.0720,-0.1010,-11.0000,1.2940,1.2780,65.0000,0.0190,0.0010,6.0000,1.3850,1.3610,66.0000
1789471276.3950,-0.0720,-0.0880,-12.0000,1.2940,1.2900,64.0000,0.0190,0.0010,7.0000,1.3850,1.4070,63.0000
1789471276.4451,-0.0720,-0.0700,-13.0000,1.2940,1.3100,63.0000,0.0190,0.0000,7.0000,1.3850,1.3930,64.0000
1789471276.4951,-0.0720,-0.0940,-11.0000,1.2940,1.3610,60.0000,0.0190,0.0040,7.0000,1.3850,1.4190,63.0000
1789471276.5451,-0.0720,-0.0910,-11.0000,1.2940,1.2880,64.0000,0.0190,0.0160,6.0000,1.3850,1.3820,65.0000
1789471276.5955,-0.0720,-0.0260,-15.0000,1.2940,1.2810,64.0000,0.0190,0.0010,7.0000,1.3850,1.3920,64.0000
1789471276.6452,-0.0720,-0.0800,-12.0000,1.2940,1.2720,64.0000,0.0190,0.0050,7.0000,1.3850,1.3490,66.0000
1789471276.6951,-0.0720,-0.1040,-10.0000,1.2940,1.2720,65.0000,0.0190,0.0010,8.0000,1.3850,1.3900,64.0000
1789471276.7450,-0.0720,-0.0850,-11.0000,1.2940,1.2960,63.0000,0.0190,0.0040,8.0000,1.3850,1.3770,65.0000
1789471276.7951,-0.0720,-0.0760,-12.0000,1.2940,1.3400,61.0000,0.0190,0.0000,8.0000,1.3850,1.4100,63.0000
1789471276.8450,-0.0720,-0.0950,-10.0000,1.2940,1.3190,62.0000,0.0190,0.0170,7.0000,1.3850,1.3530,66.0000
1789471276.8959,-0.0720,-0.0880,-11.0000,1.2940,1.2650,65.0000,0.0190,0.0200,7.0000,1.3850,1.3920,64.0000
1789471276.8972,-0.0720,-0.0420,-13.0000,1.2940,1.2680,65.0000,0.0190,0.0280,7.0000,1.3850,1.3800,65.0000
1789471276.9952,-0.0720,-0.0620,-12.0000,1.2940,1.2690,65.0000,0.0190,0.0360,6.0000,1.3850,1.3770,65.0000
1789471277.0453,-0.0720,-0.0480,-13.0000,1.2940,1.2560,66.0000,0.0190,0.0190,7.0000,1.3850,1.3960,64.0000
1789471277.0957,-0.0720,-0.0760,-12.0000,1.2940,1.3260,62.0000,0.0190,0.0190,7.0000,1.3850,1.3860,65.0000
1789471277.0969,-0.0720,-0.0980,-10.0000,1.2940,1.3000,64.0000,0.0190,0.0160,7.0000,1.3850,1.3540,67.0000
1789471277.1958,-0.0720,-0.0400,-14.0000,1.2940,1.2820,65.0000,0.0190,0.0160,7.0000,1.3850,1.3800,66.0000
1789471277.1972,-0.0720,-0.0600,-13.0000,1.2940,1.2690,65.0000,0.0190,0.0110,8.0000,1.3850,1.3720,66.0000
1789471277.2959,-0.0720,-0.0710,-12.0000,1.2940,1.2510,67.0000,0.0190,0.0170,7.0000,1.3850,1.3900,65.0000
1789471277.2972,-0.0720,-0.0650,-13.0000,1.2940,1.2600,67.0000,0.0190,0.0080,8.0000,1.3850,1.3910,65.0000
1789471277.3952,-0.0720,-0.0960,-11.0000,1.2940,1.2930,65.0000,0.0190,0.0060,8.0000,1.3850,1.4250,63.0000
1789471277.4456,-0.0720,-0.0930,-11.0000,1.2940,1.3510,62.0000,0.0190,0.0010,9.0000,1.3850,1.3780,66.0000
1789471277.4959,-0.0720,-0.0730,-12.0000,1.2940,1.3410,62.0000,0.0190,0.0090,8.0000,1.3850,1.4050,64.0000
1789471277.4972,-0.0720,-0.0550,-13.0000,1.2940,1.2860,65.0000,0.0190,0.0060,9.0000,1.3850,1.4120,63.0000
1789471277.5950,-0.0720,-0.0210,-15.0000,1.2940,1.2600,66.0000,0.0190,0.0000,9.0000,1.3850,1.3930,64.0000
1789471277.6467,-0.0720,-0.0820,-11.0000,1.2940,1.2510,67.0000,0.0190,0.0000,9.0000,1.3850,1.3820,65.0000
1789471277.6950,-0.0720,-0.0850,-11.0000,1.2940,1.2700,66.0000,0.0190,0.0040,9.0000,1.3850,1.3950,64.0000
1789471277.6962,-0.0720,-0.0600,-13.0000,1.2940,1.3170,64.0000,0.0190,0.0030,10.0000,1.3850,1.3750,65.0000
1789471277.7460,-0.0720,-0.1010,-10.0000,1.2940,1.3690,60.0000,0.0190,0.0080,10.0000,1.3850,1.3790,65.0000
1789471277.7958,-0.0720,-0.0850,-11.0000,1.2940,1.3240,63.0000,0.0190,0.0080,10.0000,1.3850,1.3970,64.0000
1789471277.8458,-0.0720,-0.0290,-14.0000,1.2940,1.2410,67.0000,0.0190,0.0030,10.0000,1.3850,1.4020,63.0000
1789471277.8958,-0.0720,-0.0590,-13.0000,1.2940,1.2430,67.0000,0.0190,0.0000,11.0000,1.3850,1.4040,63.0000
1789471277.9457,-0.0720,-0.0580,-13.0000,1.2940,1.2360,68.0000,0.0190,0.0160,10.0000,1.3850,1.3590,65.0000
1789471278.0451,-0.0720,-0.0950,-11.0000,1.2940,1.2920,65.0000,0.0190,0.0760,6.0000,1.3850,1.3570,66.0000
1789471278.0949,-0.0720,-0.0880,-11.0000,1.2940,1.3510,62.0000,0.0190,0.0600,7.0000,1.3850,1.3590,66.0000
1789471278.1450,-0.0720,-0.0700,-12.0000,1.2940,1.3810,60.0000,0.0190,0.0460,7.0000,1.3850,1.4060,63.0000
1789471278.1951,-0.0720,-0.0340,-14.0000,1.2940,1.2880,65.0000,0.0190,0.0060,9.0000,1.3850,1.4030,63.0000
1789471278.2451,-0.0720,-0.0040,-16.0000,1.2940,1.2460,67.0000,0.0190,0.0000,9.0000,1.3850,1.4290,62.0000
1789471278.2951,-0.0720,-0.0290,-16.0000,1.2940,1.2650,66.0000,0.0190,0.0030,9.0000,1.3850,1.3760,64.0000
1789471278.3449,-0.0720,-0.1010,-12.0000,1.2940,1.2820,65.0000,0.0190,0.0060,9.0000,1.3850,1.3200,68.0000
1789471278.3460,-0.0720,-0.0440,-15.0000,1.2940,1.2990,64.0000,0.0190,0.0080,10.0000,1.3850,1.3600,66.0000
1789471278.4451,-0.0720,-0.0770,-14.0000,1.2940,1.3120,64.0000,0.0190,0.0390,8.0000,1.3850,1.4170,63.0000
1789471278.4951,-0.0720,-0.0260,-17.0000,1.2940,1.2860,65.0000,0.0190,0.0730,6.0000,1.3850,1.3850,65.0000
1789471278.5449,-0.0720,-0.0520,-15.0000,1.2940,1.2720,66.0000,0.0190,0.0080,9.0000,1.3850,1.4310,62.0000
1789471278.5958,-0.0720,-0.0750,-14.0000,1.2940,1.3000,64.0000,0.0190,0.0100,9.0000,1.3850,1.3540,66.0000
1789471278.5971,-0.0720,-0.0780,-14.0000,1.2940,1.2680,66.0000,0.0190,0.0300,8.0000,1.3850,1.3550,66.0000
1789471278.6459,-0.0720,-0.0840,-14.0000,1.2940,1.2940,65.0000,0.0190,0.0120,9.0000,1.3850,1.3660,66.0000
1789471278.7452,-0.0720,-0.0650,-15.0000,1.2940,1.3440,62.0000,0.0190,0.0130,9.0000,1.3850,1.4010,64.0000
1789471278.7952,-0.0720,-0.0750,-14.0000,1.2940,1.3280,63.0000,0.0190,0.0080,9.0000,1.3850,1.4140,63.0000
1789471278.7965,-0.0720,-0.0190,-18.0000,1.2940,1.2590,66.0000,0.0190,0.0010,10.0000,1.3850,1.4330,62.0000
1789471278.8457,-0.0720,-0.0550,-16.0000,1.2940,1.2610,66.0000,0.0190,0.0000,10.0000,1.3850,1.4090,63.0000
1789471278.8958,-0.0720,-0.0580,-16.0000,1.2940,1.2400,68.0000,0.0190,0.0000,10.0000,1.3850,1.3840,64.0000
1789471278.9459,-0.0720,-0.0720,-15.0000,1.2940,1.3060,65.0000,0.0190,0.0030,10.0000,1.3850,1.3370,67.0000
1789471279.0451,-0.0720,-0.1080,-13.0000,1.2940,1.3450,62.0000,0.0190,0.0220,9.0000,1.3850,1.3920,64.0000
1789471279.0950,-0.0720,-0.1080,-13.0000,1.2940,1.3950,59.0000,0.0190,0.0260,9.0000,1.3850,1.3800,65.0000
1789471279.1461,-0.0720,-0.0440,-16.0000,1.2940,1.2380,68.0000,0.0190,0.0210,9.0000,1.3850,1.4290,62.0000
1789471279.1951,-0.0720,-0.0420,-16.0000,1.2940,1.2800,65.0000,0.0190,0.0430,8.0000,1.3850,1.4100,63.0000
1789471279.2450,-0.0720,-0.0740,-15.0000,1.2940,1.2170,69.0000,0.0190,0.0300,9.0000,1.3850,1.3960,63.0000
1789471279.2950,-0.0720,-0.1030,-13.0000,1.2940,1.2730,66.0000,0.0190,0.0150,9.0000,1.3850,1.3040,68.0000
1789471279.3459,-0.0720,-0.1000,-13.0000,1.2940,1.3600,61.0000,0.0190,0.0720,6.0000,1.3850,1.3620,65.0000
1789471279.3472,-0.0720,-0.1010,-13.0000,1.2940,1.3670,61.0000,0.0190,0.0540,7.0000,1.3850,1.3830,65.0000
1789471279.4458,-0.0720,-0.1010,-13.0000,1.2940,1.3820,59.0000,0.0190,0.0390,7.0000,1.3850,1.4270,62.0000
1789471279.4471,-0.0720,-0.0270,-17.0000,1.2940,1.2780,64.0000,0.0190,0.0500,6.0000,1.3850,1.4170,62.0000
1789471279.5458,-0.0720,-0.0430,-16.0000,1.2940,1.2800,64.0000,0.0190,0.0100,8.0000,1.3850,1.3860,64.0000
1789471279.5470,-0.0720,-0.0910,-13.0000,1.2940,1.2830,64.0000,0.0190,0.0180,8.0000,1.3850,1.3270,67.0000
1789471279.6452,-0.0720,-0.1040,-12.0000,1.2940,1.2960,63.0000,0.0190,0.0400,6.0000,1.3850,1.3460,66.0000
1789471279.6951,-0.0720,-0.0920,-13.0000,1.2940,1.3240,61.0000,0.0190,0.0240,7.0000,1.3850,1.3890,64.0000
1789471279.7452,-0.0720,-0.0880,-13.0000,1.2940,1.2850,64.0000,0.0190,0.0050,8.0000,1.3850,1.3990,64.0000
1789471279.7951,-0.0720,-0.0380,-16.0000,1.2940,1.2740,64.0000,0.0190,0.0000,8.0000,1.3850,1.3940,64.0000
1789471279.8452,-0.0720,-0.0760,-14.0000,1.2940,1.2580,65.0000,0.0190,0.0000,9.0000,1.3850,1.3480,67.0000
1789471279.8950,-0.0720,-0.1040,-12.0000,1.2940,1.2590,65.0000,0.0190,0.0000,9.0000,1.3850,1.3410,67.0000
1789471279.9452,-0.0720,-0.0940,-12.0000,1.2940,1.2960,64.0000,0.0190,0.0130,8.0000,1.3850,1.3780,66.0000
1789471279.9951,-0.0720,-0.0970,-12.0000,1.2940,1.3110,63.0000,0.0190,0.0040,9.0000,1.3850,1.4160,63.0000
1789471280.0452,-0.0720,-0.1000,-11.0000,1.2940,1.3400,61.0000,0.0190,0.0010,9.0000,1.3850,1.4090,64.0000
1789471280.0463,-0.0720,-0.0650,-13.0000,1.2940,1.2970,63.0000,0.0190,0.0000,10.0000,1.3850,1.4360,62.0000
1789471280.0956,-0.0720,-0.0140,-16.0000,1.2940,1.2560,66.0000,0.0190,0.0020,10.0000,1.3850,1.3960,64.0000
1789471280.1459,-0.0720,-0.1000,-11.0000,1.2940,1.2820,64.0000,0.0190,0.0020,10.0000,1.3850,1.3700,65.0000
1789471280.1963,-0.0720,-0.0960,-12.0000,1.2940,1.3140,63.0000,0.0190,0.0010,10.0000,1.3850,1.3380,67.0000
1789471280.2458,-0.0720,-0.1010,-11.0000,1.2940,1.3150,62.0000,0.0190,0.0000,11.0000,1.3850,1.4090,63.0000
1789471280.2963,-0.0720,-0.0600,-13.0000,1.2940,1.3240,62.0000,0.0190,0.0010,11.0000,1.3850,1.3960,64.0000
1789471280.3459,-0.0720,-0.0830,-12.0000,1.2940,1.3010,63.0000,0.0190,0.0000,11.0000,1.3850,1.4320,62.0000
1789471280.3963,-0.0720,-0.0590,-13.0000,1.2940,1.3120,62.0000,0.0190,0.0080,11.0000,1.3850,1.4000,63.0000
1789471280.4458,-0.0720,-0.0360,-15.0000,1.2940,1.2560,65.0000,0.0190,0.0030,11.0000,1.3850,1.3600,65.0000
1789471280.5459,-0.0720,-0.0680,-13.0000,1.2940,1.3090,62.0000,0.0190,0.0360,9.0000,1.3850,1.3460,66.0000
1789471280.5951,-0.0720,-0.0750,-13.0000,1.2940,1.3150,62.0000,0.0190,0.0580,8.0000,1.3850,1.3600,66.0000
1789471280.5964,-0.0720,-0.0780,-13.0000,1.2940,1.3080,62.0000,0.0190,0.0210,10.0000,1.3850,1.4140,63.0000
1789471280.6469,-0.0720,-0.0640,-13.0000,1.2940,1.3000,62.0000,0.0190,0.0190,10.0000,1.3850,1.4280,62.0000
1789471280.6968,-0.0720,-0.0540,-14.0000,1.2940,1.3100,62.0000,0.0190,0.0150,10.0000,1.3850,1.3790,65.0000
1789471280.7469,-0.0720,-0.0670,-13.0000,1.2940,1.2830,63.0000,0.0190,0.0200,10.0000,1.3850,1.3610,66.0000
1789471280.7969,-0.0720,-0.0780,-13.0000,1.2940,1.3160,61.0000,0.0190,0.0170,10.0000,1.3850,1.3460,67.0000
1789471280.8468,-0.0720,-0.0970,-12.0000,1.2940,1.3090,61.0000,0.0190,0.0070,11.0000,1.3850,1.4100,63.0000
1789471280.8971,-0.0720,-0.1030,-11.0000,1.2940,1.3100,61.0000,0.0190,0.0010,11.0000,1.3850,1.3930,64.0000
1789471280.9469,-0.0720,-0.0820,-12.0000,1.2940,1.3010,62.0000,0.0190,0.0000,11.0000,1.3850,1.4130,63.0000
1789471280.9969,-0.0720,-0.0710,-12.0000,1.2940,1.2890,62.0000,0.0190,0.0130,11.0000,1.3850,1.3520,66.0000
1789471281.0469,-0.0720,-0.0650,-13.0000,1.2940,1.2730,63.0000,0.0190,0.0180,10.0000,1.3850,1.3370,67.0000
1789471281.1463,-0.0720,-0.0870,-11.0000,1.2940,1.2770,63.0000,0.0190,0.0500,9.0000,1.3850,1.3530,67.0000
1789471281.1963,-0.0720,-0.0830,-12.0000,1.2940,1.3120,61.0000,0.0190,0.0550,8.0000,1.3850,1.3530,67.0000
1789471281.2462,-0.0720,-0.0750,-12.0000,1.2940,1.2830,63.0000,0.0190,0.0320,9.0000,1.3850,1.3860,66.0000
1789471281.2474,-0.0720,-0.0860,-11.0000,1.2940,1.3180,60.0000,0.0190,0.0130,10.0000,1.3850,1.3970,65.0000
1789471281.2968,-0.0720,-0.0800,-11.0000,1.2940,1.3180,60.0000,0.0190,0.0110,10.0000,1.3850,1.3800,66.0000
1789471281.3963,-0.0720,-0.0740,-11.0000,1.2940,1.2930,62.0000,0.0190,0.0250,9.0000,1.3850,1.3390,69.0000
1789471281.3976,-0.0720,-0.0330,-14.0000,1.2940,1.2600,63.0000,0.0190,0.0150,10.0000,1.3850,1.3930,66.0000
1789471281.4468,-0.0720,-0.0290,-14.0000,1.2940,1.2930,62.0000,0.0190,0.0040,10.0000,1.3850,1.3910,66.0000
1789471281.4970,-0.0720,-0.0890,-11.0000,1.2940,1.2950,62.0000,0.0190,0.0060,10.0000,1.3850,1.3930,66.0000
1789471281.5469,-0.0720,-0.0730,-12.0000,1.2940,1.2900,62.0000,0.0190,0.0030,11.0000,1.3850,1.4300,64.0000
1789471281.5969,-0.0720,-0.0380,-14.0000,1.2940,1.3010,61.0000,0.0190,0.0040,11.0000,1.3850,1.3880,66.0000
1789471281.6962,-0.0720,-0.0400,-14.0000,1.2940,1.3040,61.0000,0.0190,0.0360,9.0000,1.3850,1.3190,70.0000
1789471281.7463,-0.0720,-0.0410,-15.0000,1.2940,1.2850,62.0000,0.0190,0.0650,8.0000,1.3850,1.3740,67.0000
1789471281.7477,-0.0720,-0.0440,-15.0000,1.2940,1.3030,61.0000,0.0190,0.0190,10.0000,1.3850,1.4080,65.0000
1789471281.7969,-0.0720,-0.0740,-13.0000,1.2940,1.2730,63.0000,0.0190,0.0140,10.0000,1.3850,1.3870,66.0000
1789471281.8962,-0.0720,-0.0640,-14.0000,1.2940,1.2620,64.0000,0.0190,0.0320,9.0000,1.3850,1.3820,66.0000
1789471281.8976,-0.0720,-0.1070,-12.0000,1.2940,1.2920,62.0000,0.0190,0.0160,10.0000,1.3850,1.4120,65.0000
1789471281.9961,-0.0720,-0.0820,-13.0000,1.2940,1.3240,60.0000,0.0190,0.0250,9.0000,1.3850,1.3140,70.0000
1789471282.0461,-0.0720,-0.0470,-15.0000,1.2940,1.2940,62.0000,0.0190,0.0400,8.0000,1.3850,1.3880,66.0000
1789471282.0961,-0.0720,-0.0370,-16.0000,1.2940,1.2750,63.0000,0.0190,0.0590,7.0000,1.3850,1.3720,67.0000
1789471282.1462,-0.0720,-0.0810,-13.0000,1.2940,1.2640,64.0000,0.0190,0.0160,9.0000,1.3850,1.3790,67.0000
1789471282.1963,-0.0720,-0.0810,-13.0000,1.2940,1.2470,65.0000,0.0190,0.0080,9.0000,1.3850,1.3830,67.0000
1789471282.2461,-0.0720,-0.0830,-13.0000,1.2940,1.2790,64.0000,0.0190,0.0200,9.0000,1.3850,1.4070,65.0000
1789471282.2962,-0.0720,-0.0860,-13.0000,1.2940,1.3140,62.0000,0.0190,0.0370,8.0000,1.3850,1.3520,69.0000
1789471282.3463,-0.0720,-0.0860,-13.0000,1.2940,1.3490,60.0000,0.0190,0.0400,7.0000,1.3850,1.3870,67.0000
1789471282.3961,-0.0720,-0.0510,-15.0000,1.2940,1.2770,64.0000,0.0190,0.0280,8.0000,1.3850,1.4250,64.0000
1789471282.4460,-0.0720,-0.0450,-15.0000,1.2940,1.2820,63.0000,0.0190,0.0120,9.0000,1.3850,1.4080,65.0000
1789471282.4962,-0.0720,-0.0880,-13.0000,1.2940,1.2330,66.0000,0.0190,0.0390,7.0000,1.3850,1.3760,67.0000
1789471282.5477,-0.0720,-0.0980,-12.0000,1.2940,1.2580,65.0000,0.0190,0.0390,7.0000,1.3850,1.4160,64.0000
1789471282.5972,-0.0720,-0.0500,-15.0000,1.2940,1.3090,63.0000,0.0190,0.0340,7.0000,1.3850,1.3490,68.0000
1789471282.6473,-0.0720,-0.0900,-13.0000,1.2940,1.3410,61.0000,0.0190,0.0290,7.0000,1.3850,1.4190,64.0000
1789471282.6974,-0.0720,-0.1110,-11.0000,1.2940,1.3470,60.0000,0.0190,0.0440,6.0000,1.3850,1.4180,64.0000
1789471282.7509,-0.0720,-0.0210,-16.0000,1.2940,1.2420,66.0000,0.0190,0.0050,8.0000,1.3850,1.4430,62.0000
1789471282.7543,-0.0720,-0.0920,-12.0000,1.2940,1.2600,65.0000,0.0190,0.0000,9.0000,1.3850,1.4250,63.0000
1789471282.8478,-0.0720,-0.1090,-11.0000,1.2940,1.2400,67.0000,0.0190,0.0000,9.0000,1.3850,1.4280,62.0000
1789471282.8494,-0.0720,-0.0920,-12.0000,1.2940,1.2400,67.0000,0.0190,0.0000,9.0000,1.3850,1.3590,66.0000
1789471282.9507,-0.0720,-0.0710,-13.0000,1.2940,1.3280,63.0000,0.0190,0.0010,9.0000,1.3850,1.3680,65.0000
1789471282.9521,-0.0720,-0.0660,-13.0000,1.2940,1.3790,60.0000,0.0190,0.0000,9.0000,1.3850,1.3530,66.0000
1789471283.0473,-0.0720,-0.0420,-15.0000,1.2940,1.3520,61.0000,0.0190,0.0320,8.0000,1.3850,1.4110,63.0000
1789471283.0976,-0.0720,-0.0170,-16.0000,1.2940,1.2880,64.0000,0.0190,0.0100,9.0000,1.3850,1.4150,63.0000
1789471283.1473,-0.0720,-0.0530,-15.0000,1.2940,1.2610,65.0000,0.0190,0.0120,9.0000,1.3850,1.4420,61.0000
1789471283.1972,-0.0720,-0.0480,-16.0000,1.2940,1.2200,68.0000,0.0190,0.0440,7.0000,1.3850,1.3910,64.0000
1789471283.2472,-0.0720,-0.0730,-14.0000,1.2940,1.3130,63.0000,0.0190,0.0400,7.0000,1.3850,1.2980,69.0000
1789471283.2973,-0.0720,-0.0960,-13.0000,1.2940,1.3480,61.0000,0.0190,0.0700,5.0000,1.3850,1.3720,65.0000
1789471283.3480,-0.0720,-0.0410,-16.0000,1.2940,1.3030,63.0000,0.0190,0.0230,8.0000,1.3850,1.3980,64.0000
1789471283.3496,-0.0720,-0.0240,-18.0000,1.2940,1.2430,66.0000,0.0190,0.0020,9.0000,1.3850,1.4280,62.0000
1789471283.4479,-0.0720,-0.0620,-16.0000,1.2940,1.2760,65.0000,0.0190,0.0000,9.0000,1.3850,1.4080,63.0000
1789471283.4495,-0.0720,-0.0760,-15.0000,1.2940,1.2780,65.0000,0.0190,0.0090,8.0000,1.3850,1.3260,68.0000
1789471283.5471,-0.0720,-0.0630,-16.0000,1.2940,1.2790,65.0000,0.0190,0.0010,9.0000,1.3850,1.3780,65.0000
1789471283.5971,-0.0720,-0.1000,-14.0000,1.2940,1.3450,61.0000,0.0190,0.0170,8.0000,1.3850,1.3950,64.0000
1789471283.6406,-0.0720,-0.0870,-14.0000,1.2940,1.3340,62.0000,0.0190,0.0660,5.0000,1.3850,1.3980,64.0000
1789471283.6481,-0.0720,-0.0130,-19.0000,1.2940,1.2880,64.0000,0.0190,0.0180,8.0000,1.3850,1.4340,61.0000
1789471283.7473,-0.0720,-0.0210,-19.0000,1.2940,1.2480,66.0000,0.0190,0.0040,9.0000,1.3850,1.3970,63.0000
1789471283.7971,-0.0720,-0.0930,-15.0000,1.2940,1.2520,66.0000,0.0190,0.0570,6.0000,1.3850,1.3510,66.0000
1789471283.8472,-0.0720,-0.0880,-15.0000,1.2940,1.2790,65.0000,0.0190,0.0230,8.0000,1.3850,1.3420,66.0000
1789471283.8972,-0.0720,-0.0870,-15.0000,1.2940,1.3080,64.0000,0.0190,0.0210,7.0000,1.3850,1.4000,63.0000
1789471283.9473,-0.0720,-0.0980,-14.0000,1.2940,1.3600,61.0000,0.0190,0.0210,7.0000,1.3850,1.4010,63.0000
1789471283.9973,-0.0720,-0.0640,-16.0000,1.2940,1.3180,63.0000,0.0190,0.0070,8.0000,1.3850,1.4250,62.0000
1789471284.0472,-0.0720,-0.0220,-19.0000,1.2940,1.2300,68.0000,0.0190,0.0020,9.0000,1.3850,1.3950,63.0000
1789471284.0972,-0.0720,-0.0340,-18.0000,1.2940,1.2220,68.0000,0.0190,0.0180,8.0000,1.3850,1.4180,61.0000
1789471284.1471,-0.0720,-0.0990,-15.0000,1.2940,1.2300,69.0000,0.0190,0.1020,3.0000,1.3850,1.3770,64.0000
1789471284.1971,-0.0720,-0.1200,-14.0000,1.2940,1.2950,66.0000,0.0190,0.1050,2.0000,1.3850,1.3930,63.0000
1789471284.2472,-0.0720,-0.1160,-13.0000,1.2940,1.3180,65.0000,0.0190,0.0250,6.0000,1.3850,1.3800,63.0000
1789471284.2972,-0.0720,-0.1040,-14.0000,1.2940,1.3980,60.0000,0.0190,0.0930,1.0000,1.3850,1.4150,61.0000
1789471284.2984,-0.0720,-0.0990,-13.0000,1.2940,1.3630,61.0000,0.0190,0.1200,-1.0000,1.3850,1.3860,63.0000
1789471284.3972,-0.0720,-0.0150,-18.0000,1.2940,1.2720,66.0000,0.0190,0.0280,4.0000,1.3850,1.4080,61.0000
1789471284.4474,-0.0720,-0.0930,-14.0000,1.2940,1.2800,65.0000,0.0190,0.0290,3.0000,1.3850,1.3690,64.0000
1789471284.4972,-0.0720,-0.1120,-13.0000,1.2940,1.2890,65.0000,0.0190,0.0640,1.0000,1.3850,1.3410,65.0000
1789471284.5472,-0.0720,-0.1160,-12.0000,1.2940,1.3300,62.0000,0.0190,0.0730,0.0000,1.3850,1.3470,65.0000
1789471284.5972,-0.0720,-0.1150,-12.0000,1.2940,1.3190,63.0000,0.0190,0.0340,2.0000,1.3850,1.4010,63.0000
1789471284.5989,-0.0720,-0.0970,-12.0000,1.2940,1.2790,65.0000,0.0190,0.0790,-1.0000,1.3850,1.3770,64.0000
1789471284.6479,-0.0720,-0.0360,-16.0000,1.2940,1.2610,66.0000,0.0190,0.0820,-2.0000,1.3850,1.3510,66.0000
1789471284.7472,-0.0720,-0.0860,-13.0000,1.2940,1.2510,67.0000,0.0190,0.0160,1.0000,1.3850,1.3520,66.0000
1789471284.7972,-0.0720,-0.1020,-12.0000,1.2940,1.2800,66.0000,0.0190,0.0050,1.0000,1.3850,1.3880,64.0000
1789471284.8472,-0.0720,-0.0910,-12.0000,1.2940,1.3480,62.0000,0.0190,0.0060,1.0000,1.3850,1.3820,65.0000
1789471284.8974,-0.0720,-0.1110,-11.0000,1.2940,1.3150,63.0000,0.0190,0.0080,1.0000,1.3850,1.3930,64.0000
1789471284.9471,-0.0720,-0.0740,-13.0000,1.2940,1.3350,62.0000,0.0190,0.0390,0.0000,1.3850,1.4230,63.0000
1789471284.9482,-0.0720,-0.0680,-13.0000,1.2940,1.2540,66.0000,0.0190,0.0740,-2.0000,1.3850,1.4240,62.0000
1789471285.0482,-0.0720,-0.0100,-16.0000,1.2940,1.2670,66.0000,0.0190,0.0270,0.0000,1.3850,1.4100,63.0000
1789471285.0497,-0.0720,-0.0620,-14.0000,1.2940,1.2800,65.0000,0.0190,0.0490,-2.0000,1.3850,1.3770,64.0000
1789471285.0989,-0.0720,-0.0710,-13.0000,1.2940,1.2800,65.0000,0.0190,0.0330,-1.0000,1.3850,1.3380,66.0000
1789471285.1984,-0.0720,-0.0980,-12.0000,1.2940,1.3030,64.0000,0.0190,0.0030,0.0000,1.3850,1.3890,64.0000
1789471285.2484,-0.0720,-0.0890,-12.0000,1.2940,1.3310,63.0000,0.0190,0.0000,1.0000,1.3850,1.4140,62.0000
1789471285.2989,-0.0720,-0.0650,-13.0000,1.2940,1.3170,63.0000,0.0190,0.0010,1.0000,1.3850,1.4050,63.0000
1789471285.3001,-0.0720,-0.0640,-13.0000,1.2940,1.2400,68.0000,0.0190,0.0010,1.0000,1.3850,1.4160,62.0000
1789471285.4011,-0.0720,-0.0400,-15.0000,1.2940,1.2720,66.0000,0.0190,0.0020,1.0000,1.3850,1.3910,63.0000
1789471285.4025,-0.0720,-0.0940,-12.0000,1.2940,1.2780,66.0000,0.0190,0.0000,1.0000,1.3850,1.4090,62.0000
1789471285.4983,-0.0720,-0.1100,-11.0000,1.2940,1.2880,66.0000,0.0190,0.0000,2.0000,1.3850,1.3590,64.0000
1789471285.5483,-0.0720,-0.1010,-11.0000,1.2940,1.3340,63.0000,0.0190,0.0000,2.0000,1.3850,1.4130,61.0000
1789471285.5982,-0.0720,-0.0940,-11.0000,1.2940,1.3280,63.0000,0.0190,0.0000,2.0000,1.3850,1.3780,63.0000
1789471285.6502,-0.0720,-0.0910,-11.0000,1.2940,1.2590,67.0000,0.0190,0.0000,2.0000,1.3850,1.4040,62.0000
1789471285.6994,-0.0720,-0.0660,-12.0000,1.2940,1.2870,65.0000,0.0190,0.0000,3.0000,1.3850,1.3770,63.0000
1789471285.7500,-0.0720,-0.0990,-10.0000,1.2940,1.2720,66.0000,0.0190,0.0000,3.0000,1.3850,1.4040,61.0000
1789471285.8000,-0.0720,-0.0900,-11.0000,1.2940,1.2950,65.0000,0.0190,0.0000,3.0000,1.3850,1.3740,63.0000
1789471285.8021,-0.0720,-0.0870,-11.0000,1.2940,1.3290,63.0000,0.0190,0.0000,3.0000,1.3850,1.3860,62.0000
1789471285.9001,-0.0720,-0.0780,-11.0000,1.2940,1.3270,63.0000,0.0190,0.0000,4.0000,1.3850,1.3690,63.0000
1789471285.9013,-0.0720,-0.0770,-11.0000,1.2940,1.3150,63.0000,0.0190,0.0000,4.0000,1.3850,1.3580,64.0000
1789471285.9994,-0.0720,-0.0810,-11.0000,1.2940,1.2370,67.0000,0.0190,0.0000,4.0000,1.3850,1.3640,64.0000
1789471286.0501,-0.0720,-0.0650,-11.0000,1.2940,1.2760,66.0000,0.0190,0.0000,4.0000,1.3850,1.3950,63.0000
1789471286.0999,-0.0720,-0.0710,-11.0000,1.2940,1.2890,65.0000,0.0190,0.0000,5.0000,1.3850,1.3740,64.0000
1789471286.1009,-0.0720,-0.0700,-11.0000,1.2940,1.2640,67.0000,0.0190,0.0000,5.0000,1.3850,1.4110,62.0000
1789471286.1994,-0.0720,-0.0640,-11.0000,1.2940,1.3500,62.0000,0.0190,0.0000,5.0000,1.3850,1.3840,63.0000
1789471286.2499,-0.0720,-0.0830,-10.0000,1.2940,1.2890,65.0000,0.0190,0.0010,5.0000,1.3850,1.4120,61.0000
1789471286.2993,-0.0720,-0.0630,-12.0000,1.2940,1.2760,66.0000,0.0190,0.0030,5.0000,1.3850,1.3820,63.0000
1789471286.3499,-0.0720,-0.0720,-11.0000,1.2940,1.2860,65.0000,0.0190,0.0000,6.0000,1.3850,1.3840,63.0000
1789471286.4000,-0.0720,-0.0900,-10.0000,1.2940,1.2850,65.0000,0.0190,0.0000,6.0000,1.3850,1.3490,65.0000
1789471286.4012,-0.0720,-0.0730,-11.0000,1.2940,1.3080,64.0000,0.0190,-0.0100,7.0000,1.3850,1.4080,62.0000
1789471286.4501,-0.0720,-0.0830,-10.0000,1.2940,1.3460,62.0000,0.0190,-0.0010,6.0000,1.3850,1.4140,61.0000
1789471286.5499,-0.0720,-0.0230,-14.0000,1.2940,1.3160,63.0000,0.0190,0.0660,3.0000,1.3850,1.2980,68.0000
1789471286.5507,-0.0720,-0.0840,-10.0000,1.2940,1.3560,61.0000,0.0190,0.1230,-1.0000,1.3850,1.2970,68.0000
1789471286.6003,-0.0720,-0.0970,-10.0000,1.2940,1.3430,61.0000,0.0190,0.0920,0.0000,1.3850,1.3520,66.0000
1789471286.6512,-0.0720,-0.0840,-10.0000,1.2940,1.3320,61.0000,0.0190,0.1420,-4.0000,1.3850,1.3480,67.0000
1789471286.7010,-0.0720,-0.0630,-11.0000,1.2940,1.3080,62.0000,0.0190,0.0940,-2.0000,1.3850,1.3800,66.0000
1789471286.7541,-0.0720,-0.0540,-12.0000,1.2940,1.3300,60.0000,0.0190,0.1080,-5.0000,1.3850,1.3790,66.0000
1789471286.8041,-0.0720,-0.0370,-13.0000,1.2940,1.3300,60.0000,0.0190,0.0720,-4.0000,1.3850,1.2970,71.0000
1789471286.8538,-0.0720,-0.0320,-14.0000,1.2940,1.3060,61.0000,0.0190,0.0600,-4.0000,1.3850,1.3530,69.0000
1789471286.9041,-0.0720,-0.0170,-15.0000,1.2940,1.3170,60.0000,0.0190,0.0050,-1.0000,1.3850,1.4090,66.0000
1789471286.9537,-0.0720,-0.0670,-13.0000,1.2940,1.2850,62.0000,0.0190,0.0040,-1.0000,1.3850,1.3870,67.0000
1789471287.0046,-0.0720,-0.0810,-12.0000,1.2940,1.2780,62.0000,0.0190,0.0040,-1.0000,1.3850,1.4320,64.0000
1789471287.0548,-0.0720,-0.0580,-14.0000,1.2940,1.2380,65.0000,0.0190,0.0030,-1.0000,1.3850,1.4130,65.0000
1789471287.1043,-0.0720,-0.0630,-13.0000,1.2940,1.2950,62.0000,0.0190,0.0360,-3.0000,1.3850,1.3360,69.0000
1789471287.1539,-0.0720,-0.0470,-14.0000,1.2940,1.3200,60.0000,0.0190,0.0380,-3.0000,1.3850,1.3890,66.0000
1789471287.2040,-0.0720,-0.0430,-15.0000,1.2940,1.3010,61.0000,0.0190,0.0030,-1.0000,1.3850,1.4110,65.0000
1789471287.2542,-0.0720,-0.0140,-17.0000,1.2940,1.2630,63.0000,0.0190,0.0000,-1.0000,1.3850,1.4390,63.0000
1789471287.3043,-0.0720,-0.0230,-17.0000,1.2940,1.2600,64.0000,0.0190,0.0000,-1.0000,1.3850,1.3730,67.0000
1789471287.3539,-0.0720,-0.0910,-14.0000,1.2940,1.2560,64.0000,0.0190,0.0040,-1.0000,1.3850,1.3930,65.0000
1789471287.4045,-0.0720,-0.1230,-12.0000,1.2940,1.2960,62.0000,0.0190,0.0130,-1.0000,1.3850,1.3430,68.0000
1789471287.4541,-0.0720,-0.1230,-12.0000,1.2940,1.3510,59.0000,0.0190,0.0670,-4.0000,1.3850,1.4310,63.0000
1789471287.5043,-0.0720,-0.0570,-15.0000,1.2940,1.3620,58.0000,0.0190,0.1760,-11.0000,1.3850,1.3850,66.0000
1789471287.5539,-0.0720,-0.0020,-18.0000,1.2940,1.3450,59.0000,0.0190,0.0840,-7.0000,1.3850,1.3950,65.0000
1789471287.6041,-0.0720,-0.0030,-19.0000,1.2940,1.1970,67.0000,0.0190,0.0100,-4.0000,1.3850,1.3980,65.0000
1789471287.6540,-0.0720,-0.0370,-17.0000,1.2940,1.2390,65.0000,0.0190,0.0650,-7.0000,1.3850,1.3610,67.0000
1789471287.7041,-0.0720,-0.0290,-18.0000,1.2940,1.2530,64.0000,0.0190,0.0300,-5.0000,1.3850,1.3650,67.0000
1789471287.7540,-0.0720,-0.0830,-16.0000,1.2940,1.2950,63.0000,0.0190,0.0070,-4.0000,1.3850,1.4430,63.0000
1789471287.8045,-0.0720,-0.1330,-13.0000,1.2940,1.3510,59.0000,0.0190,0.0070,-4.0000,1.3850,1.3970,65.0000
1789471287.8540,-0.0720,-0.1320,-13.0000,1.2940,1.3430,59.0000,0.0190,0.0070,-4.0000,1.3850,1.4510,62.0000
1789471287.9045,-0.0720,-0.0240,-19.0000,1.2940,1.2790,63.0000,0.0190,-0.0010,-4.0000,1.3850,1.4140,63.0000
1789471287.9541,-0.0720,-0.0700,-16.0000,1.2940,1.2540,64.0000,0.0190,0.0090,-4.0000,1.3850,1.4060,63.0000
1789471288.0039,-0.0720,-0.1070,-14.0000,1.2940,1.2560,64.0000,0.0190,0.0100,-4.0000,1.3850,1.3150,68.0000
1789471288.0541,-0.0720,-0.0710,-16.0000,1.2940,1.2860,63.0000,0.0190,0.0200,-5.0000,1.3850,1.3840,65.0000
1789471288.1041,-0.0720,-0.1110,-13.0000,1.2940,1.3280,61.0000,0.0190,0.0120,-4.0000,1.3850,1.4040,64.0000
1789471288.1541,-0.0720,-0.0430,-17.0000,1.2940,1.3070,62.0000,0.0190,0.0020,-4.0000,1.3850,1.4340,62.0000
1789471288.2046,-0.0720,-0.0240,-18.0000,1.2940,1.2470,65.0000,0.0190,-0.0000,-3.0000,1.3850,1.4110,63.0000
1789471288.2541,-0.0720,-0.0650,-16.0000,1.2940,1.2680,64.0000,0.0190,-0.0000,-3.0000,1.3850,1.3840,64.0000
1789471288.3052,-0.0720,-0.0610,-17.0000,1.2940,1.2360,67.0000,0.0190,0.0000,-3.0000,1.3850,1.3350,67.0000
1789471288.3541,-0.0720,-0.0860,-15.0000,1.2940,1.2710,65.0000,0.0190,0.0010,-3.0000,1.3850,1.3860,64.0000
1789471288.4041,-0.0720,-0.1090,-14.0000,1.2940,1.3170,63.0000,0.0190,0.0040,-3.0000,1.3850,1.3960,64.0000
1789471288.4541,-0.0720,-0.1240,-13.0000,1.2940,1.3510,61.0000,0.0190,0.0010,-2.0000,1.3850,1.4060,63.0000
1789471288.5040,-0.0720,-0.0600,-16.0000,1.2940,1.2730,65.0000,0.0190,-0.0020,-2.0000,1.3850,1.4140,62.0000
1789471288.5540,-0.0720,-0.0390,-17.0000,1.2940,1.2540,66.0000,0.0190,-0.0010,-2.0000,1.3850,1.4030,63.0000
1789471288.6040,-0.0720,-0.1020,-14.0000,1.2940,1.2480,66.0000,0.0190,0.0070,-2.0000,1.3850,1.3240,67.0000
1789471288.6540,-0.0720,-0.1110,-13.0000,1.2940,1.2780,65.0000,0.0190,0.0040,-1.0000,1.3850,1.3690,65.0000
1789471288.7047,-0.0720,-0.0940,-14.0000,1.2940,1.2780,66.0000,0.0190,0.0020,-1.0000,1.3850,1.3990,63.0000
1789471288.7541,-0.0720,-0.0990,-13.0000,1.2940,1.3400,62.0000,0.0190,0.0080,-1.0000,1.3850,1.4020,63.0000
1789471288.8042,-0.0720,-0.0720,-14.0000,1.2940,1.3540,61.0000,0.0190,0.0030,-1.0000,1.3850,1.4150,62.0000
1789471288.8540,-0.0720,-0.0200,-17.0000,1.2940,1.2730,65.0000,0.0190,-0.0010,0.0000,1.3850,1.3950,63.0000
1789471288.9044,-0.0720,-0.0420,-16.0000,1.2940,1.2350,67.0000,0.0190,0.0080,-1.0000,1.3850,1.3910,63.0000
1789471288.9540,-0.0720,-0.1110,-12.0000,1.2940,1.2460,67.0000,0.0190,0.0070,-1.0000,1.3850,1.3310,67.0000
1789471289.0041,-0.0720,-0.1140,-12.0000,1.2940,1.2970,65.0000,0.0190,0.0330,-2.0000,1.3850,1.3880,64.0000
1789471289.0541,-0.0720,-0.0750,-14.0000,1.2940,1.3120,64.0000,0.0190,0.0110,-1.0000,1.3850,1.3780,64.0000
1789471289.1533,-0.0720,-0.0890,-13.0000,1.2940,1.3670,61.0000,0.0190,0.0010,0.0000,1.3850,1.4350,61.0000
1789471289.2043,-0.0720,-0.0550,-15.0000,1.2940,1.3620,61.0000,0.0190,0.0000,0.0000,1.3850,1.3960,63.0000
1789471289.2055,-0.0720,-0.0060,-18.0000,1.2940,1.2650,66.0000,0.0190,0.0000,0.0000,1.3850,1.4180,61.0000
1789471289.3065,-0.0720,-0.0260,-17.0000,1.2940,1.2650,65.0000,0.0190,0.0000,1.0000,1.3850,1.3730,64.0000
1789471289.3077,-0.0720,-0.1130,-12.0000,1.2940,1.2850,64.0000,0.0190,0.0000,1.0000,1.3850,1.3660,64.0000
1789471289.4047,-0.0720,-0.0810,-14.0000,1.2940,1.2650,66.0000,0.0190,0.0000,1.0000,1.3850,1.3960,63.0000
1789471289.4544,-0.0720,-0.0160,-18.0000,1.2940,1.3210,63.0000,0.0190,0.0000,1.0000,1.3850,1.4240,61.0000
1789471289.5045,-0.0720,-0.0020,-19.0000,1.2940,1.2870,65.0000,0.0190,0.0010,1.0000,1.3850,1.3910,63.0000
1789471289.5543,-0.0720,-0.0230,-19.0000,1.2940,1.2370,68.0000,0.0190,0.0000,2.0000,1.3850,1.4060,62.0000
1789471289.6051,-0.0720,-0.1130,-14.0000,1.2940,1.2340,68.0000,0.0190,0.0000,2.0000,1.3850,1.3360,66.0000
1789471289.6063,-0.0720,-0.1250,-14.0000,1.2940,1.2940,66.0000,0.0190,0.0000,2.0000,1.3850,1.3690,64.0000
1789471289.7044,-0.0720,-0.1230,-13.0000,1.2940,1.2930,66.0000,0.0190,0.0000,3.0000,1.3850,1.3940,63.0000
1789471289.7543,-0.0720,-0.1000,-14.0000,1.2940,1.3550,62.0000,0.0190,0.0000,3.0000,1.3850,1.4120,61.0000
1789471289.8046,-0.0720,-0.1040,-13.0000,1.2940,1.3660,61.0000,0.0190,0.0030,3.0000,1.3850,1.3930,62.0000
1789471289.8544,-0.0720,-0.0190,-18.0000,1.2940,1.2710,66.0000,0.0190,0.0040,3.0000,1.3850,1.3980,62.0000
1789471289.8557,-0.0720,-0.0210,-18.0000,1.2940,1.2680,66.0000,0.0190,-0.0010,3.0000,1.3850,1.3870,63.0000
1789471289.9543,-0.0720,-0.0900,-15.0000,1.2940,1.3100,64.0000,0.0190,0.0010,4.0000,1.3850,1.3940,62.0000
1789471290.0051,-0.0720,-0.1120,-13.0000,1.2940,1.2750,66.0000,0.0190,0.0000,4.0000,1.3850,1.3850,62.0000
1789471290.0064,-0.0720,-0.1050,-14.0000,1.2940,1.3040,64.0000,0.0190,0.0000,4.0000,1.3850,1.3950,62.0000
1789471290.1052,-0.0720,-0.0620,-16.0000,1.2940,1.3450,62.0000,0.0190,0.0000,4.0000,1.3850,1.3930,62.0000
1789471290.1065,-0.0720,-0.0730,-15.0000,1.2940,1.2930,64.0000,0.0190,0.0050,4.0000,1.3850,1.3890,62.0000
1789471290.2051,-0.0720,-0.0150,-19.0000,1.2940,1.2770,65.0000,0.0190,0.0020,5.0000,1.3850,1.3950,62.0000
1789471290.2062,-0.0720,-0.0770,-15.0000,1.2940,1.2930,64.0000,0.0190,0.0040,5.0000,1.3850,1.3800,62.0000
1789471290.3051,-0.0720,-0.1240,-13.0000,1.2940,1.3060,64.0000,0.0190,0.0040,5.0000,1.3850,1.3820,62.0000
1789471290.3064,-0.0720,-0.1140,-13.0000,1.2940,1.2820,65.0000,0.0190,0.0000,5.0000,1.3850,1.3530,64.0000
1789471290.4051,-0.0720,-0.1330,-11.0000,1.2940,1.3310,62.0000,0.0190,0.0040,5.0000,1.3850,1.3790,63.0000
1789471290.4064,-0.0720,-0.0970,-13.0000,1.2940,1.3020,63.0000,0.0190,0.0200,4.0000,1.3850,1.3360,65.0000
1789471290.5044,-0.0720,-0.0700,-14.0000,1.2940,1.2740,65.0000,0.0190,0.0070,5.0000,1.3850,1.3610,64.0000
1789471290.5556,-0.0720,-0.0490,-15.0000,1.2940,1.3020,63.0000,0.0190,0.0240,4.0000,1.3850,1.3950,63.0000
1789471290.6061,-0.0720,-0.0990,-12.0000,1.2940,1.3010,63.0000,0.0190,0.0560,3.0000,1.3850,1.3830,63.0000
1789471290.6074,-0.0720,-0.0640,-14.0000,1.2940,1.2940,64.0000,0.0190,0.0200,4.0000,1.3850,1.3840,63.0000
1789471290.7054,-0.0720,-0.0440,-15.0000,1.2940,1.3380,61.0000,0.0190,0.0020,5.0000,1.3850,1.4000,62.0000
1789471290.7553,-0.0720,-0.0460,-16.0000,1.2940,1.3010,63.0000,0.0190,0.0330,4.0000,1.3850,1.3190,67.0000
1789471290.8055,-0.0720,-0.0540,-15.0000,1.2940,1.2960,63.0000,0.0190,0.0330,4.0000,1.3850,1.3300,67.0000
1789471290.8554,-0.0720,-0.0280,-17.0000,1.2940,1.2790,64.0000,0.0190,0.0120,5.0000,1.3850,1.3700,65.0000
1789471290.9054,-0.0720,-0.0780,-15.0000,1.2940,1.3090,62.0000,0.0190,0.0100,5.0000,1.3850,1.4030,63.0000
1789471290.9554,-0.0720,-0.0610,-16.0000,1.2940,1.2970,63.0000,0.0190,0.0020,5.0000,1.3850,1.3780,65.0000
1789471291.0061,-0.0720,-0.0650,-16.0000,1.2940,1.2900,63.0000,0.0190,0.0030,6.0000,1.3850,1.4040,63.0000
1789471291.0074,-0.0720,-0.0840,-15.0000,1.2940,1.3030,62.0000,0.0190,0.0170,5.0000,1.3850,1.3470,67.0000
1789471291.1054,-0.0720,-0.0560,-16.0000,1.2940,1.3150,62.0000,0.0190,0.0070,6.0000,1.3850,1.3280,68.0000
1789471291.1553,-0.0720,-0.0440,-17.0000,1.2940,1.2750,64.0000,0.0190,0.0020,6.0000,1.3850,1.3750,66.0000
1789471291.2053,-0.0720,-0.0450,-17.0000,1.2940,1.3050,62.0000,0.0190,0.0000,6.0000,1.3850,1.3980,65.0000
1789471291.2552,-0.0720,-0.0690,-16.0000,1.2940,1.2790,64.0000,0.0190,0.0000,7.0000,1.3850,1.3920,65.0000
1789471291.3054,-0.0720,-0.0650,-16.0000,1.2940,1.3040,62.0000,0.0190,0.0010,7.0000,1.3850,1.4200,63.0000
1789471291.3558,-0.0720,-0.0770,-16.0000,1.2940,1.2800,64.0000,0.0190,0.0000,7.0000,1.3850,1.3760,66.0000
1789471291.4054,-0.0720,-0.0760,-16.0000,1.2940,1.3300,61.0000,0.0190,0.0130,6.0000,1.3850,1.3260,69.0000
1789471291.4560,-0.0720,-0.0510,-17.0000,1.2940,1.3110,62.0000,0.0190,0.0120,7.0000,1.3850,1.3410,68.0000
1789471291.4572,-0.0720,-0.0380,-18.0000,1.2940,1.2730,64.0000,0.0190,0.0260,6.0000,1.3850,1.4080,65.0000
1789471291.5561,-0.0720,-0.0570,-17.0000,1.2940,1.3060,62.0000,0.0190,0.0560,4.0000,1.3850,1.3510,68.0000
1789471291.5573,-0.0720,-0.0700,-17.0000,1.2940,1.3060,62.0000,0.0190,0.0420,5.0000,1.3850,1.3900,66.0000
1789471291.6554,-0.0720,-0.0840,-16.0000,1.2940,1.2910,62.0000,0.0190,0.0250,5.0000,1.3850,1.3730,67.0000
1789471291.7055,-0.0720,-0.0840,-16.0000,1.2940,1.3100,61.0000,0.0190,0.0250,5.0000,1.3850,1.3490,69.0000
1789471291.7553,-0.0720,-0.0710,-17.0000,1.2940,1.3120,61.0000,0.0190,0.0180,5.0000,1.3850,1.3720,68.0000
1789471291.8054,-0.0720,-0.0510,-18.0000,1.2940,1.3020,62.0000,0.0190,0.0020,6.0000,1.3850,1.4130,65.0000
1789471291.8554,-0.0720,-0.0530,-18.0000,1.2940,1.2490,65.0000,0.0190,0.0000,7.0000,1.3850,1.3980,66.0000
1789471291.9054,-0.0720,-0.0580,-18.0000,1.2940,1.2860,63.0000,0.0190,0.0000,7.0000,1.3850,1.4300,64.0000
1789471291.9560,-0.0720,-0.0630,-18.0000,1.2940,1.2660,64.0000,0.0190,0.0000,7.0000,1.3850,1.3810,67.0000
1789471291.9571,-0.0720,-0.0740,-17.0000,1.2940,1.2880,63.0000,0.0190,0.0010,7.0000,1.3850,1.3580,68.0000
1789471292.0561,-0.0720,-0.0820,-17.0000,1.2940,1.3300,61.0000,0.0190,0.0060,7.0000,1.3850,1.3890,66.0000
1789471292.0572,-0.0720,-0.0920,-16.0000,1.2940,1.3090,62.0000,0.0190,0.0010,8.0000,1.3850,1.4100,65.0000
1789471292.1561,-0.0720,-0.0470,-19.0000,1.2940,1.2800,63.0000,0.0190,0.0000,8.0000,1.3850,1.4110,65.0000
1789471292.1573,-0.0720,-0.0740,-17.0000,1.2940,1.2610,64.0000,0.0190,0.0000,8.0000,1.3850,1.4430,63.0000
1789471292.2564,-0.0720,-0.1220,-14.0000,1.2940,1.3030,62.0000,0.0190,0.0010,8.0000,1.3850,1.3620,67.0000
1789471292.2579,-0.0720,-0.1200,-14.0000,1.2940,1.2730,64.0000,0.0190,0.0090,8.0000,1.3850,1.3550,67.0000
1789471292.3561,-0.0720,-0.0920,-15.0000,1.2940,1.3190,61.0000,0.0190,0.0360,7.0000,1.3850,1.3560,67.0000
1789471292.3573,-0.0720,-0.1290,-13.0000,1.2940,1.3440,59.0000,0.0190,0.0740,4.0000,1.3850,1.3740,67.0000
1789471292.4561,-0.0720,-0.0320,-18.0000,1.2940,1.3010,62.0000,0.0190,0.0180,7.0000,1.3850,1.3990,65.0000
1789471292.4573,-0.0720,-0.0420,-18.0000,1.2940,1.2720,63.0000,0.0190,0.0010,8.0000,1.3850,1.4160,64.0000
1789471292.5554,-0.0720,-0.0850,-15.0000,1.2940,1.2790,63.0000,0.0190,0.0090,8.0000,1.3850,1.3700,67.0000
1789471292.6053,-0.0720,-0.0810,-15.0000,1.2940,1.2740,63.0000,0.0190,0.0160,7.0000,1.3850,1.3050,71.0000
1789471292.6561,-0.0720,-0.1300,-12.0000,1.2940,1.3440,59.0000,0.0190,0.0120,8.0000,1.3850,1.3750,67.0000
1789471292.6572,-0.0720,-0.0930,-14.0000,1.2940,1.3410,59.0000,0.0190,0.0050,8.0000,1.3850,1.3390,70.0000
1789471292.7554,-0.0720,-0.0180,-18.0000,1.2940,1.2980,61.0000,0.0190,0.0010,8.0000,1.3850,1.4280,65.0000
1789471292.8054,-0.0720,-0.0110,-19.0000,1.2940,1.3050,60.0000,0.0190,0.0000,9.0000,1.3850,1.4440,64.0000
1789471292.8554,-0.0720,-0.0540,-17.0000,1.2940,1.2710,62.0000,0.0190,0.0000,9.0000,1.3850,1.4400,63.0000
1789471292.9057,-0.0720,-0.1320,-13.0000,1.2940,1.3170,60.0000,0.0190,0.0020,9.0000,1.3850,1.1930,77.0000
1789471292.9555,-0.0720,-0.0410,-18.0000,1.2940,1.3180,60.0000,0.0190,0.0010,9.0000,1.3850,1.3570,68.0000
1789471293.0053,-0.0720,-0.0120,-20.0000,1.2940,1.3210,59.0000,0.0190,0.0030,9.0000,1.3850,1.4600,63.0000
1789471293.0064,-0.0720,-0.0470,-18.0000,1.2940,1.2960,61.0000,0.0190,0.0000,10.0000,1.3850,1.4550,63.0000
1789471293.0561,-0.0720,-0.1040,-15.0000,1.2940,1.2850,61.0000,0.0190,0.0000,10.0000,1.3850,1.3990,66.0000
1789471293.1061,-0.0720,-0.0820,-16.0000,1.2940,1.3390,58.0000,0.0190,0.0030,10.0000,1.3850,1.4030,65.0000
1789471293.1561,-0.0720,-0.0570,-18.0000,1.2940,1.3210,59.0000,0.0190,0.0040,10.0000,1.3850,1.2870,72.0000
1789471293.2061,-0.0720,-0.0200,-20.0000,1.2940,1.2640,62.0000,0.0190,0.0000,11.0000,1.3850,1.4140,65.0000
1789471293.2561,-0.0720,-0.0290,-20.0000,1.2940,1.3130,59.0000,0.0190,0.0010,11.0000,1.3850,1.4380,64.0000
1789471293.3082,-0.0720,-0.1290,-14.0000,1.2940,1.3120,59.0000,0.0190,0.0080,11.0000,1.3850,1.4110,65.0000
1789471293.3582,-0.0720,-0.1570,-13.0000,1.2940,1.3330,58.0000,0.0190,0.0110,11.0000,1.3850,1.3620,67.0000
1789471293.4088,-0.0720,-0.1160,-14.0000,1.2940,1.3130,58.0000,0.0190,0.0130,10.0000,1.3850,1.3710,67.0000
1789471293.5076,-0.0720,-0.0270,-19.0000,1.2940,1.2530,62.0000,0.0190,0.0420,9.0000,1.3850,1.3790,66.0000
1789471293.5575,-0.0720,-0.0640,-17.0000,1.2940,1.2940,59.0000,0.0190,0.0660,7.0000,1.3850,1.3750,67.0000
1789471293.6076,-0.0720,-0.1420,-12.0000,1.2940,1.3220,58.0000,0.0190,0.0820,6.0000,1.3850,1.3660,67.0000
1789471293.6419,-0.0720,-0.1040,-14.0000,1.2940,1.3160,58.0000,0.0190,0.0230,9.0000,1.3850,1.4430,63.0000
1789471293.6612,-0.0720,-0.0140,-19.0000,1.2940,1.3100,58.0000,0.0190,0.0200,9.0000,1.3850,1.3870,66.0000
1789471293.7573,-0.0720,-0.0150,-19.0000,1.2940,1.2680,60.0000,0.0190,0.0440,7.0000,1.3850,1.4410,63.0000
1789471293.8075,-0.0720,-0.0460,-18.0000,1.2940,1.2690,60.0000,0.0190,0.0360,7.0000,1.3850,1.3040,71.0000
1789471293.8575,-0.0720,-0.0920,-16.0000,1.2940,1.2570,62.0000,0.0190,0.0300,7.0000,1.3850,1.3420,68.0000
1789471293.9107,-0.0720,-0.0610,-18.0000,1.2940,1.2670,61.0000,0.0190,0.0290,7.0000,1.3850,1.3740,67.0000
1789471293.9125,-0.0720,-0.0620,-18.0000,1.2940,1.2940,60.0000,0.0190,0.0240,8.0000,1.3850,1.4260,64.0000
1789471294.0075,-0.0720,-0.0990,-16.0000,1.2940,1.3200,59.0000,0.0190,0.0120,8.0000,1.3850,1.4080,65.0000
1789471294.0575,-0.0720,-0.0890,-16.0000,1.2940,1.3210,58.0000,0.0190,0.0040,9.0000,1.3850,1.4230,64.0000
1789471294.1073,-0.0720,-0.0160,-20.0000,1.2940,1.2660,61.0000,0.0190,0.0000,9.0000,1.3850,1.3310,69.0000
1789471294.1573,-0.0720,-0.0750,-17.0000,1.2940,1.2900,60.0000,0.0190,0.0050,9.0000,1.3850,1.3290,69.0000
1789471294.2088,-0.0720,-0.1250,-14.0000,1.2940,1.3090,59.0000,0.0190,0.0160,8.0000,1.3850,1.3390,69.0000
1789471294.2574,-0.0720,-0.1500,-12.0000,1.2940,1.2880,60.0000,0.0190,0.0090,9.0000,1.3850,1.4030,66.0000
1789471294.2585,-0.0720,-0.0740,-16.0000,1.2940,1.3170,59.0000,0.0190,0.0010,10.0000,1.3850,1.4520,63.0000
1789471294.3093,-0.0720,-0.0480,-17.0000,1.2940,1.2830,61.0000,0.0190,0.0010,10.0000,1.3850,1.4250,65.0000
1789471294.4075,-0.0720,-0.0670,-16.0000,1.2940,1.2730,61.0000,0.0190,0.0110,9.0000,1.3850,1.3600,68.0000
1789471294.4574,-0.0720,-0.0780,-16.0000,1.2940,1.2610,62.0000,0.0190,0.0240,9.0000,1.3850,1.3250,70.0000
1789471294.5074,-0.0720,-0.0730,-16.0000,1.2940,1.2810,61.0000,0.0190,0.0690,6.0000,1.3850,1.3750,67.0000
1789471294.5574,-0.0720,-0.0990,-14.0000,1.2940,1.2970,60.0000,0.0190,0.0520,7.0000,1.3850,1.3890,67.0000
1789471294.6076,-0.0720,-0.0840,-15.0000,1.2940,1.3030,60.0000,0.0190,0.0310,8.0000,1.3850,1.4080,66.0000
1789471294.6575,-0.0720,-0.0800,-15.0000,1.2940,1.3440,58.0000,0.0190,0.0170,8.0000,1.3850,1.4040,66.0000
1789471294.7076,-0.0720,-0.0290,-18.0000,1.2940,1.2530,63.0000,0.0190,0.0040,9.0000,1.3850,1.3860,66.0000
1789471294.7576,-0.0720,-0.0170,-19.0000,1.2940,1.2530,63.0000,0.0190,0.0000,9.0000,1.3850,1.3780,67.0000
1789471294.8075,-0.0720,-0.0750,-16.0000,1.2940,1.2920,61.0000,0.0190,0.0070,9.0000,1.3850,1.3660,68.0000
1789471294.8575,-0.0720,-0.0590,-18.0000,1.2940,1.2800,62.0000,0.0190,0.0100,9.0000,1.3850,1.3760,67.0000
1789471294.9074,-0.0720,-0.0280,-20.0000,1.2940,1.2700,62.0000,0.0190,0.0220,8.0000,1.3850,1.4400,63.0000
1789471294.9575,-0.0720,-0.0460,-19.0000,1.2940,1.3020,61.0000,0.0190,0.0450,7.0000,1.3850,1.3910,66.0000
1789471295.0076,-0.0720,-0.0410,-20.0000,1.2940,1.2990,61.0000,0.0190,0.0540,6.0000,1.3850,1.3260,69.0000
1789471295.0575,-0.0720,-0.0100,-22.0000,1.2940,1.2980,61.0000,0.0190,0.0370,7.0000,1.3850,1.3310,69.0000
1789471295.1075,-0.0720,-0.0520,-20.0000,1.2940,1.2780,62.0000,0.0190,0.0070,8.0000,1.3850,1.3850,67.0000
1789471295.1586,-0.0720,-0.1000,-17.0000,1.2940,1.3100,61.0000,0.0190,0.0120,8.0000,1.3850,1.3410,70.0000
1789471295.2074,-0.0720,-0.0800,-18.0000,1.2940,1.2810,62.0000,0.0190,0.0060,8.0000,1.3850,1.4060,66.0000
1789471295.2575,-0.0720,-0.0860,-18.0000,1.2940,1.2920,62.0000,0.0190,0.0030,9.0000,1.3850,1.4190,66.0000
1789471295.3076,-0.0720,-0.0830,-18.0000,1.2940,1.3200,60.0000,0.0190,0.0050,9.0000,1.3850,1.3460,69.0000
1789471295.3575,-0.0720,-0.0670,-19.0000,1.2940,1.2800,62.0000,0.0190,0.0010,9.0000,1.3850,1.3070,72.0000
1789471295.4075,-0.0720,-0.0680,-19.0000,1.2940,1.3020,61.0000,0.0190,0.0040,9.0000,1.3850,1.4030,67.0000
1789471295.4088,-0.0720,-0.0950,-17.0000,1.2940,1.3050,61.0000,0.0190,0.0010,10.0000,1.3850,1.3880,68.0000
1789471295.4584,-0.0720,-0.1100,-16.0000,1.2940,1.3000,61.0000,0.0190,0.0040,10.0000,1.3850,1.3890,68.0000
1789471295.5083,-0.0720,-0.0810,-17.0000,1.2940,1.2940,61.0000,0.0190,0.0010,10.0000,1.3850,1.3870,68.0000
1789471295.5582,-0.0720,-0.0690,-18.0000,1.2940,1.3110,60.0000,0.0190,0.0010,10.0000,1.3850,1.3770,69.0000
1789471295.6082,-0.0720,-0.0560,-19.0000,1.2940,1.2990,61.0000,0.0190,0.0090,10.0000,1.3850,1.2810,74.0000
1789471295.6582,-0.0720,-0.0280,-20.0000,1.2940,1.2850,61.0000,0.0190,0.0010,11.0000,1.3850,1.3970,68.0000
1789471295.7082,-0.0720,-0.0310,-21.0000,1.2940,1.2970,61.0000,0.0190,0.0090,10.0000,1.3850,1.3930,69.0000
1789471295.7581,-0.0720,-0.0650,-19.0000,1.2940,1.3130,60.0000,0.0190,0.0160,10.0000,1.3850,1.3980,69.0000
1789471295.8578,-0.0720,-0.0540,-20.0000,1.2940,1.2790,62.0000,0.0190,0.0490,8.0000,1.3850,1.3690,70.0000
1789471295.9076,-0.0720,-0.0600,-20.0000,1.2940,1.3030,60.0000,0.0190,0.0270,9.0000,1.3850,1.4140,68.0000
1789471295.9088,-0.0720,-0.0320,-22.0000,1.2940,1.3000,60.0000,0.0190,0.0140,10.0000,1.3850,1.3110,74.0000
1789471295.9582,-0.0720,-0.0650,-20.0000,1.2940,1.3130,60.0000,0.0190,0.0150,10.0000,1.3850,1.3570,71.0000
1789471296.0082,-0.0720,-0.0450,-21.0000,1.2940,1.2750,62.0000,0.0190,0.0070,10.0000,1.3850,1.4060,69.0000
1789471296.0581,-0.0720,-0.0280,-23.0000,1.2940,1.2750,62.0000,0.0190,0.0080,10.0000,1.3850,1.4470,67.0000
1789471296.1583,-0.0720,-0.0740,-20.0000,1.2940,1.3060,60.0000,0.0190,0.0270,9.0000,1.3850,1.4140,68.0000
1789471296.1594,-0.0720,-0.0910,-19.0000,1.2940,1.3090,60.0000,0.0190,0.0160,10.0000,1.3850,1.3240,73.0000
1789471296.2083,-0.0720,-0.0910,-19.0000,1.2940,1.2840,61.0000,0.0190,0.0080,11.0000,1.3850,1.2710,76.0000
1789471296.2582,-0.0720,-0.0690,-21.0000,1.2940,1.3150,59.0000,0.0190,0.0070,11.0000,1.3850,1.3520,73.0000
1789471296.3082,-0.0720,-0.0730,-20.0000,1.2940,1.2650,62.0000,0.0190,0.0030,11.0000,1.3850,1.4260,69.0000
1789471296.3589,-0.0720,-0.0550,-21.0000,1.2940,1.2920,61.0000,0.0190,0.0030,11.0000,1.3850,1.5080,64.0000
1789471296.4084,-0.0720,-0.0750,-20.0000,1.2940,1.2910,61.0000,0.0190,0.0040,11.0000,1.3850,1.4610,66.0000
1789471296.4583,-0.0720,-0.1020,-19.0000,1.2940,1.3240,59.0000,0.0190,0.0050,12.0000,1.3850,1.3320,73.0000
1789471296.5083,-0.0720,-0.1220,-17.0000,1.2940,1.3100,60.0000,0.0190,0.0050,12.0000,1.3850,1.2480,77.0000
1789471296.5582,-0.0720,-0.0750,-20.0000,1.2940,1.3240,59.0000,0.0190,0.0030,12.0000,1.3850,1.3600,72.0000
1789471296.6081,-0.0720,-0.0710,-20.0000,1.2940,1.2480,63.0000,0.0190,0.0020,12.0000,1.3850,1.4490,67.0000
1789471296.6583,-0.0720,-0.0600,-20.0000,1.2940,1.2400,64.0000,0.0190,0.0030,12.0000,1.3850,1.4870,65.0000
1789471296.7084,-0.0720,-0.0470,-21.0000,1.2940,1.2720,62.0000,0.0190,0.0070,12.0000,1.3850,1.4910,63.0000
1789471296.7583,-0.0720,-0.0680,-20.0000,1.2940,1.2920,61.0000,0.0190,0.0240,12.0000,1.3850,1.2840,75.0000
1789471296.8575,-0.0720,-0.0810,-20.0000,1.2940,1.3070,61.0000,0.0190,0.0760,8.0000,1.3850,1.2990,73.0000
1789471296.8587,-0.0720,-0.0530,-21.0000,1.2940,1.3230,60.0000,0.0190,0.0340,11.0000,1.3850,1.3390,72.0000
1789471296.9083,-0.0720,-0.0460,-22.0000,1.2940,1.3310,59.0000,0.0190,0.0290,10.0000,1.3850,1.4180,68.0000
1789471296.9582,-0.0720,-0.0650,-21.0000,1.2940,1.2850,61.0000,0.0190,0.0240,11.0000,1.3850,1.4310,67.0000
1789471297.0083,-0.0720,-0.0610,-21.0000,1.2940,1.2720,62.0000,0.0190,0.0180,11.0000,1.3850,1.4970,63.0000
1789471297.0582,-0.0720,-0.0710,-21.0000,1.2940,1.2570,63.0000,0.0190,0.0090,11.0000,1.3850,1.4550,64.0000
1789471297.1106,-0.0720,-0.1200,-18.0000,1.2940,1.2750,62.0000,0.0190,0.0150,11.0000,1.3850,1.2860,73.0000
1789471297.2075,-0.0720,-0.0840,-20.0000,1.2940,1.3090,60.0000,0.0190,0.0560,9.0000,1.3850,1.3320,71.0000
1789471297.2575,-0.0720,-0.0640,-21.0000,1.2940,1.3310,59.0000,0.0190,0.0530,9.0000,1.3850,1.3890,68.0000
1789471297.2587,-0.0720,-0.0510,-22.0000,1.2940,1.3330,59.0000,0.0190,0.0260,10.0000,1.3850,1.3880,68.0000
1789471297.3082,-0.0720,-0.0320,-23.0000,1.2940,1.2870,61.0000,0.0190,0.0090,11.0000,1.3850,1.4590,64.0000
1789471297.3583,-0.0720,-0.0400,-23.0000,1.2940,1.2660,62.0000,0.0190,0.0210,10.0000,1.3850,1.4470,64.0000
1789471297.4083,-0.0720,-0.1000,-20.0000,1.2940,1.2640,63.0000,0.0190,0.0190,10.0000,1.3850,1.2710,74.0000
1789471297.4583,-0.0720,-0.1120,-19.0000,1.2940,1.3050,60.0000,0.0190,0.0110,10.0000,1.3850,1.2950,73.0000
1789471297.5082,-0.0720,-0.0940,-20.0000,1.2940,1.3370,59.0000,0.0190,0.0120,10.0000,1.3850,1.3940,68.0000
1789471297.5582,-0.0720,-0.1060,-19.0000,1.2940,1.3260,59.0000,0.0190,0.0120,11.0000,1.3850,1.4010,68.0000
1789471297.6574,-0.0720,-0.0750,-20.0000,1.2940,1.3270,59.0000,0.0190,0.0360,9.0000,1.3850,1.4620,64.0000
1789471297.7076,-0.0720,-0.0300,-23.0000,1.2940,1.2890,60.0000,0.0190,0.0470,9.0000,1.3850,1.4140,67.0000
1789471297.7582,-0.0720,-0.0550,-22.0000,1.2940,1.2720,61.0000,0.0190,0.0270,9.0000,1.3850,1.2950,73.0000
1789471297.7594,-0.0720,-0.0990,-19.0000,1.2940,1.2920,60.0000,0.0190,0.0180,10.0000,1.3850,1.3040,73.0000
1789471297.8094,-0.0720,-0.0950,-19.0000,1.2940,1.3160,59.0000,0.0190,0.0060,10.0000,1.3850,1.3870,69.0000
1789471297.8591,-0.0720,-0.0950,-19.0000,1.2940,1.3020,60.0000,0.0190,0.0180,10.0000,1.3850,1.4200,68.0000
1789471297.9093,-0.0720,-0.0530,-21.0000,1.2940,1.2990,60.0000,0.0190,0.0210,10.0000,1.3850,1.4580,65.0000
1789471297.9594,-0.0720,-0.0550,-21.0000,1.2940,1.2950,60.0000,0.0190,0.0150,10.0000,1.3850,1.4150,67.0000
1789471298.0092,-0.0720,-0.1040,-19.0000,1.2940,1.2930,60.0000,0.0190,0.0050,11.0000,1.3850,1.2810,75.0000
1789471298.0596,-0.0720,-0.1380,-16.0000,1.2940,1.3030,59.0000,0.0190,0.0050,11.0000,1.3850,1.3170,73.0000
1789471298.1095,-0.0720,-0.1070,-18.0000,1.2940,1.3210,58.0000,0.0190,0.0240,10.0000,1.3850,1.4220,68.0000
1789471298.2115,-0.0720,-0.1190,-16.0000,1.2940,1.3270,58.0000,0.0190,0.0670,7.0000,1.3850,1.4270,67.0000
1789471298.2613,-0.0720,-0.0660,-19.0000,1.2940,1.3130,58.0000,0.0190,0.0260,9.0000,1.3850,1.4630,65.0000
1789471298.2645,-0.0720,-0.0550,-20.0000,1.2940,1.2950,59.0000,0.0190,0.0230,9.0000,1.3850,1.4090,67.0000
1789471298.3112,-0.0720,-0.1040,-17.0000,1.2940,1.2450,62.0000,0.0190,0.0080,10.0000,1.3850,1.2870,74.0000
1789471298.4106,-0.0720,-0.1230,-15.0000,1.2940,1.2840,60.0000,0.0190,0.0210,9.0000,1.3850,1.3040,74.0000
1789471298.4617,-0.0720,-0.0840,-17.0000,1.2940,1.3050,59.0000,0.0190,0.0190,9.0000,1.3850,1.4000,69.0000
1789471298.5107,-0.0720,-0.1140,-15.0000,1.2940,1.3240,58.0000,0.0190,0.0240,9.0000,1.3850,1.4430,66.0000
1789471298.5119,-0.0720,-0.1330,-14.0000,1.2940,1.3030,59.0000,0.0190,0.0050,10.0000,1.3850,1.4490,66.0000
1789471298.5613,-0.0720,-0.0260,-20.0000,1.2940,1.3140,58.0000,0.0190,0.0040,10.0000,1.3850,1.4540,65.0000
1789471298.6144,-0.0720,-0.0650,-17.0000,1.2940,1.2530,61.0000,0.0190,0.0060,10.0000,1.3850,1.3070,73.0000
1789471298.6625,-0.0720,-0.1040,-15.0000,1.2940,1.2720,60.0000,0.0190,0.0210,10.0000,1.3850,1.3430,71.0000
1789471298.7616,-0.0720,-0.0720,-17.0000,1.2940,1.2960,59.0000,0.0190,0.0840,6.0000,1.3850,1.3980,68.0000
1789471298.8116,-0.0720,-0.0790,-16.0000,1.2940,1.3170,58.0000,0.0190,0.0550,7.0000,1.3850,1.4380,66.0000
1789471298.8616,-0.0720,-0.1020,-15.0000,1.2940,1.3140,58.0000,0.0190,0.0300,8.0000,1.3850,1.4400,65.0000
1789471298.9116,-0.0720,-0.0770,-16.0000,1.2940,1.3150,58.0000,0.0190,0.0100,9.0000,1.3850,1.4510,64.0000
1789471298.9128,-0.0720,-0.0130,-20.0000,1.2940,1.2910,59.0000,0.0190,0.0020,10.0000,1.3850,1.3480,69.0000
1789471298.9627,-0.0720,-0.0820,-16.0000,1.2940,1.2760,60.0000,0.0190,0.0030,10.0000,1.3850,1.3440,70.0000
1789471299.0620,-0.0720,-0.0850,-16.0000,1.2940,1.2930,59.0000,0.0190,0.0100,9.0000,1.3850,1.3710,68.0000
1789471299.0633,-0.0720,-0.0720,-17.0000,1.2940,1.2890,59.0000,0.0190,0.0100,10.0000,1.3850,1.4260,65.0000
1789471299.1123,-0.0720,-0.0730,-17.0000,1.2940,1.3050,58.0000,0.0190,0.0010,10.0000,1.3850,1.4110,66.0000
1789471299.1622,-0.0720,-0.0740,-17.0000,1.2940,1.2940,59.0000,0.0190,0.0000,11.0000,1.3850,1.4310,64.0000
1789471299.2154,-0.0720,-0.0810,-16.0000,1.2940,1.2750,60.0000,0.0190,0.0020,11.0000,1.3850,1.3240,70.0000
1789471299.2624,-0.0720,-0.0690,-17.0000,1.2940,1.2720,60.0000,0.0190,0.0060,11.0000,1.3850,1.3610,68.0000
1789471299.3123,-0.0720,-0.0840,-16.0000,1.2940,1.2740,60.0000,0.0190,0.0120,10.0000,1.3850,1.3680,68.0000
1789471299.4116,-0.0720,-0.0890,-15.0000,1.2940,1.3020,59.0000,0.0190,0.0590,8.0000,1.3850,1.4200,66.0000
1789471299.4617,-0.0720,-0.0400,-18.0000,1.2940,1.2920,60.0000,0.0190,0.0360,9.0000,1.3850,1.3740,68.0000
1789471299.5117,-0.0720,-0.1220,-13.0000,1.2940,1.3210,58.0000,0.0190,0.0350,9.0000,1.3850,1.4170,66.0000
1789471299.5624,-0.0720,-0.1480,-12.0000,1.2940,1.3190,58.0000,0.0190,0.0230,9.0000,1.3850,1.3530,69.0000
1789471299.6117,-0.0720,-0.0410,-17.0000,1.2940,1.2940,59.0000,0.0190,0.0590,7.0000,1.3850,1.3500,69.0000
1789471299.6616,-0.0720,-0.1080,-13.0000,1.2940,1.3030,58.0000,0.0190,0.0260,9.0000,1.3850,1.3260,71.0000
1789471299.7152,-0.0720,-0.0400,-17.0000,1.2940,1.2700,60.0000,0.0190,0.0610,6.0000,1.3850,1.3750,69.0000
1789471299.7645,-0.0720,-0.0380,-17.0000,1.2940,1.2810,60.0000,0.0190,0.0040,9.0000,1.3850,1.4150,67.0000
1789471299.8147,-0.0720,-0.0390,-18.0000,1.2940,1.3020,59.0000,0.0190,0.0170,8.0000,1.3850,1.3750,69.0000
1789471299.8660,-0.0720,-0.0230,-19.0000,1.2940,1.2650,61.0000,0.0190,0.0320,8.0000,1.3850,1.3240,72.0000
1789471299.8675,-0.0720,-0.0330,-19.0000,1.2940,1.2840,60.0000,0.0190,0.0170,8.0000,1.3850,1.3660,70.0000
1789471299.9653,-0.0720,-0.0880,-16.0000,1.2940,1.2890,60.0000,0.0190,0.0030,9.0000,1.3850,1.3850,69.0000
1789471300.0153,-0.0720,-0.0900,-16.0000,1.2940,1.2900,60.0000,0.0190,0.0090,9.0000,1.3850,1.3930,69.0000
1789471300.0165,-0.0720,-0.0790,-17.0000,1.2940,1.2880,60.0000,0.0190,0.0020,10.0000,1.3850,1.4140,68.0000
1789471300.0652,-0.0720,-0.0520,-18.0000,1.2940,1.2920,60.0000,0.0190,0.0000,10.0000,1.3850,1.4400,66.0000
1789471300.1154,-0.0720,-0.0740,-17.0000,1.2940,1.3020,59.0000,0.0190,0.0000,10.0000,1.3850,1.3180,73.0000
1789471300.1654,-0.0720,-0.0480,-19.0000,1.2940,1.2670,61.0000,0.0190,0.0000,10.0000,1.3850,1.3250,72.0000
1789471300.2154,-0.0720,-0.0770,-17.0000,1.2940,1.3010,59.0000,0.0190,0.0040,10.0000,1.3850,1.4160,68.0000
1789471300.2653,-0.0720,-0.0890,-16.0000,1.2940,1.3020,59.0000,0.0190,0.0180,10.0000,1.3850,1.4080,68.0000
1789471300.3167,-0.0720,-0.0670,-18.0000,1.2940,1.3010,59.0000,0.0190,0.0100,10.0000,1.3850,1.4340,66.0000
1789471300.3660,-0.0720,-0.0390,-19.0000,1.2940,1.3040,59.0000,0.0190,0.0070,11.0000,1.3850,1.4260,66.0000
1789471300.4154,-0.0720,-0.0370,-20.0000,1.2940,1.3150,58.0000,0.0190,0.0050,11.0000,1.3850,1.3410,71.0000
1789471300.4653,-0.0720,-0.0320,-20.0000,1.2940,1.2760,61.0000,0.0190,0.0100,11.0000,1.3850,1.3020,73.0000
1789471300.5154,-0.0720,-0.0190,-22.0000,1.2940,1.2900,60.0000,0.0190,0.0160,10.0000,1.3850,1.4170,67.0000
1789471300.6147,-0.0720,-0.0450,-21.0000,1.2940,1.2800,61.0000,0.0190,0.0510,8.0000,1.3850,1.4040,68.0000
1789471300.6646,-0.0720,-0.0440,-21.0000,1.2940,1.2860,60.0000,0.0190,0.0580,8.0000,1.3850,1.3960,68.0000
1789471300.7146,-0.0720,-0.0590,-21.0000,1.2940,1.2720,61.0000,0.0190,0.0560,7.0000,1.3850,1.3700,70.0000
1789471300.7644,-0.0720,-0.0270,-23.0000,1.2940,1.3130,59.0000,0.0190,0.0260,9.0000,1.3850,1.3730,69.0000
1789471300.8146,-0.0720,-0.0500,-22.0000,1.2940,1.3150,59.0000,0.0190,0.0220,9.0000,1.3850,1.3230,73.0000
1789471300.8647,-0.0720,-0.0120,-24.0000,1.2940,1.2740,61.0000,0.0190,0.0270,8.0000,1.3850,1.3830,70.0000
1789471300.9147,-0.0720,-0.0020,-25.0000,1.2940,1.2920,60.0000,0.0190,0.0430,7.0000,1.3850,1.4200,68.0000
1789471300.9647,-0.0720,-0.0320,-24.0000,1.2940,1.2880,60.0000,0.0190,0.0310,8.0000,1.3850,1.3830,70.0000
1789471301.0146,-0.0720,-0.0810,-22.0000,1.2940,1.2860,60.0000,0.0190,0.0340,7.0000,1.3850,1.3800,70.0000
1789471301.0655,-0.0720,-0.0350,-25.0000,1.2940,1.2950,60.0000,0.0190,0.0210,8.0000,1.3850,1.3880,69.0000
1789471301.0667,-0.0720,-0.0380,-25.0000,1.2940,1.3120,59.0000,0.0190,0.0050,9.0000,1.3850,1.3400,72.0000
1789471301.1646,-0.0720,-0.0440,-25.0000,1.2940,1.3090,59.0000,0.0190,0.0070,9.0000,1.3850,1.3710,71.0000
1789471301.2146,-0.0720,-0.0160,-27.0000,1.2940,1.2980,59.0000,0.0190,0.0010,9.0000,1.3850,1.4020,69.0000
1789471301.2159,-0.0720,-0.0370,-27.0000,1.2940,1.2740,61.0000,0.0190,0.0000,10.0000,1.3850,1.4440,67.0000
1789471301.2655,-0.0720,-0.0960,-24.0000,1.2940,1.2760,61.0000,0.0190,0.0000,10.0000,1.3850,1.3980,69.0000
1789471301.3155,-0.0720,-0.0960,-24.0000,1.2940,1.2690,61.0000,0.0190,0.0020,10.0000,1.3850,1.4190,67.0000
1789471301.4150,-0.0720,-0.0690,-25.0000,1.2940,1.3100,59.0000,0.0190,0.0150,9.0000,1.3850,1.3490,71.0000
1789471301.4164,-0.0720,-0.0760,-25.0000,1.2940,1.3040,60.0000,0.0190,0.0160,10.0000,1.3850,1.3840,69.0000
1789471301.4655,-0.0720,-0.0600,-26.0000,1.2940,1.2970,60.0000,0.0190,0.0110,10.0000,1.3850,1.4150,67.0000
1789471301.5153,-0.0720,-0.0690,-25.0000,1.2940,1.2620,62.0000,0.0190,0.0020,10.0000,1.3850,1.4190,67.0000
1789471301.5655,-0.0720,-0.1030,-23.0000,1.2940,1.2770,61.0000,0.0190,0.0010,11.0000,1.3850,1.4160,67.0000
1789471301.6155,-0.0720,-0.0810,-24.0000,1.2940,1.2800,61.0000,0.0190,0.0050,11.0000,1.3850,1.3890,68.0000
1789471301.6657,-0.0720,-0.1050,-22.0000,1.2940,1.2840,61.0000,0.0190,0.0090,11.0000,1.3850,1.3580,70.0000
1789471301.7652,-0.0720,-0.1320,-20.0000,1.2940,1.3220,59.0000,0.0190,0.0460,8.0000,1.3850,1.3890,68.0000
1789471301.8147,-0.0720,-0.1160,-21.0000,1.2940,1.3280,59.0000,0.0190,0.0880,6.0000,1.3850,1.4200,66.0000
1789471301.8662,-0.0720,-0.0400,-25.0000,1.2940,1.2900,61.0000,0.0190,0.0180,9.0000,1.3850,1.4180,66.0000
1789471301.8682,-0.0720,-0.0990,-21.0000,1.2940,1.2770,61.0000,0.0190,0.0010,10.0000,1.3850,1.3960,67.0000
1789471301.9196,-0.0720,-0.1200,-20.0000,1.2940,1.2470,63.0000,0.0190,0.0000,10.0000,1.3850,1.3450,70.0000
1789471302.0196,-0.0720,-0.1100,-20.0000,1.2940,1.2620,63.0000,0.0190,0.0180,9.0000,1.3850,1.3690,68.0000
1789471302.0209,-0.0720,-0.1160,-19.0000,1.2940,1.3170,60.0000,0.0190,0.0220,9.0000,1.3850,1.3710,69.0000
1789471302.1199,-0.0720,-0.1810,-15.0000,1.2940,1.3380,59.0000,0.0190,0.0380,8.0000,1.3850,1.4250,66.0000
1789471302.1687,-0.0720,-0.0870,-20.0000,1.2940,1.3240,59.0000,0.0190,0.0960,5.0000,1.3850,1.4140,66.0000
1789471302.2188,-0.0720,-0.0340,-22.0000,1.2940,1.2260,65.0000,0.0190,0.0160,9.0000,1.3850,1.4370,64.0000
1789471302.2695,-0.0720,-0.1230,-17.0000,1.2940,1.2570,63.0000,0.0190,0.0010,9.0000,1.3850,1.3210,71.0000
1789471302.2707,-0.0720,-0.0950,-18.0000,1.2940,1.2400,65.0000,0.0190,0.0420,7.0000,1.3850,1.3420,70.0000
1789471302.3689,-0.0720,-0.1010,-17.0000,1.2940,1.3140,61.0000,0.0190,0.0540,6.0000,1.3850,1.3880,67.0000
1789471302.4187,-0.0720,-0.1280,-15.0000,1.2940,1.3510,59.0000,0.0190,0.0440,7.0000,1.3850,1.4160,66.0000
1789471302.4690,-0.0720,-0.1500,-13.0000,1.2940,1.3460,59.0000,0.0190,0.1010,3.0000,1.3850,1.4350,65.0000
1789471302.5191,-0.0720,-0.0340,-19.0000,1.2940,1.3320,59.0000,0.0190,0.0590,5.0000,1.3850,1.4550,63.0000
1789471302.5693,-0.0720,-0.0270,-20.0000,1.2940,1.2530,63.0000,0.0190,0.0010,7.0000,1.3850,1.3780,67.0000
1789471302.6187,-0.0720,-0.1350,-14.0000,1.2940,1.2480,63.0000,0.0190,0.0000,7.0000,1.3850,1.3240,70.0000
1789471302.6686,-0.0720,-0.0650,-17.0000,1.2940,1.2890,61.0000,0.0190,0.0070,7.0000,1.3850,1.3660,67.0000
1789471302.7188,-0.0720,-0.1120,-14.0000,1.2940,1.3210,60.0000,0.0190,0.0140,7.0000,1.3850,1.4240,64.0000
1789471302.7708,-0.0720,-0.1070,-14.0000,1.2940,1.2990,61.0000,0.0190,0.0060,7.0000,1.3850,1.4070,65.0000
1789471302.8207,-0.0720,-0.0790,-16.0000,1.2940,1.2360,65.0000,0.0190,0.0000,8.0000,1.3850,1.4240,64.0000
1789471302.8708,-0.0720,-0.0900,-15.0000,1.2940,1.2600,63.0000,0.0190,0.0050,8.0000,1.3850,1.4000,65.0000
1789471302.9208,-0.0720,-0.1040,-14.0000,1.2940,1.2540,64.0000,0.0190,0.0070,8.0000,1.3850,1.3760,66.0000
1789471302.9706,-0.0720,-0.0980,-14.0000,1.2940,1.2730,64.0000,0.0190,0.0390,6.0000,1.3850,1.3890,66.0000
1789471303.0207,-0.0720,-0.0810,-14.0000,1.2940,1.2980,62.0000,0.0190,0.0960,3.0000,1.3850,1.4160,64.0000
1789471303.0707,-0.0720,-0.1090,-12.0000,1.2940,1.3460,60.0000,0.0190,0.0290,6.0000,1.3850,1.3970,65.0000
1789471303.1208,-0.0720,-0.1060,-12.0000,1.2940,1.3430,60.0000,0.0190,0.0260,6.0000,1.3850,1.4360,62.0000
1789471303.1707,-0.0720,-0.0640,-14.0000,1.2940,1.2310,66.0000,0.0190,0.0050,7.0000,1.3850,1.4130,63.0000
1789471303.2210,-0.0720,-0.0800,-13.0000,1.2940,1.2280,66.0000,0.0190,0.0030,7.0000,1.3850,1.3700,65.0000
1789471303.2714,-0.0720,-0.1020,-12.0000,1.2940,1.2430,66.0000,0.0190,0.0100,7.0000,1.3850,1.4020,63.0000
1789471303.3229,-0.0720,-0.0900,-12.0000,1.2940,1.2440,67.0000,0.0190,0.0520,4.0000,1.3850,1.4190,62.0000
1789471303.3729,-0.0720,-0.1100,-11.0000,1.2940,1.3070,63.0000,0.0190,0.1110,1.0000,1.3850,1.4180,62.0000
1789471303.4228,-0.0720,-0.1190,-10.0000,1.2940,1.3850,59.0000,0.0190,0.0420,4.0000,1.3850,1.3910,63.0000
1789471303.4726,-0.0720,-0.0830,-11.0000,1.2940,1.2890,64.0000,0.0190,0.0080,5.0000,1.3850,1.3920,63.0000
1789471303.5228,-0.0720,-0.1070,-10.0000,1.2940,1.2170,68.0000,0.0190,0.0010,6.0000,1.3850,1.3740,64.0000
1789471303.5727,-0.0720,-0.0890,-10.0000,1.2940,1.2090,69.0000,0.0190,0.0140,5.0000,1.3850,1.4160,61.0000
1789471303.6227,-0.0720,-0.0820,-11.0000,1.2940,1.2600,67.0000,0.0190,0.0320,4.0000,1.3850,1.3850,63.0000
1789471303.6411,-0.0720,-0.0720,-11.0000,1.2940,1.2840,66.0000,0.0190,0.0820,1.0000,1.3850,1.4130,61.0000
1789471303.7241,-0.0720,-0.0850,-10.0000,1.2940,1.3650,62.0000,0.0190,0.0730,1.0000,1.3850,1.3830,63.0000
1789471303.7738,-0.0720,-0.0870,-10.0000,1.2940,1.3890,60.0000,0.0190,0.0190,4.0000,1.3850,1.4060,61.0000
1789471303.8241,-0.0720,-0.0740,-10.0000,1.2940,1.3730,60.0000,0.0190,0.0010,4.0000,1.3850,1.3820,62.0000
1789471303.8751,-0.0720,-0.0600,-11.0000,1.2940,1.1750,71.0000,0.0190,0.0000,5.0000,1.3850,1.3960,62.0000
1789471303.8775,-0.0720,-0.0660,-11.0000,1.2940,1.3020,63.0000,0.0190,-0.0030,5.0000,1.3850,1.3770,63.0000
1789471303.9737,-0.0720,-0.0630,-11.0000,1.2940,1.3120,63.0000,0.0190,0.0050,5.0000,1.3850,1.4010,61.0000
1789471304.0247,-0.0720,-0.0870,-10.0000,1.2940,1.3250,62.0000,0.0190,0.0780,1.0000,1.3850,1.3880,62.0000
1789471304.0260,-0.0720,-0.0610,-11.0000,1.2940,1.2990,64.0000,0.0190,0.1780,-6.0000,1.3850,1.3870,62.0000
1789471304.0745,-0.0720,-0.0800,-10.0000,1.2940,1.2500,66.0000,0.0190,0.1740,-7.0000,1.3850,1.3760,63.0000
1789471304.1246,-0.0720,-0.0790,-10.0000,1.2940,1.2430,67.0000,0.0190,0.1660,-8.0000,1.3850,1.4060,61.0000
1789471304.1745,-0.0720,-0.0680,-11.0000,1.2940,1.2540,67.0000,0.0190,0.1590,-10.0000,1.3850,1.3760,63.0000
1789471304.2246,-0.0720,-0.0820,-10.0000,1.2940,1.2610,67.0000,0.0190,0.1430,-10.0000,1.3850,1.3920,62.0000
1789471304.2744,-0.0720,-0.0750,-10.0000,1.2940,1.3110,65.0000,0.0190,0.1490,-12.0000,1.3850,1.3870,62.0000
1789471304.3244,-0.0720,-0.0600,-11.0000,1.2940,1.3500,62.0000,0.0190,0.0660,-9.0000,1.3850,1.3970,61.0000
1789471304.3744,-0.0720,-0.0730,-10.0000,1.2940,1.3800,60.0000,0.0190,0.0430,-9.0000,1.3850,1.3890,62.0000
1789471304.4253,-0.0720,-0.0840,-10.0000,1.2940,1.2460,67.0000,0.0190,0.0810,-12.0000,1.3850,1.3870,62.0000
1789471304.4743,-0.0720,-0.0710,-10.0000,1.2940,1.2630,66.0000,0.0190,0.0170,-8.0000,1.3850,1.3870,62.0000
1789471304.5246,-0.0720,-0.0710,-10.0000,1.2940,1.2710,66.0000,0.0190,0.0120,-8.0000,1.3850,1.3770,62.0000
1789471304.5745,-0.0720,-0.0800,-10.0000,1.2940,1.2930,65.0000,0.0190,0.0010,-8.0000,1.3850,1.3860,62.0000
1789471304.6245,-0.0720,-0.0590,-11.0000,1.2940,1.3480,62.0000,0.0190,-0.0010,-8.0000,1.3850,1.3820,62.0000
1789471304.7246,-0.0720,-0.0920,-9.0000,1.2940,1.3450,62.0000,0.0190,0.0010,-7.0000,1.3850,1.3880,62.0000
1789471304.7259,-0.0720,-0.0880,-9.0000,1.2940,1.3330,62.0000,0.0190,0.0000,-7.0000,1.3850,1.3760,62.0000
1789471304.8248,-0.0720,-0.0830,-9.0000,1.2940,1.2280,67.0000,0.0190,0.0000,-7.0000,1.3850,1.3940,61.0000
1789471304.8261,-0.0720,-0.0550,-11.0000,1.2940,1.2880,64.0000,0.0190,0.0000,-7.0000,1.3850,1.3660,63.0000
1789471304.9248,-0.0720,-0.0830,-9.0000,1.2940,1.2890,65.0000,0.0190,0.0000,-6.0000,1.3850,1.3940,61.0000
1789471304.9746,-0.0720,-0.0980,-8.0000,1.2940,1.3120,63.0000,0.0190,0.0000,-6.0000,1.3850,1.3720,63.0000
1789471305.0249,-0.0720,-0.0920,-9.0000,1.2940,1.3180,63.0000,0.0190,0.0000,-6.0000,1.3850,1.3870,62.0000
1789471305.0747,-0.0720,-0.1010,-8.0000,1.2940,1.2880,64.0000,0.0190,0.0000,-6.0000,1.3850,1.3590,63.0000
1789471305.1262,-0.0720,-0.0720,-9.0000,1.2940,1.2690,66.0000,0.0190,0.0000,-5.0000,1.3850,1.4050,61.0000
1789471305.1748,-0.0720,-0.0730,-9.0000,1.2940,1.2910,65.0000,0.0190,0.0000,-5.0000,1.3850,1.3730,63.0000
1789471305.1761,-0.0720,-0.0500,-10.0000,1.2940,1.2510,67.0000,0.0190,0.0000,-5.0000,1.3850,1.3990,61.0000
1789471305.2748,-0.0720,-0.0830,-8.0000,1.2940,1.2960,65.0000,0.0190,0.0000,-5.0000,1.3850,1.3660,63.0000
1789471305.3249,-0.0720,-0.0800,-9.0000,1.2940,1.3010,65.0000,0.0190,0.0000,-5.0000,1.3850,1.3790,62.0000
1789471305.3262,-0.0720,-0.0660,-10.0000,1.2940,1.3180,64.0000,0.0190,0.0030,-4.0000,1.3850,1.3840,62.0000
1789471305.4247,-0.0720,-0.0720,-9.0000,1.2940,1.3180,64.0000,0.0190,0.0090,-5.0000,1.3850,1.4100,61.0000
1789471305.4259,-0.0720,-0.0360,-11.0000,1.2940,1.2670,66.0000,0.0190,0.0010,-4.0000,1.3850,1.3810,62.0000
1789471305.4755,-0.0720,-0.0680,-10.0000,1.2940,1.2990,65.0000,0.0190,0.0000,-4.0000,1.3850,1.4110,60.0000
1789471305.5256,-0.0720,-0.0500,-11.0000,1.2940,1.2750,66.0000,0.0190,0.0040,-4.0000,1.3850,1.3730,63.0000
1789471305.5755,-0.0720,-0.0750,-10.0000,1.2940,1.2960,65.0000,0.0190,0.0110,-4.0000,1.3850,1.4010,61.0000
1789471305.6254,-0.0720,-0.0710,-10.0000,1.2940,1.3440,62.0000,0.0190,0.0220,-5.0000,1.3850,1.3750,62.0000
1789471305.6755,-0.0720,-0.0520,-11.0000,1.2940,1.2970,65.0000,0.0190,0.0030,-3.0000,1.3850,1.3990,61.0000
1789471305.7254,-0.0720,-0.0780,-10.0000,1.2940,1.2610,66.0000,0.0190,0.0000,-3.0000,1.3850,1.3740,62.0000
1789471305.7754,-0.0720,-0.0430,-12.0000,1.2940,1.2530,67.0000,0.0190,0.0000,-3.0000,1.3850,1.3980,61.0000
1789471305.8255,-0.0720,-0.0780,-10.0000,1.2940,1.2900,65.0000,0.0190,0.0000,-3.0000,1.3850,1.3760,62.0000
1789471305.8754,-0.0720,-0.0460,-12.0000,1.2940,1.2700,67.0000,0.0190,0.0000,-2.0000,1.3850,1.3960,61.0000
1789471305.9255,-0.0720,-0.0830,-10.0000,1.2940,1.3350,63.0000,0.0190,0.0000,-2.0000,1.3850,1.3850,62.0000
1789471305.9756,-0.0720,-0.0860,-10.0000,1.2940,1.3420,62.0000,0.0190,0.0000,-2.0000,1.3850,1.4110,60.0000
1789471306.0255,-0.0720,-0.0500,-12.0000,1.2940,1.2820,65.0000,0.0190,0.0000,-2.0000,1.3850,1.3890,61.0000
1789471306.0755,-0.0720,-0.0890,-10.0000,1.2940,1.2360,68.0000,0.0190,0.0000,-1.0000,1.3850,1.3930,61.0000
1789471306.1256,-0.0720,-0.0550,-12.0000,1.2940,1.2720,66.0000,0.0190,0.0000,-1.0000,1.3850,1.3820,61.0000
1789471306.1756,-0.0720,-0.0510,-12.0000,1.2940,1.2800,66.0000,0.0190,0.0000,-1.0000,1.3850,1.3810,61.0000
1789471306.2259,-0.0720,-0.0350,-13.0000,1.2940,1.3260,64.0000,0.0190,0.0000,-1.0000,1.3850,1.3700,62.0000
1789471306.3251,-0.0720,-0.0710,-11.0000,1.2940,1.3380,63.0000,0.0190,0.0000,0.0000,1.3850,1.3830,61.0000
1789471306.3748,-0.0720,-0.0240,-14.0000,1.2940,1.2840,66.0000,0.0190,0.0000,0.0000,1.3850,1.3760,62.0000
1789471306.4248,-0.0720,-0.0500,-13.0000,1.2940,1.2490,68.0000,0.0190,0.0000,0.0000,1.3850,1.3800,62.0000
1789471306.4746,-0.0720,-0.0700,-12.0000,1.2940,1.2430,68.0000,0.0190,0.0000,0.0000,1.3850,1.3770,62.0000
1789471306.5248,-0.0720,-0.1110,-10.0000,1.2940,1.2800,67.0000,0.0190,0.0000,0.0000,1.3850,1.3730,62.0000
1789471306.5747,-0.0720,-0.0960,-11.0000,1.2940,1.2980,66.0000,0.0190,0.0000,1.0000,1.3850,1.3890,61.0000
1789471306.6248,-0.0720,-0.0940,-11.0000,1.2940,1.3390,64.0000,0.0190,0.0000,1.0000,1.3850,1.3760,62.0000
1789471306.6760,-0.0720,-0.0930,-10.0000,1.2940,1.3940,60.0000,0.0190,0.0000,1.0000,1.3850,1.3930,61.0000
1789471306.7247,-0.0720,-0.0790,-11.0000,1.2940,1.2920,65.0000,0.0190,0.0000,1.0000,1.3850,1.3680,63.0000
1789471306.7749,-0.0720,-0.0900,-10.0000,1.2940,1.2470,68.0000,0.0190,0.0000,2.0000,1.3850,1.3930,61.0000
1789471306.8247,-0.0720,-0.0860,-10.0000,1.2940,1.2350,69.0000,0.0190,0.0000,2.0000,1.3850,1.3680,63.0000
1789471306.8748,-0.0720,-0.0840,-10.0000,1.2940,1.2680,67.0000,0.0190,0.0000,2.0000,1.3850,1.3940,61.0000
1789471306.9248,-0.0720,-0.0800,-10.0000,1.2940,1.3490,63.0000,0.0190,0.0000,2.0000,1.3850,1.3710,63.0000
1789471306.9767,-0.0720,-0.0770,-10.0000,1.2940,1.3750,61.0000,0.0190,0.0000,3.0000,1.3850,1.3980,61.0000
1789471306.9785,-0.0720,-0.1020,-8.0000,1.2940,1.3630,61.0000,0.0190,0.0000,3.0000,1.3850,1.3700,63.0000
1789471307.0748,-0.0720,-0.0720,-10.0000,1.2940,1.2100,69.0000,0.0190,0.0000,3.0000,1.3850,1.3970,61.0000
1789471307.1248,-0.0720,-0.0500,-11.0000,1.2940,1.2300,69.0000,0.0190,0.0000,3.0000,1.3850,1.3650,63.0000
1789471307.1761,-0.0720,-0.0750,-10.0000,1.2940,1.2580,68.0000,0.0190,0.0030,3.0000,1.3850,1.4010,61.0000
1789471307.2259,-0.0720,-0.0690,-10.0000,1.2940,1.2760,67.0000,0.0190,0.0000,4.0000,1.3850,1.3700,63.0000
1789471307.2759,-0.0720,-0.0690,-10.0000,1.2940,1.3410,64.0000,0.0190,0.0000,4.0000,1.3850,1.3940,61.0000
1789471307.2773,-0.0720,-0.0900,-9.0000,1.2940,1.3960,60.0000,0.0190,0.0000,4.0000,1.3850,1.3690,63.0000
1789471307.3760,-0.0720,-0.0690,-10.0000,1.2940,1.3640,61.0000,0.0190,0.0040,4.0000,1.3850,1.3970,61.0000
1789471307.4259,-0.0720,-0.0590,-11.0000,1.2940,1.2180,69.0000,0.0190,0.0020,5.0000,1.3850,1.3600,63.0000
1789471307.4272,-0.0720,-0.0790,-9.0000,1.2940,1.3020,64.0000,0.0190,0.0070,4.0000,1.3850,1.3910,62.0000
1789471307.5266,-0.0720,-0.0730,-10.0000,1.2940,1.3010,64.0000,0.0190,0.0060,5.0000,1.3850,1.3690,63.0000
1789471307.5768,-0.0720,-0.0650,-10.0000,1.2940,1.3170,63.0000,0.0190,0.0060,5.0000,1.3850,1.3920,62.0000
1789471307.6268,-0.0720,-0.0710,-10.0000,1.2940,1.3350,62.0000,0.0190,0.0010,5.0000,1.3850,1.3540,64.0000
1789471307.6768,-0.0720,-0.0680,-10.0000,1.2940,1.2930,64.0000,0.0190,0.0080,5.0000,1.3850,1.3780,63.0000
1789471307.6781,-0.0720,-0.0830,-9.0000,1.2940,1.2540,66.0000,0.0190,0.0200,5.0000,1.3850,1.3610,64.0000
1789471307.7297,-0.0720,-0.0910,-9.0000,1.2940,1.3050,64.0000,0.0190,0.0470,3.0000,1.3850,1.3620,65.0000
1789471307.7806,-0.0720,-0.0920,-8.0000,1.2940,1.2960,64.0000,0.0190,0.0840,1.0000,1.3850,1.3470,66.0000
1789471307.8787,-0.0720,-0.0630,-10.0000,1.2940,1.3200,63.0000,0.0190,0.0440,2.0000,1.3850,1.3800,64.0000
1789471307.8800,-0.0720,-0.1040,-7.0000,1.2940,1.3550,61.0000,0.0190,0.0030,4.0000,1.3850,1.3900,64.0000
1789471307.9307,-0.0720,-0.0900,-8.0000,1.2940,1.3270,62.0000,0.0190,0.0030,4.0000,1.3850,1.4170,62.0000
1789471308.0299,-0.0720,-0.0380,-11.0000,1.2940,1.2320,67.0000,0.0190,0.0020,5.0000,1.3850,1.3900,64.0000
1789471308.0315,-0.0720,-0.0820,-8.0000,1.2940,1.2410,67.0000,0.0190,0.0040,5.0000,1.3850,1.4010,63.0000
1789471308.1299,-0.0720,-0.0490,-11.0000,1.2940,1.2780,65.0000,0.0190,0.0100,4.0000,1.3850,1.3760,64.0000
1789471308.1312,-0.0720,-0.0710,-9.0000,1.2940,1.2680,66.0000,0.0190,0.0160,4.0000,1.3850,1.3900,63.0000
1789471308.1805,-0.0720,-0.0720,-9.0000,1.2940,1.2990,65.0000,0.0190,0.0210,4.0000,1.3850,1.3850,64.0000
1789471308.2307,-0.0720,-0.0600,-10.0000,1.2940,1.3550,61.0000,0.0190,0.1010,-1.0000,1.3850,1.4060,62.0000
1789471308.2806,-0.0720,-0.0720,-10.0000,1.2940,1.2610,67.0000,0.0190,0.1220,-3.0000,1.3850,1.4010,63.0000
1789471308.3307,-0.0720,-0.0450,-11.0000,1.2940,1.2370,68.0000,0.0190,0.1300,-4.0000,1.3850,1.4040,62.0000
1789471308.4299,-0.0720,-0.0790,-9.0000,1.2940,1.2550,67.0000,0.0190,0.1150,-5.0000,1.3850,1.4040,62.0000
1789471308.4318,-0.0720,-0.0430,-12.0000,1.2940,1.2510,68.0000,0.0190,0.0860,-4.0000,1.3850,1.3910,62.0000
1789471308.4807,-0.0720,-0.0760,-10.0000,1.2940,1.3260,64.0000,0.0190,0.0440,-3.0000,1.3850,1.4020,62.0000
1789471308.5326,-0.0720,-0.0760,-10.0000,1.2940,1.3250,64.0000,0.0190,0.0380,-3.0000,1.3850,1.3820,63.0000
1789471308.5827,-0.0720,-0.0660,-10.0000,1.2940,1.4000,60.0000,0.0190,0.0980,-7.0000,1.3850,1.3960,62.0000
1789471308.6412,-0.0720,-0.0840,-9.0000,1.2940,1.3200,63.0000,0.0190,0.0630,-6.0000,1.3850,1.3260,66.0000
1789471308.7325,-0.0720,-0.0860,-9.0000,1.2940,1.3000,64.0000,0.0190,0.0310,-4.0000,1.3850,1.3720,63.0000
1789471308.7341,-0.0720,-0.0680,-10.0000,1.2940,1.3000,64.0000,0.0190,0.0140,-3.0000,1.3850,1.3250,67.0000
1789471308.7827,-0.0720,-0.0710,-10.0000,1.2940,1.3090,63.0000,0.0190,0.0010,-3.0000,1.3850,1.3830,63.0000
1789471308.8826,-0.0720,-0.0910,-9.0000,1.2940,1.3110,63.0000,0.0190,0.0000,-3.0000,1.3850,1.3790,64.0000
1789471308.9338,-0.0720,-0.0760,-9.0000,1.2940,1.3070,63.0000,0.0190,0.0040,-3.0000,1.3850,1.3700,65.0000
1789471308.9355,-0.0720,-0.0540,-11.0000,1.2940,1.2750,65.0000,0.0190,0.0200,-3.0000,1.3850,1.3570,66.0000
1789471308.9826,-0.0720,-0.0700,-10.0000,1.2940,1.2830,64.0000,0.0190,0.0500,-5.0000,1.3850,1.3740,65.0000
1789471309.0336,-0.0720,-0.0660,-10.0000,1.2940,1.2850,64.0000,0.0190,0.0390,-5.0000,1.3850,1.3530,66.0000
1789471309.0828,-0.0720,-0.0670,-10.0000,1.2940,1.2780,65.0000,0.0190,0.0270,-4.0000,1.3850,1.4090,63.0000
1789471309.1327,-0.0720,-0.0610,-10.0000,1.2940,1.2970,64.0000,0.0190,0.0350,-5.0000,1.3850,1.3880,64.0000
1789471309.1827,-0.0720,-0.0680,-10.0000,1.2940,1.3500,61.0000,0.0190,0.0290,-5.0000,1.3850,1.4030,63.0000
1789471309.2340,-0.0720,-0.0710,-10.0000,1.2940,1.3160,63.0000,0.0190,0.0290,-5.0000,1.3850,1.3710,65.0000
1789471309.2841,-0.0720,-0.0350,-12.0000,1.2940,1.2560,66.0000,0.0190,0.0070,-3.0000,1.3850,1.4290,62.0000
1789471309.3336,-0.0720,-0.0450,-12.0000,1.2940,1.2660,65.0000,0.0190,0.0010,-3.0000,1.3850,1.4000,63.0000
1789471309.3843,-0.0720,-0.0640,-11.0000,1.2940,1.2560,66.0000,0.0190,0.0000,-3.0000,1.3850,1.4200,62.0000
1789471309.4336,-0.0720,-0.0500,-12.0000,1.2940,1.2790,65.0000,0.0190,0.0000,-3.0000,1.3850,1.3910,63.0000
1789471309.4847,-0.0720,-0.0540,-12.0000,1.2940,1.3070,64.0000,0.0190,0.0000,-2.0000,1.3850,1.4190,61.0000
1789471309.5336,-0.0720,-0.0350,-14.0000,1.2940,1.3170,63.0000,0.0190,0.0110,-3.0000,1.3850,1.3810,63.0000
1789471309.5850,-0.0720,-0.0590,-13.0000,1.2940,1.3070,64.0000,0.0190,0.0220,-3.0000,1.3850,1.4060,62.0000
1789471309.6334,-0.0720,-0.0250,-15.0000,1.2940,1.2910,64.0000,0.0190,0.0090,-2.0000,1.3850,1.3870,63.0000
1789471309.6852,-0.0720,-0.0550,-13.0000,1.2940,1.3040,63.0000,0.0190,0.0230,-3.0000,1.3850,1.3990,62.0000
1789471309.7336,-0.0720,-0.0790,-12.0000,1.2940,1.3210,62.0000,0.0190,0.0330,-4.0000,1.3850,1.3670,64.0000
1789471309.7842,-0.0720,-0.1020,-11.0000,1.2940,1.3050,63.0000,0.0190,0.0170,-3.0000,1.3850,1.3450,65.0000
1789471309.8336,-0.0720,-0.1080,-10.0000,1.2940,1.3330,61.0000,0.0190,0.0080,-2.0000,1.3850,1.3060,68.0000
1789471309.8842,-0.0720,-0.1000,-11.0000,1.2940,1.3320,61.0000,0.0190,0.0030,-2.0000,1.3850,1.3280,67.0000
1789471309.9335,-0.0720,-0.0960,-10.0000,1.2940,1.3100,62.0000,0.0190,0.0000,-2.0000,1.3850,1.3640,66.0000
1789471309.9842,-0.0720,-0.0610,-12.0000,1.2940,1.3080,62.0000,0.0190,0.0000,-2.0000,1.3850,1.3900,65.0000
1789471310.0335,-0.0720,-0.0860,-11.0000,1.2940,1.3070,62.0000,0.0190,0.0000,-1.0000,1.3850,1.3760,66.0000
1789471310.0850,-0.0720,-0.0530,-13.0000,1.2940,1.2980,62.0000,0.0190,0.0000,-1.0000,1.3850,1.3580,67.0000
1789471310.1346,-0.0720,-0.0470,-13.0000,1.2940,1.3090,61.0000,0.0190,0.0000,-1.0000,1.3850,1.3000,70.0000
1789471310.1852,-0.0720,-0.0460,-13.0000,1.2940,1.3160,60.0000,0.0190,0.0000,-1.0000,1.3850,1.3250,70.0000
1789471310.2842,-0.0720,-0.0450,-14.0000,1.2940,1.3140,60.0000,0.0190,0.0000,0.0000,1.3850,1.3480,69.0000
1789471310.3339,-0.0720,-0.0200,-16.0000,1.2940,1.2920,61.0000,0.0190,0.0000,0.0000,1.3850,1.3950,67.0000
1789471310.3841,-0.0720,-0.0320,-15.0000,1.2940,1.3230,60.0000,0.0190,0.0000,0.0000,1.3850,1.3900,67.0000
1789471310.4339,-0.0720,-0.0600,-14.0000,1.2940,1.2900,61.0000,0.0190,0.0000,0.0000,1.3850,1.3890,67.0000
1789471310.4847,-0.0720,-0.0320,-16.0000,1.2940,1.2860,61.0000,0.0190,0.0000,1.0000,1.3850,1.3540,69.0000
1789471310.4862,-0.0720,-0.0220,-17.0000,1.2940,1.3090,60.0000,0.0190,0.0000,1.0000,1.3850,1.3530,70.0000
1789471310.5346,-0.0720,-0.0300,-17.0000,1.2940,1.3320,59.0000,0.0190,-0.0010,1.0000,1.3850,1.3780,69.0000
1789471310.5846,-0.0720,-0.0380,-17.0000,1.2940,1.3010,60.0000,0.0190,-0.0080,2.0000,1.3850,1.4150,67.0000
1789471310.6350,-0.0720,-0.0200,-19.0000,1.2940,1.2900,61.0000,0.0190,-0.0010,2.0000,1.3850,1.4640,63.0000
1789471310.6848,-0.0720,-0.0180,-20.0000,1.2940,1.2930,60.0000,0.0190,-0.0000,2.0000,1.3850,1.4170,66.0000
1789471310.7845,-0.0720,-0.0930,-16.0000,1.2940,1.2980,60.0000,0.0190,0.0010,2.0000,1.3850,1.3020,72.0000
1789471310.8343,-0.0720,-0.0720,-17.0000,1.2940,1.3070,60.0000,0.0190,0.0000,2.0000,1.3850,1.3560,69.0000
1789471310.8845,-0.0720,-0.0990,-16.0000,1.2940,1.3260,58.0000,0.0190,0.0000,3.0000,1.3850,1.3940,67.0000
1789471310.9340,-0.0720,-0.0840,-16.0000,1.2940,1.3180,59.0000,0.0190,0.0000,3.0000,1.3850,1.3970,67.0000
1789471310.9847,-0.0720,-0.0650,-17.0000,1.2940,1.2980,60.0000,0.0190,0.0000,3.0000,1.3850,1.4590,64.0000
1789471310.9876,-0.0720,-0.0690,-17.0000,1.2940,1.3090,59.0000,0.0190,0.0000,3.0000,1.3850,1.4010,66.0000
1789471311.0846,-0.0720,-0.1050,-15.0000,1.2940,1.2980,59.0000,0.0190,0.0030,3.0000,1.3850,1.2920,73.0000
1789471311.0873,-0.0720,-0.1020,-15.0000,1.2940,1.2960,59.0000,0.0190,0.0010,4.0000,1.3850,1.2670,75.0000
1789471311.1846,-0.0720,-0.0660,-17.0000,1.2940,1.3080,58.0000,0.0190,0.0000,4.0000,1.3850,1.3770,69.0000
1789471311.2340,-0.0720,-0.0450,-18.0000,1.2940,1.2930,59.0000,0.0190,0.0000,4.0000,1.3850,1.3800,70.0000
1789471311.2848,-0.0720,-0.0120,-20.0000,1.2940,1.2910,59.0000,0.0190,0.0000,5.0000,1.3850,1.4540,65.0000
1789471311.2861,-0.0720,-0.0280,-20.0000,1.2940,1.2750,60.0000,0.0190,-0.0010,5.0000,1.3850,1.3860,69.0000
1789471311.3839,-0.0720,-0.0860,-17.0000,1.2940,1.2790,60.0000,0.0190,0.0030,5.0000,1.3850,1.3190,73.0000
1789471311.4338,-0.0720,-0.0880,-17.0000,1.2940,1.2710,61.0000,0.0190,0.0020,5.0000,1.3850,1.3670,70.0000
1789471311.4842,-0.0720,-0.0810,-17.0000,1.2940,1.2830,60.0000,0.0190,0.0010,5.0000,1.3850,1.4300,67.0000
1789471311.5342,-0.0720,-0.0660,-18.0000,1.2940,1.3240,58.0000,0.0190,0.0000,6.0000,1.3850,1.3660,71.0000
1789471311.5848,-0.0720,-0.0440,-19.0000,1.2940,1.2890,60.0000,0.0190,0.0000,6.0000,1.3850,1.4320,67.0000
1789471311.5861,-0.0720,-0.0320,-20.0000,1.2940,1.2770,61.0000,0.0190,-0.0020,6.0000,1.3850,1.4180,67.0000
1789471311.6848,-0.0720,-0.0800,-18.0000,1.2940,1.2460,63.0000,0.0190,0.0030,6.0000,1.3850,1.3270,72.0000
1789471311.7350,-0.0720,-0.1070,-16.0000,1.2940,1.2940,60.0000,0.0190,0.0150,6.0000,1.3850,1.3320,72.0000
1789471311.7849,-0.0720,-0.0860,-17.0000,1.2940,1.2860,61.0000,0.0190,0.0080,6.0000,1.3850,1.4390,67.0000
1789471311.8355,-0.0720,-0.1100,-16.0000,1.2940,1.3150,59.0000,0.0190,0.0040,7.0000,1.3850,1.4250,67.0000
1789471311.8850,-0.0720,-0.0690,-18.0000,1.2940,1.3150,59.0000,0.0190,0.0000,7.0000,1.3850,1.4670,64.0000
1789471311.9354,-0.0720,-0.0420,-19.0000,1.2940,1.2810,61.0000,0.0190,0.0000,7.0000,1.3850,1.4270,66.0000
1789471311.9851,-0.0720,-0.0760,-17.0000,1.2940,1.2510,63.0000,0.0190,0.0000,7.0000,1.3850,1.3230,72.0000
1789471312.0348,-0.0720,-0.0950,-16.0000,1.2940,1.2990,60.0000,0.0190,0.0000,8.0000,1.3850,1.3020,73.0000
1789471312.0851,-0.0720,-0.1100,-15.0000,1.2940,1.2970,61.0000,0.0190,0.0160,7.0000,1.3850,1.4320,66.0000
1789471312.1349,-0.0720,-0.0750,-17.0000,1.2940,1.3290,59.0000,0.0190,0.0020,8.0000,1.3850,1.4480,65.0000
1789471312.1850,-0.0720,-0.0560,-18.0000,1.2940,1.3140,59.0000,0.0190,0.0000,8.0000,1.3850,1.4300,66.0000
1789471312.2350,-0.0720,-0.0450,-18.0000,1.2940,1.2990,60.0000,0.0190,0.0000,8.0000,1.3850,1.4190,66.0000
1789471312.2851,-0.0720,-0.0140,-20.0000,1.2940,1.2420,63.0000,0.0190,0.0000,9.0000,1.3850,1.3420,70.0000
1789471312.3374,-0.0720,-0.0550,-18.0000,1.2940,1.2880,61.0000,0.0190,0.0080,8.0000,1.3850,1.3550,69.0000
1789471312.3870,-0.0720,-0.0770,-18.0000,1.2940,1.2930,61.0000,0.0190,0.0160,8.0000,1.3850,1.3600,69.0000
1789471312.4402,-0.0720,-0.0590,-19.0000,1.2940,1.2790,61.0000,0.0190,0.0040,9.0000,1.3850,1.4290,65.0000
1789471312.4903,-0.0720,-0.0430,-20.0000,1.2940,1.2820,61.0000,0.0190,0.0000,9.0000,1.3850,1.4140,66.0000
1789471312.5396,-0.0720,-0.0200,-21.0000,1.2940,1.2890,61.0000,0.0190,0.0040,9.0000,1.3850,1.3660,68.0000
1789471312.5898,-0.0720,-0.0360,-21.0000,1.2940,1.2760,62.0000,0.0190,0.0100,9.0000,1.3850,1.3690,68.0000
1789471312.6398,-0.0720,-0.0720,-19.0000,1.2940,1.2900,61.0000,0.0190,0.0190,9.0000,1.3850,1.3290,71.0000
1789471312.6904,-0.0720,-0.0760,-19.0000,1.2940,1.2780,62.0000,0.0190,0.0130,9.0000,1.3850,1.3910,67.0000
1789471312.7415,-0.0720,-0.0600,-20.0000,1.2940,1.2750,62.0000,0.0190,0.0340,8.0000,1.3850,1.4040,67.0000
1789471312.7899,-0.0720,-0.0500,-21.0000,1.2940,1.3060,61.0000,0.0190,0.0680,6.0000,1.3850,1.3200,72.0000
1789471312.8405,-0.0720,-0.0770,-19.0000,1.2940,1.3120,60.0000,0.0190,0.0400,7.0000,1.3850,1.4040,67.0000
1789471312.8422,-0.0720,-0.0370,-22.0000,1.2940,1.2940,61.0000,0.0190,0.0060,9.0000,1.3850,1.4010,67.0000
1789471312.9399,-0.0720,-0.0360,-22.0000,1.2940,1.2510,64.0000,0.0190,0.0050,9.0000,1.3850,1.4080,67.0000
1789471312.9905,-0.0720,-0.0780,-20.0000,1.2940,1.2930,62.0000,0.0190,0.0260,8.0000,1.3850,1.3660,69.0000
1789471313.0401,-0.0720,-0.0810,-20.0000,1.2940,1.2870,62.0000,0.0190,0.0250,8.0000,1.3850,1.3460,70.0000
1789471313.0895,-0.0720,-0.0980,-19.0000,1.2940,1.3040,61.0000,0.0190,0.0040,9.0000,1.3850,1.3980,68.0000
1789471313.1399,-0.0720,-0.0890,-19.0000,1.2940,1.3340,60.0000,0.0190,0.0010,9.0000,1.3850,1.3940,68.0000
1789471313.1424,-0.0720,-0.0740,-20.0000,1.2940,1.3190,60.0000,0.0190,0.0000,10.0000,1.3850,1.3860,68.0000
1789471313.1902,-0.0720,-0.0240,-23.0000,1.2940,1.2910,61.0000,0.0190,0.0000,10.0000,1.3850,1.4230,66.0000
1789471313.2404,-0.0720,-0.0190,-23.0000,1.2940,1.2720,63.0000,0.0190,0.0030,10.0000,1.3850,1.3040,73.0000
1789471313.3402,-0.0720,-0.1080,-18.0000,1.2940,1.2920,62.0000,0.0190,0.0170,9.0000,1.3850,1.3830,69.0000
1789471313.3897,-0.0720,-0.0700,-21.0000,1.2940,1.2920,62.0000,0.0190,0.0300,9.0000,1.3850,1.4030,68.0000
1789471313.4411,-0.0720,-0.0780,-20.0000,1.2940,1.2800,62.0000,0.0190,0.0560,7.0000,1.3850,1.4190,67.0000
1789471313.4900,-0.0720,-0.0660,-21.0000,1.2940,1.3340,59.0000,0.0190,0.0140,9.0000,1.3850,1.4010,68.0000
1789471313.5400,-0.0720,-0.0440,-22.0000,1.2940,1.3230,60.0000,0.0190,0.0320,8.0000,1.3850,1.2970,74.0000
1789471313.5898,-0.0720,-0.0400,-23.0000,1.2940,1.3090,60.0000,0.0190,0.0100,9.0000,1.3850,1.2480,77.0000
1789471313.6401,-0.0720,-0.0450,-23.0000,1.2940,1.3320,58.0000,0.0190,0.0170,9.0000,1.3850,1.4300,67.0000
1789471313.6415,-0.0720,-0.1210,-19.0000,1.2940,1.3320,58.0000,0.0190,0.0240,8.0000,1.3850,1.3640,72.0000
1789471313.7399,-0.0720,-0.0780,-21.0000,1.2940,1.3290,58.0000,0.0190,0.0150,9.0000,1.3850,1.4010,69.0000
1789471313.7412,-0.0720,-0.0120,-25.0000,1.2940,1.3000,59.0000,0.0190,0.0010,10.0000,1.3850,1.3970,70.0000
1789471313.7906,-0.0720,-0.0010,-26.0000,1.2940,1.2690,61.0000,0.0190,0.0000,10.0000,1.3850,1.3300,73.0000
1789471313.8405,-0.0720,-0.0100,-26.0000,1.2940,1.2720,61.0000,0.0190,0.0000,10.0000,1.3850,1.3220,74.0000
1789471313.8905,-0.0720,-0.0310,-25.0000,1.2940,1.2830,60.0000,0.0190,0.0000,10.0000,1.3850,1.4280,68.0000
1789471313.9407,-0.0720,-0.0340,-26.0000,1.2940,1.2720,61.0000,0.0190,0.0010,10.0000,1.3850,1.4030,70.0000
1789471313.9903,-0.0720,-0.0170,-27.0000,1.2940,1.2640,62.0000,0.0190,0.0000,11.0000,1.3850,1.4510,67.0000
1789471314.0407,-0.0720,-0.0720,-25.0000,1.2940,1.2950,60.0000,0.0190,0.0000,11.0000,1.3850,1.4170,68.0000
1789471314.0920,-0.0720,-0.1770,-19.0000,1.2940,1.2950,60.0000,0.0190,0.0000,11.0000,1.3850,1.3440,72.0000
1789471314.1401,-0.0720,-0.2380,-14.0000,1.2940,1.3280,58.0000,0.0190,0.0000,11.0000,1.3850,1.4400,67.0000
1789471314.2401,-0.0720,-0.2060,-15.0000,1.2940,1.3370,58.0000,0.0190,0.0920,6.0000,1.3850,1.3740,70.0000
1789471314.2912,-0.0720,-0.1690,-15.0000,1.2940,1.3210,58.0000,0.0190,0.1510,2.0000,1.3850,1.3130,74.0000
1789471314.3398,-0.0720,-0.0720,-19.0000,1.2940,1.3270,57.0000,0.0190,0.0910,4.0000,1.3850,1.4220,68.0000
1789471314.3907,-0.0720,-0.0490,-20.0000,1.2940,1.3100,58.0000,0.0190,0.0080,8.0000,1.3850,1.4310,68.0000
1789471314.3923,-0.0720,-0.0690,-19.0000,1.2940,1.3000,58.0000,0.0190,0.0030,8.0000,1.3850,1.2900,76.0000
1789471314.4896,-0.0720,-0.0500,-20.0000,1.2940,1.2840,59.0000,0.0190,0.0030,8.0000,1.3850,1.3890,70.0000
1789471314.5396,-0.0720,-0.0180,-22.0000,1.2940,1.2930,59.0000,0.0190,0.0030,8.0000,1.3850,1.4490,67.0000
1789471314.5897,-0.0720,-0.0750,-19.0000,1.2940,1.2770,60.0000,0.0190,0.0080,8.0000,1.3850,1.4150,68.0000
1789471314.6401,-0.0720,-0.0980,-18.0000,1.2940,1.2980,58.0000,0.0190,0.0200,8.0000,1.3850,1.4050,69.0000
1789471314.6911,-0.0720,-0.0670,-20.0000,1.2940,1.2890,59.0000,0.0190,0.0120,8.0000,1.3850,1.3910,69.0000
1789471314.6926,-0.0720,-0.0960,-18.0000,1.2940,1.3130,58.0000,0.0190,0.0150,8.0000,1.3850,1.3260,73.0000
1789471314.7897,-0.0720,-0.0600,-20.0000,1.2940,1.2740,60.0000,0.0190,0.0130,8.0000,1.3850,1.4110,68.0000
1789471314.8398,-0.0720,-0.0620,-20.0000,1.2940,1.2830,60.0000,0.0190,0.0080,9.0000,1.3850,1.4270,67.0000
1789471314.8917,-0.0720,-0.1010,-18.0000,1.2940,1.2880,59.0000,0.0190,0.0020,9.0000,1.3850,1.4250,67.0000
1789471314.8935,-0.0720,-0.0940,-18.0000,1.2940,1.2850,60.0000,0.0190,0.0090,9.0000,1.3850,1.4110,67.0000
1789471314.9399,-0.0720,-0.0670,-20.0000,1.2940,1.2920,59.0000,0.0190,0.0030,10.0000,1.3850,1.4100,67.0000
1789471314.9906,-0.0720,-0.0950,-18.0000,1.2940,1.3010,59.0000,0.0190,0.0000,10.0000,1.3850,1.3470,71.0000
1789471315.0406,-0.0720,-0.0910,-18.0000,1.2940,1.2960,59.0000,0.0190,0.0000,10.0000,1.3850,1.3850,68.0000
1789471315.0920,-0.0720,-0.0350,-21.0000,1.2940,1.2840,60.0000,0.0190,0.0050,10.0000,1.3850,1.4220,66.0000
1789471315.1401,-0.0720,-0.0640,-20.0000,1.2940,1.2750,60.0000,0.0190,0.0030,10.0000,1.3850,1.4460,65.0000
1789471315.1905,-0.0720,-0.1090,-17.0000,1.2940,1.2840,60.0000,0.0190,0.0090,10.0000,1.3850,1.3870,68.0000
1789471315.2402,-0.0720,-0.0860,-18.0000,1.2940,1.2770,61.0000,0.0190,0.0200,10.0000,1.3850,1.3960,67.0000
1789471315.2906,-0.0720,-0.0610,-20.0000,1.2940,1.2850,60.0000,0.0190,0.0670,7.0000,1.3850,1.3400,70.0000
1789471315.3903,-0.0720,-0.0860,-18.0000,1.2940,1.3270,58.0000,0.0190,0.0430,8.0000,1.3850,1.3870,68.0000
1789471315.4397,-0.0720,-0.1040,-17.0000,1.2940,1.3110,59.0000,0.0190,0.0400,8.0000,1.3850,1.3850,68.0000
1789471315.4418,-0.0720,-0.0350,-21.0000,1.2940,1.3020,59.0000,0.0190,0.0060,10.0000,1.3850,1.4650,63.0000
1789471315.4905,-0.0720,-0.0550,-20.0000,1.2940,1.2600,61.0000,0.0190,0.0010,10.0000,1.3850,1.4420,64.0000
1789471315.5403,-0.0720,-0.0850,-18.0000,1.2940,1.2840,60.0000,0.0190,0.0000,10.0000,1.3850,1.3310,70.0000
1789471315.6397,-0.0720,-0.0840,-18.0000,1.2940,1.2800,60.0000,0.0190,0.0320,8.0000,1.3850,1.2970,72.0000
1789471315.6901,-0.0720,-0.1070,-17.0000,1.2940,1.3250,58.0000,0.0190,0.0190,9.0000,1.3850,1.3760,68.0000
1789471315.7398,-0.0720,-0.1510,-14.0000,1.2940,1.3210,58.0000,0.0190,0.0370,8.0000,1.3850,1.3920,67.0000
1789471315.7899,-0.0720,-0.0460,-19.0000,1.2940,1.3090,59.0000,0.0190,0.0730,6.0000,1.3850,1.4340,65.0000
1789471315.8398,-0.0720,-0.0330,-20.0000,1.2940,1.2710,61.0000,0.0190,0.0080,9.0000,1.3850,1.4530,63.0000
1789471315.8430,-0.0720,-0.0520,-19.0000,1.2940,1.2950,59.0000,0.0190,0.0010,10.0000,1.3850,1.4410,63.0000
1789471315.8908,-0.0720,-0.1070,-16.0000,1.2940,1.2300,63.0000,0.0190,0.0010,10.0000,1.3850,1.2040,77.0000
1789471315.9901,-0.0720,-0.0590,-19.0000,1.2940,1.3200,58.0000,0.0190,0.0220,9.0000,1.3850,1.3540,68.0000
1789471316.0414,-0.0720,-0.0750,-18.0000,1.2940,1.3190,58.0000,0.0190,0.0360,8.0000,1.3850,1.3870,67.0000
1789471316.0899,-0.0720,-0.0430,-20.0000,1.2940,1.3150,58.0000,0.0190,0.0480,7.0000,1.3850,1.4350,65.0000
1789471316.1407,-0.0720,-0.0190,-21.0000,1.2940,1.2600,61.0000,0.0190,0.0050,9.0000,1.3850,1.4550,63.0000
1789471316.1417,-0.0720,-0.0820,-18.0000,1.2940,1.2500,62.0000,0.0190,0.0000,10.0000,1.3850,1.3860,67.0000
1789471316.2400,-0.0720,-0.1170,-16.0000,1.2940,1.2580,62.0000,0.0190,0.0190,9.0000,1.3850,1.3030,71.0000
1789471316.2897,-0.0720,-0.0670,-19.0000,1.2940,1.2600,63.0000,0.0190,0.0550,7.0000,1.3850,1.3470,69.0000
1789471316.3399,-0.0720,-0.1180,-16.0000,1.2940,1.3270,59.0000,0.0190,0.0830,5.0000,1.3850,1.4070,66.0000
1789471316.3901,-0.0720,-0.1390,-14.0000,1.2940,1.3320,59.0000,0.0190,0.0530,6.0000,1.3850,1.4210,65.0000
1789471316.4398,-0.0720,-0.0650,-18.0000,1.2940,1.3270,58.0000,0.0190,0.0060,8.0000,1.3850,1.4620,63.0000
1789471316.4418,-0.0720,-0.0690,-17.0000,1.2940,1.2270,64.0000,0.0190,-0.0070,9.0000,1.3850,1.4140,65.0000
1789471316.5396,-0.0720,-0.1130,-15.0000,1.2940,1.2270,64.0000,0.0190,0.0020,8.0000,1.3850,1.3330,69.0000
1789471316.5901,-0.0720,-0.0870,-16.0000,1.2940,1.2680,63.0000,0.0190,0.0300,7.0000,1.3850,1.3290,69.0000
1789471316.6405,-0.0720,-0.0920,-16.0000,1.2940,1.3340,59.0000,0.0190,0.0880,4.0000,1.3850,1.3890,66.0000
1789471316.6897,-0.0720,-0.1290,-13.0000,1.2940,1.3420,59.0000,0.0190,0.0810,4.0000,1.3850,1.3830,67.0000
1789471316.7405,-0.0720,-0.1230,-13.0000,1.2940,1.3450,58.0000,0.0190,0.0290,6.0000,1.3850,1.4650,62.0000
1789471316.7899,-0.0720,-0.0240,-18.0000,1.2940,1.2840,61.0000,0.0190,0.0120,6.0000,1.3850,1.3940,66.0000
1789471316.7912,-0.0720,-0.0830,-15.0000,1.2940,1.2430,63.0000,0.0190,-0.0040,7.0000,1.3850,1.4060,65.0000
1789471316.8406,-0.0720,-0.1040,-14.0000,1.2940,1.2370,64.0000,0.0190,0.0100,7.0000,1.3850,1.3380,69.0000
1789471316.9397,-0.0720,-0.0710,-15.0000,1.2940,1.2460,65.0000,0.0190,0.0480,5.0000,1.3850,1.4340,63.0000
1789471316.9421,-0.0720,-0.1170,-12.0000,1.2940,1.3090,62.0000,0.0190,0.1330,-1.0000,1.3850,1.3940,66.0000
1789471317.0402,-0.0720,-0.1090,-13.0000,1.2940,1.3510,59.0000,0.0190,0.0660,2.0000,1.3850,1.4140,64.0000
1789471317.0414,-0.0720,-0.0930,-13.0000,1.2940,1.3450,59.0000,0.0190,0.1220,-2.0000,1.3850,1.4350,63.0000
1789471317.0905,-0.0720,-0.0220,-17.0000,1.2940,1.2580,64.0000,0.0190,0.0850,-1.0000,1.3850,1.3940,65.0000
1789471317.1901,-0.0720,-0.0800,-14.0000,1.2940,1.2520,64.0000,0.0190,0.0150,2.0000,1.3850,1.3650,66.0000
1789471317.2399,-0.0720,-0.0950,-13.0000,1.2940,1.2730,63.0000,0.0190,0.0520,0.0000,1.3850,1.3780,65.0000
1789471317.2899,-0.0720,-0.0610,-15.0000,1.2940,1.2920,63.0000,0.0190,0.0440,0.0000,1.3850,1.4060,64.0000
1789471317.3411,-0.0720,-0.1070,-12.0000,1.2940,1.3230,61.0000,0.0190,0.0310,0.0000,1.3850,1.4230,63.0000
1789471317.3898,-0.0720,-0.0700,-14.0000,1.2940,1.2670,64.0000,0.0190,0.0030,2.0000,1.3850,1.3950,64.0000
1789471317.4399,-0.0720,-0.0490,-15.0000,1.2940,1.2540,65.0000,0.0190,0.0000,2.0000,1.3850,1.4100,63.0000
1789471317.4899,-0.0720,-0.0860,-13.0000,1.2940,1.2780,64.0000,0.0190,0.0000,2.0000,1.3850,1.4080,63.0000
1789471317.5397,-0.0720,-0.1170,-11.0000,1.2940,1.2380,67.0000,0.0190,0.0000,2.0000,1.3850,1.4100,62.0000
1789471317.5899,-0.0720,-0.1080,-11.0000,1.2940,1.2800,65.0000,0.0190,0.0000,3.0000,1.3850,1.4160,62.0000
1789471317.6404,-0.0720,-0.1150,-11.0000,1.2940,1.3330,62.0000,0.0190,0.0000,3.0000,1.3850,1.4000,62.0000
1789471317.6899,-0.0720,-0.1010,-11.0000,1.2940,1.3590,60.0000,0.0190,0.0000,3.0000,1.3850,1.4070,62.0000
1789471317.7404,-0.0720,-0.0880,-12.0000,1.2940,1.2530,66.0000,0.0190,0.0010,3.0000,1.3850,1.3910,62.0000
1789471317.7904,-0.0720,-0.0550,-13.0000,1.2940,1.2560,65.0000,0.0190,0.0000,4.0000,1.3850,1.4050,61.0000
1789471317.8402,-0.0720,-0.0990,-11.0000,1.2940,1.2520,66.0000,0.0190,0.0010,4.0000,1.3850,1.3810,62.0000
1789471317.8904,-0.0720,-0.0990,-10.0000,1.2940,1.2570,66.0000,0.0190,0.0000,4.0000,1.3850,1.3990,61.0000
1789471317.9404,-0.0720,-0.0870,-11.0000,1.2940,1.2990,64.0000,0.0190,0.0000,4.0000,1.3850,1.3760,63.0000
1789471317.9925,-0.0720,-0.0790,-11.0000,1.2940,1.3820,60.0000,0.0190,0.0000,5.0000,1.3850,1.4100,60.0000
1789471318.0401,-0.0720,-0.0880,-10.0000,1.2940,1.3630,60.0000,0.0190,0.0120,4.0000,1.3850,1.3720,63.0000
1789471318.0904,-0.0720,-0.0230,-14.0000,1.2940,1.2520,66.0000,0.0190,0.0050,5.0000,1.3850,1.4120,60.0000
1789471318.1401,-0.0720,-0.0820,-11.0000,1.2940,1.2660,65.0000,0.0190,0.0110,4.0000,1.3850,1.3740,62.0000
1789471318.1413,-0.0720,-0.1200,-9.0000,1.2940,1.2200,68.0000,0.0190,0.0010,5.0000,1.3850,1.3950,61.0000
1789471318.2403,-0.0720,-0.1000,-10.0000,1.2940,1.2780,65.0000,0.0190,0.0050,5.0000,1.3850,1.3580,63.0000
1789471318.2415,-0.0720,-0.1030,-9.0000,1.2940,1.3120,64.0000,0.0190,0.0110,5.0000,1.3850,1.4010,61.0000
1789471318.2913,-0.0720,-0.0930,-9.0000,1.2940,1.3860,59.0000,0.0190,0.0230,4.0000,1.3850,1.3750,62.0000
1789471318.3902,-0.0720,-0.0700,-10.0000,1.2940,1.3620,60.0000,0.0190,0.0750,1.0000,1.3850,1.4050,61.0000
1789471318.3915,-0.0720,-0.0930,-9.0000,1.2940,1.2590,65.0000,0.0190,0.0820,0.0000,1.3850,1.3730,63.0000
1789471318.4410,-0.0720,-0.0810,-10.0000,1.2940,1.2750,64.0000,0.0190,0.0120,4.0000,1.3850,1.4030,61.0000
1789471318.5407,-0.0720,-0.0570,-11.0000,1.2940,1.2310,67.0000,0.0190,0.0010,4.0000,1.3850,1.3670,63.0000
1789471318.5924,-0.0720,-0.0800,-10.0000,1.2940,1.2960,63.0000,0.0190,0.0000,5.0000,1.3850,1.3880,62.0000
1789471318.6421,-0.0720,-0.0740,-10.0000,1.2940,1.3170,62.0000,0.0190,0.0010,5.0000,1.3850,1.3360,65.0000
1789471318.6439,-0.0720,-0.0600,-11.0000,1.2940,1.2150,68.0000,0.0190,0.0000,5.0000,1.3850,1.3680,63.0000
1789471318.7407,-0.0720,-0.0680,-10.0000,1.2940,1.2600,66.0000,0.0190,0.0000,5.0000,1.3850,1.3830,63.0000
1789471318.7911,-0.0720,-0.0650,-11.0000,1.2940,1.2520,67.0000,0.0190,0.0000,5.0000,1.3850,1.3540,65.0000
1789471318.7938,-0.0720,-0.0600,-11.0000,1.2940,1.2760,66.0000,0.0190,0.0000,6.0000,1.3850,1.3980,62.0000
1789471318.8906,-0.0720,-0.0680,-10.0000,1.2940,1.3090,65.0000,0.0190,0.0000,6.0000,1.3850,1.4130,61.0000
1789471318.9404,-0.0720,-0.0640,-11.0000,1.2940,1.3390,63.0000,0.0190,0.0090,6.0000,1.3850,1.3860,63.0000
1789471318.9417,-0.0720,-0.0940,-9.0000,1.2940,1.3710,61.0000,0.0190,0.0120,6.0000,1.3850,1.4060,61.0000
1789471318.9910,-0.0720,-0.0860,-9.0000,1.2940,1.3290,62.0000,0.0190,0.0350,4.0000,1.3850,1.3930,62.0000
1789471319.0910,-0.0720,-0.0660,-11.0000,1.2940,1.2470,66.0000,0.0190,0.0680,2.0000,1.3850,1.3890,62.0000
1789471319.0949,-0.0720,-0.0620,-11.0000,1.2940,1.2810,65.0000,0.0190,0.0400,4.0000,1.3850,1.3810,62.0000
1789471319.1907,-0.0720,-0.0560,-11.0000,1.2940,1.2750,65.0000,0.0190,0.0210,4.0000,1.3850,1.3810,63.0000
1789471319.2404,-0.0720,-0.0820,-10.0000,1.2940,1.3330,62.0000,0.0190,0.0060,5.0000,1.3850,1.3780,63.0000
1789471319.2909,-0.0720,-0.0820,-10.0000,1.2940,1.3490,61.0000,0.0190,0.0140,5.0000,1.3850,1.3770,63.0000
1789471319.2922,-0.0720,-0.0600,-11.0000,1.2940,1.3600,60.0000,0.0190,0.0170,5.0000,1.3850,1.4020,61.0000
1789471319.3905,-0.0720,-0.0780,-10.0000,1.2940,1.2770,64.0000,0.0190,0.0040,5.0000,1.3850,1.3850,62.0000
1789471319.4406,-0.0720,-0.0700,-10.0000,1.2940,1.2630,65.0000,0.0190,0.0040,5.0000,1.3850,1.3920,62.0000
1789471319.4907,-0.0720,-0.0600,-11.0000,1.2940,1.2910,63.0000,0.0190,0.0030,6.0000,1.3850,1.3460,64.0000
1789471319.4920,-0.0720,-0.0900,-9.0000,1.2940,1.2720,65.0000,0.0190,0.0040,6.0000,1.3850,1.3550,64.0000
1789471319.5909,-0.0720,-0.0620,-11.0000,1.2940,1.3070,63.0000,0.0190,0.0030,6.0000,1.3850,1.3660,64.0000
1789471319.5922,-0.0720,-0.0550,-11.0000,1.2940,1.3070,63.0000,0.0190,0.0040,6.0000,1.3850,1.4060,62.0000
1789471319.6905,-0.0720,-0.0760,-10.0000,1.2940,1.2760,64.0000,0.0190,0.0000,7.0000,1.3850,1.3860,63.0000
1789471319.7405,-0.0720,-0.0330,-13.0000,1.2940,1.3060,63.0000,0.0190,0.0010,7.0000,1.3850,1.4060,62.0000
1789471319.7906,-0.0720,-0.0660,-11.0000,1.2940,1.2780,64.0000,0.0190,0.0040,7.0000,1.3850,1.3800,63.0000
1789471319.8407,-0.0720,-0.0550,-12.0000,1.2940,1.2820,64.0000,0.0190,0.0060,7.0000,1.3850,1.4010,62.0000
1789471319.8909,-0.0720,-0.0850,-10.0000,1.2940,1.2950,63.0000,0.0190,0.0180,6.0000,1.3850,1.3560,64.0000
1789471319.8921,-0.0720,-0.0760,-11.0000,1.2940,1.3140,62.0000,0.0190,0.1000,2.0000,1.3850,1.3950,62.0000
1789471319.9909,-0.0720,-0.0700,-11.0000,1.2940,1.3360,61.0000,0.0190,0.1190,0.0000,1.3850,1.3650,64.0000
1789471319.9922,-0.0720,-0.0380,-13.0000,1.2940,1.2870,63.0000,0.0190,0.0540,3.0000,1.3850,1.4120,61.0000
1789471320.0907,-0.0720,-0.0590,-12.0000,1.2940,1.2910,63.0000,0.0190,0.0540,2.0000,1.3850,1.3550,64.0000
1789471320.1416,-0.0720,-0.1010,-10.0000,1.2940,1.2660,64.0000,0.0190,0.0220,4.0000,1.3850,1.3780,63.0000
1789471320.1918,-0.0720,-0.0820,-11.0000,1.2940,1.3010,62.0000,0.0190,0.0340,3.0000,1.3850,1.3760,63.0000
1789471320.1929,-0.0720,-0.0820,-11.0000,1.2940,1.3490,60.0000,0.0190,0.0520,1.0000,1.3850,1.3930,63.0000
1789471320.2920,-0.0720,-0.0780,-11.0000,1.2940,1.3620,59.0000,0.0190,0.0710,0.0000,1.3850,1.3940,62.0000
1789471320.2933,-0.0720,-0.0460,-13.0000,1.2940,1.2660,64.0000,0.0190,0.0950,-2.0000,1.3850,1.3940,62.0000
1789471320.3919,-0.0720,-0.0490,-12.0000,1.2940,1.2880,62.0000,0.0190,0.0130,2.0000,1.3850,1.3650,64.0000
1789471320.3933,-0.0720,-0.0930,-10.0000,1.2940,1.2660,63.0000,0.0190,0.0120,2.0000,1.3850,1.3790,63.0000
1789471320.4912,-0.0720,-0.0800,-11.0000,1.2940,1.2780,63.0000,0.0190,0.0030,2.0000,1.3850,1.3430,66.0000
1789471320.5411,-0.0720,-0.0680,-12.0000,1.2940,1.3060,62.0000,0.0190,0.0020,2.0000,1.3850,1.3900,63.0000
1789471320.5911,-0.0720,-0.0990,-10.0000,1.2940,1.3510,59.0000,0.0190,0.0210,1.0000,1.3850,1.3980,63.0000
1789471320.6412,-0.0720,-0.0700,-11.0000,1.2940,1.3040,61.0000,0.0190,0.0020,3.0000,1.3850,1.4240,61.0000
1789471320.6428,-0.0720,-0.0180,-14.0000,1.2940,1.2570,64.0000,0.0190,-0.0020,3.0000,1.3850,1.3950,63.0000
1789471320.6919,-0.0720,-0.0620,-12.0000,1.2940,1.2610,64.0000,0.0190,-0.0000,3.0000,1.3850,1.3900,63.0000
1789471320.7419,-0.0720,-0.0870,-11.0000,1.2940,1.2400,66.0000,0.0190,-0.0000,3.0000,1.3850,1.3400,66.0000
1789471320.8441,-0.0720,-0.0750,-12.0000,1.2940,1.3100,62.0000,0.0190,0.0040,3.0000,1.3850,1.3870,63.0000
1789471320.8448,-0.0720,-0.0800,-11.0000,1.2940,1.3260,61.0000,0.0190,0.0010,4.0000,1.3850,1.3870,64.0000
1789471320.9446,-0.0720,-0.0880,-11.0000,1.2940,1.2850,64.0000,0.0190,0.0000,4.0000,1.3850,1.4050,62.0000
1789471320.9462,-0.0720,-0.0690,-12.0000,1.2940,1.2410,66.0000,0.0190,0.0000,4.0000,1.3850,1.3840,64.0000
1789471321.0412,-0.0720,-0.0480,-13.0000,1.2940,1.2120,68.0000,0.0190,0.0000,5.0000,1.3850,1.3990,63.0000
1789471321.0919,-0.0720,-0.0870,-11.0000,1.2940,1.2610,66.0000,0.0190,0.0000,5.0000,1.3850,1.3730,64.0000
1789471321.1413,-0.0720,-0.0830,-11.0000,1.2940,1.2740,66.0000,0.0190,0.0080,5.0000,1.3850,1.4070,62.0000
1789471321.1919,-0.0720,-0.0880,-11.0000,1.2940,1.3030,65.0000,0.0190,0.0130,4.0000,1.3850,1.4080,62.0000
1789471321.2422,-0.0720,-0.0730,-11.0000,1.2940,1.3880,60.0000,0.0190,0.0310,3.0000,1.3850,1.3950,62.0000
1789471321.2435,-0.0720,-0.0960,-10.0000,1.2940,1.3510,61.0000,0.0190,0.1000,-1.0000,1.3850,1.4000,62.0000
1789471321.3460,-0.0720,-0.0770,-11.0000,1.2940,1.2450,67.0000,0.0190,0.0560,1.0000,1.3850,1.3830,63.0000
1789471321.3922,-0.0720,-0.0660,-11.0000,1.2940,1.2510,67.0000,0.0190,0.0050,4.0000,1.3850,1.3740,63.0000
1789471321.3935,-0.0720,-0.0950,-9.0000,1.2940,1.2550,67.0000,0.0190,0.0000,4.0000,1.3850,1.3890,62.0000
1789471321.4935,-0.0720,-0.0720,-11.0000,1.2940,1.3170,64.0000,0.0190,0.0000,4.0000,1.3850,1.4010,61.0000
1789471321.5429,-0.0720,-0.0550,-12.0000,1.2940,1.3220,64.0000,0.0190,0.0000,4.0000,1.3850,1.3800,63.0000
1789471321.5445,-0.0720,-0.1370,-7.0000,1.2940,1.3890,59.0000,0.0190,0.0100,4.0000,1.3850,1.4000,61.0000
1789471321.6423,-0.0720,-0.0680,-11.0000,1.2940,1.2550,67.0000,0.0190,0.0010,5.0000,1.3850,1.3760,63.0000
1789471321.6922,-0.0720,-0.0800,-10.0000,1.2940,1.2170,69.0000,0.0190,0.0000,5.0000,1.3850,1.4000,61.0000
1789471321.7423,-0.0720,-0.0510,-11.0000,1.2940,1.2350,68.0000,0.0190,0.0000,5.0000,1.3850,1.3760,63.0000
1789471321.7440,-0.0720,-0.0830,-9.0000,1.2940,1.2370,69.0000,0.0190,0.0040,5.0000,1.3850,1.4050,61.0000
1789471321.7930,-0.0720,-0.0880,-9.0000,1.2940,1.3360,64.0000,0.0190,0.0060,5.0000,1.3850,1.3780,62.0000
1789471321.8922,-0.0720,-0.0670,-10.0000,1.2940,1.4030,60.0000,0.0190,0.0050,5.0000,1.3850,1.3950,61.0000
1789471321.8934,-0.0720,-0.1080,-8.0000,1.2940,1.3830,60.0000,0.0190,0.0040,6.0000,1.3850,1.3650,63.0000
1789471321.9430,-0.0720,-0.1000,-8.0000,1.2940,1.3300,62.0000,0.0190,0.0580,3.0000,1.3850,1.3870,62.0000
1789471322.0422,-0.0720,-0.0570,-10.0000,1.2940,1.2710,65.0000,0.0190,0.0390,4.0000,1.3850,1.3670,63.0000
1789471322.0925,-0.0720,-0.0450,-11.0000,1.2940,1.2880,64.0000,0.0190,0.0510,3.0000,1.3850,1.3980,61.0000
1789471322.0940,-0.0720,-0.0860,-8.0000,1.2940,1.2860,64.0000,0.0190,0.0090,5.0000,1.3850,1.3750,63.0000
1789471322.1923,-0.0720,-0.0640,-10.0000,1.2940,1.3010,64.0000,0.0190,0.0020,5.0000,1.3850,1.4100,61.0000
1789471322.2422,-0.0720,-0.0480,-11.0000,1.2940,1.3030,64.0000,0.0190,0.0050,5.0000,1.3850,1.3810,62.0000
1789471322.2927,-0.0720,-0.0660,-10.0000,1.2940,1.2420,67.0000,0.0190,0.0070,5.0000,1.3850,1.4060,61.0000
1789471322.3424,-0.0720,-0.0570,-11.0000,1.2940,1.2720,66.0000,0.0190,0.0030,5.0000,1.3850,1.3610,63.0000
1789471322.3442,-0.0720,-0.0850,-9.0000,1.2940,1.3280,63.0000,0.0190,0.0010,6.0000,1.3850,1.3530,64.0000
1789471322.4424,-0.0720,-0.0520,-11.0000,1.2940,1.3180,63.0000,0.0190,0.0000,6.0000,1.3850,1.3350,65.0000
1789471322.4441,-0.0720,-0.1020,-8.0000,1.2940,1.3420,62.0000,0.0190,0.0000,6.0000,1.3850,1.3750,64.0000
1789471322.4929,-0.0720,-0.0910,-9.0000,1.2940,1.3400,61.0000,0.0190,0.0150,5.0000,1.3850,1.3810,64.0000
1789471322.5922,-0.0720,-0.0430,-11.0000,1.2940,1.2490,66.0000,0.0190,0.0150,6.0000,1.3850,1.4050,62.0000
1789471322.5935,-0.0720,-0.0760,-9.0000,1.2940,1.2460,66.0000,0.0190,0.0020,6.0000,1.3850,1.4010,62.0000
1789471322.6922,-0.0720,-0.0400,-12.0000,1.2940,1.2750,65.0000,0.0190,0.0060,6.0000,1.3850,1.4060,62.0000
1789471322.7423,-0.0720,-0.0720,-10.0000,1.2940,1.2620,66.0000,0.0190,0.0010,7.0000,1.3850,1.3890,63.0000
1789471322.7922,-0.0720,-0.0560,-11.0000,1.2940,1.2650,66.0000,0.0190,0.0000,7.0000,1.3850,1.3990,62.0000
1789471322.8423,-0.0720,-0.0720,-10.0000,1.2940,1.3280,63.0000,0.0190,0.0010,7.0000,1.3850,1.3940,62.0000
1789471322.8922,-0.0720,-0.0700,-11.0000,1.2940,1.3210,63.0000,0.0190,0.0420,5.0000,1.3850,1.3980,62.0000
1789471322.9424,-0.0720,-0.0230,-13.0000,1.2940,1.2800,65.0000,0.0190,0.0740,3.0000,1.3850,1.3950,62.0000
1789471322.9922,-0.0720,-0.0300,-13.0000,1.2940,1.2750,66.0000,0.0190,0.0330,5.0000,1.3850,1.3960,62.0000
1789471323.0422,-0.0720,-0.0770,-11.0000,1.2940,1.2430,68.0000,0.0190,0.0040,6.0000,1.3850,1.3910,62.0000
1789471323.0921,-0.0720,-0.0760,-11.0000,1.2940,1.2570,67.0000,0.0190,0.0000,7.0000,1.3850,1.3890,62.0000
1789471323.1424,-0.0720,-0.0660,-12.0000,1.2940,1.3380,63.0000,0.0190,0.0290,5.0000,1.3850,1.3990,61.0000
1789471323.1929,-0.0720,-0.0890,-11.0000,1.2940,1.3300,63.0000,0.0190,0.0370,5.0000,1.3850,1.3790,62.0000
1789471323.1942,-0.0720,-0.0820,-11.0000,1.2940,1.3730,61.0000,0.0190,0.0890,1.0000,1.3850,1.3870,62.0000
1789471323.2934,-0.0720,-0.0440,-13.0000,1.2940,1.2960,64.0000,0.0190,0.0960,0.0000,1.3850,1.3740,62.0000
1789471323.3440,-0.0720,-0.0530,-13.0000,1.2940,1.3000,64.0000,0.0190,0.0070,5.0000,1.3850,1.3890,62.0000
1789471323.3940,-0.0720,-0.0570,-13.0000,1.2940,1.2690,65.0000,0.0190,0.0030,5.0000,1.3850,1.3610,63.0000
1789471323.3953,-0.0720,-0.0900,-11.0000,1.2940,1.2700,66.0000,0.0190,0.0060,5.0000,1.3850,1.3750,62.0000
1789471323.4937,-0.0720,-0.0750,-12.0000,1.2940,1.3080,64.0000,0.0190,0.0010,5.0000,1.3850,1.3330,65.0000
1789471323.5441,-0.0720,-0.0790,-11.0000,1.2940,1.3020,64.0000,0.0190,0.0000,5.0000,1.3850,1.3560,64.0000
1789471323.5940,-0.0720,-0.0620,-12.0000,1.2940,1.2490,67.0000,0.0190,0.0000,5.0000,1.3850,1.3590,64.0000
1789471323.5953,-0.0720,-0.0580,-12.0000,1.2940,1.2790,65.0000,0.0190,0.0000,6.0000,1.3850,1.3630,65.0000
1789471323.6442,-0.0720,-0.0810,-11.0000,1.2940,1.2860,65.0000,0.0190,0.0000,6.0000,1.3850,1.3510,66.0000
1789471323.7443,-0.0720,-0.0950,-10.0000,1.2940,1.3040,64.0000,0.0190,0.0000,6.0000,1.3850,1.3640,65.0000
1789471323.7940,-0.0720,-0.0950,-10.0000,1.2940,1.3050,64.0000,0.0190,0.0030,6.0000,1.3850,1.3330,67.0000
1789471323.7953,-0.0720,-0.0590,-12.0000,1.2940,1.3450,62.0000,0.0190,0.0210,5.0000,1.3850,1.3570,66.0000
1789471323.8940,-0.0720,-0.0600,-12.0000,1.2940,1.3010,64.0000,0.0190,0.0380,4.0000,1.3850,1.3660,66.0000
1789471323.8954,-0.0720,-0.0400,-13.0000,1.2940,1.2820,65.0000,0.0190,0.0500,4.0000,1.3850,1.3710,66.0000
1789471323.9941,-0.0720,-0.0880,-11.0000,1.2940,1.3000,64.0000,0.0190,0.0070,6.0000,1.3850,1.3680,67.0000
1789471323.9953,-0.0720,-0.0840,-11.0000,1.2940,1.2930,64.0000,0.0190,0.0020,6.0000,1.3850,1.3920,65.0000
1789471324.0933,-0.0720,-0.0510,-13.0000,1.2940,1.2910,64.0000,0.0190,0.0000,6.0000,1.3850,1.3890,65.0000
1789471324.1441,-0.0720,-0.0890,-11.0000,1.2940,1.3170,63.0000,0.0190,0.0060,6.0000,1.3850,1.3840,66.0000
1789471324.1941,-0.0720,-0.0990,-10.0000,1.2940,1.3330,62.0000,0.0190,0.0210,6.0000,1.3850,1.3490,68.0000
1789471324.1954,-0.0720,-0.0820,-11.0000,1.2940,1.3240,62.0000,0.0190,0.0050,7.0000,1.3850,1.3970,65.0000
1789471324.2940,-0.0720,-0.0490,-13.0000,1.2940,1.2710,65.0000,0.0190,0.0000,7.0000,1.3850,1.4140,64.0000
1789471324.2954,-0.0720,-0.0940,-10.0000,1.2940,1.2930,64.0000,0.0190,0.0000,7.0000,1.3850,1.4240,64.0000
1789471324.3445,0.0000,-0.1470,0.0000,0.9340,1.2090,37.0000,0.0000,-0.0160,0.0000,1.0250,1.2890,40.0000
1789471324.3940,0.0000,0.0230,0.0000,0.3340,0.6400,12.0000,0.0000,0.0060,0.0000,0.4250,0.7810,11.0000
1789471324.4939,0.0000,0.0110,0.0000,0.0000,0.0990,0.0000,0.0000,0.0440,0.0000,0.0000,0.1950,0.0000
1789471324.4951,0.0000,-0.0040,0.0000,0.0000,0.0080,0.0000,0.0000,0.0190,0.0000,0.0000,0.0100,0.0000
1789471324.5444,0.0000,-0.0010,0.0000,0.0000,-0.0010,0.0000,0.0000,-0.0170,0.0000,0.0000,-0.0290,0.0000
1789471324.5940,0.0000,-0.0060,0.0000,0.0000,-0.0030,0.0000,0.0000,-0.0020,0.0000,0.0000,-0.1000,0.0000
1789471324.6445,0.0000,-0.0110,0.0000,0.0000,-0.0010,0.0000,0.0000,-0.0000,0.0000,0.0000,-0.0900,0.0000
1789471324.6940,0.0000,-0.0010,0.0000,0.0000,-0.0110,0.0000,0.0000,-0.0000,0.0000,0.0000,-0.0350,0.0000
1789471324.7439,0.0000,0.0010,0.0000,0.0000,-0.0010,0.0000,0.0000,-0.0000,0.0000,0.0000,-0.0030,0.0000
1789471324.7940,0.0000,-0.0000,0.0000,0.0000,-0.0010,0.0000,0.0000,-0.0000,0.0000,0.0000,-0.0000,0.0000
1789471324.8440,0.0000,0.0000,0.0000,0.0000,-0.0000,0.0000,0.0000,-0.0000,0.0000,0.0000,-0.0000,0.0000
1789471324.8940,0.0000,0.0000,0.0000,0.0000,-0.0000,0.0000,0.0000,-0.0000,0.0000,0.0000,-0.0000,0.0000
1789471324.9445,0.0000,0.0000,0.0000,0.0000,-0.0000,0.0000,0.0000,-0.0000,0.0000,0.0000,-0.0000,0.0000
1789471324.9939,0.0000,0.0000,0.0000,0.0000,-0.0000,0.0000,0.0000,-0.0000,0.0000,0.0000,-0.0000,0.0000
1789471325.0444,0.0000,0.0000,0.0000,0.0000,-0.0000,0.0000,0.0000,-0.0000,0.0000,0.0000,-0.0000,0.0000
1789471325.0940,0.0000,0.0000,0.0000,0.0000,-0.0000,0.0000,0.0000,-0.0000,0.0000,0.0000,-0.0000,0.0000
1789471325.1444,0.0000,0.0000,0.0000,0.0000,-0.0000,0.0000,0.0000,-0.0000,0.0000,0.0000,-0.0000,0.0000
1789471325.1939,0.0000,0.0000,0.0000,0.0000,-0.0000,0.0000,0.0000,-0.0000,0.0000,0.0000,-0.0000,0.0000
1789471325.2445,0.0000,0.0000,0.0000,0.0000,-0.0000,0.0000,0.0000,-0.0000,0.0000,0.0000,-0.0000,0.0000
1789471325.2939,0.0000,0.0000,0.0000,0.0000,-0.0000,0.0000,0.0000,-0.0000,0.0000,0.0000,-0.0000,0.0000
1789471325.3445,0.0000,0.0000,0.0000,0.0000,-0.0000,0.0000,0.0000,-0.0000,0.0000,0.0000,-0.0000,0.0000
1789471325.3940,0.0000,0.0000,0.0000,0.0000,-0.0000,0.0000,0.0000,-0.0000,0.0000,0.0000,-0.0000,0.0000
1789471325.4444,0.0000,0.0000,0.0000,0.0000,-0.0000,0.0000,0.0000,-0.0000,0.0000,0.0000,-0.0000,0.0000
1789471325.4940,0.0000,0.0000,0.0000,0.0000,-0.0000,0.0000,0.0000,-0.0000,0.0000,0.0000,-0.0000,0.0000
1789471325.5444,0.0000,0.0000,0.0000,0.0000,-0.0000,0.0000,0.0000,-0.0000,0.0000,0.0000,-0.0000,0.0000
1789471325.5939,0.0000,0.0000,0.0000,0.0000,-0.0000,0.0000,0.0000,-0.0000,0.0000,0.0000,-0.0000,0.0000
1789471325.6440,0.0000,0.0000,0.0000,0.0000,-0.0000,0.0000,0.0000,-0.0000,0.0000,0.0000,-0.0000,0.0000
1789471325.6940,0.0000,0.0000,0.0000,0.0000,-0.0000,0.0000,0.0000,-0.0000,0.0000,0.0000,-0.0000,0.0000
1789471325.7445,0.0000,0.0000,0.0000,0.0000,-0.0000,0.0000,0.0000,-0.0000,0.0000,0.0000,-0.0000,0.0000
1789471325.7940,0.0000,0.0000,0.0000,0.0000,-0.0000,0.0000,0.0000,-0.0000,0.0000,0.0000,-0.0000,0.0000
1789471325.8444,0.0000,0.0000,0.0000,0.0000,-0.0000,0.0000,0.0000,-0.0000,0.0000,0.0000,-0.0000,0.0000
1789471325.8940,0.0000,0.0000,0.0000,0.0000,-0.0000,0.0000,0.0000,-0.0000,0.0000,0.0000,-0.0000,0.0000
1789471325.9444,0.0000,0.0000,0.0000,0.0000,-0.0000,0.0000,0.0000,-0.0000,0.0000,0.0000,-0.0000,0.0000
1789471325.9940,0.0000,0.0000,0.0000,0.0000,-0.0000,0.0000,0.0000,-0.0000,0.0000,0.0000,-0.0000,0.0000
1789471326.0445,0.0000,0.0000,0.0000,0.0000,-0.0000,0.0000,0.0000,-0.0000,0.0000,0.0000,-0.0000,0.0000
1789471326.0939,0.0000,0.0000,0.0000,0.0000,-0.0000,0.0000,0.0000,-0.0000,0.0000,0.0000,-0.0000,0.0000
1789471326.1445,0.0000,0.0000,0.0000,0.0000,-0.0000,0.0000,0.0000,-0.0000,0.0000,0.0000,-0.0000,0.0000
1789471326.1940,0.0000,0.0000,0.0000,0.0000,-0.0000,0.0000,0.0000,-0.0000,0.0000,0.0000,-0.0000,0.0000
1789471326.2445,0.0000,0.0000,0.0000,0.0000,-0.0000,0.0000,0.0000,-0.0000,0.0000,0.0000,-0.0000,0.0000
1789471326.2940,0.0000,0.0000,0.0000,0.0000,-0.0000,0.0000,0.0000,-0.0000,0.0000,0.0000,-0.0000,0.0000
1789471326.3445,0.0000,0.0000,0.0000,0.0000,-0.0000,0.0000,0.0000,-0.0000,0.0000,0.0000,-0.0000,0.0000
1789471326.3940,0.0000,0.0000,0.0000,0.0000,-0.0000,0.0000,0.0000,-0.0000,0.0000,0.0000,-0.0000,0.0000
1789471326.4445,0.0000,0.0000,0.0000,0.0000,-0.0000,0.0000,0.0000,-0.0000,0.0000,0.0000,-0.0000,0.0000
1789471326.4941,0.0000,0.0000,0.0000,0.0000,-0.0000,0.0000,0.0000,-0.0000,0.0000,0.0000,-0.0000,0.0000
1789471326.5445,0.0000,0.0000,0.0000,0.0000,-0.0000,0.0000,0.0000,-0.0000,0.0000,0.0000,-0.0000,0.0000
1789471326.5939,0.0000,0.0000,0.0000,0.0000,-0.0000,0.0000,0.0000,-0.0000,0.0000,0.0000,-0.0000,0.0000
1789471326.6444,0.0000,0.0000,0.0000,0.0000,-0.0000,0.0000,0.0000,-0.0000,0.0000,0.0000,-0.0000,0.0000
1789471326.6940,0.0000,0.0000,0.0000,0.0000,-0.0000,0.0000,0.0000,-0.0000,0.0000,0.0000,-0.0000,0.0000
1789471326.7445,0.0000,0.0000,0.0000,0.0000,-0.0000,0.0000,0.0000,-0.0000,0.0000,0.0000,-0.0000,0.0000
1789471326.7940,0.0000,0.0000,0.0000,0.0000,-0.0000,0.0000,0.0000,-0.0000,0.0000,0.0000,-0.0000,0.0000
1789471326.8441,0.0000,0.0000,0.0000,0.0000,-0.0000,0.0000,0.0000,-0.0000,0.0000,0.0000,-0.0000,0.0000
1789471326.8941,0.0000,0.0000,0.0000,0.0000,-0.0000,0.0000,0.0000,-0.0000,0.0000,0.0000,-0.0000,0.0000
1789471326.9445,0.0000,0.0000,0.0000,0.0000,-0.0000,0.0000,0.0000,-0.0000,0.0000,0.0000,-0.0000,0.0000
1789471326.9941,0.0000,0.0000,0.0000,0.0000,-0.0000,0.0000,0.0000,-0.0000,0.0000,0.0000,-0.0000,0.0000
1789471327.0443,0.0000,0.0000,0.0000,0.0000,-0.0000,0.0000,0.0000,-0.0000,0.0000,0.0000,-0.0000,0.0000
1789471327.0939,0.0000,0.0000,0.0000,0.0000,-0.0000,0.0000,0.0000,-0.0000,0.0000,0.0000,-0.0000,0.0000
1789471327.1444,0.0000,0.0000,0.0000,0.0000,-0.0000,0.0000,0.0000,-0.0000,0.0000,0.0000,-0.0000,0.0000
1789471327.1941,0.0000,0.0000,0.0000,0.0000,-0.0000,0.0000,0.0000,-0.0000,0.0000,0.0000,-0.0000,0.0000
1789471327.2444,0.0000,0.0000,0.0000,0.0000,-0.0000,0.0000,0.0000,-0.0000,0.0000,0.0000,-0.0000,0.0000
1789471327.2948,0.0000,0.0000,0.0000,0.0000,-0.0000,0.0000,0.0000,-0.0000,0.0000,0.0000,-0.0000,0.0000
1789471327.3445,0.0000,0.0000,0.0000,0.0000,-0.0000,0.0000,0.0000,-0.0000,0.0000,0.0000,-0.0000,0.0000
1789471327.3941,0.0000,0.0000,0.0000,0.0000,-0.0000,0.0000,0.0000,-0.0000,0.0000,0.0000,-0.0000,0.0000
1789471327.4444,0.0000,0.0000,0.0000,0.0000,-0.0000,0.0000,0.0000,-0.0000,0.0000,0.0000,-0.0000,0.0000
1789471327.4941,0.0000,0.0000,0.0000,0.0000,-0.0000,0.0000,0.0000,-0.0000,0.0000,0.0000,-0.0000,0.0000
1789471327.5445,0.0000,0.0000,0.0000,0.0000,-0.0000,0.0000,0.0000,-0.0000,0.0000,0.0000,-0.0000,0.0000
1789471327.5941,0.0000,0.0000,0.0000,0.0000,-0.0000,0.0000,0.0000,-0.0000,0.0000,0.0000,-0.0000,0.0000
1789471327.6444,0.0000,0.0000,0.0000,0.0000,-0.0000,0.0000,0.0000,-0.0000,0.0000,0.0000,-0.0000,0.0000
1789471327.6940,0.0000,0.0000,0.0000,0.0000,-0.0000,0.0000,0.0000,-0.0000,0.0000,0.0000,-0.0000,0.0000
1789471327.7446,0.0000,0.0000,0.0000,0.0000,-0.0000,0.0000,0.0000,-0.0000,0.0000,0.0000,-0.0000,0.0000
1789471327.7941,0.0000,0.0000,0.0000,0.0000,-0.0000,0.0000,0.0000,-0.0000,0.0000,0.0000,-0.0000,0.0000
1789471327.8444,0.0000,0.0000,0.0000,0.0000,-0.0000,0.0000,0.0000,-0.0000,0.0000,0.0000,-0.0000,0.0000
1789471327.8942,0.0000,0.0000,0.0000,0.0000,-0.0000,0.0000,0.0000,-0.0000,0.0000,0.0000,-0.0000,0.0000
1789471327.9445,0.0000,0.0000,0.0000,0.0000,-0.0000,0.0000,0.0000,-0.0000,0.0000,0.0000,-0.0000,0.0000
1789471327.9940,0.0000,0.0000,0.0000,0.0000,-0.0000,0.0000,0.0000,-0.0000,0.0000,0.0000,-0.0000,0.0000
1789471328.0445,0.0000,0.0000,0.0000,0.0000,-0.0000,0.0000,0.0000,-0.0000,0.0000,0.0000,-0.0000,0.0000
1789471328.0940,0.0000,0.0000,0.0000,0.0000,-0.0000,0.0000,0.0000,-0.0000,0.0000,0.0000,-0.0000,0.0000
1789471328.1444,0.0000,0.0000,0.0000,0.0000,-0.0000,0.0000,0.0000,-0.0000,0.0000,0.0000,-0.0000,0.0000
1789471328.1942,0.0000,0.0000,0.0000,0.0000,-0.0000,0.0000,0.0000,-0.0000,0.0000,0.0000,-0.0000,0.0000
1789471328.2446,0.0000,0.0000,0.0000,0.0000,-0.0000,0.0000,0.0000,-0.0000,0.0000,0.0000,-0.0000,0.0000
1789471328.2941,0.0000,0.0000,0.0000,0.0000,-0.0000,0.0000,0.0000,-0.0000,0.0000,0.0000,-0.0000,0.0000
1789471328.3445,0.0000,0.0000,0.0000,0.0000,-0.0000,0.0000,0.0000,-0.0000,0.0000,0.0000,-0.0000,0.0000
1789471328.3941,0.0000,0.0000,0.0000,0.0000,-0.0000,0.0000,0.0000,-0.0000,0.0000,0.0000,-0.0000,0.0000
1789471328.4444,0.0000,0.0000,0.0000,0.0000,-0.0000,0.0000,0.0000,-0.0000,0.0000,0.0000,-0.0000,0.0000
1789471328.4941,0.0000,0.0000,0.0000,0.0000,-0.0000,0.0000,0.0000,-0.0000,0.0000,0.0000,-0.0000,0.0000
1789471328.5445,0.0000,0.0000,0.0000,0.0000,-0.0000,0.0000,0.0000,-0.0000,0.0000,0.0000,-0.0000,0.0000
1789471328.5941,0.0000,0.0000,0.0000,0.0000,-0.0000,0.0000,0.0000,-0.0000,0.0000,0.0000,-0.0000,0.0000
1789471328.6446,0.0000,0.0000,0.0000,0.0000,-0.0000,0.0000,0.0000,-0.0000,0.0000,0.0000,-0.0000,0.0000
1789471328.6940,0.0000,0.0000,0.0000,0.0000,-0.0000,0.0000,0.0000,-0.0000,0.0000,0.0000,-0.0000,0.0000
1789471328.7445,0.0000,0.0000,0.0000,0.0000,-0.0000,0.0000,0.0000,-0.0000,0.0000,0.0000,-0.0000,0.0000
1789471328.7941,0.0000,0.0000,0.0000,0.0000,-0.0000,0.0000,0.0000,-0.0000,0.0000,0.0000,-0.0000,0.0000
1789471328.8440,0.0000,0.0000,0.0000,0.0000,-0.0000,0.0000,0.0000,-0.0000,0.0000,0.0000,-0.0000,0.0000
1789471328.8941,0.0000,0.0000,0.0000,0.0000,-0.0000,0.0000,0.0000,-0.0000,0.0000,0.0000,-0.0000,0.0000
1789471328.9446,0.0000,0.0000,0.0000,0.0000,-0.0000,0.0000,0.0000,-0.0000,0.0000,0.0000,-0.0000,0.0000
1789471328.9942,0.0000,0.0000,0.0000,0.0000,-0.0000,0.0000,0.0000,-0.0000,0.0000,0.0000,-0.0000,0.0000
1789471329.0443,0.0000,0.0000,0.0000,0.0000,-0.0000,0.0000,0.0000,-0.0000,0.0000,0.0000,-0.0000,0.0000
1789471329.0941,0.0000,0.0000,0.0000,0.0000,-0.0000,0.0000,0.0000,-0.0000,0.0000,0.0000,-0.0000,0.0000
1789471329.1444,0.0000,0.0000,0.0000,0.0000,-0.0000,0.0000,0.0000,-0.0000,0.0000,0.0000,-0.0000,0.0000
1789471329.1941,0.0000,0.0000,0.0000,0.0000,-0.0000,0.0000,0.0000,-0.0000,0.0000,0.0000,-0.0000,0.0000
1789471329.2445,0.0000,0.0000,0.0000,0.0000,-0.0000,0.0000,0.0000,-0.0000,0.0000,0.0000,-0.0000,0.0000
1789471329.2941,0.0000,0.0000,0.0000,0.0000,-0.0000,0.0000,0.0000,-0.0000,0.0000,0.0000,-0.0000,0.0000
1789471329.3445,0.0000,0.0000,0.0000,0.0000,-0.0000,0.0000,0.0000,-0.0000,0.0000,0.0000,-0.0000,0.0000
1789471329.3941,0.0000,0.0000,0.0000,0.0000,-0.0000,0.0000,0.0000,-0.0000,0.0000,0.0000,-0.0000,0.0000
1789471329.4445,0.0000,0.0000,0.0000,0.0000,-0.0000,0.0000,0.0000,-0.0000,0.0000,0.0000,-0.0000,0.0000
1789471329.4942,0.0000,0.0000,0.0000,0.0000,-0.0000,0.0000,0.0000,-0.0000,0.0000,0.0000,-0.0000,0.0000
1789471329.5443,0.0000,0.0000,0.0000,0.0000,-0.0000,0.0000,0.0000,-0.0000,0.0000,0.0000,-0.0000,0.0000
1789471329.5942,0.0000,0.0000,0.0000,0.0000,-0.0000,0.0000,0.0000,-0.0000,0.0000,0.0000,-0.0000,0.0000
1789471329.6446,0.0000,0.0000,0.0000,0.0000,-0.0000,0.0000,0.0000,-0.0000,0.0000,0.0000,-0.0000,0.0000
1789471329.6942,0.0000,0.0000,0.0000,0.0000,-0.0000,0.0000,0.0000,-0.0000,0.0000,0.0000,-0.0000,0.0000
1789471329.7443,0.0000,0.0000,0.0000,0.0000,-0.0000,0.0000,0.0000,-0.0000,0.0000,0.0000,-0.0000,0.0000
1789471329.7942,0.0000,0.0000,0.0000,0.0000,-0.0000,0.0000,0.0000,-0.0000,0.0000,0.0000,-0.0000,0.0000
1789471329.8444,0.0000,0.0000,0.0000,0.0000,-0.0000,0.0000,0.0000,-0.0000,0.0000,0.0000,-0.0000,0.0000
1789471329.8941,0.0000,0.0000,0.0000,0.0000,-0.0000,0.0000,0.0000,-0.0000,0.0000,0.0000,-0.0000,0.0000
1789471329.9442,0.0000,0.0000,0.0000,0.0000,-0.0000,0.0000,0.0000,-0.0000,0.0000,0.0000,-0.0000,0.0000
1789471329.9942,0.0000,0.0000,0.0000,0.0000,-0.0000,0.0000,0.0000,-0.0000,0.0000,0.0000,-0.0000,0.0000
1789471330.0446,0.0000,0.0000,0.0000,0.0000,-0.0000,0.0000,0.0000,-0.0000,0.0000,0.0000,-0.0000,0.0000
1789471330.0941,0.0000,0.0000,0.0000,0.0000,-0.0000,0.0000,0.0000,-0.0000,0.0000,0.0000,-0.0000,0.0000
1789471330.1446,0.0000,0.0000,0.0000,0.0000,-0.0000,0.0000,0.0000,-0.0000,0.0000,0.0000,-0.0000,0.0000
1789471330.1941,0.0000,0.0000,0.0000,0.0000,-0.0000,0.0000,0.0000,-0.0000,0.0000,0.0000,-0.0000,0.0000
1789471330.2445,0.0000,0.0000,0.0000,0.0000,-0.0000,0.0000,0.0000,-0.0000,0.0000,0.0000,-0.0000,0.0000
1789471330.2942,0.0000,0.0000,0.0000,0.0000,-0.0000,0.0000,0.0000,-0.0000,0.0000,0.0000,-0.0000,0.0000
1789471330.3444,0.0000,0.0000,0.0000,0.0000,-0.0000,0.0000,0.0000,-0.0000,0.0000,0.0000,-0.0000,0.0000
1789471330.3941,0.0000,0.0000,0.0000,0.0000,-0.0000,0.0000,0.0000,-0.0000,0.0000,0.0000,-0.0000,0.0000
1789471330.4442,0.0000,0.0000,0.0000,0.0000,-0.0000,0.0000,0.0000,-0.0000,0.0000,0.0000,-0.0000,0.0000
1789471330.4941,0.0000,0.0000,0.0000,0.0000,-0.0000,0.0000,0.0000,-0.0000,0.0000,0.0000,-0.0000,0.0000
1789471330.5445,0.0000,0.0000,0.0000,0.0000,-0.0000,0.0000,0.0000,-0.0000,0.0000,0.0000,-0.0000,0.0000
1789471330.5941,0.0000,0.0000,0.0000,0.0000,-0.0000,0.0000,0.0000,-0.0000,0.0000,0.0000,-0.0000,0.0000
1789471330.6448,0.0000,0.0000,0.0000,0.0000,-0.0000,0.0000,0.0000,-0.0000,0.0000,0.0000,-0.0000,0.0000
1789471330.6944,0.0000,0.0000,0.0000,0.0000,-0.0000,0.0000,0.0000,-0.0000,0.0000,0.0000,-0.0000,0.0000
1789471330.7446,0.0000,0.0000,0.0000,0.0000,-0.0000,0.0000,0.0000,-0.0000,0.0000,0.0000,-0.0000,0.0000
1789471330.7943,0.0000,0.0000,0.0000,0.0000,-0.0000,0.0000,0.0000,-0.0000,0.0000,0.0000,-0.0000,0.0000
1789471330.8442,0.0000,0.0000,0.0000,0.0000,-0.0000,0.0000,0.0000,-0.0000,0.0000,0.0000,-0.0000,0.0000
1789471330.8941,0.0000,0.0000,0.0000,0.0000,-0.0000,0.0000,0.0000,-0.0000,0.0000,0.0000,-0.0000,0.0000
1789471330.9448,0.0000,0.0000,0.0000,0.0000,-0.0000,0.0000,0.0000,-0.0000,0.0000,0.0000,-0.0000,0.0000
1789471330.9941,0.0000,0.0000,0.0000,0.0000,-0.0000,0.0000,0.0000,-0.0000,0.0000,0.0000,-0.0000,0.0000
1789471331.0443,0.0000,0.0000,0.0000,0.0000,-0.0000,0.0000,0.0000,-0.0000,0.0000,0.0000,-0.0000,0.0000
1789471331.0942,0.0000,0.0000,0.0000,0.0000,-0.0000,0.0000,0.0000,-0.0000,0.0000,0.0000,-0.0000,0.0000
1789471331.1443,0.0000,0.0000,0.0000,0.0000,-0.0000,0.0000,0.0000,-0.0000,0.0000,0.0000,-0.0000,0.0000
1789471331.1942,0.0000,0.0000,0.0000,0.0000,-0.0000,0.0000,0.0000,-0.0000,0.0000,0.0000,-0.0000,0.0000
1789471331.2442,0.0000,0.0000,0.0000,0.0000,-0.0000,0.0000,0.0000,-0.0000,0.0000,0.0000,-0.0000,0.0000
1789471331.2942,0.0000,0.0000,0.0000,0.0000,-0.0000,0.0000,0.0000,-0.0000,0.0000,0.0000,-0.0000,0.0000
1789471331.3446,0.0000,0.0000,0.0000,0.0000,-0.0000,0.0000,0.0000,-0.0000,0.0000,0.0000,-0.0000,0.0000
1789471331.3941,0.0000,0.0000,0.0000,0.0000,-0.0000,0.0000,0.0000,-0.0000,0.0000,0.0000,-0.0000,0.0000
1789471331.4447,0.0000,0.0000,0.0000,0.0000,-0.0000,0.0000,0.0000,-0.0000,0.0000,0.0000,-0.0000,0.0000
1789471331.4942,0.0000,0.0000,0.0000,0.0000,-0.0000,0.0000,0.0000,-0.0000,0.0000,0.0000,-0.0000,0.0000
1789471331.5443,0.0000,0.0000,0.0000,0.0000,-0.0000,0.0000,0.0000,-0.0000,0.0000,0.0000,-0.0000,0.0000
1789471331.5940,0.0000,0.0000,0.0000,0.0000,-0.0000,0.0000,0.0000,-0.0000,0.0000,0.0000,-0.0000,0.0000
1789471331.6444,0.0000,0.0000,0.0000,0.0000,-0.0000,0.0000,0.0000,-0.0000,0.0000,0.0000,-0.0000,0.0000
1789471331.6941,0.0000,0.0000,0.0000,0.0000,-0.0000,0.0000,0.0000,-0.0000,0.0000,0.0000,-0.0000,0.0000
1789471331.7445,0.0000,0.0000,0.0000,0.0000,-0.0000,0.0000,0.0000,-0.0000,0.0000,0.0000,-0.0000,0.0000
1789471331.7941,0.0000,0.0000,0.0000,0.0000,-0.0000,0.0000,0.0000,-0.0000,0.0000,0.0000,-0.0000,0.0000
1789471331.8443,0.0000,0.0000,0.0000,0.0000,-0.0000,0.0000,0.0000,-0.0000,0.0000,0.0000,-0.0000,0.0000
1789471331.8943,0.0000,0.0000,0.0000,0.0000,-0.0000,0.0000,0.0000,-0.0000,0.0000,0.0000,-0.0000,0.0000
1789471331.9444,0.0000,0.0000,0.0000,0.0000,-0.0000,0.0000,0.0000,-0.0000,0.0000,0.0000,-0.0000,0.0000
1789471331.9942,0.0000,0.0000,0.0000,0.0000,-0.0000,0.0000,0.0000,-0.0000,0.0000,0.0000,-0.0000,0.0000
1789471332.0444,0.0000,0.0000,0.0000,0.0000,-0.0000,0.0000,0.0000,-0.0000,0.0000,0.0000,-0.0000,0.0000
1789471332.0941,0.0000,0.0000,0.0000,0.0000,-0.0000,0.0000,0.0000,-0.0000,0.0000,0.0000,-0.0000,0.0000
1789471332.1445,0.0000,0.0000,0.0000,0.0000,-0.0000,0.0000,0.0000,-0.0000,0.0000,0.0000,-0.0000,0.0000
1789471332.1942,0.0000,0.0000,0.0000,0.0000,-0.0000,0.0000,0.0000,-0.0000,0.0000,0.0000,-0.0000,0.0000
1789471332.2443,0.0000,0.0000,0.0000,0.0000,-0.0000,0.0000,0.0000,-0.0000,0.0000,0.0000,-0.0000,0.0000
1789471332.2942,0.0000,0.0000,0.0000,0.0000,-0.0000,0.0000,0.0000,-0.0000,0.0000,0.0000,-0.0000,0.0000
1789471332.3445,0.0000,0.0000,0.0000,0.0000,-0.0000,0.0000,0.0000,-0.0000,0.0000,0.0000,-0.0000,0.0000
1789471332.3942,0.0000,0.0000,0.0000,0.0000,-0.0000,0.0000,0.0000,-0.0000,0.0000,0.0000,-0.0000,0.0000
1789471332.4444,0.0000,0.0000,0.0000,0.0000,-0.0000,0.0000,0.0000,-0.0000,0.0000,0.0000,-0.0000,0.0000
1789471332.4942,0.0000,0.0000,0.0000,0.0000,-0.0000,0.0000,0.0000,-0.0000,0.0000,0.0000,-0.0000,0.0000
1789471332.5445,0.0000,0.0000,0.0000,0.0000,-0.0000,0.0000,0.0000,-0.0000,0.0000,0.0000,-0.0000,0.0000
1789471332.5942,0.0000,0.0000,0.0000,0.0000,-0.0000,0.0000,0.0000,-0.0000,0.0000,0.0000,-0.0000,0.0000
1789471332.6444,0.0000,0.0000,0.0000,0.0000,-0.0000,0.0000,0.0000,-0.0000,0.0000,0.0000,-0.0000,0.0000
1789471332.6942,0.0000,0.0000,0.0000,0.0000,-0.0000,0.0000,0.0000,-0.0000,0.0000,0.0000,-0.0000,0.0000
1789471332.7447,0.0000,0.0000,0.0000,0.0000,-0.0000,0.0000,0.0000,-0.0000,0.0000,0.0000,-0.0000,0.0000
1789471332.7942,0.0000,0.0000,0.0000,0.0000,-0.0000,0.0000,0.0000,-0.0000,0.0000,0.0000,-0.0000,0.0000
1789471332.8441,0.0000,0.0000,0.0000,0.0000,-0.0000,0.0000,0.0000,-0.0000,0.0000,0.0000,-0.0000,0.0000
1789471332.8942,0.0000,0.0000,0.0000,0.0000,-0.0000,0.0000,0.0000,-0.0000,0.0000,0.0000,-0.0000,0.0000
1789471332.9445,0.0000,0.0000,0.0000,0.0000,-0.0000,0.0000,0.0000,-0.0000,0.0000,0.0000,-0.0000,0.0000
1789471332.9942,0.0000,0.0000,0.0000,0.0000,-0.0000,0.0000,0.0000,-0.0000,0.0000,0.0000,-0.0000,0.0000
1789471333.0443,0.0000,0.0000,0.0000,0.0000,-0.0000,0.0000,0.0000,-0.0000,0.0000,0.0000,-0.0000,0.0000
1789471333.0941,0.0000,0.0000,0.0000,0.0000,-0.0000,0.0000,0.0000,-0.0000,0.0000,0.0000,-0.0000,0.0000
1789471333.1445,0.0000,0.0000,0.0000,0.0000,-0.0000,0.0000,0.0000,-0.0000,0.0000,0.0000,-0.0000,0.0000
1789471333.1942,0.0000,0.0000,0.0000,0.0000,-0.0000,0.0000,0.0000,-0.0000,0.0000,0.0000,-0.0000,0.0000
1789471333.2446,0.0000,0.0000,0.0000,0.0000,-0.0000,0.0000,0.0000,-0.0000,0.0000,0.0000,-0.0000,0.0000
1789471333.2942,0.0000,0.0000,0.0000,0.0000,-0.0000,0.0000,0.0000,-0.0000,0.0000,0.0000,-0.0000,0.0000
1789471333.3443,0.0000,0.0000,0.0000,0.0000,-0.0000,0.0000,0.0000,-0.0000,0.0000,0.0000,-0.0000,0.0000
1789471333.3942,0.0000,0.0000,0.0000,0.0000,-0.0000,0.0000,0.0000,-0.0000,0.0000,0.0000,-0.0000,0.0000
1789471333.4444,0.0000,0.0000,0.0000,0.0000,-0.0000,0.0000,0.0000,-0.0000,0.0000,0.0000,-0.0000,0.0000
1789471333.4942,0.0000,0.0000,0.0000,0.0000,-0.0000,0.0000,0.0000,-0.0000,0.0000,0.0000,-0.0000,0.0000
1789471333.5444,0.0000,0.0000,0.0000,0.0000,-0.0000,0.0000,0.0000,-0.0000,0.0000,0.0000,-0.0000,0.0000
1789471333.5942,0.0000,0.0000,0.0000,0.0000,-0.0000,0.0000,0.0000,-0.0000,0.0000,0.0000,-0.0000,0.0000
1789471333.6445,0.0000,0.0000,0.0000,0.0000,-0.0000,0.0000,0.0000,-0.0000,0.0000,0.0000,-0.0000,0.0000
1789471333.6943,0.0000,0.0000,0.0000,0.0000,-0.0000,0.0000,0.0000,-0.0000,0.0000,0.0000,-0.0000,0.0000
1789471333.7446,0.0000,0.0000,0.0000,0.0000,-0.0000,0.0000,0.0000,-0.0000,0.0000,0.0000,-0.0000,0.0000
1789471333.7943,0.0000,0.0000,0.0000,0.0000,-0.0000,0.0000,0.0000,-0.0000,0.0000,0.0000,-0.0000,0.0000
1789471333.8444,0.0000,0.0000,0.0000,0.0000,-0.0000,0.0000,0.0000,-0.0000,0.0000,0.0000,-0.0000,0.0000
1789471333.8942,0.0000,0.0000,0.0000,0.0000,-0.0000,0.0000,0.0000,-0.0000,0.0000,0.0000,-0.0000,0.0000
1789471333.9445,0.0000,0.0000,0.0000,0.0000,-0.0000,0.0000,0.0000,-0.0000,0.0000,0.0000,-0.0000,0.0000
1789471333.9942,0.0000,0.0000,0.0000,0.0000,-0.0000,0.0000,0.0000,-0.0000,0.0000,0.0000,-0.0000,0.0000
1789471334.0447,0.0000,0.0000,0.0000,0.0000,-0.0000,0.0000,0.0000,-0.0000,0.0000,0.0000,-0.0000,0.0000
1789471334.0943,0.0000,0.0000,0.0000,0.0000,-0.0000,0.0000,0.0000,-0.0000,0.0000,0.0000,-0.0000,0.0000
1789471334.1444,0.0000,0.0000,0.0000,0.0000,-0.0000,0.0000,0.0000,-0.0000,0.0000,0.0000,-0.0000,0.0000
1789471334.1942,0.0000,0.0000,0.0000,0.0000,-0.0000,0.0000,0.0000,-0.0000,0.0000,0.0000,-0.0000,0.0000
1789471334.2444,0.0000,0.0000,0.0000,0.0000,-0.0000,0.0000,0.0000,-0.0000,0.0000,0.0000,-0.0000,0.0000
1789471334.2942,0.0000,0.0000,0.0000,0.0000,-0.0000,0.0000,0.0000,-0.0000,0.0000,0.0000,-0.0000,0.0000
1789471334.3444,0.0000,0.0000,0.0000,0.0000,-0.0000,0.0000,0.0000,-0.0000,0.0000,0.0000,-0.0000,0.0000
1789471334.3942,0.0000,0.0000,0.0000,0.0000,-0.0000,0.0000,0.0000,-0.0000,0.0000,0.0000,-0.0000,0.0000
1789471334.4445,0.0000,0.0000,0.0000,0.0000,-0.0000,0.0000,0.0000,-0.0000,0.0000,0.0000,-0.0000,0.0000
1789471334.4940,0.0000,0.0000,0.0000,0.0000,-0.0000,0.0000,0.0000,-0.0000,0.0000,0.0000,-0.0000,0.0000
1789471334.5443,0.0000,0.0000,0.0000,0.0000,-0.0000,0.0000,0.0000,-0.0000,0.0000,0.0000,-0.0000,0.0000
1789471334.5942,0.0000,0.0000,0.0000,0.0000,-0.0000,0.0000,0.0000,-0.0000,0.0000,0.0000,-0.0000,0.0000
1789471334.6445,0.0000,0.0000,0.0000,0.0000,-0.0000,0.0000,0.0000,-0.0000,0.0000,0.0000,-0.0000,0.0000
1789471334.6942,0.0000,0.0000,0.0000,0.0000,-0.0000,0.0000,0.0000,-0.0000,0.0000,0.0000,-0.0000,0.0000
1789471334.7445,0.0000,0.0000,0.0000,0.0000,-0.0000,0.0000,0.0000,-0.0000,0.0000,0.0000,-0.0000,0.0000
1789471334.7942,0.0000,0.0000,0.0000,0.0000,-0.0000,0.0000,0.0000,-0.0000,0.0000,0.0000,-0.0000,0.0000
1789471334.8445,0.0000,0.0000,0.0000,0.0000,-0.0000,0.0000,0.0000,-0.0000,0.0000,0.0000,-0.0000,0.0000
1789471334.8941,0.0000,0.0000,0.0000,0.0000,-0.0000,0.0000,0.0000,-0.0000,0.0000,0.0000,-0.0000,0.0000
1789471334.9445,0.0000,0.0000,0.0000,0.0000,-0.0000,0.0000,0.0000,-0.0000,0.0000,0.0000,-0.0000,0.0000
1789471334.9942,0.0000,0.0000,0.0000,0.0000,-0.0000,0.0000,0.0000,-0.0000,0.0000,0.0000,-0.0000,0.0000
1789471335.0444,0.0000,0.0000,0.0000,0.0000,-0.0000,0.0000,0.0000,-0.0000,0.0000,0.0000,-0.0000,0.0000
1789471335.0944,0.0000,0.0000,0.0000,0.0000,-0.0000,0.0000,0.0000,-0.0000,0.0000,0.0000,-0.0000,0.0000
1789471335.1446,0.0000,0.0000,0.0000,0.0000,-0.0000,0.0000,0.0000,-0.0000,0.0000,0.0000,-0.0000,0.0000
1789471335.1940,0.0000,0.0000,0.0000,0.0000,-0.0000,0.0000,0.0000,-0.0000,0.0000,0.0000,-0.0000,0.0000
1789471335.2443,0.0000,0.0000,0.0000,0.0000,-0.0000,0.0000,0.0000,-0.0000,0.0000,0.0000,-0.0000,0.0000
1789471335.2943,0.0000,0.0000,0.0000,0.0000,-0.0000,0.0000,0.0000,-0.0000,0.0000,0.0000,-0.0000,0.0000
1789471335.3443,0.0000,0.0000,0.0000,0.0000,-0.0000,0.0000,0.0000,-0.0000,0.0000,0.0000,-0.0000,0.0000
1789471335.3943,0.0000,0.0000,0.0000,0.0000,-0.0000,0.0000,0.0000,-0.0000,0.0000,0.0000,-0.0000,0.0000
1789471335.4447,0.0000,0.0000,0.0000,0.0000,-0.0000,0.0000,0.0000,-0.0000,0.0000,0.0000,-0.0000,0.0000
1789471335.4942,0.0000,0.0000,0.0000,0.0000,-0.0000,0.0000,0.0000,-0.0000,0.0000,0.0000,-0.0000,0.0000
1789471335.5442,0.0000,0.0000,0.0000,0.0000,-0.0000,0.0000,0.0000,-0.0000,0.0000,0.0000,-0.0000,0.0000
1789471335.5943,0.0000,0.0000,0.0000,0.0000,-0.0000,0.0000,0.0000,-0.0000,0.0000,0.0000,-0.0000,0.0000
1789471335.6444,0.0000,0.0000,0.0000,0.0000,-0.0000,0.0000,0.0000,-0.0000,0.0000,0.0000,-0.0000,0.0000
1789471335.6942,0.0000,0.0000,0.0000,0.0000,-0.0000,0.0000,0.0000,-0.0000,0.0000,0.0000,-0.0000,0.0000
1789471335.7445,0.0000,0.0000,0.0000,0.0000,-0.0000,0.0000,0.0000,-0.0000,0.0000,0.0000,-0.0000,0.0000
1789471335.7942,0.0000,0.0000,0.0000,0.0000,-0.0000,0.0000,0.0000,-0.0000,0.0000,0.0000,-0.0000,0.0000
1789471335.8444,0.0000,0.0000,0.0000,0.0000,-0.0000,0.0000,0.0000,-0.0000,0.0000,0.0000,-0.0000,0.0000
1789471335.8942,0.0000,0.0000,0.0000,0.0000,-0.0000,0.0000,0.0000,-0.0000,0.0000,0.0000,-0.0000,0.0000
1789471335.9443,0.0000,0.0000,0.0000,0.0000,-0.0000,0.0000,0.0000,-0.0000,0.0000,0.0000,-0.0000,0.0000
1789471335.9943,0.0000,0.0000,0.0000,0.0000,-0.0000,0.0000,0.0000,-0.0000,0.0000,0.0000,-0.0000,0.0000
1789471336.0443,0.0000,0.0000,0.0000,0.0000,-0.0000,0.0000,0.0000,-0.0000,0.0000,0.0000,-0.0000,0.0000
1789471336.0942,0.0000,0.0000,0.0000,0.0000,-0.0000,0.0000,0.0000,-0.0000,0.0000,0.0000,-0.0000,0.0000
1789471336.1448,0.0000,0.0000,0.0000,0.0000,-0.0000,0.0000,0.0000,-0.0000,0.0000,0.0000,-0.0000,0.0000
1789471336.1943,0.0000,0.0000,0.0000,0.0000,-0.0000,0.0000,0.0000,-0.0000,0.0000,0.0000,-0.0000,0.0000
1789471336.2444,0.0000,0.0000,0.0000,0.0000,-0.0000,0.0000,0.0000,-0.0000,0.0000,0.0000,-0.0000,0.0000
1789471336.2943,0.0000,0.0000,0.0000,0.0000,-0.0000,0.0000,0.0000,-0.0000,0.0000,0.0000,-0.0000,0.0000
1789471336.3445,0.0000,0.0000,0.0000,0.0000,-0.0000,0.0000,0.0000,-0.0000,0.0000,0.0000,-0.0000,0.0000
1789471336.3943,0.0000,0.0000,0.0000,0.0000,-0.0000,0.0000,0.0000,-0.0000,0.0000,0.0000,-0.0000,0.0000
1789471336.4444,0.0000,0.0000,0.0000,0.0000,-0.0000,0.0000,0.0000,-0.0000,0.0000,0.0000,-0.0000,0.0000
1789471336.4946,0.0000,0.0000,0.0000,0.0000,-0.0000,0.0000,0.0000,-0.0000,0.0000,0.0000,-0.0000,0.0000
1789471336.5444,0.0000,0.0000,0.0000,0.0000,-0.0000,0.0000,0.0000,-0.0000,0.0000,0.0000,-0.0000,0.0000
1789471336.5942,0.0000,0.0000,0.0000,0.0000,-0.0000,0.0000,0.0000,-0.0000,0.0000,0.0000,-0.0000,0.0000
1789471336.6439,0.0000,0.0000,0.0000,0.0000,-0.0000,0.0000,0.0000,-0.0000,0.0000,0.0000,-0.0000,0.0000
1789471336.6943,0.0000,0.0000,0.0000,0.0000,-0.0000,0.0000,0.0000,-0.0000,0.0000,0.0000,-0.0000,0.0000
1789471336.7444,0.0000,0.0000,0.0000,0.0000,-0.0000,0.0000,0.0000,-0.0000,0.0000,0.0000,-0.0000,0.0000
1789471336.7944,0.0000,0.0000,0.0000,0.0000,-0.0000,0.0000,0.0000,-0.0000,0.0000,0.0000,-0.0000,0.0000
1789471336.8446,0.0000,0.0000,0.0000,0.0000,-0.0000,0.0000,0.0000,-0.0000,0.0000,0.0000,-0.0000,0.0000
1789471336.8943,0.0000,0.0000,0.0000,0.0000,-0.0000,0.0000,0.0000,-0.0000,0.0000,0.0000,-0.0000,0.0000
1789471336.9444,0.0000,0.0000,0.0000,0.0000,-0.0000,0.0000,0.0000,-0.0000,0.0000,0.0000,-0.0000,0.0000
1789471336.9943,0.0000,0.0000,0.0000,0.0000,-0.0000,0.0000,0.0000,-0.0000,0.0000,0.0000,-0.0000,0.0000
1789471337.0444,0.0000,0.0000,0.0000,0.0000,-0.0000,0.0000,0.0000,-0.0000,0.0000,0.0000,-0.0000,0.0000
1789471337.0945,0.0000,0.0000,0.0000,0.0000,-0.0000,0.0000,0.0000,-0.0000,0.0000,0.0000,-0.0000,0.0000
1789471337.1445,0.0000,0.0000,0.0000,0.0000,-0.0000,0.0000,0.0000,-0.0000,0.0000,0.0000,-0.0000,0.0000
1789471337.1944,0.0000,0.0000,0.0000,0.0000,-0.0000,0.0000,0.0000,-0.0000,0.0000,0.0000,-0.0000,0.0000
1789471337.2444,0.0000,0.0000,0.0000,0.0000,-0.0000,0.0000,0.0000,-0.0000,0.0000,0.0000,-0.0000,0.0000
1789471337.2943,0.0000,0.0000,0.0000,0.0000,-0.0000,0.0000,0.0000,-0.0000,0.0000,0.0000,-0.0000,0.0000
1789471337.3445,0.0000,0.0000,0.0000,0.0000,-0.0000,0.0000,0.0000,-0.0000,0.0000,0.0000,-0.0000,0.0000
1789471337.3943,0.0000,0.0000,0.0000,0.0000,-0.0000,0.0000,0.0000,-0.0000,0.0000,0.0000,-0.0000,0.0000
1789471337.4443,0.0000,0.0000,0.0000,0.0000,-0.0000,0.0000,0.0000,-0.0000,0.0000,0.0000,-0.0000,0.0000
1789471337.4944,0.0000,0.0000,0.0000,0.0000,-0.0000,0.0000,0.0000,-0.0000,0.0000,0.0000,-0.0000,0.0000
1789471337.5446,0.0000,0.0000,0.0000,0.0000,-0.0000,0.0000,0.0000,-0.0000,0.0000,0.0000,-0.0000,0.0000
1789471337.5944,0.0000,0.0000,0.0000,0.0000,-0.0000,0.0000,0.0000,-0.0000,0.0000,0.0000,-0.0000,0.0000
1789471337.6444,0.0000,0.0000,0.0000,0.0000,-0.0000,0.0000,0.0000,-0.0000,0.0000,0.0000,-0.0000,0.0000
1789471337.6944,0.0000,0.0000,0.0000,0.0000,-0.0000,0.0000,0.0000,-0.0000,0.0000,0.0000,-0.0000,0.0000
1789471337.7445,0.0000,0.0000,0.0000,0.0000,-0.0000,0.0000,0.0000,-0.0000,0.0000,0.0000,-0.0000,0.0000
1789471337.7943,0.0000,0.0000,0.0000,0.0000,-0.0000,0.0000,0.0000,-0.0000,0.0000,0.0000,-0.0000,0.0000
1789471337.8446,0.0000,0.0000,0.0000,0.0000,-0.0000,0.0000,0.0000,-0.0000,0.0000,0.0000,-0.0000,0.0000
1789471337.8943,0.0000,0.0000,0.0000,0.0000,-0.0000,0.0000,0.0000,-0.0000,0.0000,0.0000,-0.0000,0.0000
1789471337.9446,0.0000,0.0000,0.0000,0.0000,-0.0000,0.0000,0.0000,-0.0000,0.0000,0.0000,-0.0000,0.0000
1789471337.9942,0.0000,0.0000,0.0000,0.0000,-0.0000,0.0000,0.0000,-0.0000,0.0000,0.0000,-0.0000,0.0000
1789471338.0445,0.0000,0.0000,0.0000,0.0000,-0.0000,0.0000,0.0000,-0.0000,0.0000,0.0000,-0.0000,0.0000
1789471338.0942,0.0000,0.0000,0.0000,0.0000,-0.0000,0.0000,0.0000,-0.0000,0.0000,0.0000,-0.0000,0.0000
1789471338.1449,0.0000,0.0000,0.0000,0.0000,-0.0000,0.0000,0.0000,-0.0000,0.0000,0.0000,-0.0000,0.0000
1789471338.1943,0.0000,0.0000,0.0000,0.0000,-0.0000,0.0000,0.0000,-0.0000,0.0000,0.0000,-0.0000,0.0000
1789471338.2443,0.0000,0.0000,0.0000,0.0000,-0.0000,0.0000,0.0000,-0.0000,0.0000,0.0000,-0.0000,0.0000
1789471338.2944,0.0000,0.0000,0.0000,0.0000,-0.0000,0.0000,0.0000,-0.0000,0.0000,0.0000,-0.0000,0.0000
1789471338.3442,0.0000,0.0000,0.0000,0.0000,-0.0000,0.0000,0.0000,-0.0000,0.0000,0.0000,-0.0000,0.0000
1789471338.3942,0.0000,0.0000,0.0000,0.0000,-0.0000,0.0000,0.0000,-0.0000,0.0000,0.0000,-0.0000,0.0000
1789471338.4454,0.0000,0.0000,0.0000,0.0000,-0.0000,0.0000,0.0000,-0.0000,0.0000,0.0000,-0.0000,0.0000
1789471338.4944,0.0000,0.0000,0.0000,0.0000,-0.0000,0.0000,0.0000,-0.0000,0.0000,0.0000,-0.0000,0.0000
1789471338.5447,0.0000,0.0000,0.0000,0.0000,-0.0000,0.0000,0.0000,-0.0000,0.0000,0.0000,-0.0000,0.0000
1789471338.5945,0.0000,0.0000,0.0000,0.0000,-0.0000,0.0000,0.0000,-0.0000,0.0000,0.0000,-0.0000,0.0000
1789471338.6447,0.0000,0.0000,0.0000,0.0000,-0.0000,0.0000,0.0000,-0.0000,0.0000,0.0000,-0.0000,0.0000
1789471338.6948,0.0000,0.0000,0.0000,0.0000,-0.0000,0.0000,0.0000,-0.0000,0.0000,0.0000,-0.0000,0.0000
1789471338.7444,0.0000,0.0000,0.0000,0.0000,-0.0000,0.0000,0.0000,-0.0000,0.0000,0.0000,-0.0000,0.0000
1789471338.7944,0.0000,0.0000,0.0000,0.0000,-0.0000,0.0000,0.0000,-0.0000,0.0000,0.0000,-0.0000,0.0000
1789471338.8445,0.0000,0.0000,0.0000,0.0000,-0.0000,0.0000,0.0000,-0.0000,0.0000,0.0000,-0.0000,0.0000
1789471338.8944,0.0000,0.0000,0.0000,0.0000,-0.0000,0.0000,0.0000,-0.0000,0.0000,0.0000,-0.0000,0.0000
1789471338.9445,0.0000,0.0000,0.0000,0.0000,-0.0000,0.0000,0.0000,-0.0000,0.0000,0.0000,-0.0000,0.0000
1789471338.9943,0.0000,0.0000,0.0000,0.0000,-0.0000,0.0000,0.0000,-0.0000,0.0000,0.0000,-0.0000,0.0000
1789471339.0445,0.0000,0.0000,0.0000,0.0000,-0.0000,0.0000,0.0000,-0.0000,0.0000,0.0000,-0.0000,0.0000
1789471339.0943,0.0000,0.0000,0.0000,0.0000,-0.0000,0.0000,0.0000,-0.0000,0.0000,0.0000,-0.0000,0.0000
1789471339.1445,0.0000,0.0000,0.0000,0.0000,-0.0000,0.0000,0.0000,-0.0000,0.0000,0.0000,-0.0000,0.0000
1789471339.1944,0.0000,0.0000,0.0000,0.0000,-0.0000,0.0000,0.0000,-0.0000,0.0000,0.0000,-0.0000,0.0000
1789471339.2444,0.0000,0.0000,0.0000,0.0000,-0.0000,0.0000,0.0000,-0.0000,0.0000,0.0000,-0.0000,0.0000
1789471339.2944,0.0000,0.0000,0.0000,0.0000,-0.0000,0.0000,0.0000,-0.0000,0.0000,0.0000,-0.0000,0.0000
1789471339.3446,0.0000,0.0000,0.0000,0.0000,-0.0000,0.0000,0.0000,-0.0000,0.0000,0.0000,-0.0000,0.0000
1789471339.3943,0.0000,0.0000,0.0000,0.0000,-0.0000,0.0000,0.0000,-0.0000,0.0000,0.0000,-0.0000,0.0000
1789471339.4447,0.0000,0.0000,0.0000,0.0000,-0.0000,0.0000,0.0000,-0.0000,0.0000,0.0000,-0.0000,0.0000
1789471339.4943,0.0000,0.0000,0.0000,0.0000,-0.0000,0.0000,0.0000,-0.0000,0.0000,0.0000,-0.0000,0.0000
1789471339.5444,0.0000,0.0000,0.0000,0.0000,-0.0000,0.0000,0.0000,-0.0000,0.0000,0.0000,-0.0000,0.0000
1789471339.5943,0.0000,0.0000,0.0000,0.0000,-0.0000,0.0000,0.0000,-0.0000,0.0000,0.0000,-0.0000,0.0000
1789471339.6444,0.0000,0.0000,0.0000,0.0000,-0.0000,0.0000,0.0000,-0.0000,0.0000,0.0000,-0.0000,0.0000
1789471339.6944,0.0000,0.0000,0.0000,0.0000,-0.0000,0.0000,0.0000,-0.0000,0.0000,0.0000,-0.0000,0.0000
1789471339.7445,0.0000,0.0000,0.0000,0.0000,-0.0000,0.0000,0.0000,-0.0000,0.0000,0.0000,-0.0000,0.0000
1789471339.7943,0.0000,0.0000,0.0000,0.0000,-0.0000,0.0000,0.0000,-0.0000,0.0000,0.0000,-0.0000,0.0000
1789471339.8445,0.0000,0.0000,0.0000,0.0000,-0.0000,0.0000,0.0000,-0.0000,0.0000,0.0000,-0.0000,0.0000
1789471339.8944,0.0000,0.0000,0.0000,0.0000,-0.0000,0.0000,0.0000,-0.0000,0.0000,0.0000,-0.0000,0.0000
1789471339.9444,0.0000,0.0000,0.0000,0.0000,-0.0000,0.0000,0.0000,-0.0000,0.0000,0.0000,-0.0000,0.0000
1789471339.9945,0.0000,0.0000,0.0000,0.0000,-0.0000,0.0000,0.0000,-0.0000,0.0000,0.0000,-0.0000,0.0000
1789471340.0445,0.0000,0.0000,0.0000,0.0000,-0.0000,0.0000,0.0000,-0.0000,0.0000,0.0000,-0.0000,0.0000
1789471340.0943,0.0000,0.0000,0.0000,0.0000,-0.0000,0.0000,0.0000,-0.0000,0.0000,0.0000,-0.0000,0.0000
1789471340.1444,0.0000,0.0000,0.0000,0.0000,-0.0000,0.0000,0.0000,-0.0000,0.0000,0.0000,-0.0000,0.0000
1789471340.1945,0.0000,0.0000,0.0000,0.0000,-0.0000,0.0000,0.0000,-0.0000,0.0000,0.0000,-0.0000,0.0000
1789471340.2444,0.0000,0.0000,0.0000,0.0000,-0.0000,0.0000,0.0000,-0.0000,0.0000,0.0000,-0.0000,0.0000
1789471340.2944,0.0000,0.0000,0.0000,0.0000,-0.0000,0.0000,0.0000,-0.0000,0.0000,0.0000,-0.0000,0.0000
1789471340.3444,0.0000,0.0000,0.0000,0.0000,-0.0000,0.0000,0.0000,-0.0000,0.0000,0.0000,-0.0000,0.0000
1789471340.3944,0.0000,0.0000,0.0000,0.0000,-0.0000,0.0000,0.0000,-0.0000,0.0000,0.0000,-0.0000,0.0000
1789471340.4443,0.0000,0.0000,0.0000,0.0000,-0.0000,0.0000,0.0000,-0.0000,0.0000,0.0000,-0.0000,0.0000
1789471340.4943,0.0000,0.0000,0.0000,0.0000,-0.0000,0.0000,0.0000,-0.0000,0.0000,0.0000,-0.0000,0.0000
1789471340.5445,0.0000,0.0000,0.0000,0.0000,-0.0000,0.0000,0.0000,-0.0000,0.0000,0.0000,-0.0000,0.0000
1789471340.5944,0.0000,0.0000,0.0000,0.0000,-0.0000,0.0000,0.0000,-0.0000,0.0000,0.0000,-0.0000,0.0000
1789471340.6446,0.0000,0.0000,0.0000,0.0000,-0.0000,0.0000,0.0000,-0.0000,0.0000,0.0000,-0.0000,0.0000
1789471340.6944,0.0000,0.0000,0.0000,0.0000,-0.0000,0.0000,0.0000,-0.0000,0.0000,0.0000,-0.0000,0.0000
1789471340.7445,0.0000,0.0000,0.0000,0.0000,-0.0000,0.0000,0.0000,-0.0000,0.0000,0.0000,-0.0000,0.0000
1789471340.7944,0.0000,0.0000,0.0000,0.0000,-0.0000,0.0000,0.0000,-0.0000,0.0000,0.0000,-0.0000,0.0000
1789471340.8446,0.0000,0.0000,0.0000,0.0000,-0.0000,0.0000,0.0000,-0.0000,0.0000,0.0000,-0.0000,0.0000
1789471340.8944,0.0000,0.0000,0.0000,0.0000,-0.0000,0.0000,0.0000,-0.0000,0.0000,0.0000,-0.0000,0.0000
1789471340.9445,0.0000,0.0000,0.0000,0.0000,-0.0000,0.0000,0.0000,-0.0000,0.0000,0.0000,-0.0000,0.0000
1789471340.9944,0.0000,0.0000,0.0000,0.0000,-0.0000,0.0000,0.0000,-0.0000,0.0000,0.0000,-0.0000,0.0000
1789471341.0444,0.0000,0.0000,0.0000,0.0000,-0.0000,0.0000,0.0000,-0.0000,0.0000,0.0000,-0.0000,0.0000
1789471341.0944,0.0000,0.0000,0.0000,0.0000,-0.0000,0.0000,0.0000,-0.0000,0.0000,0.0000,-0.0000,0.0000
1789471341.1445,0.0000,0.0000,0.0000,0.0000,-0.0000,0.0000,0.0000,-0.0000,0.0000,0.0000,-0.0000,0.0000
1789471341.1944,0.0000,0.0000,0.0000,0.0000,-0.0000,0.0000,0.0000,-0.0000,0.0000,0.0000,-0.0000,0.0000
1789471341.2443,0.0000,0.0000,0.0000,0.0000,-0.0000,0.0000,0.0000,-0.0000,0.0000,0.0000,-0.0000,0.0000
1789471341.2943,0.0000,0.0000,0.0000,0.0000,-0.0000,0.0000,0.0000,-0.0000,0.0000,0.0000,-0.0000,0.0000
1789471341.3444,0.0000,0.0000,0.0000,0.0000,-0.0000,0.0000,0.0000,-0.0000,0.0000,0.0000,-0.0000,0.0000
1789471341.3944,0.0000,0.0000,0.0000,0.0000,-0.0000,0.0000,0.0000,-0.0000,0.0000,0.0000,-0.0000,0.0000
1789471341.4446,0.0000,0.0000,0.0000,0.0000,-0.0000,0.0000,0.0000,-0.0000,0.0000,0.0000,-0.0000,0.0000
1789471341.4943,0.0000,0.0000,0.0000,0.0000,-0.0000,0.0000,0.0000,-0.0000,0.0000,0.0000,-0.0000,0.0000
1789471341.5444,0.0000,0.0000,0.0000,0.0000,-0.0000,0.0000,0.0000,-0.0000,0.0000,0.0000,-0.0000,0.0000
1789471341.5944,0.0000,0.0000,0.0000,0.0000,-0.0000,0.0000,0.0000,-0.0000,0.0000,0.0000,-0.0000,0.0000
1789471341.6445,0.0000,0.0000,0.0000,0.0000,-0.0000,0.0000,0.0000,-0.0000,0.0000,0.0000,-0.0000,0.0000
1789471341.6944,0.0000,0.0000,0.0000,0.0000,-0.0000,0.0000,0.0000,-0.0000,0.0000,0.0000,-0.0000,0.0000
1789471341.7446,0.0000,0.0000,0.0000,0.0000,-0.0000,0.0000,0.0000,-0.0000,0.0000,0.0000,-0.0000,0.0000
1789471341.7944,0.0000,0.0000,0.0000,0.0000,-0.0000,0.0000,0.0000,-0.0000,0.0000,0.0000,-0.0000,0.0000
1789471341.8446,0.0000,0.0000,0.0000,0.0000,-0.0000,0.0000,0.0000,-0.0000,0.0000,0.0000,-0.0000,0.0000
1789471341.8944,0.0000,0.0000,0.0000,0.0000,-0.0000,0.0000,0.0000,-0.0000,0.0000,0.0000,-0.0000,0.0000
1789471341.9446,0.0000,0.0000,0.0000,0.0000,-0.0000,0.0000,0.0000,-0.0000,0.0000,0.0000,-0.0000,0.0000
1789471341.9945,0.0000,0.0000,0.0000,0.0000,-0.0000,0.0000,0.0000,-0.0000,0.0000,0.0000,-0.0000,0.0000
1789471342.0444,0.0000,0.0000,0.0000,0.0000,-0.0000,0.0000,0.0000,-0.0000,0.0000,0.0000,-0.0000,0.0000
1789471342.0944,0.0000,0.0000,0.0000,0.0000,-0.0000,0.0000,0.0000,-0.0000,0.0000,0.0000,-0.0000,0.0000
1789471342.1444,0.0000,0.0000,0.0000,0.0000,-0.0000,0.0000,0.0000,-0.0000,0.0000,0.0000,-0.0000,0.0000
1789471342.1945,0.0000,0.0000,0.0000,0.0000,-0.0000,0.0000,0.0000,-0.0000,0.0000,0.0000,-0.0000,0.0000
1789471342.2447,0.0000,0.0000,0.0000,0.0000,-0.0000,0.0000,0.0000,-0.0000,0.0000,0.0000,-0.0000,0.0000
1789471342.2944,0.0000,0.0000,0.0000,0.0000,-0.0000,0.0000,0.0000,-0.0000,0.0000,0.0000,-0.0000,0.0000
1789471342.3444,0.0000,0.0000,0.0000,0.0000,-0.0000,0.0000,0.0000,-0.0000,0.0000,0.0000,-0.0000,0.0000
1789471342.3944,0.0000,0.0000,0.0000,0.0000,-0.0000,0.0000,0.0000,-0.0000,0.0000,0.0000,-0.0000,0.0000
1789471342.4445,0.0000,0.0000,0.0000,0.0000,-0.0000,0.0000,0.0000,-0.0000,0.0000,0.0000,-0.0000,0.0000
1789471342.4945,0.0000,0.0000,0.0000,0.0000,-0.0000,0.0000,0.0000,-0.0000,0.0000,0.0000,-0.0000,0.0000
1789471342.5450,0.0000,0.0000,0.0000,0.0000,-0.0000,0.0000,0.0000,-0.0000,0.0000,0.0000,-0.0000,0.0000
1789471342.5945,0.0000,0.0000,0.0000,0.0000,-0.0000,0.0000,0.0000,-0.0000,0.0000,0.0000,-0.0000,0.0000
1789471342.6444,0.0000,0.0000,0.0000,0.0000,-0.0000,0.0000,0.0000,-0.0000,0.0000,0.0000,-0.0000,0.0000
1789471342.6944,0.0000,0.0000,0.0000,0.0000,-0.0000,0.0000,0.0000,-0.0000,0.0000,0.0000,-0.0000,0.0000
1789471342.7445,0.0000,0.0000,0.0000,0.0000,-0.0000,0.0000,0.0000,-0.0000,0.0000,0.0000,-0.0000,0.0000
1789471342.7943,0.0000,0.0000,0.0000,0.0000,-0.0000,0.0000,0.0000,-0.0000,0.0000,0.0000,-0.0000,0.0000
1789471342.8446,0.0000,0.0000,0.0000,0.0000,-0.0000,0.0000,0.0000,-0.0000,0.0000,0.0000,-0.0000,0.0000
1789471342.8945,0.0000,0.0000,0.0000,0.0000,-0.0000,0.0000,0.0000,-0.0000,0.0000,0.0000,-0.0000,0.0000
1789471342.9444,0.0000,0.0000,0.0000,0.0000,-0.0000,0.0000,0.0000,-0.0000,0.0000,0.0000,-0.0000,0.0000
1789471342.9943,0.0000,0.0000,0.0000,0.0000,-0.0000,0.0000,0.0000,-0.0000,0.0000,0.0000,-0.0000,0.0000
1789471343.0444,0.0000,0.0000,0.0000,0.0000,-0.0000,0.0000,0.0000,-0.0000,0.0000,0.0000,-0.0000,0.0000
1789471343.0943,0.0000,0.0000,0.0000,0.0000,-0.0000,0.0000,0.0000,-0.0000,0.0000,0.0000,-0.0000,0.0000
1789471343.1445,0.0000,0.0000,0.0000,0.0000,-0.0000,0.0000,0.0000,-0.0000,0.0000,0.0000,-0.0000,0.0000
1789471343.1944,0.0000,0.0000,0.0000,0.0000,-0.0000,0.0000,0.0000,-0.0000,0.0000,0.0000,-0.0000,0.0000
1789471343.2447,0.0000,0.0000,0.0000,0.0000,-0.0000,0.0000,0.0000,-0.0000,0.0000,0.0000,-0.0000,0.0000
1789471343.2945,0.0000,0.0000,0.0000,0.0000,-0.0000,0.0000,0.0000,-0.0000,0.0000,0.0000,-0.0000,0.0000
1789471343.3444,0.0000,0.0000,0.0000,0.0000,-0.0000,0.0000,0.0000,-0.0000,0.0000,0.0000,-0.0000,0.0000
1789471343.3945,0.0000,0.0000,0.0000,0.0000,-0.0000,0.0000,0.0000,-0.0000,0.0000,0.0000,-0.0000,0.0000
1789471343.4446,0.0000,0.0000,0.0000,0.0000,-0.0000,0.0000,0.0000,-0.0000,0.0000,0.0000,-0.0000,0.0000
1789471343.4944,0.0000,0.0000,0.0000,0.0000,-0.0000,0.0000,0.0000,-0.0000,0.0000,0.0000,-0.0000,0.0000
1789471343.5444,0.0000,0.0000,0.0000,0.0000,-0.0000,0.0000,0.0000,-0.0000,0.0000,0.0000,-0.0000,0.0000
1789471343.5945,0.0000,0.0000,0.0000,0.0000,-0.0000,0.0000,0.0000,-0.0000,0.0000,0.0000,-0.0000,0.0000
1789471343.6446,0.0000,0.0000,0.0000,0.0000,-0.0000,0.0000,0.0000,-0.0000,0.0000,0.0000,-0.0000,0.0000
1789471343.6944,0.0000,0.0000,0.0000,0.0000,-0.0000,0.0000,0.0000,-0.0000,0.0000,0.0000,-0.0000,0.0000
1789471343.7445,0.0000,0.0000,0.0000,0.0000,-0.0000,0.0000,0.0000,-0.0000,0.0000,0.0000,-0.0000,0.0000
1789471343.7945,0.0000,0.0000,0.0000,0.0000,-0.0000,0.0000,0.0000,-0.0000,0.0000,0.0000,-0.0000,0.0000
1789471343.8446,0.0000,0.0000,0.0000,0.0000,-0.0000,0.0000,0.0000,-0.0000,0.0000,0.0000,-0.0000,0.0000
1789471343.8944,0.0000,0.0000,0.0000,0.0000,-0.0000,0.0000,0.0000,-0.0000,0.0000,0.0000,-0.0000,0.0000
1789471343.9446,0.0000,0.0000,0.0000,0.0000,-0.0000,0.0000,0.0000,-0.0000,0.0000,0.0000,-0.0000,0.0000
1789471343.9945,0.0000,0.0000,0.0000,0.0000,-0.0000,0.0000,0.0000,-0.0000,0.0000,0.0000,-0.0000,0.0000
1789471344.0444,0.0000,0.0000,0.0000,0.0000,-0.0000,0.0000,0.0000,-0.0000,0.0000,0.0000,-0.0000,0.0000
1789471344.0944,0.0000,0.0000,0.0000,0.0000,-0.0000,0.0000,0.0000,-0.0000,0.0000,0.0000,-0.0000,0.0000
1789471344.1446,0.0000,0.0000,0.0000,0.0000,-0.0000,0.0000,0.0000,-0.0000,0.0000,0.0000,-0.0000,0.0000
1789471344.1945,0.0000,0.0000,0.0000,0.0000,-0.0000,0.0000,0.0000,-0.0000,0.0000,0.0000,-0.0000,0.0000
1789471344.2445,0.0000,0.0000,0.0000,0.0000,-0.0000,0.0000,0.0000,-0.0000,0.0000,0.0000,-0.0000,0.0000
1789471344.2944,0.0000,0.0000,0.0000,0.0000,-0.0000,0.0000,0.0000,-0.0000,0.0000,0.0000,-0.0000,0.0000
1789471344.3445,0.0000,0.0000,0.0000,0.0000,-0.0000,0.0000,0.0000,-0.0000,0.0000,0.0000,-0.0000,0.0000
1789471344.3945,0.0000,0.0000,0.0000,0.0000,-0.0000,0.0000,0.0000,-0.0000,0.0000,0.0000,-0.0000,0.0000
1789471344.4445,0.0000,0.0000,0.0000,0.0000,-0.0000,0.0000,0.0000,-0.0000,0.0000,0.0000,-0.0000,0.0000
1789471344.4945,0.0000,0.0000,0.0000,0.0000,-0.0000,0.0000,0.0000,-0.0000,0.0000,0.0000,-0.0000,0.0000
1789471344.5446,0.0000,0.0000,0.0000,0.0000,-0.0000,0.0000,0.0000,-0.0000,0.0000,0.0000,-0.0000,0.0000
1789471344.5945,0.0000,0.0000,0.0000,0.0000,-0.0000,0.0000,0.0000,-0.0000,0.0000,0.0000,-0.0000,0.0000
1789471344.6445,0.0000,0.0000,0.0000,0.0000,-0.0000,0.0000,0.0000,-0.0000,0.0000,0.0000,-0.0000,0.0000
1789471344.6945,0.0000,0.0000,0.0000,0.0000,-0.0000,0.0000,0.0000,-0.0000,0.0000,0.0000,-0.0000,0.0000
1789471344.7444,0.0000,0.0000,0.0000,0.0000,-0.0000,0.0000,0.0000,-0.0000,0.0000,0.0000,-0.0000,0.0000
1789471344.7945,0.0000,0.0000,0.0000,0.0000,-0.0000,0.0000,0.0000,-0.0000,0.0000,0.0000,-0.0000,0.0000
1789471344.8445,0.0000,0.0000,0.0000,0.0000,-0.0000,0.0000,0.0000,-0.0000,0.0000,0.0000,-0.0000,0.0000
1789471344.8945,0.0000,0.0000,0.0000,0.0000,-0.0000,0.0000,0.0000,-0.0000,0.0000,0.0000,-0.0000,0.0000
1789471344.9445,0.0000,0.0000,0.0000,0.0000,-0.0000,0.0000,0.0000,-0.0000,0.0000,0.0000,-0.0000,0.0000
1789471344.9951,0.0000,0.0000,0.0000,0.0000,-0.0000,0.0000,0.0000,-0.0000,0.0000,0.0000,-0.0000,0.0000
1789471345.0446,0.0000,0.0000,0.0000,0.0000,-0.0000,0.0000,0.0000,-0.0000,0.0000,0.0000,-0.0000,0.0000
1789471345.0944,0.0000,0.0000,0.0000,0.0000,-0.0000,0.0000,0.0000,-0.0000,0.0000,0.0000,-0.0000,0.0000
1789471345.1445,0.0000,0.0000,0.0000,0.0000,-0.0000,0.0000,0.0000,-0.0000,0.0000,0.0000,-0.0000,0.0000
1789471345.1945,0.0000,0.0000,0.0000,0.0000,-0.0000,0.0000,0.0000,-0.0000,0.0000,0.0000,-0.0000,0.0000
1789471345.2445,0.0000,0.0000,0.0000,0.0000,-0.0000,0.0000,0.0000,-0.0000,0.0000,0.0000,-0.0000,0.0000
1789471345.2945,0.0000,0.0000,0.0000,0.0000,-0.0000,0.0000,0.0000,-0.0000,0.0000,0.0000,-0.0000,0.0000
1789471345.3454,0.0000,0.0000,0.0000,0.0000,-0.0000,0.0000,0.0000,-0.0000,0.0000,0.0000,-0.0000,0.0000
1789471345.3946,0.0000,0.0000,0.0000,0.0000,-0.0000,0.0000,0.0000,-0.0000,0.0000,0.0000,-0.0000,0.0000
1789471345.4444,0.0000,0.0000,0.0000,0.0000,-0.0000,0.0000,0.0000,-0.0000,0.0000,0.0000,-0.0000,0.0000
1789471345.4945,0.0000,0.0000,0.0000,0.0000,-0.0000,0.0000,0.0000,-0.0000,0.0000,0.0000,-0.0000,0.0000
1789471345.5445,0.0000,0.0000,0.0000,0.0000,-0.0000,0.0000,0.0000,-0.0000,0.0000,0.0000,-0.0000,0.0000
1789471345.5945,0.0000,0.0000,0.0000,0.0000,-0.0000,0.0000,0.0000,-0.0000,0.0000,0.0000,-0.0000,0.0000
1789471345.6445,0.0000,0.0000,0.0000,0.0000,-0.0000,0.0000,0.0000,-0.0000,0.0000,0.0000,-0.0000,0.0000
1789471345.6946,0.0000,0.0000,0.0000,0.0000,-0.0000,0.0000,0.0000,-0.0000,0.0000,0.0000,-0.0000,0.0000
1789471345.7445,0.0000,0.0000,0.0000,0.0000,-0.0000,0.0000,0.0000,-0.0000,0.0000,0.0000,-0.0000,0.0000
1789471345.7944,0.0000,0.0000,0.0000,0.0000,-0.0000,0.0000,0.0000,-0.0000,0.0000,0.0000,-0.0000,0.0000
1789471345.8446,0.0000,0.0000,0.0000,0.0000,-0.0000,0.0000,0.0000,-0.0000,0.0000,0.0000,-0.0000,0.0000
1789471345.8946,0.0000,0.0000,0.0000,0.0000,-0.0000,0.0000,0.0000,-0.0000,0.0000,0.0000,-0.0000,0.0000
1789471345.9447,0.0000,0.0000,0.0000,0.0000,-0.0000,0.0000,0.0000,-0.0000,0.0000,0.0000,-0.0000,0.0000
1789471345.9946,0.0000,0.0000,0.0000,0.0000,-0.0000,0.0000,0.0000,-0.0000,0.0000,0.0000,-0.0000,0.0000
1789471346.0446,0.0000,0.0000,0.0000,0.0000,-0.0000,0.0000,0.0000,-0.0000,0.0000,0.0000,-0.0000,0.0000
1789471346.0944,0.0000,0.0000,0.0000,0.0000,-0.0000,0.0000,0.0000,-0.0000,0.0000,0.0000,-0.0000,0.0000
1789471346.1445,0.0000,0.0000,0.0000,0.0000,-0.0000,0.0000,0.0000,-0.0000,0.0000,0.0000,-0.0000,0.0000
1789471346.1946,0.0000,0.0000,0.0000,0.0000,-0.0000,0.0000,0.0000,-0.0000,0.0000,0.0000,-0.0000,0.0000
1789471346.2445,0.0000,0.0000,0.0000,0.0000,-0.0000,0.0000,0.0000,-0.0000,0.0000,0.0000,-0.0000,0.0000
1789471346.2946,0.0000,0.0000,0.0000,0.0000,-0.0000,0.0000,0.0000,-0.0000,0.0000,0.0000,-0.0000,0.0000
1789471346.3446,0.0000,0.0000,0.0000,0.0000,-0.0000,0.0000,0.0000,-0.0000,0.0000,0.0000,-0.0000,0.0000
1789471346.3945,0.0000,0.0000,0.0000,0.0000,-0.0000,0.0000,0.0000,-0.0000,0.0000,0.0000,-0.0000,0.0000
1789471346.4447,0.0000,0.0000,0.0000,0.0000,-0.0000,0.0000,0.0000,-0.0000,0.0000,0.0000,-0.0000,0.0000
1789471346.4945,0.0000,0.0000,0.0000,0.0000,-0.0000,0.0000,0.0000,-0.0000,0.0000,0.0000,-0.0000,0.0000
1789471346.5447,0.0000,0.0000,0.0000,0.0000,-0.0000,0.0000,0.0000,-0.0000,0.0000,0.0000,-0.0000,0.0000
1789471346.5946,0.0000,0.0000,0.0000,0.0000,-0.0000,0.0000,0.0000,-0.0000,0.0000,0.0000,-0.0000,0.0000
1789471346.6449,0.0000,0.0000,0.0000,0.0000,-0.0000,0.0000,0.0000,-0.0000,0.0000,0.0000,-0.0000,0.0000
1789471346.6947,0.0000,0.0000,0.0000,0.0000,-0.0000,0.0000,0.0000,-0.0000,0.0000,0.0000,-0.0000,0.0000
1789471346.7448,0.0000,0.0000,0.0000,0.0000,-0.0000,0.0000,0.0000,-0.0000,0.0000,0.0000,-0.0000,0.0000
1789471346.7947,0.0000,0.0000,0.0000,0.0000,-0.0000,0.0000,0.0000,-0.0000,0.0000,0.0000,-0.0000,0.0000
1789471346.8443,0.0000,0.0000,0.0000,0.0000,-0.0000,0.0000,0.0000,-0.0000,0.0000,0.0000,-0.0000,0.0000
1789471346.8946,0.0000,0.0000,0.0000,0.0000,-0.0000,0.0000,0.0000,-0.0000,0.0000,0.0000,-0.0000,0.0000
1789471346.9446,0.0000,0.0000,0.0000,0.0000,-0.0000,0.0000,0.0000,-0.0000,0.0000,0.0000,-0.0000,0.0000
1789471346.9945,0.0000,0.0000,0.0000,0.0000,-0.0000,0.0000,0.0000,-0.0000,0.0000,0.0000,-0.0000,0.0000
1789471347.0446,0.0000,0.0000,0.0000,0.0000,-0.0000,0.0000,0.0000,-0.0000,0.0000,0.0000,-0.0000,0.0000
1789471347.0945,0.0000,0.0000,0.0000,0.0000,-0.0000,0.0000,0.0000,-0.0000,0.0000,0.0000,-0.0000,0.0000
1789471347.1446,0.0000,0.0000,0.0000,0.0000,-0.0000,0.0000,0.0000,-0.0000,0.0000,0.0000,-0.0000,0.0000
1789471347.1946,0.0000,0.0000,0.0000,0.0000,-0.0000,0.0000,0.0000,-0.0000,0.0000,0.0000,-0.0000,0.0000
1789471347.2447,0.0000,0.0000,0.0000,0.0000,-0.0000,0.0000,0.0000,-0.0000,0.0000,0.0000,-0.0000,0.0000
1789471347.2945,0.0000,0.0000,0.0000,0.0000,-0.0000,0.0000,0.0000,-0.0000,0.0000,0.0000,-0.0000,0.0000
1789471347.3445,0.0000,0.0000,0.0000,0.0000,-0.0000,0.0000,0.0000,-0.0000,0.0000,0.0000,-0.0000,0.0000
1789471347.3946,0.0000,0.0000,0.0000,0.0000,-0.0000,0.0000,0.0000,-0.0000,0.0000,0.0000,-0.0000,0.0000
1789471347.4446,0.0000,0.0000,0.0000,0.0000,-0.0000,0.0000,0.0000,-0.0000,0.0000,0.0000,-0.0000,0.0000
1789471347.4946,0.0000,0.0000,0.0000,0.0000,-0.0000,0.0000,0.0000,-0.0000,0.0000,0.0000,-0.0000,0.0000
1789471347.5445,0.0000,0.0000,0.0000,0.0000,-0.0000,0.0000,0.0000,-0.0000,0.0000,0.0000,-0.0000,0.0000
1789471347.5946,0.0000,0.0000,0.0000,0.0000,-0.0000,0.0000,0.0000,-0.0000,0.0000,0.0000,-0.0000,0.0000
1789471347.6445,0.0000,0.0000,0.0000,0.0000,-0.0000,0.0000,0.0000,-0.0000,0.0000,0.0000,-0.0000,0.0000
1789471347.6946,0.0000,0.0000,0.0000,0.0000,-0.0000,0.0000,0.0000,-0.0000,0.0000,0.0000,-0.0000,0.0000
1789471347.7446,0.0000,0.0000,0.0000,0.0000,-0.0000,0.0000,0.0000,-0.0000,0.0000,0.0000,-0.0000,0.0000
1789471347.7946,0.0000,0.0000,0.0000,0.0000,-0.0000,0.0000,0.0000,-0.0000,0.0000,0.0000,-0.0000,0.0000
1789471347.8446,0.0000,0.0000,0.0000,0.0000,-0.0000,0.0000,0.0000,-0.0000,0.0000,0.0000,-0.0000,0.0000
1789471347.8946,0.0000,0.0000,0.0000,0.0000,-0.0000,0.0000,0.0000,-0.0000,0.0000,0.0000,-0.0000,0.0000
1789471347.9446,0.0000,0.0000,0.0000,0.0000,-0.0000,0.0000,0.0000,-0.0000,0.0000,0.0000,-0.0000,0.0000
1789471347.9946,0.0000,0.0000,0.0000,0.0000,-0.0000,0.0000,0.0000,-0.0000,0.0000,0.0000,-0.0000,0.0000
1789471348.0446,0.0000,0.0000,0.0000,0.0000,-0.0000,0.0000,0.0000,-0.0000,0.0000,0.0000,-0.0000,0.0000
1789471348.0946,0.0000,0.0000,0.0000,0.0000,-0.0000,0.0000,0.0000,-0.0000,0.0000,0.0000,-0.0000,0.0000
1789471348.1446,0.0000,0.0000,0.0000,0.0000,-0.0000,0.0000,0.0000,-0.0000,0.0000,0.0000,-0.0000,0.0000
1789471348.1944,0.0000,0.0000,0.0000,0.0000,-0.0000,0.0000,0.0000,-0.0000,0.0000,0.0000,-0.0000,0.0000
1789471348.2447,0.0000,0.0000,0.0000,0.0000,-0.0000,0.0000,0.0000,-0.0000,0.0000,0.0000,-0.0000,0.0000
1789471348.2946,0.0000,0.0000,0.0000,0.0000,-0.0000,0.0000,0.0000,-0.0000,0.0000,0.0000,-0.0000,0.0000
1789471348.3444,0.0000,0.0000,0.0000,0.0000,-0.0000,0.0000,0.0000,-0.0000,0.0000,0.0000,-0.0000,0.0000
1789471348.3946,0.0000,0.0000,0.0000,0.0000,-0.0000,0.0000,0.0000,-0.0000,0.0000,0.0000,-0.0000,0.0000
1789471348.4447,0.0000,0.0000,0.0000,0.0000,-0.0000,0.0000,0.0000,-0.0000,0.0000,0.0000,-0.0000,0.0000
1789471348.4945,0.0000,0.0000,0.0000,0.0000,-0.0000,0.0000,0.0000,-0.0000,0.0000,0.0000,-0.0000,0.0000
1789471348.5446,0.0000,0.0000,0.0000,0.0000,-0.0000,0.0000,0.0000,-0.0000,0.0000,0.0000,-0.0000,0.0000
1789471348.5946,0.0000,0.0000,0.0000,0.0000,-0.0000,0.0000,0.0000,-0.0000,0.0000,0.0000,-0.0000,0.0000
1789471348.6446,0.0000,0.0000,0.0000,0.0000,-0.0000,0.0000,0.0000,-0.0000,0.0000,0.0000,-0.0000,0.0000
1789471348.6944,0.0000,0.0000,0.0000,0.0000,-0.0000,0.0000,0.0000,-0.0000,0.0000,0.0000,-0.0000,0.0000
1789471348.7447,0.0000,0.0000,0.0000,0.0000,-0.0000,0.0000,0.0000,-0.0000,0.0000,0.0000,-0.0000,0.0000
1789471348.7946,0.0000,0.0000,0.0000,0.0000,-0.0000,0.0000,0.0000,-0.0000,0.0000,0.0000,-0.0000,0.0000
1789471348.8446,0.0000,0.0000,0.0000,0.0000,-0.0000,0.0000,0.0000,-0.0000,0.0000,0.0000,-0.0000,0.0000
1789471348.8945,0.0000,0.0000,0.0000,0.0000,-0.0000,0.0000,0.0000,-0.0000,0.0000,0.0000,-0.0000,0.0000
1789471348.9447,0.0000,0.0000,0.0000,0.0000,-0.0000,0.0000,0.0000,-0.0000,0.0000,0.0000,-0.0000,0.0000
1789471348.9946,0.0000,0.0000,0.0000,0.0000,-0.0000,0.0000,0.0000,-0.0000,0.0000,0.0000,-0.0000,0.0000
1789471349.0446,0.0000,0.0000,0.0000,0.0000,-0.0000,0.0000,0.0000,-0.0000,0.0000,0.0000,-0.0000,0.0000
1789471349.0946,0.0000,0.0000,0.0000,0.0000,-0.0000,0.0000,0.0000,-0.0000,0.0000,0.0000,-0.0000,0.0000
1789471349.1447,0.0000,0.0000,0.0000,0.0000,-0.0000,0.0000,0.0000,-0.0000,0.0000,0.0000,-0.0000,0.0000
1789471349.1945,0.0000,0.0000,0.0000,0.0000,-0.0000,0.0000,0.0000,-0.0000,0.0000,0.0000,-0.0000,0.0000
1789471349.2447,0.0000,0.0000,0.0000,0.0000,-0.0000,0.0000,0.0000,-0.0000,0.0000,0.0000,-0.0000,0.0000
1789471349.2946,0.0000,0.0000,0.0000,0.0000,-0.0000,0.0000,0.0000,-0.0000,0.0000,0.0000,-0.0000,0.0000
1789471349.3446,0.0000,0.0000,0.0000,0.0000,-0.0000,0.0000,0.0000,-0.0000,0.0000,0.0000,-0.0000,0.0000
1789471349.3944,0.0000,0.0000,0.0000,0.0000,-0.0000,0.0000,0.0000,-0.0000,0.0000,0.0000,-0.0000,0.0000
1789471349.4447,0.0000,0.0000,0.0000,0.0000,-0.0000,0.0000,0.0000,-0.0000,0.0000,0.0000,-0.0000,0.0000
1789471349.4947,0.0000,0.0000,0.0000,0.0000,-0.0000,0.0000,0.0000,-0.0000,0.0000,0.0000,-0.0000,0.0000
1789471349.5446,0.0000,0.0000,0.0000,0.0000,-0.0000,0.0000,0.0000,-0.0000,0.0000,0.0000,-0.0000,0.0000
1789471349.5946,0.0000,0.0000,0.0000,0.0000,-0.0000,0.0000,0.0000,-0.0000,0.0000,0.0000,-0.0000,0.0000
1789471349.6449,0.0000,0.0000,0.0000,0.0000,-0.0000,0.0000,0.0000,-0.0000,0.0000,0.0000,-0.0000,0.0000
1789471349.6947,0.0000,0.0000,0.0000,0.0000,-0.0000,0.0000,0.0000,-0.0000,0.0000,0.0000,-0.0000,0.0000
1789471349.7446,0.0000,0.0000,0.0000,0.0000,-0.0000,0.0000,0.0000,-0.0000,0.0000,0.0000,-0.0000,0.0000
1789471349.7947,0.0000,0.0000,0.0000,0.0000,-0.0000,0.0000,0.0000,-0.0000,0.0000,0.0000,-0.0000,0.0000
1789471349.8447,0.0000,0.0000,0.0000,0.0000,-0.0000,0.0000,0.0000,-0.0000,0.0000,0.0000,-0.0000,0.0000
1789471349.8947,0.0000,0.0000,0.0000,0.0000,-0.0000,0.0000,0.0000,-0.0000,0.0000,0.0000,-0.0000,0.0000
1789471349.9446,0.0000,0.0000,0.0000,0.0000,-0.0000,0.0000,0.0000,-0.0000,0.0000,0.0000,-0.0000,0.0000
1789471349.9953,0.0000,0.0000,0.0000,0.0000,-0.0000,0.0000,0.0000,-0.0000,0.0000,0.0000,-0.0000,0.0000
1789471350.0447,0.0000,0.0000,0.0000,0.0000,-0.0000,0.0000,0.0000,-0.0000,0.0000,0.0000,-0.0000,0.0000
1789471350.0945,0.0000,0.0000,0.0000,0.0000,-0.0000,0.0000,0.0000,-0.0000,0.0000,0.0000,-0.0000,0.0000
1789471350.1446,0.0000,0.0000,0.0000,0.0000,-0.0000,0.0000,0.0000,-0.0000,0.0000,0.0000,-0.0000,0.0000
1789471350.1947,0.0000,0.0000,0.0000,0.0000,-0.0000,0.0000,0.0000,-0.0000,0.0000,0.0000,-0.0000,0.0000
1789471350.2447,0.0000,0.0000,0.0000,0.0000,-0.0000,0.0000,0.0000,-0.0000,0.0000,0.0000,-0.0000,0.0000
1789471350.2947,0.0000,0.0000,0.0000,0.0000,-0.0000,0.0000,0.0000,-0.0000,0.0000,0.0000,-0.0000,0.0000
1789471350.3447,0.0000,0.0000,0.0000,0.0000,-0.0000,0.0000,0.0000,-0.0000,0.0000,0.0000,-0.0000,0.0000
1789471350.3947,0.0000,0.0000,0.0000,0.0000,-0.0000,0.0000,0.0000,-0.0000,0.0000,0.0000,-0.0000,0.0000
1789471350.4446,0.0000,0.0000,0.0000,0.0000,-0.0000,0.0000,0.0000,-0.0000,0.0000,0.0000,-0.0000,0.0000
1789471350.4947,0.0000,0.0000,0.0000,0.0000,-0.0000,0.0000,0.0000,-0.0000,0.0000,0.0000,-0.0000,0.0000
1789471350.5447,0.0000,0.0000,0.0000,0.0000,-0.0000,0.0000,0.0000,-0.0000,0.0000,0.0000,-0.0000,0.0000
1789471350.5947,0.0000,0.0000,0.0000,0.0000,-0.0000,0.0000,0.0000,-0.0000,0.0000,0.0000,-0.0000,0.0000
1789471350.6446,0.0000,0.0000,0.0000,0.0000,-0.0000,0.0000,0.0000,-0.0000,0.0000,0.0000,-0.0000,0.0000
1789471350.6948,0.0000,0.0000,0.0000,0.0000,-0.0000,0.0000,0.0000,-0.0000,0.0000,0.0000,-0.0000,0.0000
1789471350.7446,0.0000,0.0000,0.0000,0.0000,-0.0000,0.0000,0.0000,-0.0000,0.0000,0.0000,-0.0000,0.0000
1789471350.7946,0.0000,0.0000,0.0000,0.0000,-0.0000,0.0000,0.0000,-0.0000,0.0000,0.0000,-0.0000,0.0000
1789471350.8447,0.0000,0.0000,0.0000,0.0000,-0.0000,0.0000,0.0000,-0.0000,0.0000,0.0000,-0.0000,0.0000
1789471350.8946,0.0000,0.0000,0.0000,0.0000,-0.0000,0.0000,0.0000,-0.0000,0.0000,0.0000,-0.0000,0.0000
1789471350.9446,0.0000,0.0000,0.0000,0.0000,-0.0000,0.0000,0.0000,-0.0000,0.0000,0.0000,-0.0000,0.0000
1789471350.9947,0.0000,0.0000,0.0000,0.0000,-0.0000,0.0000,0.0000,-0.0000,0.0000,0.0000,-0.0000,0.0000
1789471351.0449,0.0000,0.0000,0.0000,0.0000,-0.0000,0.0000,0.0000,-0.0000,0.0000,0.0000,-0.0000,0.0000
1789471351.0946,0.0000,0.0000,0.0000,0.0000,-0.0000,0.0000,0.0000,-0.0000,0.0000,0.0000,-0.0000,0.0000
1789471351.1446,0.0000,0.0000,0.0000,0.0000,-0.0000,0.0000,0.0000,-0.0000,0.0000,0.0000,-0.0000,0.0000
1789471351.1947,0.0000,0.0000,0.0000,0.0000,-0.0000,0.0000,0.0000,-0.0000,0.0000,0.0000,-0.0000,0.0000
1789471351.2446,0.0000,0.0000,0.0000,0.0000,-0.0000,0.0000,0.0000,-0.0000,0.0000,0.0000,-0.0000,0.0000
1789471351.2946,0.0000,0.0000,0.0000,0.0000,-0.0000,0.0000,0.0000,-0.0000,0.0000,0.0000,-0.0000,0.0000
1789471351.3447,0.0000,0.0000,0.0000,0.0000,-0.0000,0.0000,0.0000,-0.0000,0.0000,0.0000,-0.0000,0.0000
1789471351.3946,0.0000,0.0000,0.0000,0.0000,-0.0000,0.0000,0.0000,-0.0000,0.0000,0.0000,-0.0000,0.0000
1789471351.4446,0.0000,0.0000,0.0000,0.0000,-0.0000,0.0000,0.0000,-0.0000,0.0000,0.0000,-0.0000,0.0000
1789471351.4946,0.0000,0.0000,0.0000,0.0000,-0.0000,0.0000,0.0000,-0.0000,0.0000,0.0000,-0.0000,0.0000
1789471351.5449,0.0000,0.0000,0.0000,0.0000,-0.0000,0.0000,0.0000,-0.0000,0.0000,0.0000,-0.0000,0.0000
1789471351.5947,0.0000,0.0000,0.0000,0.0000,-0.0000,0.0000,0.0000,-0.0000,0.0000,0.0000,-0.0000,0.0000
1789471351.6446,0.0000,0.0000,0.0000,0.0000,-0.0000,0.0000,0.0000,-0.0000,0.0000,0.0000,-0.0000,0.0000
1789471351.6947,0.0000,0.0000,0.0000,0.0000,-0.0000,0.0000,0.0000,-0.0000,0.0000,0.0000,-0.0000,0.0000
1789471351.7447,0.0000,0.0000,0.0000,0.0000,-0.0000,0.0000,0.0000,-0.0000,0.0000,0.0000,-0.0000,0.0000
1789471351.7946,0.0000,0.0000,0.0000,0.0000,-0.0000,0.0000,0.0000,-0.0000,0.0000,0.0000,-0.0000,0.0000
1789471351.8446,0.0000,0.0000,0.0000,0.0000,-0.0000,0.0000,0.0000,-0.0000,0.0000,0.0000,-0.0000,0.0000
1789471351.8947,0.0000,0.0000,0.0000,0.0000,-0.0000,0.0000,0.0000,-0.0000,0.0000,0.0000,-0.0000,0.0000
1789471351.9447,0.0000,0.0000,0.0000,0.0000,-0.0000,0.0000,0.0000,-0.0000,0.0000,0.0000,-0.0000,0.0000
1789471351.9946,0.0000,0.0000,0.0000,0.0000,-0.0000,0.0000,0.0000,-0.0000,0.0000,0.0000,-0.0000,0.0000
1789471352.0448,0.0000,0.0000,0.0000,0.0000,-0.0000,0.0000,0.0000,-0.0000,0.0000,0.0000,-0.0000,0.0000
1789471352.0945,0.0000,0.0000,0.0000,0.0000,-0.0000,0.0000,0.0000,-0.0000,0.0000,0.0000,-0.0000,0.0000
1789471352.1447,0.0000,0.0000,0.0000,0.0000,-0.0000,0.0000,0.0000,-0.0000,0.0000,0.0000,-0.0000,0.0000
1789471352.1946,0.0000,0.0000,0.0000,0.0000,-0.0000,0.0000,0.0000,-0.0000,0.0000,0.0000,-0.0000,0.0000
1789471352.2448,0.0000,0.0000,0.0000,0.0000,-0.0000,0.0000,0.0000,-0.0000,0.0000,0.0000,-0.0000,0.0000
1789471352.2947,0.0000,0.0000,0.0000,0.0000,-0.0000,0.0000,0.0000,-0.0000,0.0000,0.0000,-0.0000,0.0000
1789471352.3447,0.0000,0.0000,0.0000,0.0000,-0.0000,0.0000,0.0000,-0.0000,0.0000,0.0000,-0.0000,0.0000
1789471352.3947,0.0000,0.0000,0.0000,0.0000,-0.0000,0.0000,0.0000,-0.0000,0.0000,0.0000,-0.0000,0.0000
1789471352.4448,0.0000,0.0000,0.0000,0.0000,-0.0000,0.0000,0.0000,-0.0000,0.0000,0.0000,-0.0000,0.0000
1789471352.4947,0.0000,0.0000,0.0000,0.0000,-0.0000,0.0000,0.0000,-0.0000,0.0000,0.0000,-0.0000,0.0000
1789471352.5446,0.0000,0.0000,0.0000,0.0000,-0.0000,0.0000,0.0000,-0.0000,0.0000,0.0000,-0.0000,0.0000
1789471352.5947,0.0000,0.0000,0.0000,0.0000,-0.0000,0.0000,0.0000,-0.0000,0.0000,0.0000,-0.0000,0.0000
1789471352.6446,0.0000,0.0000,0.0000,0.0000,-0.0000,0.0000,0.0000,-0.0000,0.0000,0.0000,-0.0000,0.0000
1789471352.6947,0.0000,0.0000,0.0000,0.0000,-0.0000,0.0000,0.0000,-0.0000,0.0000,0.0000,-0.0000,0.0000
1789471352.7448,0.0000,0.0000,0.0000,0.0000,-0.0000,0.0000,0.0000,-0.0000,0.0000,0.0000,-0.0000,0.0000
1789471352.7954,0.0000,0.0000,0.0000,0.0000,-0.0000,0.0000,0.0000,-0.0000,0.0000,0.0000,-0.0000,0.0000
1789471352.8446,0.0000,0.0000,0.0000,0.0000,-0.0000,0.0000,0.0000,-0.0000,0.0000,0.0000,-0.0000,0.0000
1789471352.8947,0.0000,0.0000,0.0000,0.0000,-0.0000,0.0000,0.0000,-0.0000,0.0000,0.0000,-0.0000,0.0000
1789471352.9447,0.0000,0.0000,0.0000,0.0000,-0.0000,0.0000,0.0000,-0.0000,0.0000,0.0000,-0.0000,0.0000
1789471352.9947,0.0000,0.0000,0.0000,0.0000,-0.0000,0.0000,0.0000,-0.0000,0.0000,0.0000,-0.0000,0.0000
1789471353.0447,0.0000,0.0000,0.0000,0.0000,-0.0000,0.0000,0.0000,-0.0000,0.0000,0.0000,-0.0000,0.0000
1789471353.0943,0.0000,0.0000,0.0000,0.0000,-0.0000,0.0000,0.0000,-0.0000,0.0000,0.0000,-0.0000,0.0000
1789471353.1460,0.0000,0.0000,0.0000,0.0000,-0.0000,0.0000,0.0000,-0.0000,0.0000,0.0000,-0.0000,0.0000
1789471353.1947,0.0000,0.0000,0.0000,0.0000,-0.0000,0.0000,0.0000,-0.0000,0.0000,0.0000,-0.0000,0.0000
1789471353.2448,0.0000,0.0000,0.0000,0.0000,-0.0000,0.0000,0.0000,-0.0000,0.0000,0.0000,-0.0000,0.0000
1789471353.2947,0.0000,0.0000,0.0000,0.0000,-0.0000,0.0000,0.0000,-0.0000,0.0000,0.0000,-0.0000,0.0000
1789471353.3448,0.0000,0.0000,0.0000,0.0000,-0.0000,0.0000,0.0000,-0.0000,0.0000,0.0000,-0.0000,0.0000
1789471353.3947,0.0000,0.0000,0.0000,0.0000,-0.0000,0.0000,0.0000,-0.0000,0.0000,0.0000,-0.0000,0.0000
1789471353.4447,0.0000,0.0000,0.0000,0.0000,-0.0000,0.0000,0.0000,-0.0000,0.0000,0.0000,-0.0000,0.0000
1789471353.4947,0.0000,0.0000,0.0000,0.0000,-0.0000,0.0000,0.0000,-0.0000,0.0000,0.0000,-0.0000,0.0000
1789471353.5448,0.0000,0.0000,0.0000,0.0000,-0.0000,0.0000,0.0000,-0.0000,0.0000,0.0000,-0.0000,0.0000
1789471353.5946,0.0000,0.0000,0.0000,0.0000,-0.0000,0.0000,0.0000,-0.0000,0.0000,0.0000,-0.0000,0.0000
1789471353.6447,0.0000,0.0000,0.0000,0.0000,-0.0000,0.0000,0.0000,-0.0000,0.0000,0.0000,-0.0000,0.0000
1789471353.6947,0.0000,0.0000,0.0000,0.0000,-0.0000,0.0000,0.0000,-0.0000,0.0000,0.0000,-0.0000,0.0000
1789471353.7448,0.0000,0.0000,0.0000,0.0000,-0.0000,0.0000,0.0000,-0.0000,0.0000,0.0000,-0.0000,0.0000
1789471353.7948,0.0000,0.0000,0.0000,0.0000,-0.0000,0.0000,0.0000,-0.0000,0.0000,0.0000,-0.0000,0.0000
1789471353.8447,0.0000,0.0000,0.0000,0.0000,-0.0000,0.0000,0.0000,-0.0000,0.0000,0.0000,-0.0000,0.0000
1789471353.8948,0.0000,0.0000,0.0000,0.0000,-0.0000,0.0000,0.0000,-0.0000,0.0000,0.0000,-0.0000,0.0000
1789471353.9447,0.0000,0.0000,0.0000,0.0000,-0.0000,0.0000,0.0000,-0.0000,0.0000,0.0000,-0.0000,0.0000
1789471353.9948,0.0000,0.0000,0.0000,0.0000,-0.0000,0.0000,0.0000,-0.0000,0.0000,0.0000,-0.0000,0.0000
1789471354.0447,0.0000,0.0000,0.0000,0.0000,-0.0000,0.0000,0.0000,-0.0000,0.0000,0.0000,-0.0000,0.0000
1789471354.0946,0.0000,0.0000,0.0000,0.0000,-0.0000,0.0000,0.0000,-0.0000,0.0000,0.0000,-0.0000,0.0000
1789471354.1447,0.0000,0.0000,0.0000,0.0000,-0.0000,0.0000,0.0000,-0.0000,0.0000,0.0000,-0.0000,0.0000
1789471354.1949,0.0000,0.0000,0.0000,0.0000,-0.0000,0.0000,0.0000,-0.0000,0.0000,0.0000,-0.0000,0.0000
1789471354.2448,0.0000,0.0000,0.0000,0.0000,-0.0000,0.0000,0.0000,-0.0000,0.0000,0.0000,-0.0000,0.0000
1789471354.2947,0.0000,0.0000,0.0000,0.0000,-0.0000,0.0000,0.0000,-0.0000,0.0000,0.0000,-0.0000,0.0000
1789471354.3447,0.0000,0.0000,0.0000,0.0000,-0.0000,0.0000,0.0000,-0.0000,0.0000,0.0000,-0.0000,0.0000
1789471354.3947,0.0000,0.0000,0.0000,0.0000,-0.0000,0.0000,0.0000,-0.0000,0.0000,0.0000,-0.0000,0.0000
1789471354.4448,0.0000,0.0000,0.0000,0.0000,-0.0000,0.0000,0.0000,-0.0000,0.0000,0.0000,-0.0000,0.0000
1789471354.4947,0.0000,0.0000,0.0000,0.0000,-0.0000,0.0000,0.0000,-0.0000,0.0000,0.0000,-0.0000,0.0000
1789471354.5449,0.0000,0.0000,0.0000,0.0000,-0.0000,0.0000,0.0000,-0.0000,0.0000,0.0000,-0.0000,0.0000
1789471354.5948,0.0000,0.0000,0.0000,0.0000,-0.0000,0.0000,0.0000,-0.0000,0.0000,0.0000,-0.0000,0.0000
1789471354.6449,0.0000,0.0000,0.0000,0.0000,-0.0000,0.0000,0.0000,-0.0000,0.0000,0.0000,-0.0000,0.0000
1789471354.6951,0.0000,0.0000,0.0000,0.0000,-0.0000,0.0000,0.0000,-0.0000,0.0000,0.0000,-0.0000,0.0000
1789471354.7448,0.0000,0.0000,0.0000,0.0000,-0.0000,0.0000,0.0000,-0.0000,0.0000,0.0000,-0.0000,0.0000
1789471354.7949,0.0000,0.0000,0.0000,0.0000,-0.0000,0.0000,0.0000,-0.0000,0.0000,0.0000,-0.0000,0.0000
1789471354.8446,0.0000,0.0000,0.0000,0.0000,-0.0000,0.0000,0.0000,-0.0000,0.0000,0.0000,-0.0000,0.0000
1789471354.8948,0.0000,0.0000,0.0000,0.0000,-0.0000,0.0000,0.0000,-0.0000,0.0000,0.0000,-0.0000,0.0000
1789471354.9448,0.0000,0.0000,0.0000,0.0000,-0.0000,0.0000,0.0000,-0.0000,0.0000,0.0000,-0.0000,0.0000
1789471354.9948,0.0000,0.0000,0.0000,0.0000,-0.0000,0.0000,0.0000,-0.0000,0.0000,0.0000,-0.0000,0.0000
1789471355.0449,0.0000,0.0000,0.0000,0.0000,-0.0000,0.0000,0.0000,-0.0000,0.0000,0.0000,-0.0000,0.0000
1789471355.0946,0.0000,0.0000,0.0000,0.0000,-0.0000,0.0000,0.0000,-0.0000,0.0000,0.0000,-0.0000,0.0000
1789471355.1447,0.0000,0.0000,0.0000,0.0000,-0.0000,0.0000,0.0000,-0.0000,0.0000,0.0000,-0.0000,0.0000
1789471355.1948,0.0000,0.0000,0.0000,0.0000,-0.0000,0.0000,0.0000,-0.0000,0.0000,0.0000,-0.0000,0.0000
1789471355.2447,0.0000,0.0000,0.0000,0.0000,-0.0000,0.0000,0.0000,-0.0000,0.0000,0.0000,-0.0000,0.0000
1789471355.2947,0.0000,0.0000,0.0000,0.0000,-0.0000,0.0000,0.0000,-0.0000,0.0000,0.0000,-0.0000,0.0000
1789471355.3446,0.0000,0.0000,0.0000,0.0000,-0.0000,0.0000,0.0000,-0.0000,0.0000,0.0000,-0.0000,0.0000
1789471355.3947,0.0000,0.0000,0.0000,0.0000,-0.0000,0.0000,0.0000,-0.0000,0.0000,0.0000,-0.0000,0.0000
1789471355.4448,0.0000,0.0000,0.0000,0.0000,-0.0000,0.0000,0.0000,-0.0000,0.0000,0.0000,-0.0000,0.0000
1789471355.4949,0.0000,0.0000,0.0000,0.0000,-0.0000,0.0000,0.0000,-0.0000,0.0000,0.0000,-0.0000,0.0000
1789471355.5448,0.0000,0.0000,0.0000,0.0000,-0.0000,0.0000,0.0000,-0.0000,0.0000,0.0000,-0.0000,0.0000
1789471355.5948,0.0000,0.0000,0.0000,0.0000,-0.0000,0.0000,0.0000,-0.0000,0.0000,0.0000,-0.0000,0.0000
1789471355.6448,0.0000,0.0000,0.0000,0.0000,-0.0000,0.0000,0.0000,-0.0000,0.0000,0.0000,-0.0000,0.0000
1789471355.6947,0.0000,0.0000,0.0000,0.0000,-0.0000,0.0000,0.0000,-0.0000,0.0000,0.0000,-0.0000,0.0000
1789471355.7448,0.0000,0.0000,0.0000,0.0000,-0.0000,0.0000,0.0000,-0.0000,0.0000,0.0000,-0.0000,0.0000
1789471355.7948,0.0000,0.0000,0.0000,0.0000,-0.0000,0.0000,0.0000,-0.0000,0.0000,0.0000,-0.0000,0.0000
1789471355.8448,0.0000,0.0000,0.0000,0.0000,-0.0000,0.0000,0.0000,-0.0000,0.0000,0.0000,-0.0000,0.0000
1789471355.8948,0.0000,0.0000,0.0000,0.0000,-0.0000,0.0000,0.0000,-0.0000,0.0000,0.0000,-0.0000,0.0000
1789471355.9449,0.0000,0.0000,0.0000,0.0000,-0.0000,0.0000,0.0000,-0.0000,0.0000,0.0000,-0.0000,0.0000
1789471355.9948,0.0000,0.0000,0.0000,0.0000,-0.0000,0.0000,0.0000,-0.0000,0.0000,0.0000,-0.0000,0.0000
1789471356.0448,0.0000,0.0000,0.0000,0.0000,-0.0000,0.0000,0.0000,-0.0000,0.0000,0.0000,-0.0000,0.0000
1789471356.0948,0.0000,0.0000,0.0000,0.0000,-0.0000,0.0000,0.0000,-0.0000,0.0000,0.0000,-0.0000,0.0000
1789471356.1449,0.0000,0.0000,0.0000,0.0000,-0.0000,0.0000,0.0000,-0.0000,0.0000,0.0000,-0.0000,0.0000
1789471356.1948,0.0000,0.0000,0.0000,0.0000,-0.0000,0.0000,0.0000,-0.0000,0.0000,0.0000,-0.0000,0.0000
1789471356.2447,0.0000,0.0000,0.0000,0.0000,-0.0000,0.0000,0.0000,-0.0000,0.0000,0.0000,-0.0000,0.0000
1789471356.2948,0.0000,0.0000,0.0000,0.0000,-0.0000,0.0000,0.0000,-0.0000,0.0000,0.0000,-0.0000,0.0000
1789471356.3448,0.0000,0.0000,0.0000,0.0000,-0.0000,0.0000,0.0000,-0.0000,0.0000,0.0000,-0.0000,0.0000
1789471356.3948,0.0000,0.0000,0.0000,0.0000,-0.0000,0.0000,0.0000,-0.0000,0.0000,0.0000,-0.0000,0.0000
1789471356.4449,0.0000,0.0000,0.0000,0.0000,-0.0000,0.0000,0.0000,-0.0000,0.0000,0.0000,-0.0000,0.0000
1789471356.4948,0.0000,0.0000,0.0000,0.0000,-0.0000,0.0000,0.0000,-0.0000,0.0000,0.0000,-0.0000,0.0000
1789471356.5448,0.0000,0.0000,0.0000,0.0000,-0.0000,0.0000,0.0000,-0.0000,0.0000,0.0000,-0.0000,0.0000
1789471356.5947,0.0000,0.0000,0.0000,0.0000,-0.0000,0.0000,0.0000,-0.0000,0.0000,0.0000,-0.0000,0.0000
1789471356.6448,0.0000,0.0000,0.0000,0.0000,-0.0000,0.0000,0.0000,-0.0000,0.0000,0.0000,-0.0000,0.0000
1789471356.6948,0.0000,0.0000,0.0000,0.0000,-0.0000,0.0000,0.0000,-0.0000,0.0000,0.0000,-0.0000,0.0000
1789471356.7455,0.0000,0.0000,0.0000,0.0000,-0.0000,0.0000,0.0000,-0.0000,0.0000,0.0000,-0.0000,0.0000
1789471356.7948,0.0000,0.0000,0.0000,0.0000,-0.0000,0.0000,0.0000,-0.0000,0.0000,0.0000,-0.0000,0.0000
1789471356.8447,0.0000,0.0000,0.0000,0.0000,-0.0000,0.0000,0.0000,-0.0000,0.0000,0.0000,-0.0000,0.0000
1789471356.8949,0.0000,0.0000,0.0000,0.0000,-0.0000,0.0000,0.0000,-0.0000,0.0000,0.0000,-0.0000,0.0000
1789471356.9449,0.0000,0.0000,0.0000,0.0000,-0.0000,0.0000,0.0000,-0.0000,0.0000,0.0000,-0.0000,0.0000
1789471356.9948,0.0000,0.0000,0.0000,0.0000,-0.0000,0.0000,0.0000,-0.0000,0.0000,0.0000,-0.0000,0.0000
1789471357.0449,0.0000,0.0000,0.0000,0.0000,-0.0000,0.0000,0.0000,-0.0000,0.0000,0.0000,-0.0000,0.0000
1789471357.0948,0.0000,0.0000,0.0000,0.0000,-0.0000,0.0000,0.0000,-0.0000,0.0000,0.0000,-0.0000,0.0000
1789471357.1449,0.0000,0.0000,0.0000,0.0000,-0.0000,0.0000,0.0000,-0.0000,0.0000,0.0000,-0.0000,0.0000
1789471357.1947,0.0000,0.0000,0.0000,0.0000,-0.0000,0.0000,0.0000,-0.0000,0.0000,0.0000,-0.0000,0.0000
1789471357.2449,0.0000,0.0000,0.0000,0.0000,-0.0000,0.0000,0.0000,-0.0000,0.0000,0.0000,-0.0000,0.0000
1789471357.2948,0.0000,0.0000,0.0000,0.0000,-0.0000,0.0000,0.0000,-0.0000,0.0000,0.0000,-0.0000,0.0000
1789471357.3449,0.0000,0.0000,0.0000,0.0000,-0.0000,0.0000,0.0000,-0.0000,0.0000,0.0000,-0.0000,0.0000
1789471357.3948,0.0000,0.0000,0.0000,0.0000,-0.0000,0.0000,0.0000,-0.0000,0.0000,0.0000,-0.0000,0.0000
1789471357.4448,0.0000,0.0000,0.0000,0.0000,-0.0000,0.0000,0.0000,-0.0000,0.0000,0.0000,-0.0000,0.0000
1789471357.4948,0.0000,0.0000,0.0000,0.0000,-0.0000,0.0000,0.0000,-0.0000,0.0000,0.0000,-0.0000,0.0000
1789471357.5448,0.0000,0.0000,0.0000,0.0000,-0.0000,0.0000,0.0000,-0.0000,0.0000,0.0000,-0.0000,0.0000
1789471357.5948,0.0000,0.0000,0.0000,0.0000,-0.0000,0.0000,0.0000,-0.0000,0.0000,0.0000,-0.0000,0.0000
1789471357.6450,0.0000,0.0000,0.0000,0.0000,-0.0000,0.0000,0.0000,-0.0000,0.0000,0.0000,-0.0000,0.0000
1789471357.6948,0.0000,0.0000,0.0000,0.0000,-0.0000,0.0000,0.0000,-0.0000,0.0000,0.0000,-0.0000,0.0000
1789471357.7449,0.0000,0.0000,0.0000,0.0000,-0.0000,0.0000,0.0000,-0.0000,0.0000,0.0000,-0.0000,0.0000
1789471357.7953,0.0000,0.0000,0.0000,0.0000,-0.0000,0.0000,0.0000,-0.0000,0.0000,0.0000,-0.0000,0.0000
1789471357.8449,0.0000,0.0000,0.0000,0.0000,-0.0000,0.0000,0.0000,-0.0000,0.0000,0.0000,-0.0000,0.0000
1789471357.8948,0.0000,0.0000,0.0000,0.0000,-0.0000,0.0000,0.0000,-0.0000,0.0000,0.0000,-0.0000,0.0000
1789471357.9452,0.0000,0.0000,0.0000,0.0000,-0.0000,0.0000,0.0000,-0.0000,0.0000,0.0000,-0.0000,0.0000
1789471357.9949,0.0000,0.0000,0.0000,0.0000,-0.0000,0.0000,0.0000,-0.0000,0.0000,0.0000,-0.0000,0.0000
1789471358.0448,0.0000,0.0000,0.0000,0.0000,-0.0000,0.0000,0.0000,-0.0000,0.0000,0.0000,-0.0000,0.0000
1789471358.0948,0.0000,0.0000,0.0000,0.0000,-0.0000,0.0000,0.0000,-0.0000,0.0000,0.0000,-0.0000,0.0000
1789471358.1449,0.0000,0.0000,0.0000,0.0000,-0.0000,0.0000,0.0000,-0.0000,0.0000,0.0000,-0.0000,0.0000
1789471358.1947,0.0000,0.0000,0.0000,0.0000,-0.0000,0.0000,0.0000,-0.0000,0.0000,0.0000,-0.0000,0.0000
1789471358.2448,0.0000,0.0000,0.0000,0.0000,-0.0000,0.0000,0.0000,-0.0000,0.0000,0.0000,-0.0000,0.0000
1789471358.2949,0.0000,0.0000,0.0000,0.0000,-0.0000,0.0000,0.0000,-0.0000,0.0000,0.0000,-0.0000,0.0000
1789471358.3448,0.0000,0.0000,0.0000,0.0000,-0.0000,0.0000,0.0000,-0.0000,0.0000,0.0000,-0.0000,0.0000
1789471358.3948,0.0000,0.0000,0.0000,0.0000,-0.0000,0.0000,0.0000,-0.0000,0.0000,0.0000,-0.0000,0.0000
1789471358.4450,0.0000,0.0000,0.0000,0.0000,-0.0000,0.0000,0.0000,-0.0000,0.0000,0.0000,-0.0000,0.0000
1789471358.4949,0.0000,0.0000,0.0000,0.0000,-0.0000,0.0000,0.0000,-0.0000,0.0000,0.0000,-0.0000,0.0000
1789471358.5449,0.0000,0.0000,0.0000,0.0000,-0.0000,0.0000,0.0000,-0.0000,0.0000,0.0000,-0.0000,0.0000
1789471358.5949,0.0000,0.0000,0.0000,0.0000,-0.0000,0.0000,0.0000,-0.0000,0.0000,0.0000,-0.0000,0.0000
1789471358.6449,0.0000,0.0000,0.0000,0.0000,-0.0000,0.0000,0.0000,-0.0000,0.0000,0.0000,-0.0000,0.0000
1789471358.6949,0.0000,0.0000,0.0000,0.0000,-0.0000,0.0000,0.0000,-0.0000,0.0000,0.0000,-0.0000,0.0000
1789471358.7450,0.0000,0.0000,0.0000,0.0000,-0.0000,0.0000,0.0000,-0.0000,0.0000,0.0000,-0.0000,0.0000
1789471358.7949,0.0000,0.0000,0.0000,0.0000,-0.0000,0.0000,0.0000,-0.0000,0.0000,0.0000,-0.0000,0.0000
1789471358.8463,0.0000,0.0000,0.0000,0.0000,-0.0000,0.0000,0.0000,-0.0000,0.0000,0.0000,-0.0000,0.0000
1789471358.8949,0.0000,0.0000,0.0000,0.0000,-0.0000,0.0000,0.0000,-0.0000,0.0000,0.0000,-0.0000,0.0000
1789471358.9448,0.0000,0.0000,0.0000,0.0000,-0.0000,0.0000,0.0000,-0.0000,0.0000,0.0000,-0.0000,0.0000
1789471358.9949,0.0000,0.0000,0.0000,0.0000,-0.0000,0.0000,0.0000,-0.0000,0.0000,0.0000,-0.0000,0.0000
1789471359.0449,0.0000,0.0000,0.0000,0.0000,-0.0000,0.0000,0.0000,-0.0000,0.0000,0.0000,-0.0000,0.0000
1789471359.0949,0.0000,0.0000,0.0000,0.0000,-0.0000,0.0000,0.0000,-0.0000,0.0000,0.0000,-0.0000,0.0000
1789471359.1450,0.0000,0.0000,0.0000,0.0000,-0.0000,0.0000,0.0000,-0.0000,0.0000,0.0000,-0.0000,0.0000
1789471359.1949,0.0000,0.0000,0.0000,0.0000,-0.0000,0.0000,0.0000,-0.0000,0.0000,0.0000,-0.0000,0.0000
1789471359.2449,0.0000,0.0000,0.0000,0.0000,-0.0000,0.0000,0.0000,-0.0000,0.0000,0.0000,-0.0000,0.0000
1789471359.2949,0.0000,0.0000,0.0000,0.0000,-0.0000,0.0000,0.0000,-0.0000,0.0000,0.0000,-0.0000,0.0000
1789471359.3449,0.0000,0.0000,0.0000,0.0000,-0.0000,0.0000,0.0000,-0.0000,0.0000,0.0000,-0.0000,0.0000
1789471359.3950,0.0000,0.0000,0.0000,0.0000,-0.0000,0.0000,0.0000,-0.0000,0.0000,0.0000,-0.0000,0.0000
1789471359.4450,0.0000,0.0000,0.0000,0.0000,-0.0000,0.0000,0.0000,-0.0000,0.0000,0.0000,-0.0000,0.0000
1789471359.4950,0.0000,0.0000,0.0000,0.0000,-0.0000,0.0000,0.0000,-0.0000,0.0000,0.0000,-0.0000,0.0000
1789471359.5450,0.0000,0.0000,0.0000,0.0000,-0.0000,0.0000,0.0000,-0.0000,0.0000,0.0000,-0.0000,0.0000
1789471359.5950,0.0000,0.0000,0.0000,0.0000,-0.0000,0.0000,0.0000,-0.0000,0.0000,0.0000,-0.0000,0.0000
1789471359.6449,0.0000,0.0000,0.0000,0.0000,-0.0000,0.0000,0.0000,-0.0000,0.0000,0.0000,-0.0000,0.0000
1789471359.6950,0.0000,0.0000,0.0000,0.0000,-0.0000,0.0000,0.0000,-0.0000,0.0000,0.0000,-0.0000,0.0000
1789471359.7449,0.0000,0.0000,0.0000,0.0000,-0.0000,0.0000,0.0000,-0.0000,0.0000,0.0000,-0.0000,0.0000
1789471359.7950,0.0000,0.0000,0.0000,0.0000,-0.0000,0.0000,0.0000,-0.0000,0.0000,0.0000,-0.0000,0.0000
1789471359.8450,0.0000,0.0000,0.0000,0.0000,-0.0000,0.0000,0.0000,-0.0000,0.0000,0.0000,-0.0000,0.0000
1789471359.8952,0.0000,0.0000,0.0000,0.0000,-0.0000,0.0000,0.0000,-0.0000,0.0000,0.0000,-0.0000,0.0000
1789471359.9449,0.0000,0.0000,0.0000,0.0000,-0.0000,0.0000,0.0000,-0.0000,0.0000,0.0000,-0.0000,0.0000
1789471359.9949,0.0000,0.0000,0.0000,0.0000,-0.0000,0.0000,0.0000,-0.0000,0.0000,0.0000,-0.0000,0.0000
1789471360.0450,0.0000,0.0000,0.0000,0.0000,-0.0000,0.0000,0.0000,-0.0000,0.0000,0.0000,-0.0000,0.0000
1789471360.0947,0.0000,0.0000,0.0000,0.0000,-0.0000,0.0000,0.0000,-0.0000,0.0000,0.0000,-0.0000,0.0000
1789471360.1449,0.0000,0.0000,0.0000,0.0000,-0.0000,0.0000,0.0000,-0.0000,0.0000,0.0000,-0.0000,0.0000
1789471360.1949,0.0000,0.0000,0.0000,0.0000,-0.0000,0.0000,0.0000,-0.0000,0.0000,0.0000,-0.0000,0.0000
1789471360.2450,0.0000,0.0000,0.0000,0.0000,-0.0000,0.0000,0.0000,-0.0000,0.0000,0.0000,-0.0000,0.0000
1789471360.2949,0.0000,0.0000,0.0000,0.0000,-0.0000,0.0000,0.0000,-0.0000,0.0000,0.0000,-0.0000,0.0000
1789471360.3448,0.0000,0.0000,0.0000,0.0000,-0.0000,0.0000,0.0000,-0.0000,0.0000,0.0000,-0.0000,0.0000
1789471360.3949,0.0000,0.0000,0.0000,0.0000,-0.0000,0.0000,0.0000,-0.0000,0.0000,0.0000,-0.0000,0.0000
1789471360.4448,0.0000,0.0000,0.0000,0.0000,-0.0000,0.0000,0.0000,-0.0000,0.0000,0.0000,-0.0000,0.0000
1789471360.4949,0.0000,0.0000,0.0000,0.0000,-0.0000,0.0000,0.0000,-0.0000,0.0000,0.0000,-0.0000,0.0000
1789471360.5450,0.0000,0.0000,0.0000,0.0000,-0.0000,0.0000,0.0000,-0.0000,0.0000,0.0000,-0.0000,0.0000
1789471360.5949,0.0000,0.0000,0.0000,0.0000,-0.0000,0.0000,0.0000,-0.0000,0.0000,0.0000,-0.0000,0.0000
1789471360.6449,0.0000,0.0000,0.0000,0.0000,-0.0000,0.0000,0.0000,-0.0000,0.0000,0.0000,-0.0000,0.0000
1789471360.6949,0.0000,0.0000,0.0000,0.0000,-0.0000,0.0000,0.0000,-0.0000,0.0000,0.0000,-0.0000,0.0000
1789471360.7449,0.0000,0.0000,0.0000,0.0000,-0.0000,0.0000,0.0000,-0.0000,0.0000,0.0000,-0.0000,0.0000
1789471360.7948,0.0000,0.0000,0.0000,0.0000,-0.0000,0.0000,0.0000,-0.0000,0.0000,0.0000,-0.0000,0.0000
1789471360.8448,0.0000,0.0000,0.0000,0.0000,-0.0000,0.0000,0.0000,-0.0000,0.0000,0.0000,-0.0000,0.0000
1789471360.8949,0.0000,0.0000,0.0000,0.0000,-0.0000,0.0000,0.0000,-0.0000,0.0000,0.0000,-0.0000,0.0000
1789471360.9449,0.0000,0.0000,0.0000,0.0000,-0.0000,0.0000,0.0000,-0.0000,0.0000,0.0000,-0.0000,0.0000
1789471360.9949,0.0000,0.0000,0.0000,0.0000,-0.0000,0.0000,0.0000,-0.0000,0.0000,0.0000,-0.0000,0.0000
1789471361.0450,0.0000,0.0000,0.0000,0.0000,-0.0000,0.0000,0.0000,-0.0000,0.0000,0.0000,-0.0000,0.0000
1789471361.0948,0.0000,0.0000,0.0000,0.0000,-0.0000,0.0000,0.0000,-0.0000,0.0000,0.0000,-0.0000,0.0000
1789471361.1449,0.0000,0.0000,0.0000,0.0000,-0.0000,0.0000,0.0000,-0.0000,0.0000,0.0000,-0.0000,0.0000
1789471361.1950,0.0000,0.0000,0.0000,0.0000,-0.0000,0.0000,0.0000,-0.0000,0.0000,0.0000,-0.0000,0.0000
1789471361.2450,0.0000,0.0000,0.0000,0.0000,-0.0000,0.0000,0.0000,-0.0000,0.0000,0.0000,-0.0000,0.0000
1789471361.2949,0.0000,0.0000,0.0000,0.0000,-0.0000,0.0000,0.0000,-0.0000,0.0000,0.0000,-0.0000,0.0000
1789471361.3449,0.0000,0.0000,0.0000,0.0000,-0.0000,0.0000,0.0000,-0.0000,0.0000,0.0000,-0.0000,0.0000
1789471361.3948,0.0000,0.0000,0.0000,0.0000,-0.0000,0.0000,0.0000,-0.0000,0.0000,0.0000,-0.0000,0.0000
1789471361.4450,0.0000,0.0000,0.0000,0.0000,-0.0000,0.0000,0.0000,-0.0000,0.0000,0.0000,-0.0000,0.0000
1789471361.4948,0.0000,0.0000,0.0000,0.0000,-0.0000,0.0000,0.0000,-0.0000,0.0000,0.0000,-0.0000,0.0000
1789471361.5450,0.0000,0.0000,0.0000,0.0000,-0.0000,0.0000,0.0000,-0.0000,0.0000,0.0000,-0.0000,0.0000
1789471361.5949,0.0000,0.0000,0.0000,0.0000,-0.0000,0.0000,0.0000,-0.0000,0.0000,0.0000,-0.0000,0.0000
1789471361.6449,0.0000,0.0000,0.0000,0.0000,-0.0000,0.0000,0.0000,-0.0000,0.0000,0.0000,-0.0000,0.0000
1789471361.6949,0.0000,0.0000,0.0000,0.0000,-0.0000,0.0000,0.0000,-0.0000,0.0000,0.0000,-0.0000,0.0000
1789471361.7448,0.0000,0.0000,0.0000,0.0000,-0.0000,0.0000,0.0000,-0.0000,0.0000,0.0000,-0.0000,0.0000
1789471361.7949,0.0000,0.0000,0.0000,0.0000,-0.0000,0.0000,0.0000,-0.0000,0.0000,0.0000,-0.0000,0.0000
1789471361.8449,0.0000,0.0000,0.0000,0.0000,-0.0000,0.0000,0.0000,-0.0000,0.0000,0.0000,-0.0000,0.0000
1789471361.8949,0.0000,0.0000,0.0000,0.0000,-0.0000,0.0000,0.0000,-0.0000,0.0000,0.0000,-0.0000,0.0000
1789471361.9450,0.0000,0.0000,0.0000,0.0000,-0.0000,0.0000,0.0000,-0.0000,0.0000,0.0000,-0.0000,0.0000
1789471361.9949,0.0000,0.0000,0.0000,0.0000,-0.0000,0.0000,0.0000,-0.0000,0.0000,0.0000,-0.0000,0.0000
1789471362.0450,0.0000,0.0000,0.0000,0.0000,-0.0000,0.0000,0.0000,-0.0000,0.0000,0.0000,-0.0000,0.0000
1789471362.0949,0.0000,0.0000,0.0000,0.0000,-0.0000,0.0000,0.0000,-0.0000,0.0000,0.0000,-0.0000,0.0000
1789471362.1449,0.0000,0.0000,0.0000,0.0000,-0.0000,0.0000,0.0000,-0.0000,0.0000,0.0000,-0.0000,0.0000
1789471362.1950,0.0000,0.0000,0.0000,0.0000,-0.0000,0.0000,0.0000,-0.0000,0.0000,0.0000,-0.0000,0.0000
1789471362.2449,0.0000,0.0000,0.0000,0.0000,-0.0000,0.0000,0.0000,-0.0000,0.0000,0.0000,-0.0000,0.0000
1789471362.2949,0.0000,0.0000,0.0000,0.0000,-0.0000,0.0000,0.0000,-0.0000,0.0000,0.0000,-0.0000,0.0000
1789471362.3450,0.0000,0.0000,0.0000,0.0000,-0.0000,0.0000,0.0000,-0.0000,0.0000,0.0000,-0.0000,0.0000
1789471362.3949,0.0000,0.0000,0.0000,0.0000,-0.0000,0.0000,0.0000,-0.0000,0.0000,0.0000,-0.0000,0.0000
1789471362.4449,0.0000,0.0000,0.0000,0.0000,-0.0000,0.0000,0.0000,-0.0000,0.0000,0.0000,-0.0000,0.0000
1789471362.4950,0.0000,0.0000,0.0000,0.0000,-0.0000,0.0000,0.0000,-0.0000,0.0000,0.0000,-0.0000,0.0000
1789471362.5448,0.0000,0.0000,0.0000,0.0000,-0.0000,0.0000,0.0000,-0.0000,0.0000,0.0000,-0.0000,0.0000
1789471362.5950,0.0000,0.0000,0.0000,0.0000,-0.0000,0.0000,0.0000,-0.0000,0.0000,0.0000,-0.0000,0.0000
1789471362.6452,0.0000,0.0000,0.0000,0.0000,-0.0000,0.0000,0.0000,-0.0000,0.0000,0.0000,-0.0000,0.0000
1789471362.6952,0.0000,0.0000,0.0000,0.0000,-0.0000,0.0000,0.0000,-0.0000,0.0000,0.0000,-0.0000,0.0000
1789471362.7450,0.0000,0.0000,0.0000,0.0000,-0.0000,0.0000,0.0000,-0.0000,0.0000,0.0000,-0.0000,0.0000
1789471362.7950,0.0000,0.0000,0.0000,0.0000,-0.0000,0.0000,0.0000,-0.0000,0.0000,0.0000,-0.0000,0.0000
1789471362.8448,0.0000,0.0000,0.0000,0.0000,-0.0000,0.0000,0.0000,-0.0000,0.0000,0.0000,-0.0000,0.0000
1789471362.8948,0.0000,0.0000,0.0000,0.0000,-0.0000,0.0000,0.0000,-0.0000,0.0000,0.0000,-0.0000,0.0000
1789471362.9449,0.0000,0.0000,0.0000,0.0000,-0.0000,0.0000,0.0000,-0.0000,0.0000,0.0000,-0.0000,0.0000
1789471362.9950,0.0000,0.0000,0.0000,0.0000,-0.0000,0.0000,0.0000,-0.0000,0.0000,0.0000,-0.0000,0.0000
1789471363.0450,0.0000,0.0000,0.0000,0.0000,-0.0000,0.0000,0.0000,-0.0000,0.0000,0.0000,-0.0000,0.0000
1789471363.0948,0.0000,0.0000,0.0000,0.0000,-0.0000,0.0000,0.0000,-0.0000,0.0000,0.0000,-0.0000,0.0000
1789471363.1452,0.0000,0.0000,0.0000,0.0000,-0.0000,0.0000,0.0000,-0.0000,0.0000,0.0000,-0.0000,0.0000
1789471363.1950,0.0000,0.0000,0.0000,0.0000,-0.0000,0.0000,0.0000,-0.0000,0.0000,0.0000,-0.0000,0.0000
1789471363.2448,0.0000,0.0000,0.0000,0.0000,-0.0000,0.0000,0.0000,-0.0000,0.0000,0.0000,-0.0000,0.0000
1789471363.2949,0.0000,0.0000,0.0000,0.0000,-0.0000,0.0000,0.0000,-0.0000,0.0000,0.0000,-0.0000,0.0000
1789471363.3450,0.0000,0.0000,0.0000,0.0000,-0.0000,0.0000,0.0000,-0.0000,0.0000,0.0000,-0.0000,0.0000
1789471363.3950,0.0000,0.0000,0.0000,0.0000,-0.0000,0.0000,0.0000,-0.0000,0.0000,0.0000,-0.0000,0.0000
1789471363.4449,0.0000,0.0000,0.0000,0.0000,-0.0000,0.0000,0.0000,-0.0000,0.0000,0.0000,-0.0000,0.0000
1789471363.4950,0.0000,0.0000,0.0000,0.0000,-0.0000,0.0000,0.0000,-0.0000,0.0000,0.0000,-0.0000,0.0000
1789471363.5450,0.0000,0.0000,0.0000,0.0000,-0.0000,0.0000,0.0000,-0.0000,0.0000,0.0000,-0.0000,0.0000
1789471363.5949,0.0000,0.0000,0.0000,0.0000,-0.0000,0.0000,0.0000,-0.0000,0.0000,0.0000,-0.0000,0.0000
1789471363.6449,0.0000,0.0000,0.0000,0.0000,-0.0000,0.0000,0.0000,-0.0000,0.0000,0.0000,-0.0000,0.0000
1789471363.6950,0.0000,0.0000,0.0000,0.0000,-0.0000,0.0000,0.0000,-0.0000,0.0000,0.0000,-0.0000,0.0000
1789471363.7450,0.0000,0.0000,0.0000,0.0000,-0.0000,0.0000,0.0000,-0.0000,0.0000,0.0000,-0.0000,0.0000
1789471363.7950,0.0000,0.0000,0.0000,0.0000,-0.0000,0.0000,0.0000,-0.0000,0.0000,0.0000,-0.0000,0.0000
1789471363.8449,0.0000,0.0000,0.0000,0.0000,-0.0000,0.0000,0.0000,-0.0000,0.0000,0.0000,-0.0000,0.0000
1789471363.8951,0.0000,0.0000,0.0000,0.0000,-0.0000,0.0000,0.0000,-0.0000,0.0000,0.0000,-0.0000,0.0000
1789471363.9449,0.0000,0.0000,0.0000,0.0000,-0.0000,0.0000,0.0000,-0.0000,0.0000,0.0000,-0.0000,0.0000
1789471363.9950,0.0000,0.0000,0.0000,0.0000,-0.0000,0.0000,0.0000,-0.0000,0.0000,0.0000,-0.0000,0.0000
1789471364.0450,0.0000,0.0000,0.0000,0.0000,-0.0000,0.0000,0.0000,-0.0000,0.0000,0.0000,-0.0000,0.0000
1789471364.0951,0.0000,0.0000,0.0000,0.0000,-0.0000,0.0000,0.0000,-0.0000,0.0000,0.0000,-0.0000,0.0000
1789471364.1450,0.0000,0.0000,0.0000,0.0000,-0.0000,0.0000,0.0000,-0.0000,0.0000,0.0000,-0.0000,0.0000
1789471364.1963,0.0000,0.0000,0.0000,0.0000,-0.0000,0.0000,0.0000,-0.0000,0.0000,0.0000,-0.0000,0.0000
1789471364.2449,0.0000,0.0000,0.0000,0.0000,-0.0000,0.0000,0.0000,-0.0000,0.0000,0.0000,-0.0000,0.0000
1789471364.2949,0.0000,0.0000,0.0000,0.0000,-0.0000,0.0000,0.0000,-0.0000,0.0000,0.0000,-0.0000,0.0000
1789471364.3450,0.0000,0.0000,0.0000,0.0000,-0.0000,0.0000,0.0000,-0.0000,0.0000,0.0000,-0.0000,0.0000
1789471364.3951,0.0000,0.0000,0.0000,0.0000,-0.0000,0.0000,0.0000,-0.0000,0.0000,0.0000,-0.0000,0.0000
1789471364.4451,0.0000,0.0000,0.0000,0.0000,-0.0000,0.0000,0.0000,-0.0000,0.0000,0.0000,-0.0000,0.0000
1789471364.4950,0.0000,0.0000,0.0000,0.0000,-0.0000,0.0000,0.0000,-0.0000,0.0000,0.0000,-0.0000,0.0000
1789471364.5450,0.0000,0.0000,0.0000,0.0000,-0.0000,0.0000,0.0000,-0.0000,0.0000,0.0000,-0.0000,0.0000
1789471364.5950,0.0000,0.0000,0.0000,0.0000,-0.0000,0.0000,0.0000,-0.0000,0.0000,0.0000,-0.0000,0.0000
1789471364.6450,0.0000,0.0000,0.0000,0.0000,-0.0000,0.0000,0.0000,-0.0000,0.0000,0.0000,-0.0000,0.0000
1789471364.6951,0.0000,0.0000,0.0000,0.0000,-0.0000,0.0000,0.0000,-0.0000,0.0000,0.0000,-0.0000,0.0000
1789471364.7450,0.0000,0.0000,0.0000,0.0000,-0.0000,0.0000,0.0000,-0.0000,0.0000,0.0000,-0.0000,0.0000
1789471364.7951,0.0000,0.0000,0.0000,0.0000,-0.0000,0.0000,0.0000,-0.0000,0.0000,0.0000,-0.0000,0.0000
1789471364.8449,0.0000,0.0000,0.0000,0.0000,-0.0000,0.0000,0.0000,-0.0000,0.0000,0.0000,-0.0000,0.0000
1789471364.8954,0.0000,0.0000,0.0000,0.0000,-0.0000,0.0000,0.0000,-0.0000,0.0000,0.0000,-0.0000,0.0000
1789471364.9451,0.0000,0.0000,0.0000,0.0000,-0.0000,0.0000,0.0000,-0.0000,0.0000,0.0000,-0.0000,0.0000
1789471364.9949,0.0000,0.0000,0.0000,0.0000,-0.0000,0.0000,0.0000,-0.0000,0.0000,0.0000,-0.0000,0.0000
1789471365.0450,0.0000,0.0000,0.0000,0.0000,-0.0000,0.0000,0.0000,-0.0000,0.0000,0.0000,-0.0000,0.0000
1789471365.0950,0.0000,0.0000,0.0000,0.0000,-0.0000,0.0000,0.0000,-0.0000,0.0000,0.0000,-0.0000,0.0000
1789471365.1451,0.0000,0.0000,0.0000,0.0000,-0.0000,0.0000,0.0000,-0.0000,0.0000,0.0000,-0.0000,0.0000
1789471365.1950,0.0000,0.0000,0.0000,0.0000,-0.0000,0.0000,0.0000,-0.0000,0.0000,0.0000,-0.0000,0.0000
1789471365.2453,0.0000,0.0000,0.0000,0.0000,-0.0000,0.0000,0.0000,-0.0000,0.0000,0.0000,-0.0000,0.0000
1789471365.2950,0.0000,0.0000,0.0000,0.0000,-0.0000,0.0000,0.0000,-0.0000,0.0000,0.0000,-0.0000,0.0000
1789471365.3450,0.0000,0.0000,0.0000,0.0000,-0.0000,0.0000,0.0000,-0.0000,0.0000,0.0000,-0.0000,0.0000
1789471365.3950,0.0000,0.0000,0.0000,0.0000,-0.0000,0.0000,0.0000,-0.0000,0.0000,0.0000,-0.0000,0.0000
1789471365.4451,0.0000,0.0000,0.0000,0.0000,-0.0000,0.0000,0.0000,-0.0000,0.0000,0.0000,-0.0000,0.0000
1789471365.4950,0.0000,0.0000,0.0000,0.0000,-0.0000,0.0000,0.0000,-0.0000,0.0000,0.0000,-0.0000,0.0000
1789471365.5450,0.0000,0.0000,0.0000,0.0000,-0.0000,0.0000,0.0000,-0.0000,0.0000,0.0000,-0.0000,0.0000
1789471365.5950,0.0000,0.0000,0.0000,0.0000,-0.0000,0.0000,0.0000,-0.0000,0.0000,0.0000,-0.0000,0.0000
1789471365.6451,0.0000,0.0000,0.0000,0.0000,-0.0000,0.0000,0.0000,-0.0000,0.0000,0.0000,-0.0000,0.0000
1789471365.6949,0.0000,0.0000,0.0000,0.0000,-0.0000,0.0000,0.0000,-0.0000,0.0000,0.0000,-0.0000,0.0000
1789471365.7450,0.0000,0.0000,0.0000,0.0000,-0.0000,0.0000,0.0000,-0.0000,0.0000,0.0000,-0.0000,0.0000
1789471365.7950,0.0000,0.0000,0.0000,0.0000,-0.0000,0.0000,0.0000,-0.0000,0.0000,0.0000,-0.0000,0.0000
1789471365.8451,0.0000,0.0000,0.0000,0.0000,-0.0000,0.0000,0.0000,-0.0000,0.0000,0.0000,-0.0000,0.0000
1789471365.8951,0.0000,0.0000,0.0000,0.0000,-0.0000,0.0000,0.0000,-0.0000,0.0000,0.0000,-0.0000,0.0000
1789471365.9450,0.0000,0.0000,0.0000,0.0000,-0.0000,0.0000,0.0000,-0.0000,0.0000,0.0000,-0.0000,0.0000
1789471365.9951,0.0000,0.0000,0.0000,0.0000,-0.0000,0.0000,0.0000,-0.0000,0.0000,0.0000,-0.0000,0.0000
1789471366.0450,0.0000,0.0000,0.0000,0.0000,-0.0000,0.0000,0.0000,-0.0000,0.0000,0.0000,-0.0000,0.0000
1789471366.0949,0.0000,0.0000,0.0000,0.0000,-0.0000,0.0000,0.0000,-0.0000,0.0000,0.0000,-0.0000,0.0000
1789471366.1450,0.0000,0.0000,0.0000,0.0000,-0.0000,0.0000,0.0000,-0.0000,0.0000,0.0000,-0.0000,0.0000
1789471366.1951,0.0000,0.0000,0.0000,0.0000,-0.0000,0.0000,0.0000,-0.0000,0.0000,0.0000,-0.0000,0.0000
1789471366.2451,0.0000,0.0000,0.0000,0.0000,-0.0000,0.0000,0.0000,-0.0000,0.0000,0.0000,-0.0000,0.0000
1789471366.2951,0.0000,0.0000,0.0000,0.0000,-0.0000,0.0000,0.0000,-0.0000,0.0000,0.0000,-0.0000,0.0000
1789471366.3450,0.0000,0.0000,0.0000,0.0000,-0.0000,0.0000,0.0000,-0.0000,0.0000,0.0000,-0.0000,0.0000
1789471366.3950,0.0000,0.0000,0.0000,0.0000,-0.0000,0.0000,0.0000,-0.0000,0.0000,0.0000,-0.0000,0.0000
1789471366.4450,0.0000,0.0000,0.0000,0.0000,-0.0000,0.0000,0.0000,-0.0000,0.0000,0.0000,-0.0000,0.0000
1789471366.4949,0.0000,0.0000,0.0000,0.0000,-0.0000,0.0000,0.0000,-0.0000,0.0000,0.0000,-0.0000,0.0000
1789471366.5451,0.0000,0.0000,0.0000,0.0000,-0.0000,0.0000,0.0000,-0.0000,0.0000,0.0000,-0.0000,0.0000
1789471366.5951,0.0000,0.0000,0.0000,0.0000,-0.0000,0.0000,0.0000,-0.0000,0.0000,0.0000,-0.0000,0.0000
1789471366.6452,0.0000,0.0000,0.0000,0.0000,-0.0000,0.0000,0.0000,-0.0000,0.0000,0.0000,-0.0000,0.0000
1789471366.6951,0.0000,0.0000,0.0000,0.0000,-0.0000,0.0000,0.0000,-0.0000,0.0000,0.0000,-0.0000,0.0000
1789471366.7449,0.0000,0.0000,0.0000,0.0000,-0.0000,0.0000,0.0000,-0.0000,0.0000,0.0000,-0.0000,0.0000
1789471366.7950,0.0000,0.0000,0.0000,0.0000,-0.0000,0.0000,0.0000,-0.0000,0.0000,0.0000,-0.0000,0.0000
1789471366.8449,0.0000,0.0000,0.0000,0.0000,-0.0000,0.0000,0.0000,-0.0000,0.0000,0.0000,-0.0000,0.0000
1789471366.8950,0.0000,0.0000,0.0000,0.0000,-0.0000,0.0000,0.0000,-0.0000,0.0000,0.0000,-0.0000,0.0000
1789471366.9451,0.0000,0.0000,0.0000,0.0000,-0.0000,0.0000,0.0000,-0.0000,0.0000,0.0000,-0.0000,0.0000
1789471366.9954,0.0000,0.0000,0.0000,0.0000,-0.0000,0.0000,0.0000,-0.0000,0.0000,0.0000,-0.0000,0.0000
1789471367.0451,0.0000,0.0000,0.0000,0.0000,-0.0000,0.0000,0.0000,-0.0000,0.0000,0.0000,-0.0000,0.0000
1789471367.0949,0.0000,0.0000,0.0000,0.0000,-0.0000,0.0000,0.0000,-0.0000,0.0000,0.0000,-0.0000,0.0000
1789471367.1450,0.0000,0.0000,0.0000,0.0000,-0.0000,0.0000,0.0000,-0.0000,0.0000,0.0000,-0.0000,0.0000
1789471367.1950,0.0000,0.0000,0.0000,0.0000,-0.0000,0.0000,0.0000,-0.0000,0.0000,0.0000,-0.0000,0.0000
1789471367.2451,0.0000,0.0000,0.0000,0.0000,-0.0000,0.0000,0.0000,-0.0000,0.0000,0.0000,-0.0000,0.0000
1789471367.2951,0.0000,0.0000,0.0000,0.0000,-0.0000,0.0000,0.0000,-0.0000,0.0000,0.0000,-0.0000,0.0000
1789471367.3453,0.0000,0.0000,0.0000,0.0000,-0.0000,0.0000,0.0000,-0.0000,0.0000,0.0000,-0.0000,0.0000
1789471367.3950,0.0000,0.0000,0.0000,0.0000,-0.0000,0.0000,0.0000,-0.0000,0.0000,0.0000,-0.0000,0.0000
1789471367.4450,0.0000,0.0000,0.0000,0.0000,-0.0000,0.0000,0.0000,-0.0000,0.0000,0.0000,-0.0000,0.0000
1789471367.4951,0.0000,0.0000,0.0000,0.0000,-0.0000,0.0000,0.0000,-0.0000,0.0000,0.0000,-0.0000,0.0000
1789471367.5451,0.0000,0.0000,0.0000,0.0000,-0.0000,0.0000,0.0000,-0.0000,0.0000,0.0000,-0.0000,0.0000
1789471367.5951,0.0000,0.0000,0.0000,0.0000,-0.0000,0.0000,0.0000,-0.0000,0.0000,0.0000,-0.0000,0.0000
1789471367.6452,0.0000,0.0000,0.0000,0.0000,-0.0000,0.0000,0.0000,-0.0000,0.0000,0.0000,-0.0000,0.0000
1789471367.6952,0.0000,0.0000,0.0000,0.0000,-0.0000,0.0000,0.0000,-0.0000,0.0000,0.0000,-0.0000,0.0000
1789471367.7451,0.0000,0.0000,0.0000,0.0000,-0.0000,0.0000,0.0000,-0.0000,0.0000,0.0000,-0.0000,0.0000
1789471367.7950,0.0000,0.0000,0.0000,0.0000,-0.0000,0.0000,0.0000,-0.0000,0.0000,0.0000,-0.0000,0.0000
1789471367.8451,0.0000,0.0000,0.0000,0.0000,-0.0000,0.0000,0.0000,-0.0000,0.0000,0.0000,-0.0000,0.0000
1789471367.8950,0.0000,0.0000,0.0000,0.0000,-0.0000,0.0000,0.0000,-0.0000,0.0000,0.0000,-0.0000,0.0000
1789471367.9451,0.0000,0.0000,0.0000,0.0000,-0.0000,0.0000,0.0000,-0.0000,0.0000,0.0000,-0.0000,0.0000
1789471367.9951,0.0000,0.0000,0.0000,0.0000,-0.0000,0.0000,0.0000,-0.0000,0.0000,0.0000,-0.0000,0.0000
1789471368.0455,0.0000,0.0000,0.0000,0.0000,-0.0000,0.0000,0.0000,-0.0000,0.0000,0.0000,-0.0000,0.0000
1789471368.0950,0.0000,0.0000,0.0000,0.0000,-0.0000,0.0000,0.0000,-0.0000,0.0000,0.0000,-0.0000,0.0000
1789471368.1451,0.0000,0.0000,0.0000,0.0000,-0.0000,0.0000,0.0000,-0.0000,0.0000,0.0000,-0.0000,0.0000
1789471368.1950,0.0000,0.0000,0.0000,0.0000,-0.0000,0.0000,0.0000,-0.0000,0.0000,0.0000,-0.0000,0.0000
1789471368.2451,0.0000,0.0000,0.0000,0.0000,-0.0000,0.0000,0.0000,-0.0000,0.0000,0.0000,-0.0000,0.0000
1789471368.2951,0.0000,0.0000,0.0000,0.0000,-0.0000,0.0000,0.0000,-0.0000,0.0000,0.0000,-0.0000,0.0000
1789471368.3451,0.0000,0.0000,0.0000,0.0000,-0.0000,0.0000,0.0000,-0.0000,0.0000,0.0000,-0.0000,0.0000
1789471368.3951,0.0000,0.0000,0.0000,0.0000,-0.0000,0.0000,0.0000,-0.0000,0.0000,0.0000,-0.0000,0.0000
1789471368.4451,0.0000,0.0000,0.0000,0.0000,-0.0000,0.0000,0.0000,-0.0000,0.0000,0.0000,-0.0000,0.0000
1789471368.4951,0.0000,0.0000,0.0000,0.0000,-0.0000,0.0000,0.0000,-0.0000,0.0000,0.0000,-0.0000,0.0000
1789471368.5452,0.0000,0.0000,0.0000,0.0000,-0.0000,0.0000,0.0000,-0.0000,0.0000,0.0000,-0.0000,0.0000
1789471368.5951,0.0000,0.0000,0.0000,0.0000,-0.0000,0.0000,0.0000,-0.0000,0.0000,0.0000,-0.0000,0.0000
1789471368.6450,0.0000,0.0000,0.0000,0.0000,-0.0000,0.0000,0.0000,-0.0000,0.0000,0.0000,-0.0000,0.0000
1789471368.6951,0.0000,0.0000,0.0000,0.0000,-0.0000,0.0000,0.0000,-0.0000,0.0000,0.0000,-0.0000,0.0000
1789471368.7450,0.0000,0.0000,0.0000,0.0000,-0.0000,0.0000,0.0000,-0.0000,0.0000,0.0000,-0.0000,0.0000
1789471368.7951,0.0000,0.0000,0.0000,0.0000,-0.0000,0.0000,0.0000,-0.0000,0.0000,0.0000,-0.0000,0.0000
1789471368.8450,0.0000,0.0000,0.0000,0.0000,-0.0000,0.0000,0.0000,-0.0000,0.0000,0.0000,-0.0000,0.0000
1789471368.8951,0.0000,0.0000,0.0000,0.0000,-0.0000,0.0000,0.0000,-0.0000,0.0000,0.0000,-0.0000,0.0000
1789471368.9451,0.0000,0.0000,0.0000,0.0000,-0.0000,0.0000,0.0000,-0.0000,0.0000,0.0000,-0.0000,0.0000
1789471368.9951,0.0000,0.0000,0.0000,0.0000,-0.0000,0.0000,0.0000,-0.0000,0.0000,0.0000,-0.0000,0.0000
1789471369.0451,0.0000,0.0000,0.0000,0.0000,-0.0000,0.0000,0.0000,-0.0000,0.0000,0.0000,-0.0000,0.0000
1789471369.0951,0.0000,0.0000,0.0000,0.0000,-0.0000,0.0000,0.0000,-0.0000,0.0000,0.0000,-0.0000,0.0000
1789471369.1452,0.0000,0.0000,0.0000,0.0000,-0.0000,0.0000,0.0000,-0.0000,0.0000,0.0000,-0.0000,0.0000
1789471369.1951,0.0000,0.0000,0.0000,0.0000,-0.0000,0.0000,0.0000,-0.0000,0.0000,0.0000,-0.0000,0.0000
1789471369.2451,0.0000,0.0000,0.0000,0.0000,-0.0000,0.0000,0.0000,-0.0000,0.0000,0.0000,-0.0000,0.0000
1789471369.2951,0.0000,0.0000,0.0000,0.0000,-0.0000,0.0000,0.0000,-0.0000,0.0000,0.0000,-0.0000,0.0000
1789471369.3450,0.0000,0.0000,0.0000,0.0000,-0.0000,0.0000,0.0000,-0.0000,0.0000,0.0000,-0.0000,0.0000
1789471369.3951,0.0000,0.0000,0.0000,0.0000,-0.0000,0.0000,0.0000,-0.0000,0.0000,0.0000,-0.0000,0.0000
1789471369.4451,0.0000,0.0000,0.0000,0.0000,-0.0000,0.0000,0.0000,-0.0000,0.0000,0.0000,-0.0000,0.0000
1789471369.4952,0.0000,0.0000,0.0000,0.0000,-0.0000,0.0000,0.0000,-0.0000,0.0000,0.0000,-0.0000,0.0000
1789471369.5448,0.0000,0.0000,0.0000,0.0000,-0.0000,0.0000,0.0000,-0.0000,0.0000,0.0000,-0.0000,0.0000
1789471369.5951,0.0000,0.0000,0.0000,0.0000,-0.0000,0.0000,0.0000,-0.0000,0.0000,0.0000,-0.0000,0.0000
1789471369.6450,0.0000,0.0000,0.0000,0.0000,-0.0000,0.0000,0.0000,-0.0000,0.0000,0.0000,-0.0000,0.0000
1789471369.6952,0.0000,0.0000,0.0000,0.0000,-0.0000,0.0000,0.0000,-0.0000,0.0000,0.0000,-0.0000,0.0000
1789471369.7451,0.0000,0.0000,0.0000,0.0000,-0.0000,0.0000,0.0000,-0.0000,0.0000,0.0000,-0.0000,0.0000
1789471369.7951,0.0000,0.0000,0.0000,0.0000,-0.0000,0.0000,0.0000,-0.0000,0.0000,0.0000,-0.0000,0.0000
1789471369.8451,0.0000,0.0000,0.0000,0.0000,-0.0000,0.0000,0.0000,-0.0000,0.0000,0.0000,-0.0000,0.0000
1789471369.8952,0.0000,0.0000,0.0000,0.0000,-0.0000,0.0000,0.0000,-0.0000,0.0000,0.0000,-0.0000,0.0000
1789471369.9452,0.0000,0.0000,0.0000,0.0000,-0.0000,0.0000,0.0000,-0.0000,0.0000,0.0000,-0.0000,0.0000
1789471369.9950,0.0000,0.0000,0.0000,0.0000,-0.0000,0.0000,0.0000,-0.0000,0.0000,0.0000,-0.0000,0.0000
1789471370.0451,0.0000,0.0000,0.0000,0.0000,-0.0000,0.0000,0.0000,-0.0000,0.0000,0.0000,-0.0000,0.0000
1789471370.0952,0.0000,0.0000,0.0000,0.0000,-0.0000,0.0000,0.0000,-0.0000,0.0000,0.0000,-0.0000,0.0000
1789471370.1452,0.0000,0.0000,0.0000,0.0000,-0.0000,0.0000,0.0000,-0.0000,0.0000,0.0000,-0.0000,0.0000
1789471370.1952,0.0000,0.0000,0.0000,0.0000,-0.0000,0.0000,0.0000,-0.0000,0.0000,0.0000,-0.0000,0.0000
1789471370.2451,0.0000,0.0000,0.0000,0.0000,-0.0000,0.0000,0.0000,-0.0000,0.0000,0.0000,-0.0000,0.0000
1789471370.2952,0.0000,0.0000,0.0000,0.0000,-0.0000,0.0000,0.0000,-0.0000,0.0000,0.0000,-0.0000,0.0000
1789471370.3451,0.0000,0.0000,0.0000,0.0000,-0.0000,0.0000,0.0000,-0.0000,0.0000,0.0000,-0.0000,0.0000
1789471370.3951,0.0000,0.0000,0.0000,0.0000,-0.0000,0.0000,0.0000,-0.0000,0.0000,0.0000,-0.0000,0.0000
1789471370.4453,0.0000,0.0000,0.0000,0.0000,-0.0000,0.0000,0.0000,-0.0000,0.0000,0.0000,-0.0000,0.0000
1789471370.4951,0.0000,0.0000,0.0000,0.0000,-0.0000,0.0000,0.0000,-0.0000,0.0000,0.0000,-0.0000,0.0000
1789471370.5451,0.0000,0.0000,0.0000,0.0000,-0.0000,0.0000,0.0000,-0.0000,0.0000,0.0000,-0.0000,0.0000
1789471370.5952,0.0000,0.0000,0.0000,0.0000,-0.0000,0.0000,0.0000,-0.0000,0.0000,0.0000,-0.0000,0.0000
1789471370.6455,0.0000,0.0000,0.0000,0.0000,-0.0000,0.0000,0.0000,-0.0000,0.0000,0.0000,-0.0000,0.0000
1789471370.6951,0.0000,0.0000,0.0000,0.0000,-0.0000,0.0000,0.0000,-0.0000,0.0000,0.0000,-0.0000,0.0000
1789471370.7452,0.0000,0.0000,0.0000,0.0000,-0.0000,0.0000,0.0000,-0.0000,0.0000,0.0000,-0.0000,0.0000
1789471370.7953,0.0000,0.0000,0.0000,0.0000,-0.0000,0.0000,0.0000,-0.0000,0.0000,0.0000,-0.0000,0.0000
1789471370.8451,0.0000,0.0000,0.0000,0.0000,-0.0000,0.0000,0.0000,-0.0000,0.0000,0.0000,-0.0000,0.0000
1789471370.8951,0.0000,0.0000,0.0000,0.0000,-0.0000,0.0000,0.0000,-0.0000,0.0000,0.0000,-0.0000,0.0000
1789471370.9473,0.0000,0.0000,0.0000,0.0000,-0.0000,0.0000,0.0000,-0.0000,0.0000,0.0000,-0.0000,0.0000
1789471370.9951,0.0000,0.0000,0.0000,0.0000,-0.0000,0.0000,0.0000,-0.0000,0.0000,0.0000,-0.0000,0.0000
1789471371.0451,0.0000,0.0000,0.0000,0.0000,-0.0000,0.0000,0.0000,-0.0000,0.0000,0.0000,-0.0000,0.0000
1789471371.0952,0.0000,0.0000,0.0000,0.0000,-0.0000,0.0000,0.0000,-0.0000,0.0000,0.0000,-0.0000,0.0000
1789471371.1452,0.0000,0.0000,0.0000,0.0000,-0.0000,0.0000,0.0000,-0.0000,0.0000,0.0000,-0.0000,0.0000
1789471371.1952,0.0000,0.0000,0.0000,0.0000,-0.0000,0.0000,0.0000,-0.0000,0.0000,0.0000,-0.0000,0.0000
1789471371.2453,0.0000,0.0000,0.0000,0.0000,-0.0000,0.0000,0.0000,-0.0000,0.0000,0.0000,-0.0000,0.0000
1789471371.2950,0.0000,0.0000,0.0000,0.0000,-0.0000,0.0000,0.0000,-0.0000,0.0000,0.0000,-0.0000,0.0000
1789471371.3451,0.0000,0.0000,0.0000,0.0000,-0.0000,0.0000,0.0000,-0.0000,0.0000,0.0000,-0.0000,0.0000
1789471371.3951,0.0000,0.0000,0.0000,0.0000,-0.0000,0.0000,0.0000,-0.0000,0.0000,0.0000,-0.0000,0.0000
1789471371.4452,0.0000,0.0000,0.0000,0.0000,-0.0000,0.0000,0.0000,-0.0000,0.0000,0.0000,-0.0000,0.0000
1789471371.4952,0.0000,0.0000,0.0000,0.0000,-0.0000,0.0000,0.0000,-0.0000,0.0000,0.0000,-0.0000,0.0000
1789471371.5451,0.0000,0.0000,0.0000,0.0000,-0.0000,0.0000,0.0000,-0.0000,0.0000,0.0000,-0.0000,0.0000
1789471371.5952,0.0000,0.0000,0.0000,0.0000,-0.0000,0.0000,0.0000,-0.0000,0.0000,0.0000,-0.0000,0.0000
1789471371.6457,0.0000,0.0000,0.0000,0.0000,-0.0000,0.0000,0.0000,-0.0000,0.0000,0.0000,-0.0000,0.0000
1789471371.6952,0.0000,0.0000,0.0000,0.0000,-0.0000,0.0000,0.0000,-0.0000,0.0000,0.0000,-0.0000,0.0000
1789471371.7451,0.0000,0.0000,0.0000,0.0000,-0.0000,0.0000,0.0000,-0.0000,0.0000,0.0000,-0.0000,0.0000
1789471371.7952,0.0000,0.0000,0.0000,0.0000,-0.0000,0.0000,0.0000,-0.0000,0.0000,0.0000,-0.0000,0.0000
1789471371.8452,0.0000,0.0000,0.0000,0.0000,-0.0000,0.0000,0.0000,-0.0000,0.0000,0.0000,-0.0000,0.0000
1789471371.8953,0.0000,0.0000,0.0000,0.0000,-0.0000,0.0000,0.0000,-0.0000,0.0000,0.0000,-0.0000,0.0000
1789471371.9452,0.0000,0.0000,0.0000,0.0000,-0.0000,0.0000,0.0000,-0.0000,0.0000,0.0000,-0.0000,0.0000
1789471371.9953,0.0000,0.0000,0.0000,0.0000,-0.0000,0.0000,0.0000,-0.0000,0.0000,0.0000,-0.0000,0.0000
1789471372.0452,0.0000,0.0000,0.0000,0.0000,-0.0000,0.0000,0.0000,-0.0000,0.0000,0.0000,-0.0000,0.0000
1789471372.0950,0.0000,0.0000,0.0000,0.0000,-0.0000,0.0000,0.0000,-0.0000,0.0000,0.0000,-0.0000,0.0000
1789471372.1453,0.0000,0.0000,0.0000,0.0000,-0.0000,0.0000,0.0000,-0.0000,0.0000,0.0000,-0.0000,0.0000
1789471372.1952,0.0000,0.0000,0.0000,0.0000,-0.0000,0.0000,0.0000,-0.0000,0.0000,0.0000,-0.0000,0.0000
1789471372.2452,0.0000,0.0000,0.0000,0.0000,-0.0000,0.0000,0.0000,-0.0000,0.0000,0.0000,-0.0000,0.0000
1789471372.2952,0.0000,0.0000,0.0000,0.0000,-0.0000,0.0000,0.0000,-0.0000,0.0000,0.0000,-0.0000,0.0000
1789471372.3452,0.0000,0.0000,0.0000,0.0000,-0.0000,0.0000,0.0000,-0.0000,0.0000,0.0000,-0.0000,0.0000
1789471372.3952,0.0000,0.0000,0.0000,0.0000,-0.0000,0.0000,0.0000,-0.0000,0.0000,0.0000,-0.0000,0.0000
1789471372.4452,0.0000,0.0000,0.0000,0.0000,-0.0000,0.0000,0.0000,-0.0000,0.0000,0.0000,-0.0000,0.0000
1789471372.4952,0.0000,0.0000,0.0000,0.0000,-0.0000,0.0000,0.0000,-0.0000,0.0000,0.0000,-0.0000,0.0000
1789471372.5452,0.0000,0.0000,0.0000,0.0000,-0.0000,0.0000,0.0000,-0.0000,0.0000,0.0000,-0.0000,0.0000
1789471372.5951,0.0000,0.0000,0.0000,0.0000,-0.0000,0.0000,0.0000,-0.0000,0.0000,0.0000,-0.0000,0.0000
1789471372.6453,0.0000,0.0000,0.0000,0.0000,-0.0000,0.0000,0.0000,-0.0000,0.0000,0.0000,-0.0000,0.0000
1789471372.6951,0.0000,0.0000,0.0000,0.0000,-0.0000,0.0000,0.0000,-0.0000,0.0000,0.0000,-0.0000,0.0000
1789471372.7452,0.0000,0.0000,0.0000,0.0000,-0.0000,0.0000,0.0000,-0.0000,0.0000,0.0000,-0.0000,0.0000
1789471372.7952,0.0000,0.0000,0.0000,0.0000,-0.0000,0.0000,0.0000,-0.0000,0.0000,0.0000,-0.0000,0.0000
1789471372.8451,0.0000,0.0000,0.0000,0.0000,-0.0000,0.0000,0.0000,-0.0000,0.0000,0.0000,-0.0000,0.0000
1789471372.8952,0.0000,0.0000,0.0000,0.0000,-0.0000,0.0000,0.0000,-0.0000,0.0000,0.0000,-0.0000,0.0000
1789471372.9453,0.0000,0.0000,0.0000,0.0000,-0.0000,0.0000,0.0000,-0.0000,0.0000,0.0000,-0.0000,0.0000
1789471372.9952,0.0000,0.0000,0.0000,0.0000,-0.0000,0.0000,0.0000,-0.0000,0.0000,0.0000,-0.0000,0.0000
1789471373.0452,0.0000,0.0000,0.0000,0.0000,-0.0000,0.0000,0.0000,-0.0000,0.0000,0.0000,-0.0000,0.0000
1789471373.0952,0.0000,0.0000,0.0000,0.0000,-0.0000,0.0000,0.0000,-0.0000,0.0000,0.0000,-0.0000,0.0000
1789471373.1454,0.0000,0.0000,0.0000,0.0000,-0.0000,0.0000,0.0000,-0.0000,0.0000,0.0000,-0.0000,0.0000
1789471373.1953,0.0000,0.0000,0.0000,0.0000,-0.0000,0.0000,0.0000,-0.0000,0.0000,0.0000,-0.0000,0.0000
1789471373.2453,0.0000,0.0000,0.0000,0.0000,-0.0000,0.0000,0.0000,-0.0000,0.0000,0.0000,-0.0000,0.0000
1789471373.2952,0.0000,0.0000,0.0000,0.0000,-0.0000,0.0000,0.0000,-0.0000,0.0000,0.0000,-0.0000,0.0000
1789471373.3452,0.0000,0.0000,0.0000,0.0000,-0.0000,0.0000,0.0000,-0.0000,0.0000,0.0000,-0.0000,0.0000
1789471373.3953,0.0000,0.0000,0.0000,0.0000,-0.0000,0.0000,0.0000,-0.0000,0.0000,0.0000,-0.0000,0.0000
1789471373.4453,0.0000,0.0000,0.0000,0.0000,-0.0000,0.0000,0.0000,-0.0000,0.0000,0.0000,-0.0000,0.0000
1789471373.4951,0.0000,0.0000,0.0000,0.0000,-0.0000,0.0000,0.0000,-0.0000,0.0000,0.0000,-0.0000,0.0000
1789471373.5453,0.0000,0.0000,0.0000,0.0000,-0.0000,0.0000,0.0000,-0.0000,0.0000,0.0000,-0.0000,0.0000
1789471373.5951,0.0000,0.0000,0.0000,0.0000,-0.0000,0.0000,0.0000,-0.0000,0.0000,0.0000,-0.0000,0.0000
1789471373.6452,0.0000,0.0000,0.0000,0.0000,-0.0000,0.0000,0.0000,-0.0000,0.0000,0.0000,-0.0000,0.0000
1789471373.6953,0.0000,0.0000,0.0000,0.0000,-0.0000,0.0000,0.0000,-0.0000,0.0000,0.0000,-0.0000,0.0000
1789471373.7453,0.0000,0.0000,0.0000,0.0000,-0.0000,0.0000,0.0000,-0.0000,0.0000,0.0000,-0.0000,0.0000
1789471373.7953,0.0000,0.0000,0.0000,0.0000,-0.0000,0.0000,0.0000,-0.0000,0.0000,0.0000,-0.0000,0.0000
1789471373.8452,0.0000,0.0000,0.0000,0.0000,-0.0000,0.0000,0.0000,-0.0000,0.0000,0.0000,-0.0000,0.0000
1789471373.8953,0.0000,0.0000,0.0000,0.0000,-0.0000,0.0000,0.0000,-0.0000,0.0000,0.0000,-0.0000,0.0000
1789471373.9453,0.0000,0.0000,0.0000,0.0000,-0.0000,0.0000,0.0000,-0.0000,0.0000,0.0000,-0.0000,0.0000
1789471373.9952,0.0000,0.0000,0.0000,0.0000,-0.0000,0.0000,0.0000,-0.0000,0.0000,0.0000,-0.0000,0.0000
1789471374.0454,0.0000,0.0000,0.0000,0.0000,-0.0000,0.0000,0.0000,-0.0000,0.0000,0.0000,-0.0000,0.0000
1789471374.0951,0.0000,0.0000,0.0000,0.0000,-0.0000,0.0000,0.0000,-0.0000,0.0000,0.0000,-0.0000,0.0000
1789471374.1452,0.0000,0.0000,0.0000,0.0000,-0.0000,0.0000,0.0000,-0.0000,0.0000,0.0000,-0.0000,0.0000
1789471374.1953,0.0000,0.0000,0.0000,0.0000,-0.0000,0.0000,0.0000,-0.0000,0.0000,0.0000,-0.0000,0.0000
1789471374.2453,0.0000,0.0000,0.0000,0.0000,-0.0000,0.0000,0.0000,-0.0000,0.0000,0.0000,-0.0000,0.0000
1789471374.2952,0.0000,0.0000,0.0000,0.0000,-0.0000,0.0000,0.0000,-0.0000,0.0000,0.0000,-0.0000,0.0000
1789471374.3453,0.0000,0.0000,0.0000,0.0000,-0.0000,0.0000,0.0000,-0.0000,0.0000,0.0000,-0.0000,0.0000
1789471374.3952,0.0000,0.0000,0.0000,0.0000,-0.0000,0.0000,0.0000,-0.0000,0.0000,0.0000,-0.0000,0.0000
1789471374.4452,0.0000,0.0000,0.0000,0.0000,-0.0000,0.0000,0.0000,-0.0000,0.0000,0.0000,-0.0000,0.0000
1789471374.4953,0.0000,0.0000,0.0000,0.0000,-0.0000,0.0000,0.0000,-0.0000,0.0000,0.0000,-0.0000,0.0000
1789471374.5454,0.0000,0.0000,0.0000,0.0000,-0.0000,0.0000,0.0000,-0.0000,0.0000,0.0000,-0.0000,0.0000
1789471374.5953,0.0000,0.0000,0.0000,0.0000,-0.0000,0.0000,0.0000,-0.0000,0.0000,0.0000,-0.0000,0.0000
1789471374.6451,0.0000,0.0000,0.0000,0.0000,-0.0000,0.0000,0.0000,-0.0000,0.0000,0.0000,-0.0000,0.0000
1789471374.6952,0.0000,0.0000,0.0000,0.0000,-0.0000,0.0000,0.0000,-0.0000,0.0000,0.0000,-0.0000,0.0000
1789471374.7452,0.0000,0.0000,0.0000,0.0000,-0.0000,0.0000,0.0000,-0.0000,0.0000,0.0000,-0.0000,0.0000
1789471374.7953,0.0000,0.0000,0.0000,0.0000,-0.0000,0.0000,0.0000,-0.0000,0.0000,0.0000,-0.0000,0.0000
1789471374.8452,0.0000,0.0000,0.0000,0.0000,-0.0000,0.0000,0.0000,-0.0000,0.0000,0.0000,-0.0000,0.0000
1789471374.8954,0.0000,0.0000,0.0000,0.0000,-0.0000,0.0000,0.0000,-0.0000,0.0000,0.0000,-0.0000,0.0000
1789471374.9452,0.0000,0.0000,0.0000,0.0000,-0.0000,0.0000,0.0000,-0.0000,0.0000,0.0000,-0.0000,0.0000
1789471374.9951,0.0000,0.0000,0.0000,0.0000,-0.0000,0.0000,0.0000,-0.0000,0.0000,0.0000,-0.0000,0.0000
1789471375.0453,0.0000,0.0000,0.0000,0.0000,-0.0000,0.0000,0.0000,-0.0000,0.0000,0.0000,-0.0000,0.0000
1789471375.0951,0.0000,0.0000,0.0000,0.0000,-0.0000,0.0000,0.0000,-0.0000,0.0000,0.0000,-0.0000,0.0000
1789471375.1452,0.0000,0.0000,0.0000,0.0000,-0.0000,0.0000,0.0000,-0.0000,0.0000,0.0000,-0.0000,0.0000
1789471375.1953,0.0000,0.0000,0.0000,0.0000,-0.0000,0.0000,0.0000,-0.0000,0.0000,0.0000,-0.0000,0.0000
1789471375.2456,0.0000,0.0000,0.0000,0.0000,-0.0000,0.0000,0.0000,-0.0000,0.0000,0.0000,-0.0000,0.0000
1789471375.2953,0.0000,0.0000,0.0000,0.0000,-0.0000,0.0000,0.0000,-0.0000,0.0000,0.0000,-0.0000,0.0000
1789471375.3452,0.0000,0.0000,0.0000,0.0000,-0.0000,0.0000,0.0000,-0.0000,0.0000,0.0000,-0.0000,0.0000
1789471375.3952,0.0000,0.0000,0.0000,0.0000,-0.0000,0.0000,0.0000,-0.0000,0.0000,0.0000,-0.0000,0.0000
1789471375.4452,0.0000,0.0000,0.0000,0.0000,-0.0000,0.0000,0.0000,-0.0000,0.0000,0.0000,-0.0000,0.0000
1789471375.4953,0.0000,0.0000,0.0000,0.0000,-0.0000,0.0000,0.0000,-0.0000,0.0000,0.0000,-0.0000,0.0000
1789471375.5454,0.0000,0.0000,0.0000,0.0000,-0.0000,0.0000,0.0000,-0.0000,0.0000,0.0000,-0.0000,0.0000
1789471375.5953,0.0000,0.0000,0.0000,0.0000,-0.0000,0.0000,0.0000,-0.0000,0.0000,0.0000,-0.0000,0.0000
1789471375.6453,0.0000,0.0000,0.0000,0.0000,-0.0000,0.0000,0.0000,-0.0000,0.0000,0.0000,-0.0000,0.0000
1789471375.6952,0.0000,0.0000,0.0000,0.0000,-0.0000,0.0000,0.0000,-0.0000,0.0000,0.0000,-0.0000,0.0000
1789471375.7453,0.0000,0.0000,0.0000,0.0000,-0.0000,0.0000,0.0000,-0.0000,0.0000,0.0000,-0.0000,0.0000
1789471375.7953,0.0000,0.0000,0.0000,0.0000,-0.0000,0.0000,0.0000,-0.0000,0.0000,0.0000,-0.0000,0.0000
1789471375.8454,0.0000,0.0000,0.0000,0.0000,-0.0000,0.0000,0.0000,-0.0000,0.0000,0.0000,-0.0000,0.0000
1789471375.8953,0.0000,0.0000,0.0000,0.0000,-0.0000,0.0000,0.0000,-0.0000,0.0000,0.0000,-0.0000,0.0000
1789471375.9453,0.0000,0.0000,0.0000,0.0000,-0.0000,0.0000,0.0000,-0.0000,0.0000,0.0000,-0.0000,0.0000
1789471375.9953,0.0000,0.0000,0.0000,0.0000,-0.0000,0.0000,0.0000,-0.0000,0.0000,0.0000,-0.0000,0.0000
1789471376.0451,0.0000,0.0000,0.0000,0.0000,-0.0000,0.0000,0.0000,-0.0000,0.0000,0.0000,-0.0000,0.0000
1789471376.0952,0.0000,0.0000,0.0000,0.0000,-0.0000,0.0000,0.0000,-0.0000,0.0000,0.0000,-0.0000,0.0000
1789471376.1453,0.0000,0.0000,0.0000,0.0000,-0.0000,0.0000,0.0000,-0.0000,0.0000,0.0000,-0.0000,0.0000
1789471376.1953,0.0000,0.0000,0.0000,0.0000,-0.0000,0.0000,0.0000,-0.0000,0.0000,0.0000,-0.0000,0.0000
1789471376.2454,0.0000,0.0000,0.0000,0.0000,-0.0000,0.0000,0.0000,-0.0000,0.0000,0.0000,-0.0000,0.0000
1789471376.2954,0.0000,0.0000,0.0000,0.0000,-0.0000,0.0000,0.0000,-0.0000,0.0000,0.0000,-0.0000,0.0000
1789471376.3453,0.0000,0.0000,0.0000,0.0000,-0.0000,0.0000,0.0000,-0.0000,0.0000,0.0000,-0.0000,0.0000
1789471376.3952,0.0000,0.0000,0.0000,0.0000,-0.0000,0.0000,0.0000,-0.0000,0.0000,0.0000,-0.0000,0.0000
1789471376.4453,0.0000,0.0000,0.0000,0.0000,-0.0000,0.0000,0.0000,-0.0000,0.0000,0.0000,-0.0000,0.0000
1789471376.4953,0.0000,0.0000,0.0000,0.0000,-0.0000,0.0000,0.0000,-0.0000,0.0000,0.0000,-0.0000,0.0000
1789471376.5454,0.0000,0.0000,0.0000,0.0000,-0.0000,0.0000,0.0000,-0.0000,0.0000,0.0000,-0.0000,0.0000
1789471376.5953,0.0000,0.0000,0.0000,0.0000,-0.0000,0.0000,0.0000,-0.0000,0.0000,0.0000,-0.0000,0.0000
1789471376.6455,0.0000,0.0000,0.0000,0.0000,-0.0000,0.0000,0.0000,-0.0000,0.0000,0.0000,-0.0000,0.0000
1789471376.6953,0.0000,0.0000,0.0000,0.0000,-0.0000,0.0000,0.0000,-0.0000,0.0000,0.0000,-0.0000,0.0000
1789471376.7452,0.0000,0.0000,0.0000,0.0000,-0.0000,0.0000,0.0000,-0.0000,0.0000,0.0000,-0.0000,0.0000
1789471376.7953,0.0000,0.0000,0.0000,0.0000,-0.0000,0.0000,0.0000,-0.0000,0.0000,0.0000,-0.0000,0.0000
1789471376.8452,0.0000,0.0000,0.0000,0.0000,-0.0000,0.0000,0.0000,-0.0000,0.0000,0.0000,-0.0000,0.0000
1789471376.8954,0.0000,0.0000,0.0000,0.0000,-0.0000,0.0000,0.0000,-0.0000,0.0000,0.0000,-0.0000,0.0000
1789471376.9453,0.0000,0.0000,0.0000,0.0000,-0.0000,0.0000,0.0000,-0.0000,0.0000,0.0000,-0.0000,0.0000
1789471376.9954,0.0000,0.0000,0.0000,0.0000,-0.0000,0.0000,0.0000,-0.0000,0.0000,0.0000,-0.0000,0.0000
1789471377.0454,0.0000,0.0000,0.0000,0.0000,-0.0000,0.0000,0.0000,-0.0000,0.0000,0.0000,-0.0000,0.0000
1789471377.0952,0.0000,0.0000,0.0000,0.0000,-0.0000,0.0000,0.0000,-0.0000,0.0000,0.0000,-0.0000,0.0000
1789471377.1453,0.0000,0.0000,0.0000,0.0000,-0.0000,0.0000,0.0000,-0.0000,0.0000,0.0000,-0.0000,0.0000
1789471377.1953,0.0000,0.0000,0.0000,0.0000,-0.0000,0.0000,0.0000,-0.0000,0.0000,0.0000,-0.0000,0.0000
1789471377.2453,0.0000,0.0000,0.0000,0.0000,-0.0000,0.0000,0.0000,-0.0000,0.0000,0.0000,-0.0000,0.0000
1789471377.2953,0.0000,0.0000,0.0000,0.0000,-0.0000,0.0000,0.0000,-0.0000,0.0000,0.0000,-0.0000,0.0000
1789471377.3454,0.0000,0.0000,0.0000,0.0000,-0.0000,0.0000,0.0000,-0.0000,0.0000,0.0000,-0.0000,0.0000
1789471377.3953,0.0000,0.0000,0.0000,0.0000,-0.0000,0.0000,0.0000,-0.0000,0.0000,0.0000,-0.0000,0.0000
1789471377.4453,0.0000,0.0000,0.0000,0.0000,-0.0000,0.0000,0.0000,-0.0000,0.0000,0.0000,-0.0000,0.0000
1789471377.4954,0.0000,0.0000,0.0000,0.0000,-0.0000,0.0000,0.0000,-0.0000,0.0000,0.0000,-0.0000,0.0000
1789471377.5454,0.0000,0.0000,0.0000,0.0000,-0.0000,0.0000,0.0000,-0.0000,0.0000,0.0000,-0.0000,0.0000
1789471377.5954,0.0000,0.0000,0.0000,0.0000,-0.0000,0.0000,0.0000,-0.0000,0.0000,0.0000,-0.0000,0.0000
1789471377.6453,0.0000,0.0000,0.0000,0.0000,-0.0000,0.0000,0.0000,-0.0000,0.0000,0.0000,-0.0000,0.0000
1789471377.6953,0.0000,0.0000,0.0000,0.0000,-0.0000,0.0000,0.0000,-0.0000,0.0000,0.0000,-0.0000,0.0000
1789471377.7454,0.0000,0.0000,0.0000,0.0000,-0.0000,0.0000,0.0000,-0.0000,0.0000,0.0000,-0.0000,0.0000
1789471377.7953,0.0000,0.0000,0.0000,0.0000,-0.0000,0.0000,0.0000,-0.0000,0.0000,0.0000,-0.0000,0.0000
1789471377.8451,0.0000,0.0000,0.0000,0.0000,-0.0000,0.0000,0.0000,-0.0000,0.0000,0.0000,-0.0000,0.0000
1789471377.8964,0.0000,0.0000,0.0000,0.0000,-0.0000,0.0000,0.0000,-0.0000,0.0000,0.0000,-0.0000,0.0000
1789471377.9461,0.0000,0.0000,0.0000,0.0000,-0.0000,0.0000,0.0000,-0.0000,0.0000,0.0000,-0.0000,0.0000
1789471377.9951,0.0000,0.0000,0.0000,0.0000,-0.0000,0.0000,0.0000,-0.0000,0.0000,0.0000,-0.0000,0.0000
1789471378.0451,0.0000,0.0000,0.0000,0.0000,-0.0000,0.0000,0.0000,-0.0000,0.0000,0.0000,-0.0000,0.0000
1789471378.0951,0.0000,0.0000,0.0000,0.0000,-0.0000,0.0000,0.0000,-0.0000,0.0000,0.0000,-0.0000,0.0000
1789471378.1462,0.0000,0.0000,0.0000,0.0000,-0.0000,0.0000,0.0000,-0.0000,0.0000,0.0000,-0.0000,0.0000
1789471378.1955,0.0000,0.0000,0.0000,0.0000,-0.0000,0.0000,0.0000,-0.0000,0.0000,0.0000,-0.0000,0.0000
1789471378.2453,0.0000,0.0000,0.0000,0.0000,-0.0000,0.0000,0.0000,-0.0000,0.0000,0.0000,-0.0000,0.0000
1789471378.2954,0.0000,0.0000,0.0000,0.0000,-0.0000,0.0000,0.0000,-0.0000,0.0000,0.0000,-0.0000,0.0000
1789471378.3471,0.0000,0.0000,0.0000,0.0000,-0.0000,0.0000,0.0000,-0.0000,0.0000,0.0000,-0.0000,0.0000
1789471378.4051,0.0000,0.0000,0.0000,0.0000,-0.0000,0.0000,0.0000,-0.0000,0.0000,0.0000,-0.0000,0.0000
1789471378.4460,0.0000,0.0000,0.0000,0.0000,-0.0000,0.0000,0.0000,-0.0000,0.0000,0.0000,-0.0000,0.0000
1789471378.4953,0.0000,0.0000,0.0000,0.0000,-0.0000,0.0000,0.0000,-0.0000,0.0000,0.0000,-0.0000,0.0000
1789471378.5451,0.0000,0.0000,0.0000,0.0000,-0.0000,0.0000,0.0000,-0.0000,0.0000,0.0000,-0.0000,0.0000
1789471378.5953,0.0000,0.0000,0.0000,0.0000,-0.0000,0.0000,0.0000,-0.0000,0.0000,0.0000,-0.0000,0.0000
1789471378.6456,0.0000,0.0000,0.0000,0.0000,-0.0000,0.0000,0.0000,-0.0000,0.0000,0.0000,-0.0000,0.0000
1789471378.6957,0.0000,0.0000,0.0000,0.0000,-0.0000,0.0000,0.0000,-0.0000,0.0000,0.0000,-0.0000,0.0000
1789471378.7461,0.0000,0.0000,0.0000,0.0000,-0.0000,0.0000,0.0000,-0.0000,0.0000,0.0000,-0.0000,0.0000
1789471378.7954,0.0000,0.0000,0.0000,0.0000,-0.0000,0.0000,0.0000,-0.0000,0.0000,0.0000,-0.0000,0.0000
1789471378.8460,0.0000,0.0000,0.0000,0.0000,-0.0000,0.0000,0.0000,-0.0000,0.0000,0.0000,-0.0000,0.0000
1789471378.8955,0.0000,0.0000,0.0000,0.0000,-0.0000,0.0000,0.0000,-0.0000,0.0000,0.0000,-0.0000,0.0000
1789471378.9462,0.0000,0.0000,0.0000,0.0000,-0.0000,0.0000,0.0000,-0.0000,0.0000,0.0000,-0.0000,0.0000
1789471379.0047,0.0000,0.0000,0.0000,0.0000,-0.0000,0.0000,0.0000,-0.0000,0.0000,0.0000,-0.0000,0.0000
1789471379.0457,0.0000,0.0000,0.0000,0.0000,-0.0000,0.0000,0.0000,-0.0000,0.0000,0.0000,-0.0000,0.0000
1789471379.0974,0.0000,0.0000,0.0000,0.0000,-0.0000,0.0000,0.0000,-0.0000,0.0000,0.0000,-0.0000,0.0000
1789471379.1525,0.0000,0.0000,0.0000,0.0000,-0.0000,0.0000,0.0000,-0.0000,0.0000,0.0000,-0.0000,0.0000
1789471379.1954,0.0000,0.0000,0.0000,0.0000,-0.0000,0.0000,0.0000,-0.0000,0.0000,0.0000,-0.0000,0.0000
1789471379.2459,0.0000,0.0000,0.0000,0.0000,-0.0000,0.0000,0.0000,-0.0000,0.0000,0.0000,-0.0000,0.0000
1789471379.2968,0.0000,0.0000,0.0000,0.0000,-0.0000,0.0000,0.0000,-0.0000,0.0000,0.0000,-0.0000,0.0000
1789471379.3483,0.0000,0.0000,0.0000,0.0000,-0.0000,0.0000,0.0000,-0.0000,0.0000,0.0000,-0.0000,0.0000
1789471379.3956,0.0000,0.0000,0.0000,0.0000,-0.0000,0.0000,0.0000,-0.0000,0.0000,0.0000,-0.0000,0.0000
1789471379.4454,0.0000,0.0000,0.0000,0.0000,-0.0000,0.0000,0.0000,-0.0000,0.0000,0.0000,-0.0000,0.0000
1789471379.4955,0.0000,0.0000,0.0000,0.0000,-0.0000,0.0000,0.0000,-0.0000,0.0000,0.0000,-0.0000,0.0000
1789471379.5454,0.0000,0.0000,0.0000,0.0000,-0.0000,0.0000,0.0000,-0.0000,0.0000,0.0000,-0.0000,0.0000
1789471379.5954,0.0000,0.0000,0.0000,0.0000,-0.0000,0.0000,0.0000,-0.0000,0.0000,0.0000,-0.0000,0.0000
1789471379.6454,0.0000,0.0000,0.0000,0.0000,-0.0000,0.0000,0.0000,-0.0000,0.0000,0.0000,-0.0000,0.0000
1789471379.6954,0.0000,0.0000,0.0000,0.0000,-0.0000,0.0000,0.0000,-0.0000,0.0000,0.0000,-0.0000,0.0000
1789471379.7455,0.0000,0.0000,0.0000,0.0000,-0.0000,0.0000,0.0000,-0.0000,0.0000,0.0000,-0.0000,0.0000
1789471379.7954,0.0000,0.0000,0.0000,0.0000,-0.0000,0.0000,0.0000,-0.0000,0.0000,0.0000,-0.0000,0.0000
1789471379.8454,0.0000,0.0000,0.0000,0.0000,-0.0000,0.0000,0.0000,-0.0000,0.0000,0.0000,-0.0000,0.0000
1789471379.8955,0.0000,0.0000,0.0000,0.0000,-0.0000,0.0000,0.0000,-0.0000,0.0000,0.0000,-0.0000,0.0000
1789471379.9455,0.0000,0.0000,0.0000,0.0000,-0.0000,0.0000,0.0000,-0.0000,0.0000,0.0000,-0.0000,0.0000
1789471379.9955,0.0000,0.0000,0.0000,0.0000,-0.0000,0.0000,0.0000,-0.0000,0.0000,0.0000,-0.0000,0.0000
1789471380.0455,0.0000,0.0000,0.0000,0.0000,-0.0000,0.0000,0.0000,-0.0000,0.0000,0.0000,-0.0000,0.0000
1789471380.0954,0.0000,0.0000,0.0000,0.0000,-0.0000,0.0000,0.0000,-0.0000,0.0000,0.0000,-0.0000,0.0000
1789471380.1454,0.0000,0.0000,0.0000,0.0000,-0.0000,0.0000,0.0000,-0.0000,0.0000,0.0000,-0.0000,0.0000
1789471380.1958,0.0000,0.0000,0.0000,0.0000,-0.0000,0.0000,0.0000,-0.0000,0.0000,0.0000,-0.0000,0.0000
1789471380.2468,0.0000,0.0000,0.0000,0.0000,-0.0000,0.0000,0.0000,-0.0000,0.0000,0.0000,-0.0000,0.0000
1789471380.2975,0.0000,0.0000,0.0000,0.0000,-0.0000,0.0000,0.0000,-0.0000,0.0000,0.0000,-0.0000,0.0000
