pi_time_s,FR_target_rads,FR_actual_rads,FR_pwm,FL_target_rads,FL_actual_rads,FL_pwm,RR_target_rads,RR_actual_rads,RR_pwm,RL_target_rads,RL_actual_rads,RL_pwm
1789467375.0211,0.0000,0.0000,0.0000,0.0000,0.0000,0.0000,0.0000,0.0000,0.0000,0.0000,0.0000,0.0000
1789467375.0707,0.0000,0.0000,0.0000,0.0000,0.0000,0.0000,0.0000,0.0000,0.0000,0.0000,0.0000,0.0000
1789467375.1205,0.0000,0.0000,0.0000,0.0000,0.0000,0.0000,0.0000,0.0000,0.0000,0.0000,0.0000,0.0000
1789467375.1689,0.0000,0.0000,0.0000,0.0000,0.0000,0.0000,0.0000,0.0000,0.0000,0.0000,0.0000,0.0000
1789467375.2207,0.0000,0.0000,0.0000,0.0000,0.0000,0.0000,0.0000,0.0000,0.0000,0.0000,0.0000,0.0000
1789467375.2690,0.0000,0.0000,0.0000,0.0000,0.0000,0.0000,0.0000,0.0000,0.0000,0.0000,0.0000,0.0000
1789467375.3187,0.0000,0.0000,0.0000,0.0000,0.0000,0.0000,0.0000,0.0000,0.0000,0.0000,0.0000,0.0000
1789467375.3686,0.0000,0.0000,0.0000,0.0000,0.0000,0.0000,0.0000,0.0000,0.0000,0.0000,0.0000,0.0000
1789467375.4204,0.0000,0.0000,0.0000,0.0000,0.0000,0.0000,0.0000,0.0000,0.0000,0.0000,0.0000,0.0000
1789467375.4706,0.0000,0.0000,0.0000,0.0000,0.0000,0.0000,0.0000,0.0000,0.0000,0.0000,0.0000,0.0000
1789467375.5187,0.0000,0.0000,0.0000,0.0000,0.0000,0.0000,0.0000,0.0000,0.0000,0.0000,0.0000,0.0000
1789467375.5686,0.0000,0.0000,0.0000,0.0000,0.0000,0.0000,0.0000,0.0000,0.0000,0.0000,0.0000,0.0000
1789467375.6205,0.0000,0.0000,0.0000,0.0000,0.0000,0.0000,0.0000,0.0000,0.0000,0.0000,0.0000,0.0000
1789467375.6706,0.0000,0.0000,0.0000,0.0000,0.0000,0.0000,0.0000,0.0000,0.0000,0.0000,0.0000,0.0000
1789467375.7186,0.0000,0.0000,0.0000,0.0000,0.0000,0.0000,0.0000,0.0000,0.0000,0.0000,0.0000,0.0000
1789467375.8205,0.0000,0.0000,0.0000,0.0000,0.0000,0.0000,0.0000,0.0000,0.0000,0.0000,0.0000,0.0000
1789467375.8706,0.0000,0.0000,0.0000,0.0000,0.0000,0.0000,0.0000,0.0000,0.0000,0.0000,0.0000,0.0000
1789467375.9187,0.0000,0.0000,0.0000,0.0000,0.0000,0.0000,0.0000,0.0000,0.0000,0.0000,0.0000,0.0000
1789467375.9687,0.0000,0.0000,0.0000,0.0000,0.0000,0.0000,0.0000,0.0000,0.0000,0.0000,0.0000,0.0000
1789467376.0219,0.0000,0.0000,0.0000,0.0000,0.0000,0.0000,0.0000,0.0000,0.0000,0.0000,0.0000,0.0000
1789467376.0729,0.0000,0.0000,0.0000,0.0000,0.0000,0.0000,0.0000,0.0000,0.0000,0.0000,0.0000,0.0000
1789467376.1211,0.0000,0.0000,0.0000,0.0000,0.0000,0.0000,0.0000,0.0000,0.0000,0.0000,0.0000,0.0000
1789467376.1832,0.0000,0.0000,0.0000,0.0000,0.0000,0.0000,0.0000,0.0000,0.0000,0.0000,0.0000,0.0000
1789467376.2367,0.0000,0.0000,0.0000,0.0000,0.0000,0.0000,0.0000,0.0000,0.0000,0.0000,0.0000,0.0000
1789467376.2708,0.0000,0.0000,0.0000,0.0000,0.0000,0.0000,0.0000,0.0000,0.0000,0.0000,0.0000,0.0000
1789467376.3207,0.0000,0.0000,0.0000,0.0000,0.0000,0.0000,0.0000,0.0000,0.0000,0.0000,0.0000,0.0000
1789467376.3731,0.0000,0.0000,0.0000,0.0000,0.0000,0.0000,0.0000,0.0000,0.0000,0.0000,0.0000,0.0000
1789467376.4189,0.0000,0.0000,0.0000,0.0000,0.0000,0.0000,0.0000,0.0000,0.0000,0.0000,0.0000,0.0000
1789467376.4688,0.0000,0.0000,0.0000,0.0000,0.0000,0.0000,0.0000,0.0000,0.0000,0.0000,0.0000,0.0000
1789467376.5187,0.0000,0.0000,0.0000,0.0000,0.0000,0.0000,0.0000,0.0000,0.0000,0.0000,0.0000,0.0000
1789467376.5705,0.0000,0.0000,0.0000,0.0000,0.0000,0.0000,0.0000,0.0000,0.0000,0.0000,0.0000,0.0000
1789467376.6321,0.0000,0.0000,0.0000,0.0000,0.0000,0.0000,0.0000,0.0000,0.0000,0.0000,0.0000,0.0000
1789467376.6711,0.0000,0.0000,0.0000,0.0000,0.0000,0.0000,0.0000,0.0000,0.0000,0.0000,0.0000,0.0000
1789467376.7187,0.0000,0.0000,0.0000,0.0000,0.0000,0.0000,0.0000,0.0000,0.0000,0.0000,0.0000,0.0000
1789467376.7707,0.0000,0.0000,0.0000,0.0000,0.0000,0.0000,0.0000,0.0000,0.0000,0.0000,0.0000,0.0000
1789467376.8210,0.0000,0.0000,0.0000,0.0000,0.0000,0.0000,0.0000,0.0000,0.0000,0.0000,0.0000,0.0000
1789467376.8688,0.0000,0.0000,0.0000,0.0000,0.0000,0.0000,0.0000,0.0000,0.0000,0.0000,0.0000,0.0000
1789467376.9187,0.0000,0.0000,0.0000,0.0000,0.0000,0.0000,0.0000,0.0000,0.0000,0.0000,0.0000,0.0000
1789467376.9795,0.0000,0.0000,0.0000,0.0000,0.0000,0.0000,0.0000,0.0000,0.0000,0.0000,0.0000,0.0000
1789467377.0231,0.0000,0.0000,0.0000,0.0000,0.0000,0.0000,0.0000,0.0000,0.0000,0.0000,0.0000,0.0000
1789467377.0700,0.0000,0.0000,0.0000,0.0000,0.0000,0.0000,0.0000,0.0000,0.0000,0.0000,0.0000,0.0000
1789467377.1187,0.0000,0.0000,0.0000,0.0000,0.0000,0.0000,0.0000,0.0000,0.0000,0.0000,0.0000,0.0000
1789467377.1692,0.0000,0.0000,0.0000,0.0000,0.0000,0.0000,0.0000,0.0000,0.0000,0.0000,0.0000,0.0000
1789467377.2192,0.0000,0.0000,0.0000,0.0000,0.0000,0.0000,0.0000,0.0000,0.0000,0.0000,0.0000,0.0000
1789467377.2693,0.0000,0.0000,0.0000,0.0000,0.0000,0.0000,0.0000,0.0000,0.0000,0.0000,0.0000,0.0000
1789467377.3194,0.0000,0.0000,0.0000,0.0000,0.0000,0.0000,0.0000,0.0000,0.0000,0.0000,0.0000,0.0000
1789467377.3693,0.0000,0.0000,0.0000,0.0000,0.0000,0.0000,0.0000,0.0000,0.0000,0.0000,0.0000,0.0000
1789467377.4194,0.0000,0.0000,0.0000,0.0000,0.0000,0.0000,0.0000,0.0000,0.0000,0.0000,0.0000,0.0000
1789467377.4691,0.0000,0.0000,0.0000,0.0000,0.0000,0.0000,0.0000,0.0000,0.0000,0.0000,0.0000,0.0000
1789467377.5193,0.0000,0.0000,0.0000,0.0000,0.0000,0.0000,0.0000,0.0000,0.0000,0.0000,0.0000,0.0000
1789467377.5692,0.0000,0.0000,0.0000,0.0000,0.0000,0.0000,0.0000,0.0000,0.0000,0.0000,0.0000,0.0000
1789467377.6193,0.0000,0.0000,0.0000,0.0000,0.0000,0.0000,0.0000,0.0000,0.0000,0.0000,0.0000,0.0000
1789467377.6691,0.0000,0.0000,0.0000,0.0000,0.0000,0.0000,0.0000,0.0000,0.0000,0.0000,0.0000,0.0000
1789467377.7191,0.0000,0.0000,0.0000,0.0000,0.0000,0.0000,0.0000,0.0000,0.0000,0.0000,0.0000,0.0000
1789467377.7691,0.0000,0.0000,0.0000,0.0000,0.0000,0.0000,0.0000,0.0000,0.0000,0.0000,0.0000,0.0000
1789467377.8193,0.0000,0.0000,0.0000,0.0000,0.0000,0.0000,0.0000,0.0000,0.0000,0.0000,0.0000,0.0000
1789467377.8693,0.0000,0.0000,0.0000,0.0000,0.0000,0.0000,0.0000,0.0000,0.0000,0.0000,0.0000,0.0000
1789467377.9194,0.0000,0.0000,0.0000,0.0000,0.0000,0.0000,0.0000,0.0000,0.0000,0.0000,0.0000,0.0000
1789467377.9691,0.0000,0.0000,0.0000,0.0000,0.0000,0.0000,0.0000,0.0000,0.0000,0.0000,0.0000,0.0000
1789467378.0194,0.0000,0.0000,0.0000,0.0000,0.0000,0.0000,0.0000,0.0000,0.0000,0.0000,0.0000,0.0000
1789467378.0691,0.0000,0.0000,0.0000,0.0000,0.0000,0.0000,0.0000,0.0000,0.0000,0.0000,0.0000,0.0000
1789467378.1194,0.0000,0.0000,0.0000,0.0000,0.0000,0.0000,0.0000,0.0000,0.0000,0.0000,0.0000,0.0000
1789467378.1690,0.0000,0.0000,0.0000,0.0000,0.0000,0.0000,0.0000,0.0000,0.0000,0.0000,0.0000,0.0000
1789467378.2194,0.0000,0.0000,0.0000,0.0000,0.0000,0.0000,0.0000,0.0000,0.0000,0.0000,0.0000,0.0000
1789467378.2690,0.0000,0.0000,0.0000,0.0000,0.0000,0.0000,0.0000,0.0000,0.0000,0.0000,0.0000,0.0000
1789467378.3191,0.0000,0.0000,0.0000,0.0000,0.0000,0.0000,0.0000,0.0000,0.0000,0.0000,0.0000,0.0000
1789467378.3691,0.0000,0.0000,0.0000,0.0000,0.0000,0.0000,0.0000,0.0000,0.0000,0.0000,0.0000,0.0000
1789467378.4191,0.0000,0.0000,0.0000,0.0000,0.0000,0.0000,0.0000,0.0000,0.0000,0.0000,0.0000,0.0000
1789467378.4690,0.0000,0.0000,0.0000,0.0000,0.0000,0.0000,0.0000,0.0000,0.0000,0.0000,0.0000,0.0000
1789467378.5188,0.0000,0.0000,0.0000,0.0000,0.0000,0.0000,0.0000,0.0000,0.0000,0.0000,0.0000,0.0000
1789467378.5690,0.0000,0.0000,0.0000,0.0000,0.0000,0.0000,0.0000,0.0000,0.0000,0.0000,0.0000,0.0000
1789467378.6190,0.0000,0.0000,0.0000,0.0000,0.0000,0.0000,0.0000,0.0000,0.0000,0.0000,0.0000,0.0000
1789467378.6689,0.0000,0.0000,0.0000,0.0000,0.0000,0.0000,0.0000,0.0000,0.0000,0.0000,0.0000,0.0000
1789467378.7191,0.0000,0.0000,0.0000,0.0000,0.0000,0.0000,0.0000,0.0000,0.0000,0.0000,0.0000,0.0000
1789467378.7692,0.0000,0.0000,0.0000,0.0000,0.0000,0.0000,0.0000,0.0000,0.0000,0.0000,0.0000,0.0000
1789467378.8192,0.0000,0.0000,0.0000,0.0000,0.0000,0.0000,0.0000,0.0000,0.0000,0.0000,0.0000,0.0000
1789467378.8689,0.0000,0.0000,0.0000,0.0000,0.0000,0.0000,0.0000,0.0000,0.0000,0.0000,0.0000,0.0000
1789467378.9192,0.0000,0.0000,0.0000,0.0000,0.0000,0.0000,0.0000,0.0000,0.0000,0.0000,0.0000,0.0000
1789467378.9690,0.0000,0.0000,0.0000,0.0000,0.0000,0.0000,0.0000,0.0000,0.0000,0.0000,0.0000,0.0000
1789467379.0192,0.0000,0.0000,0.0000,0.0000,0.0000,0.0000,0.0000,0.0000,0.0000,0.0000,0.0000,0.0000
1789467379.0691,0.0000,0.0000,0.0000,0.0000,0.0000,0.0000,0.0000,0.0000,0.0000,0.0000,0.0000,0.0000
1789467379.1189,0.0000,0.0000,0.0000,0.0000,0.0000,0.0000,0.0000,0.0000,0.0000,0.0000,0.0000,0.0000
1789467379.1691,0.0000,0.0000,0.0000,0.0000,0.0000,0.0000,0.0000,0.0000,0.0000,0.0000,0.0000,0.0000
1789467379.2189,0.0000,0.0000,0.0000,0.0000,0.0000,0.0000,0.0000,0.0000,0.0000,0.0000,0.0000,0.0000
1789467379.2690,0.0000,0.0000,0.0000,0.0000,0.0000,0.0000,0.0000,0.0000,0.0000,0.0000,0.0000,0.0000
1789467379.3189,0.0000,0.0000,0.0000,0.0000,0.0000,0.0000,0.0000,0.0000,0.0000,0.0000,0.0000,0.0000
1789467379.3691,0.0000,0.0000,0.0000,0.0000,0.0000,0.0000,0.0000,0.0000,0.0000,0.0000,0.0000,0.0000
1789467379.4190,0.0000,0.0000,0.0000,0.0000,0.0000,0.0000,0.0000,0.0000,0.0000,0.0000,0.0000,0.0000
1789467379.4690,0.0000,0.0000,0.0000,0.0000,0.0000,0.0000,0.0000,0.0000,0.0000,0.0000,0.0000,0.0000
1789467379.5192,0.0000,0.0000,0.0000,0.0000,0.0000,0.0000,0.0000,0.0000,0.0000,0.0000,0.0000,0.0000
1789467379.5690,0.0000,0.0000,0.0000,0.0000,0.0000,0.0000,0.0000,0.0000,0.0000,0.0000,0.0000,0.0000
1789467379.6190,0.0000,0.0000,0.0000,0.0000,0.0000,0.0000,0.0000,0.0000,0.0000,0.0000,0.0000,0.0000
1789467379.6690,0.0000,0.0000,0.0000,0.0000,0.0000,0.0000,0.0000,0.0000,0.0000,0.0000,0.0000,0.0000
1789467379.7191,0.0000,0.0000,0.0000,0.0000,0.0000,0.0000,0.0000,0.0000,0.0000,0.0000,0.0000,0.0000
1789467379.7690,0.0000,0.0000,0.0000,0.0000,0.0000,0.0000,0.0000,0.0000,0.0000,0.0000,0.0000,0.0000
1789467379.8189,0.0000,0.0000,0.0000,0.0000,0.0000,0.0000,0.0000,0.0000,0.0000,0.0000,0.0000,0.0000
1789467379.8691,0.0000,0.0000,0.0000,0.0000,0.0000,0.0000,0.0000,0.0000,0.0000,0.0000,0.0000,0.0000
1789467379.9191,0.0000,0.0000,0.0000,0.0000,0.0000,0.0000,0.0000,0.0000,0.0000,0.0000,0.0000,0.0000
1789467379.9693,0.0000,0.0000,0.0000,0.0000,0.0000,0.0000,0.0000,0.0000,0.0000,0.0000,0.0000,0.0000
1789467380.0199,0.0000,0.0000,0.0000,0.0000,0.0000,0.0000,0.0000,0.0000,0.0000,0.0000,0.0000,0.0000
1789467380.0691,0.0000,0.0000,0.0000,0.0000,0.0000,0.0000,0.0000,0.0000,0.0000,0.0000,0.0000,0.0000
1789467380.1193,0.0000,0.0000,0.0000,0.0000,0.0000,0.0000,0.0000,0.0000,0.0000,0.0000,0.0000,0.0000
1789467380.1691,0.0000,0.0000,0.0000,0.0000,0.0000,0.0000,0.0000,0.0000,0.0000,0.0000,0.0000,0.0000
1789467380.2189,0.0000,0.0000,0.0000,0.0000,0.0000,0.0000,0.0000,0.0000,0.0000,0.0000,0.0000,0.0000
1789467380.2692,0.0000,0.0000,0.0000,0.0000,0.0000,0.0000,0.0000,0.0000,0.0000,0.0000,0.0000,0.0000
1789467380.3192,0.0000,0.0000,0.0000,0.0000,0.0000,0.0000,0.0000,0.0000,0.0000,0.0000,0.0000,0.0000
1789467380.3691,0.0000,0.0000,0.0000,0.0000,0.0000,0.0000,0.0000,0.0000,0.0000,0.0000,0.0000,0.0000
1789467380.4192,0.0000,0.0000,0.0000,0.0000,0.0000,0.0000,0.0000,0.0000,0.0000,0.0000,0.0000,0.0000
1789467380.4691,0.0000,0.0000,0.0000,0.0000,0.0000,0.0000,0.0000,0.0000,0.0000,0.0000,0.0000,0.0000
1789467380.5190,0.0000,0.0000,0.0000,0.0000,0.0000,0.0000,0.0000,0.0000,0.0000,0.0000,0.0000,0.0000
1789467380.5690,0.0000,0.0000,0.0000,0.0000,0.0000,0.0000,0.0000,0.0000,0.0000,0.0000,0.0000,0.0000
1789467380.6191,0.0000,0.0000,0.0000,0.0000,0.0000,0.0000,0.0000,0.0000,0.0000,0.0000,0.0000,0.0000
1789467380.6691,0.0000,0.0000,0.0000,0.0000,0.0000,0.0000,0.0000,0.0000,0.0000,0.0000,0.0000,0.0000
1789467380.7190,0.0000,0.0000,0.0000,0.0000,0.0000,0.0000,0.0000,0.0000,0.0000,0.0000,0.0000,0.0000
1789467380.7690,0.0000,0.0000,0.0000,0.0000,0.0000,0.0000,0.0000,0.0000,0.0000,0.0000,0.0000,0.0000
1789467380.8191,0.0000,0.0000,0.0000,0.0000,0.0000,0.0000,0.0000,0.0000,0.0000,0.0000,0.0000,0.0000
1789467380.8691,0.0000,0.0000,0.0000,0.0000,0.0000,0.0000,0.0000,0.0000,0.0000,0.0000,0.0000,0.0000
1789467380.9191,0.0000,0.0000,0.0000,0.0000,0.0000,0.0000,0.0000,0.0000,0.0000,0.0000,0.0000,0.0000
1789467380.9692,0.0000,0.0000,0.0000,0.0000,0.0000,0.0000,0.0000,0.0000,0.0000,0.0000,0.0000,0.0000
1789467381.0192,0.0000,0.0000,0.0000,0.0000,0.0000,0.0000,0.0000,0.0000,0.0000,0.0000,0.0000,0.0000
1789467381.0690,0.0000,0.0000,0.0000,0.0000,0.0000,0.0000,0.0000,0.0000,0.0000,0.0000,0.0000,0.0000
1789467381.1191,0.0000,0.0000,0.0000,0.0000,0.0000,0.0000,0.0000,0.0000,0.0000,0.0000,0.0000,0.0000
1789467381.1692,0.0000,0.0000,0.0000,0.0000,0.0000,0.0000,0.0000,0.0000,0.0000,0.0000,0.0000,0.0000
1789467381.2191,0.0000,0.0000,0.0000,0.0000,0.0000,0.0000,0.0000,0.0000,0.0000,0.0000,0.0000,0.0000
1789467381.2692,0.0000,0.0000,0.0000,0.0000,0.0000,0.0000,0.0000,0.0000,0.0000,0.0000,0.0000,0.0000
1789467381.3194,0.0000,0.0000,0.0000,0.0000,0.0000,0.0000,0.0000,0.0000,0.0000,0.0000,0.0000,0.0000
1789467381.3690,0.0000,0.0000,0.0000,0.0000,0.0000,0.0000,0.0000,0.0000,0.0000,0.0000,0.0000,0.0000
1789467381.4190,0.0000,0.0000,0.0000,0.0000,0.0000,0.0000,0.0000,0.0000,0.0000,0.0000,0.0000,0.0000
1789467381.4688,0.0000,0.0000,0.0000,0.0000,0.0000,0.0000,0.0000,0.0000,0.0000,0.0000,0.0000,0.0000
1789467381.5189,0.0000,0.0000,0.0000,0.0000,0.0000,0.0000,0.0000,0.0000,0.0000,0.0000,0.0000,0.0000
1789467381.5690,0.0000,0.0000,0.0000,0.0000,0.0000,0.0000,0.0000,0.0000,0.0000,0.0000,0.0000,0.0000
1789467381.6192,0.0000,0.0000,0.0000,0.0000,0.0000,0.0000,0.0000,0.0000,0.0000,0.0000,0.0000,0.0000
1789467381.6690,0.0000,0.0000,0.0000,0.0000,0.0000,0.0000,0.0000,0.0000,0.0000,0.0000,0.0000,0.0000
1789467381.7191,0.0000,0.0000,0.0000,0.0000,0.0000,0.0000,0.0000,0.0000,0.0000,0.0000,0.0000,0.0000
1789467381.7692,0.0000,0.0000,0.0000,0.0000,0.0000,0.0000,0.0000,0.0000,0.0000,0.0000,0.0000,0.0000
1789467381.8191,0.0000,0.0000,0.0000,0.0000,0.0000,0.0000,0.0000,0.0000,0.0000,0.0000,0.0000,0.0000
1789467381.8689,0.0000,0.0000,0.0000,0.0000,0.0000,0.0000,0.0000,0.0000,0.0000,0.0000,0.0000,0.0000
1789467381.9192,0.0000,0.0000,0.0000,0.0000,0.0000,0.0000,0.0000,0.0000,0.0000,0.0000,0.0000,0.0000
1789467381.9690,0.0000,0.0000,0.0000,0.0000,0.0000,0.0000,0.0000,0.0000,0.0000,0.0000,0.0000,0.0000
1789467382.0190,0.0000,0.0000,0.0000,0.0000,0.0000,0.0000,0.0000,0.0000,0.0000,0.0000,0.0000,0.0000
1789467382.0689,0.0000,0.0000,0.0000,0.0000,0.0000,0.0000,0.0000,0.0000,0.0000,0.0000,0.0000,0.0000
1789467382.1193,0.0000,0.0000,0.0000,0.0000,0.0000,0.0000,0.0000,0.0000,0.0000,0.0000,0.0000,0.0000
1789467382.1689,0.0000,0.0000,0.0000,0.0000,0.0000,0.0000,0.0000,0.0000,0.0000,0.0000,0.0000,0.0000
1789467382.2190,0.0000,0.0000,0.0000,0.0000,0.0000,0.0000,0.0000,0.0000,0.0000,0.0000,0.0000,0.0000
1789467382.2691,0.0000,0.0000,0.0000,0.0000,0.0000,0.0000,0.0000,0.0000,0.0000,0.0000,0.0000,0.0000
1789467382.3191,0.0000,0.0000,0.0000,0.0000,0.0000,0.0000,0.0000,0.0000,0.0000,0.0000,0.0000,0.0000
1789467382.3690,0.0000,0.0000,0.0000,0.0000,0.0000,0.0000,0.0000,0.0000,0.0000,0.0000,0.0000,0.0000
1789467382.4193,0.0000,0.0000,0.0000,0.0000,0.0000,0.0000,0.0000,0.0000,0.0000,0.0000,0.0000,0.0000
1789467382.4691,0.0000,0.0000,0.0000,0.0000,0.0000,0.0000,0.0000,0.0000,0.0000,0.0000,0.0000,0.0000
1789467382.5190,0.0000,0.0000,0.0000,0.0000,0.0000,0.0000,0.0000,0.0000,0.0000,0.0000,0.0000,0.0000
1789467382.5692,0.0000,0.0000,0.0000,0.0000,0.0000,0.0000,0.0000,0.0000,0.0000,0.0000,0.0000,0.0000
1789467382.6194,0.0000,0.0000,0.0000,0.0000,0.0000,0.0000,0.0000,0.0000,0.0000,0.0000,0.0000,0.0000
1789467382.6689,0.0000,0.0000,0.0000,0.0000,0.0000,0.0000,0.0000,0.0000,0.0000,0.0000,0.0000,0.0000
1789467382.7189,0.0000,0.0000,0.0000,0.0000,0.0000,0.0000,0.0000,0.0000,0.0000,0.0000,0.0000,0.0000
1789467382.7690,0.0000,0.0000,0.0000,0.0000,0.0000,0.0000,0.0000,0.0000,0.0000,0.0000,0.0000,0.0000
1789467382.8191,0.0000,0.0000,0.0000,0.0000,0.0000,0.0000,0.0000,0.0000,0.0000,0.0000,0.0000,0.0000
1789467382.8689,0.0000,0.0000,0.0000,0.0000,0.0000,0.0000,0.0000,0.0000,0.0000,0.0000,0.0000,0.0000
1789467382.9192,0.0000,0.0000,0.0000,0.0000,0.0000,0.0000,0.0000,0.0000,0.0000,0.0000,0.0000,0.0000
1789467382.9690,0.0000,0.0000,0.0000,0.0000,0.0000,0.0000,0.0000,0.0000,0.0000,0.0000,0.0000,0.0000
1789467383.0190,0.0000,0.0000,0.0000,0.0000,0.0000,0.0000,0.0000,0.0000,0.0000,0.0000,0.0000,0.0000
1789467383.0691,0.0000,0.0000,0.0000,0.0000,0.0000,0.0000,0.0000,0.0000,0.0000,0.0000,0.0000,0.0000
1789467383.1192,0.0000,0.0000,0.0000,0.0000,0.0000,0.0000,0.0000,0.0000,0.0000,0.0000,0.0000,0.0000
1789467383.1690,0.0000,0.0000,0.0000,0.0000,0.0000,0.0000,0.0000,0.0000,0.0000,0.0000,0.0000,0.0000
1789467383.2189,0.0000,0.0000,0.0000,0.0000,0.0000,0.0000,0.0000,0.0000,0.0000,0.0000,0.0000,0.0000
1789467383.2691,0.0000,0.0000,0.0000,0.0000,0.0000,0.0000,0.0000,0.0000,0.0000,0.0000,0.0000,0.0000
1789467383.3191,0.0000,0.0000,0.0000,0.0000,0.0000,0.0000,0.0000,0.0000,0.0000,0.0000,0.0000,0.0000
1789467383.3691,0.0000,0.0000,0.0000,0.0000,0.0000,0.0000,0.0000,0.0000,0.0000,0.0000,0.0000,0.0000
1789467383.4190,0.0000,0.0000,0.0000,0.0000,0.0000,0.0000,0.0000,0.0000,0.0000,0.0000,0.0000,0.0000
1789467383.4689,0.0000,0.0000,0.0000,0.0000,0.0000,0.0000,0.0000,0.0000,0.0000,0.0000,0.0000,0.0000
1789467383.5191,0.0000,0.0000,0.0000,0.0000,0.0000,0.0000,0.0000,0.0000,0.0000,0.0000,0.0000,0.0000
1789467383.5690,0.0000,0.0000,0.0000,0.0000,0.0000,0.0000,0.0000,0.0000,0.0000,0.0000,0.0000,0.0000
1789467383.6190,0.0000,0.0000,0.0000,0.0000,0.0000,0.0000,0.0000,0.0000,0.0000,0.0000,0.0000,0.0000
1789467383.6690,0.0000,0.0000,0.0000,0.0000,0.0000,0.0000,0.0000,0.0000,0.0000,0.0000,0.0000,0.0000
1789467383.7191,0.0000,0.0000,0.0000,0.0000,0.0000,0.0000,0.0000,0.0000,0.0000,0.0000,0.0000,0.0000
1789467383.7690,0.0000,0.0000,0.0000,0.0000,0.0000,0.0000,0.0000,0.0000,0.0000,0.0000,0.0000,0.0000
1789467383.8189,0.0000,0.0000,0.0000,0.0000,0.0000,0.0000,0.0000,0.0000,0.0000,0.0000,0.0000,0.0000
1789467383.8690,0.0000,0.0000,0.0000,0.0000,0.0000,0.0000,0.0000,0.0000,0.0000,0.0000,0.0000,0.0000
1789467383.9190,0.0000,0.0000,0.0000,0.0000,0.0000,0.0000,0.0000,0.0000,0.0000,0.0000,0.0000,0.0000
1789467383.9692,0.0000,0.0000,0.0000,0.0000,0.0000,0.0000,0.0000,0.0000,0.0000,0.0000,0.0000,0.0000
1789467384.0192,0.0000,0.0000,0.0000,0.0000,0.0000,0.0000,0.0000,0.0000,0.0000,0.0000,0.0000,0.0000
1789467384.0691,0.0000,0.0000,0.0000,0.0000,0.0000,0.0000,0.0000,0.0000,0.0000,0.0000,0.0000,0.0000
1789467384.1192,0.0000,0.0000,0.0000,0.0000,0.0000,0.0000,0.0000,0.0000,0.0000,0.0000,0.0000,0.0000
1789467384.1690,0.0000,0.0000,0.0000,0.0000,0.0000,0.0000,0.0000,0.0000,0.0000,0.0000,0.0000,0.0000
1789467384.2190,0.0000,0.0000,0.0000,0.0000,0.0000,0.0000,0.0000,0.0000,0.0000,0.0000,0.0000,0.0000
1789467384.2694,0.0000,0.0000,0.0000,0.0000,0.0000,0.0000,0.0000,0.0000,0.0000,0.0000,0.0000,0.0000
1789467384.3193,0.0000,0.0000,0.0000,0.0000,0.0000,0.0000,0.0000,0.0000,0.0000,0.0000,0.0000,0.0000
1789467384.3691,0.0000,0.0000,0.0000,0.0000,0.0000,0.0000,0.0000,0.0000,0.0000,0.0000,0.0000,0.0000
1789467384.4190,0.0000,0.0000,0.0000,0.0000,0.0000,0.0000,0.0000,0.0000,0.0000,0.0000,0.0000,0.0000
1789467384.4691,0.0000,0.0000,0.0000,0.0000,0.0000,0.0000,0.0000,0.0000,0.0000,0.0000,0.0000,0.0000
1789467384.5192,0.0000,0.0000,0.0000,0.0000,0.0000,0.0000,0.0000,0.0000,0.0000,0.0000,0.0000,0.0000
1789467384.5690,0.0000,0.0000,0.0000,0.0000,0.0000,0.0000,0.0000,0.0000,0.0000,0.0000,0.0000,0.0000
1789467384.6190,0.0000,0.0000,0.0000,0.0000,0.0000,0.0000,0.0000,0.0000,0.0000,0.0000,0.0000,0.0000
1789467384.6690,0.0000,0.0000,0.0000,0.0000,0.0000,0.0000,0.0000,0.0000,0.0000,0.0000,0.0000,0.0000
1789467384.7191,0.0000,0.0000,0.0000,0.0000,0.0000,0.0000,0.0000,0.0000,0.0000,0.0000,0.0000,0.0000
1789467384.7690,0.0000,0.0000,0.0000,0.0000,0.0000,0.0000,0.0000,0.0000,0.0000,0.0000,0.0000,0.0000
1789467384.8190,0.0000,0.0000,0.0000,0.0000,0.0000,0.0000,0.0000,0.0000,0.0000,0.0000,0.0000,0.0000
1789467384.8689,0.0000,0.0000,0.0000,0.0000,0.0000,0.0000,0.0000,0.0000,0.0000,0.0000,0.0000,0.0000
1789467384.9192,0.0000,0.0000,0.0000,0.0000,0.0000,0.0000,0.0000,0.0000,0.0000,0.0000,0.0000,0.0000
1789467384.9691,0.0000,0.0000,0.0000,0.0000,0.0000,0.0000,0.0000,0.0000,0.0000,0.0000,0.0000,0.0000
1789467385.0190,0.0000,0.0000,0.0000,0.0000,0.0000,0.0000,0.0000,0.0000,0.0000,0.0000,0.0000,0.0000
1789467385.0692,0.0000,0.0000,0.0000,0.0000,0.0000,0.0000,0.0000,0.0000,0.0000,0.0000,0.0000,0.0000
1789467385.1191,0.0000,0.0000,0.0000,0.0000,0.0000,0.0000,0.0000,0.0000,0.0000,0.0000,0.0000,0.0000
1789467385.1690,0.0000,0.0000,0.0000,0.0000,0.0000,0.0000,0.0000,0.0000,0.0000,0.0000,0.0000,0.0000
1789467385.2189,0.0000,0.0000,0.0000,0.0000,0.0000,0.0000,0.0000,0.0000,0.0000,0.0000,0.0000,0.0000
1789467385.2690,0.0000,0.0000,0.0000,0.0000,0.0000,0.0000,0.0000,0.0000,0.0000,0.0000,0.0000,0.0000
1789467385.3191,0.0000,0.0000,0.0000,0.0000,0.0000,0.0000,0.0000,0.0000,0.0000,0.0000,0.0000,0.0000
1789467385.3691,0.0000,0.0000,0.0000,0.0000,0.0000,0.0000,0.0000,0.0000,0.0000,0.0000,0.0000,0.0000
1789467385.4192,0.0000,0.0000,0.0000,0.0000,0.0000,0.0000,0.0000,0.0000,0.0000,0.0000,0.0000,0.0000
1789467385.4690,0.0000,0.0000,0.0000,0.0000,0.0000,0.0000,0.0000,0.0000,0.0000,0.0000,0.0000,0.0000
1789467385.5190,0.0000,0.0000,0.0000,0.0000,0.0000,0.0000,0.0000,0.0000,0.0000,0.0000,0.0000,0.0000
1789467385.5693,0.0000,0.0000,0.0000,0.0000,0.0000,0.0000,0.0000,0.0000,0.0000,0.0000,0.0000,0.0000
1789467385.6191,0.0000,0.0000,0.0000,0.0000,0.0000,0.0000,0.0000,0.0000,0.0000,0.0000,0.0000,0.0000
1789467385.6689,0.0000,0.0000,0.0000,0.0000,0.0000,0.0000,0.0000,0.0000,0.0000,0.0000,0.0000,0.0000
1789467385.7190,0.0000,0.0000,0.0000,0.0000,0.0000,0.0000,0.0000,0.0000,0.0000,0.0000,0.0000,0.0000
1789467385.7690,0.0000,0.0000,0.0000,0.0000,0.0000,0.0000,0.0000,0.0000,0.0000,0.0000,0.0000,0.0000
1789467385.8190,0.0000,0.0000,0.0000,0.0000,0.0000,0.0000,0.0000,0.0000,0.0000,0.0000,0.0000,0.0000
1789467385.8691,0.0000,0.0000,0.0000,0.0000,0.0000,0.0000,0.0000,0.0000,0.0000,0.0000,0.0000,0.0000
1789467385.9191,0.0000,0.0000,0.0000,0.0000,0.0000,0.0000,0.0000,0.0000,0.0000,0.0000,0.0000,0.0000
1789467385.9690,0.0000,0.0000,0.0000,0.0000,0.0000,0.0000,0.0000,0.0000,0.0000,0.0000,0.0000,0.0000
1789467386.0190,0.0000,0.0000,0.0000,0.0000,0.0000,0.0000,0.0000,0.0000,0.0000,0.0000,0.0000,0.0000
1789467386.0690,0.0000,0.0000,0.0000,0.0000,0.0000,0.0000,0.0000,0.0000,0.0000,0.0000,0.0000,0.0000
1789467386.1191,0.0000,0.0000,0.0000,0.0000,0.0000,0.0000,0.0000,0.0000,0.0000,0.0000,0.0000,0.0000
1789467386.1691,0.0000,0.0000,0.0000,0.0000,0.0000,0.0000,0.0000,0.0000,0.0000,0.0000,0.0000,0.0000
1789467386.2188,0.0000,0.0000,0.0000,0.0000,0.0000,0.0000,0.0000,0.0000,0.0000,0.0000,0.0000,0.0000
1789467386.2689,0.0000,0.0000,0.0000,0.0000,0.0000,0.0000,0.0000,0.0000,0.0000,0.0000,0.0000,0.0000
1789467386.3192,0.0000,0.0000,0.0000,0.0000,0.0000,0.0000,0.0000,0.0000,0.0000,0.0000,0.0000,0.0000
1789467386.3691,0.0000,0.0000,0.0000,0.0000,0.0000,0.0000,0.0000,0.0000,0.0000,0.0000,0.0000,0.0000
1789467386.4189,0.0000,0.0000,0.0000,0.0000,0.0000,0.0000,0.0000,0.0000,0.0000,0.0000,0.0000,0.0000
1789467386.4692,0.0000,0.0000,0.0000,0.0000,0.0000,0.0000,0.0000,0.0000,0.0000,0.0000,0.0000,0.0000
1789467386.5190,0.0000,0.0000,0.0000,0.0000,0.0000,0.0000,0.0000,0.0000,0.0000,0.0000,0.0000,0.0000
1789467386.5690,0.0000,0.0000,0.0000,0.0000,0.0000,0.0000,0.0000,0.0000,0.0000,0.0000,0.0000,0.0000
1789467386.6190,0.0000,0.0000,0.0000,0.0000,0.0000,0.0000,0.0000,0.0000,0.0000,0.0000,0.0000,0.0000
1789467386.6690,0.0000,0.0000,0.0000,0.0000,0.0000,0.0000,0.0000,0.0000,0.0000,0.0000,0.0000,0.0000
1789467386.7190,0.0000,0.0000,0.0000,0.0000,0.0000,0.0000,0.0000,0.0000,0.0000,0.0000,0.0000,0.0000
1789467386.7688,0.0000,0.0000,0.0000,0.0000,0.0000,0.0000,0.0000,0.0000,0.0000,0.0000,0.0000,0.0000
1789467386.8191,0.0000,0.0000,0.0000,0.0000,0.0000,0.0000,0.0000,0.0000,0.0000,0.0000,0.0000,0.0000
1789467386.8691,0.0000,0.0000,0.0000,0.0000,0.0000,0.0000,0.0000,0.0000,0.0000,0.0000,0.0000,0.0000
1789467386.9190,0.0000,0.0000,0.0000,0.0000,0.0000,0.0000,0.0000,0.0000,0.0000,0.0000,0.0000,0.0000
1789467386.9691,0.0000,0.0000,0.0000,0.0000,0.0000,0.0000,0.0000,0.0000,0.0000,0.0000,0.0000,0.0000
1789467387.0192,0.0000,0.0000,0.0000,0.0000,0.0000,0.0000,0.0000,0.0000,0.0000,0.0000,0.0000,0.0000
1789467387.0689,0.0000,0.0000,0.0000,0.0000,0.0000,0.0000,0.0000,0.0000,0.0000,0.0000,0.0000,0.0000
1789467387.1188,0.0000,0.0000,0.0000,0.0000,0.0000,0.0000,0.0000,0.0000,0.0000,0.0000,0.0000,0.0000
1789467387.1690,0.0000,0.0000,0.0000,0.0000,0.0000,0.0000,0.0000,0.0000,0.0000,0.0000,0.0000,0.0000
1789467387.2190,0.0000,0.0000,0.0000,0.0000,0.0000,0.0000,0.0000,0.0000,0.0000,0.0000,0.0000,0.0000
1789467387.2691,0.0000,0.0000,0.0000,0.0000,0.0000,0.0000,0.0000,0.0000,0.0000,0.0000,0.0000,0.0000
1789467387.3191,0.0000,0.0000,0.0000,0.0000,0.0000,0.0000,0.0000,0.0000,0.0000,0.0000,0.0000,0.0000
1789467387.3692,0.0000,0.0000,0.0000,0.0000,0.0000,0.0000,0.0000,0.0000,0.0000,0.0000,0.0000,0.0000
1789467387.4190,0.0000,0.0000,0.0000,0.0000,0.0000,0.0000,0.0000,0.0000,0.0000,0.0000,0.0000,0.0000
1789467387.4689,0.0000,0.0000,0.0000,0.0000,0.0000,0.0000,0.0000,0.0000,0.0000,0.0000,0.0000,0.0000
1789467387.5191,0.0000,0.0000,0.0000,0.0000,0.0000,0.0000,0.0000,0.0000,0.0000,0.0000,0.0000,0.0000
1789467387.5689,0.0000,0.0000,0.0000,0.0000,0.0000,0.0000,0.0000,0.0000,0.0000,0.0000,0.0000,0.0000
1789467387.6191,0.0000,0.0000,0.0000,0.0000,0.0000,0.0000,0.0000,0.0000,0.0000,0.0000,0.0000,0.0000
1789467387.6690,0.0000,0.0000,0.0000,0.0000,0.0000,0.0000,0.0000,0.0000,0.0000,0.0000,0.0000,0.0000
1789467387.7187,0.0000,0.0000,0.0000,0.0000,0.0000,0.0000,0.0000,0.0000,0.0000,0.0000,0.0000,0.0000
1789467387.7691,0.0000,0.0000,0.0000,0.0000,0.0000,0.0000,0.0000,0.0000,0.0000,0.0000,0.0000,0.0000
1789467387.8189,0.0000,0.0000,0.0000,0.0000,0.0000,0.0000,0.0000,0.0000,0.0000,0.0000,0.0000,0.0000
1789467387.8689,0.0000,0.0000,0.0000,0.0000,0.0000,0.0000,0.0000,0.0000,0.0000,0.0000,0.0000,0.0000
1789467387.9191,0.0000,0.0000,0.0000,0.0000,0.0000,0.0000,0.0000,0.0000,0.0000,0.0000,0.0000,0.0000
1789467387.9690,0.0000,0.0000,0.0000,0.0000,0.0000,0.0000,0.0000,0.0000,0.0000,0.0000,0.0000,0.0000
1789467388.0192,0.0000,0.0000,0.0000,0.0000,0.0000,0.0000,0.0000,0.0000,0.0000,0.0000,0.0000,0.0000
1789467388.0689,0.0000,0.0000,0.0000,0.0000,0.0000,0.0000,0.0000,0.0000,0.0000,0.0000,0.0000,0.0000
1789467388.1196,0.0000,0.0000,0.0000,0.0000,0.0000,0.0000,0.0000,0.0000,0.0000,0.0000,0.0000,0.0000
1789467388.1691,0.0000,0.0000,0.0000,0.0000,0.0000,0.0000,0.0000,0.0000,0.0000,0.0000,0.0000,0.0000
1789467388.2189,0.0000,0.0000,0.0000,0.0000,0.0000,0.0000,0.0000,0.0000,0.0000,0.0000,0.0000,0.0000
1789467388.2690,0.0000,0.0000,0.0000,0.0000,0.0000,0.0000,0.0000,0.0000,0.0000,0.0000,0.0000,0.0000
1789467388.3198,0.0000,0.0000,0.0000,0.0000,0.0000,0.0000,0.0000,0.0000,0.0000,0.0000,0.0000,0.0000
1789467388.3691,0.0000,0.0000,0.0000,0.0000,0.0000,0.0000,0.0000,0.0000,0.0000,0.0000,0.0000,0.0000
1789467388.4190,0.0000,0.0000,0.0000,0.0000,0.0000,0.0000,0.0000,0.0000,0.0000,0.0000,0.0000,0.0000
1789467388.4690,0.0000,0.0000,0.0000,0.0000,0.0000,0.0000,0.0000,0.0000,0.0000,0.0000,0.0000,0.0000
1789467388.5190,0.0000,0.0000,0.0000,0.0000,0.0000,0.0000,0.0000,0.0000,0.0000,0.0000,0.0000,0.0000
1789467388.5690,0.0000,0.0000,0.0000,0.0000,0.0000,0.0000,0.0000,0.0000,0.0000,0.0000,0.0000,0.0000
1789467388.6191,0.0000,0.0000,0.0000,0.0000,0.0000,0.0000,0.0000,0.0000,0.0000,0.0000,0.0000,0.0000
1789467388.6689,0.0000,0.0000,0.0000,0.0000,0.0000,0.0000,0.0000,0.0000,0.0000,0.0000,0.0000,0.0000
1789467388.7188,0.0000,0.0000,0.0000,0.0000,0.0000,0.0000,0.0000,0.0000,0.0000,0.0000,0.0000,0.0000
1789467388.7688,0.0000,0.0000,0.0000,0.0000,0.0000,0.0000,0.0000,0.0000,0.0000,0.0000,0.0000,0.0000
1789467388.8191,0.0000,0.0000,0.0000,0.0000,0.0000,0.0000,0.0000,0.0000,0.0000,0.0000,0.0000,0.0000
1789467388.8691,0.0000,0.0000,0.0000,0.0000,0.0000,0.0000,0.0000,0.0000,0.0000,0.0000,0.0000,0.0000
1789467388.9190,0.0000,0.0000,0.0000,0.0000,0.0000,0.0000,0.0000,0.0000,0.0000,0.0000,0.0000,0.0000
1789467388.9690,0.0000,0.0000,0.0000,0.0000,0.0000,0.0000,0.0000,0.0000,0.0000,0.0000,0.0000,0.0000
1789467389.0195,0.0000,0.0000,0.0000,0.0000,0.0000,0.0000,0.0000,0.0000,0.0000,0.0000,0.0000,0.0000
1789467389.0691,0.0000,0.0000,0.0000,0.0000,0.0000,0.0000,0.0000,0.0000,0.0000,0.0000,0.0000,0.0000
1789467389.1189,0.0000,0.0000,0.0000,0.0000,0.0000,0.0000,0.0000,0.0000,0.0000,0.0000,0.0000,0.0000
1789467389.1690,0.0000,0.0000,0.0000,0.0000,0.0000,0.0000,0.0000,0.0000,0.0000,0.0000,0.0000,0.0000
1789467389.2190,0.0000,0.0000,0.0000,0.0000,0.0000,0.0000,0.0000,0.0000,0.0000,0.0000,0.0000,0.0000
1789467389.2690,0.0000,0.0000,0.0000,0.0000,0.0000,0.0000,0.0000,0.0000,0.0000,0.0000,0.0000,0.0000
1789467389.3191,0.0000,0.0000,0.0000,0.0000,0.0000,0.0000,0.0000,0.0000,0.0000,0.0000,0.0000,0.0000
1789467389.3691,0.0000,0.0000,0.0000,0.0000,0.0000,0.0000,0.0000,0.0000,0.0000,0.0000,0.0000,0.0000
1789467389.4192,0.0000,0.0000,0.0000,0.0000,0.0000,0.0000,0.0000,0.0000,0.0000,0.0000,0.0000,0.0000
1789467389.4690,0.0000,0.0000,0.0000,0.0000,0.0000,0.0000,0.0000,0.0000,0.0000,0.0000,0.0000,0.0000
1789467389.5190,0.0000,0.0000,0.0000,0.0000,0.0000,0.0000,0.0000,0.0000,0.0000,0.0000,0.0000,0.0000
1789467389.5693,0.0000,0.0000,0.0000,0.0000,0.0000,0.0000,0.0000,0.0000,0.0000,0.0000,0.0000,0.0000
1789467389.6192,0.0000,0.0000,0.0000,0.0000,0.0000,0.0000,0.0000,0.0000,0.0000,0.0000,0.0000,0.0000
1789467389.6689,0.0000,0.0000,0.0000,0.0000,0.0000,0.0000,0.0000,0.0000,0.0000,0.0000,0.0000,0.0000
1789467389.7188,0.0000,0.0000,0.0000,0.0000,0.0000,0.0000,0.0000,0.0000,0.0000,0.0000,0.0000,0.0000
1789467389.7693,0.0000,0.0000,0.0000,0.0000,0.0000,0.0000,0.0000,0.0000,0.0000,0.0000,0.0000,0.0000
1789467389.8190,0.0000,0.0000,0.0000,0.0000,0.0000,0.0000,0.0000,0.0000,0.0000,0.0000,0.0000,0.0000
1789467389.8691,0.0000,0.0000,0.0000,0.0000,0.0000,0.0000,0.0000,0.0000,0.0000,0.0000,0.0000,0.0000
1789467389.9190,0.0000,0.0000,0.0000,0.0000,0.0000,0.0000,0.0000,0.0000,0.0000,0.0000,0.0000,0.0000
1789467389.9691,0.0000,0.0000,0.0000,0.0000,0.0000,0.0000,0.0000,0.0000,0.0000,0.0000,0.0000,0.0000
1789467390.0189,0.0000,0.0000,0.0000,0.0000,0.0000,0.0000,0.0000,0.0000,0.0000,0.0000,0.0000,0.0000
1789467390.0690,0.0000,0.0000,0.0000,0.0000,0.0000,0.0000,0.0000,0.0000,0.0000,0.0000,0.0000,0.0000
1789467390.1193,0.0000,0.0000,0.0000,0.0000,0.0000,0.0000,0.0000,0.0000,0.0000,0.0000,0.0000,0.0000
1789467390.1691,0.0000,0.0000,0.0000,0.0000,0.0000,0.0000,0.0000,0.0000,0.0000,0.0000,0.0000,0.0000
1789467390.2190,0.0000,0.0000,0.0000,0.0000,0.0000,0.0000,0.0000,0.0000,0.0000,0.0000,0.0000,0.0000
1789467390.2694,0.0000,0.0000,0.0000,0.0000,0.0000,0.0000,0.0000,0.0000,0.0000,0.0000,0.0000,0.0000
1789467390.3193,0.0000,0.0000,0.0000,0.0000,0.0000,0.0000,0.0000,0.0000,0.0000,0.0000,0.0000,0.0000
1789467390.3690,0.0000,0.0000,0.0000,0.0000,0.0000,0.0000,0.0000,0.0000,0.0000,0.0000,0.0000,0.0000
1789467390.4190,0.0000,0.0000,0.0000,0.0000,0.0000,0.0000,0.0000,0.0000,0.0000,0.0000,0.0000,0.0000
1789467390.4691,0.0000,0.0000,0.0000,0.0000,0.0000,0.0000,0.0000,0.0000,0.0000,0.0000,0.0000,0.0000
1789467390.5191,0.0000,0.0000,0.0000,0.0000,0.0000,0.0000,0.0000,0.0000,0.0000,0.0000,0.0000,0.0000
1789467390.5692,0.0000,0.0000,0.0000,0.0000,0.0000,0.0000,0.0000,0.0000,0.0000,0.0000,0.0000,0.0000
1789467390.6193,0.0000,0.0000,0.0000,0.0000,0.0000,0.0000,0.0000,0.0000,0.0000,0.0000,0.0000,0.0000
1789467390.6691,0.0000,0.0000,0.0000,0.0000,0.0000,0.0000,0.0000,0.0000,0.0000,0.0000,0.0000,0.0000
1789467390.7190,0.0000,0.0000,0.0000,0.0000,0.0000,0.0000,0.0000,0.0000,0.0000,0.0000,0.0000,0.0000
1789467390.7690,0.0000,0.0000,0.0000,0.0000,0.0000,0.0000,0.0000,0.0000,0.0000,0.0000,0.0000,0.0000
1789467390.8191,0.0000,0.0000,0.0000,0.0000,0.0000,0.0000,0.0000,0.0000,0.0000,0.0000,0.0000,0.0000
1789467390.8692,0.0000,0.0000,0.0000,0.0000,0.0000,0.0000,0.0000,0.0000,0.0000,0.0000,0.0000,0.0000
1789467390.9193,0.0000,0.0000,0.0000,0.0000,0.0000,0.0000,0.0000,0.0000,0.0000,0.0000,0.0000,0.0000
1789467390.9691,0.0000,0.0000,0.0000,0.0000,0.0000,0.0000,0.0000,0.0000,0.0000,0.0000,0.0000,0.0000
1789467391.0195,0.0000,0.0000,0.0000,0.0000,0.0000,0.0000,0.0000,0.0000,0.0000,0.0000,0.0000,0.0000
1789467391.0691,0.0000,0.0000,0.0000,0.0000,0.0000,0.0000,0.0000,0.0000,0.0000,0.0000,0.0000,0.0000
1789467391.1190,0.0000,0.0000,0.0000,0.0000,0.0000,0.0000,0.0000,0.0000,0.0000,0.0000,0.0000,0.0000
1789467391.1691,0.0000,0.0000,0.0000,0.0000,0.0000,0.0000,0.0000,0.0000,0.0000,0.0000,0.0000,0.0000
1789467391.2191,0.0000,0.0000,0.0000,0.0000,0.0000,0.0000,0.0000,0.0000,0.0000,0.0000,0.0000,0.0000
1789467391.2692,0.0000,0.0000,0.0000,0.0000,0.0000,0.0000,0.0000,0.0000,0.0000,0.0000,0.0000,0.0000
1789467391.3192,0.0000,0.0000,0.0000,0.0000,0.0000,0.0000,0.0000,0.0000,0.0000,0.0000,0.0000,0.0000
1789467391.3691,0.0000,0.0000,0.0000,0.0000,0.0000,0.0000,0.0000,0.0000,0.0000,0.0000,0.0000,0.0000
1789467391.4190,0.0000,0.0000,0.0000,0.0000,0.0000,0.0000,0.0000,0.0000,0.0000,0.0000,0.0000,0.0000
1789467391.4691,0.0000,0.0000,0.0000,0.0000,0.0000,0.0000,0.0000,0.0000,0.0000,0.0000,0.0000,0.0000
1789467391.5193,0.0000,0.0000,0.0000,0.0000,0.0000,0.0000,0.0000,0.0000,0.0000,0.0000,0.0000,0.0000
1789467391.5691,0.0000,0.0000,0.0000,0.0000,0.0000,0.0000,0.0000,0.0000,0.0000,0.0000,0.0000,0.0000
1789467391.6191,0.0000,0.0000,0.0000,0.0000,0.0000,0.0000,0.0000,0.0000,0.0000,0.0000,0.0000,0.0000
1789467391.6691,0.0000,0.0000,0.0000,0.0000,0.0000,0.0000,0.0000,0.0000,0.0000,0.0000,0.0000,0.0000
1789467391.7191,0.0000,0.0000,0.0000,0.0000,0.0000,0.0000,0.0000,0.0000,0.0000,0.0000,0.0000,0.0000
1789467391.7691,0.0000,0.0000,0.0000,0.0000,0.0000,0.0000,0.0000,0.0000,0.0000,0.0000,0.0000,0.0000
1789467391.8191,0.0000,0.0000,0.0000,0.0000,0.0000,0.0000,0.0000,0.0000,0.0000,0.0000,0.0000,0.0000
1789467391.8691,0.0000,0.0000,0.0000,0.0000,0.0000,0.0000,0.0000,0.0000,0.0000,0.0000,0.0000,0.0000
1789467391.9191,0.0000,0.0000,0.0000,0.0000,0.0000,0.0000,0.0000,0.0000,0.0000,0.0000,0.0000,0.0000
1789467391.9691,0.0000,0.0000,0.0000,0.0000,0.0000,0.0000,0.0000,0.0000,0.0000,0.0000,0.0000,0.0000
1789467392.0192,0.0000,0.0000,0.0000,0.0000,0.0000,0.0000,0.0000,0.0000,0.0000,0.0000,0.0000,0.0000
1789467392.0691,0.0000,0.0000,0.0000,0.0000,0.0000,0.0000,0.0000,0.0000,0.0000,0.0000,0.0000,0.0000
1789467392.1190,0.0000,0.0000,0.0000,0.0000,0.0000,0.0000,0.0000,0.0000,0.0000,0.0000,0.0000,0.0000
1789467392.1692,0.0000,0.0000,0.0000,0.0000,0.0000,0.0000,0.0000,0.0000,0.0000,0.0000,0.0000,0.0000
1789467392.2192,0.0000,0.0000,0.0000,0.0000,0.0000,0.0000,0.0000,0.0000,0.0000,0.0000,0.0000,0.0000
1789467392.2692,0.0000,0.0000,0.0000,0.0000,0.0000,0.0000,0.0000,0.0000,0.0000,0.0000,0.0000,0.0000
1789467392.3191,0.0000,0.0000,0.0000,0.0000,0.0000,0.0000,0.0000,0.0000,0.0000,0.0000,0.0000,0.0000
1789467392.3691,0.0000,0.0000,0.0000,0.0000,0.0000,0.0000,0.0000,0.0000,0.0000,0.0000,0.0000,0.0000
1789467392.4190,0.0000,0.0000,0.0000,0.0000,0.0000,0.0000,0.0000,0.0000,0.0000,0.0000,0.0000,0.0000
1789467392.4690,0.0000,0.0000,0.0000,0.0000,0.0000,0.0000,0.0000,0.0000,0.0000,0.0000,0.0000,0.0000
1789467392.5192,0.0000,0.0000,0.0000,0.0000,0.0000,0.0000,0.0000,0.0000,0.0000,0.0000,0.0000,0.0000
1789467392.5690,0.0000,0.0000,0.0000,0.0000,0.0000,0.0000,0.0000,0.0000,0.0000,0.0000,0.0000,0.0000
1789467392.6191,0.0000,0.0000,0.0000,0.0000,0.0000,0.0000,0.0000,0.0000,0.0000,0.0000,0.0000,0.0000
1789467392.6691,0.0000,0.0000,0.0000,0.0000,0.0000,0.0000,0.0000,0.0000,0.0000,0.0000,0.0000,0.0000
1789467392.7189,0.0000,0.0000,0.0000,0.0000,0.0000,0.0000,0.0000,0.0000,0.0000,0.0000,0.0000,0.0000
1789467392.7689,0.0000,0.0000,0.0000,0.0000,0.0000,0.0000,0.0000,0.0000,0.0000,0.0000,0.0000,0.0000
1789467392.8191,0.0000,0.0000,0.0000,0.0000,0.0000,0.0000,0.0000,0.0000,0.0000,0.0000,0.0000,0.0000
1789467392.8691,0.0000,0.0000,0.0000,0.0000,0.0000,0.0000,0.0000,0.0000,0.0000,0.0000,0.0000,0.0000
1789467392.9190,0.0000,0.0000,0.0000,0.0000,0.0000,0.0000,0.0000,0.0000,0.0000,0.0000,0.0000,0.0000
1789467392.9692,0.0000,0.0000,0.0000,0.0000,0.0000,0.0000,0.0000,0.0000,0.0000,0.0000,0.0000,0.0000
1789467393.0192,0.0000,0.0000,0.0000,0.0000,0.0000,0.0000,0.0000,0.0000,0.0000,0.0000,0.0000,0.0000
1789467393.0691,0.0000,0.0000,0.0000,0.0000,0.0000,0.0000,0.0000,0.0000,0.0000,0.0000,0.0000,0.0000
1789467393.1191,0.0000,0.0000,0.0000,0.0000,0.0000,0.0000,0.0000,0.0000,0.0000,0.0000,0.0000,0.0000
1789467393.1692,0.0000,0.0000,0.0000,0.0000,0.0000,0.0000,0.0000,0.0000,0.0000,0.0000,0.0000,0.0000
1789467393.2190,0.0000,0.0000,0.0000,0.0000,0.0000,0.0000,0.0000,0.0000,0.0000,0.0000,0.0000,0.0000
1789467393.2690,0.0000,0.0000,0.0000,0.0000,0.0000,0.0000,0.0000,0.0000,0.0000,0.0000,0.0000,0.0000
1789467393.3191,0.0000,0.0000,0.0000,0.0000,0.0000,0.0000,0.0000,0.0000,0.0000,0.0000,0.0000,0.0000
1789467393.3691,0.0000,0.0000,0.0000,0.0000,0.0000,0.0000,0.0000,0.0000,0.0000,0.0000,0.0000,0.0000
1789467393.4192,0.0000,0.0000,0.0000,0.0000,0.0000,0.0000,0.0000,0.0000,0.0000,0.0000,0.0000,0.0000
1789467393.4688,0.0000,0.0000,0.0000,0.0000,0.0000,0.0000,0.0000,0.0000,0.0000,0.0000,0.0000,0.0000
1789467393.5190,0.0000,0.0000,0.0000,0.0000,0.0000,0.0000,0.0000,0.0000,0.0000,0.0000,0.0000,0.0000
1789467393.5691,0.0000,0.0000,0.0000,0.0000,0.0000,0.0000,0.0000,0.0000,0.0000,0.0000,0.0000,0.0000
1789467393.6190,0.0000,0.0000,0.0000,0.0000,0.0000,0.0000,0.0000,0.0000,0.0000,0.0000,0.0000,0.0000
1789467393.6689,0.0000,0.0000,0.0000,0.0000,0.0000,0.0000,0.0000,0.0000,0.0000,0.0000,0.0000,0.0000
1789467393.7191,0.0000,0.0000,0.0000,0.0000,0.0000,0.0000,0.0000,0.0000,0.0000,0.0000,0.0000,0.0000
1789467393.7690,0.0000,0.0000,0.0000,0.0000,0.0000,0.0000,0.0000,0.0000,0.0000,0.0000,0.0000,0.0000
1789467393.8190,0.0000,0.0000,0.0000,0.0000,0.0000,0.0000,0.0000,0.0000,0.0000,0.0000,0.0000,0.0000
1789467393.8690,0.0000,0.0000,0.0000,0.0000,0.0000,0.0000,0.0000,0.0000,0.0000,0.0000,0.0000,0.0000
1789467393.9190,0.0000,0.0000,0.0000,0.0000,0.0000,0.0000,0.0000,0.0000,0.0000,0.0000,0.0000,0.0000
1789467393.9690,0.0000,0.0000,0.0000,0.0000,0.0000,0.0000,0.0000,0.0000,0.0000,0.0000,0.0000,0.0000
1789467394.0190,0.0000,0.0000,0.0000,0.0000,0.0000,0.0000,0.0000,0.0000,0.0000,0.0000,0.0000,0.0000
1789467394.0689,0.0000,0.0000,0.0000,0.0000,0.0000,0.0000,0.0000,0.0000,0.0000,0.0000,0.0000,0.0000
1789467394.1189,0.0000,0.0000,0.0000,0.0000,0.0000,0.0000,0.0000,0.0000,0.0000,0.0000,0.0000,0.0000
1789467394.1690,0.0000,0.0000,0.0000,0.0000,0.0000,0.0000,0.0000,0.0000,0.0000,0.0000,0.0000,0.0000
1789467394.2191,0.0000,0.0000,0.0000,0.0000,0.0000,0.0000,0.0000,0.0000,0.0000,0.0000,0.0000,0.0000
1789467394.2691,0.0000,0.0000,0.0000,0.0000,0.0000,0.0000,0.0000,0.0000,0.0000,0.0000,0.0000,0.0000
1789467394.3197,0.0000,0.0000,0.0000,0.0000,0.0000,0.0000,0.0000,0.0000,0.0000,0.0000,0.0000,0.0000
1789467394.3692,0.0000,0.0000,0.0000,0.0000,0.0000,0.0000,0.0000,0.0000,0.0000,0.0000,0.0000,0.0000
1789467394.4191,0.0000,0.0000,0.0000,0.0000,0.0000,0.0000,0.0000,0.0000,0.0000,0.0000,0.0000,0.0000
1789467394.4691,0.0000,0.0000,0.0000,0.0000,0.0000,0.0000,0.0000,0.0000,0.0000,0.0000,0.0000,0.0000
1789467394.5191,0.0000,0.0000,0.0000,0.0000,0.0000,0.0000,0.0000,0.0000,0.0000,0.0000,0.0000,0.0000
1789467394.5692,0.0000,0.0000,0.0000,0.0000,0.0000,0.0000,0.0000,0.0000,0.0000,0.0000,0.0000,0.0000
1789467394.6193,0.0000,0.0000,0.0000,0.0000,0.0000,0.0000,0.0000,0.0000,0.0000,0.0000,0.0000,0.0000
1789467394.6691,0.0000,0.0000,0.0000,0.0000,0.0000,0.0000,0.0000,0.0000,0.0000,0.0000,0.0000,0.0000
1789467394.7190,0.0000,0.0000,0.0000,0.0000,0.0000,0.0000,0.0000,0.0000,0.0000,0.0000,0.0000,0.0000
1789467394.7692,0.0000,0.0000,0.0000,0.0000,0.0000,0.0000,0.0000,0.0000,0.0000,0.0000,0.0000,0.0000
1789467394.8191,0.0000,0.0000,0.0000,0.0000,0.0000,0.0000,0.0000,0.0000,0.0000,0.0000,0.0000,0.0000
1789467394.8690,0.0000,0.0000,0.0000,0.0000,0.0000,0.0000,0.0000,0.0000,0.0000,0.0000,0.0000,0.0000
1789467394.9190,0.0000,0.0000,0.0000,0.0000,0.0000,0.0000,0.0000,0.0000,0.0000,0.0000,0.0000,0.0000
1789467394.9690,0.0000,0.0000,0.0000,0.0000,0.0000,0.0000,0.0000,0.0000,0.0000,0.0000,0.0000,0.0000
1789467395.0191,0.0000,0.0000,0.0000,0.0000,0.0000,0.0000,0.0000,0.0000,0.0000,0.0000,0.0000,0.0000
1789467395.0690,0.0000,0.0000,0.0000,0.0000,0.0000,0.0000,0.0000,0.0000,0.0000,0.0000,0.0000,0.0000
1789467395.1190,0.0000,0.0000,0.0000,0.0000,0.0000,0.0000,0.0000,0.0000,0.0000,0.0000,0.0000,0.0000
1789467395.1691,0.0000,0.0000,0.0000,0.0000,0.0000,0.0000,0.0000,0.0000,0.0000,0.0000,0.0000,0.0000
1789467395.2190,0.0000,0.0000,0.0000,0.0000,0.0000,0.0000,0.0000,0.0000,0.0000,0.0000,0.0000,0.0000
1789467395.2691,0.0000,0.0000,0.0000,0.0000,0.0000,0.0000,0.0000,0.0000,0.0000,0.0000,0.0000,0.0000
1789467395.3190,0.0000,0.0000,0.0000,0.0000,0.0000,0.0000,0.0000,0.0000,0.0000,0.0000,0.0000,0.0000
1789467395.3689,0.0000,0.0000,0.0000,0.0000,0.0000,0.0000,0.0000,0.0000,0.0000,0.0000,0.0000,0.0000
1789467395.4190,0.0000,0.0000,0.0000,0.0000,0.0000,0.0000,0.0000,0.0000,0.0000,0.0000,0.0000,0.0000
1789467395.4690,0.0000,0.0000,0.0000,0.0000,0.0000,0.0000,0.0000,0.0000,0.0000,0.0000,0.0000,0.0000
1789467395.5189,0.0000,0.0000,0.0000,0.0000,0.0000,0.0000,0.0000,0.0000,0.0000,0.0000,0.0000,0.0000
1789467395.5690,0.0000,0.0000,0.0000,0.0000,0.0000,0.0000,0.0000,0.0000,0.0000,0.0000,0.0000,0.0000
1789467395.6192,0.0000,0.0000,0.0000,0.0000,0.0000,0.0000,0.0000,0.0000,0.0000,0.0000,0.0000,0.0000
1789467395.6690,0.0000,0.0000,0.0000,0.0000,0.0000,0.0000,0.0000,0.0000,0.0000,0.0000,0.0000,0.0000
1789467395.7189,0.0000,0.0000,0.0000,0.0000,0.0000,0.0000,0.0000,0.0000,0.0000,0.0000,0.0000,0.0000
1789467395.7691,0.0000,0.0000,0.0000,0.0000,0.0000,0.0000,0.0000,0.0000,0.0000,0.0000,0.0000,0.0000
1789467395.8188,0.0000,0.0000,0.0000,0.0000,0.0000,0.0000,0.0000,0.0000,0.0000,0.0000,0.0000,0.0000
1789467395.8690,0.0000,0.0000,0.0000,0.0000,0.0000,0.0000,0.0000,0.0000,0.0000,0.0000,0.0000,0.0000
1789467395.9189,0.0000,0.0000,0.0000,0.0000,0.0000,0.0000,0.0000,0.0000,0.0000,0.0000,0.0000,0.0000
1789467395.9689,0.0000,0.0000,0.0000,0.0000,0.0000,0.0000,0.0000,0.0000,0.0000,0.0000,0.0000,0.0000
1789467396.0198,0.0000,0.0000,0.0000,0.0000,0.0000,0.0000,0.0000,0.0000,0.0000,0.0000,0.0000,0.0000
1789467396.0689,0.0000,0.0000,0.0000,0.0000,0.0000,0.0000,0.0000,0.0000,0.0000,0.0000,0.0000,0.0000
1789467396.1193,0.0000,0.0000,0.0000,0.0000,0.0000,0.0000,0.0000,0.0000,0.0000,0.0000,0.0000,0.0000
1789467396.1691,0.0000,0.0000,0.0000,0.0000,0.0000,0.0000,0.0000,0.0000,0.0000,0.0000,0.0000,0.0000
1789467396.2190,0.0000,0.0000,0.0000,0.0000,0.0000,0.0000,0.0000,0.0000,0.0000,0.0000,0.0000,0.0000
1789467396.2691,0.0000,0.0000,0.0000,0.0000,0.0000,0.0000,0.0000,0.0000,0.0000,0.0000,0.0000,0.0000
1789467396.3191,0.0000,0.0000,0.0000,0.0000,0.0000,0.0000,0.0000,0.0000,0.0000,0.0000,0.0000,0.0000
1789467396.3691,0.0000,0.0000,0.0000,0.0000,0.0000,0.0000,0.0000,0.0000,0.0000,0.0000,0.0000,0.0000
1789467396.4189,0.0000,0.0000,0.0000,0.0000,0.0000,0.0000,0.0000,0.0000,0.0000,0.0000,0.0000,0.0000
1789467396.4690,0.0000,0.0000,0.0000,0.0000,0.0000,0.0000,0.0000,0.0000,0.0000,0.0000,0.0000,0.0000
1789467396.5192,0.0000,0.0000,0.0000,0.0000,0.0000,0.0000,0.0000,0.0000,0.0000,0.0000,0.0000,0.0000
1789467396.5689,0.0000,0.0000,0.0000,0.0000,0.0000,0.0000,0.0000,0.0000,0.0000,0.0000,0.0000,0.0000
1789467396.6190,0.0000,0.0000,0.0000,0.0000,0.0000,0.0000,0.0000,0.0000,0.0000,0.0000,0.0000,0.0000
1789467396.6690,0.0000,0.0000,0.0000,0.0000,0.0000,0.0000,0.0000,0.0000,0.0000,0.0000,0.0000,0.0000
1789467396.7190,0.0000,0.0000,0.0000,0.0000,0.0000,0.0000,0.0000,0.0000,0.0000,0.0000,0.0000,0.0000
1789467396.7688,0.0000,0.0000,0.0000,0.0000,0.0000,0.0000,0.0000,0.0000,0.0000,0.0000,0.0000,0.0000
1789467396.8192,0.0000,0.0000,0.0000,0.0000,0.0000,0.0000,0.0000,0.0000,0.0000,0.0000,0.0000,0.0000
1789467396.8690,0.0000,0.0000,0.0000,0.0000,0.0000,0.0000,0.0000,0.0000,0.0000,0.0000,0.0000,0.0000
1789467396.9190,0.0000,0.0000,0.0000,0.0000,0.0000,0.0000,0.0000,0.0000,0.0000,0.0000,0.0000,0.0000
1789467396.9691,0.0000,0.0000,0.0000,0.0000,0.0000,0.0000,0.0000,0.0000,0.0000,0.0000,0.0000,0.0000
1789467397.0191,0.0000,0.0000,0.0000,0.0000,0.0000,0.0000,0.0000,0.0000,0.0000,0.0000,0.0000,0.0000
1789467397.0692,0.0000,0.0000,0.0000,0.0000,0.0000,0.0000,0.0000,0.0000,0.0000,0.0000,0.0000,0.0000
1789467397.1189,0.0000,0.0000,0.0000,0.0000,0.0000,0.0000,0.0000,0.0000,0.0000,0.0000,0.0000,0.0000
1789467397.1690,0.0000,0.0000,0.0000,0.0000,0.0000,0.0000,0.0000,0.0000,0.0000,0.0000,0.0000,0.0000
1789467397.2191,0.0000,0.0000,0.0000,0.0000,0.0000,0.0000,0.0000,0.0000,0.0000,0.0000,0.0000,0.0000
1789467397.2690,0.0000,0.0000,0.0000,0.0000,0.0000,0.0000,0.0000,0.0000,0.0000,0.0000,0.0000,0.0000
1789467397.3191,0.0000,0.0000,0.0000,0.0000,0.0000,0.0000,0.0000,0.0000,0.0000,0.0000,0.0000,0.0000
1789467397.3688,0.0000,0.0000,0.0000,0.0000,0.0000,0.0000,0.0000,0.0000,0.0000,0.0000,0.0000,0.0000
1789467397.4190,0.0000,0.0000,0.0000,0.0000,0.0000,0.0000,0.0000,0.0000,0.0000,0.0000,0.0000,0.0000
1789467397.4690,0.0000,0.0000,0.0000,0.0000,0.0000,0.0000,0.0000,0.0000,0.0000,0.0000,0.0000,0.0000
1789467397.5192,0.0000,0.0000,0.0000,0.0000,0.0000,0.0000,0.0000,0.0000,0.0000,0.0000,0.0000,0.0000
1789467397.5690,0.0000,0.0000,0.0000,0.0000,0.0000,0.0000,0.0000,0.0000,0.0000,0.0000,0.0000,0.0000
1789467397.6193,0.0000,0.0000,0.0000,0.0000,0.0000,0.0000,0.0000,0.0000,0.0000,0.0000,0.0000,0.0000
1789467397.6690,0.0000,0.0000,0.0000,0.0000,0.0000,0.0000,0.0000,0.0000,0.0000,0.0000,0.0000,0.0000
1789467397.7188,0.0000,0.0000,0.0000,0.0000,0.0000,0.0000,0.0000,0.0000,0.0000,0.0000,0.0000,0.0000
1789467397.7691,0.0000,0.0000,0.0000,0.0000,0.0000,0.0000,0.0000,0.0000,0.0000,0.0000,0.0000,0.0000
1789467397.8191,0.0000,0.0000,0.0000,0.0000,0.0000,0.0000,0.0000,0.0000,0.0000,0.0000,0.0000,0.0000
1789467397.8690,0.0000,0.0000,0.0000,0.0000,0.0000,0.0000,0.0000,0.0000,0.0000,0.0000,0.0000,0.0000
1789467397.9191,0.0000,0.0000,0.0000,0.0000,0.0000,0.0000,0.0000,0.0000,0.0000,0.0000,0.0000,0.0000
1789467397.9690,0.0000,0.0000,0.0000,0.0000,0.0000,0.0000,0.0000,0.0000,0.0000,0.0000,0.0000,0.0000
1789467398.0193,0.0000,0.0000,0.0000,0.0000,0.0000,0.0000,0.0000,0.0000,0.0000,0.0000,0.0000,0.0000
1789467398.0690,0.0000,0.0000,0.0000,0.0000,0.0000,0.0000,0.0000,0.0000,0.0000,0.0000,0.0000,0.0000
1789467398.1192,0.0000,0.0000,0.0000,0.0000,0.0000,0.0000,0.0000,0.0000,0.0000,0.0000,0.0000,0.0000
1789467398.1693,0.0000,0.0000,0.0000,0.0000,0.0000,0.0000,0.0000,0.0000,0.0000,0.0000,0.0000,0.0000
1789467398.2192,0.0000,0.0000,0.0000,0.0000,0.0000,0.0000,0.0000,0.0000,0.0000,0.0000,0.0000,0.0000
1789467398.2690,0.0000,0.0000,0.0000,0.0000,0.0000,0.0000,0.0000,0.0000,0.0000,0.0000,0.0000,0.0000
1789467398.3190,0.0000,0.0000,0.0000,0.0000,0.0000,0.0000,0.0000,0.0000,0.0000,0.0000,0.0000,0.0000
1789467398.3691,0.0000,0.0000,0.0000,0.0000,0.0000,0.0000,0.0000,0.0000,0.0000,0.0000,0.0000,0.0000
1789467398.4191,0.0000,0.0000,0.0000,0.0000,0.0000,0.0000,0.0000,0.0000,0.0000,0.0000,0.0000,0.0000
1789467398.4691,0.0000,0.0000,0.0000,0.0000,0.0000,0.0000,0.0000,0.0000,0.0000,0.0000,0.0000,0.0000
1789467398.5192,0.0000,0.0000,0.0000,0.0000,0.0000,0.0000,0.0000,0.0000,0.0000,0.0000,0.0000,0.0000
1789467398.5691,0.0000,0.0000,0.0000,0.0000,0.0000,0.0000,0.0000,0.0000,0.0000,0.0000,0.0000,0.0000
1789467398.6191,0.0000,0.0000,0.0000,0.0000,0.0000,0.0000,0.0000,0.0000,0.0000,0.0000,0.0000,0.0000
1789467398.6691,0.0000,0.0000,0.0000,0.0000,0.0000,0.0000,0.0000,0.0000,0.0000,0.0000,0.0000,0.0000
1789467398.7192,0.0000,0.0000,0.0000,0.0000,0.0000,0.0000,0.0000,0.0000,0.0000,0.0000,0.0000,0.0000
1789467398.7690,0.0000,0.0000,0.0000,0.0000,0.0000,0.0000,0.0000,0.0000,0.0000,0.0000,0.0000,0.0000
1789467398.8191,0.0000,0.0000,0.0000,0.0000,0.0000,0.0000,0.0000,0.0000,0.0000,0.0000,0.0000,0.0000
1789467398.8691,0.0000,0.0000,0.0000,0.0000,0.0000,0.0000,0.0000,0.0000,0.0000,0.0000,0.0000,0.0000
1789467398.9192,0.0000,0.0000,0.0000,0.0000,0.0000,0.0000,0.0000,0.0000,0.0000,0.0000,0.0000,0.0000
1789467398.9690,0.0000,0.0000,0.0000,0.0000,0.0000,0.0000,0.0000,0.0000,0.0000,0.0000,0.0000,0.0000
1789467399.0192,0.0000,0.0000,0.0000,0.0000,0.0000,0.0000,0.0000,0.0000,0.0000,0.0000,0.0000,0.0000
1789467399.0691,0.0000,0.0000,0.0000,0.0000,0.0000,0.0000,0.0000,0.0000,0.0000,0.0000,0.0000,0.0000
1789467399.1191,0.0000,0.0000,0.0000,0.0000,0.0000,0.0000,0.0000,0.0000,0.0000,0.0000,0.0000,0.0000
1789467399.1691,0.0000,0.0000,0.0000,0.0000,0.0000,0.0000,0.0000,0.0000,0.0000,0.0000,0.0000,0.0000
1789467399.2190,0.0000,0.0000,0.0000,0.0000,0.0000,0.0000,0.0000,0.0000,0.0000,0.0000,0.0000,0.0000
1789467399.2691,0.0000,0.0000,0.0000,0.0000,0.0000,0.0000,0.0000,0.0000,0.0000,0.0000,0.0000,0.0000
1789467399.3191,0.0000,0.0000,0.0000,0.0000,0.0000,0.0000,0.0000,0.0000,0.0000,0.0000,0.0000,0.0000
1789467399.3690,0.0000,0.0000,0.0000,0.0000,0.0000,0.0000,0.0000,0.0000,0.0000,0.0000,0.0000,0.0000
1789467399.4193,0.0000,0.0000,0.0000,0.0000,0.0000,0.0000,0.0000,0.0000,0.0000,0.0000,0.0000,0.0000
1789467399.4691,0.0000,0.0000,0.0000,0.0000,0.0000,0.0000,0.0000,0.0000,0.0000,0.0000,0.0000,0.0000
1789467399.5191,0.0000,0.0000,0.0000,0.0000,0.0000,0.0000,0.0000,0.0000,0.0000,0.0000,0.0000,0.0000
1789467399.5691,0.0000,0.0000,0.0000,0.0000,0.0000,0.0000,0.0000,0.0000,0.0000,0.0000,0.0000,0.0000
1789467399.6192,0.0000,0.0000,0.0000,0.0000,0.0000,0.0000,0.0000,0.0000,0.0000,0.0000,0.0000,0.0000
1789467399.6690,0.0000,0.0000,0.0000,0.0000,0.0000,0.0000,0.0000,0.0000,0.0000,0.0000,0.0000,0.0000
1789467399.7191,0.0000,0.0000,0.0000,0.0000,0.0000,0.0000,0.0000,0.0000,0.0000,0.0000,0.0000,0.0000
1789467399.7691,0.0000,0.0000,0.0000,0.0000,0.0000,0.0000,0.0000,0.0000,0.0000,0.0000,0.0000,0.0000
1789467399.8190,0.0000,0.0000,0.0000,0.0000,0.0000,0.0000,0.0000,0.0000,0.0000,0.0000,0.0000,0.0000
1789467399.8690,0.0000,0.0000,0.0000,0.0000,0.0000,0.0000,0.0000,0.0000,0.0000,0.0000,0.0000,0.0000
1789467399.9192,0.0000,0.0000,0.0000,0.0000,0.0000,0.0000,0.0000,0.0000,0.0000,0.0000,0.0000,0.0000
1789467399.9692,0.0000,0.0000,0.0000,0.0000,0.0000,0.0000,0.0000,0.0000,0.0000,0.0000,0.0000,0.0000
1789467400.0191,0.0000,0.0000,0.0000,0.0000,0.0000,0.0000,0.0000,0.0000,0.0000,0.0000,0.0000,0.0000
1789467400.0690,0.0000,0.0000,0.0000,0.0000,0.0000,0.0000,0.0000,0.0000,0.0000,0.0000,0.0000,0.0000
1789467400.1192,0.0000,0.0000,0.0000,0.0000,0.0000,0.0000,0.0000,0.0000,0.0000,0.0000,0.0000,0.0000
1789467400.1691,0.0000,0.0000,0.0000,0.0000,0.0000,0.0000,0.0000,0.0000,0.0000,0.0000,0.0000,0.0000
1789467400.2191,0.0000,0.0000,0.0000,0.0000,0.0000,0.0000,0.0000,0.0000,0.0000,0.0000,0.0000,0.0000
1789467400.2695,0.0000,0.0000,0.0000,0.0000,0.0000,0.0000,0.0000,0.0000,0.0000,0.0000,0.0000,0.0000
1789467400.3190,0.0000,0.0000,0.0000,0.0000,0.0000,0.0000,0.0000,0.0000,0.0000,0.0000,0.0000,0.0000
1789467400.3693,0.0000,0.0000,0.0000,0.0000,0.0000,0.0000,0.0000,0.0000,0.0000,0.0000,0.0000,0.0000
1789467400.4191,0.0000,0.0000,0.0000,0.0000,0.0000,0.0000,0.0000,0.0000,0.0000,0.0000,0.0000,0.0000
1789467400.4691,0.0000,0.0000,0.0000,0.0000,0.0000,0.0000,0.0000,0.0000,0.0000,0.0000,0.0000,0.0000
1789467400.5192,0.0000,0.0000,0.0000,0.0000,0.0000,0.0000,0.0000,0.0000,0.0000,0.0000,0.0000,0.0000
1789467400.5691,0.0000,0.0000,0.0000,0.0000,0.0000,0.0000,0.0000,0.0000,0.0000,0.0000,0.0000,0.0000
1789467400.6190,0.0000,0.0000,0.0000,0.0000,0.0000,0.0000,0.0000,0.0000,0.0000,0.0000,0.0000,0.0000
1789467400.6690,0.0000,0.0000,0.0000,0.0000,0.0000,0.0000,0.0000,0.0000,0.0000,0.0000,0.0000,0.0000
1789467400.7191,0.0000,0.0000,0.0000,0.0000,0.0000,0.0000,0.0000,0.0000,0.0000,0.0000,0.0000,0.0000
1789467400.7689,0.0000,0.0000,0.0000,0.0000,0.0000,0.0000,0.0000,0.0000,0.0000,0.0000,0.0000,0.0000
1789467400.8191,0.0000,0.0000,0.0000,0.0000,0.0000,0.0000,0.0000,0.0000,0.0000,0.0000,0.0000,0.0000
1789467400.8691,0.0000,0.0000,0.0000,0.0000,0.0000,0.0000,0.0000,0.0000,0.0000,0.0000,0.0000,0.0000
1789467400.9190,0.0000,0.0000,0.0000,0.0000,0.0000,0.0000,0.0000,0.0000,0.0000,0.0000,0.0000,0.0000
1789467400.9691,-0.0720,0.0000,-7.0000,0.1200,0.0080,14.0000,0.0190,0.0000,2.0000,0.2400,0.0130,28.0000
1789467401.0190,-0.0720,-0.0010,-8.0000,0.7200,0.4090,50.0000,0.0190,0.0000,2.0000,0.8400,0.4310,60.0000
1789467401.0690,-0.0720,-0.0020,-9.0000,1.2940,0.9730,75.0000,0.0190,0.0020,2.0000,1.3850,0.9750,85.0000
1789467401.1689,-0.0720,-0.0000,-10.0000,1.2940,1.2750,65.0000,0.0190,0.0070,2.0000,1.3850,1.3030,74.0000
1789467401.1715,-0.0720,-0.0000,-11.0000,1.2940,1.3690,62.0000,0.0190,0.1200,-5.0000,1.3850,1.4420,69.0000
1789467401.2189,-0.0720,-0.0000,-12.0000,1.2940,1.3340,64.0000,0.0190,0.1140,-5.0000,1.3850,1.4600,69.0000
1789467401.2690,-0.0720,0.0110,-13.0000,1.2940,1.3440,63.0000,0.0190,0.0230,0.0000,1.3850,1.5140,65.0000
1789467401.3192,-0.0720,0.0010,-14.0000,1.2940,1.3140,64.0000,0.0190,0.0040,0.0000,1.3850,1.4580,67.0000
1789467401.3689,-0.0720,-0.0150,-14.0000,1.2940,1.2620,67.0000,0.0190,0.0010,0.0000,1.3850,1.3340,73.0000
1789467401.4191,-0.0720,-0.0560,-12.0000,1.2940,1.3090,64.0000,0.0190,0.0280,-1.0000,1.3850,1.3960,69.0000
1789467401.4690,-0.0720,-0.0600,-12.0000,1.2940,1.3490,62.0000,0.0190,0.0190,-1.0000,1.3850,1.4140,68.0000
1789467401.5190,-0.0720,-0.0410,-13.0000,1.2940,1.3150,63.0000,0.0190,-0.0010,1.0000,1.3850,1.4320,67.0000
1789467401.5712,-0.0720,-0.0100,-16.0000,1.2940,1.3000,64.0000,0.0190,-0.0060,1.0000,1.3850,1.4570,65.0000
1789467401.6203,-0.0720,-0.0250,-15.0000,1.2940,1.2940,64.0000,0.0190,0.0040,1.0000,1.3850,1.4140,67.0000
1789467401.6728,-0.0720,-0.0660,-13.0000,1.2940,1.3080,63.0000,0.0190,0.0020,1.0000,1.3850,1.3070,73.0000
1789467401.7215,-0.0720,-0.0520,-15.0000,1.2940,1.2970,64.0000,0.0190,0.0000,1.0000,1.3850,1.3840,69.0000
1789467401.7723,-0.0720,-0.0280,-16.0000,1.2940,1.3250,62.0000,0.0190,0.0020,2.0000,1.3850,1.4050,68.0000
1789467401.8200,-0.0720,-0.0570,-15.0000,1.2940,1.3000,63.0000,0.0190,-0.0030,2.0000,1.3850,1.4190,67.0000
1789467401.8711,-0.0720,-0.0410,-16.0000,1.2940,1.2960,63.0000,0.0190,-0.0040,2.0000,1.3850,1.4490,65.0000
1789467401.9200,-0.0720,-0.0610,-15.0000,1.2940,1.2940,63.0000,0.0190,-0.0000,2.0000,1.3850,1.4250,65.0000
1789467401.9709,-0.0720,-0.0520,-16.0000,1.2940,1.2970,63.0000,0.0190,0.0010,3.0000,1.3850,1.2960,72.0000
1789467402.0200,-0.0720,-0.0920,-14.0000,1.2940,1.2980,63.0000,0.0190,0.0020,3.0000,1.3850,1.3640,69.0000
1789467402.0704,-0.0720,-0.1050,-13.0000,1.2940,1.3010,63.0000,0.0190,0.0000,3.0000,1.3850,1.3980,67.0000
1789467402.1199,-0.0720,-0.0780,-14.0000,1.2940,1.3110,62.0000,0.0190,0.0000,3.0000,1.3850,1.4250,66.0000
1789467402.1706,-0.0720,-0.0450,-16.0000,1.2940,1.2820,64.0000,0.0190,-0.0030,4.0000,1.3850,1.4350,65.0000
1789467402.2199,-0.0720,-0.0540,-16.0000,1.2940,1.2830,64.0000,0.0190,0.0020,4.0000,1.3850,1.4410,64.0000
1789467402.2706,-0.0720,-0.0790,-15.0000,1.2940,1.2990,63.0000,0.0190,0.0010,4.0000,1.3850,1.2910,72.0000
1789467402.3198,-0.0720,-0.0810,-15.0000,1.2940,1.3060,63.0000,0.0190,0.0020,4.0000,1.3850,1.3560,69.0000
1789467402.3706,-0.0720,-0.1480,-10.0000,1.2940,1.3060,62.0000,0.0190,0.0010,4.0000,1.3850,1.3560,69.0000
1789467402.4199,-0.0720,-0.1190,-12.0000,1.2940,1.3380,60.0000,0.0190,0.0020,5.0000,1.3850,1.4230,66.0000
1789467402.4706,-0.0720,-0.1070,-12.0000,1.2940,1.2960,63.0000,0.0190,0.0000,5.0000,1.3850,1.4110,66.0000
1789467402.5201,-0.0720,-0.0390,-15.0000,1.2940,1.2970,62.0000,0.0190,0.0000,5.0000,1.3850,1.4240,65.0000
1789467402.5706,-0.0720,-0.0390,-16.0000,1.2940,1.2790,63.0000,0.0190,0.0000,5.0000,1.3850,1.3030,72.0000
1789467402.6206,-0.0720,-0.0980,-12.0000,1.2940,1.3120,61.0000,0.0190,0.0030,5.0000,1.3850,1.3670,68.0000
1789467402.6705,-0.0720,-0.0550,-15.0000,1.2940,1.2960,62.0000,0.0190,0.0010,6.0000,1.3850,1.4070,67.0000
1789467402.7200,-0.0720,-0.0930,-13.0000,1.2940,1.3000,62.0000,0.0190,0.0010,6.0000,1.3850,1.4690,63.0000
1789467402.7706,-0.0720,-0.0740,-14.0000,1.2940,1.3050,62.0000,0.0190,0.0000,6.0000,1.3850,1.4440,64.0000
1789467402.8202,-0.0720,-0.0410,-16.0000,1.2940,1.2960,62.0000,0.0190,-0.0060,7.0000,1.3850,1.4240,64.0000
1789467402.8706,-0.0720,-0.0150,-17.0000,1.2940,1.2800,63.0000,0.0190,-0.0000,7.0000,1.3850,1.3440,69.0000
1789467402.9200,-0.0720,-0.0290,-17.0000,1.2940,1.3030,62.0000,0.0190,0.0060,7.0000,1.3850,1.3760,67.0000
1789467402.9706,-0.0720,-0.0820,-14.0000,1.2940,1.3010,62.0000,0.0190,0.0010,7.0000,1.3850,1.4040,65.0000
1789467403.0201,-0.0720,-0.0940,-14.0000,1.2940,1.3020,62.0000,0.0190,0.0010,7.0000,1.3850,1.4280,64.0000
1789467403.0705,-0.0720,-0.0640,-15.0000,1.2940,1.2910,62.0000,0.0190,0.0030,7.0000,1.3850,1.3960,65.0000
1789467403.1200,-0.0720,-0.0720,-15.0000,1.2940,1.3100,61.0000,0.0190,0.0010,8.0000,1.3850,1.3920,65.0000
1789467403.1707,-0.0720,-0.0800,-14.0000,1.2940,1.2740,63.0000,0.0190,0.0000,8.0000,1.3850,1.3210,69.0000
1789467403.2206,-0.0720,-0.0640,-15.0000,1.2940,1.2990,62.0000,0.0190,0.0000,8.0000,1.3850,1.3600,67.0000
1789467403.2707,-0.0720,-0.1150,-12.0000,1.2940,1.3010,61.0000,0.0190,0.0160,8.0000,1.3850,1.3930,66.0000
1789467403.3200,-0.0720,-0.0850,-14.0000,1.2940,1.2890,62.0000,0.0190,0.0070,8.0000,1.3850,1.3990,65.0000
1789467403.3705,-0.0720,-0.1000,-12.0000,1.2940,1.3050,61.0000,0.0190,0.0210,7.0000,1.3850,1.4100,65.0000
1789467403.4200,-0.0720,-0.0870,-13.0000,1.2940,1.3200,60.0000,0.0190,0.0390,6.0000,1.3850,1.3650,67.0000
1789467403.4707,-0.0720,-0.0430,-15.0000,1.2940,1.3030,61.0000,0.0190,0.0140,8.0000,1.3850,1.3340,69.0000
1789467403.5201,-0.0720,-0.0410,-15.0000,1.2940,1.3010,61.0000,0.0190,0.0040,8.0000,1.3850,1.3540,68.0000
1789467403.5707,-0.0720,-0.0860,-13.0000,1.2940,1.3000,61.0000,0.0190,0.0120,8.0000,1.3850,1.3850,67.0000
1789467403.6224,-0.0720,-0.0810,-13.0000,1.2940,1.3030,61.0000,0.0190,0.0240,7.0000,1.3850,1.3900,67.0000
1789467403.6707,-0.0720,-0.0650,-14.0000,1.2940,1.2930,61.0000,0.0190,0.0190,8.0000,1.3850,1.4180,65.0000
1789467403.7199,-0.0720,-0.0940,-12.0000,1.2940,1.3170,60.0000,0.0190,0.0050,8.0000,1.3850,1.3890,67.0000
1789467403.7720,-0.0720,-0.0220,-17.0000,1.2940,1.3040,60.0000,0.0190,0.0020,9.0000,1.3850,1.2930,72.0000
1789467403.8202,-0.0720,-0.0020,-18.0000,1.2940,1.2770,62.0000,0.0190,0.0000,9.0000,1.3850,1.3780,68.0000
1789467403.8706,-0.0720,-0.0100,-18.0000,1.2940,1.2980,61.0000,0.0190,0.0000,9.0000,1.3850,1.4200,66.0000
1789467403.9216,-0.0720,-0.0470,-17.0000,1.2940,1.2990,61.0000,0.0190,0.0200,8.0000,1.3850,1.3930,67.0000
1789467403.9711,-0.0720,-0.1010,-14.0000,1.2940,1.3140,60.0000,0.0190,0.0110,9.0000,1.3850,1.4080,66.0000
1789467404.0212,-0.0720,-0.0690,-16.0000,1.2940,1.2980,60.0000,0.0190,0.0030,10.0000,1.3850,1.4070,66.0000
1789467404.0709,-0.0720,-0.0800,-15.0000,1.2940,1.3180,59.0000,0.0190,0.0070,9.0000,1.3850,1.3750,67.0000
1789467404.1211,-0.0720,-0.1000,-14.0000,1.2940,1.2660,62.0000,0.0190,0.0030,10.0000,1.3850,1.3420,69.0000
1789467404.1711,-0.0720,-0.0330,-18.0000,1.2940,1.3040,60.0000,0.0190,0.0050,10.0000,1.3850,1.4280,65.0000
1789467404.2211,-0.0720,-0.0060,-20.0000,1.2940,1.2900,61.0000,0.0190,0.0000,10.0000,1.3850,1.3990,66.0000
1789467404.2711,-0.0720,-0.0200,-19.0000,1.2940,1.3170,59.0000,0.0190,0.0030,10.0000,1.3850,1.3990,66.0000
1789467404.3212,-0.0720,-0.1120,-14.0000,1.2940,1.3030,60.0000,0.0190,0.0080,10.0000,1.3850,1.3780,67.0000
1789467404.3711,-0.0720,-0.1130,-14.0000,1.2940,1.3230,58.0000,0.0190,0.0060,11.0000,1.3850,1.3370,69.0000
1789467404.4211,-0.0720,-0.0680,-17.0000,1.2940,1.2790,61.0000,0.0190,0.0060,11.0000,1.3850,1.3560,68.0000
1789467404.4711,-0.0720,-0.0690,-16.0000,1.2940,1.3110,59.0000,0.0190,0.0060,11.0000,1.3850,1.4400,64.0000
1789467404.5212,-0.0720,-0.0620,-17.0000,1.2940,1.3020,59.0000,0.0190,0.0120,11.0000,1.3850,1.3800,67.0000
1789467404.5710,-0.0720,-0.0770,-16.0000,1.2940,1.3090,58.0000,0.0190,0.0390,9.0000,1.3850,1.3730,68.0000
1789467404.6211,-0.0720,-0.0720,-16.0000,1.2940,1.3010,59.0000,0.0190,0.0540,8.0000,1.3850,1.3950,66.0000
1789467404.6709,-0.0720,-0.0500,-18.0000,1.2940,1.3000,59.0000,0.0190,0.0150,10.0000,1.3850,1.3580,68.0000
1789467404.7210,-0.0720,-0.0080,-20.0000,1.2940,1.2520,62.0000,0.0190,0.0170,10.0000,1.3850,1.3540,69.0000
1789467404.7721,-0.0720,-0.0010,-21.0000,1.2940,1.2810,60.0000,0.0190,0.0070,11.0000,1.3850,1.4580,63.0000
1789467404.8211,-0.0720,-0.0160,-21.0000,1.2940,1.2650,61.0000,0.0190,0.0060,11.0000,1.3850,1.4080,66.0000
1789467404.8714,-0.0720,-0.0910,-17.0000,1.2940,1.2930,60.0000,0.0190,0.0210,10.0000,1.3850,1.4350,64.0000
1789467404.9213,-0.0720,-0.0990,-17.0000,1.2940,1.2760,61.0000,0.0190,0.0180,10.0000,1.3850,1.4150,64.0000
1789467404.9713,-0.0720,-0.0230,-21.0000,1.2940,1.2780,61.0000,0.0190,0.0090,11.0000,1.3850,1.3730,66.0000
1789467405.0209,-0.0720,-0.0630,-19.0000,1.2940,1.3110,59.0000,0.0190,0.0080,11.0000,1.3850,1.3090,70.0000
1789467405.0712,-0.0720,-0.0650,-19.0000,1.2940,1.2750,62.0000,0.0190,0.0040,11.0000,1.3850,1.3920,66.0000
1789467405.1212,-0.0720,-0.0610,-20.0000,1.2940,1.2660,62.0000,0.0190,0.0050,12.0000,1.3850,1.4150,65.0000
1789467405.1725,-0.0720,-0.0330,-21.0000,1.2940,1.2530,63.0000,0.0190,0.0090,11.0000,1.3850,1.3720,67.0000
1789467405.2221,-0.0720,-0.1160,-17.0000,1.2940,1.3000,61.0000,0.0190,0.0090,12.0000,1.3850,1.3700,67.0000
1789467405.2723,-0.0720,-0.1300,-16.0000,1.2940,1.3040,61.0000,0.0190,0.0130,11.0000,1.3850,1.3250,70.0000
1789467405.3220,-0.0720,-0.0910,-17.0000,1.2940,1.3020,61.0000,0.0190,0.0570,9.0000,1.3850,1.3710,67.0000
1789467405.3721,-0.0720,-0.0960,-17.0000,1.2940,1.3150,60.0000,0.0190,0.0360,10.0000,1.3850,1.4060,66.0000
1789467405.4221,-0.0720,-0.0160,-21.0000,1.2940,1.3190,59.0000,0.0190,0.0210,11.0000,1.3850,1.4350,64.0000
1789467405.4724,-0.0720,-0.0010,-22.0000,1.2940,1.3010,60.0000,0.0190,0.0220,10.0000,1.3850,1.4650,62.0000
1789467405.5220,-0.0720,-0.0120,-22.0000,1.2940,1.3160,59.0000,0.0190,0.0320,10.0000,1.3850,1.4270,63.0000
1789467405.5720,-0.0720,-0.1000,-18.0000,1.2940,1.3060,60.0000,0.0190,0.0120,11.0000,1.3850,1.3050,70.0000
1789467405.6220,-0.0720,-0.1140,-17.0000,1.2940,1.3040,59.0000,0.0190,0.0020,11.0000,1.3850,1.2940,71.0000
1789467405.6719,-0.0720,-0.0310,-22.0000,1.2940,1.2840,61.0000,0.0190,0.0050,11.0000,1.3850,1.3760,67.0000
1789467405.7222,-0.0720,-0.0450,-21.0000,1.2940,1.2990,60.0000,0.0190,0.0040,12.0000,1.3850,1.4440,63.0000
1789467405.7736,-0.0720,-0.0470,-22.0000,1.2940,1.2850,60.0000,0.0190,0.0050,12.0000,1.3850,1.3960,65.0000
1789467405.8221,-0.0720,-0.1280,-17.0000,1.2940,1.2750,61.0000,0.0190,0.0080,12.0000,1.3850,1.3400,68.0000
1789467405.8721,-0.0720,-0.1050,-18.0000,1.2940,1.2560,63.0000,0.0190,0.0220,11.0000,1.3850,1.3000,71.0000
1789467405.9221,-0.0720,-0.0800,-19.0000,1.2940,1.2680,62.0000,0.0190,0.0760,8.0000,1.3850,1.2820,73.0000
1789467405.9741,-0.0720,-0.0290,-22.0000,1.2940,1.3160,60.0000,0.0190,0.0400,10.0000,1.3850,1.3030,73.0000
1789467406.0241,-0.0720,-0.0140,-23.0000,1.2940,1.3210,59.0000,0.0190,0.0470,9.0000,1.3850,1.3580,70.0000
1789467406.0741,-0.0720,-0.0780,-20.0000,1.2940,1.2730,62.0000,0.0190,0.0060,11.0000,1.3850,1.4190,68.0000
1789467406.1242,-0.0720,-0.0600,-21.0000,1.2940,1.2870,61.0000,0.0190,0.0030,11.0000,1.3850,1.4560,65.0000
1789467406.1743,-0.0720,-0.0710,-21.0000,1.2940,1.2790,62.0000,0.0190,0.0040,11.0000,1.3850,1.4060,68.0000
1789467406.2249,-0.0720,-0.0940,-20.0000,1.2940,1.2760,62.0000,0.0190,0.0220,10.0000,1.3850,1.2620,76.0000
1789467406.2741,-0.0720,-0.1210,-18.0000,1.2940,1.3100,60.0000,0.0190,0.0290,10.0000,1.3850,1.3090,74.0000
1789467406.3241,-0.0720,-0.0330,-23.0000,1.2940,1.3120,60.0000,0.0190,0.0840,7.0000,1.3850,1.3750,71.0000
1789467406.3741,-0.0720,-0.0030,-25.0000,1.2940,1.3160,60.0000,0.0190,0.0430,9.0000,1.3850,1.4080,69.0000
1789467406.4242,-0.0720,-0.0010,-25.0000,1.2940,1.2560,63.0000,0.0190,0.0200,9.0000,1.3850,1.4800,65.0000
1789467406.4743,-0.0720,-0.0010,-26.0000,1.2940,1.2730,62.0000,0.0190,0.0130,10.0000,1.3850,1.4390,67.0000
1789467406.5242,-0.0720,-0.0840,-22.0000,1.2940,1.2760,62.0000,0.0190,0.0100,10.0000,1.3850,1.2910,75.0000
1789467406.5743,-0.0720,-0.1280,-20.0000,1.2940,1.3190,60.0000,0.0190,0.0080,10.0000,1.3850,1.3100,74.0000
1789467406.6241,-0.0720,-0.0670,-23.0000,1.2940,1.3260,60.0000,0.0190,0.0100,10.0000,1.3850,1.3880,70.0000
1789467406.6742,-0.0720,-0.1270,-20.0000,1.2940,1.3260,59.0000,0.0190,0.0110,10.0000,1.3850,1.4130,69.0000
1789467406.7256,-0.0720,-0.0890,-21.0000,1.2940,1.3130,60.0000,0.0190,0.0020,11.0000,1.3850,1.4560,66.0000
1789467406.7742,-0.0720,-0.0760,-22.0000,1.2940,1.3070,60.0000,0.0190,0.0050,11.0000,1.3850,1.3970,69.0000
1789467406.8255,-0.0720,-0.1060,-20.0000,1.2940,1.2460,63.0000,0.0190,0.0100,11.0000,1.3850,1.3230,73.0000
1789467406.8760,-0.0720,-0.1230,-18.0000,1.2940,1.2730,62.0000,0.0190,0.0370,9.0000,1.3850,1.3080,75.0000
1789467406.9250,-0.0720,-0.1230,-18.0000,1.2940,1.3060,60.0000,0.0190,0.0570,8.0000,1.3850,1.3880,71.0000
1789467406.9751,-0.0720,-0.0840,-20.0000,1.2940,1.3220,59.0000,0.0190,0.0230,9.0000,1.3850,1.3950,71.0000
1789467407.0251,-0.0720,-0.1030,-19.0000,1.2940,1.3230,59.0000,0.0190,0.0130,10.0000,1.3850,1.4200,69.0000
1789467407.0752,-0.0720,-0.0500,-21.0000,1.2940,1.2990,60.0000,0.0190,0.0140,10.0000,1.3850,1.4190,69.0000
1789467407.1273,-0.0720,-0.1000,-18.0000,1.2940,1.2570,62.0000,0.0190,0.0030,11.0000,1.3850,1.3600,72.0000
1789467407.1763,-0.0720,-0.1130,-17.0000,1.2940,1.2690,62.0000,0.0190,0.0040,11.0000,1.3850,1.3030,75.0000
1789467407.2262,-0.0720,-0.0860,-18.0000,1.2940,1.3130,59.0000,0.0190,0.0060,11.0000,1.3850,1.3800,72.0000
1789467407.2760,-0.0720,-0.1320,-16.0000,1.2940,1.3230,59.0000,0.0190,0.0150,10.0000,1.3850,1.3440,74.0000
1789467407.3261,-0.0720,-0.1090,-17.0000,1.2940,1.3270,58.0000,0.0190,0.0170,10.0000,1.3850,1.3970,71.0000
1789467407.3763,-0.0720,-0.1130,-16.0000,1.2940,1.3020,59.0000,0.0190,0.0120,11.0000,1.3850,1.4030,71.0000
1789467407.4262,-0.0720,-0.0650,-18.0000,1.2940,1.3020,59.0000,0.0190,0.0080,11.0000,1.3850,1.3680,73.0000
1789467407.4763,-0.0720,-0.0460,-19.0000,1.2940,1.2870,60.0000,0.0190,0.0100,11.0000,1.3850,1.3470,74.0000
1789467407.5268,-0.0720,-0.0640,-18.0000,1.2940,1.3060,59.0000,0.0190,0.0120,11.0000,1.3850,1.3920,72.0000
1789467407.5762,-0.0720,-0.0930,-17.0000,1.2940,1.2970,59.0000,0.0190,0.0300,10.0000,1.3850,1.4010,71.0000
1789467407.6259,-0.0720,-0.1150,-15.0000,1.2940,1.3150,58.0000,0.0190,0.0540,9.0000,1.3850,1.3810,73.0000
1789467407.6762,-0.0720,-0.0810,-17.0000,1.2940,1.2870,60.0000,0.0190,0.0160,11.0000,1.3850,1.3860,72.0000
1789467407.7261,-0.0720,-0.0700,-17.0000,1.2940,1.2930,59.0000,0.0190,0.0160,10.0000,1.3850,1.3460,75.0000
1789467407.7764,-0.0720,-0.0550,-18.0000,1.2940,1.2810,60.0000,0.0190,0.0130,11.0000,1.3850,1.3290,76.0000
1789467407.8266,-0.0720,-0.0830,-16.0000,1.2940,1.3030,59.0000,0.0190,0.0160,10.0000,1.3850,1.4130,71.0000
1789467407.8763,-0.0720,-0.0940,-15.0000,1.2940,1.2970,59.0000,0.0190,0.0060,11.0000,1.3850,1.4010,72.0000
1789467407.9261,-0.0720,-0.0840,-16.0000,1.2940,1.3080,58.0000,0.0190,0.0080,11.0000,1.3850,1.4380,70.0000
1789467407.9763,-0.0720,-0.0380,-18.0000,1.2940,1.2910,59.0000,0.0190,0.0020,12.0000,1.3850,1.4010,71.0000
1789467408.0262,-0.0720,-0.0030,-21.0000,1.2940,1.2680,61.0000,0.0190,0.0010,12.0000,1.3850,1.3450,74.0000
1789467408.0763,-0.0720,-0.0290,-20.0000,1.2940,1.2340,63.0000,0.0190,0.0040,12.0000,1.3850,1.3560,74.0000
1789467408.1262,-0.0720,-0.0740,-18.0000,1.2940,1.3040,59.0000,0.0190,0.0240,11.0000,1.3850,1.3980,72.0000
1789467408.1776,-0.0720,-0.0890,-17.0000,1.2940,1.3020,59.0000,0.0190,0.0190,11.0000,1.3850,1.4170,71.0000
1789467408.2271,-0.0720,-0.1170,-15.0000,1.2940,1.3140,59.0000,0.0190,0.0170,11.0000,1.3850,1.4300,70.0000
1789467408.2774,-0.0720,-0.1120,-15.0000,1.2940,1.3060,59.0000,0.0190,0.0150,12.0000,1.3850,1.4370,69.0000
1789467408.3297,-0.0720,-0.0400,-19.0000,1.2940,1.2920,60.0000,0.0190,0.0700,8.0000,1.3850,1.3000,76.0000
1789467408.3799,-0.0720,-0.0370,-19.0000,1.2940,1.2860,60.0000,0.0190,0.0330,10.0000,1.3850,1.3530,74.0000
1789467408.4312,-0.0720,-0.0830,-17.0000,1.2940,1.3080,59.0000,0.0190,0.0320,10.0000,1.3850,1.3430,75.0000
1789467408.4810,-0.0720,-0.1240,-14.0000,1.2940,1.3100,59.0000,0.0190,0.0400,9.0000,1.3850,1.4610,68.0000
1789467408.5306,-0.0720,-0.1000,-15.0000,1.2940,1.3190,58.0000,0.0190,0.0260,10.0000,1.3850,1.4360,70.0000
1789467408.5803,-0.0720,-0.0750,-16.0000,1.2940,1.3000,59.0000,0.0190,0.0100,11.0000,1.3850,1.4330,69.0000
1789467408.6308,-0.0720,-0.0660,-17.0000,1.2940,1.3130,58.0000,0.0190,0.0140,10.0000,1.3850,1.2850,77.0000
1789467408.6802,-0.0720,-0.0240,-19.0000,1.2940,1.2810,60.0000,0.0190,0.0490,8.0000,1.3850,1.3390,75.0000
1789467408.7306,-0.0720,-0.0600,-17.0000,1.2940,1.2840,59.0000,0.0190,0.0380,9.0000,1.3850,1.4190,71.0000
1789467408.7800,-0.0720,-0.1080,-15.0000,1.2940,1.3020,58.0000,0.0190,0.0240,9.0000,1.3850,1.3970,72.0000
1789467408.8306,-0.0720,-0.1190,-14.0000,1.2940,1.3000,58.0000,0.0190,0.0420,8.0000,1.3850,1.3850,73.0000
1789467408.8801,-0.0720,-0.0690,-16.0000,1.2940,1.3050,58.0000,0.0190,0.0260,9.0000,1.3850,1.4520,69.0000
1789467408.9305,-0.0720,-0.0650,-16.0000,1.2940,1.2880,59.0000,0.0190,0.0080,10.0000,1.3850,1.3520,74.0000
1789467408.9802,-0.0720,-0.0770,-15.0000,1.2940,1.3010,58.0000,0.0190,0.0030,10.0000,1.3850,1.3200,76.0000
1789467409.0307,-0.0720,-0.0340,-18.0000,1.2940,1.2940,59.0000,0.0190,0.0010,10.0000,1.3850,1.3660,74.0000
1789467409.0802,-0.0720,-0.0240,-19.0000,1.2940,1.2890,59.0000,0.0190,0.0050,10.0000,1.3850,1.4410,70.0000
1789467409.1305,-0.0720,-0.0300,-19.0000,1.2940,1.2850,59.0000,0.0190,0.0130,10.0000,1.3850,1.4180,71.0000
1789467409.1805,-0.0720,-0.1170,-15.0000,1.2940,1.3020,58.0000,0.0190,0.0370,9.0000,1.3850,1.4590,68.0000
1789467409.2306,-0.0720,-0.0950,-16.0000,1.2940,1.2810,59.0000,0.0190,0.0630,7.0000,1.3850,1.2980,77.0000
1789467409.2802,-0.0720,-0.0490,-18.0000,1.2940,1.2600,61.0000,0.0190,0.0240,9.0000,1.3850,1.3370,75.0000
1789467409.3306,-0.0720,-0.0270,-19.0000,1.2940,1.2540,61.0000,0.0190,0.0260,9.0000,1.3850,1.4370,69.0000
1789467409.3804,-0.0720,-0.0800,-17.0000,1.2940,1.3010,59.0000,0.0190,0.0260,9.0000,1.3850,1.4440,69.0000
1789467409.4306,-0.0720,-0.1090,-15.0000,1.2940,1.2990,59.0000,0.0190,0.0140,9.0000,1.3850,1.4240,69.0000
1789467409.4801,-0.0720,-0.1210,-14.0000,1.2940,1.3030,59.0000,0.0190,0.0100,10.0000,1.3850,1.4190,69.0000
1789467409.5304,-0.0720,-0.0470,-18.0000,1.2940,1.3040,59.0000,0.0190,0.0100,10.0000,1.3850,1.3750,71.0000
1789467409.5802,-0.0720,-0.0990,-15.0000,1.2940,1.3010,59.0000,0.0190,0.0050,10.0000,1.3850,1.3120,75.0000
1789467409.6305,-0.0720,-0.0530,-17.0000,1.2940,1.3040,59.0000,0.0190,0.0070,10.0000,1.3850,1.4000,70.0000
1789467409.6802,-0.0720,-0.0550,-17.0000,1.2940,1.2990,59.0000,0.0190,0.0190,10.0000,1.3850,1.4660,66.0000
1789467409.7307,-0.0720,-0.1060,-14.0000,1.2940,1.2990,59.0000,0.0190,0.0660,7.0000,1.3850,1.3890,70.0000
1789467409.7802,-0.0720,-0.0860,-16.0000,1.2940,1.2810,60.0000,0.0190,0.0430,8.0000,1.3850,1.4090,69.0000
1789467409.8308,-0.0720,-0.0510,-17.0000,1.2940,1.2890,59.0000,0.0190,0.0220,9.0000,1.3850,1.4100,68.0000
1789467409.8802,-0.0720,-0.0110,-20.0000,1.2940,1.2870,60.0000,0.0190,0.0040,10.0000,1.3850,1.3310,73.0000
1789467409.9306,-0.0720,-0.0350,-19.0000,1.2940,1.3070,59.0000,0.0190,0.0170,9.0000,1.3850,1.3840,70.0000
1789467409.9800,-0.0720,-0.0310,-20.0000,1.2940,1.3000,59.0000,0.0190,0.0310,8.0000,1.3850,1.4640,65.0000
1789467410.0306,-0.0720,-0.0440,-20.0000,1.2940,1.2730,60.0000,0.0190,0.0060,10.0000,1.3850,1.4750,64.0000
1789467410.0803,-0.0720,-0.1200,-16.0000,1.2940,1.2520,62.0000,0.0190,0.0100,9.0000,1.3850,1.3700,69.0000
1789467410.1308,-0.0720,-0.0300,-21.0000,1.2940,1.2570,62.0000,0.0190,0.0140,9.0000,1.3850,1.3480,70.0000
1789467410.1802,-0.0720,-0.1070,-16.0000,1.2940,1.2940,60.0000,0.0190,0.0360,8.0000,1.3850,1.3550,70.0000
1789467410.2304,-0.0720,-0.1150,-16.0000,1.2940,1.3250,59.0000,0.0190,0.1010,4.0000,1.3850,1.4270,66.0000
1789467410.2801,-0.0720,-0.0060,-22.0000,1.2940,1.3050,60.0000,0.0190,0.0810,5.0000,1.3850,1.4310,66.0000
1789467410.3306,-0.0720,0.0000,-23.0000,1.2940,1.3090,59.0000,0.0190,0.0290,7.0000,1.3850,1.4700,63.0000
1789467410.3811,-0.0720,-0.0170,-22.0000,1.2940,1.2330,63.0000,0.0190,0.0090,8.0000,1.3850,1.3990,67.0000
1789467410.4307,-0.0720,-0.0420,-22.0000,1.2940,1.2270,64.0000,0.0190,0.0110,8.0000,1.3850,1.3480,69.0000
1789467410.4818,-0.0720,-0.0050,-24.0000,1.2940,1.2860,61.0000,0.0190,0.0270,7.0000,1.3850,1.3300,70.0000
1789467410.5307,-0.0720,-0.0520,-22.0000,1.2940,1.3260,59.0000,0.0190,0.0880,3.0000,1.3850,1.3890,67.0000
1789467410.5813,-0.0720,-0.1200,-19.0000,1.2940,1.3150,60.0000,0.0190,0.0370,6.0000,1.3850,1.4250,65.0000
1789467410.6319,-0.0720,-0.1250,-18.0000,1.2940,1.2580,63.0000,0.0190,-0.0010,7.0000,1.3850,1.3870,68.0000
1789467410.6825,-0.0720,-0.1420,-17.0000,1.2940,1.2550,63.0000,0.0190,-0.0010,7.0000,1.3850,1.3480,70.0000
1789467410.7311,-0.0720,-0.1330,-17.0000,1.2940,1.2530,64.0000,0.0190,0.0010,8.0000,1.3850,1.3880,67.0000
1789467410.7836,-0.0720,-0.1060,-17.0000,1.2940,1.2760,63.0000,0.0190,0.0070,7.0000,1.3850,1.3620,69.0000
1789467410.8313,-0.0720,-0.1490,-14.0000,1.2940,1.3360,60.0000,0.0190,0.0110,7.0000,1.3850,1.4030,67.0000
1789467410.8814,-0.0720,-0.1640,-13.0000,1.2940,1.3340,60.0000,0.0190,0.0580,5.0000,1.3850,1.4110,66.0000
1789467410.9311,-0.0720,-0.0390,-19.0000,1.2940,1.2910,62.0000,0.0190,0.0500,5.0000,1.3850,1.3950,67.0000
1789467410.9812,-0.0720,-0.0450,-18.0000,1.2940,1.2720,63.0000,0.0190,0.0090,7.0000,1.3850,1.3840,67.0000
1789467411.0311,-0.0720,-0.1070,-15.0000,1.2940,1.2630,63.0000,0.0190,0.0200,6.0000,1.3850,1.3370,70.0000
1789467411.0813,-0.0720,-0.0940,-15.0000,1.2940,1.2670,64.0000,0.0190,0.0260,6.0000,1.3850,1.3540,69.0000
1789467411.1311,-0.0720,-0.0980,-15.0000,1.2940,1.3170,61.0000,0.0190,0.0280,6.0000,1.3850,1.3730,69.0000
1789467411.1816,-0.0720,-0.1170,-14.0000,1.2940,1.3440,59.0000,0.0190,0.0220,6.0000,1.3850,1.4060,67.0000
1789467411.2313,-0.0720,-0.0550,-17.0000,1.2940,1.2890,62.0000,0.0190,0.0230,6.0000,1.3850,1.4420,65.0000
1789467411.2811,-0.0720,-0.0180,-19.0000,1.2940,1.2640,63.0000,0.0190,-0.0140,8.0000,1.3850,1.4540,64.0000
1789467411.3313,-0.0720,-0.0510,-18.0000,1.2940,1.2670,63.0000,0.0190,-0.0010,7.0000,1.3850,1.3660,68.0000
1789467411.3815,-0.0720,-0.0820,-16.0000,1.2940,1.2710,63.0000,0.0190,0.0080,7.0000,1.3850,1.3490,69.0000
1789467411.4312,-0.0720,-0.0420,-19.0000,1.2940,1.2780,63.0000,0.0190,0.0180,7.0000,1.3850,1.3840,67.0000
1789467411.4812,-0.0720,-0.0410,-19.0000,1.2940,1.3200,61.0000,0.0190,0.0860,3.0000,1.3850,1.3930,67.0000
1789467411.5320,-0.0720,-0.0500,-19.0000,1.2940,1.2990,62.0000,0.0190,0.0390,5.0000,1.3850,1.4220,65.0000
1789467411.5812,-0.0720,-0.0200,-21.0000,1.2940,1.2930,62.0000,0.0190,0.0200,6.0000,1.3850,1.4340,64.0000
1789467411.6314,-0.0720,-0.0450,-20.0000,1.2940,1.2810,63.0000,0.0190,0.0020,7.0000,1.3850,1.3580,68.0000
1789467411.6813,-0.0720,-0.0680,-19.0000,1.2940,1.2640,64.0000,0.0190,0.0010,7.0000,1.3850,1.3410,69.0000
1789467411.7313,-0.0720,-0.0810,-18.0000,1.2940,1.2750,64.0000,0.0190,0.0200,6.0000,1.3850,1.3880,66.0000
1789467411.7812,-0.0720,-0.0860,-18.0000,1.2940,1.3100,62.0000,0.0190,0.0060,7.0000,1.3850,1.3930,66.0000
1789467411.8313,-0.0720,-0.0470,-20.0000,1.2940,1.3220,61.0000,0.0190,0.0010,7.0000,1.3850,1.4020,66.0000
1789467411.8814,-0.0720,-0.0720,-18.0000,1.2940,1.2870,63.0000,0.0190,0.0020,7.0000,1.3850,1.4490,63.0000
1789467411.9310,-0.0720,-0.0360,-21.0000,1.2940,1.2700,64.0000,0.0190,0.0000,8.0000,1.3850,1.3850,66.0000
1789467411.9811,-0.0720,-0.1210,-16.0000,1.2940,1.2750,64.0000,0.0190,0.0000,8.0000,1.3850,1.3380,69.0000
1789467412.0311,-0.0720,-0.1470,-14.0000,1.2940,1.2840,64.0000,0.0190,0.0020,8.0000,1.3850,1.3320,69.0000
1789467412.0813,-0.0720,-0.1450,-14.0000,1.2940,1.3170,62.0000,0.0190,0.0040,8.0000,1.3850,1.4050,66.0000
1789467412.1322,-0.0720,-0.1510,-12.0000,1.2940,1.3430,60.0000,0.0190,0.0000,9.0000,1.3850,1.3870,67.0000
1789467412.1813,-0.0720,-0.1480,-12.0000,1.2940,1.3420,60.0000,0.0190,0.0000,9.0000,1.3850,1.4320,64.0000
1789467412.2311,-0.0720,-0.1070,-13.0000,1.2940,1.3150,61.0000,0.0190,0.0060,9.0000,1.3850,1.3650,68.0000
1789467412.2812,-0.0720,-0.0660,-15.0000,1.2940,1.2520,64.0000,0.0190,0.0010,9.0000,1.3850,1.3360,69.0000
1789467412.3313,-0.0720,-0.1130,-12.0000,1.2940,1.2740,63.0000,0.0190,0.0060,9.0000,1.3850,1.3340,70.0000
1789467412.3814,-0.0720,-0.0360,-16.0000,1.2940,1.2910,63.0000,0.0190,0.0020,10.0000,1.3850,1.3890,67.0000
1789467412.4326,-0.0720,-0.0820,-14.0000,1.2940,1.3030,62.0000,0.0190,0.0010,10.0000,1.3850,1.3930,67.0000
1789467412.4823,-0.0720,-0.0960,-13.0000,1.2940,1.3360,60.0000,0.0190,0.0040,10.0000,1.3850,1.4430,64.0000
1789467412.5321,-0.0720,-0.0300,-17.0000,1.2940,1.3130,61.0000,0.0190,0.0030,10.0000,1.3850,1.4150,65.0000
1789467412.5822,-0.0720,-0.0020,-18.0000,1.2940,1.2560,64.0000,0.0190,0.0010,10.0000,1.3850,1.3670,68.0000
1789467412.6322,-0.0720,-0.0360,-17.0000,1.2940,1.2890,62.0000,0.0190,0.0100,10.0000,1.3850,1.3370,70.0000
1789467412.6823,-0.0720,-0.0910,-14.0000,1.2940,1.2630,64.0000,0.0190,0.0420,8.0000,1.3850,1.3870,67.0000
1789467412.7337,-0.0720,-0.0730,-16.0000,1.2940,1.2960,62.0000,0.0190,0.0590,7.0000,1.3850,1.3920,67.0000
1789467412.7833,-0.0720,-0.0430,-17.0000,1.2940,1.3240,61.0000,0.0190,0.0210,9.0000,1.3850,1.4030,66.0000
1789467412.8333,-0.0720,-0.0700,-16.0000,1.2940,1.2860,63.0000,0.0190,0.0530,7.0000,1.3850,1.3990,66.0000
1789467412.8839,-0.0720,-0.0250,-19.0000,1.2940,1.2430,65.0000,0.0190,0.0060,9.0000,1.3850,1.3420,70.0000
1789467412.9337,-0.0720,-0.0680,-16.0000,1.2940,1.2590,65.0000,0.0190,0.0140,9.0000,1.3850,1.3690,68.0000
1789467412.9833,-0.0720,-0.1020,-15.0000,1.2940,1.2700,65.0000,0.0190,0.0320,8.0000,1.3850,1.3710,68.0000
1789467413.0379,-0.0720,-0.0390,-18.0000,1.2940,1.2620,65.0000,0.0190,0.0650,6.0000,1.3850,1.3950,67.0000
1789467413.0864,-0.0720,-0.0600,-17.0000,1.2940,1.3080,63.0000,0.0190,0.0440,7.0000,1.3850,1.4050,67.0000
1789467413.1387,-0.0720,-0.0930,-15.0000,1.2940,1.3660,60.0000,0.0190,0.0610,5.0000,1.3850,1.4150,66.0000
1789467413.1883,-0.0720,-0.0620,-17.0000,1.2940,1.3490,60.0000,0.0190,0.0640,5.0000,1.3850,1.3660,68.0000
1789467413.2383,-0.0720,-0.0450,-18.0000,1.2940,1.2440,66.0000,0.0190,0.0320,6.0000,1.3850,1.4060,66.0000
1789467413.2884,-0.0720,-0.0770,-16.0000,1.2940,1.2770,64.0000,0.0190,0.0190,6.0000,1.3850,1.3680,68.0000
1789467413.3383,-0.0720,-0.0980,-15.0000,1.2940,1.2760,64.0000,0.0190,0.0320,6.0000,1.3850,1.3730,68.0000
1789467413.3884,-0.0720,-0.0810,-16.0000,1.2940,1.3050,62.0000,0.0190,0.0100,7.0000,1.3850,1.4130,66.0000
1789467413.4385,-0.0720,-0.0860,-15.0000,1.2940,1.3230,61.0000,0.0190,0.0100,7.0000,1.3850,1.4080,66.0000
1789467413.4884,-0.0720,-0.0990,-14.0000,1.2940,1.3550,59.0000,0.0190,0.0310,6.0000,1.3850,1.3470,69.0000
1789467413.5382,-0.0720,-0.0320,-18.0000,1.2940,1.3050,62.0000,0.0190,0.0310,6.0000,1.3850,1.4190,65.0000
1789467413.5896,-0.0720,-0.0250,-19.0000,1.2940,1.2680,64.0000,0.0190,0.0030,7.0000,1.3850,1.4210,65.0000
1789467413.6383,-0.0720,-0.0940,-15.0000,1.2940,1.2710,63.0000,0.0190,0.0000,7.0000,1.3850,1.3930,66.0000
1789467413.6884,-0.0720,-0.0710,-16.0000,1.2940,1.3000,62.0000,0.0190,0.0000,8.0000,1.3850,1.3980,66.0000
1789467413.7383,-0.0720,-0.0540,-17.0000,1.2940,1.3380,60.0000,0.0190,0.0010,8.0000,1.3850,1.4450,63.0000
1789467413.7884,-0.0720,-0.0250,-19.0000,1.2940,1.3170,61.0000,0.0190,0.0070,8.0000,1.3850,1.3070,70.0000
1789467413.8383,-0.0720,-0.0620,-17.0000,1.2940,1.3180,60.0000,0.0190,0.0120,7.0000,1.3850,1.3600,68.0000
1789467413.8884,-0.0720,-0.0290,-20.0000,1.2940,1.3040,61.0000,0.0190,0.0020,8.0000,1.3850,1.3790,67.0000
1789467413.9384,-0.0720,-0.0830,-17.0000,1.2940,1.2680,63.0000,0.0190,0.0000,8.0000,1.3850,1.4500,63.0000
1789467413.9907,-0.0720,-0.1300,-14.0000,1.2940,1.2870,62.0000,0.0190,0.0030,9.0000,1.3850,1.3400,69.0000
1789467414.0393,-0.0720,-0.1170,-15.0000,1.2940,1.2890,62.0000,0.0190,0.0000,9.0000,1.3850,1.3770,67.0000
1789467414.0907,-0.0720,-0.0920,-16.0000,1.2940,1.3090,61.0000,0.0190,0.0030,9.0000,1.3850,1.3470,69.0000
1789467414.1395,-0.0720,-0.0870,-16.0000,1.2940,1.3000,61.0000,0.0190,0.0020,9.0000,1.3850,1.3520,69.0000
1789467414.1895,-0.0720,-0.0880,-15.0000,1.2940,1.2820,62.0000,0.0190,0.0030,9.0000,1.3850,1.3760,68.0000
1789467414.2393,-0.0720,-0.1160,-14.0000,1.2940,1.2770,63.0000,0.0190,0.0080,9.0000,1.3850,1.3600,69.0000
1789467414.2894,-0.0720,-0.1220,-13.0000,1.2940,1.2800,62.0000,0.0190,0.0060,10.0000,1.3850,1.3820,68.0000
1789467414.3395,-0.0720,-0.0650,-16.0000,1.2940,1.2710,63.0000,0.0190,0.0090,10.0000,1.3850,1.3980,67.0000
1789467414.3892,-0.0720,-0.0860,-14.0000,1.2940,1.3120,61.0000,0.0190,0.0220,9.0000,1.3850,1.3350,71.0000
1789467414.4393,-0.0720,-0.0750,-15.0000,1.2940,1.3260,60.0000,0.0190,0.0660,6.0000,1.3850,1.3510,70.0000
1789467414.4897,-0.0720,-0.0060,-19.0000,1.2940,1.3050,61.0000,0.0190,0.0470,7.0000,1.3850,1.4000,68.0000
1789467414.5394,-0.0720,-0.0240,-18.0000,1.2940,1.2610,63.0000,0.0190,0.0050,9.0000,1.3850,1.4250,66.0000
1789467414.5896,-0.0720,-0.1020,-14.0000,1.2940,1.2610,63.0000,0.0190,0.0010,10.0000,1.3850,1.3930,68.0000
1789467414.6394,-0.0720,-0.0910,-15.0000,1.2940,1.2850,62.0000,0.0190,0.0000,10.0000,1.3850,1.3960,67.0000
1789467414.6894,-0.0720,-0.1140,-13.0000,1.2940,1.2820,63.0000,0.0190,0.0010,10.0000,1.3850,1.3750,68.0000
1789467414.7396,-0.0720,-0.1150,-13.0000,1.2940,1.3360,60.0000,0.0190,0.0060,10.0000,1.3850,1.3490,70.0000
1789467414.7894,-0.0720,-0.0600,-15.0000,1.2940,1.3350,60.0000,0.0190,0.0260,9.0000,1.3850,1.4260,66.0000
1789467414.8395,-0.0720,-0.0540,-15.0000,1.2940,1.2750,63.0000,0.0190,0.0040,10.0000,1.3850,1.4290,65.0000
1789467414.8895,-0.0720,-0.0760,-14.0000,1.2940,1.2570,64.0000,0.0190,0.0000,10.0000,1.3850,1.4140,66.0000
1789467414.9394,-0.0720,-0.1050,-12.0000,1.2940,1.2370,65.0000,0.0190,0.0000,11.0000,1.3850,1.3920,67.0000
1789467414.9894,-0.0720,-0.0980,-13.0000,1.2940,1.2590,65.0000,0.0190,0.0000,11.0000,1.3850,1.3410,69.0000
1789467415.0393,-0.0720,-0.0730,-14.0000,1.2940,1.2960,63.0000,0.0190,0.0170,10.0000,1.3850,1.3600,69.0000
1789467415.0916,-0.0720,-0.1190,-11.0000,1.2940,1.3540,60.0000,0.0190,0.0170,10.0000,1.3850,1.4270,65.0000
1789467415.1394,-0.0720,-0.0990,-12.0000,1.2940,1.3520,60.0000,0.0190,0.0210,10.0000,1.3850,1.4280,65.0000
1789467415.1895,-0.0720,-0.0110,-16.0000,1.2940,1.2270,66.0000,0.0190,0.0150,10.0000,1.3850,1.4560,62.0000
1789467415.2394,-0.0720,-0.0800,-12.0000,1.2940,1.2690,64.0000,0.0190,0.0530,8.0000,1.3850,1.4130,64.0000
1789467415.2928,-0.0720,-0.0780,-13.0000,1.2940,1.2420,66.0000,0.0190,0.0220,10.0000,1.3850,1.2950,71.0000
1789467415.3435,-0.0720,-0.0640,-13.0000,1.2940,1.2980,63.0000,0.0190,0.0200,10.0000,1.3850,1.3570,68.0000
1789467415.3921,-0.0720,-0.0980,-11.0000,1.2940,1.3420,61.0000,0.0190,0.0400,9.0000,1.3850,1.3760,67.0000
1789467415.4423,-0.0720,-0.0590,-13.0000,1.2940,1.3050,63.0000,0.0190,0.0490,8.0000,1.3850,1.3950,66.0000
1789467415.4939,-0.0720,-0.0640,-13.0000,1.2940,1.2740,64.0000,0.0190,0.0040,10.0000,1.3850,1.4570,63.0000
1789467415.5434,-0.0720,-0.1110,-11.0000,1.2940,1.2560,65.0000,0.0190,0.0000,10.0000,1.3850,1.3590,68.0000
1789467415.5935,-0.0720,-0.0640,-13.0000,1.2940,1.2470,66.0000,0.0190,0.0000,11.0000,1.3850,1.3410,69.0000
1789467415.6433,-0.0720,-0.0640,-13.0000,1.2940,1.2840,64.0000,0.0190,0.0000,11.0000,1.3850,1.3640,68.0000
1789467415.6936,-0.0720,-0.0880,-12.0000,1.2940,1.3380,61.0000,0.0190,0.0190,10.0000,1.3850,1.3890,67.0000
1789467415.7433,-0.0720,-0.0880,-12.0000,1.2940,1.3590,60.0000,0.0190,0.0940,6.0000,1.3850,1.4230,65.0000
1789467415.7951,-0.0720,-0.0350,-15.0000,1.2940,1.2780,64.0000,0.0190,0.0400,8.0000,1.3850,1.4530,63.0000
1789467415.8432,-0.0720,-0.0790,-12.0000,1.2940,1.2840,63.0000,0.0190,0.0150,9.0000,1.3850,1.4380,63.0000
1789467415.8932,-0.0720,-0.0440,-14.0000,1.2940,1.2630,65.0000,0.0190,0.0120,9.0000,1.3850,1.3090,70.0000
1789467415.9432,-0.0720,-0.0680,-13.0000,1.2940,1.2610,65.0000,0.0190,0.0140,9.0000,1.3850,1.3560,67.0000
1789467415.9934,-0.0720,-0.0620,-14.0000,1.2940,1.3270,62.0000,0.0190,0.0140,10.0000,1.3850,1.3810,67.0000
1789467416.0445,-0.0720,-0.0860,-12.0000,1.2940,1.3490,60.0000,0.0190,0.0170,9.0000,1.3850,1.4240,64.0000
1789467416.0945,-0.0720,-0.0210,-16.0000,1.2940,1.2630,65.0000,0.0190,0.0030,10.0000,1.3850,1.4330,63.0000
1789467416.1432,-0.0720,-0.0210,-16.0000,1.2940,1.2860,64.0000,0.0190,0.0010,10.0000,1.3850,1.4330,63.0000
1789467416.1933,-0.0720,-0.0710,-14.0000,1.2940,1.2490,66.0000,0.0190,0.0030,11.0000,1.3850,1.3690,66.0000
1789467416.2433,-0.0720,-0.1150,-12.0000,1.2940,1.2980,63.0000,0.0190,0.0200,10.0000,1.3850,1.3330,68.0000
1789467416.2935,-0.0720,-0.0800,-13.0000,1.2940,1.2800,65.0000,0.0190,0.0920,5.0000,1.3850,1.3560,67.0000
1789467416.3434,-0.0720,-0.0900,-13.0000,1.2940,1.3380,61.0000,0.0190,0.0700,6.0000,1.3850,1.3880,66.0000
1789467416.3933,-0.0720,-0.0530,-15.0000,1.2940,1.3010,63.0000,0.0190,0.0330,8.0000,1.3850,1.4140,64.0000
1789467416.4434,-0.0720,-0.0300,-16.0000,1.2940,1.2690,65.0000,0.0190,0.0380,7.0000,1.3850,1.4150,64.0000
1789467416.4934,-0.0720,-0.0710,-14.0000,1.2940,1.2660,65.0000,0.0190,0.0520,6.0000,1.3850,1.3520,67.0000
1789467416.5433,-0.0720,-0.0790,-14.0000,1.2940,1.2640,66.0000,0.0190,0.0460,6.0000,1.3850,1.3460,68.0000
1789467416.5935,-0.0720,-0.0780,-14.0000,1.2940,1.3020,64.0000,0.0190,0.0430,6.0000,1.3850,1.3570,67.0000
1789467416.6434,-0.0720,-0.0750,-14.0000,1.2940,1.3120,63.0000,0.0190,0.0420,6.0000,1.3850,1.4100,65.0000
1789467416.6935,-0.0720,-0.1100,-12.0000,1.2940,1.3190,63.0000,0.0190,0.0060,8.0000,1.3850,1.4160,64.0000
1789467416.7433,-0.0720,-0.0870,-13.0000,1.2940,1.2890,64.0000,0.0190,0.0280,6.0000,1.3850,1.4340,63.0000
1789467416.7936,-0.0720,-0.0300,-16.0000,1.2940,1.2380,67.0000,0.0190,0.0590,4.0000,1.3850,1.3350,68.0000
1789467416.8434,-0.0720,-0.0750,-14.0000,1.2940,1.2850,65.0000,0.0190,0.0460,5.0000,1.3850,1.3520,67.0000
1789467416.8934,-0.0720,-0.0650,-14.0000,1.2940,1.3050,64.0000,0.0190,0.0430,5.0000,1.3850,1.3520,68.0000
1789467416.9433,-0.0720,-0.0940,-13.0000,1.2940,1.2880,65.0000,0.0190,0.0310,5.0000,1.3850,1.4080,65.0000
1789467416.9935,-0.0720,-0.0990,-12.0000,1.2940,1.3310,62.0000,0.0190,0.0120,6.0000,1.3850,1.3990,65.0000
1789467417.0433,-0.0720,-0.0770,-13.0000,1.2940,1.3440,61.0000,0.0190,0.0210,5.0000,1.3850,1.4150,64.0000
1789467417.0935,-0.0720,-0.0390,-15.0000,1.2940,1.2910,64.0000,0.0190,0.0570,3.0000,1.3850,1.3510,68.0000
1789467417.1434,-0.0720,-0.0100,-17.0000,1.2940,1.2670,65.0000,0.0190,0.0230,5.0000,1.3850,1.3600,67.0000
1789467417.1935,-0.0720,-0.0750,-14.0000,1.2940,1.2980,63.0000,0.0190,0.0260,5.0000,1.3850,1.3550,68.0000
1789467417.2440,-0.0720,-0.0600,-15.0000,1.2940,1.2840,64.0000,0.0190,0.0110,5.0000,1.3850,1.3910,66.0000
1789467417.2935,-0.0720,-0.0780,-14.0000,1.2940,1.2700,65.0000,0.0190,0.0060,6.0000,1.3850,1.4210,64.0000
1789467417.3435,-0.0720,-0.0980,-13.0000,1.2940,1.3330,62.0000,0.0190,0.0150,5.0000,1.3850,1.4260,64.0000
1789467417.3932,-0.0720,-0.0350,-16.0000,1.2940,1.3210,62.0000,0.0190,0.0220,5.0000,1.3850,1.3450,68.0000
1789467417.4432,-0.0720,-0.0050,-18.0000,1.2940,1.2470,66.0000,0.0190,0.0080,6.0000,1.3850,1.3690,67.0000
1789467417.4950,-0.0720,-0.0440,-17.0000,1.2940,1.2700,65.0000,0.0190,0.0030,6.0000,1.3850,1.3540,68.0000
1789467417.5445,-0.0720,-0.0960,-14.0000,1.2940,1.2720,65.0000,0.0190,0.0050,6.0000,1.3850,1.3890,66.0000
1789467417.5952,-0.0720,-0.0660,-16.0000,1.2940,1.2720,65.0000,0.0190,0.0000,7.0000,1.3850,1.4240,64.0000
1789467417.6459,-0.0720,-0.1240,-12.0000,1.2940,1.3230,63.0000,0.0190,0.0010,7.0000,1.3850,1.4100,65.0000
1789467417.6945,-0.0720,-0.0700,-15.0000,1.2940,1.3080,64.0000,0.0190,0.0120,6.0000,1.3850,1.3960,66.0000
1789467417.7443,-0.0720,-0.0070,-18.0000,1.2940,1.2760,65.0000,0.0190,0.0090,7.0000,1.3850,1.3510,68.0000
1789467417.7944,-0.0720,-0.0480,-16.0000,1.2940,1.2430,67.0000,0.0190,0.0010,7.0000,1.3850,1.3770,67.0000
1789467417.8446,-0.0720,-0.1120,-13.0000,1.2940,1.2900,65.0000,0.0190,0.0070,7.0000,1.3850,1.3860,66.0000
1789467417.8943,-0.0720,-0.0650,-16.0000,1.2940,1.2710,66.0000,0.0190,0.0050,7.0000,1.3850,1.4090,65.0000
1789467417.9443,-0.0720,-0.0970,-14.0000,1.2940,1.3090,64.0000,0.0190,0.0100,7.0000,1.3850,1.4280,64.0000
1789467417.9946,-0.0720,-0.1150,-12.0000,1.2940,1.3600,61.0000,0.0190,0.0420,5.0000,1.3850,1.3740,67.0000
1789467418.0444,-0.0720,-0.0680,-15.0000,1.2940,1.3230,63.0000,0.0190,0.0870,3.0000,1.3850,1.3450,68.0000
1789467418.0945,-0.0720,-0.0400,-16.0000,1.2940,1.2870,65.0000,0.0190,0.0340,5.0000,1.3850,1.3750,67.0000
1789467418.1446,-0.0720,-0.0760,-14.0000,1.2940,1.2830,65.0000,0.0190,0.0100,6.0000,1.3850,1.3600,68.0000
1789467418.1946,-0.0720,-0.0900,-13.0000,1.2940,1.2540,66.0000,0.0190,0.0060,6.0000,1.3850,1.3630,68.0000
1789467418.2444,-0.0720,-0.0810,-14.0000,1.2940,1.2690,66.0000,0.0190,0.0040,7.0000,1.3850,1.4210,65.0000
1789467418.2948,-0.0720,-0.0760,-14.0000,1.2940,1.3090,64.0000,0.0190,0.0070,7.0000,1.3850,1.3860,67.0000
1789467418.3443,-0.0720,-0.1200,-11.0000,1.2940,1.3570,61.0000,0.0190,0.0220,6.0000,1.3850,1.3420,69.0000
1789467418.3943,-0.0720,-0.0660,-14.0000,1.2940,1.2940,64.0000,0.0190,0.0350,5.0000,1.3850,1.4030,66.0000
1789467418.4444,-0.0720,-0.0150,-17.0000,1.2940,1.2660,66.0000,0.0190,0.0310,5.0000,1.3850,1.3840,67.0000
1789467418.4944,-0.0720,-0.0710,-14.0000,1.2940,1.2720,65.0000,0.0190,0.0190,6.0000,1.3850,1.3670,68.0000
1789467418.5444,-0.0720,-0.0660,-14.0000,1.2940,1.2480,67.0000,0.0190,0.0260,5.0000,1.3850,1.3950,66.0000
1789467418.5946,-0.0720,-0.0790,-14.0000,1.2940,1.3180,63.0000,0.0190,0.0310,5.0000,1.3850,1.4130,65.0000
1789467418.6443,-0.0720,-0.0850,-13.0000,1.2940,1.3280,63.0000,0.0190,0.0420,4.0000,1.3850,1.3390,69.0000
1789467418.6945,-0.0720,-0.1100,-12.0000,1.2940,1.3600,61.0000,0.0190,0.0200,5.0000,1.3850,1.4010,66.0000
1789467418.7445,-0.0720,-0.0380,-16.0000,1.2940,1.2970,64.0000,0.0190,0.0020,6.0000,1.3850,1.4160,65.0000
1789467418.7944,-0.0720,-0.0280,-16.0000,1.2940,1.2720,65.0000,0.0190,0.0000,6.0000,1.3850,1.4360,63.0000
1789467418.8444,-0.0720,-0.1130,-12.0000,1.2940,1.2930,64.0000,0.0190,0.0000,7.0000,1.3850,1.3860,66.0000
1789467418.8943,-0.0720,-0.0910,-13.0000,1.2940,1.3110,63.0000,0.0190,0.0030,7.0000,1.3850,1.3770,66.0000
1789467418.9443,-0.0720,-0.0940,-12.0000,1.2940,1.2940,64.0000,0.0190,0.0020,7.0000,1.3850,1.3310,69.0000
1789467418.9952,-0.0720,-0.0910,-12.0000,1.2940,1.3150,63.0000,0.0190,0.0140,6.0000,1.3850,1.4060,65.0000
1789467419.0444,-0.0720,-0.0370,-15.0000,1.2940,1.2900,64.0000,0.0190,0.0270,6.0000,1.3850,1.3970,65.0000
1789467419.0948,-0.0720,-0.0810,-13.0000,1.2940,1.2950,64.0000,0.0190,0.0590,4.0000,1.3850,1.4150,64.0000
1789467419.1444,-0.0720,-0.0770,-13.0000,1.2940,1.3100,63.0000,0.0190,0.0310,5.0000,1.3850,1.3820,66.0000
1789467419.1944,-0.0720,-0.0620,-14.0000,1.2940,1.3170,62.0000,0.0190,0.0380,5.0000,1.3850,1.3880,65.0000
1789467419.2444,-0.0720,-0.1010,-12.0000,1.2940,1.2920,63.0000,0.0190,0.0360,4.0000,1.3850,1.3220,69.0000
1789467419.2944,-0.0720,-0.1010,-11.0000,1.2940,1.3140,62.0000,0.0190,0.0220,5.0000,1.3850,1.3920,66.0000
1789467419.3445,-0.0720,-0.0290,-15.0000,1.2940,1.2770,64.0000,0.0190,0.0130,6.0000,1.3850,1.4170,64.0000
1789467419.3946,-0.0720,-0.0280,-16.0000,1.2940,1.2660,65.0000,0.0190,0.0010,6.0000,1.3850,1.4230,64.0000
1789467419.4444,-0.0720,-0.0810,-13.0000,1.2940,1.2800,64.0000,0.0190,0.0040,6.0000,1.3850,1.4090,64.0000
1789467419.4945,-0.0720,-0.0870,-13.0000,1.2940,1.2880,64.0000,0.0190,0.0240,5.0000,1.3850,1.3830,66.0000
1789467419.5444,-0.0720,-0.0350,-16.0000,1.2940,1.2570,66.0000,0.0190,0.0830,2.0000,1.3850,1.3330,68.0000
1789467419.5947,-0.0720,-0.0830,-13.0000,1.2940,1.3220,62.0000,0.0190,0.0890,1.0000,1.3850,1.3820,66.0000
1789467419.6444,-0.0720,-0.0880,-13.0000,1.2940,1.3500,60.0000,0.0190,0.0440,3.0000,1.3850,1.3880,66.0000
1789467419.6957,-0.0720,-0.0300,-16.0000,1.2940,1.2870,64.0000,0.0190,0.0050,5.0000,1.3850,1.4030,65.0000
1789467419.7444,-0.0720,-0.0080,-18.0000,1.2940,1.2630,65.0000,0.0190,0.0000,5.0000,1.3850,1.3840,66.0000
1789467419.7966,-0.0720,-0.0980,-13.0000,1.2940,1.2670,65.0000,0.0190,0.0060,5.0000,1.3850,1.3800,66.0000
1789467419.8444,-0.0720,-0.1370,-11.0000,1.2940,1.2590,66.0000,0.0190,0.0380,3.0000,1.3850,1.3450,68.0000
1789467419.8946,-0.0720,-0.1100,-12.0000,1.2940,1.3200,62.0000,0.0190,0.0610,2.0000,1.3850,1.3860,66.0000
1789467419.9445,-0.0720,-0.1360,-10.0000,1.2940,1.3590,60.0000,0.0190,0.0710,1.0000,1.3850,1.3820,66.0000
1789467419.9945,-0.0720,-0.1170,-11.0000,1.2940,1.3500,60.0000,0.0190,0.0110,4.0000,1.3850,1.4170,64.0000
1789467420.0445,-0.0720,-0.0900,-12.0000,1.2940,1.2990,62.0000,0.0190,-0.0020,4.0000,1.3850,1.4400,63.0000
1789467420.0946,-0.0720,-0.0480,-14.0000,1.2940,1.2850,63.0000,0.0190,-0.0010,4.0000,1.3850,1.3520,68.0000
1789467420.1444,-0.0720,-0.1280,-9.0000,1.2940,1.2930,62.0000,0.0190,0.0010,4.0000,1.3850,1.2960,71.0000
1789467420.1945,-0.0720,-0.1100,-10.0000,1.2940,1.2990,62.0000,0.0190,0.0010,5.0000,1.3850,1.3520,68.0000
1789467420.2445,-0.0720,-0.0850,-11.0000,1.2940,1.3260,60.0000,0.0190,0.0010,5.0000,1.3850,1.3970,66.0000
1789467420.2946,-0.0720,-0.1130,-9.0000,1.2940,1.3050,61.0000,0.0190,0.0000,5.0000,1.3850,1.3960,66.0000
1789467420.3461,-0.0720,-0.0610,-11.0000,1.2940,1.2740,63.0000,0.0190,0.0000,5.0000,1.3850,1.4390,64.0000
1789467420.3945,-0.0720,-0.0560,-12.0000,1.2940,1.2680,63.0000,0.0190,-0.0020,6.0000,1.3850,1.3800,67.0000
1789467420.4443,-0.0720,-0.0620,-12.0000,1.2940,1.2670,64.0000,0.0190,0.0040,6.0000,1.3850,1.3310,69.0000
1789467420.4945,-0.0720,-0.0650,-12.0000,1.2940,1.2930,62.0000,0.0190,0.0040,6.0000,1.3850,1.3480,69.0000
1789467420.5445,-0.0720,-0.1070,-9.0000,1.2940,1.3140,61.0000,0.0190,0.0190,5.0000,1.3850,1.3910,67.0000
1789467420.5946,-0.0720,-0.1040,-9.0000,1.2940,1.3220,61.0000,0.0190,0.0020,6.0000,1.3850,1.3890,67.0000
1789467420.6446,-0.0720,-0.0200,-14.0000,1.2940,1.2380,65.0000,0.0190,0.0020,6.0000,1.3850,1.4470,63.0000
1789467420.6947,-0.0720,-0.0140,-14.0000,1.2940,1.2900,63.0000,0.0190,0.0000,7.0000,1.3850,1.4200,65.0000
1789467420.7460,-0.0720,-0.0770,-11.0000,1.2940,1.2940,63.0000,0.0190,0.0300,5.0000,1.3850,1.3260,70.0000
1789467420.7946,-0.0720,-0.0400,-14.0000,1.2940,1.2520,65.0000,0.0190,0.0490,4.0000,1.3850,1.3300,70.0000
1789467420.8445,-0.0720,-0.0970,-11.0000,1.2940,1.3170,62.0000,0.0190,0.0310,5.0000,1.3850,1.3950,66.0000
1789467420.8943,-0.0720,-0.0720,-12.0000,1.2940,1.3220,61.0000,0.0190,0.0340,4.0000,1.3850,1.3640,69.0000
1789467420.9446,-0.0720,-0.0610,-13.0000,1.2940,1.3310,60.0000,0.0190,0.0080,6.0000,1.3850,1.4320,65.0000
1789467420.9955,-0.0720,-0.0460,-14.0000,1.2940,1.2880,63.0000,0.0190,0.0010,6.0000,1.3850,1.4160,65.0000
1789467421.0448,-0.0720,-0.0580,-13.0000,1.2940,1.2630,64.0000,0.0190,0.0000,6.0000,1.3850,1.3520,69.0000
1789467421.0946,-0.0720,-0.1120,-11.0000,1.2940,1.2830,63.0000,0.0190,0.0200,5.0000,1.3850,1.3190,71.0000
1789467421.1450,-0.0720,-0.1220,-10.0000,1.2940,1.2740,64.0000,0.0190,0.0090,6.0000,1.3850,1.3910,67.0000
1789467421.1946,-0.0720,-0.0910,-11.0000,1.2940,1.3180,61.0000,0.0190,0.0130,6.0000,1.3850,1.4110,66.0000
1789467421.2444,-0.0720,-0.1040,-10.0000,1.2940,1.3260,61.0000,0.0190,0.0050,7.0000,1.3850,1.3940,67.0000
1789467421.2946,-0.0720,-0.0550,-13.0000,1.2940,1.2810,63.0000,0.0190,0.0020,7.0000,1.3850,1.4190,65.0000
1789467421.3448,-0.0720,-0.0440,-13.0000,1.2940,1.2510,65.0000,0.0190,0.0000,7.0000,1.3850,1.3570,69.0000
1789467421.3943,-0.0720,-0.0650,-12.0000,1.2940,1.2820,64.0000,0.0190,0.0000,7.0000,1.3850,1.3200,71.0000
1789467421.4444,-0.0720,-0.0850,-11.0000,1.2940,1.2840,64.0000,0.0190,0.0060,7.0000,1.3850,1.4020,66.0000
1789467421.4946,-0.0720,-0.0480,-13.0000,1.2940,1.2890,63.0000,0.0190,0.0000,8.0000,1.3850,1.4000,67.0000
1789467421.5445,-0.0720,-0.0670,-12.0000,1.2940,1.3130,62.0000,0.0190,0.0000,8.0000,1.3850,1.4470,64.0000
1789467421.5944,-0.0720,-0.0850,-11.0000,1.2940,1.2880,64.0000,0.0190,0.0010,8.0000,1.3850,1.4140,65.0000
1789467421.6459,-0.0720,-0.0280,-15.0000,1.2940,1.2650,65.0000,0.0190,0.0000,9.0000,1.3850,1.3640,68.0000
1789467421.6944,-0.0720,-0.0210,-16.0000,1.2940,1.2880,64.0000,0.0190,0.0030,9.0000,1.3850,1.3400,69.0000
1789467421.7445,-0.0720,-0.0920,-12.0000,1.2940,1.3050,63.0000,0.0190,0.0040,9.0000,1.3850,1.3750,67.0000
1789467421.7945,-0.0720,-0.0850,-12.0000,1.2940,1.2930,63.0000,0.0190,0.0000,9.0000,1.3850,1.4000,66.0000
1789467421.8444,-0.0720,-0.0460,-15.0000,1.2940,1.2930,63.0000,0.0190,0.0000,9.0000,1.3850,1.4200,65.0000
1789467421.8946,-0.0720,-0.0870,-12.0000,1.2940,1.3260,61.0000,0.0190,0.0040,9.0000,1.3850,1.4160,65.0000
1789467421.9445,-0.0720,-0.0490,-14.0000,1.2940,1.2850,64.0000,0.0190,0.0050,10.0000,1.3850,1.3250,70.0000
1789467421.9945,-0.0720,-0.0670,-14.0000,1.2940,1.2820,64.0000,0.0190,0.0010,10.0000,1.3850,1.3430,69.0000
1789467422.0448,-0.0720,-0.0640,-14.0000,1.2940,1.3030,63.0000,0.0190,0.0130,9.0000,1.3850,1.3530,69.0000
1789467422.0946,-0.0720,-0.1060,-12.0000,1.2940,1.3140,62.0000,0.0190,0.0750,6.0000,1.3850,1.3740,68.0000
1789467422.1468,-0.0720,-0.0690,-13.0000,1.2940,1.2890,63.0000,0.0190,0.0510,7.0000,1.3850,1.4130,66.0000
1789467422.1948,-0.0720,-0.0710,-13.0000,1.2940,1.3340,61.0000,0.0190,0.0580,6.0000,1.3850,1.4230,66.0000
1789467422.2456,-0.0720,-0.0540,-14.0000,1.2940,1.3230,61.0000,0.0190,0.0160,8.0000,1.3850,1.3340,70.0000
1789467422.2947,-0.0720,-0.0210,-16.0000,1.2940,1.2510,65.0000,0.0190,0.0030,9.0000,1.3850,1.3460,70.0000
1789467422.3444,-0.0720,-0.0640,-14.0000,1.2940,1.3050,62.0000,0.0190,0.0030,9.0000,1.3850,1.3620,69.0000
1789467422.3947,-0.0720,-0.0490,-15.0000,1.2940,1.2900,63.0000,0.0190,0.0310,7.0000,1.3850,1.3680,69.0000
1789467422.4446,-0.0720,-0.0440,-16.0000,1.2940,1.2960,62.0000,0.0190,0.0760,5.0000,1.3850,1.4030,67.0000
1789467422.4946,-0.0720,-0.0370,-17.0000,1.2940,1.2940,62.0000,0.0190,0.0390,6.0000,1.3850,1.4250,66.0000
1789467422.5446,-0.0720,-0.0500,-16.0000,1.2940,1.3050,62.0000,0.0190,0.0420,6.0000,1.3850,1.3480,70.0000
1789467422.5947,-0.0720,-0.0290,-18.0000,1.2940,1.2730,64.0000,0.0190,0.0140,7.0000,1.3850,1.3430,71.0000
1789467422.6445,-0.0720,-0.0320,-18.0000,1.2940,1.2690,64.0000,0.0190,0.0010,8.0000,1.3850,1.3700,70.0000
1789467422.6946,-0.0720,-0.0700,-16.0000,1.2940,1.2790,64.0000,0.0190,0.0190,7.0000,1.3850,1.4180,67.0000
1789467422.7446,-0.0720,-0.0740,-16.0000,1.2940,1.2770,64.0000,0.0190,0.0080,8.0000,1.3850,1.4200,67.0000
1789467422.7947,-0.0720,-0.0840,-16.0000,1.2940,1.2770,64.0000,0.0190,0.0090,8.0000,1.3850,1.4550,64.0000
1789467422.8446,-0.0720,-0.0810,-16.0000,1.2940,1.3260,61.0000,0.0190,0.0420,6.0000,1.3850,1.3610,69.0000
1789467422.8953,-0.0720,-0.0400,-18.0000,1.2940,1.3070,62.0000,0.0190,0.0550,5.0000,1.3850,1.3380,70.0000
1789467422.9446,-0.0720,-0.0220,-20.0000,1.2940,1.3040,62.0000,0.0190,0.0150,7.0000,1.3850,1.4000,67.0000
1789467422.9946,-0.0720,-0.0780,-17.0000,1.2940,1.2840,63.0000,0.0190,0.0070,7.0000,1.3850,1.3940,68.0000
1789467423.0446,-0.0720,-0.0630,-18.0000,1.2940,1.2610,65.0000,0.0190,0.0180,7.0000,1.3850,1.3870,68.0000
1789467423.0946,-0.0720,-0.0720,-17.0000,1.2940,1.2620,65.0000,0.0190,0.0130,7.0000,1.3850,1.4590,64.0000
1789467423.1445,-0.0720,-0.1000,-16.0000,1.2940,1.3190,62.0000,0.0190,0.0460,5.0000,1.3850,1.3860,67.0000
1789467423.1958,-0.0720,-0.1120,-15.0000,1.2940,1.3190,62.0000,0.0190,0.0380,5.0000,1.3850,1.3440,70.0000
1789467423.2446,-0.0720,-0.0810,-16.0000,1.2940,1.3140,62.0000,0.0190,0.0840,3.0000,1.3850,1.3660,68.0000
1789467423.2959,-0.0720,-0.0480,-18.0000,1.2940,1.2720,64.0000,0.0190,0.0180,6.0000,1.3850,1.4490,64.0000
1789467423.3445,-0.0720,-0.0790,-16.0000,1.2940,1.2710,64.0000,0.0190,0.0280,5.0000,1.3850,1.3820,67.0000
1789467423.3946,-0.0720,-0.1070,-15.0000,1.2940,1.2720,64.0000,0.0190,0.0320,5.0000,1.3850,1.3980,66.0000
1789467423.4446,-0.0720,-0.0500,-18.0000,1.2940,1.2890,64.0000,0.0190,0.0110,6.0000,1.3850,1.3980,66.0000
1789467423.4947,-0.0720,-0.1060,-15.0000,1.2940,1.3370,61.0000,0.0190,0.0180,5.0000,1.3850,1.3720,68.0000
1789467423.5446,-0.0720,-0.1010,-15.0000,1.2940,1.3610,59.0000,0.0190,0.0210,5.0000,1.3850,1.4000,66.0000
1789467423.5947,-0.0720,-0.0490,-17.0000,1.2940,1.2990,62.0000,0.0190,0.0570,3.0000,1.3850,1.4410,63.0000
1789467423.6444,-0.0720,-0.0230,-19.0000,1.2940,1.2460,65.0000,0.0190,0.0120,5.0000,1.3850,1.4390,63.0000
1789467423.6945,-0.0720,-0.0600,-17.0000,1.2940,1.2600,65.0000,0.0190,0.0420,4.0000,1.3850,1.4120,64.0000
1789467423.7445,-0.0720,-0.0880,-16.0000,1.2940,1.2870,63.0000,0.0190,0.0260,4.0000,1.3850,1.3530,67.0000
1789467423.7945,-0.0720,-0.1040,-15.0000,1.2940,1.2930,63.0000,0.0190,0.0350,4.0000,1.3850,1.3230,69.0000
1789467423.8446,-0.0720,-0.1070,-15.0000,1.2940,1.3220,62.0000,0.0190,0.0250,4.0000,1.3850,1.3840,66.0000
1789467423.8944,-0.0720,-0.0300,-19.0000,1.2940,1.2830,64.0000,0.0190,0.0090,5.0000,1.3850,1.4230,64.0000
1789467423.9445,-0.0720,-0.0990,-15.0000,1.2940,1.2590,65.0000,0.0190,0.0140,5.0000,1.3850,1.4300,63.0000
1789467423.9979,-0.0720,-0.1040,-15.0000,1.2940,1.2660,65.0000,0.0190,0.0040,5.0000,1.3850,1.3850,65.0000
1789467424.0446,-0.0720,-0.1130,-14.0000,1.2940,1.2670,65.0000,0.0190,0.0070,5.0000,1.3850,1.4080,64.0000
1789467424.0967,-0.0720,-0.1380,-12.0000,1.2940,1.3150,63.0000,0.0190,0.0410,4.0000,1.3850,1.3940,64.0000
1789467424.1445,-0.0720,-0.1180,-12.0000,1.2940,1.3530,61.0000,0.0190,0.0930,0.0000,1.3850,1.3860,65.0000
1789467424.1946,-0.0720,-0.1030,-13.0000,1.2940,1.3330,61.0000,0.0190,0.0590,2.0000,1.3850,1.4070,63.0000
1789467424.2446,-0.0720,-0.0140,-17.0000,1.2940,1.2510,66.0000,0.0190,0.0050,4.0000,1.3850,1.4200,62.0000
1789467424.2947,-0.0720,-0.0440,-16.0000,1.2940,1.2510,66.0000,0.0190,0.0030,4.0000,1.3850,1.3830,64.0000
1789467424.3445,-0.0720,-0.1000,-13.0000,1.2940,1.2530,66.0000,0.0190,0.0010,5.0000,1.3850,1.4050,63.0000
1789467424.3944,-0.0720,-0.0700,-15.0000,1.2940,1.2470,67.0000,0.0190,0.0030,5.0000,1.3850,1.3860,64.0000
1789467424.4445,-0.0720,-0.1060,-12.0000,1.2940,1.2980,64.0000,0.0190,0.0160,4.0000,1.3850,1.3980,63.0000
1789467424.4948,-0.0720,-0.1280,-11.0000,1.2940,1.3820,59.0000,0.0190,0.0330,3.0000,1.3850,1.3820,64.0000
1789467424.5450,-0.0720,-0.0760,-13.0000,1.2940,1.2840,65.0000,0.0190,0.1290,-3.0000,1.3850,1.4160,62.0000
1789467424.5947,-0.0720,-0.0280,-16.0000,1.2940,1.2490,66.0000,0.0190,0.0340,2.0000,1.3850,1.3750,64.0000
1789467424.6447,-0.0720,-0.0740,-14.0000,1.2940,1.2300,68.0000,0.0190,0.0050,3.0000,1.3850,1.3880,63.0000
1789467424.6947,-0.0720,-0.0810,-13.0000,1.2940,1.2450,67.0000,0.0190,0.0000,4.0000,1.3850,1.3570,65.0000
1789467424.7444,-0.0720,-0.0810,-13.0000,1.2940,1.3070,64.0000,0.0190,0.0000,4.0000,1.3850,1.3960,63.0000
1789467424.7947,-0.0720,-0.1150,-11.0000,1.2940,1.3420,63.0000,0.0190,0.0030,4.0000,1.3850,1.4030,63.0000
1789467424.8447,-0.0720,-0.1140,-11.0000,1.2940,1.3870,60.0000,0.0190,0.0020,4.0000,1.3850,1.4140,62.0000
1789467424.8944,-0.0720,-0.0530,-14.0000,1.2940,1.3380,62.0000,0.0190,0.0000,4.0000,1.3850,1.3950,63.0000
1789467424.9450,-0.0720,-0.0070,-16.0000,1.2940,1.2680,65.0000,0.0190,0.0020,5.0000,1.3850,1.4110,62.0000
1789467424.9948,-0.0720,-0.0960,-12.0000,1.2940,1.2600,66.0000,0.0190,0.0190,4.0000,1.3850,1.3840,63.0000
1789467425.0445,-0.0720,-0.1000,-12.0000,1.2940,1.2990,64.0000,0.0190,0.0060,5.0000,1.3850,1.3360,66.0000
1789467425.0946,-0.0720,-0.0920,-12.0000,1.2940,1.3390,61.0000,0.0190,0.0430,3.0000,1.3850,1.3560,65.0000
1789467425.1445,-0.0720,-0.0870,-12.0000,1.2940,1.2800,65.0000,0.0190,0.0890,0.0000,1.3850,1.3900,63.0000
1789467425.1949,-0.0720,-0.0260,-15.0000,1.2940,1.2660,65.0000,0.0190,0.0660,0.0000,1.3850,1.4130,62.0000
1789467425.2459,-0.0720,-0.0430,-14.0000,1.2940,1.2770,65.0000,0.0190,0.0050,3.0000,1.3850,1.3820,64.0000
1789467425.2957,-0.0720,-0.0700,-13.0000,1.2940,1.2370,68.0000,0.0190,0.0000,3.0000,1.3850,1.3420,66.0000
1789467425.3455,-0.0720,-0.0750,-13.0000,1.2940,1.2750,66.0000,0.0190,0.0000,4.0000,1.3850,1.3730,64.0000
1789467425.3956,-0.0720,-0.1160,-10.0000,1.2940,1.3190,64.0000,0.0190,0.0230,2.0000,1.3850,1.4250,62.0000
1789467425.4455,-0.0720,-0.0990,-11.0000,1.2940,1.3550,61.0000,0.0190,0.0810,-1.0000,1.3850,1.4060,63.0000
1789467425.4966,-0.0720,-0.0900,-11.0000,1.2940,1.3350,62.0000,0.0190,0.0680,-1.0000,1.3850,1.4140,62.0000
1789467425.5455,-0.0720,-0.0120,-16.0000,1.2940,1.2930,64.0000,0.0190,0.0130,2.0000,1.3850,1.3900,63.0000
1789467425.5957,-0.0720,-0.0490,-14.0000,1.2940,1.2790,65.0000,0.0190,0.0040,2.0000,1.3850,1.4130,61.0000
1789467425.6455,-0.0720,-0.0670,-13.0000,1.2940,1.2300,68.0000,0.0190,0.0020,3.0000,1.3850,1.3600,64.0000
1789467425.6957,-0.0720,-0.0740,-13.0000,1.2940,1.3020,64.0000,0.0190,0.0000,3.0000,1.3850,1.3950,62.0000
1789467425.7474,-0.0720,-0.0750,-13.0000,1.2940,1.3410,62.0000,0.0190,0.0000,3.0000,1.3850,1.4080,61.0000
1789467425.7957,-0.0720,-0.1000,-11.0000,1.2940,1.3170,63.0000,0.0190,0.0060,3.0000,1.3850,1.4230,60.0000
1789467425.8455,-0.0720,-0.0980,-11.0000,1.2940,1.3160,62.0000,0.0190,0.0050,3.0000,1.3850,1.3960,61.0000
1789467425.8957,-0.0720,-0.0620,-13.0000,1.2940,1.2600,66.0000,0.0190,0.0000,4.0000,1.3850,1.3530,64.0000
1789467425.9495,-0.0720,-0.0800,-12.0000,1.2940,1.3010,63.0000,0.0190,0.0000,4.0000,1.3850,1.3560,63.0000
1789467425.9977,-0.0720,-0.1150,-10.0000,1.2940,1.3260,62.0000,0.0190,0.0000,4.0000,1.3850,1.3580,64.0000
1789467426.0481,-0.0720,-0.0930,-11.0000,1.2940,1.2900,64.0000,0.0190,0.0000,4.0000,1.3850,1.3910,62.0000
1789467426.0978,-0.0720,-0.0610,-13.0000,1.2940,1.3010,63.0000,0.0190,0.0000,5.0000,1.3850,1.4210,60.0000
1789467426.1475,-0.0720,-0.0620,-13.0000,1.2940,1.3110,62.0000,0.0190,0.0100,4.0000,1.3850,1.3910,62.0000
1789467426.1977,-0.0720,-0.0470,-13.0000,1.2940,1.2690,65.0000,0.0190,0.0020,5.0000,1.3850,1.3730,63.0000
1789467426.2476,-0.0720,-0.0850,-11.0000,1.2940,1.3120,62.0000,0.0190,0.0040,5.0000,1.3850,1.3400,65.0000
1789467426.2990,-0.0720,-0.1000,-10.0000,1.2940,1.2980,63.0000,0.0190,0.0050,5.0000,1.3850,1.3730,63.0000
1789467426.3475,-0.0720,-0.0690,-12.0000,1.2940,1.2790,64.0000,0.0190,0.0170,5.0000,1.3850,1.3870,63.0000
1789467426.3975,-0.0720,-0.0510,-13.0000,1.2940,1.3150,62.0000,0.0190,0.0050,5.0000,1.3850,1.3970,62.0000
1789467426.4480,-0.0720,-0.1100,-10.0000,1.2940,1.3160,62.0000,0.0190,0.0210,5.0000,1.3850,1.4040,62.0000
1789467426.4976,-0.0720,-0.0880,-11.0000,1.2940,1.3380,60.0000,0.0190,0.1000,0.0000,1.3850,1.3440,65.0000
1789467426.5477,-0.0720,-0.0720,-12.0000,1.2940,1.2970,62.0000,0.0190,0.1450,-3.0000,1.3850,1.3700,64.0000
1789467426.5978,-0.0720,-0.0870,-11.0000,1.2940,1.3050,62.0000,0.0190,0.1270,-3.0000,1.3850,1.3360,66.0000
1789467426.6476,-0.0720,-0.0420,-13.0000,1.2940,1.2520,65.0000,0.0190,0.0160,2.0000,1.3850,1.4100,62.0000
1789467426.6978,-0.0720,-0.0360,-14.0000,1.2940,1.2940,62.0000,0.0190,0.0070,2.0000,1.3850,1.4200,62.0000
1789467426.7477,-0.0720,-0.0910,-11.0000,1.2940,1.3210,61.0000,0.0190,0.0280,0.0000,1.3850,1.3850,63.0000
1789467426.7975,-0.0720,-0.0460,-14.0000,1.2940,1.2820,63.0000,0.0190,0.0080,2.0000,1.3850,1.4010,62.0000
1789467426.8477,-0.0720,-0.0040,-16.0000,1.2940,1.2710,63.0000,0.0190,-0.0220,3.0000,1.3850,1.4070,62.0000
1789467426.8981,-0.0720,-0.0000,-17.0000,1.2940,1.3080,61.0000,0.0190,-0.0220,4.0000,1.3850,1.4320,60.0000
1789467426.9476,-0.0720,-0.0170,-17.0000,1.2940,1.3200,61.0000,0.0190,-0.0020,3.0000,1.3850,1.4120,61.0000
1789467426.9979,-0.0720,-0.0760,-14.0000,1.2940,1.2680,64.0000,0.0190,-0.0000,3.0000,1.3850,1.2490,70.0000
1789467427.0477,-0.0720,-0.0530,-16.0000,1.2940,1.3150,61.0000,0.0190,-0.0000,3.0000,1.3850,1.3840,63.0000
1789467427.0975,-0.0720,-0.0370,-17.0000,1.2940,1.3320,60.0000,0.0190,0.0030,4.0000,1.3850,1.2570,71.0000
1789467427.1477,-0.0720,-0.0120,-18.0000,1.2940,1.3110,61.0000,0.0190,0.0010,4.0000,1.3850,1.3040,69.0000
1789467427.1976,-0.0720,-0.0250,-18.0000,1.2940,1.3180,60.0000,0.0190,0.0000,4.0000,1.3850,1.3870,65.0000
1789467427.2475,-0.0720,-0.0650,-17.0000,1.2940,1.3160,60.0000,0.0190,0.0030,4.0000,1.3850,1.3860,65.0000
1789467427.2977,-0.0720,-0.0960,-15.0000,1.2940,1.2840,61.0000,0.0190,0.0000,5.0000,1.3850,1.3430,68.0000
1789467427.3476,-0.0720,-0.0680,-17.0000,1.2940,1.2840,61.0000,0.0190,0.0000,5.0000,1.3850,1.3930,65.0000
1789467427.3977,-0.0720,-0.0600,-17.0000,1.2940,1.2700,62.0000,0.0190,0.0000,5.0000,1.3850,1.3190,70.0000
1789467427.4477,-0.0720,-0.0570,-17.0000,1.2940,1.2810,62.0000,0.0190,0.0020,5.0000,1.3850,1.3410,69.0000
1789467427.4976,-0.0720,-0.0560,-17.0000,1.2940,1.2990,61.0000,0.0190,0.0000,5.0000,1.3850,1.3870,67.0000
1789467427.5476,-0.0720,-0.0960,-15.0000,1.2940,1.2850,62.0000,0.0190,0.0010,6.0000,1.3850,1.3960,66.0000
1789467427.5977,-0.0720,-0.0570,-18.0000,1.2940,1.2720,63.0000,0.0190,0.0000,6.0000,1.3850,1.4230,65.0000
1789467427.6477,-0.0720,-0.1020,-15.0000,1.2940,1.2670,63.0000,0.0190,0.0000,6.0000,1.3850,1.4390,63.0000
1789467427.6976,-0.0720,-0.1030,-15.0000,1.2940,1.2990,62.0000,0.0190,0.0080,6.0000,1.3850,1.3340,69.0000
1789467427.7476,-0.0720,-0.1130,-14.0000,1.2940,1.3230,60.0000,0.0190,0.0020,6.0000,1.3850,1.3500,68.0000
1789467427.7976,-0.0720,-0.0480,-18.0000,1.2940,1.2890,62.0000,0.0190,0.0000,7.0000,1.3850,1.3870,66.0000
1789467427.8477,-0.0720,-0.0790,-16.0000,1.2940,1.2880,62.0000,0.0190,0.0000,7.0000,1.3850,1.4450,63.0000
1789467427.8982,-0.0720,-0.1120,-14.0000,1.2940,1.2590,64.0000,0.0190,0.0000,7.0000,1.3850,1.3830,66.0000
1789467427.9477,-0.0720,-0.1050,-14.0000,1.2940,1.2670,64.0000,0.0190,0.0000,7.0000,1.3850,1.4240,64.0000
1789467427.9978,-0.0720,-0.0720,-15.0000,1.2940,1.3000,62.0000,0.0190,0.0080,7.0000,1.3850,1.3580,67.0000
1789467428.0477,-0.0720,-0.0990,-14.0000,1.2940,1.3170,61.0000,0.0190,0.0040,8.0000,1.3850,1.3780,66.0000
1789467428.0978,-0.0720,-0.0750,-15.0000,1.2940,1.3250,61.0000,0.0190,0.0030,8.0000,1.3850,1.3950,65.0000
1789467428.1477,-0.0720,-0.0540,-16.0000,1.2940,1.2820,63.0000,0.0190,0.0010,8.0000,1.3850,1.4450,62.0000
1789467428.1977,-0.0720,-0.0660,-15.0000,1.2940,1.2730,63.0000,0.0190,0.0000,9.0000,1.3850,1.4160,63.0000
1789467428.2477,-0.0720,-0.0790,-14.0000,1.2940,1.2650,64.0000,0.0190,0.0000,9.0000,1.3850,1.3930,64.0000
1789467428.2978,-0.0720,-0.0870,-14.0000,1.2940,1.2600,65.0000,0.0190,0.0050,9.0000,1.3850,1.3470,67.0000
1789467428.3477,-0.0720,-0.0970,-13.0000,1.2940,1.3080,62.0000,0.0190,0.0230,8.0000,1.3850,1.3500,67.0000
1789467428.3975,-0.0720,-0.0890,-13.0000,1.2940,1.3520,59.0000,0.0190,0.0800,5.0000,1.3850,1.3790,65.0000
1789467428.4478,-0.0720,-0.0520,-15.0000,1.2940,1.3170,61.0000,0.0190,0.0380,7.0000,1.3850,1.4160,63.0000
1789467428.4992,-0.0720,-0.0060,-18.0000,1.2940,1.2580,64.0000,0.0190,0.0050,8.0000,1.3850,1.4070,64.0000
1789467428.5485,-0.0720,-0.0620,-15.0000,1.2940,1.2550,64.0000,0.0190,0.0100,8.0000,1.3850,1.4070,64.0000
1789467428.6002,-0.0720,-0.1190,-12.0000,1.2940,1.2780,64.0000,0.0190,0.0050,8.0000,1.3850,1.2800,71.0000
1789467428.6510,-0.0720,-0.1010,-13.0000,1.2940,1.2660,64.0000,0.0190,0.0020,9.0000,1.3850,1.3470,68.0000
1789467428.6997,-0.0720,-0.1050,-12.0000,1.2940,1.3100,62.0000,0.0190,0.0040,9.0000,1.3850,1.3610,67.0000
1789467428.7506,-0.0720,-0.1060,-12.0000,1.2940,1.3040,63.0000,0.0190,0.0000,9.0000,1.3850,1.3880,66.0000
1789467428.8000,-0.0720,-0.0720,-13.0000,1.2940,1.2660,65.0000,0.0190,0.0000,9.0000,1.3850,1.4250,64.0000
1789467428.8498,-0.0720,-0.0800,-13.0000,1.2940,1.2890,64.0000,0.0190,0.0000,10.0000,1.3850,1.3980,66.0000
1789467428.8998,-0.0720,-0.0780,-13.0000,1.2940,1.2730,65.0000,0.0190,0.0130,10.0000,1.3850,1.3740,67.0000
1789467428.9506,-0.0720,-0.0770,-13.0000,1.2940,1.2650,65.0000,0.0190,0.0190,9.0000,1.3850,1.3420,69.0000
1789467428.9998,-0.0720,-0.0790,-12.0000,1.2940,1.3290,62.0000,0.0190,0.0240,9.0000,1.3850,1.3930,66.0000
1789467429.0505,-0.0720,-0.0940,-11.0000,1.2940,1.3190,62.0000,0.0190,0.0430,7.0000,1.3850,1.4020,65.0000
1789467429.0996,-0.0720,-0.0230,-16.0000,1.2940,1.2670,65.0000,0.0190,0.0510,6.0000,1.3850,1.4290,64.0000
1789467429.1496,-0.0720,-0.0620,-13.0000,1.2940,1.2750,65.0000,0.0190,0.0220,8.0000,1.3850,1.4140,64.0000
1789467429.1997,-0.0720,-0.0750,-13.0000,1.2940,1.2790,65.0000,0.0190,0.0440,7.0000,1.3850,1.3190,69.0000
1789467429.2496,-0.0720,-0.0760,-13.0000,1.2940,1.2750,65.0000,0.0190,0.0360,7.0000,1.3850,1.3420,68.0000
1789467429.2998,-0.0720,-0.0920,-12.0000,1.2940,1.3070,63.0000,0.0190,0.0220,7.0000,1.3850,1.3940,66.0000
1789467429.3505,-0.0720,-0.0690,-13.0000,1.2940,1.3600,60.0000,0.0190,0.0300,7.0000,1.3850,1.4060,65.0000
1789467429.3998,-0.0720,-0.0420,-15.0000,1.2940,1.2860,64.0000,0.0190,0.0620,5.0000,1.3850,1.4450,63.0000
1789467429.4505,-0.0720,-0.0120,-17.0000,1.2940,1.2920,63.0000,0.0190,0.0070,8.0000,1.3850,1.4220,64.0000
1789467429.4999,-0.0720,-0.0450,-15.0000,1.2940,1.2600,65.0000,0.0190,0.0390,6.0000,1.3850,1.3730,66.0000
1789467429.5497,-0.0720,-0.0960,-13.0000,1.2940,1.2550,66.0000,0.0190,0.0480,5.0000,1.3850,1.3330,68.0000
1789467429.5997,-0.0720,-0.0870,-13.0000,1.2940,1.2820,65.0000,0.0190,0.0470,5.0000,1.3850,1.4110,64.0000
1789467429.6497,-0.0720,-0.0970,-12.0000,1.2940,1.3390,62.0000,0.0190,0.0640,4.0000,1.3850,1.4020,65.0000
1789467429.6996,-0.0720,-0.0700,-14.0000,1.2940,1.3470,61.0000,0.0190,0.0580,3.0000,1.3850,1.4380,62.0000
1789467429.7506,-0.0720,-0.0240,-16.0000,1.2940,1.3230,62.0000,0.0190,0.0070,6.0000,1.3850,1.4110,64.0000
1789467429.7998,-0.0720,-0.0020,-18.0000,1.2940,1.2910,63.0000,0.0190,0.0090,6.0000,1.3850,1.4270,62.0000
1789467429.8506,-0.0720,-0.0620,-15.0000,1.2940,1.2770,64.0000,0.0190,0.0560,3.0000,1.3850,1.2580,72.0000
1789467429.8998,-0.0720,-0.0790,-14.0000,1.2940,1.2690,64.0000,0.0190,0.0140,5.0000,1.3850,1.3600,67.0000
1789467429.9519,-0.0720,-0.0860,-14.0000,1.2940,1.3010,63.0000,0.0190,0.0320,4.0000,1.3850,1.3900,65.0000
1789467429.9998,-0.0720,-0.0820,-14.0000,1.2940,1.3030,63.0000,0.0190,0.0680,2.0000,1.3850,1.4190,64.0000
1789467430.0505,-0.0720,-0.0180,-18.0000,1.2940,1.3030,63.0000,0.0190,0.0230,4.0000,1.3850,1.4120,64.0000
1789467430.0998,-0.0720,-0.0190,-18.0000,1.2940,1.2760,64.0000,0.0190,0.0050,5.0000,1.3850,1.3750,66.0000
1789467430.1501,-0.0720,-0.0570,-16.0000,1.2940,1.2590,65.0000,0.0190,0.0200,4.0000,1.3850,1.3240,69.0000
1789467430.1997,-0.0720,-0.0490,-17.0000,1.2940,1.2500,66.0000,0.0190,0.0170,4.0000,1.3850,1.4000,65.0000
1789467430.2512,-0.0720,-0.1130,-14.0000,1.2940,1.3070,63.0000,0.0190,0.0270,4.0000,1.3850,1.4170,64.0000
1789467430.3001,-0.0720,-0.1280,-13.0000,1.2940,1.3620,60.0000,0.0190,0.0080,5.0000,1.3850,1.4190,64.0000
1789467430.3505,-0.0720,-0.1210,-12.0000,1.2940,1.3440,61.0000,0.0190,0.0090,5.0000,1.3850,1.3660,67.0000
1789467430.3998,-0.0720,-0.0110,-18.0000,1.2940,1.2450,66.0000,0.0190,-0.0070,6.0000,1.3850,1.4240,63.0000
1789467430.4502,-0.0720,-0.0480,-16.0000,1.2940,1.2790,64.0000,0.0190,0.0260,4.0000,1.3850,1.2800,71.0000
1789467430.4998,-0.0720,-0.0470,-17.0000,1.2940,1.2980,63.0000,0.0190,0.0080,5.0000,1.3850,1.3860,66.0000
1789467430.5509,-0.0720,-0.1390,-12.0000,1.2940,1.3640,59.0000,0.0190,0.0380,3.0000,1.3850,1.3630,67.0000
1789467430.5998,-0.0720,-0.1230,-12.0000,1.2940,1.3480,60.0000,0.0190,0.0480,3.0000,1.3850,1.3540,68.0000
1789467430.6518,-0.0720,-0.0110,-18.0000,1.2940,1.2650,64.0000,0.0190,0.0180,4.0000,1.3850,1.4380,63.0000
1789467430.6998,-0.0720,-0.0350,-17.0000,1.2940,1.3100,61.0000,0.0190,0.0010,5.0000,1.3850,1.3700,67.0000
1789467430.7520,-0.0720,-0.0860,-14.0000,1.2940,1.3010,61.0000,0.0190,0.0120,4.0000,1.3850,1.2840,72.0000
1789467430.7998,-0.0720,-0.0650,-15.0000,1.2940,1.3310,60.0000,0.0190,0.0100,5.0000,1.3850,1.3420,70.0000
1789467430.8507,-0.0720,-0.0840,-14.0000,1.2940,1.3320,59.0000,0.0190,0.0120,4.0000,1.3850,1.3360,71.0000
1789467430.8997,-0.0720,-0.0210,-18.0000,1.2940,1.2920,61.0000,0.0190,0.0010,5.0000,1.3850,1.4200,66.0000
1789467430.9507,-0.0720,-0.0020,-19.0000,1.2940,1.2770,62.0000,0.0190,-0.0000,6.0000,1.3850,1.4420,65.0000
1789467431.0004,-0.0720,-0.0400,-18.0000,1.2940,1.2960,61.0000,0.0190,0.0030,6.0000,1.3850,1.3450,70.0000
1789467431.0507,-0.0720,-0.0860,-16.0000,1.2940,1.2970,61.0000,0.0190,0.0090,6.0000,1.3850,1.2940,73.0000
1789467431.0998,-0.0720,-0.0530,-18.0000,1.2940,1.3400,58.0000,0.0190,0.0020,6.0000,1.3850,1.3340,72.0000
1789467431.1504,-0.0720,-0.0060,-21.0000,1.2940,1.3130,60.0000,0.0190,0.0000,6.0000,1.3850,1.3600,71.0000
1789467431.1996,-0.0720,-0.0010,-22.0000,1.2940,1.3020,60.0000,0.0190,0.0000,7.0000,1.3850,1.4270,68.0000
1789467431.2504,-0.0720,-0.0010,-22.0000,1.2940,1.2550,63.0000,0.0190,0.0000,7.0000,1.3850,1.4480,66.0000
1789467431.2997,-0.0720,-0.0890,-18.0000,1.2940,1.3100,59.0000,0.0190,0.0150,6.0000,1.3850,1.3300,73.0000
1789467431.3505,-0.0720,-0.1690,-14.0000,1.2940,1.3180,59.0000,0.0190,0.0130,6.0000,1.3850,1.2860,75.0000
1789467431.3998,-0.0720,-0.0670,-19.0000,1.2940,1.3270,58.0000,0.0190,-0.0090,8.0000,1.3850,1.2960,76.0000
1789467431.4517,-0.0720,-0.0060,-22.0000,1.2940,1.2690,61.0000,0.0190,-0.0020,8.0000,1.3850,1.4490,68.0000
1789467431.5032,-0.0720,-0.0200,-22.0000,1.2940,1.2930,60.0000,0.0190,-0.0000,8.0000,1.3850,1.4350,68.0000
1789467431.5527,-0.0720,-0.0870,-19.0000,1.2940,1.2940,60.0000,0.0190,-0.0000,8.0000,1.3850,1.3280,74.0000
1789467431.6028,-0.0720,-0.1250,-17.0000,1.2940,1.3300,58.0000,0.0190,-0.0000,8.0000,1.3850,1.2950,76.0000
1789467431.6529,-0.0720,-0.1280,-16.0000,1.2940,1.3040,59.0000,0.0190,-0.0000,9.0000,1.3850,1.2750,78.0000
1789467431.7029,-0.0720,-0.1010,-17.0000,1.2940,1.3200,58.0000,0.0190,-0.0000,9.0000,1.3850,1.3250,77.0000
1789467431.7528,-0.0720,-0.0690,-19.0000,1.2940,1.2590,62.0000,0.0190,-0.0000,9.0000,1.3850,1.4460,70.0000
1789467431.8028,-0.0720,-0.0510,-20.0000,1.2940,1.2880,60.0000,0.0190,-0.0000,9.0000,1.3850,1.5140,66.0000
1789467431.8528,-0.0720,-0.0680,-19.0000,1.2940,1.2960,60.0000,0.0190,0.0030,9.0000,1.3850,1.4280,70.0000
1789467431.9029,-0.0720,-0.1090,-16.0000,1.2940,1.3200,58.0000,0.0190,0.0070,9.0000,1.3850,1.3640,73.0000
1789467431.9527,-0.0720,-0.1110,-16.0000,1.2940,1.3010,59.0000,0.0190,0.0020,10.0000,1.3850,1.3270,75.0000
1789467432.0029,-0.0720,-0.0730,-18.0000,1.2940,1.3130,58.0000,0.0190,0.0000,10.0000,1.3850,1.3230,76.0000
1789467432.0527,-0.0720,-0.0820,-17.0000,1.2940,1.2960,59.0000,0.0190,0.0000,10.0000,1.3850,1.4430,69.0000
1789467432.1029,-0.0720,-0.0110,-21.0000,1.2940,1.2910,59.0000,0.0190,0.0000,11.0000,1.3850,1.4740,68.0000
1789467432.1529,-0.0720,-0.0050,-22.0000,1.2940,1.2800,60.0000,0.0190,0.0000,11.0000,1.3850,1.5360,63.0000
1789467432.2028,-0.0720,-0.0310,-21.0000,1.2940,1.3110,58.0000,0.0190,0.0000,11.0000,1.3850,1.4860,65.0000
1789467432.2527,-0.0720,-0.0970,-18.0000,1.2940,1.2990,59.0000,0.0190,0.0000,11.0000,1.3850,1.3030,74.0000
1789467432.3035,-0.0720,-0.0800,-19.0000,1.2940,1.3080,58.0000,0.0190,0.0000,12.0000,1.3850,1.3070,74.0000
1789467432.3529,-0.0720,-0.0530,-20.0000,1.2940,1.2990,59.0000,0.0190,0.0010,12.0000,1.3850,1.3640,71.0000
1789467432.4037,-0.0720,-0.0470,-21.0000,1.2940,1.2350,62.0000,0.0190,0.0000,12.0000,1.3850,1.4600,66.0000
1789467432.4527,-0.0720,-0.0590,-20.0000,1.2940,1.2610,61.0000,0.0190,0.0090,12.0000,1.3850,1.4930,64.0000
1789467432.5027,-0.0720,-0.0650,-20.0000,1.2940,1.3020,59.0000,0.0190,0.0140,12.0000,1.3850,1.4580,65.0000
1789467432.5529,-0.0720,-0.0850,-19.0000,1.2940,1.2890,60.0000,0.0190,0.0270,11.0000,1.3850,1.1990,79.0000
1789467432.6026,-0.0720,-0.1220,-17.0000,1.2940,1.3030,59.0000,0.0190,0.0660,9.0000,1.3850,1.2870,74.0000
1789467432.6528,-0.0720,-0.0530,-20.0000,1.2940,1.2820,61.0000,0.0190,0.0290,10.0000,1.3850,1.3890,70.0000
1789467432.7043,-0.0720,-0.0340,-22.0000,1.2940,1.2910,60.0000,0.0190,0.0190,11.0000,1.3850,1.4710,65.0000
1789467432.7527,-0.0720,-0.0770,-19.0000,1.2940,1.2890,60.0000,0.0190,0.0020,12.0000,1.3850,1.4760,64.0000
1789467432.8030,-0.0720,-0.1260,-17.0000,1.2940,1.2880,60.0000,0.0190,0.0000,12.0000,1.3850,1.4270,66.0000
1789467432.8528,-0.0720,-0.1510,-15.0000,1.2940,1.3150,59.0000,0.0190,0.0000,12.0000,1.3850,1.2850,74.0000
1789467432.9028,-0.0720,-0.0710,-19.0000,1.2940,1.3030,59.0000,0.0190,0.0040,12.0000,1.3850,1.2770,75.0000
1789467432.9527,-0.0720,-0.0730,-18.0000,1.2940,1.3230,58.0000,0.0190,0.0230,11.0000,1.3850,1.3710,71.0000
1789467433.0033,-0.0720,-0.0350,-20.0000,1.2940,1.3050,59.0000,0.0190,0.0320,11.0000,1.3850,1.4320,68.0000
1789467433.0529,-0.0720,-0.0520,-20.0000,1.2940,1.3160,58.0000,0.0190,0.0260,11.0000,1.3850,1.4750,65.0000
1789467433.1032,-0.0720,-0.0950,-17.0000,1.2940,1.3010,59.0000,0.0190,0.0810,8.0000,1.3850,1.3930,69.0000
1789467433.1529,-0.0720,-0.0820,-18.0000,1.2940,1.3080,58.0000,0.0190,0.0310,10.0000,1.3850,1.3000,74.0000
1789467433.2030,-0.0720,-0.0540,-20.0000,1.2940,1.2930,59.0000,0.0190,0.0260,10.0000,1.3850,1.3300,73.0000
1789467433.2529,-0.0720,-0.0640,-19.0000,1.2940,1.3020,58.0000,0.0190,0.0410,9.0000,1.3850,1.3450,73.0000
1789467433.3029,-0.0720,-0.0760,-18.0000,1.2940,1.3000,58.0000,0.0190,0.0200,10.0000,1.3850,1.3860,71.0000
1789467433.3532,-0.0720,-0.0380,-21.0000,1.2940,1.2980,58.0000,0.0190,0.0070,11.0000,1.3850,1.4320,68.0000
1789467433.4029,-0.0720,-0.0560,-20.0000,1.2940,1.2930,59.0000,0.0190,0.0050,11.0000,1.3850,1.4870,65.0000
1789467433.4527,-0.0720,-0.0890,-18.0000,1.2940,1.2670,60.0000,0.0190,0.0000,11.0000,1.3850,1.3250,74.0000
1789467433.5029,-0.0720,-0.1410,-15.0000,1.2940,1.2520,61.0000,0.0190,0.0000,11.0000,1.3850,1.2750,77.0000
1789467433.5529,-0.0720,-0.0510,-20.0000,1.2940,1.3010,59.0000,0.0190,0.0040,11.0000,1.3850,1.3870,71.0000
1789467433.6029,-0.0720,-0.0510,-20.0000,1.2940,1.3050,59.0000,0.0190,0.0210,11.0000,1.3850,1.4450,68.0000
1789467433.6528,-0.0720,-0.0300,-21.0000,1.2940,1.2780,60.0000,0.0190,0.0660,8.0000,1.3850,1.4680,66.0000
1789467433.7030,-0.0720,-0.1050,-17.0000,1.2940,1.2730,60.0000,0.0190,0.0270,10.0000,1.3850,1.4490,66.0000
1789467433.7528,-0.0720,-0.0730,-19.0000,1.2940,1.2400,63.0000,0.0190,0.0140,11.0000,1.3850,1.2900,75.0000
1789467433.8029,-0.0720,-0.0630,-20.0000,1.2940,1.2750,61.0000,0.0190,0.0080,11.0000,1.3850,1.3470,72.0000
1789467433.8529,-0.0720,-0.0930,-18.0000,1.2940,1.3110,59.0000,0.0190,0.0370,9.0000,1.3850,1.3320,73.0000
1789467433.9029,-0.0720,-0.1010,-17.0000,1.2940,1.3240,58.0000,0.0190,0.0270,10.0000,1.3850,1.4050,70.0000
1789467433.9535,-0.0720,-0.0260,-21.0000,1.2940,1.3040,59.0000,0.0190,0.0090,11.0000,1.3850,1.4460,67.0000
1789467434.0028,-0.0720,-0.0670,-19.0000,1.2940,1.2590,62.0000,0.0190,0.0010,11.0000,1.3850,1.5020,63.0000
1789467434.0527,-0.0720,-0.0960,-18.0000,1.2940,1.2260,64.0000,0.0190,0.0020,11.0000,1.3850,1.3370,72.0000
1789467434.1028,-0.0720,-0.0690,-19.0000,1.2940,1.2660,62.0000,0.0190,0.0000,12.0000,1.3850,1.3160,73.0000
1789467434.1528,-0.0720,-0.0770,-18.0000,1.2940,1.3050,60.0000,0.0190,0.0200,11.0000,1.3850,1.3700,71.0000
1789467434.2029,-0.0720,-0.1170,-16.0000,1.2940,1.3280,59.0000,0.0190,0.1050,6.0000,1.3850,1.3800,70.0000
1789467434.2526,-0.0720,-0.0940,-17.0000,1.2940,1.3120,60.0000,0.0190,0.0410,9.0000,1.3850,1.4230,68.0000
1789467434.3028,-0.0720,-0.0300,-21.0000,1.2940,1.2580,63.0000,0.0190,0.0040,11.0000,1.3850,1.4850,64.0000
1789467434.3538,-0.0720,-0.0710,-18.0000,1.2940,1.2420,64.0000,0.0190,0.0030,11.0000,1.3850,1.3710,70.0000
1789467434.4028,-0.0720,-0.1160,-16.0000,1.2940,1.2500,64.0000,0.0190,0.0060,11.0000,1.3850,1.2760,75.0000
1789467434.4528,-0.0720,-0.0780,-18.0000,1.2940,1.3100,61.0000,0.0190,0.0250,10.0000,1.3850,1.3530,71.0000
1789467434.5029,-0.0720,-0.1080,-16.0000,1.2940,1.3330,59.0000,0.0190,0.0410,9.0000,1.3850,1.4330,67.0000
1789467434.5527,-0.0720,-0.1340,-14.0000,1.2940,1.3290,59.0000,0.0190,0.0570,7.0000,1.3850,1.3950,70.0000
1789467434.6029,-0.0720,-0.0530,-18.0000,1.2940,1.3120,60.0000,0.0190,0.0390,8.0000,1.3850,1.4510,66.0000
1789467434.6549,-0.0720,-0.0580,-17.0000,1.2940,1.2790,62.0000,0.0190,0.0230,9.0000,1.3850,1.4150,68.0000
1789467434.7030,-0.0720,-0.0620,-17.0000,1.2940,1.2790,62.0000,0.0190,0.0060,10.0000,1.3850,1.3090,74.0000
1789467434.7527,-0.0720,-0.1060,-15.0000,1.2940,1.2570,63.0000,0.0190,0.0100,9.0000,1.3850,1.3230,73.0000
1789467434.8030,-0.0720,-0.0910,-16.0000,1.2940,1.3030,61.0000,0.0190,0.0130,9.0000,1.3850,1.4180,68.0000
1789467434.8528,-0.0720,-0.0740,-16.0000,1.2940,1.3290,59.0000,0.0190,0.0140,9.0000,1.3850,1.3830,70.0000
1789467434.9030,-0.0720,-0.0730,-16.0000,1.2940,1.2980,61.0000,0.0190,0.0160,9.0000,1.3850,1.4220,68.0000
1789467434.9547,-0.0720,-0.0890,-15.0000,1.2940,1.2980,61.0000,0.0190,0.0070,10.0000,1.3850,1.4080,69.0000
1789467435.0053,-0.0720,-0.1160,-13.0000,1.2940,1.2770,62.0000,0.0190,0.0010,10.0000,1.3850,1.2920,75.0000
1789467435.0571,-0.0720,-0.1230,-13.0000,1.2940,1.2770,62.0000,0.0190,0.0010,11.0000,1.3850,1.3350,73.0000
1789467435.1070,-0.0720,-0.0980,-14.0000,1.2940,1.2720,63.0000,0.0190,0.0030,11.0000,1.3850,1.3880,71.0000
1789467435.1591,-0.0720,-0.1440,-11.0000,1.2940,1.3250,60.0000,0.0190,0.0050,11.0000,1.3850,1.4120,70.0000
1789467435.2083,-0.0720,-0.1080,-12.0000,1.2940,1.3230,60.0000,0.0190,0.0120,10.0000,1.3850,1.4220,69.0000
1789467435.2580,-0.0720,-0.0680,-14.0000,1.2940,1.2920,61.0000,0.0190,0.0080,11.0000,1.3850,1.4000,70.0000
1789467435.3086,-0.0720,-0.0540,-15.0000,1.2940,1.2500,64.0000,0.0190,0.0190,10.0000,1.3850,1.3620,72.0000
1789467435.3578,-0.0720,-0.0900,-13.0000,1.2940,1.2650,63.0000,0.0190,0.0350,9.0000,1.3850,1.3420,73.0000
1789467435.4079,-0.0720,-0.1050,-12.0000,1.2940,1.2900,62.0000,0.0190,0.0370,9.0000,1.3850,1.3700,72.0000
1789467435.4579,-0.0720,-0.0830,-13.0000,1.2940,1.3120,61.0000,0.0190,0.0110,11.0000,1.3850,1.3770,71.0000
1789467435.5080,-0.0720,-0.0600,-14.0000,1.2940,1.3260,60.0000,0.0190,0.0110,11.0000,1.3850,1.3850,71.0000
1789467435.5579,-0.0720,-0.0860,-12.0000,1.2940,1.3250,60.0000,0.0190,0.0100,11.0000,1.3850,1.4020,70.0000
1789467435.6079,-0.0720,-0.0430,-15.0000,1.2940,1.2630,63.0000,0.0190,0.0110,11.0000,1.3850,1.3170,75.0000
1789467435.6580,-0.0720,-0.0580,-14.0000,1.2940,1.2530,64.0000,0.0190,0.0130,11.0000,1.3850,1.3610,73.0000
1789467435.7078,-0.0720,-0.0320,-16.0000,1.2940,1.2880,62.0000,0.0190,0.0040,11.0000,1.3850,1.3550,74.0000
1789467435.7580,-0.0720,-0.0450,-16.0000,1.2940,1.3260,60.0000,0.0190,0.0040,11.0000,1.3850,1.3760,73.0000
1789467435.8080,-0.0720,-0.0900,-13.0000,1.2940,1.3150,60.0000,0.0190,0.0070,11.0000,1.3850,1.3570,74.0000
1789467435.8580,-0.0720,-0.0710,-15.0000,1.2940,1.3320,59.0000,0.0190,0.0030,12.0000,1.3850,1.4000,72.0000
1789467435.9080,-0.0720,-0.0590,-15.0000,1.2940,1.3040,60.0000,0.0190,0.0040,12.0000,1.3850,1.3700,74.0000
1789467435.9578,-0.0720,-0.0840,-14.0000,1.2940,1.2590,63.0000,0.0190,0.0010,12.0000,1.3850,1.4030,72.0000
1789467436.0081,-0.0720,-0.0530,-16.0000,1.2940,1.2530,63.0000,0.0190,0.0040,12.0000,1.3850,1.4230,70.0000
1789467436.0578,-0.0720,-0.0680,-15.0000,1.2940,1.3070,61.0000,0.0190,0.0200,12.0000,1.3850,1.3910,72.0000
1789467436.1079,-0.0720,-0.0730,-15.0000,1.2940,1.3260,60.0000,0.0190,0.0200,12.0000,1.3850,1.3650,73.0000
1789467436.1580,-0.0720,-0.0840,-14.0000,1.2940,1.3290,59.0000,0.0190,0.0050,13.0000,1.3850,1.3950,72.0000
1789467436.2080,-0.0720,-0.0720,-15.0000,1.2940,1.3250,59.0000,0.0190,0.0090,12.0000,1.3850,1.3140,76.0000
1789467436.2579,-0.0720,-0.0670,-15.0000,1.2940,1.2710,62.0000,0.0190,0.0070,13.0000,1.3850,1.3590,74.0000
1789467436.3079,-0.0720,-0.0680,-15.0000,1.2940,1.2800,61.0000,0.0190,0.0160,12.0000,1.3850,1.4150,71.0000
1789467436.3580,-0.0720,-0.0490,-16.0000,1.2940,1.2870,61.0000,0.0190,0.0380,11.0000,1.3850,1.4550,69.0000
1789467436.4080,-0.0720,-0.0570,-16.0000,1.2940,1.3190,59.0000,0.0190,0.0380,11.0000,1.3850,1.3720,73.0000
1789467436.4580,-0.0720,-0.0830,-15.0000,1.2940,1.3150,59.0000,0.0190,0.0100,12.0000,1.3850,1.4170,70.0000
1789467436.5081,-0.0720,-0.0580,-16.0000,1.2940,1.3250,59.0000,0.0190,0.0260,11.0000,1.3850,1.2970,77.0000
1789467436.5580,-0.0720,-0.0510,-17.0000,1.2940,1.3120,59.0000,0.0190,0.0150,12.0000,1.3850,1.3010,78.0000
1789467436.6078,-0.0720,-0.0340,-18.0000,1.2940,1.3020,59.0000,0.0190,0.0060,13.0000,1.3850,1.3720,74.0000
1789467436.6579,-0.0720,-0.0300,-18.0000,1.2940,1.2640,61.0000,0.0190,0.0020,13.0000,1.3850,1.4850,68.0000
1789467436.7078,-0.0720,-0.0490,-18.0000,1.2940,1.2910,60.0000,0.0190,0.0010,13.0000,1.3850,1.4920,67.0000
1789467436.7589,-0.0720,-0.0480,-18.0000,1.2940,1.3080,59.0000,0.0190,0.0020,13.0000,1.3850,1.4240,70.0000
1789467436.8081,-0.0720,-0.0770,-17.0000,1.2940,1.3220,58.0000,0.0190,0.0000,14.0000,1.3850,1.2940,77.0000
1789467436.8579,-0.0720,-0.0820,-17.0000,1.2940,1.3030,59.0000,0.0190,0.0060,14.0000,1.3850,1.2690,79.0000
1789467436.9078,-0.0720,-0.0850,-16.0000,1.2940,1.3160,58.0000,0.0190,0.0250,13.0000,1.3850,1.3530,75.0000
1789467436.9581,-0.0720,-0.0730,-17.0000,1.2940,1.2810,60.0000,0.0190,0.0120,13.0000,1.3850,1.4710,69.0000
1789467437.0080,-0.0720,-0.0830,-16.0000,1.2940,1.2490,62.0000,0.0190,0.0110,14.0000,1.3850,1.5140,66.0000
1789467437.0580,-0.0720,-0.0680,-17.0000,1.2940,1.2950,59.0000,0.0190,0.0150,13.0000,1.3850,1.4950,66.0000
1789467437.1080,-0.0720,-0.0690,-17.0000,1.2940,1.3100,59.0000,0.0190,0.0370,12.0000,1.3850,1.3360,74.0000
1789467437.1579,-0.0720,-0.1530,-12.0000,1.2940,1.2980,59.0000,0.0190,0.0770,10.0000,1.3850,1.2920,76.0000
1789467437.2093,-0.0720,-0.1050,-14.0000,1.2940,1.2680,61.0000,0.0190,0.0400,11.0000,1.3850,1.4170,70.0000
1789467437.2598,-0.0720,-0.0890,-15.0000,1.2940,1.2470,62.0000,0.0190,0.0150,12.0000,1.3850,1.4270,69.0000
1789467437.3090,-0.0720,-0.1110,-13.0000,1.2940,1.2710,61.0000,0.0190,0.0240,12.0000,1.3850,1.4320,69.0000
1789467437.3589,-0.0720,-0.1400,-11.0000,1.2940,1.2860,61.0000,0.0190,0.0030,13.0000,1.3850,1.3890,71.0000
1789467437.4091,-0.0720,-0.1220,-11.0000,1.2940,1.2900,61.0000,0.0190,0.0030,13.0000,1.3850,1.2780,77.0000
1789467437.4590,-0.0720,-0.1140,-11.0000,1.2940,1.3050,60.0000,0.0190,0.0130,13.0000,1.3850,1.2610,79.0000
1789467437.5089,-0.0720,-0.0610,-14.0000,1.2940,1.2970,61.0000,0.0190,0.0180,13.0000,1.3850,1.3760,73.0000
1789467437.5600,-0.0720,-0.0770,-13.0000,1.2940,1.2830,61.0000,0.0190,0.0500,11.0000,1.3850,1.4120,72.0000
1789467437.6107,-0.0720,-0.0730,-13.0000,1.2940,1.2640,63.0000,0.0190,0.0600,10.0000,1.3850,1.4280,71.0000
1789467437.6588,-0.0720,-0.0430,-14.0000,1.2940,1.2690,63.0000,0.0190,0.0200,12.0000,1.3850,1.4150,71.0000
1789467437.7110,-0.0720,-0.0920,-12.0000,1.2940,1.2590,64.0000,0.0190,0.0440,10.0000,1.3850,1.3440,75.0000
1789467437.7610,-0.0720,-0.0570,-14.0000,1.2940,1.3010,61.0000,0.0190,0.0230,11.0000,1.3850,1.3100,77.0000
1789467437.8134,-0.0720,-0.0820,-12.0000,1.2940,1.3290,60.0000,0.0190,0.0190,11.0000,1.3850,1.3540,75.0000
1789467437.8610,-0.0720,-0.0760,-13.0000,1.2940,1.3050,61.0000,0.0190,0.0340,10.0000,1.3850,1.4040,73.0000
1789467437.9111,-0.0720,-0.0570,-14.0000,1.2940,1.2510,64.0000,0.0190,0.0750,8.0000,1.3850,1.4960,68.0000
1789467437.9610,-0.0720,-0.0700,-13.0000,1.2940,1.2520,64.0000,0.0190,0.0210,11.0000,1.3850,1.4220,71.0000
1789467438.0124,-0.0720,-0.1210,-10.0000,1.2940,1.2390,66.0000,0.0190,0.0270,10.0000,1.3850,1.3480,75.0000
1789467438.0622,-0.0720,-0.0920,-11.0000,1.2940,1.3010,63.0000,0.0190,0.0190,10.0000,1.3850,1.3670,74.0000
1789467438.1119,-0.0720,-0.0570,-13.0000,1.2940,1.3520,60.0000,0.0190,0.0180,10.0000,1.3850,1.4230,71.0000
1789467438.1610,-0.0720,-0.0880,-11.0000,1.2940,1.3520,59.0000,0.0190,0.0160,10.0000,1.3850,1.4300,70.0000
1789467438.2111,-0.0720,-0.0740,-12.0000,1.2940,1.3000,62.0000,0.0190,0.0090,11.0000,1.3850,1.4370,69.0000
1789467438.2611,-0.0720,-0.0470,-14.0000,1.2940,1.2120,67.0000,0.0190,-0.0110,12.0000,1.3850,1.4600,67.0000
1789467438.3110,-0.0720,-0.0780,-12.0000,1.2940,1.2740,64.0000,0.0190,-0.0010,12.0000,1.3850,1.3080,76.0000
1789467438.3611,-0.0720,-0.0560,-13.0000,1.2940,1.2790,64.0000,0.0190,0.0010,12.0000,1.3850,1.3300,75.0000
1789467438.4111,-0.0720,-0.0540,-13.0000,1.2940,1.3270,61.0000,0.0190,0.0040,12.0000,1.3850,1.3680,73.0000
1789467438.4610,-0.0720,-0.0420,-14.0000,1.2940,1.2980,63.0000,0.0190,0.0000,12.0000,1.3850,1.3980,72.0000
1789467438.5113,-0.0720,-0.0710,-13.0000,1.2940,1.3030,62.0000,0.0190,0.0010,13.0000,1.3850,1.4880,66.0000
1789467438.5613,-0.0720,-0.0760,-13.0000,1.2940,1.2420,66.0000,0.0190,-0.0000,13.0000,1.3850,1.3610,73.0000
1789467438.6111,-0.0720,-0.0540,-14.0000,1.2940,1.2470,66.0000,0.0190,0.0300,11.0000,1.3850,1.3270,75.0000
1789467438.6609,-0.0720,-0.0540,-14.0000,1.2940,1.2600,66.0000,0.0190,0.1020,7.0000,1.3850,1.3550,74.0000
1789467438.7111,-0.0720,-0.0290,-16.0000,1.2940,1.3420,61.0000,0.0190,0.0400,10.0000,1.3850,1.4060,71.0000
1789467438.7610,-0.0720,-0.0650,-14.0000,1.2940,1.3290,62.0000,0.0190,0.0400,10.0000,1.3850,1.3550,74.0000
1789467438.8110,-0.0720,-0.0360,-16.0000,1.2940,1.2710,65.0000,0.0190,0.0140,11.0000,1.3850,1.4290,70.0000
1789467438.8608,-0.0720,-0.0310,-17.0000,1.2940,1.2170,68.0000,0.0190,0.0150,11.0000,1.3850,1.4560,68.0000
1789467438.9110,-0.0720,-0.0930,-13.0000,1.2940,1.2580,66.0000,0.0190,0.0570,8.0000,1.3850,1.3690,73.0000
1789467438.9623,-0.0720,-0.1020,-13.0000,1.2940,1.2910,65.0000,0.0190,0.0450,9.0000,1.3850,1.3100,76.0000
1789467439.0120,-0.0720,-0.0750,-14.0000,1.2940,1.3030,64.0000,0.0190,0.0280,9.0000,1.3850,1.3630,73.0000
1789467439.0621,-0.0720,-0.1140,-12.0000,1.2940,1.3580,61.0000,0.0190,0.0110,10.0000,1.3850,1.3780,73.0000
1789467439.1120,-0.0720,-0.0830,-13.0000,1.2940,1.3310,62.0000,0.0190,0.0360,9.0000,1.3850,1.3790,73.0000
1789467439.1619,-0.0720,-0.0230,-17.0000,1.2940,1.2670,65.0000,0.0190,0.0160,10.0000,1.3850,1.4620,68.0000
1789467439.2119,-0.0720,-0.0890,-13.0000,1.2940,1.2520,66.0000,0.0190,0.0120,10.0000,1.3850,1.3640,73.0000
1789467439.2619,-0.0720,-0.1120,-12.0000,1.2940,1.2270,68.0000,0.0190,0.0120,10.0000,1.3850,1.3760,72.0000
1789467439.3119,-0.0720,-0.0960,-12.0000,1.2940,1.2710,66.0000,0.0190,0.0490,8.0000,1.3850,1.3640,73.0000
1789467439.3634,-0.0720,-0.0690,-14.0000,1.2940,1.3240,64.0000,0.0190,0.0250,9.0000,1.3850,1.4030,71.0000
1789467439.4131,-0.0720,-0.0520,-15.0000,1.2940,1.3720,61.0000,0.0190,0.0220,9.0000,1.3850,1.4140,70.0000
1789467439.4630,-0.0720,-0.0270,-16.0000,1.2940,1.3450,62.0000,0.0190,0.0200,9.0000,1.3850,1.4650,67.0000
1789467439.5131,-0.0720,-0.0410,-16.0000,1.2940,1.2690,66.0000,0.0190,0.0020,10.0000,1.3850,1.3700,72.0000
1789467439.5638,-0.0720,-0.0560,-15.0000,1.2940,1.2440,67.0000,0.0190,0.0040,10.0000,1.3850,1.3330,74.0000
1789467439.6130,-0.0720,-0.0640,-15.0000,1.2940,1.2670,66.0000,0.0190,0.0000,11.0000,1.3850,1.3500,74.0000
1789467439.6631,-0.0720,-0.0560,-15.0000,1.2940,1.2970,65.0000,0.0190,0.0020,11.0000,1.3850,1.4170,70.0000
1789467439.7136,-0.0720,-0.0710,-15.0000,1.2940,1.3310,63.0000,0.0190,0.0080,10.0000,1.3850,1.4320,69.0000
1789467439.7639,-0.0720,-0.0170,-18.0000,1.2940,1.2860,65.0000,0.0190,0.0150,10.0000,1.3850,1.4470,68.0000
1789467439.8131,-0.0720,-0.0480,-17.0000,1.2940,1.2270,69.0000,0.0190,0.0130,10.0000,1.3850,1.3760,71.0000
1789467439.8630,-0.0720,-0.0940,-14.0000,1.2940,1.2470,68.0000,0.0190,0.0010,11.0000,1.3850,1.3440,73.0000
1789467439.9130,-0.0720,-0.0750,-15.0000,1.2940,1.3120,64.0000,0.0190,0.0130,11.0000,1.3850,1.3580,72.0000
1789467439.9630,-0.0720,-0.1000,-14.0000,1.2940,1.3170,64.0000,0.0190,0.0130,11.0000,1.3850,1.4000,70.0000
1789467440.0130,-0.0720,-0.0760,-15.0000,1.2940,1.3500,62.0000,0.0190,0.0140,11.0000,1.3850,1.4100,70.0000
1789467440.0660,-0.0720,-0.0500,-16.0000,1.2940,1.3740,60.0000,0.0190,0.0180,11.0000,1.3850,1.4660,66.0000
1789467440.1131,-0.0720,-0.0210,-18.0000,1.2940,1.2960,64.0000,0.0190,0.0560,8.0000,1.3850,1.4100,69.0000
1789467440.1631,-0.0720,-0.0050,-20.0000,1.2940,1.2860,64.0000,0.0190,0.0290,10.0000,1.3850,1.3770,70.0000
1789467440.2132,-0.0720,-0.0020,-21.0000,1.2940,1.2990,63.0000,0.0190,0.0270,10.0000,1.3850,1.3790,70.0000
1789467440.2631,-0.0720,-0.0560,-18.0000,1.2940,1.3040,63.0000,0.0190,0.0220,10.0000,1.3850,1.3850,70.0000
1789467440.3131,-0.0720,-0.0460,-19.0000,1.2940,1.3180,62.0000,0.0190,0.0270,9.0000,1.3850,1.4270,67.0000
1789467440.3631,-0.0720,-0.0690,-18.0000,1.2940,1.3390,61.0000,0.0190,0.0190,10.0000,1.3850,1.4060,68.0000
1789467440.4132,-0.0720,-0.0420,-20.0000,1.2940,1.2880,63.0000,0.0190,0.0170,10.0000,1.3850,1.4360,66.0000
1789467440.4631,-0.0720,-0.0040,-23.0000,1.2940,1.2860,63.0000,0.0190,0.0080,10.0000,1.3850,1.3700,69.0000
1789467440.5130,-0.0720,-0.0470,-21.0000,1.2940,1.2860,63.0000,0.0190,0.0040,11.0000,1.3850,1.3870,68.0000
1789467440.5630,-0.0720,-0.1080,-18.0000,1.2940,1.3050,62.0000,0.0190,0.0230,10.0000,1.3850,1.3730,69.0000
1789467440.6131,-0.0720,-0.0860,-19.0000,1.2940,1.3000,63.0000,0.0190,0.0600,8.0000,1.3850,1.4200,66.0000
1789467440.6630,-0.0720,-0.0850,-18.0000,1.2940,1.3230,61.0000,0.0190,0.0160,10.0000,1.3850,1.4260,66.0000
1789467440.7133,-0.0720,-0.1080,-17.0000,1.2940,1.3140,61.0000,0.0190,0.0180,10.0000,1.3850,1.3930,67.0000
1789467440.7631,-0.0720,-0.0480,-20.0000,1.2940,1.2920,62.0000,0.0190,0.0180,10.0000,1.3850,1.3340,71.0000
1789467440.8132,-0.0720,-0.0560,-19.0000,1.2940,1.2940,62.0000,0.0190,0.0240,9.0000,1.3850,1.3760,68.0000
1789467440.8632,-0.0720,-0.0980,-17.0000,1.2940,1.2880,63.0000,0.0190,0.0140,10.0000,1.3850,1.3500,70.0000
1789467440.9134,-0.0720,-0.1200,-16.0000,1.2940,1.2750,63.0000,0.0190,0.0120,10.0000,1.3850,1.4180,66.0000
1789467440.9633,-0.0720,-0.1130,-16.0000,1.2940,1.3120,61.0000,0.0190,0.0050,11.0000,1.3850,1.4270,66.0000
1789467441.0130,-0.0720,-0.1340,-14.0000,1.2940,1.3080,62.0000,0.0190,0.0060,11.0000,1.3850,1.4230,66.0000
1789467441.0632,-0.0720,-0.1040,-15.0000,1.2940,1.2820,63.0000,0.0190,0.0060,11.0000,1.3850,1.3320,71.0000
1789467441.1131,-0.0720,-0.0240,-20.0000,1.2940,1.2770,63.0000,0.0190,0.0020,11.0000,1.3850,1.3950,67.0000
1789467441.1632,-0.0720,-0.1130,-15.0000,1.2940,1.2960,62.0000,0.0190,0.0000,11.0000,1.3850,1.3530,70.0000
1789467441.2129,-0.0720,-0.1320,-13.0000,1.2940,1.2750,64.0000,0.0190,0.0030,12.0000,1.3850,1.3900,68.0000
1789467441.2631,-0.0720,-0.0920,-15.0000,1.2940,1.2820,63.0000,0.0190,0.0070,11.0000,1.3850,1.4370,65.0000
1789467441.3131,-0.0720,-0.1340,-12.0000,1.2940,1.3280,61.0000,0.0190,0.0020,12.0000,1.3850,1.4290,65.0000
1789467441.3631,-0.0720,-0.1110,-13.0000,1.2940,1.3110,61.0000,0.0190,0.0160,11.0000,1.3850,1.3530,69.0000
1789467441.4127,-0.0720,-0.0590,-16.0000,1.2940,1.2910,62.0000,0.0190,0.0720,8.0000,1.3850,1.3980,67.0000
1789467441.4632,-0.0720,-0.0620,-16.0000,1.2940,1.2950,62.0000,0.0190,0.0410,10.0000,1.3850,1.4040,66.0000
1789467441.5149,-0.0720,-0.1160,-13.0000,1.2940,1.2750,63.0000,0.0190,0.0260,10.0000,1.3850,1.3680,68.0000
1789467441.5631,-0.0720,-0.1070,-13.0000,1.2940,1.2720,64.0000,0.0190,0.0110,11.0000,1.3850,1.3950,66.0000
1789467441.6151,-0.0720,-0.0550,-16.0000,1.2940,1.2910,63.0000,0.0190,0.0070,11.0000,1.3850,1.4180,65.0000
1789467441.6630,-0.0720,-0.1200,-12.0000,1.2940,1.3340,60.0000,0.0190,0.0080,11.0000,1.3850,1.3590,68.0000
1789467441.7138,-0.0720,-0.0660,-15.0000,1.2940,1.3260,60.0000,0.0190,0.0190,11.0000,1.3850,1.3870,67.0000
1789467441.7631,-0.0720,-0.0370,-16.0000,1.2940,1.2890,62.0000,0.0190,0.0250,10.0000,1.3850,1.3940,66.0000
1789467441.8131,-0.0720,-0.0900,-13.0000,1.2940,1.2960,62.0000,0.0190,0.0170,11.0000,1.3850,1.3660,68.0000
1789467441.8631,-0.0720,-0.1040,-12.0000,1.2940,1.2520,64.0000,0.0190,0.0330,10.0000,1.3850,1.3650,68.0000
1789467441.9134,-0.0720,-0.0750,-14.0000,1.2940,1.2800,63.0000,0.0190,0.0570,8.0000,1.3850,1.3910,67.0000
1789467441.9629,-0.0720,-0.0900,-13.0000,1.2940,1.3160,61.0000,0.0190,0.0590,8.0000,1.3850,1.3690,68.0000
1789467442.0137,-0.0720,-0.0460,-15.0000,1.2940,1.3000,62.0000,0.0190,0.0420,8.0000,1.3850,1.3930,67.0000
1789467442.0632,-0.0720,-0.0620,-14.0000,1.2940,1.2870,63.0000,0.0190,0.0140,10.0000,1.3850,1.4070,66.0000
1789467442.1130,-0.0720,-0.0900,-13.0000,1.2940,1.2340,66.0000,0.0190,0.0060,10.0000,1.3850,1.3840,67.0000
1789467442.1632,-0.0720,-0.0860,-13.0000,1.2940,1.2140,68.0000,0.0190,0.0120,10.0000,1.3850,1.4270,64.0000
1789467442.2130,-0.0720,-0.1060,-12.0000,1.2940,1.2520,66.0000,0.0190,0.0330,9.0000,1.3850,1.4160,65.0000
1789467442.2640,-0.0720,-0.1190,-11.0000,1.2940,1.2660,66.0000,0.0190,0.0860,5.0000,1.3850,1.4460,63.0000
1789467442.3132,-0.0720,-0.0990,-11.0000,1.2940,1.3430,62.0000,0.0190,0.0440,7.0000,1.3850,1.4030,65.0000
1789467442.3631,-0.0720,-0.0890,-12.0000,1.2940,1.3720,60.0000,0.0190,0.1090,3.0000,1.3850,1.4150,63.0000
1789467442.4131,-0.0720,-0.0850,-12.0000,1.2940,1.2280,68.0000,0.0190,0.1240,1.0000,1.3850,1.3780,65.0000
1789467442.4631,-0.0720,-0.0930,-11.0000,1.2940,1.2310,68.0000,0.0190,0.0370,6.0000,1.3850,1.4240,62.0000
1789467442.5132,-0.0720,-0.0950,-10.0000,1.2940,1.2190,69.0000,0.0190,0.0030,7.0000,1.3850,1.3950,64.0000
1789467442.5635,-0.0720,-0.0900,-10.0000,1.2940,1.2870,66.0000,0.0190,0.0050,7.0000,1.3850,1.4260,62.0000
1789467442.6132,-0.0720,-0.1010,-9.0000,1.2940,1.3090,65.0000,0.0190,0.0030,7.0000,1.3850,1.3930,63.0000
1789467442.6630,-0.0720,-0.0800,-10.0000,1.2940,1.3990,60.0000,0.0190,0.0290,6.0000,1.3850,1.4160,62.0000
1789467442.7135,-0.0720,-0.0580,-12.0000,1.2940,1.3550,61.0000,0.0190,0.0660,3.0000,1.3850,1.3890,63.0000
1789467442.7631,-0.0720,-0.0990,-9.0000,1.2940,1.1920,70.0000,0.0190,0.0780,2.0000,1.3850,1.4050,62.0000
1789467442.8132,-0.0720,-0.0730,-10.0000,1.2940,1.2310,69.0000,0.0190,0.0210,5.0000,1.3850,1.3820,63.0000
1789467442.8645,-0.0720,-0.0680,-11.0000,1.2940,1.2280,70.0000,0.0190,0.0070,5.0000,1.3850,1.4040,62.0000
1789467442.9141,-0.0720,-0.0780,-10.0000,1.2940,1.3030,66.0000,0.0190,0.0160,5.0000,1.3850,1.3830,63.0000
1789467442.9641,-0.0720,-0.0560,-11.0000,1.2940,1.3990,61.0000,0.0190,0.0260,4.0000,1.3850,1.4000,62.0000
1789467443.0142,-0.0720,-0.0820,-10.0000,1.2940,1.3880,61.0000,0.0190,0.0940,0.0000,1.3850,1.3880,63.0000
1789467443.0645,-0.0720,-0.0880,-10.0000,1.2940,1.3700,61.0000,0.0190,0.1070,-1.0000,1.3850,1.3880,62.0000
1789467443.1142,-0.0720,-0.0600,-11.0000,1.2940,1.2450,67.0000,0.0190,0.0120,4.0000,1.3850,1.3840,63.0000
1789467443.1642,-0.0720,-0.0590,-11.0000,1.2940,1.2580,67.0000,0.0190,0.0010,4.0000,1.3850,1.3890,62.0000
1789467443.2141,-0.0720,-0.0760,-10.0000,1.2940,1.2560,67.0000,0.0190,0.0000,4.0000,1.3850,1.3940,62.0000
1789467443.2641,-0.0720,-0.0440,-12.0000,1.2940,1.3130,64.0000,0.0190,0.0000,4.0000,1.3850,1.3830,63.0000
1789467443.3141,-0.0720,-0.0970,-9.0000,1.2940,1.3550,62.0000,0.0190,-0.0030,5.0000,1.3850,1.3970,62.0000
1789467443.3641,-0.0720,-0.0880,-10.0000,1.2940,1.3300,63.0000,0.0190,-0.0050,5.0000,1.3850,1.3780,63.0000
1789467443.4143,-0.0720,-0.0700,-11.0000,1.2940,1.2320,68.0000,0.0190,0.0020,5.0000,1.3850,1.3920,62.0000
1789467443.4670,-0.0720,-0.0740,-10.0000,1.2940,1.2910,65.0000,0.0190,0.1960,-6.0000,1.3850,1.3770,63.0000
1789467443.5162,-0.0720,-0.0750,-10.0000,1.2940,1.2320,69.0000,0.0190,0.0420,2.0000,1.3850,1.4010,61.0000
1789467443.5660,-0.0720,-0.0640,-11.0000,1.2940,1.2980,65.0000,0.0190,0.0040,3.0000,1.3850,1.3800,62.0000
1789467443.6161,-0.0720,-0.0600,-11.0000,1.2940,1.3860,60.0000,0.0190,0.0270,2.0000,1.3850,1.3930,62.0000
1789467443.6661,-0.0720,-0.0540,-12.0000,1.2940,1.3600,61.0000,0.0190,0.1500,-6.0000,1.3850,1.3760,63.0000
1789467443.7163,-0.0720,-0.0700,-11.0000,1.2940,1.2170,69.0000,0.0190,0.0610,-1.0000,1.3850,1.3990,61.0000
1789467443.7668,-0.0720,-0.0640,-11.0000,1.2940,1.2180,69.0000,0.0190,0.0050,1.0000,1.3850,1.3590,63.0000
1789467443.8192,-0.0720,-0.0750,-11.0000,1.2940,1.2840,65.0000,0.0190,0.0000,1.0000,1.3850,1.3920,62.0000
1789467443.8673,-0.0720,-0.0880,-10.0000,1.2940,1.2510,68.0000,0.0190,0.0010,1.0000,1.3850,1.3710,63.0000
1789467443.9172,-0.0720,-0.0670,-11.0000,1.2940,1.3530,62.0000,0.0190,0.0000,2.0000,1.3850,1.4010,61.0000
1789467443.9671,-0.0720,-0.0610,-11.0000,1.2940,1.3340,63.0000,0.0190,0.0100,1.0000,1.3850,1.3680,63.0000
1789467444.0187,-0.0720,-0.1000,-9.0000,1.2940,1.3220,63.0000,0.0190,0.0690,-2.0000,1.3850,1.4000,61.0000
1789467444.0672,-0.0720,-0.0760,-10.0000,1.2940,1.2700,66.0000,0.0190,0.1090,-5.0000,1.3850,1.3620,64.0000
1789467444.1188,-0.0720,-0.0570,-12.0000,1.2940,1.2280,68.0000,0.0190,0.0140,0.0000,1.3850,1.3970,61.0000
1789467444.1693,-0.0720,-0.0890,-10.0000,1.2940,1.2730,66.0000,0.0190,0.0040,0.0000,1.3850,1.3670,63.0000
1789467444.2204,-0.0720,-0.0640,-11.0000,1.2940,1.3030,65.0000,0.0190,0.0000,1.0000,1.3850,1.3970,62.0000
1789467444.2731,-0.0720,-0.0770,-10.0000,1.2940,1.3720,61.0000,0.0190,0.0030,1.0000,1.3850,1.3860,62.0000
1789467444.3217,-0.0720,-0.1050,-9.0000,1.2940,1.3720,61.0000,0.0190,0.0420,-1.0000,1.3850,1.3960,62.0000
1789467444.3708,-0.0720,-0.0820,-10.0000,1.2940,1.3610,61.0000,0.0190,0.0860,-4.0000,1.3850,1.3850,62.0000
1789467444.4219,-0.0720,-0.0600,-11.0000,1.2940,1.2460,67.0000,0.0190,0.0120,0.0000,1.3850,1.3820,62.0000
1789467444.4705,-0.0720,-0.1070,-8.0000,1.2940,1.2580,66.0000,0.0190,0.0010,0.0000,1.3850,1.3640,64.0000
1789467444.5201,-0.0720,-0.0840,-9.0000,1.2940,1.2780,65.0000,0.0190,0.0010,0.0000,1.3850,1.3980,62.0000
1789467444.5706,-0.0720,-0.0700,-10.0000,1.2940,1.3160,63.0000,0.0190,0.0100,0.0000,1.3850,1.3900,62.0000
1789467444.6201,-0.0720,-0.0700,-10.0000,1.2940,1.2960,64.0000,0.0190,0.0090,0.0000,1.3850,1.3860,62.0000
1789467444.6706,-0.0720,-0.0820,-9.0000,1.2940,1.2420,67.0000,0.0190,0.0030,1.0000,1.3850,1.3850,62.0000
1789467444.7200,-0.0720,-0.0680,-10.0000,1.2940,1.2570,67.0000,0.0190,0.0030,1.0000,1.3850,1.3890,62.0000
1789467444.7706,-0.0720,-0.0670,-10.0000,1.2940,1.2640,67.0000,0.0190,0.0000,1.0000,1.3850,1.3880,62.0000
1789467444.8203,-0.0720,-0.0720,-10.0000,1.2940,1.2790,67.0000,0.0190,0.0020,1.0000,1.3850,1.3750,63.0000
1789467444.8705,-0.0720,-0.0620,-11.0000,1.2940,1.3280,64.0000,0.0190,0.0090,1.0000,1.3850,1.3890,62.0000
1789467444.9199,-0.0720,-0.0930,-9.0000,1.2940,1.3550,62.0000,0.0190,0.0440,-1.0000,1.3850,1.3790,63.0000
1789467444.9704,-0.0720,-0.0700,-10.0000,1.2940,1.3340,63.0000,0.0190,0.0300,-1.0000,1.3850,1.3980,62.0000
1789467445.0201,-0.0720,-0.0500,-11.0000,1.2940,1.2480,67.0000,0.0190,0.0020,1.0000,1.3850,1.3810,63.0000
1789467445.0706,-0.0720,-0.0740,-10.0000,1.2940,1.2940,65.0000,0.0190,0.0000,2.0000,1.3850,1.4010,61.0000
1789467445.1203,-0.0720,-0.0440,-12.0000,1.2940,1.2880,65.0000,0.0190,0.0040,2.0000,1.3850,1.3570,64.0000
1789467445.1708,-0.0720,-0.0720,-10.0000,1.2940,1.3200,63.0000,0.0190,0.0000,2.0000,1.3850,1.3900,62.0000
1789467445.2200,-0.0720,-0.0750,-10.0000,1.2940,1.3470,62.0000,0.0190,0.0000,2.0000,1.3850,1.3690,63.0000
1789467445.2704,-0.0720,-0.0600,-11.0000,1.2940,1.3370,62.0000,0.0190,0.0000,2.0000,1.3850,1.4060,61.0000
1789467445.3202,-0.0720,-0.0650,-11.0000,1.2940,1.2630,66.0000,0.0190,0.0240,1.0000,1.3850,1.3940,62.0000
1789467445.3706,-0.0720,-0.0660,-11.0000,1.2940,1.2640,66.0000,0.0190,0.0770,-2.0000,1.3850,1.4120,61.0000
1789467445.4202,-0.0720,-0.0930,-9.0000,1.2940,1.2810,65.0000,0.0190,0.0450,0.0000,1.3850,1.3790,62.0000
1789467445.4705,-0.0720,-0.0680,-11.0000,1.2940,1.2610,66.0000,0.0190,0.0150,1.0000,1.3850,1.4120,60.0000
1789467445.5201,-0.0720,-0.0610,-11.0000,1.2940,1.3100,64.0000,0.0190,0.0190,1.0000,1.3850,1.3800,62.0000
1789467445.5707,-0.0720,-0.0900,-9.0000,1.2940,1.3290,63.0000,0.0190,0.0090,1.0000,1.3850,1.3990,61.0000
1789467445.6201,-0.0720,-0.0850,-10.0000,1.2940,1.3020,64.0000,0.0190,0.0020,2.0000,1.3850,1.3680,63.0000
1789467445.6707,-0.0720,-0.0570,-11.0000,1.2940,1.2670,66.0000,0.0190,0.0000,2.0000,1.3850,1.4000,61.0000
1789467445.7201,-0.0720,-0.0770,-10.0000,1.2940,1.2780,65.0000,0.0190,0.0000,2.0000,1.3850,1.3730,62.0000
1789467445.7707,-0.0720,-0.0510,-12.0000,1.2940,1.2610,67.0000,0.0190,0.0000,3.0000,1.3850,1.3980,61.0000
1789467445.8202,-0.0720,-0.0630,-11.0000,1.2940,1.2890,65.0000,0.0190,0.0000,3.0000,1.3850,1.3780,62.0000
1789467445.8704,-0.0720,-0.0660,-11.0000,1.2940,1.3050,64.0000,0.0190,0.0000,3.0000,1.3850,1.3970,61.0000
1789467445.9204,-0.0720,-0.0570,-12.0000,1.2940,1.2970,65.0000,0.0190,0.0000,3.0000,1.3850,1.3730,62.0000
1789467445.9714,-0.0720,-0.0500,-12.0000,1.2940,1.2530,67.0000,0.0190,0.0000,3.0000,1.3850,1.3930,61.0000
1789467446.0213,-0.0720,-0.0350,-13.0000,1.2940,1.2900,65.0000,0.0190,0.0000,4.0000,1.3850,1.3790,62.0000
1789467446.0712,-0.0720,-0.0620,-12.0000,1.2940,1.2690,66.0000,0.0190,0.0000,4.0000,1.3850,1.3840,62.0000
1789467446.1213,-0.0720,-0.0800,-11.0000,1.2940,1.2700,67.0000,0.0190,0.0000,4.0000,1.3850,1.3740,63.0000
1789467446.1711,-0.0720,-0.0970,-10.0000,1.2940,1.3160,64.0000,0.0190,0.0010,4.0000,1.3850,1.3890,62.0000
1789467446.2211,-0.0720,-0.0920,-11.0000,1.2940,1.3630,61.0000,0.0190,0.0090,4.0000,1.3850,1.3810,62.0000
1789467446.2712,-0.0720,-0.0740,-11.0000,1.2940,1.3110,64.0000,0.0190,0.0010,5.0000,1.3850,1.3900,62.0000
1789467446.3215,-0.0720,-0.0140,-15.0000,1.2940,1.2850,65.0000,0.0190,0.0000,5.0000,1.3850,1.3900,62.0000
1789467446.3712,-0.0720,-0.0290,-14.0000,1.2940,1.2630,66.0000,0.0190,0.0000,5.0000,1.3850,1.3860,62.0000
1789467446.4214,-0.0720,-0.0710,-12.0000,1.2940,1.2710,66.0000,0.0190,0.0030,5.0000,1.3850,1.3800,62.0000
1789467446.4711,-0.0720,-0.0760,-12.0000,1.2940,1.2680,66.0000,0.0190,0.0040,5.0000,1.3850,1.3790,62.0000
1789467446.5222,-0.0720,-0.1020,-11.0000,1.2940,1.3350,62.0000,0.0190,0.0170,5.0000,1.3850,1.3860,62.0000
1789467446.5710,-0.0720,-0.1100,-10.0000,1.2940,1.3230,63.0000,0.0190,0.0570,3.0000,1.3850,1.3740,63.0000
1789467446.6213,-0.0720,-0.0140,-16.0000,1.2940,1.2870,65.0000,0.0190,0.0420,3.0000,1.3850,1.3860,62.0000
1789467446.6710,-0.0720,-0.0020,-17.0000,1.2940,1.2940,64.0000,0.0190,0.0030,5.0000,1.3850,1.3750,63.0000
1789467446.7213,-0.0720,-0.0650,-13.0000,1.2940,1.2580,66.0000,0.0190,0.0310,3.0000,1.3850,1.3840,62.0000
1789467446.7712,-0.0720,-0.0990,-12.0000,1.2940,1.2600,67.0000,0.0190,0.0340,3.0000,1.3850,1.3690,63.0000
1789467446.8212,-0.0720,-0.0850,-13.0000,1.2940,1.3290,63.0000,0.0190,0.0180,4.0000,1.3850,1.3890,62.0000
1789467446.8712,-0.0720,-0.1120,-11.0000,1.2940,1.3230,63.0000,0.0190,0.0060,5.0000,1.3850,1.3800,63.0000
1789467446.9214,-0.0720,-0.0620,-13.0000,1.2940,1.2660,66.0000,0.0190,0.0010,5.0000,1.3850,1.4000,62.0000
1789467446.9710,-0.0720,-0.0120,-16.0000,1.2940,1.2300,68.0000,0.0190,0.0000,5.0000,1.3850,1.3710,63.0000
1789467447.0213,-0.0720,-0.0890,-12.0000,1.2940,1.2490,68.0000,0.0190,0.0000,5.0000,1.3850,1.4000,61.0000
1789467447.0712,-0.0720,-0.0970,-12.0000,1.2940,1.2640,68.0000,0.0190,0.0030,6.0000,1.3850,1.3730,63.0000
1789467447.1213,-0.0720,-0.0720,-13.0000,1.2940,1.2970,66.0000,0.0190,0.0010,6.0000,1.3850,1.4070,61.0000
1789467447.1711,-0.0720,-0.0970,-11.0000,1.2940,1.3850,61.0000,0.0190,0.0050,6.0000,1.3850,1.3780,63.0000
1789467447.2215,-0.0720,-0.0920,-11.0000,1.2940,1.3760,61.0000,0.0190,0.0140,6.0000,1.3850,1.4020,61.0000
1789467447.2712,-0.0720,-0.0120,-16.0000,1.2940,1.2570,67.0000,0.0190,0.0290,5.0000,1.3850,1.3720,63.0000
1789467447.3235,-0.0720,-0.0430,-14.0000,1.2940,1.2550,67.0000,0.0190,0.0550,3.0000,1.3850,1.3900,62.0000
1789467447.3711,-0.0720,-0.0950,-12.0000,1.2940,1.2540,67.0000,0.0190,0.0490,3.0000,1.3850,1.3650,63.0000
1789467447.4212,-0.0720,-0.0980,-11.0000,1.2940,1.2810,66.0000,0.0190,0.0640,2.0000,1.3850,1.3950,62.0000
1789467447.4723,-0.0720,-0.0930,-11.0000,1.2940,1.3150,64.0000,0.0190,0.0470,2.0000,1.3850,1.3690,63.0000
1789467447.5227,-0.0720,-0.1060,-10.0000,1.2940,1.3850,60.0000,0.0190,0.1180,-2.0000,1.3850,1.4010,61.0000
1789467447.5723,-0.0720,-0.0750,-12.0000,1.2940,1.3060,64.0000,0.0190,0.1340,-4.0000,1.3850,1.3690,63.0000
1789467447.6222,-0.0720,-0.0070,-16.0000,1.2940,1.2450,67.0000,0.0190,0.0610,-1.0000,1.3850,1.3980,61.0000
1789467447.6722,-0.0720,-0.0720,-12.0000,1.2940,1.2520,67.0000,0.0190,0.0110,1.0000,1.3850,1.3680,63.0000
1789467447.7222,-0.0720,-0.0760,-12.0000,1.2940,1.2380,68.0000,0.0190,0.0120,1.0000,1.3850,1.3980,62.0000
1789467447.7726,-0.0720,-0.1070,-11.0000,1.2940,1.2990,65.0000,0.0190,0.0300,0.0000,1.3850,1.3750,63.0000
1789467447.8222,-0.0720,-0.1160,-10.0000,1.2940,1.3620,62.0000,0.0190,0.0070,1.0000,1.3850,1.3990,62.0000
1789467447.8746,-0.0720,-0.1010,-10.0000,1.2940,1.3870,60.0000,0.0190,0.0050,1.0000,1.3850,1.3830,62.0000
1789467447.9243,-0.0720,-0.0100,-15.0000,1.2940,1.3460,61.0000,0.0190,0.0030,1.0000,1.3850,1.4030,61.0000
1789467447.9744,-0.0720,-0.0010,-16.0000,1.2940,1.2500,66.0000,0.0190,-0.0110,2.0000,1.3850,1.3840,62.0000
1789467448.0243,-0.0720,-0.0530,-14.0000,1.2940,1.2630,66.0000,0.0190,0.0130,1.0000,1.3850,1.3890,62.0000
1789467448.0759,-0.0720,-0.1070,-11.0000,1.2940,1.2920,64.0000,0.0190,0.0010,2.0000,1.3850,1.3680,63.0000
1789467448.1242,-0.0720,-0.1070,-11.0000,1.2940,1.3230,63.0000,0.0190,0.0000,2.0000,1.3850,1.3910,62.0000
1789467448.1749,-0.0720,-0.0600,-13.0000,1.2940,1.3240,62.0000,0.0190,0.0000,3.0000,1.3850,1.3890,62.0000
1789467448.2240,-0.0720,-0.0590,-13.0000,1.2940,1.2610,66.0000,0.0190,0.0000,3.0000,1.3850,1.3900,62.0000
1789467448.2742,-0.0720,-0.0580,-13.0000,1.2940,1.2680,66.0000,0.0190,0.0000,3.0000,1.3850,1.3810,62.0000
1789467448.3245,-0.0720,-0.1150,-10.0000,1.2940,1.2920,64.0000,0.0190,0.0000,3.0000,1.3850,1.3770,63.0000
1789467448.3744,-0.0720,-0.0940,-11.0000,1.2940,1.2960,64.0000,0.0190,0.0000,4.0000,1.3850,1.3810,63.0000
1789467448.4244,-0.0720,-0.0970,-10.0000,1.2940,1.3150,63.0000,0.0190,0.0000,4.0000,1.3850,1.3820,63.0000
1789467448.4756,-0.0720,-0.0730,-12.0000,1.2940,1.3560,61.0000,0.0190,0.0000,4.0000,1.3850,1.3880,62.0000
1789467448.5262,-0.0720,-0.0260,-14.0000,1.2940,1.3120,63.0000,0.0190,0.0000,4.0000,1.3850,1.3800,63.0000
1789467448.5754,-0.0720,-0.0050,-16.0000,1.2940,1.2520,66.0000,0.0190,-0.0010,5.0000,1.3850,1.3920,62.0000
1789467448.6253,-0.0720,-0.0680,-13.0000,1.2940,1.2670,65.0000,0.0190,0.0010,5.0000,1.3850,1.3790,63.0000
1789467448.6763,-0.0720,-0.0750,-13.0000,1.2940,1.2700,66.0000,0.0190,0.0000,5.0000,1.3850,1.3910,62.0000
1789467448.7252,-0.0720,-0.0890,-12.0000,1.2940,1.2630,66.0000,0.0190,0.0010,5.0000,1.3850,1.3680,63.0000
1789467448.7765,-0.0720,-0.0890,-12.0000,1.2940,1.3160,63.0000,0.0190,0.0000,5.0000,1.3850,1.3880,62.0000
1789467448.8252,-0.0720,-0.0680,-13.0000,1.2940,1.3740,60.0000,0.0190,0.0040,5.0000,1.3850,1.3750,63.0000
1789467448.8773,-0.0720,-0.0350,-15.0000,1.2940,1.2570,66.0000,0.0190,0.0010,6.0000,1.3850,1.3890,62.0000
1789467448.9263,-0.0720,-0.0470,-14.0000,1.2940,1.2720,65.0000,0.0190,0.0000,6.0000,1.3850,1.3590,64.0000
1789467448.9763,-0.0720,-0.1260,-10.0000,1.2940,1.2540,67.0000,0.0190,0.0030,6.0000,1.3850,1.3910,62.0000
1789467449.0264,-0.0720,-0.1080,-11.0000,1.2940,1.2730,66.0000,0.0190,0.0000,7.0000,1.3850,1.3580,64.0000
1789467449.0780,-0.0720,-0.1320,-9.0000,1.2940,1.3280,63.0000,0.0190,0.0000,7.0000,1.3850,1.4000,62.0000
1789467449.1263,-0.0720,-0.1080,-10.0000,1.2940,1.3510,62.0000,0.0190,0.0030,7.0000,1.3850,1.3780,63.0000
1789467449.1763,-0.0720,-0.1150,-9.0000,1.2940,1.3600,61.0000,0.0190,0.0280,5.0000,1.3850,1.3960,62.0000
1789467449.2262,-0.0720,-0.0180,-14.0000,1.2940,1.2860,64.0000,0.0190,0.0780,3.0000,1.3850,1.3520,65.0000
1789467449.2762,-0.0720,-0.0680,-12.0000,1.2940,1.2920,64.0000,0.0190,0.0410,4.0000,1.3850,1.3820,63.0000
1789467449.3268,-0.0720,-0.0970,-10.0000,1.2940,1.3050,63.0000,0.0190,0.0330,4.0000,1.3850,1.3470,65.0000
1789467449.3764,-0.0720,-0.0700,-12.0000,1.2940,1.2780,64.0000,0.0190,0.0050,6.0000,1.3850,1.3790,64.0000
1789467449.4282,-0.0720,-0.0780,-11.0000,1.2940,1.3020,63.0000,0.0190,0.0000,6.0000,1.3850,1.3910,63.0000
1789467449.4763,-0.0720,-0.0330,-14.0000,1.2940,1.2960,63.0000,0.0190,0.0100,6.0000,1.3850,1.3980,63.0000
1789467449.5262,-0.0720,-0.0440,-13.0000,1.2940,1.2700,65.0000,0.0190,0.0100,6.0000,1.3850,1.3240,67.0000
1789467449.5763,-0.0720,-0.0610,-13.0000,1.2940,1.2860,64.0000,0.0190,0.0010,7.0000,1.3850,1.3580,66.0000
1789467449.6263,-0.0720,-0.0910,-11.0000,1.2940,1.3000,63.0000,0.0190,0.0050,6.0000,1.3850,1.3580,66.0000
1789467449.6763,-0.0720,-0.0920,-11.0000,1.2940,1.2930,64.0000,0.0190,0.0020,7.0000,1.3850,1.4050,64.0000
1789467449.7263,-0.0720,-0.0530,-13.0000,1.2940,1.2850,64.0000,0.0190,0.0000,7.0000,1.3850,1.3980,64.0000
1789467449.7764,-0.0720,-0.0780,-12.0000,1.2940,1.3310,62.0000,0.0190,0.0100,7.0000,1.3850,1.3940,64.0000
1789467449.8263,-0.0720,-0.0510,-13.0000,1.2940,1.3070,63.0000,0.0190,0.0020,7.0000,1.3850,1.3130,69.0000
1789467449.8763,-0.0720,-0.0480,-13.0000,1.2940,1.3080,62.0000,0.0190,0.0000,8.0000,1.3850,1.3920,64.0000
1789467449.9263,-0.0720,-0.0420,-14.0000,1.2940,1.3210,62.0000,0.0190,0.0000,8.0000,1.3850,1.3480,67.0000
1789467449.9764,-0.0720,-0.0790,-12.0000,1.2940,1.2840,64.0000,0.0190,0.0000,8.0000,1.3850,1.3950,65.0000
1789467450.0277,-0.0720,-0.0510,-14.0000,1.2940,1.2810,64.0000,0.0190,0.0000,8.0000,1.3850,1.3760,66.0000
1789467450.0774,-0.0720,-0.0630,-13.0000,1.2940,1.3170,62.0000,0.0190,0.0000,9.0000,1.3850,1.3810,66.0000
1789467450.1279,-0.0720,-0.0400,-15.0000,1.2940,1.3030,62.0000,0.0190,0.0000,9.0000,1.3850,1.2780,72.0000
1789467450.1774,-0.0720,-0.0570,-14.0000,1.2940,1.3200,61.0000,0.0190,0.0000,9.0000,1.3850,1.3100,71.0000
1789467450.2274,-0.0720,-0.0430,-15.0000,1.2940,1.3030,62.0000,0.0190,0.0000,9.0000,1.3850,1.4080,66.0000
1789467450.2774,-0.0720,-0.1010,-12.0000,1.2940,1.3150,61.0000,0.0190,0.0000,10.0000,1.3850,1.4220,66.0000
1789467450.3288,-0.0720,-0.1040,-12.0000,1.2940,1.2980,62.0000,0.0190,0.0000,10.0000,1.3850,1.3890,67.0000
1789467450.3784,-0.0720,-0.0840,-13.0000,1.2940,1.3040,61.0000,0.0190,0.0000,10.0000,1.3850,1.4050,66.0000
1789467450.4313,-0.0720,-0.0680,-14.0000,1.2940,1.3070,61.0000,0.0190,0.0000,10.0000,1.3850,1.3170,71.0000
1789467450.4782,-0.0720,-0.0440,-15.0000,1.2940,1.3060,61.0000,0.0190,0.0000,11.0000,1.3850,1.3370,70.0000
1789467450.5283,-0.0720,-0.0430,-15.0000,1.2940,1.2950,62.0000,0.0190,0.0000,11.0000,1.3850,1.4060,67.0000
1789467450.5790,-0.0720,-0.0430,-16.0000,1.2940,1.3130,60.0000,0.0190,0.0010,11.0000,1.3850,1.4410,65.0000
1789467450.6291,-0.0720,-0.0910,-13.0000,1.2940,1.2800,62.0000,0.0190,0.0000,11.0000,1.3850,1.3900,68.0000
1789467450.6784,-0.0720,-0.0700,-14.0000,1.2940,1.2900,62.0000,0.0190,0.0000,12.0000,1.3850,1.3870,68.0000
1789467450.7282,-0.0720,-0.0750,-14.0000,1.2940,1.2980,61.0000,0.0190,0.0010,12.0000,1.3850,1.3170,72.0000
1789467450.7783,-0.0720,-0.0740,-14.0000,1.2940,1.3160,60.0000,0.0190,0.0000,12.0000,1.3850,1.3440,71.0000
1789467450.8282,-0.0720,-0.0180,-18.0000,1.2940,1.2970,61.0000,0.0190,0.0050,12.0000,1.3850,1.4140,67.0000
1789467450.8784,-0.0720,-0.0390,-17.0000,1.2940,1.3130,60.0000,0.0190,0.0140,12.0000,1.3850,1.4560,64.0000
1789467450.9283,-0.0720,-0.0700,-15.0000,1.2940,1.3050,60.0000,0.0190,0.0220,11.0000,1.3850,1.4270,66.0000
1789467450.9798,-0.0720,-0.0800,-15.0000,1.2940,1.2880,61.0000,0.0190,0.0670,9.0000,1.3850,1.3670,69.0000
1789467451.0293,-0.0720,-0.0350,-18.0000,1.2940,1.2890,61.0000,0.0190,0.0270,11.0000,1.3850,1.3180,71.0000
1789467451.0794,-0.0720,-0.0060,-20.0000,1.2940,1.3110,60.0000,0.0190,0.0320,10.0000,1.3850,1.3170,72.0000
1789467451.1294,-0.0720,-0.0360,-19.0000,1.2940,1.3140,60.0000,0.0190,0.0330,10.0000,1.3850,1.3700,70.0000
1789467451.1795,-0.0720,-0.0390,-19.0000,1.2940,1.2970,61.0000,0.0190,0.0120,11.0000,1.3850,1.4210,67.0000
1789467451.2292,-0.0720,-0.0420,-19.0000,1.2940,1.2970,60.0000,0.0190,0.0210,10.0000,1.3850,1.4330,66.0000
1789467451.2794,-0.0720,-0.1060,-16.0000,1.2940,1.2980,60.0000,0.0190,0.0150,11.0000,1.3850,1.3740,69.0000
1789467451.3294,-0.0720,-0.1110,-16.0000,1.2940,1.2860,61.0000,0.0190,0.0100,11.0000,1.3850,1.3240,72.0000
1789467451.3795,-0.0720,-0.0940,-16.0000,1.2940,1.2870,61.0000,0.0190,0.0440,9.0000,1.3850,1.3340,72.0000
1789467451.4293,-0.0720,-0.0630,-18.0000,1.2940,1.3150,59.0000,0.0190,0.0520,8.0000,1.3850,1.3470,72.0000
1789467451.4795,-0.0720,-0.0610,-18.0000,1.2940,1.3040,60.0000,0.0190,0.0530,8.0000,1.3850,1.3950,69.0000
1789467451.5293,-0.0720,-0.0290,-20.0000,1.2940,1.3110,59.0000,0.0190,0.0430,8.0000,1.3850,1.4330,67.0000
1789467451.5811,-0.0720,-0.0880,-17.0000,1.2940,1.2890,61.0000,0.0190,0.0100,10.0000,1.3850,1.4140,68.0000
1789467451.6294,-0.0720,-0.0740,-18.0000,1.2940,1.2890,60.0000,0.0190,0.0010,10.0000,1.3850,1.3760,70.0000
1789467451.6793,-0.0720,-0.0690,-18.0000,1.2940,1.2770,61.0000,0.0190,0.0030,10.0000,1.3850,1.3390,72.0000
1789467451.7293,-0.0720,-0.0800,-17.0000,1.2940,1.3100,59.0000,0.0190,0.0070,10.0000,1.3850,1.3810,70.0000
1789467451.7793,-0.0720,-0.0240,-20.0000,1.2940,1.2930,60.0000,0.0190,0.0660,7.0000,1.3850,1.3420,72.0000
1789467451.8293,-0.0720,-0.0070,-22.0000,1.2940,1.2820,61.0000,0.0190,0.0590,7.0000,1.3850,1.4520,66.0000
1789467451.8794,-0.0720,-0.0880,-18.0000,1.2940,1.2620,62.0000,0.0190,0.0370,8.0000,1.3850,1.3970,69.0000
1789467451.9294,-0.0720,-0.1060,-17.0000,1.2940,1.2820,61.0000,0.0190,0.0130,9.0000,1.3850,1.4070,68.0000
1789467451.9795,-0.0720,-0.0330,-21.0000,1.2940,1.2740,62.0000,0.0190,0.0370,8.0000,1.3850,1.3310,73.0000
1789467452.0298,-0.0720,-0.0880,-18.0000,1.2940,1.3190,60.0000,0.0190,0.0840,5.0000,1.3850,1.3830,70.0000
1789467452.0794,-0.0720,-0.0910,-18.0000,1.2940,1.3290,59.0000,0.0190,0.0480,6.0000,1.3850,1.3890,70.0000
1789467452.1310,-0.0720,-0.0290,-21.0000,1.2940,1.2910,61.0000,0.0190,0.0250,7.0000,1.3850,1.3560,71.0000
1789467452.1793,-0.0720,-0.0110,-23.0000,1.2940,1.2820,61.0000,0.0190,0.0410,6.0000,1.3850,1.3770,70.0000
1789467452.2297,-0.0720,-0.0250,-22.0000,1.2940,1.2700,62.0000,0.0190,0.0350,6.0000,1.3850,1.3420,73.0000
1789467452.2793,-0.0720,-0.0900,-19.0000,1.2940,1.2660,63.0000,0.0190,0.1240,0.0000,1.3850,1.2730,77.0000
1789467452.3294,-0.0720,-0.0530,-21.0000,1.2940,1.2740,63.0000,0.0190,0.0660,3.0000,1.3850,1.3530,73.0000
1789467452.3797,-0.0720,-0.0980,-19.0000,1.2940,1.3140,60.0000,0.0190,0.0240,5.0000,1.3850,1.3420,75.0000
1789467452.4294,-0.0720,-0.0860,-20.0000,1.2940,1.3270,60.0000,0.0190,0.0300,4.0000,1.3850,1.3780,73.0000
1789467452.4793,-0.0720,-0.0690,-20.0000,1.2940,1.2730,63.0000,0.0190,0.0410,3.0000,1.3850,1.3980,72.0000
1789467452.5297,-0.0720,-0.0680,-20.0000,1.2940,1.2810,62.0000,0.0190,0.0190,4.0000,1.3850,1.4150,71.0000
1789467452.5793,-0.0720,-0.1080,-18.0000,1.2940,1.2770,62.0000,0.0190,0.0260,4.0000,1.3850,1.3230,76.0000
1789467452.6294,-0.0720,-0.0660,-20.0000,1.2940,1.3030,61.0000,0.0190,0.0720,1.0000,1.3850,1.3210,77.0000
1789467452.6794,-0.0720,-0.0770,-19.0000,1.2940,1.3420,59.0000,0.0190,0.0840,0.0000,1.3850,1.3480,76.0000
1789467452.7296,-0.0720,-0.1110,-17.0000,1.2940,1.3300,59.0000,0.0190,0.1590,-5.0000,1.3850,1.3160,78.0000
1789467452.7794,-0.0720,-0.0170,-22.0000,1.2940,1.3320,58.0000,0.0190,0.1510,-6.0000,1.3850,1.3500,77.0000
1789467452.8295,-0.0720,-0.0090,-23.0000,1.2940,1.3130,59.0000,0.0190,0.0640,-2.0000,1.3850,1.4100,74.0000
1789467452.8794,-0.0720,-0.1200,-17.0000,1.2940,1.2750,61.0000,0.0190,0.0090,0.0000,1.3850,1.3240,79.0000
1789467452.9295,-0.0720,-0.0850,-19.0000,1.2940,1.2820,61.0000,0.0190,0.0010,0.0000,1.3850,1.3420,79.0000
1789467452.9793,-0.0720,-0.0860,-18.0000,1.2940,1.2960,60.0000,0.0190,0.0000,0.0000,1.3850,1.3990,76.0000
1789467453.0295,-0.0720,-0.0710,-19.0000,1.2940,1.2980,60.0000,0.0190,0.0000,0.0000,1.3850,1.4530,73.0000
1789467453.0805,-0.0720,-0.0600,-20.0000,1.2940,1.2660,62.0000,0.0190,0.0000,1.0000,1.3850,1.3800,77.0000
1789467453.1307,-0.0720,-0.0970,-18.0000,1.2940,1.2570,62.0000,0.0190,0.0000,1.0000,1.3850,1.4680,71.0000
1789467453.1792,-0.0720,-0.0940,-18.0000,1.2940,1.2800,61.0000,0.0190,0.0000,1.0000,1.3850,1.3480,77.0000
1789467453.2296,-0.0720,-0.0630,-19.0000,1.2940,1.2760,62.0000,0.0190,0.0000,1.0000,1.3850,1.3760,76.0000
1789467453.2794,-0.0720,-0.0800,-18.0000,1.2940,1.3120,60.0000,0.0190,0.0000,1.0000,1.3850,1.4600,71.0000
1789467453.3294,-0.0720,-0.1050,-17.0000,1.2940,1.3180,60.0000,0.0190,-0.0050,2.0000,1.3850,1.4480,71.0000
1789467453.3794,-0.0720,-0.0360,-20.0000,1.2940,1.2880,61.0000,0.0190,0.0010,2.0000,1.3850,1.4170,72.0000
1789467453.4298,-0.0720,-0.0030,-22.0000,1.2940,1.2860,61.0000,0.0190,0.0000,2.0000,1.3850,1.4130,72.0000
1789467453.4804,-0.0720,-0.1050,-17.0000,1.2940,1.2730,62.0000,0.0190,0.0000,3.0000,1.3850,1.3810,73.0000
1789467453.5292,-0.0720,-0.1090,-17.0000,1.2940,1.2860,62.0000,0.0190,0.0000,3.0000,1.3850,1.3920,72.0000
1789467453.5795,-0.0720,-0.0580,-20.0000,1.2940,1.2780,62.0000,0.0190,-0.0020,3.0000,1.3850,1.4520,69.0000
1789467453.6294,-0.0720,-0.0850,-18.0000,1.2940,1.3090,60.0000,0.0190,-0.0010,3.0000,1.3850,1.4320,70.0000
1789467453.6794,-0.0720,-0.0640,-19.0000,1.2940,1.3290,59.0000,0.0190,-0.0000,4.0000,1.3850,1.4430,68.0000
1789467453.7307,-0.0720,-0.0070,-23.0000,1.2940,1.2730,62.0000,0.0190,-0.0030,4.0000,1.3850,1.4290,68.0000
1789467453.7794,-0.0720,-0.0320,-22.0000,1.2940,1.2800,62.0000,0.0190,-0.0010,4.0000,1.3850,1.3780,71.0000
1789467453.8295,-0.0720,-0.1730,-14.0000,1.2940,1.2930,61.0000,0.0190,-0.0000,4.0000,1.3850,1.3610,72.0000
1789467453.8795,-0.0720,-0.1870,-12.0000,1.2940,1.3460,58.0000,0.0190,0.0030,4.0000,1.3850,1.4230,68.0000
1789467453.9294,-0.0720,-0.1550,-13.0000,1.2940,1.3320,59.0000,0.0190,0.0130,4.0000,1.3850,1.4060,69.0000
1789467453.9795,-0.0720,-0.1750,-11.0000,1.2940,1.3240,59.0000,0.0190,0.0010,5.0000,1.3850,1.4440,67.0000
1789467454.0295,-0.0720,-0.1540,-11.0000,1.2940,1.3310,58.0000,0.0190,-0.0050,5.0000,1.3850,1.4300,67.0000
1789467454.0795,-0.0720,-0.0150,-18.0000,1.2940,1.2780,61.0000,0.0190,-0.0010,5.0000,1.3850,1.3810,69.0000
1789467454.1294,-0.0720,-0.1280,-11.0000,1.2940,1.2730,61.0000,0.0190,-0.0010,6.0000,1.3850,1.3170,73.0000
1789467454.1794,-0.0720,-0.1190,-11.0000,1.2940,1.2680,61.0000,0.0190,-0.0000,6.0000,1.3850,1.3660,70.0000
1789467454.2296,-0.0720,-0.0700,-14.0000,1.2940,1.2910,60.0000,0.0190,-0.0000,6.0000,1.3850,1.3850,69.0000
1789467454.2794,-0.0720,-0.1070,-11.0000,1.2940,1.3140,59.0000,0.0190,0.0050,6.0000,1.3850,1.4310,67.0000
1789467454.3294,-0.0720,-0.1090,-11.0000,1.2940,1.3090,59.0000,0.0190,0.0000,6.0000,1.3850,1.3690,70.0000
1789467454.3796,-0.0720,-0.0600,-13.0000,1.2940,1.2670,61.0000,0.0190,-0.0010,7.0000,1.3850,1.3540,71.0000
1789467454.4295,-0.0720,-0.0780,-12.0000,1.2940,1.2880,60.0000,0.0190,-0.0000,7.0000,1.3850,1.3410,72.0000
1789467454.4793,-0.0720,-0.0990,-11.0000,1.2940,1.2740,61.0000,0.0190,0.0030,7.0000,1.3850,1.3920,70.0000
1789467454.5294,-0.0720,-0.0930,-11.0000,1.2940,1.3060,60.0000,0.0190,0.0080,7.0000,1.3850,1.4220,68.0000
1789467454.5795,-0.0720,-0.0270,-15.0000,1.2940,1.2790,61.0000,0.0190,0.0010,8.0000,1.3850,1.4310,67.0000
1789467454.6294,-0.0720,-0.0780,-12.0000,1.2940,1.3320,58.0000,0.0190,0.0000,8.0000,1.3850,1.4200,67.0000
1789467454.6794,-0.0720,-0.0780,-12.0000,1.2940,1.3040,60.0000,0.0190,0.0000,8.0000,1.3850,1.3580,71.0000
1789467454.7292,-0.0720,-0.0590,-13.0000,1.2940,1.2780,61.0000,0.0190,-0.0030,8.0000,1.3850,1.3820,69.0000
1789467454.7795,-0.0720,-0.0860,-11.0000,1.2940,1.3020,60.0000,0.0190,0.0020,8.0000,1.3850,1.3920,69.0000
1789467454.8293,-0.0720,-0.0880,-11.0000,1.2940,1.3040,59.0000,0.0190,-0.0080,9.0000,1.3850,1.4290,67.0000
1789467454.8796,-0.0720,-0.0500,-13.0000,1.2940,1.3090,59.0000,0.0190,0.0020,9.0000,1.3850,1.4630,64.0000
1789467454.9294,-0.0720,-0.0350,-14.0000,1.2940,1.3080,59.0000,0.0190,0.0000,9.0000,1.3850,1.4470,64.0000
1789467454.9795,-0.0720,-0.0880,-11.0000,1.2940,1.3170,58.0000,0.0190,0.0000,10.0000,1.3850,1.3050,72.0000
1789467455.0295,-0.0720,-0.0900,-11.0000,1.2940,1.2860,60.0000,0.0190,0.0010,10.0000,1.3850,1.3550,70.0000
1789467455.0796,-0.0720,-0.0500,-14.0000,1.2940,1.2920,60.0000,0.0190,0.0000,10.0000,1.3850,1.3950,68.0000
1789467455.1310,-0.0720,-0.1060,-11.0000,1.2940,1.2890,60.0000,0.0190,0.0000,10.0000,1.3850,1.4270,66.0000
1789467455.1795,-0.0720,-0.1120,-10.0000,1.2940,1.2810,60.0000,0.0190,-0.0010,10.0000,1.3850,1.3760,69.0000
1789467455.2295,-0.0720,-0.0590,-13.0000,1.2940,1.2910,60.0000,0.0190,-0.0000,11.0000,1.3850,1.4310,65.0000
1789467455.2795,-0.0720,-0.0770,-12.0000,1.2940,1.3230,58.0000,0.0190,-0.0000,11.0000,1.3850,1.3200,72.0000
1789467455.3308,-0.0720,-0.1050,-10.0000,1.2940,1.2800,60.0000,0.0190,0.0000,11.0000,1.3850,1.3950,67.0000
1789467455.3805,-0.0720,-0.0580,-13.0000,1.2940,1.2990,59.0000,0.0190,0.0000,11.0000,1.3850,1.4020,67.0000
1789467455.4310,-0.0720,-0.1030,-10.0000,1.2940,1.2880,60.0000,0.0190,0.0000,12.0000,1.3850,1.4040,67.0000
1789467455.4804,-0.0720,-0.0710,-12.0000,1.2940,1.2900,60.0000,0.0190,0.0080,11.0000,1.3850,1.4020,67.0000
1789467455.5311,-0.0720,-0.0990,-10.0000,1.2940,1.2860,60.0000,0.0190,0.0180,11.0000,1.3850,1.4030,67.0000
1789467455.5805,-0.0720,-0.0970,-10.0000,1.2940,1.3050,59.0000,0.0190,0.0810,7.0000,1.3850,1.3220,71.0000
1789467455.6305,-0.0720,-0.0510,-12.0000,1.2940,1.2750,61.0000,0.0190,0.0560,8.0000,1.3850,1.3850,68.0000
1789467455.6803,-0.0720,-0.0500,-12.0000,1.2940,1.3110,59.0000,0.0190,0.0170,10.0000,1.3850,1.4070,67.0000
1789467455.7305,-0.0720,-0.0900,-10.0000,1.2940,1.2770,61.0000,0.0190,0.0060,11.0000,1.3850,1.3980,67.0000
1789467455.7804,-0.0720,-0.0730,-11.0000,1.2940,1.2970,59.0000,0.0190,0.0000,11.0000,1.3850,1.3850,68.0000
1789467455.8305,-0.0720,-0.0490,-12.0000,1.2940,1.2600,62.0000,0.0190,0.0000,11.0000,1.3850,1.4230,66.0000
1789467455.8806,-0.0720,-0.0660,-12.0000,1.2940,1.2980,60.0000,0.0190,0.0190,10.0000,1.3850,1.3510,69.0000
1789467455.9312,-0.0720,-0.0720,-11.0000,1.2940,1.3260,58.0000,0.0190,0.0290,10.0000,1.3850,1.3940,67.0000
1789467455.9806,-0.0720,-0.0920,-10.0000,1.2940,1.3190,58.0000,0.0190,0.0620,8.0000,1.3850,1.3880,67.0000
1789467456.0306,-0.0720,-0.0230,-14.0000,1.2940,1.2690,61.0000,0.0190,0.0610,8.0000,1.3850,1.3830,68.0000
1789467456.0806,-0.0720,-0.0820,-11.0000,1.2940,1.2660,61.0000,0.0190,0.0320,9.0000,1.3850,1.3660,69.0000
1789467456.1304,-0.0720,-0.0310,-14.0000,1.2940,1.2820,60.0000,0.0190,0.0350,8.0000,1.3850,1.3890,68.0000
1789467456.1803,-0.0720,-0.0600,-12.0000,1.2940,1.2910,60.0000,0.0190,0.0090,10.0000,1.3850,1.3630,69.0000
1789467456.2312,-0.0720,-0.0740,-12.0000,1.2940,1.3110,59.0000,0.0190,0.0160,9.0000,1.3850,1.3810,68.0000
1789467456.2803,-0.0720,-0.0940,-11.0000,1.2940,1.3250,58.0000,0.0190,0.0300,9.0000,1.3850,1.4380,65.0000
1789467456.3306,-0.0720,-0.0730,-12.0000,1.2940,1.2850,60.0000,0.0190,0.0450,8.0000,1.3850,1.4010,67.0000
1789467456.3806,-0.0720,-0.0350,-14.0000,1.2940,1.2530,62.0000,0.0190,0.0290,8.0000,1.3850,1.4000,66.0000
1789467456.4306,-0.0720,-0.0570,-13.0000,1.2940,1.2590,62.0000,0.0190,0.0100,9.0000,1.3850,1.3660,68.0000
1789467456.4804,-0.0720,-0.0520,-14.0000,1.2940,1.2640,62.0000,0.0190,0.0150,9.0000,1.3850,1.3620,68.0000
1789467456.5308,-0.0720,-0.0620,-13.0000,1.2940,1.2980,61.0000,0.0190,0.0230,8.0000,1.3850,1.3810,67.0000
1789467456.5804,-0.0720,-0.0820,-12.0000,1.2940,1.3300,59.0000,0.0190,0.0380,8.0000,1.3850,1.4310,65.0000
1789467456.6307,-0.0720,-0.0640,-13.0000,1.2940,1.2610,63.0000,0.0190,0.0100,9.0000,1.3850,1.4120,66.0000
1789467456.6804,-0.0720,-0.0440,-14.0000,1.2940,1.2330,64.0000,0.0190,0.0010,10.0000,1.3850,1.4060,65.0000
1789467456.7311,-0.0720,-0.0780,-13.0000,1.2940,1.2250,65.0000,0.0190,0.0000,10.0000,1.3850,1.3760,67.0000
1789467456.7820,-0.0720,-0.1130,-11.0000,1.2940,1.2280,66.0000,0.0190,0.0350,8.0000,1.3850,1.4450,63.0000
1789467456.8309,-0.0720,-0.0900,-12.0000,1.2940,1.2300,67.0000,0.0190,0.0050,10.0000,1.3850,1.3760,66.0000
1789467456.8820,-0.0720,-0.0820,-12.0000,1.2940,1.3450,61.0000,0.0190,0.0180,9.0000,1.3850,1.4370,63.0000
1789467456.9314,-0.0720,-0.0840,-12.0000,1.2940,1.3640,59.0000,0.0190,0.0690,6.0000,1.3850,1.4110,64.0000
1789467456.9814,-0.0720,-0.0560,-13.0000,1.2940,1.2380,66.0000,0.0190,0.0700,6.0000,1.3850,1.4080,64.0000
1789467457.0314,-0.0720,-0.0830,-12.0000,1.2940,1.2570,65.0000,0.0190,0.0120,8.0000,1.3850,1.4020,64.0000
1789467457.0815,-0.0720,-0.0670,-12.0000,1.2940,1.2230,67.0000,0.0190,0.0040,9.0000,1.3850,1.4290,62.0000
1789467457.1313,-0.0720,-0.0820,-12.0000,1.2940,1.2670,66.0000,0.0190,0.0110,8.0000,1.3850,1.4040,63.0000
1789467457.1815,-0.0720,-0.1080,-10.0000,1.2940,1.3120,63.0000,0.0190,0.0150,8.0000,1.3850,1.4140,62.0000
1789467457.2314,-0.0720,-0.0950,-10.0000,1.2940,1.3880,59.0000,0.0190,0.0100,9.0000,1.3850,1.3950,63.0000
1789467457.2815,-0.0720,-0.0840,-11.0000,1.2940,1.3620,60.0000,0.0190,0.0100,9.0000,1.3850,1.4020,62.0000
1789467457.3316,-0.0720,-0.0570,-12.0000,1.2940,1.1800,70.0000,0.0190,-0.0010,10.0000,1.3850,1.3760,63.0000
1789467457.3816,-0.0720,-0.0840,-11.0000,1.2940,1.2480,66.0000,0.0190,0.0070,9.0000,1.3850,1.3930,62.0000
1789467457.4314,-0.0720,-0.0730,-11.0000,1.2940,1.2290,68.0000,0.0190,0.0010,10.0000,1.3850,1.4000,62.0000
1789467457.4821,-0.0720,-0.0870,-10.0000,1.2940,1.2800,65.0000,0.0190,0.0080,10.0000,1.3850,1.3890,62.0000
1789467457.5318,-0.0720,-0.0870,-10.0000,1.2940,1.3540,61.0000,0.0190,0.0060,10.0000,1.3850,1.3980,62.0000
1789467457.5815,-0.0720,-0.1040,-9.0000,1.2940,1.3800,59.0000,0.0190,0.0160,10.0000,1.3850,1.3880,62.0000
1789467457.6315,-0.0720,-0.0800,-10.0000,1.2940,1.3630,60.0000,0.0190,0.0110,10.0000,1.3850,1.4010,61.0000
1789467457.6826,-0.0720,-0.0430,-12.0000,1.2940,1.1440,72.0000,0.0190,0.0310,9.0000,1.3850,1.3780,63.0000
1789467457.7314,-0.0720,-0.0780,-10.0000,1.2940,1.2870,64.0000,0.0190,0.0410,8.0000,1.3850,1.4030,61.0000
1789467457.7838,-0.0720,-0.0270,-13.0000,1.2940,1.3180,62.0000,0.0190,0.0690,6.0000,1.3850,1.3760,62.0000
1789467457.8314,-0.0720,-0.0680,-11.0000,1.2940,1.2900,64.0000,0.0190,0.0150,9.0000,1.3850,1.3930,61.0000
1789467457.8828,-0.0720,-0.0510,-12.0000,1.2940,1.3000,63.0000,0.0190,0.0010,10.0000,1.3850,1.3730,63.0000
1789467457.9315,-0.0720,-0.0820,-11.0000,1.2940,1.2740,65.0000,0.0190,0.0020,10.0000,1.3850,1.3980,61.0000
1789467457.9823,-0.0720,-0.0260,-14.0000,1.2940,1.2750,65.0000,0.0190,0.0110,9.0000,1.3850,1.3710,63.0000
1789467458.0316,-0.0720,-0.0770,-11.0000,1.2940,1.3060,63.0000,0.0190,0.0060,10.0000,1.3850,1.4000,61.0000
1789467458.0814,-0.0720,-0.0690,-12.0000,1.2940,1.2910,64.0000,0.0190,0.0050,10.0000,1.3850,1.3560,63.0000
1789467458.1315,-0.0720,-0.0860,-11.0000,1.2940,1.2910,64.0000,0.0190,0.0010,10.0000,1.3850,1.3880,62.0000
1789467458.1815,-0.0720,-0.0810,-11.0000,1.2940,1.3520,61.0000,0.0190,0.0030,10.0000,1.3850,1.3530,64.0000
1789467458.2316,-0.0720,-0.0670,-12.0000,1.2940,1.3220,62.0000,0.0190,0.0280,9.0000,1.3850,1.4000,61.0000
1789467458.2815,-0.0720,-0.0700,-12.0000,1.2940,1.1470,72.0000,0.0190,0.0720,6.0000,1.3850,1.3340,65.0000
1789467458.3316,-0.0720,-0.0380,-14.0000,1.2940,1.1850,71.0000,0.0190,0.0090,10.0000,1.3850,1.3860,62.0000
1789467458.3815,-0.0720,-0.0720,-12.0000,1.2940,1.2690,67.0000,0.0190,0.0290,9.0000,1.3850,1.3800,63.0000
1789467458.4317,-0.0720,-0.0960,-11.0000,1.2940,1.2970,66.0000,0.0190,0.0560,7.0000,1.3850,1.4190,61.0000
1789467458.4815,-0.0720,-0.0860,-11.0000,1.2940,1.3350,64.0000,0.0190,0.0140,9.0000,1.3850,1.3730,63.0000
1789467458.5315,-0.0720,-0.0670,-12.0000,1.2940,1.4100,59.0000,0.0190,0.0030,10.0000,1.3850,1.4030,62.0000
1789467458.5816,-0.0720,-0.1030,-10.0000,1.2940,1.2960,65.0000,0.0190,0.0120,9.0000,1.3850,1.3750,63.0000
1789467458.6315,-0.0720,-0.0870,-10.0000,1.2940,1.2520,67.0000,0.0190,0.0010,10.0000,1.3850,1.4040,61.0000
1789467458.6815,-0.0720,-0.0820,-11.0000,1.2940,1.2350,69.0000,0.0190,0.0030,10.0000,1.3850,1.3800,63.0000
1789467458.7339,-0.0720,-0.0690,-11.0000,1.2940,1.2430,69.0000,0.0190,0.0030,10.0000,1.3850,1.4030,61.0000
1789467458.7815,-0.0720,-0.0780,-11.0000,1.2940,1.3330,64.0000,0.0190,0.0110,10.0000,1.3850,1.3720,63.0000
1789467458.8313,-0.0720,-0.1300,-7.0000,1.2940,1.3360,64.0000,0.0190,0.0500,8.0000,1.3850,1.3940,62.0000
1789467458.8817,-0.0720,-0.1310,-7.0000,1.2940,1.3980,60.0000,0.0190,0.1190,4.0000,1.3850,1.3720,63.0000
1789467458.9314,-0.0720,-0.0930,-9.0000,1.2940,1.2990,65.0000,0.0190,0.0250,8.0000,1.3850,1.3950,62.0000
1789467458.9815,-0.0720,-0.0420,-11.0000,1.2940,1.2780,65.0000,0.0190,0.0020,9.0000,1.3850,1.3840,63.0000
1789467459.0318,-0.0720,-0.0660,-10.0000,1.2940,1.3000,64.0000,0.0190,0.0030,9.0000,1.3850,1.3970,62.0000
1789467459.0815,-0.0720,-0.1070,-8.0000,1.2940,1.3110,64.0000,0.0190,0.0130,9.0000,1.3850,1.3820,63.0000
1789467459.1314,-0.0720,-0.0850,-9.0000,1.2940,1.3050,64.0000,0.0190,0.0020,9.0000,1.3850,1.3950,62.0000
1789467459.1813,-0.0720,-0.0860,-8.0000,1.2940,1.2820,65.0000,0.0190,0.0030,9.0000,1.3850,1.3880,62.0000
1789467459.2313,-0.0720,-0.0800,-9.0000,1.2940,1.2600,66.0000,0.0190,0.0020,10.0000,1.3850,1.3620,64.0000
1789467459.2816,-0.0720,-0.0790,-8.0000,1.2940,1.2760,66.0000,0.0190,0.0000,10.0000,1.3850,1.3920,62.0000
1789467459.3316,-0.0720,-0.0930,-7.0000,1.2940,1.2610,67.0000,0.0190,0.0040,10.0000,1.3850,1.3890,62.0000
1789467459.3818,-0.0720,-0.0820,-8.0000,1.2940,1.2720,67.0000,0.0190,0.0030,10.0000,1.3850,1.3950,62.0000
1789467459.4315,-0.0720,-0.0500,-10.0000,1.2940,1.3180,64.0000,0.0190,0.0060,10.0000,1.3850,1.3810,63.0000
1789467459.4815,-0.0720,-0.1020,-7.0000,1.2940,1.3450,63.0000,0.0190,0.0700,7.0000,1.3850,1.3950,62.0000
1789467459.5313,-0.0720,-0.0940,-7.0000,1.2940,1.3380,63.0000,0.0190,0.0870,5.0000,1.3850,1.3780,63.0000
1789467459.5816,-0.0720,-0.0250,-11.0000,1.2940,1.2550,67.0000,0.0190,0.0220,9.0000,1.3850,1.3970,62.0000
1789467459.6314,-0.0720,-0.0390,-10.0000,1.2940,1.2730,66.0000,0.0190,0.0090,9.0000,1.3850,1.3770,63.0000
1789467459.6815,-0.0720,-0.0760,-8.0000,1.2940,1.2900,65.0000,0.0190,0.0060,9.0000,1.3850,1.3960,61.0000
1789467459.7324,-0.0720,-0.0180,-12.0000,1.2940,1.2960,65.0000,0.0190,0.0030,9.0000,1.3850,1.3720,63.0000
1789467459.7816,-0.0720,-0.0600,-10.0000,1.2940,1.3420,62.0000,0.0190,0.0050,9.0000,1.3850,1.4010,61.0000
1789467459.8315,-0.0720,-0.0550,-11.0000,1.2940,1.3450,62.0000,0.0190,0.0130,9.0000,1.3850,1.3690,63.0000
1789467459.8816,-0.0720,-0.0950,-8.0000,1.2940,1.3440,61.0000,0.0190,0.0710,6.0000,1.3850,1.3920,62.0000
1789467459.9315,-0.0720,-0.0460,-11.0000,1.2940,1.2330,67.0000,0.0190,0.0550,7.0000,1.3850,1.3610,63.0000
1789467459.9816,-0.0720,-0.0690,-10.0000,1.2940,1.2730,65.0000,0.0190,0.0120,9.0000,1.3850,1.3850,62.0000
1789467460.0314,-0.0720,-0.0500,-11.0000,1.2940,1.2740,65.0000,0.0190,0.0110,8.0000,1.3850,1.3670,63.0000
1789467460.0816,-0.0720,-0.0780,-10.0000,1.2940,1.3070,64.0000,0.0190,0.0210,8.0000,1.3850,1.3990,61.0000
1789467460.1314,-0.0720,-0.1040,-8.0000,1.2940,1.3270,63.0000,0.0190,0.0280,8.0000,1.3850,1.3700,63.0000
1789467460.1815,-0.0720,-0.1340,-7.0000,1.2940,1.3150,63.0000,0.0190,0.0190,8.0000,1.3850,1.3860,62.0000
1789467460.2316,-0.0720,-0.0760,-9.0000,1.2940,1.2660,66.0000,0.0190,0.0200,8.0000,1.3850,1.3760,63.0000
1789467460.2816,-0.0720,-0.0470,-11.0000,1.2940,1.2770,65.0000,0.0190,0.0270,7.0000,1.3850,1.3970,62.0000
1789467460.3315,-0.0720,-0.0960,-8.0000,1.2940,1.2550,67.0000,0.0190,0.0330,7.0000,1.3850,1.3780,63.0000
1789467460.3838,-0.0720,-0.0850,-9.0000,1.2940,1.2770,66.0000,0.0190,0.0240,7.0000,1.3850,1.4100,61.0000
1789467460.4315,-0.0720,-0.0710,-9.0000,1.2940,1.3100,64.0000,0.0190,0.0410,6.0000,1.3850,1.3810,63.0000
1789467460.4828,-0.0720,-0.1060,-7.0000,1.2940,1.2930,65.0000,0.0190,0.0260,7.0000,1.3850,1.4030,61.0000
1789467460.5326,-0.0720,-0.0650,-9.0000,1.2940,1.3010,65.0000,0.0190,0.0040,8.0000,1.3850,1.3760,63.0000
1789467460.5839,-0.0720,-0.0530,-10.0000,1.2940,1.2430,68.0000,0.0190,0.0000,8.0000,1.3850,1.3960,62.0000
1789467460.6325,-0.0720,-0.0690,-9.0000,1.2940,1.2930,65.0000,0.0190,0.0010,9.0000,1.3850,1.3700,63.0000
1789467460.6843,-0.0720,-0.0620,-10.0000,1.2940,1.2790,66.0000,0.0190,0.0090,8.0000,1.3850,1.3930,62.0000
1789467460.7333,-0.0720,-0.0830,-9.0000,1.2940,1.3010,65.0000,0.0190,0.0070,9.0000,1.3850,1.3760,63.0000
1789467460.7830,-0.0720,-0.1030,-7.0000,1.2940,1.3670,61.0000,0.0190,0.0060,9.0000,1.3850,1.3990,62.0000
1789467460.8325,-0.0720,-0.0850,-8.0000,1.2940,1.3320,63.0000,0.0190,0.0020,9.0000,1.3850,1.3850,62.0000
1789467460.8828,-0.0720,-0.0500,-10.0000,1.2940,1.2710,66.0000,0.0190,0.0000,10.0000,1.3850,1.3980,62.0000
1789467460.9326,-0.0720,-0.0470,-10.0000,1.2940,1.2600,67.0000,0.0190,0.0040,10.0000,1.3850,1.3860,62.0000
1789467460.9824,-0.0720,-0.0170,-12.0000,1.2940,1.2750,66.0000,0.0190,0.0080,9.0000,1.3850,1.3860,62.0000
1789467461.0326,-0.0720,-0.0500,-11.0000,1.2940,1.2880,65.0000,0.0190,0.0060,10.0000,1.3850,1.3770,63.0000
1789467461.0838,-0.0720,-0.0780,-9.0000,1.2940,1.3270,63.0000,0.0190,0.0240,9.0000,1.3850,1.3800,63.0000
1789467461.1335,-0.0720,-0.1260,-6.0000,1.2940,1.3440,62.0000,0.0190,0.1030,4.0000,1.3850,1.3780,63.0000
1789467461.1836,-0.0720,-0.0800,-9.0000,1.2940,1.3040,64.0000,0.0190,0.0810,5.0000,1.3850,1.3820,63.0000
1789467461.2336,-0.0720,-0.0900,-8.0000,1.2940,1.2630,66.0000,0.0190,0.0070,9.0000,1.3850,1.3850,62.0000
1789467461.2836,-0.0720,-0.0620,-9.0000,1.2940,1.2740,66.0000,0.0190,0.0020,9.0000,1.3850,1.3880,62.0000
1789467461.3336,-0.0720,-0.0530,-10.0000,1.2940,1.2700,66.0000,0.0190,0.0000,9.0000,1.3850,1.3900,62.0000
1789467461.3836,-0.0720,-0.0930,-8.0000,1.2940,1.3150,64.0000,0.0190,0.0060,9.0000,1.3850,1.3790,63.0000
1789467461.4334,-0.0720,-0.0940,-8.0000,1.2940,1.3090,64.0000,0.0190,0.0040,9.0000,1.3850,1.3980,62.0000
1789467461.4836,-0.0720,-0.0690,-9.0000,1.2940,1.2750,66.0000,0.0190,0.0160,9.0000,1.3850,1.3710,63.0000
1789467461.5336,-0.0720,-0.0740,-8.0000,1.2940,1.2240,69.0000,0.0190,0.0020,10.0000,1.3850,1.3910,62.0000
1789467461.5835,-0.0720,-0.0170,-12.0000,1.2940,1.2510,68.0000,0.0190,0.0080,9.0000,1.3850,1.3750,63.0000
1789467461.6338,-0.0720,-0.0790,-8.0000,1.2940,1.2630,68.0000,0.0190,0.0600,6.0000,1.3850,1.3990,61.0000
1789467461.6836,-0.0720,-0.0550,-10.0000,1.2940,1.2740,68.0000,0.0190,0.0910,4.0000,1.3850,1.3690,63.0000
1789467461.7336,-0.0720,-0.1000,-8.0000,1.2940,1.3300,64.0000,0.0190,0.0490,6.0000,1.3850,1.4010,61.0000
1789467461.7835,-0.0720,-0.0980,-8.0000,1.2940,1.3890,61.0000,0.0190,0.0210,7.0000,1.3850,1.3770,63.0000
1789467461.8335,-0.0720,-0.0580,-10.0000,1.2940,1.2910,66.0000,0.0190,0.0520,5.0000,1.3850,1.4010,61.0000
1789467461.8838,-0.0720,-0.0480,-10.0000,1.2940,1.2630,67.0000,0.0190,0.0500,5.0000,1.3850,1.3700,63.0000
1789467461.9339,-0.0720,-0.0180,-12.0000,1.2940,1.2280,69.0000,0.0190,0.0250,6.0000,1.3850,1.4010,61.0000
1789467461.9836,-0.0720,-0.0580,-10.0000,1.2940,1.2580,68.0000,0.0190,0.0380,5.0000,1.3850,1.3680,63.0000
1789467462.0351,-0.0720,-0.0560,-11.0000,1.2940,1.3520,63.0000,0.0190,0.0210,6.0000,1.3850,1.3980,61.0000
1789467462.0836,-0.0720,-0.1090,-8.0000,1.2940,1.3340,64.0000,0.0190,0.0390,5.0000,1.3850,1.3720,63.0000
1789467462.1337,-0.0720,-0.0860,-9.0000,1.2940,1.3840,60.0000,0.0190,0.1050,1.0000,1.3850,1.3980,61.0000
1789467462.1837,-0.0720,-0.0470,-11.0000,1.2940,1.2470,68.0000,0.0190,0.0960,0.0000,1.3850,1.3750,63.0000
1789467462.2336,-0.0720,-0.0930,-9.0000,1.2940,1.2000,70.0000,0.0190,0.0110,5.0000,1.3850,1.4060,61.0000
1789467462.2836,-0.0720,-0.0560,-11.0000,1.2940,1.2530,68.0000,0.0190,0.0020,5.0000,1.3850,1.3720,63.0000
1789467462.3337,-0.0720,-0.0500,-11.0000,1.2940,1.3070,65.0000,0.0190,0.0060,5.0000,1.3850,1.3930,62.0000
1789467462.3835,-0.0720,-0.0640,-11.0000,1.2940,1.3620,62.0000,0.0190,0.0850,0.0000,1.3850,1.3710,63.0000
1789467462.4337,-0.0720,-0.0560,-11.0000,1.2940,1.3900,60.0000,0.0190,0.1620,-5.0000,1.3850,1.4000,61.0000
1789467462.4836,-0.0720,-0.0720,-10.0000,1.2940,1.3720,60.0000,0.0190,0.1220,-4.0000,1.3850,1.3750,63.0000
1789467462.5336,-0.0720,-0.0520,-12.0000,1.2940,1.2450,67.0000,0.0190,0.0510,-1.0000,1.3850,1.3940,62.0000
1789467462.5837,-0.0720,-0.0890,-10.0000,1.2940,1.2850,64.0000,0.0190,0.0070,1.0000,1.3850,1.3700,63.0000
1789467462.6359,-0.0720,-0.0460,-12.0000,1.2940,1.2750,65.0000,0.0190,0.0050,1.0000,1.3850,1.3820,62.0000
1789467462.6844,-0.0720,-0.0800,-10.0000,1.2940,1.2510,67.0000,0.0190,0.0000,1.0000,1.3850,1.3650,63.0000
1789467462.7338,-0.0720,-0.0890,-10.0000,1.2940,1.2870,65.0000,0.0190,0.0000,1.0000,1.3850,1.3790,63.0000
1789467462.7837,-0.0720,-0.0890,-10.0000,1.2940,1.3030,64.0000,0.0190,0.0000,2.0000,1.3850,1.3640,64.0000
1789467462.8341,-0.0720,-0.0670,-11.0000,1.2940,1.2820,65.0000,0.0190,0.0000,2.0000,1.3850,1.3820,63.0000
1789467462.8837,-0.0720,-0.0940,-9.0000,1.2940,1.2880,65.0000,0.0190,0.0000,2.0000,1.3850,1.3680,64.0000
1789467462.9336,-0.0720,-0.0760,-10.0000,1.2940,1.2710,66.0000,0.0190,0.0000,2.0000,1.3850,1.3650,64.0000
1789467462.9837,-0.0720,-0.0870,-9.0000,1.2940,1.2850,65.0000,0.0190,0.0000,3.0000,1.3850,1.3790,64.0000
1789467463.0337,-0.0720,-0.0870,-9.0000,1.2940,1.3270,63.0000,0.0190,0.0000,3.0000,1.3850,1.4080,62.0000
1789467463.0837,-0.0720,-0.0780,-9.0000,1.2940,1.3180,64.0000,0.0190,0.0000,3.0000,1.3850,1.4040,62.0000
1789467463.1348,-0.0720,-0.0820,-9.0000,1.2940,1.2670,66.0000,0.0190,0.0000,3.0000,1.3850,1.4150,61.0000
1789467463.1835,-0.0720,-0.0540,-11.0000,1.2940,1.2500,67.0000,0.0190,0.0000,3.0000,1.3850,1.4060,62.0000
1789467463.2336,-0.0720,-0.0620,-10.0000,1.2940,1.2760,66.0000,0.0190,0.0000,4.0000,1.3850,1.3970,62.0000
1789467463.2860,-0.0720,-0.0400,-12.0000,1.2940,1.2800,66.0000,0.0190,0.0000,4.0000,1.3850,1.4060,61.0000
1789467463.3337,-0.0720,-0.0920,-9.0000,1.2940,1.2790,67.0000,0.0190,0.0000,4.0000,1.3850,1.3850,62.0000
1789467463.3838,-0.0720,-0.0550,-11.0000,1.2940,1.3470,63.0000,0.0190,0.0000,4.0000,1.3850,1.4020,61.0000
1789467463.4337,-0.0720,-0.0500,-11.0000,1.2940,1.3100,65.0000,0.0190,0.0040,4.0000,1.3850,1.3780,62.0000
1789467463.4837,-0.0720,-0.0560,-11.0000,1.2940,1.2420,68.0000,0.0190,0.0010,5.0000,1.3850,1.3880,62.0000
1789467463.5337,-0.0720,-0.0580,-11.0000,1.2940,1.2840,66.0000,0.0190,0.0000,5.0000,1.3850,1.3780,62.0000
1789467463.5837,-0.0720,-0.0350,-13.0000,1.2940,1.2750,67.0000,0.0190,0.0010,5.0000,1.3850,1.4080,60.0000
1789467463.6335,-0.0720,-0.0830,-10.0000,1.2940,1.2880,66.0000,0.0190,0.0000,6.0000,1.3850,1.3840,62.0000
1789467463.6838,-0.0720,-0.0790,-11.0000,1.2940,1.3430,63.0000,0.0190,0.0080,5.0000,1.3850,1.4110,60.0000
1789467463.7335,-0.0720,-0.0680,-11.0000,1.2940,1.3520,63.0000,0.0190,0.0330,4.0000,1.3850,1.3760,62.0000
1789467463.7836,-0.0720,-0.0710,-11.0000,1.2940,1.3320,63.0000,0.0190,0.1060,0.0000,1.3850,1.3560,63.0000
1789467463.8337,-0.0720,-0.0430,-13.0000,1.2940,1.2570,67.0000,0.0190,0.0570,2.0000,1.3850,1.3630,63.0000
1789467463.8838,-0.0720,-0.0720,-11.0000,1.2940,1.3110,64.0000,0.0190,0.0060,4.0000,1.3850,1.4160,60.0000
1789467463.9337,-0.0720,-0.0250,-14.0000,1.2940,1.2860,65.0000,0.0190,0.0000,4.0000,1.3850,1.3790,62.0000
1789467463.9839,-0.0720,-0.0630,-12.0000,1.2940,1.3010,64.0000,0.0190,0.0000,5.0000,1.3850,1.4200,59.0000
1789467464.0340,-0.0720,-0.0400,-14.0000,1.2940,1.3050,64.0000,0.0190,0.0110,4.0000,1.3850,1.3760,62.0000
1789467464.0855,-0.0720,-0.0720,-12.0000,1.2940,1.2460,68.0000,0.0190,0.0060,5.0000,1.3850,1.3730,62.0000
1789467464.1337,-0.0720,-0.0680,-13.0000,1.2940,1.2860,65.0000,0.0190,0.0000,5.0000,1.3850,1.3670,62.0000
1789467464.1838,-0.0720,-0.0750,-12.0000,1.2940,1.2790,66.0000,0.0190,0.0000,5.0000,1.3850,1.3980,61.0000
1789467464.2338,-0.0720,-0.0970,-11.0000,1.2940,1.3010,65.0000,0.0190,0.0000,6.0000,1.3850,1.3860,62.0000
1789467464.2836,-0.0720,-0.0670,-13.0000,1.2940,1.3020,65.0000,0.0190,0.0000,6.0000,1.3850,1.4080,60.0000
1789467464.3336,-0.0720,-0.0610,-13.0000,1.2940,1.3030,65.0000,0.0190,0.0120,5.0000,1.3850,1.3840,61.0000
1789467464.3848,-0.0720,-0.1070,-10.0000,1.2940,1.3180,64.0000,0.0190,0.0480,3.0000,1.3850,1.3530,63.0000
1789467464.4337,-0.0720,-0.0340,-14.0000,1.2940,1.3030,65.0000,0.0190,0.0930,1.0000,1.3850,1.3740,62.0000
1789467464.4836,-0.0720,-0.0740,-12.0000,1.2940,1.2920,65.0000,0.0190,0.0550,2.0000,1.3850,1.4030,61.0000
1789467464.5337,-0.0720,-0.0790,-12.0000,1.2940,1.3070,64.0000,0.0190,0.0070,4.0000,1.3850,1.3870,62.0000
1789467464.5837,-0.0720,-0.0370,-15.0000,1.2940,1.2840,65.0000,0.0190,0.0010,5.0000,1.3850,1.4120,60.0000
1789467464.6353,-0.0720,-0.0130,-16.0000,1.2940,1.2740,66.0000,0.0190,0.0040,5.0000,1.3850,1.3850,61.0000
1789467464.6847,-0.0720,-0.0520,-14.0000,1.2940,1.2950,65.0000,0.0190,0.0090,4.0000,1.3850,1.3760,62.0000
1789467464.7347,-0.0720,-0.0930,-12.0000,1.2940,1.3320,63.0000,0.0190,0.0400,3.0000,1.3850,1.3440,64.0000
1789467464.7846,-0.0720,-0.0560,-15.0000,1.2940,1.3100,64.0000,0.0190,0.0840,0.0000,1.3850,1.4000,61.0000
1789467464.8347,-0.0720,-0.0170,-17.0000,1.2940,1.3020,64.0000,0.0190,0.0130,4.0000,1.3850,1.4010,61.0000
1789467464.8846,-0.0720,-0.0830,-13.0000,1.2940,1.3060,64.0000,0.0190,0.0060,4.0000,1.3850,1.4000,61.0000
1789467464.9353,-0.0720,-0.0610,-15.0000,1.2940,1.2790,65.0000,0.0190,0.0290,3.0000,1.3850,1.3770,62.0000
1789467464.9846,-0.0720,-0.0850,-14.0000,1.2940,1.2980,64.0000,0.0190,0.0410,2.0000,1.3850,1.3430,64.0000
1789467465.0347,-0.0720,-0.1070,-12.0000,1.2940,1.3320,62.0000,0.0190,0.0290,2.0000,1.3850,1.3410,64.0000
1789467465.0847,-0.0720,-0.0590,-15.0000,1.2940,1.2940,64.0000,0.0190,0.0620,0.0000,1.3850,1.4010,61.0000
1789467465.1346,-0.0720,-0.0520,-15.0000,1.2940,1.3000,63.0000,0.0190,0.0560,0.0000,1.3850,1.4110,61.0000
1789467465.1848,-0.0720,-0.0450,-16.0000,1.2940,1.3030,63.0000,0.0190,0.0120,2.0000,1.3850,1.3980,62.0000
1789467465.2348,-0.0720,-0.0680,-15.0000,1.2940,1.2980,63.0000,0.0190,0.0280,1.0000,1.3850,1.4140,60.0000
1789467465.2846,-0.0720,-0.0990,-13.0000,1.2940,1.2870,64.0000,0.0190,0.0190,2.0000,1.3850,1.3200,66.0000
1789467465.3355,-0.0720,-0.1110,-12.0000,1.2940,1.3130,62.0000,0.0190,0.0020,3.0000,1.3850,1.3890,62.0000
1789467465.3845,-0.0720,-0.0880,-13.0000,1.2940,1.3210,62.0000,0.0190,0.0030,3.0000,1.3850,1.3710,63.0000
1789467465.4361,-0.0720,-0.0370,-16.0000,1.2940,1.2970,63.0000,0.0190,0.0000,3.0000,1.3850,1.4320,59.0000
1789467465.4847,-0.0720,-0.0320,-16.0000,1.2940,1.2990,63.0000,0.0190,0.0000,3.0000,1.3850,1.3930,62.0000
1789467465.5348,-0.0720,-0.0640,-15.0000,1.2940,1.2860,63.0000,0.0190,0.0030,3.0000,1.3850,1.4200,60.0000
1789467465.5846,-0.0720,-0.0920,-13.0000,1.2940,1.2700,64.0000,0.0190,0.0020,4.0000,1.3850,1.3250,65.0000
1789467465.6365,-0.0720,-0.0920,-13.0000,1.2940,1.3070,62.0000,0.0190,0.0000,4.0000,1.3850,1.3670,63.0000
1789467465.6848,-0.0720,-0.1060,-12.0000,1.2940,1.3190,61.0000,0.0190,0.0000,4.0000,1.3850,1.3850,62.0000
1789467465.7348,-0.0720,-0.0310,-16.0000,1.2940,1.2850,63.0000,0.0190,0.0000,4.0000,1.3850,1.4270,60.0000
1789467465.7847,-0.0720,-0.0130,-17.0000,1.2940,1.3070,62.0000,0.0190,0.0000,5.0000,1.3850,1.3990,61.0000
1789467465.8347,-0.0720,-0.0530,-15.0000,1.2940,1.2840,63.0000,0.0190,0.0020,5.0000,1.3850,1.4180,60.0000
1789467465.8848,-0.0720,-0.0850,-14.0000,1.2940,1.2800,63.0000,0.0190,0.0070,5.0000,1.3850,1.3050,66.0000
1789467465.9348,-0.0720,-0.1010,-13.0000,1.2940,1.2970,63.0000,0.0190,0.0020,5.0000,1.3850,1.3760,62.0000
1789467465.9847,-0.0720,-0.1090,-12.0000,1.2940,1.3280,61.0000,0.0190,0.0040,5.0000,1.3850,1.3670,63.0000
1789467466.0349,-0.0720,-0.1060,-12.0000,1.2940,1.3190,61.0000,0.0190,0.0020,6.0000,1.3850,1.4240,60.0000
1789467466.0847,-0.0720,-0.0250,-16.0000,1.2940,1.3020,62.0000,0.0190,0.0000,6.0000,1.3850,1.4010,61.0000
1789467466.1347,-0.0720,-0.0520,-15.0000,1.2940,1.2900,62.0000,0.0190,0.0030,6.0000,1.3850,1.4200,60.0000
1789467466.1846,-0.0720,-0.0940,-13.0000,1.2940,1.2510,65.0000,0.0190,0.0260,5.0000,1.3850,1.2900,67.0000
1789467466.2347,-0.0720,-0.0880,-13.0000,1.2940,1.2900,62.0000,0.0190,0.0600,3.0000,1.3850,1.3680,63.0000
1789467466.2847,-0.0720,-0.0720,-14.0000,1.2940,1.3140,61.0000,0.0190,0.0860,1.0000,1.3850,1.3690,63.0000
1789467466.3363,-0.0720,-0.0600,-14.0000,1.2940,1.3090,61.0000,0.0190,0.0250,4.0000,1.3850,1.3890,62.0000
1789467466.3847,-0.0720,-0.0240,-16.0000,1.2940,1.2820,63.0000,0.0190,0.0010,5.0000,1.3850,1.3970,62.0000
1789467466.4348,-0.0720,-0.0700,-14.0000,1.2940,1.2710,64.0000,0.0190,0.0010,5.0000,1.3850,1.3820,63.0000
1789467466.4847,-0.0720,-0.1130,-12.0000,1.2940,1.2750,63.0000,0.0190,0.0020,5.0000,1.3850,1.3200,66.0000
1789467466.5347,-0.0720,-0.0550,-15.0000,1.2940,1.2780,63.0000,0.0190,0.0000,5.0000,1.3850,1.3720,64.0000
1789467466.5847,-0.0720,-0.1210,-11.0000,1.2940,1.2890,63.0000,0.0190,0.0020,6.0000,1.3850,1.3670,64.0000
1789467466.6346,-0.0720,-0.1170,-11.0000,1.2940,1.3450,60.0000,0.0190,0.0060,6.0000,1.3850,1.3640,65.0000
1789467466.6847,-0.0720,-0.0980,-11.0000,1.2940,1.2990,62.0000,0.0190,0.0030,6.0000,1.3850,1.3490,66.0000
1789467466.7354,-0.0720,-0.0430,-14.0000,1.2940,1.2890,63.0000,0.0190,0.0000,6.0000,1.3850,1.3830,64.0000
1789467466.7847,-0.0720,-0.0620,-13.0000,1.2940,1.2770,63.0000,0.0190,0.0000,6.0000,1.3850,1.3260,68.0000
1789467466.8347,-0.0720,-0.0970,-11.0000,1.2940,1.2770,63.0000,0.0190,0.0040,6.0000,1.3850,1.3510,67.0000
1789467466.8848,-0.0720,-0.0850,-12.0000,1.2940,1.2940,63.0000,0.0190,0.0100,6.0000,1.3850,1.3750,66.0000
1789467466.9349,-0.0720,-0.1020,-11.0000,1.2940,1.3120,62.0000,0.0190,0.0160,6.0000,1.3850,1.3920,65.0000
1789467466.9847,-0.0720,-0.0990,-11.0000,1.2940,1.3380,60.0000,0.0190,0.0550,4.0000,1.3850,1.3650,67.0000
1789467467.0348,-0.0720,-0.0380,-14.0000,1.2940,1.3240,60.0000,0.0190,0.0260,5.0000,1.3850,1.3740,67.0000
1789467467.0847,-0.0720,-0.0200,-15.0000,1.2940,1.2850,62.0000,0.0190,0.0020,7.0000,1.3850,1.3180,70.0000
1789467467.1348,-0.0720,-0.0850,-11.0000,1.2940,1.2970,62.0000,0.0190,0.0180,6.0000,1.3850,1.3150,71.0000
1789467467.1847,-0.0720,-0.0700,-12.0000,1.2940,1.2960,62.0000,0.0190,0.0250,5.0000,1.3850,1.3690,68.0000
1789467467.2349,-0.0720,-0.0720,-12.0000,1.2940,1.3190,60.0000,0.0190,0.0080,6.0000,1.3850,1.4290,65.0000
1789467467.2848,-0.0720,-0.0750,-12.0000,1.2940,1.3210,60.0000,0.0190,0.0030,7.0000,1.3850,1.3890,68.0000
1789467467.3347,-0.0720,-0.0330,-15.0000,1.2940,1.3160,60.0000,0.0190,0.0000,7.0000,1.3850,1.3870,68.0000
1789467467.3849,-0.0720,-0.0240,-15.0000,1.2940,1.3080,60.0000,0.0190,0.0000,7.0000,1.3850,1.3550,69.0000
1789467467.4348,-0.0720,-0.0360,-15.0000,1.2940,1.2980,60.0000,0.0190,0.0000,7.0000,1.3850,1.3130,72.0000
1789467467.4861,-0.0720,-0.0280,-16.0000,1.2940,1.3190,59.0000,0.0190,0.0000,8.0000,1.3850,1.3430,71.0000
1789467467.5358,-0.0720,-0.0540,-15.0000,1.2940,1.3340,58.0000,0.0190,0.0020,8.0000,1.3850,1.3620,70.0000
1789467467.5858,-0.0720,-0.0720,-14.0000,1.2940,1.3060,59.0000,0.0190,0.0000,8.0000,1.3850,1.4020,69.0000
1789467467.6357,-0.0720,-0.0720,-14.0000,1.2940,1.3260,58.0000,0.0190,0.0000,8.0000,1.3850,1.4160,68.0000
1789467467.6857,-0.0720,-0.0450,-16.0000,1.2940,1.2950,60.0000,0.0190,0.0000,9.0000,1.3850,1.4060,68.0000
1789467467.7358,-0.0720,-0.0730,-15.0000,1.2940,1.3000,59.0000,0.0190,0.0080,8.0000,1.3850,1.2840,75.0000
1789467467.7856,-0.0720,-0.0300,-17.0000,1.2940,1.3010,59.0000,0.0190,0.0020,9.0000,1.3850,1.3570,71.0000
1789467467.8379,-0.0720,-0.0340,-17.0000,1.2940,1.3160,58.0000,0.0190,0.0120,8.0000,1.3850,1.4180,68.0000
1789467467.8868,-0.0720,-0.0630,-16.0000,1.2940,1.3170,58.0000,0.0190,0.0090,9.0000,1.3850,1.4110,69.0000
1789467467.9371,-0.0720,-0.0070,-20.0000,1.2940,1.3080,58.0000,0.0190,0.0010,9.0000,1.3850,1.4270,67.0000
1789467467.9868,-0.0720,-0.0020,-21.0000,1.2940,1.2890,59.0000,0.0190,0.0000,10.0000,1.3850,1.4200,67.0000
1789467468.0372,-0.0720,-0.0000,-22.0000,1.2940,1.2700,60.0000,0.0190,0.0000,10.0000,1.3850,1.3290,72.0000
1789467468.0867,-0.0720,-0.0150,-22.0000,1.2940,1.2980,58.0000,0.0190,0.0280,8.0000,1.3850,1.3680,70.0000
1789467468.1379,-0.0720,-0.0570,-20.0000,1.2940,1.3100,58.0000,0.0190,0.0870,5.0000,1.3850,1.4020,69.0000
1789467468.1868,-0.0720,-0.0380,-21.0000,1.2940,1.3020,58.0000,0.0190,0.0640,6.0000,1.3850,1.4660,65.0000
1789467468.2379,-0.0720,-0.0920,-19.0000,1.2940,1.2980,58.0000,0.0190,0.0220,8.0000,1.3850,1.4410,66.0000
1789467468.2877,-0.0720,-0.0830,-19.0000,1.2940,1.3120,57.0000,0.0190,0.0020,9.0000,1.3850,1.3980,68.0000
1789467468.3383,-0.0720,-0.0570,-21.0000,1.2940,1.2620,60.0000,0.0190,0.0010,9.0000,1.3850,1.3320,71.0000
1789467468.3876,-0.0720,-0.1150,-17.0000,1.2940,1.2830,59.0000,0.0190,0.0030,9.0000,1.3850,1.4070,67.0000
1789467468.4382,-0.0720,-0.1660,-14.0000,1.2940,1.2580,61.0000,0.0190,0.0080,9.0000,1.3850,1.3680,69.0000
1789467468.4878,-0.0720,-0.1390,-15.0000,1.2940,1.2930,59.0000,0.0190,0.0020,9.0000,1.3850,1.4300,66.0000
1789467468.5381,-0.0720,-0.1020,-16.0000,1.2940,1.2740,60.0000,0.0190,0.0000,10.0000,1.3850,1.4320,65.0000
1789467468.5878,-0.0720,-0.1270,-14.0000,1.2940,1.3110,58.0000,0.0190,0.0050,9.0000,1.3850,1.3850,67.0000
1789467468.6380,-0.0720,-0.1270,-13.0000,1.2940,1.2890,59.0000,0.0190,0.0010,10.0000,1.3850,1.2830,73.0000
1789467468.6878,-0.0720,-0.0660,-16.0000,1.2940,1.2650,61.0000,0.0190,0.0000,10.0000,1.3850,1.3420,71.0000
1789467468.7380,-0.0720,-0.1080,-14.0000,1.2940,1.2740,61.0000,0.0190,0.0000,10.0000,1.3850,1.3620,70.0000
1789467468.7877,-0.0720,-0.0830,-15.0000,1.2940,1.3130,59.0000,0.0190,0.0000,11.0000,1.3850,1.3590,71.0000
1789467468.8379,-0.0720,-0.0830,-14.0000,1.2940,1.3000,59.0000,0.0190,0.0080,10.0000,1.3850,1.4120,68.0000
1789467468.8878,-0.0720,-0.0710,-15.0000,1.2940,1.3090,59.0000,0.0190,0.0010,11.0000,1.3850,1.4100,68.0000
1789467468.9384,-0.0720,-0.0240,-18.0000,1.2940,1.2910,60.0000,0.0190,0.0000,11.0000,1.3850,1.3250,73.0000
1789467468.9879,-0.0720,-0.0210,-18.0000,1.2940,1.2840,60.0000,0.0190,0.0000,11.0000,1.3850,1.4120,68.0000
1789467469.0382,-0.0720,-0.0900,-14.0000,1.2940,1.3000,59.0000,0.0190,0.0020,12.0000,1.3850,1.3950,69.0000
1789467469.0877,-0.0720,-0.1220,-13.0000,1.2940,1.2990,59.0000,0.0190,0.0060,12.0000,1.3850,1.4010,69.0000
1789467469.1383,-0.0720,-0.0960,-14.0000,1.2940,1.2920,60.0000,0.0190,0.0100,12.0000,1.3850,1.4200,67.0000
1789467469.1879,-0.0720,-0.0650,-15.0000,1.2940,1.2800,60.0000,0.0190,0.0010,12.0000,1.3850,1.4210,67.0000
1789467469.2382,-0.0720,-0.0740,-15.0000,1.2940,1.3170,58.0000,0.0190,0.0020,12.0000,1.3850,1.3130,73.0000
1789467469.2880,-0.0720,-0.0110,-19.0000,1.2940,1.2920,60.0000,0.0190,0.0000,13.0000,1.3850,1.3340,72.0000
1789467469.3382,-0.0720,-0.0020,-20.0000,1.2940,1.2930,59.0000,0.0190,0.0040,13.0000,1.3850,1.4500,66.0000
1789467469.3884,-0.0720,-0.0140,-20.0000,1.2940,1.3020,59.0000,0.0190,0.0410,11.0000,1.3850,1.4470,66.0000
1789467469.4382,-0.0720,-0.0990,-15.0000,1.2940,1.2920,59.0000,0.0190,0.0620,9.0000,1.3850,1.4260,66.0000
1789467469.4879,-0.0720,-0.1010,-15.0000,1.2940,1.2890,60.0000,0.0190,0.0160,12.0000,1.3850,1.3930,67.0000
1789467469.5381,-0.0720,-0.0170,-20.0000,1.2940,1.3040,59.0000,0.0190,0.0260,11.0000,1.3850,1.3380,70.0000
1789467469.5878,-0.0720,-0.0230,-20.0000,1.2940,1.2870,60.0000,0.0190,0.0130,12.0000,1.3850,1.3300,71.0000
1789467469.6383,-0.0720,-0.0510,-19.0000,1.2940,1.3100,58.0000,0.0190,0.0210,11.0000,1.3850,1.4010,67.0000
1789467469.6893,-0.0720,-0.0380,-20.0000,1.2940,1.2820,60.0000,0.0190,0.0260,11.0000,1.3850,1.4220,66.0000
1789467469.7388,-0.0720,-0.1040,-17.0000,1.2940,1.3170,58.0000,0.0190,0.0360,10.0000,1.3850,1.4060,67.0000
1789467469.7889,-0.0720,-0.0650,-19.0000,1.2940,1.2850,60.0000,0.0190,0.0620,8.0000,1.3850,1.3960,67.0000
1789467469.8389,-0.0720,-0.0510,-20.0000,1.2940,1.3040,58.0000,0.0190,0.0120,11.0000,1.3850,1.3280,71.0000
1789467469.8889,-0.0720,-0.0340,-21.0000,1.2940,1.3060,58.0000,0.0190,0.0080,11.0000,1.3850,1.3020,73.0000
1789467469.9390,-0.0720,-0.0560,-20.0000,1.2940,1.3170,57.0000,0.0190,0.0190,11.0000,1.3850,1.3950,68.0000
1789467469.9908,-0.0720,-0.0250,-22.0000,1.2940,1.2990,58.0000,0.0190,0.0220,10.0000,1.3850,1.4210,67.0000
1789467470.0389,-0.0720,-0.0110,-23.0000,1.2940,1.3000,58.0000,0.0190,0.0040,11.0000,1.3850,1.4790,63.0000
1789467470.0889,-0.0720,-0.0670,-21.0000,1.2940,1.2910,59.0000,0.0190,0.0020,12.0000,1.3850,1.3800,69.0000
1789467470.1387,-0.0720,-0.0770,-20.0000,1.2940,1.2930,58.0000,0.0190,0.0010,12.0000,1.3850,1.2810,74.0000
1789467470.1889,-0.0720,-0.0860,-20.0000,1.2940,1.2960,58.0000,0.0190,0.0010,12.0000,1.3850,1.2940,74.0000
1789467470.2390,-0.0720,-0.0620,-21.0000,1.2940,1.3200,57.0000,0.0190,0.0000,12.0000,1.3850,1.3950,69.0000
1789467470.2889,-0.0720,-0.0350,-23.0000,1.2940,1.3030,58.0000,0.0190,0.0000,13.0000,1.3850,1.4340,67.0000
1789467470.3387,-0.0720,-0.0600,-21.0000,1.2940,1.2880,58.0000,0.0190,0.0050,13.0000,1.3850,1.4680,65.0000
1789467470.3893,-0.0720,-0.0710,-21.0000,1.2940,1.2980,58.0000,0.0190,0.0020,13.0000,1.3850,1.4410,66.0000
1789467470.4390,-0.0720,-0.0890,-20.0000,1.2940,1.2740,59.0000,0.0190,0.0010,13.0000,1.3850,1.3120,73.0000
1789467470.4889,-0.0720,-0.1130,-19.0000,1.2940,1.2930,58.0000,0.0190,0.0000,13.0000,1.3850,1.2830,74.0000
1789467470.5389,-0.0720,-0.0700,-21.0000,1.2940,1.3010,58.0000,0.0190,0.0030,14.0000,1.3850,1.3740,70.0000
1789467470.5889,-0.0720,-0.0750,-21.0000,1.2940,1.3150,57.0000,0.0190,0.0190,13.0000,1.3850,1.4060,69.0000
1789467470.6387,-0.0720,-0.0670,-21.0000,1.2940,1.2860,59.0000,0.0190,0.0080,14.0000,1.3850,1.4750,64.0000
1789467470.6889,-0.0720,-0.0300,-23.0000,1.2940,1.2770,59.0000,0.0190,0.0290,12.0000,1.3850,1.4370,66.0000
1789467470.7392,-0.0720,-0.0860,-20.0000,1.2940,1.2640,60.0000,0.0190,0.0450,11.0000,1.3850,1.3410,71.0000
1789467470.7896,-0.0720,-0.1230,-18.0000,1.2940,1.2770,59.0000,0.0190,0.0840,9.0000,1.3850,1.2660,76.0000
1789467470.8390,-0.0720,-0.1010,-19.0000,1.2940,1.2980,58.0000,0.0190,0.0390,11.0000,1.3850,1.3960,69.0000
1789467470.8907,-0.0720,-0.0620,-21.0000,1.2940,1.3110,58.0000,0.0190,0.0170,12.0000,1.3850,1.3800,70.0000
1789467470.9400,-0.0720,-0.0640,-21.0000,1.2940,1.2780,60.0000,0.0190,0.0070,12.0000,1.3850,1.4310,67.0000
1789467470.9906,-0.0720,-0.0250,-23.0000,1.2940,1.2750,60.0000,0.0190,0.0110,12.0000,1.3850,1.4290,67.0000
1789467471.0399,-0.0720,-0.0340,-23.0000,1.2940,1.2810,60.0000,0.0190,0.0060,13.0000,1.3850,1.3410,72.0000
1789467471.0905,-0.0720,-0.1070,-19.0000,1.2940,1.3000,59.0000,0.0190,0.0080,13.0000,1.3850,1.2930,75.0000
1789467471.1398,-0.0720,-0.0810,-21.0000,1.2940,1.3050,58.0000,0.0190,0.0130,12.0000,1.3850,1.3700,71.0000
1789467471.1908,-0.0720,-0.0840,-20.0000,1.2940,1.3080,58.0000,0.0190,0.0360,11.0000,1.3850,1.4000,70.0000
1789467471.2400,-0.0720,-0.0840,-20.0000,1.2940,1.2910,59.0000,0.0190,0.0720,9.0000,1.3850,1.4330,68.0000
1789467471.2906,-0.0720,-0.0420,-22.0000,1.2940,1.2810,60.0000,0.0190,0.0330,11.0000,1.3850,1.4440,67.0000
1789467471.3413,-0.0720,-0.1040,-19.0000,1.2940,1.2730,60.0000,0.0190,0.0100,12.0000,1.3850,1.3020,75.0000
1789467471.3910,-0.0720,-0.1260,-17.0000,1.2940,1.2620,61.0000,0.0190,0.0150,11.0000,1.3850,1.3010,75.0000
1789467471.4407,-0.0720,-0.0930,-19.0000,1.2940,1.2780,60.0000,0.0190,0.0190,11.0000,1.3850,1.4120,69.0000
1789467471.4909,-0.0720,-0.1230,-16.0000,1.2940,1.2920,60.0000,0.0190,0.0150,11.0000,1.3850,1.4240,69.0000
1789467471.5408,-0.0720,-0.1030,-17.0000,1.2940,1.3200,58.0000,0.0190,0.0120,12.0000,1.3850,1.4330,68.0000
1789467471.5909,-0.0720,-0.0530,-20.0000,1.2940,1.2790,60.0000,0.0190,0.0020,12.0000,1.3850,1.4460,67.0000
1789467471.6421,-0.0720,-0.0530,-20.0000,1.2940,1.2760,61.0000,0.0190,0.0030,12.0000,1.3850,1.2810,76.0000
1789467471.6910,-0.0720,-0.0860,-18.0000,1.2940,1.2840,60.0000,0.0190,0.0340,11.0000,1.3850,1.2210,80.0000
1789467471.7408,-0.0720,-0.1170,-16.0000,1.2940,1.2970,60.0000,0.0190,0.1310,5.0000,1.3850,1.3630,73.0000
1789467471.7910,-0.0720,-0.0920,-17.0000,1.2940,1.3150,59.0000,0.0190,0.0380,9.0000,1.3850,1.5070,65.0000
1789467471.8409,-0.0720,-0.0840,-17.0000,1.2940,1.3110,59.0000,0.0190,0.0030,11.0000,1.3850,1.4490,68.0000
1789467471.8911,-0.0720,-0.0460,-19.0000,1.2940,1.3000,59.0000,0.0190,0.0000,11.0000,1.3850,1.4480,67.0000
1789467471.9407,-0.0720,-0.0250,-21.0000,1.2940,1.2800,60.0000,0.0190,0.0000,11.0000,1.3850,1.3930,70.0000
1789467471.9914,-0.0720,-0.1010,-17.0000,1.2940,1.2470,62.0000,0.0190,0.0000,12.0000,1.3850,1.3150,74.0000
1789467472.0407,-0.0720,-0.1140,-16.0000,1.2940,1.2660,61.0000,0.0190,0.0020,12.0000,1.3850,1.3190,74.0000
1789467472.0910,-0.0720,-0.0920,-17.0000,1.2940,1.3010,60.0000,0.0190,0.0130,11.0000,1.3850,1.4220,69.0000
1789467472.1407,-0.0720,-0.0840,-17.0000,1.2940,1.3170,59.0000,0.0190,0.0690,8.0000,1.3850,1.3840,71.0000
1789467472.1911,-0.0720,-0.0920,-16.0000,1.2940,1.3150,59.0000,0.0190,0.0880,7.0000,1.3850,1.4060,70.0000
1789467472.2409,-0.0720,-0.0530,-19.0000,1.2940,1.3060,59.0000,0.0190,0.0110,10.0000,1.3850,1.3960,70.0000
1789467472.2921,-0.0720,-0.0150,-21.0000,1.2940,1.3050,59.0000,0.0190,0.0010,11.0000,1.3850,1.3680,72.0000
1789467472.3421,-0.0720,-0.0530,-19.0000,1.2940,1.2870,60.0000,0.0190,0.0000,11.0000,1.3850,1.3460,73.0000
1789467472.3907,-0.0720,-0.0760,-18.0000,1.2940,1.2950,60.0000,0.0190,0.0080,11.0000,1.3850,1.3860,71.0000
1789467472.4409,-0.0720,-0.0550,-20.0000,1.2940,1.2990,59.0000,0.0190,0.0150,10.0000,1.3850,1.3930,71.0000
1789467472.4910,-0.0720,-0.0640,-19.0000,1.2940,1.2980,59.0000,0.0190,0.0050,11.0000,1.3850,1.3900,71.0000
1789467472.5408,-0.0720,-0.0450,-20.0000,1.2940,1.2800,60.0000,0.0190,0.0020,11.0000,1.3850,1.3730,72.0000
1789467472.5909,-0.0720,-0.0570,-20.0000,1.2940,1.2820,60.0000,0.0190,0.0010,12.0000,1.3850,1.3770,72.0000
1789467472.6417,-0.0720,-0.0830,-19.0000,1.2940,1.2960,60.0000,0.0190,0.0140,11.0000,1.3850,1.3440,74.0000
1789467472.6913,-0.0720,-0.0990,-18.0000,1.2940,1.2970,60.0000,0.0190,0.0100,11.0000,1.3850,1.4240,69.0000
1789467472.7409,-0.0720,-0.0710,-19.0000,1.2940,1.3000,59.0000,0.0190,0.0210,11.0000,1.3850,1.4240,69.0000
1789467472.7911,-0.0720,-0.0870,-18.0000,1.2940,1.3120,59.0000,0.0190,0.0480,9.0000,1.3850,1.4320,68.0000
1789467472.8418,-0.0720,-0.1080,-16.0000,1.2940,1.2990,59.0000,0.0190,0.0220,11.0000,1.3850,1.3470,73.0000
1789467472.8908,-0.0720,-0.0700,-18.0000,1.2940,1.3000,59.0000,0.0190,0.0080,11.0000,1.3850,1.3470,73.0000
1789467472.9409,-0.0720,-0.0760,-18.0000,1.2940,1.2620,61.0000,0.0190,0.0120,11.0000,1.3850,1.4020,70.0000
1789467472.9909,-0.0720,-0.1210,-15.0000,1.2940,1.2970,59.0000,0.0190,0.0170,11.0000,1.3850,1.4070,70.0000
1789467473.0409,-0.0720,-0.1130,-15.0000,1.2940,1.2940,60.0000,0.0190,0.0120,11.0000,1.3850,1.4180,69.0000
1789467473.0909,-0.0720,-0.0790,-17.0000,1.2940,1.3100,59.0000,0.0190,0.0290,10.0000,1.3850,1.4450,67.0000
1789467473.1410,-0.0720,-0.0770,-16.0000,1.2940,1.3040,59.0000,0.0190,0.0120,11.0000,1.3850,1.4200,67.0000
1789467473.1911,-0.0720,-0.0610,-17.0000,1.2940,1.2850,60.0000,0.0190,0.0100,11.0000,1.3850,1.3490,71.0000
1789467473.2409,-0.0720,-0.0670,-17.0000,1.2940,1.2780,60.0000,0.0190,0.0140,11.0000,1.3850,1.4220,67.0000
1789467473.2910,-0.0720,-0.0960,-15.0000,1.2940,1.2820,60.0000,0.0190,0.0120,11.0000,1.3850,1.4090,68.0000
1789467473.3411,-0.0720,-0.1190,-14.0000,1.2940,1.2870,60.0000,0.0190,0.0300,11.0000,1.3850,1.4060,67.0000
1789467473.3909,-0.0720,-0.0590,-17.0000,1.2940,1.3070,59.0000,0.0190,0.0730,8.0000,1.3850,1.4190,66.0000
1789467473.4408,-0.0720,-0.0920,-15.0000,1.2940,1.3100,59.0000,0.0190,0.0380,10.0000,1.3850,1.4040,67.0000
1789467473.4911,-0.0720,-0.1040,-14.0000,1.2940,1.3160,58.0000,0.0190,0.0430,9.0000,1.3850,1.3200,72.0000
1789467473.5410,-0.0720,-0.0200,-19.0000,1.2940,1.2980,59.0000,0.0190,0.0370,9.0000,1.3850,1.4320,65.0000
1789467473.5912,-0.0720,-0.0370,-18.0000,1.2940,1.2970,59.0000,0.0190,0.0070,10.0000,1.3850,1.4300,65.0000
1789467473.6410,-0.0720,-0.0900,-15.0000,1.2940,1.2870,60.0000,0.0190,0.0010,11.0000,1.3850,1.3950,67.0000
1789467473.6914,-0.0720,-0.0970,-15.0000,1.2940,1.2790,60.0000,0.0190,0.0040,11.0000,1.3850,1.4170,65.0000
1789467473.7409,-0.0720,-0.1390,-12.0000,1.2940,1.3100,59.0000,0.0190,0.0150,10.0000,1.3850,1.4330,64.0000
1789467473.7910,-0.0720,-0.1100,-13.0000,1.2940,1.3090,59.0000,0.0190,0.1500,2.0000,1.3850,1.3350,69.0000
1789467473.8410,-0.0720,-0.0030,-19.0000,1.2940,1.3010,59.0000,0.0190,0.0890,4.0000,1.3850,1.3910,66.0000
1789467473.8910,-0.0720,-0.0040,-19.0000,1.2940,1.2740,60.0000,0.0190,0.0700,5.0000,1.3850,1.3440,69.0000
1789467473.9410,-0.0720,-0.0110,-20.0000,1.2940,1.2290,63.0000,0.0190,0.0210,7.0000,1.3850,1.4220,65.0000
1789467473.9910,-0.0720,-0.0140,-20.0000,1.2940,1.2560,62.0000,0.0190,0.0440,6.0000,1.3850,1.4200,65.0000
1789467474.0410,-0.0720,-0.0530,-19.0000,1.2940,1.2770,62.0000,0.0190,0.0280,6.0000,1.3850,1.4020,66.0000
1789467474.0911,-0.0720,-0.1030,-16.0000,1.2940,1.3200,59.0000,0.0190,0.0160,7.0000,1.3850,1.3910,66.0000
1789467474.1410,-0.0720,-0.1100,-16.0000,1.2940,1.3260,59.0000,0.0190,0.0650,4.0000,1.3850,1.4360,63.0000
1789467474.1909,-0.0720,-0.0650,-18.0000,1.2940,1.2650,62.0000,0.0190,0.0410,5.0000,1.3850,1.3700,67.0000
1789467474.2410,-0.0720,-0.0640,-18.0000,1.2940,1.2610,63.0000,0.0190,0.0170,6.0000,1.3850,1.3520,68.0000
1789467474.2910,-0.0720,-0.0860,-16.0000,1.2940,1.2410,64.0000,0.0190,0.0090,6.0000,1.3850,1.3830,66.0000
1789467474.3410,-0.0720,-0.0880,-16.0000,1.2940,1.2710,63.0000,0.0190,0.0130,6.0000,1.3850,1.4210,64.0000
1789467474.3906,-0.0720,-0.0940,-16.0000,1.2940,1.3060,61.0000,0.0190,0.0280,5.0000,1.3850,1.3770,66.0000
1789467474.4410,-0.0720,-0.1050,-15.0000,1.2940,1.3380,59.0000,0.0190,0.0210,6.0000,1.3850,1.4200,64.0000
1789467474.5409,-0.0720,-0.0860,-16.0000,1.2940,1.2870,62.0000,0.0190,0.0320,5.0000,1.3850,1.4390,62.0000
1789467474.5422,-0.0720,-0.0550,-17.0000,1.2940,1.2480,64.0000,0.0190,-0.0010,7.0000,1.3850,1.4000,64.0000
1789467474.5914,-0.0720,-0.1200,-13.0000,1.2940,1.2590,64.0000,0.0190,0.0070,7.0000,1.3850,1.3900,64.0000
1789467474.6409,-0.0720,-0.1090,-14.0000,1.2940,1.2810,63.0000,0.0190,0.0340,5.0000,1.3850,1.3340,67.0000
1789467474.6924,-0.0720,-0.1080,-13.0000,1.2940,1.2990,62.0000,0.0190,0.0710,3.0000,1.3850,1.3490,67.0000
1789467474.7418,-0.0720,-0.1220,-12.0000,1.2940,1.3490,59.0000,0.0190,0.0750,2.0000,1.3850,1.3520,67.0000
1789467474.7919,-0.0720,-0.0940,-13.0000,1.2940,1.3110,61.0000,0.0190,0.0670,2.0000,1.3850,1.4320,63.0000
1789467474.8422,-0.0720,-0.0340,-17.0000,1.2940,1.2720,63.0000,0.0190,0.0340,3.0000,1.3850,1.3940,65.0000
1789467474.8918,-0.0720,-0.0840,-14.0000,1.2940,1.2800,63.0000,0.0190,0.0120,4.0000,1.3850,1.4020,64.0000
1789467474.9419,-0.0720,-0.1100,-12.0000,1.2940,1.2690,64.0000,0.0190,0.0470,2.0000,1.3850,1.3730,66.0000
1789467474.9924,-0.0720,-0.0480,-16.0000,1.2940,1.2910,63.0000,0.0190,0.0320,3.0000,1.3850,1.3610,66.0000
1789467475.0422,-0.0720,-0.0910,-13.0000,1.2940,1.3210,61.0000,0.0190,0.0270,3.0000,1.3850,1.3800,65.0000
1789467475.0920,-0.0720,-0.0960,-13.0000,1.2940,1.2970,62.0000,0.0190,0.0290,3.0000,1.3850,1.4100,64.0000
1789467475.1421,-0.0720,-0.0210,-17.0000,1.2940,1.2740,63.0000,0.0190,0.0010,4.0000,1.3850,1.4060,64.0000
1789467475.1920,-0.0720,-0.0340,-17.0000,1.2940,1.2760,63.0000,0.0190,0.0000,4.0000,1.3850,1.4030,64.0000
1789467475.2422,-0.0720,-0.0850,-14.0000,1.2940,1.2790,63.0000,0.0190,0.0000,4.0000,1.3850,1.3680,66.0000
1789467475.2923,-0.0720,-0.0820,-14.0000,1.2940,1.2760,64.0000,0.0190,0.0010,5.0000,1.3850,1.3700,65.0000
1789467475.3419,-0.0720,-0.0610,-16.0000,1.2940,1.3210,61.0000,0.0190,0.0100,4.0000,1.3850,1.3750,65.0000
1789467475.3919,-0.0720,-0.0840,-14.0000,1.2940,1.3520,59.0000,0.0190,0.0650,1.0000,1.3850,1.4040,64.0000
1789467475.4420,-0.0720,-0.0540,-16.0000,1.2940,1.2980,62.0000,0.0190,0.0940,-1.0000,1.3850,1.3910,64.0000
1789467475.4920,-0.0720,-0.0120,-18.0000,1.2940,1.2990,62.0000,0.0190,0.0140,3.0000,1.3850,1.4360,62.0000
1789467475.5421,-0.0720,-0.0380,-17.0000,1.2940,1.2690,63.0000,0.0190,0.0040,4.0000,1.3850,1.3630,66.0000
1789467475.5920,-0.0720,-0.0870,-15.0000,1.2940,1.2670,64.0000,0.0190,0.0020,4.0000,1.3850,1.3280,68.0000
1789467475.6420,-0.0720,-0.0560,-17.0000,1.2940,1.2760,63.0000,0.0190,0.0000,4.0000,1.3850,1.3640,66.0000
1789467475.6925,-0.0720,-0.0980,-15.0000,1.2940,1.3230,61.0000,0.0190,0.0000,4.0000,1.3850,1.4190,63.0000
1789467475.7419,-0.0720,-0.1010,-14.0000,1.2940,1.3400,60.0000,0.0190,0.0100,4.0000,1.3850,1.4050,64.0000
1789467475.7920,-0.0720,-0.0190,-19.0000,1.2940,1.2770,63.0000,0.0190,0.0010,5.0000,1.3850,1.4310,62.0000
1789467475.8420,-0.0720,-0.0050,-20.0000,1.2940,1.2800,63.0000,0.0190,0.0020,5.0000,1.3850,1.3840,64.0000
1789467475.8919,-0.0720,-0.0960,-15.0000,1.2940,1.2670,64.0000,0.0190,0.0050,5.0000,1.3850,1.2990,69.0000
1789467475.9420,-0.0720,-0.0700,-17.0000,1.2940,1.2730,64.0000,0.0190,0.0100,5.0000,1.3850,1.3490,67.0000
1789467475.9920,-0.0720,-0.1130,-15.0000,1.2940,1.2990,62.0000,0.0190,0.0170,4.0000,1.3850,1.4140,64.0000
1789467476.0420,-0.0720,-0.0720,-17.0000,1.2940,1.3310,61.0000,0.0190,0.0170,4.0000,1.3850,1.4060,64.0000
1789467476.0921,-0.0720,-0.0460,-18.0000,1.2940,1.2860,63.0000,0.0190,0.0390,3.0000,1.3850,1.4340,62.0000
1789467476.1421,-0.0720,-0.0150,-20.0000,1.2940,1.2590,64.0000,0.0190,0.0190,4.0000,1.3850,1.3690,66.0000
1789467476.1921,-0.0720,-0.0790,-16.0000,1.2940,1.2600,65.0000,0.0190,0.0320,3.0000,1.3850,1.3260,68.0000
1789467476.2421,-0.0720,-0.0860,-16.0000,1.2940,1.2820,64.0000,0.0190,0.0560,2.0000,1.3850,1.3490,67.0000
1789467476.2933,-0.0720,-0.0730,-17.0000,1.2940,1.3060,62.0000,0.0190,0.0370,3.0000,1.3850,1.3870,66.0000
1789467476.3430,-0.0720,-0.1130,-14.0000,1.2940,1.3410,60.0000,0.0190,0.0050,4.0000,1.3850,1.4240,64.0000
1789467476.3927,-0.0720,-0.1010,-15.0000,1.2940,1.3570,59.0000,0.0190,0.0000,4.0000,1.3850,1.4240,63.0000
1789467476.4430,-0.0720,-0.0510,-17.0000,1.2940,1.2710,64.0000,0.0190,-0.0010,5.0000,1.3850,1.4320,62.0000
1789467476.4929,-0.0720,-0.0410,-18.0000,1.2940,1.2590,64.0000,0.0190,-0.0000,5.0000,1.3850,1.3170,69.0000
1789467476.5429,-0.0720,-0.0750,-16.0000,1.2940,1.2580,64.0000,0.0190,0.0020,5.0000,1.3850,1.3650,66.0000
1789467476.5928,-0.0720,-0.1090,-14.0000,1.2940,1.2960,63.0000,0.0190,0.0050,5.0000,1.3850,1.3850,65.0000
1789467476.6432,-0.0720,-0.0740,-16.0000,1.2940,1.3090,62.0000,0.0190,0.0010,5.0000,1.3850,1.4220,63.0000
1789467476.6931,-0.0720,-0.0950,-15.0000,1.2940,1.3300,61.0000,0.0190,0.0090,5.0000,1.3850,1.4130,63.0000
1789467476.7430,-0.0720,-0.0910,-14.0000,1.2940,1.3560,59.0000,0.0190,0.0380,4.0000,1.3850,1.4280,62.0000
1789467476.7929,-0.0720,-0.0150,-19.0000,1.2940,1.2430,65.0000,0.0190,0.0530,3.0000,1.3850,1.3380,67.0000
1789467476.8430,-0.0720,-0.1030,-14.0000,1.2940,1.2830,63.0000,0.0190,0.0100,5.0000,1.3850,1.3480,67.0000
1789467476.8928,-0.0720,-0.1330,-12.0000,1.2940,1.2990,62.0000,0.0190,0.0230,4.0000,1.3850,1.3270,68.0000
1789467476.9429,-0.0720,-0.1260,-12.0000,1.2940,1.3000,62.0000,0.0190,0.0080,5.0000,1.3850,1.3840,65.0000
1789467476.9939,-0.0720,-0.1260,-12.0000,1.2940,1.3230,61.0000,0.0190,0.0010,5.0000,1.3850,1.4000,65.0000
1789467477.0431,-0.0720,-0.1190,-11.0000,1.2940,1.3590,58.0000,0.0190,0.0020,5.0000,1.3850,1.4280,63.0000
1789467477.0928,-0.0720,-0.1220,-11.0000,1.2940,1.3440,58.0000,0.0190,0.0260,4.0000,1.3850,1.3900,65.0000
1789467477.1432,-0.0720,-0.1030,-11.0000,1.2940,1.3350,58.0000,0.0190,0.0120,5.0000,1.3850,1.3390,68.0000
1789467477.1934,-0.0720,-0.1170,-10.0000,1.2940,1.2530,63.0000,0.0190,0.0010,6.0000,1.3850,1.3410,68.0000
1789467477.2429,-0.0720,-0.1020,-10.0000,1.2940,1.2940,61.0000,0.0190,0.0020,6.0000,1.3850,1.4030,65.0000
1789467477.2955,-0.0720,-0.0250,-15.0000,1.2940,1.2960,61.0000,0.0190,0.0070,6.0000,1.3850,1.4280,64.0000
1789467477.3431,-0.0720,-0.0320,-14.0000,1.2940,1.3230,59.0000,0.0190,0.0060,6.0000,1.3850,1.4480,62.0000
1789467477.3927,-0.0720,-0.0220,-15.0000,1.2940,1.2350,64.0000,0.0190,0.0080,6.0000,1.3850,1.3380,68.0000
1789467477.4429,-0.0720,-0.0280,-16.0000,1.2940,1.2480,63.0000,0.0190,0.0010,7.0000,1.3850,1.3660,66.0000
1789467477.4930,-0.0720,-0.0560,-14.0000,1.2940,1.2880,62.0000,0.0190,0.0120,6.0000,1.3850,1.3540,67.0000
1789467477.5449,-0.0720,-0.0570,-15.0000,1.2940,1.2750,63.0000,0.0190,0.0020,7.0000,1.3850,1.4030,65.0000
1789467477.5931,-0.0720,-0.0600,-15.0000,1.2940,1.2780,63.0000,0.0190,0.0000,7.0000,1.3850,1.4230,64.0000
1789467477.6430,-0.0720,-0.0620,-15.0000,1.2940,1.3220,60.0000,0.0190,0.0000,7.0000,1.3850,1.3970,65.0000
1789467477.6930,-0.0720,-0.0660,-15.0000,1.2940,1.2940,62.0000,0.0190,0.0340,6.0000,1.3850,1.3730,66.0000
1789467477.7444,-0.0720,-0.0180,-18.0000,1.2940,1.2530,64.0000,0.0190,0.0420,5.0000,1.3850,1.3620,67.0000
1789467477.7929,-0.0720,-0.0690,-15.0000,1.2940,1.2780,63.0000,0.0190,0.0260,6.0000,1.3850,1.3680,66.0000
1789467477.8450,-0.0720,-0.0800,-15.0000,1.2940,1.2870,63.0000,0.0190,0.0310,5.0000,1.3850,1.3910,65.0000
1789467477.8957,-0.0720,-0.0640,-16.0000,1.2940,1.2690,64.0000,0.0190,0.0080,7.0000,1.3850,1.3980,65.0000
1789467477.9450,-0.0720,-0.0530,-16.0000,1.2940,1.2990,62.0000,0.0190,0.0010,7.0000,1.3850,1.4230,63.0000
1789467477.9960,-0.0720,-0.0910,-14.0000,1.2940,1.3530,59.0000,0.0190,0.0120,7.0000,1.3850,1.3860,65.0000
1789467478.0449,-0.0720,-0.0100,-19.0000,1.2940,1.2530,65.0000,0.0190,0.0100,7.0000,1.3850,1.3750,66.0000
1789467478.0951,-0.0720,-0.0120,-19.0000,1.2940,1.2470,65.0000,0.0190,0.0010,7.0000,1.3850,1.4080,64.0000
1789467478.1450,-0.0720,-0.0870,-15.0000,1.2940,1.2570,65.0000,0.0190,0.0000,8.0000,1.3850,1.3580,67.0000
1789467478.1951,-0.0720,-0.1340,-13.0000,1.2940,1.2640,65.0000,0.0190,0.0080,7.0000,1.3850,1.3990,64.0000
1789467478.2451,-0.0720,-0.0950,-15.0000,1.2940,1.2870,64.0000,0.0190,0.0010,8.0000,1.3850,1.3970,65.0000
1789467478.2952,-0.0720,-0.1260,-13.0000,1.2940,1.3300,62.0000,0.0190,0.0000,8.0000,1.3850,1.4000,64.0000
1789467478.3451,-0.0720,-0.1240,-12.0000,1.2940,1.3590,60.0000,0.0190,0.0150,8.0000,1.3850,1.3750,66.0000
1789467478.3958,-0.0720,-0.0610,-15.0000,1.2940,1.3340,61.0000,0.0190,0.0120,8.0000,1.3850,1.4340,62.0000
1789467478.4450,-0.0720,-0.0640,-15.0000,1.2940,1.2740,63.0000,0.0190,0.0010,9.0000,1.3850,1.4000,64.0000
1789467478.4953,-0.0720,-0.1080,-13.0000,1.2940,1.2830,63.0000,0.0190,0.0000,9.0000,1.3850,1.3590,66.0000
1789467478.5450,-0.0720,-0.0860,-14.0000,1.2940,1.2750,63.0000,0.0190,0.0030,9.0000,1.3850,1.3810,64.0000
1789467478.5953,-0.0720,-0.0790,-14.0000,1.2940,1.3000,62.0000,0.0190,0.0030,9.0000,1.3850,1.3480,67.0000
1789467478.6451,-0.0720,-0.0740,-14.0000,1.2940,1.2860,63.0000,0.0190,0.0010,9.0000,1.3850,1.3500,67.0000
1789467478.6961,-0.0720,-0.0820,-13.0000,1.2940,1.3030,62.0000,0.0190,0.0010,10.0000,1.3850,1.3900,65.0000
1789467478.7449,-0.0720,-0.0420,-16.0000,1.2940,1.2870,63.0000,0.0190,0.0000,10.0000,1.3850,1.3540,67.0000
1789467478.7951,-0.0720,-0.0820,-14.0000,1.2940,1.2740,64.0000,0.0190,0.0000,10.0000,1.3850,1.4020,64.0000
1789467478.8451,-0.0720,-0.1120,-12.0000,1.2940,1.2720,64.0000,0.0190,0.0050,10.0000,1.3850,1.4000,64.0000
1789467478.8949,-0.0720,-0.0940,-12.0000,1.2940,1.2920,63.0000,0.0190,0.0060,10.0000,1.3850,1.3830,65.0000
1789467478.9450,-0.0720,-0.0730,-13.0000,1.2940,1.3210,62.0000,0.0190,0.0070,10.0000,1.3850,1.3550,67.0000
1789467478.9964,-0.0720,-0.0790,-13.0000,1.2940,1.3000,63.0000,0.0190,0.0400,9.0000,1.3850,1.4400,62.0000
1789467479.0460,-0.0720,-0.0420,-15.0000,1.2940,1.2860,63.0000,0.0190,0.0790,6.0000,1.3850,1.4130,63.0000
1789467479.0959,-0.0720,-0.0520,-15.0000,1.2940,1.2900,63.0000,0.0190,0.0120,10.0000,1.3850,1.4240,62.0000
1789467479.1459,-0.0720,-0.0980,-12.0000,1.2940,1.2890,63.0000,0.0190,0.0250,9.0000,1.3850,1.3560,66.0000
1789467479.1960,-0.0720,-0.0820,-13.0000,1.2940,1.2880,63.0000,0.0190,0.0080,10.0000,1.3850,1.3270,68.0000
1789467479.2462,-0.0720,-0.0670,-14.0000,1.2940,1.3030,63.0000,0.0190,0.0080,10.0000,1.3850,1.3610,66.0000
1789467479.2966,-0.0720,-0.1120,-11.0000,1.2940,1.3430,60.0000,0.0190,0.0440,8.0000,1.3850,1.4040,64.0000
1789467479.3460,-0.0720,-0.1010,-11.0000,1.2940,1.2910,63.0000,0.0190,0.0370,8.0000,1.3850,1.4230,63.0000
1789467479.3959,-0.0720,-0.0370,-15.0000,1.2940,1.2740,64.0000,0.0190,0.0240,8.0000,1.3850,1.4420,62.0000
1789467479.4460,-0.0720,-0.0560,-14.0000,1.2940,1.2950,63.0000,0.0190,0.0260,8.0000,1.3850,1.4220,62.0000
1789467479.4981,-0.0720,-0.0980,-12.0000,1.2940,1.2790,64.0000,0.0190,0.0760,5.0000,1.3850,1.3200,68.0000
1789467479.5470,-0.0720,-0.0740,-13.0000,1.2940,1.3060,62.0000,0.0190,0.0370,7.0000,1.3850,1.3430,66.0000
1789467479.5981,-0.0720,-0.0760,-13.0000,1.2940,1.3420,60.0000,0.0190,0.0320,7.0000,1.3850,1.4040,63.0000
1789467479.6470,-0.0720,-0.1090,-11.0000,1.2940,1.3090,62.0000,0.0190,0.0160,8.0000,1.3850,1.4140,63.0000
1789467479.6971,-0.0720,-0.0510,-14.0000,1.2940,1.2760,63.0000,0.0190,0.0020,9.0000,1.3850,1.4310,62.0000
1789467479.7471,-0.0720,-0.0470,-14.0000,1.2940,1.2860,63.0000,0.0190,0.0000,9.0000,1.3850,1.4030,63.0000
1789467479.7970,-0.0720,-0.1160,-10.0000,1.2940,1.2580,64.0000,0.0190,0.0030,9.0000,1.3850,1.3410,66.0000
1789467479.8470,-0.0720,-0.1190,-10.0000,1.2940,1.2720,64.0000,0.0190,0.0060,9.0000,1.3850,1.3540,66.0000
1789467479.8972,-0.0720,-0.1010,-10.0000,1.2940,1.3150,62.0000,0.0190,0.0690,5.0000,1.3850,1.3760,65.0000
1789467479.9482,-0.0720,-0.1170,-9.0000,1.2940,1.3100,62.0000,0.0190,0.0650,5.0000,1.3850,1.4050,63.0000
1789467479.9972,-0.0720,-0.0770,-11.0000,1.2940,1.3050,62.0000,0.0190,0.0130,8.0000,1.3850,1.4190,62.0000
1789467480.0471,-0.0720,-0.0560,-12.0000,1.2940,1.2680,64.0000,0.0190,0.0010,8.0000,1.3850,1.4250,62.0000
1789467480.0970,-0.0720,-0.1080,-9.0000,1.2940,1.2610,65.0000,0.0190,0.0000,9.0000,1.3850,1.3480,66.0000
1789467480.1470,-0.0720,-0.0820,-11.0000,1.2940,1.2630,65.0000,0.0190,0.0000,9.0000,1.3850,1.3540,65.0000
1789467480.1971,-0.0720,-0.0630,-12.0000,1.2940,1.3030,63.0000,0.0190,0.0260,7.0000,1.3850,1.3740,65.0000
1789467480.2487,-0.0720,-0.1040,-9.0000,1.2940,1.3380,61.0000,0.0190,0.0130,8.0000,1.3850,1.4040,63.0000
1789467480.2975,-0.0720,-0.0920,-10.0000,1.2940,1.2880,64.0000,0.0190,0.0030,9.0000,1.3850,1.4120,62.0000
1789467480.3471,-0.0720,-0.0150,-14.0000,1.2940,1.2680,64.0000,0.0190,0.0000,9.0000,1.3850,1.4240,61.0000
1789467480.3969,-0.0720,-0.0420,-13.0000,1.2940,1.2450,66.0000,0.0190,0.0000,9.0000,1.3850,1.3740,64.0000
1789467480.4471,-0.0720,-0.0840,-11.0000,1.2940,1.2550,66.0000,0.0190,0.0000,10.0000,1.3850,1.3110,68.0000
1789467480.4972,-0.0720,-0.0810,-11.0000,1.2940,1.2810,65.0000,0.0190,0.0030,10.0000,1.3850,1.3430,66.0000
1789467480.5475,-0.0720,-0.0940,-10.0000,1.2940,1.3280,62.0000,0.0190,0.0130,9.0000,1.3850,1.3920,64.0000
1789467480.5972,-0.0720,-0.0800,-11.0000,1.2940,1.3540,61.0000,0.0190,0.0020,10.0000,1.3850,1.4070,63.0000
1789467480.6471,-0.0720,-0.0890,-10.0000,1.2940,1.2790,65.0000,0.0190,0.0040,10.0000,1.3850,1.4310,61.0000
1789467480.6971,-0.0720,-0.0210,-14.0000,1.2940,1.2620,66.0000,0.0190,0.0000,11.0000,1.3850,1.3790,64.0000
1789467480.7469,-0.0720,-0.0660,-12.0000,1.2940,1.2540,66.0000,0.0190,0.0000,11.0000,1.3850,1.3620,65.0000
1789467480.7971,-0.0720,-0.0430,-13.0000,1.2940,1.2620,66.0000,0.0190,0.0120,10.0000,1.3850,1.3270,67.0000
1789467480.8482,-0.0720,-0.0920,-10.0000,1.2940,1.2810,65.0000,0.0190,0.0710,7.0000,1.3850,1.4150,63.0000
1789467480.8970,-0.0720,-0.0870,-11.0000,1.2940,1.3360,62.0000,0.0190,0.0840,6.0000,1.3850,1.3710,65.0000
1789467480.9481,-0.0720,-0.0230,-14.0000,1.2940,1.2900,65.0000,0.0190,0.0120,9.0000,1.3850,1.4310,62.0000
1789467480.9972,-0.0720,-0.0480,-13.0000,1.2940,1.2650,66.0000,0.0190,0.0100,9.0000,1.3850,1.3850,64.0000
1789467481.0471,-0.0720,-0.0880,-11.0000,1.2940,1.2420,68.0000,0.0190,0.0070,10.0000,1.3850,1.3570,66.0000
1789467481.0972,-0.0720,-0.0910,-11.0000,1.2940,1.2750,66.0000,0.0190,0.0080,10.0000,1.3850,1.3720,65.0000
1789467481.1491,-0.0720,-0.1070,-10.0000,1.2940,1.2730,67.0000,0.0190,0.0090,10.0000,1.3850,1.3800,65.0000
1789467481.1991,-0.0720,-0.1110,-9.0000,1.2940,1.3010,65.0000,0.0190,0.0050,10.0000,1.3850,1.3870,64.0000
1789467481.2491,-0.0720,-0.0900,-10.0000,1.2940,1.3700,61.0000,0.0190,0.0060,10.0000,1.3850,1.4290,62.0000
1789467481.2992,-0.0720,-0.0690,-11.0000,1.2940,1.2950,65.0000,0.0190,0.0000,11.0000,1.3850,1.3970,64.0000
1789467481.3490,-0.0720,-0.0350,-13.0000,1.2940,1.2590,67.0000,0.0190,0.0000,11.0000,1.3850,1.3890,64.0000
1789467481.3992,-0.0720,-0.0390,-13.0000,1.2940,1.2380,69.0000,0.0190,0.0000,11.0000,1.3850,1.3580,65.0000
1789467481.4491,-0.0720,-0.0920,-10.0000,1.2940,1.2760,67.0000,0.0190,0.0000,11.0000,1.3850,1.3700,65.0000
1789467481.4993,-0.0720,-0.0980,-10.0000,1.2940,1.2760,67.0000,0.0190,0.0150,11.0000,1.3850,1.4110,63.0000
1789467481.5508,-0.0720,-0.0500,-13.0000,1.2940,1.3310,64.0000,0.0190,0.0590,8.0000,1.3850,1.4180,62.0000
1789467481.6013,-0.0720,-0.0950,-10.0000,1.2940,1.3810,61.0000,0.0190,0.0730,7.0000,1.3850,1.3910,63.0000
1789467481.6505,-0.0720,-0.0220,-14.0000,1.2940,1.2600,67.0000,0.0190,0.0320,9.0000,1.3850,1.3530,66.0000
1789467481.7002,-0.0720,-0.0360,-13.0000,1.2940,1.2590,67.0000,0.0190,0.0050,10.0000,1.3850,1.3970,63.0000
1789467481.7535,-0.0720,-0.0480,-13.0000,1.2940,1.2830,66.0000,0.0190,0.0050,10.0000,1.3850,1.3480,66.0000
1789467481.8035,-0.0720,-0.1020,-10.0000,1.2940,1.2680,67.0000,0.0190,0.0100,10.0000,1.3850,1.4190,62.0000
1789467481.8522,-0.0720,-0.1020,-10.0000,1.2940,1.3280,64.0000,0.0190,0.0050,11.0000,1.3850,1.4050,63.0000
1789467481.9023,-0.0720,-0.0730,-12.0000,1.2940,1.3740,61.0000,0.0190,0.0110,10.0000,1.3850,1.3940,63.0000
1789467481.9545,-0.0720,-0.0670,-12.0000,1.2940,1.3480,62.0000,0.0190,0.0590,8.0000,1.3850,1.3170,68.0000
1789467482.0023,-0.0720,-0.0220,-15.0000,1.2940,1.2770,65.0000,0.0190,0.0630,7.0000,1.3850,1.4040,63.0000
1789467482.0521,-0.0720,-0.0620,-12.0000,1.2940,1.2900,65.0000,0.0190,0.0230,9.0000,1.3850,1.3880,64.0000
1789467482.1022,-0.0720,-0.0750,-12.0000,1.2940,1.2870,65.0000,0.0190,0.0130,9.0000,1.3850,1.3810,64.0000
1789467482.1521,-0.0720,-0.0450,-14.0000,1.2940,1.2810,65.0000,0.0190,0.0020,10.0000,1.3850,1.4020,63.0000
1789467482.2022,-0.0720,-0.0850,-12.0000,1.2940,1.3090,64.0000,0.0190,0.0200,9.0000,1.3850,1.4240,61.0000
1789467482.2522,-0.0720,-0.0270,-15.0000,1.2940,1.2940,64.0000,0.0190,0.0300,9.0000,1.3850,1.3350,66.0000
1789467482.3023,-0.0720,-0.0650,-13.0000,1.2940,1.2770,65.0000,0.0190,0.0100,10.0000,1.3850,1.3980,63.0000
1789467482.3522,-0.0720,-0.0610,-14.0000,1.2940,1.2990,64.0000,0.0190,0.0120,10.0000,1.3850,1.3630,65.0000
1789467482.4034,-0.0720,-0.0950,-12.0000,1.2940,1.2750,66.0000,0.0190,0.0140,10.0000,1.3850,1.4030,63.0000
1789467482.4532,-0.0720,-0.0550,-14.0000,1.2940,1.2830,65.0000,0.0190,0.0410,8.0000,1.3850,1.4010,63.0000
1789467482.5031,-0.0720,-0.0720,-13.0000,1.2940,1.3580,61.0000,0.0190,0.0350,8.0000,1.3850,1.4090,62.0000
1789467482.5533,-0.0720,-0.0970,-12.0000,1.2940,1.3290,62.0000,0.0190,0.0350,8.0000,1.3850,1.3490,66.0000
1789467482.6032,-0.0720,-0.0170,-16.0000,1.2940,1.2740,65.0000,0.0190,0.0160,9.0000,1.3850,1.4140,62.0000
1789467482.6536,-0.0720,-0.0720,-13.0000,1.2940,1.2750,65.0000,0.0190,0.0110,9.0000,1.3850,1.3840,64.0000
1789467482.7031,-0.0720,-0.0840,-13.0000,1.2940,1.2770,65.0000,0.0190,0.0270,8.0000,1.3850,1.3770,64.0000
1789467482.7532,-0.0720,-0.0540,-15.0000,1.2940,1.2780,65.0000,0.0190,0.0070,9.0000,1.3850,1.3860,63.0000
1789467482.8031,-0.0720,-0.1030,-12.0000,1.2940,1.3130,63.0000,0.0190,0.0110,9.0000,1.3850,1.4030,62.0000
1789467482.8532,-0.0720,-0.1260,-10.0000,1.2940,1.3520,61.0000,0.0190,0.0090,10.0000,1.3850,1.3630,65.0000
1789467482.9032,-0.0720,-0.0880,-12.0000,1.2940,1.2810,65.0000,0.0190,0.0140,9.0000,1.3850,1.4000,63.0000
1789467482.9532,-0.0720,-0.0600,-13.0000,1.2940,1.2790,65.0000,0.0190,0.0020,10.0000,1.3850,1.4100,62.0000
1789467483.0030,-0.0720,-0.1040,-11.0000,1.2940,1.2740,65.0000,0.0190,0.0000,10.0000,1.3850,1.3680,64.0000
1789467483.0532,-0.0720,-0.1050,-11.0000,1.2940,1.2490,67.0000,0.0190,0.0000,11.0000,1.3850,1.3950,63.0000
1789467483.1032,-0.0720,-0.1130,-10.0000,1.2940,1.3150,63.0000,0.0190,0.0090,10.0000,1.3850,1.4060,62.0000
1789467483.1533,-0.0720,-0.0850,-11.0000,1.2940,1.3080,64.0000,0.0190,0.0540,8.0000,1.3850,1.3680,64.0000
1789467483.2033,-0.0720,-0.0910,-11.0000,1.2940,1.3810,59.0000,0.0190,0.0950,5.0000,1.3850,1.3850,63.0000
1789467483.2535,-0.0720,-0.0680,-12.0000,1.2940,1.3280,62.0000,0.0190,0.0550,7.0000,1.3850,1.3890,63.0000
1789467483.3032,-0.0720,-0.0580,-12.0000,1.2940,1.2970,63.0000,0.0190,0.0060,9.0000,1.3850,1.4030,62.0000
1789467483.3538,-0.0720,-0.0610,-12.0000,1.2940,1.2790,64.0000,0.0190,0.0030,9.0000,1.3850,1.4060,61.0000
1789467483.4032,-0.0720,-0.0970,-10.0000,1.2940,1.2740,64.0000,0.0190,0.0030,9.0000,1.3850,1.3750,63.0000
1789467483.4538,-0.0720,-0.0760,-11.0000,1.2940,1.2890,63.0000,0.0190,0.0520,7.0000,1.3850,1.3500,65.0000
1789467483.5041,-0.0720,-0.0450,-13.0000,1.2940,1.2950,63.0000,0.0190,0.0710,5.0000,1.3850,1.3420,65.0000
1789467483.5532,-0.0720,-0.0500,-13.0000,1.2940,1.3050,63.0000,0.0190,0.0460,6.0000,1.3850,1.4070,62.0000
1789467483.6031,-0.0720,-0.0530,-13.0000,1.2940,1.2760,64.0000,0.0190,0.0040,8.0000,1.3850,1.3700,64.0000
1789467483.6532,-0.0720,-0.0760,-12.0000,1.2940,1.2670,65.0000,0.0190,0.0000,8.0000,1.3850,1.4100,62.0000
1789467483.7030,-0.0720,-0.0900,-11.0000,1.2940,1.2850,64.0000,0.0190,0.0010,9.0000,1.3850,1.3810,63.0000
1789467483.7531,-0.0720,-0.0760,-12.0000,1.2940,1.2830,64.0000,0.0190,0.0020,9.0000,1.3850,1.3650,64.0000
1789467483.8035,-0.0720,-0.1080,-10.0000,1.2940,1.3270,62.0000,0.0190,0.0260,7.0000,1.3850,1.3720,64.0000
1789467483.8531,-0.0720,-0.1160,-9.0000,1.2940,1.3260,62.0000,0.0190,0.0410,7.0000,1.3850,1.4190,61.0000
1789467483.9045,-0.0720,-0.0610,-12.0000,1.2940,1.2910,64.0000,0.0190,0.0800,4.0000,1.3850,1.3980,62.0000
1789467483.9538,-0.0720,-0.0360,-13.0000,1.2940,1.3190,62.0000,0.0190,0.0160,7.0000,1.3850,1.4210,61.0000
1789467484.0033,-0.0720,-0.0710,-11.0000,1.2940,1.3030,63.0000,0.0190,0.0380,6.0000,1.3850,1.3880,62.0000
1789467484.0547,-0.0720,-0.0620,-12.0000,1.2940,1.2810,64.0000,0.0190,0.0210,7.0000,1.3850,1.3150,67.0000
1789467484.1060,-0.0720,-0.0820,-11.0000,1.2940,1.2990,63.0000,0.0190,0.0090,7.0000,1.3850,1.3550,65.0000
1789467484.1531,-0.0720,-0.0910,-10.0000,1.2940,1.3330,61.0000,0.0190,0.0180,7.0000,1.3850,1.3830,63.0000
1789467484.2046,-0.0720,-0.0750,-11.0000,1.2940,1.3250,61.0000,0.0190,0.0020,8.0000,1.3850,1.4090,62.0000
1789467484.2543,-0.0720,-0.0850,-10.0000,1.2940,1.2710,64.0000,0.0190,0.0000,8.0000,1.3850,1.4070,62.0000
1789467484.3042,-0.0720,-0.0990,-9.0000,1.2940,1.3060,62.0000,0.0190,0.0000,8.0000,1.3850,1.3820,63.0000
1789467484.3542,-0.0720,-0.0840,-10.0000,1.2940,1.3090,61.0000,0.0190,0.0040,8.0000,1.3850,1.3600,65.0000
1789467484.4046,-0.0720,-0.0740,-10.0000,1.2940,1.2930,62.0000,0.0190,0.0050,8.0000,1.3850,1.3320,66.0000
1789467484.4542,-0.0720,-0.0700,-11.0000,1.2940,1.3090,61.0000,0.0190,0.0310,7.0000,1.3850,1.3780,64.0000
1789467484.5042,-0.0720,-0.0910,-9.0000,1.2940,1.2970,62.0000,0.0190,0.1040,3.0000,1.3850,1.3550,66.0000
1789467484.5541,-0.0720,-0.0740,-10.0000,1.2940,1.2700,63.0000,0.0190,0.0450,6.0000,1.3850,1.4250,62.0000
1789467484.6043,-0.0720,-0.0570,-11.0000,1.2940,1.3060,61.0000,0.0190,0.0070,7.0000,1.3850,1.4040,63.0000
1789467484.6547,-0.0720,-0.0360,-13.0000,1.2940,1.2660,64.0000,0.0190,0.0030,7.0000,1.3850,1.3620,65.0000
1789467484.7042,-0.0720,-0.0610,-12.0000,1.2940,1.2730,64.0000,0.0190,0.0000,8.0000,1.3850,1.3470,66.0000
1789467484.7541,-0.0720,-0.1030,-9.0000,1.2940,1.3100,62.0000,0.0190,0.0120,7.0000,1.3850,1.3780,65.0000
1789467484.8043,-0.0720,-0.0850,-10.0000,1.2940,1.3030,62.0000,0.0190,0.0190,7.0000,1.3850,1.3970,64.0000
1789467484.8544,-0.0720,-0.0800,-10.0000,1.2940,1.2860,63.0000,0.0190,0.0100,8.0000,1.3850,1.4290,62.0000
1789467484.9043,-0.0720,-0.0570,-11.0000,1.2940,1.2730,64.0000,0.0190,0.0030,8.0000,1.3850,1.4090,63.0000
1789467484.9542,-0.0720,-0.0740,-10.0000,1.2940,1.2940,63.0000,0.0190,0.0060,8.0000,1.3850,1.3380,67.0000
1789467485.0042,-0.0720,-0.0520,-12.0000,1.2940,1.2800,64.0000,0.0190,0.0180,7.0000,1.3850,1.3320,67.0000
1789467485.0542,-0.0720,-0.0930,-9.0000,1.2940,1.2780,64.0000,0.0190,0.0340,7.0000,1.3850,1.3790,65.0000
1789467485.1043,-0.0720,-0.0520,-12.0000,1.2940,1.3500,60.0000,0.0190,0.0590,5.0000,1.3850,1.3620,66.0000
1789467485.1542,-0.0720,-0.0810,-10.0000,1.2940,1.3210,61.0000,0.0190,0.0270,6.0000,1.3850,1.4220,63.0000
1789467485.2043,-0.0720,-0.0530,-11.0000,1.2940,1.2950,62.0000,0.0190,0.0060,7.0000,1.3850,1.4280,62.0000
1789467485.2560,-0.0720,-0.0280,-13.0000,1.2940,1.2640,64.0000,0.0190,0.0000,8.0000,1.3850,1.3510,67.0000
1789467485.3043,-0.0720,-0.0470,-12.0000,1.2940,1.2690,64.0000,0.0190,0.0060,8.0000,1.3850,1.3200,68.0000
1789467485.3544,-0.0720,-0.0650,-12.0000,1.2940,1.2700,64.0000,0.0190,0.0040,8.0000,1.3850,1.3670,66.0000
1789467485.4043,-0.0720,-0.0760,-11.0000,1.2940,1.2960,62.0000,0.0190,0.0130,8.0000,1.3850,1.4230,63.0000
1789467485.4550,-0.0720,-0.0620,-12.0000,1.2940,1.3290,61.0000,0.0190,0.0080,8.0000,1.3850,1.4120,64.0000
1789467485.5043,-0.0720,-0.0260,-14.0000,1.2940,1.2910,63.0000,0.0190,0.0010,9.0000,1.3850,1.4390,62.0000
1789467485.5542,-0.0720,-0.0080,-15.0000,1.2940,1.2530,65.0000,0.0190,0.0000,9.0000,1.3850,1.3520,67.0000
1789467485.6043,-0.0720,-0.0350,-14.0000,1.2940,1.2650,64.0000,0.0190,0.0020,9.0000,1.3850,1.3290,68.0000
1789467485.6554,-0.0720,-0.0770,-13.0000,1.2940,1.2700,64.0000,0.0190,0.0120,8.0000,1.3850,1.3720,66.0000
1789467485.7042,-0.0720,-0.0670,-13.0000,1.2940,1.2860,64.0000,0.0190,0.0030,9.0000,1.3850,1.4300,63.0000
1789467485.7541,-0.0720,-0.0670,-13.0000,1.2940,1.3030,63.0000,0.0190,0.0000,9.0000,1.3850,1.4180,63.0000
1789467485.8043,-0.0720,-0.0490,-14.0000,1.2940,1.2980,63.0000,0.0190,0.0000,10.0000,1.3850,1.4390,61.0000
1789467485.8541,-0.0720,-0.0200,-16.0000,1.2940,1.2630,65.0000,0.0190,0.0000,10.0000,1.3850,1.3960,63.0000
1789467485.9043,-0.0720,-0.0910,-13.0000,1.2940,1.2470,66.0000,0.0190,0.0000,10.0000,1.3850,1.3360,67.0000
1789467485.9544,-0.0720,-0.0890,-13.0000,1.2940,1.2840,65.0000,0.0190,0.0000,10.0000,1.3850,1.3690,65.0000
1789467486.0044,-0.0720,-0.0980,-12.0000,1.2940,1.2690,66.0000,0.0190,0.0000,11.0000,1.3850,1.4340,61.0000
1789467486.0542,-0.0720,-0.0940,-12.0000,1.2940,1.3110,64.0000,0.0190,0.0000,11.0000,1.3850,1.3990,63.0000
1789467486.1043,-0.0720,-0.0640,-14.0000,1.2940,1.3540,61.0000,0.0190,0.0000,11.0000,1.3850,1.4240,61.0000
1789467486.1543,-0.0720,-0.0410,-15.0000,1.2940,1.3010,64.0000,0.0190,0.0030,11.0000,1.3850,1.3990,63.0000
1789467486.2044,-0.0720,-0.0350,-16.0000,1.2940,1.2660,65.0000,0.0190,0.0000,12.0000,1.3850,1.3480,65.0000
1789467486.2558,-0.0720,-0.0380,-16.0000,1.2940,1.2690,65.0000,0.0190,0.0010,12.0000,1.3850,1.3450,66.0000
1789467486.3043,-0.0720,-0.0930,-13.0000,1.2940,1.2910,64.0000,0.0190,0.0140,11.0000,1.3850,1.4010,63.0000
1789467486.3543,-0.0720,-0.0700,-14.0000,1.2940,1.2960,64.0000,0.0190,0.0100,12.0000,1.3850,1.4080,62.0000
1789467486.4043,-0.0720,-0.0400,-16.0000,1.2940,1.3320,62.0000,0.0190,0.0310,10.0000,1.3850,1.4180,62.0000
1789467486.4561,-0.0720,-0.0330,-17.0000,1.2940,1.3370,62.0000,0.0190,0.0910,7.0000,1.3850,1.3800,63.0000
1789467486.5054,-0.0720,-0.0070,-19.0000,1.2940,1.2870,64.0000,0.0190,0.0330,10.0000,1.3850,1.3200,67.0000
1789467486.5553,-0.0720,-0.0190,-19.0000,1.2940,1.2560,66.0000,0.0190,0.0050,11.0000,1.3850,1.3700,64.0000
1789467486.6051,-0.0720,-0.0700,-16.0000,1.2940,1.2970,64.0000,0.0190,0.0160,10.0000,1.3850,1.3740,65.0000
1789467486.6553,-0.0720,-0.0740,-16.0000,1.2940,1.2650,66.0000,0.0190,0.0020,11.0000,1.3850,1.4120,62.0000
1789467486.7052,-0.0720,-0.0480,-18.0000,1.2940,1.3150,63.0000,0.0190,0.0000,11.0000,1.3850,1.4290,61.0000
1789467486.7554,-0.0720,-0.0340,-19.0000,1.2940,1.3440,61.0000,0.0190,0.0080,11.0000,1.3850,1.4150,62.0000
1789467486.8053,-0.0720,-0.0290,-20.0000,1.2940,1.2900,64.0000,0.0190,0.0410,9.0000,1.3850,1.3380,66.0000
1789467486.8551,-0.0720,-0.0070,-21.0000,1.2940,1.2820,64.0000,0.0190,0.0730,7.0000,1.3850,1.3630,64.0000
1789467486.9054,-0.0720,-0.0410,-20.0000,1.2940,1.2870,64.0000,0.0190,0.0410,9.0000,1.3850,1.4080,62.0000
1789467486.9568,-0.0720,-0.0760,-19.0000,1.2940,1.2830,64.0000,0.0190,0.0490,8.0000,1.3850,1.3980,63.0000
1789467487.0052,-0.0720,-0.0690,-19.0000,1.2940,1.2790,65.0000,0.0190,0.0070,10.0000,1.3850,1.4070,62.0000
1789467487.0553,-0.0720,-0.0780,-19.0000,1.2940,1.3210,62.0000,0.0190,0.0170,9.0000,1.3850,1.4080,62.0000
1789467487.1053,-0.0720,-0.0520,-20.0000,1.2940,1.2990,64.0000,0.0190,0.0190,9.0000,1.3850,1.3280,66.0000
1789467487.1553,-0.0720,-0.0460,-20.0000,1.2940,1.2660,65.0000,0.0190,0.0020,10.0000,1.3850,1.4130,61.0000
1789467487.2052,-0.0720,-0.0740,-19.0000,1.2940,1.2920,64.0000,0.0190,0.0090,10.0000,1.3850,1.3780,64.0000
1789467487.2552,-0.0720,-0.0800,-19.0000,1.2940,1.2800,65.0000,0.0190,0.0280,9.0000,1.3850,1.4000,62.0000
1789467487.3054,-0.0720,-0.0380,-21.0000,1.2940,1.2770,65.0000,0.0190,0.0830,6.0000,1.3850,1.3870,63.0000
1789467487.3552,-0.0720,-0.0870,-18.0000,1.2940,1.3360,62.0000,0.0190,0.0570,7.0000,1.3850,1.3840,63.0000
1789467487.4054,-0.0720,-0.1210,-16.0000,1.2940,1.3440,61.0000,0.0190,0.0510,7.0000,1.3850,1.3290,66.0000
1789467487.4553,-0.0720,-0.0360,-21.0000,1.2940,1.2960,64.0000,0.0190,0.0580,6.0000,1.3850,1.4050,62.0000
1789467487.5053,-0.0720,-0.0560,-20.0000,1.2940,1.2680,65.0000,0.0190,0.0540,6.0000,1.3850,1.3990,63.0000
1789467487.5553,-0.0720,-0.1030,-18.0000,1.2940,1.2490,66.0000,0.0190,0.0410,6.0000,1.3850,1.4210,61.0000
1789467487.6053,-0.0720,-0.1100,-17.0000,1.2940,1.2680,66.0000,0.0190,0.0090,7.0000,1.3850,1.3610,64.0000
1789467487.6552,-0.0720,-0.1330,-15.0000,1.2940,1.2850,65.0000,0.0190,0.0290,6.0000,1.3850,1.3930,62.0000
1789467487.7052,-0.0720,-0.1540,-13.0000,1.2940,1.3600,61.0000,0.0190,0.0460,5.0000,1.3850,1.3740,64.0000
1789467487.7554,-0.0720,-0.1300,-14.0000,1.2940,1.3510,61.0000,0.0190,0.0970,2.0000,1.3850,1.3820,63.0000
1789467487.8052,-0.0720,-0.0530,-18.0000,1.2940,1.2680,65.0000,0.0190,0.0430,4.0000,1.3850,1.3880,63.0000
1789467487.8554,-0.0720,-0.0760,-16.0000,1.2940,1.2560,66.0000,0.0190,0.0160,5.0000,1.3850,1.3980,62.0000
1789467487.9066,-0.0720,-0.1190,-13.0000,1.2940,1.2410,67.0000,0.0190,0.0140,5.0000,1.3850,1.3480,65.0000
1789467487.9553,-0.0720,-0.0930,-15.0000,1.2940,1.2810,65.0000,0.0190,0.0230,5.0000,1.3850,1.4160,62.0000
1789467488.0067,-0.0720,-0.0660,-16.0000,1.2940,1.3150,64.0000,0.0190,0.0070,6.0000,1.3850,1.3980,63.0000
1789467488.0552,-0.0720,-0.1140,-13.0000,1.2940,1.3600,61.0000,0.0190,0.0280,5.0000,1.3850,1.4290,60.0000
1789467488.1054,-0.0720,-0.1050,-13.0000,1.2940,1.3780,60.0000,0.0190,0.0860,1.0000,1.3850,1.4030,62.0000
1789467488.1554,-0.0720,-0.0460,-16.0000,1.2940,1.2680,65.0000,0.0190,0.0460,3.0000,1.3850,1.4160,61.0000
1789467488.2063,-0.0720,-0.0490,-16.0000,1.2940,1.2850,64.0000,0.0190,0.0120,5.0000,1.3850,1.3980,61.0000
1789467488.2553,-0.0720,-0.1230,-12.0000,1.2940,1.2540,66.0000,0.0190,0.0180,4.0000,1.3850,1.3740,63.0000
1789467488.3065,-0.0720,-0.1080,-12.0000,1.2940,1.2870,64.0000,0.0190,0.0200,4.0000,1.3850,1.3470,64.0000
1789467488.3553,-0.0720,-0.1010,-12.0000,1.2940,1.3160,63.0000,0.0190,0.0140,4.0000,1.3850,1.3710,63.0000
1789467488.4074,-0.0720,-0.0710,-14.0000,1.2940,1.2970,64.0000,0.0190,0.0150,4.0000,1.3850,1.3970,62.0000
1789467488.4553,-0.0720,-0.0540,-15.0000,1.2940,1.2950,64.0000,0.0190,0.0010,5.0000,1.3850,1.4000,62.0000
1789467488.5079,-0.0720,-0.1130,-11.0000,1.2940,1.2590,66.0000,0.0190,0.0000,6.0000,1.3850,1.3600,64.0000
1789467488.5563,-0.0720,-0.0730,-13.0000,1.2940,1.2390,67.0000,0.0190,0.0070,5.0000,1.3850,1.3880,62.0000
1789467488.6067,-0.0720,-0.0640,-14.0000,1.2940,1.2660,66.0000,0.0190,0.0090,6.0000,1.3850,1.4000,62.0000
1789467488.6564,-0.0720,-0.1090,-11.0000,1.2940,1.3200,63.0000,0.0190,0.0710,2.0000,1.3850,1.3940,62.0000
1789467488.7064,-0.0720,-0.1090,-11.0000,1.2940,1.3580,61.0000,0.0190,0.1310,-2.0000,1.3850,1.3850,62.0000
1789467488.7564,-0.0720,-0.1060,-11.0000,1.2940,1.3280,62.0000,0.0190,0.0980,-1.0000,1.3850,1.3900,62.0000
1789467488.8064,-0.0720,-0.0100,-16.0000,1.2940,1.2900,64.0000,0.0190,0.0180,3.0000,1.3850,1.3910,62.0000
1789467488.8564,-0.0720,-0.0300,-15.0000,1.2940,1.2950,64.0000,0.0190,0.0090,3.0000,1.3850,1.3810,62.0000
1789467488.9064,-0.0720,-0.0800,-13.0000,1.2940,1.2400,67.0000,0.0190,0.0090,3.0000,1.3850,1.3680,63.0000
1789467488.9564,-0.0720,-0.1070,-11.0000,1.2940,1.3070,63.0000,0.0190,0.0010,3.0000,1.3850,1.3670,63.0000
1789467489.0064,-0.0720,-0.1040,-11.0000,1.2940,1.3470,61.0000,0.0190,0.0030,4.0000,1.3850,1.3850,62.0000
1789467489.0564,-0.0720,-0.1080,-11.0000,1.2940,1.2930,64.0000,0.0190,0.0060,4.0000,1.3850,1.3930,62.0000
1789467489.1064,-0.0720,-0.0310,-15.0000,1.2940,1.2920,64.0000,0.0190,-0.0020,4.0000,1.3850,1.4050,61.0000
1789467489.1565,-0.0720,-0.0330,-15.0000,1.2940,1.2850,64.0000,0.0190,0.0060,4.0000,1.3850,1.3810,62.0000
1789467489.2065,-0.0720,-0.0990,-11.0000,1.2940,1.2860,64.0000,0.0190,0.0020,4.0000,1.3850,1.4030,61.0000
1789467489.2573,-0.0720,-0.1010,-11.0000,1.2940,1.2850,64.0000,0.0190,0.0000,5.0000,1.3850,1.3260,66.0000
1789467489.3064,-0.0720,-0.1080,-10.0000,1.2940,1.3240,62.0000,0.0190,0.0000,5.0000,1.3850,1.3900,62.0000
1789467489.3563,-0.0720,-0.1090,-10.0000,1.2940,1.3090,63.0000,0.0190,0.0000,5.0000,1.3850,1.3840,63.0000
1789467489.4064,-0.0720,-0.1010,-10.0000,1.2940,1.2730,65.0000,0.0190,0.0030,5.0000,1.3850,1.4160,61.0000
1789467489.4564,-0.0720,-0.0810,-11.0000,1.2940,1.2890,64.0000,0.0190,-0.0010,6.0000,1.3850,1.3870,62.0000
1789467489.5064,-0.0720,-0.0690,-11.0000,1.2940,1.2560,66.0000,0.0190,0.0100,5.0000,1.3850,1.3750,63.0000
1789467489.5565,-0.0720,-0.0620,-11.0000,1.2940,1.2850,65.0000,0.0190,0.0010,6.0000,1.3850,1.3470,64.0000
1789467489.6064,-0.0720,-0.1070,-9.0000,1.2940,1.3050,64.0000,0.0190,0.0020,6.0000,1.3850,1.3900,62.0000
1789467489.6564,-0.0720,-0.0890,-10.0000,1.2940,1.3120,63.0000,0.0190,0.0000,6.0000,1.3850,1.3830,63.0000
1789467489.7062,-0.0720,-0.0900,-9.0000,1.2940,1.3360,62.0000,0.0190,0.0000,7.0000,1.3850,1.4180,61.0000
1789467489.7563,-0.0720,-0.0590,-11.0000,1.2940,1.2700,65.0000,0.0190,0.0000,7.0000,1.3850,1.3500,65.0000
1789467489.8064,-0.0720,-0.0970,-9.0000,1.2940,1.2890,64.0000,0.0190,0.0000,7.0000,1.3850,1.3490,65.0000
1789467489.8578,-0.0720,-0.0940,-9.0000,1.2940,1.2930,64.0000,0.0190,0.0000,7.0000,1.3850,1.3260,67.0000
1789467489.9063,-0.0720,-0.0760,-10.0000,1.2940,1.3060,63.0000,0.0190,0.0000,8.0000,1.3850,1.4020,63.0000
1789467489.9582,-0.0720,-0.0860,-9.0000,1.2940,1.3150,62.0000,0.0190,0.0020,8.0000,1.3850,1.3810,64.0000
1789467490.0073,-0.0720,-0.0870,-9.0000,1.2940,1.2980,63.0000,0.0190,0.0000,8.0000,1.3850,1.4200,62.0000
1789467490.0572,-0.0720,-0.0550,-10.0000,1.2940,1.2850,64.0000,0.0190,0.0000,8.0000,1.3850,1.4060,63.0000
1789467490.1070,-0.0720,-0.0650,-10.0000,1.2940,1.2710,65.0000,0.0190,0.0000,9.0000,1.3850,1.4110,62.0000
1789467490.1572,-0.0720,-0.0490,-11.0000,1.2940,1.2810,64.0000,0.0190,0.0000,9.0000,1.3850,1.3850,63.0000
1789467490.2074,-0.0720,-0.0430,-11.0000,1.2940,1.3220,62.0000,0.0190,0.0010,9.0000,1.3850,1.4180,61.0000
1789467490.2574,-0.0720,-0.0240,-13.0000,1.2940,1.3360,61.0000,0.0190,0.0050,9.0000,1.3850,1.2810,69.0000
1789467490.3075,-0.0720,-0.0720,-11.0000,1.2940,1.3470,60.0000,0.0190,0.0110,9.0000,1.3850,1.3640,65.0000
1789467490.3572,-0.0720,-0.0440,-13.0000,1.2940,1.3250,61.0000,0.0190,0.0040,9.0000,1.3850,1.3810,64.0000
1789467490.4075,-0.0720,-0.0250,-14.0000,1.2940,1.3260,60.0000,0.0190,0.0070,9.0000,1.3850,1.3700,65.0000
1789467490.4574,-0.0720,-0.0770,-11.0000,1.2940,1.3010,61.0000,0.0190,0.0160,9.0000,1.3850,1.2720,71.0000
1789467490.5075,-0.0720,-0.0920,-11.0000,1.2940,1.3130,60.0000,0.0190,0.0100,9.0000,1.3850,1.3170,69.0000
1789467490.5577,-0.0720,-0.0960,-10.0000,1.2940,1.3040,61.0000,0.0190,0.0050,10.0000,1.3850,1.3630,67.0000
1789467490.6075,-0.0720,-0.0800,-11.0000,1.2940,1.3070,60.0000,0.0190,0.0030,10.0000,1.3850,1.4250,64.0000
1789467490.6574,-0.0720,-0.0700,-11.0000,1.2940,1.3030,60.0000,0.0190,0.0060,10.0000,1.3850,1.4250,64.0000
1789467490.7074,-0.0720,-0.0410,-13.0000,1.2940,1.2880,61.0000,0.0190,0.0050,10.0000,1.3850,1.3780,67.0000
1789467490.7575,-0.0720,-0.0910,-10.0000,1.2940,1.2880,61.0000,0.0190,0.0190,10.0000,1.3850,1.3100,71.0000
1789467490.8093,-0.0720,-0.1010,-10.0000,1.2940,1.3280,59.0000,0.0190,0.1260,3.0000,1.3850,1.4070,66.0000
1789467490.8600,-0.0720,-0.0910,-10.0000,1.2940,1.3160,59.0000,0.0190,0.3030,-8.0000,1.3850,1.3390,70.0000
1789467490.9074,-0.0720,-0.0210,-14.0000,1.2940,1.3250,58.0000,0.0190,0.1640,-2.0000,1.3850,1.4270,65.0000
1789467490.9574,-0.0720,0.0090,-16.0000,1.2940,1.3200,59.0000,0.0190,0.0770,1.0000,1.3850,1.4280,65.0000
1789467491.0074,-0.0720,0.0010,-16.0000,1.2940,1.2720,61.0000,0.0190,0.0060,4.0000,1.3850,1.4400,64.0000
1789467491.0574,-0.0720,-0.0120,-17.0000,1.2940,1.2670,61.0000,0.0190,0.0010,4.0000,1.3850,1.3060,71.0000
1789467491.1073,-0.0720,-0.0140,-17.0000,1.2940,1.2580,62.0000,0.0190,0.0000,4.0000,1.3850,1.3690,68.0000
1789467491.1574,-0.0720,-0.0910,-13.0000,1.2940,1.2450,63.0000,0.0190,0.0000,4.0000,1.3850,1.4230,65.0000
1789467491.2087,-0.0720,-0.0980,-13.0000,1.2940,1.2880,61.0000,0.0190,0.0030,4.0000,1.3850,1.4450,63.0000
1789467491.2584,-0.0720,-0.0650,-15.0000,1.2940,1.2900,62.0000,0.0190,0.0030,4.0000,1.3850,1.4370,63.0000
1789467491.3084,-0.0720,-0.0900,-14.0000,1.2940,1.3300,59.0000,0.0190,0.0050,5.0000,1.3850,1.4100,64.0000
1789467491.3584,-0.0720,-0.0580,-15.0000,1.2940,1.2630,63.0000,0.0190,0.0030,5.0000,1.3850,1.3650,66.0000
1789467491.4083,-0.0720,-0.0570,-15.0000,1.2940,1.2780,62.0000,0.0190,0.0050,5.0000,1.3850,1.3540,67.0000
1789467491.4585,-0.0720,-0.1200,-12.0000,1.2940,1.2950,61.0000,0.0190,0.0180,4.0000,1.3850,1.3800,66.0000
1789467491.5098,-0.0720,-0.1280,-11.0000,1.2940,1.2450,64.0000,0.0190,0.0240,4.0000,1.3850,1.3860,65.0000
1789467491.5584,-0.0720,-0.0750,-14.0000,1.2940,1.3020,61.0000,0.0190,0.0150,4.0000,1.3850,1.4520,61.0000
1789467491.6101,-0.0720,-0.0750,-14.0000,1.2940,1.3330,60.0000,0.0190,0.0310,4.0000,1.3850,1.3920,64.0000
1789467491.6584,-0.0720,-0.0930,-13.0000,1.2940,1.3350,59.0000,0.0190,0.0160,4.0000,1.3850,1.3480,67.0000
1789467491.7083,-0.0720,-0.0300,-16.0000,1.2940,1.2950,61.0000,0.0190,0.0060,5.0000,1.3850,1.3800,65.0000
1789467491.7585,-0.0720,-0.0490,-15.0000,1.2940,1.2930,61.0000,0.0190,0.0040,5.0000,1.3850,1.4360,62.0000
1789467491.8085,-0.0720,-0.1130,-11.0000,1.2940,1.2780,62.0000,0.0190,0.0050,5.0000,1.3850,1.3930,64.0000
1789467491.8584,-0.0720,-0.0670,-14.0000,1.2940,1.2730,63.0000,0.0190,0.0000,6.0000,1.3850,1.4230,62.0000
1789467491.9084,-0.0720,-0.0640,-14.0000,1.2940,1.2970,61.0000,0.0190,0.0030,6.0000,1.3850,1.3860,64.0000
1789467491.9587,-0.0720,-0.0810,-13.0000,1.2940,1.2820,62.0000,0.0190,0.0120,6.0000,1.3850,1.3540,66.0000
1789467492.0084,-0.0720,-0.0320,-16.0000,1.2940,1.2680,63.0000,0.0190,0.0110,6.0000,1.3850,1.3700,65.0000
1789467492.0583,-0.0720,-0.1020,-12.0000,1.2940,1.2890,62.0000,0.0190,0.0040,6.0000,1.3850,1.4200,62.0000
1789467492.1084,-0.0720,-0.1110,-12.0000,1.2940,1.2970,62.0000,0.0190,0.0040,7.0000,1.3850,1.3810,65.0000
1789467492.1585,-0.0720,-0.0510,-15.0000,1.2940,1.2750,63.0000,0.0190,0.0050,7.0000,1.3850,1.4360,61.0000
1789467492.2085,-0.0720,-0.0890,-13.0000,1.2940,1.3060,62.0000,0.0190,0.0010,7.0000,1.3850,1.3890,64.0000
1789467492.2584,-0.0720,-0.1110,-11.0000,1.2940,1.3120,61.0000,0.0190,0.0080,7.0000,1.3850,1.3510,66.0000
1789467492.3084,-0.0720,-0.0790,-13.0000,1.2940,1.2640,64.0000,0.0190,0.0150,7.0000,1.3850,1.3850,64.0000
1789467492.3584,-0.0720,-0.0510,-14.0000,1.2940,1.2650,64.0000,0.0190,0.0020,7.0000,1.3850,1.3960,64.0000
1789467492.4083,-0.0720,-0.1120,-11.0000,1.2940,1.2630,64.0000,0.0190,0.0040,8.0000,1.3850,1.3860,64.0000
1789467492.4585,-0.0720,-0.1060,-11.0000,1.2940,1.2820,63.0000,0.0190,0.0010,8.0000,1.3850,1.3810,64.0000
1789467492.5086,-0.0720,-0.0920,-11.0000,1.2940,1.2740,64.0000,0.0190,0.0000,8.0000,1.3850,1.3990,63.0000
1789467492.5585,-0.0720,-0.0950,-11.0000,1.2940,1.2990,63.0000,0.0190,0.0080,8.0000,1.3850,1.3470,66.0000
1789467492.6084,-0.0720,-0.0850,-11.0000,1.2940,1.3420,60.0000,0.0190,0.0170,8.0000,1.3850,1.3890,64.0000
1789467492.6584,-0.0720,-0.0510,-13.0000,1.2940,1.2850,64.0000,0.0190,0.0040,8.0000,1.3850,1.4210,62.0000
1789467492.7085,-0.0720,-0.0120,-16.0000,1.2940,1.2640,65.0000,0.0190,0.0010,9.0000,1.3850,1.4200,62.0000
1789467492.7585,-0.0720,-0.0660,-13.0000,1.2940,1.2440,66.0000,0.0190,0.0080,8.0000,1.3850,1.4000,63.0000
1789467492.8083,-0.0720,-0.0950,-12.0000,1.2940,1.2600,66.0000,0.0190,0.0270,7.0000,1.3850,1.3830,63.0000
1789467492.8585,-0.0720,-0.0730,-13.0000,1.2940,1.3010,64.0000,0.0190,0.0560,6.0000,1.3850,1.3500,65.0000
1789467492.9089,-0.0720,-0.0870,-12.0000,1.2940,1.3460,61.0000,0.0190,0.0690,5.0000,1.3850,1.3800,64.0000
1789467492.9601,-0.0720,-0.0900,-11.0000,1.2940,1.3580,60.0000,0.0190,0.0670,4.0000,1.3850,1.3950,63.0000
1789467493.0085,-0.0720,-0.0090,-16.0000,1.2940,1.2950,63.0000,0.0190,-0.0040,8.0000,1.3850,1.4260,61.0000
1789467493.0585,-0.0720,-0.0080,-16.0000,1.2940,1.2930,63.0000,0.0190,-0.0030,8.0000,1.3850,1.3960,63.0000
1789467493.1084,-0.0720,-0.0080,-17.0000,1.2940,1.2810,64.0000,0.0190,0.0220,7.0000,1.3850,1.4190,61.0000
1789467493.1586,-0.0720,-0.1230,-11.0000,1.2940,1.2510,65.0000,0.0190,0.0150,7.0000,1.3850,1.2810,69.0000
1789467493.2085,-0.0720,-0.1290,-11.0000,1.2940,1.3180,62.0000,0.0190,0.0610,4.0000,1.3850,1.3880,63.0000
1789467493.2586,-0.0720,-0.0890,-12.0000,1.2940,1.3080,63.0000,0.0190,0.0780,3.0000,1.3850,1.3580,65.0000
1789467493.3085,-0.0720,-0.0500,-14.0000,1.2940,1.3050,62.0000,0.0190,0.0120,6.0000,1.3850,1.4260,61.0000
1789467493.3585,-0.0720,-0.0700,-13.0000,1.2940,1.2670,65.0000,0.0190,0.0010,7.0000,1.3850,1.3990,63.0000
1789467493.4085,-0.0720,-0.0860,-12.0000,1.2940,1.2650,65.0000,0.0190,0.0110,6.0000,1.3850,1.3940,63.0000
1789467493.4585,-0.0720,-0.0830,-13.0000,1.2940,1.2690,65.0000,0.0190,0.0120,6.0000,1.3850,1.3440,65.0000
1789467493.5108,-0.0720,-0.0840,-13.0000,1.2940,1.3040,63.0000,0.0190,0.0140,6.0000,1.3850,1.3940,63.0000
1789467493.5605,-0.0720,-0.0930,-12.0000,1.2940,1.3470,61.0000,0.0190,0.0330,5.0000,1.3850,1.3950,63.0000
1789467493.6105,-0.0720,-0.0630,-13.0000,1.2940,1.2850,64.0000,0.0190,0.0690,3.0000,1.3850,1.4280,61.0000
1789467493.6606,-0.0720,-0.0140,-16.0000,1.2940,1.2890,64.0000,0.0190,0.0160,6.0000,1.3850,1.3980,62.0000
1789467493.7104,-0.0720,-0.0160,-16.0000,1.2940,1.3020,63.0000,0.0190,0.0240,5.0000,1.3850,1.4150,61.0000
1789467493.7605,-0.0720,-0.0880,-13.0000,1.2940,1.2710,65.0000,0.0190,0.0460,4.0000,1.3850,1.3020,67.0000
1789467493.8110,-0.0720,-0.0630,-14.0000,1.2940,1.2840,64.0000,0.0190,0.0110,6.0000,1.3850,1.3780,63.0000
1789467493.8605,-0.0720,-0.0850,-13.0000,1.2940,1.3380,61.0000,0.0190,0.0130,5.0000,1.3850,1.3690,64.0000
1789467493.9106,-0.0720,-0.0870,-13.0000,1.2940,1.3300,61.0000,0.0190,0.0190,5.0000,1.3850,1.4150,62.0000
1789467493.9605,-0.0720,-0.0250,-17.0000,1.2940,1.2870,63.0000,0.0190,0.0010,6.0000,1.3850,1.4050,62.0000
1789467494.0105,-0.0720,-0.0040,-18.0000,1.2940,1.2840,63.0000,0.0190,-0.0050,7.0000,1.3850,1.4200,61.0000
1789467494.0604,-0.0720,-0.0450,-16.0000,1.2940,1.2770,64.0000,0.0190,0.0260,5.0000,1.3850,1.3050,68.0000
1789467494.1106,-0.0720,-0.0520,-17.0000,1.2940,1.2860,64.0000,0.0190,0.0050,7.0000,1.3850,1.3170,67.0000
1789467494.1612,-0.0720,-0.0890,-14.0000,1.2940,1.2930,63.0000,0.0190,0.0590,3.0000,1.3850,1.3790,64.0000
1789467494.2109,-0.0720,-0.0880,-14.0000,1.2940,1.3280,61.0000,0.0190,0.0460,4.0000,1.3850,1.4000,63.0000
1789467494.2603,-0.0720,-0.0530,-16.0000,1.2940,1.3120,62.0000,0.0190,0.0140,6.0000,1.3850,1.4290,62.0000
1789467494.3110,-0.0720,-0.0680,-16.0000,1.2940,1.3090,62.0000,0.0190,0.0060,6.0000,1.3850,1.4120,62.0000
1789467494.3606,-0.0720,-0.0680,-16.0000,1.2940,1.3010,62.0000,0.0190,0.0160,5.0000,1.3850,1.3090,68.0000
1789467494.4105,-0.0720,-0.0890,-15.0000,1.2940,1.2970,62.0000,0.0190,0.0130,6.0000,1.3850,1.3160,68.0000
1789467494.4607,-0.0720,-0.0970,-14.0000,1.2940,1.3110,61.0000,0.0190,0.0200,5.0000,1.3850,1.3580,66.0000
1789467494.5105,-0.0720,-0.1050,-13.0000,1.2940,1.3180,61.0000,0.0190,0.0200,5.0000,1.3850,1.3920,65.0000
1789467494.5604,-0.0720,-0.0570,-16.0000,1.2940,1.2960,62.0000,0.0190,0.0030,6.0000,1.3850,1.4040,64.0000
1789467494.6110,-0.0720,-0.0400,-17.0000,1.2940,1.2880,62.0000,0.0190,0.0000,7.0000,1.3850,1.4300,63.0000
1789467494.6629,-0.0720,-0.0550,-16.0000,1.2940,1.2870,62.0000,0.0190,0.0040,7.0000,1.3850,1.3610,66.0000
1789467494.7105,-0.0720,-0.0770,-15.0000,1.2940,1.3010,62.0000,0.0190,0.0020,7.0000,1.3850,1.3120,69.0000
1789467494.7606,-0.0720,-0.0720,-15.0000,1.2940,1.3020,61.0000,0.0190,0.0120,7.0000,1.3850,1.3500,68.0000
1789467494.8109,-0.0720,-0.0910,-14.0000,1.2940,1.2980,62.0000,0.0190,0.0040,7.0000,1.3850,1.3730,67.0000
1789467494.8605,-0.0720,-0.0580,-16.0000,1.2940,1.3280,60.0000,0.0190,0.0140,7.0000,1.3850,1.4060,65.0000
1789467494.9113,-0.0720,-0.0750,-15.0000,1.2940,1.3020,61.0000,0.0190,0.0430,5.0000,1.3850,1.4010,65.0000
1789467494.9607,-0.0720,-0.0400,-17.0000,1.2940,1.3090,60.0000,0.0190,0.0300,6.0000,1.3850,1.4040,65.0000
1789467495.0104,-0.0720,-0.0720,-15.0000,1.2940,1.3000,61.0000,0.0190,0.0290,6.0000,1.3850,1.3180,70.0000
1789467495.0606,-0.0720,-0.0650,-16.0000,1.2940,1.2980,61.0000,0.0190,0.0290,6.0000,1.3850,1.3400,69.0000
1789467495.1108,-0.0720,-0.0800,-15.0000,1.2940,1.3010,60.0000,0.0190,0.0130,6.0000,1.3850,1.3850,67.0000
1789467495.1607,-0.0720,-0.1170,-13.0000,1.2940,1.3310,59.0000,0.0190,0.0100,6.0000,1.3850,1.4040,66.0000
1789467495.2109,-0.0720,-0.0750,-15.0000,1.2940,1.3090,60.0000,0.0190,0.0040,7.0000,1.3850,1.3790,68.0000
1789467495.2608,-0.0720,-0.0210,-18.0000,1.2940,1.2780,61.0000,0.0190,0.0000,7.0000,1.3850,1.3840,67.0000
1789467495.3106,-0.0720,-0.0390,-17.0000,1.2940,1.2880,60.0000,0.0190,0.0000,8.0000,1.3850,1.2990,72.0000
1789467495.3605,-0.0720,-0.1170,-13.0000,1.2940,1.2970,60.0000,0.0190,0.0000,8.0000,1.3850,1.3390,70.0000
1789467495.4106,-0.0720,-0.1150,-13.0000,1.2940,1.3240,58.0000,0.0190,0.0100,7.0000,1.3850,1.3710,69.0000
1789467495.4605,-0.0720,-0.0820,-15.0000,1.2940,1.3020,60.0000,0.0190,0.0020,8.0000,1.3850,1.3950,68.0000
1789467495.5105,-0.0720,-0.0070,-19.0000,1.2940,1.2810,61.0000,0.0190,0.0000,8.0000,1.3850,1.4260,66.0000
1789467495.5605,-0.0720,-0.0250,-18.0000,1.2940,1.2900,60.0000,0.0190,0.0000,9.0000,1.3850,1.4060,67.0000
1789467495.6105,-0.0720,-0.1150,-13.0000,1.2940,1.3080,59.0000,0.0190,0.0080,8.0000,1.3850,1.2690,75.0000
1789467495.6606,-0.0720,-0.1010,-14.0000,1.2940,1.3160,59.0000,0.0190,0.0020,9.0000,1.3850,1.3420,71.0000
1789467495.7107,-0.0720,-0.0100,-19.0000,1.2940,1.3140,58.0000,0.0190,0.0020,9.0000,1.3850,1.3610,71.0000
1789467495.7605,-0.0720,-0.0010,-20.0000,1.2940,1.2830,60.0000,0.0190,0.0000,9.0000,1.3850,1.4770,64.0000
1789467495.8110,-0.0720,-0.0080,-21.0000,1.2940,1.2660,61.0000,0.0190,0.0000,10.0000,1.3850,1.4620,65.0000
1789467495.8605,-0.0720,-0.1300,-14.0000,1.2940,1.2720,61.0000,0.0190,0.0000,10.0000,1.3850,1.3640,69.0000
1789467495.9105,-0.0720,-0.1040,-16.0000,1.2940,1.2930,60.0000,0.0190,0.0000,10.0000,1.3850,1.2810,74.0000
1789467495.9604,-0.0720,-0.0620,-18.0000,1.2940,1.3210,58.0000,0.0190,0.0020,10.0000,1.3850,1.3450,71.0000
1789467496.0106,-0.0720,-0.0200,-20.0000,1.2940,1.2940,60.0000,0.0190,0.0000,10.0000,1.3850,1.4200,67.0000
1789467496.0605,-0.0720,-0.0070,-21.0000,1.2940,1.2930,60.0000,0.0190,0.0030,11.0000,1.3850,1.5020,63.0000
1789467496.1107,-0.0720,-0.0950,-16.0000,1.2940,1.3040,59.0000,0.0190,0.0030,11.0000,1.3850,1.4160,67.0000
1789467496.1606,-0.0720,-0.1180,-15.0000,1.2940,1.3140,58.0000,0.0190,0.0090,11.0000,1.3850,1.3240,72.0000
1789467496.2108,-0.0720,-0.1190,-15.0000,1.2940,1.3160,58.0000,0.0190,0.0010,11.0000,1.3850,1.2530,76.0000
1789467496.2606,-0.0720,-0.1050,-15.0000,1.2940,1.3070,58.0000,0.0190,0.0030,11.0000,1.3850,1.3530,71.0000
1789467496.3109,-0.0720,-0.0150,-20.0000,1.2940,1.2980,59.0000,0.0190,0.0010,12.0000,1.3850,1.4430,67.0000
1789467496.3606,-0.0720,-0.0540,-18.0000,1.2940,1.2800,60.0000,0.0190,0.0000,12.0000,1.3850,1.5060,63.0000
1789467496.4107,-0.0720,-0.1180,-15.0000,1.2940,1.2950,59.0000,0.0190,0.0030,12.0000,1.3850,1.4180,67.0000
1789467496.4606,-0.0720,-0.1630,-12.0000,1.2940,1.3010,59.0000,0.0190,0.0170,11.0000,1.3850,1.3490,70.0000
1789467496.5106,-0.0720,-0.1310,-13.0000,1.2940,1.2820,60.0000,0.0190,0.0560,9.0000,1.3850,1.2690,75.0000
1789467496.5606,-0.0720,-0.1070,-14.0000,1.2940,1.2730,60.0000,0.0190,0.0220,11.0000,1.3850,1.3680,70.0000
1789467496.6107,-0.0720,-0.0080,-19.0000,1.2940,1.2890,59.0000,0.0190,0.0170,11.0000,1.3850,1.4660,65.0000
1789467496.6603,-0.0720,-0.0050,-19.0000,1.2940,1.2900,59.0000,0.0190,0.0290,10.0000,1.3850,1.4900,63.0000
1789467496.7126,-0.0720,-0.1020,-14.0000,1.2940,1.3050,59.0000,0.0190,0.0090,11.0000,1.3850,1.3730,69.0000
1789467496.7625,-0.0720,-0.1360,-13.0000,1.2940,1.3070,58.0000,0.0190,0.0070,12.0000,1.3850,1.3200,72.0000
1789467496.8125,-0.0720,-0.0840,-15.0000,1.2940,1.2980,59.0000,0.0190,0.0010,12.0000,1.3850,1.2770,74.0000
1789467496.8627,-0.0720,-0.0180,-19.0000,1.2940,1.2990,59.0000,0.0190,0.0000,12.0000,1.3850,1.3790,69.0000
1789467496.9125,-0.0720,-0.0210,-19.0000,1.2940,1.3000,58.0000,0.0190,0.0040,12.0000,1.3850,1.4710,64.0000
1789467496.9633,-0.0720,-0.0740,-17.0000,1.2940,1.2980,58.0000,0.0190,0.0530,10.0000,1.3850,1.4160,67.0000
1789467497.0139,-0.0720,-0.1250,-14.0000,1.2940,1.2970,59.0000,0.0190,0.0740,8.0000,1.3850,1.4180,66.0000
1789467497.0637,-0.0720,-0.0520,-18.0000,1.2940,1.3020,58.0000,0.0190,0.0320,10.0000,1.3850,1.3530,70.0000
1789467497.1140,-0.0720,-0.0980,-15.0000,1.2940,1.2800,59.0000,0.0190,0.0410,9.0000,1.3850,1.2980,73.0000
1789467497.1637,-0.0720,-0.0940,-15.0000,1.2940,1.2940,59.0000,0.0190,0.0110,11.0000,1.3850,1.3150,73.0000
1789467497.2136,-0.0720,-0.0350,-19.0000,1.2940,1.3040,58.0000,0.0190,0.0190,10.0000,1.3850,1.4400,66.0000
1789467497.2649,-0.0720,-0.0730,-17.0000,1.2940,1.2910,59.0000,0.0190,0.0210,10.0000,1.3850,1.4570,65.0000
1789467497.3147,-0.0720,-0.1040,-15.0000,1.2940,1.2690,60.0000,0.0190,0.0050,11.0000,1.3850,1.4250,67.0000
1789467497.3645,-0.0720,-0.0670,-17.0000,1.2940,1.2510,61.0000,0.0190,0.0050,11.0000,1.3850,1.3480,71.0000
1789467497.4172,-0.0720,-0.0810,-16.0000,1.2940,1.2910,59.0000,0.0190,0.0070,11.0000,1.3850,1.3550,70.0000
1789467497.4646,-0.0720,-0.0730,-16.0000,1.2940,1.3090,58.0000,0.0190,0.0630,8.0000,1.3850,1.3130,73.0000
1789467497.5163,-0.0720,-0.0320,-19.0000,1.2940,1.3030,59.0000,0.0190,0.0680,8.0000,1.3850,1.4280,67.0000
1789467497.5647,-0.0720,-0.0080,-20.0000,1.2940,1.2650,61.0000,0.0190,0.0360,9.0000,1.3850,1.4330,67.0000
1789467497.6147,-0.0720,-0.0630,-18.0000,1.2940,1.2540,62.0000,0.0190,0.0240,9.0000,1.3850,1.4400,66.0000
1789467497.6644,-0.0720,-0.0570,-18.0000,1.2940,1.2720,61.0000,0.0190,0.0250,9.0000,1.3850,1.4010,67.0000
1789467497.7147,-0.0720,-0.0600,-18.0000,1.2940,1.2760,61.0000,0.0190,0.0330,8.0000,1.3850,1.3380,71.0000
1789467497.7647,-0.0720,-0.0410,-20.0000,1.2940,1.2950,60.0000,0.0190,0.0880,5.0000,1.3850,1.3460,71.0000
1789467497.8146,-0.0720,-0.0430,-20.0000,1.2940,1.3310,58.0000,0.0190,0.0710,6.0000,1.3850,1.3390,71.0000
1789467497.8648,-0.0720,-0.0230,-21.0000,1.2940,1.3010,60.0000,0.0190,0.0180,8.0000,1.3850,1.4180,67.0000
1789467497.9148,-0.0720,-0.0330,-21.0000,1.2940,1.2860,60.0000,0.0190,0.0020,9.0000,1.3850,1.4870,63.0000
1789467497.9650,-0.0720,-0.0390,-22.0000,1.2940,1.2770,61.0000,0.0190,0.0000,9.0000,1.3850,1.3790,69.0000
1789467498.0147,-0.0720,-0.0870,-19.0000,1.2940,1.2800,61.0000,0.0190,0.0000,9.0000,1.3850,1.3250,72.0000
1789467498.0645,-0.0720,-0.0570,-21.0000,1.2940,1.2950,60.0000,0.0190,0.0000,9.0000,1.3850,1.3600,70.0000
1789467498.1146,-0.0720,-0.0640,-21.0000,1.2940,1.2940,60.0000,0.0190,0.0000,9.0000,1.3850,1.4050,68.0000
1789467498.1646,-0.0720,-0.0610,-21.0000,1.2940,1.2850,61.0000,0.0190,0.0090,9.0000,1.3850,1.3990,68.0000
1789467498.2147,-0.0720,-0.0760,-20.0000,1.2940,1.2810,61.0000,0.0190,0.0010,10.0000,1.3850,1.4250,66.0000
1789467498.2658,-0.0720,-0.1020,-19.0000,1.2940,1.2640,62.0000,0.0190,0.0180,9.0000,1.3850,1.3810,69.0000
1789467498.3146,-0.0720,-0.0940,-19.0000,1.2940,1.2750,62.0000,0.0190,0.0180,9.0000,1.3850,1.3360,71.0000
1789467498.3647,-0.0720,-0.0910,-19.0000,1.2940,1.3090,60.0000,0.0190,0.0920,5.0000,1.3850,1.3640,70.0000
1789467498.4147,-0.0720,-0.0840,-19.0000,1.2940,1.3290,59.0000,0.0190,0.0730,5.0000,1.3850,1.3790,69.0000
1789467498.4645,-0.0720,-0.0620,-20.0000,1.2940,1.3140,60.0000,0.0190,0.0210,8.0000,1.3850,1.4090,68.0000
1789467498.5147,-0.0720,-0.0220,-22.0000,1.2940,1.2740,62.0000,0.0190,0.0050,8.0000,1.3850,1.4280,66.0000
1789467498.5651,-0.0720,-0.0530,-21.0000,1.2940,1.2970,60.0000,0.0190,0.0020,9.0000,1.3850,1.3880,68.0000
1789467498.6145,-0.0720,-0.0360,-22.0000,1.2940,1.2810,61.0000,0.0190,0.0160,8.0000,1.3850,1.2740,75.0000
1789467498.6648,-0.0720,-0.0680,-21.0000,1.2940,1.2860,61.0000,0.0190,0.0070,9.0000,1.3850,1.3620,70.0000
1789467498.7149,-0.0720,-0.0430,-22.0000,1.2940,1.2920,61.0000,0.0190,0.0150,8.0000,1.3850,1.3870,69.0000
1789467498.7646,-0.0720,-0.0720,-21.0000,1.2940,1.3060,60.0000,0.0190,0.0140,8.0000,1.3850,1.3970,69.0000
1789467498.8147,-0.0720,-0.0090,-25.0000,1.2940,1.2970,61.0000,0.0190,0.0230,8.0000,1.3850,1.3950,69.0000
1789467498.8645,-0.0720,-0.0150,-25.0000,1.2940,1.2700,62.0000,0.0190,0.0340,7.0000,1.3850,1.4320,67.0000
1789467498.9146,-0.0720,-0.0280,-25.0000,1.2940,1.2710,62.0000,0.0190,0.0180,8.0000,1.3850,1.3170,73.0000
1789467498.9658,-0.0720,-0.0920,-22.0000,1.2940,1.3110,60.0000,0.0190,0.0130,8.0000,1.3850,1.3030,74.0000
1789467499.0155,-0.0720,-0.0730,-23.0000,1.2940,1.3190,60.0000,0.0190,0.0100,9.0000,1.3850,1.3670,71.0000
1789467499.0655,-0.0720,-0.0780,-22.0000,1.2940,1.3200,60.0000,0.0190,0.0090,9.0000,1.3850,1.4100,69.0000
1789467499.1156,-0.0720,-0.0800,-22.0000,1.2940,1.3170,59.0000,0.0190,0.0020,9.0000,1.3850,1.3860,70.0000
1789467499.1657,-0.0720,-0.0930,-21.0000,1.2940,1.2770,62.0000,0.0190,0.0020,9.0000,1.3850,1.4680,65.0000
1789467499.2156,-0.0720,-0.0670,-23.0000,1.2940,1.2460,63.0000,0.0190,0.0020,10.0000,1.3850,1.3330,73.0000
1789467499.2657,-0.0720,-0.1070,-20.0000,1.2940,1.2910,61.0000,0.0190,0.0030,10.0000,1.3850,1.3170,74.0000
1789467499.3156,-0.0720,-0.0790,-22.0000,1.2940,1.3150,60.0000,0.0190,0.0080,10.0000,1.3850,1.3440,73.0000
1789467499.3671,-0.0720,-0.0900,-21.0000,1.2940,1.3210,60.0000,0.0190,0.0050,10.0000,1.3850,1.4270,68.0000
1789467499.4168,-0.0720,-0.0910,-21.0000,1.2940,1.3190,59.0000,0.0190,0.0000,10.0000,1.3850,1.4030,70.0000
1789467499.4689,-0.0720,-0.0800,-21.0000,1.2940,1.2910,61.0000,0.0190,0.0040,10.0000,1.3850,1.4300,68.0000
1789467499.5193,-0.0720,-0.0580,-22.0000,1.2940,1.2450,63.0000,0.0190,0.0020,11.0000,1.3850,1.4130,69.0000
1789467499.5683,-0.0720,-0.0860,-20.0000,1.2940,1.2760,62.0000,0.0190,0.0010,11.0000,1.3850,1.3250,73.0000
1789467499.6184,-0.0720,-0.0630,-22.0000,1.2940,1.2910,61.0000,0.0190,0.0000,11.0000,1.3850,1.3360,73.0000
1789467499.6688,-0.0720,-0.0680,-22.0000,1.2940,1.3250,59.0000,0.0190,0.0020,11.0000,1.3850,1.3820,71.0000
1789467499.7200,-0.0720,-0.0730,-21.0000,1.2940,1.3140,60.0000,0.0190,0.0010,12.0000,1.3850,1.3810,71.0000
1789467499.7682,-0.0720,-0.0270,-24.0000,1.2940,1.3330,58.0000,0.0190,0.0310,10.0000,1.3850,1.4350,68.0000
1789467499.8187,-0.0720,-0.0090,-26.0000,1.2940,1.2880,61.0000,0.0190,0.0240,11.0000,1.3850,1.3540,73.0000
1789467499.8690,-0.0720,-0.0460,-24.0000,1.2940,1.2460,63.0000,0.0190,0.0250,10.0000,1.3850,1.3830,71.0000
1789467499.9184,-0.0720,-0.0610,-24.0000,1.2940,1.2490,63.0000,0.0190,0.0620,8.0000,1.3850,1.3890,71.0000
1789467499.9683,-0.0720,-0.0500,-24.0000,1.2940,1.2950,61.0000,0.0190,0.0440,9.0000,1.3850,1.4230,69.0000
1789467500.0187,-0.0720,-0.0570,-24.0000,1.2940,1.3290,59.0000,0.0190,0.0340,9.0000,1.3850,1.3580,72.0000
1789467500.0685,-0.0720,-0.0720,-24.0000,1.2940,1.3340,59.0000,0.0190,0.0050,11.0000,1.3850,1.4020,70.0000
1789467500.1191,-0.0720,-0.0910,-23.0000,1.2940,1.3250,59.0000,0.0190,0.0040,11.0000,1.3850,1.3300,74.0000
1789467500.1694,-0.0720,-0.0580,-24.0000,1.2940,1.2940,60.0000,0.0190,0.0000,11.0000,1.3850,1.3040,76.0000
1789467500.2191,-0.0720,-0.0750,-23.0000,1.2940,1.2310,64.0000,0.0190,0.0000,11.0000,1.3850,1.4100,70.0000
1789467500.2691,-0.0720,-0.1000,-22.0000,1.2940,1.2600,62.0000,0.0190,0.0010,12.0000,1.3850,1.4820,66.0000
1789467500.3187,-0.0720,-0.0560,-24.0000,1.2940,1.3170,59.0000,0.0190,0.0010,12.0000,1.3850,1.4320,68.0000
1789467500.3692,-0.0720,-0.0860,-23.0000,1.2940,1.3270,59.0000,0.0190,0.0000,12.0000,1.3850,1.3820,71.0000
1789467500.4201,-0.0720,-0.1350,-20.0000,1.2940,1.3310,58.0000,0.0190,0.0000,12.0000,1.3850,1.3400,73.0000
1789467500.4707,-0.0720,-0.0980,-21.0000,1.2940,1.3180,59.0000,0.0190,0.0000,13.0000,1.3850,1.2940,76.0000
1789467500.5197,-0.0720,-0.1030,-21.0000,1.2940,1.2620,62.0000,0.0190,0.0010,13.0000,1.3850,1.3810,71.0000
1789467500.5706,-0.0720,-0.1030,-20.0000,1.2940,1.2490,63.0000,0.0190,0.0030,13.0000,1.3850,1.5120,64.0000
1789467500.6197,-0.0720,-0.1140,-19.0000,1.2940,1.2670,62.0000,0.0190,0.0070,13.0000,1.3850,1.4930,65.0000
1789467500.6706,-0.0720,-0.0950,-20.0000,1.2940,1.3130,60.0000,0.0190,0.0010,13.0000,1.3850,1.4060,68.0000
1789467500.7195,-0.0720,-0.0980,-19.0000,1.2940,1.3310,59.0000,0.0190,0.0010,14.0000,1.3850,1.3060,74.0000
1789467500.7707,-0.0720,-0.0650,-21.0000,1.2940,1.3190,59.0000,0.0190,0.0160,13.0000,1.3850,1.2870,75.0000
1789467500.8206,-0.0720,-0.0730,-20.0000,1.2940,1.2730,61.0000,0.0190,0.0110,13.0000,1.3850,1.4140,68.0000
1789467500.8707,-0.0720,-0.1020,-18.0000,1.2940,1.2510,63.0000,0.0190,0.0060,14.0000,1.3850,1.4770,65.0000
1789467500.9194,-0.0720,-0.0740,-20.0000,1.2940,1.3070,60.0000,0.0190,0.0190,13.0000,1.3850,1.4980,63.0000
1789467500.9707,-0.0720,-0.1080,-17.0000,1.2940,1.3110,59.0000,0.0190,0.0380,12.0000,1.3850,1.4540,64.0000
1789467501.0202,-0.0720,-0.1460,-15.0000,1.2940,1.3060,60.0000,0.0190,0.0560,11.0000,1.3850,1.2620,75.0000
1789467501.0706,-0.0720,-0.1230,-16.0000,1.2940,1.3160,59.0000,0.0190,0.0300,12.0000,1.3850,1.2450,76.0000
1789467501.1198,-0.0720,-0.0990,-16.0000,1.2940,1.2860,60.0000,0.0190,0.0380,11.0000,1.3850,1.4130,68.0000
1789467501.1700,-0.0720,-0.0480,-19.0000,1.2940,1.2810,61.0000,0.0190,0.0040,13.0000,1.3850,1.4840,64.0000
1789467501.2195,-0.0720,-0.1060,-15.0000,1.2940,1.3000,60.0000,0.0190,0.0030,13.0000,1.3850,1.4900,63.0000
1789467501.2698,-0.0720,-0.1510,-13.0000,1.2940,1.3140,59.0000,0.0190,0.0050,13.0000,1.3850,1.3480,71.0000
1789467501.3205,-0.0720,-0.1280,-14.0000,1.2940,1.3140,59.0000,0.0190,0.0240,12.0000,1.3850,1.3070,73.0000
1789467501.3707,-0.0720,-0.0730,-16.0000,1.2940,1.3120,59.0000,0.0190,0.0160,13.0000,1.3850,1.2610,76.0000
1789467501.4196,-0.0720,-0.0930,-14.0000,1.2940,1.3100,58.0000,0.0190,0.0140,13.0000,1.3850,1.3770,70.0000
1789467501.4706,-0.0720,-0.0090,-19.0000,1.2940,1.3110,58.0000,0.0190,0.0190,13.0000,1.3850,1.4680,65.0000
1789467501.5199,-0.0720,-0.0210,-19.0000,1.2940,1.3080,58.0000,0.0190,0.0640,10.0000,1.3850,1.4970,63.0000
1789467501.5706,-0.0720,-0.0960,-15.0000,1.2940,1.3060,58.0000,0.0190,0.0350,11.0000,1.3850,1.3730,69.0000
1789467501.6227,-0.0720,-0.1240,-14.0000,1.2940,1.2980,58.0000,0.0190,0.0150,12.0000,1.3850,1.3410,71.0000
1789467501.6706,-0.0720,-0.0810,-16.0000,1.2940,1.2970,58.0000,0.0190,0.0230,12.0000,1.3850,1.2420,77.0000
1789467501.7196,-0.0720,-0.0400,-18.0000,1.2940,1.2980,58.0000,0.0190,0.0280,11.0000,1.3850,1.3950,69.0000
1789467501.7713,-0.0720,-0.0250,-19.0000,1.2940,1.3030,58.0000,0.0190,0.0120,12.0000,1.3850,1.4550,66.0000
1789467501.8206,-0.0720,-0.1030,-15.0000,1.2940,1.2990,58.0000,0.0190,0.0090,12.0000,1.3850,1.4550,66.0000
1789467501.8708,-0.0720,-0.1240,-14.0000,1.2940,1.3060,58.0000,0.0190,0.0140,12.0000,1.3850,1.3990,68.0000
1789467501.9208,-0.0720,-0.0940,-15.0000,1.2940,1.2980,58.0000,0.0190,0.0050,13.0000,1.3850,1.3680,70.0000
1789467501.9714,-0.0720,-0.0640,-17.0000,1.2940,1.2970,58.0000,0.0190,0.0060,13.0000,1.3850,1.3080,73.0000
1789467502.0218,-0.0720,-0.0970,-15.0000,1.2940,1.2880,58.0000,0.0190,0.0100,13.0000,1.3850,1.3390,72.0000
1789467502.0706,-0.0720,-0.0690,-16.0000,1.2940,1.3000,58.0000,0.0190,0.0450,11.0000,1.3850,1.4300,67.0000
1789467502.1207,-0.0720,-0.0240,-19.0000,1.2940,1.2870,58.0000,0.0190,0.0540,10.0000,1.3850,1.4430,66.0000
1789467502.1707,-0.0720,-0.1080,-14.0000,1.2940,1.2740,59.0000,0.0190,0.0420,11.0000,1.3850,1.4240,67.0000
1789467502.2208,-0.0720,-0.1020,-14.0000,1.2940,1.2360,62.0000,0.0190,0.0190,12.0000,1.3850,1.3960,68.0000
1789467502.2707,-0.0720,-0.0770,-15.0000,1.2940,1.2620,61.0000,0.0190,0.0200,11.0000,1.3850,1.3330,71.0000
1789467502.3208,-0.0720,-0.1090,-13.0000,1.2940,1.3170,58.0000,0.0190,0.0180,11.0000,1.3850,1.3490,71.0000
1789467502.3707,-0.0720,-0.0630,-16.0000,1.2940,1.3020,59.0000,0.0190,0.0100,12.0000,1.3850,1.4000,68.0000
1789467502.4208,-0.0720,-0.0420,-17.0000,1.2940,1.3070,58.0000,0.0190,0.0260,11.0000,1.3850,1.4490,65.0000
1789467502.4707,-0.0720,-0.0610,-16.0000,1.2940,1.2990,59.0000,0.0190,0.0850,8.0000,1.3850,1.3850,68.0000
1789467502.5209,-0.0720,-0.0850,-15.0000,1.2940,1.2730,60.0000,0.0190,0.0400,10.0000,1.3850,1.3410,71.0000
1789467502.5707,-0.0720,-0.0300,-18.0000,1.2940,1.2500,61.0000,0.0190,0.0060,11.0000,1.3850,1.3260,72.0000
1789467502.6207,-0.0720,-0.1180,-13.0000,1.2940,1.3100,58.0000,0.0190,0.0060,11.0000,1.3850,1.3640,70.0000
1789467502.6710,-0.0720,-0.1730,-10.0000,1.2940,1.3070,59.0000,0.0190,0.0150,11.0000,1.3850,1.4700,64.0000
1789467502.7206,-0.0720,-0.1540,-10.0000,1.2940,1.3180,58.0000,0.0190,0.0350,10.0000,1.3850,1.3700,70.0000
1789467502.7706,-0.0720,-0.0080,-18.0000,1.2940,1.3000,59.0000,0.0190,0.0090,11.0000,1.3850,1.4830,63.0000
1789467502.8209,-0.0720,-0.0130,-18.0000,1.2940,1.3050,58.0000,0.0190,0.0260,10.0000,1.3850,1.3570,70.0000
1789467502.8711,-0.0720,-0.0110,-18.0000,1.2940,1.2840,59.0000,0.0190,0.0600,8.0000,1.3850,1.3250,71.0000
1789467502.9207,-0.0720,-0.0640,-16.0000,1.2940,1.2840,59.0000,0.0190,0.0220,10.0000,1.3850,1.3220,72.0000
1789467502.9706,-0.0720,-0.0710,-16.0000,1.2940,1.2600,61.0000,0.0190,0.0240,10.0000,1.3850,1.4030,68.0000
1789467503.0208,-0.0720,-0.0560,-17.0000,1.2940,1.2850,60.0000,0.0190,0.0140,10.0000,1.3850,1.4250,67.0000
1789467503.0707,-0.0720,-0.0480,-17.0000,1.2940,1.2860,60.0000,0.0190,0.0040,11.0000,1.3850,1.4180,67.0000
1789467503.1208,-0.0720,-0.1030,-14.0000,1.2940,1.2800,60.0000,0.0190,0.0130,10.0000,1.3850,1.3800,69.0000
1789467503.1707,-0.0720,-0.0770,-16.0000,1.2940,1.2690,61.0000,0.0190,0.0250,10.0000,1.3850,1.3180,73.0000
1789467503.2208,-0.0720,-0.0240,-19.0000,1.2940,1.3060,59.0000,0.0190,0.0200,10.0000,1.3850,1.3190,73.0000
1789467503.2707,-0.0720,-0.1050,-14.0000,1.2940,1.3200,58.0000,0.0190,0.0190,10.0000,1.3850,1.3980,69.0000
1789467503.3208,-0.0720,-0.0780,-16.0000,1.2940,1.3180,58.0000,0.0190,0.0190,10.0000,1.3850,1.4150,68.0000
1789467503.3711,-0.0720,-0.0060,-20.0000,1.2940,1.3100,59.0000,0.0190,0.0590,8.0000,1.3850,1.5000,63.0000
1789467503.4209,-0.0720,-0.0570,-17.0000,1.2940,1.3110,58.0000,0.0190,0.0150,10.0000,1.3850,1.3950,69.0000
1789467503.4710,-0.0720,-0.0810,-16.0000,1.2940,1.2770,60.0000,0.0190,0.0060,11.0000,1.3850,1.2890,74.0000
1789467503.5208,-0.0720,-0.0840,-16.0000,1.2940,1.2460,62.0000,0.0190,0.0080,11.0000,1.3850,1.3380,72.0000
1789467503.5716,-0.0720,-0.0490,-18.0000,1.2940,1.3010,59.0000,0.0190,0.0270,10.0000,1.3850,1.4060,69.0000
1789467503.6208,-0.0720,-0.0780,-16.0000,1.2940,1.3140,58.0000,0.0190,0.0140,10.0000,1.3850,1.4100,68.0000
1789467503.6731,-0.0720,-0.0320,-19.0000,1.2940,1.2970,59.0000,0.0190,0.0090,11.0000,1.3850,1.4610,65.0000
1789467503.7227,-0.0720,-0.0440,-19.0000,1.2940,1.2820,60.0000,0.0190,0.0010,11.0000,1.3850,1.4290,66.0000
1789467503.7747,-0.0720,-0.0380,-20.0000,1.2940,1.2820,60.0000,0.0190,0.0020,11.0000,1.3850,1.2810,75.0000
1789467503.8229,-0.0720,-0.0750,-18.0000,1.2940,1.2800,60.0000,0.0190,0.0010,12.0000,1.3850,1.3390,72.0000
1789467503.8730,-0.0720,-0.0420,-20.0000,1.2940,1.2980,59.0000,0.0190,0.0000,12.0000,1.3850,1.4000,69.0000
1789467503.9227,-0.0720,-0.0790,-18.0000,1.2940,1.3120,59.0000,0.0190,0.0420,10.0000,1.3850,1.3920,69.0000
1789467503.9736,-0.0720,-0.0120,-22.0000,1.2940,1.3070,59.0000,0.0190,0.0330,10.0000,1.3850,1.4140,68.0000
1789467504.0227,-0.0720,-0.0090,-23.0000,1.2940,1.2940,59.0000,0.0190,0.0720,8.0000,1.3850,1.4320,67.0000
1789467504.0732,-0.0720,-0.0390,-21.0000,1.2940,1.2700,61.0000,0.0190,0.0220,10.0000,1.3850,1.3170,73.0000
1789467504.1260,-0.0720,-0.0570,-21.0000,1.2940,1.2820,60.0000,0.0190,0.0340,9.0000,1.3850,1.3380,72.0000
1789467504.1736,-0.0720,-0.0460,-22.0000,1.2940,1.3040,59.0000,0.0190,0.0340,9.0000,1.3850,1.3950,69.0000
1789467504.2228,-0.0720,-0.0730,-20.0000,1.2940,1.3110,59.0000,0.0190,0.0180,10.0000,1.3850,1.3770,71.0000
1789467504.2730,-0.0720,-0.0670,-21.0000,1.2940,1.2980,59.0000,0.0190,0.0130,10.0000,1.3850,1.3980,69.0000
1789467504.3238,-0.0720,-0.0350,-23.0000,1.2940,1.2910,60.0000,0.0190,0.0220,9.0000,1.3850,1.4280,67.0000
1789467504.3727,-0.0720,-0.0640,-22.0000,1.2940,1.2730,61.0000,0.0190,0.0200,10.0000,1.3850,1.3620,71.0000
1789467504.4229,-0.0720,-0.0540,-22.0000,1.2940,1.2770,61.0000,0.0190,0.0520,8.0000,1.3850,1.3510,72.0000
1789467504.4728,-0.0720,-0.0710,-21.0000,1.2940,1.2910,60.0000,0.0190,0.0180,9.0000,1.3850,1.3950,69.0000
1789467504.5227,-0.0720,-0.0840,-21.0000,1.2940,1.2990,60.0000,0.0190,0.0330,8.0000,1.3850,1.4240,68.0000
1789467504.5727,-0.0720,-0.0570,-22.0000,1.2940,1.3230,58.0000,0.0190,0.0250,9.0000,1.3850,1.3950,69.0000
1789467504.6228,-0.0720,-0.0580,-22.0000,1.2940,1.2800,60.0000,0.0190,0.0330,8.0000,1.3850,1.4470,66.0000
1789467504.6728,-0.0720,-0.0150,-25.0000,1.2940,1.2870,60.0000,0.0190,0.0110,9.0000,1.3850,1.3720,70.0000
1789467504.7228,-0.0720,-0.0580,-23.0000,1.2940,1.2810,60.0000,0.0190,0.0020,10.0000,1.3850,1.3530,71.0000
1789467504.7729,-0.0720,-0.0860,-21.0000,1.2940,1.2850,60.0000,0.0190,0.0000,10.0000,1.3850,1.3610,71.0000
1789467504.8227,-0.0720,-0.0710,-22.0000,1.2940,1.3060,59.0000,0.0190,0.0260,9.0000,1.3850,1.4170,68.0000
1789467504.8728,-0.0720,-0.0710,-22.0000,1.2940,1.3080,59.0000,0.0190,0.0300,9.0000,1.3850,1.4160,68.0000
1789467504.9226,-0.0720,-0.0910,-21.0000,1.2940,1.3090,59.0000,0.0190,0.0540,7.0000,1.3850,1.4260,67.0000
1789467504.9728,-0.0720,-0.0250,-25.0000,1.2940,1.2810,60.0000,0.0190,0.0110,9.0000,1.3850,1.3810,69.0000
1789467505.0228,-0.0720,-0.0730,-23.0000,1.2940,1.2760,61.0000,0.0190,0.0200,9.0000,1.3850,1.3740,69.0000
1789467505.0728,-0.0720,-0.1280,-20.0000,1.2940,1.2750,61.0000,0.0190,0.0100,9.0000,1.3850,1.3550,70.0000
1789467505.1228,-0.0720,-0.1290,-19.0000,1.2940,1.2810,61.0000,0.0190,0.0160,9.0000,1.3850,1.4240,66.0000
1789467505.1727,-0.0720,-0.1070,-20.0000,1.2940,1.3130,59.0000,0.0190,0.0070,10.0000,1.3850,1.4200,66.0000
1789467505.2246,-0.0720,-0.1200,-19.0000,1.2940,1.3130,59.0000,0.0190,0.0150,9.0000,1.3850,1.4420,65.0000
1789467505.2727,-0.0720,-0.0930,-20.0000,1.2940,1.2640,62.0000,0.0190,0.0020,10.0000,1.3850,1.3470,70.0000
1789467505.3228,-0.0720,-0.0480,-22.0000,1.2940,1.2480,63.0000,0.0190,0.0000,10.0000,1.3850,1.3790,68.0000
1789467505.3729,-0.0720,-0.1140,-18.0000,1.2940,1.2530,63.0000,0.0190,0.0030,10.0000,1.3850,1.3620,69.0000
1789467505.4228,-0.0720,-0.1080,-18.0000,1.2940,1.2840,61.0000,0.0190,0.0120,10.0000,1.3850,1.3780,68.0000
1789467505.4728,-0.0720,-0.1060,-18.0000,1.2940,1.2610,63.0000,0.0190,0.0020,11.0000,1.3850,1.4350,65.0000
1789467505.5249,-0.0720,-0.1520,-15.0000,1.2940,1.3210,60.0000,0.0190,0.0160,10.0000,1.3850,1.4160,66.0000
1789467505.5729,-0.0720,-0.1460,-15.0000,1.2940,1.3270,59.0000,0.0190,0.0200,10.0000,1.3850,1.3910,67.0000
1789467505.6237,-0.0720,-0.0430,-20.0000,1.2940,1.2630,63.0000,0.0190,0.0430,9.0000,1.3850,1.3650,68.0000
1789467505.6728,-0.0720,-0.0980,-16.0000,1.2940,1.2790,62.0000,0.0190,0.0610,8.0000,1.3850,1.3980,66.0000
1789467505.7228,-0.0720,-0.1420,-14.0000,1.2940,1.2540,63.0000,0.0190,0.0300,9.0000,1.3850,1.3500,69.0000
1789467505.7729,-0.0720,-0.1130,-15.0000,1.2940,1.2520,64.0000,0.0190,0.0140,10.0000,1.3850,1.4140,65.0000
1789467505.8230,-0.0720,-0.1090,-15.0000,1.2940,1.2880,62.0000,0.0190,0.0250,9.0000,1.3850,1.4150,65.0000
1789467505.8726,-0.0720,-0.1370,-13.0000,1.2940,1.3380,60.0000,0.0190,0.0460,8.0000,1.3850,1.4360,64.0000
1789467505.9227,-0.0720,-0.1170,-13.0000,1.2940,1.3340,60.0000,0.0190,0.0460,7.0000,1.3850,1.4130,65.0000
1789467505.9727,-0.0720,-0.0130,-19.0000,1.2940,1.2290,66.0000,0.0190,0.0580,6.0000,1.3850,1.4060,65.0000
1789467506.0232,-0.0720,-0.1070,-13.0000,1.2940,1.2470,65.0000,0.0190,0.0270,8.0000,1.3850,1.3750,66.0000
1789467506.0727,-0.0720,-0.1180,-13.0000,1.2940,1.2230,67.0000,0.0190,0.0230,8.0000,1.3850,1.4090,64.0000
1789467506.1228,-0.0720,-0.1140,-13.0000,1.2940,1.2440,66.0000,0.0190,0.0400,7.0000,1.3850,1.4220,63.0000
1789467506.1728,-0.0720,-0.1490,-10.0000,1.2940,1.3090,63.0000,0.0190,0.0350,7.0000,1.3850,1.4110,64.0000
1789467506.2228,-0.0720,-0.1440,-10.0000,1.2940,1.3650,60.0000,0.0190,0.0240,7.0000,1.3850,1.3770,65.0000
1789467506.2727,-0.0720,-0.1350,-9.0000,1.2940,1.3560,60.0000,0.0190,0.0910,3.0000,1.3850,1.4420,61.0000
1789467506.3232,-0.0720,-0.0830,-12.0000,1.2940,1.2580,65.0000,0.0190,0.0750,4.0000,1.3850,1.3470,67.0000
1789467506.3728,-0.0720,-0.1030,-10.0000,1.2940,1.2590,65.0000,0.0190,0.0060,7.0000,1.3850,1.4250,62.0000
1789467506.4228,-0.0720,-0.0970,-10.0000,1.2940,1.2600,65.0000,0.0190,0.0040,7.0000,1.3850,1.3610,65.0000
1789467506.4729,-0.0720,-0.1130,-9.0000,1.2940,1.2680,65.0000,0.0190,0.0000,7.0000,1.3850,1.3970,63.0000
1789467506.5228,-0.0720,-0.1030,-9.0000,1.2940,1.3330,61.0000,0.0190,0.0170,6.0000,1.3850,1.3910,64.0000
1789467506.5724,-0.0720,-0.0950,-9.0000,1.2940,1.2840,64.0000,0.0190,0.0100,7.0000,1.3850,1.3930,64.0000
1789467506.6228,-0.0720,-0.0410,-12.0000,1.2940,1.2530,66.0000,0.0190,0.0010,8.0000,1.3850,1.4160,62.0000
1789467506.6727,-0.0720,-0.0600,-11.0000,1.2940,1.2650,66.0000,0.0190,0.0000,8.0000,1.3850,1.3920,63.0000
1789467506.7228,-0.0720,-0.0710,-11.0000,1.2940,1.2380,68.0000,0.0190,0.0000,8.0000,1.3850,1.4120,62.0000
1789467506.7729,-0.0720,-0.1080,-9.0000,1.2940,1.2760,66.0000,0.0190,0.0060,8.0000,1.3850,1.4100,62.0000
1789467506.8228,-0.0720,-0.0990,-9.0000,1.2940,1.3280,63.0000,0.0190,0.0050,8.0000,1.3850,1.3980,62.0000
1789467506.8728,-0.0720,-0.0980,-9.0000,1.2940,1.3650,61.0000,0.0190,0.0040,8.0000,1.3850,1.3850,63.0000
1789467506.9227,-0.0720,-0.0600,-11.0000,1.2940,1.2520,67.0000,0.0190,0.0030,9.0000,1.3850,1.3830,63.0000
1789467506.9727,-0.0720,-0.0920,-9.0000,1.2940,1.2240,69.0000,0.0190,0.0000,9.0000,1.3850,1.3840,63.0000
1789467507.0228,-0.0720,-0.1060,-8.0000,1.2940,1.2700,67.0000,0.0190,0.0000,9.0000,1.3850,1.4020,62.0000
1789467507.0727,-0.0720,-0.0920,-8.0000,1.2940,1.2760,67.0000,0.0190,0.0010,9.0000,1.3850,1.3870,62.0000
1789467507.1228,-0.0720,-0.0960,-8.0000,1.2940,1.3170,65.0000,0.0190,0.0030,10.0000,1.3850,1.4050,61.0000
1789467507.1728,-0.0720,-0.0660,-9.0000,1.2940,1.3860,60.0000,0.0190,0.0220,9.0000,1.3850,1.3790,62.0000
1789467507.2228,-0.0720,-0.0760,-9.0000,1.2940,1.2940,65.0000,0.0190,0.0700,6.0000,1.3850,1.4010,61.0000
1789467507.2736,-0.0720,-0.0980,-7.0000,1.2940,1.2270,69.0000,0.0190,0.0600,6.0000,1.3850,1.3670,63.0000
1789467507.3229,-0.0720,-0.0420,-10.0000,1.2940,1.2310,69.0000,0.0190,0.0360,7.0000,1.3850,1.4010,61.0000
1789467507.3730,-0.0720,-0.0850,-8.0000,1.2940,1.2400,69.0000,0.0190,0.0140,8.0000,1.3850,1.3750,62.0000
1789467507.4230,-0.0720,-0.0910,-7.0000,1.2940,1.3490,64.0000,0.0190,0.0010,9.0000,1.3850,1.4060,61.0000
1789467507.4729,-0.0720,-0.0250,-11.0000,1.2940,1.3410,64.0000,0.0190,0.0680,5.0000,1.3850,1.3730,62.0000
1789467507.5228,-0.0720,-0.0750,-9.0000,1.2940,1.3960,60.0000,0.0190,0.2890,-9.0000,1.3850,1.4050,61.0000
1789467507.5741,-0.0720,-0.0690,-9.0000,1.2940,1.3750,60.0000,0.0190,0.1950,-5.0000,1.3850,1.3900,61.0000
1789467507.6228,-0.0720,-0.0800,-8.0000,1.2940,1.1980,70.0000,0.0190,0.1480,-5.0000,1.3850,1.3920,61.0000
1789467507.6729,-0.0720,-0.0550,-10.0000,1.2940,1.2730,65.0000,0.0190,0.1420,-7.0000,1.3850,1.3670,63.0000
1789467507.7227,-0.0720,-0.0630,-10.0000,1.2940,1.3050,64.0000,0.0190,0.0920,-5.0000,1.3850,1.3970,61.0000
1789467507.7728,-0.0720,-0.0790,-9.0000,1.2940,1.3250,63.0000,0.0190,0.1130,-8.0000,1.3850,1.3700,62.0000
1789467507.8229,-0.0720,-0.0500,-10.0000,1.2940,1.3280,63.0000,0.0190,0.0240,-4.0000,1.3850,1.4040,60.0000
1789467507.8747,-0.0720,-0.0850,-8.0000,1.2940,1.2520,67.0000,0.0190,0.0120,-4.0000,1.3850,1.3750,62.0000
1789467507.9228,-0.0720,-0.0700,-9.0000,1.2940,1.2220,69.0000,0.0190,0.0010,-3.0000,1.3850,1.3950,61.0000
1789467507.9757,-0.0720,-0.0590,-10.0000,1.2940,1.2440,68.0000,0.0190,0.0000,-3.0000,1.3850,1.3720,62.0000
1789467508.0249,-0.0720,-0.0960,-8.0000,1.2940,1.2660,67.0000,0.0190,0.0000,-3.0000,1.3850,1.3880,61.0000
1789467508.0748,-0.0720,-0.1050,-7.0000,1.2940,1.3070,65.0000,0.0190,0.0000,-2.0000,1.3850,1.3780,62.0000
1789467508.1250,-0.0720,-0.0840,-8.0000,1.2940,1.3400,63.0000,0.0190,0.0000,-2.0000,1.3850,1.3930,61.0000
1789467508.1748,-0.0720,-0.0720,-9.0000,1.2940,1.3760,61.0000,0.0190,0.0000,-2.0000,1.3850,1.3780,62.0000
1789467508.2247,-0.0720,-0.0750,-8.0000,1.2940,1.2580,67.0000,0.0190,0.0000,-2.0000,1.3850,1.3870,62.0000
1789467508.2752,-0.0720,-0.0750,-8.0000,1.2940,1.2300,68.0000,0.0190,0.0000,-2.0000,1.3850,1.3730,62.0000
1789467508.3249,-0.0720,-0.0600,-9.0000,1.2940,1.2890,65.0000,0.0190,0.0000,-1.0000,1.3850,1.3770,62.0000
1789467508.3748,-0.0720,-0.0880,-8.0000,1.2940,1.2920,66.0000,0.0190,0.0000,-1.0000,1.3850,1.3800,62.0000
1789467508.4250,-0.0720,-0.0490,-10.0000,1.2940,1.3300,63.0000,0.0190,0.0000,-1.0000,1.3850,1.3900,62.0000
1789467508.4750,-0.0720,-0.0720,-9.0000,1.2940,1.3550,62.0000,0.0190,0.0000,-1.0000,1.3850,1.3940,62.0000
1789467508.5249,-0.0720,-0.0980,-7.0000,1.2940,1.3490,61.0000,0.0190,0.0000,0.0000,1.3850,1.3990,61.0000
1789467508.5749,-0.0720,-0.0480,-10.0000,1.2940,1.2600,66.0000,0.0190,0.0000,0.0000,1.3850,1.3900,62.0000
1789467508.6249,-0.0720,-0.0630,-9.0000,1.2940,1.2580,66.0000,0.0190,0.0000,0.0000,1.3850,1.3980,61.0000
1789467508.6747,-0.0720,-0.0740,-9.0000,1.2940,1.2850,65.0000,0.0190,0.0000,0.0000,1.3850,1.3970,61.0000
1789467508.7249,-0.0720,-0.0490,-10.0000,1.2940,1.2840,65.0000,0.0190,0.0000,1.0000,1.3850,1.3780,62.0000
1789467508.7749,-0.0720,-0.0870,-8.0000,1.2940,1.3270,63.0000,0.0190,0.0000,1.0000,1.3850,1.3900,61.0000
1789467508.8248,-0.0720,-0.0840,-8.0000,1.2940,1.3200,63.0000,0.0190,0.0000,1.0000,1.3850,1.3770,62.0000
1789467508.8749,-0.0720,-0.0640,-9.0000,1.2940,1.2590,66.0000,0.0190,0.0000,1.0000,1.3850,1.3870,61.0000
1789467508.9253,-0.0720,-0.0920,-7.0000,1.2940,1.2750,65.0000,0.0190,0.0000,2.0000,1.3850,1.3700,62.0000
1789467508.9748,-0.0720,-0.0870,-8.0000,1.2940,1.2880,65.0000,0.0190,0.0000,2.0000,1.3850,1.3890,61.0000
1789467509.0249,-0.0720,-0.0680,-9.0000,1.2940,1.2930,65.0000,0.0190,0.0000,2.0000,1.3850,1.3620,63.0000
1789467509.0749,-0.0720,-0.0750,-8.0000,1.2940,1.3260,63.0000,0.0190,0.0000,2.0000,1.3850,1.3870,62.0000
1789467509.1249,-0.0720,-0.0910,-7.0000,1.2940,1.3180,63.0000,0.0190,0.0000,3.0000,1.3850,1.3670,63.0000
1789467509.1749,-0.0720,-0.0440,-10.0000,1.2940,1.3310,62.0000,0.0190,0.0000,3.0000,1.3850,1.3990,61.0000
1789467509.2261,-0.0720,-0.0750,-8.0000,1.2940,1.2310,68.0000,0.0190,0.0000,3.0000,1.3850,1.3440,64.0000
1789467509.2749,-0.0720,-0.0640,-9.0000,1.2940,1.2850,65.0000,0.0190,0.0000,3.0000,1.3850,1.4210,60.0000
1789467509.3249,-0.0720,-0.0600,-9.0000,1.2940,1.2870,65.0000,0.0190,0.0000,3.0000,1.3850,1.3750,63.0000
1789467509.3750,-0.0720,-0.0310,-11.0000,1.2940,1.2810,65.0000,0.0190,0.0000,4.0000,1.3850,1.4040,61.0000
1789467509.4249,-0.0720,-0.0760,-9.0000,1.2940,1.3290,63.0000,0.0190,0.0000,4.0000,1.3850,1.3790,62.0000
1789467509.4749,-0.0720,-0.0630,-10.0000,1.2940,1.3010,64.0000,0.0190,0.0030,4.0000,1.3850,1.4210,60.0000
1789467509.5261,-0.0720,-0.0590,-10.0000,1.2940,1.2740,65.0000,0.0190,0.0000,4.0000,1.3850,1.3840,62.0000
1789467509.5751,-0.0720,-0.0310,-12.0000,1.2940,1.2430,67.0000,0.0190,0.0020,5.0000,1.3850,1.4160,60.0000
1789467509.6249,-0.0720,-0.0740,-10.0000,1.2940,1.2610,67.0000,0.0190,0.0000,5.0000,1.3850,1.3810,62.0000
1789467509.6749,-0.0720,-0.0770,-9.0000,1.2940,1.2660,67.0000,0.0190,0.0000,5.0000,1.3850,1.4100,60.0000
1789467509.7249,-0.0720,-0.0400,-12.0000,1.2940,1.2850,66.0000,0.0190,0.0030,5.0000,1.3850,1.3790,61.0000
1789467509.7750,-0.0720,-0.0860,-9.0000,1.2940,1.3500,62.0000,0.0190,0.0110,5.0000,1.3850,1.3990,60.0000
1789467509.8266,-0.0720,-0.0440,-12.0000,1.2940,1.3020,65.0000,0.0190,0.0280,4.0000,1.3850,1.3690,62.0000
1789467509.8750,-0.0720,-0.0520,-11.0000,1.2940,1.2620,67.0000,0.0190,0.0480,3.0000,1.3850,1.3910,61.0000
1789467509.9261,-0.0720,-0.0430,-12.0000,1.2940,1.2940,65.0000,0.0190,0.0440,3.0000,1.3850,1.3680,62.0000
1789467509.9759,-0.0720,-0.0270,-14.0000,1.2940,1.2480,68.0000,0.0190,0.0350,3.0000,1.3850,1.3920,61.0000
1789467510.0259,-0.0720,-0.1040,-9.0000,1.2940,1.2780,67.0000,0.0190,0.0250,3.0000,1.3850,1.3710,62.0000
1789467510.0760,-0.0720,-0.1150,-9.0000,1.2940,1.3280,64.0000,0.0190,0.0480,2.0000,1.3850,1.3820,62.0000
1789467510.1258,-0.0720,-0.0930,-10.0000,1.2940,1.3050,65.0000,0.0190,0.0440,2.0000,1.3850,1.3670,62.0000
1789467510.1759,-0.0720,-0.0270,-13.0000,1.2940,1.2560,68.0000,0.0190,0.0770,0.0000,1.3850,1.3710,62.0000
1789467510.2259,-0.0720,-0.0630,-12.0000,1.2940,1.2760,67.0000,0.0190,0.0310,2.0000,1.3850,1.3740,62.0000
1789467510.2759,-0.0720,-0.0620,-12.0000,1.2940,1.2700,67.0000,0.0190,0.0080,3.0000,1.3850,1.3900,62.0000
1789467510.3264,-0.0720,-0.1000,-10.0000,1.2940,1.2700,68.0000,0.0190,0.0080,3.0000,1.3850,1.3890,62.0000
1789467510.3759,-0.0720,-0.0960,-10.0000,1.2940,1.2860,67.0000,0.0190,0.0070,3.0000,1.3850,1.3770,62.0000
1789467510.4259,-0.0720,-0.0780,-11.0000,1.2940,1.3610,63.0000,0.0190,0.0220,2.0000,1.3850,1.3890,62.0000
1789467510.4759,-0.0720,-0.0710,-11.0000,1.2940,1.3310,64.0000,0.0190,0.0150,3.0000,1.3850,1.3920,62.0000
1789467510.5260,-0.0720,-0.0420,-12.0000,1.2940,1.2600,68.0000,0.0190,0.0010,3.0000,1.3850,1.3930,61.0000
1789467510.5759,-0.0720,-0.0250,-14.0000,1.2940,1.2610,68.0000,0.0190,0.0000,4.0000,1.3850,1.3870,62.0000
1789467510.6275,-0.0720,-0.0640,-12.0000,1.2940,1.2570,68.0000,0.0190,0.0000,4.0000,1.3850,1.3940,61.0000
1789467510.6769,-0.0720,-0.0960,-10.0000,1.2940,1.2940,67.0000,0.0190,0.0030,4.0000,1.3850,1.3800,62.0000
1789467510.7269,-0.0720,-0.0890,-10.0000,1.2940,1.3120,66.0000,0.0190,0.0010,4.0000,1.3850,1.3960,61.0000
1789467510.7769,-0.0720,-0.1110,-9.0000,1.2940,1.4030,60.0000,0.0190,0.0110,4.0000,1.3850,1.3770,62.0000
1789467510.8305,-0.0720,-0.1100,-9.0000,1.2940,1.3130,65.0000,0.0190,0.0040,5.0000,1.3850,1.3980,61.0000
1789467510.8806,-0.0720,-0.0230,-13.0000,1.2940,1.2460,68.0000,0.0190,0.0060,5.0000,1.3850,1.3780,62.0000
1789467510.9313,-0.0720,-0.0690,-11.0000,1.2940,1.2850,66.0000,0.0190,0.0080,5.0000,1.3850,1.3960,61.0000
1789467510.9798,-0.0720,-0.1070,-9.0000,1.2940,1.2620,68.0000,0.0190,0.0850,0.0000,1.3850,1.3660,63.0000
1789467511.0309,-0.0720,-0.0740,-10.0000,1.2940,1.3380,63.0000,0.0190,0.0870,0.0000,1.3850,1.3980,61.0000
1789467511.0798,-0.0720,-0.0860,-10.0000,1.2940,1.3940,60.0000,0.0190,0.0580,1.0000,1.3850,1.3650,63.0000
1789467511.1311,-0.0720,-0.0920,-9.0000,1.2940,1.3710,61.0000,0.0190,0.1110,-3.0000,1.3850,1.3980,61.0000
1789467511.1798,-0.0720,-0.0560,-11.0000,1.2940,1.2690,66.0000,0.0190,0.0890,-3.0000,1.3850,1.3680,62.0000
1789467511.2306,-0.0720,-0.0020,-14.0000,1.2940,1.2880,64.0000,0.0190,0.0090,1.0000,1.3850,1.4010,61.0000
1789467511.2798,-0.0720,-0.0440,-12.0000,1.2940,1.2480,67.0000,0.0190,0.0690,-3.0000,1.3850,1.3690,62.0000
1789467511.3306,-0.0720,-0.0720,-11.0000,1.2940,1.2700,66.0000,0.0190,0.0850,-4.0000,1.3850,1.3920,61.0000
1789467511.3801,-0.0720,-0.0720,-11.0000,1.2940,1.3220,63.0000,0.0190,0.0640,-4.0000,1.3850,1.3610,63.0000
1789467511.4305,-0.0720,-0.0620,-12.0000,1.2940,1.3010,64.0000,0.0190,0.0730,-5.0000,1.3850,1.4050,61.0000
1789467511.4800,-0.0720,-0.0260,-14.0000,1.2940,1.2790,65.0000,0.0190,0.0080,-2.0000,1.3850,1.3710,62.0000
1789467511.5307,-0.0720,-0.0820,-11.0000,1.2940,1.3030,64.0000,0.0190,0.0050,-2.0000,1.3850,1.4010,61.0000
1789467511.5799,-0.0720,-0.0650,-12.0000,1.2940,1.2720,66.0000,0.0190,0.0230,-3.0000,1.3850,1.3670,63.0000
1789467511.6306,-0.0720,-0.1020,-10.0000,1.2940,1.2780,66.0000,0.0190,0.0150,-2.0000,1.3850,1.3960,61.0000
1789467511.6800,-0.0720,-0.0850,-11.0000,1.2940,1.3320,63.0000,0.0190,0.0040,-1.0000,1.3850,1.3640,63.0000
1789467511.7306,-0.0720,-0.1120,-9.0000,1.2940,1.3610,61.0000,0.0190,0.0090,-2.0000,1.3850,1.4000,61.0000
1789467511.7800,-0.0720,-0.0940,-10.0000,1.2940,1.2690,66.0000,0.0190,0.0030,-1.0000,1.3850,1.3800,62.0000
1789467511.8306,-0.0720,-0.0260,-13.0000,1.2940,1.2500,67.0000,0.0190,0.0000,-1.0000,1.3850,1.3970,61.0000
1789467511.8802,-0.0720,-0.0520,-12.0000,1.2940,1.2620,66.0000,0.0190,0.0080,-1.0000,1.3850,1.3740,62.0000
1789467511.9312,-0.0720,-0.0910,-10.0000,1.2940,1.2530,67.0000,0.0190,0.0040,-1.0000,1.3850,1.3860,62.0000
1789467511.9800,-0.0720,-0.0780,-10.0000,1.2940,1.2820,66.0000,0.0190,0.0000,0.0000,1.3850,1.3780,62.0000
1789467512.0308,-0.0720,-0.0870,-10.0000,1.2940,1.3560,62.0000,0.0190,0.0030,0.0000,1.3850,1.3990,61.0000
1789467512.0801,-0.0720,-0.0960,-9.0000,1.2940,1.3640,61.0000,0.0190,0.0100,0.0000,1.3850,1.3880,62.0000
1789467512.1306,-0.0720,-0.0740,-10.0000,1.2940,1.2590,66.0000,0.0190,0.0020,0.0000,1.3850,1.3930,61.0000
1789467512.1799,-0.0720,-0.0230,-13.0000,1.2940,1.2640,66.0000,0.0190,0.0000,1.0000,1.3850,1.3850,62.0000
1789467512.2307,-0.0720,-0.1030,-9.0000,1.2940,1.2330,68.0000,0.0190,0.0000,1.0000,1.3850,1.3810,62.0000
1789467512.2800,-0.0720,-0.0710,-11.0000,1.2940,1.2730,66.0000,0.0190,0.0000,1.0000,1.3850,1.3900,61.0000
1789467512.3307,-0.0720,-0.0870,-10.0000,1.2940,1.3270,64.0000,0.0190,0.0020,1.0000,1.3850,1.3890,62.0000
1789467512.3800,-0.0720,-0.0840,-10.0000,1.2940,1.3620,61.0000,0.0190,0.0000,1.0000,1.3850,1.3930,61.0000
1789467512.4307,-0.0720,-0.0900,-9.0000,1.2940,1.3740,60.0000,0.0190,0.0000,2.0000,1.3850,1.3890,61.0000
1789467512.4799,-0.0720,0.0070,-15.0000,1.2940,1.2830,65.0000,0.0190,0.0000,2.0000,1.3850,1.3950,61.0000
1789467512.5312,-0.0720,-0.0140,-14.0000,1.2940,1.2660,65.0000,0.0190,0.0000,2.0000,1.3850,1.3770,62.0000
1789467512.5810,-0.0720,-0.1160,-8.0000,1.2940,1.2720,65.0000,0.0190,0.0010,2.0000,1.3850,1.3710,62.0000
1789467512.6310,-0.0720,-0.0840,-10.0000,1.2940,1.2950,64.0000,0.0190,0.0000,3.0000,1.3850,1.3400,64.0000
1789467512.6810,-0.0720,-0.1020,-9.0000,1.2940,1.3310,62.0000,0.0190,0.0000,3.0000,1.3850,1.3830,62.0000
1789467512.7316,-0.0720,-0.0800,-10.0000,1.2940,1.3080,63.0000,0.0190,0.0000,3.0000,1.3850,1.3690,63.0000
1789467512.7810,-0.0720,-0.0460,-12.0000,1.2940,1.2580,66.0000,0.0190,0.0000,3.0000,1.3850,1.3920,62.0000
1789467512.8309,-0.0720,-0.0290,-13.0000,1.2940,1.2540,66.0000,0.0190,0.0000,4.0000,1.3850,1.3370,65.0000
1789467512.8811,-0.0720,-0.0940,-9.0000,1.2940,1.2770,65.0000,0.0190,0.0000,4.0000,1.3850,1.3580,64.0000
1789467512.9317,-0.0720,-0.0870,-10.0000,1.2940,1.2990,64.0000,0.0190,0.0010,4.0000,1.3850,1.3520,65.0000
1789467512.9813,-0.0720,-0.0850,-10.0000,1.2940,1.2890,65.0000,0.0190,0.0000,4.0000,1.3850,1.3990,62.0000
1789467513.0310,-0.0720,-0.0540,-11.0000,1.2940,1.3480,61.0000,0.0190,0.0000,5.0000,1.3850,1.3930,63.0000
1789467513.0809,-0.0720,-0.0100,-14.0000,1.2940,1.3100,63.0000,0.0190,0.0000,5.0000,1.3850,1.4150,62.0000
1789467513.1313,-0.0720,-0.0030,-15.0000,1.2940,1.2840,65.0000,0.0190,0.0000,5.0000,1.3850,1.3200,67.0000
1789467513.1810,-0.0720,-0.0650,-12.0000,1.2940,1.2950,64.0000,0.0190,0.0030,5.0000,1.3850,1.3260,67.0000
1789467513.2313,-0.0720,-0.1010,-10.0000,1.2940,1.3120,63.0000,0.0190,0.0040,5.0000,1.3850,1.3290,67.0000
1789467513.2828,-0.0720,-0.0660,-12.0000,1.2940,1.3170,62.0000,0.0190,0.0000,6.0000,1.3850,1.3940,64.0000
1789467513.3311,-0.0720,-0.0560,-13.0000,1.2940,1.3160,62.0000,0.0190,0.0000,6.0000,1.3850,1.3640,66.0000
1789467513.3821,-0.0720,-0.0680,-12.0000,1.2940,1.3290,61.0000,0.0190,0.0000,6.0000,1.3850,1.3890,65.0000
1789467513.4309,-0.0720,-0.0440,-14.0000,1.2940,1.3130,62.0000,0.0190,0.0000,6.0000,1.3850,1.3020,70.0000
1789467513.4810,-0.0720,-0.0320,-15.0000,1.2940,1.2920,63.0000,0.0190,0.0000,7.0000,1.3850,1.3330,69.0000
1789467513.5313,-0.0720,-0.0940,-11.0000,1.2940,1.3180,61.0000,0.0190,0.0000,7.0000,1.3850,1.3380,69.0000
1789467513.5810,-0.0720,-0.0920,-12.0000,1.2940,1.3220,61.0000,0.0190,0.0000,7.0000,1.3850,1.3830,67.0000
1789467513.6311,-0.0720,-0.0450,-14.0000,1.2940,1.3130,61.0000,0.0190,0.0000,7.0000,1.3850,1.4080,66.0000
1789467513.6810,-0.0720,-0.0780,-12.0000,1.2940,1.3130,60.0000,0.0190,0.0000,8.0000,1.3850,1.4220,65.0000
1789467513.7310,-0.0720,-0.0580,-14.0000,1.2940,1.3000,61.0000,0.0190,0.0000,8.0000,1.3850,1.3150,71.0000
1789467513.7810,-0.0720,-0.0780,-12.0000,1.2940,1.2940,61.0000,0.0190,0.0000,8.0000,1.3850,1.3120,71.0000
1789467513.8309,-0.0720,-0.0220,-16.0000,1.2940,1.3100,60.0000,0.0190,0.0000,8.0000,1.3850,1.3540,70.0000
1789467513.8813,-0.0720,-0.0870,-12.0000,1.2940,1.3260,59.0000,0.0190,0.0000,8.0000,1.3850,1.3950,68.0000
1789467513.9312,-0.0720,-0.1060,-11.0000,1.2940,1.3100,60.0000,0.0190,0.0000,9.0000,1.3850,1.3870,69.0000
1789467513.9810,-0.0720,-0.0570,-14.0000,1.2940,1.3120,59.0000,0.0190,0.0000,9.0000,1.3850,1.4430,65.0000
1789467514.0314,-0.0720,-0.0500,-14.0000,1.2940,1.2970,60.0000,0.0190,0.0000,9.0000,1.3850,1.3390,71.0000
1789467514.0811,-0.0720,-0.0460,-15.0000,1.2940,1.2720,61.0000,0.0190,0.0000,9.0000,1.3850,1.3470,71.0000
1789467514.1311,-0.0720,-0.0760,-13.0000,1.2940,1.2900,60.0000,0.0190,0.0000,10.0000,1.3850,1.3450,71.0000
1789467514.1811,-0.0720,-0.0420,-16.0000,1.2940,1.3140,59.0000,0.0190,0.0000,10.0000,1.3850,1.4100,68.0000
1789467514.2331,-0.0720,-0.0730,-14.0000,1.2940,1.2950,60.0000,0.0190,0.0000,10.0000,1.3850,1.4180,67.0000
1789467514.2810,-0.0720,-0.0610,-15.0000,1.2940,1.2870,61.0000,0.0190,0.0000,10.0000,1.3850,1.4490,65.0000
1789467514.3312,-0.0720,-0.0630,-15.0000,1.2940,1.2910,60.0000,0.0190,0.0000,11.0000,1.3850,1.3890,68.0000
1789467514.3810,-0.0720,-0.0340,-16.0000,1.2940,1.2710,62.0000,0.0190,0.0000,11.0000,1.3850,1.2970,73.0000
1789467514.4312,-0.0720,-0.0790,-14.0000,1.2940,1.2690,62.0000,0.0190,0.0000,11.0000,1.3850,1.4050,68.0000
1789467514.4811,-0.0720,-0.0490,-16.0000,1.2940,1.3060,60.0000,0.0190,0.0000,11.0000,1.3850,1.4590,65.0000
1789467514.5314,-0.0720,-0.0720,-15.0000,1.2940,1.3200,59.0000,0.0190,0.0000,12.0000,1.3850,1.4320,66.0000
1789467514.5809,-0.0720,-0.0740,-15.0000,1.2940,1.3260,59.0000,0.0190,0.0050,12.0000,1.3850,1.3640,69.0000
1789467514.6309,-0.0720,-0.0720,-15.0000,1.2940,1.3150,59.0000,0.0190,0.0020,12.0000,1.3850,1.3150,72.0000
1789467514.6810,-0.0720,-0.0720,-15.0000,1.2940,1.3080,59.0000,0.0190,0.0010,12.0000,1.3850,1.3060,73.0000
1789467514.7309,-0.0720,-0.0330,-17.0000,1.2940,1.2490,62.0000,0.0190,0.0000,12.0000,1.3850,1.3590,71.0000
1789467514.7812,-0.0720,-0.0300,-18.0000,1.2940,1.3050,59.0000,0.0190,0.0030,12.0000,1.3850,1.4760,64.0000
1789467514.8312,-0.0720,-0.0610,-16.0000,1.2940,1.3070,59.0000,0.0190,0.0030,13.0000,1.3850,1.4030,68.0000
1789467514.8812,-0.0720,-0.1050,-14.0000,1.2940,1.3210,58.0000,0.0190,0.0060,13.0000,1.3850,1.3810,69.0000
1789467514.9328,-0.0720,-0.0840,-15.0000,1.2940,1.3040,59.0000,0.0190,0.0150,12.0000,1.3850,1.3280,72.0000
1789467514.9820,-0.0720,-0.0950,-14.0000,1.2940,1.2780,60.0000,0.0190,0.0210,12.0000,1.3850,1.3200,73.0000
1789467515.0320,-0.0720,-0.0570,-16.0000,1.2940,1.2610,61.0000,0.0190,0.0600,10.0000,1.3850,1.4150,68.0000
1789467515.0843,-0.0720,-0.0550,-16.0000,1.2940,1.2860,60.0000,0.0190,0.0520,9.0000,1.3850,1.4230,67.0000
1789467515.1320,-0.0720,-0.0950,-14.0000,1.2940,1.3010,60.0000,0.0190,0.0450,10.0000,1.3850,1.3750,70.0000
1789467515.1821,-0.0720,-0.1050,-14.0000,1.2940,1.2940,60.0000,0.0190,0.0350,10.0000,1.3850,1.3580,71.0000
1789467515.2339,-0.0720,-0.0670,-15.0000,1.2940,1.2980,60.0000,0.0190,0.0150,11.0000,1.3850,1.4120,68.0000
1789467515.2830,-0.0720,-0.0770,-14.0000,1.2940,1.3100,59.0000,0.0190,0.0100,11.0000,1.3850,1.3110,74.0000
1789467515.3381,-0.0720,-0.0270,-17.0000,1.2940,1.2900,60.0000,0.0190,0.0060,12.0000,1.3850,1.3310,73.0000
1789467515.3830,-0.0720,-0.0550,-16.0000,1.2940,1.2820,61.0000,0.0190,0.0200,11.0000,1.3850,1.4430,67.0000
1789467515.4334,-0.0720,-0.0560,-16.0000,1.2940,1.2700,61.0000,0.0190,0.0700,8.0000,1.3850,1.4890,64.0000
1789467515.4830,-0.0720,-0.1150,-13.0000,1.2940,1.2650,62.0000,0.0190,0.0200,11.0000,1.3850,1.4110,68.0000
1789467515.5356,-0.0720,-0.1160,-13.0000,1.2940,1.2780,61.0000,0.0190,0.0320,10.0000,1.3850,1.3660,70.0000
1789467515.5830,-0.0720,-0.0830,-15.0000,1.2940,1.2730,62.0000,0.0190,0.0380,9.0000,1.3850,1.3500,71.0000
1789467515.6331,-0.0720,-0.0490,-16.0000,1.2940,1.3160,60.0000,0.0190,0.0100,11.0000,1.3850,1.3440,71.0000
1789467515.6830,-0.0720,-0.0490,-16.0000,1.2940,1.3140,60.0000,0.0190,0.0110,11.0000,1.3850,1.4060,68.0000
1789467515.7332,-0.0720,-0.0300,-18.0000,1.2940,1.2730,62.0000,0.0190,0.0050,11.0000,1.3850,1.4880,63.0000
1789467515.7830,-0.0720,-0.0950,-14.0000,1.2940,1.2650,62.0000,0.0190,0.0020,11.0000,1.3850,1.3820,69.0000
1789467515.8331,-0.0720,-0.1300,-12.0000,1.2940,1.2790,62.0000,0.0190,0.0090,11.0000,1.3850,1.4000,67.0000
1789467515.8831,-0.0720,-0.1000,-14.0000,1.2940,1.2910,61.0000,0.0190,0.0170,11.0000,1.3850,1.3460,70.0000
1789467515.9335,-0.0720,-0.0650,-15.0000,1.2940,1.3190,60.0000,0.0190,0.0730,8.0000,1.3850,1.3680,69.0000
1789467515.9831,-0.0720,-0.0850,-14.0000,1.2940,1.3250,59.0000,0.0190,0.0590,8.0000,1.3850,1.3510,70.0000
1789467516.0331,-0.0720,-0.0420,-16.0000,1.2940,1.3110,60.0000,0.0190,0.0260,10.0000,1.3850,1.3570,70.0000
1789467516.0831,-0.0720,-0.0420,-16.0000,1.2940,1.2750,62.0000,0.0190,0.0230,9.0000,1.3850,1.4250,67.0000
1789467516.1330,-0.0720,-0.0480,-16.0000,1.2940,1.3010,60.0000,0.0190,0.0170,10.0000,1.3850,1.4160,67.0000
1789467516.1832,-0.0720,-0.0990,-14.0000,1.2940,1.2820,61.0000,0.0190,0.0180,10.0000,1.3850,1.3350,72.0000
1789467516.2335,-0.0720,-0.0680,-16.0000,1.2940,1.3070,60.0000,0.0190,0.0350,9.0000,1.3850,1.3740,69.0000
1789467516.2831,-0.0720,-0.0080,-19.0000,1.2940,1.2940,61.0000,0.0190,0.0850,6.0000,1.3850,1.3000,74.0000
1789467516.3332,-0.0720,-0.0090,-19.0000,1.2940,1.3090,60.0000,0.0190,0.0590,7.0000,1.3850,1.3590,71.0000
1789467516.3835,-0.0720,-0.0430,-18.0000,1.2940,1.2940,61.0000,0.0190,0.0170,9.0000,1.3850,1.4490,66.0000
1789467516.4330,-0.0720,-0.0820,-16.0000,1.2940,1.2750,62.0000,0.0190,0.0020,9.0000,1.3850,1.4130,68.0000
1789467516.4832,-0.0720,-0.0650,-17.0000,1.2940,1.2490,63.0000,0.0190,0.0000,9.0000,1.3850,1.4530,65.0000
1789467516.5331,-0.0720,-0.0230,-20.0000,1.2940,1.2870,61.0000,0.0190,0.0010,9.0000,1.3850,1.3520,71.0000
1789467516.5830,-0.0720,-0.0780,-17.0000,1.2940,1.3040,61.0000,0.0190,0.0230,8.0000,1.3850,1.2690,76.0000
1789467516.6331,-0.0720,-0.0480,-19.0000,1.2940,1.3250,60.0000,0.0190,0.0600,6.0000,1.3850,1.4110,68.0000
1789467516.6834,-0.0720,-0.0690,-18.0000,1.2940,1.2770,62.0000,0.0190,0.0450,7.0000,1.3850,1.3970,69.0000
1789467516.7329,-0.0720,-0.1150,-15.0000,1.2940,1.2740,62.0000,0.0190,0.0140,8.0000,1.3850,1.4000,69.0000
1789467516.7834,-0.0720,-0.1230,-15.0000,1.2940,1.2850,62.0000,0.0190,0.0070,9.0000,1.3850,1.4070,68.0000
1789467516.8331,-0.0720,-0.0760,-17.0000,1.2940,1.2720,63.0000,0.0190,0.0220,8.0000,1.3850,1.2920,75.0000
1789467516.8844,-0.0720,-0.1540,-12.0000,1.2940,1.3330,59.0000,0.0190,0.0380,7.0000,1.3850,1.3780,71.0000
1789467516.9342,-0.0720,-0.1390,-12.0000,1.2940,1.3270,60.0000,0.0190,0.0180,8.0000,1.3850,1.4260,68.0000
1789467516.9841,-0.0720,-0.0190,-18.0000,1.2940,1.2970,61.0000,0.0190,0.0530,6.0000,1.3850,1.4550,66.0000
1789467517.0340,-0.0720,-0.0260,-18.0000,1.2940,1.2660,63.0000,0.0190,0.0230,7.0000,1.3850,1.4240,68.0000
1789467517.0841,-0.0720,-0.0630,-16.0000,1.2940,1.2540,63.0000,0.0190,0.0030,8.0000,1.3850,1.3710,70.0000
1789467517.1343,-0.0720,-0.0180,-19.0000,1.2940,1.2510,64.0000,0.0190,0.0390,6.0000,1.3850,1.3400,72.0000
1789467517.1841,-0.0720,-0.0200,-20.0000,1.2940,1.3230,60.0000,0.0190,0.0420,6.0000,1.3850,1.4150,67.0000
1789467517.2341,-0.0720,-0.0500,-19.0000,1.2940,1.3190,61.0000,0.0190,0.0300,6.0000,1.3850,1.3940,69.0000
1789467517.2841,-0.0720,-0.0340,-20.0000,1.2940,1.3070,61.0000,0.0190,0.0030,8.0000,1.3850,1.3950,69.0000
1789467517.3341,-0.0720,-0.1000,-16.0000,1.2940,1.2960,61.0000,0.0190,0.0000,8.0000,1.3850,1.4310,66.0000
1789467517.3852,-0.0720,-0.1770,-12.0000,1.2940,1.3190,60.0000,0.0190,0.0000,8.0000,1.3850,1.3250,72.0000
1789467517.4351,-0.0720,-0.1740,-11.0000,1.2940,1.3270,59.0000,0.0190,0.0540,5.0000,1.3850,1.2660,76.0000
1789467517.4859,-0.0720,-0.1560,-11.0000,1.2940,1.3280,59.0000,0.0190,0.1840,-3.0000,1.3850,1.4130,68.0000
1789467517.5352,-0.0720,-0.1480,-11.0000,1.2940,1.3220,59.0000,0.0190,0.1310,-1.0000,1.3850,1.3920,70.0000
1789467517.5850,-0.0720,0.0020,-18.0000,1.2940,1.2840,61.0000,0.0190,0.0250,4.0000,1.3850,1.4790,64.0000
1789467517.6352,-0.0720,-0.0460,-15.0000,1.2940,1.2660,62.0000,0.0190,0.0000,5.0000,1.3850,1.4110,68.0000
1789467517.6850,-0.0720,-0.0680,-15.0000,1.2940,1.2520,63.0000,0.0190,0.0000,5.0000,1.3850,1.3380,72.0000
1789467517.7350,-0.0720,-0.0490,-16.0000,1.2940,1.2610,63.0000,0.0190,0.0110,4.0000,1.3850,1.3760,70.0000
1789467517.7851,-0.0720,-0.0430,-16.0000,1.2940,1.3040,61.0000,0.0190,0.0030,5.0000,1.3850,1.4420,66.0000
1789467517.8352,-0.0720,-0.0670,-15.0000,1.2940,1.3070,60.0000,0.0190,0.0000,5.0000,1.3850,1.3840,69.0000
1789467517.8850,-0.0720,-0.0690,-15.0000,1.2940,1.3240,59.0000,0.0190,0.0040,5.0000,1.3850,1.4460,65.0000
1789467517.9377,-0.0720,-0.0280,-18.0000,1.2940,1.2850,61.0000,0.0190,0.0050,5.0000,1.3850,1.4340,65.0000
1789467517.9852,-0.0720,-0.0310,-18.0000,1.2940,1.2620,63.0000,0.0190,0.0000,6.0000,1.3850,1.3580,69.0000
1789467518.0355,-0.0720,-0.0610,-17.0000,1.2940,1.2870,61.0000,0.0190,0.0030,6.0000,1.3850,1.3420,70.0000
1789467518.0851,-0.0720,-0.0770,-16.0000,1.2940,1.2970,61.0000,0.0190,0.0140,6.0000,1.3850,1.3960,67.0000
1789467518.1350,-0.0720,-0.0790,-16.0000,1.2940,1.3070,60.0000,0.0190,0.0050,6.0000,1.3850,1.4160,66.0000
1789467518.1851,-0.0720,-0.0390,-18.0000,1.2940,1.3080,60.0000,0.0190,0.0030,6.0000,1.3850,1.4100,66.0000
1789467518.2353,-0.0720,-0.0730,-16.0000,1.2940,1.2970,61.0000,0.0190,0.0060,6.0000,1.3850,1.4140,66.0000
1789467518.2852,-0.0720,-0.0210,-19.0000,1.2940,1.2840,61.0000,0.0190,0.0030,7.0000,1.3850,1.3580,69.0000
1789467518.3355,-0.0720,-0.0390,-19.0000,1.2940,1.2690,62.0000,0.0190,0.0000,7.0000,1.3850,1.3530,69.0000
1789467518.3850,-0.0720,-0.0840,-16.0000,1.2940,1.2930,61.0000,0.0190,0.0030,7.0000,1.3850,1.3760,68.0000
1789467518.4351,-0.0720,-0.0750,-17.0000,1.2940,1.2830,62.0000,0.0190,0.0020,7.0000,1.3850,1.4090,66.0000
1789467518.4852,-0.0720,-0.0350,-20.0000,1.2940,1.3110,60.0000,0.0190,0.0000,8.0000,1.3850,1.4500,64.0000
1789467518.5351,-0.0720,-0.0470,-19.0000,1.2940,1.3190,60.0000,0.0190,0.0030,8.0000,1.3850,1.4540,63.0000
1789467518.5851,-0.0720,-0.0710,-18.0000,1.2940,1.2760,62.0000,0.0190,0.0080,8.0000,1.3850,1.3470,68.0000
1789467518.6371,-0.0720,-0.0290,-21.0000,1.2940,1.2630,63.0000,0.0190,0.0010,8.0000,1.3850,1.3640,67.0000
1789467518.6852,-0.0720,-0.1110,-16.0000,1.2940,1.2920,62.0000,0.0190,0.0030,8.0000,1.3850,1.3520,68.0000
1789467518.7352,-0.0720,-0.1350,-15.0000,1.2940,1.2880,62.0000,0.0190,0.0160,8.0000,1.3850,1.4090,65.0000
1789467518.7853,-0.0720,-0.0940,-17.0000,1.2940,1.3060,61.0000,0.0190,0.0350,7.0000,1.3850,1.4110,65.0000
1789467518.8351,-0.0720,-0.1160,-15.0000,1.2940,1.3220,60.0000,0.0190,0.0450,6.0000,1.3850,1.4300,64.0000
1789467518.8860,-0.0720,-0.1110,-15.0000,1.2940,1.2840,62.0000,0.0190,0.0410,6.0000,1.3850,1.3330,69.0000
1789467518.9350,-0.0720,-0.0360,-19.0000,1.2940,1.2760,62.0000,0.0190,0.0110,8.0000,1.3850,1.3760,66.0000
1789467518.9850,-0.0720,-0.0870,-16.0000,1.2940,1.3070,61.0000,0.0190,0.0010,8.0000,1.3850,1.4310,63.0000
1789467519.0358,-0.0720,-0.1080,-15.0000,1.2940,1.2950,61.0000,0.0190,0.0000,8.0000,1.3850,1.3710,67.0000
1789467519.0851,-0.0720,-0.1220,-14.0000,1.2940,1.2910,61.0000,0.0190,0.0120,8.0000,1.3850,1.4100,64.0000
1789467519.1365,-0.0720,-0.0450,-18.0000,1.2940,1.3180,60.0000,0.0190,0.0170,8.0000,1.3850,1.4430,62.0000
1789467519.1862,-0.0720,-0.1020,-14.0000,1.2940,1.3250,59.0000,0.0190,0.0320,7.0000,1.3850,1.2970,70.0000
1789467519.2379,-0.0720,-0.0730,-16.0000,1.2940,1.2910,61.0000,0.0190,0.0460,6.0000,1.3850,1.2520,73.0000
1789467519.2862,-0.0720,-0.0240,-19.0000,1.2940,1.2940,61.0000,0.0190,0.0930,3.0000,1.3850,1.3790,67.0000
1789467519.3361,-0.0720,-0.1170,-13.0000,1.2940,1.2950,60.0000,0.0190,0.0280,6.0000,1.3850,1.4290,65.0000
1789467519.3863,-0.0720,-0.1040,-14.0000,1.2940,1.2930,61.0000,0.0190,0.0060,7.0000,1.3850,1.3740,68.0000
1789467519.4362,-0.0720,-0.0150,-19.0000,1.2940,1.2860,61.0000,0.0190,0.0010,7.0000,1.3850,1.4520,63.0000
1789467519.4862,-0.0720,-0.1090,-14.0000,1.2940,1.3160,59.0000,0.0190,0.0220,6.0000,1.3850,1.3840,67.0000
1789467519.5364,-0.0720,-0.1090,-14.0000,1.2940,1.2950,60.0000,0.0190,0.0320,6.0000,1.3850,1.3190,71.0000
1789467519.5862,-0.0720,-0.0180,-19.0000,1.2940,1.2860,61.0000,0.0190,0.0400,5.0000,1.3850,1.3350,70.0000
1789467519.6384,-0.0720,-0.1090,-14.0000,1.2940,1.2890,61.0000,0.0190,0.0770,3.0000,1.3850,1.4130,66.0000
1789467519.6864,-0.0720,-0.1420,-12.0000,1.2940,1.2890,61.0000,0.0190,0.0190,6.0000,1.3850,1.3620,69.0000
1789467519.7363,-0.0720,-0.0860,-15.0000,1.2940,1.2720,62.0000,0.0190,0.0010,6.0000,1.3850,1.4260,65.0000
1789467519.7862,-0.0720,-0.0670,-15.0000,1.2940,1.3170,59.0000,0.0190,0.0010,7.0000,1.3850,1.4210,65.0000
1789467519.8380,-0.0720,-0.0930,-14.0000,1.2940,1.2900,61.0000,0.0190,0.0210,6.0000,1.3850,1.3750,68.0000
1789467519.8863,-0.0720,-0.0430,-16.0000,1.2940,1.2470,63.0000,0.0190,0.0060,7.0000,1.3850,1.4020,66.0000
1789467519.9362,-0.0720,-0.0670,-15.0000,1.2940,1.2420,64.0000,0.0190,0.0140,6.0000,1.3850,1.3540,69.0000
1789467519.9865,-0.0720,-0.0820,-14.0000,1.2940,1.2630,63.0000,0.0190,0.0010,7.0000,1.3850,1.3810,67.0000
1789467520.0361,-0.0720,-0.0910,-14.0000,1.2940,1.2640,64.0000,0.0190,0.0030,7.0000,1.3850,1.4100,66.0000
1789467520.0861,-0.0720,-0.1080,-12.0000,1.2940,1.2760,63.0000,0.0190,0.0000,7.0000,1.3850,1.4090,66.0000
1789467520.1363,-0.0720,-0.1220,-11.0000,1.2940,1.3420,60.0000,0.0190,0.0200,6.0000,1.3850,1.4160,65.0000
1789467520.1864,-0.0720,-0.1050,-12.0000,1.2940,1.3320,60.0000,0.0190,0.0360,6.0000,1.3850,1.4240,64.0000
1789467520.2363,-0.0720,-0.0520,-14.0000,1.2940,1.2550,64.0000,0.0190,0.0120,7.0000,1.3850,1.4040,65.0000
1789467520.2878,-0.0720,-0.0980,-12.0000,1.2940,1.2460,65.0000,0.0190,0.0060,7.0000,1.3850,1.3720,67.0000
1789467520.3379,-0.0720,-0.0800,-13.0000,1.2940,1.2470,65.0000,0.0190,0.0060,7.0000,1.3850,1.3820,66.0000
1789467520.3871,-0.0720,-0.0930,-12.0000,1.2940,1.2660,65.0000,0.0190,0.0760,3.0000,1.3850,1.4450,62.0000
1789467520.4378,-0.0720,-0.1070,-11.0000,1.2940,1.3010,63.0000,0.0190,0.0680,4.0000,1.3850,1.4190,63.0000
1789467520.4874,-0.0720,-0.1050,-10.0000,1.2940,1.3630,60.0000,0.0190,0.0170,6.0000,1.3850,1.4400,62.0000
1789467520.5380,-0.0720,-0.0840,-11.0000,1.2940,1.3330,61.0000,0.0190,0.0050,6.0000,1.3850,1.4020,63.0000
1789467520.5871,-0.0720,-0.0450,-13.0000,1.2940,1.2310,67.0000,0.0190,0.0010,7.0000,1.3850,1.4250,62.0000
1789467520.6377,-0.0720,-0.0850,-11.0000,1.2940,1.2370,67.0000,0.0190,0.0020,7.0000,1.3850,1.3940,63.0000
1789467520.6872,-0.0720,-0.0970,-10.0000,1.2940,1.2190,68.0000,0.0190,0.0040,7.0000,1.3850,1.4130,62.0000
1789467520.7377,-0.0720,-0.0560,-12.0000,1.2940,1.3080,64.0000,0.0190,0.0030,7.0000,1.3850,1.3950,62.0000
1789467520.7872,-0.0720,-0.1020,-10.0000,1.2940,1.3790,60.0000,0.0190,0.0140,7.0000,1.3850,1.4200,61.0000
1789467520.8380,-0.0720,-0.1180,-9.0000,1.2940,1.3800,59.0000,0.0190,0.0160,7.0000,1.3850,1.4010,62.0000
1789467520.8872,-0.0720,-0.1000,-9.0000,1.2940,1.3660,59.0000,0.0190,0.0170,7.0000,1.3850,1.4150,60.0000
1789467520.9378,-0.0720,0.0000,-15.0000,1.2940,1.1700,70.0000,0.0190,0.0010,8.0000,1.3850,1.3830,62.0000
1789467520.9870,-0.0720,-0.0950,-10.0000,1.2940,1.2480,65.0000,0.0190,0.0620,4.0000,1.3850,1.3990,61.0000
1789467521.0378,-0.0720,-0.0630,-12.0000,1.2940,1.2480,66.0000,0.0190,0.0770,3.0000,1.3850,1.3730,62.0000
1789467521.0871,-0.0720,-0.1170,-9.0000,1.2940,1.3390,61.0000,0.0190,0.0500,4.0000,1.3850,1.3900,62.0000
1789467521.1377,-0.0720,-0.1120,-9.0000,1.2940,1.3300,62.0000,0.0190,0.0170,6.0000,1.3850,1.3780,62.0000
1789467521.1871,-0.0720,-0.0980,-9.0000,1.2940,1.2360,67.0000,0.0190,0.0020,6.0000,1.3850,1.3890,62.0000
1789467521.2379,-0.0720,-0.0880,-9.0000,1.2940,1.2830,64.0000,0.0190,-0.0000,7.0000,1.3850,1.3860,62.0000
1789467521.2872,-0.0720,-0.0740,-10.0000,1.2940,1.2970,64.0000,0.0190,0.0030,7.0000,1.3850,1.3900,62.0000
1789467521.3379,-0.0720,-0.0700,-10.0000,1.2940,1.2910,64.0000,0.0190,0.0000,7.0000,1.3850,1.3830,62.0000
1789467521.3873,-0.0720,-0.1010,-8.0000,1.2940,1.3220,62.0000,0.0190,0.0090,7.0000,1.3850,1.3820,62.0000
1789467521.4377,-0.0720,-0.0760,-9.0000,1.2940,1.3440,61.0000,0.0190,0.0100,7.0000,1.3850,1.3900,62.0000
1789467521.4871,-0.0720,-0.0740,-9.0000,1.2940,1.3050,63.0000,0.0190,0.0010,8.0000,1.3850,1.3860,62.0000
1789467521.5377,-0.0720,-0.0840,-9.0000,1.2940,1.2510,65.0000,0.0190,0.0000,8.0000,1.3850,1.3920,61.0000
1789467521.5871,-0.0720,-0.0300,-12.0000,1.2940,1.2650,65.0000,0.0190,0.0030,8.0000,1.3850,1.3750,62.0000
1789467521.6377,-0.0720,-0.0790,-9.0000,1.2940,1.2540,66.0000,0.0190,0.0250,7.0000,1.3850,1.3850,62.0000
1789467521.6906,-0.0720,-0.0810,-9.0000,1.2940,1.2910,64.0000,0.0190,0.1010,2.0000,1.3850,1.3660,63.0000
1789467521.7401,-0.0720,-0.0680,-10.0000,1.2940,1.3380,62.0000,0.0190,0.0640,4.0000,1.3850,1.3780,62.0000
1789467521.7923,-0.0720,-0.0840,-9.0000,1.2940,1.3690,60.0000,0.0190,0.0060,7.0000,1.3850,1.3800,62.0000
1789467521.8401,-0.0720,-0.0850,-9.0000,1.2940,1.1800,70.0000,0.0190,0.0040,7.0000,1.3850,1.3850,62.0000
1789467521.8913,-0.0720,-0.0210,-13.0000,1.2940,1.1840,70.0000,0.0190,0.0000,7.0000,1.3850,1.3730,63.0000
1789467521.9415,-0.0720,-0.0490,-11.0000,1.2940,1.2090,70.0000,0.0190,0.0010,7.0000,1.3850,1.3750,63.0000
1789467521.9913,-0.0720,-0.0910,-9.0000,1.2940,1.2860,67.0000,0.0190,0.0020,7.0000,1.3850,1.3620,64.0000
1789467522.0411,-0.0720,-0.1030,-8.0000,1.2940,1.3400,64.0000,0.0190,0.0100,7.0000,1.3850,1.4120,61.0000
1789467522.0921,-0.0720,-0.0950,-8.0000,1.2940,1.3720,62.0000,0.0190,0.0010,8.0000,1.3850,1.3810,63.0000
1789467522.1411,-0.0720,-0.1030,-8.0000,1.2940,1.3830,60.0000,0.0190,0.0000,8.0000,1.3850,1.4070,61.0000
1789467522.1916,-0.0720,-0.0600,-10.0000,1.2940,1.3360,62.0000,0.0190,0.0030,8.0000,1.3850,1.3740,63.0000
1789467522.2413,-0.0720,-0.0750,-9.0000,1.2940,1.2610,66.0000,0.0190,0.0000,8.0000,1.3850,1.3860,62.0000
1789467522.2911,-0.0720,-0.1000,-7.0000,1.2940,1.2870,64.0000,0.0190,0.0000,9.0000,1.3850,1.3370,65.0000
1789467522.3412,-0.0720,-0.0470,-10.0000,1.2940,1.2780,65.0000,0.0190,0.0030,9.0000,1.3850,1.3720,63.0000
1789467522.3909,-0.0720,-0.0770,-9.0000,1.2940,1.3290,62.0000,0.0190,0.0040,9.0000,1.3850,1.3620,64.0000
1789467522.4411,-0.0720,-0.0910,-8.0000,1.2940,1.2910,64.0000,0.0190,0.0000,9.0000,1.3850,1.3930,63.0000
1789467522.4913,-0.0720,-0.0330,-11.0000,1.2940,1.2610,66.0000,0.0190,0.0000,10.0000,1.3850,1.3830,63.0000
1789467522.5411,-0.0720,-0.0820,-8.0000,1.2940,1.2580,66.0000,0.0190,0.0000,10.0000,1.3850,1.3730,64.0000
1789467522.5912,-0.0720,-0.0610,-10.0000,1.2940,1.2680,66.0000,0.0190,0.0000,10.0000,1.3850,1.3750,64.0000
1789467522.6412,-0.0720,-0.0780,-9.0000,1.2940,1.2900,65.0000,0.0190,0.0010,10.0000,1.3850,1.4260,61.0000
1789467522.6912,-0.0720,-0.0790,-9.0000,1.2940,1.3270,63.0000,0.0190,0.0130,10.0000,1.3850,1.3910,63.0000
1789467522.7412,-0.0720,-0.0740,-9.0000,1.2940,1.3710,61.0000,0.0190,0.0370,8.0000,1.3850,1.4130,61.0000
1789467522.7913,-0.0720,-0.0750,-9.0000,1.2940,1.3550,61.0000,0.0190,0.0630,7.0000,1.3850,1.3790,63.0000
1789467522.8413,-0.0720,-0.0850,-8.0000,1.2940,1.2270,68.0000,0.0190,0.0180,9.0000,1.3850,1.3730,63.0000
1789467522.8910,-0.0720,-0.0660,-9.0000,1.2940,1.2810,65.0000,0.0190,0.0470,7.0000,1.3850,1.3830,63.0000
1789467522.9414,-0.0720,-0.0790,-9.0000,1.2940,1.2970,64.0000,0.0190,0.0430,7.0000,1.3850,1.3990,62.0000
1789467522.9912,-0.0720,-0.0850,-8.0000,1.2940,1.2980,64.0000,0.0190,0.0100,9.0000,1.3850,1.3770,63.0000
1789467523.0413,-0.0720,-0.0730,-9.0000,1.2940,1.3310,62.0000,0.0190,0.0070,9.0000,1.3850,1.3850,63.0000
1789467523.0915,-0.0720,-0.0890,-8.0000,1.2940,1.3300,62.0000,0.0190,0.0580,6.0000,1.3850,1.3910,63.0000
1789467523.1414,-0.0720,-0.0720,-9.0000,1.2940,1.3210,62.0000,0.0190,0.1030,3.0000,1.3850,1.3920,63.0000
1789467523.1912,-0.0720,-0.0530,-10.0000,1.2940,1.2490,66.0000,0.0190,0.0230,7.0000,1.3850,1.3610,64.0000
1789467523.2413,-0.0720,-0.0790,-8.0000,1.2940,1.2900,64.0000,0.0190,0.0090,8.0000,1.3850,1.3610,64.0000
1789467523.2913,-0.0720,-0.0900,-8.0000,1.2940,1.2830,64.0000,0.0190,0.0060,8.0000,1.3850,1.3600,65.0000
1789467523.3413,-0.0720,-0.0780,-8.0000,1.2940,1.3040,63.0000,0.0190,0.0010,8.0000,1.3850,1.3860,64.0000
1789467523.3909,-0.0720,-0.0800,-8.0000,1.2940,1.3210,62.0000,0.0190,0.0050,8.0000,1.3850,1.4080,62.0000
1789467523.4413,-0.0720,-0.0800,-8.0000,1.2940,1.2890,64.0000,0.0190,0.0040,8.0000,1.3850,1.3970,63.0000
1789467523.4913,-0.0720,-0.0800,-8.0000,1.2940,1.2450,66.0000,0.0190,-0.0030,9.0000,1.3850,1.4030,62.0000
1789467523.5411,-0.0720,-0.0550,-9.0000,1.2940,1.3070,63.0000,0.0190,-0.0000,9.0000,1.3850,1.3880,63.0000
1789467523.5911,-0.0720,-0.0800,-8.0000,1.2940,1.2660,65.0000,0.0190,-0.0000,9.0000,1.3850,1.3850,63.0000
1789467523.6413,-0.0720,-0.0850,-7.0000,1.2940,1.2890,64.0000,0.0190,-0.0000,10.0000,1.3850,1.3800,63.0000
1789467523.6912,-0.0720,-0.0530,-9.0000,1.2940,1.3040,64.0000,0.0190,-0.0000,10.0000,1.3850,1.4110,62.0000
1789467523.7425,-0.0720,-0.1000,-6.0000,1.2940,1.3060,63.0000,0.0190,0.0230,9.0000,1.3850,1.3820,63.0000
1789467523.7913,-0.0720,-0.0980,-7.0000,1.2940,1.2640,66.0000,0.0190,0.0320,8.0000,1.3850,1.3920,62.0000
1789467523.8413,-0.0720,-0.0430,-10.0000,1.2940,1.2650,66.0000,0.0190,0.0410,8.0000,1.3850,1.3750,63.0000
1789467523.8910,-0.0720,-0.0770,-8.0000,1.2940,1.2820,65.0000,0.0190,0.0140,9.0000,1.3850,1.4080,61.0000
1789467523.9411,-0.0720,-0.0830,-7.0000,1.2940,1.2560,67.0000,0.0190,0.0110,9.0000,1.3850,1.3750,63.0000
1789467523.9912,-0.0720,-0.0650,-8.0000,1.2940,1.2960,65.0000,0.0190,0.0200,9.0000,1.3850,1.4050,61.0000
1789467524.0416,-0.0720,-0.1050,-6.0000,1.2940,1.3400,62.0000,0.0190,0.0030,10.0000,1.3850,1.3780,63.0000
1789467524.0912,-0.0720,-0.1010,-6.0000,1.2940,1.3150,63.0000,0.0190,0.0030,10.0000,1.3850,1.3890,62.0000
1789467524.1429,-0.0720,-0.0650,-8.0000,1.2940,1.2680,66.0000,0.0190,0.0070,10.0000,1.3850,1.3800,63.0000
1789467524.1924,-0.0720,-0.0470,-9.0000,1.2940,1.2580,67.0000,0.0190,0.0100,10.0000,1.3850,1.4070,61.0000
1789467524.2432,-0.0720,-0.0760,-7.0000,1.2940,1.2620,67.0000,0.0190,0.0150,10.0000,1.3850,1.3820,62.0000
1789467524.2924,-0.0720,-0.0270,-10.0000,1.2940,1.2960,65.0000,0.0190,0.0260,9.0000,1.3850,1.4040,61.0000
1789467524.3428,-0.0720,-0.0360,-10.0000,1.2940,1.3090,65.0000,0.0190,0.0170,9.0000,1.3850,1.3830,62.0000
1789467524.3922,-0.0720,-0.0970,-7.0000,1.2940,1.3450,62.0000,0.0190,0.0430,8.0000,1.3850,1.3900,62.0000
1789467524.4425,-0.0720,-0.1010,-7.0000,1.2940,1.2610,67.0000,0.0190,0.0750,5.0000,1.3850,1.3760,62.0000
1789467524.4923,-0.0720,-0.0490,-9.0000,1.2940,1.2370,68.0000,0.0190,0.0230,8.0000,1.3850,1.4000,61.0000
1789467524.5423,-0.0720,-0.0650,-9.0000,1.2940,1.2500,68.0000,0.0190,0.0240,8.0000,1.3850,1.3860,62.0000
1789467524.5924,-0.0720,-0.0980,-7.0000,1.2940,1.2390,69.0000,0.0190,0.0220,8.0000,1.3850,1.3980,61.0000
1789467524.6437,-0.0720,-0.0870,-7.0000,1.2940,1.3370,64.0000,0.0190,0.0270,8.0000,1.3850,1.3900,62.0000
1789467524.6923,-0.0720,-0.1230,-5.0000,1.2940,1.2910,66.0000,0.0190,0.0440,7.0000,1.3850,1.3920,61.0000
1789467524.7423,-0.0720,-0.1020,-6.0000,1.2940,1.2550,68.0000,0.0190,0.0730,4.0000,1.3850,1.3770,62.0000
1789467524.7923,-0.0720,-0.0690,-7.0000,1.2940,1.2630,68.0000,0.0190,0.0210,7.0000,1.3850,1.3790,62.0000
1789467524.8425,-0.0720,-0.0880,-6.0000,1.2940,1.2600,69.0000,0.0190,0.0020,8.0000,1.3850,1.3850,62.0000
1789467524.8920,-0.0720,-0.0680,-7.0000,1.2940,1.2670,69.0000,0.0190,0.0040,8.0000,1.3850,1.3830,62.0000
1789467524.9423,-0.0720,-0.0560,-8.0000,1.2940,1.2790,69.0000,0.0190,0.0080,8.0000,1.3850,1.3940,61.0000
1789467524.9933,-0.0720,-0.1030,-5.0000,1.2940,1.3320,66.0000,0.0190,0.0040,8.0000,1.3850,1.3880,62.0000
1789467525.0424,-0.0720,-0.0940,-6.0000,1.2940,1.3960,62.0000,0.0190,0.0220,7.0000,1.3850,1.3920,61.0000
1789467525.0923,-0.0720,-0.0360,-9.0000,1.2940,1.2810,68.0000,0.0190,0.0030,9.0000,1.3850,1.3730,62.0000
1789467525.1434,-0.0720,-0.0650,-7.0000,1.2940,1.2620,69.0000,0.0190,0.0000,9.0000,1.3850,1.3880,62.0000
1789467525.1924,-0.0720,-0.0310,-9.0000,1.2940,1.2430,70.0000,0.0190,0.0030,9.0000,1.3850,1.3810,62.0000
1789467525.2422,-0.0720,-0.0460,-9.0000,1.2940,1.2820,68.0000,0.0190,0.0000,9.0000,1.3850,1.3950,61.0000
1789467525.2937,-0.0720,-0.0460,-9.0000,1.2940,1.3570,64.0000,0.0190,0.0240,8.0000,1.3850,1.3750,62.0000
1789467525.3443,-0.0720,-0.0940,-7.0000,1.2940,1.3880,62.0000,0.0190,0.0170,9.0000,1.3850,1.3970,61.0000
1789467525.3937,-0.0720,-0.0610,-9.0000,1.2940,1.3780,62.0000,0.0190,0.0270,8.0000,1.3850,1.3790,62.0000
1789467525.4433,-0.0720,-0.0580,-9.0000,1.2940,1.2550,68.0000,0.0190,0.0050,9.0000,1.3850,1.3980,61.0000
1789467525.4942,-0.0720,-0.0440,-10.0000,1.2940,1.2580,68.0000,0.0190,0.0030,9.0000,1.3850,1.3700,62.0000
1789467525.5432,-0.0720,-0.0790,-8.0000,1.2940,1.2340,69.0000,0.0190,0.0030,10.0000,1.3850,1.4010,61.0000
1789467525.5949,-0.0720,-0.0350,-11.0000,1.2940,1.2850,67.0000,0.0190,0.0430,7.0000,1.3850,1.3780,62.0000
1789467525.6432,-0.0720,-0.0850,-8.0000,1.2940,1.3740,62.0000,0.0190,0.0110,9.0000,1.3850,1.4050,60.0000
1789467525.6937,-0.0720,-0.1070,-7.0000,1.2940,1.3910,61.0000,0.0190,0.0390,7.0000,1.3850,1.3790,62.0000
1789467525.7433,-0.0720,-0.0960,-7.0000,1.2940,1.3700,61.0000,0.0190,0.1530,1.0000,1.3850,1.4030,60.0000
1789467525.7932,-0.0720,-0.0400,-10.0000,1.2940,1.2070,70.0000,0.0190,0.0440,6.0000,1.3850,1.3650,62.0000
1789467525.8434,-0.0720,-0.0800,-8.0000,1.2940,1.2510,67.0000,0.0190,0.0030,7.0000,1.3850,1.3930,61.0000
1789467525.8955,-0.0720,-0.0490,-10.0000,1.2940,1.2890,66.0000,0.0190,0.0280,6.0000,1.3850,1.3760,62.0000
1789467525.9451,-0.0720,-0.0780,-8.0000,1.2940,1.3560,62.0000,0.0190,0.0750,3.0000,1.3850,1.4060,60.0000
1789467525.9954,-0.0720,-0.0790,-8.0000,1.2940,1.3340,63.0000,0.0190,0.0410,5.0000,1.3850,1.3750,62.0000
1789467526.0454,-0.0720,-0.0570,-10.0000,1.2940,1.2350,68.0000,0.0190,0.0440,4.0000,1.3850,1.3900,61.0000
1789467526.0953,-0.0720,-0.0690,-9.0000,1.2940,1.2690,66.0000,0.0190,0.0260,5.0000,1.3850,1.3710,62.0000
1789467526.1452,-0.0720,-0.0680,-9.0000,1.2940,1.2930,65.0000,0.0190,0.0300,4.0000,1.3850,1.3840,62.0000
1789467526.1952,-0.0720,-0.0810,-8.0000,1.2940,1.2750,66.0000,0.0190,0.0240,5.0000,1.3850,1.3710,62.0000
1789467526.2453,-0.0720,-0.0680,-9.0000,1.2940,1.3040,65.0000,0.0190,0.0190,5.0000,1.3850,1.3830,62.0000
1789467526.2953,-0.0720,-0.0520,-10.0000,1.2940,1.3440,63.0000,0.0190,0.0030,6.0000,1.3850,1.3850,62.0000
1789467526.3454,-0.0720,-0.0800,-8.0000,1.2940,1.3140,64.0000,0.0190,0.0010,6.0000,1.3850,1.4020,61.0000
1789467526.3980,-0.0720,-0.0340,-11.0000,1.2940,1.2560,67.0000,0.0190,0.0000,6.0000,1.3850,1.3980,61.0000
1789467526.4473,-0.0720,-0.0810,-9.0000,1.2940,1.2330,69.0000,0.0190,0.0000,6.0000,1.3850,1.4010,61.0000
1789467526.4973,-0.0720,-0.0420,-11.0000,1.2940,1.2860,66.0000,0.0190,0.0090,6.0000,1.3850,1.3920,61.0000
1789467526.5473,-0.0720,-0.0770,-9.0000,1.2940,1.2880,66.0000,0.0190,0.0220,5.0000,1.3850,1.3880,61.0000
1789467526.5974,-0.0720,-0.0410,-12.0000,1.2940,1.3220,64.0000,0.0190,0.0020,7.0000,1.3850,1.3870,61.0000
1789467526.6473,-0.0720,-0.0870,-9.0000,1.2940,1.3660,62.0000,0.0190,0.0050,7.0000,1.3850,1.3810,61.0000
1789467526.6975,-0.0720,-0.0700,-10.0000,1.2940,1.2830,66.0000,0.0190,0.0100,7.0000,1.3850,1.3930,61.0000
1789467526.7473,-0.0720,-0.0510,-11.0000,1.2940,1.2750,66.0000,0.0190,0.0080,7.0000,1.3850,1.3810,61.0000
1789467526.7978,-0.0720,-0.0450,-12.0000,1.2940,1.2510,68.0000,0.0190,0.0020,7.0000,1.3850,1.3950,60.0000
1789467526.8473,-0.0720,-0.0390,-12.0000,1.2940,1.2540,68.0000,0.0190,0.0000,8.0000,1.3850,1.3720,62.0000
1789467526.8972,-0.0720,-0.0790,-10.0000,1.2940,1.3240,64.0000,0.0190,0.0530,5.0000,1.3850,1.3970,60.0000
1789467526.9474,-0.0720,-0.0720,-11.0000,1.2940,1.3260,64.0000,0.0190,0.0860,3.0000,1.3850,1.3690,62.0000
1789467526.9975,-0.0720,-0.0890,-10.0000,1.2940,1.3810,61.0000,0.0190,0.0570,4.0000,1.3850,1.3970,60.0000
1789467527.0474,-0.0720,-0.0200,-14.0000,1.2940,1.2770,66.0000,0.0190,0.0180,5.0000,1.3850,1.3580,63.0000
1789467527.0974,-0.0720,-0.0270,-14.0000,1.2940,1.2730,66.0000,0.0190,0.0040,6.0000,1.3850,1.3880,61.0000
1789467527.1475,-0.0720,-0.0790,-11.0000,1.2940,1.2850,65.0000,0.0190,0.0650,2.0000,1.3850,1.3590,63.0000
1789467527.1975,-0.0720,-0.0780,-11.0000,1.2940,1.2770,66.0000,0.0190,0.0960,0.0000,1.3850,1.3640,63.0000
1789467527.2477,-0.0720,-0.0660,-12.0000,1.2940,1.2940,65.0000,0.0190,0.0150,4.0000,1.3850,1.3620,63.0000
1789467527.2973,-0.0720,-0.0360,-14.0000,1.2940,1.3040,65.0000,0.0190,0.0040,5.0000,1.3850,1.3930,61.0000
1789467527.3473,-0.0720,-0.0060,-16.0000,1.2940,1.2510,68.0000,0.0190,0.0020,5.0000,1.3850,1.3620,63.0000
1789467527.3972,-0.0720,-0.0240,-15.0000,1.2940,1.2590,67.0000,0.0190,0.0000,5.0000,1.3850,1.3910,62.0000
1789467527.4472,-0.0720,-0.0630,-14.0000,1.2940,1.2620,68.0000,0.0190,0.0020,5.0000,1.3850,1.3600,64.0000
1789467527.4971,-0.0720,-0.0660,-14.0000,1.2940,1.3010,66.0000,0.0190,0.0000,6.0000,1.3850,1.4060,61.0000
1789467527.5474,-0.0720,-0.0630,-14.0000,1.2940,1.2950,66.0000,0.0190,0.0000,6.0000,1.3850,1.3740,63.0000
1789467527.5973,-0.0720,-0.0440,-15.0000,1.2940,1.3240,64.0000,0.0190,0.0000,6.0000,1.3850,1.4090,61.0000
1789467527.6472,-0.0720,-0.0330,-16.0000,1.2940,1.3190,65.0000,0.0190,0.0090,6.0000,1.3850,1.3790,62.0000
1789467527.6975,-0.0720,-0.0110,-18.0000,1.2940,1.2790,67.0000,0.0190,0.0010,6.0000,1.3850,1.4060,61.0000
1789467527.7473,-0.0720,-0.0320,-17.0000,1.2940,1.2930,66.0000,0.0190,0.0010,7.0000,1.3850,1.3720,63.0000
1789467527.7974,-0.0720,-0.0470,-17.0000,1.2940,1.2750,67.0000,0.0190,0.0030,7.0000,1.3850,1.3970,61.0000
1789467527.8472,-0.0720,-0.0720,-16.0000,1.2940,1.3090,65.0000,0.0190,0.0000,7.0000,1.3850,1.3750,62.0000
1789467527.8972,-0.0720,-0.0120,-20.0000,1.2940,1.3200,64.0000,0.0190,0.0000,7.0000,1.3850,1.4090,61.0000
1789467527.9471,-0.0720,-0.0070,-21.0000,1.2940,1.3160,64.0000,0.0190,0.0040,7.0000,1.3850,1.3690,63.0000
1789467527.9974,-0.0720,-0.0020,-22.0000,1.2940,1.2690,67.0000,0.0190,0.0080,7.0000,1.3850,1.3490,64.0000
1789467528.0473,-0.0720,-0.0280,-21.0000,1.2940,1.2870,66.0000,0.0190,0.0020,8.0000,1.3850,1.3780,63.0000
1789467528.0975,-0.0720,-0.0700,-19.0000,1.2940,1.2920,66.0000,0.0190,0.0000,8.0000,1.3850,1.4040,61.0000
1789467528.1485,-0.0720,-0.0710,-19.0000,1.2940,1.3190,64.0000,0.0190,0.0000,8.0000,1.3850,1.3770,63.0000
1789467528.1984,-0.0720,-0.0680,-19.0000,1.2940,1.3080,65.0000,0.0190,0.0000,9.0000,1.3850,1.4020,61.0000
1789467528.2482,-0.0720,-0.0620,-20.0000,1.2940,1.3110,64.0000,0.0190,0.0070,8.0000,1.3850,1.3860,62.0000
1789467528.2985,-0.0720,-0.0690,-19.0000,1.2940,1.2560,67.0000,0.0190,0.0300,7.0000,1.3850,1.3380,65.0000
1789467528.3483,-0.0720,-0.0620,-20.0000,1.2940,1.3050,64.0000,0.0190,0.1060,3.0000,1.3850,1.3410,65.0000
1789467528.3983,-0.0720,-0.0690,-19.0000,1.2940,1.3050,65.0000,0.0190,0.0380,6.0000,1.3850,1.3810,64.0000
1789467528.4485,-0.0720,-0.0690,-20.0000,1.2940,1.2920,65.0000,0.0190,0.0060,7.0000,1.3850,1.4030,62.0000
1789467528.4986,-0.0720,-0.0830,-19.0000,1.2940,1.3040,64.0000,0.0190,0.0010,8.0000,1.3850,1.4130,62.0000
1789467528.5483,-0.0720,-0.0340,-22.0000,1.2940,1.2980,65.0000,0.0190,0.0040,8.0000,1.3850,1.4070,62.0000
1789467528.5984,-0.0720,-0.1010,-18.0000,1.2940,1.2820,66.0000,0.0190,0.0180,7.0000,1.3850,1.3370,66.0000
1789467528.6496,-0.0720,-0.1010,-18.0000,1.2940,1.2980,65.0000,0.0190,0.0110,8.0000,1.3850,1.3460,65.0000
1789467528.7008,-0.0720,-0.1050,-17.0000,1.2940,1.2970,65.0000,0.0190,0.0110,8.0000,1.3850,1.3620,65.0000
1789467528.7511,-0.0720,-0.1010,-17.0000,1.2940,1.2960,65.0000,0.0190,0.0140,7.0000,1.3850,1.3830,64.0000
1789467528.8005,-0.0720,-0.0650,-19.0000,1.2940,1.2920,65.0000,0.0190,0.0450,6.0000,1.3850,1.4060,63.0000
1789467528.8537,-0.0720,-0.0750,-18.0000,1.2940,1.3050,64.0000,0.0190,0.0300,6.0000,1.3850,1.3930,64.0000
1789467528.9042,-0.0720,-0.1010,-17.0000,1.2940,1.3090,64.0000,0.0190,0.0520,5.0000,1.3850,1.2960,69.0000
1789467528.9573,-0.0720,-0.0650,-19.0000,1.2940,1.3250,63.0000,0.0190,0.0170,7.0000,1.3850,1.3360,67.0000
1789467529.0061,-0.0720,-0.0710,-18.0000,1.2940,1.3110,63.0000,0.0190,0.0090,7.0000,1.3850,1.4070,64.0000
1789467529.0555,-0.0720,-0.0710,-18.0000,1.2940,1.2930,64.0000,0.0190,0.0020,7.0000,1.3850,1.4310,63.0000
1789467529.1054,-0.0720,-0.1010,-16.0000,1.2940,1.2830,64.0000,0.0190,0.0000,7.0000,1.3850,1.4020,64.0000
1789467529.1570,-0.0720,-0.0690,-18.0000,1.2940,1.2800,65.0000,0.0190,0.0000,8.0000,1.3850,1.4300,62.0000
1789467529.2055,-0.0720,-0.1210,-15.0000,1.2940,1.2970,64.0000,0.0190,0.0050,8.0000,1.3850,1.3230,68.0000
1789467529.2555,-0.0720,-0.1060,-15.0000,1.2940,1.3240,62.0000,0.0190,0.0090,8.0000,1.3850,1.3660,66.0000
1789467529.3055,-0.0720,-0.0400,-19.0000,1.2940,1.3310,62.0000,0.0190,0.0010,8.0000,1.3850,1.3960,64.0000
1789467529.3555,-0.0720,-0.0530,-18.0000,1.2940,1.2970,63.0000,0.0190,0.0000,8.0000,1.3850,1.4470,61.0000
1789467529.4054,-0.0720,-0.0630,-18.0000,1.2940,1.2970,63.0000,0.0190,0.0000,9.0000,1.3850,1.4120,63.0000
1789467529.4555,-0.0720,-0.1040,-15.0000,1.2940,1.2740,64.0000,0.0190,0.0050,9.0000,1.3850,1.4200,62.0000
1789467529.5054,-0.0720,-0.1110,-15.0000,1.2940,1.2890,64.0000,0.0190,0.0030,9.0000,1.3850,1.3030,68.0000
1789467529.5554,-0.0720,-0.0990,-15.0000,1.2940,1.2990,63.0000,0.0190,0.0040,9.0000,1.3850,1.3740,65.0000
1789467529.6054,-0.0720,-0.0810,-16.0000,1.2940,1.3000,63.0000,0.0190,0.0160,9.0000,1.3850,1.3750,65.0000
1789467529.6554,-0.0720,-0.0440,-18.0000,1.2940,1.2780,65.0000,0.0190,0.0420,7.0000,1.3850,1.4500,60.0000
1789467529.7060,-0.0720,-0.0800,-16.0000,1.2940,1.2860,64.0000,0.0190,0.0400,7.0000,1.3850,1.4070,63.0000
1789467529.7553,-0.0720,-0.1100,-14.0000,1.2940,1.2970,64.0000,0.0190,0.0560,6.0000,1.3850,1.3880,63.0000
1789467529.8055,-0.0720,-0.0860,-15.0000,1.2940,1.2970,64.0000,0.0190,0.0470,6.0000,1.3850,1.3370,66.0000
1789467529.8554,-0.0720,-0.1080,-14.0000,1.2940,1.3160,63.0000,0.0190,0.0270,7.0000,1.3850,1.3760,64.0000
1789467529.9054,-0.0720,-0.0840,-15.0000,1.2940,1.3360,61.0000,0.0190,0.0890,3.0000,1.3850,1.3870,64.0000
1789467529.9556,-0.0720,-0.0530,-16.0000,1.2940,1.2980,63.0000,0.0190,0.0420,5.0000,1.3850,1.4070,63.0000
1789467530.0055,-0.0720,-0.0340,-17.0000,1.2940,1.2920,63.0000,0.0190,0.0130,6.0000,1.3850,1.3770,65.0000
1789467530.0555,-0.0720,-0.1000,-14.0000,1.2940,1.2870,64.0000,0.0190,0.0120,6.0000,1.3850,1.3940,64.0000
1789467530.1054,-0.0720,-0.1260,-12.0000,1.2940,1.2850,64.0000,0.0190,0.0230,6.0000,1.3850,1.3510,66.0000
1789467530.1555,-0.0720,-0.0940,-13.0000,1.2940,1.2900,63.0000,0.0190,0.0260,6.0000,1.3850,1.3850,64.0000
1789467530.2060,-0.0720,-0.1070,-12.0000,1.2940,1.3320,61.0000,0.0190,0.0300,5.0000,1.3850,1.3630,66.0000
1789467530.2555,-0.0720,-0.0420,-16.0000,1.2940,1.3130,62.0000,0.0190,0.0630,3.0000,1.3850,1.3740,65.0000
1789467530.3056,-0.0720,-0.0250,-17.0000,1.2940,1.2820,63.0000,0.0190,0.0170,6.0000,1.3850,1.3930,64.0000
1789467530.3556,-0.0720,-0.0900,-14.0000,1.2940,1.2940,63.0000,0.0190,0.0110,6.0000,1.3850,1.3850,65.0000
1789467530.4054,-0.0720,-0.1120,-12.0000,1.2940,1.2790,64.0000,0.0190,0.0340,4.0000,1.3850,1.3260,68.0000
1789467530.4554,-0.0720,-0.0970,-13.0000,1.2940,1.2890,63.0000,0.0190,0.0160,5.0000,1.3850,1.3670,66.0000
1789467530.5053,-0.0720,-0.0770,-14.0000,1.2940,1.3120,62.0000,0.0190,0.0200,5.0000,1.3850,1.3890,65.0000
1789467530.5555,-0.0720,-0.0620,-15.0000,1.2940,1.3410,60.0000,0.0190,0.0040,6.0000,1.3850,1.3610,67.0000
1789467530.6060,-0.0720,-0.0110,-18.0000,1.2940,1.2970,62.0000,0.0190,0.0000,7.0000,1.3850,1.3960,65.0000
1789467530.6555,-0.0720,-0.0040,-19.0000,1.2940,1.2880,63.0000,0.0190,0.0000,7.0000,1.3850,1.3950,65.0000
1789467530.7060,-0.0720,-0.0470,-17.0000,1.2940,1.2770,63.0000,0.0190,0.0000,7.0000,1.3850,1.3420,68.0000
1789467530.7554,-0.0720,-0.0790,-15.0000,1.2940,1.3060,62.0000,0.0190,0.0090,7.0000,1.3850,1.3000,71.0000
1789467530.8053,-0.0720,-0.0710,-16.0000,1.2940,1.3070,62.0000,0.0190,0.0020,7.0000,1.3850,1.3550,68.0000
1789467530.8558,-0.0720,-0.0490,-17.0000,1.2940,1.3200,61.0000,0.0190,0.0030,7.0000,1.3850,1.3870,67.0000
1789467530.9056,-0.0720,-0.0490,-17.0000,1.2940,1.3300,60.0000,0.0190,0.0060,7.0000,1.3850,1.3910,67.0000
1789467530.9554,-0.0720,-0.0640,-17.0000,1.2940,1.3110,61.0000,0.0190,0.0060,8.0000,1.3850,1.3990,66.0000
1789467531.0068,-0.0720,-0.0830,-16.0000,1.2940,1.3000,61.0000,0.0190,0.0010,8.0000,1.3850,1.3550,69.0000
1789467531.0566,-0.0720,-0.0480,-18.0000,1.2940,1.2870,62.0000,0.0190,0.0000,8.0000,1.3850,1.3290,71.0000
1789467531.1107,-0.0720,-0.0500,-18.0000,1.2940,1.3190,60.0000,0.0190,0.0050,8.0000,1.3850,1.4130,66.0000
1789467531.1594,-0.0720,-0.0490,-18.0000,1.2940,1.3220,59.0000,0.0190,0.0030,9.0000,1.3850,1.3930,67.0000
1789467531.2107,-0.0720,-0.0320,-20.0000,1.2940,1.3140,60.0000,0.0190,0.0010,9.0000,1.3850,1.4120,66.0000
1789467531.2595,-0.0720,-0.0030,-22.0000,1.2940,1.3160,59.0000,0.0190,0.0000,9.0000,1.3850,1.4170,66.0000
1789467531.3132,-0.0720,-0.0020,-22.0000,1.2940,1.2880,61.0000,0.0190,0.0030,9.0000,1.3850,1.4490,63.0000
1789467531.3615,-0.0720,-0.0390,-21.0000,1.2940,1.2900,60.0000,0.0190,0.0080,9.0000,1.3850,1.3190,71.0000
1789467531.4138,-0.0720,-0.0360,-22.0000,1.2940,1.2830,61.0000,0.0190,0.0190,9.0000,1.3850,1.4110,65.0000
1789467531.4615,-0.0720,-0.0170,-23.0000,1.2940,1.3000,60.0000,0.0190,0.0710,6.0000,1.3850,1.4090,66.0000
1789467531.5115,-0.0720,-0.0440,-22.0000,1.2940,1.3110,59.0000,0.0190,0.0540,6.0000,1.3850,1.4130,65.0000
1789467531.5615,-0.0720,-0.0460,-23.0000,1.2940,1.3070,59.0000,0.0190,0.0180,8.0000,1.3850,1.4160,65.0000
1789467531.6116,-0.0720,-0.0530,-23.0000,1.2940,1.2660,62.0000,0.0190,0.0010,9.0000,1.3850,1.4380,63.0000
1789467531.6616,-0.0720,-0.0880,-21.0000,1.2940,1.2580,62.0000,0.0190,0.0170,8.0000,1.3850,1.3380,69.0000
1789467531.7116,-0.0720,-0.1260,-19.0000,1.2940,1.2780,61.0000,0.0190,0.0130,8.0000,1.3850,1.3750,66.0000
1789467531.7614,-0.0720,-0.1220,-19.0000,1.2940,1.3130,59.0000,0.0190,0.0130,8.0000,1.3850,1.3980,65.0000
1789467531.8115,-0.0720,-0.1220,-18.0000,1.2940,1.2970,60.0000,0.0190,0.0120,9.0000,1.3850,1.4490,62.0000
1789467531.8617,-0.0720,-0.1460,-16.0000,1.2940,1.3190,59.0000,0.0190,0.0130,9.0000,1.3850,1.3910,65.0000
1789467531.9114,-0.0720,-0.0900,-19.0000,1.2940,1.2960,60.0000,0.0190,0.0050,9.0000,1.3850,1.3850,65.0000
1789467531.9616,-0.0720,-0.0860,-18.0000,1.2940,1.2790,61.0000,0.0190,0.0070,9.0000,1.3850,1.3270,69.0000
1789467532.0115,-0.0720,-0.1250,-16.0000,1.2940,1.3060,60.0000,0.0190,0.0440,7.0000,1.3850,1.3530,67.0000
1789467532.0616,-0.0720,-0.1330,-15.0000,1.2940,1.3050,60.0000,0.0190,0.0500,7.0000,1.3850,1.3540,68.0000
1789467532.1117,-0.0720,-0.1320,-14.0000,1.2940,1.3180,59.0000,0.0190,0.0160,8.0000,1.3850,1.4210,64.0000
1789467532.1617,-0.0720,-0.0880,-16.0000,1.2940,1.2940,60.0000,0.0190,0.0150,8.0000,1.3850,1.4120,65.0000
1789467532.2116,-0.0720,-0.0690,-17.0000,1.2940,1.2690,61.0000,0.0190,0.0020,9.0000,1.3850,1.3850,66.0000
1789467532.2617,-0.0720,-0.0860,-16.0000,1.2940,1.2740,61.0000,0.0190,0.0000,9.0000,1.3850,1.3030,71.0000
1789467532.3116,-0.0720,-0.0950,-15.0000,1.2940,1.2500,63.0000,0.0190,0.0000,10.0000,1.3850,1.3070,71.0000
1789467532.3615,-0.0720,-0.1010,-14.0000,1.2940,1.2630,62.0000,0.0190,0.0010,10.0000,1.3850,1.3700,68.0000
1789467532.4117,-0.0720,-0.0720,-16.0000,1.2940,1.2830,62.0000,0.0190,0.0020,10.0000,1.3850,1.4090,66.0000
1789467532.4617,-0.0720,-0.0810,-15.0000,1.2940,1.3060,61.0000,0.0190,0.0110,10.0000,1.3850,1.4180,66.0000
1789467532.5116,-0.0720,-0.0760,-15.0000,1.2940,1.3160,60.0000,0.0190,0.0200,9.0000,1.3850,1.4120,66.0000
1789467532.5617,-0.0720,-0.0190,-19.0000,1.2940,1.2710,62.0000,0.0190,0.0170,9.0000,1.3850,1.3810,67.0000
1789467532.6117,-0.0720,-0.0050,-20.0000,1.2940,1.2830,62.0000,0.0190,0.0080,10.0000,1.3850,1.4000,66.0000
1789467532.6614,-0.0720,-0.0530,-18.0000,1.2940,1.2970,61.0000,0.0190,0.0100,10.0000,1.3850,1.3890,67.0000
1789467532.7115,-0.0720,-0.0760,-17.0000,1.2940,1.3130,60.0000,0.0190,0.0190,10.0000,1.3850,1.3890,67.0000
1789467532.7617,-0.0720,-0.0820,-17.0000,1.2940,1.3030,61.0000,0.0190,0.0300,9.0000,1.3850,1.4040,66.0000
1789467532.8116,-0.0720,-0.0350,-20.0000,1.2940,1.3080,60.0000,0.0190,0.0620,7.0000,1.3850,1.3670,68.0000
1789467532.8615,-0.0720,-0.0460,-19.0000,1.2940,1.2710,62.0000,0.0190,0.0150,9.0000,1.3850,1.3370,69.0000
1789467532.9114,-0.0720,-0.0190,-21.0000,1.2940,1.2720,62.0000,0.0190,0.0140,9.0000,1.3850,1.3690,68.0000
1789467532.9615,-0.0720,-0.0360,-20.0000,1.2940,1.2990,61.0000,0.0190,0.0090,10.0000,1.3850,1.4250,65.0000
1789467533.0116,-0.0720,-0.0880,-18.0000,1.2940,1.3160,60.0000,0.0190,0.0230,9.0000,1.3850,1.3670,68.0000
1789467533.0615,-0.0720,-0.0930,-18.0000,1.2940,1.2980,61.0000,0.0190,0.0280,9.0000,1.3850,1.4360,64.0000
1789467533.1116,-0.0720,-0.0620,-19.0000,1.2940,1.3070,60.0000,0.0190,0.0100,10.0000,1.3850,1.3960,66.0000
1789467533.1615,-0.0720,-0.0610,-19.0000,1.2940,1.2880,61.0000,0.0190,0.0090,10.0000,1.3850,1.3380,69.0000
1789467533.2116,-0.0720,-0.0430,-21.0000,1.2940,1.2690,62.0000,0.0190,0.0150,10.0000,1.3850,1.3670,68.0000
1789467533.2615,-0.0720,-0.0330,-22.0000,1.2940,1.3000,61.0000,0.0190,0.0170,9.0000,1.3850,1.4460,63.0000
1789467533.3122,-0.0720,-0.0420,-21.0000,1.2940,1.3090,60.0000,0.0190,0.0500,8.0000,1.3850,1.4240,64.0000
1789467533.3615,-0.0720,-0.0380,-22.0000,1.2940,1.3090,60.0000,0.0190,0.0440,8.0000,1.3850,1.4420,63.0000
1789467533.4115,-0.0720,-0.0490,-22.0000,1.2940,1.3060,60.0000,0.0190,0.0180,9.0000,1.3850,1.3890,65.0000
1789467533.4616,-0.0720,-0.0370,-23.0000,1.2940,1.3170,59.0000,0.0190,0.0130,9.0000,1.3850,1.2840,71.0000
1789467533.5128,-0.0720,-0.0680,-21.0000,1.2940,1.2780,61.0000,0.0190,0.0030,10.0000,1.3850,1.3290,69.0000
1789467533.5626,-0.0720,-0.0320,-24.0000,1.2940,1.2760,62.0000,0.0190,0.0000,10.0000,1.3850,1.4440,64.0000
1789467533.6126,-0.0720,-0.0210,-25.0000,1.2940,1.2870,61.0000,0.0190,0.0020,10.0000,1.3850,1.4660,62.0000
1789467533.6641,-0.0720,-0.0610,-23.0000,1.2940,1.3100,60.0000,0.0190,0.0060,10.0000,1.3850,1.4470,63.0000
1789467533.7137,-0.0720,-0.0930,-22.0000,1.2940,1.3060,60.0000,0.0190,0.0280,9.0000,1.3850,1.3260,69.0000
1789467533.7636,-0.0720,-0.0590,-24.0000,1.2940,1.3140,59.0000,0.0190,0.0050,10.0000,1.3850,1.2550,73.0000
1789467533.8136,-0.0720,-0.0410,-25.0000,1.2940,1.2970,60.0000,0.0190,0.0120,10.0000,1.3850,1.2590,74.0000
1789467533.8638,-0.0720,-0.0390,-25.0000,1.2940,1.2760,61.0000,0.0190,0.0020,11.0000,1.3850,1.4070,67.0000
1789467533.9136,-0.0720,-0.0250,-26.0000,1.2940,1.2790,61.0000,0.0190,0.0000,11.0000,1.3850,1.4650,64.0000
1789467533.9651,-0.0720,-0.0300,-26.0000,1.2940,1.3060,60.0000,0.0190,0.0130,10.0000,1.3850,1.4520,64.0000
1789467534.0136,-0.0720,-0.1090,-22.0000,1.2940,1.3060,60.0000,0.0190,0.0340,9.0000,1.3850,1.3390,70.0000
1789467534.0636,-0.0720,-0.1000,-23.0000,1.2940,1.3100,59.0000,0.0190,0.0490,8.0000,1.3850,1.2320,76.0000
1789467534.1143,-0.0720,-0.1020,-22.0000,1.2940,1.3060,60.0000,0.0190,0.0460,8.0000,1.3850,1.2550,76.0000
1789467534.1637,-0.0720,-0.0530,-25.0000,1.2940,1.2760,61.0000,0.0190,0.0210,9.0000,1.3850,1.3720,71.0000
1789467534.2136,-0.0720,-0.0590,-25.0000,1.2940,1.2580,62.0000,0.0190,0.0180,9.0000,1.3850,1.4900,64.0000
1789467534.2637,-0.0720,-0.0500,-25.0000,1.2940,1.2940,61.0000,0.0190,0.0120,10.0000,1.3850,1.4760,65.0000
1789467534.3135,-0.0720,-0.0700,-24.0000,1.2940,1.3070,60.0000,0.0190,0.0150,10.0000,1.3850,1.4310,66.0000
1789467534.3636,-0.0720,-0.1140,-22.0000,1.2940,1.3020,60.0000,0.0190,0.0150,10.0000,1.3850,1.2310,77.0000
1789467534.4135,-0.0720,-0.1040,-22.0000,1.2940,1.2930,61.0000,0.0190,0.0140,10.0000,1.3850,1.2680,76.0000
1789467534.4637,-0.0720,-0.0930,-22.0000,1.2940,1.2640,62.0000,0.0190,0.0060,10.0000,1.3850,1.4160,69.0000
1789467534.5136,-0.0720,-0.0560,-24.0000,1.2940,1.2590,63.0000,0.0190,0.0050,11.0000,1.3850,1.4800,65.0000
1789467534.5636,-0.0720,-0.0580,-24.0000,1.2940,1.2680,62.0000,0.0190,0.0080,10.0000,1.3850,1.4510,67.0000
1789467534.6143,-0.0720,-0.0940,-22.0000,1.2940,1.3050,61.0000,0.0190,0.0180,10.0000,1.3850,1.3820,70.0000
1789467534.6636,-0.0720,-0.1220,-20.0000,1.2940,1.2780,62.0000,0.0190,0.0490,8.0000,1.3850,1.2830,75.0000
1789467534.7144,-0.0720,-0.0730,-23.0000,1.2940,1.3030,61.0000,0.0190,0.0490,8.0000,1.3850,1.3360,73.0000
1789467534.7636,-0.0720,-0.0900,-22.0000,1.2940,1.3230,60.0000,0.0190,0.0220,9.0000,1.3850,1.3450,73.0000
1789467534.8135,-0.0720,-0.0810,-22.0000,1.2940,1.3240,59.0000,0.0190,0.0130,10.0000,1.3850,1.3890,71.0000
1789467534.8637,-0.0720,-0.0420,-24.0000,1.2940,1.3110,60.0000,0.0190,0.0160,10.0000,1.3850,1.4130,70.0000
1789467534.9136,-0.0720,-0.0820,-22.0000,1.2940,1.2870,61.0000,0.0190,0.0180,9.0000,1.3850,1.4630,66.0000
1789467534.9636,-0.0720,-0.1250,-19.0000,1.2940,1.2620,62.0000,0.0190,0.0250,9.0000,1.3850,1.2960,76.0000
1789467535.0134,-0.0720,-0.1330,-19.0000,1.2940,1.2900,61.0000,0.0190,0.0220,9.0000,1.3850,1.3060,75.0000
1789467535.0637,-0.0720,-0.1120,-19.0000,1.2940,1.3080,60.0000,0.0190,0.0260,9.0000,1.3850,1.3710,72.0000
1789467535.1135,-0.0720,-0.1100,-19.0000,1.2940,1.3220,59.0000,0.0190,0.0690,6.0000,1.3850,1.4050,71.0000
1789467535.1636,-0.0720,-0.0540,-22.0000,1.2940,1.2960,60.0000,0.0190,0.0260,8.0000,1.3850,1.4270,69.0000
1789467535.2136,-0.0720,-0.0450,-22.0000,1.2940,1.2720,62.0000,0.0190,0.0060,9.0000,1.3850,1.4660,67.0000
1789467535.2636,-0.0720,-0.0880,-20.0000,1.2940,1.2630,62.0000,0.0190,0.0190,9.0000,1.3850,1.3340,74.0000
1789467535.3137,-0.0720,-0.1180,-18.0000,1.2940,1.2800,62.0000,0.0190,0.0180,9.0000,1.3850,1.3180,75.0000
1789467535.3636,-0.0720,-0.0920,-19.0000,1.2940,1.3040,60.0000,0.0190,0.0030,10.0000,1.3850,1.3720,72.0000
1789467535.4138,-0.0720,-0.1040,-18.0000,1.2940,1.3200,60.0000,0.0190,0.0040,10.0000,1.3850,1.4440,68.0000
1789467535.4636,-0.0720,-0.0750,-20.0000,1.2940,1.3140,60.0000,0.0190,0.0010,10.0000,1.3850,1.4300,69.0000
1789467535.5137,-0.0720,-0.0220,-22.0000,1.2940,1.2950,61.0000,0.0190,0.0000,10.0000,1.3850,1.4510,67.0000
1789467535.5637,-0.0720,-0.0430,-21.0000,1.2940,1.2590,63.0000,0.0190,0.0000,11.0000,1.3850,1.4140,69.0000
1789467535.6150,-0.0720,-0.0530,-21.0000,1.2940,1.2760,62.0000,0.0190,0.0000,11.0000,1.3850,1.2890,76.0000
1789467535.6637,-0.0720,-0.0810,-20.0000,1.2940,1.2920,61.0000,0.0190,0.0000,11.0000,1.3850,1.3310,74.0000
1789467535.7163,-0.0720,-0.0760,-20.0000,1.2940,1.2970,61.0000,0.0190,0.0000,11.0000,1.3850,1.4040,70.0000
1789467535.7637,-0.0720,-0.0600,-21.0000,1.2940,1.2850,62.0000,0.0190,0.0000,12.0000,1.3850,1.4250,69.0000
1789467535.8137,-0.0720,-0.0710,-21.0000,1.2940,1.2840,62.0000,0.0190,0.0110,11.0000,1.3850,1.4680,66.0000
1789467535.8637,-0.0720,-0.0870,-20.0000,1.2940,1.3060,61.0000,0.0190,0.0030,12.0000,1.3850,1.3680,71.0000
1789467535.9140,-0.0720,-0.0980,-19.0000,1.2940,1.2870,62.0000,0.0190,0.0110,11.0000,1.3850,1.2840,76.0000
1789467535.9637,-0.0720,-0.0740,-20.0000,1.2940,1.2890,61.0000,0.0190,0.0080,12.0000,1.3850,1.3510,73.0000
1789467536.0137,-0.0720,-0.0790,-20.0000,1.2940,1.2920,61.0000,0.0190,0.0100,12.0000,1.3850,1.4100,70.0000
1789467536.0637,-0.0720,-0.0840,-19.0000,1.2940,1.3120,60.0000,0.0190,0.0110,12.0000,1.3850,1.3650,73.0000
1789467536.1138,-0.0720,-0.0760,-20.0000,1.2940,1.2980,61.0000,0.0190,0.0270,11.0000,1.3850,1.4230,69.0000
1789467536.1635,-0.0720,-0.0650,-20.0000,1.2940,1.2990,61.0000,0.0190,0.0600,9.0000,1.3850,1.4340,68.0000
1789467536.2140,-0.0720,-0.0960,-18.0000,1.2940,1.2880,61.0000,0.0190,0.0570,9.0000,1.3850,1.3350,74.0000
1789467536.2639,-0.0720,-0.1220,-17.0000,1.2940,1.3180,60.0000,0.0190,0.0530,9.0000,1.3850,1.3170,75.0000
1789467536.3138,-0.0720,-0.1230,-16.0000,1.2940,1.3180,59.0000,0.0190,0.0400,9.0000,1.3850,1.3970,71.0000
1789467536.3636,-0.0720,-0.1190,-16.0000,1.2940,1.3200,59.0000,0.0190,0.0210,10.0000,1.3850,1.4240,70.0000
1789467536.4138,-0.0720,-0.0970,-17.0000,1.2940,1.3030,60.0000,0.0190,0.0060,11.0000,1.3850,1.4330,69.0000
1789467536.4636,-0.0720,-0.0300,-20.0000,1.2940,1.3070,59.0000,0.0190,0.0150,10.0000,1.3850,1.4380,68.0000
1789467536.5137,-0.0720,-0.0470,-20.0000,1.2940,1.2770,61.0000,0.0190,0.0520,8.0000,1.3850,1.3050,75.0000
1789467536.5636,-0.0720,-0.1090,-16.0000,1.2940,1.2800,61.0000,0.0190,0.0190,10.0000,1.3850,1.3550,72.0000
1789467536.6137,-0.0720,-0.0780,-18.0000,1.2940,1.2910,60.0000,0.0190,0.0250,9.0000,1.3850,1.4030,70.0000
1789467536.6636,-0.0720,-0.0660,-18.0000,1.2940,1.3080,60.0000,0.0190,0.0120,10.0000,1.3850,1.4590,67.0000
1789467536.7145,-0.0720,-0.0980,-17.0000,1.2940,1.3070,60.0000,0.0190,0.0310,9.0000,1.3850,1.4450,67.0000
1789467536.7636,-0.0720,-0.0770,-18.0000,1.2940,1.3060,59.0000,0.0190,0.0090,10.0000,1.3850,1.4280,67.0000
1789467536.8137,-0.0720,-0.0320,-20.0000,1.2940,1.2700,61.0000,0.0190,0.0060,10.0000,1.3850,1.3600,71.0000
1789467536.8635,-0.0720,-0.0700,-18.0000,1.2940,1.2860,61.0000,0.0190,0.0080,10.0000,1.3850,1.4020,68.0000
1789467536.9138,-0.0720,-0.1320,-15.0000,1.2940,1.2900,61.0000,0.0190,0.0100,10.0000,1.3850,1.3830,69.0000
1789467536.9638,-0.0720,-0.1370,-14.0000,1.2940,1.2970,60.0000,0.0190,0.0110,11.0000,1.3850,1.4110,68.0000
1789467537.0138,-0.0720,-0.0650,-18.0000,1.2940,1.3000,60.0000,0.0190,0.0030,11.0000,1.3850,1.4450,65.0000
1789467537.0639,-0.0720,-0.0660,-17.0000,1.2940,1.2750,61.0000,0.0190,0.0030,11.0000,1.3850,1.4440,65.0000
1789467537.1137,-0.0720,-0.1400,-13.0000,1.2940,1.2900,61.0000,0.0190,0.0030,11.0000,1.3850,1.3280,71.0000
1789467537.1636,-0.0720,-0.1430,-12.0000,1.2940,1.3140,59.0000,0.0190,0.0300,10.0000,1.3850,1.3950,67.0000
1789467537.2137,-0.0720,-0.0990,-14.0000,1.2940,1.2750,62.0000,0.0190,0.1520,3.0000,1.3850,1.3490,70.0000
1789467537.2637,-0.0720,-0.0630,-16.0000,1.2940,1.2810,61.0000,0.0190,0.0340,9.0000,1.3850,1.4100,67.0000
1789467537.3139,-0.0720,-0.0340,-17.0000,1.2940,1.2960,60.0000,0.0190,0.0060,10.0000,1.3850,1.4560,64.0000
1789467537.3635,-0.0720,-0.0670,-16.0000,1.2940,1.3040,60.0000,0.0190,0.0200,9.0000,1.3850,1.4430,64.0000
1789467537.4144,-0.0720,-0.0360,-18.0000,1.2940,1.2770,62.0000,0.0190,0.0970,4.0000,1.3850,1.3320,70.0000
1789467537.4636,-0.0720,-0.0330,-18.0000,1.2940,1.2570,63.0000,0.0190,0.0370,7.0000,1.3850,1.3860,67.0000
1789467537.5138,-0.0720,-0.0710,-16.0000,1.2940,1.2560,63.0000,0.0190,0.0130,8.0000,1.3850,1.3600,68.0000
1789467537.5638,-0.0720,-0.0890,-15.0000,1.2940,1.2790,62.0000,0.0190,0.0170,8.0000,1.3850,1.4060,66.0000
1789467537.6138,-0.0720,-0.0570,-17.0000,1.2940,1.3120,61.0000,0.0190,0.0270,8.0000,1.3850,1.4310,64.0000
1789467537.6635,-0.0720,-0.1190,-13.0000,1.2940,1.3300,60.0000,0.0190,0.0280,7.0000,1.3850,1.3990,66.0000
1789467537.7138,-0.0720,-0.0950,-15.0000,1.2940,1.2750,63.0000,0.0190,0.0520,6.0000,1.3850,1.3810,67.0000
1789467537.7643,-0.0720,-0.0480,-17.0000,1.2940,1.2790,62.0000,0.0190,0.0430,6.0000,1.3850,1.3910,66.0000
1789467537.8136,-0.0720,-0.1230,-13.0000,1.2940,1.2850,62.0000,0.0190,0.0340,6.0000,1.3850,1.3850,66.0000
1789467537.8635,-0.0720,-0.1040,-14.0000,1.2940,1.2870,62.0000,0.0190,0.0300,6.0000,1.3850,1.3800,67.0000
1789467537.9158,-0.0720,-0.0510,-16.0000,1.2940,1.2730,63.0000,0.0190,0.0050,8.0000,1.3850,1.4210,64.0000
1789467537.9636,-0.0720,-0.0810,-15.0000,1.2940,1.3260,60.0000,0.0190,0.0100,7.0000,1.3850,1.4010,65.0000
1789467538.0137,-0.0720,-0.0840,-14.0000,1.2940,1.2870,62.0000,0.0190,0.0230,7.0000,1.3850,1.3840,66.0000
1789467538.0637,-0.0720,-0.0170,-18.0000,1.2940,1.2810,62.0000,0.0190,0.0090,8.0000,1.3850,1.3830,66.0000
1789467538.1136,-0.0720,-0.1010,-14.0000,1.2940,1.2940,62.0000,0.0190,0.0080,8.0000,1.3850,1.3740,66.0000
1789467538.1651,-0.0720,-0.1180,-13.0000,1.2940,1.2530,64.0000,0.0190,0.0200,7.0000,1.3850,1.3580,67.0000
1789467538.2145,-0.0720,-0.0850,-14.0000,1.2940,1.2710,64.0000,0.0190,0.0400,6.0000,1.3850,1.4320,63.0000
1789467538.2646,-0.0720,-0.0500,-16.0000,1.2940,1.3060,62.0000,0.0190,0.0480,5.0000,1.3850,1.3710,66.0000
1789467538.3148,-0.0720,-0.1080,-13.0000,1.2940,1.3190,61.0000,0.0190,0.0450,5.0000,1.3850,1.3530,67.0000
1789467538.3646,-0.0720,-0.0910,-14.0000,1.2940,1.3000,62.0000,0.0190,0.0460,5.0000,1.3850,1.3750,66.0000
1789467538.4146,-0.0720,-0.0710,-14.0000,1.2940,1.2760,63.0000,0.0190,0.0070,7.0000,1.3850,1.4130,64.0000
1789467538.4651,-0.0720,-0.1020,-13.0000,1.2940,1.2800,63.0000,0.0190,0.0090,7.0000,1.3850,1.3670,67.0000
1789467538.5147,-0.0720,-0.0730,-14.0000,1.2940,1.2610,65.0000,0.0190,0.0060,7.0000,1.3850,1.4290,63.0000
1789467538.5647,-0.0720,-0.0570,-15.0000,1.2940,1.2900,63.0000,0.0190,0.0120,7.0000,1.3850,1.4040,65.0000
1789467538.6147,-0.0720,-0.0700,-14.0000,1.2940,1.3190,62.0000,0.0190,0.0630,4.0000,1.3850,1.3620,67.0000
1789467538.6647,-0.0720,-0.0690,-14.0000,1.2940,1.3280,61.0000,0.0190,0.0800,2.0000,1.3850,1.3660,66.0000
1789467538.7155,-0.0720,-0.0380,-16.0000,1.2940,1.2990,62.0000,0.0190,0.0460,4.0000,1.3850,1.4010,65.0000
1789467538.7647,-0.0720,-0.0470,-16.0000,1.2940,1.2760,63.0000,0.0190,0.0040,6.0000,1.3850,1.4030,64.0000
1789467538.8146,-0.0720,-0.0560,-16.0000,1.2940,1.2690,64.0000,0.0190,0.0000,6.0000,1.3850,1.3970,65.0000
1789467538.8648,-0.0720,-0.0640,-16.0000,1.2940,1.2850,63.0000,0.0190,0.0000,6.0000,1.3850,1.3860,65.0000
1789467538.9147,-0.0720,-0.0430,-17.0000,1.2940,1.2930,63.0000,0.0190,0.0070,6.0000,1.3850,1.3830,65.0000
1789467538.9646,-0.0720,-0.0810,-15.0000,1.2940,1.3250,61.0000,0.0190,0.0130,6.0000,1.3850,1.3370,68.0000
1789467539.0147,-0.0720,-0.0380,-18.0000,1.2940,1.2970,63.0000,0.0190,0.0340,5.0000,1.3850,1.4080,64.0000
1789467539.0647,-0.0720,-0.0080,-20.0000,1.2940,1.2730,64.0000,0.0190,0.0360,5.0000,1.3850,1.3990,65.0000
1789467539.1145,-0.0720,-0.0380,-18.0000,1.2940,1.2810,63.0000,0.0190,0.0230,5.0000,1.3850,1.4020,64.0000
1789467539.1647,-0.0720,-0.0760,-17.0000,1.2940,1.2620,65.0000,0.0190,0.0170,5.0000,1.3850,1.3680,66.0000
1789467539.2146,-0.0720,-0.0720,-17.0000,1.2940,1.2920,63.0000,0.0190,0.0300,5.0000,1.3850,1.3790,66.0000
1789467539.2647,-0.0720,-0.0750,-17.0000,1.2940,1.3010,63.0000,0.0190,0.0400,4.0000,1.3850,1.3620,67.0000
1789467539.3150,-0.0720,-0.0690,-17.0000,1.2940,1.3060,63.0000,0.0190,0.0200,5.0000,1.3850,1.4100,64.0000
1789467539.3646,-0.0720,-0.0340,-19.0000,1.2940,1.2690,65.0000,0.0190,0.0030,6.0000,1.3850,1.4180,64.0000
1789467539.4145,-0.0720,-0.0490,-19.0000,1.2940,1.2620,65.0000,0.0190,0.0000,6.0000,1.3850,1.3820,65.0000
1789467539.4647,-0.0720,-0.1040,-16.0000,1.2940,1.2560,66.0000,0.0190,0.0030,6.0000,1.3850,1.3860,65.0000
1789467539.5147,-0.0720,-0.1090,-15.0000,1.2940,1.2520,67.0000,0.0190,0.0180,6.0000,1.3850,1.3470,67.0000
1789467539.5648,-0.0720,-0.1090,-15.0000,1.2940,1.2920,65.0000,0.0190,0.0150,6.0000,1.3850,1.3760,66.0000
1789467539.6147,-0.0720,-0.1120,-14.0000,1.2940,1.3720,60.0000,0.0190,0.0760,2.0000,1.3850,1.3950,65.0000
1789467539.6646,-0.0720,-0.0420,-18.0000,1.2940,1.3090,63.0000,0.0190,0.0930,1.0000,1.3850,1.3990,65.0000
1789467539.7153,-0.0720,-0.0170,-20.0000,1.2940,1.2700,65.0000,0.0190,0.0050,5.0000,1.3850,1.4170,64.0000
1789467539.7647,-0.0720,-0.0590,-18.0000,1.2940,1.2570,66.0000,0.0190,0.0060,5.0000,1.3850,1.3870,65.0000
1789467539.8149,-0.0720,-0.1030,-15.0000,1.2940,1.2610,66.0000,0.0190,0.0050,5.0000,1.3850,1.3170,69.0000
1789467539.8648,-0.0720,-0.0640,-18.0000,1.2940,1.2880,65.0000,0.0190,0.0010,5.0000,1.3850,1.3900,65.0000
1789467539.9198,-0.0720,-0.0980,-15.0000,1.2940,1.3380,62.0000,0.0190,0.0070,5.0000,1.3850,1.4010,65.0000
1789467539.9661,-0.0720,-0.1030,-15.0000,1.2940,1.3670,60.0000,0.0190,0.0200,5.0000,1.3850,1.4250,63.0000
1789467540.0159,-0.0720,-0.0190,-20.0000,1.2940,1.2850,64.0000,0.0190,0.0040,6.0000,1.3850,1.4050,64.0000
1789467540.0657,-0.0720,-0.0190,-20.0000,1.2940,1.2610,65.0000,0.0190,0.0000,6.0000,1.3850,1.4310,62.0000
1789467540.1160,-0.0720,-0.1080,-15.0000,1.2940,1.2790,65.0000,0.0190,0.0290,4.0000,1.3850,1.2950,70.0000
1789467540.1657,-0.0720,-0.1130,-15.0000,1.2940,1.2850,65.0000,0.0190,0.0650,2.0000,1.3850,1.3500,67.0000
1789467540.2158,-0.0720,-0.1070,-15.0000,1.2940,1.3410,61.0000,0.0190,0.0950,0.0000,1.3850,1.3460,67.0000
1789467540.2658,-0.0720,-0.0880,-16.0000,1.2940,1.3680,60.0000,0.0190,0.0320,3.0000,1.3850,1.3990,65.0000
1789467540.3157,-0.0720,-0.1020,-14.0000,1.2940,1.3490,60.0000,0.0190,0.0030,5.0000,1.3850,1.4180,64.0000
1789467540.3656,-0.0720,-0.0190,-19.0000,1.2940,1.2950,62.0000,0.0190,-0.0030,5.0000,1.3850,1.4160,64.0000
1789467540.4171,-0.0720,-0.0260,-19.0000,1.2940,1.2490,65.0000,0.0190,0.0050,5.0000,1.3850,1.3550,67.0000
1789467540.4658,-0.0720,-0.0930,-15.0000,1.2940,1.2870,63.0000,0.0190,0.0040,5.0000,1.3850,1.3310,68.0000
1789467540.5170,-0.0720,-0.0830,-16.0000,1.2940,1.2930,63.0000,0.0190,0.0030,5.0000,1.3850,1.3710,66.0000
1789467540.5658,-0.0720,-0.0890,-15.0000,1.2940,1.3030,62.0000,0.0190,0.0000,6.0000,1.3850,1.4120,64.0000
1789467540.6157,-0.0720,-0.0220,-19.0000,1.2940,1.2870,63.0000,0.0190,0.0000,6.0000,1.3850,1.3910,65.0000
1789467540.6658,-0.0720,-0.0230,-20.0000,1.2940,1.2900,63.0000,0.0190,0.0000,6.0000,1.3850,1.4220,63.0000
1789467540.7157,-0.0720,-0.0830,-16.0000,1.2940,1.3010,62.0000,0.0190,0.0000,6.0000,1.3850,1.3060,70.0000
1789467540.7659,-0.0720,-0.0830,-17.0000,1.2940,1.2940,63.0000,0.0190,0.0030,6.0000,1.3850,1.3260,69.0000
1789467540.8158,-0.0720,-0.0660,-18.0000,1.2940,1.3130,62.0000,0.0190,0.0050,6.0000,1.3850,1.3510,69.0000
1789467540.8657,-0.0720,-0.0840,-17.0000,1.2940,1.3270,61.0000,0.0190,0.0010,7.0000,1.3850,1.4270,65.0000
1789467540.9157,-0.0720,-0.1160,-15.0000,1.2940,1.3270,60.0000,0.0190,0.0000,7.0000,1.3850,1.3660,68.0000
1789467540.9658,-0.0720,-0.1410,-13.0000,1.2940,1.3140,61.0000,0.0190,0.0000,7.0000,1.3850,1.3810,67.0000
1789467541.0159,-0.0720,-0.1160,-14.0000,1.2940,1.2830,62.0000,0.0190,0.0000,8.0000,1.3850,1.3490,69.0000
1789467541.0665,-0.0720,-0.1430,-12.0000,1.2940,1.3070,61.0000,0.0190,0.0000,8.0000,1.3850,1.3150,72.0000
1789467541.1157,-0.0720,-0.1440,-11.0000,1.2940,1.3330,59.0000,0.0190,0.0000,8.0000,1.3850,1.3140,72.0000
1789467541.1672,-0.0720,-0.1420,-10.0000,1.2940,1.3320,59.0000,0.0190,0.0000,8.0000,1.3850,1.3340,72.0000
1789467541.2167,-0.0720,-0.1130,-11.0000,1.2940,1.3230,59.0000,0.0190,0.0670,4.0000,1.3850,1.3750,70.0000
1789467541.2667,-0.0720,-0.0910,-12.0000,1.2940,1.3180,59.0000,0.0190,0.1200,1.0000,1.3850,1.4440,66.0000
1789467541.3167,-0.0720,0.0240,-18.0000,1.2940,1.2140,65.0000,0.0190,0.0210,6.0000,1.3850,1.4720,64.0000
1789467541.3669,-0.0720,-0.0010,-17.0000,1.2940,1.2310,64.0000,0.0190,0.0210,6.0000,1.3850,1.4280,66.0000
1789467541.4168,-0.0720,-0.0500,-15.0000,1.2940,1.2200,66.0000,0.0190,0.0280,5.0000,1.3850,1.4000,67.0000
1789467541.4668,-0.0720,-0.0720,-14.0000,1.2940,1.2820,63.0000,0.0190,0.0660,3.0000,1.3850,1.3960,67.0000
1789467541.5167,-0.0720,-0.0530,-15.0000,1.2940,1.3120,62.0000,0.0190,0.0210,5.0000,1.3850,1.4040,67.0000
1789467541.5667,-0.0720,-0.0780,-14.0000,1.2940,1.3490,59.0000,0.0190,0.0260,4.0000,1.3850,1.4520,64.0000
1789467541.6169,-0.0720,-0.0600,-15.0000,1.2940,1.3310,60.0000,0.0190,0.0180,5.0000,1.3850,1.4220,65.0000
1789467541.6681,-0.0720,-0.0120,-18.0000,1.2940,1.2550,64.0000,0.0190,-0.0000,6.0000,1.3850,1.3900,66.0000
1789467541.7167,-0.0720,-0.0670,-15.0000,1.2940,1.2840,62.0000,0.0190,0.0010,6.0000,1.3850,1.3730,67.0000
1789467541.7666,-0.0720,-0.0850,-14.0000,1.2940,1.2820,63.0000,0.0190,0.0000,6.0000,1.3850,1.3540,68.0000
1789467541.8168,-0.0720,-0.0780,-15.0000,1.2940,1.2970,62.0000,0.0190,0.0010,6.0000,1.3850,1.4320,63.0000
1789467541.8668,-0.0720,-0.0530,-16.0000,1.2940,1.3010,62.0000,0.0190,0.0000,7.0000,1.3850,1.4090,65.0000
1789467541.9169,-0.0720,-0.0470,-17.0000,1.2940,1.2720,63.0000,0.0190,0.0000,7.0000,1.3850,1.3820,66.0000
1789467541.9667,-0.0720,-0.0360,-17.0000,1.2940,1.2600,64.0000,0.0190,0.0000,7.0000,1.3850,1.3460,68.0000
1789467542.0169,-0.0720,-0.0740,-16.0000,1.2940,1.2720,64.0000,0.0190,0.0000,7.0000,1.3850,1.3870,66.0000
1789467542.0708,-0.0720,-0.1060,-14.0000,1.2940,1.2680,64.0000,0.0190,0.0000,8.0000,1.3850,1.3950,65.0000
1789467542.1198,-0.0720,-0.0900,-15.0000,1.2940,1.2830,64.0000,0.0190,0.0000,8.0000,1.3850,1.4210,64.0000
1789467542.1697,-0.0720,-0.1150,-13.0000,1.2940,1.3120,62.0000,0.0190,0.0030,8.0000,1.3850,1.3960,65.0000
1789467542.2198,-0.0720,-0.1110,-13.0000,1.2940,1.3470,60.0000,0.0190,0.0250,7.0000,1.3850,1.3980,64.0000
1789467542.2707,-0.0720,-0.0460,-16.0000,1.2940,1.2540,65.0000,0.0190,0.0160,7.0000,1.3850,1.3730,66.0000
1789467542.3198,-0.0720,-0.0560,-15.0000,1.2940,1.2740,64.0000,0.0190,0.0120,8.0000,1.3850,1.3960,65.0000
1789467542.3706,-0.0720,-0.0860,-14.0000,1.2940,1.3010,63.0000,0.0190,0.0320,6.0000,1.3850,1.3440,68.0000
1789467542.4200,-0.0720,-0.0720,-14.0000,1.2940,1.2890,64.0000,0.0190,0.0470,6.0000,1.3850,1.3780,66.0000
1789467542.4707,-0.0720,-0.0440,-16.0000,1.2940,1.3090,63.0000,0.0190,0.0260,7.0000,1.3850,1.3980,65.0000
1789467542.5200,-0.0720,-0.0780,-14.0000,1.2940,1.3400,61.0000,0.0190,0.0260,6.0000,1.3850,1.3740,66.0000
1789467542.5707,-0.0720,-0.0560,-16.0000,1.2940,1.2750,64.0000,0.0190,0.0500,5.0000,1.3850,1.3480,68.0000
1789467542.6203,-0.0720,-0.0430,-16.0000,1.2940,1.2960,63.0000,0.0190,0.0170,6.0000,1.3850,1.4190,64.0000
1789467542.6706,-0.0720,-0.0700,-15.0000,1.2940,1.2840,63.0000,0.0190,0.0150,6.0000,1.3850,1.3690,67.0000
1789467542.7197,-0.0720,-0.0670,-15.0000,1.2940,1.2890,63.0000,0.0190,0.0010,7.0000,1.3850,1.3870,66.0000
1789467542.7708,-0.0720,-0.0680,-15.0000,1.2940,1.2850,64.0000,0.0190,0.0000,7.0000,1.3850,1.4200,64.0000
1789467542.8200,-0.0720,-0.0770,-15.0000,1.2940,1.3270,61.0000,0.0190,0.0030,8.0000,1.3850,1.3700,67.0000
1789467542.8705,-0.0720,-0.0810,-15.0000,1.2940,1.3150,62.0000,0.0190,0.0080,7.0000,1.3850,1.3410,68.0000
1789467542.9198,-0.0720,-0.0640,-15.0000,1.2940,1.2930,63.0000,0.0190,0.0270,7.0000,1.3850,1.4050,65.0000
1789467542.9706,-0.0720,-0.0820,-14.0000,1.2940,1.3020,62.0000,0.0190,0.0390,6.0000,1.3850,1.3880,66.0000
1789467543.0213,-0.0720,-0.0860,-14.0000,1.2940,1.2800,63.0000,0.0190,0.0120,7.0000,1.3850,1.3900,66.0000
1789467543.0706,-0.0720,-0.0920,-14.0000,1.2940,1.2770,64.0000,0.0190,0.0020,8.0000,1.3850,1.4220,64.0000
1789467543.1200,-0.0720,-0.0820,-14.0000,1.2940,1.3010,62.0000,0.0190,0.0120,7.0000,1.3850,1.3810,66.0000
1789467543.1706,-0.0720,-0.1040,-12.0000,1.2940,1.2960,63.0000,0.0190,0.0210,7.0000,1.3850,1.3430,68.0000
1789467543.2197,-0.0720,-0.0930,-13.0000,1.2940,1.3080,62.0000,0.0190,0.0350,6.0000,1.3850,1.4130,64.0000
1789467543.2706,-0.0720,-0.0650,-14.0000,1.2940,1.3000,62.0000,0.0190,0.0160,7.0000,1.3850,1.3860,66.0000
1789467543.3202,-0.0720,-0.1050,-12.0000,1.2940,1.2790,63.0000,0.0190,0.0060,8.0000,1.3850,1.4050,65.0000
1789467543.3706,-0.0720,-0.1000,-12.0000,1.2940,1.2750,64.0000,0.0190,0.0020,8.0000,1.3850,1.3970,65.0000
1789467543.4199,-0.0720,-0.0790,-13.0000,1.2940,1.2820,63.0000,0.0190,0.0010,8.0000,1.3850,1.4020,65.0000
1789467543.4708,-0.0720,-0.0880,-12.0000,1.2940,1.3280,61.0000,0.0190,0.0090,8.0000,1.3850,1.3460,68.0000
1789467543.5197,-0.0720,-0.0830,-12.0000,1.2940,1.3270,61.0000,0.0190,0.0210,7.0000,1.3850,1.3820,66.0000
1789467543.5705,-0.0720,-0.1060,-11.0000,1.2940,1.3020,62.0000,0.0190,0.0080,8.0000,1.3850,1.4260,63.0000
1789467543.6198,-0.0720,-0.0640,-13.0000,1.2940,1.2630,64.0000,0.0190,-0.0020,9.0000,1.3850,1.3910,65.0000
1789467543.6710,-0.0720,-0.0750,-12.0000,1.2940,1.2670,64.0000,0.0190,-0.0000,9.0000,1.3850,1.4200,63.0000
1789467543.7197,-0.0720,-0.1000,-11.0000,1.2940,1.2490,65.0000,0.0190,-0.0000,9.0000,1.3850,1.3680,66.0000
1789467543.7709,-0.0720,-0.0790,-12.0000,1.2940,1.2990,63.0000,0.0190,-0.0000,9.0000,1.3850,1.3490,67.0000
1789467543.8197,-0.0720,-0.0730,-12.0000,1.2940,1.3400,61.0000,0.0190,0.0350,8.0000,1.3850,1.3560,67.0000
1789467543.8709,-0.0720,-0.1070,-10.0000,1.2940,1.3390,60.0000,0.0190,0.0790,5.0000,1.3850,1.4080,64.0000
1789467543.9198,-0.0720,-0.0660,-12.0000,1.2940,1.2630,64.0000,0.0190,0.0250,8.0000,1.3850,1.3940,65.0000
1789467543.9708,-0.0720,-0.0540,-13.0000,1.2940,1.2740,64.0000,0.0190,0.0090,8.0000,1.3850,1.4240,63.0000
1789467544.0199,-0.0720,-0.0860,-11.0000,1.2940,1.2540,65.0000,0.0190,0.0140,8.0000,1.3850,1.3760,66.0000
1789467544.0707,-0.0720,-0.0800,-11.0000,1.2940,1.2420,66.0000,0.0190,0.0030,9.0000,1.3850,1.3610,66.0000
1789467544.1197,-0.0720,-0.0620,-12.0000,1.2940,1.3150,62.0000,0.0190,0.0030,9.0000,1.3850,1.3540,67.0000
1789467544.1708,-0.0720,-0.0630,-12.0000,1.2940,1.3320,62.0000,0.0190,0.0090,9.0000,1.3850,1.3860,65.0000
1789467544.2199,-0.0720,-0.0500,-13.0000,1.2940,1.2820,64.0000,0.0190,0.0080,9.0000,1.3850,1.3920,65.0000
1789467544.2707,-0.0720,-0.0680,-12.0000,1.2940,1.2310,67.0000,0.0190,0.0020,10.0000,1.3850,1.4250,63.0000
1789467544.3201,-0.0720,-0.0950,-11.0000,1.2940,1.2510,66.0000,0.0190,0.0000,10.0000,1.3850,1.3720,66.0000
1789467544.3708,-0.0720,-0.0770,-12.0000,1.2940,1.2560,67.0000,0.0190,0.0000,10.0000,1.3850,1.3490,67.0000
1789467544.4222,-0.0720,-0.0580,-13.0000,1.2940,1.3070,64.0000,0.0190,0.0050,10.0000,1.3850,1.3570,67.0000
1789467544.4707,-0.0720,-0.0890,-11.0000,1.2940,1.3800,60.0000,0.0190,0.0150,10.0000,1.3850,1.3780,66.0000
1789467544.5199,-0.0720,-0.0730,-12.0000,1.2940,1.3690,60.0000,0.0190,0.0640,7.0000,1.3850,1.4110,64.0000
1789467544.5707,-0.0720,-0.0210,-15.0000,1.2940,1.2540,66.0000,0.0190,0.0570,7.0000,1.3850,1.4330,63.0000
1789467544.6198,-0.0720,-0.0530,-13.0000,1.2940,1.2480,66.0000,0.0190,0.0170,9.0000,1.3850,1.4210,63.0000
1789467544.6708,-0.0720,-0.0970,-11.0000,1.2940,1.2490,66.0000,0.0190,0.0250,8.0000,1.3850,1.3360,68.0000
1789467544.7197,-0.0720,-0.0920,-11.0000,1.2940,1.2680,66.0000,0.0190,0.0090,9.0000,1.3850,1.3740,66.0000
1789467544.7708,-0.0720,-0.0780,-12.0000,1.2940,1.3520,61.0000,0.0190,0.0010,9.0000,1.3850,1.3670,67.0000
1789467544.8199,-0.0720,-0.0880,-11.0000,1.2940,1.3820,59.0000,0.0190,0.0020,10.0000,1.3850,1.3870,66.0000
1789467544.8709,-0.0720,-0.0210,-15.0000,1.2940,1.2900,64.0000,0.0190,0.0060,10.0000,1.3850,1.4390,63.0000
1789467544.9206,-0.0720,-0.0240,-15.0000,1.2940,1.2470,66.0000,0.0190,0.0020,10.0000,1.3850,1.4260,63.0000
1789467544.9706,-0.0720,-0.0440,-14.0000,1.2940,1.2250,68.0000,0.0190,0.0000,10.0000,1.3850,1.3650,66.0000
1789467545.0203,-0.0720,-0.0840,-12.0000,1.2940,1.2540,67.0000,0.0190,0.0000,10.0000,1.3850,1.3320,68.0000
1789467545.0722,-0.0720,-0.0690,-13.0000,1.2940,1.3320,63.0000,0.0190,0.0080,10.0000,1.3850,1.3810,66.0000
1789467545.1199,-0.0720,-0.0800,-13.0000,1.2940,1.3700,60.0000,0.0190,0.0390,9.0000,1.3850,1.3890,65.0000
1789467545.1713,-0.0720,-0.0750,-13.0000,1.2940,1.3660,60.0000,0.0190,0.0050,10.0000,1.3850,1.4280,63.0000
1789467545.2208,-0.0720,-0.0130,-17.0000,1.2940,1.2880,64.0000,0.0190,0.0050,11.0000,1.3850,1.4300,63.0000
1789467545.2711,-0.0720,-0.0140,-17.0000,1.2940,1.2390,66.0000,0.0190,0.0020,11.0000,1.3850,1.3830,65.0000
1789467545.3208,-0.0720,-0.0720,-14.0000,1.2940,1.2770,64.0000,0.0190,0.0010,11.0000,1.3850,1.3420,67.0000
1789467545.3712,-0.0720,-0.0590,-15.0000,1.2940,1.3120,63.0000,0.0190,0.0270,10.0000,1.3850,1.3460,67.0000
1789467545.4209,-0.0720,-0.0650,-15.0000,1.2940,1.3160,63.0000,0.0190,0.0610,8.0000,1.3850,1.4220,63.0000
1789467545.4714,-0.0720,-0.0540,-16.0000,1.2940,1.2990,63.0000,0.0190,0.0150,10.0000,1.3850,1.3950,65.0000
1789467545.5209,-0.0720,-0.0400,-17.0000,1.2940,1.2730,65.0000,0.0190,0.0240,10.0000,1.3850,1.4180,63.0000
1789467545.5709,-0.0720,-0.0340,-18.0000,1.2940,1.2360,67.0000,0.0190,0.0040,11.0000,1.3850,1.3240,69.0000
1789467545.6209,-0.0720,-0.0660,-16.0000,1.2940,1.2680,66.0000,0.0190,0.0130,10.0000,1.3850,1.3480,67.0000
1789467545.6709,-0.0720,-0.0470,-17.0000,1.2940,1.2970,64.0000,0.0190,0.0040,11.0000,1.3850,1.3860,66.0000
1789467545.7207,-0.0720,-0.0630,-17.0000,1.2940,1.3180,63.0000,0.0190,0.0160,10.0000,1.3850,1.3810,66.0000
1789467545.7712,-0.0720,-0.0520,-18.0000,1.2940,1.3330,62.0000,0.0190,0.0130,11.0000,1.3850,1.4080,65.0000
1789467545.8209,-0.0720,-0.0360,-19.0000,1.2940,1.2970,64.0000,0.0190,0.0190,10.0000,1.3850,1.4230,63.0000
1789467545.8713,-0.0720,-0.0270,-20.0000,1.2940,1.2610,66.0000,0.0190,0.0130,11.0000,1.3850,1.3450,68.0000
1789467545.9208,-0.0720,-0.0790,-17.0000,1.2940,1.2610,66.0000,0.0190,0.0030,11.0000,1.3850,1.3720,66.0000
1789467545.9711,-0.0720,-0.0900,-17.0000,1.2940,1.3010,64.0000,0.0190,0.0060,11.0000,1.3850,1.3460,68.0000
1789467546.0220,-0.0720,-0.0730,-17.0000,1.2940,1.2830,65.0000,0.0190,0.0060,11.0000,1.3850,1.4380,63.0000
1789467546.0712,-0.0720,-0.0990,-16.0000,1.2940,1.3200,63.0000,0.0190,0.0100,11.0000,1.3850,1.4190,64.0000
1789467546.1209,-0.0720,-0.0800,-17.0000,1.2940,1.3610,60.0000,0.0190,0.0280,10.0000,1.3850,1.4280,63.0000
1789467546.1712,-0.0720,-0.0350,-19.0000,1.2940,1.2880,64.0000,0.0190,0.0530,9.0000,1.3850,1.3470,67.0000
1789467546.2210,-0.0720,-0.0290,-20.0000,1.2940,1.2610,66.0000,0.0190,0.0230,10.0000,1.3850,1.3810,65.0000
1789467546.2709,-0.0720,-0.0910,-16.0000,1.2940,1.2580,66.0000,0.0190,0.0280,10.0000,1.3850,1.3490,67.0000
1789467546.3210,-0.0720,-0.1100,-15.0000,1.2940,1.2620,66.0000,0.0190,0.0040,11.0000,1.3850,1.3990,65.0000
1789467546.3716,-0.0720,-0.0780,-17.0000,1.2940,1.3110,64.0000,0.0190,0.0010,12.0000,1.3850,1.4110,64.0000
1789467546.4209,-0.0720,-0.0850,-16.0000,1.2940,1.3580,61.0000,0.0190,0.0070,11.0000,1.3850,1.4390,62.0000
1789467546.4713,-0.0720,-0.1060,-15.0000,1.2940,1.3630,60.0000,0.0190,0.0240,11.0000,1.3850,1.3510,67.0000
1789467546.5210,-0.0720,-0.0330,-19.0000,1.2940,1.2810,64.0000,0.0190,0.0310,10.0000,1.3850,1.3680,66.0000
1789467546.5716,-0.0720,-0.0540,-18.0000,1.2940,1.2950,63.0000,0.0190,0.0250,10.0000,1.3850,1.3970,64.0000
1789467546.6207,-0.0720,-0.1120,-15.0000,1.2940,1.2920,63.0000,0.0190,0.0530,9.0000,1.3850,1.3620,66.0000
1789467546.6720,-0.0720,-0.1110,-15.0000,1.2940,1.2550,65.0000,0.0190,0.0250,10.0000,1.3850,1.4190,63.0000
1789467546.7208,-0.0720,-0.0850,-16.0000,1.2940,1.3180,62.0000,0.0190,0.0120,11.0000,1.3850,1.4330,62.0000
1789467546.7711,-0.0720,-0.0570,-17.0000,1.2940,1.2670,65.0000,0.0190,0.0270,10.0000,1.3850,1.3400,67.0000
1789467546.8226,-0.0720,-0.0510,-18.0000,1.2940,1.2490,66.0000,0.0190,0.0060,11.0000,1.3850,1.3360,68.0000
1789467546.8709,-0.0720,-0.0700,-17.0000,1.2940,1.3050,63.0000,0.0190,0.0090,11.0000,1.3850,1.3350,68.0000
1789467546.9209,-0.0720,-0.1130,-14.0000,1.2940,1.3040,63.0000,0.0190,0.0150,10.0000,1.3850,1.3760,66.0000
1789467546.9708,-0.0720,-0.0870,-15.0000,1.2940,1.2860,64.0000,0.0190,0.0130,11.0000,1.3850,1.4040,65.0000
1789467547.0209,-0.0720,-0.1100,-14.0000,1.2940,1.3200,62.0000,0.0190,0.0120,11.0000,1.3850,1.4170,64.0000
1789467547.0710,-0.0720,-0.1070,-14.0000,1.2940,1.3400,61.0000,0.0190,0.0080,11.0000,1.3850,1.3620,67.0000
1789467547.1212,-0.0720,-0.0810,-15.0000,1.2940,1.3090,62.0000,0.0190,0.0360,10.0000,1.3850,1.3560,67.0000
1789467547.1709,-0.0720,-0.0480,-17.0000,1.2940,1.2880,63.0000,0.0190,0.0600,8.0000,1.3850,1.4130,64.0000
1789467547.2214,-0.0720,-0.0910,-14.0000,1.2940,1.3170,62.0000,0.0190,0.0280,10.0000,1.3850,1.3830,66.0000
1789467547.2713,-0.0720,-0.0730,-15.0000,1.2940,1.2810,63.0000,0.0190,0.0250,10.0000,1.3850,1.4100,64.0000
1789467547.3211,-0.0720,-0.0670,-16.0000,1.2940,1.2940,63.0000,0.0190,0.0200,10.0000,1.3850,1.4180,64.0000
1789467547.3713,-0.0720,-0.1010,-14.0000,1.2940,1.2880,63.0000,0.0190,0.0230,9.0000,1.3850,1.3540,67.0000
1789467547.4218,-0.0720,-0.0490,-17.0000,1.2940,1.2970,63.0000,0.0190,0.0170,10.0000,1.3850,1.3070,70.0000
1789467547.4711,-0.0720,-0.0580,-16.0000,1.2940,1.3090,62.0000,0.0190,0.0430,8.0000,1.3850,1.3850,66.0000
1789467547.5218,-0.0720,-0.0570,-16.0000,1.2940,1.3250,61.0000,0.0190,0.0750,6.0000,1.3850,1.4040,65.0000
1789467547.5712,-0.0720,-0.0780,-15.0000,1.2940,1.3130,61.0000,0.0190,0.0440,8.0000,1.3850,1.4130,64.0000
1789467547.6207,-0.0720,-0.0820,-15.0000,1.2940,1.2950,62.0000,0.0190,0.0180,9.0000,1.3850,1.4040,65.0000
1789467547.6711,-0.0720,-0.0840,-15.0000,1.2940,1.3120,61.0000,0.0190,0.0130,9.0000,1.3850,1.3940,65.0000
1789467547.7208,-0.0720,-0.0860,-15.0000,1.2940,1.2940,62.0000,0.0190,0.0260,8.0000,1.3850,1.3160,69.0000
1789467547.7710,-0.0720,-0.0660,-16.0000,1.2940,1.2850,62.0000,0.0190,0.0200,8.0000,1.3850,1.4060,64.0000
1789467547.8209,-0.0720,-0.0990,-13.0000,1.2940,1.3030,61.0000,0.0190,0.0360,7.0000,1.3850,1.3670,67.0000
1789467547.8709,-0.0720,-0.0910,-14.0000,1.2940,1.3000,61.0000,0.0190,0.0380,7.0000,1.3850,1.3940,66.0000
1789467547.9208,-0.0720,-0.0700,-15.0000,1.2940,1.2910,62.0000,0.0190,0.0620,5.0000,1.3850,1.3860,66.0000
1789467547.9709,-0.0720,-0.0830,-14.0000,1.2940,1.3150,61.0000,0.0190,0.0290,7.0000,1.3850,1.4090,65.0000
1789467548.0213,-0.0720,-0.0810,-14.0000,1.2940,1.2850,62.0000,0.0190,0.0480,6.0000,1.3850,1.3290,69.0000
1789467548.0711,-0.0720,-0.0730,-14.0000,1.2940,1.2990,61.0000,0.0190,0.0310,6.0000,1.3850,1.3870,66.0000
1789467548.1211,-0.0720,-0.0610,-15.0000,1.2940,1.2970,61.0000,0.0190,0.0290,6.0000,1.3850,1.3830,67.0000
1789467548.1710,-0.0720,-0.0890,-13.0000,1.2940,1.2960,61.0000,0.0190,0.0670,4.0000,1.3850,1.3840,67.0000
1789467548.2208,-0.0720,-0.0910,-13.0000,1.2940,1.3020,61.0000,0.0190,0.0240,6.0000,1.3850,1.3720,67.0000
1789467548.2709,-0.0720,-0.0680,-14.0000,1.2940,1.2920,62.0000,0.0190,0.0320,5.0000,1.3850,1.3950,66.0000
1789467548.3222,-0.0720,-0.0910,-13.0000,1.2940,1.3020,61.0000,0.0190,0.0200,6.0000,1.3850,1.3290,70.0000
1789467548.3709,-0.0720,-0.0880,-13.0000,1.2940,1.3170,60.0000,0.0190,0.0070,6.0000,1.3850,1.3780,67.0000
1789467548.4211,-0.0720,-0.0440,-15.0000,1.2940,1.2940,61.0000,0.0190,0.0040,7.0000,1.3850,1.4230,65.0000
1789467548.4709,-0.0720,-0.0240,-17.0000,1.2940,1.2910,61.0000,0.0190,0.0030,7.0000,1.3850,1.4490,63.0000
1789467548.5243,-0.0720,-0.0680,-14.0000,1.2940,1.2700,63.0000,0.0190,0.0010,7.0000,1.3850,1.3990,66.0000
1789467548.5729,-0.0720,-0.0850,-14.0000,1.2940,1.2880,62.0000,0.0190,0.0030,7.0000,1.3850,1.3420,69.0000
1789467548.6228,-0.0720,-0.0920,-13.0000,1.2940,1.2880,62.0000,0.0190,0.0400,5.0000,1.3850,1.3130,71.0000
1789467548.6729,-0.0720,-0.1000,-13.0000,1.2940,1.3390,59.0000,0.0190,0.0340,6.0000,1.3850,1.3600,68.0000
1789467548.7233,-0.0720,-0.0750,-14.0000,1.2940,1.3110,60.0000,0.0190,0.0610,3.0000,1.3850,1.3960,67.0000
1789467548.7730,-0.0720,-0.0450,-15.0000,1.2940,1.3090,60.0000,0.0190,0.0140,6.0000,1.3850,1.4300,65.0000
1789467548.8229,-0.0720,-0.0750,-14.0000,1.2940,1.2980,61.0000,0.0190,0.0110,6.0000,1.3850,1.4010,66.0000
1789467548.8729,-0.0720,-0.0780,-14.0000,1.2940,1.2690,62.0000,0.0190,0.0060,7.0000,1.3850,1.3560,69.0000
1789467548.9229,-0.0720,-0.0790,-13.0000,1.2940,1.2500,63.0000,0.0190,0.0170,7.0000,1.3850,1.3550,69.0000
1789467548.9727,-0.0720,-0.0790,-13.0000,1.2940,1.3050,61.0000,0.0190,0.0220,6.0000,1.3850,1.3580,69.0000
1789467549.0256,-0.0720,-0.0870,-13.0000,1.2940,1.3180,60.0000,0.0190,0.0040,7.0000,1.3850,1.4280,65.0000
1789467549.0731,-0.0720,-0.0340,-16.0000,1.2940,1.2540,64.0000,0.0190,0.0000,7.0000,1.3850,1.4170,66.0000
1789467549.1230,-0.0720,-0.0430,-16.0000,1.2940,1.2400,65.0000,0.0190,-0.0000,8.0000,1.3850,1.4420,64.0000
1789467549.1731,-0.0720,-0.0950,-13.0000,1.2940,1.2430,65.0000,0.0190,-0.0000,8.0000,1.3850,1.3810,67.0000
1789467549.2228,-0.0720,-0.0840,-13.0000,1.2940,1.2440,65.0000,0.0190,-0.0000,8.0000,1.3850,1.3670,67.0000
1789467549.2728,-0.0720,-0.0890,-13.0000,1.2940,1.2520,65.0000,0.0190,-0.0000,8.0000,1.3850,1.4100,65.0000
1789467549.3232,-0.0720,-0.0930,-12.0000,1.2940,1.3430,61.0000,0.0190,0.0050,8.0000,1.3850,1.3800,66.0000
1789467549.3729,-0.0720,-0.1030,-12.0000,1.2940,1.3510,60.0000,0.0190,0.0320,7.0000,1.3850,1.4060,65.0000
1789467549.4230,-0.0720,-0.0250,-16.0000,1.2940,1.2680,64.0000,0.0190,0.0030,9.0000,1.3850,1.4370,63.0000
1789467549.4730,-0.0720,-0.0640,-14.0000,1.2940,1.2690,64.0000,0.0190,0.0000,9.0000,1.3850,1.3840,66.0000
1789467549.5232,-0.0720,-0.0780,-13.0000,1.2940,1.2470,66.0000,0.0190,0.0000,9.0000,1.3850,1.3320,68.0000
1789467549.5731,-0.0720,-0.0810,-13.0000,1.2940,1.2570,66.0000,0.0190,0.0000,9.0000,1.3850,1.3580,67.0000
1789467549.6229,-0.0720,-0.0910,-12.0000,1.2940,1.3370,61.0000,0.0190,0.0240,8.0000,1.3850,1.4230,64.0000
1789467549.6729,-0.0720,-0.0830,-13.0000,1.2940,1.3370,61.0000,0.0190,0.0360,7.0000,1.3850,1.4070,65.0000
1789467549.7228,-0.0720,-0.0620,-14.0000,1.2940,1.3270,62.0000,0.0190,0.0590,6.0000,1.3850,1.4230,64.0000
1789467549.7729,-0.0720,-0.0070,-17.0000,1.2940,1.2680,65.0000,0.0190,0.0160,8.0000,1.3850,1.3880,65.0000
1789467549.8231,-0.0720,-0.0650,-14.0000,1.2940,1.2810,64.0000,0.0190,0.0390,7.0000,1.3850,1.3100,70.0000
1789467549.8731,-0.0720,-0.0910,-13.0000,1.2940,1.2700,65.0000,0.0190,0.0590,5.0000,1.3850,1.3290,69.0000
1789467549.9230,-0.0720,-0.0920,-13.0000,1.2940,1.3190,62.0000,0.0190,0.0200,7.0000,1.3850,1.4210,64.0000
1789467549.9732,-0.0720,-0.0710,-14.0000,1.2940,1.3340,61.0000,0.0190,0.0080,8.0000,1.3850,1.4270,64.0000
1789467550.0230,-0.0720,-0.1060,-12.0000,1.2940,1.3570,59.0000,0.0190,0.0250,7.0000,1.3850,1.4410,63.0000
1789467550.0729,-0.0720,-0.0450,-15.0000,1.2940,1.3120,61.0000,0.0190,0.0640,4.0000,1.3850,1.4020,65.0000
1789467550.1231,-0.0720,-0.0140,-17.0000,1.2940,1.2600,64.0000,0.0190,0.0100,7.0000,1.3850,1.3220,69.0000
1789467550.1729,-0.0720,-0.0540,-15.0000,1.2940,1.2750,63.0000,0.0190,0.0350,6.0000,1.3850,1.3360,68.0000
1789467550.2230,-0.0720,-0.0900,-13.0000,1.2940,1.3000,62.0000,0.0190,0.0520,5.0000,1.3850,1.3820,66.0000
1789467550.2745,-0.0720,-0.0760,-14.0000,1.2940,1.2950,62.0000,0.0190,0.0100,7.0000,1.3850,1.4180,64.0000
1789467550.3241,-0.0720,-0.0430,-16.0000,1.2940,1.2940,62.0000,0.0190,0.0010,7.0000,1.3850,1.4440,63.0000
1789467550.3738,-0.0720,-0.0290,-17.0000,1.2940,1.2770,63.0000,0.0190,0.0000,7.0000,1.3850,1.4300,63.0000
1789467550.4242,-0.0720,-0.1080,-13.0000,1.2940,1.2650,64.0000,0.0190,0.0070,7.0000,1.3850,1.3300,68.0000
1789467550.4738,-0.0720,-0.1060,-13.0000,1.2940,1.3060,62.0000,0.0190,0.0110,7.0000,1.3850,1.3400,68.0000
1789467550.5241,-0.0720,-0.1200,-12.0000,1.2940,1.2970,63.0000,0.0190,0.0240,6.0000,1.3850,1.3820,66.0000
1789467550.5751,-0.0720,-0.0790,-14.0000,1.2940,1.2960,63.0000,0.0190,0.0780,3.0000,1.3850,1.4070,64.0000
1789467550.6239,-0.0720,-0.0500,-15.0000,1.2940,1.3250,61.0000,0.0190,0.0450,5.0000,1.3850,1.4030,64.0000
1789467550.6741,-0.0720,-0.0660,-14.0000,1.2940,1.3040,62.0000,0.0190,0.0470,4.0000,1.3850,1.4360,62.0000
1789467550.7238,-0.0720,-0.0180,-17.0000,1.2940,1.2530,65.0000,0.0190,0.0080,6.0000,1.3850,1.3450,67.0000
1789467550.7741,-0.0720,-0.0940,-13.0000,1.2940,1.2560,65.0000,0.0190,0.0150,6.0000,1.3850,1.3780,65.0000
1789467550.8241,-0.0720,-0.1150,-12.0000,1.2940,1.2990,63.0000,0.0190,0.0360,5.0000,1.3850,1.3600,67.0000
1789467550.8767,-0.0720,-0.0950,-13.0000,1.2940,1.2790,64.0000,0.0190,0.0520,4.0000,1.3850,1.4050,64.0000
1789467550.9240,-0.0720,-0.0720,-14.0000,1.2940,1.3230,61.0000,0.0190,0.0540,3.0000,1.3850,1.4180,63.0000
1789467550.9739,-0.0720,-0.1060,-12.0000,1.2940,1.3610,59.0000,0.0190,0.0580,2.0000,1.3850,1.4350,62.0000
1789467551.0239,-0.0720,-0.0340,-16.0000,1.2940,1.2440,65.0000,0.0190,0.0540,2.0000,1.3850,1.3980,64.0000
1789467551.0743,-0.0720,-0.0310,-16.0000,1.2940,1.2350,66.0000,0.0190,0.0070,5.0000,1.3850,1.3740,65.0000
1789467551.1240,-0.0720,-0.1080,-12.0000,1.2940,1.2240,67.0000,0.0190,0.0490,2.0000,1.3850,1.3400,67.0000
1789467551.1770,-0.0720,-0.1110,-12.0000,1.2940,1.2680,65.0000,0.0190,0.1140,-2.0000,1.3850,1.3890,64.0000
1789467551.2239,-0.0720,-0.0800,-13.0000,1.2940,1.2850,65.0000,0.0190,0.0990,-2.0000,1.3850,1.3720,65.0000
1789467551.2755,-0.0720,-0.0990,-12.0000,1.2940,1.3490,61.0000,0.0190,0.1310,-5.0000,1.3850,1.4040,63.0000
1789467551.3239,-0.0720,-0.0920,-12.0000,1.2940,1.3740,60.0000,0.0190,0.0710,-3.0000,1.3850,1.4120,63.0000
1789467551.3741,-0.0720,-0.0930,-11.0000,1.2940,1.3160,62.0000,0.0190,0.1270,-7.0000,1.3850,1.4120,63.0000
1789467551.4241,-0.0720,-0.0540,-13.0000,1.2940,1.2620,65.0000,0.0190,0.0230,-2.0000,1.3850,1.3630,65.0000
1789467551.4740,-0.0720,-0.0790,-12.0000,1.2940,1.2770,64.0000,0.0190,0.0120,-2.0000,1.3850,1.3600,66.0000
1789467551.5240,-0.0720,-0.0970,-11.0000,1.2940,1.2670,65.0000,0.0190,0.0210,-2.0000,1.3850,1.3760,65.0000
1789467551.5740,-0.0720,-0.0810,-12.0000,1.2940,1.3190,62.0000,0.0190,0.0220,-2.0000,1.3850,1.4090,63.0000
1789467551.6241,-0.0720,-0.0570,-13.0000,1.2940,1.2760,65.0000,0.0190,0.1000,-7.0000,1.3850,1.3790,65.0000
1789467551.6742,-0.0720,-0.0420,-14.0000,1.2940,1.2730,65.0000,0.0190,0.0320,-3.0000,1.3850,1.3880,64.0000
1789467551.7240,-0.0720,-0.0410,-14.0000,1.2940,1.2610,66.0000,0.0190,0.0310,-4.0000,1.3850,1.3720,65.0000
1789467551.7742,-0.0720,-0.0810,-12.0000,1.2940,1.2760,65.0000,0.0190,0.0330,-4.0000,1.3850,1.3880,64.0000
1789467551.8241,-0.0720,-0.0630,-14.0000,1.2940,1.2880,65.0000,0.0190,0.0050,-3.0000,1.3850,1.4060,63.0000
1789467551.8741,-0.0720,-0.0980,-12.0000,1.2940,1.3010,64.0000,0.0190,0.0120,-3.0000,1.3850,1.4090,63.0000
1789467551.9240,-0.0720,-0.0860,-12.0000,1.2940,1.3290,63.0000,0.0190,0.0520,-5.0000,1.3850,1.4010,63.0000
1789467551.9744,-0.0720,-0.0650,-13.0000,1.2940,1.3140,63.0000,0.0190,0.0770,-7.0000,1.3850,1.4070,63.0000
1789467552.0240,-0.0720,-0.0800,-12.0000,1.2940,1.2820,65.0000,0.0190,0.0690,-7.0000,1.3850,1.4100,62.0000
1789467552.0743,-0.0720,-0.0830,-12.0000,1.2940,1.2980,64.0000,0.0190,0.0120,-4.0000,1.3850,1.4010,63.0000
1789467552.1241,-0.0720,-0.0790,-12.0000,1.2940,1.2820,65.0000,0.0190,0.0030,-4.0000,1.3850,1.3560,65.0000
1789467552.1742,-0.0720,-0.0810,-12.0000,1.2940,1.2810,65.0000,0.0190,0.0050,-4.0000,1.3850,1.4010,63.0000
1789467552.2241,-0.0720,-0.0750,-12.0000,1.2940,1.3370,62.0000,0.0190,0.0050,-4.0000,1.3850,1.4130,62.0000
1789467552.2740,-0.0720,-0.0950,-11.0000,1.2940,1.3250,62.0000,0.0190,0.0240,-5.0000,1.3850,1.3990,62.0000
1789467552.3241,-0.0720,-0.0790,-12.0000,1.2940,1.3210,62.0000,0.0190,0.0380,-6.0000,1.3850,1.4200,61.0000
1789467552.3741,-0.0720,-0.0360,-14.0000,1.2940,1.2570,66.0000,0.0190,0.0620,-7.0000,1.3850,1.3870,63.0000
1789467552.4241,-0.0720,-0.0670,-12.0000,1.2940,1.2770,65.0000,0.0190,0.0550,-7.0000,1.3850,1.4070,61.0000
1789467552.4739,-0.0720,-0.0870,-11.0000,1.2940,1.2960,64.0000,0.0190,0.0280,-6.0000,1.3850,1.3480,64.0000
1789467552.5257,-0.0720,-0.0860,-11.0000,1.2940,1.3200,62.0000,0.0190,0.0110,-5.0000,1.3850,1.3620,64.0000
1789467552.5741,-0.0720,-0.0990,-10.0000,1.2940,1.3270,62.0000,0.0190,0.0010,-5.0000,1.3850,1.3490,65.0000
1789467552.6239,-0.0720,-0.0820,-11.0000,1.2940,1.3150,62.0000,0.0190,0.0100,-5.0000,1.3850,1.4140,61.0000
1789467552.6740,-0.0720,-0.0560,-13.0000,1.2940,1.2690,65.0000,0.0190,0.0010,-4.0000,1.3850,1.3830,63.0000
1789467552.7240,-0.0720,-0.0920,-10.0000,1.2940,1.2790,64.0000,0.0190,0.0010,-4.0000,1.3850,1.4110,61.0000
1789467552.7742,-0.0720,-0.0820,-11.0000,1.2940,1.2810,64.0000,0.0190,0.0180,-5.0000,1.3850,1.3780,63.0000
1789467552.8243,-0.0720,-0.0620,-12.0000,1.2940,1.2990,63.0000,0.0190,0.0270,-5.0000,1.3850,1.4130,61.0000
1789467552.8741,-0.0720,-0.0990,-10.0000,1.2940,1.3200,62.0000,0.0190,0.0450,-6.0000,1.3850,1.3410,65.0000
1789467552.9241,-0.0720,-0.0910,-10.0000,1.2940,1.2980,63.0000,0.0190,0.0290,-6.0000,1.3850,1.4160,61.0000
1789467552.9740,-0.0720,-0.0780,-11.0000,1.2940,1.3010,63.0000,0.0190,0.0130,-5.0000,1.3850,1.3490,65.0000
1789467553.0242,-0.0720,-0.0800,-11.0000,1.2940,1.2700,65.0000,0.0190,0.0040,-5.0000,1.3850,1.3990,62.0000
1789467553.0742,-0.0720,-0.0810,-10.0000,1.2940,1.2960,63.0000,0.0190,0.0090,-5.0000,1.3850,1.3660,64.0000
1789467553.1244,-0.0720,-0.0770,-10.0000,1.2940,1.2850,64.0000,0.0190,0.0130,-5.0000,1.3850,1.4030,62.0000
1789467553.1749,-0.0720,-0.0820,-10.0000,1.2940,1.3120,62.0000,0.0190,0.0080,-4.0000,1.3850,1.3410,65.0000
1789467553.2241,-0.0720,-0.0660,-11.0000,1.2940,1.3380,61.0000,0.0190,0.0220,-5.0000,1.3850,1.4040,62.0000
1789467553.2747,-0.0720,-0.0820,-10.0000,1.2940,1.2890,63.0000,0.0190,0.0060,-4.0000,1.3850,1.3970,62.0000
1789467553.3240,-0.0720,-0.0650,-11.0000,1.2940,1.2510,65.0000,0.0190,0.0030,-4.0000,1.3850,1.4170,61.0000
1789467553.3742,-0.0720,-0.0390,-12.0000,1.2940,1.2680,65.0000,0.0190,0.0020,-4.0000,1.3850,1.3940,62.0000
1789467553.4242,-0.0720,-0.0460,-12.0000,1.2940,1.2720,65.0000,0.0190,0.0240,-5.0000,1.3850,1.3640,64.0000
1789467553.4741,-0.0720,-0.0780,-11.0000,1.2940,1.2730,65.0000,0.0190,0.0020,-3.0000,1.3850,1.3490,65.0000
1789467553.5241,-0.0720,-0.0650,-11.0000,1.2940,1.3430,61.0000,0.0190,-0.0010,-3.0000,1.3850,1.4170,61.0000
1789467553.5743,-0.0720,-0.0610,-12.0000,1.2940,1.3580,60.0000,0.0190,-0.0140,-2.0000,1.3850,1.4050,62.0000
1789467553.6240,-0.0720,-0.0030,-15.0000,1.2940,1.3180,62.0000,0.0190,0.0100,-3.0000,1.3850,1.4150,61.0000
1789467553.6742,-0.0720,-0.0590,-12.0000,1.2940,1.2980,62.0000,0.0190,0.0040,-2.0000,1.3850,1.3750,63.0000
1789467553.7240,-0.0720,-0.0740,-12.0000,1.2940,1.2960,62.0000,0.0190,0.0010,-2.0000,1.3850,1.2970,68.0000
1789467553.7749,-0.0720,-0.0750,-12.0000,1.2940,1.2850,63.0000,0.0190,0.0000,-2.0000,1.3850,1.2720,70.0000
1789467553.8241,-0.0720,-0.0530,-13.0000,1.2940,1.3160,61.0000,0.0190,0.0000,-2.0000,1.3850,1.3580,66.0000
1789467553.8758,-0.0720,-0.0860,-12.0000,1.2940,1.3110,61.0000,0.0190,0.0000,-1.0000,1.3850,1.3750,65.0000
1789467553.9239,-0.0720,-0.0870,-11.0000,1.2940,1.2800,63.0000,0.0190,0.0000,-1.0000,1.3850,1.4230,63.0000
1789467553.9741,-0.0720,-0.0180,-15.0000,1.2940,1.2900,63.0000,0.0190,-0.0030,-1.0000,1.3850,1.4240,63.0000
1789467554.0240,-0.0720,-0.0490,-14.0000,1.2940,1.2640,64.0000,0.0190,0.0060,-1.0000,1.3850,1.4230,62.0000
1789467554.0744,-0.0720,-0.1010,-11.0000,1.2940,1.2760,64.0000,0.0190,0.0040,-1.0000,1.3850,1.3140,68.0000
1789467554.1241,-0.0720,-0.0790,-12.0000,1.2940,1.2800,64.0000,0.0190,0.0000,0.0000,1.3850,1.3570,66.0000
1789467554.1745,-0.0720,-0.1120,-10.0000,1.2940,1.3460,60.0000,0.0190,0.0010,0.0000,1.3850,1.3880,65.0000
1789467554.2241,-0.0720,-0.0940,-11.0000,1.2940,1.3460,60.0000,0.0190,0.0000,0.0000,1.3850,1.3820,65.0000
1789467554.2740,-0.0720,-0.0670,-12.0000,1.2940,1.2680,64.0000,0.0190,0.0000,0.0000,1.3850,1.4220,63.0000
1789467554.3241,-0.0720,-0.0360,-14.0000,1.2940,1.2630,64.0000,0.0190,0.0000,1.0000,1.3850,1.4030,64.0000
1789467554.3741,-0.0720,-0.0510,-13.0000,1.2940,1.2530,65.0000,0.0190,0.0000,1.0000,1.3850,1.3400,67.0000
1789467554.4241,-0.0720,-0.0730,-12.0000,1.2940,1.2640,65.0000,0.0190,0.0000,1.0000,1.3850,1.3950,64.0000
1789467554.4758,-0.0720,-0.1020,-11.0000,1.2940,1.2940,63.0000,0.0190,0.0000,1.0000,1.3850,1.4050,64.0000
1789467554.5244,-0.0720,-0.0900,-11.0000,1.2940,1.3370,61.0000,0.0190,0.0000,2.0000,1.3850,1.4030,64.0000
1789467554.5740,-0.0720,-0.0630,-13.0000,1.2940,1.3470,60.0000,0.0190,0.0000,2.0000,1.3850,1.4260,62.0000
1789467554.6241,-0.0720,-0.0960,-11.0000,1.2940,1.3090,61.0000,0.0190,0.0000,2.0000,1.3850,1.3850,64.0000
1789467554.6740,-0.0720,-0.0910,-11.0000,1.2940,1.2810,63.0000,0.0190,0.0380,0.0000,1.3850,1.3620,65.0000
1789467554.7240,-0.0720,-0.0540,-13.0000,1.2940,1.2590,64.0000,0.0190,0.1360,-6.0000,1.3850,1.3350,67.0000
1789467554.7756,-0.0720,-0.0820,-11.0000,1.2940,1.2690,64.0000,0.0190,0.0560,-2.0000,1.3850,1.4050,63.0000
1789467554.8240,-0.0720,-0.0640,-12.0000,1.2940,1.3220,61.0000,0.0190,0.0050,0.0000,1.3850,1.4030,63.0000
1789467554.8751,-0.0720,-0.0460,-13.0000,1.2940,1.3480,59.0000,0.0190,0.0800,-5.0000,1.3850,1.4340,61.0000
1789467554.9241,-0.0720,-0.0100,-16.0000,1.2940,1.3440,59.0000,0.0190,0.1290,-8.0000,1.3850,1.3990,63.0000
1789467554.9740,-0.0720,-0.0140,-16.0000,1.2940,1.2030,67.0000,0.0190,0.0160,-2.0000,1.3850,1.4200,62.0000
1789467555.0242,-0.0720,-0.1070,-11.0000,1.2940,1.2840,62.0000,0.0190,0.1070,-8.0000,1.3850,1.3110,68.0000
1789467555.0749,-0.0720,-0.0990,-12.0000,1.2940,1.3290,60.0000,0.0190,0.1210,-9.0000,1.3850,1.3110,68.0000
1789467555.1245,-0.0720,-0.0530,-14.0000,1.2940,1.3010,62.0000,0.0190,0.1110,-10.0000,1.3850,1.3890,64.0000
1789467555.1741,-0.0720,-0.0490,-15.0000,1.2940,1.3190,61.0000,0.0190,0.0580,-8.0000,1.3850,1.4300,62.0000
1789467555.2245,-0.0720,-0.0160,-17.0000,1.2940,1.2800,63.0000,0.0190,0.0290,-7.0000,1.3850,1.3730,65.0000
1789467555.2742,-0.0720,-0.0670,-14.0000,1.2940,1.2820,63.0000,0.0190,0.0090,-6.0000,1.3850,1.3660,66.0000
1789467555.3248,-0.0720,-0.0670,-14.0000,1.2940,1.2840,62.0000,0.0190,0.0030,-6.0000,1.3850,1.3500,67.0000
1789467555.3741,-0.0720,-0.0840,-14.0000,1.2940,1.2950,62.0000,0.0190,0.0100,-6.0000,1.3850,1.3990,64.0000
1789467555.4247,-0.0720,-0.0810,-14.0000,1.2940,1.2930,62.0000,0.0190,0.0050,-5.0000,1.3850,1.3980,64.0000
1789467555.4741,-0.0720,-0.0740,-14.0000,1.2940,1.3160,61.0000,0.0190,0.0000,-5.0000,1.3850,1.4050,64.0000
1789467555.5242,-0.0720,-0.0740,-14.0000,1.2940,1.3190,60.0000,0.0190,0.0000,-5.0000,1.3850,1.3910,64.0000
1789467555.5742,-0.0720,-0.0300,-16.0000,1.2940,1.2410,65.0000,0.0190,0.0000,-5.0000,1.3850,1.3590,66.0000
1789467555.6242,-0.0720,-0.0650,-15.0000,1.2940,1.2590,64.0000,0.0190,0.0000,-4.0000,1.3850,1.3600,66.0000
1789467555.6740,-0.0720,-0.1190,-12.0000,1.2940,1.2870,63.0000,0.0190,0.0010,-4.0000,1.3850,1.3840,65.0000
1789467555.7247,-0.0720,-0.0960,-13.0000,1.2940,1.2630,65.0000,0.0190,0.0000,-4.0000,1.3850,1.3830,65.0000
1789467555.7742,-0.0720,-0.0470,-15.0000,1.2940,1.2890,63.0000,0.0190,-0.0010,-4.0000,1.3850,1.4270,63.0000
1789467555.8251,-0.0720,-0.0890,-13.0000,1.2940,1.3450,60.0000,0.0190,0.0030,-4.0000,1.3850,1.4170,63.0000
1789467555.8741,-0.0720,-0.0410,-16.0000,1.2940,1.2690,64.0000,0.0190,0.0020,-3.0000,1.3850,1.3840,64.0000
1789467555.9241,-0.0720,-0.0460,-16.0000,1.2940,1.2550,65.0000,0.0190,0.0000,-3.0000,1.3850,1.3680,65.0000
1789467555.9743,-0.0720,-0.0790,-14.0000,1.2940,1.2810,64.0000,0.0190,0.0000,-3.0000,1.3850,1.3470,67.0000
1789467556.0242,-0.0720,-0.1170,-12.0000,1.2940,1.2550,66.0000,0.0190,0.0000,-2.0000,1.3850,1.3960,64.0000
1789467556.0743,-0.0720,-0.0980,-12.0000,1.2940,1.2950,64.0000,0.0190,0.0000,-2.0000,1.3850,1.4120,63.0000
1789467556.1261,-0.0720,-0.0810,-13.0000,1.2940,1.3090,63.0000,0.0190,0.0000,-2.0000,1.3850,1.4180,63.0000
1789467556.1742,-0.0720,-0.0930,-12.0000,1.2940,1.3600,60.0000,0.0190,0.0060,-2.0000,1.3850,1.3830,64.0000
1789467556.2242,-0.0720,-0.1000,-11.0000,1.2940,1.2720,64.0000,0.0190,0.0000,-2.0000,1.3850,1.3810,64.0000
1789467556.2742,-0.0720,-0.0370,-15.0000,1.2940,1.2760,64.0000,0.0190,0.0000,-1.0000,1.3850,1.4050,63.0000
1789467556.3241,-0.0720,-0.0960,-12.0000,1.2940,1.2850,64.0000,0.0190,0.0000,-1.0000,1.3850,1.3850,64.0000
1789467556.3742,-0.0720,-0.1070,-11.0000,1.2940,1.2640,65.0000,0.0190,0.0000,-1.0000,1.3850,1.3820,64.0000
1789467556.4242,-0.0720,-0.0880,-12.0000,1.2940,1.3090,63.0000,0.0190,0.0000,-1.0000,1.3850,1.4040,63.0000
1789467556.4745,-0.0720,-0.0670,-13.0000,1.2940,1.3030,63.0000,0.0190,0.0000,0.0000,1.3850,1.3180,68.0000
1789467556.5256,-0.0720,-0.0890,-11.0000,1.2940,1.2900,64.0000,0.0190,0.0000,0.0000,1.3850,1.3760,65.0000
1789467556.5753,-0.0720,-0.0660,-13.0000,1.2940,1.2620,65.0000,0.0190,0.0000,0.0000,1.3850,1.3820,65.0000
1789467556.6249,-0.0720,-0.0620,-13.0000,1.2940,1.2730,65.0000,0.0190,-0.0000,0.0000,1.3850,1.4110,63.0000
1789467556.6751,-0.0720,-0.0850,-12.0000,1.2940,1.2750,65.0000,0.0190,-0.0000,1.0000,1.3850,1.4010,63.0000
1789467556.7250,-0.0720,-0.0940,-11.0000,1.2940,1.2940,64.0000,0.0190,0.0030,1.0000,1.3850,1.4230,62.0000
1789467556.7753,-0.0720,-0.0860,-11.0000,1.2940,1.3250,63.0000,0.0190,0.0000,1.0000,1.3850,1.3540,66.0000
1789467556.8252,-0.0720,-0.0950,-11.0000,1.2940,1.3300,62.0000,0.0190,0.0000,1.0000,1.3850,1.3920,63.0000
1789467556.8754,-0.0720,-0.0720,-12.0000,1.2940,1.2680,65.0000,0.0190,0.0000,1.0000,1.3850,1.3950,63.0000
1789467556.9251,-0.0720,-0.0990,-10.0000,1.2940,1.2760,65.0000,0.0190,0.0000,2.0000,1.3850,1.4190,62.0000
1789467556.9751,-0.0720,-0.0840,-11.0000,1.2940,1.2700,65.0000,0.0190,0.0000,2.0000,1.3850,1.3910,63.0000
1789467557.0252,-0.0720,-0.0530,-12.0000,1.2940,1.2890,64.0000,0.0190,0.0000,2.0000,1.3850,1.4080,62.0000
1789467557.0753,-0.0720,-0.0900,-10.0000,1.2940,1.2870,65.0000,0.0190,0.0000,2.0000,1.3850,1.3790,63.0000
1789467557.1252,-0.0720,-0.0800,-11.0000,1.2940,1.3420,61.0000,0.0190,0.0000,3.0000,1.3850,1.3920,63.0000
1789467557.1766,-0.0720,-0.0630,-12.0000,1.2940,1.2910,64.0000,0.0190,0.0000,3.0000,1.3850,1.3850,63.0000
1789467557.2266,-0.0720,-0.0850,-10.0000,1.2940,1.2610,66.0000,0.0190,0.0000,3.0000,1.3850,1.4050,62.0000
1789467557.2762,-0.0720,-0.0570,-12.0000,1.2940,1.2710,65.0000,0.0190,0.0000,3.0000,1.3850,1.3900,63.0000
1789467557.3261,-0.0720,-0.0540,-12.0000,1.2940,1.3080,63.0000,0.0190,0.0000,4.0000,1.3850,1.3970,62.0000
1789467557.3763,-0.0720,-0.0750,-11.0000,1.2940,1.2780,65.0000,0.0190,0.0000,4.0000,1.3850,1.3860,63.0000
1789467557.4261,-0.0720,-0.0640,-12.0000,1.2940,1.3170,63.0000,0.0190,0.0020,4.0000,1.3850,1.3820,63.0000
1789467557.4762,-0.0720,-0.0790,-11.0000,1.2940,1.3130,63.0000,0.0190,0.0000,4.0000,1.3850,1.3590,64.0000
1789467557.5262,-0.0720,-0.0510,-13.0000,1.2940,1.2880,65.0000,0.0190,0.0000,5.0000,1.3850,1.4010,62.0000
1789467557.5776,-0.0720,-0.0780,-11.0000,1.2940,1.2740,65.0000,0.0190,0.0000,5.0000,1.3850,1.3980,62.0000
1789467557.6261,-0.0720,-0.0650,-12.0000,1.2940,1.2800,65.0000,0.0190,0.0060,5.0000,1.3850,1.3950,62.0000
1789467557.6761,-0.0720,-0.0280,-14.0000,1.2940,1.2650,66.0000,0.0190,0.0480,2.0000,1.3850,1.3910,62.0000
1789467557.7261,-0.0720,-0.0440,-14.0000,1.2940,1.2790,66.0000,0.0190,0.1040,-1.0000,1.3850,1.3060,67.0000
1789467557.7764,-0.0720,-0.0990,-11.0000,1.2940,1.3350,63.0000,0.0190,0.0890,-1.0000,1.3850,1.3550,65.0000
1789467557.8262,-0.0720,-0.0840,-12.0000,1.2940,1.3090,64.0000,0.0190,0.1140,-3.0000,1.3850,1.3780,64.0000
1789467557.8766,-0.0720,-0.0080,-16.0000,1.2940,1.2820,65.0000,0.0190,0.0280,1.0000,1.3850,1.4080,62.0000
1789467557.9261,-0.0720,-0.0250,-15.0000,1.2940,1.3100,64.0000,0.0190,0.0070,1.0000,1.3850,1.3980,63.0000
1789467557.9762,-0.0720,-0.0780,-13.0000,1.2940,1.2930,65.0000,0.0190,0.0120,1.0000,1.3850,1.3460,66.0000
1789467558.0261,-0.0720,-0.0650,-14.0000,1.2940,1.2680,66.0000,0.0190,0.0010,2.0000,1.3850,1.3130,68.0000
1789467558.0762,-0.0720,-0.0790,-13.0000,1.2940,1.3310,62.0000,0.0190,0.0000,2.0000,1.3850,1.3590,66.0000
1789467558.1262,-0.0720,-0.1080,-11.0000,1.2940,1.3220,63.0000,0.0190,0.0000,2.0000,1.3850,1.3950,64.0000
1789467558.1763,-0.0720,-0.0370,-15.0000,1.2940,1.2700,65.0000,0.0190,0.0000,2.0000,1.3850,1.4130,63.0000
1789467558.2263,-0.0720,-0.0200,-16.0000,1.2940,1.2820,65.0000,0.0190,-0.0020,3.0000,1.3850,1.3940,64.0000
1789467558.2762,-0.0720,-0.0530,-15.0000,1.2940,1.2980,64.0000,0.0190,0.0020,3.0000,1.3850,1.3450,67.0000
1789467558.3263,-0.0720,-0.0730,-14.0000,1.2940,1.2780,65.0000,0.0190,0.0000,3.0000,1.3850,1.3080,69.0000
1789467558.3761,-0.0720,-0.0540,-15.0000,1.2940,1.3050,64.0000,0.0190,0.0000,3.0000,1.3850,1.3860,65.0000
1789467558.4263,-0.0720,-0.1000,-13.0000,1.2940,1.3190,63.0000,0.0190,0.0000,3.0000,1.3850,1.3890,66.0000
1789467558.4762,-0.0720,-0.0630,-15.0000,1.2940,1.3220,62.0000,0.0190,0.0000,4.0000,1.3850,1.4250,63.0000
1789467558.5263,-0.0720,-0.0200,-17.0000,1.2940,1.2780,65.0000,0.0190,-0.0020,4.0000,1.3850,1.4060,64.0000
1789467558.5760,-0.0720,-0.0420,-17.0000,1.2940,1.3060,63.0000,0.0190,0.0030,4.0000,1.3850,1.3760,66.0000
1789467558.6261,-0.0720,-0.1040,-13.0000,1.2940,1.2650,65.0000,0.0190,0.0000,4.0000,1.3850,1.3040,70.0000
1789467558.6762,-0.0720,-0.0790,-15.0000,1.2940,1.2980,64.0000,0.0190,0.0000,5.0000,1.3850,1.3890,65.0000
1789467558.7261,-0.0720,-0.0760,-15.0000,1.2940,1.3010,64.0000,0.0190,0.0030,5.0000,1.3850,1.3850,66.0000
1789467558.7760,-0.0720,-0.0660,-15.0000,1.2940,1.3160,63.0000,0.0190,0.0020,5.0000,1.3850,1.4240,64.0000
1789467558.8263,-0.0720,-0.0220,-18.0000,1.2940,1.2660,65.0000,0.0190,0.0000,5.0000,1.3850,1.3950,65.0000
1789467558.8763,-0.0720,-0.0620,-16.0000,1.2940,1.2820,65.0000,0.0190,0.0000,5.0000,1.3850,1.4020,65.0000
1789467558.9262,-0.0720,-0.0930,-14.0000,1.2940,1.2850,64.0000,0.0190,0.0040,5.0000,1.3850,1.3210,69.0000
1789467558.9762,-0.0720,-0.0810,-15.0000,1.2940,1.2820,65.0000,0.0190,0.0040,6.0000,1.3850,1.3850,66.0000
1789467559.0263,-0.0720,-0.1310,-12.0000,1.2940,1.3200,63.0000,0.0190,0.0140,5.0000,1.3850,1.4020,65.0000
1789467559.0760,-0.0720,-0.1000,-13.0000,1.2940,1.3530,60.0000,0.0190,0.0310,4.0000,1.3850,1.4230,64.0000
1789467559.1263,-0.0720,-0.0370,-16.0000,1.2940,1.3120,62.0000,0.0190,0.0490,3.0000,1.3850,1.4120,64.0000
1789467559.1785,-0.0720,-0.0080,-18.0000,1.2940,1.2980,63.0000,0.0190,0.0040,6.0000,1.3850,1.3880,65.0000
1789467559.2261,-0.0720,-0.0540,-16.0000,1.2940,1.2710,64.0000,0.0190,0.0130,5.0000,1.3850,1.2890,71.0000
1789467559.2762,-0.0720,-0.0690,-16.0000,1.2940,1.2880,63.0000,0.0190,0.0190,5.0000,1.3850,1.3660,67.0000
1789467559.3261,-0.0720,-0.0960,-14.0000,1.2940,1.3010,63.0000,0.0190,0.0280,4.0000,1.3850,1.3920,66.0000
1789467559.3780,-0.0720,-0.0800,-15.0000,1.2940,1.3170,62.0000,0.0190,0.0240,4.0000,1.3850,1.4330,64.0000
1789467559.4263,-0.0720,-0.0320,-18.0000,1.2940,1.3370,60.0000,0.0190,0.0020,6.0000,1.3850,1.4200,64.0000
1789467559.4763,-0.0720,-0.0040,-20.0000,1.2940,1.2670,64.0000,0.0190,0.0020,6.0000,1.3850,1.4210,64.0000
1789467559.5263,-0.0720,-0.0540,-17.0000,1.2940,1.2410,65.0000,0.0190,0.0000,6.0000,1.3850,1.3040,70.0000
1789467559.5767,-0.0720,-0.1080,-14.0000,1.2940,1.2940,63.0000,0.0190,0.0180,5.0000,1.3850,1.3290,69.0000
1789467559.6262,-0.0720,-0.1100,-14.0000,1.2940,1.3170,62.0000,0.0190,0.0160,5.0000,1.3850,1.3810,67.0000
1789467559.6762,-0.0720,-0.1290,-13.0000,1.2940,1.3500,60.0000,0.0190,0.0070,6.0000,1.3850,1.4090,65.0000
1789467559.7268,-0.0720,-0.0980,-14.0000,1.2940,1.3110,61.0000,0.0190,0.0010,7.0000,1.3850,1.4050,65.0000
1789467559.7788,-0.0720,-0.0130,-19.0000,1.2940,1.2800,63.0000,0.0190,-0.0110,7.0000,1.3850,1.4360,63.0000
1789467559.8285,-0.0720,-0.0860,-14.0000,1.2940,1.2880,62.0000,0.0190,-0.0010,7.0000,1.3850,1.2630,73.0000
1789467559.8764,-0.0720,-0.1170,-13.0000,1.2940,1.3090,61.0000,0.0190,0.0140,7.0000,1.3850,1.3250,70.0000
1789467559.9261,-0.0720,-0.1020,-13.0000,1.2940,1.3500,59.0000,0.0190,0.0470,5.0000,1.3850,1.3370,70.0000
1789467559.9765,-0.0720,-0.0300,-17.0000,1.2940,1.2660,64.0000,0.0190,0.0180,6.0000,1.3850,1.4320,65.0000
1789467560.0263,-0.0720,-0.0040,-19.0000,1.2940,1.2920,62.0000,0.0190,0.0040,7.0000,1.3850,1.4560,64.0000
1789467560.0764,-0.0720,-0.0540,-17.0000,1.2940,1.2960,62.0000,0.0190,0.0140,6.0000,1.3850,1.4020,66.0000
1789467560.1263,-0.0720,-0.1300,-13.0000,1.2940,1.3200,60.0000,0.0190,0.0360,5.0000,1.3850,1.2600,74.0000
1789467560.1764,-0.0720,-0.0940,-15.0000,1.2940,1.3280,60.0000,0.0190,0.0060,7.0000,1.3850,1.2980,73.0000
1789467560.2262,-0.0720,-0.0190,-19.0000,1.2940,1.3270,59.0000,0.0190,0.0010,7.0000,1.3850,1.3900,69.0000
1789467560.2763,-0.0720,-0.0040,-20.0000,1.2940,1.2870,61.0000,0.0190,0.0050,7.0000,1.3850,1.4680,64.0000
1789467560.3262,-0.0720,-0.0380,-18.0000,1.2940,1.3100,60.0000,0.0190,0.0010,8.0000,1.3850,1.4650,64.0000
1789467560.3763,-0.0720,-0.1320,-13.0000,1.2940,1.3030,60.0000,0.0190,0.0020,8.0000,1.3850,1.2870,74.0000
1789467560.4263,-0.0720,-0.0470,-18.0000,1.2940,1.2860,61.0000,0.0190,0.0040,8.0000,1.3850,1.2140,78.0000
1789467560.4784,-0.0720,-0.0050,-21.0000,1.2940,1.2640,62.0000,0.0190,0.0000,8.0000,1.3850,1.4100,68.0000
1789467560.5283,-0.0720,-0.0200,-20.0000,1.2940,1.2840,61.0000,0.0190,0.0050,8.0000,1.3850,1.4750,65.0000
1789467560.5783,-0.0720,-0.0980,-16.0000,1.2940,1.3110,60.0000,0.0190,0.0410,6.0000,1.3850,1.3940,69.0000
1789467560.6283,-0.0720,-0.1340,-14.0000,1.2940,1.2910,61.0000,0.0190,0.0120,8.0000,1.3850,1.3420,71.0000
1789467560.6798,-0.0720,-0.0690,-18.0000,1.2940,1.3060,60.0000,0.0190,0.0070,8.0000,1.3850,1.3740,70.0000
1789467560.7283,-0.0720,-0.0360,-19.0000,1.2940,1.3130,60.0000,0.0190,0.0020,9.0000,1.3850,1.4240,67.0000
1789467560.7784,-0.0720,-0.0590,-18.0000,1.2940,1.2910,61.0000,0.0190,0.0090,8.0000,1.3850,1.3430,72.0000
1789467560.8290,-0.0720,-0.0520,-19.0000,1.2940,1.2750,62.0000,0.0190,0.0200,8.0000,1.3850,1.4470,66.0000
1789467560.8786,-0.0720,-0.1160,-15.0000,1.2940,1.2740,62.0000,0.0190,0.0610,6.0000,1.3850,1.3740,70.0000
1789467560.9295,-0.0720,-0.1120,-15.0000,1.2940,1.3080,60.0000,0.0190,0.0500,6.0000,1.3850,1.4380,66.0000
1789467560.9781,-0.0720,-0.0920,-16.0000,1.2940,1.3130,60.0000,0.0190,0.0140,8.0000,1.3850,1.4190,66.0000
1789467561.0308,-0.0720,-0.0900,-16.0000,1.2940,1.3180,59.0000,0.0190,0.0170,7.0000,1.3850,1.3380,71.0000
1789467561.0793,-0.0720,-0.0380,-19.0000,1.2940,1.3100,60.0000,0.0190,0.0140,7.0000,1.3850,1.2810,74.0000
1789467561.1285,-0.0720,-0.0240,-20.0000,1.2940,1.2940,60.0000,0.0190,0.0180,7.0000,1.3850,1.4290,66.0000
1789467561.1785,-0.0720,-0.0710,-17.0000,1.2940,1.2950,60.0000,0.0190,0.0130,8.0000,1.3850,1.4590,65.0000
1789467561.2282,-0.0720,-0.0930,-16.0000,1.2940,1.2740,62.0000,0.0190,0.0050,8.0000,1.3850,1.4170,67.0000
1789467561.2790,-0.0720,-0.0750,-17.0000,1.2940,1.2940,60.0000,0.0190,0.0030,8.0000,1.3850,1.4180,66.0000
1789467561.3285,-0.0720,-0.0790,-17.0000,1.2940,1.2940,61.0000,0.0190,0.0000,9.0000,1.3850,1.3440,70.0000
1789467561.3784,-0.0720,-0.0740,-17.0000,1.2940,1.2900,61.0000,0.0190,0.0390,7.0000,1.3850,1.3110,72.0000
1789467561.4283,-0.0720,-0.0410,-19.0000,1.2940,1.2850,61.0000,0.0190,0.0870,4.0000,1.3850,1.3580,70.0000
1789467561.4793,-0.0720,-0.0780,-17.0000,1.2940,1.2810,61.0000,0.0190,0.0290,7.0000,1.3850,1.3810,69.0000
1789467561.5284,-0.0720,-0.0610,-18.0000,1.2940,1.2650,63.0000,0.0190,0.0120,7.0000,1.3850,1.4550,65.0000
1789467561.5783,-0.0720,-0.0650,-18.0000,1.2940,1.2700,63.0000,0.0190,0.0060,8.0000,1.3850,1.4310,66.0000
1789467561.6285,-0.0720,-0.0530,-19.0000,1.2940,1.2990,61.0000,0.0190,0.0300,6.0000,1.3850,1.3950,67.0000
1789467561.6782,-0.0720,-0.0900,-17.0000,1.2940,1.3200,60.0000,0.0190,0.0290,6.0000,1.3850,1.3380,70.0000
1789467561.7286,-0.0720,-0.0590,-19.0000,1.2940,1.2690,63.0000,0.0190,0.0290,6.0000,1.3850,1.4120,66.0000
1789467561.7784,-0.0720,-0.0480,-20.0000,1.2940,1.2820,62.0000,0.0190,0.0660,4.0000,1.3850,1.4070,67.0000
1789467561.8313,-0.0720,-0.0610,-19.0000,1.2940,1.2920,62.0000,0.0190,0.0440,5.0000,1.3850,1.3780,68.0000
1789467561.8827,-0.0720,-0.0760,-18.0000,1.2940,1.2810,62.0000,0.0190,0.0250,6.0000,1.3850,1.4110,66.0000
1789467561.9326,-0.0720,-0.0580,-19.0000,1.2940,1.2940,62.0000,0.0190,0.0050,7.0000,1.3850,1.3790,68.0000
1789467561.9813,-0.0720,-0.0870,-18.0000,1.2940,1.2980,61.0000,0.0190,0.0170,6.0000,1.3850,1.3400,70.0000
1789467562.0316,-0.0720,-0.0830,-18.0000,1.2940,1.2970,62.0000,0.0190,0.0210,6.0000,1.3850,1.3850,68.0000
1789467562.0814,-0.0720,-0.0530,-19.0000,1.2940,1.2880,62.0000,0.0190,0.0030,7.0000,1.3850,1.4450,64.0000
1789467562.1324,-0.0720,-0.0390,-20.0000,1.2940,1.2720,63.0000,0.0190,0.0000,7.0000,1.3850,1.3850,68.0000
1789467562.1825,-0.0720,-0.0820,-18.0000,1.2940,1.2760,63.0000,0.0190,0.0020,7.0000,1.3850,1.3860,67.0000
1789467562.2326,-0.0720,-0.0550,-20.0000,1.2940,1.2740,63.0000,0.0190,0.0000,7.0000,1.3850,1.3380,70.0000
1789467562.2824,-0.0720,-0.0760,-19.0000,1.2940,1.2780,63.0000,0.0190,0.0040,7.0000,1.3850,1.3330,70.0000
1789467562.3325,-0.0720,-0.0830,-18.0000,1.2940,1.3250,61.0000,0.0190,0.0060,7.0000,1.3850,1.3420,71.0000
1789467562.3826,-0.0720,-0.0630,-19.0000,1.2940,1.2860,63.0000,0.0190,0.0060,8.0000,1.3850,1.3990,68.0000
1789467562.4323,-0.0720,-0.0620,-19.0000,1.2940,1.3010,62.0000,0.0190,0.0000,8.0000,1.3850,1.4300,66.0000
1789467562.4823,-0.0720,-0.0780,-19.0000,1.2940,1.2820,63.0000,0.0190,0.0000,8.0000,1.3850,1.4110,67.0000
1789467562.5324,-0.0720,-0.0750,-19.0000,1.2940,1.2910,63.0000,0.0190,0.0000,9.0000,1.3850,1.3240,71.0000
1789467562.5832,-0.0720,-0.0640,-19.0000,1.2940,1.2800,63.0000,0.0190,0.0040,9.0000,1.3850,1.3540,70.0000
1789467562.6322,-0.0720,-0.0760,-19.0000,1.2940,1.3150,61.0000,0.0190,0.0170,8.0000,1.3850,1.3470,71.0000
1789467562.6824,-0.0720,-0.0700,-19.0000,1.2940,1.3230,61.0000,0.0190,0.0510,6.0000,1.3850,1.3830,69.0000
1789467562.7323,-0.0720,-0.0150,-22.0000,1.2940,1.2810,63.0000,0.0190,0.0210,8.0000,1.3850,1.4110,68.0000
1789467562.7823,-0.0720,-0.0610,-20.0000,1.2940,1.2940,62.0000,0.0190,0.0090,8.0000,1.3850,1.4490,65.0000
1789467562.8323,-0.0720,-0.0840,-19.0000,1.2940,1.3110,61.0000,0.0190,0.0090,8.0000,1.3850,1.3290,72.0000
1789467562.8824,-0.0720,-0.0760,-19.0000,1.2940,1.2840,63.0000,0.0190,0.0070,9.0000,1.3850,1.3050,73.0000
1789467562.9325,-0.0720,-0.0600,-20.0000,1.2940,1.3030,62.0000,0.0190,0.0060,9.0000,1.3850,1.3800,70.0000
1789467562.9837,-0.0720,-0.0780,-19.0000,1.2940,1.3230,60.0000,0.0190,0.0050,9.0000,1.3850,1.4030,69.0000
1789467563.0334,-0.0720,-0.0960,-18.0000,1.2940,1.3150,61.0000,0.0190,0.0020,9.0000,1.3850,1.3730,71.0000
1789467563.0833,-0.0720,-0.0590,-20.0000,1.2940,1.2880,62.0000,0.0190,0.0050,9.0000,1.3850,1.4470,66.0000
1789467563.1334,-0.0720,-0.0410,-21.0000,1.2940,1.2770,62.0000,0.0190,0.0010,10.0000,1.3850,1.3940,69.0000
1789467563.1833,-0.0720,-0.1010,-18.0000,1.2940,1.2910,62.0000,0.0190,0.0090,9.0000,1.3850,1.2860,75.0000
1789467563.2332,-0.0720,-0.0760,-20.0000,1.2940,1.2920,62.0000,0.0190,0.0060,10.0000,1.3850,1.3280,73.0000
1789467563.2834,-0.0720,-0.0500,-21.0000,1.2940,1.3060,61.0000,0.0190,0.0000,10.0000,1.3850,1.4030,70.0000
1789467563.3335,-0.0720,-0.0620,-20.0000,1.2940,1.3130,60.0000,0.0190,0.0000,10.0000,1.3850,1.3660,72.0000
1789467563.3834,-0.0720,-0.0410,-22.0000,1.2940,1.2590,63.0000,0.0190,0.0000,11.0000,1.3850,1.4720,66.0000
1789467563.4335,-0.0720,-0.0430,-22.0000,1.2940,1.2480,64.0000,0.0190,0.0000,11.0000,1.3850,1.3960,70.0000
1789467563.4834,-0.0720,-0.0670,-21.0000,1.2940,1.2810,63.0000,0.0190,0.0000,11.0000,1.3850,1.3040,75.0000
1789467563.5351,-0.0720,-0.0860,-20.0000,1.2940,1.2980,62.0000,0.0190,0.0000,11.0000,1.3850,1.3360,74.0000
1789467563.5842,-0.0720,-0.0670,-21.0000,1.2940,1.3390,60.0000,0.0190,0.0000,12.0000,1.3850,1.3920,71.0000
1789467563.6333,-0.0720,-0.0470,-22.0000,1.2940,1.3220,60.0000,0.0190,0.0000,12.0000,1.3850,1.4230,69.0000
1789467563.6833,-0.0720,-0.0660,-21.0000,1.2940,1.2780,63.0000,0.0190,0.0000,12.0000,1.3850,1.4680,66.0000
1789467563.7332,-0.0720,-0.0750,-21.0000,1.2940,1.2650,63.0000,0.0190,0.0000,12.0000,1.3850,1.4210,69.0000
1789467563.7834,-0.0720,-0.0940,-20.0000,1.2940,1.2830,63.0000,0.0190,0.0000,13.0000,1.3850,1.2930,76.0000
1789467563.8335,-0.0720,-0.0960,-20.0000,1.2940,1.3040,62.0000,0.0190,0.0150,12.0000,1.3850,1.3470,73.0000
1789467563.8833,-0.0720,-0.0750,-21.0000,1.2940,1.3160,61.0000,0.0190,0.0330,11.0000,1.3850,1.3810,72.0000
1789467563.9335,-0.0720,-0.0750,-20.0000,1.2940,1.3220,60.0000,0.0190,0.0240,11.0000,1.3850,1.4010,70.0000
1789467563.9833,-0.0720,-0.0670,-21.0000,1.2940,1.3290,60.0000,0.0190,0.0450,10.0000,1.3850,1.3950,71.0000
1789467564.0340,-0.0720,-0.0590,-21.0000,1.2940,1.2670,63.0000,0.0190,0.0590,9.0000,1.3850,1.4360,68.0000
1789467564.0850,-0.0720,-0.0560,-21.0000,1.2940,1.2650,63.0000,0.0190,0.0320,11.0000,1.3850,1.3580,72.0000
1789467564.1337,-0.0720,-0.0880,-20.0000,1.2940,1.2870,62.0000,0.0190,0.0110,11.0000,1.3850,1.3650,72.0000
1789467564.1834,-0.0720,-0.0680,-21.0000,1.2940,1.3280,60.0000,0.0190,0.0090,11.0000,1.3850,1.4030,70.0000
1789467564.2351,-0.0720,-0.0730,-21.0000,1.2940,1.3190,60.0000,0.0190,0.0050,12.0000,1.3850,1.4250,69.0000
1789467564.2833,-0.0720,-0.0410,-22.0000,1.2940,1.3100,60.0000,0.0190,0.0010,12.0000,1.3850,1.4320,68.0000
1789467564.3351,-0.0720,-0.0450,-22.0000,1.2940,1.2930,61.0000,0.0190,0.0000,12.0000,1.3850,1.4040,69.0000
1789467564.3854,-0.0720,-0.0350,-23.0000,1.2940,1.2230,65.0000,0.0190,0.0030,12.0000,1.3850,1.3660,71.0000
1789467564.4354,-0.0720,-0.0350,-24.0000,1.2940,1.2720,63.0000,0.0190,0.0170,12.0000,1.3850,1.4110,68.0000
1789467564.4854,-0.0720,-0.0630,-23.0000,1.2940,1.3060,61.0000,0.0190,0.0230,11.0000,1.3850,1.3840,70.0000
1789467564.5355,-0.0720,-0.0870,-21.0000,1.2940,1.3180,61.0000,0.0190,0.0500,10.0000,1.3850,1.4050,68.0000
1789467564.5852,-0.0720,-0.0650,-23.0000,1.2940,1.3090,61.0000,0.0190,0.0620,9.0000,1.3850,1.4000,68.0000
1789467564.6354,-0.0720,-0.0620,-23.0000,1.2940,1.3330,59.0000,0.0190,0.0270,10.0000,1.3850,1.3770,70.0000
1789467564.6870,-0.0720,-0.0760,-22.0000,1.2940,1.2730,63.0000,0.0190,0.0230,10.0000,1.3850,1.2680,76.0000
1789467564.7354,-0.0720,-0.0600,-23.0000,1.2940,1.2950,61.0000,0.0190,0.0100,11.0000,1.3850,1.4020,69.0000
1789467564.7854,-0.0720,-0.0810,-22.0000,1.2940,1.3080,61.0000,0.0190,0.0120,11.0000,1.3850,1.4290,68.0000
1789467564.8374,-0.0720,-0.1350,-19.0000,1.2940,1.3440,58.0000,0.0190,0.0140,11.0000,1.3850,1.4170,68.0000
1789467564.8863,-0.0720,-0.1300,-18.0000,1.2940,1.3230,59.0000,0.0190,0.0210,11.0000,1.3850,1.3870,69.0000
1789467564.9364,-0.0720,-0.1190,-19.0000,1.2940,1.3150,59.0000,0.0190,0.0050,12.0000,1.3850,1.3710,70.0000
1789467564.9865,-0.0720,-0.0690,-21.0000,1.2940,1.2660,62.0000,0.0190,0.0090,12.0000,1.3850,1.3260,73.0000
1789467565.0362,-0.0720,-0.0590,-21.0000,1.2940,1.2950,60.0000,0.0190,0.0120,11.0000,1.3850,1.3980,69.0000
1789467565.0864,-0.0720,-0.0940,-19.0000,1.2940,1.3160,59.0000,0.0190,0.0460,10.0000,1.3850,1.3930,69.0000
1789467565.1364,-0.0720,-0.0980,-19.0000,1.2940,1.3200,59.0000,0.0190,0.0660,8.0000,1.3850,1.4110,68.0000
1789467565.1864,-0.0720,-0.1010,-18.0000,1.2940,1.3130,59.0000,0.0190,0.0170,11.0000,1.3850,1.4140,68.0000
1789467565.2363,-0.0720,-0.0680,-20.0000,1.2940,1.3180,59.0000,0.0190,0.0030,11.0000,1.3850,1.3970,69.0000
1789467565.2864,-0.0720,-0.0580,-21.0000,1.2940,1.2730,61.0000,0.0190,0.0050,11.0000,1.3850,1.3050,74.0000
1789467565.3362,-0.0720,-0.0360,-22.0000,1.2940,1.2780,61.0000,0.0190,0.0360,10.0000,1.3850,1.3910,69.0000
1789467565.3865,-0.0720,-0.1050,-18.0000,1.2940,1.3070,59.0000,0.0190,0.0280,10.0000,1.3850,1.4180,68.0000
1789467565.4363,-0.0720,-0.1290,-17.0000,1.2940,1.3210,58.0000,0.0190,0.0310,10.0000,1.3850,1.4030,69.0000
1789467565.4864,-0.0720,-0.0860,-19.0000,1.2940,1.3030,59.0000,0.0190,0.0640,8.0000,1.3850,1.4510,66.0000
1789467565.5364,-0.0720,-0.0730,-19.0000,1.2940,1.3120,58.0000,0.0190,0.0250,10.0000,1.3850,1.3800,69.0000
1789467565.5864,-0.0720,-0.0940,-17.0000,1.2940,1.2910,60.0000,0.0190,0.0290,9.0000,1.3850,1.2960,74.0000
1789467565.6378,-0.0720,-0.0530,-20.0000,1.2940,1.2910,59.0000,0.0190,0.0390,8.0000,1.3850,1.3510,71.0000
1789467565.6875,-0.0720,-0.0870,-18.0000,1.2940,1.2890,60.0000,0.0190,0.0260,9.0000,1.3850,1.4180,68.0000
1789467565.7376,-0.0720,-0.1290,-15.0000,1.2940,1.2800,60.0000,0.0190,0.0190,9.0000,1.3850,1.4090,69.0000
1789467565.7875,-0.0720,-0.0980,-16.0000,1.2940,1.2810,60.0000,0.0190,0.0140,9.0000,1.3850,1.4330,67.0000
1789467565.8376,-0.0720,-0.1000,-16.0000,1.2940,1.2830,60.0000,0.0190,0.0290,9.0000,1.3850,1.4010,68.0000
1789467565.8874,-0.0720,-0.1240,-14.0000,1.2940,1.3210,58.0000,0.0190,0.1040,4.0000,1.3850,1.2930,74.0000
1789467565.9377,-0.0720,-0.0840,-16.0000,1.2940,1.3040,59.0000,0.0190,0.0590,6.0000,1.3850,1.3440,72.0000
1789467565.9874,-0.0720,-0.0330,-19.0000,1.2940,1.3080,58.0000,0.0190,0.0220,8.0000,1.3850,1.4340,67.0000
1789467566.0378,-0.0720,-0.0780,-16.0000,1.2940,1.2850,59.0000,0.0190,0.0070,8.0000,1.3850,1.4030,69.0000
1789467566.0875,-0.0720,-0.0760,-17.0000,1.2940,1.2810,60.0000,0.0190,0.0080,8.0000,1.3850,1.3870,70.0000
1789467566.1406,-0.0720,-0.0660,-17.0000,1.2940,1.2790,60.0000,0.0190,0.0120,8.0000,1.3850,1.4110,68.0000
1789467566.1874,-0.0720,-0.0770,-17.0000,1.2940,1.2960,59.0000,0.0190,0.0510,6.0000,1.3850,1.3240,73.0000
1789467566.2381,-0.0720,-0.0450,-19.0000,1.2940,1.2800,60.0000,0.0190,0.0600,5.0000,1.3850,1.3100,74.0000
1789467566.2874,-0.0720,-0.0670,-17.0000,1.2940,1.3000,59.0000,0.0190,0.0450,6.0000,1.3850,1.4060,69.0000
1789467566.3384,-0.0720,-0.0840,-16.0000,1.2940,1.2690,61.0000,0.0190,0.0160,7.0000,1.3850,1.3750,71.0000
1789467566.3873,-0.0720,-0.0700,-17.0000,1.2940,1.2800,61.0000,0.0190,0.0020,8.0000,1.3850,1.4600,66.0000
1789467566.4382,-0.0720,-0.0680,-17.0000,1.2940,1.2750,61.0000,0.0190,0.0050,8.0000,1.3850,1.4190,68.0000
1789467566.4874,-0.0720,-0.0950,-16.0000,1.2940,1.3140,59.0000,0.0190,0.0070,8.0000,1.3850,1.3550,71.0000
1789467566.5379,-0.0720,-0.1500,-12.0000,1.2940,1.3180,59.0000,0.0190,0.0070,8.0000,1.3850,1.3730,70.0000
1789467566.5876,-0.0720,-0.1280,-13.0000,1.2940,1.3220,58.0000,0.0190,0.0240,7.0000,1.3850,1.4100,68.0000
1789467566.6378,-0.0720,-0.1320,-12.0000,1.2940,1.3070,59.0000,0.0190,0.1110,2.0000,1.3850,1.3950,69.0000
1789467566.6878,-0.0720,-0.0710,-15.0000,1.2940,1.2980,59.0000,0.0190,0.0160,7.0000,1.3850,1.3650,71.0000
1789467566.7377,-0.0720,-0.0150,-18.0000,1.2940,1.2550,62.0000,0.0190,0.0010,7.0000,1.3850,1.4220,67.0000
1789467566.7874,-0.0720,-0.0410,-17.0000,1.2940,1.2760,61.0000,0.0190,0.0040,7.0000,1.3850,1.3330,72.0000
1789467566.8380,-0.0720,-0.1030,-13.0000,1.2940,1.3050,59.0000,0.0190,0.0150,7.0000,1.3850,1.3070,74.0000
1789467566.8876,-0.0720,-0.0650,-16.0000,1.2940,1.2830,60.0000,0.0190,0.0180,7.0000,1.3850,1.4250,68.0000
1789467566.9384,-0.0720,-0.0390,-17.0000,1.2940,1.2910,60.0000,0.0190,0.0090,7.0000,1.3850,1.4210,68.0000
1789467566.9875,-0.0720,-0.0690,-16.0000,1.2940,1.2810,61.0000,0.0190,0.0030,8.0000,1.3850,1.4390,67.0000
1789467567.0376,-0.0720,-0.0800,-15.0000,1.2940,1.2850,61.0000,0.0190,0.0090,8.0000,1.3850,1.3820,70.0000
1789467567.0885,-0.0720,-0.0450,-17.0000,1.2940,1.2780,61.0000,0.0190,0.0080,8.0000,1.3850,1.3230,73.0000
1789467567.1381,-0.0720,-0.0500,-17.0000,1.2940,1.2930,60.0000,0.0190,0.0110,8.0000,1.3850,1.3110,74.0000
1789467567.1874,-0.0720,-0.0900,-15.0000,1.2940,1.3020,60.0000,0.0190,0.0080,8.0000,1.3850,1.3880,70.0000
1789467567.2376,-0.0720,-0.0570,-17.0000,1.2940,1.2940,60.0000,0.0190,0.0120,8.0000,1.3850,1.4390,67.0000
1789467567.2878,-0.0720,-0.0300,-18.0000,1.2940,1.2880,61.0000,0.0190,0.0160,8.0000,1.3850,1.4500,67.0000
1789467567.3377,-0.0720,-0.0780,-16.0000,1.2940,1.2870,61.0000,0.0190,0.0410,6.0000,1.3850,1.4200,68.0000
1789467567.3874,-0.0720,-0.0800,-16.0000,1.2940,1.2780,61.0000,0.0190,0.0290,7.0000,1.3850,1.2920,75.0000
1789467567.4377,-0.0720,-0.0730,-16.0000,1.2940,1.3160,59.0000,0.0190,0.0300,7.0000,1.3850,1.3200,73.0000
1789467567.4875,-0.0720,-0.0990,-15.0000,1.2940,1.3160,59.0000,0.0190,0.0370,6.0000,1.3850,1.3620,72.0000
1789467567.5377,-0.0720,-0.0850,-15.0000,1.2940,1.3050,60.0000,0.0190,0.0180,7.0000,1.3850,1.4090,69.0000
1789467567.5875,-0.0720,-0.0180,-19.0000,1.2940,1.2650,62.0000,0.0190,0.0040,8.0000,1.3850,1.4680,66.0000
1789467567.6378,-0.0720,-0.0650,-16.0000,1.2940,1.2920,60.0000,0.0190,0.0020,8.0000,1.3850,1.4340,67.0000
1789467567.6874,-0.0720,-0.0740,-16.0000,1.2940,1.2760,61.0000,0.0190,0.0030,8.0000,1.3850,1.3250,73.0000
1789467567.7376,-0.0720,-0.0620,-17.0000,1.2940,1.2930,61.0000,0.0190,0.0040,8.0000,1.3850,1.3390,72.0000
1789467567.7877,-0.0720,-0.0610,-17.0000,1.2940,1.3090,60.0000,0.0190,0.0050,8.0000,1.3850,1.3910,70.0000
1789467567.8376,-0.0720,-0.0820,-16.0000,1.2940,1.3200,59.0000,0.0190,0.0070,8.0000,1.3850,1.4140,69.0000
1789467567.8875,-0.0720,-0.0170,-20.0000,1.2940,1.2710,62.0000,0.0190,0.0080,9.0000,1.3850,1.4030,69.0000
1789467567.9377,-0.0720,-0.0220,-20.0000,1.2940,1.2820,61.0000,0.0190,0.0040,9.0000,1.3850,1.4260,67.0000
1789467567.9876,-0.0720,-0.0540,-19.0000,1.2940,1.2900,61.0000,0.0190,0.0250,8.0000,1.3850,1.3340,72.0000
1789467568.0384,-0.0720,-0.0590,-19.0000,1.2940,1.2860,61.0000,0.0190,0.0600,6.0000,1.3850,1.3500,72.0000
1789467568.0875,-0.0720,-0.0410,-20.0000,1.2940,1.2930,61.0000,0.0190,0.0410,7.0000,1.3850,1.3750,71.0000
1789467568.1380,-0.0720,-0.0620,-19.0000,1.2940,1.3220,59.0000,0.0190,0.0130,8.0000,1.3850,1.4260,68.0000
1789467568.1873,-0.0720,-0.0470,-20.0000,1.2940,1.2990,60.0000,0.0190,0.0340,7.0000,1.3850,1.3860,70.0000
1789467568.2379,-0.0720,-0.0180,-22.0000,1.2940,1.2850,61.0000,0.0190,0.0090,8.0000,1.3850,1.4490,66.0000
1789467568.2874,-0.0720,-0.0520,-21.0000,1.2940,1.2930,60.0000,0.0190,0.0030,8.0000,1.3850,1.3690,70.0000
1789467568.3377,-0.0720,-0.1060,-18.0000,1.2940,1.2840,61.0000,0.0190,0.0170,8.0000,1.3850,1.3130,73.0000
1789467568.3874,-0.0720,-0.0940,-18.0000,1.2940,1.2850,61.0000,0.0190,0.0250,7.0000,1.3850,1.3800,70.0000
1789467568.4377,-0.0720,-0.0990,-18.0000,1.2940,1.3100,59.0000,0.0190,0.0130,8.0000,1.3850,1.4010,69.0000
1789467568.4875,-0.0720,-0.0640,-20.0000,1.2940,1.2940,60.0000,0.0190,0.0230,7.0000,1.3850,1.3960,69.0000
1789467568.5376,-0.0720,-0.0270,-22.0000,1.2940,1.2740,61.0000,0.0190,0.0410,6.0000,1.3850,1.4450,66.0000
1789467568.5875,-0.0720,-0.0640,-20.0000,1.2940,1.2640,62.0000,0.0190,0.0110,8.0000,1.3850,1.3940,69.0000
1789467568.6377,-0.0720,-0.1120,-17.0000,1.2940,1.2650,62.0000,0.0190,0.0070,8.0000,1.3850,1.3470,71.0000
1789467568.6878,-0.0720,-0.0930,-18.0000,1.2940,1.2810,62.0000,0.0190,0.0430,6.0000,1.3850,1.3890,69.0000
1789467568.7378,-0.0720,-0.1020,-17.0000,1.2940,1.3050,61.0000,0.0190,0.0400,6.0000,1.3850,1.4280,67.0000
1789467568.7875,-0.0720,-0.1300,-16.0000,1.2940,1.3510,58.0000,0.0190,0.0180,7.0000,1.3850,1.4040,68.0000
1789467568.8379,-0.0720,-0.0720,-18.0000,1.2940,1.3020,60.0000,0.0190,0.0050,8.0000,1.3850,1.4670,64.0000
1789467568.8874,-0.0720,-0.0440,-20.0000,1.2940,1.2670,62.0000,0.0190,0.0000,8.0000,1.3850,1.4290,66.0000
1789467568.9376,-0.0720,-0.0770,-18.0000,1.2940,1.2400,64.0000,0.0190,0.0000,8.0000,1.3850,1.3580,69.0000
1789467568.9887,-0.0720,-0.0900,-17.0000,1.2940,1.2600,63.0000,0.0190,0.0000,9.0000,1.3850,1.3740,68.0000
1789467569.0377,-0.0720,-0.0830,-18.0000,1.2940,1.3160,61.0000,0.0190,0.0220,8.0000,1.3850,1.4070,66.0000
1789467569.0889,-0.0720,-0.0960,-17.0000,1.2940,1.3130,61.0000,0.0190,0.0090,8.0000,1.3850,1.4200,66.0000
1789467569.1385,-0.0720,-0.1250,-15.0000,1.2940,1.3440,59.0000,0.0190,0.0350,7.0000,1.3850,1.4300,65.0000
1789467569.1885,-0.0720,-0.0460,-19.0000,1.2940,1.2530,64.0000,0.0190,0.0840,4.0000,1.3850,1.3870,67.0000
1789467569.2384,-0.0720,-0.0460,-19.0000,1.2940,1.2330,65.0000,0.0190,0.0160,8.0000,1.3850,1.3560,68.0000
1789467569.2885,-0.0720,-0.1260,-14.0000,1.2940,1.2590,64.0000,0.0190,0.0310,6.0000,1.3850,1.3600,68.0000
1789467569.3385,-0.0720,-0.1100,-15.0000,1.2940,1.2340,66.0000,0.0190,0.0350,6.0000,1.3850,1.3870,67.0000
1789467569.3883,-0.0720,-0.1430,-13.0000,1.2940,1.2820,64.0000,0.0190,0.0060,8.0000,1.3850,1.4170,65.0000
1789467569.4384,-0.0720,-0.1100,-14.0000,1.2940,1.3540,60.0000,0.0190,0.0060,8.0000,1.3850,1.3910,67.0000
1789467569.4884,-0.0720,-0.1360,-12.0000,1.2940,1.3460,60.0000,0.0190,0.0220,7.0000,1.3850,1.4440,63.0000
1789467569.5385,-0.0720,-0.0990,-13.0000,1.2940,1.3170,61.0000,0.0190,0.1030,2.0000,1.3850,1.3330,69.0000
1789467569.5887,-0.0720,-0.0320,-17.0000,1.2940,1.2450,65.0000,0.0190,0.0240,6.0000,1.3850,1.4000,65.0000
1789467569.6385,-0.0720,-0.0940,-13.0000,1.2940,1.2650,64.0000,0.0190,0.0400,5.0000,1.3850,1.3450,69.0000
1789467569.6885,-0.0720,-0.0650,-15.0000,1.2940,1.2520,66.0000,0.0190,0.0350,5.0000,1.3850,1.4220,64.0000
1789467569.7385,-0.0720,-0.1040,-12.0000,1.2940,1.2980,63.0000,0.0190,0.0060,7.0000,1.3850,1.3980,66.0000
1789467569.7886,-0.0720,-0.1090,-12.0000,1.2940,1.3030,63.0000,0.0190,0.0040,7.0000,1.3850,1.4300,64.0000
1789467569.8384,-0.0720,-0.1130,-11.0000,1.2940,1.2270,68.0000,0.0190,0.0020,7.0000,1.3850,1.3970,65.0000
1789467569.8883,-0.0720,-0.0920,-12.0000,1.2940,1.2660,66.0000,0.0190,0.0020,7.0000,1.3850,1.4300,63.0000
1789467569.9398,-0.0720,-0.0800,-13.0000,1.2940,1.2690,66.0000,0.0190,0.0110,7.0000,1.3850,1.3960,64.0000
1789467569.9895,-0.0720,-0.1020,-11.0000,1.2940,1.2530,67.0000,0.0190,0.0160,7.0000,1.3850,1.4260,62.0000
1789467570.0394,-0.0720,-0.0920,-11.0000,1.2940,1.3040,65.0000,0.0190,0.0400,5.0000,1.3850,1.4100,63.0000
1789467570.0896,-0.0720,-0.1100,-10.0000,1.2940,1.3610,62.0000,0.0190,0.0630,4.0000,1.3850,1.4220,62.0000
1789467570.1395,-0.0720,-0.0810,-11.0000,1.2940,1.3490,62.0000,0.0190,0.0250,6.0000,1.3850,1.3670,65.0000
1789467570.1894,-0.0720,-0.0970,-10.0000,1.2940,1.2590,67.0000,0.0190,0.0100,6.0000,1.3850,1.3710,65.0000
1789467570.2395,-0.0720,-0.0810,-11.0000,1.2940,1.2450,68.0000,0.0190,0.0020,7.0000,1.3850,1.3960,63.0000
1789467570.2893,-0.0720,-0.0630,-12.0000,1.2940,1.2460,68.0000,0.0190,0.0030,7.0000,1.3850,1.4130,62.0000
1789467570.3399,-0.0720,-0.0920,-10.0000,1.2940,1.2390,69.0000,0.0190,0.0010,7.0000,1.3850,1.4060,62.0000
1789467570.3894,-0.0720,-0.0720,-11.0000,1.2940,1.3310,64.0000,0.0190,0.0030,7.0000,1.3850,1.4000,63.0000
1789467570.4397,-0.0720,-0.0610,-12.0000,1.2940,1.3960,60.0000,0.0190,0.0180,6.0000,1.3850,1.4070,62.0000
1789467570.4895,-0.0720,-0.0850,-10.0000,1.2940,1.2470,68.0000,0.0190,0.0170,7.0000,1.3850,1.3900,63.0000
1789467570.5394,-0.0720,-0.0580,-12.0000,1.2940,1.2110,70.0000,0.0190,0.0010,8.0000,1.3850,1.4040,62.0000
1789467570.5895,-0.0720,-0.0570,-12.0000,1.2940,1.2060,71.0000,0.0190,0.0000,8.0000,1.3850,1.3840,63.0000
1789467570.6396,-0.0720,-0.0680,-11.0000,1.2940,1.2280,71.0000,0.0190,0.0000,8.0000,1.3850,1.4100,61.0000
1789467570.6896,-0.0720,-0.0630,-12.0000,1.2940,1.3120,67.0000,0.0190,0.0040,8.0000,1.3850,1.3810,62.0000
1789467570.7424,-0.0720,-0.0790,-11.0000,1.2940,1.3490,65.0000,0.0190,0.0210,7.0000,1.3850,1.3980,61.0000
1789467570.7918,-0.0720,-0.0650,-12.0000,1.2940,1.4220,60.0000,0.0190,0.0940,3.0000,1.3850,1.3720,63.0000
1789467570.8420,-0.0720,-0.0820,-11.0000,1.2940,1.3080,66.0000,0.0190,0.1190,1.0000,1.3850,1.4080,61.0000
1789467570.8913,-0.0720,-0.0830,-11.0000,1.2940,1.2690,67.0000,0.0190,0.0110,7.0000,1.3850,1.3710,63.0000
1789467570.9416,-0.0720,-0.0680,-11.0000,1.2940,1.2670,67.0000,0.0190,0.0090,6.0000,1.3850,1.3980,61.0000
1789467570.9914,-0.0720,-0.0830,-10.0000,1.2940,1.2760,67.0000,0.0190,0.0040,7.0000,1.3850,1.3730,63.0000
1789467571.0438,-0.0720,-0.0760,-11.0000,1.2940,1.3220,65.0000,0.0190,0.0470,4.0000,1.3850,1.4020,61.0000
1789467571.0915,-0.0720,-0.0720,-11.0000,1.2940,1.3020,66.0000,0.0190,0.1670,-3.0000,1.3850,1.3660,63.0000
1789467571.1438,-0.0720,-0.0700,-11.0000,1.2940,1.2380,70.0000,0.0190,0.1730,-5.0000,1.3850,1.4010,61.0000
1789467571.1918,-0.0720,-0.0770,-11.0000,1.2940,1.2250,71.0000,0.0190,0.0710,0.0000,1.3850,1.3750,62.0000
1789467571.2439,-0.0720,-0.0680,-11.0000,1.2940,1.2490,70.0000,0.0190,0.0070,2.0000,1.3850,1.4010,61.0000
1789467571.2914,-0.0720,-0.0970,-9.0000,1.2940,1.2690,70.0000,0.0190,0.0180,1.0000,1.3850,1.3770,62.0000
1789467571.3430,-0.0720,-0.1980,-3.0000,1.2940,1.2980,68.0000,0.0190,0.1520,-7.0000,1.3850,1.4000,61.0000
1789467571.3913,-0.0720,-0.1670,-4.0000,1.2940,1.3580,65.0000,0.0190,0.1080,-5.0000,1.3850,1.3730,62.0000
1789467571.4415,-0.0720,-0.1210,-5.0000,1.2940,1.3590,65.0000,0.0190,0.0210,-1.0000,1.3850,1.3980,61.0000
1789467571.4916,-0.0720,-0.0260,-10.0000,1.2940,1.3040,67.0000,0.0190,0.0040,0.0000,1.3850,1.3770,62.0000
1789467571.5416,-0.0720,-0.0240,-10.0000,1.2940,1.2610,69.0000,0.0190,0.2360,-14.0000,1.3850,1.3950,61.0000
1789467571.5920,-0.0720,-0.0630,-9.0000,1.2940,1.2840,68.0000,0.0190,0.1240,-9.0000,1.3850,1.3810,62.0000
1789467571.6415,-0.0720,-0.0390,-10.0000,1.2940,1.2920,67.0000,0.0190,0.0720,-7.0000,1.3850,1.4030,61.0000
1789467571.6923,-0.0720,-0.0630,-9.0000,1.2940,1.3520,64.0000,0.0190,0.1040,-10.0000,1.3850,1.3820,62.0000
1789467571.7415,-0.0720,-0.0370,-11.0000,1.2940,1.3590,63.0000,0.0190,0.0640,-9.0000,1.3850,1.3910,61.0000
1789467571.7922,-0.0720,-0.0680,-9.0000,1.2940,1.3800,61.0000,0.0190,0.0180,-7.0000,1.3850,1.3810,62.0000
1789467571.8417,-0.0720,-0.0610,-10.0000,1.2940,1.2450,68.0000,0.0190,0.0010,-6.0000,1.3850,1.3860,61.0000
1789467571.8927,-0.0720,-0.0590,-10.0000,1.2940,1.2710,66.0000,0.0190,0.0000,-6.0000,1.3850,1.3740,62.0000
1789467571.9416,-0.0720,-0.0330,-12.0000,1.2940,1.2940,65.0000,0.0190,0.0000,-6.0000,1.3850,1.3860,62.0000
1789467571.9922,-0.0720,-0.0410,-12.0000,1.2940,1.2960,65.0000,0.0190,0.0000,-6.0000,1.3850,1.3830,62.0000
1789467572.0419,-0.0720,-0.0780,-10.0000,1.2940,1.3750,61.0000,0.0190,0.0000,-5.0000,1.3850,1.3840,62.0000
1789467572.0917,-0.0720,-0.0710,-10.0000,1.2940,1.3470,62.0000,0.0190,0.0000,-5.0000,1.3850,1.3840,62.0000
1789467572.1417,-0.0720,-0.0400,-12.0000,1.2940,1.2360,68.0000,0.0190,0.0000,-5.0000,1.3850,1.3740,62.0000
1789467572.1917,-0.0720,-0.0800,-10.0000,1.2940,1.2550,67.0000,0.0190,0.0000,-5.0000,1.3850,1.3810,62.0000
1789467572.2416,-0.0720,-0.0520,-12.0000,1.2940,1.2590,67.0000,0.0190,0.0030,-5.0000,1.3850,1.3600,63.0000
1789467572.2912,-0.0720,-0.0780,-11.0000,1.2940,1.2840,66.0000,0.0190,0.0070,-5.0000,1.3850,1.3780,63.0000
1789467572.3415,-0.0720,-0.0780,-11.0000,1.2940,1.3340,63.0000,0.0190,0.0300,-6.0000,1.3850,1.3800,63.0000
1789467572.3914,-0.0720,-0.0690,-11.0000,1.2940,1.3200,64.0000,0.0190,0.0450,-7.0000,1.3850,1.3890,62.0000
1789467572.4416,-0.0720,-0.0740,-11.0000,1.2940,1.2910,65.0000,0.0190,0.0040,-4.0000,1.3850,1.3650,64.0000
1789467572.4917,-0.0720,-0.0410,-13.0000,1.2940,1.2600,67.0000,0.0190,0.0070,-5.0000,1.3850,1.3830,63.0000
1789467572.5415,-0.0720,-0.0930,-10.0000,1.2940,1.2780,66.0000,0.0190,0.0060,-4.0000,1.3850,1.3350,66.0000
1789467572.5917,-0.0720,-0.0650,-12.0000,1.2940,1.2560,68.0000,0.0190,0.0060,-4.0000,1.3850,1.3700,64.0000
1789467572.6415,-0.0720,-0.0610,-12.0000,1.2940,1.3310,63.0000,0.0190,0.0360,-6.0000,1.3850,1.3690,64.0000
1789467572.6916,-0.0720,-0.0940,-10.0000,1.2940,1.3610,62.0000,0.0190,0.0230,-5.0000,1.3850,1.3960,63.0000
1789467572.7424,-0.0720,-0.0870,-10.0000,1.2940,1.3220,63.0000,0.0190,0.0080,-5.0000,1.3850,1.3950,63.0000
1789467572.7916,-0.0720,-0.0570,-12.0000,1.2940,1.2540,67.0000,0.0190,0.0090,-5.0000,1.3850,1.4130,62.0000
1789467572.8417,-0.0720,-0.0940,-10.0000,1.2940,1.2460,68.0000,0.0190,0.0040,-4.0000,1.3850,1.3450,65.0000
1789467572.8914,-0.0720,-0.0780,-11.0000,1.2940,1.2680,67.0000,0.0190,0.0000,-4.0000,1.3850,1.3810,63.0000
1789467572.9416,-0.0720,-0.0500,-12.0000,1.2940,1.3000,65.0000,0.0190,0.0080,-4.0000,1.3850,1.3790,64.0000
1789467572.9916,-0.0720,-0.0950,-10.0000,1.2940,1.3340,63.0000,0.0190,0.0070,-4.0000,1.3850,1.3880,63.0000
1789467573.0416,-0.0720,-0.0750,-11.0000,1.2940,1.3430,62.0000,0.0190,0.0030,-3.0000,1.3850,1.3930,63.0000
1789467573.0917,-0.0720,-0.0560,-12.0000,1.2940,1.2680,66.0000,0.0190,0.0000,-3.0000,1.3850,1.4170,61.0000
1789467573.1416,-0.0720,-0.0770,-11.0000,1.2940,1.2180,69.0000,0.0190,0.0000,-3.0000,1.3850,1.3830,63.0000
1789467573.1916,-0.0720,-0.0310,-13.0000,1.2940,1.2670,67.0000,0.0190,0.0000,-3.0000,1.3850,1.4320,60.0000
1789467573.2417,-0.0720,-0.0630,-12.0000,1.2940,1.2720,67.0000,0.0190,0.0000,-2.0000,1.3850,1.3860,63.0000
1789467573.2916,-0.0720,-0.0420,-13.0000,1.2940,1.3070,66.0000,0.0190,0.0000,-2.0000,1.3850,1.4000,62.0000
1789467573.3416,-0.0720,-0.0430,-14.0000,1.2940,1.3160,65.0000,0.0190,0.0000,-2.0000,1.3850,1.3790,63.0000
1789467573.3914,-0.0720,-0.0570,-13.0000,1.2940,1.2950,66.0000,0.0190,0.0000,-2.0000,1.3850,1.4010,61.0000
1789467573.4417,-0.0720,-0.0110,-16.0000,1.2940,1.2190,71.0000,0.0190,0.0000,-1.0000,1.3850,1.3700,63.0000
1789467573.4920,-0.0720,-0.0870,-12.0000,1.2940,1.2570,69.0000,0.0190,0.0070,-2.0000,1.3850,1.3940,62.0000
1789467573.5425,-0.0720,-0.0860,-12.0000,1.2940,1.2710,69.0000,0.0190,0.0400,-3.0000,1.3850,1.3720,63.0000
1789467573.5915,-0.0720,-0.0850,-12.0000,1.2940,1.2860,68.0000,0.0190,0.0640,-5.0000,1.3850,1.3920,62.0000
1789467573.6417,-0.0720,-0.0900,-12.0000,1.2940,1.3340,65.0000,0.0190,0.0390,-4.0000,1.3850,1.3840,62.0000
1789467573.6915,-0.0720,-0.1100,-10.0000,1.2940,1.4100,61.0000,0.0190,0.0430,-5.0000,1.3850,1.3930,62.0000
1789467573.7416,-0.0720,-0.1020,-11.0000,1.2940,1.2750,68.0000,0.0190,0.0090,-3.0000,1.3850,1.3710,63.0000
1789467573.7917,-0.0720,-0.0900,-11.0000,1.2940,1.2590,68.0000,0.0190,0.0010,-2.0000,1.3850,1.3810,62.0000
1789467573.8430,-0.0720,-0.0840,-11.0000,1.2940,1.2470,69.0000,0.0190,0.0190,-3.0000,1.3850,1.3800,63.0000
1789467573.8915,-0.0720,-0.0640,-12.0000,1.2940,1.2780,68.0000,0.0190,0.0890,-7.0000,1.3850,1.3860,62.0000
1789467573.9415,-0.0720,-0.0890,-10.0000,1.2940,1.3410,64.0000,0.0190,0.0570,-6.0000,1.3850,1.3810,63.0000
1789467573.9917,-0.0720,-0.0850,-11.0000,1.2940,1.3770,62.0000,0.0190,0.0410,-6.0000,1.3850,1.3930,62.0000
1789467574.0416,-0.0720,-0.0690,-11.0000,1.2940,1.3780,61.0000,0.0190,0.0170,-4.0000,1.3850,1.3960,62.0000
1789467574.0928,-0.0720,-0.0920,-10.0000,1.2940,1.2200,70.0000,0.0190,0.0090,-4.0000,1.3850,1.3810,63.0000
1789467574.1417,-0.0720,-0.0580,-12.0000,1.2940,1.2390,68.0000,0.0190,0.0140,-4.0000,1.3850,1.3920,62.0000
1789467574.1916,-0.0720,-0.0620,-12.0000,1.2940,1.2580,68.0000,0.0190,0.0440,-6.0000,1.3850,1.3780,63.0000
1789467574.2417,-0.0720,-0.0840,-10.0000,1.2940,1.3020,66.0000,0.0190,0.0410,-6.0000,1.3850,1.3990,61.0000
1789467574.2916,-0.0720,-0.0620,-12.0000,1.2940,1.3430,64.0000,0.0190,0.0060,-4.0000,1.3850,1.3830,62.0000
1789467574.3416,-0.0720,-0.0680,-11.0000,1.2940,1.3920,60.0000,0.0190,0.0180,-5.0000,1.3850,1.4010,61.0000
1789467574.3914,-0.0720,-0.0670,-12.0000,1.2940,1.3360,63.0000,0.0190,0.0180,-5.0000,1.3850,1.3740,63.0000
1789467574.4414,-0.0720,-0.0530,-12.0000,1.2940,1.2680,66.0000,0.0190,0.0020,-4.0000,1.3850,1.4040,61.0000
1789467574.4916,-0.0720,-0.0640,-12.0000,1.2940,1.2790,65.0000,0.0190,0.0030,-4.0000,1.3850,1.3830,62.0000
1789467574.5415,-0.0720,-0.0480,-13.0000,1.2940,1.3090,64.0000,0.0190,0.0030,-4.0000,1.3850,1.4040,61.0000
1789467574.5915,-0.0720,-0.0720,-12.0000,1.2940,1.2740,66.0000,0.0190,0.0100,-4.0000,1.3850,1.3740,62.0000
1789467574.6415,-0.0720,-0.0590,-13.0000,1.2940,1.3150,63.0000,0.0190,0.0130,-4.0000,1.3850,1.3990,61.0000
1789467574.6917,-0.0720,-0.0540,-13.0000,1.2940,1.2830,65.0000,0.0190,0.0130,-4.0000,1.3850,1.3700,62.0000
1789467574.7415,-0.0720,-0.0480,-14.0000,1.2940,1.2750,65.0000,0.0190,0.0010,-3.0000,1.3850,1.4000,61.0000
1789467574.7918,-0.0720,-0.1000,-11.0000,1.2940,1.2810,65.0000,0.0190,0.0000,-3.0000,1.3850,1.3720,62.0000
1789467574.8418,-0.0720,-0.0860,-12.0000,1.2940,1.2760,66.0000,0.0190,0.0000,-3.0000,1.3850,1.4010,61.0000
1789467574.8914,-0.0720,-0.0730,-12.0000,1.2940,1.2970,65.0000,0.0190,0.0030,-3.0000,1.3850,1.3700,62.0000
1789467574.9415,-0.0720,-0.0910,-11.0000,1.2940,1.3410,62.0000,0.0190,0.0000,-3.0000,1.3850,1.3950,61.0000
1789467574.9918,-0.0720,-0.0860,-11.0000,1.2940,1.3320,62.0000,0.0190,0.0000,-2.0000,1.3850,1.3640,63.0000
1789467575.0428,-0.0720,-0.0940,-10.0000,1.2940,1.2750,65.0000,0.0190,0.0000,-2.0000,1.3850,1.3880,61.0000
1789467575.0917,-0.0720,-0.0690,-12.0000,1.2940,1.2500,67.0000,0.0190,0.0000,-2.0000,1.3850,1.3680,63.0000
1789467575.1418,-0.0720,-0.0650,-12.0000,1.2940,1.2730,66.0000,0.0190,0.0000,-2.0000,1.3850,1.3940,61.0000
1789467575.1917,-0.0720,-0.0730,-11.0000,1.2940,1.2750,66.0000,0.0190,0.0000,-1.0000,1.3850,1.3700,63.0000
1789467575.2423,-0.0720,-0.0700,-12.0000,1.2940,1.3010,65.0000,0.0190,0.0030,-1.0000,1.3850,1.3960,61.0000
1789467575.2918,-0.0720,-0.0800,-11.0000,1.2940,1.3850,60.0000,0.0190,0.0030,-1.0000,1.3850,1.3690,63.0000
1789467575.3439,-0.0720,-0.1000,-10.0000,1.2940,1.3180,63.0000,0.0190,0.0100,-1.0000,1.3850,1.3890,62.0000
1789467575.3926,-0.0720,-0.0670,-12.0000,1.2940,1.2430,67.0000,0.0190,0.0010,-1.0000,1.3850,1.3800,62.0000
1789467575.4418,-0.0720,-0.0600,-12.0000,1.2940,1.2430,67.0000,0.0190,0.0000,0.0000,1.3850,1.3710,63.0000
1789467575.4918,-0.0720,-0.0950,-10.0000,1.2940,1.2530,67.0000,0.0190,0.0000,0.0000,1.3850,1.3850,62.0000
1789467575.5417,-0.0720,-0.0850,-10.0000,1.2940,1.3110,65.0000,0.0190,0.0020,0.0000,1.3850,1.3940,62.0000
1789467575.5915,-0.0720,-0.0760,-11.0000,1.2940,1.3420,63.0000,0.0190,0.0020,0.0000,1.3850,1.3790,63.0000
1789467575.6416,-0.0720,-0.1320,-7.0000,1.2940,1.3900,60.0000,0.0190,0.0250,-1.0000,1.3850,1.4080,61.0000
1789467575.6917,-0.0720,-0.0680,-11.0000,1.2940,1.3430,62.0000,0.0190,0.0700,-4.0000,1.3850,1.3910,62.0000
1789467575.7418,-0.0720,-0.0770,-10.0000,1.2940,1.2720,65.0000,0.0190,0.0220,-1.0000,1.3850,1.4040,61.0000
1789467575.7928,-0.0720,-0.0530,-11.0000,1.2940,1.3040,63.0000,0.0190,0.0040,0.0000,1.3850,1.3940,61.0000
1789467575.8429,-0.0720,-0.0550,-11.0000,1.2940,1.2720,65.0000,0.0190,0.0040,0.0000,1.3850,1.3890,62.0000
1789467575.8913,-0.0720,-0.0480,-12.0000,1.2940,1.3190,62.0000,0.0190,0.0000,0.0000,1.3850,1.3930,61.0000
1789467575.9415,-0.0720,-0.0810,-10.0000,1.2940,1.3080,63.0000,0.0190,0.0110,0.0000,1.3850,1.3870,62.0000
1789467575.9916,-0.0720,-0.0650,-11.0000,1.2940,1.2790,64.0000,0.0190,0.0030,0.0000,1.3850,1.3880,61.0000
1789467576.0417,-0.0720,-0.0420,-12.0000,1.2940,1.2380,67.0000,0.0190,0.0000,1.0000,1.3850,1.3820,62.0000
1789467576.0917,-0.0720,-0.0500,-12.0000,1.2940,1.2570,66.0000,0.0190,0.0100,0.0000,1.3850,1.3860,61.0000
1789467576.1417,-0.0720,-0.0680,-11.0000,1.2940,1.2600,66.0000,0.0190,0.0310,-1.0000,1.3850,1.3790,62.0000
1789467576.1916,-0.0720,-0.0660,-12.0000,1.2940,1.2700,66.0000,0.0190,0.0290,-1.0000,1.3850,1.3830,62.0000
1789467576.2417,-0.0720,-0.0500,-13.0000,1.2940,1.3660,61.0000,0.0190,0.0070,1.0000,1.3850,1.3710,63.0000
1789467576.2916,-0.0720,-0.0990,-10.0000,1.2940,1.3510,62.0000,0.0190,0.0010,1.0000,1.3850,1.3970,61.0000
1789467576.3416,-0.0720,-0.0630,-12.0000,1.2940,1.2830,65.0000,0.0190,0.0000,1.0000,1.3850,1.3710,62.0000
1789467576.3916,-0.0720,-0.0520,-13.0000,1.2940,1.2920,64.0000,0.0190,0.0000,2.0000,1.3850,1.3930,61.0000
1789467576.4417,-0.0720,-0.0640,-12.0000,1.2940,1.2850,65.0000,0.0190,0.0050,1.0000,1.3850,1.3670,63.0000
1789467576.4916,-0.0720,-0.0790,-11.0000,1.2940,1.2690,65.0000,0.0190,0.0010,2.0000,1.3850,1.3790,62.0000
1789467576.5417,-0.0720,-0.0920,-10.0000,1.2940,1.3350,62.0000,0.0190,0.0000,2.0000,1.3850,1.3430,64.0000
1789467576.5918,-0.0720,-0.1450,-7.0000,1.2940,1.3490,61.0000,0.0190,0.0000,2.0000,1.3850,1.3560,64.0000
1789467576.6416,-0.0720,-0.0760,-11.0000,1.2940,1.2940,64.0000,0.0190,0.0000,3.0000,1.3850,1.3920,62.0000
1789467576.6917,-0.0720,-0.0700,-11.0000,1.2940,1.2790,64.0000,0.0190,0.0000,3.0000,1.3850,1.4140,61.0000
1789467576.7416,-0.0720,-0.0520,-12.0000,1.2940,1.2870,64.0000,0.0190,0.0000,3.0000,1.3850,1.3880,62.0000
1789467576.7917,-0.0720,-0.0790,-10.0000,1.2940,1.2930,63.0000,0.0190,0.0000,3.0000,1.3850,1.3530,64.0000
1789467576.8419,-0.0720,-0.0590,-11.0000,1.2940,1.2890,64.0000,0.0190,0.0000,4.0000,1.3850,1.3380,65.0000
1789467576.8916,-0.0720,-0.1060,-9.0000,1.2940,1.3210,62.0000,0.0190,0.0000,4.0000,1.3850,1.3900,63.0000
1789467576.9417,-0.0720,-0.0650,-11.0000,1.2940,1.3110,62.0000,0.0190,0.0000,4.0000,1.3850,1.3870,63.0000
1789467576.9914,-0.0720,-0.0390,-12.0000,1.2940,1.2840,63.0000,0.0190,0.0000,4.0000,1.3850,1.4270,61.0000
1789467577.0416,-0.0720,-0.0670,-11.0000,1.2940,1.2930,63.0000,0.0190,0.0000,5.0000,1.3850,1.3980,62.0000
1789467577.0929,-0.0720,-0.0450,-13.0000,1.2940,1.2740,64.0000,0.0190,0.0000,5.0000,1.3850,1.3620,64.0000
1789467577.1426,-0.0720,-0.0720,-11.0000,1.2940,1.2880,63.0000,0.0190,0.0000,5.0000,1.3850,1.3710,63.0000
1789467577.1925,-0.0720,-0.0590,-12.0000,1.2940,1.3080,62.0000,0.0190,0.0000,5.0000,1.3850,1.3720,63.0000
1789467577.2426,-0.0720,-0.0730,-11.0000,1.2940,1.3250,61.0000,0.0190,0.0000,5.0000,1.3850,1.3860,63.0000
1789467577.2927,-0.0720,-0.0220,-14.0000,1.2940,1.2970,63.0000,0.0190,0.0000,6.0000,1.3850,1.3820,63.0000
1789467577.3434,-0.0720,-0.0450,-13.0000,1.2940,1.2920,63.0000,0.0190,0.0000,6.0000,1.3850,1.3780,63.0000
1789467577.3944,-0.0720,-0.0520,-13.0000,1.2940,1.2970,63.0000,0.0190,0.0030,6.0000,1.3850,1.3110,68.0000
1789467577.4449,-0.0720,-0.0730,-13.0000,1.2940,1.3060,62.0000,0.0190,0.0000,6.0000,1.3850,1.3420,66.0000
1789467577.4956,-0.0720,-0.0710,-13.0000,1.2940,1.3110,62.0000,0.0190,0.0000,7.0000,1.3850,1.4160,63.0000
1789467577.5427,-0.0720,-0.0640,-13.0000,1.2940,1.3220,61.0000,0.0190,0.0000,7.0000,1.3850,1.3980,64.0000
1789467577.5926,-0.0720,-0.0680,-13.0000,1.2940,1.3210,60.0000,0.0190,0.0000,7.0000,1.3850,1.4110,63.0000
1789467577.6426,-0.0720,-0.0600,-14.0000,1.2940,1.3030,61.0000,0.0190,0.0000,7.0000,1.3850,1.3810,64.0000
1789467577.6957,-0.0720,-0.0390,-15.0000,1.2940,1.2920,62.0000,0.0190,0.0000,8.0000,1.3850,1.3250,68.0000
1789467577.7425,-0.0720,-0.0660,-14.0000,1.2940,1.3150,60.0000,0.0190,0.0010,8.0000,1.3850,1.3190,68.0000
1789467577.7927,-0.0720,-0.0650,-14.0000,1.2940,1.3200,60.0000,0.0190,0.0110,7.0000,1.3850,1.3790,65.0000
1789467577.8426,-0.0720,-0.0720,-13.0000,1.2940,1.3070,60.0000,0.0190,0.0100,8.0000,1.3850,1.4000,65.0000
1789467577.8925,-0.0720,-0.0510,-15.0000,1.2940,1.3170,60.0000,0.0190,0.0040,8.0000,1.3850,1.4190,63.0000
1789467577.9433,-0.0720,-0.0260,-16.0000,1.2940,1.3010,60.0000,0.0190,0.0060,8.0000,1.3850,1.3900,65.0000
1789467577.9928,-0.0720,-0.0220,-17.0000,1.2940,1.2730,62.0000,0.0190,0.0260,7.0000,1.3850,1.3460,67.0000
1789467578.0433,-0.0720,-0.0450,-16.0000,1.2940,1.2880,61.0000,0.0190,0.0460,6.0000,1.3850,1.3460,68.0000
1789467578.0927,-0.0720,-0.0620,-16.0000,1.2940,1.3180,59.0000,0.0190,0.0540,5.0000,1.3850,1.3880,66.0000
1789467578.1434,-0.0720,-0.0830,-15.0000,1.2940,1.3070,60.0000,0.0190,0.0420,6.0000,1.3850,1.3960,65.0000
1789467578.1928,-0.0720,-0.0550,-16.0000,1.2940,1.3040,60.0000,0.0190,0.0040,8.0000,1.3850,1.4130,64.0000
1789467578.2436,-0.0720,-0.0580,-16.0000,1.2940,1.2670,62.0000,0.0190,0.0000,8.0000,1.3850,1.4080,64.0000
1789467578.2928,-0.0720,-0.0400,-17.0000,1.2940,1.2630,62.0000,0.0190,0.0030,8.0000,1.3850,1.3400,68.0000
1789467578.3427,-0.0720,-0.0750,-16.0000,1.2940,1.2820,61.0000,0.0190,0.0080,8.0000,1.3850,1.3600,67.0000
1789467578.3926,-0.0720,-0.0720,-16.0000,1.2940,1.2950,61.0000,0.0190,0.0090,8.0000,1.3850,1.3890,66.0000
1789467578.4428,-0.0720,-0.0810,-16.0000,1.2940,1.2690,62.0000,0.0190,0.0010,8.0000,1.3850,1.4270,63.0000
1789467578.4928,-0.0720,-0.0750,-16.0000,1.2940,1.2950,61.0000,0.0190,0.0000,9.0000,1.3850,1.4300,63.0000
1789467578.5431,-0.0720,-0.0870,-15.0000,1.2940,1.3120,60.0000,0.0190,0.0040,9.0000,1.3850,1.4160,63.0000
1789467578.5928,-0.0720,-0.0440,-17.0000,1.2940,1.3050,60.0000,0.0190,0.0010,9.0000,1.3850,1.3040,69.0000
1789467578.6426,-0.0720,-0.0620,-16.0000,1.2940,1.2830,62.0000,0.0190,0.0040,9.0000,1.3850,1.3690,66.0000
1789467578.6928,-0.0720,-0.0850,-15.0000,1.2940,1.2970,61.0000,0.0190,0.0200,8.0000,1.3850,1.3740,66.0000
1789467578.7427,-0.0720,-0.1150,-14.0000,1.2940,1.2860,62.0000,0.0190,0.0390,7.0000,1.3850,1.4250,63.0000
1789467578.7928,-0.0720,-0.0670,-16.0000,1.2940,1.2780,62.0000,0.0190,0.0450,7.0000,1.3850,1.4010,64.0000
1789467578.8427,-0.0720,-0.0780,-15.0000,1.2940,1.3060,61.0000,0.0190,0.0220,8.0000,1.3850,1.4380,62.0000
1789467578.8926,-0.0720,-0.0420,-17.0000,1.2940,1.3160,60.0000,0.0190,0.0450,6.0000,1.3850,1.3170,69.0000
1789467578.9428,-0.0720,-0.0560,-17.0000,1.2940,1.2780,62.0000,0.0190,0.0180,8.0000,1.3850,1.3590,66.0000
1789467578.9928,-0.0720,-0.0470,-17.0000,1.2940,1.2500,64.0000,0.0190,0.0220,7.0000,1.3850,1.4320,62.0000
1789467579.0425,-0.0720,-0.0860,-15.0000,1.2940,1.2940,62.0000,0.0190,0.0080,8.0000,1.3850,1.4430,62.0000
1789467579.0928,-0.0720,-0.0740,-16.0000,1.2940,1.2570,64.0000,0.0190,0.0010,9.0000,1.3850,1.4200,62.0000
1789467579.1436,-0.0720,-0.0700,-16.0000,1.2940,1.2860,63.0000,0.0190,0.0040,9.0000,1.3850,1.4340,61.0000
1789467579.1928,-0.0720,-0.0800,-16.0000,1.2940,1.3070,61.0000,0.0190,0.0870,4.0000,1.3850,1.3040,68.0000
1789467579.2433,-0.0720,-0.0560,-17.0000,1.2940,1.3180,61.0000,0.0190,0.0530,5.0000,1.3850,1.3200,68.0000
1789467579.2927,-0.0720,-0.0680,-16.0000,1.2940,1.2940,62.0000,0.0190,0.0260,6.0000,1.3850,1.3810,65.0000
1789467579.3428,-0.0720,-0.0370,-18.0000,1.2940,1.2850,62.0000,0.0190,0.0310,6.0000,1.3850,1.4600,61.0000
1789467579.3926,-0.0720,-0.0640,-17.0000,1.2940,1.2900,62.0000,0.0190,0.0050,7.0000,1.3850,1.4260,62.0000
1789467579.4426,-0.0720,-0.0480,-18.0000,1.2940,1.2740,63.0000,0.0190,0.0030,7.0000,1.3850,1.4330,61.0000
1789467579.4934,-0.0720,-0.0930,-16.0000,1.2940,1.2570,64.0000,0.0190,0.0270,6.0000,1.3850,1.3650,65.0000
1789467579.5428,-0.0720,-0.0940,-16.0000,1.2940,1.2990,62.0000,0.0190,0.0650,4.0000,1.3850,1.3210,67.0000
1789467579.5945,-0.0720,-0.0810,-16.0000,1.2940,1.2850,63.0000,0.0190,0.0490,5.0000,1.3850,1.3730,65.0000
1789467579.6428,-0.0720,-0.0560,-17.0000,1.2940,1.3080,62.0000,0.0190,0.0280,5.0000,1.3850,1.4170,62.0000
1789467579.6928,-0.0720,-0.0670,-17.0000,1.2940,1.2630,64.0000,0.0190,0.0030,7.0000,1.3850,1.4290,62.0000
1789467579.7461,-0.0720,-0.0710,-17.0000,1.2940,1.2960,63.0000,0.0190,0.0030,7.0000,1.3850,1.3650,65.0000
1789467579.7958,-0.0720,-0.0600,-17.0000,1.2940,1.3000,62.0000,0.0190,0.0300,5.0000,1.3850,1.3520,66.0000
1789467579.8458,-0.0720,-0.0610,-17.0000,1.2940,1.3210,61.0000,0.0190,0.0120,6.0000,1.3850,1.3430,66.0000
1789467579.8958,-0.0720,-0.0400,-19.0000,1.2940,1.2960,62.0000,0.0190,0.0020,7.0000,1.3850,1.4130,63.0000
1789467579.9471,-0.0720,-0.0230,-20.0000,1.2940,1.2670,64.0000,0.0190,0.0000,7.0000,1.3850,1.4170,62.0000
1789467579.9959,-0.0720,-0.0840,-17.0000,1.2940,1.2760,64.0000,0.0190,0.0070,7.0000,1.3850,1.4070,63.0000
1789467580.0457,-0.0720,-0.0950,-17.0000,1.2940,1.2810,64.0000,0.0190,0.0250,6.0000,1.3850,1.3390,66.0000
1789467580.0958,-0.0720,-0.0510,-19.0000,1.2940,1.3010,63.0000,0.0190,0.0130,7.0000,1.3850,1.4240,61.0000
1789467580.1458,-0.0720,-0.0760,-17.0000,1.2940,1.3360,61.0000,0.0190,0.0760,3.0000,1.3850,1.3590,65.0000
1789467580.1957,-0.0720,-0.0310,-20.0000,1.2940,1.3060,62.0000,0.0190,0.0280,6.0000,1.3850,1.3930,63.0000
1789467580.2456,-0.0720,-0.0090,-22.0000,1.2940,1.2760,64.0000,0.0190,0.0060,7.0000,1.3850,1.3930,63.0000
1789467580.2958,-0.0720,-0.0520,-20.0000,1.2940,1.2590,65.0000,0.0190,0.0420,5.0000,1.3850,1.3070,68.0000
1789467580.3456,-0.0720,-0.1000,-17.0000,1.2940,1.2820,63.0000,0.0190,0.0090,6.0000,1.3850,1.3810,65.0000
1789467580.3958,-0.0720,-0.0690,-19.0000,1.2940,1.2780,64.0000,0.0190,0.0040,7.0000,1.3850,1.4140,63.0000
1789467580.4458,-0.0720,-0.1140,-16.0000,1.2940,1.2750,64.0000,0.0190,0.0070,7.0000,1.3850,1.4200,62.0000
1789467580.4975,-0.0720,-0.0890,-18.0000,1.2940,1.3580,60.0000,0.0190,0.0220,6.0000,1.3850,1.4420,61.0000
1789467580.5458,-0.0720,-0.0150,-22.0000,1.2940,1.3290,61.0000,0.0190,0.0650,3.0000,1.3850,1.2730,70.0000
1789467580.5958,-0.0720,-0.0010,-23.0000,1.2940,1.2860,63.0000,0.0190,0.0760,2.0000,1.3850,1.3690,65.0000
1789467580.6957,-0.0720,-0.0000,-24.0000,1.2940,1.3060,62.0000,0.0190,0.0060,6.0000,1.3850,1.4080,63.0000
1789467580.6969,-0.0720,-0.0030,-24.0000,1.2940,1.2870,63.0000,0.0190,0.0010,6.0000,1.3850,1.3710,65.0000
1789467580.7458,-0.0720,-0.0210,-24.0000,1.2940,1.2620,64.0000,0.0190,0.0010,6.0000,1.3850,1.3330,68.0000
1789467580.7958,-0.0720,-0.0050,-26.0000,1.2940,1.3030,62.0000,0.0190,0.0000,6.0000,1.3850,1.3840,65.0000
1789467580.8460,-0.0720,-0.0050,-27.0000,1.2940,1.2670,64.0000,0.0190,0.0030,6.0000,1.3850,1.3500,68.0000
1789467580.8956,-0.0720,-0.0670,-24.0000,1.2940,1.3150,61.0000,0.0190,0.0070,6.0000,1.3850,1.4190,64.0000
1789467580.9477,-0.0720,-0.1890,-17.0000,1.2940,1.3020,62.0000,0.0190,0.0030,7.0000,1.3850,1.4160,64.0000
1789467580.9958,-0.0720,-0.1990,-16.0000,1.2940,1.3340,60.0000,0.0190,0.0200,6.0000,1.3850,1.4210,63.0000
1789467581.0456,-0.0720,-0.1270,-18.0000,1.2940,1.3120,61.0000,0.0190,0.0640,3.0000,1.3850,1.3480,67.0000
1789467581.0959,-0.0720,-0.1430,-16.0000,1.2940,1.3410,59.0000,0.0190,0.0580,3.0000,1.3850,1.3770,66.0000
1789467581.1459,-0.0720,-0.0780,-19.0000,1.2940,1.2760,63.0000,0.0190,0.0070,6.0000,1.3850,1.4410,62.0000
1789467581.1973,-0.0720,-0.0300,-22.0000,1.2940,1.2690,63.0000,0.0190,0.0010,6.0000,1.3850,1.4390,62.0000
1789467581.2467,-0.0720,-0.0680,-20.0000,1.2940,1.2840,62.0000,0.0190,0.0100,6.0000,1.3850,1.4140,63.0000
1789467581.2967,-0.0720,-0.0940,-19.0000,1.2940,1.2890,62.0000,0.0190,0.0110,6.0000,1.3850,1.3330,67.0000
1789467581.3469,-0.0720,-0.0470,-21.0000,1.2940,1.2620,64.0000,0.0190,0.0020,7.0000,1.3850,1.3570,66.0000
1789467581.3981,-0.0720,-0.0840,-19.0000,1.2940,1.3290,60.0000,0.0190,0.0140,6.0000,1.3850,1.3950,64.0000
1789467581.4468,-0.0720,-0.1100,-17.0000,1.2940,1.3270,60.0000,0.0190,0.0480,4.0000,1.3850,1.3710,66.0000
1789467581.4977,-0.0720,-0.0730,-19.0000,1.2940,1.2880,62.0000,0.0190,0.0090,6.0000,1.3850,1.4320,62.0000
1789467581.5467,-0.0720,-0.0520,-20.0000,1.2940,1.2880,62.0000,0.0190,-0.0020,7.0000,1.3850,1.4210,63.0000
1789467581.5967,-0.0720,-0.0940,-18.0000,1.2940,1.3010,61.0000,0.0190,0.0000,7.0000,1.3850,1.3320,67.0000
1789467581.6467,-0.0720,-0.0990,-17.0000,1.2940,1.2890,62.0000,0.0190,0.0010,7.0000,1.3850,1.3480,67.0000
1789467581.6969,-0.0720,-0.0650,-19.0000,1.2940,1.2920,62.0000,0.0190,0.0000,7.0000,1.3850,1.3730,66.0000
1789467581.7467,-0.0720,-0.1070,-16.0000,1.2940,1.3240,60.0000,0.0190,0.0000,8.0000,1.3850,1.4020,64.0000
1789467581.8000,-0.0720,-0.0930,-17.0000,1.2940,1.2880,62.0000,0.0190,0.0000,8.0000,1.3850,1.4180,63.0000
1789467581.8504,-0.0720,-0.0670,-18.0000,1.2940,1.2800,62.0000,0.0190,0.0000,8.0000,1.3850,1.4290,62.0000
1789467581.8998,-0.0720,-0.0510,-19.0000,1.2940,1.3010,61.0000,0.0190,0.0000,8.0000,1.3850,1.3410,67.0000
1789467581.9504,-0.0720,-0.1140,-16.0000,1.2940,1.2860,62.0000,0.0190,0.0010,8.0000,1.3850,1.3320,67.0000
1789467582.0000,-0.0720,-0.0730,-18.0000,1.2940,1.2970,61.0000,0.0190,0.0070,8.0000,1.3850,1.3420,67.0000
1789467582.0504,-0.0720,-0.0710,-18.0000,1.2940,1.3270,60.0000,0.0190,0.0030,9.0000,1.3850,1.4130,64.0000
1789467582.0998,-0.0720,-0.0710,-18.0000,1.2940,1.2950,61.0000,0.0190,0.0000,9.0000,1.3850,1.4190,63.0000
1789467582.1505,-0.0720,-0.0440,-19.0000,1.2940,1.2860,62.0000,0.0190,0.0000,9.0000,1.3850,1.4540,61.0000
1789467582.2026,-0.0720,-0.0110,-22.0000,1.2940,1.2770,62.0000,0.0190,0.0000,10.0000,1.3850,1.4100,63.0000
1789467582.2505,-0.0720,-0.0920,-17.0000,1.2940,1.2860,62.0000,0.0190,0.0410,7.0000,1.3850,1.3700,65.0000
1789467582.3000,-0.0720,-0.0980,-17.0000,1.2940,1.2860,62.0000,0.0190,0.0950,4.0000,1.3850,1.3060,68.0000
1789467582.3504,-0.0720,-0.0990,-17.0000,1.2940,1.3220,60.0000,0.0190,0.0650,5.0000,1.3850,1.4080,63.0000
1789467582.3999,-0.0720,-0.0700,-18.0000,1.2940,1.3290,59.0000,0.0190,0.0210,7.0000,1.3850,1.4240,62.0000
1789467582.4508,-0.0720,-0.0760,-18.0000,1.2940,1.3250,59.0000,0.0190,0.0030,8.0000,1.3850,1.4460,61.0000
1789467582.4997,-0.0720,-0.0210,-21.0000,1.2940,1.2820,61.0000,0.0190,0.0000,8.0000,1.3850,1.4150,62.0000
1789467582.5507,-0.0720,-0.0530,-19.0000,1.2940,1.2810,61.0000,0.0190,0.0050,8.0000,1.3850,1.3470,65.0000
1789467582.6000,-0.0720,-0.0830,-18.0000,1.2940,1.2730,62.0000,0.0190,0.0160,8.0000,1.3850,1.3290,66.0000
1789467582.6511,-0.0720,-0.1220,-16.0000,1.2940,1.2960,61.0000,0.0190,0.0210,8.0000,1.3850,1.3840,64.0000
1789467582.7009,-0.0720,-0.0470,-20.0000,1.2940,1.3080,60.0000,0.0190,0.0350,7.0000,1.3850,1.4250,62.0000
1789467582.7508,-0.0720,-0.1000,-17.0000,1.2940,1.3330,59.0000,0.0190,0.0750,4.0000,1.3850,1.4190,62.0000
1789467582.8010,-0.0720,-0.0840,-17.0000,1.2940,1.2920,61.0000,0.0190,0.0400,6.0000,1.3850,1.3940,63.0000
1789467582.8509,-0.0720,-0.0220,-21.0000,1.2940,1.2730,62.0000,0.0190,0.0040,8.0000,1.3850,1.3620,64.0000
1789467582.9022,-0.0720,-0.0780,-18.0000,1.2940,1.2910,61.0000,0.0190,0.0000,8.0000,1.3850,1.4120,62.0000
1789467582.9520,-0.0720,-0.0590,-19.0000,1.2940,1.2860,61.0000,0.0190,0.0240,7.0000,1.3850,1.3250,67.0000
1789467583.0018,-0.0720,-0.1070,-17.0000,1.2940,1.3150,60.0000,0.0190,0.0360,6.0000,1.3850,1.3870,63.0000
1789467583.0517,-0.0720,-0.0780,-18.0000,1.2940,1.3250,59.0000,0.0190,0.0070,7.0000,1.3850,1.4240,61.0000
1789467583.1018,-0.0720,-0.0790,-18.0000,1.2940,1.2760,61.0000,0.0190,0.0230,7.0000,1.3850,1.4080,62.0000
1789467583.1518,-0.0720,-0.0350,-20.0000,1.2940,1.2550,63.0000,0.0190,0.0520,5.0000,1.3850,1.3330,66.0000
1789467583.2018,-0.0720,-0.1050,-16.0000,1.2940,1.2560,63.0000,0.0190,0.0690,4.0000,1.3850,1.3290,67.0000
1789467583.2524,-0.0720,-0.1360,-14.0000,1.2940,1.2930,61.0000,0.0190,0.0460,4.0000,1.3850,1.3650,65.0000
1789467583.3019,-0.0720,-0.0700,-18.0000,1.2940,1.2440,64.0000,0.0190,0.0110,6.0000,1.3850,1.3710,65.0000
1789467583.3518,-0.0720,-0.1210,-14.0000,1.2940,1.3020,61.0000,0.0190,0.0010,7.0000,1.3850,1.3940,64.0000
1789467583.4019,-0.0720,-0.1470,-12.0000,1.2940,1.3580,58.0000,0.0190,0.0150,6.0000,1.3850,1.4300,62.0000
1789467583.4517,-0.0720,-0.0950,-15.0000,1.2940,1.3110,60.0000,0.0190,0.0690,3.0000,1.3850,1.3920,64.0000
1789467583.5026,-0.0720,-0.0310,-18.0000,1.2940,1.2250,65.0000,0.0190,0.0230,5.0000,1.3850,1.3780,64.0000
1789467583.5519,-0.0720,-0.0900,-15.0000,1.2940,1.2390,65.0000,0.0190,0.0410,4.0000,1.3850,1.3560,66.0000
1789467583.6018,-0.0720,-0.1110,-14.0000,1.2940,1.2500,65.0000,0.0190,0.0670,2.0000,1.3850,1.4130,63.0000
1789467583.6518,-0.0720,-0.1090,-13.0000,1.2940,1.2750,64.0000,0.0190,0.0310,4.0000,1.3850,1.3940,64.0000
1789467583.7020,-0.0720,-0.1140,-13.0000,1.2940,1.3280,61.0000,0.0190,0.0050,5.0000,1.3850,1.4180,62.0000
1789467583.7518,-0.0720,-0.1080,-13.0000,1.2940,1.3580,59.0000,0.0190,0.0360,3.0000,1.3850,1.4090,62.0000
1789467583.8020,-0.0720,-0.0350,-16.0000,1.2940,1.2110,68.0000,0.0190,0.0670,1.0000,1.3850,1.4200,61.0000
1789467583.8518,-0.0720,-0.0600,-15.0000,1.2940,1.2400,66.0000,0.0190,0.0060,4.0000,1.3850,1.3800,63.0000
1789467583.9019,-0.0720,-0.0710,-14.0000,1.2940,1.2370,67.0000,0.0190,0.0040,4.0000,1.3850,1.4110,61.0000
1789467583.9517,-0.0720,-0.1040,-12.0000,1.2940,1.2460,67.0000,0.0190,0.0150,4.0000,1.3850,1.3970,62.0000
1789467584.0021,-0.0720,-0.1030,-12.0000,1.2940,1.3230,63.0000,0.0190,0.0070,5.0000,1.3850,1.4180,60.0000
1789467584.0520,-0.0720,-0.1180,-11.0000,1.2940,1.3790,60.0000,0.0190,0.0160,4.0000,1.3850,1.3690,63.0000
1789467584.1019,-0.0720,-0.1140,-11.0000,1.2940,1.3730,59.0000,0.0190,0.0120,4.0000,1.3850,1.4170,60.0000
1789467584.1518,-0.0720,-0.1080,-11.0000,1.2940,1.3340,61.0000,0.0190,0.0350,3.0000,1.3850,1.3780,62.0000
1789467584.2018,-0.0720,-0.0770,-12.0000,1.2940,1.2400,66.0000,0.0190,0.0080,5.0000,1.3850,1.4060,60.0000
1789467584.2543,-0.0720,-0.0840,-12.0000,1.2940,1.2590,65.0000,0.0190,0.0020,5.0000,1.3850,1.3840,62.0000
1789467584.3040,-0.0720,-0.0970,-11.0000,1.2940,1.2620,65.0000,0.0190,0.0010,5.0000,1.3850,1.3950,61.0000
1789467584.3539,-0.0720,-0.0880,-11.0000,1.2940,1.3310,62.0000,0.0190,0.0020,5.0000,1.3850,1.3990,61.0000
1789467584.4040,-0.0720,-0.0930,-10.0000,1.2940,1.3090,63.0000,0.0190,0.0080,5.0000,1.3850,1.3880,61.0000
1789467584.4579,-0.0720,-0.0260,-14.0000,1.2940,1.2810,64.0000,0.0190,0.0020,6.0000,1.3850,1.3890,61.0000
1789467584.5039,-0.0720,-0.0810,-11.0000,1.2940,1.2690,65.0000,0.0190,0.0010,6.0000,1.3850,1.3860,61.0000
1789467584.5545,-0.0720,-0.0510,-13.0000,1.2940,1.2720,65.0000,0.0190,0.0060,6.0000,1.3850,1.3940,61.0000
1789467584.6040,-0.0720,-0.0910,-11.0000,1.2940,1.2860,65.0000,0.0190,0.0420,4.0000,1.3850,1.3830,61.0000
1789467584.6539,-0.0720,-0.0840,-11.0000,1.2940,1.3550,61.0000,0.0190,0.0980,1.0000,1.3850,1.3930,61.0000
1789467584.7038,-0.0720,-0.0580,-13.0000,1.2940,1.3710,59.0000,0.0190,0.0910,0.0000,1.3850,1.3830,61.0000
1789467584.7540,-0.0720,-0.0630,-12.0000,1.2940,1.2950,63.0000,0.0190,0.0940,-1.0000,1.3850,1.3910,60.0000
1789467584.8039,-0.0720,-0.0380,-14.0000,1.2940,1.2380,66.0000,0.0190,0.0280,2.0000,1.3850,1.3720,62.0000
1789467584.8538,-0.0720,-0.0800,-12.0000,1.2940,1.2490,66.0000,0.0190,0.0030,3.0000,1.3850,1.3940,60.0000
1789467584.9040,-0.0720,-0.0740,-12.0000,1.2940,1.2660,65.0000,0.0190,0.0030,3.0000,1.3850,1.3720,62.0000
1789467584.9539,-0.0720,-0.0940,-11.0000,1.2940,1.2760,65.0000,0.0190,0.0030,3.0000,1.3850,1.3990,60.0000
1789467585.0039,-0.0720,-0.0770,-12.0000,1.2940,1.3650,60.0000,0.0190,0.0100,3.0000,1.3850,1.3810,61.0000
1789467585.0539,-0.0720,-0.0780,-12.0000,1.2940,1.3660,60.0000,0.0190,0.0480,1.0000,1.3850,1.4140,59.0000
1789467585.1039,-0.0720,-0.0430,-14.0000,1.2940,1.2460,66.0000,0.0190,-0.0030,4.0000,1.3850,1.3670,62.0000
1789467585.1551,-0.0720,-0.0730,-12.0000,1.2940,1.2580,65.0000,0.0190,-0.0000,4.0000,1.3850,1.3990,60.0000
1789467585.2039,-0.0720,-0.0560,-13.0000,1.2940,1.2380,67.0000,0.0190,0.0030,4.0000,1.3850,1.3620,62.0000
1789467585.2539,-0.0720,-0.0820,-12.0000,1.2940,1.3030,64.0000,0.0190,0.0010,4.0000,1.3850,1.4000,60.0000
1789467585.3039,-0.0720,-0.0600,-13.0000,1.2940,1.3380,62.0000,0.0190,0.0010,4.0000,1.3850,1.3650,62.0000
1789467585.3539,-0.0720,-0.0830,-12.0000,1.2940,1.3730,59.0000,0.0190,0.0030,5.0000,1.3850,1.4050,59.0000
1789467585.4039,-0.0720,-0.0970,-11.0000,1.2940,1.3490,60.0000,0.0190,0.0060,4.0000,1.3850,1.3750,61.0000
1789467585.4540,-0.0720,-0.0080,-16.0000,1.2940,1.1890,69.0000,0.0190,-0.0090,6.0000,1.3850,1.3990,60.0000
1789467585.5039,-0.0720,-0.0640,-13.0000,1.2940,1.2150,68.0000,0.0190,0.0360,3.0000,1.3850,1.3630,62.0000
1789467585.5540,-0.0720,-0.0770,-13.0000,1.2940,1.2470,67.0000,0.0190,0.0860,0.0000,1.3850,1.3800,61.0000
1789467585.6038,-0.0720,-0.1090,-11.0000,1.2940,1.3350,62.0000,0.0190,0.1030,-1.0000,1.3850,1.3550,62.0000
1789467585.6555,-0.0720,-0.0870,-12.0000,1.2940,1.3450,61.0000,0.0190,0.0970,-2.0000,1.3850,1.3730,62.0000
1789467585.7039,-0.0720,-0.0780,-12.0000,1.2940,1.2860,65.0000,0.0190,0.0410,0.0000,1.3850,1.3640,62.0000
1789467585.7540,-0.0720,-0.0500,-14.0000,1.2940,1.2470,67.0000,0.0190,0.0040,2.0000,1.3850,1.4110,60.0000
1789467585.8038,-0.0720,-0.0520,-14.0000,1.2940,1.2680,66.0000,0.0190,0.0000,2.0000,1.3850,1.3740,62.0000
1789467585.8540,-0.0720,-0.0840,-12.0000,1.2940,1.2740,66.0000,0.0190,0.0000,2.0000,1.3850,1.3890,61.0000
1789467585.9040,-0.0720,-0.0950,-11.0000,1.2940,1.2990,65.0000,0.0190,0.0000,3.0000,1.3850,1.3710,62.0000
1789467585.9541,-0.0720,-0.0890,-12.0000,1.2940,1.3500,62.0000,0.0190,0.0030,3.0000,1.3850,1.3980,61.0000
1789467586.0040,-0.0720,-0.1080,-10.0000,1.2940,1.3810,60.0000,0.0190,0.0010,3.0000,1.3850,1.3900,61.0000
1789467586.0538,-0.0720,-0.0810,-11.0000,1.2940,1.2710,65.0000,0.0190,0.0010,3.0000,1.3850,1.3940,61.0000
1789467586.1038,-0.0720,-0.0640,-12.0000,1.2940,1.2620,65.0000,0.0190,0.0000,4.0000,1.3850,1.3870,61.0000
1789467586.1540,-0.0720,-0.0630,-12.0000,1.2940,1.2830,64.0000,0.0190,0.0000,4.0000,1.3850,1.3720,62.0000
1789467586.2065,-0.0720,-0.0470,-13.0000,1.2940,1.3000,64.0000,0.0190,0.0000,4.0000,1.3850,1.3910,61.0000
1789467586.2560,-0.0720,-0.0830,-11.0000,1.2940,1.3300,62.0000,0.0190,0.0000,4.0000,1.3850,1.3850,61.0000
1789467586.3067,-0.0720,-0.0950,-11.0000,1.2940,1.3360,61.0000,0.0190,0.0010,4.0000,1.3850,1.3910,61.0000
1789467586.3560,-0.0720,-0.0510,-13.0000,1.2940,1.3230,62.0000,0.0190,0.0060,4.0000,1.3850,1.3970,61.0000
1789467586.4061,-0.0720,-0.0050,-16.0000,1.2940,1.2830,64.0000,0.0190,0.0000,5.0000,1.3850,1.3870,61.0000
1789467586.4559,-0.0720,-0.0460,-14.0000,1.2940,1.2860,64.0000,0.0190,0.0160,4.0000,1.3850,1.3840,61.0000
1789467586.5060,-0.0720,-0.0700,-13.0000,1.2940,1.2960,63.0000,0.0190,0.0140,4.0000,1.3850,1.3810,61.0000
1789467586.5578,-0.0720,-0.1040,-12.0000,1.2940,1.3100,62.0000,0.0190,0.0100,5.0000,1.3850,1.3610,63.0000
1789467586.6078,-0.0720,-0.0940,-12.0000,1.2940,1.3260,61.0000,0.0190,0.0030,5.0000,1.3850,1.3870,61.0000
1789467586.6564,-0.0720,-0.1050,-11.0000,1.2940,1.3020,62.0000,0.0190,0.0000,6.0000,1.3850,1.3820,62.0000
1789467586.7080,-0.0720,-0.0830,-12.0000,1.2940,1.2740,64.0000,0.0190,0.0040,6.0000,1.3850,1.4010,60.0000
1789467586.7560,-0.0720,-0.0300,-15.0000,1.2940,1.2650,64.0000,0.0190,0.0000,6.0000,1.3850,1.3730,62.0000
1789467586.8107,-0.0720,-0.0930,-11.0000,1.2940,1.2670,65.0000,0.0190,0.0040,6.0000,1.3850,1.3960,61.0000
1789467586.8560,-0.0720,-0.1050,-11.0000,1.2940,1.2940,63.0000,0.0190,0.0030,6.0000,1.3850,1.3660,62.0000
1789467586.9060,-0.0720,-0.1040,-11.0000,1.2940,1.3350,61.0000,0.0190,0.0000,7.0000,1.3850,1.3810,62.0000
1789467586.9559,-0.0720,-0.1080,-10.0000,1.2940,1.3090,62.0000,0.0190,0.0010,7.0000,1.3850,1.3730,62.0000
1789467587.0060,-0.0720,-0.0730,-12.0000,1.2940,1.3350,61.0000,0.0190,0.0030,7.0000,1.3850,1.3990,61.0000
1789467587.0567,-0.0720,-0.0940,-10.0000,1.2940,1.2390,66.0000,0.0190,0.0010,7.0000,1.3850,1.3570,63.0000
1789467587.1060,-0.0720,-0.0830,-10.0000,1.2940,1.2810,64.0000,0.0190,0.0000,8.0000,1.3850,1.3920,61.0000
1789467587.1562,-0.0720,-0.0710,-11.0000,1.2940,1.2850,64.0000,0.0190,0.0030,8.0000,1.3850,1.3630,63.0000
1789467587.2060,-0.0720,-0.0740,-11.0000,1.2940,1.3220,62.0000,0.0190,0.0010,8.0000,1.3850,1.3980,61.0000
1789467587.2570,-0.0720,-0.0900,-10.0000,1.2940,1.3500,60.0000,0.0190,0.0000,8.0000,1.3850,1.3700,63.0000
1789467587.3060,-0.0720,-0.0770,-10.0000,1.2940,1.3470,60.0000,0.0190,0.0030,8.0000,1.3850,1.4040,61.0000
1789467587.3561,-0.0720,-0.0740,-11.0000,1.2940,1.2630,64.0000,0.0190,0.0040,8.0000,1.3850,1.3500,64.0000
1789467587.4061,-0.0720,-0.0730,-11.0000,1.2940,1.2600,64.0000,0.0190,0.0050,9.0000,1.3850,1.3740,63.0000
1789467587.4560,-0.0720,-0.0590,-11.0000,1.2940,1.2910,63.0000,0.0190,0.0100,8.0000,1.3850,1.3650,63.0000
1789467587.5059,-0.0720,-0.0790,-10.0000,1.2940,1.3020,62.0000,0.0190,0.0040,9.0000,1.3850,1.3970,62.0000
1789467587.5560,-0.0720,-0.0810,-10.0000,1.2940,1.3180,61.0000,0.0190,0.0010,9.0000,1.3850,1.3610,64.0000
1789467587.6061,-0.0720,-0.0800,-10.0000,1.2940,1.3450,59.0000,0.0190,0.0130,9.0000,1.3850,1.4190,61.0000
1789467587.6560,-0.0720,-0.0780,-10.0000,1.2940,1.2950,62.0000,0.0190,0.0510,7.0000,1.3850,1.3670,64.0000
1789467587.7060,-0.0720,-0.0730,-10.0000,1.2940,1.2450,65.0000,0.0190,0.0380,7.0000,1.3850,1.3870,63.0000
1789467587.7558,-0.0720,-0.0670,-11.0000,1.2940,1.2770,63.0000,0.0190,0.0270,8.0000,1.3850,1.3750,63.0000
1789467587.8060,-0.0720,-0.0810,-10.0000,1.2940,1.2520,65.0000,0.0190,0.0030,9.0000,1.3850,1.4080,61.0000
1789467587.8560,-0.0720,-0.0740,-10.0000,1.2940,1.2950,63.0000,0.0190,0.0000,9.0000,1.3850,1.3860,63.0000
1789467587.9061,-0.0720,-0.0700,-10.0000,1.2940,1.3260,61.0000,0.0190,0.0000,9.0000,1.3850,1.3880,62.0000
1789467587.9577,-0.0720,-0.0670,-11.0000,1.2940,1.2760,64.0000,0.0190,0.0100,9.0000,1.3850,1.3880,62.0000
1789467588.0060,-0.0720,-0.0820,-10.0000,1.2940,1.2500,65.0000,0.0190,0.0020,10.0000,1.3850,1.3720,63.0000
1789467588.0558,-0.0720,-0.0730,-10.0000,1.2940,1.2400,66.0000,0.0190,0.0000,10.0000,1.3850,1.3920,62.0000
1789467588.1061,-0.0720,-0.0600,-11.0000,1.2940,1.2570,66.0000,0.0190,0.0000,10.0000,1.3850,1.4100,61.0000
1789467588.1558,-0.0720,-0.0750,-10.0000,1.2940,1.2850,65.0000,0.0190,0.0090,10.0000,1.3850,1.3940,62.0000
1789467588.2059,-0.0720,-0.0540,-11.0000,1.2940,1.3100,64.0000,0.0190,0.0090,10.0000,1.3850,1.4040,61.0000
1789467588.2560,-0.0720,-0.0950,-9.0000,1.2940,1.3850,59.0000,0.0190,0.0210,9.0000,1.3850,1.3920,62.0000
1789467588.3060,-0.0720,-0.0790,-10.0000,1.2940,1.3240,62.0000,0.0190,0.0220,9.0000,1.3850,1.3630,63.0000
1789467588.3580,-0.0720,-0.0680,-10.0000,1.2940,1.2590,65.0000,0.0190,0.0040,10.0000,1.3850,1.3930,62.0000
1789467588.4061,-0.0720,-0.0830,-10.0000,1.2940,1.2570,66.0000,0.0190,0.0030,11.0000,1.3850,1.3940,62.0000
1789467588.4561,-0.0720,-0.0810,-10.0000,1.2940,1.2490,67.0000,0.0190,0.0000,11.0000,1.3850,1.3970,61.0000
1789467588.5061,-0.0720,-0.0630,-11.0000,1.2940,1.2870,65.0000,0.0190,0.0000,11.0000,1.3850,1.3900,62.0000
1789467588.5561,-0.0720,-0.1150,-7.0000,1.2940,1.3190,63.0000,0.0190,0.0170,10.0000,1.3850,1.4000,61.0000
1789467588.6060,-0.0720,-0.1430,-5.0000,1.2940,1.3610,60.0000,0.0190,0.0780,7.0000,1.3850,1.3830,62.0000
1789467588.6569,-0.0720,-0.0900,-8.0000,1.2940,1.2240,68.0000,0.0190,0.0370,9.0000,1.3850,1.3800,62.0000
1789467588.7059,-0.0720,-0.0450,-10.0000,1.2940,1.2450,67.0000,0.0190,0.0110,10.0000,1.3850,1.3780,62.0000
1789467588.7557,-0.0720,-0.0540,-10.0000,1.2940,1.2680,66.0000,0.0190,0.0090,10.0000,1.3850,1.4000,61.0000
1789467588.8060,-0.0720,-0.0680,-9.0000,1.2940,1.2740,66.0000,0.0190,0.0330,9.0000,1.3850,1.3810,62.0000
1789467588.8581,-0.0720,-0.0760,-9.0000,1.2940,1.3270,63.0000,0.0190,0.0110,10.0000,1.3850,1.4000,61.0000
1789467588.9061,-0.0720,-0.0940,-8.0000,1.2940,1.3770,60.0000,0.0190,0.0230,9.0000,1.3850,1.3770,62.0000
1789467588.9561,-0.0720,-0.1190,-6.0000,1.2940,1.3470,61.0000,0.0190,0.0340,9.0000,1.3850,1.4040,60.0000
1789467589.0061,-0.0720,-0.0370,-10.0000,1.2940,1.2750,65.0000,0.0190,0.0540,7.0000,1.3850,1.3700,62.0000
1789467589.0562,-0.0720,-0.0580,-9.0000,1.2940,1.2600,66.0000,0.0190,0.0230,9.0000,1.3850,1.4010,60.0000
1789467589.1061,-0.0720,-0.0500,-10.0000,1.2940,1.2650,66.0000,0.0190,0.0200,9.0000,1.3850,1.3690,62.0000
1789467589.1561,-0.0720,-0.0500,-10.0000,1.2940,1.2690,66.0000,0.0190,0.0180,9.0000,1.3850,1.3970,60.0000
1789467589.2064,-0.0720,-0.0470,-10.0000,1.2940,1.3030,64.0000,0.0190,0.0110,9.0000,1.3850,1.3760,62.0000
1789467589.2560,-0.0720,-0.0410,-11.0000,1.2940,1.3130,63.0000,0.0190,0.0150,9.0000,1.3850,1.4000,60.0000
1789467589.3060,-0.0720,-0.0770,-9.0000,1.2940,1.2480,67.0000,0.0190,0.0150,9.0000,1.3850,1.3720,62.0000
1789467589.3562,-0.0720,-0.0450,-11.0000,1.2940,1.2700,66.0000,0.0190,0.0090,10.0000,1.3850,1.4040,60.0000
1789467589.4061,-0.0720,-0.0700,-10.0000,1.2940,1.2730,66.0000,0.0190,0.0050,10.0000,1.3850,1.3780,62.0000
1789467589.4561,-0.0720,-0.0630,-10.0000,1.2940,1.3110,64.0000,0.0190,0.0010,11.0000,1.3850,1.4070,60.0000
1789467589.5060,-0.0720,-0.0870,-9.0000,1.2940,1.3610,61.0000,0.0190,0.0030,11.0000,1.3850,1.3770,61.0000
1789467589.5560,-0.0720,-0.0770,-10.0000,1.2940,1.3360,62.0000,0.0190,0.0040,11.0000,1.3850,1.3980,60.0000
1789467589.6066,-0.0720,-0.0970,-8.0000,1.2940,1.2880,64.0000,0.0190,0.0280,10.0000,1.3850,1.3670,62.0000
1789467589.6561,-0.0720,-0.0610,-10.0000,1.2940,1.2350,67.0000,0.0190,0.0150,10.0000,1.3850,1.3960,60.0000
1789467589.7061,-0.0720,-0.0680,-10.0000,1.2940,1.2620,66.0000,0.0190,0.0250,10.0000,1.3850,1.3800,61.0000
1789467589.7561,-0.0720,-0.0830,-9.0000,1.2940,1.2610,67.0000,0.0190,0.0390,9.0000,1.3850,1.3900,61.0000
1789467589.8060,-0.0720,-0.0530,-11.0000,1.2940,1.2600,67.0000,0.0190,0.0330,9.0000,1.3850,1.3740,62.0000
1789467589.8560,-0.0720,-0.0780,-9.0000,1.2940,1.3620,62.0000,0.0190,0.0170,10.0000,1.3850,1.3870,61.0000
1789467589.9060,-0.0720,-0.0630,-10.0000,1.2940,1.3890,60.0000,0.0190,0.0630,7.0000,1.3850,1.3810,61.0000
1789467589.9561,-0.0720,-0.0580,-11.0000,1.2940,1.2390,68.0000,0.0190,0.0140,10.0000,1.3850,1.3980,61.0000
1789467590.0060,-0.0720,-0.0440,-12.0000,1.2940,1.2600,66.0000,0.0190,0.0050,10.0000,1.3850,1.3840,61.0000
1789467590.0561,-0.0720,-0.0630,-11.0000,1.2940,1.2360,68.0000,0.0190,0.0010,10.0000,1.3850,1.3850,61.0000
1789467590.1061,-0.0720,-0.0630,-11.0000,1.2940,1.2550,68.0000,0.0190,0.0000,11.0000,1.3850,1.3750,62.0000
1789467590.1562,-0.0720,-0.0720,-10.0000,1.2940,1.3640,62.0000,0.0190,0.0570,7.0000,1.3850,1.3690,62.0000
1789467590.2075,-0.0720,-0.0910,-9.0000,1.2940,1.3730,61.0000,0.0190,0.0740,6.0000,1.3850,1.3690,62.0000
1789467590.2560,-0.0720,-0.0890,-9.0000,1.2940,1.3760,60.0000,0.0190,0.0210,9.0000,1.3850,1.3950,61.0000
1789467590.3060,-0.0720,-0.0490,-12.0000,1.2940,1.2530,66.0000,0.0190,0.0220,9.0000,1.3850,1.3900,61.0000
1789467590.3560,-0.0720,-0.0740,-10.0000,1.2940,1.2640,66.0000,0.0190,0.0100,9.0000,1.3850,1.3830,62.0000
1789467590.4071,-0.0720,-0.0760,-10.0000,1.2940,1.2780,65.0000,0.0190,0.0240,8.0000,1.3850,1.3890,61.0000
1789467590.4573,-0.0720,-0.0830,-10.0000,1.2940,1.2970,64.0000,0.0190,0.0090,9.0000,1.3850,1.3560,63.0000
1789467590.5082,-0.0720,-0.0810,-10.0000,1.2940,1.3190,63.0000,0.0190,0.0190,9.0000,1.3850,1.3510,64.0000
1789467590.5569,-0.0720,-0.0940,-9.0000,1.2940,1.3060,63.0000,0.0190,0.0250,8.0000,1.3850,1.3430,65.0000
1789467590.6087,-0.0720,-0.0580,-11.0000,1.2940,1.2550,66.0000,0.0190,0.0320,8.0000,1.3850,1.3910,62.0000
1789467590.6571,-0.0720,-0.0560,-11.0000,1.2940,1.2750,65.0000,0.0190,0.0480,7.0000,1.3850,1.4000,62.0000
1789467590.7071,-0.0720,-0.0370,-12.0000,1.2940,1.2840,65.0000,0.0190,0.0240,8.0000,1.3850,1.3780,63.0000
1789467590.7572,-0.0720,-0.0780,-10.0000,1.2940,1.2940,65.0000,0.0190,0.0350,7.0000,1.3850,1.3510,64.0000
1789467590.8083,-0.0720,-0.0420,-12.0000,1.2940,1.2960,65.0000,0.0190,0.0260,8.0000,1.3850,1.3920,62.0000
1789467590.8572,-0.0720,-0.0730,-11.0000,1.2940,1.3220,63.0000,0.0190,0.0340,7.0000,1.3850,1.3830,63.0000
1789467590.9086,-0.0720,-0.0400,-13.0000,1.2940,1.2920,65.0000,0.0190,0.0320,7.0000,1.3850,1.3910,62.0000
1789467590.9572,-0.0720,-0.0660,-11.0000,1.2940,1.2790,65.0000,0.0190,0.0300,7.0000,1.3850,1.3920,62.0000
1789467591.0108,-0.0720,-0.0210,-14.0000,1.2940,1.2830,65.0000,0.0190,0.0780,4.0000,1.3850,1.4150,61.0000
1789467591.0572,-0.0720,-0.0400,-14.0000,1.2940,1.2820,66.0000,0.0190,0.0520,5.0000,1.3850,1.3530,64.0000
1789467591.1075,-0.0720,-0.0480,-14.0000,1.2940,1.2930,65.0000,0.0190,0.0260,6.0000,1.3850,1.4130,61.0000
1789467591.1569,0.0000,-0.0400,0.0000,1.1740,1.3140,54.0000,0.0000,0.0100,0.0000,1.2650,1.3710,53.0000
1789467591.2070,0.0000,0.0300,0.0000,0.5740,0.9010,22.0000,0.0000,0.0010,0.0000,0.6650,1.0400,17.0000
1789467591.2569,0.0000,0.1010,0.0000,0.0000,0.3180,0.0000,0.0000,-0.0020,0.0000,0.0650,0.4320,-15.0000
1789467591.3070,0.0000,0.1160,0.0000,0.0000,0.0210,0.0000,0.0000,-0.0030,0.0000,0.0000,0.0380,0.0000
1789467591.3571,0.0000,0.0290,0.0000,0.0000,0.0000,0.0000,0.0000,-0.0080,0.0000,0.0000,-0.0060,0.0000
1789467591.4070,0.0000,0.0010,0.0000,0.0000,0.0000,0.0000,0.0000,-0.0050,0.0000,0.0000,-0.0010,0.0000
1789467591.4570,0.0000,0.0000,0.0000,0.0000,0.0000,0.0000,0.0000,-0.0010,0.0000,0.0000,-0.0000,0.0000
1789467591.5072,0.0000,-0.0040,0.0000,0.0000,-0.0020,0.0000,0.0000,-0.0000,0.0000,0.0000,-0.0060,0.0000
1789467591.5572,0.0000,-0.0010,0.0000,0.0000,-0.0010,0.0000,0.0000,-0.0000,0.0000,0.0000,-0.0110,0.0000
1789467591.6071,0.0000,-0.0000,0.0000,0.0000,-0.0000,0.0000,0.0000,-0.0000,0.0000,0.0000,-0.0010,0.0000
1789467591.6569,0.0000,-0.0000,0.0000,0.0000,-0.0000,0.0000,0.0000,-0.0000,0.0000,0.0000,-0.0000,0.0000
1789467591.7070,0.0000,-0.0000,0.0000,0.0000,-0.0000,0.0000,0.0000,-0.0000,0.0000,0.0000,-0.0000,0.0000
1789467591.7571,0.0000,-0.0000,0.0000,0.0000,-0.0000,0.0000,0.0000,-0.0000,0.0000,0.0000,-0.0000,0.0000
1789467591.8070,0.0000,-0.0000,0.0000,0.0000,-0.0000,0.0000,0.0000,-0.0000,0.0000,0.0000,-0.0000,0.0000
1789467591.8571,0.0000,-0.0000,0.0000,0.0000,-0.0000,0.0000,0.0000,-0.0000,0.0000,0.0000,-0.0000,0.0000
1789467591.9070,0.0000,-0.0000,0.0000,0.0000,-0.0000,0.0000,0.0000,-0.0000,0.0000,0.0000,-0.0000,0.0000
1789467591.9569,-0.0720,-0.0030,-7.0000,0.2400,0.0150,28.0000,0.0190,-0.0000,2.0000,0.2400,0.0130,28.0000
1789467592.0071,-0.0720,-0.0160,-7.0000,0.8400,0.6050,50.0000,0.0190,-0.0000,2.0000,0.8400,0.5450,53.0000
1789467592.0571,-0.0720,-0.0150,-8.0000,1.2940,1.0430,72.0000,0.0190,-0.0000,2.0000,1.3850,1.1410,74.0000
1789467592.1071,0.0000,-0.0330,0.0000,1.1740,1.2580,55.0000,0.0000,-0.0000,0.0000,1.2650,1.3380,59.0000
1789467592.1569,0.0000,0.0030,0.0000,0.5740,0.8840,24.0000,0.0000,0.0070,0.0000,0.6650,1.0110,25.0000
1789467592.2070,0.0000,0.1280,0.0000,0.0000,0.3470,0.0000,0.0000,0.0070,0.0000,0.0650,0.4690,-10.0000
1789467592.2571,0.0000,0.0500,0.0000,0.0000,0.0280,0.0000,0.0000,-0.0020,0.0000,0.0000,0.0450,0.0000
1789467592.3070,0.0000,0.0110,0.0000,0.0000,0.0020,0.0000,0.0000,-0.0090,0.0000,0.0000,0.0030,0.0000
1789467592.3569,0.0000,-0.0050,0.0000,0.0000,0.0000,0.0000,0.0000,-0.0030,0.0000,0.0000,-0.0010,0.0000
1789467592.4070,0.0000,-0.0000,0.0000,0.0000,0.0000,0.0000,0.0000,-0.0000,0.0000,0.0000,-0.0000,0.0000
1789467592.4570,0.0000,-0.0010,0.0000,0.0000,-0.0010,0.0000,0.0000,-0.0030,0.0000,0.0000,-0.0030,0.0000
1789467592.5070,0.0000,-0.0270,0.0000,0.0000,-0.0010,0.0000,0.0000,-0.0000,0.0000,0.0000,-0.0100,0.0000
1789467592.5570,0.0000,-0.0100,0.0000,0.0000,-0.0000,0.0000,0.0000,-0.0000,0.0000,0.0000,-0.0010,0.0000
1789467592.6070,0.0000,0.0010,0.0000,0.0000,-0.0000,0.0000,0.0000,-0.0000,0.0000,0.0000,0.0020,0.0000
1789467592.6569,0.0000,0.0000,0.0000,0.0000,-0.0000,0.0000,0.0000,-0.0000,0.0000,0.0000,0.0000,0.0000
1789467592.7069,0.0000,0.0000,0.0000,0.0000,-0.0000,0.0000,0.0000,-0.0000,0.0000,0.0000,0.0000,0.0000
1789467592.7570,0.0000,-0.0000,0.0000,0.0000,-0.0000,0.0000,0.0000,-0.0000,0.0000,0.0000,0.0000,0.0000
1789467592.8079,0.0000,-0.0000,0.0000,0.0000,-0.0000,0.0000,0.0000,-0.0000,0.0000,0.0000,0.0000,0.0000
1789467592.8571,0.0000,-0.0000,0.0000,0.0000,-0.0000,0.0000,0.0000,-0.0000,0.0000,0.0000,0.0000,0.0000
1789467592.9070,0.0000,-0.0000,0.0000,0.0000,-0.0000,0.0000,0.0000,-0.0000,0.0000,0.0000,0.0000,0.0000
1789467592.9571,0.0000,-0.0000,0.0000,0.0000,-0.0000,0.0000,0.0000,-0.0000,0.0000,0.0000,0.0000,0.0000
1789467593.0071,0.0000,-0.0000,0.0000,0.0000,-0.0000,0.0000,0.0000,-0.0000,0.0000,0.0000,0.0000,0.0000
1789467593.0570,0.0000,-0.0000,0.0000,0.0000,-0.0000,0.0000,0.0000,-0.0000,0.0000,0.0000,0.0000,0.0000
1789467593.1071,0.0000,-0.0000,0.0000,0.0000,-0.0000,0.0000,0.0000,-0.0000,0.0000,0.0000,0.0000,0.0000
1789467593.1570,0.0000,-0.0000,0.0000,0.0000,-0.0000,0.0000,0.0000,-0.0000,0.0000,0.0000,0.0000,0.0000
1789467593.2070,0.0000,-0.0000,0.0000,0.0000,-0.0000,0.0000,0.0000,-0.0000,0.0000,0.0000,0.0000,0.0000
1789467593.2570,0.0000,-0.0000,0.0000,0.0000,-0.0000,0.0000,0.0000,-0.0000,0.0000,0.0000,0.0000,0.0000
1789467593.3071,0.0000,-0.0000,0.0000,0.0000,-0.0000,0.0000,0.0000,-0.0000,0.0000,0.0000,0.0000,0.0000
1789467593.3570,0.0000,-0.0000,0.0000,0.0000,-0.0000,0.0000,0.0000,-0.0000,0.0000,0.0000,0.0000,0.0000
1789467593.4072,0.0000,-0.0000,0.0000,0.0000,-0.0000,0.0000,0.0000,-0.0000,0.0000,0.0000,0.0000,0.0000
1789467593.4571,0.0000,-0.0000,0.0000,0.0000,-0.0000,0.0000,0.0000,-0.0000,0.0000,0.0000,0.0000,0.0000
1789467593.5070,0.0000,-0.0000,0.0000,0.0000,-0.0000,0.0000,0.0000,-0.0000,0.0000,0.0000,0.0000,0.0000
1789467593.5572,0.0000,-0.0000,0.0000,0.0000,-0.0000,0.0000,0.0000,-0.0000,0.0000,0.0000,0.0000,0.0000
1789467593.6069,0.0000,-0.0000,0.0000,0.0000,-0.0000,0.0000,0.0000,-0.0000,0.0000,0.0000,0.0000,0.0000
1789467593.6571,0.0000,-0.0000,0.0000,0.0000,-0.0000,0.0000,0.0000,-0.0000,0.0000,0.0000,0.0000,0.0000
1789467593.7070,0.0000,-0.0000,0.0000,0.0000,-0.0000,0.0000,0.0000,-0.0000,0.0000,0.0000,0.0000,0.0000
1789467593.7571,0.0000,-0.0000,0.0000,0.0000,-0.0000,0.0000,0.0000,-0.0000,0.0000,0.0000,0.0000,0.0000
1789467593.8071,0.0000,-0.0000,0.0000,0.0000,-0.0000,0.0000,0.0000,-0.0000,0.0000,0.0000,0.0000,0.0000
1789467593.8572,0.0000,-0.0000,0.0000,0.0000,-0.0000,0.0000,0.0000,-0.0000,0.0000,0.0000,0.0000,0.0000
1789467593.9073,-0.3600,-0.0670,-35.0000,0.3600,0.0840,35.0000,-0.3600,-0.0620,-36.0000,0.3600,0.0670,36.0000
1789467593.9570,0.0000,-0.3140,0.0000,0.0000,0.2760,0.0000,0.0000,-0.3570,0.0000,0.0000,0.3720,0.0000
1789467594.0071,0.0000,-0.0190,0.0000,0.0000,0.0140,0.0000,0.0000,-0.0300,0.0000,0.0000,0.0220,0.0000
1789467594.0571,0.0000,-0.0010,0.0000,0.0000,0.0010,0.0000,0.0000,-0.0020,0.0000,0.0000,0.0020,0.0000
1789467594.1070,0.0000,-0.0000,0.0000,0.0000,0.0000,0.0000,0.0000,-0.0000,0.0000,0.0000,0.0000,0.0000
1789467594.1571,0.0000,-0.0000,0.0000,0.0000,0.0000,0.0000,0.0000,-0.0000,0.0000,0.0000,0.0000,0.0000
1789467594.2071,0.0000,-0.0000,0.0000,0.0000,0.0000,0.0000,0.0000,-0.0000,0.0000,0.0000,0.0000,0.0000
1789467594.2571,0.0000,-0.0000,0.0000,0.0000,0.0000,0.0000,0.0000,-0.0000,0.0000,0.0000,0.0000,0.0000
1789467594.3070,0.0000,-0.0000,0.0000,0.0000,0.0000,0.0000,0.0000,-0.0000,0.0000,0.0000,0.0000,0.0000
1789467594.3571,0.0000,-0.0000,0.0000,0.0000,0.0000,0.0000,0.0000,-0.0000,0.0000,0.0000,0.0000,0.0000
1789467594.4071,0.0000,-0.0000,0.0000,0.0000,0.0000,0.0000,0.0000,-0.0000,0.0000,0.0000,0.0000,0.0000
1789467594.4572,0.0000,-0.0000,0.0000,0.0000,0.0000,0.0000,0.0000,-0.0000,0.0000,0.0000,0.0000,0.0000
1789467594.5071,0.0000,-0.0000,0.0000,0.0000,0.0000,0.0000,0.0000,-0.0000,0.0000,0.0000,0.0000,0.0000
1789467594.5569,0.0000,-0.0000,0.0000,0.0000,0.0000,0.0000,0.0000,-0.0000,0.0000,0.0000,0.0000,0.0000
1789467594.6071,0.0000,-0.0000,0.0000,0.0000,0.0000,0.0000,0.0000,-0.0000,0.0000,0.0000,0.0000,0.0000
1789467594.6571,0.0000,-0.0000,0.0000,0.0000,0.0000,0.0000,0.0000,-0.0000,0.0000,0.0000,0.0000,0.0000
1789467594.7070,0.0000,-0.0000,0.0000,0.0000,0.0000,0.0000,0.0000,-0.0000,0.0000,0.0000,0.0000,0.0000
1789467594.7571,0.0000,-0.0000,0.0000,0.0000,0.0000,0.0000,0.0000,-0.0000,0.0000,0.0000,0.0000,0.0000
1789467594.8070,0.0000,-0.0000,0.0000,0.0000,0.0000,0.0000,0.0000,-0.0000,0.0000,0.0000,0.0000,0.0000
1789467594.8571,0.0000,-0.0000,0.0000,0.0000,0.0000,0.0000,0.0000,-0.0000,0.0000,0.0000,0.0000,0.0000
1789467594.9070,0.0000,-0.0000,0.0000,0.0000,0.0000,0.0000,0.0000,-0.0000,0.0000,0.0000,0.0000,0.0000
1789467594.9571,0.0000,-0.0000,0.0000,0.0000,0.0000,0.0000,0.0000,-0.0000,0.0000,0.0000,0.0000,0.0000
1789467595.0074,0.0000,-0.0000,0.0000,0.0000,0.0000,0.0000,0.0000,-0.0000,0.0000,0.0000,0.0000,0.0000
1789467595.0571,0.0000,-0.0000,0.0000,0.0000,0.0000,0.0000,0.0000,-0.0000,0.0000,0.0000,0.0000,0.0000
1789467595.1071,0.0000,-0.0000,0.0000,0.0000,0.0000,0.0000,0.0000,-0.0000,0.0000,0.0000,0.0000,0.0000
1789467595.1571,0.0000,-0.0000,0.0000,0.0000,0.0000,0.0000,0.0000,-0.0000,0.0000,0.0000,0.0000,0.0000
1789467595.2071,0.0000,-0.0000,0.0000,0.0000,0.0000,0.0000,0.0000,-0.0000,0.0000,0.0000,0.0000,0.0000
1789467595.2570,0.0000,-0.0000,0.0000,0.0000,0.0000,0.0000,0.0000,-0.0000,0.0000,0.0000,0.0000,0.0000
1789467595.3070,0.0000,-0.0000,0.0000,0.0000,0.0000,0.0000,0.0000,-0.0000,0.0000,0.0000,0.0000,0.0000
1789467595.3571,0.0000,-0.0000,0.0000,0.0000,0.0000,0.0000,0.0000,-0.0000,0.0000,0.0000,0.0000,0.0000
1789467595.4073,0.0000,-0.0000,0.0000,0.0000,0.0000,0.0000,0.0000,-0.0000,0.0000,0.0000,0.0000,0.0000
1789467595.4571,0.0000,-0.0000,0.0000,0.0000,0.0000,0.0000,0.0000,-0.0000,0.0000,0.0000,0.0000,0.0000
1789467595.5071,0.0000,-0.0000,0.0000,0.0000,0.0000,0.0000,0.0000,-0.0000,0.0000,0.0000,0.0000,0.0000
1789467595.5572,0.0000,-0.0000,0.0000,0.0000,0.0000,0.0000,0.0000,-0.0000,0.0000,0.0000,0.0000,0.0000
1789467595.6070,0.0000,-0.0000,0.0000,0.0000,0.0000,0.0000,0.0000,-0.0000,0.0000,0.0000,0.0000,0.0000
1789467595.6571,0.0000,-0.0000,0.0000,0.0000,0.0000,0.0000,0.0000,-0.0000,0.0000,0.0000,0.0000,0.0000
1789467595.7071,0.0000,-0.0000,0.0000,0.0000,0.0000,0.0000,0.0000,-0.0000,0.0000,0.0000,0.0000,0.0000
1789467595.7571,0.0000,-0.0000,0.0000,0.0000,0.0000,0.0000,0.0000,-0.0000,0.0000,0.0000,0.0000,0.0000
1789467595.8071,0.0000,-0.0000,0.0000,0.0000,0.0000,0.0000,0.0000,-0.0000,0.0000,0.0000,0.0000,0.0000
1789467595.8572,0.0000,-0.0000,0.0000,0.0000,0.0000,0.0000,0.0000,-0.0000,0.0000,0.0000,0.0000,0.0000
1789467595.9071,0.0000,-0.0000,0.0000,0.0000,0.0000,0.0000,0.0000,-0.0000,0.0000,0.0000,0.0000,0.0000
1789467595.9571,0.0000,-0.0000,0.0000,0.0000,0.0000,0.0000,0.0000,-0.0000,0.0000,0.0000,0.0000,0.0000
1789467596.0072,0.0000,-0.0000,0.0000,0.0000,0.0000,0.0000,0.0000,-0.0000,0.0000,0.0000,0.0000,0.0000
1789467596.0570,0.0000,-0.0000,0.0000,0.0000,0.0000,0.0000,0.0000,-0.0000,0.0000,0.0000,0.0000,0.0000
1789467596.1071,0.0000,-0.0000,0.0000,0.0000,0.0000,0.0000,0.0000,-0.0000,0.0000,0.0000,0.0000,0.0000
1789467596.1571,0.0000,-0.0000,0.0000,0.0000,0.0000,0.0000,0.0000,-0.0000,0.0000,0.0000,0.0000,0.0000
1789467596.2071,0.0000,-0.0000,0.0000,0.0000,0.0000,0.0000,0.0000,-0.0000,0.0000,0.0000,0.0000,0.0000
1789467596.2571,0.0000,-0.0000,0.0000,0.0000,0.0000,0.0000,0.0000,-0.0000,0.0000,0.0000,0.0000,0.0000
1789467596.3071,0.0000,-0.0000,0.0000,0.0000,0.0000,0.0000,0.0000,-0.0000,0.0000,0.0000,0.0000,0.0000
1789467596.3571,0.0000,-0.0000,0.0000,0.0000,0.0000,0.0000,0.0000,-0.0000,0.0000,0.0000,0.0000,0.0000
1789467596.4073,0.0000,-0.0000,0.0000,0.0000,0.0000,0.0000,0.0000,-0.0000,0.0000,0.0000,0.0000,0.0000
1789467596.4572,0.0000,-0.0000,0.0000,0.0000,0.0000,0.0000,0.0000,-0.0000,0.0000,0.0000,0.0000,0.0000
1789467596.5071,0.0000,-0.0000,0.0000,0.0000,0.0000,0.0000,0.0000,-0.0000,0.0000,0.0000,0.0000,0.0000
1789467596.5573,0.0000,-0.0000,0.0000,0.0000,0.0000,0.0000,0.0000,-0.0000,0.0000,0.0000,0.0000,0.0000
1789467596.6072,0.0000,-0.0000,0.0000,0.0000,0.0000,0.0000,0.0000,-0.0000,0.0000,0.0000,0.0000,0.0000
1789467596.6570,0.0000,-0.0000,0.0000,0.0000,0.0000,0.0000,0.0000,-0.0000,0.0000,0.0000,0.0000,0.0000
1789467596.7071,0.0000,-0.0000,0.0000,0.0000,0.0000,0.0000,0.0000,-0.0000,0.0000,0.0000,0.0000,0.0000
1789467596.7572,0.0000,-0.0000,0.0000,0.0000,0.0000,0.0000,0.0000,-0.0000,0.0000,0.0000,0.0000,0.0000
1789467596.8072,0.0000,-0.0000,0.0000,0.0000,0.0000,0.0000,0.0000,-0.0000,0.0000,0.0000,0.0000,0.0000
1789467596.8572,0.0000,-0.0000,0.0000,0.0000,0.0000,0.0000,0.0000,-0.0000,0.0000,0.0000,0.0000,0.0000
1789467596.9071,0.0000,-0.0000,0.0000,0.0000,0.0000,0.0000,0.0000,-0.0000,0.0000,0.0000,0.0000,0.0000
1789467596.9571,0.0000,-0.0000,0.0000,0.0000,0.0000,0.0000,0.0000,-0.0000,0.0000,0.0000,0.0000,0.0000
1789467597.0073,0.0000,-0.0000,0.0000,0.0000,0.0000,0.0000,0.0000,-0.0000,0.0000,0.0000,0.0000,0.0000
1789467597.0571,0.0000,-0.0000,0.0000,0.0000,0.0000,0.0000,0.0000,-0.0000,0.0000,0.0000,0.0000,0.0000
1789467597.1072,0.0000,-0.0000,0.0000,0.0000,0.0000,0.0000,0.0000,-0.0000,0.0000,0.0000,0.0000,0.0000
1789467597.1571,0.0000,-0.0000,0.0000,0.0000,0.0000,0.0000,0.0000,-0.0000,0.0000,0.0000,0.0000,0.0000
1789467597.2071,0.0000,-0.0000,0.0000,0.0000,0.0000,0.0000,0.0000,-0.0000,0.0000,0.0000,0.0000,0.0000
1789467597.2570,0.0000,-0.0000,0.0000,0.0000,0.0000,0.0000,0.0000,-0.0000,0.0000,0.0000,0.0000,0.0000
1789467597.3072,0.0000,-0.0000,0.0000,0.0000,0.0000,0.0000,0.0000,-0.0000,0.0000,0.0000,0.0000,0.0000
1789467597.3570,0.0000,-0.0000,0.0000,0.0000,0.0000,0.0000,0.0000,-0.0000,0.0000,0.0000,0.0000,0.0000
1789467597.4072,0.0000,-0.0000,0.0000,0.0000,0.0000,0.0000,0.0000,-0.0000,0.0000,0.0000,0.0000,0.0000
1789467597.4572,0.0000,-0.0000,0.0000,0.0000,0.0000,0.0000,0.0000,-0.0000,0.0000,0.0000,0.0000,0.0000
1789467597.5071,0.0000,-0.0000,0.0000,0.0000,0.0000,0.0000,0.0000,-0.0000,0.0000,0.0000,0.0000,0.0000
1789467597.5571,0.0000,-0.0000,0.0000,0.0000,0.0000,0.0000,0.0000,-0.0000,0.0000,0.0000,0.0000,0.0000
1789467597.6071,0.0000,-0.0000,0.0000,0.0000,0.0000,0.0000,0.0000,-0.0000,0.0000,0.0000,0.0000,0.0000
1789467597.6571,0.0000,-0.0000,0.0000,0.0000,0.0000,0.0000,0.0000,-0.0000,0.0000,0.0000,0.0000,0.0000
1789467597.7070,0.0000,-0.0000,0.0000,0.0000,0.0000,0.0000,0.0000,-0.0000,0.0000,0.0000,0.0000,0.0000
1789467597.7573,0.0000,-0.0000,0.0000,0.0000,0.0000,0.0000,0.0000,-0.0000,0.0000,0.0000,0.0000,0.0000
1789467597.8072,0.0000,-0.0000,0.0000,0.0000,0.0000,0.0000,0.0000,-0.0000,0.0000,0.0000,0.0000,0.0000
1789467597.8571,0.0000,-0.0000,0.0000,0.0000,0.0000,0.0000,0.0000,-0.0000,0.0000,0.0000,0.0000,0.0000
1789467597.9071,0.0000,-0.0000,0.0000,0.0000,0.0000,0.0000,0.0000,-0.0000,0.0000,0.0000,0.0000,0.0000
1789467597.9571,0.0000,-0.0000,0.0000,0.0000,0.0000,0.0000,0.0000,-0.0000,0.0000,0.0000,0.0000,0.0000
1789467598.0072,0.0000,-0.0000,0.0000,0.0000,0.0000,0.0000,0.0000,-0.0000,0.0000,0.0000,0.0000,0.0000
1789467598.0572,0.0000,-0.0000,0.0000,0.0000,0.0000,0.0000,0.0000,-0.0000,0.0000,0.0000,0.0000,0.0000
1789467598.1072,0.0000,-0.0000,0.0000,0.0000,0.0000,0.0000,0.0000,-0.0000,0.0000,0.0000,0.0000,0.0000
1789467598.1571,0.0000,-0.0000,0.0000,0.0000,0.0000,0.0000,0.0000,-0.0000,0.0000,0.0000,0.0000,0.0000
1789467598.2071,0.0000,-0.0000,0.0000,0.0000,0.0000,0.0000,0.0000,-0.0000,0.0000,0.0000,0.0000,0.0000
1789467598.2572,0.0000,-0.0000,0.0000,0.0000,0.0000,0.0000,0.0000,-0.0000,0.0000,0.0000,0.0000,0.0000
1789467598.3071,0.0000,-0.0000,0.0000,0.0000,0.0000,0.0000,0.0000,-0.0000,0.0000,0.0000,0.0000,0.0000
1789467598.3571,0.0000,-0.0000,0.0000,0.0000,0.0000,0.0000,0.0000,-0.0000,0.0000,0.0000,0.0000,0.0000
1789467598.4072,0.0000,-0.0000,0.0000,0.0000,0.0000,0.0000,0.0000,-0.0000,0.0000,0.0000,0.0000,0.0000
1789467598.4570,0.0000,-0.0000,0.0000,0.0000,0.0000,0.0000,0.0000,-0.0000,0.0000,0.0000,0.0000,0.0000
1789467598.5072,0.0000,-0.0000,0.0000,0.0000,0.0000,0.0000,0.0000,-0.0000,0.0000,0.0000,0.0000,0.0000
1789467598.5572,0.0000,-0.0000,0.0000,0.0000,0.0000,0.0000,0.0000,-0.0000,0.0000,0.0000,0.0000,0.0000
1789467598.6072,0.0000,-0.0000,0.0000,0.0000,0.0000,0.0000,0.0000,-0.0000,0.0000,0.0000,0.0000,0.0000
1789467598.6570,0.0000,-0.0000,0.0000,0.0000,0.0000,0.0000,0.0000,-0.0000,0.0000,0.0000,0.0000,0.0000
1789467598.7072,0.0000,-0.0000,0.0000,0.0000,0.0000,0.0000,0.0000,-0.0000,0.0000,0.0000,0.0000,0.0000
1789467598.7572,0.0000,-0.0000,0.0000,0.0000,0.0000,0.0000,0.0000,-0.0000,0.0000,0.0000,0.0000,0.0000
1789467598.8072,0.0000,-0.0000,0.0000,0.0000,0.0000,0.0000,0.0000,-0.0000,0.0000,0.0000,0.0000,0.0000
1789467598.8572,0.0000,-0.0000,0.0000,0.0000,0.0000,0.0000,0.0000,-0.0000,0.0000,0.0000,0.0000,0.0000
1789467598.9071,0.0000,-0.0000,0.0000,0.0000,0.0000,0.0000,0.0000,-0.0000,0.0000,0.0000,0.0000,0.0000
1789467598.9572,0.0000,-0.0000,0.0000,0.0000,0.0000,0.0000,0.0000,-0.0000,0.0000,0.0000,0.0000,0.0000
1789467599.0071,0.0000,-0.0000,0.0000,0.0000,0.0000,0.0000,0.0000,-0.0000,0.0000,0.0000,0.0000,0.0000
1789467599.0572,0.0000,-0.0000,0.0000,0.0000,0.0000,0.0000,0.0000,-0.0000,0.0000,0.0000,0.0000,0.0000
1789467599.1072,0.0000,-0.0000,0.0000,0.0000,0.0000,0.0000,0.0000,-0.0000,0.0000,0.0000,0.0000,0.0000
1789467599.1572,0.0000,-0.0000,0.0000,0.0000,0.0000,0.0000,0.0000,-0.0000,0.0000,0.0000,0.0000,0.0000
1789467599.2071,0.0000,-0.0000,0.0000,0.0000,0.0000,0.0000,0.0000,-0.0000,0.0000,0.0000,0.0000,0.0000
1789467599.2582,0.0000,-0.0000,0.0000,0.0000,0.0000,0.0000,0.0000,-0.0000,0.0000,0.0000,0.0000,0.0000
1789467599.3072,0.0000,-0.0000,0.0000,0.0000,0.0000,0.0000,0.0000,-0.0000,0.0000,0.0000,0.0000,0.0000
1789467599.3572,0.0000,-0.0000,0.0000,0.0000,0.0000,0.0000,0.0000,-0.0000,0.0000,0.0000,0.0000,0.0000
1789467599.4072,0.0000,-0.0000,0.0000,0.0000,0.0000,0.0000,0.0000,-0.0000,0.0000,0.0000,0.0000,0.0000
1789467599.4572,0.0000,-0.0000,0.0000,0.0000,0.0000,0.0000,0.0000,-0.0000,0.0000,0.0000,0.0000,0.0000
1789467599.5072,0.0000,-0.0000,0.0000,0.0000,0.0000,0.0000,0.0000,-0.0000,0.0000,0.0000,0.0000,0.0000
1789467599.5572,0.0000,-0.0000,0.0000,0.0000,0.0000,0.0000,0.0000,-0.0000,0.0000,0.0000,0.0000,0.0000
1789467599.6072,0.0000,-0.0000,0.0000,0.0000,0.0000,0.0000,0.0000,-0.0000,0.0000,0.0000,0.0000,0.0000
1789467599.6573,0.0000,-0.0000,0.0000,0.0000,0.0000,0.0000,0.0000,-0.0000,0.0000,0.0000,0.0000,0.0000
1789467599.7072,0.0000,-0.0000,0.0000,0.0000,0.0000,0.0000,0.0000,-0.0000,0.0000,0.0000,0.0000,0.0000
1789467599.7572,0.0000,-0.0000,0.0000,0.0000,0.0000,0.0000,0.0000,-0.0000,0.0000,0.0000,0.0000,0.0000
1789467599.8073,0.0000,-0.0000,0.0000,0.0000,0.0000,0.0000,0.0000,-0.0000,0.0000,0.0000,0.0000,0.0000
1789467599.8572,0.0000,-0.0000,0.0000,0.0000,0.0000,0.0000,0.0000,-0.0000,0.0000,0.0000,0.0000,0.0000
1789467599.9073,0.0000,-0.0000,0.0000,0.0000,0.0000,0.0000,0.0000,-0.0000,0.0000,0.0000,0.0000,0.0000
1789467599.9572,0.0000,-0.0000,0.0000,0.0000,0.0000,0.0000,0.0000,-0.0000,0.0000,0.0000,0.0000,0.0000
1789467600.0073,0.0000,-0.0000,0.0000,0.0000,0.0000,0.0000,0.0000,-0.0000,0.0000,0.0000,0.0000,0.0000
1789467600.0571,0.0000,-0.0000,0.0000,0.0000,0.0000,0.0000,0.0000,-0.0000,0.0000,0.0000,0.0000,0.0000
1789467600.1072,0.0000,-0.0000,0.0000,0.0000,0.0000,0.0000,0.0000,-0.0000,0.0000,0.0000,0.0000,0.0000
1789467600.1572,0.0000,-0.0000,0.0000,0.0000,0.0000,0.0000,0.0000,-0.0000,0.0000,0.0000,0.0000,0.0000
1789467600.2072,0.0000,-0.0000,0.0000,0.0000,0.0000,0.0000,0.0000,-0.0000,0.0000,0.0000,0.0000,0.0000
1789467600.2573,0.0000,-0.0000,0.0000,0.0000,0.0000,0.0000,0.0000,-0.0000,0.0000,0.0000,0.0000,0.0000
1789467600.3071,0.0000,-0.0000,0.0000,0.0000,0.0000,0.0000,0.0000,-0.0000,0.0000,0.0000,0.0000,0.0000
1789467600.3572,0.0000,-0.0000,0.0000,0.0000,0.0000,0.0000,0.0000,-0.0000,0.0000,0.0000,0.0000,0.0000
1789467600.4073,0.0000,-0.0000,0.0000,0.0000,0.0000,0.0000,0.0000,-0.0000,0.0000,0.0000,0.0000,0.0000
1789467600.4578,0.0000,-0.0000,0.0000,0.0000,0.0000,0.0000,0.0000,-0.0000,0.0000,0.0000,0.0000,0.0000
1789467600.5074,0.0000,-0.0000,0.0000,0.0000,0.0000,0.0000,0.0000,-0.0000,0.0000,0.0000,0.0000,0.0000
1789467600.5573,0.0000,-0.0000,0.0000,0.0000,0.0000,0.0000,0.0000,-0.0000,0.0000,0.0000,0.0000,0.0000
1789467600.6072,0.0000,-0.0000,0.0000,0.0000,0.0000,0.0000,0.0000,-0.0000,0.0000,0.0000,0.0000,0.0000
1789467600.6573,0.0000,-0.0000,0.0000,0.0000,0.0000,0.0000,0.0000,-0.0000,0.0000,0.0000,0.0000,0.0000
1789467600.7073,0.0000,-0.0000,0.0000,0.0000,0.0000,0.0000,0.0000,-0.0000,0.0000,0.0000,0.0000,0.0000
1789467600.7573,0.0000,-0.0000,0.0000,0.0000,0.0000,0.0000,0.0000,-0.0000,0.0000,0.0000,0.0000,0.0000
1789467600.8073,0.0000,-0.0000,0.0000,0.0000,0.0000,0.0000,0.0000,-0.0000,0.0000,0.0000,0.0000,0.0000
1789467600.8572,0.0000,-0.0000,0.0000,0.0000,0.0000,0.0000,0.0000,-0.0000,0.0000,0.0000,0.0000,0.0000
1789467600.9084,0.0000,-0.0000,0.0000,0.0000,0.0000,0.0000,0.0000,-0.0000,0.0000,0.0000,0.0000,0.0000
1789467600.9573,0.0000,-0.0000,0.0000,0.0000,0.0000,0.0000,0.0000,-0.0000,0.0000,0.0000,0.0000,0.0000
1789467601.0071,0.0000,-0.0000,0.0000,0.0000,0.0000,0.0000,0.0000,-0.0000,0.0000,0.0000,0.0000,0.0000
1789467601.0572,0.0000,-0.0000,0.0000,0.0000,0.0000,0.0000,0.0000,-0.0000,0.0000,0.0000,0.0000,0.0000
1789467601.1072,0.0000,-0.0000,0.0000,0.0000,0.0000,0.0000,0.0000,-0.0000,0.0000,0.0000,0.0000,0.0000
1789467601.1573,0.0000,-0.0000,0.0000,0.0000,0.0000,0.0000,0.0000,-0.0000,0.0000,0.0000,0.0000,0.0000
1789467601.2072,0.0000,-0.0000,0.0000,0.0000,0.0000,0.0000,0.0000,-0.0000,0.0000,0.0000,0.0000,0.0000
1789467601.2578,0.0000,-0.0000,0.0000,0.0000,0.0000,0.0000,0.0000,-0.0000,0.0000,0.0000,0.0000,0.0000
1789467601.3073,0.0000,-0.0000,0.0000,0.0000,0.0000,0.0000,0.0000,-0.0000,0.0000,0.0000,0.0000,0.0000
1789467601.3573,0.0000,-0.0000,0.0000,0.0000,0.0000,0.0000,0.0000,-0.0000,0.0000,0.0000,0.0000,0.0000
1789467601.4074,0.0000,-0.0000,0.0000,0.0000,0.0000,0.0000,0.0000,-0.0000,0.0000,0.0000,0.0000,0.0000
1789467601.4573,0.0000,-0.0000,0.0000,0.0000,0.0000,0.0000,0.0000,-0.0000,0.0000,0.0000,0.0000,0.0000
1789467601.5073,0.0000,-0.0000,0.0000,0.0000,0.0000,0.0000,0.0000,-0.0000,0.0000,0.0000,0.0000,0.0000
1789467601.5573,0.0000,-0.0000,0.0000,0.0000,0.0000,0.0000,0.0000,-0.0000,0.0000,0.0000,0.0000,0.0000
1789467601.6073,0.0000,-0.0000,0.0000,0.0000,0.0000,0.0000,0.0000,-0.0000,0.0000,0.0000,0.0000,0.0000
1789467601.6573,0.0000,-0.0000,0.0000,0.0000,0.0000,0.0000,0.0000,-0.0000,0.0000,0.0000,0.0000,0.0000
1789467601.7073,0.0000,-0.0000,0.0000,0.0000,0.0000,0.0000,0.0000,-0.0000,0.0000,0.0000,0.0000,0.0000
1789467601.7573,0.0000,-0.0000,0.0000,0.0000,0.0000,0.0000,0.0000,-0.0000,0.0000,0.0000,0.0000,0.0000
1789467601.8072,0.0000,-0.0000,0.0000,0.0000,0.0000,0.0000,0.0000,-0.0000,0.0000,0.0000,0.0000,0.0000
1789467601.8573,0.0000,-0.0000,0.0000,0.0000,0.0000,0.0000,0.0000,-0.0000,0.0000,0.0000,0.0000,0.0000
1789467601.9073,0.0000,-0.0000,0.0000,0.0000,0.0000,0.0000,0.0000,-0.0000,0.0000,0.0000,0.0000,0.0000
1789467601.9573,0.0000,-0.0000,0.0000,0.0000,0.0000,0.0000,0.0000,-0.0000,0.0000,0.0000,0.0000,0.0000
1789467602.0073,0.0000,-0.0000,0.0000,0.0000,0.0000,0.0000,0.0000,-0.0000,0.0000,0.0000,0.0000,0.0000
1789467602.0572,0.0000,-0.0000,0.0000,0.0000,0.0000,0.0000,0.0000,-0.0000,0.0000,0.0000,0.0000,0.0000
1789467602.1073,0.0000,-0.0000,0.0000,0.0000,0.0000,0.0000,0.0000,-0.0000,0.0000,0.0000,0.0000,0.0000
1789467602.1573,0.0000,-0.0000,0.0000,0.0000,0.0000,0.0000,0.0000,-0.0000,0.0000,0.0000,0.0000,0.0000
1789467602.2073,0.0000,-0.0000,0.0000,0.0000,0.0000,0.0000,0.0000,-0.0000,0.0000,0.0000,0.0000,0.0000
1789467602.2573,0.0000,-0.0000,0.0000,0.0000,0.0000,0.0000,0.0000,-0.0000,0.0000,0.0000,0.0000,0.0000
1789467602.3072,0.0000,-0.0000,0.0000,0.0000,0.0000,0.0000,0.0000,-0.0000,0.0000,0.0000,0.0000,0.0000
1789467602.3573,0.0000,-0.0000,0.0000,0.0000,0.0000,0.0000,0.0000,-0.0000,0.0000,0.0000,0.0000,0.0000
1789467602.4073,0.0000,-0.0000,0.0000,0.0000,0.0000,0.0000,0.0000,-0.0000,0.0000,0.0000,0.0000,0.0000
1789467602.4573,0.0000,-0.0000,0.0000,0.0000,0.0000,0.0000,0.0000,-0.0000,0.0000,0.0000,0.0000,0.0000
1789467602.5072,0.0000,-0.0000,0.0000,0.0000,0.0000,0.0000,0.0000,-0.0000,0.0000,0.0000,0.0000,0.0000
1789467602.5573,0.0000,-0.0000,0.0000,0.0000,0.0000,0.0000,0.0000,-0.0000,0.0000,0.0000,0.0000,0.0000
1789467602.6073,0.0000,-0.0000,0.0000,0.0000,0.0000,0.0000,0.0000,-0.0000,0.0000,0.0000,0.0000,0.0000
1789467602.6573,0.0000,-0.0000,0.0000,0.0000,0.0000,0.0000,0.0000,-0.0000,0.0000,0.0000,0.0000,0.0000
1789467602.7073,0.0000,-0.0000,0.0000,0.0000,0.0000,0.0000,0.0000,-0.0000,0.0000,0.0000,0.0000,0.0000
1789467602.7573,0.0000,-0.0000,0.0000,0.0000,0.0000,0.0000,0.0000,-0.0000,0.0000,0.0000,0.0000,0.0000
1789467602.8073,0.0000,-0.0000,0.0000,0.0000,0.0000,0.0000,0.0000,-0.0000,0.0000,0.0000,0.0000,0.0000
1789467602.8573,0.0000,-0.0000,0.0000,0.0000,0.0000,0.0000,0.0000,-0.0000,0.0000,0.0000,0.0000,0.0000
1789467602.9073,0.0000,-0.0000,0.0000,0.0000,0.0000,0.0000,0.0000,-0.0000,0.0000,0.0000,0.0000,0.0000
1789467602.9574,0.0000,-0.0000,0.0000,0.0000,0.0000,0.0000,0.0000,-0.0000,0.0000,0.0000,0.0000,0.0000
1789467603.0073,0.0000,-0.0000,0.0000,0.0000,0.0000,0.0000,0.0000,-0.0000,0.0000,0.0000,0.0000,0.0000
1789467603.0574,0.0000,-0.0000,0.0000,0.0000,0.0000,0.0000,0.0000,-0.0000,0.0000,0.0000,0.0000,0.0000
1789467603.1074,0.0000,-0.0000,0.0000,0.0000,0.0000,0.0000,0.0000,-0.0000,0.0000,0.0000,0.0000,0.0000
1789467603.1574,0.0000,-0.0000,0.0000,0.0000,0.0000,0.0000,0.0000,-0.0000,0.0000,0.0000,0.0000,0.0000
1789467603.2072,0.0000,-0.0000,0.0000,0.0000,0.0000,0.0000,0.0000,-0.0000,0.0000,0.0000,0.0000,0.0000
1789467603.2574,0.0000,-0.0000,0.0000,0.0000,0.0000,0.0000,0.0000,-0.0000,0.0000,0.0000,0.0000,0.0000
1789467603.3073,0.0000,-0.0000,0.0000,0.0000,0.0000,0.0000,0.0000,-0.0000,0.0000,0.0000,0.0000,0.0000
1789467603.3573,0.0000,-0.0000,0.0000,0.0000,0.0000,0.0000,0.0000,-0.0000,0.0000,0.0000,0.0000,0.0000
1789467603.4074,0.0000,-0.0000,0.0000,0.0000,0.0000,0.0000,0.0000,-0.0000,0.0000,0.0000,0.0000,0.0000
1789467603.4574,0.0000,-0.0000,0.0000,0.0000,0.0000,0.0000,0.0000,-0.0000,0.0000,0.0000,0.0000,0.0000
1789467603.5073,0.0000,-0.0000,0.0000,0.0000,0.0000,0.0000,0.0000,-0.0000,0.0000,0.0000,0.0000,0.0000
1789467603.5574,0.0000,-0.0000,0.0000,0.0000,0.0000,0.0000,0.0000,-0.0000,0.0000,0.0000,0.0000,0.0000
1789467603.6080,0.0000,-0.0000,0.0000,0.0000,0.0000,0.0000,0.0000,-0.0000,0.0000,0.0000,0.0000,0.0000
1789467603.6574,0.0000,-0.0000,0.0000,0.0000,0.0000,0.0000,0.0000,-0.0000,0.0000,0.0000,0.0000,0.0000
1789467603.7072,0.0000,-0.0000,0.0000,0.0000,0.0000,0.0000,0.0000,-0.0000,0.0000,0.0000,0.0000,0.0000
1789467603.7573,0.0000,-0.0000,0.0000,0.0000,0.0000,0.0000,0.0000,-0.0000,0.0000,0.0000,0.0000,0.0000
1789467603.8074,0.0000,-0.0000,0.0000,0.0000,0.0000,0.0000,0.0000,-0.0000,0.0000,0.0000,0.0000,0.0000
1789467603.8576,0.0000,-0.0000,0.0000,0.0000,0.0000,0.0000,0.0000,-0.0000,0.0000,0.0000,0.0000,0.0000
1789467603.9072,0.0000,-0.0000,0.0000,0.0000,0.0000,0.0000,0.0000,-0.0000,0.0000,0.0000,0.0000,0.0000
1789467603.9583,0.0000,-0.0000,0.0000,0.0000,0.0000,0.0000,0.0000,-0.0000,0.0000,0.0000,0.0000,0.0000
1789467604.0082,0.0000,-0.0000,0.0000,0.0000,0.0000,0.0000,0.0000,-0.0000,0.0000,0.0000,0.0000,0.0000
1789467604.0573,0.0000,-0.0000,0.0000,0.0000,0.0000,0.0000,0.0000,-0.0000,0.0000,0.0000,0.0000,0.0000
1789467604.1073,0.0000,-0.0000,0.0000,0.0000,0.0000,0.0000,0.0000,-0.0000,0.0000,0.0000,0.0000,0.0000
1789467604.1582,0.0000,-0.0000,0.0000,0.0000,0.0000,0.0000,0.0000,-0.0000,0.0000,0.0000,0.0000,0.0000
1789467604.2081,0.0000,-0.0000,0.0000,0.0000,0.0000,0.0000,0.0000,-0.0000,0.0000,0.0000,0.0000,0.0000
1789467604.2571,0.0000,-0.0000,0.0000,0.0000,0.0000,0.0000,0.0000,-0.0000,0.0000,0.0000,0.0000,0.0000
1789467604.3112,0.0000,-0.0000,0.0000,0.0000,0.0000,0.0000,0.0000,-0.0000,0.0000,0.0000,0.0000,0.0000
1789467604.3674,0.0000,-0.0000,0.0000,0.0000,0.0000,0.0000,0.0000,-0.0000,0.0000,0.0000,0.0000,0.0000
1789467604.4088,0.0000,-0.0000,0.0000,0.0000,0.0000,0.0000,0.0000,-0.0000,0.0000,0.0000,0.0000,0.0000
1789467604.4610,0.0000,-0.0000,0.0000,0.0000,0.0000,0.0000,0.0000,-0.0000,0.0000,0.0000,0.0000,0.0000
1789467604.5073,0.0000,-0.0000,0.0000,0.0000,0.0000,0.0000,0.0000,-0.0000,0.0000,0.0000,0.0000,0.0000
1789467604.5574,0.0000,-0.0000,0.0000,0.0000,0.0000,0.0000,0.0000,-0.0000,0.0000,0.0000,0.0000,0.0000
1789467604.6080,0.0000,-0.0000,0.0000,0.0000,0.0000,0.0000,0.0000,-0.0000,0.0000,0.0000,0.0000,0.0000
1789467604.6573,0.0000,-0.0000,0.0000,0.0000,0.0000,0.0000,0.0000,-0.0000,0.0000,0.0000,0.0000,0.0000
1789467604.7231,0.0000,-0.0000,0.0000,0.0000,0.0000,0.0000,0.0000,-0.0000,0.0000,0.0000,0.0000,0.0000
1789467604.7675,0.0000,-0.0000,0.0000,0.0000,0.0000,0.0000,0.0000,-0.0000,0.0000,0.0000,0.0000,0.0000
1789467604.8214,0.0000,-0.0000,0.0000,0.0000,0.0000,0.0000,0.0000,-0.0000,0.0000,0.0000,0.0000,0.0000
1789467604.8574,0.0000,-0.0000,0.0000,0.0000,0.0000,0.0000,0.0000,-0.0000,0.0000,0.0000,0.0000,0.0000
1789467604.9080,0.0000,-0.0000,0.0000,0.0000,0.0000,0.0000,0.0000,-0.0000,0.0000,0.0000,0.0000,0.0000
1789467604.9573,0.0000,-0.0000,0.0000,0.0000,0.0000,0.0000,0.0000,-0.0000,0.0000,0.0000,0.0000,0.0000
1789467605.0091,0.0000,-0.0000,0.0000,0.0000,0.0000,0.0000,0.0000,-0.0000,0.0000,0.0000,0.0000,0.0000
1789467605.0583,0.0000,-0.0000,0.0000,0.0000,0.0000,0.0000,0.0000,-0.0000,0.0000,0.0000,0.0000,0.0000
1789467605.1076,0.0000,-0.0000,0.0000,0.0000,0.0000,0.0000,0.0000,-0.0000,0.0000,0.0000,0.0000,0.0000
1789467605.1574,0.0000,-0.0000,0.0000,0.0000,0.0000,0.0000,0.0000,-0.0000,0.0000,0.0000,0.0000,0.0000
1789467605.2074,0.0000,-0.0000,0.0000,0.0000,0.0000,0.0000,0.0000,-0.0000,0.0000,0.0000,0.0000,0.0000
1789467605.2573,0.0000,-0.0000,0.0000,0.0000,0.0000,0.0000,0.0000,-0.0000,0.0000,0.0000,0.0000,0.0000
1789467605.3074,0.0000,-0.0000,0.0000,0.0000,0.0000,0.0000,0.0000,-0.0000,0.0000,0.0000,0.0000,0.0000
1789467605.3575,0.0000,-0.0000,0.0000,0.0000,0.0000,0.0000,0.0000,-0.0000,0.0000,0.0000,0.0000,0.0000
1789467605.4075,0.0000,-0.0000,0.0000,0.0000,0.0000,0.0000,0.0000,-0.0000,0.0000,0.0000,0.0000,0.0000
1789467605.4574,0.0000,-0.0000,0.0000,0.0000,0.0000,0.0000,0.0000,-0.0000,0.0000,0.0000,0.0000,0.0000
1789467605.5074,0.0000,-0.0000,0.0000,0.0000,0.0000,0.0000,0.0000,-0.0000,0.0000,0.0000,0.0000,0.0000
1789467605.5574,0.0000,-0.0000,0.0000,0.0000,0.0000,0.0000,0.0000,-0.0000,0.0000,0.0000,0.0000,0.0000
1789467605.6075,0.0000,-0.0000,0.0000,0.0000,0.0000,0.0000,0.0000,-0.0000,0.0000,0.0000,0.0000,0.0000
1789467605.6574,0.0000,-0.0000,0.0000,0.0000,0.0000,0.0000,0.0000,-0.0000,0.0000,0.0000,0.0000,0.0000
1789467605.7074,0.0000,-0.0000,0.0000,0.0000,0.0000,0.0000,0.0000,-0.0000,0.0000,0.0000,0.0000,0.0000
1789467605.7574,0.0000,-0.0000,0.0000,0.0000,0.0000,0.0000,0.0000,-0.0000,0.0000,0.0000,0.0000,0.0000
1789467605.8074,0.0000,-0.0000,0.0000,0.0000,0.0000,0.0000,0.0000,-0.0000,0.0000,0.0000,0.0000,0.0000
1789467605.8574,0.0000,-0.0000,0.0000,0.0000,0.0000,0.0000,0.0000,-0.0000,0.0000,0.0000,0.0000,0.0000
1789467605.9087,0.0000,-0.0000,0.0000,0.0000,0.0000,0.0000,0.0000,-0.0000,0.0000,0.0000,0.0000,0.0000
1789467605.9573,0.0000,-0.0000,0.0000,0.0000,0.0000,0.0000,0.0000,-0.0000,0.0000,0.0000,0.0000,0.0000
