epoch_s,map_x,map_y,map_yaw_deg,odom_x,odom_y,odom_yaw_deg,corr_x,corr_y,corr_yaw_deg
1789467375.038,,,,0.0000,0.0000,0.00,0.0000,0.0000,0.00
1789467375.137,,,,0.0000,0.0000,0.00,0.0000,0.0000,0.00
1789467375.237,,,,0.0000,0.0000,0.00,0.0000,0.0000,0.00
1789467375.337,,,,0.0000,0.0000,0.00,0.0000,0.0000,0.00
1789467375.437,,,,0.0000,0.0000,0.00,0.0000,0.0000,0.00
1789467375.537,,,,0.0000,0.0000,0.00,0.0000,0.0000,0.00
1789467375.637,,,,0.0000,0.0000,0.00,0.0000,0.0000,0.00
1789467375.737,,,,0.0000,0.0000,0.00,0.0000,0.0000,0.00
1789467375.837,,,,0.0000,0.0000,0.00,0.0000,0.0000,0.00
1789467375.937,,,,0.0000,0.0000,0.00,0.0000,0.0000,0.00
1789467376.037,,,,0.0000,0.0000,0.00,0.0000,0.0000,0.00
1789467376.139,,,,0.0000,0.0000,0.00,0.0000,0.0000,0.00
1789467376.245,,,,0.0000,0.0000,0.00,0.0000,0.0000,0.00
1789467376.338,,,,0.0000,0.0000,0.00,0.0000,0.0000,0.00
1789467376.437,,,,0.0000,0.0000,0.00,0.0000,0.0000,0.00
1789467376.537,,,,0.0000,0.0000,0.00,0.0000,0.0000,0.00
1789467376.640,,,,0.0000,0.0000,0.00,0.0000,0.0000,0.00
1789467376.737,,,,0.0000,0.0000,0.00,0.0000,0.0000,0.00
1789467376.837,,,,0.0000,0.0000,0.00,0.0000,0.0000,0.00
1789467376.937,,,,0.0000,0.0000,0.00,0.0000,0.0000,0.00
1789467377.038,,,,0.0000,0.0000,0.00,0.0000,0.0000,0.00
1789467377.137,,,,0.0000,0.0000,0.00,0.0000,0.0000,0.00
1789467377.237,,,,0.0000,0.0000,0.00,0.0000,0.0000,0.00
1789467377.337,,,,0.0000,0.0000,0.00,0.0000,0.0000,0.00
1789467377.437,,,,0.0000,0.0000,0.00,0.0000,0.0000,0.00
1789467377.537,,,,0.0000,0.0000,0.00,0.0000,0.0000,0.00
1789467377.637,,,,0.0000,0.0000,0.00,0.0000,0.0000,0.00
1789467377.737,,,,0.0000,0.0000,0.00,0.0000,0.0000,0.00
1789467377.837,,,,0.0000,0.0000,0.00,0.0000,0.0000,0.00
1789467377.937,,,,0.0000,0.0000,0.00,0.0000,0.0000,0.00
1789467378.037,,,,0.0000,0.0000,0.00,0.0000,0.0000,0.00
1789467378.137,,,,0.0000,0.0000,0.00,0.0000,0.0000,0.00
1789467378.237,,,,0.0000,0.0000,0.00,0.0000,0.0000,0.00
1789467378.337,0.0000,0.0000,0.00,0.0000,0.0000,0.00,0.0000,0.0000,0.00
1789467378.437,0.0000,0.0000,0.00,0.0000,0.0000,0.00,0.0000,0.0000,0.00
1789467378.537,0.0000,0.0000,0.00,0.0000,0.0000,0.00,0.0000,0.0000,0.00
1789467378.637,0.0000,0.0000,0.00,0.0000,0.0000,0.00,0.0000,0.0000,0.00
1789467378.737,0.0000,0.0000,0.00,0.0000,0.0000,0.00,0.0000,0.0000,0.00
1789467378.837,0.0000,0.0000,0.00,0.0000,0.0000,0.00,0.0000,0.0000,0.00
1789467378.937,0.0000,0.0000,0.00,0.0000,0.0000,0.00,0.0000,0.0000,0.00
1789467379.037,0.0000,0.0000,0.00,0.0000,0.0000,0.00,0.0000,0.0000,0.00
1789467379.137,0.0000,0.0000,0.00,0.0000,0.0000,0.00,0.0000,0.0000,0.00
1789467379.237,0.0000,0.0000,0.00,0.0000,0.0000,0.00,0.0000,0.0000,0.00
1789467379.337,0.0000,0.0000,0.00,0.0000,0.0000,0.00,0.0000,0.0000,0.00
1789467379.437,0.0000,0.0000,0.00,0.0000,0.0000,0.00,0.0000,0.0000,0.00
1789467379.537,0.0000,0.0000,0.00,0.0000,0.0000,0.00,0.0000,0.0000,0.00
1789467379.637,0.0000,0.0000,0.00,0.0000,0.0000,0.00,0.0000,0.0000,0.00
1789467379.737,0.0000,0.0000,0.00,0.0000,0.0000,0.00,0.0000,0.0000,0.00
1789467379.837,0.0000,0.0000,0.00,0.0000,0.0000,0.00,0.0000,0.0000,0.00
1789467379.937,0.0000,0.0000,0.00,0.0000,0.0000,0.00,0.0000,0.0000,0.00
1789467380.037,0.0000,0.0000,0.00,0.0000,0.0000,0.00,0.0000,0.0000,0.00
1789467380.137,0.0000,0.0000,0.00,0.0000,0.0000,0.00,0.0000,0.0000,0.00
1789467380.237,0.0000,0.0000,0.00,0.0000,0.0000,0.00,0.0000,0.0000,0.00
1789467380.337,0.0000,0.0000,0.00,0.0000,0.0000,0.00,0.0000,0.0000,0.00
1789467380.437,0.0000,0.0000,0.00,0.0000,0.0000,0.00,0.0000,0.0000,0.00
1789467380.537,0.0000,0.0000,0.00,0.0000,0.0000,0.00,0.0000,0.0000,0.00
1789467380.637,0.0000,0.0000,0.00,0.0000,0.0000,0.00,0.0000,0.0000,0.00
1789467380.737,0.0000,0.0000,0.00,0.0000,0.0000,0.00,0.0000,0.0000,0.00
1789467380.837,0.0000,0.0000,0.00,0.0000,0.0000,0.00,0.0000,0.0000,0.00
1789467380.937,0.0000,0.0000,0.00,0.0000,0.0000,0.00,0.0000,0.0000,0.00
1789467381.037,0.0000,0.0000,0.00,0.0000,0.0000,0.00,0.0000,0.0000,0.00
1789467381.137,0.0000,0.0000,0.00,0.0000,0.0000,0.00,0.0000,0.0000,0.00
1789467381.237,0.0000,0.0000,0.00,0.0000,0.0000,0.00,0.0000,0.0000,0.00
1789467381.337,0.0000,0.0000,0.00,0.0000,0.0000,0.00,0.0000,0.0000,0.00
1789467381.437,0.0000,0.0000,0.00,0.0000,0.0000,0.00,0.0000,0.0000,0.00
1789467381.537,0.0000,0.0000,0.00,0.0000,0.0000,0.00,0.0000,0.0000,0.00
1789467381.637,0.0000,0.0000,0.00,0.0000,0.0000,0.00,0.0000,0.0000,0.00
1789467381.737,0.0000,0.0000,0.00,0.0000,0.0000,0.00,0.0000,0.0000,0.00
1789467381.837,0.0000,0.0000,0.00,0.0000,0.0000,0.00,0.0000,0.0000,0.00
1789467381.937,0.0000,0.0000,0.00,0.0000,0.0000,0.00,0.0000,0.0000,0.00
1789467382.037,0.0000,0.0000,0.00,0.0000,0.0000,0.00,0.0000,0.0000,0.00
1789467382.137,0.0000,0.0000,0.00,0.0000,0.0000,0.00,0.0000,0.0000,0.00
1789467382.237,0.0000,0.0000,0.00,0.0000,0.0000,0.00,0.0000,0.0000,0.00
1789467382.337,0.0000,0.0000,0.00,0.0000,0.0000,0.00,0.0000,0.0000,0.00
1789467382.437,0.0000,0.0000,0.00,0.0000,0.0000,0.00,0.0000,0.0000,0.00
1789467382.537,0.0000,0.0000,0.00,0.0000,0.0000,0.00,0.0000,0.0000,0.00
1789467382.637,0.0000,0.0000,0.00,0.0000,0.0000,0.00,0.0000,0.0000,0.00
1789467382.737,0.0000,0.0000,0.00,0.0000,0.0000,0.00,0.0000,0.0000,0.00
1789467382.837,0.0000,0.0000,0.00,0.0000,0.0000,0.00,0.0000,0.0000,0.00
1789467382.937,0.0000,0.0000,0.00,0.0000,0.0000,0.00,0.0000,0.0000,0.00
1789467383.037,0.0000,0.0000,0.00,0.0000,0.0000,0.00,0.0000,0.0000,0.00
1789467383.137,0.0000,0.0000,0.00,0.0000,0.0000,0.00,0.0000,0.0000,0.00
1789467383.237,0.0000,0.0000,0.00,0.0000,0.0000,0.00,0.0000,0.0000,0.00
1789467383.337,0.0000,0.0000,0.00,0.0000,0.0000,0.00,0.0000,0.0000,0.00
1789467383.437,0.0000,0.0000,0.00,0.0000,0.0000,0.00,0.0000,0.0000,0.00
1789467383.537,0.0000,0.0000,0.00,0.0000,0.0000,0.00,0.0000,0.0000,0.00
1789467383.637,0.0000,0.0000,0.00,0.0000,0.0000,0.00,0.0000,0.0000,0.00
1789467383.737,0.0000,0.0000,0.00,0.0000,0.0000,0.00,0.0000,0.0000,0.00
1789467383.837,0.0000,0.0000,0.00,0.0000,0.0000,0.00,0.0000,0.0000,0.00
1789467383.937,0.0000,0.0000,0.00,0.0000,0.0000,0.00,0.0000,0.0000,0.00
1789467384.037,0.0000,0.0000,0.00,0.0000,0.0000,0.00,0.0000,0.0000,0.00
1789467384.137,0.0000,0.0000,0.00,0.0000,0.0000,0.00,0.0000,0.0000,0.00
1789467384.238,0.0000,0.0000,0.00,0.0000,0.0000,0.00,0.0000,0.0000,0.00
1789467384.337,0.0000,0.0000,0.00,0.0000,0.0000,0.00,0.0000,0.0000,0.00
1789467384.437,0.0000,0.0000,0.00,0.0000,0.0000,0.00,0.0000,0.0000,0.00
1789467384.537,0.0000,0.0000,0.00,0.0000,0.0000,0.00,0.0000,0.0000,0.00
1789467384.637,0.0000,0.0000,0.00,0.0000,0.0000,0.00,0.0000,0.0000,0.00
1789467384.737,0.0000,0.0000,0.00,0.0000,0.0000,0.00,0.0000,0.0000,0.00
1789467384.837,0.0000,0.0000,0.00,0.0000,0.0000,0.00,0.0000,0.0000,0.00
1789467384.937,0.0000,0.0000,0.00,0.0000,0.0000,0.00,0.0000,0.0000,0.00
1789467385.037,0.0000,0.0000,0.00,0.0000,0.0000,0.00,0.0000,0.0000,0.00
1789467385.137,0.0000,0.0000,0.00,0.0000,0.0000,0.00,0.0000,0.0000,0.00
1789467385.237,0.0000,0.0000,0.00,0.0000,0.0000,0.00,0.0000,0.0000,0.00
1789467385.337,0.0000,0.0000,0.00,0.0000,0.0000,0.00,0.0000,0.0000,0.00
1789467385.437,0.0000,0.0000,0.00,0.0000,0.0000,0.00,0.0000,0.0000,0.00
1789467385.537,0.0000,0.0000,0.00,0.0000,0.0000,0.00,0.0000,0.0000,0.00
1789467385.637,0.0000,0.0000,0.00,0.0000,0.0000,0.00,0.0000,0.0000,0.00
1789467385.737,0.0000,0.0000,0.00,0.0000,0.0000,0.00,0.0000,0.0000,0.00
1789467385.837,0.0000,0.0000,0.00,0.0000,0.0000,0.00,0.0000,0.0000,0.00
1789467385.937,0.0000,0.0000,0.00,0.0000,0.0000,0.00,0.0000,0.0000,0.00
1789467386.037,0.0000,0.0000,0.00,0.0000,0.0000,0.00,0.0000,0.0000,0.00
1789467386.137,0.0000,0.0000,0.00,0.0000,0.0000,0.00,0.0000,0.0000,0.00
1789467386.237,0.0000,0.0000,0.00,0.0000,0.0000,0.00,0.0000,0.0000,0.00
1789467386.337,0.0000,0.0000,0.00,0.0000,0.0000,0.00,0.0000,0.0000,0.00
1789467386.437,0.0000,0.0000,0.00,0.0000,0.0000,0.00,0.0000,0.0000,0.00
1789467386.537,0.0000,0.0000,0.00,0.0000,0.0000,0.00,0.0000,0.0000,0.00
1789467386.637,0.0000,0.0000,0.00,0.0000,0.0000,0.00,0.0000,0.0000,0.00
1789467386.737,0.0000,0.0000,0.00,0.0000,0.0000,0.00,0.0000,0.0000,0.00
1789467386.837,0.0000,0.0000,0.00,0.0000,0.0000,0.00,0.0000,0.0000,0.00
1789467386.937,0.0000,0.0000,0.00,0.0000,0.0000,0.00,0.0000,0.0000,0.00
1789467387.037,0.0000,0.0000,0.00,0.0000,0.0000,0.00,0.0000,0.0000,0.00
1789467387.137,0.0000,0.0000,0.00,0.0000,0.0000,0.00,0.0000,0.0000,0.00
1789467387.237,0.0000,0.0000,0.00,0.0000,0.0000,0.00,0.0000,0.0000,0.00
1789467387.337,0.0000,0.0000,0.00,0.0000,0.0000,0.00,0.0000,0.0000,0.00
1789467387.437,0.0000,0.0000,0.00,0.0000,0.0000,0.00,0.0000,0.0000,0.00
1789467387.537,0.0000,0.0000,0.00,0.0000,0.0000,0.00,0.0000,0.0000,0.00
1789467387.637,0.0000,0.0000,0.00,0.0000,0.0000,0.00,0.0000,0.0000,0.00
1789467387.737,0.0000,0.0000,0.00,0.0000,0.0000,0.00,0.0000,0.0000,0.00
1789467387.837,0.0000,0.0000,0.00,0.0000,0.0000,0.00,0.0000,0.0000,0.00
1789467387.937,0.0000,0.0000,0.00,0.0000,0.0000,0.00,0.0000,0.0000,0.00
1789467388.037,0.0000,0.0000,0.00,0.0000,0.0000,0.00,0.0000,0.0000,0.00
1789467388.137,0.0000,0.0000,0.00,0.0000,0.0000,0.00,0.0000,0.0000,0.00
1789467388.237,0.0000,0.0000,0.00,0.0000,0.0000,0.00,0.0000,0.0000,0.00
1789467388.337,0.0000,0.0000,0.00,0.0000,0.0000,0.00,0.0000,0.0000,0.00
1789467388.437,0.0000,0.0000,0.00,0.0000,0.0000,0.00,0.0000,0.0000,0.00
1789467388.537,0.0000,0.0000,0.00,0.0000,0.0000,0.00,0.0000,0.0000,0.00
1789467388.637,0.0000,0.0000,0.00,0.0000,0.0000,0.00,0.0000,0.0000,0.00
1789467388.737,0.0000,0.0000,0.00,0.0000,0.0000,0.00,0.0000,0.0000,0.00
1789467388.837,0.0000,0.0000,0.00,0.0000,0.0000,0.00,0.0000,0.0000,0.00
1789467388.937,0.0000,0.0000,0.00,0.0000,0.0000,0.00,0.0000,0.0000,0.00
1789467389.037,0.0000,0.0000,0.00,0.0000,0.0000,0.00,0.0000,0.0000,0.00
1789467389.137,0.0000,0.0000,0.00,0.0000,0.0000,0.00,0.0000,0.0000,0.00
1789467389.237,0.0000,0.0000,0.00,0.0000,0.0000,0.00,0.0000,0.0000,0.00
1789467389.337,0.0000,0.0000,0.00,0.0000,0.0000,0.00,0.0000,0.0000,0.00
1789467389.437,0.0000,0.0000,0.00,0.0000,0.0000,0.00,0.0000,0.0000,0.00
1789467389.537,0.0000,0.0000,0.00,0.0000,0.0000,0.00,0.0000,0.0000,0.00
1789467389.637,0.0000,0.0000,0.00,0.0000,0.0000,0.00,0.0000,0.0000,0.00
1789467389.737,0.0000,0.0000,0.00,0.0000,0.0000,0.00,0.0000,0.0000,0.00
1789467389.837,0.0000,0.0000,0.00,0.0000,0.0000,0.00,0.0000,0.0000,0.00
1789467389.937,0.0000,0.0000,0.00,0.0000,0.0000,0.00,0.0000,0.0000,0.00
1789467390.037,0.0000,0.0000,0.00,0.0000,0.0000,0.00,0.0000,0.0000,0.00
1789467390.137,0.0000,0.0000,0.00,0.0000,0.0000,0.00,0.0000,0.0000,0.00
1789467390.237,0.0000,0.0000,0.00,0.0000,0.0000,0.00,0.0000,0.0000,0.00
1789467390.337,0.0000,0.0000,0.00,0.0000,0.0000,0.00,0.0000,0.0000,0.00
1789467390.437,0.0000,0.0000,0.00,0.0000,0.0000,0.00,0.0000,0.0000,0.00
1789467390.537,0.0000,0.0000,0.00,0.0000,0.0000,0.00,0.0000,0.0000,0.00
1789467390.637,0.0000,0.0000,0.00,0.0000,0.0000,0.00,0.0000,0.0000,0.00
1789467390.737,0.0000,0.0000,0.00,0.0000,0.0000,0.00,0.0000,0.0000,0.00
1789467390.837,0.0000,0.0000,0.00,0.0000,0.0000,0.00,0.0000,0.0000,0.00
1789467390.937,0.0000,0.0000,0.00,0.0000,0.0000,0.00,0.0000,0.0000,0.00
1789467391.037,0.0000,0.0000,0.00,0.0000,0.0000,0.00,0.0000,0.0000,0.00
1789467391.137,0.0000,0.0000,0.00,0.0000,0.0000,0.00,0.0000,0.0000,0.00
1789467391.237,0.0000,0.0000,0.00,0.0000,0.0000,0.00,0.0000,0.0000,0.00
1789467391.337,0.0000,0.0000,0.00,0.0000,0.0000,0.00,0.0000,0.0000,0.00
1789467391.437,0.0000,0.0000,0.00,0.0000,0.0000,0.00,0.0000,0.0000,0.00
1789467391.537,0.0000,0.0000,0.00,0.0000,0.0000,0.00,0.0000,0.0000,0.00
1789467391.637,0.0000,0.0000,0.00,0.0000,0.0000,0.00,0.0000,0.0000,0.00
1789467391.737,0.0000,0.0000,0.00,0.0000,0.0000,0.00,0.0000,0.0000,0.00
1789467391.837,0.0000,0.0000,0.00,0.0000,0.0000,0.00,0.0000,0.0000,0.00
1789467391.937,0.0000,0.0000,0.00,0.0000,0.0000,0.00,0.0000,0.0000,0.00
1789467392.037,0.0000,0.0000,0.00,0.0000,0.0000,0.00,0.0000,0.0000,0.00
1789467392.137,0.0000,0.0000,0.00,0.0000,0.0000,0.00,0.0000,0.0000,0.00
1789467392.237,0.0000,0.0000,0.00,0.0000,0.0000,0.00,0.0000,0.0000,0.00
1789467392.337,0.0000,0.0000,0.00,0.0000,0.0000,0.00,0.0000,0.0000,0.00
1789467392.437,0.0000,0.0000,0.00,0.0000,0.0000,0.00,0.0000,0.0000,0.00
1789467392.537,0.0000,0.0000,0.00,0.0000,0.0000,0.00,0.0000,0.0000,0.00
1789467392.637,0.0000,0.0000,0.00,0.0000,0.0000,0.00,0.0000,0.0000,0.00
1789467392.737,0.0000,0.0000,0.00,0.0000,0.0000,0.00,0.0000,0.0000,0.00
1789467392.837,0.0000,0.0000,0.00,0.0000,0.0000,0.00,0.0000,0.0000,0.00
1789467392.937,0.0000,0.0000,0.00,0.0000,0.0000,0.00,0.0000,0.0000,0.00
1789467393.037,0.0000,0.0000,0.00,0.0000,0.0000,0.00,0.0000,0.0000,0.00
1789467393.137,0.0000,0.0000,0.00,0.0000,0.0000,0.00,0.0000,0.0000,0.00
1789467393.237,0.0000,0.0000,0.00,0.0000,0.0000,0.00,0.0000,0.0000,0.00
1789467393.337,0.0000,0.0000,0.00,0.0000,0.0000,0.00,0.0000,0.0000,0.00
1789467393.437,0.0000,0.0000,0.00,0.0000,0.0000,0.00,0.0000,0.0000,0.00
1789467393.538,0.0000,0.0000,0.00,0.0000,0.0000,0.00,0.0000,0.0000,0.00
1789467393.637,0.0000,0.0000,0.00,0.0000,0.0000,0.00,0.0000,0.0000,0.00
1789467393.737,0.0000,0.0000,0.00,0.0000,0.0000,0.00,0.0000,0.0000,0.00
1789467393.837,0.0000,0.0000,0.00,0.0000,0.0000,0.00,0.0000,0.0000,0.00
1789467393.937,0.0000,0.0000,0.00,0.0000,0.0000,0.00,0.0000,0.0000,0.00
1789467394.037,0.0000,0.0000,0.00,0.0000,0.0000,0.00,0.0000,0.0000,0.00
1789467394.137,0.0000,0.0000,0.00,0.0000,0.0000,0.00,0.0000,0.0000,0.00
1789467394.237,0.0000,0.0000,0.00,0.0000,0.0000,0.00,0.0000,0.0000,0.00
1789467394.337,0.0000,0.0000,0.00,0.0000,0.0000,0.00,0.0000,0.0000,0.00
1789467394.437,0.0000,0.0000,0.00,0.0000,0.0000,0.00,0.0000,0.0000,0.00
1789467394.537,0.0000,0.0000,0.00,0.0000,0.0000,0.00,0.0000,0.0000,0.00
1789467394.637,0.0000,0.0000,0.00,0.0000,0.0000,0.00,0.0000,0.0000,0.00
1789467394.737,0.0000,0.0000,0.00,0.0000,0.0000,0.00,0.0000,0.0000,0.00
1789467394.837,0.0000,0.0000,0.00,0.0000,0.0000,0.00,0.0000,0.0000,0.00
1789467394.937,0.0000,0.0000,0.00,0.0000,0.0000,0.00,0.0000,0.0000,0.00
1789467395.037,0.0000,0.0000,0.00,0.0000,0.0000,0.00,0.0000,0.0000,0.00
1789467395.137,0.0000,0.0000,0.00,0.0000,0.0000,0.00,0.0000,0.0000,0.00
1789467395.237,0.0000,0.0000,0.00,0.0000,0.0000,0.00,0.0000,0.0000,0.00
1789467395.337,0.0000,0.0000,0.00,0.0000,0.0000,0.00,0.0000,0.0000,0.00
1789467395.437,0.0000,0.0000,0.00,0.0000,0.0000,0.00,0.0000,0.0000,0.00
1789467395.537,0.0000,0.0000,0.00,0.0000,0.0000,0.00,0.0000,0.0000,0.00
1789467395.637,0.0000,0.0000,0.00,0.0000,0.0000,0.00,0.0000,0.0000,0.00
1789467395.737,0.0000,0.0000,0.00,0.0000,0.0000,0.00,0.0000,0.0000,0.00
1789467395.837,0.0000,0.0000,0.00,0.0000,0.0000,0.00,0.0000,0.0000,0.00
1789467395.937,0.0000,0.0000,0.00,0.0000,0.0000,0.00,0.0000,0.0000,0.00
1789467396.037,0.0000,0.0000,0.00,0.0000,0.0000,0.00,0.0000,0.0000,0.00
1789467396.137,0.0000,0.0000,0.00,0.0000,0.0000,0.00,0.0000,0.0000,0.00
1789467396.237,0.0000,0.0000,0.00,0.0000,0.0000,0.00,0.0000,0.0000,0.00
1789467396.337,0.0000,0.0000,0.00,0.0000,0.0000,0.00,0.0000,0.0000,0.00
1789467396.437,0.0000,0.0000,0.00,0.0000,0.0000,0.00,0.0000,0.0000,0.00
1789467396.537,0.0000,0.0000,0.00,0.0000,0.0000,0.00,0.0000,0.0000,0.00
1789467396.637,0.0000,0.0000,0.00,0.0000,0.0000,0.00,0.0000,0.0000,0.00
1789467396.737,0.0000,0.0000,0.00,0.0000,0.0000,0.00,0.0000,0.0000,0.00
1789467396.837,0.0000,0.0000,0.00,0.0000,0.0000,0.00,0.0000,0.0000,0.00
1789467396.937,0.0000,0.0000,0.00,0.0000,0.0000,0.00,0.0000,0.0000,0.00
1789467397.037,0.0000,0.0000,0.00,0.0000,0.0000,0.00,0.0000,0.0000,0.00
1789467397.137,0.0000,0.0000,0.00,0.0000,0.0000,0.00,0.0000,0.0000,0.00
1789467397.237,0.0000,0.0000,0.00,0.0000,0.0000,0.00,0.0000,0.0000,0.00
1789467397.337,0.0000,0.0000,0.00,0.0000,0.0000,0.00,0.0000,0.0000,0.00
1789467397.437,0.0000,0.0000,0.00,0.0000,0.0000,0.00,0.0000,0.0000,0.00
1789467397.537,0.0000,0.0000,0.00,0.0000,0.0000,0.00,0.0000,0.0000,0.00
1789467397.637,0.0000,0.0000,0.00,0.0000,0.0000,0.00,0.0000,0.0000,0.00
1789467397.737,0.0000,0.0000,0.00,0.0000,0.0000,0.00,0.0000,0.0000,0.00
1789467397.837,0.0000,0.0000,0.00,0.0000,0.0000,0.00,0.0000,0.0000,0.00
1789467397.937,0.0000,0.0000,0.00,0.0000,0.0000,0.00,0.0000,0.0000,0.00
1789467398.037,0.0000,0.0000,0.00,0.0000,0.0000,0.00,0.0000,0.0000,0.00
1789467398.137,0.0000,0.0000,0.00,0.0000,0.0000,0.00,0.0000,0.0000,0.00
1789467398.237,0.0000,0.0000,0.00,0.0000,0.0000,0.00,0.0000,0.0000,0.00
1789467398.337,0.0000,0.0000,0.00,0.0000,0.0000,0.00,0.0000,0.0000,0.00
1789467398.437,0.0000,0.0000,0.00,0.0000,0.0000,0.00,0.0000,0.0000,0.00
1789467398.537,0.0000,0.0000,0.00,0.0000,0.0000,0.00,0.0000,0.0000,0.00
1789467398.637,0.0000,0.0000,0.00,0.0000,0.0000,0.00,0.0000,0.0000,0.00
1789467398.737,0.0000,0.0000,0.00,0.0000,0.0000,0.00,0.0000,0.0000,0.00
1789467398.837,0.0000,0.0000,0.00,0.0000,0.0000,0.00,0.0000,0.0000,0.00
1789467398.937,0.0000,0.0000,0.00,0.0000,0.0000,0.00,0.0000,0.0000,0.00
1789467399.037,0.0000,0.0000,0.00,0.0000,0.0000,0.00,0.0000,0.0000,0.00
1789467399.137,0.0000,0.0000,0.00,0.0000,0.0000,0.00,0.0000,0.0000,0.00
1789467399.237,0.0000,0.0000,0.00,0.0000,0.0000,0.00,0.0000,0.0000,0.00
1789467399.337,0.0000,0.0000,0.00,0.0000,0.0000,0.00,0.0000,0.0000,0.00
1789467399.437,0.0000,0.0000,0.00,0.0000,0.0000,0.00,0.0000,0.0000,0.00
1789467399.537,0.0000,0.0000,0.00,0.0000,0.0000,0.00,0.0000,0.0000,0.00
1789467399.637,0.0000,0.0000,0.00,0.0000,0.0000,0.00,0.0000,0.0000,0.00
1789467399.737,0.0000,0.0000,0.00,0.0000,0.0000,0.00,0.0000,0.0000,0.00
1789467399.837,0.0000,0.0000,0.00,0.0000,0.0000,0.00,0.0000,0.0000,0.00
1789467399.937,0.0000,0.0000,0.00,0.0000,0.0000,0.00,0.0000,0.0000,0.00
1789467400.037,0.0000,0.0000,0.00,0.0000,0.0000,0.00,0.0000,0.0000,0.00
1789467400.137,0.0000,0.0000,0.00,0.0000,0.0000,0.00,0.0000,0.0000,0.00
1789467400.237,0.0000,0.0000,0.00,0.0000,0.0000,0.00,0.0000,0.0000,0.00
1789467400.337,0.0000,0.0000,0.00,0.0000,0.0000,0.00,0.0000,0.0000,0.00
1789467400.437,0.0000,0.0000,0.00,0.0000,0.0000,0.00,0.0000,0.0000,0.00
1789467400.537,0.0000,0.0000,0.00,0.0000,0.0000,0.00,0.0000,0.0000,0.00
1789467400.637,0.0000,0.0000,0.00,0.0000,0.0000,0.00,0.0000,0.0000,0.00
1789467400.737,0.0000,0.0000,0.00,0.0000,0.0000,0.00,0.0000,0.0000,0.00
1789467400.837,0.0000,0.0000,0.00,0.0000,0.0000,0.00,0.0000,0.0000,0.00
1789467400.937,0.0000,0.0000,0.00,0.0000,0.0000,0.00,0.0000,0.0000,0.00
1789467401.037,-0.0000,0.0008,-0.09,-0.0000,0.0008,-0.09,0.0000,0.0000,0.00
1789467401.137,-0.0000,0.0027,-0.29,-0.0000,0.0027,-0.29,0.0000,0.0000,0.00
1789467401.237,0.0000,0.0104,-1.11,0.0000,0.0104,-1.11,0.0000,0.0000,0.00
1789467401.337,-0.0001,0.0158,-1.69,-0.0001,0.0158,-1.69,0.0000,0.0000,0.00
1789467401.437,0.0000,0.0208,-2.24,0.0000,0.0208,-2.24,0.0000,0.0000,0.00
1789467401.537,0.0002,0.0259,-2.82,0.0002,0.0259,-2.82,0.0000,0.0000,0.00
1789467401.637,0.0003,0.0312,-3.40,0.0003,0.0312,-3.40,0.0000,0.0000,0.00
1789467401.737,0.0006,0.0362,-3.97,0.0006,0.0362,-3.97,0.0000,0.0000,0.00
1789467401.837,0.0009,0.0412,-4.54,0.0009,0.0412,-4.54,0.0000,0.0000,0.00
1789467401.937,0.0012,0.0463,-5.12,0.0012,0.0463,-5.12,0.0000,0.0000,0.00
1789467402.037,0.0017,0.0511,-5.68,0.0017,0.0511,-5.68,0.0000,0.0000,0.00
1789467402.137,0.0022,0.0561,-6.26,0.0022,0.0561,-6.26,0.0000,0.0000,0.00
1789467402.237,0.0026,0.0612,-6.84,0.0026,0.0612,-6.84,0.0000,0.0000,0.00
1789467402.337,0.0033,0.0660,-7.40,0.0033,0.0660,-7.40,0.0000,0.0000,0.00
1789467402.437,0.0041,0.0708,-7.99,0.0041,0.0708,-7.99,0.0000,0.0000,0.00
1789467402.537,0.0047,0.0758,-8.57,0.0047,0.0758,-8.57,0.0000,0.0000,0.00
1789467402.637,0.0055,0.0807,-9.13,0.0055,0.0807,-9.13,0.0000,0.0000,0.00
1789467402.737,0.0062,0.0857,-9.71,0.0062,0.0857,-9.71,0.0000,0.0000,0.00
1789467402.837,0.0070,0.0907,-10.29,0.0070,0.0907,-10.29,0.0000,0.0000,0.00
1789467402.937,0.0078,0.0957,-10.85,0.0078,0.0957,-10.85,0.0000,0.0000,0.00
1789467403.037,0.0087,0.1006,-11.43,0.0087,0.1006,-11.43,0.0000,0.0000,0.00
1789467403.137,0.0097,0.1055,-12.00,0.0097,0.1055,-12.00,0.0000,0.0000,0.00
1789467403.237,0.0108,0.1103,-12.57,0.0108,0.1103,-12.57,0.0000,0.0000,0.00
1789467403.337,0.0119,0.1151,-13.14,0.0119,0.1151,-13.14,0.0000,0.0000,0.00
1789467403.437,0.0132,0.1199,-13.71,0.0132,0.1199,-13.71,0.0000,0.0000,0.00
1789467403.537,0.0144,0.1248,-14.27,0.0144,0.1248,-14.27,0.0000,0.0000,0.00
1789467403.637,0.0157,0.1297,-14.85,0.0157,0.1297,-14.85,0.0000,0.0000,0.00
1789467403.737,0.0170,0.1345,-15.42,0.0170,0.1345,-15.42,0.0000,0.0000,0.00
1789467403.837,0.0183,0.1393,-15.97,0.0183,0.1393,-15.97,0.0000,0.0000,0.00
1789467403.937,0.0196,0.1443,-16.54,0.0196,0.1443,-16.54,0.0000,0.0000,0.00
1789467404.037,0.0210,0.1491,-17.12,0.0210,0.1491,-17.12,0.0000,0.0000,0.00
1789467404.137,0.0225,0.1537,-17.69,0.0225,0.1537,-17.69,0.0000,0.0000,0.00
1789467404.237,0.0240,0.1587,-18.26,0.0240,0.1587,-18.26,0.0000,0.0000,0.00
1789467404.337,0.0255,0.1634,-18.83,0.0255,0.1634,-18.83,0.0000,0.0000,0.00
1789467404.437,0.0272,0.1680,-19.40,0.0272,0.1680,-19.40,0.0000,0.0000,0.00
1789467404.537,0.0289,0.1728,-19.97,0.0289,0.1728,-19.97,0.0000,0.0000,0.00
1789467404.637,0.0307,0.1775,-20.54,0.0307,0.1775,-20.54,0.0000,0.0000,0.00
1789467404.737,0.0324,0.1822,-21.09,0.0324,0.1822,-21.09,0.0000,0.0000,0.00
1789467404.837,0.0341,0.1871,-21.65,0.0341,0.1871,-21.65,-0.0000,0.0000,-0.00
1789467404.937,0.0359,0.1918,-22.23,0.0359,0.1918,-22.23,-0.0000,0.0000,-0.00
1789467405.037,0.0378,0.1963,-22.78,0.0378,0.1963,-22.78,-0.0000,0.0000,-0.00
1789467405.137,0.0397,0.2010,-23.35,0.0397,0.2010,-23.35,-0.0000,0.0000,-0.00
1789467405.237,0.0416,0.2055,-23.92,0.0416,0.2055,-23.92,-0.0000,0.0000,-0.00
1789467405.337,0.0438,0.2099,-24.48,0.0438,0.2099,-24.48,-0.0000,0.0000,-0.00
1789467405.437,0.0459,0.2147,-25.06,0.0459,0.2147,-25.06,-0.0000,0.0000,-0.00
1789467405.537,0.0480,0.2195,-25.62,0.0480,0.2195,-25.62,-0.0000,0.0000,-0.00
1789467405.637,0.0503,0.2237,-26.19,0.0503,0.2237,-26.19,-0.0000,0.0000,-0.00
1789467405.737,0.0524,0.2283,-26.76,0.0524,0.2283,-26.76,-0.0000,0.0000,-0.00
1789467405.837,0.0547,0.2327,-27.32,0.0547,0.2327,-27.32,-0.0000,0.0000,-0.00
1789467405.937,0.0571,0.2368,-27.86,0.0571,0.2368,-27.86,-0.0000,0.0000,-0.00
1789467406.037,0.0596,0.2413,-28.42,0.0596,0.2413,-28.42,-0.0000,0.0000,-0.00
1789467406.138,0.0619,0.2458,-29.00,0.0619,0.2458,-29.00,-0.0000,0.0000,-0.00
1789467406.237,0.0643,0.2500,-29.55,0.0643,0.2500,-29.55,-0.0000,0.0000,-0.00
1789467406.337,0.0670,0.2543,-30.11,0.0670,0.2543,-30.11,-0.0000,0.0000,-0.00
1789467406.437,0.0694,0.2589,-30.67,0.0694,0.2589,-30.67,-0.0000,0.0000,-0.00
1789467406.537,0.0719,0.2632,-31.22,0.0719,0.2632,-31.22,-0.0000,0.0000,-0.00
1789467406.637,0.0746,0.2674,-31.80,0.0746,0.2674,-31.80,-0.0000,0.0000,-0.00
1789467406.737,0.0773,0.2716,-32.39,0.0773,0.2716,-32.39,-0.0000,0.0000,-0.00
1789467406.837,0.0800,0.2758,-32.96,0.0800,0.2758,-32.96,-0.0000,0.0000,-0.00
1789467406.937,0.0828,0.2797,-33.52,0.0828,0.2797,-33.52,-0.0000,0.0000,-0.00
1789467407.037,0.0857,0.2839,-34.10,0.0857,0.2839,-34.10,-0.0000,0.0000,-0.00
1789467407.137,0.0885,0.2881,-34.68,0.0885,0.2881,-34.68,-0.0000,0.0000,-0.00
1789467407.237,0.0913,0.2920,-35.25,0.0913,0.2920,-35.25,-0.0000,0.0000,-0.00
1789467407.337,0.0943,0.2959,-35.83,0.0943,0.2959,-35.83,-0.0000,0.0000,-0.00
1789467407.437,0.0973,0.2999,-36.40,0.0973,0.2999,-36.40,-0.0000,0.0000,-0.00
1789467407.537,0.1003,0.3039,-36.97,0.1003,0.3039,-36.97,-0.0000,0.0000,-0.00
1789467407.637,0.1034,0.3078,-37.54,0.1034,0.3078,-37.54,-0.0000,0.0000,-0.00
1789467407.737,0.1064,0.3117,-38.10,0.1064,0.3117,-38.10,-0.0000,0.0000,-0.00
1789467407.837,0.1095,0.3156,-38.67,0.1095,0.3156,-38.67,-0.0000,0.0000,-0.00
1789467407.937,0.1126,0.3195,-39.25,0.1126,0.3195,-39.25,-0.0000,0.0000,-0.00
1789467408.037,0.1157,0.3235,-39.80,0.1157,0.3235,-39.80,-0.0000,0.0000,-0.00
1789467408.137,0.1189,0.3273,-40.36,0.1189,0.3273,-40.36,-0.0000,0.0000,-0.00
1789467408.237,0.1222,0.3312,-40.95,0.1222,0.3312,-40.95,-0.0000,0.0000,-0.00
1789467408.337,0.1257,0.3350,-41.52,0.1257,0.3350,-41.52,-0.0000,0.0000,-0.00
1789467408.437,0.1291,0.3387,-42.09,0.1291,0.3387,-42.09,0.0000,-0.0000,0.00
1789467408.537,0.1325,0.3425,-42.67,0.1325,0.3425,-42.67,0.0000,-0.0000,0.00
1789467408.637,0.1359,0.3461,-43.24,0.1359,0.3461,-43.24,0.0000,-0.0000,0.00
1789467408.737,0.1394,0.3498,-43.79,0.1394,0.3498,-43.79,0.0000,-0.0000,0.00
1789467408.837,0.1430,0.3533,-44.36,0.1430,0.3533,-44.36,0.0000,-0.0000,0.00
1789467408.937,0.1465,0.3569,-44.94,0.1465,0.3569,-44.94,0.0000,-0.0000,0.00
1789467409.037,0.1500,0.3603,-45.50,0.1500,0.3603,-45.50,0.0000,-0.0000,0.00
1789467409.137,0.1535,0.3641,-46.06,0.1535,0.3641,-46.06,0.0000,-0.0000,0.00
1789467409.237,0.1572,0.3674,-46.63,0.1572,0.3674,-46.63,0.0000,-0.0000,0.00
1789467409.337,0.1608,0.3709,-47.18,0.1608,0.3709,-47.18,0.0000,-0.0000,0.00
1789467409.437,0.1645,0.3744,-47.76,0.1645,0.3744,-47.76,0.0000,-0.0000,0.00
1789467409.537,0.1682,0.3777,-48.34,0.1682,0.3777,-48.34,0.0000,-0.0000,0.00
1789467409.637,0.1720,0.3809,-48.90,0.1720,0.3809,-48.90,0.0000,-0.0000,0.00
1789467409.737,0.1758,0.3843,-49.48,0.1758,0.3843,-49.48,0.0000,-0.0000,0.00
1789467409.837,0.1797,0.3876,-50.05,0.1797,0.3876,-50.05,0.0000,-0.0000,0.00
1789467409.937,0.1835,0.3908,-50.60,0.1835,0.3908,-50.60,0.0000,-0.0000,0.00
1789467410.037,0.1874,0.3943,-51.18,0.1874,0.3943,-51.18,0.0000,-0.0000,0.00
1789467410.137,0.1912,0.3974,-51.73,0.1912,0.3974,-51.73,0.0000,-0.0000,0.00
1789467410.237,0.1953,0.4003,-52.30,0.1953,0.4003,-52.30,0.0000,-0.0000,0.00
1789467410.337,0.1995,0.4037,-52.86,0.1995,0.4037,-52.86,0.0000,-0.0000,0.00
1789467410.437,0.2033,0.4068,-53.41,0.2033,0.4068,-53.41,0.0000,-0.0000,0.00
1789467410.537,0.2075,0.4098,-53.95,0.2075,0.4098,-53.95,0.0000,-0.0000,0.00
1789467410.637,0.2116,0.4127,-54.54,0.2116,0.4127,-54.54,0.0000,-0.0000,0.00
1789467410.737,0.2154,0.4154,-55.11,0.2154,0.4154,-55.11,0.0000,-0.0000,0.00
1789467410.837,0.2195,0.4181,-55.69,0.2195,0.4181,-55.69,0.0000,-0.0000,0.00
1789467410.937,0.2238,0.4208,-56.26,0.2238,0.4208,-56.26,0.0000,-0.0000,0.00
1789467411.037,0.2279,0.4235,-56.82,0.2279,0.4235,-56.82,0.0000,-0.0000,0.00
1789467411.137,0.2320,0.4261,-57.39,0.2320,0.4261,-57.39,0.0000,-0.0000,0.00
1789467411.237,0.2364,0.4288,-57.97,0.2364,0.4288,-57.97,0.0000,-0.0000,0.00
1789467411.337,0.2405,0.4317,-58.54,0.2405,0.4317,-58.54,0.0000,-0.0000,0.00
1789467411.437,0.2447,0.4342,-59.09,0.2447,0.4342,-59.09,0.0000,-0.0000,0.00
1789467411.537,0.2492,0.4369,-59.66,0.2492,0.4369,-59.66,0.0000,-0.0000,0.00
1789467411.637,0.2535,0.4395,-60.22,0.2535,0.4395,-60.22,0.0000,-0.0000,0.00
1789467411.737,0.2578,0.4419,-60.78,0.2578,0.4419,-60.78,0.0000,-0.0000,0.00
1789467411.837,0.2622,0.4444,-61.35,0.2622,0.4444,-61.35,0.0000,-0.0000,0.00
1789467411.937,0.2666,0.4469,-61.92,0.2666,0.4469,-61.92,0.0000,-0.0000,0.00
1789467412.037,0.2708,0.4490,-62.49,0.2708,0.4490,-62.49,0.0000,-0.0000,0.00
1789467412.138,0.2753,0.4511,-63.10,0.2753,0.4511,-63.10,-0.0000,0.0000,0.00
1789467412.237,0.2797,0.4532,-63.68,0.2797,0.4532,-63.68,-0.0000,0.0000,0.00
1789467412.337,0.2840,0.4553,-64.24,0.2840,0.4553,-64.24,-0.0000,0.0000,0.00
1789467412.437,0.2886,0.4576,-64.82,0.2886,0.4576,-64.82,-0.0000,0.0000,0.00
1789467412.537,0.2932,0.4598,-65.40,0.2932,0.4598,-65.40,-0.0000,0.0000,0.00
1789467412.637,0.2977,0.4619,-65.95,0.2977,0.4619,-65.95,-0.0000,0.0000,0.00
1789467412.737,0.3024,0.4639,-66.52,0.3024,0.4639,-66.52,-0.0000,0.0000,0.00
1789467412.837,0.3071,0.4659,-67.08,0.3071,0.4659,-67.08,-0.0000,0.0000,0.00
1789467412.937,0.3116,0.4679,-67.63,0.3116,0.4679,-67.63,-0.0000,0.0000,0.00
1789467413.037,0.3138,0.4688,-67.91,0.3138,0.4688,-67.91,-0.0000,0.0000,0.00
1789467413.137,0.3187,0.4708,-68.48,0.3187,0.4708,-68.48,-0.0000,0.0000,0.00
1789467413.237,0.3237,0.4725,-69.07,0.3237,0.4725,-69.07,-0.0000,0.0000,0.00
1789467413.337,0.3284,0.4743,-69.62,0.3284,0.4743,-69.62,-0.0000,0.0000,0.00
1789467413.437,0.3331,0.4760,-70.19,0.3331,0.4760,-70.19,-0.0000,0.0000,0.00
1789467413.537,0.3379,0.4776,-70.77,0.3379,0.4776,-70.77,-0.0000,0.0000,0.00
1789467413.637,0.3427,0.4794,-71.35,0.3427,0.4794,-71.35,-0.0000,0.0000,0.00
1789467413.737,0.3473,0.4810,-71.91,0.3473,0.4810,-71.91,-0.0000,0.0000,0.00
1789467413.837,0.3522,0.4826,-72.48,0.3522,0.4826,-72.48,-0.0000,0.0000,0.00
1789467413.937,0.3570,0.4841,-73.05,0.3570,0.4841,-73.05,-0.0000,0.0000,0.00
1789467414.037,0.3618,0.4855,-73.64,0.3618,0.4855,-73.64,-0.0000,0.0000,0.00
1789467414.137,0.3665,0.4868,-74.21,0.3665,0.4868,-74.21,-0.0000,0.0000,0.00
1789467414.237,0.3711,0.4881,-74.77,0.3711,0.4881,-74.77,-0.0000,0.0000,0.00
1789467414.337,0.3758,0.4893,-75.35,0.3758,0.4893,-75.35,-0.0000,0.0000,0.00
1789467414.437,0.3806,0.4905,-75.91,0.3806,0.4905,-75.91,-0.0000,0.0000,0.00
1789467414.537,0.3857,0.4916,-76.47,0.3857,0.4916,-76.47,-0.0000,0.0000,0.00
1789467414.637,0.3905,0.4929,-77.03,0.3905,0.4929,-77.03,-0.0000,0.0000,0.00
1789467414.737,0.3952,0.4940,-77.61,0.3952,0.4940,-77.61,-0.0000,0.0000,0.00
1789467414.837,0.4002,0.4949,-78.19,0.4002,0.4949,-78.19,-0.0000,0.0000,0.00
1789467414.937,0.4051,0.4961,-78.76,0.4051,0.4961,-78.76,-0.0000,0.0000,0.00
1789467415.037,0.4097,0.4970,-79.32,0.4097,0.4970,-79.32,-0.0000,0.0000,0.00
1789467415.137,0.4148,0.4979,-79.91,0.4148,0.4979,-79.91,-0.0000,0.0000,0.00
1789467415.237,0.4197,0.4989,-80.48,0.4197,0.4989,-80.48,-0.0000,0.0000,0.00
1789467415.337,0.4247,0.4997,-81.05,0.4247,0.4997,-81.05,-0.0000,0.0000,0.00
1789467415.437,0.4297,0.5003,-81.61,0.4297,0.5003,-81.61,-0.0000,0.0000,0.00
1789467415.537,0.4348,0.5011,-82.19,0.4348,0.5011,-82.19,-0.0000,0.0000,0.00
1789467415.637,0.4395,0.5018,-82.75,0.4395,0.5018,-82.75,-0.0000,0.0000,0.00
1789467415.737,0.4445,0.5023,-83.32,0.4445,0.5023,-83.32,0.0000,-0.0000,0.00
1789467415.837,0.4498,0.5029,-83.90,0.4498,0.5029,-83.90,0.0000,-0.0000,0.00
1789467415.937,0.4546,0.5035,-84.45,0.4546,0.5035,-84.45,0.0000,-0.0000,0.00
1789467416.037,0.4596,0.5039,-85.01,0.4596,0.5039,-85.01,0.0000,-0.0000,0.00
1789467416.137,0.4648,0.5044,-85.59,0.4648,0.5044,-85.59,0.0000,-0.0000,0.00
1789467416.237,0.4697,0.5049,-86.15,0.4697,0.5049,-86.15,0.0000,-0.0000,0.00
1789467416.337,0.4746,0.5051,-86.71,0.4746,0.5051,-86.71,0.0000,-0.0000,0.00
1789467416.437,0.4798,0.5053,-87.28,0.4798,0.5053,-87.28,0.0000,-0.0000,0.00
1789467416.537,0.4848,0.5055,-87.83,0.4848,0.5055,-87.83,0.0000,-0.0000,0.00
1789467416.637,0.4898,0.5056,-88.38,0.4898,0.5056,-88.38,0.0000,-0.0000,0.00
1789467416.737,0.4948,0.5057,-88.96,0.4948,0.5057,-88.96,0.0000,-0.0000,0.00
1789467416.837,0.4999,0.5058,-89.52,0.4999,0.5058,-89.52,0.0000,-0.0000,0.00
1789467416.937,0.5048,0.5057,-90.07,0.5048,0.5057,-90.07,0.0000,-0.0000,0.00
1789467417.037,0.5099,0.5056,-90.65,0.5099,0.5056,-90.65,0.0000,-0.0000,0.00
1789467417.137,0.5150,0.5055,-91.21,0.5150,0.5055,-91.21,0.0000,-0.0000,0.00
1789467417.237,0.5200,0.5054,-91.77,0.5200,0.5054,-91.77,0.0000,-0.0000,0.00
1789467417.337,0.5250,0.5053,-92.33,0.5250,0.5053,-92.33,0.0000,-0.0000,0.00
1789467417.437,0.5300,0.5050,-92.91,0.5300,0.5050,-92.91,0.0000,-0.0000,0.00
1789467417.537,0.5350,0.5048,-93.46,0.5350,0.5048,-93.46,0.0000,-0.0000,0.00
1789467417.637,0.5400,0.5046,-94.04,0.5400,0.5046,-94.04,0.0000,-0.0000,0.00
1789467417.737,0.5450,0.5042,-94.62,0.5450,0.5042,-94.62,0.0000,-0.0000,0.00
1789467417.837,0.5499,0.5039,-95.17,0.5499,0.5039,-95.17,0.0000,-0.0000,0.00
1789467417.937,0.5548,0.5035,-95.74,0.5548,0.5035,-95.74,0.0000,-0.0000,0.00
1789467418.037,0.5599,0.5028,-96.32,0.5599,0.5028,-96.32,0.0000,-0.0000,0.00
1789467418.137,0.5649,0.5021,-96.88,0.5649,0.5021,-96.88,0.0000,-0.0000,0.00
1789467418.237,0.5697,0.5015,-97.44,0.5697,0.5015,-97.44,0.0000,-0.0000,0.00
1789467418.337,0.5747,0.5009,-98.02,0.5747,0.5009,-98.02,0.0000,-0.0000,0.00
1789467418.437,0.5796,0.5001,-98.58,0.5796,0.5001,-98.58,0.0000,-0.0000,0.00
1789467418.537,0.5846,0.4994,-99.14,0.5846,0.4994,-99.14,0.0000,-0.0000,0.00
1789467418.637,0.5896,0.4986,-99.71,0.5896,0.4986,-99.71,0.0000,-0.0000,0.00
1789467418.737,0.5945,0.4975,-100.28,0.5945,0.4975,-100.28,0.0000,-0.0000,0.00
1789467418.837,0.5995,0.4968,-100.85,0.5995,0.4968,-100.85,0.0000,-0.0000,0.00
1789467418.937,0.6043,0.4958,-101.43,0.6043,0.4958,-101.43,0.0000,-0.0000,0.00
1789467419.037,0.6092,0.4947,-102.00,0.6092,0.4947,-102.00,0.0000,-0.0000,0.00
1789467419.137,0.6142,0.4936,-102.57,0.6142,0.4936,-102.57,0.0000,-0.0000,0.00
1789467419.237,0.6191,0.4925,-103.13,0.6191,0.4925,-103.13,0.0000,-0.0000,0.00
1789467419.337,0.6239,0.4912,-103.70,0.6239,0.4912,-103.70,0.0000,-0.0000,0.00
1789467419.437,0.6289,0.4902,-104.26,0.6289,0.4902,-104.26,-0.0000,0.0000,-0.00
1789467419.537,0.6337,0.4889,-104.83,0.6337,0.4889,-104.83,-0.0000,0.0000,-0.00
1789467419.637,0.6386,0.4875,-105.38,0.6386,0.4875,-105.38,-0.0000,0.0000,-0.00
1789467419.737,0.6435,0.4861,-105.96,0.6435,0.4861,-105.96,-0.0000,0.0000,-0.00
1789467419.837,0.6483,0.4848,-106.52,0.6483,0.4848,-106.52,-0.0000,0.0000,-0.00
1789467419.937,0.6529,0.4832,-107.08,0.6529,0.4832,-107.08,-0.0000,0.0000,-0.00
1789467420.037,0.6577,0.4815,-107.66,0.6577,0.4815,-107.66,-0.0000,0.0000,-0.00
1789467420.137,0.6625,0.4800,-108.24,0.6625,0.4800,-108.24,-0.0000,0.0000,-0.00
1789467420.237,0.6669,0.4784,-108.81,0.6669,0.4784,-108.81,-0.0000,0.0000,-0.00
1789467420.337,0.6716,0.4767,-109.39,0.6716,0.4767,-109.39,-0.0000,0.0000,-0.00
1789467420.437,0.6764,0.4751,-109.96,0.6764,0.4751,-109.96,-0.0000,0.0000,-0.00
1789467420.537,0.6809,0.4734,-110.52,0.6809,0.4734,-110.52,-0.0000,0.0000,-0.00
1789467420.637,0.6856,0.4716,-111.10,0.6856,0.4716,-111.10,-0.0000,0.0000,-0.00
1789467420.737,0.6904,0.4700,-111.66,0.6904,0.4700,-111.66,-0.0000,0.0000,-0.00
1789467420.837,0.6950,0.4681,-112.21,0.6950,0.4681,-112.21,-0.0000,0.0000,-0.00
1789467420.937,0.6996,0.4661,-112.78,0.6996,0.4661,-112.78,-0.0000,0.0000,-0.00
1789467421.037,0.7043,0.4641,-113.36,0.7043,0.4641,-113.36,-0.0000,0.0000,-0.00
1789467421.137,0.7087,0.4622,-113.91,0.7087,0.4622,-113.91,-0.0000,0.0000,-0.00
1789467421.237,0.7132,0.4601,-114.49,0.7132,0.4601,-114.49,-0.0000,0.0000,-0.00
1789467421.337,0.7178,0.4580,-115.07,0.7178,0.4580,-115.07,-0.0000,0.0000,-0.00
1789467421.437,0.7222,0.4560,-115.62,0.7222,0.4560,-115.62,-0.0000,0.0000,-0.00
1789467421.537,0.7267,0.4539,-116.19,0.7267,0.4539,-116.19,-0.0000,0.0000,-0.00
1789467421.637,0.7313,0.4517,-116.78,0.7313,0.4517,-116.78,-0.0000,0.0000,-0.00
1789467421.737,0.7358,0.4495,-117.33,0.7358,0.4495,-117.33,-0.0000,0.0000,-0.00
1789467421.837,0.7402,0.4472,-117.90,0.7402,0.4472,-117.90,-0.0000,0.0000,-0.00
1789467421.937,0.7447,0.4449,-118.48,0.7447,0.4449,-118.48,-0.0000,0.0000,-0.00
1789467422.037,0.7489,0.4425,-119.04,0.7489,0.4425,-119.04,-0.0000,0.0000,-0.00
1789467422.137,0.7532,0.4400,-119.60,0.7532,0.4400,-119.60,-0.0000,0.0000,-0.00
1789467422.237,0.7577,0.4373,-120.17,0.7577,0.4373,-120.17,-0.0000,0.0000,-0.00
1789467422.337,0.7620,0.4348,-120.73,0.7620,0.4348,-120.73,-0.0000,0.0000,-0.00
1789467422.437,0.7663,0.4323,-121.29,0.7663,0.4323,-121.29,-0.0000,0.0000,-0.00
1789467422.537,0.7707,0.4296,-121.85,0.7707,0.4296,-121.85,-0.0000,0.0000,-0.00
1789467422.637,0.7749,0.4269,-122.40,0.7749,0.4269,-122.40,-0.0000,0.0000,-0.00
1789467422.737,0.7792,0.4243,-122.96,0.7792,0.4243,-122.96,-0.0000,0.0000,-0.00
1789467422.837,0.7835,0.4216,-123.54,0.7835,0.4216,-123.54,-0.0000,0.0000,-0.00
1789467422.937,0.7876,0.4187,-124.09,0.7876,0.4187,-124.09,-0.0000,0.0000,-0.00
1789467423.037,0.7918,0.4159,-124.66,0.7918,0.4159,-124.66,0.0000,0.0000,0.00
1789467423.137,0.7960,0.4132,-125.23,0.7960,0.4132,-125.23,0.0000,0.0000,0.00
1789467423.237,0.8000,0.4101,-125.80,0.8000,0.4101,-125.80,0.0000,0.0000,0.00
1789467423.337,0.8041,0.4071,-126.37,0.8041,0.4071,-126.37,0.0000,0.0000,0.00
1789467423.437,0.8081,0.4041,-126.92,0.8081,0.4041,-126.92,0.0000,0.0000,0.00
1789467423.537,0.8120,0.4011,-127.50,0.8120,0.4011,-127.50,0.0000,0.0000,0.00
1789467423.637,0.8161,0.3979,-128.08,0.8161,0.3979,-128.08,0.0000,0.0000,0.00
1789467423.737,0.8202,0.3949,-128.63,0.8202,0.3949,-128.63,0.0000,0.0000,0.00
1789467423.837,0.8239,0.3917,-129.19,0.8239,0.3917,-129.19,0.0000,0.0000,0.00
1789467423.937,0.8278,0.3885,-129.77,0.8278,0.3885,-129.77,0.0000,0.0000,0.00
1789467424.037,0.8317,0.3853,-130.36,0.8317,0.3853,-130.36,0.0000,0.0000,0.00
1789467424.137,0.8354,0.3821,-130.93,0.8354,0.3821,-130.93,0.0000,0.0000,0.00
1789467424.237,0.8390,0.3786,-131.49,0.8390,0.3786,-131.49,0.0000,0.0000,0.00
1789467424.337,0.8429,0.3754,-132.05,0.8429,0.3754,-132.05,0.0000,0.0000,0.00
1789467424.437,0.8466,0.3722,-132.61,0.8466,0.3722,-132.61,0.0000,0.0000,0.00
1789467424.537,0.8502,0.3686,-133.20,0.8502,0.3686,-133.20,0.0000,0.0000,0.00
1789467424.637,0.8539,0.3651,-133.75,0.8539,0.3651,-133.75,0.0000,0.0000,0.00
1789467424.737,0.8574,0.3618,-134.30,0.8574,0.3618,-134.30,0.0000,0.0000,0.00
1789467424.837,0.8610,0.3583,-134.89,0.8610,0.3583,-134.89,0.0000,0.0000,0.00
1789467424.937,0.8645,0.3546,-135.48,0.8645,0.3546,-135.48,0.0000,0.0000,0.00
1789467425.037,0.8681,0.3511,-136.04,0.8681,0.3511,-136.04,0.0000,0.0000,0.00
1789467425.137,0.8714,0.3474,-136.61,0.8714,0.3474,-136.61,0.0000,0.0000,0.00
1789467425.237,0.8749,0.3436,-137.16,0.8749,0.3436,-137.16,0.0000,0.0000,0.00
1789467425.337,0.8783,0.3401,-137.72,0.8783,0.3401,-137.72,0.0000,0.0000,0.00
1789467425.437,0.8816,0.3364,-138.30,0.8816,0.3364,-138.30,0.0000,0.0000,0.00
1789467425.537,0.8849,0.3323,-138.88,0.8849,0.3323,-138.88,0.0000,0.0000,0.00
1789467425.637,0.8883,0.3286,-139.44,0.8883,0.3286,-139.44,0.0000,0.0000,0.00
1789467425.737,0.8916,0.3249,-140.00,0.8916,0.3249,-140.00,0.0000,0.0000,0.00
1789467425.837,0.8948,0.3210,-140.59,0.8948,0.3210,-140.59,0.0000,0.0000,0.00
1789467425.937,0.8979,0.3172,-141.16,0.8979,0.3172,-141.16,0.0000,0.0000,0.00
1789467426.037,0.9009,0.3132,-141.74,0.9009,0.3132,-141.74,0.0000,0.0000,0.00
1789467426.137,0.9041,0.3093,-142.32,0.9041,0.3093,-142.32,0.0000,0.0000,0.00
1789467426.237,0.9071,0.3054,-142.89,0.9071,0.3054,-142.89,0.0000,0.0000,0.00
1789467426.337,0.9100,0.3013,-143.46,0.9100,0.3013,-143.46,0.0000,0.0000,0.00
1789467426.437,0.9130,0.2974,-144.03,0.9130,0.2974,-144.03,0.0000,0.0000,0.00
1789467426.537,0.9158,0.2931,-144.59,0.9158,0.2931,-144.59,0.0000,0.0000,0.00
1789467426.637,0.9186,0.2887,-145.13,0.9186,0.2887,-145.13,0.0000,0.0000,0.00
1789467426.737,0.9216,0.2846,-145.70,0.9216,0.2846,-145.70,0.0000,0.0000,0.00
1789467426.837,0.9244,0.2805,-146.27,0.9244,0.2805,-146.27,0.0000,0.0000,0.00
1789467426.937,0.9274,0.2763,-146.84,0.9274,0.2763,-146.84,0.0000,0.0000,0.00
1789467427.037,0.9301,0.2722,-147.39,0.9301,0.2722,-147.39,0.0000,0.0000,0.00
1789467427.137,0.9327,0.2680,-147.95,0.9327,0.2680,-147.95,0.0000,0.0000,0.00
1789467427.237,0.9353,0.2637,-148.51,0.9353,0.2637,-148.51,0.0000,0.0000,0.00
1789467427.337,0.9379,0.2595,-149.08,0.9379,0.2595,-149.08,0.0000,0.0000,0.00
1789467427.438,0.9404,0.2553,-149.64,0.9404,0.2553,-149.64,0.0000,0.0000,0.00
1789467427.537,0.9429,0.2510,-150.20,0.9429,0.2510,-150.20,0.0000,0.0000,0.00
1789467427.637,0.9454,0.2468,-150.78,0.9454,0.2468,-150.78,0.0000,0.0000,0.00
1789467427.737,0.9478,0.2425,-151.35,0.9478,0.2425,-151.35,0.0000,0.0000,0.00
1789467427.837,0.9501,0.2381,-151.92,0.9501,0.2381,-151.92,0.0000,0.0000,0.00
1789467427.937,0.9525,0.2337,-152.50,0.9525,0.2337,-152.50,0.0000,0.0000,0.00
1789467428.037,0.9547,0.2294,-153.07,0.9547,0.2294,-153.07,0.0000,0.0000,0.00
1789467428.137,0.9569,0.2249,-153.65,0.9569,0.2249,-153.65,0.0000,0.0000,0.00
1789467428.237,0.9593,0.2204,-154.23,0.9593,0.2204,-154.23,0.0000,0.0000,0.00
1789467428.337,0.9614,0.2161,-154.79,0.9614,0.2161,-154.79,0.0000,0.0000,0.00
1789467428.437,0.9634,0.2114,-155.36,0.9634,0.2114,-155.36,0.0000,0.0000,0.00
1789467428.537,0.9657,0.2067,-155.93,0.9657,0.2067,-155.93,0.0000,0.0000,0.00
1789467428.637,0.9676,0.2023,-156.49,0.9676,0.2023,-156.49,0.0000,0.0000,0.00
1789467428.737,0.9694,0.1978,-157.06,0.9694,0.1978,-157.06,0.0000,0.0000,0.00
1789467428.837,0.9714,0.1932,-157.64,0.9714,0.1932,-157.64,0.0000,0.0000,0.00
1789467428.937,0.9733,0.1887,-158.21,0.9733,0.1887,-158.21,0.0000,0.0000,0.00
1789467429.037,0.9750,0.1840,-158.77,0.9750,0.1840,-158.77,0.0000,0.0000,0.00
1789467429.137,0.9769,0.1793,-159.33,0.9769,0.1793,-159.33,0.0000,0.0000,0.00
1789467429.237,0.9786,0.1746,-159.89,0.9786,0.1746,-159.89,0.0000,0.0000,0.00
1789467429.337,0.9802,0.1699,-160.45,0.9802,0.1699,-160.45,0.0000,0.0000,0.00
1789467429.437,0.9820,0.1650,-161.03,0.9820,0.1650,-161.03,0.0000,0.0000,0.00
1789467429.537,0.9837,0.1602,-161.58,0.9837,0.1602,-161.58,0.0000,0.0000,0.00
1789467429.637,0.9852,0.1555,-162.14,0.9852,0.1555,-162.14,0.0000,0.0000,0.00
1789467429.737,0.9866,0.1505,-162.72,0.9866,0.1505,-162.72,0.0000,0.0000,0.00
1789467429.837,0.9883,0.1455,-163.29,0.9883,0.1455,-163.29,0.0000,0.0000,0.00
1789467429.937,0.9896,0.1409,-163.83,0.9896,0.1409,-163.83,0.0000,0.0000,0.00
1789467430.037,0.9909,0.1360,-164.40,0.9909,0.1360,-164.40,0.0000,0.0000,0.00
1789467430.137,0.9924,0.1311,-164.96,0.9924,0.1311,-164.96,0.0000,0.0000,0.00
1789467430.237,0.9937,0.1263,-165.51,0.9937,0.1263,-165.51,0.0000,0.0000,0.00
1789467430.337,0.9948,0.1214,-166.10,0.9948,0.1214,-166.10,0.0000,-0.0000,0.00
1789467430.437,0.9961,0.1166,-166.67,0.9961,0.1166,-166.67,0.0000,-0.0000,0.00
1789467430.537,0.9972,0.1117,-167.22,0.9972,0.1117,-167.22,0.0000,-0.0000,0.00
1789467430.637,0.9979,0.1068,-167.80,0.9979,0.1068,-167.80,0.0000,-0.0000,0.00
1789467430.737,0.9991,0.1018,-168.37,0.9991,0.1018,-168.37,0.0000,-0.0000,0.00
1789467430.837,1.0000,0.0970,-168.93,1.0000,0.0970,-168.93,0.0000,-0.0000,0.00
1789467430.937,1.0009,0.0921,-169.49,1.0009,0.0921,-169.49,0.0000,-0.0000,0.00
1789467431.037,1.0020,0.0871,-170.06,1.0020,0.0871,-170.06,0.0000,-0.0000,0.00
1789467431.137,1.0026,0.0823,-170.62,1.0026,0.0823,-170.62,0.0000,-0.0000,0.00
1789467431.237,1.0036,0.0772,-171.18,1.0036,0.0772,-171.18,0.0000,-0.0000,0.00
1789467431.337,1.0044,0.0723,-171.74,1.0044,0.0723,-171.74,0.0000,-0.0000,0.00
1789467431.437,1.0048,0.0675,-172.31,1.0048,0.0675,-172.31,0.0000,-0.0000,0.00
1789467431.537,1.0058,0.0623,-172.90,1.0058,0.0623,-172.90,0.0000,-0.0000,0.00
1789467431.637,1.0062,0.0575,-173.46,1.0062,0.0575,-173.46,0.0000,-0.0000,0.00
1789467431.737,1.0065,0.0527,-174.03,1.0065,0.0527,-174.03,0.0000,-0.0000,0.00
1789467431.837,1.0072,0.0477,-174.61,1.0072,0.0477,-174.61,0.0000,-0.0000,0.00
1789467431.937,1.0077,0.0427,-175.19,1.0077,0.0427,-175.19,0.0000,-0.0000,0.00
1789467432.037,1.0079,0.0379,-175.76,1.0079,0.0379,-175.76,0.0000,-0.0000,0.00
1789467432.137,1.0085,0.0327,-176.34,1.0085,0.0327,-176.34,0.0000,-0.0000,0.00
1789467432.237,1.0091,0.0274,-176.93,1.0091,0.0274,-176.93,0.0000,-0.0000,0.00
1789467432.337,1.0092,0.0226,-177.49,1.0092,0.0226,-177.49,0.0000,-0.0000,0.00
1789467432.437,1.0096,0.0176,-178.06,1.0096,0.0176,-178.06,0.0000,-0.0000,0.00
1789467432.537,1.0099,0.0125,-178.63,1.0099,0.0125,-178.63,0.0000,-0.0000,0.00
1789467432.637,1.0097,0.0078,-179.17,1.0097,0.0078,-179.17,0.0000,-0.0000,0.00
1789467432.737,1.0098,0.0026,-179.75,1.0098,0.0026,-179.75,0.0000,-0.0000,0.00
1789467432.837,1.0099,-0.0024,179.67,1.0099,-0.0024,179.67,0.0000,-0.0000,0.00
1789467432.937,1.0097,-0.0071,179.11,1.0097,-0.0071,179.11,0.0000,-0.0000,0.00
1789467433.037,1.0096,-0.0123,178.54,1.0096,-0.0123,178.54,0.0000,-0.0000,0.00
1789467433.137,1.0094,-0.0174,177.96,1.0094,-0.0174,177.96,0.0000,-0.0000,0.00
1789467433.237,1.0090,-0.0224,177.40,1.0090,-0.0224,177.40,0.0000,-0.0000,0.00
1789467433.338,1.0087,-0.0273,176.85,1.0087,-0.0273,176.85,0.0000,-0.0000,0.00
1789467433.437,1.0086,-0.0325,176.27,1.0086,-0.0325,176.27,0.0000,-0.0000,0.00
1789467433.537,1.0082,-0.0371,175.71,1.0082,-0.0371,175.71,0.0000,-0.0000,0.00
1789467433.637,1.0078,-0.0422,175.14,1.0078,-0.0422,175.14,0.0000,-0.0000,0.00
1789467433.737,1.0075,-0.0474,174.57,1.0075,-0.0474,174.57,0.0000,-0.0000,0.00
1789467433.837,1.0070,-0.0522,174.02,1.0070,-0.0522,174.02,0.0000,-0.0000,0.00
1789467433.937,1.0063,-0.0571,173.45,1.0063,-0.0571,173.45,0.0000,-0.0000,0.00
1789467434.037,1.0059,-0.0623,172.87,1.0059,-0.0623,172.87,0.0000,0.0000,-0.00
1789467434.137,1.0053,-0.0670,172.32,1.0053,-0.0670,172.32,0.0000,0.0000,-0.00
1789467434.237,1.0045,-0.0720,171.76,1.0045,-0.0720,171.76,0.0000,0.0000,-0.00
1789467434.337,1.0038,-0.0771,171.18,1.0038,-0.0771,171.18,0.0000,0.0000,-0.00
1789467434.437,1.0031,-0.0817,170.63,1.0031,-0.0817,170.63,0.0000,0.0000,-0.00
1789467434.537,1.0021,-0.0867,170.05,1.0021,-0.0867,170.05,0.0000,0.0000,-0.00
1789467434.637,1.0011,-0.0918,169.47,1.0011,-0.0918,169.47,0.0000,0.0000,-0.00
1789467434.737,1.0002,-0.0966,168.91,1.0002,-0.0966,168.91,0.0000,0.0000,-0.00
1789467434.837,0.9992,-0.1014,168.35,0.9992,-0.1014,168.35,0.0000,0.0000,-0.00
1789467434.937,0.9982,-0.1064,167.77,0.9982,-0.1064,167.77,0.0000,0.0000,-0.00
1789467435.037,0.9970,-0.1112,167.19,0.9970,-0.1112,167.19,0.0000,0.0000,-0.00
1789467435.137,0.9959,-0.1159,166.61,0.9959,-0.1159,166.61,0.0000,0.0000,-0.00
1789467435.237,0.9946,-0.1208,166.01,0.9946,-0.1208,166.01,0.0000,0.0000,-0.00
1789467435.337,0.9934,-0.1257,165.45,0.9934,-0.1257,165.45,0.0000,0.0000,-0.00
1789467435.437,0.9921,-0.1303,164.89,0.9921,-0.1303,164.89,0.0000,0.0000,-0.00
1789467435.537,0.9907,-0.1352,164.32,0.9907,-0.1352,164.32,0.0000,0.0000,-0.00
1789467435.637,0.9894,-0.1399,163.76,0.9894,-0.1399,163.76,0.0000,0.0000,-0.00
1789467435.737,0.9880,-0.1447,163.20,0.9880,-0.1447,163.20,0.0000,0.0000,-0.00
1789467435.837,0.9865,-0.1495,162.63,0.9865,-0.1495,162.63,0.0000,0.0000,-0.00
1789467435.937,0.9850,-0.1543,162.06,0.9850,-0.1543,162.06,0.0000,0.0000,-0.00
1789467436.037,0.9836,-0.1590,161.49,0.9836,-0.1590,161.49,0.0000,0.0000,-0.00
1789467436.137,0.9819,-0.1638,160.92,0.9819,-0.1638,160.92,0.0000,0.0000,-0.00
1789467436.237,0.9801,-0.1684,160.34,0.9801,-0.1684,160.34,0.0000,0.0000,-0.00
1789467436.337,0.9785,-0.1731,159.78,0.9785,-0.1731,159.78,0.0000,0.0000,-0.00
1789467436.437,0.9767,-0.1779,159.21,0.9767,-0.1779,159.21,0.0000,0.0000,-0.00
1789467436.537,0.9748,-0.1826,158.65,0.9748,-0.1826,158.65,0.0000,0.0000,-0.00
1789467436.637,0.9730,-0.1872,158.09,0.9730,-0.1872,158.09,0.0000,0.0000,-0.00
1789467436.737,0.9713,-0.1921,157.51,0.9713,-0.1921,157.51,0.0000,0.0000,-0.00
1789467436.837,0.9693,-0.1967,156.94,0.9693,-0.1967,156.94,0.0000,0.0000,-0.00
1789467436.937,0.9672,-0.2011,156.38,0.9672,-0.2011,156.38,0.0000,0.0000,-0.00
1789467437.037,0.9654,-0.2059,155.80,0.9654,-0.2059,155.80,0.0000,0.0000,-0.00
1789467437.137,0.9633,-0.2105,155.22,0.9633,-0.2105,155.22,0.0000,0.0000,-0.00
1789467437.237,0.9610,-0.2149,154.65,0.9610,-0.2149,154.65,0.0000,0.0000,-0.00
1789467437.337,0.9590,-0.2194,154.08,0.9590,-0.2194,154.08,0.0000,0.0000,-0.00
1789467437.437,0.9567,-0.2236,153.51,0.9567,-0.2236,153.51,0.0000,0.0000,-0.00
1789467437.537,0.9544,-0.2279,152.95,0.9544,-0.2279,152.95,0.0000,0.0000,-0.00
1789467437.637,0.9521,-0.2325,152.38,0.9521,-0.2325,152.38,0.0000,-0.0000,-0.00
1789467437.737,0.9497,-0.2369,151.82,0.9497,-0.2369,151.82,0.0000,-0.0000,-0.00
1789467437.837,0.9472,-0.2413,151.25,0.9472,-0.2413,151.25,0.0000,-0.0000,-0.00
1789467437.937,0.9448,-0.2458,150.69,0.9448,-0.2458,150.69,0.0000,-0.0000,-0.00
1789467438.037,0.9424,-0.2501,150.13,0.9424,-0.2501,150.13,0.0000,-0.0000,-0.00
1789467438.137,0.9398,-0.2544,149.55,0.9398,-0.2544,149.55,0.0000,-0.0000,-0.00
1789467438.237,0.9372,-0.2589,148.96,0.9372,-0.2589,148.96,0.0000,-0.0000,-0.00
1789467438.337,0.9349,-0.2631,148.41,0.9349,-0.2631,148.41,0.0000,-0.0000,-0.00
1789467438.437,0.9322,-0.2673,147.85,0.9322,-0.2673,147.85,0.0000,-0.0000,-0.00
1789467438.537,0.9296,-0.2716,147.27,0.9296,-0.2716,147.27,0.0000,-0.0000,-0.00
1789467438.637,0.9270,-0.2757,146.72,0.9270,-0.2757,146.72,0.0000,-0.0000,-0.00
1789467438.737,0.9241,-0.2800,146.17,0.9241,-0.2800,146.17,0.0000,-0.0000,-0.00
1789467438.837,0.9213,-0.2842,145.60,0.9213,-0.2842,145.60,0.0000,-0.0000,-0.00
1789467438.937,0.9185,-0.2884,145.05,0.9185,-0.2884,145.05,0.0000,-0.0000,-0.00
1789467439.037,0.9155,-0.2924,144.49,0.9155,-0.2924,144.49,0.0000,-0.0000,-0.00
1789467439.137,0.9125,-0.2964,143.91,0.9125,-0.2964,143.91,0.0000,-0.0000,-0.00
1789467439.237,0.9096,-0.3005,143.34,0.9096,-0.3005,143.34,0.0000,-0.0000,-0.00
1789467439.337,0.9067,-0.3044,142.79,0.9067,-0.3044,142.79,0.0000,-0.0000,-0.00
1789467439.437,0.9035,-0.3085,142.20,0.9035,-0.3085,142.20,0.0000,-0.0000,-0.00
1789467439.537,0.9004,-0.3126,141.63,0.9004,-0.3126,141.63,0.0000,-0.0000,-0.00
1789467439.637,0.8974,-0.3164,141.08,0.8974,-0.3164,141.08,0.0000,-0.0000,-0.00
1789467439.737,0.8942,-0.3204,140.49,0.8942,-0.3204,140.49,0.0000,-0.0000,-0.00
1789467439.837,0.8911,-0.3244,139.94,0.8911,-0.3244,139.94,0.0000,-0.0000,-0.00
1789467439.937,0.8880,-0.3281,139.38,0.8880,-0.3281,139.38,0.0000,-0.0000,-0.00
1789467440.037,0.8846,-0.3319,138.79,0.8846,-0.3319,138.79,0.0000,-0.0000,-0.00
1789467440.137,0.8811,-0.3359,138.21,0.8811,-0.3359,138.21,0.0000,-0.0000,-0.00
1789467440.237,0.8778,-0.3398,137.66,0.8778,-0.3398,137.66,0.0000,-0.0000,-0.00
1789467440.337,0.8743,-0.3436,137.09,0.8743,-0.3436,137.09,0.0000,-0.0000,-0.00
1789467440.437,0.8708,-0.3474,136.52,0.8708,-0.3474,136.52,0.0000,-0.0000,-0.00
1789467440.537,0.8674,-0.3511,135.96,0.8674,-0.3511,135.96,0.0000,-0.0000,-0.00
1789467440.637,0.8639,-0.3546,135.39,0.8639,-0.3546,135.39,0.0000,-0.0000,-0.00
1789467440.737,0.8603,-0.3582,134.81,0.8603,-0.3582,134.81,0.0000,-0.0000,-0.00
1789467440.837,0.8567,-0.3617,134.24,0.8567,-0.3617,134.24,0.0000,-0.0000,-0.00
1789467440.937,0.8531,-0.3650,133.67,0.8531,-0.3650,133.67,0.0000,-0.0000,-0.00
1789467441.037,0.8495,-0.3684,133.08,0.8495,-0.3684,133.08,0.0000,-0.0000,-0.00
1789467441.137,0.8459,-0.3718,132.52,0.8459,-0.3718,132.52,0.0000,-0.0000,-0.00
1789467441.237,0.8423,-0.3750,131.95,0.8423,-0.3750,131.95,0.0000,-0.0000,-0.00
1789467441.337,0.8386,-0.3783,131.36,0.8386,-0.3783,131.36,0.0000,-0.0000,-0.00
1789467441.437,0.8347,-0.3815,130.79,0.8347,-0.3815,130.79,0.0000,-0.0000,-0.00
1789467441.537,0.8309,-0.3848,130.22,0.8309,-0.3848,130.22,0.0000,-0.0000,-0.00
1789467441.637,0.8271,-0.3880,129.65,0.8271,-0.3880,129.65,0.0000,-0.0000,-0.00
1789467441.737,0.8232,-0.3911,129.07,0.8232,-0.3911,129.07,0.0000,-0.0000,-0.00
1789467441.837,0.8193,-0.3942,128.51,0.8193,-0.3942,128.51,0.0000,-0.0000,-0.00
1789467441.937,0.8154,-0.3973,127.95,0.8154,-0.3973,127.95,0.0000,-0.0000,-0.00
1789467442.038,0.8113,-0.4003,127.39,0.8113,-0.4003,127.39,0.0000,-0.0000,-0.00
1789467442.137,0.8074,-0.4034,126.83,0.8074,-0.4034,126.83,0.0000,-0.0000,-0.00
1789467442.237,0.8035,-0.4064,126.26,0.8035,-0.4064,126.26,0.0000,-0.0000,-0.00
1789467442.337,0.7993,-0.4093,125.69,0.7993,-0.4093,125.69,0.0000,-0.0000,-0.00
1789467442.437,0.7950,-0.4122,125.14,0.7950,-0.4122,125.14,0.0000,-0.0000,-0.00
1789467442.537,0.7911,-0.4151,124.58,0.7911,-0.4151,124.58,0.0000,-0.0000,-0.00
1789467442.637,0.7870,-0.4179,124.00,0.7870,-0.4179,124.00,0.0000,-0.0000,-0.00
1789467442.737,0.7825,-0.4207,123.41,0.7825,-0.4207,123.41,0.0000,-0.0000,-0.00
1789467442.837,0.7785,-0.4234,122.87,0.7785,-0.4234,122.87,0.0000,-0.0000,-0.00
1789467442.937,0.7743,-0.4262,122.30,0.7743,-0.4262,122.30,0.0000,-0.0000,-0.00
1789467443.037,0.7697,-0.4288,121.72,0.7697,-0.4288,121.72,0.0000,-0.0000,-0.00
1789467443.137,0.7653,-0.4314,121.15,0.7653,-0.4314,121.15,0.0000,-0.0000,-0.00
1789467443.237,0.7611,-0.4340,120.59,0.7611,-0.4340,120.59,0.0000,-0.0000,-0.00
1789467443.338,0.7567,-0.4365,120.01,0.7567,-0.4365,120.01,0.0000,-0.0000,-0.00
1789467443.437,0.7525,-0.4390,119.44,0.7525,-0.4390,119.44,0.0000,-0.0000,-0.00
1789467443.537,0.7479,-0.4414,118.89,0.7479,-0.4414,118.89,0.0000,-0.0000,-0.00
1789467443.637,0.7433,-0.4438,118.31,0.7433,-0.4438,118.31,0.0000,-0.0000,-0.00
1789467443.737,0.7387,-0.4462,117.77,0.7387,-0.4462,117.77,0.0000,-0.0000,-0.00
1789467443.837,0.7343,-0.4486,117.19,0.7343,-0.4486,117.19,0.0000,-0.0000,-0.00
1789467443.937,0.7299,-0.4508,116.63,0.7299,-0.4508,116.63,0.0000,-0.0000,-0.00
1789467444.037,0.7253,-0.4530,116.05,0.7253,-0.4530,116.05,0.0000,-0.0000,-0.00
1789467444.137,0.7208,-0.4552,115.50,0.7208,-0.4552,115.50,0.0000,-0.0000,-0.00
1789467444.237,0.7162,-0.4573,114.92,0.7162,-0.4573,114.92,0.0000,-0.0000,-0.00
1789467444.337,0.7114,-0.4593,114.33,0.7114,-0.4593,114.33,0.0000,-0.0000,-0.00
1789467444.437,0.7068,-0.4614,113.76,0.7068,-0.4614,113.76,0.0000,-0.0000,-0.00
1789467444.537,0.7024,-0.4633,113.20,0.7024,-0.4633,113.20,0.0000,-0.0000,-0.00
1789467444.637,0.6978,-0.4652,112.63,0.6978,-0.4652,112.63,0.0000,-0.0000,-0.00
1789467444.737,0.6933,-0.4672,112.07,0.6933,-0.4672,112.07,0.0000,-0.0000,-0.00
1789467444.837,0.6887,-0.4691,111.50,0.6887,-0.4691,111.50,0.0000,-0.0000,-0.00
1789467444.937,0.6840,-0.4708,110.93,0.6840,-0.4708,110.93,-0.0000,-0.0000,0.00
1789467445.037,0.6793,-0.4726,110.36,0.6793,-0.4726,110.36,-0.0000,-0.0000,0.00
1789467445.137,0.6746,-0.4744,109.79,0.6746,-0.4744,109.79,-0.0000,-0.0000,0.00
1789467445.237,0.6699,-0.4760,109.22,0.6699,-0.4760,109.22,-0.0000,-0.0000,0.00
1789467445.337,0.6651,-0.4777,108.64,0.6651,-0.4777,108.64,-0.0000,-0.0000,0.00
1789467445.437,0.6603,-0.4793,108.09,0.6603,-0.4793,108.09,-0.0000,-0.0000,0.00
1789467445.537,0.6555,-0.4809,107.52,0.6555,-0.4809,107.52,-0.0000,-0.0000,0.00
1789467445.637,0.6508,-0.4823,106.94,0.6508,-0.4823,106.94,-0.0000,-0.0000,0.00
1789467445.737,0.6461,-0.4838,106.38,0.6461,-0.4838,106.38,-0.0000,-0.0000,0.00
1789467445.837,0.6413,-0.4853,105.81,0.6413,-0.4853,105.81,-0.0000,-0.0000,0.00
1789467445.937,0.6365,-0.4866,105.24,0.6365,-0.4866,105.24,-0.0000,-0.0000,0.00
1789467446.037,0.6317,-0.4881,104.67,0.6317,-0.4881,104.67,-0.0000,-0.0000,0.00
1789467446.137,0.6269,-0.4893,104.11,0.6269,-0.4893,104.11,-0.0000,-0.0000,0.00
1789467446.237,0.6220,-0.4904,103.53,0.6220,-0.4904,103.53,-0.0000,-0.0000,0.00
1789467446.337,0.6171,-0.4917,102.96,0.6171,-0.4917,102.96,-0.0000,-0.0000,0.00
1789467446.437,0.6123,-0.4929,102.40,0.6123,-0.4929,102.40,-0.0000,-0.0000,0.00
1789467446.537,0.6074,-0.4939,101.82,0.6074,-0.4939,101.82,-0.0000,-0.0000,0.00
1789467446.637,0.6025,-0.4948,101.26,0.6025,-0.4948,101.26,-0.0000,-0.0000,0.00
1789467446.737,0.5976,-0.4959,100.71,0.5976,-0.4959,100.71,-0.0000,-0.0000,0.00
1789467446.837,0.5927,-0.4967,100.14,0.5927,-0.4967,100.14,-0.0000,-0.0000,0.00
1789467446.937,0.5878,-0.4976,99.56,0.5878,-0.4976,99.56,-0.0000,-0.0000,0.00
1789467447.037,0.5830,-0.4985,99.01,0.5830,-0.4985,99.01,-0.0000,-0.0000,0.00
1789467447.137,0.5781,-0.4993,98.44,0.5781,-0.4993,98.44,-0.0000,-0.0000,0.00
1789467447.237,0.5730,-0.4999,97.84,0.5730,-0.4999,97.84,-0.0000,-0.0000,0.00
1789467447.337,0.5679,-0.5007,97.29,0.5679,-0.5007,97.29,-0.0000,-0.0000,0.00
1789467447.437,0.5631,-0.5012,96.74,0.5631,-0.5012,96.74,-0.0000,-0.0000,0.00
1789467447.537,0.5578,-0.5015,96.16,0.5578,-0.5015,96.16,-0.0000,-0.0000,0.00
1789467447.637,0.5527,-0.5020,95.63,0.5527,-0.5020,95.63,-0.0000,-0.0000,0.00
1789467447.737,0.5479,-0.5025,95.07,0.5479,-0.5025,95.07,-0.0000,-0.0000,0.00
1789467447.837,0.5429,-0.5028,94.49,0.5429,-0.5028,94.49,-0.0000,-0.0000,0.00
1789467447.937,0.5376,-0.5032,93.89,0.5376,-0.5032,93.89,-0.0000,-0.0000,0.00
1789467448.037,0.5326,-0.5037,93.33,0.5326,-0.5037,93.33,-0.0000,-0.0000,0.00
1789467448.137,0.5277,-0.5039,92.75,0.5277,-0.5039,92.75,-0.0000,-0.0000,0.00
1789467448.237,0.5228,-0.5041,92.19,0.5228,-0.5041,92.19,-0.0000,-0.0000,0.00
1789467448.337,0.5178,-0.5043,91.61,0.5178,-0.5043,91.61,-0.0000,-0.0000,0.00
1789467448.437,0.5129,-0.5044,91.04,0.5129,-0.5044,91.04,-0.0000,-0.0000,0.00
1789467448.537,0.5077,-0.5045,90.45,0.5077,-0.5045,90.45,-0.0000,-0.0000,0.00
1789467448.637,0.5028,-0.5046,89.90,0.5028,-0.5046,89.90,0.0000,0.0000,-0.00
1789467448.737,0.4979,-0.5047,89.33,0.4979,-0.5047,89.33,0.0000,0.0000,-0.00
1789467448.837,0.4929,-0.5045,88.75,0.4929,-0.5045,88.75,0.0000,0.0000,-0.00
1789467448.937,0.4879,-0.5045,88.19,0.4879,-0.5045,88.19,0.0000,0.0000,-0.00
1789467449.037,0.4831,-0.5043,87.61,0.4831,-0.5043,87.61,0.0000,0.0000,-0.00
1789467449.137,0.4781,-0.5039,87.02,0.4781,-0.5039,87.02,0.0000,0.0000,-0.00
1789467449.237,0.4730,-0.5035,86.46,0.4730,-0.5035,86.46,0.0000,0.0000,-0.00
1789467449.337,0.4680,-0.5031,85.90,0.4680,-0.5031,85.90,0.0000,0.0000,-0.00
1789467449.437,0.4630,-0.5027,85.32,0.4630,-0.5027,85.32,0.0000,0.0000,-0.00
1789467449.537,0.4581,-0.5024,84.77,0.4581,-0.5024,84.77,0.0000,0.0000,-0.00
1789467449.637,0.4533,-0.5019,84.21,0.4533,-0.5019,84.21,0.0000,0.0000,-0.00
1789467449.737,0.4483,-0.5014,83.63,0.4483,-0.5014,83.63,0.0000,0.0000,-0.00
1789467449.837,0.4433,-0.5008,83.06,0.4433,-0.5008,83.06,0.0000,0.0000,-0.00
1789467449.937,0.4384,-0.5002,82.50,0.4384,-0.5002,82.50,0.0000,0.0000,-0.00
1789467450.037,0.4334,-0.4995,81.92,0.4334,-0.4995,81.92,0.0000,0.0000,-0.00
1789467450.137,0.4285,-0.4988,81.36,0.4285,-0.4988,81.36,0.0000,0.0000,-0.00
1789467450.237,0.4236,-0.4980,80.80,0.4236,-0.4980,80.80,0.0000,0.0000,-0.00
1789467450.337,0.4186,-0.4972,80.20,0.4186,-0.4972,80.20,0.0000,0.0000,-0.00
1789467450.437,0.4136,-0.4962,79.62,0.4136,-0.4962,79.62,0.0000,0.0000,-0.00
1789467450.537,0.4089,-0.4954,79.07,0.4089,-0.4954,79.07,0.0000,0.0000,-0.00
1789467450.637,0.4039,-0.4945,78.49,0.4039,-0.4945,78.49,0.0000,0.0000,-0.00
1789467450.737,0.3991,-0.4935,77.93,0.3991,-0.4935,77.93,0.0000,0.0000,-0.00
1789467450.837,0.3942,-0.4924,77.36,0.3942,-0.4924,77.36,0.0000,0.0000,-0.00
1789467450.937,0.3891,-0.4914,76.78,0.3891,-0.4914,76.78,0.0000,0.0000,-0.00
1789467451.037,0.3842,-0.4901,76.23,0.3842,-0.4901,76.23,0.0000,0.0000,-0.00
1789467451.137,0.3793,-0.4888,75.68,0.3793,-0.4888,75.68,0.0000,0.0000,-0.00
1789467451.237,0.3743,-0.4877,75.11,0.3743,-0.4877,75.11,0.0000,0.0000,-0.00
1789467451.337,0.3696,-0.4863,74.54,0.3696,-0.4863,74.54,0.0000,0.0000,-0.00
1789467451.437,0.3649,-0.4848,73.99,0.3649,-0.4848,73.99,0.0000,0.0000,-0.00
1789467451.537,0.3599,-0.4834,73.42,0.3599,-0.4834,73.42,0.0000,0.0000,-0.00
1789467451.637,0.3551,-0.4820,72.85,0.3551,-0.4820,72.85,0.0000,0.0000,-0.00
1789467451.737,0.3504,-0.4805,72.28,0.3504,-0.4805,72.28,0.0000,0.0000,-0.00
1789467451.837,0.3455,-0.4789,71.73,0.3455,-0.4789,71.73,0.0000,0.0000,-0.00
1789467451.937,0.3408,-0.4773,71.17,0.3408,-0.4773,71.17,0.0000,0.0000,-0.00
1789467452.038,0.3360,-0.4756,70.61,0.3360,-0.4756,70.61,0.0000,0.0000,-0.00
1789467452.137,0.3312,-0.4738,70.04,0.3312,-0.4738,70.04,0.0000,0.0000,-0.00
1789467452.237,0.3264,-0.4721,69.50,0.3264,-0.4721,69.50,0.0000,-0.0000,0.00
1789467452.337,0.3220,-0.4702,68.98,0.3220,-0.4702,68.98,0.0000,-0.0000,0.00
1789467452.437,0.3174,-0.4682,68.41,0.3174,-0.4682,68.41,0.0000,-0.0000,0.00
1789467452.537,0.3127,-0.4664,67.84,0.3127,-0.4664,67.84,0.0000,-0.0000,0.00
1789467452.637,0.3082,-0.4644,67.29,0.3082,-0.4644,67.29,0.0000,-0.0000,0.00
1789467452.737,0.3036,-0.4620,66.74,0.3036,-0.4620,66.74,0.0000,-0.0000,0.00
1789467452.837,0.2988,-0.4598,66.20,0.2988,-0.4598,66.20,0.0000,-0.0000,0.00
1789467452.937,0.2944,-0.4577,65.64,0.2944,-0.4577,65.64,0.0000,-0.0000,0.00
1789467453.037,0.2898,-0.4557,65.06,0.2898,-0.4557,65.06,0.0000,-0.0000,0.00
1789467453.137,0.2852,-0.4537,64.48,0.2852,-0.4537,64.48,0.0000,-0.0000,0.00
1789467453.237,0.2809,-0.4516,63.92,0.2809,-0.4516,63.92,0.0000,-0.0000,0.00
1789467453.337,0.2763,-0.4494,63.33,0.2763,-0.4494,63.33,0.0000,-0.0000,0.00
1789467453.437,0.2716,-0.4473,62.76,0.2716,-0.4473,62.76,0.0000,-0.0000,0.00
1789467453.537,0.2673,-0.4450,62.19,0.2673,-0.4450,62.19,0.0000,-0.0000,0.00
1789467453.637,0.2628,-0.4428,61.60,0.2628,-0.4428,61.60,0.0000,-0.0000,0.00
1789467453.737,0.2581,-0.4404,61.02,0.2581,-0.4404,61.02,0.0000,-0.0000,0.00
1789467453.837,0.2539,-0.4380,60.45,0.2539,-0.4380,60.45,0.0000,-0.0000,0.00
1789467453.937,0.2498,-0.4354,59.85,0.2498,-0.4354,59.85,0.0000,-0.0000,0.00
1789467454.037,0.2455,-0.4328,59.24,0.2455,-0.4328,59.24,0.0000,-0.0000,0.00
1789467454.137,0.2414,-0.4303,58.68,0.2414,-0.4303,58.68,0.0000,-0.0000,0.00
1789467454.237,0.2372,-0.4278,58.11,0.2372,-0.4278,58.11,0.0000,-0.0000,0.00
1789467454.337,0.2330,-0.4251,57.53,0.2330,-0.4251,57.53,0.0000,-0.0000,0.00
1789467454.437,0.2289,-0.4225,56.97,0.2289,-0.4225,56.97,0.0000,-0.0000,0.00
1789467454.537,0.2248,-0.4198,56.39,0.2248,-0.4198,56.39,0.0000,-0.0000,0.00
1789467454.637,0.2205,-0.4170,55.81,0.2205,-0.4170,55.81,0.0000,-0.0000,0.00
1789467454.737,0.2164,-0.4142,55.24,0.2164,-0.4142,55.24,0.0000,-0.0000,0.00
1789467454.837,0.2123,-0.4114,54.66,0.2123,-0.4114,54.66,0.0000,-0.0000,0.00
1789467454.937,0.2080,-0.4085,54.08,0.2080,-0.4085,54.08,0.0000,-0.0000,0.00
1789467455.037,0.2041,-0.4056,53.51,0.2041,-0.4056,53.51,0.0000,-0.0000,0.00
1789467455.137,0.2000,-0.4026,52.93,0.2000,-0.4026,52.93,0.0000,-0.0000,0.00
1789467455.237,0.1961,-0.3997,52.36,0.1961,-0.3997,52.36,0.0000,-0.0000,0.00
1789467455.337,0.1922,-0.3966,51.78,0.1922,-0.3966,51.78,0.0000,-0.0000,0.00
1789467455.437,0.1883,-0.3935,51.20,0.1883,-0.3935,51.20,0.0000,-0.0000,0.00
1789467455.537,0.1844,-0.3904,50.63,0.1844,-0.3904,50.63,0.0000,-0.0000,0.00
1789467455.637,0.1806,-0.3871,50.08,0.1806,-0.3871,50.08,0.0000,-0.0000,0.00
1789467455.737,0.1767,-0.3839,49.51,0.1767,-0.3839,49.51,0.0000,-0.0000,0.00
1789467455.837,0.1729,-0.3807,48.94,0.1729,-0.3807,48.94,0.0000,-0.0000,0.00
1789467455.937,0.1691,-0.3773,48.37,0.1691,-0.3773,48.37,0.0000,-0.0000,0.00
1789467456.037,0.1654,-0.3739,47.82,0.1654,-0.3739,47.82,0.0000,-0.0000,0.00
1789467456.137,0.1617,-0.3705,47.26,0.1617,-0.3705,47.26,0.0000,-0.0000,0.00
1789467456.237,0.1580,-0.3671,46.69,0.1580,-0.3671,46.69,0.0000,-0.0000,0.00
1789467456.337,0.1543,-0.3636,46.12,0.1543,-0.3636,46.12,0.0000,-0.0000,0.00
1789467456.437,0.1507,-0.3602,45.57,0.1507,-0.3602,45.57,0.0000,-0.0000,0.00
1789467456.537,0.1471,-0.3567,45.01,0.1471,-0.3567,45.01,0.0000,-0.0000,0.00
1789467456.637,0.1435,-0.3532,44.44,0.1435,-0.3532,44.44,0.0000,-0.0000,0.00
1789467456.737,0.1400,-0.3498,43.88,0.1400,-0.3498,43.88,0.0000,-0.0000,0.00
1789467456.837,0.1366,-0.3463,43.32,0.1366,-0.3463,43.32,0.0000,-0.0000,0.00
1789467456.937,0.1330,-0.3424,42.73,0.1330,-0.3424,42.73,0.0000,-0.0000,0.00
1789467457.037,0.1296,-0.3388,42.17,0.1296,-0.3388,42.17,0.0000,-0.0000,0.00
1789467457.137,0.1262,-0.3352,41.61,0.1262,-0.3352,41.61,0.0000,-0.0000,0.00
1789467457.237,0.1229,-0.3313,41.01,0.1229,-0.3313,41.01,0.0000,-0.0000,0.00
1789467457.337,0.1196,-0.3276,40.45,0.1196,-0.3276,40.45,0.0000,-0.0000,0.00
1789467457.437,0.1164,-0.3240,39.89,0.1164,-0.3240,39.89,0.0000,-0.0000,0.00
1789467457.537,0.1132,-0.3201,39.31,0.1132,-0.3201,39.31,0.0000,-0.0000,0.00
1789467457.637,0.1101,-0.3160,38.72,0.1101,-0.3160,38.72,0.0000,-0.0000,0.00
1789467457.737,0.1069,-0.3123,38.17,0.1069,-0.3123,38.17,0.0000,-0.0000,0.00
1789467457.837,0.1038,-0.3082,37.61,0.1038,-0.3082,37.61,0.0000,-0.0000,0.00
1789467457.937,0.1008,-0.3043,37.04,0.1008,-0.3043,37.04,0.0000,-0.0000,0.00
1789467458.038,0.0977,-0.3003,36.48,0.0977,-0.3003,36.48,0.0000,-0.0000,0.00
1789467458.137,0.0948,-0.2963,35.91,0.0948,-0.2963,35.91,0.0000,-0.0000,0.00
1789467458.237,0.0919,-0.2922,35.33,0.0919,-0.2922,35.33,0.0000,-0.0000,0.00
1789467458.337,0.0890,-0.2883,34.81,0.0890,-0.2883,34.81,0.0000,-0.0000,0.00
1789467458.437,0.0862,-0.2841,34.24,0.0862,-0.2841,34.24,0.0000,-0.0000,0.00
1789467458.537,0.0834,-0.2799,33.65,0.0834,-0.2799,33.65,0.0000,-0.0000,0.00
1789467458.637,0.0807,-0.2758,33.08,0.0807,-0.2758,33.08,0.0000,-0.0000,0.00
1789467458.737,0.0779,-0.2717,32.51,0.0779,-0.2717,32.51,0.0000,-0.0000,0.00
1789467458.837,0.0754,-0.2674,31.95,0.0754,-0.2674,31.95,0.0000,-0.0000,0.00
1789467458.937,0.0729,-0.2629,31.37,0.0729,-0.2629,31.37,0.0000,-0.0000,0.00
1789467459.037,0.0703,-0.2587,30.80,0.0703,-0.2587,30.80,0.0000,-0.0000,0.00
1789467459.137,0.0678,-0.2544,30.22,0.0678,-0.2544,30.22,0.0000,-0.0000,0.00
1789467459.237,0.0653,-0.2502,29.66,0.0653,-0.2502,29.66,0.0000,-0.0000,0.00
1789467459.337,0.0629,-0.2459,29.09,0.0629,-0.2459,29.09,0.0000,-0.0000,0.00
1789467459.437,0.0604,-0.2415,28.52,0.0604,-0.2415,28.52,0.0000,-0.0000,0.00
1789467459.537,0.0582,-0.2369,27.95,0.0582,-0.2369,27.95,0.0000,-0.0000,0.00
1789467459.637,0.0557,-0.2325,27.39,0.0557,-0.2325,27.39,0.0000,-0.0000,0.00
1789467459.737,0.0534,-0.2280,26.82,0.0534,-0.2280,26.82,0.0000,-0.0000,0.00
1789467459.837,0.0511,-0.2235,26.25,0.0511,-0.2235,26.25,0.0000,-0.0000,0.00
1789467459.937,0.0490,-0.2189,25.70,0.0490,-0.2189,25.70,0.0000,-0.0000,0.00
1789467460.038,0.0468,-0.2145,25.14,0.0468,-0.2145,25.14,0.0000,-0.0000,0.00
1789467460.137,0.0448,-0.2099,24.56,0.0448,-0.2099,24.56,0.0000,-0.0000,0.00
1789467460.237,0.0428,-0.2053,23.99,0.0428,-0.2053,23.99,0.0000,-0.0000,0.00
1789467460.337,0.0408,-0.2008,23.43,0.0408,-0.2008,23.43,0.0000,-0.0000,0.00
1789467460.437,0.0388,-0.1962,22.86,0.0388,-0.1962,22.86,0.0000,-0.0000,0.00
1789467460.537,0.0369,-0.1915,22.29,0.0369,-0.1915,22.29,0.0000,-0.0000,0.00
1789467460.637,0.0350,-0.1870,21.72,0.0350,-0.1870,21.72,0.0000,-0.0000,0.00
1789467460.737,0.0331,-0.1824,21.15,0.0331,-0.1824,21.15,0.0000,-0.0000,0.00
1789467460.837,0.0314,-0.1776,20.57,0.0314,-0.1776,20.57,0.0000,-0.0000,0.00
1789467460.937,0.0296,-0.1730,20.00,0.0296,-0.1730,20.00,0.0000,-0.0000,0.00
1789467461.037,0.0278,-0.1683,19.44,0.0278,-0.1683,19.44,0.0000,-0.0000,0.00
1789467461.137,0.0263,-0.1634,18.87,0.0263,-0.1634,18.87,0.0000,-0.0000,0.00
1789467461.237,0.0247,-0.1586,18.31,0.0247,-0.1586,18.31,0.0000,-0.0000,0.00
1789467461.337,0.0231,-0.1539,17.74,0.0231,-0.1539,17.74,0.0000,-0.0000,0.00
1789467461.437,0.0216,-0.1492,17.16,0.0216,-0.1492,17.16,0.0000,-0.0000,0.00
1789467461.537,0.0201,-0.1445,16.60,0.0201,-0.1445,16.60,0.0000,-0.0000,0.00
1789467461.637,0.0186,-0.1397,16.05,0.0186,-0.1397,16.05,0.0000,-0.0000,0.00
1789467461.737,0.0174,-0.1348,15.49,0.0174,-0.1348,15.49,0.0000,-0.0000,0.00
1789467461.837,0.0161,-0.1298,14.92,0.0161,-0.1298,14.92,0.0000,-0.0000,0.00
1789467461.937,0.0147,-0.1250,14.37,0.0147,-0.1250,14.37,0.0000,-0.0000,0.00
1789467462.037,0.0135,-0.1200,13.80,0.0135,-0.1200,13.80,0.0000,-0.0000,0.00
1789467462.137,0.0126,-0.1149,13.23,0.0126,-0.1149,13.23,0.0000,-0.0000,0.00
1789467462.237,0.0114,-0.1102,12.69,0.0114,-0.1102,12.69,0.0000,-0.0000,0.00
1789467462.337,0.0102,-0.1053,12.13,0.0102,-0.1053,12.13,0.0000,-0.0000,0.00
1789467462.437,0.0094,-0.1000,11.57,0.0094,-0.1000,11.57,0.0000,-0.0000,0.00
1789467462.537,0.0085,-0.0949,11.01,0.0085,-0.0949,11.01,0.0000,-0.0000,0.00
1789467462.637,0.0081,-0.0925,10.73,0.0081,-0.0925,10.73,0.0000,-0.0000,0.00
1789467462.737,0.0067,-0.0852,9.88,0.0067,-0.0852,9.88,0.0000,-0.0000,0.00
1789467462.837,0.0059,-0.0804,9.31,0.0059,-0.0804,9.31,0.0000,-0.0000,0.00
1789467462.937,0.0051,-0.0756,8.75,0.0051,-0.0756,8.75,0.0000,-0.0000,0.00
1789467463.037,0.0044,-0.0706,8.17,0.0044,-0.0706,8.17,0.0000,-0.0000,0.00
1789467463.137,0.0036,-0.0657,7.59,0.0036,-0.0657,7.59,0.0000,-0.0000,0.00
1789467463.237,0.0028,-0.0608,7.02,0.0028,-0.0608,7.02,-0.0000,0.0000,0.00
1789467463.337,0.0022,-0.0559,6.46,0.0022,-0.0559,6.46,-0.0000,0.0000,0.00
1789467463.437,0.0016,-0.0508,5.88,0.0016,-0.0508,5.88,-0.0000,0.0000,0.00
1789467463.537,0.0010,-0.0459,5.32,0.0010,-0.0459,5.32,-0.0000,0.0000,0.00
1789467463.637,0.0005,-0.0410,4.75,0.0005,-0.0410,4.75,-0.0000,0.0000,0.00
1789467463.737,0.0002,-0.0358,4.17,0.0002,-0.0358,4.17,-0.0000,0.0000,0.00
1789467463.837,-0.0001,-0.0307,3.62,-0.0001,-0.0307,3.62,-0.0000,0.0000,0.00
1789467463.937,-0.0004,-0.0257,3.05,-0.0004,-0.0257,3.05,-0.0000,0.0000,0.00
1789467464.037,-0.0007,-0.0206,2.48,-0.0007,-0.0206,2.48,-0.0000,0.0000,0.00
1789467464.137,-0.0010,-0.0157,1.92,-0.0010,-0.0157,1.92,-0.0000,0.0000,0.00
1789467464.237,-0.0012,-0.0108,1.34,-0.0012,-0.0108,1.34,-0.0000,0.0000,0.00
1789467464.337,-0.0013,-0.0058,0.78,-0.0013,-0.0058,0.78,-0.0000,0.0000,0.00
1789467464.437,-0.0012,-0.0007,0.22,-0.0012,-0.0007,0.22,-0.0000,0.0000,0.00
1789467464.537,-0.0012,0.0043,-0.35,-0.0012,0.0043,-0.35,-0.0000,0.0000,0.00
1789467464.637,-0.0012,0.0069,-0.63,-0.0012,0.0069,-0.63,-0.0000,0.0000,0.00
1789467464.737,-0.0011,0.0145,-1.48,-0.0011,0.0145,-1.48,-0.0000,0.0000,0.00
1789467464.837,-0.0009,0.0196,-2.04,-0.0009,0.0196,-2.04,-0.0000,0.0000,0.00
1789467464.937,-0.0007,0.0246,-2.61,-0.0007,0.0246,-2.61,-0.0000,0.0000,0.00
1789467465.037,-0.0003,0.0296,-3.17,-0.0003,0.0296,-3.17,-0.0000,0.0000,0.00
1789467465.137,0.0000,0.0347,-3.73,0.0000,0.0347,-3.73,-0.0000,0.0000,0.00
1789467465.237,0.0003,0.0398,-4.30,0.0003,0.0398,-4.30,-0.0000,0.0000,0.00
1789467465.337,0.0008,0.0447,-4.88,0.0008,0.0447,-4.88,-0.0000,0.0000,0.00
1789467465.438,0.0011,0.0471,-5.16,0.0011,0.0471,-5.16,-0.0000,0.0000,0.00
1789467465.537,0.0016,0.0547,-6.02,0.0016,0.0547,-6.02,-0.0000,0.0000,0.00
1789467465.637,0.0019,0.0571,-6.30,0.0019,0.0571,-6.30,-0.0000,0.0000,0.00
1789467465.737,0.0028,0.0645,-7.16,0.0028,0.0645,-7.16,-0.0000,0.0000,0.00
1789467465.837,0.0033,0.0696,-7.73,0.0033,0.0696,-7.73,-0.0000,0.0000,0.00
1789467465.937,0.0040,0.0744,-8.30,0.0040,0.0744,-8.30,-0.0000,0.0000,0.00
1789467466.037,0.0045,0.0768,-8.59,0.0045,0.0768,-8.59,-0.0000,0.0000,0.00
1789467466.137,0.0055,0.0843,-9.45,0.0055,0.0843,-9.45,-0.0000,0.0000,0.00
1789467466.237,0.0065,0.0891,-10.00,0.0065,0.0891,-10.00,-0.0000,0.0000,0.00
1789467466.337,0.0070,0.0916,-10.28,0.0070,0.0916,-10.28,-0.0000,0.0000,0.00
1789467466.437,0.0083,0.0990,-11.13,0.0083,0.0990,-11.13,-0.0000,0.0000,0.00
1789467466.537,0.0093,0.1038,-11.69,0.0093,0.1038,-11.69,-0.0000,0.0000,0.00
1789467466.637,0.0104,0.1085,-12.27,0.0104,0.1085,-12.27,-0.0000,0.0000,0.00
1789467466.737,0.0115,0.1133,-12.84,0.0115,0.1133,-12.84,-0.0000,0.0000,0.00
1789467466.837,0.0126,0.1180,-13.40,0.0126,0.1180,-13.40,-0.0000,0.0000,-0.00
1789467466.937,0.0139,0.1229,-13.97,0.0139,0.1229,-13.97,-0.0000,0.0000,-0.00
1789467467.037,0.0152,0.1278,-14.54,0.0152,0.1278,-14.54,-0.0000,0.0000,-0.00
1789467467.137,0.0165,0.1325,-15.09,0.0165,0.1325,-15.09,-0.0000,0.0000,-0.00
1789467467.237,0.0179,0.1373,-15.66,0.0179,0.1373,-15.66,-0.0000,0.0000,-0.00
1789467467.337,0.0192,0.1422,-16.24,0.0192,0.1422,-16.24,-0.0000,0.0000,-0.00
1789467467.437,0.0206,0.1470,-16.79,0.0206,0.1470,-16.79,-0.0000,0.0000,-0.00
1789467467.537,0.0214,0.1494,-17.08,0.0214,0.1494,-17.08,-0.0000,0.0000,-0.00
1789467467.637,0.0229,0.1542,-17.65,0.0229,0.1542,-17.65,-0.0000,0.0000,-0.00
1789467467.737,0.0244,0.1591,-18.23,0.0244,0.1591,-18.23,-0.0000,0.0000,-0.00
1789467467.837,0.0260,0.1637,-18.78,0.0260,0.1637,-18.78,-0.0000,0.0000,-0.00
1789467467.937,0.0276,0.1686,-19.37,0.0276,0.1686,-19.37,-0.0000,0.0000,-0.00
1789467468.037,0.0292,0.1736,-19.93,0.0292,0.1736,-19.93,-0.0000,0.0000,-0.00
1789467468.137,0.0308,0.1783,-20.48,0.0308,0.1783,-20.48,-0.0000,0.0000,-0.00
1789467468.237,0.0327,0.1832,-21.04,0.0327,0.1832,-21.04,-0.0000,0.0000,-0.00
1789467468.337,0.0345,0.1880,-21.63,0.0345,0.1880,-21.63,-0.0000,0.0000,-0.00
1789467468.437,0.0363,0.1925,-22.19,0.0363,0.1925,-22.19,-0.0000,0.0000,-0.00
1789467468.537,0.0382,0.1969,-22.78,0.0382,0.1969,-22.78,-0.0000,0.0000,-0.00
1789467468.637,0.0402,0.2015,-23.36,0.0402,0.2015,-23.36,-0.0000,0.0000,-0.00
1789467468.737,0.0422,0.2058,-23.92,0.0422,0.2058,-23.92,-0.0000,0.0000,-0.00
1789467468.837,0.0442,0.2102,-24.49,0.0442,0.2102,-24.49,-0.0000,0.0000,-0.00
1789467468.937,0.0463,0.2148,-25.07,0.0463,0.2148,-25.07,-0.0000,0.0000,-0.00
1789467469.037,0.0484,0.2194,-25.63,0.0484,0.2194,-25.63,-0.0000,0.0000,-0.00
1789467469.137,0.0505,0.2238,-26.21,0.0505,0.2238,-26.21,-0.0000,0.0000,-0.00
1789467469.237,0.0527,0.2283,-26.79,0.0527,0.2283,-26.79,-0.0000,0.0000,-0.00
1789467469.337,0.0550,0.2327,-27.34,0.0550,0.2327,-27.34,-0.0000,0.0000,-0.00
1789467469.437,0.0572,0.2375,-27.91,0.0572,0.2375,-27.91,-0.0000,0.0000,-0.00
1789467469.537,0.0596,0.2419,-28.48,0.0596,0.2419,-28.48,-0.0000,0.0000,-0.00
1789467469.637,0.0620,0.2463,-29.03,0.0620,0.2463,-29.03,-0.0000,0.0000,-0.00
1789467469.737,0.0645,0.2508,-29.60,0.0645,0.2508,-29.60,-0.0000,0.0000,-0.00
1789467469.837,0.0671,0.2552,-30.17,0.0671,0.2552,-30.17,-0.0000,0.0000,-0.00
1789467469.937,0.0696,0.2594,-30.72,0.0696,0.2594,-30.72,-0.0000,0.0000,-0.00
1789467470.037,0.0723,0.2639,-31.30,0.0723,0.2639,-31.30,-0.0000,0.0000,-0.00
1789467470.137,0.0748,0.2683,-31.86,0.0748,0.2683,-31.86,-0.0000,0.0000,-0.00
1789467470.237,0.0774,0.2722,-32.42,0.0774,0.2722,-32.42,-0.0000,0.0000,-0.00
1789467470.337,0.0801,0.2766,-32.99,0.0801,0.2766,-32.99,-0.0000,0.0000,-0.00
1789467470.437,0.0828,0.2810,-33.58,0.0828,0.2810,-33.58,-0.0000,0.0000,-0.00
1789467470.537,0.0855,0.2848,-34.13,0.0855,0.2848,-34.13,0.0000,0.0000,0.00
1789467470.637,0.0884,0.2889,-34.71,0.0884,0.2889,-34.71,0.0000,0.0000,0.00
1789467470.737,0.0912,0.2933,-35.28,0.0912,0.2933,-35.28,0.0000,0.0000,0.00
1789467470.837,0.0942,0.2971,-35.83,0.0942,0.2971,-35.83,0.0000,0.0000,0.00
1789467470.937,0.0972,0.3011,-36.40,0.0972,0.3011,-36.40,0.0000,0.0000,0.00
1789467471.037,0.1001,0.3053,-36.97,0.1001,0.3053,-36.97,0.0000,0.0000,0.00
1789467471.137,0.1031,0.3091,-37.52,0.1031,0.3091,-37.52,0.0000,0.0000,0.00
1789467471.237,0.1062,0.3131,-38.09,0.1062,0.3131,-38.09,0.0000,0.0000,0.00
1789467471.337,0.1094,0.3172,-38.66,0.1094,0.3172,-38.66,0.0000,0.0000,0.00
1789467471.437,0.1125,0.3207,-39.22,0.1125,0.3207,-39.22,0.0000,0.0000,0.00
1789467471.537,0.1157,0.3246,-39.80,0.1157,0.3246,-39.80,0.0000,0.0000,0.00
1789467471.637,0.1189,0.3285,-40.38,0.1189,0.3285,-40.38,0.0000,0.0000,0.00
1789467471.737,0.1221,0.3320,-40.92,0.1221,0.3320,-40.92,0.0000,0.0000,0.00
1789467471.837,0.1256,0.3358,-41.49,0.1256,0.3358,-41.49,0.0000,0.0000,0.00
1789467471.937,0.1289,0.3397,-42.08,0.1289,0.3397,-42.08,0.0000,0.0000,0.00
1789467472.037,0.1322,0.3434,-42.63,0.1322,0.3434,-42.63,0.0000,0.0000,0.00
1789467472.137,0.1355,0.3469,-43.20,0.1355,0.3469,-43.20,0.0000,0.0000,0.00
1789467472.237,0.1391,0.3505,-43.77,0.1391,0.3505,-43.77,0.0000,0.0000,0.00
1789467472.337,0.1426,0.3542,-44.33,0.1426,0.3542,-44.33,0.0000,0.0000,0.00
1789467472.437,0.1461,0.3577,-44.90,0.1461,0.3577,-44.90,0.0000,0.0000,0.00
1789467472.537,0.1496,0.3613,-45.47,0.1496,0.3613,-45.47,0.0000,0.0000,0.00
1789467472.637,0.1531,0.3648,-46.03,0.1531,0.3648,-46.03,0.0000,0.0000,0.00
1789467472.737,0.1568,0.3683,-46.60,0.1568,0.3683,-46.60,0.0000,0.0000,0.00
1789467472.838,0.1605,0.3718,-47.18,0.1605,0.3718,-47.18,0.0000,0.0000,0.00
1789467472.937,0.1641,0.3750,-47.74,0.1641,0.3750,-47.74,0.0000,0.0000,0.00
1789467473.037,0.1678,0.3783,-48.32,0.1678,0.3783,-48.32,0.0000,0.0000,0.00
1789467473.137,0.1716,0.3817,-48.90,0.1716,0.3817,-48.90,0.0000,0.0000,0.00
1789467473.237,0.1754,0.3850,-49.47,0.1754,0.3850,-49.47,0.0000,0.0000,0.00
1789467473.338,0.1791,0.3883,-50.04,0.1791,0.3883,-50.04,0.0000,0.0000,0.00
1789467473.437,0.1831,0.3915,-50.61,0.1831,0.3915,-50.61,0.0000,0.0000,0.00
1789467473.537,0.1871,0.3945,-51.18,0.1871,0.3945,-51.18,0.0000,0.0000,0.00
1789467473.637,0.1910,0.3978,-51.75,0.1910,0.3978,-51.75,0.0000,0.0000,0.00
1789467473.737,0.1949,0.4009,-52.32,0.1949,0.4009,-52.32,0.0000,0.0000,0.00
1789467473.837,0.1990,0.4038,-52.89,0.1990,0.4038,-52.89,0.0000,0.0000,0.00
1789467473.937,0.2032,0.4069,-53.42,0.2032,0.4069,-53.42,0.0000,0.0000,0.00
1789467474.037,0.2072,0.4101,-53.97,0.2072,0.4101,-53.97,0.0000,0.0000,0.00
1789467474.137,0.2113,0.4131,-54.54,0.2113,0.4131,-54.54,0.0000,0.0000,-0.00
1789467474.237,0.2155,0.4159,-55.11,0.2155,0.4159,-55.11,0.0000,0.0000,-0.00
1789467474.337,0.2194,0.4187,-55.67,0.2194,0.4187,-55.67,0.0000,0.0000,-0.00
1789467474.437,0.2236,0.4215,-56.24,0.2236,0.4215,-56.24,0.0000,0.0000,-0.00
1789467474.537,0.2257,0.4229,-56.53,0.2257,0.4229,-56.53,0.0000,0.0000,-0.00
1789467474.637,0.2320,0.4271,-57.40,0.2320,0.4271,-57.40,0.0000,0.0000,-0.00
1789467474.737,0.2363,0.4296,-57.96,0.2363,0.4296,-57.96,0.0000,0.0000,-0.00
1789467474.837,0.2407,0.4321,-58.53,0.2407,0.4321,-58.53,0.0000,0.0000,-0.00
1789467474.937,0.2450,0.4347,-59.09,0.2450,0.4347,-59.09,0.0000,0.0000,-0.00
1789467475.037,0.2493,0.4372,-59.65,0.2493,0.4372,-59.65,0.0000,0.0000,-0.00
1789467475.137,0.2537,0.4397,-60.23,0.2537,0.4397,-60.23,0.0000,0.0000,-0.00
1789467475.237,0.2580,0.4423,-60.79,0.2580,0.4423,-60.79,0.0000,0.0000,-0.00
1789467475.337,0.2623,0.4447,-61.36,0.2623,0.4447,-61.36,0.0000,0.0000,-0.00
1789467475.437,0.2668,0.4470,-61.93,0.2668,0.4470,-61.93,0.0000,0.0000,-0.00
1789467475.537,0.2714,0.4495,-62.49,0.2714,0.4495,-62.49,0.0000,0.0000,-0.00
1789467475.637,0.2757,0.4518,-63.04,0.2757,0.4518,-63.04,0.0000,0.0000,-0.00
1789467475.737,0.2801,0.4540,-63.62,0.2801,0.4540,-63.62,0.0000,0.0000,-0.00
1789467475.837,0.2847,0.4563,-64.19,0.2847,0.4563,-64.19,0.0000,0.0000,-0.00
1789467475.937,0.2891,0.4585,-64.75,0.2891,0.4585,-64.75,0.0000,0.0000,-0.00
1789467476.037,0.2936,0.4605,-65.32,0.2936,0.4605,-65.32,0.0000,0.0000,-0.00
1789467476.137,0.2982,0.4627,-65.89,0.2982,0.4627,-65.89,0.0000,0.0000,-0.00
1789467476.237,0.3027,0.4647,-66.44,0.3027,0.4647,-66.44,0.0000,0.0000,-0.00
1789467476.337,0.3074,0.4666,-67.00,0.3074,0.4666,-67.00,0.0000,0.0000,-0.00
1789467476.437,0.3121,0.4685,-67.60,0.3121,0.4685,-67.60,0.0000,0.0000,-0.00
1789467476.537,0.3166,0.4705,-68.16,0.3166,0.4705,-68.16,0.0000,0.0000,-0.00
1789467476.637,0.3212,0.4723,-68.73,0.3212,0.4723,-68.73,0.0000,0.0000,-0.00
1789467476.737,0.3259,0.4741,-69.31,0.3259,0.4741,-69.31,0.0000,0.0000,-0.00
1789467476.837,0.3307,0.4759,-69.87,0.3307,0.4759,-69.87,0.0000,0.0000,-0.00
1789467476.937,0.3353,0.4773,-70.44,0.3353,0.4773,-70.44,0.0000,0.0000,-0.00
1789467477.037,0.3400,0.4789,-71.02,0.3400,0.4789,-71.02,0.0000,0.0000,-0.00
1789467477.137,0.3448,0.4804,-71.62,0.3448,0.4804,-71.62,0.0000,0.0000,-0.00
1789467477.237,0.3494,0.4818,-72.19,0.3494,0.4818,-72.19,0.0000,0.0000,-0.00
1789467477.337,0.3543,0.4834,-72.77,0.3543,0.4834,-72.77,0.0000,0.0000,-0.00
1789467477.437,0.3590,0.4850,-73.32,0.3590,0.4850,-73.32,0.0000,0.0000,-0.00
1789467477.537,0.3637,0.4864,-73.87,0.3637,0.4864,-73.87,0.0000,0.0000,-0.00
1789467477.637,0.3685,0.4879,-74.44,0.3685,0.4879,-74.44,0.0000,0.0000,-0.00
1789467477.737,0.3733,0.4893,-75.01,0.3733,0.4893,-75.01,0.0000,0.0000,-0.00
1789467477.837,0.3782,0.4906,-75.56,0.3782,0.4906,-75.56,-0.0000,-0.0000,0.00
1789467477.937,0.3831,0.4919,-76.14,0.3831,0.4919,-76.14,-0.0000,-0.0000,0.00
1789467478.037,0.3881,0.4931,-76.72,0.3881,0.4931,-76.72,-0.0000,-0.0000,0.00
1789467478.137,0.3929,0.4944,-77.27,0.3929,0.4944,-77.27,-0.0000,-0.0000,0.00
1789467478.237,0.3976,0.4954,-77.84,0.3976,0.4954,-77.84,-0.0000,-0.0000,0.00
1789467478.337,0.4024,0.4964,-78.42,0.4024,0.4964,-78.42,-0.0000,-0.0000,0.00
1789467478.437,0.4075,0.4973,-79.01,0.4075,0.4973,-79.01,-0.0000,-0.0000,0.00
1789467478.537,0.4123,0.4983,-79.58,0.4123,0.4983,-79.58,-0.0000,-0.0000,0.00
1789467478.637,0.4171,0.4991,-80.15,0.4171,0.4991,-80.15,-0.0000,-0.0000,0.00
1789467478.737,0.4220,0.4999,-80.72,0.4220,0.4999,-80.72,-0.0000,-0.0000,0.00
1789467478.837,0.4268,0.5008,-81.28,0.4268,0.5008,-81.28,-0.0000,-0.0000,0.00
1789467478.937,0.4317,0.5015,-81.86,0.4317,0.5015,-81.86,-0.0000,-0.0000,0.00
1789467479.037,0.4368,0.5022,-82.44,0.4368,0.5022,-82.44,-0.0000,-0.0000,0.00
1789467479.137,0.4418,0.5029,-83.00,0.4418,0.5029,-83.00,-0.0000,-0.0000,0.00
1789467479.237,0.4467,0.5034,-83.56,0.4467,0.5034,-83.56,-0.0000,-0.0000,0.00
1789467479.337,0.4517,0.5038,-84.14,0.4517,0.5038,-84.14,-0.0000,-0.0000,0.00
1789467479.437,0.4568,0.5044,-84.71,0.4568,0.5044,-84.71,-0.0000,-0.0000,0.00
1789467479.537,0.4619,0.5047,-85.27,0.4619,0.5047,-85.27,-0.0000,-0.0000,0.00
1789467479.637,0.4669,0.5050,-85.84,0.4669,0.5050,-85.84,-0.0000,-0.0000,0.00
1789467479.737,0.4719,0.5054,-86.42,0.4719,0.5054,-86.42,-0.0000,-0.0000,0.00
1789467479.837,0.4768,0.5058,-86.98,0.4768,0.5058,-86.98,-0.0000,-0.0000,0.00
1789467479.937,0.4817,0.5059,-87.55,0.4817,0.5059,-87.55,-0.0000,-0.0000,0.00
1789467480.037,0.4868,0.5060,-88.12,0.4868,0.5060,-88.12,-0.0000,-0.0000,0.00
1789467480.137,0.4917,0.5062,-88.69,0.4917,0.5062,-88.69,-0.0000,-0.0000,0.00
1789467480.237,0.4966,0.5063,-89.25,0.4966,0.5063,-89.25,-0.0000,-0.0000,0.00
1789467480.337,0.5016,0.5063,-89.84,0.5016,0.5063,-89.84,-0.0000,-0.0000,0.00
1789467480.437,0.5066,0.5065,-90.39,0.5066,0.5065,-90.39,-0.0000,-0.0000,0.00
1789467480.537,0.5114,0.5064,-90.95,0.5114,0.5064,-90.95,-0.0000,-0.0000,0.00
1789467480.637,0.5165,0.5062,-91.54,0.5165,0.5062,-91.54,-0.0000,-0.0000,0.00
1789467480.737,0.5215,0.5062,-92.10,0.5215,0.5062,-92.10,-0.0000,-0.0000,0.00
1789467480.837,0.5263,0.5060,-92.65,0.5263,0.5060,-92.65,-0.0000,-0.0000,0.00
1789467480.937,0.5314,0.5056,-93.21,0.5314,0.5056,-93.21,-0.0000,-0.0000,0.00
1789467481.037,0.5365,0.5055,-93.78,0.5365,0.5055,-93.78,-0.0000,-0.0000,0.00
1789467481.137,0.5413,0.5051,-94.34,0.5413,0.5051,-94.34,-0.0000,-0.0000,0.00
1789467481.237,0.5463,0.5047,-94.93,0.5463,0.5047,-94.93,-0.0000,-0.0000,0.00
1789467481.337,0.5514,0.5042,-95.51,0.5514,0.5042,-95.51,-0.0000,-0.0000,0.00
1789467481.437,0.5563,0.5039,-96.06,0.5563,0.5039,-96.06,-0.0000,-0.0000,0.00
1789467481.537,0.5612,0.5034,-96.64,0.5612,0.5034,-96.64,0.0000,0.0000,0.00
1789467481.637,0.5665,0.5026,-97.22,0.5665,0.5026,-97.22,0.0000,0.0000,0.00
1789467481.737,0.5714,0.5020,-97.77,0.5714,0.5020,-97.77,0.0000,0.0000,0.00
1789467481.837,0.5764,0.5014,-98.35,0.5764,0.5014,-98.35,0.0000,0.0000,0.00
1789467481.937,0.5814,0.5005,-98.93,0.5814,0.5005,-98.93,0.0000,0.0000,0.00
1789467482.037,0.5864,0.4996,-99.48,0.5864,0.4996,-99.48,0.0000,0.0000,0.00
1789467482.137,0.5914,0.4988,-100.05,0.5914,0.4988,-100.05,0.0000,0.0000,0.00
1789467482.237,0.5963,0.4979,-100.62,0.5963,0.4979,-100.62,0.0000,0.0000,0.00
1789467482.337,0.6013,0.4970,-101.18,0.6013,0.4970,-101.18,0.0000,0.0000,0.00
1789467482.437,0.6062,0.4960,-101.75,0.6062,0.4960,-101.75,0.0000,0.0000,0.00
1789467482.537,0.6112,0.4949,-102.32,0.6112,0.4949,-102.32,0.0000,0.0000,0.00
1789467482.637,0.6161,0.4938,-102.89,0.6161,0.4938,-102.89,0.0000,0.0000,0.00
1789467482.737,0.6209,0.4927,-103.45,0.6209,0.4927,-103.45,0.0000,0.0000,0.00
1789467482.837,0.6258,0.4915,-104.02,0.6258,0.4915,-104.02,0.0000,0.0000,0.00
1789467482.937,0.6306,0.4902,-104.60,0.6306,0.4902,-104.60,0.0000,0.0000,0.00
1789467483.037,0.6353,0.4890,-105.17,0.6353,0.4890,-105.17,0.0000,0.0000,0.00
1789467483.137,0.6401,0.4877,-105.75,0.6401,0.4877,-105.75,0.0000,0.0000,0.00
1789467483.237,0.6450,0.4861,-106.32,0.6450,0.4861,-106.32,0.0000,0.0000,0.00
1789467483.337,0.6499,0.4846,-106.89,0.6499,0.4846,-106.89,0.0000,0.0000,0.00
1789467483.437,0.6546,0.4832,-107.46,0.6546,0.4832,-107.46,0.0000,0.0000,0.00
1789467483.537,0.6594,0.4815,-108.01,0.6594,0.4815,-108.01,0.0000,0.0000,0.00
1789467483.637,0.6641,0.4800,-108.57,0.6641,0.4800,-108.57,0.0000,0.0000,0.00
1789467483.737,0.6688,0.4785,-109.14,0.6688,0.4785,-109.14,0.0000,0.0000,0.00
1789467483.837,0.6735,0.4767,-109.71,0.6735,0.4767,-109.71,0.0000,0.0000,0.00
1789467483.937,0.6783,0.4749,-110.29,0.6783,0.4749,-110.29,0.0000,0.0000,0.00
1789467484.037,0.6831,0.4731,-110.85,0.6831,0.4731,-110.85,0.0000,0.0000,0.00
1789467484.137,0.6877,0.4713,-111.42,0.6877,0.4713,-111.42,0.0000,0.0000,0.00
1789467484.237,0.6923,0.4694,-111.99,0.6923,0.4694,-111.99,0.0000,0.0000,0.00
1789467484.337,0.6969,0.4675,-112.57,0.6969,0.4675,-112.57,0.0000,0.0000,0.00
1789467484.437,0.7014,0.4656,-113.13,0.7014,0.4656,-113.13,0.0000,0.0000,0.00
1789467484.537,0.7060,0.4634,-113.69,0.7060,0.4634,-113.69,0.0000,0.0000,0.00
1789467484.637,0.7106,0.4614,-114.26,0.7106,0.4614,-114.26,0.0000,0.0000,0.00
1789467484.737,0.7151,0.4594,-114.81,0.7151,0.4594,-114.81,0.0000,0.0000,0.00
1789467484.837,0.7196,0.4573,-115.39,0.7196,0.4573,-115.39,0.0000,0.0000,0.00
1789467484.937,0.7242,0.4552,-115.96,0.7242,0.4552,-115.96,0.0000,0.0000,0.00
1789467485.037,0.7286,0.4530,-116.52,0.7286,0.4530,-116.52,0.0000,0.0000,0.00
1789467485.137,0.7330,0.4506,-117.08,0.7330,0.4506,-117.08,0.0000,0.0000,0.00
1789467485.237,0.7376,0.4483,-117.66,0.7376,0.4483,-117.66,0.0000,0.0000,0.00
1789467485.337,0.7420,0.4461,-118.21,0.7420,0.4461,-118.21,0.0000,0.0000,0.00
1789467485.437,0.7464,0.4437,-118.78,0.7464,0.4437,-118.78,0.0000,0.0000,0.00
1789467485.537,0.7509,0.4413,-119.35,0.7509,0.4413,-119.35,0.0000,0.0000,0.00
1789467485.637,0.7552,0.4390,-119.90,0.7552,0.4390,-119.90,0.0000,0.0000,0.00
1789467485.737,0.7596,0.4366,-120.47,0.7596,0.4366,-120.47,0.0000,0.0000,0.00
1789467485.837,0.7640,0.4341,-121.05,0.7640,0.4341,-121.05,0.0000,0.0000,0.00
1789467485.937,0.7682,0.4316,-121.60,0.7682,0.4316,-121.60,0.0000,0.0000,0.00
1789467486.037,0.7724,0.4291,-122.18,0.7724,0.4291,-122.18,0.0000,0.0000,0.00
1789467486.137,0.7767,0.4263,-122.76,0.7767,0.4263,-122.76,0.0000,0.0000,0.00
1789467486.237,0.7810,0.4237,-123.32,0.7810,0.4237,-123.32,0.0000,0.0000,0.00
1789467486.337,0.7851,0.4210,-123.89,0.7851,0.4210,-123.89,0.0000,0.0000,0.00
1789467486.437,0.7894,0.4181,-124.46,0.7894,0.4181,-124.46,0.0000,0.0000,0.00
1789467486.537,0.7936,0.4151,-125.01,0.7936,0.4151,-125.01,0.0000,0.0000,0.00
1789467486.637,0.7977,0.4123,-125.57,0.7977,0.4123,-125.57,0.0000,0.0000,0.00
1789467486.737,0.8019,0.4094,-126.14,0.8019,0.4094,-126.14,0.0000,0.0000,0.00
1789467486.837,0.8060,0.4064,-126.70,0.8060,0.4064,-126.70,0.0000,0.0000,0.00
1789467486.937,0.8101,0.4033,-127.25,0.8101,0.4033,-127.25,0.0000,0.0000,0.00
1789467487.037,0.8141,0.4003,-127.82,0.8141,0.4003,-127.82,0.0000,0.0000,0.00
1789467487.137,0.8180,0.3972,-128.38,0.8180,0.3972,-128.38,0.0000,0.0000,0.00
1789467487.237,0.8220,0.3941,-128.95,0.8220,0.3941,-128.95,0.0000,0.0000,0.00
1789467487.337,0.8259,0.3909,-129.51,0.8259,0.3909,-129.51,0.0000,0.0000,0.00
1789467487.437,0.8297,0.3875,-130.08,0.8297,0.3875,-130.08,0.0000,0.0000,0.00
1789467487.537,0.8336,0.3842,-130.63,0.8336,0.3842,-130.63,0.0000,0.0000,0.00
1789467487.637,0.8373,0.3810,-131.20,0.8373,0.3810,-131.20,0.0000,0.0000,0.00
1789467487.737,0.8408,0.3775,-131.78,0.8408,0.3775,-131.78,0.0000,0.0000,0.00
1789467487.837,0.8445,0.3740,-132.34,0.8445,0.3740,-132.34,0.0000,0.0000,0.00
1789467487.937,0.8481,0.3707,-132.91,0.8481,0.3707,-132.91,0.0000,0.0000,0.00
1789467488.037,0.8518,0.3673,-133.49,0.8518,0.3673,-133.49,0.0000,0.0000,0.00
1789467488.137,0.8554,0.3636,-134.07,0.8554,0.3636,-134.07,0.0000,0.0000,0.00
1789467488.237,0.8591,0.3601,-134.63,0.8591,0.3601,-134.63,0.0000,0.0000,0.00
1789467488.337,0.8625,0.3566,-135.19,0.8625,0.3566,-135.19,0.0000,0.0000,0.00
1789467488.437,0.8660,0.3530,-135.78,0.8660,0.3530,-135.78,0.0000,0.0000,0.00
1789467488.537,0.8694,0.3495,-136.35,0.8694,0.3495,-136.35,0.0000,0.0000,0.00
1789467488.637,0.8729,0.3460,-136.90,0.8729,0.3460,-136.90,0.0000,0.0000,0.00
1789467488.737,0.8762,0.3420,-137.47,0.8762,0.3420,-137.47,0.0000,0.0000,0.00
1789467488.837,0.8796,0.3382,-138.03,0.8796,0.3382,-138.03,-0.0000,0.0000,-0.00
1789467488.937,0.8829,0.3345,-138.59,0.8829,0.3345,-138.59,-0.0000,0.0000,-0.00
1789467489.037,0.8861,0.3307,-139.17,0.8861,0.3307,-139.17,-0.0000,0.0000,-0.00
1789467489.137,0.8894,0.3270,-139.74,0.8894,0.3270,-139.74,-0.0000,0.0000,-0.00
1789467489.237,0.8927,0.3232,-140.31,0.8927,0.3232,-140.31,-0.0000,0.0000,-0.00
1789467489.337,0.8957,0.3194,-140.89,0.8957,0.3194,-140.89,-0.0000,0.0000,-0.00
1789467489.437,0.8988,0.3155,-141.47,0.8988,0.3155,-141.47,-0.0000,0.0000,-0.00
1789467489.537,0.9019,0.3117,-142.03,0.9019,0.3117,-142.03,-0.0000,0.0000,-0.00
1789467489.637,0.9048,0.3078,-142.60,0.9048,0.3078,-142.60,-0.0000,0.0000,-0.00
1789467489.737,0.9079,0.3038,-143.19,0.9079,0.3038,-143.19,-0.0000,0.0000,-0.00
1789467489.837,0.9107,0.2999,-143.75,0.9107,0.2999,-143.75,-0.0000,0.0000,-0.00
1789467489.937,0.9136,0.2959,-144.32,0.9136,0.2959,-144.32,-0.0000,0.0000,-0.00
1789467490.037,0.9165,0.2918,-144.91,0.9165,0.2918,-144.91,-0.0000,0.0000,-0.00
1789467490.137,0.9195,0.2877,-145.48,0.9195,0.2877,-145.48,-0.0000,0.0000,-0.00
1789467490.237,0.9224,0.2836,-146.05,0.9224,0.2836,-146.05,-0.0000,0.0000,-0.00
1789467490.337,0.9251,0.2793,-146.61,0.9251,0.2793,-146.61,-0.0000,0.0000,-0.00
1789467490.437,0.9279,0.2751,-147.18,0.9279,0.2751,-147.18,-0.0000,0.0000,-0.00
1789467490.537,0.9303,0.2709,-147.74,0.9303,0.2709,-147.74,-0.0000,0.0000,-0.00
1789467490.637,0.9329,0.2667,-148.31,0.9329,0.2667,-148.31,-0.0000,0.0000,-0.00
1789467490.737,0.9356,0.2624,-148.89,0.9356,0.2624,-148.89,-0.0000,0.0000,-0.00
1789467490.837,0.9381,0.2579,-149.45,0.9381,0.2579,-149.45,-0.0000,0.0000,-0.00
1789467490.937,0.9404,0.2531,-149.96,0.9404,0.2531,-149.96,-0.0000,0.0000,-0.00
1789467491.037,0.9432,0.2486,-150.52,0.9432,0.2486,-150.52,-0.0000,0.0000,-0.00
1789467491.137,0.9457,0.2443,-151.07,0.9457,0.2443,-151.07,-0.0000,0.0000,-0.00
1789467491.237,0.9482,0.2400,-151.65,0.9482,0.2400,-151.65,-0.0000,0.0000,-0.00
1789467491.337,0.9507,0.2355,-152.23,0.9507,0.2355,-152.23,-0.0000,0.0000,-0.00
1789467491.437,0.9530,0.2312,-152.79,0.9530,0.2312,-152.79,-0.0000,0.0000,-0.00
1789467491.537,0.9552,0.2268,-153.37,0.9552,0.2268,-153.37,-0.0000,0.0000,-0.00
1789467491.637,0.9574,0.2222,-153.95,0.9574,0.2222,-153.95,-0.0000,0.0000,-0.00
1789467491.737,0.9595,0.2177,-154.51,0.9595,0.2177,-154.51,-0.0000,0.0000,-0.00
1789467491.837,0.9617,0.2132,-155.08,0.9617,0.2132,-155.08,-0.0000,0.0000,-0.00
1789467491.937,0.9639,0.2087,-155.66,0.9639,0.2087,-155.66,-0.0000,0.0000,-0.00
1789467492.037,0.9660,0.2042,-156.21,0.9660,0.2042,-156.21,-0.0000,0.0000,-0.00
1789467492.138,0.9679,0.1997,-156.79,0.9679,0.1997,-156.79,-0.0000,0.0000,-0.00
1789467492.237,0.9700,0.1951,-157.37,0.9700,0.1951,-157.37,-0.0000,0.0000,-0.00
1789467492.337,0.9718,0.1906,-157.94,0.9718,0.1906,-157.94,-0.0000,0.0000,-0.00
1789467492.437,0.9737,0.1860,-158.50,0.9737,0.1860,-158.50,0.0000,-0.0000,0.00
1789467492.537,0.9755,0.1815,-159.08,0.9755,0.1815,-159.08,0.0000,-0.0000,0.00
1789467492.637,0.9771,0.1768,-159.65,0.9771,0.1768,-159.65,0.0000,-0.0000,0.00
1789467492.737,0.9791,0.1721,-160.22,0.9791,0.1721,-160.22,0.0000,-0.0000,0.00
1789467492.837,0.9808,0.1675,-160.78,0.9808,0.1675,-160.78,0.0000,-0.0000,0.00
1789467492.937,0.9822,0.1626,-161.34,0.9822,0.1626,-161.34,0.0000,-0.0000,0.00
1789467493.037,0.9839,0.1577,-161.92,0.9839,0.1577,-161.92,0.0000,-0.0000,0.00
1789467493.137,0.9856,0.1529,-162.47,0.9856,0.1529,-162.47,0.0000,-0.0000,0.00
1789467493.237,0.9869,0.1482,-163.04,0.9869,0.1482,-163.04,0.0000,-0.0000,0.00
1789467493.337,0.9883,0.1433,-163.60,0.9883,0.1433,-163.60,0.0000,-0.0000,0.00
1789467493.437,0.9897,0.1386,-164.17,0.9897,0.1386,-164.17,0.0000,-0.0000,0.00
1789467493.537,0.9910,0.1337,-164.75,0.9910,0.1337,-164.75,0.0000,-0.0000,0.00
1789467493.637,0.9923,0.1288,-165.32,0.9923,0.1288,-165.32,0.0000,-0.0000,0.00
1789467493.737,0.9937,0.1238,-165.88,0.9937,0.1238,-165.88,0.0000,-0.0000,0.00
1789467493.837,0.9948,0.1190,-166.43,0.9948,0.1190,-166.43,0.0000,-0.0000,0.00
1789467493.937,0.9959,0.1141,-167.01,0.9959,0.1141,-167.01,0.0000,-0.0000,0.00
1789467494.037,0.9972,0.1091,-167.58,0.9972,0.1091,-167.58,0.0000,-0.0000,0.00
1789467494.137,0.9982,0.1043,-168.12,0.9982,0.1043,-168.12,0.0000,-0.0000,0.00
1789467494.237,0.9991,0.0994,-168.69,0.9991,0.0994,-168.69,0.0000,-0.0000,0.00
1789467494.337,1.0002,0.0944,-169.27,1.0002,0.0944,-169.27,0.0000,-0.0000,0.00
1789467494.437,1.0009,0.0896,-169.82,1.0009,0.0896,-169.82,0.0000,-0.0000,0.00
1789467494.537,1.0016,0.0846,-170.40,1.0016,0.0846,-170.40,0.0000,-0.0000,0.00
1789467494.637,1.0026,0.0797,-170.97,1.0026,0.0797,-170.97,0.0000,-0.0000,0.00
1789467494.737,1.0033,0.0748,-171.53,1.0033,0.0748,-171.53,0.0000,-0.0000,0.00
1789467494.837,1.0040,0.0699,-172.10,1.0040,0.0699,-172.10,0.0000,-0.0000,0.00
1789467494.937,1.0046,0.0649,-172.68,1.0046,0.0649,-172.68,0.0000,-0.0000,0.00
1789467495.037,1.0052,0.0599,-173.23,1.0052,0.0599,-173.23,0.0000,-0.0000,0.00
1789467495.137,1.0057,0.0549,-173.80,1.0057,0.0549,-173.80,0.0000,-0.0000,0.00
1789467495.237,1.0062,0.0500,-174.38,1.0062,0.0500,-174.38,0.0000,-0.0000,0.00
1789467495.337,1.0067,0.0450,-174.93,1.0067,0.0450,-174.93,0.0000,-0.0000,0.00
1789467495.437,1.0069,0.0402,-175.51,1.0069,0.0402,-175.51,0.0000,-0.0000,0.00
1789467495.537,1.0074,0.0351,-176.08,1.0074,0.0351,-176.08,0.0000,-0.0000,0.00
1789467495.637,1.0077,0.0303,-176.64,1.0077,0.0303,-176.64,0.0000,-0.0000,0.00
1789467495.737,1.0079,0.0253,-177.20,1.0079,0.0253,-177.20,0.0000,-0.0000,0.00
1789467495.837,1.0085,0.0201,-177.78,1.0085,0.0201,-177.78,0.0000,-0.0000,0.00
1789467495.937,1.0085,0.0153,-178.34,1.0085,0.0153,-178.34,0.0000,-0.0000,0.00
1789467496.037,1.0087,0.0103,-178.91,1.0087,0.0103,-178.91,0.0000,-0.0000,0.00
1789467496.137,1.0089,0.0051,-179.49,1.0089,0.0051,-179.49,0.0000,-0.0000,0.00
1789467496.237,1.0087,0.0004,179.94,1.0087,0.0004,179.94,0.0000,-0.0000,0.00
1789467496.337,1.0087,-0.0047,179.37,1.0087,-0.0047,179.37,0.0000,-0.0000,0.00
1789467496.437,1.0088,-0.0097,178.78,1.0088,-0.0097,178.78,0.0000,-0.0000,0.00
1789467496.537,1.0084,-0.0145,178.22,1.0084,-0.0145,178.22,0.0000,-0.0000,0.00
1789467496.637,1.0083,-0.0195,177.65,1.0083,-0.0195,177.65,0.0000,-0.0000,0.00
1789467496.737,1.0082,-0.0248,177.07,1.0082,-0.0248,177.07,0.0000,-0.0000,0.00
1789467496.837,1.0077,-0.0295,176.50,1.0077,-0.0295,176.50,0.0000,-0.0000,0.00
1789467496.937,1.0075,-0.0346,175.94,1.0075,-0.0346,175.94,0.0000,-0.0000,0.00
1789467497.037,1.0071,-0.0398,175.36,1.0071,-0.0398,175.36,0.0000,-0.0000,0.00
1789467497.137,1.0065,-0.0447,174.81,1.0065,-0.0447,174.81,0.0000,-0.0000,0.00
1789467497.237,1.0060,-0.0497,174.24,1.0060,-0.0497,174.24,0.0000,-0.0000,0.00
1789467497.337,1.0056,-0.0548,173.65,1.0056,-0.0548,173.65,0.0000,-0.0000,0.00
1789467497.437,1.0050,-0.0597,173.08,1.0050,-0.0597,173.08,0.0000,-0.0000,0.00
1789467497.537,1.0043,-0.0647,172.53,1.0043,-0.0647,172.53,0.0000,-0.0000,0.00
1789467497.637,1.0038,-0.0697,171.98,1.0038,-0.0697,171.98,0.0000,-0.0000,0.00
1789467497.737,1.0031,-0.0747,171.43,1.0031,-0.0747,171.43,0.0000,-0.0000,0.00
1789467497.837,1.0022,-0.0797,170.88,1.0022,-0.0797,170.88,0.0000,-0.0000,0.00
1789467497.937,1.0015,-0.0849,170.31,1.0015,-0.0849,170.31,0.0000,-0.0000,0.00
1789467498.037,1.0007,-0.0897,169.75,1.0007,-0.0897,169.75,0.0000,-0.0000,0.00
1789467498.137,0.9998,-0.0946,169.18,0.9998,-0.0946,169.18,0.0000,-0.0000,0.00
1789467498.237,0.9990,-0.0995,168.61,0.9990,-0.0995,168.61,0.0000,-0.0000,0.00
1789467498.337,0.9979,-0.1043,168.05,0.9979,-0.1043,168.05,0.0000,-0.0000,0.00
1789467498.437,0.9966,-0.1092,167.49,0.9966,-0.1092,167.49,0.0000,-0.0000,0.00
1789467498.537,0.9956,-0.1143,166.92,0.9956,-0.1143,166.92,0.0000,-0.0000,0.00
1789467498.637,0.9945,-0.1190,166.37,0.9945,-0.1190,166.37,0.0000,-0.0000,0.00
1789467498.737,0.9933,-0.1239,165.80,0.9933,-0.1239,165.80,0.0000,-0.0000,0.00
1789467498.837,0.9921,-0.1288,165.24,0.9921,-0.1288,165.24,0.0000,-0.0000,0.00
1789467498.937,0.9909,-0.1337,164.69,0.9909,-0.1337,164.69,0.0000,-0.0000,0.00
1789467499.037,0.9894,-0.1385,164.12,0.9894,-0.1385,164.12,0.0000,-0.0000,0.00
1789467499.137,0.9880,-0.1433,163.54,0.9880,-0.1433,163.54,0.0000,-0.0000,0.00
1789467499.237,0.9867,-0.1481,162.97,0.9867,-0.1481,162.97,0.0000,-0.0000,0.00
1789467499.337,0.9851,-0.1527,162.41,0.9851,-0.1527,162.41,0.0000,-0.0000,0.00
1789467499.437,0.9836,-0.1575,161.81,0.9836,-0.1575,161.81,0.0000,-0.0000,0.00
1789467499.537,0.9821,-0.1624,161.23,0.9821,-0.1624,161.23,0.0000,-0.0000,0.00
1789467499.637,0.9805,-0.1669,160.67,0.9805,-0.1669,160.67,0.0000,-0.0000,0.00
1789467499.737,0.9787,-0.1717,160.09,0.9787,-0.1717,160.09,0.0000,0.0000,-0.00
1789467499.837,0.9770,-0.1765,159.54,0.9770,-0.1765,159.54,0.0000,0.0000,-0.00
1789467499.937,0.9753,-0.1812,158.99,0.9753,-0.1812,158.99,0.0000,0.0000,-0.00
1789467500.037,0.9735,-0.1860,158.42,0.9735,-0.1860,158.42,0.0000,0.0000,-0.00
1789467500.137,0.9715,-0.1906,157.84,0.9715,-0.1906,157.84,0.0000,0.0000,-0.00
1789467500.237,0.9697,-0.1951,157.29,0.9697,-0.1951,157.29,0.0000,0.0000,-0.00
1789467500.337,0.9679,-0.1998,156.70,0.9679,-0.1998,156.70,0.0000,0.0000,-0.00
1789467500.437,0.9657,-0.2044,156.11,0.9657,-0.2044,156.11,0.0000,0.0000,-0.00
1789467500.537,0.9637,-0.2087,155.55,0.9637,-0.2087,155.55,0.0000,0.0000,-0.00
1789467500.637,0.9618,-0.2134,154.96,0.9618,-0.2134,154.96,0.0000,0.0000,-0.00
1789467500.737,0.9596,-0.2178,154.38,0.9596,-0.2178,154.38,0.0000,0.0000,-0.00
1789467500.837,0.9574,-0.2222,153.81,0.9574,-0.2222,153.81,0.0000,0.0000,-0.00
1789467500.937,0.9553,-0.2269,153.23,0.9553,-0.2269,153.23,0.0000,0.0000,-0.00
1789467501.037,0.9528,-0.2312,152.66,0.9528,-0.2312,152.66,0.0000,0.0000,-0.00
1789467501.137,0.9504,-0.2354,152.10,0.9504,-0.2354,152.10,0.0000,0.0000,-0.00
1789467501.237,0.9481,-0.2400,151.51,0.9481,-0.2400,151.51,0.0000,0.0000,-0.00
1789467501.337,0.9456,-0.2441,150.93,0.9456,-0.2441,150.93,0.0000,0.0000,-0.00
1789467501.437,0.9431,-0.2483,150.37,0.9431,-0.2483,150.37,0.0000,0.0000,-0.00
1789467501.537,0.9406,-0.2530,149.80,0.9406,-0.2530,149.80,0.0000,0.0000,-0.00
1789467501.637,0.9379,-0.2573,149.21,0.9379,-0.2573,149.21,0.0000,0.0000,-0.00
1789467501.737,0.9353,-0.2613,148.68,0.9353,-0.2613,148.68,0.0000,0.0000,-0.00
1789467501.837,0.9327,-0.2658,148.09,0.9327,-0.2658,148.09,0.0000,0.0000,-0.00
1789467501.937,0.9300,-0.2700,147.51,0.9300,-0.2700,147.51,0.0000,0.0000,-0.00
1789467502.037,0.9273,-0.2740,146.94,0.9273,-0.2740,146.94,0.0000,0.0000,-0.00
1789467502.137,0.9246,-0.2784,146.38,0.9246,-0.2784,146.38,0.0000,0.0000,-0.00
1789467502.237,0.9218,-0.2826,145.81,0.9218,-0.2826,145.81,0.0000,0.0000,-0.00
1789467502.337,0.9190,-0.2865,145.25,0.9190,-0.2865,145.25,0.0000,0.0000,-0.00
1789467502.437,0.9161,-0.2907,144.68,0.9161,-0.2907,144.68,0.0000,0.0000,-0.00
1789467502.537,0.9131,-0.2947,144.13,0.9131,-0.2947,144.13,0.0000,0.0000,-0.00
1789467502.637,0.9102,-0.2987,143.57,0.9102,-0.2987,143.57,0.0000,0.0000,-0.00
1789467502.737,0.9071,-0.3025,142.98,0.9071,-0.3025,142.98,0.0000,0.0000,-0.00
1789467502.838,0.9041,-0.3068,142.41,0.9041,-0.3068,142.41,0.0000,0.0000,-0.00
1789467502.937,0.9010,-0.3107,141.87,0.9010,-0.3107,141.87,0.0000,0.0000,-0.00
1789467503.037,0.8980,-0.3147,141.30,0.8980,-0.3147,141.30,0.0000,0.0000,-0.00
1789467503.137,0.8949,-0.3186,140.73,0.8949,-0.3186,140.73,0.0000,0.0000,-0.00
1789467503.237,0.8917,-0.3223,140.18,0.8917,-0.3223,140.18,0.0000,0.0000,-0.00
1789467503.337,0.8884,-0.3262,139.60,0.8884,-0.3262,139.60,0.0000,0.0000,-0.00
1789467503.437,0.8851,-0.3302,139.03,0.8851,-0.3302,139.03,0.0000,0.0000,-0.00
1789467503.537,0.8819,-0.3338,138.48,0.8819,-0.3338,138.48,0.0000,0.0000,-0.00
1789467503.637,0.8785,-0.3376,137.91,0.8785,-0.3376,137.91,0.0000,0.0000,-0.00
1789467503.737,0.8751,-0.3416,137.32,0.8751,-0.3416,137.32,0.0000,0.0000,-0.00
1789467503.837,0.8718,-0.3451,136.77,0.8718,-0.3451,136.77,0.0000,0.0000,-0.00
1789467503.937,0.8683,-0.3488,136.20,0.8683,-0.3488,136.20,0.0000,0.0000,-0.00
1789467504.037,0.8647,-0.3526,135.65,0.8647,-0.3526,135.65,0.0000,0.0000,-0.00
1789467504.137,0.8611,-0.3562,135.09,0.8611,-0.3562,135.09,0.0000,0.0000,-0.00
1789467504.237,0.8576,-0.3597,134.54,0.8576,-0.3597,134.54,0.0000,0.0000,-0.00
1789467504.337,0.8540,-0.3633,133.96,0.8540,-0.3633,133.96,0.0000,0.0000,-0.00
1789467504.437,0.8504,-0.3667,133.41,0.8504,-0.3667,133.41,0.0000,0.0000,-0.00
1789467504.537,0.8467,-0.3702,132.84,0.8467,-0.3702,132.84,0.0000,0.0000,-0.00
1789467504.637,0.8430,-0.3737,132.27,0.8430,-0.3737,132.27,0.0000,0.0000,-0.00
1789467504.737,0.8393,-0.3771,131.72,0.8393,-0.3771,131.72,0.0000,0.0000,-0.00
1789467504.837,0.8356,-0.3804,131.15,0.8356,-0.3804,131.15,0.0000,0.0000,-0.00
1789467504.937,0.8317,-0.3837,130.57,0.8317,-0.3837,130.57,0.0000,0.0000,-0.00
1789467505.037,0.8279,-0.3870,130.01,0.8279,-0.3870,130.01,0.0000,0.0000,-0.00
1789467505.137,0.8242,-0.3900,129.44,0.8242,-0.3900,129.44,0.0000,0.0000,-0.00
1789467505.237,0.8202,-0.3933,128.83,0.8202,-0.3933,128.83,0.0000,0.0000,-0.00
1789467505.337,0.8165,-0.3963,128.29,0.8165,-0.3963,128.29,0.0000,0.0000,-0.00
1789467505.437,0.8127,-0.3992,127.72,0.8127,-0.3992,127.72,0.0000,0.0000,-0.00
1789467505.537,0.8087,-0.4023,127.12,0.8087,-0.4023,127.12,0.0000,0.0000,-0.00
1789467505.637,0.8047,-0.4052,126.56,0.8047,-0.4052,126.56,0.0000,0.0000,-0.00
1789467505.737,0.8007,-0.4080,126.00,0.8007,-0.4080,126.00,0.0000,0.0000,-0.00
1789467505.837,0.7967,-0.4109,125.42,0.7967,-0.4109,125.42,0.0000,0.0000,-0.00
1789467505.937,0.7925,-0.4137,124.84,0.7925,-0.4137,124.84,0.0000,0.0000,-0.00
1789467506.037,0.7884,-0.4166,124.29,0.7884,-0.4166,124.29,0.0000,0.0000,-0.00
1789467506.137,0.7844,-0.4194,123.72,0.7844,-0.4194,123.72,0.0000,0.0000,-0.00
1789467506.237,0.7801,-0.4219,123.13,0.7801,-0.4219,123.13,0.0000,0.0000,-0.00
1789467506.337,0.7757,-0.4246,122.56,0.7757,-0.4246,122.56,0.0000,0.0000,-0.00
1789467506.437,0.7717,-0.4272,122.00,0.7717,-0.4272,122.00,0.0000,0.0000,-0.00
1789467506.537,0.7674,-0.4298,121.42,0.7674,-0.4298,121.42,0.0000,0.0000,-0.00
1789467506.637,0.7632,-0.4324,120.85,0.7632,-0.4324,120.85,0.0000,0.0000,-0.00
1789467506.738,0.7591,-0.4351,120.29,0.7591,-0.4351,120.29,0.0000,0.0000,-0.00
1789467506.837,0.7548,-0.4375,119.70,0.7548,-0.4375,119.70,0.0000,0.0000,-0.00
1789467506.937,0.7504,-0.4400,119.13,0.7504,-0.4400,119.13,0.0000,0.0000,-0.00
1789467507.037,0.7462,-0.4424,118.56,0.7462,-0.4424,118.56,-0.0000,-0.0000,0.00
1789467507.137,0.7418,-0.4447,117.98,0.7418,-0.4447,117.98,-0.0000,-0.0000,0.00
1789467507.237,0.7372,-0.4470,117.41,0.7372,-0.4470,117.41,-0.0000,-0.0000,0.00
1789467507.337,0.7329,-0.4493,116.86,0.7329,-0.4493,116.86,-0.0000,-0.0000,0.00
1789467507.437,0.7284,-0.4516,116.29,0.7284,-0.4516,116.29,-0.0000,-0.0000,0.00
1789467507.537,0.7233,-0.4536,115.75,0.7233,-0.4536,115.75,-0.0000,-0.0000,0.00
1789467507.637,0.7184,-0.4557,115.21,0.7184,-0.4557,115.21,-0.0000,-0.0000,0.00
1789467507.737,0.7137,-0.4577,114.67,0.7137,-0.4577,114.67,-0.0000,-0.0000,0.00
1789467507.837,0.7089,-0.4598,114.11,0.7089,-0.4598,114.11,-0.0000,-0.0000,0.00
1789467507.937,0.7045,-0.4618,113.55,0.7045,-0.4618,113.55,-0.0000,-0.0000,0.00
1789467508.037,0.7000,-0.4639,112.98,0.7000,-0.4639,112.98,-0.0000,-0.0000,0.00
1789467508.137,0.6953,-0.4657,112.39,0.6953,-0.4657,112.39,-0.0000,-0.0000,0.00
1789467508.237,0.6907,-0.4676,111.82,0.6907,-0.4676,111.82,-0.0000,-0.0000,0.00
1789467508.337,0.6862,-0.4695,111.26,0.6862,-0.4695,111.26,-0.0000,-0.0000,0.00
1789467508.437,0.6815,-0.4713,110.68,0.6815,-0.4713,110.68,-0.0000,-0.0000,0.00
1789467508.537,0.6767,-0.4730,110.09,0.6767,-0.4730,110.09,-0.0000,-0.0000,0.00
1789467508.637,0.6721,-0.4748,109.53,0.6721,-0.4748,109.53,-0.0000,-0.0000,0.00
1789467508.737,0.6675,-0.4765,108.96,0.6675,-0.4765,108.96,-0.0000,-0.0000,0.00
1789467508.837,0.6627,-0.4781,108.38,0.6627,-0.4781,108.38,-0.0000,-0.0000,0.00
1789467508.937,0.6581,-0.4796,107.81,0.6581,-0.4796,107.81,-0.0000,-0.0000,0.00
1789467509.037,0.6534,-0.4811,107.25,0.6534,-0.4811,107.25,-0.0000,-0.0000,0.00
1789467509.137,0.6486,-0.4825,106.67,0.6486,-0.4825,106.67,-0.0000,-0.0000,0.00
1789467509.237,0.6438,-0.4840,106.10,0.6438,-0.4840,106.10,-0.0000,-0.0000,0.00
1789467509.337,0.6391,-0.4854,105.53,0.6391,-0.4854,105.53,-0.0000,-0.0000,0.00
1789467509.437,0.6343,-0.4868,104.96,0.6343,-0.4868,104.96,-0.0000,-0.0000,0.00
1789467509.537,0.6294,-0.4882,104.39,0.6294,-0.4882,104.39,-0.0000,-0.0000,0.00
1789467509.637,0.6247,-0.4895,103.83,0.6247,-0.4895,103.83,-0.0000,-0.0000,0.00
1789467509.737,0.6199,-0.4908,103.27,0.6199,-0.4908,103.27,-0.0000,-0.0000,0.00
1789467509.837,0.6148,-0.4919,102.68,0.6148,-0.4919,102.68,-0.0000,-0.0000,0.00
1789467509.937,0.6099,-0.4930,102.13,0.6099,-0.4930,102.13,-0.0000,-0.0000,0.00
1789467510.037,0.6051,-0.4941,101.58,0.6051,-0.4941,101.58,-0.0000,-0.0000,0.00
1789467510.137,0.6001,-0.4949,101.01,0.6001,-0.4949,101.01,-0.0000,-0.0000,0.00
1789467510.237,0.5952,-0.4958,100.46,0.5952,-0.4958,100.46,-0.0000,-0.0000,0.00
1789467510.337,0.5903,-0.4968,99.89,0.5903,-0.4968,99.89,-0.0000,-0.0000,0.00
1789467510.437,0.5854,-0.4975,99.32,0.5854,-0.4975,99.32,-0.0000,-0.0000,0.00
1789467510.537,0.5804,-0.4984,98.75,0.5804,-0.4984,98.75,-0.0000,-0.0000,0.00
1789467510.637,0.5754,-0.4993,98.18,0.5754,-0.4993,98.18,-0.0000,-0.0000,0.00
1789467510.737,0.5706,-0.4999,97.61,0.5706,-0.4999,97.61,0.0000,0.0000,0.00
1789467510.837,0.5654,-0.5004,97.00,0.5654,-0.5004,97.00,0.0000,0.0000,0.00
1789467510.937,0.5604,-0.5011,96.43,0.5604,-0.5011,96.43,0.0000,0.0000,0.00
1789467511.037,0.5553,-0.5015,95.88,0.5553,-0.5015,95.88,0.0000,0.0000,0.00
1789467511.137,0.5501,-0.5017,95.31,0.5501,-0.5017,95.31,0.0000,0.0000,0.00
1789467511.237,0.5450,-0.5022,94.76,0.5450,-0.5022,94.76,0.0000,0.0000,0.00
1789467511.337,0.5400,-0.5026,94.21,0.5400,-0.5026,94.21,0.0000,0.0000,0.00
1789467511.437,0.5348,-0.5028,93.66,0.5348,-0.5028,93.66,0.0000,0.0000,0.00
1789467511.537,0.5298,-0.5032,93.09,0.5298,-0.5032,93.09,0.0000,0.0000,0.00
1789467511.637,0.5249,-0.5034,92.53,0.5249,-0.5034,92.53,0.0000,0.0000,0.00
1789467511.737,0.5199,-0.5035,91.94,0.5199,-0.5035,91.94,0.0000,0.0000,0.00
1789467511.837,0.5150,-0.5038,91.38,0.5150,-0.5038,91.38,0.0000,0.0000,0.00
1789467511.937,0.5100,-0.5040,90.81,0.5100,-0.5040,90.81,0.0000,0.0000,0.00
1789467512.037,0.5050,-0.5040,90.23,0.5050,-0.5040,90.23,0.0000,0.0000,0.00
1789467512.137,0.5001,-0.5039,89.66,0.5001,-0.5039,89.66,0.0000,0.0000,0.00
1789467512.237,0.4952,-0.5040,89.10,0.4952,-0.5040,89.10,0.0000,0.0000,0.00
1789467512.337,0.4902,-0.5039,88.53,0.4902,-0.5039,88.53,0.0000,0.0000,0.00
1789467512.437,0.4851,-0.5037,87.93,0.4851,-0.5037,87.93,0.0000,0.0000,0.00
1789467512.537,0.4800,-0.5036,87.37,0.4800,-0.5036,87.37,0.0000,0.0000,0.00
1789467512.637,0.4752,-0.5034,86.81,0.4752,-0.5034,86.81,0.0000,0.0000,0.00
1789467512.737,0.4702,-0.5030,86.22,0.4702,-0.5030,86.22,0.0000,0.0000,0.00
1789467512.837,0.4653,-0.5028,85.67,0.4653,-0.5028,85.67,0.0000,0.0000,0.00
1789467512.937,0.4604,-0.5023,85.10,0.4604,-0.5023,85.10,0.0000,0.0000,0.00
1789467513.037,0.4554,-0.5019,84.53,0.4554,-0.5019,84.53,0.0000,0.0000,0.00
1789467513.137,0.4504,-0.5015,83.97,0.4504,-0.5015,83.97,0.0000,0.0000,0.00
1789467513.237,0.4456,-0.5009,83.41,0.4456,-0.5009,83.41,0.0000,0.0000,0.00
1789467513.337,0.4406,-0.5003,82.83,0.4406,-0.5003,82.83,0.0000,0.0000,0.00
1789467513.437,0.4357,-0.4996,82.27,0.4357,-0.4996,82.27,0.0000,0.0000,0.00
1789467513.537,0.4308,-0.4988,81.71,0.4308,-0.4988,81.71,0.0000,0.0000,0.00
1789467513.637,0.4258,-0.4981,81.13,0.4258,-0.4981,81.13,0.0000,0.0000,0.00
1789467513.737,0.4209,-0.4973,80.56,0.4209,-0.4973,80.56,0.0000,0.0000,0.00
1789467513.837,0.4161,-0.4964,80.00,0.4161,-0.4964,80.00,0.0000,0.0000,0.00
1789467513.937,0.4112,-0.4955,79.42,0.4112,-0.4955,79.42,0.0000,0.0000,0.00
1789467514.037,0.4062,-0.4946,78.84,0.4062,-0.4946,78.84,0.0000,0.0000,0.00
1789467514.137,0.4014,-0.4936,78.28,0.4014,-0.4936,78.28,0.0000,0.0000,0.00
1789467514.237,0.3963,-0.4926,77.70,0.3963,-0.4926,77.70,0.0000,0.0000,0.00
1789467514.337,0.3915,-0.4917,77.13,0.3915,-0.4917,77.13,0.0000,0.0000,-0.00
1789467514.437,0.3867,-0.4906,76.58,0.3867,-0.4906,76.58,0.0000,0.0000,-0.00
1789467514.537,0.3817,-0.4895,75.99,0.3817,-0.4895,75.99,0.0000,0.0000,-0.00
1789467514.637,0.3770,-0.4882,75.42,0.3770,-0.4882,75.42,0.0000,0.0000,-0.00
1789467514.737,0.3723,-0.4870,74.87,0.3723,-0.4870,74.87,0.0000,0.0000,-0.00
1789467514.837,0.3672,-0.4857,74.29,0.3672,-0.4857,74.29,0.0000,0.0000,-0.00
1789467514.937,0.3625,-0.4842,73.71,0.3625,-0.4842,73.71,0.0000,0.0000,-0.00
1789467515.037,0.3578,-0.4828,73.16,0.3578,-0.4828,73.16,0.0000,0.0000,-0.00
1789467515.137,0.3529,-0.4813,72.59,0.3529,-0.4813,72.59,0.0000,0.0000,-0.00
1789467515.237,0.3481,-0.4797,72.02,0.3481,-0.4797,72.02,0.0000,0.0000,-0.00
1789467515.337,0.3458,-0.4789,71.74,0.3458,-0.4789,71.74,0.0000,0.0000,-0.00
1789467515.437,0.3385,-0.4766,70.90,0.3385,-0.4766,70.90,0.0000,0.0000,-0.00
1789467515.537,0.3339,-0.4749,70.32,0.3339,-0.4749,70.32,0.0000,0.0000,-0.00
1789467515.637,0.3293,-0.4732,69.77,0.3293,-0.4732,69.77,0.0000,0.0000,-0.00
1789467515.737,0.3244,-0.4715,69.19,0.3244,-0.4715,69.19,0.0000,0.0000,-0.00
1789467515.837,0.3198,-0.4698,68.62,0.3198,-0.4698,68.62,0.0000,0.0000,-0.00
1789467515.937,0.3152,-0.4678,68.06,0.3152,-0.4678,68.06,0.0000,0.0000,-0.00
1789467516.037,0.3106,-0.4658,67.50,0.3106,-0.4658,67.50,0.0000,0.0000,-0.00
1789467516.137,0.3058,-0.4639,66.93,0.3058,-0.4639,66.93,0.0000,0.0000,-0.00
1789467516.237,0.3013,-0.4619,66.37,0.3013,-0.4619,66.37,0.0000,0.0000,-0.00
1789467516.337,0.2967,-0.4597,65.83,0.2967,-0.4597,65.83,0.0000,0.0000,-0.00
1789467516.437,0.2920,-0.4577,65.26,0.2920,-0.4577,65.26,0.0000,0.0000,-0.00
1789467516.537,0.2874,-0.4558,64.70,0.2874,-0.4558,64.70,0.0000,0.0000,-0.00
1789467516.637,0.2829,-0.4535,64.14,0.2829,-0.4535,64.14,0.0000,0.0000,-0.00
1789467516.737,0.2785,-0.4513,63.57,0.2785,-0.4513,63.57,0.0000,0.0000,-0.00
1789467516.837,0.2742,-0.4490,63.01,0.2742,-0.4490,63.01,0.0000,0.0000,-0.00
1789467516.937,0.2698,-0.4466,62.41,0.2698,-0.4466,62.41,0.0000,0.0000,-0.00
1789467517.037,0.2651,-0.4443,61.85,0.2651,-0.4443,61.85,0.0000,0.0000,-0.00
1789467517.137,0.2607,-0.4420,61.31,0.2607,-0.4420,61.31,0.0000,0.0000,-0.00
1789467517.237,0.2562,-0.4395,60.74,0.2562,-0.4395,60.74,0.0000,0.0000,-0.00
1789467517.337,0.2518,-0.4371,60.16,0.2518,-0.4371,60.16,0.0000,0.0000,-0.00
1789467517.438,0.2479,-0.4343,59.58,0.2479,-0.4343,59.58,0.0000,0.0000,-0.00
1789467517.537,0.2436,-0.4313,59.02,0.2436,-0.4313,59.02,0.0000,0.0000,-0.00
1789467517.637,0.2390,-0.4289,58.45,0.2390,-0.4289,58.45,0.0000,0.0000,-0.00
1789467517.737,0.2349,-0.4263,57.90,0.2349,-0.4263,57.90,0.0000,0.0000,-0.00
1789467517.837,0.2305,-0.4237,57.32,0.2305,-0.4237,57.32,0.0000,0.0000,-0.00
1789467517.937,0.2284,-0.4223,57.03,0.2284,-0.4223,57.03,0.0000,0.0000,-0.00
1789467518.037,0.2240,-0.4197,56.47,0.2240,-0.4197,56.47,-0.0000,0.0000,0.00
1789467518.137,0.2178,-0.4155,55.61,0.2178,-0.4155,55.61,-0.0000,0.0000,0.00
1789467518.237,0.2136,-0.4127,55.04,0.2136,-0.4127,55.04,-0.0000,0.0000,0.00
1789467518.337,0.2115,-0.4113,54.76,0.2115,-0.4113,54.76,-0.0000,0.0000,0.00
1789467518.437,0.2055,-0.4071,53.91,0.2055,-0.4071,53.91,-0.0000,0.0000,0.00
1789467518.537,0.2012,-0.4041,53.33,0.2012,-0.4041,53.33,-0.0000,0.0000,0.00
1789467518.637,0.1992,-0.4027,53.05,0.1992,-0.4027,53.05,-0.0000,0.0000,0.00
1789467518.737,0.1934,-0.3982,52.20,0.1934,-0.3982,52.20,-0.0000,0.0000,0.00
1789467518.837,0.1894,-0.3950,51.62,0.1894,-0.3950,51.62,-0.0000,0.0000,0.00
1789467518.937,0.1856,-0.3919,51.06,0.1856,-0.3919,51.06,-0.0000,0.0000,0.00
1789467519.038,0.1817,-0.3887,50.48,0.1817,-0.3887,50.48,-0.0000,0.0000,0.00
1789467519.138,0.1799,-0.3872,50.19,0.1799,-0.3872,50.19,-0.0000,0.0000,0.00
1789467519.238,0.1760,-0.3838,49.61,0.1760,-0.3838,49.61,-0.0000,0.0000,0.00
1789467519.337,0.1724,-0.3804,49.08,0.1724,-0.3804,49.08,-0.0000,0.0000,0.00
1789467519.437,0.1686,-0.3771,48.50,0.1686,-0.3771,48.50,-0.0000,0.0000,0.00
1789467519.538,0.1648,-0.3738,47.92,0.1648,-0.3738,47.92,-0.0000,0.0000,0.00
1789467519.637,0.1612,-0.3704,47.37,0.1612,-0.3704,47.37,-0.0000,0.0000,0.00
1789467519.737,0.1577,-0.3669,46.80,0.1577,-0.3669,46.80,-0.0000,0.0000,0.00
1789467519.837,0.1540,-0.3635,46.22,0.1540,-0.3635,46.22,-0.0000,0.0000,0.00
1789467519.937,0.1504,-0.3601,45.66,0.1504,-0.3601,45.66,-0.0000,0.0000,0.00
1789467520.037,0.1469,-0.3567,45.10,0.1469,-0.3567,45.10,-0.0000,0.0000,0.00
1789467520.138,0.1434,-0.3533,44.53,0.1434,-0.3533,44.53,-0.0000,0.0000,0.00
1789467520.237,0.1399,-0.3496,43.94,0.1399,-0.3496,43.94,-0.0000,0.0000,0.00
1789467520.337,0.1364,-0.3461,43.37,0.1364,-0.3461,43.37,-0.0000,0.0000,0.00
1789467520.437,0.1330,-0.3425,42.81,0.1330,-0.3425,42.81,-0.0000,0.0000,0.00
1789467520.537,0.1295,-0.3386,42.22,0.1295,-0.3386,42.22,-0.0000,0.0000,0.00
1789467520.637,0.1261,-0.3350,41.65,0.1261,-0.3350,41.65,-0.0000,0.0000,0.00
1789467520.737,0.1228,-0.3314,41.09,0.1228,-0.3314,41.09,-0.0000,0.0000,0.00
1789467520.837,0.1195,-0.3275,40.50,0.1195,-0.3275,40.50,-0.0000,0.0000,0.00
1789467520.937,0.1163,-0.3235,39.90,0.1163,-0.3235,39.90,-0.0000,0.0000,0.00
1789467521.037,0.1130,-0.3198,39.36,0.1130,-0.3198,39.36,-0.0000,0.0000,0.00
1789467521.137,0.1099,-0.3159,38.80,0.1099,-0.3159,38.80,-0.0000,0.0000,0.00
1789467521.237,0.1069,-0.3120,38.23,0.1069,-0.3120,38.23,-0.0000,0.0000,0.00
1789467521.337,0.1038,-0.3081,37.66,0.1038,-0.3081,37.66,-0.0000,0.0000,0.00
1789467521.437,0.1008,-0.3041,37.08,0.1008,-0.3041,37.08,-0.0000,0.0000,0.00
1789467521.537,0.0979,-0.3001,36.50,0.0979,-0.3001,36.50,-0.0000,0.0000,0.00
1789467521.637,0.0949,-0.2962,35.94,0.0949,-0.2962,35.94,-0.0000,-0.0000,0.00
1789467521.737,0.0919,-0.2919,35.37,0.0919,-0.2919,35.37,-0.0000,-0.0000,0.00
1789467521.837,0.0890,-0.2876,34.78,0.0890,-0.2876,34.78,-0.0000,-0.0000,0.00
1789467521.937,0.0861,-0.2838,34.25,0.0861,-0.2838,34.25,-0.0000,-0.0000,0.00
1789467522.037,0.0833,-0.2798,33.69,0.0833,-0.2798,33.69,-0.0000,-0.0000,0.00
1789467522.137,0.0806,-0.2755,33.10,0.0806,-0.2755,33.10,-0.0000,-0.0000,0.00
1789467522.237,0.0780,-0.2712,32.51,0.0780,-0.2712,32.51,-0.0000,-0.0000,0.00
1789467522.337,0.0754,-0.2671,31.95,0.0754,-0.2671,31.95,-0.0000,-0.0000,0.00
1789467522.437,0.0728,-0.2629,31.38,0.0728,-0.2629,31.38,-0.0000,-0.0000,0.00
1789467522.537,0.0701,-0.2587,30.81,0.0701,-0.2587,30.81,-0.0000,-0.0000,0.00
1789467522.637,0.0676,-0.2545,30.25,0.0676,-0.2545,30.25,-0.0000,-0.0000,0.00
1789467522.737,0.0651,-0.2502,29.67,0.0651,-0.2502,29.67,-0.0000,-0.0000,0.00
1789467522.837,0.0626,-0.2455,29.09,0.0626,-0.2455,29.09,-0.0000,-0.0000,0.00
1789467522.937,0.0602,-0.2412,28.54,0.0602,-0.2412,28.54,-0.0000,-0.0000,0.00
1789467523.037,0.0579,-0.2368,27.97,0.0579,-0.2368,27.97,-0.0000,-0.0000,0.00
1789467523.137,0.0556,-0.2322,27.39,0.0556,-0.2322,27.39,-0.0000,-0.0000,0.00
1789467523.237,0.0534,-0.2277,26.84,0.0534,-0.2277,26.84,-0.0000,-0.0000,0.00
1789467523.337,0.0512,-0.2233,26.28,0.0512,-0.2233,26.28,-0.0000,-0.0000,0.00
1789467523.437,0.0490,-0.2188,25.70,0.0490,-0.2188,25.70,-0.0000,-0.0000,0.00
1789467523.537,0.0468,-0.2144,25.13,0.0468,-0.2144,25.13,-0.0000,-0.0000,0.00
1789467523.637,0.0447,-0.2099,24.56,0.0447,-0.2099,24.56,-0.0000,-0.0000,0.00
1789467523.737,0.0426,-0.2054,23.99,0.0426,-0.2054,23.99,-0.0000,-0.0000,0.00
1789467523.837,0.0406,-0.2008,23.42,0.0406,-0.2008,23.42,-0.0000,-0.0000,0.00
1789467523.937,0.0386,-0.1963,22.86,0.0386,-0.1963,22.86,-0.0000,-0.0000,0.00
1789467524.037,0.0366,-0.1917,22.29,0.0366,-0.1917,22.29,-0.0000,-0.0000,0.00
1789467524.137,0.0349,-0.1870,21.71,0.0349,-0.1870,21.71,-0.0000,-0.0000,0.00
1789467524.237,0.0329,-0.1824,21.14,0.0329,-0.1824,21.14,-0.0000,-0.0000,0.00
1789467524.337,0.0311,-0.1777,20.58,0.0311,-0.1777,20.58,-0.0000,-0.0000,0.00
1789467524.437,0.0294,-0.1729,20.01,0.0294,-0.1729,20.01,-0.0000,-0.0000,0.00
1789467524.538,0.0276,-0.1682,19.46,0.0276,-0.1682,19.46,-0.0000,-0.0000,0.00
1789467524.637,0.0260,-0.1636,18.90,0.0260,-0.1636,18.90,-0.0000,-0.0000,0.00
1789467524.737,0.0245,-0.1588,18.32,0.0245,-0.1588,18.32,-0.0000,-0.0000,0.00
1789467524.837,0.0230,-0.1541,17.77,0.0230,-0.1541,17.77,-0.0000,-0.0000,0.00
1789467524.937,0.0214,-0.1495,17.20,0.0214,-0.1495,17.20,-0.0000,-0.0000,0.00
1789467525.037,0.0200,-0.1447,16.63,0.0200,-0.1447,16.63,-0.0000,-0.0000,0.00
1789467525.137,0.0186,-0.1397,16.04,0.0186,-0.1397,16.04,-0.0000,-0.0000,0.00
1789467525.237,0.0171,-0.1351,15.49,0.0171,-0.1351,15.49,0.0000,0.0000,-0.00
1789467525.337,0.0157,-0.1301,14.92,0.0157,-0.1301,14.92,0.0000,0.0000,-0.00
1789467525.437,0.0146,-0.1251,14.33,0.0146,-0.1251,14.33,0.0000,0.0000,-0.00
1789467525.537,0.0133,-0.1203,13.77,0.0133,-0.1203,13.77,0.0000,0.0000,-0.00
1789467525.637,0.0120,-0.1155,13.21,0.0120,-0.1155,13.21,0.0000,0.0000,-0.00
1789467525.737,0.0111,-0.1104,12.62,0.0111,-0.1104,12.62,0.0000,0.0000,-0.00
1789467525.837,0.0101,-0.1054,12.08,0.0101,-0.1054,12.08,0.0000,0.0000,-0.00
1789467525.937,0.0090,-0.1004,11.50,0.0090,-0.1004,11.50,0.0000,0.0000,-0.00
1789467526.037,0.0082,-0.0953,10.93,0.0082,-0.0953,10.93,0.0000,0.0000,-0.00
1789467526.137,0.0072,-0.0905,10.38,0.0072,-0.0905,10.38,0.0000,0.0000,-0.00
1789467526.237,0.0063,-0.0856,9.82,0.0063,-0.0856,9.82,0.0000,0.0000,-0.00
1789467526.337,0.0055,-0.0806,9.24,0.0055,-0.0806,9.24,0.0000,0.0000,-0.00
1789467526.437,0.0046,-0.0755,8.66,0.0046,-0.0755,8.66,0.0000,0.0000,-0.00
1789467526.538,0.0038,-0.0706,8.10,0.0038,-0.0706,8.10,0.0000,0.0000,-0.00
1789467526.637,0.0031,-0.0656,7.53,0.0031,-0.0656,7.53,0.0000,0.0000,-0.00
1789467526.737,0.0025,-0.0607,6.95,0.0025,-0.0607,6.95,0.0000,0.0000,-0.00
1789467526.837,0.0018,-0.0557,6.39,0.0018,-0.0557,6.39,0.0000,0.0000,-0.00
1789467526.937,0.0012,-0.0507,5.83,0.0012,-0.0507,5.83,0.0000,0.0000,-0.00
1789467527.037,0.0009,-0.0455,5.26,0.0009,-0.0455,5.26,0.0000,0.0000,-0.00
1789467527.137,0.0004,-0.0405,4.71,0.0004,-0.0405,4.71,0.0000,0.0000,-0.00
1789467527.237,0.0001,-0.0355,4.16,0.0001,-0.0355,4.16,0.0000,0.0000,-0.00
1789467527.337,-0.0003,-0.0305,3.60,-0.0003,-0.0305,3.60,0.0000,0.0000,-0.00
1789467527.437,-0.0007,-0.0255,3.05,-0.0007,-0.0255,3.05,0.0000,0.0000,-0.00
1789467527.537,-0.0010,-0.0206,2.48,-0.0010,-0.0206,2.48,0.0000,0.0000,-0.00
1789467527.637,-0.0013,-0.0156,1.91,-0.0013,-0.0156,1.91,0.0000,0.0000,-0.00
1789467527.737,-0.0015,-0.0105,1.34,-0.0015,-0.0105,1.34,0.0000,0.0000,-0.00
1789467527.837,-0.0017,-0.0055,0.78,-0.0017,-0.0055,0.78,0.0000,0.0000,-0.00
1789467527.937,-0.0018,-0.0004,0.21,-0.0018,-0.0004,0.21,0.0000,0.0000,-0.00
1789467528.037,-0.0019,0.0047,-0.34,-0.0019,0.0047,-0.34,0.0000,0.0000,-0.00
1789467528.137,-0.0020,0.0097,-0.91,-0.0020,0.0097,-0.91,0.0000,0.0000,-0.00
1789467528.237,-0.0019,0.0148,-1.49,-0.0019,0.0148,-1.49,0.0000,0.0000,-0.00
1789467528.337,-0.0017,0.0197,-2.05,-0.0017,0.0197,-2.05,0.0000,0.0000,-0.00
1789467528.437,-0.0014,0.0248,-2.60,-0.0014,0.0248,-2.60,0.0000,0.0000,-0.00
1789467528.537,-0.0012,0.0298,-3.18,-0.0012,0.0298,-3.18,0.0000,0.0000,-0.00
1789467528.637,-0.0009,0.0347,-3.74,-0.0009,0.0347,-3.74,0.0000,0.0000,-0.00
1789467528.737,-0.0004,0.0397,-4.33,-0.0004,0.0397,-4.33,0.0000,0.0000,-0.00
1789467528.837,0.0000,0.0447,-4.89,0.0000,0.0447,-4.89,0.0000,0.0000,-0.00
1789467528.937,0.0006,0.0498,-5.47,0.0006,0.0498,-5.47,0.0000,0.0000,0.00
1789467529.037,0.0012,0.0549,-6.06,0.0012,0.0549,-6.06,0.0000,0.0000,0.00
1789467529.137,0.0017,0.0598,-6.63,0.0017,0.0598,-6.63,0.0000,0.0000,0.00
1789467529.237,0.0023,0.0647,-7.20,0.0023,0.0647,-7.20,0.0000,0.0000,0.00
1789467529.337,0.0030,0.0697,-7.78,0.0030,0.0697,-7.78,0.0000,0.0000,0.00
1789467529.437,0.0036,0.0747,-8.36,0.0036,0.0747,-8.36,0.0000,0.0000,0.00
1789467529.537,0.0043,0.0795,-8.93,0.0043,0.0795,-8.93,0.0000,0.0000,0.00
1789467529.637,0.0052,0.0844,-9.50,0.0052,0.0844,-9.50,0.0000,0.0000,0.00
1789467529.737,0.0060,0.0894,-10.07,0.0060,0.0894,-10.07,0.0000,0.0000,0.00
1789467529.838,0.0070,0.0943,-10.63,0.0070,0.0943,-10.63,0.0000,0.0000,0.00
1789467529.937,0.0081,0.0993,-11.20,0.0081,0.0993,-11.20,0.0000,0.0000,0.00
1789467530.037,0.0091,0.1043,-11.76,0.0091,0.1043,-11.76,0.0000,0.0000,0.00
1789467530.137,0.0102,0.1090,-12.33,0.0102,0.1090,-12.33,0.0000,0.0000,0.00
1789467530.237,0.0114,0.1139,-12.90,0.0114,0.1139,-12.90,0.0000,0.0000,0.00
1789467530.337,0.0126,0.1189,-13.46,0.0126,0.1189,-13.46,0.0000,0.0000,0.00
1789467530.437,0.0138,0.1236,-14.02,0.0138,0.1236,-14.02,0.0000,0.0000,0.00
1789467530.537,0.0151,0.1284,-14.59,0.0151,0.1284,-14.59,0.0000,0.0000,0.00
1789467530.637,0.0164,0.1333,-15.17,0.0164,0.1333,-15.17,0.0000,0.0000,0.00
1789467530.737,0.0176,0.1381,-15.72,0.0176,0.1381,-15.72,0.0000,0.0000,0.00
1789467530.837,0.0190,0.1428,-16.28,0.0190,0.1428,-16.28,0.0000,0.0000,0.00
1789467530.937,0.0205,0.1477,-16.86,0.0205,0.1477,-16.86,0.0000,0.0000,0.00
1789467531.037,0.0220,0.1525,-17.43,0.0220,0.1525,-17.43,0.0000,0.0000,0.00
1789467531.137,0.0235,0.1574,-18.02,0.0235,0.1574,-18.02,0.0000,0.0000,0.00
1789467531.237,0.0250,0.1623,-18.59,0.0250,0.1623,-18.59,0.0000,0.0000,0.00
1789467531.337,0.0265,0.1674,-19.17,0.0265,0.1674,-19.17,0.0000,0.0000,0.00
1789467531.437,0.0282,0.1722,-19.74,0.0282,0.1722,-19.74,0.0000,0.0000,0.00
1789467531.537,0.0299,0.1771,-20.28,0.0299,0.1771,-20.28,0.0000,0.0000,0.00
1789467531.637,0.0316,0.1819,-20.86,0.0316,0.1819,-20.86,0.0000,0.0000,0.00
1789467531.737,0.0334,0.1864,-21.42,0.0334,0.1864,-21.42,0.0000,0.0000,0.00
1789467531.837,0.0352,0.1910,-22.01,0.0352,0.1910,-22.01,0.0000,0.0000,0.00
1789467531.937,0.0372,0.1955,-22.59,0.0372,0.1955,-22.59,0.0000,0.0000,0.00
1789467532.037,0.0392,0.1999,-23.15,0.0392,0.1999,-23.15,0.0000,0.0000,0.00
1789467532.137,0.0413,0.2044,-23.73,0.0413,0.2044,-23.73,0.0000,0.0000,0.00
1789467532.237,0.0433,0.2090,-24.30,0.0433,0.2090,-24.30,0.0000,0.0000,0.00
1789467532.337,0.0453,0.2132,-24.86,0.0453,0.2132,-24.86,0.0000,0.0000,0.00
1789467532.437,0.0474,0.2177,-25.43,0.0474,0.2177,-25.43,0.0000,0.0000,0.00
1789467532.538,0.0496,0.2223,-26.01,0.0496,0.2223,-26.01,0.0000,0.0000,0.00
1789467532.637,0.0517,0.2269,-26.56,0.0517,0.2269,-26.56,-0.0000,-0.0000,-0.00
1789467532.737,0.0539,0.2314,-27.13,0.0539,0.2314,-27.13,-0.0000,-0.0000,-0.00
1789467532.837,0.0563,0.2359,-27.69,0.0563,0.2359,-27.69,-0.0000,-0.0000,-0.00
1789467532.937,0.0586,0.2403,-28.24,0.0586,0.2403,-28.24,-0.0000,-0.0000,-0.00
1789467533.037,0.0610,0.2448,-28.81,0.0610,0.2448,-28.81,-0.0000,-0.0000,-0.00
1789467533.137,0.0634,0.2492,-29.39,0.0634,0.2492,-29.39,-0.0000,-0.0000,-0.00
1789467533.237,0.0659,0.2535,-29.94,0.0659,0.2535,-29.94,-0.0000,-0.0000,-0.00
1789467533.337,0.0684,0.2581,-30.51,0.0684,0.2581,-30.51,-0.0000,-0.0000,-0.00
1789467533.437,0.0710,0.2625,-31.08,0.0710,0.2625,-31.08,-0.0000,-0.0000,-0.00
1789467533.537,0.0736,0.2667,-31.64,0.0736,0.2667,-31.64,-0.0000,-0.0000,-0.00
1789467533.637,0.0762,0.2712,-32.21,0.0762,0.2712,-32.21,-0.0000,-0.0000,-0.00
1789467533.737,0.0789,0.2755,-32.79,0.0789,0.2755,-32.79,-0.0000,-0.0000,-0.00
1789467533.837,0.0817,0.2794,-33.33,0.0817,0.2794,-33.33,-0.0000,-0.0000,-0.00
1789467533.937,0.0843,0.2838,-33.90,0.0843,0.2838,-33.90,-0.0000,-0.0000,-0.00
1789467534.037,0.0872,0.2880,-34.47,0.0872,0.2880,-34.47,-0.0000,-0.0000,-0.00
1789467534.137,0.0902,0.2917,-35.02,0.0902,0.2917,-35.02,-0.0000,-0.0000,-0.00
1789467534.237,0.0930,0.2959,-35.58,0.0930,0.2959,-35.58,-0.0000,-0.0000,-0.00
1789467534.337,0.0959,0.3001,-36.16,0.0959,0.3001,-36.16,-0.0000,-0.0000,-0.00
1789467534.437,0.0989,0.3037,-36.71,0.0989,0.3037,-36.71,-0.0000,-0.0000,-0.00
1789467534.537,0.1018,0.3079,-37.29,0.1018,0.3079,-37.29,-0.0000,-0.0000,-0.00
1789467534.637,0.1048,0.3119,-37.86,0.1048,0.3119,-37.86,-0.0000,-0.0000,-0.00
1789467534.737,0.1080,0.3156,-38.41,0.1080,0.3156,-38.41,-0.0000,-0.0000,-0.00
1789467534.837,0.1112,0.3194,-38.98,0.1112,0.3194,-38.98,-0.0000,-0.0000,-0.00
1789467534.937,0.1144,0.3235,-39.56,0.1144,0.3235,-39.56,-0.0000,-0.0000,-0.00
1789467535.037,0.1175,0.3269,-40.12,0.1175,0.3269,-40.12,-0.0000,-0.0000,-0.00
1789467535.137,0.1209,0.3306,-40.69,0.1209,0.3306,-40.69,-0.0000,-0.0000,-0.00
1789467535.237,0.1242,0.3346,-41.27,0.1242,0.3346,-41.27,-0.0000,-0.0000,-0.00
1789467535.337,0.1274,0.3381,-41.82,0.1274,0.3381,-41.82,-0.0000,-0.0000,-0.00
1789467535.437,0.1308,0.3418,-42.41,0.1308,0.3418,-42.41,-0.0000,-0.0000,-0.00
1789467535.537,0.1342,0.3457,-42.99,0.1342,0.3457,-42.99,-0.0000,-0.0000,-0.00
1789467535.637,0.1375,0.3494,-43.55,0.1375,0.3494,-43.55,-0.0000,-0.0000,-0.00
1789467535.737,0.1409,0.3529,-44.12,0.1409,0.3529,-44.12,-0.0000,-0.0000,-0.00
1789467535.837,0.1443,0.3566,-44.69,0.1443,0.3566,-44.69,-0.0000,-0.0000,-0.00
1789467535.937,0.1479,0.3600,-45.26,0.1479,0.3600,-45.26,-0.0000,-0.0000,-0.00
1789467536.037,0.1514,0.3634,-45.82,0.1514,0.3634,-45.82,-0.0000,-0.0000,-0.00
1789467536.137,0.1550,0.3669,-46.39,0.1550,0.3669,-46.39,-0.0000,-0.0000,-0.00
1789467536.237,0.1588,0.3703,-46.96,0.1588,0.3703,-46.96,-0.0000,0.0000,0.00
1789467536.337,0.1625,0.3735,-47.52,0.1625,0.3735,-47.52,-0.0000,0.0000,0.00
1789467536.437,0.1663,0.3769,-48.11,0.1663,0.3769,-48.11,-0.0000,0.0000,0.00
1789467536.537,0.1700,0.3803,-48.67,0.1700,0.3803,-48.67,-0.0000,0.0000,0.00
1789467536.637,0.1738,0.3835,-49.24,0.1738,0.3835,-49.24,-0.0000,0.0000,0.00
1789467536.737,0.1777,0.3869,-49.82,0.1777,0.3869,-49.82,-0.0000,0.0000,0.00
1789467536.837,0.1815,0.3901,-50.39,0.1815,0.3901,-50.39,-0.0000,0.0000,0.00
1789467536.937,0.1853,0.3933,-50.96,0.1853,0.3933,-50.96,-0.0000,0.0000,0.00
1789467537.037,0.1892,0.3964,-51.55,0.1892,0.3964,-51.55,-0.0000,0.0000,0.00
1789467537.137,0.1930,0.3995,-52.12,0.1930,0.3995,-52.12,-0.0000,0.0000,0.00
1789467537.237,0.1971,0.4023,-52.68,0.1971,0.4023,-52.68,-0.0000,0.0000,0.00
1789467537.337,0.2012,0.4055,-53.25,0.2012,0.4055,-53.25,-0.0000,0.0000,0.00
1789467537.437,0.2053,0.4086,-53.81,0.2053,0.4086,-53.81,-0.0000,0.0000,0.00
1789467537.537,0.2093,0.4115,-54.36,0.2093,0.4115,-54.36,-0.0000,0.0000,0.00
1789467537.637,0.2134,0.4145,-54.93,0.2134,0.4145,-54.93,-0.0000,0.0000,0.00
1789467537.737,0.2175,0.4172,-55.50,0.2175,0.4172,-55.50,-0.0000,0.0000,0.00
1789467537.837,0.2217,0.4200,-56.06,0.2217,0.4200,-56.06,-0.0000,0.0000,0.00
1789467537.937,0.2259,0.4229,-56.64,0.2259,0.4229,-56.64,-0.0000,0.0000,0.00
1789467538.037,0.2300,0.4256,-57.21,0.2300,0.4256,-57.21,-0.0000,0.0000,0.00
1789467538.137,0.2342,0.4283,-57.77,0.2342,0.4283,-57.77,-0.0000,0.0000,0.00
1789467538.237,0.2384,0.4309,-58.34,0.2384,0.4309,-58.34,-0.0000,0.0000,0.00
1789467538.337,0.2428,0.4334,-58.90,0.2428,0.4334,-58.90,-0.0000,0.0000,0.00
1789467538.438,0.2471,0.4360,-59.47,0.2471,0.4360,-59.47,-0.0000,0.0000,0.00
1789467538.537,0.2513,0.4385,-60.04,0.2513,0.4385,-60.04,-0.0000,0.0000,0.00
1789467538.637,0.2557,0.4410,-60.60,0.2557,0.4410,-60.60,-0.0000,0.0000,0.00
1789467538.737,0.2603,0.4434,-61.16,0.2603,0.4434,-61.16,-0.0000,0.0000,0.00
1789467538.837,0.2646,0.4459,-61.73,0.2646,0.4459,-61.73,-0.0000,0.0000,0.00
1789467538.937,0.2690,0.4483,-62.29,0.2690,0.4483,-62.29,-0.0000,0.0000,0.00
1789467539.037,0.2735,0.4506,-62.86,0.2735,0.4506,-62.86,-0.0000,0.0000,0.00
1789467539.137,0.2780,0.4530,-63.41,0.2780,0.4530,-63.41,-0.0000,0.0000,0.00
1789467539.237,0.2824,0.4552,-63.97,0.2824,0.4552,-63.97,-0.0000,0.0000,0.00
1789467539.337,0.2870,0.4574,-64.54,0.2870,0.4574,-64.54,-0.0000,0.0000,0.00
1789467539.437,0.2914,0.4597,-65.10,0.2914,0.4597,-65.10,-0.0000,0.0000,0.00
1789467539.537,0.2958,0.4617,-65.67,0.2958,0.4617,-65.67,-0.0000,0.0000,0.00
1789467539.637,0.3005,0.4635,-66.24,0.3005,0.4635,-66.24,-0.0000,0.0000,0.00
1789467539.737,0.3052,0.4657,-66.80,0.3052,0.4657,-66.80,-0.0000,0.0000,0.00
1789467539.837,0.3097,0.4676,-67.36,0.3097,0.4676,-67.36,-0.0000,0.0000,0.00
1789467539.937,0.3145,0.4696,-67.96,0.3145,0.4696,-67.96,-0.0000,0.0000,0.00
1789467540.037,0.3191,0.4714,-68.52,0.3191,0.4714,-68.52,-0.0000,0.0000,0.00
1789467540.137,0.3237,0.4732,-69.08,0.3237,0.4732,-69.08,-0.0000,0.0000,0.00
1789467540.237,0.3285,0.4747,-69.64,0.3285,0.4747,-69.64,-0.0000,0.0000,0.00
1789467540.337,0.3333,0.4764,-70.23,0.3333,0.4764,-70.23,-0.0000,0.0000,0.00
1789467540.437,0.3381,0.4782,-70.80,0.3381,0.4782,-70.80,-0.0000,0.0000,0.00
1789467540.537,0.3426,0.4797,-71.35,0.3426,0.4797,-71.35,-0.0000,0.0000,0.00
1789467540.637,0.3474,0.4814,-71.92,0.3474,0.4814,-71.92,-0.0000,0.0000,0.00
1789467540.737,0.3521,0.4830,-72.49,0.3521,0.4830,-72.49,-0.0000,0.0000,0.00
1789467540.837,0.3568,0.4843,-73.05,0.3568,0.4843,-73.05,-0.0000,0.0000,0.00
1789467540.937,0.3616,0.4857,-73.64,0.3616,0.4857,-73.64,-0.0000,0.0000,0.00
1789467541.037,0.3663,0.4870,-74.22,0.3663,0.4870,-74.22,-0.0000,0.0000,0.00
1789467541.137,0.3709,0.4880,-74.79,0.3709,0.4880,-74.79,-0.0000,0.0000,0.00
1789467541.237,0.3758,0.4890,-75.38,0.3758,0.4890,-75.38,-0.0000,0.0000,0.00
1789467541.337,0.3808,0.4905,-75.93,0.3808,0.4905,-75.93,-0.0000,0.0000,0.00
1789467541.437,0.3857,0.4919,-76.48,0.3857,0.4919,-76.48,-0.0000,0.0000,0.00
1789467541.537,0.3906,0.4931,-77.04,0.3906,0.4931,-77.04,-0.0000,0.0000,0.00
1789467541.637,0.3957,0.4942,-77.63,0.3957,0.4942,-77.63,-0.0000,0.0000,0.00
1789467541.737,0.4006,0.4954,-78.19,0.4006,0.4954,-78.19,-0.0000,0.0000,0.00
1789467541.837,0.4054,0.4964,-78.76,0.4054,0.4964,-78.76,-0.0000,0.0000,0.00
1789467541.937,0.4103,0.4975,-79.33,0.4103,0.4975,-79.33,-0.0000,0.0000,0.00
1789467542.037,0.4151,0.4984,-79.89,0.4151,0.4984,-79.89,-0.0000,0.0000,0.00
1789467542.137,0.4201,0.4994,-80.48,0.4201,0.4994,-80.48,-0.0000,0.0000,0.00
1789467542.237,0.4251,0.5001,-81.07,0.4251,0.5001,-81.07,-0.0000,0.0000,0.00
1789467542.337,0.4300,0.5009,-81.63,0.4300,0.5009,-81.63,-0.0000,0.0000,0.00
1789467542.437,0.4349,0.5015,-82.19,0.4349,0.5015,-82.19,-0.0000,0.0000,0.00
1789467542.537,0.4400,0.5021,-82.76,0.4400,0.5021,-82.76,-0.0000,0.0000,0.00
1789467542.637,0.4450,0.5028,-83.32,0.4450,0.5028,-83.32,-0.0000,0.0000,0.00
1789467542.737,0.4499,0.5034,-83.88,0.4499,0.5034,-83.88,-0.0000,0.0000,0.00
1789467542.837,0.4549,0.5039,-84.46,0.4549,0.5039,-84.46,-0.0000,0.0000,0.00
1789467542.937,0.4599,0.5043,-85.02,0.4599,0.5043,-85.02,-0.0000,0.0000,0.00
1789467543.037,0.4649,0.5047,-85.60,0.4649,0.5047,-85.60,-0.0000,0.0000,0.00
1789467543.137,0.4698,0.5051,-86.17,0.4698,0.5051,-86.17,-0.0000,0.0000,0.00
1789467543.237,0.4748,0.5053,-86.74,0.4748,0.5053,-86.74,-0.0000,0.0000,0.00
1789467543.337,0.4798,0.5056,-87.31,0.4798,0.5056,-87.31,-0.0000,0.0000,0.00
1789467543.437,0.4847,0.5058,-87.88,0.4847,0.5058,-87.88,-0.0000,0.0000,0.00
1789467543.537,0.4897,0.5059,-88.46,0.4897,0.5059,-88.46,0.0000,0.0000,-0.00
1789467543.637,0.4946,0.5061,-89.03,0.4946,0.5061,-89.03,0.0000,0.0000,-0.00
1789467543.737,0.4995,0.5062,-89.60,0.4995,0.5062,-89.60,0.0000,0.0000,-0.00
1789467543.837,0.5045,0.5061,-90.17,0.5045,0.5061,-90.17,0.0000,0.0000,-0.00
1789467543.937,0.5096,0.5060,-90.74,0.5096,0.5060,-90.74,0.0000,0.0000,-0.00
1789467544.037,0.5145,0.5060,-91.30,0.5145,0.5060,-91.30,0.0000,0.0000,-0.00
1789467544.137,0.5194,0.5059,-91.86,0.5194,0.5059,-91.86,0.0000,0.0000,-0.00
1789467544.237,0.5245,0.5057,-92.43,0.5245,0.5057,-92.43,0.0000,0.0000,-0.00
1789467544.337,0.5294,0.5056,-93.00,0.5294,0.5056,-93.00,0.0000,0.0000,-0.00
1789467544.437,0.5344,0.5053,-93.57,0.5344,0.5053,-93.57,0.0000,0.0000,-0.00
1789467544.537,0.5394,0.5048,-94.14,0.5394,0.5048,-94.14,0.0000,0.0000,-0.00
1789467544.637,0.5445,0.5046,-94.70,0.5445,0.5046,-94.70,0.0000,0.0000,-0.00
1789467544.737,0.5493,0.5042,-95.25,0.5493,0.5042,-95.25,0.0000,0.0000,-0.00
1789467544.837,0.5544,0.5036,-95.84,0.5544,0.5036,-95.84,0.0000,0.0000,-0.00
1789467544.937,0.5595,0.5032,-96.41,0.5595,0.5032,-96.41,0.0000,0.0000,-0.00
1789467545.037,0.5643,0.5028,-96.96,0.5643,0.5028,-96.96,0.0000,0.0000,-0.00
1789467545.137,0.5693,0.5020,-97.54,0.5693,0.5020,-97.54,0.0000,0.0000,-0.00
1789467545.237,0.5745,0.5014,-98.12,0.5745,0.5014,-98.12,0.0000,0.0000,-0.00
1789467545.337,0.5794,0.5008,-98.68,0.5794,0.5008,-98.68,0.0000,0.0000,-0.00
1789467545.437,0.5844,0.4999,-99.24,0.5844,0.4999,-99.24,0.0000,0.0000,-0.00
1789467545.537,0.5894,0.4992,-99.81,0.5894,0.4992,-99.81,0.0000,0.0000,-0.00
1789467545.637,0.5942,0.4984,-100.35,0.5942,0.4984,-100.35,0.0000,0.0000,-0.00
1789467545.737,0.5992,0.4975,-100.92,0.5992,0.4975,-100.92,0.0000,0.0000,-0.00
1789467545.837,0.6042,0.4965,-101.50,0.6042,0.4965,-101.50,0.0000,0.0000,-0.00
1789467545.937,0.6090,0.4956,-102.05,0.6090,0.4956,-102.05,0.0000,0.0000,-0.00
1789467546.037,0.6140,0.4945,-102.63,0.6140,0.4945,-102.63,0.0000,0.0000,-0.00
1789467546.137,0.6189,0.4934,-103.21,0.6189,0.4934,-103.21,0.0000,0.0000,-0.00
1789467546.237,0.6238,0.4922,-103.76,0.6238,0.4922,-103.76,0.0000,0.0000,-0.00
1789467546.337,0.6285,0.4910,-104.32,0.6285,0.4910,-104.32,0.0000,0.0000,-0.00
1789467546.437,0.6335,0.4898,-104.91,0.6335,0.4898,-104.91,0.0000,0.0000,-0.00
1789467546.537,0.6383,0.4883,-105.48,0.6383,0.4883,-105.48,0.0000,0.0000,-0.00
1789467546.637,0.6431,0.4869,-106.04,0.6431,0.4869,-106.04,0.0000,0.0000,-0.00
1789467546.737,0.6479,0.4856,-106.62,0.6479,0.4856,-106.62,0.0000,0.0000,-0.00
1789467546.837,0.6527,0.4841,-107.17,0.6527,0.4841,-107.17,0.0000,0.0000,-0.00
1789467546.937,0.6573,0.4826,-107.73,0.6573,0.4826,-107.73,0.0000,0.0000,-0.00
1789467547.037,0.6620,0.4810,-108.31,0.6620,0.4810,-108.31,0.0000,0.0000,-0.00
1789467547.137,0.6667,0.4793,-108.89,0.6667,0.4793,-108.89,0.0000,0.0000,-0.00
1789467547.237,0.6715,0.4776,-109.45,0.6715,0.4776,-109.45,0.0000,-0.0000,0.00
1789467547.337,0.6763,0.4759,-110.03,0.6763,0.4759,-110.03,0.0000,-0.0000,0.00
1789467547.437,0.6809,0.4742,-110.58,0.6809,0.4742,-110.58,0.0000,-0.0000,0.00
1789467547.537,0.6857,0.4722,-111.15,0.6857,0.4722,-111.15,0.0000,-0.0000,0.00
1789467547.637,0.6903,0.4704,-111.71,0.6903,0.4704,-111.71,0.0000,-0.0000,0.00
1789467547.737,0.6949,0.4685,-112.28,0.6949,0.4685,-112.28,0.0000,-0.0000,0.00
1789467547.837,0.6995,0.4665,-112.85,0.6995,0.4665,-112.85,0.0000,-0.0000,0.00
1789467547.937,0.7041,0.4645,-113.41,0.7041,0.4645,-113.41,0.0000,-0.0000,0.00
1789467548.037,0.7087,0.4624,-113.98,0.7087,0.4624,-113.98,0.0000,-0.0000,0.00
1789467548.137,0.7133,0.4603,-114.54,0.7133,0.4603,-114.54,0.0000,-0.0000,0.00
1789467548.237,0.7178,0.4581,-115.10,0.7178,0.4581,-115.10,0.0000,-0.0000,0.00
1789467548.337,0.7223,0.4559,-115.67,0.7223,0.4559,-115.67,0.0000,-0.0000,0.00
1789467548.437,0.7268,0.4537,-116.24,0.7268,0.4537,-116.24,0.0000,-0.0000,0.00
1789467548.537,0.7315,0.4516,-116.83,0.7315,0.4516,-116.83,0.0000,-0.0000,0.00
1789467548.637,0.7357,0.4493,-117.38,0.7357,0.4493,-117.38,0.0000,-0.0000,0.00
1789467548.737,0.7402,0.4468,-117.95,0.7402,0.4468,-117.95,0.0000,-0.0000,0.00
1789467548.837,0.7447,0.4444,-118.53,0.7447,0.4444,-118.53,0.0000,-0.0000,0.00
1789467548.937,0.7489,0.4421,-119.08,0.7489,0.4421,-119.08,0.0000,-0.0000,0.00
1789467549.037,0.7534,0.4395,-119.67,0.7534,0.4395,-119.67,0.0000,-0.0000,0.00
1789467549.137,0.7578,0.4373,-120.22,0.7578,0.4373,-120.22,0.0000,-0.0000,0.00
1789467549.237,0.7620,0.4349,-120.78,0.7620,0.4349,-120.78,0.0000,-0.0000,0.00
1789467549.337,0.7662,0.4324,-121.36,0.7662,0.4324,-121.36,0.0000,-0.0000,0.00
1789467549.437,0.7706,0.4297,-121.94,0.7706,0.4297,-121.94,0.0000,-0.0000,0.00
1789467549.537,0.7747,0.4272,-122.50,0.7747,0.4272,-122.50,0.0000,-0.0000,0.00
1789467549.637,0.7789,0.4245,-123.07,0.7789,0.4245,-123.07,0.0000,-0.0000,0.00
1789467549.737,0.7832,0.4216,-123.64,0.7832,0.4216,-123.64,0.0000,-0.0000,0.00
1789467549.837,0.7873,0.4188,-124.19,0.7873,0.4188,-124.19,0.0000,-0.0000,0.00
1789467549.937,0.7914,0.4159,-124.76,0.7914,0.4159,-124.76,0.0000,-0.0000,0.00
1789467550.037,0.7956,0.4130,-125.35,0.7956,0.4130,-125.35,0.0000,-0.0000,0.00
1789467550.137,0.7997,0.4100,-125.90,0.7997,0.4100,-125.90,0.0000,-0.0000,0.00
1789467550.237,0.8037,0.4070,-126.45,0.8037,0.4070,-126.45,0.0000,-0.0000,0.00
1789467550.337,0.8079,0.4040,-127.03,0.8079,0.4040,-127.03,0.0000,-0.0000,0.00
1789467550.437,0.8119,0.4011,-127.60,0.8119,0.4011,-127.60,0.0000,-0.0000,0.00
1789467550.537,0.8156,0.3980,-128.17,0.8156,0.3980,-128.17,0.0000,-0.0000,0.00
1789467550.637,0.8196,0.3947,-128.73,0.8196,0.3947,-128.73,0.0000,-0.0000,0.00
1789467550.737,0.8236,0.3916,-129.29,0.8236,0.3916,-129.29,0.0000,-0.0000,0.00
1789467550.837,0.8274,0.3884,-129.86,0.8274,0.3884,-129.86,0.0000,0.0000,-0.00
1789467550.937,0.8312,0.3851,-130.43,0.8312,0.3851,-130.43,0.0000,0.0000,-0.00
1789467551.037,0.8351,0.3817,-130.99,0.8351,0.3817,-130.99,0.0000,0.0000,-0.00
1789467551.137,0.8388,0.3786,-131.54,0.8388,0.3786,-131.54,0.0000,0.0000,-0.00
1789467551.237,0.8425,0.3751,-132.09,0.8425,0.3751,-132.09,0.0000,0.0000,-0.00
1789467551.337,0.8462,0.3713,-132.66,0.8462,0.3713,-132.66,0.0000,0.0000,-0.00
1789467551.437,0.8499,0.3678,-133.21,0.8499,0.3678,-133.21,0.0000,0.0000,-0.00
1789467551.537,0.8534,0.3644,-133.78,0.8534,0.3644,-133.78,0.0000,0.0000,-0.00
1789467551.637,0.8571,0.3608,-134.34,0.8571,0.3608,-134.34,0.0000,0.0000,-0.00
1789467551.737,0.8607,0.3573,-134.89,0.8607,0.3573,-134.89,0.0000,0.0000,-0.00
1789467551.837,0.8642,0.3538,-135.45,0.8642,0.3538,-135.45,0.0000,0.0000,-0.00
1789467551.937,0.8677,0.3501,-136.03,0.8677,0.3501,-136.03,0.0000,0.0000,-0.00
1789467552.037,0.8712,0.3464,-136.59,0.8712,0.3464,-136.59,0.0000,0.0000,-0.00
1789467552.137,0.8746,0.3427,-137.16,0.8746,0.3427,-137.16,0.0000,0.0000,-0.00
1789467552.237,0.8781,0.3391,-137.74,0.8781,0.3391,-137.74,0.0000,0.0000,-0.00
1789467552.337,0.8814,0.3352,-138.32,0.8814,0.3352,-138.32,0.0000,0.0000,-0.00
1789467552.437,0.8848,0.3314,-138.87,0.8848,0.3314,-138.87,0.0000,0.0000,-0.00
1789467552.537,0.8880,0.3276,-139.45,0.8880,0.3276,-139.45,0.0000,0.0000,-0.00
1789467552.637,0.8911,0.3238,-140.01,0.8911,0.3238,-140.01,0.0000,0.0000,-0.00
1789467552.737,0.8944,0.3200,-140.58,0.8944,0.3200,-140.58,0.0000,0.0000,-0.00
1789467552.837,0.8976,0.3161,-141.15,0.8976,0.3161,-141.15,0.0000,0.0000,-0.00
1789467552.937,0.9006,0.3122,-141.72,0.9006,0.3122,-141.72,0.0000,0.0000,-0.00
1789467553.037,0.9036,0.3083,-142.29,0.9036,0.3083,-142.29,0.0000,0.0000,-0.00
1789467553.137,0.9067,0.3043,-142.86,0.9067,0.3043,-142.86,0.0000,0.0000,-0.00
1789467553.237,0.9096,0.3003,-143.43,0.9096,0.3003,-143.43,0.0000,0.0000,-0.00
1789467553.337,0.9126,0.2963,-144.00,0.9126,0.2963,-144.00,0.0000,0.0000,-0.00
1789467553.437,0.9156,0.2923,-144.56,0.9156,0.2923,-144.56,0.0000,0.0000,-0.00
1789467553.537,0.9185,0.2882,-145.13,0.9185,0.2882,-145.13,0.0000,0.0000,-0.00
1789467553.637,0.9215,0.2840,-145.71,0.9215,0.2840,-145.71,0.0000,0.0000,-0.00
1789467553.737,0.9242,0.2800,-146.27,0.9242,0.2800,-146.27,0.0000,0.0000,-0.00
1789467553.837,0.9268,0.2758,-146.83,0.9268,0.2758,-146.83,0.0000,0.0000,-0.00
1789467553.937,0.9295,0.2717,-147.41,0.9295,0.2717,-147.41,0.0000,0.0000,-0.00
1789467554.037,0.9324,0.2675,-147.97,0.9324,0.2675,-147.97,0.0000,0.0000,-0.00
1789467554.137,0.9349,0.2634,-148.54,0.9349,0.2634,-148.54,0.0000,0.0000,-0.00
1789467554.237,0.9374,0.2590,-149.12,0.9374,0.2590,-149.12,0.0000,0.0000,-0.00
1789467554.337,0.9401,0.2548,-149.69,0.9401,0.2548,-149.69,0.0000,0.0000,-0.00
1789467554.437,0.9426,0.2506,-150.25,0.9426,0.2506,-150.25,0.0000,0.0000,-0.00
1789467554.537,0.9450,0.2463,-150.83,0.9450,0.2463,-150.83,0.0000,0.0000,0.00
1789467554.637,0.9475,0.2418,-151.42,0.9475,0.2418,-151.42,0.0000,0.0000,0.00
1789467554.737,0.9497,0.2374,-151.96,0.9497,0.2374,-151.96,0.0000,0.0000,0.00
1789467554.837,0.9521,0.2329,-152.53,0.9521,0.2329,-152.53,0.0000,0.0000,0.00
1789467554.937,0.9545,0.2280,-153.08,0.9545,0.2280,-153.08,0.0000,0.0000,0.00
1789467555.037,0.9567,0.2236,-153.62,0.9567,0.2236,-153.62,0.0000,0.0000,0.00
1789467555.137,0.9587,0.2188,-154.17,0.9587,0.2188,-154.17,0.0000,0.0000,0.00
1789467555.237,0.9610,0.2142,-154.73,0.9610,0.2142,-154.73,0.0000,0.0000,0.00
1789467555.337,0.9631,0.2097,-155.29,0.9631,0.2097,-155.29,0.0000,0.0000,0.00
1789467555.437,0.9651,0.2052,-155.87,0.9651,0.2052,-155.87,0.0000,0.0000,0.00
1789467555.537,0.9672,0.2006,-156.44,0.9672,0.2006,-156.44,0.0000,0.0000,0.00
1789467555.637,0.9692,0.1962,-157.00,0.9692,0.1962,-157.00,0.0000,0.0000,0.00
1789467555.737,0.9711,0.1917,-157.57,0.9711,0.1917,-157.57,0.0000,0.0000,0.00
1789467555.837,0.9731,0.1870,-158.15,0.9731,0.1870,-158.15,0.0000,0.0000,0.00
1789467555.937,0.9750,0.1824,-158.71,0.9750,0.1824,-158.71,0.0000,0.0000,0.00
1789467556.037,0.9767,0.1779,-159.28,0.9767,0.1779,-159.28,0.0000,0.0000,0.00
1789467556.137,0.9786,0.1732,-159.87,0.9786,0.1732,-159.87,0.0000,0.0000,0.00
1789467556.237,0.9802,0.1686,-160.44,0.9802,0.1686,-160.44,0.0000,0.0000,0.00
1789467556.337,0.9819,0.1639,-161.01,0.9819,0.1639,-161.01,0.0000,0.0000,0.00
1789467556.437,0.9835,0.1592,-161.58,0.9835,0.1592,-161.58,0.0000,0.0000,0.00
1789467556.537,0.9850,0.1545,-162.16,0.9850,0.1545,-162.16,0.0000,0.0000,0.00
1789467556.637,0.9866,0.1499,-162.72,0.9866,0.1499,-162.72,0.0000,0.0000,0.00
1789467556.737,0.9881,0.1451,-163.30,0.9881,0.1451,-163.30,0.0000,0.0000,0.00
1789467556.837,0.9894,0.1403,-163.88,0.9894,0.1403,-163.88,0.0000,0.0000,0.00
1789467556.937,0.9908,0.1356,-164.45,0.9908,0.1356,-164.45,0.0000,0.0000,0.00
1789467557.037,0.9922,0.1308,-165.02,0.9922,0.1308,-165.02,0.0000,0.0000,0.00
1789467557.137,0.9935,0.1260,-165.60,0.9935,0.1260,-165.60,0.0000,0.0000,0.00
1789467557.237,0.9948,0.1212,-166.18,0.9948,0.1212,-166.18,0.0000,0.0000,0.00
1789467557.337,0.9960,0.1163,-166.75,0.9960,0.1163,-166.75,0.0000,0.0000,0.00
1789467557.437,0.9972,0.1115,-167.32,0.9972,0.1115,-167.32,0.0000,0.0000,0.00
1789467557.537,0.9983,0.1066,-167.89,0.9983,0.1066,-167.89,0.0000,0.0000,0.00
1789467557.637,0.9994,0.1018,-168.46,0.9994,0.1018,-168.46,0.0000,0.0000,0.00
1789467557.737,1.0003,0.0968,-168.99,1.0003,0.0968,-168.99,0.0000,0.0000,0.00
1789467557.837,1.0010,0.0917,-169.55,1.0010,0.0917,-169.55,0.0000,0.0000,0.00
1789467557.937,1.0020,0.0867,-170.11,1.0020,0.0867,-170.11,0.0000,0.0000,0.00
1789467558.037,1.0028,0.0819,-170.67,1.0028,0.0819,-170.67,0.0000,0.0000,0.00
1789467558.137,1.0035,0.0769,-171.25,1.0035,0.0769,-171.25,0.0000,-0.0000,0.00
1789467558.237,1.0044,0.0720,-171.81,1.0044,0.0720,-171.81,0.0000,-0.0000,0.00
1789467558.337,1.0050,0.0671,-172.37,1.0050,0.0671,-172.37,0.0000,-0.0000,0.00
1789467558.437,1.0057,0.0622,-172.94,1.0057,0.0622,-172.94,0.0000,-0.0000,0.00
1789467558.537,1.0064,0.0571,-173.52,1.0064,0.0571,-173.52,0.0000,-0.0000,0.00
1789467558.637,1.0069,0.0523,-174.08,1.0069,0.0523,-174.08,0.0000,-0.0000,0.00
1789467558.737,1.0074,0.0474,-174.65,1.0074,0.0474,-174.65,0.0000,-0.0000,0.00
1789467558.837,1.0080,0.0423,-175.22,1.0080,0.0423,-175.22,0.0000,-0.0000,0.00
1789467558.937,1.0083,0.0375,-175.79,1.0083,0.0375,-175.79,0.0000,-0.0000,0.00
1789467559.037,1.0086,0.0325,-176.37,1.0086,0.0325,-176.37,0.0000,-0.0000,0.00
1789467559.137,1.0089,0.0273,-176.94,1.0089,0.0273,-176.94,0.0000,-0.0000,0.00
1789467559.237,1.0092,0.0224,-177.49,1.0092,0.0224,-177.49,0.0000,-0.0000,0.00
1789467559.337,1.0093,0.0174,-178.06,1.0093,0.0174,-178.06,0.0000,-0.0000,0.00
1789467559.437,1.0095,0.0122,-178.64,1.0095,0.0122,-178.64,0.0000,-0.0000,0.00
1789467559.537,1.0098,0.0073,-179.19,1.0098,0.0073,-179.19,0.0000,-0.0000,0.00
1789467559.637,1.0097,0.0024,-179.76,1.0097,0.0024,-179.76,0.0000,-0.0000,0.00
1789467559.737,1.0096,-0.0026,179.64,1.0096,-0.0026,179.64,0.0000,-0.0000,0.00
1789467559.837,1.0096,-0.0076,179.07,1.0096,-0.0076,179.07,0.0000,-0.0000,0.00
1789467559.937,1.0092,-0.0124,178.52,1.0092,-0.0124,178.52,0.0000,-0.0000,0.00
1789467560.037,1.0093,-0.0176,177.95,1.0093,-0.0176,177.95,0.0000,-0.0000,0.00
1789467560.137,1.0090,-0.0225,177.39,1.0090,-0.0225,177.39,0.0000,-0.0000,0.00
1789467560.237,1.0086,-0.0275,176.82,1.0086,-0.0275,176.82,0.0000,-0.0000,0.00
1789467560.337,1.0086,-0.0327,176.24,1.0086,-0.0327,176.24,0.0000,-0.0000,0.00
1789467560.437,1.0080,-0.0374,175.70,1.0080,-0.0374,175.70,0.0000,-0.0000,0.00
1789467560.537,1.0079,-0.0426,175.12,1.0079,-0.0426,175.12,0.0000,-0.0000,0.00
1789467560.637,1.0073,-0.0475,174.55,1.0073,-0.0475,174.55,0.0000,-0.0000,0.00
1789467560.737,1.0068,-0.0525,173.97,1.0068,-0.0525,173.97,0.0000,-0.0000,0.00
1789467560.837,1.0063,-0.0576,173.40,1.0063,-0.0576,173.40,0.0000,-0.0000,0.00
1789467560.937,1.0056,-0.0626,172.83,1.0056,-0.0626,172.83,0.0000,-0.0000,0.00
1789467561.037,1.0049,-0.0676,172.25,1.0049,-0.0676,172.25,0.0000,-0.0000,0.00
1789467561.137,1.0042,-0.0725,171.71,1.0042,-0.0725,171.71,0.0000,-0.0000,0.00
1789467561.237,1.0036,-0.0775,171.13,1.0036,-0.0775,171.13,0.0000,-0.0000,0.00
1789467561.337,1.0028,-0.0824,170.55,1.0028,-0.0824,170.55,0.0000,-0.0000,0.00
1789467561.437,1.0018,-0.0873,170.01,1.0018,-0.0873,170.01,0.0000,-0.0000,0.00
1789467561.537,1.0010,-0.0922,169.44,1.0010,-0.0922,169.44,0.0000,-0.0000,0.00
1789467561.637,1.0002,-0.0973,168.87,1.0002,-0.0973,168.87,0.0000,-0.0000,0.00
1789467561.737,0.9991,-0.1021,168.31,0.9991,-0.1021,168.31,0.0000,-0.0000,0.00
1789467561.837,0.9981,-0.1072,167.74,0.9981,-0.1072,167.74,0.0000,-0.0000,0.00
1789467561.937,0.9970,-0.1122,167.17,0.9970,-0.1122,167.17,0.0000,-0.0000,0.00
1789467562.037,0.9958,-0.1170,166.60,0.9958,-0.1170,166.60,0.0000,-0.0000,0.00
1789467562.137,0.9948,-0.1219,166.03,0.9948,-0.1219,166.03,0.0000,-0.0000,0.00
1789467562.237,0.9936,-0.1267,165.46,0.9936,-0.1267,165.46,0.0000,-0.0000,0.00
1789467562.337,0.9923,-0.1314,164.90,0.9923,-0.1314,164.90,0.0000,-0.0000,0.00
1789467562.437,0.9910,-0.1363,164.33,0.9910,-0.1363,164.33,0.0000,-0.0000,0.00
1789467562.537,0.9897,-0.1410,163.76,0.9897,-0.1410,163.76,0.0000,-0.0000,0.00
1789467562.637,0.9882,-0.1457,163.20,0.9882,-0.1457,163.20,0.0000,-0.0000,0.00
1789467562.737,0.9867,-0.1506,162.64,0.9867,-0.1506,162.64,0.0000,-0.0000,0.00
1789467562.837,0.9852,-0.1554,162.07,0.9852,-0.1554,162.07,0.0000,-0.0000,0.00
1789467562.937,0.9837,-0.1601,161.50,0.9837,-0.1601,161.50,0.0000,-0.0000,0.00
1789467563.037,0.9820,-0.1648,160.92,0.9820,-0.1648,160.92,0.0000,-0.0000,0.00
1789467563.137,0.9805,-0.1696,160.35,0.9805,-0.1696,160.35,0.0000,-0.0000,0.00
1789467563.237,0.9787,-0.1741,159.79,0.9787,-0.1741,159.79,0.0000,-0.0000,0.00
1789467563.337,0.9769,-0.1789,159.21,0.9769,-0.1789,159.21,0.0000,-0.0000,0.00
1789467563.437,0.9754,-0.1836,158.65,0.9754,-0.1836,158.65,0.0000,-0.0000,0.00
1789467563.537,0.9735,-0.1881,158.09,0.9735,-0.1881,158.09,0.0000,-0.0000,0.00
1789467563.637,0.9716,-0.1928,157.51,0.9716,-0.1928,157.51,0.0000,-0.0000,0.00
1789467563.737,0.9698,-0.1975,156.94,0.9698,-0.1975,156.94,0.0000,-0.0000,0.00
1789467563.837,0.9678,-0.2019,156.37,0.9678,-0.2019,156.37,0.0000,-0.0000,0.00
1789467563.937,0.9657,-0.2065,155.80,0.9657,-0.2065,155.80,0.0000,-0.0000,0.00
1789467564.037,0.9636,-0.2112,155.23,0.9636,-0.2112,155.23,0.0000,-0.0000,0.00
1789467564.137,0.9615,-0.2157,154.68,0.9615,-0.2157,154.68,0.0000,-0.0000,0.00
1789467564.237,0.9593,-0.2203,154.09,0.9593,-0.2203,154.09,0.0000,-0.0000,0.00
1789467564.337,0.9571,-0.2250,153.51,0.9571,-0.2250,153.51,0.0000,-0.0000,0.00
1789467564.437,0.9561,-0.2272,153.24,0.9561,-0.2272,153.24,0.0000,-0.0000,0.00
1789467564.537,0.9539,-0.2317,152.68,0.9539,-0.2317,152.68,0.0000,-0.0000,0.00
1789467564.637,0.9514,-0.2362,152.11,0.9514,-0.2362,152.11,0.0000,-0.0000,0.00
1789467564.737,0.9489,-0.2406,151.55,0.9489,-0.2406,151.55,0.0000,-0.0000,0.00
1789467564.837,0.9466,-0.2450,150.98,0.9466,-0.2450,150.98,0.0000,-0.0000,0.00
1789467564.937,0.9440,-0.2493,150.38,0.9440,-0.2493,150.38,0.0000,-0.0000,0.00
1789467565.037,0.9415,-0.2535,149.81,0.9415,-0.2535,149.81,0.0000,-0.0000,0.00
1789467565.137,0.9389,-0.2578,149.24,0.9389,-0.2578,149.24,0.0000,-0.0000,0.00
1789467565.237,0.9362,-0.2621,148.66,0.9362,-0.2621,148.66,0.0000,-0.0000,0.00
1789467565.337,0.9336,-0.2663,148.10,0.9336,-0.2663,148.10,0.0000,-0.0000,0.00
1789467565.437,0.9310,-0.2706,147.53,0.9310,-0.2706,147.53,0.0000,-0.0000,0.00
1789467565.537,0.9281,-0.2749,146.96,0.9281,-0.2749,146.96,0.0000,-0.0000,0.00
1789467565.637,0.9253,-0.2789,146.39,0.9253,-0.2789,146.39,0.0000,-0.0000,0.00
1789467565.737,0.9225,-0.2831,145.83,0.9225,-0.2831,145.83,0.0000,-0.0000,0.00
1789467565.837,0.9197,-0.2872,145.25,0.9197,-0.2872,145.25,0.0000,-0.0000,0.00
1789467565.937,0.9166,-0.2912,144.69,0.9166,-0.2912,144.69,0.0000,-0.0000,0.00
1789467566.037,0.9137,-0.2953,144.12,0.9137,-0.2953,144.12,0.0000,-0.0000,0.00
1789467566.137,0.9108,-0.2993,143.55,0.9108,-0.2993,143.55,0.0000,-0.0000,0.00
1789467566.238,0.9078,-0.3033,142.99,0.9078,-0.3033,142.99,0.0000,-0.0000,0.00
1789467566.337,0.9047,-0.3073,142.44,0.9047,-0.3073,142.44,0.0000,-0.0000,0.00
1789467566.437,0.9017,-0.3113,141.87,0.9017,-0.3113,141.87,0.0000,-0.0000,0.00
1789467566.537,0.8986,-0.3152,141.30,0.8986,-0.3152,141.30,0.0000,-0.0000,0.00
1789467566.637,0.8954,-0.3189,140.71,0.8954,-0.3189,140.71,0.0000,-0.0000,0.00
1789467566.737,0.8920,-0.3227,140.15,0.8920,-0.3227,140.15,0.0000,-0.0000,0.00
1789467566.837,0.8889,-0.3266,139.59,0.8889,-0.3266,139.59,0.0000,-0.0000,0.00
1789467566.937,0.8857,-0.3303,139.03,0.8857,-0.3303,139.03,0.0000,-0.0000,0.00
1789467567.037,0.8824,-0.3342,138.45,0.8824,-0.3342,138.45,0.0000,-0.0000,0.00
1789467567.137,0.8791,-0.3379,137.89,0.8791,-0.3379,137.89,0.0000,-0.0000,0.00
1789467567.237,0.8758,-0.3415,137.33,0.8758,-0.3415,137.33,0.0000,-0.0000,0.00
1789467567.337,0.8724,-0.3454,136.76,0.8724,-0.3454,136.76,0.0000,-0.0000,0.00
1789467567.437,0.8690,-0.3489,136.20,0.8690,-0.3489,136.20,0.0000,-0.0000,0.00
1789467567.537,0.8654,-0.3524,135.64,0.8654,-0.3524,135.64,0.0000,-0.0000,0.00
1789467567.637,0.8619,-0.3561,135.06,0.8619,-0.3561,135.06,0.0000,-0.0000,0.00
1789467567.737,0.8584,-0.3596,134.50,0.8584,-0.3596,134.50,0.0000,-0.0000,0.00
1789467567.837,0.8549,-0.3631,133.93,0.8549,-0.3631,133.93,0.0000,-0.0000,0.00
1789467567.937,0.8513,-0.3667,133.36,0.8513,-0.3667,133.36,0.0000,-0.0000,0.00
1789467568.037,0.8476,-0.3702,132.80,0.8476,-0.3702,132.80,0.0000,-0.0000,0.00
1789467568.137,0.8439,-0.3735,132.25,0.8439,-0.3735,132.25,0.0000,-0.0000,0.00
1789467568.237,0.8401,-0.3770,131.68,0.8401,-0.3770,131.68,0.0000,-0.0000,0.00
1789467568.337,0.8364,-0.3804,131.11,0.8364,-0.3804,131.11,0.0000,-0.0000,0.00
1789467568.437,0.8326,-0.3835,130.55,0.8326,-0.3835,130.55,0.0000,-0.0000,0.00
1789467568.537,0.8288,-0.3868,129.98,0.8288,-0.3868,129.98,0.0000,-0.0000,0.00
1789467568.637,0.8250,-0.3901,129.42,0.8250,-0.3901,129.42,0.0000,-0.0000,0.00
1789467568.737,0.8211,-0.3932,128.85,0.8211,-0.3932,128.85,0.0000,-0.0000,0.00
1789467568.837,0.8171,-0.3963,128.26,0.8171,-0.3963,128.26,0.0000,-0.0000,0.00
1789467568.937,0.8132,-0.3995,127.69,0.8132,-0.3995,127.69,0.0000,-0.0000,0.00
1789467569.037,0.8094,-0.4026,127.12,0.8094,-0.4026,127.12,0.0000,-0.0000,0.00
1789467569.137,0.8053,-0.4056,126.54,0.8053,-0.4056,126.54,0.0000,0.0000,-0.00
1789467569.237,0.8012,-0.4085,125.97,0.8012,-0.4085,125.97,0.0000,0.0000,-0.00
1789467569.337,0.7972,-0.4114,125.42,0.7972,-0.4114,125.42,0.0000,0.0000,-0.00
1789467569.437,0.7933,-0.4142,124.85,0.7933,-0.4142,124.85,0.0000,0.0000,-0.00
1789467569.537,0.7890,-0.4169,124.25,0.7890,-0.4169,124.25,0.0000,0.0000,-0.00
1789467569.637,0.7848,-0.4197,123.70,0.7848,-0.4197,123.70,0.0000,0.0000,-0.00
1789467569.737,0.7807,-0.4224,123.14,0.7807,-0.4224,123.14,0.0000,0.0000,-0.00
1789467569.837,0.7765,-0.4251,122.56,0.7765,-0.4251,122.56,0.0000,0.0000,-0.00
1789467569.937,0.7724,-0.4278,121.99,0.7724,-0.4278,121.99,0.0000,0.0000,-0.00
1789467570.037,0.7682,-0.4305,121.41,0.7682,-0.4305,121.41,0.0000,0.0000,-0.00
1789467570.137,0.7637,-0.4331,120.83,0.7637,-0.4331,120.83,0.0000,0.0000,-0.00
1789467570.237,0.7594,-0.4355,120.26,0.7594,-0.4355,120.26,0.0000,0.0000,-0.00
1789467570.337,0.7553,-0.4381,119.70,0.7553,-0.4381,119.70,0.0000,0.0000,-0.00
1789467570.437,0.7510,-0.4406,119.12,0.7510,-0.4406,119.12,0.0000,0.0000,-0.00
1789467570.537,0.7465,-0.4430,118.55,0.7465,-0.4430,118.55,0.0000,0.0000,-0.00
1789467570.637,0.7423,-0.4455,118.00,0.7423,-0.4455,118.00,0.0000,0.0000,-0.00
1789467570.737,0.7380,-0.4479,117.43,0.7380,-0.4479,117.43,0.0000,0.0000,-0.00
1789467570.838,0.7331,-0.4502,116.84,0.7331,-0.4502,116.84,0.0000,0.0000,-0.00
1789467570.937,0.7286,-0.4524,116.28,0.7286,-0.4524,116.28,0.0000,0.0000,-0.00
1789467571.037,0.7242,-0.4546,115.71,0.7242,-0.4546,115.71,0.0000,0.0000,-0.00
1789467571.137,0.7194,-0.4566,115.16,0.7194,-0.4566,115.16,0.0000,0.0000,-0.00
1789467571.237,0.7147,-0.4587,114.63,0.7147,-0.4587,114.63,0.0000,0.0000,-0.00
1789467571.337,0.7103,-0.4608,114.07,0.7103,-0.4608,114.07,0.0000,0.0000,-0.00
1789467571.437,0.7055,-0.4624,113.50,0.7055,-0.4624,113.50,0.0000,0.0000,-0.00
1789467571.537,0.7008,-0.4644,112.92,0.7008,-0.4644,112.92,0.0000,0.0000,-0.00
1789467571.637,0.6958,-0.4663,112.39,0.6958,-0.4663,112.39,0.0000,0.0000,-0.00
1789467571.737,0.6909,-0.4681,111.83,0.6909,-0.4681,111.83,0.0000,0.0000,-0.00
1789467571.837,0.6860,-0.4699,111.26,0.6860,-0.4699,111.26,0.0000,0.0000,-0.00
1789467571.937,0.6814,-0.4718,110.70,0.6814,-0.4718,110.70,0.0000,0.0000,-0.00
1789467572.037,0.6767,-0.4736,110.13,0.6767,-0.4736,110.13,0.0000,0.0000,-0.00
1789467572.137,0.6719,-0.4753,109.55,0.6719,-0.4753,109.55,0.0000,0.0000,-0.00
1789467572.237,0.6674,-0.4770,108.99,0.6674,-0.4770,108.99,0.0000,0.0000,-0.00
1789467572.337,0.6627,-0.4786,108.44,0.6627,-0.4786,108.44,0.0000,0.0000,-0.00
1789467572.437,0.6579,-0.4801,107.86,0.6579,-0.4801,107.86,0.0000,0.0000,-0.00
1789467572.537,0.6532,-0.4817,107.30,0.6532,-0.4817,107.30,0.0000,0.0000,-0.00
1789467572.637,0.6485,-0.4831,106.74,0.6485,-0.4831,106.74,0.0000,0.0000,-0.00
1789467572.737,0.6436,-0.4844,106.17,0.6436,-0.4844,106.17,0.0000,0.0000,0.00
1789467572.837,0.6388,-0.4858,105.59,0.6388,-0.4858,105.59,0.0000,0.0000,0.00
1789467572.937,0.6341,-0.4871,105.03,0.6341,-0.4871,105.03,0.0000,0.0000,0.00
1789467573.037,0.6293,-0.4884,104.46,0.6293,-0.4884,104.46,0.0000,0.0000,0.00
1789467573.137,0.6244,-0.4897,103.88,0.6244,-0.4897,103.88,0.0000,0.0000,0.00
1789467573.237,0.6196,-0.4910,103.32,0.6196,-0.4910,103.32,0.0000,0.0000,0.00
1789467573.337,0.6148,-0.4923,102.75,0.6148,-0.4923,102.75,0.0000,0.0000,0.00
1789467573.437,0.6099,-0.4934,102.18,0.6099,-0.4934,102.18,0.0000,0.0000,0.00
1789467573.537,0.6051,-0.4946,101.63,0.6051,-0.4946,101.63,0.0000,0.0000,0.00
1789467573.637,0.6002,-0.4955,101.07,0.6002,-0.4955,101.07,0.0000,0.0000,0.00
1789467573.737,0.5951,-0.4963,100.48,0.5951,-0.4963,100.48,0.0000,0.0000,0.00
1789467573.837,0.5903,-0.4971,99.92,0.5903,-0.4971,99.92,0.0000,0.0000,0.00
1789467573.937,0.5854,-0.4980,99.36,0.5854,-0.4980,99.36,0.0000,0.0000,0.00
1789467574.037,0.5803,-0.4986,98.79,0.5803,-0.4986,98.79,0.0000,0.0000,0.00
1789467574.137,0.5753,-0.4993,98.21,0.5753,-0.4993,98.21,0.0000,0.0000,0.00
1789467574.237,0.5704,-0.5001,97.66,0.5704,-0.5001,97.66,0.0000,0.0000,0.00
1789467574.337,0.5654,-0.5007,97.09,0.5654,-0.5007,97.09,0.0000,0.0000,0.00
1789467574.437,0.5603,-0.5012,96.51,0.5603,-0.5012,96.51,0.0000,0.0000,0.00
1789467574.537,0.5553,-0.5018,95.94,0.5553,-0.5018,95.94,0.0000,0.0000,0.00
1789467574.637,0.5504,-0.5024,95.37,0.5504,-0.5024,95.37,0.0000,0.0000,0.00
1789467574.737,0.5453,-0.5028,94.80,0.5453,-0.5028,94.80,0.0000,0.0000,0.00
1789467574.837,0.5404,-0.5033,94.24,0.5404,-0.5033,94.24,0.0000,0.0000,0.00
1789467574.937,0.5355,-0.5037,93.67,0.5355,-0.5037,93.67,0.0000,0.0000,0.00
1789467575.037,0.5305,-0.5039,93.08,0.5305,-0.5039,93.08,0.0000,0.0000,0.00
1789467575.137,0.5256,-0.5042,92.52,0.5256,-0.5042,92.52,0.0000,0.0000,0.00
1789467575.237,0.5207,-0.5044,91.95,0.5207,-0.5044,91.95,0.0000,0.0000,0.00
1789467575.337,0.5156,-0.5045,91.37,0.5156,-0.5045,91.37,0.0000,0.0000,0.00
1789467575.437,0.5107,-0.5046,90.79,0.5107,-0.5046,90.79,0.0000,0.0000,0.00
1789467575.537,0.5059,-0.5048,90.24,0.5059,-0.5048,90.24,0.0000,0.0000,0.00
1789467575.637,0.5009,-0.5047,89.66,0.5009,-0.5047,89.66,0.0000,0.0000,0.00
1789467575.737,0.4957,-0.5045,89.07,0.4957,-0.5045,89.07,0.0000,0.0000,0.00
1789467575.837,0.4906,-0.5044,88.50,0.4906,-0.5044,88.50,0.0000,0.0000,0.00
1789467575.937,0.4857,-0.5043,87.94,0.4857,-0.5043,87.94,0.0000,0.0000,0.00
1789467576.037,0.4807,-0.5042,87.37,0.4807,-0.5042,87.37,0.0000,0.0000,0.00
1789467576.137,0.4757,-0.5041,86.81,0.4757,-0.5041,86.81,0.0000,0.0000,0.00
1789467576.237,0.4708,-0.5038,86.25,0.4708,-0.5038,86.25,0.0000,0.0000,0.00
1789467576.337,0.4657,-0.5033,85.67,0.4657,-0.5033,85.67,0.0000,0.0000,0.00
1789467576.437,0.4607,-0.5030,85.10,0.4607,-0.5030,85.10,-0.0000,-0.0000,0.00
1789467576.537,0.4558,-0.5026,84.54,0.4558,-0.5026,84.54,-0.0000,-0.0000,0.00
1789467576.637,0.4510,-0.5019,83.95,0.4510,-0.5019,83.95,-0.0000,-0.0000,0.00
1789467576.737,0.4460,-0.5014,83.38,0.4460,-0.5014,83.38,-0.0000,-0.0000,0.00
1789467576.837,0.4411,-0.5009,82.81,0.4411,-0.5009,82.81,-0.0000,-0.0000,0.00
1789467576.937,0.4362,-0.5002,82.24,0.4362,-0.5002,82.24,-0.0000,-0.0000,0.00
1789467577.037,0.4312,-0.4996,81.67,0.4312,-0.4996,81.67,-0.0000,-0.0000,0.00
1789467577.137,0.4262,-0.4989,81.10,0.4262,-0.4989,81.10,-0.0000,-0.0000,0.00
1789467577.237,0.4213,-0.4981,80.53,0.4213,-0.4981,80.53,-0.0000,-0.0000,0.00
1789467577.337,0.4164,-0.4973,79.96,0.4164,-0.4973,79.96,-0.0000,-0.0000,0.00
1789467577.437,0.4114,-0.4964,79.39,0.4114,-0.4964,79.39,-0.0000,-0.0000,0.00
1789467577.537,0.4065,-0.4954,78.81,0.4065,-0.4954,78.81,-0.0000,-0.0000,0.00
1789467577.637,0.4016,-0.4945,78.25,0.4016,-0.4945,78.25,-0.0000,-0.0000,0.00
1789467577.737,0.3966,-0.4934,77.67,0.3966,-0.4934,77.67,-0.0000,-0.0000,0.00
1789467577.837,0.3919,-0.4923,77.12,0.3919,-0.4923,77.12,-0.0000,-0.0000,0.00
1789467577.937,0.3870,-0.4912,76.54,0.3870,-0.4912,76.54,-0.0000,-0.0000,0.00
1789467578.037,0.3821,-0.4901,75.99,0.3821,-0.4901,75.99,-0.0000,-0.0000,0.00
1789467578.137,0.3772,-0.4888,75.43,0.3772,-0.4888,75.43,-0.0000,-0.0000,0.00
1789467578.237,0.3723,-0.4875,74.86,0.3723,-0.4875,74.86,-0.0000,-0.0000,0.00
1789467578.337,0.3675,-0.4863,74.30,0.3675,-0.4863,74.30,-0.0000,-0.0000,0.00
1789467578.437,0.3627,-0.4849,73.74,0.3627,-0.4849,73.74,-0.0000,-0.0000,0.00
1789467578.537,0.3579,-0.4836,73.16,0.3579,-0.4836,73.16,-0.0000,-0.0000,0.00
1789467578.637,0.3531,-0.4821,72.59,0.3531,-0.4821,72.59,-0.0000,-0.0000,0.00
1789467578.737,0.3484,-0.4806,72.02,0.3484,-0.4806,72.02,-0.0000,-0.0000,0.00
1789467578.837,0.3436,-0.4790,71.45,0.3436,-0.4790,71.45,-0.0000,-0.0000,0.00
1789467578.937,0.3389,-0.4773,70.89,0.3389,-0.4773,70.89,-0.0000,-0.0000,0.00
1789467579.037,0.3341,-0.4758,70.33,0.3341,-0.4758,70.33,-0.0000,-0.0000,0.00
1789467579.137,0.3293,-0.4742,69.76,0.3293,-0.4742,69.76,-0.0000,-0.0000,0.00
1789467579.237,0.3247,-0.4723,69.20,0.3247,-0.4723,69.20,-0.0000,-0.0000,0.00
1789467579.337,0.3200,-0.4704,68.64,0.3200,-0.4704,68.64,-0.0000,-0.0000,0.00
1789467579.437,0.3152,-0.4687,68.07,0.3152,-0.4687,68.07,-0.0000,-0.0000,0.00
1789467579.537,0.3105,-0.4669,67.50,0.3105,-0.4669,67.50,-0.0000,-0.0000,0.00
1789467579.637,0.3060,-0.4648,66.94,0.3060,-0.4648,66.94,-0.0000,-0.0000,0.00
1789467579.737,0.3013,-0.4629,66.38,0.3013,-0.4629,66.38,-0.0000,-0.0000,0.00
1789467579.837,0.2967,-0.4608,65.80,0.2967,-0.4608,65.80,-0.0000,-0.0000,0.00
1789467579.937,0.2921,-0.4587,65.23,0.2921,-0.4587,65.23,-0.0000,-0.0000,0.00
1789467580.037,0.2875,-0.4567,64.66,0.2875,-0.4567,64.66,0.0000,-0.0000,0.00
1789467580.137,0.2830,-0.4546,64.10,0.2830,-0.4546,64.10,0.0000,-0.0000,0.00
1789467580.237,0.2784,-0.4522,63.54,0.2784,-0.4522,63.54,0.0000,-0.0000,0.00
1789467580.337,0.2739,-0.4500,62.99,0.2739,-0.4500,62.99,0.0000,-0.0000,0.00
1789467580.437,0.2695,-0.4478,62.42,0.2695,-0.4478,62.42,0.0000,-0.0000,0.00
1789467580.537,0.2650,-0.4454,61.82,0.2650,-0.4454,61.82,0.0000,-0.0000,0.00
1789467580.637,0.2606,-0.4429,61.30,0.2606,-0.4429,61.30,0.0000,-0.0000,0.00
1789467580.737,0.2559,-0.4405,60.73,0.2559,-0.4405,60.73,0.0000,-0.0000,0.00
1789467580.837,0.2515,-0.4382,60.18,0.2515,-0.4382,60.18,0.0000,-0.0000,0.00
1789467580.937,0.2472,-0.4357,59.62,0.2472,-0.4357,59.62,0.0000,-0.0000,0.00
1789467581.037,0.2431,-0.4331,59.01,0.2431,-0.4331,59.01,0.0000,-0.0000,0.00
1789467581.137,0.2390,-0.4302,58.44,0.2390,-0.4302,58.44,0.0000,-0.0000,0.00
1789467581.237,0.2345,-0.4277,57.86,0.2345,-0.4277,57.86,0.0000,-0.0000,0.00
1789467581.337,0.2303,-0.4251,57.30,0.2303,-0.4251,57.30,0.0000,-0.0000,0.00
1789467581.437,0.2261,-0.4223,56.72,0.2261,-0.4223,56.72,0.0000,-0.0000,0.00
1789467581.537,0.2220,-0.4195,56.15,0.2220,-0.4195,56.15,0.0000,-0.0000,0.00
1789467581.637,0.2179,-0.4168,55.58,0.2179,-0.4168,55.58,0.0000,-0.0000,0.00
1789467581.737,0.2139,-0.4140,55.01,0.2139,-0.4140,55.01,0.0000,-0.0000,0.00
1789467581.837,0.2097,-0.4110,54.41,0.2097,-0.4110,54.41,0.0000,-0.0000,0.00
1789467581.937,0.2056,-0.4081,53.85,0.2056,-0.4081,53.85,0.0000,-0.0000,0.00
1789467582.037,0.2017,-0.4052,53.28,0.2017,-0.4052,53.28,0.0000,-0.0000,0.00
1789467582.137,0.1977,-0.4022,52.70,0.1977,-0.4022,52.70,0.0000,-0.0000,0.00
1789467582.237,0.1934,-0.3992,52.12,0.1934,-0.3992,52.12,0.0000,-0.0000,0.00
1789467582.337,0.1897,-0.3960,51.58,0.1897,-0.3960,51.58,0.0000,-0.0000,0.00
1789467582.437,0.1857,-0.3928,51.00,0.1857,-0.3928,51.00,0.0000,-0.0000,0.00
1789467582.537,0.1817,-0.3896,50.43,0.1817,-0.3896,50.43,0.0000,-0.0000,0.00
1789467582.637,0.1780,-0.3865,49.87,0.1780,-0.3865,49.87,0.0000,-0.0000,0.00
1789467582.737,0.1741,-0.3832,49.29,0.1741,-0.3832,49.29,0.0000,-0.0000,0.00
1789467582.837,0.1703,-0.3797,48.72,0.1703,-0.3797,48.72,0.0000,-0.0000,0.00
1789467582.937,0.1665,-0.3765,48.15,0.1665,-0.3765,48.15,0.0000,-0.0000,0.00
1789467583.037,0.1629,-0.3731,47.59,0.1629,-0.3731,47.59,0.0000,-0.0000,0.00
1789467583.137,0.1591,-0.3697,47.01,0.1591,-0.3697,47.01,0.0000,-0.0000,0.00
1789467583.237,0.1556,-0.3662,46.47,0.1556,-0.3662,46.47,0.0000,-0.0000,0.00
1789467583.337,0.1521,-0.3628,45.91,0.1521,-0.3628,45.91,0.0000,-0.0000,0.00
1789467583.437,0.1486,-0.3592,45.31,0.1486,-0.3592,45.31,0.0000,-0.0000,0.00
1789467583.537,0.1451,-0.3557,44.76,0.1451,-0.3557,44.76,0.0000,-0.0000,0.00
1789467583.637,0.1416,-0.3522,44.21,0.1416,-0.3522,44.21,0.0000,-0.0000,0.00
1789467583.737,0.1382,-0.3486,43.62,0.1382,-0.3486,43.62,0.0000,0.0000,-0.00
1789467583.837,0.1347,-0.3449,43.06,0.1347,-0.3449,43.06,0.0000,0.0000,-0.00
1789467583.937,0.1313,-0.3414,42.50,0.1313,-0.3414,42.50,0.0000,0.0000,-0.00
1789467584.037,0.1279,-0.3377,41.93,0.1279,-0.3377,41.93,0.0000,0.0000,-0.00
1789467584.137,0.1247,-0.3338,41.33,0.1247,-0.3338,41.33,0.0000,0.0000,-0.00
1789467584.237,0.1215,-0.3300,40.76,0.1215,-0.3300,40.76,0.0000,0.0000,-0.00
1789467584.337,0.1182,-0.3263,40.18,0.1182,-0.3263,40.18,0.0000,0.0000,-0.00
1789467584.437,0.1150,-0.3224,39.60,0.1150,-0.3224,39.60,0.0000,0.0000,-0.00
1789467584.537,0.1118,-0.3186,39.03,0.1118,-0.3186,39.03,0.0000,0.0000,-0.00
1789467584.637,0.1086,-0.3147,38.47,0.1086,-0.3147,38.47,0.0000,0.0000,-0.00
1789467584.737,0.1055,-0.3104,37.91,0.1055,-0.3104,37.91,0.0000,0.0000,-0.00
1789467584.837,0.1024,-0.3064,37.36,0.1024,-0.3064,37.36,0.0000,0.0000,-0.00
1789467584.937,0.0994,-0.3026,36.79,0.0994,-0.3026,36.79,0.0000,0.0000,-0.00
1789467585.037,0.0965,-0.2985,36.22,0.0965,-0.2985,36.22,0.0000,0.0000,-0.00
1789467585.137,0.0935,-0.2944,35.65,0.0935,-0.2944,35.65,0.0000,0.0000,-0.00
1789467585.237,0.0906,-0.2905,35.09,0.0906,-0.2905,35.09,0.0000,0.0000,-0.00
1789467585.337,0.0877,-0.2864,34.51,0.0877,-0.2864,34.51,0.0000,0.0000,-0.00
1789467585.437,0.0850,-0.2821,33.92,0.0850,-0.2821,33.92,0.0000,0.0000,-0.00
1789467585.537,0.0821,-0.2782,33.38,0.0821,-0.2782,33.38,0.0000,0.0000,-0.00
1789467585.637,0.0795,-0.2738,32.83,0.0795,-0.2738,32.83,0.0000,0.0000,-0.00
1789467585.737,0.0769,-0.2695,32.27,0.0769,-0.2695,32.27,0.0000,0.0000,-0.00
1789467585.837,0.0741,-0.2653,31.71,0.0741,-0.2653,31.71,0.0000,0.0000,-0.00
1789467585.937,0.0716,-0.2611,31.14,0.0716,-0.2611,31.14,0.0000,0.0000,-0.00
1789467586.037,0.0691,-0.2567,30.55,0.0691,-0.2567,30.55,0.0000,0.0000,-0.00
1789467586.137,0.0665,-0.2525,29.98,0.0665,-0.2525,29.98,0.0000,0.0000,-0.00
1789467586.237,0.0639,-0.2481,29.40,0.0639,-0.2481,29.40,0.0000,0.0000,-0.00
1789467586.337,0.0615,-0.2437,28.81,0.0615,-0.2437,28.81,0.0000,0.0000,-0.00
1789467586.437,0.0590,-0.2393,28.25,0.0590,-0.2393,28.25,0.0000,0.0000,-0.00
1789467586.537,0.0567,-0.2349,27.69,0.0567,-0.2349,27.69,0.0000,0.0000,-0.00
1789467586.637,0.0544,-0.2304,27.10,0.0544,-0.2304,27.10,0.0000,0.0000,-0.00
1789467586.737,0.0522,-0.2260,26.52,0.0522,-0.2260,26.52,0.0000,0.0000,-0.00
1789467586.837,0.0499,-0.2215,25.95,0.0499,-0.2215,25.95,0.0000,0.0000,-0.00
1789467586.937,0.0479,-0.2172,25.39,0.0479,-0.2172,25.39,0.0000,0.0000,-0.00
1789467587.037,0.0458,-0.2126,24.81,0.0458,-0.2126,24.81,0.0000,0.0000,-0.00
1789467587.137,0.0438,-0.2082,24.24,0.0438,-0.2082,24.24,0.0000,0.0000,-0.00
1789467587.237,0.0417,-0.2037,23.67,0.0417,-0.2037,23.67,0.0000,0.0000,-0.00
1789467587.337,0.0398,-0.1990,23.09,0.0398,-0.1990,23.09,0.0000,0.0000,-0.00
1789467587.437,0.0379,-0.1946,22.53,0.0379,-0.1946,22.53,0.0000,0.0000,-0.00
1789467587.537,0.0360,-0.1900,21.96,0.0360,-0.1900,21.96,0.0000,0.0000,-0.00
1789467587.637,0.0342,-0.1853,21.38,0.0342,-0.1853,21.38,0.0000,0.0000,-0.00
1789467587.737,0.0324,-0.1806,20.82,0.0324,-0.1806,20.82,0.0000,0.0000,-0.00
1789467587.837,0.0306,-0.1760,20.26,0.0306,-0.1760,20.26,0.0000,0.0000,-0.00
1789467587.937,0.0289,-0.1713,19.68,0.0289,-0.1713,19.68,0.0000,0.0000,-0.00
1789467588.037,0.0272,-0.1667,19.12,0.0272,-0.1667,19.12,0.0000,0.0000,-0.00
1789467588.137,0.0255,-0.1621,18.56,0.0255,-0.1621,18.56,0.0000,0.0000,-0.00
1789467588.237,0.0238,-0.1573,17.99,0.0238,-0.1573,17.99,0.0000,0.0000,-0.00
1789467588.337,0.0224,-0.1524,17.40,0.0224,-0.1524,17.40,0.0000,0.0000,-0.00
1789467588.437,0.0209,-0.1477,16.84,0.0209,-0.1477,16.84,0.0000,0.0000,-0.00
1789467588.537,0.0194,-0.1430,16.27,0.0194,-0.1430,16.27,0.0000,0.0000,-0.00
1789467588.637,0.0182,-0.1381,15.69,0.0182,-0.1381,15.69,0.0000,0.0000,-0.00
1789467588.737,0.0168,-0.1334,15.14,0.0168,-0.1334,15.14,0.0000,0.0000,-0.00
1789467588.837,0.0155,-0.1286,14.58,0.0155,-0.1286,14.58,0.0000,0.0000,-0.00
1789467588.937,0.0143,-0.1237,13.99,0.0143,-0.1237,13.99,0.0000,0.0000,-0.00
1789467589.037,0.0132,-0.1187,13.42,0.0132,-0.1187,13.42,0.0000,0.0000,-0.00
1789467589.137,0.0120,-0.1139,12.87,0.0120,-0.1139,12.87,0.0000,0.0000,-0.00
1789467589.237,0.0108,-0.1090,12.31,0.0108,-0.1090,12.31,0.0000,0.0000,-0.00
1789467589.337,0.0098,-0.1041,11.74,0.0098,-0.1041,11.74,0.0000,0.0000,-0.00
1789467589.437,0.0087,-0.0993,11.18,0.0087,-0.0993,11.18,0.0000,0.0000,-0.00
1789467589.537,0.0077,-0.0943,10.60,0.0077,-0.0943,10.60,0.0000,0.0000,-0.00
1789467589.637,0.0069,-0.0893,10.02,0.0069,-0.0893,10.02,0.0000,0.0000,-0.00
1789467589.737,0.0060,-0.0845,9.47,0.0060,-0.0845,9.47,0.0000,0.0000,-0.00
1789467589.837,0.0052,-0.0796,8.91,0.0052,-0.0796,8.91,0.0000,0.0000,-0.00
1789467589.937,0.0046,-0.0745,8.33,0.0046,-0.0745,8.33,0.0000,0.0000,-0.00
1789467590.037,0.0037,-0.0696,7.78,0.0037,-0.0696,7.78,0.0000,0.0000,-0.00
1789467590.137,0.0030,-0.0647,7.22,0.0030,-0.0647,7.22,0.0000,0.0000,-0.00
1789467590.237,0.0026,-0.0595,6.64,0.0026,-0.0595,6.64,0.0000,0.0000,-0.00
1789467590.337,0.0021,-0.0545,6.08,0.0021,-0.0545,6.08,0.0000,0.0000,-0.00
1789467590.437,0.0015,-0.0496,5.51,0.0015,-0.0496,5.51,0.0000,0.0000,-0.00
1789467590.537,0.0011,-0.0446,4.93,0.0011,-0.0446,4.93,0.0000,0.0000,-0.00
1789467590.637,0.0008,-0.0396,4.37,0.0008,-0.0396,4.37,0.0000,0.0000,-0.00
1789467590.737,0.0004,-0.0346,3.82,0.0004,-0.0346,3.82,0.0000,0.0000,-0.00
1789467590.837,0.0001,-0.0296,3.26,0.0001,-0.0296,3.26,0.0000,0.0000,-0.00
1789467590.937,-0.0002,-0.0245,2.69,-0.0002,-0.0245,2.69,0.0000,0.0000,-0.00
1789467591.037,-0.0004,-0.0192,2.13,-0.0004,-0.0192,2.13,-0.0000,-0.0000,0.00
1789467591.137,-0.0006,-0.0143,1.59,-0.0006,-0.0143,1.59,-0.0000,-0.0000,0.00
1789467591.237,-0.0009,-0.0099,1.11,-0.0009,-0.0099,1.11,-0.0000,-0.0000,0.00
1789467591.337,-0.0012,-0.0090,1.05,-0.0012,-0.0090,1.05,-0.0000,-0.0000,0.00
1789467591.437,-0.0012,-0.0090,1.05,-0.0012,-0.0090,1.05,-0.0000,-0.0000,0.00
1789467591.537,-0.0012,-0.0090,1.05,-0.0012,-0.0090,1.05,-0.0000,-0.0000,0.00
1789467591.637,-0.0012,-0.0090,1.05,-0.0012,-0.0090,1.05,-0.0000,-0.0000,0.00
1789467591.737,-0.0012,-0.0090,1.05,-0.0012,-0.0090,1.05,-0.0000,-0.0000,0.00
1789467591.837,-0.0012,-0.0090,1.05,-0.0012,-0.0090,1.05,-0.0000,-0.0000,0.00
1789467591.937,-0.0012,-0.0090,1.05,-0.0012,-0.0090,1.05,-0.0000,-0.0000,0.00
1789467592.037,-0.0012,-0.0079,0.92,-0.0012,-0.0079,0.92,-0.0000,-0.0000,0.00
1789467592.137,-0.0013,-0.0034,0.42,-0.0013,-0.0034,0.42,-0.0000,-0.0000,0.00
1789467592.237,-0.0017,-0.0007,0.16,-0.0017,-0.0007,0.16,-0.0000,-0.0000,0.00
1789467592.337,-0.0017,-0.0005,0.15,-0.0017,-0.0005,0.15,-0.0000,-0.0000,0.00
1789467592.437,-0.0017,-0.0005,0.15,-0.0017,-0.0005,0.15,-0.0000,-0.0000,0.00
1789467592.537,-0.0017,-0.0006,0.15,-0.0017,-0.0006,0.15,-0.0000,-0.0000,0.00
1789467592.637,-0.0017,-0.0006,0.15,-0.0017,-0.0006,0.15,-0.0000,-0.0000,0.00
1789467592.737,-0.0017,-0.0006,0.15,-0.0017,-0.0006,0.15,-0.0000,-0.0000,0.00
1789467592.837,-0.0017,-0.0006,0.15,-0.0017,-0.0006,0.15,-0.0000,-0.0000,0.00
1789467592.937,-0.0017,-0.0006,0.15,-0.0017,-0.0006,0.15,-0.0000,-0.0000,0.00
1789467593.037,-0.0017,-0.0006,0.15,-0.0017,-0.0006,0.15,-0.0000,-0.0000,0.00
1789467593.137,-0.0017,-0.0006,0.15,-0.0017,-0.0006,0.15,-0.0000,-0.0000,0.00
1789467593.237,-0.0017,-0.0006,0.15,-0.0017,-0.0006,0.15,-0.0000,-0.0000,0.00
1789467593.337,-0.0017,-0.0006,0.15,-0.0017,-0.0006,0.15,-0.0000,-0.0000,0.00
1789467593.437,-0.0017,-0.0006,0.15,-0.0017,-0.0006,0.15,-0.0000,-0.0000,0.00
1789467593.537,-0.0017,-0.0006,0.15,-0.0017,-0.0006,0.15,-0.0000,-0.0000,0.00
1789467593.637,-0.0017,-0.0006,0.15,-0.0017,-0.0006,0.15,-0.0000,-0.0000,0.00
1789467593.737,-0.0017,-0.0006,0.15,-0.0017,-0.0006,0.15,-0.0000,-0.0000,0.00
1789467593.837,-0.0017,-0.0006,0.15,-0.0017,-0.0006,0.15,-0.0000,-0.0000,0.00
1789467593.937,-0.0017,-0.0006,0.12,-0.0017,-0.0006,0.12,-0.0000,-0.0000,0.00
1789467594.037,-0.0018,-0.0006,-0.03,-0.0018,-0.0006,-0.03,-0.0000,-0.0000,0.00
1789467594.137,-0.0018,-0.0006,-0.03,-0.0018,-0.0006,-0.03,-0.0000,-0.0000,0.00
1789467594.237,-0.0018,-0.0006,-0.03,-0.0018,-0.0006,-0.03,-0.0000,-0.0000,0.00
1789467594.337,-0.0018,-0.0006,-0.03,-0.0018,-0.0006,-0.03,-0.0000,-0.0000,0.00
1789467594.437,-0.0018,-0.0006,-0.03,-0.0018,-0.0006,-0.03,-0.0000,-0.0000,0.00
1789467594.537,-0.0018,-0.0006,-0.03,-0.0018,-0.0006,-0.03,-0.0000,-0.0000,0.00
1789467594.637,-0.0018,-0.0006,-0.03,-0.0018,-0.0006,-0.03,-0.0000,-0.0000,0.00
1789467594.737,-0.0018,-0.0006,-0.03,-0.0018,-0.0006,-0.03,-0.0000,-0.0000,0.00
1789467594.837,-0.0018,-0.0006,-0.03,-0.0018,-0.0006,-0.03,-0.0000,-0.0000,0.00
1789467594.937,-0.0018,-0.0006,-0.03,-0.0018,-0.0006,-0.03,-0.0000,-0.0000,0.00
1789467595.037,-0.0018,-0.0006,-0.03,-0.0018,-0.0006,-0.03,-0.0000,-0.0000,0.00
1789467595.137,-0.0018,-0.0006,-0.03,-0.0018,-0.0006,-0.03,-0.0000,-0.0000,0.00
1789467595.237,-0.0018,-0.0006,-0.03,-0.0018,-0.0006,-0.03,-0.0000,-0.0000,0.00
1789467595.337,-0.0018,-0.0006,-0.03,-0.0018,-0.0006,-0.03,-0.0000,-0.0000,0.00
1789467595.437,-0.0018,-0.0006,-0.03,-0.0018,-0.0006,-0.03,-0.0000,-0.0000,0.00
1789467595.537,-0.0018,-0.0006,-0.03,-0.0018,-0.0006,-0.03,-0.0000,-0.0000,0.00
1789467595.637,-0.0018,-0.0006,-0.03,-0.0018,-0.0006,-0.03,-0.0000,-0.0000,0.00
1789467595.737,-0.0018,-0.0006,-0.03,-0.0018,-0.0006,-0.03,-0.0000,-0.0000,0.00
1789467595.837,-0.0018,-0.0006,-0.03,-0.0018,-0.0006,-0.03,-0.0000,-0.0000,0.00
1789467595.937,-0.0018,-0.0006,-0.03,-0.0018,-0.0006,-0.03,-0.0000,-0.0000,0.00
1789467596.037,-0.0018,-0.0006,-0.03,-0.0018,-0.0006,-0.03,-0.0000,-0.0000,0.00
1789467596.137,-0.0018,-0.0006,-0.03,-0.0018,-0.0006,-0.03,-0.0000,-0.0000,0.00
1789467596.237,-0.0018,-0.0006,-0.03,-0.0018,-0.0006,-0.03,-0.0000,-0.0000,0.00
1789467596.337,-0.0018,-0.0006,-0.03,-0.0018,-0.0006,-0.03,-0.0000,-0.0000,0.00
1789467596.437,-0.0018,-0.0006,-0.03,-0.0018,-0.0006,-0.03,-0.0000,-0.0000,0.00
1789467596.537,-0.0018,-0.0006,-0.03,-0.0018,-0.0006,-0.03,-0.0000,-0.0000,0.00
1789467596.638,-0.0018,-0.0006,-0.03,-0.0018,-0.0006,-0.03,-0.0000,-0.0000,0.00
1789467596.737,-0.0018,-0.0006,-0.03,-0.0018,-0.0006,-0.03,-0.0000,-0.0000,0.00
1789467596.837,-0.0018,-0.0006,-0.03,-0.0018,-0.0006,-0.03,-0.0000,-0.0000,0.00
1789467596.937,-0.0018,-0.0006,-0.03,-0.0018,-0.0006,-0.03,-0.0000,-0.0000,0.00
1789467597.037,-0.0018,-0.0006,-0.03,-0.0018,-0.0006,-0.03,-0.0000,-0.0000,0.00
1789467597.137,-0.0018,-0.0006,-0.03,-0.0018,-0.0006,-0.03,-0.0000,-0.0000,0.00
1789467597.237,-0.0018,-0.0006,-0.03,-0.0018,-0.0006,-0.03,-0.0000,-0.0000,0.00
1789467597.337,-0.0018,-0.0006,-0.03,-0.0018,-0.0006,-0.03,-0.0000,-0.0000,0.00
1789467597.437,-0.0018,-0.0006,-0.03,-0.0018,-0.0006,-0.03,-0.0000,-0.0000,0.00
1789467597.537,-0.0018,-0.0006,-0.03,-0.0018,-0.0006,-0.03,-0.0000,-0.0000,0.00
1789467597.637,-0.0018,-0.0006,-0.03,-0.0018,-0.0006,-0.03,-0.0000,-0.0000,0.00
1789467597.737,-0.0018,-0.0006,-0.03,-0.0018,-0.0006,-0.03,-0.0000,-0.0000,0.00
1789467597.837,-0.0018,-0.0006,-0.03,-0.0018,-0.0006,-0.03,-0.0000,-0.0000,0.00
1789467597.937,-0.0018,-0.0006,-0.03,-0.0018,-0.0006,-0.03,-0.0000,-0.0000,0.00
1789467598.037,-0.0018,-0.0006,-0.03,-0.0018,-0.0006,-0.03,-0.0000,-0.0000,0.00
1789467598.137,-0.0018,-0.0006,-0.03,-0.0018,-0.0006,-0.03,-0.0000,-0.0000,0.00
1789467598.237,-0.0018,-0.0006,-0.03,-0.0018,-0.0006,-0.03,-0.0000,-0.0000,0.00
1789467598.337,-0.0018,-0.0006,-0.03,-0.0018,-0.0006,-0.03,-0.0000,-0.0000,0.00
1789467598.437,-0.0018,-0.0006,-0.03,-0.0018,-0.0006,-0.03,-0.0000,-0.0000,0.00
1789467598.537,-0.0018,-0.0006,-0.03,-0.0018,-0.0006,-0.03,-0.0000,-0.0000,0.00
1789467598.637,-0.0018,-0.0006,-0.03,-0.0018,-0.0006,-0.03,-0.0000,-0.0000,0.00
1789467598.737,-0.0018,-0.0006,-0.03,-0.0018,-0.0006,-0.03,-0.0000,-0.0000,0.00
1789467598.837,-0.0018,-0.0006,-0.03,-0.0018,-0.0006,-0.03,-0.0000,-0.0000,0.00
1789467598.937,-0.0018,-0.0006,-0.03,-0.0018,-0.0006,-0.03,-0.0000,-0.0000,0.00
1789467599.037,-0.0018,-0.0006,-0.03,-0.0018,-0.0006,-0.03,-0.0000,-0.0000,0.00
1789467599.137,-0.0018,-0.0006,-0.03,-0.0018,-0.0006,-0.03,-0.0000,-0.0000,0.00
1789467599.237,-0.0018,-0.0006,-0.03,-0.0018,-0.0006,-0.03,-0.0000,-0.0000,0.00
1789467599.337,-0.0018,-0.0006,-0.03,-0.0018,-0.0006,-0.03,-0.0000,-0.0000,0.00
1789467599.437,-0.0018,-0.0006,-0.03,-0.0018,-0.0006,-0.03,-0.0000,-0.0000,0.00
1789467599.537,-0.0018,-0.0006,-0.03,-0.0018,-0.0006,-0.03,-0.0000,-0.0000,0.00
1789467599.637,-0.0018,-0.0006,-0.03,-0.0018,-0.0006,-0.03,-0.0000,-0.0000,0.00
1789467599.737,-0.0018,-0.0006,-0.03,-0.0018,-0.0006,-0.03,-0.0000,-0.0000,0.00
1789467599.837,-0.0018,-0.0006,-0.03,-0.0018,-0.0006,-0.03,-0.0000,-0.0000,0.00
1789467599.937,-0.0018,-0.0006,-0.03,-0.0018,-0.0006,-0.03,-0.0000,-0.0000,0.00
1789467600.037,-0.0018,-0.0006,-0.03,-0.0018,-0.0006,-0.03,-0.0000,-0.0000,0.00
1789467600.137,-0.0018,-0.0006,-0.03,-0.0018,-0.0006,-0.03,-0.0000,-0.0000,0.00
1789467600.237,-0.0018,-0.0006,-0.03,-0.0018,-0.0006,-0.03,-0.0000,-0.0000,0.00
1789467600.337,-0.0018,-0.0006,-0.03,-0.0018,-0.0006,-0.03,-0.0000,-0.0000,0.00
1789467600.437,-0.0018,-0.0006,-0.03,-0.0018,-0.0006,-0.03,-0.0000,-0.0000,0.00
1789467600.537,-0.0018,-0.0006,-0.03,-0.0018,-0.0006,-0.03,-0.0000,-0.0000,0.00
1789467600.637,-0.0018,-0.0006,-0.03,-0.0018,-0.0006,-0.03,-0.0000,-0.0000,0.00
1789467600.737,-0.0018,-0.0006,-0.03,-0.0018,-0.0006,-0.03,-0.0000,-0.0000,0.00
1789467600.837,-0.0018,-0.0006,-0.03,-0.0018,-0.0006,-0.03,-0.0000,-0.0000,0.00
1789467600.937,-0.0018,-0.0006,-0.03,-0.0018,-0.0006,-0.03,-0.0000,-0.0000,0.00
1789467601.037,-0.0018,-0.0006,-0.03,-0.0018,-0.0006,-0.03,-0.0000,-0.0000,0.00
1789467601.137,-0.0018,-0.0006,-0.03,-0.0018,-0.0006,-0.03,-0.0000,-0.0000,0.00
1789467601.237,-0.0018,-0.0006,-0.03,-0.0018,-0.0006,-0.03,-0.0000,-0.0000,0.00
1789467601.337,-0.0018,-0.0006,-0.03,-0.0018,-0.0006,-0.03,-0.0000,-0.0000,0.00
1789467601.437,-0.0018,-0.0006,-0.03,-0.0018,-0.0006,-0.03,-0.0000,-0.0000,0.00
1789467601.537,-0.0018,-0.0006,-0.03,-0.0018,-0.0006,-0.03,-0.0000,-0.0000,0.00
1789467601.637,-0.0018,-0.0006,-0.03,-0.0018,-0.0006,-0.03,-0.0000,-0.0000,0.00
1789467601.737,-0.0018,-0.0006,-0.03,-0.0018,-0.0006,-0.03,-0.0000,-0.0000,0.00
1789467601.837,-0.0018,-0.0006,-0.03,-0.0018,-0.0006,-0.03,-0.0000,-0.0000,0.00
1789467601.937,-0.0018,-0.0006,-0.03,-0.0018,-0.0006,-0.03,-0.0000,-0.0000,0.00
1789467602.037,-0.0018,-0.0006,-0.03,-0.0018,-0.0006,-0.03,-0.0000,-0.0000,0.00
1789467602.137,-0.0018,-0.0006,-0.03,-0.0018,-0.0006,-0.03,-0.0000,-0.0000,0.00
1789467602.237,-0.0018,-0.0006,-0.03,-0.0018,-0.0006,-0.03,-0.0000,-0.0000,0.00
1789467602.337,-0.0018,-0.0006,-0.03,-0.0018,-0.0006,-0.03,-0.0000,-0.0000,0.00
1789467602.437,-0.0018,-0.0006,-0.03,-0.0018,-0.0006,-0.03,-0.0000,-0.0000,0.00
1789467602.537,-0.0018,-0.0006,-0.03,-0.0018,-0.0006,-0.03,-0.0000,-0.0000,0.00
1789467602.637,-0.0018,-0.0006,-0.03,-0.0018,-0.0006,-0.03,-0.0000,-0.0000,0.00
1789467602.737,-0.0018,-0.0006,-0.03,-0.0018,-0.0006,-0.03,-0.0000,-0.0000,0.00
1789467602.837,-0.0018,-0.0006,-0.03,-0.0018,-0.0006,-0.03,-0.0000,-0.0000,0.00
1789467602.937,-0.0018,-0.0006,-0.03,-0.0018,-0.0006,-0.03,-0.0000,-0.0000,0.00
1789467603.037,-0.0018,-0.0006,-0.03,-0.0018,-0.0006,-0.03,-0.0000,-0.0000,0.00
1789467603.137,-0.0018,-0.0006,-0.03,-0.0018,-0.0006,-0.03,-0.0000,-0.0000,0.00
1789467603.237,-0.0018,-0.0006,-0.03,-0.0018,-0.0006,-0.03,-0.0000,-0.0000,0.00
1789467603.337,-0.0018,-0.0006,-0.03,-0.0018,-0.0006,-0.03,-0.0000,-0.0000,0.00
1789467603.437,-0.0018,-0.0006,-0.03,-0.0018,-0.0006,-0.03,-0.0000,-0.0000,0.00
1789467603.537,-0.0018,-0.0006,-0.03,-0.0018,-0.0006,-0.03,-0.0000,-0.0000,0.00
1789467603.637,-0.0018,-0.0006,-0.03,-0.0018,-0.0006,-0.03,-0.0000,-0.0000,0.00
1789467603.737,-0.0018,-0.0006,-0.03,-0.0018,-0.0006,-0.03,-0.0000,-0.0000,0.00
