pi_time_s,FR_target_rads,FR_actual_rads,FR_pwm,FL_target_rads,FL_actual_rads,FL_pwm,RR_target_rads,RR_actual_rads,RR_pwm,RL_target_rads,RL_actual_rads,RL_pwm
1786021541.0401,0.0000,-0.0000,0.0000,0.0000,-0.0000,0.0000,0.0000,-0.0000,0.0000,0.0000,-0.0000,0.0000
1786021541.0899,0.0000,-0.0000,0.0000,0.0000,-0.0000,0.0000,0.0000,-0.0000,0.0000,0.0000,-0.0000,0.0000
1786021541.1399,0.0000,-0.0000,0.0000,0.0000,-0.0000,0.0000,0.0000,-0.0000,0.0000,0.0000,-0.0000,0.0000
1786021541.1899,0.0000,-0.0000,0.0000,0.0000,-0.0000,0.0000,0.0000,-0.0000,0.0000,0.0000,-0.0000,0.0000
1786021541.2399,0.0000,-0.0000,0.0000,0.0000,-0.0000,0.0000,0.0000,-0.0000,0.0000,0.0000,-0.0000,0.0000
1786021541.2898,0.0000,-0.0000,0.0000,0.0000,-0.0000,0.0000,0.0000,-0.0000,0.0000,0.0000,-0.0000,0.0000
1786021541.3399,0.0000,-0.0000,0.0000,0.0000,-0.0000,0.0000,0.0000,-0.0000,0.0000,0.0000,-0.0000,0.0000
1786021541.3899,0.0000,-0.0000,0.0000,0.0000,-0.0000,0.0000,0.0000,-0.0000,0.0000,0.0000,-0.0000,0.0000
1786021541.4398,0.0000,-0.0000,0.0000,0.0000,-0.0000,0.0000,0.0000,-0.0000,0.0000,0.0000,-0.0000,0.0000
1786021541.4899,0.0000,-0.0000,0.0000,0.0000,-0.0000,0.0000,0.0000,-0.0000,0.0000,0.0000,-0.0000,0.0000
1786021541.5398,0.0000,-0.0000,0.0000,0.0000,-0.0000,0.0000,0.0000,-0.0000,0.0000,0.0000,-0.0000,0.0000
1786021541.5899,0.0000,-0.0000,0.0000,0.0000,-0.0000,0.0000,0.0000,-0.0000,0.0000,0.0000,-0.0000,0.0000
1786021541.6399,0.0000,-0.0000,0.0000,0.0000,-0.0000,0.0000,0.0000,-0.0000,0.0000,0.0000,-0.0000,0.0000
1786021541.6899,0.0000,-0.0000,0.0000,0.0000,-0.0000,0.0000,0.0000,-0.0000,0.0000,0.0000,-0.0000,0.0000
1786021541.7398,0.0000,-0.0000,0.0000,0.0000,-0.0000,0.0000,0.0000,-0.0000,0.0000,0.0000,-0.0000,0.0000
1786021541.8396,0.0000,-0.0000,0.0000,0.0000,-0.0000,0.0000,0.1200,-0.0000,14.0000,0.1200,-0.0000,14.0000
1786021541.8406,0.3600,0.3150,23.0000,0.3600,0.2500,27.0000,0.2400,0.3360,12.0000,0.2400,0.3130,14.0000
1786021542.0399,0.0000,0.0740,0.0000,0.0000,0.0700,0.0000,0.0000,0.1540,0.0000,0.0000,0.0610,0.0000
1786021542.0406,0.0000,0.0050,0.0000,0.0000,0.0050,0.0000,0.0000,0.0070,0.0000,0.0000,0.0050,0.0000
1786021542.0412,0.0000,0.0000,0.0000,0.0000,0.0020,0.0000,0.0000,0.0010,0.0000,0.0000,0.0000,0.0000
1786021542.0420,0.0000,0.0000,0.0000,0.0000,-0.0000,0.0000,0.0000,-0.0000,0.0000,0.0000,0.0000,0.0000
1786021542.0899,0.0000,0.0000,0.0000,0.0000,-0.0000,0.0000,0.0000,-0.0000,0.0000,0.0000,-0.0040,0.0000
1786021542.1399,0.0000,-0.0020,0.0000,0.0000,-0.0230,0.0000,0.0000,-0.0040,0.0000,0.0000,-0.0250,0.0000
1786021542.1898,0.0000,-0.0150,0.0000,0.0000,-0.0300,0.0000,0.0000,-0.0080,0.0000,0.0000,-0.0210,0.0000
1786021542.2398,0.0000,-0.0010,0.0000,0.0000,-0.0020,0.0000,0.0000,-0.0010,0.0000,0.0000,-0.0020,0.0000
1786021542.2898,0.0000,-0.0000,0.0000,0.0000,0.0020,0.0000,0.0000,0.0010,0.0000,0.0000,-0.0000,0.0000
1786021542.3399,0.0000,-0.0000,0.0000,0.0000,0.0000,0.0000,0.0000,0.0000,0.0000,0.0000,-0.0000,0.0000
1786021542.3899,0.0000,-0.0000,0.0000,0.0000,0.0000,0.0000,0.0000,0.0010,0.0000,0.0000,-0.0000,0.0000
1786021542.4398,0.0000,-0.0000,0.0000,0.0000,0.0000,0.0000,0.0000,0.0000,0.0000,0.0000,-0.0000,0.0000
1786021542.4899,0.0000,-0.0000,0.0000,0.0000,0.0000,0.0000,0.0000,0.0000,0.0000,0.0000,-0.0000,0.0000
1786021542.5398,0.0000,-0.0000,0.0000,0.0000,0.0000,0.0000,0.0000,0.0000,0.0000,0.0000,-0.0000,0.0000
1786021542.5899,0.0000,-0.0000,0.0000,0.0000,0.0000,0.0000,0.0000,0.0000,0.0000,0.0000,-0.0000,0.0000
1786021542.6399,0.0000,-0.0000,0.0000,0.0000,0.0000,0.0000,0.0000,0.0000,0.0000,0.0000,-0.0000,0.0000
1786021542.6900,0.1200,-0.0000,14.0000,0.1200,0.0080,14.0000,0.2400,0.0050,29.0000,0.2400,0.0110,28.0000
1786021542.7399,0.6560,0.4100,44.0000,0.6560,0.3500,48.0000,0.6560,0.4070,46.0000,0.6560,0.4520,43.0000
1786021542.7899,0.6560,0.6200,37.0000,0.6560,0.6020,39.0000,0.6560,0.6140,39.0000,0.6560,0.6380,37.0000
1786021542.8399,0.6560,0.6840,35.0000,0.6560,0.6360,40.0000,0.6560,0.6630,39.0000,0.6560,0.7050,35.0000
1786021542.8899,0.6560,0.6910,35.0000,0.6560,0.7030,36.0000,0.6560,0.6810,38.0000,0.6560,0.6960,36.0000
1786021542.9399,0.6560,0.7040,34.0000,0.6560,0.6890,37.0000,0.6560,0.6780,38.0000,0.6560,0.7040,35.0000
1786021542.9906,0.6560,0.6810,35.0000,0.6560,0.6760,37.0000,0.6560,0.6750,38.0000,0.6560,0.7040,34.0000
1786021543.0405,0.6560,0.6760,34.0000,0.6560,0.6400,39.0000,0.6560,0.6650,38.0000,0.6560,0.6870,35.0000
1786021543.0899,0.6560,0.6690,35.0000,0.6560,0.6750,37.0000,0.6560,0.6810,37.0000,0.6560,0.6710,35.0000
1786021543.1406,0.6560,0.6950,33.0000,0.6560,0.7060,35.0000,0.6560,0.6720,37.0000,0.6560,0.6860,34.0000
1786021543.1900,0.6560,0.6740,34.0000,0.6560,0.6930,36.0000,0.6560,0.6850,36.0000,0.6560,0.6920,33.0000
1786021543.2405,0.6560,0.6790,33.0000,0.6560,0.7230,33.0000,0.6560,0.6820,36.0000,0.6560,0.7210,31.0000
1786021543.2900,0.6560,0.6640,34.0000,0.6560,0.6830,35.0000,0.6560,0.6770,36.0000,0.6560,0.6670,34.0000
1786021543.3402,0.6560,0.6630,33.0000,0.6560,0.6700,35.0000,0.6560,0.6540,37.0000,0.6560,0.6680,33.0000
1786021543.3900,0.6560,0.5300,41.0000,0.6560,0.5740,41.0000,0.6560,0.6160,39.0000,0.6560,0.5810,38.0000
1786021543.4404,0.6560,0.6100,37.0000,0.6560,0.5960,40.0000,0.6560,0.6300,39.0000,0.6560,0.6450,35.0000
1786021543.4903,0.6560,0.6550,35.0000,0.6560,0.6410,38.0000,0.6560,0.6750,36.0000,0.6560,0.6610,35.0000
1786021543.5399,0.6560,0.7060,33.0000,0.6560,0.6810,36.0000,0.6560,0.6680,37.0000,0.6560,0.6770,34.0000
1786021543.5907,0.6560,0.6960,33.0000,0.6560,0.6520,38.0000,0.6560,0.6570,37.0000,0.6560,0.6810,33.0000
1786021543.6412,0.6560,0.6900,33.0000,0.6560,0.6660,37.0000,0.6560,0.6640,37.0000,0.6560,0.6860,33.0000
1786021543.6905,0.6560,0.6800,33.0000,0.6560,0.6930,35.0000,0.6560,0.6730,36.0000,0.6560,0.6580,34.0000
1786021543.7407,0.6560,0.6740,33.0000,0.6560,0.6890,35.0000,0.6560,0.6740,36.0000,0.6560,0.6670,33.0000
1786021543.7907,0.6560,0.6690,33.0000,0.6560,0.6730,36.0000,0.6560,0.6560,37.0000,0.6560,0.6600,34.0000
1786021543.8400,0.6560,0.6650,33.0000,0.6560,0.6880,34.0000,0.6560,0.6660,36.0000,0.6560,0.6780,33.0000
1786021543.8907,0.6560,0.6660,33.0000,0.6560,0.6810,34.0000,0.6560,0.6740,35.0000,0.6560,0.6590,33.0000
1786021543.9400,0.6560,0.6760,32.0000,0.6560,0.6780,34.0000,0.6560,0.6700,36.0000,0.6560,0.6590,33.0000
1786021543.9900,0.6560,0.6650,33.0000,0.6560,0.6520,36.0000,0.6560,0.6450,37.0000,0.6560,0.6530,34.0000
1786021544.0400,0.6560,0.6000,36.0000,0.6560,0.5870,39.0000,0.6560,0.6500,37.0000,0.6560,0.6170,36.0000
1786021544.0900,0.6560,0.6330,35.0000,0.6560,0.6100,38.0000,0.6560,0.6590,36.0000,0.6560,0.6350,35.0000
1786021544.1400,0.6560,0.6750,32.0000,0.6560,0.6610,36.0000,0.6560,0.6740,35.0000,0.6560,0.6660,33.0000
1786021544.1900,0.6560,0.6820,32.0000,0.6560,0.6720,36.0000,0.6560,0.6440,37.0000,0.6560,0.6540,34.0000
1786021544.2400,0.6560,0.6750,32.0000,0.6560,0.6770,35.0000,0.6560,0.6630,36.0000,0.6560,0.6740,33.0000
1786021544.2900,0.6560,0.6670,33.0000,0.6560,0.6900,34.0000,0.6560,0.6650,36.0000,0.6560,0.6680,33.0000
1786021544.3400,0.6560,0.6760,32.0000,0.6560,0.6840,34.0000,0.6560,0.6880,34.0000,0.6560,0.6670,33.0000
1786021544.3900,0.6560,0.6790,32.0000,0.6560,0.6720,35.0000,0.6560,0.6480,37.0000,0.6560,0.6760,32.0000
1786021544.4400,0.6560,0.6770,31.0000,0.6560,0.6780,34.0000,0.6560,0.6720,35.0000,0.6560,0.6890,31.0000
1786021544.4900,0.6560,0.6690,32.0000,0.6560,0.6830,34.0000,0.6560,0.6680,35.0000,0.6560,0.6750,32.0000
1786021544.5400,0.6560,0.6690,31.0000,0.6560,0.6820,33.0000,0.6560,0.6780,34.0000,0.6560,0.6550,33.0000
1786021544.5900,0.6560,0.6620,32.0000,0.6560,0.6590,34.0000,0.6560,0.6340,37.0000,0.6560,0.6510,33.0000
1786021544.6400,0.6560,0.6480,32.0000,0.6560,0.6630,34.0000,0.6560,0.6580,36.0000,0.6560,0.6560,32.0000
1786021544.6900,0.6560,0.6290,34.0000,0.6560,0.6110,37.0000,0.6560,0.6370,37.0000,0.6560,0.6330,34.0000
1786021544.7400,0.6560,0.6370,33.0000,0.6560,0.6100,37.0000,0.6560,0.6600,36.0000,0.6560,0.6430,33.0000
1786021544.7900,0.6560,0.6750,31.0000,0.6560,0.6550,35.0000,0.6560,0.6430,37.0000,0.6560,0.6560,33.0000
1786021544.8401,0.6560,0.6570,32.0000,0.6560,0.6680,35.0000,0.6560,0.6590,36.0000,0.6560,0.6610,33.0000
1786021544.8900,0.6560,0.6630,32.0000,0.6560,0.6780,34.0000,0.6560,0.6510,36.0000,0.6560,0.6660,32.0000
1786021544.9400,0.6560,0.6590,32.0000,0.6560,0.6760,34.0000,0.6560,0.6680,35.0000,0.6560,0.6540,33.0000
1786021544.9900,0.6560,0.6670,32.0000,0.6560,0.6710,34.0000,0.6560,0.6450,37.0000,0.6560,0.6580,33.0000
1786021545.0400,0.6560,0.6620,32.0000,0.6560,0.6670,34.0000,0.6560,0.6580,36.0000,0.6560,0.6580,33.0000
1786021545.0900,0.6560,0.6670,31.0000,0.6560,0.6800,33.0000,0.6560,0.6590,36.0000,0.6560,0.6840,31.0000
1786021545.1400,0.6560,0.6540,32.0000,0.6560,0.6770,33.0000,0.6560,0.6820,35.0000,0.6560,0.6580,33.0000
1786021545.1900,0.6560,0.6780,31.0000,0.6560,0.6780,33.0000,0.6560,0.6600,36.0000,0.6560,0.6570,33.0000
1786021545.2400,0.6560,0.6530,32.0000,0.6560,0.6510,34.0000,0.6560,0.6520,36.0000,0.6560,0.6520,33.0000
1786021545.2900,0.6560,0.6540,32.0000,0.6560,0.6660,33.0000,0.6560,0.6380,37.0000,0.6560,0.6550,33.0000
1786021545.3400,0.6560,0.6300,33.0000,0.6560,0.6350,35.0000,0.6560,0.6400,37.0000,0.6560,0.6250,34.0000
1786021545.3900,0.6560,0.6490,32.0000,0.6560,0.5920,38.0000,0.6560,0.6310,37.0000,0.6560,0.6340,34.0000
1786021545.4400,0.6560,0.6420,33.0000,0.6560,0.6470,35.0000,0.6560,0.6490,37.0000,0.6560,0.6540,33.0000
1786021545.4900,0.6560,0.6590,32.0000,0.6560,0.6620,34.0000,0.6560,0.6500,37.0000,0.6560,0.6670,33.0000
1786021545.5400,0.6560,0.6550,32.0000,0.6560,0.6610,35.0000,0.6560,0.6590,36.0000,0.6560,0.6450,34.0000
1786021545.5901,0.6560,0.6610,32.0000,0.6560,0.6510,35.0000,0.6560,0.6380,37.0000,0.6560,0.6510,34.0000
1786021545.6401,0.6560,0.6410,33.0000,0.6560,0.6570,35.0000,0.6560,0.6290,38.0000,0.6560,0.6500,34.0000
1786021545.6906,0.6560,0.6540,32.0000,0.6560,0.6730,34.0000,0.6560,0.6500,37.0000,0.6560,0.6710,32.0000
1786021545.7400,0.6560,0.6540,32.0000,0.6560,0.6700,34.0000,0.6560,0.6700,36.0000,0.6560,0.6500,34.0000
1786021545.7900,0.6560,0.6680,32.0000,0.6560,0.6680,34.0000,0.6560,0.6830,35.0000,0.6560,0.6660,33.0000
1786021545.8400,0.6560,0.6650,32.0000,0.6560,0.6620,34.0000,0.6560,0.6550,37.0000,0.6560,0.6600,33.0000
1786021545.8900,0.6560,0.6670,32.0000,0.6560,0.6690,33.0000,0.6560,0.6650,36.0000,0.6560,0.6720,32.0000
1786021545.9400,0.6560,0.6560,32.0000,0.6560,0.6600,34.0000,0.6560,0.6660,36.0000,0.6560,0.6480,33.0000
1786021545.9900,0.6560,0.6640,31.0000,0.6560,0.6580,34.0000,0.6560,0.6770,35.0000,0.6560,0.6520,33.0000
1786021546.0400,0.6560,0.6460,33.0000,0.6560,0.6080,37.0000,0.6560,0.6440,37.0000,0.6560,0.6500,33.0000
1786021546.0900,0.6560,0.6500,32.0000,0.6560,0.6270,36.0000,0.6560,0.6520,36.0000,0.6560,0.6660,32.0000
1786021546.1400,0.6560,0.6550,32.0000,0.6560,0.6610,34.0000,0.6560,0.6610,36.0000,0.6560,0.6470,34.0000
1786021546.1901,0.6560,0.6630,32.0000,0.6560,0.6670,34.0000,0.6560,0.6810,35.0000,0.6560,0.6590,33.0000
1786021546.2408,0.6560,0.6620,32.0000,0.6560,0.6540,35.0000,0.6560,0.6440,37.0000,0.6560,0.6500,33.0000
1786021546.2901,0.6560,0.6650,31.0000,0.6560,0.6660,34.0000,0.6560,0.6620,36.0000,0.6560,0.6680,32.0000
1786021546.3400,0.6560,0.6600,32.0000,0.6560,0.6730,34.0000,0.6560,0.6570,36.0000,0.6560,0.6580,33.0000
1786021546.3901,0.6560,0.6700,31.0000,0.6560,0.6750,33.0000,0.6560,0.6840,34.0000,0.6560,0.6710,32.0000
1786021546.4400,0.6560,0.6710,31.0000,0.6560,0.6630,34.0000,0.6560,0.6620,36.0000,0.6560,0.6660,32.0000
1786021546.4901,0.6560,0.6580,31.0000,0.6560,0.6570,34.0000,0.6560,0.6620,35.0000,0.6560,0.6630,32.0000
1786021546.5401,0.6560,0.6520,32.0000,0.6560,0.6680,33.0000,0.6560,0.6500,36.0000,0.6560,0.6560,32.0000
1786021546.5901,0.6560,0.6480,32.0000,0.6560,0.6450,35.0000,0.6560,0.6730,35.0000,0.6560,0.6300,34.0000
1786021546.6401,0.6560,0.6440,32.0000,0.6560,0.6070,37.0000,0.6560,0.6130,38.0000,0.6560,0.6280,34.0000
1786021546.6901,0.6560,0.6340,33.0000,0.6560,0.6250,36.0000,0.6560,0.6520,36.0000,0.6560,0.6510,33.0000
1786021546.7400,0.6560,0.6650,31.0000,0.6560,0.6670,34.0000,0.6560,0.6500,37.0000,0.6560,0.6660,33.0000
1786021546.7900,0.6560,0.6570,32.0000,0.6560,0.6590,35.0000,0.6560,0.6710,35.0000,0.6560,0.6500,34.0000
1786021546.8401,0.6560,0.6600,32.0000,0.6560,0.6570,35.0000,0.6560,0.6450,37.0000,0.6560,0.6620,33.0000
1786021546.8901,0.6560,0.6480,32.0000,0.6560,0.6610,35.0000,0.6560,0.6360,37.0000,0.6560,0.6530,33.0000
1786021546.9400,0.6560,0.6410,33.0000,0.6560,0.6700,34.0000,0.6560,0.6320,38.0000,0.6560,0.6610,33.0000
1786021546.9901,0.6560,0.6460,33.0000,0.6560,0.6590,35.0000,0.6560,0.6690,36.0000,0.6560,0.6570,33.0000
1786021547.0401,0.6560,0.6660,31.0000,0.6560,0.6590,35.0000,0.6560,0.6550,37.0000,0.6560,0.6690,32.0000
1786021547.0901,0.6560,0.6570,32.0000,0.6560,0.6590,35.0000,0.6560,0.6590,36.0000,0.6560,0.6550,33.0000
1786021547.1401,0.6560,0.6460,33.0000,0.6560,0.6480,35.0000,0.6560,0.6340,38.0000,0.6560,0.6730,32.0000
1786021547.1901,0.6560,0.6350,33.0000,0.6560,0.6330,36.0000,0.6560,0.6550,37.0000,0.6560,0.6450,34.0000
1786021547.2400,0.6560,0.6640,32.0000,0.6560,0.6470,36.0000,0.6560,0.6600,36.0000,0.6560,0.6610,33.0000
1786021547.2901,0.6560,0.6520,33.0000,0.6560,0.6610,35.0000,0.6560,0.6570,36.0000,0.6560,0.6510,33.0000
1786021547.3401,0.6560,0.6670,32.0000,0.6560,0.6790,34.0000,0.6560,0.6490,37.0000,0.6560,0.6700,32.0000
1786021547.3901,0.6560,0.6490,33.0000,0.6560,0.6750,34.0000,0.6560,0.6700,36.0000,0.6560,0.6470,33.0000
1786021547.4400,0.6560,0.6620,32.0000,0.6560,0.6680,34.0000,0.6560,0.6710,35.0000,0.6560,0.6600,33.0000
1786021547.4901,0.6560,0.6570,32.0000,0.6560,0.6560,35.0000,0.6560,0.6530,36.0000,0.6560,0.6580,33.0000
1786021547.5400,0.6560,0.6670,31.0000,0.6560,0.6630,34.0000,0.6560,0.6520,36.0000,0.6560,0.6720,32.0000
1786021547.5901,0.6560,0.6510,32.0000,0.6560,0.6720,34.0000,0.6560,0.6720,35.0000,0.6560,0.6590,33.0000
1786021547.6407,0.6560,0.6700,31.0000,0.6560,0.6680,34.0000,0.6560,0.6840,34.0000,0.6560,0.6750,32.0000
1786021547.6901,0.6560,0.6670,31.0000,0.6560,0.6590,34.0000,0.6560,0.6640,35.0000,0.6560,0.6560,33.0000
1786021547.7400,0.6560,0.6580,32.0000,0.6560,0.6710,33.0000,0.6560,0.6600,35.0000,0.6560,0.6640,32.0000
1786021547.7901,0.6560,0.6450,32.0000,0.6560,0.6580,34.0000,0.6560,0.6590,35.0000,0.6560,0.6390,33.0000
1786021547.8401,0.6560,0.6490,32.0000,0.6560,0.6550,34.0000,0.6560,0.6670,35.0000,0.6560,0.6480,33.0000
1786021547.8901,0.6560,0.5920,35.0000,0.6560,0.5820,38.0000,0.6560,0.6230,37.0000,0.6560,0.6280,34.0000
1786021547.9401,0.6560,0.6150,35.0000,0.6560,0.6140,37.0000,0.6560,0.6320,37.0000,0.6560,0.6600,33.0000
1786021547.9920,0.6560,0.6600,33.0000,0.6560,0.6570,35.0000,0.6560,0.6640,36.0000,0.6560,0.6470,33.0000
1786021548.0400,0.6560,0.6690,32.0000,0.6560,0.6740,34.0000,0.6560,0.6750,35.0000,0.6560,0.6570,33.0000
1786021548.0904,0.6560,0.6670,32.0000,0.6560,0.6550,35.0000,0.6560,0.6480,37.0000,0.6560,0.6530,33.0000
1786021548.1401,0.6560,0.6420,34.0000,0.6560,0.6600,34.0000,0.6560,0.6610,36.0000,0.6560,0.6600,33.0000
1786021548.1901,0.6560,0.6230,35.0000,0.6560,0.6430,35.0000,0.6560,0.6440,37.0000,0.6560,0.6500,33.0000
1786021548.2407,0.6560,0.6720,32.0000,0.6560,0.6680,34.0000,0.6560,0.6750,35.0000,0.6560,0.6560,33.0000
1786021548.2913,0.6560,0.6820,32.0000,0.6560,0.6730,34.0000,0.6560,0.6450,37.0000,0.6560,0.6560,33.0000
1786021548.3401,0.6560,0.6730,32.0000,0.6560,0.6730,33.0000,0.6560,0.6680,35.0000,0.6560,0.6710,32.0000
1786021548.3913,0.6560,0.6670,32.0000,0.6560,0.6740,33.0000,0.6560,0.6560,36.0000,0.6560,0.6640,32.0000
1786021548.4402,0.6560,0.6650,32.0000,0.6560,0.6720,33.0000,0.6560,0.6780,35.0000,0.6560,0.6510,33.0000
1786021548.4901,0.6560,0.6730,32.0000,0.6560,0.6610,34.0000,0.6560,0.6460,37.0000,0.6560,0.6600,32.0000
1786021548.5400,0.6560,0.6410,33.0000,0.6560,0.6200,36.0000,0.6560,0.6550,36.0000,0.6560,0.6530,33.0000
1786021548.5901,0.6560,0.6300,34.0000,0.6560,0.6360,35.0000,0.6560,0.6480,36.0000,0.6560,0.6570,33.0000
1786021548.6401,0.6560,0.6560,33.0000,0.6560,0.6730,33.0000,0.6560,0.6690,35.0000,0.6560,0.6490,33.0000
1786021548.6902,0.6560,0.6650,32.0000,0.6560,0.6620,34.0000,0.6560,0.6410,37.0000,0.6560,0.6550,33.0000
1786021548.7401,0.6560,0.6610,32.0000,0.6560,0.6280,36.0000,0.6560,0.6550,36.0000,0.6560,0.6600,32.0000
1786021548.7909,0.6560,0.6740,32.0000,0.6560,0.6790,33.0000,0.6560,0.6460,37.0000,0.6560,0.6660,32.0000
1786021548.8401,0.6560,0.6570,32.0000,0.6560,0.6780,33.0000,0.6560,0.6720,35.0000,0.6560,0.6490,33.0000
1786021548.8901,0.6560,0.6690,32.0000,0.6560,0.6690,34.0000,0.6560,0.6570,36.0000,0.6560,0.6580,33.0000
1786021548.9401,0.6560,0.6560,32.0000,0.6560,0.6600,34.0000,0.6560,0.6590,36.0000,0.6560,0.6510,33.0000
1786021548.9901,0.6560,0.6690,31.0000,0.6560,0.6660,33.0000,0.6560,0.6470,36.0000,0.6560,0.6620,32.0000
1786021549.0401,0.6560,0.6450,33.0000,0.6560,0.6310,35.0000,0.6560,0.6650,35.0000,0.6560,0.6430,33.0000
1786021549.0909,0.6560,0.6220,34.0000,0.6560,0.5840,38.0000,0.6560,0.6520,36.0000,0.6560,0.6430,34.0000
1786021549.1401,0.6560,0.6030,35.0000,0.6560,0.6290,36.0000,0.6560,0.6530,36.0000,0.6560,0.6410,34.0000
1786021549.1901,0.6560,0.6490,33.0000,0.6560,0.6370,36.0000,0.6560,0.6420,36.0000,0.6560,0.6610,33.0000
1786021549.2401,0.6560,0.6470,34.0000,0.6560,0.6420,36.0000,0.6560,0.6590,36.0000,0.6560,0.6440,34.0000
1786021549.2901,0.6560,0.6630,33.0000,0.6560,0.6480,36.0000,0.6560,0.6610,35.0000,0.6560,0.6670,32.0000
1786021549.3402,0.6560,0.6630,33.0000,0.6560,0.6460,37.0000,0.6560,0.6480,36.0000,0.6560,0.6490,34.0000
1786021549.3908,0.6560,0.6640,33.0000,0.6560,0.6790,35.0000,0.6560,0.6420,37.0000,0.6560,0.6710,32.0000
1786021549.4401,0.6560,0.6510,33.0000,0.6560,0.6500,36.0000,0.6560,0.6580,36.0000,0.6560,0.6510,33.0000
1786021549.4901,0.6560,0.6760,32.0000,0.6560,0.6540,36.0000,0.6560,0.6650,35.0000,0.6560,0.6600,33.0000
1786021549.5401,0.6560,0.6720,32.0000,0.6560,0.6760,35.0000,0.6560,0.6480,36.0000,0.6560,0.6500,33.0000
1786021549.5901,0.6560,0.6740,32.0000,0.6560,0.6810,34.0000,0.6560,0.6580,36.0000,0.6560,0.6710,32.0000
1786021549.6401,0.6560,0.6620,32.0000,0.6560,0.6780,34.0000,0.6560,0.6810,34.0000,0.6560,0.6590,33.0000
1786021549.6901,0.6560,0.6690,32.0000,0.6560,0.6830,34.0000,0.6560,0.6750,35.0000,0.6560,0.6570,33.0000
1786021549.7401,0.6560,0.6430,33.0000,0.6560,0.6600,35.0000,0.6560,0.6420,36.0000,0.6560,0.6480,33.0000
1786021549.7901,0.6560,0.5840,37.0000,0.6560,0.6020,38.0000,0.6560,0.6470,36.0000,0.6560,0.6530,33.0000
1786021549.8401,0.6560,0.6120,35.0000,0.6560,0.6260,37.0000,0.6560,0.6560,36.0000,0.6560,0.6370,34.0000
1786021549.8902,0.6560,0.6550,33.0000,0.6560,0.6730,34.0000,0.6560,0.6750,35.0000,0.6560,0.6600,33.0000
1786021549.9401,0.6560,0.6900,32.0000,0.6560,0.6720,35.0000,0.6560,0.6450,36.0000,0.6560,0.6550,33.0000
1786021549.9901,0.6560,0.6700,33.0000,0.6560,0.6500,36.0000,0.6560,0.6580,35.0000,0.6560,0.6690,32.0000
1786021550.0401,0.6560,0.6640,33.0000,0.6560,0.6690,35.0000,0.6560,0.6580,36.0000,0.6560,0.6520,33.0000
1786021550.0902,0.6560,0.6500,34.0000,0.6560,0.6730,34.0000,0.6560,0.6800,34.0000,0.6560,0.6580,33.0000
1786021550.1402,0.6560,0.6580,33.0000,0.6560,0.6690,34.0000,0.6560,0.6380,37.0000,0.6560,0.6560,33.0000
1786021550.1901,0.6560,0.6720,32.0000,0.6560,0.6700,34.0000,0.6560,0.6600,35.0000,0.6560,0.6740,32.0000
1786021550.2401,0.6560,0.6760,32.0000,0.6560,0.6780,34.0000,0.6560,0.6520,36.0000,0.6560,0.6640,32.0000
1786021550.2901,0.6560,0.6650,32.0000,0.6560,0.6760,34.0000,0.6560,0.6740,35.0000,0.6560,0.6490,33.0000
1786021550.3409,0.6560,0.6580,33.0000,0.6560,0.6420,35.0000,0.6560,0.6440,36.0000,0.6560,0.6480,33.0000
1786021550.3902,0.6560,0.6290,34.0000,0.6560,0.6110,37.0000,0.6560,0.6610,35.0000,0.6560,0.6480,33.0000
1786021550.4401,0.6560,0.6390,34.0000,0.6560,0.6310,36.0000,0.6560,0.6470,36.0000,0.6560,0.6380,34.0000
1786021550.4901,0.6560,0.6620,33.0000,0.6560,0.6550,35.0000,0.6560,0.6750,34.0000,0.6560,0.6670,32.0000
1786021550.5401,0.6560,0.6760,32.0000,0.6560,0.6620,35.0000,0.6560,0.6470,36.0000,0.6560,0.6690,32.0000
1786021550.5902,0.6560,0.6610,33.0000,0.6560,0.6730,35.0000,0.6560,0.6680,35.0000,0.6560,0.6660,32.0000
1786021550.6402,0.6560,0.6590,33.0000,0.6560,0.6700,35.0000,0.6560,0.6500,36.0000,0.6560,0.6710,32.0000
1786021550.6901,0.6560,0.6560,33.0000,0.6560,0.6710,34.0000,0.6560,0.6730,34.0000,0.6560,0.6450,33.0000
1786021550.7401,0.6560,0.6740,32.0000,0.6560,0.6600,35.0000,0.6560,0.6450,36.0000,0.6560,0.6630,32.0000
1786021550.7901,0.6560,0.6640,32.0000,0.6560,0.6660,34.0000,0.6560,0.6620,35.0000,0.6560,0.6570,32.0000
1786021550.8406,0.6560,0.6650,32.0000,0.6560,0.6710,34.0000,0.6560,0.6520,35.0000,0.6560,0.6680,32.0000
1786021550.8902,0.6560,0.6540,32.0000,0.6560,0.6760,34.0000,0.6560,0.6680,35.0000,0.6560,0.6470,33.0000
1786021550.9406,0.6560,0.6700,31.0000,0.6560,0.6680,34.0000,0.6560,0.6480,36.0000,0.6560,0.6720,32.0000
1786021550.9901,0.6560,0.8240,23.0000,0.6560,0.5210,41.0000,0.6560,0.5440,41.0000,0.6560,0.8170,24.0000
1786021551.0401,0.6560,0.6460,33.0000,0.6560,0.6840,32.0000,0.6560,0.6490,35.0000,0.6560,0.6410,34.0000
1786021551.0902,0.6560,0.6260,34.0000,0.6560,0.6510,34.0000,0.6560,0.6480,35.0000,0.6560,0.6050,35.0000
1786021551.1401,0.6560,0.6130,34.0000,0.6560,0.6550,34.0000,0.6560,0.6580,35.0000,0.6560,0.6130,35.0000
1786021551.1902,0.6560,0.6490,33.0000,0.6560,0.6470,34.0000,0.6560,0.6410,36.0000,0.6560,0.6460,34.0000
1786021551.2401,0.6560,0.6670,32.0000,0.6560,0.6610,34.0000,0.6560,0.6520,36.0000,0.6560,0.6730,32.0000
1786021551.2901,0.6560,0.6500,33.0000,0.6560,0.6600,34.0000,0.6560,0.6580,35.0000,0.6560,0.6460,34.0000
1786021551.3402,0.6560,0.6510,33.0000,0.6560,0.6610,33.0000,0.6560,0.6740,34.0000,0.6560,0.6570,33.0000
1786021551.3902,0.6560,0.6550,33.0000,0.6560,0.6390,35.0000,0.6560,0.6400,36.0000,0.6560,0.6510,33.0000
1786021551.4401,0.6560,0.6630,32.0000,0.6560,0.6590,34.0000,0.6560,0.6590,35.0000,0.6560,0.6730,32.0000
1786021551.4902,0.6560,0.6550,32.0000,0.6560,0.6640,33.0000,0.6560,0.6570,35.0000,0.6560,0.6520,33.0000
1786021551.5402,0.6560,0.6710,31.0000,0.6560,0.6640,33.0000,0.6560,0.6830,34.0000,0.6560,0.6620,33.0000
1786021551.5902,0.6560,0.6600,32.0000,0.6560,0.6520,34.0000,0.6560,0.6400,36.0000,0.6560,0.6530,33.0000
1786021551.6402,0.6560,0.6170,34.0000,0.6560,0.6390,35.0000,0.6560,0.6580,35.0000,0.6560,0.6240,35.0000
1786021551.6901,0.6560,0.6040,35.0000,0.6560,0.6010,37.0000,0.6560,0.6430,36.0000,0.6560,0.6170,35.0000
1786021551.7401,0.6560,0.6260,35.0000,0.6560,0.6240,36.0000,0.6560,0.6730,35.0000,0.6560,0.6540,34.0000
1786021551.7902,0.6560,0.6700,33.0000,0.6560,0.6600,34.0000,0.6560,0.6430,36.0000,0.6560,0.6480,34.0000
1786021551.8402,0.6560,0.6730,32.0000,0.6560,0.6650,34.0000,0.6560,0.6590,35.0000,0.6560,0.6760,33.0000
1786021551.8902,0.6560,0.6770,32.0000,0.6560,0.6710,34.0000,0.6560,0.6490,36.0000,0.6560,0.6570,34.0000
1786021551.9402,0.6560,0.6740,32.0000,0.6560,0.6800,33.0000,0.6560,0.6780,34.0000,0.6560,0.6560,34.0000
1786021551.9902,0.6560,0.6740,32.0000,0.6560,0.6720,34.0000,0.6560,0.6420,36.0000,0.6560,0.6630,33.0000
1786021552.0401,0.6560,0.6670,32.0000,0.6560,0.6660,34.0000,0.6560,0.6600,35.0000,0.6560,0.6730,32.0000
1786021552.0902,0.6560,0.6740,32.0000,0.6560,0.6700,33.0000,0.6560,0.6510,36.0000,0.6560,0.6600,33.0000
1786021552.1402,0.6560,0.6780,31.0000,0.6560,0.6720,33.0000,0.6560,0.6770,34.0000,0.6560,0.6740,32.0000
1786021552.1902,0.6560,0.6840,30.0000,0.6560,0.6660,33.0000,0.6560,0.6500,36.0000,0.6560,0.6970,31.0000
1786021552.2402,0.6560,0.6660,31.0000,0.6560,0.6570,34.0000,0.6560,0.6610,35.0000,0.6560,0.6740,32.0000
1786021552.2903,0.6560,0.6570,32.0000,0.6560,0.6630,33.0000,0.6560,0.6440,36.0000,0.6560,0.6580,32.0000
1786021552.3402,0.6560,0.6640,31.0000,0.6560,0.6640,33.0000,0.6560,0.6660,35.0000,0.6560,0.6460,33.0000
1786021552.3902,0.6560,0.6560,31.0000,0.6560,0.6290,35.0000,0.6560,0.6430,36.0000,0.6560,0.6420,33.0000
1786021552.4402,0.6560,0.6380,33.0000,0.6560,0.6110,36.0000,0.6560,0.6460,36.0000,0.6560,0.6390,34.0000
1786021552.4902,0.6560,0.6460,32.0000,0.6560,0.6360,35.0000,0.6560,0.6330,37.0000,0.6560,0.6530,33.0000
1786021552.5401,0.6560,0.6510,32.0000,0.6560,0.6540,35.0000,0.6560,0.6650,35.0000,0.6560,0.6450,33.0000
1786021552.5902,0.6560,0.6590,32.0000,0.6560,0.6530,35.0000,0.6560,0.6540,36.0000,0.6560,0.6570,33.0000
1786021552.6402,0.6560,0.6480,32.0000,0.6560,0.6450,35.0000,0.6560,0.6450,36.0000,0.6560,0.6490,33.0000
1786021552.6902,0.6560,0.6610,32.0000,0.6560,0.6640,34.0000,0.6560,0.6480,36.0000,0.6560,0.6640,33.0000
1786021552.7401,0.6560,0.6540,32.0000,0.6560,0.6630,34.0000,0.6560,0.6630,35.0000,0.6560,0.6480,33.0000
1786021552.7901,0.6560,0.6670,31.0000,0.6560,0.6770,33.0000,0.6560,0.6680,35.0000,0.6560,0.6580,33.0000
1786021552.8402,0.6560,0.6530,32.0000,0.6560,0.6640,34.0000,0.6560,0.6510,36.0000,0.6560,0.6560,33.0000
1786021552.8909,0.6560,0.6230,34.0000,0.6560,0.6640,34.0000,0.6560,0.6520,36.0000,0.6560,0.6750,32.0000
1786021552.9401,0.6560,0.5630,37.0000,0.6560,0.6140,37.0000,0.6560,0.6540,36.0000,0.6560,0.6370,34.0000
1786021552.9901,0.6560,0.5820,37.0000,0.6560,0.5890,38.0000,0.6560,0.6630,35.0000,0.6560,0.6360,34.0000
1786021553.0401,0.6560,0.6380,35.0000,0.6560,0.6510,35.0000,0.6560,0.6470,36.0000,0.6560,0.6520,34.0000
1786021553.0902,0.6560,0.6770,33.0000,0.6560,0.6700,34.0000,0.6560,0.6500,35.0000,0.6560,0.6740,32.0000
1786021553.1402,0.6560,0.6700,33.0000,0.6560,0.6660,35.0000,0.6560,0.6580,36.0000,0.6560,0.6470,34.0000
1786021553.1901,0.6560,0.6860,32.0000,0.6560,0.6660,35.0000,0.6560,0.6780,35.0000,0.6560,0.6680,33.0000
1786021553.2408,0.6560,0.6500,34.0000,0.6560,0.6410,36.0000,0.6560,0.6440,36.0000,0.6560,0.6610,33.0000
1786021553.2901,0.6560,0.6570,33.0000,0.6560,0.6490,35.0000,0.6560,0.6630,35.0000,0.6560,0.6690,32.0000
1786021553.3410,0.6560,0.6630,33.0000,0.6560,0.6810,34.0000,0.6560,0.6610,35.0000,0.6560,0.6420,34.0000
1786021553.3901,0.6560,0.6850,32.0000,0.6560,0.6850,33.0000,0.6560,0.6840,34.0000,0.6560,0.6600,33.0000
1786021553.4402,0.6560,0.6800,32.0000,0.6560,0.6760,34.0000,0.6560,0.6460,36.0000,0.6560,0.6550,33.0000
1786021553.4903,0.6560,0.6780,32.0000,0.6560,0.6690,34.0000,0.6560,0.6740,35.0000,0.6560,0.6720,32.0000
1786021553.5402,0.6560,0.6630,32.0000,0.6560,0.6710,33.0000,0.6560,0.6600,35.0000,0.6560,0.6460,34.0000
1786021553.5902,0.6560,0.6230,34.0000,0.6560,0.6260,36.0000,0.6560,0.6730,34.0000,0.6560,0.6470,34.0000
1786021553.6402,0.6560,0.5960,36.0000,0.6560,0.6000,38.0000,0.6560,0.6350,37.0000,0.6560,0.6180,35.0000
1786021553.6905,0.6560,0.6510,33.0000,0.6560,0.6310,36.0000,0.6560,0.6600,35.0000,0.6560,0.6690,32.0000
1786021553.7402,0.6560,0.6660,33.0000,0.6560,0.6780,34.0000,0.6560,0.6480,36.0000,0.6560,0.6530,34.0000
1786021553.7903,0.6560,0.6660,33.0000,0.6560,0.6750,34.0000,0.6560,0.6710,35.0000,0.6560,0.6600,33.0000
1786021553.8403,0.6560,0.6600,33.0000,0.6560,0.6720,34.0000,0.6560,0.6380,37.0000,0.6560,0.6500,34.0000
1786021553.8902,0.6560,0.6550,33.0000,0.6560,0.6480,36.0000,0.6560,0.6540,36.0000,0.6560,0.6690,33.0000
1786021553.9402,0.6560,0.6380,34.0000,0.6560,0.6380,36.0000,0.6560,0.6450,36.0000,0.6560,0.6600,33.0000
1786021553.9902,0.6560,0.6590,33.0000,0.6560,0.6840,34.0000,0.6560,0.6670,35.0000,0.6560,0.6510,33.0000
1786021554.0402,0.6560,0.6800,32.0000,0.6560,0.6820,34.0000,0.6560,0.6500,36.0000,0.6560,0.6600,33.0000
1786021554.0902,0.6560,0.6760,32.0000,0.6560,0.6690,34.0000,0.6560,0.6660,35.0000,0.6560,0.6660,33.0000
1786021554.1403,0.6560,0.6830,32.0000,0.6560,0.6750,34.0000,0.6560,0.6540,36.0000,0.6560,0.6690,32.0000
1786021554.1902,0.6560,0.6690,32.0000,0.6560,0.6680,34.0000,0.6560,0.6670,35.0000,0.6560,0.6450,34.0000
1786021554.2402,0.6560,0.6430,33.0000,0.6560,0.6140,37.0000,0.6560,0.6460,36.0000,0.6560,0.6550,33.0000
1786021554.2902,0.6560,0.6400,34.0000,0.6560,0.6450,35.0000,0.6560,0.6500,36.0000,0.6560,0.6620,33.0000
1786021554.3402,0.6560,0.6690,32.0000,0.6560,0.6640,34.0000,0.6560,0.6420,36.0000,0.6560,0.6660,32.0000
1786021554.3902,0.6560,0.6690,32.0000,0.6560,0.6750,33.0000,0.6560,0.6660,35.0000,0.6560,0.6560,33.0000
1786021554.4402,0.6560,0.6720,32.0000,0.6560,0.6440,35.0000,0.6560,0.6480,36.0000,0.6560,0.6630,33.0000
1786021554.4902,0.6560,0.6280,34.0000,0.6560,0.6010,38.0000,0.6560,0.6470,36.0000,0.6560,0.5640,38.0000
1786021554.5402,0.6560,0.5920,36.0000,0.6560,0.5940,38.0000,0.6560,0.6450,36.0000,0.6560,0.5380,40.0000
1786021554.5902,0.6560,0.6010,36.0000,0.6560,0.5930,39.0000,0.6560,0.6480,36.0000,0.6560,0.5460,41.0000
1786021554.6403,0.6560,0.6270,35.0000,0.6560,0.6210,38.0000,0.6560,0.6640,35.0000,0.6560,0.5540,42.0000
1786021554.6902,0.6560,0.6130,37.0000,0.6560,0.6480,37.0000,0.6560,0.6450,36.0000,0.6560,0.5580,43.0000
1786021554.7402,0.6560,0.6220,37.0000,0.6560,0.6670,36.0000,0.6560,0.6560,36.0000,0.6560,0.5860,43.0000
1786021554.7902,0.6560,0.6370,36.0000,0.6560,0.6840,35.0000,0.6560,0.6650,35.0000,0.6560,0.5670,45.0000
1786021554.8402,0.6560,0.6670,35.0000,0.6560,0.6890,35.0000,0.6560,0.6730,35.0000,0.6560,0.6070,44.0000
1786021554.8903,0.6560,0.6620,35.0000,0.6560,0.6490,37.0000,0.6560,0.6450,36.0000,0.6560,0.6550,42.0000
1786021554.9402,0.6560,0.6870,34.0000,0.6560,0.6550,36.0000,0.6560,0.6560,36.0000,0.6560,0.7070,39.0000
1786021554.9902,0.6560,0.6880,33.0000,0.6560,0.6760,35.0000,0.6560,0.6650,35.0000,0.6560,0.7280,37.0000
1786021555.0402,0.6560,0.6950,32.0000,0.6560,0.6940,34.0000,0.6560,0.6770,34.0000,0.6560,0.7040,38.0000
1786021555.0903,0.6560,0.6860,33.0000,0.6560,0.6790,35.0000,0.6560,0.6440,36.0000,0.6560,0.7330,36.0000
1786021555.1403,0.6560,0.6890,32.0000,0.6560,0.6790,34.0000,0.6560,0.6580,35.0000,0.6560,0.7320,35.0000
1786021555.1902,0.6560,0.6940,31.0000,0.6560,0.6830,34.0000,0.6560,0.6590,35.0000,0.6560,0.7430,33.0000
1786021555.2402,0.6560,0.6940,31.0000,0.6560,0.6820,34.0000,0.6560,0.6780,34.0000,0.6560,0.7330,33.0000
1786021555.2902,0.6560,0.6790,31.0000,0.6560,0.6790,33.0000,0.6560,0.6590,35.0000,0.6560,0.7200,33.0000
1786021555.3402,0.6560,0.8360,22.0000,0.6560,0.7640,28.0000,0.6560,0.8350,25.0000,0.6560,0.8680,23.0000
1786021555.3902,0.6560,0.7670,25.0000,0.6560,0.6890,32.0000,0.6560,0.6850,32.0000,0.6560,0.7370,29.0000
1786021555.4402,0.6560,0.6370,31.0000,0.6560,0.6600,33.0000,0.6560,0.6620,33.0000,0.6560,0.6660,32.0000
1786021555.4902,0.6560,0.6120,32.0000,0.6560,0.6270,34.0000,0.6560,0.6100,35.0000,0.6560,0.6310,33.0000
1786021555.5402,0.6560,0.6100,32.0000,0.6560,0.6230,35.0000,0.6560,0.6090,36.0000,0.6560,0.6500,32.0000
1786021555.5902,0.6560,0.5940,33.0000,0.6560,0.6340,34.0000,0.6560,0.5920,37.0000,0.6560,0.6200,34.0000
1786021555.6403,0.6560,0.6250,32.0000,0.6560,0.6470,34.0000,0.6560,0.6390,35.0000,0.6560,0.6340,33.0000
1786021555.6902,0.6560,0.6430,32.0000,0.6560,0.6620,33.0000,0.6560,0.6260,37.0000,0.6560,0.6470,33.0000
1786021555.7403,0.6560,0.6310,33.0000,0.6560,0.6450,34.0000,0.6560,0.6290,37.0000,0.6560,0.6420,33.0000
1786021555.7902,0.6560,0.6530,32.0000,0.6560,0.6680,33.0000,0.6560,0.6430,36.0000,0.6560,0.6520,33.0000
1786021555.8402,0.6560,0.6530,32.0000,0.6560,0.6680,33.0000,0.6560,0.6690,35.0000,0.6560,0.6520,33.0000
1786021555.8903,0.6560,0.6610,31.0000,0.6560,0.6680,33.0000,0.6560,0.6550,36.0000,0.6560,0.6580,33.0000
1786021555.9403,0.6560,0.6650,31.0000,0.6560,0.6560,33.0000,0.6560,0.6700,35.0000,0.6560,0.6950,30.0000
1786021555.9903,0.6560,0.6530,32.0000,0.6560,0.6660,33.0000,0.6560,0.6540,36.0000,0.6560,0.6500,33.0000
1786021556.0403,0.6560,0.6580,31.0000,0.6560,0.6650,33.0000,0.6560,0.6680,35.0000,0.6560,0.6440,33.0000
1786021556.0902,0.6560,0.6480,32.0000,0.6560,0.6450,34.0000,0.6560,0.6320,37.0000,0.6560,0.6430,33.0000
1786021556.1403,0.6560,0.6330,33.0000,0.6560,0.6240,35.0000,0.6560,0.6230,37.0000,0.6560,0.6360,34.0000
1786021556.1903,0.6560,0.6340,33.0000,0.6560,0.6300,35.0000,0.6560,0.6160,38.0000,0.6560,0.6360,34.0000
1786021556.2403,0.6560,0.6400,33.0000,0.6560,0.6570,34.0000,0.6560,0.6490,36.0000,0.6560,0.6340,34.0000
1786021556.2903,0.6560,0.6450,33.0000,0.6560,0.6520,34.0000,0.6560,0.6530,36.0000,0.6560,0.6500,34.0000
1786021556.3403,0.6560,0.6470,33.0000,0.6560,0.6380,35.0000,0.6560,0.6330,38.0000,0.6560,0.6560,33.0000
1786021556.3903,0.6560,0.6570,32.0000,0.6560,0.6510,34.0000,0.6560,0.6490,37.0000,0.6560,0.6600,33.0000
1786021556.4402,0.6560,0.6470,33.0000,0.6560,0.6570,34.0000,0.6560,0.6540,37.0000,0.6560,0.6500,34.0000
1786021556.4903,0.6560,0.6640,32.0000,0.6560,0.6720,33.0000,0.6560,0.6710,36.0000,0.6560,0.6730,33.0000
1786021556.5403,0.6560,0.6640,32.0000,0.6560,0.6610,34.0000,0.6560,0.6510,37.0000,0.6560,0.6650,33.0000
1786021556.5902,0.6560,0.6770,31.0000,0.6560,0.6690,33.0000,0.6560,0.6700,36.0000,0.6560,0.6960,31.0000
1786021556.6403,0.6560,0.6620,32.0000,0.6560,0.6660,33.0000,0.6560,0.6700,36.0000,0.6560,0.6540,33.0000
1786021556.6903,0.6560,0.6710,31.0000,0.6560,0.6680,33.0000,0.6560,0.6870,35.0000,0.6560,0.6540,33.0000
1786021556.7402,0.6560,0.6650,32.0000,0.6560,0.6530,34.0000,0.6560,0.6600,36.0000,0.6560,0.6430,34.0000
1786021556.7902,0.6560,0.6680,31.0000,0.6560,0.6610,33.0000,0.6560,0.6650,35.0000,0.6560,0.6670,32.0000
1786021556.8403,0.6560,0.6490,32.0000,0.6560,0.6610,33.0000,0.6560,0.6590,36.0000,0.6560,0.6420,34.0000
1786021556.8903,0.6560,0.6670,31.0000,0.6560,0.6620,33.0000,0.6560,0.6790,34.0000,0.6560,0.6560,33.0000
1786021556.9403,0.6560,0.6560,32.0000,0.6560,0.6480,34.0000,0.6560,0.6460,36.0000,0.6560,0.6490,33.0000
1786021556.9903,0.6560,0.6640,31.0000,0.6560,0.6580,33.0000,0.6560,0.6640,35.0000,0.6560,0.6720,32.0000
1786021557.0402,0.6560,0.6500,32.0000,0.6560,0.6610,33.0000,0.6560,0.6670,35.0000,0.6560,0.6470,33.0000
1786021557.0910,0.6560,0.6730,31.0000,0.6560,0.6670,33.0000,0.6560,0.6920,33.0000,0.6560,0.6570,33.0000
1786021557.1403,0.6560,0.6640,31.0000,0.6560,0.6520,34.0000,0.6560,0.6560,35.0000,0.6560,0.6740,32.0000
1786021557.1902,0.6560,0.6750,30.0000,0.6560,0.6670,33.0000,0.6560,0.6680,34.0000,0.6560,0.6960,30.0000
1786021557.2403,0.6560,0.6520,31.0000,0.6560,0.6870,31.0000,0.6560,0.6600,35.0000,0.6560,0.6620,32.0000
1786021557.2903,0.6560,0.6560,31.0000,0.6560,0.6630,32.0000,0.6560,0.6790,34.0000,0.6560,0.6500,33.0000
1786021557.3403,0.6560,0.6430,32.0000,0.6560,0.6480,33.0000,0.6560,0.6330,36.0000,0.6560,0.6360,33.0000
1786021557.3903,0.6560,0.6240,33.0000,0.6560,0.6240,35.0000,0.6560,0.6350,36.0000,0.6560,0.6410,33.0000
1786021557.4403,0.6560,0.6140,34.0000,0.6560,0.6390,34.0000,0.6560,0.6330,37.0000,0.6560,0.6360,34.0000
1786021557.4902,0.6560,0.6320,33.0000,0.6560,0.6410,34.0000,0.6560,0.6590,36.0000,0.6560,0.6320,34.0000
1786021557.5409,0.6560,0.6020,36.0000,0.6560,0.6330,35.0000,0.6560,0.6240,38.0000,0.6560,0.6360,34.0000
1786021557.5903,0.6560,0.6290,34.0000,0.6560,0.6360,35.0000,0.6560,0.6490,36.0000,0.6560,0.6530,34.0000
1786021557.6409,0.6560,0.6600,33.0000,0.6560,0.6690,33.0000,0.6560,0.6490,36.0000,0.6560,0.6750,32.0000
1786021557.6903,0.6560,0.6640,33.0000,0.6560,0.6700,33.0000,0.6560,0.6720,35.0000,0.6560,0.6570,33.0000
1786021557.7407,0.6560,0.6540,33.0000,0.6560,0.6650,33.0000,0.6560,0.6580,36.0000,0.6560,0.6600,33.0000
1786021557.7911,0.6560,0.6590,33.0000,0.6560,0.6520,34.0000,0.6560,0.6550,36.0000,0.6560,0.6600,33.0000
1786021557.8403,0.6560,0.6750,32.0000,0.6560,0.6720,33.0000,0.6560,0.6520,36.0000,0.6560,0.6730,32.0000
1786021557.8918,0.6560,0.6720,32.0000,0.6560,0.6690,33.0000,0.6560,0.6720,35.0000,0.6560,0.6540,33.0000
1786021557.9403,0.6560,0.6820,31.0000,0.6560,0.6680,33.0000,0.6560,0.6580,36.0000,0.6560,0.6660,33.0000
1786021557.9903,0.6560,0.6740,32.0000,0.6560,0.6500,34.0000,0.6560,0.6600,35.0000,0.6560,0.6610,33.0000
1786021558.0403,0.6560,0.6440,33.0000,0.6560,0.6560,33.0000,0.6560,0.6420,36.0000,0.6560,0.6490,33.0000
1786021558.0904,0.6560,0.5880,36.0000,0.6560,0.6130,36.0000,0.6560,0.6480,36.0000,0.6560,0.5730,38.0000
1786021558.1403,0.6560,0.6260,35.0000,0.6560,0.6130,36.0000,0.6560,0.6490,36.0000,0.6560,0.6440,34.0000
1786021558.1902,0.6560,0.6510,34.0000,0.6560,0.6440,35.0000,0.6560,0.6600,36.0000,0.6560,0.6600,34.0000
1786021558.2403,0.6560,0.6750,33.0000,0.6560,0.6690,34.0000,0.6560,0.6500,36.0000,0.6560,0.6800,33.0000
1786021558.2903,0.6560,0.6580,33.0000,0.6560,0.6650,34.0000,0.6560,0.6630,35.0000,0.6560,0.6590,34.0000
1786021558.3403,0.6560,0.6880,32.0000,0.6560,0.6670,34.0000,0.6560,0.6720,35.0000,0.6560,0.6720,33.0000
1786021558.3903,0.6560,0.6700,32.0000,0.6560,0.6420,35.0000,0.6560,0.6510,36.0000,0.6560,0.6570,34.0000
1786021558.4403,0.6560,0.6790,32.0000,0.6560,0.6720,33.0000,0.6560,0.6550,36.0000,0.6560,0.6760,33.0000
1786021558.4903,0.6560,0.6630,32.0000,0.6560,0.6640,34.0000,0.6560,0.6650,35.0000,0.6560,0.6540,34.0000
1786021558.5403,0.6560,0.6790,31.0000,0.6560,0.6680,33.0000,0.6560,0.6790,34.0000,0.6560,0.6660,33.0000
1786021558.5904,0.6560,0.6660,32.0000,0.6560,0.6570,34.0000,0.6560,0.6570,36.0000,0.6560,0.6530,34.0000
1786021558.6403,0.6560,0.6670,31.0000,0.6560,0.6560,34.0000,0.6560,0.6520,36.0000,0.6560,0.6570,33.0000
1786021558.6903,0.6560,0.6040,35.0000,0.6560,0.6070,37.0000,0.6560,0.6590,35.0000,0.6560,0.5860,37.0000
1786021558.7403,0.6560,0.6180,34.0000,0.6560,0.6300,36.0000,0.6560,0.6720,35.0000,0.6560,0.6180,36.0000
1786021558.7903,0.6560,0.6490,33.0000,0.6560,0.6370,36.0000,0.6560,0.6440,36.0000,0.6560,0.6520,35.0000
1786021558.8403,0.6560,0.6700,32.0000,0.6560,0.6560,35.0000,0.6560,0.6600,35.0000,0.6560,0.6850,33.0000
1786021558.8903,0.6560,0.6610,33.0000,0.6560,0.6590,35.0000,0.6560,0.6570,35.0000,0.6560,0.6720,33.0000
1786021558.9404,0.6560,0.6750,32.0000,0.6560,0.6760,34.0000,0.6560,0.6790,34.0000,0.6560,0.6710,33.0000
1786021558.9903,0.6560,0.6640,32.0000,0.6560,0.6510,35.0000,0.6560,0.6460,36.0000,0.6560,0.6600,34.0000
1786021559.0405,0.6560,0.6730,32.0000,0.6560,0.6650,34.0000,0.6560,0.6600,35.0000,0.6560,0.6830,32.0000
1786021559.0904,0.6560,0.6650,32.0000,0.6560,0.6720,34.0000,0.6560,0.6490,36.0000,0.6560,0.6610,33.0000
1786021559.1403,0.6560,0.6740,31.0000,0.6560,0.6820,33.0000,0.6560,0.6730,34.0000,0.6560,0.6640,33.0000
1786021559.1903,0.6560,0.6710,31.0000,0.6560,0.6700,33.0000,0.6560,0.6560,35.0000,0.6560,0.6630,33.0000
1786021559.2404,0.6560,0.6710,31.0000,0.6560,0.6640,34.0000,0.6560,0.6700,34.0000,0.6560,0.6910,31.0000
1786021559.2903,0.6560,0.6670,31.0000,0.6560,0.6730,33.0000,0.6560,0.6550,35.0000,0.6560,0.6600,33.0000
1786021559.3403,0.6560,0.6470,32.0000,0.6560,0.6670,33.0000,0.6560,0.6680,34.0000,0.6560,0.6570,33.0000
1786021559.3904,0.6560,0.6150,34.0000,0.6560,0.6300,35.0000,0.6560,0.6300,37.0000,0.6560,0.6230,35.0000
1786021559.4403,0.6560,0.5930,36.0000,0.6560,0.6180,36.0000,0.6560,0.6450,36.0000,0.6560,0.6140,35.0000
1786021559.4903,0.6560,0.6350,34.0000,0.6560,0.6590,34.0000,0.6560,0.6430,36.0000,0.6560,0.6550,34.0000
1786021559.5403,0.6560,0.6610,33.0000,0.6560,0.6710,34.0000,0.6560,0.6680,35.0000,0.6560,0.6570,34.0000
1786021559.5904,0.6560,0.6740,32.0000,0.6560,0.6610,34.0000,0.6560,0.6490,36.0000,0.6560,0.6740,33.0000
1786021559.6404,0.6560,0.6560,33.0000,0.6560,0.6540,34.0000,0.6560,0.6510,36.0000,0.6560,0.6610,33.0000
1786021559.6903,0.6560,0.6560,33.0000,0.6560,0.6720,33.0000,0.6560,0.6420,36.0000,0.6560,0.6660,33.0000
1786021559.7403,0.6560,0.6420,34.0000,0.6560,0.6610,34.0000,0.6560,0.6650,35.0000,0.6560,0.6420,34.0000
1786021559.7904,0.6560,0.6770,32.0000,0.6560,0.6710,33.0000,0.6560,0.6550,36.0000,0.6560,0.6700,33.0000
1786021559.8403,0.6560,0.6590,32.0000,0.6560,0.6550,34.0000,0.6560,0.6510,36.0000,0.6560,0.6650,33.0000
1786021559.8904,0.6560,0.6690,32.0000,0.6560,0.6690,33.0000,0.6560,0.6520,36.0000,0.6560,0.6660,33.0000
1786021559.9404,0.6560,0.6660,32.0000,0.6560,0.6620,33.0000,0.6560,0.6670,35.0000,0.6560,0.6290,35.0000
1786021559.9903,0.6560,0.6690,32.0000,0.6560,0.6430,34.0000,0.6560,0.6570,35.0000,0.6560,0.5820,38.0000
1786021560.0403,0.6560,0.6520,32.0000,0.6560,0.6150,36.0000,0.6560,0.6530,35.0000,0.6560,0.5990,37.0000
1786021560.0904,0.6560,0.6640,32.0000,0.6560,0.6330,35.0000,0.6560,0.6420,36.0000,0.6560,0.6680,34.0000
1786021560.1404,0.6560,0.6580,32.0000,0.6560,0.6710,33.0000,0.6560,0.6630,35.0000,0.6560,0.6770,34.0000
1786021560.1904,0.6560,0.6690,31.0000,0.6560,0.6690,34.0000,0.6560,0.6730,34.0000,0.6560,0.6700,34.0000
1786021560.2403,0.6560,0.6560,32.0000,0.6560,0.6640,34.0000,0.6560,0.6620,35.0000,0.6560,0.6680,34.0000
1786021560.2904,0.6560,0.6660,31.0000,0.6560,0.6660,34.0000,0.6560,0.6540,35.0000,0.6560,0.6740,34.0000
1786021560.3403,0.6560,0.6520,32.0000,0.6560,0.6630,34.0000,0.6560,0.6620,35.0000,0.6560,0.6560,34.0000
1786021560.3904,0.6560,0.6680,31.0000,0.6560,0.6680,33.0000,0.6560,0.6730,34.0000,0.6560,0.6800,33.0000
1786021560.4404,0.6560,0.6560,32.0000,0.6560,0.6520,34.0000,0.6560,0.6680,34.0000,0.6560,0.6700,33.0000
1786021560.4904,0.6560,0.6730,31.0000,0.6560,0.6700,33.0000,0.6560,0.6700,34.0000,0.6560,0.6850,32.0000
1786021560.5403,0.6560,0.6570,31.0000,0.6560,0.6620,33.0000,0.6560,0.6650,34.0000,0.6560,0.6640,33.0000
1786021560.5904,0.6560,0.6800,30.0000,0.6560,0.6680,33.0000,0.6560,0.6700,34.0000,0.6560,0.6630,33.0000
1786021560.6404,0.6560,0.6480,32.0000,0.6560,0.6480,34.0000,0.6560,0.6480,35.0000,0.6560,0.6610,33.0000
1786021560.6904,0.6560,0.6570,31.0000,0.6560,0.6600,33.0000,0.6560,0.6430,35.0000,0.6560,0.6540,33.0000
1786021560.7404,0.6560,0.6290,33.0000,0.6560,0.6470,34.0000,0.6560,0.6310,36.0000,0.6560,0.5850,37.0000
1786021560.7903,0.6560,0.6260,33.0000,0.6560,0.6570,33.0000,0.6560,0.6440,36.0000,0.6560,0.6170,36.0000
1786021560.8404,0.6560,0.6420,33.0000,0.6560,0.6510,34.0000,0.6560,0.6460,36.0000,0.6560,0.6590,34.0000
1786021560.8903,0.6560,0.6520,32.0000,0.6560,0.6500,34.0000,0.6560,0.6590,35.0000,0.6560,0.6650,34.0000
1786021560.9403,0.6560,0.6510,32.0000,0.6560,0.6690,33.0000,0.6560,0.6470,36.0000,0.6560,0.6530,35.0000
1786021560.9904,0.6560,0.6670,31.0000,0.6560,0.6660,33.0000,0.6560,0.6740,34.0000,0.6560,0.6670,34.0000
1786021561.0403,0.6560,0.6660,32.0000,0.6560,0.6570,33.0000,0.6560,0.6490,36.0000,0.6560,0.6820,33.0000
1786021561.0904,0.6560,0.6670,31.0000,0.6560,0.6580,33.0000,0.6560,0.6630,35.0000,0.6560,0.6790,33.0000
1786021561.1404,0.6560,0.6660,31.0000,0.6560,0.6730,32.0000,0.6560,0.6600,35.0000,0.6560,0.6710,33.0000
1786021561.1903,0.6560,0.6700,31.0000,0.6560,0.6710,32.0000,0.6560,0.6860,33.0000,0.6560,0.6610,33.0000
1786021561.2404,0.6560,0.6610,31.0000,0.6560,0.6540,33.0000,0.6560,0.6450,36.0000,0.6560,0.6630,33.0000
1786021561.2904,0.6560,0.6610,31.0000,0.6560,0.6480,34.0000,0.6560,0.6520,35.0000,0.6560,0.6450,34.0000
1786021561.3404,0.6560,0.6110,34.0000,0.6560,0.6340,34.0000,0.6560,0.6110,38.0000,0.6560,0.5850,38.0000
1786021561.3904,0.6560,0.6370,33.0000,0.6560,0.6450,34.0000,0.6560,0.6550,35.0000,0.6560,0.6340,35.0000
1786021561.4406,0.6560,0.6700,31.0000,0.6560,0.6670,33.0000,0.6560,0.6540,36.0000,0.6560,0.6810,33.0000
1786021561.4904,0.6560,0.6660,31.0000,0.6560,0.6560,33.0000,0.6560,0.6660,35.0000,0.6560,0.6820,33.0000
1786021561.5404,0.6560,0.6630,32.0000,0.6560,0.6670,33.0000,0.6560,0.6470,36.0000,0.6560,0.6920,32.0000
1786021561.5905,0.6560,0.6600,32.0000,0.6560,0.6730,32.0000,0.6560,0.6710,34.0000,0.6560,0.6770,33.0000
1786021561.6405,0.6560,0.6690,31.0000,0.6560,0.6630,33.0000,0.6560,0.6600,35.0000,0.6560,0.6860,32.0000
1786021561.6904,0.6560,0.6710,31.0000,0.6560,0.6540,33.0000,0.6560,0.6630,35.0000,0.6560,0.6860,32.0000
1786021561.7404,0.6560,0.6680,31.0000,0.6560,0.6800,32.0000,0.6560,0.6610,35.0000,0.6560,0.7130,30.0000
1786021561.7904,0.6560,0.6650,31.0000,0.6560,0.6650,32.0000,0.6560,0.6760,34.0000,0.6560,0.6730,31.0000
1786021561.8404,0.6560,0.6580,31.0000,0.6560,0.6540,33.0000,0.6560,0.6500,35.0000,0.6560,0.6560,32.0000
1786021561.8905,0.6560,0.6470,32.0000,0.6560,0.6410,34.0000,0.6560,0.6490,35.0000,0.6560,0.6480,32.0000
1786021561.9404,0.6560,0.6470,32.0000,0.6560,0.6370,34.0000,0.6560,0.6250,36.0000,0.6560,0.6120,35.0000
1786021561.9905,0.6560,0.6460,32.0000,0.6560,0.5970,36.0000,0.6560,0.6280,37.0000,0.6560,0.5900,36.0000
1786021562.0405,0.6560,0.6540,31.0000,0.6560,0.6230,35.0000,0.6560,0.6490,36.0000,0.6560,0.6570,33.0000
1786021562.0905,0.6560,0.6490,32.0000,0.6560,0.6390,35.0000,0.6560,0.6570,35.0000,0.6560,0.6540,33.0000
1786021562.1405,0.6560,0.6520,32.0000,0.6560,0.6480,35.0000,0.6560,0.6330,37.0000,0.6560,0.6530,33.0000
1786021562.1904,0.6560,0.6420,32.0000,0.6560,0.6340,36.0000,0.6560,0.6680,35.0000,0.6560,0.6480,34.0000
1786021562.2404,0.6560,0.6640,31.0000,0.6560,0.6550,35.0000,0.6560,0.6830,34.0000,0.6560,0.6680,33.0000
1786021562.2904,0.6560,0.6550,32.0000,0.6560,0.6690,34.0000,0.6560,0.6590,35.0000,0.6560,0.6580,33.0000
1786021562.3405,0.6560,0.6640,31.0000,0.6560,0.6780,33.0000,0.6560,0.6630,35.0000,0.6560,0.6760,32.0000
1786021562.3905,0.6560,0.6490,32.0000,0.6560,0.6880,32.0000,0.6560,0.6730,34.0000,0.6560,0.6760,32.0000
1786021562.4410,0.6560,0.6760,30.0000,0.6560,0.6910,32.0000,0.6560,0.6940,33.0000,0.6560,0.6850,31.0000
1786021562.4911,0.6560,0.6520,32.0000,0.6560,0.6490,34.0000,0.6560,0.6530,35.0000,0.6560,0.6480,33.0000
1786021562.5410,0.6560,0.6260,33.0000,0.6560,0.6530,33.0000,0.6560,0.6470,35.0000,0.6560,0.6490,33.0000
1786021562.5904,0.6560,0.5400,38.0000,0.6560,0.5850,37.0000,0.6560,0.6240,37.0000,0.6560,0.5830,37.0000
1786021562.6405,0.6560,0.6130,35.0000,0.6560,0.6230,36.0000,0.6560,0.6650,35.0000,0.6560,0.6390,34.0000
1786021562.6905,0.6560,0.6610,33.0000,0.6560,0.6540,34.0000,0.6560,0.6510,36.0000,0.6560,0.6630,33.0000
1786021562.7413,0.6560,0.6790,32.0000,0.6560,0.6640,34.0000,0.6560,0.6610,35.0000,0.6560,0.6750,33.0000
1786021562.7905,0.6560,0.6700,32.0000,0.6560,0.6470,35.0000,0.6560,0.6470,36.0000,0.6560,0.6610,33.0000
1786021562.8405,0.6560,0.6690,32.0000,0.6560,0.6410,35.0000,0.6560,0.6790,34.0000,0.6560,0.6720,32.0000
1786021562.8905,0.6560,0.6440,34.0000,0.6560,0.6520,35.0000,0.6560,0.6500,36.0000,0.6560,0.6610,33.0000
1786021562.9405,0.6560,0.6640,32.0000,0.6560,0.6680,34.0000,0.6560,0.6630,35.0000,0.6560,0.6750,32.0000
1786021562.9904,0.6560,0.6760,32.0000,0.6560,0.6810,33.0000,0.6560,0.6530,35.0000,0.6560,0.6630,33.0000
1786021563.0404,0.6560,0.6790,31.0000,0.6560,0.6760,33.0000,0.6560,0.6860,33.0000,0.6560,0.6730,32.0000
1786021563.0905,0.6560,0.6850,31.0000,0.6560,0.6780,33.0000,0.6560,0.6620,35.0000,0.6560,0.6680,32.0000
1786021563.1405,0.6560,0.6720,31.0000,0.6560,0.6710,33.0000,0.6560,0.6630,34.0000,0.6560,0.6660,32.0000
1786021563.1904,0.6560,0.6630,31.0000,0.6560,0.6610,33.0000,0.6560,0.6360,36.0000,0.6560,0.6540,33.0000
1786021563.2404,0.6560,0.6390,33.0000,0.6560,0.6490,34.0000,0.6560,0.6530,35.0000,0.6560,0.6180,35.0000
1786021563.2904,0.6560,0.6030,35.0000,0.6560,0.5960,37.0000,0.6560,0.6330,36.0000,0.6560,0.6320,34.0000
1786021563.3404,0.6560,0.6480,33.0000,0.6560,0.6510,34.0000,0.6560,0.6630,35.0000,0.6560,0.6720,32.0000
1786021563.3905,0.6560,0.6760,31.0000,0.6560,0.6710,33.0000,0.6560,0.6440,36.0000,0.6560,0.6630,33.0000
1786021563.4404,0.6560,0.6660,32.0000,0.6560,0.6680,34.0000,0.6560,0.6650,35.0000,0.6560,0.6560,33.0000
1786021563.4904,0.6560,0.6530,33.0000,0.6560,0.6440,35.0000,0.6560,0.6510,35.0000,0.6560,0.6670,32.0000
1786021563.5404,0.6560,0.6560,32.0000,0.6560,0.6480,35.0000,0.6560,0.6550,35.0000,0.6560,0.6640,32.0000
1786021563.5905,0.6560,0.6610,32.0000,0.6560,0.6660,34.0000,0.6560,0.6380,36.0000,0.6560,0.6700,32.0000
1786021563.6405,0.6560,0.6680,32.0000,0.6560,0.6690,33.0000,0.6560,0.6680,34.0000,0.6560,0.6570,32.0000
1786021563.6904,0.6560,0.6810,31.0000,0.6560,0.6690,33.0000,0.6560,0.6760,34.0000,0.6560,0.6800,31.0000
1786021563.7404,0.6560,0.6730,31.0000,0.6560,0.6630,33.0000,0.6560,0.6720,34.0000,0.6560,0.6550,32.0000
1786021563.7904,0.6560,0.6690,31.0000,0.6560,0.6560,34.0000,0.6560,0.6460,35.0000,0.6560,0.6600,32.0000
1786021563.8405,0.6560,0.6580,31.0000,0.6560,0.6640,33.0000,0.6560,0.6570,34.0000,0.6560,0.6430,33.0000
1786021563.8905,0.6560,0.6540,31.0000,0.6560,0.6550,33.0000,0.6560,0.6550,35.0000,0.6560,0.6570,32.0000
1786021563.9404,0.6560,0.6080,34.0000,0.6560,0.5970,37.0000,0.6560,0.6360,36.0000,0.6560,0.6360,33.0000
1786021563.9904,0.6560,0.6610,31.0000,0.6560,0.6460,34.0000,0.6560,0.6410,36.0000,0.6560,0.6630,32.0000
1786021564.0404,0.6560,0.6530,32.0000,0.6560,0.6630,34.0000,0.6560,0.6590,35.0000,0.6560,0.6400,33.0000
1786021564.0905,0.6560,0.6640,31.0000,0.6560,0.6670,33.0000,0.6560,0.6700,34.0000,0.6560,0.6620,32.0000
1786021564.1405,0.6560,0.6530,32.0000,0.6560,0.6550,34.0000,0.6560,0.6520,35.0000,0.6560,0.6500,33.0000
1786021564.1905,0.6560,0.6590,32.0000,0.6560,0.6620,33.0000,0.6560,0.6520,35.0000,0.6560,0.6690,32.0000
1786021564.2404,0.6560,0.6570,32.0000,0.6560,0.6640,33.0000,0.6560,0.6600,35.0000,0.6560,0.6510,33.0000
1786021564.2904,0.6560,0.6670,31.0000,0.6560,0.6640,33.0000,0.6560,0.6750,34.0000,0.6560,0.6760,31.0000
1786021564.3404,0.6560,0.6570,32.0000,0.6560,0.6600,33.0000,0.6560,0.6660,34.0000,0.6560,0.6580,32.0000
1786021564.3905,0.6560,0.6640,31.0000,0.6560,0.6580,33.0000,0.6560,0.6590,35.0000,0.6560,0.6730,31.0000
1786021564.4405,0.6560,0.6550,32.0000,0.6560,0.6610,33.0000,0.6560,0.6520,35.0000,0.6560,0.6450,33.0000
1786021564.4905,0.6560,0.6530,32.0000,0.6560,0.6550,34.0000,0.6560,0.6640,34.0000,0.6560,0.6550,32.0000
1786021564.5404,0.6560,0.6010,35.0000,0.6560,0.5830,38.0000,0.6560,0.6280,36.0000,0.6560,0.6270,34.0000
1786021564.5905,0.6560,0.6280,34.0000,0.6560,0.6320,35.0000,0.6560,0.6510,35.0000,0.6560,0.6530,33.0000
1786021564.6405,0.6560,0.6570,32.0000,0.6560,0.6770,33.0000,0.6560,0.6490,35.0000,0.6560,0.6510,33.0000
1786021564.6904,0.4160,0.6350,13.0000,0.4160,0.6500,14.0000,0.2960,0.6130,6.0000,0.2960,0.5940,5.0000
1786021564.7404,0.1200,0.1290,9.0000,0.1200,0.1580,8.0000,0.2400,0.1210,25.0000,0.2400,0.0880,26.0000
1786021564.7904,0.6560,0.5310,37.0000,0.6560,0.4960,40.0000,0.6560,0.5550,37.0000,0.6560,0.5920,35.0000
1786021564.8405,0.6560,0.6550,34.0000,0.6560,0.6570,34.0000,0.6560,0.6440,36.0000,0.6560,0.6680,34.0000
1786021564.8905,0.6560,0.6130,37.0000,0.6560,0.6270,37.0000,0.6560,0.6240,38.0000,0.6560,0.6460,36.0000
1786021564.9405,0.6560,0.6680,34.0000,0.6560,0.6950,34.0000,0.6560,0.6790,35.0000,0.6560,0.6950,33.0000
1786021564.9905,0.6560,0.6960,33.0000,0.6560,0.6850,34.0000,0.6560,0.6610,36.0000,0.6560,0.6890,33.0000
1786021565.0405,0.6560,0.7070,32.0000,0.6560,0.6780,34.0000,0.6560,0.6900,34.0000,0.6560,0.7050,32.0000
1786021565.0905,0.6560,0.7030,32.0000,0.6560,0.6910,33.0000,0.6560,0.6750,35.0000,0.6560,0.6830,33.0000
1786021565.1405,0.6560,0.6940,32.0000,0.6560,0.6820,33.0000,0.6560,0.6920,34.0000,0.6560,0.6720,33.0000
1786021565.1905,0.6560,0.6820,32.0000,0.6560,0.6750,33.0000,0.6560,0.6470,36.0000,0.6560,0.6700,33.0000
1786021565.2405,0.6560,0.6820,32.0000,0.6560,0.6590,34.0000,0.6560,0.6660,35.0000,0.6560,0.6700,33.0000
1786021565.2905,0.6560,0.6630,32.0000,0.6560,0.6720,33.0000,0.6560,0.6420,36.0000,0.6560,0.6570,33.0000
1786021565.3405,0.6560,0.6510,33.0000,0.6560,0.6700,33.0000,0.6560,0.6610,35.0000,0.6560,0.6640,33.0000
1786021565.3905,0.6560,0.6390,34.0000,0.6560,0.6550,34.0000,0.6560,0.6520,35.0000,0.6560,0.6560,33.0000
1786021565.4405,0.6560,0.6430,33.0000,0.6560,0.6510,34.0000,0.6560,0.6640,35.0000,0.6560,0.6670,33.0000
1786021565.4905,0.6560,0.6650,32.0000,0.6560,0.6650,33.0000,0.6560,0.6400,36.0000,0.6560,0.6580,33.0000
1786021565.5405,0.6560,0.6740,32.0000,0.6560,0.6690,33.0000,0.6560,0.6620,35.0000,0.6560,0.6580,33.0000
1786021565.5911,0.6560,0.6760,31.0000,0.6560,0.6670,33.0000,0.6560,0.6600,35.0000,0.6560,0.6680,32.0000
1786021565.6405,0.6560,0.6780,31.0000,0.6560,0.6600,33.0000,0.6560,0.6930,33.0000,0.6560,0.6740,32.0000
1786021565.6905,0.6560,0.6770,31.0000,0.6560,0.6840,32.0000,0.6560,0.6770,33.0000,0.6560,0.6660,32.0000
1786021565.7405,0.6560,0.6680,31.0000,0.6560,0.6570,33.0000,0.6560,0.6550,34.0000,0.6560,0.6600,32.0000
1786021565.7904,0.6560,0.6710,31.0000,0.6560,0.6570,33.0000,0.6560,0.6470,35.0000,0.6560,0.6610,32.0000
1786021565.8405,0.6560,0.6460,32.0000,0.6560,0.6400,34.0000,0.6560,0.6440,35.0000,0.6560,0.6550,33.0000
1786021565.8906,0.6560,0.6400,33.0000,0.6560,0.6030,36.0000,0.6560,0.5960,38.0000,0.6560,0.6580,32.0000
1786021565.9405,0.6560,0.6290,33.0000,0.6560,0.6130,36.0000,0.6560,0.6360,36.0000,0.6560,0.6470,33.0000
1786021565.9913,0.6560,0.6450,33.0000,0.6560,0.6370,35.0000,0.6560,0.6410,36.0000,0.6560,0.6620,32.0000
1786021566.0405,0.6560,0.6430,33.0000,0.6560,0.6240,36.0000,0.6560,0.6260,37.0000,0.6560,0.6580,32.0000
1786021566.0906,0.6560,0.6340,34.0000,0.6560,0.6260,36.0000,0.6560,0.6320,37.0000,0.6560,0.6650,32.0000
1786021566.1405,0.6560,0.6370,34.0000,0.6560,0.6580,35.0000,0.6560,0.6500,36.0000,0.6560,0.6480,33.0000
1786021566.1905,0.6560,0.6610,33.0000,0.6560,0.6700,34.0000,0.6560,0.6860,34.0000,0.6560,0.6660,32.0000
1786021566.2405,0.6560,0.6650,32.0000,0.6560,0.6740,34.0000,0.6560,0.6670,36.0000,0.6560,0.6600,32.0000
1786021566.2905,0.6560,0.6750,32.0000,0.6560,0.6710,34.0000,0.6560,0.6700,35.0000,0.6560,0.6720,31.0000
1786021566.3405,0.6560,0.6580,32.0000,0.6560,0.6750,34.0000,0.6560,0.6590,36.0000,0.6560,0.6440,33.0000
1786021566.3905,0.6560,0.6550,33.0000,0.6560,0.6520,35.0000,0.6560,0.6850,34.0000,0.6560,0.6650,32.0000
1786021566.4405,0.4160,0.6300,13.0000,0.8960,0.6400,56.0000,0.2960,0.6000,7.0000,1.0160,0.7320,59.0000
1786021566.5402,-0.0720,0.0920,-11.0000,1.2940,1.1280,67.0000,0.0190,0.1180,-2.0000,1.3850,1.3230,62.0000
1786021566.5901,-0.0720,-0.0410,-8.0000,1.2940,1.2540,64.0000,0.0190,0.0600,-3.0000,1.3850,1.3820,63.0000
1786021566.6402,-0.0720,-0.0540,-9.0000,1.2940,1.2720,65.0000,0.0190,0.0670,-5.0000,1.3850,1.4080,63.0000
1786021566.6412,-0.0720,-0.0450,-10.0000,1.2940,1.3200,63.0000,0.0190,0.1540,-11.0000,1.3850,1.4220,62.0000
1786021566.6905,-0.0720,-0.0610,-10.0000,1.2940,1.3660,60.0000,0.0190,0.0870,-8.0000,1.3850,1.4020,63.0000
1786021566.7405,-0.0720,-0.0600,-10.0000,1.2940,1.3280,62.0000,0.0190,0.0680,-8.0000,1.3850,1.4250,61.0000
1786021566.7905,-0.0720,-0.0360,-11.0000,1.2940,1.2440,67.0000,0.0190,0.0060,-5.0000,1.3850,1.3920,63.0000
1786021566.8406,-0.0720,-0.0320,-12.0000,1.2940,1.2630,66.0000,0.0190,0.0000,-5.0000,1.3850,1.4210,61.0000
1786021566.8906,-0.0720,-0.0560,-11.0000,1.2940,1.2610,66.0000,0.0190,0.0000,-5.0000,1.3850,1.3840,62.0000
1786021566.9406,-0.0720,-0.0750,-10.0000,1.2940,1.2820,66.0000,0.0190,0.0000,-5.0000,1.3850,1.4100,61.0000
1786021566.9905,-0.0720,-0.0720,-10.0000,1.2940,1.3180,64.0000,0.0190,0.0030,-5.0000,1.3850,1.3720,63.0000
1786021567.0405,0.1680,-0.0440,16.0000,1.0540,1.3420,41.0000,0.3790,0.0680,31.0000,1.0250,1.3470,32.0000
1786021567.0906,0.6560,0.4820,33.0000,0.6560,0.7990,33.0000,0.6560,0.5680,32.0000,0.6560,0.7460,30.0000
1786021567.1405,0.6560,0.6070,31.0000,0.6560,0.6370,38.0000,0.6560,0.6150,33.0000,0.6560,0.6410,31.0000
1786021567.1905,0.6560,0.6310,32.0000,0.6560,0.6270,37.0000,0.6560,0.6220,34.0000,0.6560,0.6230,32.0000
1786021567.2405,0.6560,0.6460,32.0000,0.6560,0.6360,37.0000,0.6560,0.6370,34.0000,0.6560,0.6380,31.0000
1786021567.2905,0.6560,0.6420,32.0000,0.6560,0.6360,37.0000,0.6560,0.6210,35.0000,0.6560,0.6150,32.0000
1786021567.3405,0.6560,0.6550,31.0000,0.6560,0.6230,38.0000,0.6560,0.6430,34.0000,0.6560,0.6350,31.0000
1786021567.3906,0.6560,0.6510,32.0000,0.6560,0.6250,38.0000,0.6560,0.6520,34.0000,0.6560,0.6270,32.0000
1786021567.4405,0.6560,0.6550,32.0000,0.6560,0.6420,38.0000,0.6560,0.6460,35.0000,0.6560,0.6460,31.0000
1786021567.4912,0.6560,0.6510,32.0000,0.6560,0.6790,36.0000,0.6560,0.6380,35.0000,0.6560,0.6360,32.0000
1786021567.5410,0.6560,0.6610,31.0000,0.6560,0.6870,35.0000,0.6560,0.6560,35.0000,0.6560,0.6410,32.0000
1786021567.5905,0.6560,0.6590,31.0000,0.6560,0.6850,35.0000,0.6560,0.6720,33.0000,0.6560,0.6480,32.0000
1786021567.6408,0.6560,0.6570,31.0000,0.6560,0.6450,37.0000,0.6560,0.6540,34.0000,0.6560,0.6470,32.0000
1786021567.6906,0.6560,0.6530,32.0000,0.6560,0.6130,39.0000,0.6560,0.6520,34.0000,0.6560,0.6490,32.0000
1786021567.7412,0.6560,0.6490,32.0000,0.6560,0.6260,38.0000,0.6560,0.6450,35.0000,0.6560,0.6340,33.0000
1786021567.7917,0.6560,0.6360,33.0000,0.6560,0.6290,38.0000,0.6560,0.6680,34.0000,0.6560,0.6510,32.0000
1786021567.8414,0.6560,0.6450,32.0000,0.6560,0.6060,40.0000,0.6560,0.6390,35.0000,0.6560,0.6510,33.0000
1786021567.8917,0.6560,0.6520,32.0000,0.6560,0.6290,39.0000,0.6560,0.6510,35.0000,0.6560,0.6520,33.0000
1786021567.9405,0.6560,0.6540,32.0000,0.6560,0.6450,39.0000,0.6560,0.6440,35.0000,0.6560,0.6400,33.0000
1786021567.9905,0.6560,0.6650,32.0000,0.6560,0.6690,38.0000,0.6560,0.6730,34.0000,0.6560,0.6670,32.0000
1786021568.0405,0.6560,0.6580,32.0000,0.6560,0.6840,37.0000,0.6560,0.6460,35.0000,0.6560,0.6540,33.0000
1786021568.0906,0.6560,0.6700,31.0000,0.6560,0.6880,36.0000,0.6560,0.6570,35.0000,0.6560,0.6690,32.0000
1786021568.1406,0.6560,0.6630,32.0000,0.6560,0.6970,35.0000,0.6560,0.6470,35.0000,0.6560,0.6450,33.0000
1786021568.1906,0.6560,0.6600,32.0000,0.6560,0.6980,35.0000,0.6560,0.7150,31.0000,0.6560,0.6720,32.0000
1786021568.2406,0.6560,0.6560,32.0000,0.6560,0.6960,35.0000,0.6560,0.6930,32.0000,0.6560,0.6630,32.0000
1786021568.2906,0.6560,0.6780,30.0000,0.6560,0.6930,34.0000,0.6560,0.6910,32.0000,0.6560,0.6760,31.0000
1786021568.3406,0.6560,0.6670,31.0000,0.6560,0.6700,35.0000,0.6560,0.6410,34.0000,0.6560,0.6440,33.0000
1786021568.3906,0.6560,0.6550,31.0000,0.6560,0.6560,35.0000,0.6560,0.6570,33.0000,0.6560,0.6620,32.0000
1786021568.4405,0.6560,0.6530,32.0000,0.6560,0.6090,38.0000,0.6560,0.6350,35.0000,0.6560,0.6450,33.0000
1786021568.4905,0.6560,0.6580,31.0000,0.6560,0.6220,38.0000,0.6560,0.6450,34.0000,0.6560,0.6550,32.0000
1786021568.5405,0.6560,0.6480,32.0000,0.6560,0.6300,38.0000,0.6560,0.6250,35.0000,0.6560,0.6380,33.0000
1786021568.5906,0.6560,0.6580,31.0000,0.6560,0.6150,39.0000,0.6560,0.6530,34.0000,0.6560,0.6520,32.0000
1786021568.6406,0.5360,0.6480,22.0000,0.5360,0.6450,27.0000,0.4160,0.6300,15.0000,0.4160,0.6310,13.0000
1786021568.8406,0.0000,0.2170,0.0000,0.0000,0.2540,0.0000,0.0000,0.3180,0.0000,0.0000,0.1460,0.0000
1786021568.8412,0.0000,0.0370,0.0000,0.0000,0.0170,0.0000,0.0000,0.1600,0.0000,0.0000,0.0100,0.0000
1786021568.8421,0.0000,0.0740,0.0000,0.0000,0.0010,0.0000,0.0000,0.0620,0.0000,0.0000,0.0010,0.0000
1786021568.8428,0.0000,0.0200,0.0000,0.0000,-0.0010,0.0000,0.0000,-0.0030,0.0000,0.0000,0.0000,0.0000
1786021568.8905,0.0000,0.0010,0.0000,0.0000,-0.0000,0.0000,0.0000,-0.0020,0.0000,0.0000,0.0000,0.0000
1786021568.9404,0.0000,0.0000,0.0000,0.0000,-0.0000,0.0000,0.0000,-0.0000,0.0000,0.0000,0.0000,0.0000
1786021568.9904,0.0000,0.0000,0.0000,0.0000,-0.0000,0.0000,0.0000,-0.0000,0.0000,0.0000,0.0000,0.0000
1786021569.0407,-0.4800,-0.1970,-39.0000,-0.4800,-0.2140,-38.0000,-0.6000,-0.2610,-47.0000,-0.6000,-0.3400,-42.0000
1786021569.0909,-0.6560,-0.5290,-40.0000,-0.6560,-0.6250,-35.0000,-0.6560,-0.5330,-42.0000,-0.6560,-0.6230,-36.0000
1786021569.1408,-0.6560,-0.5940,-40.0000,-0.6560,-0.6520,-36.0000,-0.6560,-0.6160,-40.0000,-0.6560,-0.6770,-35.0000
1786021569.1906,-0.1760,-0.5550,0.0000,-0.1760,-0.5490,1.0000,-0.0560,-0.4870,13.0000,-0.0560,-0.4450,13.0000
1786021569.2405,0.0000,-0.0710,0.0000,0.0000,-0.0650,0.0000,0.0000,-0.0710,0.0000,0.0000,-0.0360,0.0000
1786021569.2905,0.0000,-0.0060,0.0000,0.0000,-0.0260,0.0000,0.0000,-0.0090,0.0000,0.0000,-0.0030,0.0000
1786021569.3406,0.0000,-0.1340,0.0000,0.0000,-0.1740,0.0000,0.0000,-0.0010,0.0000,0.0000,-0.0020,0.0000
1786021569.3905,0.0000,-0.0500,0.0000,0.0000,-0.0760,0.0000,0.0000,0.0020,0.0000,0.0000,0.0040,0.0000
1786021569.4405,0.0000,-0.0020,0.0000,0.0000,-0.0030,0.0000,0.0000,0.0010,0.0000,0.0000,0.0010,0.0000
1786021569.6399,0.0000,0.0000,0.0000,0.0000,0.0020,0.0000,0.0000,0.0000,0.0000,0.0000,0.0000,0.0000
1786021569.6407,0.0000,0.0000,0.0000,0.0000,0.0000,0.0000,0.0000,0.0000,0.0000,0.0000,0.0000,0.0000
1786021569.6415,0.0000,0.0000,0.0000,0.0000,0.0000,0.0000,0.0000,0.0000,0.0000,0.0000,0.0000,0.0000
1786021569.6423,0.0000,0.0000,0.0000,0.0000,-0.0020,0.0000,0.1200,0.0000,14.0000,-0.1200,0.0000,-14.0000
1786021569.6906,-0.6000,-0.3150,-43.0000,0.6000,0.2680,47.0000,0.6560,0.4160,44.0000,-0.6560,-0.4570,-41.0000
1786021569.7406,-0.6560,-0.6500,-34.0000,0.6560,0.5620,40.0000,0.6560,0.6140,38.0000,-0.6560,-0.6700,-34.0000
1786021569.7906,-0.6560,-0.6530,-36.0000,0.6560,0.5670,43.0000,0.6560,0.5810,42.0000,-0.6560,-0.4590,-48.0000
1786021569.8406,-0.6560,-0.5620,-42.0000,0.6560,0.5840,44.0000,0.6560,0.6550,38.0000,-0.6560,-0.5100,-46.0000
1786021569.8907,-0.6560,-0.6460,-38.0000,0.6560,0.6120,43.0000,0.6560,0.6110,41.0000,-0.6560,-0.6090,-42.0000
1786021569.9407,-0.6560,-0.6710,-37.0000,0.6560,0.5820,46.0000,0.6560,0.6290,41.0000,-0.6560,-0.6730,-40.0000
1786021569.9907,-0.6560,-0.6780,-36.0000,0.6560,0.6300,44.0000,0.6560,0.6810,38.0000,-0.6560,-0.6600,-41.0000
1786021570.0407,-0.6560,-0.6080,-40.0000,0.6560,0.6870,41.0000,0.6560,0.6830,38.0000,-0.6560,-0.6380,-42.0000
1786021570.0907,-0.6560,-0.6380,-39.0000,0.6560,0.6920,40.0000,0.6560,0.6600,39.0000,-0.6560,-0.6850,-39.0000
1786021570.1407,-0.6560,-0.6580,-38.0000,0.6560,0.7020,39.0000,0.6560,0.6940,36.0000,-0.6560,-0.6790,-39.0000
1786021570.1908,-0.6560,-0.6330,-39.0000,0.6560,0.6930,39.0000,0.6560,0.6540,38.0000,-0.6560,-0.6500,-41.0000
1786021570.2407,-0.6560,-0.6180,-40.0000,0.6560,0.6660,40.0000,0.6560,0.6180,40.0000,-0.6560,-0.6230,-42.0000
1786021570.2907,-0.6560,-0.6500,-39.0000,0.6560,0.6410,42.0000,0.6560,0.6130,41.0000,-0.6560,-0.6560,-41.0000
1786021570.3407,-0.6560,-0.6590,-39.0000,0.6560,0.6140,43.0000,0.6560,0.6450,39.0000,-0.6560,-0.6560,-41.0000
1786021570.3908,-0.6560,-0.6610,-38.0000,0.6560,0.6300,43.0000,0.6560,0.6420,40.0000,-0.6560,-0.6510,-41.0000
1786021570.4407,-0.6560,-0.6560,-39.0000,0.6560,0.6540,41.0000,0.6560,0.6000,43.0000,-0.6560,-0.6440,-42.0000
1786021570.4907,-0.6560,-0.6660,-38.0000,0.6560,0.6430,42.0000,0.6560,0.6070,43.0000,-0.6560,-0.6620,-41.0000
1786021570.5408,-0.6560,-0.6750,-37.0000,0.6560,0.6140,44.0000,0.6560,0.6430,41.0000,-0.6560,-0.6480,-41.0000
1786021570.5907,-0.6560,-0.6720,-37.0000,0.6560,0.6360,43.0000,0.6560,0.6610,41.0000,-0.6560,-0.6520,-41.0000
1786021570.6407,-0.6560,-0.6660,-38.0000,0.6560,0.6740,41.0000,0.6560,0.6430,42.0000,-0.6560,-0.6370,-42.0000
1786021570.6907,-0.6560,-0.6420,-39.0000,0.6560,0.7040,39.0000,0.6560,0.6740,40.0000,-0.6560,-0.6940,-39.0000
1786021570.7407,-0.6560,-0.6400,-39.0000,0.6560,0.7370,37.0000,0.6560,0.6940,39.0000,-0.6560,-0.6960,-38.0000
1786021570.7906,-0.6560,-0.6590,-38.0000,0.6560,0.7310,37.0000,0.6560,0.7050,38.0000,-0.6560,-0.6680,-40.0000
1786021570.8407,-0.6560,-0.6640,-38.0000,0.6560,0.7100,37.0000,0.6560,0.6560,40.0000,-0.6560,-0.6310,-41.0000
1786021570.8915,-0.6560,-0.6630,-38.0000,0.6560,0.6700,38.0000,0.6560,0.6480,40.0000,-0.6560,-0.6810,-38.0000
1786021570.9407,-0.6560,-0.6360,-39.0000,0.6560,0.6330,40.0000,0.6560,0.6620,40.0000,-0.6560,-0.6940,-38.0000
1786021570.9906,-0.6560,-0.6250,-40.0000,0.6560,0.6320,40.0000,0.6560,0.6560,40.0000,-0.6560,-0.6550,-40.0000
1786021571.0407,-0.6560,-0.6550,-39.0000,0.6560,0.6550,39.0000,0.6560,0.6150,43.0000,-0.6560,-0.6390,-40.0000
1786021571.0907,-0.6560,-0.6540,-39.0000,0.6560,0.6470,40.0000,0.6560,0.6390,41.0000,-0.6560,-0.6620,-39.0000
1786021571.1408,-0.6560,-0.6540,-39.0000,0.6560,0.6400,40.0000,0.6560,0.6230,43.0000,-0.6560,-0.6600,-39.0000
1786021571.1913,-0.6560,-0.6520,-39.0000,0.6560,0.6170,42.0000,0.6560,0.6510,41.0000,-0.6560,-0.6310,-41.0000
1786021571.2407,-0.6560,-0.6290,-41.0000,0.6560,0.6240,42.0000,0.6560,0.6650,41.0000,-0.6560,-0.6200,-42.0000
1786021571.2915,-0.6560,-0.6260,-41.0000,0.6560,0.6460,41.0000,0.6560,0.6760,40.0000,-0.6560,-0.6560,-40.0000
1786021571.3408,-0.6560,-0.6450,-40.0000,0.6560,0.6580,40.0000,0.6560,0.6670,40.0000,-0.6560,-0.7000,-38.0000
1786021571.3908,-0.6560,-0.6540,-40.0000,0.6560,0.6400,41.0000,0.6560,0.6540,41.0000,-0.6560,-0.7090,-37.0000
1786021571.4407,-0.5360,-0.6420,-30.0000,0.5360,0.6420,31.0000,0.4160,0.6000,23.0000,-0.4160,-0.6450,-19.0000
1786021571.4905,0.0000,-0.3010,0.0000,0.0000,0.3040,0.0000,0.0000,0.3330,0.0000,0.0000,-0.1780,0.0000
1786021571.5405,0.0000,-0.0150,0.0000,0.0000,0.0210,0.0000,0.0000,0.0170,0.0000,0.0000,-0.0130,0.0000
1786021571.5905,0.0000,-0.0010,0.0000,0.0000,0.0020,0.0000,0.0000,0.0010,0.0000,0.0000,-0.0010,0.0000
1786021571.6406,0.0000,-0.0000,0.0000,0.0000,0.0000,0.0000,0.0000,0.0000,0.0000,0.0000,-0.0000,0.0000
1786021571.6905,0.0000,-0.0000,0.0000,0.0000,0.0000,0.0000,0.0000,0.0000,0.0000,0.0000,-0.0000,0.0000
1786021571.7406,0.0000,-0.0000,0.0000,0.0000,0.0000,0.0000,0.0000,0.0000,0.0000,0.0000,-0.0000,0.0000
1786021571.7905,0.0000,-0.0000,0.0000,0.0000,0.0000,0.0000,0.0000,0.0000,0.0000,0.0000,-0.0000,0.0000
1786021571.8405,0.0000,-0.0000,0.0000,0.0000,0.0000,0.0000,0.0000,0.0000,0.0000,0.0000,-0.0000,0.0000
1786021571.8906,0.2400,0.0240,27.0000,0.2400,0.0120,28.0000,0.3600,0.0620,36.0000,0.3600,0.0720,35.0000
1786021571.9406,0.6560,0.6150,33.0000,0.6560,0.4480,44.0000,0.6560,0.5920,36.0000,0.6560,0.6640,32.0000
1786021571.9906,0.6560,0.6670,34.0000,0.6560,0.6110,39.0000,0.5360,0.5610,32.0000,0.5360,0.6400,26.0000
1786021572.0406,0.0560,0.4120,-12.0000,0.0560,0.3860,-8.0000,0.0560,0.3410,-12.0000,0.0000,0.3130,0.0000
1786021572.2406,0.0000,0.0220,0.0000,0.0000,0.0380,0.0000,0.0000,0.0280,0.0000,0.0000,0.0240,0.0000
1786021572.2413,0.0000,0.0020,0.0000,0.0000,0.0030,0.0000,0.0000,0.0040,0.0000,0.0000,0.0030,0.0000
1786021572.2419,0.0000,0.0110,0.0000,0.0000,0.0000,0.0000,0.0000,0.0000,0.0000,0.0000,0.0000,0.0000
1786021572.2426,0.0000,-0.0100,0.0000,0.0000,-0.0010,0.0000,0.0000,-0.0050,0.0000,0.0000,-0.0010,0.0000
1786021572.2905,0.0000,-0.0020,0.0000,0.0000,-0.0020,0.0000,0.0000,-0.0000,0.0000,0.0000,-0.0030,0.0000
1786021572.3406,0.0000,-0.0050,0.0000,0.0000,-0.0080,0.0000,0.0000,-0.0040,0.0000,0.0000,-0.0030,0.0000
1786021572.3906,0.0000,-0.0010,0.0000,0.0000,-0.0020,0.0000,0.0000,-0.0070,0.0000,0.0000,-0.0030,0.0000
1786021572.4407,0.3600,0.0720,35.0000,-0.3600,-0.0940,-34.0000,0.4800,0.1050,45.0000,-0.4800,-0.1930,-39.0000
1786021572.4907,0.7280,0.7090,35.0000,-0.6380,-0.6250,-33.0000,0.6380,0.6010,35.0000,-0.7280,-0.7420,-35.0000
1786021572.5407,0.7280,0.6420,43.0000,-0.6380,-0.6080,-37.0000,0.5180,0.5950,29.0000,-0.6080,-0.6910,-31.0000
1786021572.5906,0.1280,0.4390,-1.0000,-0.0380,-0.3660,10.0000,0.0000,0.3240,0.0000,-0.0080,-0.3750,0.0000
1786021572.6406,0.0000,0.0380,0.0000,0.0000,-0.0280,0.0000,0.0000,0.0130,0.0000,0.0000,0.0040,0.0000
1786021572.6905,0.0000,0.0030,0.0000,0.0000,-0.0020,0.0000,0.0000,0.0020,0.0000,0.0000,0.0010,0.0000
1786021572.7407,0.2400,0.0100,28.0000,-0.2400,-0.0150,-28.0000,0.3600,0.0140,39.0000,-0.3600,-0.0740,-35.0000
1786021572.7907,0.7280,0.5520,43.0000,-0.6380,-0.5600,-35.0000,0.6380,0.5000,40.0000,-0.7280,-0.6400,-40.0000
1786021572.8407,0.7280,0.7350,37.0000,-0.6380,-0.6430,-34.0000,0.5180,0.5910,29.0000,-0.6080,-0.6730,-32.0000
1786021572.8907,0.1280,0.4840,-4.0000,-0.0380,-0.3930,12.0000,0.0000,0.2660,0.0000,-0.0080,-0.3130,0.0000
1786021572.9405,0.0000,0.0450,0.0000,0.0000,-0.0240,0.0000,0.0000,-0.0190,0.0000,0.0000,-0.0150,0.0000
1786021572.9905,0.0000,-0.0070,0.0000,0.0000,-0.0020,0.0000,0.0000,-0.0330,0.0000,0.0000,-0.0010,0.0000
1786021573.0405,0.0000,0.0000,0.0000,0.0000,-0.0000,0.0000,0.0000,-0.0030,0.0000,0.0000,-0.0000,0.0000
1786021573.0906,0.0000,0.0000,0.0000,0.0000,-0.0000,0.0000,0.0000,-0.0000,0.0000,0.0000,-0.0000,0.0000
1786021573.1406,0.0000,0.0000,0.0000,0.0000,-0.0000,0.0000,0.0000,-0.0000,0.0000,0.0000,-0.0000,0.0000
1786021573.1905,0.0000,0.0000,0.0000,0.0000,-0.0000,0.0000,0.0000,-0.0000,0.0000,0.0000,-0.0000,0.0000
1786021573.2406,0.0000,0.0000,0.0000,0.0000,-0.0000,0.0000,0.0000,-0.0000,0.0000,0.0000,-0.0000,0.0000
1786021573.2906,0.0000,0.0000,0.0000,0.0000,-0.0000,0.0000,0.0000,-0.0000,0.0000,0.0000,-0.0000,0.0000
1786021573.3406,0.0000,0.0000,0.0000,0.0000,-0.0000,0.0000,0.0000,-0.0000,0.0000,0.0000,-0.0000,0.0000
1786021573.3906,0.0000,0.0000,0.0000,0.0000,-0.0000,0.0000,0.0000,-0.0000,0.0000,0.0000,-0.0000,0.0000
1786021573.4405,0.0000,0.0000,0.0000,0.0000,-0.0000,0.0000,0.0000,-0.0000,0.0000,0.0000,-0.0000,0.0000
1786021573.4905,0.0000,0.0000,0.0000,0.0000,-0.0000,0.0000,0.0000,-0.0000,0.0000,0.0000,-0.0000,0.0000
1786021573.5405,0.0000,0.0000,0.0000,0.0000,-0.0000,0.0000,0.0000,-0.0000,0.0000,0.0000,-0.0000,0.0000
1786021573.6406,0.0000,0.0000,0.0000,0.0000,-0.0000,0.0000,0.0000,-0.0000,0.0000,0.0000,-0.0000,0.0000
1786021573.6905,0.0000,0.0000,0.0000,0.0000,-0.0000,0.0000,0.0000,-0.0000,0.0000,0.0000,-0.0000,0.0000
1786021573.7406,0.0000,0.0000,0.0000,0.0000,-0.0000,0.0000,0.0000,-0.0000,0.0000,0.0000,-0.0000,0.0000
1786021573.7905,0.0000,0.0000,0.0000,0.0000,-0.0000,0.0000,0.0000,-0.0000,0.0000,0.0000,-0.0000,0.0000
1786021573.8406,0.0000,0.0000,0.0000,0.0000,-0.0000,0.0000,0.0000,-0.0000,0.0000,0.0000,-0.0000,0.0000
1786021573.8906,0.0000,0.0000,0.0000,0.0000,-0.0000,0.0000,0.0000,-0.0000,0.0000,0.0000,-0.0000,0.0000
1786021573.9406,0.0000,0.0000,0.0000,0.0000,-0.0000,0.0000,0.0000,-0.0000,0.0000,0.0000,-0.0000,0.0000
1786021573.9905,0.0000,0.0000,0.0000,0.0000,-0.0000,0.0000,0.0000,-0.0000,0.0000,0.0000,-0.0000,0.0000
1786021574.0405,0.0000,0.0000,0.0000,0.0000,-0.0000,0.0000,0.0000,-0.0000,0.0000,0.0000,-0.0000,0.0000
1786021574.0906,0.0000,0.0000,0.0000,0.0000,-0.0000,0.0000,0.0000,-0.0000,0.0000,0.0000,-0.0000,0.0000
1786021574.1406,0.0000,0.0000,0.0000,0.0000,-0.0000,0.0000,0.0000,-0.0000,0.0000,0.0000,-0.0000,0.0000
1786021574.1905,0.0000,0.0000,0.0000,0.0000,-0.0000,0.0000,0.0000,-0.0000,0.0000,0.0000,-0.0000,0.0000
1786021574.2406,0.0000,0.0000,0.0000,0.0000,-0.0000,0.0000,0.0000,-0.0000,0.0000,0.0000,-0.0000,0.0000
1786021574.2905,0.0000,0.0000,0.0000,0.0000,-0.0000,0.0000,0.0000,-0.0000,0.0000,0.0000,-0.0000,0.0000
1786021574.3409,-0.4800,-0.1910,-39.0000,-0.4800,-0.1890,-40.0000,-0.6000,-0.2750,-46.0000,-0.6000,-0.2650,-46.0000
1786021574.3909,-0.6560,-0.6420,-34.0000,-0.6560,-0.6120,-36.0000,-0.6560,-0.6540,-35.0000,-0.6560,-0.5140,-43.0000
1786021574.4409,-0.6560,-0.6400,-36.0000,-0.6560,-0.6460,-37.0000,-0.6560,-0.6170,-39.0000,-0.6560,-0.5830,-42.0000
1786021574.4909,-0.6560,-0.6680,-36.0000,-0.6560,-0.6760,-36.0000,-0.6560,-0.6770,-36.0000,-0.6560,-0.6630,-39.0000
1786021574.5409,-0.6560,-0.6730,-35.0000,-0.6560,-0.6830,-36.0000,-0.6560,-0.6540,-38.0000,-0.6560,-0.6770,-39.0000
1786021574.5910,-0.6560,-0.6780,-35.0000,-0.6560,-0.6840,-35.0000,-0.6560,-0.6600,-38.0000,-0.6560,-0.6890,-38.0000
1786021574.6410,-0.6560,-0.6850,-34.0000,-0.6560,-0.6860,-35.0000,-0.6560,-0.6590,-38.0000,-0.6560,-0.7350,-35.0000
1786021574.6910,-0.6560,-0.6800,-34.0000,-0.6560,-0.6790,-35.0000,-0.6560,-0.6830,-36.0000,-0.6560,-0.6990,-36.0000
1786021574.7409,-0.6560,-0.6900,-33.0000,-0.6560,-0.6690,-35.0000,-0.6560,-0.6610,-37.0000,-0.6560,-0.7170,-34.0000
1786021574.7910,-0.6560,-0.6860,-33.0000,-0.6560,-0.6800,-34.0000,-0.6560,-0.6610,-37.0000,-0.6560,-0.6870,-35.0000
1786021574.8410,-0.6560,-0.6650,-34.0000,-0.6560,-0.6780,-34.0000,-0.6560,-0.6610,-37.0000,-0.6560,-0.6990,-34.0000
1786021574.8909,-0.6560,-0.6610,-34.0000,-0.6560,-0.6690,-35.0000,-0.6560,-0.6730,-36.0000,-0.6560,-0.6650,-36.0000
1786021574.9410,-0.6560,-0.6480,-35.0000,-0.6560,-0.6400,-36.0000,-0.6560,-0.6460,-38.0000,-0.6560,-0.6500,-36.0000
1786021574.9911,-0.6560,-0.6540,-35.0000,-0.6560,-0.6360,-36.0000,-0.6560,-0.6270,-39.0000,-0.6560,-0.6290,-37.0000
1786021575.0410,-0.6560,-0.6410,-35.0000,-0.6560,-0.5850,-40.0000,-0.6560,-0.6380,-39.0000,-0.6560,-0.6210,-38.0000
1786021575.0916,-0.6560,-0.6650,-34.0000,-0.6560,-0.5920,-40.0000,-0.6560,-0.6600,-38.0000,-0.6560,-0.6560,-36.0000
1786021575.1409,-0.6560,-0.6750,-34.0000,-0.6560,-0.6290,-39.0000,-0.6560,-0.6750,-37.0000,-0.6560,-0.6650,-36.0000
1786021575.1909,-0.6560,-0.6650,-34.0000,-0.6560,-0.6660,-37.0000,-0.6560,-0.6660,-37.0000,-0.6560,-0.6630,-36.0000
1786021575.2409,-0.6560,-0.6650,-34.0000,-0.6560,-0.6770,-36.0000,-0.6560,-0.6650,-37.0000,-0.6560,-0.6960,-34.0000
1786021575.2914,-0.6560,-0.6660,-34.0000,-0.6560,-0.6710,-36.0000,-0.6560,-0.6470,-38.0000,-0.6560,-0.6960,-34.0000
1786021575.3410,-0.6560,-0.6650,-34.0000,-0.6560,-0.6630,-37.0000,-0.6560,-0.6530,-38.0000,-0.6560,-0.6920,-33.0000
1786021575.3910,-0.6560,-0.6660,-33.0000,-0.6560,-0.6800,-36.0000,-0.6560,-0.6590,-38.0000,-0.6560,-0.6770,-34.0000
1786021575.4409,-0.6560,-0.6590,-34.0000,-0.6560,-0.6920,-35.0000,-0.6560,-0.6350,-39.0000,-0.6560,-0.7030,-32.0000
1786021575.4909,-0.6560,-0.6620,-33.0000,-0.6560,-0.6930,-34.0000,-0.6560,-0.6630,-38.0000,-0.6560,-0.6780,-33.0000
1786021575.5410,-0.6560,-0.6690,-33.0000,-0.6560,-0.6740,-35.0000,-0.6560,-0.6470,-38.0000,-0.6560,-0.6810,-32.0000
1786021575.5917,-0.6560,-0.6610,-33.0000,-0.6560,-0.6800,-34.0000,-0.6560,-0.6610,-38.0000,-0.6560,-0.6660,-33.0000
1786021575.6410,-0.6560,-0.6650,-33.0000,-0.6560,-0.6800,-34.0000,-0.6560,-0.6680,-37.0000,-0.6560,-0.6870,-31.0000
1786021575.6910,-0.6560,-0.6530,-34.0000,-0.6560,-0.6140,-38.0000,-0.6560,-0.6570,-38.0000,-0.6560,-0.6640,-33.0000
1786021575.7409,-0.6560,-0.6690,-33.0000,-0.6560,-0.5880,-39.0000,-0.6560,-0.6530,-38.0000,-0.6560,-0.6690,-32.0000
1786021575.7910,-0.6560,-0.6540,-33.0000,-0.6560,-0.6010,-39.0000,-0.6560,-0.6600,-37.0000,-0.6560,-0.6470,-33.0000
1786021575.8411,-0.6560,-0.6590,-33.0000,-0.6560,-0.6430,-37.0000,-0.6560,-0.6570,-38.0000,-0.6560,-0.6770,-31.0000
1786021575.8910,-0.6560,-0.6570,-33.0000,-0.6560,-0.6650,-37.0000,-0.6560,-0.6660,-37.0000,-0.6560,-0.6580,-32.0000
1786021575.9410,-0.6560,-0.6680,-33.0000,-0.6560,-0.6640,-37.0000,-0.6560,-0.6830,-36.0000,-0.6560,-0.6610,-32.0000
1786021575.9910,-0.6560,-0.6540,-33.0000,-0.6560,-0.6880,-35.0000,-0.6560,-0.6550,-37.0000,-0.6560,-0.6480,-33.0000
1786021576.0409,-0.6560,-0.6630,-33.0000,-0.6560,-0.6970,-34.0000,-0.6560,-0.6530,-37.0000,-0.6560,-0.6740,-31.0000
1786021576.0910,-0.6560,-0.6480,-34.0000,-0.6560,-0.6900,-34.0000,-0.6560,-0.6620,-37.0000,-0.6560,-0.6580,-32.0000
1786021576.1410,-0.6560,-0.6670,-32.0000,-0.6560,-0.6770,-35.0000,-0.6560,-0.6790,-36.0000,-0.6560,-0.6580,-32.0000
1786021576.1909,-0.6560,-0.6510,-33.0000,-0.6560,-0.6780,-34.0000,-0.6560,-0.6530,-37.0000,-0.6560,-0.6470,-33.0000
1786021576.2410,-0.6560,-0.6600,-33.0000,-0.6560,-0.6790,-34.0000,-0.6560,-0.6590,-37.0000,-0.6560,-0.6620,-32.0000
1786021576.2910,-0.6560,-0.6580,-33.0000,-0.6560,-0.6760,-34.0000,-0.6560,-0.6570,-37.0000,-0.6560,-0.6580,-32.0000
1786021576.3410,-0.6560,-0.6690,-32.0000,-0.6560,-0.6410,-36.0000,-0.6560,-0.6710,-36.0000,-0.6560,-0.6630,-32.0000
1786021576.3911,-0.6560,-0.6560,-33.0000,-0.6560,-0.6130,-37.0000,-0.6560,-0.6530,-37.0000,-0.6560,-0.6520,-32.0000
1786021576.4410,-0.6560,-0.6650,-32.0000,-0.6560,-0.6320,-37.0000,-0.6560,-0.6520,-37.0000,-0.6560,-0.6550,-32.0000
1786021576.4910,-0.6560,-0.6460,-33.0000,-0.6560,-0.6630,-35.0000,-0.6560,-0.6540,-36.0000,-0.6560,-0.6590,-32.0000
1786021576.5409,-0.6560,-0.6510,-33.0000,-0.6560,-0.6460,-36.0000,-0.6560,-0.6700,-36.0000,-0.6560,-0.6640,-32.0000
1786021576.5911,-0.6560,-0.6450,-34.0000,-0.6560,-0.6460,-36.0000,-0.6560,-0.6480,-37.0000,-0.6560,-0.6520,-32.0000
1786021576.6411,-0.6560,-0.6520,-33.0000,-0.6560,-0.6610,-35.0000,-0.6560,-0.6550,-36.0000,-0.6560,-0.6580,-32.0000
1786021576.6910,-0.6560,-0.6530,-33.0000,-0.6560,-0.6910,-34.0000,-0.6560,-0.6590,-36.0000,-0.6560,-0.6680,-31.0000
1786021576.7409,-0.6560,-0.6630,-33.0000,-0.6560,-0.6800,-34.0000,-0.6560,-0.6710,-35.0000,-0.6560,-0.6580,-32.0000
1786021576.7910,-0.6560,-0.6560,-33.0000,-0.6560,-0.6710,-34.0000,-0.6560,-0.6570,-36.0000,-0.6560,-0.6600,-31.0000
1786021576.8410,-0.6560,-0.6700,-32.0000,-0.6560,-0.6740,-34.0000,-0.6560,-0.6660,-36.0000,-0.6560,-0.6560,-32.0000
1786021576.8910,-0.6560,-0.6590,-33.0000,-0.6560,-0.6720,-34.0000,-0.6560,-0.6600,-36.0000,-0.6560,-0.6700,-31.0000
1786021576.9410,-0.6560,-0.6650,-32.0000,-0.6560,-0.6690,-34.0000,-0.6560,-0.6620,-36.0000,-0.6560,-0.6530,-32.0000
1786021576.9911,-0.6560,-0.6450,-33.0000,-0.6560,-0.6590,-34.0000,-0.6560,-0.6600,-36.0000,-0.6560,-0.6540,-32.0000
1786021577.0409,-0.6560,-0.6550,-33.0000,-0.6560,-0.6670,-33.0000,-0.6560,-0.6500,-36.0000,-0.6560,-0.6530,-32.0000
1786021577.0910,-0.6560,-0.6490,-33.0000,-0.6560,-0.6620,-34.0000,-0.6560,-0.6630,-36.0000,-0.6560,-0.6690,-31.0000
1786021577.1410,-0.6560,-0.6500,-33.0000,-0.6560,-0.6410,-35.0000,-0.6560,-0.6610,-36.0000,-0.6560,-0.6390,-33.0000
1786021577.1910,-0.6560,-0.6570,-33.0000,-0.6560,-0.6410,-35.0000,-0.6560,-0.6550,-36.0000,-0.6560,-0.6500,-32.0000
1786021577.2410,-0.6560,-0.6600,-33.0000,-0.6560,-0.6650,-34.0000,-0.6560,-0.6520,-36.0000,-0.6560,-0.6500,-32.0000
1786021577.2910,-0.6560,-0.6550,-33.0000,-0.6560,-0.6650,-34.0000,-0.6560,-0.6620,-36.0000,-0.6560,-0.6690,-31.0000
1786021577.3410,-0.6560,-0.6570,-33.0000,-0.6560,-0.6640,-34.0000,-0.6560,-0.6600,-36.0000,-0.6560,-0.6590,-32.0000
1786021577.3911,-0.6560,-0.6590,-33.0000,-0.6560,-0.6520,-34.0000,-0.6560,-0.6610,-36.0000,-0.6560,-0.6550,-32.0000
1786021577.4410,-0.6560,-0.6510,-33.0000,-0.6560,-0.6420,-35.0000,-0.6560,-0.6500,-36.0000,-0.6560,-0.6220,-34.0000
1786021577.4909,-0.6560,-0.6560,-33.0000,-0.6560,-0.6410,-35.0000,-0.6560,-0.6610,-36.0000,-0.6560,-0.6340,-33.0000
1786021577.5410,-0.6560,-0.6480,-33.0000,-0.6560,-0.6290,-36.0000,-0.6560,-0.6510,-36.0000,-0.6560,-0.6480,-33.0000
1786021577.5911,-0.6560,-0.6600,-33.0000,-0.6560,-0.6360,-36.0000,-0.6560,-0.6650,-36.0000,-0.6560,-0.6430,-33.0000
1786021577.6410,-0.6560,-0.6450,-34.0000,-0.6560,-0.6400,-36.0000,-0.6560,-0.6470,-37.0000,-0.6560,-0.6200,-35.0000
1786021577.6910,-0.6560,-0.6480,-34.0000,-0.6560,-0.6810,-33.0000,-0.6560,-0.6570,-36.0000,-0.6560,-0.6410,-34.0000
1786021577.7410,-0.6560,-0.6400,-34.0000,-0.6560,-0.6630,-34.0000,-0.6560,-0.6480,-37.0000,-0.6560,-0.6460,-33.0000
1786021577.7910,-0.6560,-0.6480,-34.0000,-0.6560,-0.6450,-35.0000,-0.6560,-0.6620,-36.0000,-0.6560,-0.6670,-32.0000
1786021577.8410,-0.6560,-0.6500,-34.0000,-0.6560,-0.6550,-35.0000,-0.6560,-0.6470,-37.0000,-0.6560,-0.6610,-33.0000
1786021577.8917,-0.6560,-0.6610,-33.0000,-0.6560,-0.6780,-34.0000,-0.6560,-0.6550,-36.0000,-0.6560,-0.6800,-31.0000
1786021577.9410,-0.6560,-0.6550,-34.0000,-0.6560,-0.6770,-33.0000,-0.6560,-0.6530,-36.0000,-0.6560,-0.6670,-32.0000
1786021577.9924,-0.6560,-0.6620,-33.0000,-0.6560,-0.6630,-34.0000,-0.6560,-0.6690,-35.0000,-0.6560,-0.6700,-32.0000
1786021578.0410,-0.6560,-0.6510,-34.0000,-0.6560,-0.6590,-34.0000,-0.6560,-0.6470,-36.0000,-0.6560,-0.6370,-33.0000
1786021578.0917,-0.6560,-0.6570,-33.0000,-0.6560,-0.6540,-34.0000,-0.6560,-0.6480,-36.0000,-0.6560,-0.6360,-34.0000
1786021578.1410,-0.6560,-0.6510,-34.0000,-0.6560,-0.6490,-35.0000,-0.6560,-0.6460,-37.0000,-0.6560,-0.6420,-33.0000
1786021578.1910,-0.6560,-0.6560,-34.0000,-0.6560,-0.6500,-35.0000,-0.6560,-0.6670,-35.0000,-0.6560,-0.6440,-34.0000
1786021578.2410,-0.6560,-0.6440,-34.0000,-0.6560,-0.6600,-34.0000,-0.6560,-0.6420,-37.0000,-0.6560,-0.6400,-34.0000
1786021578.2910,-0.6560,-0.6550,-34.0000,-0.6560,-0.6560,-34.0000,-0.6560,-0.6520,-36.0000,-0.6560,-0.6550,-33.0000
1786021578.3410,-0.6560,-0.6570,-34.0000,-0.6560,-0.6530,-35.0000,-0.6560,-0.6550,-36.0000,-0.6560,-0.6610,-33.0000
1786021578.3921,-0.6560,-0.6790,-32.0000,-0.6560,-0.6660,-34.0000,-0.6560,-0.6690,-35.0000,-0.6560,-0.6750,-32.0000
1786021578.4409,-0.6560,-0.6670,-33.0000,-0.6560,-0.6640,-34.0000,-0.6560,-0.6530,-36.0000,-0.6560,-0.6820,-32.0000
1786021578.4914,-0.6560,-0.6850,-32.0000,-0.6560,-0.6650,-34.0000,-0.6560,-0.6750,-35.0000,-0.6560,-0.6680,-32.0000
1786021578.5418,-0.6560,-0.6810,-31.0000,-0.6560,-0.6870,-32.0000,-0.6560,-0.6830,-34.0000,-0.6560,-0.6970,-30.0000
1786021578.5923,-0.6560,-0.6800,-31.0000,-0.6560,-0.6980,-31.0000,-0.6560,-0.6880,-34.0000,-0.6560,-0.6920,-30.0000
1786021578.6411,-0.6560,-0.6600,-32.0000,-0.6560,-0.6790,-32.0000,-0.6560,-0.6510,-36.0000,-0.6560,-0.6630,-31.0000
1786021578.6918,-0.6560,-0.6490,-33.0000,-0.6560,-0.6560,-33.0000,-0.6560,-0.6440,-36.0000,-0.6560,-0.6610,-31.0000
1786021578.7417,-0.6560,-0.6430,-33.0000,-0.6560,-0.6550,-33.0000,-0.6560,-0.6470,-36.0000,-0.6560,-0.6730,-31.0000
1786021578.7910,-0.6560,-0.6400,-33.0000,-0.6560,-0.6440,-33.0000,-0.6560,-0.6590,-35.0000,-0.6560,-0.6530,-32.0000
1786021578.8410,-0.6560,-0.6370,-34.0000,-0.6560,-0.6480,-33.0000,-0.6560,-0.6420,-36.0000,-0.6560,-0.6410,-32.0000
1786021578.8911,-0.6560,-0.6350,-34.0000,-0.6560,-0.6250,-35.0000,-0.6560,-0.6370,-36.0000,-0.6560,-0.6070,-34.0000
1786021578.9410,-0.6560,-0.6390,-34.0000,-0.6560,-0.5990,-37.0000,-0.6560,-0.6530,-36.0000,-0.6560,-0.5970,-35.0000
1786021578.9910,-0.6560,-0.6360,-34.0000,-0.6560,-0.5880,-38.0000,-0.6560,-0.6470,-36.0000,-0.6560,-0.6060,-36.0000
1786021579.0411,-0.6560,-0.6430,-34.0000,-0.6560,-0.6260,-36.0000,-0.6560,-0.6450,-36.0000,-0.6560,-0.6600,-33.0000
1786021579.0910,-0.6560,-0.6590,-33.0000,-0.6560,-0.6520,-35.0000,-0.6560,-0.6550,-36.0000,-0.6560,-0.6620,-33.0000
1786021579.1410,-0.6560,-0.6570,-34.0000,-0.6560,-0.6820,-34.0000,-0.6560,-0.6670,-35.0000,-0.6560,-0.6910,-31.0000
1786021579.1911,-0.6560,-0.6580,-33.0000,-0.6560,-0.6830,-34.0000,-0.6560,-0.6600,-36.0000,-0.6560,-0.6730,-32.0000
1786021579.2410,-0.6560,-0.6650,-33.0000,-0.6560,-0.6660,-34.0000,-0.6560,-0.6650,-36.0000,-0.6560,-0.6820,-31.0000
1786021579.2911,-0.6560,-0.6620,-33.0000,-0.6560,-0.6700,-34.0000,-0.6560,-0.6520,-36.0000,-0.6560,-0.6510,-33.0000
1786021579.3410,-0.6560,-0.6610,-33.0000,-0.6560,-0.6680,-34.0000,-0.6560,-0.6600,-36.0000,-0.6560,-0.6350,-34.0000
1786021579.3911,-0.6560,-0.6560,-33.0000,-0.6560,-0.6530,-35.0000,-0.6560,-0.6530,-36.0000,-0.6560,-0.6420,-34.0000
1786021579.4410,-0.6560,-0.6660,-33.0000,-0.6560,-0.6590,-34.0000,-0.6560,-0.6660,-35.0000,-0.6560,-0.6510,-33.0000
1786021579.4911,-0.6560,-0.6560,-33.0000,-0.6560,-0.6520,-35.0000,-0.6560,-0.6440,-37.0000,-0.6560,-0.6300,-34.0000
1786021579.5410,-0.6560,-0.6570,-33.0000,-0.6560,-0.6460,-35.0000,-0.6560,-0.6580,-36.0000,-0.6560,-0.6470,-34.0000
1786021579.5911,-0.6560,-0.6510,-34.0000,-0.6560,-0.6410,-35.0000,-0.6560,-0.6470,-36.0000,-0.6560,-0.6420,-34.0000
1786021579.6419,-0.6560,-0.6500,-34.0000,-0.6560,-0.6430,-35.0000,-0.6560,-0.6660,-35.0000,-0.6560,-0.6500,-34.0000
1786021579.6910,-0.6560,-0.6530,-34.0000,-0.6560,-0.6700,-34.0000,-0.6560,-0.6480,-36.0000,-0.6560,-0.6610,-33.0000
1786021579.7411,-0.6560,-0.6620,-33.0000,-0.6560,-0.6820,-33.0000,-0.6560,-0.6550,-36.0000,-0.6560,-0.6870,-32.0000
1786021579.7910,-0.6560,-0.6540,-33.0000,-0.6560,-0.6740,-33.0000,-0.6560,-0.6520,-36.0000,-0.6560,-0.6810,-32.0000
1786021579.8411,-0.6560,-0.6720,-32.0000,-0.6560,-0.6670,-34.0000,-0.6560,-0.6730,-35.0000,-0.6560,-0.6770,-32.0000
1786021579.8911,-0.6560,-0.6580,-33.0000,-0.6560,-0.6660,-33.0000,-0.6560,-0.6530,-36.0000,-0.6560,-0.6610,-33.0000
1786021579.9418,-0.6560,-0.6640,-33.0000,-0.6560,-0.6730,-33.0000,-0.6560,-0.6540,-36.0000,-0.6560,-0.6760,-32.0000
1786021579.9911,-0.6560,-0.6490,-34.0000,-0.6560,-0.6620,-33.0000,-0.6560,-0.6490,-36.0000,-0.6560,-0.6690,-32.0000
1786021580.0410,-0.6560,-0.6610,-33.0000,-0.6560,-0.6550,-34.0000,-0.6560,-0.6640,-35.0000,-0.6560,-0.6120,-35.0000
1786021580.0911,-0.6560,-0.6450,-34.0000,-0.6560,-0.6390,-35.0000,-0.6560,-0.6410,-37.0000,-0.6560,-0.6040,-36.0000
1786021580.1411,-0.6560,-0.6530,-33.0000,-0.6560,-0.6580,-34.0000,-0.6560,-0.6490,-36.0000,-0.6560,-0.6340,-34.0000
1786021580.1911,-0.6560,-0.6450,-34.0000,-0.6560,-0.6370,-35.0000,-0.6560,-0.6500,-36.0000,-0.6560,-0.6280,-35.0000
1786021580.2410,-0.6560,-0.6500,-34.0000,-0.6560,-0.6140,-36.0000,-0.6560,-0.6590,-36.0000,-0.6560,-0.6330,-35.0000
1786021580.2911,-0.6560,-0.6390,-34.0000,-0.6560,-0.6330,-36.0000,-0.6560,-0.6440,-37.0000,-0.6560,-0.6570,-34.0000
1786021580.3418,-0.6560,-0.6610,-33.0000,-0.6560,-0.6550,-35.0000,-0.6560,-0.6540,-36.0000,-0.6560,-0.6520,-35.0000
1786021580.3910,-0.6560,-0.6510,-34.0000,-0.6560,-0.6640,-34.0000,-0.6560,-0.6570,-36.0000,-0.6560,-0.6900,-32.0000
1786021580.4411,-0.6560,-0.6640,-33.0000,-0.6560,-0.6790,-33.0000,-0.6560,-0.6720,-35.0000,-0.6560,-0.6820,-33.0000
1786021580.4911,-0.6560,-0.6620,-33.0000,-0.6560,-0.6670,-34.0000,-0.6560,-0.6590,-36.0000,-0.6560,-0.6810,-33.0000
1786021580.5410,-0.6560,-0.6610,-33.0000,-0.6560,-0.6700,-34.0000,-0.6560,-0.6560,-36.0000,-0.6560,-0.6650,-33.0000
1786021580.5910,-0.6560,-0.6590,-33.0000,-0.6560,-0.6670,-34.0000,-0.6560,-0.6630,-36.0000,-0.6560,-0.6570,-33.0000
1786021580.6411,-0.6560,-0.6630,-33.0000,-0.6560,-0.6650,-34.0000,-0.6560,-0.6650,-35.0000,-0.6560,-0.6430,-34.0000
1786021580.6911,-0.6560,-0.6630,-33.0000,-0.6560,-0.6610,-34.0000,-0.6560,-0.6550,-36.0000,-0.6560,-0.6570,-33.0000
1786021580.7410,-0.6560,-0.6660,-33.0000,-0.6560,-0.6600,-34.0000,-0.6560,-0.6520,-36.0000,-0.6560,-0.6490,-34.0000
1786021580.7910,-0.6560,-0.6540,-33.0000,-0.6560,-0.6330,-35.0000,-0.6560,-0.6610,-36.0000,-0.6560,-0.6380,-35.0000
1786021580.8411,-0.6560,-0.6550,-33.0000,-0.6560,-0.6350,-35.0000,-0.6560,-0.6590,-36.0000,-0.6560,-0.6230,-36.0000
1786021580.8911,-0.6560,-0.6550,-33.0000,-0.6560,-0.6310,-36.0000,-0.6560,-0.6540,-36.0000,-0.6560,-0.6470,-35.0000
1786021580.9411,-0.6560,-0.6610,-33.0000,-0.6560,-0.6620,-34.0000,-0.6560,-0.6510,-36.0000,-0.6560,-0.6450,-35.0000
1786021580.9910,-0.6560,-0.6560,-33.0000,-0.6560,-0.6650,-34.0000,-0.6560,-0.6650,-35.0000,-0.6560,-0.6920,-32.0000
1786021581.0410,-0.6560,-0.6510,-33.0000,-0.6560,-0.6720,-34.0000,-0.6560,-0.6570,-36.0000,-0.6560,-0.6840,-32.0000
1786021581.0911,-0.6560,-0.6610,-33.0000,-0.6560,-0.6730,-34.0000,-0.6560,-0.6630,-36.0000,-0.6560,-0.6820,-32.0000
1786021581.1412,-0.6560,-0.6540,-33.0000,-0.6560,-0.6750,-33.0000,-0.6560,-0.6560,-36.0000,-0.6560,-0.6680,-33.0000
1786021581.1911,-0.6560,-0.6680,-32.0000,-0.6560,-0.6710,-33.0000,-0.6560,-0.6680,-35.0000,-0.6560,-0.6900,-31.0000
1786021581.2411,-0.6560,-0.6550,-33.0000,-0.6560,-0.6640,-33.0000,-0.6560,-0.6560,-36.0000,-0.6560,-0.6720,-32.0000
1786021581.2911,-0.6560,-0.6650,-32.0000,-0.6560,-0.6600,-34.0000,-0.6560,-0.6650,-35.0000,-0.6560,-0.6690,-32.0000
1786021581.3411,-0.6560,-0.6460,-33.0000,-0.6560,-0.6570,-34.0000,-0.6560,-0.6450,-36.0000,-0.6560,-0.6230,-34.0000
1786021581.3911,-0.6560,-0.6470,-33.0000,-0.6560,-0.6470,-34.0000,-0.6560,-0.6510,-36.0000,-0.6560,-0.5990,-36.0000
1786021581.4410,-0.6560,-0.6490,-33.0000,-0.6560,-0.6360,-35.0000,-0.6560,-0.6530,-36.0000,-0.6560,-0.6300,-34.0000
1786021581.4924,-0.6560,-0.6530,-33.0000,-0.6560,-0.6360,-35.0000,-0.6560,-0.6630,-35.0000,-0.6560,-0.6590,-33.0000
1786021581.5413,-0.6560,-0.6540,-33.0000,-0.6560,-0.6510,-34.0000,-0.6560,-0.6440,-36.0000,-0.6560,-0.6380,-35.0000
1786021581.5911,-0.6560,-0.6630,-33.0000,-0.6560,-0.6720,-33.0000,-0.6560,-0.6550,-36.0000,-0.6560,-0.6760,-33.0000
1786021581.6411,-0.6560,-0.6530,-33.0000,-0.6560,-0.6720,-33.0000,-0.6560,-0.6510,-36.0000,-0.6560,-0.6890,-32.0000
1786021581.6911,-0.6560,-0.6770,-32.0000,-0.6560,-0.6630,-34.0000,-0.6560,-0.6710,-35.0000,-0.6560,-0.6760,-32.0000
1786021581.7410,-0.6560,-0.6510,-33.0000,-0.6560,-0.6700,-33.0000,-0.6560,-0.6530,-36.0000,-0.6560,-0.6840,-31.0000
1786021581.7911,-0.6560,-0.6700,-32.0000,-0.6560,-0.6730,-33.0000,-0.6560,-0.6680,-35.0000,-0.6560,-0.7000,-30.0000
1786021581.8410,-0.6560,-0.6610,-33.0000,-0.6560,-0.6700,-33.0000,-0.6560,-0.6570,-36.0000,-0.6560,-0.6760,-31.0000
1786021581.8912,-0.6560,-0.6640,-32.0000,-0.6560,-0.6540,-34.0000,-0.6560,-0.6640,-35.0000,-0.6560,-0.6610,-32.0000
1786021581.9413,-0.6560,-0.6470,-33.0000,-0.6560,-0.6580,-33.0000,-0.6560,-0.6420,-36.0000,-0.6560,-0.6570,-32.0000
1786021581.9912,-0.6560,-0.6490,-33.0000,-0.6560,-0.6550,-34.0000,-0.6560,-0.6420,-36.0000,-0.6560,-0.6490,-32.0000
1786021582.0411,-0.6560,-0.6150,-35.0000,-0.6560,-0.5970,-37.0000,-0.6560,-0.6430,-36.0000,-0.6560,-0.6130,-34.0000
1786021582.0911,-0.6560,-0.6330,-35.0000,-0.6560,-0.6120,-37.0000,-0.6560,-0.6620,-35.0000,-0.6560,-0.6280,-34.0000
1786021582.1411,-0.6560,-0.6600,-33.0000,-0.6560,-0.6450,-35.0000,-0.6560,-0.6460,-36.0000,-0.6560,-0.6420,-34.0000
1786021582.1918,-0.6560,-0.6620,-33.0000,-0.6560,-0.6510,-35.0000,-0.6560,-0.6570,-36.0000,-0.6560,-0.6560,-33.0000
1786021582.2411,-0.6560,-0.6580,-34.0000,-0.6560,-0.6530,-35.0000,-0.6560,-0.6600,-36.0000,-0.6560,-0.6770,-32.0000
1786021582.2911,-0.6560,-0.6780,-32.0000,-0.6560,-0.6610,-35.0000,-0.6560,-0.6650,-35.0000,-0.6560,-0.6710,-32.0000
1786021582.3410,-0.6560,-0.6550,-34.0000,-0.6560,-0.6700,-34.0000,-0.6560,-0.6560,-36.0000,-0.6560,-0.6750,-32.0000
1786021582.3911,-0.6560,-0.6640,-33.0000,-0.6560,-0.6730,-34.0000,-0.6560,-0.6560,-36.0000,-0.6560,-0.6650,-32.0000
1786021582.4410,-0.4160,-0.6470,-13.0000,-0.8960,-0.7000,-53.0000,-0.2960,-0.6250,-6.0000,-1.0160,-0.7630,-58.0000
1786021582.4910,0.0720,-0.1300,12.0000,-1.2940,-1.1520,-65.0000,-0.0190,-0.1230,2.0000,-1.3850,-1.2820,-65.0000
1786021582.5410,0.0720,0.0230,9.0000,-1.2940,-1.3280,-59.0000,-0.0190,-0.0110,0.0000,-1.3850,-1.3610,-64.0000
1786021582.5910,0.0720,0.0320,10.0000,-1.2940,-1.2700,-64.0000,-0.0190,-0.0010,1.0000,-1.3850,-1.3400,-67.0000
1786021582.6411,-0.1680,-0.0080,-15.0000,-1.0540,-1.3120,-41.0000,-0.3790,-0.0630,-35.0000,-1.0250,-1.2980,-39.0000
1786021582.6910,-0.6560,-0.4740,-35.0000,-0.6560,-0.8430,-29.0000,-0.6560,-0.6260,-32.0000,-0.6560,-0.7900,-31.0000
1786021582.7418,-0.6560,-0.6630,-29.0000,-0.6560,-0.6820,-33.0000,-0.6560,-0.6320,-35.0000,-0.6560,-0.7040,-32.0000
1786021582.7919,-0.6560,-0.6650,-30.0000,-0.6560,-0.6660,-33.0000,-0.6560,-0.6400,-36.0000,-0.6560,-0.6750,-32.0000
1786021582.8411,-0.6560,-0.6810,-29.0000,-0.6560,-0.6680,-32.0000,-0.6560,-0.6690,-34.0000,-0.6560,-0.6840,-31.0000
1786021582.8914,-0.6560,-0.6590,-31.0000,-0.6560,-0.6580,-33.0000,-0.6560,-0.6780,-34.0000,-0.6560,-0.6590,-32.0000
1786021582.9416,-0.6560,-0.6460,-31.0000,-0.6560,-0.6510,-33.0000,-0.6560,-0.6470,-36.0000,-0.6560,-0.6590,-32.0000
1786021582.9910,-0.6560,-0.6250,-32.0000,-0.6560,-0.6540,-33.0000,-0.6560,-0.6440,-36.0000,-0.6560,-0.6560,-32.0000
1786021583.0412,-0.6560,-0.6290,-32.0000,-0.6560,-0.6500,-33.0000,-0.6560,-0.6500,-35.0000,-0.6560,-0.6070,-35.0000
1786021583.0911,-0.6560,-0.6220,-33.0000,-0.6560,-0.6170,-35.0000,-0.6560,-0.6370,-36.0000,-0.6560,-0.6170,-34.0000
1786021583.1412,-0.6560,-0.6230,-34.0000,-0.6560,-0.6230,-35.0000,-0.6560,-0.6350,-37.0000,-0.6560,-0.6220,-34.0000
1786021583.1911,-0.6560,-0.6220,-34.0000,-0.6560,-0.6440,-34.0000,-0.6560,-0.6330,-37.0000,-0.6560,-0.6260,-35.0000
1786021583.2411,-0.6560,-0.6480,-33.0000,-0.6560,-0.6250,-36.0000,-0.6560,-0.6490,-36.0000,-0.6560,-0.6430,-34.0000
1786021583.2911,-0.6560,-0.6220,-35.0000,-0.6560,-0.6150,-37.0000,-0.6560,-0.6420,-37.0000,-0.6560,-0.6520,-34.0000
1786021583.3411,-0.6560,-0.6510,-33.0000,-0.6560,-0.6360,-36.0000,-0.5360,-0.6590,-26.0000,-0.5360,-0.6760,-22.0000
1786021583.3910,-0.0560,-0.4010,13.0000,-0.0560,-0.3980,12.0000,-0.0560,-0.3580,14.0000,0.0000,-0.2460,0.0000
1786021583.4408,0.0000,-0.0560,0.0000,0.0000,-0.0290,0.0000,0.0000,-0.0540,0.0000,0.0000,-0.0150,0.0000
1786021583.4908,0.0000,-0.1520,0.0000,0.0000,-0.0020,0.0000,0.0000,-0.0040,0.0000,0.0000,-0.0100,0.0000
1786021583.5408,0.0000,-0.0890,0.0000,0.0000,-0.0000,0.0000,0.0000,-0.0380,0.0000,0.0000,-0.0320,0.0000
1786021583.5908,0.0000,-0.0060,0.0000,0.0000,-0.0000,0.0000,0.0000,0.0050,0.0000,0.0000,0.0080,0.0000
1786021583.6408,0.0000,0.0000,0.0000,0.0000,-0.0000,0.0000,0.0000,0.0010,0.0000,0.0000,0.0010,0.0000
1786021583.6907,0.0000,0.0000,0.0000,0.0000,-0.0000,0.0000,0.0000,0.0000,0.0000,0.0000,0.0000,0.0000
1786021583.7409,0.0000,0.0000,0.0000,0.0000,-0.0000,0.0000,0.0000,0.0000,0.0000,0.0000,0.0000,0.0000
1786021583.7908,0.0000,0.0000,0.0000,0.0000,-0.0000,0.0000,0.0000,0.0000,0.0000,0.0000,0.0000,0.0000
1786021583.8410,-0.1200,0.0000,-14.0000,0.1200,-0.0000,14.0000,0.2400,0.0110,28.0000,-0.2400,-0.0130,-28.0000
1786021583.8910,-0.6560,-0.4660,-40.0000,0.6560,0.4910,39.0000,0.6560,0.4550,43.0000,-0.6560,-0.5750,-36.0000
1786021583.9410,-0.6560,-0.6520,-35.0000,0.6560,0.5030,44.0000,0.6560,0.5040,45.0000,-0.6560,-0.6640,-35.0000
1786021583.9910,-0.6560,-0.5680,-41.0000,0.6560,0.6260,39.0000,0.6560,0.5760,44.0000,-0.6560,-0.6190,-38.0000
1786021584.0410,-0.6560,-0.5370,-44.0000,0.6560,0.7140,35.0000,0.6560,0.6650,40.0000,-0.6560,-0.5500,-43.0000
1786021584.0911,-0.6560,-0.6520,-38.0000,0.6560,0.6470,39.0000,0.6560,0.6210,43.0000,-0.6560,-0.6430,-39.0000
1786021584.1412,-0.6560,-0.6900,-37.0000,0.6560,0.6640,38.0000,0.6560,0.6470,42.0000,-0.6560,-0.7080,-36.0000
1786021584.1911,-0.6560,-0.6840,-37.0000,0.6560,0.6960,36.0000,0.6560,0.7130,38.0000,-0.6560,-0.6380,-40.0000
1786021584.2410,-0.6560,-0.6070,-41.0000,0.6560,0.6820,36.0000,0.6560,0.6580,41.0000,-0.6560,-0.6430,-39.0000
1786021584.2910,-0.6560,-0.6220,-41.0000,0.6560,0.6220,40.0000,0.6560,0.6700,40.0000,-0.6560,-0.6350,-40.0000
1786021584.3410,-0.6560,-0.6290,-41.0000,0.6560,0.6250,40.0000,0.6560,0.6860,39.0000,-0.6560,-0.6600,-38.0000
1786021584.3911,-0.6560,-0.6780,-38.0000,0.6560,0.6330,40.0000,0.6560,0.6290,42.0000,-0.6560,-0.6740,-38.0000
1786021584.4411,-0.6560,-0.6790,-38.0000,0.6560,0.6410,39.0000,0.6560,0.6100,43.0000,-0.6560,-0.6730,-37.0000
1786021584.4910,-0.6560,-0.6740,-38.0000,0.6560,0.6260,41.0000,0.6560,0.6210,43.0000,-0.6560,-0.6650,-38.0000
1786021584.5410,-0.6560,-0.6640,-39.0000,0.6560,0.6240,41.0000,0.6560,0.6700,41.0000,-0.6560,-0.6880,-36.0000
1786021584.5911,-0.6560,-0.6650,-38.0000,0.6560,0.6360,41.0000,0.6560,0.6490,42.0000,-0.6560,-0.6810,-36.0000
1786021584.6411,-0.6560,-0.6510,-39.0000,0.6560,0.6550,40.0000,0.6560,0.6520,42.0000,-0.6560,-0.6510,-38.0000
1786021584.6910,-0.6560,-0.6400,-40.0000,0.6560,0.6490,40.0000,0.6560,0.6610,42.0000,-0.6560,-0.6450,-38.0000
1786021584.7411,-0.6560,-0.6430,-40.0000,0.6560,0.6660,39.0000,0.6560,0.7040,39.0000,-0.6560,-0.6420,-38.0000
1786021584.7911,-0.6560,-0.6160,-41.0000,0.6560,0.6750,39.0000,0.6560,0.6910,40.0000,-0.6560,-0.6450,-38.0000
1786021584.8410,-0.6560,-0.6050,-42.0000,0.6560,0.6880,38.0000,0.6560,0.6910,39.0000,-0.6560,-0.6510,-38.0000
1786021584.8911,-0.6560,-0.6330,-41.0000,0.6560,0.6860,38.0000,0.6560,0.6670,40.0000,-0.6560,-0.6480,-38.0000
1786021584.9410,-0.6560,-0.6490,-41.0000,0.6560,0.6500,39.0000,0.6560,0.6740,39.0000,-0.6560,-0.6410,-39.0000
1786021584.9911,-0.6560,-0.6840,-39.0000,0.6560,0.6150,41.0000,0.6560,0.6420,41.0000,-0.6560,-0.6720,-37.0000
1786021585.0410,-0.6560,-0.6910,-38.0000,0.6560,0.6360,40.0000,0.6560,0.6270,42.0000,-0.6560,-0.6670,-38.0000
1786021585.0911,-0.6560,-0.6950,-38.0000,0.6560,0.6550,39.0000,0.6560,0.6340,42.0000,-0.6560,-0.6760,-37.0000
1786021585.1411,-0.6560,-0.6830,-38.0000,0.6560,0.6410,40.0000,0.6560,0.6480,41.0000,-0.6560,-0.6800,-37.0000
1786021585.1911,-0.6560,-0.6550,-39.0000,0.6560,0.6120,42.0000,0.6560,0.6380,42.0000,-0.6560,-0.7140,-34.0000
1786021585.2410,-0.6560,-0.6590,-39.0000,0.6560,0.6280,42.0000,0.6560,0.6530,41.0000,-0.6560,-0.6400,-38.0000
1786021585.2910,-0.6560,-0.6560,-39.0000,0.6560,0.6340,42.0000,0.6560,0.6630,41.0000,-0.6560,-0.6190,-39.0000
1786021585.3411,-0.6560,-0.6390,-40.0000,0.6560,0.6860,39.0000,0.6560,0.6720,40.0000,-0.6560,-0.6400,-38.0000
1786021585.3911,-0.6560,-0.6410,-40.0000,0.6560,0.6890,38.0000,0.6560,0.6590,41.0000,-0.6560,-0.6700,-37.0000
1786021585.4411,-0.6560,-0.6560,-39.0000,0.6560,0.6710,39.0000,0.6560,0.6510,41.0000,-0.6560,-0.6790,-36.0000
1786021585.4911,-0.6560,-0.6290,-41.0000,0.6560,0.7180,36.0000,0.6560,0.6970,38.0000,-0.6560,-0.6990,-35.0000
1786021585.5410,-0.6560,-0.6330,-41.0000,0.6560,0.7150,36.0000,0.6560,0.6860,39.0000,-0.6560,-0.6390,-38.0000
1786021585.5911,-0.6560,-0.6300,-41.0000,0.6560,0.6650,38.0000,0.6560,0.6600,40.0000,-0.6560,-0.6230,-39.0000
1786021585.6410,-0.6560,-0.6680,-39.0000,0.6560,0.6490,39.0000,0.6560,0.5980,43.0000,-0.6560,-0.6270,-39.0000
1786021585.6910,-0.6560,-0.6910,-38.0000,0.6560,0.6050,41.0000,0.6560,0.5580,46.0000,-0.6560,-0.6180,-40.0000
1786021585.7411,-0.6560,-0.6540,-40.0000,0.6560,0.6120,41.0000,0.6560,0.6010,44.0000,-0.6560,-0.6070,-41.0000
1786021585.7911,-0.6560,-0.6730,-39.0000,0.6560,0.6230,41.0000,0.6560,0.6410,43.0000,-0.6560,-0.6810,-37.0000
1786021585.8411,-0.6560,-0.6850,-38.0000,0.6560,0.6180,42.0000,0.6560,0.6300,44.0000,-0.6560,-0.6870,-37.0000
1786021585.8911,-0.6560,-0.6730,-38.0000,0.6560,0.6270,42.0000,0.6560,0.6590,43.0000,-0.6560,-0.6790,-37.0000
1786021585.9410,-0.6560,-0.6650,-38.0000,0.6560,0.6440,41.0000,0.6560,0.6690,42.0000,-0.6560,-0.6500,-38.0000
1786021585.9911,-0.6560,-0.6460,-39.0000,0.6560,0.6440,42.0000,0.6560,0.6910,41.0000,-0.6560,-0.6470,-39.0000
1786021586.0411,-0.6560,-0.6460,-39.0000,0.6560,0.6820,39.0000,0.6560,0.6950,40.0000,-0.6560,-0.6440,-39.0000
1786021586.0910,-0.6560,-0.6380,-40.0000,0.6560,0.7050,38.0000,0.6560,0.6750,41.0000,-0.6560,-0.6360,-39.0000
1786021586.1411,-0.6560,-0.6470,-40.0000,0.6560,0.7170,37.0000,0.6560,0.6850,40.0000,-0.6560,-0.6280,-40.0000
1786021586.1910,-0.6560,-0.6520,-40.0000,0.6560,0.6890,38.0000,0.6560,0.6850,40.0000,-0.6560,-0.6230,-41.0000
1786021586.2410,-0.6560,-0.6110,-42.0000,0.6560,0.6570,39.0000,0.6560,0.6380,42.0000,-0.6560,-0.6430,-40.0000
1786021586.2911,-0.6560,-0.6460,-41.0000,0.6560,0.6360,40.0000,0.6560,0.6110,44.0000,-0.6560,-0.6370,-40.0000
1786021586.3411,-0.6560,-0.6650,-40.0000,0.6560,0.6330,41.0000,0.6560,0.6110,45.0000,-0.6560,-0.6470,-40.0000
1786021586.3911,-0.6560,-0.6620,-40.0000,0.6560,0.6360,41.0000,0.6560,0.6480,43.0000,-0.6560,-0.6690,-39.0000
1786021586.4410,-0.6560,-0.6800,-39.0000,0.6560,0.6300,41.0000,0.6560,0.6250,45.0000,-0.6560,-0.7140,-36.0000
1786021586.4911,-0.6560,-0.6690,-39.0000,0.6560,0.6300,42.0000,0.6560,0.6390,44.0000,-0.6560,-0.7110,-36.0000
1786021586.5411,-0.6560,-0.6660,-39.0000,0.6560,0.6300,42.0000,0.6560,0.6700,42.0000,-0.6560,-0.6880,-37.0000
1786021586.5911,-0.6560,-0.6800,-38.0000,0.6560,0.6500,41.0000,0.6560,0.7010,41.0000,-0.6560,-0.6410,-39.0000
1786021586.6411,-0.6560,-0.6350,-41.0000,0.6560,0.6610,40.0000,0.6560,0.6760,42.0000,-0.6560,-0.6490,-39.0000
1786021586.6911,-0.6560,-0.6410,-40.0000,0.6560,0.6800,39.0000,0.6560,0.6670,42.0000,-0.6560,-0.6520,-38.0000
1786021586.7410,-0.6560,-0.6270,-41.0000,0.6560,0.6980,38.0000,0.6560,0.6620,42.0000,-0.6560,-0.6290,-40.0000
1786021586.7912,-0.6560,-0.6350,-41.0000,0.6560,0.7200,36.0000,0.6560,0.7090,39.0000,-0.6560,-0.6280,-40.0000
1786021586.8412,-0.6560,-0.6270,-42.0000,0.6560,0.6850,38.0000,0.6560,0.6840,40.0000,-0.6560,-0.6470,-39.0000
1786021586.8911,-0.6560,-0.6470,-41.0000,0.6560,0.6460,39.0000,0.6560,0.6330,43.0000,-0.6560,-0.6450,-40.0000
1786021586.9413,-0.6560,-0.6610,-40.0000,0.6560,0.6440,39.0000,0.6560,0.6160,44.0000,-0.6560,-0.6390,-40.0000
1786021586.9911,-0.6560,-0.6550,-41.0000,0.6560,0.6390,40.0000,0.6560,0.6340,43.0000,-0.6560,-0.6300,-41.0000
1786021587.0410,-0.6560,-0.6630,-40.0000,0.6560,0.6320,40.0000,0.6560,0.6370,43.0000,-0.6560,-0.6740,-39.0000
1786021587.0911,-0.6560,-0.6860,-39.0000,0.6560,0.6390,40.0000,0.6560,0.6370,43.0000,-0.6560,-0.7030,-37.0000
1786021587.1412,-0.6560,-0.6990,-38.0000,0.6560,0.6540,39.0000,0.6560,0.6420,43.0000,-0.6560,-0.7290,-35.0000
1786021587.1923,-0.6560,-0.6840,-38.0000,0.6560,0.6380,40.0000,0.6560,0.6590,42.0000,-0.6560,-0.7040,-36.0000
1786021587.2410,-0.6560,-0.6710,-39.0000,0.6560,0.6300,41.0000,0.6560,0.6560,42.0000,-0.6560,-0.6480,-38.0000
1786021587.3414,-0.1760,-0.5060,-5.0000,0.1760,0.5240,3.0000,0.0560,0.4720,-9.0000,-0.0560,-0.3800,8.0000
1786021587.3423,0.0000,-0.0590,0.0000,0.0000,0.0500,0.0000,0.0000,0.0320,0.0000,0.0000,-0.0150,0.0000
1786021587.3909,0.0000,-0.0050,0.0000,0.0000,0.0040,0.0000,0.0000,0.0040,0.0000,0.0000,0.0580,0.0000
1786021587.4411,-0.4800,-0.1040,-44.0000,0.4800,0.2350,37.0000,0.6000,0.2910,45.0000,-0.6000,-0.1950,-51.0000
1786021587.4910,-0.6560,-0.4910,-43.0000,0.6560,0.6510,34.0000,0.6560,0.4910,44.0000,-0.6560,-0.5170,-44.0000
1786021587.5914,-0.1760,-0.4690,-5.0000,0.1760,0.3950,7.0000,0.0560,0.2800,-2.0000,-0.0560,-0.3770,6.0000
1786021587.5923,0.0000,-0.0490,0.0000,0.0000,0.0400,0.0000,0.0000,0.0150,0.0000,0.0000,-0.0200,0.0000
1786021587.6410,0.0000,-0.0040,0.0000,0.0000,0.0030,0.0000,0.0000,0.0010,0.0000,0.1200,0.0290,12.0000
1786021587.6911,0.6000,0.3860,39.0000,-0.6000,-0.3560,-41.0000,-0.6000,-0.4050,-47.0000,0.6560,0.4870,39.0000
1786021587.7419,0.6560,0.6620,33.0000,-0.6560,-0.6720,-33.0000,-0.6560,-0.6520,-36.0000,0.6560,0.6860,32.0000
1786021587.7919,0.6560,0.6690,34.0000,-0.6560,-0.5720,-41.0000,-0.6560,-0.6540,-37.0000,0.6560,0.6760,34.0000
1786021587.8412,0.6560,0.6850,34.0000,-0.6560,-0.4610,-48.0000,-0.6560,-0.5450,-44.0000,0.6560,0.6480,36.0000
1786021587.8911,0.6560,0.6550,35.0000,-0.6560,-0.5410,-46.0000,-0.6560,-0.5440,-45.0000,0.6560,0.6710,34.0000
1786021587.9419,0.6560,0.6610,35.0000,-0.6560,-0.6470,-41.0000,-0.6560,-0.6360,-41.0000,0.6560,0.6330,37.0000
1786021587.9919,0.6560,0.4920,45.0000,-0.6560,-0.6630,-41.0000,-0.6560,-0.6020,-44.0000,0.6560,0.4770,46.0000
1786021588.0410,0.6560,0.6080,39.0000,-0.6560,-0.6840,-40.0000,-0.6560,-0.6140,-43.0000,0.6560,0.5300,44.0000
1786021588.0912,0.6560,0.6410,37.0000,-0.6560,-0.6660,-41.0000,-0.6560,-0.6070,-44.0000,0.6560,0.5970,42.0000
1786021588.1415,0.6560,0.7020,34.0000,-0.6560,-0.7070,-38.0000,-0.6560,-0.6290,-44.0000,0.6560,0.6340,41.0000
1786021588.1912,0.6560,0.6430,38.0000,-0.6560,-0.7160,-37.0000,-0.6560,-0.6150,-45.0000,0.6560,0.6030,43.0000
1786021588.2411,0.6560,0.6570,37.0000,-0.6560,-0.6720,-39.0000,-0.6560,-0.6490,-43.0000,0.6560,0.6650,40.0000
1786021588.2913,0.6560,0.6680,36.0000,-0.6560,-0.6950,-37.0000,-0.6560,-0.6750,-42.0000,0.6560,0.6970,38.0000
1786021588.3412,0.6560,0.6710,36.0000,-0.6560,-0.6700,-38.0000,-0.6560,-0.6790,-42.0000,0.6560,0.7290,36.0000
1786021588.3912,0.6560,0.6770,35.0000,-0.6560,-0.6680,-38.0000,-0.6560,-0.6630,-43.0000,0.6560,0.7020,37.0000
1786021588.4411,0.6560,0.6610,36.0000,-0.6560,-0.6060,-42.0000,-0.6560,-0.6500,-43.0000,0.6560,0.7100,36.0000
1786021588.4912,0.6560,0.6320,38.0000,-0.6560,-0.5850,-43.0000,-0.6560,-0.6180,-45.0000,0.6560,0.6970,36.0000
1786021588.5418,0.6560,0.6360,38.0000,-0.6560,-0.6070,-43.0000,-0.6560,-0.6340,-45.0000,0.6560,0.6740,37.0000
1786021588.5911,0.6560,0.6410,37.0000,-0.6560,-0.6280,-42.0000,-0.6560,-0.6110,-46.0000,0.6560,0.6710,37.0000
1786021588.6412,0.6560,0.6600,36.0000,-0.6560,-0.6640,-41.0000,-0.6560,-0.6450,-45.0000,0.6560,0.6110,40.0000
1786021588.6912,0.6560,0.6360,38.0000,-0.6560,-0.6950,-39.0000,-0.6560,-0.6440,-45.0000,0.6560,0.5800,42.0000
1786021588.7420,0.6560,0.6420,38.0000,-0.6560,-0.7140,-37.0000,-0.6560,-0.6500,-45.0000,0.6560,0.5960,42.0000
1786021588.7911,0.6560,0.6500,38.0000,-0.6560,-0.7080,-37.0000,-0.6560,-0.6380,-46.0000,0.6560,0.6220,41.0000
1786021588.8412,0.6560,0.6720,36.0000,-0.6560,-0.6930,-37.0000,-0.6560,-0.6380,-46.0000,0.6560,0.6530,40.0000
1786021588.8912,0.6560,0.6620,37.0000,-0.6560,-0.6960,-37.0000,-0.6560,-0.6610,-45.0000,0.6560,0.6820,38.0000
1786021588.9411,0.6560,0.6570,37.0000,-0.6560,-0.7020,-36.0000,-0.6560,-0.6670,-45.0000,0.6560,0.7180,36.0000
1786021588.9912,0.6560,0.6610,37.0000,-0.6560,-0.7040,-35.0000,-0.6560,-0.7010,-42.0000,0.6560,0.7210,35.0000
1786021589.0411,0.6560,0.6790,36.0000,-0.6560,-0.6470,-38.0000,-0.6560,-0.7240,-41.0000,0.6560,0.7240,34.0000
1786021589.0912,0.6560,0.6640,37.0000,-0.6560,-0.5740,-42.0000,-0.6560,-0.7010,-41.0000,0.6560,0.7080,34.0000
1786021589.1412,0.6560,0.6560,37.0000,-0.6560,-0.5990,-41.0000,-0.6560,-0.6370,-44.0000,0.6560,0.7070,34.0000
1786021589.1912,0.6560,0.6430,38.0000,-0.6560,-0.6250,-40.0000,-0.6560,-0.6080,-46.0000,0.6560,0.7040,33.0000
1786021589.2412,0.6560,0.6380,38.0000,-0.6560,-0.6660,-38.0000,-0.6560,-0.6170,-46.0000,0.6560,0.6130,38.0000
1786021589.2911,0.6560,0.6300,38.0000,-0.6560,-0.6810,-38.0000,-0.6560,-0.6290,-46.0000,0.6560,0.5830,40.0000
1786021589.3411,0.6560,0.6570,37.0000,-0.6560,-0.6830,-37.0000,-0.6560,-0.6150,-47.0000,0.6560,0.5980,40.0000
1786021589.3912,0.6560,0.6730,36.0000,-0.6560,-0.6980,-36.0000,-0.6560,-0.6350,-46.0000,0.6560,0.6070,40.0000
1786021589.4411,0.6560,0.6760,36.0000,-0.6560,-0.7150,-35.0000,-0.6560,-0.6450,-46.0000,0.6560,0.6370,39.0000
1786021589.4912,0.6560,0.6570,37.0000,-0.6560,-0.7020,-35.0000,-0.6560,-0.6700,-44.0000,0.6560,0.6590,38.0000
1786021589.5411,0.6560,0.6590,37.0000,-0.6560,-0.6910,-35.0000,-0.6560,-0.6780,-44.0000,0.6560,0.6680,37.0000
1786021589.5912,0.6560,0.6570,37.0000,-0.6560,-0.6530,-37.0000,-0.6560,-0.6620,-45.0000,0.6560,0.6930,36.0000
1786021589.6411,0.6560,0.6780,35.0000,-0.6560,-0.6290,-38.0000,-0.6560,-0.6780,-43.0000,0.6560,0.7120,34.0000
1786021589.6924,0.6560,0.6290,38.0000,-0.6560,-0.5840,-41.0000,-0.6560,-0.6970,-42.0000,0.6560,0.6650,36.0000
1786021589.7411,0.6560,0.6320,38.0000,-0.6560,-0.5830,-41.0000,-0.6560,-0.6350,-45.0000,0.6560,0.6020,40.0000
1786021589.7919,0.6560,0.6170,39.0000,-0.6560,-0.6010,-41.0000,-0.6560,-0.6080,-47.0000,0.6560,0.6180,39.0000
1786021589.8412,0.6560,0.6420,38.0000,-0.6560,-0.6110,-41.0000,-0.6560,-0.6210,-47.0000,0.6560,0.6640,37.0000
1786021589.8912,0.6560,0.6560,38.0000,-0.6560,-0.6230,-41.0000,-0.6560,-0.6540,-45.0000,0.6560,0.6680,37.0000
1786021589.9412,0.6560,0.6680,37.0000,-0.6560,-0.6580,-40.0000,-0.6560,-0.6670,-44.0000,0.6560,0.6520,38.0000
1786021589.9912,0.6560,0.6630,37.0000,-0.6560,-0.6750,-39.0000,-0.6560,-0.6650,-45.0000,0.6560,0.6560,37.0000
1786021590.0413,0.6560,0.6680,37.0000,-0.6560,-0.7110,-37.0000,-0.6560,-0.6500,-45.0000,0.6560,0.6100,40.0000
1786021590.0911,0.6560,0.6750,37.0000,-0.6560,-0.7060,-37.0000,-0.6560,-0.6450,-46.0000,0.6560,0.6150,40.0000
1786021590.1412,0.6560,0.6510,38.0000,-0.6560,-0.6700,-38.0000,-0.6560,-0.6400,-46.0000,0.6560,0.6440,39.0000
1786021590.1912,0.6560,0.6600,37.0000,-0.6560,-0.6810,-37.0000,-0.6560,-0.6610,-45.0000,0.6560,0.6530,39.0000
1786021590.2412,0.6560,0.6450,38.0000,-0.6560,-0.7160,-35.0000,-0.6560,-0.6780,-44.0000,0.6560,0.6870,37.0000
1786021590.2912,0.6560,0.6700,37.0000,-0.6560,-0.6790,-36.0000,-0.6560,-0.6880,-44.0000,0.6560,0.6750,37.0000
1786021590.3412,0.6560,0.6690,37.0000,-0.6560,-0.6040,-40.0000,-0.6560,-0.6550,-45.0000,0.6560,0.6760,37.0000
1786021590.3920,0.6560,0.6820,36.0000,-0.6560,-0.5930,-41.0000,-0.6560,-0.6460,-46.0000,0.6560,0.6690,37.0000
1786021590.4412,0.6560,0.6580,37.0000,-0.6560,-0.6240,-40.0000,-0.6560,-0.6370,-46.0000,0.6560,0.6510,38.0000
1786021590.4912,0.6560,0.6570,37.0000,-0.6560,-0.6020,-42.0000,-0.6560,-0.6340,-47.0000,0.6560,0.6650,37.0000
1786021590.5412,0.6560,0.6340,38.0000,-0.6560,-0.6140,-42.0000,-0.6560,-0.6640,-45.0000,0.6560,0.6620,37.0000
1786021590.5912,0.6560,0.6430,38.0000,-0.6560,-0.6470,-40.0000,-0.6560,-0.6520,-46.0000,0.6560,0.6370,39.0000
1786021590.6413,0.6560,0.6480,38.0000,-0.6560,-0.6750,-39.0000,-0.6560,-0.6550,-46.0000,0.6560,0.6300,39.0000
1786021590.6911,0.6560,0.6690,36.0000,-0.6560,-0.7050,-37.0000,-0.6560,-0.6630,-45.0000,0.6560,0.6250,40.0000
1786021590.7412,0.6560,0.6470,38.0000,-0.6560,-0.7100,-37.0000,-0.6560,-0.6600,-45.0000,0.6560,0.6290,40.0000
1786021590.7913,0.6560,0.6510,38.0000,-0.6560,-0.6960,-37.0000,-0.6560,-0.6540,-45.0000,0.6560,0.6520,39.0000
1786021590.8412,0.6560,0.6650,37.0000,-0.6560,-0.7000,-36.0000,-0.6560,-0.6680,-44.0000,0.6560,0.6650,39.0000
1786021590.8913,0.6560,0.6640,37.0000,-0.6560,-0.6920,-36.0000,-0.6560,-0.6800,-44.0000,0.6560,0.6790,38.0000
1786021590.9412,0.6560,0.6670,36.0000,-0.6560,-0.6750,-36.0000,-0.6560,-0.6910,-43.0000,0.6560,0.6740,38.0000
1786021590.9912,0.6560,0.6560,37.0000,-0.6560,-0.6360,-38.0000,-0.6560,-0.6580,-44.0000,0.6560,0.6900,37.0000
1786021591.0412,0.6560,0.6570,37.0000,-0.6560,-0.5940,-41.0000,-0.6560,-0.6420,-45.0000,0.6560,0.6770,37.0000
1786021591.0912,0.6560,0.6470,37.0000,-0.6560,-0.6060,-41.0000,-0.6560,-0.6270,-46.0000,0.6560,0.6700,37.0000
1786021591.1413,0.6560,0.6400,38.0000,-0.6560,-0.6150,-41.0000,-0.6560,-0.6510,-45.0000,0.6560,0.6650,37.0000
1786021591.1912,0.6560,0.6540,37.0000,-0.6560,-0.6400,-40.0000,-0.6560,-0.6580,-45.0000,0.6560,0.6390,39.0000
1786021591.2412,0.6560,0.6510,37.0000,-0.6560,-0.6660,-39.0000,-0.6560,-0.6410,-46.0000,0.6560,0.6080,41.0000
1786021591.2913,0.6560,0.6670,37.0000,-0.6560,-0.6780,-38.0000,-0.6560,-0.6340,-46.0000,0.6560,0.6120,41.0000
1786021591.3412,0.6560,0.6600,37.0000,-0.6560,-0.6840,-38.0000,-0.6560,-0.6570,-45.0000,0.6560,0.6160,41.0000
1786021591.3913,0.6560,0.6680,36.0000,-0.6560,-0.6810,-38.0000,-0.6560,-0.6480,-46.0000,0.6560,0.6500,40.0000
1786021591.4412,0.6560,0.6680,36.0000,-0.6560,-0.6790,-37.0000,-0.6560,-0.6450,-46.0000,0.6560,0.6680,39.0000
1786021591.4912,0.6560,0.6790,35.0000,-0.6560,-0.6940,-36.0000,-0.6560,-0.6950,-43.0000,0.6560,0.6840,38.0000
1786021591.5413,0.6560,0.6620,36.0000,-0.6560,-0.6760,-37.0000,-0.6560,-0.7020,-42.0000,0.6560,0.6690,38.0000
1786021591.5913,0.6560,0.6880,34.0000,-0.6560,-0.6610,-37.0000,-0.6560,-0.7000,-42.0000,0.6560,0.6930,37.0000
1786021591.6413,0.6560,0.6460,37.0000,-0.6560,-0.6400,-38.0000,-0.6560,-0.6630,-44.0000,0.6560,0.6800,37.0000
1786021591.6913,0.6560,0.6340,37.0000,-0.6560,-0.6330,-39.0000,-0.6560,-0.6490,-44.0000,0.6560,0.6540,38.0000
1786021591.7412,0.6560,0.6350,37.0000,-0.6560,-0.6180,-40.0000,-0.6560,-0.6650,-43.0000,0.6560,0.6590,38.0000
1786021591.7912,0.6560,0.6510,37.0000,-0.6560,-0.6110,-41.0000,-0.6560,-0.6620,-43.0000,0.6560,0.6750,37.0000
1786021591.8412,0.6560,0.6640,36.0000,-0.6560,-0.6460,-39.0000,-0.6560,-0.6630,-43.0000,0.6560,0.6500,38.0000
1786021591.8915,0.6560,0.6630,36.0000,-0.6560,-0.6820,-37.0000,-0.6560,-0.6660,-43.0000,0.6560,0.6130,40.0000
1786021591.9419,0.6560,0.6610,36.0000,-0.6560,-0.6900,-37.0000,-0.6560,-0.6770,-42.0000,0.6560,0.5950,42.0000
1786021591.9913,0.6560,0.6740,35.0000,-0.6560,-0.6760,-38.0000,-0.6560,-0.6710,-42.0000,0.6560,0.6070,42.0000
1786021592.0412,0.6560,0.6850,35.0000,-0.6560,-0.6730,-37.0000,-0.6560,-0.6550,-43.0000,0.6560,0.6330,41.0000
1786021592.0913,0.6560,0.6650,35.0000,-0.6560,-0.6750,-37.0000,-0.6560,-0.6640,-43.0000,0.6560,0.6700,39.0000
1786021592.1412,0.6560,0.6690,35.0000,-0.6560,-0.6710,-37.0000,-0.6560,-0.6840,-41.0000,0.6560,0.6960,37.0000
1786021592.1912,0.6560,0.6290,37.0000,-0.6560,-0.6220,-40.0000,-0.6560,-0.6780,-42.0000,0.6560,0.6990,37.0000
1786021592.2413,0.6560,0.6290,37.0000,-0.6560,-0.5810,-42.0000,-0.6560,-0.6640,-42.0000,0.6560,0.6770,38.0000
1786021592.2912,0.6560,0.6100,39.0000,-0.6560,-0.5910,-42.0000,-0.6560,-0.6250,-44.0000,0.6560,0.6850,37.0000
1786021592.3412,0.6560,0.6360,38.0000,-0.6560,-0.6040,-43.0000,-0.6560,-0.6420,-43.0000,0.6560,0.6700,37.0000
1786021592.3913,0.6560,0.6290,39.0000,-0.6560,-0.6190,-42.0000,-0.6560,-0.6510,-43.0000,0.6560,0.6670,37.0000
1786021592.4412,0.6560,0.6540,37.0000,-0.6560,-0.6480,-41.0000,-0.6560,-0.6520,-43.0000,0.6560,0.6480,38.0000
1786021592.4913,0.6560,0.6540,38.0000,-0.6560,-0.6750,-40.0000,-0.6560,-0.6630,-43.0000,0.6560,0.6260,40.0000
1786021592.5413,0.6560,0.6740,36.0000,-0.6560,-0.6880,-39.0000,-0.6560,-0.6470,-44.0000,0.6560,0.6060,41.0000
1786021592.5919,0.6560,0.6620,37.0000,-0.6560,-0.6950,-38.0000,-0.6560,-0.6570,-43.0000,0.6560,0.5930,42.0000
1786021592.6412,0.6560,0.6850,35.0000,-0.6560,-0.7100,-37.0000,-0.6560,-0.6630,-43.0000,0.6560,0.6100,42.0000
1786021592.6913,0.6560,0.6740,36.0000,-0.6560,-0.7140,-36.0000,-0.6560,-0.6580,-43.0000,0.6560,0.6350,41.0000
1786021592.7412,0.6560,0.6710,36.0000,-0.6560,-0.7000,-36.0000,-0.6560,-0.6390,-44.0000,0.6560,0.6450,41.0000
1786021592.7912,0.6560,0.6650,36.0000,-0.6560,-0.6620,-38.0000,-0.6560,-0.6630,-43.0000,0.6560,0.6710,40.0000
1786021592.8413,0.6560,0.6520,37.0000,-0.6560,-0.6440,-39.0000,-0.6560,-0.6780,-42.0000,0.6560,0.6880,39.0000
1786021592.8920,0.6560,0.6060,39.0000,-0.6560,-0.6070,-41.0000,-0.6560,-0.6640,-43.0000,0.6560,0.6870,38.0000
1786021592.9413,0.6560,0.6000,40.0000,-0.6560,-0.6040,-42.0000,-0.6560,-0.6430,-44.0000,0.6560,0.6670,39.0000
1786021592.9913,0.6560,0.6100,40.0000,-0.6560,-0.5980,-43.0000,-0.6560,-0.6430,-44.0000,0.6560,0.6600,39.0000
1786021593.0413,0.6560,0.6340,39.0000,-0.6560,-0.6060,-43.0000,-0.6560,-0.6360,-44.0000,0.6560,0.6730,38.0000
1786021593.0913,0.6560,0.6490,39.0000,-0.6560,-0.6270,-42.0000,-0.6560,-0.6470,-44.0000,0.6560,0.6710,38.0000
1786021593.1413,0.6560,0.6700,37.0000,-0.6560,-0.6960,-39.0000,-0.6560,-0.6480,-44.0000,0.6560,0.6060,42.0000
1786021593.1913,0.6560,0.6620,38.0000,-0.6560,-0.7000,-38.0000,-0.6560,-0.6610,-43.0000,0.6560,0.5710,44.0000
1786021593.2413,0.6560,0.6680,37.0000,-0.6560,-0.6900,-38.0000,-0.6560,-0.6510,-44.0000,0.6560,0.6000,44.0000
1786021593.2925,0.6560,0.6700,37.0000,-0.6560,-0.6830,-38.0000,-0.6560,-0.6470,-44.0000,0.6560,0.6320,42.0000
1786021593.3422,0.6560,0.6700,37.0000,-0.6560,-0.6810,-38.0000,-0.6560,-0.6370,-45.0000,0.6560,0.6550,42.0000
1786021593.3924,0.6560,0.6660,37.0000,-0.6560,-0.6860,-37.0000,-0.6560,-0.6720,-43.0000,0.6560,0.6900,40.0000
1786021593.4429,0.6560,0.6660,37.0000,-0.6560,-0.6910,-37.0000,-0.6560,-0.6770,-42.0000,0.6560,0.7190,38.0000
1786021593.4923,0.6560,0.6770,36.0000,-0.6560,-0.6330,-40.0000,-0.6560,-0.6760,-42.0000,0.6560,0.7230,37.0000
1786021593.5429,0.6560,0.6720,36.0000,-0.6560,-0.6250,-40.0000,-0.6560,-0.6400,-44.0000,0.6560,0.7210,36.0000
1786021593.5936,0.6560,0.6290,39.0000,-0.6560,-0.6200,-41.0000,-0.6560,-0.6530,-43.0000,0.6560,0.6850,38.0000
1786021593.6422,0.6560,0.6260,39.0000,-0.6560,-0.6140,-41.0000,-0.6560,-0.6330,-44.0000,0.6560,0.6590,39.0000
1786021593.6926,0.6560,0.6390,38.0000,-0.6560,-0.6310,-41.0000,-0.6560,-0.6520,-43.0000,0.6560,0.6830,37.0000
1786021593.7424,0.6560,0.6480,38.0000,-0.6560,-0.6580,-40.0000,-0.6560,-0.6560,-43.0000,0.6560,0.6710,37.0000
1786021593.7930,0.6560,0.6570,38.0000,-0.6560,-0.6770,-39.0000,-0.6560,-0.6740,-42.0000,0.6560,0.6330,40.0000
1786021593.8424,0.6560,0.6640,37.0000,-0.6560,-0.6790,-38.0000,-0.6560,-0.6690,-43.0000,0.6560,0.6140,41.0000
1786021593.8924,0.6560,0.6680,37.0000,-0.6560,-0.6850,-38.0000,-0.6560,-0.6630,-43.0000,0.6560,0.5850,43.0000
1786021593.9423,0.6560,0.6710,37.0000,-0.6560,-0.6980,-37.0000,-0.6560,-0.6550,-43.0000,0.6560,0.5950,43.0000
1786021593.9928,0.6560,0.6770,36.0000,-0.6560,-0.6700,-38.0000,-0.6560,-0.6660,-43.0000,0.6560,0.6230,42.0000
1786021594.0423,0.6560,0.6730,36.0000,-0.6560,-0.6620,-38.0000,-0.6560,-0.6570,-43.0000,0.6560,0.6630,40.0000
1786021594.0931,0.6560,0.6960,35.0000,-0.6560,-0.6530,-38.0000,-0.6560,-0.6560,-43.0000,0.6560,0.7040,38.0000
1786021594.1423,0.6560,0.6580,37.0000,-0.6560,-0.6550,-38.0000,-0.6560,-0.6820,-42.0000,0.6560,0.6960,38.0000
1786021594.1924,0.6560,0.6690,36.0000,-0.6560,-0.6450,-39.0000,-0.6560,-0.6900,-41.0000,0.6560,0.6970,38.0000
1786021594.2423,0.6560,0.6360,38.0000,-0.6560,-0.5970,-42.0000,-0.6560,-0.6500,-43.0000,0.6560,0.7090,36.0000
1786021594.2924,0.6560,0.6500,37.0000,-0.6560,-0.6080,-41.0000,-0.6560,-0.6440,-43.0000,0.6560,0.7040,36.0000
1786021594.3432,0.6560,0.6360,38.0000,-0.6560,-0.6610,-39.0000,-0.6560,-0.6670,-42.0000,0.6560,0.6800,37.0000
1786021594.3924,0.6560,0.6540,37.0000,-0.6560,-0.6590,-39.0000,-0.6560,-0.6750,-41.0000,0.6560,0.6470,38.0000
1786021594.4423,0.6560,0.6550,37.0000,-0.6560,-0.6690,-39.0000,-0.6560,-0.6620,-42.0000,0.6560,0.6050,41.0000
1786021594.4925,0.6560,0.6730,36.0000,-0.6560,-0.6670,-39.0000,-0.6560,-0.6400,-43.0000,0.6560,0.5820,42.0000
1786021594.5424,0.6560,0.6730,36.0000,-0.6560,-0.6810,-38.0000,-0.6560,-0.6610,-42.0000,0.6560,0.5740,44.0000
1786021594.5924,0.6560,0.6770,36.0000,-0.6560,-0.6490,-39.0000,-0.6560,-0.6650,-42.0000,0.6560,0.5840,44.0000
1786021594.6427,0.6560,0.6770,35.0000,-0.6560,-0.6450,-40.0000,-0.6560,-0.6810,-41.0000,0.6560,0.6270,42.0000
1786021594.6924,0.6560,0.6550,36.0000,-0.6560,-0.6390,-40.0000,-0.6560,-0.6660,-42.0000,0.6560,0.6870,39.0000
1786021594.7424,0.6560,0.6550,36.0000,-0.6560,-0.6630,-39.0000,-0.6560,-0.6890,-40.0000,0.6560,0.7230,37.0000
1786021594.7924,0.6560,0.6880,34.0000,-0.6560,-0.6400,-40.0000,-0.6560,-0.7060,-39.0000,0.6560,0.7100,38.0000
1786021594.8424,0.6560,0.6770,35.0000,-0.6560,-0.6150,-42.0000,-0.6560,-0.6990,-39.0000,0.6560,0.7010,37.0000
1786021594.8924,0.6560,0.6240,38.0000,-0.6560,-0.6190,-42.0000,-0.6560,-0.6230,-43.0000,0.6560,0.6850,38.0000
1786021594.9424,0.6560,0.6110,38.0000,-0.6560,-0.6300,-42.0000,-0.6560,-0.6230,-43.0000,0.6560,0.6940,37.0000
1786021594.9924,0.6560,0.6520,36.0000,-0.6560,-0.6390,-41.0000,-0.6560,-0.6190,-43.0000,0.6560,0.6970,36.0000
1786021595.0423,0.6560,0.6650,36.0000,-0.6560,-0.6650,-40.0000,-0.6560,-0.6610,-41.0000,0.6560,0.6650,37.0000
1786021595.0923,0.6560,0.6730,35.0000,-0.6560,-0.6720,-40.0000,-0.6560,-0.6590,-41.0000,0.6560,0.6260,40.0000
1786021595.1424,0.6560,0.6630,36.0000,-0.6560,-0.6860,-39.0000,-0.6560,-0.6570,-41.0000,0.6560,0.5990,41.0000
1786021595.1923,0.6560,0.6880,34.0000,-0.6560,-0.7030,-38.0000,-0.6560,-0.6390,-43.0000,0.6560,0.5890,42.0000
1786021595.2424,0.6560,0.6860,34.0000,-0.6560,-0.6870,-38.0000,-0.6560,-0.6490,-42.0000,0.6560,0.6210,41.0000
1786021595.2923,0.6560,0.6890,33.0000,-0.6560,-0.6830,-38.0000,-0.6560,-0.6610,-41.0000,0.6560,0.6610,39.0000
1786021595.3424,0.6560,0.6770,34.0000,-0.6560,-0.6530,-39.0000,-0.6560,-0.6500,-42.0000,0.6560,0.7050,37.0000
1786021595.3923,0.6560,0.6770,33.0000,-0.6560,-0.6540,-39.0000,-0.6560,-0.6380,-43.0000,0.6560,0.6990,37.0000
1786021595.4423,0.6560,0.6750,33.0000,-0.6560,-0.6360,-40.0000,-0.6560,-0.6610,-42.0000,0.6560,0.7110,36.0000
1786021595.4923,0.6560,0.6710,33.0000,-0.6560,-0.6030,-42.0000,-0.6560,-0.6200,-44.0000,0.6560,0.7130,35.0000
1786021595.5423,0.6560,0.6430,35.0000,-0.6560,-0.6070,-42.0000,-0.6560,-0.6190,-44.0000,0.6560,0.7020,35.0000
1786021595.5931,0.6560,0.6430,35.0000,-0.6560,-0.6350,-41.0000,-0.6560,-0.6440,-43.0000,0.6560,0.6600,37.0000
1786021595.6423,0.6560,0.6180,36.0000,-0.6560,-0.6570,-40.0000,-0.6560,-0.6690,-42.0000,0.6560,0.6380,38.0000
1786021595.6923,0.6560,0.6230,37.0000,-0.6560,-0.6700,-40.0000,-0.6560,-0.6460,-43.0000,0.6560,0.6250,39.0000
1786021595.7423,0.6560,0.6310,36.0000,-0.6560,-0.6770,-39.0000,-0.6560,-0.6310,-44.0000,0.6560,0.6180,40.0000
1786021595.7923,0.6560,0.6380,36.0000,-0.6560,-0.7070,-37.0000,-0.6560,-0.6440,-44.0000,0.6560,0.6080,41.0000
1786021595.8424,0.6560,0.6350,37.0000,-0.6560,-0.7120,-37.0000,-0.6560,-0.6570,-43.0000,0.6560,0.6050,41.0000
1786021595.8923,0.6560,0.6310,37.0000,-0.6560,-0.7030,-36.0000,-0.6560,-0.6450,-44.0000,0.6560,0.6390,40.0000
1786021595.9423,0.6560,0.6220,38.0000,-0.6560,-0.6750,-38.0000,-0.6560,-0.6550,-43.0000,0.6560,0.6710,38.0000
1786021595.9924,0.6560,0.6090,39.0000,-0.6560,-0.6800,-37.0000,-0.6560,-0.6730,-42.0000,0.6560,0.6930,37.0000
1786021596.0423,0.6560,0.5980,41.0000,-0.6560,-0.6600,-38.0000,-0.6560,-0.6800,-42.0000,0.6560,0.6970,37.0000
1786021596.0923,0.6560,0.6000,41.0000,-0.6560,-0.6180,-40.0000,-0.6560,-0.6680,-42.0000,0.6560,0.6860,37.0000
1786021596.1424,0.6560,0.6170,41.0000,-0.6560,-0.6140,-41.0000,-0.6560,-0.6570,-43.0000,0.6560,0.6880,36.0000
1786021596.1923,0.6560,0.6330,40.0000,-0.6560,-0.6420,-39.0000,-0.6560,-0.6490,-43.0000,0.6560,0.6690,37.0000
1786021596.2423,0.6560,0.6710,39.0000,-0.6560,-0.6470,-39.0000,-0.6560,-0.6330,-44.0000,0.6560,0.6710,37.0000
1786021596.2929,0.6560,0.6820,38.0000,-0.6560,-0.6670,-38.0000,-0.6560,-0.6520,-43.0000,0.6560,0.6470,38.0000
1786021596.3423,0.6560,0.6830,38.0000,-0.6560,-0.6830,-37.0000,-0.6560,-0.6210,-45.0000,0.6560,0.5780,42.0000
1786021596.3924,0.6560,0.6440,40.0000,-0.6560,-0.6950,-36.0000,-0.6560,-0.6170,-46.0000,0.6560,0.5600,44.0000
1786021596.4423,0.6560,0.6700,38.0000,-0.6560,-0.6860,-37.0000,-0.6560,-0.6260,-46.0000,0.6560,0.5960,42.0000
1786021596.4924,0.6560,0.6600,38.0000,-0.6560,-0.6620,-38.0000,-0.6560,-0.6370,-46.0000,0.6560,0.6070,43.0000
1786021596.5423,0.6560,0.6690,38.0000,-0.6560,-0.6470,-38.0000,-0.6560,-0.6390,-46.0000,0.6560,0.6380,42.0000
1786021596.5924,0.6560,0.6550,38.0000,-0.6560,-0.6600,-38.0000,-0.6560,-0.6650,-44.0000,0.6560,0.6770,40.0000
1786021596.6424,0.6560,0.6750,37.0000,-0.6560,-0.6440,-39.0000,-0.6560,-0.6570,-45.0000,0.6560,0.7140,37.0000
1786021596.6923,0.6560,0.6700,37.0000,-0.6560,-0.6250,-40.0000,-0.6560,-0.7120,-42.0000,0.6560,0.7190,37.0000
1786021596.7424,0.6560,0.6770,37.0000,-0.6560,-0.6160,-41.0000,-0.6560,-0.6800,-43.0000,0.6560,0.7350,35.0000
1786021596.7925,0.6560,0.6330,39.0000,-0.6560,-0.6230,-41.0000,-0.6560,-0.6600,-44.0000,0.6560,0.7320,34.0000
1786021596.8424,0.6560,0.6250,40.0000,-0.6560,-0.6200,-41.0000,-0.6560,-0.6280,-45.0000,0.6560,0.6990,35.0000
1786021596.8924,0.6560,0.6300,40.0000,-0.6560,-0.6320,-41.0000,-0.6560,-0.6540,-44.0000,0.6560,0.6750,36.0000
1786021596.9423,0.6560,0.6430,39.0000,-0.6560,-0.6460,-40.0000,-0.6560,-0.6460,-45.0000,0.6560,0.6540,37.0000
1786021596.9924,0.6560,0.6550,39.0000,-0.6560,-0.6750,-39.0000,-0.6560,-0.6270,-46.0000,0.6560,0.6160,39.0000
1786021597.0424,0.6560,0.6620,38.0000,-0.6560,-0.6930,-38.0000,-0.6560,-0.6180,-47.0000,0.6560,0.5880,41.0000
1786021597.0923,0.6560,0.6560,39.0000,-0.6560,-0.6870,-38.0000,-0.6560,-0.6490,-45.0000,0.6560,0.5670,43.0000
1786021597.1423,0.6560,0.6590,39.0000,-0.6560,-0.6800,-38.0000,-0.6560,-0.6480,-45.0000,0.6560,0.6240,40.0000
1786021597.1923,0.6560,0.6740,38.0000,-0.6560,-0.6680,-38.0000,-0.6560,-0.6470,-46.0000,0.6560,0.6530,39.0000
1786021597.2423,0.6560,0.6690,38.0000,-0.6560,-0.6780,-37.0000,-0.6560,-0.6670,-45.0000,0.6560,0.6880,38.0000
1786021597.2924,0.6560,0.6750,37.0000,-0.6560,-0.6780,-37.0000,-0.6560,-0.6840,-44.0000,0.6560,0.7160,36.0000
1786021597.3431,0.5360,0.6790,27.0000,-0.7760,-0.6320,-50.0000,-0.7760,-0.7060,-52.0000,0.5360,0.7250,24.0000
1786021597.3924,-0.0640,0.2540,-12.0000,-0.6560,-0.6020,-42.0000,-0.6560,-0.7260,-41.0000,-0.0640,0.3030,-16.0000
1786021597.4424,-0.6560,-0.3910,-41.0000,-0.6560,-0.5750,-44.0000,-0.6560,-0.7090,-41.0000,-0.6560,-0.3960,-42.0000
1786021597.4925,-0.6560,-0.6260,-34.0000,-0.6560,-0.5930,-43.0000,-0.6560,-0.6930,-41.0000,-0.6560,-0.6460,-35.0000
1786021597.5424,-0.6560,-0.6470,-35.0000,-0.6560,-0.6630,-40.0000,-0.6560,-0.6600,-42.0000,-0.6560,-0.6210,-39.0000
1786021597.5925,-0.6560,-0.6780,-34.0000,-0.6560,-0.6930,-38.0000,-0.6560,-0.7030,-39.0000,-0.6560,-0.6980,-35.0000
1786021597.6424,-0.6560,-0.6810,-34.0000,-0.6560,-0.7420,-35.0000,-0.6560,-0.7110,-39.0000,-0.6560,-0.7060,-34.0000
1786021597.6925,-0.6560,-0.6860,-34.0000,-0.6560,-0.7150,-36.0000,-0.6560,-0.7200,-37.0000,-0.6560,-0.6810,-35.0000
1786021597.7425,-0.6560,-0.6750,-34.0000,-0.6560,-0.7050,-36.0000,-0.6560,-0.7020,-38.0000,-0.6560,-0.7050,-34.0000
1786021597.7924,-0.6560,-0.6760,-34.0000,-0.6560,-0.7110,-35.0000,-0.6560,-0.7150,-36.0000,-0.6560,-0.7070,-33.0000
1786021597.8431,-0.6560,-0.6740,-34.0000,-0.6560,-0.7130,-34.0000,-0.6560,-0.6910,-37.0000,-0.6560,-0.7010,-33.0000
1786021597.8924,-0.6560,-0.5860,-37.0000,-0.0560,-0.4410,12.0000,-0.0560,-0.5110,15.0000,-0.6560,-0.5580,-39.0000
1786021597.9424,-0.6560,-0.7110,-30.0000,0.5440,0.3170,37.0000,0.5440,0.2330,40.0000,-0.6560,-0.7210,-30.0000
1786021597.9923,-0.6560,-0.6770,-32.0000,0.6560,0.6560,35.0000,0.6560,0.6480,34.0000,-0.6560,-0.6780,-32.0000
1786021598.0423,-0.6560,-0.6670,-32.0000,0.6560,0.5570,43.0000,0.6560,0.5190,45.0000,-0.6560,-0.5110,-42.0000
1786021598.0923,-0.6560,-0.6450,-33.0000,0.6560,0.5500,45.0000,0.6560,0.6190,41.0000,-0.6560,-0.4790,-44.0000
1786021598.1424,-0.6560,-0.6090,-36.0000,0.6560,0.6230,42.0000,0.6560,0.7140,36.0000,-0.6560,-0.5160,-44.0000
1786021598.1923,-0.6560,-0.5630,-39.0000,0.6560,0.6660,40.0000,0.6560,0.6930,38.0000,-0.6560,-0.5660,-43.0000
1786021598.2424,-0.6560,-0.6180,-36.0000,0.6560,0.6420,42.0000,0.6560,0.6380,41.0000,-0.6560,-0.6020,-42.0000
1786021598.2923,-0.2960,-0.5320,-11.0000,0.2960,0.5890,14.0000,0.2960,0.6150,10.0000,-0.2960,-0.5450,-14.0000
1786021598.3422,0.0000,-0.0870,0.0000,0.0000,0.0860,0.0000,0.0000,0.1440,0.0000,0.0000,-0.0880,0.0000
1786021598.3924,-0.1200,-0.0070,-14.0000,0.1200,0.0070,14.0000,0.1200,0.0110,14.0000,-0.1200,-0.0040,-14.0000
1786021598.4424,-0.6560,-0.4690,-40.0000,0.6560,0.4880,40.0000,0.6560,0.4620,41.0000,-0.6560,-0.3170,-50.0000
1786021598.4923,-0.6560,-0.5580,-40.0000,0.6560,0.5440,42.0000,0.6560,0.6140,37.0000,-0.6560,-0.4930,-46.0000
1786021598.5432,-0.6560,-0.6680,-36.0000,0.6560,0.5690,42.0000,0.6560,0.5600,42.0000,-0.6560,-0.5850,-43.0000
1786021598.5924,-0.6560,-0.7010,-35.0000,0.6560,0.6470,39.0000,0.6560,0.6180,40.0000,-0.6560,-0.7030,-38.0000
1786021598.6424,-0.6560,-0.6990,-35.0000,0.6560,0.6710,38.0000,0.6560,0.6920,36.0000,-0.6560,-0.6800,-40.0000
1786021598.6924,-0.6560,-0.6430,-38.0000,0.6560,0.6700,38.0000,0.6560,0.6640,38.0000,-0.6560,-0.7300,-36.0000
1786021598.7432,-0.6560,-0.6750,-36.0000,0.6560,0.6740,38.0000,0.6560,0.6430,39.0000,-0.6560,-0.7540,-34.0000
1786021598.7923,-0.6560,-0.6800,-35.0000,0.6560,0.6720,38.0000,0.6560,0.6180,41.0000,-0.6560,-0.7280,-35.0000
1786021598.8432,-0.6560,-0.6450,-37.0000,0.6560,0.6210,41.0000,0.6560,0.5810,43.0000,-0.6560,-0.6080,-41.0000
1786021598.8925,-0.6560,-0.6410,-37.0000,0.6560,0.6220,41.0000,0.6560,0.5880,44.0000,-0.6560,-0.6110,-41.0000
1786021598.9424,-0.6560,-0.6640,-36.0000,0.6560,0.6240,41.0000,0.6560,0.5980,44.0000,-0.6560,-0.6270,-40.0000
1786021598.9924,-0.6560,-0.6500,-37.0000,0.6560,0.6460,40.0000,0.6560,0.6070,44.0000,-0.6560,-0.6290,-41.0000
1786021599.0430,-0.6560,-0.6530,-37.0000,0.6560,0.6440,40.0000,0.6560,0.6470,42.0000,-0.6560,-0.6390,-40.0000
1786021599.0924,-0.6560,-0.6530,-37.0000,0.6560,0.6510,40.0000,0.6560,0.6970,40.0000,-0.6560,-0.6610,-39.0000
1786021599.1425,-0.6560,-0.6590,-37.0000,0.6560,0.6520,40.0000,0.6560,0.6900,40.0000,-0.6560,-0.6820,-38.0000
1786021599.1924,-0.6560,-0.6770,-36.0000,0.6560,0.6570,40.0000,0.6560,0.6870,40.0000,-0.6560,-0.6680,-39.0000
1786021599.2426,-0.6560,-0.6600,-36.0000,0.6560,0.6850,38.0000,0.6560,0.6860,39.0000,-0.6560,-0.6700,-39.0000
1786021599.2930,-0.6560,-0.6510,-37.0000,0.6560,0.6870,38.0000,0.6560,0.7280,37.0000,-0.6560,-0.7030,-36.0000
1786021599.3424,-0.6560,-0.6780,-35.0000,0.6560,0.7100,36.0000,0.6560,0.6710,40.0000,-0.6560,-0.7110,-36.0000
1786021599.3923,-0.6560,-0.6420,-37.0000,0.6560,0.7150,36.0000,0.6560,0.6620,39.0000,-0.6560,-0.6990,-36.0000
1786021599.4423,-0.6560,-0.6070,-39.0000,0.6560,0.6570,38.0000,0.6560,0.6520,40.0000,-0.6560,-0.6380,-39.0000
1786021599.4924,-0.6560,-0.5680,-42.0000,0.6560,0.6180,40.0000,0.6560,0.6500,40.0000,-0.6560,-0.5950,-41.0000
1786021599.5423,-0.6560,-0.5780,-42.0000,0.6560,0.6310,40.0000,0.6560,0.6390,41.0000,-0.6560,-0.6340,-39.0000
1786021599.5925,-0.6560,-0.6500,-39.0000,0.6560,0.6510,39.0000,0.6560,0.6310,42.0000,-0.6560,-0.6420,-39.0000
1786021599.6425,-0.6560,-0.6510,-40.0000,0.6560,0.6680,38.0000,0.6560,0.6580,40.0000,-0.6560,-0.6510,-39.0000
1786021599.6933,-0.6560,-0.6280,-41.0000,0.6560,0.6420,40.0000,0.6560,0.6590,40.0000,-0.6560,-0.6320,-40.0000
1786021599.7425,-0.6560,-0.6180,-42.0000,0.6560,0.6320,41.0000,0.6560,0.6280,42.0000,-0.6560,-0.6450,-40.0000
1786021599.7933,-0.6560,-0.6410,-41.0000,0.6560,0.6400,40.0000,0.6560,0.6520,41.0000,-0.6560,-0.6370,-40.0000
1786021599.8431,-0.6560,-0.6410,-41.0000,0.6560,0.6610,39.0000,0.6560,0.6440,41.0000,-0.6560,-0.6500,-40.0000
1786021599.8924,-0.6560,-0.6470,-41.0000,0.6560,0.6510,40.0000,0.6560,0.6650,40.0000,-0.6560,-0.6650,-39.0000
1786021599.9430,-0.6560,-0.6550,-41.0000,0.6560,0.6520,40.0000,0.6560,0.6510,41.0000,-0.6560,-0.7260,-35.0000
1786021599.9931,-0.6560,-0.6700,-40.0000,0.6560,0.6770,38.0000,0.6560,0.6460,41.0000,-0.6560,-0.6910,-37.0000
1786021600.0424,-0.6560,-0.6840,-39.0000,0.6560,0.6910,37.0000,0.6560,0.6460,41.0000,-0.6560,-0.6790,-37.0000
1786021600.0925,-0.6560,-0.6490,-41.0000,0.6560,0.6770,38.0000,0.6560,0.6580,41.0000,-0.6560,-0.6420,-39.0000
1786021600.1424,-0.6560,-0.6530,-41.0000,0.6560,0.6520,39.0000,0.6560,0.6590,41.0000,-0.6560,-0.6300,-40.0000
1786021600.1924,-0.6560,-0.6650,-40.0000,0.6560,0.6520,39.0000,0.6560,0.6280,43.0000,-0.6560,-0.6310,-40.0000
1786021600.2438,-0.6560,-0.6620,-40.0000,0.6560,0.6520,39.0000,0.6560,0.6170,43.0000,-0.6560,-0.6400,-39.0000
1786021600.2923,-0.6560,-0.6550,-40.0000,0.6560,0.6320,40.0000,0.6560,0.6470,42.0000,-0.6560,-0.6260,-41.0000
1786021600.3425,-0.6560,-0.6540,-40.0000,0.6560,0.6330,40.0000,0.6560,0.6670,41.0000,-0.6560,-0.6460,-40.0000
1786021600.3925,-0.6560,-0.6700,-39.0000,0.6560,0.6470,39.0000,0.6560,0.6790,40.0000,-0.6560,-0.6440,-40.0000
1786021600.4423,-0.6560,-0.6550,-40.0000,0.6560,0.6470,40.0000,0.6560,0.6330,43.0000,-0.6560,-0.6400,-40.0000
1786021600.4924,-0.6560,-0.6540,-40.0000,0.6560,0.6440,40.0000,0.6560,0.6510,42.0000,-0.6560,-0.6540,-40.0000
1786021600.5424,-0.6560,-0.6760,-39.0000,0.6560,0.6500,40.0000,0.6560,0.6800,40.0000,-0.6560,-0.6920,-37.0000
1786021600.5925,-0.6560,-0.6800,-39.0000,0.6560,0.6660,39.0000,0.6560,0.6880,40.0000,-0.6560,-0.7310,-35.0000
1786021600.6425,-0.6560,-0.7010,-37.0000,0.6560,0.6860,38.0000,0.6560,0.6810,40.0000,-0.6560,-0.7090,-36.0000
1786021600.6925,-0.6560,-0.6650,-39.0000,0.6560,0.6830,37.0000,0.6560,0.6650,40.0000,-0.6560,-0.6630,-38.0000
1786021600.7424,-0.6560,-0.6510,-39.0000,0.6560,0.6500,39.0000,0.6560,0.6880,39.0000,-0.6560,-0.6310,-39.0000
1786021600.7925,-0.6560,-0.6560,-39.0000,0.6560,0.6330,40.0000,0.6560,0.6790,39.0000,-0.6560,-0.6100,-40.0000
1786021600.8424,-0.6560,-0.6570,-39.0000,0.6560,0.6430,40.0000,0.6560,0.6660,40.0000,-0.6560,-0.6160,-40.0000
1786021600.8925,-0.6560,-0.6440,-40.0000,0.6560,0.6500,39.0000,0.6560,0.6680,39.0000,-0.6560,-0.6360,-40.0000
1786021600.9424,-0.6560,-0.6470,-39.0000,0.6560,0.6480,40.0000,0.6560,0.6620,40.0000,-0.6560,-0.6240,-41.0000
1786021600.9924,-0.6560,-0.6480,-40.0000,0.6560,0.6350,41.0000,0.6560,0.6590,40.0000,-0.6560,-0.6350,-41.0000
1786021601.0432,-0.6560,-0.6660,-39.0000,0.6560,0.6500,40.0000,0.6560,0.6580,40.0000,-0.6560,-0.6260,-41.0000
1786021601.0925,-0.6560,-0.6620,-39.0000,0.6560,0.6480,40.0000,0.6560,0.6760,39.0000,-0.6560,-0.6330,-41.0000
1786021601.1425,-0.6560,-0.6780,-38.0000,0.6560,0.6510,40.0000,0.6560,0.6890,38.0000,-0.6560,-0.6540,-40.0000
1786021601.1924,-0.6560,-0.6720,-38.0000,0.6560,0.6380,41.0000,0.6560,0.6710,38.0000,-0.6560,-0.6820,-39.0000
1786021601.2428,-0.6560,-0.6790,-37.0000,0.6560,0.6550,40.0000,0.6560,0.6620,39.0000,-0.6560,-0.7030,-37.0000
1786021601.2924,-0.6560,-0.7100,-35.0000,0.6560,0.6730,39.0000,0.6560,0.6520,39.0000,-0.6560,-0.7230,-36.0000
1786021601.3424,-0.6560,-0.6890,-36.0000,0.6560,0.6570,40.0000,0.6560,0.6660,38.0000,-0.6560,-0.6820,-38.0000
1786021601.3924,-0.6560,-0.6570,-37.0000,0.6560,0.6410,41.0000,0.6560,0.6420,40.0000,-0.6560,-0.6240,-40.0000
1786021601.4425,-0.6560,-0.6460,-38.0000,0.6560,0.6290,42.0000,0.6560,0.6450,40.0000,-0.6560,-0.5670,-44.0000
1786021601.4924,-0.6560,-0.6130,-40.0000,0.6560,0.6270,42.0000,0.6560,0.6330,41.0000,-0.6560,-0.5880,-43.0000
1786021601.5431,-0.6560,-0.6100,-40.0000,0.6560,0.6290,42.0000,0.6560,0.6670,39.0000,-0.6560,-0.6140,-43.0000
1786021601.5925,-0.6560,-0.6230,-40.0000,0.6560,0.6440,41.0000,0.6560,0.6520,40.0000,-0.6560,-0.6440,-41.0000
1786021601.6424,-0.6560,-0.6490,-39.0000,0.6560,0.6670,40.0000,0.6560,0.6770,38.0000,-0.6560,-0.6400,-42.0000
1786021601.6924,-0.6560,-0.6600,-39.0000,0.6560,0.6550,41.0000,0.6560,0.6620,39.0000,-0.6560,-0.6330,-43.0000
1786021601.7424,-0.6560,-0.6670,-38.0000,0.6560,0.6590,41.0000,0.6560,0.6820,38.0000,-0.6560,-0.6360,-43.0000
1786021601.7925,-0.6560,-0.6760,-38.0000,0.6560,0.6600,41.0000,0.6560,0.6500,39.0000,-0.6560,-0.6750,-41.0000
1786021601.8425,-0.6560,-0.6750,-38.0000,0.6560,0.6810,39.0000,0.6560,0.6560,39.0000,-0.6560,-0.7220,-38.0000
1786021601.8925,-0.6560,-0.6630,-38.0000,0.6560,0.6890,39.0000,0.6560,0.6490,39.0000,-0.6560,-0.7500,-35.0000
1786021601.9424,-0.6560,-0.6520,-38.0000,0.6560,0.6480,41.0000,0.6560,0.6480,40.0000,-0.6560,-0.7410,-35.0000
1786021601.9925,-0.6560,-0.6550,-38.0000,0.6560,0.6100,43.0000,0.6560,0.6500,40.0000,-0.6560,-0.7170,-35.0000
1786021602.0424,-0.6560,-0.6780,-37.0000,0.6560,0.6400,41.0000,0.6560,0.6460,40.0000,-0.6560,-0.6560,-38.0000
1786021602.0925,-0.6560,-0.6840,-36.0000,0.6560,0.6760,39.0000,0.6560,0.6380,40.0000,-0.6560,-0.6440,-39.0000
1786021602.1425,-0.6560,-0.6770,-36.0000,0.6560,0.6660,40.0000,0.6560,0.6260,41.0000,-0.6560,-0.6350,-39.0000
1786021602.1924,-0.6560,-0.6570,-37.0000,0.6560,0.6340,42.0000,0.6560,0.6140,42.0000,-0.6560,-0.6410,-39.0000
1786021602.2424,-0.6560,-0.6550,-37.0000,0.6560,0.6330,42.0000,0.6560,0.6290,42.0000,-0.6560,-0.6350,-39.0000
1786021602.2924,-0.6560,-0.6420,-38.0000,0.6560,0.6610,40.0000,0.6560,0.6490,41.0000,-0.6560,-0.6400,-39.0000
1786021602.3425,-0.6560,-0.6410,-38.0000,0.6560,0.6540,41.0000,0.6560,0.6800,39.0000,-0.6560,-0.6290,-40.0000
1786021602.3925,-0.6560,-0.6420,-38.0000,0.6560,0.6350,42.0000,0.6560,0.6930,38.0000,-0.6560,-0.6470,-39.0000
1786021602.4425,-0.6560,-0.6800,-36.0000,0.6560,0.6610,41.0000,0.6560,0.6690,39.0000,-0.6560,-0.6660,-39.0000
1786021602.4924,-0.6560,-0.6540,-38.0000,0.6560,0.6920,39.0000,0.6560,0.6620,40.0000,-0.6560,-0.6790,-38.0000
1786021602.5425,-0.6560,-0.6540,-38.0000,0.6560,0.7050,38.0000,0.6560,0.6770,39.0000,-0.6560,-0.6950,-37.0000
1786021602.5925,-0.6560,-0.6570,-37.0000,0.6560,0.7000,38.0000,0.6560,0.6720,39.0000,-0.6560,-0.7020,-36.0000
1786021602.6426,-0.6560,-0.6420,-38.0000,0.6560,0.6810,38.0000,0.6560,0.6310,41.0000,-0.6560,-0.6560,-38.0000
1786021602.6924,-0.6560,-0.6430,-38.0000,0.6560,0.6580,39.0000,0.6560,0.6000,43.0000,-0.6560,-0.6140,-40.0000
1786021602.7424,-0.6560,-0.6520,-38.0000,0.6560,0.6360,41.0000,0.6560,0.6030,43.0000,-0.6560,-0.6130,-41.0000
1786021602.7925,-0.6560,-0.6500,-38.0000,0.6560,0.6390,41.0000,0.6560,0.6470,41.0000,-0.6560,-0.6360,-40.0000
1786021602.8424,-0.6560,-0.6600,-38.0000,0.6560,0.6410,41.0000,0.6560,0.6510,41.0000,-0.6560,-0.6550,-39.0000
1786021602.8925,-0.6560,-0.6530,-38.0000,0.6560,0.6360,41.0000,0.6560,0.6480,42.0000,-0.6560,-0.6410,-40.0000
1786021602.9425,-0.6560,-0.6430,-39.0000,0.6560,0.6340,42.0000,0.6560,0.6690,41.0000,-0.6560,-0.6450,-40.0000
1786021602.9925,-0.6560,-0.6640,-37.0000,0.6560,0.6270,42.0000,0.6560,0.7020,39.0000,-0.6560,-0.6450,-40.0000
1786021603.0425,-0.6560,-0.6620,-38.0000,0.6560,0.6380,42.0000,0.6560,0.6860,39.0000,-0.6560,-0.6530,-40.0000
1786021603.0925,-0.6560,-0.6540,-38.0000,0.6560,0.6670,40.0000,0.6560,0.7010,38.0000,-0.6560,-0.6750,-39.0000
1786021603.1426,-0.6560,-0.6470,-38.0000,0.6560,0.6850,39.0000,0.6560,0.6760,39.0000,-0.6560,-0.6980,-37.0000
1786021603.1925,-0.6560,-0.6690,-37.0000,0.6560,0.6970,38.0000,0.6560,0.7040,37.0000,-0.6560,-0.7000,-37.0000
1786021603.2424,-0.6560,-0.6490,-38.0000,0.6560,0.7160,37.0000,0.6560,0.6590,39.0000,-0.6560,-0.6970,-36.0000
1786021603.2924,-0.6560,-0.6600,-38.0000,0.6560,0.7250,36.0000,0.6560,0.6480,40.0000,-0.6560,-0.6510,-39.0000
1786021603.3424,-0.6560,-0.6410,-39.0000,0.6560,0.6740,38.0000,0.6560,0.6440,40.0000,-0.6560,-0.6280,-40.0000
1786021603.3925,-0.6560,-0.6500,-38.0000,0.6560,0.6090,41.0000,0.6560,0.6480,40.0000,-0.6560,-0.6260,-40.0000
1786021603.4430,-0.6560,-0.6500,-38.0000,0.6560,0.5990,42.0000,0.6560,0.5880,44.0000,-0.6560,-0.6360,-40.0000
1786021603.4924,-0.6560,-0.6460,-39.0000,0.6560,0.6090,42.0000,0.6560,0.6210,42.0000,-0.6560,-0.6300,-40.0000
1786021603.5426,-0.6560,-0.6490,-39.0000,0.6560,0.6400,41.0000,0.6560,0.6570,40.0000,-0.6560,-0.6450,-40.0000
1786021603.5926,-0.6560,-0.6580,-38.0000,0.6560,0.6270,42.0000,0.6560,0.6710,40.0000,-0.6560,-0.6410,-40.0000
1786021603.6425,-0.6560,-0.6360,-39.0000,0.6560,0.6090,43.0000,0.6560,0.6340,42.0000,-0.6560,-0.6370,-41.0000
1786021603.6925,-0.6560,-0.6620,-38.0000,0.6560,0.6390,42.0000,0.6560,0.6690,40.0000,-0.6560,-0.6340,-41.0000
1786021603.7425,-0.6560,-0.6550,-38.0000,0.6560,0.6680,41.0000,0.6560,0.6860,39.0000,-0.6560,-0.6630,-39.0000
1786021603.7926,-0.6560,-0.6620,-38.0000,0.6560,0.6910,39.0000,0.6560,0.6980,38.0000,-0.6560,-0.6970,-38.0000
1786021603.8430,-0.6560,-0.6610,-38.0000,0.6560,0.7070,38.0000,0.6560,0.6790,39.0000,-0.6560,-0.7480,-34.0000
1786021603.8926,-0.6560,-0.6730,-37.0000,0.6560,0.7350,36.0000,0.6560,0.6540,40.0000,-0.6560,-0.7270,-35.0000
1786021603.9432,-0.6560,-0.6770,-37.0000,0.6560,0.7310,35.0000,0.6560,0.6500,40.0000,-0.6560,-0.6660,-37.0000
1786021603.9928,-0.6560,-0.6470,-38.0000,0.6560,0.6890,37.0000,0.6560,0.6560,39.0000,-0.6560,-0.6060,-40.0000
1786021604.0425,-0.6560,-0.6380,-39.0000,0.6560,0.6450,39.0000,0.6560,0.5940,43.0000,-0.6560,-0.6350,-39.0000
1786021604.0927,-0.6560,-0.6610,-38.0000,0.6560,0.6030,41.0000,0.6560,0.5900,44.0000,-0.6560,-0.6460,-39.0000
1786021604.1432,-0.6560,-0.6230,-40.0000,0.6560,0.6180,41.0000,0.6560,0.6180,43.0000,-0.6560,-0.6350,-39.0000
1786021604.1928,-0.6560,-0.6250,-40.0000,0.6560,0.6190,41.0000,0.6560,0.6460,42.0000,-0.6560,-0.6210,-40.0000
1786021604.2434,-0.6560,-0.6440,-39.0000,0.6560,0.6290,41.0000,0.6560,0.6740,40.0000,-0.6560,-0.6500,-39.0000
1786021604.2925,-0.6560,-0.6950,-36.0000,0.6560,0.6370,41.0000,0.6560,0.6640,41.0000,-0.6560,-0.6590,-39.0000
1786021604.3427,-0.6560,-0.7020,-36.0000,0.6560,0.6620,39.0000,0.6560,0.6870,39.0000,-0.6560,-0.6740,-38.0000
1786021604.3926,-0.6560,-0.6610,-38.0000,0.6560,0.6770,39.0000,0.6560,0.6790,39.0000,-0.6560,-0.6840,-37.0000
1786021604.4433,-0.6560,-0.6510,-38.0000,0.6560,0.6790,38.0000,0.6560,0.6930,38.0000,-0.6560,-0.7060,-36.0000
1786021604.4925,-0.6560,-0.6600,-38.0000,0.6560,0.6770,38.0000,0.6560,0.6470,41.0000,-0.6560,-0.7140,-35.0000
1786021604.5438,-0.6560,-0.6450,-38.0000,0.6560,0.6790,38.0000,0.6560,0.6360,41.0000,-0.6560,-0.6920,-35.0000
1786021604.5936,-0.6560,-0.6300,-39.0000,0.6560,0.6390,40.0000,0.6560,0.6280,42.0000,-0.6560,-0.6280,-39.0000
1786021604.6445,-0.6560,-0.6060,-41.0000,0.6560,0.6260,41.0000,0.6560,0.6210,43.0000,-0.6560,-0.6210,-39.0000
1786021604.6935,-0.6560,-0.6300,-40.0000,0.6560,0.6390,40.0000,0.6560,0.6020,44.0000,-0.6560,-0.6250,-39.0000
1786021604.7446,-0.6560,-0.6650,-39.0000,0.6560,0.6590,40.0000,0.6560,0.6260,43.0000,-0.6560,-0.6270,-39.0000
1786021604.7935,-0.6560,-0.6540,-39.0000,0.6560,0.6530,40.0000,0.6560,0.6560,42.0000,-0.6560,-0.6380,-39.0000
1786021604.8436,-0.6560,-0.6610,-39.0000,0.6560,0.6500,40.0000,0.6560,0.6920,40.0000,-0.6560,-0.6440,-39.0000
1786021604.8936,-0.6560,-0.6610,-39.0000,0.6560,0.6510,40.0000,0.6560,0.6670,41.0000,-0.6560,-0.6650,-38.0000
1786021604.9436,-0.6560,-0.6870,-37.0000,0.6560,0.6580,40.0000,0.6560,0.6890,40.0000,-0.6560,-0.6340,-40.0000
1786021604.9936,-0.6560,-0.6660,-38.0000,0.6560,0.6820,39.0000,0.6560,0.7230,38.0000,-0.6560,-0.6690,-38.0000
1786021605.0449,-0.6560,-0.6740,-38.0000,0.6560,0.6820,38.0000,0.6560,0.7140,37.0000,-0.6560,-0.6840,-37.0000
1786021605.0936,-0.6560,-0.6680,-38.0000,0.6560,0.6910,38.0000,0.6560,0.6770,39.0000,-0.6560,-0.7130,-35.0000
1786021605.1436,-0.6560,-0.6610,-38.0000,0.6560,0.7000,37.0000,0.6560,0.6590,40.0000,-0.6560,-0.6630,-38.0000
1786021605.1936,-0.6560,-0.6410,-39.0000,0.6560,0.6860,37.0000,0.6560,0.6470,40.0000,-0.6560,-0.6430,-39.0000
1786021605.2436,-0.6560,-0.6390,-39.0000,0.6560,0.6700,38.0000,0.6560,0.6660,39.0000,-0.6560,-0.6730,-37.0000
1786021605.2935,-0.6560,-0.6760,-37.0000,0.6560,0.6520,38.0000,0.6560,0.6240,42.0000,-0.6560,-0.6730,-37.0000
1786021605.3443,-0.6560,-0.6520,-39.0000,0.6560,0.6310,40.0000,0.6560,0.6080,43.0000,-0.6560,-0.6400,-38.0000
1786021605.3935,-0.6560,-0.6370,-40.0000,0.6560,0.6300,40.0000,0.6560,0.6160,43.0000,-0.6560,-0.6320,-39.0000
1786021605.4436,-0.6560,-0.6440,-39.0000,0.6560,0.6180,41.0000,0.6560,0.6550,41.0000,-0.6560,-0.6380,-39.0000
1786021605.4936,-0.6560,-0.6530,-39.0000,0.6560,0.6370,40.0000,0.6560,0.6710,40.0000,-0.6560,-0.6640,-37.0000
1786021605.5435,-0.6560,-0.6740,-38.0000,0.6560,0.6380,40.0000,0.6560,0.6760,40.0000,-0.6560,-0.6350,-39.0000
1786021605.5937,-0.6560,-0.6580,-38.0000,0.6560,0.6580,39.0000,0.6560,0.7000,38.0000,-0.6560,-0.6970,-36.0000
1786021605.6435,-0.6560,-0.6800,-37.0000,0.6560,0.6830,38.0000,0.6560,0.7100,37.0000,-0.6560,-0.6980,-35.0000
1786021605.6936,-0.6560,-0.6630,-38.0000,0.6560,0.6900,37.0000,0.6560,0.6370,41.0000,-0.6560,-0.6530,-38.0000
1786021605.7443,-0.6560,-0.6240,-40.0000,0.6560,0.6850,37.0000,0.6560,0.6650,39.0000,-0.6560,-0.6290,-39.0000
1786021605.7935,-0.6560,-0.6310,-40.0000,0.6560,0.7150,35.0000,0.6560,0.6550,40.0000,-0.6560,-0.6250,-39.0000
1786021605.8435,-0.6560,-0.6240,-40.0000,0.6560,0.6670,38.0000,0.6560,0.6410,40.0000,-0.6560,-0.6350,-39.0000
1786021605.8936,-0.6560,-0.6150,-41.0000,0.6560,0.6220,40.0000,0.6560,0.6440,40.0000,-0.6560,-0.6950,-36.0000
1786021605.9435,-0.6560,-0.6570,-39.0000,0.6560,0.6110,40.0000,0.6560,0.6300,41.0000,-0.6560,-0.6890,-36.0000
1786021605.9936,-0.6560,-0.6470,-40.0000,0.6560,0.6220,40.0000,0.6560,0.5920,44.0000,-0.6560,-0.6350,-39.0000
1786021606.0442,-0.6560,-0.6370,-41.0000,0.6560,0.6200,41.0000,0.6560,0.6360,42.0000,-0.6560,-0.6270,-39.0000
1786021606.0936,-0.6560,-0.6360,-41.0000,0.6560,0.5900,43.0000,0.6560,0.6450,42.0000,-0.6560,-0.6300,-39.0000
1786021606.1436,-0.6560,-0.6720,-39.0000,0.6560,0.6130,42.0000,0.6560,0.6330,42.0000,-0.6560,-0.6310,-39.0000
1786021606.1940,-0.6560,-0.6730,-39.0000,0.6560,0.6390,41.0000,0.6560,0.6700,41.0000,-0.6560,-0.6190,-40.0000
1786021606.2436,-0.6560,-0.6930,-38.0000,0.6560,0.6470,41.0000,0.6560,0.6790,40.0000,-0.6560,-0.6410,-40.0000
1786021606.2936,-0.6560,-0.6600,-39.0000,0.6560,0.6640,40.0000,0.6560,0.6800,40.0000,-0.6560,-0.6690,-38.0000
1786021606.3436,-0.6560,-0.6690,-39.0000,0.6560,0.6840,39.0000,0.6560,0.6610,41.0000,-0.6560,-0.6980,-36.0000
1786021606.3935,-0.6560,-0.6770,-38.0000,0.6560,0.7190,37.0000,0.6560,0.6580,41.0000,-0.6560,-0.7130,-35.0000
1786021606.4436,-0.6560,-0.6720,-38.0000,0.6560,0.7300,36.0000,0.6560,0.6920,39.0000,-0.6560,-0.7100,-35.0000
1786021606.4935,-0.6560,-0.6440,-40.0000,0.6560,0.7190,36.0000,0.6560,0.6740,39.0000,-0.6560,-0.6570,-37.0000
1786021606.5436,-0.6560,-0.6310,-40.0000,0.6560,0.6650,38.0000,0.6560,0.6130,43.0000,-0.6560,-0.6260,-39.0000
1786021606.5936,-0.6560,-0.6230,-41.0000,0.6560,0.6510,39.0000,0.6560,0.5950,44.0000,-0.6560,-0.6270,-39.0000
1786021606.6436,-0.6560,-0.6370,-41.0000,0.6560,0.6220,40.0000,0.6560,0.5910,45.0000,-0.6560,-0.6070,-41.0000
1786021606.6936,-0.6560,-0.6260,-42.0000,0.6560,0.6220,40.0000,0.6560,0.6430,43.0000,-0.6560,-0.6180,-40.0000
1786021606.7436,-0.6560,-0.6380,-41.0000,0.6560,0.6380,40.0000,0.6560,0.6480,43.0000,-0.6560,-0.6540,-39.0000
1786021606.7936,-0.6560,-0.6620,-40.0000,0.6560,0.6430,40.0000,0.6560,0.6630,42.0000,-0.6560,-0.6330,-40.0000
1786021606.8437,-0.6560,-0.6670,-40.0000,0.6560,0.6300,41.0000,0.6560,0.6720,42.0000,-0.6560,-0.6300,-41.0000
1786021606.8936,-0.6560,-0.6760,-39.0000,0.6560,0.6310,41.0000,0.6560,0.6900,40.0000,-0.6560,-0.6340,-41.0000
1786021606.9435,-0.6560,-0.6570,-40.0000,0.6560,0.6750,39.0000,0.6560,0.6810,41.0000,-0.6560,-0.6870,-38.0000
1786021606.9936,-0.6560,-0.6890,-38.0000,0.6560,0.7010,37.0000,0.6560,0.6720,41.0000,-0.6560,-0.7080,-37.0000
1786021607.0435,-0.6560,-0.6830,-38.0000,0.6560,0.7050,37.0000,0.6560,0.6740,40.0000,-0.6560,-0.7440,-34.0000
1786021607.0937,-0.6560,-0.6770,-38.0000,0.6560,0.6640,38.0000,0.6560,0.6540,41.0000,-0.6560,-0.7110,-35.0000
1786021607.1436,-0.6560,-0.6510,-39.0000,0.6560,0.6640,38.0000,0.6560,0.6070,44.0000,-0.6560,-0.6870,-36.0000
1786021607.1936,-0.6560,-0.6640,-39.0000,0.6560,0.6470,39.0000,0.6560,0.5880,45.0000,-0.6560,-0.6160,-39.0000
1786021607.2436,-0.6560,-0.6340,-40.0000,0.6560,0.6450,39.0000,0.6560,0.5910,46.0000,-0.6560,-0.6050,-40.0000
1786021607.2937,-0.6560,-0.6430,-40.0000,0.6560,0.6260,40.0000,0.6560,0.6300,44.0000,-0.6560,-0.6240,-39.0000
1786021607.3436,-0.6560,-0.6100,-42.0000,0.6560,0.6150,41.0000,0.6560,0.6390,44.0000,-0.6560,-0.6390,-39.0000
1786021607.3937,-0.6560,-0.6390,-41.0000,0.6560,0.6350,40.0000,0.6560,0.6450,44.0000,-0.6560,-0.6180,-41.0000
1786021607.4435,-0.6560,-0.6510,-40.0000,0.6560,0.6550,40.0000,0.6560,0.6780,42.0000,-0.6560,-0.6290,-40.0000
1786021607.4936,-0.6560,-0.6780,-39.0000,0.6560,0.6560,40.0000,0.6560,0.6760,43.0000,-0.6560,-0.6490,-39.0000
1786021607.5435,-0.6560,-0.6840,-38.0000,0.6560,0.6540,40.0000,0.6560,0.6990,41.0000,-0.6560,-0.6700,-38.0000
1786021607.5936,-0.6560,-0.6610,-40.0000,0.6560,0.6750,38.0000,0.6560,0.6620,43.0000,-0.6560,-0.6840,-38.0000
1786021607.6436,-0.6560,-0.6600,-39.0000,0.6560,0.6920,37.0000,0.6560,0.6700,42.0000,-0.6560,-0.7150,-35.0000
1786021607.6936,-0.6560,-0.6690,-39.0000,0.6560,0.7040,36.0000,0.6560,0.6770,41.0000,-0.6560,-0.6940,-36.0000
1786021607.7436,-0.6560,-0.6450,-40.0000,0.6560,0.6790,37.0000,0.6560,0.6630,42.0000,-0.6560,-0.6560,-38.0000
1786021607.7937,-0.6560,-0.6580,-39.0000,0.6560,0.6730,37.0000,0.6560,0.6280,44.0000,-0.6560,-0.6180,-40.0000
1786021607.8436,-0.6560,-0.6600,-39.0000,0.6560,0.6530,38.0000,0.6560,0.6310,44.0000,-0.6560,-0.6140,-40.0000
1786021607.8938,-0.6560,-0.6720,-39.0000,0.6560,0.6500,38.0000,0.6560,0.6490,43.0000,-0.6560,-0.6150,-41.0000
1786021607.9435,-0.6560,-0.6520,-40.0000,0.6560,0.6410,39.0000,0.6560,0.6680,42.0000,-0.6560,-0.6280,-40.0000
1786021607.9936,-0.6560,-0.6700,-39.0000,0.6560,0.6470,38.0000,0.6560,0.6550,43.0000,-0.6560,-0.6480,-40.0000
1786021608.0439,-0.6560,-0.6710,-38.0000,0.6560,0.6480,39.0000,0.6560,0.6880,41.0000,-0.6560,-0.6410,-40.0000
1786021608.0936,-0.6560,-0.6670,-39.0000,0.6560,0.6560,38.0000,0.6560,0.6720,42.0000,-0.6560,-0.6410,-40.0000
1786021608.1436,-0.6560,-0.6600,-39.0000,0.6560,0.6410,39.0000,0.6560,0.6860,41.0000,-0.6560,-0.6420,-41.0000
1786021608.1940,-0.6560,-0.6620,-39.0000,0.6560,0.6540,38.0000,0.6560,0.6710,42.0000,-0.6560,-0.6670,-39.0000
1786021608.2435,-0.6560,-0.6790,-38.0000,0.6560,0.6690,38.0000,0.6560,0.6740,41.0000,-0.6560,-0.6870,-38.0000
1786021608.2936,-0.6560,-0.6700,-38.0000,0.6560,0.6810,37.0000,0.6560,0.6770,41.0000,-0.6560,-0.7200,-36.0000
1786021608.3436,-0.6560,-0.6500,-39.0000,0.6560,0.6740,37.0000,0.6560,0.6760,41.0000,-0.6560,-0.7340,-34.0000
1786021608.3936,-0.6560,-0.6950,-36.0000,0.6560,0.6630,38.0000,0.6560,0.6410,43.0000,-0.6560,-0.7270,-34.0000
1786021608.4435,-0.6560,-0.6810,-37.0000,0.6560,0.6470,38.0000,0.6560,0.6020,45.0000,-0.6560,-0.6400,-38.0000
1786021608.4936,-0.6560,-0.6700,-37.0000,0.6560,0.6410,39.0000,0.6560,0.5910,46.0000,-0.6560,-0.5980,-40.0000
1786021608.5436,-0.6560,-0.6450,-38.0000,0.6560,0.6230,40.0000,0.6560,0.6170,45.0000,-0.6560,-0.5920,-41.0000
1786021608.5937,-0.6560,-0.6690,-37.0000,0.6560,0.6380,39.0000,0.6560,0.6160,46.0000,-0.6560,-0.6460,-39.0000
1786021608.6436,-0.6560,-0.6700,-37.0000,0.6560,0.6520,39.0000,0.6560,0.6400,45.0000,-0.6560,-0.6350,-40.0000
1786021608.6937,-0.6560,-0.6590,-37.0000,0.6560,0.6600,39.0000,0.6560,0.6720,43.0000,-0.6560,-0.6370,-40.0000
1786021608.7436,-0.6560,-0.6680,-37.0000,0.6560,0.6410,40.0000,0.6560,0.7030,41.0000,-0.6560,-0.6520,-39.0000
1786021608.7936,-0.6560,-0.6850,-36.0000,0.6560,0.6420,40.0000,0.6560,0.6870,42.0000,-0.6560,-0.6910,-37.0000
1786021608.8932,-0.1760,-0.5340,-1.0000,0.1760,0.4990,4.0000,0.1760,0.5380,6.0000,-0.1760,-0.5110,-4.0000
1786021608.8942,-0.3600,-0.1210,-34.0000,0.3600,0.1250,34.0000,0.3600,0.1200,35.0000,-0.3600,-0.1010,-36.0000
1786021608.9436,-0.6560,-0.6660,-31.0000,0.6560,0.6730,31.0000,0.6560,0.5440,39.0000,-0.6560,-0.6000,-36.0000
1786021608.9936,-0.6560,-0.5390,-41.0000,0.6560,0.5670,40.0000,0.6560,0.5860,40.0000,-0.6560,-0.6320,-37.0000
1786021609.0437,-0.6560,-0.6190,-38.0000,0.6560,0.6300,37.0000,0.6560,0.6240,39.0000,-0.6560,-0.6160,-39.0000
1786021609.0936,-0.6560,-0.6260,-38.0000,0.6560,0.6380,37.0000,0.6560,0.6480,38.0000,-0.6560,-0.6650,-36.0000
1786021609.1436,-0.6560,-0.5670,-42.0000,0.6560,0.6280,38.0000,0.6560,0.6440,39.0000,-0.6560,-0.6370,-38.0000
1786021609.1937,-0.6560,-0.5410,-44.0000,0.6560,0.6030,40.0000,0.6560,0.6210,41.0000,-0.6560,-0.5850,-41.0000
1786021609.2436,-0.6560,-0.5710,-44.0000,0.6560,0.6270,39.0000,0.6560,0.6400,40.0000,-0.6560,-0.6070,-41.0000
1786021609.2937,-0.6560,-0.6360,-41.0000,0.6560,0.6360,39.0000,0.6560,0.6210,41.0000,-0.6560,-0.6570,-38.0000
1786021609.3436,-0.6560,-0.6520,-41.0000,0.6560,0.6450,39.0000,0.6560,0.6260,41.0000,-0.6560,-0.6370,-40.0000
1786021609.3936,-0.6560,-0.6590,-41.0000,0.6560,0.6480,39.0000,0.6560,0.6170,42.0000,-0.6560,-0.6190,-41.0000
1786021609.4436,-0.6560,-0.6820,-39.0000,0.6560,0.6430,40.0000,0.6560,0.6570,40.0000,-0.6560,-0.6190,-42.0000
1786021609.4936,-0.6560,-0.6900,-39.0000,0.6560,0.6580,39.0000,0.6560,0.6440,41.0000,-0.6560,-0.6650,-39.0000
1786021609.5436,-0.6560,-0.7050,-37.0000,0.6560,0.6730,38.0000,0.6560,0.6440,41.0000,-0.6560,-0.6760,-39.0000
1786021609.5937,-0.6560,-0.6880,-38.0000,0.6560,0.6730,38.0000,0.6560,0.6600,40.0000,-0.6560,-0.6960,-37.0000
1786021609.6436,-0.6560,-0.6860,-38.0000,0.6560,0.6710,38.0000,0.6560,0.6600,40.0000,-0.6560,-0.7050,-37.0000
1786021609.6936,-0.6560,-0.6760,-38.0000,0.6560,0.6750,38.0000,0.6560,0.6610,40.0000,-0.6560,-0.7080,-36.0000
1786021609.7437,-0.6560,-0.6700,-38.0000,0.6560,0.6810,37.0000,0.6560,0.6420,41.0000,-0.6560,-0.6670,-38.0000
1786021609.7936,-0.6560,-0.6280,-40.0000,0.6560,0.6550,38.0000,0.6560,0.6370,42.0000,-0.6560,-0.6290,-40.0000
1786021609.8450,-0.6560,-0.6220,-41.0000,0.6560,0.6440,39.0000,0.6560,0.6520,41.0000,-0.6560,-0.6060,-41.0000
1786021609.8936,-0.6560,-0.6370,-40.0000,0.6560,0.6440,39.0000,0.6560,0.6250,43.0000,-0.6560,-0.6500,-39.0000
1786021609.9436,-0.6560,-0.6630,-39.0000,0.6560,0.6380,40.0000,0.6560,0.6330,42.0000,-0.6560,-0.6230,-41.0000
1786021609.9936,-0.6560,-0.6430,-40.0000,0.6560,0.6470,39.0000,0.6560,0.6390,42.0000,-0.6560,-0.6270,-41.0000
1786021610.0443,-0.6560,-0.6580,-39.0000,0.6560,0.6380,40.0000,0.6560,0.6500,42.0000,-0.6560,-0.6250,-41.0000
1786021610.0937,-0.6560,-0.6580,-39.0000,0.6560,0.6360,40.0000,0.6560,0.6860,40.0000,-0.6560,-0.6400,-41.0000
1786021610.1437,-0.6560,-0.6910,-38.0000,0.6560,0.6420,40.0000,0.6560,0.6220,44.0000,-0.6560,-0.6510,-40.0000
1786021610.1937,-0.6560,-0.6830,-38.0000,0.6560,0.6570,39.0000,0.6560,0.6580,42.0000,-0.6560,-0.6860,-38.0000
1786021610.2437,-0.6560,-0.7000,-36.0000,0.6560,0.6650,39.0000,0.6560,0.6830,40.0000,-0.6560,-0.6990,-37.0000
1786021610.2937,-0.6560,-0.6860,-37.0000,0.6560,0.6860,38.0000,0.6560,0.7100,38.0000,-0.6560,-0.7320,-35.0000
1786021610.3438,-0.6560,-0.6770,-37.0000,0.6560,0.6900,37.0000,0.6560,0.6650,41.0000,-0.6560,-0.6950,-37.0000
1786021610.3936,-0.6560,-0.6470,-38.0000,0.6560,0.6710,38.0000,0.6560,0.6490,41.0000,-0.6560,-0.6560,-38.0000
1786021610.4443,-0.6560,-0.6230,-40.0000,0.6560,0.6350,40.0000,0.6560,0.6440,42.0000,-0.6560,-0.6040,-41.0000
1786021610.4936,-0.6560,-0.6140,-40.0000,0.6560,0.6480,39.0000,0.6560,0.6780,40.0000,-0.6560,-0.6270,-40.0000
1786021610.5436,-0.6560,-0.6320,-40.0000,0.6560,0.6510,39.0000,0.6560,0.6560,41.0000,-0.6560,-0.6420,-39.0000
1786021610.5936,-0.6560,-0.6290,-40.0000,0.6560,0.6440,39.0000,0.6560,0.6710,40.0000,-0.6560,-0.6420,-40.0000
1786021610.6437,-0.6560,-0.6500,-39.0000,0.6560,0.6380,40.0000,0.6560,0.6430,41.0000,-0.6560,-0.6190,-41.0000
1786021610.6937,-0.6560,-0.6470,-40.0000,0.6560,0.6260,41.0000,0.6560,0.6630,40.0000,-0.6560,-0.6000,-43.0000
1786021610.7437,-0.6560,-0.6720,-38.0000,0.6560,0.6490,40.0000,0.6560,0.6440,42.0000,-0.6560,-0.6480,-40.0000
1786021610.7937,-0.6560,-0.6790,-38.0000,0.6560,0.6680,39.0000,0.6560,0.6480,41.0000,-0.6560,-0.6580,-40.0000
1786021610.8436,-0.6560,-0.6760,-38.0000,0.6560,0.6690,39.0000,0.6560,0.6660,40.0000,-0.6560,-0.6780,-39.0000
1786021610.9439,-0.1760,-0.5370,-2.0000,0.1760,0.4950,5.0000,0.1760,0.5270,4.0000,-0.1760,-0.5490,-3.0000
1786021610.9448,0.0000,-0.0580,0.0000,0.0000,0.0460,0.0000,0.0000,0.0610,0.0000,0.0000,-0.0540,0.0000
1786021610.9935,0.0000,-0.0040,0.0000,0.0000,0.0040,0.0000,0.0000,0.0040,0.0000,0.0000,-0.0040,0.0000
1786021611.0434,0.0000,-0.0010,0.0000,0.0000,0.0000,0.0000,0.0000,0.0000,0.0000,0.0000,-0.0000,0.0000
1786021611.0934,0.0000,-0.0000,0.0000,0.0000,0.0000,0.0000,0.0000,0.0000,0.0000,0.0000,-0.0000,0.0000
1786021611.1435,0.0000,0.0020,0.0000,0.0000,0.0000,0.0000,0.0000,0.0000,0.0000,0.0000,-0.0000,0.0000
1786021611.1934,0.0000,0.0000,0.0000,0.0000,0.0000,0.0000,0.0000,0.0000,0.0000,0.0000,-0.0000,0.0000
1786021611.2435,0.0000,0.0000,0.0000,0.0000,0.0000,0.0000,0.0000,0.0000,0.0000,0.0000,-0.0000,0.0000
1786021611.2934,0.0000,0.0000,0.0000,0.0000,0.0000,0.0000,0.0000,0.0000,0.0000,0.0000,-0.0000,0.0000
1786021611.3435,0.0000,0.0000,0.0000,0.0000,0.0000,0.0000,0.0000,0.0000,0.0000,0.0000,-0.0000,0.0000
1786021611.3935,0.0000,0.0000,0.0000,0.0000,0.0000,0.0000,0.0000,0.0000,0.0000,0.0000,-0.0000,0.0000
1786021611.4434,0.0000,0.0000,0.0000,0.0000,0.0000,0.0000,0.0000,0.0000,0.0000,0.0000,-0.0000,0.0000
1786021611.4935,0.0000,0.0000,0.0000,0.0000,0.0000,0.0000,0.0000,0.0000,0.0000,0.0000,-0.0000,0.0000
1786021611.5434,0.0000,0.0000,0.0000,0.0000,0.0000,0.0000,0.0000,0.0000,0.0000,0.0000,-0.0000,0.0000
1786021611.5935,0.0000,0.0000,0.0000,0.0000,0.0000,0.0000,0.0000,0.0000,0.0000,0.0000,-0.0000,0.0000
1786021611.6434,0.0000,0.0000,0.0000,0.0000,0.0000,0.0000,0.0000,0.0000,0.0000,0.0000,-0.0000,0.0000
1786021611.6934,0.0000,0.0000,0.0000,0.0000,0.0000,0.0000,0.0000,0.0000,0.0000,0.0000,-0.0000,0.0000
1786021611.7435,0.0000,0.0000,0.0000,0.0000,0.0000,0.0000,0.0000,0.0000,0.0000,0.0000,-0.0000,0.0000
1786021611.7934,0.0000,0.0000,0.0000,0.0000,0.0000,0.0000,0.0000,0.0000,0.0000,0.0000,-0.0000,0.0000
1786021611.8436,0.0000,0.0000,0.0000,0.0000,0.0000,0.0000,0.0000,0.0000,0.0000,0.0000,-0.0000,0.0000
1786021611.8935,0.0000,0.0000,0.0000,0.0000,0.0000,0.0000,0.0000,0.0000,0.0000,0.0000,-0.0000,0.0000
1786021611.9434,0.0000,0.0000,0.0000,0.0000,0.0000,0.0000,0.0000,0.0000,0.0000,0.0000,-0.0000,0.0000
1786021611.9935,0.0000,0.0000,0.0000,0.0000,0.0000,0.0000,0.0000,0.0000,0.0000,0.0000,-0.0000,0.0000
1786021612.0434,0.0000,0.0000,0.0000,0.0000,0.0000,0.0000,0.0000,0.0000,0.0000,0.0000,-0.0000,0.0000
1786021612.0935,0.0000,0.0000,0.0000,0.0000,0.0000,0.0000,0.0000,0.0000,0.0000,0.0000,-0.0000,0.0000
1786021612.1435,0.0000,0.0000,0.0000,0.0000,0.0000,0.0000,0.0000,0.0000,0.0000,0.0000,-0.0000,0.0000
1786021612.1934,0.0000,0.0000,0.0000,0.0000,0.0000,0.0000,0.0000,0.0000,0.0000,0.0000,-0.0000,0.0000
1786021612.2435,0.0000,0.0000,0.0000,0.0000,0.0000,0.0000,0.0000,0.0000,0.0000,0.0000,-0.0000,0.0000
1786021612.2934,0.0000,0.0000,0.0000,0.0000,0.0000,0.0000,0.0000,0.0000,0.0000,0.0000,-0.0000,0.0000
1786021612.3435,0.0000,0.0000,0.0000,0.0000,0.0000,0.0000,0.0000,0.0000,0.0000,0.0000,-0.0000,0.0000
1786021612.3935,0.0000,0.0000,0.0000,0.0000,0.0000,0.0000,0.0000,0.0000,0.0000,0.0000,-0.0000,0.0000
1786021612.4434,0.0000,0.0000,0.0000,0.0000,0.0000,0.0000,0.0000,0.0000,0.0000,0.0000,-0.0000,0.0000
1786021612.4935,0.0000,0.0000,0.0000,0.0000,0.0000,0.0000,0.0000,0.0000,0.0000,0.0000,-0.0000,0.0000
1786021612.5434,0.0000,0.0000,0.0000,0.0000,0.0000,0.0000,0.0000,0.0000,0.0000,0.0000,-0.0000,0.0000
1786021612.5935,0.0000,0.0000,0.0000,0.0000,0.0000,0.0000,0.0000,0.0000,0.0000,0.0000,-0.0000,0.0000
1786021612.6435,0.0000,0.0000,0.0000,0.0000,0.0000,0.0000,0.0000,0.0000,0.0000,0.0000,-0.0000,0.0000
1786021612.6935,0.0000,0.0000,0.0000,0.0000,0.0000,0.0000,0.0000,0.0000,0.0000,0.0000,-0.0000,0.0000
1786021612.7435,0.0000,0.0000,0.0000,0.0000,0.0000,0.0000,0.0000,0.0000,0.0000,0.0000,-0.0000,0.0000
1786021612.7934,0.0000,0.0000,0.0000,0.0000,0.0000,0.0000,0.0000,0.0000,0.0000,0.0000,-0.0000,0.0000
1786021612.8435,0.0000,0.0000,0.0000,0.0000,0.0000,0.0000,0.0000,0.0000,0.0000,0.0000,-0.0000,0.0000
1786021612.8935,0.0000,0.0000,0.0000,0.0000,0.0000,0.0000,0.0000,0.0000,0.0000,0.0000,-0.0000,0.0000
1786021612.9434,0.0000,0.0000,0.0000,0.0000,0.0000,0.0000,0.0000,0.0000,0.0000,0.0000,-0.0000,0.0000
1786021612.9934,0.0000,0.0000,0.0000,0.0000,0.0000,0.0000,0.0000,0.0000,0.0000,0.0000,-0.0000,0.0000
1786021613.0434,0.0000,0.0000,0.0000,0.0000,0.0000,0.0000,0.0000,0.0000,0.0000,0.0000,-0.0000,0.0000
1786021613.0935,0.0000,0.0000,0.0000,0.0000,0.0000,0.0000,0.0000,0.0000,0.0000,0.0000,-0.0000,0.0000
1786021613.1436,0.0000,0.0000,0.0000,0.0000,0.0000,0.0000,0.0000,0.0000,0.0000,0.0000,-0.0000,0.0000
1786021613.1935,0.0000,0.0000,0.0000,0.0000,0.0000,0.0000,0.0000,0.0000,0.0000,0.0000,-0.0000,0.0000
1786021613.2435,0.0000,0.0000,0.0000,0.0000,0.0000,0.0000,0.0000,0.0000,0.0000,0.0000,-0.0000,0.0000
1786021613.2935,0.0000,0.0000,0.0000,0.0000,0.0000,0.0000,0.0000,0.0000,0.0000,0.0000,-0.0000,0.0000
1786021613.3435,0.0000,0.0000,0.0000,0.0000,0.0000,0.0000,0.0000,0.0000,0.0000,0.0000,-0.0000,0.0000
1786021613.3935,0.0000,0.0000,0.0000,0.0000,0.0000,0.0000,0.0000,0.0000,0.0000,0.0000,-0.0000,0.0000
1786021613.4435,0.0000,0.0000,0.0000,0.0000,0.0000,0.0000,0.0000,0.0000,0.0000,0.0000,-0.0000,0.0000
1786021613.4935,0.0000,0.0000,0.0000,0.0000,0.0000,0.0000,0.0000,0.0000,0.0000,0.0000,-0.0000,0.0000
1786021613.5435,0.0000,0.0000,0.0000,0.0000,0.0000,0.0000,0.0000,0.0000,0.0000,0.0000,-0.0000,0.0000
1786021613.5935,0.0000,0.0000,0.0000,0.0000,0.0000,0.0000,0.0000,0.0000,0.0000,0.0000,-0.0000,0.0000
1786021613.6435,0.0000,0.0000,0.0000,0.0000,0.0000,0.0000,0.0000,0.0000,0.0000,0.0000,-0.0000,0.0000
1786021613.6935,0.0000,0.0000,0.0000,0.0000,0.0000,0.0000,0.0000,0.0000,0.0000,0.0000,-0.0000,0.0000
1786021613.7436,0.0000,0.0000,0.0000,0.0000,0.0000,0.0000,0.0000,0.0000,0.0000,0.0000,-0.0000,0.0000
1786021613.7935,0.0000,0.0000,0.0000,0.0000,0.0000,0.0000,0.0000,0.0000,0.0000,0.0000,-0.0000,0.0000
1786021613.8435,0.0000,0.0000,0.0000,0.0000,0.0000,0.0000,0.0000,0.0000,0.0000,0.0000,-0.0000,0.0000
1786021613.8935,0.0000,0.0000,0.0000,0.0000,0.0000,0.0000,0.0000,0.0000,0.0000,0.0000,-0.0000,0.0000
1786021613.9435,0.0000,0.0000,0.0000,0.0000,0.0000,0.0000,0.0000,0.0000,0.0000,0.0000,-0.0000,0.0000
1786021613.9935,0.0000,0.0000,0.0000,0.0000,0.0000,0.0000,0.0000,0.0000,0.0000,0.0000,-0.0000,0.0000
1786021614.0435,0.0000,0.0000,0.0000,0.0000,0.0000,0.0000,0.0000,0.0000,0.0000,0.0000,-0.0000,0.0000
1786021614.0935,0.0000,0.0000,0.0000,0.0000,0.0000,0.0000,0.0000,0.0000,0.0000,0.0000,-0.0000,0.0000
1786021614.1436,0.0000,0.0000,0.0000,0.0000,0.0000,0.0000,0.0000,0.0000,0.0000,0.0000,-0.0000,0.0000
1786021614.1935,0.0000,0.0000,0.0000,0.0000,0.0000,0.0000,0.0000,0.0000,0.0000,0.0000,-0.0000,0.0000
1786021614.2435,0.0000,0.0000,0.0000,0.0000,0.0000,0.0000,0.0000,0.0000,0.0000,0.0000,-0.0000,0.0000
1786021614.2935,0.0000,0.0000,0.0000,0.0000,0.0000,0.0000,0.0000,0.0000,0.0000,0.0000,-0.0000,0.0000
1786021614.3435,0.0000,0.0000,0.0000,0.0000,0.0000,0.0000,0.0000,0.0000,0.0000,0.0000,-0.0000,0.0000
1786021614.3936,0.0000,0.0000,0.0000,0.0000,0.0000,0.0000,0.0000,0.0000,0.0000,0.0000,-0.0000,0.0000
1786021614.4435,0.0000,0.0000,0.0000,0.0000,0.0000,0.0000,0.0000,0.0000,0.0000,0.0000,-0.0000,0.0000
1786021614.4935,0.0000,0.0000,0.0000,0.0000,0.0000,0.0000,0.0000,0.0000,0.0000,0.0000,-0.0000,0.0000
1786021614.5435,0.0000,0.0000,0.0000,0.0000,0.0000,0.0000,0.0000,0.0000,0.0000,0.0000,-0.0000,0.0000
1786021614.5935,0.0000,0.0000,0.0000,0.0000,0.0000,0.0000,0.0000,0.0000,0.0000,0.0000,-0.0000,0.0000
1786021614.6435,0.0000,0.0000,0.0000,0.0000,0.0000,0.0000,0.0000,0.0000,0.0000,0.0000,-0.0000,0.0000
1786021614.6935,0.0000,0.0000,0.0000,0.0000,0.0000,0.0000,0.0000,0.0000,0.0000,0.0000,-0.0000,0.0000
1786021614.7436,0.0000,0.0000,0.0000,0.0000,0.0000,0.0000,0.0000,0.0000,0.0000,0.0000,-0.0000,0.0000
1786021614.7935,0.0000,0.0000,0.0000,0.0000,0.0000,0.0000,0.0000,0.0000,0.0000,0.0000,-0.0000,0.0000
1786021614.8436,0.0000,0.0000,0.0000,0.0000,0.0000,0.0000,0.0000,0.0000,0.0000,0.0000,-0.0000,0.0000
1786021614.8936,0.0000,0.0000,0.0000,0.0000,0.0000,0.0000,0.0000,0.0000,0.0000,0.0000,-0.0000,0.0000
1786021614.9435,0.0000,0.0000,0.0000,0.0000,0.0000,0.0000,0.0000,0.0000,0.0000,0.0000,-0.0000,0.0000
1786021614.9935,0.0000,0.0000,0.0000,0.0000,0.0000,0.0000,0.0000,0.0000,0.0000,0.0000,-0.0000,0.0000
1786021615.0435,0.0000,0.0000,0.0000,0.0000,0.0000,0.0000,0.0000,0.0000,0.0000,0.0000,-0.0000,0.0000
1786021615.0936,0.0000,0.0000,0.0000,0.0000,0.0000,0.0000,0.0000,0.0000,0.0000,0.0000,-0.0000,0.0000
1786021615.1436,0.0000,0.0000,0.0000,0.0000,0.0000,0.0000,0.0000,0.0000,0.0000,0.0000,-0.0000,0.0000
1786021615.1935,0.0000,0.0000,0.0000,0.0000,0.0000,0.0000,0.0000,0.0000,0.0000,0.0000,-0.0000,0.0000
1786021615.2436,0.0000,0.0000,0.0000,0.0000,0.0000,0.0000,0.0000,0.0000,0.0000,0.0000,-0.0000,0.0000
1786021615.2935,0.0000,0.0000,0.0000,0.0000,0.0000,0.0000,0.0000,0.0000,0.0000,0.0000,-0.0000,0.0000
1786021615.3436,0.0000,0.0000,0.0000,0.0000,0.0000,0.0000,0.0000,0.0000,0.0000,0.0000,-0.0000,0.0000
1786021615.3936,0.0000,0.0000,0.0000,0.0000,0.0000,0.0000,0.0000,0.0000,0.0000,0.0000,-0.0000,0.0000
1786021615.4435,0.0000,0.0000,0.0000,0.0000,0.0000,0.0000,0.0000,0.0000,0.0000,0.0000,-0.0000,0.0000
1786021615.4935,0.0000,0.0000,0.0000,0.0000,0.0000,0.0000,0.0000,0.0000,0.0000,0.0000,-0.0000,0.0000
1786021615.5435,0.0000,0.0000,0.0000,0.0000,0.0000,0.0000,0.0000,0.0000,0.0000,0.0000,-0.0000,0.0000
1786021615.5935,0.0000,0.0000,0.0000,0.0000,0.0000,0.0000,0.0000,0.0000,0.0000,0.0000,-0.0000,0.0000
1786021615.6436,0.0000,0.0000,0.0000,0.0000,0.0000,0.0000,0.0000,0.0000,0.0000,0.0000,-0.0000,0.0000
1786021615.6935,0.0000,0.0000,0.0000,0.0000,0.0000,0.0000,0.0000,0.0000,0.0000,0.0000,-0.0000,0.0000
1786021615.7436,0.0000,0.0000,0.0000,0.0000,0.0000,0.0000,0.0000,0.0000,0.0000,0.0000,-0.0000,0.0000
1786021615.7935,0.0000,0.0000,0.0000,0.0000,0.0000,0.0000,0.0000,0.0000,0.0000,0.0000,-0.0000,0.0000
1786021615.8436,0.0000,0.0000,0.0000,0.0000,0.0000,0.0000,0.0000,0.0000,0.0000,0.0000,-0.0000,0.0000
1786021615.8936,0.0000,0.0000,0.0000,0.0000,0.0000,0.0000,0.0000,0.0000,0.0000,0.0000,-0.0000,0.0000
1786021615.9435,0.0000,0.0000,0.0000,0.0000,0.0000,0.0000,0.0000,0.0000,0.0000,0.0000,-0.0000,0.0000
1786021615.9935,0.0000,0.0000,0.0000,0.0000,0.0000,0.0000,0.0000,0.0000,0.0000,0.0000,-0.0000,0.0000
1786021616.0435,0.0000,0.0000,0.0000,0.0000,0.0000,0.0000,0.0000,0.0000,0.0000,0.0000,-0.0000,0.0000
1786021616.0936,0.0000,0.0000,0.0000,0.0000,0.0000,0.0000,0.0000,0.0000,0.0000,0.0000,-0.0000,0.0000
1786021616.1436,0.0000,0.0000,0.0000,0.0000,0.0000,0.0000,0.0000,0.0000,0.0000,0.0000,-0.0000,0.0000
1786021616.1935,0.0000,0.0000,0.0000,0.0000,0.0000,0.0000,0.0000,0.0000,0.0000,0.0000,-0.0000,0.0000
1786021616.2436,0.0000,0.0000,0.0000,0.0000,0.0000,0.0000,0.0000,0.0000,0.0000,0.0000,-0.0000,0.0000
1786021616.2935,0.0000,0.0000,0.0000,0.0000,0.0000,0.0000,0.0000,0.0000,0.0000,0.0000,-0.0000,0.0000
1786021616.3436,0.0000,0.0000,0.0000,0.0000,0.0000,0.0000,0.0000,0.0000,0.0000,0.0000,-0.0000,0.0000
1786021616.3936,0.0000,0.0000,0.0000,0.0000,0.0000,0.0000,0.0000,0.0000,0.0000,0.0000,-0.0000,0.0000
1786021616.4436,0.0000,0.0000,0.0000,0.0000,0.0000,0.0000,0.0000,0.0000,0.0000,0.0000,-0.0000,0.0000
1786021616.4936,0.0000,0.0000,0.0000,0.0000,0.0000,0.0000,0.0000,0.0000,0.0000,0.0000,-0.0000,0.0000
1786021616.5435,0.0000,0.0000,0.0000,0.0000,0.0000,0.0000,0.0000,0.0000,0.0000,0.0000,-0.0000,0.0000
1786021616.5936,0.0000,0.0000,0.0000,0.0000,0.0000,0.0000,0.0000,0.0000,0.0000,0.0000,-0.0000,0.0000
1786021616.6436,0.0000,0.0000,0.0000,0.0000,0.0000,0.0000,0.0000,0.0000,0.0000,0.0000,-0.0000,0.0000
1786021616.6937,0.0000,0.0000,0.0000,0.0000,0.0000,0.0000,0.0000,0.0000,0.0000,0.0000,-0.0000,0.0000
1786021616.7436,0.0000,0.0000,0.0000,0.0000,0.0000,0.0000,0.0000,0.0000,0.0000,0.0000,-0.0000,0.0000
1786021616.7935,0.0000,0.0000,0.0000,0.0000,0.0000,0.0000,0.0000,0.0000,0.0000,0.0000,-0.0000,0.0000
1786021616.8436,0.0000,0.0000,0.0000,0.0000,0.0000,0.0000,0.0000,0.0000,0.0000,0.0000,-0.0000,0.0000
1786021616.8936,0.0000,0.0000,0.0000,0.0000,0.0000,0.0000,0.0000,0.0000,0.0000,0.0000,-0.0000,0.0000
1786021616.9435,0.0000,0.0000,0.0000,0.0000,0.0000,0.0000,0.0000,0.0000,0.0000,0.0000,-0.0000,0.0000
1786021616.9935,0.0000,0.0000,0.0000,0.0000,0.0000,0.0000,0.0000,0.0000,0.0000,0.0000,-0.0000,0.0000
1786021617.0435,0.0000,0.0000,0.0000,0.0000,0.0000,0.0000,0.0000,0.0000,0.0000,0.0000,-0.0000,0.0000
1786021617.0936,0.0000,0.0000,0.0000,0.0000,0.0000,0.0000,0.0000,0.0000,0.0000,0.0000,-0.0000,0.0000
1786021617.1436,0.0000,0.0000,0.0000,0.0000,0.0000,0.0000,0.0000,0.0000,0.0000,0.0000,-0.0000,0.0000
1786021617.1935,0.0000,0.0000,0.0000,0.0000,0.0000,0.0000,0.0000,0.0000,0.0000,0.0000,-0.0000,0.0000
1786021617.2436,0.0000,0.0000,0.0000,0.0000,0.0000,0.0000,0.0000,0.0000,0.0000,0.0000,-0.0000,0.0000
1786021617.2935,0.0000,0.0000,0.0000,0.0000,0.0000,0.0000,0.0000,0.0000,0.0000,0.0000,-0.0000,0.0000
1786021617.3436,0.0000,0.0000,0.0000,0.0000,0.0000,0.0000,0.0000,0.0000,0.0000,0.0000,-0.0000,0.0000
1786021617.3936,0.0000,0.0000,0.0000,0.0000,0.0000,0.0000,0.0000,0.0000,0.0000,0.0000,-0.0000,0.0000
1786021617.4435,0.0000,0.0000,0.0000,0.0000,0.0000,0.0000,0.0000,0.0000,0.0000,0.0000,-0.0000,0.0000
1786021617.4935,0.0000,0.0000,0.0000,0.0000,0.0000,0.0000,0.0000,0.0000,0.0000,0.0000,-0.0000,0.0000
1786021617.5435,0.0000,0.0000,0.0000,0.0000,0.0000,0.0000,0.0000,0.0000,0.0000,0.0000,-0.0000,0.0000
1786021617.5936,0.0000,0.0000,0.0000,0.0000,0.0000,0.0000,0.0000,0.0000,0.0000,0.0000,-0.0000,0.0000
1786021617.6436,0.0000,0.0000,0.0000,0.0000,0.0000,0.0000,0.0000,0.0000,0.0000,0.0000,-0.0000,0.0000
1786021617.6935,0.0000,0.0000,0.0000,0.0000,0.0000,0.0000,0.0000,0.0000,0.0000,0.0000,-0.0000,0.0000
1786021617.7436,0.0000,0.0000,0.0000,0.0000,0.0000,0.0000,0.0000,0.0000,0.0000,0.0000,-0.0000,0.0000
1786021617.7935,0.0000,0.0000,0.0000,0.0000,0.0000,0.0000,0.0000,0.0000,0.0000,0.0000,-0.0000,0.0000
1786021617.8436,0.0000,0.0000,0.0000,0.0000,0.0000,0.0000,0.0000,0.0000,0.0000,0.0000,-0.0000,0.0000
1786021617.8936,0.0000,0.0000,0.0000,0.0000,0.0000,0.0000,0.0000,0.0000,0.0000,0.0000,-0.0000,0.0000
1786021617.9436,0.0000,0.0000,0.0000,0.0000,0.0000,0.0000,0.0000,0.0000,0.0000,0.0000,-0.0000,0.0000
1786021617.9935,0.0000,0.0000,0.0000,0.0000,0.0000,0.0000,0.0000,0.0000,0.0000,0.0000,-0.0000,0.0000
1786021618.0435,0.0000,0.0000,0.0000,0.0000,0.0000,0.0000,0.0000,0.0000,0.0000,0.0000,-0.0000,0.0000
1786021618.0936,0.0000,0.0000,0.0000,0.0000,0.0000,0.0000,0.0000,0.0000,0.0000,0.0000,-0.0000,0.0000
1786021618.1436,0.0000,0.0000,0.0000,0.0000,0.0000,0.0000,0.0000,0.0000,0.0000,0.0000,-0.0000,0.0000
1786021618.1936,0.0000,0.0000,0.0000,0.0000,0.0000,0.0000,0.0000,0.0000,0.0000,0.0000,-0.0000,0.0000
1786021618.2436,0.0000,0.0000,0.0000,0.0000,0.0000,0.0000,0.0000,0.0000,0.0000,0.0000,-0.0000,0.0000
1786021618.2936,0.0000,0.0000,0.0000,0.0000,0.0000,0.0000,0.0000,0.0000,0.0000,0.0000,-0.0000,0.0000
1786021618.3436,0.0000,0.0000,0.0000,0.0000,0.0000,0.0000,0.0000,0.0000,0.0000,0.0000,-0.0000,0.0000
1786021618.3936,0.0000,0.0000,0.0000,0.0000,0.0000,0.0000,0.0000,0.0000,0.0000,0.0000,-0.0000,0.0000
1786021618.4436,0.0000,0.0000,0.0000,0.0000,0.0000,0.0000,0.0000,0.0000,0.0000,0.0000,-0.0000,0.0000
1786021618.4936,0.0000,0.0000,0.0000,0.0000,0.0000,0.0000,0.0000,0.0000,0.0000,0.0000,-0.0000,0.0000
1786021618.5436,0.0000,0.0000,0.0000,0.0000,0.0000,0.0000,0.0000,0.0000,0.0000,0.0000,-0.0000,0.0000
1786021618.5936,0.0000,0.0000,0.0000,0.0000,0.0000,0.0000,0.0000,0.0000,0.0000,0.0000,-0.0000,0.0000
1786021618.6437,0.0000,0.0000,0.0000,0.0000,0.0000,0.0000,0.0000,0.0000,0.0000,0.0000,-0.0000,0.0000
1786021618.6937,0.0000,0.0000,0.0000,0.0000,0.0000,0.0000,0.0000,0.0000,0.0000,0.0000,-0.0000,0.0000
1786021618.7437,0.0000,0.0000,0.0000,0.0000,0.0000,0.0000,0.0000,0.0000,0.0000,0.0000,-0.0000,0.0000
1786021618.7936,0.0000,0.0000,0.0000,0.0000,0.0000,0.0000,0.0000,0.0000,0.0000,0.0000,-0.0000,0.0000
1786021618.8437,0.0000,0.0000,0.0000,0.0000,0.0000,0.0000,0.0000,0.0000,0.0000,0.0000,-0.0000,0.0000
1786021618.8937,0.0000,0.0000,0.0000,0.0000,0.0000,0.0000,0.0000,0.0000,0.0000,0.0000,-0.0000,0.0000
1786021618.9436,0.0000,0.0000,0.0000,0.0000,0.0000,0.0000,0.0000,0.0000,0.0000,0.0000,-0.0000,0.0000
1786021618.9936,0.0000,0.0000,0.0000,0.0000,0.0000,0.0000,0.0000,0.0000,0.0000,0.0000,-0.0000,0.0000
1786021619.0436,0.0000,0.0000,0.0000,0.0000,0.0000,0.0000,0.0000,0.0000,0.0000,0.0000,-0.0000,0.0000
1786021619.0937,0.0000,0.0000,0.0000,0.0000,0.0000,0.0000,0.0000,0.0000,0.0000,0.0000,-0.0000,0.0000
1786021619.1437,0.0000,0.0000,0.0000,0.0000,0.0000,0.0000,0.0000,0.0000,0.0000,0.0000,-0.0000,0.0000
1786021619.1936,0.0000,0.0000,0.0000,0.0000,0.0000,0.0000,0.0000,0.0000,0.0000,0.0000,-0.0000,0.0000
1786021619.2437,0.0000,0.0000,0.0000,0.0000,0.0000,0.0000,0.0000,0.0000,0.0000,0.0000,-0.0000,0.0000
1786021619.2936,0.0000,0.0000,0.0000,0.0000,0.0000,0.0000,0.0000,0.0000,0.0000,0.0000,-0.0000,0.0000
1786021619.3437,0.0000,0.0000,0.0000,0.0000,0.0000,0.0000,0.0000,0.0000,0.0000,0.0000,-0.0000,0.0000
1786021619.3937,0.0000,0.0000,0.0000,0.0000,0.0000,0.0000,0.0000,0.0000,0.0000,0.0000,-0.0000,0.0000
1786021619.4437,0.0000,0.0000,0.0000,0.0000,0.0000,0.0000,0.0000,0.0000,0.0000,0.0000,-0.0000,0.0000
1786021619.4937,0.0000,0.0000,0.0000,0.0000,0.0000,0.0000,0.0000,0.0000,0.0000,0.0000,-0.0000,0.0000
1786021619.5437,0.0000,0.0000,0.0000,0.0000,0.0000,0.0000,0.0000,0.0000,0.0000,0.0000,-0.0000,0.0000
1786021619.5937,0.0000,0.0000,0.0000,0.0000,0.0000,0.0000,0.0000,0.0000,0.0000,0.0000,-0.0000,0.0000
1786021619.6437,0.0000,0.0000,0.0000,0.0000,0.0000,0.0000,0.0000,0.0000,0.0000,0.0000,-0.0000,0.0000
1786021619.6937,0.0000,0.0000,0.0000,0.0000,0.0000,0.0000,0.0000,0.0000,0.0000,0.0000,-0.0000,0.0000
1786021619.7438,0.0000,0.0000,0.0000,0.0000,0.0000,0.0000,0.0000,0.0000,0.0000,0.0000,-0.0000,0.0000
1786021619.7937,0.0000,0.0000,0.0000,0.0000,0.0000,0.0000,0.0000,0.0000,0.0000,0.0000,-0.0000,0.0000
1786021619.8437,0.0000,0.0000,0.0000,0.0000,0.0000,0.0000,0.0000,0.0000,0.0000,0.0000,-0.0000,0.0000
1786021619.8937,0.0000,0.0000,0.0000,0.0000,0.0000,0.0000,0.0000,0.0000,0.0000,0.0000,-0.0000,0.0000
1786021619.9437,0.0000,0.0000,0.0000,0.0000,0.0000,0.0000,0.0000,0.0000,0.0000,0.0000,-0.0000,0.0000
1786021619.9938,0.1200,0.0000,14.0000,-0.1200,0.0000,-14.0000,-0.1200,0.0000,-14.0000,0.1200,-0.0000,14.0000
1786021620.0439,0.0000,0.2960,0.0000,-0.7200,-0.4920,-45.0000,-0.7200,-0.4380,-48.0000,0.0000,0.2770,0.0000
1786021620.0939,0.0000,0.0220,0.0000,-0.9190,-0.9380,-43.0000,-0.9190,-0.9040,-45.0000,0.0000,0.0270,0.0000
1786021620.1439,0.0000,-0.0040,0.0000,-0.9190,-0.9360,-46.0000,-0.9190,-0.8990,-49.0000,0.0000,-0.0010,0.0000
1786021620.1939,0.0000,-0.0030,0.0000,-0.9190,-0.7380,-58.0000,-0.9190,-0.8480,-53.0000,0.0000,-0.0030,0.0000
1786021620.2439,0.0000,-0.0310,0.0000,-0.9190,-0.8480,-53.0000,-0.9190,-0.8050,-56.0000,0.0000,-0.0780,0.0000
1786021620.2939,0.0000,-0.0090,0.0000,-0.9190,-0.9280,-50.0000,-0.9190,-0.9520,-49.0000,0.0000,-0.1490,0.0000
1786021620.3439,0.0000,-0.0340,0.0000,-0.9190,-0.9350,-50.0000,-0.9190,-0.9700,-48.0000,0.0000,-0.0830,0.0000
1786021620.3939,0.0000,-0.0110,0.0000,-0.9190,-0.9250,-51.0000,-0.9190,-0.9000,-52.0000,0.0000,-0.0570,0.0000
1786021620.4439,0.0000,-0.0160,0.0000,-0.9190,-0.9540,-49.0000,-0.9190,-0.9320,-50.0000,0.0000,-0.0240,0.0000
1786021620.4939,0.0000,-0.0010,0.0000,-0.9190,-0.9090,-51.0000,-0.9190,-0.9480,-49.0000,0.0000,-0.0020,0.0000
1786021620.5445,0.0000,-0.0120,0.0000,-0.9190,-0.9090,-51.0000,-0.9190,-0.9010,-51.0000,0.0000,-0.0000,0.0000
1786021620.5939,0.0000,-0.0280,0.0000,-0.9190,-0.8890,-52.0000,-0.9190,-0.8630,-53.0000,0.0000,-0.0000,0.0000
1786021620.6439,0.0000,-0.0220,0.0000,-0.9190,-0.9060,-52.0000,-0.9190,-0.8990,-52.0000,0.0000,-0.0000,0.0000
1786021620.6939,0.0000,-0.0040,0.0000,-0.9190,-0.9280,-51.0000,-0.9190,-0.9150,-51.0000,0.0000,-0.0000,0.0000
1786021620.7439,0.0000,-0.0000,0.0000,-0.9190,-0.9370,-50.0000,-0.9190,-0.8980,-52.0000,0.0000,-0.0000,0.0000
1786021620.7938,0.0000,-0.0000,0.0000,-0.9190,-0.9430,-50.0000,-0.9190,-0.9140,-52.0000,0.0000,-0.0000,0.0000
1786021620.8446,0.0000,-0.0010,0.0000,-0.9190,-0.9660,-48.0000,-0.9190,-0.9020,-53.0000,0.0000,-0.0000,0.0000
1786021620.8939,0.0000,-0.0000,0.0000,-0.9190,-0.9520,-49.0000,-0.9190,-0.9370,-51.0000,0.0000,-0.0000,0.0000
1786021620.9439,0.0000,-0.0000,0.0000,-0.9190,-0.9400,-49.0000,-0.9190,-0.9530,-50.0000,0.0000,-0.0000,0.0000
1786021620.9939,0.0000,-0.0000,0.0000,-0.9190,-0.9100,-50.0000,-0.9190,-0.9190,-51.0000,0.0000,-0.0000,0.0000
1786021621.0439,0.0000,-0.0000,0.0000,-0.9190,-0.9000,-51.0000,-0.9190,-0.9110,-52.0000,0.0000,-0.0000,0.0000
1786021621.0939,0.0000,-0.0020,0.0000,-0.9190,-0.8840,-52.0000,-0.9190,-0.8680,-54.0000,0.0000,-0.0000,0.0000
1786021621.1440,0.0000,-0.0000,0.0000,-0.9190,-0.9080,-51.0000,-0.9190,-0.8920,-53.0000,0.0000,-0.0000,0.0000
1786021621.1946,0.0000,0.0010,0.0000,-0.9190,-0.9280,-50.0000,-0.9190,-0.9240,-52.0000,0.0000,0.0030,0.0000
1786021621.2439,0.0000,0.0000,0.0000,-0.9190,-0.8970,-52.0000,-0.9190,-0.9130,-53.0000,0.0000,0.0010,0.0000
1786021621.2946,0.0000,0.0000,0.0000,-0.9190,-0.9050,-51.0000,-0.9190,-0.9150,-52.0000,0.0000,0.0000,0.0000
1786021621.3439,0.0000,0.0000,0.0000,-0.9190,-0.9270,-50.0000,-0.9190,-0.9290,-52.0000,0.0000,0.0000,0.0000
1786021621.3940,0.0000,0.0000,0.0000,-0.9190,-0.9290,-50.0000,-0.9190,-0.9570,-50.0000,0.0000,0.0000,0.0000
1786021621.4439,0.0000,0.0000,0.0000,-0.9190,-0.8770,-53.0000,-0.9190,-0.9160,-52.0000,0.0000,0.0000,0.0000
1786021621.4939,0.0000,-0.0020,0.0000,-0.9190,-0.8820,-53.0000,-0.9190,-0.8890,-53.0000,0.0000,0.0000,0.0000
1786021621.5438,0.0000,-0.0130,0.0000,-0.9190,-0.9120,-51.0000,-0.9190,-0.9000,-53.0000,0.0000,0.0000,0.0000
1786021621.5939,0.0000,-0.0040,0.0000,-0.9190,-0.9260,-50.0000,-0.9190,-0.9040,-53.0000,0.0000,0.0000,0.0000
1786021621.6439,0.0000,-0.0000,0.0000,-0.9190,-0.9390,-50.0000,-0.9190,-0.9220,-52.0000,0.0000,0.0000,0.0000
1786021621.6938,0.0000,-0.0000,0.0000,-0.9190,-0.9440,-49.0000,-0.9190,-0.9340,-52.0000,0.0000,0.0000,0.0000
1786021621.7439,0.0000,-0.0000,0.0000,-0.9190,-0.9540,-48.0000,-0.9190,-0.9340,-51.0000,0.0000,0.0000,0.0000
1786021621.7939,0.0000,-0.0000,0.0000,-0.9190,-0.9190,-50.0000,-0.9190,-0.9260,-52.0000,0.0000,0.0000,0.0000
1786021621.8439,0.0000,-0.0000,0.0000,-0.9190,-0.9350,-49.0000,-0.9190,-0.9360,-51.0000,0.0000,0.0000,0.0000
1786021621.8939,0.0000,-0.0000,0.0000,-0.9190,-0.9230,-49.0000,-0.9190,-0.9610,-49.0000,0.0000,0.0000,0.0000
1786021621.9439,0.0000,-0.0000,0.0000,-0.9190,-0.8770,-52.0000,-0.9190,-0.9080,-52.0000,0.0000,0.0000,0.0000
1786021621.9940,0.0000,-0.0080,0.0000,-0.9190,-0.9050,-51.0000,-0.9190,-0.8780,-54.0000,0.0000,-0.0010,0.0000
1786021622.0439,0.0000,-0.0070,0.0000,-0.9190,-0.9230,-50.0000,-0.9190,-0.8860,-54.0000,0.0000,-0.0000,0.0000
1786021622.0939,0.0000,-0.0010,0.0000,-0.9190,-0.9390,-49.0000,-0.9190,-0.9530,-50.0000,0.0000,-0.0000,0.0000
1786021622.1440,0.0000,-0.0000,0.0000,-0.9190,-0.9260,-50.0000,-0.9190,-0.9210,-52.0000,0.0000,-0.0000,0.0000
1786021622.1939,0.0000,-0.0000,0.0000,-0.9190,-0.9350,-49.0000,-0.9190,-0.9090,-53.0000,0.0000,-0.0000,0.0000
1786021622.2439,0.0000,-0.0000,0.0000,-0.9190,-0.9170,-50.0000,-0.9190,-0.9560,-50.0000,0.0000,-0.0000,0.0000
1786021622.2939,0.0000,-0.0000,0.0000,-0.9190,-0.9190,-50.0000,-0.9190,-0.9520,-50.0000,0.0000,-0.0000,0.0000
1786021622.3439,0.0000,-0.0020,0.0000,-0.9190,-0.9340,-49.0000,-0.9190,-0.8970,-53.0000,0.0000,-0.0000,0.0000
1786021622.3940,0.0000,-0.0000,0.0000,-0.9190,-0.8590,-53.0000,-0.9190,-0.8770,-54.0000,0.0000,-0.0000,0.0000
1786021622.4439,0.0000,-0.0010,0.0000,-0.9190,-0.9000,-51.0000,-0.9190,-0.8960,-53.0000,0.0000,-0.0000,0.0000
1786021622.4939,0.0000,-0.0040,0.0000,-0.9190,-0.9250,-50.0000,-0.9190,-0.8740,-55.0000,0.0000,-0.0000,0.0000
1786021622.5439,0.0000,-0.0000,0.0000,-0.4390,-0.7640,-17.0000,-0.4390,-0.7960,-17.0000,0.0000,-0.0000,0.0000
1786021622.5938,0.0000,-0.0000,0.0000,0.0000,-0.2030,0.0000,0.0000,-0.2600,0.0000,0.0000,-0.0000,0.0000
1786021622.6464,0.0000,-0.0000,0.0000,-0.2400,-0.0290,-28.0000,-0.2400,-0.0360,-27.0000,0.0000,-0.0000,0.0000
1786021622.6940,0.0000,-0.0000,0.0000,-0.8400,-0.6290,-49.0000,-0.8400,-0.5640,-53.0000,0.0000,-0.0000,0.0000
1786021622.7440,0.0000,0.0000,0.0000,-0.9190,-0.7470,-55.0000,-0.9190,-0.7540,-55.0000,0.0000,-0.0080,0.0000
1786021622.7940,0.0000,0.0000,0.0000,-0.9190,-0.8500,-52.0000,-0.9190,-0.8420,-54.0000,0.0000,-0.0030,0.0000
1786021622.8440,0.0000,-0.0000,0.0000,-0.9190,-0.9450,-48.0000,-0.9190,-0.9130,-51.0000,0.0000,-0.0000,0.0000
1786021622.8940,0.0000,-0.0000,0.0000,-0.9190,-0.9960,-45.0000,-0.9190,-0.9820,-48.0000,0.0000,0.0050,0.0000
1786021622.9439,0.0000,-0.0000,0.0000,-0.9190,-0.9040,-50.0000,-0.9190,-0.9710,-48.0000,0.0000,0.0010,0.0000
1786021622.9941,0.0000,-0.0180,0.0000,-0.9190,-0.8710,-52.0000,-0.9190,-0.8590,-54.0000,0.0000,-0.0010,0.0000
1786021623.0440,0.0000,-0.0150,0.0000,-0.9190,-0.9040,-51.0000,-0.9190,-0.8660,-54.0000,0.0000,-0.0000,0.0000
1786021623.0940,0.0000,-0.0080,0.0000,-0.9190,-0.9110,-50.0000,-0.9190,-0.9180,-52.0000,0.0000,-0.0000,0.0000
1786021623.1441,0.0000,-0.0010,0.0000,-0.9190,-0.9450,-49.0000,-0.9190,-0.9420,-51.0000,0.0000,-0.0000,0.0000
1786021623.1941,0.0000,0.0000,0.0000,-0.9190,-0.9270,-50.0000,-0.9190,-0.9110,-52.0000,0.0000,-0.0000,0.0000
1786021623.2439,0.0000,0.0000,0.0000,-0.9190,-0.9330,-49.0000,-0.9190,-0.9480,-50.0000,0.0000,-0.0000,0.0000
1786021623.2939,0.0000,0.0000,0.0000,-0.9190,-0.9280,-49.0000,-0.9190,-0.9390,-51.0000,0.0000,-0.0000,0.0000
1786021623.3442,0.0000,0.0000,0.0000,-0.9190,-0.9280,-49.0000,-0.9190,-0.9480,-50.0000,0.0000,-0.0000,0.0000
1786021623.3940,0.0000,0.0000,0.0000,-0.9190,-0.8870,-51.0000,-0.9190,-0.9600,-49.0000,0.0000,-0.0000,0.0000
1786021623.4442,0.0000,-0.0020,0.0000,-0.9190,-0.8790,-52.0000,-0.9190,-0.8910,-52.0000,0.0000,-0.0000,0.0000
1786021623.4941,0.0000,-0.0120,0.0000,-0.9190,-0.9010,-51.0000,-0.9190,-0.8310,-56.0000,0.0000,-0.0000,0.0000
1786021623.5446,0.0000,-0.0020,0.0000,-0.9190,-0.8970,-52.0000,-0.9190,-0.8970,-53.0000,0.0000,-0.0000,0.0000
1786021623.5941,0.0000,-0.0000,0.0000,-0.9190,-0.9420,-49.0000,-0.9190,-0.9190,-52.0000,0.0000,-0.0000,0.0000
1786021623.6441,0.0000,-0.0000,0.0000,-0.9190,-0.9560,-49.0000,-0.9190,-0.9120,-52.0000,0.0000,-0.0000,0.0000
1786021623.6940,0.0000,-0.0000,0.0000,-0.9190,-0.9280,-50.0000,-0.9190,-0.9240,-52.0000,0.0000,-0.0000,0.0000
1786021623.7441,0.0000,0.0000,0.0000,-0.9190,-0.9380,-49.0000,-0.9190,-0.9400,-51.0000,0.0000,-0.0000,0.0000
1786021623.7939,0.0000,0.0000,0.0000,-0.9190,-0.9530,-48.0000,-0.9190,-0.9500,-50.0000,0.0000,-0.0000,0.0000
1786021623.8440,0.0000,0.0000,0.0000,-0.9190,-0.8980,-51.0000,-0.9190,-0.9490,-50.0000,0.0000,-0.0000,0.0000
1786021623.8940,0.0000,0.0000,0.0000,-0.9190,-0.8810,-52.0000,-0.9190,-0.9050,-52.0000,0.0000,-0.0000,0.0000
1786021623.9440,0.0000,0.0000,0.0000,-0.9190,-0.9170,-50.0000,-0.9190,-0.8990,-52.0000,0.0000,-0.0000,0.0000
1786021623.9944,0.0000,-0.0050,0.0000,-0.9190,-0.9180,-50.0000,-0.9190,-0.9050,-52.0000,0.0000,-0.0000,0.0000
1786021624.0441,0.0000,-0.0010,0.0000,-0.9190,-0.9260,-50.0000,-0.9190,-0.9310,-51.0000,0.0000,-0.0000,0.0000
1786021624.0940,0.0000,0.0000,0.0000,-0.9190,-0.9530,-49.0000,-0.9190,-0.9340,-51.0000,0.0000,-0.0000,0.0000
1786021624.1446,0.0000,0.0000,0.0000,-0.9190,-0.9460,-49.0000,-0.9190,-0.9420,-50.0000,0.0000,-0.0000,0.0000
1786021624.1940,0.0000,0.0000,0.0000,-0.9190,-0.9200,-50.0000,-0.9190,-0.9250,-51.0000,0.0000,-0.0000,0.0000
1786021624.2446,0.0000,0.0000,0.0000,-0.9190,-0.9230,-50.0000,-0.9190,-0.9390,-50.0000,0.0000,-0.0020,0.0000
1786021624.2941,0.0000,0.0000,0.0000,-0.9190,-0.9160,-50.0000,-0.9190,-0.9520,-49.0000,0.0000,-0.0030,0.0000
1786021624.3440,0.0000,0.0000,0.0000,-0.9190,-0.8970,-51.0000,-0.9190,-0.9130,-51.0000,0.0000,-0.0000,0.0000
1786021624.3940,0.0000,0.0000,0.0000,-0.9190,-0.8910,-51.0000,-0.9190,-0.8770,-53.0000,0.0000,-0.0000,0.0000
1786021624.4441,0.0000,-0.0010,0.0000,-0.9190,-0.9130,-50.0000,-0.9190,-0.8770,-53.0000,0.0000,-0.0000,0.0000
1786021624.4940,0.0000,-0.0000,0.0000,-0.9190,-0.9400,-49.0000,-0.9190,-0.9130,-51.0000,0.0000,-0.0000,0.0000
1786021624.5440,0.0000,0.0010,0.0000,-0.9190,-0.9220,-50.0000,-0.9190,-0.8980,-53.0000,0.0000,-0.0000,0.0000
1786021624.5940,0.0000,0.0000,0.0000,-0.9190,-0.9310,-49.0000,-0.9190,-0.8960,-53.0000,0.0000,-0.0000,0.0000
1786021624.6439,0.0000,0.0000,0.0000,-0.9190,-0.9440,-48.0000,-0.9190,-0.9070,-52.0000,0.0000,-0.0000,0.0000
1786021624.6939,0.0000,0.0000,0.0000,-0.9190,-0.9470,-48.0000,-0.9190,-0.9540,-50.0000,0.0000,-0.0000,0.0000
1786021624.7447,0.0000,-0.0010,0.0000,-0.9190,-0.9280,-49.0000,-0.9190,-0.9520,-50.0000,0.0000,-0.0000,0.0000
1786021624.7940,0.0000,-0.0000,0.0000,-0.9190,-0.9220,-49.0000,-0.9190,-0.9280,-51.0000,0.0000,-0.0000,0.0000
1786021624.8440,0.0000,-0.0000,0.0000,-0.9190,-0.8910,-51.0000,-0.9190,-0.9090,-52.0000,0.0000,-0.0000,0.0000
1786021624.8940,0.0000,-0.0000,0.0000,-0.9190,-0.8870,-51.0000,-0.9190,-0.8760,-54.0000,0.0000,-0.0000,0.0000
1786021624.9440,0.0000,-0.0000,0.0000,-0.9190,-0.9210,-49.0000,-0.9190,-0.9000,-53.0000,0.0000,-0.0000,0.0000
1786021624.9940,0.0000,-0.0000,0.0000,-0.9190,-0.9220,-49.0000,-0.9190,-0.9350,-51.0000,0.0000,-0.0000,0.0000
1786021625.0446,0.0000,-0.0000,0.0000,-0.9190,-0.9310,-49.0000,-0.9190,-0.9260,-51.0000,0.0000,-0.0000,0.0000
1786021625.0941,0.0000,-0.0000,0.0000,-0.9190,-0.9320,-49.0000,-0.9190,-0.9150,-52.0000,0.0000,-0.0000,0.0000
1786021625.1440,0.0000,-0.0000,0.0000,-0.9190,-0.9290,-49.0000,-0.9190,-0.9390,-51.0000,0.0000,-0.0000,0.0000
1786021625.1940,0.0000,-0.0000,0.0000,-0.9190,-0.9100,-50.0000,-0.9190,-0.9600,-49.0000,0.0000,-0.0000,0.0000
1786021625.2440,0.0000,-0.0000,0.0000,-0.9190,-0.8860,-51.0000,-0.9190,-0.9260,-51.0000,0.0000,-0.0000,0.0000
1786021625.2940,0.0000,-0.0040,0.0000,-0.9190,-0.8640,-53.0000,-0.9190,-0.8610,-55.0000,0.0000,-0.0000,0.0000
1786021625.3449,0.0000,-0.0000,0.0000,-0.9190,-0.9080,-51.0000,-0.9190,-0.8990,-53.0000,0.0000,-0.0000,0.0000
1786021625.3940,0.0000,-0.0000,0.0000,-0.9190,-0.9530,-48.0000,-0.9190,-0.9380,-51.0000,0.0000,-0.0000,0.0000
1786021625.4440,0.0000,-0.0000,0.0000,-0.9190,-0.9450,-49.0000,-0.9190,-0.9310,-51.0000,0.0000,-0.0000,0.0000
1786021625.4940,0.0000,-0.0000,0.0000,-0.9190,-0.9420,-49.0000,-0.9190,-0.9170,-52.0000,0.0000,-0.0000,0.0000
1786021625.5439,0.0000,-0.0000,0.0000,-0.9190,-0.9760,-46.0000,-0.9190,-0.9230,-52.0000,0.0000,-0.0000,0.0000
1786021625.5940,0.0000,-0.0000,0.0000,-0.9190,-0.9510,-47.0000,-0.9190,-0.9780,-48.0000,0.0000,-0.0000,0.0000
1786021625.6440,0.0000,-0.0000,0.0000,-0.9190,-0.9240,-48.0000,-0.9190,-0.9520,-49.0000,0.0000,-0.0000,0.0000
1786021625.6940,0.0000,-0.0000,0.0000,-0.9190,-0.8790,-51.0000,-0.9190,-0.9010,-52.0000,0.0000,-0.0000,0.0000
1786021625.7440,0.0000,-0.0010,0.0000,-0.9190,-0.8720,-52.0000,-0.9190,-0.8830,-53.0000,0.0000,-0.0000,0.0000
1786021625.7941,0.0000,-0.0000,0.0000,-0.9190,-0.8960,-51.0000,-0.9190,-0.8810,-53.0000,0.0000,-0.0000,0.0000
1786021625.8440,0.0000,-0.0000,0.0000,-0.9190,-0.9440,-48.0000,-0.9190,-0.9090,-52.0000,0.0000,-0.0000,0.0000
1786021625.8940,0.0000,-0.0000,0.0000,-0.9190,-0.9520,-48.0000,-0.9190,-0.9470,-50.0000,0.0000,-0.0000,0.0000
1786021625.9440,0.0000,-0.0000,0.0000,-0.9190,-0.9610,-47.0000,-0.9190,-0.9170,-52.0000,0.0000,-0.0000,0.0000
1786021625.9940,0.0000,-0.0000,0.0000,-0.9190,-0.9700,-46.0000,-0.9190,-0.9320,-51.0000,0.0000,-0.0000,0.0000
1786021626.0440,0.0000,-0.0000,0.0000,-0.9190,-0.9510,-47.0000,-0.9190,-0.9720,-48.0000,0.0000,-0.0000,0.0000
1786021626.0941,0.0000,-0.0000,0.0000,-0.9190,-0.9150,-48.0000,-0.9190,-0.9640,-48.0000,0.0000,-0.0000,0.0000
1786021626.1440,0.0000,-0.0000,0.0000,-0.9190,-0.8910,-50.0000,-0.9190,-0.9070,-51.0000,0.0000,-0.0000,0.0000
1786021626.1941,0.0000,-0.0030,0.0000,-0.9190,-0.8790,-51.0000,-0.9190,-0.8820,-52.0000,0.0000,-0.0000,0.0000
1786021626.2441,0.0000,-0.0000,0.0000,-0.9190,-0.9010,-50.0000,-0.9190,-0.8920,-52.0000,0.0000,-0.0000,0.0000
1786021626.2940,0.0000,-0.0000,0.0000,-0.9190,-0.9160,-49.0000,-0.9190,-0.8790,-53.0000,0.0000,-0.0000,0.0000
1786021626.3440,0.0000,-0.0000,0.0000,-0.9190,-0.9260,-49.0000,-0.9190,-0.9260,-51.0000,0.0000,-0.0000,0.0000
1786021626.3940,0.0000,-0.0000,0.0000,-0.9190,-0.9460,-47.0000,-0.9190,-0.9270,-51.0000,0.0000,-0.0000,0.0000
1786021626.4440,0.0000,0.0010,0.0000,-0.9190,-0.9720,-45.0000,-0.9190,-0.9570,-49.0000,0.0000,-0.0000,0.0000
1786021626.4940,0.0000,0.0000,0.0000,-0.9190,-0.9390,-47.0000,-0.9190,-0.9560,-49.0000,0.0000,-0.0000,0.0000
1786021626.5440,0.0000,0.0000,0.0000,-0.9190,-0.9320,-47.0000,-0.9190,-0.9580,-48.0000,0.0000,-0.0000,0.0000
1786021626.5940,0.0000,0.0000,0.0000,-0.9190,-0.9170,-48.0000,-0.9190,-0.9550,-48.0000,0.0000,-0.0000,0.0000
1786021626.6440,0.0000,0.0000,0.0000,-0.9190,-0.8840,-50.0000,-0.9190,-0.9010,-51.0000,0.0000,-0.0000,0.0000
1786021626.6947,0.0000,-0.0010,0.0000,-0.9190,-0.8740,-50.0000,-0.9190,-0.8690,-52.0000,0.0000,-0.0000,0.0000
1786021626.7440,0.0000,-0.0000,0.0000,-0.9190,-0.8980,-49.0000,-0.9190,-0.8800,-52.0000,0.0000,-0.0000,0.0000
1786021626.7940,0.0000,0.0040,0.0000,-0.9190,-0.9150,-49.0000,-0.9190,-0.8990,-52.0000,0.0000,-0.0000,0.0000
1786021626.8440,0.0000,0.0040,0.0000,-0.9190,-0.9160,-49.0000,-0.9190,-0.8900,-52.0000,0.0000,-0.0000,0.0000
1786021626.8941,0.0000,0.0000,0.0000,-0.9190,-0.9170,-49.0000,-0.9190,-0.8840,-53.0000,0.0000,-0.0000,0.0000
1786021626.9440,0.0000,0.0000,0.0000,-0.9190,-0.9210,-48.0000,-0.9190,-0.9220,-51.0000,0.0000,-0.0000,0.0000
1786021626.9940,0.0000,0.0000,0.0000,-0.9190,-0.9030,-49.0000,-0.9190,-0.9280,-51.0000,0.0000,-0.0000,0.0000
1786021627.0440,0.0000,0.0000,0.0000,-0.9190,-0.8950,-50.0000,-0.9190,-0.9400,-50.0000,0.0000,-0.0000,0.0000
1786021627.0941,0.0000,0.0000,0.0000,-0.9190,-0.8870,-51.0000,-0.9190,-0.9550,-49.0000,0.0000,-0.0000,0.0000
1786021627.1441,0.0000,-0.0160,0.0000,-0.9190,-0.9100,-50.0000,-0.9190,-0.9030,-52.0000,0.0000,-0.0000,0.0000
1786021627.1941,0.0000,-0.0240,0.0000,-0.9190,-0.9220,-49.0000,-0.9190,-0.8720,-54.0000,0.0000,-0.0000,0.0000
1786021627.2440,0.0000,-0.0020,0.0000,-0.9190,-0.9210,-49.0000,-0.9190,-0.9310,-51.0000,0.0000,-0.0000,0.0000
1786021627.2940,0.0000,0.0000,0.0000,-0.9190,-0.9430,-48.0000,-0.9190,-0.9590,-49.0000,0.0000,-0.0000,0.0000
1786021627.3441,0.0000,-0.0020,0.0000,-0.9190,-0.9290,-49.0000,-0.9190,-0.9290,-51.0000,0.0000,-0.0000,0.0000
1786021627.3941,0.0000,-0.0000,0.0000,-0.9190,-0.9340,-48.0000,-0.9190,-0.9350,-50.0000,0.0000,-0.0000,0.0000
1786021627.4441,0.0000,0.0010,0.0000,-0.9190,-0.9210,-49.0000,-0.9190,-0.9600,-49.0000,0.0000,-0.0000,0.0000
1786021627.4941,0.0000,0.0000,0.0000,-0.9190,-0.9080,-49.0000,-0.9190,-0.9610,-48.0000,0.0000,-0.0000,0.0000
1786021627.5440,0.0000,0.0000,0.0000,-0.9190,-0.8720,-52.0000,-0.9190,-0.8900,-52.0000,0.0000,-0.0000,0.0000
1786021627.5941,0.0000,-0.0000,0.0000,-0.9190,-0.9050,-50.0000,-0.9190,-0.8720,-53.0000,0.0000,-0.0000,0.0000
1786021627.6441,0.0000,-0.0020,0.0000,-0.9190,-0.9210,-49.0000,-0.9190,-0.9130,-51.0000,0.0000,-0.0000,0.0000
1786021627.6940,0.0000,-0.0000,0.0000,-0.9190,-0.9450,-48.0000,-0.9190,-0.9170,-51.0000,0.0000,0.0020,0.0000
1786021627.7441,0.0000,-0.0000,0.0000,-0.9190,-0.9520,-47.0000,-0.9190,-0.9150,-51.0000,0.0000,0.0010,0.0000
1786021627.7941,0.0000,-0.0000,0.0000,-0.9190,-0.9590,-47.0000,-0.9190,-0.9360,-50.0000,0.0000,-0.0090,0.0000
1786021627.8441,0.0000,-0.0000,0.0000,-0.9190,-0.9440,-47.0000,-0.9190,-0.9260,-50.0000,0.0000,-0.0230,0.0000
1786021627.8942,0.0000,0.0000,0.0000,-0.9190,-0.9240,-48.0000,-0.9190,-0.9160,-51.0000,0.0000,-0.0310,0.0000
1786021627.9440,0.0000,0.0000,0.0000,-0.9190,-0.9120,-49.0000,-0.9190,-0.9340,-50.0000,0.0000,-0.0620,0.0000
1786021627.9940,0.0000,0.0000,0.0000,-0.9190,-0.9120,-49.0000,-0.9190,-0.9150,-51.0000,0.0000,-0.1070,0.0000
1786021628.0441,0.0000,-0.0000,0.0000,-0.9190,-0.9150,-49.0000,-0.9190,-0.8770,-53.0000,0.0000,-0.0800,0.0000
1786021628.0942,0.0000,-0.0000,0.0000,-0.9190,-0.8940,-50.0000,-0.9190,-0.8820,-53.0000,0.0000,-0.0470,0.0000
1786021628.1441,0.0000,-0.0000,0.0000,-0.9190,-0.9190,-49.0000,-0.9190,-0.8960,-53.0000,0.0000,-0.0420,0.0000
1786021628.1940,0.0000,-0.0000,0.0000,-0.9190,-0.9370,-48.0000,-0.9190,-0.9120,-52.0000,0.0000,-0.0060,0.0000
1786021628.2441,0.0000,-0.0000,0.0000,-0.9190,-0.9090,-49.0000,-0.9190,-0.9190,-52.0000,0.0000,-0.0000,0.0000
1786021628.2941,0.0000,-0.0000,0.0000,-0.9190,-0.9180,-49.0000,-0.9190,-0.9160,-52.0000,0.0000,-0.0000,0.0000
1786021628.3442,0.0000,-0.0000,0.0000,-0.9190,-0.9350,-48.0000,-0.9190,-0.9230,-52.0000,0.0000,-0.0000,0.0000
1786021628.3941,0.0000,-0.0000,0.0000,-0.9190,-0.9010,-50.0000,-0.9190,-0.9520,-50.0000,0.0000,-0.0000,0.0000
1786021628.4440,0.0000,-0.0000,0.0000,-0.9190,-0.9120,-49.0000,-0.9190,-0.9260,-51.0000,0.0000,-0.0000,0.0000
1786021628.4941,0.0000,-0.0000,0.0000,-0.9190,-0.9000,-50.0000,-0.9190,-0.9050,-52.0000,0.0000,-0.0000,0.0000
1786021628.5440,0.0000,-0.0000,0.0000,-0.9190,-0.8940,-50.0000,-0.9190,-0.9230,-51.0000,0.0000,-0.0000,0.0000
1786021628.5940,0.0000,-0.0000,0.0000,-0.9190,-0.8990,-50.0000,-0.9190,-0.8870,-53.0000,0.0000,-0.0000,0.0000
1786021628.6441,0.0000,-0.0000,0.0000,-0.9190,-0.9190,-50.0000,-0.9190,-0.8850,-54.0000,0.0000,-0.0000,0.0000
1786021628.6941,0.0000,-0.0000,0.0000,-0.9190,-0.9210,-49.0000,-0.9190,-0.9290,-51.0000,0.0000,-0.0000,0.0000
1786021628.7441,0.0000,-0.0000,0.0000,-0.9190,-0.9210,-50.0000,-0.9190,-0.9200,-52.0000,0.0000,-0.0000,0.0000
1786021628.7941,0.0000,-0.0000,0.0000,-0.9190,-0.9300,-49.0000,-0.9190,-0.9180,-52.0000,0.0000,-0.0000,0.0000
1786021628.8441,0.0000,-0.0000,0.0000,-0.9190,-0.9240,-49.0000,-0.9190,-0.9530,-50.0000,0.0000,-0.0000,0.0000
1786021628.8941,0.0000,-0.0000,0.0000,-0.9190,-0.9220,-49.0000,-0.9190,-0.9730,-48.0000,0.0000,-0.0000,0.0000
1786021628.9441,0.0000,-0.0000,0.0000,-0.9190,-0.8970,-51.0000,-0.9190,-0.9360,-50.0000,0.0000,-0.0000,0.0000
1786021628.9941,0.0000,-0.0000,0.0000,-0.9190,-0.8920,-51.0000,-0.9190,-0.8820,-53.0000,0.0000,-0.0000,0.0000
1786021629.0441,0.0000,-0.0000,0.0000,-0.9190,-0.9070,-51.0000,-0.9190,-0.8860,-53.0000,0.0000,-0.0000,0.0000
1786021629.0941,0.0000,-0.0000,0.0000,-0.9190,-0.9180,-50.0000,-0.9190,-0.8990,-52.0000,0.0000,-0.0000,0.0000
1786021629.1440,0.0000,-0.0000,0.0000,-0.9190,-0.9180,-50.0000,-0.9190,-0.9190,-52.0000,0.0000,-0.0000,0.0000
1786021629.1941,0.0000,-0.0000,0.0000,-0.9190,-0.9300,-49.0000,-0.9190,-0.9250,-51.0000,0.0000,-0.0000,0.0000
1786021629.2441,0.0000,-0.0000,0.0000,-0.9190,-0.9200,-50.0000,-0.9190,-0.9330,-51.0000,0.0000,-0.0000,0.0000
1786021629.2941,0.0000,0.0000,0.0000,-0.9190,-0.8960,-51.0000,-0.9190,-0.9470,-50.0000,0.0000,-0.0000,0.0000
1786021629.3441,0.0000,-0.0010,0.0000,-0.9190,-0.9340,-49.0000,-0.9190,-0.9470,-50.0000,0.0000,-0.0000,0.0000
1786021629.3942,0.0000,-0.0010,0.0000,-0.9190,-0.8910,-52.0000,-0.9190,-0.8960,-52.0000,0.0000,-0.0000,0.0000
1786021629.4441,0.0000,-0.0010,0.0000,-0.9190,-0.9010,-51.0000,-0.9190,-0.8770,-53.0000,0.0000,-0.0000,0.0000
1786021629.4941,0.0000,-0.0070,0.0000,-0.9190,-0.9220,-50.0000,-0.9190,-0.8940,-53.0000,0.0000,-0.0000,0.0000
1786021629.5441,0.0000,-0.0020,0.0000,-0.9190,-0.9410,-49.0000,-0.9190,-0.9320,-51.0000,0.0000,-0.0000,0.0000
1786021629.5942,0.0000,-0.0000,0.0000,-0.9190,-0.9460,-49.0000,-0.9190,-0.9350,-51.0000,0.0000,-0.0000,0.0000
1786021629.6442,0.0000,-0.0000,0.0000,-0.9190,-0.9340,-49.0000,-0.9190,-0.9130,-52.0000,0.0000,-0.0000,0.0000
1786021629.6942,0.0000,-0.0000,0.0000,-0.9190,-0.9290,-49.0000,-0.9190,-0.9330,-51.0000,0.0000,-0.0000,0.0000
1786021629.7442,0.0000,-0.0000,0.0000,-0.9190,-0.9340,-49.0000,-0.9190,-0.9470,-50.0000,0.0000,-0.0000,0.0000
1786021629.7942,0.0000,-0.0000,0.0000,-0.9190,-0.9370,-49.0000,-0.9190,-0.9620,-49.0000,0.0000,-0.0000,0.0000
1786021629.8442,0.0000,-0.0000,0.0000,-0.9190,-0.8880,-51.0000,-0.9190,-0.9310,-50.0000,0.0000,-0.0000,0.0000
1786021629.8945,0.0000,-0.0110,0.0000,-0.9190,-0.8970,-51.0000,-0.9190,-0.8890,-52.0000,0.0000,-0.0000,0.0000
1786021629.9442,0.0000,-0.0210,0.0000,-0.9190,-0.9170,-50.0000,-0.9190,-0.9040,-52.0000,0.0000,-0.0000,0.0000
1786021629.9948,0.0000,-0.0030,0.0000,-0.9190,-0.9170,-50.0000,-0.9190,-0.9340,-50.0000,0.0000,-0.0000,0.0000
1786021630.0441,0.0000,-0.0020,0.0000,-0.9190,-0.9310,-49.0000,-0.9190,-0.9260,-51.0000,0.0000,0.0010,0.0000
1786021630.0942,0.0000,-0.0010,0.0000,-0.9190,-0.9420,-48.0000,-0.9190,-0.9220,-51.0000,0.0000,0.0000,0.0000
1786021630.1442,0.0000,-0.0000,0.0000,-0.9190,-0.9240,-49.0000,-0.9190,-0.9640,-48.0000,0.0000,0.0000,0.0000
1786021630.1941,0.0000,-0.0000,0.0000,-0.9190,-0.9260,-49.0000,-0.9190,-0.9410,-49.0000,0.0000,0.0000,0.0000
1786021630.2441,0.0000,-0.0000,0.0000,-0.9190,-0.9070,-50.0000,-0.9190,-0.9360,-49.0000,0.0000,0.0000,0.0000
1786021630.2942,0.0000,-0.0040,0.0000,-0.9190,-0.8780,-52.0000,-0.9190,-0.9040,-51.0000,0.0000,0.0000,0.0000
1786021630.3442,0.0000,-0.0220,0.0000,-0.9190,-0.8950,-51.0000,-0.9190,-0.8670,-53.0000,0.0000,0.0000,0.0000
1786021630.3942,0.0000,-0.0080,0.0000,-0.9190,-0.9280,-50.0000,-0.9190,-0.8850,-52.0000,0.0000,-0.0000,0.0000
1786021630.4441,0.0000,-0.0010,0.0000,-0.9190,-0.9380,-49.0000,-0.9190,-0.9490,-49.0000,0.0000,-0.0000,0.0000
1786021630.4948,0.0000,-0.0000,0.0000,-0.9190,-0.9390,-49.0000,-0.9190,-0.9180,-51.0000,0.0000,-0.0000,0.0000
1786021630.5448,0.0000,-0.0000,0.0000,-0.9190,-0.9420,-48.0000,-0.9190,-0.9060,-51.0000,0.0000,-0.0000,0.0000
1786021630.5942,0.0000,-0.0000,0.0000,-0.9190,-0.9240,-49.0000,-0.9190,-0.9460,-49.0000,0.0000,-0.0000,0.0000
1786021630.6450,0.0000,-0.0000,0.0000,-0.9190,-0.9420,-48.0000,-0.9190,-0.9570,-48.0000,0.0000,-0.0000,0.0000
1786021630.6945,0.0000,-0.0010,0.0000,-0.9190,-0.9040,-50.0000,-0.9190,-0.9010,-51.0000,0.0000,-0.0000,0.0000
1786021630.7449,0.0000,-0.0010,0.0000,-0.9190,-0.8730,-52.0000,-0.9190,-0.9010,-51.0000,0.0000,0.0020,0.0000
1786021630.7943,0.0000,-0.0040,0.0000,-0.9190,-0.9120,-50.0000,-0.9190,-0.9010,-51.0000,0.0000,0.0000,0.0000
1786021630.8448,0.0000,-0.0040,0.0000,-0.9190,-0.9440,-48.0000,-0.9190,-0.9010,-51.0000,0.0000,0.0000,0.0000
1786021630.8946,0.0000,-0.0000,0.0000,-0.9190,-0.9320,-49.0000,-0.9190,-0.9350,-50.0000,0.0000,0.0000,0.0000
1786021630.9441,0.0000,-0.0000,0.0000,-0.9190,-0.9480,-48.0000,-0.9190,-0.9410,-49.0000,0.0000,0.0000,0.0000
1786021630.9942,0.0000,-0.0000,0.0000,-0.9190,-0.9600,-47.0000,-0.9190,-0.9360,-49.0000,0.0000,0.0000,0.0000
1786021631.0442,0.0000,-0.0000,0.0000,-0.9190,-0.9240,-49.0000,-0.9190,-0.9270,-50.0000,0.0000,0.0000,0.0000
1786021631.0953,0.0000,-0.0000,0.0000,-0.9190,-0.9260,-48.0000,-0.9190,-0.9430,-49.0000,0.0000,0.0000,0.0000
1786021631.1442,0.0000,-0.0000,0.0000,-0.9190,-0.9310,-48.0000,-0.9190,-0.9390,-49.0000,0.0000,0.0000,0.0000
1786021631.1941,0.0000,-0.0000,0.0000,-0.9190,-0.8730,-51.0000,-0.9190,-0.8920,-51.0000,0.0000,0.0000,0.0000
1786021631.2441,0.0000,-0.0000,0.0000,-0.9190,-0.8840,-51.0000,-0.9190,-0.8720,-52.0000,0.0000,0.0000,0.0000
1786021631.2942,0.0000,-0.0030,0.0000,-0.9190,-0.9180,-49.0000,-0.9190,-0.8880,-52.0000,0.0000,0.0000,0.0000
1786021631.3442,0.0000,-0.0000,0.0000,-0.9190,-0.9330,-49.0000,-0.9190,-0.9310,-50.0000,0.0000,0.0000,0.0000
1786021631.3942,0.0000,-0.0000,0.0000,-0.9190,-0.9160,-50.0000,-0.9190,-0.9120,-51.0000,0.0000,0.0000,0.0000
1786021631.4442,0.0000,-0.0000,0.0000,-0.9190,-0.9270,-49.0000,-0.9190,-0.9030,-52.0000,0.0000,0.0000,0.0000
1786021631.4942,0.0000,-0.0000,0.0000,-0.9190,-0.9410,-48.0000,-0.9190,-0.9110,-51.0000,0.0000,0.0000,0.0000
1786021631.5441,0.0000,-0.0000,0.0000,-0.9190,-0.9440,-47.0000,-0.9190,-0.9500,-49.0000,0.0000,0.0000,0.0000
1786021631.5941,0.0000,-0.0000,0.0000,-0.9190,-0.9340,-48.0000,-0.9190,-0.9490,-49.0000,0.0000,0.0000,0.0000
1786021631.6442,0.0000,-0.0000,0.0000,-0.9190,-0.9160,-49.0000,-0.9190,-0.9320,-50.0000,0.0000,-0.0010,0.0000
1786021631.6942,-0.3600,-0.0850,-34.0000,-0.6560,-0.8200,-31.0000,-0.6560,-0.8420,-31.0000,-0.3600,-0.0700,-35.0000
1786021631.7443,-0.6560,-0.6450,-32.0000,-0.6560,-0.6580,-38.0000,-0.6560,-0.6850,-38.0000,-0.6560,-0.6420,-33.0000
1786021631.7943,-0.6560,-0.6140,-38.0000,-0.6560,-0.6310,-39.0000,-0.6560,-0.6580,-38.0000,-0.6560,-0.6500,-36.0000
1786021631.8443,-0.6560,-0.6860,-34.0000,-0.6560,-0.6540,-37.0000,-0.6560,-0.6700,-37.0000,-0.6560,-0.6780,-35.0000
1786021631.8942,-0.6560,-0.6790,-35.0000,-0.6560,-0.6780,-36.0000,-0.6560,-0.6850,-36.0000,-0.6560,-0.7180,-33.0000
1786021631.9442,-0.6560,-0.6950,-34.0000,-0.6560,-0.6900,-35.0000,-0.6560,-0.6860,-36.0000,-0.6560,-0.6870,-34.0000
1786021631.9942,-0.6560,-0.6550,-36.0000,-0.6560,-0.6670,-36.0000,-0.6560,-0.6840,-36.0000,-0.6560,-0.6720,-34.0000
1786021632.0442,-0.6560,-0.6730,-34.0000,-0.6560,-0.6650,-36.0000,-0.6560,-0.6790,-36.0000,-0.6560,-0.6640,-35.0000
1786021632.0943,-0.6560,-0.6690,-34.0000,-0.6560,-0.6660,-36.0000,-0.6560,-0.6720,-36.0000,-0.6560,-0.6900,-33.0000
1786021632.1443,-0.6560,-0.6790,-34.0000,-0.6560,-0.6810,-35.0000,-0.6560,-0.6690,-36.0000,-0.6560,-0.6770,-33.0000
1786021632.1943,-0.6560,-0.6580,-35.0000,-0.6560,-0.6680,-35.0000,-0.6560,-0.6740,-35.0000,-0.6560,-0.6730,-33.0000
1786021632.2443,-0.6560,-0.6780,-33.0000,-0.6560,-0.6830,-34.0000,-0.6560,-0.6570,-36.0000,-0.6560,-0.6760,-33.0000
1786021632.2942,-0.6560,-0.6680,-34.0000,-0.6560,-0.6870,-34.0000,-0.6560,-0.6610,-36.0000,-0.6560,-0.7090,-31.0000
1786021632.3443,-0.6560,-0.6820,-33.0000,-0.6560,-0.6860,-33.0000,-0.6560,-0.6630,-35.0000,-0.6560,-0.6720,-33.0000
1786021632.3943,-0.6560,-0.6570,-34.0000,-0.6560,-0.6670,-34.0000,-0.6560,-0.6590,-36.0000,-0.6560,-0.6790,-32.0000
1786021632.4444,-0.6560,-0.6640,-33.0000,-0.6560,-0.6290,-36.0000,-0.6560,-0.6590,-35.0000,-0.6560,-0.6620,-32.0000
1786021632.4944,-0.6560,-0.6660,-33.0000,-0.6560,-0.6620,-34.0000,-0.6560,-0.6630,-35.0000,-0.6560,-0.6830,-31.0000
1786021632.5443,-0.6560,-0.6740,-33.0000,-0.6560,-0.6880,-33.0000,-0.6560,-0.6570,-36.0000,-0.6560,-0.6750,-31.0000
1786021632.5943,-0.6560,-0.6720,-33.0000,-0.6560,-0.6780,-33.0000,-0.6560,-0.6790,-34.0000,-0.6560,-0.6790,-31.0000
1786021632.6443,-0.6560,-0.6780,-32.0000,-0.6560,-0.6690,-33.0000,-0.6560,-0.6560,-35.0000,-0.6560,-0.6500,-32.0000
1786021632.6943,-0.6560,-0.6670,-32.0000,-0.6560,-0.6670,-33.0000,-0.6560,-0.6650,-35.0000,-0.6560,-0.6830,-30.0000
1786021632.7443,-0.6560,-0.6900,-31.0000,-0.6560,-0.6760,-33.0000,-0.6560,-0.6530,-35.0000,-0.6560,-0.6620,-31.0000
1786021632.7951,-0.6560,-0.6650,-32.0000,-0.6560,-0.6670,-33.0000,-0.6560,-0.6710,-34.0000,-0.6560,-0.6630,-31.0000
1786021632.8443,-0.6560,-0.6610,-32.0000,-0.6560,-0.6540,-33.0000,-0.6560,-0.6450,-36.0000,-0.6560,-0.6430,-32.0000
1786021632.8942,-0.6560,-0.6430,-33.0000,-0.6560,-0.6440,-34.0000,-0.6560,-0.6580,-35.0000,-0.6560,-0.6680,-31.0000
1786021632.9443,-0.6560,-0.6370,-33.0000,-0.6560,-0.6010,-37.0000,-0.6560,-0.5740,-40.0000,-0.6560,-0.6340,-33.0000
1786021632.9943,-0.6560,-0.6350,-34.0000,-0.6560,-0.6140,-36.0000,-0.6560,-0.6050,-39.0000,-0.6560,-0.6450,-32.0000
1786021633.0443,-0.6560,-0.6720,-32.0000,-0.6560,-0.6320,-36.0000,-0.6560,-0.6460,-37.0000,-0.6560,-0.6460,-32.0000
1786021633.0943,-0.6560,-0.6540,-33.0000,-0.6560,-0.6640,-34.0000,-0.6560,-0.6770,-35.0000,-0.6560,-0.6690,-31.0000
1786021633.1443,-0.6560,-0.6640,-32.0000,-0.6560,-0.6870,-33.0000,-0.6560,-0.6620,-36.0000,-0.6560,-0.6570,-32.0000
1786021633.1943,-0.6560,-0.6720,-32.0000,-0.6560,-0.6820,-33.0000,-0.6560,-0.6800,-35.0000,-0.6560,-0.6670,-31.0000
1786021633.2443,-0.6560,-0.6650,-32.0000,-0.6560,-0.6670,-34.0000,-0.6560,-0.6680,-35.0000,-0.6560,-0.6470,-32.0000
1786021633.2944,-0.6560,-0.6580,-32.0000,-0.6560,-0.6700,-33.0000,-0.6560,-0.6710,-35.0000,-0.6560,-0.6770,-30.0000
1786021633.3443,-0.6560,-0.6770,-31.0000,-0.6560,-0.6720,-33.0000,-0.6560,-0.6540,-36.0000,-0.6560,-0.6570,-31.0000
1786021633.3944,-0.6560,-0.6810,-31.0000,-0.6560,-0.6790,-32.0000,-0.6560,-0.6770,-34.0000,-0.6560,-0.6690,-31.0000
1786021633.4443,-0.6560,-0.6700,-31.0000,-0.6560,-0.6580,-33.0000,-0.6560,-0.6600,-35.0000,-0.6560,-0.6520,-31.0000
1786021633.4944,-0.6560,-0.6450,-32.0000,-0.6560,-0.6580,-33.0000,-0.6560,-0.6520,-36.0000,-0.6560,-0.6590,-31.0000
1786021633.5443,-0.6560,-0.6520,-32.0000,-0.6560,-0.6360,-35.0000,-0.6560,-0.6440,-36.0000,-0.6560,-0.6470,-32.0000
1786021633.5944,-0.6560,-0.6370,-33.0000,-0.6560,-0.5660,-39.0000,-0.6560,-0.5760,-40.0000,-0.6560,-0.6420,-32.0000
1786021633.6444,-0.6560,-0.6380,-33.0000,-0.6560,-0.6220,-36.0000,-0.6560,-0.6410,-37.0000,-0.6560,-0.6410,-32.0000
1786021633.6944,-0.6560,-0.6560,-32.0000,-0.6560,-0.6560,-35.0000,-0.6560,-0.6610,-36.0000,-0.6560,-0.6620,-31.0000
1786021633.7443,-0.6560,-0.6500,-33.0000,-0.6560,-0.6670,-34.0000,-0.6560,-0.6720,-36.0000,-0.6560,-0.6600,-31.0000
1786021633.7944,-0.6560,-0.6630,-32.0000,-0.6560,-0.6820,-33.0000,-0.6560,-0.6720,-35.0000,-0.6560,-0.6570,-31.0000
1786021633.8444,-0.6560,-0.6560,-32.0000,-0.6560,-0.6740,-34.0000,-0.6560,-0.6820,-35.0000,-0.6560,-0.6480,-32.0000
1786021633.8944,-0.6560,-0.6590,-32.0000,-0.6560,-0.6760,-33.0000,-0.6560,-0.6660,-35.0000,-0.6560,-0.6560,-31.0000
1786021633.9443,-0.6560,-0.6570,-32.0000,-0.6560,-0.6710,-33.0000,-0.6560,-0.6630,-35.0000,-0.6560,-0.6650,-31.0000
1786021633.9943,-0.6560,-0.6720,-31.0000,-0.6560,-0.6770,-33.0000,-0.6560,-0.6600,-36.0000,-0.6560,-0.6540,-32.0000
1786021634.0449,-0.6560,-0.6590,-32.0000,-0.6560,-0.6680,-33.0000,-0.6560,-0.6710,-35.0000,-0.6560,-0.6630,-31.0000
1786021634.0944,-0.6560,-0.6860,-30.0000,-0.6560,-0.6640,-33.0000,-0.6560,-0.6620,-35.0000,-0.6560,-0.6680,-31.0000
1786021634.1444,-0.6560,-0.6640,-31.0000,-0.6560,-0.6700,-33.0000,-0.6560,-0.6640,-35.0000,-0.6560,-0.6750,-30.0000
1786021634.1943,-0.6560,-0.6590,-32.0000,-0.6560,-0.6620,-33.0000,-0.6560,-0.6550,-35.0000,-0.6560,-0.6460,-32.0000
1786021634.2444,-0.6560,-0.6420,-32.0000,-0.6560,-0.6480,-34.0000,-0.6560,-0.6660,-35.0000,-0.6560,-0.6450,-32.0000
1786021634.2950,-0.6560,-0.6450,-32.0000,-0.6560,-0.6020,-36.0000,-0.6560,-0.5850,-40.0000,-0.6560,-0.6400,-32.0000
1786021634.3442,-0.0560,-0.3810,13.0000,-1.2560,-0.9450,-71.0000,-0.0560,-0.4390,13.0000,-1.2560,-0.9700,-67.0000
1786021634.3943,-0.0480,0.0610,-5.0000,-1.1740,-1.2200,-54.0000,-0.1390,-0.0130,-17.0000,-1.2650,-1.3980,-49.0000
1786021634.4444,-0.6480,-0.3820,-39.0000,-0.6560,-0.9290,-25.0000,-0.6560,-0.4620,-40.0000,-0.6650,-0.9950,-20.0000
1786021634.4944,-0.6560,-0.6370,-30.0000,-0.6560,-0.7370,-32.0000,-0.6560,-0.6810,-32.0000,-0.6560,-0.6540,-33.0000
1786021634.5444,-0.6560,-0.6410,-32.0000,-0.6560,-0.6920,-32.0000,-0.6560,-0.6540,-35.0000,-0.6560,-0.6720,-30.0000
1786021634.5943,-0.6560,-0.6570,-31.0000,-0.6560,-0.6630,-33.0000,-0.6560,-0.6520,-35.0000,-0.6560,-0.6380,-32.0000
1786021634.6444,-0.6560,-0.6370,-33.0000,-0.6560,-0.6560,-33.0000,-0.6560,-0.6490,-35.0000,-0.6560,-0.6660,-30.0000
1786021634.6943,-0.5360,-0.6450,-22.0000,-0.7760,-0.6580,-43.0000,-0.5360,-0.6500,-25.0000,-0.7760,-0.6330,-42.0000
1786021634.7442,0.0640,-0.2500,18.0000,-1.2940,-1.0220,-70.0000,-0.0190,-0.3670,15.0000,-1.3760,-1.0900,-71.0000
1786021634.7943,-0.0480,0.0380,-3.0000,-1.1740,-1.2250,-53.0000,-0.1390,-0.0460,-14.0000,-1.2650,-1.3870,-50.0000
1786021634.8444,-0.6480,-0.3740,-40.0000,-0.6560,-0.9370,-24.0000,-0.6560,-0.4430,-40.0000,-0.6650,-0.9320,-23.0000
1786021634.8943,-0.6560,-0.6370,-30.0000,-0.6560,-0.7100,-33.0000,-0.6560,-0.6820,-30.0000,-0.6560,-0.6570,-33.0000
1786021634.9444,-0.6560,-0.6290,-33.0000,-0.6560,-0.6890,-32.0000,-0.6560,-0.6370,-34.0000,-0.6560,-0.6800,-30.0000
1786021634.9943,-0.6560,-0.6450,-32.0000,-0.6560,-0.6760,-32.0000,-0.6560,-0.6410,-34.0000,-0.6560,-0.6450,-32.0000
1786021635.0443,-0.6560,-0.6410,-33.0000,-0.6560,-0.6560,-33.0000,-0.6560,-0.6370,-35.0000,-0.6560,-0.6500,-31.0000
1786021635.0944,-0.6560,-0.6310,-34.0000,-0.6560,-0.6570,-33.0000,-0.6560,-0.6410,-35.0000,-0.6560,-0.5970,-34.0000
1786021635.1444,-0.6560,-0.6270,-34.0000,-0.6560,-0.6540,-33.0000,-0.6560,-0.6460,-35.0000,-0.6560,-0.6240,-33.0000
1786021635.1944,-0.6560,-0.6330,-34.0000,-0.6560,-0.6570,-33.0000,-0.6560,-0.6400,-35.0000,-0.6560,-0.6040,-35.0000
1786021635.2446,-0.6560,-0.6610,-33.0000,-0.6560,-0.6440,-33.0000,-0.6560,-0.6520,-35.0000,-0.6560,-0.6170,-35.0000
1786021635.2944,-0.6560,-0.6480,-34.0000,-0.6560,-0.6360,-34.0000,-0.6560,-0.6320,-36.0000,-0.6560,-0.6290,-35.0000
1786021635.3443,-0.6560,-0.6560,-33.0000,-0.6560,-0.6450,-33.0000,-0.6560,-0.6410,-36.0000,-0.6560,-0.6550,-33.0000
1786021635.3953,-0.6560,-0.6560,-33.0000,-0.6560,-0.6600,-33.0000,-0.6560,-0.6410,-36.0000,-0.6560,-0.6510,-34.0000
1786021635.4451,-0.6560,-0.6680,-33.0000,-0.6560,-0.6610,-33.0000,-0.6560,-0.6510,-35.0000,-0.6560,-0.6710,-33.0000
1786021635.4943,-0.0560,-0.3980,13.0000,-1.2560,-0.9710,-69.0000,-0.0560,-0.4580,15.0000,-1.2560,-0.9280,-72.0000
1786021635.5442,0.0720,0.0650,5.0000,-1.2940,-1.2320,-62.0000,-0.0190,-0.0280,-1.0000,-1.3850,-1.4010,-62.0000
1786021635.5943,0.0720,0.0080,11.0000,-1.2940,-1.3240,-59.0000,-0.0190,-0.0040,1.0000,-1.3850,-1.3970,-64.0000
1786021635.6444,-0.4080,-0.1060,-33.0000,-0.8140,-1.1610,-26.0000,-0.4990,-0.1540,-41.0000,-0.9050,-1.2650,-30.0000
1786021635.6943,-0.6560,-0.6360,-29.0000,-0.6560,-0.6660,-36.0000,-0.6560,-0.6510,-31.0000,-0.6560,-0.6900,-35.0000
1786021635.7444,-0.6560,-0.6180,-33.0000,-0.6560,-0.6600,-33.0000,-0.6560,-0.6220,-36.0000,-0.6560,-0.6600,-34.0000
1786021635.7944,-0.6560,-0.6460,-32.0000,-0.6560,-0.6220,-35.0000,-0.6560,-0.6550,-35.0000,-0.6560,-0.6620,-32.0000
1786021635.8444,-0.6560,-0.6460,-33.0000,-0.6560,-0.6110,-35.0000,-0.6560,-0.6240,-37.0000,-0.6560,-0.6340,-34.0000
1786021635.8944,-0.6560,-0.6590,-32.0000,-0.6560,-0.6420,-34.0000,-0.6560,-0.6540,-35.0000,-0.6560,-0.6600,-32.0000
1786021635.9443,-0.5360,-0.6530,-22.0000,-0.5360,-0.6440,-24.0000,-0.5360,-0.6380,-26.0000,-0.5360,-0.6320,-24.0000
1786021635.9941,0.0000,-0.2650,0.0000,0.0000,-0.2490,0.0000,0.0000,-0.3460,0.0000,0.0000,-0.2510,0.0000
1786021636.0441,0.0000,-0.1190,0.0000,0.0000,-0.0190,0.0000,0.0000,-0.0340,0.0000,0.0000,-0.0110,0.0000
1786021636.0941,0.0000,-0.1230,0.0000,0.0000,-0.0010,0.0000,0.0000,-0.0120,0.0000,0.0000,-0.0010,0.0000
1786021636.1441,0.0000,-0.0340,0.0000,0.0000,0.0010,0.0000,0.0000,-0.0050,0.0000,0.0000,-0.0000,0.0000
1786021636.1941,0.0000,0.0040,0.0000,0.0000,0.0010,0.0000,0.0000,-0.0000,0.0000,0.0000,-0.0000,0.0000
1786021636.2441,0.0000,0.0000,0.0000,0.0000,0.0000,0.0000,0.0000,-0.0000,0.0000,0.0000,-0.0000,0.0000
1786021636.2941,0.0000,0.0000,0.0000,0.0000,0.0000,0.0000,0.0000,-0.0000,0.0000,0.0000,-0.0000,0.0000
1786021636.3441,0.0000,-0.0020,0.0000,0.0000,0.0000,0.0000,0.0000,-0.0000,0.0000,0.0000,-0.0000,0.0000
1786021636.3941,0.0000,0.0010,0.0000,0.0000,0.0000,0.0000,0.0000,-0.0000,0.0000,0.0000,-0.0000,0.0000
1786021636.4440,0.0000,0.0000,0.0000,0.0000,0.0000,0.0000,0.0000,-0.0000,0.0000,0.0000,-0.0000,0.0000
1786021636.4940,0.0000,0.0000,0.0000,0.0000,0.0000,0.0000,0.0000,-0.0000,0.0000,0.0000,-0.0000,0.0000
1786021636.5440,0.0000,0.0000,0.0000,0.0000,0.0000,0.0000,0.0000,-0.0000,0.0000,0.0000,-0.0000,0.0000
1786021636.5941,0.0000,0.0000,0.0000,0.0000,0.0000,0.0000,0.0000,-0.0000,0.0000,0.0000,-0.0000,0.0000
1786021636.6441,0.0000,0.0000,0.0000,0.0000,0.0000,0.0000,0.0000,-0.0000,0.0000,0.0000,-0.0000,0.0000
1786021636.6940,0.0000,0.0000,0.0000,0.0000,0.0000,0.0000,0.0000,-0.0000,0.0000,0.0000,-0.0000,0.0000
1786021636.7441,0.0000,0.0000,0.0000,0.0000,0.0000,0.0000,0.0000,-0.0000,0.0000,0.0000,-0.0000,0.0000
1786021636.7944,-0.4800,-0.1970,-39.0000,-0.4800,-0.2090,-39.0000,-0.4800,-0.1520,-42.0000,-0.4800,-0.1920,-39.0000
1786021636.8445,-0.6560,-0.6750,-32.0000,-0.6560,-0.6470,-34.0000,-0.6560,-0.6580,-34.0000,-0.6560,-0.6940,-31.0000
1786021636.8944,-0.6560,-0.6550,-35.0000,-0.6560,-0.6510,-36.0000,-0.6560,-0.6420,-37.0000,-0.6560,-0.6450,-36.0000
1786021636.9444,-0.6560,-0.6670,-35.0000,-0.6560,-0.6560,-37.0000,-0.6560,-0.6580,-37.0000,-0.6560,-0.6260,-38.0000
1786021636.9945,-0.6560,-0.6790,-34.0000,-0.6560,-0.6760,-36.0000,-0.6560,-0.6710,-37.0000,-0.6560,-0.6660,-36.0000
1786021637.0443,-0.6560,-0.6990,-33.0000,-0.6560,-0.6980,-34.0000,-0.6560,-0.6820,-36.0000,-0.6560,-0.6920,-35.0000
1786021637.0944,-0.6560,-0.7000,-33.0000,-0.6560,-0.6990,-34.0000,-0.6560,-0.6780,-36.0000,-0.6560,-0.7070,-33.0000
1786021637.1445,-0.6560,-0.6800,-33.0000,-0.6560,-0.6950,-34.0000,-0.6560,-0.6760,-36.0000,-0.6560,-0.6930,-34.0000
1786021637.1944,-0.6560,-0.6750,-33.0000,-0.6560,-0.6720,-34.0000,-0.6560,-0.6740,-36.0000,-0.6560,-0.6880,-33.0000
1786021637.2444,-0.6560,-0.6600,-34.0000,-0.6560,-0.6600,-35.0000,-0.6560,-0.6710,-35.0000,-0.6560,-0.6730,-34.0000
1786021637.2945,-0.6560,-0.6620,-34.0000,-0.6560,-0.6770,-34.0000,-0.6560,-0.6510,-36.0000,-0.6560,-0.6600,-34.0000
1786021637.3444,-0.6560,-0.6620,-34.0000,-0.6560,-0.6680,-34.0000,-0.6560,-0.6570,-36.0000,-0.6560,-0.6690,-34.0000
1786021637.3945,-0.6560,-0.6640,-33.0000,-0.6560,-0.6710,-34.0000,-0.6560,-0.6630,-36.0000,-0.6560,-0.6780,-33.0000
1786021637.4444,-0.6560,-0.6720,-33.0000,-0.6560,-0.6720,-33.0000,-0.6560,-0.6670,-35.0000,-0.6560,-0.6940,-32.0000
1786021637.4944,-0.6560,-0.6720,-33.0000,-0.6560,-0.6810,-33.0000,-0.6560,-0.6630,-36.0000,-0.6560,-0.6790,-33.0000
1786021637.5444,-0.6560,-0.6590,-33.0000,-0.6560,-0.6750,-33.0000,-0.6560,-0.6650,-35.0000,-0.6560,-0.6750,-33.0000
1786021637.5945,-0.6560,-0.6590,-33.0000,-0.6560,-0.6590,-34.0000,-0.6560,-0.6590,-36.0000,-0.6560,-0.6700,-33.0000
1786021637.6444,-0.6560,-0.6650,-33.0000,-0.6560,-0.6610,-33.0000,-0.6560,-0.6650,-35.0000,-0.6560,-0.6700,-32.0000
1786021637.6945,-0.6560,-0.6640,-32.0000,-0.6560,-0.6640,-33.0000,-0.6560,-0.6570,-36.0000,-0.6560,-0.6510,-33.0000
1786021637.7445,-0.6560,-0.6520,-33.0000,-0.6560,-0.6470,-34.0000,-0.6560,-0.6570,-36.0000,-0.6560,-0.6300,-35.0000
1786021637.7944,-0.6560,-0.6450,-34.0000,-0.6560,-0.6130,-36.0000,-0.6560,-0.6230,-38.0000,-0.6560,-0.6300,-35.0000
1786021637.8444,-0.6560,-0.6550,-33.0000,-0.6560,-0.6100,-36.0000,-0.6560,-0.6270,-37.0000,-0.6560,-0.6430,-34.0000
1786021637.8944,-0.6560,-0.6570,-33.0000,-0.6560,-0.6350,-35.0000,-0.6560,-0.6340,-37.0000,-0.6560,-0.6570,-34.0000
1786021637.9444,-0.6560,-0.6570,-33.0000,-0.6560,-0.6510,-35.0000,-0.6560,-0.6530,-37.0000,-0.6560,-0.6590,-34.0000
1786021637.9945,-0.6560,-0.6570,-33.0000,-0.6560,-0.6710,-34.0000,-0.6560,-0.6570,-36.0000,-0.6560,-0.6480,-34.0000
1786021638.0445,-0.6560,-0.6680,-32.0000,-0.6560,-0.6780,-33.0000,-0.6560,-0.6740,-35.0000,-0.6560,-0.6730,-33.0000
1786021638.0945,-0.6560,-0.6610,-33.0000,-0.6560,-0.6710,-34.0000,-0.6560,-0.6620,-36.0000,-0.6560,-0.6710,-33.0000
1786021638.1444,-0.6560,-0.6640,-33.0000,-0.6560,-0.6730,-33.0000,-0.6560,-0.6710,-35.0000,-0.6560,-0.6760,-32.0000
1786021638.1945,-0.6560,-0.6620,-33.0000,-0.6560,-0.6680,-33.0000,-0.6560,-0.6550,-36.0000,-0.6560,-0.6590,-33.0000
1786021638.2444,-0.6560,-0.6700,-32.0000,-0.6560,-0.6680,-33.0000,-0.6560,-0.6710,-35.0000,-0.6560,-0.6860,-31.0000
1786021638.2945,-0.6560,-0.6590,-33.0000,-0.6560,-0.6620,-33.0000,-0.6560,-0.6600,-36.0000,-0.6560,-0.6580,-33.0000
1786021638.3445,-0.6560,-0.6670,-32.0000,-0.6560,-0.6760,-32.0000,-0.6560,-0.6710,-35.0000,-0.6560,-0.6720,-32.0000
1786021638.3945,-0.6560,-0.6530,-33.0000,-0.6560,-0.6620,-33.0000,-0.6560,-0.6580,-36.0000,-0.6560,-0.6520,-33.0000
1786021638.4445,-0.6560,-0.6680,-32.0000,-0.6560,-0.6480,-34.0000,-0.6560,-0.6680,-35.0000,-0.6560,-0.6740,-31.0000
1786021638.4945,-0.6560,-0.6480,-33.0000,-0.6560,-0.6210,-35.0000,-0.6560,-0.6530,-36.0000,-0.6560,-0.6210,-34.0000
1786021638.5444,-0.6560,-0.6540,-32.0000,-0.6560,-0.6360,-35.0000,-0.6560,-0.6570,-35.0000,-0.6560,-0.6270,-34.0000
1786021638.5945,-0.6560,-0.6540,-32.0000,-0.6560,-0.6390,-35.0000,-0.6560,-0.6480,-36.0000,-0.6560,-0.6320,-34.0000
1786021638.6445,-0.6560,-0.6600,-32.0000,-0.6560,-0.6480,-35.0000,-0.6560,-0.6570,-35.0000,-0.6560,-0.6680,-33.0000
1786021638.6945,-0.6560,-0.6490,-33.0000,-0.6560,-0.6550,-34.0000,-0.6560,-0.6500,-36.0000,-0.6560,-0.6540,-33.0000
1786021638.7452,-0.6560,-0.6620,-32.0000,-0.6560,-0.6780,-33.0000,-0.6560,-0.6630,-35.0000,-0.6560,-0.6680,-33.0000
1786021638.7945,-0.6560,-0.6490,-33.0000,-0.6560,-0.6780,-33.0000,-0.6560,-0.6550,-35.0000,-0.6560,-0.6480,-34.0000
1786021638.8445,-0.6560,-0.6600,-32.0000,-0.6560,-0.6630,-34.0000,-0.6560,-0.6630,-35.0000,-0.6560,-0.6750,-32.0000
1786021638.8944,-0.6560,-0.6520,-33.0000,-0.6560,-0.6540,-34.0000,-0.6560,-0.6580,-35.0000,-0.6560,-0.6530,-33.0000
1786021638.9445,-0.6560,-0.6600,-32.0000,-0.6560,-0.6580,-34.0000,-0.6560,-0.6600,-35.0000,-0.6560,-0.6450,-34.0000
1786021638.9944,-0.6560,-0.6490,-33.0000,-0.6560,-0.6620,-34.0000,-0.6560,-0.6550,-35.0000,-0.6560,-0.6370,-34.0000
1786021639.0445,-0.6560,-0.6550,-32.0000,-0.6560,-0.6520,-34.0000,-0.6560,-0.6590,-35.0000,-0.6560,-0.6600,-33.0000
1786021639.0952,-0.6560,-0.6500,-33.0000,-0.6560,-0.6420,-35.0000,-0.6560,-0.6470,-36.0000,-0.6560,-0.6750,-32.0000
1786021639.1445,-0.6560,-0.6590,-32.0000,-0.6560,-0.6550,-34.0000,-0.6560,-0.6550,-35.0000,-0.6560,-0.6800,-32.0000
1786021639.1945,-0.6560,-0.6530,-33.0000,-0.6560,-0.6660,-33.0000,-0.6560,-0.6490,-36.0000,-0.6560,-0.6560,-33.0000
1786021639.2445,-0.6560,-0.6590,-32.0000,-0.6560,-0.6620,-34.0000,-0.6560,-0.6590,-35.0000,-0.6560,-0.6640,-32.0000
1786021639.2944,-0.6560,-0.6510,-33.0000,-0.6560,-0.6630,-34.0000,-0.6560,-0.6540,-36.0000,-0.6560,-0.6500,-33.0000
1786021639.3445,-0.6560,-0.6560,-32.0000,-0.6560,-0.6520,-34.0000,-0.6560,-0.6520,-36.0000,-0.6560,-0.6420,-34.0000
1786021639.3945,-0.6560,-0.6480,-33.0000,-0.6560,-0.6380,-35.0000,-0.6560,-0.6560,-36.0000,-0.6560,-0.6550,-33.0000
1786021639.4444,-0.6560,-0.6560,-33.0000,-0.6560,-0.6530,-34.0000,-0.6560,-0.6650,-35.0000,-0.6560,-0.6640,-32.0000
1786021639.4945,-0.6560,-0.6610,-32.0000,-0.6560,-0.6690,-33.0000,-0.6560,-0.6690,-35.0000,-0.6560,-0.6820,-31.0000
1786021639.5444,-0.6560,-0.6640,-32.0000,-0.6560,-0.6700,-33.0000,-0.6560,-0.6620,-35.0000,-0.6560,-0.6690,-32.0000
1786021639.5945,-0.6560,-0.6620,-32.0000,-0.6560,-0.6750,-33.0000,-0.6560,-0.6680,-35.0000,-0.6560,-0.6670,-32.0000
1786021639.6445,-0.6560,-0.6600,-32.0000,-0.6560,-0.6650,-33.0000,-0.6560,-0.6690,-34.0000,-0.6560,-0.6710,-32.0000
1786021639.6946,-0.6560,-0.6580,-32.0000,-0.6560,-0.6580,-33.0000,-0.6560,-0.6630,-35.0000,-0.6560,-0.6680,-32.0000
1786021639.7445,-0.6560,-0.6440,-33.0000,-0.6560,-0.6210,-35.0000,-0.6560,-0.6470,-36.0000,-0.6560,-0.6320,-34.0000
1786021639.7952,-0.6560,-0.5980,-36.0000,-0.6560,-0.5730,-38.0000,-0.6560,-0.6150,-38.0000,-0.6560,-0.6060,-35.0000
1786021639.8444,-0.6560,-0.6320,-34.0000,-0.6560,-0.6240,-36.0000,-0.6560,-0.6280,-37.0000,-0.6560,-0.6300,-34.0000
1786021639.8946,-0.6560,-0.6720,-32.0000,-0.6560,-0.6640,-34.0000,-0.6560,-0.6630,-35.0000,-0.6560,-0.6680,-32.0000
1786021639.9445,-0.6560,-0.6560,-33.0000,-0.6560,-0.6610,-35.0000,-0.6560,-0.6570,-36.0000,-0.6560,-0.6620,-33.0000
1786021639.9945,-0.6560,-0.6610,-33.0000,-0.6560,-0.6830,-33.0000,-0.6560,-0.6620,-35.0000,-0.6560,-0.6610,-33.0000
1786021640.0445,-0.6560,-0.6520,-34.0000,-0.6560,-0.6750,-34.0000,-0.6560,-0.6530,-36.0000,-0.6560,-0.6690,-32.0000
1786021640.0949,-0.6560,-0.6750,-32.0000,-0.6560,-0.6790,-33.0000,-0.6560,-0.6700,-35.0000,-0.6560,-0.6810,-31.0000
1786021640.1445,-0.6560,-0.6610,-33.0000,-0.6560,-0.6710,-33.0000,-0.6560,-0.6550,-36.0000,-0.6560,-0.6690,-32.0000
1786021640.1945,-0.6560,-0.7000,-30.0000,-0.6560,-0.6950,-32.0000,-0.6560,-0.6820,-34.0000,-0.6560,-0.6780,-31.0000
1786021640.2444,-0.6560,-0.6680,-32.0000,-0.6560,-0.7040,-31.0000,-0.6560,-0.6870,-33.0000,-0.6560,-0.6810,-31.0000
1786021640.2944,-0.6560,-0.6740,-31.0000,-0.6560,-0.6620,-33.0000,-0.6560,-0.7000,-32.0000,-0.6560,-0.6930,-30.0000
1786021640.3459,-0.6560,-0.6460,-33.0000,-0.6560,-0.6520,-33.0000,-0.6560,-0.6420,-35.0000,-0.6560,-0.6500,-32.0000
1786021640.3945,-0.6560,-0.6530,-32.0000,-0.6560,-0.6600,-33.0000,-0.6560,-0.6470,-35.0000,-0.6560,-0.6550,-31.0000
1786021640.4444,-0.6560,-0.6320,-34.0000,-0.6560,-0.6350,-34.0000,-0.6560,-0.6220,-36.0000,-0.6560,-0.6220,-33.0000
1786021640.4956,-0.6560,-0.6480,-33.0000,-0.6560,-0.5960,-36.0000,-0.6560,-0.6090,-37.0000,-0.6560,-0.6310,-33.0000
1786021640.5444,-0.6560,-0.6280,-34.0000,-0.6560,-0.5890,-37.0000,-0.6560,-0.6080,-38.0000,-0.6560,-0.6100,-35.0000
1786021640.5953,-0.6560,-0.6650,-32.0000,-0.6560,-0.6510,-34.0000,-0.6560,-0.6640,-35.0000,-0.6560,-0.6660,-32.0000
1786021640.6458,-0.6560,-0.6490,-33.0000,-0.6560,-0.6780,-33.0000,-0.6560,-0.6580,-36.0000,-0.6560,-0.6580,-32.0000
1786021640.6945,-0.6560,-0.6530,-33.0000,-0.6560,-0.6690,-34.0000,-0.6560,-0.6720,-35.0000,-0.6560,-0.6730,-31.0000
1786021640.7445,-0.6560,-0.6520,-33.0000,-0.6560,-0.6650,-34.0000,-0.6560,-0.6560,-36.0000,-0.6560,-0.6590,-32.0000
1786021640.7952,-0.6560,-0.6540,-33.0000,-0.6560,-0.6590,-34.0000,-0.6560,-0.6590,-36.0000,-0.6560,-0.6520,-32.0000
1786021640.8445,-0.6560,-0.6530,-33.0000,-0.6560,-0.6640,-34.0000,-0.6560,-0.6510,-36.0000,-0.6560,-0.6490,-33.0000
1786021640.8951,-0.6560,-0.6510,-33.0000,-0.6560,-0.6530,-34.0000,-0.6560,-0.6600,-36.0000,-0.6560,-0.6660,-32.0000
1786021640.9445,-0.6560,-0.6580,-33.0000,-0.6560,-0.6550,-34.0000,-0.6560,-0.6680,-35.0000,-0.6560,-0.6560,-32.0000
1786021640.9945,-0.6560,-0.6480,-34.0000,-0.6560,-0.6580,-34.0000,-0.6560,-0.6580,-36.0000,-0.6560,-0.6500,-32.0000
1786021641.0445,-0.6560,-0.6480,-34.0000,-0.6560,-0.6260,-36.0000,-0.6560,-0.6290,-37.0000,-0.6560,-0.6410,-33.0000
1786021641.0945,-0.4160,-0.6390,-14.0000,-0.4160,-0.6110,-16.0000,-0.4160,-0.6220,-17.0000,-0.4160,-0.6370,-12.0000
1786021641.1442,0.0000,-0.1400,0.0000,0.0000,-0.1190,0.0000,0.0000,-0.2390,0.0000,0.0000,-0.1270,0.0000
1786021641.1942,0.0000,-0.0120,0.0000,0.0000,-0.0090,0.0000,0.0000,-0.0200,0.0000,0.0000,-0.0100,0.0000
1786021641.2442,0.0000,-0.0010,0.0000,0.0000,-0.0010,0.0000,0.0000,-0.0020,0.0000,0.0000,-0.0010,0.0000
1786021641.2942,0.0000,-0.0000,0.0000,0.0000,-0.0000,0.0000,0.0000,-0.0000,0.0000,0.0000,-0.0000,0.0000
1786021641.3443,0.0000,-0.0000,0.0000,0.0000,-0.0000,0.0000,0.0000,-0.0000,0.0000,0.0000,-0.0000,0.0000
1786021641.3942,0.0000,0.0010,0.0000,0.0000,-0.0000,0.0000,0.0000,0.0020,0.0000,0.0000,0.0010,0.0000
1786021641.4442,0.0000,0.0000,0.0000,0.0000,-0.0000,0.0000,0.0000,0.0000,0.0000,0.0000,0.0000,0.0000
1786021641.4941,0.0000,0.0000,0.0000,0.0000,-0.0000,0.0000,0.0000,0.0000,0.0000,0.0000,0.0000,0.0000
1786021641.5441,0.0000,0.0000,0.0000,0.0000,-0.0000,0.0000,0.0000,0.0000,0.0000,0.0000,0.0000,0.0000
1786021641.5946,-0.2400,-0.0160,-28.0000,-0.2400,-0.0150,-28.0000,-0.2400,-0.0130,-28.0000,-0.2400,-0.0130,-28.0000
1786021641.6446,-0.6560,-0.5770,-35.0000,-0.6560,-0.6030,-34.0000,-0.6560,-0.5260,-39.0000,-0.6560,-0.5860,-35.0000
1786021641.6945,-0.6560,-0.6540,-35.0000,-0.6560,-0.6560,-35.0000,-0.6560,-0.6250,-38.0000,-0.6560,-0.6660,-35.0000
1786021641.7444,-0.2960,-0.5110,-13.0000,-0.2960,-0.4880,-15.0000,-0.2960,-0.5920,-9.0000,-0.2960,-0.5340,-12.0000
1786021641.7942,0.0000,-0.0760,0.0000,0.0000,-0.0690,0.0000,0.0000,-0.1070,0.0000,0.0000,-0.0680,0.0000
1786021641.8442,0.0000,-0.0060,0.0000,0.0000,-0.0050,0.0000,0.0000,-0.0040,0.0000,0.0000,-0.0050,0.0000
1786021641.8943,0.0000,-0.0000,0.0000,0.0000,-0.0000,0.0000,0.0000,-0.0000,0.0000,0.0000,-0.0000,0.0000
1786021641.9442,0.0000,-0.0000,0.0000,0.0000,-0.0000,0.0000,0.0000,-0.0000,0.0000,0.0000,-0.0000,0.0000
1786021641.9942,0.0000,-0.0000,0.0000,0.0000,-0.0000,0.0000,0.0000,-0.0000,0.0000,0.0000,-0.0000,0.0000
1786021642.0442,0.0000,-0.0000,0.0000,0.0000,-0.0000,0.0000,0.0000,-0.0000,0.0000,0.0000,-0.0000,0.0000
1786021642.0943,0.0000,-0.0000,0.0000,0.0000,-0.0000,0.0000,0.0000,-0.0000,0.0000,0.0000,-0.0000,0.0000
1786021642.1443,0.0000,0.0010,0.0000,0.0000,-0.0000,0.0000,0.0000,-0.0000,0.0000,0.0000,-0.0000,0.0000
1786021642.1942,0.0000,0.0000,0.0000,0.0000,-0.0000,0.0000,0.0000,-0.0000,0.0000,0.0000,-0.0000,0.0000
1786021642.2442,0.0000,-0.0000,0.0000,0.0000,-0.0000,0.0000,0.0000,-0.0000,0.0000,0.0000,-0.0000,0.0000
1786021642.2942,0.0000,0.0000,0.0000,0.0000,-0.0000,0.0000,0.0000,-0.0000,0.0000,0.0000,-0.0000,0.0000
1786021642.3442,0.0000,0.0000,0.0000,0.0000,-0.0000,0.0000,0.0000,-0.0000,0.0000,0.0000,-0.0000,0.0000
1786021642.3943,0.0000,0.0000,0.0000,0.0000,-0.0000,0.0000,0.0000,-0.0000,0.0000,0.0000,-0.0000,0.0000
1786021642.4442,0.0000,0.0000,0.0000,0.0000,-0.0000,0.0000,0.0000,-0.0000,0.0000,0.0000,-0.0000,0.0000
1786021642.4942,0.0000,0.0000,0.0000,0.0000,-0.0000,0.0000,0.0000,-0.0000,0.0000,0.0000,-0.0000,0.0000
1786021642.5442,0.0000,0.0000,0.0000,0.0000,-0.0000,0.0000,0.0000,-0.0000,0.0000,0.0000,-0.0000,0.0000
1786021642.5943,0.0000,0.0000,0.0000,0.0000,-0.0000,0.0000,0.0000,-0.0000,0.0000,0.0000,-0.0000,0.0000
1786021642.6443,0.0000,0.0000,0.0000,0.0000,-0.0000,0.0000,0.0000,-0.0000,0.0000,0.0000,-0.0000,0.0000
1786021642.6942,0.0000,0.0000,0.0000,0.0000,-0.0000,0.0000,0.0000,-0.0000,0.0000,0.0000,-0.0000,0.0000
1786021642.7442,0.0000,0.0000,0.0000,0.0000,-0.0000,0.0000,0.0000,-0.0000,0.0000,0.0000,-0.0000,0.0000
1786021642.7942,0.0000,0.0000,0.0000,0.0000,-0.0000,0.0000,0.0000,-0.0000,0.0000,0.0000,-0.0000,0.0000
1786021642.8442,0.0000,0.0000,0.0000,0.0000,-0.0000,0.0000,0.0000,-0.0000,0.0000,0.0000,-0.0000,0.0000
1786021642.8943,0.0000,0.0000,0.0000,0.0000,-0.0000,0.0000,0.0000,-0.0000,0.0000,0.0000,-0.0000,0.0000
1786021642.9442,0.0000,0.0000,0.0000,0.0000,-0.0000,0.0000,0.0000,-0.0000,0.0000,0.0000,-0.0000,0.0000
1786021642.9942,0.0000,0.0000,0.0000,0.0000,-0.0000,0.0000,0.0000,-0.0000,0.0000,0.0000,-0.0000,0.0000
1786021643.0442,0.0000,0.0000,0.0000,0.0000,-0.0000,0.0000,0.0000,-0.0000,0.0000,0.0000,-0.0000,0.0000
1786021643.0944,0.0000,0.0000,0.0000,0.0000,-0.0000,0.0000,0.0000,-0.0000,0.0000,0.0000,-0.0000,0.0000
1786021643.1443,0.0000,0.0000,0.0000,0.0000,-0.0000,0.0000,0.0000,-0.0000,0.0000,0.0000,-0.0000,0.0000
1786021643.1942,0.0000,0.0000,0.0000,0.0000,-0.0000,0.0000,0.0000,-0.0000,0.0000,0.0000,-0.0000,0.0000
1786021643.2442,0.0000,0.0000,0.0000,0.0000,-0.0000,0.0000,0.0000,-0.0000,0.0000,0.0000,-0.0000,0.0000
1786021643.2942,0.0000,0.0000,0.0000,0.0000,-0.0000,0.0000,0.0000,-0.0000,0.0000,0.0000,-0.0000,0.0000
1786021643.3443,0.0000,0.0000,0.0000,0.0000,-0.0000,0.0000,0.0000,-0.0000,0.0000,0.0000,-0.0000,0.0000
1786021643.3943,0.0000,0.0000,0.0000,0.0000,-0.0000,0.0000,0.0000,-0.0000,0.0000,0.0000,-0.0000,0.0000
1786021643.4442,0.0000,0.0000,0.0000,0.0000,-0.0000,0.0000,0.0000,-0.0000,0.0000,0.0000,-0.0000,0.0000
1786021643.4943,0.0000,0.0000,0.0000,0.0000,-0.0000,0.0000,0.0000,-0.0000,0.0000,0.0000,-0.0000,0.0000
1786021643.5442,0.0000,0.0000,0.0000,0.0000,-0.0000,0.0000,0.0000,-0.0000,0.0000,0.0000,-0.0000,0.0000
1786021643.5943,0.0000,0.0000,0.0000,0.0000,-0.0000,0.0000,0.0000,-0.0000,0.0000,0.0000,-0.0000,0.0000
1786021643.6443,0.0000,0.0000,0.0000,0.0000,-0.0000,0.0000,0.0000,-0.0000,0.0000,0.0000,-0.0000,0.0000
1786021643.6943,0.0000,0.0000,0.0000,0.0000,-0.0000,0.0000,0.0000,-0.0000,0.0000,0.0000,-0.0000,0.0000
1786021643.7443,0.0000,0.0000,0.0000,0.0000,-0.0000,0.0000,0.0000,-0.0000,0.0000,0.0000,-0.0000,0.0000
1786021643.7943,0.0000,0.0000,0.0000,0.0000,-0.0000,0.0000,0.0000,-0.0000,0.0000,0.0000,-0.0000,0.0000
1786021643.8443,0.0000,0.0000,0.0000,0.0000,-0.0000,0.0000,0.0000,-0.0000,0.0000,0.0000,-0.0000,0.0000
1786021643.8943,0.0000,0.0000,0.0000,0.0000,-0.0000,0.0000,0.0000,-0.0000,0.0000,0.0000,-0.0000,0.0000
1786021643.9443,0.0000,0.0000,0.0000,0.0000,-0.0000,0.0000,0.0000,-0.0000,0.0000,0.0000,-0.0000,0.0000
1786021643.9943,0.0000,0.0000,0.0000,0.0000,-0.0000,0.0000,0.0000,-0.0000,0.0000,0.0000,-0.0000,0.0000
1786021644.0442,0.0000,0.0000,0.0000,0.0000,-0.0000,0.0000,0.0000,-0.0000,0.0000,0.0000,-0.0000,0.0000
1786021644.0944,0.0000,0.0000,0.0000,0.0000,-0.0000,0.0000,0.0000,-0.0000,0.0000,0.0000,-0.0000,0.0000
1786021644.1443,0.0000,0.0000,0.0000,0.0000,-0.0000,0.0000,0.0000,-0.0000,0.0000,0.0000,-0.0000,0.0000
1786021644.1943,0.0000,0.0000,0.0000,0.0000,-0.0000,0.0000,0.0000,-0.0000,0.0000,0.0000,-0.0000,0.0000
1786021644.2443,0.0000,0.0000,0.0000,0.0000,-0.0000,0.0000,0.0000,-0.0000,0.0000,0.0000,-0.0000,0.0000
1786021644.2943,0.0000,0.0000,0.0000,0.0000,-0.0000,0.0000,0.0000,-0.0000,0.0000,0.0000,-0.0000,0.0000
1786021644.3443,0.0000,0.0000,0.0000,0.0000,-0.0000,0.0000,0.0000,-0.0000,0.0000,0.0000,-0.0000,0.0000
1786021644.3943,0.0000,0.0000,0.0000,0.0000,-0.0000,0.0000,0.0000,-0.0000,0.0000,0.0000,-0.0000,0.0000
1786021644.4443,0.0000,0.0000,0.0000,0.0000,-0.0000,0.0000,0.0000,-0.0000,0.0000,0.0000,-0.0000,0.0000
1786021644.4943,0.0000,0.0000,0.0000,0.0000,-0.0000,0.0000,0.0000,-0.0000,0.0000,0.0000,-0.0000,0.0000
1786021644.5443,0.0000,0.0000,0.0000,0.0000,-0.0000,0.0000,0.0000,-0.0000,0.0000,0.0000,-0.0000,0.0000
1786021644.5944,0.0000,0.0000,0.0000,0.0000,-0.0000,0.0000,0.0000,-0.0000,0.0000,0.0000,-0.0000,0.0000
1786021644.6443,0.0000,0.0000,0.0000,0.0000,-0.0000,0.0000,0.0000,-0.0000,0.0000,0.0000,-0.0000,0.0000
1786021644.6943,0.0000,0.0000,0.0000,0.0000,-0.0000,0.0000,0.0000,-0.0000,0.0000,0.0000,-0.0000,0.0000
1786021644.7443,0.0000,0.0000,0.0000,0.0000,-0.0000,0.0000,0.0000,-0.0000,0.0000,0.0000,-0.0000,0.0000
1786021644.7943,0.0000,0.0000,0.0000,0.0000,-0.0000,0.0000,0.0000,-0.0000,0.0000,0.0000,-0.0000,0.0000
1786021644.8443,0.0000,0.0000,0.0000,0.0000,-0.0000,0.0000,0.0000,-0.0000,0.0000,0.0000,-0.0000,0.0000
1786021644.8943,0.0000,0.0000,0.0000,0.0000,-0.0000,0.0000,0.0000,-0.0000,0.0000,0.0000,-0.0000,0.0000
1786021644.9443,0.0000,0.0000,0.0000,0.0000,-0.0000,0.0000,0.0000,-0.0000,0.0000,0.0000,-0.0000,0.0000
1786021644.9943,0.0000,0.0000,0.0000,0.0000,-0.0000,0.0000,0.0000,-0.0000,0.0000,0.0000,-0.0000,0.0000
1786021645.0443,0.0000,0.0000,0.0000,0.0000,-0.0000,0.0000,0.0000,-0.0000,0.0000,0.0000,-0.0000,0.0000
1786021645.0943,0.0000,0.0000,0.0000,0.0000,-0.0000,0.0000,0.0000,-0.0000,0.0000,0.0000,-0.0000,0.0000
1786021645.1443,0.0000,0.0000,0.0000,0.0000,-0.0000,0.0000,0.0000,-0.0000,0.0000,0.0000,-0.0000,0.0000
1786021645.1943,0.0000,0.0000,0.0000,0.0000,-0.0000,0.0000,0.0000,-0.0000,0.0000,0.0000,-0.0000,0.0000
1786021645.2443,0.0000,0.0000,0.0000,0.0000,-0.0000,0.0000,0.0000,-0.0000,0.0000,0.0000,-0.0000,0.0000
1786021645.2943,0.0000,0.0000,0.0000,0.0000,-0.0000,0.0000,0.0000,-0.0000,0.0000,0.0000,-0.0000,0.0000
1786021645.3443,0.0000,0.0000,0.0000,0.0000,-0.0000,0.0000,0.0000,-0.0000,0.0000,0.0000,-0.0000,0.0000
1786021645.3943,0.0000,0.0000,0.0000,0.0000,-0.0000,0.0000,0.0000,-0.0000,0.0000,0.0000,-0.0000,0.0000
1786021645.4444,0.6000,0.3220,43.0000,0.6000,0.3560,41.0000,0.6000,0.2820,46.0000,0.6000,0.3490,41.0000
1786021645.4944,1.2000,0.8180,73.0000,1.2000,0.8760,70.0000,1.2000,0.7790,76.0000,1.2000,0.8070,74.0000
1786021645.5444,1.3250,1.2800,65.0000,1.3250,1.2170,69.0000,1.3250,1.2490,69.0000,1.3250,1.2760,66.0000
1786021645.5944,1.3250,1.3990,62.0000,1.3250,1.3500,65.0000,1.3250,1.3900,64.0000,1.3250,1.4220,61.0000
1786021645.6444,1.3250,1.4100,61.0000,1.3250,1.4120,62.0000,1.3250,1.4030,64.0000,1.3250,1.4120,62.0000
1786021645.6944,1.3250,1.4130,60.0000,1.3250,1.4120,62.0000,1.3250,1.4160,63.0000,1.3250,1.4320,60.0000
1786021645.7444,1.3250,1.4000,60.0000,1.3250,1.3940,62.0000,1.3250,1.3980,63.0000,1.3250,1.3960,61.0000
1786021645.7944,1.3250,1.3960,59.0000,1.3250,1.3840,61.0000,1.3250,1.3980,62.0000,1.3250,1.3990,59.0000
1786021645.8444,1.3250,1.3780,59.0000,1.3250,1.3690,62.0000,1.3250,1.3620,63.0000,1.3250,1.3560,61.0000
1786021645.8944,1.3250,1.3640,60.0000,1.3250,1.3770,61.0000,1.3250,1.3660,62.0000,1.3250,1.3820,59.0000
1786021645.9444,1.3250,1.3580,59.0000,1.3250,1.3570,61.0000,1.3250,1.3410,63.0000,1.3250,1.3390,61.0000
1786021645.9944,1.3250,1.3450,60.0000,1.3250,1.3600,60.0000,1.3250,1.3570,62.0000,1.3250,1.3620,59.0000
1786021646.0444,1.3250,1.3240,60.0000,1.3250,1.3110,63.0000,1.3250,1.3420,62.0000,1.3250,1.3240,61.0000
1786021646.0951,1.3250,1.3300,60.0000,1.3250,1.2630,66.0000,1.3250,1.3300,63.0000,1.3250,1.3300,60.0000
1786021646.1449,1.3250,1.3420,59.0000,1.3250,1.2890,65.0000,1.3250,1.3260,63.0000,1.3250,1.3200,61.0000
1786021646.1944,1.3250,1.3480,59.0000,1.3250,1.3250,63.0000,1.3250,1.3440,61.0000,1.3250,1.3520,59.0000
1786021646.2444,1.3250,1.3490,58.0000,1.3250,1.3690,61.0000,1.3250,1.3380,62.0000,1.3250,1.3220,60.0000
1786021646.2944,1.3250,1.3360,59.0000,1.3250,1.3640,61.0000,1.3250,1.3440,61.0000,1.3250,1.3530,58.0000
1786021646.3445,1.3250,1.3410,58.0000,1.3250,1.3550,61.0000,1.3250,1.3300,62.0000,1.3250,1.3240,60.0000
1786021646.3952,1.3250,1.3500,58.0000,1.3250,1.3540,61.0000,1.3250,1.3420,61.0000,1.3250,1.3470,58.0000
1786021646.4444,1.3250,1.3360,58.0000,1.3250,1.3450,61.0000,1.3250,1.3310,61.0000,1.3250,1.3210,60.0000
1786021646.4945,1.3250,1.3350,58.0000,1.3250,1.3460,60.0000,1.3250,1.3300,61.0000,1.3250,1.3420,58.0000
1786021646.5444,1.3250,1.3320,58.0000,1.3250,1.3280,61.0000,1.3250,1.3260,61.0000,1.3250,1.3070,60.0000
1786021646.5944,1.3250,1.3110,59.0000,1.3250,1.3200,62.0000,1.3250,1.3270,61.0000,1.3250,1.3330,59.0000
1786021646.6446,1.3250,1.3280,58.0000,1.3250,1.3080,62.0000,1.3250,1.3270,61.0000,1.3250,1.3200,59.0000
1786021646.6944,1.3250,1.3340,58.0000,1.3250,1.3250,61.0000,1.3250,1.3270,61.0000,1.3250,1.3350,58.0000
1786021646.7445,1.3250,1.3270,58.0000,1.3250,1.3430,60.0000,1.3250,1.3340,61.0000,1.3250,1.3260,59.0000
1786021646.7951,1.3250,1.3310,58.0000,1.3250,1.3450,60.0000,1.3250,1.3370,60.0000,1.3250,1.3410,58.0000
1786021646.8445,1.3250,1.3290,58.0000,1.3250,1.3400,60.0000,1.3250,1.3280,61.0000,1.3250,1.3250,59.0000
1786021646.8945,1.3250,1.3270,58.0000,1.3250,1.3280,61.0000,1.3250,1.3210,61.0000,1.3250,1.3320,58.0000
1786021646.9444,1.3250,1.3140,59.0000,1.3250,1.3400,60.0000,1.3250,1.3320,61.0000,1.3250,1.3170,59.0000
1786021646.9945,1.3250,1.3110,59.0000,1.3250,1.3040,62.0000,1.3250,1.3240,61.0000,1.3250,1.3300,58.0000
1786021647.0445,1.3250,1.3230,58.0000,1.3250,1.3190,61.0000,1.3250,1.3260,61.0000,1.3250,1.3270,59.0000
1786021647.0945,1.3250,1.3150,59.0000,1.3250,1.3200,61.0000,1.3250,1.3220,61.0000,1.3250,1.3330,58.0000
1786021647.1445,1.3250,1.3180,58.0000,1.3250,1.3230,61.0000,1.3250,1.3350,60.0000,1.3250,1.3280,58.0000
1786021647.1945,1.3250,1.3120,59.0000,1.3250,1.3320,61.0000,1.3250,1.3140,62.0000,1.3250,1.3230,59.0000
1786021647.2445,1.3250,1.3210,58.0000,1.3250,1.3410,60.0000,1.3250,1.3340,60.0000,1.3250,1.3260,58.0000
1786021647.2945,1.3250,1.3350,58.0000,1.3250,1.3290,61.0000,1.3250,1.3200,61.0000,1.3250,1.3350,58.0000
1786021647.3445,1.3250,1.3370,57.0000,1.3250,1.3370,60.0000,1.3250,1.3430,60.0000,1.3250,1.3400,58.0000
1786021647.3945,1.3250,1.3340,57.0000,1.3250,1.3320,60.0000,1.3250,1.3240,61.0000,1.3250,1.3270,58.0000
1786021647.4445,1.3250,1.3340,57.0000,1.3250,1.3260,61.0000,1.3250,1.3370,60.0000,1.3250,1.3270,58.0000
1786021647.4944,1.3250,1.3320,57.0000,1.3250,1.2920,63.0000,1.3250,1.3200,61.0000,1.3250,1.3210,58.0000
1786021647.5445,1.3250,1.3240,58.0000,1.3250,1.3370,60.0000,1.3250,1.3410,60.0000,1.3250,1.3260,58.0000
1786021647.5945,1.3250,1.3110,59.0000,1.3250,1.2950,63.0000,1.3250,1.3180,61.0000,1.3250,1.3170,59.0000
1786021647.6445,1.3250,1.3300,57.0000,1.3250,1.3210,61.0000,1.3250,1.3410,60.0000,1.3250,1.3270,58.0000
1786021647.6945,1.3250,1.3290,58.0000,1.3250,1.3320,61.0000,1.3250,1.3160,61.0000,1.3250,1.3290,58.0000
1786021647.7445,1.3250,1.3200,58.0000,1.3250,1.3030,62.0000,1.3250,1.3390,60.0000,1.3250,1.3310,58.0000
1786021647.7945,1.3250,1.3170,58.0000,1.3250,1.3280,61.0000,1.3250,1.3130,61.0000,1.3250,1.3270,58.0000
1786021647.8445,1.3250,1.3130,59.0000,1.3250,1.3260,61.0000,1.3250,1.3420,60.0000,1.3250,1.3330,58.0000
1786021647.8945,1.3250,1.3400,57.0000,1.3250,1.3270,61.0000,1.3250,1.3140,61.0000,1.3250,1.3240,58.0000
1786021647.9445,1.3250,1.3320,58.0000,1.3250,1.3460,60.0000,1.3250,1.3380,60.0000,1.3250,1.3370,57.0000
1786021647.9945,1.3250,1.3340,57.0000,1.3250,1.3230,61.0000,1.3250,1.3160,61.0000,1.3250,1.3240,58.0000
1786021648.0445,1.3250,1.3350,57.0000,1.3250,1.3390,60.0000,1.3250,1.3440,60.0000,1.3250,1.3380,57.0000
1786021648.0945,1.3250,1.3300,57.0000,1.3250,1.3000,62.0000,1.3250,1.3170,61.0000,1.3250,1.3220,58.0000
1786021648.1445,1.3250,1.3180,58.0000,1.3250,1.3220,61.0000,1.3250,1.3350,60.0000,1.3250,1.3310,58.0000
1786021648.1945,1.3250,1.3210,58.0000,1.3250,1.3300,61.0000,1.3250,1.3160,61.0000,1.3250,1.3260,58.0000
1786021648.2445,1.3250,1.3310,57.0000,1.3250,1.3270,61.0000,1.3250,1.3400,60.0000,1.3250,1.3290,58.0000
1786021648.2945,1.3250,1.3160,58.0000,1.3250,1.3160,61.0000,1.3250,1.3150,61.0000,1.3250,1.3170,58.0000
1786021648.3445,1.3250,1.3230,58.0000,1.3250,1.3100,62.0000,1.3250,1.3330,60.0000,1.3250,1.3390,57.0000
1786021648.3945,1.3250,1.3180,58.0000,1.3250,1.3070,62.0000,1.3250,1.3150,61.0000,1.3250,1.3150,58.0000
1786021648.4445,1.3250,1.3150,59.0000,1.3250,1.3360,61.0000,1.3250,1.3320,60.0000,1.3250,1.3350,57.0000
1786021648.4945,1.3250,1.3350,58.0000,1.3250,1.3360,61.0000,1.3250,1.3100,62.0000,1.3250,1.3220,58.0000
1786021648.5445,1.3250,1.3250,58.0000,1.3250,1.3460,60.0000,1.3250,1.3350,60.0000,1.3250,1.3380,57.0000
1786021648.5945,1.3250,1.3450,57.0000,1.3250,1.3350,60.0000,1.3250,1.3150,61.0000,1.3250,1.3290,58.0000
1786021648.6448,1.3250,1.3330,58.0000,1.3250,1.3440,60.0000,1.3250,1.3320,60.0000,1.3250,1.3330,57.0000
1786021648.6945,1.3250,1.3340,57.0000,1.3250,1.3210,61.0000,1.3250,1.3140,61.0000,1.3250,1.3140,58.0000
1786021648.7445,1.3250,1.3150,58.0000,1.3250,1.2950,62.0000,1.3250,1.3240,61.0000,1.3250,1.3340,57.0000
1786021648.7945,1.3250,1.3080,59.0000,1.3250,1.3100,62.0000,1.3250,1.3130,61.0000,1.3250,1.3110,59.0000
1786021648.8446,1.3250,1.3310,58.0000,1.3250,1.3250,61.0000,1.3250,1.3270,61.0000,1.3250,1.3410,57.0000
1786021648.8946,1.3250,1.3310,58.0000,1.3250,1.3110,62.0000,1.3250,1.3230,61.0000,1.3250,1.3140,58.0000
1786021648.9445,1.3250,1.3040,59.0000,1.3250,1.2980,63.0000,1.3250,1.3310,60.0000,1.3250,1.3340,57.0000
1786021648.9945,1.3250,1.3190,58.0000,1.3250,1.2890,64.0000,1.3250,1.3150,61.0000,1.3250,1.3060,59.0000
1786021649.0445,1.3250,1.3220,58.0000,1.3250,1.3220,62.0000,1.3250,1.3250,61.0000,1.3250,1.3340,57.0000
1786021649.0945,1.3250,1.3350,58.0000,1.3250,1.3170,63.0000,1.3250,1.3230,61.0000,1.3250,1.3090,59.0000
1786021649.1446,1.3250,1.3320,58.0000,1.3250,1.3580,60.0000,1.3250,1.3300,60.0000,1.3250,1.3400,57.0000
1786021649.1945,1.3250,1.3390,57.0000,1.3250,1.3470,61.0000,1.3250,1.3230,61.0000,1.3250,1.3240,58.0000
1786021649.2445,1.3250,1.3250,58.0000,1.3250,1.3420,61.0000,1.3250,1.3230,61.0000,1.3250,1.3370,57.0000
1786021649.2945,1.3250,1.2920,60.0000,1.3250,1.3080,63.0000,1.3250,1.3230,61.0000,1.3250,1.3060,59.0000
1786021649.3445,1.3250,1.3120,59.0000,1.3250,1.3100,62.0000,1.3250,1.3230,61.0000,1.3250,1.3330,57.0000
1786021649.3946,1.3250,1.3150,59.0000,1.3250,1.3360,61.0000,1.3250,1.3250,61.0000,1.3250,1.3030,59.0000
1786021649.4445,1.3250,1.3310,58.0000,1.3250,1.3310,61.0000,1.3250,1.3260,61.0000,1.3250,1.3270,58.0000
1786021649.4945,1.3250,1.3360,58.0000,1.3250,1.3430,61.0000,1.3250,1.3320,60.0000,1.3250,1.3050,59.0000
1786021649.5445,1.3250,1.3380,58.0000,1.3250,1.3230,62.0000,1.3250,1.3280,60.0000,1.3250,1.3360,57.0000
1786021649.5945,1.3250,1.3350,58.0000,1.3250,1.3270,61.0000,1.3250,1.3280,60.0000,1.3250,1.3280,58.0000
1786021649.6446,1.3250,1.3360,58.0000,1.3250,1.3350,61.0000,1.3250,1.3190,61.0000,1.3250,1.3300,58.0000
1786021649.6945,1.3250,1.3290,58.0000,1.3250,1.2920,63.0000,1.3250,1.3300,60.0000,1.3250,1.3130,59.0000
1786021649.7446,1.3250,1.2970,60.0000,1.3250,1.3030,63.0000,1.3250,1.3200,61.0000,1.3250,1.3190,58.0000
1786021649.7945,1.3250,1.3320,58.0000,1.3250,1.3420,61.0000,1.3250,1.3260,61.0000,1.3250,1.3010,59.0000
1786021649.8446,1.3250,1.3230,58.0000,1.3250,1.3500,60.0000,1.3250,1.3230,61.0000,1.3250,1.3220,58.0000
1786021649.8946,1.3250,1.3380,57.0000,1.3250,1.3440,61.0000,1.3250,1.3340,60.0000,1.3250,1.3250,58.0000
1786021649.9446,1.3250,1.3330,57.0000,1.3250,1.3450,60.0000,1.3250,1.3220,61.0000,1.3250,1.3480,57.0000
1786021649.9952,1.3250,1.3250,58.0000,1.3250,1.3410,60.0000,1.3250,1.3330,60.0000,1.3250,1.3230,58.0000
1786021650.0445,1.3250,1.3260,58.0000,1.3250,1.2970,63.0000,1.3250,1.3180,61.0000,1.3250,1.3170,58.0000
1786021650.0945,1.3250,1.3140,58.0000,1.3250,1.3070,62.0000,1.3250,1.3290,60.0000,1.3250,1.2960,60.0000
1786021650.1446,1.3250,1.3120,58.0000,1.3250,1.3260,61.0000,1.3250,1.3150,61.0000,1.3250,1.3090,59.0000
1786021650.1946,1.3250,1.3160,58.0000,1.3250,1.3170,62.0000,1.3250,1.3400,60.0000,1.3250,1.3240,59.0000
1786021650.2446,1.3250,1.3190,58.0000,1.3250,1.3190,62.0000,1.3250,1.3140,61.0000,1.3250,1.3230,59.0000
1786021650.2951,1.3250,1.3290,58.0000,1.3250,1.3450,60.0000,1.3250,1.3430,60.0000,1.3250,1.3350,58.0000
1786021650.3445,1.3250,1.3190,58.0000,1.3250,1.3200,62.0000,1.3250,1.3120,61.0000,1.3250,1.3380,58.0000
1786021650.3946,1.3250,1.2930,60.0000,1.3250,1.3280,61.0000,1.3250,1.3390,60.0000,1.3250,1.3250,59.0000
1786021650.4447,1.3250,1.3340,58.0000,1.3250,1.3100,62.0000,1.3250,1.3150,61.0000,1.3250,1.3300,58.0000
1786021650.4946,1.3250,1.3300,58.0000,1.3250,1.3200,62.0000,1.3250,1.3430,60.0000,1.3250,1.3320,58.0000
1786021650.5446,1.3250,1.3420,57.0000,1.3250,1.3320,61.0000,1.3250,1.3190,61.0000,1.3250,1.3350,58.0000
1786021650.5948,1.3250,1.3400,57.0000,1.3250,1.3480,60.0000,1.3250,1.3520,59.0000,1.3250,1.3410,58.0000
1786021650.6446,1.3250,1.3440,57.0000,1.3250,1.3290,61.0000,1.3250,1.3230,60.0000,1.3250,1.3390,57.0000
1786021650.6946,1.3250,1.3230,58.0000,1.3250,1.3260,61.0000,1.3250,1.3350,60.0000,1.3250,1.3320,58.0000
1786021650.7446,1.3250,1.3190,58.0000,1.3250,1.3300,61.0000,1.3250,1.3060,61.0000,1.3250,1.3220,58.0000
1786021650.7946,1.3250,1.2750,61.0000,1.3250,1.2720,64.0000,1.3250,1.3380,60.0000,1.3250,1.3290,58.0000
1786021650.8446,1.3250,1.2960,60.0000,1.3250,1.2950,63.0000,1.3250,1.3050,62.0000,1.3250,1.3150,59.0000
1786021650.8946,1.3250,1.3150,59.0000,1.3250,1.3130,62.0000,1.3250,1.3420,59.0000,1.3250,1.3310,58.0000
1786021650.9447,1.3250,1.3350,58.0000,1.3250,1.3080,63.0000,1.3250,1.3070,62.0000,1.3250,1.3180,59.0000
1786021650.9946,1.3250,1.3280,59.0000,1.3250,1.3510,60.0000,1.3250,1.3450,59.0000,1.3250,1.3310,58.0000
1786021651.0446,1.3250,1.3460,58.0000,1.3250,1.3400,61.0000,1.3250,1.3050,62.0000,1.3250,1.3130,59.0000
1786021651.0945,1.3250,1.3220,59.0000,1.3250,1.3440,61.0000,1.3250,1.3400,60.0000,1.3250,1.3330,58.0000
1786021651.1446,1.3250,1.3230,59.0000,1.3250,1.3110,62.0000,1.3250,1.3100,61.0000,1.3250,1.3230,59.0000
1786021651.1946,1.3250,1.3030,60.0000,1.3250,1.3040,63.0000,1.3250,1.3400,60.0000,1.3250,1.3410,57.0000
1786021651.2446,1.3250,1.3030,60.0000,1.3250,1.3130,62.0000,1.3250,1.3050,62.0000,1.3250,1.3170,59.0000
1786021651.2946,1.3250,1.3170,60.0000,1.3250,1.3150,62.0000,1.3250,1.3390,60.0000,1.3250,1.3250,58.0000
1786021651.3446,1.3250,1.3170,60.0000,1.3250,1.3380,61.0000,1.3250,1.3130,61.0000,1.3250,1.3140,59.0000
1786021651.3955,1.3250,1.3490,58.0000,1.3250,1.3400,61.0000,1.3250,1.3400,60.0000,1.3250,1.3380,58.0000
1786021651.4446,1.3250,1.3450,58.0000,1.3250,1.3470,61.0000,1.3250,1.3150,61.0000,1.3250,1.3300,58.0000
1786021651.4946,1.3250,1.3450,58.0000,1.3250,1.3520,60.0000,1.3250,1.3550,59.0000,1.3250,1.3480,57.0000
1786021651.5446,1.3250,1.3420,58.0000,1.3250,1.3300,61.0000,1.3250,1.3140,61.0000,1.3250,1.3170,59.0000
1786021651.5947,1.3250,1.3220,59.0000,1.3250,1.3280,61.0000,1.3250,1.3320,60.0000,1.3250,1.3380,57.0000
1786021651.6452,1.3250,1.3140,59.0000,1.3250,1.3240,61.0000,1.3250,1.3170,61.0000,1.3250,1.3100,59.0000
1786021651.6946,1.3250,1.2810,61.0000,1.3250,1.3380,60.0000,1.3250,1.3290,60.0000,1.3250,1.3380,57.0000
1786021651.7452,1.3250,1.3260,59.0000,1.3250,1.3250,61.0000,1.3250,1.3190,61.0000,1.3250,1.3160,58.0000
1786021651.7946,1.3250,1.3360,59.0000,1.3250,1.3280,61.0000,1.3250,1.3300,60.0000,1.3250,1.3390,57.0000
1786021651.8447,1.3250,1.3370,58.0000,1.3250,1.3320,61.0000,1.3250,1.3190,61.0000,1.3250,1.3150,58.0000
1786021651.8946,1.3250,1.3330,59.0000,1.3250,1.3260,61.0000,1.3250,1.3320,60.0000,1.3250,1.3390,57.0000
1786021651.9446,1.3250,1.3200,59.0000,1.3250,1.3300,61.0000,1.3250,1.3180,61.0000,1.3250,1.3090,59.0000
1786021651.9946,1.3250,1.3390,58.0000,1.3250,1.3310,60.0000,1.3250,1.3350,60.0000,1.3250,1.3350,57.0000
1786021652.0455,1.3250,1.3400,58.0000,1.3250,1.3360,60.0000,1.3250,1.3180,61.0000,1.3250,1.3290,58.0000
1786021652.0952,1.3250,1.3450,57.0000,1.3250,1.3230,61.0000,1.3250,1.3410,59.0000,1.3250,1.3450,57.0000
1786021652.1452,1.3250,1.3380,58.0000,1.3250,1.3290,60.0000,1.3250,1.3260,60.0000,1.3250,1.3280,57.0000
1786021652.1949,1.3250,1.3390,57.0000,1.3250,1.3240,61.0000,1.3250,1.3240,60.0000,1.3250,1.3270,57.0000
1786021652.2452,1.3250,1.3210,58.0000,1.3250,1.3060,62.0000,1.3250,1.3180,60.0000,1.3250,1.3060,58.0000
1786021652.2946,1.3250,1.3000,59.0000,1.3250,1.3210,61.0000,1.3250,1.3220,60.0000,1.3250,1.3160,58.0000
1786021652.3460,1.3250,1.3160,59.0000,1.3250,1.2930,63.0000,1.3250,1.3260,60.0000,1.3250,1.3050,59.0000
1786021652.3954,1.3250,1.3350,58.0000,1.3250,1.3280,61.0000,1.3250,1.3240,60.0000,1.3250,1.3240,58.0000
1786021652.4452,1.3250,1.3270,58.0000,1.3250,1.3460,60.0000,1.3250,1.3250,60.0000,1.3250,1.3080,59.0000
1786021652.4946,1.3250,1.3190,58.0000,1.3250,1.3250,61.0000,1.3250,1.3230,60.0000,1.3250,1.3280,58.0000
1786021652.5447,1.3250,1.3090,59.0000,1.3250,1.3320,61.0000,1.3250,1.3250,60.0000,1.3250,1.3160,58.0000
1786021652.5947,1.3250,1.3230,58.0000,1.3250,1.3370,60.0000,1.3250,1.3240,60.0000,1.3250,1.3260,58.0000
1786021652.6446,1.3250,1.3280,58.0000,1.3250,1.3330,60.0000,1.3250,1.3360,59.0000,1.3250,1.3240,58.0000
1786021652.6955,1.3250,1.3370,58.0000,1.3250,1.3360,60.0000,1.3250,1.3210,60.0000,1.3250,1.3490,56.0000
1786021652.7446,1.3250,1.3340,58.0000,1.3250,1.3390,60.0000,1.3250,1.3280,60.0000,1.3250,1.3500,56.0000
1786021652.7946,1.3250,1.3340,57.0000,1.3250,1.3290,60.0000,1.3250,1.3280,60.0000,1.3250,1.3310,57.0000
1786021652.8446,1.3250,1.3290,58.0000,1.3250,1.3370,60.0000,1.3250,1.3330,60.0000,1.3250,1.3140,58.0000
1786021652.8946,1.3250,1.3300,57.0000,1.3250,1.3200,61.0000,1.3250,1.3050,61.0000,1.3250,1.3130,58.0000
1786021652.9446,1.3250,1.3200,58.0000,1.3250,1.3250,60.0000,1.3250,1.3260,60.0000,1.3250,1.3120,58.0000
1786021652.9946,1.3250,1.3200,58.0000,1.3250,1.2910,62.0000,1.3250,1.3110,61.0000,1.3250,1.3190,58.0000
1786021653.0446,1.3250,1.3220,58.0000,1.3250,1.3260,61.0000,1.3250,1.3360,60.0000,1.3250,1.3170,58.0000
1786021653.0952,1.3250,1.3240,58.0000,1.3250,1.3270,61.0000,1.3250,1.3120,61.0000,1.3250,1.3200,58.0000
1786021653.1446,1.3250,1.3240,58.0000,1.3250,1.3370,60.0000,1.3250,1.3380,59.0000,1.3250,1.3230,58.0000
1786021653.1946,1.3250,1.3040,59.0000,1.3250,1.3160,61.0000,1.3250,1.3140,61.0000,1.3250,1.3190,58.0000
1786021653.2446,1.3250,1.3230,58.0000,1.3250,1.3320,60.0000,1.3250,1.3370,60.0000,1.3250,1.3290,58.0000
1786021653.2946,1.3250,1.3210,58.0000,1.3250,1.3170,61.0000,1.3250,1.3180,61.0000,1.3250,1.3220,58.0000
1786021653.3446,1.3250,1.3310,57.0000,1.3250,1.3010,62.0000,1.3250,1.3420,59.0000,1.3250,1.3320,58.0000
1786021653.3953,1.3250,1.3310,58.0000,1.3250,1.3190,61.0000,1.3250,1.3170,61.0000,1.3250,1.3210,58.0000
1786021653.4446,1.3250,1.3270,58.0000,1.3250,1.3320,61.0000,1.3250,1.3390,59.0000,1.3250,1.3370,57.0000
1786021653.4946,1.3250,1.3090,59.0000,1.3250,1.3000,62.0000,1.3250,1.3140,61.0000,1.3250,1.3200,58.0000
1786021653.5446,1.3250,1.2840,60.0000,1.3250,1.3210,61.0000,1.3250,1.3390,59.0000,1.3250,1.3220,58.0000
1786021653.5946,1.3250,1.3470,57.0000,1.3250,1.3030,62.0000,1.3250,1.3150,61.0000,1.3250,1.3150,59.0000
1786021653.6447,1.3250,1.3330,58.0000,1.3250,1.3290,61.0000,1.3250,1.3350,60.0000,1.3250,1.3370,57.0000
1786021653.6946,1.3250,1.3230,58.0000,1.3250,1.3140,62.0000,1.3250,1.3170,61.0000,1.3250,1.3180,58.0000
1786021653.7446,1.3250,1.3250,58.0000,1.3250,1.3250,61.0000,1.3250,1.3380,59.0000,1.3250,1.3370,57.0000
1786021653.7946,1.3250,1.3310,58.0000,1.3250,1.2930,63.0000,1.3250,1.3080,61.0000,1.3250,1.3160,59.0000
1786021653.8446,1.3250,1.3240,58.0000,1.3250,1.3190,62.0000,1.3250,1.3420,59.0000,1.3250,1.3300,58.0000
1786021653.8947,1.3250,1.3360,58.0000,1.3250,1.3430,61.0000,1.3250,1.3070,61.0000,1.3250,1.3170,59.0000
1786021653.9446,1.3250,1.3220,58.0000,1.3250,1.3490,60.0000,1.3250,1.3440,59.0000,1.3250,1.3330,58.0000
1786021653.9947,1.3250,1.3300,58.0000,1.3250,1.3340,61.0000,1.3250,1.3060,61.0000,1.3250,1.3080,59.0000
1786021654.0446,1.3250,1.3110,59.0000,1.3250,1.3220,61.0000,1.3250,1.3350,60.0000,1.3250,1.3440,57.0000
1786021654.0953,1.3250,1.3230,58.0000,1.3250,1.3050,62.0000,1.3250,1.3050,61.0000,1.3250,1.3140,59.0000
1786021654.1447,1.3250,1.2980,60.0000,1.3250,1.3330,61.0000,1.3250,1.3340,60.0000,1.3250,1.3400,57.0000
1786021654.1946,1.3250,1.3380,58.0000,1.3250,1.3300,61.0000,1.3250,1.3120,61.0000,1.3250,1.3080,59.0000
1786021654.2446,1.3250,1.3400,58.0000,1.3250,1.3480,60.0000,1.3250,1.3410,59.0000,1.3250,1.3400,57.0000
1786021654.2947,1.3250,1.3460,57.0000,1.3250,1.3210,61.0000,1.3250,1.3150,61.0000,1.3250,1.3220,58.0000
1786021654.3447,1.3250,1.3400,58.0000,1.3250,1.3340,61.0000,1.3250,1.3390,59.0000,1.3250,1.3560,56.0000
1786021654.3947,1.3250,1.3380,57.0000,1.3250,1.3260,61.0000,1.3250,1.3030,61.0000,1.3250,1.3190,58.0000
1786021654.4446,1.3250,1.3110,59.0000,1.3250,1.2720,64.0000,1.3250,1.3260,60.0000,1.3250,1.3390,57.0000
1786021654.4946,1.3250,1.3050,59.0000,1.3250,1.3010,63.0000,1.3250,1.3120,61.0000,1.3250,1.3000,59.0000
1786021654.5446,1.3250,1.3260,58.0000,1.3250,1.3550,60.0000,1.3250,1.3350,60.0000,1.3250,1.3300,58.0000
1786021654.5947,1.3250,1.3270,58.0000,1.3250,1.3490,60.0000,1.3250,1.3170,61.0000,1.3250,1.3170,58.0000
1786021654.6447,1.3250,1.3370,58.0000,1.3250,1.3460,60.0000,1.3250,1.3420,59.0000,1.3250,1.3520,56.0000
1786021654.6947,1.3250,1.3430,57.0000,1.3250,1.3420,60.0000,1.3250,1.3290,60.0000,1.3250,1.3280,58.0000
1786021654.7446,1.3250,1.3290,58.0000,1.3250,1.3480,60.0000,1.3250,1.3280,60.0000,1.3250,1.3380,57.0000
1786021654.7947,1.3250,1.3380,57.0000,1.3250,1.3270,61.0000,1.3250,1.3130,61.0000,1.3250,1.3040,59.0000
1786021654.8446,1.3250,1.3280,58.0000,1.3250,1.3200,61.0000,1.3250,1.3290,60.0000,1.3250,1.3300,57.0000
1786021654.8947,1.3250,1.3290,58.0000,1.3250,1.3360,60.0000,1.3250,1.3190,60.0000,1.3250,1.3020,59.0000
1786021654.9446,1.3250,1.3280,58.0000,1.3250,1.3160,61.0000,1.3250,1.3300,60.0000,1.3250,1.3280,58.0000
1786021654.9947,1.3250,1.3300,57.0000,1.3250,1.3300,61.0000,1.3250,1.3160,61.0000,1.3250,1.3060,59.0000
1786021655.0455,1.3250,1.3200,58.0000,1.3250,1.3110,62.0000,1.3250,1.3230,60.0000,1.3250,1.3380,57.0000
1786021655.0947,1.3250,1.3190,58.0000,1.3250,1.2990,63.0000,1.3250,1.3240,60.0000,1.3250,1.3150,59.0000
1786021655.1447,1.3250,1.3220,58.0000,1.3250,1.3280,61.0000,1.3250,1.3270,60.0000,1.3250,1.3310,58.0000
1786021655.1947,1.3250,1.3290,57.0000,1.3250,1.3480,60.0000,1.3250,1.3270,60.0000,1.3250,1.3120,59.0000
1786021655.2447,1.3250,1.3190,58.0000,1.3250,1.3320,61.0000,1.3250,1.3300,60.0000,1.3250,1.3280,58.0000
1786021655.2947,1.3250,1.3300,57.0000,1.3250,1.3250,61.0000,1.3250,1.3380,59.0000,1.3250,1.3270,58.0000
1786021655.3447,1.3250,1.3220,58.0000,1.3250,1.3330,61.0000,1.3250,1.3230,60.0000,1.3250,1.3280,58.0000
1786021655.3947,1.3250,1.3290,57.0000,1.3250,1.2960,63.0000,1.3250,1.3280,60.0000,1.3250,1.3130,59.0000
1786021655.4446,1.3250,1.3240,58.0000,1.3250,1.3100,62.0000,1.3250,1.3130,61.0000,1.3250,1.3250,58.0000
1786021655.4947,1.3250,1.3040,59.0000,1.3250,1.3480,60.0000,1.3250,1.3220,60.0000,1.3250,1.3190,58.0000
1786021655.5447,1.3250,1.3090,59.0000,1.3250,1.3370,61.0000,1.3250,1.3190,60.0000,1.3250,1.3280,58.0000
1786021655.5947,1.3250,1.2840,60.0000,1.3250,1.3020,63.0000,1.3250,1.3240,60.0000,1.3250,1.3230,58.0000
1786021655.6447,1.3250,1.2830,61.0000,1.3250,1.2810,64.0000,1.3250,1.3140,61.0000,1.3250,1.3190,58.0000
1786021655.6947,1.3250,1.3160,59.0000,1.3250,1.3170,62.0000,1.3250,1.3310,60.0000,1.3250,1.3200,58.0000
1786021655.7447,1.3250,1.3330,59.0000,1.3250,1.3420,61.0000,1.3250,1.3160,61.0000,1.3250,1.3240,58.0000
1786021655.7947,1.3250,1.3370,58.0000,1.3250,1.3540,60.0000,1.3250,1.3380,59.0000,1.3250,1.3460,57.0000
1786021655.8447,1.3250,1.3350,58.0000,1.3250,1.3430,61.0000,1.3250,1.3170,61.0000,1.3250,1.3360,57.0000
1786021655.8947,1.3250,1.3250,59.0000,1.3250,1.3480,60.0000,1.3250,1.3420,59.0000,1.3250,1.3470,57.0000
1786021655.9447,1.3250,1.3250,59.0000,1.3250,1.3220,61.0000,1.3250,1.3140,61.0000,1.3250,1.3230,58.0000
1786021655.9954,1.3250,1.2830,61.0000,1.3250,1.3000,63.0000,1.3250,1.3360,59.0000,1.3250,1.3180,58.0000
1786021656.0447,1.3250,1.3200,59.0000,1.3250,1.3000,63.0000,1.3250,1.3160,61.0000,1.3250,1.3160,58.0000
1786021656.0947,1.3250,1.3330,59.0000,1.3250,1.3470,60.0000,1.3250,1.3410,59.0000,1.3250,1.3260,58.0000
1786021656.1447,1.3250,1.3410,58.0000,1.3250,1.3310,61.0000,1.3250,1.3330,60.0000,1.3250,1.3250,58.0000
1786021656.1947,1.3250,1.3420,58.0000,1.3250,1.3410,60.0000,1.3250,1.3440,59.0000,1.3250,1.3520,56.0000
1786021656.2447,1.3250,1.3440,58.0000,1.3250,1.3240,61.0000,1.3250,1.3200,60.0000,1.3250,1.3320,57.0000
1786021656.2947,1.3250,1.3310,59.0000,1.3250,1.3320,61.0000,1.3250,1.3390,59.0000,1.3250,1.3340,57.0000
1786021656.3447,1.3250,1.3200,59.0000,1.3250,1.3110,62.0000,1.3250,1.3100,61.0000,1.3250,1.3110,58.0000
1786021656.3948,1.3250,1.2900,61.0000,1.3250,1.3200,61.0000,1.3250,1.3390,59.0000,1.3250,1.3250,58.0000
1786021656.4447,1.3250,1.2950,61.0000,1.3250,1.3140,62.0000,1.3250,1.3060,61.0000,1.3250,1.3130,58.0000
1786021656.4947,1.3250,1.3300,59.0000,1.3250,1.3030,62.0000,1.3250,1.3400,59.0000,1.3250,1.3330,57.0000
1786021656.5448,1.3250,1.3470,58.0000,1.3250,1.3340,61.0000,1.3250,1.3070,61.0000,1.3250,1.3350,57.0000
1786021656.5947,1.3250,1.3400,59.0000,1.3250,1.3410,60.0000,1.3250,1.3400,59.0000,1.3250,1.3370,57.0000
1786021656.6447,0.9650,1.2600,32.0000,0.9650,1.2440,34.0000,0.9650,1.2570,32.0000,0.9650,1.2490,30.0000
1786021656.8447,0.3650,0.6910,8.0000,0.3650,0.6900,9.0000,0.3650,0.7590,3.0000,0.3650,0.7110,4.0000
1786021656.8460,0.0000,0.1220,0.0000,0.0000,0.0970,0.0000,0.0000,0.1400,0.0000,0.0000,0.3420,0.0000
1786021656.8464,0.0000,0.1370,0.0000,0.0000,0.0100,0.0000,0.0000,0.1750,0.0000,0.0000,0.2820,0.0000
1786021656.8467,0.0000,0.0640,0.0000,0.0000,0.0470,0.0000,0.0000,0.2400,0.0000,0.0000,0.1840,0.0000
1786021656.8946,0.0000,-0.0010,0.0000,0.0000,0.0050,0.0000,0.0000,0.0090,0.0000,0.0000,0.0360,0.0000
1786021656.9445,0.0000,-0.0000,0.0000,0.0000,0.0000,0.0000,0.0000,0.0000,0.0000,0.0000,0.0030,0.0000
1786021656.9945,0.0000,-0.0000,0.0000,0.0000,0.0000,0.0000,0.0000,0.0000,0.0000,0.0000,0.0000,0.0000
1786021657.0445,0.0000,-0.0000,0.0000,0.0000,0.0000,0.0000,0.0000,0.0000,0.0000,0.0000,0.0000,0.0000
1786021657.0946,0.0000,-0.0000,0.0000,0.0000,0.0000,0.0000,0.0000,0.0000,0.0000,0.0000,0.0000,0.0000
1786021657.1446,0.0000,-0.0000,0.0000,0.0000,0.0000,0.0000,0.0000,0.0000,0.0000,0.0000,0.0290,0.0000
1786021657.1946,0.0000,-0.0000,0.0000,0.0000,0.0000,0.0000,0.0000,0.0000,0.0000,0.0000,0.0060,0.0000
1786021657.2457,-0.2400,-0.0190,-28.0000,-0.2400,-0.0180,-28.0000,-0.2400,-0.0130,-28.0000,-0.2400,-0.0030,-29.0000
1786021657.2951,-0.8400,-0.4820,-57.0000,-0.8400,-0.5190,-55.0000,-0.8400,-0.4790,-58.0000,-0.8400,-0.4650,-58.0000
1786021657.3457,-1.3250,-1.0420,-74.0000,-1.3250,-1.0350,-76.0000,-1.3250,-1.0100,-78.0000,-1.3250,-1.0900,-73.0000
1786021657.3950,-1.3250,-1.3520,-63.0000,-1.3250,-1.3520,-64.0000,-1.3250,-1.3180,-67.0000,-1.3250,-1.3910,-62.0000
1786021657.4449,-1.3250,-1.3990,-63.0000,-1.3250,-1.4060,-63.0000,-1.3250,-1.3890,-65.0000,-1.3250,-1.4290,-61.0000
1786021657.4949,-1.3250,-1.4170,-61.0000,-1.3250,-1.4180,-62.0000,-1.3250,-1.4190,-63.0000,-1.3250,-1.4330,-60.0000
1786021657.5448,-1.3250,-1.3960,-62.0000,-1.3250,-1.4220,-61.0000,-1.3250,-1.3930,-64.0000,-1.3250,-1.4110,-61.0000
1786021657.5950,-1.3250,-1.3890,-61.0000,-1.3250,-1.3920,-62.0000,-1.3250,-1.4010,-63.0000,-1.3250,-1.4140,-59.0000
1786021657.6450,-1.3250,-1.3720,-61.0000,-1.3250,-1.3700,-62.0000,-1.3250,-1.3670,-64.0000,-1.3250,-1.3740,-60.0000
1786021657.6949,-1.3250,-1.3690,-61.0000,-1.3250,-1.3630,-62.0000,-1.3250,-1.3800,-62.0000,-1.3250,-1.3920,-59.0000
1786021657.7449,-1.3250,-1.3600,-61.0000,-1.3250,-1.3570,-62.0000,-1.3250,-1.3460,-64.0000,-1.3250,-1.3620,-60.0000
1786021657.7949,-1.3250,-1.3580,-60.0000,-1.3250,-1.3550,-61.0000,-1.3250,-1.3700,-62.0000,-1.3250,-1.3340,-61.0000
1786021657.8449,-1.3250,-1.3570,-60.0000,-1.3250,-1.3460,-61.0000,-1.3250,-1.3420,-63.0000,-1.3250,-1.3320,-61.0000
1786021657.8950,-1.3250,-1.3420,-61.0000,-1.3250,-1.3460,-61.0000,-1.3250,-1.3490,-62.0000,-1.3250,-1.3570,-59.0000
1786021657.9449,-1.3250,-1.3380,-60.0000,-1.3250,-1.3410,-61.0000,-1.3250,-1.3370,-63.0000,-1.3250,-1.3380,-60.0000
1786021657.9950,-1.3250,-1.3220,-61.0000,-1.3250,-1.3230,-62.0000,-1.3250,-1.3270,-63.0000,-1.3250,-1.3630,-58.0000
1786021658.0449,-1.3250,-1.3370,-60.0000,-1.3250,-1.3480,-60.0000,-1.3250,-1.3280,-63.0000,-1.3250,-1.3420,-59.0000
1786021658.0950,-1.3250,-1.3450,-60.0000,-1.3250,-1.3440,-60.0000,-1.3250,-1.3580,-61.0000,-1.3250,-1.3730,-57.0000
1786021658.1450,-1.3250,-1.3460,-59.0000,-1.3250,-1.3390,-61.0000,-1.3250,-1.3340,-62.0000,-1.3250,-1.3380,-59.0000
1786021658.1950,-1.3250,-1.3380,-60.0000,-1.3250,-1.3380,-60.0000,-1.3250,-1.3540,-61.0000,-1.3250,-1.3540,-57.0000
1786021658.2450,-1.3250,-1.3350,-59.0000,-1.3250,-1.3220,-61.0000,-1.3250,-1.3300,-62.0000,-1.3250,-1.3230,-59.0000
1786021658.2949,-1.3250,-1.3070,-61.0000,-1.3250,-1.3070,-62.0000,-1.3250,-1.3500,-61.0000,-1.3250,-1.3250,-59.0000
1786021658.3450,-1.3250,-1.3260,-60.0000,-1.3250,-1.3120,-62.0000,-1.3250,-1.3010,-64.0000,-1.3250,-1.3120,-59.0000
1786021658.3950,-1.3250,-1.3240,-60.0000,-1.3250,-1.3380,-60.0000,-1.3250,-1.3480,-61.0000,-1.3250,-1.3420,-58.0000
1786021658.4449,-1.3250,-1.3390,-59.0000,-1.3250,-1.3380,-60.0000,-1.3250,-1.3300,-62.0000,-1.3250,-1.3340,-58.0000
1786021658.4950,-1.3250,-1.3360,-59.0000,-1.3250,-1.3420,-60.0000,-1.3250,-1.3490,-61.0000,-1.3250,-1.3510,-57.0000
1786021658.5450,-1.3250,-1.3500,-58.0000,-1.3250,-1.3380,-60.0000,-1.3250,-1.3280,-62.0000,-1.3250,-1.3310,-58.0000
1786021658.5949,-1.3250,-1.3350,-59.0000,-1.3250,-1.3340,-60.0000,-1.3250,-1.3510,-60.0000,-1.3250,-1.3390,-57.0000
1786021658.6450,-1.3250,-1.3370,-59.0000,-1.3250,-1.3300,-60.0000,-1.3250,-1.3190,-62.0000,-1.3250,-1.3200,-58.0000
1786021658.6950,-1.3250,-1.3300,-59.0000,-1.3250,-1.3050,-62.0000,-1.3250,-1.3350,-61.0000,-1.3250,-1.3220,-58.0000
1786021658.7457,-1.3250,-1.3260,-59.0000,-1.3250,-1.3080,-62.0000,-1.3250,-1.3190,-62.0000,-1.3250,-1.3070,-59.0000
1786021658.7949,-1.3250,-1.3200,-59.0000,-1.3250,-1.3190,-61.0000,-1.3250,-1.3280,-61.0000,-1.3250,-1.3040,-60.0000
1786021658.8449,-1.3250,-1.3190,-59.0000,-1.3250,-1.3300,-61.0000,-1.3250,-1.3140,-62.0000,-1.3250,-1.3250,-59.0000
1786021658.8950,-1.3250,-1.3140,-60.0000,-1.3250,-1.3250,-61.0000,-1.3250,-1.3330,-61.0000,-1.3250,-1.3180,-59.0000
1786021658.9449,-1.3250,-1.3150,-60.0000,-1.3250,-1.3070,-62.0000,-1.3250,-1.3240,-62.0000,-1.3250,-1.3240,-59.0000
1786021658.9949,-1.3250,-1.3310,-59.0000,-1.3250,-1.3380,-60.0000,-1.3250,-1.3320,-61.0000,-1.3250,-1.3180,-59.0000
1786021659.0450,-1.3250,-1.3190,-60.0000,-1.3250,-1.3270,-61.0000,-1.3250,-1.3270,-61.0000,-1.3250,-1.3350,-58.0000
1786021659.0950,-1.3250,-1.3450,-58.0000,-1.3250,-1.3210,-61.0000,-1.3250,-1.3300,-61.0000,-1.3250,-1.3420,-58.0000
1786021659.1450,-1.3250,-1.3520,-58.0000,-1.3250,-1.3400,-60.0000,-1.3250,-1.3210,-62.0000,-1.3250,-1.3370,-58.0000
1786021659.1950,-1.3250,-1.3380,-58.0000,-1.3250,-1.3250,-61.0000,-1.3250,-1.3300,-61.0000,-1.3250,-1.3350,-58.0000
1786021659.2449,-1.3250,-1.3250,-59.0000,-1.3250,-1.3320,-61.0000,-1.3250,-1.3220,-61.0000,-1.3250,-1.3320,-58.0000
1786021659.2950,-1.3250,-1.3240,-59.0000,-1.3250,-1.3160,-61.0000,-1.3250,-1.2970,-63.0000,-1.3250,-1.3240,-58.0000
1786021659.3449,-1.3250,-1.3280,-59.0000,-1.3250,-1.3250,-61.0000,-1.3250,-1.3190,-62.0000,-1.3250,-1.3310,-58.0000
1786021659.3950,-1.3250,-1.3280,-59.0000,-1.3250,-1.3260,-61.0000,-1.3250,-1.3190,-62.0000,-1.3250,-1.3120,-59.0000
1786021659.4458,-1.3250,-1.3290,-59.0000,-1.3250,-1.3260,-61.0000,-1.3250,-1.3190,-62.0000,-1.3250,-1.3250,-58.0000
1786021659.4949,-1.3250,-1.3200,-59.0000,-1.3250,-1.3050,-62.0000,-1.3250,-1.3230,-62.0000,-1.3250,-1.3000,-59.0000
1786021659.5450,-1.3250,-1.2960,-61.0000,-1.3250,-1.2820,-64.0000,-1.3250,-1.3190,-62.0000,-1.3250,-1.2960,-60.0000
1786021659.5949,-1.0850,-1.3140,-39.0000,-1.0850,-1.3000,-42.0000,-1.0850,-1.2940,-43.0000,-1.0850,-1.3170,-38.0000
1786021659.6450,-0.4850,-0.8190,-12.0000,-0.4850,-0.8090,-14.0000,-0.4850,-0.9150,-8.0000,-0.4850,-0.8210,-11.0000
1786021659.6947,0.0000,-0.1910,0.0000,0.0000,-0.1910,0.0000,0.0000,-0.2570,0.0000,0.0000,-0.1760,0.0000
1786021659.7447,0.0000,-0.2730,0.0000,0.0000,-0.1060,0.0000,0.0000,-0.0250,0.0000,0.0000,-0.1710,0.0000
1786021659.7947,0.0000,-0.1980,0.0000,0.0000,-0.2590,0.0000,0.0000,-0.0600,0.0000,0.0000,-0.0510,0.0000
1786021659.8447,0.0000,-0.0280,0.0000,0.0000,-0.0520,0.0000,0.0000,-0.0020,0.0000,0.0000,0.0010,0.0000
1786021659.9941,0.0000,0.0030,0.0000,0.0000,0.0020,0.0000,0.0000,0.0030,0.0000,0.0000,0.0100,0.0000
1786021659.9948,0.0000,0.0080,0.0000,0.0000,0.0000,0.0000,0.0000,0.0000,0.0000,0.0000,0.0030,0.0000
1786021659.9955,-0.2400,-0.0110,-28.0000,-0.2400,-0.0110,-28.0000,-0.2400,-0.0080,-28.0000,-0.2400,-0.0080,-28.0000
1786021660.0449,-0.8400,-0.6170,-49.0000,-0.8400,-0.5980,-51.0000,-0.8400,-0.5580,-53.0000,-0.8400,-0.5930,-51.0000
1786021660.0950,-1.3250,-1.1760,-66.0000,-1.3250,-1.1890,-66.0000,-1.3250,-1.1480,-69.0000,-1.3250,-1.1840,-66.0000
1786021660.1450,-1.3250,-1.1050,-76.0000,-1.3250,-1.2340,-70.0000,-1.3250,-1.3610,-63.0000,-1.3250,-1.1240,-76.0000
1786021660.1950,-1.3250,-1.3180,-67.0000,-1.3250,-1.3370,-65.0000,-1.3250,-1.3520,-65.0000,-1.3250,-1.3830,-63.0000
1786021660.2450,-1.3250,-1.4010,-63.0000,-1.3250,-1.3860,-63.0000,-1.3250,-1.3750,-63.0000,-1.3250,-1.4250,-61.0000
1786021660.2950,-1.3250,-1.4280,-62.0000,-1.3250,-1.4010,-62.0000,-1.3250,-1.3870,-62.0000,-1.3250,-1.4210,-60.0000
1786021660.3451,-1.3250,-1.4100,-62.0000,-1.3250,-1.3960,-62.0000,-1.3250,-1.3620,-63.0000,-1.3250,-1.4200,-59.0000
1786021660.3950,-1.3250,-1.4030,-61.0000,-1.3250,-1.3850,-61.0000,-1.3250,-1.3730,-62.0000,-1.3250,-1.4040,-59.0000
1786021660.4450,-1.3250,-1.3800,-61.0000,-1.3250,-1.3720,-61.0000,-1.3250,-1.3550,-62.0000,-1.3250,-1.3900,-59.0000
1786021660.4950,-1.3250,-1.3750,-61.0000,-1.3250,-1.3620,-61.0000,-1.3250,-1.3620,-61.0000,-1.3250,-1.3800,-58.0000
1786021660.5450,-1.3250,-1.3670,-61.0000,-1.3250,-1.3640,-61.0000,-1.3250,-1.3420,-62.0000,-1.3250,-1.3450,-60.0000
1786021660.5950,-1.3250,-1.3150,-63.0000,-1.3250,-1.3580,-60.0000,-1.3250,-1.3450,-62.0000,-1.3250,-1.3660,-58.0000
1786021660.6451,-1.3250,-1.3520,-61.0000,-1.3250,-1.3510,-60.0000,-1.3250,-1.3340,-62.0000,-1.3250,-1.3420,-59.0000
1786021660.6950,-1.3250,-1.3380,-61.0000,-1.3250,-1.3480,-60.0000,-1.3250,-1.3460,-61.0000,-1.3250,-1.3600,-57.0000
1786021660.7450,-1.3250,-1.3440,-61.0000,-1.3250,-1.3440,-60.0000,-1.3250,-1.3310,-62.0000,-1.3250,-1.3330,-59.0000
1786021660.7950,-1.3250,-1.3500,-60.0000,-1.3250,-1.3360,-60.0000,-1.3250,-1.3360,-61.0000,-1.3250,-1.3560,-57.0000
1786021660.8450,-1.3250,-1.3380,-61.0000,-1.3250,-1.3460,-60.0000,-1.3250,-1.3290,-62.0000,-1.3250,-1.3330,-58.0000
1786021660.8950,-1.3250,-1.3530,-60.0000,-1.3250,-1.3350,-60.0000,-1.3250,-1.3350,-61.0000,-1.3250,-1.3530,-57.0000
1786021660.9451,-1.3250,-1.3440,-60.0000,-1.3250,-1.3410,-60.0000,-1.3250,-1.3300,-61.0000,-1.3250,-1.3310,-58.0000
1786021660.9951,-1.3250,-1.3530,-59.0000,-1.3250,-1.3400,-59.0000,-1.3250,-1.3350,-61.0000,-1.3250,-1.3410,-57.0000
1786021661.0451,-1.3250,-1.3500,-59.0000,-1.3250,-1.3320,-60.0000,-1.3250,-1.3290,-61.0000,-1.3250,-1.3290,-58.0000
1786021661.0951,-1.3250,-1.3350,-59.0000,-1.3250,-1.3320,-60.0000,-1.3250,-1.3330,-61.0000,-1.3250,-1.3290,-58.0000
1786021661.1451,-1.3250,-1.3240,-60.0000,-1.3250,-1.3270,-60.0000,-1.3250,-1.3260,-61.0000,-1.3250,-1.3260,-58.0000
1786021661.1951,-1.3250,-1.2960,-61.0000,-1.3250,-1.3290,-60.0000,-1.3250,-1.3290,-61.0000,-1.3250,-1.3280,-58.0000
1786021661.2451,-1.3250,-1.3270,-60.0000,-1.3250,-1.3250,-60.0000,-1.3250,-1.3240,-61.0000,-1.3250,-1.3250,-58.0000
1786021661.2952,-1.3250,-1.3140,-61.0000,-1.3250,-1.3290,-59.0000,-1.3250,-1.3060,-62.0000,-1.3250,-1.3220,-58.0000
1786021661.3450,-1.3250,-1.3180,-60.0000,-1.3250,-1.3300,-59.0000,-1.3250,-1.3300,-61.0000,-1.3250,-1.3230,-58.0000
1786021661.3959,-1.3250,-1.3360,-59.0000,-1.3250,-1.3280,-59.0000,-1.3250,-1.3070,-62.0000,-1.3250,-1.3250,-58.0000
1786021661.4451,-1.3250,-1.2980,-62.0000,-1.3250,-1.3260,-60.0000,-1.3250,-1.3300,-61.0000,-1.3250,-1.3220,-58.0000
1786021661.4951,-1.3250,-1.2980,-62.0000,-1.3250,-1.3140,-60.0000,-1.3250,-1.3190,-62.0000,-1.3250,-1.3050,-59.0000
1786021661.5451,-1.3250,-1.3190,-61.0000,-1.3250,-1.3320,-59.0000,-1.3250,-1.3200,-62.0000,-1.3250,-1.3260,-58.0000
1786021661.5950,-0.8450,-1.1890,-26.0000,-0.8450,-1.1620,-26.0000,-0.8450,-1.2150,-25.0000,-0.8450,-1.1640,-25.0000
1786021661.6449,-0.2450,-0.5810,-4.0000,-0.2450,-0.5590,-3.0000,-0.2450,-0.6700,2.0000,-0.2450,-0.5610,-1.0000
1786021661.6947,0.0000,-0.0740,0.0000,0.0000,-0.0530,0.0000,0.0000,-0.0720,0.0000,0.0000,-0.0670,0.0000
1786021661.7448,0.0000,-0.2030,0.0000,0.0000,-0.0050,0.0000,0.0000,-0.0050,0.0000,0.0000,-0.1810,0.0000
1786021661.7951,-0.1200,-0.0810,-10.0000,-0.1200,-0.0750,-10.0000,-0.1200,-0.0000,-14.0000,-0.1200,-0.0090,-14.0000
1786021661.8450,-0.7200,-0.4820,-45.0000,-0.7200,-0.5110,-44.0000,-0.7200,-0.4180,-49.0000,-0.7200,-0.4830,-45.0000
1786021661.8950,-1.3200,-1.0460,-71.0000,-1.3200,-1.0550,-71.0000,-1.3200,-1.0400,-73.0000,-1.3200,-1.0410,-72.0000
1786021661.9450,-1.3250,-0.9980,-81.0000,-1.3250,-1.2160,-69.0000,-1.3250,-1.3570,-62.0000,-1.3250,-1.0490,-79.0000
1786021661.9950,-1.3250,-1.2120,-73.0000,-1.3250,-1.2520,-69.0000,-1.3250,-1.3140,-67.0000,-1.3250,-1.4080,-62.0000
1786021662.0450,-1.3250,-1.4370,-62.0000,-1.3250,-1.4050,-62.0000,-1.3250,-1.3920,-63.0000,-1.3250,-1.4340,-61.0000
1786021662.0951,-1.3250,-1.4300,-62.0000,-1.3250,-1.3980,-62.0000,-1.3250,-1.3740,-63.0000,-1.3250,-1.4130,-61.0000
1786021662.1451,-1.3250,-1.4320,-61.0000,-1.3250,-1.4210,-60.0000,-1.3250,-1.3960,-62.0000,-1.3250,-1.4260,-59.0000
1786021662.1950,-0.9650,-1.3590,-33.0000,-0.9650,-1.3260,-33.0000,-0.9650,-1.3180,-34.0000,-0.9650,-1.3140,-33.0000
1786021662.2450,-0.3650,-0.7480,-10.0000,-0.3650,-0.7450,-8.0000,-0.3650,-0.8350,-3.0000,-0.3650,-0.7420,-8.0000
1786021662.2947,0.0000,-0.1580,0.0000,0.0000,-0.1090,0.0000,0.0000,-0.1830,0.0000,0.0000,-0.1320,0.0000
1786021662.3453,0.0000,-0.3020,0.0000,0.0000,-0.0270,0.0000,0.0000,-0.0060,0.0000,0.0000,-0.2180,0.0000
1786021662.3956,-0.6000,-0.3740,-40.0000,0.6000,0.2240,49.0000,0.6000,0.2780,46.0000,-0.6000,-0.3300,-43.0000
1786021662.4457,-1.2000,-0.9370,-64.0000,1.2000,0.8750,71.0000,1.2000,0.8300,73.0000,-1.2000,-0.9420,-66.0000
1786021662.4956,-1.3250,-1.1760,-68.0000,1.3250,1.1840,73.0000,1.3250,1.2140,71.0000,-1.3250,-1.0900,-75.0000
1786021662.5449,-1.3250,-1.2590,-67.0000,1.3250,1.3340,68.0000,1.3250,1.3460,67.0000,-1.3250,-1.2560,-69.0000
1786021662.5950,-1.3250,-1.3120,-66.0000,1.3250,1.3160,70.0000,1.3250,1.3780,66.0000,-1.3250,-1.3180,-68.0000
1786021662.6449,-1.3250,-1.3540,-64.0000,1.3250,1.3750,67.0000,1.3250,1.3250,69.0000,-1.3250,-1.4160,-63.0000
1786021662.6949,-1.3250,-1.3150,-66.0000,1.3250,1.3900,66.0000,1.3250,1.3970,64.0000,-1.3250,-1.3650,-65.0000
1786021662.7449,-1.3250,-1.2830,-68.0000,1.3250,1.3880,66.0000,1.3250,1.3580,66.0000,-1.3250,-1.3090,-68.0000
1786021662.7949,-1.3250,-1.3390,-65.0000,1.3250,1.3230,69.0000,1.3250,1.3290,67.0000,-1.3250,-1.3070,-68.0000
1786021662.8451,-1.3250,-1.3490,-64.0000,1.3250,1.3360,68.0000,1.3250,1.3130,68.0000,-1.3250,-1.3810,-64.0000
1786021662.8950,-1.3250,-1.3340,-65.0000,1.3250,1.3190,68.0000,1.3250,1.3010,69.0000,-1.3250,-1.4110,-61.0000
1786021662.9449,-1.3250,-1.3500,-64.0000,1.3250,1.3270,68.0000,1.3250,1.2980,69.0000,-1.3250,-1.3170,-66.0000
1786021662.9950,-1.3250,-1.3160,-66.0000,1.3250,1.3290,68.0000,1.3250,1.3310,67.0000,-1.3250,-1.3160,-66.0000
1786021663.0457,-1.3250,-1.2900,-68.0000,1.3250,1.3960,64.0000,1.3250,1.3770,65.0000,-1.3250,-1.3220,-66.0000
1786021663.0950,-1.3250,-1.3390,-65.0000,1.3250,1.3400,66.0000,1.3250,1.3130,68.0000,-1.3250,-1.3390,-65.0000
1786021663.1449,-1.3250,-1.3100,-67.0000,1.3250,1.3070,68.0000,1.3250,1.3070,68.0000,-1.3250,-1.3330,-65.0000
1786021663.1950,-1.3250,-1.3250,-66.0000,1.3250,1.2900,69.0000,1.3250,1.2910,70.0000,-1.3250,-1.2970,-67.0000
1786021663.2449,-1.3250,-1.3420,-65.0000,1.3250,1.3500,66.0000,1.3250,1.3180,68.0000,-1.3250,-1.3280,-65.0000
1786021663.2950,-1.3250,-1.3440,-65.0000,1.3250,1.3330,66.0000,1.3250,1.3730,65.0000,-1.3250,-1.3090,-66.0000
1786021663.3450,-1.3250,-1.2930,-67.0000,1.3250,1.3860,63.0000,1.3250,1.3860,64.0000,-1.3250,-1.3340,-65.0000
1786021663.3950,-1.3250,-1.3200,-66.0000,1.3250,1.3560,64.0000,1.3250,1.3340,67.0000,-1.3250,-1.3540,-64.0000
1786021663.4450,-1.3250,-1.3380,-65.0000,1.3250,1.2920,68.0000,1.3250,1.3030,68.0000,-1.3250,-1.3420,-64.0000
1786021663.4950,-1.3250,-1.3210,-66.0000,1.3250,1.2870,68.0000,1.3250,1.3000,68.0000,-1.3250,-1.3200,-65.0000
1786021663.5449,-1.3250,-1.3290,-66.0000,1.3250,1.3290,66.0000,1.3250,1.3230,67.0000,-1.3250,-1.3200,-65.0000
1786021663.5950,-1.3250,-1.3670,-64.0000,1.3250,1.3200,67.0000,1.3250,1.3030,69.0000,-1.3250,-1.3380,-64.0000
1786021663.6450,-1.3250,-1.3700,-63.0000,1.3250,1.3680,64.0000,1.3250,1.3730,65.0000,-1.3250,-1.3470,-63.0000
1786021663.6950,-1.3250,-1.3260,-65.0000,1.3250,1.2950,68.0000,1.3250,1.3540,66.0000,-1.3250,-1.3320,-64.0000
1786021663.7450,-1.9250,-1.6280,-101.0000,1.9250,1.6600,100.0000,0.7250,0.9380,36.0000,-0.7250,-0.9210,-34.0000
1786021663.7949,-2.5250,-2.2660,-122.0000,2.5250,2.2400,126.0000,0.1250,0.3660,6.0000,-0.1250,-0.3470,-5.0000
1786021663.8451,-1.9250,-2.2720,-75.0000,1.9250,2.2010,81.0000,0.7250,0.3860,57.0000,-0.7250,-0.3380,-57.0000
1786021663.8950,-1.3250,-1.7310,-50.0000,1.3250,1.6770,54.0000,1.3250,1.0200,77.0000,-1.3250,-1.1250,-69.0000
1786021663.9450,-1.3250,-1.3920,-62.0000,1.3250,1.3600,66.0000,1.3250,1.3800,63.0000,-1.3250,-1.3740,-61.0000
1786021663.9950,-1.3250,-1.3520,-61.0000,1.3250,1.2630,69.0000,1.3250,1.2720,71.0000,-1.3250,-1.2210,-71.0000
1786021664.0450,-1.3250,-1.2860,-64.0000,1.3250,1.3280,65.0000,1.3250,1.3860,65.0000,-1.3250,-1.3260,-66.0000
1786021664.0950,-1.3250,-1.3050,-63.0000,1.3250,1.2900,68.0000,1.3250,1.3640,66.0000,-1.3250,-1.3080,-68.0000
1786021664.1450,-1.3250,-1.2830,-65.0000,1.3250,1.3170,66.0000,1.3250,1.3780,65.0000,-1.3250,-1.3690,-64.0000
1786021664.1950,-1.3250,-1.2570,-67.0000,1.3250,1.3380,65.0000,1.3250,1.3390,67.0000,-1.3250,-1.3540,-65.0000
1786021664.2450,-1.3250,-1.2780,-66.0000,1.3250,1.3600,64.0000,1.3250,1.3480,66.0000,-1.3250,-1.3230,-67.0000
1786021664.2950,-1.3250,-1.2700,-67.0000,1.3250,1.2790,69.0000,1.3250,1.3400,66.0000,-1.3250,-1.2520,-71.0000
1786021664.3449,-1.3250,-1.3290,-64.0000,1.3250,1.3070,67.0000,1.3250,1.3390,66.0000,-1.3250,-1.2910,-69.0000
1786021664.3950,-1.3250,-1.3280,-65.0000,1.3250,1.3210,67.0000,1.3250,1.3170,68.0000,-1.3250,-1.3050,-68.0000
1786021664.4449,-1.3250,-1.3490,-63.0000,1.3250,1.3330,66.0000,1.3250,1.3290,67.0000,-1.3250,-1.3560,-65.0000
1786021664.4950,-1.3250,-1.3170,-65.0000,1.3250,1.3420,65.0000,1.3250,1.3180,67.0000,-1.3250,-1.3790,-64.0000
1786021664.5450,-1.3250,-1.3280,-64.0000,1.3250,1.3390,66.0000,1.3250,1.3540,65.0000,-1.3250,-1.3920,-63.0000
1786021664.5950,-1.3250,-1.3080,-65.0000,1.3250,1.3670,64.0000,1.3250,1.3390,66.0000,-1.3250,-1.2640,-69.0000
1786021664.6450,-1.3250,-1.3460,-63.0000,1.3250,1.3010,67.0000,1.3250,1.3820,63.0000,-1.3250,-1.2650,-69.0000
1786021664.6950,-1.3250,-1.3590,-62.0000,1.3250,1.3270,66.0000,1.3250,1.3190,67.0000,-1.3250,-1.2980,-68.0000
1786021664.7450,-1.6850,-1.4300,-89.0000,1.6850,1.4290,92.0000,0.9650,1.2520,39.0000,-0.9650,-1.3100,-36.0000
1786021664.7949,-1.8050,-1.9440,-75.0000,1.8050,1.9970,74.0000,0.8450,0.6620,57.0000,-0.8450,-0.7430,-53.0000
1786021664.8449,-1.3250,-1.5620,-55.0000,1.3250,1.4660,63.0000,1.3250,1.1540,71.0000,-1.3250,-1.1770,-69.0000
1786021664.8950,-1.3250,-1.3130,-66.0000,1.3250,1.2530,71.0000,1.3250,1.3130,65.0000,-1.3250,-1.3300,-64.0000
1786021664.9450,-1.3250,-1.3210,-64.0000,1.3250,1.3370,66.0000,1.3250,1.2900,68.0000,-1.3250,-1.2990,-66.0000
1786021664.9950,-1.3250,-1.3140,-64.0000,1.3250,1.3350,66.0000,1.3250,1.3250,67.0000,-1.3250,-1.3250,-65.0000
1786021665.0449,-1.3250,-1.3010,-65.0000,1.3250,1.3440,65.0000,1.3250,1.3560,65.0000,-1.3250,-1.2940,-67.0000
1786021665.0950,-1.3250,-1.2470,-68.0000,1.3250,1.3310,65.0000,1.3250,1.3510,65.0000,-1.3250,-1.3280,-66.0000
1786021665.1451,-1.3250,-1.2860,-67.0000,1.3250,1.3970,61.0000,1.3250,1.2900,68.0000,-1.3250,-1.3970,-61.0000
1786021665.1950,-1.3250,-1.3150,-65.0000,1.3250,1.2900,67.0000,1.3250,1.3570,65.0000,-1.3250,-1.4160,-60.0000
1786021665.2450,-1.3250,-1.3870,-61.0000,1.3250,1.2310,71.0000,1.3250,1.3330,66.0000,-1.3250,-1.2710,-68.0000
1786021665.2950,-1.3250,-1.3240,-65.0000,1.3250,1.2380,71.0000,1.3250,1.2710,69.0000,-1.3250,-1.2940,-66.0000
1786021665.3450,-1.3250,-1.3580,-63.0000,1.3250,1.3580,65.0000,1.3250,1.3010,68.0000,-1.3250,-1.3180,-65.0000
1786021665.3951,-1.3250,-1.3640,-62.0000,1.3250,1.3240,67.0000,1.3250,1.3570,65.0000,-1.3250,-1.3310,-65.0000
1786021665.4449,-1.3250,-1.3110,-65.0000,1.3250,1.3770,64.0000,1.3250,1.3170,67.0000,-1.3250,-1.3300,-65.0000
1786021665.4950,-1.3250,-1.3250,-64.0000,1.3250,1.3570,65.0000,1.3250,1.3640,65.0000,-1.3250,-1.4120,-60.0000
1786021665.5449,-1.3250,-1.3230,-64.0000,1.3250,1.2750,69.0000,1.3250,1.2860,69.0000,-1.3250,-1.3060,-65.0000
1786021665.5952,-1.3250,-1.3120,-65.0000,1.3250,1.2780,69.0000,1.3250,1.2950,69.0000,-1.3250,-1.2610,-68.0000
1786021665.6451,-1.3250,-1.3300,-64.0000,1.3250,1.3320,67.0000,1.3250,1.3370,67.0000,-1.3250,-1.3190,-65.0000
1786021665.6951,-1.3250,-1.3320,-64.0000,1.3250,1.3340,67.0000,1.3250,1.3750,64.0000,-1.3250,-1.3090,-66.0000
1786021665.7451,-1.3250,-1.3230,-64.0000,1.3250,1.3590,65.0000,1.3250,1.3030,68.0000,-1.3250,-1.3210,-65.0000
1786021665.7951,-1.3250,-1.3180,-64.0000,1.3250,1.3780,64.0000,1.3250,1.3460,66.0000,-1.3250,-1.3830,-61.0000
1786021665.8450,-1.3250,-1.2890,-66.0000,1.3250,1.3210,67.0000,1.3250,1.3110,68.0000,-1.3250,-1.3670,-62.0000
1786021665.8951,-1.3250,-1.2850,-67.0000,1.3250,1.2470,71.0000,1.3250,1.2860,69.0000,-1.3250,-1.2460,-69.0000
1786021665.9457,-1.3250,-1.3320,-64.0000,1.3250,1.3340,66.0000,1.3250,1.3120,68.0000,-1.3250,-1.3080,-65.0000
1786021665.9950,-1.3250,-1.3590,-63.0000,1.3250,1.3350,67.0000,1.3250,1.3840,64.0000,-1.3250,-1.3380,-64.0000
1786021666.0450,-1.3250,-1.3100,-66.0000,1.3250,1.3700,65.0000,1.3250,1.3400,66.0000,-1.3250,-1.3130,-65.0000
1786021666.0951,-1.3250,-1.3210,-65.0000,1.3250,1.3730,64.0000,1.3250,1.3170,67.0000,-1.3250,-1.3460,-63.0000
1786021666.1450,-1.3250,-1.2850,-67.0000,1.3250,1.2950,68.0000,1.3250,1.3140,68.0000,-1.3250,-1.3580,-63.0000
1786021666.1950,-1.3250,-1.2830,-67.0000,1.3250,1.2750,69.0000,1.3250,1.2850,70.0000,-1.3250,-1.3410,-63.0000
1786021666.2457,-1.3250,-1.3230,-65.0000,1.3250,1.2990,68.0000,1.3250,1.2690,71.0000,-1.3250,-1.3040,-65.0000
1786021666.2950,-1.3250,-1.3310,-65.0000,1.3250,1.3040,69.0000,1.3250,1.3650,65.0000,-1.3250,-1.3220,-64.0000
1786021666.3450,-1.3250,-1.3190,-66.0000,1.3250,1.3630,65.0000,1.3250,1.3280,68.0000,-1.3250,-1.3060,-65.0000
1786021666.3950,-1.3250,-1.3200,-66.0000,1.3250,1.3910,63.0000,1.3250,1.3550,66.0000,-1.3250,-1.3410,-63.0000
1786021666.4450,-1.3250,-1.3380,-65.0000,1.3250,1.3690,64.0000,1.3250,1.3340,67.0000,-1.3250,-1.3570,-63.0000
1786021666.4949,-1.3250,-1.2870,-68.0000,1.3250,1.2670,70.0000,1.3250,1.2900,69.0000,-1.3250,-1.3390,-63.0000
1786021666.5450,-1.3250,-1.3050,-67.0000,1.3250,1.2990,68.0000,1.3250,1.2560,71.0000,-1.3250,-1.2750,-67.0000
1786021666.5951,-1.3250,-1.3480,-65.0000,1.3250,1.3220,67.0000,1.3250,1.3760,65.0000,-1.3250,-1.3790,-61.0000
1786021666.6451,-1.3250,-1.3130,-67.0000,1.3250,1.3370,66.0000,1.3250,1.3500,66.0000,-1.3250,-1.3240,-64.0000
1786021666.6950,-1.3250,-1.3110,-67.0000,1.3250,1.3500,65.0000,1.3250,1.2690,71.0000,-1.3250,-1.3100,-65.0000
1786021666.7450,-1.3250,-1.3460,-65.0000,1.3250,1.3520,65.0000,1.3250,1.3080,69.0000,-1.3250,-1.3310,-64.0000
1786021666.7950,-1.3250,-1.3040,-67.0000,1.3250,1.2900,68.0000,1.3250,1.3120,69.0000,-1.3250,-1.3310,-64.0000
1786021666.8450,-1.3250,-1.3400,-65.0000,1.3250,1.3050,68.0000,1.3250,1.3000,70.0000,-1.3250,-1.3010,-65.0000
1786021666.8950,-1.3250,-1.3700,-64.0000,1.3250,1.3430,66.0000,1.3250,1.3700,65.0000,-1.3250,-1.3820,-61.0000
1786021666.9450,-1.3250,-1.3620,-64.0000,1.3250,1.3470,65.0000,1.3250,1.3620,66.0000,-1.3250,-1.3140,-65.0000
1786021666.9950,-1.3250,-1.2950,-67.0000,1.3250,1.3580,65.0000,1.3250,1.3040,69.0000,-1.3250,-1.3240,-64.0000
1786021667.0450,-1.3250,-1.3240,-66.0000,1.3250,1.3610,64.0000,1.3250,1.3300,67.0000,-1.3250,-1.3320,-63.0000
1786021667.0950,-1.3250,-1.3140,-66.0000,1.3250,1.2850,68.0000,1.3250,1.3100,68.0000,-1.3250,-1.3610,-62.0000
1786021667.1450,-1.3250,-1.3620,-63.0000,1.3250,1.2980,67.0000,1.3250,1.2220,74.0000,-1.3250,-1.3080,-65.0000
1786021667.1950,-1.3250,-1.3830,-62.0000,1.3250,1.2450,71.0000,1.3250,1.3350,67.0000,-1.3250,-1.3570,-62.0000
1786021667.2457,-1.3250,-1.2270,-71.0000,1.3250,1.3110,68.0000,1.3250,1.4170,63.0000,-1.3250,-1.3050,-65.0000
1786021667.2950,-1.3250,-1.3870,-62.0000,1.3250,1.4090,62.0000,1.3250,1.3490,66.0000,-1.3250,-1.3240,-63.0000
1786021667.3452,-1.3250,-1.3570,-64.0000,1.3250,1.3820,63.0000,1.3250,1.2650,71.0000,-1.3250,-1.3150,-64.0000
1786021667.3951,-1.3250,-1.2670,-69.0000,1.3250,1.3400,65.0000,1.3250,1.2910,70.0000,-1.3250,-1.3380,-63.0000
1786021667.4454,-1.3250,-1.3140,-66.0000,1.3250,1.2570,70.0000,1.3250,1.3130,69.0000,-1.3250,-1.3710,-61.0000
1786021667.4950,-1.3250,-1.3090,-67.0000,1.3250,1.2870,68.0000,1.3250,1.3340,68.0000,-1.3250,-1.3300,-63.0000
1786021667.5464,-1.3250,-1.3360,-65.0000,1.3250,1.2890,68.0000,1.3250,1.3670,66.0000,-1.3250,-1.3210,-63.0000
1786021667.5951,-1.3250,-1.3060,-67.0000,1.3250,1.3400,66.0000,1.3250,1.3550,66.0000,-1.3250,-1.3360,-62.0000
1786021667.6451,-1.3250,-1.3340,-66.0000,1.3250,1.3830,63.0000,1.3250,1.3520,66.0000,-1.3250,-1.3020,-64.0000
1786021667.6950,-1.3250,-1.3410,-65.0000,1.3250,1.3770,63.0000,1.3250,1.3330,67.0000,-1.3250,-1.3360,-62.0000
1786021667.7451,-1.3250,-1.2880,-68.0000,1.3250,1.2960,67.0000,1.3250,1.3160,68.0000,-1.3250,-1.3740,-60.0000
1786021667.7951,-1.3250,-1.3010,-68.0000,1.3250,1.2900,67.0000,1.3250,1.2730,70.0000,-1.3250,-1.3050,-64.0000
1786021667.8451,-1.3250,-1.3440,-65.0000,1.3250,1.2950,68.0000,1.3250,1.3310,67.0000,-1.3250,-1.3160,-63.0000
1786021667.8951,-1.3250,-1.3380,-66.0000,1.3250,1.3590,64.0000,1.3250,1.3540,66.0000,-1.3250,-1.2980,-64.0000
1786021667.9451,-1.3250,-1.3520,-65.0000,1.3250,1.3540,64.0000,1.3250,1.3180,68.0000,-1.3250,-1.3260,-63.0000
1786021667.9951,-1.3250,-1.3230,-66.0000,1.3250,1.3810,62.0000,1.3250,1.2910,70.0000,-1.3250,-1.3360,-62.0000
1786021668.0451,-1.3250,-1.3070,-67.0000,1.3250,1.2680,69.0000,1.3250,1.3350,67.0000,-1.3250,-1.3400,-62.0000
1786021668.0951,-1.3250,-1.2910,-68.0000,1.3250,1.2640,69.0000,1.3250,1.2780,71.0000,-1.3250,-1.2460,-68.0000
1786021668.1451,-1.3250,-1.3310,-66.0000,1.3250,1.3340,65.0000,1.3250,1.3560,67.0000,-1.3250,-1.3180,-64.0000
1786021668.1951,-1.3250,-1.3320,-66.0000,1.3250,1.3470,65.0000,1.3250,1.3650,66.0000,-1.3250,-1.3160,-64.0000
1786021668.2451,-1.3250,-1.3580,-64.0000,1.3250,1.3360,65.0000,1.3250,1.3640,66.0000,-1.3250,-1.3370,-63.0000
1786021668.2951,-1.3250,-1.3820,-62.0000,1.3250,1.3650,63.0000,1.3250,1.2860,70.0000,-1.3250,-1.3310,-64.0000
1786021668.3451,-1.3250,-1.3190,-66.0000,1.3250,1.2820,68.0000,1.3250,1.3540,66.0000,-1.3250,-1.3620,-62.0000
1786021668.3951,-1.3250,-1.2850,-67.0000,1.3250,1.2770,68.0000,1.3250,1.2850,70.0000,-1.3250,-1.3140,-64.0000
1786021668.4451,-1.3250,-1.3290,-65.0000,1.3250,1.2700,69.0000,1.3250,1.3200,69.0000,-1.3250,-1.3300,-63.0000
1786021668.4951,-1.3250,-1.3310,-65.0000,1.3250,1.3330,66.0000,1.3250,1.3470,67.0000,-1.3250,-1.3200,-64.0000
1786021668.5451,-1.3250,-1.3120,-66.0000,1.3250,1.3250,67.0000,1.3250,1.3730,65.0000,-1.3250,-1.3510,-62.0000
1786021668.5950,-1.3250,-1.3730,-63.0000,1.3250,1.3830,63.0000,1.3250,1.2750,71.0000,-1.3250,-1.3060,-64.0000
1786021668.6450,-1.3250,-1.3890,-61.0000,1.3250,1.3880,63.0000,1.3250,1.3430,67.0000,-1.3250,-1.3610,-61.0000
1786021668.6951,-1.3250,-1.2760,-67.0000,1.3250,1.2910,68.0000,1.3250,1.3230,68.0000,-1.3250,-1.3030,-64.0000
1786021668.7451,-1.3250,-1.2980,-66.0000,1.3250,1.2620,70.0000,1.3250,1.3250,68.0000,-1.3250,-1.3030,-64.0000
1786021668.7951,-1.3250,-1.3410,-64.0000,1.3250,1.2760,69.0000,1.3250,1.3340,67.0000,-1.3250,-1.3180,-64.0000
1786021668.8451,-1.3250,-1.3090,-66.0000,1.3250,1.3710,64.0000,1.3250,1.4100,63.0000,-1.3250,-1.3670,-61.0000
1786021668.8950,-1.3250,-1.2960,-66.0000,1.3250,1.3810,64.0000,1.3250,1.3650,65.0000,-1.3250,-1.2870,-65.0000
1786021668.9450,-1.3250,-1.3370,-64.0000,1.3250,1.3690,64.0000,1.3250,1.3230,67.0000,-1.3250,-1.3260,-63.0000
1786021668.9951,-1.3250,-1.2900,-67.0000,1.3250,1.3370,66.0000,1.3250,1.3000,68.0000,-1.3250,-1.3110,-64.0000
1786021669.0451,-1.3250,-1.2800,-68.0000,1.3250,1.2590,70.0000,1.3250,1.2850,69.0000,-1.3250,-1.2670,-67.0000
1786021669.0951,-1.3250,-1.3330,-65.0000,1.3250,1.3230,67.0000,1.3250,1.2980,69.0000,-1.3250,-1.3160,-64.0000
1786021669.1452,-1.3250,-1.3590,-64.0000,1.3250,1.3300,66.0000,1.3250,1.3740,64.0000,-1.3250,-1.3390,-63.0000
1786021669.1951,-1.3250,-1.3450,-64.0000,1.3250,1.3370,66.0000,1.3250,1.3380,66.0000,-1.3250,-1.3010,-65.0000
1786021669.2450,-1.3250,-1.3430,-64.0000,1.3250,1.3760,64.0000,1.3250,1.3070,68.0000,-1.3250,-1.3600,-62.0000
1786021669.2951,-1.3250,-1.3490,-64.0000,1.3250,1.3750,63.0000,1.3250,1.3250,67.0000,-1.3250,-1.3840,-61.0000
1786021669.3451,-1.3250,-1.3020,-66.0000,1.3250,1.2940,68.0000,1.3250,1.3550,65.0000,-1.3250,-1.3150,-64.0000
1786021669.3951,-1.3250,-1.3280,-64.0000,1.3250,1.2460,70.0000,1.3250,1.2760,69.0000,-1.3250,-1.2200,-69.0000
1786021669.4451,-1.3250,-1.3660,-62.0000,1.3250,1.3360,66.0000,1.3250,1.3360,66.0000,-1.3250,-1.3700,-61.0000
1786021669.4950,-1.3250,-1.3420,-63.0000,1.3250,1.3330,66.0000,1.3250,1.3610,65.0000,-1.3250,-1.3370,-64.0000
1786021669.5451,-1.3250,-1.3080,-65.0000,1.3250,1.3490,65.0000,1.3250,1.3310,66.0000,-1.3250,-1.3200,-64.0000
1786021669.5950,-1.3250,-1.3120,-65.0000,1.3250,1.3340,66.0000,1.3250,1.3010,68.0000,-1.3250,-1.3680,-62.0000
1786021669.6451,-1.3250,-1.3070,-65.0000,1.3250,1.2750,69.0000,1.3250,1.3290,66.0000,-1.3250,-1.3670,-61.0000
1786021669.6951,-1.3250,-1.3310,-64.0000,1.3250,1.2970,68.0000,1.3250,1.2680,70.0000,-1.3250,-1.2890,-66.0000
1786021669.7451,-1.3250,-1.3290,-64.0000,1.3250,1.3560,65.0000,1.3250,1.3540,65.0000,-1.3250,-1.3300,-63.0000
1786021669.7952,-1.3250,-1.3220,-65.0000,1.3250,1.3460,66.0000,1.3250,1.3540,65.0000,-1.3250,-1.2950,-66.0000
1786021669.8451,-1.3250,-1.3250,-65.0000,1.3250,1.3590,65.0000,1.3250,1.3680,64.0000,-1.3250,-1.3570,-62.0000
1786021669.8952,-1.3250,-1.3320,-64.0000,1.3250,1.3730,63.0000,1.3250,1.3150,67.0000,-1.3250,-1.3720,-61.0000
1786021669.9451,-1.3250,-1.3160,-65.0000,1.3250,1.2800,68.0000,1.3250,1.3230,66.0000,-1.3250,-1.3910,-59.0000
1786021669.9952,-1.3250,-1.3090,-66.0000,1.3250,1.2540,70.0000,1.3250,1.2760,69.0000,-1.3250,-1.2950,-65.0000
1786021670.0452,-1.3250,-1.3350,-64.0000,1.3250,1.3260,66.0000,1.3250,1.3230,66.0000,-1.3250,-1.3530,-61.0000
1786021670.0952,-1.3250,-1.3450,-64.0000,1.3250,1.3670,64.0000,1.3250,1.3340,66.0000,-1.3250,-1.3300,-62.0000
1786021670.1451,-1.3250,-1.3490,-63.0000,1.3250,1.3340,66.0000,1.3250,1.3220,66.0000,-1.3250,-1.3310,-62.0000
1786021670.1952,-1.3250,-1.3510,-63.0000,1.3250,1.3620,64.0000,1.3250,1.2570,70.0000,-1.3250,-1.2510,-67.0000
1786021670.2451,-1.3250,-1.3120,-65.0000,1.3250,1.3630,64.0000,1.3250,1.3470,65.0000,-1.3250,-1.3920,-59.0000
1786021670.2951,-1.3250,-1.3310,-64.0000,1.3250,1.2600,69.0000,1.3250,1.3240,67.0000,-1.3250,-1.3810,-60.0000
1786021670.3452,-1.3250,-1.3430,-63.0000,1.3250,1.3160,66.0000,1.3250,1.2320,72.0000,-1.3250,-1.2140,-69.0000
1786021670.3951,-1.3250,-1.3580,-62.0000,1.3250,1.3870,62.0000,1.3250,1.3720,65.0000,-1.3250,-1.3450,-62.0000
1786021670.4452,-1.3250,-1.3280,-64.0000,1.3250,1.3420,65.0000,1.3250,1.3920,64.0000,-1.3250,-1.3030,-65.0000
1786021670.4951,-1.3250,-1.3210,-64.0000,1.3250,1.3380,65.0000,1.3250,1.3470,66.0000,-1.3250,-1.2890,-66.0000
1786021670.5452,-1.3250,-1.3010,-66.0000,1.3250,1.3580,63.0000,1.3250,1.2810,69.0000,-1.3250,-1.4120,-59.0000
1786021670.5952,-1.3250,-1.3670,-62.0000,1.3250,1.2510,69.0000,1.3250,1.3490,65.0000,-1.3250,-1.3940,-59.0000
1786021670.6452,-1.3250,-1.3730,-61.0000,1.3250,1.2870,67.0000,1.3250,1.3440,65.0000,-1.3250,-1.1790,-71.0000
1786021670.6952,-1.3250,-1.3040,-65.0000,1.3250,1.2800,69.0000,1.3250,1.3110,67.0000,-1.3250,-1.2570,-67.0000
1786021670.7452,-1.3250,-1.3490,-62.0000,1.3250,1.3470,65.0000,1.3250,1.3490,65.0000,-1.3250,-1.3310,-64.0000
1786021670.7952,-1.3250,-1.3200,-64.0000,1.3250,1.3380,66.0000,1.3250,1.3050,68.0000,-1.3250,-1.3270,-64.0000
1786021670.8452,-1.3250,-1.2970,-65.0000,1.3250,1.3640,64.0000,1.3250,1.3150,67.0000,-1.3250,-1.3510,-63.0000
1786021670.8952,-1.3250,-1.3190,-64.0000,1.3250,1.2610,70.0000,1.3250,1.3460,65.0000,-1.3250,-1.4150,-59.0000
1786021670.9451,-1.3250,-1.2990,-66.0000,1.3250,1.2920,68.0000,1.3250,1.2840,69.0000,-1.3250,-1.3040,-65.0000
1786021670.9951,-1.3250,-1.3280,-64.0000,1.3250,1.3050,68.0000,1.3250,1.3070,68.0000,-1.3250,-1.2760,-66.0000
1786021671.0452,-1.3250,-1.3250,-65.0000,1.3250,1.3610,65.0000,1.3250,1.3250,67.0000,-1.3250,-1.3140,-64.0000
1786021671.0951,-1.3250,-1.3420,-64.0000,1.3250,1.3390,66.0000,1.3250,1.3860,63.0000,-1.3250,-1.3420,-63.0000
1786021671.1452,-1.3250,-1.3030,-66.0000,1.3250,1.3810,63.0000,1.3250,1.3220,67.0000,-1.3250,-1.3580,-62.0000
1786021671.1952,-1.3250,-1.3230,-65.0000,1.3250,1.3360,66.0000,1.3250,1.3570,65.0000,-1.3250,-1.3960,-59.0000
1786021671.2459,-1.3250,-1.3470,-63.0000,1.3250,1.2860,68.0000,1.3250,1.3190,67.0000,-1.3250,-1.2920,-65.0000
1786021671.2951,-1.3250,-1.3370,-64.0000,1.3250,1.2930,68.0000,1.3250,1.3060,67.0000,-1.3250,-1.2360,-68.0000
1786021671.3451,-1.3250,-1.3220,-65.0000,1.3250,1.3560,65.0000,1.3250,1.3220,67.0000,-1.3250,-1.3360,-62.0000
1786021671.3951,-1.3250,-1.3170,-65.0000,1.3250,1.3300,66.0000,1.3250,1.3820,63.0000,-1.3250,-1.3580,-61.0000
1786021671.4451,-1.3250,-1.2760,-67.0000,1.3250,1.3490,65.0000,1.3250,1.2910,68.0000,-1.3250,-1.3070,-64.0000
1786021671.4952,-1.3250,-1.3210,-65.0000,1.3250,1.3340,66.0000,1.3250,1.3430,65.0000,-1.3250,-1.3900,-59.0000
1786021671.5451,-1.3250,-1.3290,-64.0000,1.3250,1.2980,68.0000,1.3250,1.3270,66.0000,-1.3250,-1.2810,-66.0000
1786021671.5951,-1.3250,-1.3320,-64.0000,1.3250,1.2840,69.0000,1.3250,1.3210,67.0000,-1.3250,-1.2820,-66.0000
1786021671.6452,-1.3250,-1.3360,-64.0000,1.3250,1.3670,64.0000,1.3250,1.3130,67.0000,-1.3250,-1.3220,-64.0000
1786021671.6950,-1.3250,-1.3600,-62.0000,1.3250,1.3320,66.0000,1.3250,1.3660,64.0000,-1.3250,-1.3170,-64.0000
1786021671.7454,-1.3250,-1.2810,-67.0000,1.3250,1.3550,64.0000,1.3250,1.3050,68.0000,-1.3250,-1.2900,-66.0000
1786021671.7951,-1.3250,-1.3100,-65.0000,1.3250,1.3650,64.0000,1.3250,1.3080,67.0000,-1.3250,-1.3900,-60.0000
1786021671.8451,-1.3250,-1.3590,-63.0000,1.3250,1.2770,68.0000,1.3250,1.3220,67.0000,-1.3250,-1.3810,-60.0000
1786021671.8951,-1.3250,-1.3200,-65.0000,1.3250,1.2800,68.0000,1.3250,1.3010,68.0000,-1.3250,-1.2590,-67.0000
1786021671.9458,-1.3250,-1.3170,-65.0000,1.3250,1.3210,66.0000,1.3250,1.3000,68.0000,-1.3250,-1.2730,-66.0000
1786021671.9958,-1.3250,-1.3180,-65.0000,1.3250,1.3670,64.0000,1.3250,1.3660,64.0000,-1.3250,-1.3250,-64.0000
1786021672.0451,-1.3250,-1.3130,-65.0000,1.3250,1.3530,65.0000,1.3250,1.3410,66.0000,-1.3250,-1.3040,-65.0000
1786021672.0958,-1.3250,-1.3020,-66.0000,1.3250,1.3380,65.0000,1.3250,1.2980,68.0000,-1.3250,-1.3520,-62.0000
1786021672.1459,-1.3250,-1.3290,-65.0000,1.3250,1.2940,68.0000,1.3250,1.3310,66.0000,-1.3250,-1.3830,-60.0000
1786021672.1951,-1.3250,-1.3400,-64.0000,1.3250,1.2530,70.0000,1.3250,1.3650,64.0000,-1.3250,-1.2970,-65.0000
1786021672.2459,-1.3250,-1.3490,-63.0000,1.3250,1.3100,67.0000,1.3250,1.2750,69.0000,-1.3250,-1.2820,-66.0000
1786021672.2951,-1.3250,-1.3370,-64.0000,1.3250,1.3740,64.0000,1.3250,1.3440,65.0000,-1.3250,-1.3320,-63.0000
1786021672.3460,-1.3250,-1.3190,-65.0000,1.3250,1.3390,66.0000,1.3250,1.3440,65.0000,-1.3250,-1.3030,-65.0000
1786021672.3952,-1.3250,-1.2910,-66.0000,1.3250,1.3690,64.0000,1.3250,1.3650,64.0000,-1.3250,-1.3010,-65.0000
1786021672.4451,-0.8450,-1.1470,-33.0000,0.8450,1.2290,29.0000,0.8450,1.1990,30.0000,-0.8450,-1.2270,-27.0000
1786021672.4950,-0.2450,-0.6230,-5.0000,0.2450,0.5970,6.0000,1.2940,1.1510,69.0000,-1.4450,-1.2430,-75.0000
1786021672.5451,0.3550,0.0420,34.0000,-0.3550,-0.0570,-33.0000,1.2940,1.3010,62.0000,-1.4790,-1.5610,-63.0000
1786021672.5951,0.9550,0.7050,55.0000,-0.9550,-0.7310,-54.0000,1.2940,1.3170,61.0000,-1.4790,-1.4570,-69.0000
1786021672.6451,1.4790,1.1370,84.0000,-1.2940,-1.2790,-60.0000,1.2940,1.3300,61.0000,-1.4790,-1.3810,-74.0000
1786021672.6952,1.4790,1.4840,70.0000,-1.2940,-1.3240,-62.0000,1.2940,1.3310,60.0000,-1.4790,-1.5100,-67.0000
1786021672.7451,1.4790,1.5300,70.0000,-1.2940,-1.3380,-62.0000,1.2940,1.3000,62.0000,-1.4790,-1.4540,-71.0000
1786021672.7951,1.4790,1.4960,72.0000,-1.2940,-1.3520,-61.0000,1.2940,1.3180,60.0000,-1.4790,-1.5500,-65.0000
1786021672.8451,1.4790,1.5060,71.0000,-1.2940,-1.3310,-61.0000,1.2940,1.3350,59.0000,-1.4790,-1.3820,-75.0000
1786021672.8951,1.4790,1.5170,70.0000,-1.2940,-1.3450,-60.0000,1.2940,1.3170,60.0000,-1.4790,-1.4170,-73.0000
1786021672.9451,1.4790,1.4980,71.0000,-1.2940,-1.3310,-60.0000,1.2940,1.3270,59.0000,-1.4790,-1.4240,-74.0000
1786021672.9951,1.4790,1.4720,72.0000,-1.2940,-1.3280,-60.0000,1.2940,1.3060,60.0000,-1.4790,-1.4550,-73.0000
1786021673.0451,1.4790,1.5340,69.0000,-1.2940,-1.3190,-60.0000,1.2940,1.3230,58.0000,-1.4790,-1.5250,-69.0000
1786021673.0959,1.4790,1.4630,72.0000,-1.2940,-1.3220,-59.0000,1.2940,1.2990,60.0000,-1.4790,-1.5070,-70.0000
1786021673.1452,1.1190,1.4060,44.0000,-0.9340,-1.2490,-31.0000,0.9340,1.2630,30.0000,-1.1190,-1.3610,-46.0000
1786021673.1951,0.5190,0.8250,21.0000,-0.3340,-0.6490,-8.0000,0.3340,0.7020,5.0000,-0.5190,-0.7960,-22.0000
1786021673.2450,0.0000,0.1960,0.0000,0.0000,-0.0900,0.0000,0.0000,0.1200,0.0000,0.0000,-0.1940,0.0000
1786021673.2950,0.0000,0.0040,0.0000,0.0000,-0.0070,0.0000,0.0000,0.0090,0.0000,0.0000,-0.0120,0.0000
1786021673.3450,0.0000,0.0000,0.0000,0.0000,-0.0010,0.0000,0.0000,0.0010,0.0000,0.0000,0.0100,0.0000
1786021673.3950,0.0000,0.0000,0.0000,0.0000,-0.0000,0.0000,0.0000,0.0000,0.0000,0.0000,0.0010,0.0000
1786021673.4449,0.0000,0.0000,0.0000,0.0000,-0.0000,0.0000,0.0000,0.0000,0.0000,0.0000,0.0000,0.0000
1786021673.4950,0.0000,0.0000,0.0000,0.0000,-0.0000,0.0000,0.0000,0.0000,0.0000,0.0000,0.0000,0.0000
1786021673.5450,0.0000,0.0000,0.0000,0.0000,-0.0000,0.0000,0.0000,0.0000,0.0000,0.0000,0.0000,0.0000
1786021673.5950,0.0000,0.0000,0.0000,0.0000,-0.0000,0.0000,0.0000,0.0000,0.0000,0.0000,0.0000,0.0000
1786021673.6450,0.0000,0.0000,0.0000,0.0000,-0.0000,0.0000,0.0000,0.0000,0.0000,0.0000,0.0000,0.0000
1786021673.6951,-0.4800,-0.2110,-38.0000,0.4800,0.2310,37.0000,-0.4800,-0.1790,-40.0000,0.4800,0.1980,39.0000
1786021673.7452,-1.0800,-0.7920,-62.0000,1.0800,0.8370,60.0000,-1.0800,-0.7880,-63.0000,1.0800,0.7860,63.0000
1786021673.7951,-1.4790,-1.1680,-83.0000,1.2940,1.2270,64.0000,-1.2940,-1.3160,-59.0000,1.4790,1.3760,72.0000
1786021673.8451,-1.4790,-1.5280,-68.0000,1.2940,1.3570,60.0000,-1.2940,-1.2980,-64.0000,1.4790,1.4630,72.0000
1786021673.8952,-1.4790,-1.5130,-71.0000,1.2940,1.3460,61.0000,-1.2940,-1.3380,-62.0000,1.4790,1.4710,73.0000
1786021673.9451,-1.4790,-1.4540,-75.0000,1.2940,1.3620,60.0000,-1.2940,-1.3360,-62.0000,1.4790,1.3060,83.0000
1786021673.9951,-1.4790,-1.4370,-76.0000,1.2940,1.3440,60.0000,-1.2940,-1.3500,-61.0000,1.4790,1.4290,78.0000
1786021674.0452,-1.4790,-1.4690,-75.0000,1.2940,1.3450,60.0000,-1.2940,-1.3220,-62.0000,1.4790,1.5460,72.0000
1786021674.0952,-1.4790,-1.4650,-75.0000,1.2940,1.3320,60.0000,-1.2940,-1.3400,-60.0000,1.4790,1.5780,70.0000
1786021674.1452,-1.4790,-1.5080,-73.0000,1.2940,1.3340,59.0000,-1.2940,-1.3110,-62.0000,1.4790,1.5770,69.0000
1786021674.1952,-1.1190,-1.4440,-45.0000,0.9340,1.2470,32.0000,-0.9340,-1.2830,-31.0000,1.1190,1.3620,49.0000
1786021674.2452,-0.5190,-0.8380,-23.0000,0.3340,0.6530,9.0000,-0.3340,-0.7560,-4.0000,0.5190,0.6840,31.0000
1786021674.2950,0.0000,-0.1490,0.0000,0.0000,0.0710,0.0000,0.0000,-0.1160,0.0000,0.0000,0.1210,0.0000
1786021674.3450,0.0000,-0.0040,0.0000,0.0000,0.0060,0.0000,0.0000,0.0160,0.0000,0.0000,-0.0710,0.0000
1786021674.3950,0.0000,-0.0000,0.0000,0.0000,0.0000,0.0000,0.0000,0.0140,0.0000,0.0000,-0.0370,0.0000
1786021674.4450,0.0000,-0.0000,0.0000,0.0000,0.0000,0.0000,0.0000,0.0010,0.0000,0.0000,-0.0180,0.0000
1786021674.4950,0.0000,-0.0000,0.0000,0.0000,0.0000,0.0000,0.0000,0.0000,0.0000,0.0000,-0.0120,0.0000
1786021674.5450,0.0000,-0.0000,0.0000,0.0000,0.0000,0.0000,0.0000,0.0000,0.0000,0.0000,-0.0040,0.0000
1786021674.5951,0.0000,-0.0000,0.0000,0.0000,0.0000,0.0000,0.0000,0.0000,0.0000,0.0000,-0.0010,0.0000
1786021674.6452,-0.3600,-0.0810,-35.0000,0.3600,0.0630,36.0000,-0.3600,-0.0470,-37.0000,0.3600,0.0390,37.0000
1786021674.6952,-0.7200,-0.5040,-47.0000,0.7200,0.7340,34.0000,-0.7200,-0.6870,-37.0000,0.7200,0.4640,50.0000
1786021674.7452,-0.1200,-0.3860,-1.0000,0.1200,0.4130,-2.0000,-0.1200,-0.5390,9.0000,0.1200,0.3740,3.0000
1786021674.7950,0.0000,-0.0120,0.0000,0.0000,0.0280,0.0000,0.0000,-0.0280,0.0000,0.0000,-0.0070,0.0000
1786021674.8451,0.0000,-0.0010,0.0000,0.0000,0.0020,0.0000,0.0000,-0.0010,0.0000,0.0000,-0.0010,0.0000
1786021674.8952,0.3600,0.1190,32.0000,-0.3600,-0.0860,-35.0000,-0.3600,-0.0560,-36.0000,0.3600,0.0500,37.0000
1786021674.9452,0.9600,0.7370,53.0000,-0.9600,-0.7190,-55.0000,-0.9600,-0.6830,-58.0000,0.9600,0.4970,69.0000
1786021674.9954,1.3250,1.3170,58.0000,-1.3250,-1.2760,-63.0000,-1.3250,-1.2440,-65.0000,1.3250,1.1920,69.0000
1786021675.0453,1.3250,1.1880,70.0000,-1.3250,-1.3590,-62.0000,-1.3250,-1.3080,-66.0000,1.3250,1.3530,66.0000
1786021675.0953,1.3250,1.2990,65.0000,-1.3250,-1.2560,-69.0000,-1.3250,-1.1940,-75.0000,1.3250,1.4350,63.0000
1786021675.1453,1.3250,1.3720,62.0000,-1.3250,-1.2050,-73.0000,-1.3250,-1.2870,-70.0000,1.3250,1.3830,65.0000
1786021675.1952,1.0850,1.3380,43.0000,-1.0850,-1.2900,-48.0000,-1.0850,-1.3460,-47.0000,1.0850,1.2420,52.0000
1786021675.2452,0.4850,0.8520,15.0000,-0.4850,-0.8060,-20.0000,-0.4850,-0.9790,-12.0000,0.4850,0.7480,25.0000
1786021675.2950,0.0000,0.2420,0.0000,0.0000,-0.3010,0.0000,0.0000,-0.2920,0.0000,0.0000,0.2640,0.0000
1786021675.3450,0.0000,0.0390,0.0000,0.0000,-0.0210,0.0000,0.0000,0.0080,0.0000,0.0000,0.0220,0.0000
1786021675.3952,-0.3600,-0.0580,-36.0000,0.3600,0.0790,35.0000,-0.3600,-0.0560,-36.0000,0.3600,0.0840,35.0000
1786021675.4452,-0.9600,-0.5810,-63.0000,0.9600,0.7390,54.0000,-0.9600,-0.6910,-57.0000,0.9600,0.5100,67.0000
1786021675.4952,-1.4790,-1.2300,-79.0000,1.2940,1.2870,59.0000,-1.2940,-1.2510,-62.0000,1.4790,1.1880,82.0000
1786021675.5452,-1.3590,-1.4840,-61.0000,1.1740,1.3190,51.0000,-1.1740,-1.3280,-52.0000,1.3590,1.5510,58.0000
1786021675.5952,-0.7590,-1.1040,-30.0000,0.5740,0.9360,18.0000,-0.5740,-1.0110,-15.0000,0.7590,1.2020,25.0000
1786021675.6451,-0.1590,-0.5300,-2.0000,0.0000,0.3040,0.0000,0.0000,-0.4190,0.0000,0.1590,0.5690,-1.0000
1786021675.6950,0.0000,-0.0530,0.0000,0.0000,0.0240,0.0000,0.0000,-0.0510,0.0000,0.0000,0.0630,0.0000
1786021675.7452,0.4800,0.2490,35.0000,-0.4800,-0.2190,-38.0000,-0.4800,-0.1730,-41.0000,0.4800,0.2080,39.0000
1786021675.7952,1.0800,0.8370,59.0000,-1.0800,-0.8300,-61.0000,-1.0800,-0.8040,-62.0000,1.0800,0.6440,72.0000
1786021675.8453,1.3250,1.2140,66.0000,-1.3250,-1.2870,-64.0000,-1.3250,-1.2490,-66.0000,1.3250,1.1290,73.0000
1786021675.8953,1.3250,1.2290,69.0000,-1.3250,-1.3140,-66.0000,-1.3250,-1.1860,-74.0000,1.3250,1.2480,72.0000
1786021675.9453,1.3250,1.4020,61.0000,-1.3250,-1.2680,-70.0000,-1.3250,-1.3520,-66.0000,1.3250,1.3690,67.0000
1786021675.9953,1.3250,1.4310,60.0000,-1.3250,-1.3190,-67.0000,-1.3250,-1.4220,-63.0000,1.3250,1.3890,66.0000
1786021676.0452,1.3250,1.4250,59.0000,-1.3250,-1.2860,-70.0000,-1.3250,-1.3100,-69.0000,1.3250,1.4760,60.0000
1786021676.0953,1.3250,1.4070,59.0000,-1.3250,-1.2230,-73.0000,-1.3250,-1.3050,-69.0000,1.3250,1.3850,65.0000
1786021676.1460,1.3250,1.3430,62.0000,-1.3250,-1.2990,-70.0000,-1.3250,-1.2840,-70.0000,1.3250,1.3290,67.0000
1786021676.1953,1.3250,1.2990,64.0000,-1.3250,-1.3900,-65.0000,-1.3250,-1.3220,-68.0000,1.3250,1.2230,73.0000
1786021676.2459,1.3250,1.3340,62.0000,-1.3250,-1.3740,-66.0000,-1.3250,-1.3630,-66.0000,1.3250,1.2930,69.0000
1786021676.2953,1.3250,1.3750,60.0000,-1.3250,-1.3490,-67.0000,-1.3250,-1.3640,-66.0000,1.3250,1.3840,64.0000
1786021676.3453,1.3250,1.3340,62.0000,-1.3250,-1.3080,-69.0000,-1.3250,-1.3110,-69.0000,1.3250,1.3830,64.0000
1786021676.3953,1.3250,1.3220,62.0000,-1.3250,-1.2930,-70.0000,-1.3250,-1.2980,-69.0000,1.3250,1.3820,64.0000
1786021676.4453,1.3250,1.2960,64.0000,-1.3250,-1.3290,-68.0000,-1.3250,-1.2980,-70.0000,1.3250,1.3840,63.0000
1786021676.4953,1.3250,1.2780,65.0000,-1.3250,-1.3740,-65.0000,-1.3250,-1.3260,-68.0000,1.3250,1.2390,71.0000
1786021676.5467,1.3250,1.3370,62.0000,-1.3250,-1.3740,-65.0000,-1.3250,-1.3460,-67.0000,1.3250,1.3130,67.0000
1786021676.5963,1.3250,1.3500,61.0000,-1.3250,-1.3670,-65.0000,-1.3250,-1.3790,-65.0000,1.3250,1.3330,66.0000
1786021676.6466,1.3250,1.3420,62.0000,-1.3250,-1.3280,-67.0000,-1.3250,-1.3600,-66.0000,1.3250,1.3770,64.0000
1786021676.6963,1.3250,1.3740,60.0000,-1.3250,-1.2670,-70.0000,-1.3250,-1.3170,-68.0000,1.3250,1.3820,63.0000
1786021676.7463,1.3250,1.3160,63.0000,-1.3250,-1.2970,-69.0000,-1.3250,-1.2670,-71.0000,1.3250,1.3730,63.0000
1786021676.7966,1.3250,1.2690,65.0000,-1.3250,-1.3440,-66.0000,-1.3250,-1.2900,-70.0000,1.3250,1.2630,69.0000
1786021676.8463,1.3250,1.3040,64.0000,-1.3250,-1.3730,-65.0000,-1.3250,-1.3330,-68.0000,1.3250,1.2380,71.0000
1786021676.8977,1.3250,1.3120,64.0000,-1.3250,-1.3610,-65.0000,-1.3250,-1.3920,-65.0000,1.3250,1.3130,67.0000
1786021676.9473,1.3250,1.3470,62.0000,-1.3250,-1.3400,-66.0000,-1.3250,-1.3090,-69.0000,1.3250,1.3830,63.0000
1786021676.9973,1.3250,1.3210,63.0000,-1.3250,-1.2610,-70.0000,-1.3250,-1.3070,-69.0000,1.3250,1.3580,64.0000
1786021677.0486,1.3250,1.3220,63.0000,-1.3250,-1.2950,-69.0000,-1.3250,-1.2790,-71.0000,1.3250,1.4270,60.0000
1786021677.0983,1.3250,1.2760,66.0000,-1.3250,-1.3300,-67.0000,-1.3250,-1.3070,-70.0000,1.3250,1.2670,69.0000
1786021677.1483,1.3250,1.3100,64.0000,-1.3250,-1.3860,-64.0000,-1.3250,-1.3160,-70.0000,1.3250,1.2350,70.0000
1786021677.1983,1.3250,1.3610,61.0000,-1.3250,-1.3780,-64.0000,-1.3250,-1.3910,-65.0000,1.3250,1.3240,66.0000
1786021677.2490,1.3250,1.3720,60.0000,-1.3250,-1.3760,-64.0000,-1.3250,-1.3670,-66.0000,1.3250,1.3880,63.0000
1786021677.2983,1.3250,1.3020,64.0000,-1.3250,-1.3200,-66.0000,-1.3250,-1.3490,-67.0000,1.3250,1.3700,63.0000
1786021677.3490,1.3250,1.3550,61.0000,-1.3250,-1.2410,-71.0000,-1.3250,-1.2980,-69.0000,1.3250,1.3800,62.0000
1786021677.3983,1.3250,1.3190,63.0000,-1.3250,-1.2930,-68.0000,-1.3250,-1.2820,-70.0000,1.3250,1.3390,64.0000
1786021677.4483,1.3250,1.2820,65.0000,-1.3250,-1.3630,-65.0000,-1.3250,-1.3140,-69.0000,1.3250,1.2220,71.0000
1786021677.4983,1.3250,1.3470,61.0000,-1.3250,-1.3570,-65.0000,-1.3250,-1.3860,-65.0000,1.3250,1.2590,69.0000
1786021677.5483,1.3250,1.3670,60.0000,-1.3250,-1.3490,-65.0000,-1.3250,-1.3850,-65.0000,1.3250,1.3720,63.0000
1786021677.5983,1.3250,1.2840,65.0000,-1.3250,-1.3150,-67.0000,-1.3250,-1.3850,-64.0000,1.3250,1.3800,63.0000
1786021677.6496,1.3250,1.3340,62.0000,-1.3250,-1.2680,-70.0000,-1.3250,-1.3160,-67.0000,1.3250,1.3780,62.0000
1786021677.6986,1.3250,1.2950,64.0000,-1.3250,-1.2750,-70.0000,-1.3250,-1.2580,-71.0000,1.3250,1.3650,63.0000
1786021677.7486,1.3250,1.2770,65.0000,-1.3250,-1.3520,-66.0000,-1.3250,-1.2690,-70.0000,1.3250,1.2520,69.0000
1786021677.7983,1.3250,1.3480,61.0000,-1.3250,-1.3620,-65.0000,-1.3250,-1.3730,-65.0000,1.3250,1.2410,70.0000
1786021677.8490,1.3250,1.3840,59.0000,-1.3250,-1.3250,-67.0000,-1.3250,-1.3840,-64.0000,1.3250,1.3180,66.0000
1786021677.8983,1.3250,1.3640,60.0000,-1.3250,-1.2870,-69.0000,-1.3250,-1.3100,-68.0000,1.3250,1.3680,63.0000
1786021677.9485,1.3250,1.2180,68.0000,-1.3250,-1.3770,-64.0000,-1.3250,-1.2800,-70.0000,1.3250,1.3220,66.0000
1786021677.9983,1.3250,1.2410,67.0000,-1.3250,-1.2630,-71.0000,-1.3250,-1.2570,-71.0000,1.3250,1.3900,62.0000
1786021678.0496,1.3250,1.3490,62.0000,-1.3250,-1.3180,-67.0000,-1.3250,-1.3500,-66.0000,1.3250,1.2800,68.0000
1786021678.0983,1.3250,1.3100,64.0000,-1.3250,-1.3540,-66.0000,-1.3250,-1.2760,-71.0000,1.3250,1.2840,67.0000
1786021678.1498,1.3250,1.2310,69.0000,-1.3250,-1.3650,-65.0000,-1.3250,-1.2980,-70.0000,1.3250,1.3010,67.0000
1786021678.1983,1.3250,1.3390,63.0000,-1.3250,-1.3280,-66.0000,-1.3250,-1.3370,-68.0000,1.3250,1.3140,66.0000
1786021678.2483,1.3250,1.3990,60.0000,-1.3250,-1.3790,-63.0000,-1.3250,-1.3280,-69.0000,1.3250,1.4280,60.0000
1786021678.2984,1.3250,1.3440,63.0000,-1.3250,-1.2260,-72.0000,-1.3250,-1.2960,-70.0000,1.3250,1.4190,60.0000
1786021678.3484,1.3250,1.3150,64.0000,-1.3250,-1.3260,-66.0000,-1.3250,-1.2900,-71.0000,1.3250,1.3360,64.0000
1786021678.3983,1.3250,1.3090,65.0000,-1.3250,-1.3640,-64.0000,-1.3250,-1.2980,-71.0000,1.3250,1.2790,66.0000
1786021678.4483,1.3250,1.3070,65.0000,-1.3250,-1.3540,-65.0000,-1.3250,-1.3380,-69.0000,1.3250,1.2580,68.0000
1786021678.4984,1.3250,1.3310,64.0000,-1.3250,-1.3520,-65.0000,-1.3250,-1.3520,-68.0000,1.3250,1.3480,63.0000
1786021678.5483,1.3250,1.3480,63.0000,-1.3250,-1.3530,-64.0000,-1.3250,-1.3350,-69.0000,1.3250,1.3580,63.0000
1786021678.5983,1.3250,1.3260,64.0000,-1.3250,-1.2900,-67.0000,-1.3250,-1.3220,-69.0000,1.3250,1.3750,61.0000
1786021678.6484,1.3250,1.3230,64.0000,-1.3250,-1.2940,-67.0000,-1.3250,-1.3520,-67.0000,1.3250,1.3870,60.0000
1786021678.6984,1.3250,1.3060,65.0000,-1.3250,-1.3460,-64.0000,-1.3250,-1.3300,-68.0000,1.3250,1.2410,68.0000
1786021678.7485,1.3250,1.3120,65.0000,-1.3250,-1.3630,-63.0000,-1.3250,-1.3400,-68.0000,1.3250,1.2600,67.0000
1786021678.7984,1.3250,1.3460,63.0000,-1.3250,-1.3260,-65.0000,-1.3250,-1.3560,-67.0000,1.3250,1.3100,65.0000
1786021678.8484,1.3250,1.3210,65.0000,-1.3250,-1.3150,-66.0000,-1.3250,-1.3520,-67.0000,1.3250,1.3630,62.0000
1786021678.8984,1.3250,1.3420,63.0000,-1.3250,-1.2280,-71.0000,-1.3250,-1.2790,-71.0000,1.3250,1.4130,59.0000
1786021678.9483,1.3250,1.3060,65.0000,-1.3250,-1.2790,-69.0000,-1.3250,-1.2860,-70.0000,1.3250,1.3830,60.0000
1786021678.9983,1.3250,1.2960,66.0000,-1.3250,-1.3480,-65.0000,-1.3250,-1.2720,-71.0000,1.3250,1.2480,67.0000
1786021679.0487,1.3250,1.3190,65.0000,-1.3250,-1.3760,-64.0000,-1.3250,-1.3290,-69.0000,1.3250,1.2640,67.0000
1786021679.0984,1.3250,1.3370,64.0000,-1.3250,-1.4000,-62.0000,-1.3250,-1.3560,-67.0000,1.3250,1.3390,63.0000
1786021679.1484,1.3250,1.3120,66.0000,-1.3250,-1.3540,-64.0000,-1.3250,-1.3650,-67.0000,1.3250,1.3270,64.0000
1786021679.1984,1.3250,1.3550,63.0000,-1.3250,-1.2960,-67.0000,-1.3250,-1.3010,-70.0000,1.3250,1.3890,60.0000
1786021679.2484,1.3250,1.3660,62.0000,-1.3250,-1.2510,-69.0000,-1.3250,-1.3280,-69.0000,1.3250,1.3870,59.0000
1786021679.2984,1.3250,1.3460,63.0000,-1.3250,-1.2950,-67.0000,-1.3250,-1.2730,-72.0000,1.3250,1.3450,61.0000
1786021679.3484,1.3250,1.2640,68.0000,-1.3250,-1.3700,-63.0000,-1.3250,-1.2820,-72.0000,1.3250,1.2620,66.0000
1786021679.3984,1.3250,1.2900,66.0000,-1.3250,-1.3980,-62.0000,-1.3250,-1.3540,-68.0000,1.3250,1.2750,65.0000
1786021679.4484,1.3250,1.3100,66.0000,-1.3250,-1.3830,-62.0000,-1.3250,-1.3510,-68.0000,1.3250,1.3220,63.0000
1786021679.4984,1.3250,1.3170,66.0000,-1.3250,-1.3360,-64.0000,-1.3250,-1.3200,-70.0000,1.3250,1.3650,61.0000
1786021679.5484,1.3250,1.2950,67.0000,-1.3250,-1.2410,-69.0000,-1.3250,-1.3380,-69.0000,1.3250,1.3520,61.0000
1786021679.5983,1.3250,1.3270,65.0000,-1.3250,-1.3030,-66.0000,-1.3250,-1.2980,-71.0000,1.3250,1.3440,62.0000
1786021679.6484,1.3250,1.3080,67.0000,-1.3250,-1.3520,-64.0000,-1.3250,-1.2980,-71.0000,1.3250,1.2490,67.0000
1786021679.6984,1.3250,1.3330,65.0000,-1.3250,-1.3690,-63.0000,-1.3250,-1.3190,-70.0000,1.3250,1.2820,65.0000
1786021679.7483,1.3250,1.3500,64.0000,-1.3250,-1.3690,-62.0000,-1.3250,-1.3550,-68.0000,1.3250,1.3280,63.0000
1786021679.7984,1.3250,1.3290,65.0000,-1.3250,-1.3580,-63.0000,-1.3250,-1.3230,-70.0000,1.3250,1.3540,62.0000
1786021679.8484,1.3250,1.3010,67.0000,-1.3250,-1.3080,-65.0000,-1.3250,-1.3170,-70.0000,1.3250,1.3570,62.0000
1786021679.8984,1.3250,1.3260,66.0000,-1.3250,-1.2710,-67.0000,-1.3250,-1.3390,-69.0000,1.3250,1.3770,60.0000
1786021679.9484,1.3250,1.3110,67.0000,-1.3250,-1.3260,-64.0000,-1.3250,-1.2910,-72.0000,1.3250,1.3110,64.0000
1786021679.9984,1.3250,1.3120,67.0000,-1.3250,-1.3590,-63.0000,-1.3250,-1.2900,-72.0000,1.3250,1.2960,64.0000
1786021680.0484,1.3250,1.3410,65.0000,-1.3250,-1.3680,-62.0000,-1.3250,-1.3650,-68.0000,1.3250,1.3020,64.0000
1786021680.0984,1.3250,1.3210,66.0000,-1.3250,-1.3600,-62.0000,-1.3250,-1.3740,-67.0000,1.3250,1.3660,61.0000
1786021680.1484,1.3250,1.3420,65.0000,-1.3250,-1.3130,-64.0000,-1.3250,-1.3080,-71.0000,1.3250,1.3530,61.0000
1786021680.1984,1.3250,1.3460,65.0000,-1.3250,-1.2690,-67.0000,-1.3250,-1.3050,-71.0000,1.3250,1.4010,58.0000
1786021680.2484,1.3250,1.3510,64.0000,-1.3250,-1.3020,-66.0000,-1.3250,-1.3230,-70.0000,1.3250,1.3240,62.0000
1786021680.2984,1.3250,1.2900,68.0000,-1.3250,-1.3660,-62.0000,-1.3250,-1.2970,-72.0000,1.3250,1.2490,66.0000
1786021680.3484,1.3250,1.3210,66.0000,-1.3250,-1.3530,-63.0000,-1.3250,-1.3150,-71.0000,1.3250,1.3200,63.0000
1786021680.3984,1.3250,1.3450,65.0000,-1.3250,-1.3520,-63.0000,-1.3250,-1.3420,-70.0000,1.3250,1.3400,62.0000
1786021680.4484,1.3250,1.3590,64.0000,-1.3250,-1.3310,-63.0000,-1.3250,-1.2970,-72.0000,1.3250,1.3520,61.0000
1786021680.4985,1.3250,1.3540,64.0000,-1.3250,-1.2400,-69.0000,-1.3250,-1.3320,-70.0000,1.3250,1.3950,58.0000
1786021680.5484,1.3250,1.3330,65.0000,-1.3250,-1.2740,-67.0000,-1.3250,-1.2980,-72.0000,1.3250,1.3330,62.0000
1786021680.5984,1.3250,1.2820,67.0000,-1.3250,-1.3730,-62.0000,-1.3250,-1.2790,-74.0000,1.3250,1.3000,63.0000
1786021680.6484,1.3250,1.3080,66.0000,-1.3250,-1.3820,-62.0000,-1.3250,-1.3320,-71.0000,1.3250,1.2780,64.0000
1786021680.6985,1.3250,1.3190,66.0000,-1.3250,-1.3810,-61.0000,-1.3250,-1.3780,-68.0000,1.3250,1.3450,61.0000
1786021680.7484,1.3250,1.3570,64.0000,-1.3250,-1.3690,-61.0000,-1.3250,-1.3600,-69.0000,1.3250,1.3250,62.0000
1786021680.7984,1.3250,1.3440,64.0000,-1.3250,-1.2970,-65.0000,-1.3250,-1.3290,-70.0000,1.3250,1.3880,58.0000
1786021680.8485,1.3250,1.3400,64.0000,-1.3250,-1.2290,-69.0000,-1.3250,-1.3010,-72.0000,1.3250,1.3370,61.0000
1786021680.8984,1.3250,1.3220,65.0000,-1.3250,-1.3280,-64.0000,-1.3250,-1.2880,-73.0000,1.3250,1.3460,60.0000
1786021680.9492,1.3250,1.3090,66.0000,-1.3250,-1.3760,-61.0000,-1.3250,-1.2900,-73.0000,1.3250,1.2830,64.0000
1786021680.9984,1.3250,1.3160,66.0000,-1.3250,-1.3740,-61.0000,-1.3250,-1.3640,-69.0000,1.3250,1.3190,62.0000
1786021681.0484,1.3250,1.2980,67.0000,-1.3250,-1.3710,-61.0000,-1.3250,-1.3110,-72.0000,1.3250,1.2880,64.0000
1786021681.0984,1.3250,1.2490,70.0000,-1.3250,-1.2570,-67.0000,-1.3250,-1.2900,-73.0000,1.3250,1.3310,61.0000
1786021681.1484,1.3250,1.3780,63.0000,-1.3250,-1.2670,-66.0000,-1.3250,-1.3100,-72.0000,1.3250,1.3180,62.0000
1786021681.1985,1.3250,1.3810,63.0000,-1.3250,-1.2740,-67.0000,-1.3250,-1.3930,-67.0000,1.3250,1.3840,58.0000
1786021681.2484,1.3250,1.2590,70.0000,-1.3250,-1.3180,-65.0000,-1.3250,-1.2950,-73.0000,1.3250,1.3050,63.0000
1786021681.2984,1.3250,1.2920,68.0000,-1.3250,-1.3660,-62.0000,-1.3250,-1.3420,-70.0000,1.3250,1.2380,66.0000
1786021681.3490,1.3250,1.3560,65.0000,-1.3250,-1.3840,-61.0000,-1.3250,-1.4080,-66.0000,1.3250,1.3380,61.0000
1786021681.3984,0.7250,1.0780,27.0000,-0.7250,-1.0720,-24.0000,-1.9250,-1.6450,-106.0000,1.9250,1.6800,95.0000
1786021681.4485,1.0850,0.7810,70.0000,-1.0850,-0.7620,-68.0000,-1.5650,-1.9060,-64.0000,1.5650,1.9220,55.0000
1786021681.4985,1.3250,1.3750,59.0000,-1.3250,-1.2130,-66.0000,-1.3250,-1.3240,-73.0000,1.3250,1.3700,62.0000
1786021681.5485,1.3250,1.3320,64.0000,-1.3250,-1.3280,-63.0000,-1.3250,-1.3430,-69.0000,1.3250,1.3180,62.0000
1786021681.5985,1.3250,1.2880,67.0000,-1.3250,-1.3250,-64.0000,-1.3250,-1.2910,-71.0000,1.3250,1.2380,66.0000
1786021681.6484,1.3250,1.3170,66.0000,-1.3250,-1.3430,-64.0000,-1.3250,-1.3080,-70.0000,1.3250,1.2870,64.0000
1786021681.6985,1.3250,1.3580,63.0000,-1.3250,-1.3600,-63.0000,-1.3250,-1.3410,-68.0000,1.3250,1.3290,62.0000
1786021681.7485,1.3250,1.3320,65.0000,-1.3250,-1.3360,-64.0000,-1.3250,-1.3050,-71.0000,1.3250,1.3610,60.0000
1786021681.7985,1.3250,1.3480,64.0000,-1.3250,-1.2100,-71.0000,-1.3250,-1.3180,-70.0000,1.3250,1.3490,61.0000
1786021681.8485,1.3250,1.3050,66.0000,-1.3250,-1.3060,-66.0000,-1.3250,-1.3130,-70.0000,1.3250,1.2900,64.0000
1786021681.8985,1.3250,1.2880,67.0000,-1.3250,-1.3380,-65.0000,-1.3250,-1.3300,-70.0000,1.3250,1.2860,64.0000
1786021681.9485,1.3250,1.3190,66.0000,-1.3250,-1.3670,-63.0000,-1.3250,-1.3830,-66.0000,1.3250,1.2940,64.0000
1786021681.9985,1.3250,1.3700,63.0000,-1.3250,-1.3650,-63.0000,-1.3250,-1.3430,-68.0000,1.3250,1.3510,61.0000
1786021682.0485,1.3250,1.3330,65.0000,-1.3250,-1.3610,-63.0000,-1.3250,-1.3190,-70.0000,1.3250,1.3360,62.0000
1786021682.0985,1.3250,1.3530,63.0000,-1.3250,-1.2390,-69.0000,-1.3250,-1.3270,-69.0000,1.3250,1.3780,60.0000
1786021682.1485,1.3250,1.3480,63.0000,-1.3250,-1.2980,-66.0000,-1.3250,-1.3320,-69.0000,1.3250,1.3210,63.0000
1786021682.1985,1.3250,1.3130,65.0000,-1.3250,-1.3530,-63.0000,-1.3250,-1.3460,-68.0000,1.3250,1.2910,64.0000
1786021682.2484,1.3250,1.2940,67.0000,-1.3250,-1.3360,-64.0000,-1.3250,-1.3530,-67.0000,1.3250,1.2840,65.0000
1786021682.2985,1.3250,1.3480,64.0000,-1.3250,-1.3310,-64.0000,-1.3250,-1.3430,-68.0000,1.3250,1.3360,62.0000
1786021682.3485,1.3250,1.3580,63.0000,-1.3250,-1.3360,-64.0000,-1.3250,-1.3300,-68.0000,1.3250,1.3650,61.0000
1786021682.3984,1.2050,1.3250,55.0000,-1.2050,-1.2550,-58.0000,-1.4450,-1.3260,-78.0000,1.4450,1.3810,70.0000
1786021682.4484,0.6050,0.9110,24.0000,-0.6050,-0.8410,-27.0000,-2.0450,-1.7600,-108.0000,2.0450,1.7260,104.0000
1786021682.4985,0.2450,0.2240,25.0000,-0.2450,-0.2940,-21.0000,-2.4050,-2.3580,-113.0000,2.4050,2.3590,106.0000
1786021682.5485,0.8450,0.5090,58.0000,-0.8450,-0.5190,-57.0000,-1.8050,-2.0640,-80.0000,1.8050,2.2040,66.0000
1786021682.5985,1.3250,1.1440,69.0000,-1.3250,-1.1430,-69.0000,-1.3250,-1.5340,-63.0000,1.3250,1.5310,57.0000
1786021682.6485,1.3250,1.3410,63.0000,-1.3250,-1.3570,-62.0000,-1.3250,-1.3450,-69.0000,1.3250,1.3140,63.0000
1786021682.6986,1.3250,1.3440,64.0000,-1.3250,-1.3750,-63.0000,-1.3250,-1.3580,-66.0000,1.3250,1.2110,68.0000
1786021682.7485,1.3250,1.3300,65.0000,-1.3250,-1.3660,-63.0000,-1.3250,-1.3370,-67.0000,1.3250,1.2500,66.0000
1786021682.7985,1.3250,1.3450,64.0000,-1.3250,-1.3040,-66.0000,-1.3250,-1.3530,-65.0000,1.3250,1.3150,63.0000
1786021682.8485,1.3250,1.3180,66.0000,-1.3250,-1.2460,-69.0000,-1.3250,-1.3000,-68.0000,1.3250,1.3570,61.0000
1786021682.8985,1.3250,1.3040,67.0000,-1.3250,-1.2840,-68.0000,-1.3250,-1.2760,-69.0000,1.3250,1.3830,59.0000
1786021682.9485,1.3250,1.2970,67.0000,-1.3250,-1.3200,-66.0000,-1.3250,-1.3030,-68.0000,1.3250,1.3100,63.0000
1786021682.9984,1.3250,1.3540,64.0000,-1.3250,-1.3770,-63.0000,-1.3250,-1.3450,-66.0000,1.3250,1.2660,65.0000
1786021683.0485,1.3250,1.3300,66.0000,-1.3250,-1.3790,-63.0000,-1.3250,-1.3400,-66.0000,1.3250,1.2390,67.0000
1786021683.0984,1.3250,1.3790,62.0000,-1.3250,-1.3530,-64.0000,-1.3250,-1.3730,-64.0000,1.3250,1.2970,65.0000
1786021683.1485,1.3250,1.3780,62.0000,-1.3250,-1.2720,-68.0000,-1.3250,-1.3590,-65.0000,1.3250,1.3730,61.0000
1786021683.1984,1.3250,1.3870,61.0000,-1.3250,-1.2520,-69.0000,-1.3250,-1.2820,-69.0000,1.3250,1.3590,61.0000
1786021683.2485,1.3250,1.2740,67.0000,-1.3250,-1.3100,-66.0000,-1.3250,-1.2730,-69.0000,1.3250,1.3230,63.0000
1786021683.2984,1.3250,1.3140,65.0000,-1.3250,-1.3350,-65.0000,-1.3250,-1.3430,-66.0000,1.3250,1.2890,65.0000
1786021683.3485,1.3250,1.3570,63.0000,-1.3250,-1.3820,-63.0000,-1.3250,-1.3550,-65.0000,1.3250,1.2860,65.0000
1786021683.3985,1.6850,1.4800,87.0000,-1.6850,-1.4610,-89.0000,-0.9650,-1.2900,-37.0000,0.9650,1.2050,39.0000
1786021683.4484,1.3250,1.6260,50.0000,-1.3250,-1.6690,-49.0000,-1.3250,-1.0380,-79.0000,1.3250,0.9810,80.0000
1786021683.4984,1.3250,1.3540,63.0000,-1.3250,-1.2490,-70.0000,-1.3250,-1.3480,-63.0000,1.3250,1.3990,58.0000
1786021683.5485,1.3250,1.3320,63.0000,-1.3250,-1.3070,-66.0000,-1.3250,-1.2750,-68.0000,1.3250,1.3490,62.0000
1786021683.5985,1.3250,1.3000,65.0000,-1.3250,-1.3210,-65.0000,-1.3250,-1.3010,-67.0000,1.3250,1.3430,63.0000
1786021683.6485,1.3250,1.3100,64.0000,-1.3250,-1.3420,-64.0000,-1.3250,-1.3330,-66.0000,1.3250,1.3160,64.0000
1786021683.6985,1.3250,1.3710,61.0000,-1.3250,-1.3280,-65.0000,-1.3250,-1.3390,-66.0000,1.3250,1.2890,65.0000
1786021683.7484,1.5650,1.3640,82.0000,-1.5650,-1.3050,-87.0000,-1.0850,-1.3320,-45.0000,1.0850,1.3680,40.0000
1786021683.7985,2.1650,1.8800,107.0000,-2.1650,-1.8540,-112.0000,-0.4850,-0.7530,-22.0000,0.4850,0.8270,15.0000
1786021683.8485,1.8050,2.1060,69.0000,-1.8050,-2.1230,-71.0000,-0.8450,-0.4930,-62.0000,0.8450,0.4550,61.0000
1786021683.8985,1.3250,1.5000,59.0000,-1.3250,-1.4970,-62.0000,-1.3250,-1.1520,-70.0000,1.3250,1.1720,65.0000
1786021683.9485,1.3250,1.4000,60.0000,-1.3250,-1.3670,-64.0000,-1.3250,-1.3430,-64.0000,1.3250,1.3650,59.0000
1786021683.9985,1.3250,1.3630,60.0000,-1.3250,-1.3190,-65.0000,-1.3250,-1.3330,-66.0000,1.3250,1.3810,59.0000
1786021684.0485,1.3250,1.3430,61.0000,-1.3250,-1.2800,-67.0000,-1.3250,-1.2910,-69.0000,1.3250,1.2890,64.0000
1786021684.0984,1.3250,1.2920,63.0000,-1.3250,-1.2950,-67.0000,-1.3250,-1.3170,-67.0000,1.3250,1.3050,63.0000
1786021684.1485,1.3250,1.2470,66.0000,-1.3250,-1.3040,-66.0000,-1.3250,-1.2330,-72.0000,1.3250,1.2600,66.0000
1786021684.1985,1.3250,1.2920,64.0000,-1.3250,-1.3430,-64.0000,-1.3250,-1.3350,-67.0000,1.3250,1.3130,64.0000
1786021684.2485,1.3250,1.3020,65.0000,-1.3250,-1.3940,-61.0000,-1.3250,-1.3470,-67.0000,1.3250,1.3540,62.0000
1786021684.2985,1.3250,1.3070,65.0000,-1.3250,-1.3350,-64.0000,-1.3250,-1.3470,-66.0000,1.3250,1.3950,59.0000
1786021684.3485,1.3250,1.3190,64.0000,-1.3250,-1.2960,-66.0000,-1.3250,-1.3050,-69.0000,1.3250,1.1860,71.0000
1786021684.3985,1.3250,1.3170,64.0000,-1.3250,-1.3300,-64.0000,-1.3250,-1.3310,-67.0000,1.3250,1.2860,65.0000
1786021684.4485,1.3250,1.2820,67.0000,-1.3250,-1.3040,-66.0000,-1.3250,-1.2630,-71.0000,1.3250,1.3740,61.0000
1786021684.4985,1.3250,1.3230,65.0000,-1.3250,-1.3090,-66.0000,-1.3250,-1.2730,-71.0000,1.3250,1.2840,66.0000
1786021684.5484,1.3250,1.3880,61.0000,-1.3250,-1.3890,-61.0000,-1.3250,-1.3440,-67.0000,1.3250,1.3790,61.0000
1786021684.5985,1.3250,1.3660,62.0000,-1.3250,-1.3400,-64.0000,-1.3250,-1.3530,-67.0000,1.3250,1.3600,62.0000
1786021684.6485,1.3250,1.2710,67.0000,-1.3250,-1.3050,-66.0000,-1.3250,-1.2810,-71.0000,1.3250,1.3230,63.0000
1786021684.6985,1.3250,1.3220,64.0000,-1.3250,-1.3120,-65.0000,-1.3250,-1.3520,-67.0000,1.3250,1.2980,65.0000
1786021684.7485,1.3250,1.3630,62.0000,-1.3250,-1.3450,-63.0000,-1.3250,-1.3770,-65.0000,1.3250,1.3120,64.0000
1786021684.7985,1.3250,1.3080,65.0000,-1.3250,-1.3190,-65.0000,-1.3250,-1.3030,-69.0000,1.3250,1.3030,65.0000
1786021684.8485,1.3250,1.3070,65.0000,-1.3250,-1.3210,-65.0000,-1.3250,-1.2850,-70.0000,1.3250,1.3260,64.0000
1786021684.8985,1.3250,1.3170,65.0000,-1.3250,-1.3230,-65.0000,-1.3250,-1.3280,-68.0000,1.3250,1.3550,62.0000
1786021684.9485,1.3250,1.3800,61.0000,-1.3250,-1.3120,-65.0000,-1.3250,-1.3490,-67.0000,1.3250,1.4040,59.0000
1786021684.9984,0.9650,1.2540,37.0000,-0.9650,-1.2240,-39.0000,-0.9650,-1.2440,-42.0000,0.9650,1.1600,41.0000
1786021685.0484,0.3650,0.7260,10.0000,-0.3650,-0.7130,-11.0000,-0.3650,-0.7610,-12.0000,0.3650,0.7280,9.0000
1786021685.0983,0.0000,0.1570,0.0000,0.0000,-0.1490,0.0000,0.0000,-0.1900,0.0000,0.0000,0.1300,0.0000
1786021685.1483,0.0000,0.0030,0.0000,0.0000,-0.0110,0.0000,0.0000,0.0100,0.0000,0.0000,-0.0040,0.0000
1786021685.1983,0.0000,-0.0000,0.0000,0.0000,-0.0010,0.0000,0.0000,0.0010,0.0000,0.0000,-0.0100,0.0000
1786021685.2482,0.0000,-0.0000,0.0000,0.0000,0.0010,0.0000,0.0000,0.0000,0.0000,0.0000,-0.0010,0.0000
1786021685.3477,0.0000,0.0000,0.0000,0.0000,0.0000,0.0000,0.0000,0.0000,0.0000,0.0000,0.0070,0.0000
1786021685.3485,-0.6000,-0.3250,-43.0000,-0.6000,-0.3670,-41.0000,-0.6000,-0.2800,-46.0000,-0.6000,-0.3600,-41.0000
1786021685.3986,-1.2000,-0.9100,-67.0000,-1.2000,-0.9240,-67.0000,-1.2000,-0.7700,-77.0000,-1.2000,-0.9720,-64.0000
1786021685.4486,-1.3250,-1.2820,-64.0000,-1.3250,-1.1990,-70.0000,-1.3250,-1.1320,-76.0000,-1.3250,-1.4080,-57.0000
1786021685.4986,-1.3250,-1.3470,-63.0000,-1.3250,-1.3540,-65.0000,-1.3250,-1.3290,-69.0000,-1.3250,-1.3630,-61.0000
1786021685.5486,-1.3250,-1.3910,-61.0000,-1.3250,-1.4200,-62.0000,-1.3250,-1.4430,-64.0000,-1.3250,-1.4190,-58.0000
1786021685.5987,-1.3250,-1.3920,-61.0000,-1.3250,-1.4050,-62.0000,-1.3250,-1.4280,-64.0000,-1.3250,-1.3860,-59.0000
1786021685.6486,-1.3250,-1.3710,-62.0000,-1.3250,-1.3960,-62.0000,-1.3250,-1.4320,-63.0000,-1.3250,-1.4000,-58.0000
1786021685.6987,-1.3250,-1.3740,-61.0000,-1.3250,-1.3790,-62.0000,-1.3250,-1.3950,-63.0000,-1.3250,-1.3670,-59.0000
1786021685.7486,-1.3250,-1.3640,-61.0000,-1.3250,-1.3750,-61.0000,-1.3250,-1.3590,-65.0000,-1.3250,-1.3820,-57.0000
1786021685.7986,-1.3250,-1.3630,-60.0000,-1.3250,-1.3710,-61.0000,-1.3250,-1.3730,-63.0000,-1.3250,-1.3480,-59.0000
1786021685.8487,-1.3250,-1.3630,-60.0000,-1.3250,-1.3700,-60.0000,-1.3250,-1.3960,-61.0000,-1.3250,-1.3700,-57.0000
1786021685.8987,-1.3250,-1.3550,-60.0000,-1.3250,-1.3580,-60.0000,-1.3250,-1.3730,-62.0000,-1.3250,-1.3380,-58.0000
1786021685.9486,-1.3250,-1.3470,-60.0000,-1.3250,-1.3560,-60.0000,-1.3250,-1.3650,-61.0000,-1.3250,-1.3610,-57.0000
1786021685.9987,-1.3250,-1.3440,-60.0000,-1.3250,-1.3440,-60.0000,-1.3250,-1.3310,-63.0000,-1.3250,-1.3290,-58.0000
1786021686.0486,-1.3250,-1.3390,-60.0000,-1.3250,-1.3460,-60.0000,-1.3250,-1.3240,-63.0000,-1.3250,-1.3380,-57.0000
1786021686.0987,-1.3250,-1.3360,-60.0000,-1.3250,-1.3380,-60.0000,-1.3250,-1.3210,-63.0000,-1.3250,-1.3350,-57.0000
1786021686.1494,-1.3250,-1.3390,-59.0000,-1.3250,-1.3390,-60.0000,-1.3250,-1.3660,-60.0000,-1.3250,-1.3520,-56.0000
1786021686.1989,-1.3250,-1.3450,-59.0000,-1.3250,-1.3360,-60.0000,-1.3250,-1.3510,-61.0000,-1.3250,-1.3210,-58.0000
1786021686.2487,-1.3250,-1.3390,-59.0000,-1.3250,-1.3390,-59.0000,-1.3250,-1.3460,-61.0000,-1.3250,-1.3480,-56.0000
1786021686.2987,-1.3250,-1.3380,-59.0000,-1.3250,-1.3300,-60.0000,-1.3250,-1.3160,-62.0000,-1.3250,-1.3220,-58.0000
1786021686.3486,-1.3250,-1.3420,-58.0000,-1.3250,-1.3360,-59.0000,-1.3250,-1.3530,-60.0000,-1.3250,-1.3390,-57.0000
1786021686.3986,-1.3250,-1.3390,-58.0000,-1.3250,-1.3290,-59.0000,-1.3250,-1.3360,-61.0000,-1.3250,-1.3220,-57.0000
1786021686.4487,-1.3250,-1.3320,-59.0000,-1.3250,-1.3310,-59.0000,-1.3250,-1.3470,-60.0000,-1.3250,-1.3410,-56.0000
1786021686.4987,-1.3250,-1.3250,-59.0000,-1.3250,-1.3240,-60.0000,-1.3250,-1.3240,-61.0000,-1.3250,-1.3160,-58.0000
1786021686.5486,-1.3250,-1.2900,-61.0000,-1.3250,-1.3220,-60.0000,-1.3250,-1.2570,-65.0000,-1.3250,-1.2970,-59.0000
1786021686.5986,-1.3250,-1.2760,-62.0000,-1.3250,-1.2560,-64.0000,-1.3250,-1.2820,-64.0000,-1.3250,-1.2840,-60.0000
1786021686.6486,-1.3250,-1.3090,-61.0000,-1.3250,-1.3280,-60.0000,-1.3250,-1.3420,-61.0000,-1.3250,-1.3300,-58.0000
1786021686.6987,-1.3250,-1.3460,-59.0000,-1.3250,-1.3400,-59.0000,-1.3250,-1.3390,-61.0000,-1.3250,-1.3390,-57.0000
1786021686.7487,-1.3250,-1.3360,-59.0000,-1.3250,-1.3410,-59.0000,-1.3250,-1.3570,-60.0000,-1.3250,-1.3530,-56.0000
1786021686.7986,-1.3250,-1.3450,-59.0000,-1.3250,-1.3330,-59.0000,-1.3250,-1.3350,-61.0000,-1.3250,-1.3200,-58.0000
1786021686.8486,-1.3250,-1.3380,-59.0000,-1.3250,-1.3310,-59.0000,-1.3250,-1.3630,-59.0000,-1.3250,-1.3300,-57.0000
1786021686.8986,-1.3250,-1.3360,-59.0000,-1.3250,-1.3200,-60.0000,-1.3250,-1.3290,-61.0000,-1.3250,-1.2490,-62.0000
1786021686.9486,-1.3250,-1.3180,-60.0000,-1.3250,-1.3280,-59.0000,-1.3250,-1.3500,-59.0000,-1.3250,-1.3100,-59.0000
1786021686.9993,-1.3250,-1.3230,-59.0000,-1.3250,-1.3240,-60.0000,-1.3250,-1.3200,-61.0000,-1.3250,-1.3230,-59.0000
1786021687.0487,-1.3250,-1.3220,-59.0000,-1.3250,-1.3270,-59.0000,-1.3250,-1.3450,-59.0000,-1.3250,-1.3550,-57.0000
1786021687.0986,-1.3250,-1.3360,-59.0000,-1.3250,-1.3330,-59.0000,-1.3250,-1.3150,-61.0000,-1.3250,-1.3330,-58.0000
1786021687.1486,-1.3250,-1.3260,-59.0000,-1.3250,-1.3260,-59.0000,-1.3250,-1.3420,-59.0000,-1.3250,-1.3490,-57.0000
1786021687.1986,-0.9650,-1.2620,-32.0000,-0.9650,-1.2590,-32.0000,-0.9650,-1.2690,-32.0000,-0.9650,-1.2370,-32.0000
1786021687.2485,-0.3650,-0.7090,-7.0000,-0.3650,-0.6470,-9.0000,-0.3650,-0.7600,-3.0000,-0.3650,-0.6580,-8.0000
1786021687.2984,0.0000,-0.1820,0.0000,0.0000,-0.0920,0.0000,0.0000,-0.1180,0.0000,0.0000,-0.1080,0.0000
1786021687.3484,0.0000,-0.0820,0.0000,0.0000,-0.0100,0.0000,0.0000,-0.0080,0.0000,0.0000,-0.0250,0.0000
1786021687.3984,0.0000,-0.1940,0.0000,0.0000,-0.0260,0.0000,0.0000,-0.0010,0.0000,0.0000,-0.2100,0.0000
1786021687.4485,0.0000,0.0580,0.0000,0.4800,0.1550,42.0000,0.4800,0.1650,41.0000,0.0000,-0.0050,0.0000
1786021687.4984,0.0000,0.0030,0.0000,1.0800,0.7440,66.0000,1.0800,0.7610,65.0000,0.0000,-0.0010,0.0000
1786021687.5484,0.0000,0.0060,0.0000,1.6800,1.3490,92.0000,1.6800,1.3390,92.0000,0.0000,0.0040,0.0000
1786021687.5984,0.0000,0.0020,0.0000,1.8640,1.8460,88.0000,1.8640,1.7280,95.0000,0.0000,0.0000,0.0000
1786021687.6484,0.0000,0.0040,0.0000,1.8640,1.8960,89.0000,1.8640,1.9380,87.0000,0.0000,0.0670,0.0000
1786021687.6985,0.0000,0.0010,0.0000,1.8640,1.8230,94.0000,1.8640,1.9620,87.0000,0.0000,0.2680,0.0000
1786021687.7484,0.0000,0.0000,0.0000,1.8640,1.8920,91.0000,1.8640,1.9150,89.0000,0.0000,0.1910,0.0000
1786021687.7984,0.0000,-0.0010,0.0000,1.8640,1.9340,88.0000,1.8640,1.8610,91.0000,0.0000,0.0310,0.0000
1786021687.8484,0.0000,0.0010,0.0000,1.8640,1.9540,86.0000,1.8640,1.9220,87.0000,0.0000,0.0050,0.0000
1786021687.8984,0.0000,0.0000,0.0000,1.8640,1.8410,92.0000,1.8640,1.9300,86.0000,0.0000,0.0840,0.0000
1786021687.9484,0.0000,0.0000,0.0000,1.8640,1.8810,90.0000,1.8640,1.9200,86.0000,0.0000,0.1170,0.0000
1786021687.9983,0.0000,0.0000,0.0000,1.8640,1.9420,86.0000,1.8640,1.9240,85.0000,0.0000,0.0120,0.0000
1786021688.0485,0.0000,-0.0010,0.0000,1.8640,1.9270,86.0000,1.8640,1.8590,88.0000,0.0000,-0.0020,0.0000
1786021688.0984,0.0000,0.0030,0.0000,1.8640,1.8510,90.0000,1.8640,1.8990,85.0000,0.0000,0.0380,0.0000
1786021688.1485,0.0000,-0.0010,0.0000,1.8640,1.8560,89.0000,1.8640,1.9270,83.0000,0.0000,0.0930,0.0000
1786021688.1984,0.0000,0.0000,0.0000,1.8640,1.9210,85.0000,1.8640,1.8910,85.0000,0.0000,0.0380,0.0000
1786021688.2491,0.0000,-0.0010,0.0000,1.8640,1.8740,88.0000,1.8640,1.8220,89.0000,0.0000,-0.0010,0.0000
1786021688.2984,0.0000,0.0050,0.0000,1.8640,1.8510,89.0000,1.8640,1.8780,85.0000,0.0000,0.0080,0.0000
1786021688.3487,0.0000,0.0000,0.0000,1.8640,1.8470,89.0000,1.8640,1.8920,85.0000,0.0000,0.0240,0.0000
1786021688.3985,0.0000,0.0050,0.0000,1.8640,1.8830,87.0000,1.8640,1.8870,85.0000,0.0000,0.0030,0.0000
1786021688.4485,0.0000,0.0000,0.0000,1.8640,1.8850,87.0000,1.8640,1.8750,85.0000,0.0000,-0.0020,0.0000
1786021688.4985,0.0000,0.0010,0.0000,1.8640,1.8880,87.0000,1.8640,1.8650,86.0000,0.0000,0.0000,0.0000
1786021688.5484,0.0000,0.0000,0.0000,1.8640,1.8680,88.0000,1.8640,1.8450,87.0000,0.0000,0.0000,0.0000
1786021688.5984,0.0000,0.0000,0.0000,1.8640,1.8290,90.0000,1.8640,1.8470,87.0000,0.0000,0.0330,0.0000
1786021688.6484,0.0000,0.0000,0.0000,1.8640,1.8740,87.0000,1.8640,1.8160,89.0000,0.0000,0.1550,0.0000
1786021688.6986,0.0000,-0.0000,0.0000,1.8640,1.8760,87.0000,1.8640,1.7700,92.0000,0.0000,0.1200,0.0000
1786021688.7484,0.0000,0.0180,0.0000,1.8640,1.8700,88.0000,1.8640,1.8510,88.0000,0.0000,0.1500,0.0000
1786021688.7984,0.0000,0.0510,0.0000,1.8640,1.8650,88.0000,1.8640,1.9040,86.0000,0.0000,0.2040,0.0000
1786021688.8484,0.0000,0.0310,0.0000,1.8640,1.8790,87.0000,1.8640,1.8600,88.0000,0.0000,0.1120,0.0000
1786021688.8985,0.0000,0.0020,0.0000,1.8640,1.8870,86.0000,1.8640,1.8670,88.0000,0.0000,0.0140,0.0000
1786021688.9484,0.0000,0.0000,0.0000,1.8640,1.9020,85.0000,1.8640,1.9060,85.0000,0.0000,0.0140,0.0000
1786021688.9984,0.0000,0.0010,0.0000,1.8640,1.8780,86.0000,1.8640,1.8810,86.0000,0.0000,0.0060,0.0000
1786021689.0484,0.0000,0.0000,0.0000,1.8640,1.8110,90.0000,1.8640,1.8680,87.0000,0.0000,0.0710,0.0000
1786021689.0985,0.0000,-0.0010,0.0000,1.8640,1.8330,89.0000,1.8640,1.8420,88.0000,0.0000,0.0610,0.0000
1786021689.1485,0.0000,-0.0000,0.0000,1.8640,1.8900,86.0000,1.8640,1.8100,90.0000,0.0000,0.0240,0.0000
1786021689.1984,0.0000,0.0010,0.0000,1.8640,1.8380,89.0000,1.8640,1.8750,87.0000,0.0000,0.0620,0.0000
1786021689.2485,0.0000,0.0240,0.0000,1.8640,1.8230,90.0000,1.8640,1.8660,88.0000,0.0000,0.1500,0.0000
1786021689.2985,0.0000,0.0270,0.0000,1.8640,1.8600,88.0000,1.8640,1.8570,88.0000,0.0000,0.1340,0.0000
1786021689.3485,0.0000,0.0010,0.0000,1.8640,1.8690,88.0000,1.8640,1.8530,88.0000,0.0000,0.0150,0.0000
1786021689.3984,0.0000,0.0010,0.0000,1.8640,1.9270,84.0000,1.8640,1.8600,88.0000,0.0000,0.0100,0.0000
1786021689.4496,0.0000,0.0030,0.0000,1.8640,1.8780,87.0000,1.8640,1.8920,86.0000,0.0000,0.0420,0.0000
1786021689.4984,0.0000,0.0420,0.0000,1.8640,1.8090,91.0000,1.8640,1.8120,91.0000,0.0000,0.0930,0.0000
1786021689.5484,0.0000,0.0050,0.0000,1.8640,1.8420,89.0000,1.8640,1.8550,88.0000,0.0000,0.0190,0.0000
1786021689.5985,0.0000,-0.0000,0.0000,1.8640,1.9110,85.0000,1.8640,1.8790,87.0000,0.0000,0.0010,0.0000
1786021689.6485,0.0000,-0.0010,0.0000,1.8640,1.9460,83.0000,1.8640,1.8990,86.0000,0.0000,0.0040,0.0000
1786021689.6985,0.0000,0.0060,0.0000,1.8640,1.8440,88.0000,1.8640,1.8590,88.0000,0.0000,0.0210,0.0000
1786021689.7485,0.0000,0.0180,0.0000,1.8640,1.8270,89.0000,1.8640,1.8520,88.0000,0.0000,0.0700,0.0000
1786021689.7985,0.0000,-0.0040,0.0000,1.8640,1.8870,86.0000,1.8640,1.8900,86.0000,0.0000,0.0060,0.0000
1786021689.8486,0.0000,-0.0030,0.0000,1.8640,1.9210,84.0000,1.8640,1.8530,88.0000,0.0000,0.0010,0.0000
1786021689.8985,0.0000,0.0110,0.0000,1.8640,1.8880,85.0000,1.8640,1.9080,85.0000,0.0000,0.0290,0.0000
1786021689.9485,0.0000,0.0010,0.0000,1.8640,1.7970,90.0000,1.8640,1.9150,84.0000,0.0000,0.1180,0.0000
1786021689.9984,0.0000,0.0000,0.0000,1.8640,1.8610,87.0000,1.8640,1.8170,89.0000,0.0000,0.0980,0.0000
1786021690.0485,0.0000,-0.0070,0.0000,1.8640,1.8820,86.0000,1.8640,1.8400,88.0000,0.0000,0.0050,0.0000
1786021690.0986,0.0000,0.0040,0.0000,1.8640,1.8810,86.0000,1.8640,1.8850,86.0000,0.0000,0.0030,0.0000
1786021690.1484,0.0000,0.0000,0.0000,1.8640,1.8160,89.0000,1.8640,1.8840,86.0000,0.0000,0.0890,0.0000
1786021690.1986,0.0000,0.0000,0.0000,1.8640,1.8560,87.0000,1.8640,1.8070,90.0000,0.0000,0.1200,0.0000
1786021690.2485,0.0000,-0.0030,0.0000,1.8640,1.8930,85.0000,1.8640,1.8730,86.0000,0.0000,0.0150,0.0000
1786021690.2985,0.0000,-0.0010,0.0000,1.8640,1.9050,84.0000,1.8640,1.8720,86.0000,0.0000,0.0050,0.0000
1786021690.3485,0.0000,0.0030,0.0000,1.8640,1.8250,89.0000,1.8640,1.8680,87.0000,0.0000,0.0840,0.0000
1786021690.3985,0.0000,0.0000,0.0000,1.8640,1.8070,90.0000,1.8640,1.8530,88.0000,0.0000,0.1290,0.0000
1786021690.4485,0.0000,-0.0000,0.0000,1.8640,1.9030,85.0000,1.8640,1.8790,86.0000,0.0000,0.0380,0.0000
1786021690.4985,0.0000,-0.0000,0.0000,1.8640,1.9010,85.0000,1.8640,1.8820,86.0000,0.0000,0.0520,0.0000
1786021690.5485,0.0000,-0.0000,0.0000,1.8640,1.9340,83.0000,1.8640,1.8610,87.0000,0.0000,0.0650,0.0000
1786021690.5985,0.0000,-0.0000,0.0000,1.8640,1.8330,88.0000,1.8640,1.9240,83.0000,0.0000,0.1050,0.0000
1786021690.6485,0.0000,-0.0000,0.0000,1.8640,1.7940,90.0000,1.8640,1.8040,90.0000,0.0000,0.1580,0.0000
1786021690.6986,0.0000,-0.0010,0.0000,1.8640,1.8660,86.0000,1.8640,1.8310,88.0000,0.0000,0.0300,0.0000
1786021690.7485,0.0000,-0.0020,0.0000,1.8640,1.9010,85.0000,1.8640,1.9000,85.0000,0.0000,0.0020,0.0000
1786021690.7985,0.0000,0.0010,0.0000,1.8640,1.9060,84.0000,1.8640,1.8970,85.0000,0.0000,0.0000,0.0000
1786021690.8485,0.0000,0.0010,0.0000,1.8640,1.8020,90.0000,1.8640,1.8880,85.0000,0.0000,0.0670,0.0000
1786021690.8985,0.0000,-0.0010,0.0000,1.8640,1.8580,87.0000,1.8640,1.8500,87.0000,0.0000,0.0620,0.0000
1786021690.9485,0.0000,-0.0030,0.0000,1.8640,1.8820,85.0000,1.8640,1.7980,90.0000,0.0000,0.0050,0.0000
1786021690.9985,0.0000,-0.0000,0.0000,1.8640,1.8770,86.0000,1.8640,1.8570,87.0000,0.0000,0.0030,0.0000
1786021691.0485,0.0000,0.0070,0.0000,1.8640,1.8300,88.0000,1.8640,1.9150,84.0000,0.0000,0.0740,0.0000
1786021691.0985,0.0000,0.0080,0.0000,1.8640,1.8220,89.0000,1.8640,1.8490,87.0000,0.0000,0.0990,0.0000
1786021691.1486,0.0000,-0.0050,0.0000,1.8640,1.8800,86.0000,1.8640,1.8210,89.0000,0.0000,0.0090,0.0000
1786021691.1985,0.0000,-0.0060,0.0000,1.8640,1.8880,85.0000,1.8640,1.8510,87.0000,0.0000,0.0110,0.0000
1786021691.2485,0.0000,0.0160,0.0000,1.8640,1.8600,87.0000,1.8640,1.9050,84.0000,0.0000,0.0320,0.0000
1786021691.2985,0.0000,0.0130,0.0000,1.8640,1.8050,90.0000,1.8640,1.8320,89.0000,0.0000,0.1470,0.0000
1786021691.3485,0.0000,0.0030,0.0000,1.8640,1.8610,87.0000,1.8640,1.8390,88.0000,0.0000,0.0550,0.0000
1786021691.3985,0.0000,0.0000,0.0000,1.8640,1.9040,85.0000,1.8640,1.8930,85.0000,0.0000,0.0070,0.0000
1786021691.4485,0.0000,0.0000,0.0000,1.8640,1.9270,83.0000,1.8640,1.9010,85.0000,0.0000,0.0380,0.0000
1786021691.4985,0.0000,0.0010,0.0000,1.8640,1.8710,86.0000,1.8640,1.8600,87.0000,0.0000,0.0560,0.0000
1786021691.5485,0.0000,0.0240,0.0000,1.8640,1.8550,86.0000,1.8640,1.8440,88.0000,0.0000,0.0100,0.0000
1786021691.5985,0.0000,0.0020,0.0000,1.8640,1.8560,86.0000,1.8640,1.8040,90.0000,0.0000,-0.0090,0.0000
1786021691.6485,0.0000,-0.0000,0.0000,1.8640,1.8780,85.0000,1.8640,1.7840,92.0000,0.0000,0.0020,0.0000
1786021691.6986,0.0000,0.0110,0.0000,1.8640,1.8350,88.0000,1.8640,1.9050,85.0000,0.0000,0.0070,0.0000
1786021691.7485,0.0000,0.0710,0.0000,1.8640,1.8380,88.0000,1.8640,1.8340,90.0000,0.0000,0.0030,0.0000
1786021691.7986,0.0000,0.0100,0.0000,1.8640,1.8600,87.0000,1.8640,1.8730,88.0000,0.0000,-0.0090,0.0000
1786021691.8486,0.0000,0.0010,0.0000,1.8640,1.8660,87.0000,1.8640,1.8770,88.0000,0.0000,-0.0010,0.0000
1786021691.8985,0.0000,0.0010,0.0000,1.8640,1.8880,85.0000,1.8640,1.8510,89.0000,0.0000,0.0120,0.0000
1786021691.9485,0.0000,0.0030,0.0000,1.8640,1.8340,88.0000,1.8640,1.8670,88.0000,0.0000,0.0020,0.0000
1786021691.9985,0.0000,0.0080,0.0000,1.8640,1.8620,87.0000,1.8640,1.8440,89.0000,0.0000,-0.0050,0.0000
1786021692.0485,0.0000,0.0010,0.0000,1.8640,1.8610,87.0000,1.8640,1.8740,88.0000,0.0000,-0.0030,0.0000
1786021692.0986,0.0000,-0.0000,0.0000,1.8640,1.9010,84.0000,1.8640,1.8340,90.0000,0.0000,0.0080,0.0000
1786021692.1486,0.0000,0.0020,0.0000,1.8640,1.8620,87.0000,1.8640,1.8830,88.0000,0.0000,0.0020,0.0000
1786021692.1986,0.0000,0.0450,0.0000,1.8640,1.8390,88.0000,1.8640,1.8440,90.0000,0.0000,0.0140,0.0000
1786021692.2486,0.0000,0.0030,0.0000,1.8640,1.8670,86.0000,1.8640,1.8560,89.0000,0.0000,-0.0030,0.0000
1786021692.2986,0.0000,-0.0010,0.0000,1.8640,1.8640,87.0000,1.8640,1.8920,87.0000,0.0000,-0.0000,0.0000
1786021692.3485,0.0000,0.0010,0.0000,1.8640,1.9210,83.0000,1.8640,1.9200,85.0000,0.0000,0.0280,0.0000
1786021692.3986,0.0000,0.0010,0.0000,1.8640,1.8330,88.0000,1.8640,1.8670,88.0000,0.0000,0.0310,0.0000
1786021692.4485,0.0000,0.0000,0.0000,1.8640,1.8450,87.0000,1.8640,1.8180,91.0000,0.0000,0.0100,0.0000
1786021692.4985,0.0000,-0.0010,0.0000,1.8640,1.8610,86.0000,1.8640,1.8570,88.0000,0.0000,0.0000,0.0000
1786021692.5485,0.0000,0.0010,0.0000,1.8640,1.9090,84.0000,1.8640,1.8940,86.0000,0.0000,0.0010,0.0000
1786021692.5985,0.0000,0.0040,0.0000,1.8640,1.8110,89.0000,1.8640,1.8590,89.0000,0.0000,0.0090,0.0000
1786021692.6486,0.0000,0.0210,0.0000,1.8640,1.8140,89.0000,1.8640,1.8360,90.0000,0.0000,0.0120,0.0000
1786021692.6987,0.0000,-0.0030,0.0000,1.8640,1.8420,88.0000,1.8640,1.8920,87.0000,0.0000,-0.0000,0.0000
1786021692.7492,0.0000,-0.0000,0.0000,1.8640,1.9070,85.0000,1.8640,1.8440,89.0000,0.0000,0.0030,0.0000
1786021692.7985,0.0000,0.0030,0.0000,1.8640,1.9290,83.0000,1.8640,1.8780,87.0000,0.0000,0.0120,0.0000
1786021692.8486,0.0000,0.0060,0.0000,1.8640,1.8340,88.0000,1.8640,1.8640,88.0000,0.0000,0.0270,0.0000
1786021692.8985,0.0000,0.0010,0.0000,1.8640,1.8130,90.0000,1.8640,1.8270,90.0000,0.0000,0.0060,0.0000
1786021692.9486,0.0000,-0.0040,0.0000,1.8640,1.8820,86.0000,1.8640,1.8550,89.0000,0.0000,0.0000,0.0000
1786021692.9986,0.0000,-0.0010,0.0000,1.6240,1.9160,63.0000,1.6240,1.8580,68.0000,0.0000,0.0030,0.0000
1786021693.0484,0.0000,0.0050,0.0000,1.0240,1.3630,38.0000,1.0240,1.4330,36.0000,0.0000,0.0680,0.0000
1786021693.1485,0.0000,0.0810,0.0000,0.4240,0.8120,9.0000,0.4240,0.8690,8.0000,0.0000,0.0080,0.0000
1786021693.1492,0.0000,0.0180,0.0000,0.0000,0.1490,0.0000,0.0000,0.1880,0.0000,0.0000,-0.0060,0.0000
1786021693.1984,0.0000,0.0060,0.0000,0.0000,0.0110,0.0000,0.0000,0.0150,0.0000,0.0000,-0.0070,0.0000
1786021693.2484,0.0000,-0.0010,0.0000,0.0000,0.0010,0.0000,0.0000,-0.0100,0.0000,0.0000,-0.0040,0.0000
1786021693.2984,0.0000,-0.0030,0.0000,0.0000,-0.0010,0.0000,0.0000,-0.0010,0.0000,0.0000,-0.0000,0.0000
1786021693.3488,0.0000,-0.0000,0.0000,0.0000,-0.0060,0.0000,0.0000,-0.0000,0.0000,0.0000,-0.0000,0.0000
1786021693.3987,-0.6000,-0.3160,-43.0000,-0.6000,-0.3720,-40.0000,-0.6000,-0.3230,-43.0000,-0.6000,-0.3450,-42.0000
1786021693.4487,-1.2000,-0.7260,-78.0000,-1.2000,-0.9050,-68.0000,-1.2000,-0.8850,-70.0000,-1.2000,-0.9470,-66.0000
1786021693.4987,-1.3250,-1.1410,-74.0000,-1.3250,-1.2760,-65.0000,-1.3250,-1.3370,-62.0000,-1.3250,-1.2620,-66.0000
1786021693.5487,-0.7250,-1.0510,-31.0000,-0.7250,-1.0690,-26.0000,-0.7250,-1.1320,-23.0000,-0.7250,-1.1040,-24.0000
1786021693.5986,-0.1250,-0.5640,2.0000,-0.1250,-0.4910,3.0000,-0.1250,-0.5660,7.0000,-0.1250,-0.5030,4.0000
1786021693.6485,0.0000,-0.0600,0.0000,0.0000,-0.0660,0.0000,0.0000,-0.0650,0.0000,0.0000,-0.0430,0.0000
1786021693.6986,0.0000,-0.0790,0.0000,0.0000,-0.0050,0.0000,0.0000,-0.0030,0.0000,0.0000,-0.0100,0.0000
1786021693.7485,0.0000,-0.1740,0.0000,0.0000,-0.0760,0.0000,0.0000,-0.0000,0.0000,0.0000,-0.0790,0.0000
1786021693.7985,0.0000,-0.0720,0.0000,0.0000,-0.0160,0.0000,0.0000,-0.0000,0.0000,0.0000,-0.0020,0.0000
1786021693.8485,0.0000,-0.0080,0.0000,0.0000,-0.0000,0.0000,0.0000,-0.0000,0.0000,0.0000,0.0010,0.0000
1786021693.8985,0.0000,-0.0030,0.0000,0.0000,-0.0000,0.0000,0.0000,-0.0000,0.0000,0.0000,0.0000,0.0000
1786021693.9485,0.0000,-0.0000,0.0000,0.0000,-0.0000,0.0000,0.0000,-0.0000,0.0000,0.0000,0.0030,0.0000
1786021694.1486,0.0000,0.0000,0.0000,0.0000,0.0010,0.0000,0.0000,0.0030,0.0000,0.0000,0.0010,0.0000
1786021694.1492,0.0000,0.0000,0.0000,0.0000,0.0000,0.0000,0.0000,0.0000,0.0000,0.0000,0.0000,0.0000
1786021694.1499,0.0000,0.0000,0.0000,0.0000,0.0000,0.0000,0.0000,0.0000,0.0000,0.0000,0.0000,0.0000
1786021694.1506,0.0000,0.0000,0.0000,0.0000,0.0000,0.0000,0.0000,0.0000,0.0000,0.0000,0.0000,0.0000
1786021694.1985,0.0000,-0.0000,0.0000,0.0000,0.0000,0.0000,0.0000,0.0000,0.0000,0.0000,0.0000,0.0000
1786021694.2485,0.0000,-0.0000,0.0000,0.0000,0.0000,0.0000,0.0000,0.0000,0.0000,0.0000,0.0000,0.0000
1786021694.2984,0.0000,-0.0000,0.0000,0.0000,0.0000,0.0000,0.0000,0.0000,0.0000,0.0000,0.0000,0.0000
1786021694.4985,0.0000,0.0000,0.0000,0.0000,0.0000,0.0000,0.0000,0.0000,0.0000,0.0000,0.0000,0.0000
1786021694.4992,0.0000,0.0000,0.0000,0.0000,0.0000,0.0000,0.0000,0.0000,0.0000,0.0000,0.0000,0.0000
1786021694.4998,0.0000,0.0000,0.0000,0.0000,0.0000,0.0000,0.0000,0.0000,0.0000,0.0000,0.0000,0.0000
1786021694.5005,0.0000,0.0000,0.0000,0.0000,0.0000,0.0000,0.0000,0.0000,0.0000,0.0000,0.0000,0.0000
1786021694.6980,0.0000,0.0000,0.0000,0.0000,0.0000,0.0000,0.0000,0.0000,0.0000,0.0000,0.0000,0.0000
1786021694.6985,0.0000,0.0000,0.0000,0.0000,0.0000,0.0000,0.0000,0.0000,0.0000,0.0000,0.0000,0.0000
1786021694.6992,0.0000,0.0000,0.0000,0.0000,0.0000,0.0000,0.0000,0.0000,0.0000,0.0000,0.0000,0.0000
1786021694.6998,0.0000,0.0000,0.0000,0.0000,0.0000,0.0000,0.0000,0.0000,0.0000,0.0000,0.0000,0.0000
1786021694.7487,0.0000,0.0000,0.0000,-0.6000,-0.3420,-42.0000,-0.6000,-0.2880,-45.0000,0.0000,0.0000,0.0000
1786021694.7987,0.0000,-0.0060,0.0000,-1.2000,-0.9140,-68.0000,-1.2000,-0.9200,-68.0000,0.0000,0.0000,0.0000
1786021694.8488,0.0000,-0.0170,0.0000,-1.8000,-1.3360,-105.0000,-1.8000,-1.4880,-96.0000,0.0000,0.0000,0.0000
1786021694.8988,0.0000,-0.0050,0.0000,-1.8640,-1.7080,-97.0000,-1.8640,-1.6430,-101.0000,0.0000,-0.0630,0.0000
1786021694.9488,0.0000,-0.1150,0.0000,-1.8640,-1.9130,-90.0000,-1.8640,-1.8300,-94.0000,0.0000,-0.1330,0.0000
1786021694.9987,0.0000,-0.0350,0.0000,-1.8640,-2.0000,-86.0000,-1.8640,-1.9770,-87.0000,0.0000,-0.1650,0.0000
1786021695.0488,0.0000,-0.0030,0.0000,-1.8640,-1.9190,-90.0000,-1.8640,-1.9490,-88.0000,0.0000,-0.0130,0.0000
1786021695.0988,0.0000,-0.0080,0.0000,-1.8640,-1.9000,-90.0000,-1.8640,-1.8770,-91.0000,0.0000,-0.0030,0.0000
1786021695.1488,0.0000,-0.1290,0.0000,-1.8640,-1.9220,-88.0000,-1.8640,-1.8280,-94.0000,0.0000,-0.1710,0.0000
1786021695.2000,0.0000,-0.0610,0.0000,-1.8640,-1.9120,-88.0000,-1.8640,-1.8810,-91.0000,0.0000,-0.1240,0.0000
1786021695.2487,0.0000,-0.0050,0.0000,-1.8640,-1.9430,-85.0000,-1.8640,-1.9100,-89.0000,0.0000,-0.0620,0.0000
1786021695.2987,0.0000,-0.0020,0.0000,-1.8640,-1.8830,-88.0000,-1.8640,-1.8610,-92.0000,0.0000,-0.0080,0.0000
1786021695.3488,0.0000,-0.0130,0.0000,-1.8640,-1.9000,-87.0000,-1.8640,-1.9110,-89.0000,0.0000,-0.0540,0.0000
1786021695.3988,0.0000,-0.0240,0.0000,-1.8640,-1.8840,-87.0000,-1.8640,-1.8800,-90.0000,0.0000,-0.1370,0.0000
1786021695.4488,0.0000,-0.0310,0.0000,-1.8640,-1.8600,-88.0000,-1.8640,-1.8620,-91.0000,0.0000,-0.1200,0.0000
1786021695.4991,0.0000,-0.0020,0.0000,-1.8640,-1.8460,-89.0000,-1.8640,-1.8850,-89.0000,0.0000,-0.0650,0.0000
1786021695.5488,0.0000,-0.0150,0.0000,-1.8640,-1.8660,-88.0000,-1.8640,-1.8730,-90.0000,0.0000,-0.0740,0.0000
1786021695.5988,0.0000,-0.0850,0.0000,-1.8640,-1.8870,-87.0000,-1.8640,-1.7890,-95.0000,0.0000,-0.1480,0.0000
1786021695.6488,0.0000,-0.0360,0.0000,-1.8640,-1.8980,-86.0000,-1.8640,-1.8600,-91.0000,0.0000,-0.1410,0.0000
1786021695.6989,0.0000,-0.0020,0.0000,-1.8640,-1.8710,-87.0000,-1.8640,-1.9010,-89.0000,0.0000,-0.0640,0.0000
1786021695.7488,0.0000,-0.0070,0.0000,-1.8640,-1.8720,-87.0000,-1.8640,-1.8490,-92.0000,0.0000,-0.0610,0.0000
1786021695.7987,0.0000,-0.0520,0.0000,-1.8640,-1.8890,-86.0000,-1.8640,-1.8300,-93.0000,0.0000,-0.1130,0.0000
1786021695.8488,0.0000,-0.0490,0.0000,-1.8640,-1.9020,-85.0000,-1.8640,-1.8720,-90.0000,0.0000,-0.1690,0.0000
1786021695.8988,0.0000,-0.0050,0.0000,-1.8640,-1.9180,-83.0000,-1.8640,-1.8970,-89.0000,0.0000,-0.0770,0.0000
1786021695.9488,0.0000,-0.0020,0.0000,-1.8640,-1.8700,-86.0000,-1.8640,-1.8500,-92.0000,0.0000,-0.0070,0.0000
1786021695.9987,0.0000,-0.0060,0.0000,-1.8640,-1.8830,-84.0000,-1.8640,-1.8780,-90.0000,0.0000,-0.0490,0.0000
1786021696.0488,0.0000,-0.0200,0.0000,-1.8640,-1.8610,-86.0000,-1.8640,-1.8370,-92.0000,0.0000,-0.0980,0.0000
1786021696.0988,0.0000,-0.0040,0.0000,-1.8640,-1.8950,-83.0000,-1.8640,-1.8610,-91.0000,0.0000,-0.0430,0.0000
1786021696.1488,0.0000,0.0000,0.0000,-1.8640,-1.8440,-86.0000,-1.8640,-1.8880,-90.0000,0.0000,-0.0020,0.0000
1786021696.2001,0.0000,-0.0020,0.0000,-1.8640,-1.8580,-85.0000,-1.8640,-1.8890,-89.0000,0.0000,0.0030,0.0000
1786021696.2498,0.0000,-0.0050,0.0000,-1.8640,-1.8620,-85.0000,-1.8640,-1.9020,-88.0000,0.0000,0.0010,0.0000
1786021696.2998,0.0000,-0.0010,0.0000,-1.8640,-1.8540,-86.0000,-1.8640,-1.8470,-91.0000,0.0000,0.0030,0.0000
1786021696.3498,0.0000,-0.0000,0.0000,-1.8640,-1.8530,-86.0000,-1.8640,-1.9140,-87.0000,0.0000,0.0000,0.0000
1786021696.3998,0.0000,0.0000,0.0000,-1.8640,-1.8040,-89.0000,-1.8640,-1.8720,-89.0000,0.0000,-0.0040,0.0000
1786021696.4498,0.0000,-0.0060,0.0000,-1.8640,-1.8690,-85.0000,-1.8640,-1.8410,-91.0000,0.0000,-0.0240,0.0000
1786021696.4998,0.0000,-0.0420,0.0000,-1.8640,-1.8680,-86.0000,-1.8640,-1.8420,-91.0000,0.0000,-0.0860,0.0000
1786021696.5498,0.0000,-0.0060,0.0000,-1.8640,-1.8830,-85.0000,-1.8640,-1.8920,-88.0000,0.0000,-0.0420,0.0000
1786021696.5997,0.0000,0.0050,0.0000,-1.8640,-1.8470,-87.0000,-1.8640,-1.8920,-88.0000,0.0000,0.0050,0.0000
1786021696.6498,0.0000,-0.0050,0.0000,-1.8640,-1.8420,-87.0000,-1.8640,-1.8450,-90.0000,0.0000,-0.0080,0.0000
1786021696.6999,0.0000,-0.0390,0.0000,-1.8640,-1.8800,-85.0000,-1.8640,-1.9090,-87.0000,0.0000,-0.0470,0.0000
1786021696.7498,0.0000,-0.0340,0.0000,-1.8640,-1.8670,-86.0000,-1.8640,-1.8490,-90.0000,0.0000,-0.0100,0.0000
1786021696.7998,0.0000,-0.0030,0.0000,-1.8640,-1.8890,-85.0000,-1.8640,-1.9100,-86.0000,0.0000,0.0060,0.0000
1786021696.8503,0.0000,0.0000,0.0000,-1.8640,-1.8170,-89.0000,-1.8640,-1.9010,-86.0000,0.0000,0.0130,0.0000
1786021696.8998,0.0000,-0.0150,0.0000,-1.8640,-1.8620,-86.0000,-1.8640,-1.8850,-87.0000,0.0000,-0.0150,0.0000
1786021696.9498,0.0000,-0.0440,0.0000,-1.8640,-1.9130,-83.0000,-1.8640,-1.8530,-89.0000,0.0000,-0.0140,0.0000
1786021696.9998,0.0000,-0.0270,0.0000,-1.8640,-1.8570,-86.0000,-1.8640,-1.8980,-86.0000,0.0000,-0.0010,0.0000
1786021697.0497,0.0000,0.0030,0.0000,-1.8640,-1.7770,-91.0000,-1.8640,-1.9250,-84.0000,0.0000,0.0190,0.0000
1786021697.0998,0.0000,0.0010,0.0000,-1.8640,-1.8360,-88.0000,-1.8640,-1.8080,-91.0000,0.0000,-0.0000,0.0000
1786021697.1499,0.0000,-0.0560,0.0000,-1.8640,-1.8590,-87.0000,-1.8640,-1.8500,-88.0000,0.0000,-0.0170,0.0000
1786021697.1999,-0.3600,-0.1520,-31.0000,-1.5040,-1.7980,-59.0000,-1.5040,-1.7840,-60.0000,-0.3600,-0.1170,-33.0000
1786021697.2499,-0.9600,-0.6870,-56.0000,-1.3250,-1.3920,-62.0000,-1.3250,-1.3790,-64.0000,-0.9600,-0.7130,-55.0000
1786021697.2999,-1.3250,-1.2530,-62.0000,-1.3250,-1.3540,-62.0000,-1.3250,-1.3850,-60.0000,-1.3250,-1.2770,-62.0000
1786021697.3499,-1.3250,-1.2840,-65.0000,-1.3250,-1.2390,-67.0000,-1.3250,-1.2990,-64.0000,-1.3250,-1.1950,-71.0000
1786021697.3999,-1.3250,-1.3590,-62.0000,-1.3250,-1.3060,-64.0000,-1.3250,-1.3250,-63.0000,-1.3250,-1.3110,-66.0000
1786021697.4499,-1.0850,-1.3690,-42.0000,-1.5650,-1.3820,-80.0000,-1.5650,-1.3680,-81.0000,-1.0850,-1.3810,-42.0000
1786021697.4998,-0.4850,-0.9000,-12.0000,-1.8640,-1.8350,-84.0000,-1.8640,-1.8890,-81.0000,-0.4850,-0.8760,-15.0000
1786021697.5498,0.0000,-0.2660,0.0000,-1.8640,-1.8150,-88.0000,-1.8640,-1.8140,-88.0000,0.0000,-0.2590,0.0000
1786021697.5998,0.0000,-0.4260,0.0000,-1.8640,-1.9190,-83.0000,-1.8640,-1.7620,-92.0000,0.0000,-0.4500,0.0000
1786021697.6498,0.0000,-0.2520,0.0000,-1.8640,-1.9180,-83.0000,-1.8640,-1.8740,-86.0000,0.0000,-0.2310,0.0000
1786021697.6999,0.0000,-0.1390,0.0000,-1.8640,-1.8230,-88.0000,-1.8640,-1.8310,-89.0000,0.0000,-0.1480,0.0000
1786021697.7498,0.0000,-0.0220,0.0000,-1.8640,-1.9150,-83.0000,-1.8640,-1.8310,-90.0000,0.0000,-0.0990,0.0000
1786021697.7998,0.0000,-0.0020,0.0000,-1.8640,-1.8720,-85.0000,-1.8640,-1.8850,-87.0000,0.0000,-0.0250,0.0000
1786021697.8498,0.0000,-0.0000,0.0000,-1.8640,-1.8470,-86.0000,-1.8640,-1.8520,-89.0000,0.0000,-0.0020,0.0000
1786021697.8998,0.0000,-0.0020,0.0000,-1.8640,-1.8850,-84.0000,-1.8640,-1.8670,-88.0000,0.0000,-0.0340,0.0000
1786021697.9498,0.0000,-0.0160,0.0000,-1.8640,-1.8400,-87.0000,-1.8640,-1.8010,-92.0000,0.0000,-0.1140,0.0000
1786021697.9998,0.0000,-0.0040,0.0000,-1.8640,-1.8390,-87.0000,-1.8640,-1.8630,-88.0000,0.0000,-0.0560,0.0000
1786021698.0498,0.0000,-0.0000,0.0000,-1.8640,-1.8200,-88.0000,-1.8640,-1.8320,-90.0000,0.0000,-0.0010,0.0000
1786021698.1005,0.0000,-0.0300,0.0000,-1.8640,-1.9060,-83.0000,-1.8640,-1.9010,-87.0000,0.0000,-0.0050,0.0000
1786021698.1499,0.0000,-0.0410,0.0000,-1.8640,-1.8740,-85.0000,-1.8640,-1.8450,-90.0000,0.0000,-0.1010,0.0000
1786021698.1998,0.0000,-0.0250,0.0000,-1.8640,-1.9060,-83.0000,-1.8640,-1.8580,-89.0000,0.0000,-0.0590,0.0000
1786021698.2498,0.0000,-0.0020,0.0000,-1.8640,-1.8270,-88.0000,-1.8640,-1.8770,-88.0000,0.0000,-0.0010,0.0000
1786021698.2998,0.0000,-0.0080,0.0000,-1.8640,-1.8430,-87.0000,-1.8640,-1.9130,-86.0000,0.0000,0.0000,0.0000
1786021698.3499,0.0000,-0.0760,0.0000,-1.8640,-1.8860,-84.0000,-1.8640,-1.8430,-90.0000,0.0000,-0.0630,0.0000
1786021698.3998,0.0000,-0.0530,0.0000,-1.8640,-1.9010,-83.0000,-1.8640,-1.8730,-88.0000,0.0000,-0.0570,0.0000
1786021698.4499,0.0000,-0.0040,0.0000,-1.8640,-1.8830,-84.0000,-1.8640,-1.9160,-85.0000,0.0000,-0.0260,0.0000
1786021698.4998,0.0000,0.0000,0.0000,-1.8640,-1.8180,-88.0000,-1.8640,-1.8660,-88.0000,0.0000,0.0010,0.0000
1786021698.5499,0.0000,-0.0120,0.0000,-1.8640,-1.9110,-82.0000,-1.8640,-1.8630,-88.0000,0.0000,-0.0170,0.0000
1786021698.5998,0.0000,-0.0800,0.0000,-1.8640,-1.8740,-84.0000,-1.8640,-1.8330,-89.0000,0.0000,-0.0800,0.0000
1786021698.6499,0.0000,-0.0300,0.0000,-1.8640,-1.8810,-84.0000,-1.8640,-1.9000,-85.0000,0.0000,-0.0310,0.0000
1786021698.6999,0.0000,-0.0020,0.0000,-1.8640,-1.8800,-84.0000,-1.8640,-1.8460,-89.0000,0.0000,-0.0010,0.0000
1786021698.7497,0.0000,-0.0000,0.0000,-1.8640,-1.8390,-86.0000,-1.8640,-1.8500,-88.0000,0.0000,0.0050,0.0000
1786021698.7998,0.0000,-0.0130,0.0000,-1.8640,-1.8550,-85.0000,-1.8640,-1.9050,-85.0000,0.0000,-0.0030,0.0000
1786021698.8499,0.0000,-0.0050,0.0000,-1.8640,-1.8740,-84.0000,-1.8640,-1.8580,-88.0000,0.0000,-0.0060,0.0000
1786021698.8999,0.0000,-0.0110,0.0000,-1.8640,-1.8620,-84.0000,-1.8640,-1.9000,-85.0000,0.0000,-0.0000,0.0000
1786021698.9498,0.0000,0.0020,0.0000,-1.8640,-1.7960,-88.0000,-1.8640,-1.8940,-85.0000,0.0000,0.0010,0.0000
1786021698.9998,0.0000,-0.0050,0.0000,-1.8640,-1.8640,-85.0000,-1.8640,-1.8680,-86.0000,0.0000,-0.0130,0.0000
1786021699.0506,0.0000,-0.0580,0.0000,-1.8640,-1.8920,-83.0000,-1.8640,-1.8110,-90.0000,0.0000,-0.0600,0.0000
1786021699.0999,0.0000,-0.0280,0.0000,-1.8640,-1.8660,-85.0000,-1.8640,-1.8840,-86.0000,0.0000,-0.0740,0.0000
1786021699.1499,0.0000,0.0020,0.0000,-1.8640,-1.8570,-85.0000,-1.8640,-1.8780,-86.0000,0.0000,-0.0100,0.0000
1786021699.1999,0.0000,-0.0040,0.0000,-1.8640,-1.8820,-84.0000,-1.8640,-1.8310,-89.0000,0.0000,-0.0060,0.0000
1786021699.2499,0.0000,-0.0490,0.0000,-1.8640,-1.8690,-84.0000,-1.8640,-1.8850,-86.0000,0.0000,-0.0260,0.0000
1786021699.2999,0.0000,-0.0510,0.0000,-1.8640,-1.8800,-84.0000,-1.8640,-1.8650,-87.0000,0.0000,-0.0360,0.0000
1786021699.3499,0.0000,-0.0050,0.0000,-1.8640,-1.8920,-83.0000,-1.8640,-1.9010,-85.0000,0.0000,-0.0030,0.0000
1786021699.4000,0.0000,0.0010,0.0000,-1.8640,-1.8400,-86.0000,-1.8640,-1.8760,-86.0000,0.0000,0.0090,0.0000
1786021699.4499,0.0000,-0.0170,0.0000,-1.8640,-1.8410,-86.0000,-1.8640,-1.8900,-85.0000,0.0000,-0.0050,0.0000
1786021699.4999,-0.4800,-0.2400,-36.0000,-1.3840,-1.7320,-49.0000,-1.3840,-1.6900,-54.0000,-0.4800,-0.2000,-39.0000
1786021699.5499,-1.0800,-0.8040,-61.0000,-1.3250,-1.3370,-62.0000,-1.3250,-1.3730,-62.0000,-1.0800,-0.8070,-62.0000
1786021699.5999,-1.3250,-1.2940,-61.0000,-1.3250,-1.3250,-60.0000,-1.3250,-1.3600,-60.0000,-1.3250,-1.3430,-60.0000
1786021699.6500,-1.3250,-1.2940,-65.0000,-1.3250,-1.2810,-62.0000,-1.3250,-1.3510,-60.0000,-1.3250,-1.1970,-72.0000
1786021699.6999,-1.3250,-1.3470,-63.0000,-1.3250,-1.3240,-60.0000,-1.3250,-1.3360,-60.0000,-1.3250,-1.2760,-69.0000
1786021699.7500,-1.3250,-1.3640,-62.0000,-1.3250,-1.3270,-60.0000,-1.3250,-1.3460,-59.0000,-1.3250,-1.3690,-64.0000
1786021699.7998,-1.3250,-1.3830,-61.0000,-1.3250,-1.3540,-58.0000,-1.3250,-1.3220,-60.0000,-1.3250,-1.4070,-61.0000
1786021699.8499,-1.3250,-1.3640,-62.0000,-1.3250,-1.3340,-59.0000,-1.3250,-1.3370,-59.0000,-1.3250,-1.4360,-59.0000
1786021699.9007,-1.3250,-1.3720,-61.0000,-1.3250,-1.3580,-58.0000,-1.3250,-1.3270,-60.0000,-1.3250,-1.4350,-58.0000
1786021699.9499,-1.3250,-1.3790,-59.0000,-1.3250,-1.3280,-59.0000,-1.3250,-1.3420,-59.0000,-1.3250,-1.3830,-60.0000
1786021700.0006,-1.3250,-1.3720,-59.0000,-1.3250,-1.3460,-58.0000,-1.3250,-1.3320,-59.0000,-1.3250,-1.2900,-64.0000
1786021700.0499,-1.3250,-1.3550,-60.0000,-1.3250,-1.3220,-59.0000,-1.3250,-1.3400,-59.0000,-1.3250,-1.3210,-62.0000
1786021700.1012,-1.3250,-1.3390,-60.0000,-1.3250,-1.3500,-58.0000,-1.3250,-1.3210,-60.0000,-1.3250,-1.3040,-63.0000
1786021700.1507,-1.8050,-1.5370,-91.0000,-0.8450,-1.1580,-26.0000,-0.8450,-1.2100,-23.0000,-1.8050,-1.5660,-91.0000
1786021700.1999,-1.8640,-1.8720,-81.0000,-0.2450,-0.5190,-4.0000,-0.2450,-0.5980,0.0000,-1.8640,-1.8950,-81.0000
1786021700.2498,-1.8640,-1.8400,-84.0000,0.0000,-0.0850,0.0000,0.0000,-0.0870,0.0000,-1.8640,-1.6970,-95.0000
1786021700.2998,-1.8640,-1.8700,-83.0000,0.0000,-0.2370,0.0000,0.0000,-0.2780,0.0000,-1.8640,-1.7470,-93.0000
1786021700.3498,-1.8640,-1.8840,-82.0000,0.0000,-0.1560,0.0000,0.0000,-0.2070,0.0000,-1.8640,-1.8710,-87.0000
1786021700.3998,-1.8640,-1.8320,-85.0000,0.0000,-0.0650,0.0000,0.0000,-0.0380,0.0000,-1.8640,-1.9060,-86.0000
1786021700.4499,-1.8640,-1.9040,-81.0000,0.0000,-0.0070,0.0000,0.0000,-0.0060,0.0000,-1.8640,-1.8790,-87.0000
1786021700.4998,-1.8640,-1.8100,-87.0000,0.0000,-0.0010,0.0000,0.0000,-0.0360,0.0000,-1.8640,-1.8540,-88.0000
1786021700.5498,-1.8640,-1.7650,-90.0000,0.0000,-0.0000,0.0000,0.0000,-0.0060,0.0000,-1.8640,-1.8180,-91.0000
1786021700.5998,-1.8640,-1.8520,-85.0000,0.0000,-0.0000,0.0000,0.0000,-0.0020,0.0000,-1.8640,-1.9410,-84.0000
1786021700.6498,-1.8640,-1.8620,-85.0000,0.0000,-0.0010,0.0000,0.0000,-0.0190,0.0000,-1.8640,-1.9330,-84.0000
1786021700.6999,-1.8640,-1.8130,-88.0000,0.0000,-0.0000,0.0000,0.0000,-0.0130,0.0000,-1.8640,-1.7880,-92.0000
1786021700.7498,-1.8640,-1.8490,-86.0000,0.0000,0.0010,0.0000,0.0000,-0.0010,0.0000,-1.8640,-1.8490,-88.0000
1786021700.7998,-1.8640,-1.8700,-86.0000,0.0000,0.0000,0.0000,0.0000,0.0040,0.0000,-1.8640,-1.8830,-87.0000
1786021700.8498,-1.8640,-1.8750,-85.0000,0.0000,0.0000,0.0000,0.0000,-0.0120,0.0000,-1.8640,-1.9790,-81.0000
1786021700.8998,-1.8640,-1.8520,-87.0000,0.0000,0.0000,0.0000,0.0000,-0.0110,0.0000,-1.8640,-1.8260,-89.0000
1786021700.9498,-1.8640,-1.8510,-87.0000,0.0000,0.0000,0.0000,0.0000,-0.0460,0.0000,-1.8640,-1.8500,-87.0000
1786021700.9998,-1.8640,-1.8330,-88.0000,0.0000,0.0000,0.0000,0.0000,-0.0170,0.0000,-1.8640,-1.8640,-87.0000
1786021701.0498,-1.8640,-1.8820,-85.0000,0.0000,0.0000,0.0000,0.0000,-0.0070,0.0000,-1.8640,-1.9200,-83.0000
1786021701.0998,-1.8640,-1.8620,-87.0000,0.0000,0.0000,0.0000,0.0000,-0.0890,0.0000,-1.8640,-1.9020,-84.0000
1786021701.1498,-1.8640,-1.8350,-88.0000,0.0000,0.0000,0.0000,0.0000,-0.0870,0.0000,-1.8640,-1.8230,-88.0000
1786021701.1998,-1.8640,-1.8780,-86.0000,0.0000,0.0000,0.0000,0.0000,-0.0640,0.0000,-1.8640,-1.8460,-87.0000
1786021701.2498,-1.8640,-1.8430,-88.0000,0.0000,0.0000,0.0000,0.0000,-0.0040,0.0000,-1.8640,-1.8920,-85.0000
1786021701.2998,-1.8640,-1.8580,-87.0000,0.0000,-0.0010,0.0000,0.0000,-0.0400,0.0000,-1.8640,-1.9710,-80.0000
1786021701.3499,-1.8640,-1.8660,-87.0000,0.0000,-0.0000,0.0000,0.0000,-0.0850,0.0000,-1.8640,-1.8120,-88.0000
1786021701.4003,-1.8640,-1.8720,-86.0000,0.0000,-0.0000,0.0000,0.0000,-0.1250,0.0000,-1.8640,-1.8240,-88.0000
1786021701.4498,-1.8640,-1.8620,-87.0000,0.0000,0.0000,0.0000,0.0000,-0.0440,0.0000,-1.8640,-1.8400,-87.0000
1786021701.4998,-1.8640,-1.8620,-87.0000,0.0000,-0.0010,0.0000,0.0000,-0.0160,0.0000,-1.8640,-1.9330,-82.0000
1786021701.5498,-1.8640,-1.8820,-86.0000,0.0000,-0.0000,0.0000,0.0000,-0.0260,0.0000,-1.8640,-1.8710,-85.0000
1786021701.5998,-1.8640,-1.8250,-89.0000,0.0000,-0.0000,0.0000,0.0000,-0.0050,0.0000,-1.8640,-1.8300,-87.0000
1786021701.6499,-1.8640,-1.8720,-86.0000,0.0000,0.0010,0.0000,0.0000,-0.0000,0.0000,-1.8640,-1.8490,-86.0000
1786021701.6999,-1.8640,-1.9020,-85.0000,0.0000,0.0010,0.0000,0.0000,-0.0000,0.0000,-1.8640,-1.8690,-85.0000
1786021701.7498,-1.8640,-1.8520,-88.0000,0.0000,0.0000,0.0000,0.0000,-0.0000,0.0000,-1.8640,-1.9050,-83.0000
1786021701.7998,-1.8640,-1.8530,-87.0000,0.0000,0.0000,0.0000,0.0000,-0.0470,0.0000,-1.8640,-1.8330,-87.0000
1786021701.8498,-1.8640,-1.8430,-88.0000,0.0000,0.0000,0.0000,0.0000,-0.1020,0.0000,-1.8640,-1.8080,-89.0000
1786021701.8998,-1.8640,-1.8580,-87.0000,0.0000,0.0000,0.0000,0.0000,-0.0720,0.0000,-1.8640,-1.8290,-88.0000
1786021701.9499,-1.8640,-1.9280,-83.0000,0.0000,0.0000,0.0000,0.0000,-0.0110,0.0000,-1.8640,-1.9610,-80.0000
1786021701.9998,-1.8640,-1.8690,-86.0000,0.0000,0.0000,0.0000,0.0000,-0.0460,0.0000,-1.8640,-1.8900,-84.0000
1786021702.0498,-1.8640,-1.8600,-86.0000,0.0000,0.0000,0.0000,0.0000,-0.1320,0.0000,-1.8640,-1.8010,-89.0000
1786021702.0999,-1.8640,-1.8200,-89.0000,0.0000,0.0000,0.0000,0.0000,-0.1210,0.0000,-1.8640,-1.8380,-87.0000
1786021702.1499,-1.8640,-1.8440,-88.0000,0.0000,0.0000,0.0000,0.0000,-0.0750,0.0000,-1.8640,-1.8710,-86.0000
1786021702.1998,-1.8640,-1.8660,-87.0000,0.0000,0.0000,0.0000,0.0000,-0.0640,0.0000,-1.8640,-1.8830,-85.0000
1786021702.2498,-1.8640,-1.8470,-88.0000,0.0000,0.0000,0.0000,0.0000,-0.1490,0.0000,-1.8640,-1.8220,-89.0000
1786021702.2998,-1.8640,-1.8750,-86.0000,0.0000,0.0000,0.0000,0.0000,-0.1110,0.0000,-1.8640,-1.8570,-87.0000
1786021702.3498,-1.8640,-1.8870,-86.0000,0.0000,0.0000,0.0000,0.0000,-0.0700,0.0000,-1.8640,-1.8430,-88.0000
1786021702.3999,-1.8640,-1.8630,-87.0000,0.0000,0.0000,0.0000,0.0000,-0.0250,0.0000,-1.8640,-1.9350,-82.0000
1786021702.4499,-1.7440,-1.8670,-76.0000,0.0000,0.0000,0.0000,0.0000,-0.0730,0.0000,-1.7440,-1.8710,-76.0000
1786021702.4999,-1.1440,-1.5050,-43.0000,0.0000,0.0000,0.0000,0.0000,-0.0280,0.0000,-1.1440,-1.4750,-43.0000
1786021702.5499,-1.0850,-1.3560,-41.0000,0.1200,0.3130,-2.0000,0.1200,0.1730,6.0000,-1.0850,-1.3420,-41.0000
1786021702.5999,-0.4850,-0.8400,-14.0000,0.0000,0.0380,0.0000,0.0000,-0.0080,0.0000,-0.4850,-0.8210,-14.0000
1786021702.6498,0.0000,-0.2320,0.0000,0.0000,0.0030,0.0000,0.0000,-0.0670,0.0000,0.0000,-0.1850,0.0000
1786021702.6998,0.0000,-0.0170,0.0000,0.0000,0.0000,0.0000,0.0000,-0.0080,0.0000,0.0000,-0.0120,0.0000
1786021702.7496,0.0000,0.0000,0.0000,0.0000,0.0000,0.0000,0.0000,0.0010,0.0000,0.0000,-0.0010,0.0000
1786021702.9497,0.0000,0.0010,0.0000,0.0000,0.0000,0.0000,0.0000,0.0040,0.0000,0.0000,0.0490,0.0000
1786021702.9503,0.0000,0.0060,0.0000,0.0000,0.0000,0.0000,0.0000,0.0000,0.0000,0.0000,0.0990,0.0000
1786021702.9510,0.0000,0.0010,0.0000,0.0000,0.0000,0.0000,0.0000,0.0000,0.0000,0.0000,0.0390,0.0000
1786021702.9517,0.0000,-0.0000,0.0000,0.0000,0.0000,0.0000,0.0000,0.0000,0.0000,0.0000,0.0030,0.0000
1786021702.9997,0.0000,-0.0000,0.0000,0.0000,0.0000,0.0000,0.0000,0.0000,0.0000,0.0000,0.0030,0.0000
1786021703.0496,0.0000,-0.0000,0.0000,0.0000,0.0000,0.0000,0.0000,0.0000,0.0000,0.0000,0.0000,0.0000
1786021703.0997,0.0000,-0.0000,0.0000,0.0000,0.0000,0.0000,0.0000,0.0000,0.0000,0.0000,0.0000,0.0000
1786021703.1497,0.0000,-0.0000,0.0000,0.0000,0.0000,0.0000,0.0000,0.0000,0.0000,0.0000,0.0000,0.0000
1786021703.1997,0.0000,-0.0000,0.0000,0.0000,0.0000,0.0000,0.0000,0.0000,0.0000,0.0000,0.0000,0.0000
1786021703.2497,0.0000,-0.0000,0.0000,0.0000,0.0000,0.0000,0.0000,0.0000,0.0000,0.0000,0.0000,0.0000
1786021703.2998,0.0000,-0.0000,0.0000,0.1200,0.0000,14.0000,0.1200,0.0000,14.0000,0.0000,0.0000,0.0000
1786021703.3498,0.0000,-0.0000,0.0000,0.7200,0.5140,44.0000,0.7200,0.4320,48.0000,0.0000,0.0000,0.0000
1786021703.3998,0.0000,0.0030,0.0000,1.3200,0.9700,77.0000,1.3200,0.7950,88.0000,0.0000,0.0010,0.0000
1786021703.4498,0.0000,0.0520,0.0000,1.8640,1.4780,104.0000,1.8640,1.4370,108.0000,0.0000,0.0710,0.0000
1786021703.4997,0.0000,0.0790,0.0000,1.8640,1.8440,91.0000,1.8640,1.8690,92.0000,0.0000,0.0900,0.0000
1786021703.5497,0.0000,0.0730,0.0000,1.8640,1.9160,89.0000,1.8640,1.9860,88.0000,0.0000,0.0360,0.0000
1786021703.5997,0.0000,0.0080,0.0000,1.8640,1.9780,86.0000,1.8640,1.9770,88.0000,0.0000,0.0030,0.0000
1786021703.6498,0.0000,0.0230,0.0000,1.8640,1.9200,88.0000,1.8640,1.9350,90.0000,0.0000,0.0110,0.0000
1786021703.6999,0.0000,0.0860,0.0000,1.8640,1.8670,91.0000,1.8640,1.9080,90.0000,0.0000,0.0470,0.0000
1786021703.7498,0.0000,0.0120,0.0000,1.8640,1.9020,88.0000,1.8640,1.9010,90.0000,0.0000,0.0050,0.0000
1786021703.7998,0.0000,0.0000,0.0000,1.8640,1.8840,89.0000,1.8640,1.8840,91.0000,0.0000,0.0000,0.0000
1786021703.8517,0.0000,0.0000,0.0000,1.8640,1.9310,86.0000,1.8640,1.9180,88.0000,0.0000,0.0010,0.0000
1786021703.9018,0.0000,0.0040,0.0000,1.8640,1.8450,90.0000,1.8640,1.8740,90.0000,0.0000,0.0120,0.0000
1786021703.9518,0.0000,0.0030,0.0000,1.8640,1.8500,90.0000,1.8640,1.8590,91.0000,0.0000,0.0030,0.0000
1786021704.0018,0.0000,-0.0040,0.0000,1.8640,1.8630,89.0000,1.8640,1.8890,89.0000,0.0000,0.0000,0.0000
1786021704.0519,0.0000,0.0050,0.0000,1.8640,1.9400,84.0000,1.8640,1.9270,86.0000,0.0000,0.0000,0.0000
1786021704.1019,0.0000,0.0090,0.0000,1.8640,1.8810,88.0000,1.8640,1.8990,88.0000,0.0000,0.0040,0.0000
1786021704.1525,0.0000,0.0210,0.0000,1.8640,1.8390,90.0000,1.8640,1.8230,92.0000,0.0000,0.0050,0.0000
1786021704.2027,-0.4800,-0.1550,-41.0000,1.3840,1.6750,57.0000,1.3840,1.7240,54.0000,-0.4800,-0.1490,-42.0000
1786021704.2520,0.0000,-0.1650,0.0000,0.7840,1.1480,29.0000,0.7840,1.1990,26.0000,0.0000,-0.1040,0.0000
1786021704.3020,0.0000,0.0050,0.0000,0.1840,0.5470,1.0000,0.1840,0.6110,-2.0000,0.0000,0.0130,0.0000
1786021704.4518,0.0000,0.0050,0.0000,0.0000,0.0620,0.0000,0.0000,0.0590,0.0000,0.0000,0.0290,0.0000
1786021704.4525,0.0000,0.1050,0.0000,0.0000,0.0060,0.0000,0.0000,0.0040,0.0000,0.0000,0.0220,0.0000
1786021704.4531,0.0000,0.0190,0.0000,0.0000,-0.0010,0.0000,0.0000,0.0000,0.0000,0.0000,0.0020,0.0000
1786021704.5017,0.0000,0.0010,0.0000,0.0000,-0.0000,0.0000,0.0000,0.0000,0.0000,0.0000,-0.0010,0.0000
1786021704.5517,0.0000,0.0000,0.0000,0.0000,-0.0000,0.0000,0.0000,0.0000,0.0000,0.0000,-0.0000,0.0000
1786021704.6019,0.0000,-0.0010,0.0000,0.0000,-0.0000,0.0000,0.0000,0.0000,0.0000,0.0000,-0.0020,0.0000
1786021704.6518,0.0000,-0.0000,0.0000,0.0000,-0.0000,0.0000,0.0000,0.0000,0.0000,0.0000,-0.0000,0.0000
1786021704.7019,0.0000,-0.0000,0.0000,0.0000,-0.0000,0.0000,0.0000,0.0000,0.0000,0.0000,-0.0000,0.0000
1786021704.7517,0.0000,-0.0000,0.0000,0.0000,-0.0000,0.0000,0.0000,0.0000,0.0000,0.0000,-0.0000,0.0000
1786021704.8017,0.0000,-0.0000,0.0000,0.0000,-0.0000,0.0000,0.0000,0.0000,0.0000,0.0000,-0.0000,0.0000
1786021704.8518,0.0000,-0.0000,0.0000,0.0000,-0.0000,0.0000,0.0000,0.0000,0.0000,0.0000,-0.0000,0.0000
1786021704.9018,0.0000,-0.0000,0.0000,0.0000,-0.0000,0.0000,0.0000,0.0000,0.0000,0.0000,-0.0000,0.0000
1786021704.9517,0.0000,-0.0000,0.0000,0.0000,-0.0000,0.0000,0.0000,0.0000,0.0000,0.0000,-0.0000,0.0000
1786021705.0017,0.0000,-0.0000,0.0000,0.0000,-0.0000,0.0000,0.0000,0.0000,0.0000,0.0000,-0.0000,0.0000
1786021705.0518,0.3600,0.0890,34.0000,0.0000,-0.0000,0.0000,0.0000,0.0000,0.0000,0.3600,0.0800,35.0000
1786021705.1019,0.9600,0.7120,55.0000,0.0000,-0.0000,0.0000,0.0000,0.0000,0.0000,0.9600,0.6970,56.0000
1786021705.1519,1.5600,1.2690,82.0000,0.0000,-0.0000,0.0000,0.0000,0.0000,0.0000,1.5600,1.3090,81.0000
1786021705.2019,1.8640,1.6590,94.0000,0.0000,-0.0000,0.0000,0.0000,0.0010,0.0000,1.8640,1.5000,105.0000
1786021705.2518,1.8640,1.9200,85.0000,0.0000,0.0250,0.0000,0.0000,0.0000,0.0000,1.8640,1.8690,89.0000
1786021705.3018,1.8640,1.9960,82.0000,0.0000,0.1050,0.0000,0.0000,0.0170,0.0000,1.8640,1.9760,85.0000
1786021705.3518,1.8640,1.9910,82.0000,0.0000,0.0140,0.0000,0.0000,0.0020,0.0000,1.8640,1.9980,83.0000
1786021705.4018,1.8640,1.9330,84.0000,0.0000,0.0240,0.0000,0.0000,-0.0020,0.0000,1.8640,1.8940,88.0000
1786021705.4518,1.8640,1.9050,84.0000,0.0000,0.0570,0.0000,0.0000,0.0050,0.0000,1.8640,1.9150,86.0000
1786021705.5018,1.8640,1.9080,83.0000,0.0000,0.0040,0.0000,0.0000,-0.0070,0.0000,1.8640,1.9310,85.0000
1786021705.5524,1.8640,1.9050,83.0000,0.0000,0.0000,0.0000,0.0000,0.0070,0.0000,1.8640,1.8910,86.0000
1786021705.6018,1.8640,1.9260,81.0000,0.0000,0.0000,0.0000,0.0000,0.0010,0.0000,1.8640,1.9180,84.0000
1786021705.6519,1.8640,1.8690,84.0000,0.0000,0.0010,0.0000,0.0000,0.0000,0.0000,1.8640,1.8910,85.0000
1786021705.7019,1.8640,1.8450,85.0000,0.0000,0.0000,0.0000,0.0000,0.0000,0.0000,1.8640,1.9000,84.0000
1786021705.7518,1.8640,1.8510,85.0000,0.0000,-0.0010,0.0000,0.0000,0.0000,0.0000,1.8640,1.7780,91.0000
1786021705.8018,1.8640,1.8590,84.0000,0.0000,0.0010,0.0000,0.0000,0.0000,0.0000,1.8640,1.8830,85.0000
1786021705.8518,1.8640,1.8610,84.0000,0.0000,0.0000,0.0000,0.0000,0.0000,0.0000,1.8640,1.9170,83.0000
1786021705.9018,1.8640,1.8660,84.0000,0.0000,0.0010,0.0000,0.0000,0.0000,0.0000,1.8640,1.9330,82.0000
1786021705.9518,1.8640,1.8830,83.0000,0.0000,0.0000,0.0000,0.0000,0.0000,0.0000,1.8640,1.8910,84.0000
1786021706.0019,1.8640,1.8600,84.0000,0.0000,-0.0000,0.0000,0.0000,0.0000,0.0000,1.8640,1.8280,87.0000
1786021706.0519,1.8640,1.8310,86.0000,0.0000,0.0060,0.0000,0.0000,0.0000,0.0000,1.8640,1.8680,85.0000
1786021706.1019,1.8640,1.8570,85.0000,0.0000,0.0080,0.0000,0.0000,0.0000,0.0000,1.8640,1.8470,86.0000
1786021706.1519,1.8640,1.8500,85.0000,0.0000,0.0010,0.0000,0.0000,0.0000,0.0000,1.8640,1.9330,81.0000
1786021706.2019,1.8640,1.8590,85.0000,0.0000,-0.0010,0.0000,0.0000,0.0000,0.0000,1.8640,1.8120,88.0000
1786021706.2521,1.8640,1.8840,84.0000,0.0000,-0.0000,0.0000,0.0000,0.0000,0.0000,1.8640,1.8270,87.0000
1786021706.3018,1.8640,1.8620,85.0000,0.0000,0.0100,0.0000,0.0000,0.0030,0.0000,1.8640,1.9310,81.0000
1786021706.3520,1.8640,1.8430,86.0000,0.0000,0.0050,0.0000,0.0000,0.0040,0.0000,1.8640,1.9010,83.0000
1786021706.4019,1.8640,1.8580,85.0000,0.0000,-0.0010,0.0000,0.0000,0.0000,0.0000,1.8640,1.8790,84.0000
1786021706.4519,1.8640,1.9160,82.0000,0.0000,-0.0000,0.0000,0.0000,-0.0010,0.0000,1.8640,1.7760,89.0000
1786021706.5019,1.8640,1.9080,82.0000,0.0000,0.0010,0.0000,0.0000,-0.0000,0.0000,1.8640,1.9220,81.0000
1786021706.5518,1.8640,1.8250,86.0000,0.0000,0.0180,0.0000,0.0000,0.0050,0.0000,1.8640,1.8890,83.0000
1786021706.6019,1.8640,1.8470,85.0000,0.0000,0.0040,0.0000,0.0000,0.0000,0.0000,1.8640,1.8980,82.0000
1786021706.6519,1.8640,1.8440,85.0000,0.0000,-0.0020,0.0000,0.0000,0.0000,0.0000,1.8640,1.8370,86.0000
1786021706.7019,1.8640,1.9300,81.0000,0.0000,-0.0000,0.0000,0.0000,0.0000,0.0000,1.8640,1.8190,87.0000
1786021706.7519,1.8640,1.8440,85.0000,0.0000,0.0010,0.0000,0.0000,0.0000,0.0000,1.8640,1.9130,82.0000
1786021706.8019,1.8640,1.8030,87.0000,0.0000,0.0020,0.0000,0.0000,0.0010,0.0000,1.8640,1.8650,84.0000
1786021706.8519,1.8640,1.8490,85.0000,0.0000,-0.0010,0.0000,0.0000,0.0000,0.0000,1.8640,1.8870,83.0000
1786021706.9031,1.8640,1.9140,82.0000,0.0000,-0.0010,0.0000,0.0000,0.0000,0.0000,1.8640,1.7990,88.0000
1786021706.9529,1.8640,1.8840,83.0000,0.0000,0.0010,0.0000,0.0000,0.0000,0.0000,1.8640,1.8730,84.0000
1786021707.0029,1.8640,1.8320,86.0000,0.0000,0.0080,0.0000,0.0000,0.0000,0.0000,1.8640,1.8790,83.0000
1786021707.0529,1.8640,1.8530,85.0000,0.0000,-0.0000,0.0000,0.0000,0.0000,0.0000,1.8640,1.8610,84.0000
1786021707.1029,1.8640,1.8380,86.0000,0.0000,-0.0010,0.0000,0.0000,0.0000,0.0000,1.8640,1.8320,86.0000
1786021707.1529,1.8640,1.9250,81.0000,0.0000,-0.0000,0.0000,0.0000,0.0000,0.0000,1.8640,1.8480,85.0000
1786021707.2029,1.8640,1.8610,85.0000,0.0000,0.0040,0.0000,0.0000,0.0020,0.0000,1.8640,1.8940,83.0000
1786021707.2529,1.8640,1.8320,86.0000,0.0000,0.0000,0.0000,0.0000,0.0000,0.0000,1.8640,1.8490,86.0000
1786021707.3029,1.8640,1.8590,85.0000,0.0000,-0.0010,0.0000,0.0000,0.0000,0.0000,1.8640,1.8410,86.0000
1786021707.3529,1.8640,1.9100,82.0000,0.0000,-0.0020,0.0000,0.0000,-0.0000,0.0000,1.8640,1.7930,89.0000
1786021707.4031,1.8640,1.8590,85.0000,0.0000,-0.0000,0.0000,0.0000,-0.0000,0.0000,1.8640,1.8590,86.0000
1786021707.4529,1.8640,1.8300,86.0000,0.0000,0.0050,0.0000,0.0000,0.0010,0.0000,1.8640,1.9180,83.0000
1786021707.5029,1.8640,1.8580,85.0000,0.0000,0.0000,0.0000,0.0000,0.0000,0.0000,1.8640,1.8800,84.0000
1786021707.5529,1.8640,1.8640,85.0000,0.0000,-0.0040,0.0000,0.0000,-0.0010,0.0000,1.8640,1.7940,89.0000
1786021707.6029,1.8640,1.9160,81.0000,0.0000,-0.0010,0.0000,0.0000,-0.0000,0.0000,1.8640,1.8600,86.0000
1786021707.6529,1.8640,1.8560,85.0000,0.0000,0.0030,0.0000,0.0000,0.0020,0.0000,1.8640,1.9030,83.0000
1786021707.7029,1.8640,1.8470,85.0000,0.0000,0.0000,0.0000,0.0000,0.0000,0.0000,1.8640,1.8800,85.0000
1786021707.7529,1.8640,1.8640,84.0000,0.0000,-0.0000,0.0000,0.0000,0.0000,0.0000,1.8640,1.8680,85.0000
1786021707.8029,1.8640,1.8860,83.0000,0.0000,-0.0010,0.0000,0.0000,-0.0000,0.0000,1.8640,1.8350,87.0000
1786021707.8529,1.8640,1.8550,85.0000,0.0000,0.0030,0.0000,0.0000,-0.0000,0.0000,1.8640,1.8660,85.0000
1786021707.9028,1.8640,1.8600,84.0000,0.0000,0.0000,0.0000,0.0000,0.0010,0.0000,1.8640,1.8650,85.0000
1786021707.9529,1.8640,1.8920,82.0000,0.0000,-0.0000,0.0000,0.0000,0.0000,0.0000,1.8640,1.8970,83.0000
1786021708.0029,1.8640,1.8890,82.0000,0.0000,-0.0010,0.0000,0.0000,-0.0010,0.0000,1.8640,1.7740,91.0000
1786021708.0529,1.8640,1.8460,85.0000,0.0000,0.0010,0.0000,0.0000,-0.0000,0.0000,1.8640,1.8230,88.0000
1786021708.1029,1.8640,1.8600,84.0000,0.0000,0.0000,0.0000,0.0000,-0.0000,0.0000,1.8640,1.8920,85.0000
1786021708.1529,1.8640,1.8530,84.0000,0.0000,0.0000,0.0000,0.0000,-0.0000,0.0000,1.8640,1.9140,84.0000
1786021708.2030,1.8640,1.8780,83.0000,0.0000,0.0000,0.0000,0.0000,-0.0000,0.0000,1.8640,1.8810,85.0000
1786021708.2529,1.8640,1.8970,82.0000,0.0000,-0.0020,0.0000,0.0000,-0.0000,0.0000,1.8640,1.8210,88.0000
1786021708.3029,1.8640,1.9270,80.0000,0.0000,0.0030,0.0000,0.0000,0.0050,0.0000,1.8640,1.9240,82.0000
1786021708.3529,1.8640,1.8700,83.0000,0.0000,0.0240,0.0000,0.0000,0.0240,0.0000,1.8640,1.8970,84.0000
1786021708.4029,1.8640,1.8090,86.0000,0.0000,0.0020,0.0000,0.0000,0.0090,0.0000,1.8640,1.9430,80.0000
1786021708.4540,1.8640,1.8690,83.0000,0.0000,-0.0130,0.0000,0.0000,-0.0050,0.0000,1.8640,1.6610,96.0000
1786021708.5029,1.8640,1.9270,79.0000,0.0000,-0.0020,0.0000,0.0000,-0.0060,0.0000,1.8640,1.9200,82.0000
1786021708.5529,1.8640,1.8090,86.0000,0.0000,0.0040,0.0000,0.0000,0.0130,0.0000,1.8640,1.9430,81.0000
1786021708.6030,1.8640,1.8660,83.0000,0.0000,0.0020,0.0000,0.0000,0.0820,0.0000,1.8640,1.9280,81.0000
1786021708.6530,1.8640,1.8630,83.0000,0.0000,0.0000,0.0000,0.0000,0.0750,0.0000,1.8640,1.8910,83.0000
1786021708.7030,1.8640,1.8340,85.0000,0.0000,0.0000,0.0000,0.0000,0.0280,0.0000,1.8640,1.8330,86.0000
1786021708.7542,1.8640,1.8810,82.0000,0.0000,0.0000,0.0000,0.0000,0.0020,0.0000,1.8640,1.8830,83.0000
1786021708.8029,1.8640,1.8900,82.0000,0.0000,0.0000,0.0000,0.0000,0.0000,0.0000,1.8640,1.8890,82.0000
1786021708.8530,1.8640,1.8360,85.0000,0.0000,0.0000,0.0000,0.0000,-0.0000,0.0000,1.8640,1.8270,86.0000
1786021708.9029,1.8640,1.8720,83.0000,0.0000,0.0000,0.0000,0.0000,-0.0000,0.0000,1.8640,1.8690,83.0000
1786021708.9529,1.8640,1.9050,81.0000,0.0000,-0.0020,0.0000,0.0000,-0.0000,0.0000,1.8640,1.8880,82.0000
1786021709.0030,1.8640,1.8680,83.0000,0.0000,0.0050,0.0000,0.0000,-0.0000,0.0000,1.8640,1.8680,83.0000
1786021709.0530,1.8640,1.8000,87.0000,0.0000,0.0010,0.0000,0.0000,0.0010,0.0000,1.8640,1.8140,86.0000
1786021709.1029,1.8640,1.8090,87.0000,0.0000,-0.0020,0.0000,0.0000,0.0000,0.0000,1.8640,1.8670,83.0000
1786021709.1532,1.8640,1.8360,86.0000,0.0000,-0.0000,0.0000,0.0000,0.0000,0.0000,1.8640,1.8060,87.0000
1786021709.2030,1.8640,1.8490,85.0000,0.0000,-0.0000,0.0000,0.0000,0.0000,0.0000,1.8640,1.8680,84.0000
1786021709.2530,1.8640,1.8540,85.0000,0.0000,-0.0000,0.0000,0.0000,0.0000,0.0000,1.8640,1.9010,82.0000
1786021709.3030,1.8640,1.8780,84.0000,0.0000,-0.0000,0.0000,0.0000,0.0000,0.0000,1.8640,1.9030,82.0000
1786021709.3532,1.8640,1.8580,85.0000,0.0000,-0.0000,0.0000,0.0000,0.0000,0.0000,1.8640,1.8620,84.0000
1786021709.4044,1.8640,1.8660,85.0000,0.0000,-0.0000,0.0000,0.0000,0.0000,0.0000,1.8640,1.8600,84.0000
1786021709.4530,1.8640,1.8520,85.0000,0.0000,0.0010,0.0000,0.0000,0.0000,0.0000,1.8640,1.8820,83.0000
1786021709.5030,1.8640,1.8790,84.0000,0.0000,0.0000,0.0000,0.0000,0.0000,0.0000,1.8640,1.8730,83.0000
1786021709.5530,1.8640,1.8780,84.0000,0.0000,0.0000,0.0000,0.0000,0.0000,0.0000,1.8640,1.8770,83.0000
1786021709.6030,1.8640,1.8800,84.0000,0.0000,-0.0020,0.0000,0.0000,0.0000,0.0000,1.8640,1.8120,86.0000
1786021709.6530,1.8640,1.8490,86.0000,0.0000,0.0010,0.0000,0.0000,0.0000,0.0000,1.8640,1.8700,83.0000
1786021709.7043,1.8640,1.8240,87.0000,0.0000,0.0040,0.0000,0.0000,0.0070,0.0000,1.8640,1.9230,80.0000
1786021709.7530,1.8640,1.8830,84.0000,0.0000,-0.0010,0.0000,0.0000,0.0010,0.0000,1.8640,1.9310,79.0000
1786021709.8030,1.8640,1.8820,84.0000,0.0000,-0.0020,0.0000,0.0000,0.0000,0.0000,1.8640,1.8100,86.0000
1786021709.8531,1.8640,1.8930,83.0000,0.0000,-0.0010,0.0000,0.0000,0.0000,0.0000,1.8640,1.8480,84.0000
1786021709.9030,1.8640,1.8740,84.0000,0.0000,0.0030,0.0000,0.0000,0.0000,0.0000,1.8640,1.9250,79.0000
1786021709.9530,1.8640,1.8670,84.0000,0.0000,0.0060,0.0000,0.0000,0.0000,0.0000,1.8640,1.9070,80.0000
1786021710.0030,1.8640,1.8490,85.0000,0.0000,0.0000,0.0000,0.0000,0.0000,0.0000,1.8640,1.8450,83.0000
1786021710.0530,1.8640,1.8940,82.0000,0.0000,-0.0040,0.0000,0.0000,0.0000,0.0000,1.8640,1.8030,86.0000
1786021710.1044,1.8640,1.8620,84.0000,0.0000,-0.0000,0.0000,0.0000,0.0000,0.0000,1.8640,1.9200,79.0000
1786021710.1544,1.8640,1.8300,86.0000,0.0000,0.0070,0.0000,0.0000,0.0130,0.0000,1.8640,1.8760,82.0000
1786021710.2046,1.8640,1.8560,84.0000,0.0000,-0.0020,0.0000,0.0000,0.0010,0.0000,1.8640,1.9040,80.0000
1786021710.2544,1.8640,1.8700,84.0000,0.0000,-0.0020,0.0000,0.0000,0.0000,0.0000,1.8640,1.8190,85.0000
1786021710.3059,1.8640,1.8790,83.0000,0.0000,-0.0000,0.0000,0.0000,0.0000,0.0000,1.8640,1.8700,82.0000
1786021710.3545,1.8640,1.7970,88.0000,0.0000,0.0030,0.0000,0.0000,0.0000,0.0000,1.8640,1.8670,82.0000
1786021710.4043,1.8640,1.8450,85.0000,0.0000,0.0000,0.0000,0.0000,0.0000,0.0000,1.8640,1.8870,81.0000
1786021710.4545,1.8640,1.8840,83.0000,0.0000,-0.0020,0.0000,0.0000,0.0000,0.0000,1.8640,1.8610,82.0000
1786021710.5044,1.8640,1.8670,84.0000,0.0000,-0.0020,0.0000,0.0000,0.0000,0.0000,1.8640,1.7980,86.0000
1786021710.5545,1.8640,1.9100,82.0000,0.0000,-0.0000,0.0000,0.0000,0.0000,0.0000,1.8640,1.9170,79.0000
1786021710.6045,1.8640,1.8350,86.0000,0.0000,0.0010,0.0000,0.0000,0.0000,0.0000,1.8640,1.8860,81.0000
1786021710.6545,1.8640,1.8630,84.0000,0.0000,-0.0050,0.0000,0.0000,0.0000,0.0000,1.8640,1.7900,87.0000
1786021710.7046,1.8640,1.8500,85.0000,0.0000,-0.0000,0.0000,0.0000,0.0000,0.0000,1.8640,1.8090,86.0000
1786021710.7544,1.8640,1.8680,84.0000,0.0000,-0.0000,0.0000,0.0000,0.0000,0.0000,1.8640,1.8620,83.0000
1786021710.8043,1.8640,1.8550,85.0000,0.0000,0.0010,0.0000,0.0000,0.0000,0.0000,1.8640,1.8350,85.0000
1786021710.8544,1.8640,1.8870,84.0000,0.0000,0.0000,0.0000,0.0000,0.0000,0.0000,1.8640,1.8900,82.0000
1786021710.9044,1.8640,1.8800,84.0000,0.0000,0.0020,0.0000,0.0000,0.0000,0.0000,1.8640,1.8740,83.0000
1786021710.9552,1.8640,1.8790,84.0000,0.0000,-0.0010,0.0000,0.0000,0.0000,0.0000,1.8640,1.8290,86.0000
1786021711.0045,1.8640,1.8450,86.0000,0.0000,-0.0000,0.0000,0.0000,0.0000,0.0000,1.8640,1.8700,84.0000
1786021711.0543,1.8640,1.8560,85.0000,0.0000,0.0010,0.0000,0.0000,0.0000,0.0000,1.8640,1.8650,84.0000
1786021711.1045,1.8640,1.8630,85.0000,0.0000,-0.0010,0.0000,0.0000,0.0000,0.0000,1.8640,1.8630,84.0000
1786021711.1543,1.8640,1.8810,84.0000,0.0000,-0.0000,0.0000,0.0000,0.0000,0.0000,1.8640,1.8460,85.0000
1786021711.2043,1.8640,1.8460,86.0000,0.0000,0.0010,0.0000,0.0000,0.0000,0.0000,1.8640,1.8270,86.0000
1786021711.2562,1.8640,1.8640,85.0000,0.0000,0.0000,0.0000,0.0000,0.0000,0.0000,1.8640,1.8520,85.0000
1786021711.3044,1.8640,1.8860,83.0000,0.0000,0.0000,0.0000,0.0000,0.0000,0.0000,1.8640,1.8760,84.0000
1786021711.3547,1.8640,1.8800,84.0000,0.0000,0.0000,0.0000,0.0000,0.0000,0.0000,1.8640,1.8550,85.0000
1786021711.4050,1.8640,1.8700,84.0000,0.0000,-0.0000,0.0000,0.0000,0.0000,0.0000,1.8640,1.8050,88.0000
1786021711.4544,1.8640,1.8320,86.0000,0.0000,0.0000,0.0000,0.0000,-0.0000,0.0000,1.8640,1.8090,88.0000
1786021711.5044,1.8640,1.8790,84.0000,0.0000,0.0010,0.0000,0.0000,-0.0000,0.0000,1.8640,1.9020,83.0000
1786021711.5545,1.8640,1.8700,84.0000,0.0000,0.0000,0.0000,0.0000,0.0010,0.0000,1.8640,1.9200,82.0000
1786021711.6050,1.8640,1.8550,85.0000,0.0000,-0.0030,0.0000,0.0000,0.0000,0.0000,1.8640,1.8120,89.0000
1786021711.6562,1.8640,1.9160,81.0000,0.0000,-0.0010,0.0000,0.0000,0.0000,0.0000,1.8640,1.8560,86.0000
1786021711.7046,1.8640,1.8860,83.0000,0.0000,0.0140,0.0000,0.0000,0.0000,0.0000,1.8640,1.8900,84.0000
1786021711.7549,1.8640,1.8700,83.0000,0.0000,0.0020,0.0000,0.0000,0.0000,0.0000,1.8640,1.8950,84.0000
1786021711.8044,1.8640,1.8490,84.0000,0.0000,0.0000,0.0000,0.0000,0.0000,0.0000,1.8640,1.8660,85.0000
1786021711.8545,1.8640,1.8910,82.0000,0.0000,-0.0010,0.0000,0.0000,0.0000,0.0000,1.8640,1.8620,85.0000
1786021711.9044,1.8640,1.8630,84.0000,0.0000,0.0020,0.0000,0.0000,0.0000,0.0000,1.8640,1.8770,84.0000
1786021711.9561,1.8640,1.8400,85.0000,0.0000,0.0010,0.0000,0.0000,0.0010,0.0000,1.8640,1.8960,83.0000
1786021712.0044,1.8640,1.8480,85.0000,0.0000,0.0000,0.0000,0.0000,0.0000,0.0000,1.8640,1.9260,81.0000
1786021712.0559,1.8640,1.8750,83.0000,0.0000,-0.0010,0.0000,0.0000,-0.0010,0.0000,1.8640,1.8820,83.0000
1786021712.1050,1.8640,1.8600,84.0000,0.0000,0.0010,0.0000,0.0000,-0.0000,0.0000,1.8640,1.8380,85.0000
1786021712.1551,1.8640,1.8560,84.0000,0.0000,0.0010,0.0000,0.0000,0.0000,0.0000,1.8640,1.8810,83.0000
1786021712.2050,1.8640,1.8650,84.0000,0.0000,-0.0010,0.0000,0.0000,0.0000,0.0000,1.8640,1.9240,80.0000
1786021712.2550,1.8640,1.8690,84.0000,0.0000,-0.0020,0.0000,0.0000,0.0000,0.0000,1.8640,1.8780,83.0000
1786021712.3050,1.8640,1.9120,81.0000,0.0000,-0.0010,0.0000,0.0000,0.0000,0.0000,1.8640,1.8300,85.0000
1786021712.3550,1.8640,1.8870,82.0000,0.0000,-0.0000,0.0000,0.0000,0.0000,0.0000,1.8640,1.9060,81.0000
1786021712.4050,1.8640,1.8080,86.0000,0.0000,0.0100,0.0000,0.0000,0.0000,0.0000,1.8640,1.8750,82.0000
1786021712.4553,1.8640,1.8380,85.0000,0.0000,-0.0010,0.0000,0.0000,0.0000,0.0000,1.8640,1.8640,83.0000
1786021712.5050,1.8640,1.8400,85.0000,0.0000,-0.0010,0.0000,0.0000,-0.0010,0.0000,1.8640,1.7770,88.0000
1786021712.5553,1.8640,1.8090,87.0000,0.0000,0.0010,0.0000,0.0000,-0.0000,0.0000,1.8640,1.8780,82.0000
1786021712.6050,1.8640,1.8590,85.0000,0.0000,0.0190,0.0000,0.0000,0.0050,0.0000,1.8640,1.8770,83.0000
1786021712.6561,1.8640,1.8770,84.0000,0.0000,0.0060,0.0000,0.0000,0.0030,0.0000,1.8640,1.9220,80.0000
1786021712.7050,1.8640,1.8890,83.0000,0.0000,0.0000,0.0000,0.0000,0.0000,0.0000,1.8640,1.8870,82.0000
1786021712.7553,1.8640,1.8550,85.0000,0.0000,-0.0000,0.0000,0.0000,-0.0020,0.0000,1.8640,1.7960,87.0000
1786021712.8050,1.8640,1.8430,86.0000,0.0000,0.0220,0.0000,0.0000,0.0030,0.0000,1.8640,1.8830,82.0000
1786021712.8551,1.8640,1.8600,85.0000,0.0000,0.0200,0.0000,0.0000,0.0500,0.0000,1.8640,1.8730,83.0000
1786021712.9050,1.8640,1.8790,84.0000,0.0000,0.0020,0.0000,0.0000,0.0990,0.0000,1.8640,1.9010,81.0000
1786021712.9550,1.8640,1.8870,84.0000,0.0000,0.0000,0.0000,0.0000,0.0200,0.0000,1.8640,1.8250,85.0000
1786021713.0050,1.8640,1.8520,85.0000,0.0000,0.0000,0.0000,0.0000,0.0020,0.0000,1.8640,1.8760,82.0000
1786021713.0553,1.8640,1.8590,85.0000,0.0000,0.0090,0.0000,0.0000,0.0170,0.0000,1.8640,1.8910,82.0000
1786021713.1050,1.8640,1.8570,85.0000,0.0000,0.0010,0.0000,0.0000,0.0050,0.0000,1.8640,1.8920,81.0000
1786021713.1551,1.8640,1.8720,84.0000,0.0000,0.0000,0.0000,0.0000,0.0000,0.0000,1.8640,1.8930,81.0000
1786021713.2051,1.8640,1.8810,84.0000,0.0000,-0.0000,0.0000,0.0000,0.0000,0.0000,1.8640,1.7960,86.0000
1786021713.2550,1.8640,1.8650,85.0000,0.0000,-0.0000,0.0000,0.0000,0.0000,0.0000,1.8640,1.8850,82.0000
1786021713.3055,1.8640,1.8540,85.0000,0.0000,0.0000,0.0000,0.0000,0.0040,0.0000,1.8640,1.9210,79.0000
1786021713.3550,1.8640,1.8430,86.0000,0.0000,0.0000,0.0000,0.0000,0.0000,0.0000,1.8640,1.9090,80.0000
1786021713.4050,1.3840,1.6880,53.0000,0.0000,-0.0000,0.0000,0.0000,0.0000,0.0000,1.3840,1.6340,53.0000
1786021713.4549,0.7840,1.1370,27.0000,0.0000,-0.0000,0.0000,0.0000,0.0000,0.0000,0.7840,1.1230,24.0000
1786021713.6046,0.1840,0.5350,1.0000,0.0000,0.0070,0.0000,0.0000,0.0000,0.0000,0.1840,0.4730,0.0000
1786021713.6060,0.0000,0.0430,0.0000,0.0000,0.0010,0.0000,0.0000,0.0000,0.0000,0.0000,0.0380,0.0000
1786021713.6065,-0.3600,-0.0290,-38.0000,0.0000,0.0000,0.0000,0.0000,-0.0050,0.0000,-0.3600,-0.0410,-37.0000
1786021713.6551,-0.9600,-0.5470,-65.0000,0.0000,-0.0010,0.0000,0.0000,-0.0080,0.0000,-0.9600,-0.6110,-62.0000
1786021713.7052,-1.5600,-1.1730,-89.0000,0.0000,-0.0140,0.0000,0.0000,-0.0010,0.0000,-1.5600,-1.2210,-87.0000
1786021713.7551,-1.8640,-1.7740,-91.0000,0.0000,-0.0020,0.0000,0.0000,-0.0000,0.0000,-1.8640,-1.8360,-87.0000
1786021713.8051,-1.8640,-1.9320,-87.0000,0.0000,-0.0000,0.0000,0.0000,-0.0100,0.0000,-1.8640,-1.9320,-87.0000
1786021713.8552,-1.8640,-1.9890,-84.0000,0.0000,-0.0000,0.0000,0.0000,-0.0320,0.0000,-1.8640,-1.8020,-95.0000
1786021713.9051,-1.8640,-1.9440,-86.0000,0.0000,-0.0650,0.0000,0.0000,-0.2070,0.0000,-1.8640,-1.9610,-86.0000
1786021713.9551,-1.8640,-1.8970,-88.0000,0.0000,-0.0890,0.0000,0.0000,-0.1600,0.0000,-1.8640,-1.9180,-88.0000
1786021714.0051,-1.8640,-1.9270,-85.0000,0.0000,-0.0150,0.0000,0.0000,-0.0640,0.0000,-1.8640,-1.9740,-84.0000
1786021714.0551,-1.8640,-1.9280,-85.0000,0.0000,-0.0010,0.0000,0.0000,-0.0050,0.0000,-1.8640,-1.9010,-87.0000
1786021714.1052,-1.8640,-1.8630,-88.0000,0.0000,-0.0000,0.0000,0.0000,-0.0290,0.0000,-1.8640,-1.8880,-87.0000
1786021714.1552,-1.8640,-1.8470,-88.0000,0.0000,-0.0000,0.0000,0.0000,-0.0040,0.0000,-1.8640,-1.8530,-88.0000
1786021714.2052,-1.8640,-1.9130,-84.0000,0.0000,-0.0000,0.0000,0.0000,-0.0010,0.0000,-1.8640,-1.9600,-82.0000
1786021714.2552,-1.8640,-1.8480,-88.0000,0.0000,-0.0000,0.0000,0.0000,-0.0210,0.0000,-1.8640,-1.9720,-80.0000
1786021714.3052,-1.8640,-1.8610,-87.0000,0.0000,-0.0000,0.0000,0.0000,-0.0600,0.0000,-1.8640,-1.8150,-89.0000
1786021714.3552,-1.8640,-1.8380,-89.0000,0.0000,-0.0000,0.0000,0.0000,-0.0490,0.0000,-1.8640,-1.8130,-89.0000
1786021714.4052,-1.8640,-1.9120,-85.0000,0.0000,0.0010,0.0000,0.0000,-0.0580,0.0000,-1.8640,-1.8940,-84.0000
1786021714.4551,-1.8640,-1.9050,-85.0000,0.0000,0.0000,0.0000,0.0000,-0.0760,0.0000,-1.8640,-1.9590,-80.0000
1786021714.5063,-1.8640,-1.8820,-86.0000,0.0000,-0.0000,0.0000,0.0000,-0.0130,0.0000,-1.8640,-1.8590,-86.0000
1786021714.5552,-1.8640,-1.8340,-88.0000,0.0000,-0.0000,0.0000,0.0000,-0.0030,0.0000,-1.8640,-1.8140,-88.0000
1786021714.6051,-1.8640,-1.8410,-88.0000,0.0000,0.0010,0.0000,0.0000,-0.0000,0.0000,-1.8640,-1.8380,-87.0000
1786021714.6552,-1.8640,-1.9440,-82.0000,0.0000,0.0000,0.0000,0.0000,-0.0020,0.0000,-1.8640,-1.9170,-82.0000
1786021714.7052,-1.8640,-1.9070,-84.0000,0.0000,0.0000,0.0000,0.0000,0.0000,0.0000,-1.8640,-1.9380,-81.0000
1786021714.7552,-1.8640,-1.8610,-86.0000,0.0000,0.0000,0.0000,0.0000,-0.0080,0.0000,-1.8640,-1.8680,-84.0000
1786021714.8052,-1.8640,-1.8320,-87.0000,0.0000,0.0000,0.0000,0.0000,0.0000,0.0000,-1.8640,-1.8290,-86.0000
1786021714.8552,-1.8640,-1.8040,-89.0000,0.0000,0.0000,0.0000,0.0000,0.0140,0.0000,-1.8640,-1.8620,-85.0000
1786021714.9052,-1.8640,-1.8550,-87.0000,0.0000,0.0000,0.0000,0.0000,-0.0010,0.0000,-1.8640,-1.9340,-80.0000
1786021714.9551,-1.8640,-1.8630,-87.0000,0.0000,0.0000,0.0000,0.0000,-0.0090,0.0000,-1.8640,-1.8220,-87.0000
1786021715.0052,-1.8640,-1.8300,-89.0000,0.0000,0.0000,0.0000,0.0000,-0.0010,0.0000,-1.8640,-1.8250,-86.0000
1786021715.0552,-1.8640,-1.8950,-85.0000,0.0000,0.0010,0.0000,0.0000,-0.0000,0.0000,-1.8640,-1.8940,-83.0000
1786021715.1052,-1.8640,-1.8660,-87.0000,0.0000,0.0000,0.0000,0.0000,-0.0020,0.0000,-1.8640,-1.9380,-80.0000
1786021715.1552,-1.8640,-1.8750,-86.0000,0.0000,0.0000,0.0000,0.0000,-0.0000,0.0000,-1.8640,-1.8610,-84.0000
1786021715.2055,-1.8640,-1.8650,-87.0000,0.0000,0.0000,0.0000,0.0000,-0.0000,0.0000,-1.8640,-1.8240,-86.0000
1786021715.2552,-1.8640,-1.8560,-87.0000,0.0000,0.0000,0.0000,0.0000,-0.0000,0.0000,-1.8640,-1.8490,-85.0000
1786021715.3051,-1.8640,-1.8740,-86.0000,0.0000,0.0000,0.0000,0.0000,0.0000,0.0000,-1.8640,-1.8700,-84.0000
1786021715.3552,-1.8640,-1.8420,-88.0000,0.0000,-0.0020,0.0000,0.0000,-0.0010,0.0000,-1.8640,-1.9170,-81.0000
1786021715.4052,-1.8640,-1.8890,-85.0000,0.0000,-0.0000,0.0000,0.0000,-0.0000,0.0000,-1.8640,-1.8320,-86.0000
1786021715.4552,-1.8640,-1.8710,-86.0000,0.0000,-0.0000,0.0000,0.0000,-0.0000,0.0000,-1.8640,-1.8340,-85.0000
1786021715.5052,-1.8640,-1.8780,-86.0000,0.0000,0.0010,0.0000,0.0000,0.0010,0.0000,-1.8640,-1.8450,-85.0000
1786021715.5552,-1.8640,-1.8380,-88.0000,0.0000,0.0000,0.0000,0.0000,0.0000,0.0000,-1.8640,-1.9540,-79.0000
1786021715.6052,-1.8640,-1.8680,-86.0000,0.0000,-0.0010,0.0000,0.0000,0.0000,0.0000,-1.8640,-1.8930,-82.0000
1786021715.6552,-1.8640,-1.8930,-85.0000,0.0000,-0.0000,0.0000,0.0000,0.0000,0.0000,-1.8640,-1.7460,-90.0000
1786021715.7052,-1.8640,-1.8430,-88.0000,0.0000,-0.0000,0.0000,0.0000,0.0020,0.0000,-1.8640,-1.8180,-87.0000
1786021715.7552,-1.8640,-1.9500,-81.0000,0.0000,-0.0010,0.0000,0.0000,0.0000,0.0000,-1.8640,-1.8980,-83.0000
1786021715.8052,-1.8640,-1.9000,-84.0000,0.0000,-0.0050,0.0000,0.0000,-0.0030,0.0000,-1.8640,-1.9340,-81.0000
1786021715.8565,-1.8640,-1.8870,-84.0000,0.0000,-0.0010,0.0000,0.0000,0.0000,0.0000,-1.8640,-1.8750,-84.0000
1786021715.9062,-1.8640,-1.8520,-86.0000,0.0000,-0.0000,0.0000,0.0000,0.0000,0.0000,-1.8640,-1.8480,-85.0000
1786021715.9562,-1.8640,-1.8400,-86.0000,0.0000,-0.0000,0.0000,0.0000,0.0070,0.0000,-1.8640,-1.8320,-86.0000
1786021716.0062,-1.8640,-1.8760,-84.0000,0.0000,-0.0000,0.0000,0.0000,-0.0030,0.0000,-1.8640,-1.9140,-81.0000
1786021716.0562,-1.8640,-1.8810,-84.0000,0.0000,-0.0000,0.0000,0.0000,-0.0030,0.0000,-1.8640,-1.9340,-80.0000
1786021716.1063,-1.8640,-1.8640,-85.0000,0.0000,0.0010,0.0000,0.0000,-0.0000,0.0000,-1.8640,-1.8260,-85.0000
1786021716.1564,-1.8640,-1.8350,-87.0000,0.0000,0.0000,0.0000,0.0000,-0.0000,0.0000,-1.8640,-1.8380,-85.0000
1786021716.2063,-1.8640,-1.8450,-86.0000,0.0000,0.0000,0.0000,0.0000,0.0010,0.0000,-1.8640,-1.9140,-80.0000
1786021716.2562,-1.8640,-1.8590,-86.0000,0.0000,0.0000,0.0000,0.0000,-0.0010,0.0000,-1.8640,-1.9330,-79.0000
1786021716.3062,-1.8640,-1.8550,-86.0000,0.0000,0.0000,0.0000,0.0000,-0.0000,0.0000,-1.8640,-1.8500,-84.0000
1786021716.3562,-1.8640,-1.8530,-86.0000,0.0000,0.0000,0.0000,0.0000,-0.0010,0.0000,-1.8640,-1.8720,-82.0000
1786021716.4063,-1.8640,-1.8540,-86.0000,0.0000,0.0000,0.0000,0.0000,-0.0000,0.0000,-1.8640,-1.8670,-82.0000
1786021716.4562,-1.8640,-1.8880,-84.0000,0.0000,0.0000,0.0000,0.0000,0.0030,0.0000,-1.8640,-1.8840,-81.0000
1786021716.5062,-1.8640,-1.8710,-85.0000,0.0000,0.0000,0.0000,0.0000,0.0000,0.0000,-1.8640,-1.8850,-81.0000
1786021716.5562,-1.8640,-1.8310,-87.0000,0.0000,0.0000,0.0000,0.0000,0.0000,0.0000,-1.8640,-1.8220,-84.0000
1786021716.6062,-1.8640,-1.8350,-87.0000,0.0000,0.0010,0.0000,0.0000,0.0020,0.0000,-1.8640,-1.8010,-86.0000
1786021716.6562,-1.8640,-1.8480,-87.0000,0.0000,0.0000,0.0000,0.0000,0.0080,0.0000,-1.8640,-1.8740,-82.0000
1786021716.7063,-1.8640,-1.8580,-87.0000,0.0000,0.0000,0.0000,0.0000,-0.0010,0.0000,-1.8640,-1.9280,-79.0000
1786021716.7563,-1.8640,-1.8580,-87.0000,0.0000,0.0000,0.0000,0.0000,-0.0170,0.0000,-1.8640,-1.8420,-84.0000
1786021716.8062,-1.8640,-1.8450,-88.0000,0.0000,0.0000,0.0000,0.0000,-0.0020,0.0000,-1.8640,-1.8120,-85.0000
1786021716.8562,-1.8640,-1.8550,-87.0000,0.0000,0.0010,0.0000,0.0000,-0.0000,0.0000,-1.8640,-1.8310,-85.0000
1786021716.9063,-1.6240,-1.9040,-64.0000,-0.2400,-0.0130,-28.0000,-0.2400,-0.0060,-29.0000,-1.6240,-1.9160,-59.0000
1786021716.9565,-1.3250,-1.4140,-62.0000,-0.8400,-0.6250,-49.0000,-0.8400,-0.5610,-53.0000,-1.3250,-1.3910,-60.0000
1786021717.0063,-1.3250,-1.3900,-60.0000,-1.3250,-1.1920,-66.0000,-1.3250,-1.1520,-69.0000,-1.3250,-1.3830,-56.0000
1786021717.0566,-1.4450,-1.2490,-77.0000,-1.2050,-1.3200,-54.0000,-1.2050,-1.3510,-53.0000,-1.4450,-1.2370,-74.0000
1786021717.1064,-1.8640,-1.6350,-94.0000,-0.6050,-0.9580,-21.0000,-0.6050,-1.0300,-18.0000,-1.8640,-1.6430,-90.0000
1786021717.1562,-1.8640,-1.8450,-86.0000,-0.0050,-0.3740,0.0000,-0.0050,-0.4350,0.0000,-1.8640,-1.8250,-84.0000
1786021717.2062,-1.8640,-1.8230,-89.0000,0.0000,-0.2410,0.0000,0.0000,-0.4430,0.0000,-1.8640,-1.9490,-79.0000
1786021717.2562,-1.8640,-1.9490,-82.0000,0.0000,-0.2390,0.0000,0.0000,-0.4360,0.0000,-1.8640,-1.8390,-85.0000
1786021717.3062,-1.8640,-1.8230,-90.0000,0.0000,-0.1110,0.0000,0.0000,-0.2100,0.0000,-1.8640,-1.7760,-89.0000
1786021717.3562,-1.8640,-1.8940,-85.0000,0.0000,-0.0200,0.0000,0.0000,-0.0160,0.0000,-1.8640,-1.8230,-87.0000
1786021717.4062,-1.8640,-1.9180,-84.0000,0.0000,-0.0170,0.0000,0.0000,-0.0050,0.0000,-1.8640,-1.9920,-77.0000
1786021717.4562,-1.8640,-1.8580,-87.0000,0.0000,-0.0590,0.0000,0.0000,-0.0000,0.0000,-1.8640,-1.8880,-83.0000
1786021717.5069,-1.8640,-1.8850,-85.0000,0.0000,-0.0100,0.0000,0.0000,-0.0160,0.0000,-1.8640,-1.8320,-85.0000
1786021717.5562,-1.8640,-1.8340,-88.0000,0.0000,-0.0030,0.0000,0.0000,-0.0750,0.0000,-1.8640,-1.8280,-86.0000
1786021717.6064,-1.3840,-1.7010,-54.0000,-0.4800,-0.2150,-38.0000,-0.4800,-0.1780,-41.0000,-1.3840,-1.6970,-51.0000
1786021717.6567,-1.3250,-1.3840,-62.0000,-1.0800,-0.8490,-60.0000,-1.0800,-0.8020,-62.0000,-1.3250,-1.3740,-60.0000
1786021717.7064,-1.3250,-1.3530,-61.0000,-1.3250,-1.3310,-61.0000,-1.3250,-1.3380,-61.0000,-1.3250,-1.4070,-56.0000
1786021717.7571,-1.3250,-1.2720,-65.0000,-1.3250,-1.3390,-64.0000,-1.3250,-1.3330,-65.0000,-1.3250,-1.3470,-58.0000
1786021717.8071,-1.3250,-1.2900,-64.0000,-1.3250,-1.3550,-63.0000,-1.3250,-1.3790,-62.0000,-1.3250,-1.3320,-58.0000
1786021717.8564,-1.3250,-1.3050,-64.0000,-1.3250,-1.3680,-63.0000,-1.3250,-1.3560,-64.0000,-1.3250,-1.3290,-58.0000
1786021717.9076,-1.3250,-1.3500,-61.0000,-1.3250,-1.3650,-62.0000,-1.3250,-1.3890,-61.0000,-1.3250,-1.3570,-56.0000
1786021717.9564,-1.3250,-1.3750,-60.0000,-1.3250,-1.3740,-61.0000,-1.3250,-1.3610,-62.0000,-1.3250,-1.3470,-57.0000
1786021718.0074,-1.3250,-1.3640,-60.0000,-1.3250,-1.3620,-61.0000,-1.3250,-1.3720,-61.0000,-1.3250,-1.3540,-56.0000
1786021718.0566,-1.3250,-1.3770,-58.0000,-1.3250,-1.3820,-60.0000,-1.3250,-1.3700,-61.0000,-1.3250,-1.3340,-57.0000
1786021718.1065,-1.3250,-1.3670,-58.0000,-1.3250,-1.3510,-61.0000,-1.3250,-1.3820,-59.0000,-1.3250,-1.3420,-56.0000
1786021718.1564,-1.3250,-1.3490,-59.0000,-1.3250,-1.3570,-60.0000,-1.3250,-1.3440,-61.0000,-1.3250,-1.3320,-56.0000
1786021718.2064,-0.8450,-1.1800,-26.0000,-1.8050,-1.5520,-91.0000,-1.8050,-1.5200,-93.0000,-0.8450,-1.1480,-24.0000
1786021718.2563,-0.2450,-0.5920,-2.0000,-1.8640,-1.8790,-82.0000,-1.8640,-1.9310,-79.0000,-0.2450,-0.5170,-3.0000
1786021718.3064,-0.3650,-0.1860,-31.0000,-1.5040,-1.7680,-58.0000,-1.5040,-1.7930,-57.0000,-0.3650,-0.1510,-33.0000
1786021718.3565,-0.9650,-0.8220,-48.0000,-1.3250,-1.3410,-63.0000,-1.3250,-1.3520,-62.0000,-0.9650,-0.8450,-48.0000
1786021718.4065,-1.3250,-1.2780,-59.0000,-1.3250,-1.3230,-62.0000,-1.3250,-1.2890,-63.0000,-1.3250,-1.2970,-59.0000
1786021718.4564,-1.3250,-1.3160,-61.0000,-1.3250,-1.1450,-72.0000,-1.3250,-1.2880,-63.0000,-1.3250,-1.3560,-59.0000
1786021718.5063,-0.7250,-1.0520,-24.0000,-1.8640,-1.5710,-97.0000,-1.8640,-1.5670,-95.0000,-0.7250,-1.0670,-23.0000
1786021718.5563,-0.1250,-0.4840,6.0000,-1.8640,-1.8490,-86.0000,-1.8640,-1.7710,-89.0000,-0.1250,-0.4600,5.0000
1786021718.6063,0.0000,-0.2760,0.0000,-1.8640,-1.8830,-87.0000,-1.8640,-1.8780,-85.0000,0.0000,-0.2510,0.0000
1786021718.6564,-0.4800,-0.2580,-36.0000,-1.3840,-1.7360,-53.0000,-1.3840,-1.7880,-48.0000,-0.4800,-0.2730,-36.0000
1786021718.7064,-1.0800,-0.8410,-58.0000,-1.3250,-1.3690,-64.0000,-1.3250,-1.3610,-62.0000,-1.0800,-0.8480,-58.0000
1786021718.7564,-1.3250,-1.3350,-58.0000,-1.3250,-1.3160,-64.0000,-1.3250,-1.2680,-65.0000,-1.3250,-1.3760,-56.0000
1786021718.8065,-1.0850,-1.2890,-43.0000,-1.5650,-1.3450,-83.0000,-1.5650,-1.2570,-86.0000,-1.0850,-1.3400,-40.0000
1786021718.8564,-0.4850,-0.8220,-15.0000,-1.8640,-1.7650,-88.0000,-1.8640,-1.7380,-89.0000,-0.4850,-0.8220,-15.0000
1786021718.9063,0.0000,-0.2540,0.0000,-1.8640,-1.9100,-83.0000,-1.8640,-1.8640,-86.0000,0.0000,-0.2290,0.0000
1786021718.9570,0.0000,-0.1650,0.0000,-1.8640,-1.8280,-89.0000,-1.8640,-1.9660,-81.0000,0.0000,-0.0360,0.0000
1786021719.0064,-0.6000,-0.3880,-39.0000,-1.3250,-1.6490,-51.0000,-1.3250,-1.6900,-48.0000,-0.6000,-0.4770,-34.0000
1786021719.0564,-1.2000,-0.9340,-64.0000,-1.3250,-1.3700,-62.0000,-1.3250,-1.3380,-63.0000,-1.2000,-0.9470,-64.0000
1786021719.1064,-1.3250,-1.3070,-60.0000,-1.3250,-1.3530,-61.0000,-1.3250,-1.3480,-60.0000,-1.3250,-1.3500,-59.0000
1786021719.1565,-1.3250,-1.2880,-64.0000,-1.3250,-1.3030,-63.0000,-1.3250,-1.3090,-61.0000,-1.3250,-1.3440,-62.0000
1786021719.2065,-1.3250,-1.3140,-64.0000,-1.3250,-1.2530,-66.0000,-1.3250,-1.2850,-63.0000,-1.3250,-1.3650,-61.0000
1786021719.2564,-0.8450,-1.1890,-29.0000,-1.8050,-1.4930,-95.0000,-1.8050,-1.4890,-94.0000,-0.8450,-1.2060,-27.0000
1786021719.3064,-0.4850,-0.6210,-24.0000,-1.7440,-1.7960,-78.0000,-1.7440,-1.7660,-78.0000,-0.4850,-0.6050,-24.0000
1786021719.3565,-1.0850,-0.9120,-56.0000,-1.3250,-1.4920,-58.0000,-1.3250,-1.4870,-57.0000,-1.0850,-0.9240,-54.0000
1786021719.4065,-1.3250,-1.3340,-57.0000,-1.3250,-1.3930,-61.0000,-1.3250,-1.3760,-60.0000,-1.3250,-1.3510,-55.0000
1786021719.4564,-1.3250,-1.3240,-59.0000,-1.3250,-1.3640,-61.0000,-1.3250,-1.3370,-61.0000,-1.3250,-1.3380,-58.0000
1786021719.5065,-1.3250,-1.3300,-59.0000,-1.3250,-1.3490,-61.0000,-1.3250,-1.3580,-59.0000,-1.3250,-1.3260,-59.0000
1786021719.5564,-1.3250,-1.3280,-60.0000,-1.3250,-1.3490,-60.0000,-1.3250,-1.3190,-61.0000,-1.3250,-1.3320,-58.0000
1786021719.6065,-1.3250,-1.3170,-60.0000,-1.3250,-1.3340,-61.0000,-1.3250,-1.3450,-59.0000,-1.3250,-1.3540,-57.0000
1786021719.6565,-1.3250,-1.3400,-59.0000,-1.3250,-1.3450,-60.0000,-1.3250,-1.3190,-61.0000,-1.3250,-1.3510,-57.0000
1786021719.7064,-1.3250,-1.3350,-59.0000,-1.3250,-1.3420,-60.0000,-1.3250,-1.3570,-59.0000,-1.3250,-1.3440,-57.0000
1786021719.7565,-1.3250,-1.3310,-59.0000,-1.3250,-1.3360,-60.0000,-1.3250,-1.3180,-61.0000,-1.3250,-1.3090,-59.0000
1786021719.8065,-1.3250,-1.3290,-59.0000,-1.3250,-1.3360,-60.0000,-1.3250,-1.3510,-59.0000,-1.3250,-1.3260,-58.0000
1786021719.8565,-1.3250,-1.2960,-61.0000,-1.3250,-1.3340,-60.0000,-1.3250,-1.3170,-61.0000,-1.3250,-1.3250,-58.0000
1786021719.9064,-1.3250,-1.3170,-60.0000,-1.3250,-1.3300,-60.0000,-1.3250,-1.3470,-59.0000,-1.3250,-1.3410,-57.0000
1786021719.9565,-1.3250,-1.3420,-59.0000,-1.3250,-1.3320,-60.0000,-1.3250,-1.3120,-61.0000,-1.3250,-1.3410,-57.0000
1786021720.0065,-1.3250,-1.3380,-59.0000,-1.3250,-1.3310,-60.0000,-1.3250,-1.3480,-58.0000,-1.3250,-1.3420,-57.0000
1786021720.0565,-1.3250,-1.3430,-59.0000,-1.3250,-1.3330,-59.0000,-1.3250,-1.3150,-60.0000,-1.3250,-1.3330,-57.0000
1786021720.1064,-1.3250,-1.3140,-60.0000,-1.3250,-1.3220,-60.0000,-1.3250,-1.3420,-59.0000,-1.3250,-1.3400,-56.0000
1786021720.1565,-1.3250,-1.2920,-61.0000,-1.3250,-1.3310,-59.0000,-1.3250,-1.3120,-60.0000,-1.3250,-1.3110,-58.0000
1786021720.2064,-1.3250,-1.3230,-60.0000,-1.3250,-1.3200,-60.0000,-1.3250,-1.3500,-58.0000,-1.3250,-1.3250,-57.0000
1786021720.2564,-1.3250,-1.3480,-58.0000,-1.3250,-1.3220,-60.0000,-1.3250,-1.3110,-61.0000,-1.3250,-1.3300,-57.0000
1786021720.3064,-1.3250,-1.3410,-59.0000,-1.3250,-1.3350,-59.0000,-1.3250,-1.3480,-58.0000,-1.3250,-1.3630,-55.0000
1786021720.3564,-1.3250,-1.3430,-58.0000,-1.3250,-1.3300,-59.0000,-1.3250,-1.3140,-60.0000,-1.3250,-1.3410,-56.0000
1786021720.4065,-1.3250,-1.3390,-59.0000,-1.3250,-1.3260,-60.0000,-1.3250,-1.3340,-59.0000,-1.3250,-1.3310,-56.0000
1786021720.4564,-1.3250,-1.3240,-59.0000,-1.3250,-1.3080,-61.0000,-1.3250,-1.3110,-60.0000,-1.3250,-1.3170,-57.0000
1786021720.5064,-1.3250,-1.2970,-61.0000,-1.3250,-1.2600,-64.0000,-1.3250,-1.2800,-62.0000,-1.3250,-1.3290,-56.0000
1786021720.5566,-1.3250,-1.3340,-59.0000,-1.3250,-1.2940,-62.0000,-1.3250,-1.3230,-60.0000,-1.3250,-1.3190,-56.0000
1786021720.6065,-1.3250,-1.3370,-59.0000,-1.3250,-1.3590,-59.0000,-1.3250,-1.3420,-59.0000,-1.3250,-1.3340,-56.0000
1786021720.6565,-1.3250,-1.3440,-58.0000,-1.3250,-1.3400,-60.0000,-1.3250,-1.3220,-60.0000,-1.3250,-1.3350,-55.0000
1786021720.7066,-1.3250,-1.3420,-58.0000,-1.3250,-1.3430,-59.0000,-1.3250,-1.3560,-58.0000,-1.3250,-1.3330,-56.0000
1786021720.7565,-1.3250,-1.3360,-58.0000,-1.3250,-1.3290,-60.0000,-1.3250,-1.3260,-60.0000,-1.3250,-1.3120,-57.0000
1786021720.8066,-1.3250,-1.3290,-59.0000,-1.3250,-1.3150,-61.0000,-1.3250,-1.3350,-59.0000,-1.3250,-1.3260,-56.0000
1786021720.8565,-1.3250,-1.3290,-58.0000,-1.3250,-1.2770,-63.0000,-1.3250,-1.3160,-60.0000,-1.3250,-1.3120,-57.0000
1786021720.9065,-1.3250,-1.3240,-59.0000,-1.3250,-1.3420,-60.0000,-1.3250,-1.3300,-59.0000,-1.3250,-1.3330,-55.0000
1786021720.9564,-1.3250,-1.3340,-58.0000,-1.3250,-1.3400,-60.0000,-1.3250,-1.3220,-60.0000,-1.3250,-1.3110,-57.0000
1786021721.0065,-1.3250,-1.3270,-58.0000,-1.3250,-1.3490,-59.0000,-1.3250,-1.3310,-59.0000,-1.3250,-1.3340,-55.0000
1786021721.0565,-1.3250,-1.3280,-58.0000,-1.3250,-1.3280,-60.0000,-1.3250,-1.3220,-60.0000,-1.3250,-1.3090,-57.0000
1786021721.1065,-1.3250,-1.3080,-60.0000,-1.3250,-1.3180,-61.0000,-1.3250,-1.3290,-59.0000,-1.3250,-1.3290,-56.0000
1786021721.1565,-1.3250,-1.3120,-59.0000,-1.3250,-1.2940,-62.0000,-1.3250,-1.3160,-60.0000,-1.3250,-1.3020,-57.0000
1786021721.2065,-1.3250,-1.3260,-59.0000,-1.3250,-1.3300,-60.0000,-1.3250,-1.3230,-60.0000,-1.3250,-1.3390,-55.0000
1786021721.2565,-1.3250,-1.3330,-58.0000,-1.3250,-1.3430,-60.0000,-1.3250,-1.3240,-60.0000,-1.3250,-1.3110,-57.0000
1786021721.3066,-1.3250,-1.3300,-59.0000,-1.3250,-1.3460,-59.0000,-1.3250,-1.3280,-60.0000,-1.3250,-1.3400,-55.0000
1786021721.3565,-1.3250,-1.3340,-58.0000,-1.3250,-1.3380,-60.0000,-1.3250,-1.3280,-60.0000,-1.3250,-1.3240,-56.0000
1786021721.4065,-1.3250,-1.3280,-59.0000,-1.3250,-1.3380,-59.0000,-1.3250,-1.3260,-60.0000,-1.3250,-1.3470,-55.0000
1786021721.4565,-1.3250,-1.3310,-58.0000,-1.3250,-1.3320,-60.0000,-1.3250,-1.3270,-60.0000,-1.3250,-1.3160,-56.0000
1786021721.5065,-1.3250,-1.3260,-59.0000,-1.3250,-1.3380,-59.0000,-1.3250,-1.3200,-60.0000,-1.3250,-1.3440,-55.0000
1786021721.5572,-1.3250,-1.3290,-58.0000,-1.3250,-1.3290,-60.0000,-1.3250,-1.3250,-60.0000,-1.3250,-1.3140,-57.0000
1786021721.6066,-1.3250,-1.3150,-59.0000,-1.3250,-1.3360,-59.0000,-1.3250,-1.3140,-60.0000,-1.3250,-1.3400,-55.0000
1786021721.6565,-1.3250,-1.3010,-60.0000,-1.3250,-1.3220,-60.0000,-1.3250,-1.3120,-60.0000,-1.3250,-1.3080,-57.0000
1786021721.7066,-1.3250,-1.2990,-60.0000,-1.3250,-1.3210,-60.0000,-1.3250,-1.2940,-61.0000,-1.3250,-1.3310,-56.0000
1786021721.7565,-1.3250,-1.3020,-60.0000,-1.3250,-1.2880,-62.0000,-1.3250,-1.2760,-63.0000,-1.3250,-1.2930,-58.0000
1786021721.8066,-1.3250,-1.3280,-59.0000,-1.3250,-1.3090,-61.0000,-1.3250,-1.3090,-61.0000,-1.3250,-1.3300,-56.0000
1786021721.8564,-1.3250,-1.3350,-59.0000,-1.3250,-1.3310,-60.0000,-1.3250,-1.3350,-60.0000,-1.3250,-1.3120,-57.0000
1786021721.9065,-1.3250,-1.3330,-59.0000,-1.3250,-1.3400,-59.0000,-1.3250,-1.3100,-62.0000,-1.3250,-1.3400,-56.0000
1786021721.9564,-1.3250,-1.3390,-58.0000,-1.3250,-1.3260,-60.0000,-1.3250,-1.3500,-59.0000,-1.3250,-1.3140,-57.0000
1786021722.0064,-1.3250,-1.3300,-59.0000,-1.3250,-1.3380,-59.0000,-1.3250,-1.3270,-60.0000,-1.3250,-1.3300,-56.0000
1786021722.0565,-1.3250,-1.3270,-59.0000,-1.3250,-1.3240,-60.0000,-1.3250,-1.3470,-59.0000,-1.3250,-1.3000,-58.0000
1786021722.1065,-1.3250,-1.3170,-59.0000,-1.3250,-1.3240,-60.0000,-1.3250,-1.3230,-60.0000,-1.3250,-1.3130,-57.0000
1786021722.1565,-1.3250,-1.3250,-59.0000,-1.3250,-1.2800,-63.0000,-1.3250,-1.3220,-60.0000,-1.3250,-1.3100,-58.0000
1786021722.2065,-1.3250,-1.3280,-59.0000,-1.3250,-1.3390,-59.0000,-1.3250,-1.3220,-60.0000,-1.3250,-1.3400,-56.0000
1786021722.2564,-1.3250,-1.3290,-59.0000,-1.3250,-1.3340,-60.0000,-1.3250,-1.3430,-59.0000,-1.3250,-1.3230,-57.0000
1786021722.3072,-1.3250,-1.3250,-59.0000,-1.3250,-1.3370,-59.0000,-1.3250,-1.3130,-61.0000,-1.3250,-1.3370,-56.0000
1786021722.3565,-1.3250,-1.3240,-59.0000,-1.3250,-1.3160,-61.0000,-1.3250,-1.3400,-59.0000,-1.3250,-1.2930,-59.0000
1786021722.4065,-1.3250,-1.3000,-60.0000,-1.3250,-1.2830,-63.0000,-1.3250,-1.2760,-63.0000,-1.3250,-1.3210,-57.0000
1786021722.4565,-1.3250,-1.3140,-60.0000,-1.3250,-1.2950,-62.0000,-1.3250,-1.3070,-61.0000,-1.3250,-1.3320,-57.0000
1786021722.5065,-1.3250,-1.3320,-59.0000,-1.3250,-1.3430,-60.0000,-1.3250,-1.3200,-61.0000,-1.3250,-1.3440,-56.0000
1786021722.5565,-1.3250,-1.3320,-59.0000,-1.3250,-1.3400,-60.0000,-1.3250,-1.3540,-59.0000,-1.3250,-1.3330,-57.0000
1786021722.6065,-1.3250,-1.3390,-58.0000,-1.3250,-1.3460,-59.0000,-1.3250,-1.3260,-61.0000,-1.3250,-1.3320,-57.0000
1786021722.6565,-1.3250,-1.3330,-58.0000,-1.3250,-1.3340,-60.0000,-1.3250,-1.3720,-58.0000,-1.3250,-1.3050,-58.0000
1786021722.7066,-1.3250,-1.3340,-58.0000,-1.3250,-1.3380,-59.0000,-1.3250,-1.3220,-60.0000,-1.3250,-1.3130,-58.0000
1786021722.7565,-1.3250,-1.3260,-59.0000,-1.3250,-1.3300,-60.0000,-1.3250,-1.3450,-59.0000,-1.3250,-1.3190,-57.0000
1786021722.8065,-1.3250,-1.3300,-58.0000,-1.3250,-1.3320,-60.0000,-1.3250,-1.3210,-60.0000,-1.3250,-1.3250,-57.0000
1786021722.8565,-1.3250,-1.3270,-58.0000,-1.3250,-1.3330,-59.0000,-1.3250,-1.3440,-59.0000,-1.3250,-1.3410,-56.0000
1786021722.9065,-1.3250,-1.3310,-58.0000,-1.3250,-1.3310,-59.0000,-1.3250,-1.3190,-60.0000,-1.3250,-1.3130,-58.0000
1786021722.9565,-1.3250,-1.3110,-59.0000,-1.3250,-1.3120,-60.0000,-1.3250,-1.3370,-59.0000,-1.3250,-1.3060,-58.0000
1786021723.0064,-1.3250,-1.2860,-61.0000,-1.3250,-1.2450,-64.0000,-1.3250,-1.2910,-62.0000,-1.3250,-1.3090,-58.0000
1786021723.0565,-1.3250,-1.3240,-59.0000,-1.3250,-1.2910,-62.0000,-1.3250,-1.3180,-60.0000,-1.3250,-1.3340,-57.0000
1786021723.1065,-1.3250,-1.3360,-58.0000,-1.3250,-1.3440,-60.0000,-1.3250,-1.3280,-60.0000,-1.3250,-1.3360,-57.0000
1786021723.1566,-1.3250,-1.3350,-58.0000,-1.3250,-1.3470,-60.0000,-1.3250,-1.3470,-59.0000,-1.3250,-1.3500,-56.0000
1786021723.2065,-1.3250,-1.3400,-58.0000,-1.3250,-1.3430,-60.0000,-1.3250,-1.3220,-60.0000,-1.3250,-1.3320,-57.0000
1786021723.2565,-1.3250,-1.3360,-58.0000,-1.3250,-1.3370,-60.0000,-1.3250,-1.3520,-58.0000,-1.3250,-1.3290,-57.0000
1786021723.3065,-1.3250,-1.3320,-58.0000,-1.3250,-1.3180,-61.0000,-1.3250,-1.3260,-60.0000,-1.3250,-1.2350,-62.0000
1786021723.3566,-1.3250,-1.3240,-59.0000,-1.3250,-1.3240,-60.0000,-1.3250,-1.3340,-59.0000,-1.3250,-1.3140,-58.0000
1786021723.4066,-1.3250,-1.3320,-58.0000,-1.3250,-1.3060,-61.0000,-1.3250,-1.3160,-60.0000,-1.3250,-1.2960,-59.0000
1786021723.4565,-1.3250,-1.3260,-58.0000,-1.3250,-1.3510,-59.0000,-1.3250,-1.3320,-59.0000,-1.3250,-1.3650,-56.0000
1786021723.5065,-1.3250,-1.3370,-58.0000,-1.3250,-1.3390,-59.0000,-1.3250,-1.3230,-60.0000,-1.3250,-1.3300,-58.0000
1786021723.5565,-1.3250,-1.3500,-57.0000,-1.3250,-1.3420,-59.0000,-1.3250,-1.3720,-57.0000,-1.3250,-1.3510,-56.0000
1786021723.6066,-1.3250,-1.3290,-58.0000,-1.3250,-1.3340,-59.0000,-1.3250,-1.3250,-59.0000,-1.3250,-1.3200,-58.0000
1786021723.6565,-1.3250,-1.3150,-58.0000,-1.3250,-1.3080,-61.0000,-1.3250,-1.3260,-59.0000,-1.3250,-1.3280,-57.0000
1786021723.7065,-1.3250,-1.3190,-58.0000,-1.3250,-1.2870,-62.0000,-1.3250,-1.2840,-61.0000,-1.3250,-1.2920,-59.0000
1786021723.7566,-1.3250,-1.3150,-59.0000,-1.3250,-1.3230,-60.0000,-1.3250,-1.2810,-62.0000,-1.3250,-1.3230,-58.0000
1786021723.8066,-1.3250,-1.3180,-59.0000,-1.3250,-1.3460,-59.0000,-1.3250,-1.3060,-61.0000,-1.3250,-1.3190,-58.0000
1786021723.8565,-1.3250,-1.3220,-59.0000,-1.3250,-1.3520,-59.0000,-1.3250,-1.3300,-60.0000,-1.3250,-1.3460,-56.0000
1786021723.9066,-1.3250,-1.3150,-59.0000,-1.3250,-1.3170,-61.0000,-1.3250,-1.3190,-60.0000,-1.3250,-1.2720,-61.0000
1786021723.9566,-1.3250,-1.2830,-61.0000,-1.3250,-1.2990,-62.0000,-1.3250,-1.2980,-62.0000,-1.3250,-1.3210,-58.0000
1786021724.0066,-1.3250,-1.3250,-59.0000,-1.3250,-1.3120,-61.0000,-1.3250,-1.3240,-60.0000,-1.3250,-1.3190,-59.0000
1786021724.0566,-1.3250,-1.3380,-58.0000,-1.3250,-1.3510,-59.0000,-1.3250,-1.3320,-60.0000,-1.3250,-1.3640,-56.0000
1786021724.1066,-1.3250,-1.3430,-58.0000,-1.3250,-1.3440,-60.0000,-1.3250,-1.3400,-60.0000,-1.3250,-1.3320,-58.0000
1786021724.1566,-1.3250,-1.3530,-57.0000,-1.3250,-1.3660,-58.0000,-1.3250,-1.3320,-60.0000,-1.3250,-1.3710,-55.0000
1786021724.2066,-1.3250,-1.3450,-57.0000,-1.3250,-1.3300,-60.0000,-1.3250,-1.3520,-59.0000,-1.3250,-1.3310,-57.0000
1786021724.2565,-1.3250,-1.3300,-58.0000,-1.3250,-1.3400,-59.0000,-1.3250,-1.3250,-60.0000,-1.3250,-1.3490,-56.0000
1786021724.3065,-0.7250,-1.0490,-21.0000,-0.7250,-1.0340,-22.0000,-0.7250,-1.1090,-18.0000,-0.7250,-1.0230,-21.0000
1786021724.3564,-0.1250,-0.4420,7.0000,-0.1250,-0.4360,6.0000,-0.1250,-0.4900,10.0000,-0.1250,-0.4020,6.0000
1786021724.4063,0.0000,-0.0380,0.0000,0.0000,-0.0360,0.0000,0.0000,-0.0510,0.0000,0.0000,-0.0350,0.0000
1786021724.4562,0.0000,-0.1730,0.0000,0.0000,-0.0350,0.0000,0.0000,-0.0030,0.0000,0.0000,-0.1000,0.0000
1786021724.5063,0.0000,-0.1240,0.0000,0.0000,-0.1480,0.0000,0.0000,-0.0000,0.0000,0.0000,-0.0850,0.0000
1786021724.5562,0.0000,-0.0110,0.0000,0.0000,-0.0230,0.0000,0.0000,0.0080,0.0000,0.0000,0.0010,0.0000
1786021724.6063,0.0000,-0.0000,0.0000,0.0000,0.0140,0.0000,0.0000,0.0020,0.0000,0.0000,0.0010,0.0000
1786021724.6562,0.0000,-0.0000,0.0000,0.0000,0.0010,0.0000,0.0000,0.0000,0.0000,0.0000,0.0000,0.0000
1786021724.7063,0.0000,-0.0000,0.0000,0.0000,-0.0010,0.0000,0.0000,0.0000,0.0000,0.0000,0.0000,0.0000
1786021724.7563,0.0000,-0.0000,0.0000,0.0000,-0.0120,0.0000,0.0000,0.0000,0.0000,0.0000,0.0000,0.0000
1786021724.8063,0.0000,-0.0000,0.0000,0.0000,-0.0080,0.0000,0.0000,0.0000,0.0000,0.0000,0.0000,0.0000
1786021724.8563,0.0000,-0.0000,0.0000,0.0000,0.0010,0.0000,0.0000,0.0000,0.0000,0.0000,0.0000,0.0000
1786021724.9065,-0.1200,-0.0000,-14.0000,-0.1200,0.0000,-14.0000,-0.1200,0.0000,-14.0000,-0.1200,0.0000,-14.0000
1786021724.9565,-0.7200,-0.4850,-45.0000,-0.7200,-0.5120,-44.0000,-0.7200,-0.4510,-47.0000,-0.7200,-0.4730,-46.0000
1786021725.0065,-1.3200,-1.0680,-70.0000,-1.3200,-1.0560,-72.0000,-1.3200,-1.0540,-72.0000,-1.3200,-1.0810,-70.0000
1786021725.0566,-1.3250,-1.1150,-74.0000,-1.3250,-1.3280,-63.0000,-1.3250,-1.3500,-62.0000,-1.3250,-1.3610,-61.0000
1786021725.1066,-1.3250,-1.2320,-70.0000,-1.3250,-1.3040,-66.0000,-1.3250,-1.3280,-65.0000,-1.3250,-1.2620,-68.0000
1786021725.1566,-1.3250,-1.3900,-63.0000,-1.3250,-1.3820,-62.0000,-1.3250,-1.3790,-63.0000,-1.3250,-1.3550,-64.0000
1786021725.2066,-1.0850,-1.4080,-41.0000,-1.0850,-1.3770,-41.0000,-1.0850,-1.4000,-40.0000,-1.0850,-1.4130,-40.0000
1786021725.2565,-0.4850,-0.8890,-15.0000,-0.4850,-0.8490,-15.0000,-0.4850,-0.9340,-10.0000,-0.4850,-0.8620,-15.0000
1786021725.3063,0.0000,-0.2720,0.0000,0.0000,-0.2080,0.0000,0.0000,-0.2930,0.0000,0.0000,-0.2330,0.0000
1786021725.3563,0.0000,-0.0070,0.0000,0.0000,-0.0150,0.0000,0.0000,-0.0170,0.0000,0.0000,-0.0150,0.0000
1786021725.4063,0.0000,0.0110,0.0000,0.0000,-0.0000,0.0000,0.0000,0.0010,0.0000,0.0000,0.0010,0.0000
1786021725.6063,0.0000,0.2250,0.0000,0.0000,0.0150,0.0000,0.0000,0.0070,0.0000,0.0000,0.0000,0.0000
1786021725.6070,0.0000,0.1590,0.0000,0.0000,0.0040,0.0000,0.0000,0.0510,0.0000,0.0000,0.0750,0.0000
1786021725.6076,0.0000,0.0170,0.0000,0.0000,0.0000,0.0000,0.0000,0.0040,0.0000,0.0000,0.0170,0.0000
1786021725.6084,0.0000,-0.0000,0.0000,0.0000,0.0000,0.0000,0.0000,-0.0050,0.0000,0.0000,0.0010,0.0000
1786021725.6563,0.0000,-0.0070,0.0000,0.0000,0.0000,0.0000,0.0000,-0.0030,0.0000,0.0000,0.0000,0.0000
1786021725.7063,0.0000,0.0010,0.0000,0.0000,0.0000,0.0000,0.0000,-0.0000,0.0000,0.0000,0.0000,0.0000
1786021725.7562,0.0000,0.0020,0.0000,0.0000,0.0000,0.0000,0.0000,-0.0000,0.0000,0.0000,0.0000,0.0000
1786021725.8062,0.0000,0.0000,0.0000,0.0000,0.0000,0.0000,0.0000,-0.0000,0.0000,0.0000,0.0000,0.0000
1786021725.8563,0.0000,0.0000,0.0000,0.0000,0.0000,0.0000,0.0000,-0.0020,0.0000,0.0000,0.0000,0.0000
1786021725.9063,0.0000,-0.0020,0.0000,0.0000,0.0000,0.0000,0.0000,-0.0000,0.0000,0.0000,0.0000,0.0000
1786021726.0062,0.0000,0.0030,0.0000,0.0000,0.0000,0.0000,0.0000,0.0020,0.0000,0.0000,0.0000,0.0000
1786021726.0069,0.0000,0.0000,0.0000,0.0000,0.0000,0.0000,0.0000,-0.0000,0.0000,0.0000,0.0000,0.0000
1786021726.0562,0.0000,0.0000,0.0000,0.0000,0.0000,0.0000,0.0000,-0.0000,0.0000,0.0000,0.0000,0.0000
1786021726.1063,0.0000,0.0000,0.0000,0.0000,0.0000,0.0000,0.0000,-0.0000,0.0000,0.0000,0.0000,0.0000
1786021726.1562,0.0000,0.0000,0.0000,0.0000,0.0000,0.0000,0.0000,-0.0000,0.0000,0.0000,0.0000,0.0000
1786021726.2063,0.0000,0.0000,0.0000,0.0000,0.0000,0.0000,0.0000,-0.0000,0.0000,0.0000,0.0000,0.0000
1786021726.2562,0.0000,0.0000,0.0000,0.0000,0.0000,0.0000,0.0000,-0.0000,0.0000,0.0000,0.0000,0.0000
1786021726.3063,0.0000,0.0000,0.0000,0.0000,0.0000,0.0000,0.0000,-0.0000,0.0000,0.0000,0.0000,0.0000
1786021726.3563,0.0000,0.0000,0.0000,0.0000,0.0000,0.0000,0.0000,-0.0000,0.0000,0.0000,0.0000,0.0000
1786021726.4063,0.0000,0.0000,0.0000,0.0000,0.0000,0.0000,0.0000,-0.0000,0.0000,0.0000,0.0000,0.0000
1786021726.4562,0.0000,0.0000,0.0000,0.0000,0.0000,0.0000,0.0000,-0.0000,0.0000,0.0000,0.0000,0.0000
1786021726.5062,0.0000,0.0000,0.0000,0.0000,0.0000,0.0000,0.0000,-0.0000,0.0000,0.0000,0.0000,0.0000
1786021726.5563,0.0000,0.0000,0.0000,0.0000,0.0000,0.0000,0.0000,-0.0000,0.0000,0.0000,0.0000,0.0000
1786021726.6063,0.0000,0.0000,0.0000,0.0000,0.0000,0.0000,0.0000,-0.0000,0.0000,0.0000,0.0000,0.0000
1786021726.6563,0.0000,0.0000,0.0000,0.0000,0.0000,0.0000,0.0000,-0.0000,0.0000,0.0000,0.0000,0.0000
1786021726.7063,0.0000,0.0000,0.0000,0.0000,0.0000,0.0000,0.0000,-0.0000,0.0000,0.0000,0.0000,0.0000
1786021726.7563,0.0000,0.0000,0.0000,0.0000,0.0000,0.0000,0.0000,-0.0000,0.0000,0.0000,0.0000,0.0000
1786021726.8062,0.0000,0.0000,0.0000,0.0000,0.0000,0.0000,0.0000,-0.0000,0.0000,0.0000,0.0000,0.0000
1786021726.8563,0.0000,0.0000,0.0000,0.0000,0.0000,0.0000,0.0000,-0.0000,0.0000,0.0000,0.0000,0.0000
1786021726.9063,0.0000,0.0000,0.0000,0.0000,0.0000,0.0000,0.0000,-0.0000,0.0000,0.0000,0.0000,0.0000
1786021726.9562,0.0000,0.0000,0.0000,0.0000,0.0000,0.0000,0.0000,-0.0000,0.0000,0.0000,0.0000,0.0000
