pi_time_s,FR_target_rads,FR_actual_rads,FR_pwm,FL_target_rads,FL_actual_rads,FL_pwm,RR_target_rads,RR_actual_rads,RR_pwm,RL_target_rads,RL_actual_rads,RL_pwm
1786010290.2128,0.0000,0.0000,0.0000,0.0000,-0.0000,0.0000,0.0000,-0.0000,0.0000,0.0000,-0.0000,0.0000
1786010290.2618,0.0000,0.0000,0.0000,0.0000,-0.0000,0.0000,0.0000,-0.0000,0.0000,0.0000,-0.0000,0.0000
1786010290.3118,0.0000,0.0000,0.0000,0.0000,-0.0000,0.0000,0.0000,-0.0000,0.0000,0.0000,-0.0000,0.0000
1786010290.3620,0.0000,0.0000,0.0000,0.0000,-0.0000,0.0000,0.0000,-0.0000,0.0000,0.0000,-0.0000,0.0000
1786010290.4117,0.0000,0.0000,0.0000,0.0000,-0.0000,0.0000,0.0000,-0.0000,0.0000,0.0000,-0.0000,0.0000
1786010290.4616,0.0000,0.0000,0.0000,0.0000,-0.0000,0.0000,0.0000,-0.0000,0.0000,0.0000,-0.0000,0.0000
1786010290.5117,0.0000,0.0000,0.0000,0.0000,-0.0000,0.0000,0.0000,-0.0000,0.0000,0.0000,-0.0000,0.0000
1786010290.5616,0.0000,0.0000,0.0000,0.0000,-0.0000,0.0000,0.0000,-0.0000,0.0000,0.0000,-0.0000,0.0000
1786010290.6117,0.2400,0.0160,28.0000,0.2400,0.0180,28.0000,0.2400,0.0130,28.0000,0.2400,0.0110,28.0000
1786010290.6617,0.6560,0.5280,38.0000,0.6560,0.5930,35.0000,0.6560,0.5490,37.0000,0.6560,0.4210,45.0000
1786010290.7116,0.6560,0.6070,38.0000,0.6560,0.6470,36.0000,0.6560,0.6300,37.0000,0.6560,0.5070,45.0000
1786010290.7617,0.6560,0.6610,36.0000,0.6560,0.6840,35.0000,0.6560,0.6640,37.0000,0.6560,0.7020,37.0000
1786010290.8116,0.6560,0.7180,33.0000,0.6560,0.6930,34.0000,0.6560,0.6790,36.0000,0.6560,0.7540,34.0000
1786010290.8618,0.6560,0.7130,33.0000,0.6560,0.7250,32.0000,0.6560,0.7340,33.0000,0.6560,0.7350,35.0000
1786010290.9117,0.6560,0.6990,33.0000,0.6560,0.7180,32.0000,0.6560,0.7540,31.0000,0.6560,0.7380,34.0000
1786010290.9618,0.6560,0.6920,33.0000,0.6560,0.6590,34.0000,0.6560,0.6610,35.0000,0.6560,0.6900,35.0000
1786010291.0118,0.6560,0.6630,34.0000,0.6560,0.6610,34.0000,0.6560,0.6550,35.0000,0.6560,0.6990,34.0000
1786010291.0617,0.6560,0.6080,37.0000,0.6560,0.6560,34.0000,0.6560,0.6450,36.0000,0.6560,0.6340,37.0000
1786010291.1117,0.6560,0.6140,37.0000,0.6560,0.6180,36.0000,0.6560,0.6440,36.0000,0.6560,0.6260,38.0000
1786010291.1617,0.6560,0.6430,36.0000,0.6560,0.6360,35.0000,0.6560,0.6380,36.0000,0.6560,0.6390,37.0000
1786010291.2118,0.6560,0.6520,36.0000,0.6560,0.6470,35.0000,0.6560,0.6560,36.0000,0.6560,0.6670,36.0000
1786010291.2624,0.6560,0.6590,36.0000,0.6560,0.6590,34.0000,0.6560,0.6510,36.0000,0.6560,0.6490,37.0000
1786010291.3117,0.6560,0.6560,36.0000,0.6560,0.6720,34.0000,0.6560,0.6650,35.0000,0.6560,0.6780,35.0000
1786010291.3620,0.6560,0.6610,36.0000,0.6560,0.6610,34.0000,0.6560,0.6500,36.0000,0.6560,0.6740,35.0000
1786010291.4117,0.6560,0.7060,33.0000,0.6560,0.6720,33.0000,0.6560,0.6610,35.0000,0.6560,0.6920,34.0000
1786010291.4617,0.6560,0.6970,33.0000,0.6560,0.6760,33.0000,0.6560,0.6730,35.0000,0.6560,0.6750,35.0000
1786010291.5118,0.6560,0.7060,32.0000,0.6560,0.7200,30.0000,0.6560,0.7360,31.0000,0.6560,0.6850,34.0000
1786010291.5626,0.6560,0.6930,32.0000,0.6560,0.6650,33.0000,0.6560,0.6810,33.0000,0.6560,0.6660,35.0000
1786010291.6117,0.6560,0.6810,32.0000,0.6560,0.6550,33.0000,0.6560,0.6430,35.0000,0.6560,0.6770,34.0000
1786010291.6629,0.6560,0.6650,33.0000,0.6560,0.6550,33.0000,0.6560,0.6420,35.0000,0.6560,0.6520,35.0000
1786010291.7123,0.6560,0.6520,33.0000,0.6560,0.6450,34.0000,0.6560,0.6440,35.0000,0.6560,0.6450,36.0000
1786010291.7617,0.6560,0.6120,36.0000,0.6560,0.6180,35.0000,0.6560,0.6220,37.0000,0.6560,0.6230,37.0000
1786010291.8117,0.6560,0.6270,35.0000,0.6560,0.6300,35.0000,0.6560,0.6380,36.0000,0.6560,0.6520,35.0000
1786010291.8623,0.6560,0.6380,35.0000,0.6560,0.6420,35.0000,0.6560,0.6310,37.0000,0.6560,0.6420,36.0000
1786010291.9117,0.6560,0.6390,35.0000,0.6560,0.6540,34.0000,0.6560,0.6350,37.0000,0.6560,0.6400,36.0000
1786010291.9617,0.6560,0.6460,35.0000,0.6560,0.6560,34.0000,0.6560,0.6490,36.0000,0.6560,0.6390,37.0000
1786010292.0134,0.6560,0.6600,34.0000,0.6560,0.6580,34.0000,0.6560,0.6520,36.0000,0.6560,0.6790,35.0000
1786010292.0617,0.6560,0.6910,32.0000,0.6560,0.6750,33.0000,0.6560,0.6540,36.0000,0.6560,0.6740,35.0000
1786010292.1117,0.6560,0.6890,32.0000,0.6560,0.6730,33.0000,0.6560,0.6640,35.0000,0.6560,0.6640,35.0000
1786010292.1618,0.6560,0.6810,32.0000,0.6560,0.6670,33.0000,0.6560,0.6750,35.0000,0.6560,0.6790,34.0000
1786010292.2117,0.6560,0.6870,32.0000,0.6560,0.6760,33.0000,0.6560,0.6820,34.0000,0.6560,0.6920,33.0000
1786010292.2617,0.6560,0.6710,32.0000,0.6560,0.6730,33.0000,0.6560,0.6580,35.0000,0.6560,0.6740,34.0000
1786010292.3126,0.6560,0.6730,32.0000,0.6560,0.6650,33.0000,0.6560,0.6510,35.0000,0.6560,0.6580,34.0000
1786010292.3648,0.6560,0.6500,33.0000,0.6560,0.6500,34.0000,0.6560,0.6510,35.0000,0.6560,0.6600,34.0000
1786010292.4117,0.6560,0.5990,36.0000,0.6560,0.6380,34.0000,0.6560,0.6330,36.0000,0.6560,0.6460,35.0000
1786010292.4617,0.6560,0.6280,35.0000,0.6560,0.6430,34.0000,0.6560,0.6380,36.0000,0.6560,0.5950,38.0000
1786010292.5117,0.6560,0.6320,35.0000,0.6560,0.6540,34.0000,0.6560,0.6490,36.0000,0.6560,0.6130,37.0000
1786010292.5617,0.6560,0.6320,35.0000,0.6560,0.6520,34.0000,0.6560,0.6650,35.0000,0.6560,0.6150,38.0000
1786010292.6117,0.6560,0.6440,35.0000,0.6560,0.6500,34.0000,0.6560,0.6430,36.0000,0.6560,0.6310,37.0000
1786010292.6617,0.6560,0.6570,34.0000,0.6560,0.6640,33.0000,0.6560,0.6560,36.0000,0.6560,0.6690,36.0000
1786010292.7118,0.6560,0.6850,33.0000,0.6560,0.6670,33.0000,0.6560,0.6650,35.0000,0.6560,0.6610,36.0000
1786010292.7618,0.6560,0.6890,32.0000,0.6560,0.6620,33.0000,0.6560,0.6810,34.0000,0.6560,0.6800,35.0000
1786010292.8117,0.6560,0.6880,32.0000,0.6560,0.6550,34.0000,0.6560,0.6570,36.0000,0.6560,0.6700,35.0000
1786010292.8618,0.6560,0.6850,32.0000,0.6560,0.6670,33.0000,0.6560,0.6660,35.0000,0.6560,0.6950,34.0000
1786010292.9117,0.6560,0.6900,31.0000,0.6560,0.6750,32.0000,0.6560,0.6600,35.0000,0.6560,0.6960,33.0000
1786010292.9618,0.6560,0.6780,32.0000,0.6560,0.6670,33.0000,0.6560,0.6780,34.0000,0.6560,0.7010,33.0000
1786010293.0117,0.6560,0.6670,32.0000,0.6560,0.6480,34.0000,0.6560,0.6480,36.0000,0.6560,0.6640,34.0000
1786010293.0617,0.6560,0.6680,32.0000,0.6560,0.6490,34.0000,0.6560,0.6510,35.0000,0.6560,0.6720,33.0000
1786010293.1117,0.6560,0.6480,33.0000,0.6560,0.6510,33.0000,0.6560,0.6520,35.0000,0.6560,0.6380,35.0000
1786010293.1618,0.6560,0.6050,35.0000,0.6560,0.6420,34.0000,0.6560,0.6600,35.0000,0.6560,0.6200,36.0000
1786010293.2119,0.6560,0.6140,35.0000,0.6560,0.6390,34.0000,0.6560,0.6360,37.0000,0.6560,0.6050,38.0000
1786010293.2618,0.6560,0.6230,35.0000,0.6560,0.6530,34.0000,0.6560,0.6440,36.0000,0.6560,0.6540,35.0000
1786010293.3124,0.6560,0.6590,33.0000,0.6560,0.6610,33.0000,0.6560,0.6490,36.0000,0.6560,0.6700,34.0000
1786010293.3619,0.6560,0.6850,32.0000,0.6560,0.6610,33.0000,0.6560,0.6690,35.0000,0.6560,0.6920,33.0000
1786010293.4117,0.6560,0.6740,32.0000,0.6560,0.6500,34.0000,0.6560,0.6580,36.0000,0.6560,0.6570,35.0000
1786010293.4618,0.6560,0.6780,32.0000,0.6560,0.6580,33.0000,0.6560,0.6620,35.0000,0.6560,0.6730,34.0000
1786010293.5118,0.6560,0.6810,32.0000,0.6560,0.6720,32.0000,0.6560,0.6730,34.0000,0.6560,0.6710,34.0000
1786010293.5618,0.6560,0.6820,31.0000,0.6560,0.6830,32.0000,0.6560,0.6950,33.0000,0.6560,0.6850,33.0000
1786010293.6118,0.6560,0.6710,32.0000,0.6560,0.6630,33.0000,0.6560,0.6650,34.0000,0.6560,0.6540,34.0000
1786010293.6617,0.6560,0.6670,32.0000,0.6560,0.6670,32.0000,0.6560,0.6620,34.0000,0.6560,0.6800,33.0000
1786010293.7117,0.6560,0.6660,31.0000,0.6560,0.6510,33.0000,0.6560,0.6600,34.0000,0.6560,0.6600,34.0000
1786010293.7618,0.6560,0.6670,31.0000,0.6560,0.6550,33.0000,0.6560,0.6610,34.0000,0.6560,0.6680,33.0000
1786010293.8118,0.6560,0.6610,32.0000,0.6560,0.6370,34.0000,0.6560,0.6430,35.0000,0.6560,0.6350,35.0000
1786010293.8618,0.6560,0.6480,32.0000,0.6560,0.6460,33.0000,0.6560,0.6430,35.0000,0.6560,0.6040,37.0000
1786010293.9118,0.6560,0.6310,33.0000,0.6560,0.6500,33.0000,0.6560,0.6330,36.0000,0.6560,0.5780,39.0000
1786010293.9620,0.6560,0.6320,33.0000,0.6560,0.6550,33.0000,0.6560,0.6530,35.0000,0.6560,0.6210,37.0000
1786010294.0134,0.6560,0.6520,32.0000,0.6560,0.6510,33.0000,0.6560,0.6530,35.0000,0.6560,0.6670,35.0000
1786010294.0617,0.6560,0.6530,33.0000,0.6560,0.6560,33.0000,0.6560,0.6500,35.0000,0.6560,0.6650,35.0000
1786010294.1118,0.6560,0.6530,33.0000,0.6560,0.6640,33.0000,0.6560,0.6430,36.0000,0.6560,0.6720,35.0000
1786010294.1618,0.6560,0.6570,32.0000,0.6560,0.6720,32.0000,0.6560,0.6710,34.0000,0.6560,0.6580,35.0000
1786010294.2119,0.6560,0.6520,33.0000,0.6560,0.6530,33.0000,0.6560,0.6620,35.0000,0.6560,0.6750,34.0000
1786010294.2618,0.6560,0.6590,32.0000,0.6560,0.6490,33.0000,0.6560,0.6470,35.0000,0.6560,0.6630,35.0000
1786010294.3118,0.6560,0.6540,33.0000,0.6560,0.6550,33.0000,0.6560,0.6470,35.0000,0.6560,0.6710,34.0000
1786010294.3626,0.6560,0.6150,35.0000,0.6560,0.6480,34.0000,0.6560,0.6380,36.0000,0.6560,0.6410,36.0000
1786010294.4118,0.6560,0.6140,35.0000,0.6560,0.6310,35.0000,0.6560,0.6520,35.0000,0.6560,0.6320,36.0000
1786010294.4617,0.6560,0.6330,35.0000,0.6560,0.6380,35.0000,0.6560,0.6390,36.0000,0.6560,0.6500,35.0000
1786010294.5125,0.6560,0.6410,35.0000,0.6560,0.6630,33.0000,0.6560,0.6400,36.0000,0.6560,0.6590,35.0000
1786010294.5619,0.6560,0.6560,34.0000,0.6560,0.6530,34.0000,0.6560,0.6500,36.0000,0.6560,0.6470,36.0000
1786010294.6119,0.6560,0.6730,33.0000,0.6560,0.6650,33.0000,0.6560,0.6750,35.0000,0.6560,0.6740,34.0000
1786010294.6618,0.6560,0.6660,33.0000,0.6560,0.6550,34.0000,0.6560,0.6540,36.0000,0.6560,0.6660,35.0000
1786010294.7118,0.6560,0.6690,33.0000,0.6560,0.6690,33.0000,0.6560,0.6690,35.0000,0.6560,0.6860,33.0000
1786010294.7618,0.6560,0.6810,32.0000,0.6560,0.6780,32.0000,0.6560,0.6740,35.0000,0.6560,0.6720,34.0000
1786010294.8118,0.6560,0.6860,32.0000,0.6560,0.6700,33.0000,0.6560,0.6990,33.0000,0.6560,0.6850,33.0000
1786010294.8619,0.6560,0.6640,33.0000,0.6560,0.6460,34.0000,0.6560,0.6540,35.0000,0.6560,0.6490,35.0000
1786010294.9118,0.6560,0.6610,33.0000,0.6560,0.6600,33.0000,0.6560,0.6620,35.0000,0.6560,0.6730,33.0000
1786010294.9618,0.6560,0.6090,36.0000,0.6560,0.6400,34.0000,0.6560,0.6440,36.0000,0.6560,0.5690,39.0000
1786010295.0118,0.6560,0.6030,36.0000,0.6560,0.6420,34.0000,0.6560,0.6640,35.0000,0.6560,0.5550,41.0000
1786010295.0618,0.6560,0.6390,35.0000,0.6560,0.6380,34.0000,0.6560,0.6450,36.0000,0.6560,0.6000,39.0000
1786010295.1117,0.6560,0.6760,33.0000,0.6560,0.6470,34.0000,0.6560,0.6570,35.0000,0.6560,0.6470,37.0000
1786010295.1618,0.1760,0.5120,-1.0000,0.1760,0.4960,-1.0000,0.1760,0.5370,-2.0000,0.1760,0.5270,1.0000
1786010295.2118,0.0000,0.0530,0.0000,0.0000,0.0420,0.0000,0.0000,0.0690,0.0000,0.0000,0.0650,0.0000
1786010295.2617,0.0000,0.0040,0.0000,0.0000,0.0030,0.0000,0.0000,0.0070,0.0000,0.0000,0.0050,0.0000
1786010295.3117,0.0000,0.0000,0.0000,0.0000,0.0000,0.0000,0.0000,0.0310,0.0000,0.0000,0.0000,0.0000
1786010295.3617,0.0000,-0.0030,0.0000,0.0000,0.0000,0.0000,0.0000,0.0160,0.0000,0.0000,0.0000,0.0000
1786010295.4119,0.3600,0.0720,35.0000,-0.3600,-0.0900,-34.0000,-0.3600,-0.0540,-37.0000,0.3600,0.0690,36.0000
1786010295.4620,0.6560,0.6360,33.0000,-0.6560,-0.6660,-32.0000,-0.6560,-0.4890,-42.0000,0.6560,0.6420,33.0000
1786010295.5120,0.6560,0.5140,44.0000,-0.6560,-0.5520,-42.0000,-0.6560,-0.5140,-46.0000,0.6560,0.4500,48.0000
1786010295.5620,0.6560,0.6080,40.0000,-0.6560,-0.6470,-37.0000,-0.6560,-0.5720,-45.0000,0.6560,0.5740,42.0000
1786010295.6119,0.6560,0.6520,38.0000,-0.6560,-0.6370,-38.0000,-0.6560,-0.5970,-45.0000,0.6560,0.6810,38.0000
1786010295.6620,0.6560,0.7080,35.0000,-0.6560,-0.6560,-38.0000,-0.6560,-0.6630,-42.0000,0.6560,0.7280,35.0000
1786010295.7119,0.6560,0.6500,38.0000,-0.6560,-0.6930,-35.0000,-0.6560,-0.6820,-41.0000,0.6560,0.7050,36.0000
1786010295.7619,0.6560,0.6580,38.0000,-0.6560,-0.6510,-38.0000,-0.6560,-0.6630,-42.0000,0.6560,0.6550,39.0000
1786010295.8119,0.6560,0.6680,37.0000,-0.6560,-0.6580,-37.0000,-0.6560,-0.6230,-44.0000,0.6560,0.6670,38.0000
1786010295.8619,0.6560,0.6800,36.0000,-0.6560,-0.6750,-36.0000,-0.6560,-0.6220,-45.0000,0.6560,0.6720,37.0000
1786010295.9120,0.6560,0.6680,37.0000,-0.6560,-0.6380,-38.0000,-0.6560,-0.6410,-44.0000,0.6560,0.6670,38.0000
1786010295.9619,0.6560,0.6480,38.0000,-0.6560,-0.6110,-40.0000,-0.6560,-0.6340,-45.0000,0.6560,0.6160,40.0000
1786010296.0126,0.6560,0.6290,39.0000,-0.6560,-0.6140,-40.0000,-0.6560,-0.6130,-46.0000,0.6560,0.5800,43.0000
1786010296.0619,0.6560,0.6230,40.0000,-0.6560,-0.6180,-40.0000,-0.6560,-0.6180,-46.0000,0.6560,0.5880,43.0000
1786010296.1119,0.6560,0.6350,39.0000,-0.6560,-0.6410,-39.0000,-0.6560,-0.6210,-46.0000,0.6560,0.6270,41.0000
1786010296.1619,0.6560,0.6490,39.0000,-0.6560,-0.6350,-40.0000,-0.6560,-0.6260,-46.0000,0.6560,0.6470,41.0000
1786010296.2119,0.6560,0.6470,39.0000,-0.6560,-0.6730,-38.0000,-0.6560,-0.6650,-45.0000,0.6560,0.6620,40.0000
1786010296.2619,0.6560,0.6660,38.0000,-0.6560,-0.6720,-38.0000,-0.6560,-0.6680,-44.0000,0.6560,0.6820,39.0000
1786010296.3120,0.6560,0.6780,37.0000,-0.6560,-0.6740,-38.0000,-0.6560,-0.6690,-44.0000,0.6560,0.6950,38.0000
1786010296.3620,0.6560,0.6740,37.0000,-0.6560,-0.6670,-38.0000,-0.6560,-0.6720,-44.0000,0.6560,0.7030,37.0000
1786010296.4120,0.6560,0.6720,37.0000,-0.6560,-0.6850,-37.0000,-0.6560,-0.6980,-42.0000,0.6560,0.7070,36.0000
1786010296.4620,0.6560,0.6600,38.0000,-0.6560,-0.6880,-36.0000,-0.6560,-0.6980,-42.0000,0.6560,0.6990,36.0000
1786010296.5119,0.6560,0.6660,37.0000,-0.6560,-0.6850,-36.0000,-0.6560,-0.6830,-43.0000,0.6560,0.6800,37.0000
1786010296.5620,0.6560,0.6690,37.0000,-0.6560,-0.6280,-39.0000,-0.6560,-0.6620,-43.0000,0.6560,0.6650,37.0000
1786010296.6119,0.6560,0.6710,37.0000,-0.6560,-0.6440,-38.0000,-0.6560,-0.6600,-43.0000,0.6560,0.6060,40.0000
1786010296.6620,0.6560,0.6350,39.0000,-0.6560,-0.6430,-38.0000,-0.6560,-0.6240,-45.0000,0.6560,0.5740,43.0000
1786010296.7119,0.6560,0.6340,39.0000,-0.6560,-0.6360,-39.0000,-0.6560,-0.6290,-45.0000,0.6560,0.5820,43.0000
1786010296.7619,0.6560,0.6490,38.0000,-0.6560,-0.6430,-39.0000,-0.6560,-0.6370,-45.0000,0.6560,0.5750,44.0000
1786010296.8119,0.6560,0.6420,38.0000,-0.6560,-0.6340,-40.0000,-0.6560,-0.6410,-45.0000,0.6560,0.5940,44.0000
1786010296.8620,0.6560,0.6400,39.0000,-0.6560,-0.6470,-39.0000,-0.6560,-0.6410,-46.0000,0.6560,0.6270,43.0000
1786010296.9120,0.6560,0.6700,37.0000,-0.6560,-0.6710,-38.0000,-0.6560,-0.6680,-44.0000,0.6560,0.6560,42.0000
1786010296.9629,0.6560,0.6640,38.0000,-0.6560,-0.6700,-38.0000,-0.6560,-0.6860,-43.0000,0.6560,0.6740,41.0000
1786010297.0120,0.6560,0.6680,37.0000,-0.6560,-0.6630,-38.0000,-0.6560,-0.6920,-43.0000,0.6560,0.6570,42.0000
1786010297.0621,0.6560,0.6590,38.0000,-0.6560,-0.6510,-39.0000,-0.6560,-0.6550,-45.0000,0.6560,0.6580,42.0000
1786010297.1120,0.6560,0.6740,37.0000,-0.6560,-0.6740,-37.0000,-0.6560,-0.6430,-45.0000,0.6560,0.6480,42.0000
1786010297.1619,0.6560,0.6780,36.0000,-0.6560,-0.6690,-37.0000,-0.6560,-0.6390,-45.0000,0.6560,0.6740,41.0000
1786010297.2119,0.6560,0.6600,37.0000,-0.6560,-0.6340,-39.0000,-0.6560,-0.6630,-44.0000,0.6560,0.6570,42.0000
1786010297.2621,0.6560,0.6150,40.0000,-0.6560,-0.6330,-40.0000,-0.6560,-0.6760,-43.0000,0.6560,0.6470,42.0000
1786010297.3126,0.6560,0.6210,40.0000,-0.6560,-0.6390,-39.0000,-0.6560,-0.6390,-46.0000,0.6560,0.5850,46.0000
1786010297.3637,0.6560,0.6180,40.0000,-0.6560,-0.6470,-39.0000,-0.6560,-0.6280,-46.0000,0.6560,0.6070,45.0000
1786010297.4119,0.6560,0.6260,40.0000,-0.6560,-0.6360,-40.0000,-0.6560,-0.6480,-45.0000,0.6560,0.6180,45.0000
1786010297.4620,0.6560,0.6610,38.0000,-0.6560,-0.6550,-39.0000,-0.6560,-0.6620,-44.0000,0.6560,0.6570,44.0000
1786010297.5120,0.6560,0.6870,37.0000,-0.6560,-0.6670,-39.0000,-0.6560,-0.6520,-45.0000,0.6560,0.7000,41.0000
1786010297.5627,0.6560,0.6900,37.0000,-0.6560,-0.6640,-39.0000,-0.6560,-0.6550,-45.0000,0.6560,0.7150,40.0000
1786010297.6121,0.6560,0.6850,37.0000,-0.6560,-0.6550,-39.0000,-0.6560,-0.6690,-44.0000,0.6560,0.7170,39.0000
1786010297.6627,0.6560,0.6800,36.0000,-0.6560,-0.6800,-38.0000,-0.6560,-0.7010,-42.0000,0.6560,0.7380,37.0000
1786010297.7128,0.6560,0.6760,36.0000,-0.6560,-0.6730,-38.0000,-0.6560,-0.6840,-42.0000,0.6560,0.7190,38.0000
1786010297.7626,0.6560,0.6760,36.0000,-0.6560,-0.6720,-38.0000,-0.6560,-0.6990,-41.0000,0.6560,0.7220,37.0000
1786010297.8119,0.6560,0.6400,38.0000,-0.6560,-0.6390,-39.0000,-0.6560,-0.6940,-41.0000,0.6560,0.7020,37.0000
1786010297.8624,0.6560,0.6200,39.0000,-0.6560,-0.6460,-39.0000,-0.6560,-0.6860,-41.0000,0.6560,0.6530,39.0000
1786010297.9120,0.6560,0.6070,40.0000,-0.6560,-0.6290,-40.0000,-0.6560,-0.6470,-43.0000,0.6560,0.5820,43.0000
1786010297.9620,0.6560,0.6130,40.0000,-0.6560,-0.6140,-41.0000,-0.6560,-0.6260,-44.0000,0.6560,0.5730,44.0000
1786010298.0120,0.6560,0.6100,41.0000,-0.6560,-0.6250,-41.0000,-0.6560,-0.6230,-44.0000,0.6560,0.5470,47.0000
1786010298.0620,0.6560,0.6380,40.0000,-0.6560,-0.6390,-41.0000,-0.6560,-0.6440,-43.0000,0.6560,0.5900,45.0000
1786010298.1119,0.6560,0.6700,39.0000,-0.6560,-0.6550,-40.0000,-0.6560,-0.6400,-44.0000,0.6560,0.6430,43.0000
1786010298.1620,0.6560,0.6880,38.0000,-0.6560,-0.6680,-39.0000,-0.6560,-0.6800,-42.0000,0.6560,0.6800,41.0000
1786010298.2123,0.6560,0.6850,37.0000,-0.6560,-0.6590,-40.0000,-0.6560,-0.6650,-42.0000,0.6560,0.6950,40.0000
1786010298.2620,0.6560,0.6800,37.0000,-0.6560,-0.6620,-40.0000,-0.6560,-0.6810,-41.0000,0.6560,0.6920,40.0000
1786010298.3120,0.6560,0.6840,37.0000,-0.6560,-0.6730,-39.0000,-0.6560,-0.6770,-41.0000,0.6560,0.6910,40.0000
1786010298.3622,0.6560,0.6800,37.0000,-0.6560,-0.6880,-38.0000,-0.6560,-0.6770,-41.0000,0.6560,0.6950,39.0000
1786010298.4136,0.6560,0.6660,37.0000,-0.6560,-0.6850,-38.0000,-0.6560,-0.6440,-43.0000,0.6560,0.7170,37.0000
1786010298.4620,0.6560,0.6720,37.0000,-0.6560,-0.6590,-39.0000,-0.6560,-0.6790,-40.0000,0.6560,0.7100,37.0000
1786010298.5122,0.6560,0.6690,37.0000,-0.6560,-0.6350,-40.0000,-0.6560,-0.6150,-44.0000,0.6560,0.6410,40.0000
1786010298.5620,0.6560,0.6650,37.0000,-0.6560,-0.6360,-40.0000,-0.6560,-0.6180,-44.0000,0.6560,0.6030,42.0000
1786010298.6120,0.6560,0.6220,39.0000,-0.6560,-0.6490,-40.0000,-0.6560,-0.5980,-46.0000,0.6560,0.5920,43.0000
1786010298.6619,0.6560,0.6060,40.0000,-0.6560,-0.6560,-39.0000,-0.6560,-0.6380,-44.0000,0.6560,0.5910,44.0000
1786010298.7120,0.6560,0.6440,39.0000,-0.6560,-0.6530,-40.0000,-0.6560,-0.6360,-44.0000,0.6560,0.6440,42.0000
1786010298.7620,0.6560,0.6640,38.0000,-0.6560,-0.6580,-39.0000,-0.6560,-0.6520,-44.0000,0.6560,0.6590,41.0000
1786010298.8120,0.6560,0.6500,39.0000,-0.6560,-0.6690,-39.0000,-0.6560,-0.6540,-44.0000,0.6560,0.6780,40.0000
1786010298.8620,0.6560,0.6770,37.0000,-0.6560,-0.6690,-39.0000,-0.6560,-0.6880,-42.0000,0.6560,0.6970,39.0000
1786010298.9123,0.6560,0.6840,37.0000,-0.6560,-0.6780,-38.0000,-0.6560,-0.6700,-43.0000,0.6560,0.7100,38.0000
1786010298.9621,0.6560,0.6740,37.0000,-0.6560,-0.6640,-38.0000,-0.6560,-0.6600,-43.0000,0.6560,0.6990,38.0000
1786010299.0120,0.6560,0.6670,37.0000,-0.6560,-0.6690,-38.0000,-0.6560,-0.6670,-43.0000,0.6560,0.7110,37.0000
1786010299.0620,0.6560,0.6910,35.0000,-0.6560,-0.6860,-37.0000,-0.6560,-0.6790,-42.0000,0.6560,0.7260,35.0000
1786010299.1120,0.6560,0.6730,36.0000,-0.6560,-0.6580,-38.0000,-0.6560,-0.6890,-41.0000,0.6560,0.7100,35.0000
1786010299.1620,0.6560,0.6390,38.0000,-0.6560,-0.6440,-39.0000,-0.6560,-0.6700,-42.0000,0.6560,0.6520,38.0000
1786010299.2120,0.6560,0.6230,39.0000,-0.6560,-0.6310,-40.0000,-0.6560,-0.6310,-44.0000,0.6560,0.5860,42.0000
1786010299.2621,0.6560,0.6150,40.0000,-0.6560,-0.6190,-41.0000,-0.6560,-0.6180,-45.0000,0.6560,0.5810,42.0000
1786010299.3121,0.6560,0.6220,40.0000,-0.6560,-0.6510,-39.0000,-0.6560,-0.6350,-44.0000,0.6560,0.6040,42.0000
1786010299.3620,0.6560,0.6630,38.0000,-0.6560,-0.6660,-38.0000,-0.6560,-0.6310,-45.0000,0.6560,0.6270,41.0000
1786010299.4121,0.6560,0.6520,38.0000,-0.6560,-0.6630,-39.0000,-0.6560,-0.6230,-46.0000,0.6560,0.6560,40.0000
1786010299.4621,0.6560,0.6730,37.0000,-0.6560,-0.6610,-39.0000,-0.6560,-0.6380,-45.0000,0.6560,0.6890,38.0000
1786010299.5120,0.6560,0.6980,36.0000,-0.6560,-0.6980,-36.0000,-0.6560,-0.6780,-43.0000,0.6560,0.7220,36.0000
1786010299.5620,0.6560,0.6890,36.0000,-0.6560,-0.7110,-35.0000,-0.6560,-0.6580,-44.0000,0.6560,0.7090,36.0000
1786010299.6120,0.6560,0.6870,35.0000,-0.6560,-0.7080,-35.0000,-0.6560,-0.6990,-42.0000,0.6560,0.6880,37.0000
1786010299.6627,0.4160,0.6330,18.0000,-0.4160,-0.6590,-16.0000,-0.4160,-0.6790,-22.0000,0.4160,0.6860,16.0000
1786010299.7121,-0.1840,0.1200,-24.0000,0.1840,-0.1160,24.0000,0.1840,-0.2470,26.0000,-0.1840,0.1750,-27.0000
1786010299.7630,-0.6560,-0.5110,-37.0000,0.6560,0.5420,37.0000,0.6560,0.4240,38.0000,-0.6560,-0.4640,-40.0000
1786010299.8120,-0.6560,-0.6400,-35.0000,0.6560,0.6410,37.0000,0.6560,0.5960,35.0000,-0.6560,-0.6150,-38.0000
1786010299.8620,-0.6560,-0.6450,-37.0000,0.6560,0.6770,36.0000,0.6560,0.6060,37.0000,-0.6560,-0.5520,-44.0000
1786010299.9120,-0.6560,-0.6320,-38.0000,0.6560,0.6080,40.0000,0.6560,0.6540,35.0000,-0.6560,-0.5740,-44.0000
1786010299.9621,-0.6560,-0.6660,-36.0000,0.6560,0.4930,47.0000,0.6560,0.5870,39.0000,-0.6560,-0.5450,-46.0000
1786010300.0121,-0.6560,-0.6840,-36.0000,0.6560,0.5770,44.0000,0.6560,0.5520,42.0000,-0.6560,-0.6650,-40.0000
1786010300.0620,-0.6560,-0.6440,-38.0000,0.6560,0.6560,40.0000,0.6560,0.6150,39.0000,-0.6560,-0.6390,-43.0000
1786010300.1122,-0.6560,-0.6420,-38.0000,0.6560,0.6370,42.0000,0.6560,0.6150,40.0000,-0.6560,-0.6210,-44.0000
1786010300.1620,-0.6560,-0.6410,-38.0000,0.6560,0.6130,44.0000,0.6560,0.6280,40.0000,-0.6560,-0.6690,-41.0000
1786010300.2121,-0.6560,-0.6530,-37.0000,0.6560,0.6250,43.0000,0.6560,0.6470,39.0000,-0.6560,-0.6600,-42.0000
1786010300.2621,-0.6560,-0.6450,-38.0000,0.6560,0.6550,42.0000,0.6560,0.6550,39.0000,-0.6560,-0.6790,-41.0000
1786010300.3121,-0.6560,-0.6950,-35.0000,0.6560,0.6760,41.0000,0.6560,0.6720,38.0000,-0.6560,-0.7320,-37.0000
1786010300.3621,-0.6560,-0.6930,-35.0000,0.6560,0.6960,40.0000,0.6560,0.6690,38.0000,-0.6560,-0.7390,-36.0000
1786010300.4120,-0.6560,-0.6810,-36.0000,0.6560,0.6740,41.0000,0.6560,0.6360,40.0000,-0.6560,-0.7070,-37.0000
1786010300.4627,-0.6560,-0.6030,-40.0000,0.6560,0.6760,40.0000,0.6560,0.6150,41.0000,-0.6560,-0.6220,-42.0000
1786010300.5121,-0.6560,-0.6210,-39.0000,0.6560,0.6580,41.0000,0.6560,0.6400,40.0000,-0.6560,-0.6270,-41.0000
1786010300.5621,-0.6560,-0.6230,-39.0000,0.6560,0.6590,41.0000,0.6560,0.6570,39.0000,-0.6560,-0.6370,-41.0000
1786010300.6120,-0.6560,-0.6250,-40.0000,0.6560,0.6670,40.0000,0.6560,0.6330,41.0000,-0.6560,-0.6380,-41.0000
1786010300.6621,-0.6560,-0.6400,-39.0000,0.6560,0.6730,40.0000,0.6560,0.6440,41.0000,-0.6560,-0.6340,-41.0000
1786010300.7122,-0.6560,-0.6630,-38.0000,0.6560,0.6620,40.0000,0.6560,0.6540,40.0000,-0.6560,-0.6460,-41.0000
1786010300.7621,-0.6560,-0.6600,-38.0000,0.6560,0.6690,40.0000,0.6560,0.6900,38.0000,-0.6560,-0.6660,-40.0000
1786010300.8121,-0.6560,-0.6860,-37.0000,0.6560,0.6900,38.0000,0.6560,0.6440,41.0000,-0.6560,-0.6590,-41.0000
1786010300.8621,-0.6560,-0.6720,-37.0000,0.6560,0.6730,39.0000,0.6560,0.6190,42.0000,-0.6560,-0.6760,-39.0000
1786010300.9122,-0.6560,-0.6730,-37.0000,0.6560,0.6460,41.0000,0.6560,0.6350,41.0000,-0.6560,-0.6930,-38.0000
1786010300.9621,-0.6560,-0.6550,-38.0000,0.6560,0.6460,41.0000,0.6560,0.6510,41.0000,-0.6560,-0.7230,-36.0000
1786010301.0121,-0.6560,-0.6510,-38.0000,0.6560,0.6480,40.0000,0.6560,0.6400,41.0000,-0.6560,-0.7140,-36.0000
1786010301.0621,-0.6560,-0.6350,-39.0000,0.6560,0.6590,40.0000,0.6560,0.6500,41.0000,-0.6560,-0.6840,-37.0000
1786010301.1121,-0.6560,-0.6200,-40.0000,0.6560,0.6940,38.0000,0.6560,0.6250,43.0000,-0.6560,-0.6460,-39.0000
1786010301.1621,-0.6560,-0.6130,-41.0000,0.6560,0.6690,39.0000,0.6560,0.6480,41.0000,-0.6560,-0.6330,-39.0000
1786010301.2121,-0.6560,-0.6550,-39.0000,0.6560,0.6340,41.0000,0.6560,0.6930,39.0000,-0.6560,-0.5830,-43.0000
1786010301.2621,-0.6560,-0.6770,-38.0000,0.6560,0.6330,41.0000,0.6560,0.6600,41.0000,-0.6560,-0.6090,-42.0000
1786010301.3121,-0.6560,-0.6750,-38.0000,0.6560,0.6680,39.0000,0.6560,0.6530,41.0000,-0.6560,-0.6480,-40.0000
1786010301.3622,-0.6560,-0.6900,-37.0000,0.6560,0.6800,39.0000,0.6560,0.6400,41.0000,-0.6560,-0.6550,-40.0000
1786010301.4121,-0.6560,-0.6670,-38.0000,0.6560,0.6620,40.0000,0.6560,0.6640,40.0000,-0.6560,-0.6450,-41.0000
1786010301.4621,-0.6560,-0.6720,-37.0000,0.6560,0.6470,40.0000,0.6560,0.6500,41.0000,-0.6560,-0.6430,-41.0000
1786010301.5121,-0.6560,-0.6580,-38.0000,0.6560,0.6420,41.0000,0.6560,0.6300,42.0000,-0.6560,-0.6690,-40.0000
1786010301.5621,-0.6560,-0.6760,-37.0000,0.6560,0.6470,40.0000,0.6560,0.6500,41.0000,-0.6560,-0.7020,-38.0000
1786010301.6121,-0.6560,-0.6810,-36.0000,0.6560,0.6450,41.0000,0.6560,0.6670,40.0000,-0.6560,-0.7110,-37.0000
1786010301.6621,-0.6560,-0.6880,-35.0000,0.6560,0.6610,40.0000,0.6560,0.6440,42.0000,-0.6560,-0.7260,-35.0000
1786010301.7124,-0.6560,-0.6770,-36.0000,0.6560,0.6830,39.0000,0.6560,0.6400,42.0000,-0.6560,-0.7030,-36.0000
1786010301.7621,-0.6560,-0.6390,-38.0000,0.6560,0.6600,40.0000,0.6560,0.6430,42.0000,-0.6560,-0.6400,-39.0000
1786010301.8122,-0.6560,-0.6140,-39.0000,0.6560,0.6620,39.0000,0.6560,0.6790,40.0000,-0.6560,-0.5960,-41.0000
1786010301.8621,-0.6560,-0.6370,-38.0000,0.6560,0.6660,39.0000,0.6560,0.6780,40.0000,-0.6560,-0.6010,-41.0000
1786010301.9121,-0.6560,-0.6410,-38.0000,0.6560,0.6670,39.0000,0.6560,0.6510,42.0000,-0.6560,-0.6200,-41.0000
1786010301.9622,-0.6560,-0.6570,-38.0000,0.6560,0.6700,39.0000,0.6560,0.6590,41.0000,-0.6560,-0.6430,-40.0000
1786010302.0121,-0.6560,-0.6590,-38.0000,0.6560,0.6470,40.0000,0.6560,0.6850,40.0000,-0.6560,-0.6390,-41.0000
1786010302.0622,-0.6560,-0.6620,-37.0000,0.6560,0.6550,39.0000,0.6560,0.6660,41.0000,-0.6560,-0.6480,-40.0000
1786010302.1121,-0.6560,-0.6390,-39.0000,0.6560,0.6530,39.0000,0.6560,0.6360,42.0000,-0.6560,-0.6300,-41.0000
1786010302.1621,-0.6560,-0.6660,-37.0000,0.6560,0.6440,40.0000,0.6560,0.6420,42.0000,-0.6560,-0.6620,-40.0000
1786010302.2121,-0.6560,-0.6730,-37.0000,0.6560,0.6330,41.0000,0.6560,0.6660,41.0000,-0.6560,-0.7170,-37.0000
1786010302.2622,-0.6560,-0.6760,-37.0000,0.6560,0.6550,39.0000,0.6560,0.6740,40.0000,-0.6560,-0.7500,-34.0000
1786010302.3121,-0.6560,-0.6730,-36.0000,0.6560,0.6560,39.0000,0.6560,0.6720,40.0000,-0.6560,-0.7290,-34.0000
1786010302.3622,-0.6560,-0.6560,-37.0000,0.6560,0.6500,40.0000,0.6560,0.6280,43.0000,-0.6560,-0.7140,-34.0000
1786010302.4130,-0.6560,-0.6230,-39.0000,0.6560,0.6360,41.0000,0.6560,0.6430,42.0000,-0.6560,-0.6250,-39.0000
1786010302.4622,-0.6560,-0.6040,-41.0000,0.6560,0.6490,40.0000,0.6560,0.6600,41.0000,-0.6560,-0.6280,-39.0000
1786010302.5122,-0.6560,-0.6390,-39.0000,0.6560,0.6630,40.0000,0.6560,0.6330,43.0000,-0.6560,-0.6290,-39.0000
1786010302.5621,-0.6560,-0.6520,-38.0000,0.6560,0.6700,39.0000,0.6560,0.6580,42.0000,-0.6560,-0.6340,-39.0000
1786010302.6122,-0.6560,-0.6590,-38.0000,0.6560,0.6620,39.0000,0.6560,0.6450,42.0000,-0.6560,-0.6360,-39.0000
1786010302.6621,-0.6560,-0.6510,-39.0000,0.6560,0.6460,40.0000,0.6560,0.6660,41.0000,-0.6560,-0.6340,-39.0000
1786010302.7122,-0.6560,-0.6550,-39.0000,0.6560,0.6760,39.0000,0.6560,0.6620,41.0000,-0.6560,-0.6520,-39.0000
1786010302.7631,-0.6560,-0.6820,-37.0000,0.6560,0.6820,38.0000,0.6560,0.6390,43.0000,-0.6560,-0.6840,-37.0000
1786010302.8122,-0.6560,-0.6530,-38.0000,0.6560,0.6660,39.0000,0.6560,0.6610,41.0000,-0.6560,-0.6960,-36.0000
1786010302.8621,-0.6560,-0.6480,-39.0000,0.6560,0.6380,40.0000,0.6560,0.6440,42.0000,-0.6560,-0.7100,-35.0000
1786010302.9121,-0.6560,-0.6620,-38.0000,0.6560,0.6460,40.0000,0.6560,0.6440,42.0000,-0.6560,-0.6830,-36.0000
1786010302.9621,-0.6560,-0.6370,-39.0000,0.6560,0.6670,39.0000,0.6560,0.6480,42.0000,-0.6560,-0.6720,-36.0000
1786010303.0122,-0.6560,-0.6360,-39.0000,0.6560,0.6610,39.0000,0.6560,0.6610,41.0000,-0.6560,-0.6510,-37.0000
1786010303.0628,-0.6560,-0.6360,-40.0000,0.6560,0.6560,39.0000,0.6560,0.6720,41.0000,-0.6560,-0.6280,-38.0000
1786010303.1121,-0.6560,-0.6450,-39.0000,0.6560,0.6630,39.0000,0.6560,0.6510,42.0000,-0.6560,-0.6300,-38.0000
1786010303.1624,-0.6560,-0.6450,-40.0000,0.6560,0.6670,39.0000,0.6560,0.6370,43.0000,-0.6560,-0.6220,-39.0000
1786010303.2123,-0.6560,-0.6550,-39.0000,0.6560,0.6690,39.0000,0.6560,0.6580,41.0000,-0.6560,-0.6520,-38.0000
1786010303.2622,-0.6560,-0.6690,-38.0000,0.6560,0.6690,38.0000,0.6560,0.6700,41.0000,-0.6560,-0.6380,-39.0000
1786010303.3122,-0.6560,-0.6710,-38.0000,0.6560,0.6520,39.0000,0.6560,0.6410,42.0000,-0.6560,-0.6240,-40.0000
1786010303.3622,-0.6560,-0.6630,-38.0000,0.6560,0.6520,39.0000,0.6560,0.6260,43.0000,-0.6560,-0.6360,-39.0000
1786010303.4123,-0.6560,-0.6820,-37.0000,0.6560,0.6500,40.0000,0.6560,0.6510,42.0000,-0.6560,-0.6720,-38.0000
1786010303.4621,-0.6560,-0.6730,-38.0000,0.6560,0.6450,40.0000,0.6560,0.6920,40.0000,-0.6560,-0.6800,-37.0000
1786010303.5122,-0.6560,-0.6880,-36.0000,0.6560,0.6460,40.0000,0.6560,0.6770,41.0000,-0.6560,-0.6930,-36.0000
1786010303.5622,-0.6560,-0.6560,-38.0000,0.6560,0.6740,38.0000,0.6560,0.6660,41.0000,-0.6560,-0.6890,-36.0000
1786010303.6122,-0.6560,-0.6440,-39.0000,0.6560,0.6770,38.0000,0.6560,0.6560,42.0000,-0.6560,-0.6790,-36.0000
1786010303.6622,-0.6560,-0.6300,-39.0000,0.6560,0.6550,39.0000,0.6560,0.6780,40.0000,-0.6560,-0.6430,-38.0000
1786010303.7122,-0.6560,-0.6270,-40.0000,0.6560,0.6410,40.0000,0.6560,0.6560,41.0000,-0.6560,-0.6140,-40.0000
1786010303.7621,-0.6560,-0.6370,-40.0000,0.6560,0.6510,40.0000,0.6560,0.6490,42.0000,-0.6560,-0.6250,-39.0000
1786010303.8122,-0.6560,-0.6740,-38.0000,0.6560,0.6660,39.0000,0.6560,0.6620,41.0000,-0.6560,-0.6410,-39.0000
1786010303.8628,-0.6560,-0.6640,-38.0000,0.6560,0.6430,40.0000,0.6560,0.6750,40.0000,-0.6560,-0.6340,-39.0000
1786010303.9122,-0.6560,-0.6730,-38.0000,0.6560,0.6480,40.0000,0.6560,0.6490,42.0000,-0.6560,-0.6270,-40.0000
1786010303.9621,-0.6560,-0.6630,-38.0000,0.6560,0.6490,40.0000,0.6560,0.6500,42.0000,-0.6560,-0.6430,-39.0000
1786010304.0122,-0.6560,-0.6540,-39.0000,0.6560,0.6700,38.0000,0.6560,0.6420,42.0000,-0.6560,-0.6480,-39.0000
1786010304.0622,-0.6560,-0.6510,-39.0000,0.6560,0.6490,40.0000,0.6560,0.6580,42.0000,-0.6560,-0.6840,-37.0000
1786010304.1127,-0.6560,-0.6450,-39.0000,0.6560,0.6330,41.0000,0.6560,0.6610,42.0000,-0.6560,-0.7020,-36.0000
1786010304.1622,-0.6560,-0.6530,-39.0000,0.6560,0.6460,40.0000,0.6560,0.6630,41.0000,-0.6560,-0.6970,-36.0000
1786010304.2122,-0.6560,-0.6400,-40.0000,0.6560,0.6550,40.0000,0.6560,0.6920,40.0000,-0.6560,-0.7110,-35.0000
1786010304.2621,-0.6560,-0.6550,-39.0000,0.6560,0.6760,38.0000,0.6560,0.6780,40.0000,-0.6560,-0.6720,-36.0000
1786010304.3122,-0.6560,-0.6140,-41.0000,0.6560,0.6720,39.0000,0.6560,0.6180,43.0000,-0.6560,-0.6230,-39.0000
1786010304.3623,-0.6560,-0.6320,-40.0000,0.6560,0.6350,41.0000,0.6560,0.6380,42.0000,-0.6560,-0.6430,-38.0000
1786010304.4122,-0.6560,-0.6520,-39.0000,0.6560,0.6570,39.0000,0.6560,0.6490,42.0000,-0.6560,-0.6400,-38.0000
1786010304.4622,-0.6560,-0.6530,-40.0000,0.6560,0.6620,39.0000,0.6560,0.6690,41.0000,-0.6560,-0.6440,-38.0000
1786010304.5124,-0.6560,-0.6590,-39.0000,0.6560,0.6530,40.0000,0.6560,0.6590,41.0000,-0.6560,-0.6400,-38.0000
1786010304.5622,-0.6560,-0.6820,-38.0000,0.6560,0.6520,40.0000,0.6560,0.6360,43.0000,-0.6560,-0.6200,-40.0000
1786010304.6122,-0.6560,-0.6880,-37.0000,0.6560,0.6490,40.0000,0.6560,0.6360,43.0000,-0.6560,-0.6210,-40.0000
1786010304.6621,-0.6560,-0.6780,-38.0000,0.6560,0.6530,40.0000,0.6560,0.6330,43.0000,-0.6560,-0.6580,-38.0000
1786010304.7122,-0.6560,-0.6800,-37.0000,0.6560,0.6420,40.0000,0.6560,0.6380,43.0000,-0.6560,-0.6530,-39.0000
1786010304.7622,-0.6560,-0.6660,-38.0000,0.6560,0.6670,39.0000,0.6560,0.6800,41.0000,-0.6560,-0.6800,-37.0000
1786010304.8122,-0.6560,-0.6500,-38.0000,0.6560,0.6850,38.0000,0.6560,0.6660,41.0000,-0.6560,-0.6840,-37.0000
1786010304.8623,-0.6560,-0.6430,-39.0000,0.6560,0.6660,39.0000,0.6560,0.6600,42.0000,-0.6560,-0.7110,-35.0000
1786010304.9122,-0.6560,-0.6260,-40.0000,0.6560,0.6360,40.0000,0.6560,0.6600,41.0000,-0.6560,-0.6720,-37.0000
1786010304.9622,-0.6560,-0.6300,-40.0000,0.6560,0.6380,40.0000,0.6560,0.6610,41.0000,-0.6560,-0.6350,-39.0000
1786010305.0122,-0.6560,-0.6300,-40.0000,0.6560,0.6480,40.0000,0.6560,0.6370,42.0000,-0.6560,-0.6150,-40.0000
1786010305.0622,-0.6560,-0.6450,-40.0000,0.6560,0.6470,40.0000,0.6560,0.6460,42.0000,-0.6560,-0.6500,-38.0000
1786010305.1122,-0.6560,-0.6410,-40.0000,0.6560,0.6570,40.0000,0.6560,0.6800,40.0000,-0.6560,-0.6430,-39.0000
1786010305.1624,-0.6560,-0.6740,-38.0000,0.6560,0.6690,39.0000,0.6560,0.6520,42.0000,-0.6560,-0.6410,-39.0000
1786010305.2129,-0.6560,-0.6770,-38.0000,0.6560,0.6680,39.0000,0.6560,0.6640,41.0000,-0.6560,-0.6420,-39.0000
1786010305.2623,-0.6560,-0.6840,-38.0000,0.6560,0.6520,40.0000,0.6560,0.6930,39.0000,-0.6560,-0.6470,-39.0000
1786010305.3130,-0.6560,-0.6920,-37.0000,0.6560,0.6540,40.0000,0.6560,0.6590,41.0000,-0.6560,-0.6500,-39.0000
1786010305.3633,-0.6560,-0.6680,-38.0000,0.6560,0.6370,41.0000,0.6560,0.6350,42.0000,-0.6560,-0.6560,-39.0000
1786010305.4122,-0.6560,-0.6450,-39.0000,0.6560,0.6490,40.0000,0.6560,0.6620,41.0000,-0.6560,-0.6800,-37.0000
1786010305.4622,-0.6560,-0.6380,-39.0000,0.6560,0.6740,39.0000,0.6560,0.6790,40.0000,-0.6560,-0.7010,-36.0000
1786010305.5122,-0.6560,-0.6440,-39.0000,0.6560,0.6770,39.0000,0.6560,0.6970,38.0000,-0.6560,-0.6890,-36.0000
1786010305.5622,-0.6560,-0.6430,-40.0000,0.6560,0.6680,39.0000,0.6560,0.6460,41.0000,-0.6560,-0.6400,-39.0000
1786010305.6122,-0.6560,-0.6350,-40.0000,0.6560,0.6390,40.0000,0.6560,0.6230,42.0000,-0.6560,-0.6270,-39.0000
1786010305.6622,-0.6560,-0.6590,-39.0000,0.6560,0.6470,40.0000,0.6560,0.6450,41.0000,-0.6560,-0.6370,-39.0000
1786010305.7124,-0.6560,-0.6680,-39.0000,0.6560,0.6580,39.0000,0.6560,0.6840,39.0000,-0.6560,-0.6420,-39.0000
1786010305.7623,-0.6560,-0.6780,-38.0000,0.6560,0.6590,39.0000,0.6560,0.6380,42.0000,-0.6560,-0.6510,-39.0000
1786010305.8122,-0.6560,-0.6650,-38.0000,0.6560,0.6500,40.0000,0.6560,0.6130,43.0000,-0.6560,-0.6530,-39.0000
1786010305.8622,-0.6560,-0.6760,-38.0000,0.6560,0.6460,40.0000,0.6560,0.6200,43.0000,-0.6560,-0.6460,-39.0000
1786010305.9122,-0.6560,-0.6680,-38.0000,0.6560,0.6320,41.0000,0.6560,0.6430,42.0000,-0.6560,-0.6410,-39.0000
1786010305.9622,-0.6560,-0.6630,-38.0000,0.6560,0.6300,41.0000,0.6560,0.6480,43.0000,-0.6560,-0.6420,-39.0000
1786010306.0123,-0.6560,-0.6600,-38.0000,0.6560,0.6740,39.0000,0.6560,0.6720,41.0000,-0.6560,-0.6680,-38.0000
1786010306.0622,-0.6560,-0.6470,-39.0000,0.6560,0.6700,39.0000,0.6560,0.6850,40.0000,-0.6560,-0.6870,-37.0000
1786010306.1122,-0.6560,-0.6290,-40.0000,0.6560,0.6760,39.0000,0.6560,0.6770,41.0000,-0.6560,-0.6760,-37.0000
1786010306.1629,-0.6560,-0.6240,-40.0000,0.6560,0.6980,37.0000,0.6560,0.6810,40.0000,-0.6560,-0.6540,-38.0000
1786010306.2124,-0.6560,-0.6030,-42.0000,0.6560,0.6830,38.0000,0.6560,0.6800,40.0000,-0.6560,-0.6320,-40.0000
1786010306.2623,-0.6560,-0.6320,-41.0000,0.6560,0.6890,37.0000,0.6560,0.6660,40.0000,-0.6560,-0.6380,-39.0000
1786010306.3123,-0.6560,-0.6410,-41.0000,0.6560,0.6460,39.0000,0.6560,0.6660,40.0000,-0.6560,-0.6690,-38.0000
1786010306.3622,-0.6560,-0.6400,-41.0000,0.6560,0.6380,39.0000,0.6560,0.6520,41.0000,-0.6560,-0.6630,-38.0000
1786010306.4123,-0.6560,-0.6500,-40.0000,0.6560,0.6380,40.0000,0.6560,0.6480,41.0000,-0.6560,-0.6560,-38.0000
1786010306.4621,-0.6560,-0.6620,-40.0000,0.6560,0.6460,39.0000,0.6560,0.6160,43.0000,-0.6560,-0.5970,-42.0000
1786010306.5122,-0.6560,-0.6720,-39.0000,0.6560,0.6420,40.0000,0.6560,0.6400,42.0000,-0.6560,-0.6730,-38.0000
1786010306.5622,-0.6560,-0.6710,-39.0000,0.6560,0.5950,43.0000,0.6560,0.6480,41.0000,-0.6560,-0.6800,-38.0000
1786010306.6122,-0.6560,-0.6620,-40.0000,0.6560,0.6180,42.0000,0.6560,0.6200,43.0000,-0.6560,-0.6530,-39.0000
1786010306.6622,-0.6560,-0.6530,-40.0000,0.6560,0.6520,40.0000,0.6560,0.6430,42.0000,-0.6560,-0.6690,-38.0000
1786010306.7122,-0.6560,-0.6740,-39.0000,0.6560,0.6870,38.0000,0.6560,0.6600,41.0000,-0.6560,-0.6970,-36.0000
1786010306.7631,-0.6560,-0.6580,-40.0000,0.6560,0.6920,38.0000,0.6560,0.6740,40.0000,-0.6560,-0.6310,-40.0000
1786010306.8123,-0.6560,-0.6400,-41.0000,0.6560,0.7190,36.0000,0.6560,0.6830,40.0000,-0.6560,-0.6130,-41.0000
1786010306.8627,-0.6560,-0.6340,-41.0000,0.6560,0.7330,35.0000,0.6560,0.7040,38.0000,-0.6560,-0.5920,-43.0000
1786010306.9123,-0.6560,-0.6330,-41.0000,0.6560,0.7210,34.0000,0.6560,0.7270,36.0000,-0.6560,-0.5840,-44.0000
1786010306.9623,-0.6560,-0.5860,-44.0000,0.6560,0.7020,35.0000,0.6560,0.6910,38.0000,-0.6560,-0.6010,-44.0000
1786010307.0122,-0.6560,-0.6620,-40.0000,0.6560,0.6980,34.0000,0.6560,0.6460,40.0000,-0.6560,-0.6440,-42.0000
1786010307.0622,-0.6560,-0.6760,-40.0000,0.6560,0.6380,37.0000,0.6560,0.6290,41.0000,-0.6560,-0.6300,-43.0000
1786010307.1122,-0.6560,-0.6570,-41.0000,0.6560,0.6450,37.0000,0.6560,0.6130,42.0000,-0.6560,-0.6240,-44.0000
1786010307.1622,-0.0560,-0.4130,6.0000,0.0560,0.3760,-9.0000,0.0560,0.4000,-7.0000,-0.0560,-0.4180,6.0000
1786010307.2122,0.0000,-0.0350,0.0000,0.0000,0.0330,0.0000,0.0000,0.0390,0.0000,0.0000,-0.0230,0.0000
1786010307.2621,0.0000,-0.0030,0.0000,0.0000,0.0030,0.0000,0.0000,0.0030,0.0000,0.0000,-0.0020,0.0000
1786010307.3120,0.0000,-0.0000,0.0000,0.0000,0.0000,0.0000,0.0000,0.0000,0.0000,0.0000,0.0090,0.0000
1786010307.3623,0.6000,0.3670,40.0000,-0.6000,-0.3480,-42.0000,-0.6000,-0.3000,-45.0000,0.6000,0.3400,42.0000
1786010307.4123,0.6560,0.6480,34.0000,-0.6560,-0.6640,-34.0000,-0.6560,-0.6540,-35.0000,0.6560,0.6960,32.0000
1786010307.4622,0.6560,0.6450,36.0000,-0.6560,-0.6170,-38.0000,-0.6560,-0.6430,-37.0000,0.6560,0.6710,35.0000
1786010307.5123,0.6560,0.6290,38.0000,-0.6560,-0.5960,-40.0000,-0.6560,-0.6450,-38.0000,0.6560,0.4710,47.0000
1786010307.5623,0.6560,0.6800,35.0000,-0.6560,-0.5500,-44.0000,-0.6560,-0.6210,-40.0000,0.6560,0.5840,41.0000
1786010307.6123,0.6560,0.6710,35.0000,-0.6560,-0.6400,-40.0000,-0.6560,-0.6070,-41.0000,0.6560,0.6880,36.0000
1786010307.6622,0.6560,0.6800,35.0000,-0.6560,-0.6610,-39.0000,-0.6560,-0.6230,-40.0000,0.6560,0.7290,34.0000
1786010307.7122,0.6560,0.6580,36.0000,-0.6560,-0.6510,-40.0000,-0.6560,-0.6130,-41.0000,0.6560,0.7180,34.0000
1786010307.7623,0.6560,0.6650,35.0000,-0.6560,-0.6070,-43.0000,-0.6560,-0.6030,-42.0000,0.6560,0.6990,34.0000
1786010307.8129,0.6560,0.6500,36.0000,-0.6560,-0.6060,-43.0000,-0.6560,-0.6010,-43.0000,0.6560,0.6250,38.0000
1786010307.8623,0.6560,0.6350,37.0000,-0.6560,-0.5770,-45.0000,-0.6560,-0.5830,-45.0000,0.6560,0.6070,39.0000
1786010307.9136,0.6560,0.6110,38.0000,-0.6560,-0.5850,-46.0000,-0.6560,-0.5680,-47.0000,0.6560,0.6120,39.0000
1786010307.9633,0.6560,0.6130,39.0000,-0.6560,-0.6280,-44.0000,-0.6560,-0.6070,-45.0000,0.6560,0.6400,38.0000
1786010308.0133,0.6560,0.6340,38.0000,-0.6560,-0.6570,-43.0000,-0.6560,-0.6270,-45.0000,0.6560,0.6630,37.0000
1786010308.0633,0.6560,0.6380,38.0000,-0.6560,-0.7010,-40.0000,-0.6560,-0.6250,-46.0000,0.6560,0.6640,37.0000
1786010308.1133,0.6560,0.6430,38.0000,-0.6560,-0.7230,-39.0000,-0.6560,-0.6310,-46.0000,0.6560,0.6490,38.0000
1786010308.1633,0.6560,0.6570,37.0000,-0.6560,-0.7300,-38.0000,-0.6560,-0.6510,-45.0000,0.6560,0.6290,39.0000
1786010308.2133,0.6560,0.6710,37.0000,-0.6560,-0.7130,-38.0000,-0.6560,-0.6760,-43.0000,0.6560,0.6660,37.0000
1786010308.2633,0.6560,0.6730,36.0000,-0.6560,-0.7050,-38.0000,-0.6560,-0.6820,-43.0000,0.6560,0.6820,36.0000
1786010308.3135,0.6560,0.6520,37.0000,-0.6560,-0.7220,-36.0000,-0.6560,-0.7090,-41.0000,0.6560,0.6990,35.0000
1786010308.3633,0.6560,0.6580,37.0000,-0.6560,-0.6920,-37.0000,-0.6560,-0.6610,-43.0000,0.6560,0.7080,34.0000
1786010308.4133,0.6560,0.6590,37.0000,-0.6560,-0.6520,-39.0000,-0.6560,-0.6640,-43.0000,0.6560,0.6720,36.0000
1786010308.4640,0.6560,0.6630,37.0000,-0.6560,-0.6340,-40.0000,-0.6560,-0.6240,-45.0000,0.6560,0.6580,36.0000
1786010308.5133,0.6560,0.6560,37.0000,-0.6560,-0.6390,-39.0000,-0.6560,-0.6210,-45.0000,0.6560,0.6230,38.0000
1786010308.5632,0.6560,0.6200,39.0000,-0.6560,-0.6030,-42.0000,-0.6560,-0.6070,-47.0000,0.6560,0.6320,38.0000
1786010308.6132,0.6560,0.6260,39.0000,-0.6560,-0.6150,-41.0000,-0.6560,-0.6110,-47.0000,0.6560,0.6170,39.0000
1786010308.6633,0.6560,0.6320,39.0000,-0.6560,-0.6390,-41.0000,-0.6560,-0.6220,-47.0000,0.6560,0.6330,39.0000
1786010308.7133,0.6560,0.6420,39.0000,-0.6560,-0.6370,-41.0000,-0.6560,-0.6390,-46.0000,0.6560,0.6550,38.0000
1786010308.7634,0.6560,0.6440,39.0000,-0.6560,-0.6810,-39.0000,-0.6560,-0.6510,-46.0000,0.6560,0.6670,37.0000
1786010308.8132,0.6560,0.6330,40.0000,-0.6560,-0.6990,-38.0000,-0.6560,-0.6480,-46.0000,0.6560,0.6690,37.0000
1786010308.8633,0.6560,0.6390,40.0000,-0.6560,-0.6940,-37.0000,-0.6560,-0.6770,-44.0000,0.6560,0.6500,38.0000
1786010308.9138,0.6560,0.6750,38.0000,-0.6560,-0.6970,-37.0000,-0.6560,-0.7130,-42.0000,0.6560,0.6630,37.0000
1786010308.9634,0.6560,0.6620,38.0000,-0.6560,-0.6820,-37.0000,-0.6560,-0.7060,-42.0000,0.6560,0.6840,36.0000
1786010309.0133,0.6560,0.6460,39.0000,-0.6560,-0.6790,-37.0000,-0.6560,-0.7150,-41.0000,0.6560,0.6830,35.0000
1786010309.0633,0.6560,0.6720,38.0000,-0.6560,-0.6860,-36.0000,-0.6560,-0.6840,-42.0000,0.6560,0.6670,36.0000
1786010309.1133,0.6560,0.6810,37.0000,-0.6560,-0.6440,-38.0000,-0.6560,-0.6380,-45.0000,0.6560,0.6270,38.0000
1786010309.1640,0.6560,0.6800,37.0000,-0.6560,-0.6440,-38.0000,-0.6560,-0.6130,-46.0000,0.6560,0.6060,40.0000
1786010309.2144,0.6560,0.6570,38.0000,-0.6560,-0.6220,-40.0000,-0.6560,-0.6200,-46.0000,0.6560,0.6020,40.0000
1786010309.2634,0.6560,0.6450,39.0000,-0.6560,-0.6180,-40.0000,-0.6560,-0.6110,-47.0000,0.6560,0.6420,39.0000
1786010309.3133,0.6560,0.6410,39.0000,-0.6560,-0.6450,-39.0000,-0.6560,-0.6350,-46.0000,0.6560,0.6530,38.0000
1786010309.3639,0.6560,0.6410,39.0000,-0.6560,-0.6590,-39.0000,-0.6560,-0.6530,-45.0000,0.6560,0.6580,38.0000
1786010309.4133,0.6560,0.6390,39.0000,-0.6560,-0.6630,-38.0000,-0.6560,-0.6660,-45.0000,0.6560,0.6740,37.0000
1786010309.4651,0.6560,0.6600,38.0000,-0.6560,-0.6910,-37.0000,-0.6560,-0.6690,-45.0000,0.6560,0.6780,37.0000
1786010309.5133,0.6560,0.6750,37.0000,-0.6560,-0.6920,-36.0000,-0.6560,-0.6630,-45.0000,0.6560,0.6680,37.0000
1786010309.5633,0.6560,0.6630,38.0000,-0.6560,-0.6880,-36.0000,-0.6560,-0.6820,-44.0000,0.6560,0.6640,37.0000
1786010309.6133,0.6560,0.6620,38.0000,-0.6560,-0.6550,-38.0000,-0.6560,-0.6390,-46.0000,0.6560,0.6630,37.0000
1786010309.6633,0.6560,0.6760,37.0000,-0.6560,-0.6680,-37.0000,-0.6560,-0.6360,-46.0000,0.6560,0.6740,37.0000
1786010309.7134,0.6560,0.6920,36.0000,-0.6560,-0.6750,-36.0000,-0.6560,-0.6660,-44.0000,0.6560,0.6520,38.0000
1786010309.7635,0.6560,0.6700,37.0000,-0.6560,-0.6660,-37.0000,-0.6560,-0.6590,-45.0000,0.6560,0.6200,40.0000
1786010309.8134,0.6560,0.6470,38.0000,-0.6560,-0.6340,-38.0000,-0.6560,-0.6210,-47.0000,0.6560,0.6190,40.0000
1786010309.8633,0.6560,0.6210,40.0000,-0.6560,-0.6210,-39.0000,-0.6560,-0.6530,-45.0000,0.6560,0.6170,40.0000
1786010309.9133,0.6560,0.6470,38.0000,-0.6560,-0.6300,-39.0000,-0.6560,-0.6270,-47.0000,0.6560,0.6380,40.0000
1786010309.9633,0.6560,0.6380,39.0000,-0.6560,-0.6370,-39.0000,-0.6560,-0.6410,-46.0000,0.6560,0.6760,38.0000
1786010310.0133,0.6560,0.6380,39.0000,-0.6560,-0.6590,-38.0000,-0.6560,-0.6510,-46.0000,0.6560,0.6590,39.0000
1786010310.0634,0.6560,0.6450,39.0000,-0.6560,-0.6830,-37.0000,-0.6560,-0.6750,-45.0000,0.6560,0.6610,38.0000
1786010310.1134,0.6560,0.6690,38.0000,-0.6560,-0.6800,-37.0000,-0.6560,-0.6460,-46.0000,0.6560,0.6270,40.0000
1786010310.1637,0.6560,0.6770,37.0000,-0.6560,-0.6860,-36.0000,-0.6560,-0.6720,-45.0000,0.6560,0.6700,38.0000
1786010310.2133,0.6560,0.6770,37.0000,-0.6560,-0.7010,-35.0000,-0.6560,-0.6840,-44.0000,0.6560,0.6690,38.0000
1786010310.2633,0.6560,0.6610,38.0000,-0.6560,-0.6840,-35.0000,-0.6560,-0.6870,-43.0000,0.6560,0.6690,38.0000
1786010310.3133,0.6560,0.6830,36.0000,-0.6560,-0.6840,-35.0000,-0.6560,-0.6540,-45.0000,0.6560,0.6480,39.0000
1786010310.3635,0.6560,0.6610,37.0000,-0.6560,-0.6460,-37.0000,-0.6560,-0.6580,-44.0000,0.6560,0.6350,40.0000
1786010310.4134,0.6560,0.6580,37.0000,-0.6560,-0.6260,-38.0000,-0.6560,-0.6420,-45.0000,0.6560,0.5960,42.0000
1786010310.4634,0.6560,0.6240,39.0000,-0.6560,-0.6150,-39.0000,-0.6560,-0.6480,-45.0000,0.6560,0.5950,43.0000
1786010310.5133,0.6560,0.6280,39.0000,-0.6560,-0.6250,-39.0000,-0.6560,-0.6140,-47.0000,0.6560,0.6000,43.0000
1786010310.5634,0.6560,0.6200,40.0000,-0.6560,-0.6380,-38.0000,-0.6560,-0.6410,-46.0000,0.6560,0.6440,41.0000
1786010310.6134,0.6560,0.6390,39.0000,-0.6560,-0.6430,-38.0000,-0.6560,-0.6440,-46.0000,0.6560,0.6350,42.0000
1786010310.6635,0.6560,0.6440,39.0000,-0.6560,-0.6420,-38.0000,-0.6560,-0.6650,-45.0000,0.6560,0.6640,40.0000
1786010310.7135,0.6560,0.6580,38.0000,-0.6560,-0.6610,-37.0000,-0.6560,-0.6690,-45.0000,0.6560,0.7020,38.0000
1786010310.7634,0.6560,0.6580,38.0000,-0.6560,-0.6750,-37.0000,-0.6560,-0.6960,-43.0000,0.6560,0.7270,36.0000
1786010310.8134,0.0560,0.4000,-8.0000,-0.0560,-0.4160,10.0000,-0.0560,-0.5130,9.0000,0.0560,0.4590,-10.0000
1786010310.8632,0.0000,0.0290,0.0000,0.0000,-0.0340,0.0000,0.0000,-0.0600,0.0000,0.0000,0.0390,0.0000
1786010310.9131,0.0000,0.0030,0.0000,0.0000,-0.0030,0.0000,0.0000,-0.0040,0.0000,0.0000,0.0030,0.0000
1786010310.9633,0.0000,-0.0000,0.0000,0.0000,-0.0000,0.0000,0.0000,-0.0000,0.0000,0.0000,0.0000,0.0000
1786010311.0135,-0.2400,-0.0150,-28.0000,-0.2400,-0.0120,-28.0000,-0.2400,-0.0050,-29.0000,-0.2400,-0.0240,-27.0000
1786010311.0635,-0.6560,-0.5790,-35.0000,-0.6560,-0.6120,-34.0000,-0.6560,-0.5390,-38.0000,-0.6560,-0.5720,-36.0000
1786010311.1135,-0.6560,-0.6230,-37.0000,-0.6560,-0.5610,-41.0000,-0.6560,-0.5200,-44.0000,-0.6560,-0.6540,-35.0000
1786010311.1634,-0.6560,-0.6620,-36.0000,-0.6560,-0.6240,-39.0000,-0.6560,-0.5890,-42.0000,-0.6560,-0.6980,-34.0000
1786010311.2134,-0.6560,-0.6870,-34.0000,-0.6560,-0.6970,-35.0000,-0.6560,-0.6730,-38.0000,-0.6560,-0.7080,-33.0000
1786010311.2636,-0.6560,-0.6920,-34.0000,-0.6560,-0.7100,-34.0000,-0.6560,-0.6870,-38.0000,-0.6560,-0.7100,-32.0000
1786010311.3135,-0.6560,-0.6660,-35.0000,-0.6560,-0.6770,-36.0000,-0.6560,-0.6690,-39.0000,-0.6560,-0.6860,-33.0000
1786010311.3635,-0.6560,-0.6840,-34.0000,-0.6560,-0.6790,-35.0000,-0.6560,-0.6760,-38.0000,-0.6560,-0.6980,-32.0000
1786010311.4135,-0.6560,-0.6750,-34.0000,-0.6560,-0.6820,-35.0000,-0.6560,-0.6740,-38.0000,-0.6560,-0.6820,-33.0000
1786010311.4635,-0.6560,-0.6780,-34.0000,-0.6560,-0.6950,-34.0000,-0.6560,-0.6720,-38.0000,-0.6560,-0.6810,-32.0000
1786010311.5135,-0.6560,-0.6730,-34.0000,-0.6560,-0.6810,-34.0000,-0.6560,-0.6980,-36.0000,-0.6560,-0.6800,-32.0000
1786010311.5634,-0.6560,-0.6840,-33.0000,-0.6560,-0.6940,-33.0000,-0.6560,-0.6770,-37.0000,-0.6560,-0.6910,-31.0000
1786010311.6135,-0.6560,-0.6720,-33.0000,-0.6560,-0.6830,-33.0000,-0.6560,-0.6860,-36.0000,-0.6560,-0.6760,-32.0000
1786010311.6635,-0.6560,-0.6770,-32.0000,-0.6560,-0.6890,-33.0000,-0.6560,-0.6700,-36.0000,-0.6560,-0.6700,-32.0000
1786010311.7135,-0.6560,-0.6750,-32.0000,-0.6560,-0.6770,-33.0000,-0.6560,-0.6900,-35.0000,-0.6560,-0.6670,-32.0000
1786010311.7644,-0.6560,-0.6670,-33.0000,-0.6560,-0.6640,-33.0000,-0.6560,-0.6740,-36.0000,-0.6560,-0.6760,-31.0000
1786010311.8135,-0.6560,-0.6540,-33.0000,-0.6560,-0.6690,-33.0000,-0.6560,-0.6690,-36.0000,-0.6560,-0.6580,-32.0000
1786010311.8635,-0.6560,-0.6600,-33.0000,-0.6560,-0.6690,-33.0000,-0.6560,-0.6540,-36.0000,-0.6560,-0.6500,-32.0000
1786010311.9135,-0.6560,-0.6470,-33.0000,-0.6560,-0.6500,-34.0000,-0.6560,-0.6670,-35.0000,-0.6560,-0.6300,-33.0000
1786010311.9635,-0.6560,-0.6240,-35.0000,-0.6560,-0.6300,-35.0000,-0.6560,-0.6330,-37.0000,-0.6560,-0.6370,-33.0000
1786010312.0135,-0.6560,-0.6200,-35.0000,-0.6560,-0.6150,-36.0000,-0.6560,-0.6460,-37.0000,-0.6560,-0.6330,-34.0000
1786010312.0635,-0.6560,-0.6730,-33.0000,-0.6560,-0.6600,-34.0000,-0.6560,-0.6530,-36.0000,-0.6560,-0.6750,-31.0000
1786010312.1135,-0.6560,-0.6550,-34.0000,-0.6560,-0.6680,-33.0000,-0.6560,-0.6630,-36.0000,-0.6560,-0.6560,-32.0000
1786010312.1635,-0.6560,-0.6810,-32.0000,-0.6560,-0.6700,-33.0000,-0.6560,-0.6520,-36.0000,-0.6560,-0.6860,-31.0000
1786010312.2136,-0.6560,-0.6760,-32.0000,-0.6560,-0.6780,-33.0000,-0.6560,-0.6680,-35.0000,-0.6560,-0.6760,-31.0000
1786010312.2635,-0.6560,-0.6730,-32.0000,-0.6560,-0.6740,-33.0000,-0.6560,-0.6580,-36.0000,-0.6560,-0.6720,-31.0000
1786010312.3135,-0.6560,-0.6510,-33.0000,-0.6560,-0.6550,-34.0000,-0.6560,-0.6640,-35.0000,-0.6560,-0.6500,-32.0000
1786010312.3636,-0.6560,-0.6660,-32.0000,-0.6560,-0.6620,-33.0000,-0.6560,-0.6490,-36.0000,-0.6560,-0.6740,-31.0000
1786010312.4143,-0.6560,-0.6230,-35.0000,-0.6560,-0.6330,-35.0000,-0.6560,-0.6370,-37.0000,-0.6560,-0.6140,-34.0000
1786010312.4636,-0.6560,-0.6250,-35.0000,-0.6560,-0.6310,-35.0000,-0.6560,-0.6300,-38.0000,-0.6560,-0.6130,-34.0000
1786010312.5136,-0.6560,-0.6350,-35.0000,-0.6560,-0.6340,-35.0000,-0.6560,-0.6570,-36.0000,-0.6560,-0.6390,-33.0000
1786010312.5635,-0.6560,-0.6380,-35.0000,-0.6560,-0.6340,-35.0000,-0.6560,-0.6490,-37.0000,-0.6560,-0.6480,-33.0000
1786010312.6135,-0.6560,-0.6330,-35.0000,-0.6560,-0.6200,-36.0000,-0.6560,-0.6210,-39.0000,-0.6560,-0.6240,-35.0000
1786010312.6636,-0.6560,-0.6470,-35.0000,-0.6560,-0.6410,-35.0000,-0.6560,-0.6350,-38.0000,-0.6560,-0.6490,-33.0000
1786010312.7136,-0.6560,-0.6530,-35.0000,-0.6560,-0.6590,-35.0000,-0.6560,-0.6510,-38.0000,-0.6560,-0.6530,-33.0000
1786010312.7636,-0.6560,-0.6720,-34.0000,-0.6560,-0.6600,-35.0000,-0.6560,-0.6590,-37.0000,-0.6560,-0.6850,-31.0000
1786010312.8136,-0.6560,-0.6700,-34.0000,-0.6560,-0.6810,-33.0000,-0.6560,-0.6790,-36.0000,-0.6560,-0.6710,-32.0000
1786010312.8636,-0.6560,-0.6730,-33.0000,-0.6560,-0.6810,-33.0000,-0.6560,-0.6670,-37.0000,-0.6560,-0.6710,-32.0000
1786010312.9136,-0.6560,-0.6670,-33.0000,-0.6560,-0.6680,-34.0000,-0.6560,-0.6730,-36.0000,-0.6560,-0.6610,-32.0000
1786010312.9635,-0.6560,-0.6800,-33.0000,-0.6560,-0.6740,-33.0000,-0.6560,-0.6810,-35.0000,-0.6560,-0.6710,-32.0000
1786010313.0137,-0.6560,-0.6670,-33.0000,-0.6560,-0.6690,-33.0000,-0.6560,-0.6640,-36.0000,-0.6560,-0.6750,-31.0000
1786010313.0637,-0.6560,-0.6660,-33.0000,-0.6560,-0.6740,-33.0000,-0.6560,-0.6720,-36.0000,-0.6560,-0.6680,-31.0000
1786010313.1135,-0.6560,-0.6580,-33.0000,-0.6560,-0.6680,-33.0000,-0.6560,-0.6530,-37.0000,-0.6560,-0.6580,-32.0000
1786010313.1636,-0.6560,-0.6650,-33.0000,-0.6560,-0.6580,-33.0000,-0.6560,-0.6630,-36.0000,-0.6560,-0.6610,-32.0000
1786010313.2136,-0.6560,-0.6380,-34.0000,-0.6560,-0.6320,-35.0000,-0.6560,-0.5920,-40.0000,-0.6560,-0.6320,-33.0000
1786010313.2636,-0.6560,-0.6240,-35.0000,-0.6560,-0.5880,-37.0000,-0.6560,-0.6150,-39.0000,-0.6560,-0.6300,-33.0000
1786010313.3136,-0.6560,-0.6480,-34.0000,-0.6560,-0.6220,-36.0000,-0.6560,-0.6370,-38.0000,-0.6560,-0.6450,-33.0000
1786010313.3638,-0.6560,-0.6680,-33.0000,-0.6560,-0.6610,-34.0000,-0.6560,-0.6730,-36.0000,-0.6560,-0.6620,-32.0000
1786010313.4137,-0.6560,-0.6730,-33.0000,-0.6560,-0.6790,-33.0000,-0.6560,-0.6620,-37.0000,-0.6560,-0.6720,-32.0000
1786010313.4636,-0.6560,-0.6640,-33.0000,-0.6560,-0.6780,-33.0000,-0.6560,-0.6650,-37.0000,-0.6560,-0.6560,-32.0000
1786010313.5135,-0.6560,-0.6670,-33.0000,-0.6560,-0.6740,-33.0000,-0.6560,-0.6600,-37.0000,-0.6560,-0.6610,-32.0000
1786010313.5636,-0.6560,-0.6550,-33.0000,-0.6560,-0.6680,-33.0000,-0.6560,-0.6810,-36.0000,-0.6560,-0.6610,-32.0000
1786010313.6134,-0.6560,-0.6720,-32.0000,-0.6560,-0.6660,-33.0000,-0.6560,-0.6670,-36.0000,-0.6560,-0.6710,-31.0000
1786010313.6642,-0.6560,-0.6550,-33.0000,-0.6560,-0.6720,-33.0000,-0.6560,-0.6700,-36.0000,-0.6560,-0.6580,-32.0000
1786010313.7138,-0.6560,-0.6640,-33.0000,-0.6560,-0.6740,-33.0000,-0.6560,-0.6570,-36.0000,-0.6560,-0.6610,-32.0000
1786010313.7635,-0.6560,-0.6530,-33.0000,-0.6560,-0.6520,-34.0000,-0.6560,-0.6650,-36.0000,-0.6560,-0.6520,-32.0000
1786010313.8140,-0.6560,-0.6610,-33.0000,-0.6560,-0.6290,-35.0000,-0.6560,-0.6440,-37.0000,-0.6560,-0.6380,-33.0000
1786010313.8643,-0.6560,-0.6460,-34.0000,-0.6560,-0.6270,-35.0000,-0.6560,-0.6190,-39.0000,-0.6560,-0.6260,-34.0000
1786010313.9136,-0.6560,-0.6530,-33.0000,-0.6560,-0.6350,-35.0000,-0.6560,-0.6160,-39.0000,-0.6560,-0.6410,-33.0000
1786010313.9635,-0.6560,-0.6580,-33.0000,-0.6560,-0.6510,-34.0000,-0.6560,-0.6650,-36.0000,-0.6560,-0.6520,-33.0000
1786010314.0135,-0.6560,-0.6710,-32.0000,-0.6560,-0.6610,-34.0000,-0.6560,-0.6690,-36.0000,-0.6560,-0.6790,-32.0000
1786010314.0636,-0.6560,-0.6560,-33.0000,-0.6560,-0.6740,-33.0000,-0.6560,-0.6750,-36.0000,-0.6560,-0.6650,-32.0000
1786010314.1145,-0.6560,-0.6670,-32.0000,-0.6560,-0.6840,-33.0000,-0.6560,-0.6700,-36.0000,-0.6560,-0.6710,-32.0000
1786010314.1635,-0.6560,-0.6590,-33.0000,-0.6560,-0.6740,-33.0000,-0.6560,-0.6730,-36.0000,-0.6560,-0.6660,-32.0000
1786010314.2139,-0.6560,-0.6790,-32.0000,-0.6560,-0.6760,-33.0000,-0.6560,-0.6710,-36.0000,-0.6560,-0.6880,-30.0000
1786010314.2636,-0.6560,-0.6600,-33.0000,-0.6560,-0.6730,-32.0000,-0.6560,-0.6790,-35.0000,-0.6560,-0.6710,-31.0000
1786010314.3136,-0.6560,-0.6680,-32.0000,-0.6560,-0.6700,-32.0000,-0.6560,-0.6630,-36.0000,-0.6560,-0.6660,-31.0000
1786010314.3636,-0.6560,-0.6420,-33.0000,-0.6560,-0.6530,-33.0000,-0.6560,-0.6610,-36.0000,-0.6560,-0.6490,-32.0000
1786010314.4154,-0.6560,-0.6650,-32.0000,-0.6560,-0.6550,-33.0000,-0.6560,-0.6600,-36.0000,-0.6560,-0.6680,-31.0000
1786010314.4636,-0.6560,-0.6370,-34.0000,-0.6560,-0.6540,-33.0000,-0.6560,-0.6420,-37.0000,-0.6560,-0.6370,-33.0000
1786010314.5136,-0.6560,-0.6280,-34.0000,-0.6560,-0.5810,-38.0000,-0.6560,-0.6030,-39.0000,-0.6560,-0.6450,-32.0000
1786010314.5636,-0.6560,-0.6300,-34.0000,-0.6560,-0.5930,-37.0000,-0.6560,-0.6250,-38.0000,-0.6560,-0.6280,-33.0000
1786010314.6136,-0.6560,-0.6690,-32.0000,-0.6560,-0.6470,-35.0000,-0.6560,-0.6520,-37.0000,-0.6560,-0.6620,-32.0000
1786010314.6636,-0.6560,-0.6620,-33.0000,-0.6560,-0.6750,-34.0000,-0.6560,-0.6730,-36.0000,-0.6560,-0.6590,-32.0000
1786010314.7136,-0.6560,-0.6570,-33.0000,-0.6560,-0.6820,-33.0000,-0.6560,-0.6740,-36.0000,-0.6560,-0.6640,-32.0000
1786010314.7647,-0.6560,-0.6640,-33.0000,-0.6560,-0.6780,-33.0000,-0.6560,-0.6720,-36.0000,-0.6560,-0.6510,-32.0000
1786010314.8136,-0.6560,-0.6710,-32.0000,-0.6560,-0.6730,-33.0000,-0.6560,-0.6830,-35.0000,-0.6560,-0.6720,-31.0000
1786010314.8636,-0.6560,-0.6720,-32.0000,-0.6560,-0.7030,-31.0000,-0.6560,-0.6780,-35.0000,-0.6560,-0.6730,-31.0000
1786010314.9136,-0.6560,-0.6630,-32.0000,-0.6560,-0.6980,-31.0000,-0.6560,-0.6830,-35.0000,-0.6560,-0.6660,-31.0000
1786010314.9636,-0.6560,-0.6510,-33.0000,-0.6560,-0.6600,-33.0000,-0.6560,-0.6590,-36.0000,-0.6560,-0.6500,-32.0000
1786010315.0149,-0.6560,-0.6520,-33.0000,-0.6560,-0.6550,-33.0000,-0.6560,-0.6600,-36.0000,-0.6560,-0.6610,-31.0000
1786010315.0636,-0.6560,-0.6250,-35.0000,-0.6560,-0.6070,-36.0000,-0.6560,-0.5990,-39.0000,-0.6560,-0.6340,-33.0000
1786010315.1135,-0.6560,-0.6240,-35.0000,-0.6560,-0.5570,-39.0000,-0.6560,-0.5870,-40.0000,-0.6560,-0.6370,-33.0000
1786010315.1635,-0.6560,-0.6370,-34.0000,-0.6560,-0.6060,-37.0000,-0.6560,-0.6060,-40.0000,-0.6560,-0.6310,-33.0000
1786010315.2136,-0.6560,-0.6580,-33.0000,-0.6560,-0.6400,-36.0000,-0.6560,-0.6490,-38.0000,-0.6560,-0.6580,-32.0000
1786010315.2636,-0.6560,-0.6540,-34.0000,-0.6560,-0.6470,-36.0000,-0.6560,-0.6650,-37.0000,-0.6560,-0.6730,-31.0000
1786010315.3137,-0.6560,-0.6630,-33.0000,-0.6560,-0.6690,-35.0000,-0.6560,-0.6750,-37.0000,-0.6560,-0.6650,-31.0000
1786010315.3636,-0.6560,-0.6690,-33.0000,-0.6560,-0.6900,-33.0000,-0.6560,-0.6680,-37.0000,-0.6560,-0.6590,-32.0000
1786010315.4135,-0.6560,-0.6560,-33.0000,-0.6560,-0.6760,-34.0000,-0.6560,-0.6810,-36.0000,-0.6560,-0.6620,-31.0000
1786010315.4636,-0.6560,-0.6790,-32.0000,-0.6560,-0.6830,-33.0000,-0.6560,-0.6720,-36.0000,-0.6560,-0.6800,-30.0000
1786010315.5137,-0.6560,-0.6650,-33.0000,-0.6560,-0.7220,-30.0000,-0.6560,-0.6990,-34.0000,-0.6560,-0.6740,-30.0000
1786010315.5636,-0.6560,-0.6740,-32.0000,-0.6560,-0.7310,-29.0000,-0.6560,-0.7040,-34.0000,-0.6560,-0.6760,-30.0000
1786010315.6136,-0.6560,-0.6620,-32.0000,-0.6560,-0.6960,-31.0000,-0.6560,-0.7180,-32.0000,-0.6560,-0.6700,-30.0000
1786010315.6636,-0.6560,-0.6630,-32.0000,-0.6560,-0.6620,-32.0000,-0.6560,-0.6630,-35.0000,-0.6560,-0.6710,-30.0000
1786010315.7136,-0.6560,-0.6420,-33.0000,-0.6560,-0.6530,-32.0000,-0.6560,-0.6530,-35.0000,-0.6560,-0.6430,-32.0000
1786010315.7637,-0.6560,-0.6480,-33.0000,-0.6560,-0.6380,-33.0000,-0.6560,-0.6320,-36.0000,-0.6560,-0.6350,-32.0000
1786010315.8136,-0.6560,-0.6240,-35.0000,-0.6560,-0.5450,-39.0000,-0.6560,-0.5790,-39.0000,-0.6560,-0.6160,-33.0000
1786010315.8636,-0.6560,-0.6520,-33.0000,-0.6560,-0.5620,-38.0000,-0.6560,-0.5870,-40.0000,-0.6560,-0.6250,-33.0000
1786010315.9135,-0.6560,-0.6480,-34.0000,-0.6560,-0.6280,-36.0000,-0.6560,-0.6260,-38.0000,-0.6560,-0.6390,-33.0000
1786010315.9643,-0.6560,-0.6620,-33.0000,-0.6560,-0.6510,-35.0000,-0.6560,-0.6640,-36.0000,-0.6560,-0.6640,-32.0000
1786010316.0136,-0.6560,-0.6570,-33.0000,-0.6560,-0.6740,-34.0000,-0.6560,-0.6750,-36.0000,-0.6560,-0.6540,-32.0000
1786010316.0636,-0.6560,-0.6760,-32.0000,-0.6560,-0.6800,-34.0000,-0.6560,-0.6690,-36.0000,-0.6560,-0.6800,-31.0000
1786010316.1136,-0.6560,-0.6560,-33.0000,-0.6560,-0.6770,-33.0000,-0.6560,-0.6740,-36.0000,-0.6560,-0.6630,-32.0000
1786010316.1636,-0.6560,-0.6760,-32.0000,-0.6560,-0.6840,-33.0000,-0.6560,-0.6710,-36.0000,-0.6560,-0.6680,-31.0000
1786010316.2136,-0.6560,-0.6650,-32.0000,-0.6560,-0.6700,-33.0000,-0.6560,-0.6690,-36.0000,-0.6560,-0.6630,-31.0000
1786010316.2636,-0.6560,-0.6740,-32.0000,-0.6560,-0.6690,-33.0000,-0.6560,-0.6710,-35.0000,-0.6560,-0.6710,-31.0000
1786010316.3136,-0.6560,-0.6520,-33.0000,-0.6560,-0.6710,-33.0000,-0.6560,-0.6590,-36.0000,-0.6560,-0.6510,-32.0000
1786010316.3637,-0.6560,-0.6620,-32.0000,-0.6560,-0.6610,-33.0000,-0.6560,-0.6610,-36.0000,-0.6560,-0.6550,-31.0000
1786010316.4136,-0.6560,-0.6300,-34.0000,-0.6560,-0.6170,-36.0000,-0.6560,-0.6250,-38.0000,-0.6560,-0.6210,-33.0000
1786010316.4637,-0.6560,-0.6260,-34.0000,-0.6560,-0.6160,-36.0000,-0.6560,-0.6380,-37.0000,-0.6560,-0.6240,-33.0000
1786010316.5136,-0.6560,-0.6560,-33.0000,-0.6560,-0.6450,-35.0000,-0.6560,-0.6630,-36.0000,-0.6560,-0.6590,-32.0000
1786010316.5637,-0.6560,-0.6600,-33.0000,-0.6560,-0.6790,-33.0000,-0.6560,-0.6780,-35.0000,-0.6560,-0.6690,-31.0000
1786010316.6135,-0.6560,-0.6620,-33.0000,-0.6560,-0.6750,-33.0000,-0.6560,-0.6660,-36.0000,-0.6560,-0.6570,-32.0000
1786010316.6636,-0.6560,-0.6740,-32.0000,-0.6560,-0.6720,-33.0000,-0.6560,-0.6760,-35.0000,-0.6560,-0.6670,-31.0000
1786010316.7136,-0.6560,-0.6640,-33.0000,-0.6560,-0.6700,-33.0000,-0.6560,-0.6610,-36.0000,-0.6560,-0.6710,-31.0000
1786010316.7637,-0.6560,-0.6610,-33.0000,-0.6560,-0.6750,-32.0000,-0.6560,-0.6700,-35.0000,-0.6560,-0.6630,-31.0000
1786010316.8136,-0.6560,-0.6540,-33.0000,-0.6560,-0.6650,-33.0000,-0.6560,-0.6520,-36.0000,-0.6560,-0.6500,-32.0000
1786010316.8636,-0.6560,-0.6680,-32.0000,-0.6560,-0.6500,-33.0000,-0.6560,-0.6630,-35.0000,-0.6560,-0.6620,-31.0000
1786010316.9136,-0.6560,-0.6570,-33.0000,-0.6560,-0.6470,-34.0000,-0.6560,-0.6500,-36.0000,-0.6560,-0.6630,-31.0000
1786010316.9636,-0.6560,-0.6440,-33.0000,-0.6560,-0.6370,-34.0000,-0.6560,-0.6640,-35.0000,-0.6560,-0.6560,-31.0000
1786010317.0136,-0.6560,-0.6490,-33.0000,-0.6560,-0.6320,-35.0000,-0.6560,-0.6410,-37.0000,-0.6560,-0.6530,-32.0000
1786010317.0636,-0.6560,-0.6580,-33.0000,-0.6560,-0.6460,-34.0000,-0.6560,-0.6560,-36.0000,-0.6560,-0.6430,-32.0000
1786010317.1136,-0.6560,-0.6510,-33.0000,-0.6560,-0.6760,-33.0000,-0.6560,-0.6420,-37.0000,-0.6560,-0.6520,-32.0000
1786010317.1636,-0.6560,-0.6500,-33.0000,-0.6560,-0.6740,-33.0000,-0.6560,-0.6660,-35.0000,-0.6560,-0.6560,-32.0000
1786010317.2136,-0.6560,-0.6620,-33.0000,-0.6560,-0.6740,-33.0000,-0.6560,-0.6520,-36.0000,-0.6560,-0.6540,-32.0000
1786010317.2637,-0.6560,-0.6520,-33.0000,-0.6560,-0.6660,-33.0000,-0.6560,-0.6680,-35.0000,-0.6560,-0.6550,-32.0000
1786010317.3136,-0.6560,-0.6610,-33.0000,-0.6560,-0.6690,-33.0000,-0.6560,-0.6510,-36.0000,-0.6560,-0.6770,-30.0000
1786010317.3637,-0.6560,-0.6540,-33.0000,-0.6560,-0.6650,-33.0000,-0.6560,-0.6710,-35.0000,-0.6560,-0.6570,-32.0000
1786010317.4136,-0.6560,-0.6580,-33.0000,-0.6560,-0.6540,-33.0000,-0.6560,-0.6410,-37.0000,-0.6560,-0.6340,-33.0000
1786010317.4637,-0.6560,-0.6390,-34.0000,-0.6560,-0.6340,-34.0000,-0.6560,-0.6540,-36.0000,-0.6560,-0.6200,-34.0000
1786010317.5139,-0.6560,-0.6640,-32.0000,-0.6560,-0.6530,-33.0000,-0.6560,-0.6470,-36.0000,-0.6560,-0.6570,-32.0000
1786010317.5636,-0.6560,-0.6590,-33.0000,-0.6560,-0.6570,-33.0000,-0.6560,-0.6630,-36.0000,-0.6560,-0.6550,-32.0000
1786010317.6137,-0.6560,-0.6420,-34.0000,-0.6560,-0.6590,-33.0000,-0.6560,-0.6430,-37.0000,-0.6560,-0.6220,-34.0000
1786010317.6650,-0.6560,-0.6350,-34.0000,-0.6560,-0.6370,-35.0000,-0.6560,-0.6450,-37.0000,-0.6560,-0.6190,-35.0000
1786010317.7136,-0.6560,-0.6510,-34.0000,-0.6560,-0.6460,-34.0000,-0.6560,-0.6540,-36.0000,-0.6560,-0.6660,-32.0000
1786010317.7636,-0.6560,-0.6560,-33.0000,-0.6560,-0.6480,-34.0000,-0.6560,-0.6600,-36.0000,-0.6560,-0.6590,-33.0000
1786010317.8136,-0.6560,-0.6640,-33.0000,-0.6560,-0.6620,-33.0000,-0.6560,-0.6570,-36.0000,-0.6560,-0.6620,-33.0000
1786010317.8637,-0.6560,-0.6520,-34.0000,-0.6560,-0.6630,-33.0000,-0.6560,-0.6750,-35.0000,-0.6560,-0.6650,-33.0000
1786010317.9136,-0.6560,-0.6750,-32.0000,-0.6560,-0.6690,-33.0000,-0.6560,-0.6670,-35.0000,-0.6560,-0.6830,-31.0000
1786010317.9645,-0.6560,-0.6650,-33.0000,-0.6560,-0.6760,-32.0000,-0.6560,-0.6710,-35.0000,-0.6560,-0.6710,-32.0000
1786010318.0136,-0.6560,-0.6740,-32.0000,-0.6560,-0.6720,-32.0000,-0.6560,-0.6730,-35.0000,-0.6560,-0.7030,-30.0000
1786010318.0638,-0.6560,-0.6570,-33.0000,-0.6560,-0.6640,-33.0000,-0.6560,-0.6630,-35.0000,-0.6560,-0.6550,-32.0000
1786010318.1137,-0.6560,-0.6670,-32.0000,-0.6560,-0.6590,-33.0000,-0.6560,-0.6540,-36.0000,-0.6560,-0.6720,-31.0000
1786010318.1637,-0.6560,-0.6480,-33.0000,-0.6560,-0.6610,-33.0000,-0.6560,-0.6580,-35.0000,-0.6560,-0.6560,-32.0000
1786010318.2137,-0.4160,-0.6110,-15.0000,-0.4160,-0.6340,-13.0000,-0.4160,-0.6350,-16.0000,-0.4160,-0.5950,-14.0000
1786010318.2634,0.0000,-0.1250,0.0000,0.0000,-0.1400,0.0000,0.0000,-0.2250,0.0000,0.0000,-0.1100,0.0000
1786010318.3134,0.0000,-0.0190,0.0000,0.0000,-0.0110,0.0000,0.0000,-0.0100,0.0000,0.0000,-0.0100,0.0000
1786010318.3634,0.0000,-0.0020,0.0000,0.0000,-0.0010,0.0000,0.0000,-0.0010,0.0000,0.0000,-0.0010,0.0000
1786010318.4133,0.0000,0.0040,0.0000,0.0000,-0.0000,0.0000,0.0000,-0.0000,0.0000,0.0000,0.0010,0.0000
1786010318.4634,0.0000,0.0000,0.0000,0.0000,-0.0000,0.0000,0.0000,-0.0000,0.0000,0.0000,0.0000,0.0000
1786010318.5134,0.0000,0.0170,0.0000,0.0000,-0.0000,0.0000,0.0000,-0.0000,0.0000,0.0000,0.0080,0.0000
1786010318.5634,0.0000,0.0390,0.0000,0.0000,-0.0000,0.0000,0.0000,-0.0000,0.0000,0.0000,0.0020,0.0000
1786010318.6134,0.0000,0.0050,0.0000,0.0000,0.0000,0.0000,0.0000,-0.0000,0.0000,0.0000,0.0030,0.0000
1786010318.6634,0.0000,0.0000,0.0000,0.0000,0.0000,0.0000,0.0000,-0.0000,0.0000,0.0000,0.0010,0.0000
1786010318.7134,0.0000,-0.0000,0.0000,0.0000,0.0000,0.0000,0.0000,-0.0000,0.0000,0.0000,0.0000,0.0000
1786010318.7634,0.0000,-0.0000,0.0000,0.0000,0.0000,0.0000,0.0000,-0.0000,0.0000,0.0000,0.0000,0.0000
1786010318.8133,0.0000,0.0000,0.0000,0.0000,0.0000,0.0000,0.0000,-0.0000,0.0000,0.0000,0.0000,0.0000
1786010318.8633,0.0000,0.0000,0.0000,0.0000,0.0000,0.0000,0.0000,-0.0000,0.0000,0.0000,0.0000,0.0000
1786010318.9133,0.0000,0.0000,0.0000,0.0000,0.0000,0.0000,0.0000,-0.0000,0.0000,0.0000,0.0000,0.0000
1786010318.9634,0.0000,0.0000,0.0000,0.0000,0.0000,0.0000,0.0000,-0.0000,0.0000,0.0000,0.0000,0.0000
1786010319.0134,0.0000,0.0000,0.0000,0.0000,0.0000,0.0000,0.0000,-0.0000,0.0000,0.0000,0.0000,0.0000
1786010319.0634,0.0000,0.0000,0.0000,0.0000,0.0000,0.0000,0.0000,-0.0000,0.0000,0.0000,0.0000,0.0000
1786010319.1133,0.0000,0.0000,0.0000,0.0000,0.0000,0.0000,0.0000,-0.0000,0.0000,0.0000,0.0000,0.0000
1786010319.1633,0.0000,0.0000,0.0000,0.0000,0.0000,0.0000,0.0000,-0.0000,0.0000,0.0000,0.0000,0.0000
1786010319.2134,0.0000,0.0000,0.0000,0.0000,0.0000,0.0000,0.0000,-0.0000,0.0000,0.0000,0.0000,0.0000
1786010319.2634,0.0000,0.0000,0.0000,0.1200,0.0000,14.0000,0.1200,-0.0000,14.0000,0.0000,0.0000,0.0000
1786010319.3133,0.0000,0.0000,0.0000,0.7200,0.5080,44.0000,0.7200,0.4330,48.0000,0.0000,0.0000,0.0000
1786010319.3634,0.0000,0.0000,0.0000,0.9190,0.9530,42.0000,0.9190,0.9320,44.0000,0.0000,0.0000,0.0000
1786010319.4138,0.0000,0.0000,0.0000,0.9190,0.9100,47.0000,0.9190,0.9280,47.0000,0.0000,0.0000,0.0000
1786010319.4642,0.0000,-0.0020,0.0000,0.9190,0.7380,58.0000,0.9190,0.8980,49.0000,0.0000,0.0390,0.0000
1786010319.5135,0.0000,0.0010,0.0000,0.9190,0.8080,55.0000,0.9190,0.8550,52.0000,0.0000,0.1700,0.0000
1786010319.5654,0.0000,0.0010,0.0000,0.9190,0.8870,52.0000,0.9190,0.9240,49.0000,0.0000,0.1360,0.0000
1786010319.6140,0.0000,0.0000,0.0000,0.9190,0.9330,50.0000,0.9190,0.9200,49.0000,0.0000,0.0950,0.0000
1786010319.6639,0.0000,0.0060,0.0000,0.9190,0.9010,53.0000,0.9190,0.8990,51.0000,0.0000,0.0670,0.0000
1786010319.7138,0.0000,0.0010,0.0000,0.9190,0.9190,52.0000,0.9190,0.9150,50.0000,0.0000,0.0590,0.0000
1786010319.7635,0.0000,0.0010,0.0000,0.9190,0.9290,51.0000,0.9190,0.9180,50.0000,0.0000,0.0160,0.0000
1786010319.8134,0.0000,0.0000,0.0000,0.9190,0.9660,49.0000,0.9190,0.9400,49.0000,0.0000,0.0010,0.0000
1786010319.8635,0.0000,0.0040,0.0000,0.9190,0.9770,48.0000,0.9190,0.9260,49.0000,0.0000,0.0020,0.0000
1786010319.9134,0.0000,0.0050,0.0000,0.9190,0.9580,49.0000,0.9190,0.9130,50.0000,0.0000,0.0030,0.0000
1786010319.9634,0.0000,0.0000,0.0000,0.9190,0.9030,51.0000,0.9190,0.9420,48.0000,0.0000,0.0240,0.0000
1786010320.0135,0.0000,0.0000,0.0000,0.9190,0.8720,53.0000,0.9190,0.9110,50.0000,0.0000,0.0770,0.0000
1786010320.0635,0.0000,0.0000,0.0000,0.9190,0.9070,51.0000,0.9190,0.8750,52.0000,0.0000,0.0290,0.0000
1786010320.1133,0.0000,0.0000,0.0000,0.9190,0.9150,51.0000,0.9190,0.9260,49.0000,0.0000,0.0150,0.0000
1786010320.1634,0.0000,0.0000,0.0000,0.9190,0.9300,50.0000,0.9190,0.9210,50.0000,0.0000,0.0630,0.0000
1786010320.2134,0.0000,0.0000,0.0000,0.9190,0.9440,49.0000,0.9190,0.8970,51.0000,0.0000,0.0160,0.0000
1786010320.2635,0.0000,0.0000,0.0000,0.9190,0.9620,48.0000,0.9190,0.9290,50.0000,0.0000,0.0010,0.0000
1786010320.3134,0.0000,0.0000,0.0000,0.9190,0.9220,50.0000,0.9190,0.9090,51.0000,0.0000,0.0010,0.0000
1786010320.3635,0.0000,0.0040,0.0000,0.9190,0.9050,51.0000,0.9190,0.9290,50.0000,0.0000,0.0180,0.0000
1786010320.4135,0.0000,0.0000,0.0000,0.9190,0.9090,51.0000,0.9190,0.9130,51.0000,0.0000,0.0410,0.0000
1786010320.4636,0.0000,0.0000,0.0000,0.9190,0.9180,50.0000,0.9190,0.9170,50.0000,0.0000,0.0070,0.0000
1786010320.5134,0.0000,0.0010,0.0000,0.9190,0.9210,50.0000,0.9190,0.9080,51.0000,0.0000,0.0050,0.0000
1786010320.5634,0.0000,0.0010,0.0000,0.9190,0.8990,51.0000,0.9190,0.8950,52.0000,0.0000,0.0260,0.0000
1786010320.6134,0.0000,0.0000,0.0000,0.9190,0.8960,52.0000,0.9190,0.9010,52.0000,0.0000,0.0200,0.0000
1786010320.6635,0.0000,0.0000,0.0000,0.9190,0.9290,50.0000,0.9190,0.9090,51.0000,0.0000,0.0190,0.0000
1786010320.7134,0.0000,0.0000,0.0000,0.9190,0.9630,48.0000,0.9190,0.9060,52.0000,0.0000,0.0510,0.0000
1786010320.7635,0.0000,0.0000,0.0000,0.9190,0.9490,48.0000,0.9190,0.9100,51.0000,0.0000,0.0620,0.0000
1786010320.8147,0.0000,0.0000,0.0000,0.9190,0.9230,50.0000,0.9190,0.9470,49.0000,0.0000,0.0890,0.0000
1786010320.8644,0.0000,0.0000,0.0000,0.9190,0.9080,50.0000,0.9190,0.9530,49.0000,0.0000,0.1480,0.0000
1786010320.9145,0.0000,0.0000,0.0000,0.9190,0.8950,51.0000,0.9190,0.8820,53.0000,0.0000,0.0870,0.0000
1786010320.9645,0.0000,0.0000,0.0000,0.9190,0.9130,50.0000,0.9190,0.9130,51.0000,0.0000,0.0090,0.0000
1786010321.0145,0.0000,0.0000,0.0000,0.9190,0.9120,50.0000,0.9190,0.9350,50.0000,0.0000,0.0220,0.0000
1786010321.0645,0.0000,0.0000,0.0000,0.9190,0.9080,51.0000,0.9190,0.9010,52.0000,0.0000,0.0590,0.0000
1786010321.1144,0.0000,0.0000,0.0000,0.9190,0.9370,49.0000,0.9190,0.8960,52.0000,0.0000,0.0280,0.0000
1786010321.1645,0.0000,0.0000,0.0000,0.9190,0.9580,48.0000,0.9190,0.9430,49.0000,0.0000,0.0020,0.0000
1786010321.2145,0.0000,0.0000,0.0000,0.9190,0.9570,48.0000,0.9190,0.9080,51.0000,0.0000,0.0000,0.0000
1786010321.2645,0.0000,0.0000,0.0000,0.9190,0.9090,50.0000,0.9190,0.9250,50.0000,0.0000,0.0110,0.0000
1786010321.3144,0.0000,0.0000,0.0000,0.9190,0.9010,50.0000,0.9190,0.9450,49.0000,0.0000,0.0620,0.0000
1786010321.3645,0.0000,-0.0010,0.0000,0.9190,0.9070,50.0000,0.9190,0.8830,53.0000,0.0000,0.0260,0.0000
1786010321.4145,0.0000,-0.0010,0.0000,0.9190,0.9130,50.0000,0.9190,0.8800,53.0000,0.0000,0.0020,0.0000
1786010321.4653,0.0000,0.0010,0.0000,0.9190,0.8990,51.0000,0.9190,0.9410,50.0000,0.0000,0.0210,0.0000
1786010321.5144,0.0000,0.0000,0.0000,0.9190,0.9110,50.0000,0.9190,0.9190,51.0000,0.0000,0.0520,0.0000
1786010321.5645,0.0000,0.0000,0.0000,0.9190,0.9530,48.0000,0.9190,0.9190,51.0000,0.0000,0.0200,0.0000
1786010321.6144,0.0000,0.0010,0.0000,0.9190,0.9540,48.0000,0.9190,0.9580,49.0000,0.0000,0.0020,0.0000
1786010321.6645,0.0000,0.0010,0.0000,0.9190,0.9520,48.0000,0.9190,0.9230,51.0000,0.0000,0.0200,0.0000
1786010321.7145,0.0000,0.0000,0.0000,0.9190,0.9450,48.0000,0.9190,0.9410,49.0000,0.0000,0.0120,0.0000
1786010321.7645,0.0000,0.0000,0.0000,0.9190,0.8980,50.0000,0.9190,0.9650,48.0000,0.0000,0.0390,0.0000
1786010321.8145,0.0000,0.0000,0.0000,0.9190,0.9010,50.0000,0.9190,0.9150,50.0000,0.0000,0.0440,0.0000
1786010321.8647,0.0000,0.0000,0.0000,0.9190,0.9190,49.0000,0.9190,0.8730,53.0000,0.0000,0.0040,0.0000
1786010321.9144,0.0000,0.0000,0.0000,0.9190,0.9070,50.0000,0.9190,0.9160,50.0000,0.0000,0.0000,0.0000
1786010321.9645,0.0000,0.0000,0.0000,0.9190,0.8950,51.0000,0.9190,0.9160,51.0000,0.0000,0.0110,0.0000
1786010322.0144,0.0000,0.0000,0.0000,0.9190,0.9280,49.0000,0.9190,0.9230,50.0000,0.0000,0.0020,0.0000
1786010322.0669,0.0000,0.0000,0.0000,0.9190,0.9470,48.0000,0.9190,0.9290,50.0000,0.0000,0.0000,0.0000
1786010322.1144,0.0000,0.0000,0.0000,0.9190,0.9340,48.0000,0.9190,0.9180,50.0000,0.0000,0.0000,0.0000
1786010322.1644,0.0000,0.0000,0.0000,0.9190,0.9230,49.0000,0.9190,0.9620,48.0000,0.0000,0.0020,0.0000
1786010322.2145,0.0000,0.0000,0.0000,0.9190,0.8870,51.0000,0.9190,0.9610,48.0000,0.0000,0.0200,0.0000
1786010322.2645,0.0000,0.0000,0.0000,0.9190,0.9120,49.0000,0.9190,0.9140,50.0000,0.0000,0.0470,0.0000
1786010322.3145,0.0000,0.0000,0.0000,0.9190,0.9300,49.0000,0.9190,0.9000,51.0000,0.0000,0.0080,0.0000
1786010322.3646,0.0000,0.0000,0.0000,0.9190,0.9170,49.0000,0.9190,0.9290,49.0000,0.0000,0.0050,0.0000
1786010322.4146,0.0000,0.0000,0.0000,0.9190,0.9220,49.0000,0.9190,0.9180,50.0000,0.0000,0.0290,0.0000
1786010322.4648,0.0000,0.0000,0.0000,0.9190,0.9350,48.0000,0.9190,0.9180,50.0000,0.0000,0.0040,0.0000
1786010322.5145,0.0000,0.0000,0.0000,0.9190,0.9420,48.0000,0.9190,0.9110,50.0000,0.0000,0.0000,0.0000
1786010322.5645,0.0000,0.0000,0.0000,0.9190,0.9470,47.0000,0.9190,0.9250,49.0000,0.0000,0.0000,0.0000
1786010322.6145,0.0000,0.0000,0.0000,0.9190,0.9290,48.0000,0.9190,0.9550,47.0000,0.0000,0.0140,0.0000
1786010322.6645,0.0000,-0.0020,0.0000,0.9190,0.8540,52.0000,0.9190,0.9460,48.0000,0.0000,0.0740,0.0000
1786010322.7146,0.0000,-0.0000,0.0000,0.9190,0.8790,51.0000,0.9190,0.9180,49.0000,0.0000,0.0880,0.0000
1786010322.7645,0.0000,-0.0000,0.0000,0.9190,0.9190,49.0000,0.9190,0.8880,51.0000,0.0000,0.0450,0.0000
1786010322.8145,0.0000,-0.0000,0.0000,0.9190,0.9160,49.0000,0.9190,0.9070,50.0000,0.0000,0.0090,0.0000
1786010322.8646,0.0000,0.0000,0.0000,0.9190,0.9100,50.0000,0.9190,0.9240,49.0000,0.0000,0.0440,0.0000
1786010322.9159,0.0000,0.0000,0.0000,0.9190,0.9370,48.0000,0.9190,0.9200,49.0000,0.0000,0.0360,0.0000
1786010322.9645,0.0000,0.0000,0.0000,0.9190,0.9520,47.0000,0.9190,0.8920,51.0000,0.0000,0.0030,0.0000
1786010323.0145,0.0000,0.0000,0.0000,0.9190,0.9460,47.0000,0.9190,0.9130,50.0000,0.0000,0.0000,0.0000
1786010323.0646,0.0000,0.0000,0.0000,0.9190,0.9150,49.0000,0.9190,0.9610,47.0000,0.0000,0.0030,0.0000
1786010323.1145,0.0000,0.0000,0.0000,0.9190,0.8950,50.0000,0.9190,0.9450,48.0000,0.0000,0.0300,0.0000
1786010323.1645,0.0000,0.0000,0.0000,0.9190,0.9380,48.0000,0.9190,0.9180,49.0000,0.0000,0.0310,0.0000
1786010323.2145,0.0000,0.0000,0.0000,0.9190,0.9240,48.0000,0.9190,0.8650,52.0000,0.0000,0.0100,0.0000
1786010323.2645,0.0000,0.0000,0.0000,0.9190,0.8880,50.0000,0.9190,0.8770,51.0000,0.0000,0.0360,0.0000
1786010323.3147,0.0000,0.0180,0.0000,0.9190,0.9130,49.0000,0.9190,0.8870,51.0000,0.0000,0.0740,0.0000
1786010323.3646,0.0000,0.0110,0.0000,0.9190,0.9330,48.0000,0.9190,0.9010,51.0000,0.0000,0.0230,0.0000
1786010323.4146,0.0000,0.0010,0.0000,0.9190,0.9390,48.0000,0.9190,0.9010,51.0000,0.0000,0.0020,0.0000
1786010323.4645,0.0000,0.0020,0.0000,0.9190,0.9500,47.0000,0.9190,0.9160,51.0000,0.0000,0.0000,0.0000
1786010323.5145,0.0000,0.0000,0.0000,0.9190,0.9400,47.0000,0.9190,0.9610,48.0000,0.0000,0.0010,0.0000
1786010323.5646,0.0000,0.0000,0.0000,0.9190,0.8680,51.0000,0.9190,0.9370,49.0000,0.0000,0.0210,0.0000
1786010323.6145,0.0000,0.0000,0.0000,0.9190,0.8910,50.0000,0.9190,0.8970,51.0000,0.0000,0.0030,0.0000
1786010323.6646,0.0000,0.0000,0.0000,0.9190,0.9290,48.0000,0.9190,0.9030,51.0000,0.0000,0.0000,0.0000
1786010323.7146,0.0000,0.0000,0.0000,0.9190,0.8990,50.0000,0.9190,0.8880,52.0000,0.0000,0.0000,0.0000
1786010323.7646,0.0000,0.0000,0.0000,0.9190,0.8990,50.0000,0.9190,0.9150,51.0000,0.0000,0.0000,0.0000
1786010323.8145,0.0000,0.0000,0.0000,0.9190,0.9220,49.0000,0.9190,0.9330,50.0000,0.0000,0.0000,0.0000
1786010323.8646,0.0000,0.0000,0.0000,0.9190,0.9300,48.0000,0.9190,0.9060,51.0000,0.0000,-0.0040,0.0000
1786010323.9145,0.0000,0.0000,0.0000,0.9190,0.9400,48.0000,0.9190,0.9060,52.0000,0.0000,-0.0010,0.0000
1786010323.9646,0.0000,0.0000,0.0000,0.9190,0.9410,48.0000,0.9190,0.9400,50.0000,0.0000,0.0020,0.0000
1786010324.0146,0.0000,0.0000,0.0000,0.9190,0.8860,51.0000,0.9190,0.9060,52.0000,0.0000,0.0360,0.0000
1786010324.0645,0.0000,-0.0000,0.0000,0.9190,0.9070,49.0000,0.9190,0.8460,55.0000,0.0000,0.1100,0.0000
1786010324.1145,0.0000,-0.0000,0.0000,0.9190,0.8820,51.0000,0.9190,0.8330,57.0000,0.0000,0.0840,0.0000
1786010324.1645,0.0000,0.0020,0.0000,0.9190,0.8960,51.0000,0.9190,0.8430,57.0000,0.0000,0.1000,0.0000
1786010324.2145,0.0000,0.0130,0.0000,0.9190,0.9190,50.0000,0.9190,0.8640,57.0000,0.0000,0.1140,0.0000
1786010324.2645,0.0000,0.0010,0.0000,0.9190,0.9230,50.0000,0.9190,0.9120,55.0000,0.0000,0.0820,0.0000
1786010324.3146,0.0000,0.0000,0.0000,0.9190,0.9220,50.0000,0.9190,0.9140,55.0000,0.0000,0.0600,0.0000
1786010324.3645,0.0000,0.0000,0.0000,0.9190,0.9470,48.0000,0.9190,0.9350,54.0000,0.0000,0.0620,0.0000
1786010324.4145,0.0000,0.0000,0.0000,0.9190,0.9650,47.0000,0.9190,0.9640,52.0000,0.0000,0.0160,0.0000
1786010324.4645,0.0000,0.0020,0.0000,0.9190,0.9400,48.0000,0.9190,0.9640,52.0000,0.0000,0.0010,0.0000
1786010324.5146,0.0000,0.0020,0.0000,0.9190,0.8990,50.0000,0.9190,0.9750,51.0000,0.0000,0.0010,0.0000
1786010324.5646,0.0000,0.0020,0.0000,0.9190,0.9050,50.0000,0.9190,0.9490,52.0000,0.0000,0.0000,0.0000
1786010324.6145,0.0000,0.0060,0.0000,0.9190,0.9230,49.0000,0.9190,0.9200,53.0000,0.0000,0.0000,0.0000
1786010324.6648,0.0000,0.0250,0.0000,0.9190,0.9270,49.0000,0.9190,0.9520,51.0000,0.0000,0.0000,0.0000
1786010324.7153,0.0000,0.0120,0.0000,0.9190,0.8960,50.0000,0.9190,0.9480,51.0000,0.0000,0.0000,0.0000
1786010324.7645,0.0000,0.0000,0.0000,0.9190,0.9070,50.0000,0.9190,0.9340,51.0000,0.0000,0.0000,0.0000
1786010324.8164,0.0000,0.0000,0.0000,0.9190,0.9600,47.0000,0.9190,0.9540,50.0000,0.0000,0.0000,0.0000
1786010324.8666,0.0000,0.0000,0.0000,0.9190,0.9530,47.0000,0.9190,0.9310,51.0000,0.0000,0.0000,0.0000
1786010324.9165,0.0000,0.0000,0.0000,0.9190,0.9290,48.0000,0.9190,0.8920,53.0000,0.0000,0.0000,0.0000
1786010324.9666,0.0000,0.0000,0.0000,0.9190,0.8910,50.0000,0.9190,0.8880,53.0000,0.0000,0.0000,0.0000
1786010325.0167,0.0000,-0.0040,0.0000,0.9190,0.8890,50.0000,0.9190,0.9090,52.0000,0.0000,0.0000,0.0000
1786010325.0678,0.0000,-0.0000,0.0000,0.9190,0.8970,50.0000,0.9190,0.8830,54.0000,0.0000,0.0000,0.0000
1786010325.1165,0.0000,0.0000,0.0000,0.9190,0.8940,51.0000,0.9190,0.8930,54.0000,0.0000,0.0000,0.0000
1786010325.1665,0.0000,0.0000,0.0000,0.9190,0.8810,52.0000,0.9190,0.9220,52.0000,0.0000,0.0000,0.0000
1786010325.2166,0.0000,-0.0000,0.0000,0.9190,0.9160,50.0000,0.9190,0.9440,51.0000,0.0000,0.0000,0.0000
1786010325.2667,0.0000,-0.0010,0.0000,0.9190,0.9400,49.0000,0.9190,0.9490,50.0000,0.0000,0.0000,0.0000
1786010325.3166,0.0000,0.0020,0.0000,0.9190,0.9300,50.0000,0.9190,0.9350,51.0000,0.0000,0.0000,0.0000
1786010325.3698,0.0000,0.0000,0.0000,0.9190,0.9130,50.0000,0.9190,0.9230,51.0000,0.0000,0.0000,0.0000
1786010325.4166,0.0000,0.0000,0.0000,0.9190,0.9150,50.0000,0.9190,0.9080,52.0000,0.0000,0.0000,0.0000
1786010325.4666,0.0000,0.0000,0.0000,0.9190,0.8970,51.0000,0.9190,0.9010,53.0000,0.0000,0.0000,0.0000
1786010325.5166,0.0000,0.0000,0.0000,0.9190,0.9080,51.0000,0.9190,0.9210,52.0000,0.0000,0.0000,0.0000
1786010325.5666,0.0000,0.0000,0.0000,0.9190,0.9110,51.0000,0.9190,0.9490,50.0000,0.0000,0.0000,0.0000
1786010325.6165,0.0000,0.0000,0.0000,0.9190,0.8980,52.0000,0.9190,0.8920,53.0000,0.0000,0.0000,0.0000
1786010325.6685,0.0000,0.0000,0.0000,0.9190,0.9000,52.0000,0.9190,0.9060,52.0000,0.0000,0.0000,0.0000
1786010325.7185,0.0000,-0.0010,0.0000,0.9190,0.9510,49.0000,0.9190,0.9620,49.0000,0.0000,0.0010,0.0000
1786010325.7685,0.0000,0.0010,0.0000,0.9190,0.9640,48.0000,0.9190,0.9330,51.0000,0.0000,0.0000,0.0000
1786010325.8186,0.0000,0.0020,0.0000,0.9190,0.9440,49.0000,0.9190,0.9140,52.0000,0.0000,0.0000,0.0000
1786010325.8694,0.0000,0.0020,0.0000,0.9190,0.9260,50.0000,0.9190,0.9160,51.0000,0.0000,0.0000,0.0000
1786010325.9186,0.0000,-0.0020,0.0000,0.9190,0.9030,51.0000,0.9190,0.8980,52.0000,0.0000,0.0000,0.0000
1786010325.9687,0.0000,0.0010,0.0000,0.9190,0.9090,50.0000,0.9190,0.8640,55.0000,0.0000,-0.0010,0.0000
1786010326.0185,0.0000,0.0020,0.0000,0.9190,0.8850,52.0000,0.9190,0.8920,54.0000,0.0000,0.0010,0.0000
1786010326.0686,0.0000,0.0000,0.0000,0.9190,0.8630,54.0000,0.9190,0.8930,54.0000,0.0000,0.0000,0.0000
1786010326.1193,0.0000,0.0000,0.0000,0.9190,0.9080,52.0000,0.9190,0.9360,52.0000,0.0000,0.0000,0.0000
1786010326.1686,0.0000,0.0000,0.0000,0.9190,0.9680,48.0000,0.9190,0.9570,51.0000,0.0000,0.0000,0.0000
1786010326.2186,0.0000,0.0000,0.0000,0.9190,0.9700,48.0000,0.9190,0.9460,51.0000,0.0000,0.0000,0.0000
1786010326.2685,0.0000,-0.0000,0.0000,0.9190,0.9790,47.0000,0.9190,0.9560,50.0000,0.0000,0.0000,0.0000
1786010326.3189,0.0000,0.0020,0.0000,0.9190,0.9560,47.0000,0.9190,0.9570,50.0000,0.0000,0.0000,0.0000
1786010326.3686,0.0000,0.0030,0.0000,0.9190,0.9210,49.0000,0.9190,0.8910,53.0000,0.0000,0.0000,0.0000
1786010326.4186,0.0000,-0.0010,0.0000,0.9190,0.9090,50.0000,0.9190,0.8910,53.0000,0.0000,0.0000,0.0000
1786010326.4686,0.0000,-0.0000,0.0000,0.9190,0.9130,49.0000,0.9190,0.9250,51.0000,0.0000,0.0000,0.0000
1786010326.5186,0.0000,0.0000,0.0000,0.9190,0.8780,51.0000,0.9190,0.8920,53.0000,0.0000,0.0000,0.0000
1786010326.5686,0.0000,-0.0020,0.0000,0.9190,0.8990,51.0000,0.9190,0.9220,52.0000,0.0000,0.0000,0.0000
1786010326.6199,0.0000,-0.0000,0.0000,0.9190,0.9540,48.0000,0.9190,0.9810,48.0000,0.0000,0.0000,0.0000
1786010326.6696,0.0000,0.0000,0.0000,0.9190,0.9720,46.0000,0.9190,0.9390,51.0000,0.0000,0.0000,0.0000
1786010326.7198,0.0000,0.0000,0.0000,0.9190,0.9680,46.0000,0.9190,0.9140,52.0000,0.0000,0.0000,0.0000
1786010326.7696,0.0000,0.0000,0.0000,0.9190,0.9390,47.0000,0.9190,0.9460,50.0000,0.0000,0.0000,0.0000
1786010326.8196,0.0000,0.0000,0.0000,0.9190,0.9190,48.0000,0.9190,0.9300,50.0000,0.0000,0.0000,0.0000
1786010326.8696,0.0000,0.0000,0.0000,0.9190,0.9130,48.0000,0.9190,0.8590,55.0000,0.0000,0.0000,0.0000
1786010326.9196,0.0000,-0.0000,0.0000,0.9190,0.8740,51.0000,0.9190,0.8700,54.0000,0.0000,0.0000,0.0000
1786010326.9706,0.0000,0.0010,0.0000,0.9190,0.9020,49.0000,0.9190,0.9220,52.0000,0.0000,0.0100,0.0000
1786010327.0196,0.0000,0.0000,0.0000,0.9190,0.9100,49.0000,0.9190,0.9070,53.0000,0.0000,0.0010,0.0000
1786010327.0696,0.0000,-0.0040,0.0000,0.9190,0.9220,49.0000,0.9190,0.9460,51.0000,0.0000,0.0000,0.0000
1786010327.1196,-0.4800,-0.1510,-41.0000,0.6560,0.7860,33.0000,0.6560,0.8400,33.0000,-0.4800,-0.1040,-45.0000
1786010327.1697,-0.1200,-0.3190,-1.0000,0.1760,0.5560,-1.0000,0.1760,0.5820,1.0000,-0.1200,-0.2870,-3.0000
1786010327.2196,0.0000,-0.0240,0.0000,0.0000,0.0670,0.0000,0.0000,0.0850,0.0000,0.0000,-0.0210,0.0000
1786010327.2696,0.0000,-0.0020,0.0000,0.0000,0.0050,0.0000,0.0000,0.0060,0.0000,0.0000,-0.0020,0.0000
1786010327.3196,0.0000,-0.0000,0.0000,0.0000,0.0000,0.0000,0.0000,0.0000,0.0000,0.0000,-0.0000,0.0000
1786010327.3696,0.0000,-0.0000,0.0000,0.0000,0.0000,0.0000,0.0000,0.0000,0.0000,0.0000,-0.0000,0.0000
1786010327.4196,0.0000,-0.0000,0.0000,0.0000,0.0000,0.0000,0.0000,0.0000,0.0000,0.0000,0.0030,0.0000
1786010327.4696,0.0000,-0.0000,0.0000,0.0000,0.0000,0.0000,0.0000,0.0000,0.0000,0.0000,0.0070,0.0000
1786010327.5196,0.0000,-0.0000,0.0000,0.0000,0.0000,0.0000,0.0000,-0.0000,0.0000,0.0000,0.0010,0.0000
1786010327.5696,0.0000,-0.0000,0.0000,0.0000,0.0000,0.0000,0.0000,-0.0000,0.0000,0.0000,0.0000,0.0000
1786010327.6196,0.0000,-0.0000,0.0000,0.0000,0.0000,0.0000,0.0000,-0.0000,0.0000,0.0000,0.0000,0.0000
1786010327.6698,0.3600,0.0800,35.0000,-0.3600,-0.0770,-35.0000,-0.3600,-0.0650,-36.0000,0.3600,0.0850,35.0000
1786010327.7197,0.9190,0.6730,54.0000,-0.2400,-0.5530,-2.0000,-0.2400,-0.5510,-2.0000,0.9190,0.6600,55.0000
1786010327.7697,0.9190,0.9010,46.0000,0.0000,-0.0280,0.0000,0.0000,-0.0810,0.0000,0.9190,0.9010,47.0000
1786010327.8197,0.9190,0.8190,53.0000,0.0000,-0.0020,0.0000,0.0000,0.0190,0.0000,0.9190,0.8050,55.0000
1786010327.8696,0.9190,0.9010,49.0000,0.0000,0.0010,0.0000,0.0000,0.0020,0.0000,0.9190,0.8280,55.0000
1786010327.9197,0.9190,0.9530,47.0000,0.0000,0.0470,0.0000,0.0000,0.0000,0.0000,0.9190,0.8350,56.0000
1786010327.9696,0.9190,0.9820,45.0000,0.0000,0.0500,0.0000,0.0000,0.0160,0.0000,0.9190,0.9210,51.0000
1786010328.0196,0.9190,0.9620,46.0000,0.0000,0.0430,0.0000,0.0000,0.0290,0.0000,0.9190,0.9350,51.0000
1786010328.0696,0.9190,0.9520,46.0000,0.0000,0.0900,0.0000,0.0000,0.0820,0.0000,0.9190,0.9730,49.0000
1786010328.1196,0.9190,0.8960,48.0000,0.0000,0.0570,0.0000,0.0000,0.0110,0.0000,0.9190,0.9600,49.0000
1786010328.1696,0.9190,0.9000,48.0000,0.0000,0.0050,0.0000,0.0000,-0.0010,0.0000,0.9190,0.9810,47.0000
1786010328.2197,0.9190,0.9210,47.0000,0.0000,0.0000,0.0000,0.0000,-0.0000,0.0000,0.9190,0.9710,47.0000
1786010328.2697,0.9190,0.9260,47.0000,0.0000,0.0000,0.0000,0.0000,-0.0030,0.0000,0.9190,0.9550,47.0000
1786010328.3196,0.9190,0.9350,46.0000,0.0000,0.0000,0.0000,0.0000,0.0020,0.0000,0.9190,0.9120,49.0000
1786010328.3697,0.9190,0.9130,47.0000,0.0000,0.0000,0.0000,0.0000,0.0000,0.0000,0.9190,0.8900,50.0000
1786010328.4196,0.9190,0.9390,46.0000,0.0000,0.0000,0.0000,0.0000,0.0030,0.0000,0.9190,0.9140,49.0000
1786010328.4697,0.9190,0.9210,47.0000,0.0000,0.0070,0.0000,0.0000,0.0000,0.0000,0.9190,0.9560,47.0000
1786010328.5196,0.9190,0.9180,47.0000,0.0000,0.0010,0.0000,0.0000,0.0000,0.0000,0.9190,0.9520,47.0000
1786010328.5696,0.9190,0.9180,47.0000,0.0000,0.0010,0.0000,0.0000,0.0000,0.0000,0.9190,0.9570,46.0000
1786010328.6196,0.9190,0.9240,47.0000,0.0000,0.0080,0.0000,0.0000,0.0000,0.0000,0.9190,0.9730,45.0000
1786010328.6697,0.9190,0.9150,47.0000,0.0000,0.0010,0.0000,0.0000,0.0000,0.0000,0.9190,0.9570,45.0000
1786010328.7197,0.9190,0.9140,47.0000,0.0000,0.0000,0.0000,0.0000,0.0000,0.0000,0.9190,0.9280,46.0000
1786010328.7697,0.9190,0.9190,47.0000,0.0000,0.0000,0.0000,0.0000,0.0000,0.0000,0.9190,0.8790,49.0000
1786010328.8197,0.9190,0.9030,48.0000,0.0000,0.0000,0.0000,0.0000,0.0000,0.0000,0.9190,0.8540,51.0000
1786010328.8697,0.9190,0.9090,48.0000,0.0000,0.0000,0.0000,0.0000,0.0000,0.0000,0.9190,0.8890,49.0000
1786010328.9197,0.9190,0.9250,47.0000,0.0000,0.0010,0.0000,0.0000,0.0000,0.0000,0.9190,0.9330,47.0000
1786010328.9698,0.9190,0.9380,46.0000,0.0000,0.0000,0.0000,0.0000,0.0000,0.0000,0.9190,0.9420,47.0000
1786010329.0196,0.9190,0.9280,47.0000,0.0000,0.0000,0.0000,0.0000,0.0000,0.0000,0.9190,0.9540,46.0000
1786010329.0696,0.9190,0.9150,48.0000,0.0000,0.0020,0.0000,0.0000,0.0000,0.0000,0.9190,0.9560,46.0000
1786010329.1196,0.9190,0.9280,47.0000,0.0000,0.0000,0.0000,0.0000,0.0000,0.0000,0.9190,0.9450,46.0000
1786010329.1697,0.9190,0.9230,47.0000,0.0000,0.0000,0.0000,0.0000,-0.0010,0.0000,0.9190,0.8750,50.0000
1786010329.2197,0.9190,0.9060,48.0000,0.0000,0.0000,0.0000,0.0000,0.0020,0.0000,0.9190,0.8270,53.0000
1786010329.2698,0.9190,0.9130,48.0000,0.0000,-0.0000,0.0000,0.0000,0.0000,0.0000,0.9190,0.8310,53.0000
1786010329.3197,0.9190,0.9090,48.0000,0.0000,-0.0000,0.0000,0.0000,0.0000,0.0000,0.9190,0.8860,51.0000
1786010329.3697,0.9190,0.9400,46.0000,0.0000,0.0010,0.0000,0.0000,0.0000,0.0000,0.9190,0.9780,46.0000
1786010329.4196,0.9190,0.9620,45.0000,0.0000,0.0000,0.0000,0.0000,0.0000,0.0000,0.9190,0.9690,46.0000
1786010329.4704,0.9190,0.9530,45.0000,0.0000,0.0000,0.0000,0.0000,0.0000,0.0000,0.9190,0.9890,45.0000
1786010329.5196,0.9190,0.9130,47.0000,0.0000,0.0000,0.0000,0.0000,-0.0010,0.0000,0.9190,0.9890,44.0000
1786010329.5697,0.9190,0.8940,48.0000,0.0000,0.0000,0.0000,0.0000,-0.0090,0.0000,0.9190,0.9380,46.0000
1786010329.6197,0.9190,0.8840,49.0000,0.0000,0.0000,0.0000,0.0000,-0.0010,0.0000,0.9190,0.8870,49.0000
1786010329.6697,0.9190,0.9020,48.0000,0.0000,0.0000,0.0000,0.0000,-0.0000,0.0000,0.9190,0.8420,51.0000
1786010329.7203,0.9190,0.8890,49.0000,0.0000,0.0000,0.0000,0.0000,0.0020,0.0000,0.9190,0.8230,53.0000
1786010329.7697,0.9190,0.8640,51.0000,0.0000,0.0000,0.0000,0.0000,0.0050,0.0000,0.9190,0.8190,54.0000
1786010329.8196,0.9190,0.8820,50.0000,0.0000,0.0000,0.0000,0.0000,0.0000,0.0000,0.9190,0.9050,51.0000
1786010329.8698,0.9190,0.8890,50.0000,0.0000,0.0000,0.0000,0.0000,0.0000,0.0000,0.9190,0.9460,49.0000
1786010329.9197,0.9190,0.9040,50.0000,0.0000,0.0000,0.0000,0.0000,0.0000,0.0000,0.9190,0.9560,48.0000
1786010329.9698,0.9190,0.9220,49.0000,0.0000,0.0000,0.0000,0.0000,-0.0000,0.0000,0.9190,0.9320,49.0000
1786010330.0197,0.9190,0.9350,48.0000,0.0000,0.0000,0.0000,0.0000,-0.0000,0.0000,0.9190,0.9620,47.0000
1786010330.0697,0.9190,0.9320,48.0000,0.0000,0.0000,0.0000,0.0000,-0.0000,0.0000,0.9190,0.9610,46.0000
1786010330.1196,0.9190,0.9340,48.0000,0.0000,0.0000,0.0000,0.0000,-0.0000,0.0000,0.9190,0.9620,46.0000
1786010330.1703,0.9190,0.9640,46.0000,0.0000,0.0000,0.0000,0.0000,-0.0000,0.0000,0.9190,0.9470,46.0000
1786010330.2198,0.9190,0.9220,48.0000,0.0000,0.0000,0.0000,0.0000,-0.0000,0.0000,0.9190,0.9180,47.0000
1786010330.2697,0.9190,0.8990,49.0000,0.0000,0.0000,0.0000,0.0000,0.0010,0.0000,0.9190,0.8940,49.0000
1786010330.3198,0.9190,0.9260,48.0000,0.0000,0.0060,0.0000,0.0000,0.0000,0.0000,0.9190,0.8900,49.0000
1786010330.3697,0.9190,0.9020,49.0000,0.0000,0.0180,0.0000,0.0000,0.0000,0.0000,0.9190,0.9230,47.0000
1786010330.4197,0.9190,0.9100,49.0000,0.0000,0.0030,0.0000,0.0000,0.0000,0.0000,0.9190,0.9310,47.0000
1786010330.4704,0.9190,0.9330,48.0000,0.0000,0.0000,0.0000,0.0000,-0.0030,0.0000,0.9190,0.9490,46.0000
1786010330.5197,0.9190,0.9510,46.0000,0.0000,0.0000,0.0000,0.0000,-0.0000,0.0000,0.9190,0.9620,45.0000
1786010330.5704,0.9190,0.9360,47.0000,0.0000,-0.0010,0.0000,0.0000,-0.0000,0.0000,0.9190,0.8580,51.0000
1786010330.6197,0.9190,0.9220,48.0000,0.0000,-0.0030,0.0000,0.0000,-0.0000,0.0000,0.9190,0.8460,52.0000
1786010330.6703,0.9190,0.9170,48.0000,0.0000,-0.0000,0.0000,0.0000,0.0010,0.0000,0.9190,0.8920,50.0000
1786010330.7203,0.9190,0.9150,48.0000,0.0000,-0.0000,0.0000,0.0000,0.0000,0.0000,0.9190,0.9380,47.0000
1786010330.7697,0.9190,0.9340,47.0000,0.0000,-0.0000,0.0000,0.0000,0.0000,0.0000,0.9190,0.9880,45.0000
1786010330.8197,0.9190,0.9260,47.0000,0.0000,0.0000,0.0000,0.0000,0.0000,0.0000,0.9190,0.9710,45.0000
1786010330.8710,0.9190,0.9300,47.0000,0.0000,0.0000,0.0000,0.0000,0.0000,0.0000,0.9190,0.9480,46.0000
1786010330.9206,0.9190,0.9210,47.0000,0.0000,0.0000,0.0000,0.0000,0.0000,0.0000,0.9190,0.9150,47.0000
1786010330.9708,0.9190,0.9220,47.0000,0.0000,-0.0000,0.0000,0.0000,0.0000,0.0000,0.9190,0.8840,49.0000
1786010331.0207,0.9190,0.9280,47.0000,0.0000,-0.0000,0.0000,0.0000,0.0000,0.0000,0.9190,0.9000,48.0000
1786010331.0707,0.9190,0.9470,46.0000,0.0000,0.0000,0.0000,0.0000,0.0000,0.0000,0.9190,0.9210,47.0000
1786010331.1217,0.9190,0.9310,47.0000,0.0000,-0.0000,0.0000,0.0000,0.0000,0.0000,0.9190,0.9610,45.0000
1786010331.1706,0.9190,0.9450,46.0000,0.0000,-0.0000,0.0000,0.0000,0.0000,0.0000,0.9190,0.9270,47.0000
1786010331.2208,0.9190,0.9180,47.0000,0.0000,-0.0000,0.0000,0.0000,0.0000,0.0000,0.9190,0.9110,48.0000
1786010331.2714,0.9190,0.9030,48.0000,0.0000,-0.0000,0.0000,0.0000,0.0020,0.0000,0.9190,0.8700,50.0000
1786010331.3213,0.9190,0.8880,49.0000,0.0000,0.0010,0.0000,0.0000,0.0000,0.0000,0.9190,0.8750,50.0000
1786010331.3708,0.9190,0.9020,48.0000,0.0000,0.0000,0.0000,0.0000,0.0000,0.0000,0.9190,0.8970,49.0000
1786010331.4208,0.9190,0.9380,46.0000,0.0000,0.0000,0.0000,0.0000,-0.0020,0.0000,0.9190,0.9380,47.0000
1786010331.4716,0.9190,0.9340,47.0000,0.0000,-0.0000,0.0000,0.0000,-0.0000,0.0000,0.9190,0.9060,49.0000
1786010331.5207,0.9190,0.9270,47.0000,0.0000,0.0000,0.0000,0.0000,-0.0000,0.0000,0.9190,0.9010,50.0000
1786010331.5708,0.9190,0.9100,48.0000,0.0000,-0.0010,0.0000,0.0000,0.0000,0.0000,0.9190,0.8850,51.0000
1786010331.6207,0.9190,0.8950,49.0000,0.0000,-0.0000,0.0000,0.0000,0.0020,0.0000,0.9190,0.8970,50.0000
1786010331.6719,0.9190,0.9090,48.0000,0.0000,0.0010,0.0000,0.0000,0.0000,0.0000,0.9190,0.9350,48.0000
1786010331.7208,0.9190,0.9350,47.0000,0.0000,0.0010,0.0000,0.0000,0.0000,0.0000,0.9190,0.9510,47.0000
1786010331.7708,0.9190,0.9290,47.0000,0.0000,0.0000,0.0000,0.0000,0.0000,0.0000,0.9190,0.9250,49.0000
1786010331.8213,0.9190,0.9060,48.0000,0.0000,0.0000,0.0000,0.0000,0.0000,0.0000,0.9190,0.9220,49.0000
1786010331.8708,0.9190,0.9100,48.0000,0.0000,0.0000,0.0000,0.0000,0.0000,0.0000,0.9190,0.9170,49.0000
1786010331.9207,0.9190,0.9380,46.0000,0.0000,-0.0010,0.0000,0.0000,0.0000,0.0000,0.9190,0.9240,48.0000
1786010331.9708,0.9190,0.9200,47.0000,0.0000,-0.0000,0.0000,0.0000,0.0000,0.0000,0.9190,0.9060,49.0000
1786010332.0208,0.9190,0.9050,48.0000,0.0000,-0.0010,0.0000,0.0000,0.0000,0.0000,0.9190,0.8810,51.0000
1786010332.0714,0.9190,0.9040,48.0000,0.0000,-0.0000,0.0000,0.0000,0.0000,0.0000,0.9190,0.8900,50.0000
1786010332.1213,0.9190,0.9240,47.0000,0.0000,0.0020,0.0000,0.0000,0.0000,0.0000,0.9190,0.9330,48.0000
1786010332.1707,0.9190,0.9120,47.0000,0.0000,0.0000,0.0000,0.0000,0.0000,0.0000,0.9190,0.9280,49.0000
1786010332.2207,0.9190,0.9080,48.0000,0.0000,0.0000,0.0000,0.0000,0.0000,0.0000,0.9190,0.8980,50.0000
1786010332.2707,0.9190,0.9150,47.0000,0.0000,0.0000,0.0000,0.0000,-0.0010,0.0000,0.9190,0.9170,49.0000
1786010332.3208,0.9190,0.9150,47.0000,0.0000,0.0000,0.0000,0.0000,-0.0000,0.0000,0.9190,0.9310,48.0000
1786010332.3708,0.9190,0.9340,46.0000,0.0000,0.0000,0.0000,0.0000,-0.0000,0.0000,0.9190,0.9260,49.0000
1786010332.4207,0.9190,0.9220,47.0000,0.0000,0.0000,0.0000,0.0000,-0.0000,0.0000,0.9190,0.8710,52.0000
1786010332.4715,0.9190,0.9120,47.0000,0.0000,0.0000,0.0000,0.0000,0.0010,0.0000,0.9190,0.8590,53.0000
1786010332.5214,0.9190,0.9030,48.0000,0.0000,-0.0010,0.0000,0.0000,0.0000,0.0000,0.9190,0.8690,53.0000
1786010332.5708,0.9190,0.9090,48.0000,0.0000,-0.0000,0.0000,0.0000,0.0000,0.0000,0.9190,0.9240,50.0000
1786010332.6207,0.9190,0.9550,45.0000,0.0000,0.0000,0.0000,0.0000,0.0000,0.0000,0.9190,0.9640,48.0000
1786010332.6708,0.9190,0.9620,45.0000,0.0000,0.0000,0.0000,0.0000,0.0000,0.0000,0.9190,0.9390,49.0000
1786010332.7207,0.9190,0.9220,47.0000,0.0000,0.0000,0.0000,0.0000,0.0000,0.0000,0.9190,0.9280,49.0000
1786010332.7708,0.9190,0.9310,46.0000,0.0000,0.0000,0.0000,0.0000,0.0000,0.0000,0.9190,0.9370,49.0000
1786010332.8207,0.9190,0.9380,45.0000,0.0000,0.0000,0.0000,0.0000,0.0000,0.0000,0.9190,0.9500,48.0000
1786010332.8707,0.9190,0.9340,45.0000,0.0000,0.0000,0.0000,0.0000,-0.0010,0.0000,0.9190,0.9340,48.0000
1786010332.9208,0.9190,0.9140,46.0000,0.0000,0.0000,0.0000,0.0000,-0.0000,0.0000,0.9190,0.8840,51.0000
1786010332.9708,0.9190,0.9020,47.0000,0.0000,0.0000,0.0000,0.0000,0.0010,0.0000,0.9190,0.8990,50.0000
1786010333.0207,0.9190,0.9160,46.0000,0.0000,0.0000,0.0000,0.0000,0.0000,0.0000,0.9190,0.9320,49.0000
1786010333.0707,0.9190,0.9230,46.0000,0.0000,0.0000,0.0000,0.0000,0.0000,0.0000,0.9190,0.9270,49.0000
1786010333.1208,0.9190,0.9130,47.0000,0.0000,0.0010,0.0000,0.0000,0.0000,0.0000,0.9190,0.9070,50.0000
1786010333.1707,0.9190,0.9200,46.0000,0.0000,0.0010,0.0000,0.0000,0.0000,0.0000,0.9190,0.9120,50.0000
1786010333.2208,0.9190,0.9280,46.0000,0.0000,0.0000,0.0000,0.0000,0.0000,0.0000,0.9190,0.9210,50.0000
1786010333.2708,0.9190,0.9200,47.0000,0.0000,0.0000,0.0000,0.0000,0.0000,0.0000,0.9190,0.9300,49.0000
1786010333.3208,0.9190,0.9350,46.0000,0.0000,0.0000,0.0000,0.0000,0.0000,0.0000,0.9190,0.9350,49.0000
1786010333.3708,0.9190,0.9300,46.0000,0.0000,0.0000,0.0000,0.0000,0.0000,0.0000,0.9190,0.8930,51.0000
1786010333.4208,0.9190,0.9090,47.0000,0.0000,-0.0010,0.0000,0.0000,0.0000,0.0000,0.9190,0.9080,51.0000
1786010333.4717,0.9190,0.9240,46.0000,0.0000,-0.0000,0.0000,0.0000,0.0000,0.0000,0.9190,0.9450,49.0000
1786010333.5208,0.9190,0.9370,45.0000,0.0000,0.0000,0.0000,0.0000,0.0000,0.0000,0.9190,0.9320,49.0000
1786010333.5708,0.9190,0.9130,47.0000,0.0000,0.0000,0.0000,0.0000,0.0000,0.0000,0.9190,0.9260,50.0000
1786010333.6208,0.9190,0.9120,47.0000,0.0000,0.0000,0.0000,0.0000,0.0000,0.0000,0.9190,0.9170,50.0000
1786010333.6708,0.9190,0.9340,45.0000,0.0000,0.0000,0.0000,0.0000,0.0000,0.0000,0.9190,0.9400,49.0000
1786010333.7208,0.9190,0.9250,46.0000,0.0000,0.0000,0.0000,0.0000,-0.0020,0.0000,0.9190,0.9410,48.0000
1786010333.7709,0.9190,0.9120,46.0000,0.0000,0.0000,0.0000,0.0000,-0.0000,0.0000,0.9190,0.9010,50.0000
1786010333.8208,0.9190,0.9140,46.0000,0.0000,0.0000,0.0000,0.0000,0.0020,0.0000,0.9190,0.8450,54.0000
1786010333.8708,0.9190,0.8990,47.0000,0.0000,0.0000,0.0000,0.0000,0.0000,0.0000,0.9190,0.8730,53.0000
1786010333.9207,0.9190,0.8990,47.0000,0.0000,0.0000,0.0000,0.0000,0.0000,0.0000,0.9190,0.9320,50.0000
1786010333.9709,0.9190,0.9180,47.0000,0.0000,0.0010,0.0000,0.0000,0.0000,0.0000,0.9190,0.9590,48.0000
1786010334.0208,0.9190,0.9140,47.0000,0.0000,0.0000,0.0000,0.0000,0.0000,0.0000,0.9190,0.9460,49.0000
1786010334.0708,0.9190,0.9220,46.0000,0.0000,0.0000,0.0000,0.0000,0.0000,0.0000,0.9190,0.9600,47.0000
1786010334.1208,0.9190,0.9320,46.0000,0.0000,0.0000,0.0000,0.0000,0.0000,0.0000,0.9190,0.9490,48.0000
1786010334.1708,0.9190,0.9300,46.0000,0.0000,0.0000,0.0000,0.0000,0.0000,0.0000,0.9190,0.9530,47.0000
1786010334.2208,0.9190,0.9240,46.0000,0.0000,0.0000,0.0000,0.0000,-0.0000,0.0000,0.9190,0.9060,49.0000
1786010334.2708,0.9190,0.9250,46.0000,0.0000,0.0000,0.0000,0.0000,-0.0000,0.0000,0.9190,0.8460,53.0000
1786010334.3208,0.9190,0.9110,47.0000,0.0000,-0.0000,0.0000,0.0000,0.0010,0.0000,0.9190,0.8600,52.0000
1786010334.3709,0.9190,0.9070,47.0000,0.0000,-0.0000,0.0000,0.0000,0.0000,0.0000,0.9190,0.9370,49.0000
1786010334.4211,0.9190,0.9150,46.0000,0.0000,0.0000,0.0000,0.0000,0.0000,0.0000,0.9190,0.9120,50.0000
1786010334.4709,0.9190,0.8900,48.0000,0.0000,0.0000,0.0000,0.0000,-0.0010,0.0000,0.9190,0.9340,49.0000
1786010334.5209,0.9190,0.9130,47.0000,0.0000,0.0000,0.0000,0.0000,-0.0000,0.0000,0.9190,0.9090,50.0000
1786010334.5708,0.9190,0.9330,46.0000,0.0000,0.0000,0.0000,0.0000,-0.0000,0.0000,0.9190,0.9170,50.0000
1786010334.6208,0.9190,0.9260,46.0000,0.0000,0.0000,0.0000,0.0000,0.0010,0.0000,0.9190,0.9530,48.0000
1786010334.6708,0.9190,0.9270,46.0000,0.0000,0.0000,0.0000,0.0000,0.0000,0.0000,0.9190,0.9250,49.0000
1786010334.7214,0.9190,0.9420,45.0000,0.0000,0.0000,0.0000,0.0000,0.0000,0.0000,0.9190,0.8890,51.0000
1786010334.7709,0.9190,0.9230,46.0000,0.0000,0.0000,0.0000,0.0000,0.0000,0.0000,0.9190,0.8730,52.0000
1786010334.8209,0.9190,0.8920,48.0000,0.0000,-0.0000,0.0000,0.0000,0.0000,0.0000,0.9190,0.9050,51.0000
1786010334.8709,0.9190,0.9070,47.0000,0.0000,-0.0000,0.0000,0.0000,0.0000,0.0000,0.9190,0.9260,50.0000
1786010334.9208,0.9190,0.9300,46.0000,0.0000,0.0000,0.0000,0.0000,0.0000,0.0000,0.9190,0.9490,49.0000
1786010334.9710,0.9190,0.9140,47.0000,0.0000,0.0000,0.0000,0.0000,0.0000,0.0000,0.9190,0.9370,49.0000
1786010335.0209,0.9190,0.9200,46.0000,0.0000,0.0000,0.0000,0.0000,0.0000,0.0000,0.9190,0.9230,50.0000
1786010335.0709,0.9190,0.9400,45.0000,0.0000,0.0000,0.0000,0.0000,0.0000,0.0000,0.9190,0.9390,49.0000
1786010335.1222,0.9190,0.9340,46.0000,0.0000,0.0000,0.0000,0.0000,-0.0010,0.0000,0.9190,0.9290,49.0000
1786010335.1708,0.9190,0.9300,46.0000,0.0000,0.0000,0.0000,0.0000,-0.0000,0.0000,0.9190,0.9010,51.0000
1786010335.2208,0.9190,0.9150,46.0000,0.0000,0.0000,0.0000,0.0000,0.0020,0.0000,0.9190,0.8840,52.0000
1786010335.2708,0.9190,0.9010,47.0000,0.0000,0.0000,0.0000,0.0000,0.0000,0.0000,0.9190,0.9200,50.0000
1786010335.3209,0.9190,0.9090,47.0000,0.0000,-0.0000,0.0000,0.0000,0.0000,0.0000,0.9190,0.9720,47.0000
1786010335.3709,0.9190,0.9240,46.0000,0.0000,0.0000,0.0000,0.0000,0.0000,0.0000,0.9190,0.9560,48.0000
1786010335.4207,0.9190,0.9170,46.0000,0.0000,0.0000,0.0000,0.0000,0.0000,0.0000,0.9190,0.9350,49.0000
1786010335.4709,0.9190,0.9150,47.0000,0.0000,0.0000,0.0000,0.0000,-0.0010,0.0000,0.9190,0.9270,49.0000
1786010335.5214,0.9190,0.9290,46.0000,0.0000,0.0000,0.0000,0.0000,-0.0000,0.0000,0.9190,0.9570,47.0000
1786010335.5708,0.9190,0.9180,46.0000,0.0000,0.0000,0.0000,0.0000,-0.0000,0.0000,0.9190,0.9160,49.0000
1786010335.6208,0.9190,0.9200,46.0000,0.0000,0.0000,0.0000,0.0000,-0.0000,0.0000,0.9190,0.8900,50.0000
1786010335.6714,0.9190,0.9100,47.0000,0.0000,0.0000,0.0000,0.0000,0.0010,0.0000,0.9190,0.8850,51.0000
1786010335.7208,0.9190,0.9040,47.0000,0.0000,0.0000,0.0000,0.0000,0.0000,0.0000,0.9190,0.8920,51.0000
1786010335.7709,0.9190,0.9040,47.0000,0.0000,0.0000,0.0000,0.0000,0.0000,0.0000,0.9190,0.9340,48.0000
1786010335.8208,0.9190,0.9130,47.0000,0.0000,0.0000,0.0000,0.0000,0.0000,0.0000,0.9190,0.9360,48.0000
1786010335.8709,0.9190,0.9190,47.0000,0.0000,0.0000,0.0000,0.0000,0.0000,0.0000,0.9190,0.9320,48.0000
1786010335.9209,0.9190,0.9140,47.0000,0.0000,0.0000,0.0000,0.0000,0.0000,0.0000,0.9190,0.9250,49.0000
1786010335.9712,0.9190,0.9450,45.0000,0.0000,0.0000,0.0000,0.0000,0.0000,0.0000,0.9190,0.9520,47.0000
1786010336.0209,0.9190,0.9480,45.0000,0.0000,-0.0010,0.0000,0.0000,0.0000,0.0000,0.9190,0.9190,48.0000
1786010336.0708,0.9190,0.9120,47.0000,0.0000,-0.0010,0.0000,0.0000,0.0000,0.0000,0.9190,0.8750,51.0000
1786010336.1209,0.9190,0.9170,46.0000,0.0000,-0.0000,0.0000,0.0000,0.0000,0.0000,0.9190,0.8830,51.0000
1786010336.1709,0.9190,0.9140,46.0000,0.0000,0.0000,0.0000,0.0000,0.0000,0.0000,0.9190,0.8850,51.0000
1786010336.2210,0.9190,0.9090,47.0000,0.0000,0.0000,0.0000,0.0000,0.0020,0.0000,0.9190,0.9350,48.0000
1786010336.2710,0.9190,0.9450,45.0000,0.0000,-0.0000,0.0000,0.0000,0.0000,0.0000,0.9190,0.9610,47.0000
1786010336.3210,0.9190,0.9400,45.0000,0.0000,-0.0000,0.0000,0.0000,0.0000,0.0000,0.9190,0.9290,48.0000
1786010336.3715,0.9190,0.9240,45.0000,0.0000,0.0010,0.0000,0.0000,0.0000,0.0000,0.9190,0.9140,49.0000
1786010336.4209,0.6790,0.8620,28.0000,0.0000,0.0000,0.0000,0.0000,-0.0010,0.0000,0.6790,0.8650,31.0000
1786010336.4709,0.0790,0.4030,-7.0000,0.0000,0.0000,0.0000,0.0000,-0.0000,0.0000,0.0790,0.4750,-9.0000
1786010336.5208,0.0000,0.0290,0.0000,0.0000,0.0000,0.0000,0.0000,-0.0000,0.0000,0.0000,0.0460,0.0000
1786010336.5709,0.0000,0.0020,0.0000,0.0000,-0.0000,0.0000,0.0000,-0.0000,0.0000,0.0000,0.0040,0.0000
1786010336.6209,0.0000,-0.0000,0.0000,0.0000,-0.0010,0.0000,0.0000,-0.0080,0.0000,0.0000,-0.0010,0.0000
1786010336.6709,-0.6000,-0.3730,-40.0000,0.0000,-0.0000,0.0000,0.0000,-0.0040,0.0000,-0.6000,-0.3420,-42.0000
1786010336.7210,-0.9190,-0.8820,-44.0000,0.0000,-0.0000,0.0000,0.0000,-0.0050,0.0000,-0.9190,-0.9080,-43.0000
1786010336.7710,-0.9190,-0.7360,-57.0000,0.0000,-0.0030,0.0000,0.0000,-0.0070,0.0000,-0.9190,-0.7730,-55.0000
1786010336.8210,-0.9190,-0.8990,-49.0000,0.0000,-0.0430,0.0000,0.0000,-0.0190,0.0000,-0.9190,-0.9030,-49.0000
1786010336.8710,-0.9190,-0.9480,-47.0000,0.0000,-0.0080,0.0000,0.0000,-0.0060,0.0000,-0.9190,-0.9790,-46.0000
1786010336.9210,-0.9190,-0.9130,-49.0000,0.0000,-0.0010,0.0000,0.0000,-0.0000,0.0000,-0.9190,-0.9840,-45.0000
1786010336.9710,-0.9190,-0.8750,-51.0000,0.0000,-0.0000,0.0000,0.0000,-0.0000,0.0000,-0.9190,-0.9330,-47.0000
1786010337.0210,-0.9190,-0.8990,-50.0000,0.0000,-0.0030,0.0000,0.0000,-0.0000,0.0000,-0.9190,-0.9260,-48.0000
1786010337.0711,-0.9190,-0.9760,-46.0000,0.0000,-0.1070,0.0000,0.0000,-0.0000,0.0000,-0.9190,-0.8650,-51.0000
1786010337.1209,-0.9190,-0.9630,-47.0000,0.0000,-0.1120,0.0000,0.0000,-0.0000,0.0000,-0.9190,-0.9590,-46.0000
1786010337.1720,-0.9190,-0.9280,-48.0000,0.0000,-0.0210,0.0000,0.0000,-0.0000,0.0000,-0.9190,-0.9290,-47.0000
1786010337.2220,-0.9190,-0.9420,-47.0000,0.0000,-0.0030,0.0000,0.0000,-0.0020,0.0000,-0.9190,-0.9090,-48.0000
1786010337.2720,-0.9190,-0.9200,-48.0000,0.0000,-0.0000,0.0000,0.0000,-0.0000,0.0000,-0.9190,-0.8910,-49.0000
1786010337.3227,-0.9190,-0.8960,-50.0000,0.0000,-0.0000,0.0000,0.0000,-0.0000,0.0000,-0.9190,-0.9270,-47.0000
1786010337.3734,-0.9190,-0.9100,-49.0000,0.0000,-0.0000,0.0000,0.0000,-0.0050,0.0000,-0.9190,-0.9210,-48.0000
1786010337.4230,-0.9190,-0.9290,-48.0000,0.0000,-0.0000,0.0000,0.0000,-0.0000,0.0000,-0.9190,-0.9210,-48.0000
1786010337.4751,-0.9190,-0.9240,-49.0000,0.0000,-0.0000,0.0000,0.0000,-0.0030,0.0000,-0.9190,-0.9360,-47.0000
1786010337.5257,-0.9190,-0.8930,-50.0000,0.0000,-0.0000,0.0000,0.0000,-0.0010,0.0000,-0.9190,-0.9200,-48.0000
1786010337.5760,-0.9190,-0.9210,-49.0000,0.0000,-0.0000,0.0000,0.0000,-0.0000,0.0000,-0.9190,-0.9450,-46.0000
1786010337.6268,-0.9190,-0.9200,-49.0000,0.0000,-0.0000,0.0000,0.0000,-0.0040,0.0000,-0.9190,-0.9210,-47.0000
1786010337.6760,-0.9190,-0.9110,-49.0000,0.0000,-0.0000,0.0000,0.0000,-0.0080,0.0000,-0.9190,-0.9110,-48.0000
1786010337.7260,-0.9190,-0.9230,-49.0000,0.0000,-0.0000,0.0000,0.0000,-0.0010,0.0000,-0.9190,-0.9200,-47.0000
1786010337.7762,-0.9190,-0.9050,-50.0000,0.0000,-0.0000,0.0000,0.0000,-0.0000,0.0000,-0.9190,-0.8990,-49.0000
1786010337.8260,-0.9190,-0.9030,-50.0000,0.0000,-0.0000,0.0000,0.0000,-0.0020,0.0000,-0.9190,-0.9040,-48.0000
1786010337.8761,-0.9190,-0.9200,-49.0000,0.0000,-0.0000,0.0000,0.0000,-0.0000,0.0000,-0.9190,-0.9030,-49.0000
1786010337.9266,-0.9190,-0.9300,-48.0000,0.0000,-0.0000,0.0000,0.0000,-0.0000,0.0000,-0.9190,-0.9090,-48.0000
1786010337.9761,-0.9190,-0.8950,-50.0000,0.0000,-0.0000,0.0000,0.0000,-0.0000,0.0000,-0.9190,-0.9280,-47.0000
1786010338.0281,-0.9190,-0.9110,-50.0000,0.0000,-0.0000,0.0000,0.0000,-0.0000,0.0000,-0.9190,-0.9610,-46.0000
1786010338.0781,-0.9190,-0.9270,-49.0000,0.0000,-0.0000,0.0000,0.0000,-0.0000,0.0000,-0.9190,-0.9250,-47.0000
1786010338.1300,-0.9190,-0.9020,-50.0000,0.0000,-0.0000,0.0000,0.0000,-0.0000,0.0000,-0.9190,-0.8900,-49.0000
1786010338.1781,-0.9190,-0.9110,-50.0000,0.0000,-0.0000,0.0000,0.0000,-0.0020,0.0000,-0.9190,-0.9120,-48.0000
1786010338.2281,-0.9190,-0.9120,-50.0000,0.0000,-0.0000,0.0000,0.0000,-0.0040,0.0000,-0.9190,-0.9010,-49.0000
1786010338.2781,-0.9190,-0.9130,-50.0000,0.0000,-0.0000,0.0000,0.0000,-0.0030,0.0000,-0.9190,-0.9080,-49.0000
1786010338.3280,-0.9190,-0.9260,-49.0000,0.0000,-0.0000,0.0000,0.0000,-0.0000,0.0000,-0.9190,-0.9140,-48.0000
1786010338.3787,-0.9190,-0.9380,-48.0000,0.0000,-0.0000,0.0000,0.0000,-0.0000,0.0000,-0.9190,-0.9280,-48.0000
1786010338.4281,-0.9190,-0.8990,-50.0000,0.0000,-0.0000,0.0000,0.0000,-0.0000,0.0000,-0.9190,-0.9070,-49.0000
1786010338.4781,-0.9190,-0.9020,-50.0000,0.0000,-0.0000,0.0000,0.0000,-0.0000,0.0000,-0.9190,-0.9510,-46.0000
1786010338.5281,-0.9190,-0.9330,-49.0000,0.0000,-0.0000,0.0000,0.0000,-0.0020,0.0000,-0.9190,-0.9320,-47.0000
1786010338.5782,-0.9190,-0.9360,-49.0000,0.0000,-0.0000,0.0000,0.0000,-0.0000,0.0000,-0.9190,-0.9120,-48.0000
1786010338.6284,-0.9190,-0.9190,-49.0000,0.0000,-0.0000,0.0000,0.0000,-0.0030,0.0000,-0.9190,-0.8920,-49.0000
1786010338.6781,-0.9190,-0.9130,-50.0000,0.0000,-0.0000,0.0000,0.0000,-0.0000,0.0000,-0.9190,-0.9140,-48.0000
1786010338.7283,-0.9190,-0.9130,-50.0000,0.0000,-0.0000,0.0000,0.0000,-0.0000,0.0000,-0.9190,-0.9350,-47.0000
1786010338.7781,-0.9190,-0.9470,-48.0000,0.0000,0.0000,0.0000,0.0000,-0.0020,0.0000,-0.9190,-0.9390,-47.0000
1786010338.8282,-0.9190,-0.9500,-48.0000,0.0000,0.0000,0.0000,0.0000,-0.0050,0.0000,-0.9190,-0.9250,-48.0000
1786010338.8781,-0.9190,-0.9110,-50.0000,0.0000,0.0000,0.0000,0.0000,-0.0000,0.0000,-0.9190,-0.9370,-47.0000
1786010338.9281,-0.9190,-0.9020,-50.0000,0.0000,-0.0000,0.0000,0.0000,-0.0000,0.0000,-0.9190,-0.9490,-46.0000
1786010338.9782,-0.9190,-0.9380,-48.0000,0.0000,-0.0000,0.0000,0.0000,-0.0000,0.0000,-0.9190,-0.9350,-46.0000
1786010339.0283,-0.9190,-0.9430,-48.0000,0.0000,-0.0000,0.0000,0.0000,-0.0000,0.0000,-0.9190,-0.9180,-47.0000
1786010339.0781,-0.9190,-0.9110,-50.0000,0.0000,0.0010,0.0000,0.0000,-0.0030,0.0000,-0.9190,-0.9100,-47.0000
1786010339.1282,-0.9190,-0.9090,-50.0000,0.0000,0.0000,0.0000,0.0000,-0.0000,0.0000,-0.9190,-0.8950,-48.0000
1786010339.1781,-0.9190,-0.9060,-50.0000,0.0000,0.0000,0.0000,0.0000,-0.0020,0.0000,-0.9190,-0.8990,-48.0000
1786010339.2294,-0.9190,-0.9300,-49.0000,0.0000,-0.0010,0.0000,0.0000,-0.0000,0.0000,-0.9190,-0.9000,-48.0000
1786010339.2791,-0.9190,-0.9270,-49.0000,0.0000,-0.0000,0.0000,0.0000,-0.0000,0.0000,-0.9190,-0.8930,-49.0000
1786010339.3292,-0.9190,-0.9200,-49.0000,0.0000,-0.0000,0.0000,0.0000,-0.0000,0.0000,-0.9190,-0.9240,-47.0000
1786010339.3791,-0.9190,-0.9160,-49.0000,0.0000,-0.0000,0.0000,0.0000,-0.0000,0.0000,-0.9190,-0.9570,-46.0000
1786010339.4292,-0.9190,-0.9340,-48.0000,0.0000,-0.0000,0.0000,0.0000,-0.0010,0.0000,-0.9190,-0.9710,-45.0000
1786010339.4791,-0.9190,-0.9440,-48.0000,0.0000,-0.0000,0.0000,0.0000,-0.0000,0.0000,-0.9190,-0.9410,-46.0000
1786010339.5292,-0.9190,-0.9060,-50.0000,0.0000,-0.0000,0.0000,0.0000,-0.0000,0.0000,-0.9190,-0.8950,-48.0000
1786010339.5804,-0.9190,-0.9000,-50.0000,0.0000,-0.0000,0.0000,0.0000,-0.0000,0.0000,-0.9190,-0.9040,-48.0000
1786010339.6302,-0.9190,-0.9090,-49.0000,0.0000,-0.0000,0.0000,0.0000,-0.0000,0.0000,-0.9190,-0.9180,-47.0000
1786010339.6801,-0.9190,-0.9230,-49.0000,0.0000,-0.0000,0.0000,0.0000,-0.0000,0.0000,-0.9190,-0.9180,-47.0000
1786010339.7302,-0.9190,-0.9270,-49.0000,0.0000,-0.0000,0.0000,0.0000,-0.0000,0.0000,-0.9190,-0.9110,-47.0000
1786010339.7801,-0.9190,-0.9040,-50.0000,0.0000,-0.0000,0.0000,0.0000,-0.0000,0.0000,-0.9190,-0.9300,-46.0000
1786010339.8302,-0.9190,-0.9080,-50.0000,0.0000,-0.0000,0.0000,0.0000,-0.0000,0.0000,-0.9190,-0.9300,-46.0000
1786010339.8813,-0.9190,-0.9170,-49.0000,0.0000,-0.0000,0.0000,0.0000,-0.0000,0.0000,-0.9190,-0.9210,-47.0000
1786010339.9301,-0.9190,-0.9320,-48.0000,0.0000,-0.0000,0.0000,0.0000,-0.0000,0.0000,-0.9190,-0.9310,-46.0000
1786010339.9800,-0.9190,-0.9130,-49.0000,0.0000,-0.0000,0.0000,0.0000,-0.0000,0.0000,-0.9190,-0.9120,-47.0000
1786010340.0301,-0.9190,-0.9260,-48.0000,0.0000,-0.0000,0.0000,0.0000,-0.0000,0.0000,-0.9190,-0.9020,-48.0000
1786010340.0801,-0.9190,-0.9110,-49.0000,0.0000,-0.0000,0.0000,0.0000,-0.0000,0.0000,-0.9190,-0.9240,-46.0000
1786010340.1302,-0.9190,-0.9060,-50.0000,0.0000,-0.0000,0.0000,0.0000,-0.0000,0.0000,-0.9190,-0.9230,-47.0000
1786010340.1801,-0.9190,-0.9170,-49.0000,0.0000,-0.0000,0.0000,0.0000,-0.0000,0.0000,-0.9190,-0.9020,-48.0000
1786010340.2301,-0.9190,-0.9140,-49.0000,0.0000,-0.0000,0.0000,0.0000,-0.0000,0.0000,-0.9190,-0.9320,-46.0000
1786010340.2801,-0.9190,-0.9250,-49.0000,0.0000,-0.0000,0.0000,0.0000,-0.0000,0.0000,-0.9190,-0.9540,-45.0000
1786010340.3302,-0.9190,-0.9280,-48.0000,0.0000,-0.0000,0.0000,0.0000,-0.0000,0.0000,-0.9190,-0.9370,-46.0000
1786010340.3801,-0.9190,-0.9320,-48.0000,0.0000,-0.0000,0.0000,0.0000,-0.0000,0.0000,-0.9190,-0.9270,-46.0000
1786010340.4301,-0.9190,-0.9110,-49.0000,0.0000,-0.0000,0.0000,0.0000,-0.0000,0.0000,-0.9190,-0.9040,-47.0000
1786010340.4802,-0.9190,-0.9180,-49.0000,0.0000,-0.0000,0.0000,0.0000,-0.0000,0.0000,-0.9190,-0.9190,-46.0000
1786010340.5302,-0.9190,-0.9130,-49.0000,0.0000,-0.0000,0.0000,0.0000,-0.0000,0.0000,-0.9190,-0.9270,-46.0000
1786010340.5801,-0.9190,-0.9010,-50.0000,0.0000,-0.0000,0.0000,0.0000,-0.0000,0.0000,-0.9190,-0.8900,-48.0000
1786010340.6302,-0.9190,-0.8900,-51.0000,0.0000,-0.0000,0.0000,0.0000,-0.0000,0.0000,-0.9190,-0.8970,-48.0000
1786010340.6804,-0.9190,-0.8970,-51.0000,0.0000,-0.0000,0.0000,0.0000,-0.0000,0.0000,-0.9190,-0.9220,-47.0000
1786010340.7303,-0.9190,-0.9380,-49.0000,0.0000,-0.0000,0.0000,0.0000,-0.0000,0.0000,-0.9190,-0.9410,-45.0000
1786010340.7801,-0.9190,-0.9450,-48.0000,0.0000,-0.0000,0.0000,0.0000,-0.0000,0.0000,-0.9190,-0.9630,-44.0000
1786010340.8301,-0.9190,-0.9410,-48.0000,0.0000,-0.0000,0.0000,0.0000,-0.0000,0.0000,-0.9190,-0.9500,-44.0000
1786010340.8801,-0.9190,-0.9230,-49.0000,0.0000,-0.0000,0.0000,0.0000,-0.0000,0.0000,-0.9190,-0.9170,-46.0000
1786010340.9302,-0.9190,-0.9250,-49.0000,0.0000,-0.0000,0.0000,0.0000,-0.0000,0.0000,-0.9190,-0.9060,-46.0000
1786010340.9802,-0.9190,-0.9190,-49.0000,0.0000,-0.0000,0.0000,0.0000,-0.0000,0.0000,-0.9190,-0.9290,-45.0000
1786010341.0301,-0.9190,-0.9120,-50.0000,0.0000,-0.0000,0.0000,0.0000,-0.0000,0.0000,-0.9190,-0.9030,-47.0000
1786010341.0801,-0.9190,-0.9350,-48.0000,0.0000,-0.0000,0.0000,0.0000,-0.0000,0.0000,-0.9190,-0.9140,-46.0000
1786010341.1302,-0.9190,-0.9090,-50.0000,0.0000,-0.0000,0.0000,0.0000,-0.0000,0.0000,-0.9190,-0.9310,-45.0000
1786010341.1803,-0.9190,-0.9040,-50.0000,0.0000,-0.0000,0.0000,0.0000,-0.0000,0.0000,-0.9190,-0.9350,-45.0000
1786010341.2303,-0.9190,-0.9340,-49.0000,0.0000,-0.0000,0.0000,0.0000,-0.0000,0.0000,-0.9190,-0.9450,-44.0000
1786010341.2802,-0.9190,-0.9220,-49.0000,0.0000,-0.0000,0.0000,0.0000,-0.0000,0.0000,-0.9190,-0.9310,-45.0000
1786010341.3301,-0.9190,-0.8910,-51.0000,0.0000,0.0000,0.0000,0.0000,-0.0000,0.0000,-0.9190,-0.8900,-47.0000
1786010341.3801,-0.9190,-0.9090,-50.0000,0.0000,0.0000,0.0000,0.0000,-0.0000,0.0000,-0.9190,-0.9090,-46.0000
1786010341.4301,-0.9190,-0.9210,-50.0000,0.0000,0.0000,0.0000,0.0000,-0.0000,0.0000,-0.9190,-0.9240,-45.0000
1786010341.4801,-0.9190,-0.9000,-51.0000,0.0000,0.0000,0.0000,0.0000,-0.0000,0.0000,-0.9190,-0.9010,-47.0000
1786010341.5302,-0.9190,-0.9040,-51.0000,0.0000,0.0000,0.0000,0.0000,-0.0000,0.0000,-0.9190,-0.9020,-47.0000
1786010341.5801,-0.9190,-0.9090,-51.0000,0.0000,-0.0010,0.0000,0.0000,-0.0000,0.0000,-0.9190,-0.9120,-46.0000
1786010341.6301,-0.9190,-0.9040,-51.0000,0.0000,-0.0000,0.0000,0.0000,-0.0000,0.0000,-0.9190,-0.9120,-46.0000
1786010341.6801,-0.9190,-0.9260,-50.0000,0.0000,-0.0000,0.0000,0.0000,-0.0000,0.0000,-0.9190,-0.9670,-43.0000
1786010341.7302,-0.9190,-0.9270,-50.0000,0.0000,-0.0000,0.0000,0.0000,-0.0000,0.0000,-0.9190,-0.9310,-45.0000
1786010341.7802,-0.9190,-0.9120,-51.0000,0.0000,0.0010,0.0000,0.0000,-0.0000,0.0000,-0.9190,-0.9000,-47.0000
1786010341.8302,-0.9190,-0.9060,-51.0000,0.0000,0.0010,0.0000,0.0000,-0.0000,0.0000,-0.9190,-0.9130,-46.0000
1786010341.8814,-0.9190,-0.9180,-50.0000,0.0000,0.0010,0.0000,0.0000,-0.0010,0.0000,-0.9190,-0.9170,-46.0000
1786010341.9303,-0.9190,-0.9140,-51.0000,0.0000,0.0000,0.0000,0.0000,-0.0000,0.0000,-0.9190,-0.9190,-46.0000
1786010341.9801,-0.9190,-0.9120,-51.0000,0.0000,0.0000,0.0000,0.0000,0.0040,0.0000,-0.9190,-0.9850,-42.0000
1786010342.0302,-0.9190,-0.9380,-49.0000,0.0000,0.0000,0.0000,0.0000,-0.0070,0.0000,-0.9190,-0.9300,-45.0000
1786010342.0801,-0.9190,-0.8840,-52.0000,0.0000,-0.0000,0.0000,0.0000,-0.0080,0.0000,-0.9190,-0.8770,-48.0000
1786010342.1318,-0.9190,-0.9040,-51.0000,0.0000,0.0000,0.0000,0.0000,-0.0010,0.0000,-0.9190,-0.9050,-46.0000
1786010342.1814,-0.9190,-0.9030,-52.0000,0.0000,0.0000,0.0000,0.0000,-0.0000,0.0000,-0.9190,-0.9030,-47.0000
1786010342.2302,-0.9190,-0.9120,-51.0000,0.0000,0.0000,0.0000,0.0000,-0.0000,0.0000,-0.9190,-0.9410,-45.0000
1786010342.2809,-0.9190,-0.9330,-50.0000,0.0000,0.0000,0.0000,0.0000,0.0030,0.0000,-0.9190,-0.9580,-43.0000
1786010342.3302,-0.9190,-0.9460,-49.0000,0.0000,0.0000,0.0000,0.0000,-0.0070,0.0000,-0.9190,-0.8930,-47.0000
1786010342.3801,-0.9190,-0.9110,-51.0000,0.0000,0.0000,0.0000,0.0000,-0.0010,0.0000,-0.9190,-0.8790,-48.0000
1786010342.4302,-0.9190,-0.9320,-50.0000,0.0000,0.0000,0.0000,0.0000,-0.0000,0.0000,-0.9190,-0.8720,-49.0000
1786010342.4802,-0.9190,-0.9240,-50.0000,0.0000,0.0000,0.0000,0.0000,-0.0000,0.0000,-0.9190,-0.9210,-46.0000
1786010342.5302,-0.9190,-0.8810,-53.0000,0.0000,0.0000,0.0000,0.0000,-0.0010,0.0000,-0.9190,-0.9370,-46.0000
1786010342.5801,-0.9190,-0.9160,-51.0000,0.0000,0.0000,0.0000,0.0000,-0.0000,0.0000,-0.9190,-0.9820,-43.0000
1786010342.6302,-0.9190,-0.9340,-50.0000,0.0000,0.0000,0.0000,0.0000,-0.0000,0.0000,-0.9190,-0.9520,-44.0000
1786010342.6802,-0.9190,-0.9340,-50.0000,0.0000,-0.0000,0.0000,0.0000,-0.0000,0.0000,-0.9190,-0.9050,-46.0000
1786010342.7302,-0.9190,-0.8960,-52.0000,0.0000,0.0000,0.0000,0.0000,-0.0000,0.0000,-0.9190,-0.8450,-50.0000
1786010342.7802,-0.9190,-0.9230,-50.0000,0.0000,0.0010,0.0000,0.0000,0.0030,0.0000,-0.9190,-0.8140,-52.0000
1786010342.8301,-0.9190,-0.9290,-50.0000,0.0000,0.0020,0.0000,0.0000,0.0000,0.0000,-0.9190,-0.8240,-53.0000
1786010342.8810,-0.9190,-0.9290,-50.0000,0.0000,0.0000,0.0000,0.0000,0.0000,0.0000,-0.9190,-0.8690,-51.0000
1786010342.9302,-0.9190,-0.9380,-49.0000,0.0000,0.0000,0.0000,0.0000,-0.0010,0.0000,-0.9190,-0.9390,-48.0000
1786010342.9801,-0.9190,-0.9500,-49.0000,0.0000,0.0000,0.0000,0.0000,0.0040,0.0000,-0.9190,-0.9980,-45.0000
1786010343.0302,-0.9190,-0.8930,-52.0000,0.0000,0.0000,0.0000,0.0000,0.0010,0.0000,-0.9190,-0.9850,-45.0000
1786010343.0801,-0.9190,-0.9100,-51.0000,0.0000,0.0000,0.0000,0.0000,-0.0220,0.0000,-0.9190,-0.9080,-48.0000
1786010343.1302,-0.9190,-0.9100,-51.0000,0.0000,-0.0010,0.0000,0.0000,-0.0220,0.0000,-0.9190,-0.9200,-47.0000
1786010343.1801,-0.9190,-0.9310,-50.0000,0.0000,-0.0010,0.0000,0.0000,-0.0030,0.0000,-0.9190,-0.8850,-49.0000
1786010343.2301,-0.9190,-0.9140,-51.0000,0.0000,0.0000,0.0000,0.0000,-0.0000,0.0000,-0.9190,-0.8900,-49.0000
1786010343.2802,-0.9190,-0.9260,-50.0000,0.0000,0.0000,0.0000,0.0000,-0.0000,0.0000,-0.9190,-0.9370,-47.0000
1786010343.3302,-0.9190,-0.9460,-49.0000,0.0000,-0.0010,0.0000,0.0000,-0.0000,0.0000,-0.9190,-0.9390,-47.0000
1786010343.3803,-0.9190,-0.9530,-48.0000,0.0000,-0.0000,0.0000,0.0000,-0.0000,0.0000,-0.9190,-0.9070,-48.0000
1786010343.4303,-0.9190,-0.9790,-46.0000,0.0000,-0.0000,0.0000,0.0000,-0.0000,0.0000,-0.9190,-0.9350,-47.0000
1786010343.4802,-0.9190,-0.9280,-49.0000,0.0000,-0.0000,0.0000,0.0000,0.0030,0.0000,-0.9190,-0.9440,-46.0000
1786010343.5303,-0.9190,-0.9470,-47.0000,0.0000,-0.0010,0.0000,0.0000,0.0000,0.0000,-0.9190,-0.9700,-44.0000
1786010343.5801,-0.9190,-0.9540,-47.0000,0.0000,-0.0000,0.0000,0.0000,0.0000,0.0000,-0.9190,-0.9440,-45.0000
1786010343.6306,-0.9190,-0.9190,-48.0000,0.0000,0.0040,0.0000,0.0000,0.0000,0.0000,-0.9190,-0.9340,-46.0000
1786010343.6806,-0.9190,-0.9020,-49.0000,0.0000,0.0000,0.0000,0.0000,0.0000,0.0000,-0.9190,-0.8770,-49.0000
1786010343.7313,-0.9190,-0.8770,-51.0000,0.0000,0.0000,0.0000,0.0000,0.0000,0.0000,-0.9190,-0.9030,-47.0000
1786010343.7801,-0.9190,-0.8630,-52.0000,0.0000,-0.0010,0.0000,0.0000,0.0000,0.0000,-0.9190,-0.8860,-49.0000
1786010343.8302,-0.9190,-0.8640,-52.0000,0.0000,-0.0000,0.0000,0.0000,0.0000,0.0000,-0.9190,-0.8710,-50.0000
1786010343.8802,-0.9190,-0.8940,-51.0000,0.0000,-0.0000,0.0000,0.0000,0.0000,0.0000,-0.9190,-0.8960,-49.0000
1786010343.9309,-0.9190,-0.9100,-51.0000,0.0000,-0.0000,0.0000,0.0000,0.0000,0.0000,-0.9190,-0.9370,-47.0000
1786010343.9801,-0.9190,-0.9270,-50.0000,0.0000,-0.0000,0.0000,0.0000,0.0000,0.0000,-0.9190,-0.9800,-45.0000
1786010344.0302,-0.9190,-0.9740,-47.0000,0.0000,-0.0010,0.0000,0.0000,0.0000,0.0000,-0.9190,-0.9910,-43.0000
1786010344.0801,-0.9190,-0.9450,-48.0000,0.0000,-0.0000,0.0000,0.0000,0.0000,0.0000,-0.9190,-0.9260,-46.0000
1786010344.1302,-0.9190,-0.9050,-50.0000,0.0000,0.0010,0.0000,0.0000,0.0000,0.0000,-0.9190,-0.9080,-47.0000
1786010344.1802,-0.9190,-0.9010,-50.0000,0.0000,0.0000,0.0000,0.0000,0.0000,0.0000,-0.9190,-0.9140,-47.0000
1786010344.2315,-0.9190,-0.9190,-49.0000,0.0000,0.0000,0.0000,0.0000,0.0000,0.0000,-0.9190,-0.8990,-48.0000
1786010344.2812,-0.9190,-0.9040,-50.0000,0.0000,-0.0000,0.0000,0.0000,0.0000,0.0000,-0.9190,-0.8960,-48.0000
1786010344.3311,-0.9190,-0.9230,-49.0000,0.0000,-0.0000,0.0000,0.0000,0.0000,0.0000,-0.9190,-0.9300,-46.0000
1786010344.3812,-0.9190,-0.9280,-49.0000,0.0000,-0.0000,0.0000,0.0000,0.0000,0.0000,-0.9190,-0.9350,-46.0000
1786010344.4312,-0.9190,-0.9350,-49.0000,0.0000,-0.0000,0.0000,0.0000,0.0000,0.0000,-0.9190,-0.9470,-45.0000
1786010344.4812,-0.9190,-0.9400,-48.0000,0.0000,-0.0000,0.0000,0.0000,0.0000,0.0000,-0.9190,-0.9280,-46.0000
1786010344.5325,-0.9190,-0.9290,-49.0000,0.0000,0.0010,0.0000,0.0000,0.0000,0.0000,-0.9190,-0.8890,-48.0000
1786010344.5811,-0.9190,-0.9030,-50.0000,0.0000,0.0000,0.0000,0.0000,0.0000,0.0000,-0.9190,-0.8790,-49.0000
1786010344.6312,-0.9190,-0.8990,-50.0000,0.0000,0.0000,0.0000,0.0000,0.0000,0.0000,-0.9190,-0.8960,-48.0000
1786010344.6812,-0.9190,-0.9340,-49.0000,0.0000,0.0010,0.0000,0.0000,0.0000,0.0000,-0.9190,-0.9040,-48.0000
1786010344.7312,-0.9190,-0.8880,-51.0000,0.0000,0.0000,0.0000,0.0000,0.0000,0.0000,-0.9190,-0.9060,-48.0000
1786010344.7812,-0.9190,-0.9020,-51.0000,0.0000,-0.0010,0.0000,0.0000,0.0000,0.0000,-0.9190,-0.9300,-47.0000
1786010344.8312,-0.9190,-0.9160,-50.0000,0.0000,-0.0000,0.0000,0.0000,0.0000,0.0000,-0.9190,-0.9420,-47.0000
1786010344.8812,-0.9190,-0.9150,-50.0000,0.0000,-0.0000,0.0000,0.0000,0.0000,0.0000,-0.9190,-0.9330,-47.0000
1786010344.9311,-0.9190,-0.9550,-48.0000,0.0000,-0.0000,0.0000,0.0000,0.0000,0.0000,-0.9190,-0.9350,-47.0000
1786010344.9812,-0.9190,-0.9280,-49.0000,0.0000,-0.0000,0.0000,0.0000,0.0000,0.0000,-0.9190,-0.8860,-49.0000
1786010345.0312,-0.9190,-0.9200,-49.0000,0.0000,0.0000,0.0000,0.0000,0.0000,0.0000,-0.9190,-0.8960,-49.0000
1786010345.0813,-0.9190,-0.9220,-49.0000,0.0000,0.0000,0.0000,0.0000,0.0000,0.0000,-0.9190,-0.9210,-48.0000
1786010345.1312,-0.9190,-0.9070,-50.0000,0.0000,0.0000,0.0000,0.0000,0.0000,0.0000,-0.9190,-0.9080,-48.0000
1786010345.1812,-0.9190,-0.9230,-49.0000,0.0000,0.0000,0.0000,0.0000,0.0010,0.0000,-0.9190,-0.9000,-49.0000
1786010345.2312,-0.9190,-0.8980,-51.0000,0.0000,0.0000,0.0000,0.0000,0.0000,0.0000,-0.9190,-0.9140,-48.0000
1786010345.2812,-0.9190,-0.9310,-49.0000,0.0000,-0.0010,0.0000,0.0000,0.0000,0.0000,-0.9190,-0.9180,-48.0000
1786010345.3312,-0.9190,-0.9540,-48.0000,0.0000,-0.0140,0.0000,0.0000,0.0000,0.0000,-0.9190,-0.9400,-47.0000
1786010345.3813,-0.9190,-0.9690,-47.0000,0.0000,-0.0130,0.0000,0.0000,-0.0030,0.0000,-0.9190,-0.9420,-47.0000
1786010345.4313,-0.9190,-0.9610,-46.0000,0.0000,-0.0010,0.0000,0.0000,0.0020,0.0000,-0.9190,-0.9130,-48.0000
1786010345.4812,-0.9190,-0.9270,-48.0000,0.0000,-0.0000,0.0000,0.0000,0.0000,0.0000,-0.9190,-0.8910,-49.0000
1786010345.5312,-0.9190,-0.9210,-48.0000,0.0000,0.0010,0.0000,0.0000,0.0000,0.0000,-0.9190,-0.9070,-49.0000
1786010345.5811,-0.9190,-0.9310,-47.0000,0.0000,0.0000,0.0000,0.0000,0.0000,0.0000,-0.9190,-0.9060,-49.0000
1786010345.6313,-0.9190,-0.9320,-47.0000,0.0000,0.0000,0.0000,0.0000,0.0000,0.0000,-0.9190,-0.9150,-49.0000
1786010345.6812,-0.9190,-0.9210,-48.0000,0.0000,0.0000,0.0000,0.0000,0.0000,0.0000,-0.9190,-0.9220,-48.0000
1786010345.7313,-0.9190,-0.9110,-48.0000,0.0000,0.0000,0.0000,0.0000,0.0000,0.0000,-0.9190,-0.9140,-49.0000
1786010345.7818,-0.9190,-0.9250,-47.0000,0.0000,0.0000,0.0000,0.0000,0.0000,0.0000,-0.9190,-0.9450,-47.0000
1786010345.8313,-0.9190,-0.9310,-47.0000,0.0000,-0.0000,0.0000,0.0000,0.0000,0.0000,-0.9190,-0.9670,-45.0000
1786010345.8817,-0.9190,-0.9310,-47.0000,0.0000,-0.0000,0.0000,0.0000,0.0000,0.0000,-0.9190,-0.9160,-48.0000
1786010345.9312,-0.9190,-0.9260,-47.0000,0.0000,0.0020,0.0000,0.0000,0.0000,0.0000,-0.9190,-0.8830,-50.0000
1786010345.9812,-0.9190,-0.8930,-49.0000,0.0000,0.0000,0.0000,0.0000,0.0000,0.0000,-0.9190,-0.8720,-51.0000
1786010346.0312,-0.9190,-0.8840,-50.0000,0.0000,0.0000,0.0000,0.0000,0.0010,0.0000,-0.9190,-0.8870,-50.0000
1786010346.0812,-0.9190,-0.9130,-48.0000,0.0000,0.0000,0.0000,0.0000,0.0000,0.0000,-0.9190,-0.9140,-49.0000
1786010346.1312,-0.9190,-0.9120,-48.0000,0.0000,0.0000,0.0000,0.0000,0.0000,0.0000,-0.9190,-0.9140,-49.0000
1786010346.1823,-0.9190,-0.8990,-49.0000,0.0000,0.0000,0.0000,0.0000,0.0000,0.0000,-0.9190,-0.9170,-49.0000
1786010346.2312,-0.9190,-0.9180,-48.0000,0.0000,0.0000,0.0000,0.0000,0.0000,0.0000,-0.9190,-0.9550,-47.0000
1786010346.2812,-0.6790,-0.9120,-28.0000,0.0000,0.0000,0.0000,0.0000,0.0020,0.0000,-0.6790,-0.9760,-25.0000
1786010346.3312,-0.0790,-0.4520,8.0000,0.0000,-0.0000,0.0000,0.0000,0.0000,0.0000,-0.0790,-0.4340,7.0000
1786010346.3811,0.0000,-0.0360,0.0000,0.0000,-0.0000,0.0000,0.0000,0.0000,0.0000,0.0000,-0.0370,0.0000
1786010346.4311,0.0000,-0.0030,0.0000,0.0000,0.0010,0.0000,0.0000,0.0000,0.0000,0.0000,-0.0030,0.0000
1786010346.4810,0.0000,0.0010,0.0000,0.0000,0.0020,0.0000,0.0000,0.0150,0.0000,0.0000,0.0020,0.0000
1786010346.5312,0.0000,0.0010,0.0000,-0.1200,0.0000,-14.0000,-0.1200,0.0020,-14.0000,0.0000,0.0000,0.0000
1786010346.5812,0.0000,0.0010,0.0000,-0.7200,-0.4830,-45.0000,-0.7200,-0.4080,-50.0000,0.0000,0.0000,0.0000
1786010346.6312,0.0000,0.0010,0.0000,-0.9190,-0.8990,-46.0000,-0.9190,-0.8840,-47.0000,0.0000,0.0000,0.0000
1786010346.6812,0.0000,0.0000,0.0000,-0.9190,-0.8710,-50.0000,-0.9190,-0.8860,-50.0000,0.0000,0.0000,0.0000
1786010346.7313,0.0000,0.0000,0.0000,-0.9190,-0.8140,-55.0000,-0.9190,-0.8840,-52.0000,0.0000,0.0000,0.0000
1786010346.7819,0.0000,-0.0010,0.0000,-0.9190,-0.8430,-55.0000,-0.9190,-0.8250,-56.0000,0.0000,0.0000,0.0000
1786010346.8313,0.0000,-0.0000,0.0000,-0.9190,-0.9230,-51.0000,-0.9190,-0.9330,-50.0000,0.0000,-0.0970,0.0000
1786010346.8813,0.0000,-0.0160,0.0000,-0.9190,-0.9380,-50.0000,-0.9190,-0.9760,-48.0000,0.0000,-0.1270,0.0000
1786010346.9313,0.0000,-0.0180,0.0000,-0.9190,-0.9570,-49.0000,-0.9190,-0.9690,-48.0000,0.0000,-0.1190,0.0000
1786010346.9813,0.0000,-0.0020,0.0000,-0.9190,-0.9520,-49.0000,-0.9190,-0.9490,-49.0000,0.0000,-0.0130,0.0000
1786010347.0313,0.0000,-0.0000,0.0000,-0.9190,-0.9480,-49.0000,-0.9190,-0.9300,-49.0000,0.0000,-0.0010,0.0000
1786010347.0813,0.0000,-0.0170,0.0000,-0.9190,-0.8950,-52.0000,-0.9190,-0.9070,-51.0000,0.0000,-0.0000,0.0000
1786010347.1313,0.0000,-0.0160,0.0000,-0.9190,-0.8310,-56.0000,-0.9190,-0.8750,-52.0000,0.0000,0.0000,0.0000
1786010347.1812,0.0000,-0.0200,0.0000,-0.9190,-0.8510,-55.0000,-0.9190,-0.8450,-55.0000,0.0000,0.0000,0.0000
1786010347.2313,0.0000,-0.0280,0.0000,-0.9190,-0.8930,-54.0000,-0.9190,-0.8730,-54.0000,0.0000,-0.0010,0.0000
1786010347.2813,0.0000,-0.0050,0.0000,-0.9190,-0.9510,-51.0000,-0.9190,-0.8840,-54.0000,0.0000,-0.0000,0.0000
1786010347.3313,0.0000,-0.0000,0.0000,-0.9190,-0.9620,-50.0000,-0.9190,-0.9100,-53.0000,0.0000,-0.0000,0.0000
1786010347.3813,0.0000,-0.0000,0.0000,-0.9190,-0.9610,-50.0000,-0.9190,-0.9500,-50.0000,0.0000,-0.0010,0.0000
1786010347.4313,0.0000,0.0000,0.0000,-0.9190,-0.9890,-47.0000,-0.9190,-0.9770,-49.0000,0.0000,-0.0000,0.0000
1786010347.4826,0.0000,0.0000,0.0000,-0.9190,-0.9860,-47.0000,-0.9190,-0.9590,-49.0000,0.0000,-0.0000,0.0000
1786010347.5323,0.0000,0.0000,0.0000,-0.9190,-0.9170,-50.0000,-0.9190,-0.9250,-51.0000,0.0000,-0.0000,0.0000
1786010347.5822,0.0000,0.0000,0.0000,-0.9190,-0.8630,-53.0000,-0.9190,-0.8870,-52.0000,0.0000,0.0000,0.0000
1786010347.6323,0.0000,-0.0050,0.0000,-0.9190,-0.8540,-54.0000,-0.9190,-0.8560,-54.0000,0.0000,0.0000,0.0000
1786010347.6823,0.0000,-0.0130,0.0000,-0.9190,-0.8780,-53.0000,-0.9190,-0.8700,-54.0000,0.0000,0.0000,0.0000
1786010347.7330,0.0000,-0.0010,0.0000,-0.9190,-0.9220,-51.0000,-0.9190,-0.8760,-54.0000,0.0000,0.0000,0.0000
1786010347.7822,0.0000,-0.0010,0.0000,-0.9190,-0.9700,-48.0000,-0.9190,-0.8890,-54.0000,0.0000,0.0000,0.0000
1786010347.8323,0.0000,-0.0010,0.0000,-0.9190,-0.9960,-47.0000,-0.9190,-0.9470,-51.0000,0.0000,0.0000,0.0000
1786010347.8822,0.0000,-0.0000,0.0000,-0.9190,-0.9900,-46.0000,-0.9190,-0.9960,-48.0000,0.0000,0.0000,0.0000
1786010347.9323,0.0000,-0.0050,0.0000,-0.9190,-0.9830,-46.0000,-0.9190,-0.9860,-48.0000,0.0000,0.0000,0.0000
1786010347.9823,0.0000,-0.0090,0.0000,-0.9190,-0.9500,-47.0000,-0.9190,-0.9380,-50.0000,0.0000,0.0000,0.0000
1786010348.0323,0.0000,-0.0010,0.0000,-0.9190,-0.8880,-50.0000,-0.9190,-0.9230,-51.0000,0.0000,0.0000,0.0000
1786010348.0822,0.0000,-0.0000,0.0000,-0.9190,-0.8240,-54.0000,-0.9190,-0.8660,-54.0000,0.0000,0.0000,0.0000
1786010348.1323,0.0000,-0.0110,0.0000,-0.9190,-0.8760,-52.0000,-0.9190,-0.8720,-54.0000,0.0000,0.0000,0.0000
1786010348.1822,0.0000,-0.0030,0.0000,-0.9190,-0.9130,-50.0000,-0.9190,-0.9080,-52.0000,0.0000,0.0000,0.0000
1786010348.2322,0.0000,-0.0000,0.0000,-0.9190,-0.9410,-49.0000,-0.9190,-0.9080,-53.0000,0.0000,0.0000,0.0000
1786010348.2823,0.0000,-0.0090,0.0000,-0.9190,-0.9700,-47.0000,-0.9190,-0.9160,-53.0000,0.0000,0.0000,0.0000
1786010348.3324,0.0000,-0.0020,0.0000,-0.9190,-0.9660,-47.0000,-0.9190,-0.9580,-50.0000,0.0000,0.0000,0.0000
1786010348.3823,0.0000,-0.0000,0.0000,-0.9190,-0.9400,-48.0000,-0.9190,-0.9630,-50.0000,0.0000,0.0000,0.0000
1786010348.4332,0.0000,-0.0000,0.0000,-0.9190,-0.9140,-49.0000,-0.9190,-0.9280,-51.0000,0.0000,0.0000,0.0000
1786010348.4824,0.0000,-0.0000,0.0000,-0.9190,-0.9200,-49.0000,-0.9190,-0.9280,-51.0000,0.0000,0.0000,0.0000
1786010348.5323,0.0000,-0.0000,0.0000,-0.9190,-0.9100,-49.0000,-0.9190,-0.9140,-51.0000,0.0000,0.0000,0.0000
1786010348.5823,0.0000,-0.0030,0.0000,-0.9190,-0.9000,-50.0000,-0.9190,-0.8930,-53.0000,0.0000,0.0000,0.0000
1786010348.6324,0.0000,-0.0100,0.0000,-0.9190,-0.9090,-49.0000,-0.9190,-0.8930,-53.0000,0.0000,0.0000,0.0000
1786010348.6822,0.0000,-0.0040,0.0000,-0.9190,-0.9420,-48.0000,-0.9190,-0.9150,-52.0000,0.0000,0.0000,0.0000
1786010348.7345,0.0000,-0.0000,0.0000,-0.9190,-0.9470,-47.0000,-0.9190,-0.9100,-52.0000,0.0000,0.0000,0.0000
1786010348.7823,0.0000,-0.0010,0.0000,-0.9190,-0.9500,-47.0000,-0.9190,-0.9450,-50.0000,0.0000,0.0000,0.0000
1786010348.8337,0.0000,-0.0030,0.0000,-0.9190,-0.9380,-47.0000,-0.9190,-0.9680,-49.0000,0.0000,0.0000,0.0000
1786010348.8823,0.0000,-0.0000,0.0000,-0.9190,-0.9160,-48.0000,-0.9190,-0.9330,-51.0000,0.0000,0.0000,0.0000
1786010348.9323,0.0000,-0.0020,0.0000,-0.9190,-0.9140,-48.0000,-0.9190,-0.9150,-51.0000,0.0000,0.0000,0.0000
1786010348.9823,0.0000,-0.0010,0.0000,-0.9190,-0.8730,-51.0000,-0.9190,-0.9100,-51.0000,0.0000,0.0000,0.0000
1786010349.0323,0.0000,-0.0000,0.0000,-0.9190,-0.8850,-50.0000,-0.9190,-0.8780,-53.0000,0.0000,0.0000,0.0000
1786010349.0823,0.0000,-0.0050,0.0000,-0.9190,-0.8980,-50.0000,-0.9190,-0.8880,-53.0000,0.0000,-0.0020,0.0000
1786010349.1324,0.0000,-0.0000,0.0000,-0.9190,-0.9110,-49.0000,-0.9190,-0.9160,-52.0000,0.0000,-0.0000,0.0000
1786010349.1823,0.0000,-0.0000,0.0000,-0.9190,-0.9410,-48.0000,-0.9190,-0.9340,-51.0000,0.0000,-0.0000,0.0000
1786010349.2323,0.0000,-0.0000,0.0000,-0.9190,-0.9360,-48.0000,-0.9190,-0.9150,-52.0000,0.0000,-0.0000,0.0000
1786010349.2823,0.0000,-0.0000,0.0000,-0.9190,-0.9310,-48.0000,-0.9190,-0.9560,-50.0000,0.0000,-0.0000,0.0000
1786010349.3325,0.0000,-0.0000,0.0000,-0.9190,-0.9220,-48.0000,-0.9190,-0.9480,-50.0000,0.0000,-0.0000,0.0000
1786010349.3823,0.0000,-0.0010,0.0000,-0.9190,-0.9240,-48.0000,-0.9190,-0.8900,-53.0000,0.0000,-0.0000,0.0000
1786010349.4341,0.0000,-0.0000,0.0000,-0.9190,-0.8720,-51.0000,-0.9190,-0.8930,-53.0000,0.0000,-0.0000,0.0000
1786010349.4827,0.0000,-0.0000,0.0000,-0.9190,-0.8940,-50.0000,-0.9190,-0.8900,-53.0000,0.0000,-0.0000,0.0000
1786010349.5324,0.0000,-0.0060,0.0000,-0.9190,-0.9210,-49.0000,-0.9190,-0.8770,-54.0000,0.0000,-0.0000,0.0000
1786010349.5823,0.0000,-0.0010,0.0000,-0.9190,-0.9310,-49.0000,-0.9190,-0.9210,-52.0000,0.0000,-0.0000,0.0000
1786010349.6323,0.0000,-0.0000,0.0000,-0.9190,-0.9400,-48.0000,-0.9190,-0.9320,-51.0000,0.0000,-0.0000,0.0000
1786010349.6825,0.0000,-0.0000,0.0000,-0.9190,-0.9400,-48.0000,-0.9190,-0.9100,-53.0000,0.0000,-0.0000,0.0000
1786010349.7324,0.0000,-0.0000,0.0000,-0.9190,-0.9560,-47.0000,-0.9190,-0.9460,-50.0000,0.0000,-0.0000,0.0000
1786010349.7827,0.0000,-0.0000,0.0000,-0.9190,-0.9320,-48.0000,-0.9190,-0.9680,-49.0000,0.0000,-0.0000,0.0000
1786010349.8328,0.0000,-0.0000,0.0000,-0.9190,-0.9320,-48.0000,-0.9190,-0.9570,-49.0000,0.0000,-0.0000,0.0000
1786010349.8823,0.0000,0.0010,0.0000,-0.9190,-0.8960,-50.0000,-0.9190,-0.9450,-49.0000,0.0000,-0.0000,0.0000
1786010349.9323,0.0000,0.0010,0.0000,-0.9190,-0.8780,-51.0000,-0.9190,-0.9170,-51.0000,0.0000,-0.0000,0.0000
1786010349.9824,0.0000,-0.0010,0.0000,-0.9190,-0.8900,-50.0000,-0.9190,-0.8840,-53.0000,0.0000,-0.0000,0.0000
1786010350.0324,0.0000,-0.0000,0.0000,-0.9190,-0.9340,-48.0000,-0.9190,-0.9150,-51.0000,0.0000,-0.0000,0.0000
1786010350.0826,0.0000,0.0010,0.0000,-0.9190,-0.9330,-48.0000,-0.9190,-0.9430,-49.0000,0.0000,0.0010,0.0000
1786010350.1323,0.0000,0.0000,0.0000,-0.9190,-0.9120,-49.0000,-0.9190,-0.9450,-49.0000,0.0000,0.0000,0.0000
1786010350.1823,0.0000,0.0000,0.0000,-0.9190,-0.9410,-48.0000,-0.9190,-0.9480,-49.0000,0.0000,0.0000,0.0000
1786010350.2324,0.0000,0.0000,0.0000,-0.9190,-0.9480,-47.0000,-0.9190,-0.9430,-49.0000,0.0000,0.0000,0.0000
1786010350.2823,0.0000,0.0000,0.0000,-0.9190,-0.9170,-49.0000,-0.9190,-0.9390,-49.0000,0.0000,0.0000,0.0000
1786010350.3324,0.0000,0.0030,0.0000,-0.9190,-0.8500,-52.0000,-0.9190,-0.9340,-49.0000,0.0000,0.0000,0.0000
1786010350.3823,0.0000,-0.0010,0.0000,-0.9190,-0.8940,-50.0000,-0.9190,-0.8860,-51.0000,0.0000,0.0000,0.0000
1786010350.4323,0.0000,-0.0120,0.0000,-0.9190,-0.9230,-49.0000,-0.9190,-0.8880,-51.0000,0.0000,0.0000,0.0000
1786010350.4824,0.0000,-0.0020,0.0000,-0.9190,-0.9220,-49.0000,-0.9190,-0.9040,-51.0000,0.0000,0.0000,0.0000
1786010350.5323,0.0000,0.0040,0.0000,-0.9190,-0.9310,-49.0000,-0.9190,-0.9250,-50.0000,0.0000,0.0000,0.0000
1786010350.5823,0.0000,0.0000,0.0000,-0.9190,-0.9380,-48.0000,-0.9190,-0.9240,-50.0000,0.0000,0.0000,0.0000
1786010350.6323,0.0000,-0.0010,0.0000,-0.9190,-0.9450,-48.0000,-0.9190,-0.9400,-49.0000,0.0000,0.0000,0.0000
1786010350.6824,0.0000,-0.0000,0.0000,-0.9190,-0.9280,-48.0000,-0.9190,-0.9420,-49.0000,0.0000,0.0000,0.0000
1786010350.7325,0.0000,0.0000,0.0000,-0.9190,-0.9030,-50.0000,-0.9190,-0.9640,-47.0000,0.0000,0.0000,0.0000
1786010350.7823,0.0000,0.0000,0.0000,-0.9190,-0.8540,-53.0000,-0.9190,-0.9160,-50.0000,0.0000,0.0000,0.0000
1786010350.8335,0.0000,-0.0030,0.0000,-0.9190,-0.8940,-51.0000,-0.9190,-0.8640,-53.0000,0.0000,0.0000,0.0000
1786010350.8832,0.0000,-0.0140,0.0000,-0.9190,-0.9070,-50.0000,-0.9190,-0.8750,-52.0000,0.0000,0.0000,0.0000
1786010350.9323,0.0000,-0.0080,0.0000,-0.9190,-0.9320,-49.0000,-0.9190,-0.9250,-50.0000,0.0000,0.0130,0.0000
1786010350.9824,0.0000,-0.0010,0.0000,-0.9190,-0.9400,-49.0000,-0.9190,-0.9280,-50.0000,0.0000,0.0100,0.0000
1786010351.0324,0.0000,-0.0000,0.0000,-0.9190,-0.9420,-48.0000,-0.9190,-0.9700,-47.0000,0.0000,0.0190,0.0000
1786010351.0824,0.0000,-0.0000,0.0000,-0.9190,-0.9600,-47.0000,-0.9190,-0.9540,-48.0000,0.0000,0.0010,0.0000
1786010351.1324,0.0000,-0.0000,0.0000,-0.9190,-0.9670,-46.0000,-0.9190,-0.9290,-49.0000,0.0000,-0.0250,0.0000
1786010351.1823,0.0000,-0.0020,0.0000,-0.9190,-0.9410,-47.0000,-0.9190,-0.9170,-49.0000,0.0000,-0.0070,0.0000
1786010351.2324,0.0000,-0.0250,0.0000,-0.9190,-0.8620,-52.0000,-0.9190,-0.8480,-53.0000,0.0000,-0.0010,0.0000
1786010351.2824,0.0000,-0.0040,0.0000,-0.9190,-0.8810,-51.0000,-0.9190,-0.8580,-53.0000,0.0000,-0.0000,0.0000
1786010351.3324,0.0000,-0.0260,0.0000,-0.9190,-0.9190,-49.0000,-0.9190,-0.8920,-52.0000,0.0000,-0.0000,0.0000
1786010351.3823,0.0000,-0.0240,0.0000,-0.9190,-0.9320,-48.0000,-0.9190,-0.9180,-51.0000,0.0000,-0.0010,0.0000
1786010351.4324,0.0000,-0.0020,0.0000,-0.9190,-0.9280,-49.0000,-0.9190,-0.8940,-52.0000,0.0000,-0.0000,0.0000
1786010351.4823,0.0000,-0.0000,0.0000,-0.9190,-0.9390,-48.0000,-0.9190,-0.9390,-50.0000,0.0000,-0.0000,0.0000
1786010351.5324,0.0000,-0.0000,0.0000,-0.9190,-0.9270,-48.0000,-0.9190,-0.9410,-50.0000,0.0000,-0.0000,0.0000
1786010351.5824,0.0000,-0.0000,0.0000,-0.9190,-0.9200,-49.0000,-0.9190,-0.9250,-50.0000,0.0000,-0.0000,0.0000
1786010351.6324,0.0000,-0.0050,0.0000,-0.9190,-0.9190,-49.0000,-0.9190,-0.8980,-52.0000,0.0000,-0.0000,0.0000
1786010351.6824,0.0000,-0.0010,0.0000,-0.9190,-0.9210,-48.0000,-0.9190,-0.9040,-51.0000,0.0000,-0.0000,0.0000
1786010351.7333,0.0000,-0.0000,0.0000,-0.9190,-0.9020,-50.0000,-0.9190,-0.9000,-52.0000,0.0000,-0.0000,0.0000
1786010351.7824,0.0000,-0.0070,0.0000,-0.9190,-0.9010,-50.0000,-0.9190,-0.9070,-52.0000,0.0000,-0.0000,0.0000
1786010351.8324,0.0000,-0.0150,0.0000,-0.9190,-0.9130,-49.0000,-0.9190,-0.8920,-53.0000,0.0000,-0.0030,0.0000
1786010351.8823,0.0000,-0.0140,0.0000,-0.9190,-0.9040,-50.0000,-0.9190,-0.8930,-53.0000,0.0000,-0.0000,0.0000
1786010351.9324,0.0000,-0.0020,0.0000,-0.9190,-0.9150,-49.0000,-0.9190,-0.9230,-51.0000,0.0000,-0.0000,0.0000
1786010351.9824,0.0000,-0.0000,0.0000,-0.9190,-0.9290,-49.0000,-0.9190,-0.9370,-51.0000,0.0000,-0.0010,0.0000
1786010352.0324,0.0000,-0.0000,0.0000,-0.9190,-0.9320,-48.0000,-0.9190,-0.9260,-51.0000,0.0000,-0.0030,0.0000
1786010352.0824,0.0000,-0.0000,0.0000,-0.9190,-0.9150,-49.0000,-0.9190,-0.9340,-50.0000,0.0000,-0.0160,0.0000
1786010352.1324,0.0000,-0.0010,0.0000,-0.9190,-0.9050,-50.0000,-0.9190,-0.9020,-52.0000,0.0000,-0.0030,0.0000
1786010352.1825,0.0000,-0.0090,0.0000,-0.9190,-0.8920,-51.0000,-0.9190,-0.8770,-54.0000,0.0000,-0.0000,0.0000
1786010352.2324,0.0000,-0.0260,0.0000,-0.9190,-0.8930,-51.0000,-0.9190,-0.8980,-53.0000,0.0000,-0.0000,0.0000
1786010352.2824,0.0000,-0.0210,0.0000,-0.9190,-0.9010,-51.0000,-0.9190,-0.8870,-54.0000,0.0000,-0.0000,0.0000
1786010352.3333,0.0000,-0.0030,0.0000,-0.9190,-0.9220,-50.0000,-0.9190,-0.8900,-54.0000,0.0000,-0.0000,0.0000
1786010352.3824,0.0000,-0.0000,0.0000,-0.9190,-0.9630,-48.0000,-0.9190,-0.9190,-53.0000,0.0000,-0.0000,0.0000
1786010352.4324,0.0000,-0.0000,0.0000,-0.9190,-0.9620,-47.0000,-0.9190,-0.9530,-51.0000,0.0000,-0.0000,0.0000
1786010352.4825,0.0000,-0.0000,0.0000,-0.9190,-0.9330,-49.0000,-0.9190,-0.9470,-51.0000,0.0000,-0.0000,0.0000
1786010352.5325,0.0000,-0.0000,0.0000,-0.9190,-0.9470,-47.0000,-0.9190,-0.9660,-49.0000,0.0000,-0.0000,0.0000
1786010352.5824,0.0000,-0.0000,0.0000,-0.9190,-0.9120,-49.0000,-0.9190,-0.9300,-51.0000,0.0000,-0.0000,0.0000
1786010352.6325,0.0000,-0.0000,0.0000,-0.9190,-0.8730,-51.0000,-0.9190,-0.9090,-52.0000,0.0000,-0.0000,0.0000
1786010352.6824,0.0000,-0.0000,0.0000,-0.9190,-0.8940,-50.0000,-0.9190,-0.9100,-52.0000,0.0000,0.0000,0.0000
1786010352.7324,0.0000,-0.0080,0.0000,-0.9190,-0.9290,-49.0000,-0.9190,-0.9050,-52.0000,0.0000,0.0000,0.0000
1786010352.7824,0.0000,-0.0010,0.0000,-0.9190,-0.9090,-50.0000,-0.9190,-0.9150,-52.0000,0.0000,0.0000,0.0000
1786010352.8324,0.0000,-0.0000,0.0000,-0.9190,-0.9480,-48.0000,-0.9190,-0.9320,-51.0000,0.0000,0.0000,0.0000
1786010352.8824,0.0000,-0.0000,0.0000,-0.9190,-0.9710,-46.0000,-0.9190,-0.9450,-50.0000,0.0000,0.0000,0.0000
1786010352.9323,0.0000,-0.0000,0.0000,-0.9190,-0.9370,-48.0000,-0.9190,-0.9650,-49.0000,0.0000,0.0000,0.0000
1786010352.9823,0.0000,-0.0000,0.0000,-0.9190,-0.9280,-48.0000,-0.9190,-0.9590,-49.0000,0.0000,0.0000,0.0000
1786010353.0324,0.0000,-0.0000,0.0000,-0.9190,-0.9110,-49.0000,-0.9190,-0.9010,-52.0000,0.0000,0.0000,0.0000
1786010353.0824,0.0000,-0.0000,0.0000,-0.9190,-0.9040,-49.0000,-0.9190,-0.9050,-51.0000,0.0000,0.0000,0.0000
1786010353.1324,0.0000,-0.0000,0.0000,-0.9190,-0.8880,-50.0000,-0.9190,-0.9060,-52.0000,0.0000,0.0000,0.0000
1786010353.1824,0.0000,-0.0000,0.0000,-0.9190,-0.9030,-50.0000,-0.9190,-0.8900,-53.0000,0.0000,0.0000,0.0000
1786010353.2325,0.0000,-0.0000,0.0000,-0.9190,-0.9150,-49.0000,-0.9190,-0.8980,-53.0000,0.0000,0.0000,0.0000
1786010353.2825,0.0000,-0.0000,0.0000,-0.9190,-0.9240,-49.0000,-0.9190,-0.9240,-51.0000,0.0000,0.0000,0.0000
1786010353.3324,0.0000,-0.0000,0.0000,-0.9190,-0.9360,-48.0000,-0.9190,-0.9040,-53.0000,0.0000,0.0000,0.0000
1786010353.3836,0.0000,-0.0000,0.0000,-0.9190,-0.9450,-47.0000,-0.9190,-0.9340,-51.0000,0.0000,0.0000,0.0000
1786010353.4326,-0.2400,-0.0150,-28.0000,-0.6790,-0.9190,-28.0000,-0.6560,-0.8970,-30.0000,-0.3600,-0.0730,-35.0000
1786010353.4824,0.0000,-0.2570,0.0000,-0.1760,-0.5040,-3.0000,-0.0560,-0.4950,12.0000,0.0000,-0.1730,0.0000
1786010353.5323,0.0000,-0.0620,0.0000,0.0000,-0.0360,0.0000,0.0000,-0.0830,0.0000,0.0000,-0.0590,0.0000
1786010353.5823,0.0000,-0.0290,0.0000,0.0000,-0.0030,0.0000,0.0000,-0.0060,0.0000,0.0000,-0.0230,0.0000
1786010353.6323,0.0000,0.0010,0.0000,0.0000,-0.0000,0.0000,0.0000,-0.0000,0.0000,0.0000,0.0010,0.0000
1786010353.6822,0.0000,0.0000,0.0000,0.0000,-0.0000,0.0000,0.0000,0.0020,0.0000,0.0000,0.0000,0.0000
1786010353.7322,0.0000,0.0000,0.0000,0.0000,-0.0000,0.0000,0.0000,0.0000,0.0000,0.0000,0.0000,0.0000
1786010353.7822,0.0000,0.0010,0.0000,0.0000,0.0000,0.0000,0.0000,0.0010,0.0000,0.0000,0.0040,0.0000
1786010353.8322,0.0000,0.0000,0.0000,0.0000,0.0000,0.0000,0.0000,0.0000,0.0000,0.0000,0.0010,0.0000
1786010353.8822,0.0000,0.0000,0.0000,0.0000,0.0000,0.0000,0.1200,0.0000,14.0000,0.1200,0.0000,14.0000
1786010353.9323,0.6000,0.3760,39.0000,0.6000,0.3950,39.0000,0.6560,0.4250,43.0000,0.6560,0.4570,41.0000
1786010353.9823,0.6560,0.4980,43.0000,0.6560,0.6710,33.0000,0.6560,0.6490,36.0000,0.6560,0.5090,44.0000
1786010354.0323,0.6560,0.6550,36.0000,0.6560,0.6720,35.0000,0.6560,0.6660,36.0000,0.6560,0.6380,39.0000
1786010354.0823,0.6560,0.7090,34.0000,0.6560,0.6750,35.0000,0.6560,0.6690,36.0000,0.6560,0.7200,35.0000
1786010354.1323,0.6560,0.6810,36.0000,0.6560,0.6760,35.0000,0.6560,0.6710,36.0000,0.6560,0.6600,39.0000
1786010354.1823,0.6560,0.6530,37.0000,0.6560,0.6660,35.0000,0.6560,0.6700,36.0000,0.6560,0.6230,41.0000
1786010354.2324,0.6560,0.6760,35.0000,0.6560,0.6680,35.0000,0.6560,0.6860,35.0000,0.6560,0.6440,40.0000
1786010354.2824,0.6560,0.6730,35.0000,0.6560,0.6580,35.0000,0.6560,0.6570,36.0000,0.6560,0.6540,39.0000
1786010354.3332,0.6560,0.6890,34.0000,0.6560,0.6690,34.0000,0.6560,0.6700,36.0000,0.6560,0.6940,37.0000
1786010354.3823,0.6560,0.6790,35.0000,0.6560,0.6740,34.0000,0.6560,0.6720,35.0000,0.6560,0.6940,37.0000
1786010354.4324,0.6560,0.6770,34.0000,0.6560,0.6780,33.0000,0.6560,0.6820,35.0000,0.6560,0.6970,36.0000
1786010354.4844,0.6560,0.6960,33.0000,0.6560,0.6590,34.0000,0.6560,0.6600,36.0000,0.6560,0.7210,34.0000
1786010354.5330,0.6560,0.6820,33.0000,0.6560,0.6680,34.0000,0.6560,0.6680,35.0000,0.6560,0.6840,36.0000
1786010354.5829,0.6560,0.6870,33.0000,0.6560,0.6740,33.0000,0.6560,0.6690,35.0000,0.6560,0.7110,34.0000
1786010354.6323,0.6560,0.6870,32.0000,0.6560,0.6810,33.0000,0.6560,0.6850,34.0000,0.6560,0.6730,35.0000
1786010354.6823,0.6560,0.6830,32.0000,0.6560,0.6660,33.0000,0.6560,0.6580,35.0000,0.6560,0.6770,35.0000
1786010354.7324,0.8960,0.6890,52.0000,0.4160,0.6500,13.0000,1.0160,0.7330,62.0000,0.2960,0.6000,7.0000
1786010354.7831,1.3850,1.1910,69.0000,0.0190,0.1300,-4.0000,1.2940,1.3090,58.0000,-0.0720,0.0850,-10.0000
1786010354.8328,1.2650,1.3490,55.0000,0.1390,0.0120,14.0000,1.0540,1.2780,42.0000,0.1680,-0.0190,20.0000
1786010354.8832,0.6650,0.9110,28.0000,0.6560,0.4810,37.0000,0.6560,0.8810,27.0000,0.6560,0.4310,40.0000
1786010354.9324,0.6560,0.6550,37.0000,0.6560,0.6170,33.0000,0.6560,0.6450,36.0000,0.6560,0.6310,34.0000
1786010354.9823,0.6560,0.5580,41.0000,0.6560,0.6280,34.0000,0.6560,0.6380,35.0000,0.6560,0.5690,39.0000
1786010355.0324,0.6560,0.5800,40.0000,0.6560,0.6400,34.0000,0.6560,0.6290,35.0000,0.6560,0.5580,41.0000
1786010355.0823,0.6560,0.6300,37.0000,0.6560,0.6460,34.0000,0.6560,0.6390,34.0000,0.6560,0.6250,38.0000
1786010355.1324,0.7760,0.6800,45.0000,0.5360,0.6640,23.0000,0.8960,0.6760,53.0000,0.4160,0.6650,16.0000
1786010355.1824,1.3760,1.0720,77.0000,0.0190,0.2670,-10.0000,1.2940,1.1930,62.0000,-0.0720,0.1680,-11.0000
1786010355.2324,1.2650,1.3840,55.0000,0.1390,0.0030,15.0000,1.0540,1.2980,40.0000,0.1680,0.0020,21.0000
1786010355.2823,0.6650,0.9950,25.0000,0.6560,0.5060,36.0000,0.6560,0.8530,27.0000,0.6560,0.4980,38.0000
1786010355.3324,0.6560,0.7230,34.0000,0.6560,0.6420,32.0000,0.6560,0.6390,35.0000,0.6560,0.7560,28.0000
1786010355.3823,0.6560,0.7100,33.0000,0.6560,0.6630,32.0000,0.6560,0.6460,34.0000,0.6560,0.7480,29.0000
1786010355.4323,0.6560,0.7110,32.0000,0.6560,0.6640,33.0000,0.6560,0.6550,33.0000,0.6560,0.7010,31.0000
1786010355.4823,0.6560,0.6880,32.0000,0.6560,0.6520,33.0000,0.6560,0.6320,34.0000,0.6560,0.6690,32.0000
1786010355.5324,0.6560,0.6800,32.0000,0.6560,0.6510,33.0000,0.6560,0.6360,34.0000,0.6560,0.6290,34.0000
1786010355.5825,0.5360,0.6410,24.0000,0.5360,0.6500,23.0000,0.4160,0.6170,15.0000,0.4160,0.5880,16.0000
1786010355.6323,0.0000,0.2180,0.0000,0.0000,0.2160,0.0000,0.0000,0.3190,0.0000,0.0000,0.1600,0.0000
1786010355.6822,0.0000,0.0130,0.0000,0.0000,0.0130,0.0000,0.0000,0.0090,0.0000,0.0000,0.0120,0.0000
1786010355.7323,0.0000,0.0010,0.0000,0.0000,0.0010,0.0000,0.0000,0.0010,0.0000,0.0000,0.0010,0.0000
1786010355.7823,0.0000,0.0000,0.0000,0.0000,0.0000,0.0000,0.0000,0.0000,0.0000,0.0000,-0.0100,0.0000
1786010355.8324,0.0000,-0.0120,0.0000,0.0000,-0.0010,0.0000,0.0000,0.0000,0.0000,0.0000,-0.0190,0.0000
1786010355.8823,0.0000,-0.1000,0.0000,0.0000,-0.0000,0.0000,0.0000,0.0000,0.0000,0.0000,-0.0390,0.0000
1786010355.9323,0.0000,-0.0680,0.0000,0.0000,-0.0000,0.0000,0.0000,0.0000,0.0000,0.0000,-0.0070,0.0000
1786010355.9827,-0.2400,-0.0280,-27.0000,-0.2400,-0.0200,-28.0000,-0.3600,-0.0600,-36.0000,-0.3600,-0.0920,-34.0000
1786010356.0326,-0.6560,-0.5790,-35.0000,-0.6560,-0.5990,-35.0000,-0.6560,-0.6220,-34.0000,-0.6560,-0.6550,-32.0000
1786010356.0826,-0.6560,-0.6190,-37.0000,-0.6560,-0.6450,-36.0000,-0.6560,-0.6380,-37.0000,-0.6560,-0.6420,-36.0000
1786010356.1326,-0.6560,-0.6300,-37.0000,-0.6560,-0.6630,-36.0000,-0.6560,-0.6660,-36.0000,-0.6560,-0.6480,-37.0000
1786010356.1826,-0.6560,-0.6790,-35.0000,-0.6560,-0.6740,-35.0000,-0.6560,-0.6760,-36.0000,-0.6560,-0.6560,-37.0000
1786010356.2326,-0.6560,-0.6740,-36.0000,-0.6560,-0.6860,-34.0000,-0.6560,-0.6670,-37.0000,-0.6560,-0.6540,-37.0000
1786010356.2826,-0.6560,-0.6740,-35.0000,-0.6560,-0.6820,-34.0000,-0.6560,-0.6640,-37.0000,-0.6560,-0.6690,-36.0000
1786010356.3326,-0.6560,-0.6660,-36.0000,-0.6560,-0.6710,-35.0000,-0.6560,-0.6700,-36.0000,-0.6560,-0.6500,-37.0000
1786010356.3825,-0.2960,-0.6060,-8.0000,-0.2960,-0.6060,-6.0000,-0.1760,-0.5660,2.0000,-0.1760,-0.5250,0.0000
1786010356.4323,0.0000,-0.1040,0.0000,0.0000,-0.0770,0.0000,0.0000,-0.1040,0.0000,0.0000,-0.0540,0.0000
1786010356.4824,0.0000,-0.0120,0.0000,0.0000,-0.0060,0.0000,0.0000,0.0130,0.0000,0.0000,-0.0050,0.0000
1786010356.5323,0.0000,-0.0600,0.0000,0.0000,-0.0000,0.0000,0.0000,0.0010,0.0000,0.0000,-0.0000,0.0000
1786010356.5823,0.0000,-0.0080,0.0000,0.0000,-0.0000,0.0000,0.0000,0.0000,0.0000,0.0000,-0.0000,0.0000
1786010356.6323,0.0000,0.0030,0.0000,0.0000,-0.0000,0.0000,0.0000,0.0000,0.0000,0.0000,0.0020,0.0000
1786010356.6823,0.0000,0.0000,0.0000,0.0000,-0.0000,0.0000,0.0000,0.0000,0.0000,0.0000,0.0000,0.0000
1786010356.7324,0.0000,0.0010,0.0000,0.0000,-0.0000,0.0000,0.0000,0.0000,0.0000,0.0000,0.0000,0.0000
1786010356.7823,0.0000,0.0010,0.0000,0.0000,-0.0000,0.0000,0.0000,0.0000,0.0000,0.0000,0.0060,0.0000
1786010356.8323,0.0000,0.0070,0.0000,0.0000,-0.0000,0.0000,0.0000,0.0000,0.0000,0.0000,0.0110,0.0000
1786010356.8823,0.0000,0.0010,0.0000,0.0000,-0.0000,0.0000,0.0000,0.0000,0.0000,0.0000,0.0010,0.0000
1786010356.9323,0.0000,0.0000,0.0000,0.0000,-0.0000,0.0000,0.0000,0.0000,0.0000,0.0000,0.0000,0.0000
1786010356.9826,-0.2400,-0.0180,-28.0000,0.2400,0.0180,28.0000,0.3600,0.0730,35.0000,-0.3600,-0.0640,-36.0000
1786010357.0325,-0.6560,-0.5640,-36.0000,0.6560,0.6120,34.0000,0.6560,0.6310,34.0000,-0.6560,-0.6280,-34.0000
1786010357.0825,-0.6560,-0.6360,-36.0000,0.6560,0.5600,41.0000,0.6560,0.5390,43.0000,-0.6560,-0.4860,-46.0000
1786010357.1325,-0.6560,-0.5520,-42.0000,0.6560,0.5410,43.0000,0.6560,0.5980,41.0000,-0.6560,-0.5220,-46.0000
1786010357.1825,-0.6560,-0.6280,-39.0000,0.6560,0.6190,40.0000,0.6560,0.6430,39.0000,-0.6560,-0.6440,-40.0000
1786010357.2342,-0.6560,-0.6470,-38.0000,0.6560,0.6640,39.0000,0.6560,0.6680,38.0000,-0.6560,-0.7000,-38.0000
1786010357.2825,-0.6560,-0.6700,-37.0000,0.6560,0.6630,39.0000,0.6560,0.6450,40.0000,-0.6560,-0.7490,-35.0000
1786010357.3325,-0.6560,-0.6630,-37.0000,0.6560,0.6330,41.0000,0.6560,0.6390,40.0000,-0.6560,-0.6880,-37.0000
1786010357.3825,-0.6560,-0.6750,-36.0000,0.6560,0.6170,42.0000,0.6560,0.6080,42.0000,-0.6560,-0.6450,-39.0000
1786010357.4326,-0.6560,-0.6710,-36.0000,0.6560,0.6480,40.0000,0.6560,0.6450,41.0000,-0.6560,-0.6470,-39.0000
1786010357.4825,-0.6560,-0.6650,-37.0000,0.6560,0.6450,41.0000,0.6560,0.6440,41.0000,-0.6560,-0.6440,-39.0000
1786010357.5325,-0.6560,-0.6420,-38.0000,0.6560,0.6460,41.0000,0.6560,0.6470,41.0000,-0.6560,-0.6400,-40.0000
1786010357.5825,-0.6560,-0.6380,-38.0000,0.6560,0.6620,40.0000,0.7760,0.6200,53.0000,-0.5360,-0.6530,-29.0000
1786010357.6324,-0.0560,-0.3670,7.0000,0.9190,0.9100,50.0000,0.9190,0.8870,52.0000,0.0000,-0.2560,0.0000
1786010357.6824,0.0000,-0.0260,0.0000,0.9190,0.9080,52.0000,0.9190,0.8980,54.0000,0.0000,-0.0190,0.0000
1786010357.7325,-0.3600,-0.0430,-37.0000,0.6560,0.8740,31.0000,0.6560,0.7490,39.0000,-0.4800,-0.1810,-40.0000
1786010357.7826,-0.6560,-0.4840,-42.0000,0.6560,0.6990,38.0000,0.6560,0.7150,39.0000,-0.6560,-0.4370,-47.0000
1786010357.8325,-0.6560,-0.6260,-38.0000,0.6560,0.6850,38.0000,0.6560,0.7120,38.0000,-0.6560,-0.6010,-41.0000
1786010357.8826,-0.6560,-0.6530,-38.0000,0.6560,0.6750,38.0000,0.6560,0.6610,40.0000,-0.6560,-0.6430,-40.0000
1786010357.9326,-0.6560,-0.6950,-36.0000,0.6560,0.6690,38.0000,0.6560,0.6200,42.0000,-0.6560,-0.7560,-34.0000
1786010357.9825,-0.6560,-0.7020,-36.0000,0.6560,0.6550,38.0000,0.6560,0.6670,40.0000,-0.6560,-0.7160,-36.0000
1786010358.0326,-0.6560,-0.6880,-36.0000,0.6560,0.5990,42.0000,0.6560,0.6970,38.0000,-0.6560,-0.6860,-37.0000
1786010358.0826,-0.6560,-0.6580,-37.0000,0.6560,0.6190,41.0000,0.6560,0.6590,40.0000,-0.6560,-0.7110,-35.0000
1786010358.1325,-0.6560,-0.6860,-36.0000,0.6560,0.6330,41.0000,0.6560,0.6220,42.0000,-0.6560,-0.7260,-33.0000
1786010358.1825,-0.6560,-0.6590,-37.0000,0.6560,0.6610,39.0000,0.6560,0.6660,39.0000,-0.6560,-0.6560,-37.0000
1786010358.2326,-0.6560,-0.6410,-38.0000,0.6560,0.6590,39.0000,0.6560,0.6540,40.0000,-0.6560,-0.6520,-37.0000
1786010358.2825,-0.6560,-0.6340,-38.0000,0.6560,0.6460,40.0000,0.6560,0.6330,41.0000,-0.6560,-0.6520,-37.0000
1786010358.3325,-0.6560,-0.6320,-38.0000,0.6560,0.6560,40.0000,0.6560,0.6330,41.0000,-0.6560,-0.6600,-36.0000
1786010358.3825,-0.6560,-0.6470,-38.0000,0.6560,0.6560,40.0000,0.6560,0.6570,40.0000,-0.6560,-0.6260,-38.0000
1786010358.4326,-0.6560,-0.6360,-39.0000,0.6560,0.6640,39.0000,0.6560,0.6870,39.0000,-0.6560,-0.6580,-36.0000
1786010358.4826,-0.6560,-0.6750,-37.0000,0.6560,0.6680,39.0000,0.6560,0.6680,40.0000,-0.6560,-0.6760,-35.0000
1786010358.5326,-0.6560,-0.6700,-37.0000,0.6560,0.6400,41.0000,0.6560,0.6440,41.0000,-0.6560,-0.6500,-37.0000
1786010358.5826,-0.6560,-0.6690,-37.0000,0.6560,0.6530,40.0000,0.6560,0.6360,41.0000,-0.6560,-0.6030,-40.0000
1786010358.6325,-0.6560,-0.6500,-38.0000,0.6560,0.6400,41.0000,0.6560,0.6460,41.0000,-0.6560,-0.5880,-41.0000
1786010358.6826,-0.6560,-0.6790,-36.0000,0.6560,0.6230,42.0000,0.6560,0.6310,42.0000,-0.6560,-0.6490,-38.0000
1786010358.7326,-0.6560,-0.6770,-36.0000,0.6560,0.6190,43.0000,0.6560,0.6390,42.0000,-0.6560,-0.7100,-35.0000
1786010358.7826,-0.6560,-0.6810,-35.0000,0.6560,0.6140,43.0000,0.6560,0.6460,42.0000,-0.6560,-0.7260,-33.0000
1786010358.8325,-0.6560,-0.6500,-37.0000,0.6560,0.6450,42.0000,0.6560,0.6690,41.0000,-0.6560,-0.6970,-34.0000
1786010358.8825,-0.6560,-0.6360,-38.0000,0.6560,0.6470,42.0000,0.6560,0.6340,43.0000,-0.6560,-0.5570,-42.0000
1786010358.9325,-0.6560,-0.5930,-40.0000,0.6560,0.6610,41.0000,0.6560,0.6200,44.0000,-0.6560,-0.5410,-44.0000
1786010358.9826,-0.6560,-0.6010,-40.0000,0.6560,0.6700,41.0000,0.6560,0.6250,44.0000,-0.6560,-0.6210,-40.0000
1786010359.0326,-0.6560,-0.6380,-39.0000,0.6560,0.6570,41.0000,0.6560,0.6320,44.0000,-0.6560,-0.6440,-39.0000
1786010359.0825,-0.6560,-0.6620,-38.0000,0.6560,0.6560,41.0000,0.6560,0.6580,42.0000,-0.6560,-0.6410,-40.0000
1786010359.1327,-0.6560,-0.6530,-39.0000,0.6560,0.6670,41.0000,0.6560,0.6770,41.0000,-0.6560,-0.6370,-40.0000
1786010359.1825,-0.6560,-0.6590,-38.0000,0.6560,0.7060,38.0000,0.6560,0.6710,41.0000,-0.6560,-0.6600,-39.0000
1786010359.2326,-0.6560,-0.6780,-37.0000,0.6560,0.7090,38.0000,0.6560,0.7090,39.0000,-0.6560,-0.6810,-38.0000
1786010359.2825,-0.6560,-0.6940,-36.0000,0.6560,0.5830,44.0000,0.6560,0.7130,38.0000,-0.6560,-0.6720,-39.0000
1786010359.3326,-0.6560,-0.7010,-35.0000,0.6560,0.5780,45.0000,0.6560,0.6940,39.0000,-0.6560,-0.6830,-38.0000
1786010359.3825,-0.6560,-0.7120,-34.0000,0.6560,0.5990,44.0000,0.6560,0.6300,42.0000,-0.6560,-0.7130,-36.0000
1786010359.4326,-0.6560,-0.6920,-35.0000,0.6560,0.6440,42.0000,0.6560,0.6620,40.0000,-0.6560,-0.7040,-36.0000
1786010359.4834,-0.6560,-0.6590,-36.0000,0.6560,0.6590,42.0000,0.6560,0.6610,39.0000,-0.6560,-0.6350,-39.0000
1786010359.5326,-0.6560,-0.6160,-38.0000,0.6560,0.6500,43.0000,0.6560,0.6460,41.0000,-0.6560,-0.6100,-40.0000
1786010359.5826,-0.6560,-0.6270,-38.0000,0.6560,0.6670,42.0000,0.6560,0.6320,42.0000,-0.6560,-0.6510,-38.0000
1786010359.6326,-0.6560,-0.6390,-38.0000,0.6560,0.6690,42.0000,0.6560,0.6390,42.0000,-0.6560,-0.6240,-40.0000
1786010359.6825,-0.6560,-0.6470,-37.0000,0.6560,0.6750,41.0000,0.6560,0.6420,42.0000,-0.6560,-0.6440,-39.0000
1786010359.7326,-0.6560,-0.6530,-37.0000,0.6560,0.6790,41.0000,0.6560,0.6450,41.0000,-0.6560,-0.6370,-40.0000
1786010359.7826,-0.6560,-0.6550,-37.0000,0.6560,0.6830,40.0000,0.6560,0.6510,41.0000,-0.6560,-0.6490,-40.0000
1786010359.8325,-0.6560,-0.6670,-37.0000,0.6560,0.7130,38.0000,0.6560,0.6570,41.0000,-0.6560,-0.6590,-39.0000
1786010359.8825,-0.6560,-0.6510,-38.0000,0.6560,0.6720,40.0000,0.6560,0.6890,39.0000,-0.6560,-0.6850,-38.0000
1786010359.9332,-0.6560,-0.6520,-37.0000,0.6560,0.6310,42.0000,0.6560,0.6700,40.0000,-0.6560,-0.7050,-36.0000
1786010359.9826,-0.6560,-0.6590,-37.0000,0.6560,0.6440,41.0000,0.6560,0.6420,41.0000,-0.6560,-0.7400,-34.0000
1786010360.0332,-0.6560,-0.6820,-36.0000,0.6560,0.6570,41.0000,0.6560,0.6470,41.0000,-0.6560,-0.7250,-34.0000
1786010360.0825,-0.6560,-0.6560,-37.0000,0.6560,0.6510,41.0000,0.6560,0.6590,41.0000,-0.6560,-0.7280,-33.0000
1786010360.1327,-0.6560,-0.6090,-40.0000,0.6560,0.6710,40.0000,0.6560,0.6560,41.0000,-0.6560,-0.6300,-38.0000
1786010360.1825,-0.6560,-0.5790,-42.0000,0.6560,0.6690,40.0000,0.6560,0.6600,41.0000,-0.6560,-0.6180,-38.0000
1786010360.2327,-0.6560,-0.5970,-41.0000,0.6560,0.6660,40.0000,0.6560,0.6470,41.0000,-0.6560,-0.6310,-38.0000
1786010360.2832,-0.6560,-0.6310,-40.0000,0.6560,0.6650,40.0000,0.6560,0.6750,40.0000,-0.6560,-0.6660,-36.0000
1786010360.3325,-0.1760,-0.5030,-5.0000,0.1760,0.4970,6.0000,0.0560,0.4250,-7.0000,-0.0560,-0.3790,9.0000
1786010360.3824,0.0000,-0.0510,0.0000,0.0000,0.0390,0.0000,0.0000,0.0730,0.0000,0.0000,-0.0150,0.0000
1786010360.4325,0.0000,-0.0040,0.0000,0.0000,0.0030,0.0000,0.0000,0.0040,0.0000,0.0000,-0.0010,0.0000
1786010360.4824,0.0000,-0.0000,0.0000,0.0000,0.0000,0.0000,0.0000,0.0000,0.0000,0.0000,-0.0000,0.0000
1786010360.5332,0.1200,-0.0000,14.0000,-0.1200,0.0000,-14.0000,0.1200,0.0000,14.0000,-0.1200,-0.0000,-14.0000
1786010360.5826,0.6000,0.3690,40.0000,-0.6000,-0.3560,-41.0000,0.6380,0.4270,42.0000,-0.7200,-0.4050,-50.0000
1786010360.6325,0.7280,0.7400,35.0000,-0.6380,-0.6640,-32.0000,0.6380,0.5800,38.0000,-0.7280,-0.7040,-39.0000
1786010360.6826,0.7280,0.7180,39.0000,-0.6380,-0.6520,-34.0000,0.6380,0.6090,38.0000,-0.7280,-0.6770,-43.0000
1786010360.7327,0.7280,0.6610,43.0000,-0.6380,-0.6740,-33.0000,0.6380,0.6950,34.0000,-0.7280,-0.7830,-38.0000
1786010360.7826,0.7280,0.7140,40.0000,-0.6380,-0.6620,-34.0000,0.6380,0.6630,36.0000,-0.7280,-0.7880,-38.0000
1786010360.8326,0.7280,0.7620,38.0000,-0.6380,-0.6540,-34.0000,0.6380,0.6790,35.0000,-0.7280,-0.7560,-39.0000
1786010360.8827,0.7280,0.7420,39.0000,-0.6380,-0.6490,-34.0000,0.6380,0.6630,35.0000,-0.7280,-0.7620,-38.0000
1786010360.9326,0.7280,0.6790,43.0000,-0.6380,-0.6470,-34.0000,0.6380,0.6790,34.0000,-0.7280,-0.7640,-38.0000
1786010360.9826,0.7280,0.6990,42.0000,-0.6380,-0.6380,-34.0000,0.6380,0.6250,37.0000,-0.7280,-0.6950,-41.0000
1786010361.0326,0.7280,0.7330,40.0000,-0.6380,-0.6530,-33.0000,0.6380,0.6270,36.0000,-0.7280,-0.6560,-44.0000
1786010361.0826,0.7280,0.7130,41.0000,-0.6380,-0.6360,-34.0000,0.6380,0.6130,37.0000,-0.7280,-0.6960,-42.0000
1786010361.1326,0.7280,0.7070,42.0000,-0.6380,-0.6550,-33.0000,0.6380,0.6100,38.0000,-0.7280,-0.7110,-41.0000
1786010361.1827,0.7280,0.7230,41.0000,-0.6380,-0.6410,-34.0000,0.6380,0.6080,38.0000,-0.7280,-0.6920,-43.0000
1786010361.2327,0.7280,0.7030,42.0000,-0.6380,-0.6460,-33.0000,0.6380,0.6290,37.0000,-0.7280,-0.6720,-45.0000
1786010361.2827,0.6080,0.7220,31.0000,-0.5180,-0.6360,-23.0000,0.3980,0.6400,16.0000,-0.4880,-0.6760,-24.0000
1786010361.3325,0.0080,0.2830,0.0000,0.0000,-0.1840,0.0000,0.0000,0.2000,0.0000,0.0000,-0.2160,0.0000
1786010361.3825,0.0000,0.0080,0.0000,0.0000,-0.0110,0.0000,0.0000,0.0170,0.0000,0.0000,0.0480,0.0000
1786010361.4324,0.0000,0.0010,0.0000,0.0000,-0.0010,0.0000,0.0000,0.0010,0.0000,0.0000,0.0260,0.0000
1786010361.4824,0.0000,0.0000,0.0000,0.0000,-0.0000,0.0000,0.0000,0.0000,0.0000,0.0000,0.0030,0.0000
1786010361.5325,0.0000,-0.0010,0.0000,0.0000,-0.0000,0.0000,0.0000,0.0000,0.0000,0.0000,-0.0000,0.0000
1786010361.5824,0.0000,-0.0000,0.0000,0.0000,-0.0000,0.0000,0.0000,0.0000,0.0000,0.0000,0.0020,0.0000
1786010361.6325,0.0000,-0.0000,0.0000,0.0000,-0.0000,0.0000,0.0000,0.0000,0.0000,0.0000,0.0000,0.0000
1786010361.6825,0.0000,-0.0000,0.0000,0.0000,-0.0000,0.0000,0.0000,0.0000,0.0000,0.0000,0.0000,0.0000
1786010361.7325,0.0000,-0.0000,0.0000,0.0000,-0.0000,0.0000,0.0000,0.0000,0.0000,0.0000,0.0000,0.0000
1786010361.7826,0.0000,-0.0000,0.0000,0.0000,-0.0000,0.0000,0.1200,0.0000,14.0000,-0.1200,0.0000,-14.0000
1786010361.8326,0.6000,0.2890,45.0000,-0.6000,-0.3190,-43.0000,0.6380,0.4350,41.0000,-0.7200,-0.3550,-53.0000
1786010361.8827,0.7280,0.6960,38.0000,-0.6380,-0.6150,-35.0000,0.6380,0.6380,34.0000,-0.7280,-0.7420,-37.0000
1786010361.9326,0.7280,0.6770,42.0000,-0.6380,-0.6300,-36.0000,0.6380,0.6290,36.0000,-0.7280,-0.7750,-37.0000
1786010361.9827,0.7280,0.7130,41.0000,-0.6380,-0.6650,-35.0000,0.6380,0.6290,37.0000,-0.7280,-0.8170,-35.0000
1786010362.0326,0.7280,0.7300,41.0000,-0.6380,-0.6730,-34.0000,0.6380,0.6140,38.0000,-0.7280,-0.7600,-38.0000
1786010362.0826,0.7280,0.7430,40.0000,-0.6380,-0.6570,-35.0000,0.6380,0.6350,37.0000,-0.7280,-0.7430,-38.0000
1786010362.1326,0.7280,0.7510,40.0000,-0.6380,-0.6450,-36.0000,0.6380,0.6260,37.0000,-0.7280,-0.7190,-39.0000
1786010362.1827,0.7280,0.7560,39.0000,-0.6380,-0.6580,-35.0000,0.6380,0.6260,38.0000,-0.7280,-0.7110,-40.0000
1786010362.2328,0.7280,0.7400,40.0000,-0.6380,-0.6670,-34.0000,0.6380,0.6300,37.0000,-0.7280,-0.6850,-41.0000
1786010362.2826,0.7280,0.7300,40.0000,-0.6380,-0.6710,-33.0000,0.6380,0.6630,36.0000,-0.7280,-0.6960,-41.0000
1786010362.3327,0.7280,0.7240,40.0000,-0.6380,-0.6570,-34.0000,0.6380,0.6310,37.0000,-0.7280,-0.7070,-41.0000
1786010362.3826,0.7280,0.7220,41.0000,-0.6380,-0.6470,-34.0000,0.6380,0.6510,36.0000,-0.7280,-0.7040,-41.0000
1786010362.4327,0.7280,0.7410,39.0000,-0.6380,-0.5960,-37.0000,0.6380,0.6480,36.0000,-0.7280,-0.7120,-41.0000
1786010362.4826,0.7280,0.7250,40.0000,-0.6380,-0.6120,-36.0000,0.6380,0.6680,35.0000,-0.7280,-0.7660,-38.0000
1786010362.5327,0.7280,0.7000,42.0000,-0.6380,-0.6120,-36.0000,0.6380,0.6560,36.0000,-0.7280,-0.8170,-35.0000
1786010362.5833,0.7280,0.7120,41.0000,-0.6380,-0.6310,-36.0000,0.6380,0.6320,37.0000,-0.7280,-0.7750,-37.0000
1786010362.6326,0.7280,0.7400,40.0000,-0.6380,-0.6350,-36.0000,0.6380,0.6250,37.0000,-0.7280,-0.7340,-38.0000
1786010362.6828,0.7280,0.7420,40.0000,-0.6380,-0.6370,-36.0000,0.6380,0.6290,37.0000,-0.7280,-0.7250,-39.0000
1786010362.7327,0.7280,0.7460,39.0000,-0.6380,-0.6530,-35.0000,0.6380,0.6210,38.0000,-0.7280,-0.7210,-39.0000
1786010362.7827,0.7280,0.7530,39.0000,-0.6380,-0.6700,-34.0000,0.6380,0.6160,38.0000,-0.7280,-0.6850,-41.0000
1786010362.8327,0.7280,0.7410,39.0000,-0.6380,-0.6680,-33.0000,0.6380,0.6270,38.0000,-0.7280,-0.7100,-40.0000
1786010362.8827,0.7280,0.7180,40.0000,-0.6380,-0.6640,-33.0000,0.6380,0.6380,37.0000,-0.7280,-0.6870,-42.0000
1786010362.9327,0.7280,0.7110,41.0000,-0.6380,-0.6490,-34.0000,0.6380,0.6640,36.0000,-0.7280,-0.6950,-42.0000
1786010362.9826,0.7280,0.7090,41.0000,-0.6380,-0.6510,-33.0000,0.6380,0.6420,37.0000,-0.7280,-0.7310,-40.0000
1786010363.0327,0.7280,0.7150,41.0000,-0.6380,-0.6450,-34.0000,0.6380,0.6490,36.0000,-0.7280,-0.7600,-38.0000
1786010363.0827,0.7280,0.7210,41.0000,-0.6380,-0.6050,-36.0000,0.6380,0.6620,35.0000,-0.7280,-0.7930,-36.0000
1786010363.1327,0.7280,0.7150,41.0000,-0.6380,-0.6170,-35.0000,0.6380,0.6580,35.0000,-0.7280,-0.7840,-36.0000
1786010363.1827,0.7280,0.6950,43.0000,-0.6380,-0.6160,-36.0000,0.6380,0.6290,37.0000,-0.7280,-0.7470,-38.0000
1786010363.2326,0.7280,0.7280,41.0000,-0.6380,-0.6180,-36.0000,0.6380,0.6230,37.0000,-0.7280,-0.7100,-39.0000
1786010363.2828,0.7280,0.7580,39.0000,-0.6380,-0.6350,-35.0000,0.6380,0.6190,38.0000,-0.7280,-0.6990,-40.0000
1786010363.3327,0.7280,0.7570,39.0000,-0.6380,-0.6560,-34.0000,0.6380,0.6500,36.0000,-0.7280,-0.7120,-39.0000
1786010363.3826,0.7280,0.7620,38.0000,-0.6380,-0.6510,-34.0000,0.6380,0.6480,36.0000,-0.7280,-0.7020,-40.0000
1786010363.4327,0.7280,0.7210,41.0000,-0.6380,-0.6600,-34.0000,0.6380,0.6470,36.0000,-0.7280,-0.7100,-40.0000
1786010363.4829,0.7280,0.7310,40.0000,-0.6380,-0.6530,-34.0000,0.6380,0.6420,36.0000,-0.7280,-0.6920,-42.0000
1786010363.5327,0.7280,0.7130,41.0000,-0.6380,-0.6500,-34.0000,0.6380,0.6550,35.0000,-0.7280,-0.6890,-42.0000
1786010363.5827,0.7280,0.7100,41.0000,-0.6380,-0.6470,-34.0000,0.6380,0.6540,35.0000,-0.7280,-0.7200,-41.0000
1786010363.6327,0.7280,0.7060,42.0000,-0.6380,-0.6460,-34.0000,0.6380,0.6460,36.0000,-0.7280,-0.7630,-38.0000
1786010363.6827,0.7280,0.6830,43.0000,-0.6380,-0.6480,-33.0000,0.6380,0.6360,36.0000,-0.7280,-0.7990,-36.0000
1786010363.7329,0.7280,0.6840,44.0000,-0.6380,-0.6350,-34.0000,0.6380,0.6540,35.0000,-0.7280,-0.7470,-39.0000
1786010363.7827,0.7280,0.7160,42.0000,-0.6380,-0.6340,-34.0000,0.6380,0.6280,36.0000,-0.7280,-0.6920,-41.0000
1786010363.8327,0.7280,0.7120,43.0000,-0.6380,-0.6150,-35.0000,0.6380,0.6260,36.0000,-0.7280,-0.6820,-42.0000
1786010363.8827,0.7280,0.7460,41.0000,-0.6380,-0.6200,-35.0000,0.6380,0.6320,36.0000,-0.7280,-0.6890,-42.0000
1786010363.9330,0.7280,0.7540,40.0000,-0.6380,-0.6280,-35.0000,0.6380,0.6480,35.0000,-0.7280,-0.7030,-42.0000
1786010363.9827,0.7280,0.7330,41.0000,-0.6380,-0.6490,-34.0000,0.6380,0.6450,35.0000,-0.7280,-0.6690,-44.0000
1786010364.0327,0.7280,0.7280,42.0000,-0.6380,-0.6460,-34.0000,0.6380,0.6380,36.0000,-0.7280,-0.6930,-43.0000
1786010364.0827,0.7280,0.7280,41.0000,-0.6380,-0.6550,-33.0000,0.6380,0.6400,36.0000,-0.7280,-0.6930,-44.0000
1786010364.1327,0.7280,0.7590,40.0000,-0.6380,-0.6570,-33.0000,0.6380,0.6460,35.0000,-0.7280,-0.7000,-44.0000
1786010364.1827,0.7280,0.7330,41.0000,-0.6380,-0.6400,-34.0000,0.6380,0.6630,34.0000,-0.7280,-0.7290,-43.0000
1786010364.2327,0.7280,0.7360,41.0000,-0.6380,-0.6510,-33.0000,0.6380,0.6310,36.0000,-0.7280,-0.7680,-41.0000
1786010364.2828,0.7280,0.7270,41.0000,-0.6380,-0.6580,-33.0000,0.6380,0.5990,38.0000,-0.7280,-0.8010,-38.0000
1786010364.3327,0.7280,0.7270,41.0000,-0.6380,-0.6520,-33.0000,0.6380,0.5740,40.0000,-0.7280,-0.7560,-40.0000
1786010364.3827,0.7280,0.7340,41.0000,-0.6380,-0.6520,-33.0000,0.6380,0.5980,39.0000,-0.7280,-0.7110,-42.0000
1786010364.4327,0.7280,0.7300,41.0000,-0.6380,-0.6050,-35.0000,0.6380,0.6320,37.0000,-0.7280,-0.6620,-45.0000
1786010364.4827,0.7280,0.7420,40.0000,-0.6380,-0.5980,-36.0000,0.6380,0.6520,36.0000,-0.7280,-0.7060,-43.0000
1786010364.5327,0.7280,0.7320,41.0000,-0.6380,-0.6190,-35.0000,0.6380,0.6280,38.0000,-0.7280,-0.7030,-44.0000
1786010364.5835,0.7280,0.7350,41.0000,-0.6380,-0.6540,-33.0000,0.6380,0.6310,38.0000,-0.7280,-0.7180,-43.0000
1786010364.6328,0.7280,0.7330,41.0000,-0.6380,-0.6510,-33.0000,0.6380,0.6640,36.0000,-0.7280,-0.7270,-43.0000
1786010364.6827,0.7280,0.7310,41.0000,-0.6380,-0.6540,-33.0000,0.6380,0.6500,36.0000,-0.7280,-0.7120,-44.0000
1786010364.7328,0.7280,0.7170,41.0000,-0.6380,-0.6440,-33.0000,0.6380,0.6480,36.0000,-0.7280,-0.7350,-43.0000
1786010364.7828,0.7280,0.7290,41.0000,-0.6380,-0.6490,-33.0000,0.6380,0.6540,36.0000,-0.7280,-0.7790,-40.0000
1786010364.8328,0.7280,0.7110,42.0000,-0.6380,-0.6560,-33.0000,0.6380,0.6470,36.0000,-0.7280,-0.8250,-37.0000
1786010364.8831,0.7280,0.7290,41.0000,-0.6380,-0.6360,-34.0000,0.6380,0.6310,37.0000,-0.7280,-0.7910,-38.0000
1786010364.9327,0.7280,0.7240,41.0000,-0.6380,-0.6360,-33.0000,0.6380,0.6150,38.0000,-0.7280,-0.7650,-39.0000
1786010364.9827,0.7280,0.7220,41.0000,-0.6380,-0.6410,-33.0000,0.6380,0.6150,38.0000,-0.7280,-0.7320,-40.0000
1786010365.0331,0.7280,0.7510,40.0000,-0.6380,-0.6380,-33.0000,0.6380,0.6250,37.0000,-0.7280,-0.7060,-41.0000
1786010365.0827,0.7280,0.7590,39.0000,-0.6380,-0.6320,-34.0000,0.6380,0.6220,38.0000,-0.7280,-0.6760,-43.0000
1786010365.1327,0.7280,0.7430,40.0000,-0.6380,-0.6060,-35.0000,0.6380,0.6480,37.0000,-0.7280,-0.7340,-40.0000
1786010365.1835,0.7280,0.7250,40.0000,-0.6380,-0.6150,-35.0000,0.6380,0.6620,36.0000,-0.7280,-0.7440,-40.0000
1786010365.2327,0.7280,0.7190,41.0000,-0.6380,-0.6380,-34.0000,0.6380,0.6880,34.0000,-0.7280,-0.7550,-39.0000
1786010365.2827,0.7280,0.7130,41.0000,-0.6380,-0.6410,-34.0000,0.6380,0.6470,36.0000,-0.7280,-0.7380,-40.0000
1786010365.3328,0.7280,0.7270,41.0000,-0.6380,-0.6380,-34.0000,0.6380,0.6440,36.0000,-0.7280,-0.7560,-39.0000
1786010365.3829,0.7280,0.7440,40.0000,-0.6380,-0.6250,-35.0000,0.6380,0.6320,37.0000,-0.7280,-0.7610,-38.0000
1786010365.4328,0.7280,0.7330,40.0000,-0.6380,-0.6540,-33.0000,0.6380,0.6410,36.0000,-0.7280,-0.7660,-37.0000
1786010365.4827,0.7280,0.7440,39.0000,-0.6380,-0.6310,-35.0000,0.6380,0.6100,38.0000,-0.7280,-0.7590,-37.0000
1786010365.5327,0.7280,0.7570,39.0000,-0.6380,-0.6280,-35.0000,0.6380,0.6000,39.0000,-0.7280,-0.7040,-40.0000
1786010365.5840,0.7280,0.7550,39.0000,-0.6380,-0.6400,-34.0000,0.6380,0.6090,38.0000,-0.7280,-0.7150,-39.0000
1786010365.6328,0.7280,0.7410,39.0000,-0.6380,-0.6440,-34.0000,0.6380,0.6040,39.0000,-0.7280,-0.7300,-39.0000
1786010365.6828,0.7280,0.7500,38.0000,-0.6380,-0.6530,-33.0000,0.6380,0.6140,39.0000,-0.7280,-0.7490,-38.0000
1786010365.7334,0.7280,0.7400,39.0000,-0.6380,-0.6370,-34.0000,0.6380,0.6180,39.0000,-0.7280,-0.7120,-40.0000
1786010365.7835,0.7280,0.7270,39.0000,-0.6380,-0.6350,-34.0000,0.6380,0.6450,38.0000,-0.7280,-0.7140,-40.0000
1786010365.8334,0.7280,0.7000,41.0000,-0.6380,-0.6240,-35.0000,0.6380,0.6750,36.0000,-0.7280,-0.7130,-40.0000
1786010365.8828,0.7280,0.7130,40.0000,-0.6380,-0.6180,-35.0000,0.6380,0.6970,34.0000,-0.7280,-0.7710,-37.0000
1786010365.9329,0.7280,0.7350,39.0000,-0.6380,-0.6290,-35.0000,0.6380,0.6570,36.0000,-0.7280,-0.7570,-37.0000
1786010365.9828,0.7280,0.7490,38.0000,-0.6380,-0.6370,-35.0000,0.6380,0.6580,36.0000,-0.7280,-0.7480,-37.0000
1786010366.0328,0.7280,0.7460,38.0000,-0.6380,-0.6230,-36.0000,0.6380,0.6210,38.0000,-0.7280,-0.7460,-37.0000
1786010366.0836,0.7280,0.7450,38.0000,-0.6380,-0.6290,-35.0000,0.6380,0.6360,37.0000,-0.7280,-0.7540,-36.0000
1786010366.1328,0.7280,0.7240,39.0000,-0.6380,-0.6310,-35.0000,0.6380,0.6190,38.0000,-0.7280,-0.7640,-36.0000
1786010366.1828,0.7280,0.7290,39.0000,-0.6380,-0.6460,-34.0000,0.6380,0.6190,38.0000,-0.7280,-0.7390,-37.0000
1786010366.2328,0.7280,0.7300,39.0000,-0.6380,-0.6280,-35.0000,0.6380,0.6290,38.0000,-0.7280,-0.7320,-37.0000
1786010366.2835,0.7280,0.7070,40.0000,-0.6380,-0.6170,-36.0000,0.6380,0.6250,38.0000,-0.7280,-0.7150,-38.0000
1786010366.3328,0.7280,0.6970,41.0000,-0.6380,-0.5700,-39.0000,0.6380,0.6020,40.0000,-0.7280,-0.7160,-38.0000
1786010366.3828,0.7280,0.6830,42.0000,-0.6380,-0.5300,-42.0000,0.6380,0.6120,39.0000,-0.7280,-0.6980,-39.0000
1786010366.4328,0.7280,0.6920,42.0000,-0.6380,-0.5530,-42.0000,0.6380,0.6270,39.0000,-0.7280,-0.7310,-37.0000
1786010366.4829,0.7280,0.7040,41.0000,-0.6380,-0.5830,-41.0000,0.6380,0.6330,39.0000,-0.7280,-0.7460,-36.0000
1786010366.5328,0.7280,0.7150,41.0000,-0.6380,-0.6160,-40.0000,0.6380,0.6450,38.0000,-0.7280,-0.7590,-36.0000
1786010366.5840,0.7280,0.7230,41.0000,-0.6380,-0.6420,-39.0000,0.6380,0.6140,40.0000,-0.7280,-0.7650,-35.0000
1786010366.6328,0.7280,0.7470,40.0000,-0.6380,-0.6590,-38.0000,0.6380,0.6280,39.0000,-0.7280,-0.7420,-36.0000
1786010366.6828,0.7280,0.7660,38.0000,-0.6380,-0.6640,-38.0000,0.6380,0.6390,39.0000,-0.7280,-0.7440,-35.0000
1786010366.7328,0.7280,0.7750,38.0000,-0.6380,-0.6930,-36.0000,0.6380,0.6550,38.0000,-0.7280,-0.7300,-36.0000
1786010366.7828,0.7280,0.7750,37.0000,-0.6380,-0.7010,-35.0000,0.6380,0.6380,39.0000,-0.7280,-0.7340,-36.0000
1786010366.8328,0.7280,0.7780,36.0000,-0.6380,-0.6950,-34.0000,0.6380,0.6360,39.0000,-0.7280,-0.7280,-36.0000
1786010366.8828,0.7280,0.7620,37.0000,-0.6380,-0.6900,-34.0000,0.6380,0.6390,39.0000,-0.7280,-0.7220,-36.0000
1786010366.9335,0.7280,0.7080,39.0000,-0.6380,-0.6750,-34.0000,0.6380,0.6150,40.0000,-0.7280,-0.7010,-37.0000
1786010366.9829,0.7280,0.7040,39.0000,-0.6380,-0.5930,-38.0000,0.6380,0.6070,41.0000,-0.7280,-0.7150,-37.0000
1786010367.0329,0.7280,0.6670,42.0000,-0.6380,-0.5700,-40.0000,0.6380,0.6040,41.0000,-0.7280,-0.7290,-36.0000
1786010367.0829,0.7280,0.6950,41.0000,-0.6380,-0.5640,-41.0000,0.6380,0.6280,40.0000,-0.7280,-0.7400,-36.0000
1786010367.1328,0.7280,0.7110,40.0000,-0.6380,-0.5750,-41.0000,0.6380,0.6400,40.0000,-0.7280,-0.7520,-35.0000
1786010367.1827,0.7280,0.7260,40.0000,-0.6380,-0.5930,-41.0000,0.6380,0.6380,40.0000,-0.7280,-0.7530,-35.0000
1786010367.2328,0.7280,0.7300,39.0000,-0.6380,-0.6090,-40.0000,0.6380,0.6450,39.0000,-0.7280,-0.7570,-34.0000
1786010367.2828,0.7280,0.7490,38.0000,-0.6380,-0.6410,-39.0000,0.6380,0.6640,38.0000,-0.7280,-0.7290,-36.0000
1786010367.3328,0.7280,0.7560,38.0000,-0.6380,-0.6660,-37.0000,0.6380,0.6400,39.0000,-0.7280,-0.7570,-34.0000
1786010367.3829,0.7280,0.7250,39.0000,-0.6380,-0.6850,-36.0000,0.6380,0.6720,37.0000,-0.7280,-0.7330,-35.0000
1786010367.4328,0.7280,0.7440,38.0000,-0.6380,-0.6850,-36.0000,0.6380,0.6490,38.0000,-0.7280,-0.7480,-34.0000
1786010367.4829,0.7280,0.7480,38.0000,-0.6380,-0.6840,-35.0000,0.6380,0.6250,39.0000,-0.7280,-0.7260,-35.0000
1786010367.5335,0.7280,0.7390,38.0000,-0.6380,-0.6970,-34.0000,0.6380,0.6020,41.0000,-0.7280,-0.7050,-36.0000
1786010367.5828,0.7280,0.7410,38.0000,-0.6380,-0.6830,-34.0000,0.6380,0.5820,42.0000,-0.7280,-0.6870,-37.0000
1786010367.6327,0.7280,0.7290,38.0000,-0.6380,-0.6270,-37.0000,0.6380,0.5600,44.0000,-0.7280,-0.7010,-37.0000
1786010367.6828,0.7280,0.7110,39.0000,-0.6380,-0.5960,-38.0000,0.6380,0.5630,45.0000,-0.7280,-0.7300,-36.0000
1786010367.7328,0.7280,0.7170,39.0000,-0.6380,-0.5560,-41.0000,0.6380,0.6090,43.0000,-0.7280,-0.7330,-36.0000
1786010367.7828,0.7280,0.7370,38.0000,-0.6380,-0.5620,-42.0000,0.6380,0.6060,44.0000,-0.7280,-0.7380,-35.0000
1786010367.8328,0.7280,0.7410,38.0000,-0.6380,-0.5690,-42.0000,0.6380,0.6440,42.0000,-0.7280,-0.7340,-36.0000
1786010367.8828,0.7280,0.7400,38.0000,-0.6380,-0.6020,-41.0000,0.6380,0.6860,40.0000,-0.7280,-0.7540,-34.0000
1786010367.9327,0.7280,0.7420,37.0000,-0.6380,-0.6300,-40.0000,0.6380,0.7080,38.0000,-0.7280,-0.7600,-34.0000
1786010367.9828,0.7280,0.7360,37.0000,-0.6380,-0.6800,-37.0000,0.6380,0.7150,37.0000,-0.7280,-0.7550,-34.0000
1786010368.0328,0.7280,0.7220,38.0000,-0.6380,-0.6900,-37.0000,0.6380,0.7060,37.0000,-0.7280,-0.7410,-34.0000
1786010368.0836,0.7280,0.7270,38.0000,-0.6380,-0.6950,-36.0000,0.6380,0.6890,37.0000,-0.7280,-0.7560,-33.0000
1786010368.1328,0.7280,0.7370,37.0000,-0.6380,-0.6910,-35.0000,0.6380,0.6670,37.0000,-0.7280,-0.7430,-33.0000
1786010368.1837,0.7280,0.7550,36.0000,-0.6380,-0.6780,-35.0000,0.6380,0.6420,38.0000,-0.7280,-0.7350,-34.0000
1786010368.2328,0.7280,0.7530,36.0000,-0.6380,-0.6580,-36.0000,0.6380,0.5730,42.0000,-0.7280,-0.7440,-33.0000
1786010368.2828,0.7280,0.7460,36.0000,-0.6380,-0.6640,-35.0000,0.6380,0.5140,46.0000,-0.7280,-0.7200,-34.0000
1786010368.3328,0.7280,0.7480,36.0000,-0.6380,-0.6550,-36.0000,0.6380,0.5210,47.0000,-0.7280,-0.7160,-35.0000
1786010368.3829,0.7280,0.7290,37.0000,-0.6380,-0.6130,-38.0000,0.6380,0.5730,45.0000,-0.7280,-0.7070,-35.0000
1786010368.4328,0.7280,0.7210,37.0000,-0.6380,-0.5840,-40.0000,0.6380,0.6320,43.0000,-0.7280,-0.7230,-34.0000
1786010368.4835,0.7280,0.7150,37.0000,-0.6380,-0.5810,-40.0000,0.6380,0.6600,41.0000,-0.7280,-0.7210,-35.0000
1786010368.5328,0.7280,0.7190,37.0000,-0.6380,-0.6030,-40.0000,0.6380,0.6840,40.0000,-0.7280,-0.7400,-34.0000
1786010368.5829,0.7280,0.7150,38.0000,-0.6380,-0.6130,-40.0000,0.6380,0.6970,39.0000,-0.7280,-0.7310,-34.0000
1786010368.6328,0.7280,0.7240,37.0000,-0.6380,-0.6730,-36.0000,0.6380,0.7020,38.0000,-0.7280,-0.7450,-33.0000
1786010368.6828,0.7280,0.7320,37.0000,-0.6380,-0.6650,-37.0000,0.6380,0.6880,38.0000,-0.7280,-0.7410,-33.0000
1786010368.7329,0.7280,0.7320,37.0000,-0.6380,-0.6710,-36.0000,0.6380,0.6990,36.0000,-0.7280,-0.7360,-33.0000
1786010368.7837,0.7280,0.7430,36.0000,-0.6380,-0.6640,-36.0000,0.6380,0.6770,37.0000,-0.7280,-0.7440,-33.0000
1786010368.8328,0.7280,0.7510,36.0000,-0.6380,-0.6730,-35.0000,0.6380,0.6570,38.0000,-0.7280,-0.7410,-33.0000
1786010368.8829,0.7280,0.7450,36.0000,-0.6380,-0.6670,-35.0000,0.6380,0.5860,42.0000,-0.7280,-0.7310,-33.0000
1786010368.9328,0.7280,0.7520,35.0000,-0.6380,-0.6420,-36.0000,0.6380,0.5350,45.0000,-0.7280,-0.7240,-34.0000
1786010368.9838,0.7280,0.7360,36.0000,-0.6380,-0.5940,-39.0000,0.6380,0.5500,45.0000,-0.7280,-0.7090,-35.0000
1786010369.0329,0.7280,0.7340,36.0000,-0.6380,-0.5730,-41.0000,0.6380,0.5810,44.0000,-0.7280,-0.6980,-35.0000
1786010369.0831,0.7280,0.7350,36.0000,-0.6380,-0.5370,-43.0000,0.6380,0.6290,42.0000,-0.7280,-0.7100,-35.0000
1786010369.1328,0.7280,0.7340,36.0000,-0.6380,-0.5470,-44.0000,0.6380,0.6360,42.0000,-0.7280,-0.7170,-35.0000
1786010369.1835,0.7280,0.7330,36.0000,-0.6380,-0.5920,-42.0000,0.6380,0.6530,41.0000,-0.7280,-0.7490,-33.0000
1786010369.2328,0.7280,0.7380,35.0000,-0.6380,-0.6220,-41.0000,0.6380,0.6740,40.0000,-0.7280,-0.7370,-34.0000
1786010369.2829,0.7280,0.7410,35.0000,-0.6380,-0.6700,-39.0000,0.6380,0.7090,38.0000,-0.7280,-0.7340,-34.0000
1786010369.3328,0.7280,0.7340,35.0000,-0.6380,-0.6930,-37.0000,0.6380,0.6960,38.0000,-0.7280,-0.7320,-34.0000
1786010369.3828,0.7280,0.7350,35.0000,-0.6380,-0.6850,-37.0000,0.6380,0.6970,37.0000,-0.7280,-0.7480,-33.0000
1786010369.4335,0.7280,0.7380,35.0000,-0.6380,-0.6720,-38.0000,0.6380,0.6670,38.0000,-0.7280,-0.7360,-33.0000
1786010369.4829,0.7280,0.7160,36.0000,-0.6380,-0.7040,-35.0000,0.6380,0.6200,40.0000,-0.7280,-0.7290,-34.0000
1786010369.5329,0.7280,0.7000,37.0000,-0.6380,-0.6840,-36.0000,0.6380,0.5520,44.0000,-0.7280,-0.7430,-33.0000
1786010369.5829,0.7280,0.7050,37.0000,-0.6380,-0.6540,-37.0000,0.6380,0.4950,48.0000,-0.7280,-0.7240,-34.0000
1786010369.6328,0.7280,0.7310,36.0000,-0.6380,-0.6060,-39.0000,0.6380,0.5010,49.0000,-0.7280,-0.7300,-33.0000
1786010369.6829,0.7280,0.7480,35.0000,-0.6380,-0.5610,-42.0000,0.6380,0.5440,48.0000,-0.7280,-0.7170,-34.0000
1786010369.7329,0.7280,0.7360,36.0000,-0.6380,-0.5350,-44.0000,0.6380,0.6130,46.0000,-0.7280,-0.7420,-33.0000
1786010369.7829,0.7280,0.7350,36.0000,-0.6380,-0.5220,-46.0000,0.6380,0.6480,44.0000,-0.7280,-0.7320,-33.0000
1786010369.8329,0.7280,0.7520,34.0000,-0.6380,-0.5800,-44.0000,0.6380,0.6800,43.0000,-0.7280,-0.7290,-33.0000
1786010369.8828,0.7280,0.7360,35.0000,-0.6380,-0.6160,-43.0000,0.6380,0.7130,40.0000,-0.7280,-0.7230,-34.0000
1786010369.9328,0.7280,0.7460,34.0000,-0.6380,-0.6580,-41.0000,0.6380,0.7760,36.0000,-0.7280,-0.7420,-33.0000
1786010369.9829,0.7280,0.7450,34.0000,-0.6380,-0.6880,-39.0000,0.6380,0.7530,36.0000,-0.7280,-0.7250,-33.0000
1786010370.0335,0.7280,0.7390,34.0000,-0.6380,-0.7120,-37.0000,0.6380,0.7670,34.0000,-0.7280,-0.7250,-33.0000
1786010370.0830,0.7280,0.7310,35.0000,-0.6380,-0.6600,-40.0000,0.6380,0.6910,37.0000,-0.7280,-0.7330,-33.0000
1786010370.1332,0.7280,0.6700,38.0000,-0.6380,-0.6560,-39.0000,0.6380,0.5960,41.0000,-0.7280,-0.7260,-33.0000
1786010370.1829,0.4880,0.7190,15.0000,-0.8780,-0.7600,-54.0000,0.2780,0.3880,22.0000,-1.0880,-0.8170,-60.0000
1786010370.2329,0.0720,0.1450,2.0000,-1.2940,-1.2190,-67.0000,-0.0190,-0.0450,9.0000,-1.3850,-1.3710,-58.0000
1786010370.2829,0.0720,0.0270,4.0000,-1.2940,-1.2420,-69.0000,-0.0190,-0.0470,7.0000,-1.3850,-1.3770,-61.0000
1786010370.3329,0.3120,0.0410,30.0000,-1.0540,-1.2140,-51.0000,0.3410,0.0030,44.0000,-1.0250,-1.2820,-36.0000
1786010370.3829,0.7280,0.6590,35.0000,-0.6380,-0.8590,-32.0000,0.6380,0.3880,53.0000,-0.7280,-0.7690,-35.0000
1786010370.4328,0.7280,0.7200,35.0000,-0.6380,-0.7330,-34.0000,0.6380,0.4640,52.0000,-0.7280,-0.7540,-33.0000
1786010370.4829,0.7280,0.7400,35.0000,-0.6380,-0.6580,-37.0000,0.6380,0.5380,52.0000,-0.7280,-0.7250,-33.0000
1786010370.5328,0.7280,0.7510,35.0000,-0.6380,-0.6210,-38.0000,0.6380,0.6430,48.0000,-0.7280,-0.7360,-32.0000
1786010370.5829,0.7280,0.7330,36.0000,-0.6380,-0.6290,-37.0000,0.6380,0.6770,46.0000,-0.7280,-0.7190,-33.0000
1786010370.6329,0.7280,0.7490,35.0000,-0.6380,-0.6350,-37.0000,0.6380,0.6880,46.0000,-0.7280,-0.7170,-34.0000
1786010370.6830,0.7280,0.7370,35.0000,-0.6380,-0.6980,-33.0000,0.6380,0.6530,47.0000,-0.7280,-0.7210,-33.0000
1786010370.7329,0.7280,0.7400,35.0000,-0.6380,-0.6830,-34.0000,0.6380,0.7050,44.0000,-0.7280,-0.7290,-33.0000
1786010370.7829,0.7280,0.7350,35.0000,-0.6380,-0.5820,-39.0000,0.6380,0.7470,41.0000,-0.7280,-0.7250,-33.0000
1786010370.8328,0.7280,0.7280,35.0000,-0.6380,-0.5560,-41.0000,0.6380,0.6980,43.0000,-0.7280,-0.7110,-34.0000
1786010370.8828,0.7280,0.7360,35.0000,-0.6380,-0.5250,-43.0000,0.6380,0.6950,42.0000,-0.7280,-0.7310,-33.0000
1786010370.9328,0.7280,0.7330,35.0000,-0.6380,-0.5510,-43.0000,0.6380,0.7230,39.0000,-0.7280,-0.7230,-34.0000
1786010370.9828,0.7280,0.7250,35.0000,-0.6380,-0.5730,-43.0000,0.6380,0.6860,41.0000,-0.7280,-0.7300,-33.0000
1786010371.0328,0.7280,0.7270,35.0000,-0.6380,-0.6250,-41.0000,0.6380,0.6230,44.0000,-0.7280,-0.7200,-34.0000
1786010371.0832,0.7280,0.7250,35.0000,-0.6380,-0.6480,-40.0000,0.6380,0.5770,46.0000,-0.7280,-0.7420,-33.0000
1786010371.1328,0.7280,0.6990,37.0000,-0.6380,-0.6730,-39.0000,0.6380,0.5870,47.0000,-0.7280,-0.7260,-33.0000
1786010371.1837,0.7280,0.7020,37.0000,-0.6380,-0.6820,-38.0000,0.6380,0.6200,45.0000,-0.7280,-0.7280,-33.0000
1786010371.2329,0.7280,0.7190,36.0000,-0.6380,-0.6780,-38.0000,0.6380,0.6260,45.0000,-0.7280,-0.7240,-34.0000
1786010371.2829,0.7280,0.7340,35.0000,-0.6380,-0.6680,-38.0000,0.6380,0.6290,45.0000,-0.7280,-0.7370,-33.0000
1786010371.3329,0.7280,0.7340,35.0000,-0.6380,-0.6780,-37.0000,0.6380,0.6820,42.0000,-0.7280,-0.7250,-34.0000
1786010371.3837,0.7280,0.7250,36.0000,-0.6380,-0.6620,-37.0000,0.6380,0.6740,42.0000,-0.7280,-0.7220,-34.0000
1786010371.4328,0.7280,0.7330,35.0000,-0.6380,-0.6280,-39.0000,0.6380,0.6450,43.0000,-0.7280,-0.7360,-33.0000
1786010371.4829,0.7280,0.7190,36.0000,-0.6380,-0.5540,-43.0000,0.6380,0.6830,41.0000,-0.7280,-0.7330,-33.0000
1786010371.5329,0.7280,0.7080,37.0000,-0.6380,-0.5310,-45.0000,0.6380,0.7100,39.0000,-0.7280,-0.7250,-33.0000
1786010371.5829,0.7280,0.7030,37.0000,-0.6380,-0.5430,-45.0000,0.6380,0.6590,41.0000,-0.7280,-0.7170,-34.0000
1786010371.6337,0.7280,0.7130,37.0000,-0.6380,-0.5810,-44.0000,0.6380,0.5540,47.0000,-0.7280,-0.7390,-33.0000
1786010371.6828,0.7280,0.7060,38.0000,-0.6380,-0.6350,-42.0000,0.6380,0.5260,49.0000,-0.7280,-0.7240,-34.0000
1786010371.7329,0.7280,0.7030,38.0000,-0.6380,-0.6680,-40.0000,0.6380,0.5300,49.0000,-0.7280,-0.7270,-33.0000
1786010371.7829,0.7280,0.7120,38.0000,-0.6380,-0.6940,-39.0000,0.6380,0.5640,49.0000,-0.7280,-0.7170,-34.0000
1786010371.8329,0.7280,0.7490,36.0000,-0.6380,-0.6850,-39.0000,0.6380,0.5940,48.0000,-0.7280,-0.7420,-33.0000
1786010371.8829,0.7280,0.7470,36.0000,-0.6380,-0.6920,-38.0000,0.6380,0.6160,48.0000,-0.7280,-0.7220,-34.0000
1786010371.9329,0.7280,0.7500,36.0000,-0.6380,-0.6910,-37.0000,0.6380,0.6440,46.0000,-0.7280,-0.7220,-34.0000
1786010371.9829,0.7280,0.7550,35.0000,-0.6380,-0.6820,-37.0000,0.6380,0.7010,43.0000,-0.7280,-0.7280,-33.0000
1786010372.0329,0.7280,0.7530,35.0000,-0.6380,-0.6790,-37.0000,0.6380,0.7070,42.0000,-0.7280,-0.7290,-33.0000
1786010372.0829,0.7280,0.7520,35.0000,-0.6380,-0.6480,-38.0000,0.6380,0.6860,43.0000,-0.7280,-0.7310,-33.0000
1786010372.1329,0.7280,0.7410,35.0000,-0.6380,-0.5690,-42.0000,0.6380,0.6920,42.0000,-0.7280,-0.7230,-34.0000
1786010372.1829,0.7280,0.7290,35.0000,-0.6380,-0.5220,-46.0000,0.6380,0.7030,40.0000,-0.7280,-0.7390,-33.0000
1786010372.2329,0.7280,0.7210,36.0000,-0.6380,-0.5190,-47.0000,0.6380,0.6890,40.0000,-0.7280,-0.7330,-33.0000
1786010372.2830,0.7280,0.6880,38.0000,-0.6380,-0.5890,-44.0000,0.6380,0.6780,40.0000,-0.7280,-0.7340,-33.0000
1786010372.3337,0.7280,0.7090,37.0000,-0.6380,-0.5980,-44.0000,0.6380,0.6580,41.0000,-0.7280,-0.7250,-33.0000
1786010372.3830,0.7280,0.6870,39.0000,-0.6380,-0.6330,-43.0000,0.6380,0.6130,43.0000,-0.7280,-0.7520,-32.0000
1786010372.4329,0.7280,0.6990,38.0000,-0.6380,-0.7000,-39.0000,0.6380,0.5790,45.0000,-0.7280,-0.7290,-33.0000
1786010372.4830,0.7280,0.7200,37.0000,-0.6380,-0.7080,-39.0000,0.6380,0.5690,46.0000,-0.7280,-0.7250,-33.0000
1786010372.5329,0.7280,0.7540,35.0000,-0.6380,-0.6850,-39.0000,0.6380,0.5980,45.0000,-0.7280,-0.7160,-34.0000
1786010372.5829,0.7280,0.7550,35.0000,-0.6380,-0.6670,-40.0000,0.6380,0.6240,44.0000,-0.7280,-0.7180,-34.0000
1786010372.6329,0.7280,0.7490,35.0000,-0.6380,-0.6870,-38.0000,0.6380,0.6640,42.0000,-0.7280,-0.7220,-34.0000
1786010372.6829,0.7280,0.7360,36.0000,-0.6380,-0.6970,-37.0000,0.6380,0.6600,43.0000,-0.7280,-0.7190,-34.0000
1786010372.7330,0.7280,0.7420,35.0000,-0.6380,-0.6790,-37.0000,0.6380,0.6500,43.0000,-0.7280,-0.7340,-33.0000
1786010372.7829,0.7280,0.7410,35.0000,-0.6380,-0.6230,-40.0000,0.6380,0.6500,43.0000,-0.7280,-0.7030,-35.0000
1786010372.8329,0.7280,0.7350,35.0000,-0.6380,-0.5750,-42.0000,0.6380,0.7010,40.0000,-0.7280,-0.7170,-34.0000
1786010372.8830,0.7280,0.7280,36.0000,-0.6380,-0.5580,-44.0000,0.6380,0.6790,40.0000,-0.7280,-0.7040,-35.0000
1786010372.9329,0.7280,0.7230,36.0000,-0.6380,-0.5920,-43.0000,0.6380,0.6540,41.0000,-0.7280,-0.7260,-34.0000
1786010372.9830,0.7280,0.7150,37.0000,-0.6380,-0.6160,-42.0000,0.6380,0.6090,44.0000,-0.7280,-0.7140,-35.0000
1786010373.0330,0.7280,0.7250,36.0000,-0.6380,-0.6360,-41.0000,0.6380,0.5810,46.0000,-0.7280,-0.7210,-35.0000
1786010373.0830,0.7280,0.7130,37.0000,-0.6380,-0.6740,-39.0000,0.6380,0.5740,47.0000,-0.7280,-0.7260,-34.0000
1786010373.1329,0.7280,0.7280,36.0000,-0.6380,-0.7010,-37.0000,0.6380,0.5740,47.0000,-0.7280,-0.7280,-34.0000
1786010373.1829,0.7280,0.7370,36.0000,-0.6380,-0.6940,-37.0000,0.6380,0.6150,46.0000,-0.7280,-0.7150,-35.0000
1786010373.2329,0.7280,0.7340,36.0000,-0.6380,-0.7070,-36.0000,0.6380,0.6570,44.0000,-0.7280,-0.7320,-34.0000
1786010373.2830,0.7280,0.7350,36.0000,-0.6380,-0.6960,-36.0000,0.6380,0.6970,41.0000,-0.7280,-0.7400,-34.0000
1786010373.3329,0.7280,0.7280,36.0000,-0.6380,-0.6890,-35.0000,0.6380,0.6710,42.0000,-0.7280,-0.7390,-34.0000
1786010373.3830,0.7280,0.7180,36.0000,-0.6380,-0.6290,-38.0000,0.6380,0.6420,44.0000,-0.7280,-0.7380,-34.0000
1786010373.4329,0.7280,0.7200,36.0000,-0.6380,-0.5610,-42.0000,0.6380,0.6860,41.0000,-0.7280,-0.7050,-36.0000
1786010373.4830,0.7280,0.7180,37.0000,-0.6380,-0.5120,-45.0000,0.6380,0.7180,38.0000,-0.7280,-0.7330,-34.0000
1786010373.5330,0.7280,0.7040,38.0000,-0.6380,-0.5630,-44.0000,0.6380,0.6970,39.0000,-0.7280,-0.7150,-35.0000
1786010373.5830,0.7280,0.7010,38.0000,-0.6380,-0.5730,-44.0000,0.6380,0.6780,39.0000,-0.7280,-0.7450,-33.0000
1786010373.6329,0.7280,0.7220,37.0000,-0.6380,-0.6060,-43.0000,0.6380,0.6510,40.0000,-0.7280,-0.7240,-35.0000
1786010373.6830,0.7280,0.7240,37.0000,-0.6380,-0.6420,-42.0000,0.6380,0.6450,40.0000,-0.7280,-0.7510,-33.0000
1786010373.7329,0.7280,0.7130,38.0000,-0.6380,-0.6790,-40.0000,0.6380,0.6080,42.0000,-0.7280,-0.7290,-34.0000
1786010373.7830,0.7280,0.7220,37.0000,-0.6380,-0.7020,-38.0000,0.6380,0.5950,43.0000,-0.7280,-0.7340,-34.0000
1786010373.8329,0.7280,0.7440,36.0000,-0.6380,-0.7170,-37.0000,0.6380,0.5930,44.0000,-0.7280,-0.7270,-34.0000
1786010373.8829,0.7280,0.7400,36.0000,-0.6380,-0.7190,-36.0000,0.6380,0.6330,42.0000,-0.7280,-0.7330,-34.0000
1786010373.9330,0.7280,0.7360,37.0000,-0.6380,-0.7030,-36.0000,0.6380,0.6280,42.0000,-0.7280,-0.7260,-34.0000
1786010373.9830,0.7280,0.7340,36.0000,-0.6380,-0.6960,-35.0000,0.6380,0.6390,42.0000,-0.7280,-0.7110,-35.0000
1786010374.0329,0.7280,0.7300,37.0000,-0.6380,-0.6580,-36.0000,0.6380,0.6520,41.0000,-0.7280,-0.7060,-35.0000
1786010374.0830,0.7280,0.7170,37.0000,-0.6380,-0.6120,-39.0000,0.6380,0.6670,40.0000,-0.7280,-0.7030,-36.0000
1786010374.1330,0.7280,0.7150,38.0000,-0.6380,-0.5610,-42.0000,0.6380,0.6730,40.0000,-0.7280,-0.7190,-35.0000
1786010374.1830,0.7280,0.7150,38.0000,-0.6380,-0.5560,-43.0000,0.6380,0.6680,40.0000,-0.7280,-0.7160,-36.0000
1786010374.2330,0.7280,0.7020,39.0000,-0.6380,-0.5860,-42.0000,0.6380,0.6430,41.0000,-0.7280,-0.7350,-35.0000
1786010374.2829,0.7280,0.6920,40.0000,-0.6380,-0.6290,-40.0000,0.6380,0.6100,42.0000,-0.7280,-0.7250,-35.0000
1786010374.3330,0.7280,0.7250,38.0000,-0.6380,-0.6540,-39.0000,0.6380,0.5640,45.0000,-0.7280,-0.7230,-35.0000
1786010374.3830,0.7280,0.7310,38.0000,-0.6380,-0.6910,-37.0000,0.6380,0.5480,47.0000,-0.7280,-0.7310,-35.0000
1786010374.4330,0.7280,0.7380,37.0000,-0.6380,-0.6900,-36.0000,0.6380,0.5720,46.0000,-0.7280,-0.7540,-33.0000
1786010374.4830,0.7280,0.7440,37.0000,-0.6380,-0.7030,-35.0000,0.6380,0.6000,46.0000,-0.7280,-0.7210,-35.0000
1786010374.5330,0.7280,0.7460,37.0000,-0.6380,-0.7010,-34.0000,0.6380,0.6570,43.0000,-0.7280,-0.7140,-36.0000
1786010374.5830,0.7280,0.7550,36.0000,-0.6380,-0.6690,-35.0000,0.6380,0.6580,43.0000,-0.7280,-0.7180,-35.0000
1786010374.6330,0.7280,0.7560,36.0000,-0.6380,-0.6590,-35.0000,0.6380,0.6860,41.0000,-0.7280,-0.7180,-36.0000
1786010374.6830,0.7280,0.7510,35.0000,-0.6380,-0.6440,-36.0000,0.6380,0.6860,41.0000,-0.7280,-0.7190,-36.0000
1786010374.7330,0.7280,0.7460,36.0000,-0.6380,-0.6440,-36.0000,0.6380,0.7290,38.0000,-0.7280,-0.7140,-36.0000
1786010374.7830,0.7280,0.7480,35.0000,-0.6380,-0.5970,-38.0000,0.6380,0.6990,39.0000,-0.7280,-0.7270,-35.0000
1786010374.8330,0.7280,0.7360,36.0000,-0.6380,-0.5290,-43.0000,0.6380,0.6450,41.0000,-0.7280,-0.7330,-35.0000
1786010374.8830,0.7280,0.7060,37.0000,-0.6380,-0.5480,-43.0000,0.6380,0.6360,41.0000,-0.7280,-0.7540,-34.0000
1786010374.9329,0.7280,0.6850,39.0000,-0.6380,-0.6060,-40.0000,0.6380,0.6530,40.0000,-0.7280,-0.7410,-35.0000
1786010374.9830,0.7280,0.6970,38.0000,-0.6380,-0.6260,-40.0000,0.6380,0.6170,42.0000,-0.7280,-0.7620,-33.0000
1786010375.0330,0.7280,0.6860,39.0000,-0.6380,-0.6760,-37.0000,0.6380,0.5910,44.0000,-0.7280,-0.7490,-34.0000
1786010375.0829,0.7280,0.6900,40.0000,-0.6380,-0.6830,-37.0000,0.6380,0.5510,47.0000,-0.7280,-0.7370,-34.0000
1786010375.1330,0.7280,0.7080,39.0000,-0.6380,-0.6640,-37.0000,0.6380,0.6020,44.0000,-0.7280,-0.7300,-34.0000
1786010375.1830,0.7280,0.7340,38.0000,-0.6380,-0.6560,-37.0000,0.6380,0.6510,42.0000,-0.7280,-0.7040,-36.0000
1786010375.2331,0.7280,0.7520,37.0000,-0.6380,-0.6430,-38.0000,0.6380,0.6200,44.0000,-0.7280,-0.7070,-36.0000
1786010375.2831,0.7280,0.7470,37.0000,-0.6380,-0.6550,-37.0000,0.6380,0.6370,43.0000,-0.7280,-0.6860,-37.0000
1786010375.3330,0.7280,0.7620,36.0000,-0.6380,-0.6490,-37.0000,0.6380,0.6270,44.0000,-0.7280,-0.6850,-38.0000
1786010375.3830,0.7280,0.7510,36.0000,-0.6380,-0.6300,-38.0000,0.6380,0.6730,41.0000,-0.7280,-0.6620,-39.0000
1786010375.4330,0.7280,0.7540,35.0000,-0.6380,-0.6000,-40.0000,0.6380,0.6610,42.0000,-0.7280,-0.6720,-40.0000
1786010375.4831,0.7280,0.7270,37.0000,-0.6380,-0.5970,-41.0000,0.6380,0.6850,40.0000,-0.7280,-0.7260,-37.0000
1786010375.5330,0.7280,0.7090,38.0000,-0.6380,-0.6110,-40.0000,0.6380,0.7090,38.0000,-0.7280,-0.7810,-34.0000
1786010375.5830,0.7280,0.7010,38.0000,-0.6380,-0.6710,-37.0000,0.6380,0.6840,39.0000,-0.7280,-0.7510,-36.0000
1786010375.6329,0.7280,0.6980,39.0000,-0.6380,-0.6750,-37.0000,0.6380,0.6450,41.0000,-0.7280,-0.7180,-37.0000
1786010375.6830,0.7280,0.7120,38.0000,-0.6380,-0.6850,-36.0000,0.6380,0.6300,41.0000,-0.7280,-0.6680,-40.0000
1786010375.7330,0.7280,0.7220,38.0000,-0.6380,-0.6480,-37.0000,0.6380,0.6350,41.0000,-0.7280,-0.6650,-41.0000
1786010375.7830,0.7280,0.6990,39.0000,-0.6380,-0.6430,-37.0000,0.6380,0.6570,40.0000,-0.7280,-0.6560,-42.0000
1786010375.8330,0.7280,0.6900,40.0000,-0.6380,-0.6440,-37.0000,0.6380,0.6320,41.0000,-0.7280,-0.6730,-42.0000
1786010375.8830,0.7280,0.6830,41.0000,-0.6380,-0.6340,-38.0000,0.6380,0.6530,40.0000,-0.7280,-0.7040,-41.0000
1786010375.9330,0.7280,0.6870,41.0000,-0.6380,-0.6480,-37.0000,0.6380,0.6650,39.0000,-0.7280,-0.7240,-40.0000
1786010375.9830,0.7280,0.6770,42.0000,-0.6380,-0.6590,-36.0000,0.6380,0.6970,37.0000,-0.7280,-0.7040,-41.0000
1786010376.0330,0.7280,0.6860,42.0000,-0.6380,-0.6440,-37.0000,0.6380,0.6860,37.0000,-0.7280,-0.6850,-43.0000
1786010376.0830,0.7280,0.7140,41.0000,-0.6380,-0.6620,-36.0000,0.6380,0.6850,37.0000,-0.7280,-0.6970,-42.0000
1786010376.1330,0.7280,0.7390,40.0000,-0.6380,-0.6670,-35.0000,0.6380,0.6610,38.0000,-0.7280,-0.7620,-39.0000
1786010376.1830,0.7280,0.7130,42.0000,-0.6380,-0.6820,-34.0000,0.6380,0.6760,36.0000,-0.7280,-0.8100,-36.0000
1786010376.2329,0.7280,0.7100,42.0000,-0.6380,-0.6810,-33.0000,0.6380,0.6770,36.0000,-0.7280,-0.8030,-36.0000
1786010376.2830,0.7280,0.7070,42.0000,-0.6380,-0.6890,-32.0000,0.6380,0.6660,36.0000,-0.7280,-0.8050,-35.0000
1786010376.3330,0.7280,0.7050,43.0000,-0.6380,-0.6630,-33.0000,0.6380,0.5790,41.0000,-0.7280,-0.7200,-39.0000
1786010376.3832,0.7280,0.7290,41.0000,-0.6380,-0.6580,-33.0000,0.6380,0.6410,37.0000,-0.7280,-0.6770,-41.0000
1786010376.4330,0.7280,0.7650,39.0000,-0.6380,-0.6260,-35.0000,0.6380,0.6210,39.0000,-0.7280,-0.6450,-43.0000
1786010376.4835,0.7280,0.7580,39.0000,-0.6380,-0.6450,-34.0000,0.6380,0.6120,40.0000,-0.7280,-0.7060,-40.0000
1786010376.5339,0.7280,0.7100,42.0000,-0.6380,-0.6440,-34.0000,0.6380,0.6360,38.0000,-0.7280,-0.6980,-42.0000
1786010376.5842,0.7280,0.7180,41.0000,-0.6380,-0.6490,-33.0000,0.6380,0.6440,38.0000,-0.7280,-0.7220,-40.0000
1786010376.6338,0.7280,0.7190,41.0000,-0.6380,-0.6490,-33.0000,0.6380,0.6520,37.0000,-0.7280,-0.7340,-40.0000
1786010376.6830,0.7280,0.7150,42.0000,-0.6380,-0.6410,-34.0000,0.6380,0.6490,37.0000,-0.7280,-0.7460,-39.0000
1786010376.7341,0.7280,0.7230,41.0000,-0.6380,-0.6220,-35.0000,0.6380,0.6500,37.0000,-0.7280,-0.7480,-39.0000
1786010376.7831,0.7280,0.7110,42.0000,-0.6380,-0.6270,-34.0000,0.6380,0.6760,36.0000,-0.7280,-0.7780,-37.0000
1786010376.8338,0.7280,0.7220,42.0000,-0.6380,-0.6470,-33.0000,0.6380,0.6650,36.0000,-0.7280,-0.7870,-36.0000
1786010376.8830,0.7280,0.7270,42.0000,-0.6380,-0.6580,-33.0000,0.6380,0.6300,38.0000,-0.7280,-0.7300,-39.0000
1786010376.9330,0.7280,0.7430,41.0000,-0.6380,-0.6230,-35.0000,0.6380,0.6130,39.0000,-0.7280,-0.6860,-41.0000
1786010376.9831,0.7280,0.7390,41.0000,-0.6380,-0.6270,-35.0000,0.6380,0.6200,38.0000,-0.7280,-0.6780,-42.0000
1786010377.0330,0.7280,0.7460,40.0000,-0.6380,-0.6360,-34.0000,0.6380,0.6340,38.0000,-0.7280,-0.7100,-40.0000
1786010377.0830,0.2480,0.5820,7.0000,-0.1580,-0.4830,2.0000,0.0380,0.3890,-10.0000,-0.1280,-0.4530,2.0000
1786010377.1328,0.0000,0.0610,0.0000,0.0000,-0.0100,0.0000,0.0000,0.0030,0.0000,0.0000,-0.0110,0.0000
1786010377.1830,-0.4800,-0.2240,-37.0000,0.4800,0.2500,36.0000,-0.6000,-0.2860,-45.0000,0.6000,0.3380,42.0000
1786010377.2330,-0.7280,-0.7120,-36.0000,0.6380,0.6540,32.0000,-0.6380,-0.6630,-32.0000,0.7280,0.7280,37.0000
1786010377.2843,-0.7280,-0.7210,-38.0000,0.6380,0.6350,35.0000,-0.6380,-0.6200,-37.0000,0.7280,0.7040,40.0000
1786010377.3331,-0.7280,-0.6060,-46.0000,0.6380,0.6260,36.0000,-0.6380,-0.6430,-36.0000,0.7280,0.6900,42.0000
1786010377.3830,-0.7280,-0.6850,-42.0000,0.6380,0.6350,36.0000,-0.6380,-0.6520,-35.0000,0.7280,0.7400,39.0000
1786010377.4330,-0.7280,-0.7200,-41.0000,0.6380,0.5820,39.0000,-0.6380,-0.6540,-35.0000,0.7280,0.7000,42.0000
1786010377.4832,-0.7280,-0.7180,-41.0000,0.6380,0.6120,37.0000,-0.6380,-0.6450,-36.0000,0.7280,0.6940,43.0000
1786010377.5331,-0.7280,-0.6990,-43.0000,0.6380,0.6430,36.0000,-0.6380,-0.6400,-36.0000,0.7280,0.6450,46.0000
1786010377.5831,-0.7280,-0.6910,-43.0000,0.6380,0.6560,35.0000,-0.6380,-0.6170,-37.0000,0.7280,0.6160,48.0000
1786010377.6331,-0.7280,-0.7260,-42.0000,0.6380,0.6750,34.0000,-0.6380,-0.6300,-37.0000,0.7280,0.6410,48.0000
1786010377.6831,-0.7280,-0.7540,-40.0000,0.6380,0.6860,33.0000,-0.6380,-0.6480,-36.0000,0.7280,0.6840,47.0000
1786010377.7332,-0.7280,-0.7380,-41.0000,0.6380,0.6670,34.0000,-0.6380,-0.6360,-36.0000,0.7280,0.7050,46.0000
1786010377.7830,-0.7280,-0.7080,-43.0000,0.6380,0.6770,33.0000,-0.6380,-0.6240,-37.0000,0.7280,0.7230,46.0000
1786010377.8331,-0.7280,-0.7210,-42.0000,0.6380,0.6890,32.0000,-0.6380,-0.6130,-38.0000,0.7280,0.7350,45.0000
1786010377.8830,-0.7280,-0.7340,-41.0000,0.6380,0.6740,32.0000,-0.6380,-0.6190,-38.0000,0.7280,0.6980,47.0000
1786010377.9331,-0.7280,-0.6990,-43.0000,0.6380,0.6400,33.0000,-0.6380,-0.6280,-37.0000,0.7280,0.7420,45.0000
1786010377.9832,-0.7280,-0.6920,-44.0000,0.6380,0.6370,33.0000,-0.6380,-0.6530,-36.0000,0.7280,0.7330,45.0000
1786010378.0331,-0.7280,-0.7260,-42.0000,0.6380,0.5970,36.0000,-0.6380,-0.6600,-35.0000,0.7280,0.7340,45.0000
1786010378.0832,-0.7280,-0.7420,-42.0000,0.6380,0.5770,37.0000,-0.6380,-0.6700,-35.0000,0.7280,0.7390,45.0000
1786010378.1331,-0.7280,-0.7310,-42.0000,0.6380,0.5940,37.0000,-0.6380,-0.6530,-35.0000,0.7280,0.6600,50.0000
1786010378.1831,-0.7280,-0.7280,-42.0000,0.6380,0.6220,36.0000,-0.6380,-0.6370,-36.0000,0.7280,0.6110,53.0000
1786010378.2331,-0.7280,-0.7370,-42.0000,0.6380,0.6610,34.0000,-0.6380,-0.6330,-36.0000,0.7280,0.6560,51.0000
1786010378.2831,-0.7280,-0.7260,-42.0000,0.6380,0.6680,33.0000,-0.6380,-0.6460,-35.0000,0.7280,0.7140,49.0000
1786010378.3331,-0.7280,-0.7400,-41.0000,0.6380,0.6680,33.0000,-0.6380,-0.6330,-36.0000,0.7280,0.7730,46.0000
1786010378.3831,-0.7280,-0.7590,-40.0000,0.6380,0.6530,34.0000,-0.6380,-0.6380,-36.0000,0.7280,0.8090,43.0000
1786010378.4330,-0.7280,-0.7460,-41.0000,0.6380,0.6650,33.0000,-0.6380,-0.6300,-36.0000,0.7280,0.8290,42.0000
1786010378.4831,-0.7280,-0.7150,-42.0000,0.6380,0.6640,32.0000,-0.6380,-0.6410,-36.0000,0.7280,0.8590,39.0000
1786010378.5337,-0.7280,-0.7450,-41.0000,0.6380,0.6520,33.0000,-0.6380,-0.6450,-36.0000,0.7280,0.7650,43.0000
1786010378.5831,-0.7280,-0.7510,-40.0000,0.6380,0.6390,33.0000,-0.6380,-0.6440,-36.0000,0.7280,0.7560,43.0000
1786010378.6331,-0.7280,-0.7080,-43.0000,0.6380,0.6380,33.0000,-0.6380,-0.6460,-35.0000,0.7280,0.7920,40.0000
1786010378.6831,-0.7280,-0.6920,-44.0000,0.6380,0.6320,34.0000,-0.6380,-0.6510,-35.0000,0.7280,0.7810,40.0000
1786010378.7331,-0.7280,-0.6750,-45.0000,0.6380,0.6190,34.0000,-0.6380,-0.6610,-34.0000,0.7280,0.7190,43.0000
1786010378.7831,-0.7280,-0.7240,-42.0000,0.6380,0.5570,38.0000,-0.6380,-0.6560,-34.0000,0.7280,0.7310,42.0000
1786010378.8331,-0.7280,-0.7280,-43.0000,0.6380,0.5910,37.0000,-0.6380,-0.6350,-35.0000,0.7280,0.6630,46.0000
1786010378.8831,-0.7280,-0.7250,-43.0000,0.6380,0.6720,33.0000,-0.6380,-0.6350,-35.0000,0.7280,0.6660,46.0000
1786010378.9331,-0.7280,-0.7390,-42.0000,0.6380,0.6800,32.0000,-0.6380,-0.5950,-38.0000,0.7280,0.7340,43.0000
1786010378.9832,-0.7280,-0.7500,-41.0000,0.6380,0.6800,32.0000,-0.6380,-0.5470,-41.0000,0.7280,0.8070,39.0000
1786010379.0331,-0.7280,-0.6630,-46.0000,0.6380,0.6750,32.0000,-0.6380,-0.5580,-41.0000,0.7280,0.8050,39.0000
1786010379.0833,-0.7280,-0.7560,-41.0000,0.6380,0.6560,33.0000,-0.6380,-0.6610,-36.0000,0.7280,0.7420,42.0000
1786010379.1331,-0.7280,-0.7600,-41.0000,0.6380,0.6410,33.0000,-0.6380,-0.6730,-36.0000,0.7280,0.7230,42.0000
1786010379.1831,-0.7280,-0.7300,-42.0000,0.6380,0.5950,36.0000,-0.6380,-0.6830,-35.0000,0.7280,0.7690,40.0000
1786010379.2331,-0.7280,-0.7370,-42.0000,0.6380,0.6030,36.0000,-0.6380,-0.6810,-34.0000,0.7280,0.7080,43.0000
1786010379.2831,-0.7280,-0.7330,-42.0000,0.6380,0.6070,36.0000,-0.6380,-0.6770,-34.0000,0.7280,0.6680,45.0000
1786010379.3331,-0.7280,-0.7570,-40.0000,0.6380,0.6090,36.0000,-0.6380,-0.6610,-35.0000,0.7280,0.6920,44.0000
1786010379.3832,-0.7280,-0.7640,-40.0000,0.6380,0.6160,36.0000,-0.6380,-0.6520,-35.0000,0.7280,0.7070,44.0000
1786010379.4330,-0.7280,-0.7510,-40.0000,0.6380,0.6310,35.0000,-0.6380,-0.6400,-35.0000,0.7280,0.7060,44.0000
1786010379.4831,-0.7280,-0.7420,-40.0000,0.6380,0.6330,36.0000,-0.6380,-0.6350,-36.0000,0.7280,0.6900,45.0000
1786010379.5332,-0.7280,-0.7420,-40.0000,0.6380,0.6560,34.0000,-0.6380,-0.6330,-36.0000,0.7280,0.7280,43.0000
1786010379.5832,-0.7280,-0.7010,-43.0000,0.6380,0.6740,33.0000,-0.6380,-0.5980,-38.0000,0.7280,0.7580,42.0000
1786010379.6332,-0.7280,-0.6930,-43.0000,0.6380,0.6550,34.0000,-0.6380,-0.5690,-40.0000,0.7280,0.7830,40.0000
1786010379.6831,-0.7280,-0.6640,-45.0000,0.6380,0.6620,33.0000,-0.6380,-0.5690,-41.0000,0.7280,0.7640,41.0000
1786010379.7331,-0.7280,-0.7000,-44.0000,0.6380,0.6560,33.0000,-0.6380,-0.6190,-38.0000,0.7280,0.6980,44.0000
1786010379.7831,-0.7280,-0.7110,-43.0000,0.6380,0.6030,36.0000,-0.6380,-0.6620,-36.0000,0.7280,0.7180,43.0000
1786010379.8331,-0.7280,-0.7240,-43.0000,0.6380,0.5780,38.0000,-0.6380,-0.6460,-37.0000,0.7280,0.7370,42.0000
1786010379.8831,-0.7280,-0.7580,-41.0000,0.6380,0.5760,38.0000,-0.6380,-0.6080,-39.0000,0.7280,0.6850,45.0000
1786010379.9331,-0.7280,-0.7600,-41.0000,0.6380,0.5960,38.0000,-0.6380,-0.6170,-39.0000,0.7280,0.6670,47.0000
1786010379.9834,-0.7280,-0.7630,-40.0000,0.6380,0.6020,38.0000,-0.6380,-0.6040,-40.0000,0.7280,0.7220,44.0000
1786010380.0331,-0.7280,-0.7430,-41.0000,0.6380,0.6040,39.0000,-0.6380,-0.6220,-39.0000,0.7280,0.7180,45.0000
1786010380.0831,-0.7280,-0.7540,-40.0000,0.6380,0.6190,38.0000,-0.6380,-0.6450,-38.0000,0.7280,0.7400,44.0000
1786010380.1331,-0.7280,-0.7560,-40.0000,0.6380,0.6040,39.0000,-0.6380,-0.6760,-36.0000,0.7280,0.7540,43.0000
1786010380.1831,-0.7280,-0.7530,-39.0000,0.6380,0.6420,37.0000,-0.6380,-0.6850,-36.0000,0.7280,0.7770,41.0000
1786010380.2331,-0.7280,-0.7700,-38.0000,0.6380,0.6550,37.0000,-0.6380,-0.6450,-37.0000,0.7280,0.7460,43.0000
1786010380.2832,-0.7280,-0.7360,-40.0000,0.6380,0.6880,35.0000,-0.6380,-0.6240,-38.0000,0.7280,0.7680,41.0000
1786010380.3332,-0.7280,-0.7200,-40.0000,0.6380,0.6870,34.0000,-0.6380,-0.6050,-40.0000,0.7280,0.8030,38.0000
1786010380.3831,-0.7280,-0.6900,-42.0000,0.6380,0.6860,34.0000,-0.6380,-0.6060,-40.0000,0.7280,0.7270,42.0000
1786010380.4331,-0.7280,-0.7190,-41.0000,0.6380,0.6200,37.0000,-0.6380,-0.6300,-39.0000,0.7280,0.6700,45.0000
1786010380.4831,-0.7280,-0.7440,-39.0000,0.6380,0.5870,39.0000,-0.6380,-0.6410,-38.0000,0.7280,0.6530,47.0000
1786010380.5332,-0.7280,-0.7490,-39.0000,0.6380,0.5840,39.0000,-0.6380,-0.6160,-40.0000,0.7280,0.7180,43.0000
1786010380.5839,-0.7280,-0.7380,-40.0000,0.6380,0.6260,37.0000,-0.6380,-0.6010,-41.0000,0.7280,0.7180,44.0000
1786010380.6332,-0.7280,-0.7550,-38.0000,0.6380,0.5970,40.0000,-0.6380,-0.6270,-40.0000,0.7280,0.7330,43.0000
1786010380.6832,-0.7280,-0.7370,-39.0000,0.6380,0.6030,40.0000,-0.6380,-0.6210,-40.0000,0.7280,0.7390,43.0000
1786010380.7332,-0.7280,-0.7350,-39.0000,0.6380,0.6200,39.0000,-0.6380,-0.6040,-42.0000,0.7280,0.7390,43.0000
1786010380.7832,-0.7280,-0.7460,-38.0000,0.6380,0.6220,39.0000,-0.6380,-0.6120,-41.0000,0.7280,0.7300,43.0000
1786010380.8331,-0.7280,-0.7450,-38.0000,0.6380,0.6380,39.0000,-0.6380,-0.6380,-40.0000,0.7280,0.7440,42.0000
1786010380.8833,-0.7280,-0.7100,-40.0000,0.6380,0.6760,36.0000,-0.6380,-0.6250,-41.0000,0.7280,0.7580,41.0000
1786010380.9332,-0.7280,-0.7180,-40.0000,0.6380,0.7010,35.0000,-0.6380,-0.5820,-44.0000,0.7280,0.7810,40.0000
1786010380.9832,-0.7280,-0.7520,-38.0000,0.6380,0.7000,34.0000,-0.6380,-0.5710,-45.0000,0.7280,0.7810,39.0000
1786010381.0331,-0.7280,-0.7240,-40.0000,0.6380,0.6940,34.0000,-0.6380,-0.5640,-46.0000,0.7280,0.6890,44.0000
1786010381.0832,-0.7280,-0.7040,-41.0000,0.6380,0.6500,36.0000,-0.6380,-0.6420,-43.0000,0.7280,0.6740,45.0000
1786010381.1332,-0.7280,-0.7440,-38.0000,0.6380,0.6210,37.0000,-0.6380,-0.6720,-41.0000,0.7280,0.6800,45.0000
1786010381.1834,-0.7280,-0.7450,-38.0000,0.6380,0.6150,37.0000,-0.6380,-0.6450,-42.0000,0.7280,0.7420,42.0000
1786010381.2331,-0.7280,-0.7340,-39.0000,0.6380,0.6160,37.0000,-0.6380,-0.6340,-43.0000,0.7280,0.7690,40.0000
1786010381.2832,-0.7280,-0.7410,-38.0000,0.6380,0.6160,38.0000,-0.6380,-0.6270,-43.0000,0.7280,0.7600,41.0000
1786010381.3331,-0.7280,-0.7390,-38.0000,0.6380,0.5740,40.0000,-0.6380,-0.6420,-42.0000,0.7280,0.7150,43.0000
1786010381.3832,-0.7280,-0.7450,-38.0000,0.6380,0.5830,40.0000,-0.6380,-0.6440,-42.0000,0.7280,0.7310,42.0000
1786010381.4332,-0.7280,-0.7180,-39.0000,0.6380,0.6110,39.0000,-0.6380,-0.6450,-42.0000,0.7280,0.7940,38.0000
1786010381.4832,-0.7280,-0.7360,-38.0000,0.6380,0.6220,39.0000,-0.6380,-0.6810,-40.0000,0.7280,0.7700,39.0000
1786010381.5331,-0.7280,-0.7660,-36.0000,0.6380,0.6450,38.0000,-0.6380,-0.6840,-39.0000,0.7280,0.7610,39.0000
1786010381.5832,-0.7280,-0.7370,-38.0000,0.6380,0.6810,36.0000,-0.6380,-0.6530,-41.0000,0.7280,0.7400,40.0000
1786010381.6331,-0.7280,-0.7070,-39.0000,0.6380,0.6740,36.0000,-0.6380,-0.6330,-42.0000,0.7280,0.7380,40.0000
1786010381.6831,-0.7280,-0.7170,-39.0000,0.6380,0.6530,37.0000,-0.6380,-0.6040,-43.0000,0.7280,0.7110,41.0000
1786010381.7332,-0.7280,-0.7350,-38.0000,0.6380,0.6360,38.0000,-0.6380,-0.6080,-43.0000,0.7280,0.7190,41.0000
1786010381.7832,-0.7280,-0.7210,-39.0000,0.6380,0.6380,38.0000,-0.6380,-0.6470,-41.0000,0.7280,0.7510,39.0000
1786010381.8332,-0.7280,-0.7230,-38.0000,0.6380,0.6340,38.0000,-0.6380,-0.6600,-41.0000,0.7280,0.7620,38.0000
1786010381.8832,-0.7280,-0.7330,-38.0000,0.6380,0.6200,39.0000,-0.6380,-0.6670,-40.0000,0.7280,0.7400,39.0000
1786010381.9331,-0.7280,-0.7330,-38.0000,0.6380,0.6060,40.0000,-0.6380,-0.6340,-42.0000,0.7280,0.7260,40.0000
1786010381.9832,-0.7280,-0.7360,-38.0000,0.6380,0.5930,41.0000,-0.6380,-0.6130,-43.0000,0.7280,0.7460,38.0000
1786010382.0331,-0.7280,-0.7330,-38.0000,0.6380,0.5890,41.0000,-0.6380,-0.6000,-44.0000,0.7280,0.7540,38.0000
1786010382.0831,-0.7280,-0.7430,-37.0000,0.6380,0.6060,41.0000,-0.6380,-0.6220,-43.0000,0.7280,0.7610,37.0000
1786010382.1332,-0.7280,-0.7400,-37.0000,0.6380,0.6290,40.0000,-0.6380,-0.6200,-43.0000,0.7280,0.7480,37.0000
1786010382.1831,-0.7280,-0.7530,-36.0000,0.6380,0.6330,40.0000,-0.6380,-0.6270,-43.0000,0.7280,0.7280,38.0000
1786010382.2332,-0.7280,-0.7410,-37.0000,0.6380,0.6890,37.0000,-0.6380,-0.6170,-44.0000,0.7280,0.7100,39.0000
1786010382.2839,-0.7280,-0.7440,-36.0000,0.6380,0.7280,34.0000,-0.6380,-0.5670,-47.0000,0.7280,0.7510,37.0000
1786010382.3333,-0.7280,-0.7350,-37.0000,0.6380,0.7120,34.0000,-0.6380,-0.6030,-45.0000,0.7280,0.7590,36.0000
1786010382.3843,-0.7280,-0.6850,-39.0000,0.6380,0.6760,35.0000,-0.6380,-0.6360,-44.0000,0.7280,0.7510,37.0000
1786010382.4338,-0.7280,-0.7210,-38.0000,0.6380,0.6020,39.0000,-0.6380,-0.6560,-43.0000,0.7280,0.7330,37.0000
1786010382.4839,-0.7280,-0.7360,-37.0000,0.6380,0.5860,40.0000,-0.6380,-0.6410,-44.0000,0.7280,0.7360,37.0000
1786010382.5334,-0.7280,-0.7420,-37.0000,0.6380,0.5970,40.0000,-0.6380,-0.6230,-45.0000,0.7280,0.7370,37.0000
1786010382.5840,-0.7280,-0.7390,-37.0000,0.6380,0.5860,41.0000,-0.6380,-0.6040,-46.0000,0.7280,0.7290,37.0000
1786010382.6339,-0.7280,-0.7570,-36.0000,0.6380,0.5900,41.0000,-0.6380,-0.6040,-46.0000,0.7280,0.7400,36.0000
1786010382.6836,-0.7280,-0.7460,-36.0000,0.6380,0.5930,42.0000,-0.6380,-0.6190,-46.0000,0.7280,0.7320,37.0000
1786010382.7332,-0.7280,-0.7440,-36.0000,0.6380,0.5990,42.0000,-0.6380,-0.6530,-44.0000,0.7280,0.7510,36.0000
1786010382.7832,-0.7280,-0.7370,-36.0000,0.6380,0.6210,41.0000,-0.6380,-0.6780,-43.0000,0.7280,0.7140,38.0000
1786010382.8341,-0.7280,-0.7500,-35.0000,0.6380,0.6470,40.0000,-0.6380,-0.7120,-40.0000,0.7280,0.7330,36.0000
1786010382.8832,-0.7280,-0.7380,-36.0000,0.6380,0.6820,38.0000,-0.6380,-0.7200,-39.0000,0.7280,0.7230,37.0000
1786010382.9332,-0.7280,-0.7390,-35.0000,0.6380,0.7030,37.0000,-0.6380,-0.7040,-39.0000,0.7280,0.7380,36.0000
1786010382.9833,-0.7280,-0.7500,-35.0000,0.6380,0.7060,36.0000,-0.6380,-0.6330,-42.0000,0.7280,0.7330,36.0000
1786010383.0332,-0.7280,-0.7360,-35.0000,0.6380,0.6890,36.0000,-0.6380,-0.5460,-47.0000,0.7280,0.7300,37.0000
1786010383.0832,-0.7280,-0.7280,-36.0000,0.6380,0.6090,40.0000,-0.6380,-0.5900,-45.0000,0.7280,0.7370,36.0000
1786010383.1332,-0.7280,-0.6870,-38.0000,0.6380,0.6170,39.0000,-0.6380,-0.6350,-43.0000,0.7280,0.7270,37.0000
1786010383.1832,-0.7280,-0.7090,-37.0000,0.6380,0.6110,40.0000,-0.6380,-0.6520,-42.0000,0.7280,0.7280,37.0000
1786010383.2332,-0.7280,-0.7190,-37.0000,0.6380,0.5960,41.0000,-0.6380,-0.6480,-42.0000,0.7280,0.7210,37.0000
1786010383.2833,-0.7280,-0.7380,-36.0000,0.6380,0.5980,41.0000,-0.6380,-0.6130,-44.0000,0.7280,0.7430,36.0000
1786010383.3332,-0.7280,-0.7330,-36.0000,0.6380,0.6150,41.0000,-0.6380,-0.6150,-45.0000,0.7280,0.7180,37.0000
1786010383.3833,-0.7280,-0.7480,-35.0000,0.6380,0.6170,41.0000,-0.6380,-0.6580,-42.0000,0.7280,0.7280,36.0000
1786010383.4332,-0.7280,-0.7270,-36.0000,0.6380,0.6030,42.0000,-0.6380,-0.6550,-42.0000,0.7280,0.7240,37.0000
1786010383.4833,-0.7280,-0.7370,-35.0000,0.6380,0.6360,41.0000,-0.6380,-0.6580,-42.0000,0.7280,0.7360,36.0000
1786010383.5332,-0.7280,-0.7370,-35.0000,0.6380,0.6760,38.0000,-0.6380,-0.6300,-44.0000,0.7280,0.7160,37.0000
1786010383.5832,-0.7280,-0.7430,-35.0000,0.6380,0.6990,37.0000,-0.6380,-0.6150,-45.0000,0.7280,0.7270,37.0000
1786010383.6332,-0.7280,-0.7370,-35.0000,0.6380,0.7080,36.0000,-0.6380,-0.5800,-47.0000,0.7280,0.7360,36.0000
1786010383.6832,-0.7280,-0.7280,-35.0000,0.6380,0.6330,39.0000,-0.6380,-0.5730,-48.0000,0.7280,0.7250,37.0000
1786010383.7332,-0.7280,-0.7400,-35.0000,0.6380,0.6110,40.0000,-0.6380,-0.5920,-47.0000,0.7280,0.7210,37.0000
1786010383.7832,-0.7280,-0.7060,-37.0000,0.6380,0.5910,42.0000,-0.6380,-0.6210,-46.0000,0.7280,0.7220,37.0000
1786010383.8333,-0.7280,-0.7280,-35.0000,0.6380,0.6150,41.0000,-0.6380,-0.6280,-46.0000,0.7280,0.7410,36.0000
1786010383.8833,-0.7280,-0.7280,-36.0000,0.6380,0.6000,42.0000,-0.6380,-0.6310,-46.0000,0.7280,0.7140,37.0000
1786010383.9332,-0.7280,-0.7490,-34.0000,0.6380,0.6070,42.0000,-0.6380,-0.6440,-45.0000,0.7280,0.7310,36.0000
1786010383.9839,-0.7280,-0.7300,-35.0000,0.6380,0.6140,42.0000,-0.6380,-0.6300,-46.0000,0.7280,0.7250,37.0000
1786010384.0332,-0.7280,-0.7340,-35.0000,0.6380,0.6480,40.0000,-0.6380,-0.6750,-44.0000,0.7280,0.7410,36.0000
1786010384.0832,-0.7280,-0.7270,-35.0000,0.6380,0.6120,43.0000,-0.6380,-0.6900,-43.0000,0.7280,0.7250,37.0000
1786010384.1332,-0.7280,-0.7410,-34.0000,0.6380,0.6610,40.0000,-0.6380,-0.7160,-41.0000,0.7280,0.7270,37.0000
1786010384.1832,-0.7280,-0.7270,-35.0000,0.6380,0.6750,39.0000,-0.6380,-0.7350,-39.0000,0.7280,0.7400,36.0000
1786010384.2341,-0.7280,-0.7320,-35.0000,0.6380,0.6730,39.0000,-0.6380,-0.6900,-40.0000,0.7280,0.7300,36.0000
1786010384.2839,-0.7280,-0.7430,-34.0000,0.6380,0.6430,40.0000,-0.6380,-0.5780,-46.0000,0.7280,0.7220,37.0000
1786010384.3332,-0.7280,-0.7210,-35.0000,0.6380,0.6530,39.0000,-0.6380,-0.5000,-51.0000,0.7280,0.7110,37.0000
1786010384.3832,-0.7280,-0.7320,-35.0000,0.6380,0.6490,39.0000,-0.6380,-0.4620,-54.0000,0.7280,0.7340,36.0000
1786010384.4332,-0.7280,-0.7220,-35.0000,0.6380,0.6240,41.0000,-0.6380,-0.5040,-54.0000,0.7280,0.7200,37.0000
1786010384.4833,-0.7280,-0.7210,-35.0000,0.6380,0.6020,42.0000,-0.6380,-0.5710,-52.0000,0.7280,0.7320,36.0000
1786010384.5332,-0.7280,-0.7200,-36.0000,0.6380,0.6250,41.0000,-0.6380,-0.5980,-51.0000,0.7280,0.7090,38.0000
1786010384.5834,-0.7280,-0.7320,-35.0000,0.6380,0.6320,41.0000,-0.6380,-0.6330,-50.0000,0.7280,0.7490,36.0000
1786010384.6333,-0.7280,-0.7220,-36.0000,0.6380,0.6230,41.0000,-0.6380,-0.6630,-49.0000,0.7280,0.7250,37.0000
1786010384.6833,-0.7280,-0.7410,-34.0000,0.6380,0.6230,42.0000,-0.6380,-0.6920,-47.0000,0.7280,0.7200,37.0000
1786010384.7333,-0.7280,-0.7280,-35.0000,0.6380,0.6030,43.0000,-0.6380,-0.6970,-46.0000,0.7280,0.7150,37.0000
1786010384.7832,-0.7280,-0.7330,-35.0000,0.6380,0.6290,42.0000,-0.6380,-0.7140,-44.0000,0.7280,0.7340,37.0000
1786010384.8335,-0.7280,-0.7350,-35.0000,0.6380,0.6970,38.0000,-0.6380,-0.7220,-43.0000,0.7280,0.7150,38.0000
1786010384.8833,-0.7280,-0.7310,-35.0000,0.6380,0.7180,36.0000,-0.6380,-0.7270,-42.0000,0.7280,0.7170,38.0000
1786010384.9333,-0.7280,-0.7360,-34.0000,0.6380,0.6850,38.0000,-0.6380,-0.7080,-42.0000,0.7280,0.7020,39.0000
1786010384.9834,-0.7280,-0.7270,-35.0000,0.6380,0.6720,38.0000,-0.6380,-0.6410,-45.0000,0.7280,0.7040,39.0000
1786010385.0333,-0.7280,-0.7380,-34.0000,0.6380,0.6360,39.0000,-0.6380,-0.5510,-50.0000,0.7280,0.6790,41.0000
1786010385.0833,-0.7280,-0.7200,-35.0000,0.6380,0.6290,39.0000,-0.6380,-0.6300,-45.0000,0.7280,0.6890,40.0000
1786010385.1333,-0.7280,-0.7250,-35.0000,0.6380,0.6010,41.0000,-0.6380,-0.6230,-46.0000,0.7280,0.7070,40.0000
1786010385.1833,-0.7280,-0.7120,-36.0000,0.6380,0.6010,41.0000,-0.6380,-0.6270,-46.0000,0.7280,0.7260,39.0000
1786010385.2340,-0.7280,-0.7360,-34.0000,0.6380,0.6160,41.0000,-0.6380,-0.6010,-48.0000,0.7280,0.7490,38.0000
1786010385.2832,-0.7280,-0.7200,-35.0000,0.6380,0.6110,42.0000,-0.6380,-0.6670,-44.0000,0.7280,0.7500,38.0000
1786010385.3332,-0.7280,-0.7200,-36.0000,0.6380,0.6150,42.0000,-0.6380,-0.6360,-46.0000,0.7280,0.7690,36.0000
1786010385.3833,-0.7280,-0.7280,-35.0000,0.6380,0.6120,42.0000,-0.6380,-0.6700,-44.0000,0.7280,0.7270,38.0000
1786010385.4332,-0.7280,-0.7330,-35.0000,0.6380,0.6510,40.0000,-0.6380,-0.6830,-43.0000,0.7280,0.7440,37.0000
1786010385.4833,-0.7280,-0.7240,-35.0000,0.6380,0.6560,40.0000,-0.6380,-0.6940,-42.0000,0.7280,0.7380,37.0000
1786010385.5334,-0.7280,-0.7180,-36.0000,0.6380,0.7050,37.0000,-0.6380,-0.6660,-43.0000,0.7280,0.7460,37.0000
1786010385.5833,-0.7280,-0.7380,-35.0000,0.6380,0.7010,36.0000,-0.6380,-0.5890,-47.0000,0.7280,0.7230,38.0000
1786010385.6332,-0.7280,-0.7180,-36.0000,0.6380,0.6600,38.0000,-0.6380,-0.5800,-48.0000,0.7280,0.7260,38.0000
1786010385.6833,-0.7280,-0.7200,-36.0000,0.6380,0.6260,40.0000,-0.6380,-0.6090,-46.0000,0.7280,0.7130,38.0000
1786010385.7333,-0.7280,-0.7190,-36.0000,0.6380,0.5880,42.0000,-0.6380,-0.6560,-44.0000,0.7280,0.6750,41.0000
1786010385.7833,-0.7280,-0.7280,-35.0000,0.6380,0.6140,41.0000,-0.6380,-0.6520,-45.0000,0.7280,0.7000,40.0000
1786010385.8333,-0.7280,-0.7230,-36.0000,0.6380,0.6220,41.0000,-0.6380,-0.6530,-44.0000,0.7280,0.7400,38.0000
1786010385.8833,-0.7280,-0.7290,-36.0000,0.6380,0.6250,41.0000,-0.6380,-0.6420,-45.0000,0.7280,0.7540,37.0000
1786010385.9333,-0.7280,-0.7220,-36.0000,0.6380,0.6350,40.0000,-0.6380,-0.6640,-44.0000,0.7280,0.7270,38.0000
1786010385.9833,-0.7280,-0.7390,-35.0000,0.6380,0.5890,43.0000,-0.6380,-0.6400,-45.0000,0.7280,0.7310,38.0000
1786010386.0333,-0.7280,-0.7270,-36.0000,0.6380,0.6090,42.0000,-0.6380,-0.6720,-43.0000,0.7280,0.7410,38.0000
1786010386.0833,-0.7280,-0.7260,-36.0000,0.6380,0.6440,41.0000,-0.6380,-0.6850,-42.0000,0.7280,0.7510,37.0000
1786010386.1333,-0.7280,-0.7380,-35.0000,0.6380,0.6600,40.0000,-0.6380,-0.7250,-39.0000,0.7280,0.7280,38.0000
1786010386.1839,-0.7280,-0.7400,-35.0000,0.6380,0.6510,40.0000,-0.6380,-0.6710,-41.0000,0.7280,0.7300,38.0000
1786010386.2334,-0.7280,-0.7180,-36.0000,0.6380,0.6240,41.0000,-0.6380,-0.5910,-45.0000,0.7280,0.7170,38.0000
1786010386.2833,-0.7280,-0.7120,-36.0000,0.6380,0.6510,40.0000,-0.6380,-0.5630,-47.0000,0.7280,0.6700,41.0000
1786010386.3333,-0.7280,-0.7240,-36.0000,0.6380,0.6350,41.0000,-0.6380,-0.6230,-45.0000,0.7280,0.6870,41.0000
1786010386.3833,-0.7280,-0.7160,-36.0000,0.6380,0.6200,41.0000,-0.6380,-0.6350,-44.0000,0.7280,0.7010,41.0000
1786010386.4333,-0.7280,-0.7170,-36.0000,0.6380,0.6290,41.0000,-0.6380,-0.6370,-44.0000,0.7280,0.7300,39.0000
1786010386.4838,-0.7280,-0.7200,-36.0000,0.6380,0.6170,42.0000,-0.6380,-0.6130,-46.0000,0.7280,0.7410,39.0000
1786010386.5333,-0.7280,-0.7450,-35.0000,0.6380,0.6210,42.0000,-0.6380,-0.6320,-45.0000,0.7280,0.7490,38.0000
1786010386.5840,-0.7280,-0.7340,-36.0000,0.6380,0.6140,43.0000,-0.6380,-0.6390,-45.0000,0.7280,0.7210,40.0000
1786010386.6334,-0.7280,-0.7400,-35.0000,0.6380,0.6080,43.0000,-0.6380,-0.6410,-45.0000,0.7280,0.7440,38.0000
1786010386.6834,-0.7280,-0.7360,-35.0000,0.6380,0.6250,42.0000,-0.6380,-0.6710,-43.0000,0.7280,0.7360,38.0000
1786010386.7333,-0.7280,-0.7340,-35.0000,0.6380,0.6180,43.0000,-0.6380,-0.7010,-41.0000,0.7280,0.7460,38.0000
1786010386.7833,-0.7280,-0.7250,-36.0000,0.6380,0.6370,42.0000,-0.6380,-0.7040,-40.0000,0.7280,0.7370,38.0000
1786010386.8333,-0.7280,-0.7260,-36.0000,0.6380,0.6350,43.0000,-0.6380,-0.6760,-41.0000,0.7280,0.7260,39.0000
1786010386.8833,-0.7280,-0.7300,-35.0000,0.6380,0.6950,39.0000,-0.6380,-0.6630,-41.0000,0.7280,0.6950,40.0000
1786010386.9332,-0.7280,-0.7160,-36.0000,0.6380,0.7220,37.0000,-0.6380,-0.6210,-43.0000,0.7280,0.7130,40.0000
1786010386.9834,-0.7280,-0.6960,-38.0000,0.6380,0.6750,39.0000,-0.6380,-0.6280,-43.0000,0.7280,0.7530,38.0000
1786010387.0333,-0.7280,-0.6890,-38.0000,0.6380,0.6390,40.0000,-0.6380,-0.6610,-41.0000,0.7280,0.7320,39.0000
1786010387.0834,-0.7280,-0.7130,-37.0000,0.6380,0.6060,42.0000,-0.6380,-0.6760,-40.0000,0.7280,0.7370,38.0000
1786010387.1333,-0.7280,-0.7400,-36.0000,0.6380,0.6200,41.0000,-0.6380,-0.6530,-41.0000,0.7280,0.7390,38.0000
1786010387.1840,-0.7280,-0.7460,-36.0000,0.6380,0.6250,41.0000,-0.6380,-0.6500,-41.0000,0.7280,0.7560,37.0000
1786010387.2334,-0.7280,-0.7360,-36.0000,0.6380,0.6080,42.0000,-0.6380,-0.6360,-42.0000,0.7280,0.7000,40.0000
1786010387.2833,-0.7280,-0.7470,-35.0000,0.6380,0.6070,43.0000,-0.6380,-0.6360,-42.0000,0.7280,0.7320,38.0000
1786010387.3333,-0.7280,-0.7360,-36.0000,0.6380,0.6240,42.0000,-0.6380,-0.6290,-42.0000,0.7280,0.7430,37.0000
1786010387.3833,-0.7280,-0.7290,-36.0000,0.6380,0.6360,42.0000,-0.6380,-0.6890,-39.0000,0.7280,0.7230,39.0000
1786010387.4333,-0.7280,-0.7350,-36.0000,0.6380,0.6580,40.0000,-0.6380,-0.6570,-40.0000,0.7280,0.6900,40.0000
1786010387.4833,-0.7280,-0.7260,-36.0000,0.6380,0.6660,40.0000,-0.6380,-0.6370,-41.0000,0.7280,0.6940,40.0000
1786010387.5333,-0.7280,-0.7080,-37.0000,0.6380,0.6910,38.0000,-0.6380,-0.5830,-44.0000,0.7280,0.7230,39.0000
1786010387.5833,-0.7280,-0.7070,-37.0000,0.6380,0.7270,36.0000,-0.6380,-0.6040,-43.0000,0.7280,0.7540,38.0000
1786010387.6333,-0.7280,-0.7130,-37.0000,0.6380,0.6850,37.0000,-0.6380,-0.6300,-42.0000,0.7280,0.7420,38.0000
1786010387.6837,-0.7280,-0.7130,-37.0000,0.6380,0.6410,39.0000,-0.6380,-0.6650,-40.0000,0.7280,0.7380,38.0000
1786010387.7333,-0.7280,-0.7430,-36.0000,0.6380,0.6240,40.0000,-0.6380,-0.6640,-40.0000,0.7280,0.7300,38.0000
1786010387.7834,-0.7280,-0.7380,-36.0000,0.6380,0.6120,41.0000,-0.6380,-0.6740,-39.0000,0.7280,0.7230,39.0000
1786010387.8339,-0.7280,-0.7450,-36.0000,0.6380,0.6110,41.0000,-0.6380,-0.6340,-41.0000,0.7280,0.7440,38.0000
1786010387.8833,-0.7280,-0.7300,-36.0000,0.6380,0.5890,42.0000,-0.6380,-0.6290,-41.0000,0.7280,0.7140,39.0000
1786010387.9333,-0.7280,-0.7300,-36.0000,0.6380,0.5850,43.0000,-0.6380,-0.6330,-41.0000,0.7280,0.7410,38.0000
1786010387.9833,-0.7280,-0.7270,-36.0000,0.6380,0.5970,43.0000,-0.6380,-0.6470,-40.0000,0.7280,0.7020,40.0000
1786010388.0333,-0.7280,-0.7370,-36.0000,0.6380,0.6270,42.0000,-0.6380,-0.6460,-40.0000,0.7280,0.7250,39.0000
1786010388.0833,-0.7280,-0.7330,-36.0000,0.6380,0.6500,41.0000,-0.6380,-0.6400,-41.0000,0.7280,0.7280,39.0000
1786010388.1344,-0.7280,-0.7320,-36.0000,0.6380,0.6820,39.0000,-0.6380,-0.6550,-40.0000,0.7280,0.7200,39.0000
1786010388.1833,-0.7280,-0.7260,-36.0000,0.6380,0.7200,36.0000,-0.6380,-0.6000,-43.0000,0.7280,0.7010,40.0000
1786010388.2346,-0.7280,-0.6880,-39.0000,0.6380,0.7110,36.0000,-0.6380,-0.5950,-44.0000,0.7280,0.7480,38.0000
1786010388.2843,-0.7280,-0.6630,-40.0000,0.6380,0.6960,36.0000,-0.6380,-0.6350,-42.0000,0.7280,0.7640,37.0000
1786010388.3343,-0.7280,-0.6300,-43.0000,0.6380,0.6510,37.0000,-0.6380,-0.6910,-39.0000,0.7280,0.7750,36.0000
1786010388.3843,-0.7280,-0.6680,-42.0000,0.6380,0.6400,38.0000,-0.6380,-0.6760,-39.0000,0.7280,0.7760,35.0000
1786010388.4364,-0.7280,-0.6950,-41.0000,0.6380,0.6380,38.0000,-0.6380,-0.6890,-38.0000,0.7280,0.7270,38.0000
1786010388.4851,-0.7280,-0.7250,-40.0000,0.6380,0.5760,41.0000,-0.6380,-0.6330,-41.0000,0.7280,0.7470,36.0000
1786010388.5345,-0.7280,-0.7670,-38.0000,0.6380,0.5940,40.0000,-0.6380,-0.6040,-42.0000,0.7280,0.6630,41.0000
1786010388.5853,-0.7280,-0.7740,-37.0000,0.6380,0.6260,39.0000,-0.6380,-0.6120,-42.0000,0.7280,0.6540,42.0000
1786010388.6350,-0.7280,-0.7460,-38.0000,0.6380,0.6370,39.0000,-0.6380,-0.6480,-40.0000,0.7280,0.7020,40.0000
1786010388.6843,-0.7280,-0.7420,-38.0000,0.6380,0.6340,39.0000,-0.6380,-0.6510,-40.0000,0.7280,0.7230,39.0000
1786010388.7353,-0.7280,-0.7360,-38.0000,0.6380,0.6450,38.0000,-0.6380,-0.6630,-39.0000,0.7280,0.7170,40.0000
1786010388.7847,-0.7280,-0.7390,-38.0000,0.6380,0.6620,37.0000,-0.6380,-0.6270,-41.0000,0.7280,0.7210,40.0000
1786010388.8344,-0.7280,-0.7060,-40.0000,0.6380,0.6650,37.0000,-0.6380,-0.6590,-39.0000,0.7280,0.7370,39.0000
1786010388.8844,-0.7280,-0.6840,-41.0000,0.6380,0.6630,37.0000,-0.6380,-0.6690,-38.0000,0.7280,0.7260,39.0000
1786010388.9347,-0.7280,-0.6970,-41.0000,0.6380,0.6280,39.0000,-0.6380,-0.6830,-37.0000,0.7280,0.7260,39.0000
1786010388.9844,-0.7280,-0.6980,-41.0000,0.6380,0.6190,39.0000,-0.6380,-0.6570,-38.0000,0.7280,0.7270,39.0000
1786010389.0344,-0.7280,-0.7180,-40.0000,0.6380,0.6530,37.0000,-0.6380,-0.6590,-37.0000,0.7280,0.7280,39.0000
1786010389.0845,-0.7280,-0.7200,-40.0000,0.6380,0.6500,38.0000,-0.6380,-0.6400,-38.0000,0.7280,0.7060,41.0000
1786010389.1343,-0.7280,-0.7330,-40.0000,0.6380,0.6470,38.0000,-0.6380,-0.6330,-39.0000,0.7280,0.6630,43.0000
1786010389.1843,-0.7280,-0.7310,-40.0000,0.6380,0.6400,38.0000,-0.6380,-0.6100,-40.0000,0.7280,0.6500,45.0000
1786010389.2343,-0.7280,-0.7360,-39.0000,0.6380,0.6460,38.0000,-0.6380,-0.6330,-39.0000,0.7280,0.6630,45.0000
1786010389.2843,-0.7280,-0.7420,-39.0000,0.6380,0.6560,37.0000,-0.6380,-0.6400,-39.0000,0.7280,0.7040,43.0000
1786010389.3344,-0.7280,-0.7610,-38.0000,0.6380,0.6470,37.0000,-0.6380,-0.6330,-39.0000,0.7280,0.7300,42.0000
1786010389.3844,-0.7280,-0.7340,-39.0000,0.6380,0.6450,37.0000,-0.6380,-0.6460,-38.0000,0.7280,0.7420,42.0000
1786010389.4344,-0.7280,-0.6840,-42.0000,0.6380,0.6620,36.0000,-0.6380,-0.6630,-37.0000,0.7280,0.7620,40.0000
1786010389.4844,-0.7280,-0.6960,-41.0000,0.6380,0.6650,36.0000,-0.6380,-0.6550,-38.0000,0.7280,0.7470,41.0000
1786010389.5343,-0.7280,-0.6850,-42.0000,0.6380,0.6680,35.0000,-0.6380,-0.6500,-38.0000,0.7280,0.7420,41.0000
1786010389.5843,-0.7280,-0.7050,-42.0000,0.6380,0.6230,37.0000,-0.6380,-0.6700,-36.0000,0.7280,0.7460,41.0000
1786010389.6344,-0.7280,-0.7090,-42.0000,0.6380,0.6330,37.0000,-0.6380,-0.6480,-37.0000,0.7280,0.6780,45.0000
1786010389.6844,-0.7280,-0.7410,-40.0000,0.6380,0.6370,36.0000,-0.6380,-0.6400,-38.0000,0.7280,0.6120,49.0000
1786010389.7344,-0.7280,-0.7550,-39.0000,0.6380,0.6350,37.0000,-0.6380,-0.6090,-39.0000,0.7280,0.6440,48.0000
1786010389.7843,-0.7280,-0.7440,-40.0000,0.6380,0.6530,36.0000,-0.6380,-0.6360,-38.0000,0.7280,0.6830,47.0000
1786010389.8344,-0.7280,-0.7280,-40.0000,0.6380,0.6630,35.0000,-0.6380,-0.6190,-39.0000,0.7280,0.7270,45.0000
1786010389.8844,-0.7280,-0.7250,-41.0000,0.6380,0.6660,34.0000,-0.6380,-0.6580,-37.0000,0.7280,0.7650,43.0000
1786010389.9344,-0.7280,-0.7150,-41.0000,0.6380,0.6730,34.0000,-0.6380,-0.6440,-38.0000,0.7280,0.7840,42.0000
1786010389.9844,-0.7280,-0.7030,-42.0000,0.6380,0.6380,35.0000,-0.6380,-0.6500,-37.0000,0.7280,0.8080,40.0000
1786010390.0344,-0.7280,-0.6810,-44.0000,0.6380,0.6340,35.0000,-0.6380,-0.6460,-37.0000,0.7280,0.8070,39.0000
1786010390.0843,-0.7280,-0.6810,-44.0000,0.6380,0.6460,35.0000,-0.6380,-0.6850,-35.0000,0.7280,0.8140,38.0000
1786010390.1344,-0.7280,-0.6970,-43.0000,0.6380,0.6490,35.0000,-0.6380,-0.6750,-35.0000,0.7280,0.8100,37.0000
1786010390.1850,-0.7280,-0.7060,-43.0000,0.6380,0.6220,36.0000,-0.6380,-0.6680,-35.0000,0.7280,0.7810,38.0000
1786010390.2344,-0.7280,-0.7400,-42.0000,0.6380,0.5990,38.0000,-0.6380,-0.6530,-35.0000,0.7280,0.6650,44.0000
1786010390.2844,-0.7280,-0.7350,-42.0000,0.6380,0.6440,35.0000,-0.6380,-0.6690,-34.0000,0.7280,0.6220,46.0000
1786010390.3344,-0.7280,-0.7200,-43.0000,0.6380,0.6810,33.0000,-0.6380,-0.6550,-35.0000,0.7280,0.6340,47.0000
1786010390.3844,-0.7280,-0.7590,-41.0000,0.6380,0.6750,33.0000,-0.6380,-0.6370,-35.0000,0.7280,0.6690,46.0000
1786010390.4344,-0.7280,-0.7360,-42.0000,0.6380,0.6700,33.0000,-0.6380,-0.6280,-36.0000,0.7280,0.7220,43.0000
1786010390.4844,-0.7280,-0.7250,-42.0000,0.6380,0.6760,32.0000,-0.6380,-0.6210,-36.0000,0.7280,0.7860,40.0000
1786010390.5347,-0.7280,-0.7210,-42.0000,0.6380,0.6630,33.0000,-0.6380,-0.6390,-35.0000,0.7280,0.8030,39.0000
1786010390.5844,-0.7280,-0.7230,-42.0000,0.6380,0.6530,33.0000,-0.6380,-0.6390,-36.0000,0.7280,0.7500,41.0000
1786010390.6344,-0.7280,-0.7510,-41.0000,0.6380,0.6040,36.0000,-0.6380,-0.6650,-34.0000,0.7280,0.7620,40.0000
1786010390.6844,-0.7280,-0.7260,-42.0000,0.6380,0.5900,37.0000,-0.6380,-0.6580,-34.0000,0.7280,0.8090,37.0000
1786010390.7344,-0.7280,-0.7190,-42.0000,0.6380,0.6090,36.0000,-0.6380,-0.6800,-33.0000,0.7280,0.7880,37.0000
1786010390.7846,-0.7280,-0.7280,-42.0000,0.6380,0.6410,34.0000,-0.6380,-0.6410,-35.0000,0.7280,0.6530,44.0000
1786010390.8344,-0.7280,-0.7340,-42.0000,0.6380,0.6650,33.0000,-0.6380,-0.6470,-34.0000,0.7280,0.6180,46.0000
1786010390.8844,-0.7280,-0.7330,-42.0000,0.6380,0.6600,33.0000,-0.6380,-0.6110,-36.0000,0.7280,0.6210,47.0000
1786010390.9344,-0.7280,-0.7040,-43.0000,0.6380,0.6670,33.0000,-0.6380,-0.6080,-37.0000,0.7280,0.6820,45.0000
1786010390.9844,-0.7280,-0.7210,-43.0000,0.6380,0.6670,32.0000,-0.6380,-0.5980,-37.0000,0.7280,0.7360,42.0000
1786010391.0344,-0.7280,-0.7380,-42.0000,0.6380,0.6510,33.0000,-0.6380,-0.6220,-36.0000,0.7280,0.7030,45.0000
1786010391.0844,-0.7280,-0.7550,-41.0000,0.6380,0.6460,33.0000,-0.6380,-0.6290,-36.0000,0.7280,0.7160,44.0000
1786010391.1344,-0.7280,-0.7270,-42.0000,0.6380,0.6100,35.0000,-0.6380,-0.6570,-35.0000,0.7280,0.7810,40.0000
1786010391.1844,-0.7280,-0.7410,-41.0000,0.6380,0.5820,37.0000,-0.6380,-0.6610,-34.0000,0.7280,0.7740,41.0000
1786010391.2344,-0.7280,-0.7270,-42.0000,0.6380,0.5730,38.0000,-0.6380,-0.6570,-34.0000,0.7280,0.7640,41.0000
1786010391.2844,-0.7280,-0.7420,-41.0000,0.6380,0.5990,37.0000,-0.6380,-0.6450,-35.0000,0.7280,0.7910,38.0000
1786010391.3344,-0.7280,-0.7330,-41.0000,0.6380,0.6050,37.0000,-0.6380,-0.6590,-34.0000,0.7280,0.7420,41.0000
1786010391.3844,-0.7280,-0.7570,-40.0000,0.6380,0.6460,35.0000,-0.6380,-0.6520,-34.0000,0.7280,0.6590,45.0000
1786010391.4343,-0.7280,-0.7330,-41.0000,0.6380,0.6530,35.0000,-0.6380,-0.6410,-35.0000,0.7280,0.5840,50.0000
1786010391.4844,-0.7280,-0.7260,-41.0000,0.6380,0.6670,34.0000,-0.6380,-0.6000,-37.0000,0.7280,0.5900,51.0000
1786010391.5344,-0.7280,-0.7400,-40.0000,0.6380,0.6710,33.0000,-0.6380,-0.5880,-38.0000,0.7280,0.6570,49.0000
1786010391.5844,-0.7280,-0.7210,-41.0000,0.6380,0.6560,34.0000,-0.6380,-0.6060,-37.0000,0.7280,0.7060,47.0000
1786010391.6344,-0.7280,-0.7370,-40.0000,0.6380,0.6450,34.0000,-0.6380,-0.6250,-37.0000,0.7280,0.7580,45.0000
1786010391.6844,-0.7280,-0.7400,-40.0000,0.6380,0.6360,35.0000,-0.6380,-0.6450,-36.0000,0.7280,0.7640,44.0000
1786010391.7344,-0.7280,-0.7250,-41.0000,0.6380,0.6180,36.0000,-0.6380,-0.6380,-36.0000,0.7280,0.7940,42.0000
1786010391.7845,-0.7280,-0.6910,-43.0000,0.6380,0.6030,37.0000,-0.6380,-0.6720,-34.0000,0.7280,0.8150,40.0000
1786010391.8344,-0.7280,-0.6980,-43.0000,0.6380,0.6050,37.0000,-0.6380,-0.6510,-35.0000,0.7280,0.8290,39.0000
1786010391.8844,-0.7280,-0.7100,-43.0000,0.6380,0.5970,38.0000,-0.6380,-0.6490,-35.0000,0.7280,0.7740,41.0000
1786010391.9344,-0.7280,-0.7410,-41.0000,0.6380,0.6130,37.0000,-0.6380,-0.6330,-36.0000,0.7280,0.7340,42.0000
1786010391.9845,-0.7280,-0.7400,-41.0000,0.6380,0.6330,36.0000,-0.6380,-0.6590,-34.0000,0.7280,0.6740,45.0000
1786010392.0344,-0.7280,-0.7440,-41.0000,0.6380,0.6530,35.0000,-0.6380,-0.6050,-37.0000,0.7280,0.6330,48.0000
1786010392.0844,-0.7280,-0.7410,-41.0000,0.6380,0.6660,35.0000,-0.6380,-0.6210,-36.0000,0.7280,0.6650,47.0000
1786010392.1351,-0.7280,-0.7570,-40.0000,0.6380,0.6720,34.0000,-0.6380,-0.5640,-40.0000,0.7280,0.6640,48.0000
1786010392.1844,-0.7280,-0.7440,-40.0000,0.6380,0.6810,33.0000,-0.6380,-0.6090,-38.0000,0.7280,0.7310,45.0000
1786010392.2344,-0.7280,-0.7260,-41.0000,0.6380,0.6700,33.0000,-0.6380,-0.6340,-37.0000,0.7280,0.7730,43.0000
1786010392.2844,-0.7280,-0.7170,-42.0000,0.6380,0.6470,34.0000,-0.6380,-0.6520,-36.0000,0.7280,0.7760,42.0000
1786010392.3344,-0.7280,-0.7330,-41.0000,0.6380,0.6060,36.0000,-0.6380,-0.6640,-35.0000,0.7280,0.7890,41.0000
1786010392.3844,-0.7280,-0.7060,-42.0000,0.6380,0.5870,38.0000,-0.6380,-0.6630,-35.0000,0.7280,0.8070,39.0000
1786010392.4344,-0.7280,-0.6960,-43.0000,0.6380,0.6040,37.0000,-0.6380,-0.6760,-34.0000,0.7280,0.7640,41.0000
1786010392.4844,-0.7280,-0.7320,-41.0000,0.6380,0.6200,37.0000,-0.6380,-0.6450,-35.0000,0.7280,0.7190,43.0000
1786010392.5344,-0.7280,-0.7510,-40.0000,0.6380,0.6030,38.0000,-0.6380,-0.6060,-38.0000,0.7280,0.6960,44.0000
1786010392.5844,-0.7280,-0.7530,-40.0000,0.6380,0.6210,37.0000,-0.6380,-0.5980,-38.0000,0.7280,0.6750,46.0000
1786010392.6345,-0.7280,-0.7500,-40.0000,0.6380,0.6310,37.0000,-0.6380,-0.6360,-36.0000,0.7280,0.6540,48.0000
1786010392.6844,-0.7280,-0.7510,-39.0000,0.6380,0.6440,36.0000,-0.6380,-0.6490,-36.0000,0.7280,0.7190,44.0000
1786010392.7345,-0.7280,-0.7300,-40.0000,0.6380,0.6640,35.0000,-0.6380,-0.6560,-35.0000,0.7280,0.7490,43.0000
1786010392.7844,-0.7280,-0.7240,-41.0000,0.6380,0.6770,34.0000,-0.6380,-0.6320,-37.0000,0.7280,0.7650,42.0000
1786010392.8345,-0.7280,-0.7120,-41.0000,0.6380,0.6700,34.0000,-0.6380,-0.6550,-35.0000,0.7280,0.7520,43.0000
1786010392.8845,-0.7280,-0.6500,-45.0000,0.6380,0.6550,35.0000,-0.6380,-0.6360,-36.0000,0.7280,0.7900,40.0000
1786010392.9345,-0.7280,-0.6530,-46.0000,0.6380,0.6380,36.0000,-0.6380,-0.6340,-36.0000,0.7280,0.7720,41.0000
1786010392.9845,-0.7280,-0.6880,-44.0000,0.6380,0.6310,36.0000,-0.6380,-0.6390,-36.0000,0.7280,0.7410,42.0000
1786010393.0346,-0.7280,-0.7380,-42.0000,0.6380,0.6250,36.0000,-0.6380,-0.6510,-35.0000,0.7280,0.7560,40.0000
1786010393.0853,-0.7280,-0.7420,-42.0000,0.6380,0.6230,36.0000,-0.6380,-0.6540,-35.0000,0.7280,0.7170,42.0000
1786010393.1351,-0.7280,-0.7500,-41.0000,0.6380,0.6280,36.0000,-0.6380,-0.6330,-36.0000,0.7280,0.6820,44.0000
1786010393.1843,-0.1280,-0.5030,2.0000,0.0380,0.3490,-9.0000,-0.0380,-0.4150,14.0000,0.1280,0.3910,4.0000
1786010393.2343,0.0000,-0.0390,0.0000,0.0000,0.0050,0.0000,0.0000,0.0040,0.0000,0.0000,-0.0150,0.0000
1786010393.2843,0.0000,-0.0020,0.0000,0.0000,-0.0050,0.0000,0.0000,0.0000,0.0000,0.0000,-0.0270,0.0000
1786010393.3342,0.0000,-0.0000,0.0000,0.0000,-0.0010,0.0000,0.0000,0.0000,0.0000,0.0000,-0.0070,0.0000
1786010393.3857,0.0000,-0.0000,0.0000,0.0000,-0.0000,0.0000,0.0000,0.0000,0.0000,0.0000,-0.0010,0.0000
1786010393.4356,-0.6000,-0.3420,-41.0000,-0.6000,-0.3650,-41.0000,-0.6000,-0.2630,-47.0000,-0.6000,-0.3630,-41.0000
1786010393.4856,-0.6560,-0.6000,-37.0000,-0.6560,-0.6670,-34.0000,-0.6560,-0.6180,-37.0000,-0.6560,-0.6800,-32.0000
1786010393.5356,-0.6560,-0.6610,-36.0000,-0.6560,-0.6740,-35.0000,-0.6560,-0.6320,-39.0000,-0.6560,-0.6670,-35.0000
1786010393.5855,-0.6560,-0.7170,-33.0000,-0.6560,-0.6910,-34.0000,-0.6560,-0.6820,-37.0000,-0.6560,-0.6980,-33.0000
1786010393.6355,-0.6560,-0.7000,-34.0000,-0.6560,-0.6830,-34.0000,-0.6560,-0.6970,-36.0000,-0.6560,-0.7180,-32.0000
1786010393.6865,-0.6560,-0.7140,-33.0000,-0.6560,-0.6790,-34.0000,-0.6560,-0.6930,-36.0000,-0.6560,-0.6970,-32.0000
1786010393.7367,-0.6560,-0.6920,-33.0000,-0.6560,-0.6760,-34.0000,-0.6560,-0.6980,-35.0000,-0.6560,-0.6930,-32.0000
1786010393.7856,-0.6560,-0.6920,-33.0000,-0.6560,-0.6800,-34.0000,-0.6560,-0.6740,-36.0000,-0.6560,-0.6810,-32.0000
1786010393.8355,-0.6560,-0.6270,-36.0000,-0.6560,-0.6730,-34.0000,-0.6560,-0.6360,-38.0000,-0.6560,-0.6740,-32.0000
1786010393.8856,-0.6560,-0.6320,-36.0000,-0.6560,-0.6600,-34.0000,-0.6560,-0.6250,-39.0000,-0.6560,-0.6600,-33.0000
1786010393.9356,-0.6560,-0.6480,-35.0000,-0.6560,-0.6650,-34.0000,-0.6560,-0.6510,-37.0000,-0.6560,-0.6610,-33.0000
1786010393.9856,-0.6560,-0.6620,-35.0000,-0.6560,-0.6700,-34.0000,-0.6560,-0.6750,-36.0000,-0.6560,-0.6620,-33.0000
1786010394.0356,-0.6560,-0.6750,-34.0000,-0.6560,-0.6720,-33.0000,-0.6560,-0.6720,-36.0000,-0.6560,-0.6820,-31.0000
1786010394.0856,-0.6560,-0.6930,-33.0000,-0.6560,-0.6640,-34.0000,-0.6560,-0.6810,-36.0000,-0.6560,-0.6700,-32.0000
1786010394.1356,-0.6560,-0.6860,-33.0000,-0.6560,-0.6700,-33.0000,-0.6560,-0.6940,-35.0000,-0.6560,-0.6770,-31.0000
1786010394.1855,-0.6560,-0.7060,-31.0000,-0.6560,-0.6910,-32.0000,-0.6560,-0.6770,-35.0000,-0.6560,-0.6880,-30.0000
1786010394.2357,-0.6560,-0.7000,-31.0000,-0.6560,-0.6920,-31.0000,-0.6560,-0.7010,-33.0000,-0.6560,-0.7120,-28.0000
1786010394.2856,-0.6560,-0.6770,-32.0000,-0.6560,-0.6630,-33.0000,-0.6560,-0.6770,-34.0000,-0.6560,-0.6700,-30.0000
1786010394.3356,-0.6560,-0.6590,-32.0000,-0.6560,-0.6600,-33.0000,-0.6560,-0.6730,-34.0000,-0.6560,-0.6490,-31.0000
1786010394.3856,-0.6560,-0.6470,-33.0000,-0.6560,-0.6580,-33.0000,-0.6560,-0.6500,-36.0000,-0.6560,-0.6170,-33.0000
1786010394.4356,-0.6560,-0.5510,-39.0000,-0.6560,-0.6420,-34.0000,-0.6560,-0.6260,-37.0000,-0.6560,-0.6220,-33.0000
1786010394.4856,-0.6560,-0.5790,-38.0000,-0.6560,-0.6430,-34.0000,-0.6560,-0.5850,-40.0000,-0.6560,-0.6220,-33.0000
1786010394.5356,-0.6560,-0.6170,-36.0000,-0.6560,-0.6430,-34.0000,-0.6560,-0.5840,-40.0000,-0.6560,-0.6320,-33.0000
1786010394.5856,-0.6560,-0.6320,-36.0000,-0.6560,-0.6560,-33.0000,-0.6560,-0.6190,-39.0000,-0.6560,-0.6290,-34.0000
1786010394.6356,-0.6560,-0.6510,-35.0000,-0.6560,-0.6620,-33.0000,-0.6560,-0.6620,-37.0000,-0.6560,-0.6790,-31.0000
1786010394.6857,-0.6560,-0.7010,-33.0000,-0.6560,-0.6550,-33.0000,-0.6560,-0.6500,-38.0000,-0.6560,-0.6660,-32.0000
1786010394.7363,-0.6560,-0.6800,-34.0000,-0.6560,-0.6560,-33.0000,-0.6560,-0.7020,-35.0000,-0.6560,-0.6730,-31.0000
1786010394.7856,-0.6560,-0.6950,-32.0000,-0.6560,-0.6700,-32.0000,-0.6560,-0.6830,-36.0000,-0.6560,-0.6590,-32.0000
1786010394.8356,-0.6560,-0.6960,-32.0000,-0.6560,-0.6880,-31.0000,-0.6560,-0.6870,-35.0000,-0.6560,-0.6920,-30.0000
1786010394.8856,-0.6560,-0.7130,-30.0000,-0.6560,-0.6690,-32.0000,-0.6560,-0.6950,-34.0000,-0.6560,-0.6850,-30.0000
1786010394.9356,-0.6560,-0.6740,-32.0000,-0.6560,-0.6650,-32.0000,-0.6560,-0.7010,-33.0000,-0.6560,-0.6730,-30.0000
1786010394.9856,-0.6560,-0.6640,-32.0000,-0.6560,-0.6580,-32.0000,-0.6560,-0.6630,-35.0000,-0.6560,-0.6340,-32.0000
1786010395.0356,-0.6560,-0.6300,-34.0000,-0.6560,-0.6390,-33.0000,-0.6560,-0.6600,-35.0000,-0.6560,-0.6210,-33.0000
1786010395.0856,-0.6560,-0.6030,-36.0000,-0.6560,-0.6360,-34.0000,-0.6560,-0.6150,-38.0000,-0.6560,-0.5890,-35.0000
1786010395.1356,-0.6560,-0.5700,-38.0000,-0.6560,-0.6390,-34.0000,-0.6560,-0.6350,-37.0000,-0.6560,-0.6060,-35.0000
1786010395.1856,-0.6560,-0.6130,-37.0000,-0.6560,-0.6450,-33.0000,-0.6560,-0.6440,-36.0000,-0.6560,-0.6230,-34.0000
1786010395.2357,-0.6560,-0.6470,-35.0000,-0.6560,-0.6590,-33.0000,-0.6560,-0.6530,-36.0000,-0.6560,-0.6480,-34.0000
1786010395.2856,-0.6560,-0.6730,-34.0000,-0.6560,-0.6590,-33.0000,-0.6560,-0.6400,-37.0000,-0.6560,-0.6680,-33.0000
1786010395.3357,-0.6560,-0.6810,-34.0000,-0.6560,-0.6580,-33.0000,-0.6560,-0.6820,-35.0000,-0.6560,-0.6760,-32.0000
1786010395.3856,-0.6560,-0.6900,-33.0000,-0.6560,-0.6620,-33.0000,-0.6560,-0.6780,-35.0000,-0.6560,-0.6800,-32.0000
1786010395.4356,-0.6560,-0.6830,-33.0000,-0.6560,-0.6690,-32.0000,-0.6560,-0.6700,-35.0000,-0.6560,-0.6780,-32.0000
1786010395.4856,-0.6560,-0.7040,-31.0000,-0.6560,-0.6830,-31.0000,-0.6560,-0.6750,-35.0000,-0.6560,-0.6980,-30.0000
1786010395.5357,-0.6560,-0.7040,-31.0000,-0.6560,-0.6730,-31.0000,-0.6560,-0.7000,-33.0000,-0.6560,-0.6910,-30.0000
1786010395.5857,-0.6560,-0.6770,-32.0000,-0.6560,-0.6610,-32.0000,-0.6560,-0.6610,-35.0000,-0.6560,-0.6590,-32.0000
1786010395.6357,-0.6560,-0.6470,-33.0000,-0.6560,-0.6490,-33.0000,-0.6560,-0.6550,-35.0000,-0.6560,-0.6600,-31.0000
1786010395.6856,-0.6560,-0.6480,-33.0000,-0.6560,-0.6400,-33.0000,-0.6560,-0.6440,-35.0000,-0.6560,-0.6370,-33.0000
1786010395.7363,-0.6560,-0.5770,-37.0000,-0.6560,-0.6440,-33.0000,-0.6560,-0.6010,-38.0000,-0.6560,-0.6060,-35.0000
1786010395.7857,-0.6560,-0.5980,-37.0000,-0.6560,-0.6360,-34.0000,-0.6560,-0.5930,-39.0000,-0.6560,-0.5590,-38.0000
1786010395.8363,-0.6560,-0.6280,-35.0000,-0.6560,-0.6480,-33.0000,-0.6560,-0.6140,-38.0000,-0.6560,-0.5960,-36.0000
1786010395.8857,-0.6560,-0.6420,-35.0000,-0.6560,-0.6590,-33.0000,-0.6560,-0.6450,-37.0000,-0.6560,-0.6550,-34.0000
1786010395.9357,-0.6560,-0.6700,-34.0000,-0.6560,-0.6540,-33.0000,-0.6560,-0.6660,-36.0000,-0.6560,-0.6700,-33.0000
1786010395.9857,-0.6560,-0.6670,-34.0000,-0.6560,-0.6520,-33.0000,-0.6560,-0.6690,-36.0000,-0.6560,-0.6670,-33.0000
1786010396.0357,-0.6560,-0.6700,-34.0000,-0.6560,-0.6670,-32.0000,-0.6560,-0.6540,-37.0000,-0.6560,-0.6650,-33.0000
1786010396.0857,-0.6560,-0.6700,-33.0000,-0.6560,-0.6650,-32.0000,-0.6560,-0.6860,-35.0000,-0.6560,-0.7000,-31.0000
1786010396.1357,-0.6560,-0.7040,-31.0000,-0.6560,-0.6810,-31.0000,-0.6560,-0.6760,-35.0000,-0.6560,-0.6860,-32.0000
1786010396.1857,-0.6560,-0.7020,-31.0000,-0.6560,-0.6830,-31.0000,-0.6560,-0.7240,-32.0000,-0.6560,-0.7070,-30.0000
1786010396.2357,-0.6560,-0.6700,-32.0000,-0.6560,-0.6770,-31.0000,-0.6560,-0.6880,-34.0000,-0.6560,-0.6720,-32.0000
1786010396.2857,-0.6560,-0.6600,-33.0000,-0.6560,-0.6510,-32.0000,-0.6560,-0.6630,-35.0000,-0.6560,-0.6800,-31.0000
1786010396.3358,-0.6560,-0.6690,-32.0000,-0.6560,-0.6470,-33.0000,-0.6560,-0.6540,-35.0000,-0.6560,-0.6610,-32.0000
1786010396.3856,-0.6560,-0.6400,-33.0000,-0.6560,-0.6370,-33.0000,-0.6560,-0.6550,-35.0000,-0.6560,-0.6490,-32.0000
1786010396.4356,-0.6560,-0.6280,-34.0000,-0.6560,-0.6470,-33.0000,-0.6560,-0.5800,-39.0000,-0.6560,-0.6120,-34.0000
1786010396.4857,-0.6560,-0.5990,-36.0000,-0.6560,-0.6340,-34.0000,-0.6560,-0.5710,-41.0000,-0.6560,-0.5580,-38.0000
1786010396.5356,-0.6560,-0.6470,-34.0000,-0.6560,-0.6410,-34.0000,-0.6560,-0.5960,-40.0000,-0.6560,-0.6220,-35.0000
1786010396.5856,-0.6560,-0.6510,-34.0000,-0.6560,-0.6560,-33.0000,-0.6560,-0.6640,-37.0000,-0.6560,-0.6690,-33.0000
1786010396.6356,-0.6560,-0.6650,-33.0000,-0.6560,-0.6640,-32.0000,-0.6560,-0.6670,-37.0000,-0.6560,-0.6750,-33.0000
1786010396.6862,-0.6560,-0.6520,-34.0000,-0.6560,-0.6630,-33.0000,-0.6560,-0.6870,-36.0000,-0.6560,-0.6850,-32.0000
1786010396.7358,-0.6560,-0.6890,-32.0000,-0.6560,-0.6570,-33.0000,-0.6560,-0.6770,-36.0000,-0.6560,-0.6850,-32.0000
1786010396.7857,-0.6560,-0.6750,-32.0000,-0.6560,-0.6720,-32.0000,-0.6560,-0.6970,-34.0000,-0.6560,-0.6870,-31.0000
1786010396.8357,-0.6560,-0.7030,-30.0000,-0.6560,-0.6800,-31.0000,-0.6560,-0.6830,-35.0000,-0.6560,-0.6880,-31.0000
1786010396.8857,-0.6560,-0.6630,-32.0000,-0.6560,-0.6720,-32.0000,-0.6560,-0.6840,-34.0000,-0.6560,-0.6850,-31.0000
1786010396.9356,-0.6560,-0.6700,-32.0000,-0.6560,-0.6450,-33.0000,-0.6560,-0.6530,-36.0000,-0.6560,-0.6680,-31.0000
1786010396.9868,-0.6560,-0.6480,-33.0000,-0.6560,-0.6500,-33.0000,-0.6560,-0.6780,-34.0000,-0.6560,-0.6600,-31.0000
1786010397.0357,-0.6560,-0.6680,-32.0000,-0.6560,-0.6520,-33.0000,-0.6560,-0.6450,-36.0000,-0.6560,-0.6220,-34.0000
1786010397.0856,-0.6560,-0.6350,-33.0000,-0.6560,-0.6520,-33.0000,-0.6560,-0.6280,-37.0000,-0.6560,-0.5890,-36.0000
1786010397.1357,-0.6560,-0.6610,-32.0000,-0.6560,-0.6390,-33.0000,-0.6560,-0.6080,-38.0000,-0.6560,-0.6060,-35.0000
1786010397.1856,-0.6560,-0.6410,-33.0000,-0.6560,-0.6410,-33.0000,-0.6560,-0.6480,-36.0000,-0.6560,-0.6250,-35.0000
1786010397.2357,-0.6560,-0.6640,-32.0000,-0.6560,-0.6470,-33.0000,-0.6560,-0.6530,-36.0000,-0.6560,-0.6490,-34.0000
1786010397.2857,-0.6560,-0.6490,-33.0000,-0.6560,-0.6640,-32.0000,-0.6560,-0.6400,-37.0000,-0.6560,-0.6570,-34.0000
1786010397.3357,-0.6560,-0.6760,-31.0000,-0.6560,-0.6640,-32.0000,-0.6560,-0.6800,-35.0000,-0.6560,-0.7010,-31.0000
1786010397.3865,-0.6560,-0.6660,-32.0000,-0.6560,-0.6630,-32.0000,-0.6560,-0.6870,-34.0000,-0.6560,-0.6820,-32.0000
1786010397.4357,-0.6560,-0.6680,-31.0000,-0.6560,-0.6810,-31.0000,-0.6560,-0.6940,-34.0000,-0.6560,-0.6960,-31.0000
1786010397.4857,-0.6560,-0.6480,-32.0000,-0.6560,-0.6790,-31.0000,-0.6560,-0.6860,-34.0000,-0.6560,-0.6880,-31.0000
1786010397.5357,-0.6560,-0.6610,-32.0000,-0.6560,-0.6620,-32.0000,-0.6560,-0.6580,-35.0000,-0.6560,-0.6820,-31.0000
1786010397.5858,-0.6560,-0.6410,-33.0000,-0.6560,-0.6490,-33.0000,-0.6560,-0.6650,-35.0000,-0.6560,-0.6630,-32.0000
1786010397.6357,-0.6560,-0.6440,-33.0000,-0.6560,-0.6440,-33.0000,-0.6560,-0.5960,-39.0000,-0.6560,-0.5940,-36.0000
1786010397.6857,-0.6560,-0.6280,-34.0000,-0.6560,-0.6470,-33.0000,-0.6560,-0.6080,-38.0000,-0.6560,-0.5950,-36.0000
1786010397.7365,-0.6560,-0.6560,-32.0000,-0.6560,-0.6480,-33.0000,-0.6560,-0.6450,-37.0000,-0.6560,-0.6540,-33.0000
1786010397.7856,-0.6560,-0.6540,-33.0000,-0.6560,-0.6550,-33.0000,-0.6560,-0.6590,-36.0000,-0.6560,-0.6660,-33.0000
1786010397.8357,-0.6560,-0.6510,-33.0000,-0.6560,-0.6580,-32.0000,-0.6560,-0.6530,-37.0000,-0.6560,-0.6550,-33.0000
1786010397.8871,-0.6560,-0.6550,-33.0000,-0.6560,-0.6600,-32.0000,-0.6560,-0.6660,-36.0000,-0.6560,-0.6600,-33.0000
1786010397.9367,-0.6560,-0.6570,-33.0000,-0.6560,-0.6600,-32.0000,-0.6560,-0.6760,-35.0000,-0.6560,-0.6800,-32.0000
1786010397.9868,-0.6560,-0.6750,-32.0000,-0.6560,-0.6590,-32.0000,-0.6560,-0.6700,-36.0000,-0.6560,-0.6730,-32.0000
1786010398.0374,-0.6560,-0.6620,-32.0000,-0.6560,-0.6650,-32.0000,-0.6560,-0.6920,-34.0000,-0.6560,-0.6810,-31.0000
1786010398.0867,-0.6560,-0.6820,-31.0000,-0.6560,-0.6790,-31.0000,-0.6560,-0.6710,-35.0000,-0.6560,-0.6700,-32.0000
1786010398.1367,-0.6560,-0.6630,-32.0000,-0.6560,-0.6750,-31.0000,-0.6560,-0.6700,-35.0000,-0.6560,-0.6870,-30.0000
1786010398.1866,-0.6560,-0.6620,-32.0000,-0.6560,-0.6480,-33.0000,-0.6560,-0.6570,-35.0000,-0.6560,-0.6610,-32.0000
1786010398.2367,-0.6560,-0.6390,-33.0000,-0.6560,-0.6480,-32.0000,-0.6560,-0.6630,-35.0000,-0.6560,-0.6560,-32.0000
1786010398.2867,-0.6560,-0.6100,-35.0000,-0.6560,-0.6380,-33.0000,-0.6560,-0.5820,-40.0000,-0.6560,-0.5520,-38.0000
1786010398.3367,-0.6560,-0.5950,-36.0000,-0.6560,-0.6160,-35.0000,-0.6560,-0.5980,-39.0000,-0.6560,-0.5700,-38.0000
1786010398.3867,-0.6560,-0.6500,-33.0000,-0.6560,-0.6270,-34.0000,-0.6560,-0.6330,-38.0000,-0.6560,-0.6450,-34.0000
1786010398.4367,-0.6560,-0.6440,-34.0000,-0.6560,-0.6300,-35.0000,-0.6560,-0.6410,-38.0000,-0.6560,-0.6330,-35.0000
1786010398.4867,-0.6560,-0.6480,-34.0000,-0.6560,-0.6420,-34.0000,-0.6560,-0.6590,-37.0000,-0.6560,-0.6520,-35.0000
1786010398.5367,-0.6560,-0.6600,-33.0000,-0.6560,-0.6580,-34.0000,-0.6560,-0.6640,-37.0000,-0.6560,-0.6790,-33.0000
1786010398.5866,-0.6560,-0.6840,-32.0000,-0.6560,-0.6640,-33.0000,-0.6560,-0.6660,-37.0000,-0.6560,-0.7000,-32.0000
1786010398.6368,-0.6560,-0.6600,-33.0000,-0.6560,-0.6610,-33.0000,-0.6560,-0.6990,-34.0000,-0.6560,-0.6860,-32.0000
1786010398.6867,-0.6560,-0.6840,-31.0000,-0.6560,-0.6700,-33.0000,-0.6560,-0.6800,-35.0000,-0.6560,-0.6800,-32.0000
1786010398.7381,-0.6560,-0.6790,-31.0000,-0.6560,-0.6770,-32.0000,-0.6560,-0.6860,-34.0000,-0.6560,-0.6810,-32.0000
1786010398.7877,-0.6560,-0.6810,-31.0000,-0.6560,-0.6840,-31.0000,-0.6560,-0.6740,-35.0000,-0.6560,-0.6890,-31.0000
1786010398.8377,-0.6560,-0.6470,-33.0000,-0.6560,-0.6560,-33.0000,-0.6560,-0.6820,-34.0000,-0.6560,-0.6750,-31.0000
1786010398.8892,-0.6560,-0.6570,-32.0000,-0.6560,-0.6580,-33.0000,-0.6560,-0.6590,-35.0000,-0.6560,-0.6630,-32.0000
1786010398.9377,-0.6560,-0.6420,-33.0000,-0.6560,-0.6580,-32.0000,-0.6560,-0.6520,-35.0000,-0.6560,-0.6270,-34.0000
1786010398.9877,-0.6560,-0.6510,-33.0000,-0.6560,-0.6240,-34.0000,-0.6560,-0.5900,-39.0000,-0.6560,-0.6100,-35.0000
1786010399.0379,-0.6560,-0.6290,-34.0000,-0.6560,-0.6260,-35.0000,-0.6560,-0.6190,-38.0000,-0.6560,-0.6110,-35.0000
1786010399.0877,-0.6560,-0.6480,-33.0000,-0.6560,-0.6450,-34.0000,-0.6560,-0.6550,-36.0000,-0.6560,-0.6500,-34.0000
1786010399.1376,-0.6560,-0.6530,-33.0000,-0.6560,-0.6480,-34.0000,-0.6560,-0.6610,-36.0000,-0.6560,-0.6550,-34.0000
1786010399.1885,-0.6560,-0.6720,-32.0000,-0.6560,-0.6560,-33.0000,-0.6560,-0.6510,-37.0000,-0.6560,-0.6810,-32.0000
1786010399.2377,-0.6560,-0.6670,-32.0000,-0.6560,-0.6600,-33.0000,-0.6560,-0.6820,-35.0000,-0.6560,-0.6850,-32.0000
1786010399.2878,-0.6560,-0.6690,-32.0000,-0.6560,-0.6690,-33.0000,-0.6560,-0.6800,-35.0000,-0.6560,-0.6860,-31.0000
1786010399.3384,-0.6560,-0.6710,-32.0000,-0.6560,-0.6730,-32.0000,-0.6560,-0.6720,-35.0000,-0.6560,-0.6720,-32.0000
1786010399.3877,-0.6560,-0.6850,-31.0000,-0.6560,-0.6830,-32.0000,-0.6560,-0.6750,-35.0000,-0.6560,-0.6920,-31.0000
1786010399.4387,-0.6560,-0.6620,-32.0000,-0.6560,-0.6730,-32.0000,-0.6560,-0.6770,-34.0000,-0.6560,-0.6710,-31.0000
1786010399.4877,-0.6560,-0.6560,-32.0000,-0.6560,-0.6580,-33.0000,-0.6560,-0.6720,-34.0000,-0.6560,-0.6690,-31.0000
1786010399.5395,-0.6560,-0.6480,-32.0000,-0.6560,-0.6550,-33.0000,-0.6560,-0.6560,-35.0000,-0.6560,-0.6540,-32.0000
1786010399.5877,-0.6560,-0.6470,-32.0000,-0.6560,-0.6550,-33.0000,-0.6560,-0.5970,-38.0000,-0.6560,-0.6180,-34.0000
1786010399.6378,-0.6560,-0.6430,-33.0000,-0.6560,-0.6070,-36.0000,-0.6560,-0.6190,-38.0000,-0.6560,-0.6150,-34.0000
1786010399.6877,-0.6560,-0.6460,-33.0000,-0.6560,-0.6210,-35.0000,-0.6560,-0.6290,-38.0000,-0.6560,-0.6400,-33.0000
1786010399.7379,-0.6560,-0.6340,-34.0000,-0.6560,-0.6350,-35.0000,-0.6560,-0.6300,-38.0000,-0.6560,-0.6200,-35.0000
1786010399.7883,-0.6560,-0.6460,-33.0000,-0.6560,-0.6520,-34.0000,-0.6560,-0.6470,-37.0000,-0.6560,-0.6640,-33.0000
1786010399.8378,-0.6560,-0.6590,-32.0000,-0.6560,-0.6650,-33.0000,-0.6560,-0.6600,-37.0000,-0.6560,-0.6770,-32.0000
1786010399.8877,-0.2960,-0.5920,-5.0000,-0.9190,-0.7660,-51.0000,-0.9190,-0.7730,-53.0000,-0.2960,-0.6120,-4.0000
1786010399.9376,0.0000,-0.1000,0.0000,-0.9190,-0.8970,-46.0000,-0.9190,-0.9130,-48.0000,0.0000,-0.0690,0.0000
1786010399.9877,0.0000,-0.0250,0.0000,-0.9190,-0.9400,-44.0000,-0.9190,-0.9130,-48.0000,0.0000,-0.0130,0.0000
1786010400.0376,0.0000,-0.2640,0.0000,-0.9190,-0.9310,-45.0000,-0.9190,-0.9670,-45.0000,0.0000,-0.2230,0.0000
1786010400.0876,0.0000,-0.1220,0.0000,-0.9190,-0.8830,-47.0000,-0.9190,-0.8890,-50.0000,0.0000,-0.0860,0.0000
1786010400.1376,0.0000,-0.0080,0.0000,-0.9190,-0.8690,-48.0000,-0.9190,-0.8930,-49.0000,0.0000,-0.0010,0.0000
1786010400.1877,-0.1200,-0.0080,-13.0000,-0.7990,-0.9180,-36.0000,-0.7990,-0.9440,-36.0000,-0.1200,0.0030,-14.0000
1786010400.2378,-0.6560,-0.4880,-39.0000,-0.6560,-0.6470,-37.0000,-0.6560,-0.6980,-36.0000,-0.6560,-0.4690,-41.0000
1786010400.2877,-0.6560,-0.6730,-33.0000,-0.6560,-0.5850,-39.0000,-0.6560,-0.6810,-35.0000,-0.6560,-0.6750,-34.0000
1786010400.3377,-0.6560,-0.6740,-34.0000,-0.6560,-0.6220,-37.0000,-0.6560,-0.6720,-35.0000,-0.6560,-0.6690,-35.0000
1786010400.3878,-0.6560,-0.6840,-34.0000,-0.6560,-0.6610,-36.0000,-0.6560,-0.6740,-34.0000,-0.6560,-0.6970,-34.0000
1786010400.4378,-0.6560,-0.6760,-34.0000,-0.6560,-0.6860,-34.0000,-0.6560,-0.6640,-35.0000,-0.6560,-0.6850,-34.0000
1786010400.4877,-0.6560,-0.6860,-33.0000,-0.6560,-0.6790,-35.0000,-0.6560,-0.6600,-35.0000,-0.6560,-0.6880,-34.0000
1786010400.5376,-0.1760,-0.5210,1.0000,-0.1760,-0.5150,0.0000,-0.1760,-0.5400,2.0000,-0.1760,-0.5240,1.0000
1786010400.5875,0.0000,-0.0850,0.0000,0.0000,-0.0270,0.0000,0.0000,-0.0720,0.0000,0.0000,-0.0520,0.0000
1786010400.6377,0.1200,-0.0570,16.0000,-0.1200,-0.0020,-14.0000,-0.1200,-0.0060,-14.0000,0.1200,-0.0100,15.0000
1786010400.6876,0.6560,0.3600,47.0000,-0.6560,-0.5140,-38.0000,-0.6560,-0.4460,-42.0000,0.6560,0.2760,52.0000
1786010400.7376,0.6560,0.6480,36.0000,-0.6560,-0.6580,-35.0000,-0.6560,-0.6140,-38.0000,0.6560,0.6350,37.0000
1786010400.7877,0.6560,0.6540,37.0000,-0.6560,-0.5340,-43.0000,-0.6560,-0.4550,-49.0000,0.6560,0.6560,39.0000
1786010400.8376,0.6560,0.6870,36.0000,-0.6560,-0.6310,-38.0000,-0.6560,-0.5650,-44.0000,0.6560,0.7160,36.0000
1786010400.8876,0.6560,0.6250,40.0000,-0.6560,-0.6980,-35.0000,-0.6560,-0.6720,-39.0000,0.6560,0.6430,40.0000
1786010400.9376,0.6560,0.6300,39.0000,-0.6560,-0.6580,-38.0000,-0.6560,-0.6640,-41.0000,0.6560,0.7160,35.0000
1786010400.9876,0.6560,0.6520,38.0000,-0.6560,-0.5880,-42.0000,-0.6560,-0.6400,-42.0000,0.6560,0.6870,36.0000
1786010401.0376,0.6560,0.6430,39.0000,-0.6560,-0.6220,-40.0000,-0.6560,-0.6440,-42.0000,0.6560,0.6770,36.0000
1786010401.0876,0.6560,0.6500,39.0000,-0.6560,-0.6390,-39.0000,-0.6560,-0.6210,-43.0000,0.6560,0.6140,40.0000
1786010401.1377,0.6560,0.6310,40.0000,-0.6560,-0.6680,-38.0000,-0.6560,-0.6470,-42.0000,0.6560,0.5790,42.0000
1786010401.1876,0.6560,0.6390,40.0000,-0.6560,-0.7010,-36.0000,-0.6560,-0.6250,-44.0000,0.6560,0.5530,44.0000
1786010401.2376,0.6560,0.6550,39.0000,-0.6560,-0.6980,-36.0000,-0.6560,-0.6710,-41.0000,0.6560,0.5630,45.0000
1786010401.2877,0.6560,0.6580,39.0000,-0.6560,-0.6800,-37.0000,-0.6560,-0.6430,-43.0000,0.6560,0.6080,43.0000
1786010401.3376,0.6560,0.6460,40.0000,-0.6560,-0.6570,-37.0000,-0.6560,-0.6540,-42.0000,0.6560,0.6510,42.0000
1786010401.3876,0.6560,0.6710,38.0000,-0.6560,-0.6720,-36.0000,-0.6560,-0.6460,-43.0000,0.6560,0.6580,41.0000
1786010401.4376,0.6560,0.6460,40.0000,-0.6560,-0.6760,-36.0000,-0.6560,-0.6390,-43.0000,0.6560,0.7120,38.0000
1786010401.4876,0.6560,0.6810,38.0000,-0.6560,-0.6490,-38.0000,-0.6560,-0.6670,-42.0000,0.6560,0.7310,37.0000
1786010401.5377,0.6560,0.6840,37.0000,-0.6560,-0.6560,-37.0000,-0.6560,-0.6860,-41.0000,0.6560,0.7430,35.0000
1786010401.5876,0.6560,0.6890,37.0000,-0.6560,-0.6360,-38.0000,-0.6560,-0.6790,-41.0000,0.6560,0.7040,37.0000
1786010401.6377,0.6560,0.6620,38.0000,-0.6560,-0.5860,-41.0000,-0.6560,-0.6730,-41.0000,0.6560,0.7080,36.0000
1786010401.6878,0.6560,0.6470,39.0000,-0.6560,-0.6220,-40.0000,-0.6560,-0.6180,-44.0000,0.6560,0.6950,36.0000
1786010401.7383,0.6560,0.6070,41.0000,-0.6560,-0.6530,-38.0000,-0.6560,-0.6300,-44.0000,0.6560,0.6060,41.0000
1786010401.7877,0.6560,0.6310,40.0000,-0.6560,-0.6810,-37.0000,-0.6560,-0.6300,-44.0000,0.6560,0.5600,43.0000
1786010401.8377,0.6560,0.6410,40.0000,-0.6560,-0.6870,-36.0000,-0.6560,-0.6510,-43.0000,0.6560,0.5630,44.0000
1786010401.8877,0.6560,0.6620,39.0000,-0.6560,-0.6820,-36.0000,-0.6560,-0.6420,-44.0000,0.6560,0.5940,43.0000
1786010401.9377,0.6560,0.6490,40.0000,-0.6560,-0.6780,-36.0000,-0.6560,-0.6450,-44.0000,0.6560,0.6240,42.0000
1786010401.9878,0.6560,0.6710,38.0000,-0.6560,-0.6840,-36.0000,-0.6560,-0.6500,-44.0000,0.6560,0.6590,41.0000
1786010402.0380,0.6560,0.6700,38.0000,-0.6560,-0.6790,-36.0000,-0.6560,-0.6660,-43.0000,0.6560,0.6920,39.0000
1786010402.0877,0.6560,0.6520,39.0000,-0.6560,-0.6700,-36.0000,-0.6560,-0.6420,-44.0000,0.6560,0.7260,37.0000
1786010402.1383,0.6560,0.6800,38.0000,-0.6560,-0.6510,-37.0000,-0.6560,-0.6690,-43.0000,0.6560,0.7170,37.0000
1786010402.1877,0.6560,0.6630,38.0000,-0.6560,-0.6160,-39.0000,-0.6560,-0.6820,-42.0000,0.6560,0.7140,36.0000
1786010402.2377,0.6560,0.6540,39.0000,-0.6560,-0.6550,-37.0000,-0.6560,-0.6600,-43.0000,0.6560,0.6870,37.0000
1786010402.2877,0.6560,0.6420,39.0000,-0.6560,-0.6600,-37.0000,-0.6560,-0.6380,-44.0000,0.6560,0.6560,38.0000
1786010402.3377,0.6560,0.6360,40.0000,-0.6560,-0.6540,-37.0000,-0.6560,-0.6410,-44.0000,0.6560,0.6520,39.0000
1786010402.3877,0.6560,0.6470,39.0000,-0.6560,-0.6560,-37.0000,-0.6560,-0.6690,-43.0000,0.6560,0.6290,40.0000
1786010402.4376,0.6560,0.6340,40.0000,-0.6560,-0.6390,-38.0000,-0.6560,-0.6470,-44.0000,0.6560,0.6190,41.0000
1786010402.4878,0.6560,0.6230,41.0000,-0.6560,-0.6150,-39.0000,-0.6560,-0.6700,-43.0000,0.6560,0.6510,39.0000
1786010402.5377,0.6560,0.6300,41.0000,-0.6560,-0.6600,-37.0000,-0.6560,-0.7020,-41.0000,0.6560,0.6640,39.0000
1786010402.5876,0.6560,0.6480,41.0000,-0.6560,-0.6810,-36.0000,-0.6560,-0.7180,-39.0000,0.6560,0.6340,40.0000
1786010402.6377,0.6560,0.6610,40.0000,-0.6560,-0.6900,-35.0000,-0.6560,-0.6570,-42.0000,0.6560,0.6280,41.0000
1786010402.6877,0.6560,0.6660,40.0000,-0.6560,-0.6770,-36.0000,-0.6560,-0.6290,-44.0000,0.6560,0.6500,40.0000
1786010402.7384,0.6560,0.6640,40.0000,-0.6560,-0.6660,-36.0000,-0.6560,-0.6260,-44.0000,0.6560,0.6390,41.0000
1786010402.7877,0.6560,0.6780,39.0000,-0.6560,-0.6700,-36.0000,-0.6560,-0.6580,-42.0000,0.6560,0.6830,38.0000
1786010402.8377,0.6560,0.6820,38.0000,-0.6560,-0.6420,-37.0000,-0.6560,-0.6550,-43.0000,0.6560,0.6620,39.0000
1786010402.8877,0.6560,0.6460,40.0000,-0.6560,-0.6250,-38.0000,-0.6560,-0.6370,-44.0000,0.6560,0.6670,39.0000
1786010402.9377,0.6560,0.6580,39.0000,-0.6560,-0.6080,-40.0000,-0.6560,-0.6320,-44.0000,0.6560,0.6560,40.0000
1786010402.9877,0.6560,0.6440,40.0000,-0.6560,-0.6120,-40.0000,-0.6560,-0.6470,-44.0000,0.6560,0.6670,39.0000
1786010403.0377,0.6560,0.6430,40.0000,-0.6560,-0.6500,-38.0000,-0.6560,-0.6380,-44.0000,0.6560,0.6550,39.0000
1786010403.0877,0.6560,0.6490,40.0000,-0.6560,-0.6570,-38.0000,-0.6560,-0.6680,-43.0000,0.6560,0.6480,40.0000
1786010403.1377,0.6560,0.6530,40.0000,-0.6560,-0.6800,-37.0000,-0.6560,-0.6510,-44.0000,0.6560,0.6260,41.0000
1786010403.1877,0.6560,0.6630,39.0000,-0.6560,-0.6790,-36.0000,-0.6560,-0.6520,-44.0000,0.6560,0.6180,42.0000
1786010403.2378,0.6560,0.6710,39.0000,-0.6560,-0.6900,-36.0000,-0.6560,-0.6270,-45.0000,0.6560,0.6180,42.0000
1786010403.2877,0.6560,0.6830,38.0000,-0.6560,-0.6840,-36.0000,-0.6560,-0.6320,-45.0000,0.6560,0.6210,43.0000
1786010403.3377,0.6560,0.6720,38.0000,-0.6560,-0.6560,-37.0000,-0.6560,-0.6360,-45.0000,0.6560,0.6440,42.0000
1786010403.3885,0.6560,0.6480,40.0000,-0.6560,-0.6570,-37.0000,-0.6560,-0.6370,-45.0000,0.6560,0.6740,40.0000
1786010403.4377,0.6560,0.6580,39.0000,-0.6560,-0.6750,-35.0000,-0.6560,-0.6530,-45.0000,0.6560,0.6580,41.0000
1786010403.4877,0.6560,0.6790,38.0000,-0.6560,-0.6440,-37.0000,-0.6560,-0.6540,-45.0000,0.6560,0.6750,40.0000
1786010403.5377,0.6560,0.6690,38.0000,-0.6560,-0.5770,-41.0000,-0.6560,-0.6420,-45.0000,0.6560,0.7070,38.0000
1786010403.5877,0.6560,0.6690,38.0000,-0.6560,-0.5560,-43.0000,-0.6560,-0.6660,-44.0000,0.6560,0.7030,37.0000
1786010403.6377,0.6560,0.6000,42.0000,-0.6560,-0.5950,-42.0000,-0.6560,-0.6350,-46.0000,0.6560,0.6680,39.0000
1786010403.6877,0.6560,0.6190,41.0000,-0.6560,-0.6560,-39.0000,-0.6560,-0.6620,-44.0000,0.6560,0.6110,42.0000
1786010403.7377,0.6560,0.6120,42.0000,-0.6560,-0.6730,-38.0000,-0.6560,-0.6700,-44.0000,0.6560,0.6160,42.0000
1786010403.7883,0.6560,0.6510,40.0000,-0.6560,-0.6960,-37.0000,-0.6560,-0.6910,-42.0000,0.6560,0.6300,42.0000
1786010403.8377,0.6560,0.6630,40.0000,-0.6560,-0.7000,-36.0000,-0.6560,-0.7040,-41.0000,0.6560,0.6280,42.0000
1786010403.8877,0.6560,0.6570,40.0000,-0.6560,-0.7010,-36.0000,-0.6560,-0.6680,-43.0000,0.6560,0.6540,41.0000
1786010403.9377,0.6560,0.6560,40.0000,-0.6560,-0.6810,-36.0000,-0.6560,-0.6540,-44.0000,0.6560,0.6620,40.0000
1786010403.9884,0.6560,0.6660,39.0000,-0.6560,-0.6730,-37.0000,-0.6560,-0.6510,-44.0000,0.6560,0.6750,40.0000
1786010404.0384,0.6560,0.6660,39.0000,-0.6560,-0.6740,-36.0000,-0.6560,-0.6800,-42.0000,0.6560,0.6920,39.0000
1786010404.0877,0.6560,0.6630,40.0000,-0.6560,-0.6530,-37.0000,-0.6560,-0.6810,-42.0000,0.6560,0.6800,39.0000
1786010404.1384,0.6560,0.6310,41.0000,-0.6560,-0.6110,-40.0000,-0.6560,-0.6620,-43.0000,0.6560,0.7100,37.0000
1786010404.1881,0.6560,0.6460,41.0000,-0.6560,-0.5970,-41.0000,-0.6560,-0.6600,-43.0000,0.6560,0.7070,36.0000
1786010404.2378,0.6560,0.6560,40.0000,-0.6560,-0.6040,-41.0000,-0.6560,-0.6550,-43.0000,0.6560,0.6800,37.0000
1786010404.2877,0.6560,0.6670,40.0000,-0.6560,-0.6370,-40.0000,-0.6560,-0.6450,-43.0000,0.6560,0.6670,38.0000
1786010404.3377,0.6560,0.6630,40.0000,-0.6560,-0.6600,-39.0000,-0.6560,-0.6630,-43.0000,0.6560,0.6310,40.0000
1786010404.3878,0.6560,0.6500,40.0000,-0.6560,-0.6860,-37.0000,-0.6560,-0.6510,-43.0000,0.6560,0.6170,41.0000
1786010404.4377,0.6560,0.6540,40.0000,-0.6560,-0.6890,-37.0000,-0.6560,-0.6780,-42.0000,0.6560,0.6330,40.0000
1786010404.4878,0.6560,0.6840,38.0000,-0.6560,-0.7020,-36.0000,-0.6560,-0.6470,-43.0000,0.6560,0.6180,41.0000
1786010404.5377,0.6560,0.6780,39.0000,-0.6560,-0.6920,-36.0000,-0.6560,-0.6550,-43.0000,0.6560,0.6560,39.0000
1786010404.5877,0.1760,0.5240,4.0000,-0.6560,-0.6810,-36.0000,-0.6560,-0.6390,-44.0000,0.1760,0.5240,3.0000
1786010404.6378,-0.4240,-0.1090,-33.0000,-0.6560,-0.6530,-37.0000,-0.6560,-0.6900,-41.0000,-0.4240,-0.0950,-34.0000
1786010404.6878,-0.6560,-0.6200,-31.0000,-0.6560,-0.6510,-37.0000,-0.6560,-0.7050,-40.0000,-0.6560,-0.6430,-31.0000
1786010404.7379,-0.6560,-0.6220,-35.0000,-0.6560,-0.6480,-37.0000,-0.6560,-0.7180,-39.0000,-0.6560,-0.6290,-36.0000
1786010404.7879,-0.6560,-0.6580,-35.0000,-0.6560,-0.6680,-36.0000,-0.6560,-0.6660,-41.0000,-0.6560,-0.6240,-37.0000
1786010404.8378,-0.6560,-0.6660,-34.0000,-0.6560,-0.6790,-36.0000,-0.6560,-0.6990,-39.0000,-0.6560,-0.6710,-35.0000
1786010404.8878,-0.6560,-0.6870,-33.0000,-0.6560,-0.6930,-35.0000,-0.6560,-0.6940,-39.0000,-0.6560,-0.6970,-33.0000
1786010404.9378,-0.6560,-0.6770,-34.0000,-0.6560,-0.6980,-34.0000,-0.6560,-0.6890,-39.0000,-0.6560,-0.6930,-33.0000
1786010404.9879,-0.6560,-0.6820,-33.0000,-0.6560,-0.6890,-34.0000,-0.6560,-0.7130,-37.0000,-0.6560,-0.7100,-32.0000
1786010405.0379,-0.6560,-0.6790,-33.0000,-0.6560,-0.6950,-33.0000,-0.6560,-0.7270,-35.0000,-0.6560,-0.6910,-33.0000
1786010405.0878,-0.6560,-0.6800,-32.0000,-0.6560,-0.6890,-33.0000,-0.6560,-0.7020,-36.0000,-0.6560,-0.6980,-32.0000
1786010405.1378,-0.6560,-0.6710,-33.0000,-0.6560,-0.6820,-33.0000,-0.6560,-0.7000,-36.0000,-0.6560,-0.6740,-32.0000
1786010405.1879,-0.6560,-0.6790,-32.0000,-0.6560,-0.6780,-33.0000,-0.6560,-0.6970,-35.0000,-0.6560,-0.6910,-31.0000
1786010405.2378,-0.6560,-0.6640,-33.0000,-0.6560,-0.6770,-33.0000,-0.6560,-0.6520,-37.0000,-0.6560,-0.6690,-32.0000
1786010405.2879,-0.6560,-0.6680,-32.0000,-0.6560,-0.6770,-33.0000,-0.6560,-0.6750,-36.0000,-0.6560,-0.6590,-32.0000
1786010405.3379,-0.6560,-0.6600,-33.0000,-0.6560,-0.6630,-33.0000,-0.6560,-0.6420,-38.0000,-0.6560,-0.6400,-33.0000
1786010405.3879,-0.6560,-0.6670,-32.0000,-0.6560,-0.6310,-35.0000,-0.6560,-0.6420,-38.0000,-0.6560,-0.6520,-33.0000
1786010405.4379,-0.6560,-0.6630,-32.0000,-0.6560,-0.6250,-35.0000,-0.6560,-0.6410,-38.0000,-0.6560,-0.6410,-33.0000
1786010405.4879,-0.6560,-0.6590,-32.0000,-0.6560,-0.6400,-35.0000,-0.6560,-0.6580,-37.0000,-0.6560,-0.6370,-34.0000
1786010405.5389,-0.6560,-0.6590,-32.0000,-0.6560,-0.6380,-35.0000,-0.6560,-0.6690,-36.0000,-0.6560,-0.6310,-34.0000
1786010405.5879,-0.6560,-0.6640,-32.0000,-0.6560,-0.6610,-34.0000,-0.6560,-0.6670,-36.0000,-0.6560,-0.6690,-32.0000
1786010405.6379,-0.6560,-0.6650,-32.0000,-0.6560,-0.6810,-33.0000,-0.6560,-0.6970,-35.0000,-0.6560,-0.6790,-32.0000
1786010405.6879,-0.6560,-0.6640,-32.0000,-0.6560,-0.6810,-33.0000,-0.6560,-0.6810,-35.0000,-0.6560,-0.6780,-32.0000
1786010405.7379,-0.6560,-0.6610,-32.0000,-0.6560,-0.6850,-32.0000,-0.6560,-0.6850,-35.0000,-0.6560,-0.6630,-32.0000
1786010405.7879,-0.6560,-0.6560,-32.0000,-0.6560,-0.6780,-32.0000,-0.6560,-0.6730,-35.0000,-0.6560,-0.6910,-30.0000
1786010405.8379,-0.6560,-0.6630,-32.0000,-0.6560,-0.6710,-33.0000,-0.6560,-0.6810,-34.0000,-0.6560,-0.6650,-32.0000
1786010405.8879,-0.6560,-0.6520,-32.0000,-0.6560,-0.6730,-32.0000,-0.6560,-0.6630,-35.0000,-0.6560,-0.6680,-31.0000
1786010405.9378,-0.6560,-0.6550,-32.0000,-0.6560,-0.6650,-32.0000,-0.6560,-0.6210,-37.0000,-0.6560,-0.6460,-32.0000
1786010405.9880,-0.6560,-0.6520,-32.0000,-0.6560,-0.6590,-33.0000,-0.6560,-0.5900,-39.0000,-0.6560,-0.6630,-31.0000
1786010406.0379,-0.6560,-0.6490,-33.0000,-0.6560,-0.6200,-35.0000,-0.6560,-0.5970,-40.0000,-0.6560,-0.6270,-34.0000
1786010406.0879,-0.6560,-0.6340,-34.0000,-0.6560,-0.6160,-35.0000,-0.6560,-0.6000,-40.0000,-0.6560,-0.6330,-33.0000
1786010406.1379,-0.6560,-0.6490,-33.0000,-0.6560,-0.6150,-36.0000,-0.6560,-0.6370,-39.0000,-0.6560,-0.6440,-33.0000
1786010406.1886,-0.6560,-0.6520,-33.0000,-0.6560,-0.6420,-35.0000,-0.6560,-0.6570,-38.0000,-0.6560,-0.6720,-31.0000
1786010406.2386,-0.6560,-0.6730,-32.0000,-0.6560,-0.6840,-33.0000,-0.6560,-0.7050,-35.0000,-0.6560,-0.6700,-32.0000
1786010406.2880,-0.6560,-0.6560,-33.0000,-0.6560,-0.6810,-33.0000,-0.6560,-0.6910,-36.0000,-0.6560,-0.6710,-31.0000
1786010406.3379,-0.6560,-0.6770,-31.0000,-0.6560,-0.6780,-33.0000,-0.6560,-0.7020,-34.0000,-0.6560,-0.6700,-31.0000
1786010406.3879,-0.6560,-0.6700,-31.0000,-0.6560,-0.6930,-31.0000,-0.6560,-0.7080,-34.0000,-0.6560,-0.7000,-29.0000
1786010406.4378,-0.0560,-0.3860,13.0000,-0.0560,-0.3780,13.0000,-0.0560,-0.5050,17.0000,-0.0560,-0.3850,14.0000
1786010406.4876,0.0000,-0.0330,0.0000,0.0000,-0.0280,0.0000,0.0000,-0.0480,0.0000,0.0000,-0.0230,0.0000
1786010406.5376,0.0000,-0.0280,0.0000,0.0000,-0.0020,0.0000,0.0000,-0.0040,0.0000,0.0000,-0.0020,0.0000
1786010406.5876,0.0000,-0.0360,0.0000,0.0000,-0.0000,0.0000,0.0000,-0.0000,0.0000,0.0000,-0.0000,0.0000
1786010406.6376,0.0000,-0.0010,0.0000,0.0000,0.0010,0.0000,0.0000,0.0040,0.0000,0.0000,0.0030,0.0000
1786010406.6875,0.0000,0.0000,0.0000,0.0000,0.0000,0.0000,0.0000,0.0000,0.0000,0.0000,0.0050,0.0000
1786010406.7376,0.0000,0.0000,0.0000,0.0000,0.0000,0.0000,0.0000,0.0000,0.0000,0.0000,0.0010,0.0000
1786010406.7876,0.0000,0.0000,0.0000,0.0000,0.0000,0.0000,0.0000,0.0000,0.0000,0.0000,0.0000,0.0000
1786010406.8376,0.0000,0.0000,0.0000,0.0000,0.0000,0.0000,0.0000,0.0000,0.0000,0.0000,0.0000,0.0000
1786010406.8876,0.0000,0.0000,0.0000,0.0000,0.0000,0.0000,0.0000,0.0000,0.0000,0.0000,0.0000,0.0000
1786010406.9376,0.0000,0.0000,0.0000,0.0000,0.0000,0.0000,0.0000,0.0000,0.0000,0.0000,0.0000,0.0000
1786010406.9876,0.0000,0.0000,0.0000,0.0000,0.0000,0.0000,0.0000,0.0000,0.0000,0.0000,0.0000,0.0000
1786010407.0376,0.0000,0.0000,0.0000,0.0000,0.0000,0.0000,0.0000,0.0000,0.0000,0.0000,0.0000,0.0000
1786010407.0876,0.0000,0.0000,0.0000,0.0000,0.0000,0.0000,0.0000,0.0000,0.0000,0.0000,0.0000,0.0000
1786010407.1375,0.0000,0.0000,0.0000,0.0000,0.0000,0.0000,0.0000,0.0000,0.0000,0.0000,0.0000,0.0000
1786010407.1875,0.0000,0.0000,0.0000,0.0000,0.0000,0.0000,0.0000,0.0000,0.0000,0.0000,0.0000,0.0000
1786010407.2376,0.0000,0.0000,0.0000,0.0000,0.0000,0.0000,0.0000,0.0000,0.0000,0.0000,0.0000,0.0000
1786010407.2876,0.0000,0.0000,0.0000,0.0000,0.0000,0.0000,0.0000,0.0000,0.0000,0.0000,0.0000,0.0000
1786010407.3376,0.0000,0.0000,0.0000,0.0000,0.0000,0.0000,0.0000,0.0000,0.0000,0.0000,0.0000,0.0000
1786010407.3876,0.0000,0.0000,0.0000,0.0000,0.0000,0.0000,0.0000,0.0000,0.0000,0.0000,0.0000,0.0000
1786010407.4379,0.0000,0.0000,0.0000,0.0000,0.0000,0.0000,0.0000,0.0000,0.0000,0.0000,0.0000,0.0000
1786010407.4876,0.0000,0.0000,0.0000,0.0000,0.0000,0.0000,0.0000,0.0000,0.0000,0.0000,0.0000,0.0000
1786010407.5377,0.0000,0.0000,0.0000,0.0000,0.0000,0.0000,0.0000,0.0000,0.0000,0.0000,0.0000,0.0000
1786010407.5876,0.0000,0.0000,0.0000,0.0000,0.0000,0.0000,0.0000,0.0000,0.0000,0.0000,0.0000,0.0000
1786010407.6375,0.0000,0.0000,0.0000,0.0000,0.0000,0.0000,0.0000,0.0000,0.0000,0.0000,0.0000,0.0000
1786010407.6876,0.0000,0.0000,0.0000,0.0000,0.0000,0.0000,0.0000,0.0000,0.0000,0.0000,0.0000,0.0000
1786010407.7376,0.0000,0.0000,0.0000,0.0000,0.0000,0.0000,0.0000,0.0000,0.0000,0.0000,0.0000,0.0000
1786010407.7876,0.0000,0.0000,0.0000,0.0000,0.0000,0.0000,0.0000,0.0000,0.0000,0.0000,0.0000,0.0000
1786010407.8376,0.0000,0.0000,0.0000,0.0000,0.0000,0.0000,0.0000,0.0000,0.0000,0.0000,0.0000,0.0000
1786010407.8876,0.0000,0.0000,0.0000,0.0000,0.0000,0.0000,0.0000,0.0000,0.0000,0.0000,0.0000,0.0000
1786010407.9376,0.0000,0.0000,0.0000,0.0000,0.0000,0.0000,0.0000,0.0000,0.0000,0.0000,0.0000,0.0000
1786010407.9876,0.0000,0.0000,0.0000,0.0000,0.0000,0.0000,0.0000,0.0000,0.0000,0.0000,0.0000,0.0000
1786010408.0386,0.0000,0.0000,0.0000,0.0000,0.0000,0.0000,0.0000,0.0000,0.0000,0.0000,0.0000,0.0000
